#desc	<a href="https://www.mekongchristian.com/">Mekong Lao Lyrics</a>
#priority	1
ພຣະ​ເຢຊູ​ປຽບ​ດັ່ງ​ຫີນ​ໃຫຍ່	@໔໐	@102	<br><p-n>1 </p-n>ພຣະ​ເຢຊູ​ປຽບດັ່ງຫີນ​ໃຫຍ່<br> ໄດ້​ຊົງ​ບັງ​ໄວ້​ໃຫ້​ພົ້ນ​ໄພ<br> ໂລຫິດ​ແລະ​ນ້ຳທີ່​ຫລັງ​ໄຫລ<br>ອອກ​ມາຈາກ​ຂ້າງ​ຂອງ​ພຣະກາຍ<br> ໄດ້​ຊຳລະ​ໃຈໃຫ້​ເສາະ​ໃສ<br> ໃຫ້​ຫລຸດດ​ບາບ​ພົ້ນຈາກ​ບຶງ​ໄຟ<br><br><p-n>2 </p-n>ໃຈຮ້ອນ​ຮົນ​​ເຫຼືອຄວາມ​ອົດທົນ<br>ບໍ່​ເຮັດ​ໃຫ້​ທ່ານ​ເຖິງ​ທີ່​ພົ້ນ<br>ລຳບາກ​ໜັກ​ນ້ຳຕາຫລັ່ງ​ໄຫລ<br>ບໍ່​ພາ​ໃຫ້​ຮັບ​ຄວາມ​ໄວ້​ໃຈ<br>ພຣະ​ເຢຊູຜູ້​ດຽວ​ອາດ​ຊ່ອຍ<br>ຊົງ​ໃຫ້​ພົ້ນ​ໂທດ​ຢ່າງ​ຮຽບຮ້ອຍ<br><br><p-n>3 </p-n>ຄຸນ​ຄວາມ​ດີ​ຂ້າ​ບໍ່​ເຄີຍ​ມີ<br>ຈຶ່ງ​ຮັບ​ເພິ່ງ​ກາງ​ແຂນ​ມື້​ນີ້<br>ຂອບ​ພຣະຄຸນ​ພຣະອົງ​ຜູ້​ໄຖ່<br>ຜູ້​ຊົງ​ເມດ​ຕາ​ຢ່າງ​ຍິ່ງ​ໃຫ່ຍ<br>ຂ້າ​ໄດ້​ຮັບ​ຍັງ​ນ້ຳພຸ​ໄຫລ<br>ຊຳລະ​ໃຈ​ພົ້ນຈາກ​ຄວາ​ມຕາຍ<br><br><p-n>4 </p-n>ເມື່ອ​ເວລາ​ຫລັບ​ຕາມ​ລາ​ໂລກ<br>ເມື່ອ​ວິນ​ຍານພົ້ນຈາກ​ທຸກ​ໂສກ<br> ແລ້ວ​ຂຶ້ນ​ໄປ​ຍັງ​ໂລກ​ພາຍ​ໜ້າ<br>ຈະ​ເຫັນ​ພຣະພັກ​ພຣະບິດາ<br>ພຣະ​ເຢຊູ​ປຽບ​ດັ່ງ​ຫີນ​ໃຫຍ່<br> ໄດ້​ຊົງ​ບັງ​ໄວ້​ໃຫ້​ພົ້ນ​ໄພ
ຄວາມ​ຮັກ​ວິ​ເສດ	@໔໑	@109	<br><p-n>1 </p-n>ຄວາມ​ຮັກ​ວິ​ເສດ​ກວ່າ​ຄວາມ​ຮັກ​ອື່ນ​​ໃດ<br>ພອນ​ສະຫວັນ​ທີ່​ເຫຼືອ​ລົ້ນລົງ​ມາ<br> ເຊີນ​ປະ​ທັບ​ໃນ​ດວງ​ໃຈ​ຂອງ​ຜູ້​ຂ້າ<br>ຊົງ​ຄຸ້​ມຄອງ​ດ້ວຍ​ພຣະກະຣຸນາ<br> ໂອ້​ພຣະ​ເຢຊູ​ຜູ້​ຊົງ​ພຣະ​ເມດ​ຕາ<br>ຊົງ​ພຣະຄຸນ​ແລະ​ຜູ້​ບໍຣິສຸດ<br>ຂໍ​ຊົງ​ໂຜດ​ຄວາມພົ້ນ​ແລະ​ຊົງ​ຄ້ຳຊູ<br>ຊົງ​ໜູນ​ໃຈ​ບັນດາ​ຜູ້​ຄອຍ​ຢູ່<br><br><p-n>2 </p-n>ຣິດພຣະອົງ​ເຈົ້າສາມາດ​ຊ່ອຍ​ເຮົາ​ໄດ້<br>ໄດ້​ຊົງ​ນຳ​ເຮົາ​ຈົນ​ທຸກ​ວັນ​ນີ້<br>ຂ້າ​ຫວັງ​ວ່າ​ຈະ​ຊົງ​ນຳພາຕໍ່​ໄປ<br>ໃຫ້​ເຖິງ​ເມືອງ​ຟ້າ​ດ້ວຍ​ຄວາມ​ຍິນ​ດີ<br> ເມື່ອ​ຂ້າ​ຫຼົງ​ທາງ​ຫ່າງ​ຈາກ​ພຣະອົງ​ໄປ<br>ພຣະອົງ​ເຈົ້າຊົງ​ສຶບຊອກ​ຕາມ​ຫາ<br>ຊົ່ງຊ່ອຍ​ໃຫ້​ພົ້ນຈາກ​ຄວາມທຸກ​ຮ້າຍ​ໃຫຍ່​<br>ດ້ວຍ​ພຣະ​ໂລຫິດ​ທີ່​ຊົງ​ໄຖ່​ຂ້າ<br><br><p-n>3 </p-n>ຄວາມ​ຮັກ​ຂອງ​ພຣະອົງ​ໃຫຍ່​ຫຼວງ​ໜັກ​ໜາ​<br>ເຫິງ​ທໍ່​ໃດ​ແຮງ​ຕື່ມ​ທຸກ​ເວລາ<br>ຂໍ​ໃຫ້​ພຣະ​ເມດ​ຕາ​ຂອງ​ພຣະບິດາ<br>ໄດ້​ຜູກ​ມັດ​ໃຈ​ຂ້າ​ໃຫ້​ດຸ​ຟັງ<br>ຂໍພຣະອົງ​ຢ່າ​​ໃຫ້​ຂ້າ​ໄດ້​ຖອຍຫຼັງ<br> ແຕ່​ໄວ້​ໃຈ​ພຣະອົງ​ທຸກ​ວັນ​ໃໝ່<br>ບັດ​ນີ້​ຂໍ​ຖວາຍ​ກາຍ​ໃຈ<br>ບູຊາ​ໃຫ້​ເປັນ​ຂອງ​ພຣະອົງ​ເຈົ້າສຶບ​ໄປ
ຂໍພຣະ​ເຢຊູ​ໂຜດ​ໃຫ້​ຂ້າ​ໄດ້​ຮັກ	@໔໒	@111	<br><p-n>1 </p-n>ຂໍພຣະ​ເຢຊູຊົງ​ໂຜດ<br>ໃຫ້​ຂ້າ​ໄດ້​ຮັກ<br> ເມື່​ອຄຸເຂົ່າ​ໄຫວ້​ວອນທູນ<br>ຕໍ່​ພຣະບິດາ<br>ຂໍ​ໃຫ້​ຮັກ​ຫຼາຍ​ກ່ວາ​ກ່ອນ<br>ຫຼາຍ​ກ່ວາ​ຈົນ​ກາຍ​ເປັນ​ພອນ<br>ຮັກພຣະ​ເຢຊູ​<br>ຫຼາຍ​ກ່ວາ​ແຕ່​ກ່ອນ<br><br><p-n>2 </p-n>ເມື່ອ​ກ່ອນ​ຂ້າ​ປາຖະໜາ<br>ສິ່ງ​ຂອງ​ໂລກ​ນີ້<br>ຕໍ່​ໄປຂ້າຍອມ​ລະ​ຖິ້ມ<br>ທຸກສິ່ງ​ອີ່ຫຼີ<br>ດຽວ​ນີ້​ຂ້າ​ຂໍ​ອ້ອນວອນ<br>ຂໍ​ຮັກ​ພຣະອົງ​ກ່ວາ​ກ່ອນ<br>ຂໍ​ຮັກ​ຫຼາຍ​ຂຶ້ນ<br>ຈົນ​ກາຍ​ເປັນ​ພອນ<br><br><p-n>3 </p-n>ຂ້າ​ຮ້ອງ​ເພງ​ສັນຣະ​ເສີນ<br>ເມື່ອ​ຈິດ​ຈວນ​ດັບ<br>ຂ້າມ​ອບຈິດ​ວິນ​ຍານ​ໄວ້<br>ຂໍ​ໂຜດ​ຊົງ​ຮັກ<br> ເຊື່ອ​ວ່າ​ຈະ​ຊົງ​ອວຍພອນ<br> ​ ເພາະ​ຮັກພຣະອົງ​ກ່ວາ​ກ່ອນ<br>ຮັກ​ພຣະ​ເຢຊູ​<br>ຫຼາຍ​ກ່ວາ​ແຕ່​ກ່ອນ ອາ​ແມນ
​໔໓ ແສນ​ຊື່ນ​ໃຈ​ທີ່​​ເຊື່ອ​ພຣະ​ເຢຊູ	@117	<br><p-n>1 </p-n>ແສນ​ຊື່​ນໃຈ​ທີ່​ເຊື່ອພຣະ​ເຢຊູ<br>ຄື​ຮັກສາ ​ພຣະທຳ​ພຣະອົງ<br> ແລະ​ໄວ້​ໃຈ​ໃນ​ພຣະສັນຍານັ້ນ<br>ທີ່​ພຣະອົງ​ຊົງກ່າວ​ໝັ້ນຄົງ<br><br>ຂໍ້ຊ້ຳ: ພຣະຜູ້​ໂຜດ​ນັ້ນຄື​ພຣະ​ເຢຊູ<br>ຂ້າ​ໄວ້​ໃຈ​ຜູ້​ຊົງ​ປານີ<br>ພຣະຜູ້​ໂຜດ​ນັ້ນຄື​ພຣະ​ເຢຊູ<br>ຂໍ​ໂຜດ​ໃຫ້​ຄວາມ​ເຊື່ອ​ທະວີ<br><br><p-n>2 </p-n>ແສນ​ຊື່ນ​ໃຈ​ຄັນ​ເຊື່ອ​ພຣະ​ເຢຊູ<br>ຄື​​ໄວ້​ໃຈ ​ໃນ​ໂລຫິດ​ໄຖ່<br>ແລະ​ໄວ້​ໃຈ​ໃນ​ລິດ​ໂລຫິດ​ຢູ່<br>ຄວາມ​ຜິດ​ບາບ​ຈະ​ຫຼຸດງ່າຍ​ໄດ້ (ຊ້ຳ)<br><br><p-n>3 </p-n>ແສນ​ຊື່ນ​ໃຈ​ຄັນ​ເຊື່ອ​ພຣະ​ເຢຊູ<br>ໄດ້​ຖິ້ມ​ບາບ​ມອບ​ໃຈ​ແລະ​ກາຍ<br>ຮັບ​ຊີວິດ​ຈາກ​ອົງ​ພຣະ​ເຢຊູ<br>ໄດ້​ພັກຜ່ອນ​ໃຈ​ສຸກ​ສຳ​ບາຍ (ຊ້ຳ)<br><br><p-n>4 </p-n>ຍິນ​ດີ​ວາງ​ໃຈ​ໃນ​ພຣະ​ເຢຊູ<br>ຜູ້​ຊົງ​ຍອມ​ເປັນ​ມິດ​ສະຫາຍ<br>ຂ້າ​ເຊື່ອ​ວ່າ​ພຣະອົງ​ສະຖິດ​ຢູ່​<br>ແລະ​ຊົງ​ຢູ່​ນຳ​ຈົນ​ສຸດ​ປາຍ (ຊ້ຳ)
ຄັນ​ເຮົາ​ຕາມ​ພຣະ​ເຢຊູ	@໔໔	@119	<br><p-n>1 </p-n>ຄັນ​ເຮົາ​ຕາມ​ພຣະອົງ​ໄປ<br> ໂດຍ​ສະຫວ່າງ​ໃນ​ຈິດ​ໃຈ<br>ພຣະອົງ​ໂຜດ​ສະຖິດ​ຢູ່​ນຳ​ທຸກຍາມ<br>ຖ້າ​ເຮົາ​ຕິດຕາມ​ຄຳ​ພີ<br>ພຣະອົງ​ໂຜດ​ລັດສະໝີ<br>ແກ່​ທຸກ​ຄົນທີ່ໄດ້​ເຊື່ອ​ແລະ​ຟັງ​ຄວາມ<br><br>ຂໍ້​ຊ້ຳ:​ເຊື່ອ​ແລະ​ຟັງ​ຄວາມ​<br>ບໍ່​ມີ​ທາງ​ອື່ນຄວນ​ຕາມ<br>ພຣະ​ເຢຊູ​ໂຜດ​ໃຫ້​ຄວມສຸກ<br>ແດ່​ຜູ້​ເຊື່ອ​ແລະ​ຟັງ​ຄວາມ<br><br><p-n>2 </p-n>ບໍ່ມີ​ທຸກ​ເກີດ​ຂຶ້ນ​ໄດ້<br>ບໍ່​ມີ​ມືດ​ໃນ​ຈິດ​ໃຈ<br>ຊື່​ງມີ​ມາ​ໂດຍ​ນອກ​ພຣະດຳຣັດ​ສັ່ງ<br>ເຮົາ​ບໍ່​ຢ້າ​ນຫຼືສົງ​ໃສ<br>ເຮົາ​ບໍ່​​ໂສກ​ເສົ້າຮ້ອງ​​ໄຫ້<br>ແຕ່​ເຮົາ​ຍິນ​ດີ​ເພາະ​ດ້ວຍ​ການ​ເຊື່ອ​ຟັງ(ຊ້ຳ)<br><br><p-n>3 </p-n>ຖ້າ​ເຮົາ​ມີ​ຄວາມລຳບາກ<br>ຫຼື​ວ່າ​ມີ​ຄວາມທຸກ​ຍາກ<br>ພຣະ​ເຢຊູຊົງ​ໂຜດ​ໃຫ້​ພົ້ນມານ​ຮ້າຍ<br>ຖ້າ​ມີ​ຄວາມທຸກ​ເຫຼື​ອ​ຫຼາຍ<br>ເຮົາ​ບໍ່​ເສົ້າສະ​ລົດ​ໃຈ<br>ແຕ່​ມີ​ພອນ​ຄັນ​ເຮົາ​ເຊື່ອ​ແລະ​ຟັງ​ຄວາມ(ຊ້ຳ)<br><br><p-n>4 </p-n>ເຮົາ​ຈະ​ຮູ້​ຄັກ​ບໍ່​ໄດ້​<br>ເຖິງ​ຄວາມ​ຮັກ​ພຣະຜູ້​ໄຖ່<br>ຈົ່ງ​ຖວາຍ​ທຸກສິ່ງ​ແກ່​ຜູ້​ຊອບ​ທຳ<br>ຄວາມ​ຮັກ​ທີ່​ປາກົດ​ແຈ້ງ​<br>ກັບ​ຄວາມສຸກ​ໄດ້​ຊົງ​ແບ່ງ<br>ໃຫ້​ລູກສິດ​ທີ່​ໄດ້​ເຊື່ອ​ແລະ​ຟັງ​ຄວາມ(ຊ້ຳ)<br><br><p-n>5 </p-n>ດ້ວຍ​ຄວາມ​ຮ່ວມ​ໃຈ​ໄດ້​ຢູ່​<br>ໃກ້​ພຣະບາດ​ພຣະ​ເຢຊູ<br>ຫຼື​ຈະ​ເດີນທາງ​ກັບ​ພຣະຜູ້​ໂຜດ​ນຳ<br> ໄດ້​ຮັບ​ໄປ​ຕາມ​ຊົງ​ໃຊ້<br>ຍິນ​ດີ​ເຮັດ​ຕາມ​ພຣະ​ໄທ<br>ບໍ່​ຕ້ອງ​ຢ້ານ​ມີ​ແຕ່​ເຊື່ອ​ແລະ​ຟັງ​ຄວາມ(ຊ້ຳ)
ຂ້າ​ຢູ່​ໃນ​ຕັກ​ຂອງ​ພຣະ​ເຢຊູ	@໔໕	@121	<br><p-n>1 </p-n>ຂ້າ​ຢູ່​ໃນ​ຕັກ​ຂອງ​ພຣະ​ເຢຊູ​<br>ອີງ​ພຣະຊວງ​ຂອງ​ພຣະອົງ<br>ຄວາມ​ຮັກ​ພຣະອົງ​ຈັກ​ປົກຫຸ້ມ​ຢູ່<br>ຈິດ​ໃຈ​ຈຶ່ງ​ໄດ້​ຄວາມ​ບັນ​ເທົາ<br>ຟັງ​ເທີນໝູ່​ເທວະດາ​ຟ້າ<br>ຄຳ​ເພງ​ອັນ​ມ່ວນ​ແກ່​ຈິດ​ໃຈ<br>ສຽງ​ອອກ​ແຕ່​ເມືອງ​ສະຫວັນ​ຟ້າ<br>ຄຳ​ເພງ​ຄວນ​ໄດ້​ຈື່​ຈຳ​ໄວ້<br><br>ຂໍ້​ຊ້ຳ: ຂ້າ​ຢູ່​ໃນ​ຕັກ​ຂອງ​ພຣະ​ເຢຊູ<br>ອີງ​ພຣະຊວງ​ຂອງ​ພຣະອົງ<br>ຄວາມ​ຮັກ​ພຣະອົງ​ຈັກ​ປົກຫຸ້ມ​ຢູ່​<br>ຈິດ​ໃຈ​ຈຶ່ງ​ມີ​ຄວາມ​ບັນ​ເທົາ ອາ​ແມນ<br><br><p-n>2 </p-n>ຂ້າ​ຢູ່​ໃນ​ຕັກ​ຂອງ​ພຣະ​ເຢຊູ<br> ຄວາມ​ໜັກ​ໃຈ​ຫາຍ​​ເສຍ​ໄປ<br>ຜູ້​ລອງ​ໃຈ​ຮ້າຍ​ຕ້ອງ​ມິ​ດງຽບ​ຢູ່<br>ຄວາມ​ຜິດ​ບາບ​ຈຶ່ງ​ກວນ​ບໍ່​ໄດ້<br> ເປັນ​ທີ່​​ໃຫ້ພົ້ນຄວາມ​ໂສກ​ເສົ້າ<br>ເປັນ​ທີ່​ຈຳ​ເຣີນຈິດ​ໃຈ​ໃໝ່<br>ພົ້ນຄວາມ​ສົງ​ສັຍ​ຄວາມ​ມົວ​ເມົາ<br>ພຣະອົງ​ຊົງ​ເຊັດ​ນ້ຳຕາ​ໃຫ້ (ຊ້ຳ)<br><br><p-n>3 </p-n>ຈົ່ງ​ພາກັນ​ເພີ່ງ​ອົງ​ພຣ​ະເຢຊູ<br>ຜູ້​ວາຍ​ພຣະຊົນ​ຕາຍ​ຕາງ<br>ພຣະອົງ​ຊົງ​ປຽບ​ຄື​ດັ່ງ​ຫີນ​ຜາ<br>ຂ້ານ້ອຍ​ໄດ້​ເຊື່ອ​ຈຶ່ງ​ມີ​ຫວັງ<br> ໃຫ້​ໄດ້​ຢູ່​​ຖ້າ​ເຝົ້າຮັກສາ​<br>ຈົນ​ຍາມ​ມືດ​ຄ່ຳຈະ​ຫາຍ​ໄປ<br>ຈົນ​ເຖິງ​ໄດ້​ເຫັນຍາມ​ຮຸ່ງ​ເຊົ້າ<br>ສ່ອງ​ແຈ້ງ​ພຣະຣັດສະໝີ​ໃສ (ຊ້ຳ)
ຄວາມສຸກ​ຖາວອນ	@໔໖	@127	<br><p-n>1 </p-n>ຄວາມສຸກ​ຖາວອນ​ຄົງ​ມາສູ່​ຜູ້​ທຳ​ຊອບ<br>ປະກອບ​ດ້ວຍໃຈ​ຜ່ອງ​ໃສ​ສັດທາ<br> ໃສ່​ໃຈຂັບ​ຕາມ​ບັນຍັດ​ພຣະຢາ​ໂຮ​ວາ<br>ທຽວ​ໄປ​ຕາ​ມທາງ​ແຫ່ງ​ຄວາມ​ສັດ​ຊື່<br><br><p-n>2 </p-n>ມີ​ຄວາມ​ຈຳ​ເລີ​ນ​ເພີດ​​ເພີນຈິດ​ຊື່ນ​ໃຈ​ບານ<br>ເໝືອນ​ດັ່ງ​ຕົ້ນ​ໄມ້​ເກີດ​ໃກ້​ຮ່ອງນ້ຳ<br>ກ້ານ​ກິ່ງ​ໃບ​ຂຽວ​ບໍ່​ຫ່ຽວ​​ແຫ້ງ​ເມື່ອ​ແລ້ງ​ຝົນ<br>ເກີດດ​ອກອອກ​ຜົນ​ຕະຫຼອດ​ເວລາ<br><br><p-n>3 </p-n>ຝ່າ​ຍທາງ​ຄົນ​ຊົ່ວທັງຫຼາຍ​ບໍ່​ເປັນ​ດັ່ງນັ້ນ<br>ເໝືອນ​ແກບ​ປີວ​ໄປ​ຕາມ​ສາຍ​ລົມພາ<br>ດັ່ງນັ້ນຄົນ​ຊົ່ວ​ຈະ​ຕ້ອງ​ທຸກ​ເວທະນາ<br>ເມື່ອ​ວັນພຣະອົງ​ຊົງ​ພິພາກສາ<br><br><p-n>4 </p-n>ການ​ຂອງ​ຄົນ​ຊົ່ວ​ກໍ​ຈິບຫາຍ​ເສຍ​ໄປ​ແລ້ວ<br>ທຳ​ໄວ້​ແນວ​ໃດ​ກໍ່​ໄດ້​ແກ່​ຕົນ<br> ແຕ່​ຄວາມ​ຊອບ​ທຳ​ນຳ​ຄົນ​ໃຫ້​ເກີດ​ມີ​ຜົນ<br>ຫວິດ​ທຸກ​ໄດ້​ສຸກ​ໃນ​ຟ້າ​ສະຫວັນ
ຈົ່ງ​ຍ້ອງຍໍ​ອົງ​ພຣະຜູ້​ເປັນ​ເຈົ້າ	@໔໗	@130	<br><p-n>1 </p-n>​ຈົ່ງ​ຍ້ອງຍໍ​ອົງ​ພຣະຜູ້​ເປັນ​ເຈົ້າ ​<br>ເອົາ​ໃຈ​ຮັກ​ເປັນ​ເຄື່ອງ​ບູຊາ<br>ພຣະອົງ​ຊົງ​ໄຖ່​ໂທດ​ຫາຍ​ໂສກ​ເສົ້າ<br>ຄວາມ​ຕອບ​ຄຸນ​ສົມ​ຄວນ​ຍົກ​ມາ<br>ສັນຣະ​ເສີນ​ພຣະນາມ​ພຣະອົງ​ເຈົ້າ<br>ພຣະບິດາ​ ກະສັດ​ເມືອງ​ຟ້າ<br><br><p-n>2 </p-n>ຈົ່ງ​ຍ້ອງຍໍ​ເພາະ​ຕັ້ງ​ແຕ່​ເດີມມາ<br>ພຣະອົງ​ຊົງ​ເມດ​ຕາ​ເອັນດູ<br>ຊ້ຳປະທານ​ພຣະພອນ​ທຸກ​ເວລາ<br>ຜູ້​ໃດ​ເຊື່ອ​ຄວາມສຸກ​ຄົງ​ຮູ້<br>ສັນຣະ​ເສີນ​ພຣະນາມ​ພຣະອົງ​ເຈົ້າ<br>ພຣະບິດາ ຜູ້​ຊົງ​ມຸທຸ<br><br><p-n>3</p-n> ​ເໝືອນ​ບິດາ​ພຣະອົງ​ຊົງ​ລ້ຽງ​ໄວ້<br>ຮູ້​ວ່າ​ເຮົາ​ທຽວ​ເມື່ອຍ​ຫິວ​ອ່ອນ<br>ຊ້ຳຊົງ​ຢຽດ​ພຣະຫັດ​ຫອບ​ອຸ້ມ​ໄປ<br>ໃຫ້​ພົ້ນຮ້າຍ​ໄດ້​ສຸກ​ແນ່ນອນ<br>ສັນຣະ​ເສີນ​ພຣະນາມ​ພຣະອົງ​ເຈົ້າ<br>ພຣະບິດາ ​ຜູ້​ໂຜດ​ພຣະພອນ<br><br><p-n>4 </p-n>ໝູ່​ລູກສິດ​ຜູ້​ຮູ້​ພຣະອົງ​ນັ້ນ<br>ທັງ​ບັນດາ​ຊາວ​ໂລກ​ທົ່ວ​ໄປ<br>ຈົ່ງ​ຍົກ​ເອົາ​ບົດ​ເພງ​ມາ​ພ້ອມ​ກັນ<br>ໝູ່​ຊາວ​ຟ້າ​ກັບ​ໝູ່​ລຸ່ມ​​ໃຕ້<br>ສັນຣະ​ເສີນ​ພຣະນາມ​ພຣະອົງ​ເຈົ້າ<br>ພຣະບິດາ ກະສັດ​ອົງ​ໃຫຍ່ ອາ​ແມນ
ເຮົາ​ມີ​ຄວາມສຸກ	@໔໘	@139	<br><p-n>1 </p-n>ເຮົາ​ມີ​ຄວາມສຸກ​ສະໜຸກ​ອັນ​ໃຫຍ່<br>ມີ​ແຈ້ງ​ມີ​ຄວາມ​ຍິນ​ດີ​ຢູ່​ເລື້ອຍ<br>ຕັ້ງ​ແຕ່​ມີນັ້ນ​ເຮົາ​ໄດ້ຮັບ​ເອົາ<br>ພຣະ​ເຢຊູ​ດ້ວຍ​ສຸດ​ໃຈ​ຂອງ​ເຮົາ<br><br>ຂໍ້​ຊ້ຳ: ວັນ​ສະໜຸກ​ວັນຮຽນຮູ້<br>ຄວາມ​ຮັກ​ອັນ​ໃຫ່ຍຂອງ​ພຣະ​ເຢຊູ<br>ແມ່ນ​ຟ້າ​ສະຫວັນ​ເປັນ​ເມືອງ​ເຮົາ​ໃໝ່<br>ພຣະ​ເຢຊູ​ຊົງ​ຖ້າ​ເຮົາ​ທັງ​ໃນ<br> ວັນ​ສະໜຸກວັນ​ຮຽນ​ຮູ້​<br>ຄວາມ​ຮັກ​ອັນ​ໃຫຍ່​ຂອງ​ພຣະ​ເຢຊູ<br><br><p-n>2 </p-n>ພຣະບຸດ​ທີ່​ຮັກ​ຂອງ​ພຣະບິດາ<br>ຊົງ​ຖວາຍ​ຕົນ​ເປັນ​ເຄື່ອງ​ບູຊາ<br> ໂລຫິດ​ພຣະອົງ​ລ້າງ​ຜິດ​ບາບ​ເຮົາ<br>ຊ້ຳ​ໃຫ້​ເຮົາ​​ເກີດ​ເປັນ​ລູກ​ພຣະ​ເຈົ້າ (ຊ້ຳ)<br><br><p-n>3 </p-n>ໃນ​ຟ້າ​ສະຫວັນ​ມີ​ຄວາມ​ຈຳ​ເຣີ​ນ<br>ພວກ​ເທວະ​ດາ​ຮ້ອງ​ສັນຣະ​ເສີນ<br> ເວລາ​ຄົນ​ບາບ​ຄົນ​ນຶ່ງ​ຄົນ​ໃດ<br>ໄດ້​ຖິ້ມ​ໃຈ​ເກົ່າ​ແລະ​ເອົາ​ໃຈ​ໃໝ່ (ຊ້ຳ)<br><br><p-n>4 </p-n>ເຊີນ​ພີ່ນ້ອງ​ເອີຍ​ຈົ່ງ​ເຂົ້າ​ໃຈ​ຮູ້<br>ມີ​ຄວາມ​ຍົກ​ໂທ​ດດ້ວຍ​ພຣະ​ເຢຊູ<br>ພຣະອົງ​ຊົງ​ໂຜດ​ປະທານ​ຊີວິດ<br>ແກ່​ຜູ້​ຢາກ​ຮັບ​ເອົາ​ໄປ​ເປັນນິດ (ຊ້ຳ)
ມິດ​ສະ​ຫາຍ​ເຮົາ	@໔໙	@141	<br><p-n>1 </p-n>ມິດ​ສະຫາຍ​ເຮົາຄື​ພຣະ​ເຢຊູ<br>ຊົງ​ແບກ​ເອົາຄວາມ​ຜິດ​ບາບ​ໃຫ້ຫາ​ຍ<br> ເຮົາ​ຈຶ່ງ​ມີ​ສິດ​ເຂົ້າມາ​ເຝົ້າຢູ່<br>ດ້ວຍ​ບໍ່​ຢ້ານ​ຈະ​ຖືກ​ຂັບ​ໄລ່<br>ສຸກ​ສຳຣານ​ໄດ້​ວິດ​ໄປ​ຫຼາຍ​ທີ<br> ເກີດ​ລຳບາກ​ຈົນ​ຕົວ​ຫິວ​ອ່ອນ<br>ການ​ໜັກ​ໃຈ​ຝູງ​ນີ້​ບັງ​ເກີດ​ມີ<br>ເພາະ​ໝູ່​ເຮົາ​ຖິ້ມ​ການ​ໄຫວ້​ວອນ<br><br><p-n>2 </p-n>ການ​ທຸກ​ໃຫຍ່​ການ​ລອງ​ໃຈ​ມີ​ມາ<br>ການ​ລຳ​ບາກ​ມາ​ເຖິງ​ເມື່ອ​ໃດ<br> ໃຫ້​ເຮົາ​ມີ​ຄວາມ​ເຊື່ອ​ແລະ​ໝັ່ນ​ມາ<br>ຫາ​ພຣະ​ເຈົ້າປົງ​ທຸກ​ວາງ​ໃຈ<br>ຜູ້​ຮັກ​ເໝືອນ​ພຣະອົງຫາບໍ່​ໄດ້<br>ພຣະອົງ​ຊົງ​ແບກ​ຄວາມ​ໂສກ​ເສົ້າ<br>ຊົງ​ຮູ້ຈັກ​ໃຈ​ເຮົາ​ຈິ່ງບອກ​ໄວ້<br>ວ່າຈົ່ງ​ຮີບ​ໄຫວ້​ວອນ​ພຣະ​ເຈົ້າ<br><br><p-n>3 </p-n>ເມື່ອ​ອິດ​ອ່ອນ​ໜັກ​ອົກ​ໜັກ​ໃຈ​ນັ້ນ<br>ມີ​ທຸກ​ໃຫຍ່​ບໍ່​ແພ້​ອົດ​ເອົາ<br> ໂອ​ຜູ້​ຊ່ວຍ​ຂໍ​ໃຫ້​ໝູ່​ເຮົາ​ໝັ່ນ<br>ໄຫວ້​ວອນ​ຂໍ​ຈົນ​ໄດ້​ບັນ​ເທົາ<br> ເມື່ອ​ໝູ່​ຄູ່ໜ່າຍ​ຊັງ​ພາກ​ອອກ​ໄປ<br>ຄວນ​ອອກປາກ​ເປັນ​ຄຳ​ອ້ອນວອນ<br>ພຣະ​ເຢຊູ​ຈະ​ຊົງ​ອຸ້ມ​ເຮົາ​ໄປ<br>ນຳພຣະອົງ​ຈະ​ໄດ້​ຮັບ​ພອນ
​ ໕໐ ເມື່ອ​​​ໃດ​ໄຫວ້ວ​ອນ	@143	<br><p-n>1 </p-n>ເມື່ອໃດ​ໄຫວ້ວອນ​ນະມັດສະການ<br>ຂໍ​ເຊີນ​ພຣະ​ເຈົ້າຊົງ​ເປັນປະ​ທານ<br> ເຖິງ​ວ່າ​ອຶດ​ຢາກ​ກໍ່​ຄວນ​ທູນ​ຂໍ<br>ສິ່ງ​ທີ່​ປະສົງ​ປະ​ທານ​ພຽງພໍ<br>ຖ້າ​ຖືກ​ຂົ່ມ​ເຫັງ​ຫຼື​ມີ​ໂສກ​ທຸກ<br>ຈິດ​ໃຈ​ບັນ​ເທົາ​ໄດ້ຮັບ​ຄວາມສຸກ<br>ຖ້າ​ຖືກ​ທົດ​ລອງ​ຈິດ​ໃຈ​ເມື່ອ​ຍອ່ອນ<br>ຈະ​ໄດ້​ຊູ​ແຮງ​ເມື່​​ອ​ເ​ຝົ້າອ້ອນວອນ<br><br><p-n>2 </p-n>ເມື່ອໃດ​ໄຫວ້​ວອນ​ເຮົາ​ແສນ​ຍິນ​ດີ<br>ຄຳ​ອ້ອນວອນ​ເຖິງ​ສະຫວັນ​ທັນທີ<br>ພຣະ​ເຢຊູຄອຍ​ຮັບ​ຄຳ​ອ້ອນວອນ<br>ປະທານ​ພະ​ພອນ​ແກ່​ຜູ້​ຫິວ​ອ່ອນ<br> ໃຫ້​ເຮົາ​ເຂົ້າ​ເຝົ້າຕໍ່​ອົງ​ພຣະ​ເຈົ້າ<br>ເຊື່ອ​ພຣະສັນຍາ​ທີ່​ໃຫ້​ແກ່​ເຮົາ<br>ມອບ​ຄວາມ​ຢ້ານ​ໄວ້​ພ້ອມ​ຄວາມທຸກ​ຮ້ອນ<br>ພຣະອົງ​ຊົງ​ຮັບ​ຟັງ​ຄຳ​ອ້ອນວອນ<br><br><p-n>3 </p-n>ເມື່ອ​ໃດ​ອ້ອນວອນ​ເປັນ​ອັດສະຈັນ<br>ໄດ້​ການ​ເລົ້າ​ໂລມ​ເໝືອນ​ຢູ່​ສະຫວັນ<br>ປຽບ​ເໝືອນ​ຂຶ້ນ​ໄປ​ຍອດພູ​ກະ​ເສີມ​<br>ເຫັນ​ເມືອງ​ຂອງ​ຂ້າດີ​ເລີດ​ປະ​ເສີດ<br>ຢາກ​ຮີບ​ຟ້າວ​ໄປ​ເມືອ​ງພຣະບິດາ<br>ເຂົ້າ​ເຝົ້າພຣະອົງ​ຜູ້​ຊົງຮັກ​ສາ<br>ຖວາຍ​ເພງ​ສັນຣະ​ເສີນ​ຮັບ​ພອນ<br> ເມື່ອນັ້ນພົ້ນ​ແລ້ວ​ຈາກ​ການ​ໄຫວ້​ວອນ
ພຣະ​ເຢຊູ​ເປັນ​ພຣະທຳ	@໕໑	@149	<br><p-n>1 </p-n>ພຣະ​ເຢຊູ​ເປັນ​ພະ​ທຳ ​ເອີຍ​<br>ປະຈຳ​ໂລກ (໒)<br>ດັບ​ຄວາມ​ໂສກ​ຝູງ​ປວງ​ຊົນທົ່ວ​ໄປ​ເອີຍ ເຮົາຄົນລາວເຮົາ<br>ເຊື່ອໃນ​ພຣະ​ເຢຊູ ​ເອີຍ<br>ເຮົາ​ຄວນ​ເບິ່ງ​ພຣະອົງ​ຜູ້​ຊົງ​ເປັນ​ຕົວຢ່າງ<br><br><p-n>2 </p-n>ບໍ່​ເລືອກ​ໜ້າ​ຜູ້​ມີ​ກຽດ ​ເອີ​ຍ<br>ຫວັງ​ທີ່​ງາມ (໒)<br>ອຳນວຍ​ຄວາມ​ສະ​ເໝີ​ກັບ​ປວງ​ຊົນ​ເອີຍ ເຮົາ​ຄົນ​ລາວ​ເຮົາ<br>ເຊື່ອ​ໃນ​ຄວາມພົ້ນບາບ​ເອີຍ<br>ທີ່​ເຮົາ​ຮູ້​ກໍ່ເພາະ​ພຣະ​ເຈົ້າ​ເປັນຄວາມຮັກ<br><br><p-n>3 </p-n>​ໃຫ້​ໂອກາດ​ແກ່​ຄົນ​ຊົ່ວ ​ເອີຍ<br>ກັບ​ໃຈ​ໃໝ່ (໒)<br>ເລີກ​ຫຼິ້ນ​ໄພ້ຫຼິ້ນ​ເບີບໍ່​ມີ​ຜົນ​ເອີຍ<br>ເຮົາ​ຄົນ​ລາວເຮົາ<br>ພໍໃຈ​ສຸກ​ສົມບູນ ​ເອີຍ<br>ເປັນ​ພຣະຄຸນ​ກໍເພາະ​ພຣະ​ເຈົ້າຊົງ​ຮັກ​ເຮົາ<br><br><p-n>4 </p-n>​ເຖິງ​ຂາດ​ເຂີນ​ຊັບສົມ​ບັດ ​ເອີຍ<br>ຍັງ​ເປັນ​ຄົນ (໒)<br>ຮັກ​ປວງ​ຊົນ​ສະ​ເໝີ​ບໍ່​ວ່າ​ໃດ​ເອີຍ<br>ເຮົາ​ຄົນ​ລາວເຮົາ<br>ພໍ​ໃຈ​ໃນ​ຊີວິດ ​ເອີຍ<br>ທີ່​ພຣະ​ເຢຊູ​ຄຣິດຊົງ​ໂຜດ​ໃຫ້​ແກ່​ເຮົາ<br><br><p-n>5 </p-n>ອົງ​ພຣະຄຣິດຊົງ​ມີ​ສິດ ​ເອີຍ<br>ສັນຊາດ​ລາວ (໒)<br>ຢ່າ​ລະ​ເລີຍ​ໃຫ້​ຍົກ​​ໄວ້​ເທິງ​ຫົວ​ເອີຍ<br>ເຮົາ​ຄົນ​ລາວ​ເຮົາ​<br>ພໍ​ໃຈຖືພຣະ​ເຈົ້າ ​ເອີຍ<br>ໃຈ​ບໍ່​​ໂສກ​ເສົ້າ​ເພາະ​ພຣະອົງ​ເປັນຄວາມ​ສຸກ<br><br><p-n>6 </p-n>ເຮົາ​ຈະ​ເພີ່ມ​ຄວາມສຸກ​ສຳລານ ​ເອີຍ<br>ທຸກ​ວັນ​ໄປ (໒)<br>ສຸດສະ​ໃໝ​ຊົ່ວ​ສິ້ນວັນ​ສືບ​ໄປ​ເອີຍ<br>ເຮົາ​ຄົນ​ລາວ​ເຮົາ​<br>ພໍ​ໃຈ​ໃນ​ພຣະຄຣິດ ​ເອີຍ<br>ຊົງ​ເປັນ​ມິດ​ກັບ​ເຮົາ​ທຸກ​ຄົນ​ທຸກ​ຄົນ​ເອີຍ
໐໑​ໃຫ້​ຟ້າ​ກັບ​ໂລກ​ຍ້ອງຍໍ​ພຣະ​ເຈົ້າ	@1	<br><p-n>1</p-n> ​ໃຫ້​ຟັາກັບ​ໂລກ​ຍ້ອງ​ຍໍ​ພຣະຈົ້າ​<br>ເພາະ​ພອນ​ທັງຫຼາຍ​ອັນ​ຊົງ​ປະທານ<br>ສັນຣະ​ເສີນ​ພຣະບິດາ​ຂອງ​ເຮົາ<br>ຍ້ອງຍໍ​ພຣະບຸດ​ແລະ​ພຣະວິນ​ຍານ<br><br><p-n>2 </p-n>ບັນດາ​ມະນຸດ​ທຸກ​ບ່ອນທຸກ​ທີ່<br>ເຂົ້າ​ເຝົ້າພຣະອົງ​ຍົກ​ສຽງ​ຍິນ​ດີ<br>ຢຳ​ເກງ​ນັບຖື​ພຣະ​ເຈົ້າ​ໂລກ​ຟ້າ<br>ຍ້ອງຍໍ​ພຣະ​ເຈົ້າພຣະຢາ​ໂຮ​ວາ<br><br><p-n>3</p-n> ​ ເຮົາ​ນີ້​ບໍ່​ໃຊ່​ເກີດ​ມາ​ເອງ​ໄດ້<br>ພຣະ​ເຈົ້າຊັ້ນຟ້າ​ຊົງ​ສ້າງ​ເຮົາ​ໄວ້<br>ຢາ​ໂຮ​ວາ​ຄື​ພຣະ​ເຈົ້າອົງ​ທ່ຽງ<br>ພວກ​ເຮົາ​ພຣະອົງ​ຊົງ​ໂຜດ​ຊ່ວຍ​ລ້ຽງ<br><br><p-n>4 </p-n>ເຂົ້າທາງ​ປະຕູ​ເຊີນ​ມາ​ນັບຖື​<br>ເຂົ້າ​ເຝົ້າພຣະອົງ​ດ້ວຍ​ໃຈ​ສັດຊື່<br>ຍ້ອງຍໍ​ພຣະ​ເຈົ້າດ້ວຍ​ສຽງ​ເພງ​ມ່ວນ​<br>ເພາະ​ສັນຣະ​ເສີນ​ເປັນ​ການ​ສົມຄວນ<br><br><p-n>5 </p-n>ພຣະຢາ​ໂຮ​ວາ​ພຣະ​ເຈົ້າ​ເຮົາ​ດີ<br>ຄວາມ​ເມດ​ຕາ​ຂອງ​ພຣະອົງ​ໜັ່ນມີ<br>ຄວາມ​ຈິງ​ພຣະອົງ​ຊົງ​ຕັ້ງດ້ວຍຣິດ<br>ຊົງ​ໃຫ້​ມີ​ຢູ່​ຕໍ່​ໄປ​ເປັນນິດ ອາ​ແມນ
ຂ້າ​ຂໍຖວາຍ​ກຽດ	@໐໒	@2	<br><p-n>1 </p-n>ຂ້າ​ຂໍ​ຖວາຍ​ກຽດ​ແດ່​ພຣ​ະເຈົ້າຜູ້​ສູງ​ສຸດ​<br>ພຣະອົງ​ໄດ້​ຊົງ​ສຳ​ແດງຄວາ​ມຮັກ​ແກ່​ມະນຸດ<br>ພຣະບຸດ​ຂອງ​ພຣະອົງ​ຊົງ​ຍອມ​ສະລະພຣະຊົນ<br>ເປັນຄ່າ​ໄຖ່​ເຮົາ​ທຸກ​ຄົນ​ທຸກ​ຊາດ​ໃຫ້​ໄດ້​ພົ້ນ<br><br>ຂໍ້​ຊ້ຳ: ຈົ່ງ​ຖວາຍ​ສາທຸການ​ແດ່​ພຣະ​ເຈົ້າດ້ວຍ​ຍິນ​ດີ<br>ສັນຣະ​ເສີນ​ແດ່​ພຣະ​ເຈົ້າ ຈົ່ງ​ໃຫ້​ຊາວ​ໂລກ​ຍິນ​ດີ<br>ເຊີນ​ມາ​ເຝົ້າພຣະ​ເຈົ້າ​ ໂດຍ​ພຣະນາມ​ພຣະ​ເຢຊູ​<br>ຖວາຍ​ຍົດ​ແດ່​ພຣະຜູ້​ຊົງ​ເມດ​ຕາເອັນດູ<br><br><p-n>2 </p-n>ຄວາມພົ້ນອັນ​ສົມບູ​ນເຮົາ​ໄດ້​ເພາະ​ໂລ​ຫິດ​ໄຖ່<br>ຜູ້​ໃດ​ເຊື່ອ​ພຣະສັນຍາຈະ​ຮັບ​ຊີວິດ​ໃໝ່​<br>ຄົນ​ບາບ​ຈະ​ຊົ່ວ​ຮ້າຍ​ເຖິງ​ປານ​ໃດ​<br>ກໍພົ້ນໄດ້ ພຣະເຢຊູຊົງໂຜດຄວາມພົ້ນແກ່ຜູ້ວາງໃຈ<br><br><p-n>3 </p-n>ພຣະອົງສອນເຖິງສິ່ງໃຫຍ່ຊຶ່ງໄດ້ຊົງກະທຳ<br>ຍິນດີທີ່ພຣະບຸດຄືພຣະເຢຊູຊົງນຳ<br>ປະຫຼາດໃຈໜັກໜາເມື່ອເຮົາເຫັນພຣະເຢຊູ<br>ຜູ້ບໍຣິສຸດໃຫຍ່ຫຼວງຊຶ່ງເຮົາເຂົ້າເຝົ້າດູ(ຊ້ຳ)
ສາທຸ​ນາມຣິດພຣະ​ເຢຊູ​ຄຣິດ	@໐໓	@4	<br><p-n>1 </p-n>ສາທຸນາມ​ຣິດພຣະ​ເຢຊູຄຣິດ​<br>ໃຫ້​ເທວະ​ດາ​ຂາບ​ໄຫວ້<br>ເຊີນ​ພຣະອົງ​ຊົງ​ມົງກຸດ​ເປັນນິດ​<br>ກະສັດ​ເຈົ້າຟ້າອົງ​​ໃຫຍ່ (໒)<br><br><p-n>2 </p-n>ໄພ່​ພົນ​ທັງຫຼາຍ​ທຸກ​ເມືອງ​ທຸກ​ບ້ານ<br>ທີ່​ພຣະອົງ​ຊົງ​ເລື​ອກ​ໄວ້<br>ຕ້ອງ​ສັນຣະ​ເສີນ​ນະມັດສະການ<br>ກະສັດ​ເໜືອ​ໂລກ​ທົ່ວ​ໄປ (໒)<br><br><p-n>3 </p-n>ຄົນ​ບາບ​ທັງຫຼາຍ​ທີ່​ລືມ​ບໍ່​ໄດ້​<br>ພຣະອົງ​ຊົງ​ຕາຍ​ແທນ​ເຈົ້າ<br>ຂອງ​ເລີດ​ປະ​ເສີດ​ຈົ່ງ​ຍົກ​ຖວາຍ​<br>ແກ່​ເຈົ້າກະສັດ​ອົງ​ເຄົ້າ (໒)<br><br><p-n>4 </p-n>ມະ​ນຸດ​ສະ​ໂລກ​ທຸກ​ຊາດ​ພາສາ<br>ອັນ​ມີ​ທົ່ວທຸກ​ປະ​ເທດ<br>ຕ້ອງ​ຍ້ອງ​ຍໍ​ອານຸພາບ​ເຈົ້າຟ້າ<br>ກະສັດ​ອົງ​ຊົງຣິດ​ເດດ (໒)<br><br><p-n>5 </p-n>ຊາວ​ລຸ່ມ​ທັງ​ຫຼາຍຈົ່ງ​ພ້ອມ​ຂາບ​ລົງ​<br>ກັບ​ໝູ່​ຊາວຟ້າ​ຊຸມ​​ໃຫຍ່<br>ຮ້ອງ​ເພງ​ຂາ​ບທູນ​ພຣະບາດ​ພຣະອົງ<br>ກະສັດ​ເໜືອ​ຟ້າ​ໂລກ​ໄຄວ່ ອາ​ແມນ (໒)
​ແສງ​ແຫ່ງ​ໃຈ​ຂ້າ	@໐໔	@5	<br><p-n>1 </p-n>ແສງ​ແຫ່ງ​ໃຈ​ຂ້າ​ຄື​ພຣະຜູ້​ໄຖ່<br>ບໍ່​ມີ​ມືດ​ຖ້າ​ພຣະອົງ​ຢູ່​ໃກ້<br>ຢ່າ​ໃຫ້​ໂລກ​ເປັນ​ເໝືອນ​​ເມກ​ບັງຕາ<br>ກັ້ນພຣະອົງ​ໄວ້​ຈາກ​ໃຈ​ຂອງ​ຂ້າ<br><br><p-n>2 </p-n>ຂໍ​ຢູ່​ກັບ​ຂ້າ​ແຕ່ເ​ຊົ້າຈົນ​ຄ່ຳ​<br>ເພາະ​ນອກ​ພຣະອົງ​ບໍ່​ເຫັນ​ຜູ້​ອື່ນ<br>ສະຖິດ​ກັບ​ຂ້າ​ຍາມ​ມື​ດ​ໃກ້​ມາ<br>ນອກຈາກ​ພຣະອົງ​ຢ້ານ​ມໍລະນາ<br><br><p-n>3 </p-n>ຖ້າ​ຂ້າ​ໄດ້​ປະພຣະອົງ​ຫຼົງ​ໄປ<br>ຮ້ອງຫາ​ພຣະອົງ​ຜູ້​ຊົງ​ຊ່ອຍ​ໄດ້<br> ໂອ້​ພຣະ​ເຈົ້າຂ້າ​ຂໍ​ຊົງ​ໂຜດ​ຟັງ<br>ຂໍ​ຢ່າ​ໃຫ້​ກັບ​ເຮັດ​ບາບ​ອີ​ກຊ້ຳ<br><br><p-n>4 </p-n>ໂຜດ​ຊ່ອຍ​ຄົນ​ເຈັບ​ບັນ​ເທົາ​ຄົນ​ຈົນ<br>ດ້ວຍ​ມະຫາ​ພອນ​ອັນ​ຫຼາຍ​ເຫຼືອ​ລົ້ນ<br> ໃຫ້​ຜູ້​ທຸກ​ຍາກ​ນອນ​ຫຼັບ​ສຳບາຍ<br> ເໝືອນດັ່ງ​ເດັກນ້ອຍ​ສຸກ​ໃຈ​ຜ່ອງ​ໃສ<br><br><p-n>5 </p-n>ສະຖິດ​ໃກ້​ຂ້າ​ອວຍພອນ​ເມື່ອ​ຕື່ນ<br>ກ່ອນ​ຂ້າ​ເຮັດ​ການ​ສິ່ງ​ໃດ​ສິ່ງ​ອື່ນ<br>ຈົນ​ຂ້າ​ໄດ້​ເຖິງ​ທີ່ຢູ່​ເມືອງ​ຟ້າ<br> ເຕັ​ມດ້ວຍ​ຄວາມ​ຮັກ​ພຣະ​ເຈົ້າຂອງ​ຂ້າ ອາ​ແມນ
ສາທຸ ສາທຸ	@໐໕	@6	<br><p-n>1 </p-n>ສາທຸ ສາ​ທຸ ​ສາທຸ<br>ຜູ້​ເປັນ​ເຈົ້າຊົງ​ເດຊາ<br> ເວລາ​ເຊົ້າພວກ​ຂ້າ<br>ສົມຄວນ​ຮ້ອງ​ເພງ​ຍ້ອງຍໍ​ພຣະນາມ<br>ສາທຸ ສາ​ທຸ ​ສາທຸ​ ​​<br>ແດ່​ພຣະ​ເຈົ້າຜູ້​ເມດ​ຕາ<br>ປາກົດ​ເປັນ​ສາມ​ຕົນ<br>ແມ່ນ​ພຣະ​ເຈົ້າອົງ​ດຽວ<br><br><p-n>2 </p-n>ສາທຸ ສາ​ທຸ ​ສາທຸ<br>ຊ​າວສະຫວັນ​ຊາວ​ໂລກາ<br>ຊວນ​ກັນ​ມາ​ຖວາຍ<br>ພຣະກຽດ​ແດ່ຜູ້​ເປັນ​ເຈົ້າອົງ​ດຽວ<br>ອົງ​ຜູ້​ບໍຣິສຸດ​ນັ້ນ<br>ຄວນ​ມະນຸດ​ຈະ​ບູຊາ<br>ຜູ້​ຊົງ​ສະພາບ​ຢູ່<br>ຕະຫຼອດ​ວັນ​ເວລາ<br><br><p-n>3 </p-n>ສາທຸ ສາທຸ​ ສາທຸ ​<br>ແມ່ນ​ມື​ດບັງ​ພຣະອົງ​ໄວ້<br> ເຮັດ​ໃຫ້​ຕາ​ຄົນ​ບາບ<br>ເຮົາ​ນີ້ ບໍ່​ອາດ​ເຫັນຣັດສະໝີ<br>ພຣະຜູ້​ບໍຣິສຸດ​ນັ້ນ<br>ບໍ່​ມີ​ໃຜ​ເທົ່າ​ທຽມ​ໄດ້<br>ສົມບູນ​ດ້ວຍຣິດ​ເດດ<br>ຄວາມ​ຮັກ​ຄວາມ​ເມດ​ຕາ<br><br><p-n>4 </p-n>ສາທຸ ສາທຸ ສາທຸ<br>ຜູ້​ເປັນ​ເຈົ້າຊົງຣິດທາ<br>ຣາຊະ​ກິດ​ພຣະອົງ​ສຳ​ແດງ<br>ອຳນາດ​ໃຫ້​ຈັກກະວານ<br>ສາທຸ ສາທຸ​ ສາທຸ​<br>ຜູ້​ຊົງ​ຮັກ​ຊາວ​ໂລກາ<br>ປາກົດ​ເປັນ​ສາມ​ຕົນ<br> ແມ່ນ​ພຣະ​ເຈົ້າອົງ​ດຽວ
ພຣະ​ພັກ​ພຣະ​ເຈົ້າ	@໐໖	@8	<br><p-n>1 </p-n>ພຣະພັກ​ພຣະ​ເຈົ້າຜ່ອງ​ໃສ​ເຫຼື້ອມ​ຕາ<br>ດ້ວຍ​ພຣະສະ​ງ່າ​ຣາສີ<br>ພະ​ສຽນ​ຊົງ​ສຸບ​ມົງກຸດ​ມີຄ່າ​<br>ພຣະ​ໂອດ​ລົ້ນ​ດ້ວຍ​ພຣະຄຸນ (໒)<br><br><p-n>2 </p-n>ທົ່ວ​​ໂລກ​ພິພົບ​ຫາ​ປຽບບໍ່​ມີ<br>ມະນຸດ​ຄົນ​ໃດ​ບໍ່​ປານ<br>ທົ່ວຟ້າ​ສະ​ຫວັນ​ແລະ​ຈັກກະວານ<br>ພຣະ​ເຈົ້າຊົງ​ຍົດ​ໃຫຍ່​ຫຼວງ (໒)<br><br><p-n>3 </p-n>ຕົວ​ຂ້າ​ເປັນ​ໜີ້​ພຣະອົງ​ຫຼວງ​ຫຼາຍ<br>ຊີວິດ​ຈິດ​ໃຈ​ແລະ​ກາຍ<br>ການ​ຊົງ​ຄຶງ​ໄວ້​ເຮັດ​ໃຫ້ມີ​ໄຊ<br>ພົ້ນຈາກ​ຂຸມ​ມໍຣະນາ (໒)<br><br><p-n>4 </p-n>ຂ້າ​ໄວ້​ໃຈ​ວ່າ​ພຣະອົງ​ຊົງ​ນຳ<br>ໃຫ້​ຂ້າ​ເຖິງ​ຟ້າ​ສະ​ຫວັນ<br> ເມື່ອ​ຂ້າ​ເຂົ້າ​ເຝົ້າ​ໃກ້ຊິດ​ພຣະຊວງ<br>ດວງ​ຈິດ​ຂອງ​ຂ້າ​ເບີກ​ບານ (໒)
ພີ່ນ້ອງ​ທັງ​ຫຼາຍ	@໐໗	@13	<br><p-n>1 </p-n>ພີ່ນ້ອງ​ທັງ​ຫຼາຍ​ຈົ່ງ​ມີ​ຄວາມສຸກ<br>ສຳ​ລານ​ໃນ​ພຣະ​ເຈົ້າ<br>ພີ່ນ້ອງ​ທັງ​ຫຼາຍ​ຈົ່ງ​ມີ​ຄວາມສຸກ​<br>ສຳລານ​ໃນ​ພຣະ​ເຈົ້າ<br><br><p-n>2 </p-n>ເພາະວ່າ​ຄວາມສຸກ​ນັ້ນພຣະ​ເຈົ້າ<br>ໄດ້​ປະທານ ​ໃຫ້​ແກ່​ເຮົາ<br> ເພາະວ່າ​ຄວາມສຸກ​ນັ້ນພຣະ​ເຈົ້າ<br> ໄດ້​ປະທານ​ ໃຫ້​ແກ່​ເຮົາ<br><br><p-n>3 </p-n>ຈົ່ງສັນຣະ​ເສີນ​ຄວາມ​ດີ​ທີ່​ພຣະອົງ<br>ຜູ້​ໄດ້​ໂຜດ​ໃຫ້<br>ຈົ່ງ​ສັນຣະ​ເສີນ​ຄວາມ​ດີ​ທີ່​ພຣະອົງ​<br>ຜູ້​ໄດ້​ໂຜດ​ໃຫ້<br><br><p-n>4 </p-n>ຂອບຄຸນ​ພຣະອົງ​ຜູ້​ມີ​ຄວາມ​ຮັກ<br>ຂອບຄຸນ​ອັນ​ຍິ່ງ​​ໃຫຍ່<br>ຂອບຄຸນ​ພຣະອົງ​ຜູ້​ມີ​ຄວາມ​ຮັກ<br>ຂອບຄຸນ​ອັນ​ຍິ່ງ​ໃຫຍ່
ພຣະ​ເຢຊູ​ຜູ້​ງາມ​ເລີດ	@໐໘	@15	<br><p-n>1 </p-n>ພຣະ​ເຢຊູ​ຜູ້ງາມ​ເລີດ<br>ຜູ້​ຊົງ​ຄຸ້ມ​ຄອງ​ທົ່ວ​ໂລກາ<br>ຊົງ​ເປັນ​ພຣະ​ເຈົ້າ​ແລະ​ຊົງ​ເປັນ​ມະນຸດ<br>ຕົວ​ຂ້າ​ຈະ​ຮັກ​ພຣະອົງ<br>ຕົວ​ຂ້າ​ຍົກ​ທູນ​ພຣະອົງ​<br>ຕົນຊົງ​ສະງ່າ​ລາສີ​ສູງ​ສຸດ<br><br><p-n>2 </p-n>ທົ່ງ​ນາ​ໃຫຍ່​ກ້ວາງ​ງົດ​ງາມ<br> ແຖ​ວພືດ​ພົງ​ກໍ່​ແຮງ​ງາມ​ກ່ວາ<br> ເຖິງ​ຍາມ​ສະດູ​ເມື່ອ​ປົ່ງ​ໃບ​ດອກ​ບານ<br>ພຣະ​ເຢຊູຜູ້​ໂສພາ<br>ພຣະອົງ​ປະ​ເສີດ​ຫຼາຍ​ກ່ວາ<br> ຮັກສາ​ໃຈ​ຂ້າ​​ໃຫ້​ສຸກ​ສຳລານ<br><br><p-n>3 </p-n>​ແສງ​ແດດ​ສ່ອງ​ງາມ​ສົດ​ສີ<br> ແສງ​ດວງ​ຈັນ​ແສງ​ງາມ​ກ່ວາ​ນີ້<br>ຍັງ​ແສງ​ດວງ​ດາວ​ຊື່​ງສ່ອງ​ແຈ້ງ​ເຫຼື້ອມ​ໃສ<br>ພຣະ​ເຢຊູ​ບໍລິສຸດ<br>ງາມ​ເລີດ​ດ້ວຍຣັດສະໝີ<br>ຝູງ​ເທວະ​ດາ​ຈິ່ງ​ຂາບ​ລົງ​ໄຫວ
ຂໍ​ພະ​ພອນ	@໐໙	@18	<br><p-n>1 </p-n>ຂໍພະ​ພອນ​ຈາກ​ເບື້ອ​ງ​ເທິງ​ລົງ​ມາ<br> ໃຫ້​ໃຈ​ຂ້າລົ້ນ​ເໜືອນ​ລຳ​ທານ<br>ຂອງ​ທຸກ​ສິ່ງ​ທີ່ຂ້າ​ໄດ້​ມີ​ຢູ່<br>ລ້ວນ​ພຣະອົງ​ເປັນ​ຜູ້​ປະທານ<br> ໂມທະນາ​ພຣະຄຸນ​ຂອງ​ພຣະ​ເຢຊູ<br>ດ້ວຍ​ຂັບ​ຮ້ອງ​ບົດ​ເພງ​ຖວາຍ<br>ຂ້າ​ຢືນ​ຢູ່​ເທິງ​ສີ​ລາ​ໝັ້ນຄົງ<br>ຄື​ພຣະອົງ​ຜູ້​ຮັກ​ຫຼວງ​ຫຼາຍ<br><br><p-n>2 </p-n>ໃນ​ອະດີດ​ຊົງ​ຊ່ວຍ​ໃຫ້​ມີ​ໄຊ<br>ດຽວ​ນີ້​ຂ້າ​ຈິ່ງ​ເພີ່ງ​ອາ​ໃສ<br>ຂໍ​ຊົງ​ເມດ​ຕາ​ຂ້າ​ສະ​ເໝີ​ໄປ<br>ທັງ​ຈະ​ຊ່ອຍ​ຈົນ​​ເຖິງ​ວັນ​ຕາຍ<br>ພຣະ​ເຢຊູ​ໄດ້​ຊົງຕິດຕາມ​ຫາ​ຂ້າ<br>ເມື່ອ​ຫຼົງ​ຈາກ​ທາງ​ໄປ​ສະຫວັນ<br>ພຣະອົງ​ຊົງ​ເປັນຄວາມ​ຮັກ​ອັນ​​ໃຫຍ່​<br>ໄຖ່ດ້ວຍ​​ໂລຫິດ​ອັດສະຈັນ<br><br><p-n>3 </p-n>ຂ້າ​ເປັນ​ໜີ້​ພຣະຄຸນ​ພຣະ​ເຢຊູ<br>ຊົງ​ສະລະພຣະຊົນ​ເພື່ອ​​ໄຖ່<br>ຂໍ​ໃຫ້​ຄວາມ​ດີ​ຂອງ​ພຣະອົງ​ນີ້<br>ດຶງ​ດວງ​ໃຈ​ຂ້າ​ຈົນ​ວັນ​ຕາຍ<br>ພຣະອົງ​ຊົງ​ຮັກ​ຂ້າ​ສະ​ເໝີ​ຕໍ່​ໄປ​<br> ແຕ່​ຂ້າ​ມັກ​ຫຼົງ​ລືມ​ພຣະຄຸນ<br>ຕັ້ງ​ແຕ່​ນີ້​ໄປ​ຂໍ​ຖວາຍ​ຕົວ​<br>ກັບ​ພຣະອົງ​ຈົນ​ວັນ​ສຸດ​ທ້າຍ<br><br><p-n>4 </p-n>ພຣະບິດາ​ພຣະບຸດ​ພຣະວິນ​ຍານ<br>ກໍ​ປະທານ​ແກ່​ສິດທັງຫຼາຍ<br>ຖ້າ​ພຣະອົງ​ບໍ່​ສະ​ເດັດ​ມາ​ໂຜດ<br>ຂ້າ​ຕ້ອງ​ມ້ວຍ​ຕ້ອງ​ໄດ້​ຈິບຫາຍ<br>ຂໍ​ຊົງ​ເອັມດູ​ຂ້າ​ໂຜດ​ເອັມດູ​ຂ້າ<br>ພຣະອົງ​ດຽວ​ໂຜດ​ໃຫ້​ພົ້ນ​ໄດ້<br>ຂໍ​​ເມດ​ຕາ​ຂ້າ​ໂຜດ​ເມດ​ຕາ​ຂ້າ<br>ພຣະອົງ​ດຽວ​ໂຜດ​ໃຫ້​ພົ້ນ​ໄດ້
ພຣະ​ອົງ​ຜູ້​ຊົງ​ມີ​ລິດ​ອຳນາດ	@໑໐	@19	<br><p-n>1 </p-n>ພຣະອົງ​ຜູ້​ຊົງ​ມີຣິດອຳນາດ​<br>ຂ້າ​ຂໍ​ກົ້ມຂາບ​ນົບ​ນ້ອມ​ຖ່ອມ​ໃຈ​ລົງ<br>ຂໍວາງ​ໃຈ​ໃນພຣະອົງ<br>ແລະ​ຊື່​ກົງ​​ໄປເຖິງ​ວັນ​ຕາຍ​<br>ຈະ​ລຳບາກຫຼື​ວ່າ​ສຸກ​ສຳບາຍ<br>ຈະ​ເປັນ​ຫຼື​ຕາຍ​ຂໍ​ຮັບ​ໃຊ້​ພຣະອົງ<br><br><p-n>2 </p-n>ຂໍ​ໂຜດ​ພາ​ຂ້າ​ຂ້າມ​ຈາກ​ໂລກ​ນີ້<br>ດຳ​ເນີນ​ໄປ​ຕາມ​ແນວທາງ​ອັນ​ຊອບ​ທຳ​<br>ຂໍພຣະອົງ​ໂຜດ​ຊູ​ຊ່ອຍ<br>ເພື່ອ​ໃຫ້​ມີ​ຄວາມ​ພາກ​ພຽນ​ຮຽນ​<br>ດ້ວຍ​ຕັ້ງ​ໃຈ​ຕິດຕາມ​ພຣະ​ເຢຊູ<br>ຊົງ​ເປັນ​ຄູ​ດີ​ຜູ້ວາງ​ແບບຢ່າງ​ໃວ້<br><br><p-n>3 </p-n>ຂໍ​ຊ່ອຍ​ໃຫ້ເຮັດ​ຕາມ​ນ້ຳພຣະ​ໄທ<br>ເພື່ອ​ເປັນ​ຜູ້​ຊຳນານ​ໃນ​ການ​ຮັບ​ໃຊ້<br>ໃຫ້​ເປັນ​ຄົນ​ທີ່​ຮຽບຮ້ອຍ​<br>ພົ້ນຈາ​ກການ​ຕຳ​ໜິຕິຕຽນ<br>ການ​ທົດ​ລອງ​ຂໍ​ເອົາ​ເປັນ​ບົດຮຽນ<br>ທີ່​ຊູ​ຊ່ອຍ​ໃຫ້​ໄດ້​ກ້າວໜ້າ​ຖາວອນ
ເຊີນ​ພຣະອົງ​ກະສັດ​ອົງ​ໃຫຍ່	@໑໑	@20	<br><p-n>1 </p-n>ເຊີນ​ພຣະອົງ​ກະສັດ​ອົງ​ໃຫຍ່<br>ຜູ້​ຊົງຣິດ​ເໜືອ​ກ່ວາ​ຜູ້​ໃດ<br>ຄື​ພຣະບິດາ​ຊົງ​ສອນ​ໃຫ້​ສິດ​ຖວາຍ<br>ສາ​ທຸການ​ໂດຍ​ບໍ່​ວາຍ<br>ພຣະຜູ້​ຊົງ​ແພ້​ມານ​ຮ້າຍ​<br>ພຣະ​ເຈົ້າຊັ້ນຟ້າ<br><br><p-n>2 </p-n>ອົງ​ພຣະທຳ​ປະ​ທັບ​ໂລກາ<br>ພວກ​ສິດ​ຂໍ​ອ່ອນ​ນ້ອມ​ວັນ​ທາ<br>ຄື​ອົງ​ພຣະຄຣິດພວກ​ສິດ​​ເຂົ້າ​ເຝົ້າອ້ອນ​ວອນ<br>ຂໍພຣະອົງ​ຊົງ​ໂຜດ​ພອນ<br>ສຸບ​​ໃສ່​ດ້ວຍ​ພຣະວິນ​ຍານ<br>ເຊີນ​ສະຖິດ​ນຳ<br><br><p-n>3 </p-n>ເຊີນ​ພຣະວິນ​ຍານ​ສະ​ເດັດ​ມາ​<br>ຊົງ​ເພີ່ມ​ວິນ​ຍານ​ຂອງ​ພວກ​ຂ້າ<br>ເວລາ​ບັດ​ນີ້​ພຣະຜູ້​ຊົງ​ຄຸ້ມ​ຄອງ​ໃຈ​<br>ສະຖິດກັບ​ສິດ​ທັງຫຼາຍ​<br>ຊົງ​ສຸບ​ໃສ່​ຂ້າ​ຕໍ່​ໄປ​<br>ດ້ວຍຣິດອຳນາດ
ຢູ່​ໃກ້ຊິດ​ພຣະ​ເຈົ້າ	@໑໒	@21	<br><p-n>1 </p-n>ເຝົ້າ​ໃກ້​ສະໜິດ​ພຣະ​ເຈົ້າ​ແຮງ​ໃກ້​ແຮງ​ດີ<br>ເຖິງ​ວ່າ​ລຳບາກ​ພຽງ​ໃດ​ໃຈ​ຂ້າ​ຢາກ​ຢູ່​ໃກ້<br>ຄວາມທຸກ​ເດືອດຮ້ອນ​ໝົດ​ໄປ<br> ເພາະ​ຢູ່​ໃກ້​ພຣະຜູ້​ໄຖ່​<br>ແຮງ​ໃກ້ພຣະ​ອົງ​ແຮງ​ດີ<br>ຢູ່ໃກ້​ຊິດ​ພຣະ​ເຈົ້າ<br><br><p-n>2 </p-n>ເຖິງ​ວ່າ​ຂ້າ​ໄດ້​ເຫີ​ນຫ່າງ​ຈາກ​ທາງ​ພຣະ​ເຈົ້າ<br>ດວງ​ໃຈ​ວ້າ​ເວ້​ເປົ່າ​ປ່ຽວ​ຈິດ​ໃຈ​ຂ້າ​ໂສກ​ເສົ້າ<br> ເມື່ອນັ້ນ​ໃຈ​ຂ້າ​ຕ້ອງການ<br>ຢູ່​ໃກ້​ພຣະ​ເຈົ້າດົນ​ນານ<br>ແຮງ​ໃກ້​ພຣະອົງ​ແຮ​ງດີ<br>ຢູ່​ໃກ້ຊິດ​ພຣະ​ເຈົ້າ<br><br><p-n>3 </p-n>ຍາມ​ທຸກ​ລຳບາ​ກດັ່ງ​ນີ້​ຊົງ​ໂຜດ​ປານີ<br>ໄຂ​ທາງ​ສະຫວັນ​ໃຫ້​ມີ​ຂັ້ນ​ໄດ​ລົງ​ຈາກ​ຟ້າ<br>ເຫັນ​ເທວະ​ດາ​ຫງັບ​ມາ​<br>ເອີ້ນ​ຂ້າ​ໃຫ້​ເຂົ້າ​ໄປ​ໃກ້​<br>ແຮງ​ໃກ້ພຣະ​ອົງ​ແຮງ​ດີ<br>ຢູ່ໃກ້​ຊິດ​ພຣະ​ເຈົ້າ<br><br><p-n>4 </p-n>ແລ້ວ​ຂ້າ​ຈິ່ງ​ເຫັນ​ສະຫວ່າງ​ທາງ​ຂອງ​ພຣະ​ເຈົ້າ<br>ຄວາມ​ຍາກ​ລຳບາກ​ເບົາບາງ​ເມື່ອ​ຢູ່​ໃກ້​ພຣະອົງ<br>ຂ້າ​ຈະ​ຮ້ອງ​ດ້ວຍ​ສຸດ​ໃຈ ​ຍ້ອ​ງຍໍ​ພຣະ​ເຈົ້າທົ່ວ​ໄປ<br>ແຮງ​ໃກ້ພຣະ​ອົງ​ແຮງ​ດີ<br>ຢູ່​ໃກ້​ຊິດ​ພຣະ​ເຈົ້າ
ຂ້າສັນ​ຣະ​ເສີນ​ພຣະ​ເຈົ້າ	@໑໓	@25	<br><p-n>1 </p-n>ພຣະອົງ​ເຈົ້າຂ້າ​ຂ້ານ້ອຍ​ເຝົ້າ​ເບິ່ງ​ດ້ວຍ​ຢຳ​ເກງ<br>ເພາະ​ພຣະອົງ​ຊົງ​ເປັນ​ຜູ້​ສ້າງ​ຈັກກະວານ<br> ເມື່ອ​ຫຼຽວ​ເບິ່ງ​ດາວ​<br>ແລະ​ເມື່ອ​ໄດ້ຍິນ​ສຽງ​ຟ້າຮ້ອງ​<br>ເຫັນ​ສີພຣະຫັດ​<br>ຂອງ​ພຣະອົງ​ທົ່ວ​ທ້ອງຟ້າ<br><br>ຂໍ້​ຊ້ຳ​: ຂ້າສັນ​ຣະ​​ເສີນ​ພຣະ​ເຈົ້າຜູ້​ໂຜດ​ໃຫ້​ພົ້ນ<br>ພຣະ​ເຈົ້າຍິ່ງ​ໃຫຍ່​ພຣະ​ເຈົ້າຍິ່ງ​​ໃຫຍ່<br>ຂ້າ​ສັນລະ​ເສີນ​ພຣະ​ເຈົ້າຜູ້​ໂຜດ​ໃຫ້​ພົ້ນ<br>ພຣະ​ເຈົ້າຍິ່ງ​ໃຫຍ່​ພຣະ​ເຈົ້າຍິ່ງ​​ໃຫຍ່<br><br><p-n>2 </p-n>ເມື່ອຂ້າ​ຄຶດ​ເຖິງ​<br>ພຣະ​ເຈົ້າຜູ້​ບໍ່​ຊົງ​ເສຍດາຍ<br>ພຣະບຸດ​ອົງ​ດຽວ​<br>ສະ​ເດັດ​ມາ​ເປັນ​ຜູ້​ໄຖ່<br>ຖືກ​ທໍລະມານຄຶງ​ໄວ້​ທີ່​ກາງ​ແຂນ​ເພື່ອຂ້າ<br>ຂ້າ​ຂອບ​ພຣະຄຸນ​ທີ່​ພຣະອົງ​ຊົງ​ເມດ​ຕາ<br><br><p-n>3 </p-n>ຈະ​ສະ​ເດັດ​ມາ​ດ້ວຍ​ສຽງ​ແກດັງ​ກ້ອງ​ເວ​ຫາ​<br>ເພື່ອ​ຮັບ​ເອົາ​ຂ້າ​ກັບ​ໄປ​ຢູ່​ໃນ​ເມືອງຟ້າ​<br>ຂ້າ​ຈະ​ຂາບ​ລົງ​<br>ທີ່​ຝ່າ​ພຣະບາດດ້ວຍຖ່ອມ​ໃຈ ຖວາຍ​ພຣະກຽດ<br>ແກ່​ພຣະອົງ​ເຈົ້າຍິ່ງ​​ໃຫຍ່
ພຣະຄຣິດ​ໄດ້​ມາ	@໑໔	@26	<br><p-n>1 </p-n>ພຣະຄຣິດ​ໄດ້ ​ມາ​ຈົ່ງ​ສັນຣະ​ເສີນ<br>ດ້ວຍ​ສຸດ​ໃຈ​ຍິນ​ດີ ເພາະ​ໄດ້​ມີ​ຜູ້​ຊ່ວຍ<br>ພຣະ​ເຢຊູ​ຊົງ ໂຜດ​ຖວາຍ​ຕົນ​​ເອງ<br> ເປັນເຄື່ອງ​ບູຊາ​ໄຖ່​ໂທດ​ຄົນ​ບາບ​ທັງ​ຫຼາຍ<br>ໃຫ້​ພົ້ນດ້ວຍ​ຄວາມ​ເຊື່ອ<br><br><p-n>2 </p-n>ຈົ່ງ​ເບິ່ງ​ຄວາມ​ຮັກ​ ຂອງ​ພຣະບິດາ<br>ຜູ້​ຊົງ​ປະທານ​ພຣະບຸດ​ທີ່​ຮັກ​ອົງ​ດຽວ<br>ພຣະ​ເຢຊູ​​ໄດ້​<br>ໂຜດ​ຮັກສາ​ໃຫ້​​ເຮົາ​<br>ພົ້ນຈາກການ​ທົດ​ລອງ​<br>(ພຣະ​ເຢຊູຜູ້​ຊ່ວຍ​) ໆ<br><br><p-n>3 </p-n>ໝູ່​ເຮົາຈະ​​ເຫັນ​ ເມືອ​ງບໍຣິສຸດ<br> ເຢຣູຊາ​ເລັມ​ໃໝ່ ລົງ​ມາ​ຈາກ​ສະຫວັນ<br>ມາ​ແຕ່​ພຣະ​ເຈົ້າ<br>ປະກອບ​ດ້ວຍ​ລັດ​ສະ​ໜີ<br>ຮຸ່ງ​ເຮືອງ​ຂອງ​ພຣະອົງ<br>ຄົນ​ທຸກ​ຄົນ​ທີ່​ເຊື່ອ​ຈົ່ງ​ຄອຍຖ້າ​ພຣະອົງ<br><br><p-n>4 </p-n>ຜູ້​ທີ່​ມີນ້ຳ​ໃຈ ​ຢາກ​ຮັບ​ພຣະອົງ​<br>ຈົ່ງ​ເຊີນ​ພຣະອົງ​ມາ ຢູ່​ໃນ​ໃຈ​ຂອງ​ຕົນ<br>ຂໍພຣະວິນ​ຍານ​<br>ໂຜດ​ສ່ອງ​ແຈ້ງ​ໃນ​ໃຈ​ຂ້າ<br>ຂໍ​ໃຫ້​ພຣະອົງ​ເຈົ້າ<br>(ສະ​ເດັດ​ມາ​ໂດຍ​ເຣວ) ໆ
ພຣະຄຣິດ​ເປັນ​ເຈົ້າຊີວິດ	@໑໕	@34	<br><p-n>1 </p-n>ພຣະຄຣິດ​ເປັນ​ເຈົ້າຊີວິດ​ຂອງຂ້າ<br>ຊົງ​ເປັນ​ສະງ່າ​ຣາສີ<br>ຢ່າ​ໃຫ້​ຂ້າ​ລືມ​ເຣື່ອງມົງກຸດ​ໝາ​ມ<br> ໂຜດ​ນຳ​ເຖິງ​ໄມ້​ກາງ​ແຂນ<br><br>ຂໍ້​ຊ້ຳ: ຢ່າ​ໃຫ້​ຂ້າ​ລືມ​ເຄັດ​ເຊ​ມາ​ເນ<br>ຢ່າ​ໃຫ້​ຂ້າ​ລືມ​ຄວາມ​ທໍຣະມານ<br>ຢ່າ​ໃຫ້​ຂ້າ​ລືມ​ຄວາມ​ຮັກ​ອ່ອນ​ຫວານ<br> ໂຜດນຳ​ໄປ​ເຖິງ​ກາງ​ແຂນ<br><br><p-n>2 </p-n>ໃຫ້​ເຫັນ​ອຸບ​ໂມງ​ຂອງ​ພຣະອົງ​ເຈົ້າ<br>ບ່ອນ​ພວກ​ຜູ້ຍິງ​ໂສກ​ເສົ້າ<br>ບ່ອນ​ເທວະ​ດາ​ພິທັກ​ຮັກສາ<br>ເມື່ອ​​ເອົາ​ພຣະສົບ​ປົງ​ໄວ້<br><br><p-n>3 </p-n>ເໜືອ​ນມາຣິອາຊາ​ວມັກ​ດາລາ<br>ທີ່​ເອົາ​ເຄື່ອງ​ຫອມ​ບູຊາ<br>ຂໍ​ໃຫ້​ຂ້າ​ເຫັນ​ອຸບ​ໂມງ​ຫວ່າງ​ເປົ່າ<br> ໂຜດ​ນຳ​ໄປ​ເຖິງ​ກາງ​ແຂນ<br><br><p-n>4 </p-n>ໃຫ້​ຂ້າ​ເຕັມ​ໃຈ​ແບກ​ໄມ້​ກາງ​ແຂນ<br>ຕິດຕາມ​ພຣະອົງ​ທຸກ​ວັນ<br> ໃຫ້​ຂ້າ​ຮ່ວມ​ທຸກ​ກັບ​ພຣະ​ເຢຊູ<br>ພຣະອົງ​ທົນ​ທຸກ​ແທນ​ຂ້າ
ເຮ າຍຶດໝັ້ນໃນຄໍາສັນຍາ	@໑໖	@38	<br><p-n>1 </p-n>ເຮົາ​ຍຶດໝັ້ນ​ໃນ​ຄຳ​ສັນຍາ​ຂອງ​ອົງ​ພຣະຄຣິດ<br>ເຮົາຈະ​ສັນຣະ​ເສີນ​ພຣະອົງ​ສະ​ເໝີ​ເປັນນິດ<br>ສັນຣະ​ເສີນ​ຍ້ອງຍໍພຣະອົງ​ຜູ້​ຊົງ​ມີຣິດ<br>ຍຶດຖື​ຄຳ​ສັນຍາ​ຂອງ​ພຣະອົງ​ເຈົ້າ<br><br>ຂໍ້​ຊ້ຳ: ​ເຊື່ອ​ຖື​ເຊື່ອ​ຖື<br>ເຮົາ​ເຊື່ອ​ໝັ້ນຄຳ​ສັນຍາ​ຂອງ​ພຣະ​ເຈົ້າຜູ້​ຊ່ອຍ​ເຮົາ<br>ເຊື່ອ​ຖື​ ​ເຊື່ອຖື<br>ເຊື່ອ​ໝັ້ນ​ໃນ​ຄຳ​ສັນຍາ​ຂອງ​ພຣະອົງ​ເຈົ້າ<br><br><p-n>2 </p-n>ເຮົາ​ຍຶດໝັ້ນ​ໃນ​ຄຳ​ສັນຍາ​ທີ່​ບໍ່​ເຫຼວ​ໄຫຼ<br>ແມ່ນ​ຄວາມທຸກ​ຢູ່​ຮອບ​ຕົວ​ເຮົາ​ກໍ​ບໍ່​ຕົກ​ໃຈ​<br>ມີຊີວິດ​ໂດຍ​ພຣະ​ເຢຊູ​ຊົງ​ໃຫ້​ມີ​ໄຊ<br>ຍຶດຖື​ຄຳ​ສັນຍາ​ຂອງ​ພຣະອົງ​ເຈົ້າ<br><br><p-n>3 </p-n>ເຮົາ​ຍຶດໝັ້ນ​ໃນ​ພຣະສັນຍາ​ຈະລົ້ມບໍ່​ໄດ້<br>ຟັງສຽງ​ພຣະວິນ​ຍານ​ຊົງ​ເອີ້ນ​ຕາມ​ທາງ​ທີ່<br>ໄປ​ເຮົາ​ເຕັມ​ໃຈ​ມະ​ມອບ​ທຸກ​ສິ່ງ​ກັບ​ພຣະຜູ້​ໄຖ່<br>ຍຶດຖື​ຄຳ​ສັນຍາ​ຂອງ​ພຣະອົງ​ເຈົ້າ
​໑໗ ແຜ່​ຂ່າວ​ເຣື່ອງ​ຄວາມພົ້ນ​ໄປ	@41	<br><p-n>1 </p-n>ແຜ່​ຂ່າວ​ເຣື່ອງຄວາມພົ້ນ​ໄປ<br>ບໍ່​ວ່າ​ມີ​ຄົນ​ທີ່​ໃດ<br>ທຸກ​​ແຫ່ງທີ່​ມີດ​ວງ​ໃຈ<br>ວິ​ບາກ​ລ້ອມ​ຮອບ​ເຂົາ​ໄວ້​<br>ໃຫ້​ຄຣິດສະ​ຕຽນ​ທັງຫຼາຍ​ປະກາດດ້ວຍ​ຄວາມ​ຊື່ນ​ໃຈ<br>ວ່າ​ພຣະ​ເລົ້າ​​ໂລມ​ໄດ້​ມາ<br><br>ຂໍ້​ຊ້ຳ: ພຣະຜູ້​ເລົ້າ​ໂລມ​ໄດ້​ມາ<br> ພຣະຜູ້​ເລົ້າ​ໂລມ​ໄດ້​ມາ<br>ພຣະວິນ​ຍານ​ສະ​ເດັດ​ມາ<br> ຕາມ​ພຣະບິດາ​ສັນຍາ<br>ໃຫ້​ຍິງ​ຊາຍ​ເລົ່າ​ຂ່າວ​ໄປ​​ບໍ່​ວ່າ​ມີ​ຄົນ​ທີ່​ໃດ<br>ວ່າ​ພຣະ​ວິນ​ຍານ​ໄດ້​ມາ<br><br><p-n>2 </p-n>ເບິ່ງດູ​ກະສັດ​ອົງ​ໃຫຍ່​<br>ກຳຈັດ​ພະຍາດ​ໃຫ້ຫາ​ຍ<br>ວິນ​ຍານ​ທີ່​ຖືກ​ຂັງ​ໄວ້<br>ຊົງ​ປ່ອຍ​ໃຫ້​ເຂົາພົ້ນ​ໄດ້<br>ທຸກ​ຫ້ອງ​ພາຍ​ໃນ​ຄຸກ​ໃຫຍ່<br>ສຽງ​ເພງ​ຊະນະ​ກ້ອງ​ໄປ ວ່າ​ພຣະ​ເລົ້າ​ໂລມ​ໄດ້​ມາ<br><br><p-n>3 </p-n>ໃຊ້​ລີ້ນຂ້າ​ໝົດ​ສາມາດ<br>ປະກາດ​ຂ່າວ​ນີ້​​ແຜ່​ໄປ<br>ເຣື່ອງ​ຄວາມ​ຮັກ​ຂອງ​ພຣະ​ເຈົ້າ<br> ແລະ​ພຣະຄຸນ​ອັນ​ຍິ່ງ​ໃຫຍ່<br>ຂ້າ​ຜູ້​ທີ່​ມີ​ບາບ​ໜາ​ໄດ້​ເຂົ້າ​ເປັນ​ລູກ​ພຣະ​ເຈົ້າ<br>ພຣະຜູ້​ເລົ້າ​ໂລມ​ໄດ້​ມາ
​໑໘ ຂໍ​ຈົ່ງ​ປົກ​ປ້ອງ	@43	<br><p-n>1 </p-n>ຂໍ​ຈົ່ງ​ປົກ​ປ້ອງຊຳຣະ​ໃຈ​<br>ໂອ້ພຣະວິນ​ຍານຜູ້​ຊົງ​ຄວບ​ຄຸມ<br> ໂຜດ​ສະຖິດ​ຢູ່ໃນ​ໃຈ<br> ດຽວ​ນີ້ເພີ່ມ​ໃຫ້​ເຕັມ ດວງ​ໃຈ​ຂອງ​ຂ້າ<br><br>ຂໍ້​ຊ້ຳ: ພຣະວິນ​ຍານ​ສະຖິດ​ຢູ່<br>ຂໍ​ເຊີນ​ເພີ່ມ​​​ໃຫ້​ເຕັມ​ໃຈ​<br>ຂ້າ​ເພີ່ມ​ໃຫ້​ເຕັມ​ດວງ​ໃຈ<br>ຂອງ​ຂ້າ​ໂຜດ​ສະທິດຢູ່​ໃນ​ໃຈ​ດຽວ​ນີ້<br><br><p-n>2 </p-n>ພຣະວິນ​ຍານ​ຊົງ​ເພີ່ມ​ຂ້າ​ໄດ້<br>ຂ້າບໍ່ຮູ້​ວ່າ​ຊົງ​ເພີ່ມ​ຢ່າງ​ໃດ<br>ຂ້າ​ຕ້ອງການ​ພຣະອົງ​ໜັກ​ໜາ​<br>ໂຜດ​ສະຖິດ​ຢູ່​ໃນ​ໃຈ​ດຽວ​ນີ້<br><br><p-n>3 </p-n>ຂ້າ​ເປັນ​ຄົນ​ອ່ອນ​ແອ<br>ຢູ່​ແລ້ວ​ໃຈ​ບໍ່​ຜ່ອງ​ໃສ​ຂໍຊຳຣະລ້າງ<br>ພຣະວິນ​ຍານ​ປະທານ<br>ພອນ​ຈິ່ງ​ຂໍ​ເພີ່ມ​ໃຈ​ຂ້າ​ໃຫ້​ເຕັມ​ດຽວ​ນີ້<br><br><p-n>4 </p-n>ຊົງ​ເລົ້າ​ໂລມ​ອວຍພອນ​ຮັກສາ​<br>ລ້ອມ​ຮອບ​ໃຈ​ຂ້າ​ຖ້ວມ​ຫົວ​ຖ້ວມ​ຫູ<br>ຜູ້​ເລົ້າ​ໂລມ​ອວຍພ​ອນຮັກສາ<br>ເຊີນ​ໂຜດ​ຊົງ​ເພີ່ມ​​ໃຫ້​ເຕັມ​ດຽວ​ນີ
​໑໙ ຂໍພຣະວິນ​ຍານ​ໂຜດ​ນຳ​ທາງ	@44	<br><p-n>1 </p-n>ຂໍພຣະວິນ​ຍານ​ໂຜດ​ນຳ​ທາງ​<br>ຂໍ​ປະ​ທັບ​ຢູ່​ໃກ້​ຄຽງ​ຂ້າງ<br>ຂໍ​ຈູງຂ້າ​ໃຫ້​ມີ​ໃຈ​ກ້າ<br> ເມື່ອ​ສັນຈອນ​ທຽວ​ທາງ​ໄປມາ<br> ໃຈ​ເບື່ອ​ໜ່າຍ​ກາຍເປັນ​ເບີກບານ<br>ເມື່ອ​ໄດ້​ຍິນ​ສຽງ​ເອີ້ນ​ອ່ອນ​ຫວານ<br>ວ່າ​ເຊີນ​ມາ​ຈົ່ງ​ຕາມ​ເຮົາ​ໄປ<br>ເຮົາ​ຈະ​ພາ​ກັບ​ບ້ານ​ເມືອງ​ຟ້າ<br><br><p-n>2 </p-n>ຊົງ​ຢູ່​ໃກ້​ເປັນ​ເໝືອນ​ເພື່ອນ​ຕາຍ<br>ຊົງ​ໂຜດ​ໃຫ້​ພົ້ນຈາກ​ມານ​ຮ້າຍ<br> ເມື່ອ​ເກີດ​ຢ້ານ​ຫຼື​ໃຈ​ສົງ​ໃສ<br>ຊົງ​ໂຜດ​ໃຫ້​ເກີດ​ຄວາມ​ແນ່​ໃຈ<br>ຄາວ​ທຸກ​ໂສກ​ຈິດ​ໃຈ​ມືດ​ມົວ<br>ໃຈ​ທໍ້ຖອຍ​ໝົດ​ຫວັງ​ຈົນ​ກົວ<br>ຊົງ​ຄອຍ​ກ່າວ​ວ່າ​ເຮົາ​ຢູ່ນຳ<br>ເຮົາ​ຈະ​ພາ​ກັບ​ບ້ານ​ເມືອງຟ້າ<br><br><p-n>3 </p-n>ຄວາມ​ລຳບາກໝົດ​ສິ້ນ​ເມື່ອ​ຕາຍ<br>ເຮົາ​ກໍ​ມີ​ທີ່​ພັກ​ສຳ​ບາຍ<br> ໃນ​ໜັງ​ສື​ທະບຽນ​ເມືອງ​ແກ້ວ<br>ອົງ​ພຣະຄຣິດຈົດ​ຊື່​ຂ້າ​ແລ້ວ<br> ໃນ​ໂລກ​ນີ້​ບໍ່​ມີ​ອັນ​​ໃດ<br>ເວັ້ນ​ແຕ່​ໂລ​ຫິດ​ພຣະຜູ້​ໄຖ່<br>ຊົງ​ຄອຍ​ກ່າວ​ວ່າ​ຕາມ​ເຮົາ​ໄປ<br>ເຮົາ​ຈະ​ພາ​ກັບ​ບ້ານ​​ເມືອງ​ຟ້າ ອາ​ແມນ
​໒໐ ເມືອງ​ເບັດ​ເລ​ເຮັມ	@46	<br><p-n>1 </p-n>ເມືອງ​ເບັດ​ເລ​ເຮັມກາຍ​ເປັນ​ເມືອງ​ສຳຄັນ<br>ເພາະ​ໃນ​ເມືອງ​ນັ້ນພຣະ​ເຢຊູ​ປະສູດ<br>ມື້​ນຶ່ງ​ພຣະ​ເຈົ້າ​ໃຫ້​ເທວະ​ດາ​ລົງ​ມາ<br>ປາກົດ​ແກ່​ບັນ​ດາ​ຜູ້​ລ້ຽງ​ແກະ​ຢູ່​ທົ່ງ<br> ເທວະ​ດາ​ຕົນ​ນັ້ນ​ໄດ້​ກ່າວ​ວ່າ<br>ພວກ​ເຈົ້ານັ້ນຢ້ານ​ຕົນ​​ເຮົາ​ເຮັດ​ຫຍັງ<br>ເຮົາ​ນຳ​ຂ່າວ​ດີ​ມາ​ໃຫ້​ເຈົ້າຊື່ນ​ໃຈ<br>ພຣະຄຣິດຜູ້​ໄຖ່​ໄດ້​ມາ​ເກີດ​<br>ເຄື່ອງໝາຍ​ສຳຄັນ​ຄືກຸມມານ​<br>ນັ້ນນອນ​ຢູ່​ໃນ​ຮາງ​ຫຍ້າ<br>ຜ້າອ້ອມ​ກັນ​ກາຍ​ຢູ່​ຮອບ​ພຣະກາຍາ<br>ເຊີນ​ເຈົ້າຈົ່ງ​ພາກັນ​ໄປ​ເບິ່ງ<br><br><p-n>2 </p-n>ໃນ​ບັດ​ດຽວນັ້ນຊາວ​ສະຫວັນ​ລົງ​ມາ<br>ຮ່ວມ​ກັບ​ເທວາຕົນ​ມາບ​ອກຂ່າວ<br>ພາກັນ​ຮ້ອງ​ເພງບັນ​ເລງ​​ເປັນ​ສຽງ​ດົນຕີ<br>ພຣະກຽດຈົ່ງ​ມີ​ແກ່​ພຣະອົງ​ເຈົ້າຜູ້​ດຽວ<br>ທີ່​ແຜ່ນດິນ​ໂລ​ກຈົ່ງ​ສັນ​ຕິ​ສຸກ​<br>ພຣະ​ເຈົ້າປະທານ​ຄວາມ​ຮັກ​ທົ່ວກັນ<br>ແລ້ວ​ເທວະ​ດາ​ຕ່າງ​ພາກັນ​ກັບ​ໄປ<br>ພວກ​ຜູ້​ລ້ຽງ​ແກະ​ກໍ​ດີ​ໃຈ<br>ແລ້ວ​ພາກັນ​ໄປ​ກໍໄດ້​ເຫັນ<br>ຈິງ​ຕາມ​ສິ່ງ​ທີ່​ບອກ​ກ່າວ​<br>ເຣື່ອງຣາວຄາວ​ນັ້ນຈິ່ງ​ຮູ້​ກັນ​ຫຼວງ​ຫຼາຍ<br>ທັງ​ຍິງ​ທັງ​ຊາຍ​ກໍ​ຍິນ​ດີ
​໒໑ ກາງຄືນ​ສະ​ງັດ	@48	<br><p-n>1 </p-n>ກາງຄືນ​ສະ​ຫງັດ​ກາງຄືນ​ສະຫ​ວັດ​<br>ດາວ​ພິ​ເສດ<br>ສ່ອງ​ທົ່ວ​ໄປ​ທີ່​ສະຖານ<br>ໄກ​ມີນາ​ງມາຣິອາ<br>ອຸ້ມ​ລູກ​ນ້ອຍ​ອ່ອນ​ຄືກຸມມານ​ເຢຊູ​<br>ໄດ້​ຊົງ​ນອນຫຼັບດ້ວຍ​ສຸຂາ​(2)<br><br><p-n>2 </p-n>ກາງຄືນ​ສະຫ​ງັດ​ກາງຄືນ​ສະຫ​ວັດ<br>ພວກ​ລ້ຽງ​ແກະ<br>ຕົກ​ໃຈ​ກົວ​ເມື່ອ​ໄດ້​ເຫັນ<br>ຣັດສະ​ໜີສ່ອງ​ມາ​ທົ່ວ<br>ຊາວ​ສະ​ຫວັນ​ຮ້ອງ​ວ່າອາ​ເລ​ລູຢາ<br>ພຣະ​ເຢຊູຊົງ​ປະສູດ​ມາ (2)<br><br><p-n>3 </p-n>ກາງຄືນ​ສະຫ​ງັດ​ກາງຄືນ​ສະ​ຫວັດ<br>ຣາຊະບຸ​ດ<br>ຊົງ​ປະກອບ​ດ້ວຍ​ຄວາມ​ຮັກ<br>ສ່ອງ​ອອກຈາກ​ທີ່​ພຣະພັກ​<br>ທ່ານ​ຊົງ​ເມດ​ຕາກະລຸນາ​ດີ​ໜັກ<br>ພຣະເຢຊູ​ຊົງ​ປະສູດ​ມາ​ (2)
​໒໒ ເກີດ​ແລ້ວ​ພຣະກຸມມານ	@50	<br>ຂໍ້​ຊ້ຳ:​ເກີດ​ແລ້ວ​ພຣະກຸມມານ​ບໍຣິສຸດ<br>ຈົ່ງ​ຊົມ​ຊື່ນ​ຍິນ​ດີ​ແລະ​ຮ້ອງ​ເພງ<br> ເກີດ​ແ​ລ້ວພຣະກຸມ​ມານ​ບໍຣິສຸດ<br>ສັນຣະ​ເສີນ​ເພາະ​ພຣະອົງ​ໄດ້​ມາ<br><br><p-n>1 </p-n>ຍາມ​ພຣະຄຸນ​ໄດ້​ມາ​ເຖິງ​ໝູ່​ເຮົາ<br>ຊຶ່ງ​ພວກ​ຜູ້​ທຳ​ນວາຍ​ໄດ້​ປະກາດ<br>ຍາມ​ພຣະຄຸນ​​ໄດ້​ມາ​ເຖິງ​ໝູ່​ເຮົາ<br>ພາກັນ​ຮ້ອງ​ເພງ​ດ້ວຍ​ສຸດ​ໃຈ​ເຮົາ<br><br><p-n>2 </p-n>ຮາງ​ຫຍ້າ​ເປັນ​ບ່ອນ​ກຸມມານ​ຊົງ​ນອນ<br>ມີ​ເຟືອງ​ທີ່​ນອນ​ພຣະອົງ​ປູໄວ້<br>ຮາງ​ຫຍ້າ​ເປັນ​ບ່ອນ​ກຸມມານ​ຊົງ​ນອນ<br>ພຣະອົງ​ຊົງ​ຖ່ອມຕົວ​ລົງ​ພຽງ​ເຮົາ<br><br><p-n>3 </p-n>ໃນ​ຮາງ​ຫຍ້າ​ພຣະອົງ​ນອນ​ສຳບາຍ<br> ແລະ​​ເຕັມ​ໄປ​ດ້ວຍ​ຄວາ​ມສຸກ​ສຳລານ<br> ໃນ​ຮາງ​ຫຍ້າ​ພຣະອົງນອນ​ສຳ​ບາຍ<br> ໄດ້​ຊົງ​ຮັບ​ກຽດຕິຍົດ​ອັນ​ໃຫຍ່<br>ຂໍ້​ຊ້ຳ:​ເກີດ​ແລ້ວ​ພຣະກຸມມານ​ບໍຣິສຸດ<br>ສັນຣະ​ເສີນ​ເພາະ​ພຣະອົງ​ໄດ້​ມາ ຕໍ່​ຂໍ້ ໓
ເຈົ້າຜູ້​ຮູ້​ຄວາມທຸກ​ລຳບາກ​ຢູ່	@໕໒	@151	<br><p-n>1 </p-n>ເຈົ້າຜູ້​ຮູ້​ຄວາມທຸກ​ລຳບາກ​ຢູ່<br>ຈົ່ງ​ຖືນາມ​ພຣະ​ເຢຊູ​ໄປ<br>ຈະ​ໄດ້​ບັນ​ເທົາ​ແລະ​ຄວາມຊຸ່ມ​ຊື່ນ<br>ຈົ່ງ​ຖື​ໄປ​ທາງ​ມໍ່​ທາງ​ໄກ<br><br>ຂໍ້​ຊ້ຳ: ນາມ​ປະ​ເສີດ ດີ​ລ້ຳ​ເລີດ<br>ຄວາມ​ໄວ້​ໃຈທັງ​ໂລກ​ທັງ​ຟ້າ<br>ນາມ​ປະ​ເສີດ ອັນ​ດີ​ລ້ຳ​ເລີດ<br>ຄວາມ​ຍິນ​ດີ​ທັງ​ໂລກ​ທັງ​ຟ້າ<br><br><p-n>2 </p-n>ຈົ່ງ​ຖື​ນາມ​ພຣະ​ເຢຊູຕໍ່​ໄປ<br>ເພື່ອ​ບັງ​ເຈົ້າພົ້ນຈາກ​ສັດຕູ<br>ຄັນ​ຄວາມ​ທົດ​ລອງ​ອ້ອມ​ຢ່າ​ສົງ​ໃສ<br>ຈົ່ງ​ອ້ອນວອນ​ເພິ່ງ​ນາມ​​ເຢຊູ (ຊ້ຳ)<br><br><p-n>3 </p-n>ຄັນ​ພຣະອົງ​ຊົງ​ອູ້ມ​ຮັບ​​ເຮົາ​ຢູ່<br>ໃຫ້ລີ້ນ​ເຮົາ​ຮ້ອງ​ສັນ​ຣະ​ເສີນ<br>ໂອ້​ພຣະນາມ​ປະ​ເສີດ​ພຣະ​ເຢຊູ​<br>ໃຈ​ຂອງ​ເຮົາ​ຍິນ​ດີ​ເຫຼືອ​ເກີນ (ຊ້ຳ)<br><br><p-n>4 </p-n>ຕໍ່​ນາມ​ພຣະ​ເຢຊູ​ເຮົາ​ນົບ​ນ້ອມ<br>ຂາບ​ລົງໄຫວ້​ທີ່​ຂ້າງພຣະບາດ<br>ໃນ​ເມືອງ​ຟ້າ​ສະຫວັນ​ຈະ​ຍ້ອງ​ຍໍ<br>ພຣະຜູ້​ເປັນ​ເຈົ້າອົງ​ເມດ​ຕາ (ຊ້ຳ)
ພຣະເຈົ້າຊົງ​ພາ	@໕໓	@156	<br><p-n>1 </p-n>ພຣະ​ເຈົ້າຊົງ​ພາ​ໂອ້​ຂ່າວ​ລ້ຳ​ເລີດ<br>ຄວາມ​ຊົມ​ຊື່ນ​ໃຈ​ເລົ້າ​ໂລ​ມປະ​ເສີດ<br>ມີ​ການ​ອັນ​ໃດ​ຈະ​ຢູ່​ທີ່​ໃດ<br>ພຣະ​ເຈົ້າຊົງ​ພາ​ໃນ​ທາງ​ທີ່​ໄປ<br><br>ຂໍ້​ຊ້ຳ: ພຣະອົງ​ຊົງ​ນຳ ຊົງ​ນຳ​ຜູ້​ຂ້າ<br>ພຣະຫັດ​ພຣະອົງ​ໂຜດ​ຈູງ​ຜູ້​ຂ້າ<br>ຢາກ​ຕາມ​ພຣະອົງ​ດ້ວຍ​​ໃຈ​ນັບຖື<br>ເພາະ​ທາງ​ພຣະອົງ​ເປັນ​ທາງ​ສັດ​ຊື່<br><br><p-n>2 </p-n>ລາງ​ເທື່ອ​ຈະ​ພົບ​ຄວາມທຸກ​ມືດ​ມົວ<br>ລາງ​ເທື່ອ​ເປັນ​ສຸກ​ລອດ​ພົ້ນຄວາມ​ກົວ<br>ທີ່​ຍາກ​ທີ່​ງ່າຍທີ່​​ໃກ້​ທີ່​​ໄກ<br>ພຣະຫັດ​ພຣະອົງ​ຊົງ​ນຳພາ​ໄປ (ຊ້ຳ)<br><br><p-n>3 </p-n>ຜູ້​ຂ້າ​ຢາກ​ກຳພະຫັດ​ພຣະອົງ<br>ມີ​ໃຈ​ຍິນ​ດີ​ທາງ​ຂຶ້ນ​ທາງ​ລົງ<br>ບໍ່​ຈົ່ມບໍ່​ໝອງ​ບໍ່​ຂັດ​ບໍ່​ຂວາງ<br>ພຣະອົງ​ຊົງ​ໂຜດ​ໃຫ້​ທຽວ​ຕາມ​ທາງ (ຊ້ຳ)<br><br><p-n>4 </p-n>ຄັນ​ການ​ຜູ້​ຂ້າ​ສຳ​ເລັດ​ໃນ​ໂລກ<br>ຄັນ​ແພ້​ຄວາມ​ບາບ​ແລະ​ຄວາມທຸກ​ໂສກ<br>ຄວາມ​ຕາຍ​ນອງ​ມາ​ຈິ່ງບໍ່​ຕ້ອງ​ຢ້ານ<br>ພຣະອົງ​ຊົງ​ໂຜດ​ໃຫ້ຂ້າ​ໄດ້​ຂ້າມ (ຊ້ຳ)
ພຣະ​ເຈົ້າຊົງ​ເປັນ​ຜູ້​ລ້ຽງ	@໕໔	@157	<br><p-n>1 </p-n>ພຣະ​ເຈົ້າຊົງ​ເປັນ​ຜູ້​ລ້ຽງ​ທີ່​ຮັກ<br>ພຣະຄຸນ​ພຣະອົງ​ບໍ່​ສູນຫາຍ<br>ຜູ້​ຂ້າ​ອົດທົນ​ການ​ລຳບາກ​ໜັກ<br>ພຣະອົງ​ຊົງ​ຮັກສາ​ຜູ້​ຂ້າ​ໄວ້<br><br><p-n>2 </p-n>ພຣະອົງ​ຊົງ​ບອກ​ໃຫ້​ຂ້າ​ພັກຜ່ອນ<br> ໃນ​ທົ່ງ​ທີ່ມີ​ຫຍ້າຂຽວສົດ<br>ຊົງ​ນຳ​ວິນ​ຍານ​ໄປ​ບ່ອນ​ມີນ້ຳ<br>ຊົງ​ລ້ຽງຮັກສາ​ດ້ວຍ​ອາ​ຫານ​ດີ<br><br><p-n>3 </p-n>ພຣະອົງ​ຊົງ​ຊູ​ແຮງ​ຈິດ​ວິນ​ຍານ<br>ເມື່ອ​ຂ້າ​ຂັດ​ຂືນພຣະບັນຊາ<br>ພຣະອົງ​ຊົງ​ນຳ​ໃນ​ທາງ​ຊອບ​ທຳ<br>ແມ່ນ​ເພາະ​ເຫັນ​ແກ່​ພຣະນາມ​ພຣະອົງ<br><br><p-n>4 </p-n>ເມື່ອ​ຕາ​ມຮ່ອມ​ພູ​ມືດ​ແຫ່ງ​ຄວາມ​ຕາຍ<br>ບໍ່​ຢ້າ​ນເພາະ​ທ່ານ​ຊົງ​ຢູ່​ນຳ<br> ໄມ້​ຄ້ອນ​ເທົ້າພຣະອົງ​ໄດ້​ໜູນ​ໃຈ<br>ດ້ວຍ​ຄວາມຄ້ຳຊູ​ແຮງ​ຂອງ​ພຣະອົງ<br><br><p-n>5 </p-n>ພຣະອົງ​ຊົງຕຽມການ​ລ້ຽງ​ໃຫ້​ຂ້າ<br>ຕໍ່ໜ້າ​ຕໍ່​ຕາ​ຂອງ​ສັດຕູ<br>ດ້ວຍ​ນ້ຳມັນ​ຊົງ​ຫົດ​ຫົວ​ຜູ້​ຂ້າ<br>ຂັນ​ນ້ຳຂອງ​ຂ້າຈຶ່ງ​​ເຫຼື​ອລົ້ນຢູ່<br><br><p-n>6 </p-n>ແທ້​ຈິງ​ຄວາມ​ດີ​ຄວາມ​ຮັກ​ໝັ້ນຄົງ<br>ຈະ​ຕິດຕາມ​ຂ້າ​ຕະຫຼອດ​ໄປ<br>ຜູ້​ຂ້າ​ຄົງ​ອາ​ໃສ​ໃນ​ຜາສາດ<br>ພຣະຢາ​ໂຮ​ວານັ້ນສຶບໆ​ໄປ ອາ​ແມນ
ເຮົາ​ສູ້ຍອມ​ຕາຍ​ເພື່ອ​ທ່ານ	@໕໕	@161	<br><p-n>1</p-n> ​ເຮົາ​ສູ້​ຍອມ​ຕາຍ​ເພື່ອ​ທ່ານ​<br>ໂລຫິດ​ປະ​ເສີດ​ຫລັ່ງ​ໄຫ​ລ<br>ເພື່ອ​ລ້າງ​ຊຳຣະວິນ​ຍານ<br>ໄຖ່​ໂທດ​ໃກ້​ເກີດ​ໃຈ​ໃໝ່<br>ສະລະ​ຊີວິດ​ບໍ່​ຄິດ​ເສຍ​ດາຍ<br>ທ່ານມີ​ສິ່ງ​ໃດ​ຖວາຍ (ໆ)<br><br><p-n>2 </p-n>ຜາສາດ​ແຫ່ງ​ພຣະບິດາ​<br>ບັນລັງ​ຮຸ່ງ​ເຮືອ​ງຂອງ​ເຮົາ<br> ໄດ້​ຖິ້ມ​ມາສູ່​ໂລກາ<br>ຮັບ​ທຸກ​ລຳບາກ​ດຽວດາຍ<br> ເຮົາ​ຖິ້ມ​ຍົດ​ສັກ​ທັງ​ໝົດ​ສູນ​ເປົ່າ<br>ທ່ານ​ຖິ້ມ​ອັນ​ໃດ​ເພື່ອ​ເຮົາ (ໆ)<br><br><p-n>3 </p-n>ເຮົາສູ້​ທົນ​ທຸກ​ແຮງ​ຮ້າຍ​<br>ເຫຼື​ອທີ່​ຈະ​ພັນ​ລະນາ<br>ທົນ​ຄວາມ​ຣາວີຈົນ​ຕາຍ<br>ໃຫ້​ທ່ານ​ພົ້ນ​ໄພ​ນານາ<br> ເຮົາ​ທົນ​ຄວາມ​ອາຍ​ເຫຼື​ອຫຼາຍ​ເພື່ອ​ທ່ານ<br>ທ່ານ​ທົນ​ອັນ​ໃດ​ເພື່ອ​ເຮົາ (ໆ)<br><br><p-n>4 </p-n>ເຮົາ​ນຳ​ຂອງ​ດີ​ລົງ​ມາ​<br>ຈາກ​ເມືອ​ງສະຫວັນ​ເບື້ອງ​ເທິງ<br> ເຮົາ​ນຳ​ຄວາມ​ຮັກ​ຄວາມພົ້ນ<br>ແລະການ​ຍົກ​ໂທດ​ໂຜດ​ຄົນ<br> ເຮົານຳ​ຂອງ​ດີ​ມາ​ຍື່ນ​ໃຫ້​ທ່ານ<br>ທ່ານ​ຍື່ນ​ສິ່ງ​ໃດ​ຕອບ​ແທນ (ໆ)
ຈົ່ງ​ເຮັດ​ການ​ດ້ວຍ​ໃຈ​ກ້າ	@໕໖	@170	<br><p-n>1 </p-n>ຈົ່ງ​ເຮັດ​ການ​ດ້ວຍ​ໃຈ​ກ້າ ​<br>ເຮົາ​ເປັນ​ສິດ​ພຣະ​ເຢຊູ<br> ເຮົາ​ຈົ່ງ​ຕາ​ມທາງ​ທີ່​ພາ<br>ເຖິງ​ຊີວິດ​ຕະຫລອດ​ໄປ<br>ພຣະອົງ​ຊົງ​ໂຜດ​ຮັກສາ<br>ໃຫ້​ເຮົາ​ຢູ່​ສຸກ​ສຳ​ບາຍ<br><br>ຂໍ້​ຊ້ຳ: ຈົ່ງ​ເຮັດການ ດ້ວຍ​ໃຈ​ກ້າ<br>ຈົ່ງ​ເຮັດ​ການ ດ້ວຍ​ໃຈ​ກ້າ<br>ຈົ່ງ​ລະວັງ ​ແລະ​ອ້ອນວອນ<br>ພຣ​ະເຢຊູ ສະ​ເດັດມາ​ໂດຍ​​ເຣວ<br><br><p-n>2 </p-n>ຈົ່ງ​ເຮັດ​ການ​ດ້ວຍ​ໃຈ​ກ້າ<br>ພາກັນ​ຊ່ອຍ​ຄົນ​ທີ່​ທຸກ​​ໃຈ<br>ຜູ້​ໄດ້​ໜີ​ຈາກ​ພຣະ​ເຈົ້າ<br>ໃຫ້​​ເຂົາ​ໄດ້​ຮັບຄວາມສຸກ<br> ເຊີນ​ເຂົາ​ໃຫ້​ເພ່ງຕາ​ເບິ່ງ<br>ໄມ້​ກາງ​ແຂນ​ຂອງ​ພຣະອົງ<br>ບອກ​ເຂົາ​ໃຫ້​ຮັບ​ເອົາ​ພຣະ<br>ຜູ້​ຊົງ​ໂຜດ​ໃຫ້​ໝັ້ນຄົງ (ຊ້ຳ)<br><br><p-n>3 </p-n>ຈົ່ງ​ເຮັດ​ການ​ດ້ວຍ​ໃຈ​ກ້າ<br>ພຣະ​ເຈົ້າຊົງ​ເອີ້ນ​ໝູ່​ເຮົາ<br> ໃຫ້​ເຮັດ​ການ​ຂອງ​ພຣະອົງ<br>ບໍ່​ໃຫ້​ຢຸດບໍ່​ໃຫ້​ເຊົາ<br>ຢ່າ​ໃຫ້​ມີ​ຄວາມ​ລະອາຍ<br>ຊ້ຳຕ້ອງ​ລືມ​ການ​ຕົນ​ເອງ<br>ບົວຣະບັດ​ພຣະ​ເຢຊູ<br>ດ້ວຍ​ສຸດ​ໃຈ​ແລະ​ສຸດ​ແຮງ (ຊ້ຳ)<br><br><p-n>4 </p-n>ຈົ່ງ​ເຮັດ​ການ​ດ້ວຍ​ໃຈ​ກ້າ<br>ຢ່າ​ຂາດຈົນ​ສຸດ​ຊີວິດ<br> ເຮົາ​ຈົ່ງ​ເປັນ​ພະຍານ​ຝ່າ​ຍ<br>ພຣະອົງ​ເຈົ້າ​ເຢຊູ​ຄຣິດ<br>ພາກັນ​ຕາມ​ພຣະ​ເຢຊູ<br>ມີ​ໃຈ​ອົດທົນ​ຄວາມທຸກ<br>ຈົນ​ໄດ້​ພັກ​ເຊົາ​ຢູ່ໃນ<br>ຟ້າ​ສະຫວັນ​ໄດ້​ຄວາມສຸກ (ຊ້ຳ)
ຈົ່ງ​ຊ່ອຍ​ຜູ້​ທີ່​ເສຍ​ໄປ	@໕໗	@175	<br><p-n>1 </p-n>ຈົ່ງ​ຊ່ອຍ​ຜູ້​ທີ່​ເສຍ​ໄປ​ຮັກສາ​ຜູ້​ຈະ​ຕາຍ<br>ດຶງ​ເຂົາ​ອອກ​ມາ​ໃຫ້​ລອດ​ພົ້ນຈາກ​ຄວາມ​ບາບ<br>ຈົ່ງ​ເມດ​ຕາ​ຜູ້​ຫຼົງ​ທາງ<br>ແລະ​ຜູ້​ຜິດພາດ​ໄປ<br>ບອກ​ວ່າ​ພຣະ​ເຢຊູ​<br>ຊົງ​ໂຜດ​ໃຫ້​ພົ້ນ​ໄດ້<br><br>ຂໍ້​ຊ້ຳ: ຊ່ອຍ​ໃຫ້​ພົ້ນອັນຕະລາຍ ຊ່ອຍ​ຜູ້​ທີ່​​ໃກ້​ຕາຍ<br>ພຣະ​ເຢຊູ​ຊົງ​ເມດ​ຕາ ຊົງ​ກະຣຸນາ<br><br><p-n>2 </p-n>​ເຖິງ​ແມ່ນ​ວ່າ​ເຂົາ​ດູ​ໝິ່ນ​ແຕ່​ຊົງ​ອົດ​ທົນ​ໄດ້<br>ຊົງ​ຄອຍ​ຄົນ​ບາບ​ໃຫ້​ສຳນຶກ​ຜິດກັບ​ໃຈ<br>ຈົ່ງ​ຮ້ອນ​ໃຈ​ຊັກ​ຊວນ​ເຂົາ​<br>ສັ່ງ​ສອນ​ດ້ວຍ​ເມດ​ຕາ<br>ຜູ້​ໃດ​ຍອມ​ເຊື່ອ ​<br>ພຣະອົງຊົງ​ຍົກ​ໂທດ​ໃຫ້ (ຂໍ້ຊ້ຳ)<br><br><p-n>3 </p-n>ຖ້າວ່າ​ມານ​ມາ​ລົບ​ກວນ​ຊັກ​ຊວນ​ໃຫ້​ຫຼົງ​ໄຫຼ<br>ຄົນ​ບາບ​ພົ້ນ​ໄດ້​ເພາະ​ພຣະ​ເຈົ້າກະຣຸນາ<br>ເອົາ​ໃຈ​ເຂົາ​ດ້ວຍ​ຄວາມ​ຮັກ<br>ຊັກ​ນຳ​ໃຫ້​ກັບ​ໃຈ​<br>ຈິດ​ໃຈ​ບວບ​ຊ້ຳຕ້ອງການ​<br>ຜູ້​ຊ່ອຍ​ເມດ​ຕາ (ຂໍ້ຊ້ຳ)<br><br><p-n>4 </p-n>ຈົ່ງ​ຊ່ອຍ​ຜູ້​ທີ່​ເສຍ​ໄປ​ດ້ວຍ​ໃຈ​ອັນ​ຮ້ອນຮົນ<br>ເວລາ​ເຂົ້າການພຣະອົງ​ຊົງຊູ​ກຳລັງ<br>ຈົ່ງ​ຊ່ອຍ​ເຂົາ​ດ້ວຍ​ພາກ​ພຽນ<br>ໃຫ້​ຄືນ​ຫາ​ທາງ​ດີ<br>ບອກວ່າ​ມີ​ຜູ້​ໂຜດ​<br>ໃຫ້​ພົ້ນຈາກ​ການ​ຫຼົງ (ຂໍ້​ຊ້ຳ)
ຂ້າ​ຍິນ​ດີ​ຍ້ອງຍໍ​ພຣະ​ເຢຊູ	@໕໘	@176	<br><p-n>1 </p-n>ຂ້າ​ຍິນ​ດີ​ຍ້ອງຍໍພຣະ​ເຢຊູ<br>ຜູ້​ປະທານ​ຄວາມ​ຮັກ​ເອັນດູ<br>ຊຳລະ​ລ້າງ​ໃຈ​ໃຫ້​ພອນ​ລົ້ນຢູ່<br>ຈົນ​ພະ​ພອນ​ໄຫລ​ຜ່ານ​ຕົວ​ມາ<br><br>ຂໍ້​ຊ້ຳ: ຂໍພະ​ພອນ​ຂອງ​ອົງ​ພຣະ​ເຢຊູ<br> ໄຫລ​ຜ່ານ​ຕົວ​ຂ້າ​ສູ່​ຜູ້​ອື່ນ<br>ຂໍ​​ໃຫ້ພອນ​ນັ້ນ​ໄຫລ​ຜ່ານ​ຕົວ​ຂ້າ<br>ທຸກ​ຊົ່ວ​ໂມງ​ແລະ​ທຸກ​ເວລາ<br><br><p-n>2 </p-n>ຕົວ​ຂ້າ​ເປັນ​ເຫລືອ​ນທໍ່​ທີ່​ຫວ່າງ​ເປົ່າ<br>ຂໍພຣະອົງ​ໃຫ້​ພອນ​​ໄຫລ​ມາ<br> ໃຫ້​ຂ້າ​ເປັນ​ຮາງ​ທີ່​ສະອາດ​ດີ<br>ເພື່ອ​ພອນ​ນີ້​ໄຫລ​ຜ່ານ​ຕົວ​ຂ້າ (ຊ້ຳ)<br><br><p-n>3</p-n> ​ໃຫ້​ຂ້າ​ເປັນ​ຮ່ອງ​ຄື​ທາງ​ໃຫ້​ພອນ<br> ໄຫລ​ສູ່​ຜູ້​ອື່ນ​ຊຶ່ງ​ເດືອດຮ້ອນ<br>ບອກ​ທາງ​ເພື່ອ​ໃຫ້​ເຂົາ​ພົ້ນຄວາມ​ຕາຍ<br><br>ຮັບ​ຄວາມຮັກ​ຂອງ​ພະ​ຜູ້​ໄຖ່ (ຊ້ຳ)<br><br><p-n>4 </p-n>ຂໍພຣະ​ເຢຊູ​ໂຜດ​ປະທານ​ໃຫ້<br>ພະ​ວິນ​ຍານ​ສະຖິດ​ໃນ​ໃຈ<br> ໃຫ້​ຂ້າ​ຮັບ​ເອົາ​ດ້ວຍ​ຄວາມ​ຖ່ອມ​ໃຈ<br>ເພື່ອນ້ຳທິບ​ໄຫລ​ຜ່ານ​ທົ່ວ​​ໄປ (ຊ້ຳ)
ເຮົາ​ໄດ້​ຍິນ​ຂ່າວ​ປະ​ເສີດວ່າ	@໕໙	@180	<br><p-n>1 </p-n>ເຮົາ​ໄດ້​ຍິນ​ຂ່າວ​ປະ​ເສີດ​ວ່າ<br>ພຣະ​ເຢຊູ​ໂຜດ​ໃຫ້​ພົ້ນ<br> ເຮົາ​ຈຶ່ງ​ປ່າວ​ປະກາດ​ທຸກ​ແຫ່ງ<br>ພຣະ​ເຢຊູ​ໂຜດ​ໃຫ້​ພົ້ນ<br> ເຮົາ​ຈຶ່ງ​ໄປ​ບອກ​ທຸກ​ປະ​ເທດ<br>ຂຶ້ນ​ພູ​ເຂົາ​ຂ້າມ​ນ້ຳທັງຫລາຍ<br> ເຮົາຮັບ​ໃຊ້​ພຣະ​ເຢຊູ​ເຈົ້າ<br>ພຣະອົງ​ຊົງ​ໂຜດ​ໃຫ້​ພົ້ນ<br><br><p-n>2 </p-n>ຮ້ອງ​ຂ່າວ​ນີ້​ໃຫ້​ທຸກ​ຄົນ​ຟັງ<br>ພຣະ​ເຢຊູ​ໂຜດ​ໃຫ້​ພົ້ນ<br>ບອກ​ຄົນ​ບາບ​ທັງ​ໃກ້​ທັງ​ໄກ<br>ພຣະ​ເຢຊູໂຜດ​ໃຫ້​ພົ້ນ<br>ຄົນ​ທີ່​ເຊື່ອ​ຈົ່ງ​ຮ້ອງ​ຂ່າວ​ນີ້<br>ຢ່າ​ອິດ​ອ່ອນ​ຈົ່ງ​ຮ້ອງ​ເພງ​ດີ<br> ແຜ່ນດິນ​ຕ້ອງ​ມີ​ຄວາມ​ຍິນ​ດີ<br>ພຣະອົງ​ຊົງ​​ໂຜດ​ໃຫ້​ພົ້ນ<br><br><p-n>3 </p-n>​ໂດຍ​ຄຶງ​ໄວ້​ທີ່​ໄມ້​ກາງ​ແຂນ<br>ພຣະ​ເຢຊູໂຜດ​ໃຫ້​ພົ້ນ<br>ດ້ວຍ​ອຳນາດ​ຄືນ​ມາ​ຈາກ​ຕາຍ<br>ພຣະ​ເຢຊູ​ໂຜດ​ໃຫ້​ພົ້ນ<br>ຈົ່ງ​ອອກສຽງ​ຄ່ອ​ຍໆ​ອ່ອນ​ຫວານ<br> ໃຫ້​ຖືກ​​ໃຈ​ຜູ້​ຮູ້​ທຸກ​ໂສກ<br> ເລົ້າ​ໂລມ​ໃຈຜູ້​ທີ່​ຮ້ອງ​​​​​ໄຫ້<br>ພຣະອົງ​ຊົງ​ໂຜດ​ໃຫ້​ພົ້ນ<br><br><p-n>4</p-n> ​ໃຫ້​ຂ່າວ​ນີ້​ຊ່າ​ລື່ທົ່ວ​ທີບ<br>ພຣະ​ເຢຊູໂຜດ​ໃຫ້​ພົ້ນ<br>ຄົນ​ທັງ​ປວງ​ຈົ່ງ​ຊື່ນ​ຍິນ​ດີ<br>ພຣະ​ເຢຊູໂຜດ​ໃຫ້​ພົ້ນ<br>ການ​ຊົງ​ໂຜດ​ໃຫ້​ທ່ານ​ພົ້ນນັ້ນ<br>ຊົງ​ປະທານ​ໃຫ້​ສຳ​ເລັດ​ແລ້ວ<br> ເຮົາ​ຈຶ່ງ​ຮ້ອງ​ຄວາມ​ຊະນະ​ນີ້<br>ພຣະອົງ​ຊົງ​​ໂຜດ​ໃຫ້​ພົ້ນ
ທະຫານ​ຂອງ​ພຣະ​ເຢຊູ​ເຈົ້າ	@໖໐	@188	<br><p-n>1 </p-n>ທະ​ຫານ​ຂອງ​ພຣະ​ເຢຊູ​ເຈົ້າ<br>ຈົ່ງ​ຕຽມຕົວ​ໄວ້​ໃຫ້​ພ້ອມ<br>ຈົ່ງ​ຢືນ​ຕໍ່ສູ້​ໝູ່​ມານ​ຮ້າຍ<br>ຮ່າງກາຍ​ວາຍ​ຊີ​ບກໍ​ຍອມ<br>ທຳລາຍ​ຄວາມ​ຊົ່ວ​ໃຫ້ຫາ​ຍ​ໄປ<br>ດ້ວຍຣິດຂອງ​ອົງ​ພຣະ​ເຢຊູ<br>ອອກຣົບຊະນະ​ທຸກ​ຍາມ​ໄປ<br>ເພາະ​ພຣະຄຣິດຊ່ອຍ​ຕໍ່ສູ້<br><br><p-n>2 </p-n>ທະຫານ​ຂອງ​ພຣະ​ເຢຊູ​ເຈົ້າ<br>ຈົ່ງ​ເຊື່ອ​ຟັງ​ພຣະວິນ​ຍານ<br>ຈົ່ງ​ໃຫ້​ພຣະອົງ​ຊົງ​ນຳ​ທາງ<br> ເໝືອນ​ແກ​ຊຶ່ງ​ເປັນ​ສັນຍານ<br> ເມື່ອ​ເຮົາ​ຕ້ອງ​ອອກ​ໄປ​ຕີ​ເສີກ<br>ຖືກ​ຄວາມຣົບ​ເລວ​ຮ້າຍ​ວຸ້ນວາຍ<br> ເຮົາ​ກໍມີ​ໄຊ​ບໍ່​ຕ້ອງ​ຢ້ານ<br>ຄວາມ​ຊົ່ວ​ຕ້ອງ​ຖືກ​ທຳລາຍ<br><br><p-n>3 </p-n>ທະຫານ​ຂອງ​ພຣ​ະເຢ​ຊູເຈົ້າ<br>ຂໍ​ແຮງ​ຈາກ​ພຣະບິດາ<br>ກຳລັງ​ມະນຸດ​ຊ່ວຍ​ບໍ່​ໄດ້​<br>ຢ່າ​ຫວັງ​ເພິ່ງ​ໃນ​ຕົນ​ເອງ<br>ອາ​ສັຍ​ອຳນາດ​ພຣະດຳຣັດ<br>ກ່າວ​ແລ້ວ​ໃຜ​ເຊື່ອ​ໄດ້​ມີ​ໄຊ<br>ຈົ່ງ​ທູນ​ຂໍດ້ວຍ​ຄວາມ​ແນ່​ໃຈ<br>ເພື່ອ​ໃຫ້​ສົມນ້ຳພຣະ​ໄທ<br><br><p-n>4 </p-n>ທະຫານ​ຂອງ​ພຣະ​ເຢຊູ​ເຈົ້າ<br>ການ​ຕີ​ເສີກ​ສະ​ງົບ​ໄວ<br>ວັນ​ນີ້​ສຽງຣົບຍັງ​ກຶກ​ກ້ອງ<br>ຮຸ່ງ​ຂຶ້ນ​ສຽງ​ຮ້ອງ​ມີ​ໄຊ<br>ຖ້າ​ໃຜ​ຊະນະ​ຕໍ່​ມານ​ຮ້າຍ<br>ຈະ​ໄດ້​ມົງກຸດ​ຝ່າຍ​ຊີວິດ<br> ແລ້ວ​ຢູ່​ກັບ​ພຣະ​ເຢຊູ​ເຈົ້າ<br>ຄຸ້ມ​ຄອງ​ຕະຫລອດ​ເປັນນິດ
ຂອບຄຸນ​ຍິນ​ດີ​ແດ່​ພຣະບິດາ	@໖໑	@196	<br><p-n>1 </p-n>ຂອບຄຸນ​ຍິນ​ດີ​ແດ່​ພຣະບິດາ<br>ເພາະ​ໃນ​ກາງຄືນ​ພຣະອົງ​ຮັກສາ<br>ຊົງ​ສືບ​ຊີວິດ​ຈົນ​ເທົ່າ​ເຖິງ​ແຈ້ງ<br>ຊົງ​ໂຜດ​ໃຫ້​ຫັຼບຫາຍ​ເມື່ອຍ​ມີ​ແຮງ<br><br>ຂໍ້​ຊ້ຳ:​ເທວະ​ດາ​ກໍ​ເຝົ້າຢູ່<br>ຂໍ​ໃຫ້​ປົກ​ປ້ອງ​ຮັກສາ​ຊີວິດ<br>ຂໍ​ເພີ່ງ​ອຳນາດ​ຂອງ​ພຣະ​ເຢຊູ<br>ຜູ້​ໂຜດ​ພຣະຄຸນອັນ​​ໃຫຍ່​ທີ່​ສຸດ<br>ຈົ່ງ​ຖວາຍ​ສາ​ທຸ​ການ<br> ແດ່​ພຣະຜູ້​ຊົງ​ເປັນ​ເຈົ້າຊີວິດ<br><br><p-n>2 </p-n>ຂອບຄຸນ​ຍິນ​ດີ​ເພາະ​ພຣະອົງ​ຮັກ<br>ຊົງ​ໂຜດ​ຂອງ​ກິນ​ຂອງ​ດື່ມ​ໃຫ້​ເຮົາ<br>ຍິນ​ດີ​ເພາະ​ມີ​ຄູ່​ຮັກ​ແກ່​ໃຈ<br>ກັບ​ຂອງ​ອັນ​ດີ​ທີ່​ມີ​ທົ່ວໄປ (ຊ້ຳ)<br><br><p-n>3 </p-n>ຂໍ​ຊ່ອຍ​ໃນ​ການ​ທຸກ​ສິ່ງ​ທຸກ​ຢ່າງ<br>ໃຫ້​ມີ​ໃຈ​ຮັກ​ແພງ​ໝູ່​​ຕາມ​ທາງ<br> ໃນ​ທາງ​ວາຈາ​ແລະ​ການ​ກະທຳ<br>ຂໍ​ໃຫ້​ຈຳ​ເຣີນ​ເປັນ​ຄົນ​ຊອບ​ທຳ (ຊ້ຳ)
ໃຈ​ມະນຸດ	@໖໒	@197	<br><p-n>1 </p-n>​ໃຈ​ມະນຸດ​ສຸດ​ລໍ້​ລວງ<br>ຄຽດ​ຊັງ​ຢ່າງ​ໜັກ​ໜ່ວງ<br>ບໍ່​ອາດ​ຊ່ອຍ​ຕົນ​ເອງ​ໄດ້<br>ທັງ​ໝົດ​ຕ້ອງ​ປ່ຽນ​ໃໝ່<br><br>ຂໍ້​ຊ້ຳ: ຜູ້​ໃດ​ມາ​ຫາ​ພຣະ​ເຈົ້າ<br>ເຊື່ອ​ສາຣະພາບ​ບາບ​ເກົ່າ<br>ຊົງ​ຊ່ອຍ​ໄດ້​ຈົນ​ສຸດ​ປາຍ<br>ບາບ​ນັ້ນຈະ​ຫຼຸດ​ຫາຍ<br><br><p-n>2 </p-n>ດວງ​ໃຈນັ້ນດຳ​ແສນ​ດຳ<br>ດ້ວຍ​ຄວາມ​ບາບ​ຄອບ​ງຳ<br>ຈະ​ຊຳຣະ​ໃຫ້​ເສາະ​ໃສ<br>ດ້ວຍ​ໂລຫິດ​ຫຼັງ​ໄຫຼ (ຊ້ຳ)<br><br><p-n>3 </p-n>ດວງ​ໃຈນັ້ນ​ແຂງ​ຄື​ຫີນ<br>ແຂງ​ກະດ້າງ​ໝົດ​ສິ້ນ<br> ໃຜ​ບໍ່​ຮູ້​ປ່ຽນ​ໃຈເອງ<br>ພຣະວິນ​ຍານ​ປ່ຽນ​ໄດ້ (ຊ້ຳ)<br><br><p-n>4 </p-n>ດວງ​ໃຈນັ້ນ​ເຕັມ​ດ້ວຍ​ບາບ​<br>ເປັນ​ໃຈທີ່​ອ່ອນ​ແຮງ<br>ຊ່ອຍ​ຕົນ​ເອງ​ບໍ່​ໄດ້​ແທ້<br>ພຣະຄຣິດຊົງ​ຊ່ອຍ​ໄດ້ (ຊ້ຳ)<br><br><p-n>5 </p-n>ບາບ​ໃດ​ຢູ່ໃນ​ໃຈ​ຕົນ<br> ໂລບ​ຮ້າຍ​ຫຼົງ​ມືດ​ໄປ<br>ຊັນນະສູດ​ກວດ​ໃຈ​ເອງ<br>ແລ້ວ​ຮັບ​ຍອມ​​ໂດຍ​ໄວ (ຊ້ຳ)
ສິ່ງ​ອັນ​​ໃດ​ລ້າງ​ຜິດ​ບາບ​​ໄດ້	@໖໓	@200	<br><p-n>1 </p-n>ສິ່ງ​ອັນ​ໃດລ້າງ​ຜິດ​ບາບ​ໄດ້<br>ມີ​ແຕ່​ໂລຫິດ​ຂອງ ​ພຣະ​ເຢຊູ<br>ສິ່ງ​ອັນ​ໃດ​ເຮັດ​ໃຫ້​ດີ​ໄດ້<br>ມີ​ແຕ່​ໂລຫິດຂອງ ​ພຣະ​ເຢຊູ<br><br>ຂໍ້​ຊ້ຳ:​ໂລຫິດ​ປະ​ເສີດ​ພຣະອົງ<br>ຊຳຣະ​ເຮົາ​ໃຫ້​ເປັນ​ຄົນ​ດີ<br>ບໍ່​ມີ​ສິ່ງ​ອັນ​ໃດ​ອື່ນ<br>ມີ​ແຕ່​ໂລຫິດ​ຂອງ​ ພຣະ​ເຢຊູ<br><br><p-n>2 </p-n>ສິ່ງ​ອັນ​ໃດ​ໃຫ້​ພົ້ນບາບ​ໄ​ດ້<br>ມີ​ແຕ່​ໂລຫິດ​ຂອງ ​ພຣະ​ເຢຊູ<br>ສິ່ງ​ອັນ​ໃດ​ອາດ​ລຶບ​ຜິ​ດ​ໄດ້<br>ມີ​ແຕ່​ໂລຫິດຂອງ​ ພຣະ​ເຢຊູ (ຊ້ຳ)<br><br><p-n>3 </p-n>ບໍ່​ມີ​ໃຜ​ອາດ​​ໄຖ່​ໂທດ​ໄດ້<br>ມີ​ແຕ່​ໂລຫິດຂອງ ​ພຣະ​ເຢຊູ<br>ການ​ດີ​ໃຜ​ກໍ​ເຮັດ​ບໍ່​ໄດ້<br>ມີ​ແຕ່​ເພີ່ງ​ໂລຫິດ​ພຣະ​ເຢຊູ (ຊ້ຳ)<br><br><p-n>4 </p-n>ນີ້​ແຫຼະ​ຄວາມ​ສຳລານມະນຸດ<br>ຄື​ໃນ​ໂລຫິດ​ຂອງ ພຣະ​ເຢຊູ<br>ນີ້​ແຫຼະ​ຄວາມ​ຊອບ​ທຳ​ທີ່​ສຸດ<br>ຄື​ໃນ​ໂລຫິດຂອງ ​ພຣະ​ເຢຊູ (ຊ້ຳ)
ພຣະຄຣິດ​ໄປ​ຈັດ​ແຈ່ງ​ບ່ອນ	@໖໔	@211	<br><p-n>1 </p-n>ພຣະຄຣິດ​ໄປ​ຈັດ​ແຈ່ງ​ບ່ອນ<br>ສຳລັບ​ພວກ​ເຮົາ​ທັງຫຼາຍ<br>ຈົ່ງ​ຄອຍ​ຖ້າ​ຕື່ມ​ຄວາມ​ເຊື່ອ​<br>ໄວ້​ໝັ້ນຄົງ​ປົງ​ໃຈ​ຢູ່<br> ເພື່ອພົບ​ຊີວິດ​ທີ່​ເຮົາ​<br>ປະສົງ​ຢາກ​ຮັບ​ເອົາ​ນັ້ນ<br>ຈົ່ງຂັບ​ຕາມ​ດ້ວຍ​ໃຈ​ພຽນ​<br>ຮຽນ​ຂັບ​ຕາມ​ຂໍ້​ຄຳ​ສັ່ງ<br><br><p-n>2 </p-n>ຜາສາດ​ຂອງ​ພຣະບິດາ​<br>ກໍ​ມີທີ່ຢູ່​ຫຼາຍ​ບ່ອນ<br>ພຣະຄຣິດຊົງ​ເປັນ​ທາງນັ້ນ<br>ເປັນຄວາມ​ຈິງ​ແລະ​ຊີວິດ<br>ຈິດ​ໃຈ​ພວກ​ເຮົາ​ທັງຫຼາຍ​<br>ແສນ​ຊື່ນ​ບານ​ແລະ​ຍິນ​ດີ<br>ບໍ່​ດົນ​ນານ​ພຣະອົງ​ສະ​<br>ເດັດມາ​ຕາມ​ຊົງ​ກ່າວ​ໄວ້<br><br><p-n>3 </p-n>ຜູ້​ທີ່ເຊື່ອ​ຈົ່ງ​ປົງ​ໃຈ​<br>ໄຫວ້ວອນຂໍ​ຄອຍ​ຖ້າ​ຢູ່<br>ພຣະອົງ​ບໍ່​ຊົງ​ກ່າວ​ຕາມ<br>ລຳພັງ​ເໝືອນ​ຢ່າງ​ມະນຸດ<br>ພຣະວິນ​ຍານ​ບໍລິສຸດ<br>ຊົງ​ສະຖິດຢູ່​ນຳ​ເລື້ອຍ<br>ຜູ້​ທີ່​ເຊື່ອ​ມີ​ບ່ອນ​ອາ​<br>ໃສ​ໃຈ​ສຳລານ​ຢູ່​ແລ້ວ<br><br><p-n>4 </p-n>ໂອ້​ພຣະ​ເຢຊູ​ຜູ້​ໄຖ່<br>ຜູ້​ຊົງ​ຮັກ​ແລະ​ເອັນດູ<br> ເຊີນ​ສະ​ເດັດ​ຫຍັບ​ມາ​ຊ່ອຍ<br> ໃນ​ຄາວ​ຫຍຸ້ງຍາກ​ໜັກ​ໜາ<br>ຂໍ​ຊ່ອຍ​ຊູ​ດ້ວຍ​ພຣະທຳ<br>ບໍລິສຸດ​ຂອງ​ພຣະອົງ<br>ຂ້າ​ນ້ອຍ​ປົງ​ຈິດ​ໃຈ​ໄວ້<br>ຈົນ​ສິ້ນ​ສຸດ​ລົມ​ຫັນ​ໃຈ
​໖໕ ເມື່ອ​ພຣະ​ເຢຊູ​ໂຜດ​ໃຫ້​ພົ້ນບາບ	@212	<br><p-n>1</p-n> ​ເມື່ອ​ພຣະ​ເຢຊູ​ໂຜດ​ໃຫ້ພົ້ນບາບ<br> ໂລກກັບກາຍ​ຄ້າຍຄື​ສະຫວັນ<br>ຖ້າ​ກາງ​ຄວາມທຸກ​ອຸກ​ອັ່ງ​ເຫຼືອ​ຫຼາຍ<br>ພຣະອົງ​ຢູ່ນຳ​ກໍ​ຄື​ສະຫວັນ<br><br>ຂໍ້​ຊ້ຳ: ອາ​ເລ​ລູຢາ​ຊົມຊື່ນ​ຍິນ​ດີ<br>ເມື່ອ​ພຣະອົງ​​ໂຜດຍົກ​ໂທດ​ຖ້ວນຖີ່<br>ທາງບົກທາງນ້ຳກໍ​ບໍ່​ສຳຄັນ<br>ພຣະອົງ​ຢູ່​ນຳ​ກໍ​ຄື​ສະຫວັນ<br><br><p-n>2 </p-n>ເມື່ອ​ກ່ອນ​ສະຫວັນ​ຊັ້ນ​ຟ້າ​ຄື​ໄກ<br>ແຕ່​ເມື່ອ​ພຣະຄຣິດຊົງ​ແຍ້ມ​ກັບ​ຂ້າ<br>ຈິດ​ໃຈ​ເປັນ​ສຸກ​ເພາະ​ພຣະອົງ​​ໃກ້<br>ມີ​ຄວາມ​ຊື່ນ​ບານ​ຕະຫລອດ​​ເວລາ (ຊ້ຳ)<br><br><p-n>3 </p-n>ຢູ່​ທາງ​ເໝືອຫຼື​ທາງ​ໃຕ້​ກໍ​ຕາມ<br>ໃນ​ໂຮງ​ເຈົ້ານາຍ​ຫຼື​ທີ່​ຖຽງ​ໄຮ່<br> ເຮົາ​ຢູ່​ທີ່​ໃດ​ກໍ​ບໍ່​ສຳຄັນ<br>ພຣະອົງ​ຢູ່​ນຳ​ກໍ​ຄື​ສະຫວັນ (ຊ້ຳ)
​ ໖໖ ເມືອງ​ສະຫວັນ	@213	<br><p-n>1 </p-n>​ເມືອງສະຫວັນ​ເມືອ​ງອັດສະຈັນ<br>ມີ​ກາງ​ເວັນ​ຕະຫລອດ​ການ<br> ເຂດ​ເມືອງ​ນັ້ນກໍອັດສະຈັນ<br>ມີ​ຂະໜາ​ດທໍ່​ກັນ​ທຸກດ້ານ<br><br>ຂໍ້​ຊ້ຳ: ພຣະອົງ​ເຈົ້າຊົງ​ເຊັດ​ນ້ຳຕາ<br>ເຖົ້າຊະຣາປ່ວຍ​ຕາຍ​ບໍ່​ມີ<br> ໃນສະຫວັນ​ບໍ່​ນັບ​ວັນ​ເດືອນ​ປີ<br>ເພາະ​ບໍ່​ມີ​ກາງຄືນ​ຕໍ່​ໄປ<br><br><p-n>2 </p-n>​ເມືອງ​ສະຫວັນ​ຮູບ​ຮ່າງ​ສີ່ຫຼ່ຽມ<br>ຖະໜົນປູ​ດ້ວຍ​ທອງຄຳ​<br>ມີ​ປະຕູ​ເຮັດ​ດ້ວຍ​ມຸກດາ<br>ແລະ​ບໍ່​ມີ​ກາງຄືນ​ຕໍ່​ໄປ (ຊ້ຳ)<br><br><p-n>3 </p-n>​​ເເມ່ນ້ຳ​ແຫ່ງ​ຊີວິດ​ຫຼັ່ງ​ໄຫຼ<br>ຜ່ານ​ໃຈກາງ​ເມືອ​ງງາມ​ເລີດ<br>ປະຕູ​ມຸກ​ໄຂ​ໄວ້​ສະ​ເໝີ<br>ເພາະ​ບໍ່​ມີ​ກາງຄືນ​ຕໍ່​ໄປ (ຊ້ຳ)<br><br><p-n>4 </p-n>ບໍ່​ຕ້ອງການ​ແສງ​ພຣະອາທິດ<br>ແສງ​ສະຫວ່າງ​ມີ​ຢູ່​ແລ້ວ<br> ເພາະ​ພຣະຄຣິດສ່ອງຣັດສະໝີ<br>ຈິ່ງ​ບໍ່​ມີ​ກາງຄືນ​ຕໍ່​ໄປ (ຊ້ຳ)
ມີ​ບ່ອນຢູ່​ເຮົາ​ກໍ່​ຮູ້	@໖໗	@220	<br><p-n>1 </p-n>ມີ​ບ່ອນຢູ່​ເຮົາ​ກໍ​ຮູ້​ເພາະ​ໄດ້​ເຊື່ອ<br>ເມືອງອັນ​ມ່ວນ​ແພງ​ປະ​ເສີດ​ເລີດ​ດີ​ເຫຼືອ<br>ພຣະບິ​ດາ​ຊົງ​ຄອງ​ຫາ​ໃຫ້​ໝູ່​ເຮົາ<br>ຢູ່​ຕະຫລອດ​ກັບ​ພຣະອົງ​ໃນ​ເມືອ​ງຟ້າ<br><br>ຂໍ້​ຊ້ຳ: ​ເຮົາ​ຄະນິງ​​ເຖິງ​ສະຫວັນ<br>ສະຖາ​ນທີ່​ພຣະອົງ​ຊົງ​ຕັ້ງ​ໄວ້​ໝັ້ນ<br>ສຸກ​ສຳບາຍ​ ​ໃນ​ທີ່​ນັ້ນ<br>ເພາະ​ສະຫວັນ​ເປັນ​ທີ່​ມີ​ສຸກຂະ​ເສີມ<br><br><p-n>2 </p-n>ພຣະອົງ​ຊົງ​ເຊີນ​ໃຫ້​ໝັ່ນ​ເດີນທາງ​ໄປ<br>ເຖິງ​ວິຫານ​ໜ້າ​ສະອອນ​ເກີດ​ສຸກ​ໃຈ<br> ເຮົາ​ຮັກ​ແພງ​ຢາກ​ເຝົ້າຢູ່​ທຸກ​ເວລາ<br>ມີ​ໃຈ​ຕິດ​ກັບ​ພຣະຄຣິດ​ເຖິງ​ເມືອ​ງຟ້າ (ຊ້ຳ)<br><br><p-n>3</p-n> ​ເມື່ອ​ຕົວ​ເຮົາ​ເຖິງ​ຈະ​ຫຼັບ​ຕາລາ​ໂລກ<br>ຄົງ​ຍິນ​ດີ​ໃຈ​ຈຳ​ເຣີນໝົດ​ທຸ​ກ​ໂສກ<br> ໃນ​ສະຫວັນ​ສຸ​ກກະ​ເສີມ​ອີ່ມ​ໃຈດີ<br>ອັນຕະຣາຍທຸກ​ຮ້ອນ​ຮ້າຍ​ຄົງ​ບໍ່​ມີ (ຊ້ຳ)<br><br><p-n>4 </p-n>​ເປັນ​ສະຖານ​ຂອງ​ພຣະອົງ​ອັນ​ເໝາະ​ສົມ<br>ພຣະບິດາ​ກະຣຸນາ​ຄວາມ​ເລົ້າ​ໂລມ<br>ມີ​ພຣະ​ໄທ​ຊົງ​ໂຜດ​ຮັກ​ທຸກ​ເວລາ<br>ພາກັນ​ຍ້ອງຍໍ​ພຣະຜູ້​ຊົງ​ເມດ​(ຊ້ຳ)
ໂອ້​ອົງ​ພຣະ​ເຢຊູ	@໖໘	@224	<br><p-n>1 </p-n>​ໂອ້​ອົງ​ພຣະ​ເຢຊູ​<br>ຄັນ​ມີປີກ​ເໝືອນ​ນົກ​ເປົ້າ<br>ຜູ້​ຂ້າ​ຈະ​ບິນ​ຂຶ້ນ<br>ຊອກ​ທີ່​ເພີ່ງ​ຊ້ອງ​ໜ້າພຣະອົງ<br>ທີ່​ນັ້ນຄົນ​ຫິວ​ອ່ອນ<br>ເວັນທຸກ​ຮ້ອນ​ໄດ້​ບັນ​ເທົາ<br>ຄວາມ​ຮ້ອນ​ໃຈວາງ​ໄວ້​<br>ກັບ​ພຣະອົງ​ຜູ້​ໝັ້ນຄົງ<br><br>ຂໍ້​ຊ້ຳ: ຂ້າ​ຄຶດ​ຮອດ​ທີ່ຢູ່​​<br>ໂອ້​ພຣະ​​ເຢຊູ​ເຈົ້າຂ້າຂໍ<br>ນຳ​ຂ້າ ​ເຖິງ​ທີ່ຢູ່<br>ຂໍນຳ​ຂ້າ ​ເຖິງ​ທີ່ຢູ່<br><br><p-n>2 </p-n>ຂ້າ​ເຣ່ງ​ສຸດ​ກຳລັງ​<br>ຕາມລຳພັງ​ຄົງ​ບໍ່​ເຖິງ<br>ນອກ​ພຣະອົງ​ບໍ່​ຫວັງ<br>ເພີ່ງ​ເພາະ​ບໍ່​ເຖິງ​ຢ້າ​ນຈິບຫາຍ<br> ເປັນ​ເຂດ​ຂ້າ​ມາ​ສູ່​<br>ຫາ​ທີ່ຢູ່​ຂໍ​ຮ່ຳ​ເພິ່ງ<br>ຂ້າ​ແຫງນ​ຫາ​ສະ​ຫວັນ​<br>ຝັນ​ຢາກ​ຢູ່​ບໍ່​ຮູ້​ວາຍ (ຊ້ຳ)<br><br><p-n>3 </p-n>ທີ່​ນັ້ນລົມ​ບໍ່​ພັດ<br>ນ້ຳບໍ່​ຂາດ​ສະ​ງັດ​ໃຈ<br>ຄວາມທຸກ​ການ​ລໍ້​ລວງ<br>ທັງ​ບ້ວງ​ບາດ​ໄດ້​ສະ​ງົບ​ໄປ<br>ນ້ຳຕາ​ບໍ່​ຫັ່ງ​ໄຫຼ​<br>ຄວາມ​ເຈັບ​ໄຂ້​ບໍ່​ຫ່ອນ​ເປັນ<br>ມີ​ສຸກ​ສະໜຸກ​ໃຫຍ່​<br>ເພາະ​ຜູ້​ໄຖ່​ເປັນ​ຮົ່ມ​ເຢັນ (ຊ້ຳ)<br><br><p-n>4 </p-n>​ໂອ້​ວຽງ​ງາມ​ປະ​ເສີດ<br>ພຣະອົງ​​ເປີດຮັບ​ຂ້າ​ໄວ້<br> ແສງ​ພຣະອົງ​ສ່ອງ​ແຈ້ງ​<br>ເຕັມ​ທົ່ວ​ໄປ​ໃນ​ຟ້າ​ສະຫວັນ<br>ທາງ​ປ່າ​ລ້ວນ​ໝາ​ມອຸກ<br>ທາງ​ນາຮົກ​ຂໍ​ຫ່າງ​ໄກ<br>ສະຫວັນ​ຄື​ລ້ວນ​ເຕັມ​<br>ສຸກຂະ​ເສີມ​ເປັນ​ທ່ຽງ​ໝັ່ນ (ຊ້ຳ)
ພຣະຄຣິດ​ໄດ້​ສະ​ເດັດ​ມາ	@໖໙	@225	<br><p-n>1 </p-n>ພຣະຄຣິດ​ໄດ້​ສະ​ເດັດມາ​ໃນ​ໂລກ​ນີ້​<br>ເພື່ອ​ໄດ້​ໂຜດຊ່ອຍ​ມະນຸດສະ​ໂລກ​ໃຫ້​ພົ້ນ<br>ຈາກ​ການ​ຂົ່ມ​ເຫງຂອງ​ພະຍາ​ມານ​ຕົວ​ຮ້າຍ​<br>ພຣະ​ເຈົ້າຊົງ​ໃຫ້​ເຮົາ​ມີ​ໄຊ​ຕໍ່​ສັດຕູ<br><br><p-n>2 </p-n>ເຮົາ​ຈະ​ມີ​ໄຊ​ຕໍ່​ສັດຕູ​ທັງຫຼາຍ​<br>ແລ້ວຈະ​ໄດ້​ຕາມ​ພຣະ​ເຢຊູ​ໄປ<br>ຈົນ​ເຖິງ​ໄດ້ຮອດ​ຜາສາດ​ຂອງ​ພຣະບິດາ<br>ພົບ​ຄວາມ​ສະ​ໜຸ​ກອັນ​ບໍຣິບູນຢູ່​ເລື້ອຍ<br><br><p-n>3 </p-n>ພຣະອົງ​ມີ​ໄຊ​ຕໍ່​ຄວາມ​ຕາຍ​ແລະ​ບາບ​<br>ຄວາມ​ຕາຍ​ອາດ​ໜ່ວງ​ໜ່ຽວ​ພຣະອົງ​ບໍ່​ໄດ້<br>ເພາະ​ພຣະອົງຊົງ​ມີ​ຣິດ​ແລະ​ລັດ​ສະໝີ​<br>ພວກ​ເຮົາ​ຈິ່ງ​ຍິນ​ດີ​ໃນ​ພຣະອົງ​ເຈົ້າ​ເລື້ອຍ<br><br><p-n>4 </p-n>ຄົນ​ບາບ​ທຸກ​ຄົນ​ຈົ່ງ​ມາ​ຫາ​ພຣະ​ເຈົ້າ<br>ຜູ້​ໂຜດ​ອົງ​ນຶ່ງ​ຊົງ​ມາ​ຊ່ອຍ​ພວກ​ເຮົາ<br>ໃຫ້​ເຮົາຮູ້ຈັກ​ພຣະນາມ​ຜູ້​ຊົງຊ່ອຍ​ເຮົາ<br>ເຮົາ​ຈົ່ງ​ຂາບ​ໄຫວ້​ຄອງຫາ​ພຣະ​ເຢຊູ​ເຈົ້າ
ຫາ​ພຣະ​ເຢຊູ	@໗໐	@227	<br><p-n>1 </p-n>ຫາ​ພຣະ​ເຢຊູ​ (2)<br>ຫາ​ພຣະ​ເຢຊູ ​ໄວ​ໄວ<br> ໄວ​ໄວ ຫາພຣະ​ເຢຊູ<br>ໄວ​ໄວ ຫາ​ພຣະ​ເຢຊູ ​ໄວ​ໄວ<br><br><p-n>2 </p-n>ພຣະອົງ​ໂຜດ​ໄຖ່​ (2)<br>ພຣະອົງ​ໂຜດ​ໄຖ່ ​ແນ່​ແທ້<br> ແນ່​ແທ້​ພຣະອົງ​ໂຜດ​ໄຖ່<br>ແນ່​ແທ້​ພຣະອົງ​ໂຜດ​ໄຖ່​ແນ່​ແທ້<br><br><p-n>3 </p-n>​ໄດ້​ຊົງ​ຍົກ​ໂທດ ​​(2)<br>ໄດ້​ຊົງ​ຍົກ​ໂທດ​ ໝົດ​ສຶ້ນ<br>ໝົດ​ສິ້ນ​ໄດ້​ຊົງ​ຍົກ​ໂທດ<br>ໝົດສິ້ນໄດ້​ຊົງ​ຍົກ​ໂທດ​ໝົດສິ້ນ<br><br><p-n>4 </p-n>ຢ່າ​ໄດ້​ຄອຍເຫິງ​ (2)<br>ຢ່າ​ໄດ້​ຄອຍ​ເຫິງ​ ເປັນນິດ<br> ເປັນນິດ​ຢ່າ​ໄດ້​ຄອຍ​ເຫິງ​<br>ເປັນນິດຢ່າ​ໄດ້​ຄອຍ​ເຫິງ​ເປັນນິດ<br><br><p-n>5 </p-n>ພຣະອົງ​ຄອຍ​ເຊີນ (2)<br>ພຣະອົງ​ຄອຍ​ເຊີນ ​ດຽວ​ນີ້<br>ດຽວ​ນີ້​ພຣະອົງ​ຄອຍ​ເຊີນ​ດຽວ​ນີ້<br>ພຣະອົງ​ຄອຍ​ເຊີນ​ດຽວ​ນີ້<br><br><p-n>6 </p-n>ຮີ​ບ​ເພີ່ງ​ພຣະອົງ​ (2)<br>ຮີບ​ເພີ່ງ​ພຣະອົງ​ ມື້​ນີ້<br>ມື້​ນີ້ຮີບ​ເພີ່ງ​ພຣະອົງ​<br>ມື້​ນີ້ຮີບ​ເພີ່ງ​ພຣະອົງ​ມື້​ນີ້
໗໑​ຮີບ​ມາ​ທຸກ​ຄົນທີ່​ບາບ​ກົດ​ຂີ່	@233	<br><p-n>1 </p-n>ຮີບ​ມາ​ທຸກ​ຄົນ​ທີ່​ບາບ​ກົດ​ຂີ່<br>ພຣະ​ເຈົ້າຊົງ​ຄວາມ​ເມດ​ຕາ<br>ພຣະອົງ​ປະທານ​ຄວາມສຸກ​ສຳຣານ<br>ຕາມ​ເຮົາ​ຈະ​ເຊື່ອ​ວອນ​ຫາ<br><br>ຂໍ້​ຊ້ຳ:​ເຊື່ອ​ແ​ຕ່​ເທົ່າ​ນັ້ນ ເ​ຊື່​ອ​ແຕ່​ເທົ່າ​ນັ້ນ<br>ເພີ່ງ​ພຣະອົງ​ບັດ​ນີ້<br>ພຣະອົງ​ຊົງໂຜດ ພຣະອົງ​ຊົງ​ໂຜດ<br> ໂຜດ​ໃຫ້​ພົ້ນມື້​ນີ້<br><br><p-n>2 </p-n>ພຣ​ະເຢຊູ​ຊົງ​ໃຫ້​​ໂລຫິດ​ໄຫລ<br>ເພື່ອ​ໂຜດ​ພຣະພອນ​ອັນ​ດີ<br>ຮີບ​ມາ​ຊຳຣະ​ໃຫ້​ໃຈ​ເສາະ​ໃສ<br>ໃຫ້ຫາ​ຍບາບ​ໂທ​ດຖ້ວນ​ຖີ່ (ຊ້ຳ)<br><br><p-n>3 </p-n>ຜູ້​ຊົງ​ຊຳຣະ​ແມ່ນ​ພຣະ​ເຢຊູ<br>ຊົງ​ພາ​ໄປ​ສູ່​ຄວາມ​ສຸ​ກ<br>ຈົ່ງ​ເຊື່​ອພຣະອົງ​ຢ່າງ​ດີ​ທັງ​ໝູ່<br>ຄວາມ​ເຊື່ອ​ຈຶ່ງ​ໃຫ້​ພົ້ນທຸກ (ຊ້ຳ)<br><br><p-n>4 </p-n>ຮີບ​ເຂົ້າພວກ​ສິດ​ແຫ່​ໄປ​ດ້ວຍ​ກັນ<br>ຈົນ​ເຖິງ​ພຣະຣັດສະໝີ<br> ໄປ​ສູ່​ວຽງ​ແກ້ວ​ເມືອງ​ຟ້າ​ສະຫວັນ<br>ໃຈ​ເຕັມຊົມ​ຊື່ນ​ຍິນ​ດີ (ຊ້ຳ)
ຂ້າ​ໄດ້​ຍິນ​ພຣະສຸຣະສຽງ	@໗໒	@234	<br><p-n>1 </p-n>ຂ້າ​ໄດ້​ຍິນ​ພຣະສຸຣະສຽງ<br>ເອີ້ນ​ຂ້າ​ໃຫ້​ມາ​ເຂົ້າ​ເຝົ້າ<br>ພຣະອົງ​ຊົງ​ຊຳຣະບາບ​ໝົດ​ເວນ<br>ດ້ວຍ​ໂລຫິດ​ຈາກ​ກາງ​ແຂນ<br><br>ຂໍ້​ຊ້ຳ: ຂໍ​ຊົງ​ພຣະ​ເມດ​ຕາ<br>ຂ້າ​ມາ​ເຝົ້າດຽວ​ນີ້<br>ຂໍ ​ໂລຫິດ​ຈາກ​ໄມ້​ກາງ​ແຂນ<br>ລ້າງບາບ​ໃຫ້​ໝົດ​ກຳ​ເວນ<br><br><p-n>2 </p-n>​ເຖິງ​ແມ່ນ​ຂ້າ​ອິດ​ເມື່ອຍ​ຍ້ອນ​ບາບ<br>ພຣະອົງ​ປະທານ​ເຫື່ອ​ແຮງ<br>ຖ້າວ່າ​ຊົ່ວ​ຊ້າ​ມົວ​ໜອງ​ປານ​ໃດ<br>ໂຜດ​ໃຫ້​ສະອາດ​ຜ່ອງ​ໃສ (ຊ້ຳ)<br><br><p-n>3 </p-n>ພຣະອົງ​ຊົງ​ສັນຍາ​ແນ່ນອນ<br>ແກ່​ຜູ້​ຊົງ​ຮັກ​ພັກດີ<br>ມານ​ຮ້າຍ​ບໍ່​ອາດ​ຈະ​ມາ​ກົດ​ຂີ່<br>ເພາະວ່າ​ພຣະອົງ​ຄຸ້ມຄອງ (ຊ້ຳ)<br><br><p-n>4 </p-n>​ໄຊ​ໂຍ​ໂລຫິດ​ອັນ​ປະ​ເສີດ<br>ໄ​ຊ​ໂຍຄວາມ​ຮັກ​ລ້ຳ​ເລີດ<br> ໄຊ​ໂຍຄວາມພົ້ນຂອງ​ອົງ​ພຣະຄຣິດ<br>ແມ່ນ​ຄວາມ​ຈິງ​ຕັ້ງ​ໂດຍຣິດ (ຊ້ຳ)
ຂ້າ​ຫຼົງ​ທາງ​ໄປ​ຫ່າງ​ໄກ	@໗໓	@235	<br><p-n>1 </p-n>ຂ້າ​ຫຼົງ​ທາງ​ໄປ​ຫ່າ​ງ​ໄກຈາກ​ພຣະ​ເຈົ້າ<br>ດຽວ​ນີ້​ຂໍ​ກັບ​ມາ<br>ຕິດຕາມ​ທາງ​ບາບ​ໃຈ​ຫຍາບ​ຊ້າ​ດົນນານ<br>ດຽວ​ນີ້​ຂໍ​ກັບ​ມາ<br><br>ຂໍ້​ຊ້ຳ: ກັບ​ມາ​ບ້ານ​ກັບ​ມາບ້ານ<br>ບໍ່​ຫຼົງ​ທາງ​ອີກ​ເລີຍ<br>ພຣະອົງ​ຊົງ​ຮັບ​ຜູ້​ຫຼົງ​ເສັຍ​ໄປ<br>ຂ້າ​ຮີບ​ກັບ​ມາ​ບ້ານ<br><br><p-n>2 </p-n>ຂ້າ​ເຄີຍ​ເຮັດ​ບາບ​ເປັນ​ເວລາ​ຫຼາຍ​ປີ<br>ດຽວ​ນີ້​ຂ້າ​ກັບ​ມາ<br>ຍອມ​ສາຣະພາບ​ຮັບຜິດ​ບາບ​ໂດຍ​ດີ<br>ດຽວ​ນີ້​ຂ້າ​ກັບ​ມາ (ຊ້ຳ)<br><br><p-n>3 </p-n>ຈະ​ຫຼົງ​ເຮັດ​ບາບ​ຢ່າງ​ເດີມ​ນັ້ນ​ໄດ້​ຫຼື<br>ຂ້າ​ກັບ​ມາ​ວັນ​ນີ້<br>ຂ້າ​ຮັກ​ຄຳ​ສອນ​ແລະ​ຍອມຮັບ​ເຊື່ອ​ຖື<br>ຈິ່ງ​ກັບ​ມາ​ວັນ​ນີ້ (ຊ້ຳ)<br><br><p-n>4 </p-n>ພຣະ​ເຢຊູ​ຊົງ​ຕາຍ​ທີ່​ໄມ້​ກາງ​ແຂນ<br>ຂ້າ​ຈິ່ງ​ກັບ​ວັນ​ນີ້<br>ຮັບ​ຊີວິດ​ໃໝ່​ດັບ​ທຸກ​ໂສກ​ໝົດ​ໜອງ<br>ຂ້າ​ຈິ່ງ​ກັບ​ວັນ​ນີ້ (ຊ້ຳ)
ຂ້າ​ບໍ່​ຫວ່ງ​ໃຍ​ໃນ​ສົມ​ບັດ	@໗໔	@238	<br><p-n>1 </p-n>ຂ້າ​ຫຼົງ​ທາງ​ໄປ​ຫ່າ​ງ​ໄກຈາກ​ພຣະ​ເຈົ້າ<br>ດຽວ​ນີ້​ຂໍ​ກັບ​ມາ<br>ຕິດຕາມ​ທາງ​ບາບ​ໃຈ​ຫຍາບ​ຊ້າ​ດົນນານ<br>ດຽວ​ນີ້​ຂໍ​ກັບ​ມາ<br><br>ຂໍ້​ຊ້ຳ: ກັບ​ມາ​ບ້ານ​ກັບ​ມາບ້ານ<br>ບໍ່​ຫຼົງ​ທາງ​ອີກ​ເລີຍ<br>ພຣະອົງ​ຊົງ​ຮັບ​ຜູ້​ຫຼົງ​ເສັຍ​ໄປ<br>ຂ້າ​ຮີບ​ກັບ​ມາ​ບ້ານ<br><br><p-n>2 </p-n>ຂ້າ​ເຄີຍ​ເຮັດ​ບາບ​ເປັນ​ເວລາ​ຫຼາຍ​ປີ<br>ດຽວ​ນີ້​ຂ້າ​ກັບ​ມາ<br>ຍອມ​ສາຣະພາບ​ຮັບຜິດ​ບາບ​ໂດຍ​ດີ<br>ດຽວ​ນີ້​ຂ້າ​ກັບ​ມາ (ຊ້ຳ)<br><br><p-n>3 </p-n>ຈະ​ຫຼົງ​ເຮັດ​ບາບ​ຢ່າງ​ເດີມ​ນັ້ນ​ໄດ້​ຫຼື<br>ຂ້າ​ກັບ​ມາ​ວັນ​ນີ້<br>ຂ້າ​ຮັກ​ຄຳ​ສອນ​ແລະ​ຍອມຮັບ​ເຊື່ອ​ຖື<br>ຈິ່ງ​ກັບ​ມາ​ວັນ​ນີ້ (ຊ້ຳ)<br><br><p-n>4 </p-n>ພຣະ​ເຢຊູ​ຊົງ​ຕາຍ​ທີ່​ໄມ້​ກາງ​ແຂນ<br>ຂ້າ​ຈິ່ງ​ກັບ​ວັນ​ນີ້<br>ຮັບ​ຊີວິດ​ໃໝ່​ດັບ​ທຸກ​ໂສກ​ໝົດ​ໜອງ<br>ຂ້າ​ຈິ່ງ​ກັບ​ວັນ​ນີ້ (ຊ້ຳ)
ເຊີນ​ທ່ານ​ທັງຫຼາຍ	@໗໕	@240	<br><p-n>1 </p-n>(ພຣະນິມິດ ໒໒:໑໗)​ເຊີນ​ທ່ານ​ທັງ​ຫຼາຍ​ທັງ​ຍິງ​ທັງ​ຊາຍ​ເຂົ້າມາ​ເທີນ<br>ດື່ມນ້ຳທິບ​ປະ​ເສີດ​ບໍ່​ເສຍ​ອັນ​ໃດ<br>ຖ້າ​ຜູ້​ໃດ​ເຄີຍ​ມີ​ຄວາມ​ຫິວ<br> ໃຫ້​ຜູ້ນັ້ນຈົ່ງ​ຮັບ​ປະທານ​ນ້ຳຝ່າຍ​ວິນຍານ<br>ຈາກ​ອົງ​ພຣະ​ເຢຊູ​ແຕ່​ຜູ້​ດຽວ<br><br><p-n>2 </p-n>(ມັດທາຍ ໑໑:໒໘) ​ເຊີນ​ຜູ້​ລຳບາກ​ທຸກ​ຍາກ​ທັງຫຼາຍ​ໃຫ້​ຮີບ​ມາ<br> ເຊີນ​ເຫຼົ່າປະຊາຊົນ​ເຊົາ​ເມື່ອຍ​ສຳ​ບາຍ<br>ຖ້າ​ຜູ້​ໃດ​ໃຈ​ອ່ອນ​ສຸພາບ<br> ໃຫ້​ຮຽນ​ຮູ້​ຈາກ​ພຣະ​ເຢຊູຜູ້​ຊົງ​ເປັນ​ຄຣູ<br>ແລະ​ຊົງ​ເປັນ​ຜູ້​ໄຖ່​ບາບ​ຂອງ​ເຮົາ<br><br><p-n>3 </p-n>(​​ໂຢຮັນ ໑໒:໒໗) ຄວາມ​ສຸກສະຫວັນ​ພຣະ​ເຈົ້າປະທານແກ່​ຜູ້​ເຊື່ອ<br>ຄວາມສຸກ​ນີ້​ຢູ່​ເໜືອ​ຄວາມສຸກ​ໃດ​ໃດ<br>ຖ້າ​ຜູ້​ໃດ​ເຄີຍ​ມີ​ຄວາມຫິວ<br> ໃຫ້​ຜູ້ນັ້ນຈົ່ງ​ຮີບ​ເຂົ້າມາ​ດ້ວຍ​ຄວາມ​ສັດທາ<br>ທູນ​ຂໍ​ຈາກ​ອົງ​ພຣະ​ເຢຊູ​ເຈົ້າ<br><br><p-n>4 </p-n>(​ເອຊາ​ອີ ໕໕:໑,໒) ​ເຊີນ​ຜູ້​ທຸກ​ຍາກລຳບາກ​ທັງຫຼາຍ​ຮັບ​ອາຫານ<br> ເຊີນ​ມາ​ຮັບ​ປະທານ​ບໍ່​ເສັຍ​ເງິນ​ທອງ<br>ເຫດ​ອັນ​ໃດ​ຈຶ່ງ​ຈ່າຍ​ເງິນ​ທອງ<br>ຊື້​ສິ່ງ​ຂອງ​ທີ່​ບໍ່​ອີ່ມ​ໃຈ​ແຕ່​ວ່າ​ດຽວ​ນີ້​<br>ພຣະ​ເຈົ້າຊົງ​ປະທານ​ຂອງ​ຢ່າງ​ດີ
​ໃຈ​ຊົ່ວ​ເທົ່າ​​ໃດ​ຂ້າ​ໄດ້​ເຊື່ອ​ວ່າ	@໗໖	@242	<br><p-n>1 </p-n>​ໃຈ​ຊົ່ວ​ເທົ່າ​ໃດ<br>ຂ້າ​ໄ​ດ້​ເຊື່ອ​ວ່າ ໂລຫິດ​ພຣະອົງ​ໄດ້​ໄຫຼເພື່ອ​ຂ້າ​<br>ໄດ້​ຊົງ​ເອີ້ນ​ມາເຊີນ​ມາ​ຢ່າ​ຊ້າ<br>ໂອ້​ພຣະ​ເຢຊູ ດຽວ​ນີ້​ຂ້າ​ມາ<br><br><p-n>2 </p-n>ບາບ​ມີ​ເທົ່າ​ໃດ ຂ້າ​ບໍ່​ອຳ​ໄວ້<br>ຂ້າ​ເອງ​ບໍ່​ອາດ​ຊຳລະ​ລ້າງ​ໄດ້<br>ຂໍ​ໂຜດ​ລ້າງບາບໃຫ້​ໃຈ​ສະອາດ<br>ໂອ້​ພຣະ​ເຢ​ຊູ ດຽວ​ນີ້​ຂ້າ​ມາ<br><br><p-n>3 </p-n>ກັງວົນ​ອຸກ​ໃຈ ວຸ້ນ​ວາຍ​ຫຼວງ​ຫຼາຍ<br>ຖືກ​ມານຮົບ​ກວນ​ຈົນ​ເກີດ​ສົງ​ໃສ<br>ຕໍ່ສູ້​ພາຍ​ນອກ​ແລະ​ຢ້ານ​ພາຍ​ໃນ<br>ໂອ້​ພຣະ​ເຢຊູ ດຽວ​ນີ້​ຂ້າ​ມາ<br><br><p-n>4 </p-n>​ເມື່ອ​ກ່ອນ​ໃຈ​ຂ້າ​ ປຽບ​ເໝືອນ​ຕາບອດ<br>ຂ້າ​ຊອກ​ສະ​ແຫວງ​ສະວ່າງທຸກ​ຢ່າງ​<br>ຈິ່ງ​ໄດ້​ທຸກ​ສິ່ງ​ໃນ​ພຣະອົງ​ເຈົ້າ<br> ໂອ້​ພຣະ​ເຢຊູ ດຽວ​ນີ້​ຂ້າ​ມາ<br><br><p-n>5 </p-n>​ໃຈ​ບາບ​ເທົ່າ​​ໃດ ພຣະອົງ​ຊົງ​ຮັບ​<br>ຍົກ​ໂທດ​ຊຳຮະ​ຜິດ​ບາບ​ໃຫ້ດັບ<br>ເມື່ອ​ຂ້າ​ອ້ອນວອນ​ພຣະອົງ​ໂຜດ​ຟັງ<br>ໂອ້​ພຣະ​ເຢຊູ ດຽວ​ນີ້​ຂ້າ​ມາ<br><br><p-n>6 </p-n>​ໂດຍ​ຄວາມ​ຮັກ​​ໃຫຍ່ ໜ້າ​ອັດສະຈັນ<br>ພຣະອົງ​ຊົງ​ເລີ​ກສິ່ງ​ທີ່ຂັດ​ຂວາງ​<br>ເພື່ອ​ໄດ້​ເປັນ​ສິດ​ຕິດຕາມ​ທ່ຽງໝັ້ນ<br>ໂອ້​ພຣະ​ເຢຊູ ດຽວ​ນີ້​ຂ້າ​ມາ
ການ​ວິວາຫະ​ທີ່​ບ້ານ​ກາ​ນາ	@໗໗	@244	<br><p-n>1 </p-n>ການ​ວິວາຫະ​ທີ່​ບ້ານ​ກາ​ນາ<br> ເຂົາ​ເຊີນ​ພຣະ​ເຢຊູ​ສະ​ເດັດ​ມາ<br>ດຽວ​ນີ້​ໝູ່ເຮົາ​ກໍ​ພ້ອມ​ຈັດການ<br>ຍິນ​ດີ​ນຳ​ກັນ​ກັບ​ຄົນ​ແຕ່ງງານ<br><br>ຂໍ້​ຊ້ຳ: ພຣະ​ເຢຊູ​ຂໍ​ຊົງ​ໂຜດ<br>ຊ່ອຍ​ສອງ​ຄົນ​ນີ້​ໃຫ້​ຕັ້ງ​ໃຈ​ໝັ້ນ<br>ທັງ​ຊາຍ​ທັງ​ຍິງ​ໂຜດ​ໃຫ້​ຮັກ​ກັນ<br>ຕາມ​ທາງ​ສຸກ​ທຸກຈະ​ຍາວ​ຈະ​ສັ້ນ<br>ພຣະ​ເຢຊູຂໍ​ຊົງ​ໂຜດ<br> ຊ່ອຍ​ສອງ​ຄົນ​ນີ້​ໃຫ້​ຮັກ​ແພງ​ກັນ<br><br><p-n>2 </p-n>ໜູ່​ເຮົາ​ພີ່ນ້ອງ​ໄດ້​ພາກັນ​ມາ​<br>ຈະ​ຂາ​ບລົງ​ໄຫວ້​ຕໍ່​ພຣະບິດາ<br>ຂໍ​ຊົງ​ອວຍພອນ​ໃຫ້​ເຂົາ​ທັງ​ສອງ<br>ແປງ​ໃຈ​ຫາ​ກັນ​ບໍ່​ໃຫ້​ເສົ້າໝອງ (ຊ້ຳ)<br><br><p-n>3 </p-n>​ຄູ່​ສ້າງເຄຫາ​ໃຫ້​ມີ​ຄວາມ​ຮັກ<br>ຄັນ​ຄຽດ​ຊັງ​ກັນ​ໃຫ້​ເຂົາ​ອົດ​ຢູ່<br>ການ​ລ້ຽງ​ຊີວິດ​ໃຫ້​ເອົາ​ໃຈ​​ໃສ່<br>ຊົດ​ຊ່ອຍ​ແກ່​ກັນ​ໃນ​ການ​ນ້ອຍ​ໃຫຍ່ (ຊ້ຳ)<br><br><p-n>4 </p-n>ນ້ຳນຶ່ງ​ໃຈດຽວ​ໃຫ້​ມີ​ເໝືອນ​ກັນ<br>ຂໍພຣະອົງ​ຊົງ​ພາ​ໄປ​ທຸກ​ວັນ<br> ໃຫ້​ຕາມ​ພຣະອົງ​ຕໍ່​ໄປ​ພາຍ​ໜ້າ<br>ຈົນລອດ​ພົ້ນ​ເຖິງ​ວຽງ​ແກ້ວ​ເມືອງ​ຟ້າ(ຊ້ຳ)
ຂໍພຣະ​ເຈົ້າ​ໂຜດ​ພອນ	@໗໘	@250	<br><p-n>1 </p-n>ຂໍພຣະ​ເຈົ້າ​ໂຜດ​ພອນ​ຈົນ​ເຫັນ​ກັນ​ອີກ<br>ຂໍ​ຊົງ​ນຳ​ໄປ​ຕາມ​ຄວາມ​ສັ່ງສອນ<br>ຊົງ​ຮັກສາ​ຈົນ​ພົ້ນຄວາມທຸກ​ຮ້ອນ<br>ຂໍພຣະ​ເຈົ້າ​ໂຜດ​ພອນ​ຈົນ​ເຫັນ​ກັນ​ອີກ<br><br>ຂໍ້​ຊ້ຳ: ຈົນ​ໄດ້​ເຫັນ​ກັນ​ອີກ​ ຢູ່​ຕໍ່ໜ້າ​ກັນ<br>ທີ່ພຣະບາດ​ຂອງ​ພຣະອົງ​ເຈົ້າ​ເຢຊູ<br>ຈົນ​ໄດ້​ເຫັນ​ກັນ​ອີກ​ຢູ່​ຕໍ່ໜ້າ​ກັນ<br>ຂໍພຣະ​ເຈົ້າ​ໂຜດ​ພອນ​ຈົນ​ເຫັນ​ກັນ​ອີກ<br><br><p-n>2 </p-n>ຂໍພຣະ​ເຈົ້າ​ໂຜດ​ພອນ​ຈົ​ນເຫັນ​ກັນ​ອີກ<br>ທີ່​ໄດ້​ເພີ່ງ​ໃນ​ຮົ່ມ​ເງົາ​ພຣະອົງ<br> ໂຜດ​ທຸກ​ວັນ​ໃຫ້​ອີ່ມ​ສຸກ​ສຳຣານ<br>ຂໍພຣະ​ເຈົ້າ​ໂຜດ​ພອນ​ຈົນ​ເຫັນ​ກັນ​ອີກ(ຊ້ຳ)<br><br><p-n>3 </p-n>ຂໍພຣະ​ເຈົ້າ​ໂຜດ​ພ​ອນ​ຈົນ​ເຫັນ​ກັນ​ອີກ<br>ຄັນ​ຖືກ​ອັນຕະຣາຍ​ເປັນ​ທຸກ​ໃຫຍ່<br> ໃຫ້​ພຣະຫັດ​ພຣະອົງ​ຊົງ​ອູ້ມ​ໄປ<br>ຂໍພຣະ​ເຈົ້າ​ໂຜດ​ພ​ອນຈົນ​ເຫັນ​ກັນ​ອີກ(ຊ້ຳ)<br><br><p-n>4 </p-n>ຂໍພຣະ​ເຈົ້າ​ໂຜດ​ພອນ​ຈົນ​ເຫັນ​ກັນ​ອີກ<br>ໃຫ້​ຄວາມ​ຮັກ​ອັນ​ໃຫຍ່​ຊົງ​ປົກ​ຫົວ<br> ໃຫ້​ຊະນະ​ຄວາມ​ຕາຍ​ຄວາມ​ມື​ດມົວ<br>ຂໍພຣະ​ເຈົ້າ​ໂຜດ​ພ​ອນຈົນ​ເຫັນ​ກັນ​ອີກ(ຊ້ຳ)
ໃຫ້​​ໂລກ​ຍິນ​ດີ	@໒໓	@51	<br><p-n>1 </p-n>ໃຫ້​ໂລກ​ຍິນ​ດີ​ພຣະອົງ​ສະ​ເດັດ<br>ໃຫ້​ໂລກ​ຕ້ອນຮັບ​ກະສັດ<br>ຈັດ​ໃຈ​ທຸກ​ຄົນ<br>ໃຫ້​ພຣະອົງ​ຢູ່<br> ສະຫວັນ​ກັບ​ໂລກ​ໂຫ່​ຮ້ອງ<br>ສະຫວັນ​ກັບ​ໂລກ​ໂຫ່​ຮ້ອງ<br>ສະຫວັນ​ ສະຫວັນ<br>ກັບ​ໂລກ​ໂຫ່​ຮ້ອງ<br><br><p-n>2 </p-n>ໃຫ້​ໂລກ​ຍິນ​ດີ​ທ່ານ​ຊົງຄຸ້ມ​ຄອງ<br>ໃຫ້​ຄົນຍົກ​ສຽງ​ຮ້ອງ​ເພງ ​<br> ໃຫ້​ບ້ານ​ກັບ​ປ່າ<br>ທັງ​ພູກັບ​ຮ່ອມ<br> ໂຫ່​ຮ້ອງ​ດ້ວຍ​ສຽງສະ​ນັ່ນ<br>ໂຫ່​ຮ້ອງ​ດ້ວຍ​ສຽງ​ສະ​ນັ່ນ<br> ໂຫ່​ຮ້ອງ​ ໂຫ່​ຮ້ອງ<br>ດ້ວຍ​ສຽງ​ສະ​ນັ່ນ<br><br><p-n>3 </p-n>ຢ່າ​ໃຫ້​ຄວາມ​ບາບ​ຄວາມ​ທຸກງອກ​ຂື້ນ<br>ຢ່າ​​ໃຫ້​ໝາ​ມບຽດ​ພື້ນ​ດິນ<br>ທ່ານ​ໄດ້​ຊົງ​ໂຜດ​<br>ໃຫ້​ສຸກ​ໄຫຼ​ມາ<br> ເຖິງ​ບ່ອນ​ເວນ​ກຳ​ປົກ​ງຳ<br>ເຖິງ​ບ່ອນ​ເວນ​ກຳ​ປົກ​ງຳ<br> ເຖິງ​ບ່ອນ​ ເຖິງ​ບ່ອນ​<br>ເວນ​ກຳ​ປົກ​ງຳ<br><br><p-n>4 </p-n>ໂລກ​ເຮົາ​ທ່ານຊົງ​ຄຸ້ມ​ຄອງ​ສັດ​ຊື່<br>ປະ​ເທດ​ທັງຫຼາຍຈົ່ງ​ຮູ້​<br>ທັງ​ຣັດສະໝີ<br>ຄວາມ​ຍຸດຕິ​ທຳ<br>ຄວາມ​ຮັກ​ອັນ​ອັດສະຈັນ<br>ຄວາມ​ຮັກ​ອັນ​ອັດສະຈັນ<br>ຄວາມ​ຮັກ ​ຄວາມ​ຮັກ<br>ອັນ​ອັດສະຈັນ
໒໔​ເມື່ອພຣະ​ເຢຊູ​ສະ​ເດັດ​ມາ	@52	<br><p-n>1 </p-n>ເມື່ອ​ພຣະ​ເຢຊູ​ໄດ້​ສະ​ເດັດ​ມາ​ໃນ​ໂລກ<br>ຊົງ​ເກີດ​ນຳ​ນາງ​ມາຣິອາ​ໃນ​ຮາງ​ຫຍ້າ<br> ໃນ​ບ່ອນ​ພຣະ​ເຢຊູ​ໄດ້​ເກີດ​ນັ້ນ<br>ມີ​ແຈ້ງ​ໂດຍຣັດສະໝີ​ພຣະ​ເຈົ້າ<br><br><p-n>2 </p-n>ພຣະຜູ້​ຊ່ອຍຂອງ​ພວກ​ເຮົາ​ໄດ້​ມາ​ເກີດ​ນັ້ນ<br>ເທວະ​ດາ​ປະກາດ​ແກ່​ພວກ​ຜູ້​ລ້ຽງ​ແກະ<br>ວ່າ​ຜູ້​ຊ່ອຍ​ອົງ​ນຶ່ງ​ຊົງ​ເກີດ​ແລ້ວ<br>ເພື່ອ​ເປັນ​ກະສັດ​ຂອງ​ຄົນ​ທັງ​ຫຼາຍ<br><br><p-n>3 </p-n>ເມື່ອນັ້ນພວກ​ໝໍ​ໂຫຣາ​ໄດ້​ມາ​ຊອກ​ຫາ<br> ເອົາ​ຄຳ​ກັບ​ກຳຍານ​ມາ​ຖວາຍ​ພຣະອົງ<br> ເມື່ອ​ໄດ້​ເຫັນ​ພຣະກຸມມານ​ນ້ອຍ​ນັ້ນ<br> ເ​ຂົາ​ໄດ້​ນົບ​ນ້ອມ​ຕົວ​ລົງ​ຂາບ​ໄຫວ້<br><br><p-n>4 </p-n>ພວກ​ໝໍ​ໂຫຣາ​ໄດ້​ເຫັນ​ພຣະ​ເຢຊູ​ແລ້ວ<br>ພຣະ​ເຈົ້າຊົງ​ບອກ​ເຂົາ​ໃນ​ນິມິດ​ຝັນ​ວ່າ<br>ບໍ່​ໃຫ້​ກັບ​ຄືນ​ໄປ​ເຝົ້າ​ເຮ​ໂຣດ<br>ແຕ່​ໃຫ້​ໜີ​ໄປ​ຕາ​ມທາງ​ເສັ້ນອື່ນ<br><br><p-n>5 </p-n>​ເມື່ອ​ເຂົາ​ໄດ້​ໜີ​ແລ້ວ​ຈົ່ງ​ເບິ່ງ​ເທວະ​ດາ<br>ແຫ່ງ​ພຣະຢາ​ໂຮ​ວາ​ຕົນ​ນຶ່ງ​ໄດ້​ປາກົດ<br> ແກ່​​​ໂຢ​ເຊບ​ໃນ​ຄວາມ​ຝັນ​ກ່າວ​ວ່າ<br>ທ່ານ​ຈົ່ງ​ລຸກ​ຂື້ນ​ເອົາ​ກຸມມານ​ໜີ<br><br><p-n>6 </p-n>ຈົ່ງ​ໄປ​ອາ​ໃສ​ຢູ່​ປະ​ເທດ​ເອຢິບພຸ້ນ<br>ທ່ານ​ໄດ້​ພາ​ກຸ​ມມານ​ນ້ອຍ​ກັບ​ມານ​ດາ​ໄປ<br> ໃນ​ເວລາ​ກາງຄືນ​ຈຶ່ງ​ໜີ​ໄປ<br>ອາ​ໃສ​ຢູ່​ແຜ່ນດິນ​ເອຢິບ​ນັ້ນ<br><br><p-n>7 </p-n>ຢູ່ຫັ້ນຈົນ​ເຮ​ໂຣດສິ້ນ​ຊີວິດຕາຍ​ໄປ<br>ເພື່ອຄຳ​ຂອງ​ພຣະອົງ​ເຈົ້າຈະ​ໄດ້​ສຳ​ເຣັດ<br>ຊຶ່ງ​ຊົງ​ກ່າວ​ໄວ້​ດ້ວຍ​ຜູ້​ທຳ​ນວາຍ​<br>ວ່າ​ເຮົາ​ເອີ້ນບຸດ​ຂອງ​ເຮົາ​ອອກ​ມາ
ບັນດາ​ສານຸສິດ	@໒໕	@53	<br><p-n>1 </p-n>ບັນດາ​ສານຸສິດ​ທີ່<br> ໄຊຊະນະຊື່ນ​ບານ​ໃຈ<br> ເຊີນ​ມາ​ເຖິງ​ບ້ານ​ເບດ​ເລ​ເຮັມ<br>ທີ່​ເກີດ​ຂອງ​ພຣະອົງ<br> ເຂົ້າ​ເບິ່ງ​ກຸມມານ​ເປັນ<br>ກະສັດ​ເໜືອ​ເທວະ​ດາ<br><br>ຂໍ້​ຊ້ຳ: ຈົ່ງ​ມາ​ຂາບ​ໄຫວ້​ພຣະ​ເຢຊູ<br>ຈົ່ງ​ມາ​ຂາບ​ໄຫວ້​ພຣະ​ເຢຊູ<br>ນະມັດສະການ​ຂາບ​ໄຫວ້<br>ອົງ​ພຣະ​ເຢຊູ​ຄຣິດ​ເຈົ້າ<br><br><p-n>2 </p-n>ບັນດາ​ເທວະ​ດາ​ຈົ່ງ<br>ຮ້ອງ​ເປັນຄວາມ​ຊື່ນ​ໃຈ​ຂຶ້ນ<br>ບັນດາ​ຊາວ​ສະຫວັນ​ທັງ​ເທິງ​<br>ອັນ​ຮຸ່ງແລະ​ເສາະ​ໃສ<br>ຣັດສະໝີ​ຈົ່ງ​ຖະ<br>ຫວາຍ​ແກ່​ພຣະອົງ​ສູງ​ສຸດ (ຊ້ຳ)<br><br><p-n>3 </p-n>ຈົ່ງ​ພາກັນ​ນົບ​ນ້ອມ​ສະ​<br>ລອງ​ວັນ​ເກີດ​ຂອງ​ພຣະອົງ<br> ໂອ້​ຂໍ​ຊົງ​ໂຜດ​ຮັບຣັດສະ​ໜີ<br>ທີ່ທູນ​ຖວາຍ<br>ພຣະທຳ​ພຣະບິດາ<br>ປາກົດ​ຮ່ວມ​ຊາດ​ມະນຸດ (ຊ້ຳ)
ໃນ​ຟ້າ​ອາກາດ	@໒໖	@54	<br><p-n>1 </p-n>ໃນ​ຟ້າອາກາດ​ເໝືອນ​ດັ່ງ​ໂຄມ​ໄຟ​ອັນ​ໃຫຍ່<br>ດາວ​ໄດ້​ພາ​ໄປ​ແລະ​ສ່ອງ​ແຈ້ງ​<br>ໃນ​ຫົນທາງສ່ວນ​ໝໍ​ໂຫຣາ​ໄດ້​ລາ<br>ຈາກ​ບ່ອນ​ທີ່​ພັກ​ອາ​​ໄສ​ຊີ້​ດາວ​ດ້ວຍ​ມີ​ເຂົາເອງ​<br>ຈົ່ງ​ເບິ່ງ ​ຈົ່ງ​ເບິ່ງ ຈົ່ງ​ເບິ່ງ<br>ດາວ​ສຳຄັນ​ຂອງ​ພຣະອົງ<br><br><p-n>2 </p-n>ເຊີນ​ຟັງ​ທີ່​ນ້ອງ​ແລະ​ສ່ຽວ​ອັນ​ແພງ​ປະ​ເສີດ​<br>ຈົ່ງ​ໄປ​ທາງ​ພຸ້ນ​ຕາມ​ດາວ​ໄດ້​ພາ​ໝູ່​ເຮົາ<br>ອາກາດ​ເຢັນ​ດີ​ແລະ​ທົ່ງ​ທັງ​ຫຼາຍ​ເປັນ​ສີ​<br>ງົດ​ງາມ​ແມ່ນ​ຄືນ​ສະ​ງັດ​ງຽບ​ດີ<br>ໂນ​ແອນ ​ໂນ​ແອນ<br>ໂນ​ແອນ​ ໝູ່​ເຮົາ​ຕ້ອງ​ຖ້າ​ພຣະອົງ<br><br><p-n>3 </p-n>ແມ່ນ​ພຣະອົງ​ເຈົ້າຄື​ຜູ້​ຊ່ອຍ​ທີ່​ເກີດ​ມາ​<br>ຢູ່​ເບ​ດ​ເລ​ເຮັມ​ໃນ​ຄອກ​ສັດ​ທີ່​ໂຮງ​ແຮມ<br>ນອນ​ທີ່​ຮາງ​ຫຍ້າ​ພຣະອົງ​ເປັນ​ແຈ້ງ​ທີ່​ສ່ອງ​<br>ແສງ​ໄປຣັດສະໝີ​ຂອງ​ພຣະ​ເຈົ້າ<br>ຮ້ອງ​ເພງ​ ຮ້ອງ​ເພງ​<br>ຈົ່ງ​ສັນຣະ​ເສີນ​ຜູ້​ຊ່ອຍ​ຂອງ​ເຮົາ
ເປັນ​ຍາມ​ທ່ຽງຄືນ	@໒໗	@55	<br><p-n>1 </p-n>ເປັນ​ຍາມ​ທ່ຽງ​ຄືນ​ທີ່​ມິດ​ສະ​ງັດ<br>ຝູງ​ເທວະ​ດາ​ລົງ​ມາ<br>ດີດ​ຂັດ​ຕະປີ່​ອັນ​ແລ້ວ​ດ້ວຍ​ຄຳ<br>ທັງ​ໄດ້​ຮ້ອງ​ເພງ​ກ່າວ​ວ່າ<br>ຄວາມ​ສຸກ​ຈົ່ງ​ມີ​ແກ່​ຊາດ​ມະນຸດ<br>ມາ​ແຕ່​ກະສັດ​ສະຫ​ວັນ<br><br><p-n>2 </p-n>ຝູງ​ເທວະ​ດາ​ພາກັນ​ລົງ​ມາ<br>ຮ້ອງ​ເພງ​ສຽງມ່ວນ​ໝັກ​ໜາ<br> ເພື່ອ​ໃຫ້​ບັນດາ​ມະນຸດ​ທຸກຄົນ<br>ຊົມ​ຊື່ນ​ຍິນ​ດີ​ຖ້ວນ​ໜ້າ<br>ໃນ​ໂລກ​ທົ່ວ​ໜ້າ​ມີ​ຄົນ​ໂສກ​ເສົ້າ<br>ບໍ່​ຄື​ສະຫວັນ​ທາງ​​ເທິງ<br><br><p-n>3 </p-n>ຄົນ​ໃດ​ເປັນ​ທຸກ​ໜັກ​ອົກ​ໜັກ​ໃຈ<br>ຍ້ອນ​ແບ​ກຂອງ​ໜັກ​ເຫຼືອ​ລົ້ນ<br>ຄົນ​ໃດ​ຄ່ອຍ​ຄ່ອຍ​ເດີນທາງ​ຂຶ້ນ​ຍາກ<br>ຈົນ​ເມື່ອຍ​ເບິ່ງ​ຄື​ບໍ່ພົ້ນ<br>ຈົ່ງ​ເບິ່ງ​ຄວາມ​ສຸກ​ປະ​ເສີດ​​​ເລີດລ້ຳ<br>ກຳລັງ​ເລື່ອ​ນລອຍ​ລົງ​ມາ<br><br><p-n>4 </p-n>ຈິງ​ແທ້​ວັນ​ຄືນ​ເຫຼົ່ານັ້ນ​ເຂົ້າມາ<br>ຊຶ່ງ​ໝໍ​ທຳ​ນວາຍ​ກ່າວ​ແລ້ວ<br>ປີ​ເດືອນ​ວຽນ​ຮອບ​ໄປມາ​ໄດ້​ນຳ<br>ຄາວ​ອັນ​ປະ​ເສີດ​ເຫຼືອ​ແກ້ວ<br>ຄວາມສຸກ​ຈະ​​ແຜ່​ອອກ​ໄປ​ທົ່ວ​ໂລກ<br>ປຽບ​ດັ່ງ​ແສງຣັດສະໝີ
ຈົ່ງ​ຟັງ​ເພງ​ຂອງ​ຝູງ​ເທວະ​ດາ	@໒໘	@59	<br><p-n>1 </p-n>ຈົ່ງ​ຟັງ​ເພງ​ຂອງ​ຝູງ​ເທວະ​ດາ​<br>ວ່າ​ສາທຸ​ກະສັດ​ເກີດ​ມາ<br>ພຣະ​ເມດ​ຕາພຣະ​ເຈົ້າອົງ​ສູງ​ສຸດ<br>ໂຜດ​ຄືນ​ດີກັນກັບ​ມະນຸດ<br>ທຸກ​ປະ​ເທດ​ຈົ່ງ​ຊື່ນ​​ໃຈ​ຍິນ​ດີ​<br>ຮ້ອງ​ພ້ອມ​ກັບ​ຊາວ​ຟ້າ​ໃນ​ທຸກທີ່<br>ຍົກສຽງ​ຂຶ້ນ​ດ້ວຍ​ໃຈ​ຊື່ນ​ເຕັມ<br>ທ່ານ​ຊົງ​ເກີດ​ທີ່​ເບ​ດ​ເລ​ເຮັມ<br>ຂໍ້​ຊ້ຳ: ຈົ່ງ​ຟັງ​ເພງ​ຂອງ​ເທວະ​ດາ<br>ວ່າ​ສາ​ທຸກະສັດ​ເກີດ​ມາ<br><br><p-n>2 </p-n>ອົງ​ພຣະຄຣິດສະຖິດ​ຢູ່​ເໜືອ​ຄົນ​<br>ຄື​ພຣະ​ເຈົ້າບໍ່​ມີ​ເບື້ອງ​ຕົ້ນ<br>ຖ່ອມ​ພຣະ​ໄທ​ສະ​ເດັດ​ມາ​ບັງ​​ເກີດ<br>ນຳ​ມາຣິອານ​າງ​ປະ​ເສີດ<br>ພຣະຜູ້​ເປັນ​ເຈົ້າຍິ່ງ​ໃຫຍ່​ທີ່​ສຸດ<br>ຊົງ​ຮັບ​ກາຍາ​ຮ່ວມ​ຊາດ​ມະນຸດ<br>ຈົ່ງ​ສາທຸ​ຜູ້​ຊົງ​ເກີດ​ເປັນ<br><br>ພຣະ​ເຢຊູ​ເອມານຸ​ເອັມ (ຊ້ຳ)<br><br><p-n>3 </p-n>ພຣະຜູ້​ໄດ້​ຊົງ​ຜູກ​ມິດ​ໄມຕີ<br> ໄດ້​ຊົງ​ນາມຜູ້​ລ້ຽງ​ອັນ​ດີ<br>ຄື​ຄວາມ​ຮຸ່ງ​ເຮືອງ​ຂອງ​ຄວາມ​ຊອບ​ທຳ<br>ສ່ອງ​ທົ່ວ​ໄປ​ທີ່​ມີ​ບາບກຳ<br>ທ່ານ​ຊົງ​ໂຜດ​ຊອກ​ຫາ​ຄົນ​ເສຍ​ຫາຍ<br>ຊົງ​ບັງ​ເກີດ​ມາ​ໂຜດ​ໃຫ້​ພົ້ນຕາຍ<br> ໂຜດ​ຍົກ​ບາບ​ໂທດ​ຊ້ຳ​ໂຜດ​ໃຫ້<br> ໄດ້​ຊີວິດ​ພົ້ນທຸກພົ້ນ​ໄພ (ຊ້ຳ)
ບໍ່​ມີ​ສະຫາຍ​ຊ່ວຍ​ເຮົາຄື​ພຣະ​ເຢຊູ	@໒໙	@63	<br><p-n>1 </p-n>ບໍ່ມີ​ສະຫາຍ​ຊ່ອຍ​ເຮົາ​ເໝືອນ​ພຣະ​ເຢຊູ<br>ບໍ່ມີ​​ໃຜ​ ບໍ່​ມີ​ໃຜ<br> ໃ​ຜລ້າງບາບ​ໄດ້​ນອກຈາກ​ອົງ​ພຣະ​ເຢ​ຊູ<br>ບໍ່​ມີ​ໃຜ ​ບໍ່​ມີ​ໃຜ<br><br>ຂໍ້​ຊ້ຳ: ຜິດ​ບາບ​ຂອງ​ເຮົາ​ພຣະ​ເຈົ້າຊົງ​ຊາບ​ໝົດ<br>ຈະ​ຊົງ​ໂຜດ​ເຮົາ​ຕະຫຼອດ​ເວລາ<br>ບໍ່​ມີ​ສະຫາຍ​ໂຜດ​ເຮົາ​ເໝືອນ​ພຣະ​ເຢຊູ<br>ບໍ່​ມີ​ໃຜ​ ບໍ່​ມີ​ໃຜ<br><br><p-n>2 </p-n>ບໍ່ມີ​ຜູ້​ໃດ​ບໍຣິສຸດ​ເໝືອນ​ພຣະອົງ<br>ບໍ່​ມີ​ໃຜ​ ບໍ່​ມີ​ໃຜ<br>ບໍ່​ມີ​ຜູ້​ໃດ​ຖ່ອມ​ໃຈ​ລົງ​ເໝືອນ​ພຣະອົງ<br>ບໍ່​ມີ​ໃຜ​ ບໍ່​ມີ​ໃຜ (ຊ້ຳ)<br><br><p-n>3 </p-n>ບໍ່​ມີ​ຍາມ​ໃດ​ທີ່​ພຣະອົງ​ບໍ່​ຢູ່​ໃກ້<br>ປ້ອງ​ກັນ​ໄພ ປ້ອງ​ກັນ​ໄພ<br>ກາງຄືນ​ມືດ​ດຳ​ພຣະອົງ​ເຝົ້າຮັກສາ​ໄວ້<br>ປ້ອງ​ກັນ​ໄພ​ ປ້ອງ​ກັນ​ໄພ (ຊ້ຳ)<br><br><p-n>4 </p-n>ພວກ​ສິດ​ທັງຫຼາຍ​ພຣະອົງ​ບໍ່​ຊົງ​ລື​ມເລີຍ<br>ບໍ່​ລືມ​ເລີຍ​ ບໍ່​ລືມ​ເລີຍ<br>ຄົນ​ບາບ​ຄວນ​ຮູ້​ວ່າ​ພຣະອົງ​ບໍ່​ເພີດ​ເສີຍ<br>ບໍ່​ເພີດ​ເສີຍ​ບໍ່​​ເພີດ​ເສີຍ (ຊ້ຳ)
ແຕ່​ກ່ອນ​ຂ້ອຍ​ຢາກ​ໄດ້​ພອນ	@໓໐	@67	<br><p-n>1 </p-n>ແຕ່​ກ່ອນ​ຂ້າ​ຢາກ​ໄດ້​ພອນ​ດຽວ​ນີ້​ມີ​ພຣະ​ເຈົ້າ ​<br>ແຕ່​ກ່ອນ​ເພິ່ງ​ໃນ​ຕົວ​ເອງ<br>ດຽວ​ນີ້​ເພິ່ງ​ພຣະທຳ​ແຕ່​ກ່ອນ​ຕ້ອງການ​ສິ່ງ​ຂອງ<br>ດຽວ​ນີ້​ຕາມ​ພຣະອົງ<br> ແຕ່​ກ່ອນ​ຢາກ​ແຕ່​ຢູ່​ດີ<br>ດຽວ​ນີ້​ໄດ້​ພຣະອົງ<br><br>ຂໍ້​ຊ້ຳ: ດຽວ​ນີ້​ຂ້າ​ຈະ​ຮ້ອງ​ເພງ​<br>ຍ້ອງຍໍ​ຖວາຍ​ສາທຸການ​<br>ສາຣະພັດ​ທີ່​ໄດ້ມີ​<br>ຢູ່​ເປັນ​ຂອງ​ພຣະຣາຊະ​ທານ<br><br><p-n>2 </p-n>ແຕ່​ກ່ອນວາງ​ແຕ່​ໂຄງການ​ດຽວ​ນີ້​ຊົງ​ນຳພາ<br>ແຕ່​ກ່ອນ​ເປັ​ນຫ່ວງ​ກັງວົນ<br>ດຽວ​ນີ້​ຊົງ​ຄຸ້ມ​ຄອງ ແຕ່​ກ່ອນ​ຕາມ​ອຳ​ເພີ​ໃຈ<br>ດຽວ​ນີ້​ຕາມ​ພຣະອົງ<br> ແຕ່​ກ່ອນ​ຊອບ​ແຕ່​ທູນ​ຂໍ<br><br><p-n>3 </p-n>ແຕ່​ກ່ອນ​ຂ້າ​ເພິ່ງ​ຄວາມ​ດີ ດຽວ​ນີ້​ເພິ່ງ​ພຣະ​ເຈົ້າ<br>ແຕ່​ກ່ອນ​ໄດ້​ໃຊ້​ພຣະອົງ<br>ດຽວ​ນີ້​ຊົງ​ໃຊ້​ຂ້າ​ແຕ່​ກ່ອນ​ຂ້າຕ້ອງການຣິດ<br>ດຽວນີ້​ມີ​ພຣະຄຣິດ<br> ແຕ່​ກ່ອນ​ເຮັດ​ເພື່ອ​ຕົນ​ເອງ<br><br><p-n>4 </p-n>ແຕ່​ກ່ອນ​ມີ​ແຕ່​ຄວາມ​ຫວັງ ດຽວ​ນີ້​ພົ້ນຈິງ​ຈັງ<br> ແຕ່​ກ່ອນ​ຄວາມ​ເຊື່ອ​ຈວນ​ດັບ<br>ດຽວ​ນີ້​ກັບ​ແຈ່ມ​ໃສ​ແຕ່​ກ່ອນ​ຄອຍຖ້າຄວາມ​ຕາຍ<br>ດຽວ​ນີ້​ມີ​ຊີ​ວິດ<br>ດຽວ​ນີ້​ຂ້າ​ໄດ້​ພົ້ນ​ແນ່<br>ໝັ້ນຄົງ​ໃນ​ພຣະຄຣິດ (ຊ້ຳ)
ພຣະ​ເຈົ້າຊົງ​ຮັກຂ້ານ້ອຍ​ແທ້	@໓໑	@70	<br><p-n>1 </p-n>ພຣ​ະ​ເຈົ້າຊົງ​ຮັກ​ຂ້ານ້ອຍ​ແທ້​<br>ພຣະຄຳ​ພີ​ສອນ​ໄວ້​ເປັນ​ແນ່​<br>ລູກພຣະອົງນັ້ນບໍ່​ມີ​ແຮງ<br>ແຕ່​ພຣະອົງ​ຊົງ​ຣິດເຂັ້ມ​ແຂງ<br><br>ຂໍ້​ຊ້ຳ: ພຣະ​ເຢຊູ​ຊົງ​ຮັກ​(2)<br>ພຣະຄຳ​ພີ​ສັ່ງສອນ​ຈິ່ງ​ຮູ້​ດັ່ງນັ້ນ​ແນ່ນອນ<br><br><p-n>2 </p-n>ພຣະອົງ​ຊົງ​​ເມດ​ຕາປາ​ນີ<br>ຕາຍ​ເພື່ອ​ໄປ​ໄຂ​ເມືອງ​ຟ້າ​ໄວ້<br>ຊົງ​ລ້າງບາບ​ໃຫ້​ໝົດ​ຄວາມທຸກ<br>ຊ້ຳ​ໂຜດນຳ​ໄປສູ່​ຄວາມສຸກ​(ຊ້ຳ)<br><br><p-n>3 </p-n>ພຣະ​ເຢຊູ​ຊົງ​ຮັກ​ໜັກ​ໜາ<br>ເປັນ​ດັ່ງນັ້ນທຸກວັນ​ເວລາ​<br>ເມື່ອ​ປ່ວຍ​ລົງພຣະອົງ​ຊົງ​ເຫັນ​ຈິງ<br>ຊົງ​ໂຜດ​ຮັກສາ​ທຸກ​ວັນ (ຊ້ຳ)<br><br><p-n>4 </p-n>ພຣະ​ເຢຊູ​ຊົງ​ຮັກ​ຢູ່​ໃກ້<br>ຄົງ​ບໍ່​ລະ​ໃນ​ທາງ​ທີ່​ ໄປ<br>ຂໍ​ຕາມ​ທາງ​ຈົນ​ສ້ຽງ​ຊີວິດ<br> ຄົງ​ຈັກ​ຢູ່​ຊ້ອງ​ໜ໊າພຣະຄຣິດ (ຊ້ຳ)
ຂ້າ​ມອບ​ທຸກສິ່ງ​ແກ່​ພຣະ​ເຢຊູ	@໓໒	@72	<br><p-n>1 </p-n>ຂ້າ​ມອບ​ທຸ​ກສິ່ງ​ແກ່​ພຣະ​ເຢຊູຍອມ<br>ຖວາຍ​ໝົດ​ດ້ວຍ​ເຕັມ​ໃຈ<br>ຂ້າ​ຈະ​ຮັກ​ແລະ​ເພີ່ງ​ພຣະ​ເຢຊູ​ຕໍ່<br>ພຣະພັກ​ຂອງ​ພຣະຜູ້​ໄຖ່<br><br>ຂໍ້​ຊ້ຳ: ມອບ​ທຸກສິ່ງ​ທຸກຢ່າງ<br>ມອບ​ທຸກ​ສິ່ງ​ທຸກ​ຢ່າ​ງ<br>ມອບ​ຖວາຍ​ໝົດ​ແກ່ພຣະ​ເຢຊູ​ຜູ້<br>ໂຜດ​ຊຳລະ​ລ້າງ<br><br><p-n>2 </p-n>ຂ້າມ​ອບທຸກ​ສິ່ງ​ແກ່​ພຣະ​ເຢຊູນ​ອບ<br>ນ້ອມ​ຂາບ​ຕໍ່​ພຣະບາ​ທາ<br>ຄວາມສຸກ​ໂລກ​ນີ້​ຂ້າ​ຍອມ​ຖິ້ມ​ແລະຂໍ<br>ພຣະອົງ​ຊົງ​ໂຜດ​ຮັບ​ຂ້າ (ຊ້ຳ)<br><br><p-n>3 </p-n>ຂ້າມ​ອບທຸກ​ສິ່ງ​ແກ່​ພຣະ​ເຢຊູ​ຂໍ<br> ໃຫ້​ຂ້າ​ເປັນ​ຂອງ​ພຣະອົງ<br>ຂໍ​ໃຫ້​ພຣະວິນ​ຍານ​ສະຖິດ​ຢູ່​ນຳ​<br>ຜູ້​ຂ້າ​ຕາມ​ດັ່ງ​ປະສົງ (ຊ້ຳ)<br><br><p-n>4 </p-n>ຂ້າມ​ອບທຸກສິ່ງ​ແກ່​ພຣະ​ເຢຊູມອບ<br>ຖວາຍ​ທັງ​ໃຈ​ກາຍາ<br>ຂໍ​ໂຜດ​ໃຫ້​ຄວາມ​ຮັກ​ແລະຣິດທາ<br>ກັບ​ພຣະພອນ​ຖອກ​ເທ​ລົງ​ມາ (ຊ້ຳ)
ແພດ​ຜູ້​ປະ​ເສີດ	@໓໓	@77	<br><p-n>1 </p-n>ແພດ​ຜູ້​ປະ​ເສີດ​ສະຖິດ​ໃກ້​ເຮົາ<br>ແພດ​ນັ້ນຊົງ​ນາມ​ພຣະ​ເຢຊູ<br>ພຣະອົງ​ໂຜດ​ໃຫ້ຫາ​ຍຄວາມ​ໂສກ​ເສົ້າ<br>ຈົ່ງ​ຮັບ​ຄຳ​ເຊີນ​ພຣະ​ເຢຊູ<br><br>ຂໍ້​ຊ້ຳ: ພຣະສຸຣະສຽງ​ເໝືອນ​ເພງ​ສະຫວັນ<br>ສຽງ​ມ່ວນ​ໜັກ​ໜາ​ເມື່ອຮ້ອງ​ຕອບ​ກັນ<br>ມ່ວນ​ກ່ວາ​ເຄີຍ​ຮ້ອງ​ໃສ່​ກັນ​ຢູ່<br>ຜູ້​ຊົງ​ພຣະນາມ​ພຣະ​ເຢຊູ<br><br><p-n>2 </p-n>ພຣະອົງ​ຊົງ​ໂຜດ​ຍົກ​ບາບ​ໃຫ້​ພົ້ນ<br>ຈົ່ງ​ເຊື່ອ​ພຣະນາມພຣະ​ເຢຊູ<br>ຈົ່ງ​ຕາມ​ພຣະອົງ​ໄປ​ເຖິງ​ທີ່​ສຸດ<br>ຮັບ​ມົງກຸດ​ນຳພຣະ​ເຢຊູ (ຊ້ຳ)<br><br><p-n>3 </p-n>ພຣະອົງ​ຄວນ​ຮັບ​ພຣະຣັດສະໝີ​<br>ຈົ່ງ​ສັນ​ຣະ​ເສີນ​ພຣະ​ເຢຊູ​<br>ຕອບ​ຄຸນ​ເພາະ​ໄດ້​ຊົງ​ຊ່ອຍ​ຊີວິດ<br>ຈົ່ງ​ຮັກ​ພຣະນາມ​ພຣະ​ເຢຊູ (ຊ້ຳ)<br><br><p-n>4 </p-n>ເມື່ອຕ້ອງ​ຫຼັບຕາ​​ລາ​ໂລກ​ຂຶ້ນ​ໄປ​<br>ຈະ​ຢູ່​ຕໍ່ໜ້າພຣະ​ເຢຊູ<br>ຈະ​ຮ້ອງ​ເພງ​ອ້ອມ​ພຣະທີ່ນັ່ງ​​ໃຫຍ່<br>ຍ້ອງຍໍ​ພຣະນາມ​ພຣະ​ເຢຊູ (ຊ້ຳ)
ຂໍພຣະຄຣິດຊ ງໂຜດໃຫ້ມາ	@໓໔	@78	<br><p-n>1 </p-n>ຂໍພຣະຄຣິດຊົງ​ໂຜດ​ໃຫ້​ມາ<br>ໃກ້​ກາງ​ແຂນ​ທຸກ​ເວລາ<br>ທີ່​ນັ້ນພຣະ​ໂລຫິດ​ຫຼັ່ງ​ໄຫຼ<br>ຊຳຮະລ້າງ​ໃຈບາບ​ໄດ້<br><br>ຂໍ້​ຊ້ຳ: ຈົ່ງ​ຫຍັບ​ໃກ້​ໄມ້ກາງ​ແຂນ<br> ​ ໃຫ້​ໃກ້​ຊິດສະ​ເໝີ​ໄປ​<br>ຈົນ​ພຣະອົງ​ສະ​ເດັດ​ມາ​​ໂຜດ<br>ພາ​ໄປ​ເຖິງ​ສະຫວັນ​ຟ້າ<br><br><p-n>2 </p-n>ຂ້າມີ​ໃຈ​ສະທ້ານ​ຫວັ່ນ​ໄຫວ<br>ຂໍ​ຢູ່​ໃກ້​ກາງ​ແຂນນັ້ນ<br> ເພື່ອ​ຮູ້ຈັກ​ຄວາມ​ຮັກ​ເມດ​ຕາມ<br>ທີ່​ຊົງ​ປະທານ​ແກ່​ຂ້າ (ຊ້ຳ)<br><br><p-n>3 </p-n>ຂໍພຣະບຸດ​ຊົງ​​ໂຜດ​ນຳພາ<br>ໃກ້​ກາງ​ແຂນ​ທຸກ​ເວລາ<br>ຊົງ​ໂຜດ​​ໃຫ້​ເດີນທາງ​ທຸກ​ວັນ<br><br>ໃຕ້​ຮົ່ມ​ເຢັນ​ກາງ​ແຂນນັ້ນ (ຊ້ຳ)<br><br><p-n>4 </p-n>ທີ່​ກາງ​ແຂນ​ຂ້າ​ຄອຍ​ເຝົ້າຢູ່<br> ໂດຍ​ໃຈ​ເຊື່ອ​ພຣະ​ເຢຊູ<br>ຈົນ​ໄດ້​ເຖິງ​ສະຫວັນ​ຊັ້ນຟ້າ<br>ໃກ້​ພຣະອົງ​ຜູ້​ເມດ​ຕາ (ຊ້ຳ)
ມີເພງອັນມ່ວນ	@໓໕	@80	<br><p-n>1 </p-n>ມີ​ເພງ​ອັນ​ມ່ວນຂ້າ​ມັກຮ້ອງ​ຢູ່<br>ຕັ້ງ​ແຕ່​ ໄດ້​ຊົງ​ໄຖ່​ໄວ້<br> ເປັນ​ເຣື່ອງຂອງ​ພຣະອົງ​ເຈົ້າ​ເຢຊູ<br>ຕັ້ງ​ແຕ່​ ໄດ້​ຊົງ​ໄຖ່​ໄວ້<br><br>ຂໍ້​ຊ້ຳ: ຕັ້ງ​ແຕ່​ໄດ້​ຊົງ​ໄຖ່​ໄວ້<br>ຕັ້ງ​ແຕ່​ ໄດ້​ຊົງ​ໄຖ່​ໄວ້<br>ຂ້າ​ກໍ​ສັນຣະ​ເສີນ​ພຣະນາມ​<br>ຕັ້ງ​ແຕ່ ​ໄດ້​ຊົງ​ໄຖ່​ໄວ້<br><br><p-n>2 </p-n>ພຣະ​ເຢຊູ​ຄຣິດ​ໂຜດ​ເຕັມອີ່ມ​ໃຈ<br>ຕັ້ງ​ແຕ່​ ໄດ້​ຊົງ​ໄຖ່​ໄວ້<br>ຂ້າຊອບ​ໃຈ​ເຮັດ​ຕາມ​ນ້ຳພຣະ​ໄທ<br>ຕັ້ງ​ແຕ່ ​ໄດ້​ຊົງ​ໄຖ່​ໄວ້ (ຊ້ຳ)<br><br><p-n>3 </p-n>ມີ​ຄຳ​ພະຍານ​ຄັກ​ແນ່​ໃນ​ໃຈ<br>ຕັ້ງ​ແຕ່​ ໄດ້​ຊົງ​ໄຖ່​ໄວ້<br>ຄວາມ​ຢ້ານ​ທັບ​ຄວາມ​ສົງ​ໃສ​ຈິ່ງ​ຫາຍ<br>ຕັ້ງ​ແຕ່​ ໄດ້​ຊົງ​ໄຖ່​ໄວ້ (ຊ້ຳ)<br><br><p-n>4 </p-n>ມີ​ຄວາມ​ຍິນ​ດີ​ຈົນ​ປຽບ​ບໍ່​ໄດ້<br>ຕັ້ງ​ແຕ່​ ໄດ້​ຊົງ​ໄຖ່​ໄວ້<br>ບັງ​ເກີດ​ມີ​ຍ້ອນ​ໂລຫິດ​ທີ່​ໄຫຼ<br>ຕັ້ງ​ແຕ່​ ໄດ້​ຊົງ​ໄຖ່​ໄວ້ (ຊ້ຳ)<br><br><p-n>5 </p-n>ມີທີ່​ອາ​ໃສ​ພຣະອົງ​ຈັດໃຫ້​<br>ຕັ້ງ​ແຕ່​ ໄດ້​ຊົງ​ໄຖ່​ໄວ້<br>ທີ່​ນັ້ນຂ້ານ້ອຍ​ຈະ​ຢູ່​ຕໍ່​ໄປ<br>ຕັ້ງ​ແຕ່ ​ໄດ້​ຊົງ​ໄຖ່​ໄວ້ (ຊ້ຳ)
ຖືກ​ປົງ​ໄວ້​ໃນ​ອຸບ​ໂມງ	@໓໖	@88	<br><p-n>1 </p-n>ຖືກ​ປົງ​ໄວ້​ໃນ​ອຸບ​ໂມງ​<br>ຄື​ພຣະ​ເຢຊູ​​ເຈົ້າ<br>ຄອຍຢູ່​ຈົນ​ເຖິງ​ເວລາ​<br>ຈະ​ເປັນ​ຄືນ​ມາ<br><br>ຂໍ້​ຊ້ຳ: ພຣະ​ເຢຊູ​ຊົງ​ຄືນ​ຈາກ​ຕາຍ<br>ໄຊຊະນະ​ຊາຕາ​ນຊຶ່ງ​ຄອຍ​ທຳລາຍ<br>ຊົງ​ເປັນ​ຜູ້​ມີ​ຣິດ​ເໜືອ​ອານາຈັກ​ມານ​ຮ້າຍ<br>ຊົງ​ຄຸ້ມ​ຄອງ​ຢູ່​ກັບ​ຜູ້​ບໍຣິສຸດ​ທັງຫຼາຍ<br> ເປັນ​ຄືນ​ແລ້ວ ​ເປັນ​ຄືນ​ແລ້ວ<br>ພຣະ​ເຢຊູ​ຊົງ​ ເປັນ​ຄືນ​​ແລ້ວ<br><br><p-n>2 </p-n>ຕີຕາ​ອຸບ​ໂມງ​ເປົ່າ​ລ້າ<br> ອົງພຣະ​ເຢຊູ​ເຈົ້າ<br>ຍາມ​ເຝົ້າບໍ່​ໄດ້​ປະ​​ໂຫຍດ<br>ພຣະ​ເຢຊູ​ເຈົ້າ (ຊ້ຳ)<br><br><p-n>3 </p-n>ຄວາມ​ຕາຍ​ບໍ່​ອາດ​ທຳລາຍ<br>ອົງ​ພຣະ​ເຢຊູ​ເຈົ້າ<br>ຊົງ​ໄຊ​ຊະນະຄວາມ​ຕາຍ<br>ພຣະ​ເຢຊູເຈົ້າ (ຊ້ຳ)
ຂ້າ​ບົວລະບັດ​ພຣະ​ເຢຊູ	@໓໗	@92	<br><p-n>1 </p-n>ຂ້າ​ບົວລະ​ບັດ​ພຣະ​ເຢຊູ<br>ຜູ້​ຊົງ​ພຣະຊົນ​ເປັນ​ຢູ່<br>ຂ້າ​ຮູ້​ພຣະອົງ​ຊົງ​ເປັນ​ຢູ່<br> ແຕ່ຫຼາຍ​ຄົນ​ປະຕິ​ເສດ<br>ຂ້າ​ເຫັນ​ພຣະຄຸນ​ພຣະ​ເຢຊູ<br> ໄດ້​ຍິນ​ສຽງ​ໝຸນ​ນ້ຳ​ໃຈ<br>ຄັນ​ຕ້ອງ​ປະສົງ​ຄວາມ​ເລົ້າ​ໂລມ<br>ພຣະອົງ​ຢູ່​ໃກ້<br><br>ຂໍ້​ຊ້ຳ: ຊົງ​ຄືນ ​ພຣະຊົນ<br>ພຣະອົງ​ຊົງ​ຄືນ​ມາ​ຈາກ​ຕາຍ​<br>ຊົງ​ສົນທະ​ນາ​ສະຖິດ​ຢູ່ນຳ<br> ໃນ​ຫົນທາງ​ໄປ​ຟ້າ​ສະຫວັນ<br>ຊົງ​ຄືນ​ ພຣະຊົນ<br>ເພື່ອ​ໂຜດ​ປະທານ​ຄວາມພົ້ນ<br>ທ່ານ​ຖາມ​ວ່າ​ຂ້າ​ໄດ້​ຮູ້​ຢ່າງ​ໃດ<br>ໂດຍ​ຊົງ​ສະຖິດ​ໃນ​ໃຈ<br><br><p-n>2 </p-n>ເບິ່ງ​ໄປ​ໃນ​ໂລກ​ລ້ອມ​ຮອບ​ຂ້າ<br>ພຣະອົງ​ຊົງ​ຄຸ້ມ​ຄອງ​ຢູ່<br> ເຖິງ​ແມ່ນ​ວ່າ​ເມື່ອຍ​ອິດ​ອ່ອນ​ລົງ<br>ແຕ່​ຂ້າ​ບໍ່​ຍອມ​ທໍ້ຖອຍ<br>ຮູ້​ວ່າ​ພຣະອົງ​ຊົງ​ນຳພາ<br>ຕາມ​ທາງ​ສຸກ​ທຸກ​ດີ​ຮ້າຍ<br>ພຣະ​ເຢຊູຈະ​ສະ​ເດັດ​ມາ<br>ໃນ​ວັນ​ສຸດ​ທ້າຍ (ຊ້ຳ)<br><br><p-n>3 </p-n>ໃຫ້​ຄົນ​ທີ່​ເຊື່​ອຊື່ນ​ບານ​ໃຈ<br>ໃຫ້​ຍ້ອງຍໍສໍຣະ​ເສີນ<br>ພຣະນາມຂອງ​ພຣະ​ເຢຊູ​ຄຣິດ<br>ມະຫາ​ກະສັດ​ຂອງ​ເຮົາ<br>ຊົງ​ໂຜດ​ຊ່ອຍ​ຜູ້ທີ່​ຍອມ​ບາບ<br>ຊົງ​ເປັນຄວາມ​ໄວ້​ໃຈ​ເຂົາ<br> ເປັນ​ຫຍັງ​ທ່ານ​ຍັງ​ບໍ່​ເຊື່ອ​ເພີ່ງ<br>ພຣະ​ເຢຊູ​ເຈົ້າ (ຊ້ຳ)
ສິດ​ທັງ​ຫຼາຍຈົ່ງ​ເຝົ້າລະວັງ​ຢູ່	@໓໘	@95	<br><p-n>1 </p-n>ສິດ​ທັງຫຼາຍ​ຈົ່ງ​ເຝົ້າລະວັງ​ຢູ່<br> ເໝືອນ​ຢ່າງ​ສາວ​ສິບ​ຄົນ​ຄອຍ​ເຝົ້າດູ<br>ຕື່ມນ້ຳມັນ​ໂຄມ​ໄຟໃຫ້​ລຸກ​ຢູ່<br>ຈົ່ງ​ພ້ອມ​ກັນ​ຄອຍ​ຖ້າ​ພຣະ​ເຢຊູ<br><br>ຂໍ້​ຊ້ຳ: ພຣະ​ເຢຊູຜູ້​ສະ​ເດັດ​ມາ<br>ຈາກ​ສະຫວັນ​ພຣະອົງ​ສະ​ເດັດ​ມາ<br>ຊົງ​ຄຸ້ມຄອງ​ຢູ່​ເໜືອ​ນຜູ້​ມີ​ໄຊ<br>ພຣະ​ເຢຊູ ຜູ້​ສະ​ເດັດ​ມາ<br><br><p-n>2 </p-n>ພຣະ​ເຢຊູ​ຊົງ​ໃຫ້​ຄຳ​ສັນຍາ<br> ໂຜດ​ຍົກ​ບາບ​ດ້ວຍ​ໃຈ​ຮັກ​ສັດທາ<br> ໂຜດ​ປະທານ​ຄວາມ​ບໍຣິສຸດ​ມາ<br>ແກ່​ໄພ່​ພົນພຣະອົງ​ທົ່ວ​ໂລກາ (ຊ້ຳ)<br><br><p-n>3 </p-n>ຄົນ​ທຸກ​ຊາດ​ກຳລັງ​ຈິບຫາຍ​ໄປ​<br>ເພາະ​ບໍ່​ຍອມ​ຕ້ອນ​ຮັບ​ພຣະຜູ້​ໄຖ່<br>ຄວາມທຸກ​ໂສກ​ຄວາມ​ຕາຍກໍໝົດ​ໄປ<br>ສິດ​ທັງຫຼາຍ​ໂຫ່​ຮ້ອງ​ສະ​ລອງ​ໄຊ (ຊ້ຳ)<br><br>໔ ໃຫ້​ຄົນ​ບາບ​ທັງຫຼາຍ​ຮີບ​ກັບ​ມາ<br>ພຣະອົງ​ເຈົ້າຊົງ​ເຊີນ​ທຸກ​ເວລາ<br>ຮີບ​ມາ​ກ່ອນ​ໂອກາດ​ໄດ້​ໝົດ​ສາ<br>ມາ​ໄວ​ເທີນ​ຢ້ານ​ວ່າ​ໝົດ​ເວລາ (ຊ້ຳ)
ຍັງ​ເຫິງ​ປານ​​ໃດ	@໓໙	@97	<br><p-n>1 </p-n>ອາດ​ເປັນ​ເວລາ​ເ​ຊົ້າພຣະຄຣິດ​ເຈົ້າຈະ​ສະ​ເດັດ​ມາ​<br>ແສງ​ອາທິດ​ຕັ້ງຕົ້ນ<br>ສ່ອງ​ສະ​ຫວ່າງ​ຂຶ້ນ​ຈາກ​ຂອບ​ຟ້າ​<br>ພຣະ​ເຢຊູ​ຈະ​ມາດ້ວຍ​<br>ສະງ່າຣາສີ​ສົມ​ບູນ<br>ສະ​ເດັດ​ມາ​ຮັບ​ເຮົາ​ໃຫ້​ຂຶ້ນ​ໄປ<br><br>ຂໍ້​ຊ້ຳ: ຍັງ​ເຫິງ​ປານ​ໃດ​ພຣະອົງຈະ​ມາ<br>ເຮົາຈະ​ຮ້ອງ​ເພງ​ກ່າວ​ວ່າ​ອາ​ເລລູຢາ<br>ທ່ານ​ສະ​ເດັດ​ມາ ອາ​ເລ​ລູຢາ​<br>ອາ​ແມນ ອາ​ເລ​ລູຢາ ​ອາ​ແມນ<br><br><p-n>2 </p-n>ອາດ​ເປັນ​ເວລາ​ທ່ຽງ​ຫຼື​ວ່າ​ເປັນ​ເວລາ​ຫົວ​ຄ່ຳ<br>ແມ່ນ​ເດິກ​ດື່ນທ່ຽງຄືນ<br>ກໍ​ສະຫວ່າງ​​ເໝືອນ​ຢ່າງ​ກາງ​ເວັນ<br>ແສງ​ພຣະຣັດສະໝີຈາກ​ພຣະອົງ​<br>ເຮັດ​ໃຫ້​ເຫຼື້ອມ​ຕາ​<br>ເມື່ອນັ້ນຊົງ​ຮັບ​ເຮົາ​ໃຫ້​ຂຶ້ນ​ໄປ (ຊ້ຳ)<br><br><p-n>3 </p-n>ບັນດາ​ຊາວ​ສະຫວັນ​ສັນຣະ​ເສີນ​<br>ຮ້ອງ​ໂຮ​ຊັນນະ​ກ້ອງ​ຟ້າ​ສະ​ລອງ​ໄຊ<br>ບັນດາ​ໄພ່​ພົນ​ຄົງ​ຍິນ​ດີ​ຢ່າງ​ປຽບບໍ່​ໄດ້<br>ເມື່ອ​​ເຫັນ​ພຣະພັກ​<br>ຜູ້​ຊົງ​ເມດ​ຕາ<br>ຊົງ​ຮັບ​ເຮົາ​ຂຶ້ນ​ໄປ​ເມືອ​ງຟ້າ (ຊ້ຳ)
ເພງນະມັດສະການ	<br>All Hail the Power - ໐໓/	@4	<br><br>Blessed is Righteousness - ໔໖/127<br>Channels Only - ໕໘/176<br>Christ Arose - ໓໖/88<br>Christ Returneth - ໓໙/97<br>Come Thou Fount of Ev'ry Blessing - ໐໙/18<br>Come Though Almighty King - ​໑໑/20<br>Come, Take the Water of Life - ​໗໕/240<br>Coming Home - ໗໓/235 Doxology - ໐໑/1<br>Face to Face - ໖໘/222<br>Fairest Lord Jesus - ໐໘/15<br>Fill Me Now - ໑໘/43<br>God All Powerful - ໑໐/19<br>God Be with You - ໗໘/250<br>Good News - ໒໐/46<br>Hark the Herald Angels Sing - ໒໘/59<br>He Leadeth Me - ໕໓/156<br>He Lives - ໓໗/92<br>Himself - ໓໐/67<br>Holy Spirit Faithful Guide - ໑໙/44<br>Holy, Holy, Holy - ໐໕/6<br>How Great Thou Art - ໑໓/25<br>I am Coming, Lord - ໗໒/234<br>I Gave My Life for Thee - ​໕໕/161<br>I Surrender All - ໓໒/72<br>In the Sweet By and By - ​໖໗/220<br>It Came Upon the Midnight Clear - ໒໗/55<br>It is My Name Written There - ໗໔/238<br>Jesus Loves Me - ໓໑/70<br>Jesus Saves - ​໕໙/180<br>Joy to the World - ໒໓/51<br>Just as I Am - ໗໖/242<br>Lao Tune - ​໖໔/211<br>Lao Tune - ໐໗/13<br>Lao Tune - ໑໔/26<br>Lao Tune - ໒໒/50<br>Lao Tune - ໒໔/52<br>Lao Tune - ໒໖/54<br>Lao Tune - ໕໑/149<br>Lao Tune - ໖໒/197<br>Lao Tune - ໖໙/225<br>Lead Me to Calvary - ​໑໕/34<br>Lo He Comes - ໓໘/95<br>Love Divine - ໔໑/109<br>Majestic Sweetness - ໐໖/8<br>More Love to Thee O God - ໔໒/111<br>Near the Cross - ໓໔/78<br>Nearer My God to Thee - ໑໒/21<br>No Night There - ໖໖/213<br>No Not One - ໒໙/63<br>Nothing but the Blood - ໖໓/200<br>O Come All Ye Faithful - ໒໕/53<br>O Happy Day - ໔໘/139<br>Only Trust Him - ໗໑/233<br>Rescue the Perishing - ໕໗/175<br>Rock of Ages - ໔໐/102<br>Safe in the Arms of Jesus - ໔​໕/121<br>Silent Night - ໒໑/48<br>Since I have Been Redeemed - ໓໕/80<br>Stand Up, Stand Up for Jesus - ໖໐/188<br>Standing on the Promises - ​໑໖/38<br>Sun of My Soul - ​​໐໔/5<br>Sweet Hour of Prayer - ​໕໐/143<br>Take the Name of Jesus with You - ໕໒/151<br>The Comforter has Come - ໑໗/41<br>The Great Physician - ໓໓/77<br>The King of Love My Shepherd Is - ໕໔/157<br>Tis So Sweet - ໔໓/117<br>To God be the Glory - ໐໒/2<br>To the Work - ໕໖/170<br>Trust and Obey - ໔໔/119<br>Tune: Angels from the Realms of Glory - ໔໗/130<br>Tune: Found a Peanut - ໗໐/227<br>Tune: O Happy Day - ໗໗/244<br>Tune: Oh Happy Day - ​໖໑/196<br>What a Friend - ໔໙/141<br>Where Jesus is 'Tis Heaven - ​໖໕/212
ເພງນະມັດສະການ	<br>ກາງຄືນ​ສະ ​ງັດ  - ໒໑/	@48	<br><br>ເກີດ ​ແລ້ວ​ພຣະກຸ​ມມານ  - ໒໒/50<br>ການ ​ວິວາ​ຫະທີ່​ບ້ານກາ​ນາ - ໗໗/244<br>ຂ້າ​ ຂໍ​ຖວາຍ​ກຽດ - ໐໒/2<br>ຂ້າ​ ສັນຣະ​ເສີນ​ພຣະ​ເຈົ້າ - ໑໓/25<br>ຂ້າ ​ຍິນ​ດີ​ຍ້ອງຍໍ​ພຣະ​ເຢ - ໕໘/176<br>ຂ້າ ​ໄດ້​ຍິນ​ພຣະສຸຣະສຽງ  - ໗໒/234<br>ຂ້າ ​ບໍ່​ຫ່ວງ​ໃຍ​ໃນ​ສົມບັ - ໗໔/238<br>ຂ້າ​ບົວ​ ລະ​ບັດ​ພຣະ​ເຢຊູ  - ໓໗/92<br>ຂ້າມ ​ອບທຸກ​ສິ່ງ​ແກ່​ພຣະ​ - ໓໒/72<br>ຂ້າ ​ຢູ່​ໃນ​ຕັກ​ຂອງ​ພຣະ​ເ - ໔​໕/121<br>ຂ້າ ​ຫຼົງທາງ​ໄປ​ຫ່າງ​ໄກ  - ໗໓/235<br>ຂໍ​ ຈົ່ງ​ປົກ​ປ້ອງ - ໑໘/43<br>ຂໍພຣະຄຣິດຊົງ ​ໂຜດ​ໃຫ້ມາ  - ໓໔/78<br>ຂໍ​ ພຣະ​ເຈົ້າ​ໂຜດ​ພອນ  - ໗໘/250<br>ຂໍພຣະພອນ - ໐໙/18<br>ຂໍພຣະ ​ເຢຊູ​ຊົງ​ໂຜດ​ໃຫ້​ຂ - ໔໒/111<br>ຂໍພຣະວິນ ​ຍານ​ໂຜດ​ນຳ​ທາງ - ໑໙/44<br>ຂອບຄຸນ ​ຍິນ​ດີ​ແດ່​ພຣະບິ - ​໖໑/196<br>ຄັນ ​ເຮົາ​ຕາມ​ພຣະອົງ​ໄປ  - ໔໔/119<br>ຄວາ ​ມສຸກ​ຖາວອນ  - ໔໖/127<br>ຄວາມ ​ຮັກ​ວິ​ເສດ  - ໔໑/109<br>ໃຈ​ ຊົ່ວ​ເທົ່າ​ໃດ​ຂ້າ​ໄດ້ - ໗໖/242<br>ໃຈ​ ມະ​ນຸດ  - ໖໒/197<br>ເຈົ້າຜູ້ ​ຮູ້​ຄວາມທຸກ​ລຳບ - ໕໒/151<br>ຈົ່ງ ​ຊ່ອຍ​ຜູ້​ທີ່​ເສຍ​ໄປ - ໕໗/175<br>ຈົ່ງ ​ຍ້ອງຍໍ​ອົງ​ພຣະຜູ້​ເ - ໔໗/130<br>ຈົ່ງຟັງ ​ເພງ​ຂອງ​ຝູ​ງ​ເທວ - ໒໘/59<br>ຈົ່ງ ​ເຮັດ​ການ​ດ້ວຍ​ໃຈ​ກ້ - ໕໖/170<br>ສາທຸ ສາທຸ ສາທຸ - ໐໕/6<br>ສາທຸ​ ນາ​ມຣິດ​ພຣະ​ເຢຊູຄຣິ - ໐໓/4<br>ສິ່ງອັນ ​ໃດ​ລ້າງ​ຜິດ​ບາບ​ - ໖໓/200<br>ແສງ​ ແຫ່ງ​ໃຈ​ຂ້າ - ​​໐໔/5<br>ສິດ​ ທັງຫຼາຍ​ຈົ່ງ​ເຝົ້າລະ - ໓໘/95<br>ແສນ ​ຊື່ນ​ໃຈ​ທີ່​ເຊື່ອ​ພຣ - ໔໓/117<br>ເຊີນ ​ທ່ານ​ທັງຫຼາຍ  - ​໗໕/240<br>ເຊີນ ​ພຣະອົງ​ກະ​ສັດ​ອົງ​ - ​໑໑/20<br>ຍັງ​ ເຫິງ​ປານ​ໃດ  - ໓໙/97<br>ແຕ່​ ກ່ອນ​ຂ້າ​ຢາກ​ໄດ້​ພອນ - ໓໐/67<br>ຖືກ​ ປົງ​ໄວ້​ໃນ​ອຸ​ບໂມງ  - ໓໖/88<br>ທະຫານ ​ຂອງ​ພຣະ​ເຢຊູ​ເຈົ້າ - ໖໐/188<br>ໃນ​ ຟ້າ​ອາກາດ  - ໒໖/54<br>ບໍ່​ ມີ​ສະຫາຍ​ຊ່ວຍ​ເຮົາ  - ໒໙/63<br>ບັນດາ ​ສານຸສິດ  - ໒໕/53<br>ເປັນ ​ຍາມ​ທ່ຽງ​ຄືນ - ໒໗/55<br>ແຜ່​ ຂ່າວ​ເລື່ອງ​ຄວາມພົ້ນ - ໑໗/41<br>ພີ່ນ້ອງທັງຫຼາຍ  - ໐໗/13<br>ແພດ​ ຜູ້​ປະ​ເສີດ  - ໓໓/77<br>ພຣະຄຣິດ ​ໄດ້​ສະ​ເດັດ​ມາ ​ - ໖໙/225<br>ພຣະຄຣິດ ​ໄດ້​ມາ - ໑໔/26<br>ພຣະຄຣິດ ​ໄປ​ຈັດ​ແຈງ​ບ່ອນ - ​໖໔/211<br>ພຣະຄຣິດ ​ເປັນ​ເຈົ້າຊີວິດ - ​໑໕/34<br>ພຣະ ​ເຈົ້າຊົງ​ເປັນ​ຜູ້​ລ້ - ໕໔/157<br>ພຣະ ​ເຈົ້າຊົງ​ພາ  - ໕໓/156<br>ພຣະ​ ເຈົ້າຊົງ​ຮັກ​ຂ້າ​ນ້ອ - ໓໑/70<br>ພຣະພັກ ​ພຣະ​ເຈົ້າ - ໐໖/8<br>ພຣະ ​ເຢຊູ​ເປັນ​ພຣະທຳ  - ໕໑/149<br>ພຣະ ​ເຢຊູ​ປຽບ​ດັ່ງ​ຫີນ​ໃຫ - ໔໐/102<br>ພຣະ​ ເຢຊູ​ຜູ້​ງາມ​ເລີດ - ໐໘/15<br>ພຣະອົງ ​ຜູ້​ຊົງ​ມີ​ລິດ​ອຳ - ໑໐/19<br>ມີ​ ບ່ອນ​ຢູ່​ເຮົາ​ກໍ່​ຮູ - ​໖໗/220<br>ມີ​ ເພງອັນ​ມ່ວນ  - ໓໕/80<br>ເມື່ອ ​ໃດ​ໄຫວ້​ວອນ  - ​໕໐/143<br>ເມື່ອ ​ພຣະ​ເຢຊູ​ສະ​ເດັດ​ມ - ໒໔/52<br>ເມື່ອ ​ພຣະ​ເຢຊູ​ໂຜດ​ໃຫ້​ - ​໖໕/212<br>ເມືອງ ​ສະຫວັນ  - ໖໖/213<br>ເມືອງ ​ເບັດ​ເລ​ເຮັມ - ໒໐/46<br>ມິດ ​ສະຫາຍ​ເຮົາ  - ໔໙/141<br>ຢູ່​ ໃກ້ຊິດ​ພຣະ​ເຈົ້າ - ໑໒/21<br>ຫາ​ພຣະ​ ເຢຊູ  - ໗໐/227<br>ໃຫ້​ ຟ້າ​ກັບ​ໂລກ​ຍ້ອງຍໍ​ພ - ໐໑/1<br>ໃຫ້​ ໂລກ​ຍິນດີ  - ໒໓/51<br>ໂອ້ ​ອົງ​ພຣະ​ເຢຊູ  - ໖໘/222<br>ເຮົາ ​ສູ້​ຍອມ​ຕາຍ​ເພື່ອ​ - ​໕໕/161<br>ເຮົາ ​ຍຶດໝັ້ນ​ໃນ​ຄຳ​ສັນຍ - ​໑໖/38<br>ເຮົາ ​ໄດ້​ຍິນ​ຂ່າວ​ປະ​ເສ - ​໕໙/180<br>ເຮົາ ​ມີ​ຄວາມ​ສຸກ  - ໔໘/139<br>ຮີບ ​ມາ​ທຸກ​ຄົນ​ທີ່​ບາບ​ກ - ໗໑/233
ຫາກຈະຮັກ	@101	<br><p-n>1 </p-n>ຫາກຈະຮັກ ຈົ່ງຮັກຢ່າງສຸດໃຈ<br>ບໍ່ຈຳສິ່ງຜິດ ໃຫ້ຈິດຂື່ນຂົມ<br>ຮັກທີ່ເຄີຍຊົມ ຄົງບໍ່ຕ້ອງຊ້ຳຕອມຕົມ<br>ພິລົມໃຈພັກ ຮັກບໍ່ຈືດຈາງໃຫ້ຫ່າງຫາຍ<br><br><p-n>2 </p-n>ຫາກຈະຮັກ ຄວາມຮັກຍ່ອມອົດທົນນານ<br>ເໝືອນດັ່ງໄມ້ບານ ຮັບຮຸ່ງອາລຸນ<br>ແມ່ນມີເມຄິນ ເມກໝອກພາຍຸທຸກທົນ<br>ກໍ່ຍັງຢືນຕົ້ນ ມີຄວາມຫວັງຮັບຕາວັນມາ<br><br><p-n>3 </p-n>ເມື່ອຮັກຍັງຊື່ນ ໂລກກໍ່ລື່ນລົມ<br>ແຕ່ເມື່ອຮັກຂົມ ຕ້ອງອົກຕົມຢູ່ພຽງຜູ້ດຽວ<br>ຄວາມຮັກພຣະອົງ ໝັ້ນຄົງແນ່ນອນ<br>ເໝືອນດັ່ງອັກສອນທີ່ຈາລຶກໄວ້ຊົ່ວນິລັນດອນ<br><br><p-n>4 </p-n>ຫາກຈະຮັກ ຈົ່ງຮັກຢ່າງພຣະເຢຊູ<br>ຜູ້ພີຊີວີ ບົນທີ່ບູຊາ<br>ແມ່ນວັນເວລາ ເນີ່ນນານຜ່ານພົ້ນພຽງໃດ<br>ຊົງບໍ່ແປຜັນດັ່ງຮັກໂລກນີ້ທີ່ລວນເລ
ຈະຢູ່ເປັນສຸກ	@102	<br>ຈະຢູ່ເປັນສຸກບໍ່ຕ້ອງມີທຸກລະທົມ<br>ຊີວິດຊື່ນຊົມລື່ນລົມຕະຫຼອດເວລາ<br>ມີຄວາມຫວັງໃໝ່ສົດໃສດັ່ງດວງຈັນທາ<br>ຢູ່ກາງເວຫາໃຫ້ຄວາມສະຫວ່າງສະໄຫວ<br>ບໍ່ຕ້ອງຮ້ອງໄຫ້ບໍ່ຕ້ອງສູນເສຍນ້ຳຕາ<br>ຊີວິດມີຄ່າເພາະມີພຣະເຈົ້ານຳພາ<br>ມີສັນຕິສຸກເຫຼືອລົ້ນຢູ່ໃນດວງໃຈ<br>ຈົ່ງມອບໃຈໄວ້ ໃນອົງພຣະເຢຊູ
ພຣະເຢຊູຜູ້ເປັນຫົນທາງ	@103	<br><p-n>1 </p-n>ໂອ້ພຣະເຢຊູຜູ້ເປັນຫົນທາງ<br>ຫາກທ່ານໄດ້ເດີນຕິດຕາມ<br>ທ່ານບໍ່ຕ້ອງຢ້ານສິ່ງໃດ<br>ຫາກມີທຸກຫຼືອັນຕະລາຍ<br>ຈະພົບຄວາມມີໄຊ<br>ເມື່ອໄດ້ພົບພຣະເຢຊູ<br>ໂອ້ພຣະເຢຊູຜູ້ເປັນຄວາມຈິງ<br>ຫາກທ່ານລະຖິ້ມທຸກສິ່ງ<br>ເພີ່ງພິງອົງພຣະເຢຊູ<br>ພຣະຊົງຮັກແລະຊົງເອັນດູ<br>ອີກທັງຊົງເປັນຜູ້<br>ນຳພາເຮົາສູ່ສະຫວັນ<br><br><p-n>2 </p-n>ເໝືອນໜຶ່ງສະຖານວິມານແດນໄກ<br>ສະຫວັນນັ້ນງາມວິໄລ<br>ບໍ່ມີແດນໃດປຽບເໝືອນ<br>ມາເຖີດໜາຢ່າດ່ວນຫຼີກໜີ<br>ທ່ານຈະໄດ້ຊີວີ<br>ຕະຫຼອດຢູ່ຊົ່ວນິລັນ<br>ໂອ້ພຣະເຢຊູຜູ້ເປັນຊີວິດ<br>ພຣະອົງສາມາດລີຂິດ<br>ຊີວິດໃຫ້ມີຄວາມໝາຍ<br>ໃນໂລກນີ້ມີອັນຕະລາຍ<br>ແຕ່ຖ້າທ່ານວາງໃຈ<br>ຈະໄດ້ຊີວິດໃໝ່ເອີຍ
ວັນນີ້ເປັນວັນ	@104	<br>ວັນນີ້ເປັນວັນ (2)<br>ທີ່ພຣະເຈົ້າຕັ້ງໄວ້ (2)<br>ຈົ່ງຊົມຊື່ນຍິນດີ (2)<br>ແລະຮ້ອງເພງສັນຣະເສີນ (2)<br>ວັນນີ້ເປັນວັນທີ່ພຣະເຈົ້າຕັ້ງໄວ້<br>ຈົ່ງຊົ່ມຊື່ນຍິນດີແລະຮ້ອງເພງສັນຣະເສີນ<br>ວັນນີ້ເປັນວັນ (2)<br>ທີ່ພຣະເຈົ້າຕັ້ງໄວ້
ແມ່ນຜິດ	@105	<br><p-n>1 </p-n>ແມ່ນຜິດພຣະອົງຂໍຊົງອະໄພ<br>ຍົກໃຫ້ບາບເກົ່າທີ່ທຳຜ່ານມາ<br>ພັ້ງພາດດ້ວຍໃຈແລະກາຍວາຈາ<br>ວິນຍານບໍ່ມີສຸກສັນ<br>ດວງຈິດຜິດໄປ ເພາະໄວອ່ອນເຍົາ<br>ຄຸເຂົ່າອ້ອນວອນຂໍສອນອີກທີ<br>ຍົກໂທດບາບເກົ່າທີ່ທຳມາກມີ<br>ຊີວີເປັນຂອງພຣະອົງ<br><br>ກັບມາໄຝ່ຫາເມດຕາຄັ້ງໃດ<br>ໝັ້ນໃຈໃນຄວາມຮັກອັນໝັ້ນຄົງ<br>ບໍ່ເຄີຍຊອກຊ້ຳຊ້ຳເຕີມຕ່ຳລົງແຕ່<br>ຊົງອະໄພເຊີດຊູ<br>ຄວາມຮັກເຊັ່ນນີ້ບໍ່ມີທີ່ໃຜ<br>ນອກໃນຈາກອົງພຣະເຢຊູ<br>ບາງຄັ້ງຫຼັ່ງໄຫຼນ້ຳຕາພັ້ງພູ<br>ເມື່ອຮູ້ຊຶ້ງໃນພຣະຄຸນ<br><br><p-n>2 </p-n>ແມ່ນຜິດພຣະອົງຂໍຊົງອະໄພ<br>ຊ່ວຍໃຫ້ກັບໃຈຕັ້ງຕົ້ນອີກທີ<br>ຫວັງແຕ່ພຽງຄວາມເມດຕາປານີ<br>ໃຫ້ມີກຳລັງມີຄວາມຫວັງ<br>ພັ້ງຜິດດ້ວຍຈິດຄິດບໍ່ເຊື່ອຟັງ<br>ສອນສັ່ງແຕ່ຍັງລະເລີຍປ່ອຍຕົວ<br>ຊ່ວຍໂປດຊຳລະພົ້ນຄວາມເມົາມົວ<br>ຄວາມກົວກາຍເປັນຍິນດີ
ພຣະເຢຊູຊົງຮັກເຮົາ	@106	<br><p-n>1 </p-n>ພຣະເຢຊູຊົງຮັກເຮົາ<br>ທຸກຄົນເຫຼືອລົ້ນ ແມ່ນແທ້ໆ<br>ຈົນມາຕາຍໄຖ່ໂທດເຮົາ<br>ທຸກຄົນໝົດສິ້ນ (ລາລາໆໆ)<br>ເຮົາບໍ່ມີຄ່າອີ່ຫຍັງ ຈົນກ້ຽງມິ່ນລິ່ນ<br>ເຮົາພົ້ນຈາກຕາຍ ພຣະອົງຊ່ວຍເຫຼືອ<br><br><p-n>2 </p-n>ຮ້ອງເພງໄຊດ້ວຍຫົວໃຈ<br>ມ່ວຍຊື່ນໂຮແຊວ ດີຄັກໆ<br>ເຮົາເປັນແນວອັບບລາຮາມ<br>ທີ່ເຊື່ອພຣະເຈົ້າ (ລາລາໆໆ)<br>ເຮົາຈຶ່ງເປັນຜູ້ຊອບທຳດວງຈິດສົດໃສ<br>ເຮົາໄດ້ມີໄຊພົ້ນຄວາມບາບໜາ<br><br><p-n>3 </p-n>ພຣະເຢຊູຊົງລິດທາ<br>ມາກມາຍກ່າຍກອງ ເກີນຄົນເຮົາ<br>ເຊີນມາລອງ ເປີດດວງໃຈ<br>ຮັບເອົາເບິ່ງແມ ເພີ່ນເອັນດູໃຫ້ໝູ່ເຮົາເຂົ້າສູ່ສະຫວັນ<br>ໃຜເຊື່ອວາງໃຈ ໄດ້ຄວາມຊອບທຳ
ຄວາມຮັກນັ້ນອົດທົນນານ	@107	<br><p-n>1 </p-n>ຄວາມຮັກນັ້ນອົດທົນນານ<br>ຮັກຄືການກະທຳມອບໃຫ້<br>ຮັກບໍ່ຍິ່ງບໍ່ຜະຫຍອງ<br>ບໍ່ຮ້ອນໃຈຊື່ນຊົມໃນຄວາມດີ<br>ມີຄວາມຫວັງໃນໃຈ<br>ບໍ່ອິດສາອວດຕົວຍິ່ງໃຫຍ່<br>ຮັກບໍ່ຈົດບໍ່ຈຳທີ່ຜິດພັ້ງໄປ<br>ແຕ່ເຊື່ອໃນຄວາມດີ<br><br><p-n>2 </p-n>ເພາະພຣະອົງຮັກ<br>ມີຄວາມຮັກຢູ່ຕະຫຼອດໄປ<br>ແລະຮັກບໍ່ມີເງື່ອນໄຂ<br>ເຕັມໃຈແລະຕາຍເພື່ອເຮົາ<br>ເພາະພຣະອົງຮັກ ເຮົາຈຶ່ງມີຊີວິດເລີ້ມໃໝ່<br>ມີຄວາມຮັກທີ່ມາກມາຍ ມີດວງໃຈງົດງາມ
ຈົ່ງມີຄວາມຮັກພາຍໃນຈິດໃຈ	@108	<br>ຈົ່ງມີຄວາມຮັກພາຍໃນຈິດໃຈ<br>ເໝືອນພຣະເຈົ້າຂອງເຮົາ<br>ໜູນນ້ຳໃຈຄົນທີ່ທໍ້ໃຈ<br>ເອົາໃຈໃສ່ຄົນທີ່ອ່ອນແຮງ<br>ຜ່ອນໜັກຜ່ອນເບົາດ້ວຍຄວາມເຂົ້າໃຈ<br>ອະໄພໃຫ້ກັນແລະກັນ<br>ມີຄວາມຮັກ…ຮັກ<br>ໃນພຣະເຢຊູ<br><br>*ເຮົາເປັນພີ່ນ້ອງທັງຍິງແລະຊາຍ<br>ໃນອົງພຣະຄຣິດ<br>ພຣະວິນຍານສະຖິດຢູ່ກັບເຮົາ<br>ຜູກພັນເຮົາໄວ້<br>ພຣະອົງຊົງພໍພຣະໄທ<br>ເມື່ອເຮົາທຳຕາມພຣະຄຳ<br>ຊົງອວຍພຣະພອນຜູ້ທີ່ຢຳເກງ<br>ໃຫ້ເຮົາຮັກກັນແລະກັນ
ໂຢນາ	@109	<br><p-n>1 </p-n>ໂຢນາ ໂຢນາ ໂຢນາ<br>ພຣະເຈົ້າສັ່ງມາ ໃຫ້ໄປເມືອງນິລະເວ<br>ໂຢນາລົງເຮືອນອນຫຼັບ ເອົ້າ (2)<br>ຖືກເຂົາຈັບໂຍນລົງທະເລ<br><br><p-n>2 </p-n>ໂຢນາ ໂຢນາ ໂຢນາ<br>ຢູ່ໃນທ້ອງປາສາມວັນສາມຄືນ<br>ທູນຂໍພຣະເຈົ້າໂຜດຊ່ວຍ (2)<br>ໂຢນາບໍ່ມ້ວຍກັບສູ່ພື້ນດິນ<br><br><p-n>3 </p-n>ໂຢນາ ໂຢນາ ໂຢນາ<br>ພຣະເຈົ້າສັ່ງມາ ໃຫ້ໄປເມືອງນິລະເວ<br>ພຣະເຈົ້າໃຫ້ຕົ້ນໝາກຮຸ່ງຕາຍ ເອົ້າ (2)<br>ໂຢນາເສຍໃຈຮ້ອງໄຫ້ ຮືໆ
ພຣະເຈົ້າແສນດີ	@110	<br><p-n>1 </p-n>ພຣະເຈົ້າແສນດີ<br>ພຣະເຈົ້າແສນດີ<br>ພຣະເຈົ້າແສນດີ<br>ພຣະອົງດີຕໍ່ຂ້ອຍ<br><br><p-n>2 </p-n>ພຣະເຈົ້າຮັກຂ້ອຍ (3)<br>ພຣະອົງດີຕໍ່ຂ້ອຍ<br><br><p-n>3 </p-n>ຂ້ອຍອະທິຖານ (3)<br>ພຣະອົງຊົງຕອບຂ້ອຍ
ພຣະອົງຊົງສົມຄວນ	@111	<br><p-n>1 </p-n>ວັນເວລາທີ່ປ່ຽນໄປ<br>ພຣະອົງບໍ່ປ່ຽນແປງ<br>ມີຄວາມຮັກ<br>ແລະເມດຕາຢູ່ສະເໝີ<br>ຕົວເຮົາອາດຈະຫວັ່ນໄຫວ<br>ພຣະອົງຍັງເໝືອນເດີມ<br>ເປັນພຣະເຈົ້າຂອງເຮົາ<br>ຢູ່ເລື້ອຍໄປ<br><br>ຂໍ້ຊ້ຳ: ພຣະອົງຊົງສົມຄວນ<br>ທີ່ຈະຮັບການສັນຣະເສີນ<br>ພຣະອົງຊົ່ງສົມຄວນ<br>ທີ່ຈະຮັບການໂມທະນາ<br>ເພາະພຣະອົງແສນດີ<br>ແລະບໍ່ມີໃຜຈະເໝືອນ<br>ພຣະອົງຊົງສົມຄວນ<br>ທີ່ຈະຮັບການສັນຣະເສີນ<br><br><p-n>2 </p-n>ວັນທີ່ແດດຈະແຜດເຜົາ<br>ຊົງເປັນເງົາຮົ່ມເຢັນ<br>ເປັນຄວາມຫວັງ<br>ເປັນທາງລອດຢູ່ສະເໝີ ຄືນແລະວັນທີ່ເຢັນໜາວ ພຣະອົງຢູ່ຂ້າງເຮົາ<br>ເປັນພຣະເຈົ້າຂອງເຮົາ<br>ຢູ່ເລື້ອຍໄປ (ຊ້ຳ)
ຮັກວິເສດ	@112	<br><p-n>1 </p-n>ຂ້າຮັກພຣະອົງ ພຣະເຈົ້າຂອງຂ້າ<br>ແລະຢາກຈະຮັກພຣະອົງຫຼາຍກ່ວາ<br>ຂ້າຢາກຈະຮັກຈົນສຸດຄວາມຄິດແລະວິນຍານ<br>ຊີວິດຂ້າຕ້ອງການຂໍໄດ້ຮັກພຣະອົງ<br><br><p-n>2 </p-n>ໂປດນຳໃຫ້ຮັກພຣະອົງຫຼາຍກ່ວາ<br>ຫຼາຍກ່ວາສິ່ງໃດໃນຊີວິດຂ້າ<br>ທຸກສິ່ງທີ່ຂ້າມີເປັນພຽງ<br>ຂອງທີ່ຊົ່ວຄາວ<br>ແຕ່ຄວາມຮັກຂອງພຣະເຈົ້ານັ້ນ<br>ໝັ້ນຄົງຍືນນານ<br><br>*ເພາະຮັກວິເສດທີ່ມີ ບໍ່ມີໃນຜູ້ອື່ນ<br>ມີພຽງແຕ່ຮັກຂອງອົງພຣະເຈົ້າເທົ່ານັ້ນ<br>ຂໍຊົງໂປດສອນຫົວໃຈ ວ່າຮັກທີ່ແທ້ເປັນເຊັ່ນໃດ<br>ຮັກເໝືອນດັ່ງພຣະອົງ<br><br><p-n>3 </p-n>ເພື່ອຂ້າຈະຮັກພຣະອົງຫຼາຍກ່ວາ<br>ຫຼາຍກ່ວາສິ່ງໃດໃນຊີວິດຂ້າ<br>ທຸກສິ່ງທີ່ຂ້າມີ<br>ເປັນພຽງຂອງທີ່ຊົ່ວຄາວ<br>ແຕ່ຄວາມຮັກຂອງພຣະເຈົ້ານັ້ນ<br>ໝັ້ນຄົງຍືນນານ<br>(ຂໍ້ຊ້ຳ, 3)<br>ໃຫ້ໂລກນີ້ໄດ້ຮູ້ຈັກກັບຄວາມຮັກທີ່ຄົງໝັ້ນ<br>ຮັກແທ້ໃນພຣະອົງ
ຝາກຄວາມຫວັງ	@113	<br><p-n>1 </p-n>ອາດຈະມີ ບາງຄັ້ງທີ່ເຮົາ ເຈີວັນຮ້າຍໆ<br>ໃນເວລາ ທີ່ໃຈຕ້ອງໝົດສິ້ນຫວັງ<br>ເດິນຄົນດຽວບົນຫົນທາງ ທີ່ເບີ່ງຍັງຍາວໄກ<br>ແລ້ວຈະມີຜູ້ໃດຈະມາຊ່ວຍເຮົາ<br><br><p-n>2 </p-n>ພຣະເຢຊູຍັງຮັກເຮົາຢູ່ ຈະຄອຍດູແລ<br>ເຮົາອ່ອນແອ ພຣະອົງໃຫ້ຄວາມເຂັ້ມແຂງ<br>ເປັນກຳລັງແລະເຫື່ອແຮງ ໃຫ້ເຮົາເດິນກ້າວໄປ<br>ຂໍໃຫ້ເຮົາໄດ້ວາງໃຈໃນພຣະອົງ<br><br>*ເມື່ອໃຈປວດລ້າວ ເຈັບກັບຄວາມທຸກໃຈ ກັບຄວາມເລວຮ້າຍ ໝົດແລະຈົນຫົນທາງ<br>ຈະອະທິຖານ ໃຫ້ພຣະອົງຄອຍດູແລທຸກຢ່າງ<br>ຝາກຄວາມຫວັງທີ່ພຣະອົງ ຈະເພີ່ງພາພຣະອົງຜູ້ດຽວ
ຢູ່ບົນກາງແຂນ	@114	<br>ແມ່ນຂ້າໄດ້ພົບໄດ້ເຈີອັນໃດຫຼາຍຢ່າງ<br>ແຕ່ຂ້າກໍ່ບໍ່ເປັນສຸກໃຈ<br>ຍັງມີສ່ວນເລິກທີ່ມັນຂາດຫາຍ ສິ່ງນັ້ນມັນຄືອັນໃດ<br>ທີ່ໃຈຂ້າຕ້ອງການ<br>ແລະແລ້ວເມື່ອຂ້າເຂົ້າໃຈຄວາມໝາຍທີ່ສຳຄັນ<br>ສິ່ງນັ້ນທີ່ຂ້າເບີ່ງຂ້າມໄປ<br>ຢູ່ເທິງກາງແຂນນັ້ນຄືຄວາມໝາຍ<br>ແລະບໍ່ມີອັນໃດສຳຄັນຫຼາຍກ່ວາ<br><br>*ຢູ່ເທິງກາງແຂນພຣະອົງ ໄດ້ທົນທໍລະມານ<br>ເພື່ອຄົນຢ່າງຂ້າແລະຄົນອີກມາກຫຼາຍ<br>ຢູ່ເທິງກາງແຂນພຣະອົງສຳແດງຮັກຍິ່ງໃຫຍ່<br>ບໍ່ມີອັນໃດສຳຄັນໄປກ່ວານີ້<br>(ຢູ່ເທິງກາງແຂນນັ້ນຄືຄວາມໝາຍ<br>ແລະບໍ່ມີອັນໃດສຳຄັນມາກກ່ວາ)
ຈົ່ງຍິນດີໃນພຣະເຈົ້າສະເໝີ	@115	<br>ຈົ່ງຍິນດີໃນພຣະເຈົ້າສະເໝີ<br>ແລະຈົ່ງຊື່ນຊົມຍິນດີ (2)<br>ຍິນດີ ຍິນດີ<br>ແລະຈົ່ງຊື່ນຊົມຍິນດີ (2)
ຄວາມຮັກ ຄວາມເອັມດູ	@116	<br><p-n>1 </p-n>ຄວາມຮັກ ຄວາມເອັນດູ<br>ຂອງພຣະເຢຊູ ຜູ້ມີໄຊ<br>ເປັນພະລັງເກື້ອກູນໜູນນ້ຳໃຈ<br>ຍິ່ງໃຫຍ່ເຫລືອພັນລະນາ<br>ຮັກໃດໃດ ທີ່ໃນໂລກມະນຸດ<br>ສິ້ນສຸດດ້ວຍນ້ຳຕາ<br>ມານດາ ບິດາ ທີ່ຮັກຂ້າ<br>ບໍ່ຊາກໍຍັງສູນໄປ<br><br><p-n>2 </p-n>ຊີວິດ ວິນຍານຂ້າ<br>ພຣະອົງຊົງເມດຕາ ນຳຂ້າກັບໃຈ<br>ຂ້ານີ້ຊາບຊື້ງຖືງນ້ຳພະໄທ<br>ຍິ່ງເດີນຍິງໃກ້ພຣະອົງ<br>ຊົງນຳພາເປັນດວງປະທີບນຳຂ້າ<br>ຟັນຝ່າມຸ້ງຕົງ<br>ໃຫ້ຖືງຫລັກໄຊມັ່ນໃນພຣະອົງ<br>ດຳລົງຮັກນິລັນ
ກ໊ອກ ກ໊ອກ ກ໋ອກ	@117	<br><p-n>1 </p-n>ກ໊ອກ ກ໊ອກ ກ໊ອກ ກ໊ອກ ສຽງໃຜເຄາະປະຕູ ຮີບເປີດເບິ່ງດູ ດູຕິວ່າເປັນໃຜ<br>ໂອ້ອົງພຣະຄຣິດເຊີນສະຖິດຂ້າງໃນ<br>ຂໍຮັບທ່ານໄວ້ໃນດວງໃຈຂ້າ<br><br><p-n>2 </p-n>ໃຈປິດບໍ່ເປີດ ເກີດປະໂຫຍດອັນໃດ<br>ຮີບເປີດດວງໃຈ ໃຫ້ພຣະອົງມາຢູ່<br>ໂອ້ອົງພຣະຄຣິດ ເຊີນສະຖິດເຊີດຊູ<br>ຂໍຊົງມາຢູ່ໃນດວງໃຈຂ້າ<br><br><p-n>3 </p-n>ເຮົາເກີດມາບາບ ຊາບກັນຢູ່ແກ່ໃຈ<br>ບັງເກີດເສຍໃໝ່ ໃຈມີພຣະເຈົ້າຢູ່<br>ຊີວິດນິຣັນ ນັ້ນຄວນຮັບເຊີດຊູ<br>ໂອ້ພຣະເຢຊູ ຜູ້ຊ່ວຍປະເສີດ
ຕື່ນຂຶ້ນອະທິຖານ	@118	<br>ຈົ່ງຕຽມຕົວຢູ່ສະເໝີຢ່າເຜີຫຼັບ<br>ຕື່ນເຖີດໜາຮີບມາອະທິຖານ<br>ມາຮ່ວມຮັກພັກດີໃນວິນຍານ<br>ອະທິຖານເປັນປະຈຳທຸກຄຳຄືນ<br>ອະທິຖານເປັນອາວຸດສຸດປະເສີດ<br>ວິເສດເລີດເກີດໄຊໃຫ້ຫວານຊື່ນ<br>ບັນລຸໝາຍສູ່ເປົ້າອັນຍາວຍືນ<br>ຕື່ນ ຕື່ນ ຕື່ນ ອະທິຖານຢ່າຄ້ານໃຈ
ພຣະຫັດພຣະເຈົ້າຄຸ້ມໂລກ	@119	<br><p-n>1 </p-n>ພຣະຫັດພຣະເຈົ້າຄຸ້ມໂລກ ໂດຍຄວາມຮັກ<br>ພຣະຫັດພຣະເຈົ້າຄຸ້ມໂລກ ໂດຍຄວາມຮັກ<br>ພຣະຫັດພຣະເຈົ້າຄຸ້ມໂລກ ໂດຍຄວາມຮັກ<br>ພຣະອົງຊົງຄຸ້ມໂລກດ້ວຍຄວາມຮັກ<br><br><p-n>2 </p-n>ພະຍຸແລະຝົນກໍ່ຢູ່ ໃນພຣະຫັດ (3)<br>ພຣະອົງຊົງຄຸ້ມໂລກດ້ວຍຄວາມຮັກ<br><br><p-n>3 </p-n>ພຣະອົງຊົງຮັກແລະເອັມດູ ເດັກນ້ອຍໆ(3)<br>ພຣະອົງຊົງຄຸ້ມໂລກດ້ວຍຄວາມຮັກ
ໂປດປະທານນ້ຳມັນ	@120	<br>ໂປດປະທານນ້ຳມັນ<br>ໃສ່ຕະກຽງຂອງຂ້າ ໂປດປະທານນ້ຳມັນໃຫ້ແກ່ຂ້າ<br>ໂປດປະທານນ້ຳມັນໃສ່ຕະກຽງຂອງຂ້າ<br>ເພື່ອໃຫ້ແສງສ່ອງສະຫວ່າງທົ່ວໂລກາ<br>ຮ້ອງໂຮຊັນນາ ຮ້ອງໂຮຊັນນາ<br>ຮ້ອງໂຮຊັນນາແດ່ພຣະເຈົ້າຂອງຂ້າ<br>ຮ້ອງໂຮຊັນນາ ຮ້ອງໂຮຊັນນາ<br>ຮ້ອງໂຮຊັນນາແດ່ພຣະເຈົ້າ
ຂ້າປະເຊີນທຸກສິ່ງ	@121	<br>ຢ່າທຸກຮ້ອນໃນສິ່ງໃດໃດ<br>ຝາກເອົາໄວ້ໃຫ້ພຣະອົງ<br>ອະທິຖານວິງວອນທຸກຢ່າງ<br>ດ້ວຍໃຈຂອບພຣະຄຸນ<br>ພຣະເຢຊູຈະຊົງປະທານ<br>ສັນຕິສຸກມາກມາຍ<br>ຈະຄອຍຄຸ້ມຄອງໃຈຂອງຂ້າ<br>ທຸກວັນທຸກເວລາ<br>ຂ້າປະເຊີນທຸກສິ່ງ<br>ໂດຍພຣະອົງຜູ້ເສີມກຳລັງ<br>ຂ້າປະເຊີນທຸກໆຍ່າງ<br>ດ້ວຍຄວາມຫວັງໃນທາງພຣະອົງ<br>ຂ້າປະເຊີນທຸກສິ່ງ<br>ຈະດີຈະຮ້າຍເທົ່າໃດ<br>ຂ້າຍິນດີແລະສຸກໃຈ<br>ໃນທາງພະອົງສະເໝີ
ຂໍຄວາມຮັກ	@122	<br>ຂໍຄວາມຮັກ ຂໍລິດທາ<br>ຊົງເຕີມໃຈຂ້າໃຫ້ລົ້ນໄຫຼ (2)<br>ເພື່ອຂ້າຈະສັນລະເສີນ<br>ພຣະອົງສິ້ນດວງຈິດ<br>ເພື່ອຂ້າຈະສັນລະເສີນ<br>ພຣະອົງສິ້ນດວງໃຈ<br>ເພື່ອຂ້າຈະສັນລະເສີນ<br>ພຣະອົງສິ້ນກຳລັງ<br>ເພາະຊົງເປັນພຣະເຈົ້າ<br>ຊົງເປັນພຣະເຈົ້າ
ຖວາຍກາຍໃຈ	@123	<br>ພຣະອົງເຂົ້າມາສຳຜັດ ຊົງຕັດໃນໃຈ<br>ເອີ້ນເຮົາເຂົ້າໄປສຳຜັດຄວາມຮັກພຣະອົງ<br>ພຣະອົງຈະນຳທຸກຍ່າງ ນັບຈາກວັນນີ້<br>ຫົວໃຈທີ່ມີທັ້ງໝົດ ເປັນຂອງພຣະອົງ<br><br>*ຖວາຍກາຍແລະໃຈໃຫ້ພຣະອົງຄອບຄອງ<br>ເປັນເຈົ້າຂອງຕະຫລອດໄປ<br>ຖວາຍກາຍແລະໃຈມອບຊີວິດຕາມພຣະໄທ<br>ໃຫ້ພຣະອົງໝົດທັ້ງໃຈ<br>ໃຫ້ເປັນໄປຕາມພຣະອົງ
ຈະບອກວ່າ	@124	<br><p-n>1 </p-n>ຄວາມຍິນດີປ່ຽມລົ້ນໃນໃຈຂ້າ<br>ດັ່ງດອກໄມ້ພິບານແຍ້ມກີບອອກ<br>ເຫດເພາະຄວາມຂົມຂື່ນເມື່ອວັນກ່ອນ<br>ພຣະບັນດານປ່ຽນເປັນພຣະຄຸນພຣະພອນ<br><br>*ການຄ່ຳຄວນປ່ຽນເປັນເພງສັນເສີນ<br>ທຸກວັນຂ້າຈະເດີນກັບພຣະອົງ<br>ຈະເຮັດຕາມພຣະໄທແລະເຊື່ອຟັງ<br>ຊີວິດນີ້ຖວາຍແດ່ພຣະອົງ<br><br><p-n>2 </p-n>ຈະບອກວ່າ ຮາເລລູຢາ<br>ຈະບອກວ່າ ຮາເລລູຢາ ອາແມນ<br>ໃຫ້ດວງໃຈສັນເສີນພຣະອົງ<br>ທຸກວັນ ທຸກເວລາ<br>ຈະບອກວ່າ ຮາເລລູຢາ ອາແມນ<br>ສັນເສີນພຣະນາມພຣະອົງ<br>ຈະສັນເສີນ ພຣະນາມ<br>ຮາເລລູຢາ
ເຮົາຂອບພຣະຄຸນຄວາມຮັກຂອງແມ່	@125	<br>ເຮົາຂອບພຣະຄຸນຄວາມຮັກຂອງແມ່<br>ຮັກແທ້ທີ່ມີຕໍ່ຂ້ອຍ<br>ເຮົາຂອບພຣະຄຸນພຣະເຈົ້າ<br>ພຣະອົງຊົງນຳເຮົາເດີນກ້າວໄປ<br>ຂອບຄຸນສຳລັບຊີວິດນິລັນ<br>ທີ່ພຣະຊົງປະທານໃຫ້<br>ບໍ່ມີສິ່ງໃດຈະຕອບແທນໄດ້<br>ນອກຈາກຂໍຂອບພຣະຄຸນ<br>ຂອບພຣະຄຸນ ພຣະເຢຊູ<br>ຂ້າສັນຣະເສີນຄວາມຮັກ ພຣະອົງເຈົ້າ<br>ຂອບພຣະຄຸນ ພຣະເຢຊູ<br>ຂອບຄຸນແດ່ພຣະເຈົ້າເບື້ອງເທິງ
ມື້ອື່ນ	@126	<br><p-n>1 </p-n>ມື້ອື່ນ ເຮົາຈະໄດ້ພົບອັນໃດ<br>ຄົງມີຄຳຖາມຫຼາຍຢ່າງ<br>ທີ່ບໍ່ອາດຮູ້ ວ່າມື້ອື່ນຈະເປັນຢ່າງໃດ<br><p-n>2 </p-n>ບໍ່ຮູ້ ເຮົາຈະໄດ້ພົບຄວາມສຸກ<br>ຫຼືເຮົາຈະຕ້ອງທຸກເທົ່າໃດ ຄົງບໍ່ອາດເຮັດ<br>ໃຫ້ເປັນເໝືອນທີ່ເຮົາຕັ້ງໃຈ<br><br>*ມື້ອື່ນ ຖ້າຫາກຈະເຈີບັນຫາ<br>ຂໍຝາກໃຫ້ອົງພຣະຄຣິດນຳພາ<br>ໃຫ້ຜ່ານຄືໃນມື້ນີ້<br>ມື້ອື່ນ ແມ່ນອາດຈະດີຈະຮ້າຍ<br>ບໍ່ຫວັ່ນບໍ່ຢ້ານແຕ່ຂໍວາງໃຈ<br>ໃຫ້ພຣະເຢຊູນຳທາງ
ສາຍໃຍ	@127	<br><p-n>1 </p-n>ຢາກບອກໃຫ້ເຈົ້າໄດ້ເຂົ້າໃຈ<br>ແມ່ນເຮົາຈະເບິ່ງຕ່າງກັນ<br>ອາດຕ່າງກັນພຽງແຕ່ຮ່າງກາຍ<br>ຫົວໃຈເຮົາເປັນເໝືອນກັນ<br>ຢາກໃຫ້ຮູ້ວ່າເຮົາຫ່ວງໃຍ<br>ແລະຫວັງພຽງໃຫ້ເຈົ້າ<br>ໃຫ້ເຈົ້າໄດ້ພົບ<br>ສິ່ງທີ່ດີຄືເຮົາ<br><br><p-n>2 </p-n>ພຣະເຢຊູເປັນທີ່ເພິ່ງພາ<br>ໃຫ້ເຈົ້າມີຄວາມສຸກໃຈ<br>ບໍ່ມີອັນໃດທີ່ສຳຄັນ<br>ພຣະອົງເບິ່ງຢູ່ທີ່ໃຈ<br>ຢາກໃຫ້ຮູ້ພຣະອົງຫ່ວງໃຍ<br>ແລະເຂົ້າໃຈທຸກຢ່າງ<br>ບໍ່ຢູ່ລຳພັງ<br>ພຣະອົງຈະຢູ່ຂ້າງເຈົ້າ<br>*ພຣະເຢຊູເປັນສາຍໃຍ ໃຫ້ເຮົາມີຄວາມຜູກພັນ<br>ໃຫ້ຮັກແລະຄວາມເຂົ້າໃຈກັນແລະກັນ<br>ພຣະເຢຊູເປັນສາຍໃຍ ໃຫ້ເຮົາມາເປັນພີ່ນ້ອງກັນ<br>ທັງເຈົ້າແລະຂ້ອຍຈະເປັນໜຶ່ງດຽວ
ຝາກໃຈໄປດ້ວຍກັນ	@128	<br><p-n>1 </p-n>ຝາກໃຈໄປດ້ວຍກັນ<br>ຝ່າຟັນໄປດ້ວຍໃຈ ບໍ່ເກງບໍ່ຫວັ່ນ<br>ພວກເຮົາຄືພະລັງ<br>ຂອງອົງພຣະຄຣິດ ອຸທິດຕົວຮັບໃຊ້<br><p-n>2 </p-n>ຫາກເຮົາໄປດ້ວຍກັນ<br>ຜູກພັນກັນດ້ວຍຮັກ ພຣະຄຣິດໝັ່ນຄົງ<br>ເຮົາຈະບໍ່ລົ້ມລົງ<br>ພຣະອົງຈະຊົງ ນຳເຮົາສູ່ເສັ້ນໄຊ<br><br>* ພຽງມອບຖວາຍກາຍໃຈວິນຍານ<br>ຄອຍຟັງພຣະອົງ ຕັດດ້ວຍສຽງເບົາໆ<br>ຕັດໃນໃຈຂອງເຮົາ<br>ໃຫ້ຮູ້ນ້ຳພຣະໄທ<br>ພຽງມອບຖວາຍກາຍໃຈວິນຍານ<br>ຄອຍຟັງພຣະອົງ ຕັດດ້ວຍສຽງເບົາໆ<br>ຈະຊົງນຳເຮົາ ຖ່ອມໃຈລົງ<br>ຍອມຟັງພຣະອົງ<br><br><p-n>3 </p-n>ເມື່ອເຮົາໄປດ້ວຍກັນ<br>ຜູກພັນກັນດ້ວຍຮັກ ພຣະຄຣິດໝັ່ນຄົງ<br>ເຮົາຈະບໍ່ລົ້ມລົງ<br>ພຣະອົງຈະຊົງນຳເຮົາສູ່ເສັ້ນໄຊ
ເມັດເກືອແລະແສງສະຫວ່າງ	@129	<br><p-n>1 </p-n>ເຮົາເປັນເມັດເກືອແລະແສງສະຫວ່າງ<br>ຄວາມຮັກຢ່າໄດ້ຈືດຈາງ<br>ເຢັນລົງເໝືອນດັ່ງຖ່ານໄຟກ້ອນດຽວ<br>ຮັກພຣະເຈົ້າສຸດໃຈແໜ້ນໜຽວ<br>ເພື່ອນບ້ານກໍ່ຈົ່ງແຫລ່ຫລຽວ<br>ຮັກເຂົາເຊັ່ນດຽວເໝືອນຮັກຕົນເອງ<br><br>*ຈົ່ງຈຳພຣະຄຳສອນສັ່ງ<br>ໃຫ້ເຮົາເຝົ້າຄອຍລະວັງ<br>ຊີວິດເໝືອນດັ່ງຢູ່ກາງຄື້ນລົມ<br>ແມ່ນວັນໃດຈິດໃຈລົ້ມລົງ<br>ຄື້ນໂລກແຫ່ງຄວາມຫລຸ້ມຫລົງ<br>ວອນພຣະຄຣິດຊົງຊ່ວຍເຮົາກັບມາ<br><br><p-n>2 </p-n>ກ່ຽວຄົມນັ້ນວາງຢູ່ຢ່າງດຽວດາຍ<br>ເຂົ້ານາສຸກເຫຼືອງມາກມາຍ<br>ຄົນງານຍິງຊາຍເຈົ້າໄປໃສກັນ<br>ພຣະອົງຊົງຖາມຫາທຸກວັນ<br>ເຂົ້າທີ່ຈະເກັບກ່ຽວນັ້ນ<br>ຍັງຄອຍທຸກວັນໃຫ້ທ່ານກ່ຽວໄວ (ຊ້ຳ)
ນິມິດ	@130	<br>ຂ້າຂໍວິງວອນພຣະເຢຊູ<br>ໂປດນຳຊີວິດຂ້າງໜ້າຕໍ່ໄປ<br>ຈະເປັນຢ່າງໃດບໍ່ຮູ້<br>ແຕ່ວັນນີ້ຕັດສິນໃຈ<br>ມອບຕົວແລະໃຈດວງນີ້<br>ຮັບໃຊ້ພຣະອົງ<br><br>*ໂປດໃຫ້ຂ້າເຫັນ<br>ນິມິດໃນປະເທດລາວ<br>ໂປດສົ່ງຂ້າໄປເລົ່າຄວາມເປັນຈິງ<br>ໃຫ້ຄົນລາວໄດ້ຮູ້<br>ຂ້າປາຖະໜາ ຮັບໃຊ້ພຣະອົງ<br>ຜູ້ມີຊີວິດຢູ່<br>ຂ້າຮູ້ພຣະອົງ ຈະນຳທາງຂ້າໄປ<br>ຈົນສິ້ນລົມຫາຍໃຈ
ຮ່ວມກັນໃນພຣະເຢຊູ	@131	<br><p-n>1 </p-n>ໃຫ້ເຮົາເອົາໃຈຂອງເຮົາມາຮ່ວມກັນເປັນພະລັງ<br>ປ່ຽນແປງໂລກນີ້ໃຫ້ເບິ່ງສວມງາມ<br>ພຣະເຢຊູຈະນຳແລະຈະທຳໃຫ້ເຮົາເປັນໜຶ່ງ<br>ຮັກພຣະອົງຈະຜູກພັນເຮົາຮ່ວມກັນ<br>*ຈາກນີ້ ເມື່ອເຮົາໄດ້ຮ່ວມໃຈ<br>ເຮົາຈະໄປໃຫ້ເຖິງ ເຖິງຕາມນ້ຳພຣະໄທ<br>ຈະໄປໃຫ້ໄກສຸດຟ້າ<br>ແມ່ນຫົນທາງຍາວໄກ<br>ເຮົາຈະບໍ່ຫວາດຫວັ່ນ<br>ເພາະເຮົາຮ່ວມກັນ ໃນອົງພຣະເຢຊູ<br><br><p-n>2 </p-n>ມີອັນໃດມາກມາຍທີ່ເຮົາຍັງຄົງຕ້ອງທຳ<br>ໃຫ້ເຮົາໄດ້ເພິ່ງພາໃນພຣະອົງ<br>ເຮົາຈະຮ່ວມແຮງກາຍ<br>ດ້ວຍດວງໃຈທີ່ຫຼອມເປັນໜຶ່ງ<br>ພຣະເຢຊູຈະນຳໄປເຖິງຈຸດໝາຍ
ທຸກຄັ້ງທີ່ຂ້າເຝົ້າພາວະນາ	@132	<br>ທຸກຄັ້ງທີ່ຂ້າເຝົ້າພາວະນາ ໂອ…ພຣະເຈົ້າ<br>ພຣະວິນຍານບໍຣິສຸດຊົງນຳຂ້າ (2)<br>ຂ້າຮູ້ວ່າພຣະອົງມີພຣະປະສົງໃນຊີວິດຂ້າ<br>ຂ້າພ້ອມທີ່ຈະທຳຕາມພຣະບັນຊາ<br>ຂ້າຈະທູນພຣະອົງຕາບເທົ່າຊີວິດຂອງຂ້າມີຢູ່<br>ດ້ວຍຄວາມເມດຕາທີ່ມີຕໍ່ຂ້າ
ລຳທານ	@133	<br>ຂໍໃຫ້ຂ້າໄດ້ຢູ່ໃນຄວາມຮັກຂອງພຣະອົງ<br>ຕະຫຼອດວັນແລະຄືນໃນອ້ອມແຂນຂອງພຣະອົງ<br>ໃຫ້ຍ່າງເທົ້າທຸກກ້າວເດີນ ໃນທາງຂອງພຣະອົງ<br>ແລະເມື່ອຂ້າເຂົ້າໃຈໃນຄວາມຮັກຂອງພຣະອົງ<br>ອົບອຸ່ນໃຈເຫລືອເກີນໃນອ້ອມແຂນຂອງພຣະອົງ<br>ສຸກຈົນລົ້ນຫົວໃຈບໍ່ອາດເກັບເອົາໄວ້…ພຽງຜູ້ດຽວ<br>ໃຫ້ຊີວິດເໝືອນລຳທານໄຫລຫລັ່ງ<br>ໃຫ້ແສງທອງຂອງພຣະອົງສ່ອງພາຍໃນ<br>ປະກາດໄປເຖິງເລື່ອງລາວຮັກຍິ່ງໃຫຍ່ຂອງພຣະອົງ<br>ທີ່ມີໃນຊີວິດຂ້າຕະຫຼອດໄປ
ທຸກວັນ	@134	<br>ເມື່ອຍາມຈະນອນ<br>ຂໍພຣະເຈົ້າຄຸ້ມຄອງ<br>ຕື່ນເວລາໃດ<br>ຂໍພຣະອົງຄຸ້ມໄພ<br>ໄດ້ພົບຄວາມງາມ<br>ໃນທຸກໆເຊົ້າ<br>ແສງທີ່ທໍ່ສ່ອງມາ<br>ພາເອົາຄວາມມືດໄປ (ຊ້ຳ)<br>ພຣະເຈົ້າເປັນກຳລັງຂອງເຮົາ<br>ຢູ່ທຸກວັນ<br>ດັ່ງອາທິດ ດວງດາວແລະຈັນ<br>ທີ່ສ່ອງມາ ນຳຕະຫຼອດເວລາ
ໄດ້ຍິນບໍ່ໜໍ	@135	<br><p-n>1 </p-n>ໄດ້ຍິນບໍ່ໜໍ<br>ໄດ້ຍິນສຽງພຣະເຈົ້າເອີ້ນ<br>ຍ້ອນຫ່ວງເຮົາເຫຼືອເກີນ<br>ຈັ່ງມາເອີ້ນໝູ່ເຮົາຊັ້ນຕົ໋ວ<br>ຍ້ອນຮັກເຮົາຫຼາຍ<br>ຈັ່ງມາຕາຍແທນຄວາມບາບຊົ່ວ<br>ບໍ່ໄດ້ເວົ້າຫຼິ້ນ ເວົ້າຕົວະ<br>ຢາກໃຫ້ເຈົ້າຟ້າວຕັດສິນໃຈ<br><br><p-n>2 </p-n>ຢາກເວົ້າໃຫ້ຟັງ<br>ກໍ່ເພາະຍັງມີເວລາ<br>ວັນໜຶ່ງພຣະເຢຊູກັບມາ<br>ພວກເຈົ້າທັງຫຼາຍຊິເຮັດຈັ່ງໃດ<br>ເອົາຂ່າວດີມາບອກ<br>ຍັງມີທາງອອກທາງແກ້ໄຂ<br>ບໍ່ວ່າບາບໜ້ອຍບາບຫຼາຍ<br>ພຣະເຢຊູໄຖ່ເຮົາໄດ້ທຸກຄົນ<br><br>*ພຣະເຢຊູມາເພື່ອໃຫ້ເຮົາໄດ້ພົ້ນຜິດ<br>ເພື່ອໃຫ້ເຮົາພົບຊີວິດ<br>ພົບເສັ້ນທາງທີ່ຈະກ້າວເດີນ<br>ກັບໃຈສາເຈົ້າມາຮັບເອົາ<br>ຢ່າມ້າງເມີນ ຊິໄດ້ໄປສະຫວັນເວີ່ນໆ<br>ຂໍເຊີນໃຫ້ຮີບກັບໃຈ
ສາທຸການພຣະນາມ	@136	<br><p-n>1 </p-n>ສາທຸການພຣະນາມ<br>ໃນແຜ່ນດິນທີ່ສົມບູນງົດງາມ<br>ທີ່ພຣະພອນເທເໝືອນດັ່ງແມ່ນ້ຳ<br>ສາທຸການພຣະນາມ<br>ສາທຸການພຣະນາມ<br>ເມື່ອຂ້າຫຼົງໃນພຶ້ນດິນອ້າງວ້າງ<br>ເຖີງຕ້ອງເດີນຜ່ານຫົນທາງກັນດານ<br>ສາທຸການພຣະນາມ<br><br>ຂໍ້ຊ້ຳ: ທຸກພຣະພອນທີ່ພຣະອົງເທລົງມາ<br>ຂ້າຂໍສັນເສີນ<br>ແມ່ນຄວາມມືດມິດຄືບຄານເຂົ້າມາ<br>ຂ້າຍັງສັນເສີນ<br>ສາທຸການພຣະນາມຂອງພຣະເຈົ້າ<br>ສາທຸການພຣະນາມ<br>ສາທຸການພຣະນາມຂອງພຣະເຈົ້າ<br>ສາທຸການພຣະນາມພຣະເຈົ້າສູງສຸດ(x2)<br><br><p-n>2 </p-n>ສາທຸການພຣະນາມ<br>ເມື່ອຕາເວັນສ່ອງແສງທອງລົງມາ<br>ເມື່ອທຸກສິ່ງ ເປັນເໝືອນປາດຖະໜາ<br>ສາທຸການພຣະນາມ<br>ສາທຸການພຣະນາມ<br>ເມື່ອເສັ້ນທາງເດີນລ້ອມດ້ວຍສ້ຽນໜາມ<br>ເຖິງຕ້ອງຈັບປວດເມື່ອຍາມເດີນຕາມ<br>ສາທຸການພຣະນາມ (ຂໍ້ຊ້ຳ)<br><br>ຊົງໃຫ້ແລະຊົງຮັບໄປ<br>ຊົງໃຫ້ແລະຊົງຮັບໄປ<br>ແຕ່ຂ້າຂໍຕັດສິນໃຈ<br>ຈະສັນລະເສີນເລື້ອຍໄປ<br>ຊົງໃຫ້ແລະຊົງຮັບໄປ<br>ຊົງໃຫ້ແລະຊົງຮັບໄປ<br>ແຕ່ຂ້າຂໍຕັດສິນໃຈ<br>ຈະເສີນລະເສີນເລື້ອຍໄປ (ຊ້ຳ)
ລືມພຣະເຈົ້າບໍ່ໄດ້	@137	<br><p-n>1 </p-n>ລືມຈະລືມພຣະເຈົ້າຢ່າງໃດ<br>ພຣະຄຸນທ່ານມີມາກມາຍ<br>ຈະຢ່າງໃດກໍລືມບໍ່ລົງ<br>ອົງພຣະເປັນເຈົ້າຮັກເຮົາມາກນັກໝັ້ນຄົງ<br>ຮັກຜູ້ເຊື່ອຖືຊື່ຕົງ<br>ພຣະອົງຊົງໃຫ້ສັນຍາ<br><br><p-n>2 </p-n>ຮັກ…ຮັກເຮົາຕະຫລອດຊີວິດ<br>ຮັກເຮົາທັ້ງທີ່ມີຜິດ<br>ພຣະຊົງລິດຍັງຮັກເມດຕາ<br>ພຣະອົງຊົງໂຜດຍົກໂທດ<br>ຜູ້ຫັນກັບມາບໍ່ລໍໃຫ້ເສຍ<br>ເວລາຊົງນຳພາໄປສູ່ສະຫວັນ<br><br><p-n>3 </p-n>ໂອ້ພຣະຄຳຊ່າງຫວານລ້ຳນ້ຳໃຈຕິດຕຶງ<br>ຫວານຈິງຍິ່ງສຸດຊຶ້ງ<br>ນ້ຳເຜິ້ງຫວານກໍຍັງບໍ່ປານ<br>ພຣະຄຳເລົ້າໂລມຊຶ່ນຊົມຢູ່ທຸກຄືນວັນ<br>ພຣະໄທຈະບໍ່ມີແປຜັນ<br>ຮັກເຮົານັ້ນຕະຫລອດເວລາ<br><br><p-n>4 </p-n>ຂ້າຂໍຕັ້ງຈິດໃຈອະທິຖານ<br>ຕໍ່ພຣະເຈົ້າອົງປະທານ<br>ປະຕິຍານດ້ວຍໃຈສັດທາ<br>ຫາກມີພຣະອື່ນຈະບໍ່ຊຶ່ນຊົມແລະສັດທາ<br>ຂໍມອບກາຍໃຈວາຈາ<br>ຕໍ່ພຣະບິດາອົງດຽວແນ່ນອນ
ນ້ຳແຫ່ງຊີວິດ	@138	<br>ໃຈທີ່ກະຫາຍແລະເມື່ອຍ<br>ໃຈທີ່ທົນທຸກລຳບາກ<br>ໃຈທີ່ໝົດຫວັງທຸກຢ່າງ<br>ຈົ່ງເຂົ້າມາ (2)<br>ພຣະອົງເປັນນ້ຳແຫ່ງຊີວິດ<br>ໃຫ້ເຮົາດື່ມນ້ຳແຫ່ງຊີວິດ<br>ຫລໍ່ລ້ຽງຫົວໃຈໃຫ້ຊີວິດໃໝ່<br>ແມ່ນ້ຳແຫ່ງຊີວິດຈະລິນໄຫລ(ມາຈາກໃຈ)
ໂປດປ່ຽນໃຈຂ້າໃໝ່	@139	<br>ໂປດປ່ຽນໃຈຂ້າໃໝ່<br>ໃຫ້ສະອາດສົດໃສ<br>ປ່ຽນໃຈນີ້ເຖີດພຣະ<br>ໂປດປ່ຽນຂ້າເໝືອນທ່ານ<br>ພຣະອົງຊົງເປັນຊ່າງ<br>ຂ້າເປັນດິນໜຽວ<br>ປັ້ນຂ້າຕາມພຣະໄທ<br>ນີ້ຄືຄຳອະທິຖານ
ກ້າວຕໍ່ໄປ	@140	<br>ໜຶ່ງຊີວິດທີ່ພຣະເຈົ້າໃຫ້ມາ<br>ເຮົາຄົງບໍ່ຮູ້ວ່າ<br>ມີເວລາທີ່ເຫລືອເທົ່າໃດ<br>ວັນນີ້ທັ້ງຮ່າງກາຍຈິດໃຈ<br>ເຮົາມອບທັ້ງໝົດໄວ້<br>ໃຫ້ກັບພຣະອົງ<br>ແບກກາງແຂນມັນບໍ່ເຄີຍງ່າຍດາຍ<br>ມັນຄືງານຍິ່ງໃຫຍ່ທີ່ພຣະອົງມອບໄວ້ໃຫ້ເຮົາ<br>ວັນນີ້ຮ້ອນຫລືຈະເໜັບໜາວ<br>ທຸກເລື່ອງລາວຍັງມີພຣະອົງຢູ່ຂ້າງກາຍ<br>ບາກບັ່ນທຳດ້ວຍໃຈສຸດແຮງກຳລັງ<br>ເພາະຄວາມຮັກນຳເຮົາໃຫ້ກ້າວຕໍ່<br>ລືມທີ່ເຄີຍທໍ້ລືມທີ່ຜ່ານພົ້ນ<br>ນ້ອມຕົວກ້າວອອກໄປ<br>ຈະຮັບໃຊ້ດ້ວຍໃຈທຳຕາມພຣະອົງ<br>ໃຊ້ຊີວິດປະກາດຄວາມຮັກຍິ່ງໃຫຍ່<br>ເຮົາກຳລັງເຂົ້າແຂ່ງໄປສູ້ເສັ້ນໄຊ<br>ເພື່ອຈະຮັບລາງວັນຂອງເຮົາ<br>ຊ້ຳ: ເຮົາກຳລັງເຂົ້າແຂ່ງໄປສູ່ເສັ້ນໄຊ<br>ເພື່ອຈະຮັບລາງວັນຂອງເຮົາ
ພຣະຄຳລ້ຳຄ່າ	@141	<br><p-n>1 </p-n>ຈົ່ງໃຄ່ຄວນຈົດຈຳ<br>ນ້ອມນຳຄວາມຄິດແລະຈິດໃຈ<br>ຮັບຄຳທີ່ອົງພຣະຄຣິດໃຫ້ ສອນໃຈໃຫ້ມີຄວາມ<br>ສັດທາ ເພື່ອເຮົາຜູ້ມີບາບໜາ ຊຸບຊີວາ<br>ສູ່ຊີວິດໃໝ່ໂອ້ຄວາມຮັກ ປະຈັກດວງໃຈ<br>ພຣະຄຣິດໃຫ້ ຊີວິດໃໝ່ແກ່ເຮົາ<br><br><p-n>2 </p-n>ກ້າວຕໍ່ໄປບໍ່ຫຍຸດຍັ້ງ ລະວັງຄວາມຄິດແລະຈິດໃຈ<br>ພຣະຄຳທີ່ອົງພຣະຄຣິດໃຫ້ ຈົ່ງຝັງໃຈໝັ້ນຄົງໃນ<br>ສັດທາ ໝັ່ນພຽນເລົ່າຮຽນສຶກສາ ພຣະວາຈາ<br>ຈະນຳພາໃຫ້ ສູ່ຊີວິດແຫ່ງຄວາມມີໄຊ ພຣະຄຸນຍິ່ງ<br>ໃຫຍ່ຊີວິດໃໝ່ສົມບູນ<br><br><p-n>3 </p-n>ມີສິ່ງດຽວເທົ່ານັ້ນ ທີ່ສຳຄັນຫຼາຍຍິ່ງກວ່າສິ່ງໃດ<br>ພຣະຄຳຂອງອົງພຣະຄຣິດນັ້ນໃຫ້ ນຳຂ້າໄປ<br>ໝັ້ນຄົງໃນສັດທາ ສິ່ງດຽວຍອດປາດຖະໜາ ຂໍບູຊາ<br>ໃຝ່ຫາລ່ຳໄປ ເທິດພຣະຄຳລ້ຳຄ່າກວ່າໃຜ ພຣະຄຣິດ<br>ຍິ່ງໃຫຍ່ ຄືຜູ້ໃຫ້ພຣະຄຳ
ຜູ້ນຳຄົນບາບ	@142	<br>ເຮົາໃຫ້ທ່ານເປັນຜູ້ນຳຄົນບາບ<br>ເຂົ້າມາຫາເຮົາ ເຂົ້າມາຫາເຮົາ<br>ເຮົາໃຫ້ທ່ານເປັນຜູ້ນຳຄົນບາບ<br>ຖ້າທ່ານຕິດຕາມເຮົາ<br>ຖ້າທ່ານຕິດຕາມເຮົາ<br>ຖ້າທ່ານຕິດຕາມເຮົາ<br>ເຮົາໃຫ້ທ່ານເປັນຜູ້ນຳຄົນບາບ<br>ຖ້າທ່ານຕິດຕາມເຮົາ
ພຣະເຈົ້າຊົງລ້ຽງດູ	@143	<br><p-n>1 </p-n>ພຣະເຈົ້າຊົງລ້ຽງດູ<br>ເຮົາຮຽນຮູ້ຄວາມຮັກພຣະອົງ<br>ນຳເຮົາໄປຮີມນ້ຳສະຫງົບ<br>ຟຶ້ນວິນຍານຂອງເຮົາ<br><br><p-n>2 </p-n>ພຣະເຈົ້ານຳກ້າວໄປ<br>ເຮົາບໍ່ເຄີຍຂັດສົນອັນໃດ<br>ນຳເຮົາໄປໃນທາງຊອບທຳ<br>ເພື່ອພຣະນາມພຣະອົງ<br><br>*ພຣະເຈົ້າຈະນຳເຮົາໄປ<br>ແມ່ນທາງຈະຍາກພຽງໃດ<br>ຜ່ານເຂົາເງົາອັນຕະລາຍ<br>ເຮົາບໍ່ຕ້ອງຢ້ານສິ່ງໃດ<br>ຢູ່ໃນອ້ອມແຂນພຣະອົງ<br>*ພຣະເຈົ້າຈະນຳເຮົາໄປ<br>ແມ່ນທາງຈະຍາກພຽງໃດ<br>ຄວາມຮັກແລະຄວາມດີງາມ<br>ຕິດຕາມເຮົາທຸກວັນໄປ<br>ເຮົາຢູ່ໃນນ້ຳພຣະໄທຂອງພຣະອົງ
ບັນດາຕົ້ນໄມ້ໂບກໄປມາ	@144	<br><p-n>1 </p-n>ບັນດາຕົ້ນໄມ້ໂບກໄປມາ ໄປມາ ໄປມາ<br>ບັນດາຕົ້ນໄມ້ໂບກໄປມາ ບອກວ່າພຣະຮັກເຮົາ<br><br><p-n>2 </p-n>ບັນດາດອກໄມ້ນົບຄຳນັບ (3)<br>ບັນດາດອກໄມ້ນົບຄຳນັບ ບອກວ່າພຣະຮັກເຮົາ<br><br><p-n>3 </p-n>ບັນດານົກນ້ອຍບິນໄປມາ (3)<br>ບັນດານົກນ້ອຍບິນໄປມາ ບອກວ່າພຣະຮັກເຮົາ
ສຽງກະຊິບຈາກພຣະວິນຍານ	@145	<br>ຍິນສຽງກະຊິບຄວນແວ່ວແຜ່ວລົມມາ<br>ຈາກພຣະວິນຍານເຖິງສານຸສິດພຣະອົງ<br>ດຳລັດຕັດພໍ້ດ້ວຍຫ່ວງອາວົງ<br>ດ້ວຍເຈົ້າຍັງຮັກ<br>ໝັ້ນຄົງຕໍ່ເຮົາຫລື່ວ່າກັບກາຍ<br>ດູລືຄວາມຮັກໃຍຊ່າງເຍືອກເຢັນລົງ<br>ເຈົ້າມົວຫລຸ້ມຫລົງ ຍົດສັກສີຊັບສິນງົມງາຍ<br>ເຈົ້າສ້າງສະສົມສິ່ງບຳເລີກາຍ<br>ເລີງໂລດໃນເຫວອະບາຍ<br>ວິນຍານຕ້ອງຕາຍສຽງເປົ່າ<br>ລືມໆ ສິ້ນຄວາມຮັກສູງສຸດລ້ຳດວງຈິດ<br>ສູ່ດວງຊີວິດສູ່ຄວາມຄິດພັກດີຕໍ່ເຮົາ<br>ເຈົ້າລືມແມ່ນຮັກເພື່ອນບ້ານຂອງເຈົ້າ<br>ເຄີຍສັນຍາຕໍ່ເຮົາຈະຮັກເພື່ອນບ້ານເທົ່າຮັກຕົນ<br>ຈົ່ງຄິດພິນິດດ້ວຍຕາຈິດວິນຍານ<br>ເຊື່ອໃນຄຳຂານແລະຢຳເກງໃນພຣະອົງ<br>ເລັ່ງປັບປຸງຕົວໃຫ້ບັງເກີດຜົນ<br>ເປັນແບບຢ່າງສາທຸຊົນສົມທີ່ເປັນບຸດຂອງເຮົາ
ຮັກແທ້	@146	<br>ອົງພຣະເຢຊູ ເປັນຄວາມຮັກແທ້<br>ຮັກທີ່ບໍ່ແປປ່ຽນໄປ<br>ຈິດໃຈຂອງຂ້າເຕັມໄປດ້ວຍຮັກ<br>ເປັນແຮງພະລັງໃນໃຈ<br>ເພາະຂ້າໄດ້ພົບກັບຄວາມໝາຍໃໝ່<br>ເມື່ອພຣະເຢຊູຍອມຕາຍເພື່ອຂ້າ<br>ໄດ້ເຈີຄວາມຮັກທີ່ແສນຍິ່ງໃຫຍ່<br>ໄດ້ເຈີຄວາມໝາຍທີ່ໃຈຕ້ອງການ<br>ໄດ້ເຈີຄວາມຮັກທີ່ຂ້າຝັນໃຝ່<br>ເຂົ້າມາເຕີມເຕັມຂ້າງໃນ ໃຫ້ຂ້າສຸກໃຈ
ແລ້ວເຮົາຈະເປັນໜຶ່ງ	@147	<br>ໃນຊີວິດຂອງເຮົາ ບໍ່ອາດເຂົ້າໃຈຫລາຍຢ່າງ<br>ທິ່ແຕກຕ່າງຈາກທາງຂອງເຮົາ<br>ເບີ່ງສັບສົນວົກວົນ ຕ້ອງທົນເລື່ອງຊ້ຳເກົ່າ<br>ບໍ່ມີໃຜເຂົ້າໃຈຈັກຄົນ<br>ພຽງລຳພັງຮັກເຮົາ<br>ບໍ່ອາດຈະພຽບພ້ອມໄດ້ ແຕ່ພຣະອົງຊົງເປັນຄວາມຮັກ<br>ອະທິຖານແລະຍອມ ໃຫ້ພຣະອົງຊ່ວຍນຳ<br>ທຸກເລື່ອງລາວຝາກກັບພຣະອົງ<br>ບັດນີ້ ແລ້ວເຮົາຈະເປັນໜຶ່ງ<br>ໜຶ່ງໃນຄວາມຮັກ<br>ແລະໃນຄວາມຜູກພັນ<br>ຕ່າງເປັນກາຍດຽວກັນ<br>ມີຄວາມຫວັງໃຈດຽວກັນ<br>ເມື່ອເຮົາໄດ້ວາງໃຈໃນພຣະອົງ<br>ບັດນີ້ ແລ້ວເຮົາຈະເປັນໜຶ່ງ<br>ເຮົາຈະໄປເຖິງ<br>ເຊີ່ງປາຍທາງເສັ້ນໄຊ<br>ບາກບັ່ນໂດຍມີກັນ<br>ພວກເຮົານັ້ນຍັງໝັ້ນໃຈ<br>ສູ່ຈຸດໝາຍກັນໃນອົງພຣະເຢຊູ
ຂ້າກະຫາຍ	@148	<br>ຂ້າກະຫາຍພຣະອົງ<br>ໃຈຂ້າຕ້ອງການ ຢາກຈະພົບພຣະອົງ<br>ແລະຂ້າເຝົ້າຄອຍພຣະອົງ<br>ພຣະບິດາໂປດຊົງ ໃກ້ຂ້າພຣະອົງ<br>ເພື່ອໃກ້ຊິດພຣະອົງຜູ້ບໍລິສຸດ<br>ຂ້າຈະເຝົ້າລໍຄອຍ<br>ພຣະເຈົ້າຍິ່ງໃຫຍ່ ໃນຄວາມງາມທີ່ແສນຈະບໍລິສຸດ<br>ຈະນະມັດສະການ<br>ພຣະເຈົ້າຍິ່ງໃຫຍ່ ໃນຄວາມງາມທີ່ແສນຈະບໍລິສຸດ
ຂອບຄຸນພຣະອົງ	@149	<br><p-n>1 </p-n>ວັນທີ່ຜ່ານພົ້ນໄປ<br>ເຮົາໄດ້ຮັບພຣະພອນພຣະອົງ ຈາກຜູ້ຊົງນຳຊີວິດ<br>ພຣະອົງຊົງຊິດໃກ້<br>ແລະຢູ່ໃນດວງໃຈຂອງເຮົາ ຕາບທີ່ເຮົາບໍ່ປ່ຽນໄປ<br>ໃນຄວາມຮັກທີ່ເຮົາໄດ້ພົບ ພຣະອົງໄດ້ລົບຄວາມທຸກໃນໃຈ<br>ປະທານໃຫ້ຄວາມຍິນດີ<br>ປ່ຽມໃນຊີວິດເຮົາ<br><br><p-n>2 </p-n>ເຮົາສັນເສີນພຣະອົງ<br>ຜູ້ຊົງພຣະເມດຕາມາກມາຍ<br>ຊົງບໍ່ທອດຖິ້ມ<br>ແລະໃຫ້ໃນສິ່ງທີ່ດີ<br>ເຮົາຂອບຄຸນພຣະອົງ<br>ເຮົາສັນເສີນພຣະອົງ<br>ເຮົາຂໍເທີດທູນ<br>ຜູ້ຊົງພຣະຄຸນ ຄືພຣະຢູຊູ (ຊ້ຳ1,2)<br>*ແມ່ນບາງຄັ້ງເຮົາພັ້ງ<br>ເຮົາຫລົງທາງໄປ<br>ແຕ່ພຣະອົງບໍ່ເຄີຍທອດຖິ້ມເຮົາໄກ<br>ແຕ່ຊົງຫ່ວງໃຍເຮົາ (ຊ້ຳ2)<br>ເຮົາຂໍເທີດທູນ<br>ຜູ້ຊົງພຣະຄຸນ ຄືພຣະຢູຊູ
ທາງ	@150	<br><p-n>1 </p-n>ເທິງເສັ້ນທາງທີ່ເຈົ້າເດີນໄປ<br>ຈຸດມຸ້ງໝາຍນັ້ນຍັງໄກ<br>ບາງຄັ້ງທໍ້ໝົດແຮງກຳລັງໃຈ<br>ຂໍເຈົ້າຈົ່ງກ້າວເດີນຕໍ່ໄປ<br>ບາງເສັ້ນທາງທີ່ເຈົ້າເດີນໄປ<br>ອາດຈະບໍ່ສົມດັງໃຈ<br>ເມື່ອຍລ້າປວດລ້າວໝົດແຮງກ້າວເດີນໄປ<br>ເທິງເສັ້ນທາງຊີວິດຂອງເຈົ້າ<br>*ເຈົ້າຈົ່ງຢ່າອ່ອນແອ<br>ແມ່ນຫົນທາງຍັງອີກໄກ<br>ເຮົາຂໍເປັນກຳລັງໃຈ<br>ຮູ້ໄວ້ພຣະເຈົ້າຢູ່ຂ້າງເຈົ້າ<br><br><p-n>2 </p-n>ພຣະເຈົ້າຈະມີທາງໃຫ້ເຈົ້າ<br>ບໍ່ວ່າເຈົ້າຈະພົບເລື່ອງອັນໃດ<br>ພຣະເຈົ້າຈະນຳທາງຂອງເຈົ້າ<br>ຂໍພຽງເຈົ້າ…ໝັ້ນ…ໃຈ<br>ກ້າວເດີນໄປ ເທິງເສັ້ນທາງ<br>ພ້ອມພຣະອົງ (ເທິງເສັ້ນທາງຂອງພຣະອົງ)
ຮ້ອງຮາເລລູຢາແດ່ພຣະເຈົ້າ	@151	<br><p-n>1 </p-n>ຮ້ອງຮາເລລູຢາ<br>ສັນລະເສີນພຣະນາມ<br>ເພາະພຣະອົງຊົງຮັກເຮົາ<br>ປະທານອົງພຣະ ບຸດຕຣາ<br>ຜູ້ທີ່ຢູ່ໃນຄວາມມືດ<br>ຫຼືຢູ່ໃນເງົາມັດຈຸຣາດ<br>ຈະໄດ້ເຫັນຄວາມສະຫວ່າງ<br>ສ່ອງລົງມານັ້ນ ຍິ່ງໃຫຍ່<br>ພຣະຄຣິດເປັນຄວາມສະຫວ່າງ<br>ສົດໃສທ່າມກາງຄວາມມືດ<br>ອົງສັນຕິຣາດຈອມຣາຊາ<br>ເອມານູເອນ<br><br><p-n>2 </p-n>ຮ້ອງຮາເລລູຢາ<br>ສັນລະເສີນພຣະນາມ<br>ເພາະພຣະອົງຊົງບັງເກີດ<br>ຢູ່ໃນຮ່າງຫຍ້າເພື່ອເຮົາ<br>ຜູ້ທີ່ຢູ່ໃນຄວາມມືດ<br>ຫຼືຢູ່ໃນເງົາມັດຈຸຣາດ<br>ຈະໄດ້ເຫັນຄວາມສະຫວ່າງ<br>ສ່ອງລົງມານັ້ນຍິ່ງໃຫຍ່ (ຊ້ຳ,2)<br>ພຣະຊົງເປັນຄວາມສະຫວ່າງ<br>ສ່ອງລົງມານັ້ນຍິ່ງໃຫຍ່
ຢາກບອກຄວາມຮັກ	@152	<br><p-n>1 </p-n>ຂ້າຢາກຈະຮ້ອງບັນເລງ<br>ເພງບອກຄວາມຮັກ<br>ມອບເພງສົ່ງສຽງປະກາດ<br>ຄວາມຮັກພຣະເຈົ້າ<br>ໃຫ້ໂລກຮັບຮູ້ຄວາມຈິງ<br>ພຣະອົງຊົງຊ່ວຍກູ້ເຮົາ<br>ມອບຊີວິດທີ່ນິລັນ<br>ຮັກທີ່ຍືນຍົງ<br>ມີພຽງພຣະອົງ<br>ຊົງເປັນຄວາມຫວັງຍິ່ງໃຫຍ່<br>ຂ້າຂໍສັນເສີນ<br>ມອບເພງຖວາຍ (ຊ້ຳ1)<br>ມີພຽງຜູ້ດຽງ<br>ຊົງເປັນສະຫາຍປະເສີດ<br>ຄືພຣະເຢຊູ<br>ອົງພຣະບຸດຕາ<br><br><p-n>2 </p-n>ມອບຊີວິດໃຫ້ພຣະອົງ<br>ນຳທາງສະເໝີ<br>ຖວາຍໃຈກາຍວິນຍານ<br>ຮັບໃຊ້ພຣະເຈົ້າ<br>ໃຫ້ໂລກຊື່ນໃຈຍິນດີ<br>ມີພຣະເຢຊູສະຖິດ<br>ທຳຮ້າຍສິ່ງຊົ່ວມືດມິດ<br>ເພາະພຣະເຈົ້າຍິ່ງໃຫຍ່
ບົນທາງ	@153	<br><p-n>1 </p-n>ເທິງທາງຊີວິດແສນໄກ<br>ເດີນແລະກ້າວໄປໝັ້ນຄົງ<br>ພຣະເຢຊູຊົງສັນຍາ<br>ນຳພາຊີວິດເຮົາຕະຫລອດ<br>ມີອົງພຣະຄຣິດໝັ້ນຄົງ<br>ຄວາມຮັກດຳລົງຄູ່ໄປ<br>ພຣະອົງຊົງເປັນດັ່ງແສງສ່ອງໃຈ<br>ໃນຄວາມມືດມິດພຣະອົງນຳ<br><br>(ຂໍ້ຊ້ຳ) ເຮົາຈະເດີນທາງໃດ<br>ພຣະຊົງເປັນກຳລັງໃຫ້ພົ້ນໄພ<br>ໃຈອົບອຸ່ນສະເໝີ ບໍ່ເຄີຍຫວັ່ນ<br>ເຮົາຍັງຄົງເດີນໄປ<br>ແມ່ນປະເຊີນອັນຕະລາຍໃດໆ<br>(ພຣະອົງປະຄອງໃຫ້ຄວາມຮັກນຳເຮົາໄປ…)<br><p-n>2 </p-n>ຍາມທີ່ເຮົາພາດພັ້ງ<br>ພຣະຊົງປອບແລະຊົງຟຶ້ນໃຈ<br>ເຮົາຈະເດີນທາງໃດ<br>ແມ່ນຈະໄກຫ່າງພຽງໃດບໍ່ເຄີຍຫວັ່ນ<br>ທຸກຄືນວັນມີພຣະອົງຊົງນຳຕະຫລອດໄປ ຈົນຊົ່ວຊີວິດ<br>ຈົນຊົ່ວຊີວິດ (ຂໍ້ຊ້ຳ)
ຍິນດີ ຍິນດີ ຍິນດີ	@154	<br>ຍິນດີ ຍິນດີ ຍິນດີ<br>ທີ່ໃນວັນນີ້ໄດ້ມາພົບກັນ<br>ໄດ້ເຫັນຊາວລາວເຜົ່າພັນ (x2)<br>ໄດ້ມາພັບກັນເຮົາສຸກສັນຍິນດີ<br>ດວງໃຈຂ້າກໍ່ແສນຊາບຊຶ້ງ<br>ເມື່ອຄີດເຖິງເວລາພົບກັນ<br>ຄຣິດສະຕຽນເຮົາຄວນສຳພັນ(x2)<br>ແລະຄວນຮັກກັນເໝືອນພຣະເຈົ້າເຢຊູ<br>ມື້ນີ້ນ້ອງສະບາຍດີຫຼື<br>ມື້ນີ້ອ້າຍສະບາຍດີຫຼື ເບີ່ງຄືຄືລ່າເລີງສຸກໃຈ<br>ຂໍໃຫ້ພຣະເຈົ້າຊົງອວຍພອນ(x2)<br>ຈະນັ່ງຈະນອນຂໍໃຫ້ພອນເທມາ<br>ວັນນີ້ພວກເຮົາສຸກໃຈຈິງ<br>ບໍ່ມີສິ່ງໃດມາປຽບປານ<br>ເພາະບໍ່ໄດ້ພົບກັນເສຍນານ(x2)<br>ໄດ້ມາພົບກັນເຮົາສຸກສັນຍິນດີ<br>ຍິນດີ ຍິນດີ ຍິນດີ ຍິນດີ ຍິນດີ ຍິນດີ<br>ຍິນດີ ຍິນດີ ຍິນດີ
ຂ້ອຍມີພຣະເຢຊູຂ້ອຍຈະບໍ່ຫວັ່ນໄຫວ	@1	<br>ຂ້ອຍມີພຣະເຢຊູ ຂ້ອຍຈະບໍ່ຫວັ່ນໄຫວ<br>ຂ້ອຍມີພຣະເຢຊູ ຂ້ອຍຈະບໍ່ຫວັ່ນໄຫວ<br>ດັ່ງຕົ້ນໄມ້ງາມປູກຢູ່ຮີມຝັ່ງທານນ້ຳ<br>ຂ້ອຍຈະບໍ່ຫວັ່ນໄຫວ<br>ຂ້ອຍບໍ່ຫວັ່ນໄຫວ<br>ຂ້ອຍຈະບໍ່ຫວັ່ນໄຫວ ຂ້ອຍບໍ່ຫວັ່ນໄຫວ ຂ້ອຍຈະບໍ່ຫວັ່ນໄຫວ<br>ດັ່ງຕົ້ນໄມ້ງາມປູກຢູ່ຮີມຝັ່ງທານນ້ຳ<br>ຂ້ອຍຈະບໍ່ຫວັ່ນໄຫວ
ເລິກແລະກວ້າງ	@2	<br>ເລິກແລະກ້ວາງ ເລິກແລະກ້ວາງ ຄວາມຮັກຂອງພຣະເຢຊູເລິກແລະກ້ວາງ<br>ເລິກແລະກ້ວາງ ເລິກແລະກ້ວາງ ຄວາມຮັກຂອງພຣະເຢຊູເລິກແລະກ້ວາງ<br>ເຕັມແລະລົ້ນຢູ່ ເຕັມແລະລົ້ນຢູ່ ຈິດໃຈຂອງຂ້າເຕັມແລະລົ້ນຢູ່<br>ຕັ້ງແຕ່ໄດ້ຮັບພຣະພອນ ຂ້າຍິນດີຫຼາຍທີ່ສຸດ ຈິດໃຈຂອງຂ້າເຕັມແລະລົ້ນຢູ່
ຈົ່ງສະແຫວງຫາແຜ່ນດິນຂອງພຣະເຈົ້າ	@3	<br>ຈົ່ງສະແຫວງຫາແຜ່ນດິນຂອງພຣະເຈົ້າແລະຄວາມຊອບທຳຂອງພຣະອົງກ່ອນ<br>ແລ້ວພຣະອົງຈະຊົງເພີ່ມເຕີມສິ່ງທັງປວງໃຫ້ ຮາເລລູ ຮາເລລູຢາ<br>ຮາເລລູຢາ ຮາເລລູຢາ ຮາເລລູຢາ ຮາເລລູ ຮາເລລູຢາ
ຈຳຕ້ອງຈາກພາກກັນໄປ	@4	<br>ເຮົາຈຳຕ້ອງຈາກພາກກັນໄປ<br>ຢູ່ແຫ່ງໃດຂໍພຣະສະຖິດດ້ວຍ<br>ພຣະເຈົ້າຊ່ວຍທຸກທາງ ພຣະເຈົ້າຊ່ວຍທຸກທາງ<br>ໃນການງານທີ່ເຮົາຈະທຳ<br>ຊົງນຳທຸກວັນຕາມມັກຄາ<br>ຈຳຈາກໄປໃຈຫ່ວງຫາ<br>ຈະໄດ້ມາພານພົບກັນອີກທີ<br>ສະບາຍດີມີໄຊ<br>ໃນການງານທີ່ເຮົາຈະທຳ<br>ອຳລາອາໄລຮັກຈຳຈາກໄປ
ດວງໃຈຍິນດີ	@5	<br>ຂໍ້ຊ້ຳ: ດວງໃຈຍິນດີສະໜຸກຫຼືນີ້ເຮົາມາຮ້ອງເພງ ສັນເສີນພຣະເຈົ້າສະໜຸກອຸລາ<br>ຮ່ວມກັນບັນເລງ ຖວາຍສຽງເພງສະໜຸກຄື້ນເຄງຮ່ວມກັນເຮຮາ<br><br><p-n>1 </p-n>ຄວາມຮັກພຣະເຈົ້າແນ່ນອນ ບໍ່ຢອກຢ້ອນພຣະພອນປະດັບວິນຍານ<br>ທຸກວັນທຸກຄືນ ຊື່ນອຸລາ ສຸກຫັນສາພາຊື່ນຊົມ (ຊ້ຳ)<br><br><p-n>2 </p-n>ຊີວິດມີສັນຕິສຸກ ບໍ່ມີທຸກບໍ່ມີຄວາມເສົ້າວິນຍານ<br>ພຣະອົງປະທານ ຊື່ນວິນຍານ ຕະຫຼອດມາພາຊື່ນຊົມ (ຊ້ຳ)
ຍຸກສຸດທ້າຍ	@6	<br>ຂໍ້ຊ້ຳ: ຈິງຕາມທີ່ກ່າວໄວ້<br>ຍຸກສຸດທ້າຍຈະເກີດສັບສົນ<br>ເກີດທຸກທົນກັນດານອາຫານ<br>ໂລກເຜົາຜານຊີວິດປວງຊົນ<br>ມີຜູ້ຄົນຈົນສິນລະທຳ<br>ໄດ້ແຕ່ທຳໃນສິ່ງມືດມົນ<br>ຕ່າງຕ້ອງທົນໄປຕາມສົງຄາມ<br>ທີ່ຫ່ຳຫັ່ນກັນຂອງປວງຊົນ<br><br><p-n>1 </p-n>ຍຸກສຸດທ້າຍຄົນຈະເຫັນແກ່ຕົວ<br>ຄວາມຮັກມືດມົວ ຈິດໃຈໂສມົນ<br>ກຽດຊັງຄວາມດີ<br>ມີແຕ່ເຫັນແກ່ເງິນ<br>ຮັກຄວາມເພີດເພີນ<br>ສາດສະໜາບໍ່ມີ (ຊ້ຳ)<br><br><p-n>2 </p-n>ຍຸກສຸດທ້າຍຈະເກີດໄພສົງຄາມ<br>ອາຫານຈະບໍ່ມີທານ ຮ່າງກາຍຊຸດໂຊມ<br>ຈະມີແຜ່ນດິນໄຫວ<br>ຈະມີໄພເກີດມາ<br>ທີ່ຄວາມຊົ່ວນຳພາ<br>ເປັນບັນຫາທີ່ມີ (ຊ້ຳ)<br><br>** ເຫດການເຫຼົ່ານີ້ພະຄຳພີກ່າວໄວ້ ເພື່ອເຕືອນຈິດໃຈ ໃກ້ວັນພຣະກັບມາ<br>ຕຽມຕົວໄວ້ໃຫ້ພ້ອມ ຕຶ່ນຢູ່ສະເໝີ ເພື່ອລໍວັນໄດ້ເຈີ ອົງພຣະຄຣິດກັບມາ
ຄວາມສຸກຢູ່ໃນໃຈຂ້ອຍ	@7	<br><p-n>1 </p-n>ຄວາມສຸກຢູ່ໃນໃຈຂ້ອຍ ຄວາມສຸກຢູ່ໃນໃຈເຈົ້າ<br>ຄວາມສຸກຢູ່ໃນໃຈຂ້ອຍແລະໃນໃຈເຈົ້າ<br>ຄວາມສຸກຢູ່ໃນໃຈຂ້ອຍ ຄວາມສຸກຢູ່ໃນໃຈເຈົ້າ<br>ຄວາມສຸກຢູ່ໃນໃຈຂ້ອຍແລະໃນໃຈເຈົ້າ<br>ລາລາລາລາ ລາລາລາລາ ລາລາລາລາ ລາລາລາລາ<br><br><p-n>2 </p-n>ພຣະຄຣິດຢູ່ໃນໃຈຂ້ອຍ ພຣະຄຣິດຢູ່ໃນໃຈເຈົ້າ<br>ພຣະຄຣິດຢູ່ໃນໃຈຂ້ອຍແລະໃນໃຈເຈົ້າ (2ເທື່ອ)<br>ລາລາລາລາ……ລາລາລາລາ<br><br><p-n>3 </p-n>ຄວາມຮັກຢູ່ໃນໃຈຂ້ອຍ ຄວາມຮັກຢູ່ໃນໃຈເຈົ້າ<br>ຄວາມຮັກຢູ່ໃນໃຈຂ້ອຍແລະໃນໃຈເຈົ້າ (2ເທື່ອ)<br>ລາລາລາລາ……ລາລາລາລາ<br><br><p-n>4 </p-n>ຮອຍຍິ້ມຢູ່ໃນໃຈຂອ້ຍ…<br><br><p-n>5 </p-n>ບັດຍັດຢູ່ໃນໃຈຂອ້ຍ…
ຄົນໂງ່ສ້າງບ້ານ	@8	<br><p-n>1 </p-n>ຄົນໂງ່ສ້າງບ້ານ ສ້າງບ້ານໄວ້ເທິງດິນຊາຍ<br>ຄົນໂງ່ສ້າງບ້ານ ສ້າງບ້ານໄວ້ເທິງດິນຊາຍ<br>ຄົນໂງ່ສ້າງບ້ານ ສ້າງບ້ານໄວ້ເທິງດິນຊາຍ ເມື່ອພາຍຸແລະລົມພັດມາ<br>ເມື່ອຝົນຕົກໜັກ ແມ່ນ້ຳກໍ່ໄຫຼນອງ (3) ບ້ານຫັຼງນັ້ນກໍ່ພັງທະລາຍ<br><br><p-n>2 </p-n>ຄົນມີປັນຍາ ສ້າງບ້ານໄວ້ເທິງສີລາ (3) ເມື່ອພາຍຸແລະລົມພັດມາ<br>ເມື່ອຝົນຕົກໜັກ ແມ່ນ້ຳກໍ່ໄຫຼນອງ (3) ບ້ານຫັຼງນັ້ນກໍ່ຕັ້ງໝັ້ນຄົງ
ຊີວິດເຮົາພຣະເຈົ້າຊົງສ້າງ	@9	<br><p-n>1 </p-n>ຊີວິດເຮົາພຣະເຈົ້າຊົງສ້າງ<br>ເປັນຫົນທາງໃຫ້ໄປສູ່ສະຫວັນ<br>ຄວາມກາລຸນພຣະຄຸນພຣະທຳ<br>ສົມຄວນເຮົາທ່ານ ສັນລະເສີນໂມທະນາ<br>ພຣະບິດາ ພຣະບຸດຕາ<br>ພຣະວິນຍານ ອັນເລີດລ້ຳ<br>ພອນພຣະອົງທີ່ຊົງປະທານ<br>ໃຫ້ເປັນປະຈຳຊື່ນຊົມໃນລິດເດຊາ<br><br>ຂໍ້ຊ້ຳ: ໃນພຣະນາມພຣະເຢຊູ<br>ຊົງເອັນດູຊາວປະຊາ<br>ຄວາມບາບທີ່ເຮົາເຄີຍທຳ<br>ເປັນປະຈຳພຣະອົງຊົງໄຖ່<br>ແມ່ນຈະມີມົນທິນ<br>ໃຜດູໝິ່ນກໍ່ຊ່າງໃຜ<br>ພຣະອົງຊົງໄຊອະໄພພວກເຮົາ<br>ຄວາມຊຶມເສົ້າພວກເຮົາຫາຍໄປ<br><br><p-n>2 </p-n>ຈະມີໃຜທີ່ໃດກັນເວົ້າ<br>ນຳພວກເຮົາຊ່ວຍປະຊາລອດພົ້ນ<br>ທຳຄວາມດີບໍ່ມີຈັກຄົນທີ່ຈະຊ່ອຍຕົນ<br>ໃຫ້ຫລຸດພົ້ນຈາກຄວາມຕາຍ<br>ບໍ່ມີວັນ ຈະຫລຸດຫາຍ<br>ຈາກຄວາມຕາຍ ໄປໄດ້ເລີຍ<br>ພຣະເຢຊູເປັນຜູ້ຊົດເຊີຍ<br>ນ້ຳຄຳພ່ຳເອີຍບໍ່ເຄີຍລືມພວກເຮົາ(ຂໍ້ຊ້ຳ)
ຂໍໃຫ້ພຣະກຽດ	@10	<br>ຂໍໃຫ້ພຣະກຽດຈົ່ງມີແດ່ພຣະອົງ<br>ໃນວັນນີ້ແລະນິຣັນ (2)<br>ຂໍໃຫ້ພຣະກຽດຈົ່ງມີແດ່ພຣະອົງ<br>ໃນວັນນີ້ແລະນິຣັນ ແດ່ພຣະອົງ ແດ່ພຣະອົງ(2)
ເລີ່ມໃຫ້ຖືກ	@11	<br>ເລີ່ມໃຫ້ຖືກຜູກພັນກັບອົງພຣະເຈົ້າ<br>ທຸກວັນເວລາແລະຕະຫຼອດໄປ (2)<br>ຈົ່ງຮັກພຣະເຈົ້າດ້ວຍສິ້ນສຸດຈິດ<br>ໃຫ້ພຣະອົງຊົງເປັນໜຶ່ງໃນຊີວິດ<br>ແລະຮັກເພື່ອນບ້ານເໝືອນຮັກຕົນເອງ<br>ຈົ່ງຮັກທຸກຄົນ<br>ຖ້າທ່ານໄດ້ຮັບແບບຢ່າງນີ້ໄວ້ແລ້ວ<br>ຊີວິດທ່ານໄດ້ເລີ່ມຖືກທາງ<br>ຈົ່ງຮັກສາຄວາມຮັກນີ້ໄວ້<br>ເພື່ອຊີວິດມີສຸກສືບໄປ
ເຮົາເປັນໜຶ່ງໃນຄວາມຮັກພຣະຄຣິດ	@12	<br><p-n>1 </p-n>ເຮົາເປັນໜຶ່ງໃນຄວາມຮັກພຣະຄຣິດ<br>ເຮົາເປັນໜຶ່ງໃນຄວາມຮັກພຣະຄຣິດ<br>ວິນຍານຈິດເຮົາຜູກພັນກັບອົງພຣະວິນຍານ ເຮົາເປັນໜຶ່ງໃນຄວາມຮັກພຣະຄຣິດ<br><br><p-n>2 </p-n>ຂໍໃຫ້ເຮົາຮ່ວມຮ້ອງເພງສັນລະເສີນ<br>ເປີດດວງໃຈຮັບຄວາມຮັກພຣະເຈົ້າ<br>ໃຫ້ເຮົາຈັບມືກັນແລະປະກາດໃຫ້ໂລກຮູ້<br>ເຮົາເປັນໜຶ່ງໃນຄວາມຮັກພຣະຄຣິດ
ຈິດວິນຍານຂ້າກະຫາຍ	@13	<br>ຈິດວິນຍານຂ້າກະຫາຍ<br>ພຣະເຈົ້າດຸດດັ່ງກວາງນ້ອຍກະຫາຍຫານ້ຳ<br>ຊົງເປັນຄວາມປາດຖະໜາ<br>ແຫ່ງຈິດໃຈຂ້າທີ່ຢາກສັນເສີນພຣະອົງ<br>ຊົງເປັນໂລ້ທີ່ກຳບັງເຂັ້ມແຂງ<br>ຊົງເປັນຜູ້ດຽວທີ່ຂ້າຮັກເທີດທູນ<br>ຊົງເປັນຄວາມປາດຖະໜາ<br>ແຫ່ງຈິດໃຈຂ້າທີ່ຢາກສັນເສີນພຣະອົງ
ໃນທົ່ງຫຍ້າຂອງພຣະເຈົ້າ	@14	<br>ໃນທົ່ງຫຍ້າຂອງພຣະເຈົ້າ<br>ມີນ້ຳແລະຫຍ້າອຸດົມດີ<br>ຂ້າກັບພຣະເຈົ້າ<br>ເດີນຮ່ວມກັນດ້ວຍຍິນດີ<br>ຂ້າປຽບເໝືອນແກະຂອງພຣະອົງ<br>ຊຶ່ງຊົງເຝົ້າໄວ້ຢ່າງດີ<br>ເດີນຕາມພຣະອົງ<br>ມີນ້ຳທ່າ ຢູ່ໃນພູຜາ<br>ຫຍ້າຂຽວດີ ຢູ່ເທິງພູເຂົາ<br>ຍາມຄ່ຳຄືນ ຍາມຄ່ຳຄືນ<br>ຂ້າເດີນໄປກັບພຣະເຈົ້າ<br>ແມ່ນມືດມົວຢູ່ເທິງພູເຂົາ<br>ທາງລຳບາກຢູເທິງພູຜາ<br>ຂ້າເດີນຕາມ ຂ້າເດີນຕາມ ຜູ້ລ້ຽງອັນດີ ດີດີ
ຂ້າໄດ້ຕໍ່ສູ້ກັບເນື້ອໜັງ	@15	<br><p-n>1 </p-n>ຂ້າໄດ້ຕໍ່ສູ້ກັບເນື້ອໜັງ<br>ຂ້າໄດ້ຕໍ່ສູ້ກັບຊາຕານ<br>ຂ້າໄດ້ສູ້ຄວາມບາບຊົ່ວໃນໃຈຂອງຂ້າ ຂ້າໄດ້ຕໍ່ສູ້ຄວາມບາບເລວ<br>ຂ້າເປັນແປວໄຟແສງສະຫວ່າງ<br>ຂອງພຣະຄຣິດ ໂຜດຊ່ວຍຂ້າຕໍ່ສູ້ຊະນະ<br>ຂໍ້ຊ້ຳ: ພຣະວິນຍານຢູ່ໃນໃຈຈະຊ່ວຍຕົວຂ້າ<br>ໂດຍຮີບໄວພຣະວິນຍານຈະຊົງນຳຂ້າ<br><br><p-n>2 </p-n>ຂ້າຈະສ້າງຊີວິດຂອງຂ້າ<br>ຂ້າຈະສ້າງນິດໄສຂອງຂ້າ<br>ໃຫ້ສຳພັນກັບພຣະຄຣິດທຸກວັນເວລາ<br>ຂ້າຈະສ້າງຄຣິສຕຽນຄົນອື່ນ<br>ຂ້າຈະສ້າງຄວາມເຊື່ອຄົນອື່ນ<br>ໃຫ້ເຂົ້າເຖິງຄວາມສົມບູນໃນພຣະຄຣິດເຈົ້າ(ຊ້ຳ)
ພຣະເຈົ້າຄືຕົນ	@16	<br><p-n>1 </p-n>ພຣະເຈົ້າຄືຕົ້ນ ແລະເຮົາຄືກ້ານ<br>ພຣະຊົງໃຫ້ຄວາມຮັກ<br>ພຣະເຈົ້າຄືຕົ້ນ ແລະເຮົາຄືກ້ານ<br>ພຣະຊົງໃຫ້ຄວາມຮັກ<br>ພຣະເຈົ້າຄືຕົ້ນ ແລະເຮົາຄືກ້ານ<br>ພຣະຊົງໃຫ້ຄວາມຮັກ ພຣະຊົງໃຫ້ຄວາມຮັກ<br><br><p-n>2 </p-n>ເຮົາຮັກທ່ານ ແລະທ່ານຮັກເຮົາພຣະຊົງໃຫ້ຄວາມຮັກ<br><br><p-n>3 </p-n>ພຣະຊົງໃຫ້ຄວາມຮັກ
ເມື່ອຜ່ານໂລກນີ້	@17	<br><p-n>1 </p-n>ຂ້າອາໄສຢູ່ໃນໂລກນີ້<br>ຄວາມບາບມີທີ່ໄດ້ທຳໄປ<br>ຊຶ່ງໄດ້ທຳໃນສິ່ງທີ່ຂ້າບໍ່ສົມຄວນທຳ<br>ຕາມທາງນີ້ ມີຜູ້ຊົງນຳ<br>ໂດຍລຳພັງຈະພາດພັ້ງໄປ ເພາະຄວາມທຸກຍາກລຳບາກກ້ຳກາຍຈົນເຖິງວັນຕາຍ<br><br>ຂໍ້ຊ້ຳ: ເມື່ອຜ່ານໂລກນີ້ ບໍ່ມີຄວາມທຸກໂສກ<br>ເມື່ອຜ່ານໂລກນີ້ ເຈັບໄຂ້ກໍ່ຫາຍ<br>ຕາເວັນສ່ອງແສງ ເທິງຝັ່ງງາມວິໄລ ຂ້າຈະບໍ່ພົບຄວາມທຸກເລີຍຕະຫຼອດນິລັນ<br><br><p-n>2 </p-n>ເດີນຕາມຮອຍພຣະບາດພຣະເຈົ້າ<br>ທຸກຄ່ຳເຊົ້າເພິ່ງໃນພຣະອົງ<br>ພຣະເຈົ້າຜູ້ຊົງສະຖິດຢູ່ດ້ວຍ<br>ຕະຫຼອດເວລາ<br>ຈັກວັນໜຶ່ງຈະສະເດັດມາ<br>ເພື່ອຮັບຂ້າໄປເມືອງສະຫວັນ<br>ຊຶ່ງນະທີ່ນັ້ນ<br>ຈະມີຄວາມສຸກທຸກເວລາ
ພຣະເຈົ້າເປັນຄວາມຮັກ	@18	<br>ພຣະເຈົ້າເປັນຄວາມຮັກ ພຣະເຈົ້າເປັນຄວາມຮັກ<br>ພຣະເຈົ້າເປັນຄວາມຮັກ<br>ພຣະເຈົ້າເປັນຄວາມຮັກ ພຣະເຈົ້າເປັນຄວາມຮັກ<br>ພຣະເຈົ້າເປັນຄວາມຮັກ<br>ເມື່ອຂ້າຈະນິດທາໃນເວລາລາຕີ<br>ຂ້າຄິດເຖິງພຣະເຈົ້າ ພຣະບິດາ<br>ຂ້າຮູ້ແນ່ວ່າພຣະອົງຊົງຮັກທຸກເວລາ<br>ເພາະຂ້າເປັນບຸດຂອງພຣະອົງ
ພຣະເຢຊູພຣະຜູ້ຍິ່ງໃຫຍ່	@19	<br><p-n>1 </p-n>ພຣະເຢຊູພຣະຜູ້ຍິ່ງໃຫຍ່<br>ຜູ້ພິຊິດຄວາມມໍລະນາ<br>ໂດຍໂລຫິດຊຳລະຄວາມບາບ<br>ຂ້າຈຶ່ງໄດ້ຮັບໄຊຊະນະ<br><br>ຂໍ້ຊ້ຳ: ຮາເລລູຢາ ພຣະອົງໄຊຊະນະ<br>ຮາເລລູຢາ ພຣະອົງຊົງມີໄຊ<br>ຮາເລລູຢາ ພຣະອົງໄຊຊະນະ<br>ໂດຍເຫດນີ້ຂ້າຈຶ່ງມີໄຊຊະນະ<br><br><p-n>2 </p-n>ພຣະເຢຊູພຣະຜູ້ເມດຕາ<br><br>ຊົງຮຽກຂ້າອອກຈາກທາງມານ<br>ແມ່ນວ່າຂ້າຈະຊົ່ວພຽງໃດ<br>ພຣະອົງຊົງຮັກຂ້າສະເໝີ (ຊ້ຳ)<br><br><p-n>3 </p-n>ເມື່ອຊີວິດພົບສັນຕິສຸກ<br>ພົ້ນຄວາມທຸກຮູ້ວ່າມີໄຊ<br>ພຣະອົງຊົງຮັກຂ້າແນ່ໄປ<br>ໂດຍເຫດນີ້ຂ້າຈຶ່ງຊະນະ (ຊ້ຳ)
ຂ້າຮັບການໄຖ່	@20	<br>ຂ້າຮັບການໄຖ່ ດ້ວຍພຣະໂລຫິດ<br>ຂ້າຮັບການໄຖ່ ຂ້າຮູ້ແນ່ແກ່ໃຈ<br>ຂ້າຮັບການໄຖ່ ດ້ວຍພຣະໂລຫິດ<br>ຫລຸດຈາກບາບ ເປັນທີ່ຊາບແກ່ໃຈ<br>ບາບຂອງຂ້າ ຖືກຍົກແລ້ວ<br>ສັນລະເສີນພຣະເຈົ້າ
ຈົ່ງມາວອນອະທິຖານ	@21	<br><p-n>1 </p-n>ຈົ່ງມາວອນອະທິຖານ<br>ຢ່າໃຫ້ມານມີໂອກາດ<br>ຈົ່ງຕຽມແລະລະວັງ<br>ອະທິຖານອ້ອນວອນທຸກວັນ<br>ຂໍ້ຊ້ຳ: ແຜ່ນດິນສະຫວັນປຽບຍິງພົມມະຈັນ<br>ຄົນມີປັນຍາຫ້າຄົນມີນ້ຳມັນ<br>ຄົນໂງ່ຫ້າຄົນ<br>ມີຕະກຽງບໍ່ມີນ້ຳມັນ (x2)<br><br><p-n>2 </p-n>ໃຈພ້ອມແລ້ວກາຍອ່ອນແອ<br>ຢ່າຍອມແພ້ການທົດລອງ<br>ຈົ່ງເຊື່ອພຣະເຢຊູ<br>ອະທິຖານອ້ອນວອນພຣະອົງ (ຊ້ຳ)<br><br><p-n>3 </p-n>ຈົ່ງຕຽມພ້ອມຢູ່ສະເໝີ<br>ຢ່າລະເມີເຜີຫຼັບໄປ<br>ພຣະເຢຊູເຈົ້າຈະມາ<br>ໃນເວລາທີ່ທ່ານຫຼັບນອນ (ຊ້ຳ)
ອາສາແຫ່ງໄມ້ກາງແຂນ	@22	<br>ພວກເຮົາອາສາແຫ່ງໄມ້ກາງແຂນ<br>ບໍ່ກົວກົດເກນຄວາມຍາກລຳບາກ<br>ຮັບໃຊ້ພຣະຄຣິດດ້ວຍຈິດໃຈມັກ<br>ເປັນທາດສະໝັກເພາະຮັກພຣະອົງ<br>ຖວາຍຊີວິດຈິດໃຈປົງ<br>ແບກໄມ້ກາງແຂນເດັ່ນສະຫງ່າ<br>ຂ້າຂໍຖວາຍກຽດພຣະເຢຊູ<br>ຂ້າຂໍຖວາຍກຽດພຣະເຢຊູ
ທີ່ສະຫວັນສະຫວ່າງ	@23	<br><p-n>1 </p-n>ທີ່ສະຫວັນສະຫວ່າງສົດໃສ<br>ຄວາມສຸກຍິນດີມີມາກມາຍ<br>ພາລະໜັກນ້ຳຕາ ພຣະອົງຊົງເຊັດໃຫ້<br>ທີ່ສະຫວັນສະຫວ່າງສົດໃສ<br><br><p-n>2 </p-n>ທີ່ນະລົກນັ້ນມືດຕຶດຕື<br>ຄວາມສຸກຍິນດີບໍ່ມີເລີຍ<br>ພາລະໜັກນ້ຳຕາ ບໍ່ມີໃຜເຊັດໃຫ້<br>ທີ່ນາລົກນັ້ນມືດຕຶດຕື
ຢ່າລືມວ່າພຣະເຢຊູ	@24	<br>ຢ່າລືມວ່າພຣະເຢຊູ<br>ທອດພຣະເນດທ່ານຢູ່ສະເໝີ<br>ໃນກິດການໃນຊີວິດ<br>ພຣະສະຖິດຢູ່ກັບເຮົາ ພຣະຄຣິດສະຖິດກັບເຮົາ<br>ດັ່ງນັ້ນທ່ານຈົ່ງຍິນດີ<br>ແລະມີຮອຍຍິ້ມປະດັບ<br>ຢູ່ໃນດວງໃຈສະເໝີ<br>ພຣະຮັກເຮົາທຸກຄົນ
ຂ້ອຍຄິດເຖິງເຈົ້າ	@25	<br><p-n>1 </p-n>ຂ້ອຍຄິດເຖິງເຈົ້າ<br>ຢາກຈະບອກເຖິງຄວາມໃນໃຈ<br>ຄິດເຖິງດ້ວຍໃຈ<br>ດ້ວຍໃຈທີ່ປາດຖະໜາ<br>ຢາກຈະບອກວ່າຊີວິດມີຄຸນຄ່າ<br>ດ້ວຍວາຈາທີ່ມາເປັນສຽງເພງ<br><br><p-n>2 </p-n>ພຣະຄຣິດຮັກເຮົາ<br>ເຈົ້າຮູ້ແລ້ວຫຼືຍັງ<br>ຢ່າເຮັດໜ້າເສົ້າເໝືອນຊີວິດໝົດຫວັງ<br>ຢ່າໄດ້ຄິດ ຢ່າຄິດທຳລາຍຕົວເອງ<br>ມາຟັງເພງພຣະເຢຊູຊົງຮັກເຮົາ<br><br><p-n>3 </p-n>ເຖິງເຮົາຈະເປັນຢ່າງໃດ<br>ເຖິງໃຈຂາດຄວາມອົບອຸ່ນ<br>ພຣະເຢຊູຊົງເກື້ອກູນ<br>ແລະຍູ້ໜູນທຸກເວລາ
ໂອລະວັງ	@26	<br><p-n>1 </p-n>ໂອລະວັງຕີນນ້ອຍໆ ເຈົ້າຍ່າງໄປໃສ<br>ໂອລະວັງຕີນນ້ອຍໆ ຂ້ອຍຍ່າງໄປໂບດ<br>ພຣະເຢຊູຢູ່ເທິງສະຫວັນແລະພຣະອົງກຳລັງເຝົ້າເບີ່ງ<br>ໂອລະວັງຕີນນ້ອຍໆ ເຈົ້າຍ່າງໄປໃສ<br><br><p-n>2 </p-n>ໂອລະວັງປາກນ້ອຍໆ<br>ເຈົ້າເວົ້າອີ່ຫຍັງ<br>ໂອລະວັງປາກນ້ອຍໆ ຂ້ອຍຮ້ອງເພງສັນຣະເສີນ<br>ພຣະເຢຊູຢູ່ເທິງສະຫວັນແລະພຣະອົງກຳລັງເຝົ້າເບີ່ງ<br>ໂອລະວັງປາກນ້ອຍໆ ເຈົ້າເວົ້າອີ່ຫຍັງ<br><br><p-n>3 </p-n>ໂອລະວັງມືນ້ອຍໆ<br>ເຈົ້າເຮັດອີ່ຫຍັງ<br>ໂອລະວັງມືນ້ອຍໆ ຂ້ອຍອະທິຖານຕໍ່ພຣະເຈົ້າ<br>ພຣະເຢຊູຢູ່ເທິງສະຫວັນແລະພຣະອົງກຳລັງເຝົ້າເບີ່ງ<br>ໂອລະວັງມືນ້ອຍໆ ເຈົ້າເຮັດອີ່ຫຍັງ
ຈົ່ງຮ່ວມກັນພະນຶກກຳລັງ	@27	<br><p-n>1 </p-n>ຈົ່ງຮ່ວມກັນພະນຶກກຳລັງເພື່ອພຣະເຢຊູ (2)<br>ເພາະພຣະອົງເຮົາທັງຫຼາຍ<br>ຈຶ່ງໄດ້ມາຮ່ວມຊຸມນຸມກັນ<br>ຈົ່ງຮ່ວມກັນພະນຶກກຳລັງພຣະເຢຊູ<br><br><p-n>2 </p-n>ຈົ່ງກ້າວໄປຢ່າງຜູ້ມີໄຊໃນພຣະເຢຊູ(2)<br>ເພາະພຣະອົງເຮົາທັງຫຼາຍ<br>ຈຶ່ງໄດ້ມາຮ່ວມຊຸມນຸມກັນ<br>ຈົ່ງກ້າວໄປຢ່າງຜູ້ມີໄຊໃນພຣະເຢຊູ<br><br><p-n>3 </p-n>ຈັບມືກັນພະນຶກກຳລັງເພື່ອພຣະເຢຊູ(2)<br>ເພາະພຣະອົງເຮົາທັງຫຼາຍ<br>ຈຶ່ງໄດ້ມາຮ່ວມຊຸມນຸມກັນ<br>ຈັບມືກັນພະນຶກກຳລັງເພື່ອພຣະເຢຊູ
ຄວາມຮັກຍິ່ງໃຫຍ່	@28	<br>ຄວາມຮັກຍິ່ງໃຫຍ່ເຮົາຮັບຈາກພຣະບິດາ ຈິດໃຈສຳພັດຄວາມຮັກພຣະອົງ<br>ຮັກຢຶດໝັ້ນສະເໝີບໍ່ມີວັນສູນສິ້ນ<br>ຄວາມຮັກຊ່ອຍເຊັດນ້ຳຕາຂ້າພຣະອົງ<br>ເຫດເພາະສຳພັດຄວາມຮັກພຣະບິດາ<br>ຄວາມຮັກຍິ່ງໃຫຍ່ຮ່ວມໃຈຂອງເຮົາ<br>ຄວາມຮັກຂອງພຣະເຢຊູຢູ່ເຕັມຫົວໃຈ<br>ຄວາມຮັກຊຶ່ງສ່ອງສະຫວ່າງແກ່ປະຊາ<br>ຮາເລລູຢາ ຮາເລລູຢາ ຮາເລລູຢາ ຮາເລລູຢາ
ໄຊຊະນະໂລກນີ້	@29	<br>ໄຊຊະນະໂລກນີ້ ໄຊຊະນະໂລກນີ້<br>ໂດຍໂລຫິດພຣະເຢຊູ ໄຊຊະນະໂລກນີ້<br>ວາງໃຈໃນພຣະເຈົ້າ ເຮົາເຫັນສະງ່າລາສີ<br>ເຮົາເຊື່ອໃນພຣະເຢຊູຜູ້ຊະນະໂລກນີ້
ກິ້ງອອກໄປ	@30	<br><p-n>1 </p-n>ກິ້ງອອກໄປ ກິ້ງອອກໄປ ກິ້ງອອກໄປ<br>ບັນດາພາລະໜັກໃນໃຈ ກິ້ງອອກໄປ (2)<br>ເທິງກາງແຂນ ບຸດພຣະເຈົ້າ<br>ຊົງເລືອດໄຫຼ ເພື່ອໄຖ່ເຮົາ ຮາເລລູຢາ<br>ກິ້ງອອກໄປ ກິ້ງອອກໄປ ກິ້ງອອກໄປ<br>ບັນດາພາລະໜັກໃນໃຈ ກິ້ງອອກໄປ<br><br><p-n>2 </p-n>ໂຍນອອກໄປ (3ເທື່ອ)<br>ບັນດາພາລະໜັກໃນໃຈ ໂຍນອອກໄປ (2)<br>ເທິງກາງແຂນ ບຸດພຣະເຈົ້າ<br>ຊົງເລືອດໄຫຼ ເພື່ອໄຖ່ເຮົາ ຮາເລລູຢາ<br>ໂຍນອອກໄປ (3ເທື່ອ)<br>ບັນດາພາລະໜັກໃນໃຈ ໂຍນອອກໄປ
ປ່ຽມຮັກ	@31	<br><p-n>1 </p-n>ປ່ຽມຮັກຈົນເຕັມລົ້ນຜູ້ຄົນໃນໃຈ<br>ດ້ວຍຄວາມຫ່ວງໃຍຈຶ່ງໄດ້ສະເດັດມາ<br>ບັນທົມໃນຮ່າງຫຍ້າຊົງນາມວ່າເຢຊູ<br>ຜູ້ຄົນຄວນຮູ້ວ່າຊົງເປັນຜູ້ໃດ<br><br>ຂໍ້ຊ້ຳ: ນີ້ຄືຂ່າວສຳຄັນທີ່ສຸດໃນຫົວໃຈ<br>ເພາະຜູ້ໄຖ່ໄດ້ມາຢູ່ກັບເຮົາ<br>ປ່ຽນຄວາມເສົ້າມືດມົນ<br>ດ້ວຍແຮງແສງສະຫວ່າງ<br>ແຫ່ງຄວາມຮັກ<br>ພຣະຄຸນແລະເມດຕາ<br><br><p-n>2 </p-n>ທີ່ເມືອງເບັດເລເຮັມທີ່ເຄີຍງຽບເຫງົາ<br>ທຸກຄົນປວດລ້າວບໍ່ມີທີ່ເພິ່ງພາ<br>ຕາເວັນເລີ່ມທໍແສງປະກາຍແຫ່ງຄວາມຫວັງ<br>ຜູ້ຄົນສຸກສັນຜູ້ນັ້ນສະເດັດມາ (ຊ້ຳ)
ເມື່ອພຣະວິນຍານສວມທັບຂ້າ	@32	<br>ເມື່ອພຣະວິນຍານພຣະເຈົ້າສວມທັບຂ້າ ຂ້າສັນຣະເສີນ ອົງພຣະເຢຊູ (2)<br>ຂ້າສັນຣະເສີນ ຂ້າສັນຣະເສີນ<br>ຂ້າສັນຣະເສີນ ອົງພຣະເຢຊູ (2)
ໃຜຈະໄປບອກ	@33	<br>ໃນໂລກນີ້ມີຄົນມາກຫຼາຍ<br>ຊຶ່ງຢູ່ໃນຄວາມບາບ<br>ໃຜຈະໄປບອກຄົນເຫຼົ່ານັ້ນ<br>ນຳເຂົາເຖິງຄວາມພົ້ນ<br>ໃຜຈະໄປບອກ ໃຜຈະໄປບອກ<br>ເລື້ອງຂອງໄມ້ ກາງແຂນ<br>ຂ້າຈະໄປບອກ ຂ້າຈະໄປບອກ<br>ພຣະຄຣິດຕາຍ ແທນເຮົາ
ເຮົາຮັກພຣະເຢຊູຫລາຍຂຶ້ນທຸກວັນ	@34	<br><p-n>1 </p-n>ເຮົາຮັກພຣະເຢຊູຫຼາຍຂຶ້ນທຸກວັນ<br>ຫຼາຍຂຶ້ນທຸກວັນທຸກວັນ ຫຼາຍຂຶ້ນທຸກວັນ ແລະທຸກວັນ<br>ເຮົາຮັກພຣະເຢຊູຫຼາຍຂຶ້ນທຸກວັນ<br>ຫຼາຍຂຶ້ນທຸກວັນທຸກວັນ<br>ຫຼາຍຂຶ້ນທຸກວັນ ແລະທຸກວັນ<br>ຍິ່ງວັນເວລາຜ່ານໄປຍິ່ງຊຶ້ງໃນນ້ຳພຣະໄທ<br>ທີ່ມີຕໍ່ເຮົາແລະມີຕໍ່ຄົນທົ່ວໄປ<br><br><p-n>2 </p-n>ເຮົາຮັກພຣະເຢຊູຫຼາຍຂຶ້ນທຸກວັນ<br>ຫຼາຍຂຶ້ນທຸກວັນທຸກວັນ<br>ຫຼາຍຂຶ້ນທຸກວັນແລະທຸກວັນ<br>(ທຸກທຸກວັນ)
ຍົກພຣະເຢຊູ	@35	<br>ຍົກພຣະເຢຊູ ຍົກພຣະເຢຊູ<br>ຍົກພຣະອົງໃຫ້ຊາວໂລກໄດ້ເຫັນ<br>ພຣະອົງຕັດວ່າ ຖ້າເຮົາຖືກຍົກຈາກໂລກແລ້ວ<br>ເຮົາຈະນຳຄົນທັງຫຼາຍມາຫາເຮົາ<br>ມາເຖີດມາ ສັນຣະເສີນພຣະຜູ້ເປັນເຈົ້າ<br>ມາເຖີດມາ ສັນຣະເສີນພຣະຜູ້ເປັນເຈົ້າ<br>ມາເຖີດມາ ສັນຣະເສີນພຣະຜູ້ເປັນເຈົ້າ<br>ມາເຖີດມາ ສັນຣະເສີນພຣະຜູ້ເປັນເຈົ້າ<br>ອົງພຣະຄຣິດ ຜູ້ສະຖິດໃນຟ້າສະຫວັນ<br>ໂຜດປະທານ ຊີວິດນິລັນໃຫ້ແກ່ຂ້າ<br>ອົງພຣະຄຣິດ ຜູ້ພີຊີດຄວາມມໍລະນາ<br>ໂຜດໃຫ້ຂ້າເຖິງສະຫວັນອັນສຳລານ
ເກີດຄວາມຍິນດີ	@36	<br>ເກີດຄວາມຍິນດີ<br>ເພາະວ່າມີສັນຕິສຸກ<br>ຈົ່ງອອກໄປໂອ້ຄວາມທຸກ<br>ໃຈເປັນສຸກແສນຍິນດີ<br>ຢ່າມີກັງວົນ ແມ່ນວ່າຈົນຫຼືຮັ່ງມີ<br>ຈົ່ງຖວາຍຄວາມພັກດີ<br>ມອບຊີວີເພື່ອພຣະອົງ<br>ຮາເລລູຢາ ຮາເລລູຢາ
ເຮົາມີຄວາມສຸກຄືທຸງ	@37	<br>ເຮົາມີຄວາມສຸກຄືທຸງ<br>ປິວຢູ່ເໜືອວັງແຫ່ງຈິດໃຈ<br>ປິວຢູ່ເໜືອວັງແຫ່ງຈິດໃຈ<br>ປິວຢູ່ເໜືອວັງແຫ່ງຈິດໃຈ<br>ເຮົາມີຄວາມສຸກຄືທຸງ<br>ປິວຢູ່ເໜືອວັງແຫ່ງຈິດໃຈ<br>ເພາະພຣະຄຣິດ<br>ຊົງສະຖິດນະທີ່ນັ້ນ<br>ຊັກທຸງຂຶ້ນສູ່ທ້ອງຟ້າ<br>ໃຫ້ຊາວໂລກໄດ້ເຫັນ
ຂອບຄຸນພຣະເຈົ້າ	@38	<br>ຂອບຄຸນ ຂອບຄຸນພຣະເຈົ້າ (2)<br>ຂອບຄຸນ ຂອບຄຸນພຣະເຈົ້າ ຢູ່ໃນໃຈ<br>ຂອບຄຸນ ຂອບຄຸນພຣະເຈົ້າ (2)<br>ຂອບຄຸນ ຂອບຄຸນພຣະເຈົ້າ ຢູ່ໃນໃຈ ອາແມນ
ສະບາຍດີບໍ່	@39	<br>ສະບາຍດີບໍ່ ທຸກໆຄົນສະບາຍດີບໍ່?<br>ມີຫຍັງນໍ້ ທີ່ທ່ານຕ້ອງການໃຫ້ຂ້າຊ່ວຍບໍ່<br>ທຸກໆສິ່ງທີ່ຂ້າທຳໄດ້<br>ຂ້າຈະທຳດ້ວຍຄວາມເຕັມໃຈ<br>ສະບາຍດີບໍ່ທຸກໆຄົນ<br>ສະບາຍດີບໍ່?
ຂ້າຕັດສິນໃຈແລ້ວ	@40	<br><p-n>1 </p-n>ຂ້າຕັດສິນໃຈແລ້ວ ຈະຕາມພຣະເຢຊູ<br>ຂ້າຕັດສິນໃຈແລ້ວ ຈະຕາມພຣະເຢຊູ<br>ຂ້າຕັດສິນໃຈແລ້ວ ຈະຕາມພຣະເຢຊູ<br>ບໍ່ກັບຄືນເລີຍ ບໍ່ກັບຄືນເລີຍ<br><br><p-n>2 </p-n>ແມ່ນໃຜບໍ່ໄປດ້ວຍ ຂ້າກໍ່ຈະຕາມໄປ (3)<br>ບໍ່ກັບຄືນເລີຍ (2)<br><br><p-n>3 </p-n>ກາງແຂນນຳໜ້າຂ້າ ຖິ້ມໂລກໄວ້ເບື້ອງຫຼັງ (3)<br>ບໍ່ກັບຄືນເລີຍ (2)
ຄັນເອີ້ນຊື່	@41	<br><p-n>1 </p-n>ຄັນເມື່ອເປົ່າແກຂອງພຣະເຈົ້າ<br>ເວລາຂອງໂລກກໍ່ເຖິງທີ່ສຸດ<br>ແລະພຣະເຢຊູກັບມາຮັບເຮົາໄປສະຫວັນ<br>ສານຸສິດທີ່ລອດຊີວິດໃນໂລກ<br>ພຣະເຈົ້າຈະຮັບເປັນບຸດ<br>ຄັນເອີ້ນຊື່ເບື້ອງເທິງຂ້ານ້ອຍຈະຢູ່ທີ່ນັ້ນ<br><br>ຂໍ້ຊ້ຳ: ຄັນເອີ້ນຊື່ທີ່ເມື່ອງສຸກກະເສີມ<br>ຄັນເອີ້ນຊື່ທີ່ເມື່ອງສຸກກະເສີມ<br>ຄັນເອີ້ນຊື່ທີ່ເມື່ອງສຸກກະເສີມ<br>ຄັນເອີ້ນຊື່ເບື້ອງເທິງຂ້ານ້ອຍກໍ່ຢູ່ນັ້ນ<br><br><p-n>2 </p-n>ໃຫ້ເລ່ງທຳການຂອງພຣະເຢຊູ<br>ຕັ້ງແຕ່ເວລາເຊົ້າຈົນຄ່ຳ ແລະກ່າວເຖິງ<br>ຄວາມຮັກພຣະອົງຈົນສິ້ນຊີວັນ<br>ເມື່ອສຳເລັດງານຂອງພຣະຄຣິດໃນໂລກ<br>ທັງສິ້ນທີ່ເຮົາຄວນທຳ<br>ຄັນກວດຊື່ເບື້ອງເທິງຊື່ຂ້າກໍ່ຢູ່ທີ່ນັ້ນ (ຊ້ຳ)
ມີສາວົກສິບສອງຄົນ	@42	<br>ມີສາວົກສິບສອງຄົນ ທີ່ພຣະເຢຊູຊົງເອີ້ນ ເປໂຕ<br>ອັນເດີເຣອາ ຢາໂກໂບ ໂຢຮັນ<br>ເປໂຕ ອັນເດີເຣອາ ຢາໂກໂບ ໂຢຮັນ<br>ຟີລິບມັດທາຍໂທມາ ນາທາເອັນແລະຢູດາ ຢາໂກໂບ<br>ບຸດອາຟາໂບ ຊັກຄາຍແລະຊີໂມນ<br>ຊົງເອີ້ນເຈົ້າອີກຄົນ ຊົງເອີ້ນຂ້ອຍອີກຄົນ<br>ເປັນສາວົກພຣະເຢຊູ ຮ່ວມທັງເຈົ້າແລະຂ້ອຍ<br>ຊົງເອີ້ນເຈົ້າອີກຄົນ ຊົງເອີ້ນຂ້ອຍອີກຄົນ<br>ເປັນສາວົກພຣະເຢຊູ ຮ່ວມທຳງານພຣະອົງ
ມີພຣະເຢຊູຢູ່ໃນຈິດໃຈ	@43	<br><p-n>1 </p-n>ມີພຣະເຢຊູຢູ່ໃນໃຈຂ້າ<br>ໃຈຂ້າມີຄວາມສຸກ<br>ໃຈຂ້າມີຄວາມສຸກ<br>ໃຈຂ້າມີຄວາມສຸກ<br><br><p-n>2 </p-n>ມີພຣະເຢຊູຢູ່ໃນບ້ານຂ້າ<br>ບ້ານຂ້າມີຄວາມສຸກ (3)
ຮ້ອງຮາເລລູຢາແດ່ພຣະເຈົ້າ	@44	<br>ຮ້ອງຮາເລລູຢາແດ່ພຣະເຈົ້າ<br>ຮ້ອງຮາເລລູຢາແດ່ພຣະເຈົ້າ<br>ຮ້ອງຮາເລລູຢາ ຮ້ອງຮາເລລູຢາ<br>ຮ້ອງຮາເລລູຢາແດ່ພຣະເຈົ້າ (ຊ້ຳໝົດ)
ນ້ຳທະເລແສນງາມ	@45	<br>ນ້ຳທະເລແສນງາມ ຟ້າສີຄາມສົດໃສ<br>ມອງເຫັນເຮືອໃບ ແລ່ນຢູ່ໃນທະເລ<br>ຫາດຊາຍງາມເຫັນປູ ດູສິດູໝູ່ປາ<br>ກຸ້ງຫອຍນາໆ ລອຍຢູ່ໃນທ້ອງທະເລ<br>ນັ້ນແຫຼະສີພະຫັດ ພຣະເຈົ້າຊົງສ້າງໄວ້<br>ໃຫ້ເຮົາຊື່ນໃຈ ຍາມເມື່ອໄດ້ຊື່ນຊົມ
ພຣະເຢຊູຊະນະພະຍາມານ	@46	<br><p-n>1 </p-n>ພຣະເຢຊູຊະນະ ພຣະເຢຊູຊະນະ<br>ພຣະເຢຊູຊະນະພະຍາມານ<br>ພຣະເຢຊູຊະນະ ພຣະເຢຊູຊະນະ<br>ພຣະເຢຊູຊະນະພະຍາມານ<br><br>* ຮາເລລູຢາ ຮາເລລູຢາ<br>ພຣະເຢຊູຊະນະພະຍາມານ<br>ຮາເລລູຢາ ຮາເລລູຢາ<br>ພຣະເຢຊູຊະນະພະຍາມານ<br><br><p-n>2 </p-n>ສັນຣະເສີນພຣະນາມ (2)<br>ສັນຣະເສີນພຣະນາມ ພຣະເຈົ້າ (2)<br>ສັນຣະເສີນພຣະນາມ (2)<br>ສັນຣະເສີນພຣະນາມ ພຣະເຈົ້າ (2)*
ທະຫານແຫ່ງໄມ້ກາງແຂນ	@47	<br><p-n>1 </p-n>ພວກເຮົາເຫຼົ່າທະຫານແຫ່ງໄມ້ກາງແຂນ<br>ຈົ່ງຢືນເດັ່ນແລະສວມເຄື່ອງລົບສຸບໃສ່<br>ເງີຍໜ້າເບິ່ງກາງແຂນນັ້ນເປັນທຸງໄຊ<br>ປິວສະໄຫວໄປມາຢູ່ທາງໜ້າເຮົາ<br><br><p-n>2 </p-n>ຈົ່ງຟັງສຽງແມ່ທັບທ່ານຊົງຮັບສັ່ງ<br>ຈົ່ງຄອຍຟັງຄອຍຟັງສຽງແກສັນຍານ<br>ຕຽມຕົວໄວ້ໃຫ້ພ້ອມທຳຕາມບັນຊາ<br>ແລ້ວຕັ້ງໜ້າຕໍ່ໄປໄລ່ລົບສັດຕູ<br><br><p-n>3 </p-n>ເດີນໆພວກເຮົາເດີນ ເດີນໆກ້າວໜ້າໄປ<br>ເດີນໄປຢ່າສົງໃສ<br>ໄວ້ໃຈໃນພຣະອົງ<br>ເຮົາຄົງມີໄຊ ເຮົາຄົງມີໄຊ
ພຣະເຈົ້າຢູ່ທ່າມກາງພວກທ່ານ	@48	<br>ພຣະເຈົ້າຂອງທ່ານຢູ່ທ່າມກາງພວກທ່ານ<br>ຊົງລິດທາ ຊົງລິດທາ ຊົງລິດທາ<br>ພຣະອົງຊົ່ງຊ່ວຍຊົງອຳນວຍພຣະພອນ<br>ດ້ວຍຍິນດີ ດ້ວຍຍິນດີ ດ້ວຍຍິນດີ ດ້ວຍຍິນດີ<br>ຊົງເປມປີ່ດ້ວຍສຽງເພງຊົງຄື້ນເຄງດ້ວຍຄວາມຮັກ<br>ຂອງພຣະອົງ<br>ພຣະເຈົ້າຂອງທ່ານຢູ່ທ່າມກາງພວກທ່ານ<br>ຊົງລິດທາ ຊົງລິດທາ ຊົງລິດທາ
ອົງພຣະເຢຊູຄືຜູ້ໃດ	@49	<br>ອົງພຣະເຢຊູຄືຜູ້ໃດ ອົງພຣະເຢຊູຄືຜູ້ໃດ<br>ໃຜຈະບັນຍາຍ<br>ພຣະອົງຄືພັບພຶງແຫ່ງພູຜາ<br>ດັ່ງດາລາສ່ອງແສງເສີດສາຍ<br>ຊົງພະຊົນເປັນຢູ່ບໍ່ຮູ້ວາຍ<br>ຄືສະຫາຍຂອງເຮົາທຸກຄົນ
ບ້ານມີພຣະເຈົ້າ	@50	<br>ບ້ານນີ້ຫຼືເປັນທີ່ອາໄສ<br>ຈະນ້ອຍຫຼືໃຫຍ່ກໍ່ບໍ່ໄດ້ສຳຄັນ<br>ກະທ່ອມເຮືອນແພ<br>ຫຼືເປັນບ້ານໃໝ່ເກົ່ານັ້ນ<br>ຫາກບ້ານນັ້ນມີພຣະເຈົ້າ<br>ບ້ານເຮົາກໍ່ເປັນສຸກເອີຍ (2)
ພຣະຄຣິສຕະທຳຄຳພີ	@51	<br>ພຣະຄຣິດສະທຳຄຳພີ ທີ່ຈະກ່າວເຖິງນີ້<br>ເປັນຄຳພີໃໝ່ ຄຣິສຕຽນເຮົາຄວນສົນໃຈ (2)<br>ຄວນທ່ອງເອົາໄວ້ມີຈັກເຫຼັ້ມດ້ວຍກັນ<br>ມັດທາຍ ມາລະໂກ ລູກາ ເຫຼັ້ມສີ່ນັ້ນໜາ ຊື່ວ່າໂຢຮັນ<br>ເຫຼັ້ມຫ້າເຖິງເຫຼັ້ມແປດນັ້ນ(2)<br>ຄືກິດຈະການ<br>ໂຣມ ໂກຣິນໂທ ເອົ້າ ໂກຣິນໂທ ຄາລາເຕຍ<br>ເອເຟໂຊ ຟີລິບປອຍ ໂກໂລຊາຍ<br>ເທຊະໂລນິກເກ(2)<br>ໜຶ່ງຕີໂມທຽວເຫຼັ້ມສອງກໍ່ມີ<br>ໂປດຈຳໄວ້ໃຫ້ດີ ທັງຕີໂຕ ຟີເລໂມນ ເຮັບເຮີ<br>ຢາໂກໂລເປໂຕ ເປໂຕໂຢຮັນ ໂຢຮັນ ໂຢຮັນ<br>ຄຳພີຢູດາກໍ່ມີເໝືອນກັນ(2)<br>ເຫຼັ້ມທ້າຍສຸດນັ້ນຄືຄຳພີພຣະນິມິດ
ໂລກນີ້ຕຶງມື້ຕຶງວັນ	@53	<br>ໂລກເຮົາຕຶງມື້ຕຶງວັນ<br>ໂສກສັນຂ້າຟັນກັນຕາຍ<br>ຊົ່ວຊ້າທັງຍິງທັງຊາຍ<br>ມາກຫຼາຍຊະຊາຍບາບກຳ<br>ກອບໂກຍຊັບສິນເງິນຕາ<br>ໄດ້ມາບໍ່ອິ່ມບໍ່ໜຳ<br>ຄົດລ້ຽວໃຈມືດໃຈດຳ<br>ມັກທຳແຕ່ຂອງບໍ່ດີ<br>ລອງມາຄິດກ່ອນ<br>ຄິດກ່ອນຈັກໜ້ອຍນ້ອງພີ່<br>ຄິດໃຫ້ດີໆ ໂລກນີ້ມີແຕ່ຄວາມລຸ້ມຫຼົງ<br>ເຊີນມາຮັບເອົາ ຮັບເອົາພຣະເຈົ້າສູງສົ່ງ<br>ເຊື່ອໃນພຣະອົງ ພຣະອົງພາຂຶ້ນສະຫວັນ<br>ສຸກໃຈສົດໃສຫຼືດີ ເມື່ອຊີວິດມີຄວາມຫວັງ<br>ໂລກນີ້ມັນບໍ່ແນ່ອີ່ຫຍັງ<br>ພາດພັ້ງຊີວິດໝອງມົວ<br>ໂລກນີ້ມັນບໍ່ແນ່ອີ່ຫຍັງ<br>ພາດພັ້ງຊີວິດໝອງມົວ
ພຣະສີລິ	@54	<br>ພຣະສີລິ ໂອ້ພຣະສີລິ ພຣະເຈົ້າຈອມລາຊາ<br>ບໍລິສຸດ ງົດງາມສະຫງ່າ ຈອມລາຊາຂອງເຮົາ<br>ເຮົາຈຶ່ງກົ້ມກາບເທີດທູນ ນະມັດສະການດ້ວຍວິນຍານ<br>ທີ່ຍົກຍ້ອງແລະບູຊາ<br>ເພາະເຮົາມີພຣະເຈົ້າດຽວອົງຜູ້ທ່ຽງທຳ<br>ຜູ້ຊົງຄອບຄອງທົ່ວຟ້າແລະສະຫວັນ (2)
ພຣະຄຳໂອວາດພຣະເຈົ້າ	@55	<br>ພຣະຄຳໂອວາດພຣະເຈົ້າ<br>ເປັນໜັງສືສຳລັບເຮົາ<br>ເປັນເລື້ອງຄວາມຈິງທີ່ໄດ້ນຳຄວາມລອດ<br>ພຣະຄຳໂອວາດພຣະເຈົ້າ (3)
ພຣະຄຳພຣະເຈົ້າ	@56	<br>ຊີວິດເຮົາຈະດຳເນີນໄປຢ່າງໃດ<br>ໃນພຣະເຈົ້າເປັນຄຳຖາມ<br>ທີ່ຢູ່ໃນໃຈທຸກຄົນ<br>ຈະໃຫ້ທຳຢ່າງໃດ<br>ໃນເມື່ອຕ້ອງຢູ່ກັບຜູ້ຄົນມາກມາຍ<br>ເດີນປະປົນໄປກັບເຂົາ<br>ທຸກວັນເລື້ອຍໄປ<br>ແຕ່ຢ່າລືມວ່າເຮົາ<br>ຕ້ອງເດີນໄປຕາມພຣະຄຳ<br>ເປັນແສງສ່ອງທາງ<br>ດຳເນີນຊີວິດທຸກວັນ<br>ພຣະເຈົ້າຊົງໂຜດເມດຕາ<br>ເປີດເຜີຍໃຫ້ເຮົາໄດ້ຮູ້ແລ້ວວ່າ<br>ພຣະອົງຊົງມີນ້ຳພຣະໄທເຊັ່ນໃດ<br>ຫາກພາດພັ້ງພຣະເຈົ້າພ້ອມຈະອະໄພ<br>ຮີບກັບໃຈເສຍໃໝ່<br>ຕໍ່ພຣະພັກພຣະອົງ<br>ເພື່ອວັນໃໝ່ທີ່ສົດໃສ<br>ຈະກ້າວໄປຢ່າງໝັ້ນຄົງ<br>ກັບພຣະອົງ ພຣະເຢຊູ
ຄຳອະທິຖານ	@57	<br>ຍິງ:<br>ຍາມຕາວັນລາລັບຟ້າ<br>ເຖິງເວລາອະທິຖານ ທ່ານທູນເພື່ອຂ້າຫຼືບໍ່?<br><br>ຊາຍ:<br>ຂ້າຈະຄອຍເຝົ້າອ້ອນວອນ ຂໍພຣະພອນຈາກພຣະເຈົ້າ<br>ໃຫ້ເຮົາທັງສອງຮັກກັນ<br><br>ຍິງຊາຍ:<br>ໃຫ້ເຮົາທັງສອງຮັກກັນ<br><br>ຍິງ:<br>ໂອ້…ທ່ານຄຳນຶງຄິດເຖິງຂ້າຫຼືບໍ່<br>ຍາມເມື່ອທ່ານຄຸເຂົ່າອະທິຖານ<br><br>ຊາຍ: ໂອ້…ຂ້າຄຳນຶງຄິດເຖິງເຈົ້າທຸກວັນ<br>ຍາມເມື່ອຂ້າຄຸເຂົ່າເຝົ້າພຣະອົງ
ພັກພິງໃນພຣະເຈົ້າ	@58	<br><p-n>1 </p-n>ດັ່ງທະເລເຈີມໍລະສຸມແປປ່ວນ<br>ທຸກຄົນມີຊີວິດເປັນເຊັ່ນນັ້ນ ຮື ຮື<br>ຍາມທຸກຈຽນຕາຍ ຍາມຄື້ນແລະລົມຊັດພາ<br>ຂາດຄົນຄຸ້ມຄອງປ້ອງກັນພັກພິງ<br>ແຕ່ຢ່າລືມພຣະອົງເຝົ້າມອງເຮົາຢູ່<br>ພ້ອມຈະເຊີດຊູໃຈທີ່ອ່ອນແຮງ ລະອາ<br>ຈົ່ງກັບຄືນສູ່ພຣະພັກ ທີ່ແສນເມດຕາ<br>ມອບຊີວາໃຫ້ພຣະເຈົ້າດູແລ<br><br><p-n>2 </p-n>ພັກພິງໃນພຣະເຈົ້າ ພັກພິງໃນພຣະອົງ<br>ພຣະຊົງເປັນສີລາ ອັນໝັ້ນຄົງ<br>ພຣະອົງເປັນພຣະເຈົ້າ ພຣະອົງເປັນພຣະລັງ<br>ຊົງເປັນໂລ້ ເປັນກຳບັງທີ່ເຂັ້ມແຂງ<br>ຕໍ່ໄປນີ້ ຂ້າບໍ່ໄດ້ ຕໍ່ສູ້ພຽງລຳພັງ<br>ເຫດພຣະອົງຊົງກອບກຽດໄຊ<br>ໃນຄວາມຕາຍຄວາມບາບ<br>ໂປດເດີນ ຄຽງຂ້າເອີຍ
ຈົ່ງຊົມຊື່ນຍິນດີ	@59	<br><p-n>1 </p-n>ຈົ່ງຊົມຊື່ນຍິນດີໃນພຣະອົງເຈົ້າ<br>ຈົ່ງຊົມຊື່ນຍິນດີໃນພຣະອົງ<br>ແລະສັນຕິສຸກ…ແຫ່ງພຣະເຈົ້າ<br>ຄຸ້ມຄອງຈິດໃຈ (2) ໄວ້ໃນພຣະອົງ<br><br><p-n>2 </p-n>ຢ່າທຸກຮ້ອນໃນສິ່ງໃດໆ<br>ຈົ່ງນຳມາກາບທູນຕໍ່ພຣະອົງ (2)<br>ແລະສັນຕິສຸກ…ແຫ່ງພຣະເຈົ້າ<br>ຄຸ້ມຄອງຈິດໃຈ (2) ໄວ້ໃນພຣະອົງ
ຂອບພຣະຄຸນພຣະເຈົ້າ	@60	<br><p-n>1 </p-n>ຂອບພຣະຄຸນພຣະເຈົ້າ ເພາະພຣະໄດ້ປະທານ<br>ສິ່ງທີ່ດີໃນຊີວິເຮົາ<br>ພຣະອົງເອົາພຣະໄທໃສ່ ທຸກຢ່າງກ້າວເດີນ<br>ແລະຊົງຢືນຢູ່ຄຽງຂ້າງເຮົາ<br><br>ຂໍ້ຊ້ຳ: ຮາເລລູ…ຢາ ສັນຣະເສີນພຣະເຈົ້າ<br>ຮາເລລູ……ຢາ<br>ພຣະຊົງໃຫ້ສິ່ງດີ ແກ່ທຸກໆຄົນ<br>ຕາມນ້ຳພຣະໄທຂອງຂອງພຣະອົງ<br><br><p-n>2 </p-n>ຂອບພຣະຄຸນພຣະເຈົ້າ<br>ເພາະພຣະຊົງລ້ຽງດູ ແລະຊົງເປັນຄວາມສັນຕິສຸກໃນໃຈ<br>ເມື່ອເຮົາຫຼຽວເບິ່ງທຳມະຊາດ ລ້ອມຮອບຂ້າງເຮົາ<br>ກໍ່ໄດ້ເຫັນຄວາມຮັກຂອງພຣະອົງ<br><br><p-n>3 </p-n>ຂອບພຣະຄຸນພຣະເຈົ້າ<br>ເພາະພຣະໄດ້ປະທານ ພຣະບຸດຕາ ຄືອົງພຣະເຢຊູຄຣິດ<br>ຜູ້ໄດ້ວາຍພຣະຊົນເພື່ອເຮົາ<br>ລອດພົ້ນຄວາມຕາຍ ແລະໄດ້ມີຊີວິດນິລັນດອນ (ຊ້ຳ)
ຈົ່ງມີຄວາມເຊື່ອໃນພຣະອົງ	@61	<br>ຈົ່ງມີຄວາມເຊື່ອໃນ ພຣະອົງເຖີດ<br>ພຣະອົງເປັນທຸກສິ່ງ ເປັນທຸກຢ່າງ<br>ທີ່ໃຈຂອງເຮົາ<br>ເຂົ້າເພິ່ງພາ (2ເທື່ອ)<br><br>ມີຄວາມເຊື່ອໜ້ອຍໜຶ່ງພູເຂົາກໍ່ເລື່ອນໄດ້<br>ປ່ຽນສິ່ງຮ້າຍໜັກໃຈກາຍເປັນດີ<br>ຮ່ວມຄວາມເຊື່ອຮ່ວມໃຈຮ່ວມກັນໃຊ້ລິດເດດ ຈະໄດ້ເຫັນເຖິງການອັດສະຈັນ<br>ເບິ່ງຄົນນັ້ນທີ່ເຂົາຫາຍພຣະເຢຊູຊົງຮັກສາ<br>ຕາມພຣະສັນຍາທີ່ຊົງປະທານໃຫ້<br>ບໍ່ມີເຫຼືອສິ່ງໃດແລ້ວທີ່ຍາກເກີນໄປ<br>ມາຮ່ວມໃຈເຊື່ອໃນພຣະເຢຊູ
ຂ້າຕ້ອງໄປຝາກທາງນັ້ນ	@62	<br><p-n>1 </p-n>ຂ້າຕອ້ງໄປຝາກທາງນັ້ນ<br>ຂ້າຕ້ອງໄປຍັງແດນໄກ<br>ບໍ່ມີໃຜເຄີຍບອກເລື່ອງຄວາມພົ້ນບາບ<br>ຄົນນັບລ້ານບໍ່ເຄີຍຟັງ<br>ເລື່ອງພຣະເຢຊູຜູ້ໄຖ່<br>ຂ້າຕ້ອງໄປ ບອກໃຫ້ຄົນທັງຫຼາຍຮູ້<br><br>ຂໍ້ຊ້ຳ: ຂ້າຕ້ອງໄປ ຝາກທາງນັ້ນ<br>ໄປປະກາດ ຂ່າວປະເສີດ<br>ຂ້າຕ້ອງໄປ ໃຫ້ໂລກຊາບ<br>ເລື່ອງຄວາມລອດ ພົ້ນຈາກບາບ<br><br><p-n>2 </p-n>ແດນກັນດານກໍ່ຕ້ອງໄປ<br>ເມື່ອພຣະອົງຊົງບັນຊາ<br>ບໍ່ຄຳນຶງຫຼືຄິດເຖິງຄວາມສະບາຍ<br>ໃຜຈະວ່າຂ້າໂງ່ງ່າວ<br>ເປັນຄົນບ້າກໍ່ຕາມໃຈ<br>ຂ້າອີ່ມໃຈ ເມື່ອພຣະອົງພໍພຣະໄທ (ຊ້ຳ)<br><br><p-n>3 </p-n>ເຮົາທັງຫຼາຍໃຊ້ເວລາ<br>ຫາອຳນາດຄວາມສະບາຍ<br>ເຫດສັນໃດເມົານຳຄວາມສຸກຊົ່ວຄາວ<br>ຈົ່ງຕື່ນຂຶ້ນຈາກໃຈແຂງ<br>ເລີກໃຈດຳຮູ້ຈັກອາຍ<br>ຊ້າເຮັດຫຍັງຈົ່ງໄປບອກຄົນທັງຫຼາຍ(ຊ້ຳ)
ຂ້າຮູ້ແນ່	@63	<br>ຂ້າຮູ້ແນ່ພຣະຄຣິດຊົງພຣະຊົນຢູ່<br>ຈິດ ຂ້າຂໍສັນເສີນ<br>ເທິງກາງແຂນພຣະອົງຊົງໄຖ່ບາບຂ້າ<br>ຈິດ ຂ້າຂໍສັນເສີນ<br>ອົງພຣະຄຣິດຊົງລິດ ພິຊິດຄວາມມໍລະນາ<br>ຈິດ ຂ້າຂໍສັນເສີນ<br>ຂ້າຈຶ່ງມີເສລີ ພົ້ນບ້ວງມານຊາຕານ<br>ຈິດ ຂ້າຂໍສັນເສີນ (ຈິດ ຂ້າຂໍສັນເສີນ)
ວັນນີ້ເປັນວັນສັນຕິສຸກ	@64	<br><p-n>1 </p-n>ວັນນີ້ເປັນວັນສັນຕິສຸກ<br>ຈົ່ງລະຖິ້ມຄວາມທຸກໃຫ້ໝົດສິ້ນໄປ<br>ຮ່ວມຈິດຕັ້ງໃຈ ຂໍຖວາຍຄວາມພັກດີ<br>ດ້ວຍໃຈຈິງໄຣ້ສິ່ງລາຄີ ເພື່ອສັກສີຂອງພຣະເຢຊູ<br><br><p-n>2 </p-n>ເພີດເພີນເມື່ອໄດ້ຮ້ອງເພງ<br>ຊ່າງໄພເລາະບັນເລງ ດັ່ງເພງສະຫວັນ<br>ຮ້ອງຈາກວິນຍານ ສຽງປະສານສາມັກຄີ<br>ຮ່ວມບັນເລງເປັນເພງສະດຸດີ ໃນວັນນີ້ຂໍໂມທະນາ<br><p-n>3 </p-n>ຂ້ານ້ອຍຂໍຂອບພຣະຄຸນ<br>ທີ່ພຣະຄຣິດກາລຸນຊົງຮັກໜັກໜາ<br>ຍອມສິ້ນຊີວາ ເພື່ອໄຖ່ຂ້າຜູ້ຖືກຂັງ<br>ພົ້ນຈາກມານຜູ້ໜ້າຊັງ ກັບມາຍັງພຣະຢາໂຮວາ<br><br><p-n>4 </p-n>ຂ້າແຕ່ພຣະຢາໂຮວາ<br>ຜູ້ສະຖິດເມືອງຟ້າມະຫາສະຫວັນ ຂໍໂປດປະທານ<br>ພຣະວິນຍານສະເດັດມາ ຊົງສະຖິດໃນດວງຈິດຂ້າ<br>ຕະຫຼອດເວລາຂໍຊົງເລົ້າໂລມ
ສາວປອດ	@65	<br>ເລື້ອງນີ້ເປັນເລື້ອງສຳຄັນ<br>ແຜ່ນດິນສະຫວັນປຽບເໝືອນສາວປອດ<br>ແຕ່ງຕົວໂກ້ໆເປັນແຖວ (2)<br>ນ້ຳໃຈປະສົງເພື່ອໄປງານວິວາ<br>ສາວທັງສິບກໍ່ໄປ<br>ແຕ່ໜ້າເສຍດາຍໄປໄດ້ແຕ່ຫ້າ<br>ໂຄມໄຟເຕັມດ້ວຍນ້ຳມັນ (2)<br>ເພື່ອລໍຄວາມຫວັງທັງຄືນແລະວັນ<br>ມີຫ້າຄົນຈ້າຈິງຈັງ ນ້ຳມັນໃນຖັງບໍ່ຍັງໝົດໄປ<br>ຕົກໃຈໃກ້ທ່ຽງຄືນມາ (2)<br>ຄົນໜຶ່ງຮ້ອງວ່າ ເຈົ້າບ່າວມາແລ້ວ ສ່ວນເຮົາກໍ່ເໝືອນກັນ<br>ບໍ່ຮູ້ຈັກວັນພຣະອົງຈະມາ<br>ເລຶ່ອງນີ້ເຕືອນໃຫ້ຮູ້ວ່າ (2)<br>ຄຣິສຕຽນທົ່ວໜ້າຈົ່ງເຝົ້າລະວັງ (2)
ສິບຄົນເດັກນ້ອຍ	@66	<br>ໜຶ່ງຄົນ ສອງຄົນ ສາມຄົນເດັກນ້ອຍ<br>ສີ່ຄົນ ຫ້າຄົນ ຫົກຄົນເດັກນ້ອຍ<br>ເຈັດຄົນ ແປດຄົນ ເກົ້າຄົນເດັກນ້ອຍ<br>ສິບຄົນເດັກນ້ອຍເອີຍ<br>ສິບຄົນ ເດັກນ້ອຍ ອ້ອນວອນພຣະເຈົ້າ<br>ສິບຄົນ ເດັກນ້ອຍ ສັນເສີນພຣະເຈົ້າ<br>ສິບຄົນ ເດັກນ້ອຍ ແລ່ນຂຶ້ນສະຫວັນ<br>ສັນເສີນພຣະເຢຊູ
ເຖິງເຮົາຈະເປັນຄົນບາບໜັກໜາ	@67	<br><p-n>1 </p-n>ເຖິງເຮົາຈະເປັນຄົນບາບໜັກໜາ<br>ພຣະເຢຊູຊົງຮັກເຮົາ<br>ເຖິງເຮົາທົນທຸກແລະທໍລະມານ<br>ຊະລາຫຼືວ່າຍັງເຍົາ<br>ຂໍ້ຊ້ຳ: ພຣະອົງຊົງຄອຍເຮົາຢູ່<br>ຊົງດູດ້ວຍຮັກມາກມາຍ<br>ຂໍໂຜດໃຫ້ກຳລັງ<br>ທຳຕາມນ້ຳພຣະໄທ<br>ຂໍໃຫ້ເຮົາຄອຍຢູ່<br>ຈົນເຮົາສິ້ນລົມຫາຍໃຈ<br><br><p-n>2 </p-n>ສອງມືເຮົາທຳງານຂອງພຣະອົງ<br>ແລະໃຈຂອງເຮົາໝັ້ນຄົງ<br>ສອງຕາເຮົາເຫັນກາງແຂນໂສພາ<br>ເຊື່ອວ່າເຮົາບໍ່ລົ້ມລົງ (ຊ້ຳ)<br><br><p-n>3 </p-n>ຈະຫາຜູ້ໃດໃຫ້ເໝືອນພຣະອົງ<br>ໃນໂລກນີ້ຄົງບໍ່ມີ<br>ຈະຫາຜູ້ໃດຍອມວາຍພຣະຊົນ<br>ເພື່ອຄົນອື່ນໄດ້ຊີວີ (ຊ້ຳ)
ໃນເວລາຂອງພຣະຄຣິດ	@68	<br><p-n>1 </p-n>ໃນເວລາ ຂອງພຣະຄຣິດ<br>ຊົງລີຂິດຊີວິດຂອງຂ້າຕາມນ້ຳພຣະໄທ<br>ຂໍໂຜດໃຫ້ຂ້າຮຽນຮູ້ວ່າ<br>ຕາບທີ່ຂ້າເດີນໃນມັກຄາ<br>ດວງຊີວາຢູ່ໃນເວລາ<br>ຂອງພຣະອົງ<br><br><p-n>2 </p-n>ໃນເວລາ ຂອງພຣະເຈົ້າ<br>ຊົງເຝົ້າດູຊີວິດໃຫ້ຢູ່ໃນນ້ຳພຣະໄທ<br>ໂອ້ພຣະເຈົ້າຂ້າຂໍມອບໃຈ<br>ມອບຖວາຍຊີວິດທັງກາຍ<br>ເພື່ອຈະໄດ້ຢູ່ໃນເວລາ<br>ຂອງພຣະອົງ
ໂອພຣະເຈົ້າ	@69	<br>ໂອພຣະເຈົ້າເຮົານະມັດສະການພຣະອົງ<br>ອົງຈອມລາຊາຍົກພຣະອົງສູງສຸດ<br>ແຫ່ງການສັນເສີນ<br>ສັນຣະເສີນພຣະເຈົ້າຜູ້ຊົງຍິ່ງໃຫຍ່<br>ລິດທານຸພາບພຣະອົງສູງສຸດ<br>ນະມັດສະການພຣະເຈົ້າຂອງເຮົາ(2ເທື່ອ)
ເຊີນພຣະວິນຍານ	@70	<br>ເຊີນພຣະວິນຍານແຫ່ງຄວາມຮັກຍິ່ງໃຫຍ່<br>ຊົງເຄື່ອນໄຫວພາຍໃນທຸກຄົນ<br>ໃຫ້ເຕັມລົ້ນພາຍໃນສັນຕິສຸກ ເຕັມດວງໃຈ<br>ຂໍຊົງຄອບຄອງຄວາມຄິດແລະຊີວິດ<br>ໃຫ້ເປັນຂອງພຣະອົງທຸກສິ່ງ<br>ໂດຍພຣະວິນຍານບໍລິສຸດເປັນຜູ້ຊົງນຳ<br>ເຢຊູ ໂອ້ ເຢ ຊູ<br>ຊົງເຈີມເຮົາດ້ວຍໄປ (2)
ຄວາມຮັກໝັ້ນຄົງ	@71	<br>ຄວາມຮັກໝັ້ນຄົງ<br>ຂອງພຣະເຈົ້າບໍ່ເຄີຍສິ້ນສຸດ<br>ພຣະເມດຕາຄຸນ<br>ຫຼັ່ງລົງມາຢູ່ສະເໝີ<br>ໃໝ່ທຸກເຊົ້າເລົ້າໃນດວງໃຈ<br>ຊາບຊຶ້ງທຸກໆວັນໃໝ່<br>ພຣະອົງຊົງຄວາມທ່ຽງຍິ່ງນັກ<br>ພຣະອົງຊົງຄວາມທ່ຽງທຳ
ເມື່ອພຣະວິນຍານສວມທັບຂ້າ	@72	<br>ເມື່ອພຣະວິນຍານພຣະເຈົ້າສວມທັບຂ້າ<br>ຂ້າສັນຣະເສີນ ອົງພຣະເຢຊູ (2)<br>ຂ້າສັນຣະເສີນ ຂ້າສັນຣະເສີນ<br>ຂ້າສັນຣະເສີນ ອົງພຣະເຢຊູ (2)
ພຣະເຈົ້າຊົງສຳພັດຂ້າວັນນີ້	@73	<br><p-n>1 </p-n>ພຣະເຈົ້າຊົງສຳພັດຂ້າວັນນີ້ (2)<br>ຊົງມອບຊີວິດໃຫ້ຂ້າ<br>ນຳຊີວາພຣະອົງຊົງໄຖ່<br>ພຣະເຈົ້າຊົງສຳພັດຂ້າວັນນີ້<br><br>ຂໍ້ຊ້ຳ: ຈະເປັນຫຼືຈະຕາຍ<br>ຈະຫົວເລາະຫຼືຮ້ອງໄຫ້ ຈະຢູ່ເພື່ອຈະຮັກຈົນໝົດດວງໃຈ<br>ຈະຢູ່ເພື່ອຈະກ່າວແລະຈະປ່າວ<br>ຂ່າວເລື້ອງພຣະອົງ<br>ຈະຢູ່ເພື່ອຮ້ອງເພງສັນຣະເສີນ<br>ພຣະນາມພຣະອົງ<br><br><p-n>2 </p-n>ໂຜດຊຳລະໃຈຂ້າວັນນີ້ (2)<br>ຊົງມອບຊີວິດໃຫ້ຂ້າ<br>ນຳຊີວາພຣະອົງຊົງໄຖ່<br>ໂຜດຊຳລະໃຈຂ້າວັນນີ້ (ຊ້ຳ)
ເມື່ອໄດ້ເຫັນ	@74	<br><p-n>1 </p-n>ເມື່ອໄດ້ເຫັນແສງທອງທີ່ສ່ອງສວຍງາມ<br>ມີພູເຂົາພື້ນດິນມີດອກໄມ້ບານ<br>ມີຕົ້ນໄມ້ຮົ່ມເຢັນມີທະເລລຳທານ<br>ມີທ້ອງຟ້າທີ່ຍັງສົດສວຍງາມ<br><br><p-n>2 </p-n>ເມື່ອໄດ້ເຫັນຝູງປາທີ່ລອຍລ່ອງໄປ<br>ເມື່ອໄດ້ເຫັນທະເລທີ່ໃຫຍ່ກ້ວາງໄກ<br>ເມື່ອມີລົມພັດມາພາໃຫ້ໃຈຊື່ນບານ<br>ມີຕາເວັນທີ່ຍັງສ່ອງແສງມາ<br><br>*ພຣະເຈົ້າຂອງເຮົາຍິ່ງໃຫຍ່<br>ເກີນອະທິບາຍເຂົ້າໃຈ<br>ສ້າງບັນດານທຸກສິ່ງ(ທຸກສິ່ງ)<br>ເປັນຄວາມຮັກແລະເປັນຄວາມຈິງ<br>ພຣະອົງຊົງ<br>ຍິ່ງໃຫຍ່ເໜືອໃຜ
ຈາກວັນນັ້ນ	@75	<br><p-n>1 </p-n>ຈາກວັນນັ້ນທີ່ຂ້າພົບພຣະອົງ<br>ພຣະຜູ້ຊົງພີພຣະຊົນເພື່ອເຮົາ<br>ຈາກວັນນັ້ນທີ່ຂ້າມອບຊີວິດໃຫ້<br>ອົງພຣະຄຣິດພຣະອົງກໍ່ຊົງດູແລ<br><br>ຂໍ້ຊ້ຳ: ແລະພຣະອົງຊົງຮັກຢ່າງມາກມາຍ<br>ພຣະບໍ່ເຄີຍທອດຖິ້ມໃຫ້ຢູ່ດຽວດາຍ<br>ຄວາມຮັກໝັ້ນຄົງລ້ອມຢູ່ຮອບຕົວຂ້າ<br>ບໍ່ມີວັນຜັນປ່ຽນຮັກນັ້ນແນ່ນອນ<br><br><p-n>2 </p-n>ຈາກວັນນັ້ນຄວາມຝັນກໍ່ເປັນຈິງ<br>ເພາະພຣະອົງຊົງເປັນທີ່ພັກພິງ<br>ຈະຝາກໄວ້ພາລະທີ່ແສນໜັກ<br>ໂດຍຄວາມຮັກພຣະອົງຈະຊົງບັນເທົາ(ຊ້ຳ)<br>*ຫາກວັນໃດທີ່ໃຈຕ້ອງພົບ<br>ກັບຄວາມປວດລ້າວ<br>ກໍ່ນຳມາເຂົ້າເຝົ້າພຣະອົງ<br>ພຣະຜູ້ຊົງເມດຕາ<br>ສັດຊື່ແລະທ່ຽງທຳ<br>ຈະຊົງຟັງທຸກຄຳທີ່ເຮົາອ້ອນວອນ
ຂ້າໄດ້ວາງໃຈໃນພຣະເຈົ້າ	@76	<br>ຂ້າໄດ້ວາງໃຈໃນພຣະເຈົ້າ ເດີນໄປກັບພຣະອົງ<br>ຂ້າໄດ້ວາງໃຈໃນພຣະອົງ<br>ຊົງປະທານບົດເພງ<br>ເມກບົດບັງຟ້າພາຍຸຮ້າຍ ຄ້າຍຈະເຮັດໃຫ້ຫວັ່ນໄຫວ<br>ຂ້າໄດ້ວາງໃຈໃນພຣະເຈົ້າ ບໍ່ເຄີຍຕົກໃຈກົວ<br>ພຣະອົງຊົງເປັນເພື່ອນ<br>ທີ່ເຮົາໄວ້ວາງໃຈ<br>ແລະບໍ່ເຄີຍເຫຼວໄຫຼ ບໍ່ວ່າທີ່ໃດໆ<br>ເຖິງຍາກລຳບາກຫຼາຍພຽງໃດ<br>ຂ້າຈະເດີນຕາມໄປ<br>ຂ້າໄດ້ວາງໃຈໃນພຣະເຈົ້າ<br>ຜູ້ບໍ່ເຄີຍປ່ຽນແປງ
ເຮົາມີຄວາມຫວັງ	@77	<br>ເຮົາມີຄວາມຫວັງປະຈັກຢູ່ໃນຈິດໃຈ<br>ຫວັງໃນການກັບມາຂອງພຣະເຈົ້າ<br>ເຮົາມີຄວາມເຊື່ອພຣະຄຣິດສະຖິດກັບເຮົາ<br>ເຊື່ອໃນຄຳສັນຍາຂອງພຣະເຈົ້າ<br>ເຮົາເຊື່ອວ່າຈະເຖີງເວລາ<br>ທີ່ທຸກຊາດພາສາໃກ້ໄກ<br>ຈະລຸກຂຶ້ນຮ້ອງເພງອວຍໄຊ<br>ຮາເລລູຢາ ຈອມລາຊາ<br>ເຮົາມີຄວາມຫວັງປະຈັກຢູ່ໃນຈິດໃຈ<br>ຫວັງໃນການກັບມາຂອງພຣະເຈົ້າ
ພຣະເຈົ້າທ່ຽງແທ້	@78	<br><p-n>1 </p-n>ມີຂອງບາງສິ່ງ ທີ່ເຮົາບໍ່ຮູ້<br>ມີທີ່ບາງແຫ່ງ ເຮົາໄປບໍ່ໄດ້<br>ແຕ່ເຮົາແນ່ໃຈ ໃນທ່ານຜູ້ໜຶ່ງ<br>ພຣະເຈົ້າທ່ຽງແທ້<br>ທ່ຽງແທ້ໃນໃຈ<br>ໃນຊີວິດເຮົາ<br><br>ຂໍ້ຊ້ຳ: ພຣະເຈົ້າທ່ຽງແທ້ ແນ່ໃນໃຈເຮົາ<br>ພຣະເຈົ້າທ່ຽງແທ້ ເພາະພຣະຊ່ວຍເຮົາ<br>ໃຫ້ພົ້ນຄວາມຕາຍ ຄວາມຮັກພຣະອົງ<br>ນັ້ນແສນຊື່ນໃຈ ພຣະເຈົ້າທ່ຽງແທ້<br>ທ່ຽງແທ້ໃນໃຈ<br>ໃນໃຈຊີວິດເຮົາ<br><br><p-n>2 </p-n>ເຮົາອາດຜິດຫວັງ ໃນຄົນບາງຄົນ<br>ເຮົາອາດຊອກຊ້ຳ ໃນຄວາມຫຼົ້ມເຫຼວ<br>ພຣະເຈົ້າຊ່ວຍເຮົາ ໃນຄວາມຜິດຫວັງ<br>ປ່ຽນຄວາມໂສກເສົ້າ<br>ກັບກາຍເປັນຄວາມ<br>ຊື່ນຊົມຍິນດີ (ຊ້ຳ)<br><br><p-n>3 </p-n>ຍາດອາດສົງໃສ ມິດອາດຢຽດຢາມ<br>ພີ່ນ້ອງທັງໝົດ ອາດລະເຮົາໄວ້<br>ແຕ່ຊີວິດເຮົາ ຢູ່ໃນພຣະເຈົ້າ<br>ພຣະເຈົ້າທ່ຽງແທ້<br>ທ່ຽງແທ້ໃນໃຈ<br>ໃນຊີວິດເຮົາ (ຊ້ຳ)
ໂກລະໂກທາ	@79	<br><p-n>1 </p-n>ຂ້າໄດ້ເຂົ້າໄປເຖິງທີ່ໂກລະໂກທາ<br>ໂດຍໄດ້ແບກເອົາຄວາມຜິດບາບຂອງຂ້າ<br>ທີ່ນັ້ນຂ້າສຳນຶກວ່າໂລກນີ້ໝົດຫວັງ<br>ຈົນໄດ້ພົບທາງແຫ່ງໂກລະໂກທາ<br><br><p-n>2 </p-n>ທີ່ໂກລະໂກທາໄດ້ຍິນສຽງອ້ອນວອນ<br>ໄດ້ເຫັນພຣະພັກເຕັມດ້ວຍຄວາມເມດຕາ<br>ທີ່ນັ້ນເປັນທີ່ພົ້ນໄພໃຫ້ແກ່ຄົນບາບ<br>ຂ້າກ້າວເຂົ້າໄປດ້ວຍນ້ຳຕາໜອງໜ້າ<br><br><p-n>3 </p-n>ທີ່ນັ້ນຂ້າໄດ້ພົບຄວາມຮັກຂອງພຣະອົງ<br>ຮັບທຸກທໍລະມານເຕັມດ້ວຍບາດແຜ<br>ລຳທານແຫ່ງພຣະກາລຸນາຊຳລະຂ້າ<br>ພາລະໜັກບາບຜິດໝົດຫຼຸດສິ້ນໄປ
ຈົ່ງຕິດສະໜິດກັບພຣະເຈົ້າ	@80	<br><p-n>1 </p-n>ຈົ່ງຕິດສະໜິດກັບພຣະເຈົ້າ<br>ແລ້ວຄວາມເຫງົາເສົ້າໃຈຈະບໍ່ກ້ຳກາຍ<br>ພຣະອົງຊົງເປັນກຳລັງ ເປັນທີ່ພັກຮົ່ມເຢັນ<br>ຫາກເຮົາມອບຖວາຍກາຍແລະໃຈ<br>ຂໍ້ຊ້ຳ: ບໍ່ຕ້ອງກົວຈະເສົ້າໄປໃຍ<br>ພຣະເປັນເຈົ້າຊົງຢູ່ໃກ້ເຮົາ<br>ພຣະອົງຊົງຟັງເຮົາຢູ່ ເຝົ້າດູດ້ວຍຄວາມຫ່ວງໃຍ ພຣະບໍ່ເຄີຍຈະທອດຖິ້ມເຮົາ<br><br><p-n>2 </p-n>ຈົ່ງຕິດສະໜິດກັບພຣະເຈົ້າ<br>ໃຫ້ເຮົາອະທິຖານແລະອ້ອນວອນ<br>ໃຊ້ພຣະຄຳນຳທາງທຸກໆຍ່າງກ້າວໄປ<br>ມອບຊີວິດນີ້ຮັບໃຊ້ພຣະອົງ (ຊ້ຳ)<br><br><p-n>3 </p-n>ຈົ່ງຕິດສະໜິດກັບພຣະເຈົ້າ<br>ແລະແນ່ນອນພຣະອົງຈະມອບສິ່ງດີ<br>ຈົ່ງທຳຕາມພຣະໄທ ດ້ວຍໃຈຢຳເກງ<br>ຮ່ວມບັນເລງເພງສາທຸການ (ຊ້ຳ)
ຢູ່ເພື່ອພຣະຄຣິດ	@81	<br><p-n>1 </p-n>ຢູ່ເພື່ອພຣະຄຣິດຊີວິດຖວາຍພຣະອົງ<br>ພຣະຫັດໝັ້ນຄົງຊົງນຳໄປຕາມມັກຄາ<br>ຢູ່ໃນພຣະອົງຊື່ນໃຈຍິນດີ<br>ມອບຊີວິພີບູຊາ<br>ແສນສຸກອຸລາ<br>ເມື່ອຂ້າໄດ້ພົບພຣະອົງ<br><br><p-n>2 </p-n>ຄັ້ງໜຶ່ງໃຈຂ້າ ຊົ່ວຊ້າດ້ວຍຄວາມອະທຳ<br>ແຕ່ມີຜູ້ນຳ ທາງທຳໃຫ້ຂ້າໝັ້ນຄົງ<br>ດ້ວຍຄວາມເມດຕາພຣະອົງຊົງຊ່ວຍ<br>ພ້ອມດ້ວຍຄວາມຮັກຍືນຍົງ<br>ພຣະຫັດໝັ້ນຄົງ<br>ດຳລົງຢູ່ຊົ່ວນິລັນ<br><br><p-n>3 </p-n>ເມື່ອມານເຂົ້າຄອງທົດລອງໃຈຂ້າຫວັນໄຫວ<br>ແຕ່ຂ້າວາງໃຈມີໄຊໃຈເກີດສຸກສັນ ພຣະອົງປະທານກຳລັງມາກມາຍ<br>ຊົງໃຫ້ສິ່ງສາລະພັດ<br>ໃຈເກີດສຸກສັນ<br>ທຸກວັນຖວາຍພຣະອົງ
ແກະຕົວໜຶ່ງ	@82	<br>ແກະຕົວໜຶ່ງຫຼົງຫາຍໄປແລະຜູ້ລ້ຽງແສນເສຍດາຍ ຈຶ່ງອອກຕາມທົ່ວພູເຂົາ<br>ແລະລຳເນົາໄພ ແກະທັງຫຼາຍເຂົາຖິ້ມໄວ້ແລະອອກຕາມຫາແກະນັ້ນ<br>ເມື່ອພົບແລ້ວແບກກັບມາດ້ວຍຄວາມຍິນດີ ເປັນເຊັ່ນນີ້ໃນສະຫວັນ<br>ເຂົາຍິນດີ ຫາກວ່າມີຄົນກັບໃຈແມ່ນຄົນດຽວກໍ່ແສນຍິນດີ ພຣະເຢຊູຮັກຄົນບາບ<br>ໃຫ້ໂອກາດກັບໃຈໃໝ່ ແລະບັດນີ້ ພຣະອົງເຊີນທ່ານ ຕັດສິນໃຈ
ບັນຍັດຮັກຍິ່ງໃຫຍ່	@83	<br><p-n>1 </p-n>ຍາມເຮົາຢູ່ຮ່ວມກັນ ເຮົາຊ່ວຍເຫຼືອກັນແລະກັນ<br>ທຸກສຸກບັນຫາໃດ ຈັບມືກັນກ້າວໄປ<br>ຖ້າເຮົາຊ່ວຍເຫຼືອກັນ ນັ້ນແຫຼະຄົນທັງປວງ<br>ຈະຮູ້ວ່າເຮົາເປັນສາວົກຂອງພຣະອົງ<br><br>ຂໍ້ຊ້ຳ: ບັນຍັດຮັກຍິ່ງໃຫຍ່ ໃຫ້ເຮົາຮັກພຣະເຈົ້າ<br>ດ້ວຍສຸດຈິດສຸດໃຈ ສຸດກຳລັງສຸດ<br>ຄວາມຄິດ ບັນຍັດຮັກຍິ່ງໃຫຍ່ໃຫ້ເຮົາຮັກເພື່ອນບ້ານ ເໝືອນຮັກຕົນເອງ ຍາມເຮົາຢູ່ຮ່ວມກັນ<br><br><p-n>2 </p-n>ຍາມເຮົາຢູ່ຮ່ວມກັນ ເຮົາຮັກຊຶ່ງກັນແລະກັນ<br>ທຸກສຸກບັນຫາໃດ ຈັບມືກັນກ້າວໄປ<br>ຖ້າເຮົາຮູ້ຮັກກັນ ນັ້ນແຫຼະຄົນທັງປວງ<br>ຈະຮູ້ວ່າເຮົາເປັນ ສາວົກຂອງພຣະອົງ (ຊ້ຳ)
ໂດເລມີ	@84	<br>ໂດເລມີ ພຣະເຈົ້າຍິນດີ<br>ເລມີຝາ ເຮົາຮັກກັນເຖີດໜາ<br>ເຮົາຄຣິສຕຽນ ຕ້ອງສາມັກຄີ<br>ພຣະຄຸນມາກມີ ຟາມີເລໂດ
ໃນພຣະນາມພຣະເຢຊູ	@85	<br>ໃນພຣະນາມພຣະເຢຊູ (2)<br>ເຮົາຕ້ອງເປັນຜູ້ມີໄຊ<br>ໃນພຣະນາມພຣະເຢຊູ (2)<br>ຜີຮ້າຍຈະຕ້ອງໜີໄປ<br>ເມື່ອເຮົາສູ້ໂດຍນາມພຣະເຢຊູ<br>ໃຜສາມາດຕໍ່ສູ້ເຮົາໄດ້<br>ເມື່ອເຮົາສູ້ໂດຍນາມພຣະເຢຊູ<br>ເຮົາຈຶ່ງເປັນຜູ້ມີໄຊ
ພຣະເຈົ້າຮັກເຈົ້າແລະຂ້ອຍ	@86	<br>ພຣະເຈົ້າຮັກເຈົ້າແລະຂ້ອຍ<br>ພຣະຊົງນຳພົ້ນໄພໂດຍພລັນ<br>ບໍ່ວ່າຈະຢູ່ແຫ່ງໃດ ຢູ່ໃສກໍ່ບໍ່ຫວັນ<br>ເພາະພຣະເຈົ້າຮັກເຈົ້າແລະຂ້ອຍ<br>ໃນວັນທີ່ຟ້າມືດມິດ<br>ໂລກມະລາຍກາຍເປັນຜົງຂີ້ດິນ<br>ເຮົາຈະຢູ່ໃນອ້ອມກອດພຣະຄຣິດ<br>ລື່ນລົມແສນສະບາຍ
ຂຶ້ນໄປວັງພຣະເຈົ້າ	@87	<br><p-n>1 </p-n>ຂຶ້ນໄປວັງພຣະເຈົ້າ<br>ຂຶ້ນໄປວັງພຣະເຈົ້າ<br>ຂຶ້ນໄປວັງພຣະເຈົ້າ<br>ຈົນເຖິງທີ່ຢຸດພັກ<br>ຖ້າເຮົາຂຶ້ນໄປທີ່ເບື້ອງບົນ<br>ເຮົາຈະພົບທີ່ສຳລານ (2)
ຂອບຄຸນພຣະເຢຊູ	@88	<br>ຂອບຄຸນພຣະເຢຊູ<br>ມອບຄວາມຮັກແກ່ເຮົາ<br>ຂອບຄຸນພຣະເຢຊູ<br>ຊົງພຣະຄຸນມາກມີ<br>ເຮົາເປ່ງສຽງຮ້ອງ<br>ສັນເສີນພຣະນາມ<br>ຮ້ອງສັນເສີນໂມທະນາ<br>ພຣະອົງເປັນທຸກສິ່ງ<br>ເປັນພຣະເຈົ້າຂອງເຮົາ (2)
ອະໄພສະເໜີ	@89	<br><p-n>1 </p-n>ໃຜສ້າງຟ້າແລະທ້ອງທະເລ<br>ສ້າງພູເຂົາແລະພື້ນພະສຸທາ<br>ໃຜເຫຼົ່າໜາສ້າງດວງສຸລິດຍາ<br>ດວງຈັນທາເປັນຂອງຄູ່ດາວ<br>ທ່ານເຫັນຄວາມຍິ່ງໃຫຍ່ນັ້ນຫຼືບໍ່<br>ຢາໂຮວານາມພຣະອົງກຽງໄກ<br>ຊົງສ້າງສາລະພັດທຸກສິ່ງ<br>ທຸກຊີວິດເປັນຂອງພຣະອົງ<br><br><p-n>2 </p-n>ດວງຊີວິດພຣະອົງຊົງນຳພາ<br>ກະລຸນາມອບອົງພຣະຄຣິດ<br>ຊົງຖືກຕຶງທີ່ໂກລະໂກທາ<br>ເພື່ອຈິດວິນຍານຂ້າພົ້ນຕາຍ<br>ທ່ານທັງຫຼາຍເຄີຍຄິດໄດ້ຫຼືບໍ່<br>ພຣະເຈົ້ານັ້ນຊົງກັນແສງເສຍໃຈ<br>ໃນການກະທຳອັນຊົ່ວຊ້າເລວຊາມ<br>ແຕ່ພຣະອົງຊົງອະໄພສະເໝີ<br><br><p-n>3 </p-n>ຍາມສຸກສັນມັກລືມພຣະຜູ້ຊ່ວຍ<br>ກະທຳຕົວຫ່າງເຫີນພຣະເຈົ້າ<br>ເຮົາທຳໃຫ້ອົງພຣະບິດາ<br>ຕ້ອງຫວັ່ນໄຫວແລະເສຍພຣະໄທ<br>ຍາມມີທຸກມັກຮຽກຫາພຣະເຈົ້າ<br>ຄຸເຂົ່າລົງອະທິຖານຂໍສຸກ<br>ນີ້ແຫຼະໜາເປັນນິໄສມະນຸດ<br>ແຕ່ພຣະອົງຊົງອະໄພໃຫ້
ເມື່ອຫຼຽວເບິ່ງຄວາມບໍລິສຸດຂອງພຣະອົງ	@90	<br><p-n>1 </p-n>ເມື່ອງຫຼຽວເບິ່ງຄວາມບໍລິສຸດຂອງພຣະອົງ<br>ເມື່ອຫຼຽວເບິ່ງຄວາມຮັກໝັ້ນຄົງ ຂອງພຣະອົງ<br>ທຸກສິ່ງໃນຊີວິດຂອງຂ້າ ດ້ອຍຄຸນຄ່າ ເມື່ອທຽບກັບພຣະອົງ<br><br><p-n>2 </p-n>ເມື່ອເຮັດຕາມນ້ຳພຣະໄທຂອງພຣະອົງ<br>ເມື່ອເທີດທູນຄວາມຮັກໝັ້ນຄົງ ຂອງພຣະອົງ<br>ທຸກສິ່ງໃນຊີວິດຂອງຂ້າ ດ້ອຍຄຸນຄ່າ ເມື່ອທຽບກັບພຣະອົງ<br>ຂ້າຈຶ່ງສັນເສີນ ຂ້າຈຶ່ງສັນເສີນ ພຣະອົງ<br>ຊີວິດຂ້າ ຢູ່ເພື່ອ ຢູ່ເພື່ອ ສັນຣະເສີນພຣະອົງ (2)
ເວລານີ້	@91	<br><p-n>1 </p-n>ເວລານີ້ເຮົາຈະຖ່ອມຕົວລົງອະທິຖານ<br>ສະແຫວງຫາພຣະພັກຂອງພຣະອົງ<br>ໂປດຊົງຊຳລະໃຫ້ໃຈບໍລິສຸດ<br>ອະໄພບາບຜິດທີ່ໄດ້ທຳ<br><br>ຂໍ້ຊ້ຳ: ແລ້ວພຣະອົງຈະຊົງຟັງຄຳ<br>ອ້ອນວອນຂອງເຮົາ<br>ແລະພຣະໄທພຣະອົງຈະຊົງ<br>ຢູ່ກັບເຮົາສະເໝີ<br>ຈະຮັກສາແຜ່ນດິນຂອງເຮົາໃຫ້ພົ້ນ<br>ເພື່ອພຣະນາມພຣະອົງດຳລົງເປັນນິດ<br><br><p-n>2 </p-n>ດ້ວຍໃຈຊອກຊ້ຳໃຈທີ່ເມື່ອຍອ່ອນລ້າ ອະທິຖານ<br>ສະແຫວງຫາພຣະພັກຂອງພຣະອົງ<br>ໂປດຊົງຊຳລະໃຫ້ໃຈບໍລິສຸດ<br>ອະໄພບາບຜິດທີ່ໄດ້ທຳ (ຊ້ຳ)
ພຣະຄຣິດເປັນຄວາມສະຫວ່າງ	@92	<br><p-n>1 </p-n>ຮ້ອງຮາເລລູຢາ ສັນຣະເສີນພຣະນາມ<br>ເພາະພຣະອົງຊົງຮັກເຮົາ<br>ປະທານອົງພຣະບຸດຕາ ຜູ້ທີ່ຢູ່ໃນຄວາມມືດ<br>ຫຼືຢູ່ໃນເງົາມັດຈຸລາດ<br>ຈະໄດ້ເຫັນຄວາມສະຫວ່າງ<br>ສ່ອງລົງມານັ້ນຍິ່ງໃຫຍ່<br><br>ຂໍ້ຊ້ຳ: ພຣະຄຣິດເປັນຄວາມສະຫວ່າງ<br>ສົດໃສຖ່າມກາງຄວາມມືດ<br>ອົງສັນຕິລາດຈອມລາຊາ<br>ເອມານູເອນ<br><br><p-n>2 </p-n>ຮ້ອງຮາເລລູຢາ ສັນຣະເສີນພຣະນາມ<br>ເພາະພຣະອົງຊົງບັງເກີດ<br>ຢູ່ໃນຮ່າງຫຍ້າເພື່ອເຮົາ ຜູ້ທີ່ຢູ່ໃນຄວາມມືດ ຫຼືຢູ່ໃນເງົາມັດຈຸລາດ<br>ຈະໄດ້ເຫັນຄວາມສະຫວ່າງ<br>ສ່ອງລົງມານັ້ນຍິ່ງໃຫຍ່ (ຊ້ຳ)<br>(ຮ້ອງວັກ2) ພຣະຊົງເປັນຄວາມສະຫວ່າງ ສ່ອງລົງມານັ້ນຍິ່ງໃຫຍ່
ຂ້າຍອມທຸກສິ່ງ	@93	<br>ຂ້າຍອມທຸກສິ່ງ<br>ຈະເຊື່ອຟັງພຣະອົງທຸກຢ່າງ<br>ສິ່ງໃດທີ່ຊົງບັນຊາ ຂ້າຂໍທຳຕາມ<br>ເມື່ອຮູ້ວ່ານັ້ນເປັນນ້ຳພຣະໄທ (ຊ້ຳ)<br>ຂ້າຮັກພຣະອົງດ້ວຍສິ້ນສຸດດວງໃຈ<br>ຂ້າຮັກພຣະອົງດ້ວຍສິ້ນສຸດກຳລັງ<br>ຂ້າຂໍເທີດທູນບູຊາພຣະນາມພຣະອົງ<br>ຂ້າຂໍເທໃຈອອກມາເປັນຄຳສັນເສີນ<br>ຂ້າຂໍຊູມືຖວາຍຄຳສະດຸດີ<br>ໃນຊີວິດນີ້ຂ້າມີພຣະອົງຜູ້ດຽວ…ເປັນພຣະເຈົ້າ
ຢ່າຢ້ານເລີຍ	@94	<br>ຢ່າຢ້ານເລີຍເພາະເຮົາຢູ່ກັບເຈົ້າ<br>ຢ່າຕົກໃຈເພາະເຮົາເປັນພຣະເຈົ້າຂອງເຈົ້າ<br>ເຮົາຈະໜູນກຳລັງຂອງເຈົ້າ<br>ເຮົາຈະຊ່ວຍເຈົ້າ<br>ເຮົາຈະຊູເຈົ້າດ້ວຍມືຂວາ<br>ອັນມີໄຊຂອງເຮົາ<br>ເຮົາຈະຊູເຈົ້າດ້ວຍມືຂວາ<br>ອັນມີໄຊ…ຂອງເຮົາ
ຈະເປັນດັ່ງແສງ	@95	<br><p-n>1 </p-n>ທັງຊີວິດຈິດໃຈ<br>ເຮົາມອບໄວ້ໃຫ້ພຣະເຈົ້ານຳ<br>ຫວັງທີ່ຈະກະທຳທຸກສິ່ງຖວາຍ<br>ພ້ອມທີ່ຈະອອກໄປ<br>ແມ່ນທາງໄກເທົ່າໃດ<br>ຈະບອກໄປໃຫ້ທຸກຄົນໄດ້ຮູ້ເລື່ອງລາວ<br>ຂໍ້ຊ້ຳ:ປະກາດຄວາມຮັກທີ່ພຣະເຢຊູໃຫ້ມາ<br>ຈະຫວັງແລະຄອຍເພິ່ງພາ<br>ກຳລັງທີ່ມາຈາກເບື້ອງບົນ<br>ຈະຄອຍເປັນແສງ<br>ສະທ້ອນເລື້ອງລາວຄວາມຈິງ<br>ວ່າພຣະອົງເປັນທຸກໆສິ່ງ<br>ເປັນຄວາມຫວັງຂອງເຮົາ<br><p-n>2 </p-n>ພ້ອມທີ່ຈະອົດທົນ<br>ໃຈປ່ຽມລົ້ນກຳລັງສູ້ໄປ<br>ຮູ້ພຣະອົງຢູ່ໃນຈິດໃຈຂອງເຮົາ<br>ເຮົາຈຶ່ງຄ່ອຍຮ່ວມແຮງ<br>ເພື່ອເປັນແສງຮ່ວມແຮງສ່ອງໃຈ<br>ປະກາດໄປໃຫ້ທຸກຄົນໄດ້ຮູ້ເລື່ອງລາວ(ຊ້ຳ)
ຊາລູຊາໂລມ	@96	<br>ຊາລູຊາໂລມ ເຢລູຊາລາເຢ<br>ຊາລູຊາໂລມ ເຢລູຊາລາເຢ (2)<br>ຊາໂລມ ຊາໂລມ ຊາໂລມ<br>ຊາໂລມ ຊາໂລມ ຊາໂລມ ຊາລູຊາໂລມ ເຢລູຊາລາເຢ<br>ພຣະເຈົ້າປະທານສັນຕິສຸກໃຫ້ແກ່ຂ້າ<br>ຂ້າຈະວາງໃຈແລະເຊື່ອໝັ້ນໃນພຣະອົງ<br>ພຣະເຢຊູຄຣິດຊົງສະຖິດຢູ່ກັບຂ້າ<br>ພຣະອົງຊົງເປັນພຣະເຈົ້າແລະຈອມລາຊາ<br>ພຣະເຈົ້າປະທານ ສັນຕິສຸກແກ່ຂ້າ<br>ພຣະເຈົ້າຂອງຂ້າ<br>ພຣະອົງຊົງເປັນພຣະເຈົ້າ<br>ແລະຈອມລາຊາ
ໂລກນີ້ບໍ່ແມ່ນບ້ານເຮົາ	@97	<br>ສົມບັດມີຄ່ານັບລ້ານ<br>ຢູ່ໃນວິມານເບື້ອງບົນ<br>ພຣະເຈົ້າສົ່ງທູດສະຫວັນ<br>ຊ່ວຍເຮົາທຸກວັນໝັ້ນຄົງ<br>ເຮົາຈຶ່ງບໍ່ ອາດດຳລົງ<br>ໃນໂລກນີ້ ອີກຕໍ່ໄປ<br><br><p-n>2 </p-n>ໂອ້ພຣະຮູ້ດີ<br>ບໍ່ມີເພື່ອນໃດເໝືອນທ່ານ<br>ແຜ່ນດິນໃນເມືອງສະຫວັນ<br>ສັກວັນເຮົາຄົງໄດ້ໄປ<br>ພຣະເຈົ້າສົ່ງທູດສະຫວັນ<br>ຊ່ວຍເຮົາທຸກວັນໝັ້ນຄົງ<br>ເຮົາຈຶ່ງບໍ່ອາດດຳລົງ<br>ໃນໂລກນີ້ອີກຕໍ່ໄປ
ເຮົາຈະເດີນໃນທາງຂອງພຣະເຢຊູ	@98	<br>ເຮົາຈະເດີນໃນທາງຂອງພຣະເຢຊູ<br>ມີພຣະອົງຄອຍດູຊີວິດຂອງເຮົາ<br>ຍາມເຮົາມີບັນຫາພຣະອົງບັນເທົາ<br>ເປັນກຳລັງໃຫ້ເຮົາໄດ້ພົບຄວາມສຸກ<br>ເຮົາຈະເປັນດັ່ງນົກອິນຊີເຂັ້ມແຂງ<br>ແມ່ນພາຍຸລົມແຮງບໍ່ເຄີຍຫວັ່ນໄຫວ<br>ມີກຳລັງສູ້ໄປ ສູ້ໆ ມີພຣະລັງຍິ່ງໃຫຍ່<br>ເຮົາຈະເດີນໃນທາງຂອງພຣະເຢຊູ
ເປີດໃຈ	@99	<br><p-n>1 </p-n>ຍາມໃດໃຈຕ້ອງເຫງົາຢູ່ລຳພັງ<br>ຍາມໃດໃຈໝົດຫວັງຈະສູ້ໄປ<br>ໃຈກໍ່ຄົງຄິດໄປ ວ່າມີໃຜຈະມາເຫັນໃຈ<br>ຫວັງໄປກໍ່ຄົງເສົ້າໃຈ<br><br><p-n>2 </p-n>ຍາມໃດເຈີບັນຫາທີ່ໜັກໃຈ<br>ຍາມໃດທົນບໍ່ໄຫວໃຜແບ່ງເບົາ<br>ຍາມທີ່ໃຈລ້າວລານ<br>ແຕກສະຫຼາຍກາຍເປັນທຸລີ<br>ທໍ້ໃຈບໍ່ມີເຫື່ອແຮງ<br><br>ຂໍ້ຊ້ຳ: ຂໍພຽງໃຫ້ເຮົາເປີດໃຈ<br>ໃຫ້ອົງພຣະເຢຊູເຂົ້າໄປຊ່ວຍແບ່ງເບົາ<br>ອາດບໍ່ເຫັນເມື່ອມອງດ້ວຍຕາ ແຕ່ດ້ວຍໃຈສຳພັດພຣະອົງ<br>ຂໍພຽງໃຫ້ເຮົາເປີດໃຈ<br><br><p-n>3 </p-n>ຍາມໃດຄວາມຊົ່ວຮ້າຍມາບົດບັງ<br>ທຳໃຫ້ໃຈໝົດຫວັງຈະສູ້ໄປ<br>ພຽງເຮົາເປີດຫົວໃຈຢ່າຫວັນໄຫວໃຫ້ໃຈລົ້ມລົງ<br>ຂໍພຽງໃຫ້ເຮົາຖ່ອມໃຈ (ຊ້ຳ)<br><br><p-n>4 </p-n>ຈະໄດ້ເຈີຄວາມຮັກຍິ່ງໃຫຍ່ມາກມາຍ<br>ປ່ຽນໃຫ້ເປັນພະລັງ<br>ຈະໄດ້ເຈີຄວາມຫວັງທີ່ຢາກພົບເຈີ<br>ຫາກເປີດໃຈ…(ຊ້ຳ)
ເຮົາເພິ່ງພາພຣະອົງ	@100	<br>ເຮົາເພິ່ງພາພຣະອົງ ພຣະອົງຊົງເປັນທຸກສິ່ງ<br>ທີ່ໃຈເຮົາຕ້ອງການ<br>ເຮົາເຊື່ອໃນພຣະອົງ ພຣະອົງບັນດານທຸກສິ່ງ<br>ທີ່ເກີນຄວາມເຂົ້າໃຈ ຂອງເຮົາ<br>ເຮົານະມັດສະການ ອົງພຣະເຈົ້າຍິ່ງໃຫຍ່<br>ບໍ່ມີອັນໃດທີ່ຍາກເກີນກ່ວາພຣະອົງຈະທຳ<br>ເຮົານະມັດສະການ ອົງພຣະເຈົ້າຍິ່ງໃຫຍ່<br>ແລະບໍ່ມີໃຜທຽບໄດ້ກັບພຣະອົງ
ເພງສັນລະເສີນ (ສັ້ນ)	<br>ແກະ​ຕົວ​ ໜຶ່ງ (82)<br>ໂກ​ ລະ​ໂກທາ (79)<br>ກ໊ອກ ກ໊ອກ ກ໊ອກ (117)​<br>ກິ້ງ​ອອກ​ໄປ (30)​​<br>ເກີດ ​ຄວາມ​ຍິນ​ດີ (36)<br>ກ້າວຕໍ່ ​ໄປ  (140)<br>ຂ້າ ​ກະຫາຍ (148)<br>ຂ້າ​ ຍອມ​ທຸກ​ສິ່ງ (93)​<br>ຂ້າ​ ໄດ້​ຕໍ່ສູ້​ກັບ​ເນື້ອ​ໜັງ (15)<br>ຂ້າ​ ໄດ້​ວາງ​ໃຈ​ໃນ​ພຣະ​ເຈົ້າ (76)<br>ຂ້າ ​ຕ້ອງ​ໄປ​ຝາກ​ທາງ​ນັ້ນ (62)<br>ຂ້າ​ ຕັດສິນ​ໃຈແລ້ວ (40)​<br>ຂ້າ ​ປະເຊີນ​ທຸກສິ່ງ (121)<br>ຂ້າ​ ຮູ້​ແນ່ (63)<br>ຂ້າ​ ຮັບ​ການ​​ໄຖ່ ​ (20)<br>ຂໍ​ ຄວາມ​ຮັກ (122)​<br>ຂໍ​ ໃຫ້ພຣະກຽດ (10)<br>ຂ້ອຍ ​ຄິດ​ເຖິງ​ເຈົ້າ (25)<br>ຂ້ອຍ​ ມີ​ພຣະ​ເຢຊູ​ຂ້ອຍ​ຈະ​ບໍ່​ຫວັ່ນ​ ໄຫ​ວ (1)<br>ຂຶ້ນ ​ໄປ​ວັງ​ພຣະ​ເຈົ້າ (87)<br>ຂອບຄຸນ ​ພຣະ​ເຈົ້າ (38)<br>ຂອບ​ ຄຸນ​ພຣ​ະ​ເຢຊູ (88)​<br>ຂອບຄຸນ ​ພຣະອົງ (149)<br>ຂອບ​ ພຣະຄຸນ​ພຣະ​ເຈົ້າ (60)<br>ຄຳ​ ອະທິຖານ (57)<br>ຄັນ​ ເອີ້ນ​ຊື່ (41)<br>ຄົນ​ ໂງ່​ສ້າງ​ບ້ານ (8)<br>ຄວາມ​ ສຸກຢູ່​ໃນ​ໃຈຂ້ອຍ (7)<br>ຄວາມຮັກ ຄວາມເອັນດູ (116)<br>ຄວາມ ​ຮັກ​ຍິ່ງ​ໃຫຍ່ (28)​<br>ຄວາມ ​ຮັກ​ນັ້ນອົດທົນ​ນານ (107)<br>ຄວາມ ​ຮັກ​ໝັ້ນຄົງ (71)<br>ຈະ​ ບອກ​ວ່າ (124)<br>ຈະ ​ເ​ປັນ​ດັ່ງ​ແສງ (95)​<br>ຈະ​ ຢູ່​ເ​ປັນ​ສຸກ (102)<br>ຈຳ​ ຕ້ອງ​ຈາກ​ພາກ​ກັນ​ໄປ (4)<br>ຈາກ​ ວັນນັ້ນ (75)<br>ຈົ່ງ​ ສະ​ແຫ​ວງຫາ​ແຜ່ນດິນ​ຂອງ​ພຣະ​ ເຈົ້າ (3)<br>ຈົ່ງ ​ຊົມ​ຊື່ນ​ຍິນ​ດີ (59)​<br>ຈົ່ງ ​ຍິນ​ດີ​ໃນ​ພຣະ​ເຈົ້າສະ​ເໝີ (115)<br>ຈົ່ງ ​ຕິດ​ສະໜິດ​ກັບ​ພຣະ​ເຈົ້າ (80)<br>ຈົ່ງ ​ມາວ​ອນອະທິຖານ (21)<br>ຈົ່ງ ​ມີ​ຄວາມ​ເຊື່ອ​ໃນ​ພຣະອົງ​ເຖີດ (61)<br>ຈົ່ງ ​ມີ​ຄວາມ​ຮັກ​  ພາຍ​ໃນ ​ຈິດ​ໃຈ (108)<br>ຈົ່ງ ​ຮ່ວມ​ກັນພະ​ນຶກ​ກຳ​ລັງ (27)<br>ຈິດ​ ວິນ​ຍານ​ຂ້າ​ກະ​ຫາຍ (13)<br>ສະບາຍດີບໍ່ (39)<br>ສາທຸການ ​ພຣະນາມ (136)<br>ສຽງ ​ກະຊິບ​ຈາກ​ພຣະວິນ​ຍານ (145)<br>ສາຍ ​​ໃຍ (127)<br>ສິບ​ ຄົນ​ເດັກນ້ອຍ (66)<br>ສາວ​ ປອດ (65)<br>ຊາ​ ລູຊາ​ໂລມ (96)<br>ຊີວິ​ ດເຮົາ​ພຣະ​ເຈົ້າຊົງ​ສ້າງ (9)<br>ໄຊຊະນະ ​ໂລກ​ນີ້ (29)<br>ເຊີນ ​ພຣະວິນ​ຍານ (70)<br>ຍຸກ​ ສຸດ​ທ້າຍ (6)<br>ຍົກ​ ພຣະ​​ເຢຊູ (35)<br>ຍິນ ​ດີ ຍິນ​ດີ ຍິນ​ດີ (154)<br>ໂດ​ ເລ​ມີ (84)<br>ໄດ້ ​ຍິນ​ບໍ່ໜໍ (135)<br>ດວງ​ ໃຈ​ຍິນ​ດີ (5)<br>ຕື່ນ ​ຂຶ້ນ​ອະທິຖານ (118)<br>ເຖິງ ​ເຮົາ​ຈະ​ເປັນ​ຄົນ​ບາບ​ໜັກ​ໜາ (67)<br>ຖວາຍ ​ກາຍ​ໃຈ (123)<br>ທະຫານ ​ແຫ່ງ​ໄມ້​ກາງ​ແຂນ (47)<br>ທີ່​ ສະຫວັນ​ສະ​ຫວ່າງ (23)<br>ທຸກ ​ຄັ້ງທີ່​ຂ້າເຝົ້າພາ​ວະນາ (132)<br>ທຸກ ​ວັນ  (134)<br>ທາງ (150)<br>ນິມິດ (130)​<br>ໃນ​ ທົ່ງ​ຫຍ້າ​ຂອງ​ພຣະ​ເຈົ້າ (14)<br>ໃນ​ ພຣະນາມ​ພຣະ​ເຢຊູ (85)<br>ໃນ​ ເວລາ​ຂອງ​ພຣະ​ຄຣິດ ​ (68)ນ້ຳທະ​ເລແສນ​ງາມ (45)<br>ນ້ຳ ​ແຫ່ງ​ຊີວິດ (138)<br>ບັນຍັດ ​ຮັກ​ຍິ່ງ​ໃຫຍ່ (83)<br>ບັນດາ ​ຕົ້ນ​ໄມ້​​ໂບກ​ໄປມາ  (144)<br>ບ້ານ ​ມີ​ພຣະ​ເຈົ້າ (50)<br>ບົນ ​ທາງ (153)​<br>ໂປດ ​ປະທານ​ນ້ຳມັນ (120)<br>ໂປດ ​ປ່ຽນ​ໃຈ​ຂ້າ​ໃໝ່ (139)​<br>ເປີດ ​ໃຈ (99)<br>ປ່ຽມ ​ຮັກ (31)<br>ຜູ້ນຳ ​ຄົນ​ບາບ  (142)<br>ໃຜ​ ຈະ​ໄປ​ບອກ (33)<br>ຝາກ ​ຄວາມ​ຫວັງ (113)<br>ຝາກ ​ໃຈ​ໄປ​ດ້ວຍ​ກັນ (128)<br>ພັກ​ ພິງ​ໃນ​ພຣະ​ເຈົ້າ (58)<br>ພຣະຄຳພຣະ ​ເຈົ້າ (56)<br>ພຣະຄຳ ​ລ້ຳຄ່າ (141)<br>ພຣະຄຳ ​ໂອວາດ​ພຣະ​ເຈົ້າ (55)<br>ພຣະຄຣິສຕະ ​ທຳ​ຄຳ​ພີ (51)<br>ພຣະຄຣິດ ​ເປັນຄວາມ​ສະຫວ່າງ (92)<br>ພຣະ​ ເຈົ້າຄື​ຕົ້ນ (16)<br>ພຣະ ​ເຈົ້າ​ແສນ​ດີ (110)​<br>ພຣະ​ ເຈົ້າຊົງ​ສຳ​ພັດ​ຂ້າ​ວັນ​ນີ້ (73)<br>ພຣະ ​ເຈົ້າຊົງ​ລ້ຽງ​ດູ (143)<br>ພຣະ​ ເຈົ້າທ່ຽງ​ແທ້ (78)<br>ພຣະ​ ເຈົ້າ​ເ​ປັນ​ຄວາມ​ຮັກ (18)<br>ພຣະ​ ເຈົ້າຢູ່​ທ່າມກາງ​ພວກ​ເຮົາ (48)​<br>ພຣະ​ ເຈົ້າຮັກ​ເຈົ້າ​ແລະ​ຂ້ອຍ (86)​<br>ພຣະສິລິ (54)<br>ພຣະ​ ເຢ​ຊູ​ຊະນະ​ພຣະຍາມາ​ນ (46)<br>ພຣະ ​ເຢຊູ​ຊົງ​ຮັກ​ເຮົາ (106)<br>ພຣະ ​ເຢຊູ​ຜູ້​ເປັນ​ຫົນທາງ (103)<br>ພຣະ​ ເຢຊູ​ພຣະຜູ້​ຍິ່ງ​ໃຫຍ່ (19)<br>ພຣະຫັດ ​ພຣະ​ເຈົ້າຄຸ້ມ​ໂລກ (119)<br>ພຣະອົງ ​ຊົງ​ສົມຄວນ (111)<br>ມີ​ ສາວົກ​ສິບ​ສອງ​ຄົນ (42)<br>ມີ​ ພຣະ​ເຢຊູ​ຢູ່​ໃນ​ຈິດ​ໃຈ (43)<br>ມື້ ​ອື່ນ (126)​<br>ເມື່ອ ​ໄດ້​ເຫັນ (74)<br>ເມື່ອ ​ຜ່ານ​​ໂລກ​ນີ້ (17)​<br>ເມື່ອ ​ພຣະວິນ​ຍານ​ສວມ​ທັບ​ຂ້າ (32)​<br>ເມື່ອ ​ພຣະວິນ​ຍານສວມ​ທັບ​ຂ້າ (72)​<br>ເມື່ອຫຼຽວ ​ເບິ່ງ​ຄວາມ​ບໍລິສຸດ (90)​<br>ເມັດ ​ເກືອ​ແລະ​ແສງ​ສະຫວ່າງ (129)<br>ແມ່ນ ​ຜິດ (105)<br>ຢ່າ​ ຢ້ານ​ເລີຍ (94)<br>ຢ່າລືມ ​ວ່າ​ພຣະ​ເຢຊູ (24)<br>ຢູ່ ​ເທິງ​ກາງ​ແຂນ (114)<br>ຢູ່ ​ເພື່ອ​ພຣະ​ຄຣິດ (81)ໂຢນາ (109)<br>ຢາກ ​ບອກ​ຄວາມ​ຮັກ (152)<br>ລຳ​ ທານ (133)<br>ໂລກ​ ນີ້​ຕຶງ​ມື້​ຕຶງ​ວັນ (53)<br>ໂລກ​ ນີ້​ບໍ່​​ແມ່ນ​ບ້ານ​ເຮົາ (97)<br>ເລິກ​ ແລະ​ກວ້າງ (2)<br>ລືມ ​ພຣະ​ເຈົ້າບໍ່​ໄດ້ (137)<br>ເລີ່ ​ມ​ໃຫ້​ຖືກ (11)<br>ແລ້ວ ​ເຮົາ​ຈະ​ເປັນ​ໜຶ່ງ (147)​<br>ເວລາ ​ນີ້ (91)<br>ວັນນີ້ ​ເປັນ​ວັນ​ສັນຕິ​ສຸກ (64)<br>ວັນ ​ນີ້​ເປັນ​ວັນ (104)<br>ຫາກ ​ຈະ​ຮັກ (101)<br>ອະ​ ໄພ​ສະ​ເໝີ (89)<br>ອາສາ ​ແຫ່​ງ​ໄມ້​ກາງ​ແຂນ (22)<br>ໂອພຣະ ​ເຈົ້າ (69)<br>ໂອ​ ລະວັງ (26)<br>ອົງ​ ພຣະ​ເຢຊູ​ຄື​ຜູ້​ໃດ (49)​<br>ໂຮ​ ຊັນ​ນາສັນ​ຣະ​​ເສີນ​ພຣະ​ເຈົ້າ (52)​<br>ເຮົາຂອບ ​ພຣະຄຸນ​ຄວາມ​ຮັກ​ຂອງ​ແມ່ (125)<br>ເຮົາ ​ຈະ​ເດີນ​ໃນ​ທາງ​ຂອງ​ພຣະ​ເຢຊູ (98)​<br>ເຮົາ ​ເປັນໜຶ່ງ​ໃນ​ຄວາມ​ຮັກ​ພຣະຄຣິດ (12)<br>ເຮົາ ​​ເພິ່ງພາ​ພຣະ​ອົງ (100)<br> ເຮົາ​ມີ​ຄວາມສຸກ​ຄື​ທຸງ (37)<br>ເຮົາ ​ມີ​ຄວາມຫວັງ (77) (We Have This Hope)<br>ເຮົາ ​ຮັກ​ພຣະ​ເຢຊູ​ຫລາຍ​ຂຶ້ນ​ທຸກ​ ວັນ (34)<br>ຮັກ ​ແທ້ (146)<br>ຮັກ ​ວິ​ເສດ (112)<br>ຮ້ອງ ​ຮາ​ລູຢາ​ແດ່​ພຣ​ະ​ເຈົ້າ (44)<br>ຮ້ອງ ​ຮາ​ເລ​ລູຢາ​ແດ່​ພຣະ​ເຈົ້າ (151)<br>ຮ່ວມ ​ກັນ​ໃນ​ພຣະ​ເຢຊູ (131)
