ແລະ	26235
ທີ່	19056
ໃນ	17044
ການ	16888
ຂອງ	15443
ໄດ້	15322
ມີ	14466
ຈະ	9081
ໃຫ້	9024
ເປັນ	8904
ລາວ	8692
ປີ	8203
ທ່ານ	7779
ນີ້	7420
ຄົນ	7244
ວ່າ	6916
ແມ່ນ	5750
ນັ້ນ	5679
ຈາກ	5332
ສະ	5151
ແລ້ວ	4690
ແຕ່	4647
ກໍ	4399
ກັບ	4377
ມາ	4369
ໂດຍ	4267
ຢູ່	4070
ເພື່ອ	4055
ກໍ່	4014
ໄປ	4010
ລິ	4005
ໃຊ້	3820
ວັນທີ	3754
ທີ	3546
ຈີນ	3422
ຄື	3376
ຄຳ	3320
ຄວາມ	3311
ຢ່າງ	3134
ບໍ່	3044
ເຮົາ	3001
ຕໍ່	2917
ເຫັນ	2811
ເມືອງ	2782
ຕາມ	2779
ປະເທດ	2748
ເມື່ອ	2725
ຕ້ອງ	2647
ຫລາຍ	2609
ມັນ	2550
ແຂວງ	2528
ກັນ	2376
ຍັງ	2374
ປະຊາຊົນ	2363
ກຳ	2347
ເຊິ່ງ	2254
ອີກ	2213
ສາມາດ	2183
ກວ່າ	2173
ດ້ວຍ	2170
ທາງ	2169
ຫລື	2166
ສ້າງ	2160
ລັດ	2148
ຜູ້	2139
ດັ່ງກ່າວ	2104
ຕະ	2078
ແບບ	2044
ແຫ່ງ	2036
ພັດທະນາ	2018
ເຂົ້າ	1974
ຕ່າງໆ	1962
ຜະລິດ	1933
ອ່ານ	1922
ເວລາ	1906
ເຮັດໃຫ້	1889
ຕາ	1881
ຂຶ້ນ	1867
ນຳ	1867
ຖືກ	1845
ສົ່ງ	1841
ເຖິງ	1806
ສ່ວນ	1768
ວຽງຈັນ	1764
ບົດ	1749
ມີການ	1749
ດີ	1717
ຂະ	1699
ລວມ	1693
ໄດ້ຮັບ	1688
ດ້ານ	1687
ກະ	1683
ຂ່າວ	1659
ອັນ	1641
ລ້ານ	1611
ຄັ້ງ	1589
ຖ້າ	1586
ຂໍ້	1581
ເດືອນ	1573
ພາກ	1568
ລະ	1543
ບັນດາ	1538
ບ້ານ	1523
ຄະນະ	1520
ຜົນ	1507
ເຮັດ	1500
ທາ	1497
ປະຕິບັດ	1492
ນາງ	1473
ໂລກ	1472
ກ່ຽວຂ້ອງ	1471
ກີບ	1453
ງານ	1452
ໂຄງການ	1449
ພາສາ	1443
ພາບ	1440
ທັງ	1415
ພັກ	1412
ປະມານ	1411
ປະ	1400
ໃສ່	1396
ພັນ	1374
ເພາະ	1373
ກ່ຽວກັບ	1371
ໄຊ	1337
ອອກ	1318
ລົງ	1303
ມູນ	1296
ຊ່ວຍ	1294
ແກ່	1294
ຂຽນ	1264
ເລີຍ	1253
ຂ້ອຍ	1252
ໄທ	1245
ກະຊວງ	1244
ເຊັ່ນ	1242
ເອົາ	1234
ຜ່ານມາ	1223
ມື້	1219
ວັນ	1218
ສອງ	1216
ການຄ້າ	1214
ບໍລິສັດ	1205
ປັດຈຸບັນ	1204
ບໍ່ໄດ້	1204
ນັກ	1175
ສຳລັບ	1175
ກອງປະຊຸມ	1173
ຈຳນວນ	1148
ຈັດ	1144
ບໍ່ມີ	1136
ພະ	1131
ວະ	1131
ຫາ	1130
ບັນຫາ	1124
ລະບົບ	1123
ເຂດ	1115
ຕອນ	1111
ກ່າວ	1111
ບັນ	1110
ສັງຄົມ	1087
ເສດຖະກິດ	1085
ເຈົ້າ	1085
ລະຫວ່າງ	1077
ມະ	1072
ນ້ຳ	1071
ຮ່ວມມື	1067
ເຂົ້າຮ່ວມ	1066
ປູກ	1062
ສະນັ້ນ	1054
ຊາຍ	1052
ຂ້າ	1051
ແຫ່ງຊາດ	1050
ວຽກງານ	1045
ກະສິ	1029
ໃຫມ່	1025
ນະຄອນຫລວງ	1023
ຕື້	1021
ອື່ນໆ	1016
ລະດັບ	1001
ລັດຖະບານ	1000
ຫນ້າ	997
ເທືອ	996
ຈັດຕັ້ງ	972
ເລື່ອງ	972
ຮັກ	971
ກ່ອນ	969
ຊາວ	965
ອົງການ	953
ກຸ່ມ	952
ໂຕ	946
ຄອບຄົວ	932
ເພງ	930
ຕົວ	928
ສະພາບ	924
ໄວ້	924
ທຸກ	920
ຫວຽດນາມ	911
ໃໝ່	907
ລູກ	886
ສິນຄ້າ	886
ເວົ້າ	877
ສະບັບ	873
ສີ	869
ຊີວິດ	860
ຜ່ານ	859
ຮັບ	858
ເບິ່ງ	858
ສາຍ	855
ສູງ	854
ສາກົນ	853
ນາ	851
ເງິນ	850
ນາຍົກລັດຖະມົນຕີ	849
ໄຟຟ້າ	834
ຂັ້ນ	829
ມີນາ	828
ຝ່າຍ	825
ມັກ	824
ສານ	818
ກິລາ	817
ຢູ່ໃນ	816
ສິງຫາ	815
ໄລຍະ	811
ວົງ	806
ອິນ	805
ລົງທຶນ	802
ເຂົາ	800
ແຕ່ລະ	798
ຊີ	797
ພະນັກງານ	792
ຫຍັງ	788
ເປີດ	785
ຮຽນ	783
ຮອງ	779
ລັດຖະມົນຕີ	778
ບາງ	774
ປ່າໄມ້	773
ໃດ	770
ໃຫຍ່	763
ເພີ່ມ	755
ເປັນຕົ້ນ	750
ບໍລິການ	747
ເນື້ອທີ່	746
ເອກະ	746
ກຳລັງ	745
ການຮ່ວມ	744
ປະຈຸ	742
ພາຍໃນ	742
ໜ້າ	741
ເປັນການ	740
ບອກ	736
ສະແດງ	731
ຕ່າງ	731
ຕ່າງປະເທດ	729
ວາງ	727
ທັນວາ	726
ຢາກ	726
ຮອດ	725
ຂໍ	725
ພວກເຮົາ	721
ກຸມພາ	720
ປະທານ	719
ໄວ	717
ສາ	716
ຮູບ	715
ອຸດສາຫະກຳ	713
ມະຫາວິທະຍາໄລ	712
ວັດ	709
ບໍ	706
ສຳຄັນ	701
ເອງ	699
ເພິ່ນ	694
ຕຸລາ	685
ແມ່	684
ມັງກອນ	684
ລົດ	683
ກໍໄດ້	679
ນ້ອຍ	677
ຍ້ອນ	674
ເຄີຍ	672
ກໍ່ສ້າງ	672
ປະກອບ	671
ພວກ	671
ໂດລາ	669
ເມ	667
ບຸນ	664
ພຣະ	663
ເກີດ	657
ວິ	657
ທາງດ້ານ	656
ໂຕນ	655
ຈຸດ	655
ກັນຍາ	655
ຫົວໜ້າ	654
ຊື້	652
ຄັ້ງນີ້	648
ລາຄາ	647
ໂດຍສະເພາະ	647
ເຫັນວ່າ	647
ສຳເລັດ	646
ແຜນການ	643
ຊາ	643
ເທື່ອ	642
ແກ້ໄຂ	642
ພ້ອມ	637
ສູນ	634
ຂ້າພະເຈົ້າ	627
ຂາຍ	627
ກາ	626
ທຶນ	625
ຊົນ	623
ຂອງຕົນ	622
ຈົນ	622
ທັງໝົດ	621
ຍັງມີ	617
ການສຶກສາ	615
ໄມ້	615
ນ້ຳມັນ	612
ຂະຫຍາຍ	611
ສະມາຊິກ	611
ຍັງບໍ່	610
ດຽວ	608
ຂອງທ່ານ	604
ໃຜ	599
ລາ	598
ສະຫະ	596
ປັບປຸງ	595
ຄວນ	595
ງາມ	595
ອາດຈະ	592
ມິຖຸນາ	592
ພະຈິກ	589
ພຶດສະພາ	589
ອາຫານ	585
ຕັ້ງ	585
ແຜນ	583
ໂຮງຮຽນ	580
ເຜົ່າ	575
ທຳ	574
ອາຍຸ	569
ກົດ	569
ທ້າວ	568
ອາ	567
ທີ່ສຸດ	567
ສົມ	566
ພິທີ	563
ເຮັດວຽກ	563
ປະເພດ	561
ສອນ	561
ພົບ	558
ວັດທະນະທຳ	557
ການນຳ	557
ເຄື່ອງ	557
ພື້ນຖານ	547
ປະຈຳ	545
ໂອກາດ	543
ນັກສຶກສາ	543
ກໍລະກົດ	543
ລາຍ	543
ການທີ່	540
ທອງ	539
ຫາກ	538
ຄວາມຮັກ	536
ແນວ	532
ລາຍງານ	532
ກອງ	530
ວ່າການ	530
ກະທົບ	529
ທະ	526
ດຽວກັນ	524
ນະ	522
ສົ່ງເສີມ	522
ທະນາຄານ	522
ຍິງ	518
ສິດ	517
ກິນ	515
ຕອບ	515
ມູນຄ່າ	515
ຫ້ອງການ	513
ແນວໃດ	512
ອັງກິດ	512
ກໍ່ໄດ້	509
ລັກ	509
ໂນ	509
ຮັກສາ	507
ສຽງ	507
ຕົ້ນ	504
ມາຈາກ	503
ກາງ	503
ຊາດ	500
ອົບ	499
ເຫລືອ	499
ເດັກ	499
ລີ	498
ຍະ	497
ສຳ	497
ແມັດ	496
ແນກ	495
ໃຫ້ການ	495
ພືດ	494
ມະນຸດ	494
ຄິດ	493
ຮ່ວມ	487
ກາຍເປັນ	486
ຕະຫລາດ	486
ສຶກສາ	485
ສິດທິ	482
ຕົນ	478
ດັ່ງນັ້ນ	478
ລິດ	478
ວິຊາການ	477
ເທົ່ານັ້ນ	476
ຊື່	474
ເດັກນ້ອຍ	474
ອອກມາ	474
ໃຫ້ໄດ້	472
ພັດ	471
ຕ້ອງການ	469
ເຂົາເຈົ້າ	468
ວຽກ	468
ພະຍາດ	468
ເວົ້າວ່າ	468
ອາດ	464
ອື່ນ	464
ຢາ	464
ບ່ອນ	464
ສືບຕໍ່	464
ສາມ	462
ມື	459
ປ້ອງກັນ	459
ປາ	457
ນະໂຍບາຍ	457
ສູນກາງ	456
ວິທີ	456
ແຮງ	454
ມະຫາ	454
ທົ່ວ	454
ເກັບ	451
ຕົນເອງ	448
ລາດ	446
ຕິດ	446
ກົດໝາຍ	444
ຮົມ	444
ຟັງ	444
ພຽງ	443
ສັດ	440
ສິ່ງ	438
ເຂົ້າມາ	436
ຫ້ອງ	434
ຄ່າ	429
ລັດຖະ	428
ຮູ້ວ່າ	427
ຊະນິດ	425
ຊົມ	422
ການເງິນ	421
ປະເທດລາວ	420
ອາເມລິກາ	419
ລຳ	419
ຮູ້	419
ປັກ	419
ຄຸ້ມຄອງ	415
ວິສາຫະກິດ	413
ດອກ	409
ໂອ	409
ກິດ	407
ຈະບໍ່	407
ສູ່	406
ແຈ້ງ	405
ມາຮອດ	405
ທັງຫມົດ	401
ມາດ	398
ພິເສດ	397
ແທ້	397
ຕົກ	397
ປ່າ	395
ກວດກາ	394
ກົມ	393
ອີ	392
ໃຕ້	391
ເຂົ້າໃນ	391
ລະອຽດ	390
ຕາຍ	390
ຄືນ	390
ດັ່ງ	389
ບໍ່ແມ່ນ	386
ນີ	386
ໃຈ	386
ຮ້ານ	385
ສ້າງຕັ້ງ	385
ບໍລິຫານ	383
ທຸລະກິດ	382
ເຕີ	382
ສາວ	381
ເສັ້ນທາງ	381
ມອບ	381
ຝຣັ່ງ	380
ພະລັງງານ	380
ມານີ້	380
ບໍ່ສາມາດ	378
ຢ່າ	377
ສະບາຍດີ	376
ແດ່	376
ກິດຈະ	375
ນຶ່ງ	373
ໂຮງງານ	373
ຮອບດ້ານ	373
ສະເພາະ	373
ຊຸດ	372
ຍີ່ປຸ່ນ	372
ໜ່ວຍ	371
ຖາມ	371
ເລືອກ	370
ຄົນລາວ	369
ແມ່ຍິງ	368
ສາດ	367
ນອກຈາກ	367
ເພື່ອໃຫ້	367
ຊັ້ນ	366
ຍົກ	365
ຖື	365
ທາງການ	363
ຍາວ	362
ເຂົ້າໄປ	362
ເກົ່າ	361
ພໍ່ແມ່	360
ກອນ	359
ປ່ຽນ	358
ສິ່ງທີ່	357
ຫົວ	356
ເຕັກນິກ	355
ທຳອິດ	354
ອອກຈາກ	354
ຕິ	352
ຄັນ	352
ຄັດ	352
ເຮືອນ	352
ໝູ່	351
ຫນັງສືພິມ	351
ພ້ອມດ້ວຍ	351
ແຮງງານ	351
ດື່ມ	349
ເຊື້ອ	348
ຂະຫຍາຍຕົວ	348
ພາກພື້ນ	346
ເຂື່ອນ	346
ເອົາໃຈໃສ່	344
ຄົມ	343
ກຳນົດ	342
ຊິ	340
ຜະລິດຕະພັນ	340
ສິນ	339
ໝົດ	338
ຄະນະກຳມະການ	338
ຜູ້ທີ່	337
ໂລ	337
ປະກາດ	336
ກຽດ	336
ຫັນ	335
ຈັກ	335
ດິນ	335
ກ່ອນຫນ້ານີ້	335
ທຽບ	334
ລາງວັນ	334
ຕໍ່ໄປ	334
ປາກ	333
ຂາດ	332
ຣິ	331
ເອ	331
ເຊື່ອມ	331
ດຳເນີນ	331
ຄວາມສາມາດ	331
ພຽງແຕ່	330
ເຈົ້າໜ້າທີ່	329
ເພາະວ່າ	329
ນາທີ	329
ພວກເຂົາ	328
ສອງຝ່າຍ	327
ທຸກຄົນ	327
ອີງ	327
ລົມ	327
ງ່າຍ	325
ຫລັງຈາກ	325
ອາຊີ	324
ທັງສອງ	323
ຖານ	322
ເປັນເຈົ້າ	322
ຢ້ຽມຢາມ	322
ອົງ	321
ລາຍການ	321
ຊັບພະຍາກອນ	320
ບໍ່ຮູ້	320
ອາຈານ	318
ພູ	318
ບັນລຸ	317
ສິງ	317
ໂທລະສັບ	317
ສົນໃຈ	317
ບາຍ	316
ທົ່ວປະເທດ	315
ຫົວຫນ້າ	314
ຮອບ	314
ປະຫວັດສາດ	312
ລອງ	312
ວິທະຍາສາດ	312
ນັກຮຽນ	311
ພາ	311
ໄຟ	310
ສຸກ	310
ຂະແໜງ	310
ບໍ່ໃຫ້	309
ພໍ	309
ໝື່ນ	309
ປະສົບ	308
ຫລັງ	308
ດາ	307
ສະມາຄົມ	306
ລົດໄຟ	306
ທັນ	304
ບໍ່ທັນ	303
ພາຍຫລັງ	303
ນະຄອນ	303
ພວມ	303
ເນື່ອງຈາກ	301
ນ້ຳຖ້ວມ	301
ຫນອງ	301
ໄຫມ	300
ປະກົດ	300
ແຕ່ວ່າ	300
ເກືອບ	300
ໂມງ	300
ເງື່ອນໄຂ	300
ວິຊາ	299
ຊົ່ວໂມງ	298
ການທ່ອງທ່ຽວ	297
ຄືກັນ	296
ຄາດວ່າ	296
ແລກປ່ຽນ	295
ບັດ	295
ນອນ	294
ນອກ	294
ມີຜົນ	294
ຕື່ມ	294
ຕິດຕາມ	293
ສຸດທ້າຍ	293
ສັນຍາ	293
ເລື້ອງ	293
ເດີ້	293
ປ່ອຍ	292
ຕົວຢ່າງ	292
ຂະບວນການ	292
ກະສິກອນ	292
ໂຄງ	291
ຄອງ	291
ແກ້ວ	291
ຈຳປາສັກ	291
ອັກສອນ	290
ຕ້ານ	289
ຕື່ມອີກ	288
ຈົ່ງ	287
ປະເທດໄທ	287
ຂ່າວສານ	286
ພໍ່	285
ແຟນ	284
ສຸດ	283
ດອນ	282
ຮ່າງກາຍ	282
ໂດ	282
ມິດຕະພາບ	281
ບົດບາດ	280
ປະກອບສ່ວນ	280
ຄູ	280
ປັບ	280
ອະນຸ	279
ສິ່ງແວດລ້ອມ	279
ຫລຽນ	278
ສຳນັກງານ	278
ໃບ	277
ບຸກຄົນ	277
ພ້ອມທັງ	277
ຣັຖບານ	277
ກາຍ	276
ໄໝ	276
ຈຳກັດ	276
ການເມືອງ	275
ເຕັກ	275
ຕິດຕັ້ງ	274
ທ້ອງຖິ່ນ	274
ແມ່ນ້ຳຂອງ	274
ກ່ຽວ	274
ຕະຫລອດ	274
ປ່ຽນແປງ	273
ຊະນະ	273
ຂົງເຂດ	273
ຜົນສຳເລັດ	273
ອາການ	272
ສະຫາຍ	272
ຝຶກ	272
ນາຍົກ	271
ໃນເຂດ	270
ຫລວງພະບາງ	270
ແລ່ນ	270
ບັນດາປະເທດ	270
ແພດ	269
ບໍ່ວ່າ	269
ຍາກ	269
ສຸມ	268
ໃນໂລກ	268
ແນ່ນອນ	265
ການບິນ	265
ອັນດັບ	265
ທົດລອງ	264
ຖືວ່າ	264
ໃສ	263
ໃຫ້ຄວາມ	263
ສະເໜີ	262
ນຳກັນ	262
ເຫດການ	261
ທ່າ	261
ດຳ	261
ເຂົ້າໃຈ	259
ທຳມະຊາດ	259
ທາດ	259
ມື້ນີ້	259
ມາຫາ	259
ສວນ	259
ນຳເອົາ	258
ປະເທດຊາດ	258
ທຸກໆ	257
ຕົວຈິງ	256
ຈຸດປະສົງ	255
ເສີມ	255
ພົວພັນ	255
ຫົວໃຈ	253
ສົມທົບ	253
ຄົບຮອບ	252
ບິນ	252
ກະກຽມ	252
ໜວດ	251
ໄອ	251
ບາດ	250
ເພດ	250
ນ້ຳຂອງ	250
ແສງ	250
ຕີ	249
ເປັນທາງການ	249
ໜ້ອຍ	249
ຫມົດ	249
ການພົວພັນ	248
ຈຳ	248
ດັ່ງນີ້	248
ນັ່ງ	247
ໜ້າທີ່	247
ແຫນງ	247
ປະເພນີ	247
ເຊື່ອ	246
ຊຸກຍູ້	246
ນ້ຳປະປາ	246
ອະ	246
ພົມ	245
ຄຸນນະພາບ	245
ສາລີ	245
ການແຂ່ງຂັນ	245
ມາເຖິງ	244
ແສນ	244
ແນະນຳ	243
ນຳພາ	242
ນ້ອງ	242
ອາກາດ	242
ຫມູ່	241
ບາງຄົນ	241
ສັມ	240
ທາວ	240
ເກີດຂຶ້ນ	240
ສະພາ	239
ເຮືອບິນ	239
ໄກ	238
ກຳມະການ	238
ເພີ່ນ	238
ນັບ	237
ຮັບປະກັນ	237
ພະຍາຍາມ	237
ນັບແຕ່	237
ຮ້ອງ	236
ທຳລາຍ	236
ດົນ	236
ຕ່ຳ	236
ກວດ	235
ລາຊະ	235
ສັນຕິພາບ	234
ເນື້ອ	234
ຂະໜາດ	233
ຜູ່	233
ວິທະຍຸ	233
ຍອດ	233
ຄິດວ່າ	233
ອາຊີບ	233
ຜົນງານ	233
ລັກສະນະ	232
ແດງ	232
ສັກ	232
ຕໍ່ມາ	232
ຄົ້ນຄວ້າ	232
ຕົກລົງ	232
ເທດ	231
ຜູ້ຊາຍ	231
ຄວາມຮູ້	231
ກິໂລ	230
ຫລວງ	230
ຊ້າງ	230
ອຸດ	230
ຊົນລະປະທານ	230
ໃກ້	229
ສົກ	229
ໜັງສືພິມ	229
ໄຂ	228
ຈັນ	228
ຮັບຜິດຊອບ	228
ທີ່ຢູ່	227
ຊາດລາວ	227
ສະຖາບັນ	226
ຫນາດ	226
ເລັ່ງ	226
ວັນນີ	225
ຍາ	225
ຫໍ	224
ຕັດ	224
ປຶກສາຫາລື	224
ຮູ້ຈັກ	224
ພາໃຫ້	224
ຄວບຄຸມ	223
ຊົນນະບົດ	223
ມາແລ້ວ	222
ລ້ຽງ	222
ກວມ	222
ເມສາ	221
ຢາງ	221
ຕົ້ນຕໍ	221
ບູຮານ	221
ການສົ່ງເສີມ	221
ຕັ້ງແຕ່	221
ຈົບ	220
ອຸປະກອນ	220
ລາຍຮັບ	220
ເຊັນ	220
ເນ	219
ຂົວ	219
ສ່ຽງ	218
ໃຫ້ຮູ້	218
ໂທ	218
ຫວັງ	218
ຜິດ	218
ທົ່ວໄປ	217
ສັງຂານ	217
ທັງເປັນ	216
ຮ່ວມກັນ	216
ກະທູ້	216
ພ້ອມກັນ	216
ຫລັກ	216
ການສະແດງ	215
ຢຸດ	215
ເຈົ້າພາບ	215
ເປັນເວລາ	215
ບໍ່ຕ້ອງ	214
ເຖິງວ່າ	214
ສະຫວັນ	214
ຄອນ	214
ໂຫວດ	214
ຮັບຜົນ	214
ດົນຕີ	214
ກັບມາ	213
ຖາ	213
ໄພ	213
ຈິ່ງ	213
ຮູ້ສຶກ	213
ສິລະ	212
ຈິດໃຈ	212
ຄົບ	212
ຕ່າງກັນ	212
ປະລິມານ	212
ຂ້າງ	212
ຕາເວັນອອກ	212
ດຽວນີ້	212
ຊີ້ນຳ	211
ຄົງ	211
ໜູນ	211
ວ່າດ້ວຍ	211
ທຳການ	210
ແຂ່ງຂັນ	210
ປີກ	208
ອ້າຍ	208
ທ້າຍ	207
ອອກໄປ	207
ອາທິດ	207
ລະດູ	207
ໂຄດ	207
ເລີດ	207
ຈໍ	206
ອັດຕາ	206
ຮັບໃຊ້	206
ຄວາມຕ້ອງການ	205
ຄະ	205
ທ້ອງ	205
ປົກປັກຮັກສາ	205
ວັດຖຸ	205
ງານການ	204
ພິມ	204
ແລ້ວກໍ່	204
ເນາະ	204
ກວ້າງ	204
ກິໂລແມັດ	203
ແນ່	203
ເຊີນ	203
ຂອງເຮົາ	203
ອັນນີ້	203
ໝາກ	202
ແຫລ່ງ	202
ແຕ່ງ	201
ໄມ	201
ຖ່າຍ	201
ທິດ	201
ບໍ່ເຄີຍ	201
ວັນທີ່	201
ເລກທີ	200
ເກີນ	200
ຫີນ	200
ເນື່ອງ	199
ອະນາຄົດ	199
ຮອງຮັບ	199
ຊື່ວ່າ	198
ສາຂາ	198
ໂຮງແຮມ	197
ວິຫານ	197
ແປ	197
ທະເລ	197
ກໍ່ຕາມ	196
ຕອນເຊົ້າ	196
ເປັນຫຍັງ	196
ການເຮັດ	196
ກຽມ	196
ສື່	195
ຮັບຮອງ	195
ຣັຖ	195
ປາຍ	195
ພາກັນ	195
ຊາບ	195
ສອດ	194
ຄ້າຍ	194
ທຸກຢ່າງ	194
ສຸ	194
ຫມັກ	194
ລືມ	193
ເສບ	193
ພາຍໃຕ້	193
ສະຫວັນນະເຂດ	193
ທົ່ວໂລກ	193
ຮ່ວມກັບ	192
ໜອງ	192
ຫັ້ນ	192
ປະທານາທິບໍດີ	191
ບົດຮຽນ	191
ອົງການຈັດຕັ້ງ	191
ອະດີດ	191
ເລຂາ	191
ຫລວງຫລາຍ	190
ປະຊາ	190
ນາມ	189
ຕ້ອນຮັບ	189
ຍາດ	189
ເທິງ	189
ປະຕິວັດ	188
ດີຂຶ້ນ	188
ບາ	188
ພິຈາລະນາ	188
ເລືອດ	188
ຊອກຫາ	187
ສະຫະຣັຖ	187
ເໜືອ	187
ເສດ	186
ຫມອງ	186
ວິທີການ	186
ເປັນປະທານ	185
ປັດ	185
ນັກຂ່າວ	185
ໂທລະພາບ	185
ສາເຫດ	185
ຍິ່ງ	184
ຄົນອື່ນ	184
ສຸດຍອດ	184
ສູງສຸດ	184
ສູງຂຶ້ນ	184
ບັນທຶກ	183
ຮຽກຮ້ອງ	183
ຄະແນນ	183
ເຈົ້າຂອງ	183
ບົວ	182
ຜັກ	182
ຊາວບ້ານ	182
ເທົ່າກັບ	182
ເອີ້ນວ່າ	182
ສັງ	182
ທະຫານ	181
ພັນລະຍາ	181
ມົນ	181
ທ່ອງທ່ຽວ	181
ເດັ່ນ	181
ກັບຄວາມ	181
ສົມບູນ	180
ຜົນປະໂຫຍດ	180
ປິ່ນປົວ	179
ທີ່ດິນ	179
ປົກກະຕິ	179
ຄວາມທຸກຍາກ	179
ຕົວເອງ	179
ຮ້ອຍ	178
ອຳນາດ	178
ຂຶ້ນມາ	177
ເຜີຍແຜ່	177
ລົບ	177
ອະນຸຍາດ	177
ບານ	177
ຜູ້ນຳ	177
ການເຄື່ອນໄຫວ	177
ສະຖານ	177
ພື້ນທີ່	176
ມວນຊົນ	176
ຍ້າຍ	176
ເພັດ	176
ວຽງ	176
ສີ່	176
ຫລາຍຄົນ	176
ໄພນ້ຳຖ້ວມ	176
ປິດ	176
ນອກຈາກນີ້	176
ຕະການ	175
ພອນ	175
ສະໜອງ	175
ງົບປະມານ	174
ເດີນທາງ	174
ພະນະທ່ານ	174
ແທນ	174
ຫວ່າງ	174
ສື່ສານ	173
ມີໂອກາດ	173
ທ່ຽງ	173
ອະທິການບໍດີ	173
ບໍ່ຢາກ	173
ຂອງພວກເຮົາ	173
ເລ	173
ສະໜາ	173
ຊັງ	172
ລະດູແລ້ງ	172
ແຂກ	172
ໄກ່	171
ຄູ່	171
ພະຍາ	171
ຄາດ	171
ແຜ່ນ	171
ອິສ	171
ຫນາ	171
ຂໍໃຫ້	170
ເຮືອ	170
ເອີ	169
ເປັນຕົ້ນມາ	169
ຄົມມະນາຄົມ	169
ຊົມເຊີຍ	168
ເຈົ້າຫນ້າທີ່	168
ເພື່ອນ	168
ຄຳມ່ວນ	168
ເນື້ອໃນ	168
ບໍຣິສັດ	167
ຂະນະ	167
ພົນ	167
ມີທັງ	167
ປະຖົມ	166
ຊາວລາວ	166
ເພີ່ມທະວີ	166
ແພງ	165
ດຳລົງ	165
ເປັນຂອງ	165
ເວທີ	165
ເລກ	165
ດັງ	164
ຊົງ	164
ການປົກຄອງ	164
ຄວາມສຳຄັນ	164
ປອດ	164
ຫນ້າທີ່	163
ຜົວ	163
ຈິດ	163
ມັກຈະ	163
ສະພາແຫ່ງຊາດ	163
ກິດການ	162
ພາສີ	162
ນິຍົມ	162
ລໍຖ້າ	162
ກົນ	161
ຄ້າ	161
ຍຸກ	161
ນຳໄປ	161
ຊາຍແດນ	161
ເອີ້ນ	160
ໄລ	160
ຫລໍ່	160
ພູມ	160
ຫນາມ	159
ໂທລະ	159
ບັນຍາກາດ	159
ສະຖານທີ່	158
ເກົາຫລີ	158
ເສັ້ນ	158
ຂ່າຍ	158
ເປົ້າ	158
ບໍ່ເປັນ	157
ຖືກຕ້ອງ	157
ສະໜັບສະໜູນ	157
ນາງສາວ	156
ໄກສອນ	156
ແດນ	156
ບໍລິເວນ	156
ເຊ	156
ດົງ	156
ຫານ	156
ຄວາມສະຫງົບ	156
ແວດລ້ອມ	156
ເທົ່າ	156
ອານ	156
ສາມັກຄີ	155
ລູກຄ້າ	155
ຜູ້ຍິງ	155
ປານໃດ	155
ຢ່າງດີ	154
ຄອມ	154
ຂຸດຄົ້ນ	154
ທິດທາງ	154
ອາລົມ	154
ດຳເນີນການ	154
ເນັ້ນ	153
ຈັດການ	153
ແພ້	153
ມີຄຸນ	153
ຂໍ້ຄວາມ	153
ຍ່າງ	153
ລະບຽບ	153
ໄປຫາ	153
ນອກນັ້ນ	152
ເຄືອ	152
ຍັງຈະ	151
ນາປີ	151
ໂກ	151
ພີ່ນ້ອງ	151
ຄວາມສຸກ	151
ມີສິດ	151
ເຫດ	150
ບຸກ	150
ການກວດ	150
ອານາຈັກ	150
ຄ່ອງ	150
ສຳພັນ	150
ຊວນ	149
ກັບຄືນ	149
ມີສ່ວນ	149
ຜູ້ແທນ	149
ສເນີ	149
ອິດ	149
ກົງ	149
ມີຢູ່	149
ແນໃສ່	149
ຈັດງານ	149
ຂອບໃຈ	149
ທະນາ	149
ໃຫ້ດີ	148
ຈັບ	148
ໜັກ	148
ຈ່າຍ	148
ເຈລະຈາ	147
ກວ່າເກົ່າ	147
ເຄື່ອນໄຫວ	147
ວິທະຍາ	147
ຍ້ອນວ່າ	146
ແຜ່	146
ຕໍ່ປີ	146
ຝົນ	146
ໂປ	146
ຈົດໝາຍ	146
ຕຳ	146
ຊ່ວງ	145
ໄຊຊະນະ	145
ເລິກ	145
ອະທິບາຍ	145
ເປົ້າໝາຍ	145
ການຮຽນ	144
ລ້ຽງສັດ	144
ລົງໄປ	144
ທຸກຍາກ	144
ສີນ	144
ໃນປັດຈຸບັນ	144
ອ່ອນ	144
ປີໃຫມ່	144
ອັບ	143
ວິທະຍາໄລ	143
ນັກໂທດ	143
ໄປສູ່	143
ຫາລື	143
ປະຊາທິປະໄຕ	143
ເລົ່າ	143
ແບ່ງ	143
ໂຄ	142
ນັກຮ້ອງ	142
ຫ້າມ	142
ກຳມະກອນ	142
ຕົວແທນ	142
ປຸງແຕ່ງ	142
ລ້ວນແຕ່	142
ລົງວັນທີ	141
ປະກັນສັງຄົມ	141
ສຳຫລັບ	141
ສ່ວນໃຫຍ່	141
ຊຽງ	141
ປະຈຳປີ	141
ເມົາ	141
ຄົນໃນ	141
ສະຫວັດ	140
ວີ	140
ປານ	140
ໂຮງຫມໍ	139
ເອົາມາ	139
ຂ້າມ	139
ດາວ	139
ສຳພາດ	139
ບວກ	139
ກໍຕາມ	139
ຫລຸດລົງ	138
ຈຳເປັນ	138
ມິນ	138
ນົມ	138
ໂມ	138
ມາດຕະຖານ	138
ດາວທຽມ	138
ຫລືບໍ່	138
ວຽດນາມ	138
ຕາເວັນຕົກ	138
ສືບ	138
ບໍ່ດີ	138
ນັກທຸລະກິດ	138
ຝັ່ງ	138
ດີກວ່າ	137
ສະຖິຕິ	137
ມູນເຊື້ອ	137
ເທື່ອນີ້	137
ຄວາມໝາຍ	137
ສົງຄາມ	137
ຫລຸດ	137
ຄວາມຄິດ	137
ສ່ວນຫລາຍ	137
ມິດ	136
ຄັ້ງທຳອິດ	136
ຍົນ	136
ພຽງພໍ	136
ຊຸມ	136
ຖ້າຫາກ	136
ທານີ	136
ປຶ້ມ	136
ເສຖ	136
ພາກເໜືອ	135
ພ້ອມກັບ	135
ສັ່ງ	135
ຮອງນາຍົກລັດຖະມົນຕີ	135
ຊູ	134
ພື້ນ	134
ມາຍັງ	134
ປະຊາກອນ	134
ໂພນ	134
ທຳມະດາ	134
ປົກປ້ອງ	134
ປະສົມ	134
ແນວຄິດ	133
ດ່ານ	133
ລະວັງ	133
ລັດຖະມົນຕີຊ່ວຍວ່າການ	133
ພາລະກິດ	133
ບາງຄັ້ງ	133
ເອື້ອຍ	133
ຊຽງຂວາງ	132
ລະບອບ	132
ກວ້າງຂວາງ	132
ດວງ	132
ຂອງຊາດ	132
ຮັບຟັງ	132
ຂົນສົ່ງ	132
ນັກທ່ອງທ່ຽວ	132
ຄຸນ	132
ປັນຍາ	131
ນັ້ນເອງ	131
ມັນມີ	131
ແປວ່າ	131
ສົງ	131
ສູດ	131
ເຕັມ	131
ຕິດຕໍ່	131
ມະຕິ	131
ໄປໄດ້	131
ປະຫວັດ	131
ກ້າວ	130
ລົງມາ	130
ຄວາມເຫັນ	130
ສູບຢາ	130
ລະດັບນ້ຳ	130
ເອກ	130
ຮາ	130
ປະຕູ	129
ອຳນາດການປົກຄອງ	129
ດາລາ	129
ຕີນ	129
ຕຳແໜ່ງ	129
ລາຍວັນ	128
ຍ້ອງຍໍ	128
ເຊັ່ນກັນ	128
ໜັງສື	128
ບໍ່ເຫັນ	128
ຂະເຈົ້າ	128
ມິ	128
ເຂົ້ານາ	128
ໄດ້ແກ່	128
ຫຍໍ້	127
ຊິງ	127
ຫູ	127
ເລັກ	127
ໂລດ	127
ຫາຍ	127
ຊ້ຳ	127
ຮ່າງ	127
ມາດຕາ	126
ທັມ	126
ແກ້	126
ທົບກັບ	126
ຂ້ານ້ອຍ	126
ຫລຸດຜ່ອນ	126
ກອບ	126
ອົດ	125
ແມ່ນ້ຳ	125
ໂຍງ	125
ຕຣີ	125
ບົນ	125
ມີອາຍຸ	125
ຄ່ຳ	125
ໃນຕົວ	125
ພິດ	125
ໂຄງການກໍ່ສ້າງ	125
ຄັດເລືອກ	125
ຕະບອງ	125
ແນວນີ້	125
ສາທາລະນະລັດ	125
ເດີມ	125
ຮັບຮູ້	125
ປຸ່ມ	124
ຫນຸ່ມ	124
ຄົງຈະ	124
ຫນັກ	124
ຍຸດທະສາດ	124
ພໍດີ	124
ລໍ	124
ພາກໃຕ້	124
ການເປັນຢູ່	124
ຮ້າຍ	124
ຂາວ	124
ເມັດ	124
ທົດແທນ	124
ວາງແຜນ	124
ວິດ	124
ຫມາກ	123
ທີ່ເກີດ	123
ງົວ	123
ສ້ອມແປງ	123
ຊັ້ນສູງ	123
ສັ້ນ	123
ບໍ່ມີໃຜ	123
ເກີດມີ	123
ລິນ	123
ພົບປະ	123
ກໍລະນີ	123
ອັນດີ	123
ເກດ	122
ເຕີບໃຫຍ່	122
ລ່າ	122
ກັບໄປ	122
ຕູ້	122
ໄດ້ຍິນ	122
ວິນາທີ	122
ແຕກຕ່າງ	122
ລັງ	121
ໂຮງໝໍ	121
ລ້ານຊ້າງ	121
ມະເຮັງ	121
ຟ້າ	121
ຖັດ	121
ຮ້ອນ	121
ເວົ້າເຖິງ	120
ເບື້ອງຕົ້ນ	120
ຍາມ	120
ຄາ	120
ຫລິ້ນ	120
ຍັງເປັນ	120
ຂອບເຂດ	120
ຄາຍ	120
ກະຊວງການຕ່າງປະເທດ	120
ຊອກ	120
ໂຄສະນາ	119
ວິກິດ	119
ຕອນບ່າຍ	119
ບໍ່ດົນ	119
ເກາະ	119
ໝໍ	119
ດີເດັ່ນ	119
ຢາສູບ	119
ແນວທາງ	119
ໄຮ່	119
ສະຫວາດ	119
ຢ້ານ	119
ນອກຈາກນັ້ນ	119
ຈິງ	119
ໄຕ	119
ປົກຄອງ	118
ຢັ້ງຢືນ	118
ໄປຮອດ	118
ການຕ່າງປະເທດ	118
ອອກແບບ	118
ມາກ່ອນ	118
ຖ້ວມ	118
ຄວາມເຂົ້າໃຈ	117
ໜັງສືພິມລາຍວັນ	117
ຜັນ	117
ຂອງເຈົ້າ	117
ຊ່ອງ	117
ລຸນ	117
ສົນທະນາ	117
ຖະໜົນ	116
ອົງສາ	116
ພຶສ	116
ຕານ	116
ເຊັນສັນຍາ	116
ອາຍ	116
ເຂັ້ມແຂງ	116
ສະດວກ	116
ເດ	116
ປັກກິ່ງ	116
ປະຢັດ	116
ຄະດີ	116
ຄຳເວົ້າ	115
ຮ້າຍແຮງ	115
ຕໍ່ໜ້າ	115
ສັນ	115
ບາງກອກ	115
ຮັບຄວາມ	115
ຂຶ້ນໄປ	115
ແຂງແຮງ	115
ໂດຍກົງ	114
ໄປເຖິງ	114
ສະເຫລີມສະຫລອງ	114
ປະຕິ	114
ເຊົາ	114
ຟ້ອນ	114
ສິງກະໂປ	114
ສະອາດ	114
ນົກ	114
ຄວາຍ	114
ໃນກໍລະນີ	113
ວຽນ	113
ຢາເສບຕິດ	113
ວາ	113
ອ້ອມຂ້າງ	113
ບໍລິໂພກ	112
ໂຣກ	112
ຂາ	112
ສູ້ຊົນ	112
ການຄົ້ນຄວ້າ	112
ເຊົ້າ	112
ກອງທັບ	112
ສົມຄວນ	112
ຕໍ່ຫນ້າ	112
ນາແຊງ	112
ພະລັງ	112
ລານ	111
ຮູບການ	111
ເປັນນັກ	111
ຄຳຖາມ	111
ສະໝອງ	111
ຖ້າບໍ່	111
ບູນ	111
ປັດຈຸບັນນີ້	111
ທີສອງ	111
ຢູ່ບ້ານ	111
ໂພ	111
ລະຄອນ	111
ເຫັນດີ	110
ອະວະກາດ	110
ໃນລະຫວ່າງ	110
ຮູບພາບ	110
ທີ່ຮັກ	110
ມອບໃຫ້	110
ໄປຕາມ	110
ຮອງປະທານ	110
ມະນີ	110
ລ່າງ	109
ຕົວເລກ	109
ໜ້າຕາ	109
ກັມ	109
ຫົວໜ່ວຍ	109
ແອັດ	109
ເຕືອນ	108
ຊ້າ	108
ສະຖານີ	108
ຄາດຄະເນ	108
ຕາເວັນ	108
ຄົນຮັກ	108
ປະຕິຮູບ	108
ນີ້ແລ້ວ	108
ເຫດຜົນ	108
ລະບຽບການ	108
ປະໂຫຍດ	108
ປຶກສາ	108
ທູດ	108
ປະສົບຜົນ	107
ການກິນ	107
ເຂົ້ານາແຊງ	107
ຈຳປາ	107
ຫັດຖະກຳ	107
ພົນລະເມືອງ	107
ຫມື່ນ	107
ທະວີບ	107
ບັງຄັບ	107
ສົດ	106
ສະຕະວັດ	106
ຂອງເຂົາ	106
ຈະເລີນ	106
ທັງນີ້	106
ເຫລົ່ານີ້	106
ຂີ້	105
ສະຫະພັນ	105
ຮ້ອງເພງ	105
ສວຍງາມ	105
ຈ່າຍເງິນ	104
ຕຣາ	104
ວິໄຈ	104
ຄິດໄລ່	104
ຊຸມຊົນ	104
ຟື້ນຟູ	104
ທັດສະນະ	104
ໂຮງ	104
ໄຂ້ຫວັດ	104
ປະຊຸມ	104
ທ້າຍເດືອນ	103
ສີແດງ	103
ພ້ອມດຽວ	103
ສະແດງໃຫ້ເຫັນ	103
ອັນໃດ	103
ກາເຟ	103
ກູ	103
ເມືອງລາວ	103
ຈົນຮອດ	103
ອັນຕະລາຍ	103
ວ່ອງໄວ	103
ຄົ້ນຄ້ວາ	103
ຜີ	103
ນາຍ	102
ຈົນເຖິງ	102
ຄ່ອຍ	102
ເຫັນໄດ້	102
ສະແດງອອກ	102
ຄຳຕອບ	102
ປົກ	102
ໃນທີ່ສຸດ	101
ຄວາມຈິງ	101
ເທົ່າໃດ	101
ຈັດສັນ	101
ລຸ່ມ	101
ຖະແຫລງຂ່າວ	101
ລົງນາມ	101
ຂອບ	101
ພາລະ	101
ກ່ອນຈະ	101
ທັນທີ	101
ສາລະວັນ	101
ການປະກວດ	101
ຫວານ	101
ປະຕິບັດການ	100
ລະບຸ	100
ອັດ	100
ເຫມາະສົມ	100
ນ້ຳງື່ມ	100
ໃນເມືອງ	100
ຮິ	100
ມາຢ້ຽມ	100
ຄວນຈະ	100
ກຳເນີດ	100
ມະຫາຊົນ	99
ຮຽບຮ້ອຍ	99
ຊະ	99
ຕີລາຄາ	99
ເຫງົາ	99
ທັງຫລາຍ	99
ຂັບ	99
ຕັ້ງຂຶ້ນ	99
ໄປນຳ	99
ຜູ້ອຳນວຍການ	99
ສະໂມສອນ	99
ສາຍຕາ	99
ປະສານງານ	99
ເມກ	99
ຝາກ	98
ເກັບກ່ຽວ	98
ພາຍ	98
ຝັນ	98
ຣົບ	98
ຄຸມ	98
ບໍ່ມັກ	98
ກວມເອົາ	98
ໄດ້ແລ້ວ	98
ພົບກັບ	98
ບໍ່ແຮ່	98
ທາດຫລວງ	98
ພ້ອມກັນນັ້ນ	98
ສັງເກດ	97
ຕິດພັນ	97
ສ້າງສາ	97
ກ້າ	97
ພະນົມ	97
ໄດ້ຮັບລາງວັນ	97
ຫົວຂໍ້	97
ແຮ່	97
ຕັ້ງໜ້າ	97
ດຳລັດ	97
ສ່ວນຕົວ	97
ບຸບຜາ	97
ຖານະ	96
ກຸນ	96
ໃນຈຳນວນ	96
ເປັນຄວາມ	96
ພາຫະນະ	96
ບໍ່ຄ່ອຍ	96
ອ່າງ	96
ຈັກສານ	96
ຖືພາ	96
ພັນທະ	96
ດອກໄມ້	96
ມໍ	96
ປ້າຍ	96
ລາຍໄດ້	96
ທ່ຽວ	96
ຊານ	95
ເສລີ	95
ຫມວດ	95
ຕົ້ນໄມ້	95
ວັນເສົາ	95
ຄວາມສະດວກ	95
ເອົາໄປ	95
ໂຊ	95
ຕາງຫນ້າ	95
ຖ້ຽວ	95
ມັດສະ	95
ເປີດເຜີຍ	95
ສະຫລຸບ	94
ໄຂ່	94
ອວຍພອນ	94
ໝັ້ນ	94
ປະຕິເສດ	94
ຣັສ	94
ກິດຈະການ	94
ໝາຍ	94
ເຢັນ	94
ແປງ	94
ຕາມທີ່	94
ແທ້ໆ	94
ເບີ	93
ເດດ	93
ສັນຍານ	93
ປັດໄຈ	93
ຊາວນາ	93
ເສື້ອ	93
ເຈົ້າແຂວງ	93
ອະນຸມັດ	93
ມະຫາສານ	93
ວົງການ	93
ຫົງ	93
ຖືເປັນ	93
ມີເງິນ	92
ໜູ	92
ຫ້ວຍ	92
ກຳມາທິການ	92
ອະນາໄມ	92
ເດີ	92
ນິດ	92
ຊ່ອຍ	92
ຄອຍ	92
ລະບາດ	92
ນັບມື້ນັບ	92
ເຖິງແມ່ນວ່າ	91
ຮ່ວມການ	91
ໂຫລດ	91
ຊັບສິນ	91
ມໍລະດົກ	91
ຄ້ອງ	91
ກິ	91
ຮາກຖານ	91
ກຳລັງຈະ	91
ເປັນຫ່ວງ	91
ພັນເຂົ້າ	91
ເງິນສົດ	91
ບັນຊີ	91
ຄຶດ	90
ກີ	90
ນັບມື້	90
ເທບ	90
ຄົນມີ	90
ຂວາງ	90
ຊີ້ນ	90
ສາມີ	90
ຮ່ວມງານ	90
ຂໍ້ຕົກລົງ	90
ອອກແຮງງານ	90
ເດີນທາງໄປ	89
ຕົງ	89
ແປກ	89
ນັດ	89
ຜະ	89
ໜັງ	89
ທ່າວ	89
ຕຳແຫນ່ງ	89
ບອດ	89
ພີ	89
ກ່າວເຖິງ	89
ຕັ້ງຢູ່	89
ຊ້ອນ	88
ຄ້າງ	88
ຄົນງານ	88
ເພດຍິງ	88
ກັນກັບ	88
ຕົ້ນປີ	88
ຮວມ	88
ໂຮມ	88
ການເຂົ້າຮ່ວມ	88
ແຕ່ລະຄົນ	88
ແຂ້ວ	88
ມີຊື່ສຽງ	88
ນູນ	88
ຊ່າງ	88
ຖ້າວ່າ	88
ຄວາມປອດໄພ	88
ເບິ່ງແຍງ	88
ທິດສະດີ	88
ຈານ	88
ເຈື່ອນ	88
ຈົດ	88
ແຫ້ງ	88
ຄຸນຄ່າ	87
ໄລ່	87
ຜລິດ	87
ຂະນະທີ່	87
ສະສົມ	87
ຄວາມຮູ້ສຶກ	87
ຄຳສັ່ງ	87
ຮອງອະທິການບໍດີ	87
ຍືນຍົງ	87
ເຝິກ	87
ຮັບເອົາ	87
ທົ່ງ	87
ປະກັນ	87
ໃກ້ຊິດ	86
ໂອນ	86
ເມື່ອກ່ອນ	86
ເໝາະສົມ	86
ປົວ	86
ດັດ	86
ຜ່ານໄປ	86
ເພື່ອຈະ	86
ຊີວະ	86
ພາຍໃນປະເທດ	86
ເສີດ	86
ບໍ່ຄວນ	86
ອ້າງ	86
ດີດ	86
ເຊີ່ງ	86
ຊິນ	85
ໄປຢ້ຽມ	85
ປີກາຍ	85
ປະສານ	85
ກົງກັນຂ້າມ	85
ຢາກໄດ້	85
ອຳນວຍການ	85
ຄາດໝາຍ	85
ເທີນ	85
ດີທີ່ສຸດ	85
ຂຶ້ນຢູ່	85
ດີໆ	85
ທົດສອບ	85
ຕີການ	85
ສັປ	85
ຜູ້ປະກັນ	85
ຊົ່ວຄາວ	85
ນັກວິທະຍາສາດ	85
ນຳຂອງ	85
ລ້າ	85
ຢືນຢັນ	84
ເປັນຮູບ	84
ຂີ່	84
ບຳລຸງ	84
ສີສັນ	84
ນາຍທຶນ	84
ຮຸ້ນ	84
ໄຫລ	84
ກໍ່ເຮັດ	84
ຕອບສະໜອງ	84
ປະເມີນ	84
ປະການ	84
ຕ້າ	84
ຍອມຮັບ	84
ແຂງ	84
ອົກ	83
ບັ້ງໄຟ	83
ກາດ	83
ບົດຄວາມ	83
ບໍລິຈາກ	83
ຖືເອົາ	83
ເອດ	83
ການປະຕິວັດ	83
ພາວະ	83
ເພັງ	83
ມ່ວນ	83
ເຂັ້ມງວດ	83
ຟອງ	83
ເຄົາລົບ	83
ຊີ້	83
ບາງຢ່າງ	83
ນ້ອຍໆ	83
ອຸດົມສົມບູນ	83
ງົງ	83
ຫ້າ	82
ຣາຊ	82
ມີລູກ	82
ປູກຝັງ	82
ຍົກຍ້າຍ	82
ເກີນໄປ	82
ຜົນສະທ້ອນ	82
ເຕີບໂຕ	82
ລ້ຽວ	82
ຫນ້າຕາ	81
ຄວາມພະຍາຍາມ	81
ປອດໄພ	81
ຈີ	81
ຈາ	81
ເຄມີ	81
ວັງ	81
ເລີກ	81
ຕລອດ	81
ຈື່	81
ປະລິນຍາຕີ	81
ວັນອາທິດ	81
ສັດປ່າ	81
ອຸດົມໄຊ	81
ພາຍນອກ	81
ຍິ່ງໃຫຍ່	81
ລັດຖະທຳມະນູນ	81
ເກົ້າ	80
ຫນັງ	80
ເອົາໄວ້	80
ບໍ່ງາມ	80
ທ່າແຂກ	80
ບັກ	80
ຄານ	80
ພົ້ນ	80
ອານາ	80
ກະຊວງສຶກສາທິການ	80
ຄວາມຮັບຜິດຊອບ	80
ເຕັ້ນ	80
ໝູ	80
ໃນຍາມ	80
ຈຳໜ່າຍ	80
ແຕ່ງຕັ້ງ	80
ເຫລົ້າ	80
ລັດຖະກອນ	80
ເຍົາ	80
ພະນັດ	80
ບົກ	80
ຈຳເປັນຕ້ອງ	79
ຕັ້ງຫນ້າ	79
ແສງຕາ	79
ແຕກ	79
ເປັນຈຳນວນ	79
ລ້າງ	79
ສູງກວ່າ	79
ແຕ່ງງານ	79
ເກັ່ງ	79
ປະຕິທິນ	79
ສາທາລະນະ	79
ປົດປ່ອຍ	78
ໂອ້ລົມ	78
ທອດ	78
ຊິກ	78
ເລືອກເອົາ	78
ການທຳ	78
ປະເຊີນ	78
ຄວາມໄວ	78
ຂັນ	78
ກ້າວຫນ້າ	78
ຄໍ	78
ທົນ	78
ຍາມໃດ	78
ສາລະ	78
ອະສຸຈິ	78
ຜາ	78
ໂບ	77
ວາລະສານ	77
ສາທາລະນະສຸກ	77
ເປັນຂະບວນ	77
ຍ່ອມ	77
ຄົດ	77
ອຳນວຍຄວາມສະດວກ	77
ເຣື່ອງ	77
ຕາງໜ້າ	77
ເດີ່ນ	77
ຝຸ່ນ	77
ຕໍ່ກັນ	77
ແນວນັ້ນ	77
ກອງປະຊຸມໃຫຍ່	77
ການກະທຳ	77
ແຍກ	77
ພໍ່ຄ້າ	77
ເງິນເດືອນ	77
ພຶດ	77
ຫລັງຈາກນັ້ນ	77
ຮົງກົງ	77
ຊອບ	76
ດາຍ	76
ຖ່າຍຮູບ	76
ສຳນວນ	76
ການຕໍ່ສູ້	76
ຄຽງຄູ່	76
ລົດຍົນ	76
ແມັດກ້ອນ	76
ເປັນປະຈຳ	76
ສົມກັບ	76
ສະຫະປະຊາຊາດ	76
ຫລືວ່າ	75
ມານ	75
ເຄື່ອງມື	75
ອຸນຫະພູມ	75
ຫ່າງໄກ	75
ເດືອນນີ້	75
ສິບ	75
ອອກພັນສາ	75
ໄວໆ	75
ໄປທາງ	75
ອາໄສ	75
ເຈັບ	75
ຂະບວນ	75
ຢ້ຽມ	75
ຜູ້ອອກແຮງງານ	75
ຫມໍ	75
ມັງ	75
ພິທີມອບ	75
ຮີດຄອງ	74
ລັກລອບ	74
ພິກ	74
ຮັກແພງ	74
ພັດທະນາການ	74
ເປັນພຽງ	74
ແຕ່ງດອງ	74
ບໍ່ແກ້ວ	74
ບີ	74
ປະຈຳເດືອນ	74
ແກມ	74
ໃນຂະນະທີ່	74
ມື້ກ່ອນ	74
ສະຫລອງ	74
ຄົນດຽວ	74
ຈະແຈ້ງ	74
ບຸດ	74
ລູກສາວ	74
ທາງດ້ານເສດຖະກິດ	74
ຈັງຫວະ	73
ດົນນານ	73
ບາງເທື່ອ	73
ຄະນະບໍດີ	73
ເຈົ້າເມືອງ	73
ແອນ	73
ແຄມ	73
ຫນັງສື	73
ນ້ຳມັນເຊື້ອໄຟ	73
ເອົາການ	73
ອູ	73
ອອກສຽງ	73
ປຸກລະດົມ	73
ເປັນພະຍາດ	73
ມາສະ	73
ມີຊີວິດ	72
ຊັບ	72
ຢ່າງໃດ	72
ເຕົ້າໂຮມ	72
ເຊື້ອສາຍ	72
ເວລານັ້ນ	72
ເຄື່ອງຈັກ	72
ເຊກອງ	72
ຖັງ	72
ຫາກໍ່	72
ໄພທຳມະຊາດ	72
ສິ້ນສຸດ	72
ບໍ່ທັນໄດ້	72
ພະເຈົ້າ	71
ສັບ	71
ຜົ້ງສາລີ	71
ຫລັກການ	71
ສະໝັກ	71
ຮູບເງົາ	71
ຫ້ອງປະຊຸມ	71
ກະແສ	71
ສະບາຍ	71
ຫົວພັນ	71
ໃນຖານະ	71
ເຂົ້າເປັນສະມາຊິກ	71
ນິຄົມ	71
ລົມກັນ	71
ກວນ	71
ຕອບວ່າ	71
ບ້ານນາ	71
ເປັນແນວໃດ	71
ຄົ້ນ	71
ຜົລ	71
ຊວນຫົວ	71
ຄ້າຍຄື	71
ລາຍຊື່	71
ເດັດຂາດ	70
ໝາຍຄວາມ	70
ດັນ	70
ເຊີ	70
ເລືອກຕັ້ງ	70
ວັນນະຄະດີ	70
ນານ	70
ການເດີນທາງ	70
ບັງ	70
ຫ້ອງນ້ຳ	70
ເປັນປົກກະຕິ	70
ຈອດ	70
ຈອນ	70
ມີຊື່	70
ສັງລວມ	70
ອາຄານ	70
ຫ້ຽນ	70
ຈິນ	70
ກິນອາຫານ	70
ໃຈດຽວ	70
ດິບ	70
ລົກ	70
ສຸດລົງ	70
ຄວາມຫວັງ	69
ມື້ນັ້ນ	69
ຮຸນແຮງ	69
ຕະຫລອດເວລາ	69
ກວດສອບ	69
ເສີນ	69
ກູ້	69
ຕຳຫລວດ	69
ເປັນພິເສດ	69
ນັບທັງ	69
ຂັບຮ້ອງ	69
ຕັດສິນໃຈ	69
ກຳນົດໄວ້	69
ການຢ້ຽມຢາມ	69
ນໍ	69
ຍອມ	69
ຍິນດີ	69
ຄົ້ນພົບ	69
ກະແສໄຟຟ້າ	69
ເຮັດນາ	69
ຂຶ້ນເປັນ	68
ຕິດກັບ	68
ຍ່ອຍ	68
ສັດຕູ	68
ເຕັມໄປ	68
ກອງທະຫານ	68
ມົນຕີ	68
ເປັນຈິງ	68
ສົ່ງໄປ	68
ສັດລ້ຽງ	68
ມ່ວນຊື່ນ	68
ລັບ	68
ບາດກ້າວ	67
ສະມາ	67
ໃຫຍ່ຫລວງ	67
ເຝົ້າ	67
ດ້ວຍກັນ	67
ເທື່ອລະກ້າວ	67
ປິ	67
ນ້ຳຫນັກ	67
ເຮັດການ	67
ຄືເກົ່າ	67
ຊຳ	67
ຜູ້ຮັບ	67
ທານ	67
ທ່ອງ	66
ຈຳນວນຫລາຍ	66
ຄືວ່າ	66
ຫມູ	66
ການພົບປະ	66
ຢາກຈະ	66
ແຄນ	66
ອາດສາມາດ	66
ປີກ່ອນ	66
ມົດ	66
ຮັ່ງມີ	66
ເລັກນ້ອຍ	66
ຕັດສິນ	66
ໂທດ	66
ນາແລ້ງ	66
ເຂົ້າໜຽວ	66
ລາງ	66
ດອກໄຟ	65
ແຕ່ກ່ອນ	65
ປະເສີດ	65
ທັ້ງ	65
ຍາວນານ	65
ດັບ	65
ພ້ອມພຽງ	65
ຊີງ	65
ມັດທະຍົມ	65
ເອກອັກຄະລັດຖະທູດ	65
ລຸກ	65
ອາດມີ	65
ກຸງ	65
ລົບລ້າງ	65
ເລື້ອຍ	65
ເປັນໄປໄດ້	65
ລັດຖະສະພາ	65
ປະກວດ	65
ເສນາ	65
ເປ	65
ຢ່າງຍິ່ງ	65
ປູ	64
ຢູ່ກັບ	64
ມີທ່າ	64
ຫາດຊາຍ	64
ລາມ	64
ວາງໄວ້	64
ສາດສະດາຈານ	64
ເທື່ອທຳອິດ	64
ກິນຢາ	64
ເສົາ	64
ການເລືອກຕັ້ງ	64
ເຂັມ	64
ນັບຖື	64
ທີ່ຕັ້ງ	64
ມົກກະຣາ	64
ວິສະວະ	64
ແລ້ວຈະ	64
ປິ້ງ	64
ກຸ້ມ	63
ອຸດົມ	63
ອັນສຳຄັນ	63
ຊຸນ	63
ໜີ	63
ຮັກກັນ	63
ສະໜາມ	63
ກຳລັງໃຈ	63
ສະມາຊິກສະພາ	63
ເສົ້າ	63
ເຊັ່ນດຽວກັນ	63
ບໍ່ເຂົ້າໃຈ	63
ຍຶດໝັ້ນ	63
ຊຳລະ	63
ໄຕ້	63
ເທົ່າທີ່	63
ຜິວ	63
ຜູ້ຂຽນ	63
ກູ້ຢືມ	63
ລຽບ	63
ໂດດ	63
ຝົນຕົກ	63
ຮຽກ	63
ຄົບຖ້ວນ	62
ວັດຖຸດິບ	62
ຢືນ	62
ອະນຸພາກ	62
ໂດກ	62
ບໍ່ພຽງແຕ່	62
ຄຸດ	62
ຕອນແລງ	62
ວັກ	62
ຄວາມຈຳເປັນ	62
ມັດ	62
ສະຖານທູດ	62
ຊ້າຍ	62
ຄ້າຂາຍ	62
ເພີ່ມເຕີມ	62
ເນື່ອງໃນ	62
ໜີ້	62
ໂປໂລຍ	62
ບໍ່ຍອມ	62
ຜູ້ໃດ	62
ງົດ	62
ຄຸນສົມບັດ	62
ເຍົາວະຊົນ	62
ແຖວ	62
ຍົກສູງ	62
ຕໍ່ສູ້	62
ເກີດລູກ	61
ເລິກເຊິ່ງ	61
ຫລັກສູດ	61
ດ່ຽວ	61
ຈັດໃຫ້	61
ໄດ້ຜົນ	61
ກວາງ	61
ເກີດມາ	61
ມາລີ	61
ລຽນ	61
ສູ້	61
ພໍສົມຄວນ	61
ຫອມ	61
ກົມການເມືອງ	61
ຕັງ	61
ຟົດຟື້ນ	60
ປາລີ	60
ວິໄລ	60
ຫຍ້າ	60
ກະຈາຍ	60
ພິສູດ	60
ເທ	60
ປະໂຫຍກ	60
ແຕ່ລະມື້	60
ພະທາດ	60
ໜາ	60
ພະອົງ	60
ເກີດຈາກ	60
ຕື່ນ	60
ນວນ	60
ໄຊ້	60
ທໍ່	60
ເລາະ	60
ຈັງ	60
ລອດ	60
ໄຂຄວາມ	60
ເປັນຫົວໜ້າ	60
ລື່ນ	60
ກິນເຂົ້າ	60
ສະກັດກັ້ນ	60
ກັນແລະກັນ	59
ແຈ້ງວ່າ	59
ບ້ານເມືອງ	59
ຮູ	59
ກົດລະບຽບ	59
ລະດົມ	59
ອຸປະ	59
ສະຫງວນ	59
ຄວາມຜິດ	59
ແຜ່ນດິນ	59
ຖ້ຳ	59
ເພດຊາຍ	59
ອີສານ	59
ແທກ	59
ສຽງເອີ້ນ	59
ຖິ່ນ	59
ປະທານສະພາ	59
ບໍ່ຢຸດຢັ້ງ	59
ກະດູກ	59
ຕໍ່ຕ້ານ	59
ສັດນ້ຳ	59
ການງານ	59
ໂນນ	59
ປັນ	59
ຂ້າງເທິງ	59
ແອ	59
ທໍ່ນັ້ນ	58
ສົມບັດ	58
ດິນແດນ	58
ພົງ	58
ແຕ່ຢ່າງໃດ	58
ໝາຍວ່າ	58
ຕ່າງດ້າວ	58
ປີນ	58
ຈັກເທື່ອ	58
ຄູອາຈານ	58
ໝາ	58
ຕັນ	58
ປະດັບ	58
ພະລັງງານໄຟຟ້າ	58
ເຊັກ	58
ຈູມ	58
ສົງໄສ	58
ທຸກສິ່ງ	58
ພໍໃຈ	58
ຍົກໃຫ້	58
ກົມກອງ	58
ຕ່າງແຂວງ	58
ລະເບີດ	58
ກ້ອງ	58
ທັດ	57
ກາງຂອງ	57
ຄວາມສຳເລັດ	57
ຢ່າງໃດກໍຕາມ	57
ເປັນໄປ	57
ສົ່ງມາ	57
ເພິ່ງ	57
ສັບສົນ	57
ສອນໃຫ້	57
ປະຈຳວັນ	57
ຂາເຂົ້າ	57
ການສ້າງສາ	57
ເຈີ	57
ຄວາມຮ້ອນ	57
ຮ່າ	57
ຖົງ	57
ລົດຊາດ	57
ຊ່ອຍເຫລືອ	57
ແຊນ	57
ລະບາຍ	57
ຄົນເຈັບ	57
ມຶງ	57
ແອບ	57
ຢາກຮູ້	57
ຈູ	56
ທອນ	56
ມວຍ	56
ວິນ	56
ເຈົ້າການ	56
ງວດ	56
ຕາມຫາ	56
ໝັ້ນໃຈ	56
ດູດ	56
ຂອງຕົວເອງ	56
ຊ່ຽວຊານ	56
ຂວາ	56
ຕົ້ນທຶນ	56
ນິໄສ	56
ພັຍ	56
ປະຕູໄຊ	56
ບໍ່ເຊື່ອ	56
ແລ້ວແຕ່	56
ຮວມທັງ	56
ຊົນຊັ້ນກຳມະກອນ	56
ໃນນາມ	56
ອ່າວ	56
ຄຽງ	56
ດ່ວນ	56
ອອນ	56
ພັກຜ່ອນ	56
ເຊົ່າ	56
ດຸ	56
ໄພພິບັດ	56
ວ່າງ	56
ເສັງ	56
ສົ່ງໃຫ້	56
ເດັດ	56
ຂຽວ	56
ສວຍ	56
ສະບຽງອາຫານ	56
ຄວາມຝັນ	56
ເຄື່ອນທີ່	56
ທົ່ງພຽງ	55
ທ່າອ່ຽງ	55
ກຳລັງກາຍ	55
ຫຸ່ງ	55
ສິ້ນ	55
ຮຽນຮູ້	55
ປາແດກ	55
ລົງມື	55
ຍ່າງໄປ	55
ພາຍຸ	55
ຮຸງກາລີ	55
ຖາງປ່າ	55
ເຫນືອ	55
ແມ່ຂອງ	55
ມື້ດຽວກັນ	55
ແຈ່ວບອງ	55
ກັດ	55
ວຽງໄຊ	55
ເຮັດງານ	55
ພຸ້ນ	55
ພັງຄີ	55
ໂຍກ	55
ສະວະກຳ	55
ສ້າງຂຶ້ນ	55
ຄົນຕ່າງປະເທດ	54
ອັດຕະປື	54
ສະຫວ່າງ	54
ພິຍານ	54
ສື	54
ຈົບງາມ	54
ເຜີຍ	54
ນ້ຳໜັກ	54
ປ່ວຍ	54
ໃຫມ່ໆ	54
ສັນຍາລັກ	54
ຫລັບ	54
ເດີນ	54
ເຫລັກ	54
ຄ້ຳ	54
ຄືກັນກັບ	54
ດີໃຈ	54
ຖາວອນ	54
ສັນຊາດ	54
ການລ້ຽງສັດ	54
ອອກແຮງ	54
ທີ່ສູງ	53
ພື້ນເມືອງ	53
ຫນູ	53
ກ້າວໄປ	53
ສັມປະທານ	53
ຟ້າງຸ່ມ	53
ຄັງ	53
ໃຫ້ຜົນ	53
ແກນ	53
ສຳນັກ	53
ການຂົນສົ່ງ	53
ດີແລ້ວ	53
ສຳນຶກ	53
ອະໄວຍະວະ	53
ບົ່ມ	53
ສັງຄົມນິຍົມ	53
ຫົວຫນ້າກົມ	53
ອຳ	53
ຂຍາຍ	53
ສຳຜັດ	53
ປ່ຽນໄປ	53
ຟ້າວ	53
ແຈກ	53
ຂັບຂີ່	53
ທຸກຄັ້ງ	53
ສ້າງສັນ	53
ສະຫະພາບ	53
ອ້ອມ	52
ອາວຸດ	52
ທຽມ	52
ພຶດຕິກຳ	52
ມາກ	52
ໃຈດີ	52
ຈັກກະພັດ	52
ໄຫວ	52
ຂີດ	52
ລຸງ	52
ອາພອນ	52
ທະນະ	52
ຫາຍໃຈ	52
ໃນໃຈ	52
ຂ້ອນ	52
ສັ່ນ	52
ສ່ອງແສງ	52
ແໜ້ນ	52
ຄວາມຮຸນແຮງ	52
ລະຫັດ	52
ເຂົ້າສານ	52
ຊ່ວຍກັນ	52
ບັນເທີງ	52
ດ້ອຍ	52
ປະຈຳການ	52
ບໍ່ຖືກ	52
ພະມ້າ	52
ບ່ອນໃດ	51
ອາກອນ	51
ໃສ່ຊື່	51
ປາກເຊ	51
ກຳມະ	51
ສັງເກດເຫັນ	51
ອ້າຍນ້ອງ	51
ຖ້າຫາກວ່າ	51
ພະຍານາກ	51
ໜາວ	51
ຊັນ	51
ຮຽກວ່າ	51
ປະຫລາດ	51
ບ້າ	51
ການກະເສດ	51
ຊາວໜຸ່ມ	51
ຮະ	51
ໄລຍະຍາວ	51
ສະຕິປັນຍາ	51
ເຫລົ່ານັ້ນ	51
ຂຸດ	51
ບອກໃຫ້	51
ຕຳນານ	51
ປັດຕະ	51
ຄວາມເຂັ້ມແຂງ	51
ຮົບ	51
ທີ່ປຶກສາ	51
ຂັດແຍ່ງ	50
ທີ່ບ້ານ	50
ຄືຊິ	50
ດູ	50
ປ້ອນ	50
ເປັນໄດ້	50
ສົບ	50
ບາດນີ້	50
ເອົາໃຈ	50
ແຂ່ງ	50
ກາລະ	50
ອະນຸສາວະລີ	50
ຫຍຸ້ງຍາກ	50
ເລດ	50
ຖ່າຍທອດ	50
ກະຊວງສາທາລະນະສຸກ	50
ໂຕະ	50
ປະສາດ	50
ບໍລິສຸດ	50
ຄອດ	50
ຫມົດທຸກ	50
ຄວາມເປັນຈິງ	50
ເບ	50
ຂໍໂທດ	50
ວັນສຳຄັນ	50
ລອຍນ້ຳ	50
ເລຂາທິການໃຫຍ່	50
ທັກ	50
ກົງກັບ	50
ບົ່ງ	50
ສາສນາ	50
ມີຕໍ່	50
ຫລ້າ	50
ປາກົດວ່າ	50
ຈູດ	50
ກຳລັງແຮງ	50
ສະເໝີ	50
ຄວາມຮຽກຮ້ອງ	50
ວໍລະ	49
ວົງຈອນ	49
ເຫມືອນ	49
ຕັດໄມ້	49
ດຳເນີນງານ	49
ຕູນ	49
ຜູ້ປະສົບໄພ	49
ສົ້ມ	49
ປິກ	49
ຂີ່ລົດ	49
ລົ້ມ	49
ນ່າ	49
ເກົ່າແກ່	49
ຢ່າງໄວ	49
ໃຊ້ຈ່າຍ	49
ຄັດຄ້ານ	49
ໂຈະ	49
ໄຂມັນ	49
ການສົນທະນາ	49
ນັກປະພັນ	49
ມີໄຊ	49
ແມ່ນວ່າ	49
ທຳນອງ	49
ມີໜ້າ	49
ຖ້າຈະ	49
ກາງຄືນ	49
ຍີ່ຫໍ້	49
ປີ້	49
ລ້ວນ	49
ໄລຍະເວລາ	49
ກ້າວໜ້າ	49
ໄປສະນີ	49
ສະກຸນ	49
ການສອບເສັງ	49
ປະທ້ວງ	49
ລາຍຈ່າຍ	49
ຕັ້ງໃຈ	49
ຄັນຊັ້ນ	49
ໝາກຜົນ	49
ລົ້ນ	48
ບູຊາ	48
ຍານ	48
ຄີ	48
ໂດຍທົ່ວໄປ	48
ສັກຂີ	48
ສັດຕະວັດ	48
ຢຶດ	48
ເຄື່ອນຍ້າຍ	48
ປະທັບໃຈ	48
ທໍລະມານ	48
ຕຸ້ນ	48
ມີຫົວ	48
ແກັດ	48
ຕຶກ	48
ສະເພາະການ	48
ແຕ້ມ	48
ຜ້າ	48
ເຈົ້າຟ້າ	48
ໄດ້ຮັບຄວາມນິຍົມ	48
ກະຈາຍສຽງ	48
ຮັກດຽວ	48
ປີໜ້າ	48
ສະຕິ	48
ມັນຕົ້ນ	48
ຄົນໄທ	48
ການຊຸກຍູ້	48
ທາງໄກ	48
ພົບກັນ	48
ທີ່ພັກ	48
ຈາລະ	48
ເປີດກວ້າງ	48
ລອຍ	48
ຮ່ຳຮຽນ	48
ແທ້ຈິງ	48
ມາທ່ຽວ	47
ຂົນ	47
ຮັດ	47
ຮ້ານອາຫານ	47
ແລກ	47
ໃຈກາງ	47
ສະໜັບ	47
ທາງໃນ	47
ຈັນທະ	47
ລົດເມ	47
ສັນລະເສີນ	47
ໂທລະຄົມມະນາຄົມ	47
ຜິດປົກກະຕິ	47
ສ້າງຊາດ	47
ຂັ້ນເທິງ	47
ຄົງທີ່	47
ດຶງດູດ	47
ເລັດ	47
ຄ້ຳປະກັນ	47
ກອມ	47
ໄລຍະສັ້ນ	47
ນ້ຳຕົກ	47
ຖອຍ	47
ຊົ່ວ	47
ຫນ້າຕາດີ	47
ແບ່ງອອກ	47
ຮຽບຮຽງ	47
ຈຽງ	47
ຜູ້ນັ້ນ	47
ທ້າທາຍ	47
ດັດແກ້	47
ຫລຸດພົ້ນ	46
ມື້ໃດ	46
ເປ່ເພ	46
ເໝືອນ	46
ຮອຍ	46
ນຳສະເໜີ	46
ເຄ	46
ເບົາ	46
ສີສະ	46
ສິ່ງຂອງ	46
ຄວາມງາມ	46
ແນນ	46
ເປັນສ່ວນ	46
ເຜົາ	46
ເຊັ່ນວ່າ	46
ສັງກັດ	46
ບໍ່ສົນໃຈ	46
ຕູ	46
ໃນໄວໆນີ້	46
ອັກຄະ	46
ເຮັດໃຫ້ເກີດ	46
ລູກຊາຍ	46
ຍົກເວັ້ນ	46
ວາຍ	46
ເສດຖີ	46
ສະຖຽນລະພາບ	46
ຜູ້ຕາງຫນ້າ	46
ບໍ່ຮູ້ຈັກ	46
ໂພດ	46
ຄິດເຫັນ	46
ຖິ້ມ	46
ທັງນັ້ນ	46
ມອດ	46
ຕາຝັ່ງ	46
ເທົ່ານີ້	46
ທຶນຮອນ	46
ສາງ	46
ອາວຸໂສ	46
ນ້ຳໃຈ	46
ຕລາດ	46
ອັກເສບ	46
ເປັນສີ	46
ນັ້ນແລ້ວ	46
ຜູ້ຊ່ຽວຊານ	46
ເວັນ	46
ຈິງໃຈ	46
ຄວາມຈຳ	45
ມີຊື່ວ່າ	45
ວັນສຸກ	45
ກະລຸນາ	45
ຄົ້ນຫາ	45
ຕັບ	45
ປາກຊ່ອງ	45
ໃນບ້ານ	45
ພາກພູມໃຈ	45
ຣົຖ	45
ພາດ	45
ໝວດ	45
ອຳນວຍ	45
ພຸດ	45
ທຸກມື້ນີ້	45
ຈັດວາງ	45
ຄວາມເປັນໄປໄດ້	45
ໝູ່ເພື່ອນ	45
ແມ່ນແຕ່	45
ອັດຕາສ່ວນ	45
ເປັນປີ	45
ວັດແທກ	45
ສວັນນະເຂດ	45
ອຸບັດເຫດ	45
ເວົ້າໃຫ້	45
ຊົນຊັ້ນ	45
ຢູ່ເທິງ	45
ໂຈມຕີ	45
ສອບເສັງ	45
ຈ້າງ	45
ຜິດຫວັງ	45
ມືດ	45
ຍັງເຫລືອ	45
ຄົນພິການ	45
ແລນ	45
ວິເຄາະ	45
ຫລວງພໍ່	45
ຕຽງ	44
ພຸດທະ	44
ກ່ອງ	44
ຄວັນ	44
ໝາຍເຖິງ	44
ຢູ່ເຮືອນ	44
ຫໍ່	44
ອຸ	44
ປຽບ	44
ຄວາມທຸກ	44
ຝິ່ນ	44
ບໍ່ມີຫຍັງ	44
ໄຕ້ຫວັນ	44
ສວັນ	44
ເສຣີ	44
ບໍ່ຈຳເປັນຕ້ອງ	44
ການໂຄສະນາ	44
ຜູ້ໃຫຍ່	44
ໄດ້ຮັບກຽດ	44
ພາຄ	44
ຄວາມຄິດເຫັນ	44
ຕົວະ	44
ຫັກ	44
ລີ້	44
ກໍດີ	44
ໄຂ້	44
ທຳທີ່	44
ເຄາະຮ້າຍ	44
ຈອກ	44
ປວດ	44
ກາບ	44
ຕົວແບບ	44
ບາດເຈັບ	44
ເປັນຍ້ອນ	44
ມີຄ່າ	44
ຄະນະບໍລິຫານງານ	44
ກົມກຽວ	44
ອີ່	44
ຊ່ວງເຮືອ	44
ກັບຄຳ	44
ກັບບ້ານ	43
ບໍ່ຖືກຕ້ອງ	43
ເປັນປະໂຫຍດ	43
ປະເທດໃກ້ຄຽງ	43
ດຶງ	43
ຊີ້ໃຫ້	43
ສຽງໃຕ້	43
ອຸປະສັກ	43
ປາງ	43
ສະດວກສະບາຍ	43
ເວ	43
ດ່າ	43
ຈັ່ງໃດ	43
ເສ	43
ເຈົ້າສາວ	43
ລຳບາກ	43
ຄວ້າ	43
ບາດແຜ	43
ທຸຣະກິດ	43
ມີປະສິດທິພາບ	43
ອິນທະ	43
ຊາວຈີນ	43
ຄວາມເປັນມາ	43
ເອົາເງິນ	43
ກ່ຽວຂ້ອງກັບ	43
ຂຶ້ນທະບຽນ	43
ສົນ	43
ແປດ	43
ແຊບ	43
ຄິດເຖິງ	43
ວົງສາ	43
ບໍ່ກ້າ	43
ຣາມ	43
ເກືອ	43
ອາໄສຢູ່	43
ກຳຈັດ	43
ຜ່ານຜ່າ	43
ເຈົ້າຊີວິດ	43
ຊ່ອງທາງ	43
ນາມສະກຸນ	43
ຊົນຊາດ	43
ວັງວຽງ	43
ພາກເຫນືອ	43
ຂອດ	43
ຄົວ	43
ກ່າຍ	43
ປ້າ	43
ລົດຈັກ	43
ສອບຖາມ	43
ປະສົງ	42
ເບື້ອງ	42
ຍູ້	42
ຂອງໃຜ	42
ແທ່ນ	42
ຮັບຕ້ອນ	42
ນ້ຳຕານ	42
ທຳງານ	42
ໃນລະຍະ	42
ສາມັນ	42
ຄອບ	42
ອອກກຳລັງ	42
ຄວາມສະອາດ	42
ເຂັ້ມ	42
ໄຮ້	42
ຈົນກວ່າ	42
ຕຽມ	42
ອົບອຸ່ນ	42
ບັນດິດ	42
ຂາອອກ	42
ນັກວິໄຈ	42
ສົມເດັດ	42
ຂອງຂວັນ	42
ມີສະຕິ	42
ສິລ	42
ຜູ້ຄົນ	42
ໄດ້ຄວາມ	42
ຮູບຮ່າງ	42
ສະມັດຕະ	42
ແຕ່ນີ້	42
ທຽບເທົ່າ	42
ແຖມ	42
ລາຊາ	42
ຄົນລະ	42
ທວງ	42
ເລື່ອນ	42
ຫລ້າສຸດ	42
ຍັດຕິ	42
ການທະຫານ	42
ວາດ	42
ຍື່ນ	42
ເອົາເປັນ	42
ສະແດງຄວາມຂອບໃຈ	42
ຄືບໜ້າ	42
ໄປທ່ຽວ	42
ມີລົດ	42
ທາງເລືອກ	42
ປະດິດສ້າງ	42
ນິນ	42
ທີ່ຖືກຕ້ອງ	42
ການທູດ	41
ຢູ່ນີ້	41
ລົດຖີບ	41
ສວຍໂອກາດ	41
ຍົມ	41
ວອນ	41
ກ້ວຍ	41
ຊັດເຈນ	41
ເທື່ອລະ	41
ໃກ້ຄຽງ	41
ແຮ	41
ຊາຍໜຸ່ມ	41
ສະມັດຖະພາບ	41
ຄວາມແຕກຕ່າງ	41
ວັນຈັນ	41
ຄົນດີ	41
ໂຢ	41
ຄວາມຫຍຸ້ງຍາກ	41
ຊາຕ	41
ສອກຫລີກ	41
ຢູ່ໃສ	41
ລູກຫລານ	41
ຜູ້ຕາງໜ້າ	41
ໄປກ່ອນ	41
ອີກເທື່ອ	41
ລະຄັງ	41
ວາລະ	41
ຕົກລົງກັນ	41
ເປັນຕາ	41
ເໝືອງ	41
ເຂົ້າຫນົມ	41
ຄວາມສຳພັນ	41
ໂຊກດີ	41
ມີຄວາມສົນໃຈ	41
ຜົມ	41
ທົ່ວປວງຊົນ	41
ຕະຫລອດມາ	41
ເຮືອນຊານ	41
ຂ້ອງ	41
ແອວ	40
ບ້ານເກີດ	40
ນ້ຳຝົນ	40
ຊີມັງ	40
ຍຸຕິທຳ	40
ສາລາ	40
ພຽນ	40
ລູກສິດ	40
ຫລອດ	40
ສັນຕິ	40
ໜັກໜ່ວງ	40
ແບບຢ່າງ	40
ຫ່ວງ	40
ເງິນກູ້	40
ແຖບ	40
ຄິດຮອດ	40
ຊີ່	40
ບຳນານ	40
ຄຸ້ມ	40
ກວ່າຫມູ່	40
ຕໍ່ຈາກ	40
ປີຫນ້າ	40
ຕັ້ງຊື່	40
ໃຫ້ທັນ	40
ຕະຫລອດໄປ	40
ຮໍ	40
ນັບຕັ້ງແຕ່	40
ຫາທາງ	40
ປາບ	40
ຫວາ	40
ສີຂາວ	40
ພາໄປ	40
ປາກົດ	40
ໄກ່ຕີ	40
ໄປພົບ	40
ຄ່າໃຊ້ຈ່າຍ	40
ທະລຸ	40
ເລຂາທິການ	40
ຜິດກົດໝາຍ	40
ຄະຕິ	40
ຫຍິບ	40
ຄະນິດສາດ	40
ອົດທົນ	40
ທົບ	40
ລິວ	40
ຕາຕະລາງ	40
ມີຂຶ້ນ	40
ບັນຈຸ	40
ກິ່ງ	40
ຄວາມສູງ	40
ການຄ້າຕ່າງປະເທດ	40
ສະຫລາດ	40
ກິ່ນ	40
ຫລັກຖານ	40
ສົດໃສ	40
ປາບປາມ	40
ຕ້ອຍ	40
ຊິດ	40
ໜັກແໜ້ນ	40
ກ່ອນແລ້ວ	39
ພັນໄມ້	39
ຄາດຫວັງ	39
ສິ່ງໃດ	39
ຄ່ຳຄືນ	39
ແຕ້ມຮູບ	39
ພວກທ່ານ	39
ແຕ່ພໍ	39
ເພງພື້ນເມືອງ	39
ເວີນ	39
ອິດສະລະ	39
ເບີກບານມ່ວນຊື່ນ	39
ຮ່ອງ	39
ເສດຖະ	39
ສຍາມ	39
ພູມີ	39
ເຖິງຈະ	39
ສັມພາດ	39
ຫວງ	39
ອາສາ	39
ກັກຂັງ	39
ຊັບພະ	39
ມົດລູກ	39
ກຳມະບານ	39
ຜູ້ເປັນ	39
ເຕະ	39
ມີ່	39
ມີສຽງ	39
ມົງກຸດ	39
ຈັງຫວັດ	39
ຍິ້ມ	39
ໃບຢັ້ງຢືນ	39
ຊັກ	39
ເບື່ອ	39
ປ້ອງ	39
ບານເຕະ	39
ທີ່ຈິງ	39
ຄຳສັບ	39
ສາກ	39
ນິຍາຍ	39
ຕົ້ມ	39
ດູແລ	39
ຢູ່ນຳ	39
ລອງເບິ່ງ	39
ເຈາະ	39
ສົມກຽດ	39
ດານ	39
ສັບປະດາ	39
ຮັ້ນ	39
ຮັກຊາດ	39
ເກີດຜົນ	39
ເສີມສ້າງ	39
ທ່າທີ	38
ພູດອຍ	38
ເອົາເຂົ້າ	38
ຫົວຄົນ	38
ຊັບສົມບັດ	38
ຊຽງໄຮ້	38
ສິນລະປະ	38
ບາງທີ	38
ມອນ	38
ຊະລາ	38
ຢ່າງດຽວ	38
ຊວງ	38
ອົງປະກອບ	38
ຫວາດ	38
ຈະເຣີນ	38
ໄຫ້	38
ອິດທິພົນ	38
ຜູ້ຟັງ	38
ກ່ຽວເຂົ້າ	38
ເທວີ	38
ຕຽນ	38
ໝ້າ	38
ສຽບ	38
ສົນທິສັນຍາ	38
ໄຫວ້	38
ນະມັດສະການ	38
ຫົນທາງ	38
ການຕ້ອນຮັບ	38
ຮູບປັ້ນ	38
ເສດຖະສາດ	38
ໄປຈາກ	38
ແກ່ນ	38
ກະທັນຫັນ	38
ຫລຽນໄຊ	38
ແປະ	38
ຄວາມຈະເລີນ	38
ຜ່າຕັດ	38
ບໍ່ເຖິງ	38
ຕາດ	38
ຮາກ	38
ເອົາລະ	38
ປະສິດທິພາບ	38
ປະສິດ	38
ລະມັດລະວັງ	38
ຜູກພັນ	38
ບໍ່ຈຳ	38
ປະສົມພັນ	38
ນ້ຳຕາ	38
ທ່ອນ	38
ສະຫງົບ	37
ສົ່ງທ້າຍ	37
ສະຫລະ	37
ກ່ອນນີ້	37
ໂຍທາທິການ	37
ການເກັບກ່ຽວ	37
ອຸຕຸນິຍົມ	37
ແຊມ	37
ຄືບຫນ້າ	37
ໂຈນ	37
ສູນພັນ	37
ເກີດເປັນ	37
ຕິດຕໍ່ກັນ	37
ສາຍການບິນ	37
ງຽບ	37
ປອນ	37
ໂຮງຈັກ	37
ທິບ	37
ຮັກສາການ	37
ຂະຫຍາຍມູນເຊື້ອ	37
ພູມໃຈ	37
ຈໍລະຈອນ	37
ເປົ່າ	37
ການປູກຝັງ	37
ລະໄລ	37
ຈົນກະທັ້ງ	37
ໄປຮັບ	37
ຮູ້ຄວາມ	37
ອ້ອຍ	37
ທັງຊາດ	37
ກ້ອນ	37
ປາຖະ	37
ລັດທິ	37
ດວງຈັນ	37
ລາໄປ	37
ຄວາມສະຫລາດ	37
ໂຂງ	37
ຫລາກ	37
ໄຮ	37
ຮີ	37
ຍາພໍ່	37
ຊ້ຳພັດ	37
ເປັນລາຍ	37
ເຄື່ອນ	37
ມາເວົ້າ	37
ທົບທວນ	37
ຄູນ	37
ຖືກຈັບ	37
ສີຂຽວ	37
ອຸທົກກະສາດ	37
ຈຸ	37
ໄວວາ	37
ເຕະບານ	36
ເນີນ	36
ທາງເຂົ້າ	36
ແມ່ນໃຜ	36
ໂຍ	36
ອອກໃບ	36
ສະຖານະການ	36
ບໍ່ໃຊ້	36
ວິຊາສະເພາະ	36
ຫັນໄປ	36
ເອີຍ	36
ໄລຍະທາງ	36
ສະຖາປະນາ	36
ແມ້ແຕ່	36
ຮັບໃຫ້	36
ສົ້ນ	36
ອົກຫັກ	36
ເດືອນກ່ອນ	36
ຈັດຫາ	36
ບຸ	36
ຢາຖູແຂ້ວ	36
ຫາຄວາມ	36
ພຸດທະເຈົ້າ	36
ຕອນທ້າຍ	36
ປ່ອງ	36
ພ້ອມກັນນີ້	36
ຜ່ານທາງ	36
ຈີບກັນ	36
ວານນີ້	36
ແຕ່ດົນ	36
ແບ່ງປັນ	36
ງານລ້ຽງ	36
ທາງອອກ	36
ຕ່າງແດນ	36
ເປື້ອນ	36
ລະເມີດ	36
ນິວຢອກ	36
ປຸກ	36
ສຳນັກຂ່າວສານ	36
ກໍ່ຕັ້ງ	36
ຫວະ	36
ຫາກໍ	36
ສມັຍ	36
ພໍ່ຕູ້	36
ປະພັນ	36
ຮຸດ	36
ໂຄງສ້າງ	36
ແມ່ຕູ້	36
ບາກ	36
ນ້ຳນົມ	36
ໜອງນ້ຳ	36
ສຳນຽງ	36
ສາຣະຄະດີ	36
ກະເປົາ	36
ສີມື	36
ປວງຊົນ	36
ແຫ່	36
ປົວແປງ	36
ເລນ	36
ອ້ວນ	35
ໃຊ້ແທນ	35
ນ້ຳສະ	35
ວິຖີ	35
ເປັນໄປຕາມ	35
ຮີບ	35
ຫ້າງ	35
ເຮັດໜ້າ	35
ດົມ	35
ລວງ	35
ມື້ວານ	35
ເປັນໂຣກ	35
ອັກສອນສາດ	35
ຝາ	35
ດິນຟ້າອາກາດ	35
ຣິດ	35
ເກນ	35
ນິຕິກຳ	35
ວັຍ	35
ມາລະ	35
ມີກຽດ	35
ອິນຊີ	35
ທົດ	35
ທີ່ແທ້	35
ການຢູ່	35
ຕັກ	35
ໝູ່ບ້ານ	35
ທີບ	35
ຢ່າງໃດກໍ່ຕາມ	35
ຮ້ອງວ່າ	35
ພູພຽງ	35
ຜົວເມັຽ	35
ລູກນ້ອຍ	35
ເປັນຫົວ	35
ການໄຟຟ້າ	35
ສັດທາ	35
ດັດແປງ	35
ໂດຽ	35
ລ້ຽງລູກ	34
ໃນສ່ວນ	34
ແລ	34
ຢືມເງິນ	34
ຫລີກ	34
ເທວະດາ	34
ຫນ້າຮັກ	34
ຍັກ	34
ການຕັດສິນ	34
ໄປພ້ອມ	34
ຕໍ່ວັນ	34
ຫວາຍ	34
ເຄື່ອງໃຊ້	34
ນາດ	34
ເຫມາະ	34
ດັ້ງເດີມ	34
ຕົກກ້າ	34
ຊີ້ແຈງ	34
ຜົນໄດ້	34
ທຸກວັນ	34
ສາຍເຫດ	34
ຂະໜາດໃດ?	34
ອັກ	34
ສັກຢາ	34
ທີ່ນີ້	34
ທອງແດງ	34
ຫມັ້ນ	34
ລະນຶກ	34
ກ້າມ	34
ອັງຄານ	34
ກົກ	34
ທັນການ	34
ການປະມົງ	34
ຂາດແຄນ	34
ໂຄສົກ	34
ອຸດອນ	34
ແບບແຜນ	34
ປັ້ນ	34
ດື່ມນ້ຳ	34
ແຫລະ	34
ແຜ່ນດິນໄຫວ	34
ຮຽນເກັ່ງ	34
ຄຳແນະນຳ	34
ແຮງດັນ	34
ຫ່າງ	34
ຕົກໃຈ	34
ມູນນິທິ	34
ຝອຍ	34
ອາຊີອາຄະເນ	34
ປຸກສ້າງ	34
ບັ້ນ	34
ພວກລ່າເມືອງຂຶ້ນ	34
ສາມະ	34
ເດັດດ່ຽວ	34
ຕາມລຳດັບ	34
ດຸນ	34
ຄົນໂສດ	34
ເຂົ້າຫາ	34
ຈິ	33
ວຸ້ນ	33
ນຶກເຖິງ	33
ຢູ່ໃກ້	33
ເປື່ອຍ	33
ລາກ	33
ຫ້າມບໍ່ໃຫ້	33
ໄປໃສ	33
ສຳປະທານ	33
ຕັ້ງການ	33
ຂະບວນແຫ່	33
ຫົວນົມ	33
ເຄື່ອງຫລິ້ນ	33
ບຸສ	33
ສີດຳ	33
ລະຫວ່າງປະເທດ	33
ຈົ່ມ	33
ນັກດົນຕີ	33
ເຈິ	33
ທຽນ	33
ຈົນໄດ້	33
ຂັດ	33
ຮ້ອງຂໍ	33
ມາລາ	33
ເຖົ້າ	33
ຊື່ສັດ	33
ໄພທູນ	33
ລົງທະບຽນ	33
ພາຣາ	33
ປຶກ	33
ສຶກ	33
ກໍຣະນີ	33
ຫຸ້ມ	33
ກະທຳ	33
ລິເລີ່ມ	33
ເຣື່ອງນີ້	33
ໝໍ້	33
ປະເດັນ	33
ສໍ້	33
ເຈຣະຈາ	33
ຮ່ວມທັງ	33
ຜ່ອນຄາຍ	33
ເຈັບປ່ວຍ	33
ລ້າໆ	33
ແລວ	33
ຫຸ້ນ	33
ນັບວ່າ	33
ວິຈິດ	33
ແຂນ	33
ທັມມະຊາດ	33
ຊື່ໆ	33
ນ້ຳບໍ່	33
ຕົກຕ່ຳ	33
ສົ່ງສິນຄ້າ	33
ໂຄລົບ	33
ເຂົ້າກັນ	33
ລະລາຍ	33
ເຂົ້າພັນສາ	33
ສູບ	32
ປະສົມປະສານ	32
ແລ້ວບໍ່	32
ທຸລະ	32
ປານີ	32
ວໍ	32
ແບ້	32
ຫ້າວຫັນ	32
ພວກທີ່	32
ການຜ່າຕັດ	32
ເອົາແຕ່	32
ພະສົງ	32
ໂຊກ	32
ກຳແພງ	32
ຢຽບ	32
ເປີເຊັນ	32
ໄດ້ອ່ານ	32
ເຮັດເປັນ	32
ຢາມ	32
ຍາດແຍ່ງ	32
ມີຄູ່	32
ໜໍ່	32
ເຕົາ	32
ຢູ່ນັ້ນ	32
ຕ່າງຫາກ	32
ໄດ້ຟັງ	32
ງົດງາມ	32
ຂໍ້ກຳນົດ	32
ແທນຂອງ	32
ຫລຽນກາ	32
ລາຕີ	32
ເຮືອງ	32
ນິວຊີແລນ	32
ກຽມພ້ອມ	32
ຫຶ	32
ສະມາທິ	32
ລະແອນ	32
ປຸງ	32
ຈົດທະບຽນ	32
ຮຸ່ງ	32
ໂຍດ	32
ເຄື່ອງບິນ	32
ບຸກຄົນສຳຄັນ	32
ອັນດຽວ	32
ຖອນ	32
ປະພຶດ	32
ຜິດພາດ	32
ການປະດິດ	32
ອົງຄະ	32
ສ່ອງ	32
ຫົກ	32
ຕົວຫນັງສື	32
ມ້າ	32
ມອງ	32
ນິຍາມ	32
ຂ່ຳ	32
ທ່າມກາງ	32
ບໍ່ເອົາ	32
ນອນເດິກ	32
ມີຄຳວ່າ	32
ຕາງ	32
ທຳມາຫາກິນ	32
ວັນຊາດ	32
ແມ່ນແລ້ວ	31
ເປັດ	31
ກະສິກັມ	31
ບາສ	31
ກະວ່າ	31
ບັງເອີນ	31
ກຸ້ງ	31
ໂມນ	31
ຂວບ	31
ລາອອກ	31
ບ່ອນນີ້	31
ທຸງ	31
ຈອມ	31
ພິພິດທະພັນ	31
ພະນັກ	31
ບໍດີ	31
ປະລິນຍາໂທ	31
ສູ	31
ຖອດຖອນບົດຮຽນ	31
ກ້າວຂຶ້ນ	31
ການປະພຶດ	31
ກະຊັງ	31
ແຈກຢາຍ	31
ເສືອ	31
ປະຊາຊາດ	31
ກຳລັງການຜະລິດ	31
ເຂົ້າເມືອງ	31
ໝັ້ນຄົງ	31
ຖ່ານ	31
ອ້າງວ່າ	31
ຫ້ວຍນ້ຳ	31
ອະນຸບານ	31
ຄູ່ກັນ	31
ການປະຊຸມ	31
ຊັງຕີ	31
ໝາກໄມ້	31
ຂ້ຽວ	31
ເມືອ	31
ທີ່ທຳການ	31
ປາຖະກະຖາ	31
ອິນດູ	31
ສາລະຄະດີ	31
ຫມູນວຽນ	31
ສ່ວນປະກອບ	31
ຫ້ອງຮັບແຂກ	31
ໂດຍສານ	31
ຕະກູນ	31
ເປັນເຫດ	31
ຂາດເຂີນ	31
ປະວັດ	31
ຕູ່	31
ປຽບທຽບ	31
ພໍ່ເຖົ້າ	31
ຊ້ອມ	31
ຊັກຊ້າ	31
ຮີບດ່ວນ	30
ເມດຕາ	30
ສະການ	30
ອາເມຣິກາ	30
ເລື່ອງລາວ	30
ບັນລະຍາຍ	30
ຫມູນ	30
ນັກບິນ	30
ມະຫາກະສັດ	30
ຊາກ	30
ແລງ	30
ຮີບຮ້ອນ	30
ວິສ	30
ຄາວນັ້ນ	30
ຄວາມຊົງຈຳ	30
ອິງ	30
ແທນທີ່	30
ຊອງ	30
ມີຄື	30
ລ້ຽວຂວາ	30
ຕໍ່ໆໄປ	30
ຜູ້ອ່ານ	30
ຖູ	30
ດ້ານການເມືອງ	30
ຢາຍ	30
ອັງ	30
ແວດ	30
ຟາ	30
ຊຶມ	30
ຄວາມຮູ້ທົ່ວໄປ	30
ແບກ	30
ລອນດອນ	30
ເຂົ້າເປືອກ	30
ສາຍທາງ	30
ໄປສົ່ງ	30
ບິດາ	30
ຫນັກແຫນ້ນ	30
ພະຍາກອນ	30
ການລ້ຽງ	30
ສົ່ງກັບ	30
ເງິນຕາ	30
ເຊີງ	30
ປະລະ	30
ລັຍ	30
ນິທານ	30
ຮູບຫລໍ່	30
ຊາວໂລກ	30
ກະເສດ	30
ອໍ	30
ຈາກໄປ	30
ບໍຣິເວນ	30
ລູກລ້ຽງ	30
ເຫື່ອແຮງ	30
ບ່າ	30
ຂອງຈຳ	30
ວິທຍາ	30
ເດັນ	30
ຄາວ	30
ສົນທະນາກັນ	30
ລວຍ	30
ວາປີ	30
ເບາະ	30
ແລ້ວຈຶ່ງ	30
ກັ້ນ	29
ສະໜາມກິລາ	29
ຫລົງ	29
ຫູຫນວກ	29
ປ່ຽນກັນ	29
ທີ່ອາໄສ	29
ໃນໂອກາດທີ່	29
ສະຖາປັດຕະຍະກຳ	29
ກວາ	29
ກິຈ	29
ແງ່	29
ຊັ້ນກາງ	29
ນັນ	29
ຊິບ	29
ແກ້ບັນຫາ	29
ຫມູ່ເພື່ອນ	29
ໂສມ	29
ປາໄສ	29
ສະພາວະ	29
ທ່ວງທັນ	29
ລາມາ	29
ປົ່ງ	29
ລຳວົງ	29
ຢູ່ຫັ້ນ	29
ການຄ້າຂາຍ	29
ຮົງ	29
ຮູບຖ່າຍ	29
ຮ້າງ	29
ງູ	29
ເກັບມ້ຽນ	29
ຄູກັນນ້ຳ	29
ແລ້ງ	29
ກ່ອນໜ້ານີ້	29
ຂັງ	29
ວ່າໄປ	29
ເມືອງໃຫມ່	29
ທະບວງ	29
ຖົ່ວ	29
ຈ່າຍເງິນເດືອນ	29
ຄວາມດັນ	29
ພິງ	29
ປິ່ນ	29
ນຸ່ງ	29
ຮູ້ກັນ	29
ທາງສັງຄົມ	29
ຊົດເຊີຍ	29
ແທນທີ່ຈະ	29
ຜ່າ	29
ເປັນຢູ່	29
ປະດິດ	29
ຫມູ່ບ້ານ	29
ໄດ້ເງິນ	29
ຝັງ	29
ຮ້ານຄ້າ	29
ຮູບແຕ້ມ	29
ວັດທະນະທຳແຫ່ງຊາດ	29
ແຕ່ງກາຍ	29
ຂາດການ	29
ແສງອາທິດ	29
ຝຣັ່ງເສດ	29
ພົມມະ	29
ມ້ຽນມັດ	29
ມຸກດາຫານ	29
ປັຈ	29
ອຸປະຖຳ	29
ວັນເກີດ	29
ຕໍ່ເດືອນ	29
ຂຸ້ນຂ້ຽວ	29
ຂະໜານ	29
ສິດທິພິເສດ	28
ນິກາຍ	28
ເຈນ	28
ຮານ	28
ທະວີ	28
ບໍ່ເຊົາ	28
ບັດນີ້	28
ພົມມະຈັນ	28
ໂງ່	28
ຜ່ອນ	28
ແຊງ	28
ຊົມຊອບ	28
ບອນ	28
ຕ້ອນ	28
ກຸດ	28
ເຄື່ອງຂອງ	28
ຫລ່ຽມ	28
ຄວາມອົດທົນ	28
ວິໄສ	28
ບົງ	28
ບ້ວງ	28
ຊາວເມືອງ	28
ຍາດເອົາ	28
ເກີດເຫດ	28
ສຽວ	28
ອຸດສາ	28
ແສງຈັນ	28
ຊຸມນຸມ	28
ໃບປະກາດ	28
ຫມັ້ນໃຈ	28
ໃຍ	28
ຫນ້ານ້ຳ	28
ຄວາມດີ	28
ເຈັດ	28
ນອນຫລັບ	28
ຜູ້ໂດຍສານ	28
ຂີ້ຄ້ານ	28
ເມັຽ	28
ເມື່ອໃດ	28
ຕັ້ງໄວ້	28
ຊັ້ນຄົນ	28
ຟູ	28
ການເບີກຈ່າຍ	28
ຊາວຕ່າງປະເທດ	28
ເຊື່ອຖື	28
ກຸມ	28
ຕົວແມ່	28
ອະພິ	28
ການນັ່ງ	28
ວອດ	28
ເອເຊັຽ	28
ກ່ອມນອນ	28
ດຳນາ	28
ດົກ	28
ອີດ	28
ບຸກເບີກ	28
ລະບອບປະຊາທິປະໄຕ	28
ສະມັກ	28
ປົດ	27
ເນີ	27
ຂົ້ວ	27
ຂານ	27
ມາໄລ	27
ວ່າຄວາມ	27
ໝາກແຕງ	27
ປະກົດຜົນ	27
ຂຶ້ນລາຄາ	27
ໝົດທຸກຄົນ	27
ຈືດ	27
ຈູບ	27
ໝາກກ້ຽງ	27
ຕິດຕໍ່ກັບ	27
ຊຸກ	27
ຫານໃຫ້	27
ອາສັຍ	27
ເວົ້າກັບ	27
ບໍ່ຂາດ	27
ປອມ	27
ລື	27
ສູງສົ່ງ	27
ຈັ່ງຊັ້ນ	27
ທັມມະ	27
ມໍ່ໆ	27
ຜູ້ນີ້	27
ຄັກ	27
ໃບຫນ້າ	27
ງໍ້	27
ແຮ່ງ	27
ຮ່ອມ	27
ໂດຽສະເພາະ	27
ຊີວິດປະຈຳວັນ	27
ກ່ຽວພັນ	27
ກັງວົນ	27
ສາທິດ	27
ທັນໃດ	27
ໄສ	27
ເວົ້າກັນ	27
ເຮືອຊ່ວງ	27
ທັດສະນະສຶກສາ	27
ແຄມຂອງ	27
ຄວາມເປັນລະບຽບຮຽບຮ້ອຍ	27
ມວນມະນຸດ	27
ລໍ້	27
ເງິນຈຳ	27
ລ້ຽງດູ	27
ຄວາມໝັ້ນຄົງ	27
ແໜ້ນແຟ້ນ	27
ຂວດ	27
ຄົງຄ້າງ	27
ແລ່ນລົດ	27
ບໍ່ແນ່ໃຈ	27
ຍົກເລີກ	27
ຜ່ານແດນ	27
ບໍ່ຜິດ	27
ຈົງ	27
ຫາກິນ	27
ລືກ	27
ຄົວເຮືອນ	27
ລ້ອມ	27
ໄຫມ້	27
ລຶບລ້າງ	27
ຄວບ	27
ຍືນ	27
ພວກມັນ	27
ລ່ຽມ	27
ປະມຸກ	27
ຟືນ	27
ໂຮມກັນ	27
ຢ່າໃຫ້	27
ການາ	27
ບໍ່ພໍໃຈ	27
ຄັກແນ່	27
ພະພຸດ	27
ດວງດາວ	27
ຊຸ	27
ກໍ່ດີ	27
ສັກສິດ	27
ເຫັນເປັນ	27
ແຄວ້ນ	27
ຈຸດອ່ອນ	27
ພະພຸດທະຮູບ	27
ທາງນ້ຳ	27
ເວັ້ນ	27
ສັບພະ	26
ເຄັ່ງຄັດ	26
ປີກໄກ່	26
ລຽນຕິດ	26
ລົ້ມລະລາຍ	26
ຮຸກຮານ	26
ແລ້ວນີ້	26
ຣືກ	26
ທັງນີ້ກໍ່	26
ໃຜໆ	26
ຊອດ	26
ຢືມ	26
ມາດ້ວຍ	26
ປາກຊັນ	26
ກຳມະສິດ	26
ເກີບ	26
ຫາວິທີ	26
ໄພສານ	26
ອີ້	26
ທາງດ້ານການເມືອງ	26
ແມ່ຄ້າ	26
ງອນ	26
ປົງ	26
ດັ່ງຕໍ່ໄປນີ້	26
ກົບ	26
ເອົາຊະນະ	26
ລ້ຳ	26
ນະພາ	26
ຂໍອະນຸຍາດ	26
ສິມ	26
ມີລາຄາ	26
ມຸມ	26
ສີຟ້າ	26
ລີ່	26
ກົ້ນ	26
ເກີ	26
ລົງໂທດ	26
ບຸນປີໃຫມ່	26
ບຸກຄະລິກ	26
ສຸພາສິດ	26
ໜໍ	26
ແກ້ງ	26
ບໍ່ເປັນຫຍັງ	26
ບໍ່ພໍ	26
ເມື່ອເວລາ	26
ບໍຣິການ	26
ຢ່າງຈິງຈັງ	26
ບ້ານເຮືອນ	26
ຫາສູ່	26
ເຊື້ອເຊີນ	26
ຕົວໜັງສື	26
ປັນຍາຊົນ	26
ສຸພາບ	26
ມໍ່	26
ຍາກຈົນ	26
ສະຖານະ	26
ຕໍ	26
ຈ່ອງ	26
ປົນ	26
ຣົດ	26
ເຊັງ	26
ບຶງ	26
ຍອດຢ້ຽມ	26
ຊີກ	26
ທົງ	26
ໂລກນີ້	26
ບັນຫາສຳຄັນ	26
ວັດວາ	26
ວັນພຸດ	26
ມົນທົນ	26
ຍັງຢູ່ໃນ	26
ແຕ່ພຽງ	26
ສັງກາດ	26
ຂຸ້ນ	26
ຍຶດ	26
ພານ	26
ໝູ່ຄູ່	26
ອຸທິດ	26
ຕື່ນເຕັ້ນ	25
ເອື້ອຍນ້ອງ	25
ຕິດກັນ	25
ບ່ອນນັ່ງ	25
ບົວລະບັດ	25
ປະຫວັດການ	25
ຫົວເມືອງ	25
ຂົງ	25
ໄມຕີຈິດ	25
ຫນີ	25
ຄົນໃດ	25
ຄຸນງາມຄວາມດີ	25
ມັກເປັນ	25
ຮູ້ບຸນຄຸນ	25
ກອບກູ້	25
ສັທ	25
ໃນມໍ່ໆນີ້	25
ຈຸດໝາຍ	25
ສະວີ	25
ວິລະ	25
ໄທບ້ານ	25
ເປັນບາດ	25
ລ່ວງ	25
ພິການ	25
ສຸກຂະພາບ	25
ມັດເຂົ້າ	25
ຫລວງນ້ຳທາ	25
ງົບ	25
ຊື່ສຽງ	25
ກະຊວງໂຍທາ	25
ເສັດ	25
ແຕ່ງຕົວ	25
ສາບານ	25
ກ່າວຄຳປາໄສ	25
ໂອ້	25
ຈາກກັນ	25
ລວງຍາວ	25
ພິຈາຣະນາ	25
ຝູງ	25
ແອນ້ອຍ	25
ແລ້ວກັນ	25
ຍິງປືນ	25
ຮົ່ວ	25
ຫາດ	25
ອາບນ້ຳ	25
ຈັກຄົນ	25
ຄະນະວິທະຍາສາດ	25
ພູນ	25
ອຸບັດຕິເຫດ	25
ສົມໃຈ	25
ທຸກຈົນ	25
ນາງງາມ	25
ປ່ອງຢ້ຽມ	25
ໂມ້	25
ທີ່ນອນ	25
ຖາມຂ່າວ	25
ສອງສາມ	25
ອັນນັ້ນ	25
ປະເທດເພື່ອນບ້ານ	25
ການສັນຈອນ	25
ຄວາມເຊື່ອ	25
ທີ່ປະຊຸມ	25
ຕາໜ່າງ	25
ການເຮັດນາ	25
ໃນຣະຍະ	25
ຫລັກຊັບ	25
ທວນຄືນ	25
ຂອມ	25
ສີ້ນ	25
ເປີດບັນຊີ	25
ສາຍນ້ຳ	25
ຫລອກລວງ	25
ຫມັນ	25
ໃນວາລະ	24
ເວລາໃດ	24
ວົນ	24
ພູເຂົາ	24
ເປີດຂຶ້ນ	24
ຕ່າງຊາດ	24
ລີລາ	24
ກໍ່ການ	24
ເມື່ອຍ	24
ບໍ່ພຽງພໍ	24
ມາລະຍາດ	24
ຢ່ອນ	24
ສົມພອນ	24
ເຄື່ອງປ່າຂອງດົງ	24
ເຊບັ້ງໄຟ	24
ເທິງນີ້	24
ແອດ	24
ຫ່າງຈາກ	24
ທິດຕາເວັນຕົກ	24
ຄວນເຮັດ	24
ຄິວ	24
ຂາດຄວາມ	24
ມວນ	24
ສຳເນົາ	24
ບ່າຍ	24
ໃຫ້ໄວ	24
ພິນ	24
ເຈົ້າບ່າວ	24
ໜຸ່ມ	24
ພາບພະຍົນ	24
ລອບ	24
ຂີ້ຕົວະ	24
ເດົາ	24
ໂຊ່ນ	24
ເຊື້ອໄຟ	24
ວັນດີ	24
ເຕີມ	24
ກະຮອກ	24
ເງິນຝາກ	24
ຍຸດ	24
ເຫັນພ້ອມ	24
ເຈັບປວດ	24
ດ່າງ	24
ຕາມໃຈ	24
ແມນ	24
ສຽນ	24
ຄຳແປ	24
ຄົງເປັນ	24
ຕັກເຕືອນ	24
ເປີ	24
ເຊໂປນ	24
ລຶກ	24
ການຕິດຕໍ່	24
ນາຄ	24
ຢ່າງແທ້ຈິງ	24
ຮູ້ເລື່ອງ	24
ແຊກ	24
ຄອກ	24
ຈັກກະວານ	24
ຕົ້ນຫຍ້າ	24
ຕົວຜູ້	24
ຂໍທານ	24
ຜູ້ຈັດການ	24
ເຮັດຕາມ	24
ຖນົນ	24
ອາຄົມ	24
ບານບ້ວງ	24
ນາງແບບ	24
ເຮັດບຸນ	24
ກອດ	24
ໃນຂະນະນີ້	24
ປະວາຣະນາ	24
ລົດລົງ	24
ທັກທາຍ	24
ບົດເພງ	24
ເປັນການດີ	24
ສອບ	24
ໃນໂລກນີ້	24
ໝາກໄຂ່ຫລັງ	24
ທຳໃຫ້	24
ທັງຫມົດນີ້	24
ກຳໄລ	24
ພັນທະມິດ	24
ລູມານີ	24
ຄາທີ່	24
ມີເຫດຜົນ	24
ທີ່ຊາວ	24
ຂ້າງໜ້າ	24
ຍິງສາວ	24
ທູຕານຸທູດ	23
ກະເສດສາດ	23
ກະສຽນອາຍຸ	23
ສົມຫວັງ	23
ຄວາມຜິດພາດ	23
ສັດຕະ	23
ກາກ	23
ອ່ອນແອ	23
ແດດ	23
ຢຸດການ	23
ສະໝອນ	23
ກາວ	23
ພູໄຟ	23
ຕີ້	23
ການຕັດສິນໃຈ	23
ພວກເຈົ້າ	23
ຮັບແຂກ	23
ສະໜາມບິນ	23
ຂົ່ມຂູ່	23
ແພ້ທ້ອງ	23
ພໍ້	23
ວິທຍຸ	23
ນາມາ	23
ນີ້ແຫລະ	23
ຕ້ານທານ	23
ແຜນທີ່	23
ການພິມ	23
ມື້ອື່ນ	23
ເລຂານຸການ	23
ຈາກບ້ານ	23
ກະຕ່າ	23
ກີ້	23
ຂວັນໃຈ	23
ຂໍອະໄພ	23
ຫວນ	23
ໜາຍ	23
ຫນັກຫນ່ວງ	23
ໜີ້ສິນ	23
ເປັນມິດ	23
ສົງການ	23
ຄະນະກະ	23
ທິວທັດ	23
ສະຕິລະວັງຕົວ	23
ໄອຍະການ	23
ພຽງໃດ	23
ໄປຊອກ	23
ຂວັນ	23
ເສລີພາບ	23
ເຫລັ້ມ	23
ຊະເລີຍເສິກ	23
ກວດເບິ່ງ	23
ກວັນ	23
ລາການ	23
ຖວາຍ	23
ພາສາຕ່າງປະເທດ	23
ລະນະ	23
ຜແນກ	23
ສະເໝີພາບ	23
ອ່ານຫນັງສື	23
ຕຸ້ຍ	23
ຄະນະປະຈຳ	23
ນັກຂຽນ	23
ຫົວຄິດປະດິດສ້າງ	23
ເປັນເອກະສັນ	23
ທີ່ນັ້ນ	23
ຜູ້ປົກຄອງ	23
ຂັ້ນໄດ	23
ເປັນຄູ່	23
ອະນຸສອນ	23
ສ່ວນສຳຄັນ	23
ຈັ່ງແມ່ນ	23
ເກັດ	23
ວົງເງິນ	23
ແນະ	23
ສຸຂ	23
ພົ້ນຈາກ	23
ປະມູນ	23
ເຊິງ	23
ຫ້ອງຮຽນ	23
ຖອນອອກ	23
ຫາຍຕົວ	23
ນ້ຳກ້ອນ	23
ມາຢາມ	23
ໂຄງຮ່າງ	23
ສ້າງຕົວ	23
ລ້ຳຄ່າ	23
ນ້ອຍລົງ	23
ສຸດຂີດ	23
ຖອນເງິນ	22
ວັນພະຫັດ	22
ມານດາ	22
ເພ	22
ຫມັ່ນ	22
ຖຽງກັນ	22
ໃຕ້ດິນ	22
ໂຮ	22
ພາກນີ້	22
ສະແຫວງຫາ	22
ຄວາມລັບ	22
ຟາດ	22
ຍຸດທະ	22
ປະນາມ	22
ລຽງ	22
ວັດທະນະ	22
ໄດ້ຮັບຜົນດີ	22
ເງິນກີບ	22
ແນມ	22
ວັນເກີດຂອງ	22
ເດັ່ນຊັດ	22
ວັນນະຍຸດ	22
ຝ້າຍ	22
ດັ່ງລຸ່ມນີ້	22
ບັງເກີດ	22
ອະທິ	22
ໄວ້ໃຈ	22
ອຽນ	22
ຄົນກາງ	22
ບັນທຸກ	22
ຄວາມຄຶດ	22
ຄູບາ	22
ເຮື້ອງ	22
ໃສ່ໃຈ	22
ດວງຕາ	22
ດີປີ	22
ອຸດົມການ	22
ນີ່	22
ຂ່າວຕ່າງປະເທດ	22
ທຸກເທື່ອ	22
ສຸວັນ	22
ປານກາງ	22
ໄນ	22
ສຳນັກງານໃຫຍ່	22
ປາກກາ	22
ມີອິດທິພົນ	22
ສຳລິດ	22
ອັນວ່າ	22
ບຸກບືນ	22
ຈັ່ງຊີ້	22
ກະຕິກາ	22
ໂກ້	22
ລະງັບ	22
ເພື່ອນບ້ານ	22
ເທີ	22
ກົລ	22
ຕະຫລົກ	22
ເກັງ	22
ຮ່ອງຮອຍ	22
ຜືນ	22
ອາຫານສັດ	22
ນັກຮົບ	22
ປືນ	22
ດື່ມເຫລົ້າ	22
ກິນໄດ້	22
ໝາກເຜັດ	22
ຕ່ອມ	22
ທາຍ	22
ກະເພາະ	22
ອຸບາຍ	22
ລຸເຖິງ	22
ເທດສະບານ	22
ກວ້າງໃຫຍ່	22
ເຈັບເປັນ	22
ຄຳໃບ	22
ບາງບ່ອນ	22
ຈີ້	22
ສິຣິ	22
ໄມ້ສັກ	22
ຄວາມຖືກຕ້ອງ	22
ສະກັດ	22
ຮູບຊົງ	22
ຖົມ	22
ແຕ່ລະຂັ້ນ	22
ແພ່	22
ໂພສີ	22
ເຕົ້ານົມ	22
ສາຍເລືອດ	22
ເຫດໃດ	22
ທາງຜ່ານ	22
ຮັບມື	22
ແກ່ງ	22
ແຜງ	22
ບໍ່ເທົ່າໃດ	22
ເມືອງຫລວງ	22
ຢຽດ	22
ແຊ່	22
ຄູສອນ	22
ປຽນ	22
ເຜືອກ	22
ຄະນະປະຈຳພັກ	22
ພິບ	21
ແນບ	21
ພຍາຍາມ	21
ເຂົ້າທ່າ	21
ສັກດາ	21
ຫມັ້ນຄົງ	21
ຕື່ນຕົວ	21
ສອບສວນ	21
ທັບ	21
ລຳນ້ຳ	21
ເສັງໄດ້	21
ຄຶກຄື້ນ	21
ເງິນທຶນ	21
ສີດ	21
ຄຳຫຍໍ້	21
ເຊີນຊວນ	21
ທຳຮ້າຍ	21
ຍຸດຕິ	21
ປະກັນໄພ	21
ຫລານ	21
ຄຳນຶງ	21
ຄົນໃຫມ່	21
ແຫ້ງແລ້ງ	21
ຄືນມາ	21
ຫິນ	21
ຫົວທີ	21
ເພາະສະນັ້ນ	21
ຖະແຫລງການ	21
ມະຫະກຳ	21
ມຸດ	21
ວິວັດທະນາການ	21
ຊັ່ນ	21
ຝະລັ່ງ	21
ປາດ	21
ທາງບົກ	21
ຕາມເຄີຍ	21
ດ້າມ	21
ປ້ຳ	21
ຖ້າບໍ່ດັ່ງນັ້ນ	21
ການຫລິ້ນ	21
ກຳນົດການ	21
ສິ້ນເປືອງ	21
ເມີນ	21
ຮ່ວມປະຊຸມ	21
ຄຳຮ້ອງຂໍ	21
ສີສັດຕະນາກ	21
ສຸສານ	21
ຫວັດ	21
ທິດາ	21
ແຄ	21
ບັນຍັດ	21
ເວດ	21
ຕາມທາງ	21
ຫລັ່ງ	21
ຖືກຕີ	21
ການວິເຄາະ	21
ເປັນນ້ຳ	21
ປ່ຽນແປງໄປ	21
ຂ້າມນ້ຳ	21
ແຮງຂຶ້ນ	21
ສຽວສະຫວາດ	21
ສະແຫວງ	21
ຊາວພຸດ	21
ຍ່ຽວ	21
ລ່ວງໜ້າ	21
ຊາງ	21
ມົງໂກ	21
ຫມາກໄມ້	21
ຂ່າ	21
ດັກ	21
ວ່າຊັ້ນ	21
ຄ່າສູງ	21
ສັດຈະ	21
ສາວະ	21
ແມວ	21
ທຸກເວລາ	21
ຟານ	21
ເປັນທຳ	21
ຊື້ຂາຍ	21
ໂປ່ງ	21
ກັບຄືນມາ	21
ແລ່ນໄປ	21
ກະຕໍ້	21
ຄົນຂັບລົດ	21
ກິນນ້ຳ	21
ຮັບຊື້	21
ອິນໂດຈີນ	21
ຄົນເຂົ້າເມືອງ	21
ເສື່ອມ	21
ປາວ	21
ເປັນທ່າ	21
ຮູ້ດີ	21
ປະໄວ້	21
ໂຊນ	21
ປົກຄຸມ	21
ທະບຽນ	21
ຊູນ	21
ວັນນະ	21
ເປັນລະບຽບ	21
ຊໍ	21
ເອົາແນວ	21
ພານຸ	21
ບວດ	21
ເຕີບ	21
ການຍ່າງ	21
ຍ້ອງ	21
ຜາສາດ	21
ຈັນຍາ	21
ເປັນພາກ	21
ເໝາະ	21
ຕີເບດ	21
ຫມີ	21
ນິຕິບັນຍັດ	21
ຈາງ	21
ທິດຕາເວັນອອກ	20
ສາບສູນ	20
ເມືອງຈີນ	20
ຢອດ	20
ຈິນຕະນາການ	20
ວິຕົກ	20
ເຖິງເວລາ	20
ຄາບ	20
ຮຽບ	20
ບໍ່ຈຳກັດ	20
ມົວ	20
ຮຸນ	20
ທັງປະເທດ	20
ພາຄະ	20
ອຸທົກກະໄພ	20
ປອງ	20
ໂຄມໄຟ	20
ບໍ່ຕ້ອງການ	20
ເງົາ	20
ກັ່ນ	20
ຫຍາບ	20
ລັດຕະນະ	20
ມາຈົນ	20
ຕາມຫລັງ	20
ຊາວສວນ	20
ປູກຢາ	20
ນິຕິ	20
ຈ້າວ	20
ວານ	20
ເສີຍ	20
ສວັດ	20
ມາດົນແລ້ວ	20
ໝູນ	20
ຈົກ	20
ເອິກ	20
ຍິນດີຕ້ອນຮັບ	20
ເກ	20
ອາບ	20
ຜັກທຽມ	20
ລົງຈາກ	20
ກາລີ	20
ຄົບກັນ	20
ເດີນຫນ້າ	20
ການຄາດຄະເນ	20
ຈຳຂອງ	20
ມອບໝາຍ	20
ໃຜລາວ	20
ທີ່ນິຍົມ	20
ພະຈັນ	20
ຂ້າງຫນ້າ	20
ໃຜຮູ້	20
ສົດຊື່ນ	20
ຢາຂ້າ	20
ເຄັມ	20
ວຽກການ	20
ທຸ	20
ຄວາມຊ່ວຍເຫລືອ	20
ໝາກກ້ວຍ	20
ລ່ອງ	20
ທ້ອງຟ້າ	20
ໂພງ	20
ທ້ອນໂຮມ	20
ມຸ້ງ	20
ຍານິ	20
ແຄບ	20
ກຸມມານ	20
ຄົນຕ່າງດ້າວ	20
ປະລິນຍາ	20
ໝູນວຽນ	20
ຮັບໜ້າ	20
ການອອກກຳລັງ	20
ແກ່ຍາວ	20
ຖອກທ້ອງ	20
ມີອາຊີບ	20
ຊ້ອງໜ້າ	20
ທຸມ	20
ປະທານກອງປະຊຸມ	20
ໂກນ	20
ຍ່ານ	20
ໄດ້ຍິນສຽງ	20
ເຊັດ	20
ພົດ	20
ສັດຊະ	20
ຫາງສຽງ	20
ໄປຫລິ້ນ	20
ຫວຍ	20
ລິຂະສິດ	20
ຄວາມກົດດັນ	20
ນັກປາດ	20
ມະຫາສະໝຸດ	20
ປະມຸກລັດ	20
ວັດທະນະທັມ	20
ເຂົ້ານອນ	20
ເກືອບຈະ	20
ຍິ່ງຂຶ້ນ	20
ຂຶ້ນສູງ	20
ອະເມຣິກາ	20
ກະບອກ	20
ຕໍ່ອີກ	20
ມະນຸສ	20
ພວກເພິ່ນ	20
ຈົ່ງໄດ້	20
ຄອບຄອງ	20
ນ້ຳຕົກຕາດ	20
ແກະ	20
ອະທິປະໄຕ	20
ພືດພັນ	20
ພິທັກ	20
ເວນ	20
ສັຕ	20
ທັງໂລກ	20
ເທັກນິກ	20
ຂະບວນວິວັດ	20
ຊັດ	20
ແມ້	20
ທ້ອນ	19
ສວດມົນ	19
ແພດສາດ	19
ເປີດອອກ	19
ສຸໂຂ	19
ຣົຖໄຟ	19
ຝົນຕົກໜັກ	19
ກົມປ່າໄມ້	19
ລວດລາຍ	19
ວໍຣະ	19
ພັນສາ	19
ລູບ	19
ນິເວດ	19
ຊອຍ	19
ສະເດັດ	19
ປອກ	19
ເວົ້າຈາ	19
ໝອງ	19
ທະນາສາ	19
ໂກສ	19
ອົງການສະຫະປະຊາຊາດ	19
ກັກ	19
ຂຸມ	19
ແວ່	19
ອອນຊອນ	19
ໃນທ່າມກາງ	19
ຫວ່າງມໍ່ໆນີ້	19
ຄຳເຊີນ	19
ດູດດຶງ	19
ເປັນພິດ	19
ການຟັງ	19
ຖືກໃຈ	19
ຜູກ	19
ໃຫ້ອະໄພ	19
ປະດິດສະຖານ	19
ທັກສິນ	19
ໂຮງຮຽນອະນຸບານ	19
ແມງ	19
ພັບ	19
ວັທນະ	19
ທົ່ງຫຍ້າ	19
ທ່າທາງ	19
ແນ່ໃຈ	19
ຢັ້ງ	19
ດຸໝັ່ນ	19
ຂັນເງິນ	19
ອີ່ຫຍັງ	19
ວາງແຜນການ	19
ກຳແພງນະຄອນ	19
ປັນຫາ	19
ມາເລົ່າ	19
ວິຊາຊີບ	19
ໄວ້ທຸກ	19
ອິຕາລີ	19
ກັມມະກອນ	19
ກອງບັນຊາການ	19
ຄົນເຮັດ	19
ໄຖ	19
ເມັກ	19
ຢືນຢູ່	19
ຮ່ວງ	19
ອີກທັງ	19
ຫມານ	19
ພະຍຸ	19
ຜີວ	19
ນ້ຳທະເລ	19
ຖັນແຖວ	19
ໃບລານ	19
ອ່ອນໂຍນ	19
ຂໍ້ສະເໜີ	19
ກັບເຂົ້າ	19
ລິ້ນ	19
ໃບໄມ້	19
ກັນໄວ້	19
ຕອນຕົ້ນ	19
ຫນ່າງ	19
ບ່ອນອື່ນ	19
ຄ່ອງແຄ້ວ	19
ຈອງ	19
ດູໝິ່ນ	19
ນ້ຳນອງ	19
ຈຳພວກ	19
ສະໜິດ	19
ເໝົາ	19
ໂຕ່ງ	19
ພິຈິດ	19
ດ້ານສັງຄົມ	19
ຫົດສົງ	19
ກົວ	19
ຮູ້ເຖິງ	19
ເຫັນດີນຳ	19
ຫາສິ່ງ	19
ເຊື່ອໝັ້ນ	19
ນ້ອງສາວ	19
ຊາຕາ	19
ປະສູດ	19
ຮັ່ງ	19
ຮັບຄຳ	19
ຄູ່ມື	19
ໂຄກ	19
ບາງສິ່ງ	19
ເລັງ	19
ລາບ	19
ຟັງໄດ້	19
ອຸ່ນ	19
ຕາມພາສາ	19
ຫັດ	19
ດວງໃຈ	19
ລື້ງ	19
ປັ່ນ	19
ຜູ້ສາວ	19
ແປ້ງ	19
ແຫນ້ນ	19
ກວາງຊີ	19
ໂວ	19
ເກັບເອົາ	19
ຂັດຂວາງ	18
ໄດ້ຮັບຂ່າວ	18
ອອກເດີນທາງ	18
ຜັດປ່ຽນ	18
ຂົ່ມ	18
ນ້ຳໄຫລ	18
ຖົ່ວດິນ	18
ດຳເນີນຄະດີ	18
ເຮື້ອ	18
ຊິ້ນ	18
ອຸດສາຫະກັມ	18
ເຄຫະສະຖານ	18
ຜາບແພ້	18
ຊົກ	18
ວິລະຊົນ	18
ຄຸກ	18
ທຳນຽມ	18
ມີສິນ	18
ຫາງ	18
ບຸນຊ່ວງເຮືອ	18
ໃຫ້ລາຄາ	18
ກາບກອນ	18
ເຊີແນວ	18
ມີວິຊາ	18
ເປັນດອກ	18
ອະນຸເຄາະ	18
ຂໍເຊີນ	18
ການຄົ້ນຫາ	18
ຫໍພັກ	18
ສີ້ນສຸດ	18
ສຽງເຫນືອ	18
ເກ່ງ	18
ນອນເວັນ	18
ຈຳພັນສາ	18
ເລັນ	18
ເປັນເຫດໃຫ້	18
ຄ່າທຳນຽມ	18
ຄຸນປະໂຫຍດ	18
ບໍ່ນັບ	18
ຄຳຮຽກຮ້ອງ	18
ຕັ້ງຄຳຖາມ	18
ກອກ	18
ນັ້ນແຫລະ	18
ວົງດົນຕີ	18
ສະແດງຄວາມຍິນດີ	18
ເຫັນນຳ	18
ການບັນຊີ	18
ໃບຂັບຂີ່	18
ກ້າຫານ	18
ດີເລີດ	18
ລ່ວງຫນ້າ	18
ຊົນລະ	18
ທຶນນິຍົມ	18
ເອີ່ຍ	18
ຫລາຍຄວາມ	18
ສາຍລົມ	18
ດ້ວຍເຫດນີ້	18
ໝ້າຍ	18
ຄົງຢູ່	18
ບໍ່ຈັກ	18
ອັດສະ	18
ຢອກ	18
ວັນອັງຄານ	18
ເປັນເດືອນ	18
ໂທລະທັດ	18
ຊຳນານ	18
ຍົກຍ້ອງ	18
ອອກຊື່	18
ສາມປີ	18
ກັບເມືອ	18
ພິທີການ	18
ຢືດ	18
ດອງ	18
ຮອດເວລາ	18
ເອຢິບ	18
ສາຍໄຟຟ້າ	18
ໂສດ	18
ລຳໄສ້	18
ນິລະ	18
ຄະນະລັດຖະບານ	18
ສົ່ງສານ	18
ເບີກບານ	18
ຫ້າງຫາ	18
ຄົງໄດ້	18
ທຳຜິດ	18
ຕອງ	18
ແນວຄວາມຄິດ	18
ໂກງ	18
ຂະເໝນ	18
ທີ່ຕ່ຳ	18
ຈຳເພາະ	18
ຄຳພີ	18
ທີ່ປະຕູ	18
ເປັນຂ່າວ	18
ກະຊວງປ້ອງກັນປະເທດ	18
ເປັນອົງການ	18
ຫລີກເວັ້ນ	18
ກາຍຍະ	18
ທາງດຽວ	18
ກວ່າຈະ	18
ມີໃຈ	18
ໃສ່ນ້ຳ	18
ປົວຕາ	18
ຍ້ອນຫຍັງ	18
ສັດຕະວະແພດ	18
ໝັ່ນ	18
ເຕັມສ່ວນ	18
ຊັບຊ້ອນ	18
ວ່າແລ້ວ	18
ພະນົມເປັນ	18
ພະຍາບານ	18
ເຂົ້າປະກວດ	18
ເປືອກ	18
ບໍ່ຕ່ຳກວ່າ	18
ຕໍ່ວ່າ	17
ຈຸດໜັກ	17
ຜູ້ບ່າວ	17
ກໍເຂົ້າ	17
ລັງສີ	17
ພູມລຳເນົາ	17
ກາງເວັນ	17
ຮັກສາຄວາມປອດໄພ	17
ຫາບ	17
ເປັນສ່ວນໃຫຍ່	17
ເຂົ້າຂອງ	17
ຢ້ານກົວ	17
ຄ້າປະເວນີ	17
ກີດ	17
ເສັ້ນຜົມ	17
ໝາກງາ	17
ຮ້ອງໄຫ້	17
ອຳນາດອະທິປະໄຕ	17
ໂລງ	17
ສານສູງສຸດ	17
ສາຂາວິຊາ	17
ກົມປູກຝັງ	17
ກາສີ	17
ການລ້ຽງປາ	17
ສະຕັນ	17
ນາຍຈ້າງ	17
ສຳເຣັດ	17
ພາກຮຽນ	17
ຢ່າງໃດກໍດີ	17
ປົກຄອງຕົນເອງ	17
ມິຕິ	17
ຫລອກ	17
ສອງຕໍ່ສອງ	17
ທຳມະນູນ	17
ຊາມ	17
ອ່າງເກັບນ້ຳ	17
ຫາກວ່າ	17
ດູດນ້ຳ	17
ສະບາຍໃຈ	17
ຊຸດໂຊມ	17
ເຊັ່ນນັ້ນ	17
ອັດຕະໂນມັດ	17
ເກັ່ງກ້າ	17
ທົ່ວເຖິງກັນ	17
ສົມພົງ	17
ສັ້ນໆ	17
ຍານອະວະກາດ	17
ພັນລະນາ	17
ຟັດ	17
ສະຫງ່າລາສີ	17
ສູບນ້ຳ	17
ບຽດ	17
ສະໂນ	17
ສ້າງຜົນງານ	17
ແຕ່ນ້ອຍ	17
ຕິ່ງ	17
ທອງຄຳ	17
ຍົກຕົວຢ່າງ	17
ປາດສະຈາກ	17
ກາງເມືອງ	17
ເສັຽ	17
ປາດຖະໜາ	17
ອຸຍ	17
ພໍໄດ້	17
ຍະສະ	17
ພິຊິດ	17
ການຊື້ຂາຍ	17
ໃຊ້ກຳ	17
ຕັ່ງ	17
ໝຸນ	17
ຈິດຕະ	17
ສະພາສູງ	17
ຫົວຂວັນ	17
ບັນຊາ	17
ຟັງສຽງ	17
ຍັງຢູ່	17
ຫັຖ	17
ຈ້ອງ	17
ບັນເທົາທຸກ	17
ທຳບຸນ	17
ສົມເຫດສົມຜົນ	17
ລະກຳ	17
ຂະຫຍາຍຄວາມ	17
ເປັນພວກ	17
ຮວບຮວມ	17
ພົນທະຫານ	17
ໄມ້ເປັນ	17
ລຸກຂຶ້ນ	17
ສະຫຍາມ	17
ແອບອ້າງ	17
ແຖບຜ້າ	17
ລະບຳ	17
ນານາ	17
ສົມມຸດ	17
ປະລາໄຊ	17
ສະໝ່ຳສະເໝີ	17
ລະບົບການສຶກສາ	17
ວິເສດ	17
ບ້ານເກີດເມືອງນອນ	17
ສາມແຍກ	17
ເຫັນໃຈ	17
ໂປ້	17
ເກືອບບໍ່	17
ນ້ຳຊາ	17
ຄີງ	17
ບໍ່ມີເງິນ	17
ພົລ	17
ຖິ່ນຖານ	17
ຫາຍາກ	17
ແທດ	17
ຕໍ່ໆ	17
ກະດິງ	17
ປຸຍ	17
ມະໂຫສົດ	17
ຫມາ	17
ປະທັບ	17
ງັນ	17
ຖາງ	17
ພາຍໃຕ້ການນຳພາ	17
ພຸດທະອົງ	17
ເລືອດສູງ	17
ຝືນ	17
ອີກຕໍ່ໄປ	17
ພັນປີ	17
ໄດ້ຊື່	17
ກາງທາງ	17
ເຮ	17
ຂີ້ລັກ	17
ຄວາມກ້າວໜ້າ	17
ພາກປະຕິບັດ	17
ເປັນເພື່ອນ	17
ໂຮມຄວາມ	17
ໄປຢາມ	17
ວິນຍານ	17
ຖອດ	17
ຝາຍ	17
ບຸກລຸກ	17
ຢັ່ງ	17
ອອກຜົນ	17
ບ່ອນເຮັດວຽກ	16
ຜູ້ສົ່ງ	16
ຄຸມພະ	16
ໄຕ່	16
ຫລິນ	16
ສະພາມະຫາວິທະຍາໄລ	16
ຕ້ອງຖືກ	16
ມະໂນ	16
ກາແດງ	16
ຜິວຫນັງ	16
ຈະເລີນຮຸ່ງເຮືອງ	16
ບໍ່ເກີດ	16
ຕອນກາງຄືນ	16
ລຶບ	16
ນາຍບ້ານ	16
ເຜິ້ງ	16
ຢູ່ຫ່າງ	16
ຂ່າວດີ	16
ຊີບ	16
ສົ້ນຕີນ	16
ຄືນນີ້	16
ລະຍະ	16
ໜ່ວຍພັກ	16
ຈັກໜ້ອຍ	16
ຄັ່ງ	16
ງອກ	16
ຕ່າວ	16
ວິທະຍາຄານ	16
ຕາມປົກກະຕິ	16
ຂອນ	16
ເຊື້ອໂລກ	16
ຫນານ	16
ທໍ	16
ຕອບໂຕ້	16
ເຮືອຍາວ	16
ຂໍຮ້ອງ	16
ເສື້ອຜ້າ	16
ເຈດຕະນາ	16
ບໍ່ຈື່	16
ເຊືອກ	16
ບວມ	16
ປູກຜັກ	16
ໂຕນັ້ນ	16
ນາຍຊ່າງ	16
ຖ້ວຍ	16
ທີ່ຢູ່ອາໄສ	16
ຊົ້ງ	16
ຂະໂມຍ	16
ກະສັດ	16
ຄຽດ	16
ແຕ່ຕົ້ນ	16
ສົງຄາມໂລກຄັ້ງທີ່ສອງ	16
ແນ	16
ດົນເຕີບ	16
ແມ່ລ້ຽງ	16
ວິໄຊ	16
ແຕງ	16
ອົມ	16
ຫາເງິນ	16
ໂລຫະ	16
ອຳນາດການປົກຄອງທ້ອງຖິ່ນ	16
ຕອນໃດ	16
ເຟືອງ	16
ນ້ຳໃຈຮັກຊາດ	16
ກິ່ນຫອມ	16
ຂໍ້ຂ້ອງໃຈ	16
ຜົງ	16
ສມັກໃຈ	16
ວັນເວລາ	16
ເລືອດອອກ	16
ຄ່າແຮງ	16
ສາທາລະນະລັດປະຊາຊົນ	16
ຄຳຮ້ອງ	16
ຫວ່າ	16
ບາບ	16
ບຳບັດ	16
ເຫລືອງ	16
ໄດ້ປຽບ	16
ແຕ່ເນື່ອງຈາກ	16
ນຶກ	16
ຜູ້ມີອຳນາດເຕັມ	16
ຮຽງ	16
ທະນະບັດ	16
ວິຈານ	16
ປານນັ້ນ	16
ບໍ່ປ່ຽນແປງ	16
ລື້	16
ເກົາ	16
ກະຣຸນາ	16
ໂອກາດການ	16
ໜີບ	16
ຈຳລອງ	16
ເຈດີ	16
ຂົນຂວາຍ	16
ຫນາວ	16
ເຮັດແນວໃດໃຫ້	16
ຄືນໄປ	16
ໄມ້ໄຜ່	16
ການອະນາໄມ	16
ແຄມນ້ຳ	16
ສິລິ	16
ເພີງ	16
ກັບເຮືອນ	16
ນຳທາງ	16
ສາມຢ່າງ	16
ພໍແລ້ວ	16
ພານິດ	16
ປານະ	16
ຫມົດແລ້ວ	16
ບົວລະພາ	16
ຕໍ່ໄປນີ້	16
ກຳນົດເວລາ	16
ພໍ່ລ້ຽງ	16
ນອງ	16
ຍາກລຳບາກ	16
ວຸດ	16
ອິດສາ	16
ລູກເຕົ້າ	16
ສໍ	16
ບາງຈຸດ	16
ສະພາການຄ້າ	16
ຍັດ	16
ຫລາຍໃຈ	16
ມີຊັບ	16
ທາງຫນ້າ	16
ສັງຂານລ່ວງ	16
ຂີດໝາຍ	16
ຈີບ	16
ຕອນປາຍ	16
ຕົ້ນສະບັບ	16
ໄດ້ຜົນດີ	16
ແຍກອອກ	16
ແລ້ວໄປ	16
ອາຫານເຊົ້າ	16
ຮູບປະທຳ	16
ອາລິ	16
ເວົ້າຕໍ່	16
ຂໍ້ນີ້	16
ຊັ້ນໃນ	16
ບົ່ງໄວ້	16
ຕີພິມ	16
ຕິດແທດ	16
ໝາກເດື່ອ	16
ນັກອະວະກາດ	16
ຕອກ	16
ກົ່ວ	16
ຍືນນານ	16
ຮົ່ມ	16
ຈັ່ງ	15
ຄວາມແຮງ	15
ເບີກ	15
ຄູ່ຮັກ	15
ເຂີນ	15
ໜຽວ	15
ວິໄນ	15
ວິຣະ	15
ພິດສະໄໝ	15
ເກງ	15
ຊະນາ	15
ເປີດປ້າຍ	15
ແບບເສື້ອ	15
ລຳດັບ	15
ຄວາມຊື່	15
ຜ່າຄວາມ	15
ເອົາຈິງເອົາຈັງ	15
ຮາງ	15
ເອີ້	15
ແຍ່ງ	15
ແກງ	15
ສຳຄັນຍິ່ງ	15
ທາງໃດ	15
ສູງອາຍຸ	15
ເລັບ	15
ມຶນເມົາ	15
ເທົ້າ	15
ແຝງ	15
ແມ່ຮ້າງ	15
ຕຳລາ	15
ປາມ	15
ມົງ	15
ບັ້ນປາຍ	15
ນັກບວດ	15
ຍອມໃຫ້	15
ອໍ້	15
ໝາກຖົ່ວ	15
ເໝືອນກັນ	15
ຄວາມບໍລິສຸດ	15
ຄັ້ງກ່ອນ	15
ຈີ່ນາຍ	15
ໂປ່ມ	15
ອັດສະຈັນ	15
ບວນ	15
ຂຸນ	15
ເນີ້	15
ທິດໃຕ້	15
ຊ້າງເຜືອກ	15
ໂທຣະທັດ	15
ຊ່ານ	15
ເບື້ອງຊ້າຍ	15
ຕ້ອງໂທດ	15
ເຊື່ອມຊຶມ	15
ສະດີ	15
ຜູ້ເຖົ້າ	15
ຄົນໃຊ້	15
ສັບຊ້ອນ	15
ຄຸ້ນເຄີຍ	15
ສະນິກະ	15
ຫິມະ	15
ແວ	15
ສົງໄສວ່າ	15
ແບນຊິກ	15
ຕົ່ງ	15
ບ່າວ	15
ເປີດພິທີ	15
ແປກປະຫລາດ	15
ກົດເກນ	15
ສ່ວນໂຕ	15
ເຖິງຢ່າງໃດກໍ່ຕາມ	15
ນົວ	15
ຢຸກຢາ	15
ເຕົ້າ	15
ເລກທີ່	15
ກວາດ	15
ແຄມທາງ	15
ອາຍຸຍືນ	15
ລໍ່	15
ໃສສະອາດ	15
ເສິກ	15
ເຫຍື່ອ	15
ດາດ	15
ເຈົ້ານາຍ	15
ການແຕ້ມ	15
ຄູ່ແຂ່ງ	15
ຍານພາຫະນະ	15
ເປັນລຳດັບ	15
ເໜາະ	15
ສັ່ນສະເທືອນ	15
ດຳເນີນຊີວິດ	15
ນັກງານ	15
ຄຳອວຍພອນ	15
ຕະເວັນ	15
ປ່າຫິມະພານ	15
ການປະມູນ	15
ເບົາຫວານ	15
ລຳລຽງ	15
ສນັ້ນ	15
ໝາຍເຫດ	15
ເປົາ	15
ຄືຈະ	15
ການບັນທຶກ	15
ຫລືຍັງ	15
ຍູ	15
ມ້ວນທ້າຍ	15
ລູກສອນ	15
ບໍ່ສະດວກ	15
ໂຍນ	15
ເຄື່ອນທີ່ໄປ	15
ໂຮນລັງ	15
ທາງລຸ່ມ	15
ຫົດ	15
ໃນສະເພາະໜ້າ	15
ໝົດທຸກ	15
ວຸດທິ	15
ປະກາດໃຊ້	15
ເຄື່ອງດື່ມ	15
ຮັບນ້ຳ	15
ນອນແລ້ວ	15
ເພື່ອວ່າ	15
ບອບ	15
ຫາມາ	15
ແອກ	15
ຝົນຕົກຫນັກ	15
ສ່ວນວ່າ	15
ທະນົງສັກ	15
ລົມພັດ	15
ເຂົ້າໃຈຜິດ	15
ມີດ	15
ວ່າດີ	15
ຫຍັບ	15
ຄວັດ	15
ທະນູ	15
ປະມວນ	15
ການບູຊາ	15
ນ້າ	15
ສີນວນ	15
ຫັນໜ້າ	15
ເຖິງແກ່	15
ແໜງ	15
ຄວາມຢ້ານກົວ	15
ເຊື້ອຊາດ	15
ຫວນຄືນ	15
ຫຸ່ນຍົນ	15
ແຍ່ງກັນ	15
ຟັນ	15
ຫມູ່ຄູ່	15
ເຫລົ່າ	15
ສົມມຸດວ່າ	15
ປ່ອຍປະ	15
ຖະແຫລງ	15
ເຂດແດນ	15
ສາມສິບ	15
ຢູ່ກິນ	15
ສອນໃຫຍ່	15
ລາສີ	15
ພະລາ	15
ປ່ຽນແທນ	15
ຍີ່	15
ນັບມື້ນັບຫລາຍ	15
ຂັ້ນຕົ້ນ	15
ຄົນຮູ້	15
ກິນເຫລົ້າ	15
ອຸບົນ	15
ເຫລວແຫລກ	14
ຜິດກັນ	14
ຈໍ່	14
ພາບຖ່າຍ	14
ລະດູບານໃໝ່	14
ຄວາມເຂົ້າໃຈກັນ	14
ທໍ່ນີ້	14
ທ້າ	14
ຈົມ	14
ພາວ	14
ເຫື່ອ	14
ພັດມາ	14
ເລື່ອນລອຍ	14
ບຸນຄຸນ	14
ແດກ	14
ອາລົມດີ	14
ກະສິນ	14
ຢາງລົດ	14
ຍາມຫນາວ	14
ບ່ອນນັ້ນ	14
ເກັບພາສີ	14
ພະເອກ	14
ສັດໃຫຍ່	14
ເຄື່ອ	14
ກັນເອງ	14
ໃນຣະຫວ່າງ	14
ກືກ	14
ເລີມ	14
ເວລາວ່າງ	14
ຫນ່ວງ	14
ຂັບຍົນ	14
ກຳຫນົດ	14
ໄພ້	14
ຕອບແທນ	14
ຍອມຈຳນົນ	14
ໃຈຮ້າຍ	14
ກ້ອງຖ່າຍຮູບ	14
ປະສານກັນ	14
ໂຕ້ຕອບ	14
ລີກ	14
ເທສະບານ	14
ໃສ່ຄວາມ	14
ແມ	14
ຄົນຮ້າຍ	14
ແສງແດດ	14
ຈົບແລ້ວ	14
ປາດຸກ	14
ຕາດິນ	14
ຈື່ໄວ້	14
ຕົວອັກສອນ	14
ນ້ຳຈິ້ມ	14
ເຈັບທ້ອງ	14
ຊາວໄທ	14
ປອບໃຈ	14
ຮຸຍ	14
ພວງ	14
ມັສ	14
ຫີບ	14
ສີຕາ	14
ກັນຕົວ	14
ມ້ອນ	14
ເຮັງ	14
ໃຊ້ສອຍ	14
ທະຍອຍ	14
ໃຈຄວາມ	14
ກິລິຍາ	14
ລຳຄານ	14
ໄມ້ດູ່	14
ປານີດ	14
ມາຈາກໃສ	14
ເງື່ອນ	14
ມີໄຫວ	14
ປະດົນ	14
ຣິສ	14
ສງວນ	14
ບຶດ	14
ເຂົ້າແຂ່ງຂັນ	14
ສະຖານີລົດໄຟ	14
ຄວາມຊຸ່ມ	14
ພະບາດ	14
ສັມພັນ	14
ໜ້າເອິກ	14
ໄດ້ຍິນວ່າ	14
ລະດັບຊີວິດ	14
ຈົດຈຳ	14
ຫົນ	14
ດຶກ	14
ຄູຫາ	14
ນຸດ	14
ກ້ານ	14
ບະ	14
ຂ້າມໄປ	14
ໄດ້ຍ້ອນ	14
ເຮັດຜິດ	14
ໂທດກຳ	14
ບໍລະເວນ	14
ຂຽງ	14
ເຈົ້າທີ່	14
ຖົງຕີນ	14
ມິນລີ	14
ເຫັນແກ່	14
ຮັບຜິດ	14
ປັດຊະຍາ	14
ສຸດທິ	14
ປະກອນ	14
ເນືອ	14
ແຂ້ວແມງ	14
ມີບຸນ	14
ສຽງຮ້ອງ	14
ໂຕກຽວ	14
ເຄຫາ	14
ແຊກແຊງ	14
ສາມາດທີ່ຈະ	14
ເຫັນຈະ	14
ສົ່ງສຽງ	14
ຄັ້ງຄາວ	14
ຣາສີ	14
ເກງໃຈ	14
ຂວງ	14
ຄຳຕັດສິນ	14
ຄຳນວນ	14
ໃນເວລາດຽວກັນ	14
ນ້ຳອັດລົມ	14
ໂຈ່	14
ແຈງ	14
ສະວະ	14
ກິສ	14
ປະຕິກິລິຍາ	14
ກຸດຈີນ	14
ຄັ້ງນັ້ນ	14
ພິກຂຸ	14
ຢ່າງນ້ອຍ	14
ຕັ້ງຖິ່ນຖານ	14
ເຄື່ອງໝາຍ	14
ສືບສວນ	14
ຮູ້ຕົວ	14
ຜູ້ສື່ຂ່າວ	14
ເປັນຜົນສຳເລັດ	14
ເຄັ່ງ	14
ລະບຽບວິໄນ	14
ເປັນແຕ່	14
ໂບດ	14
ນອນບໍ່ຫລັບ	14
ໂຄ້ງ	14
ເອົ້າ	14
ເຄື່ອງຮັບ	14
ທາງກົງ	14
ອູ່	14
ກະທົບກະເທືອນ	14
ພຶງ	14
ຊອນ	14
ງາ	14
ແມ່ນແທ້	14
ກົດຂີ່ຂູດຮີດ	14
ຄວາມຕັ້ງໃຈ	14
ໃຈງ່າຍ	14
ຊຽງໃຫມ່	14
ອອກຂ່າວ	14
ອວ່າຍ	14
ພື້ນດິນ	14
ຕິດແປດ	14
ຜາສຸກ	14
ພິພິດ	14
ໃຫ້ໂອກາດ	14
ຂັດແຍ້ງ	14
ທີ່ປອດໄພ	14
ເປັນໃຈ	14
ທ່າເດື່ອ	14
ສັນຈອນ	14
ຂາດສາຍ	14
ພໍ່ຄົວ	14
ນາມະ	14
ເພັຊ	14
ດິນຊາຍ	14
ວິທະຍາການ	14
ອຸປ	14
ຊາວໄຮ່	14
ຖອດຖອນ	14
ດຶກດຳບັນ	14
ມະຫັດສະຈັນ	14
ຝີມື	14
ຕໍ່ຊົ່ວ	14
ທວາຍ	14
ເຊື່ອງ	14
ເທົ່າກັນ	14
ສີລະ	14
ຝັ່ງທະເລ	14
ແສບ	14
ທັສນະ	14
ນັກເລງ	13
ໄພແຫ້ງແລ້ງ	13
ເອກກະລາດ	13
ໃນຂະນະນັ້ນ	13
ຍູງ	13
ຕອມ	13
ເຜົາຜານ	13
ລົ້ມເຫລວ	13
ທໍລະນີ	13
ແລບ	13
ສະຫລາດສ່ອງໃສ	13
ພົວ	13
ຮ້ອງໃສ່	13
ການສືບສວນ	13
ຫ້ອຍ	13
ຍົກເວັ້ນພາສີ	13
ຜລິດຕະພັນ	13
ຖ້າແມ່ນ	13
ຜິດຊອບ	13
ຟື້ນ	13
ຫັດກາຍ	13
ບາດລ້ຽວ	13
ເບົ້າ	13
ເຕັມໆ	13
ງາຍ	13
ນາລີ	13
ຢ່າງເດັດຂາດ	13
ບໍ່ຄ່ອຍມີ	13
ພົນລະເຮືອນ	13
ເຈົ້າເຂົ້າ	13
ຄິກ	13
ໂສກເສົ້າ	13
ເຫັດ	13
ຊະຕາ	13
ເຜັດ	13
ຕັດຂາດ	13
ຝັ່ງຂວາ	13
ລັກຊັບ	13
ກົນຈັກ	13
ນອກປະເທດ	13
ຫມາກຫຸ່ງ	13
ຊື່ນ	13
ໂຕ້	13
ເວີ້	13
ທຸກວັນນີ້	13
ທາງລັດ	13
ວົງເດືອນ	13
ອິດທິ	13
ຮັກຫອມ	13
ທັງປວງ	13
ປະຖົມມະເລີກ	13
ເຫງືອກ	13
ລະດາ	13
ຍຸ	13
ຢອງ	13
ຊະຊາຍ	13
ພູຜາ	13
ເຄື່ອງໄຟຟ້າ	13
ຫົ້ງ	13
ເຝິກແອບ	13
ແບບວິທີ	13
ແທງ	13
ເອນ	13
ກົງຈັກ	13
ສຸດຊຶ້ງ	13
ຢູ່ມາ	13
ຕັ້ງໂຕະ	13
ທາງໜ້າ	13
ດາວເພັດ	13
ເປັນທີ່ນິຍົມ	13
ດອກຈຳປາ	13
ຕົວນັ້ນ	13
ຄວາມສງົບ	13
ປ້າວ	13
ຫິວ	13
ໂສກ	13
ນວດ	13
ມິດສະຫາຍ	13
ນອກໃຈ	13
ປ່ຽມ	13
ການຢືນຢັນ	13
ຜູ້ອອກແບບ	13
ງ່ຽງ	13
ປິ່ງປ່ອງ	13
ມະນຸດສະທຳ	13
ກຽງ	13
ຄຳອະທິບາຍ	13
ງ່າ	13
ສ່ວນປະສົມ	13
ກະດີ	13
ກິບ	13
ຢ່າງຈິງໃຈ	13
ໃຫ້ການສຶກສາ	13
ທັສ	13
ພາບວິວ	13
ຜູ້ມອບ	13
ອຳລາ	13
ຍຸງ	13
ໂສມຫນ້າ	13
ປັງ	13
ເຂົ້ານຳ	13
ຮ່ວມຊາດ	13
ໄຫ	13
ຮີດ	13
ໂຫດຮ້າຍ	13
ອາໄລ	13
ຫ່າ	13
ໂທນ	13
ຈົງຮັກພັກດີ	13
ສີລັງກາ	13
ສວມ	13
ຮຸ່ງເຮືອງ	13
ຮູບຄວັດ	13
ປານນີ້	13
ພັນລ້ານ	13
ຫຸ່ນ	13
ສາລະບານ	13
ສານະ	13
ສະທ້ອນ	13
ຄະນະມົນຕີ	13
ປະລິນຍາເອກ	13
ເຮັ່ງ	13
ມາຍ	13
ໂຈ	13
ລື້ມ	13
ຢ່າຟ້າວ	13
ສາທາງ	13
ກຳລັງວັງຊາ	13
ປະທານຮ່ວມ	13
ໝີ່	13
ແຈ່ມແຈ້ງ	13
ອັນດັບຕໍ່ໄປ	13
ເຄົ້າ	13
ສຽດສີ	13
ປອມແປງ	13
ໄຖນາ	13
ຜູ້ຊື້	13
ຕາມແຕ່	13
ໜ້ານ້ຳ	13
ຢາແກ້	13
ສັກສີ	13
ເມືອງຂຶ້ນ	13
ທ່າເຮືອ	13
ເມັນ	13
ສິ່ງທີ່ມີຊີວິດ	13
ນະພະ	13
ຜຽນ	13
ຈັກດີ້	13
ມາຕີ	13
ຄ່າທົດແທນ	13
ເຫັນຄວາມສຳຄັນ	13
ເຮືອນຊານບ້ານຊ່ອງ	13
ນ້ຳລາຍ	13
ອ້າຍເອື້ອຍນ້ອງ	13
ຕອບໃຫ້	13
ລິບ	13
ກຳແພງເມືອງ	13
ບ້ານພັກ	13
ຮອບຮູ້	13
ມີກິ່ນ	13
ເຖິງຖອງ	13
ເຕືອນໃຫ້	13
ທຸກດ້ານ	13
ເອັນ	13
ແຂວນ	13
ມຸກ	13
ຊ່າ	13
ຄຶດຮອດ	13
ມີຄວາມຜິດ	13
ເທົ່າທຽມ	13
ຟົດ	13
ໂສເພນີ	13
ຊອກຄົ້ນ	13
ກຳກັບ	13
ນົບ	13
ບໍ່ແນ່ນອນ	13
ພາຍໜ້າ	13
ອາທິດກ່ອນ	13
ປະຈຳຢູ່	13
ຫາມ	13
ບໍ່ສະເພາະ	13
ກຽດຕິຄຸນ	13
ພັນທະບັດ	13
ປູກຫຍ້າ	13
ກິດຈະວັດ	13
ປ່ອນບັດ	13
ເຂົ້າແບບ	13
ໃນປາກ	13
ພຶດຕິ	13
ຜູ້ຮຸກຮານ	13
ຍອດຮັກ	13
ນຽນ	13
ດີແທ້	13
ໂລຫິດ	13
ພຽບ	13
ລາຍເຊັນ	13
ອາກ	13
ໃຫ້ພອນ	13
ງົມ	13
ໂພຊະ	13
ກັບໄຟ	13
ດໍ	13
ນ້ຳທາ	13
ໂຂນ	13
ທໍຣະມານ	13
ອາຊາ	13
ດາວຫາງ	13
ຮວງ	13
ເບື້ອງຂວາ	13
ກະເອົາ	13
ດອກຊ້ອນ	13
ປ່ຽວ	13
ພະພຸດທະເຈົ້າ	13
ສະບູ	13
ອັດຕາແລກປ່ຽນ	13
ຈະກວດ	13
ຫລັບຕາ	13
ເຫນັງຕີງ	13
ບໍຣິຫານ	13
ຜູ້ກະທຳຜິດ	13
ຕຸ	13
ຊີວາ	13
ຍືດ	13
ພໍຈະ	13
ລິງ	13
ບໍ່ມີຄ່າ	13
ແຜ	12
ບໍ່ໜ້າ	12
ໃບອະນຸຍາດ	12
ເຫງົ້າ	12
ສັນຕິສຸກ	12
ໂຮງຮຽນມັດທະຍົມ	12
ລູກນ້ອງ	12
ທັນໃຈ	12
ອັນຕະ	12
ກິນໃນ	12
ບໍ່ດັ່ງນັ້ນ	12
ທະນົງໃຈ	12
ແຕ່ບູຮານນະການ	12
ປະດັບປະດາ	12
ໄວ້ອາໄລ	12
ຜ່ານພົ້ນໄປ	12
ແທດເໝາະ	12
ບຸນປີໃໝ່	12
ລຸກຮື້ຂຶ້ນ	12
ກະສັນ	12
ໄລ່ເງິນ	12
ມັກກິນ	12
ຊອກຊ່ອງທາງ	12
ຜິວໜັງ	12
ກົງໄປກົງມາ	12
ຢ່າງນີ້	12
ລຶ້ງ	12
ບີບແກ	12
ຢັງ	12
ແຫ້ງລົງ	12
ດ້ວງ	12
ເດ່	12
ອົງອາດກ້າຫານ	12
ຈຳປີ	12
ຄວາມເຊື່ອຫມັ້ນ	12
ແສງຄຳ	12
ກວມລວມ	12
ຈຳຕ້ອງ	12
ນັກແຕ່ງເພງ	12
ຮຽນໜັງສື	12
ອອກຮັບ	12
ຢາຝິ່ນ	12
ກ້ຽງ	12
ເປັນໂມຄະ	12
ບໍ່ຢ້ານ	12
ພໍກັບຄວາມຕ້ອງການ	12
ຄຳຂວັນ	12
ແຣກ	12
ທັມມະດາ	12
ເປັນມາ	12
ກູດ	12
ສຳຣວດ	12
ຂາມ	12
ເຖີດ	12
ຊື່ນຊົມ	12
ນາສາ	12
ເສັ້ນປະສາດ	12
ຟິມ	12
ຫຍິ່ງ	12
ຍັນ	12
ຍັງບໍ່ພໍ	12
ຢັດ	12
ຕ່ອນ	12
ໄດ້ສ່ວນ	12
ສະໝັກໃຈ	12
ຄວາມຕາຍ	12
ດະ	12
ກຸງເທບ	12
ທາງຍ່າງ	12
ກວຽນ	12
ຜຸດຜ່ອງ	12
ຖົ່ວເຫລືອງ	12
ປະຈຳເມືອງ	12
ເລົາ	12
ຄວາມລຳບາກ	12
ໄກກັນ	12
ທຸກປະການ	12
ຂາຍຍ່ອຍ	12
ເອກກະສານ	12
ສີໜ້າ	12
ຍີ	12
ຂົນໄປ	12
ນະທີ	12
ມັກຄວາມ	12
ພຸມ	12
ດັດສ້າງ	12
ປັນຈະ	12
ພົບພໍ້	12
ປີຊາສາມາດ	12
ເຈົ້າພະຍາ	12
ທີ່ຕັ້ງຢູ່	12
ຫອຍແຄງ	12
ບ່ວງ	12
ນານາຊາດ	12
ກິດຕິມະສັກ	12
ຜັກກາດ	12
ໝອກ	12
ຮັກສາສັນຕິພາບ	12
ສິນສົມສ້າງ	12
ພົກ	12
ຈຳແນກ	12
ກືນ	12
ມະນີລາ	12
ປະຈຳທາງ	12
ປູຢາງ	12
ຄຸນນະທຳ	12
ຈູງໃຈ	12
ດູດດື່ມ	12
ເປັນຕາຢ້ານ	12
ຕ້ອນຮັບແຂກ	12
ໂດດດ່ຽວ	12
ຝ່າຝືນ	12
ເຝີ	12
ພິກສຸ	12
ຟາກ	12
ປ່ຽນຮູບ	12
ມະກອນ	12
ເຮັດດີ	12
ເຮັດສັນຍາ	12
ນ້ຳຢາ	12
ກະດານ	12
ຄວາມຫ້າວຫັນ	12
ປະຄອງ	12
ຈະລະ	12
ຕິຕຽນ	12
ໄກໆ	12
ຊອກເຫັນ	12
ພະນັນ	12
ຕົບຕີ	12
ເຈືອງ	12
ລະດູໜາວ	12
ເອກອ້າງ	12
ເຈດຈຳນົງ	12
ຜິວພັນ	12
ເອົາບໍ່	12
ຈັບໄດ້	12
ລອນ	12
ຊິນນະ	12
ຈັດລາຍການ	12
ຂ່າວຄາວ	12
ຜູ້ຊ່ວຍ	12
ລາມັນ	12
ຢາກເຂົ້າ	12
ຕົມ	12
ຍາຍ	12
ລອກ	12
ໂມງປຸກ	12
ກຸຫລາບ	12
ສ່ວຍ	12
ຫລາດ	12
ປີ່	12
ອ້ອມແອ້ມ	12
ແສນຈະ	12
ຊີວະປະຫວັດ	12
ເວລານອນ	12
ຊອກຮູ້	12
ຊົມຊື່ນ	12
ສະນ້ຳ	12
ແຮມ	12
ຫມົດອາຍຸ	12
ເຂົ້າຈ້າວ	12
ລຸຍ	12
ງໍ	12
ເຄືອຍາດ	12
ປະຕູນ້ຳ	12
ແວວ	12
ຜ່ອງ	12
ບໍ່ຈົບ	12
ຈຸດສຳຄັນ	12
ຕື້ນຕັນ	12
ສຸວັນນະ	12
ຄະເນ	12
ຄົນທຸກ	12
ຂູ່ເຂັນ	12
ກ້າວເດີນ	12
ທຽມກັນ	12
ຜັນແປ	12
ຖະຫວາຍ	12
ນະລະ	12
ໄຟໄໝ້	12
ໝາກໂມ	12
ຮອຍຍິ້ມ	12
ຊ້າງນ້ອຍ	12
ໜ້າດິນ	12
ຮັບຈ້າງ	12
ເພງຮັກ	12
ທຳນາຍ	12
ບັດນັ້ນ	12
ສົນທິ	12
ນາກ	12
ສນາ	12
ບາລີ	12
ກົດດັນ	12
ຫຸມພັນ	12
ທາງເທິງ	12
ໂສ້	12
ຄູບາອາຈານ	12
ໄປໃສມາ	12
ຕົວລະຄອນ	12
ຫລັງຄາ	12
ພຸ	12
ອອກເຂົ້າ	12
ຟ້ອງ	12
ຜິດຖຽງ	12
ຂົ່ມຂືນ	12
ຟັງຄຳ	12
ໜ້າກາກ	12
ຖະແຫລງການຮ່ວມ	12
ໜໍ່ແໜງ	12
ງາມຕາ	12
ເຂ	12
ຕ່າງໆນາໆ	12
ເຍາະ	12
ຫລາຍພໍສົມຄວນ	12
ໂສ້ງ	12
ພໍ່ອອກ	11
ຜູ້ວ່າການທະນາຄານ	11
ເປັນໄປບໍ່ໄດ້	11
ຄວາມເປັນຢູ່	11
ເບີກຈ່າຍ	11
ຈ່າງ	11
ສອງຫນ້າ	11
ປານວ່າ	11
ຕິດໃຈ	11
ເຈັບຫົວ	11
ກອງຮ້ອຍ	11
ຄວາມຢາກຮູ້ຢາກເຫັນ	11
ບອກໃຫ້ຮູ້	11
ແຍ້ງ	11
ທີດຽວ	11
ລີ້ນ	11
ແອບແຝງ	11
ຄວາມເດືອດຮ້ອນ	11
ນ້ຳເຢັນ	11
ຫາເລື່ອງ	11
ຕິດຕົວ	11
ຄວາມເວົ້າ	11
ໜ້າທະນູ	11
ເຊື່ອຫມັ້ນ	11
ອ້າວ	11
ຄຸມຂັງ	11
ເດັກຍິງ	11
ທຸງຊາດ	11
ບໍ່ຫ່ອນ	11
ເລືອກເຟັ້ນ	11
ແລ່ນຫລິ້ນ	11
ຖືຫຸ້ນ	11
ຫຸ້ນສ່ວນ	11
ຈິງຈັງ	11
ແມ່ເຫລັກ	11
ຫວັ່ນໄຫວ	11
ຕົວຕະຫລົກ	11
ຄາມ	11
ມາແຕ່ໃສ	11
ສັບທີ່	11
ຕະຫລາດນັດ	11
ຢ່າງຫລາຍ	11
ຈ່ອຍ	11
ຍຸບ	11
ອະໄພ	11
ນ້ຳຫອມ	11
ບິດ	11
ພະຍາດຕິດແປດ	11
ນາມີບີ	11
ຄາດໄວ້	11
ຮອບຊິງຊະນະເລີດ	11
ລຳທານ	11
ໃຫ້ຄວາມສະດວກ	11
ຂໍ້ສເນີ	11
ລົດໄຟຟ້າ	11
ສີຄາມ	11
ໃນທັນທີ	11
ຮຸກ	11
ລາຍເດືອນ	11
ວິບັດ	11
ເປືອຍ	11
ທາງຫລວງ	11
ເອກກະຊົນ	11
ແຕກແຍກ	11
ມ້າງ	11
ໄປນາ	11
ຂ້ອຍຂ້າ	11
ວະລີ	11
ຕຸລາການ	11
ສະໜອງຄວາມຕ້ອງການ	11
ອັ່ງ	11
ທັງມວນ	11
ປະດົງ	11
ໄຮ່ນາ	11
ຄວາມພໍໃຈ	11
ຂ່າວລື	11
ອະຣິຍະ	11
ໃບຊາ	11
ທ້ວງ	11
ຕລອດມາ	11
ປຽບເໝືອນ	11
ອັສ	11
ລະຫວ່າງຊາດ	11
ເຂົ້າບ້ານ	11
ຄວາມເຊື່ອໝັ້ນ	11
ກູເວດ	11
ບໍ່ຫລຸດ	11
ໂຕ້ວາທີ	11
ສີໄຄ	11
ຢ່າງມີໄຊ	11
ເປັນໄຂ້	11
ໄໝ້	11
ມະນູ	11
ຫມາກບານ	11
ເຮັດຫຍັງກໍ່ໄດ້	11
ຜືນແຜ່ນດິນ	11
ຄາລາ	11
ເມືອງໄທ	11
ເຂົ້າອອກ	11
ອັບອາຍ	11
ເປັນຕົ້ນເຫດ	11
ຄໍ້	11
ຍິງແມ່ນ	11
ທັງເມືອງ	11
ສົ້ງ	11
ອັກຂະຣະ	11
ຍາມາ	11
ແຫນ້ນແຟ້ນ	11
ໂລກາ	11
ແກະສະຫລັກ	11
ຊຸ່ມ	11
ວາງນະໂຍບາຍ	11
ຍົງ	11
ສນາມ	11
ຍຶດຫມັ້ນ	11
ດອກກຸຫລາບ	11
ເອົາມາໃຫ້	11
ທູນ	11
ປະຕິສົນທິ	11
ເຊັ່ນນີ້	11
ແຫວນ	11
ໃນຂັ້ນຕໍ່ໄປ	11
ເຫດນັ້ນ	11
ອວຍພອນປີໃໝ່	11
ຕາລາງ	11
ແວະ	11
ເຂົ້າພົບ	11
ຕຳຣວດ	11
ກວັດ	11
ເຊາະ	11
ກົ້ມໜ້າ	11
ເຍີ	11
ສາດສະໜາ	11
ດົ່ງ	11
ວາຈາ	11
ຄ້າງຄາ	11
ກຸສົນ	11
ແຮກ	11
ຄວາມອົບອຸ່ນ	11
ນາຄະ	11
ບັບ	11
ສາຂາແມ່ນ້ຳ	11
ລີດ	11
ພາວະນາ	11
ຍໍມື	11
ຍຶດອຳນາດ	11
ແປ້ນ	11
ຄ່າຂອງເງິນ	11
ຢື້ຢາມ	11
ລ່ວງລະເມີດ	11
ຍົດ	11
ປະຢັດເງິນ	11
ຫົວເລື່ອງ	11
ບານສົ່ງ	11
ຖາມຫາ	11
ຕິດຄຸກ	11
ຮຸ່ນ	11
ໝາກເດືອຍ	11
ໃບສະໝັກ	11
ສັງສັນ	11
ກົມກືນ	11
ຫຍາບຄາຍ	11
ໄດ້ໃຈ	11
ໄປນອນ	11
ແຫ່ຕາມ	11
ດູກ່ອນ	11
ນຳອອກ	11
ນຳໜ້າ	11
ການຂູດຮີດ	11
ພຸດທະສາສະໜາ	11
ຂັດກັນ	11
ສັບພະຄຸນ	11
ທົ່ງນາ	11
ຕົບແຕ່ງ	11
ສິວ	11
ມ້ວນ	11
ມຸ່ງ	11
ພັກພວກ	11
ແວບ	11
ປະປົນ	11
ລະລຶກ	11
ອະທິຖານ	11
ສາທາລະນະປະໂຫຍດ	11
ຫນ້າໄມ້	11
ບຸນມີ	11
ຈອມພູ	11
ເຖື່ອນ	11
ປະທຸມ	11
ຊາດນີ້	11
ຕອນທຳອິດ	11
ນິຕິສາດ	11
ຄວາມລາວ	11
ງົກ	11
ມົ້ມ	11
ພໍແຕ່	11
ເປັນຂ້ອຍ	11
ບ້ານຊ່ອງ	11
ລົດບັນທຸກ	11
ວົງໂຄຈອນ	11
ສະລອຍ	11
ພະລະ	11
ດົນປານໃດ	11
ຄົງຕົວ	11
ອັນທະ	11
ບັນຍາຍ	11
ບິ	11
ເອົາໃສ່	11
ນັກປະຕິວັດ	11
ເໜັງຕີງ	11
ໂລມ	11
ທີ່ໝັ້ນ	11
ດວກ	11
ທໍລະ	11
ສະເກັດ	11
ນັກຟ້ອນ	11
ຄວາມຜາສຸກ	11
ແວ່ນແຍງ	11
ມ້ຽນ	11
ບົວທອງ	11
ຄວາມເຈັບ	11
ເອົາອອກ	11
ເໝືອນກັບ	11
ໄຊຍະບູຣີ	11
ເລີກການ	11
ພັກດີ	11
ບຽນ	11
ເຕັນ	11
ທິວ	11
ອົບພະຍົບ	11
ຢິວ	11
ຫາໃຫ້	11
ໃຫ້ຂາດ	11
ສັກກະ	11
ປະຫານ	11
ປໍ	11
ເຄັດລັບ	11
ວ່າວ	11
ຄັ້ງສຸດທ້າຍ	11
ອອກອາກາດ	11
ເລີກກັນ	11
ເຄນ	11
ຍາມຄ່ຳ	11
ຜຸຍ	11
ນິເທດ	11
ຕາຍຕົວ	11
ການຢືນ	11
ກະຈະ	11
ພຸດທະສາສນາ	11
ຈະນອນ	11
ຕາກ	11
ຄູ່ຄວນ	11
ເດືອນທີ່ຜ່ານມາ	11
ເບີດ	11
ຂັບລຳ	11
ຊັ້ນຕົ້ນ	11
ເພື່ອນຮ່ວມງານ	11
ເຂົ້າໃກ້	11
ທຸກບ່ອນ	11
ເສັ້ນເລືອດ	11
ລ້ວນໆ	11
ຕົກໃນ	11
ແຍງ	11
ປັ່ນປ່ວນ	11
ຂໍສະແດງຄວາມຍິນດີ	11
ຮ້ອຍລະ	11
ກຽວ	10
ຈົນສຸດ	10
ຊ່າງໄມ້	10
ເງິນປອມ	10
ຄົນທັງຫລາຍ	10
ກະທໍາ	10
ເດີນໄປ	10
ບຸກໂຈມຕີ	10
ທ້ອງຕະຫລາດ	10
ສະຖຽນ	10
ດຸນການຄ້າ	10
ດີບ	10
ລັງລໍ	10
ຮ້າງກັນ	10
ດ່ານພາສີ	10
ຈັດພິມ	10
ອັດຕະ	10
ຟິດ	10
ມືນ	10
ດຳນ້ຳ	10
ຍ່າ	10
ອັດສຽງ	10
ພິລຶກ	10
ສິ່ງເຫລົ່ານີ້	10
ມັກງ່າຍ	10
ໜານ	10
ສີມາ	10
ຄືນໃຫ້	10
ມິນາ	10
ຈານບິນ	10
ຄອຍຖ້າ	10
ເຄົາຣົບ	10
ທຳນຽບຂາວ	10
ກຽດຕິຍົດ	10
ພາຄີ	10
ເປາະ	10
ອ້ອມຮອບ	10
ສະສານ	10
ຊົກຕ່ອຍ	10
ແຫລມ	10
ເລືອດແດງ	10
ກ່າວຫາ	10
ເຈາະຈົງ	10
ເຫມືອງ	10
ຊັ່ງ	10
ຊ້າໆ	10
ຊານເມືອງ	10
ຈັດໄວ້	10
ອິງຕາມ	10
ແຜ່ຜາຍ	10
ເມືອກ	10
ອຶ	10
ມໍ້	10
ນັກມວຍ	10
ນ້ອຍໃຈ	10
ໂດຍມາກ	10
ປັດທະມະ	10
ເດືອດຮ້ອນ	10
ເນື້ອທີ່ປູກຝັງ	10
ທີ່ຕົ້ນ	10
ນ້ຳແຂງ	10
ກະແຈກກະຈາຍ	10
ຊີມີ	10
ຊ້າງນ້ຳ	10
ຮ້າຍດ່າ	10
ໃບຢາ	10
ຕະຫລອດປີ	10
ຂໍ້ສອບ	10
ໃຫ້ຫມົດ	10
ທຳນຽບ	10
ອະນຸຮັກ	10
ອັກສອນຫຍໍ້	10
ຈົດຈໍ່	10
ກະຍຸງ	10
ຂົມ	10
ຫວງຫ້າມ	10
ປະຊຸມກັນ	10
ຄຸນພໍ່	10
ຍ້ອຍ	10
ນ້ຳຈືດ	10
ບັນເທົາ	10
ແມດ	10
ວິສາມັນ	10
ສຽງປືນ	10
ກາໂຕລິກ	10
ແຮງກວ່າ	10
ໂຣກມະເຮັງ	10
ວັດທະນາຖາວອນ	10
ເຖິງຈະມີ	10
ຜືນແຜ່ນດິນອັນຄົບຖ້ວນ	10
ເມນ	10
ສີຊໍ	10
ບ້ວນປາກ	10
ຂະໜານນາມ	10
ຂີ້ດື້	10
ປາຍແຫລມ	10
ຫ້ອມ	10
ສາຣະວັນ	10
ເຄື່ອງສຳອາງ	10
ບໍ່ຕ່າງຫຍັງກັບ	10
ຂີ້ເຫຍື້ອ	10
ອຸ້ຍ	10
ໄປນຳກັນ	10
ເຝິກຝົນ	10
ພົ້ນທະເລ	10
ເສນ	10
ຕີກອງ	10
ວັຕ	10
ສັ່ງສອນ	10
ໄຜ່	10
ໄກ້	10
ເລື່ອງລື	10
ເນົ່າ	10
ສຸລິຍາ	10
ໄດ້ກຳໄລ	10
ຂໍ້ຫາ	10
ລ້ຽງເຫລົ້າ	10
ກົ້ມຫົວ	10
ກອງປະຊຸມຄົບຄະນະ	10
ປີ້ງ	10
ໄດ້ໜ້າ	10
ສະໜິດສະໜົມ	10
ຫວັງດີ	10
ພາສີອາກອນ	10
ທິດເໜືອ	10
ສລຸບ	10
ຈັບກຸມ	10
ລວບ	10
ບາສີ	10
ແສງເດືອນ	10
ສະເພາະຫນ້າ	10
ທຸກຊະນິດ	10
ແຫກ	10
ຕັດສິດ	10
ຮ້ານຂາຍຢາ	10
ຊຶ້	10
ໄພອັນຕະລາຍ	10
ກຳມະພັນ	10
ທຳໄດ້	10
ຄົນຄົງ	10
ລ່ຳ	10
ເຫມືອນກັນ	10
ປ່ຽນເງິນ	10
ຫຍາມ	10
ທົນທານ	10
ບໍ່ຄຳ	10
ຝ່າຍກົງກັນຂ້າມ	10
ຄົງກະພັນ	10
ທະເລຊາຍ	10
ເສັຽກ່ອນ	10
ນັນທະ	10
ອວດ	10
ຄິດຄົ້ນ	10
ທີ່ມ່ວນ	10
ໃບແຈ້ງ	10
ຍາດຕິພີ່ນ້ອງ	10
ເດືອນຫນ້າ	10
ທາມ	10
ເບິ່ງຄື	10
ຜັກດອງ	10
ຫລັກແຫລ່ງ	10
ບໍ່ແຂງແຮງ	10
ຮື້	10
ປູ່	10
ເຂົ້າປູກ	10
ປອງດອງ	10
ຍອນ	10
ເວີຍ	10
ແວວຕາ	10
ນ້ຳເຂົ້າ	10
ຟື້ນຕົວ	10
ຕາແສງ	10
ຄ້ອງບ້າງ	10
ສີໄມ້ລາຍມື	10
ບ່ອນຢູ່	10
ຫ້ອງນອນ	10
ພາຍເຮືອ	10
ງອຍ	10
ເວລາຫວ່າງ	10
ຄວາມກະຈ່າງແຈ້ງ	10
ຕົກຮອບ	10
ເມືອງຮ້າງ	10
ສະສາງ	10
ເປັນກໍ	10
ເອົາລູກອອກ	10
ນາຍພານ	10
ຂ້າທາດ	10
ສິ່ງພິມ	10
ຣະບາດ	10
ໂອລົດ	10
ຍອດຈຳນວນ	10
ອ່ອນຫວານ	10
ຄວາມຮັ່ງມີ	10
ຫນ້າທີ່ການ	10
ເສັຽຊີວິດ	10
ໄປມາຫາສູ່ກັນ	10
ເອົາອີກ	10
ພິລະ	10
ເອົາແບບ	10
ອີ່ຫລີ	10
ອອງ	10
ເຮື່ອງ	10
ຫມາກເຜັດ	10
ສາທາຣະນະສຸກ	10
ຈິດຕະວິທະຍາ	10
ເຕີ້	10
ຂ້າງໆ	10
ການດັດແປງ	10
ບອກເລົ່າ	10
ເຄີຽ	10
ພົວພັນກັນ	10
ສີຊົມພູ	10
ສັນຍະລັກ	10
ດູດນົມ	10
ກັມພູຊາ	10
ມົງຄົນ	10
ຫັ່ນ	10
ຜູ້ຮູ້	10
ເມືອບ້ານ	10
ຜ່າເຜີຍ	10
ຕົວະຍົວະ	10
ຫວາດສຽວ	10
ນ້ຳຮ້ອນ	10
ກຸ້ຍ	10
ຍຸ້ງ	10
ຜູ້ຮັບເຫມົາກໍ່ສ້າງ	10
ແຮງກ້າ	10
ກົດຂີ່	10
ປະທະ	10
ເລນາ	10
ທາງບ້ານ	10
ລັງດຳ	10
ຣັຊ	10
ຕັດຄໍ	10
ຂະຫຍັນ	10
ອາດຫານ	10
ຄວາມຊຳນານ	10
ສາທຸ	10
ເໜັງ	10
ຫຽນ	10
ສະຫັດ	10
ອຸດສາຫະ	10
ແຊ່ນ້ຳ	10
ຖືໂອກາດ	10
ເຖິງຢ່າງໃດກໍ່ດີ	10
ເຫຍັ້ນ	10
ຕົວທ່ານເອງ	10
ເປົ໋າ	10
ບໍ່ເຫມາະສົມ	10
ບໍ່ລຶ້ງ	10
ຂັດຂ້ອງ	10
ຕັ້ງຕົວ	10
ລະອາ	10
ການເສດຖະກິດ	10
ເຖລານຸເຖລະ	10
ບ່ອນໃດທີ່	10
ໝອນ	10
ນ້ຳສົ້ມ	10
ກ້ຳ	10
ຈູ່	10
ກະວີ	10
ທາງອ້ອມ	10
ສັ່ງຂອງ	10
ລະດັບນ້ຳທະເລ	10
ຮຳ	10
ຂີ້ຮ້າຍ	10
ຕັ້ງທ້ອງ	10
ເພີ່ມຕື່ມ	10
ເຂົ້າກ້າ	10
ໄວໜຸ່ມ	10
ນັ່ງລົງ	10
ພີ່	10
ຍິນຍອມ	10
ເດືອນຫ້າ	10
ຮັບເຫມົາ	10
ຣາມາ	10
ຂາດຕົວ	10
ຮ້ອງຟ້ອງ	10
ຕັດຕົ້ນໄມ້	10
ຈັກວ່າ	10
ສະຫລັບ	10
ວິຍາ	10
ຊິວ	10
ເຄັ່ງຮ້ອນ	10
ນ້ຳຫນ້າ	10
ນຽມ	10
ສິນລະປິນ	10
ເລົ້າ	10
ໂອຍ	10
ສາຍທອງ	10
ຫາກແຕ່	10
ສັ່ງຫ້າມ	10
ໄລການ	10
ວົງວຽນ	10
ເປັນຫມູ່	9
ຄ່າເດີນທາງ	9
ເຊີດຊູ	9
ດັບສູນ	9
ຫາສຽງ	9
ອັກຄະລັດຖະທູດວິສາມັນ	9
ລະຫວ່າງທີ່	9
ຂ້າຕົວຕາຍ	9
ໂງ່ຈ້າ	9
ຄຳສອນ	9
ຊ້າງປ່າ	9
ເຄື່ອງປັ້ນ	9
ອີຫຍັງ	9
ວິຕົກກັງວົນ	9
ເຂົ້າຂ້າງ	9
ອ້າຍບ່າວ	9
ຟຸມເຟືອຍ	9
ກັມມະການ	9
ຂາດທຶນ	9
ຖ້ວນ	9
ພັດລົມ	9
ໂດຍດີ	9
ພະນະ	9
ຟີມ	9
ມະນຸ	9
ພິທີແຕ່ງດອງ	9
ກະທັງ	9
ມານີ	9
ຄູ່ໃຈ	9
ລາມົກ	9
ວັດຖຸປັດໄຈ	9
ສະກົດ	9
ໃນລະຫວ່າງປີ	9
ເນື້ອຄວາມ	9
ຈືດຈາງ	9
ວະນາ	9
ຜູ້ຊົງ	9
ຜູ້ວ່າການ	9
ຢ່າງເຂົ້າ	9
ຖົງມື	9
ລຸກລາມ	9
ທີ່ນັ່ງ	9
ອັຄ	9
ວັນພັກ	9
ແຊັກ	9
ນົມງົວ	9
ແພ	9
ຕັ້ງໃຈຮຽນ	9
ເຮຮາ	9
ທາງໃຕ້	9
ສັດຕ່າງ	9
ດຽວດາຍ	9
ຮັງໄຂ່	9
ຄົນຂີ້ລັກ	9
ສີທອງ	9
ວັນຄືນ	9
ຕ່າງຝ່າຍຕ່າງມີຜົນປະໂຫຍດ	9
ປະກຳ	9
ຮັບເຊີນ	9
ຕັນໃຈ	9
ຄວາມຖີ່	9
ຫັດສະ	9
ວັດຖຸປະສົງ	9
ເສັຽຫາຍ	9
ອ່າງນ້ຳ	9
ທໍ້ຖອຍ	9
ອາວ	9
ຜ່ອຍ	9
ເປັນອັນຂາດ	9
ພໍໃຊ້	9
ອະດີດນາຍົກລັດຖະມົນຕີ	9
ອາຟຣິກ	9
ເຮັດຈັ່ງໃດ	9
ຄັນວ່າ	9
ຄົນຜິດ	9
ແຫຍ້	9
ມ່ວງ	9
ພີ້	9
ກ່ອນອື່ນໝົດ	9
ເຂດເສັ້ນໂທດ	9
ຂ້າງລຸ່ມ	9
ໃຈມັກ	9
ສູນຫາຍ	9
ຊູຊີ	9
ດວງວິນຍານ	9
ຕື່ນນອນ	9
ຄົນບາດເຈັບ	9
ຈັບເອົາ	9
ຄົກ	9
ທາລົກ	9
ເປືອງ	9
ແໜ່ງ	9
ສືບພັນ	9
ອະພິສິດ	9
ພົນເອກ	9
ປວດຫົວ	9
ວັນບຸນ	9
ສິລິມຸງຄຸນ	9
ແດງມາ	9
ສະມຸດ	9
ໝີ	9
ຄວາມປາຖະໜາ	9
ພວນ	9
ອະເນກ	9
ມຸງ	9
ໃຫ້ອຳນາດ	9
ບໍ່ສົມບູນ	9
ປະຈຳຕົວ	9
ເຫນືອກວ່າ	9
ເສນາທິການ	9
ອະນຸສັນຍາ	9
ສະອອນ	9
ດານມາກ	9
ຄວາມປ່ຽນແປງ	9
ເຊໂດນ	9
ສະໃໝ	9
ມໍ່ໆນີ້	9
ທາງອາກາດ	9
ນ່ານ	9
ຍາມຮ້ອນ	9
ສ້າງພະນັກງານ	9
ໂສ	9
ນ້ຳຫວານ	9
ໂຊກຮ້າຍ	9
ແຕ້	9
ກ່ອນນັ້ນ	9
ຄາວນີ້	9
ໜ່ອຍ	9
ຂະໜົມ	9
ຊັພ	9
ຍາມເຊົ້າ	9
ທ້າງ	9
ສຸບັນ	9
ເວນຍາມ	9
ຫລ	9
ກະຕ່າຍ	9
ສົມທົບກັນ	9
ເກື້ອກູນ	9
ລາດຊະວົງ	9
ສັງເກດການ	9
ພົມມະຈັກ	9
ແຕະຕ້ອງ	9
ເປ້	9
ໂພທິ	9
ພໍພຽງ	9
ໄດ້ຮັບການສຶກສາ	9
ສະຖິດ	9
ຂອງປອມ	9
ເລື່ອງສັ້ນ	9
ເທສະ	9
ຍິນ	9
ລຽບລຽງ	9
ໂກດ	9
ສືບຕໍ່ໄປ	9
ຫອບ	9
ບັນຈົບຄົບຮອບ	9
ທີ່ຫມັ້ນ	9
ກິນນົມ	9
ໃຊ້ໄປ	9
ສັກດິນາ	9
ເລື່ອຍ	9
ພົງສາວະດານ	9
ທັງໆທີ່	9
ລາຍມື	9
ເອົາກັນ	9
ຟັງຄວາມ	9
ໄທລາວ	9
ງານວັດ	9
ບ່ອນຈອດ	9
ເຕັ້ນລຳ	9
ໃຈເຢັນ	9
ເຫມັນ	9
ໂລ່	9
ຈັກກະ	9
ຄວາມເຈັບປວດ	9
ນານມາ	9
ພໍ່ຮັກ	9
ເປັນເງົາ	9
ຜູ້ເຖົ້າຜູ້ແກ່	9
ທຶກ	9
ຄ້າງຊຳລະ	9
ແຕ່ງໂຕ	9
ອ່ານອອກ	9
ໃຈຮ້ອນ	9
ທໍ່ນ້ຳ	9
ກະບວນ	9
ເຂົ້າຈີ່	9
ປະຕິສັງຂອນ	9
ດຳຣົງ	9
ແຕ່ເກົ່າ	9
ຫົວຄິດ	9
ການສອບສວນ	9
ກະເພາະອາຫານ	9
ລັດຖະສາດ	9
ສັນຕິວິທີ	9
ຄຳຊົມເຊີຍ	9
ໜ່ວຍຕາ	9
ຈະລາຈອນ	9
ສົມດຸນ	9
ຝາແຝດ	9
ຕາວ	9
ຍໍໃຫ້	9
ໂດນ	9
ວາງທິດທາງ	9
ເຈັບໃຈ	9
ເກັບໄດ້	9
ຍ່ອງ	9
ໄຟສາຍ	9
ຊວຍ	9
ຕ່ຳຫູກ	9
ຫົວໃນໃຈ	9
ອຸປະນິໄສ	9
ໂຄ່ນລົ້ມ	9
ນ້ຳເຊ	9
ໄກສີ	9
ຊຸບ	9
ປໍສາ	9
ເຕັມປ່ຽມ	9
ບັນລຸຜົນສຳເລັດ	9
ຈຸນລະ	9
ໂມໂຫ	9
ໄລຍະຫ່າງ	9
ສາຕ	9
ຫລອມ	9
ຄັບ	9
ເກິ່ງ	9
ລັງເລ	9
ກັບຊາດ	9
ຂົນຕາ	9
ຜົ້ງ	9
ສຳມະໂນຄົວ	9
ປະຍຸກ	9
ອອກບໍ່	9
ປາຝາ	9
ຕົກເປັນເມືອງຂຶ້ນ	9
ອຽງ	9
ສາຍສະພາຍ	9
ສັກຂີພະຍານ	9
ບໍ່ຢູ່	9
ສັກກະຍະພາບ	9
ກະແຕ	9
ຫ່ວງໃຍ	9
ສະບຽງ	9
ຊັກຊວນ	9
ຢູ່ດີໆ	9
ກະສິກໍາ	9
ພ່າຍແພ້	9
ອູ້ມ	9
ງ່ອນ	9
ຣູບ	9
ຫນຸນ	9
ອ່ວຍ	9
ອານັນ	9
ໃຫມ	9
ອັດຕະພາບ	9
ຕັບອ່ອນ	9
ຮອນ	9
ຊ້ອຍ	9
ໃຝ່	9
ຢູ່ໄກ	9
ໂດຍດ່ວນ	9
ຮອງໄວ້	9
ປູນ	9
ຕາມເດີມ	9
ຫລຸຍ	9
ແປກໃຈ	9
ແທວ	9
ຈືນ	9
ທັພ	9
ຄວາມກະຕືລືລົ້ນ	9
ອາລັຍ	9
ເຄືອງ	9
ຕາມຄຳສັ່ງ	9
ຫມາກໂມ	9
ຜັກບົ່ວ	9
ດ້ານຂ້າງ	9
ລຸ	9
ອາຊີວະ	9
ວ່າງເປົ່າ	9
ສະດຸ້ງ	9
ແຈບ	9
ທາງນັ້ນ	9
ເປັນກົກ	9
ຕ້ອງຫາ	9
ຮອຍແຕກ	9
ທຸ້ມ	9
ໝົດແຮງ	9
ໃຈໂຕ	9
ຮູ້ໃຈ	9
ວັນໄຊ	9
ຕູ້ເຢັນ	9
ເຄາະ	9
ມອງເຫັນ	9
ເຢັນລົງ	9
ດວນ	9
ແຕ່ບູຮານ	9
ສິນລະປະສາດ	9
ລົດໂດຍສານ	9
ແຂນຂາ	9
ປະຈານ	9
ເປັນສຸກ	9
ນ້ຳກິນ	9
ຜາຍ	9
ຊ້າລົງ	9
ລູກໄຟ	9
ເອົາແຕ່ໃຈ	9
ພົ່ນ	9
ຂຶ້ນຊື່	9
ສິກ	9
ງອກງາມ	9
ເລົ້າເຂົ້າ	9
ນາວາ	9
ຍວນ	9
ແພນ	9
ນ້ຳອຸ່ນ	9
ຄົນຕາບອດ	9
ລົມແດງ	9
ຫ້າວ	9
ເຫີບ	9
ຜົນລະປູກ	9
ຄູ່ສົມລົດ	9
ບອກສອນ	9
ລຸນມາ	9
ແປສັບ	9
ອາທິດລະ	9
ອາການຫນັກ	9
ກ້ອນກຳລັງ	9
ແລ້ວຄວາມ	9
ສັງຄະ	9
ໂສພາ	9
ປັດສາວະ	9
ທ່ຽງຄືນ	9
ຍອດຍິ່ງ	8
ຫມົດສະຕິ	8
ເຄື່ອງອຸປະໂພກ	8
ຊວາ	8
ເຊື່ອໃຈ	8
ປິດບັງ	8
ທັນຕະ	8
ເງິນຄ່າເຊົ່າ	8
ຕະລຸມບອນ	8
ຫວ້າງ	8
ຈັດທຳ	8
ຈັກອັນ	8
ຄອງນ້ຳ	8
ແທ້ງ	8
ອາຣັກຂາ	8
ມັກຄະ	8
ສາທາຣະນະຣັດ	8
ປາຣະມີ	8
ໄຈ້ແຍກ	8
ຢິບ	8
ກ່ອນກຳນົດ	8
ບັງອາດ	8
ສ່ວນແບ່ງ	8
ຈັບຈ່າຍ	8
ຜົນບັງຄັບ	8
ລ່ອງລອຍ	8
ຄົນຈົນ	8
ຕາມສະບາຍ	8
ສົມບູນແບບ	8
ອະທິບໍດີ	8
ໂຕນໜີ	8
ມະຫາຍານ	8
ລົມຫນາວ	8
ກັກກັນ	8
ອາລັກຂາ	8
ບາດດຽວ	8
ຫ່ານ	8
ອາຍາ	8
ກີດຂວາງ	8
ເອົາເລື່ອງ	8
ນາຍແພດ	8
ປາກສຽງ	8
ຂີ້ເມົາ	8
ບໍ່ມີທາງ	8
ເປັນກ້ອນ	8
ກວງ	8
ພານທອງ	8
ພໍປານໃດ	8
ເຫລ່ນ	8
ອານິສົງ	8
ໃສແຈ້ງ	8
ຟະ	8
ເປັນສາວ	8
ຄ້ອຍ	8
ຫົວຂອງ	8
ເຂົ້າເຮືອນ	8
ສຸກໃຈ	8
ສຳລານ	8
ຄຳໃຫ້ການ	8
ກຳໜົດ	8
ງານພິເສດ	8
ຄັດເອົາ	8
ຄວາມເສັຽຫາຍ	8
ທຽມດັ່ງ	8
ມີໂຊກ	8
ຍັງມີຊີວິດຢູ່	8
ກຳອຳນາດ	8
ອະລິຍະທຳ	8
ມີເຮືອນ	8
ໄລລາ	8
ຫລໍ່ຫລອມ	8
ກະລາ	8
ບໍ່ເລືອກ	8
ຫັກຫລັງ	8
ງານສະແດງ	8
ກ້ອນຫີນ	8
ດາບ	8
ແມງໄມ້	8
ເຫັນຄຸນ	8
ເກັບໂຮມ	8
ຂາດໂຕ	8
ຜ້າຫົ່ມ	8
ເບິ່ງຄືວ່າ	8
ສົມລົດ	8
ສັ່ງການ	8
ໂຊມ	8
ຕຽມພ້ອມ	8
ບໍ່ແນ່	8
ບໍ່ເອົາໃຈໃສ່	8
ໄລ່ອອກຈາກໂຮງຮຽນ	8
ແຈ	8
ບໍ່ຈິງ	8
ປູ້	8
ແວນ	8
ງັດ	8
ເຄັງ	8
ສະຫລຽວ	8
ນ້ຳເຫລືອງ	8
ຮູ້ເມື່ອ	8
ເຂົ້າຕາ	8
ປຽບເຫມືອນ	8
ມັກຟັງ	8
ເອ້	8
ເຫັນແກ່ຕົວ	8
ມື້ພັກ	8
ລູກຈ້າງ	8
ຄົບກຳນົດ	8
ຈ້າຍ	8
ໜາມ	8
ທຸ່ນທ່ຽງ	8
ປາກກືກ	8
ຊ້ອນໂຕະ	8
ສໍພໍ	8
ຂບວນ	8
ອາຍພົ່ນ	8
ຄິດຫາ	8
ການລ້ຽງດູ	8
ຊຳນິຊຳນານ	8
ລາຍນ້ຳ	8
ອັນລະອຽດ	8
ພອກ	8
ເນີຍ	8
ເຈົ້າຊູ້	8
ປາໃສ	8
ກາງແຈ້ງ	8
ອິສລະ	8
ຝຸ່ນວິທະຍາສາດ	8
ສັດສາ	8
ພົນໂທ	8
ຟອກ	8
ລຸລ່ວງ	8
ຍຶດຖື	8
ສີສົ້ມ	8
ເສຣີພາບ	8
ຫຍຸ້ງ	8
ທຽບກັນ	8
ພາກພຽນ	8
ປະກັນຊີວິດ	8
ບອກຄວາມ	8
ຜັງເມືອງ	8
ເຊີນໄປ	8
ລອຍຂຶ້ນ	8
ເຊັຽ	8
ຕໍ່ລອງ	8
ເງິນຕາຕ່າງປະເທດ	8
ດອກເບັ້ຽ	8
ດອກບົວ	8
ປາກົດການ	8
ຖະໜອມ	8
ອຶດຫິວ	8
ນ້ຳສຽງ	8
ຊຳລະເງິນ	8
ຂອງນັ້ນ	8
ມັດທະຍັດ	8
ຄຳເຕືອນ	8
ຮູດ	8
ເຫລືອເຊື່ອ	8
ໄວຍາກອນ	8
ນ້ຳອົບນ້ຳຫອມ	8
ໄປຖ່າຍ	8
ນາຍພົນ	8
ບໍລິບູນ	8
ຍາມແລ້ງ	8
ພົນລະ	8
ຄວາມເປັນໄປ	8
ຂໍ້ສົງໄສ	8
ຜູ້ຖື	8
ທຸ່ມ	8
ວໍຊິງຕັນ	8
ດ້ວຽ	8
ຮາບພຽງ	8
ໂມຄະ	8
ຄີດ	8
ສຳມາ	8
ຈັບເປັນ	8
ສະມັດ	8
ເຂົ້າຮ່ວມການແຂ່ງຂັນ	8
ຄວາມອັບອາຍ	8
ເລວ	8
ຄາງກະໄຕ	8
ຫາວ່າ	8
ນົງ	8
ນຳທ່ຽວ	8
ຮ່ອງນ້ຳ	8
ນັດໝາຍ	8
ໝານ	8
ມະຫາຣາດ	8
ເຕົ່າທອງ	8
ມຸງຄຸນ	8
ພະຍາດລະບາດ	8
ພູດ	8
ຜະເດັດການ	8
ພະຍານ	8
ຄຸ້ນ	8
ສຸລາ	8
ເລີຽ	8
ລີ້ຊ່ອນ	8
ຕິຊົມ	8
ສ່ວນສູງ	8
ເວົ້າໃສ່	8
ເທາະ	8
ກັງ	8
ພາບຮ່າງ	8
ໜາແໜ້ນ	8
ສົມກັນ	8
ເຫົ່າ	8
ໄວ້ວາງໃຈ	8
ຣາຊາ	8
ອຶກກະທຶກ	8
ຜູ້ບັນຊາການ	8
ອຸນຫະ	8
ດື້	8
ແກວ່ງ	8
ກຳແຫນ້ນ	8
ບໍ່ຮູ້ອິດຮູ້ເມື່ອຍ	8
ຄິດເບິ່ງ	8
ນິດດຽວ	8
ລວດ	8
ຕອນກາງ	8
ແຈ່ມໃສ	8
ບີບ	8
ໃຊ້ອຳນາດ	8
ເຜົ່າພັນ	8
ໜາດ	8
ຍືນຍາວ	8
ພັດຕົກ	8
ຄອດລູກ	8
ຮັບໃຊ້ປະເທດຊາດ	8
ຫລັບໃນ	8
ຫາປາ	8
ຂໍ້ແນະນຳ	8
ຕິດແໜ້ນ	8
ລະດູຮ້ອນ	8
ເປັນເຄົ້າ	8
ໃສ່ຮ້າຍປ້າຍສີ	8
ຍ່າງເຂົ້າມາ	8
ມາຈົນເຖິງ	8
ສາກະ	8
ຫນ້າຕ່າງ	8
ນິມິດ	8
ຝາກເງິນ	8
ອາລູມີນຽມ	8
ນາກທະເລ	8
ເປັນໝູ່ກັນ	8
ແບກຫາບ	8
ຖົກຖຽງ	8
ຊີ້ນປາ	8
ຝຶກຝົນ	8
ເວົ້າຕື່ມ	8
ສາທາຣະນະ	8
ນັບບໍ່ຖ້ວນ	8
ສະໝານ	8
ໄມ້ພາຍ	8
ຮ່ວມໃຈ	8
ກັນຊາ	8
ມີຄວາມກັງວົນ	8
ເຂົ້າປ່າ	8
ປະກອບເຂົ້າກັນ	8
ເດືອດ	8
ຫາວ	8
ປະຣິ	8
ເທື່ອກ່ອນ	8
ປະຈັກຕາ	8
ຈາລຶກ	8
ບໍ່ຢຸດ	8
ເກືອບໝົດ	8
ການເດີນ	8
ໝົດສະໄໝ	8
ແຕນ	8
ສອບບັນຊີ	8
ຢາກນອນ	8
ບັນທຶກການ	8
ມັທຍົມ	8
ຣຽບ	8
ເນດ	8
ຄູ່ສົນທະນາ	8
ຄາດການ	8
ຂຶ້ນເຮືອນ	8
ດອຍ	8
ປະຈາກ	8
ຍາມບຸນ	8
ຄິດໃນໃຈ	8
ປືນຄົກ	8
ຖານທັບ	8
ລົ້ມລຸກ	8
ຄ້ອຍຕາມ	8
ຂ້າຫລວງໃຫຍ່	8
ອະທິການ	8
ຖືໂອກາດນີ້	8
ນັກກີລາ	8
ຂະມຸ	8
ພັນເອກ	8
ທາງຂວາ	8
ປະຕິກິຣິຍາ	8
ປໍລະປັກ	8
ທຳການຄ້າ	8
ເສດເຫລືອ	8
ອອກໄປຈາກ	8
ເຂົ້າໜົມ	8
ນັບແຕ່ນີ້ໄປ	8
ເຫມົາ	8
ຕາວັນອອກ	8
ໄທເມືອງ	8
ຂາຍຂອງ	8
ລ່ວງລ້ຳ	8
ຄຶດອອກ	8
ເທັດ	8
ເປີດເຜີຽ	8
ປະຈຳໃຈ	8
ຊຸມແຊວ	8
ຢ່າງນັ້ນ	8
ດູຫມິ່ນ	8
ໄລປະ	8
ໃບໜ້າ	8
ຍຶດຄອງ	8
ຫລັງຄາເຮືອນ	8
ຫລົງຮັກ	8
ໃຫ້ລາງວັນ	8
ຖີ່	8
ຕາບອດ	8
ນ່າງ	8
ພັ້ງ	8
ປຸ່ງ	8
ນາບຂູ່	8
ບາລະມີ	8
ເຈັບໄຂ້	8
ສະເດັດກັບ	8
ຈັກຊິ	8
ວົງສາຄະນາຍາດ	8
ຮ່າໂນຍ	8
ຢູ່ກັບທີ່	8
ຄຽດແຄ້ນ	8
ໃສ່ຝຸ່ນ	8
ໄປວັດ	8
ມານເຂົ້າ	8
ຈ້ອຍ	8
ການຈັບກຸມ	8
ວິຊາທອນ	8
ເຂັນ	8
ຈົບຊັ້ນມັດທະຍົມ	8
ຄາຖາ	8
ຮອດຍາມ	8
ສ່ຽງໂຊກ	8
ຢ້ຽມຢາມສັນຖະວະໄມຕີ	8
ເທິງພູ	8
ຫນີຈາກ	8
ແມງມຸມ	8
ຄອງຄອຍ	8
ສາລະພາບ	8
ເໝືອນດັ່ງ	8
ລັງກຽດ	8
ບ່ອນສູງ	8
ວັງເວີນ	8
ຮາງວັນ	8
ຄ້າຍທະຫານ	8
ລູກຊີ້ນ	8
ລະດັບຄາດໝາຍ	8
ກົງກັນ	8
ກະບະ	8
ສ່ຽວ	8
ໝາກເຂືອ	8
ສຽງໂທ	8
ແສ	8
ລາວສູງ	8
ຫລຸລູກ	8
ຊ້ອມໃຫຍ່	8
ຊີ້ຂາດ	8
ກະທັດ	8
ສວຍໃຊ້	8
ເມື່ອມໍ່ໆມານີ້	8
ຕົ້ມນ້ຳ	8
ຄັດອອກ	8
ຄັ້ງແຮກ	8
ຫລາ	8
ສ່ຽງໄພ	8
ແຊະ	8
ສ່ຳໃດ	8
ແຊ	8
ໝາກອຶ	8
ເສນາບໍດີ	8
ຕິດຂັດ	8
ຮອບຄອບ	8
ພິທີແຕ່ງງານ	8
ແທນຄ່າ	7
ໃຊ່	7
ຫນໍ່	7
ສົມມາ	7
ຢ້ານສັ່ນ	7
ຖົມຂຸມ	7
ບັນລຸຜົນ	7
ແກ	7
ລົ້ມປ່ວຍ	7
ນັກໂທດການເມືອງ	7
ລາຄາຊື້	7
ຮັບສີນ	7
ລົງຄະແນນ	7
ຖ່ານຫິນ	7
ລີບັງ	7
ປ່ຽງ	7
ຊອມ	7
ໝາກນາວ	7
ຄຽງບ່າຄຽງໄຫລ່	7
ລ້າງໜ້າ	7
ແມ່ບົດ	7
ກຸນແຈ	7
ລະດົມຍິງ	7
ມື້ເຊົ້າ	7
ໝູນໃຊ້	7
ໂສຕະ	7
ເງິນເຟີ້	7
ກັລ	7
ລູກເຂີຍ	7
ໄມ້ປ່ອງ	7
ຖັງນ້ຳມັນ	7
ຄ້ານ	7
ກະຕຽມ	7
ເຂົ້າອົກເຂົ້າໃຈ	7
ເປັນໄຟ	7
ເຄີຍຟັງ	7
ລຽນກັນ	7
ຄວາມເປັນທຳ	7
ເຈືອຈານ	7
ເອກກະພາບ	7
ປະຢັດເວລາ	7
ຫງາຍ	7
ບີບບັງຄັບ	7
ພວກນ້ອງ	7
ຊື່ນຊົມຍິນດີ	7
ມຶນ	7
ຄົນຂັບ	7
ນຸ່ມ	7
ແລວນ້ຳ	7
ຂນາດ	7
ທອງເຫລືອງ	7
ນິບພານ	7
ຄ້າຍກັບວ່າ	7
ຫ່າງເຫີນ	7
ທຸກຖ້ວນ	7
ຕັດສິນຄະດີ	7
ສັດພາຫະນະ	7
ເບັ່ງບານ	7
ແຕ່ເຊົ້າ	7
ການອຸທິດ	7
ຜັກກາດຂາວ	7
ຫມາກຂ່າງ	7
ຖອກ	7
ອີ່ແມ່	7
ເລິກລັບ	7
ຈຸດຫລັກ	7
ອີ່ພໍ່	7
ຂາດສະຕິ	7
ກະແສລົມ	7
ຊື່ຫຍັງ	7
ສິນລະປະກຳ	7
ສນັບ	7
ເຫັນແຈ້ງ	7
ງົດເວັ້ນ	7
ຢ່າງອື່ນ	7
ອີກຕື່ມ	7
ພັງ	7
ຂີ້ຝຸ່ນ	7
ສັນຊາດລາວ	7
ຜານ	7
ອະມະຕະ	7
ຫລໍ່ລ້ຽງ	7
ບໍ່ເຫັນດີ	7
ທູ	7
ວີກ	7
ກຸ	7
ຈິງຢູ່	7
ສູນເສັຽ	7
ການສູ້ຊົນ	7
ນຳເຂົ້າມາ	7
ທາຍົກ	7
ຄົນໂທ	7
ໃຜມັນ	7
ເປັນໝາກ	7
ພະລິດ	7
ສະໃຈ	7
ສະພາບເດີມ	7
ສະເຫລີມ	7
ທ້າຍສຸດ	7
ຄຽດຊັງ	7
ປັກຫລັກ	7
ສົ່ງກິ່ນ	7
ນ້ອມ	7
ບູດ	7
ຫຸງຕົ້ມ	7
ກຸ້ມຕົວ	7
ໃກ້ເຂົ້າ	7
ເຊົ່າຊື້	7
ປັດຕິ	7
ທິສ	7
ງ້ວນ	7
ເອັດ	7
ດຸຫມັ່ນ	7
ບໍ່ມີໃບ	7
ຕົ້ນທາງ	7
ຂີ	7
ກະສາ	7
ສະຫລອງວັນເກີດ	7
ຂອງກິນ	7
ວັນນະກຳ	7
ສະປອດ	7
ເຊີ້	7
ໄຕມາດ	7
ນາງນາດ	7
ກຳລັງຄົນ	7
ກັກຕຸນ	7
ມ້າລໍ	7
ຢູ່ເຢັນເປັນສຸກ	7
ຕຸ່ມ	7
ຄິດກັນ	7
ຜູ້ສະໝັກ	7
ແກ້ມ	7
ໄຂ້ຍຸງ	7
ວົນວຽນ	7
ໝື້	7
ຢາດ	7
ຂີ່ມ້າ	7
ເດືອນຍີ່	7
ຄວາມຢູ່ດີກິນດີ	7
ມີຫວັງ	7
ລຶກລັບ	7
ສົງເຄາະ	7
ສ້າວ	7
ສະກິດ	7
ບ່າວສາວ	7
ຈ້າ	7
ຍາງ	7
ຫມົດແຮງ	7
ລົງພື້ນ	7
ເອົາເປັນເອົາຕາຍ	7
ຢ້າງ	7
ເປັນຕຸ່ມ	7
ພຍາບານ	7
ບົວລອຍ	7
ຮິບ	7
ເຫີຍ	7
ອີ່ມ	7
ຄວາມຄຽດແຄ້ນ	7
ຢອມ	7
ຢົກ	7
ລະອອງ	7
ຜູ້ກວດ	7
ສະງົບ	7
ງອມ	7
ພາຣະ	7
ຕ້ອງຫ້າມ	7
ເຖົ້າແກ່	7
ຂົ່ມເຫັງ	7
ຈຳສິນ	7
ສວັດດີ	7
ກ່າວເຕືອນ	7
ຫັນທິດ	7
ໂຫລ	7
ຍົກເວັ້ນແຕ່	7
ຄະນອງ	7
ຖິ້ມລະເບີດ	7
ແນວປ້ອງກັນ	7
ຟາຍ	7
ດ້າວ	7
ທອມ	7
ຄຶດເຖິງ	7
ມົງຄຸນ	7
ປ້ອງກັນຕົວເອງ	7
ລາດຊະ	7
ພາມາ	7
ມະຫາອຳນາດ	7
ຮື	7
ແບບຮຽນ	7
ສາຫັດ	7
ຄື່ນ	7
ແຄ້ນ	7
ລົດລະ	7
ໃຈອ່ອນ	7
ເຮືອບັກ	7
ຫົວພໍ່	7
ຍາມນັ້ນ	7
ໂຊ່	7
ຮອບຕົວ	7
ວົງມົນ	7
ການສ່ອງແສງ	7
ວັນລະນຶກ	7
ນະຂະ	7
ຄຽດໃຫ້	7
ເຈົ້າມູນ	7
ບໍລົມ	7
ປົກຫົວ	7
ວັນເພັງ	7
ກະບຸງ	7
ເທວະບຸດ	7
ພິທູນ	7
ພົບຄວາມຫຍຸ້ງຍາກ	7
ໄຟຟ້າແຮງສູງ	7
ອາທິດແລ້ວ	7
ສະເທືອນ	7
ເດີກ	7
ດາມ	7
ດຸເດືອດ	7
ໝາກມ່ວງ	7
ທໍລະຫົດ	7
ການສຳຜັດ	7
ສາທາລະນະຊົນ	7
ພຸດທະສາສະນິກະຊົນ	7
ເຮັດສວນ	7
ເພີ່ມພູນ	7
ລູກຄິດ	7
ສະພາກ	7
ພະຍາດໄຂ້ປ່າ	7
ນິດໃສ	7
ລອດຕາຍ	7
ເຄັ່ງຄຽດ	7
ນຳຫນ້າ	7
ສ່ວນບຸນ	7
ແຂມ	7
ທາງໄດ້	7
ພາຍລຸນ	7
ຄວາມຊົ່ວ	7
ຄັກບໍ່	7
ຂໍນຳ	7
ປີກວ່າ	7
ຫຸມ	7
ສັກລາຍ	7
ນິມົນ	7
ລົງມະຕິ	7
ໃຫ້ທັນເວລາ	7
ທາງນີ້	7
ກົດບັດ	7
ມູນຄວາມຈິງ	7
ຄຳຂາວ	7
ຄວາມມັກ	7
ພະລະສຶກສາ	7
ເລືອດໄຫລ	7
ຊ່ອງວ່າງ	7
ສ້າງວັດ	7
ຮິມ	7
ຂ່າວປະເສີດ	7
ຈ້າງຄົນ	7
ຫົວໃຈວາຍ	7
ກອງທັບອາກາດ	7
ຈິດຕະສາດ	7
ຫລາຍໂພດ	7
ຊ້ອງ	7
ທວນ	7
ກະບົດ	7
ນ້ຳບົກ	7
ສຸດແລ້ວ	7
ທວງເອົາ	7
ຂິມ	7
ຄ່ອນຂ້າງ	7
ນ້ຳມາ	7
ຫາຫຍັງ	7
ຢ່າງເປີດເຜີຍ	7
ຫລົງໄຫລ	7
ຮິບໂຮມ	7
ແຕ່ນັ້ນ	7
ພາຍຸລົມ	7
ເຜົາໄໝ້	7
ຕັ້ງແຕ່ນັ້ນ	7
ຄຶງ	7
ໂລ້	7
ຄຳຖະແຫລງ	7
ດິ່ງ	7
ສໍ່	7
ອຸທຸມພອນ	7
ຊາກສົບ	7
ບໍ່ຊ່າງ	7
ຄະມະ	7
ເພີ້	7
ລາຄາຂາຍ	7
ເຄື່ອງໃນ	7
ໂປດ	7
ເວລາພັກ	7
ຂວ້ຳ	7
ຄວາມຈົບງາມ	7
ທ່ຽງທຳ	7
ສົມການ	7
ຫລົກ	7
ຢາເມັດ	7
ສາລະພັດ	7
ຍິງທະນູ	7
ປ່ຽນບ່ອນ	7
ສຸດໃຈ	7
ຂ້າມຟາກ	7
ອາຈົມ	7
ຢໍ້າ	7
ຖ່ວງດຶງ	7
ພໍໃຫ້	7
ບັດປະຈຳຕົວ	7
ຫລົງເຊື່ອ	7
ເພດານ	7
ມາດາມ	7
ບັດເຊີນ	7
ລອດພົ້ນ	7
ກະຕາມ	7
ຫມໍ້	7
ລົງມືເຮັດ	7
ສ່ວນນ້ອຍ	7
ບັນພະບຸຣຸດ	7
ໃຊ້ໜີ້	7
ຄວາມຈື່ຈຳ	7
ອານາຈັກລາວ	7
ຄວາມສີວິໄລ	7
ທະເລຈີນໃຕ້	7
ຮູດັງ	7
ໄຂ້ຫວັດໃຫຍ່	7
ສະພັງ	7
ເປັນຫວັດ	7
ຄວາມຫລັງ	7
ກະລຶມ	7
ຕັກແຕນ	7
ມາບ້ານ	7
ຕູ້ໄປສະນີ	7
ກ່າ	7
ອອກລູກ	7
ກ່າງ	7
ດອກໄມ້ແດງ	7
ລົດໄຖ	7
ຮ່ວມແຮງ	7
ມານະ	7
ລ້ອນ	7
ອວຍ	7
ກໍ່ຍ້ອນວ່າ	7
ໜຸນ	7
ແຈ່ວ	7
ນັບແຕ່ນັ້ນມາ	7
ຜູ້ດຽວ	7
ອາການເຈັບ	7
ແວ່ນ	7
ຫໍຄຳ	7
ລຳເຊ	7
ຮັບມອບ	7
ໃນຣະຍະນີ້	7
ຕົກລົງກັບ	7
ປະລິ	7
ໂດຍຕົນເອງ	7
ຄູ່ຄອງ	7
ສອງຫົວ	7
ວ່າຕາມ	7
ສອງເທື່ອ	7
ໄຕປີດົກ	7
ທຸຣະ	7
ອາເມລິກາໃຕ້	7
ອາແຕນ	7
ບໍ່ປ່ຽນ	7
ກຳມະຊີບ	7
ຕາກແດດ	7
ບັນດົນ	7
ແມ້ນ	7
ໃໝ່ອ່ຽມ	7
ແອດແລດ	7
ອອກເງິນ	7
ໃນຕາ	7
ເຄື່ອງນຸ່ງ	7
ເຈັບບໍ່	7
ຫຍັນ	7
ຝຽນ	7
ເປັນຕົວການ	7
ຍ້ອມ	7
ກີດກັ້ນ	7
ຄີມ	7
ຂູ່	7
ລູບໄລ້	7
ເຮືອໃບ	7
ແບ່ງປັນກັນ	7
ອະຫິວາ	7
ນັກແຕ່ງ	7
ຮອງລົງ	7
ການເຮັດໄຮ່	7
ຖຽງ	7
ບໍ່ຮູ້ຕົວ	7
ສຽງດັງ	7
ຄ້າງຢູ່	7
ບໍ່ທໍ່ໃດ	7
ວິທະຍານິພົນ	7
ເຂັນຝ້າຍ	7
ພາສາສາດ	7
ນົບພະ	7
ກະບອກສຽງ	7
ສ່ວຍສາອາກອນ	7
ເຫິງ	7
ຮ່ຳ	7
ມັນຝຣັ່ງ	7
ສົ່ງມອບ	7
ເທດສະໜາ	7
ບົດທ່ອງຂຶ້ນໃຈ	7
ໃສ້	7
ຂາກັບ	7
ຂີ່ຊ້າງ	7
ຟ້າຜ່າ	7
ຖີບ	7
ໜ່ວຍໂລກ	7
ຕົນໂຕ	7
ໂຄຈອນ	7
ຈຽມ	7
ກິນເງິນ	7
ເບື້ອງຫລັງ	7
ທັນເວລາ	7
ລ້າງມື	7
ເສັ້ນຂະໜານ	7
ໄຕປິດົກ	7
ຄວງ	7
ບໍຣິໂພກ	7
ມັຍ	7
ຄືມາ	7
ໂຄງກະດູກ	7
ປ່າຍ	7
ທະນາຍຄວາມ	7
ຫວ່ານ	7
ຖືກຂັງ	7
ມືນຕາ	7
ໄວ້ເນື້ອເຊື່ອໃຈ	7
ເຖິງແມ່ນຈະ	7
ແຍກກັນ	7
ສອງເທົ່າ	7
ຫົວເມືອງຂຶ້ນ	7
ເກືອບຫມົດ	7
ຟີຊິກ	7
ຊະນີ	6
ຈຸນ	6
ມື່ນ	6
ດັ່ງນີ້ເປັນຕົ້ນ	6
ບາດທະຍັກ	6
ຍິ່ງໄປກວ່ານັ້ນ	6
ປິ່ນປົວພະຍາດ	6
ຊ້າງຕໍ່	6
ການຢຸດງານ	6
ເສົ້າໝອງ	6
ມະໄລ	6
ບັນນາທິການ	6
ຕີນຂວາ	6
ໜ້າບ້ານ	6
ພູສີ	6
ເຂົ້າໄຮ່	6
ຝັ່ງແມ່ນ້ຳ	6
ທາງຂ້າງ	6
ດ້ານຫນ້າ	6
ທໍລະລາດ	6
ຍຸທ	6
ຜັດ	6
ໃໝ	6
ສັດສາວາສິ່ງ	6
ອຸຕ	6
ຂແນງ	6
ກະບິນ	6
ປິດກັ້ນ	6
ລູກມື	6
ເພື່ອນຝູງ	6
ກະບອງ	6
ໄມ້ມື	6
ຈ່ອຍຜອມ	6
ສວນທາງ	6
ເສບຢາເສບຕິດ	6
ສຽມ	6
ຖານັນດອນ	6
ອຶດ	6
ມິຕ	6
ຟອນ	6
ຕາມໆກັນ	6
ເຄື່ອງປະກອບ	6
ລົນ	6
ກັນນ້ຳ	6
ຈຸກ	6
ຫູໜວກ	6
ກະຫາຍ	6
ສຸພາບບຸລຸດ	6
ເປີດເຜີຍຄວາມລັບ	6
ຫລ້າຫລັງ	6
ບໍລິວານ	6
ຂອງດີ	6
ແຫ່ຂະບວນ	6
ວິສະວະກອນ	6
ໂປໂລ	6
ໄປອາບນ້ຳ	6
ນັກບຸນ	6
ໃນການທີ່ຈະ	6
ຖົ່ວຂຽວ	6
ຄຸກຄາມ	6
ນາມບັດ	6
ຊັກນຳ	6
ຜູ້ຂາຍ	6
ໄກ້ຊິດ	6
ນອກເມືອງ	6
ດີ້	6
ວຽກງານພາຍໃນ	6
ໄຊຍະວົງ	6
ເຂດຮ້ອນ	6
ຕັດອອກ	6
ເຂາະ	6
ແພ່ງ	6
ແພ່ຫລາຍ	6
ສຳເລັດໜ້າທີ່	6
ຜ້າບ່ຽງ	6
ໄຖ່	6
ທິປະໄຕ	6
ສານອວຍພອນ	6
ກະຊວງພາຍໃນ	6
ກີ່	6
ການເຊີນ	6
ເຄື່ອງປະດັບ	6
ນາຍຄູ	6
ຜູ້ເຮັດ	6
ແສງສວ່າງ	6
ຄ່າເຊົ່າ	6
ຊັ້ນນຳ	6
ຈ້ອນ	6
ຫອຍ	6
ຈົມນ້ຳ	6
ທະແນມແຕ່	6
ກອນລຳ	6
ຍືນຍົງຄົງຕົວ	6
ອະລັງການ	6
ຖີ່ຖ້ວນ	6
ລົດນ້ຳ	6
ກະຕິ	6
ເຫດນີ້	6
ໂບກ	6
ສະພານ	6
ຕຸກກະຕາ	6
ເປັນກັນເອງ	6
ທໍ້ແທ້	6
ລັກທຳ	6
ຫນອງໃນ	6
ພິຖີພິຖັນ	6
ກະວົນກະວາຍ	6
ນ່ວງ	6
ພະຍາງ	6
ຮ້ອນຮົນ	6
ຫວງແຫນ	6
ສນັບສນຸນ	6
ໂກສົນ	6
ຣັດຕະນະ	6
ແມ່ທ້ອງ	6
ດ້າຍ	6
ຫມາກແຕງ	6
ນັກຖ່າຍພາບ	6
ຖະໜົນຫົນທາງ	6
ຕົດ	6
ເດິກ	6
ສຸລິຍະ	6
ລືບ	6
ສະເລີຍ	6
ໂດຍສັງເຂບ	6
ຍຸຕິ	6
ໝົດອາຍຸ	6
ລົງຂ່າວ	6
ຟ້າຄະນອງ	6
ນ້ຳສ້າງ	6
ຫຸ້ມຫໍ່	6
ຝັກ	6
ຝຶກສອນ	6
ປະຖິ້ມ	6
ຊະດິນ	6
ຕັດຂາ	6
ສ້ອມ	6
ສາລະພາບຜິດ	6
ຟົ້ງ	6
ກະຈົກ	6
ແຮ້ງ	6
ກະດັນ	6
ວັງສະ	6
ຮອງປະທານາທິບໍດີ	6
ພໍກິນ	6
ຫົວຈັກ	6
ຂໍ້ຜູກພັນ	6
ຄວາ	6
ນ້ຳກ້າມ	6
ແບ່ງກັນ	6
ເກັບຕົວ	6
ຜູ້ມີອຳນາດ	6
ທີ່ເຊົາ	6
ດູກ	6
ນຸ່ງເຄື່ອງ	6
ສົມພານ	6
ພັກສາ	6
ຕົບ	6
ໄດ້ການ	6
ພຍາ	6
ຈັກຢ່າງ	6
ຈື່ຈຳ	6
ປີງ	6
ວັນສັງຂານ	6
ການບຸກລຸກ	6
ແນວແນ່	6
ຕັ້ງຄ້າຍ	6
ໂດດຈ້ອງ	6
ຫລັກເມືອງ	6
ຖແລງການ	6
ກົກຮາກ	6
ອອກມາໃຫ້ເຫັນ	6
ຄວາມຂັດແຍ້ງ	6
ພໍປະມານ	6
ຮັບເໝົາ	6
ຂາດໄປ	6
ພັກອາໄສ	6
ຄວາມຫມັ້ນຄົງ	6
ພັກເຊົາ	6
ສູງທຽມຟ້າ	6
ທີ່ປະທັບ	6
ກວາງຕຸ້ງ	6
ທຽວ	6
ເຮືອສິນຄ້າ	6
ສຶກສາທິການ	6
ລາຕິນ	6
ຫນຽວແຫນ້ນ	6
ບືນຕົວ	6
ວາລິ	6
ທັງສິ້ນ	6
ຫນຸ່ມສາວ	6
ສັ່ງປິດ	6
ແປກໜ້າ	6
ການລົງໂທດ	6
ລົ້ມລົງ	6
ສຸວັນນະພູມ	6
ມີໂທດ	6
ແຜດເຜົາ	6
ຫນີ້	6
ອາຣີ	6
ຊຸ້ມ	6
ເຫິງນານ	6
ເອົາປຽບ	6
ເມືອງແກ້ວ	6
ເຈາະຈີ້ມ	6
ຕອນໃນ	6
ອຶນ	6
ທ່າກຳປັ່ນ	6
ສົ່ງໂທລະເລກ	6
ບັ້ງ	6
ກ່ຳ	6
ຕົວໃຫຍ່	6
ບຽດບຽນ	6
ອັນຄວນ	6
ຫາຈະ	6
ກໍ່ຄວາມ	6
ຕັ້ງທ່າ	6
ເຈືອ	6
ໂຫ້	6
ເດນ	6
ຄວາມເຕັມໃຈ	6
ກົກເຄົ້າ	6
ພະຫັດ	6
ຖີບຕົວ	6
ດູດເອົາ	6
ເຫັນຕາມ	6
ເຄື່ອງດົນຕີ	6
ບໍ່ຖືກໃຈ	6
ພຶ້ນ	6
ມຸ່ງຫວັງ	6
ໄດ້ຂ່າວ	6
ໂຮງໄຟຟ້າ	6
ນັກບູຮານຄະດີ	6
ຮີບມາ	6
ພິໄນກຳ	6
ຍາມຝົນ	6
ຍ່າງເຂົ້າໄປ	6
ຫລີ່	6
ຍິ່ງຫລາຍ	6
ພາງ	6
ຊືນ	6
ກະແສເງິນ	6
ຊັບສິນຂອງປະຊາຊົນ	6
ລັ່ນຄ້ອງ	6
ຄືບ	6
ຕ້ອງໃຈ	6
ປ່ຽນທາງ	6
ວັນເພັນ	6
ຂໍຮັບ	6
ບັງຄັບຂົ່ມເຫັງ	6
ຮັງ	6
ໂລກປະຈຳ	6
ນອນຕື່ນ	6
ສະກັນ	6
ຕອດ	6
ຄວາມສຸກທຸກ	6
ເອມ	6
ຫນ້າເບື່ອ	6
ອຸດົມຄະຕິ	6
ຂອງໄຫລ	6
ປາຂາວ	6
ສາຍສະໝອນ	6
ຄຽງຂ້າງ	6
ຢື້	6
ຈອມທັບ	6
ພ້າ	6
ຂົນຍ້າຍ	6
ຄຳແພງ	6
ຫມຸນ	6
ວັດຈະນານຸກົມ	6
ຖືກປັບໄຫມ	6
ຫລັ່ງໄຫລ	6
ປ້ອຍ	6
ລັດທິມາກເລນິນ	6
ອາເມລິກາເໜືອ	6
ສີຫນ້າ	6
ເວົ້າງ່າຍໆ	6
ທາງນອກ	6
ເປັນທັມ	6
ຄາບນ້ຳ	6
ປຸນ	6
ເວັ້ນແຕ່	6
ສົ່ງຂ່າວ	6
ດີໃຈທີ່	6
ຕົກລົງໄປ	6
ມືດມົນ	6
ຍ້າຍບ່ອນ	6
ສີສົດ	6
ຊູ່	6
ນາງເອກ	6
ຍານະ	6
ຖອຍຫລັງ	6
ຕຳລວດ	6
ນົກອິນຊີ	6
ສົ່ງຄືນ	6
ມາເຮັດຫຍັງ	6
ກະຈົນ	6
ສິ່ງກີດຂວາງ	6
ກ້າວກະໂດດ	6
ຈີ່	6
ສັນຕະ	6
ເຄື່ອງນຸ່ງຫົ່ມ	6
ສັງກະສີ	6
ກາມ	6
ດວງຈິດ	6
ເລີດລ້ຳ	6
ຍື່ນໃຫ້	6
ການຢູ່ຮ່ວມກັນ	6
ໂດຍບັງເອີນ	6
ພວດ	6
ເຂົ້າປຽກ	6
ສິ້ນໃຈ	6
ພາສາກາງ	6
ມາຄະ	6
ເງືອກ	6
ໄຄ່	6
ອົ້ວ	6
ອັຍ	6
ເທື່ອໃນ	6
ລະກາ	6
ປະປ່ອຍ	6
ວັທ	6
ມັ່ງ	6
ອຸປະໂພກ	6
ຊ່າລື	6
ຕາບ	6
ສວນສາລີ	6
ວິສາຂະບູຊາ	6
ໂຣກເບົາຫວານ	6
ອະນຸວົງ	6
ແຫລກ	6
ອາຍຸສູງ	6
ອາຫານທ່ຽງ	6
ພຸກ	6
ບໍ່ສະອາດ	6
ທໍ່ກັບ	6
ນັກພາສາສາດ	6
ຖັງນ້ຳ	6
ຄົວກິນ	6
ອິດສະລະພາບ	6
ຄອບງຳ	6
ຢຶດຖື	6
ພຸດທະຮູບ	6
ເພີ່ງ	6
ເປັນຈັ່ງໃດ	6
ການວາງສະແດງສິນຄ້າ	6
ຖ່າຍເທ	6
ກຳພູຊາ	6
ແວ່ນຕາ	6
ຄົບແລ້ວ	6
ບັນທັດຖານ	6
ແຈ້ງຄວາມ	6
ຄວາມໄວ້ວາງໃຈ	6
ທາງຣົຖ	6
ວາດພາບ	6
ຂູດຮີດ	6
ເອກກະລັກ	6
ຈັບຈອງ	6
ສະດຸດຕາ	6
ໂປ່	6
ລ້ຽງແຂກ	6
ຂ້າງໃດ	6
ໂຮງສີເຂົ້າ	6
ການຕີລາຄາ	6
ລ້າງຜານ	6
ຖ້ວນຫນ້າ	6
ຕົບມື	6
ສະພາບການຕົວຈິງ	6
ການຈຳກັດ	6
ວິມານ	6
ຖືກກວ່າ	6
ເຕີ້ຍ	6
ຫລຸດລາຄາ	6
ນິ້ມ	6
ງານວັນເກີດ	6
ດ້ານຫລັງ	6
ຄວາມເປັນລະບຽບ	6
ລຶ້ງເຄີຍ	6
ຈຸລາ	6
ສະແດງອາການ	6
ລັດສະໝີ	6
ລອງກິນ	6
ຫົວຜັກທຽມ	6
ເຮືອນຂອງຂ້ອຍ	6
ນາສວນ	6
ແຫລວ	6
ຄວນຫາ	6
ລົ້ມເລີກ	6
ຕາມທຳມະດາ	6
ຄຸ	6
ນິຕິບຸກຄົນ	6
ເຫນັງ	6
ນັກແຕ້ມຮູບ	6
ອຸມົງ	6
ມຸກດາ	6
ເບົາບາງ	6
ນ່າຍ	6
ມິດໄປ	6
ລະງົມ	6
ສລາມ	6
ລຳຕົ້ນ	6
ຂູດ	6
ແສ້	6
ແທ້ນໍ	6
ຢັນ	6
ສງົບ	6
ບາດຫລວງ	6
ຄຶກຄັກ	6
ດາຣາ	6
ຂໍ້ຄິດເຫັນ	6
ທ້ອນເງິນ	6
ຂວານ	6
ທຳທ່າ	6
ເພັດຊະຄາດ	6
ໃຈໃສ	6
ບັງຫຽນ	6
ຕັດເງິນເດືອນ	6
ເຢີ	6
ຫາວຽກເຮັດ	6
ຄາລົມ	6
ແມງວັນ	6
ສຸພັນ	6
ສະແດງຄວາມຄິດເຫັນ	6
ຄ່າຕອບແທນ	6
ເຊື້ອເພີງ	6
ກະລົດ	6
ລິບດາ	6
ພິບຕາ	6
ທາຍາດ	6
ລູກສອນໄຟ	6
ຜູກມັດ	6
ໂຄສະນາສິນຄ້າ	6
ພິກໄທ	6
ສອງຄັ້ງ	6
ຄວາມກະຕັນຍູ	6
ທີ່ເພິ່ງ	6
ໝວກ	6
ກິລິຍາມາລະຍາດ	6
ເມືອງເອກ	6
ກັສ	6
ປົນເປ	6
ຈີກ	6
ທັບມ້າງ	6
ຫົ່ມ	6
ເຮືອນຄົວ	6
ຄູ່ຄິດ	6
ຫົວເຂົ່າ	6
ລັນ	6
ຫລຽວ	6
ອາຈຽນ	6
ສົມສ່ວນ	6
ຍຸນ	6
ອຸບປະກອນ	6
ບໍ່ດົນປານໃດ	6
ຊ່ຽນ	6
ແນວຫນ້າ	6
ຕາມກົດເກນ	6
ຕອບບັນຫາ	6
ຜິດໄປ	6
ໄຫວພິກ	6
ສຸລະ	6
ຊື້ຈ້າງ	6
ອິ່ມ	6
ອ່ອນນ້ອຍ	6
ປະຣິມານ	6
ອາທິດຫນ້າ	6
ສາຍແອວ	6
ມະໂນທຳ	6
ນ້ຳຫ້ວຍ	6
ຂອງກາງ	6
ກ່ານ	6
ສາບານຕົວ	6
ຄ້ອງໄຊ	6
ຜູ້ນັບຖື	6
ຄະນະປະທານ	6
ອອກການ	6
ຜາບ	6
ຂໍ້ຜິດພາດ	6
ສາດຕາ	6
ຄົນໂງ່	6
ກະໂຫລກ	6
ສຳພຸດ	6
ຍັງແຕ່	6
ເຄືອຈັກກະພົບ	6
ຄຳແຫງ	6
ອາຍນ້ຳ	6
ມື້ບຸນ	6
ເມີນເສີຍ	6
ເຈົ້າກຳ	6
ນະວະນິຍາຍ	6
ຈະລາຈົນ	6
ເປືອງເງິນ	6
ລົດນິຍົມ	6
ແຫ	6
ຄ້າງຄືນ	6
ລະບຽງ	6
ກະລີ	6
ນ້ຳເລິກ	6
ສະຫະພັນແຮງງານ	6
ຫະນຸມານ	6
ຕິໃຫ້	6
ມອບອຳນາດ	6
ການເກິດ	6
ເຕັນນິສ	6
ໃສ່ໂສ້	6
ກິນແຮງ	6
ເຈືອປົນ	6
ວັນນະໂລກ	6
ຈວນ	6
ວ່າກ່າວ	6
ເມືອເຮືອນ	6
ປະທະກັນ	6
ຢາດເຫື່ອ	6
ພິບັດ	6
ລອກແບບ	6
ດັ່ງໃຈ	6
ນ້ຳອູ	6
ຄະທາ	6
ອາວອນ	6
ອັນຖືກຕ້ອງ	6
ວະທະ	6
ເບີກເງິນເດືອນ	6
ຣິມ	6
ເທົາ	6
ຄັ້ງຫລ້າສຸດ	6
ເອົາໃຈໃສ່ຕິດຕາມ	6
ອອກທຶນ	6
ຈ່ວນ	6
ຄຸນລັກສະນະ	6
ຄົບຫາ	6
ມໍຣະດົກ	6
ເອົາມານຳ	6
ເສຕ	6
ຄະລຳ	6
ໂສໂຄກ	6
ເດີນຕາມ	6
ນິຣະໂທດ	6
ດັ່ງໄດ້	6
ຫາທາງອອກ	6
ຄ່ານ້ຳ	6
ແກ້ງແຍ້ງ	6
ເຄົ້າໂຄງ	6
ຢຶດຄອງ	6
ວັດຕະ	6
ໄປບ້ານ	6
ລີບ	6
ຂາດຕະຫລາດ	6
ອ່ານບໍ່ອອກ	6
ແບນ	6
ຊູແອັດ	6
ນາດຳ	6
ຫລົ້ມ	6
ຊຸມໂຕະ	6
ໜຸ່ມນ້ອຍ	6
ການສໍ້ລາດບັງຫລວງ	6
ເທວະ	6
ຮ້ອງເພງດຽວກັນ	6
ຮອບໆ	6
ເລົ່າລື	6
ກະໂພກ	6
ເບິ່ງກ່ອນ	6
ພະເຈດີ	6
ຄວາມໄວ້ເນື້ອເຊື່ອໃຈ	6
ການທຳນາ	6
ຜິດສັນຍາ	5
ນ້ຳໃຈຮັບຜິດຊອບ	5
ໂຮງງານຢາສູບ	5
ປີດ	5
ຕູບ	5
ນວມ	5
ຕລອດເວລາ	5
ກັບບ່ອນ	5
ການບ້ານ	5
ໃຫຍ່ໂຕ	5
ຂົນສົ່ງທາງອາກາດ	5
ໂກະ	5
ຟຶ້ນຟູ	5
ແລ້ວໆ	5
ຢ່ວງ	5
ຜ່ານມະຕິ	5
ການຂົນ	5
ຮຸງ	5
ຫນ້າບ້ານ	5
ວາສ	5
ຖ້ວນໜ້າ	5
ມື້ຄືນວານນີ້	5
ຊານເຮືອນ	5
ຂົບ	5
ໄທຍັງ	5
ເຟືອຍ	5
ປະຕູເຮືອນ	5
ສັນເສີນ	5
ຫລີກລຽງ	5
ຫອງ	5
ແຕ່ກີ້	5
ສະຫະລັດອະເມລິກາ	5
ຄວາມຂາດ	5
ກາຍວ່າ	5
ຄວາມວ່ອງໄວ	5
ຊັ້ນນອກ	5
ພຶ້ນຖານ	5
ຄວາມສົມບູນ	5
ກອງຫນ້າ	5
ເຫລວ	5
ບາກບັ່ນ	5
ຍາມໜາວ	5
ເຍົາວະ	5
ດາວເຮືອງ	5
ຈຸ່ນ	5
ໃຫ້ຮອດ	5
ດີບໍ່ດີ	5
ລະລຶກເຖິງ	5
ເກີນຂອບເຂດ	5
ແມ່ຄົວ	5
ສວີ	5
ຮູບທຳ	5
ບໍ້	5
ຣົຖຍົນ	5
ຮັກສາຮີດຄອງ	5
ໄລ່ຕາມ	5
ປາກພູໄຟ	5
ມັກໄດ້	5
ສົມບູນຂຶ້ນ	5
ອັດສະຈັນໃຈ	5
ວິຈັຍ	5
ບັນເລງ	5
ເຈົ້າຊື່ຫຍັງ	5
ຜູ້ສືບ	5
ຫາເຂົ້າ	5
ໃນກໍຣະນີ	5
ຫລົບໜີ	5
ໂຊກລາບ	5
ຄວາມສັມພັນ	5
ການຮຸກຮານ	5
ຕັນທາງ	5
ພໍ່ຕາ	5
ກັງຫັນ	5
ລະບາຍອາກາດ	5
ທ້ອງຕລາດ	5
ຄັມພີ	5
ອິດສະຣະ	5
ໄດ້ຮັບຄວາມເຫັນດີ	5
ປະກອບສ່ວນຢ່າງສົມກຽດ	5
ຂັນຕີ	5
ຫລົບຫລີກ	5
ໄປຊະ	5
ປີ້ນ	5
ຂີ້ເຫລັກ	5
ແນມເຫັນ	5
ທູບ	5
ຍັບ	5
ຫງອກ	5
ລັດຖະປະຫານ	5
ໃຈກວ້າງ	5
ໂຈຣະ	5
ນ້ຳມັນເຊື້ອເພີງ	5
ໂອພາດ	5
ແສ່ວ	5
ເປັນກາງ	5
ຮ້ານກິນດື່ມ	5
ສ້ຽວ	5
ຂ້າງຕົ້ນ	5
ຄວາມດັນໂລຫິດສູງ	5
ຮຽວ	5
ຈິກ	5
ອຸປະທູດ	5
ຈົບກັນ	5
ບົວເງິນ	5
ຖ້ອຍ	5
ລ້ຽງຊີບ	5
ໂຫຍ	5
ພາດໂອກາດ	5
ໄຟມອດ	5
ເລື່ອນໄປ	5
ພື	5
ຝາເຮືອນ	5
ເພັງຊາດ	5
ຄວາມສົມບູນພູນສຸກ	5
ທາດເຫລັກ	5
ສະຫະຣັດອະເມຣິກາ	5
ເຂົ້າປະຈຳ	5
ສະຕະ	5
ບ່ອນຮົ່ມ	5
ຄວາມລະມັດລະວັງ	5
ພົມມາ	5
ມຸ່ນທະລາຍ	5
ພາເຂົ້າ	5
ກັບມື	5
ຢູ່ຮ່ວມ	5
ສາມັນຊົນ	5
ກິຕ	5
ສຸພາ	5
ລອບເຂົ້າ	5
ຫລຸມ	5
ຫນ	5
ທີ່ແຈ້ງ	5
ຫລອງ	5
ນີວຢອກ	5
ຈຳນວນຈຳກັດ	5
ສຸນ	5
ໃຫ້ສິນບົນ	5
ຂຶ້ນສານ	5
ກັດແຂ້ວ	5
ໃຫ້ຢືມ	5
ສນະ	5
ສາບແຊ່ງ	5
ຈາວ	5
ເລ້	5
ໂດຍທາງອ້ອມ	5
ຟ່າງ	5
ບິງ	5
ມີຝີມື	5
ວາງຕົວ	5
ນິລະນາມ	5
ຖົ່ວງອກ	5
ທາງຫລັງ	5
ຍື່ນຄຳຮ້ອງ	5
ໂລກໃຫມ່	5
ຫລ້າຊ້າ	5
ຫນີ້ສິນ	5
ມອັກ	5
ໃຝ່ຝັນ	5
ຫ້າສິບ	5
ກອງພັນ	5
ຜູ	5
ຊົນກັນ	5
ເທພ	5
ຈ້ວງ	5
ປະສານສຽງ	5
ໂສມໜ້າ	5
ເສັ້ນສູນສູດ	5
ຂ້ອນແຈ້ງ	5
ຕອນຈົບ	5
ຢຸດຢັ້ງ	5
ເມື່ອນັ້ນ	5
ເຈົ້າໜີ້	5
ພະເຍຊູ	5
ຄົ້ວ	5
ເຕັມໂຕ	5
ໄຄ	5
ທຸ່ມເທ	5
ພະຍາງດຽວ	5
ສິ່ງສັກສິດ	5
ລ່ວງໄປ	5
ເຫັນດ້ວຍ	5
ຕີງ	5
ປູຊະນີຍະ	5
ແຕກຫັກ	5
ຢ່າງໃດກໍ່ດີ	5
ຮັດກຸມ	5
ຊຸກເຊື່ອງ	5
ຂ້າມຮົ້ວ	5
ແຊວ	5
ດ້ວຍວ່າ	5
ຮາມ	5
ໂຮງຮຽນວິຊາຊີບ	5
ເຫງົານອນ	5
ເຂົ້າເຈົ້າ	5
ນິນທາ	5
ຊະຍະ	5
ແມ່ເຮືອນ	5
ສ່ວນນັ້ນ	5
ປະຊຸມໃຫຍ່	5
ຫນ້າດ້ານ	5
ຕົກເປັນເງິນ	5
ບໍ່ຫນ້າເຊື່ອ	5
ຕັນຫາ	5
ຈຳເລີຍ	5
ຍົກໄປ	5
ຕໍ່ລາຄາ	5
ໃຈບໍລິສຸດ	5
ກະໂດດເຂົ້າ	5
ກຸຍ	5
ຄ່າຕົວ	5
ໄຕແກ້ວ	5
ຈັບຕາ	5
ອຸບ	5
ແຖບນີ້	5
ພ້ອມໃຈກັນ	5
ລະເມີ	5
ງານສະຫລອງ	5
ບໍ່ຫວິດ	5
ເລົ່າໃຫ້ຟັງ	5
ໄປທາງຊ້າຍ	5
ຂໍອະນຸມັດ	5
ເຄືອບ	5
ນິພົນ	5
ລັດຊະການ	5
ທຳສັນຍາ	5
ອາຄາດ	5
ເຂົ້າໃຈກັນດີ	5
ເດັກນັກຮຽນ	5
ຖືກັນວ່າ	5
ຄຽງກັນ	5
ເຄັ່ງຕຶງ	5
ສຳເລັດການສຶກສາ	5
ນັກການເມືອງ	5
ລົງຮາກ	5
ກັກຕົວ	5
ບໍ່ເປັນເລື່ອງ	5
ຍົກທັບ	5
ຮອກ	5
ແຂ່ງກັນ	5
ວິພາກວິຈານ	5
ຝີ່ນ	5
ເລືອກໄປ	5
ຍັງຄົງຢູ່	5
ກະອອກ	5
ຕົ້ນນ້ຳ	5
ແລ່ນຫນີ	5
ຣາຊວັງ	5
ຢ່າງຖີ່ຖ້ວນ	5
ນັ້ນແລ	5
ຍົກບັນຫາ	5
ແມ່ໝ້າຍ	5
ຫລຽວເບິ່ງ	5
ອະຣະຫັນ	5
ການຜູກມັດ	5
ພາສີທີ່ດິນ	5
ກ່າວຟ້ອງ	5
ເພິ່ນເວົ້າວ່າ	5
ສະເພາະຕົວ	5
ແກ້ຕົວ	5
ສິດທິບັດ	5
ພູມີສາດ	5
ພາສາປະຈຳຊາດ	5
ອ້າງອິງ	5
ລູກປືນ	5
ໜ້າບາງ	5
ເຈົ້າແຜ່ນດິນ	5
ອຸບັດ	5
ກົກເຫງົ້າ	5
ເດືອນໜ້າ	5
ກຸກ	5
ເປັນແຜ	5
ບົທ	5
ຄູ່ຊີວິດ	5
ແຕ່ເດີມ	5
ດັງໄກ	5
ລົງຊື່	5
ຟ້ອງຮ້ອງ	5
ປ່ຽນໃຈ	5
ບີ້	5
ເອີ້ນຊື່	5
ສ້າງບ້ານແປງເມືອງ	5
ແຕ່ເຖິງຢ່າງໃດກໍ່ຕາມ	5
ສາມະຊິກ	5
ຊຶມເຂົ້າ	5
ຮັງນົກ	5
ບັນຊາການ	5
ຟ້າຮ້ອງ	5
ຮາບ	5
ປ້ອງກັນປະເທດ	5
ຕ້ອງຕາ	5
ໂຮງຫນັງ	5
ຝັງໃຈ	5
ກອຍ	5
ທັບພະ	5
ເຫັນອົກເຫັນໃຈ	5
ກອງທັບເຮືອ	5
ເຄື່ອງແບບ	5
ນິຣະ	5
ໂຍທາ	5
ວັດຈະນະ	5
ສະຫວ່າງສະໄຫວ	5
ແຮດ	5
ຣຸກຣານ	5
ສລາ	5
ເຜີ	5
ກໍ່ເຫດ	5
ບຶດດຽວ	5
ດີໆແລ້ວ	5
ສ່ວນບຸກຄົນ	5
ປາລະມີ	5
ສຽງດີ	5
ຫລັກໝັ້ນ	5
ຄວາມໃນໃຈ	5
ມະຫາເສນາ	5
ທິບພະ	5
ພົມແດນ	5
ຊ້ຳເຮື້ອ	5
ສຸພາບສະຕີ	5
ປະຈຳອາທິດ	5
ທັບເຮືອ	5
ຕະລຶງ	5
ຂີ້ອາຍ	5
ໝາກແໜ່ງ	5
ບັນນະ	5
ຮົ່ມເຢັນ	5
ວາຣະສານ	5
ສາມຫລ່ຽມ	5
ກັ້ງ	5
ທຽນສິນ	5
ຮຽນຫນັງສື	5
ຜົນກຳໄລ	5
ຖາມເຖິງ	5
ນິສິດ	5
ກ້ຽວ	5
ເພາະປູກ	5
ແຜນຜັງ	5
ນົກກາງແກ	5
ງ່າໄມ້	5
ປະຈົບ	5
ກິນກັນ	5
ອົງອາດ	5
ຕາມແບບ	5
ໂຜດ	5
ຄວາມກ້າຫານ	5
ບອກເລີກ	5
ວັນຂ້າງຫນ້າ	5
ເທບພະເຈົ້າ	5
ປອດໂປ່ງ	5
ລະເລີຍ	5
ຄະນະກຳມະການກວດກາ	5
ເພສັດ	5
ມາຄະບູຊາ	5
ພັກການເມືອງ	5
ຖັກ	5
ປະສາ	5
ຫລີກລ່ຽງ	5
ກົ້ມ	5
ອິສານ	5
ສະພາຕ່ຳ	5
ລະຫວ່າງກາງ	5
ຊັບສິ່ງຂອງ	5
ຊີກໂສ້	5
ຍໍ	5
ເກີດໃຫມ່	5
ເຄັ່ງຂຶມ	5
ຄຳປາໄສ	5
ຜູ້ຮັກສາ	5
ໝັກ	5
ອາລະຍະທຳ	5
ໂຊດາ	5
ປວງ	5
ນ້ຳອົບ	5
ຢູ່ກ້ອງ	5
ງາຊ້າງ	5
ຄິດອອກ	5
ແຕ່ນັ້ນມາ	5
ຕະກຽງ	5
ທີ່ຮາບພຽງ	5
ແນະນຳໃຫ້ຮູ້ຈັກ	5
ຫິມະໄລ	5
ບາດນັ້ນ	5
ພື້ນນ້ຳ	5
ເຍືອງ	5
ເລົ່າສູ່ກັນຟັງ	5
ກຳເລີບ	5
ເຕີບໂຕຂຶ້ນ	5
ເວນກຳ	5
ຫາວິທີແກ້ໄຂ	5
ເຫັງ	5
ຍາຕ	5
ຂອງທີ່ລະລຶກ	5
ເຫັນຕ່າງ	5
ເປັນນຳ	5
ພັນໂທ	5
ເວົ້າພາສາລາວ	5
ຜັນຜວນ	5
ມູນເຫດ	5
ປະຕິຍານ	5
ກະເທີຍ	5
ທຳເປັນ	5
ລັກເອົາ	5
ການກະທໍາ	5
ຊ່ອງໜ້າ	5
ຊຸ່ມຊື່ນ	5
ສັນດອນ	5
ຊົ່ວຊີວິດ	5
ອຶດຢາກ	5
ຄ່າຂົນສົ່ງ	5
ວິວາດກັນ	5
ນ້ຳຢາງ	5
ບໍ່ງໍ້	5
ໝາກຫຸ່ງ	5
ຍື່ງ	5
ປ້ອຍດ່າ	5
ຜອງ	5
ແກະອອກ	5
ກອງຫລັງ	5
ໃຈເສາະ	5
ວິວາດ	5
ອັກຄີໄພ	5
ຕົວກໍ	5
ໂຮງພິມ	5
ເອຊິບ	5
ບັນທອນ	5
ຫລົບ	5
ໂຮຍ	5
ຊອບທຳ	5
ໄມຕີ	5
ໄດ້ຮັບຈົດໝາຍ	5
ເຈົ້າບ່າວເຈົ້າສາວ	5
ເປັນໃຫຍ່	5
ບາງເວລາ	5
ກະຕ່ຳ	5
ພາມ	5
ມໍລະນະກຳ	5
ຫຶງຫວງ	5
ແລກປ່ຽນສິນຄ້າ	5
ສາມເທື່ອ	5
ເປັນແສງ	5
ຢາຂ້າແມງໄມ້	5
ທໍ່ໃດ	5
ບຸລິມະສິດ	5
ຄ່າຈ້າງ	5
ສະແດງຄວາມເຫັນ	5
ຊາມາ	5
ເປັນແຖວ	5
ງັບ	5
ສັດຈະທຳ	5
ອອກຈຳໜ່າຍ	5
ລື່ນເລີງ	5
ເຂົ່າ	5
ມອບສິດ	5
ຊ່ຽວ	5
ລະບອບສັງຄົມນິຍົມ	5
ຮັບປາກ	5
ໃສ່ຮ້າຍ	5
ສົມຊື່	5
ສ້ຽງ	5
ປຸກເຮືອນ	5
ຜູ້ຖືຮຸ້ນ	5
ອຸດຈາລະ	5
ກຳພອຍ	5
ສັນທະ	5
ຊັນຄໍ	5
ຫັນກັບ	5
ຟາງ	5
ຄະນາຍາດ	5
ສິນບົນ	5
ຣາຊອານາຈັກ	5
ບໍ່ຫມົດ	5
ຕົກແຕ່ງ	5
ໝັ້ນແກ່ນ	5
ຢາກກິນ	5
ສີ່ສິບ	5
ຂືນທຳ	5
ຂາບ	5
ສາດສະດາ	5
ລີກາ	5
ຮັບສິນ	5
ຜົນບວກ	5
ຂນາດໃຫຍ່	5
ມາທັນ	5
ແລ່ນແຂ່ງກັນ	5
ຈຸ້ມ	5
ເຈີກັນ	5
ນາຍໜ້າ	5
ທັມມະຈັກ	5
ຂ້າພະບາດ	5
ຫລົ່ນ	5
ຫຸງ	5
ເມັດເຂົ້າ	5
ຄໍຕີບ	5
ມໍລະກົດ	5
ອູດ	5
ແຂງຕົວ	5
ທາລຸນ	5
ຄຶກ	5
ປາສຈາກ	5
ຫ່ຽວ	5
ໜ່ວງ	5
ໂບຮານ	5
ຈັນທະລາ	5
ຖືຄອງ	5
ກ້າແກ່ນ	5
ກາລະເທສະ	5
ຍິ່ງດີ	5
ສຸດາ	5
ໝາດ	5
ໜຸ່ມສາວ	5
ຊ່າວ	5
ຄະແນນສຽງ	5
ທູບທຽນ	5
ຍ້າຍທີ່	5
ໂຈກ	5
ຊື່ນໃຈ	5
ຄືນດີ	5
ອົດອາຫານ	5
ໄພເລາະ	5
ດວງອາທິດ	5
ຂໍ້ແມ້	5
ຜູ້ສັງເກດການ	5
ລືນາມ	5
ແບ່ງແຍກ	5
ໄຂ່ໄກ່	5
ຂ້າງໃນ	5
ເຜົ່າຊົນ	5
ທຳດີ	5
ປິດລ້ອມ	5
ຕ່ອງ	5
ການປາກເວົ້າ	5
ນ້ຳຫມາກ	5
ຫລອນ	5
ຜັກຫອມ	5
ກົ່ງ	5
ໃຈພະ	5
ຮັນ	5
ດາລາສາດ	5
ພະລາຊະ	5
ເອົາໄວ້ກ່ອນ	5
ຫນ່ຽງ	5
ລູກໜ້າ	5
ເຊົາໃຊ້	5
ຄຸ້ມກັນ	5
ວະດີ	5
ວັນນະກັມ	5
ເຊີດ	5
ມຸ່ງໝາຍ	5
ລຶບອອກ	5
ສຽງຄ້ອງ	5
ຮາວ	5
ຍິ້ມແຍ້ມແຈ່ມໃສ	5
ໂຈດ	5
ອົດໃຈ	5
ຍຸຄົນ	5
ແປ້ງມັນ	5
ສະພາກາເຟ	5
ແຂງກະດ້າງ	5
ຂຶ້ນລົດ	5
ອ່ຽນ	5
ເຄື່ອງເຈາະ	5
ນາຍໝໍ	5
ລ່ວງລັບໄປ	5
ນ້ຳຫມາກໄມ້	5
ລືຊາ	5
ບ່ອນຕໍ່	5
ບິນມາ	5
ໃຈຈິງ	5
ລາດຊະສົມບັດ	5
ຕາກອາກາດ	5
ສູດມົນ	5
ສວນດອກໄມ້	5
ວັຈ	5
ໜ້ຽວ	5
ມີໄວ້	5
ຫລິ້ນບານ	5
ເດີນຂະບວນ	5
ທ່ຽນ	5
ວິພາກ	5
ປາດຊີ້ນ	5
ການລົງຄະແນນສຽງ	5
ຈຸນລະສັກກະລາດ	5
ຍຶດເອົາ	5
ນ້ຳລົງ	5
ທຳຈິງ	5
ສິ່ງອື່ນ	5
ໂລ່ງ	5
ລືມຕົວ	5
ເອົາໄປໃຫ້	5
ລຳຄອງ	5
ໂດຍລະອຽດ	5
ດີ້ນ	5
ປ່າດົງ	5
ເປັນລາງ	5
ໂທລະເລກ	5
ບົດກອນ	5
ຄຳກ່າວ	5
ສອງໃນ	5
ອານາເຂດ	4
ໂຮງເລື່ອຍ	4
ເຕີຍ	4
ທາງພູ	4
ອອກຖແລງ	4
ຈັດສັນທີ່ດິນ	4
ພັດພາກ	4
ເຫີ	4
ຄວາມເຊື່ອຖື	4
ຄົ້ນຄວ້າຮ່ຳຮຽນ	4
ສະມັດຖະພາບການຜະລິດ	4
ນີ້ວ	4
ຕາວັນ	4
ສັງຫານ	4
ແຫນ້ນຫນາ	4
ໂດຍກຳເນີດ	4
ອອກໄປນອກ	4
ຈົງໃຈ	4
ໄມ້ຕີ	4
ວາງໃຈ	4
ສໍ້ຣາຊບັງຫລວງ	4
ພໍເຖິງ	4
ໄສ່	4
ຈຳໄວ້	4
ນະລາດ	4
ໂພຊະນະ	4
ໄຫມ່	4
ຄົນຊົ່ວ	4
ກະຈັບ	4
ອອກເລືອດ	4
ເຫືອກ	4
ກັບຫລັງ	4
ປັບໃໝ	4
ເຂັມໂມງ	4
ບຸ່ງ	4
ຫມາກກ້ຽງ	4
ຕອນທ່ຽງ	4
ມະໂຫລານ	4
ແວກ	4
ສະເພາະເລື່ອງ	4
ສະຖານີວິທະຍຸ	4
ຄ້ອນ	4
ອາມ	4
ຈັ່ນ	4
ມາເລເຊັຽ	4
ຣັຖສະພາ	4
ເທື່ອຫນ້າ	4
ມອດໄຟ	4
ຫນ້າຜາກ	4
ກະເທືອນ	4
ທຳມະສາດ	4
ສົງພະ	4
ຫໍພະ	4
ໂຖ	4
ຊັຍ	4
ຫັດຖະກັມ	4
ມາຊ້າ	4
ອົບເອົ້າ	4
ຕີຄວາມໝາຍ	4
ສຽງສູງ	4
ລີງ	4
ຍາກຊາ	4
ນະລົກ	4
ເສົ້າໃຈ	4
ນັກການທູດ	4
ໄຮ້ປະໂຫຍດ	4
ເລ່ງ	4
ຈິບ	4
ລູກໄພ້	4
ຄົງຕົວຢູ່	4
ຫມາກຖົ່ວ	4
ຊ້າງສານ	4
ຍິງຕາຍ	4
ມຸນຕີ	4
ສເມີພາບ	4
ຫືດ	4
ຄວາມເຄັ່ງຕຶງ	4
ບ່ອງ	4
ຈາງຫາຍ	4
ຄວາມອັບປະໂຫຍດ	4
ຕະຫລອດການ	4
ສິ່ງປຸກສ້າງ	4
ຄາດກັນ	4
ນ້ຳໃຫຍ່	4
ວັ່ນ	4
ຕີຖອຍ	4
ກັ່ງ	4
ຢ່າງງຽບໆ	4
ຫອນ	4
ຜ້າອ້ອມ	4
ຜອມລົງ	4
ຂັ້ນສຸດທ້າຍ	4
ຝັ້ນ	4
ເທື່ອໜ້າ	4
ນັກທ່ຽວ	4
ເຕັມເວລາ	4
ຜູ້ແຕ່ງ	4
ບໍ່ມີອີກແລ້ວ	4
ໄຟກັນ	4
ສະເໜີຄວາມເຫັນ	4
ຊູ້	4
ຮູ້ເຫັນ	4
ດັນເຂົ້າ	4
ຊີ້ໃສ່	4
ຄຸມສະຕິ	4
ຄົ້ນຄົ້ວ	4
ກົມຂົນສົ່ງ	4
ຮັບສາລະພາບ	4
ຊ່ອງແຄບ	4
ກັ່ນແກ້ງ	4
ຮ້ອນແຮງ	4
ພອງ	4
ວິຊາບັງຄັບ	4
ຄຳພູ	4
ເຈັດສິບ	4
ໂລມາ	4
ຮູ້ຈັກຄວາມ	4
ເຄື່ອງແຕ່ງກາຍ	4
ຫລຽວຫລັງ	4
ທຸບຕີ	4
ນ້ຳຮ້ອນລວກ	4
ສະເລັ່ຽ	4
ຊັ້ນລຸ່ມ	4
ເຟື້ອງ	4
ຮ່ອນ	4
ເລ້ກົນ	4
ຄວາມໃກ້ຊິດ	4
ທຸກແຫ່ງ	4
ເດີ່ນກິລາ	4
ສະບາຍດີບໍ່	4
ທະສະ	4
ທາບທາມ	4
ບຳເພັນ	4
ຂຶ້ນພູ	4
ແຫກຄຸກ	4
ຂຸດດິນ	4
ເບື້ອງເທິງ	4
ເປລູ	4
ຄົບຄະນະ	4
ໂລກະ	4
ລ້າວ	4
ສະຫວັດດີພາບ	4
ວິສະ	4
ຜ້ຽນ	4
ໃສ່ໝວກ	4
ສິ່ງຈຳເປັນ	4
ຈ້ຳ	4
ຫມໍປົວຕາ	4
ງານມ່ວນຊື່ນ	4
ມານຍາ	4
ສົ້ມຜັກ	4
ການໂຮມຊຸມນຸມ	4
ຂໍກະແຈ	4
ຈົນປັນຍາ	4
ນົນ	4
ຝັນເຫັນ	4
ອາດຕະມາ	4
ສະຫະພາບໂຊວຽດ	4
ວັນລະລຶກ	4
ບົກພ່ອງ	4
ພາສາພື້ນເມືອງ	4
ປີທີ່ຜ່ານມານີ້	4
ຈິດຕະກອນ	4
ເຖາະ	4
ສະມັດຊາ	4
ຂອງທີ່ລະນຶກ	4
ເລງ	4
ອິນທະນູ	4
ຂະຫຍາຍເຂດ	4
ລຳໂພງ	4
ໄດ້ກິ່ນ	4
ມ່ວນຫູ	4
ຊົ່ວຮ້າຍ	4
ຊາຫຍັງ	4
ໃຈໃຫຍ່	4
ໂຂ	4
ມໍລະສຸມ	4
ຈີດ	4
ໜັກໜາ	4
ກາມາ	4
ລອບນຳ	4
ການບັນຈຸ	4
ປ່ອຍປະລະເລີຍ	4
ບໍ່ມີກຳນົດ	4
ຄ້ຳຊູ	4
ທະວິ	4
ຄາງ	4
ທີລະ	4
ກ່າວຫາວ່າ	4
ປິວ	4
ລົງທ້າຍ	4
ທຸກໃຈ	4
ໃຄ່	4
ກວດຄົ້ນ	4
ຊີດ	4
ແບກພາລະ	4
ຕິດໜີ້	4
ມືຂວາ	4
ຝຸງ	4
ໜອນ	4
ຫ້າມປາມ	4
ສາຍຟ້າ	4
ໃຈຄິດ	4
ຊົມພູ	4
ຈິ້ງ	4
ໜໍ່ໄມ້	4
ເອົາຜົວ	4
ເມົ້າ	4
ເບນ	4
ເບັງ	4
ອາວະສານ	4
ຍຸດທະວິທີ	4
ເຂົ້າສາລີ	4
ອົດໄດ້	4
ຮົ້ວ	4
ແຕ່ຊື່	4
ຂອງເກົ່າ	4
ຖືພາມານ	4
ມີຄົນຫລາຍ	4
ປູດ	4
ບັນທົມ	4
ແລ່ນຕາມ	4
ຕະຫລອດທັງ	4
ມ້າລາຍ	4
ອານບານີ	4
ສະກົດຄຳ	4
ແບ່ງເບົາພາລະ	4
ທີ່ພັກອາໄສ	4
ຄັນຄູ	4
ບຸນກຸສົນ	4
ຫາບໍ່ພົບ	4
ຫມາກດາມ	4
ນ້ຳໃສ	4
ມາດຕາສ່ວນ	4
ຄຸກຄານ	4
ຜ່ານການທົດສອບ	4
ຕາລາຍ	4
ປ້ານ	4
ລົງຄະແນນສຽງ	4
ປະກອບສ່ວນຢ່າງຕັ້ງໜ້າ	4
ປະນີປະນອມ	4
ຍັງເຫລືອຢູ່	4
ການຈະລາຈອນ	4
ພະຍັນຊະນະ	4
ເປັນໂສດ	4
ຜິ	4
ຄາວກ່ອນ	4
ຊາວຝຣັ່ງ	4
ເພີ້ຝັນ	4
ໝັດ	4
ຕຸດ	4
ກຸມານ	4
ຜັນສຽງ	4
ຄວັດຮູບ	4
ຢ້ຽມຄຳນັບ	4
ຈັບໃຈ	4
ມີສີມື	4
ວີຣະ	4
ສ້ອຍ	4
ຕາມບ່ອນ	4
ຮື້ຟື້ນ	4
ອອກໂຕ	4
ໂມ່ງ	4
ກັບໃຈ	4
ສະບັບເດີມ	4
ຄົນໄຂ້	4
ນິ້ງ	4
ເນປານ	4
ຮິມຝີປາກ	4
ອີກສອງເດືອນ	4
ຫລິ້ນການພະນັນ	4
ເຄື່ອງກົນ	4
ເກືອດຫ້າມ	4
ກໍ່ກວນ	4
ອາຈິນ	4
ການສ່ວນຕົວ	4
ເລືອກປະຕິບັດ	4
ສັດຕະວະ	4
ນ້ຳແກງ	4
ຮັບແຈ້ງ	4
ຊີມ	4
ລອບເຂົ້າໄປ	4
ຕາດຽວ	4
ອາຣາມ	4
ອັນເຊີນ	4
ເຂົ້າປາອາຫານ	4
ແຫ່ງອື່ນ	4
ປັດອອກ	4
ລວງກວ້າງ	4
ກໍໄຜ່	4
ທະຫານບົກ	4
ຕື້ນ	4
ງັກ	4
ຂໍ້ຜູກມັດ	4
ໝົ່ນໝອງ	4
ຈັບມື	4
ໃຈບຸນ	4
ຍຸຕິທັມ	4
ລ່ອງເຮືອ	4
ລ່າສັດ	4
ລົມພາຍຸ	4
ລູກເມັຽ	4
ຖາງຫຍ້າ	4
ລັດຖະບຸລຸດ	4
ສຳຣອງ	4
ແບ່ງໃຫ້	4
ຟັງທັມ	4
ການພະນັນ	4
ນອກບ້ານ	4
ຄູ່ສັນຍາ	4
ກັບກັນ	4
ປະຕູໂຂງ	4
ສາລ	4
ໄວ້ໃຈໄດ້	4
ຄວາມສະບາຍ	4
ມັນເພົາ	4
ຍາມແລງ	4
ຄໍພັບ	4
ອືດ	4
ທີ່ພັກເຊົາ	4
ໜ້າມືດ	4
ເປັນໜອງ	4
ສັງເຄາະ	4
ນິ້ວຊີ້	4
ຫລໍ່ແຫລມ	4
ຄະນະກຳມະການສູນກາງ	4
ສ່ຳ	4
ແມ່ບ້ານ	4
ກ້ວຍໄມ້	4
ທາງກາຍ	4
ວິລະກຳ	4
ສຳຄັນວ່າ	4
ຊຶງ	4
ວົງສານຸວົງ	4
ມີວາດ	4
ລູກລະເບີດ	4
ລົມສາວ	4
ເຈີດ	4
ຂຽນຫນັງສື	4
ປະຊັນ	4
ກະດຸມ	4
ຄະນະກັມມະການ	4
ໄປຕະຫລາດ	4
ຫົວໃຈເຕັ້ນ	4
ຟັງດົນຕີ	4
ອຸ້ມ	4
ໃຈສູງ	4
ເຊັ່ນໃດ	4
ຄູ່ຕໍ່ສູ້	4
ບັນຈຸເຂົ້າ	4
ສະລະ	4
ທາງຫົວ	4
ນຶກວ່າ	4
ຄຳເທດ	4
ທຸເລົາ	4
ບຶກ	4
ແຢງ	4
ແໜ້ນແກ່ນ	4
ຕ່າງຫນ້າ	4
ອັກຄີ	4
ຊັ້ນຕ່ຳ	4
ຖະຫລົ່ມ	4
ຣາຊການ	4
ຈ້ອງເບິ່ງ	4
ທະລາ	4
ກຳມາ	4
ໃຫ້ສັນຍາ	4
ອັນອື່ນ	4
ຊັກຊ້ອມ	4
ຮ່ວມຄິດ	4
ພືດພັນທັນຍາຫານ	4
ເລື່ອມ	4
ຫມາກເຂືອ	4
ເນື່ອງດ້ວຍ	4
ເນືອງ	4
ຍົກໂທດ	4
ສາຄອນ	4
ນາມປາກກາ	4
ເຕັມໃຈ	4
ຫ້າມກິນ	4
ແລ້	4
ກູ້ເອົາ	4
ໄຫລຖ້ວມ	4
ຊັກຖາມ	4
ສຳພັນທາງການທູດ	4
ກົ້ມລົງ	4
ປ່ຽວພອຍ	4
ຫມາກງາ	4
ໂອກາດດີ	4
ຄ່າໂດຍສານ	4
ມີແທ້	4
ນາຫວ່ານ	4
ກະຕືລືລົ້ນ	4
ຊົດ	4
ບິນຜ່ານ	4
ລ້ວງ	4
ວິນາດສະກຳ	4
ສີເຫລືອງ	4
ລີມາ	4
ໄປກິນເຂົ້າ	4
ພູມິພາກ	4
ຫນັນ	4
ຈ້ຳກາ	4
ນ້ຳອ້ອຍ	4
ເຮີ້ຍ	4
ເລັມ	4
ປົກປິດ	4
ກັນທ່າ	4
ສັມມາ	4
ແຜ່ອອກ	4
ກະເປາະ	4
ສະຍະ	4
ທາງແມ່ນ	4
ຜ່ອງໃສ	4
ພຶດສະຈິກາ	4
ຕົວລູກ	4
ເຫງົາໃຈ	4
ເປີຍ	4
ແຂງແກ່ນ	4
ປີຊວດ	4
ຂີ້ດິນ	4
ຫວ່າງແລ້ວນີ້	4
ຂ້າຣາຊການ	4
ຂຽດ	4
ໂທສາ	4
ອຸທອນ	4
ຄວາມເລິກ	4
ໄຟໄຫມ້	4
ແບບສະບັບ	4
ເບິ່ງດູ	4
ຄຸນທາດ	4
ອອກລົດ	4
ຍໍ່	4
ປົບ	4
ຊັກທຸງ	4
ສຸຍ	4
ຫ້ອງອ່ານ	4
ຕັ້ງຢູ່ໃນທຳ	4
ພັນປາ	4
ທັງຫມົດນັ້ນ	4
ຢ່າງແຈ່ມແຈ້ງ	4
ຝືດເຄືອງ	4
ການຄັງ	4
ກິເລດ	4
ກະສຽນ	4
ແດ	4
ກັມມະ	4
ການກະສິກັມ	4
ອົດນອນ	4
ເລືອດຕ່ຳ	4
ຕັ້ງຕາ	4
ຄຶດເຫັນ	4
ອັດລັງຕິກ	4
ລຶມ	4
ສະເໜ	4
ເພພັງ	4
ດຸດ	4
ບຸກຄະລະ	4
ພາລະໜ້າທີ່	4
ອ່ອນນ້ອມ	4
ບໍ່ເອື້ອ	4
ສໍດຳ	4
ລົດມ້າ	4
ມື້ຄືນ	4
ຊົນມາຍຸ	4
ໂອ່	4
ຄວາມປອງດອງ	4
ຖ່າຍເບົາ	4
ເລ່	4
ວັບໆ	4
ເອກກະ	4
ຈັບສະຫລາກ	4
ປີນຂຶ້ນ	4
ຕັກບາດ	4
ຂັບໄລ່	4
ຝາກຄວາມຫວັງ	4
ຊາດໄທ	4
ສັ່ງໄວ້	4
ມາສາຍ	4
ສາລານຸກົມ	4
ມື້ແລງ	4
ປາກປ່ອງ	4
ແໜ້ນໜາ	4
ຫມູ່ເຮົາ	4
ເຕືອນໃຈ	4
ນັ້ນແມ່ນຫຍັງ	4
ຝ່າຍພົນລະເຮືອນ	4
ອອກຄວາມເຫັນ	4
ລະອາຍ	4
ກະເບື້ອງ	4
ຂອງຝາກ	4
ກໍ້	4
ໝົດຄວາມ	4
ເຮັດວຽກເຮືອນ	4
ຍ່ອຍອາຫານ	4
ຫມາກຫວີດ	4
ມະນຸດຊາດ	4
ຫ້ອງຂັງ	4
ອາຊຍາ	4
ຄຶດເອົາ	4
ນ້ຳເຄັມ	4
ນຳຫລັງ	4
ພ້າວ	4
ເລືອນ	4
ຄົບຄ້າ	4
ສ້າງນ້ຳ	4
ເປັນຕົວຂອງຕົວເອງ	4
ຜູ້ຮັບເຫມົາ	4
ຕື່ນຕາ	4
ຄອງຄົນ	4
ຫມີ່ແຫ້ງ	4
ນອກແວ	4
ຕ້ອມ	4
ພົນຈັດຕະວາ	4
ປອດແຫ້ງ	4
ລູກເຮືອ	4
ສາຄູ	4
ເອົາໃຫ້	4
ຟອຍ	4
ສັມພຸດ	4
ແສງໄຟ	4
ກິຣິຍາ	4
ບໍລິສຸດໃຈ	4
ນ້ຳຕາຍ	4
ຕາມລຳພັງໃຈ	4
ເຮັດກິນ	4
ຂົມຂື່ນ	4
ແດງແກ່	4
ຮັບອາຫານ	4
ສຸດແລ້ວແຕ່	4
ສ່ຽງຊີວິດ	4
ຫນ້າດິນ	4
ເທົ່າກັນກັບ	4
ປະທານບ້ານ	4
ເບັ້ຽ	4
ສະແຕມ	4
ເຈັບແອວ	4
ກົງໄປ	4
ສະຕີ	4
ປະປາ	4
ໝູ່ເຈົ້າ	4
ບໍ່ແຕກ	4
ແຕກດອກອອກຜົນ	4
ແຜ່ນແພ	4
ໃນເວລາຮຽນ	4
ຄວາມກົດ	4
ນິພານ	4
ເຮັດຕໍ່ໄປ	4
ຂ້າງຄຽງ	4
ເຂົ້າຕົ້ມ	4
ສີນ້ຳຕານ	4
ໄຂ່ເນົ່າ	4
ທ່າຂະຫຍາຍ	4
ຈັນທາ	4
ເຂົ້າໝາກ	4
ດິນເຜົາ	4
ຣຽບຣຽງ	4
ກຳລັງປະກອບອາວຸດ	4
ເປັນນິດ	4
ການອອກສຽງ	4
ຫ້ອງໂຖງ	4
ເອົາໃຈຊ່ວຍ	4
ຄ້ອນຕະບອງ	4
ຟາດຫົວ	4
ວາທີ	4
ຜ້າກັ້ງ	4
ໂຮງຮຽນວິທະຍາໄລ	4
ການສຳເລັດ	4
ໂອວາດ	4
ເວົ້າຍ້ອງ	4
ໂຊດຽມ	4
ເຂົ້າທາງ	4
ແຂ້ວນ້ຳນົມ	4
ຊຸດໂຊມລົງ	4
ກະເສດຕະກອນ	4
ອາມິດ	4
ເສົາຄ້ຳ	4
ໃຫ້ເຊົ່າ	4
ປະໝາດ	4
ສ່ວນສັດ	4
ເຮັດເອງ	4
ຊຸຍ	4
ຫລຸດນ້ອຍ	4
ຈົກເຂົ້າ	4
ໜັກໃຈ	4
ສະມະນະ	4
ມາກມາຍ	4
ກະທິ	4
ແຈ່ມ	4
ລັ່ນ	4
ຖີ	4
ໂມທະນາ	4
ມີເຈົ້າຂອງ	4
ໝັ້ນໜຽວ	4
ທຸລຽນ	4
ເໝັນ	4
ເນນ	4
ຕົກທອດ	4
ມີອາວຸໂສ	4
ລໍ່ແຫລມ	4
ພາຊະນະ	4
ສິນຄ້າຂາອອກ	4
ພັງທະລາຍ	4
ອາກາດສະຍານ	4
ປ້າຍສີ	4
ໝາກພ້າວ	4
ກິນຫມາກ	4
ແບ	4
ຍັງບໍ່ທັນມາ	4
ຂຽນບົດຄວາມ	4
ຄວາມອົດ	4
ຂຶ້ນຕົ້ນ	4
ຄວາມທຸກສຸກ	4
ສະເຫວີຍ	4
ຄ້ຽວ	4
ດິ້ນ	4
ໂອ້ອວດ	4
ອຳລາຈາກ	4
ນະທີ່ນີ້	4
ເບື່ອໜ່າຍ	4
ການແຂງ	4
ຄັດແລ້ວ	4
ເສືອກ	4
ນຶກຄິດ	4
ທຳສົງຄາມ	4
ໃນວາຣະ	4
ໂຕແລ້ວ	4
ການລິເລີ່ມ	4
ຂຶມ	4
ເຄື່ອງເສບ	4
ຮັກຕົວເອງ	4
ໂທມ	4
ເປັນຢ່າງໃດ	4
ລວນ	4
ສັງວອນ	4
ໃຫ້ຄຳຫມັ້ນ	4
ຫຍັບເຂົ້າ	4
ເສັ້ນທາງຫລວງ	4
ອາດຍາ	4
ກະແຈ	4
ຖ່ອມຕົວ	4
ເວົ້າທົ່ວໄປ	4
ໂຕ້ຖຽງ	4
ຈະລາ	4
ສ້ານ	4
ເລື່ອນລົງ	4
ໂງ່ນ	4
ຈຶ	4
ສິນລະປະກອນ	4
ທໍ້	4
ສະເໝືອນ	4
ຫລັກວິຊາ	4
ສິນຄ້າອອກ	4
ກ່ວງ	4
ຮົກ	4
ຫຍ້ຳ	4
ແຊບຊ້ອຍ	4
ຖ້ຳຫີນ	4
ລົດປະຈຳທາງ	4
ປີ້ຍົນ	4
ເຄື່ອງໂທລະສັບ	4
ຂໍ້ສັນຍາ	4
ເຮືອຣົບ	4
ໃຕ້ນ້ຳ	4
ເລັບມື	4
ສະລາ	4
ສະເພາະໜ້າ	4
ເດ່ມື	4
ພິສານ	4
ພະຍາກອນອາກາດ	4
ອາດຊະຍາກຳ	4
ທີ່ໃດ	4
ຕັ້ງຕໍ່	4
ຈິນດາ	4
ພຸງ	4
ຂັບອອກ	4
ອາຄະເນ	4
ນັກປະດິດ	4
ຢ້າວ	4
ເດິ	4
ທົ່ວໜ້າ	4
ວຽນທຽນ	4
ອະບາຍ	4
ສະຫະກອນ	4
ຮວນ	4
ມູ້	4
ຫ້ອງພັກ	4
ກັບຄໍາ	4
ພູຫລວງ	4
ປ້າຍໂຄສະນາ	4
ຫາຍດີ	4
ເບົາໃຈ	4
ຫວາງ	4
ຍາມຫວ່າງ	4
ອ້ຽວ	4
ນັ້ນດ້ວຍ	4
ຖັດໄປ	4
ສະດຸດ	4
ບືນ	4
ຕື່ນຕົກໃຈ	4
ອົດກັ້ນ	4
ສຸບ	4
ພິລະອາດຫານ	4
ລ່ວງເກີນ	4
ຫນັງສືຜ່ານແດນ	4
ສູງເກີນໄປ	4
ສນິດ	4
ຂຽນໃສ່	4
ອາຫານລາວ	4
ສິນຄ້າຂາເຂົ້າ	4
ອ່ອນກວ່າ	4
ທົມ	4
ຕາບຈູນ	4
ລະແບບ	4
ວິທະຍາກອນ	4
ກະສອບ	4
ສຸດອົກສຸດໃຈ	4
ຂໍ້ຫ້າມ	4
ອາຖັນ	4
ຊາດົກ	4
ໝູ່ກອງ	4
ຊ້ຳຊາກ	4
ຍວດຍານ	4
ນົກເຂົາ	4
ເປັນການຕອບແທນ	4
ນາງທາສີ	4
ຫົວຫອມ	4
ຮົ່ວໄຫລ	4
ທີ່ຈອດ	4
ອາລາມ	4
ຄວາມອາຍ	4
ຕົກທຸກ	4
ວິບາກ	4
ຊີ້ນຫມູ	4
ປ້ອມຍາມ	4
ນ້ອງຊາຍ	4
ຫ້າມໃຈ	4
ເລີງ	4
ປຶ້ມບັນທຶກ	4
ຫໍ້	4
ເຫັນສົມຄວນ	4
ບໍ່ມີມູນ	4
ກະຊິບ	4
ມັນສະໝອງ	4
ສີບ	4
ຢ່າກິນ	4
ນ້ຳເມິກ	4
ນີ້ວຕີນ	4
ອາພັບ	4
ໄປແດ່	4
ວ່ອງ	4
ກຶກ	4
ເຂັມສັກຢາ	4
ແມ່ນຢຳ	4
ເຄົາ	4
ລູກໜີ້	4
ຜ້າໄຫມ	4
ຂຶ້ນຫ້ອງ	3
ພະນັງ	3
ແຮ້	3
ລະມະນີ	3
ຈາມ	3
ຈາດ	3
ເລັງໃສ່	3
ຄວາມບຸກບືນ	3
ວົນວາຍ	3
ຕົ້ນເຫດ	3
ລາວເທິງ	3
ຜ້າປົກຫົວ	3
ກະທັນ	3
ສະພາບຊີວິດ	3
ຂໍຢືມ	3
ມືນີ້	3
ຜົນສັກສິດ	3
ທຽວໄປ	3
ຄອກສັດ	3
ສົງຄາມເຢັນ	3
ຕິດໆກັນ	3
ຄວາມໂລບ	3
ແຕກຕື່ນ	3
ອະສົງໄຂ	3
ນ້ຳຄ້າງ	3
ສັງຄົມສາດ	3
ໂລເລ	3
ແກ້ແຄ້ນ	3
ດີກາ	3
ທຸກຫົນ	3
ຄົງເຫລືອ	3
ຈັດລະບຽບ	3
ໂອໂຕ	3
ຮ່ວມປະເວນີ	3
ເນັ່ງ	3
ເປັດໄກ່	3
ບອກຊື່	3
ໂຈ້	3
ໂຍທິນ	3
ຈີເລ	3
ໄດ້ຮັບຄວາມຮູ້	3
ເລື່ອງຫຍໍ້	3
ພະລາຊະວັງ	3
ເສັຽຄ່າ	3
ລະຕິ	3
ຖືຜີ	3
ຕໍ່ເຕີມ	3
ວະຈະ	3
ໄທໃຫຍ່	3
ຕຽມໄວ້	3
ຍ່າງອອກຈາກ	3
ເບິ່ງແຍງດູແລ	3
ວາດຊົງ	3
ຖະໜັດ	3
ເສກຄາຖາ	3
ສັງຄົມວິທະຍາ	3
ທວນໄຟ	3
ຕໍ່ເນື່ອງກັນ	3
ນັກຣົບ	3
ອະລຸນ	3
ຫລົງຜິດ	3
ນາຄິນ	3
ສັນນິບາດ	3
ເອົາພວກ	3
ກຳຊັບ	3
ມຸ່ນ	3
ຄີກ	3
ລົດໄຟໃຕ້ດິນ	3
ບໍຣິຈາກ	3
ຕູຂ້າ	3
ບໍ່ເປັນການ	3
ມົ້ວ	3
ເສີງ	3
ຄ່າຄອງຊີບ	3
ຄວາມປະສົງ	3
ຂົນສົ່ງທາງບົກ	3
ຂັດສົນ	3
ຊຳຮະ	3
ຕາກໍ	3
ເດັ່ນດັ່ງ	3
ເຮືອແພ	3
ອອກຮັບບຳນານ	3
ບ່ອນຕ່ຳ	3
ໂຍ່ງ	3
ມີດຕັດ	3
ຣະດູ	3
ອອກເຮືອນ	3
ຫິວນ້ຳ	3
ຄວັນພິດ	3
ກ່າວຂວັນ	3
ຫົວຄ່ຳ	3
ແປວໄຟ	3
ແກ້ເຄື່ອງ	3
ອ່ອນລົງ	3
ສະມະ	3
ເລື່ອງເລົ່າ	3
ເອິນ	3
ສຽງຟ້າ	3
ແງະ	3
ເອະ	3
ຖາດ	3
ກະໂດດ	3
ວັດວາອາຮາມ	3
ກອງທັບບົກ	3
ຕ່ຳແຜ່ນ	3
ຂໍ້ບັງຄັບ	3
ນອກຂອບເຂດ	3
ລຳພັງ	3
ສ່ວນກາງ	3
ສູ້ຣົບ	3
ກັບກາຍ	3
ອຸທາຫອນ	3
ນຳຕົນ	3
ຫນຳ	3
ອ້າງເຫດຜົນ	3
ເລື່ອງຮັກ	3
ມົດສະກູ	3
ຫມອນຂ້າງ	3
ເຫັນກັບຕາ	3
ຂເມນ	3
ແສງທອງ	3
ພະທັມ	3
ຍົກອອກ	3
ຕລອດປີ	3
ຈັ່ງບຸນ	3
ມະຫິດົນ	3
ແທ່ງ	3
ລົດນ້ອຍ	3
ປອດບວມ	3
ພັ່ນນາ	3
ຊວດ	3
ຝັງໄວ້	3
ເພື່ອນຍິງ	3
ຄວາມເປັນໃຫຍ່	3
ລົບອອກ	3
ລວງຕາ	3
ເຈັບແຂ້ວ	3
ບໍ່ຄັກ	3
ອາຫານກາງວັນ	3
ທາງຊື່	3
ຂໍພອນ	3
ສາທາລະນະລັດປະຊາທິປະໄຕ	3
ຂີ້ຂ້າ	3
ໂຕ້ຕອບກັນ	3
ມີນາມວ່າ	3
ເອົາໜ້າ	3
ເດື່ອ	3
ຈັນທະລັງ	3
ເອາະ	3
ເຮົາທັງຫມົດ	3
ຈິຕໃຈ	3
ໂຕຂຶ້ນ	3
ປູພື້ນ	3
ທຳຫນ້າທີ່	3
ຜ່ານຜ່າອຸປະສັກ	3
ນ່ວມ	3
ຄວາມລະວັງ	3
ຫັກອອກ	3
ໄມ້ຫອມ	3
ໂຫດ	3
ໝອງໃຈ	3
ຄຳເຂົ້າ	3
ອວນ	3
ກຳນົດລາຄາ	3
ເປັນປະຫວັດການ	3
ເຫດວ່າ	3
ແຍ້ມ	3
ນາວ	3
ໂຄສະ	3
ຂຸນນາງ	3
ບໍ່ຮູ້ສຶກຕົວ	3
ເຄີ່ງ	3
ຫວນຄຶດ	3
ຕີເອົາ	3
ໂອຊາ	3
ບໍ່ທ່ຽງ	3
ຄົນເຈົ້າຊູ້	3
ໃສ່ສີ	3
ຍຳ	3
ກະຖິນ	3
ຈອມປອມ	3
ດິນດອນ	3
ເສດອາຫານ	3
ໃຈກ້າ	3
ຕໍ່ເຮືອ	3
ດັງກ້ອງ	3
ກະດາຍ	3
ບັນຈົບ	3
ເວ້	3
ມູນມັງ	3
ກົງຫັນ	3
ລະແວງ	3
ລວງສູງ	3
ເຂັ່ນ	3
ເບິ່ງໃຈ	3
ຄຳບັນຍາຍ	3
ລະບົມ	3
ຂົດ	3
ຕຸ້ມ	3
ດັບນັ້ນ	3
ກະໂດດລົງ	3
ຂາຍຕໍ່	3
ມັດທະຍົມສຶກສາ	3
ຂອບໃຈຫລາຍໆ	3
ຈາຣະ	3
ເວັ້ນຈາກ	3
ແກ່ຕົວ	3
ເກີ້	3
ໂດຽທົ່ວໄປ	3
ກິນຫົວ	3
ຢ້ອນ	3
ໃຫ້ທານ	3
ຜູ້ກຳກັບການ	3
ແບ່ງເບົາ	3
ລອດອອກ	3
ອັກກະ	3
ແນ່ແທ້	3
ວົງສັງຄົມ	3
ອົດສາ	3
ຕຳກັນ	3
ຕະຫລັບ	3
ບໍຣິວານ	3
ຈັກກະພັດນິຍົມ	3
ຂອບຟ້າ	3
ສຳຄັນແກ່	3
ຮາດ	3
ກຳນົດວັນ	3
ຕາຕໍ້	3
ຊ່າງເປັນ	3
ກະທິງ	3
ເຮິ	3
ຍືດເຍື້ອ	3
ສາມະເນນ	3
ບຸດຕາ	3
ສ້ວມນອນ	3
ສຸກະ	3
ແວງ	3
ຂຶ້ນຢູ່ກັບ	3
ກໍ່ຈິງ	3
ຜາງ	3
ຈົດບັນທຶກ	3
ມະຫານະຄອນ	3
ລາດຕະເວນ	3
ງຶດງໍ້	3
ທາກ	3
ເປື້ອງ	3
ວິນຫົວ	3
ເພີນ	3
ເຂດສະຫງວນ	3
ເອົາຫົວຊາ	3
ມະລິ	3
ໜັງຕາ	3
ສີ່ຫລ່ຽມ	3
ເປັນສັງ	3
ເປີກ	3
ຣິດທິ	3
ຜູ້ລິເລີ່ມ	3
ຟອງນ້ຳ	3
ຣະນະ	3
ຂາກ	3
ເຕໂຊ	3
ຈວຍ	3
ຂາຍຍົກ	3
ພັກຄອມມູນິດ	3
ໃບຮັບ	3
ກ່ອມ	3
ເຮັດທ່າ	3
ຈັກຂຸ	3
ກຳມື	3
ກີບດອກໄມ້	3
ເຄົ່າ	3
ເດີນເຮືອ	3
ດົກຫນາ	3
ຕອນແຮກ	3
ປະນີດ	3
ທະນີ	3
ໂຮງພະຍາບານ	3
ໄດ້ຮັບບາດເຈັບ	3
ປອຍ	3
ປະກາດສະນີຍະບັດ	3
ອາທິດອຸໄທ	3
ລາງຄົນ	3
ສນອງ	3
ເລືອດຂາວ	3
ຈັງໄຮ	3
ການປະທະ	3
ມ້າງເພ	3
ລືກັນວ່າ	3
ອິງໃສ່	3
ເພິ່ງປະສົງ	3
ລົດລາຄາ	3
ກິນເຂົ້າເຊົ້າ	3
ຈັດກຽມ	3
ຄົກມອງ	3
ຫົດຕົວ	3
ຂອບເຂດຈຳກັດ	3
ກະໂຕ	3
ອາສາສະໝັກ	3
ກັບຂຶ້ນ	3
ເປືອ	3
ສະມີ	3
ພາສາທ້ອງຖິ່ນ	3
ແປດເປື້ອນ	3
ບາດານ	3
ຜູ້ແປ	3
ມີກຳໄລ	3
ແລ່ນອອກ	3
ລຸກມາ	3
ເຍືອກເຢັນ	3
ຂືນ	3
ຫມົດເວລາ	3
ແຫລມຄົມ	3
ສອກ	3
ກິນດອງ	3
ຮົກເຮື້ອ	3
ນ້ຳເກືອ	3
ດັງໄຟ	3
ນີ້ນາ	3
ສິນຄ້າທົ່ວໄປ	3
ບ້ານເດີມ	3
ເຂົ້າຫນຽວ	3
ເຊີ້ງ	3
ຈັນທັນ	3
ຝຶກຫັດ	3
ປາເປັນ	3
ອ່ອນຂໍ້	3
ໃຫ້ກູ້	3
ກັບສະຕິ	3
ພັນທຸ	3
ຊາດນິຍົມ	3
ຊາວຕາເວັນຕົກ	3
ຫມາກນັດ	3
ໂຄງການໄຟຟ້ານ້ຳຕົກ	3
ໂມກ	3
ແມ່ເຖົ້າ	3
ຣາຊທູດ	3
ຄັງເງິນ	3
ຄຳສັນລະເສີນ	3
ຄ່າງ	3
ຕັບໄກ່	3
ສິນລະທຳ	3
ກະເບື້ອ	3
ອົງຄະມົນຕີ	3
ພຽງຄັ້ງດຽວ	3
ຍືດຍາວ	3
ຕຶບ	3
ງີ້ວ	3
ກັບຕັນ	3
ຊີວິດມະນຸດ	3
ນອດ	3
ຕໍ່ແຮງ	3
ເມີງ	3
ລູກຊອດ	3
ມູດ	3
ແທ້ແລ້ວ	3
ອຳພອນ	3
ອຳນາດສູງສຸດ	3
ຄະນະກຳມະການບໍລິຫານ	3
ໄຂນ້ຳ	3
ຊາຍາ	3
ພັນຕີ	3
ອຸດຕັນ	3
ຈະຣວດ	3
ເປິ	3
ແຫລມອິນດູຈີນ	3
ເນື້ອແທ້	3
ອະສັງຫາລິມະຊັບ	3
ໂດຍບໍ່ຮູ້ຕົວ	3
ສ້ຽງສຸດ	3
ເຈົ້າຖິ່ນ	3
ແຂ່ງເຮືອ	3
ແຝກ	3
ສັດສະ	3
ກ້ອນທຶນ	3
ຂື່	3
ການໄດ້ມາ	3
ກິນເຄັມ	3
ບາງລົງ	3
ດິ້ນຮົນ	3
ສະຫລົບ	3
ຂັດຕິຍະ	3
ຊະໜິດ	3
ຂນາດກາງ	3
ສົ່ງກິ່ນເໝັນ	3
ຕວງ	3
ໃຈກະລຸນາ	3
ປ່ອນ	3
ສໍ່ສະແດງ	3
ເຫົາ	3
ຫມົດທັງ	3
ໝັ້ນຍືນ	3
ຜ້າຂາວ	3
ອໍ້ແອ້	3
ຢ້ອນຫລັງ	3
ນໍລະສິງ	3
ກຸຕິ	3
ແຍ້	3
ທະລາຍ	3
ກະເສີມ	3
ແມ່ຍ່າ	3
ຢັກ	3
ປະຕິພານ	3
ກະຖາ	3
ອັນຂາດ	3
ທອກ	3
ຖີບລົດ	3
ປາທາ	3
ນວນນ້ອຍ	3
ໃຄ	3
ໄຝ່	3
ອ້າປາກ	3
ຣົນນະຣົງ	3
ເຂົ້າໄປເຖິງ	3
ແຂງຂັນ	3
ຝັງຢູ່ໃນ	3
ເວົ້າຫລີ້ນ	3
ໝາກບານ	3
ມີຜົນສັກສິດ	3
ອ້າງວ້າງ	3
ຂຽນໜັງສື	3
ຫ່າວ	3
ແວດວົງ	3
ໃຫລ	3
ພາໄປທ່ຽວ	3
ຣາສດອນ	3
ເດືອຍ	3
ຮັບໄຫວ້	3
ເສັງຕົກ	3
ທຳບາບ	3
ຖົມດິນ	3
ແຟບ	3
ຢຸດຢູ່	3
ແຈ້ງຂາວ	3
ສາຍາ	3
ເບົ້າຕາ	3
ຄຸ່ມ	3
ຂາດເລືອດ	3
ທອບ	3
ເຊຊວນ	3
ບໍ່ເຄີຽ	3
ໜີບໍ່ພົ້ນ	3
ທັກທ້ວງ	3
ນາຕະ	3
ຫລອນໂຈມຕີ	3
ສູຕ	3
ຂີ້ສໍ້	3
ຟ້າແລບ	3
ເມດ	3
ຄວາມເຕີບໂຕ	3
ລາຄາຕົ້ນທຶນ	3
ຮ່ວຍ	3
ຂະນ້ອຍ	3
ເສື້ອຍືດ	3
ດົມກິ່ນ	3
ຜິດລະບຽບ	3
ນ້ຳພຸ	3
ເຍືອ	3
ເໜືອກ	3
ຂິດ	3
ຍອມຕາມ	3
ກິ່ນເຫມັນ	3
ໄວສາວ	3
ແຂກຜູ້ມີກຽດ	3
ສ້າງຊື່ສຽງ	3
ໃຫມ່ອ່ຽມ	3
ສິດທັດຖະ	3
ຮຽກໂຮມ	3
ບ່ອນນອນ	3
ນ້ຳລາຍໄຫລ	3
ລອດຊີວິດ	3
ກິນເງິນເດືອນ	3
ຄົນເບິ່ງ	3
ແຄງໃຈ	3
ການສູນພັນ	3
ນ້ຳຂຶ້ນ	3
ສັນພູ	3
ແດ່ທ້ອນ	3
ການຈຳແນກ	3
ແຫ້ງແລ້ວ	3
ແຕ່ເຫິງນານ	3
ອັດຖິ	3
ສົກກະປົກ	3
ເສື່ອມໂຊມ	3
ສາລະທິດ	3
ຄາໃຈ	3
ຫລົວ	3
ຈອງຫອງ	3
ເຕະກະຕໍ້	3
ແທ້ໆບໍ່	3
ລາກ່ອນ	3
ເປີດຫູເປີດຕາ	3
ຫົນແຫ່ງ	3
ມາຫຍັງ	3
ອ່ານເບິ່ງ	3
ຢາງແປກ	3
ຮ່ວມຈິດຮ່ວມໃຈ	3
ຂ່າວສຳຄັນ	3
ປາປະ	3
ວົງສະກຸນ	3
ຫາບໍ່ໄດ້	3
ບັງຄົມ	3
ແຄະ	3
ສຽງຫົວ	3
ຫລອກຫລອນ	3
ໄລ່ອອກ	3
ປຸ້ນຈີ້	3
ຕ່ວນ	3
ໜຽວແໜ້ນ	3
ປະຈົບປະແຈງ	3
ເສດຖະກິດການເມືອງ	3
ລາງທີ	3
ຕີໄກ່	3
ບູຮານຄະດີ	3
ບັງອອນ	3
ຂີດຂຽນ	3
ແຫ່ງໃດ	3
ໄກວ	3
ຄົ້ນຄວ້າຫາ	3
ເຄື່ອງເພັດ	3
ຄິດໃຫ້ດີ	3
ເນົາ	3
ເຂົ້າເຝົ້າ	3
ຕັ່ນ	3
ຕາທິບ	3
ປ່ານ	3
ທາຢາ	3
ຈ່າວ	3
ອະດີດຊາດ	3
ຈຽດ	3
ພະແກ້ວ	3
ສອງມື	3
ກາຍຍະສິນ	3
ມີຖົມເຖໄປ	3
ເຊບັ້ງຫຽງ	3
ພຶກ	3
ເຄື່ອງຍົນ	3
ໄດ້ປະໂຫຍດ	3
ສຳລວດ	3
ສະລະເວລາ	3
ດົກໜາ	3
ຮ້າຍກາດ	3
ການບົ່ມ	3
ຜະສົມ	3
ລອມ	3
ຄົນຕິດຢາເສບຕິດ	3
ມີຂົນ	3
ເລີກລາ	3
ນົບໄຫວ້	3
ໝໍລຳ	3
ອັນສົມຄວນ	3
ເປັນຟອງ	3
ເວົ້າສຽດ	3
ປັກປັນ	3
ພະລັກພະລາມ	3
ເດັກເກີດໃຫມ່	3
ສຸດສ້ຽງ	3
ກູ້ຊາດ	3
ໄຝ່ຝັນ	3
ຄາຢູ່	3
ເຖິງແກ່ກຳ	3
ແກ່ແດ່	3
ຂ້ອງໃຈ	3
ນ້ຳປາ	3
ສັງຄະທານ	3
ເວົ້າຕົວະ	3
ປະວັດສາດ	3
ຈຸ້ຍ	3
ດັ່ງນັ້ນແລ້ວ	3
ກ່ຽວກັນ	3
ສັນຍາເຊົ່າ	3
ທີຫລັງ	3
ຄຳຫມັ້ນສັນຍາ	3
ຊົວ	3
ທັນສະໃໝ	3
ກັນຫາ	3
ເປັນຮູບເປັນຮ່າງ	3
ແຈ້ງແລ້ວ	3
ຜຸ	3
ຈຸດໄຟ	3
ເສນາອາມາດ	3
ຄິດຍາກ	3
ຫນ້າດຳ	3
ເຫີ່	3
ກະທັ່ງ	3
ຮູ້ເມື່ອຄີງ	3
ໂທດກັມ	3
ຂັ້ນກາງ	3
ເລື່ອນຂັ້ນ	3
ໂຢະ	3
ໃຫ້ຄຸນ	3
ວາດສະໜາ	3
ຫມົ້ນ	3
ເຕັ້ນລະບຳ	3
ມາຣະ	3
ອິດເມື່ອຍ	3
ຟູມ	3
ເຂົ້າຄອງ	3
ສີດຢາ	3
ອຳນາດຕຸລາການ	3
ໃຈເດັດ	3
ທະເລສາບ	3
ມືທີ່ສາມ	3
ຮ່ວມຮັກ	3
ນິວັດ	3
ຈ້າງແຮງງານ	3
ລຸ່ມນ້ຳ	3
ເວນຄືນ	3
ຄະນະກຳມະທິການ	3
ສູ້ໜ້າ	3
ລັດຖະບານຊົ່ວຄາວ	3
ພາກທິດສະດີ	3
ຊຸງ	3
ຕົກຕາດ	3
ໂຂກ	3
ວິນິດໄສ	3
ມັນດ້າງ	3
ຕຶ້	3
ຂ້າລາຊະການ	3
ພົມມະບຸດ	3
ສັງສະກິດ	3
ໄກ້ຄຽງ	3
ຫນ້າຮ້ານ	3
ສະກົດໃຈ	3
ຕອບສນອງ	3
ລ່ຽນໄຫລ	3
ເສີມຄວາມງາມ	3
ສະເພາະເຣື່ອງ	3
ຕາມົວ	3
ລະເວັ້ນ	3
ທຽບທ່າ	3
ແພະ	3
ເປັນຕາຫົວ	3
ກູ່	3
ຄຶດເບິ່ງ	3
ຫລົງທາງ	3
ແຍງແວ່ນ	3
ຕີຄວາມ	3
ສະກົດຈິດ	3
ແຫ່ປ້າຍ	3
ຫົມ	3
ອີກໃຫມ່	3
ອຶດໃຈ	3
ມົນໆ	3
ມິດຕິງ	3
ພັກແຮມ	3
ໃບຫຍ້າ	3
ສ່ວນລົດ	3
ເຂນ	3
ນິມິດໝາຍ	3
ແກ້ໂຕ	3
ຂັງໄວ້	3
ທິພາ	3
ຊັກຈູງ	3
ສເມີ	3
ຫົວບ້ານ	3
ອັນຍະມະນີ	3
ຜັກກາດນາ	3
ເອົາແຮງ	3
ໂບກມື	3
ຕິດຝິ່ນ	3
ສັ່ງລາ	3
ນາງຟ້າ	3
ຈັບປາ	3
ຖືກຕາ	3
ບໍ່ນ້ຳມັນ	3
ຄິດໄດ້	3
ເສະ	3
ນ້ຳລ້າ	3
ຟຶ້ນ	3
ຮອຍສັກ	3
ບ້າງ	3
ອິນເດັຽ	3
ປີກຸນ	3
ຊີ້ມື	3
ກະເທີນ	3
ກິຍາ	3
ຕອບສະໜອງກັບຄວາມຮຽກຮ້ອງ	3
ໝິ້ນ	3
ແຖຫນວດ	3
ລູກກົກ	3
ແຍກທາງ	3
ທັງຫ້າ	3
ນອນຫງາຍ	3
ນ້ຳມຶກ	3
ເຜືອກມັນ	3
ການຕົ້ມ	3
ກຳລັງທະຫານ	3
ນ້ຳຕານຊາຍ	3
ກະລຳປີ	3
ຖ່າຍໜັກ	3
ຮິມຝັ່ງ	3
ຜົນເກັບກ່ຽວ	3
ລະຫວ່າງທາງ	3
ຄວາມອ່ອນແອ	3
ຄຸບ	3
ຖາມສະບາຍ	3
ຄຸ້ມຄ່າ	3
ຮ້ອງເອົາ	3
ແກ້ວຕາ	3
ສົງຄາມກູ້ຊາດ	3
ໝາກຈອງ	3
ຈຽນ	3
ຊິຕະ	3
ຄຶນ	3
ຄືນເມືອ	3
ຫິມະພານ	3
ປະຣິພາຊົກ	3
ຍອບລົງ	3
ຄົນພື້ນເມືອງ	3
ໄກ່ງວງ	3
ເຜີ້ງ	3
ຄົ້ນຂອງ	3
ຕູມ	3
ຂຸດບໍ່	3
ມາເກົາ	3
ອຸທິຍານ	3
ດົງດັງ	3
ກາງຄົນ	3
ຂະບວນລົດໄຟ	3
ບໍ່ສູ້	3
ງ່າມ	3
ເມົາມົວນຳ	3
ຟັນດາບ	3
ພາດຫົວ	3
ລູກອ່ອນ	3
ຫມາກນາວ	3
ປີສາດ	3
ກິນເຂົ້າແລງ	3
ສັນຖານ	3
ບື	3
ປະຖົມພະຍາບານ	3
ຜັດກັນ	3
ແມ່ພະຍາດ	3
ຊັ່ງໃຈ	3
ຢາກຮູ້ຢາກເຫັນ	3
ເພາະເຫດໃດ	3
ສະໝ່ຳ	3
ອຳມະພາດ	3
ອະນາຄົດການ	3
ຊູ່ມື້	3
ພັກການ	3
ເຟີ້	3
ຫນວດ	3
ສະໃນ	3
ຂຶ້ນຫນ້າ	3
ລູບຫນ້າ	3
ເຂົ້າເຟືອກ	3
ໄກບ້ານ	3
ເດືອນຈຽງ	3
ລັງເລໃຈ	3
ອາພາ	3
ເລີກຮຽນ	3
ບ້ຳ	3
ແຕ່ເດັກ	3
ຢາງປູທາງ	3
ຄວາມກ້າ	3
ຮູ້ຄິດ	3
ປ່າຫວງຫ້າມ	3
ໃສ່ແວ່ນຕາ	3
ຊີລີ	3
ບໍລິຂານ	3
ສະໝັກງານ	3
ມີແວວ	3
ນາລວມ	3
ຍາແມ່	3
ເງິນທອງ	3
ພູ້ນ	3
ຫົວນ້ຳນົມ	3
ແຕ່ນີ້ໄປ	3
ປ່ວນ	3
ຄົນນອກ	3
ເດັ້ງ	3
ດາມາດ	3
ແກ່ໄປ	3
ບ່າຍໂມງ	3
ເຄື່ອງກັ່ນ	3
ລູກໄມ້	3
ຕາແດງ	3
ວົງກົມ	3
ຈຳເອົາ	3
ຄ່ຽມຄົມ	3
ທັງຫມູ່	3
ຫ້ອງທົດລອງ	3
ກະທູ້ຖາມ	3
ຄວາມມຸ້ງຫວັງ	3
ມົ່ນ	3
ປ່ຽນໃໝ່	3
ເງິນບຳນານ	3
ເດີນຜ່ານ	3
ຝັນດີ	3
ໂຫ່	3
ເສກສັນປັ້ນແຕ່ງ	3
ຊູ້ສາວ	3
ດູຖູກ	3
ຖ່ອມ	3
ຂຸ່ຍ	3
ຖົງຢາ	3
ວີນາ	3
ສຸຂຸມ	3
ອຸປະມາ	3
ມອບຫລຽນໄຊ	3
ເຂົາເວົ້າວ່າ	3
ເຫລືອເກີນ	3
ບໍຣິບູນ	3
ສ້າງແປງ	3
ນ້ຳງຽບ	3
ທາງຖືກ	3
ສຸລີ	3
ລົງບັນຊີ	3
ນາມແຝງ	3
ໂອ້ນເອ້ນ	3
ຂ້າເວລາ	3
ຕົນຕົວ	3
ຂຽນເຖິງ	3
ບໍ່ເຫັນແກ່ຕົວ	3
ຊັກຟອກ	3
ມາດຕາຖານ	3
ສຸພະ	3
ຂໍ້ຕີນ	3
ອັ່ງອໍ	3
ເວົ້າຂວັນ	3
ພຶກສາຊາດ	3
ຄັນນາ	3
ເປັນລົມ	3
ອາລະວາດ	3
ສັດທຳ	3
ຊະຕາກັມ	3
ລຳຕົວ	3
ໂຮງຮຽນວັດ	3
ຢ່າງຊ້າ	3
ແຂ້ນ	3
ຊາດກ່ອນ	3
ພາທີ	3
ເສາະໃສ	3
ສັບພະສັດ	3
ບໍ່ຮູ້ໜັງສື	3
ເຕິ	3
ຫລ້ອນ	3
ເພັດພອຍ	3
ຖອນຄືນ	3
ແຖວນີ້	3
ຕ່າ	3
ກຸມມື	3
ວອງ	3
ມິ່ງ	3
ໝາກນັດ	3
ທຽນໄຂ	3
ມື້ລຸນ	3
ທະເລເໜືອ	3
ຄົງຄາ	3
ພາຫະ	3
ສິລາ	3
ທັນກັບເວລາ	3
ມານະອົດທົນ	3
ປະຊາມະຕິ	3
ຮູ້ເທົ່າ	3
ໄວຮຽນ	3
ນັ່ງຕັ່ງ	3
ແຊດ	3
ເດືອນແປດ	3
ນອນພັກຜ່ອນ	3
ສະເໜີຕໍ່ກອງປະຊຸມ	3
ໂຫ່ຮ້ອງ	3
ເຈດ	3
ຊອກວິທີ	3
ນີຣະ	3
ຄວາມໜັກໃຈ	3
ອຳນາດບໍລິຫານ	3
ສ້າງໃຫມ່	3
ຜູ້ປະຕິບັດ	3
ຄະນະລັດຖະມົນຕີ	3
ຝາຜະໜັງ	3
ນອນລົງ	3
ຂີ້ຕົມ	3
ຂ້າມຝັ່ງ	3
ຊີ້ແຈ້ງ	3
ແຂກພິເສດ	3
ໂຄ່ງ	3
ກິນໃຈ	3
ສູ່ຂວັນ	3
ກະປຸກ	3
ເພນີ	3
ອອກເຫື່ອ	3
ທັມມະບົດ	3
ໃຫ້ຫາ	3
ຮູຄໍ	3
ໝາກຫົວໃຈ	3
ແຕ້ມສີ	3
ຜູ້ຊະນະ	3
ປະມົງ	3
ທະວີຂຶ້ນ	3
ຢິກ	3
ນາງສາວລາວ	3
ຈາບ	3
ຫັນຫນ້າ	3
ພູສາ	3
ດຳເນີນການເຈລະຈາ	3
ຈູດເຜົາ	3
ຈຸກຈິກ	3
ລັບແລ	3
ສາສົມ	3
ເລກສູນ	3
ອອຍ	3
ຮັບເອົາໄດ້	3
ຕາມກັນ	3
ນ້ຳກັ່ນ	3
ສຸດສາຍ	3
ຜົມດຳ	3
ຫື	3
ຂັດເລືອກ	3
ທີ່ປ່ຽວ	3
ຄຳພິພາກສາ	3
ເວດມົນ	3
ບາດຍ່າງ	3
ຜູ້ດູແລ	3
ສີມ່ວງ	3
ບອກຂ່າວ	3
ກອດກັນ	3
ເປັນປໂຍດ	3
ແຈ້ງຜົນ	3
ວິນວຽນ	3
ຫົວຖນົນ	3
ວິຈາລະນະຍານ	3
ລະບໍ	3
ໂຕນຫນີ	3
ໝົກ	3
ຂະຍຸງ	3
ພົງສາ	3
ຂອງຕ້ອນ	3
ຟຸດ	3
ຕ້າງ	3
ປູ່ຍ່າຕາຍາຍ	3
ເນຶ້ອໃນ	3
ຮ້ອງທຸກ	3
ບັນລື	3
ຫໍປະຊຸມ	3
ອູ່ເຂົ້າ	3
ລາເມືອ	3
ພົນຕີ	3
ທຸບ	3
ແສງພະຈັນ	3
ຂອງທານ	3
ຄວາມຈະເຣີນ	3
ໃບຕອງ	3
ບາຫລອດ	3
ປາກຫລາຍ	3
ສອງສ່ວນ	3
ກະຊາກ	3
ນາເຮື້ອ	3
ພະບິດາ	3
ຈັກຈັ່ນ	3
ເຄື່ອງປູກຂອງຝັງ	3
ແມ່ແບບ	3
ຂີ້ຊາຍ	3
ໂງ	3
ຊ່ອມ	3
ຄວາມເປັນທັມ	3
ລາງຣົຖໄຟ	3
ວົງຄະນະຍາດ	3
ດອກຮັກ	3
ສົມຍາ	3
ຂັດຫູ	3
ຄວາມພໍດີ	3
ການດ່ວນ	3
ຮູ້ເທົ່າບໍ່ເຖິງການ	3
ອໍລະຫັນ	3
ອາດຍາສິດ	3
ແນມເບິ່ງ	3
ເອົາລົງ	3
ລາງເທື່ອ	3
ເປັນເຊີງ	3
ເລືອດຈາງ	3
ປ້ານຄູ	3
ນ້າບ່າວ	3
ດຶງດູດຄວາມສົນໃຈ	3
ຫລັກທຳ	3
ທາລາ	3
ເຮີຍ	3
ສມານ	3
ນຳກັນໄປ	3
ສີ່ແຍກ	3
ຍົກຂຶ້ນ	3
ຢານ້ຳ	3
ສະມາທານ	3
ໝັນ	3
ໄທ້	3
ຄະດີອາຍາ	3
ສາຣະ	3
ໝາຍສູງ	3
ອາມາດ	3
ບ້ານນອກ	3
ປ່ຽນສະພາບ	3
ເອ້ຢ້ອງ	3
ເປິເປື້ອນ	3
ໃຜກໍ່ຕາມ	3
ເຮັດໄຮ່ເຮັດນາ	3
ລົງສົງ	3
ປະຫັດປະຫານ	3
ທົດສະວັດ	3
ລົດແກ່	3
ພູເຂົາໄຟ	3
ຫມອນ	3
ຄຳນັບ	3
ພື້ນຖານວັດຖຸເຕັກນິກ	3
ຟ້າຝົນ	3
ລ່າມ	3
ອຸຕຸນິຍົມວິທະຍາ	3
ສວນສັດ	3
ເຄືອບສີ	3
ໂຮງສີ	3
ປັດເປົ່າ	3
ໂຣຄາ	3
ເກີນກຳນົດ	3
ກຶກກອງ	3
ຫ້ອມບ້ານ	3
ຟັ່ງ	3
ຂາດໃຈ	3
ໄຂກະດູກ	3
ສະແດງລະຄອນ	3
ຮູ້ໜັງສື	3
ຮັກສາຜົນປະໂຫຍດ	3
ຂັດຂືນ	3
ນິລະໄພ	3
ພັກປະຊາທິປະໄຕ	3
ຫລາຍພຽງໃດ	3
ໄງ່	3
ຜົມຍາວ	3
ລູກປາ	3
ເຍືອງທາງ	3
ຕັດບົດ	3
ຄວາມເສື່ອມ	3
ໂຕນລົງ	3
ຕ່ອຍ	3
ຊົບ	3
ສອງສ່ວນສາມ	3
ກວນໃຈ	3
ໝາຍເລກ	3
ທຸກບ້ານ	3
ສຣີ	3
ເວົ້າຄວາມ	3
ເປັນແນ່	3
ເຂົ້າບໍ່ໄດ້	3
ສົມຮູ້	3
ນິຍົມຊົມເຊີຍ	3
ສະມັນ	3
ດອກດວງ	3
ຫລຸບ	3
ທ້ອງນ້ອຍ	3
ເດືອນຂຶ້ນ	3
ອາດຕາ	2
ອ່ອນໃຈ	2
ຫມໍຕຳແຍ	2
ໝາກກອກ	2
ດີມາກ	2
ຫມັ້ນແກ່ນ	2
ຈັ້ງ	2
ທະວານຫນັກ	2
ສາກົນໂລກ	2
ຍໍຍ້ອງ	2
ເວລາປະຊຸມ	2
ທຸຕິຍະ	2
ລາຄາຂາຍສົ່ງ	2
ກະທັດລັດ	2
ນັກຫນັງສືພິມ	2
ຄຶກຄຶ້ນ	2
ແສດ	2
ຄຸຍຫະ	2
ວ່າຈ້າງ	2
ຢຸດຍິງ	2
ກິນກຳໄລ	2
ຖັກແສ່ວ	2
ຄາວດຽວ	2
ຕີແຮງ	2
ໄຂ່ດາວ	2
ຈັນເພັງ	2
ເຕັມເມັດເຕັມໜ່ວຍ	2
ຣາຊວົງ	2
ຟິນແລນ	2
ຄວນຢູ່	2
ທົ້ນ	2
ປ່າວ	2
ສະແດງຄວາມຄິດ	2
ຮູ້ແທ້	2
ມາຍາ	2
ຈົນເທົ້າ	2
ສະໜົມ	2
ປາການ	2
ຕົວເຟື້ອງ	2
ນັກວິສະວະກອນ	2
ບຸນນາກ	2
ເຂັມທິດ	2
ເພື່ອນບ້ານໃກ້ຄຽງ	2
ລົງວັນທີ່	2
ເຫລື້ອມ	2
ສັນເພນ	2
ໂວຍວາຍ	2
ຍາວຮີ	2
ສູ້ກັນ	2
ຂໍ້ອ້າງ	2
ຮັບໄວ້	2
ຕັດໃຈ	2
ຂໍແຕ່ວ່າ	2
ເຜີຽ	2
ນາມມະຍົດ	2
ລາຊາທິປະໄຕ	2
ອາຍຸຍືນຍາວ	2
ປະນົມ	2
ສຽງສາມັນ	2
ຜູ້ເສັຽ	2
ຂັດຄ້ານ	2
ຜູກຂາດ	2
ຍຶກ	2
ຊັກຜ້າ	2
ກົງເຫລັກ	2
ຣະດູຝົນ	2
ຄຸ່ນ	2
ສຣຸບ	2
ໂຄສະນາການ	2
ທັກຂິນາ	2
ຮວບ	2
ພູແດນແກວ	2
ຝ່າມື	2
ປະຊາສັງຄົມ	2
ຍອດຄົນ	2
ເປັນທຸກ	2
ກັງວານ	2
ຄຶ້ນ	2
ເມື່ອໃດກໍ່ໄດ້	2
ເຂົ້າແນວ	2
ສຸ່ມ	2
ກ໊ອກ	2
ເທພະດາ	2
ຈຸດຮ່ວມ	2
ລີ້ໄພ	2
ພໍ່ເຮືອນ	2
ເປັນຕາຊັງ	2
ຂຸ້ມ	2
ປົດແອກ	2
ກ້ອນເສົ້າ	2
ແປດຮ້ອຍ	2
ທິດເຫນືອ	2
ໄດ້ຮັບເລືອກຕັ້ງ	2
ດ້ວນ	2
ນ້ຳບາດານ	2
ບໍ່ເລືອກຫນ້າ	2
ກັນດານ	2
ປະກອບກັບ	2
ໂຮງຮຽນປະຊາບານ	2
ການຢືດ	2
ມ່ວນໃຈ	2
ກຽງຄຳ	2
ຝໍ່	2
ໂຍມ	2
ພັກຂະ	2
ລ່າມແປ	2
ເພນ	2
ເບີກເງິນ	2
ນິລັນດອນ	2
ຄວາມຕ້ານທານ	2
ຄວັກ	2
ຕີກັນ	2
ຜນວກ	2
ຕາມທັນ	2
ຫລົມ	2
ຢຶດອຳນາດ	2
ຄວາມຮອບຄອບ	2
ຜັກສົດ	2
ລະອຽດລະອໍ	2
ແມ່ມົດ	2
ຖືກກັນ	2
ຄືຈັ່ງ	2
ຫລານສາວ	2
ຄືນຄຳ	2
ກະແສຂ່າວ	2
ເຂົ້າທ່ຽງ	2
ສຸດຄວາມສາມາດ	2
ທາດນ້ຳ	2
ວ່າຮ້າຍ	2
ສີທັນດອນ	2
ຫລີກໜີ	2
ຄວາມສົງໃສ	2
ສັງກາ	2
ມັກຫລິ້ນ	2
ບ່ອນເກີດ	2
ເຊີຍຊົມ	2
ມືດມົວ	2
ຮູ້ສຶກຢ້ານ	2
ແໜ	2
ຕົວຂອມ	2
ເລັບຕີນ	2
ບຸກຄະລິກພາບ	2
ຮ້ອງໂຮ	2
ລັດຖະບານປະສົມ	2
ສົ່ງສ່ວຍ	2
ເຕັ້ນແຮ້ງເຕັ້ນກາ	2
ຮອມ	2
ຄຸນນະລັກສະນະ	2
ຄວາມຫລົງ	2
ຊໍ່	2
ຄວາມເຫັນດີເຫັນພ້ອມ	2
ເນວາ	2
ຫມົ່ນຫມອງ	2
ກ້າສ່ຽງ	2
ບົດນຳ	2
ຜັກກາດນ້ຳ	2
ແຕ່ເຄົ້າ	2
ຮູບໄຂ່	2
ວອກ	2
ຄົນຊື່	2
ຄາດບໍ່ເຖິງ	2
ແຊວໆ	2
ຫໍຄອຍ	2
ບໍ່ຊ້າກໍ່ໄວ	2
ໜ່ຳ	2
ນ້ຳຄານ	2
ກີບມາ	2
ຕາລໍ	2
ຂຶ້ນແກ່	2
ໃນຣະຫວ່າງປີ	2
ປຽງ	2
ໂກຍ	2
ເຄື່ອງແກ້ມ	2
ສວດ	2
ລຳພັນ	2
ອຸ່ນອຽນ	2
ສາມັນສຶກສາ	2
ລົວ	2
ເບະ	2
ຕໍ່ລົດ	2
ເນື້ອໃນໃຈຄວາມ	2
ຖ້າແລ້ວຖ້າອີກ	2
ກະລິນ	2
ຫມົກ	2
ສາຍຕາສັ້ນ	2
ຣາຕີ	2
ລ່ຽນ	2
ຜ່ຽນ	2
ປັ້ນຮູບ	2
ປ່າວຂ່າວ	2
ຫລ່ອນ	2
ເຊຕ	2
ສະສະ	2
ຊ້ຳແລ້ວຊ້ຳອີກ	2
ບັນທຸ	2
ຕິດປາກ	2
ອະນຸໂລມ	2
ຄີໄຟ	2
ຫໍຜາສາດ	2
ພະຄຸນ	2
ທີ່ຢຸດ	2
ຄວ່ຳ	2
ໂລະ	2
ໜ້າຢາກ	2
ອອກບ້ານ	2
ດູກອ່ອນ	2
ທົ່ວທຸກແຫ່ງ	2
ໄງ້	2
ຊ່າງໄຟ	2
ຫລົບຫນີ	2
ຊີ້ນງົວ	2
ເຊົ່າເຮືອນ	2
ລະນາດ	2
ຄວາມເຂັ້ມຂົ້ນ	2
ຫນ້າຟັງ	2
ຕາມສ່ວນ	2
ຄົດລ້ຽວ	2
ຕຳຣາ	2
ມັດທະນະ	2
ກຶງ	2
ເຫືອດແຫ້ງ	2
ຕ່າງໜ້າ	2
ເຕົ້ານ້ຳຊາ	2
ການຕໍ່ສູ້ອັນພິລະອາດຫານ	2
ອະຣະຫັດ	2
ເຫນືອຫົວ	2
ຕາກຝົນ	2
ແສນທຸກ	2
ຊະນະຄວາມ	2
ແຂ້ວເປັນແມງ	2
ອະຄະຕິ	2
ນະລີ	2
ຖອນຕົວ	2
ສຸຣິນ	2
ປະເພດດ່ຽວ	2
ເສັ້ນຂອບຟ້າ	2
ພຸດທະບໍລິສັດ	2
ງົບປະມານສົກ	2
ແຕກດອກ	2
ເກີນຄວນ	2
ເບັ່ງ	2
ສັງກັດຢູ່	2
ເຂົ້າມານຳ	2
ເຫຍື້ອ	2
ຣາສີກຸມ	2
ສໍ້ໂກງ	2
ຄອຍເບິ່ງ	2
ນັກກະວີ	2
ເຫີນ	2
ແຕກສະຫລາຍ	2
ຝາກຄວາມຢ້ຽມຢາມ	2
ພິນິດ	2
ແທກທາງ	2
ອະພິຊາດ	2
ເລື່ອງຕະຫລົກ	2
ນັກທັມ	2
ບວບ	2
ບາງທີອາດຈະ	2
ແຊ່ງ	2
ສິງທອງ	2
ຄົນຍ່າງຫລິ້ນ	2
ການຂ້າສັດ	2
ພ້ຽນ	2
ດ້ວຍຄວາມຍິນດີ	2
ທາສີ	2
ປະຄັບປະຄອງ	2
ອິນທີ	2
ສະຈີ	2
ເທນ້ຳ	2
ສຸກກ່ອນເຫີ່ມ	2
ຫລາບ	2
ອາຍຸແກ່	2
ອ່ອນແຮງ	2
ບຸລິ	2
ຄົນໂທດ	2
ຫລອດລົມ	2
ຕາມຄວາມຈິງ	2
ຈິຣະ	2
ແຜ້ວ	2
ຣາສີພຶດ	2
ຍຸບຍອບ	2
ມີດແຖ	2
ກະບິນລະພັດ	2
ຄືຕົວຢ່າງ	2
ສັງເຂບ	2
ສຳພາລະ	2
ສ່ວນມາກ	2
ຍື່ນຄຳຮ້ອງຂໍ	2
ຫ້າຮ້ອຍ	2
ຄວາມສຸພາບ	2
ຄ່ຳມືດ	2
ທີ່ລະລຶກ	2
ລໍເວລາ	2
ວົງກະສັດ	2
ທີ່ເຝົ້າ	2
ກະແຕະ	2
ຊ້ຳໃຈ	2
ຊົບເຊົາ	2
ສະຫລາຍ	2
ເຫລື້ອມໃສ	2
ມາຕາມນັດ	2
ປະຫັດ	2
ອອກໄຂ່	2
ແຕ່ໃດໆມາ	2
ຫູ່	2
ຜ້າໄຕ	2
ແບບພື້ນເມືອງ	2
ຫວັງເປັນຢ່າງຍິ່ງວ່າ	2
ຫນັງສືຮັບຮອງ	2
ນາງເທວະດາ	2
ຮີວ	2
ຄົນລະທາງ	2
ກຳປັ່ນ	2
ດາງ	2
ແຜ່ທົ່ວ	2
ພຶ່ງປະສົງ	2
ສ່ອງເບິ່ງ	2
ເຄີຍອ່ານ	2
ປາກິສະຖານ	2
ຈຳເຮັດ	2
ວາກ	2
ນ້ຳອາບ	2
ປະຕິບັດຮ່ວມກັນ	2
ຫັນຫລັງ	2
ຂີ້ໄກ່	2
ບ່າໄຫລ່	2
ໃຕ	2
ຕາບໃດ	2
ນອຍ	2
ໄລ້	2
ລູກຫນ້າ	2
ຊົນຊັ້ນກຳມາຊີບ	2
ປົງໃຈ	2
ສຳນັກພິມ	2
ຢຽວ	2
ແຂກເມືອງ	2
ປຸງແຕ່ງຢາ	2
ປະຕິຮູບທີ່ດິນ	2
ຖັນ	2
ສັນເຂົ້າ	2
ມາດຕາການ	2
ຮ່ວມທຸກຮ່ວມສຸກ	2
ຫມາກຫົວໃຈ	2
ລັບຫລັງ	2
ເປັນຕັບ	2
ເຮື່ອ	2
ລິຂິດ	2
ພໍເມື່ອ	2
ກິດວັດ	2
ອະສັງຫາຣິມະຊັບ	2
ຄ້າຍກັນ	2
ໂປຣກຣາມ	2
ໃນຍາມທຸກຍາກ	2
ສາຍພານ	2
ຫາລ້ຽງ	2
ສົມນ້ຳຫນ້າ	2
ສັນຍາສອງຝ່າຍ	2
ຢາດົມ	2
ຜູ້ດີ	2
ເຄີ່ງເດືອນ	2
ຕັດຜົມ	2
ຊັກໄຊ້	2
ທ່ຽງວັນ	2
ສະຕຣີ	2
ຖືກຕົ້ມ	2
ໃຊ້ໄດ້ດີ	2
ອາການໄຂ້	2
ກອງພົນ	2
ຟາວ	2
ແຮກສ່ຽວ	2
ສະກາ	2
ສາວຈີ	2
ຂອງຜູ້ໃດ	2
ເກັບດອກໄມ້	2
ລືສີ	2
ພິໄລ	2
ພັກຣາຊການ	2
ພຸດທະການ	2
ເຂີຍ	2
ຕອນຫລັງ	2
ອັນຕະຣະທານ	2
ສາຍຄໍ	2
ໂອບ	2
ບາກບັ່ນພະຍາຍາມ	2
ຄວາມແຕກແຍກ	2
ຫົວເລາະ	2
ສີນ້ຳ	2
ຈຳໃຈ	2
ອີກໃໝ່	2
ບໍ່ເປັນຮອງໃຜ	2
ເດລີ	2
ທຳໜ້າທີ່	2
ຝາຊີ	2
ຍື່ງທ້ອງ	2
ອັດປະຊຸມ	2
ຣາຊສານ	2
ຜູດຂຶ້ນ	2
ປໍ້	2
ນະຄອນສີ	2
ໄມ້ຄ້ອນເທົ້າ	2
ຢຸດຊະງັກ	2
ຫ້ອງຄົວ	2
ລະແວງສົງໄສ	2
ຫລິ່ງຊັນ	2
ຮາວີ	2
ຝູງຊົນ	2
ຜີອຳ	2
ອ່ອນກຳລັງ	2
ໃສ່ເກືອ	2
ຍົມມະທູດ	2
ຮ່ອງນ້ຳເລິກ	2
ສີໃສ	2
ສາມພັນ	2
ຊ້ອນປາ	2
ຕໍ່ຕາມ	2
ລົດສາມລໍ້	2
ຄຳສາລະພາບ	2
ສາດົກ	2
ລະຄອນສັດ	2
ໃຫ້ສຽງ	2
ລົມເຢັນ	2
ປະຫລາດໃຈ	2
ບໍລິສັດການບິນ	2
ໃຈຄໍ	2
ໂລຄາ	2
ຜັກຊີ	2
ຍິ່ງກວ່ານັ້ນ	2
ກະແສນ້ຳ	2
ກະແສຄວາມຄິດ	2
ແມ່ທັບ	2
ຍິ່ງຮ້າຍ	2
ນ້ຳແຫ້ງ	2
ອາລະຍະ	2
ແຍ່ງຊິງ	2
ສໍຂາວ	2
ໃຜຕໍ່ໃຜ	2
ຫລຽວເຫັນ	2
ເໜົ່າເໝັນ	2
ແຄ່ນັ້ນ	2
ຍົກຈອກ	2
ພະຍາດຫົວໃຈ	2
ຮ່ວມຊີວິດ	2
ເຫລີ້ນ	2
ວິໂລດ	2
ຫນາແຫນ້ນ	2
ແຢະ	2
ມຸງກຸດ	2
ຈອບເບິ່ງ	2
ຊະລາພຸຊະ	2
ກໍຢ່າ	2
ສາມານ	2
ປຶ້ມນ້ອຍ	2
ສັມພັດ	2
ຊະຣາ	2
ຊັ່ງຊາ	2
ຊາວປະມົງ	2
ມອບໄວ້	2
ຄາວຽກ	2
ອັກຄະມະເຫສີ	2
ຮຽນດ້ວຍຕົນເອງ	2
ເຂດປົດປ່ອຍ	2
ເພື່ອໄດ້	2
ຂື່ນ	2
ສວນດັ່ງ	2
ຕລົກ	2
ການວ່າງງານ	2
ເປີດແປນ	2
ກາຍຄວາມ	2
ນອກຕົວ	2
ຫວນກັບມາ	2
ແກ່ນສານ	2
ຈະຣາຈອນ	2
ມອມແມມ	2
ສາມເທົ່າ	2
ລອງເບິ່ງກ່ອນ	2
ໃບ້	2
ພອນປີໃຫມ່	2
ອຽງໄປ	2
ເລືອດດັນ	2
ຢາດນ້ຳ	2
ສັນນິຖານ	2
ຮຸ່ຍ	2
ສົມຮູ້ຮ່ວມຄິດ	2
ມີໜ້າມີຕາ	2
ຮຸບ	2
ກິນດິບ	2
ຍັ້ງ	2
ສີເຂັ້ມ	2
ເກົ້າສິບ	2
ປະພາ	2
ຕາຍາຍ	2
ຕຶງ	2
ຜວນ	2
ມາສົກ	2
ຜູ້ຂາຍຍ່ອຍ	2
ປັດສິມ	2
ຈັກສຸ	2
ໄພ່	2
ພະນາ	2
ຫວີ	2
ປະທີບ	2
ສັນຕິພາບໝັ້ນຍືນ	2
ດາຫ້າງ	2
ບັນຈົງ	2
ຮ້ອນໃຈ	2
ປານາມາ	2
ສຸຣິຍະ	2
ເປັນຕາງຶດ	2
ອະນຸໂມທະນາ	2
ເມົາເຫລົ້າ	2
ອິລິຍາບົດ	2
ຜູ້ໄທ	2
ນ້ຳລິນ	2
ແທ້ທີ່ຈິງ	2
ເຂົ້າຫລາມ	2
ໝໍ້ໄຟ	2
ລິດທິ	2
ອາຍຸນ້ອຍ	2
ຫມວກ	2
ຫໍກາງ	2
ກັ້ນໃຈ	2
ຊີງກັນ	2
ນຸ່ງຫົ່ມ	2
ພາສາມະນຸດ	2
ຍ່ອມເປັນ	2
ເຈາະອຸໂມງ	2
ຮູບເດີມ	2
ຫງ່ຽງ	2
ນອນແຄງ	2
ອຸ້ມຊູ	2
ບົມ	2
ໂຫຍຫວນ	2
ອັກສະ	2
ພະສາດ	2
ມຸ່ງມາດ	2
ຕະປູ	2
ໝົດກ້ຽງ	2
ເປັນຈຸດໆ	2
ລະອິດລະອ້ຽວ	2
ຍ້ອມສີ	2
ລ່ວມ	2
ຕີກາ	2
ຝົດ	2
ນ້ຳໜອງ	2
ວົງຍາດ	2
ຊວງເອິກ	2
ຍາມນອນ	2
ຕີຕາ	2
ການລະເວັ້ນ	2
ໂຄມ	2
ແລດ	2
ຄວາມບໍ່ຮູ້ໜັງສື	2
ສອງພະຍາງ	2
ສັກກະລະບູຊາ	2
ແລເບິ່ງ	2
ຢ່ອງ	2
ຮວານ	2
ຜົນທີ່ສຸດ	2
ຝຶດ	2
ເວົ້າຄວາມຈິງ	2
ຄັນຕົນ	2
ໄຕ່ຕອງ	2
ທັບຖົມ	2
ພິພາກສາ	2
ກົດລົງ	2
ຊາບຊຶ້ງ	2
ອາໂລກະ	2
ສິງໂຕ	2
ກັມມາທິການ	2
ດຽງ	2
ຕົກລົດ	2
ຜົກ	2
ອໍຣະ	2
ຄັບຄາ	2
ຫົວຜັກກາດ	2
ວັດຊະຣະ	2
ວ່າງງານ	2
ແປດສິບ	2
ເຂົາເຫລົ່ານັ້ນ	2
ເຜີຽແຜ່	2
ໂອຊະ	2
ສັງເວດ	2
ໂພ່ຂຶ້ນ	2
ເດີນທັບ	2
ນ້ຳແດງ	2
ອຸບັດຂຶ້ນ	2
ຕັ້ງຄັນ	2
ຮຽກຮ້ອງຫາ	2
ຄ່າປົວ	2
ຈຳນຳ	2
ຂາຂຶ້ນ	2
ດູ່	2
ເປື່ອຍເນົ່າ	2
ນ້ຳຂັງ	2
ໃຫ້ເຝົ້າ	2
ຄາດຕະກຳ	2
ເກສອນ	2
ເນືອງນັນ	2
ຕ້ານຄືນ	2
ຝານ	2
ໃພ້	2
ນັກເວົ້າ	2
ຂາປະຈຳ	2
ຫ້າຄົນ	2
ຫນ້າອ່ານ	2
ສ້າງສົມ	2
ທຸກທີ່	2
ກາມມະ	2
ຫລັງມື	2
ພະຄຳພີ	2
ກາງແຂນ	2
ບຸນວາດສະໜາ	2
ເບິ່ງຮູບເງົາ	2
ມື້ຄືນນີ້	2
ເພສ	2
ອຸ່ມ	2
ເຂິງ	2
ອຸບປະສັກ	2
ເຈົ້າຕົວ	2
ສະເໜີແນະ	2
ແກ້ຂ່າວ	2
ສະໝຸນໄພ	2
ມະຍາດ	2
ວິການ	2
ຮັບຄືນ	2
ລອກອອກ	2
ສແວງຫາ	2
ກຳແຫງ	2
ທ້ອງແກ່	2
ເປົ່າຫູ	2
ຫີບຫໍ່	2
ຂີດຈຳກັດ	2
ທຳຕາມ	2
ຫາໂນ້ຍ	2
ກົດບັດສະຫະປະຊາຊາດ	2
ສີທາດ	2
ຄອງຮັກ	2
ຄິດບໍ່ອອກ	2
ໄກ່ໄຂ່	2
ນັກຄົ້ນຄ້ວາ	2
ກະຖັງ	2
ສະໝັກຮັບເລືອກຕັ້ງ	2
ຕໍໄມ້	2
ຈີມ	2
ໝາກຈັບ	2
ລະຫວ່າງນີ້	2
ຟຸບລົງ	2
ກ້ຽມ	2
ເຄື່ອງກິນ	2
ຕະບອງເພັດ	2
ກະເຊົາ	2
ອາຍຸໄຂ	2
ງອງ	2
ພະເນຈອນ	2
ສີກ	2
ມັ່ງມີສີສຸກ	2
ໜຳ	2
ຮວາຍ	2
ແຍະ	2
ເອນກາຍ	2
ທັມມະຣາຊາ	2
ພີລະ	2
ທະມິນ	2
ຫ້າມສູບຢາ	2
ຜູ້ບັງຄັບບັນຊາ	2
ກັນໄວ້ດີກວ່າແກ້	2
ມຸດນ້ຳ	2
ພຸດທະຈັກ	2
ເຈົ້າອະທິການ	2
ໂທຣະສັບ	2
ໜ້າບານ	2
ບໍລິພັດ	2
ນີ້ແປວ່າ	2
ຂາງ	2
ກົມໂຍທາ	2
ຊະເລີຍ	2
ເຂືອ	2
ນອນຝັນ	2
ເຂດນອກ	2
ໂທຣະ	2
ບາບບຸນ	2
ຄາຣະວະ	2
ຜ່ອນຕາມ	2
ຜົນເສັຽ	2
ກອງໂທນ	2
ເສັຽຈິດ	2
ມອບໜ້າທີ່	2
ເລີແກ	2
ມ້ອຍ	2
ເສັ້ນແວງ	2
ໂຕຍ	2
ມອມ	2
ທ້ອງຜູກ	2
ໂອບເອື້ອ	2
ຄົນຕ່າງຊາດ	2
ທູດເສດຖະກິດ	2
ໄມ້ເທົ້າ	2
ລ້າງສມອງ	2
ພັນຜັກ	2
ເຄືອຫວາຍ	2
ຮູ້ແນ່	2
ທົນທຸກ	2
ລົມບ້າຫມູ	2
ປາກເປັນ	2
ບ້າຫມູ	2
ດ່ອງ	2
ກະດອງ	2
ທາງຄວນ	2
ສົ່ງສະການ	2
ເພື່ອເຫັນແກ່	2
ບາດໜ້າ	2
ຂີ້ຫລຶ້ມ	2
ອ້ອນວອນ	2
ຫາງຕາ	2
ເຄື່ອງສານ	2
ເປັນຕົ້ນວ່າ	2
ຈຳຄຸກ	2
ພັດຖິ່ນ	2
ກອງພົນນ້ອຍ	2
ຫມາກອຶ	2
ຍິງຖືກ	2
ເຕົາໄຟ	2
ປູປາ	2
ຟ້າແຖນ	2
ເນຶ້ອ	2
ຖືກແລ້ວ	2
ປະຊຸມສາມັນ	2
ເສິກກາງເມືອງ	2
ໄຟປ່າ	2
ຣາຊທານີ	2
ບໍ່ປານ	2
ກຽດຊັງ	2
ຕາມືດ	2
ກໍລະນີພິພາດ	2
ຈັນທະຄະຕິ	2
ຣາສີມັງກອນ	2
ເມືອງສິງ	2
ນຸ່ມນວນ	2
ລົງຂັ້ນໄດ	2
ອາຊີວະສຶກສາ	2
ກາງຫາວ	2
ບຸບເພສັນນິວາດ	2
ຊອກວິທີທາງ	2
ເວລາຫລິ້ນ	2
ຖອດເອົາ	2
ແຄ້ນໃຈ	2
ຍິກຄິ້ວ	2
ລ້ຽງຕ້ອນຮັບ	2
ຕ່າວຄືນ	2
ປັບຄວາມເຂົ້າໃຈ	2
ຄຽວ	2
ເບັດ	2
ຜ້າເຊັດ	2
ເຈັ້ຽ	2
ເພດານປາກ	2
ສຽງວິພາກວິຈານ	2
ແຫະ	2
ລົມປາກ	2
ຕອງນ້ຳ	2
ນິໄສໃຈຄໍ	2
ຂຽວອຸ່ມທຸ່ມ	2
ໝູ່ເຂົາ	2
ບໍ່ຊອບ	2
ທະນຸ	2
ສີ່ດ້ານ	2
ເຂົ້າອູ່	2
ຂໍແຮງ	2
ພິດສະດານຢ່າງຍິ່ງ	2
ໜອງບຶງ	2
ພືດຜົນ	2
ບົດວິຈານ	2
ທຸມະ	2
ປຽວ	2
ຮູບນອກ	2
ຊົ່ວຄົນ	2
ຫນ້າປັດ	2
ເຂົ້າກ້ອງ	2
ໜານຜັກ	2
ຜ່ານກັນ	2
ທາງແຍກ	2
ຕາກ້າ	2
ຖ່ານໄຟ	2
ນານາປະການ	2
ແນ່ຊັດ	2
ຄົນຕົວະ	2
ກົກປາຍສາຍເຫດ	2
ບ້ານເກົ່າ	2
ຕາໄວ	2
ທອນອາຍຸ	2
ອິຫຍັງ	2
ກະມະ	2
ຕົວທຳ	2
ຊົນລະທານ	2
ຟັກ	2
ວະນິດາ	2
ກ້າກ	2
ພຸດທະບັນຍັດ	2
ຢຳ	2
ດັ່ງໄດ້ກ່າວມາແລ້ວ	2
ກຽມລົງມື	2
ຈິຕ	2
ສັງຄົມສົງເຄາະ	2
ເອົາດີ	2
ສະຫວັນລະຄົດ	2
ກິນນອນ	2
ການປ່າໄມ້	2
ຕຳຫລວດຈະລາຈອນ	2
ບໍ່ຍອມຮັບ	2
ຄຶ	2
ຂ້າງຫລັງ	2
ສະຖາປັດຕະຍະ	2
ດັບຈິດ	2
ຂີງ	2
ນີ້ແຫລະຄື	2
ພອຍ	2
ຂີດກ້ອງ	2
ສັ່ນຄອນ	2
ດື່ນ	2
ບໍ່ເດືອດຮ້ອນ	2
ກັງວົນໃຈ	2
ສິງຄຳ	2
ປ່ຽນຕົວ	2
ແຜນທີ່ໂລກ	2
ຂອງຫວານ	2
ຄວາມຫນັກແຫນ້ນ	2
ອົ້ນ	2
ດິ້ງ	2
ຢືນເບິ່ງ	2
ໃຫ້ຈຳຄຸກ	2
ຫມໍ້ໄຟ	2
ຊື່ຈິງ	2
ກິຕິມະສັກ	2
ຂົ່ມໃຈ	2
ຕະລາງ	2
ຫລັກແຫລມ	2
ໂຖງ	2
ຂໍ້ສຳຄັນ	2
ຫນ້າອົກ	2
ລະບອບການປົກຄອງ	2
ຊີ້ນໄກ່	2
ວາງຂອງ	2
ສວນຢາງ	2
ມຸຂະ	2
ສະຖາປະນິກ	2
ອາການສະແດງ	2
ຊົ້ວ	2
ໄຫລ່	2
ຫ້ອງສມຸດ	2
ຈົວ	2
ມາເປັນແຂກ	2
ສເນີຂ່າວ	2
ບໍ່ຖືກທາງ	2
ຊັ້ນບໍ່	2
ເຄົາຣົບຢຳແຢງ	2
ອັດໂນມັດ	2
ຂົ້ນ	2
ລັກໜີ	2
ເຈັກ	2
ກໍຈັກ	2
ຫລັກເກນ	2
ເທື່ອລະນ້ອຍ	2
ໄປເຝົ້າ	2
ເຊົ່າເຮືອ	2
ເກ້	2
ວັນສິນ	2
ປາໂມກ	2
ທຸງໄຊ	2
ເບື້ອງໜ້າ	2
ແກ້ໄຂສະພາບການ	2
ສຽງຕີ	2
ສຽງເອກ	2
ໂອບກອດ	2
ພະລາດຊະວັງ	2
ກອງປະຊຸມຂັ້ນສຸດຍອດ	2
ນ້ຳມື	2
ຮັກໃຄ່	2
ທາງເຮືອ	2
ໂຮງການ	2
ຖືກແບບ	2
ເພງຊາດ	2
ເຄື່ອນໄປ	2
ເດັກກຳພ້າ	2
ນິກອນ	2
ຍັງບໍ່ທັນເຮັດ	2
ຈັບເວລາ	2
ຫລີກຫນີ	2
ຕ່ຳຜ້າ	2
ສີແກ່	2
ຊ້ວນ	2
ນິດຕະຍະສານ	2
ຂີ້ມູກ	2
ນາຍພົນຈັດຕະວາ	2
ດັ່ງເດີມ	2
ກັນໜາວ	2
ບ່ຽງບ່າຍ	2
ອຳພັນ	2
ອັນລົ້ນເຫລືອ	2
ຜູ້ມີຄວາມຮູ້	2
ຄົນໃຈຮ້ອນ	2
ຮ້ອງຂໍຄວາມຊ່ວຍເຫລືອ	2
ລິດເດດ	2
ນິທິ	2
ເລ້ຫລ່ຽມ	2
ສະບັ້ນ	2
ນາງພະຍາບານ	2
ເມືອງສະຫວັນ	2
ວະຈະນະ	2
ກິນເວລາ	2
ຫລັກປະກັນ	2
ໝູ່ຂ້ອຍ	2
ຄຸນແມ່	2
ຄັນຂໍ	2
ເຂົ້າໄປໄດ້	2
ມັກຫລາຍ	2
ເປ່	2
ຫັນໄປທາງ	2
ຢູ່ຍາມ	2
ເຮືອຫາປາ	2
ຄິດໄປຄິດມາ	2
ດຳດວນ	2
ເວັ້ນເສັຽ	2
ບໍ່ຮູ້ຈັກຄວາມ	2
ເດືອນຫງາຍ	2
ເຜື່ອແຜ່	2
ແຊກຊຶມ	2
ຂັດກະດຸມ	2
ຂາຍສົ່ງ	2
ຄຳເກີດ	2
ສານປະກອບ	2
ດັງໆ	2
ຜັງ	2
ວຸດທິສະພາ	2
ສະພາບັນດິດວິທະຍາສາດ	2
ຄວາມຂົມຂື່ນ	2
ເບີຍ	2
ການຄອບຄອງ	2
ປູນາ	2
ເຢັຽຣະມັນ	2
ລີ້ລັບ	2
ດ້ວຍຮັກ	2
ຮຸ່ງເຊົ້າ	2
ນ້າສາວ	2
ຄຳຕໍ່	2
ຮູ້ຄຸນຄ່າ	2
ຕາມໜ້າທີ່	2
ສັນຊາດຕະຍານ	2
ບິນທະບາດ	2
ທານໂທດ	2
ຕື່ນແຕ່ເດິກ	2
ເຂັມແສ່ວ	2
ກັ້ນກາງ	2
ໂອຣົດ	2
ຂຶ້ນແຮງ	2
ການປະຊຸມສະພາ	2
ເງິນຫລວງ	2
ມື້ເກີດ	2
ເໝືອຍ	2
ໃຫ້ຂໍ້ສັງເກດ	2
ແຖບນັ້ນ	2
ຊາວເອັດ	2
ເນຶ້ອທີ່	2
ກັບອອກ	2
ຣາຊຊັບ	2
ສວນສາທາຣະນະ	2
ໂຖດອກໄມ້	2
ພໍ່ໃຫຍ່	2
ອີ່ສັງ	2
ກົມອຸຕຸນິຍົມວິທະຍາ	2
ເຫລືອຫລາຍ	2
ອະຣິຍະສັດ	2
ພາສາເດັກ	2
ສະຫວັດດີ	2
ການປະກອບຫລັກຖານ	2
ເອີກ	2
ສູງເດັ່ນ	2
ພິທີກັມ	2
ເຮັດໃໝ່	2
ເຄັມໆ	2
ລູກປະສົມ	2
ຢ່ຳ	2
ຄິ້ວ	2
ນ້ຳທ່າ	2
ກິນຫຍ້າ	2
ໄກ່ເກັ່ຽ	2
ຫວຸດຫວິດ	2
ອຸໄທ	2
ລົມບ່າວ	2
ຄົນມີຖານະ	2
ອວນໄປ	2
ຫຍາບຊ້າ	2
ວັນສັນ	2
ຜູ້ຮັກສາການ	2
ປະຫານຊີວິດ	2
ກັມມະສິດ	2
ປະຕູໜ້າ	2
ດ້ານໜ້າ	2
ເຈົ້າທຸກ	2
ເມົານຳ	2
ສໍ້ຖາມ	2
ພິສຸດ	2
ບຽດກັນ	2
ຄະນຶງ	2
ອິນໂດນີເຊັຽ	2
ບັນຊີສິນຄ້າ	2
ຄ່ອງກັນ	2
ສະຫົວ	2
ເທົ່ານັ້ນແຫລະ	2
ກ່ຽວເນື່ອງ	2
ເຈົ້າຍິງ	2
ລາວລຸ່ມ	2
ບໍ່ມີວຽກເຮັດ	2
ຍົກມື	2
ຍາມດີ	2
ເສື່ອ	2
ຈົ່ງເຮັດ	2
ສົ່ງສາວ	2
ຂະໝັບ	2
ກອງໄຟ	2
ເຖິງຂະໜາດ	2
ຮັບເງິນເດືອນ	2
ຜິວດຳ	2
ຮັບທຸກ	2
ສ້າງຕົວເອງ	2
ຫັ້ນແລ	2
ມີຄັນ	2
ການເອີ້ນ	2
ເຊັ່ນກ່ອນ	2
ບາບກຳ	2
ກະແສຟອງ	2
ຢາເສັ້ນ	2
ກອບນ້ຳ	2
ບໍ່ກົ່ວ	2
ສາມຄັ້ງ	2
ນະຄອນບານ	2
ເປັນບວມ	2
ຈັດເຂົ້າໃນ	2
ຕັ້ງຫນ້າຕັ້ງຕາ	2
ໄສຍະສາດ	2
ທຳນາ	2
ວິລາວັນ	2
ປະສົບພົບພໍ້	2
ທີ່ວ່າການ	2
ຊິ່ມ	2
ເຂົ້າຂາວ	2
ຂາດອາຫານ	2
ຂີ້ຂາດ	2
ຈັ່ງວ່າ	2
ກິນແໜງ	2
ເໝິດ	2
ອວດໂຕ	2
ທາງປີ້ນ	2
ສັງຄຳ	2
ອັກຄະລັດຖະທູດ	2
ແຫ້ງໄປ	2
ສວນກັນ	2
ນ້ຳໝອກ	2
ອາກຊັງຕິນ	2
ສາວໃຊ້	2
ຂາຍໜ້າ	2
ແຊບຫລາຍ	2
ທ່ອງທຽວ	2
ໄດ້ຮັບຄວາມເດືອດຮ້ອນ	2
ປອກລອກ	2
ເອນອຽງ	2
ຟ້າວຟັ່ງ	2
ບັນຊີທະນາຄານ	2
ສັບປ່ຽນ	2
ທັກກັນ	2
ເກາະຜິດ	2
ຄໍຫນຽງ	2
ເພີ່ມພູມ	2
ຕົ້ມກັ່ນ	2
ວິຊາຊ່າງ	2
ຝືດ	2
ເໝືອງຝາຍ	2
ຕັ້ງແຕ່ນັ້ນມາ	2
ຫລອນໄປ	2
ນ້ຳສີ	2
ອີສັງ	2
ເໜົ່າ	2
ຈົງອາງ	2
ພິຫານ	2
ຕອນເດິກ	2
ກາງຕໍ່	2
ບົ່ວ	2
ກະໂດດຂັ້ນ	2
ຕື່ນໃຈ	2
ຕະຫລອດທາງ	2
ສະຫລັບກັນ	2
ອາຊ	2
ວັນເນົາ	2
ສໄວ	2
ສົມມະນາ	2
ມືດີ	2
ເສກ	2
ສະຕູ	2
ມະຫາສົງຄາມ	2
ຄົງໄວ້	2
ເພື່ອນມະນຸດ	2
ວາຊີ	2
ແກ້ຄວາມ	2
ສະເໜີລາຍງານ	2
ນານມາແລ້ວ	2
ຢຶດໝັ້ນ	2
ເມືອງພວນ	2
ຄອນແຄນ	2
ນາຍຕຳຫລວດ	2
ປາກນ້ຳ	2
ເປີດປະຊຸມ	2
ໂດຍສະເພາະຢ່າງຍິ່ງ	2
ຊຳລະໜີ້ສິນ	2
ວິຊາເລກ	2
ຂ່າງ	2
ເປັນທ້ອງ	2
ຄວາມຫນາ	2
ເກົ້າຜົມ	2
ອຸກອັ່ງ	2
ຕາມແມ່ນ	2
ດານຸບ	2
ສມິດ	2
ກະລໍ	2
ປະຕິຣູບ	2
ຜ່ອນຜັນ	2
ຮີນ	2
ຍຸກຫິນ	2
ນີພານ	2
ນອງເລືອດ	2
ແທບ	2
ສານຕາຕັ້ງ	2
ໃບພັດ	2
ຫວຽນ	2
ແສນສຸກ	2
ບໍ່ວາຍ	2
ປິດຕາ	2
ປະກອບຄວາມເຫັນ	2
ເວເນຊູເອລາ	2
ຈອງທີ່ດິນ	2
ຄວດ	2
ຕໍ່ຈາກນີ້ໄປ	2
ຢາຖູ	2
ຍອມຕາຍ	2
ຫົດນ້ຳ	2
ປາໂດ	2
ໃບຮັບຮອງ	2
ສີແຂ້ວ	2
ໃນຂັ້ນຕົ້ນ	2
ໂມຫັນ	2
ເຄື່ອງພິມດີດ	2
ກອງເຮືອ	2
ກ້ຳຂວາ	2
ຟາກຟ້າ	2
ວາລີ	2
ດ້ວຍໃຈ	2
ອູ້	2
ລາພະ	2
ໃສນ້ຳ	2
ຄຳຊີ້ແຈງ	2
ຍື່ນຕໍ່	2
ຝູງນົກ	2
ເທົ່ານັ້ນບໍ່	2
ອົດກິນ	2
ໂກສະ	2
ຄ້ອມ	2
ຂີ້ໜຽວ	2
ເກີດເປັນພະຍາດ	2
ໝາກໝັ້ນ	2
ລູກຄີງ	2
ງາມຢູ່	2
ການກະທຳຕົວຈິງ	2
ໄວ້ຫນ້າ	2
ບັນດານ	2
ກົນລະຍຸດ	2
ຜຸດ	2
ບໍ່ອີ່ມ	2
ໄຖ່ຖອນ	2
ຄ່າເດີນ	2
ຫຶກ	2
ແນວລາວຮັກຊາດ	2
ຍັງໄຄແດ່	2
ພິສູດໃຫ້ເຫັນວ່າ	2
ຝົນຕົກລິນ	2
ອົກຊີແຊນ	2
ແສນຮັກ	2
ຜ່ານພົ້ນ	2
ບັນພະບຸລຸດ	2
ສະພານິຕິບັນຍັດ	2
ພຶ້ນທີ່	2
ສິນຄ້າເຂົ້າ	2
ການປອມແປງ	2
ປູມ	2
ລູກນ້າ	2
ທາງຄົນຍ່າງ	2
ວິໄລວັນ	2
ບໍ່ນ້ຳ	2
ຈົນສຸດຄວາມສາມາດ	2
ຈອດເຮືອ	2
ບ້ຽວ	2
ຂີ້ໂມໂຫ	2
ຄວາມແຈບ	2
ແສບຄໍ	2
ໃຝ່ໃຈ	2
ບຸງ	2
ກະຍອມ	2
ນ້ອຽ	2
ງຳ	2
ຄິງ	2
ຕີໄຂ່	2
ເລິກເຊີ່ງ	2
ບໍ່ທັນສົມບູນ	2
ຄ່າປ່ວຍການ	2
ນາຫລວງ	2
ຈູບຈ້າວ	2
ມື້ແຮມ	2
ພາສິດ	2
ແສນຍາກ	2
ຕັ້ງບັນຫາ	2
ຄວາມກ່ຽວຂ້ອງ	2
ບົ່ງເຖິງ	2
ຊາບຊຶມ	2
ເງິ	2
ຕ້າຍ	2
ພະຄະ	2
ຕາຫິບ	2
ໃບຫູ	2
ບິນເວີ່ນ	2
ຫລິ້ນໄພ້	2
ອຸທານ	2
ຈົບຈາກໂຮງຮຽນ	2
ໃນທັດສະນະ	2
ເຄື່ອງເອ້	2
ກິນພື້ນທີ່	2
ຍາມບ່າຍ	2
ສົມປະກອບ	2
ຄຶດບໍ່ອອກ	2
ຄຳຜະສົມ	2
ກອງຫລອນ	2
ໃສ່ນ້ຳມັນ	2
ຂໍຂະມາ	2
ເທວາ	2
ໃນເວລາອັນຄວນ	2
ຈຸດຫນັກ	2
ປາວານ	2
ເຕັມທີ	2
ກ້າວກ່າຍ	2
ຈັກຊັກເຄື່ອງ	2
ໂທດປະຫານຊີວິດ	2
ຣາສີກັນ	2
ຫມູນເງິນ	2
ແຫລ່	2
ຕັ່ງນັ່ງ	2
ກິດຕິ	2
ບັນຫາຍາກ	2
ຮ່ອນຄຳ	2
ສົ່ງອອກນອກ	2
ໄປທາງຂວາ	2
ບໍ່ເປັນລະບຽບ	2
ຕາມນ້ຳ	2
ຍູ້ຊ່ວຍ	2
ນອບ	2
ຊຳເໜືອ	2
ຫິວເຂົ້າ	2
ຮັກອາໄສ	2
ຊ່າວນາ	2
ສະແດງຄວາມໂຄລົບ	2
ກ້ວນ	2
ເຫິນ	2
ເມື່ອກີ້	2
ສາມັນສຳນຶກ	2
ເຫລົ້າເຂົ້າ	2
ຍໍຂຶ້ນ	2
ອອກປາກ	2
ຕັ່ງອີ້	2
ຮັບຄຳສັ່ງ	2
ສິ້ນຫວັງ	2
ຍອຍ	2
ຄົນຍິງ	2
ວ່າດ້ວຽ	2
ຫົວໂປ່	2
ຜູ້ນຳໜ້າ	2
ສັກເຂົ້າ	2
ເສດຂອງ	2
ກະຊວງຕ່າງປະເທດ	2
ເອົາທ່າ	2
ບຸກຄະລິກລັກສະນະ	2
ປ້ອມ	2
ຖາມຊ້ຳ	2
ແສງພະອາທິດ	2
ໃຈແຕກ	2
ລາຄາຂາຍຍ່ອຍ	2
ໄຄແດ່	2
ອອກໂຮງ	2
ຕົວທັມ	2
ຫມຸ້ນ	2
ວາດທະ	2
ລາຄີ	2
ຄົມໃນຝັກ	2
ອຸສາ	2
ຮຽກຊື່	2
ໂດຽກົງ	2
ທໍຣະນີ	2
ໄປເອົາມາ	2
ສັຊ	2
ແຫງ	2
ດວງດອກ	2
ປັຕ	2
ໂຕ້ແຍ້ງ	2
ຕີນພູ	2
ຣາສີສິງ	2
ຕາມລຳພັງ	2
ຄົງທົນ	2
ກິ່ນເໝັນ	2
ຢ່າງຮອບຄອບ	2
ລຸກໄປ	2
ຈຳວັດ	2
ນັກສິນລະປິນ	2
ຫາຍຫ່ວງ	2
ຄົນລະແນວ	2
ນອນຫົວຄ່ຳ	2
ໂອຫັງ	2
ກືນກິນ	2
ເປັນບ້າ	2
ມ່ອນ	2
ພະແສງ	2
ຮົນ	2
ສຳໂພທິ	2
ຈອບອອຍ	2
ໄຂ່ມຸກ	2
ຊ່າງກໍ່	2
ລົດຜ່ອນ	2
ເວດສາດ	2
ຄັກໃຈ	2
ຂຸນເສິກ	2
ວິສາຂະ	2
ຈອມພົນ	2
ປະຕູຫລັງ	2
ນໍລະ	2
ເຮັດໃຫ້ນອນ	2
ນະລິນ	2
ນັດແນະ	2
ພະນັກງານປະຈຳ	2
ຄະນິງ	2
ວັນພະ	2
ນາພຽງ	2
ແກ່ນຕາ	2
ອັບເສົາ	2
ບ໊ະ	2
ລະດົມກັນ	2
ເຈ້	2
ດ່ອຍ	2
ຫອມປ້ອມ	2
ແຫ້ວ	2
ຊະນວນ	2
ປາມຶກ	2
ຊົມເມືອງ	2
ວັງນ້ຳ	2
ຂະຫຍາຍຮູບ	2
ເກືອດ	2
ປະວັດການ	2
ດຸມ	2
ທຳໂທດ	2
ສະພາຄວາມຫມັ້ນຄົງ	2
ຄວາມພຽງພໍ	2
ທັດສະນາຈອນ	2
ແຕ່ທໍ່ນີ້	2
ໂດຍທັນທີ	2
ຜັກບົ້ງ	2
ເວລາແລງ	2
ປະກາຍ	2
ເທພາ	2
ເຄຫະ	2
ໂລບ	2
ຈືນໄຂ່	2
ວັນຕາຍ	2
ຕ້ານຢັນ	2
ບໍ່ຢຳເກງ	2
ອຶດອັດ	2
ໝ້ອງ	2
ທຸ່ນ	2
ຫວ່າງເປົ່າ	2
ພໍ່ຄູ	2
ແຂ້ວກົກ	2
ກ້ຽວວຽນ	2
ເກີບຜ້າໃບ	2
ບັບພາ	2
ຮອຍຕີນ	2
ຜິວໜ້າ	2
ເຮືອນສອງຊັ້ນ	2
ກະດ້າງ	2
ຈັດຕຸລັດ	2
ຍອດນ້ຳ	2
ອັບປະລັກ	2
ດ້ານທະຫານ	2
ກາຫລົງ	2
ຍຸດຕິທັມ	2
ໃນຕໍ່ໜ້ານີ້	2
ຄອງວຽກ	2
ຫົວຜັກກາດຫວານ	2
ຄູດ	2
ຊ່ອງໂວ່	2
ເຫືອດ	2
ຖີບຕົວຂຶ້ນສູງ	2
ເລື່ອນຕຳແໜ່ງ	2
ຫລົງລືມ	2
ໃນທາງກົງກັນຂ້າມ	2
ໜ້າຜາກ	2
ຫັນໃຈ	2
ວັດສາ	2
ເດືອ	2
ຍາດຕິ	2
ຜູ້ຕ່າງຫນ້າ	2
ສລອງ	2
ໜວກ	2
ເສັ້ນຜ່າສູນກາງ	2
ຈວບ	2
ຂະບວນການເຄື່ອນໄຫວ	2
ລຳອຽງ	2
ງານລະອຽດ	2
ສາສນາພຸດ	2
ຄວາມດຶງດູດ	2
ເກິ	2
ການເຄື່ອນໄຫວທຳລາຍ	2
ຄົນຈິງ	2
ນັກສອບ	2
ສມາດ	2
ຊະວະ	2
ດິນໜຽວ	2
ຫຸ່ງສາ	2
ປາຢ້າງ	2
ແທ້ດາຍ	2
ຫາວນອນ	2
ແຍ້ງກັນ	2
ເຕັງ	2
ໄຕ່ເຊືອກ	2
ຜ້ານກາງ	2
ອອດ	2
ພົງພັນ	2
ບໍ່ໄດ້ສະຕິ	2
ນີ້ວໂປ້	2
ແບ່ງພາກ	2
ການຈະນາ	2
ຟຸ່ມ	2
ກະມັນ	2
ໄກເຕີບ	2
ພັງລົງ	2
ສະຫລາກ	2
ບໍ່ຮີບຮ້ອນ	2
ສະບານ	2
ໄກຕໍ່	2
ສ້າງບຸນກຸສົນ	2
ຫອກ	2
ໄມ້ຕາຍ	2
ຂອງແປກ	2
ໄຫວ້ວອນ	2
ທັ່ງ	2
ອານານິຄົມ	2
ເຫມືອນດັ່ງ	2
ວ່ານ	2
ແມ່ອອກ	2
ໂຣກລະບາດ	2
ທ່ອນໄມ້	2
ຮູບຈຳລອງ	2
ຝູງງົວ	2
ອອກທ່າ	2
ເວົ້າຫລິ້ນ	2
ຄະນະສັນຕິພາບ	2
ຫລັງສົງຄາມ	2
ເຂົ້າຂາ	2
ຄວນແກ່	2
ເລີກລາກັນ	2
ມີຫນີ້ສິນ	2
ແຫລບ	2
ຈຸບ	2
ງາມແທ້ໆ	2
ສົມພໍ	2
ບຸກເຂົ້າໄປ	2
ເຊົ້າມືດ	2
ຂ້າແມງ	2
ທີ່ຫວ່າງເປົ່າ	2
ໄດ້ຄືນ	2
ການຜັນສຽງ	2
ຂາໄປ	2
ລີ້ນຊັກ	2
ໂປງ	2
ໄປການ	2
ໜ້າດ້ານ	2
ຮຸ່ງຂຶ້ນ	2
ສັນຫລັງ	2
ມືເປົ່າ	2
ແປບ	2
ຄວາມແກ່ເຖົ້າ	2
ໃຈດຽວກັນ	2
ກະທົງ	2
ມະຫາບຸຣຸດ	2
ຊັກເສື້ອ	2
ນັ່ງຖ້າ	2
ເປັນຮູບດາວ	2
ອ້ອມຄ້ອມ	2
ສອຍ	2
ສະຍານ	2
ມັກມ່ວນ	2
ປະສາເດັກ	2
ທາວຫາ	2
ລືວ່າ	2
ກວ້າງຍາວ	2
ຈະຕຸ	2
ສະເພາະລາຍ	2
ປະຈັກ	2
ລົ້ນເຫລືອ	2
ເບືອ	2
ກວຍ	2
ດ້ານຂວາ	2
ເນື້ອຄູ່	2
ຮວງເຂົ້າ	2
ຂາດຄວາມຮູ້	2
ຫາເງິນໄດ້	2
ນອກຈາກວ່າ	2
ເໝັ້ນ	2
ອັດອັ້ນ	2
ຕັ້ງເມືອງ	2
ທຸກໂອກາດ	2
ຖ້າມກາງ	2
ໝາກເຫັບ	2
ຄັບແຄ້ນ	2
ຄົນໃນເມືອງ	2
ຊ່າງຄວັດ	2
ຫຍ	2
ນິດໄສ	2
ເປັນຄຸນ	2
ອຸບປະຕິເຫດ	2
ກອງບຸນ	2
ສຽງມ່ວນ	2
ຈັບຜິດ	2
ຫນ້າເອິກ	2
ບົດບັນຍັດ	2
ປຽກ	2
ໂຮມກຳລັງ	2
ຂາຍຕົວ	2
ລືຊື່	2
ຫ້າມເລືອດ	2
ຫມາກຖົ່ວດິນ	2
ປະຕິດປະຕໍ່	2
ໃຫ້ປະໂຫຍດ	2
ຫມໍ້ໄຟຟ້າ	2
ກຳປັ້ນ	2
ຍະອອກ	2
ໄຫວ້ວານ	2
ເຊື່ອຟັງ	2
ອໍຣະຫັນ	2
ການຫລວງ	2
ສະຖຸນ	2
ນາລົກ	2
ກະແທກ	2
ນ້ອງນຸ່ງ	2
ກຸບ	2
ໄຄ້	2
ເມືອງແມ່	2
ສິ່ງຂອງຕ່າງໆ	2
ການຖືເອົາ	2
ໄດ້ບຸນ	2
ລະວັງຕົວ	2
ຜູ້ຕິດຕາມ	2
ສາລາກາງ	2
ເຫມັນຄາວ	2
ສົງສານ	2
ງ້ຽວ	2
ແຕ່ງຫນ້າ	2
ທໍຣະ	2
ຫ້ອງອາຫານ	2
ດັ້ງ	2
ລົງເຮືອ	2
ບ່ຽງ	2
ດົ້ນ	2
ງ່ອຍ	2
ໝາກຂາມ	2
ກົ້ວ	2
ນີ້ວມື	2
ໃຫ້ແມ່ນ	2
ບິດເບືອນ	2
ຫຍຸ້ງວຽກ	2
ສີສຸວັນ	2
ຂາມປ້ອມ	2
ຢ້ານຕາຍ	2
ໂທສະ	2
ເຫລືອຄວາມ	2
ເຜີຍແບ	2
ອອກຕຸ່ມ	2
ສິນແຮ່	2
ຮັບກຳ	2
ຕາຍຄາ	2
ລາຍປີ	2
ພາວະການ	2
ພຶ້ນເມືອງ	2
ອັຕ	2
ທັງພວກ	2
ເປັນພັກ	2
ຜື	2
ຂາຍແພງ	2
ຫິ້ວ	2
ຫລັງຈາກນັ້ນມາ	2
ຍ່ຳ	2
ຜົມຫງອກ	2
ໄຕ່ສວນ	2
ຮ້າຍຂາດ	2
ຄວນແກ່ການ	2
ຕົ້ມເຂົ້າ	2
ເນື້ອເລື້ອງ	2
ຊີ້ນໝູ	2
ຢູ່ລຸ່ມ	2
ອາຫານວ່າງ	2
ໃຫ້ກັບຕົວ	2
ສອງຊັ້ນ	2
ໝູ່ດອນ	2
ຍ່າງກັບໄປ	2
ມາຮອດເຮືອນ	2
ຣາມັນ	2
ໄປໃນເມືອງ	2
ວາງພວງມາລາ	2
ການປະກັນໄພ	2
ສ່ວນຮວມ	2
ນໍ່	2
ເຮືອຫາງ	2
ແອວກິ່ວ	2
ອະລິ	2
ເຕົ່າ	2
ນອນໃຈ	2
ເຄື່ອງຕັດ	2
ຕາຟາງ	2
ຕັ້ງອົກຕັ້ງໃຈ	2
ຣົຖເມ	2
ນັກສືບ	2
ເນລະມິດ	2
ພົ້ນໄພ	2
ຂີ້ເຮື້ອນ	2
ເລາະລຽບ	2
ນິພັດ	2
ຜູ້ກໍ່ເຫດ	2
ເຊົ້ານີ້	2
ແມ່ລູກອ່ອນ	2
ເວັ້ນໄວ້	2
ລາກສຽງ	2
ໝໍຄວາມ	2
ປະເວນີ	2
ອັນຫລັງ	2
ພິບານ	2
ບັ່ນ	2
ເຂົ້າມາສູ່	2
ບິ່ນ	2
ອັກສອນຕ່ຳ	2
ນາງຊີ	2
ຂັນທີ່	2
ຍາມຍາກ	2
ຂອງຫລິ້ນ	2
ກົດຈະລາຈອນ	2
ລາຄະ	2
ເຊັ່ນຕົວຢ່າງ	2
ພໍ່ນາ	2
ກ້ອນເມກ	2
ການໄຕ່ສວນ	2
ຄວ່າ	2
ອ້ອນ	1
ເພງເດີນ	1
ກິນຈາງ	1
ກະທຽມ	1
ກຽຕ	1
ເປີດອົກ	1
ອ້ອມໂຕ	1
ສອງຄົມ	1
ແຍກຍ້າຍ	1
ຫນັງສືບອກ	1
ນີ້ວຊີ້	1
ສະບັດ	1
ບາງທີຈະ	1
ລົມແຮງ	1
ບ່າງ	1
ຕະເວນ	1
ບ່ອນດີ	1
ອອກຄຳສັ່ງ	1
ແລ່ນນຳ	1
ນານໄປ	1
ກ້າທຳ	1
ປະຈັນ	1
ເທເອົາ	1
ເປັນໄອ	1
ສັດທີ	1
ຫູກ	1
ຊີວະເຄມີ	1
ເກີນຄວາມສາມາດ	1
ຊາຕິ	1
ເອົາຈິງ	1
ແກ່ວ	1
ດີດນ້ຳ	1
ແຖຜົມ	1
ເງິຍ	1
ສະໝັກເຂົ້າເປັນສະມາຊິກ	1
ສະໂພກ	1
ກ້ອນດິນ	1
ມັດສາ	1
ຈັກຈະ	1
ໂອນໍ	1
ສະໝຸ	1
ສະມານ	1
ເວົ້າຄ່ອຍໆ	1
ວິ້ງເຕັ້ນ	1
ກາຄຸນນະພາບ	1
ອົ້ງ	1
ຊຳເລົາ	1
ຮ້ານຂາຍຜ້າ	1
ໂຄ້ນ	1
ມາຕາ	1
ເຮັດຊົ່ວ	1
ກະຕິບ	1
ແມງເງົາ	1
ຫນ້າຕັ້ງ	1
ພົງສາວະລີ	1
ນິຕິພາວະ	1
ເຄື່ອງໃຊ້ໄມ້ສອຍ	1
ນັກສຳຫລວດ	1
ຕັດຮອນ	1
ພັນທະພາບ	1
ສົມເພດ	1
ບໍ່ມີຈັກ	1
ລຳຄີງ	1
ດູຕົນ	1
ຜູ້ປະດິດ	1
ໂຮງຂ້າສັດ	1
ການພົວພັນການຜະລິດ	1
ທະເລດຳ	1
ພະຍາບານຕົວ	1
ທະນາຄົມ	1
ປາກຄຳ	1
ບຸນຕັກບາດ	1
ປະລະມານູ	1
ຂຶ້ນຂັ້ນໃດ	1
ສະແດງຄວາມຈິງໃຈ	1
ບົກລົງ	1
ບໍ່ຫ່ອນເປັນ	1
ຫລົ້ມຈົມ	1
ເຈັບໜັກ	1
ຄັນຄໍ	1
ຫົກສິບ	1
ໄມ້ຄານ	1
ມີຄູ່ແລ້ວ	1
ຂະໜົບທຳນຽມ	1
ແກ້ຕາງ	1
ລູກຍ່າງ	1
ສວນຜັກ	1
ຕົກອົກຕົກໃຈ	1
ທືບ	1
ກື	1
ອອມ	1
ຂໍ້ຕໍ່	1
ທໍ່ທີ່	1
ເຄື່ອງເຮືອນ	1
ມະເຫສີ	1
ຮ້າ	1
ພຽງນັ້ນ	1
ມ້ວຍ	1
ລຽນເປັນແຖວ	1
ລະວັງໄຟ	1
ແສງດາວ	1
ເຊື້ອກະສັດ	1
ສາຍຊໍ	1
ໃນທັນໃດ	1
ຫລົ້ງ	1
ສີສະຫວັນ	1
ຮັກບັງຊັງບ່ຽງ	1
ສມໍ	1
ຄວາມໂນ້ມອຽງ	1
ສີຕົ້ນ	1
ດັ່ງທີ່ກ່າວມາແລ້ວ	1
ຖາມເຈາະຈີ້ມ	1
ແຈ້ງຊື່	1
ເຄື່ອງຂຽນ	1
ສອດສານ	1
ໄປຫາຫມໍ	1
ປວດຖ່າຍເບົາ	1
ມະຫາສະມຸດອາກຕິກ	1
ເລັຽ	1
ຍື່ນສະໝັກ	1
ຜ້າປູໂຕະ	1
ຕາຍຄືນ	1
ກວດບັນຊີ	1
ປົ້ງ	1
ປາທູ	1
ອົດຄິດບໍ່ໄດ້	1
ເຂັ້ງ	1
ຫລ່າ	1
ປາງນັ້ນ	1
ຫວ້ານ	1
ໄຂ່ກົບ	1
ເຈັບຄໍ	1
ແຈກແຈງ	1
ກຸກກວນ	1
ນ້ອຍອົກນ້ອຍໃຈ	1
ພໍ່ຄີງ	1
ແຍກທາດ	1
ຄວາມໂງ່	1
ສະຕຸ	1
ຂີ້ເຂັບ	1
ຄຸຍ	1
ສໄລ	1
ສັງຄົມຊັ້ນສູງ	1
ຫັບ	1
ລູກນົກ	1
ແກ້ວສາລະພັດນຶກ	1
ແຮກນາ	1
ຄຳຊີ້ນຳ	1
ກົ່ນ	1
ເກີ້ງ	1
ແປນ	1
ເຂົ້າໂພດ	1
ໃຈວາບ	1
ໄປເປັນທະຫານ	1
ສະແຕກ	1
ທັບຫລັງ	1
ພູຊັນ	1
ຄີມນ້ຳ	1
ບຸພ	1
ຄ່າລົດ	1
ວິລັຍ	1
ພົນເຮືອ	1
ຈຳນຳພັນສາ	1
ໜີ້ງ	1
ແໜ້ນໃຈ	1
ວະຈີ	1
ພັດພາກກັນ	1
ການຮ້ອນ	1
ນາດອນ	1
ສິນສອດ	1
ຕາມກ່າວ	1
ສະດົມ	1
ກັນຖະ	1
ນັບທັງລາວ	1
ນະລາ	1
ເສີຍເມີຍ	1
ໄຫລລິນ	1
ຝົນຝອຍ	1
ປົບໄປ	1
ຄູບ	1
ອາຣະຍະປະເທດ	1
ວອກແວກ	1
ຫມົດຕົວ	1
ຫລາວ	1
ເຕນ	1
ປະກາດຂາຍ	1
ຕິດອາວຸດ	1
ຫຸບປາກ	1
ໜ້າຕັກ	1
ປູສາດ	1
ຂ້າມຫົວ	1
ຫມອງໃຈ	1
ຢ່າງກ້າຫານ	1
ເປືອຍໂຕ	1
ວິພັດ	1
ປະຊວນ	1
ຕັບແຂງ	1
ຊອບໃຈ	1
ທາດດິນ	1
ດົ້ງ	1
ສະໜຸກ	1
ອິທ	1
ນ້ຳຍ່ອຍອາຫານ	1
ຣາຊຖານ	1
ເຫວ	1
ສອນສາວ	1
ເມືອຫນ້າ	1
ຕຶ້ນ	1
ລູກແຝດ	1
ຕາຂາວ	1
ຈັດຕຸ	1
ຄ່າເຊົ່າທີ່ດິນ	1
ລັກເຮັດ	1
ກັບເກີດ	1
ຈອບ	1
ກົດໝາຍລະຫວ່າງຊາດ	1
ເກືອກ	1
ທັນທີທັນໃດ	1
ກິ້ງລົງມາ	1
ໄປຊື່ໆ	1
ນ້ຳໃສໃຈຈິງ	1
ລາດຊະອານາຈັກ	1
ຂີ້ຢ້ານ	1
ງານຫນັກ	1
ຕັ້ງແກ້ງ	1
ດັ່ງດຽວ	1
ເດີນທາງດ້ວຍຄວາມປອດໄພ	1
ທວງຖາມ	1
ແດງແສດ	1
ເຈຕະນາຣົມ	1
ໂຣກອະຫິວາ	1
ດຽດ	1
ຮູ້ສຶກຜິດ	1
ເນີ້ງ	1
ອົດທົນເອົາ	1
ກະຈ່າງ	1
ສາລະພັດນຶກ	1
ສ້າງສັດຕູ	1
ລອຍລ່ອງ	1
ໄຫລຊຶມ	1
ວັງວົນ	1
ບໍລິພານ	1
ຄວງແຂນ	1
ປຸ້ຍ	1
ນອນດົນ	1
ຖົ່ມ	1
ສັນຕະຕິ	1
ເຫຕຸ	1
ເກືອບໄດ້	1
ປະກາດສົງຄາມ	1
ໝູບ	1
ປາຄຳ	1
ປະຈຳມື້	1
ປາກຫວານ	1
ຕີມວຍ	1
ບຳຣຸງ	1
ລັກຂະ	1
ໄພຈິດ	1
ເງີຍໜ້າຂື້ນ	1
ຍອມຮັບຮູ້	1
ຮ້ານບູຊາ	1
ລ້າງປາກ	1
ຄວາມມຸ້ງໝາຍ	1
ສ້ຽນໜາມ	1
ຄ່າກິນ	1
ແຮ່ເຫລັກ	1
ຈັ້ນ	1
ເຂົ້າຫັກ	1
ຕີວົງ	1
ແມງຕໍ່	1
ບໍ່ດີໃຈ	1
ເມດຕາກະລຸນາ	1
ປືນກົນ	1
ຍຸໂຣບ	1
ຄົນປ່າ	1
ທ້ອງປຸ້ງ	1
ສົ້ມພໍດີ	1
ອົ້ງມື	1
ຄ່າປັບໄໝ	1
ຍັງບໍ່ທັນພຽງພໍ	1
ທາງເຫນືອ	1
ຝີງ	1
ທອງໃບ	1
ສຸລິຍົງ	1
ສະເດາະ	1
ສລໍ	1
ເກສອນດອກໄມ້	1
ເຂົ້າໜຶ້ງ	1
ເໝືອດ	1
ແມະ	1
ອົດເອົາ	1
ສິ້ງຊອມ	1
ໂຢກ	1
ໄປນຳໝູ່	1
ຮ່ອມທາງ	1
ເຫລົາ	1
ຮັກຊີວິດ	1
ສະຫລັດ	1
ຫມອບ	1
ກໍຫຍ້າ	1
ໄມ້ແດງ	1
ຕາດຳ	1
ສົງນ້ຳ	1
ກະເບິ່ງ	1
ບໍ່ລົດລະ	1
ມື້ຮື	1
ເວັດ	1
ປ້າງ	1
ຊູຊ່ວຍ	1
ຫ້ອຍທ້າຍ	1
ວັນຫນ້າ	1
ຫລຸ້ຍ	1
ເດືອນສາມ	1
ສາຍເລືອດແຕກ	1
ສເລີມສລອງ	1
ເປັນຕົນເປັນໂຕ	1
ທີ່ມີແນວຄິດ	1
ຈຳນວນພັນ	1
ຂີ້ຫຶງ	1
ທາຣຸນ	1
ຕົກອັບ	1
ເຫີນຫ່າງ	1
ຖະຫລຳ	1
ໝາຍຖາມ	1
ຖູກັນ	1
ຟ້າແມບ	1
ຫວນກັບໄປ	1
ກວ້ານ	1
ມືໃດ	1
ມະຕະ	1
ທອດຖິ້ມ	1
ສູ້ສັດຕູ	1
ພິກຸນ	1
ພິມມະເສນ	1
ຫວ່າງກີ້ນີ້	1
ເຂັ້ມງວດກວດຂັນ	1
ກົ້ນລົດ	1
ຜູ້ສມັກ	1
ແຫລ	1
ຖືສິດ	1
ໂດຍເຈດຕະນາ	1
ບຸບພະ	1
ສ່ວນສາມ	1
ພະພຸດທະຣູບ	1
ເຈົ້າກົມ	1
ປະເພດຄູ່	1
ມັງດາ	1
ແນວທາງຂອງຕົນເອງ	1
ເສວະນາ	1
ການຂ້າຟັນລັນແທງກັນ	1
ສະໂກ	1
ຖານຜົວເມັຽ	1
ເຍື້ອນ	1
ເປັນຕາຍ	1
ເຕັມຕົວ	1
ລັບຕາ	1
ຂອງນີ້	1
ຄີງຮ້ອນ	1
ພະເນດ	1
ຊີເບລີ	1
ວົງພະຈັນ	1
ໂພທິສັດເຈົ້າ	1
ຊົ້ນ	1
ຄວານ	1
ເມືອງຜີ	1
ທະເລເຫລືອງ	1
ບໍ່ມີບ່ອນຢູ່	1
ແຈ້	1
ໄມ້ຊີ້	1
ພົນຕຳຫລວດ	1
ອົມມື	1
ມັນຝະລັ່ງ	1
ປ່າເຖື່ອນ	1
ປຶ້ງ	1
ຫ້ອງສ້ວມ	1
ທູນຖາມ	1
ພັນຣະນາ	1
ໂຄຕະ	1
ສານຄຳ	1
ທັບຫນ້າ	1
ພິຊ	1
ຕັ້ງແຕ່ທຳອິດ	1
ຄົກມື	1
ຕັດເຄື່ອງ	1
ເຊັດຖູ	1
ແກ່ເຖົ້າ	1
ສາວະກະ	1
ສັນຖະວະໄມຕີ	1
ບັນຫາການເມືອງ	1
ຄຽນ	1
ຜ້າຜ່ອນ	1
ຊ່າງຕັດຜົມ	1
ເຄື່ອງລາງ	1
ແຈ້ງສວ່າງ	1
ໃຫ້ກຽດແກ່	1
ແຕກແຫງ	1
ດອກງີ້ວ	1
ຄອງຖ້າ	1
ເມັດຢາ	1
ເຢາະ	1
ຂັງນ້ຳ	1
ອຳນາດນິຕິບັນຍັດ	1
ສະຫລອງວັນກຳມະກອນ	1
ກູ້ກຽດ	1
ກະດົ້ງ	1
ຊວາງ	1
ສານຸ	1
ລະທົມ	1
ຄ່າຫົວ	1
ປຸຣະ	1
ຂີດເສັ້ນ	1
ສະດວກດີ	1
ສະພາບທຳ	1
ລົງບັນໄດ	1
ໂຮງກະບອງ	1
ໄລ່ເລກ	1
ສະເໜີຂ່າວ	1
ມາລົກ	1
ໂງ່ນຫີນ	1
ພຸດທະຄຸນ	1
ລາພອນ	1
ອ້ຽງ	1
ຂອງຫລີ້ນ	1
ແຮງຕິດ	1
ເອື້ອມ	1
ຊັ້ນເອກ	1
ລາດຊະທານີ	1
ກ້າງ	1
ສວນສະໜາມ	1
ໄກ່ນ້ອຍ	1
ຍັດເຂົ້າ	1
ຄວາມໄທ	1
ຜ່າໄມ້	1
ສະຊາດ	1
ທອດຜ້າປ່າ	1
ຟາຍນ້ຳຕາ	1
ນັ້ນຕີ	1
ວິສິດ	1
ມັກໃຈ	1
ກຽດກັນ	1
ຈັກໂມງ	1
ນະວາງ	1
ສມັກ	1
ທຸຣະຄົມ	1
ສະຖານທີ່ເກີດເຫດ	1
ຮັກສາສິດປະໂຫຍດ	1
ບໍ່ຮັບຮູ້	1
ຂາດຕລາດ	1
ສະເມັກ	1
ຫມູປິ່ນ	1
ເລື່ອຽ	1
ເປັນອັນມາກ	1
ຫ້ອງໃຕ້ດິນ	1
ໃຈໜັກ	1
ຕາໄກ່	1
ອະນາຖາ	1
ນ້ຳນົມງົວ	1
ໂຍະ	1
ກ້ານໃບໄມ້	1
ຄວາມເປັນກັນເອງ	1
ຄຳເປັນ	1
ເຈື້ອ	1
ເຮັດຫລ້ອນໜ້າທີ່	1
ສີຫະ	1
ລາຍງານກອງປະຊຸມ	1
ສແວງ	1
ໃຈຫາຍ	1
ຂ້ອງກ່ຽວ	1
ຄະນາ	1
ຂັ້ນໄດເລື່ອນ	1
ກໍກີ	1
ໝາກບ້າ	1
ຊິງຊ້າ	1
ພັດຕະຫານ	1
ຂຸມຊັບ	1
ບິດບ້ຽວ	1
ການຂັດແຍ່ງ	1
ກວານ	1
ໂຕງໂຕຍ	1
ນັ່ງພັກ	1
ສະຖານການ	1
ນະຣົກ	1
ທີ່ເຫັນໄດ້	1
ກະຈັດກະຈາຍ	1
ບັນໄດ	1
ລູກໂສ້	1
ຕອບແທນບຸນຄຸນ	1
ເຖຣະ	1
ຜິດຈັງຫວະ	1
ພັນທະການ	1
ຄ່າທຳຂວັນ	1
ຕາໜ່າງການຄ້າ	1
ບໍ່ລົງລອຍ	1
ສຸຣາ	1
ມອງຂ້າມ	1
ຝັກໄຝ່	1
ໄລຍະຍິງ	1
ປິດປາກ	1
ຖືສິນ	1
ຂົນຂວາຍປະຊາຊົນ	1
ລົງເລກ	1
ຄວາມສົງສານ	1
ເປີ້ນ	1
ຕິບເຂົ້າ	1
ບັນເລງເພງຊາດ	1
ຕາມກາລະເທສະ	1
ຈຳກັດຄວາມ	1
ຂອງປະເສີດ	1
ຂັບຂັນ	1
ອິ້ວ	1
ຝາງ	1
ເວລາກາງຄືນ	1
ສຸນທອນພົດ	1
ຂັນໝາກ	1
ໂມໂຫງ່າຍ	1
ເນິ	1
ຄຳສານ	1
ອັກຄະນີ	1
ສານທະຫານ	1
ຜົນກຳ	1
ສວນຄົວ	1
ກົດຂີ່ຂົ່ມເຫັງ	1
ປະຣະມານູ	1
ສະຖະ	1
ຫວ່າງພູ	1
ອອກຄວາມຄິດ	1
ເປີດຊ່ອງທາງ	1
ຕົວຕໍ່ຕົວ	1
ອ້ອງ	1
ປານ້ຳຈືດ	1
ສຽງຕ່ຳ	1
ສີຕົກ	1
ຄວາມຮູ້ຮອບຕົວ	1
ເຮັດພ້ອມ	1
ຜູ້ອາຍຸອ່ອນ	1
ແຮນ	1
ຄວາມສລາດ	1
ເດີມພັນ	1
ຖົ່ວຝັກຍາວ	1
ຮ່າງຄີງ	1
ສວ່ານ	1
ຄະນະນາ	1
ກະໂດດໃສ່	1
ຄຸເຂົ່າ	1
ເມືອງແມນ	1
ໄມ້ເຮັ້ຽ	1
ລູກກົບ	1
ລົບເລວ	1
ຄວາມບົກພ່ອງ	1
ຫນາວໆ	1
ໂອດ	1
ການໄຫວ້	1
ວິທະຍຸໂທລະພາບ	1
ກົດຂໍ້ບັງຄັບ	1
ສະຕົບ	1
ປ່ວຍການ	1
ສູສີ	1
ອະນາຄົດຕະການ	1
ມຶນງົງ	1
ກາຊັກສະຖານ	1
ສນານ	1
ຂວາງທາງ	1
ມີນາມ	1
ບໍ່ສເມີ	1
ດັງໂມ	1
ຕ່ຽວ	1
ນ້ອຍໜ້າ	1
ໂລດໂຜນ	1
ໂລກຫນ້າ	1
ມົວເມົາ	1
ນ້ຳກ້ຽງ	1
ການເຮືອນ	1
ທົນບໍ່ໄຫວ	1
ໄຕວັດ	1
ມີຫນ້າມີຕາ	1
ຫລົງກັນ	1
ບັ້ງໄຟດອກ	1
ສັ່ງຢາ	1
ຢູ່ຮ່ວມກັນໂດຍສັນຕິ	1
ມີພິດ	1
ລິເກ	1
ຕໍ່ສັນຍາ	1
ກ້ານບົວ	1
ຫມັ້ນຫນຽວ	1
ຕັ້ງຕົ້ນ	1
ພຶ່ງ	1
ຂຶ້ນຄ້ອຍ	1
ໂທບ	1
ບາດເວລາ	1
ທະຫານລາບ	1
ຂີ້ງອນ	1
ໂຄ້ງໃຫ້	1
ລິ້ວ	1
ເຫດຮ້າຍ	1
ນ້ຳແບງ	1
ສັດບ້ານ	1
ຄົນຂາຍ	1
ຕອນຫົວຄ່ຳ	1
ຫ້ວງ	1
ພາດທ່າ	1
ສະຫລັກຫັກພັງ	1
ເອຶ້ອ	1
ພໍໄປເຖິງ	1
ລຶງ	1
ຟ້າມືດ	1
ຊ້ຳໄດ້	1
ນຳທາງໄປ	1
ສະຫລົດໃຈ	1
ພາໂລ	1
ເຊົາເມື່ອຍ	1
ຢ່າງຮາບຄາບ	1
ພະນາງເຈົ້າ	1
ກິນແຫນງ	1
ຊົ່ວຊ້າ	1
ເປັ້ຽ	1
ອັດປະຕູ	1
ອຸບປະໂພກ	1
ພໍແຮງແລ້ວ	1
ດາກ	1
ພັດສະດາ	1
ວົງລ້ອມ	1
ສອນງ່າຍ	1
ທູດຜູ້ມີອຳນາດເຕັມ	1
ຮັບຊອບ	1
ບຳເລີ	1
ຂັກ	1
ວຽກເຮືອນການຊານ	1
ຊັ້ນວັນນະ	1
ທະບຽນການຄ້າ	1
ຫມາກແຫນ່ງ	1
ກະຕຸກກະຕັກ	1
ຄຶດໄປຄຶດມາ	1
ວີສະ	1
ນ້ຳຕື້ນ	1
ງານລ້ຽງອາຫານ	1
ພະໂພທິສັດ	1
ສຸດແຕ່	1
ມັ່ງຄັ່ງສົມບູນ	1
ຕົວນັບ	1
ອ່ອນນວນ	1
ສ້າງກຸສົນ	1
ຂົມປາກ	1
ມິດຢູ່	1
ພົກຍ່ຽວ	1
ເພື່ອເປັນກຽດແກ່	1
ຟາກນັ້ນ	1
ຫາຍໃຈໃຫຍ່	1
ບາຕ	1
ສັນທະນະ	1
ຈັດໄວ້ເປັນ	1
ໄຮ່ສາລີ	1
ກຳສວນ	1
ການແຊກແຊງ	1
ເມັງ	1
ຂັນຕໍ່	1
ຍໍ້	1
ແຂວນໄວ້	1
ຊັ້ນບົນ	1
ບໍ່ຮູ້ແລ້ວ	1
ຮົດ	1
ໂລປະ	1
ວິ່ງ	1
ເຂົ້າງັນ	1
ຄະນະຕິດຕາມ	1
ຫີ	1
ຂະບວນການປະຕິວັດ	1
ດຳລິ	1
ທະວານ	1
ອາກຕິກ	1
ຈວງ	1
ຄົນໂລບ	1
ນຳທັນ	1
ສະຜົມ	1
ປາກທໍ່	1
ຕາມຈິງ	1
ສົບນ້ຳ	1
ສວດອ້ອນວອນ	1
ຫາງເປັນພວງ	1
ຫ້າມຈັບ	1
ພາກພູມ	1
ຂອບຄຸນ	1
ເຄື່ອງບູຊາ	1
ສານຕາ	1
ຄວາມລຳຄານ	1
ພົ່ນພິດ	1
ຕາຊັ່ງ	1
ຄວັນກອກຢາ	1
ນ້ຳໝາກໄມ້	1
ວອນຂໍ	1
ເງີຍ	1
ບຸຣິ	1
ຫວານໃຈ	1
ເບັດຄືນ	1
ຕັ້ງໃຈຟັງ	1
ແຂ	1
ສລະ	1
ອ້ອຍອິ່ນ	1
ຫໍສູດ	1
ລາໃຈ	1
ມາພໍ້	1
ໃບສັ່ງຢາ	1
ສອບສຳພາດ	1
ຂີ່ຣົຖ	1
ຄົນເຝົ້າປະຕູ	1
ນັບໜ້າຖືຕາ	1
ຕ້ອງຕິ	1
ປໂຍກ	1
ຫວດ	1
ປາດທ້ອງ	1
ຂ້າອອກ	1
ເຂົ້າຄຳ	1
ສຳຣານ	1
ຄຳຫາ	1
ຖົ່ວແຮ	1
ປົດອອກ	1
ຟັງເທດ	1
ແມ່ໄກ່	1
ບໍ່ເປັນດັ່ງ	1
ອາລົມຮ້າຍ	1
ປ່ອຽ	1
ປາກະປ໋ອງ	1
ອາມັຍ	1
ໄມ້ຄ້ຳ	1
ພິພາກ	1
ຫມາກຂາມ	1
ນາໂຖ	1
ເນ້ນ	1
ຊໍ້	1
ໂວຫານ	1
ບໍ່ຮູ້ເມື່ອ	1
ລາຍອາທິດ	1
ໃຫ້ໂທດ	1
ພໍໄດ້ຍິນສຽງ	1
ອັບປະຍົດ	1
ຂ້ວມ	1
ຫມົດທ່າ	1
ນ້ຳເຜີ້ງ	1
ຫົວຊາ	1
ບັງແດດ	1
ສຸດວິໄສ	1
ຄະນິດ	1
ອ້ວນທ້ວນ	1
ສະຖານທີ່ພັກຜ່ອນ	1
ໄກ່ນາ	1
ລໍ້ລວງ	1
ຄວາມຄຸ້ມຄອງ	1
ເສັນ	1
ເບີລິນ	1
ບັນຊີລາຍຊື່	1
ເນົາວະ	1
ລ່ອນ	1
ຫມາຫວງກ້າງ	1
ລະບົບການປົກຄອງ	1
ຫນອງບົວ	1
ສຸຂີ	1
ພວກພ້ອງ	1
ສັດຈະທັມ	1
ດອນແກ້ວ	1
ຍິກ	1
ສາຍລັບ	1
ຫົວບູຮານ	1
ວຽນຫົວ	1
ແຫ້ງກະແດ້ງ	1
ຖາປະນາ	1
ພະມະຫາ	1
ສະແດງປະຕິກິຣິຍາ	1
ບຳເພັນປະໂຫຍດ	1
ກົ້ມຕົວ	1
ຄົດໂຄ້ງ	1
ເກງກົວ	1
ສະຫລູ	1
ປຶ	1
ການເກັບພາສີອາກອນ	1
ຜູກແຫນ້ນ	1
ດູກຂ້າງ	1
ແຮມຄືນ	1
ບໍ່ທອງແດງ	1
ຂືນເຮັດ	1
ຜອມ	1
ທີຄະ	1
ອັ້ນ	1
ປີນກົກໄມ້	1
ມືດແລ້ວ	1
ລ້າງບາບ	1
ນັ່ງສະມາທິ	1
ຂີ້ຫມ້ຽງ	1
ກະດໍ້	1
ແຢ່ງ	1
ເບື່ອເມົາ	1
ສິ້ນຊີວິດ	1
ສັດຊື່	1
ນີລະ	1
ປຸ້ນ	1
ພິພັດ	1
ຈຸລາມະນີ	1
ທະຫານໃຫມ່	1
ລູກອັນທະ	1
ເລີກລົ້ມ	1
ອະມອນ	1
ໜັງສືຜ່ານແດນ	1
ອະນຸຊົນ	1
ອະນາຄົດອັນໃກ້ໆ	1
ຄັບຄ້າຍ	1
ກະຕິກນ້ຳຮ້ອນ	1
ໃບແຫ້ງ	1
ເທສນາ	1
ເຄື່ອງຂາຍ	1
ຝັງເລິກ	1
ຂໍ້ກ່າວຫາ	1
ມຶກ	1
ເຈາະຫູ	1
ເດືອນເກົ້າ	1
ການ້ຳ	1
ຕຳລຶງ	1
ປາກເປົ່າ	1
ກະດຸ້ງ	1
ງາດ	1
ບານຕິກ	1
ຄວາມຊອບ	1
ຝີປາກ	1
ສົມຄິດ	1
ຂ້າຫລວງ	1
ໂຮມກັນເຂົ້າ	1
ຫົວເຣື່ອງ	1
ຄອງຫາ	1
ຮວກ	1
ພະບຸດ	1
ມາຕຸພູມ	1
ອຶດນອນ	1
ອາທິ	1
ບຸຜ່າ	1
ຜົນລົບ	1
ຄົນແປກຫນ້າ	1
ອິດທິຣິດ	1
ຍານີ	1
ອ່າວຄະນິງຫາ	1
ນອນກິນ	1
ສີດາ	1
ເພົາ	1
ເລວກັນ	1
ຖາກຖາງ	1
ຊອກມາ	1
ກັນໂຕ	1
ສາລາວັດ	1
ຝັນຫວານ	1
ຫນ້າແຫ້ງ	1
ທາງໄປສະນີ	1
ເພງສາກົນ	1
ດູແລໃຫ້ດີ	1
ບ່າງລົ້ວ	1
ຕະລິ່ງ	1
ປິຍະ	1
ໝົດກຳລັງ	1
ກະໂຕມັນ	1
ຊ້ຳເກົ່າ	1
ພາຣະຕະ	1
ໄຫລເຮືອໄຟ	1
ວັນນະໂຣກ	1
ຄຸນປໂຍດ	1
ຄົນໂງ່ງ່າວ	1
ມາລະກາ	1
ຮັບໄຊ້	1
ສັນດານ	1
ຂວ້າງ	1
ປະກວດນາງງາມ	1
ບົວຣະບັດ	1
ແສງທຽນ	1
ເໜັບ	1
ດັ່ງເກົ່າ	1
ທຽງ	1
ເຢັນດີ	1
ຮູ້ທັນ	1
ນ້ຳດອກໄມ້	1
ປີລະກາ	1
ໂງ່ງ່າວ	1
ນາດຕະກຳ	1
ກິນເສັ້ນ	1
ຊົດເຊີຽ	1
ກະຈ່າງແຈ້ງ	1
ຂອງທີ່ໄດ້ມາ	1
ຄົມມະນາ	1
ຄວາມເຊື່ອໃຈ	1
ກະຣະນີ	1
ກໍ່ມິດ	1
ປຶ້ມຂຽນ	1
ພິພາດ	1
ຊ່າງເວົ້າ	1
ກິ້ນ	1
ຂ້າເຈົ້າ	1
ຈັບຈິດຈັບໃຈ	1
ລະເບີດຂຶ້ນ	1
ຜູ້ຮອງ	1
ຜັກນ້ຳ	1
ຫມາກພ້າວ	1
ຫງິກ	1
ເງິນກ້ອນ	1
ຂານໄຂ	1
ອະດຸນ	1
ໂອບອ້ອມ	1
ໝິ່ນປະໝາດ	1
ປັນກັນ	1
ຄືດຽວກັນ	1
ສາຣະພາບ	1
ຍາຕິ	1
ສຸກອນ	1
ແສນສາຫັດ	1
ງູພິດ	1
ໂພ່ງ	1
ກວັກ	1
ຕຣັດ	1
ຕລອດທັງ	1
ປົມ	1
ສັມພັນທະມິດ	1
ເສົ້າສະຫລົດ	1
ເທພີ	1
ມະໂນພາບ	1
ບ່າຍສອງໂມງ	1
ໜ້າແລ້ງ	1
ອຸ່ນອາຫານ	1
ທວນລົມ	1
ສ່ວນຍອດ	1
ສົ່ງອາວຸດ	1
ຊ່າງຕີເຫລັກ	1
ເຍາະເຢີ້ຍ	1
ໂຣກໄພໄຂ້ເຈັບ	1
ຮັບປະກັນສັນຕິພາບ	1
ພະລາຊະໂອງການ	1
ອິດທິລິດ	1
ອ່າວວອນ	1
ໄຮ້ການສຶກສາ	1
ບູຊະນີຍະສະຖານ	1
ຊ່າງຫຍິບ	1
ຄິດເຫັນໃຈ	1
ໝົດເດືອນ	1
ມໍຣະກົດ	1
ຢູ່ພີ້	1
ແກວ	1
ເຂົ້າມັນ	1
ຫລອດສຽງ	1
ຟົດເດືອດ	1
ປະດາ	1
ຢືນຍາມ	1
ໂທສ	1
ຂໍ້ສອກ	1
ນິຄ	1
ນັດກັນ	1
ຄຸມເຄືອ	1
ຊີວັງ	1
ແຕ່ງໄປ	1
ມຸ່ງມາດປາຖນາ	1
ມີຣົດ	1
ມຸດມອດ	1
ຫາຍໃຈອອກ	1
ໝັງ	1
ປາໄນ	1
ເສັ້ນເລືອດຝອຍ	1
ຫລຸດມື	1
ຫມໍລຳ	1
ຂີ້ນົກ	1
ຈູງແຂນ	1
ອະນຸກຳມາທິການ	1
ຕລອດຊີວິດ	1
ແຕ່ງເຄື່ອງແບບ	1
ໝາກແຕງໂມ	1
ທັງຊັ້ນ	1
ດື້ດຶງ	1
ຫຍຸ້ງກ່ຽວ	1
ໄຂ່ປາ	1
ກະເບົາ	1
ຖິ່ນທີ່ຢູ່	1
ດ່ວນທີ່ສຸດ	1
ອີກບໍ່ໄດ້	1
ໄຊ້ການໄດ້	1
ກະຈັດ	1
ສ່ວນໂຄ້ງ	1
ອັນຊະລີ	1
ອັງກໍວັດ	1
ຮົກຮ້າງ	1
ຕັ້ງສະມາທິ	1
ພໍໆກັນ	1
ຜູ້ຮັບເໝົາ	1
ກິ່ງກ້ານສາຂາ	1
ລ່ວງກັນ	1
ດຶບ	1
ນັກຮຽນຮູ້	1
ປະຊາລາດ	1
ແສນດີ	1
ເຂົ້າແປ້ງ	1
ຕັ້ງໂມງ	1
ເອີ້ນຄືນ	1
ຄວບຄຸມດູແລ	1
ເອື້ອເຟື້ອເຜື່ອແຜ່	1
ມະລາຢູ	1
ຣັຖທັມມະນູນ	1
ກ່ອນສົງຄາມ	1
ເຮົາທັງສອງ	1
ເນລະ	1
ໝາກສຸກ	1
ຈະຕຸລັດ	1
ຫນ້າມ້າ	1
ຢາສີແຂ້ວ	1
ຂໍ້ສອບເສັງ	1
ແກ່ຊະຣາ	1
ສ່ວນສິບ	1
ບໍ່ລຳອຽງ	1
ເຮັດໃຫ້ເປັນແບບ	1
ສະເດັດເຈົ້າ	1
ໄດ້ມູນ	1
ອ້າແຂນ	1
ທາງຄົດ	1
ເທິງເຮືອນ	1
ຂຽວແກ່	1
ຍິງສຸມ	1
ແກ້ຄວາມຜິດ	1
ສາກສອງ	1
ຫານອອກ	1
ຫງອຍ	1
ກໍ່ເວນ	1
ສິດທິຕາມກົດໝາຍ	1
ທຳນອງດຽວກັນ	1
ຜາຕັ້ງ	1
ໄຊ້ແທນ	1
ປະຕູເຂົ້າ	1
ຊາດຕີ	1
ກະຈາ	1
ແຈວ	1
ຊາຕະ	1
ເຫລືອປະມານ	1
ພິບຕາດຽວ	1
ໂຄຣົບ	1
ຜັກກະລຳປີ	1
ປາກກົງ	1
ປະທັກສິນ	1
ເບັຽ	1
ດົງຕຶບ	1
ລົງໂທດປະຫານ	1
ເກື້ອໜຸນ	1
ຜິດຮີດຄອງ	1
ແຕ່ງຫ້ອງ	1
ບົນສວັນ	1
ກຳໜົດເວລາ	1
ສຳເລັດແຜນການ	1
ຢາເບື່ອ	1
ສ່ຳນີ້	1
ຕຳໜິ	1
ພາບຂຽນ	1
ຂາມາ	1
ໃຫ້ກ້ຽງ	1
ຜາກົດ	1
ເສັຽໃຈ	1
ວ້ຳ	1
ອຽງຕົວ	1
ສະທ້ານ	1
ສ່ອງກະຈົກ	1
ບຸບພາ	1
ບຸຕ	1
ຄວາມບາກບັ່ນ	1
ແພ້ຄວາມ	1
ຄົບຫາສະມາຄົມ	1
ຢັ່ງສຽງ	1
ຄອງປານາມາ	1
ເຕະກົ້ນ	1
ແລ່ນບໍ່ທັນ	1
ລ້າງຮູບ	1
ໄຕເພດ	1
ໄປເຮັດການ	1
ລັດທິປະຊາທິປະໄຕ	1
ນ້ຳແກ່ງ	1
ກຸ່ນໆ	1
ໃສ່ເທິງຫົວ	1
ບໍ່ແມ່ນບ່ອນ	1
ຊົ່ວຣະຍະ	1
ອົນ	1
ກອດຮັດ	1
ບໍ່ວ່າເວລາໃດ	1
ຊີງໄຊ	1
ຕາຍສີ	1
ເດີນເຄື່ອງ	1
ສາຣັດ	1
ຄົນໂລເລ	1
ທີລະຂັ້ນ	1
ແຂ້ວຫລ່ອນ	1
ດາວເຄາະ	1
ທາບ	1
ນາຍທະຫານ	1
ຄວາມທົນທານ	1
ສລາຍ	1
ຄຸນຄວາມດີ	1
ເປັນຕາຍຮ້າຍດີ	1
ເຫັນດີເຫັນຊອບ	1
ຄຳອ້າງ	1
ສອນໄດ້	1
ສີແດງເຂັ້ມ	1
ສານແຂວງ	1
ຄ່າເຊົ່າແພງ	1
ອົກໄກ່	1
ມີຫົວມີຂາ	1
ສັບປົນຄົນເລ	1
ວົງຈອນໄຟຟ້າ	1
ຫລົງເຫລືອ	1
ພຍາດ	1
ນັກພູມສາດ	1
ສະຫລາຍຕົວ	1
ອອກຄວາມ	1
ມານິດ	1
ຕັ້ງນາ	1
ສັດເລືອຄານ	1
ຢູ່ໃນກາງຫ້ອງ	1
ບໍ່ມີຜິດ	1
ຝາກຝັງ	1
ຄັ່ງແຄ້ນ	1
ພະນາມ	1
ຜ້າແພ	1
ພໍປານກາງ	1
ຮາກອອກ	1
ບັ໊ກ	1
ອີດູ	1
ຂັງຄຸກ	1
ເຄືອບຄຳ	1
ສົມໂພດ	1
ຝ່າຍລັດຖະບານ	1
ສະກຳ	1
ລັ່ງເລໃຈ	1
ງົ້ວ	1
ກ້ຽວກອດ	1
ເປົ່າປິວ	1
ນັດຈະ	1
ໄຮ້ດຽງສາ	1
ກວກ	1
ໄຂໃຫມ່	1
ລູກຝາແຝດ	1
ດາວວະດິງ	1
ສະເໜຫາ	1
ລຸກຢືນຂຶ້ນ	1
ຫລາຍຕໍ່ຫລາຍຄົນ	1
ເຫງັນ	1
ສ້ອນ	1
ລີ້ນທອງ	1
ຖ້ອງ	1
ຢ່າງກຸ້ງ	1
ຖືກອົກຖືກໃຈ	1
ພະເພີງ	1
ທ້ອງໃຫຍ່	1
ມະໂຫລະສົບ	1
ແຖ	1
ຕີຈັກ	1
ກາດຂາວ	1
ໝາກບົກ	1
ນິຕ	1
ຂີ້ໂຜ້	1
ໂພ່	1
ຫໍ່ໝາກ	1
ກວາດແຜ້ວ	1
ເຫນ	1
ຂອງທຳມະຊາດ	1
ໂຖນ້ຳ	1
ເຊັດຕາ	1
ໄວ້ຊີວິດ	1
ຖອນໃຈ	1
ເກັບສ່ວຍ	1
ແນບນຽນ	1
ຖ້ວຍຊາມ	1
ໂກທາ	1
ທຽວໄປຫາ	1
ຫມາປ່າ	1
ຂໍລາພັກ	1
ຂອບຄຳ	1
ຫ້າມລໍ້	1
ເປັນຢ່າງນີ້	1
ເຄີ່ງປີ	1
ເສືອໂຄ່ງ	1
ສິດທິຂອງມະນຸດ	1
ສະຫລຽງ	1
ຄຳເຄົ້າ	1
ໜັກອົກ	1
ຮັບໂອນ	1
ສຸດຈະຣິດ	1
ໃນຂັ້ນສຸດທ້າຍ	1
ລີລາດ	1
ໄຖສວນ	1
ຈາຣິກ	1
ເຄື່ອງສູງ	1
ມົລ	1
ເອົາແຕ່ໃຈຕົວເອງ	1
ບໍຣົມ	1
ປະໂລມ	1
ຫົວແຕກ	1
ບ່ວງສ້ອມ	1
ລົດໄຟດ່ວນ	1
ຮ່ຳໄຮ	1
ແຝດ	1
ຄວາມນັບຖື	1
ທ້າພະນັນ	1
ຮູ້ກົນ	1
ສືບເຊື້ອ	1
ແດນດິນ	1
ຈັນໂລງ	1
ທາງໂລກ	1
ຫິດ	1
ບັນທຶກຂອງກອງປະຊຸມ	1
ກອງພົນໃຫຍ່	1
ອຸເບກຂາ	1
ເຊືອມ	1
ມ່ອງ	1
ຜັກກາດຫົວ	1
ຢາທາ	1
ເຊີຍ	1
ຂັດເອົາ	1
ອອກຄວາມຄິດຄວາມເຫັນ	1
ຖືປືນ	1
ນະຣາ	1
ຂ້ຽວເລັ່ງ	1
ລູກຍິງ	1
ຫນ້າພຽງ	1
ຕົບມືຂ້າງດຽວ	1
ກະປິ	1
ວະສຸ	1
ຫົວເຮືອ	1
ຫລຳ	1
ກ່ຳລັງ	1
ຄູ່ບ່າວສາວ	1
ເດັກແດງ	1
ຄວາມຫວາດຫວັ່ນ	1
ນ້ຳຍື່ງ	1
ພິກໄຫວ	1
ພໍ່ໄຮ່	1
ຫອນໄກ່	1
ນຳເຮືອນ	1
ລູກທາງ	1
ບໍ່ຮ້ອນ	1
ບາງຄາວ	1
ມັງຄຸດ	1
ຫມົດກຳລັງໃຈ	1
ພະຫຸ	1
ລຸງຕາ	1
ຜູ້ແຂ່ງຂັນ	1
ລ້ຽງໂຕ	1
ແທ້ນາ	1
ລ່ອຍ	1
ໄລ່ອອກຈາກປະເທດ	1
ສາຍໃຈ	1
ນະໂມ	1
ຊະດາ	1
ເມື່ອຍລ້າ	1
ນົກຂີ້ກະເດືອນ	1
ດອມ	1
ເຫັນຈະແຈ້ງ	1
ຊະວະລິດ	1
ຕລາດມືດ	1
ຄຸມແຄ້ນ	1
ຜ່ອນລົງ	1
ເຄື່ອງຕອງນ້ຳ	1
ແປດຫລ່ຽມ	1
ໂຍນໃສ່	1
ຕົວເດັ່ນ	1
ລຸກໜີ	1
ເລື່ອນຊັ້ນ	1
ໜ້າແດງ	1
ເຍື່ອຍ	1
ເລືອກຄູ່	1
ຈຸດຕິ	1
ນົມຂຸ້ນ	1
ກຶ້ງ	1
ຝັນຮ້າຍ	1
ດົມແກ້ມ	1
ມື້ລາງ	1
ຍະຖາກັມ	1
ວັ່ງ	1
ແຕ່ເຫິງ	1
ກຸສ	1
ຂານ້ຳ	1
ຄອງໂລກ	1
ປະຣິນຍາໂທ	1
ພັບຜ້າຫົ່ມ	1
ຊຸມຊາວ	1
ຕູ້ເສື້ອຜ້າ	1
ສະຫລຸດ	1
ຊີ້ບອກໃຫ້	1
ສິນທຸ	1
ຍ່ຳຍີ	1
ແຫງນໜ້າ	1
ອະນຸສາວະຣີ	1
ໂອມ	1
ແຕກໜໍ່	1
ບຸລຸດ	1
ຜາດ	1
ອາຍຸວັດທະນະ	1
ສົງເຂົ້າ	1
ທຸກເມື່ອ	1
ປະກິດ	1
ໄຟ່	1
ຕາບນັ້ນ	1
ຈໍ້	1
ຍິນຂ່າວ	1
ກິນນຳກັນ	1
ເຫິ	1
ເຮັດຫລ້ອນ	1
ເຕືອກ	1
ແກ້ຂັດ	1
ຟ້ອງກັນ	1
ຜູ້ຕັດສິນ	1
ຕົ້ນໂພ	1
ສົ້ນນ່ອງ	1
ເຖິງຂະນະນີ້	1
ນິສັຍ	1
ຫມາກທັນ	1
ໜອງໃນ	1
ໜັງສືຮຽນ	1
ກິນແຮງຜູ້ອື່ນ	1
ລຳຄໍ	1
ຫ່ຽວແຫ້ງ	1
ຈົດລົງ	1
ຮວດ	1
ຟັກໄຂ່	1
ຊວນເຊື່ອ	1
ອະທິກະມາດ	1
ເຜດ	1
ເລິກແລບ	1
ເຮືອຈົມ	1
ພາຊີ	1
ທີຣະ	1
ແຫມ	1
ຄຸ້ຍ	1
ທາງດິນ	1
ເຈັບແສບ	1
ເງິນເຫລືອ	1
ເຄີ່ງບົກເຄີ່ງນ້ຳ	1
ພາດພັ້ງ	1
ແຖນ	1
ແວ່ນສ່ອງ	1
ວັດຊະ	1
ພະລາຊະດຳລັດ	1
ໂຊກບໍ່ດີ	1
ປັນນະ	1
ຈົນເຖິງທີ່ສຸດ	1
ອ່ອຍ	1
ຈື່ດີ	1
ເງິນຄ້ຳປະກັນ	1
ທາງວາຈາ	1
ໃຈລອຍ	1
ໂສກາ	1
ລັກສາ	1
ເປັນຊັ້ນ	1
ໄປ່	1
ກຸ້ມໃຈ	1
ຈົມລົງໄປ	1
ສະຖິຕິການເກີດ	1
ຕຸ່ນ	1
ສິນສ່ວນຕົວ	1
ລຽນແຖວ	1
ຮຸ້ງ	1
ພິລຸດ	1
ພັດສະດຸ	1
ເອື້ອງ	1
ແມງງອດ	1
ໃບເບີກທາງ	1
ຂອງໃຊ້	1
ຮ້ອງຫາ	1
ຊະວາ	1
ແຫວກແນວ	1
ແບະ	1
ເຫື່ອອອກ	1
ສີ່ຫລ່ຽມຍາວ	1
ດັບໄຟ	1
ສນາມຣົບ	1
ຕັ້ງຕົນ	1
ເຢັນໄປ	1
ແຫ້ງຂອດ	1
ຄ່ອຍໆເຮັດ	1
ປົງຕົກ	1
ພະຍາດໂລຄາ	1
ຕາມຕົວອັກສອນ	1
ດຸດສະດີ	1
ຜູ້ເຫັນ	1
ສຸບິນ	1
ສຳນຽງທ້ອງຖິ່ນ	1
ຖ້ອນ	1
ພົ້ນທຸກ	1
ໂດຍທາງວິທະຍຸ	1
ພິພົບ	1
ສົນລະວົນ	1
ໄຫວຫວັ່ນ	1
ແຈ້ງຊັດ	1
ຕັ້ງສະຕິ	1
ອະນຸກັມມະການ	1
ທະຫານບ້ານ	1
ຕຶງຄຽດ	1
ແສງຈ້າ	1
ບູຣົມ	1
ສາຍໄຟຟ້າແຮງສູງ	1
ເຫີ່ມ	1
ສຽງກ້ອງ	1
ເດັງ	1
ເຖີ້ນ	1
ລີບີ	1
ລອດຊ່ອງ	1
ແໜງວ່າ	1
ກວາດລ້າງ	1
ຂຸມຂົນ	1
ອຸກໃຈ	1
ກິນແລງ	1
ທິພ	1
ເຈົ້າກີ້ເຈົ້າການ	1
ວຽກໄຮ່ການນາ	1
ສະທອນ	1
ແນ້	1
ຮົ້ວສວນ	1
ຫຳ	1
ສາມີພັນລະຍາ	1
ແມ່ຮັກ	1
ຍວກ	1
ໄວເດັກ	1
ຫວ່າງກາງ	1
ພຳນັກ	1
ຣະດູການ	1
ເປັນຫ້ອງ	1
ການເດີນເຮືອ	1
ຢາດີ	1
ເທັບ	1
ສັບພັນຍູ	1
ເກີດໃຫມ່ໃຫຍ່ລຸນ	1
ໂຄສິດ	1
ສັ່ງສົມ	1
ລ້າສະໄໝ	1
ລົງໂຕ	1
ຄັນຮົ່ມ	1
ສະດັບ	1
ການປົກຄອງຕົນເອງ	1
ງານສົມໂພດ	1
ຟອງທະເລ	1
ສຳສາ	1
ນ້ຳມັນປາ	1
ມອງຂ້າມໄປ	1
ວິຣິຍະ	1
ບ່ອນຫລິ້ນ	1
ກະແພງ	1
ໄດ້ດັບໄດ້ດີ	1
ຜູ້ຮັບເໝົາກໍ່ສ້າງ	1
ຂ່າວນຳ	1
ລົ້ມເຈັບ	1
ຍິນວ່າ	1
ການສົມຮູ້ຮ່ວມຄິດ	1
ເຂົ້າມາດ	1
ນີ້ເດ	1
ລະງັບເສິກ	1
ກະໄຫ້	1
ວິວັດທະນາ	1
ຢູ່ຕ່າງຫາກ	1
ແມ້ວ່າ	1
ໂຄນ	1
ນັກວິຈານ	1
ສັບກັນ	1
ສົມບຸນ	1
ສິນຄ້າຕ້ອງຫ້າມ	1
ນ້ຳນາ	1
ປະສົມນ້ຳເຜິ້ງ	1
ໝາກກ້ຽງນ້ອຍ	1
ຈຳປາລາວ	1
ແດດກ້າ	1
ອາຍຸຄວາມ	1
ກ້ານຄໍ	1
ຊຳລະໜີ້	1
ເພດອ່ອນແອ	1
ບຸກທຳລາຍ	1
ກາຈຳ	1
ຢ່າວ່າ	1
ວິ້ງ	1
ສະຫລາດສະຫລຽວ	1
ນ້ຳບີ	1
ທະລົງ	1
ຂຸ	1
ແຟ້ມ	1
ພາກກັນ	1
ສັດຕະຍາບັນ	1
ກຸ້ມກົ້ວ	1
ໝົດຫວັງ	1
ຄັ້ງຫນ້າ	1
ໄສຍາ	1
ຕີນເປົ່າ	1
ໂສທອນ	1
ເອົາອົກເອົາໃຈ	1
ມັ່ງຄັ່ງ	1
ຕົກດິນ	1
ສຸດກຳລັງ	1
ເຮືອພາຍ	1
ສ້ວງ	1
ຊ່າງແຕ້ມ	1
ຣິດເດດ	1
ຜີດິບ	1
ກັ້ນນ້ຳ	1
ຜົນປໂຍດ	1
ຫລັກສູດສາມປີ	1
ຂີ້ງົວ	1
ລະຫວ່າງການປະຊຸມ	1
ປອບ	1
ຫນອງບຶງ	1
ເປັນປາກເປັນສຽງ	1
ໝັດໄຟ	1
ອອກດອກ	1
ຂ່າວອະກຸສົນ	1
ທີ່ເພີ່ງ	1
ຖ້ານ	1
ຂີ້ໝູ	1
ຫນ້າສົງສານ	1
ຕາຮ້າຍ	1
ຄວາມໄຂ້	1
ມົນທິນ	1
ອາພາດ	1
ວາງລົງ	1
ນັກການສຶກສາ	1
ກຳສະພາບການ	1
ກວມໂລກ	1
ແມ້ງ	1
ຄັນທະ	1
ຄົນຍາມ	1
ໄຕ້ໂຄມ	1
ບໍ່ຄິດຄ່າ	1
ເສັ້ນເລືອດດຳ	1
ເປັນຕາເບື່ອ	1
ເປັນຕາຟັງ	1
ສີຂຽວສົດ	1
ສ່ວນດຽວ	1
ສົ່ງຈົດໝາຍມາ	1
ສາຍບື	1
ແຖວຕັ້ງ	1
ເລືອ	1
ເສັດສິ້ນ	1
ຢອກໄຍ	1
ຊິມບາເວ	1
ດູຊັນແບ	1
ກ່າວຢ່າງເປັນທາງການ	1
ຄວາມອ່ອນນ້ອມ	1
ສາມກົກ	1
ສັພ	1
ຄວາມເພີ້	1
ສັນຕິພາບຖາວອນ	1
ນີຍາຍ	1
ຍັງງາມຢູ່	1
ຫລັງບ້ານ	1
ໄພຣັດ	1
ເບືອນ	1
ວັງແກ້ວ	1
ຄວາມຕຶງຄຽດ	1
ຊານຸມົນທົນ	1
ໂສມະນັດ	1
ຊຸ່ມເຢັນ	1
ໄດ້ທ່າ	1
ອຸກອັງ	1
ຂ່າວໂຄສະນາ	1
ເຈີດໄປ	1
ຄວາມສັດຊື່	1
ຜະສານ	1
ປົ່ນ	1
ລາດຊະວັງ	1
ລີ່ຜີ	1
ໂຮຈີມິນ	1
ກຽດຕິສັກ	1
ສອງຫົນ	1
ຂີນ	1
ເຂກ	1
ຄົນການ	1
ສອນພິເສດ	1
ສະພາຍ	1
ຄີບ	1
ຄົບບໍລິບູນ	1
ທານະປາຣະມີ	1
ຣາຊບັນລັງ	1
ຈັ້ດ	1
ເປັນບ່າວ	1
ຕະປະ	1
ແຂ້ວປອມ	1
ຜູ້ສົມຮູ້	1
ຄຳເບິ່ງ	1
ຄຳຈຳກັດ	1
ມັນມື	1
ເຫີ້	1
ທັດສະນີຍະພາບ	1
ຢຸດພັກຜ່ອນ	1
ເຂົ້າແຖວ	1
ດາວໄຖ	1
ສຸດຈະພັນລະນາ	1
ວະຣະ	1
ເຄື່ອງຫອມ	1
ແຕ່ຕົ້ນຈົນຈົບ	1
ຫລົງກົນ	1
ປວດຖ່າຍໜັກ	1
ບໍ່ຮົ່ວ	1
ຕັດລູກ	1
ຄິດດອກເບັ້ຽ	1
ກາກະທິງ	1
ຣຸດຊີ	1
ລັດດາ	1
ສີນ້ຳມັນ	1
ຄ້ຳຄູນ	1
ຄໍ່ກະດູກ	1
ຫລິງເຫັນ	1
ຜ່ອງແຜ້ວ	1
ສະອາງ	1
ແອບຟັງ	1
ຕັດສະຮູ້	1
ສຳພັນທະໄມຕີ	1
ຫົວນ້ຳ	1
ດອກຝ້າຍ	1
ກາສາ	1
ຫລິກ	1
ລັງກາ	1
ວິສານ	1
ມະນຸດສະທັມ	1
ຊາດຫນ້າ	1
ຊັ້ນເທິງ	1
ນົກເປົ້າ	1
ທຳຂວັນ	1
ຂ້າຟັນລັນແທງ	1
ຮີມ	1
ເດິກດື່ນ	1
ຊໍ່ດອກໄມ້	1
ເຊີນທາງນີ້	1
ຈຸ້ມກັນ	1
ພາກພຽນພະຍາຍາມ	1
ໃຫ້ຫມົດສິ້ນໄປ	1
ແມງປໍ	1
ເຊື່ອເທາະ	1
ອອກເຫື່ອແຮງ	1
ພໍໄດ້ຍິນວ່າ	1
ຈັດອາຫານ	1
ອັດຕະຄັດ	1
ຕໍ່ວ່າຕໍ່ຂານ	1
ຄັບແຄບ	1
ກົງສຸນໃຫຍ່	1
ທຶ້ງ	1
ອັນລະ	1
ເດືອນທີ່ແລ້ວ	1
ງຶດ	1
ຂວາງຫູຂວາງຕາ	1
ແມ່ມານ	1
ຄວາມຍົວະ	1
ເຫລັກກ້າ	1
ເວດທະນາ	1
ເວົ້າຮວມ	1
ຖົງເສື້ອ	1
ສັ່ງຈອງ	1
ພະຄະວາ	1
ຫົວດື້	1
ອ່ອນຄວາມ	1
ວູ່	1
ຖົກ	1
ໂຣກຫົວໃຈ	1
ໄຖດິນ	1
ນົກກະທາ	1
ແຕ່ໄກ	1
ບໍ່ເງິນ	1
ອັບອາຍຂາຍໜ້າ	1
ພຽງເທື່ອດຽວ	1
ບາດໃຈ	1
ຜູ້ຢືມ	1
ສີອ່ອນ	1
ເວທະນາ	1
ບໍ່ມີເມືອງ	1
ຄົນເຮືອນ	1
ຂັ້ນເດັດຂາດ	1
ເຂົ້າມວກ	1
ຂັດຖູ	1
ຫ້າມເດັດຂາດ	1
ຫ້ອຍຫົວ	1
ບົດເຝິກຫັດ	1
ຊ່າງຖ່າຍຮູບ	1
ຜູກຮັກ	1
ຍ້ອນລາວ	1
ຜູ້ກະທຳ	1
ຕໍ່ໂຍງ	1
ເວົ້າບໍ່ອອກ	1
ທີ່ບໍ່ລືມຈັກເທື່ອ	1
ພໍສິ້ນ	1
ພຸ່ມໄມ້	1
ລ້ຽງເກືອ	1
ກະເສດຕະກັມ	1
ເສື້ອນອນ	1
ເຮືອນທຸກ	1
ຫມົດສິ້ນ	1
ໝົດສິດທິ	1
ຂັຍ	1
ໜ່າຍ	1
ໝາໄນ	1
ກາມມະຕັນຫາ	1
ສາບ	1
ກິກີ	1
ນອກຝັ່ງ	1
ທັງໝູ່	1
ແອບເຂົ້າ	1
ຜັກກາດຫໍ່	1
ໃສ່ດ້ານ	1
ຄົນຟັງ	1
ພ້ອມບາດ	1
ຕີຄຳ	1
ເລ່ນ	1
ແມ່ພິມ	1
ແນວດຽວ	1
ຂີ້ຖີ່	1
ຊາຄານ	1
ຄ່ຳລົງ	1
ຜູ້ສົມຮູ້ຮ່ວມຄິດ	1
ທາງທະເລ	1
ນ່ອງ	1
ພະລາດ	1
ຕຸບ	1
ມຸສາ	1
ກຸມມາຣີ	1
ສະນວນ	1
ເລຂາຄະນິດ	1
ເອກກະພົບ	1
ກິນທານ	1
ລອກໜັງ	1
ແມ່ຜົວ	1
ສຸດສາຍຕາ	1
ບໍ່ເຂົ້າທ່າ	1
ເໝືອນວ່າ	1
ຮ່ອຍ	1
ອາຣະຍະ	1
ກອດຄໍ	1
ຂີ້ຈົ່ມ	1
ສາໂລດ	1
ແປວນ້ຳ	1
ມະໂຫລີ	1
ກະຍ່າ	1
ຮອຍແຜ	1
ໂຍະຍານ	1
ລ່ວງລົງ	1
ສຸລາໄລ	1
ຝອດ	1
ຄືຊີ	1
ຂອງໂຈນ	1
ຕ້ານຂານ	1
ຂາບທູນ	1
ລອບສັງຫານ	1
ໄຫ້ຮ່ຳ	1
ທຳອິດທຳອໍ່	1
ເຊີ່ນ	1
ນາຕ	1
ສົນກັນ	1
ໄມ້ຄ້ອນ	1
ພໍວ່າ	1
ເປັນຕາຢາກຫົວ	1
ກຸນທົນ	1
ໜອກ	1
ເວລາລັດຖະການ	1
ທຳມະການ	1
ຄົນຊ່າງເວົ້າ	1
ທວານ	1
ເປົ່າແຄນ	1
ດຸສິດ	1
ຫລານຊາຍ	1
ເປັນດ້ວຍ	1
ດຶກໃນ	1
ເສົ່າ	1
ບາງຄັ້ງບາງຄາວ	1
ພຣະແມ່	1
ອະນາດ	1
ສົ່ງອາຫານ	1
ເມືອງນອກ	1
ວຽກຢ້າວການເຮືອນ	1
ພັງຫມົດ	1
ແບບຝຶກຫັດ	1
ຫິນແຂງ	1
ຫລຽວຫນ້າ	1
ຄາດນາ	1
ຂອງຈິງ	1
ຮັບພອນ	1
ຂາຍຂາດ	1
ຫອຍປັງ	1
ຍ່ອມເຍົາ	1
ວານິດ	1
ຍາຕາ	1
ລຸກຊຳບົວ	1
ປົນນ້ຳ	1
ສັບປະ	1
ກົ້ມໜ້າກົ້ມຕາ	1
ເຊື່ອບໍ່ໄດ້	1
ເວົ້າຢອກ	1
ຫ່ວງໄຍ	1
ອິ້ວກາເຟ	1
ຮິ່ນຕອງ	1
ໄລ່ໄປ	1
ປັດສິມໂອວາດ	1
ການປາດ	1
ສະຖານທີ່ນັດພົບ	1
ລົດທຸງ	1
ອະຣະຫັງ	1
ຫັດຖະ	1
ເຟັນ	1
ສູງສັກ	1
ວາງເງິນ	1
ຫນ້ານັບຖື	1
ຍິ່ງໄປກວ່າ	1
ມັງສະ	1
ຂຳ	1
ສຽງນົກ	1
ຕື່ມນ້ຳມັນໃສ່ລົດ	1
ເຫລນ	1
ສະສິ	1
ຄວາມງຽບ	1
ຄ້ອຍຊັນ	1
ບູຮານວັດຖຸ	1
ລາກົດ	1
ບັ້ງສູດ	1
ຄາມີ	1
ເຂົ້າເນື້ອ	1
ເກນຢາ	1
ການດູຖູກ	1
ຕາຍພາຍ	1
ແທນຄຸນ	1
ຄຸນາກອນ	1
ໂຮງຮຽນກິນນອນ	1
ສອງທາງ	1
ຄຳຫມັ້ນ	1
ຣະວິ	1
ວັດຖຸນິຍົມ	1
ວ່າໄປວ່າມາ	1
ປັກກິງ	1
ໃຊ້ອຳນາດບັງຄັບ	1
ຂະບວນເຮືອ	1
ເນີນພູ	1
ໄຫ່	1
ການກົດຂີ່	1
ຈັດວາງພະນັກງານ	1
ລ້ອມຮົ້ວ	1
ຈູ້ຈີ້	1
ຄຳຂໍຮ້ອງ	1
ຮັກສາຄວາມສາມັກຄີ	1
ຫ້າມເຂົ້າ	1
ເຂົ້າເພນ	1
ຂີດຂ້າ	1
ການເຄື່ອນໄຫວປະຕິວັດ	1
ຂວກ	1
ບໍດິນ	1
ສິດໃນຊັບ	1
ຈັນທະນະ	1
ກຳລັງຫລັກແຫລ່ງ	1
ຫວ່າງກີ້	1
ຕີບານ	1
ອະນິດຈາ	1
ປະຣິນຍາຕີ	1
ສະເໜີຕົວ	1
ໜ້າຍ	1
ລຸເຂົ້າ	1
ຜີເຂົ້າ	1
ເອືອບ	1
ປ່າວປະກາດ	1
ສູນຍາກາດ	1
ທຳອີກ	1
ລາດຊະສີ	1
ນົກຍາງ	1
ມານິລາ	1
ກົມການຄ້າຕ່າງປະເທດ	1
ປາກກ້າ	1
ປະຈວບ	1
ນໍຣະ	1
ຕັນຕິ	1
ເຮັດດີທີ່ສຸດ	1
ຖືໝັ້ນ	1
ຫາອາຫານ	1
ເວີ່	1
ປາງກ່ອນ	1
ແທດເຖິງ	1
ບັນຊີການຄ້າ	1
ເຈື່ອງ	1
ສໄມ	1
ຍອມເສັຽ	1
ເບິ່ງແມ້	1
ທາລຸນກຳ	1
ງະ	1
ຄຽນຫົວ	1
ຕິດສາວ	1
ແກ່ລົງ	1
ປັດສິມມະໄວ	1
ກີລາ	1
ທະຫານມ້າ	1
ຣັດເຊັຽ	1
ເກສ	1
ໜຶ້ງ	1
ວັດຖຸລະເບີດ	1
ປຸ້ມ	1
ເກີ່ງ	1
ໂຣກຈິດ	1
ພົມມະວິຫານ	1
ໄຮ້ສາຣະ	1
ປາໄຫລ	1
ໂສພົນ	1
ຖອນຕະປູ	1
ຊາວດອຍ	1
ເສັຽປຽບ	1
ກາດແດງ	1
ໃນທັນໃດນັ້ນ	1
ຫວັງໃຈ	1
ນ້ຳເຫື່ອ	1
ຫຶງ	1
ສິນຄ້າພື້ນເມືອງ	1
ຮັບຫລັກການ	1
ໜຽງ	1
ເລືອດເນື້ອ	1
ທາງຕັ້ງ	1
ບໍ່ທໍ່ໃດປີ	1
ປຸນນະມີ	1
ໂພ່ນ	1
ກົດໝາຍອາຍາ	1
ແຂ່ງແດດ	1
ແຕ້ມຕໍ່	1
ຄົນຕ່າງຖິ່ນ	1
ສະຫະພັນຣັດ	1
ເຕັມຕາ	1
ຂອງເຫລືອ	1
ກະຕວງ	1
ອາຍຄວັນ	1
ທີ່ແປນ	1
ຫມົດກັບ	1
ນຶກຝັນ	1
ພໍມາເຖິງ	1
ລ້າຍ	1
ຈະຣິຍາ	1
ໜ້າອາຍ	1
ມວນສານ	1
ໄກ່ແມ່	1
ນ້ອງຮ່ວມທ້ອງ	1
ດີດພິນ	1
ເມາະ	1
ອ້ອມລ້ອມ	1
ນ້ຳກະດິງ	1
ປຸ້ນທ້ອງ	1
ເສັຽສະລະ	1
ສະເພາະນັກຮຽນ	1
ເອົາແບບຢ່າງ	1
ຂີ້ຄຸຍ	1
ຣາຊສີ	1
ຫວິດ	1
ອ່ານຫນັງສືບໍ່ອອກ	1
ລ້ຽງຕົວເອງ	1
ຝັດ	1
ປົບໜີ	1
ມັ່ງມູນ	1
ບາດວ່າ	1
ປອງຮ້າຍ	1
ນ້ຳມັນຂຽວ	1
ເປັນໝັນ	1
ເຂົ້າປົກ	1
ຮູ້ແກ່ໃຈ	1
ເສນາທິການກອງທັບ	1
ໂມງແຂນ	1
ເກີດກ່ອນກຳນົດ	1
ເຈົ້າຂ້າ	1
ກາງອອກ	1
ເງິນອັດ	1
ຍຸບລົງ	1
ກຳລັງເສີມ	1
ໃຈແຂງ	1
ສະເຫລີຍ	1
ເມີຍ	1
ຄາດເຄື່ອນ	1
ໄພສິດ	1
ອ່ອມ	1
ນ້ຳຕານກ້ອນ	1
ເຊຕະວັນ	1
ດ່າກັນ	1
ນວຽ	1
ຫົ່ມຜ້າ	1
ຄັນຫາ	1
ເຕົາອົບ	1
ສະຖານີວິທະຍຸກະຈາຍສຽງ	1
ດຽວວ່າ	1
ໄມ້ແຄນ	1
ນີ້ວນາງ	1
ອິດສາຕາຮ້ອນ	1
ຕາມທີ່ກ່າວມາ	1
ອັນຍະ	1
ໂພທິສັດ	1
ກະຊວງການຄັງ	1
ຫລິງ	1
ເຊີນເຂົ້າມາ	1
ກາລະບູນ	1
ທຸລະກັນດານ	1
ຈຳໄດ້	1
ດ່າວ່າ	1
ຮະໆ	1
ໃສ່ກອບ	1
ສວນພືດ	1
ລູກດົກ	1
ຈວບກັນ	1
ພວກລາວ	1
ວັດຈະ	1
ກຳລັງຕະລຸມບອນ	1
ຄົນຊັ້ນກາງ	1
ງ້າວ	1
ທະນົງ	1
ປູນຂາວ	1
ໄຜ່ບ້ານ	1
ຍັງບໍ່ລົດລະ	1
ຊື່ການຄ້າ	1
ຄຳທຳນາຍ	1
ອັດຖະຄະດີ	1
ຍັງມີເວລາຢູ່	1
ເຍື່ອງ	1
ພຽງນີ້	1
ສີສວັນ	1
ເທົ່າທີ່ມີ	1
ດິກ	1
ຜົນສຳເຣັດ	1
ເຂົາຂຽວ	1
ເລັບເສືອ	1
ເຟື້ອຍ	1
ຂັ້ງ	1
ລົມພັດແຮງ	1
ຈີນແດງ	1
ວົງເລັບ	1
ຕຶກຕອງ	1
ໃຊ້ບັງຄັບ	1
ໂທຣະຄົມມະນາຄົມ	1
ຄວາມໜາແໜ້ນ	1
ໃສ່ໂທດ	1
ຮູບຊີ	1
ຫງ່ວມເຫງົາ	1
ປະຕູໃຫຍ່	1
ອັດຮູ	1
ເພື່ອນຕາຍ	1
ກະເຊົ້າ	1
ຜິດກະຕິກາ	1
ການຊຸມນຸມ	1
ຕີເບ	1
ໃສ່ຄອກ	1
ສຳເພົາ	1
ຕີພົບ	1
ຕິດຄໍ	1
ຂັດໃຈ	1
ສູນສູດ	1
ຂໍ້ຮຽກຮ້ອງ	1
ແຕມ	1
ທັກຖາມ	1
ພັງພິນາດ	1
ເວຫາ	1
ສົມສັກສີ	1
ຕຽມຕົວ	1
ຊະເອມ	1
ສາມແຈ	1
ສົມປະສົງ	1
ຫົວຄຶດ	1
ປ່າຊ້າ	1
ທິສະດີ	1
ຊ້ອມຣົບ	1
ງຽບສະຫງັດ	1
ຄວາມສືບຕໍ່	1
ຍື່ນຄຳຮ້ອງທຸກ	1
ການຝຶກຫັດ	1
ປາຖນາ	1
ເຊືອບ	1
ຣາຊິນີ	1
ມາດາ	1
ກະສັງ	1
ໂພຄະຊັບ	1
ຮຽກຫາ	1
ອະນຸພັນ	1
ອາຫລັບ	1
ບໍ່ເມືອ	1
ສິງຫະນາດ	1
ຂາຍຊາດ	1
ທໍ່ຢາງ	1
ໂດຍລຳພັງ	1
ພໍໄປໄດ້	1
ອາສາສມັກ	1
ຖືກຽດ	1
ນັ່ງເມືອງ	1
ຂີ້ລ້າຍ	1
ຈັດແຖວ	1
ຫວ່ານກ້າ	1
ຜົມກູດ	1
ໃສ່ແກ້ວ	1
ເຂົ້າກະດູກດຳ	1
ປົດອາວຸດ	1
ແພໄຫມ	1
ຄວາມຮັກຊາດ	1
ນົກກົດ	1
ຂາເຄ	1
ກິ່ງສາຂາ	1
ຄົນນິນທາ	1
ຕະໄລ	1
ຕຽມໃຈ	1
ພໍ່ນ້າ	1
ຈັນໂທ	1
ຝ່າຍທີ່ກ່ຽວຂ້ອງ	1
ຄວ່າງ	1
ເລື່ອ	1
ອາສະນະ	1
ຍົວະເຍົ້າ	1
ສົງຄາມກາງເມືອງ	1
ກ່າວໂຈມຕີ	1
ບໍ່ເກືອ	1
ຫໍໂຮງ	1
ງາມຫນ້າ	1
ກ້ອຍ	1
ການບົວຣະບັດ	1
ລົບລ້າງລະບອບລາຊາທິປະໄຕ	1
ທຳໃຫມ່	1
ທອຍ	1
ຄົນລ້ຽງ	1
ສົ້ມປ່ອຍ	1
ຊີເປືອຍ	1
ຜູ້ຫວັງດີ	1
ຢາງໃນ	1
ຫິນປູນ	1
ຜູ້ສອນ	1
ຂັນສົມມາ	1
ຕ໊ອກ	1
ສັງສຸດ	1
ຢາກຮາກ	1
ແມ່ຄີງ	1
ລາຮາວານ	1
ພຽງໃດກໍ່ຕາມ	1
ມ້າງເຮືອນ	1
ຄະດີແພ່ງ	1
ເຮືອໄວ	1
ຈົກຖົງ	1
ບໍ່ເຫມາະ	1
ບໍ່ແລ້ວບໍ່ທົ່ວ	1
ສົ້ງຂາສັ້ນ	1
ພິ່ງ	1
ຫົວອົກ	1
ຄໍຍາວ	1
ສາຍຕາຍາວ	1
ຖືກປະລະ	1
ຖແລງ	1
ພ້ອມມູນ	1
ລິບລັບ	1
ແມ່ກອງ	1
ອອກແມ່ແຜ່ລູກ	1
ເຂົ້າເຫລັກ	1
ຈ່າຍເກີນ	1
ຄວາມເປີດ	1
ເບື່ອອາຫານ	1
ຄ່າປັບ	1
ສະຕິສັມປະຊັນຍະ	1
ລົດໃຫ້	1
ຄວາມອິດສະຣະ	1
ໂສ້ງຂາຍາວ	1
ຕົກເຫວ	1
ສະຣະ	1
ໄປໄຮ່ໄປນາ	1
ສາກເຂົ້າເບືອ	1
ອ້ວນຂຶ້ນ	1
ຂະຫຍັບ	1
ຖົ່ວຍາວ	1
ອະພິປາຍ	1
ວັດຖຸເຄມີ	1
ກະຊວງຍຸດຕິທຳ	1
ເຂົາຄຳ	1
ຫມາກຖົ່ວເຫລືອງ	1
ໄມ້ແຂງ	1
ວາງໄຂ່	1
ສເລັ່ຽ	1
ບໍ່ສິ້ນສຸດ	1
ສຸຊົນ	1
ໝູ່ເກາະ	1
ບັນລັງ	1
ຫລີ້ນກີລາ	1
ໄຂປະຊຸມ	1
ຕົກລາງ	1
ພູເລີຍ	1
ເຮືອຫລົ້ມ	1
ສາມຫາງ	1
ຖາມຄວາມເຫັນ	1
ພາລະກິດຕໍ່ສູ້ກູ້ຊາດ	1
ລັ່ງເລ	1
ສະຫວ່າງຈາກ	1
ສ້າງຄວາມເດືອດຮ້ອນ	1
ຈົ່ງດີ	1
ເຮັດຜິດກົດລະບຽບ	1
ເຍນ	1
ຄຳຕິຊົມ	1
ຮັກສາກຽດ	1
ສຳຜັດໃນ	1
ບໍ່ຍົກເວັ້ນ	1
ພັດຕະຄານ	1
ກັລຍາ	1
ສນິ	1
ການເຊີດຊູ	1
ຍາມພັກ	1
ອາຣົມ	1
ຂ້ອງຄາ	1
ຫຸງເຂົ້າ	1
ຮາກຢາ	1
ເຮາະ	1
ເຕື້ອງ	1
ໄມ້ແສ້	1
ເສົ້າຫມອງ	1
ອອກກຳ	1
ນ້ຳຕານແດງ	1
ຖໍ່	1
ຮອຍບາດ	1
ອາກັບກິຣິຍາ	1
ໄພວັນ	1
ເປ່ງ	1
ນຳຫຍັງ	1
ໝາກຕ້ອງ	1
ກ້ອງແຂນ	1
ສະໝັກດ້ວຍຕົນເອງ	1
ຕວຍ	1
ຮັບສະເດັດ	1
ຄົນຂີ້ຄ້ານ	1
ລ້ອມເມືອງ	1
ສະກົນ	1
ວາດາ	1
ເຂົ້ານົກ	1
ຈູດໄຟ	1
ຜີເຜດ	1
ພື້ນແຜ່ນດິນ	1
ທຸກທາງ	1
ຝ້າ	1
ພືປີກ	1
ສມີ	1
ໄປບໍ່ທັນລົດ	1
ຊ່າງຕັດ	1
ການກີດຂວາງ	1
ຂູ	1
ສິນລະປະການ	1
ຂີ້ດຽດ	1
ຖ້ອຍຄຳ	1
ແມງດາ	1
ທໍ້ໃຈ	1
ໄມ້ຈິງ	1
ສົມນ້ຳສົມຕ່ອນ	1
ຂິງ	1
ເປັນທີ່ໜ້າສັງເກດ	1
ໃນກາງຄືນ	1
ຕະນຸ	1
ແກບ	1
ເມັດຊາຍ	1
ໄອຍະ	1
ຜູ້ບັນຊາການສູງສຸດ	1
ຂ່ວງ	1
ຕະໂພກ	1
ຫົວສູງ	1
ພັງປະຕູ	1
ຄໍ່	1
ເຫມືອນກັບວ່າ	1
ຜ່ານຂົວ	1
ມະຫັບມະຫາຍ	1
ໃຊ້ລ້າໆ	1
ມອງບໍ່ເຫັນ	1
ນ້ຳເຕົ້າ	1
ໃບເບີກ	1
ພັນຕາ	1
ແປ່	1
ເຖິງໃຈ	1
ບັດດຽວ	1
ສອງໜ້າ	1
ຈັບແຂນ	1
ໝາກຂ່າງ	1
ນອນແຕ່ຫົວຄ່ຳ	1
ກ້າວໄປຫນ້າ	1
ວັງຊາ	1
ມຽງ	1
ຕິດຕາ	1
ເນົາຢູ່	1
ຈີ່ຈ້ຽມ	1
ປ້ານຄັນນາ	1
ສືບຂ່າວ	1
ຣະມະນີ	1
ເອົາມາຈາກຕ່າງປະເທດ	1
ຫິມ	1
ອຸບປະມາ	1
ງອມແງມ	1
ຊຳລະລ້າງ	1
ລຶ້ມ	1
ມີຕໍ່ໄປ	1
ແສກ	1
ວັນຢຸດ	1
ຫວ້າ	1
ປັນຍາສະ	1
ຂີ້ກະເດືອນ	1
ພາສາແມ່	1
ຄືດຽວ	1
ລຳເນົາ	1
ຢອນ	1
ວະສະ	1
ວະສັນ	1
ຊູລົດ	1
ນິຕິກັມ	1
ຕາມທີຫລັງ	1
ກິນຝິ່ນ	1
ຈົ້ງ	1
ຕັ້ງແຕ່ງ	1
ໝາກຫວີດ	1
ຫັດແຮງ	1
ເກື່ອນ	1
ຜູ້ຖືກເຊີນ	1
ເຈີງ	1
ນອກທາງ	1
ຕົວບົດ	1
ການປຽບທຽບ	1
ສອນປາກ	1
ຈົບເຈືອ	1
ຫິບ	1
ສຽງມະຫາຊົນ	1
ຊາຍຍິງ	1
ແຄງ	1
ຄູ່ຄວາມ	1
ໄລ່ທັນ	1
ຫລູບ	1
ເສົາແຮກ	1
ຂຶ້ນຕົ້ນໄມ້	1
ສຸເຫລົ່າ	1
ແຜດ	1
ຟັນແຂ້ວ	1
ຊ້ຳບໍ່ຫນຳ	1
ປະຖົມສຶກສາ	1
ນີມິດ	1
ຈຸລ	1
ກໍຣະກົດ	1
ພະນາງ	1
ຄ້ຳຟ້າ	1
ຮ້າວ	1
ຂນາດນີ້	1
ເຫລືອທົນ	1
ຖືຊາ	1
ປະຖົມປັດໄຈ	1
ມິດຈິດ	1
ຫຸ້ມເກາະ	1
ຕົບປາກ	1
ຊຳນິ	1
ເປບ	1
ປ່າຕຶບ	1
ຫນ້າທີ່ມີກຽດ	1
ພູບານ	1
ເຄື່ອງໄມ້	1
ຂອງເຖື່ອນ	1
ຂ່າວທ້ອງຖິ່ນ	1
ໄກບໍ່	1
ການສີມື	1
ໂຫງ້ຍ	1
ວັກໂຊວີ	1
ປຸ້ມລຸມ	1
ງານບ້ານ	1
ແລ້ວແຕ່ທ່ານ	1
ມານະພະຍາຍາມ	1
ສົມນ້ຳໜ້າ	1
ຕັສຮູ້	1
ຈັກຄາວ	1
ລະມຸດ	1
ສລັບ	1
ແຕະ	1
ເປັນຫນອງ	1
ຄາລະວະ	1
ເບິ່ງລະຄອນ	1
ຕົກລົງເຮັດ	1
ຊື່ນແລ້ວ	1
ເສັຽພາສີ	1
ອອກຕົວ	1
ທຶບ	1
ແໜ່	1
ຟັນຫົວ	1
ວາງລະບຽບ	1
ກ້ອນເງິນ	1
ສູຕິສາດ	1
ຮັດຮູບ	1
ແລ່ນເຮືອ	1
ຈຳນົງ	1
ຢູ່ທາງເໜືອ	1
ໄດ້ຍິນກັບຫູ	1
ຈາລຸ	1
ສິບເອັດ	1
ຄາງຄົກ	1
ລວກ	1
ຖ່າຍອາກາດ	1
ສະແດງຕົວ	1
ໂບກທຸງ	1
ກົງລໍ້	1
ດໍ່	1
ຝາກໄປ	1
ຜແນກການ	1
ສັນລະຍະ	1
ອະເມລິກັນ	1
ໝູ່ເຮົາ	1
ວັດຈະນາ	1
ຮາກເຫງົ້າ	1
ຄີລີ	1
ບໍ່ຄາ	1
ຄວາມກຽດຊັງ	1
ປົວດີ	1
ແສງກ້າ	1
ສະໝີ	1
ຝ່າ	1
ທຸລະສ່ວນຕົວ	1
ຄວາມພິການ	1
ບໍ່ຫລາຍກໍ່ນ້ອຍ	1
ຮ່ອມຜາ	1
ເຈາະຮູ	1
ທີ່ຊອບໃຈ	1
ໂຫລາສາດ	1
ໄວໄຟ	1
ຍະໂສ	1
ຕຸ໋ນ	1
ໜ້າແຫ້ງ	1
ສີກາກີ	1
ແກ້ມບ່ອງ	1
ມ່ານ	1
ຂັ້ນໃດ	1
ຢ່ອນໃຈ	1
ໃສ່ຢາ	1
ແນວນັ້ນແນວນີ້	1
ຂ້າໄທ	1
ໃຈທຸ່ນ	1
ໃຕ້ບັງຄັບ	1
ຊັງກັນ	1
ສີດພົ່ນ	1
ດີອົກດີໃຈ	1
ຕໍ່ໜ້າສາທາລະນະ	1
ບຸຣຸດ	1
ນ້ຳກາມ	1
ທໍ່ໆກັນ	1
ຫ້າເທົ່າ	1
ອາບແດດ	1
ໄມ້ຂີດໄຟ	1
ສະຕີເພດ	1
ເສົາເຮືອນ	1
ໄຂ່ຫລັງ	1
ຫາເຫດ	1
ລໍຈັງຫວະ	1
ຕາຕັ້ງ	1
ຕູລະກີ	1
ວາງມື	1
ພິດສະດານ	1
ອຸປະກາລະ	1
ຫນູກັດ	1
ລາໂລກ	1
ເລື່ອນຕຳແຫນ່ງ	1
ເງິນຂາດ	1
ອຸນາ	1
ກະຊັບ	1
ສາທາລະນະສະຖານ	1
ຂອກແຄແຈຮົ້ວ	1
ຖືກປາກ	1
ສ້າງກຳລັງ	1
ຖນັດ	1
ແຫ່ແຫນ	1
ມ້ານ	1
ເຂົ້າຫູ	1
ເປັນສີເຫລືອງ	1
ບໍ່ສມັກ	1
ຮຶມ	1
ບໍ່ຕົກລົງ	1
ບຸລີ	1
ຫອດ	1
ກິນລ້ຽງ	1
ໄມ້ຕາຍຢືນ	1
ໂກບ	1
ເຝື້ອ	1
ດ່ານຊ້າງ	1
ໃນໄວເດັກ	1
ຕົກສະເງີ້	1
ເທີ້ງ	1
ຕິນະ	1
ຈຽວ	1
ຈຸດສູນກາງ	1
ປືດ	1
ຈາຣຶກ	1
ຄຸມຕົວ	1
ສະລີລະສາດ	1
ເວລາເຊົ້າ	1
ກຳມາຊີບ	1
ສີຫມາກຄໍ້	1
ຕາມທີ່ຕົກລົງກັນ	1
ຄອງຊີບ	1
ສະເທືອນໃຈ	1
ພະຫູ	1
ສຳພັນທະມິດ	1
ພິດເຫລົ້າ	1
ເຈັບຕົວ	1
ສຳບັດສຳນວນ	1
ຂົມຄຽດ	1
ອັງສາ	1
ສາຍແຫ່	1
ເປະ	1
ຂ້າແຜ່ນດິນ	1
ອຸຕຸ	1
ຟອງຟາດ	1
ລົມທະເລ	1
ສົ້ມໂອ	1
ຕະວັນ	1
ຫມັດ	1
ການຊັກຊວນ	1
ຄົນຊ້າ	1
ໂຍບ	1
ສ່ອງທາງ	1
ຄຶກໂຄມ	1
ຄັນໄຖ	1
ລ່າເນື້ອ	1
ບັນດຸງ	1
ຄວາມເຫລື້ອມໃສ	1
ເຈັຽ	1
ຫມ້າ	1
ຊຶມຊັບ	1
ແຂ່ງຝົນ	1
ຄືນຊີບ	1
ເດັກດີ	1
ທຸກຊາດ	1
ຕົ້ນຊາ	1
ໃຫ້ທ່າ	1
ຟຸ້ງ	1
ເດິກແລ້ວ	1
ຕັດຫົວ	1
ງ້ວງ	1
ອານຸພາບ	1
ເດົາເອົາ	1
ຮັກສາສິນ	1
ເທບພະດາ	1
ທອດພະເນດ	1
ບໍ່ເປັນແນວ	1
ນິດນ້ອຍ	1
ຕາຍຄາທີ່	1
ບົດລະຄອນ	1
ລົ້ມທັງຢືນ	1
ຕະພື	1
ຫມົດຄືນ	1
ນ້ຳອ້ອມ	1
ສັບພະສິ່ງ	1
ຖະຫວິນ	1
ຄະນະທ່ອງທ່ຽວ	1
ແຂ້ວຄອນ	1
ລາບາ	1
ຕີ່	1
ປາກ່າ	1
ຄົນໂດຍສານ	1
ວິພາ	1
ພິທີກຳ	1
ການຕິດຂັດ	1
ດິນຈີ່	1
ໝັ້ນໝາຍ	1
ຕ້າມ	1
ຈະລິຍາ	1
ຂັດຈ້ອນ	1
ຢູ່ໃນກຳມື	1
ແອ່ງ	1
ທຸກໄຮ້ເຂັນໃຈ	1
ຂາຍກິນ	1
ໜ່ວຍເລືອກຕັ້ງ	1
ຈຸຕິ	1
ຊິວະ	1
ສາມັກ	1
ຮັບຣາຊການ	1
ຫາໃຈ	1
ບານປະຕູ	1
ລາງຮ້າຍ	1
ລະຄອນເພັງ	1
ແຕ່ທຳອິດ	1
ກີທາ	1
ຍຸຍົງ	1
ຄິດອ່ານ	1
ປະທັງ	1
ມັນໄກ່	1
ບີ່	1
ສະເຫວີຍລາດ	1
ທັມມະຄຸນ	1
ໄມ້ກາງເຂນ	1
ເທີດທູນ	1
ເປືອກເຂົ້າ	1
ພິທີປົງສົບ	1
ທັບທິມ	1
ເປັນຕົວອັກສອນ	1
ລອງໃຈ	1
ຖືສັດ	1
ງຸມ	1
ຄະນະບໍຣິຫານ	1
ນໍຣະສິງ	1
ຕາມມີ	1
ທັນກິນ	1
ສີຫະລາດ	1
ປະຕິການ	1
ຮອງທ້ອງ	1
ບັກໄມ້	1
ສັນໃດ	1
ເຊິ	1
ຫົວລະ	1
ສະດຸ້ງຕື່ນ	1
ກະດູກສັນຫລັງ	1
ກັ້ນທາງ	1
ຊຸ່ມນ້ຳ	1
ປີບ	1
ທັນທ່ວງທີ	1
ແກ້ໄຂ້	1
ເພົ້າ	1
ນາກຄະລາດ	1
ນອກເຂດ	1
ວິນັຍ	1
ຈະຣະ	1
ຫຸນ	1
ເປັຽ	1
ງຶກ	1
ຕ່າງສາດສະໜາ	1
ເມດຕາຈິດ	1
ທົນນ້ຳ	1
ເຮັດຕົກ	1
ສຽງປະຊາຊົນ	1
ຊ່າງປັ້ນ	1
ໃຫ້ຈັບ	1
ທັມມາດ	1
ທັງນີ້ເພາະ	1
ຄັນໂຕ	1
ຊັດແຈ້ງ	1
ຮຽມນີ້	1
ສ້າງບາບ	1
ຝືນໃຈ	1
ກິນເຂົ້າງາຍ	1
ພະລາຊະສຳນັກ	1
ໝູປ່າ	1
ພຶ	1
ລົ້ມທັບ	1
ຄ່າຜ່ານປະຕູ	1
ບັງຕາ	1
ໄປທາງໜ້າ	1
ຣົດຊາດ	1
ອັນກ່ອນ	1
ສັນຕະປາປາ	1
ນ້ອງຫລ້າ	1
ນິ້ມນວນ	1
ທີ່ກ່າວຂ້າງເທິງ	1
ເຂັດ	1
ດຽວກ່ອນ	1
ຄຳວິຈານ	1
ແກ້ຮ້ອນ	1
ສອດແນມ	1
ເອື້ອຍໄພ້	1
ຕາຢັບ	1
ເພື່ອນສນິດ	1
ເຄື່ອງລົດ	1
ສະງ່າລາສີ	1
ທ້ອງບິດ	1
ມານີ້ແລ້ວ	1
ຄົນຄຸມ	1
ເຕົ້າຈ້ຽວ	1
ປັ່ນຝ້າຍ	1
ຂ້າງນັ້ນ	1
ລຽບນ້ຳ	1
ດຶງຫູ	1
ນີ້ວກ້ອຍ	1
ຈຸດຍຸດທະສາດ	1
ເຂົ້າຫມໍ້	1
ຮາກໄມ້	1
ອອກຫ່າງ	1
ສະລອນ	1
ແຈະ	1
ພິຣຸດ	1
ແຄ່ນ	1
ກິດຕິຄຸນ	1
ສາຍກາງ	1
ສົມຍົງ	1
ຕາເປົ່າ	1
ຫາລ້ຽງຊີບ	1
ຖືກທີ່ສຸດ	1
ພິກໄປ	1
ຫວາດຫວັ່ນ	1
ສາໂທ	1
ບໍ່ມີອັນໃດ	1
ຫໍໄຕ	1
ນາງນວນ	1
ຕຶກປາ	1
ຊັ້ນຟ້າ	1
ຫມຶກ	1
ໂດຍສັນຕິວິທີ	1
ຢຸດພັກ	1
ຮາກຝອຍ	1
ວ່ຽງ	1
ຫັນມາເຮັດນາ	1
ໄພ່ຟ້າ	1
ບໍ່ພໍຄາວ	1
ບໍຣິສຸດ	1
ສຸຣັດ	1
ພໍກັນ	1
ສ່ວມ	1
ໄຮ້ຊັບ	1
ມຸນິ	1
ສຽງຫວານ	1
ເຫມືອນວ່າ	1
ກະຊວງຍຸຕິທັມ	1
ຫ້າມໃຊ້	1
ສຍາຍ	1
ຫລາຍກາຍ	1
ຕາມທີ	1
ສຸກສຳລານ	1
ມ້າວ	1
ຫວີດ	1
ຖນົນຫລວງ	1
ສະຣາດ	1
ນາໂຕ	1
ຈັງຫວັດໃກ້ຄຽງ	1
ສິນເດີມ	1
ສະສົມກຳລັງ	1
ໂຮງສາຍ	1
ກົງສຸນ	1
ມັ່ນ	1
ສັດຕະວະສາດ	1
ກະຕິກນ້ຳກ້ອນ	1
ໃຈປຶກ	1
ອາຫານຄ່ຳ	1
ເພີດເພີນ	1
ຄູປະຖົມ	1
ສຸກຂະສຶກສາ	1
ກາລຸນ	1
ບູນກາລີ	1
ຕັ້ງນານ	1
ຄ່າເສັຽຫາຍ	1
ສູ້ລົບ	1
ພິນິດພິຈາລະນາ	1
ມວຍປໍ້າ	1
ກະວານ	1
ຂາດໆເຂີນໆ	1
ດາບົດ	1
ເໝົ້າ	1
ອາດຊະວະ	1
ຍັງຄຶດບໍ່ອອກ	1
ຣາຄະ	1
ຕາມຖນົນ	1
ທາງທຽວ	1
ຂຸກ	1
ໄມ້ແປ້ນ	1
ໝໍແຄນ	1
ເປັນຊຸດໆ	1
ກິ້ງ	1
ທົດນ້ຳ	1
ແກ້ຫໍ່	1
ເລົ່ານິທານ	1
ຊັກເຄື່ອງ	1
ຄົນຈ້າງ	1
ຊົລ	1
ຕຳແຍ	1
ກິນລົມ	1
ບ່ອນໄກ	1
ຮີບເຂົ້າ	1
ທົດສະນິຍົມ	1
ເຂົາງົວ	1
ໄປໆມາໆ	1
ຄັນໃດ	1
ວຽນເຂົ້າ	1
ຜູ້ຮັ່ງມີ	1
ອັບປັນຍາ	1
ສະເໝີກັນ	1
ນຸງ	1
ຈຳລາຍ	1
ຮັບສິນບົນ	1
ທະເລແດງ	1
ສຸດຕັນ	1
ຕົກຕະລຶງ	1
ອັກຂະ	1
ຍໍ້ທໍ້	1
ໂຫລ້	1
ເດືອນສີ່	1
ຝ່າຍຄ້ານ	1
ຄວາມວຸ່ນວາຍ	1
ທະວີຄູນ	1
ສຳເຣັດຮູບ	1
ດັບຊີວິດ	1
ລູ່	1
ຄ້ຽວເອື້ອງ	1
ສົມບູນດີ	1
ສະສົມອາຫານ	1
ຄືນດີກັນໄດ້	1
ບາດເທື່ອວ່າ	1
ທັງວັນ	1
ເລ່ກົນ	1
ແຕ່ເຊັ່ນ	1
ການແອບ	1
ຍາກໄຮ້	1
ສາທອນ	1
ຮອຍຂູດ	1
ເຂັງ	1
ວັບ	1
ຄວາມເສັຽ	1
ສະດຸດີ	1
ກວາດຕ້ອນ	1
ເວົ້າຂັດ	1
ຄົນລະຄົນ	1
ຈະຣິຍະ	1
ສະໜາມລົບ	1
ໂປດປານ	1
ບັງລົມ	1
ນາຣາ	1
ຫົວລ້ຽວ	1
ຜູ້ນຳທ່ຽວ	1
ຫນັງຕາ	1
ບວກເຂົ້າກັນ	1
ຈົວນ້ອຍ	1
ກະໂຫລກຫົວ	1
ພະຍານຫລັກຖານ	1
ສ່ວນກຳນົດ	1
ເຂົາຂ້າ	1
ຢືນບັງ	1
ເຊັນຕີແມັດ	1
ຂຸ່ນ	1
ນົກຍຸງ	1
ເບນຈະກາມມະຄຸນ	1
ມ່ວງໄຂ່	1
ແຮງມ້າ	1
ຍ່າມ	1
ລະວັງອາກາດ	1
ເຈຣະຈາສງົບເສິກ	1
ເຄື່ອງຕົບແຕ່ງ	1
ແອ່ວ	1
ມິດສາ	1
ນອກເລື່ອງ	1
ອູມ	1
ເຂົ້າມາໄກ້	1
ມື້ສັນວັນດີ	1
ຕົກວ່າ	1
ມຸທິຕາ	1
ການມ້ຽນ	1
ລົງພຸງ	1
ຮຽງກັນ	1
ເວທະ	1
ຊ່ອນ	1
ເພີ່ມກຳລັງ	1
ເສັຽເງິນ	1
ຕີຄີ	1
ເສດສ່ວນ	1
ຝາກຊີວິດ	1
ຕົກສະທ້ານ	1
ຂໍ້ມື	1
ຮັກສາຄວາມໝັ້ນຄົງ	1
ເຮັດຕາງ	1
ດັຊນີ	1
ຮີບແລ່ນມາ	1
ບ່ອນຕາກອາກາດ	1
ເໝີຍ	1
ຈວງຈັນ	1
ມະນິລາ	1
ຫາບນ້ຳ	1
ຜະລິ	1
ຮີ້ນ	1
ຝາກະແຕະ	1
ບ້າກາມ	1
ນະມະ	1
ຕີໂຕ້	1
ນາລັດ	1
ຊາວກະຊິກອນ	1
ປັບໃຫມ	1
ອຸບາດ	1
ສ່ຽງຊີ	1
ເມື່ອກີ້ນີ້	1
ມໍຣະສຸມ	1
ສົ່ງເສັຽ	1
ຮ້ານກາເຟ	1
ແຕ່ເກີດມາ	1
ພິກປິ້ນ	1
ເມັດກາເຟ	1
ສະເນືອນ	1
ໂຫດຫ້ຽມ	1
ຄັນແຂ້ວ	1
ຄວາມອ່ອນຫວານ	1
ບໍ່ໄດ້ດັ່ງໃຈ	1
ທໍ່ກັນ	1
ທີ່ໝາຍ	1
ກ້ອນຫິນ	1
ກຳໄວ້	1
ເກັນ	1
ຜະໜັງ	1
ຂອກ	1
ທານະທິບໍດີ	1
ສຸມາລີ	1
ບິນໜີ	1
ການເລືອກຕັ້ງທົ່ວໄປ	1
ຕັ້ງແຕ່ແຮກ	1
ລຸນຫລັງ	1
ບ້ານເລກທີ	1
ຊວ້ານ	1
ເຖິງຂນາດ	1
ມົວຫມອງ	1
ອາໂປ	1
ບາຣະມີ	1
ສົ້ງເສື້ອ	1
ລົມຝົນ	1
ຕູ້ໜັງສື	1
ບູ່	1
ກາງຫ້ອງ	1
ຢ່າງໄຮ້	1
ຢາກັດ	1
ຮ້ອຍສ່ວນຮ້ອຍ	1
ກົດກຳມະຖັນ	1
ແກ່ວັດ	1
ລຸດໆ	1
ສົມຍອມ	1
ຖ່ອງ	1
ຄຳປາໃສ	1
ກົວເກງ	1
ຂໍຄວາມກະລຸນາ	1
ລົມຫົວກຸດ	1
ສືບມາ	1
ທົກ	1
ເປັນຂອງແທ້	1
ກໍຈິງ	1
ອີສວນ	1
ຄວາມແມ່ນຢຳ	1
ບໍ່ຖ້ວນ	1
ຮູບແກະ	1
ແຖໜ້າ	1
ອາຫານແລງ	1
ນ້ຳເມົາ	1
ດັບເງິນ	1
ຕັ້ງແຕ່ດົນແລ້ວ	1
ຫໍສົງ	1
ຜັກອີ່ເລີດ	1
ນະວະ	1
ຈະລວດ	1
ສອດສ່ອງ	1
ສະເໝີເໝືອນ	1
ຂາດຄວາມຮັກ	1
ກາເລ	1
ຕື່ມຂຶ້ນ	1
ໝານ້ອຍ	1
ລຳໄລ	1
ຂາອ່ອນ	1
ສະພັກ	1
ຄ້າມ	1
ໄມ້ພື້ນ	1
ຍ່າງໂຊເຊ	1
ສອນສາສນາ	1
ກະຈາດ	1
ຟິວຂາດ	1
ຫມາກຖົ່ວງອກ	1
ການງົດເວັ້ນ	1
ຮຶນ	1
ເປົ່າຫວ່າງ	1
ຣະບົມ	1
ສະຫລຶງ	1
ຂໍ້ນັ້ນ	1
ມົ້ນ	1
ໄປຫຍັງ	1
ແຂວນຄໍ	1
ບົ່ງຕົວ	1
ກິນເຂົ້າຮ່ວມພາ	1
ວ່າພຶ້ນ	1
ຮຽມ	1
ນ້ຳໜ້າ	1
ຂ້າຟັນ	1
ລຸລາບ	1
ມືດຽວ	1
ຝ່າວ	1
ຄົນສົ່ງໜັງສື	1
ແຍກປະເພດ	1
ເປີງ	1
ປ່າດົງພົງໄພ	1
ຕິດປະກາດ	1
ດັ້ນ	1
ທຳມະສະພາ	1
ຄົນລົ້ວ	1
ໂກສີ	1
ກອງກຽດຕິຍົດ	1
ຕ່າງຈິດຕ່າງໃຈ	1
ຄົນລະເຄິ່ງ	1
ຜິດໄປແລ້ວ	1
ລົດດ່ວນ	1
ລີ້ຢູ່	1
ເບິ່ງຊື່ໆ	1
ອະວິຊາ	1
ພ້ອມພຽງກັນ	1
ເສັ້ນສາຍ	1
ໂຈຣະກັມ	1
ໂດຍອະນຸໂລມ	1
ຫລຽວແລ	1
ສຳລີ	1
ເຕັ້ນຂ້າມ	1
ສຽງສັ່ນ	1
ຍູທ່າງ	1
ປະຈົນ	1
ເລືອດຮ້ອນ	1
ກຸລ	1
ພະຍາບາດ	1
ສະບັບກ່ອນ	1
ບອກກ່າວ	1
ຟຸຍ	1
ຖົງເປ້	1
ບັ້ນລົບ	1
ຮີບເຮັດ	1
ສິນຄ້າລັກລອບ	1
ແທ້ງລູກ	1
ເບິ່ງຄັກໆ	1
ວາດສນາ	1
ມື້ຄຳ	1
ປະມູນລາຄາ	1
ເວນກັມ	1
ຕາຂຸ້ນ	1
ຄວາມເສັຽໃຈ	1
ຄົນບາບ	1
ຮ່ອມພູ	1
ທໍລະຍົດ	1
ອາກາສ	1
ຂຶ້ນຝັ່ງ	1
ນີ້ວກາງ	1
ອ້ອມເມືອງ	1
ປີ້ນຄວາມ	1
ມາຫລັງ	1
ວື	1
ຮ່ວມໄມ້ຮ່ວມມື	1
ປັກປັນເຂດແດນ	1
ເພັດນິນ	1
ຢ່ຽວ	1
ຫາເຫດຜົນ	1
ກາງບ້ານ	1
ນວນສີ	1
ລົງທ້ອງຖິ່ນ	1
ສະພາບທົ່ວໄປ	1
ມີ້	1
ເສຶ້ອ	1
ກະຊ້າ	1
ສານຕິ	1
ປັດປ່າຍ	1
ພ່ອງ	1
ສາວົກ	1
ເຮືອນຈຳກາງ	1
ຄົນຂໍທານ	1
ຫມັ້ນສັນຍາ	1
ກົກໄມ້	1
ຊ້າກ່ອນ	1
ນັ່ງພັບແພບ	1
ໂຮເຕັນ	1
ບັນດາສັກ	1
ສະມຸກ	1
ລາຍງານຕົວ	1
ເບົາມື	1
ໂຍຄະ	1
ກົກຂາ	1
ຈັງຫວະຍິງ	1
ຄຶດຝັນ	1
ໄຕ້ໄຟ	1
ຂີ້ອວດ	1
ໂກລາຫົນ	1
ເບີກບານໃຈ	1
ລ້ຽນ	1
ຮຸ່ມ	1
ຖົມເຖ	1
ແຕ່ງກອນ	1
ສົມເດັດພະເຈົ້າ	1
ຫລົດ	1
ກິ່ວ	1
ວັນກ່ອນ	1
ເວັ້ນເສັຽແຕ່	1
ສິຣິມຸງຄຸນ	1
ຕໍ້	1
ຄັ່ງຢູ່	1
ສະທ້ອນແສງ	1
ຕັດແບ່ງ	1
ປູຣະ	1
ເຫລືອໃຊ້	1
ລົດລາງ	1
ເຫມ	1
ຢ່າຈັບ	1
ເອື່ອຽ	1
ບັງໜ້າ	1
ຈັບອົກຈັບໃຈ	1
ຜູ້ມີສິດ	1
ສະຖານີປາຍທາງ	1
ການແຕກຕື່ນ	1
ຕູດ	1
ສົມປາດຖະໜາ	1
ເຄື່ອງໃຊ້ສ່ວນຕົວ	1
ບູລົມ	1
ກຸນລະບຸດ	1
ຄວາມເຫັນແຕກຕ່າງ	1
ສຸງສິງ	1
ຮ່ວມບ້ານ	1
ຄ່າກິນຢູ່	1
ມະເສັງ	1
ປາໝຶກ	1
ຫນິງ	1
ຖ່ອມໂຕ	1
ຢ່ອນຢ້ານ	1
ຄໍຫອຍ	1
ບູຊາຍັນ	1
ບ່າຍເຂົ້າ	1
ນາທ	1
ງູເຫົ່າ	1
ຫມິ່ນ	1
ສັດທັມ	1
ບໍ່ແພ້	1
ແຄ້ງ	1
ສິງຄະໂປ	1
ປົ່ນປີ້	1
ລົ້ວ	1
ຂ້າງນອກ	1
ນາງຂາວ	1
ຜ້າພັນຄໍ	1
ຢາຫລວງ	1
ບໍ່ຫົວຊາ	1
ຊຸ່ຍ	1
ນ້ຳໝາກ	1
ຊ້ອນລົດ	1
ບູຮານນະການ	1
ທີ່ເຊື່ອຖືໄດ້	1
ອຸປະສົມບົດ	1
ເລື່ອນທີ່	1
ມຶ	1
ຂໍຮຽນ	1
ເງືອດ	1
ອຸ່ມໆ	1
ແຜ່ນສຽງ	1
ອອກຫນ້າ	1
ດີດອອກ	1
ຜະລິດຕະຜົນ	1
ໜ່ວງໜ່ຽວ	1
ບູຣະພາ	1
ກາບທູນ	1
ເສົາທຸງ	1
ຈູງມ້າ	1
ຫວນກັບ	1
ຖອຍຄືນ	1
ຊັດເຊ	1
ຕຶກແຫ	1
ແມ່ນ້າ	1
ບາຄານ	1
ອະນຸພົງ	1
ໄຮ້ຍາດຂາດມິດ	1
ຫຸນຫັນ	1
ສ່າງ	1
ຕຳເຂົ້າ	1
ຄຳກອນ	1
ຫ່ອນ	1
ທາງຂວາງ	1
ຢ່າງເລິກແລບ	1
ໃນສຸດທ້າຍ	1
ປາທະ	1
ທວາຍເບິ່ງ	1
ຊາດຄົນ	1
ປູ່ຍ່າ	1
ອອກດອກອອກຜົນ	1
ພ່າຍ	1
ສິງຫາຄົມ	1
ລ້ຽງສົ່ງ	1
ໄມ້ບັນທັດ	1
ໂອກ	1
ຜັກຫອມປ້ອມ	1
ຕ່ຳຕ້ອຍ	1
ແຂງແຮງທີ່ສຸດ	1
ເຮືອໄຟ	1
ສອນໜ້າ	1
ພະມະຫາກະສັດ	1
ຖ່ວງເວລາ	1
ວັນອື່ນ	1
ຝິງ	1
ພຶດຊະຄະນິດ	1
ທີ່ເຊື່ອຖື	1
ກ້ອງຈຸນລະທັດ	1
ເອີມ	1
ກຳພ້າ	1
ສະເດີດ	1
ໂຮງລະຄອນ	1
ໄຂ່ແດງ	1
ບໍ່ພໍທໍ່ໃດ	1
ເລົາຄີງ	1
ໂພຍໄພ	1
ລະມັ່ງ	1
ວັງຫລວງ	1
ອະນຸຊາ	1
ກໍ່ເລື່ອງ	1
ໜ້າເສົ້າ	1
ກ່ຽວຂໍ	1
ຫາຍໃຈເຂົ້າ	1
ຢຳເກງ	1
ສ້ວມຖ່າຍ	1
ຂວາງໜ້າ	1
ພະໄທ	1
ວອດວາຍ	1
ສັນສະກຣິດ	1
ຄຳຕັນ	1
ເຂດເທສະບານ	1
ຜ່ອນສັ້ນຜ່ອນຍາວ	1
ນອນຄວ້ຳ	1
ກົດລະບຽບຂອງພັກ	1
ຊ່າງແສ່ວ	1
ຂຶ້ນມາເທິງ	1
ພົນທະຫານມ້າ	1
ທັງໂຕ	1
ໄປນອກ	1
ເຮືອຈັກ	1
ຜົມສີແດງ	1
ຈຳເຈ	1
ຫຸມແພງ	1
ອະນຸດຕະຣະ	1
ສາຍເລືອດແດງ	1
ສົນເທດ	1
ລຸກແຕ່ເຊົ້າ	1
ສຸຣະ	1
ຣະຈິດ	1
ເຮັດບໍ່ໄຫວ	1
ນັກຟິຊິກ	1
ດັ່ງຄາດ	1
ລະເຫລີງ	1
ເປັນຕາຮັກ	1
ໂໝ້ງ	1
ເຫາະ	1
ພະຜູ້ເປັນເຈົ້າ	1
ຫນຶ້ງ	1
ທຸກຫົນທຸກແຫ່ງ	1
ແມ່ສີ	1
ງົວນ້ອຍ	1
ຫລອກລໍ້	1
ຕາມຄວນ	1
ສຸພາບອ່ອນຫວານ	1
ບໍ່ຫີນ	1
ຫມີ່	1
ແຮງຄົນ	1
ເປັນຕາເຫັນໃຈ	1
ຈຶ້ງ	1
ຫິມມະໄລ	1
ກ້ອນເຂົ້າຈີ່	1
ຈຳນວນພົນລະເມືອງ	1
ຣາຊີ	1
ງວມ	1
ມຸ່ງໄປ	1
ເມືອງເຫວ້	1
ວິຊາຄູ	1
ຕູ້ນ້ຳກ້ອນ	1
ປ່າວເຕືອນ	1
ແສບຮ້ອນ	1
ປະສຸສັດ	1
ສູນສ້ຽງ	1
ນ້ອງຍິງ	1
ຈຳນົນ	1
ໃສ່ກະແຈ	1
ຊົມຊື່ນຍິນດີ	1
ທະນົງອົງອາດ	1
ກັນນໍ້າ	1
ກັມມະສິນ	1
ບໍ່ໄວ້ໃຈ	1
ຍ້ອນເຈົ້າ	1
ສ້າງໂລກ	1
ສ່ວນໃດສ່ວນນຶ່ງ	1
ຫມາກຍໍ	1
ຍຸຍົງສົ່ງເສີມ	1
ເຄື່ອງໄມ້ເຄື່ອງມື	1
ຖ່າຍແບບ	1
ລິ່ນ	1
ບຸນນິທິ	1
