Twelve tribes of Israel	<h2 id="section">@ສິບສອງຕະກຸນຂອງຊົນຊາດອິດສະຣາເອນ</h2><h3 id="section-1">ນິຍາມ</h3><p>ຄຳວ່າ “ສິບສອງຕະກຸນຂອງຊົນຊາດອິດສະຣາເອນ” ໝາຍເຖິງລູກຊາຍທັງສິບສອງຄົນຂອງຢາໂຄບ ແລະຜູ້ສືບເຊື້ອສາຍຂອງພວກເຂົາ.</p><ul><li>ຢາໂຄບມີປູ່ຊື່ອັບຣາຮາມວ່າ. ຫລັງຈາກນັ້ນພຣະເຈົ້າກໍໄດ້ປ່ຽນຊື່ຢາໂຄບໃຫ້ເປັນອິດສະຣາເອນ.</li><li>ນີ້ຄືລາຍຊື່ຂອງທັງສິບສອງຕະກຸນ: ຣູເບັນ, ຊີເມໂອນ, ເລວີ, ດານ, ເນັບທາລີ, ກາດ, ອາເຊ, ອິດຊະຄາ, ເຊບູໂລນ, ໂຢເຊັບ, ແລະ ເບັນຢາມິນ.</li><li>ຜູ້ສືບເຊື້ອສາຍຂອງເລວີ ບໍ່ໄດ້ຄອບຄອງມໍລະດົກທີ່ດິນຢູ່ໃນດິນແດນການາອານ ເພາະວ່າພວກເຂົາເປັນຕະກູນຂອງປະໂລຫິດ ເຊິ່ງເປັນຜູ້ທີ່ຖືກແຕ່ງຕັ້ງໃຫ້ເປັນຜູ້ຮັບໃຊ້ພຣະເຈົ້າ ແລະປະຊາຊົນຂອງພຣະອົງ.</li><li>ໂຢເຊັບໄດ້ຮັບມໍລະດົກທີ່ດິນເປັນສອງເທົ່າ ເຊິ່ງໂຢເຊັບໄດ້ມອບໃຫ້ລູກຊາຍທັງສອງຂອງຕົນທີ່ມີຊື່ວ່າ: ເອຟຣາອິມ ແລະມານາເຊ.</li><li>ພຣະຄຳພີໄດ້ກ່າວເຖິງທັງສິບສອງຕະກຸນນີ້ຢູ່ຫລາຍຄັ້ງ ແລະບາງຄັ້ງກໍໄດ້ມີຂໍ້ມູນທີ່ແຕກຕ່າງ ເຊັ່ນວ່າ ບາງຄັ້ງຕະກູນເລວີ, ຕະກູນໂຢເຊັບ, ແລະ ຕະກູນດານ ບໍ່ໄດ້ຖືກກ່າວເຖິງ ແຕ່ວ່າບາງຄັ້ງກໍມີການເພີ່ມຊື່ຂອງລູກຊາຍທັງສອງຄົນຂອງໂຢເຊັບກໍຄື ເອຟຣາອິມ ແລະມານາເຊ ເຂົ້າມາໃນລາຍຊື່ແທນ.</li></ul>  
aaron	<h2 id="section">@ອາໂຣນ</h2><h3 id="section-1">ຂໍ້ເທັດຈິງ</h3><p>ອາໂຣນເປັນອ້າຍກົກຂອງໂມເຊ ເຊິ່ງພຣະເຈົ້າໄດ້ເລືອກອາໂຣນໃຫ້ເປັນມະຫາປະໂລຫິດຄົນທຳອິດຂອງຊົນຊາດອິສະຣາເອນ.</p><ul><li>ອາໂຣນໄດ້ຊ່ອຍໂມເຊເວົ້າກັບກະສັດຟາໂຣ ເພື່ອໃຫ້ປົດປ່ອຍຊົນຊາດອິສະຣາເອນໃຫ້ໄປເປັນອິດສະຫຼະ.</li><li>ໃນຂະນະທີ່ຊົນຊາດອິສະຣາເອນກຳລັງເດີນທາງໃນເຂດທຸລະກັນດານນັ້ນ ອາໂຣນໄດ້ເຮັດຜິດບາບໂດຍການສ້າງຮູບເຄົາລົບໃຫ້ປະຊາຊົນກາບໄຫວ້ບູຊາ.</li><li>ພຣະເຈົ້າໄດ້ແຕ່ງຕັ້ງໃຫ້ອາໂຣນ ແລະລູກຫລານຂອງເພິ່ນໃຫ້ເປັນມະຫາປະໂລຫິດສຳລັບຊົນຊາດອິສະຣາເອນ.</li></ul>  
abel	<h2 id="section">@ອາເບັນ</h2><h3 id="section-1">ຂໍ້ເທັດຈິງ</h3><p>ອາເບັນເປັນລູກຊາຍຜູ້ທີສອງຂອງອາດາມ ແລະເອວາ. ອາເບັນເປັນນ້ອງຊາຍຂອງກາອິນ.</p><ul><li>ອາເບັນເປັນຄົນລ້ຽງສັດ.</li><li>ອາເບັນນຳເອົາສັດຂອງຕົນບາງສ່ວນໄປເປັນເຄື່ອງເຜົາບູຊາແກ່ພຣະເຈົ້າ.</li><li>ພຣະເຈົ້າຊົງພໍພຣະທັຍໃນຕົວຂອງອາເບັນ ແລະເຄື່ອງເຜົາຖວາຍບູຊາຂອງເພິ່ນ.</li><li>ກາອິນຜູ້ທີ່ເປັນລູກຊາຍກົກຂອງອາດາມ ແລະເອວາ ເປັນຄົນຂ້າອາເບັນ.</li></ul>  
abiathar	<h2 id="section">@ອາ​ບີ​ອາ​ທາ</h2><h3 id="section-1">ຂໍ້ເທັດຈິງ</h3><p>​ໃນ​ສ​ະໄຫມ​ຂອງ​ກະ​ສັດ​ດາ​ວິດ ອາ​ບີອາ​ທາ​ໄດ້​ເປັນ​ມະ​ຫາ​ປະ​ໂລ​ຫິດຂອງ​ຊົນ​ຊາດ ອິ​ສະ​ຣາ​ເອນ.</p><ul><li>ເມື່ອ​ກະ​ສັດ​ໂຊນ​ຂ້າ​ພວກ​ປະ​ໂລ​ຫິດ,​ ອາ​ບີ​ອາທາໄດ້​ຫລົບ​ໜີ​ໄປ​ຫາ​ດາ​ວິດ​ໃນ​ຖິ່ນ​ທຸ​ລະ​ກັນ​ດານ.</li><li>ອາ​ບີ​ອາ​ທາ​ແລະ​ມະ​ຫາ​ປະ​ໂລ​ຫິດ​ອີກ​ຜູ້​ນຶ່ງ​ຊື່​ຊາ​​​ດົກໄດ້​ຮັບ​ໃຊ້​ດາ​ວິດ​ຢ່າງ​ສັດ​ຊື່​ຕະຫ​ລອດ​ຣາ​ຊການ​ຂອງ​ດາ​ວິດ.</li><li>ຫລັງ​ຈາກ​ດາ​ວິດ​ສິ້ນ​ພຣະ​ຊົນ ອາ​ບີ​ອາ​ທາ​ໄດ້​ພະ​ຍາ​ຍາມ​ສ​ນັບ​ສ​ນູນ​ອາ​ໂດ​ນີ​ຢາ​ຂື້​ນ​ເປັນ​ກະ​ສັດ​ແທນ​ທີ່​ຈະ​ແມ່ນໂ​ຊໂລ​ໂມນ.</li><li>ດ້ວຍ​ເຫດນີ້ ກະ​ສັດ​ໂຊ​ໂລ​ໂມນ​ຈຶ່ງ​ໄດ້​ປົດ​ອາ​ບີ​ອາ​ທາ​ອອກ​ຈາກກ​ານ​ເປັນ​ປະ​ໂລ​ຫິດ.</li></ul><p>(ເບິ່ງເພີ້ມເຕີມ: <a href="https://bibleineverylanguage.org/resources/languages/lo?resource-type=tw#zadok" data-section="names" data-hash="zadok" data-crossref="true">Zadok</a> · <a href="https://bibleineverylanguage.org/resources/languages/lo?resource-type=tw#saul" data-section="names" data-hash="saul" data-crossref="true">Saul (OT)</a> · <a href="https://bibleineverylanguage.org/resources/languages/lo?resource-type=tw#david" data-section="names" data-hash="david" data-crossref="true">David</a> · <a href="https://bibleineverylanguage.org/resources/languages/lo?resource-type=tw#solomon" data-section="names" data-hash="solomon" data-crossref="true">Solomon</a> · <a href="https://bibleineverylanguage.org/resources/languages/lo?resource-type=tw#adonijah" data-section="names" data-hash="adonijah" data-crossref="true">Adonijah</a>)</p>  
abijah	<h2 id="section">@​ອາ​ບີ​ຢາ</h2><h3 id="section-1">ຂໍ້ເທັດຈິງ</h3><p>​ອາ​ບີ​ຢາ​ເປັນ​ຊື່​ຂອງ​ກະ​ສ​ັດ​ອົງ​ນຶ່ງ​ຂອງ​ຢູ​ດາ ຊຶ່ງ​ຜູ້​ປົກ​ຄອງ​ຕັ້ງ​ແຕ່​ປີ 915-913 ກ​ຄ​ສ. ພຣະ​ອົງ​ເປັນ​ລູກຊາຍ​ຄົນ​ດຽວ​ຂອງ​ກະ​ສັດ​ເຮ​ໂຫ​ໂບ​ອາມ ໃນ​ພັນ​ທະ​ສ​ັນ​ຍາ​ເດີມ​ມີ​ຜູ້​ຊາຍ​ອີກ​ຫລາຍ​ຄົນ​ທີ່​ມີ​ຊື່​ວ່າ​ ອາ​ບີ​ຢາ.</p><ul><li>ບຸດ​ຊາຍ​ຂອງ​ຊາ​ມູ​ເອນ ຊື່​ອາ​ບີ​ຢາ​ແລະ​ໂຢ​ເອນ ໄດ້​ເປັນ​ຜູ້​ນຳ​ປະ​ຊາ​ຊົນ​ອິ​ສະ​ຣາ​ເອນ​ທີ່​ເບ​ດ​ເຊ​ບາ. ແຕ່​ເພາະ​ອາ​ບີ​ຢາ​ແລະ​ນ້ອງ​ຂອງ​ເຂົາ​ບໍ່​ສັດ​ຊື່​ແລະ​ຮັບ​ສິນ​ບົນ, ປະ​ຊາ​ຊົນ​ຈຶ່ງ​ໄດ້​ຮ້ອງ​ຂໍ​ໃຫ້ ຊາ​ມູ​ເອນ​ແຕ່ງ​ຕັ້ງ​ກະ​ສັດ​ໃຫ້​ເປັນ​ຜູ້​ປົກ​ຄອງ​ພວກເຂົາ.</li><li>ປະ​ໂລ​ຫິດ​ຄົນ​ໜຶ່ງ​ຂອງ​ພຣະ​ວິ​ຫານ​ ໃນສະ​ໄຫມ​ກະ​ສັດດາ​ວິດຊື່​ອາ​ບີ​ຢາ.</li><li>ອາ​ບີ​ຢາ​ເປັນ​ຊື່​ຂອງ​ລູກຊາຍ​ຜູ່້ໜຶ່ງ​ຂອງ​ກະ​ສັດ​ເຢ​ໂຮ​ໂບ​ອາມ.</li><li>ອາ​ບີ​ຢາ​ເປັນ​ຊື່​ຂອງ​ຫົ​ວ​ໜ້າ​ປະ​ໂລ​ຫິດ​ຜູ້​ທີ່​ກັບ​ຈາກ​ການ​ເປັນ​ຊະ​ເລີຍ​ຂອງ​ຊາວ​ບາບີ​ໂລນມາ​ຍັງ​ກຸງ​ເຢ​ຣູ​ຊາ​ເລັມ​ພ້ອມ​ກັບ​ເ​ຊ​ຣູ​​ບາ​ເບນ.</li></ul>  
abimelech	<h2 id="section">@​ອາ​ບີ​ເມ​ເຫລັກ</h2><h3 id="section-1">ຂໍ້ເທັດຈິງ</h3><p>ອາ​ບີ​ເມ​ເຫລັກ ​ເປັນ​ກະ​ສັດ​ຂອງ​ຟີ​ລິດ​ສະ​ຕິນ​ທີ່​ປົກ​ຄອງ​ຢູ່​ເມືອງ​ເກ​ຣາ​ໃນ​ຂະ​ນະ​ທີ່​ ອັບ​ຣາ​ຮາມ ​ແລະ​ ອີ​ຊາກ ​ອາ​ໃສ​ຢູ່​ແຜ່ນ​ດິນ​ກາ​ນາ​ອານ.</p><ul><li>ອັບ​ຣາ​ຮາມ ​ໄດ້​ຕົວະ​ກະ​ສັດອາ​ບີ​ເມ​ເຫລັກ​ວ່າ​ນາງ​ຊາ​ຣາ​ເປັນ​ນ້ອງ​ສາວ​ຂອງ​ເພິ່ນ​ແທນ​ທີ່​ຈະ​ບອກວ່າ​ເປັນ​ເມຍ​.</li><li>ອັບ​ຣາ​ຮາມ​ແລະ​ອາ​ບີ​ເມ​ເຫລັກ​ໄດ້​ເຮັດ​ຂໍ້​ຕົກ​ລັງ​ກັນ​ເ​ລື້ອງ​ສິດ​ການ​ເປັນ​ເຈົ້າ​ຂອງ​ນ້ຳ​ສ້າງ​ທີ່​ເບ​ເອນ​ເຊ​ບາ.</li><li>ຫລາຍ​ປີ​ຕໍ່​ມາ, ອີ​ຊາກ​ກໍ​ໄດ້​ຕົວະ​ອາ​ບີ​ເມ​ເຫລັກ​ແລະ​ຜູ້​ຊາຍ​ທັງ​ຫລາຍ​ໃນ​ເມືອງ​ເກ​ຣາ​ວ່າ​ນາງ​ເຣ​ເບ​ກາ​ເປັນ​ນ້ອງ​ສາວ, ​​ບໍ່​ແມ່ນ​ເມຍ.</li><li>ກະ​ສັດ​ອາ​ບີ​ເມ​ເຫລັກ​ໄດ້​ຕຳ​ນິ​ອັບ​ຣາ​ຮາມ ແລະ​ອີ​ຊາກ​ໃນ​ເລື້ອງ​ການ​ຕົວະ​ເພິ່ນ.</li><li>ລູກ​ຊາຍ​ຜູ້​ໜຶ່ງ​ຂອງ​ກິ​ເດ​ໂອນ​ມີ​ຊື່​ວ່າ​ອາ​ບີ​ເມ​ເຫລັກ​ແລະ​ລາວ​ເປັນ​ອ້າຍ​ຂອງ​ໂຢ​ທາມ. ພ​ຣະ​ຄັມ​ພີ​ບາງ​ສະ​ບັບ​ອາດ​ຈະ​ສະ​ກົດ​ຊື່​ຂອງ​ເຂົາ​ແຕກ​ຕ່າງ​ກັນ​ເລັກ​ນ້ອຍ​ເພື່ອ​ເຮັດ​ໃຫ້​ແຕກ​ຕ່າງ​ຈາກ​ຊື່​ກະ​ສັດ​ອາ​ບີ​ເມ​ເຫລັກ.</li></ul>  
abner	<h2 id="section">@ອັບ​ເນ</h2><h3 id="section-1">ຂໍ້ເທັດຈິງ</h3><p>​ໃນ​ພຣະ​ສັນ​ຍາ​ເດີມ ອັບ​ເນ ​​ເປັນ​ລູ​ກ​ອ້າຍ​ລູກ​ນ້ອງ​​ຂອງ​ກະ​ສັດ​ໂຊນ.</p><ul><li>ອັບ​ເນ​ເປັນ​ຜູ້​ບັນ​ຊາ​ການກອງ​ທະ​ຫານ​ຂອງ​ໂຊນ​, ແລະ​ໄດ້ພາ​ເດ​ັກ​ໜຸ່ມດາ​ວິດ​ໄປ​ເຂົ້າ​ເຝົ້າໂຊນຫລັງ​ຈາກ​ທີ່​ດາ​ວິດ​ໄດ້​ຂ້າ​ຍັກ​ໃຫ່​ຍ ໂກ​ລິອ​າດ.</li><li>ຫລັງ​ຈາກ​ທີ່​ກະ​ສັດ​ໂຊນ​ເສຍ​ຊີ​ວິດ, ອັບ​ເນ​ໄດ້​ແຕ່ງ​ຕັ້ງ​ອິ​​ດະ​ໂບ​ເສັດ​ລູກ​ຊາຍ​ຂອງ​ໂຊນ​ຂື້ນເປັນ​​ກະ​ສັດ​ຂອງ​ອິ​ສ​ະ​ຣາເອນ​ໃນ​ຂະ​ນະ​ທີ່​ດາ​ວິດ​ໄດ້​ຮັບ​ການ​ແຕ່ງ​ໃຫ້​ເປັນ​ກະ​ສັດ​ຂອງ​ຢູ​ດາ.</li><li>ພາຍ​ຫລັງ​ມາ, ໂຢອາບ​ຊຶ່ງ​ເປັນ​ຜູ້​ບັນ​ຊາ​ການ​ທະ​ຫານ​ຂອງ​ດາ​ວິດ​ໄດ້​ວາງ​ແຜນ​ຂ້າ​ອັບ​ເນ.</li></ul>  
abomination	<h2 id="section">@​​ຫນ້າລັງກຽດ, @ຫນ້າກຽດຫນ້າຊັງ</h2><h3 id="section-1">ນິຍາມ</h3><p>​ຄຳ​ວ່າ "​​ຫນ້າລັງກຽດ" ໃຊ້​ກ່າວ​ເຖິງ​ບາງ​ສິ່ງ​ທີ່​ເຮັດ​ໃຫ້​ໜ້າ​ກຽດ ຫລືບໍ່​ເ​ຫັນຊອບ​ທີ່​ສຸດ.</p><ul><li>ຄົນ​ອີຢິບຖື​ວ່າ​ຄົນ​ເຮັບ​ເຣີ "ຫນ້າລັງກຽດ" ນີ້​ຄື​ໝາຍ​ຄວາມ​ວ່າ​ຄົນ​ອີ​ຢິບບໍ່​ມັກ​ຄົນ​ເຮັບ​ເຣີ ແລະ​ບໍ່​ຕ້ອງ​ການ​ຄົບ​ຄ້າ​ສາມ​ະຄົມຫລື​ຢູ່​ໃກ້ໆ​ພວກ​ເຂົາ.</li><li>ບາງ​ສິ່ງ​ທີ່​ພ​ຣະ​ຄັມ​ພີ​ເວົ້າ​ວ່າ "ສິ່ງ​ທີ່ຫນ້າລັງກຽດ​ຕໍ່​ພ​ຣະ​ເຈົ້າ" ລວມ​ເຖິງ ການ​ຕົ​ວະ, ການອວດ​ຕົວ,ການ​ຖວາຍ​ມະ​ນຸດ​ເປັນ​ເຄື່ອງ​ບູ​ຊາ, ການ​ລ່ວງ​ປະ​ເວ​ນີ​ແລະ​ການ​ຮັກຄົນ​ເພດດຽວ​ກັນ.</li><li>ໃ​ນ​ການ​ສອນ​ເລຶ້ອງ​ຍຸກ​ສຸດ​ທ້າຍ, ບັນ​ດາ​ສາ​ວົກ​ຂອງ​ພ​ຣະ​ເຢ​ຊູ​ໄ​ດ້​ອ້າງ​ເຖິງ​ຄຳ​ພະ​ຍາ​ກອນ​ຂອງ​ຜູ້​ປະ​ກາດ​ພ​ຣະຄັມ ດາ​ນິ​ເອນ​ກ່ຽວ​ກັບສິ່ງ "​ຫນ້າລັງກຽດອັນໜ້າ​ຢ້ານ" ທີ່​ຈະ​ຖືກກໍ່​ຕັ້ງ​ຂຶ້ນ ຊຶ່ງ​ເປັນ​​ເໝືອນ​ການ​ກະ​ບົດ​ຕໍ່ ​ພ​ຣະ​ເຈົ້າ, ທັງເຮັດໃຫ້​ບ່ອນ​ນະ​ມັດ​ສະການ​ຂອງ​ພ​ຣະ​ອົງ​ເປັນ​ມົ​ນທິນ.</li></ul><h3 id="section-2">ຄຳ​ແນະ​ນຳ​ໃນ​ການ​ແປ</h3><p>ຄຳ​ວ່າ "ຫນ້າລັງກຽດ" ສາ​ມາດ​ແປ​ໄດ້​ອີກວ່າ "ບາງ​ສິ່ງ​ທີ່​ພ​ຣະ​ເຈົ້າ​ກຽດ​ຊັງ" ຫລື "ບາງ​ສິ່ງ​ທີ່​ໜ້າ​ລັງ​ກຽດ" ຫລື "​ການ​ກະ​ທຳ​ທີ່​ໜ້າ​ລັງ​ກຽດ" ຫລື​"ຊົ່ວຮ້າຍ​ທີ່​ສຸດ."</p><ul><li>ອີງ​ຕາມ​ເນື້ອ​ຫາ​ນີ້​ອາ​ດຈະ​ແປ​ວ່າ "ຫນ້າລັງກຽດ​ຕໍ່" ອາດ​ຈະ​ລວມ​ເຖິງ "ໜ້າ​ກຽດ​ທີ່​ສຸດ" ຫລື "ໜ້າ​ກຽດ​ຕໍ່" ຫລື "ເປັນ​ສິ່ງ​ທີ່​ຮັບ​ບໍ່​ໄດ້​" ຫລື "ເຮັດ​ໃຫ້​ໜ້າ​​ກຽດ​ຊັງ​ທີ່​ສຸດ."</li><li>ຈາກ​ເນື້ອ​ຫານີ້ "ຫນັາລັງກຽດ​ອັນ​ໜ້າ​ຢ້ານ" ອາດ​ຈະ​ແປ​ໄດ້​ອີກວ່າ "ສິ່ງ​ທີ່​ເປັນ​ມົນ​ທິນ​ທີ່​ຈະເຮັດ​ໃຫ້​ປະ​ຊາ​ຊົນ​ໄດ້​ຮັບ​ອັນ​ຕະ​ລາຍ​ຢ່າງ​ຮ້າຍ ແຮງ" ຫລື "ສິ່ງ​ທີ່​ໜ້າ​ກຽດ​ທີ່​ເຮັດ​ໃຫ້​ເກີດ​ຄວາມ​ໂສກ​ເສົ້າ​ຢ່າງ​ຫລວງຫລາຍ."</li></ul>  
abraham	<h2 id="section">@ອັບ​ຣາ​ຮາມ, @ອັບ​ຣາມ</h2><h3 id="section-1">ຂໍ້ເທັດຈິງ</h3><p>ອັບຣາມເປັນຄົນເຄລະດຽນມາຈາກເມືອງອຸເຣ ເປັນຜູ້ໄດ້ຮັບການຊົງເລືອກຈາກພຣະເຈົ້າໃຫ້ເປັນບັນພະບຸລຸດຂອງຄົນອິສະຣາເອນ. ພຣະເຈົ້າຊົງໄດ້ປ່ຽນຊື່ຂອງທ່ານເປັນ "ອັບຣາຮາມ."</p><ul><li>ຊື່ "ອັບຣາມ" ໝາຍຄວາມວ່າ "ພໍ່ທີ່ໄດ້ຮັບການຍົກຍ້ອງ"</li><li>"ອັບຣາຮາມ" ໝາຍຄວາມວ່າ "ພໍ່ຂອງຄົນທັງຫຼາຍ."</li><li>ພຣະເຈົ້າຊົງໄດ້ສັນຍາກັບຮັບຣາຮາມວ່າ ທ່ານຈະມີເຊື້ອສາຍຫລວງຫລາຍ, ຊຶ່ງພວກທ່ານທັງຫຼາຍຈະກາຍເປັນຊົນຊາດໃຫຍ່.</li><li>ອັບຣາຮາມເຊື່ອໃນພຣະເຈົ້າແລະເຊື່ອຟັງພຣະອົງ. ພຣະເຈົ້າຊົງໄດ້ນຳອັບຣາຮາມໃຫ້ຍ້າຍອອກຈາກຖິ່ນຂອງຄົນເຊັນເດຍໄປຢັງແຜ່ນດິນການາອານ.</li><li>ໃນຂະນະທີ່ອາໃສຢູ່ໃນແຜ່ນດິນການາອານ, ເມື່ອພວກທ່ານເຖົ້າແກ່ຫລາຍແລ້ວ, ອັບຣາຮາມແລະນາງຊາຣາພັນລະຍາຂອງທ່ານກໍໄດ້ມີບຸດຊາຍຄົນໜຶ່ງຊື່ ອິຊາກ.</li></ul>  
absalom	<h2 id="section">@ອັບ​ຊາ​ໂລມ</h2><h3 id="section-1">ຂໍ້ເທັດຈິງ</h3><p>ອັບຊາໂລມເປັນລູກຊາຍທີ່ສາມຂອງກະສັດດາວິດ. ທ່ານໄດ້ຊື່ວ່າເປັນຄົນຮູບງາມແລະເຈົ້າອາລົມ.</p><ul><li>ເມື່ອ ຕາມາ ນ້ອງສາວຂອງອັບຊາໂລມຖືກຂົ່ມຂືນໂດຍອຳໂນນຊຶ່ງເປັນພີ່ນ້ອງຕ່າງແມ່, ອັບຊາໂລມໄດ້ວາງແຜນຂ້າອຳໂນນ.</li><li>ຫຼັງຈາກທີ່ຂ້າ​ອຳໂນນແລ້ວ ອັບຊາໂລມໄດ້ໜີໄປຢັງແຄວ້ນຂອງຄົນເກຊູ (ຊຶ່ງ ມາອາຄາ ແມ່ຂອງທ່ານມາຈາກນັ້ນ) ແລະຢູ່ບ່ອນນັ້ນສາມປີ. ແລ້ວກະສັດດາວິດຊົງໄດ້ບອກໃຫ້ທ່ານກັບມາຍັງກຸງເຢຣູຊາເລັມ, ແຕ່ຊົງບໍ່ອະນຸຍາດໃຫ້ເຂົ້າເຝົ້າເປັນເວລາສອງປີ.</li><li>ອັບຊາໂລມໄດ້ຊັກຊວນປະຊາຊົນບາງສ່ວນໃຫ້ຕໍ່ຕ້ານກະສັດດາວິດແລະກະບົດຕໍ່ພະອົງ.</li><li>ທະຫານຂອງດາວິດໄດ້ຕໍ່ສູ້ກັບອັບຊາໂລມແລະໄດ້ຂ້າທ່ານເສຍ ດາວິດເສຍໃຈເປັນຢ່າງຫນັກຕໍ່ເຫດການນີ້.</li></ul>  
abyss	<h2 id="section">@ອະ​ເວ​ຈີ</h2><h3 id="section-1">ນິຍາມ</h3><p>ຄຳວ່າ "ອະເວຈີ" ໝາຍເຖິງຂຸມທີ່ກວ້າງ,ເລິກຫລາຍ ຫລືເຫວເລິກທີ່ບໍ່ມີກົ້ນເຫວ.</p><ul><li>ໃນພະຄັມພີ, ຄຳວ່າ "ອະເວຈີ" ຄືສະຖານທີ່ແຫ່ງການລົງໂທດ.</li><li>ຕົວຢ່າງເຊັ່ນ, ເມື່ອພຣະເຢຊູຊົງສັ່ງໃຫ້ເຫລົ່າວິນຍານຊົ່ວໃຫ້ອອກຈາກຜູ້ຊາຍຄົນໜຶ່ງ, ພວກມັນໄດ້ຂໍຮ້ອງພຣະອົງວ່າຢ່າສົ່ງພວກມັນໄປຍັງອະເວຈີເ​ລີຍ.</li><li>ຄຳວ່າ "ອະເວຈີ" ອາດແປໄດ້ອີກວ່າ "ຂຸມທີ່ບໍ່ມີກົ້ນ" ຫລື "ເຫວເຫລິກ"</li><li>ຄຳນີ້ຄວນໃຊ້ຄຳແປທີ່ຕ່າງໄປຈາກຄຳວ່າ "hades," "sheol," ຫລື "hell."</li></ul>  
acacia	<h2 id="section">@ອາ​ຄາ​ເຊຍ @( @ກະຖິນເທດ@ )</h2><h3 id="section-1">ນິຍາມ</h3><p>ຄຳວ່າ "ອາຄາເຊຍ" ເປັນຊື່ຂອງໄມ້ພຸ່ມຫລືຕົ້ນໄມ້ທີ່ຂຶ້ນໃນແຜ່ນດິນການາອານໃນສະໄໝບູຮານ; ແຕ່ກໍຍັງມີຢູ່ຫລວງຫລາຍໃນພື້ນທີ່ນັ້ນໃນທຸກມື້ນີ້.</p><ul><li>ໄມ້ສີສົ້ມປະສົມນ້ຳຕານຈາກ​ຕົ້ນ​ອາ​ຄາ​ເຊຍເປັນໄມ້ທີ່ແຂງແລະທົນທານ, ເປັນວັດຖຸທີ່ໃຊ້ປະໂຫຍດໃນການກໍ່ສ້າງສິ່ງຕ່າງໆ.</li><li>ໄມ້ອາ​ຄາ​ເຊຍ ຫລື​ໄມ້​ກະ​ຖິນ​ເທດນີ້​ທົນ​ຕໍ່​ຄວາມ​ດອກ ຜຸຜ່ອຍ ເພາະວ່າ​ເນື້ອໄມ້ມີຄວາມຫນາແຫນ້ນສູງປ້ອງກັນການຊຶມຂອງນ້ຳ, ແລະມີນ້ຳຢາທຳມະຊາດທີ່ປ້ອງກັນບໍ່ໃຫ້ແມງມາເຈາະທຳລາຍ.</li><li>ໃນພ​ຣະຄັມພີ, ໄມ້ກະ​ຖິນ​ເທດຈະຖືກໃຊ້ໃນການສ້າງຫໍ​ເຕັນແລະຫີບພັນ​ທະສັນຍາ.</li></ul>  
accuse	<h2 id="section">@ກ່າວ​ຫາ, @ຂໍ້​ຫາ, @ຜູ້​ກ່າວ​ຫາ</h2><h3 id="section-1">ນິຍາມ</h3><p>ຄຳວ່າ "ກ່າວຫາ" ແລະ "ຂໍ້ຫາ" ໝາຍເຖິງການ​ກ່າວ​ໂທດ​ຄົນອື່ນໃນການເຮັດສິ່ງຜິດ. ບຸກຄົນທີ່ກ່າວຫາຄົນອື່ນຄື "ຜູ້ກ່າວຫາ."</p><ul><li>ການກ່າວຫາບໍ່ຖືກ ຄືການກ່າວຫາບາງຄົນໂດຍບໍ່ເປັນຄວາມຈິງ, ເຊັ່ນເວ​ລາທີ່ພ​ຣະເຢຊູຖືກ​ກ່າວຫາແບບ​ຜິດ​ວ່າໄດ້ກະທຳຄວາມຜິດໂດຍພວກຜູ້ນຳຄົນຢິວ.</li><li>​ໃນ​ປື້ມພຣະຄັມພີ ​ພຣ​ະ​ນີ​ມິດ​ຂອງພັນທະສັນຍາໃໝ່, ຊາຕານຖືກເອີ້ນວ່າ "ຜູ້ກ່າວຫາ."</li></ul>  
acknowledge	<h2 id="section">@ຍອມຮັບ</h2><h3 id="section-1">ນິຍາມ</h3><p>ຄຳວ່າ"ຍອມຮັບ" ໝາຍຄວາມເຖິງການຍອມຮັບບາງສິ່ງຫຼືບາງຄົນຢ່າງເໝາະສົມ.</p><ul><li>ການຍອມຮັບພຣະເຈົ້າກ່ຽວຂ້ອງກັບການກະທຳທີ່ສະແດງວ່າສິ່ງທີ່ພຣະອົງກ່າວນັ້ນເປັນຄວາມຈິງ.</li><li>ຄົນທີ່ຍອມຮັບພຣະເຈົ້າຈະສະແດງອອກໂດຍການເຊື່ອຟັງພຣະອົງ ຊຶ່ງເປັນການຖວາຍກຽດແດ່ພຣະນາມຂອງພຣະອົງ.</li><li>ການຍອມຮັບບາງສິ່ງໝາຍເຖິງຄວາມສັດທາວ່າສິ່ງນັ້ນຈິງໂດຍການຢືນຢັນດ້ວຍການກະທຳແລະຄຳເວົ້າ.</li></ul><h3 id="section-2">ຂໍ້ແນະນຳໃນການແປ</h3><ul><li>ໃນບໍຣິບົດຂອງການຍອມຮັບວ່າບາງສິ່ງນັ້ນຈິງ "ການຍອມຮັບ" ສາມາດແປໄດ້ອີກຢ່າງວ່າ "ຮັບຮອງ" ຫຼື "ປະກາດໃຫ້ຊາບ"ຫຼື "ສາລະພາບວ່າເປັນຈິງ" ຫຼື "ສັດທາ."</li><li>ເມື່ອເວົ້າເຖິງການຍອມຮັບບຸກຄົນໃດບຸກຄົນໜຶ່ງ ຄຳນີ້ອາດແປໄດ້ອີກວ່າ "ຮັບ" ຫຼື "ເຫັນຄຸນຄ່າຂອງ" ຫຼື "ບອກເລື້ອງນັ້ນໃຫ້ຄົນອື່ນໆ.</li></ul>  
acquit	<h2 id="section">@​ປ່ອຍ​ຕົວ</h2><h3 id="section-1">ນິຍາມ</h3><p>ຄຳວ່າ "ປ່ອຍຕົວ" ໝາຍຄວາມເຖິງການປະກາດຢ່າງເປັນທາງການວ່າ​ຄົນນັ້ນບໍ່ມີຄວາມຜິດຕາມກົດຫມາຍ ຫລື ປະພຶດຜິດສິລະທັມຕາມທີ່ທ່ານຖືກກ່າວຫາ.</p><ul><li>ບາງເທື່ອຄຳນີ້ຖືກໃຊ້ໃນຄັມພີເມື່ອເວົ້າເຖິງເລື້ອງການອະພັຍໂທດຄົນບາບທັງຫຼາຍ.</li><li>ໃນເນື້ອ​ຫາຈະເປັນເລື້ອງຄວາມຜິດພາດໃນການ​ປ່ອຍບຸກຄົນຜູ້ຊຶ່ງ​ເຮັດຊົ່ວຮ້າຍແລະກະບົດຕໍ່ພ​ຣະເຈົ້າ.</li><li>ສາມາດແປໄດ້ອີກວ່າ "ປະກາດວ່າບໍຣິສຸດ" ຫລື "ຕັດສິນວ່າບໍ່ມີຄວາມຜິດ."</li></ul>  
adam	<h2 id="section">@ອາ​ດາມ</h2><h3 id="section-1">ຂໍ້ເທັດຈິງ</h3><p>ອາ​ດາມ​ເປັນ​ຄົນ​ທຳ​ອິດ​ທີ່​ພ​ຣະ​ເຈົ້າ​ໄດ້​ຊົງ​ສ້າງ. ລາວ​ແລະ​ເອ​ວາ​ຜູ້​ເປັນ​ເມຍຖືກ​ສ້າງ​ຕາມ​ພ​ຣະ​ລັກສະນະ​ຂອງ​ພ​ຣະ​ເຈົ້າ.</p><ul><li>ພ​ຣະ​ເຈົ້າ​ຊົງ​ສ້າງ​ອາ​ດາມ​ຂື້ນ​ມາ​ຈາກ​ດິນ​ແລ້ວ​ເປົ່າ​ລົມ​ຫາຍ​ໃຈ​ເຂົ້າ​ໄປ​ໃນ​ລາວ​ເພື່ອ​ໃຫ້​ມີ​ຊີ​ວິດ.</li><li>ຊື່​ອາ​ດາມ​ຄື​ກັບ​ຄຳ​ໃນ​ພາ​ສາ​ເຮັບ​ເຣິ​ທີ່​ແປ​ວ່າ "ດິນ​ແດງ" ຫລື "ພື້ນ​ດິນ."</li><li>ຄຳ​ວ່າ "ອາ​ດາມ" ເປັນ​ຄຳ​ດຽວ​ກັບ​ຄຳ​ໃນ​ພັນ​ທະ​ສັນ​ຍາ​ເດີມ​ທີ່​ໃຊ້​ເອີ້ນ "ມະ​ນຸດ​ຊາດ" ຫລື "ມະ​ນຸດ."</li><li>ມະ​ນຸດ​ທຸກ​ຄົນ​ເປັນ​ເຊື້ອ​ສາຍ​ຂອງ​ອາ​ດາມ​ແລະ​ເອ​ວາ.</li><li>ອາ​ດາມ​ແລະ​ເອ​ວາບໍ່​ເຊື່ອ​ຟັງ​ພ​ຣະ​ເຈົ້າ. ​ສະນັ້ນພວກ​ເຂົາ​ຈຶ່ງ​ໄດ້​ຖືກ​ແຍກ​ຕົວ​ອອກ​ຈາກ​ພ​ຣະ​ເຈົ້າ; ​​ການບໍ່​ເຊື່ອ​ຟັງ​ເຮັດ​​ໃຫ້​ເກີດຄວາມ​ບາບ​ແລະ​ຄວາມ​ຕາຍ​ເຂົ້າ​ມາ​ໃນ​ໂລກ.</li></ul><p>(​ເບີ່ງເພີ້ມເຕີມ:  death, descendant, Eve, image of God, life)</p>  
administration	<h2 id="section">@ການ​ບໍ​ລິ​ຫານ, @ຜູ້​ບໍ​ລິ​ຫານ</h2><h3 id="section-1">ນິຍາມ</h3><p>ຄຳ​ວ່າ "ການ​ບໍ​ລິ​ຫານ" ແລະ​ຄຳ​ວ່າ "ຜູ້​ບໍ​ລິຫານ" ໝາຍ​ເຖິງ​ການ​ບໍ​ລິ​ຫານ ຫລື​ການ​ປົກ​ຄອງ​ປະ​ຊາ​ກອນ​ຂອງ​ປະ​ເທດ​ເພື່ອ​ຊ່ວຍ​ໃຫ້​ເຮັດ​ວຽກ​ໄດ້ຢ່າງ​ເປັນ​ລະ​ບຽບ.</p><ul><li>​ດາ​ນີ​ເອນ​ແລະ​ຊາຍ​ໜຸ່ມ​ສາມ​ຄົນ​ຖືກ​ແຕ່ງ​ຕັ້ງ​ໃຫ້​ເປັນ​ຜູ້​ບໍ​ລິ​ຫານ ຫລື​ເປັນ​ຂ້າ​ຣາ​ຊ​ການ​ເບິ່ງ​ແຍງ​, ບາງ​ສ່ວນ​ຂອງ​ກຸງ​ບາ​ບິ​ໂລນ.</li><li>ໃນ​ພ​ຣະ​ສັນ​ຍາ​ໃໝ່​ຄຳ​ວ່າ "ການ​ບໍ​ລິ​ຫານ" ຖືກ​ໃຊ້​ເພື່ອ​ເວົ້າ​ເຖິງງ​ຂອງ​ປະ​ທານຝ່າຍພ​ຣະ​ວິນ​ຍານ​ບໍ​ຣິ​ສຸດຢ່າງ​ນຶ່ງ​.</li><li>ຜູ້​ທີ່​ມີ​ຂອງ​ປະ​ທານ​ຝ່າຍ​ວິນ​ຍານ​ເລື້ອງ​ການບໍ​ລິ​ຫານ​ຈະ​ສາ​ມາດ​ນຳ​ແລະ​ປົກ​ຄອງ​ຜູ້​ອື່ນ​ໄດ້ ນອກນັ້ນ​ລາວ​ຍັງ​ສາ​ມາດ​ດູ​ແລ​ການ​ຮັກ​ສາ​ອາ​ຄານ​ແລະ​ຊັບ​ສິນ​ຂອງ​ຄົນ​ອື່ນໆ.</li></ul><h3 id="section-2">ຄຳ​ແນະ​ນຳ​​ໃນການ​ແປ</h3><ul><li>ໃນ​ບາງ​ກໍ​ລະ​ນີ ອາດ​ຈະ​ແປ​ຄຳ​ວ່າ "ຜູ້​ບໍ​ລິ​ຫານ" ໄດ້​ອີກ​ຢ່າງ​ໜຶ່ງວ່າ "ຜູ້​ວ່າ​ຣາ​ຊ​ການ" ຫລື "ຜູ້​ຮວບ​ຮວມ" ຫລື "ຜູ້​ຈັດ​ການ" ຫລື "ຜູ້​ປົກ​ຄອງ" ຫລື "ຂ້າ​ຣາ​ຊ​ການ."</li><li>ຄຳ​ວ່າ "ການ​ບໍ​ລິ​ຫານ" ອາດ​ແປ​ໄດ້​ອີກວ່າ "ການ​ປົກ​ຄອງ​ດູ​ແລ" ຫລື "ການ​ບໍ​ລິ​ຫານ​ຈັດ​ການ" ຫລື "ການ​ເປັນ​ຜູ້​ນຳ" ຫລື "ການ​ຈັດ​ການ​ຮວບ​ຮວມ."</li><li>ຄຳ​ວ່າ "ຮັບ​ຜິດ​ຊອບສິ່ງ​ຂອງ" ຫລື "ຈັດ​ການສິ່ງ​ຂອງ" ຫລື "ຮັກ​ສາ​ລະ​ບຽບ" ສາ​ມາດ​ນຳ​ມາ​ໃຊ້​ເປັນ​ສ່ວນ​ໜຶ່ງ​ຂອງ​ການ​ແປ​ຄຳ​ນີ້​ດ້ວຍ.</li></ul><p>(ເບີ່ງເພີ້ມເຕີມ:  Babylon, Daniel, gift, governor, Hananiah, Mishael, Azariah)</p>  
admonish	<h2 id="section">@ຕັກ​ເຕືອນ, @ໃຫ້​ສະ​ຕິ</h2><h3 id="section-1">ນິຍາມ</h3><p>​ຄຳ​ວ່າ "ຕັກ​ເຕືອນ" ໝາຍ​ເຖິງ​ການ​​ເຕືອນ ຫລື​ການແນະ​ນຳ​ບາງ​ຄົນ​ຢ່າງ​ແທ້​ຈິງ.</p><ul><li>ຕາມ​ປົກ​ຕິ​ແລ້ວ​ຄຳ​ວ່າ "ຕັກ​ເຕືອນ" ໝາຍ​ເຖິງ​ການ​ແນະ​ນຳ​ບາງ​ຄົນ​ບໍ່​ໃຫ້​ເຮັດ​ບາງ​ຢ່າງ.</li><li>ໃນ​ພ​ຣະ​ກາຍ​ຂອງ​ພ​ຣະ​ຄ​ຣິດ, ພວກ​ຜູ້​ເຊື່ອ​ຖືກ​ສອນ​ໃຫ້​ເຕືອນ​ສະ​ຕິ​ຊຶ່ງ​ກັນ​ແລະ​ກັນ​ເພື່ອ​ຫລີກ​ເວັ້ນ​ຄວາມ​ບາບ​ແລະ​ໃຫ້​ໃຊ້​ຊີ​ວິດ​ຢ່າງ​ບໍ​ຣິ​ສຸດ.</li><li>ຄຳ​ວ່າ "ຕັກ​ເຕືອນ" ອາດ​ຈະ​ແປ​ວ່າ "ການ​ໜູນ​ໃຈ​ບໍ່​ໃຫ້​ເຮັດ​ບາບ" ຫລື "ເຕືອນ​ບາງ​ຄົນ​ບໍ່​ໃຫ້​ເຮັດ​ບາບ."</li></ul>  
adonijah	<h2 id="section">@ອາ​ໂດ​ນີ​ຢາ</h2><h3 id="section-1">ຂໍ້ເທັດຈິງ</h3><p>​ອາ​ໂດ​ນີ​ຢາ​ເປັນ​ລູກ​ຜູ້​ທີ​ສີ່​ຂອງ​ກະ​ສັດ​ດາ​ວິດ.</p><ul><li>ອາ​ໂດ​ນີ​ຢາ​ໄດ້​ພະ​ຍາ​ຍາມ​ທີ່​ຈະ​ຢຶດ​ອຳ​ນາດ​ເພື່ອ​ເປັນ​ກະ​ສັດ​ຂອງ​ອິ​ສ​ະຣາ​ເອນ​ຫລັງ​ຈາກ​ອ້າຍ​ຄົນ​ທີ່​ຊື່​ອັບ​ຊາ​ໂລມ​ແລະ​ຊື່ອຳ​ໂນນ​ໄດ້​ເສັຽ​ຊີ​ວິດ​ແລ້ວ.</li><li>ແຕ່​ພ​ຣະ​ເຈົ້າ​ໄດ້​ຊົງ​ສັນ​ຍາ​ທີ່​ຈະ​ມອບ​ບັນ​ລັງ​ໃຫ້​ໂຊ​ໂລ​ໂມນ​,ລູກ​ຂອງ​ດາ​ວິດ, ດັ່ງ​ນັ້ນ​ແຜນ​ຂອງ​ອາ​ໂດ​ນີ​ຢາ​ຈຶ່ງ​ຫລົ້ມ​ເຫລວ ແລະ​ໂຊ​ໂລ​ໂມນ​ກໍ​ໄດ້​ຂື້ນ​ຄອງ​ບັນ​ລັງ.</li><li>ເມື່ອ​ອາ​ໂດ​ນີ​ຢາ​ໄດ້​ພະ​ຍາ​ຍາມ​ຄັ້ງ​ທີ​ສອງ, ໂຊ​ໂລ​ໂມນ​​ຈຶ່ງ​ສັ່ງ​ປະ​ຫານ​ຊີ​ວິດ​ລາວ​ເສຍ.</li></ul><p>( ຄຳ​ແນະ​ນຳ​​ໃນການ​ແປ: <a href="https://read.bibleineverylanguage.org/WA-Catalog/lo_tm?section=translate#translate-names" target="_blank" data-is-rc-link="" data-repo="lo_tm" data-user="WA-Catalog" data-page="translate" data-topic="translate-names" data-type="tm">translate-names</a>) )</p><p>(ເບີ່ງເພີ້ມເຕີມ:  <a href="https://bibleineverylanguage.org/resources/languages/lo?resource-type=tw#david" data-section="names" data-hash="david" data-crossref="true">David</a>, <a href="https://bibleineverylanguage.org/resources/languages/lo?resource-type=tw#solomon" data-section="names" data-hash="solomon" data-crossref="true">Solomon</a>)</p>  
adoption	<h2 id="section">@ການ​ຮັບ​ເປັນ​ລູກ</h2><h3 id="section-1">ນິຍາມ</h3><p>​ຄຳ​ວ່າ "ການ​ຮັບ​ເປັນ​ລູກ" ເວົ້າ​ເຖິງ​ການ​ທີ່​ບາງ​ຄົນ​ໄດ້​ກາຍ​ເປັນ​ລູກ​ຢ່າງ​ຖືກ​ຕ້ອງ​ຕາມ​ກົດ​ໝາຍ​ຂອງ​ບຸກ​ຄົນ​ອື່ນ ​ທີ່ບໍ່​ແມ່ນ​ພໍ່​ແມ່​ຄີງ.</p><ul><li>ພ​ຣະ​ຄັມ​ພີ​ໃຊ້​ຄຳ​ວ່າ "ການ​ຮັບ​ເປັນ​ລູກ" ຫລື "ຮັບ​ເປັນ​ລູກ" ເປັນ​​ພາບ​ປຽບ​ທຽບ​ເພື່ອ​ອະ​ທິ​ບາຍ​ວ່າ​ພ​ຣະ​ເຈົ້າ​ເຮັດ​ໃຫ້​ຄົນ​ໄດ້​ມີ​ສ່ວນ​ໃນ​ຄອບ​ຄົວ​ຂອງ​ພ​ຣະ​ອົງ, ແລະ​ຊົງ​ເຮັດ​ໃຫ້​ພວກ​ເຂົາ​ເປັນ​ລູກ​ຊາຍ​ແລະ​ລູກ​ຍິງ​ຝ່າຍ​ວິນ​ຍານ​ຂອງ​ພ​ຣະ​ອົງ​ໄດ້​ຢ່າງ​ໃດ.</li><li>ໃນ​ຖາ​ນະ​ລູກ​ລ້ຽງ ພວກ​ຜູ້​ເຊື່ອ​ເປັນ​ຜູ້​ຮັບ​ມໍ​ຣະ​ດົກ​ຮ່ວມ​ກັນ​ກັບ​ພ​ຣະ​ເຢ​ຊູ​ຄ​ຣິດ, ພວກ​ເຂົາ​ເຈົ້າ​ມີ​ສິດ​ພິ​ເສດ​ຂອງ​ລູກ​ຊາຍ​ລູກ​ຍິງ​ຂອງ​ພ​ຣະ​ເຈົ້າ.</li></ul><h3 id="section-2">ຄຳ​ແນະ​ນຳ​ໃນ​ການ​ແປ</h3><ul><li>ຄຳ​ນີ້​ອາດ​ແປ​ໂດຍ​ໃຊ້​ຄຳ​ຂອງ​ພາ​ສານັ້ນໆ ທີ່​ເຮົາ​ຈະ​ແປ​ເພື່ອ​ອະ​ທິ​ບາຍ​ເຖິງ​ຄວາມ​ສຳ​ພັນ​ພິ​ເສດ​ຂອງ​ພໍ່​ແມ່​ແລະ​ລູກ. ແຕ່​ໃຫ້​ແນ່​ໃຈ​ວ່າ​ຄຳ​ນີ້​ມີ​ຄວາມ​ໝາຍ​ທີ່​ເປັນ​ພາບ​ປຽບ​ທຽບ​ຫລື​ຄວາມ​ໝາຍ​ຝ່າຍ​ວິນ​ຍານ.</li><li>ຄຳ​ທີ່​ວ່າ "ການ​ຖືກ​ຮັບ​ເປັນ​ລູກ" ກໍ​ອາດ​ແປ​ໄດ້​ວ່າ "ພ​ຣະ​ເຈົ້າ​ໄດ້​ຊົງຮັບ​ໃຫ້​ເປັນ​ລູກ​ຂອງ​ພຣະ​ອົງ" ຫລື "ເປັນລູກ​ຂອງ​ພ​ຣະ​ເຈົ້າ​ຝ່າຍ​ວິນ​ຍານ."</li></ul><p>(​ເບີ່ງເພີ້ມເຕີມ:  heir, inherit, spirit)</p>  
adultery	<h2 id="section">@ການ​ເປັນ​ຊູ້, @ເປັນ​ຊູ້, @ຊາຍ​ຊູ້,@ ຍິງ​ຊູ້</h2><h3 id="section-1">ນິຍາມ</h3><p>​ຄຳ​ວ່າ "ການ​ເປັນ​ຊູ້" ເວົ້າ​ເຖິງ​ຄວາມ​ບາບ​ທີ່​ກ່ຽວ​ຂ້ອງ​ກັບ​ຄົນ​ທີ່​ແຕ່ງ​ງານ​ແລ້ວ​ໄປ​ມີ​ເພດ​ສຳ​ພັນ​ກັບ​ຄົນ​ອື່ນ​ທີ່ບໍ່​ແມ່ນ​ຄູ່​ຄອງ​ຂອງ​ຕົນ​ເອງ. ຄຳ​ວ່າ "ເປັນ​ຊູ້" ອະ​ທິ​ບາຍ​ເຖິງ​ການ​ເຮັດ​ແບບນີ້​ຫລື​ບຸກ​ຄົນ​ທີ່​ເຮັດ​ຄວາມ​ບາບ​ແບບນີ້.</p><ul><li>ຄຳ​ວ່າ "ຊາຍ​ຊູ້" ໂດຍ​ທົ່ວ​ໄປ​ເວົ້າ​ເຖິງ​ໃຜ​ກໍ​ໄດ້​ທີ່​ເປັນ​ຊູ້.</li><li>ບາງ​ຄັ້ງ​ຄຳ​​ວ່າ "ຍິງ​ຊູ້" ຖືກ​ໃຊ້​ສະ​ເພາະ​ກັບ​ຜູ້​ຍິງ​ທີ່​ເປັນ​ຊູ້.</li><li>ການ​ເປັນ​ຊູ້​ທຳ​ລາຍ​ຄຳ​ສັນ​ຍາ​ທີ່​ຜົວ​ເມຍ​ໄດ້​ໃຫ້​ຕໍ່​ກັນ​ໃນ​ຄຳ​ສັນ​ຍາ​ຂອງ​ການ​ແຕ່ງດອງ​ຂອງ​ພວກ​ເຂົາ.</li><li>ພ​ຣະ​ເຈົ້າ​ຊົງ​ໄດ້​ບັນ​ຊາ​ຫ້າມ​ຄົນ​ອິ​ສະ​ຣາ​ເອນ​ຫລິ້ນ​ຊູ້.</li><li>ຄຳ​ວ່າ "ເປັນ​ຊູ້" ມັກ​ໃຊ້​ເປັນ​ຮູບ​ປຽບ​ທຽບ​ເພື່ອ​ອະ​ທິ​ບາຍ​ເຖິງ​ປະ​ຊາ​ຊົນ​ອິສະ​ຣາ​ເອນ​ທີ່ບໍ່​ຊື່​ສັດ​ຕໍ່​ພ​ຣະ​ເຈົ້າ​ໂດຍ​ສະ​ເພາະ​ຢ່າງ​ຍິ່ງ​ເມື່ອ​ພວກ​ເຂົາ​ໄດ້​ໄປ​ນະ​ມັ​ສ​ການ​ພຣ​ະ​ອື່ນ.</li></ul><h3 id="section-2">ຄຳ​ແນະ​ນຳ​ໃນ​ການ​ແປ</h3><ul><li>ຖ້າ​ພາ​ສາ​ທີ່​ຈະ​ແປນັ້ນ​ບໍ່​ມີ​ຄຳ​ທີ່​ໝາຍ​ຄວາມ​ວ່າ "ການ​ເປັນ​ຊູ້" ຄຳ​ນີ້​ກໍ​ອາດ​ຈະ​ແປ​ວິ​ທີ​ອື່ນ​ເຊັ່ນ "ການ​​ໄປ​ນອນກັບ​ຜົວ​ຫລື​ເມຍ​ຂອງ​ຄົນ​ອື່ນ" ຫລື "ການ​ຫລິ້ນ​ຊູ້."</li><li>​ບາງ​ພາ​ສາ​ອາດ​ຈະ​ເວົ້າ​ເລື້ອງ​ການ​ເປັນ​ຊູ້​ແບບ​ທາງ​ອ້ອມ​ເຊັ່ນ "ການນອກ​ໃຈ​ກັນ" ຫລື "ການບໍ່​ສັດ​ຊື່​ຕໍ່​ຄອບ​ຄົວ."</li></ul><p>(​ເບີ່ງເພີ້ມເຕີມ:  commit, covenant, sexual immorality, sleep with, faithful)</p>  
adversary	<h2 id="section">@ປໍລະປັກ, @ສັດ​ຕູ</h2><h3 id="section-1">ນິຍາມ</h3><p>"ປໍລະປັກ" ຄື​ບຸກ​ຄົນ​ຫລື​ກູ່ມ​ບຸກ​ຄົນ​ທີ່​ຕໍ່​ຕ້ານ​ບາງ​ຄົນ​ຫລື​ບາງ​ສີ່ງ. ຄຳ​ວ່າ "ສັດ​ຕູ" ມີ​ຄວາມ​ໝາຍ​ຄ້າຍ​ຄື​ກັນ.</p><ul><li>ປໍລະ​ປັກ​ອາດ​ຈະ​ເປັນ​ບຸກ​ຄົນ​ທີ່​ພະ​ຍາ​ຍາມ​ຕໍ່​ຕ້ານ​ຫລື​ທຳ​ລາຍ​ທ່ານ.</li><li>ຊົນ​ຊາດ​ນຶ່ງ​ອາດ​ຖືກ​ເອີ້ນ​ວ່າ​ເປັນ "ປໍລະປັກ" ໄດ້​ເມື່ອ​ພວກ​ເຂົາ​ຕໍ່​ສູ້​ກັບ​ອີກ​ຊົນ​ຊາດ​ນຶ່ງ.</li><li>ໃນ​ພຣະ​ຄັມ​ພີ, ມານ​ໄດ້​ຖືກ​ເອີ້ນ​ວ່າ​ເປັນ "ປໍລະປັກ" ແລະ "ສັດ​ຕູ."</li><li>ປໍລະ​ປັກ​ອາດ​ແປ​ໄດ້​ອີກວ່າ "ຄູ່​ປໍລະ​ປັກ" ຫລື "ສັດ​ຕູ" ແຕ່​ເປັນ​​ຄຳທີ່​ແຂງກວ່າຄຳ​ວ່າປໍລະ​ປັກ.</li></ul><p>(ເບີ່ງເພີ້ມເຕີມ:  Satan)</p>  
afflict	<h2 id="section">@​ລຳ​ບາກ, @ຄວາມ​ລຳ​ບາກ</h2><h3 id="section-1">ນິຍາມ</h3><p>​ຄຳ​ວ່າ "ລຳ​ບາກ" ໝາຍ​ເຖິງ​ການ​ເຮັດ​ໃຫ້​ບາງ​ຄົນ​ເຈັບ​ປວດ ຫລື​ເປັນ​ທຸກ. "ຄວາມ​ລຳ​ບາກ" ເປັນ​ເຊື້ອ​ໂຣກ, ເປັນ​ອາ​ລົມ​ໂສກ​ເສົ້າ, ຫລື​ອາດ​ເປັນ​ຄວາມ​ເສຍ​ຫາຍ​ທີ່​ເກີດ​ຈາກ​ອາ​ການ​ນີ້.</p><ul><li>ພ​ຣະ​ເຈົ້າ​ຊົງ​ເຮັດ​ໃຫ້​ຄົນ​ຂອງ​ພ​ຣະ​ອົງ​ລຳ​ບາກ​ດ້ວຍ​ຄວາມ​ເຈັບ​ປ່ວຍ ຫລື​ພົບ​ກັບ​ຄວາມ​ທຸກ​ຍາກ​ອື່ນໆ ເພື່ອ​ເຮັດ​ໃຫ້​ພວກ​ເຂົາ​ກັບ​ໃຈ​ຈາກ​ຄວາມ​ບາບ​ຂອງ​ພວກ​ເຂົາ​ແລະ​ຫັນ​ກັບມາ​ຫາ​ພ​ຣະ​ອົງ.</li><li>ພ​ຣະ​ເຈົ້າ​ຊົງ​ເຮັດ​ໃຫ້​ຄວາມ​ລຳ​ບາກ​ຫລື​ພັຍພິ​ບັດ​ຕ່າງໆ ມາ​ເຖິິງ​ຄົນ​ອີ​ຢິບ ເພາະ​ກະ​ສັດ​ຂອງ​ພວກ​ເຂົາ​ໄດ້​ຊົງ​ປະ​ຕິ​ເສດ​ທີ່​ຈະ​ເຊື່ອ​ຟັງ​ພ​ຣະ​ເຈົ້າ.</li></ul><h3 id="section-2">ຄຳ​ແນະ​ນຳ​ໃນ​ການ​ແປ</h3><ul><li>ການ​ເຮັດ​ໃຫ້​ບາງ​ຄົນ​ລຳ​ບາກ​ອາດ​ແປ​ໄດ້​ອີກວ່າ "ທຳ​ໃຫ້​ບາງ​ຄົນ​ປະ​ສົບ​ກັບ​ບັນ​ຫາ" ຫລື "ເຮັດ​ໃຫ້​ບາງ​ຄົນ​ຕ້ອງ​ທົນ​ທຸກ" ຫລື "ເຮັດ​ໃຫ້​ເກີດ​ການ​ທົນ​ທຸກ."</li><li>ໃນ​ບາງ​ກໍ​ລະ​ນີ ຄຳ​ວ່າ "ລຳບາກ" ອາດ​ແປ​ໄດ້​ອີກວ່າ "ເກີດ​ຂື້ນ​ແກ່" ຫລື "ມາ​ຍັງ" ຫລື "ນຳ​ການ​ທົນ​ທຸກ​ມາ."</li><li>ໃນ​ເນື້ອຫາ​ເຊັ່ນ "​​​ບາງ​ຄົນທຸກລຳ​ບາກ​ດ້ວຍ​ຂີ້​ທູດ" ອາດ​ແປ​ໄດ້​ວ່າ "ເຮັດ​ໃຫ້​ບາງ​ຄົນ​ເຈັບ​ປ່ວຍ​ດ້ວຍ​ຂີ້​ທູດ."</li><li>ເມື່ອ​ໂຣກ​ພັຍ ​ຫລື ​ໄພ​ພິ​ບັດ​ຖືກ​ສົ່ງ​ມາ​ໃຫ້​ປະ​ຊາ​ຊົນ ​ຫລື ​ສັດ​ຕ່າງໆ "ລຳ​ບາກ" ເຮົາ​ອາດ​ຈະ​ແປ​ໄດ້​ວ່າ "ເຮັດ​ໃຫ້​ລຳ​ບາກ."</li><li>ຄຳ​ວ່າ "ຄວາມ​ທຸກ​ຍາກ" ອາດ​ແປ​ໄດ້​ອີກວ່າ "ໄພ​ພິ​ບັດ" ຫລື "ຄວາມ​ເຈັບ​ປ່ວຍ" ຫລື "ການ​ທົນ​ທຸກ" ຫລື "ຄວາມ​ທຸກ​ໃຈ​ອັນ​ໃຫ​ຍ່​ຫລວງ" ທັງ​ນີ້​ຂື້ນ​ຢູ່​ກັບ​ກໍ​ລະ​ນີນັ້ນໆ.</li></ul><p>(​ເບີ່ງເພີ້ມເຕີມ: leprosy, plague, suffer)</p>  
age	<h2 id="section">@ອາ​ຍຸ, @ຍຸກ</h2><h3 id="section-1">ນິຍາມ</h3><p>​ຄຳ​ວ່າ "ອາ​ຍຸ" ເວົ້າ​ເຖິງ​ຈຳ​ນວນ​ປີ​ທີ່​ບຸກ​ຄົນ​ນຶ່ງ​ໄດ້​ມີ​ຊີ​ວິດ​ຢູ່. ນອກນັ້ນ​ຄຳ​ນີ້​ອາດ​ຈະ​ໃຊ້​ໝາຍ​ເຖິງ​ຊ່ວງ​ເວ​ລາ​ໃດ​ຊ່ວງ​ເວ​ລາ​ນຶ່ງ​ກໍ​ໄດ້.</p><ul><li>ຄຳ​ອື່ນໆ​ທີ່​ໃຊ້​ສະ​ແດງ​ເຖິງ​ຊ່ວງ​ເວ​ລາ​ທີ່​ຍາວ​ອອກ​ໄປ​ລວມ​ທັງ​ "ສ​ະໄຫມ" ແລະ "ລະ​ດູ."</li><li>ພ​ຣະ​ເຢ​ຊູ​ຊົງ​ອ້າງ​ເຖິງ "ຍຸກນີ້" ວ່າ​ເປັນ​ຊ່ວງ​ເວ​ລາ​ປັດ​ຈຸ​ບັນ ເມື່ອ​ຄວາມ​ຊົ່ວ, ຄວາມ​ບາບ, ແລະ​ການບໍ່​ເຊື່ອ​ຟັງ​ຈະ​ເຕັມ​ໄປ​ທົ່ວແຜນ​ດິນ​ໂລກ.</li><li>ຈະ​ມີ​ຍຸກ​ໜ້າ​ເມື່ອ​ຄົນ​ຊອບ​ທັມ​ຈະ​ຄອບ​ຄອງ​ເໜືອ​ທ້ອງ​ຟ້າ​ໃໝ່​ແລະ​ແຜ່ນ​ດິນ​ໂລກ​ໃໝ່.</li></ul><h3 id="section-2">ຄຳ​ແນະ​ນຳ​ໃນ​ການ​ແປ</h3><ul><li>ຄຳ​ວ່າ "ອາ​ຍຸ" ອາດ​ແປ​ໄດ້​ອີກວ່າ "ສ​ະໄຫມ" ຫລື "ຈຳ​ນວນ​ປີ​ຂອງ​ອາ​ຍຸ" ຫລື "ຊ່ວງ​ໄລ​ຍະ​ເວ​ລາ" ຫລື "ເວ​ລາ" ທັງ​ນີ້​ຂຶ້ນ​ຢູ່​ກັບ​ກໍ​ລະ​ນີ.</li><li>ເນື້ອຫາ​ທີ່​ວ່າ "ເມື່ອ​ມີ​ອາ​ຍຸ​ຫລາຍ​ແລ້ວ" ກໍ​ອາດ​ແປ​ໄດ້​ວ່າ "ເມື່ອ​ມີ​ອາ​ຍຸ​ຫລາຍ​ຂື້ນ" ຫລື "ເມື່ອ​ເຂົາ​ເຖົ້າ​ຫລາຍ" ຫລື "ເມື່ອ​ເຂົາ​ໄດ້​ມີ​ຊີ​ວິດ​ຢູ່ດົນ."</li><li>ເນື້ອຫາ​ທີ່​ວ່າ "ໃນ​ຍຸກ​ທີ່​ຊົ່ວ​ຮ້າຍ​ແຫ່ງ​ປັດ​ຈຸ​ບັນ" ໝາຍ​ຄວາມ​ວ່າ "ໃນ​ຊ່ວງ​ເວ​ລານີ້ ເມື່ອ​ຜູ້​ຄົນ​ເຮັດ​ຊົ່ວ​ຊ້າ​ຫລາຍ."</li></ul>  
ahab	<h2 id="section">@ອາ​ຮາບ</h2><h3 id="section-1">ຂໍ້ເທັດຈິງ</h3><p>ອາ​ຮາບ​ເປັນ​ກະ​ສັດ​ຜູ້​ຊົ່ວ​ຮ້າຍ​ຜູ້​ນຶ່ງ​ປົກ​ຄອງ​ອາ​ນາ​ຈັກ​ເໜືອ​ຂອງ​ອິ​ສະ​ຣາ​ເອນ​ຈາກ​ປີ 875 ກ.ຄ.ສ ຈົນ​ເຖີງ​ປີ 854 ກ.ຄ​ສ.</p><ul><li>ກະ​ສັດ​ອາ​ຮາບ​ນຳ​ພາ​ໃຫ້​ປະ​ຊາ​ຊົນ​ອິ​ສະ​ຣາ​ເອນ​ໄປ​ນະ​ມັ​ສ​ການ​ພຣ​ະ​ປອມ​ທັງ​ຫລາຍ.</li><li>ຜູ້​ປະ​ກາດ​ພ​ຣະ​ທັມ​ເອ​ລີ​ຢາ​ໄດ້​ຕໍ່​ສູ້​ກະ​ສັດ​ອາ​ຮາບ ແລະ​ບອກ​ພ​ຣະ​ອົງ​ວ່າ​ຈະ​ມີ​ການ​ອຶດ​ອາ​ຫານ​ຢ່າງ​ແຮງ​ເປັນ​ເວ​ລາ​ສາມ​ປີ​ເຄິ່ງ ເພື່ອ​ເປັນ​ການ​ລົງ​ໂທດ​ຄວາມ​ບາບ​ທີ່​ອາ​ຮາບ​ໄດ້​ຊັກ​ຊວນ​ອິ​ສະ​ຣາ​ເອນ​ໃຫ້​ເຮັດ.</li><li>ອາ​ຮາບ​ແລະ​ເຢ​ເຊ​ເບນ​ເມຍ​ຂອງເ​ພິ່ນ​ໄດ້​ເຮັດ​ສິ່ງ​ທີ່​ຊົ່ວ​ຮ້າຍ​ຫລາຍ, ຮລວມ​ເຖິງ​ການ​ໃຊ້​ອຳ​ນາດ​ຂອງ​ເພິ່ນ​ໃນ​ການ​ຊົ່ວ​ເຊັ່ນ​ຂ້າ​ປະ​ຊາ​ຊົນ​ຜູ້​ບໍ​ຣິ​ສຸດ.</li></ul><p>(​ເບີ່ງເພີ້ມເຕີມ:  Baal, Elijah, Jezebel, kingdom of Israel, Yahweh)</p>  
ahasuerus	<h2 id="section">@ອາ​ຫາ​ສຸ​ເອ​ຣັດ</h2><h3 id="section-1">ຂໍ້ເທັດຈິງ</h3><p>​ອາ​ຫາ​ສຸ​ເອ​ຣັດ​ເປັນ​ກະ​ສັດ​ຜູ້​ປົກ​ຄອງ​ອາ​ນາ​ຈັກ​ເປີ​ເຊຍ​ບູ​ຮານ​ເປັນ​ເວ​ລາ​ຊາວ​ປີ.</p><ul><li>ນີ້​ເປັນ​ຊ່ວງເວ​ລາ​ທີ່​ຄົນ​ຢິວ​ທີ່​ຖືກ​ເນ​ລະ​ເທດ​ອອກ​ໄປ​ອາ​ໃສ​ຢຸ່​ໃນ​ກຸງ​ບາ​ບີ​ໂລນເນຍ​ຊຶ່ງ​ຢູ່​ພາຍ​ໃຕ້​ການ​ປົກ​ຄອງ​ຂອງ​ຊາວ​ເປີ​ເຊຍ.</li><li>ອີກ​ນາມ​ນຶ່ງ​ຂອງ​ກະ​ສັດ​ນີ້​ແມ່ນ ເຊເຊັດ.</li><li>ຫລັງ​ຈາກ​ທີ່​ໄດ້​ຊົງ​ໄລ່​ພຣະ​ຣາ​ຊີ​ນີ​ຂອງ​ເພິ່ນ​ອອກ​ຈາກ​ຕຳ​ແໜ່ງ​ເພາະ​ຄວາມ​​ໂກດຮ້າຍ​​ແລ້ວ, ຕໍ່​ມາ​ກະ​ສັດ​ອາ​ຫາ​ສຸ​ເອ​ຣັດ​ໄດ້​ເລືອກ​ເອົາ​ຍິງ​ຊາວ​ຢິວ​ຊື່ ​ເອ​ສະ​ເທີ ໃຫ້​ເປັນ​ມະ​ເຫ​ສີ​ແລະ​​ພະຣາ​ຊິ​ນີ​ໃໝ່​ຂອງ​ເພິ່ນ​.</li></ul><p>(​ເບີ່ງເພີ້ມເຕີມ:  Babylon, Esther, Ethiopia, exile, Persia)</p>  
ahaz	<h2 id="section">@ອາ​ຮາດ</h2><h3 id="section-1">ຂໍ້ເທັດຈິງ</h3><p>​ອາ​ຮາດ​ເປັນ​ກະ​ສັດ​ຜູ້​​ຊົ່ວ​ຮ້າຍ​ຜູ້​ທີ່​ປົກ​ຄອງ​ອາ​ນາ​ຈັກ​ຢູ​ດາ ຈາກ​ປີ 732 ກ.ຄ.ສ. ເຖິງ 716 ກ.ຄ.ສ. ຊຶ່ງ​ເປັນ​ເວ​ລາ 140 ປີ ກ່ອນ​ຫລາຍ​ຄົນ​ໃນ​  ອິ​ສະ​ຣາ​ເອນ​ແລະ​ຢູ​ດາ​ຖືກ​ຈັບ​ເປັນ​ຊະ​ເລີຍ​ທີ່​ບາ​ບີ​ໂລນ.</p><ul><li>ໃນ​ຂະ​ນະ​ທີ່​ເພີ່ນໄດ້​ປົກ​ຄອງ​ຢູ​ດາ, ອາ​ຮາດ​ໄດ້​ສ້າງ​ແທ່ນ​ບູ​ຊາ​ເພື່ອ​ນະ​ມັ​ສ​ການ​​ພວກ​ພຣ​ະ​ປອມ​ຂອງ​ຊາວ​ອັດ​ຊີ​ຣຽນ,ຊຶ່ງ​ເຮັດ​ໃຫ້​ປະ​ຊາ​ຊົນ​ໜີ​ຈາກ ​ພ​ຣະ​ຢາ​ເວ, ພ​ຣະ​ເຈົ້າ​ອົງ​ທ່ຽງ​ແທ້​ອົງ​ດຽວ.</li><li>ກະ​ສັດ​ອາ​ຮາດ​ມີ​ອາ​​ຍຸ​ຊາວ​ປີ​ເມື່ອ​ເພິ່ນ​ໄດ້​ເລີ້ມ​ຂື້ນ​ປົກ​ຄອງ​ຢູ​ດາ, ແລະ​ໄດ້​ຄອງ​ບັນ​ລັງ​ເປັນ​ເວ​ລາສິບ​ຫົກ​ປີ.</li></ul><p>(ເບີ່ງເເພີ້ມເຕີມ: Babylon)</p>  
ahaziah	<h2 id="section">@​ອາ​ຮ​າຊີ​ຢາ</h2><h3 id="section-1">ຂໍ້ເທັດຈິງ</h3><p>​ອາ​ຮ​າຊີ​ຢາ ເປັນ​ຊື່​ຂອງ​ກະ​ສັດ​ສອງ​ອົງ: ອົງ​ນຶ່ງ​ປົກ​ຄອງ​ອິ​ສະ​ຣາ​ເອນ ແລະ​ອີກ​ອົງ​ນຶ່ງ​ປົກ​ຄອງ​ຢູ​ດາ.</p><ul><li>ກະ​ສັດ​ອາ​ຮາ​ຊີ​ຢາ​ແຫ່ງ​ຢູ​ດາ​ເປັນ​ບຸດ​ຂອງ​ກະ​ສັດ​ເຢ​ໂຮ​ຣາມ; ເພິ່ນໄດ້ປົກ​ຄອງ​ເປັນ​ເວ​ລາ​ນຶ່ງ​ປີ (ປີ 841 ກ. ຄ.ສ.) ແລ້ວ​ຖືກ ​ເຢ​ຮູ ຜູ້​ເປັນ​ລູກ​ຂອງ​ອາ​ຮາຊີ​ຢາ​ຂ້າ​ຕາຍ. ໃນ​ທີ່​ສຸດ​ໂຢ​ອາດ​ໄດ້​ຂຶ້ນ​ມາ​ເປັນ​ກະ​ສັດ​ແທນ.</li><li>ກະ​ສັດ​ອາ​ຮາ​ຊີ​ຢາ​ແຫ່ງ​ອິ​ສະ​ຣາ​ເອນ ເປັນ​ລູກ​ຂອງ​ກະ​ສັດ​ອາ​ຮາບ. ທ່ານ​ປົກ​ຄອງ​ເປັນ​ເວ​ລາ​ສອງ​ປີ (850-849 ກ.ຄ.ສ). ອາ​ຮາ​ຊີ​ຢາ​ຕາຍ​ຈາກ​ບາດ​ແຜເພາະເພິ່ນ​ລົ້ມຢູ່​ໃນ​ພຣະ​ຣາ​ຊວັງ ແລະ​ໂຢ​ຣາມ​ຜູ້​ເປັນ​ນ້ອງ​ໄດ້​ເປັນ​ກະ​ສັດ​ແທນ.</li></ul><p>(​ເບີ່ງເພີ້ມເຕີມ:  Jehu, Ahab, Jeroboam, Joash)</p>  
ahijah	<h2 id="section">@​ອາ​ຮີ​ຢາ</h2><h3 id="section-1">ຂໍ້ເທັດຈິງ</h3><p>​ອາ​ຮີ​ຢາ​ເປັນ​ຊື່​ຂອງ​ຫລາຍ​ຄົນແຕກຕ່າງກັນ​ໃນ​ພ​ຣະ​ສັນ​ຍາ​ເດີມ ດັ່ງ​ຕໍ່​ໄປ​ນີ້:</p><ul><li>ອາ​ຮີ​ຢາ​ເປັນ​ຊື່​ຂອງ​ປະ​ໂຣ​ຫິດ​ໃນ​ສະໄຫ​ມຂອງ​ຊາ​ອູນ.</li><li>ອາ​ຮີ​ຢາ​ເປັນ​ຊື່​ຂອງ​ເລ​ຂາ​ນຸ​ການ​ໃນ​ສ​ະໄຫມ​ຂອງ​ກະ​ສັດ​ໂຊ​ໂລ​ໂມນ.</li><li>ອາ​ຮີ​ຢາ​ເປັນ​ຊື່​ຂອງ​ຜູ້​ປະ​ກາດ​ພ​ຣະ​ຄັມ ​ທ່ານ​ນຶ່ງ​ຈາກ​ຊີ​ໂລ ເພິ່ນ​ເປັນ​ຜູ້​ທຳ​ນ​ວາຍ​ວ່າ​ຊົນ​ຊາດ​ອິ​ສະ​ຣາ​ເອນ​ຈະ​ຖືກ​ແບ່ງ​ແຍກ​ອອກ​ເປັນ​ສອງ​ອາ​ນາ​ຈັກ.</li><li>​ບິ​ດາ​ຂອງ​ກະ​ສັດ​ບາ​ອາ​ຊາ​ແຫ່ງ​ອິ​ສະຣາ​ເອນ​ກໍ​ມີ​ຊື່​ວ່າ ອາ​ຮີ​ຢາ.</li></ul><p>(ເບີ່ງເພີ້ມເຕີມ:  Baasha, Shiloh)</p>  
ai	<h2 id="section">@ອາ​ອີ</h2><h3 id="section-1">ຂໍ້ເທັດຈິງ</h3><p>​ອາ​ອີ​ເປັນ​ເມືອງ​ນຶ່ງ​​ຂອງ​ຊາວ​ກາ​ນາ​ອານໃນ​ສະໄຫມ​ພ​ຣ​ະ​ສັນ​ຍາ​ເດີມ ທີ່​ຕັ້ງ​ທາງ​ທິດ​ໃຕ້​ຂອງ​ເມືອງ​ເບ​ັດເອນ ແລະ​ຢູ່​ຫ່າງ​ຈາກ​ເມືອງ​ເຢ​ຣິ​ໂກ​ໄປ​ທາງ​ຕາ​ເວັນ​ຕົກ​ສ່ຽງ​ເໜືອ​ປະ​ມານ​ແປດ​ກິ​ໂລ​ແມັດ.</p><ul><li>ຫລັງ​ຈາກ​ເອົາ​ຊະ​ນະ​ເມືອງ​ເຢ​ຣິ​ໂກ​ແລ້ວ, ໂຢ​ຊວຍ​ໄດ້​ນຳ​ພວກ​ອິ​ສະ​ຣາ​ເອນ​ບຸກ​ໂຈມ​ຕີ​ເມືອງ​ອາ​ອີ ແຕ່​ວ່າ​ພວກ​ເຂົາ​ຕ້ອງເສຍຊັຍ ເພາະ​ພ​ຣະ​ເຈົ້າ​ບໍ່​ຊົງ​ພໍ​ພ​ຣະ​ທັຍໃນ​ພວກ​ເຂົາ.</li><li>ມີ​ຄົນ​ອິ​ສະ​ຣາ​ເອນ​ຄົນ​ນຶ່ງ​ຊື່ ອາ​ການ​ໄດ້​ລັກ​ຊັບ​ສິນ​ທີ່​ຍຶດ​ມາ​ຈາກ​ເມືອງ​ເຢ​ຣິ​ໂກ ແລະ​ພ​ຣະ​ເຈົ້າ​ໄດ້​ຊົງ​ບັນ​ຊາ​ໃຫ້​ຂ້າ​ເຂົາ​ທັງ​ຄອບ​ຄົວ​ແລ້ວ​ພ​ຣະ​ເຈົ້າ​ໄດ້​ຊົງ​ຊ່ວຍ​ໃຫ້​ພວກ​ອິ​ສ​ະຣາ​ເອນ​ເອົາ​ຊະ​ນະ​ຊາວ​ເມືອງ​ອາ​ອີ​ໄດ້.</li></ul><p>(ເບີ່ງເພີ້ມເຕີມ: Bethel, Jericho)</p>  
alarm	<h2 id="section">@ປຸກ, @ເຕືອນ</h2><h3 id="section-1">ນິຍາມ</h3><p>​ການປຸກ​ແມ່ນ​ການເຕືອນ​ປະ​ຊາ​ຊົນເ​ຖິງ​ບາງ​ສິ່ງ​ທີ່​ອາດ​ເປັນ​ອັນ​ຕະລາຍ​ຕໍ່​ພວກ​ເຂົາ. ການ "​ຕື່ນ​ຕົວ" ເປັນ​ການ​ວິ​ຕົກ​ກັງວົນແລະ​ຢ້ານ​ບາງ​ສິ່ງ​ທີ່​ອັນ​ຕ​ະລາຍ ຫລື​ມາ​ຮຸກຮ​ານ.</p><ul><li>ກະ​ສັດ​ເຢ​ໂຮ​ຊາ​ຟັດຕື່ນ​ຕົວ​ເມື່ອ​ພ​ຣະ​ອົງ​ຊົງ​ໄດ້​ຍິນ​ວ່າ​ຄົນ​ໂມ​ອາບ​ໄດ້​ກຳ​ລັງ​ວາງ​ແຜນ​ທີ່​ຈະ​ໂຈມ​ຕີ​ອາ​ນາ​ຈັກ​ຢູ​ດາ.</li><li>ພ​ຣະ​ເຢ​ຊູ​ໄດ້​ຊົງ​ບອກ​ພວກ​ສາ​ວົກ​ຂອງ​ພ​ຣະ​ອົງ​ວ່າ​ຢ່າ​ຕົກ​ໃຈ​ເມື່ອ​ພວກ​ເຂົາ​ໄດ້​ຍິນ​ເລື້ອງໄ​ພ​ວິ​ບັດ​ທີ່​ຈະ​ເກີດ​ຂຶ້ນ​ໃນ​ວາ​ລະ​ສຸດ​ທ້າຍ.</li><li>​ຄຳ​ວ່າ "ສົ່ງ​ສຽງ​ເຕືອນ"ໝາຍ​ເຖິງ​ການ​ໃຫ້​ຄຳ​ເຕືອນ. ໃນ​ສະໄຫ​ມ​ບູຮານ, ຄົນ​ສາ​ມາດ​ສົ່ງ​ສຽງ​ເຕືອນ​ໄດ້​ໂດຍ​ການ​ເຮັດ​ສຽງ​ດັງ.</li></ul><h3 id="section-2">ຄຳ​ແນະ​ນຳ​ໃນ​ການ​ແປ</h3><ul><li>ການ "ເຕືອນ​ບາງ​ຄົນ" ໝາຍ​ເຖິງ "ການ​ເຮັດ​ໃຫ້​ບາງ​ຄົນ​ວິ​ຕົກ" ຫລື "ບາງ​ຄົນ​​ຕົກໃຈ."</li><li>ການ "ຖືກ​ຕັກ​ເຕືອນ" ສາ​ມາດ​ແປ​ໄດ້​ວ່າ "ຖືກ​ເຮັດ​ໃຫ້​ວິ​ຕົກ" ຫລື "ຖືກ​ເຮັດ​ໃຫ້​ຕຶ່ນ​ຕົວ" ຫລື "ຖືກ​ເຮັດ​ໃຫ້​ເກີດ​ຄວາມຫ່ວງ​ໃຍ."</li><li>ຄຳ​ວ່າ "ສົ່ງ​ສຽງ​ເຕືອນ" ອາດ​ແປ​ໄດ້​ອີກວ່າ "ການ​ເຕືອນ​ຢ່າງ​ເປີດ​ເຜີຍ" ຫລື "ປະ​ກາດ​ວ່າ​ອັນ​ຕ​ະລາຍ​ກຳ​ລັງ​ໃກ້​ເຂົ້າ​ມາ" ເປົ່າ​ແກ​ເຂົາ​ສັດ​ເພື່ອ​ເຕືອນ​ເຖິງ​ອັນ​ຕ​ະລາຍ."</li></ul><p>(​ເບີ່ງເພີ້ມເຕີມ: Jehoshaphat, Moab)</p>  
almighty	<h2 id="section">@ມະ​ຫິດ​ທິຣິດ​</h2><h3 id="section-1">ນິຍາມ</h3><p>​ຄຳ​ວ່າ "​ມະ​ຫິດ​ທິ​ຣິດ" ແປ​ຕາມ​ຕົວ​ອັກ​ສອນໝາຍ​ຄວາມ​ວ່າ "ມີ​ຣິດ​ອຳ​ນາດທັງ​ໝົດ," ໃນ​ພ​ຣະຄັມ​ພີ​ແມ່ນ​ເວົ້າ​ເຖິງ​ພ​ຣະ​ເຈົ້າ.</p><ul><li>ຄຳ​ນຳ​ໜ້າ​ຊື່ "ຊົງ​ມະ​ຫິດ​ທິ​ຣິດ" ຫລື "ຜູ້​ຊົງ​ມະ​ຫິດ​ທິ​ຣິດ​ອົງ​ດຽວ" ໝາຍ​ເຖິງ​ພ​ຣະ​ເຈົ້າ ແລະ​ສະ​ແດງ​ໃຫ້​ເຫັນ​ວ່າ​ພ​ຣະ​ອົງ​ຊົງ​ມີ​ອຳນາດ​ແລະ​ສິດ​ທິ​ເໜືອ​ທຸກ​ສິ່ງ​ຢ່າງ​ສົມ​ບຸນ.</li><li>ຄຳ​ນີ້​ໃຊ້​ເພື່ອ​ອະ​ທິ​ບາຍເຖິງ​ພ​ຣະ​ເຈົ້າ ໂດຍ​ເອີ້ນ​ວ່າ "ພ​ຣະ​ເຈົ້າ​ຜູ້​ຊົງ​ມະ​ຫິດ​ທິ​ຣິດ" ຫລື "ພ​ຣະ​ເຈົ້າ​ຜູ້​ຊົງ​ຣິດ​ທາ​ນຸ​ພາບ​ສູງ​ສຸດ" ຫລື "ອົງ​ພ​ຣະ​ຜູ້​ເປັນ​ເຈົ້າ​ພ​ຣະ​ເຈົ້າ​ຜູ້​ຊົງ​ຣິດ​ທາ​ນຸ​ພາບ​ສູງ​ສຸດ" ຫລື "ອົງ​ພ​ຣະ​ຜູ້​ເປັນ​ເຈົ້າ ຜູ້​ຊົງ​ຣິດ​ທາ​ນຸ​ພາບ​ສູງ​ສຸດ."</li></ul><h3 id="section-2">ຄຳແນະ​ນຳ​ໃນ​ການ​ແປ</h3><ul><li>ຄຳ​ນີ້​ສາ​ມາດ​ແປ​ໄດ້​ອີກວ​່າ "ມີ​ອຳ​ນາດ​ເໜືອ​ທັງ​ໝົດ​ທັງ​ປວງ" ຫລື "ອົງ​ດຽວ​ທີ່​ມີ​ຣິດ​ອຳ​ນາດ​ຢ່າງ​ສົມ​ບຸນ" ຫລື "ພ​ຣະ​ເຈົ້າ​ຜູ້​ຊົງ​ມີ​ຣິດ​ອຳ​ນາດ​ຢ່າງ​ສົມ​ບູນ."</li><li>ວິ​ທີ​ແປ​​​ເນື້ອຫານີ້​ມີ​ຫລາຍ​ຢ່າງ "ອົງ​ພ​ຣະ​ຜູ້​ເປັນ​ເຈົ້າ ພ​ຣະ​ເຈົ້າ​ຜູ້​ຊົງ​ມີ​ຣິດສູງ​ສຸດ" ຊຶ່ງ​ສາ​ມາດ​ລວມ​ເຖິງ "ພ​ຣະ​ເຈົ້າ​ຜູ້​ຄອບ​ຄອງ" ຫລື "ພ​​ຣະ​ເຈົ້າ​ຜູ້​ຊົງ​ມະ​ຫິທິ​ຣິດ ຜູ້​ເປັນ​ເຈົ້າ​ນາຍ​ເໜືອ​ທຸກ​ສິ່ງ​ທຸກ​ຢ່າງ."</li></ul>  
alms	<h2 id="section">@​ທານ</h2><h3 id="section-1">ນິຍາມ</h3><p>​ຄຳ​ວ່າ "ທານ" ເວົ້າ​ເຖິງ​ເງິນ, ອາ​ຫານ, ຫລື​ສິ່ງ​ອື່ນໆ​ທັງ​ຫລາຍ​ທີ່​ໃຫ້​ເພື່ອ​ຊ່ວຍ​ເຫລື​ອຄົນ​ຍາກ​ຈົນ.</p><ul><li>ຫລາຍ​ເທື່ອ​ການ​ໃຫ້​ທານ​ມັກ​ຖືກ​ເບິ່ງວ່າ​ເປັນ​ສິ່ງ​ທີ່​ສາ​ສນາ​ຂອງ​ພວກ​ເຂົາ​ຕ້ອງ​ການ​ໃຫ້​ພວ​ກ​ເຂົາ​ເຮັດ ​ເພື່ອ​ຈະ​ໄດ້​ເປັນ​ຄົນ​ຊອບ​ທັມ.</li><li>ພ​ຣະ​ເຢ​ຊູ​ຊົງ​ໃດ້​ຕັດ​ວ່າ ການ​ໃຫ້​ທານບໍ່​ຄວນ​ເຮັດ​ຕໍ່​ໜ້າ​ຄົນ​ເພື່ອ​ຈະ​ໃຫ້​ຄົນ​ອື່ນ​ໄດ້​ເຫັນ.</li><li>ຄຳ​ນີ້​ອາດ​ແປ​ໄດ້​ອີກວ່າ "ເງິນ" ຫລື "ຂອງ​ແຈກ​ຈ່າຍ​ແກ່​ຄົນ​ຍາກ​ຈົນ" ຫລື "ການ​ຊ່ວຍ​ເຫລືອ​ສຳ​ລັບ​ຄົນ​ຍາກ​ຈົນ."</li></ul>  
altar	<h2 id="section">@ແທ່ນບູຊາ</h2><h3 id="section-1">ນິຍາມ</h3><p>ແທ່ນບູຊາເປັນບ່ອນສ້າງສູງທີ່ຕັ້ງຂື້ນຈາກພື້ນຂຶ້ນມາ ຊຶ່ງຄົນອິສະຣາເອນໃຊ້ເປັນບ່ອນເຜົາສັດ ແລະເມັດພືດຕ່າງໆເພື່ອເປັນບູຊາຖວາຍແດ່ພຣະເຈົ້າ.</p><ul><li>ໃນສະໄໝຂອງພຣະຄັມພີ ແທ່ນບູຊາຢ່າງງ່າຍໆ ມັກຈະທຳຂຶ້ນມາຈາກການປັ້ນຂຶ້ນເປັນຮູບຫລືການເອົາກ້ອນຫີນກ້ອນໃຫຍ່ມາເຮັດເປັນກອງກັນຂຶ້ນໃຫ້ໝັ້ນຄົງ.</li><li>ແທ່ນບູຊາແບບພິເສດບາງຊະນິດທີ່ເປັນຮູບຊົງແລ້ວກໍຈະທຳມາຈາກໄມ້ແລ້ວຫຸ້ມຫໍ່ດ້ວຍໂລຫະເຊັ່ນ ຄຳ, ທອງເຫລືອງ, ຫລືທອງສຳຣິດ.</li><li>ປະຊາຊົນກຸ່ມອື່ນໆ ທີ່ອາໃສຢູ່ໃກ້ອິສະຣາເອນກໍໄດ້ສ້າງແທ່ນບູຊາເພື່ອຖວາຍບູຊາແດ່ພຣະຂອງພວກເຂົາ</li></ul>  
altar of incense	<h2 id="section">@ແທ່ນເຜົາເຄື່ອງຫອມ</h2><h3 id="section-1">ນິຍາມ</h3><p>ແທ່ນເຜົາເຄື່ອງຫອມເປັນເຄື່ອງໃຊ້ອັນໜຶ່ງທີ່ປະໂລຫິດຈະໃຊ້ເຜົາເຄື່ອງຫອມໃຫ້ເຜົາບູຊາແດ່ພຣະເຈົ້າແລະມີຊື່ເອີ້ນອີກວ່າແທ່ນບູຊາທອງຄຳ.</p><ul><li>ແທ່ນເຜົາເຄື່ອງຫອມທຳຈາກໄມ້ ແລະດ້ານເທິງແລະດ້ານຂ້າງຈະຖືກຫໍ່ຫຸ້ມດ້ວຍທອງຄຳ ມີຄວາມຍາວປະມານເຄິ່ງແມັດຄວາມກວ້າງເຄິ່ງແມັດ ແລະຄວາມສູງໜຶ່ງແມັດ.</li><li>ໃນຕອນທຳອິດແທ່ນນີ້ຈະຖືກເກັບໄວ້ໃນພັບພາ ຕໍ່ມາຖືກເກັບໄວ້ໃນພຣະວິຫານ.</li><li>ທຸກຕອນເຊົ້າແລະຕອນແລງ ປະໂລຫິດທ່ານຈະເຜົາເຄື່ອງຫອມເທິງແທ່ນບູຊາ.</li><li>ຄຳນີ້ສາມາດແປໄດ້ອີກວ່າ"ແທ່ນສຳຫລັບໃຊ້ເຜົາເຄື່ອງຫອມ" ຫຼື "ແທ່ນບູຊາທອງຄຳ" ຫຼື "ທີ່ເຜົາເຄື່ອງຫອມ" ຫຼື "ໂຕະເຄື່ອງຫອມ"</li></ul>  
amalekite	<h2 id="section">@ອາມາເລກ, @ຄົນອາມາເລກ</h2><h3 id="section-1">ຂໍ້ເທັດຈິງ</h3><p>ຄົນອາມາເລກເປັນກຸ່ມຄົນທີ່ເລ້ລ້ອນໝູ່ໜຶ່ງເຊິ່ງອາໃສຢູ່ທົ່ວໄປໃນຕອນໃຕ້ຂອງແຜ່ນດິນຄານາອານ, ຈາກທະເລຊາຍເນເກບໄປຈົນເຖິງອາລາເບຍ. ຄົນກຸ່ມນີ້ເປັນເຊື້ອສາຍຂອງອາມາເລກ ຜູ້ເປັນຫລານຊາຍຂອງເອຊາວ.</p><ul><li>ຄົນອາມາເລກເປັນສັດຕູຄູ່ອາຄາດຂອງຄົນອິສະຣາເອນຕັ້ງແຕ່ເມື່ອອິສະຣາເອນອາໃສ່ໃນແຜ່ນດິນຄານາອານຄັ້ງທຳອິດ.</li><li>ບາງຄັ້ງຄຳວ່າ "ອາມາເລກ" ຖືກໃຊ້ເປັນພາບເລັງເຖິງຄົນອາມາເລກທັ້ງໝົດ (ເບິ່ງເພີ້ມເຕີມ: <a href="https://read.bibleineverylanguage.org/WA-Catalog/lo_tm?section=translate#figs-synecdoche" target="_blank" data-is-rc-link="" data-repo="lo_tm" data-user="WA-Catalog" data-page="translate" data-topic="figs-synecdoche" data-type="tm">figs-synecdoche</a>)</li><li>ຄັ້ງໜຶ່ງໃນສົງຄາມຕໍ່ສູ້ກັບຄົນອາມາເລກ, ເມື່ອໂມເຊຍົກມືຂອງທ່ານຂຶ້ນ ຄົນອິສະຣາເອນກໍ່ໄດ້ຊັຍຊະນະ, ເມື່ອໂມເຊເມື່ອຍແລະມືຕົກລົງ ຄົນອິສະຣາເອນກໍພ່າຍແພ້. ດັ່ງນັ້ນອາໂລນແລະເຮີຈຶ່ງໄດ້ຈັບມືຂອງໂມເຊຍົກຂຶ້ນຈົນກະທັ້ງຄົນອິສະຣາເອນໄດ້ເອົາຊະນະກອງທັບອາມາເລກ.</li><li>ທັງກະສັດຊາອູນແລະກະສັດດາວິດໄດ້ເຄີຍນຳກອງທັບບຸກໂຈມຕີຄົນອາມາເລກ.</li><li>ຄັ້ງໜຶ່ງຫລັງຈາກທີ່ມີຊັຍຊະນະເໜືອຄົນອາມາເລກ,ກະສັດຊາອູນບໍ່ເຊື່ອຟັງພຣະເຈົ້າໂດຍແອບເກັບຂອງທີ່ຢຶດມາໄດ້ ແລະບໍ່ໄດ້ຂ້າກະສັດຂອງຄົນອາມາເລກຕາມທີ່ພຣະເຈົ້າໄດ້ບັນຊາໃຫ້ທຳ.</li></ul>  
amazed	<h2 id="section">@ບຸກຄົນຫຼືສິ່ງຂອງທີ່ທຳໃຫ້ປະຫລາດໃຈ ,@ສິ່ງທີ່ທຳໃຫ້ປະຫລາດໃຈ, @ປະຫລາດໃຈ,@ ທຳໃຫ້ປະຫລາດໃຈ, @ທຳໃຫ້ຕົກໃຈ.</h2><h3 id="section-1">ນິຍາມ</h3><p>ຄຳທັງໝົດເວົ້າເຖິງສິ່ງທີ່ທຳໃຫ້ປະຫລາດໃຈເພາະວ່າບາງສິ່ງທີ່ພິເສດທີ່ເກີດຂື້ນ.</p><ul><li>ບາງຄຳເຫລົ່ານີ້ແປມາຈາກພາສາກຣີກທີ່ແສດງອອກເຖິງຕາມໝາຍວ່າ"ຖືກຈູ່ໂຈມດ້ວຍຄວາມຕົກໃຈ" ຫຼື "ການຢືນຂ້າງນອກຂອງ (ຕົວເອງ)" ການສະແດງອອກເຫລົ່ານີ້ ສະແດງເຖິງວ່າປະຫລາດໃຈຫລາຍເທົ່າໃດ ຫຼື ທຳໃຫ້ບຸກຄົນຕົກໃຈໃນແບບເປັນຄວາມຮູ້ສຶກ ພາສາອື່ນໆອາດສະແດງອອກທີ່ຈະສະແດງຢ່າງນີ້.</li><li>ປົກກະຕິແລ້ວເຫດການນັ້ນທຳໃຫ້ຮູ້ສືກປະຫລາດໃຈແລະຕົກໃຈຫລາຍຄືການອັດສະຈັນ, ບາງສິ່ງທີ່ພຣະເຈົ້າຊົງທຳ.</li><li>ຄວາມໝາຍຂອງຄຳເຫລົ່ນີ້ສາມາດລວມໄປເຖິງຄວາມຮູ້ສຶກຂັດແຍ້ງເພາະວ່າສິ່ງທີ່ໄດ້ເກີດຂື້ນເປັນສິ່ງທີ່ບໍ່ຄາດຄິດເລີຍ.</li><li>ອີກຫລາຍໆທາງທີ່ຈະແປຄຳເຫລົ່ານີ້ສາມາດແປໄດ້ວ່າ"ປະຫລາດໃຈຢ່າງສຸດໆ" ຫຼື "ຕື່ນຕົກໃຈຫລາຍໆ "</li><li>ຄຳຕ່າງໆທີ່ກຽວຂ້ອງ: "ສິ່ງທີ່ທຳໃຫ້ປະຫລາດໃຈ" (ຄວາມຕົກໃຈ, ຄວາມປະຫລາດໃຈ) "ຄວາມຕົກໃຈ" ແລະ "ຄວາມປະຫລາດໃຈ"</li><li>ໂດຍທົ່ວໄປຄຳເຫລົ່ານີ້ໃຊ້ໃນທາງບວກ ແລະສະແດງວ່າປະຊາຊົນມີຄວາມສຸກກຽ່ວກັບສິ່ງທີ່ເກີດຂື້ນ.</li></ul>  
amaziah	<h2 id="section">@ອາມາຊີຢາ</h2><h3 id="section-1">ຂໍ້ເທັດຈິງ</h3><p>ອາມາຊີຢາໄດ້ກາຍເປັນກະສັດປົກຄອງເຫນືອອານາຈັກຢູດາເມື່ອກະສັດໂຢອາດ,ພໍ່ຂອງເພິ່ນ,ຖືກເສຍຊີວິດ.</p><ul><li>ກະສັດ ອາມາຊີຢາໄດ້ປົກຄອງເໜືອຢູດາ ເປັນເວລາຊາວເກົ້່າປີ, ຈາກປີ 796 ກ.ຄ.ສ. ເຖິງ 767 ກ.ຄ.ສ.</li><li>ພຣະອົງຊົງເປັນກະສັດທີ່ດີ ແຕ່ພຣະອົງຊົງບໍ່ໄດ້ທຳລາຍສະຖານສູງທັງຫຼາຍທີ່ຊຶ່ງໃຊ້ບູຊາຮູບເຄົາລົບ.</li><li>ກະສັດອາມາຊີຢາ ຊົງໄດ້ປະຫານບັນດາຄົນທີ່ມີສ່ວນໃນການປົງພຣະຊົນພຣະບິດາຂອງພຣະອົງ.</li><li>ພຣະອົງຊົງເອົາຊະນະຄົນເອໂດມທີ່ກະບົດ ແລະທຳໃຫ້ພວກເຂົາຢູ່ພາຍໃຕ້ການປົກຄອງຂອງອານາຈັກຢູດາ.</li><li>ພຣະອົງຊົງທ້າທາຍກະສັດເຢໂຮອາດຂອງອິສະຣາເອນໃຫ້ມາສູ້ຮົບກັນ ແຕ່ກັບພ່າຍແພ້.ກຳແພງເມືອງເຢຣູຊາເລັມສ່ວນນຶ່ງໄດ້ພັງລົງມາ ແລະພາຊະນະເງິນແລະຄຳທັງຫຼາຍຂອງພຣະວິຫານໄດ້ຖືກລັກໄປ.</li><li>ຫຼາຍປີຕໍ່ມາກະສັດ ອາມາຊີຢາ ຊົງໄດ້ຫັນຫຼັງໃຫ້ພຣະຢາເວ ແລະມີບາງຄົນໃນກຸງເຢຣູຊາເລັມໄດ້ວາງແຜນຮ່ວມກັນແລະໄດ້ປົງພຣະຊົນພຣະອົງ.</li></ul>  
ambassador	<h2 id="section">@ທູດ, @ຜູ້ສື່ສານ, @ຕົວແທນ</h2><h3 id="section-1">ນິຍາມ</h3><p>ທູດເປັນບຸກຄົນທີ່ຖືກເລືອກຢ່າງເປັນທາງການເພື່ອໃຫ້ເປັນຕົວແທນປະເທດຂອງເຂົາ,ໃນການຕິດຕໍ່ສຳພັນກັບປະເທດອື່ນໆ. ແລະກໍໃຊ້ເປັນພາບປຽບທຽບແລະບາງຄັ້ງກໍຖືກແປໃຫ້ເປັນແບບທົ່ວໄປວ່າ "ຕົວແທນ."</p><ul><li>ທູດຫຼືຕົວແທນຈະນຳຂ່າວສານຈາກບຸກຄົນຫຼືທາງການທີ່ສົ່ງເຂົ້າໄປໃຫ້ປະຊາຊົນຊາບ.</li><li>ໂດຍທົ່ວໆໄປຄຳວ່າ "ຕົວແທນ" ກ່າວເຖິງບາງຄົນທີ່ໄດ້ຮັບສິດອຳນາດທີ່ຈະກະທຳແລະເວົ້າແທນບຸກຄົນທີ່ເຂົາເປັນຕົວແທນຢູ່.</li><li>ອັກຄະທູດໂປໂລໄດ້ສອນໄວ້ວ່າຄຣິດສະຕຽນເປັນ "ທູດ" ຫຼື "ຕົວແທນ"ຂອງພຣະຄຣິດໃນໂລກນີ້ ແລະສັ່ງສອນຂ່າວສານຂອງພຣະອົງໃຫ້ແກ່ຄົນອື່ນ.</li><li>ຄຳວ່າ "ທູດ" ສາມາດແປໄດ້ວ່າ "ຕົວແທນຢ່າງເປັນທາງການ" ຫຼື</li></ul><p>"ຜູ້ສື່ສານທີ່ໄດ້ຮັບການແຕ່ງຕັ້ງ" ຫຼື "ຕົວແທນທີ່ຖືກເລືອກ" ຫຼື "ຕົວແທນທີ່ພຣະເຈົ້າໄດ້ຊົງແຕ່ງຕັ້ງໄວ້ ທັງນີ້ຂຶ້ນຢູ່ກັບເນື້ອຫາໃນບໍຣິບົດນັ້ນໆ.</p><ul><li>ຄຳວ່າ "ຄະນະທູດ" ສາມາດແປໄດ້ອີກວ່າ "ຜູ້ສື່ສານຢ່າງເປັນທາງບາງທ່ານ" ຫຼື  "ກຸ່ມຕົວແທນທີ່ໄດ້ຮັບການແຕ່ງຕັ້ງ" ຫຼື "ຄະນະຂ້າຣາດຊະການຂອງປະຊາຊົນທີ່ຈະເວົ້າກັບປະຊາຊົນທັງຫຼາຍ.</li></ul>  
amen	<h2 id="section">@ອາແມນ, @ແທ້ຈິງ,ແມ່ນແທ້ໆ</h2><h3 id="section-1">ນິຍາມ</h3><p>ຄຳວ່າ "ອາແມນ" ເປັນຄຳທີ່ໃຊ້ເນັ້ນຫຼືຮຽກຮ້ອງຄວາມສົນໃຈຕໍ່ສິ່ງທີ່ບຸກຄົນນັ້ນໄດ້ເວົ້າ,ມັກຈະໃຊ້ໃນຕອນທ້າຍຂອງຄຳອະທິຖານ ບາງຄັ້ງຄຳນີ້ຖືກແປວ່າ "ແທ້ຈິງ."</p><ul><li>ເມື່ອໃຊ້ໃນຕອນຈົບຂອງຄຳອະທິຖານ ຄຳວ່າ "ອາແມນ" ເປັນການສື່ເຖິງການເຫັນດ້ວຍກັບຄຳອະທິຖານ ຫຼືສະແດງເຖິງການປາດຖະໜາຫຼືຢາກໃຫ້ຄຳອະທິຖານນັ້ນສຳເລັດ.</li><li>ໃນຄຳສອນ ພຣະເຢຊູໃຊ້ຄຳວ່າ "ອາແມນ" ເພື່ອເນັ້ນເຖິງຄວາມຈິງໃນສິ່ງທີ່ພຣະອົງເວົ້າ.ພຣະອົງມັກຈະຕາມດ້ວຍປະໂຫຍກທີ່ວ່າ "ແລະເຮົາບອກແກ່ທ່ານວ່າ" ເພື່ອເລີ້ມສອນຕໍ່ໄປທີ່ກ່ຽວຂ້ອງກັບສິ່ງທີ່ພຣະອົງໄດ້ສັ່ງສອນໄປແລ້ວ.</li><li>ເມື່ອພຣະເຢຊູໃຊ້ຄຳວ່າ "ອາແມນ" ໃນລັກສະນະນີ້ ພຣະຄັມພີພາສາອັງກິດບາງສະບັບ(ແລະສະບັບULB)ແປຄຳນີ້ວ່າ "ແທ້ຈິງ" ຫຼື "ຈິງໆ."</li><li>ອີກຄຳໜຶ່ງທີ່ໝາຍຄວາມວ່າ "ແທ້ຈິງ" ບາງຄັ້ງກໍແປວ່າ "ແນ່ນອນ" ຫຼື "ແມ່ນແລ້ວ" ແລະຄຳນີ້ໄດ້ຖືກໃຊ້ເພື່ອເນັ້ນວ່າຜູ້ເວົ້າກຳລັງເວົ້າຫຍັງ.</li></ul><h3 id="section-2">ຂໍ້ແນະນຳໃນການແປ</h3><ul><li>ໃຫ້ພິຈາລະນາເບິ່ງວ່າພາສາທີ່ຈະແປນັ້ນມີຄຳຫຼືຄຳເວົ້າພິເສດທີ່ຈະໃຊ້ເນັ້ນບາງສິ່ງທີ່ໄດ້ເວົ້າໄປແລ້ວຫຼືບໍ່.</li><li>ເມື່ອໃຊ້ໃນຕອນທ້າຍຂອງຄຳອະທິຖານຫຼືເພື່ອຢືນຢັນບາງສິ່ງ "ອາແມນ" ກໍສາມາດແປໄດ້ອີກຢ່າງວ່າ "ຂໍໃຫ້ເປັນດັ່ງນັ້ນ" ຫຼື "ຂໍໃຫ້ສິ່ງນີ້ເກີດຂຶ້ນ" ຫຼື "ນັ້ນເປັນເລື່ອງຈິງ."</li><li>ເມື່ອພຣະເຢຊູເວົ້າວ່າ "ເຮົາບອກຄວາມຈິງແກ່ທ່ານວ່າ" ກໍສາມາດແປໄດ້ອີກຢ່າງວ່າ "ເຮົາບອກທ່ານຢ່າງຈິງໃຈວ່າ" ຫຼື "ນັ້ນຄືຄວາມຈິງແລະເຮົາຂໍບອກທ່ານວ່າ."</li><li>ຄຳເວົ້າທີ່ວ່າ "ແທ້ຈິງເຮົາບອກທ່ານວ່າ" ອາດແປໄດ້ອີກວ່າ "ເຮົາບອກເລື້ອງນີ້ແກ່ທ່ານຢ່າງຈິງໃຈວ່າ" ຫຼື "ເຮົາບອກເລື້ອງນີ້ແກ່ທ່ານດ້ວຍໃຈຮ້ອນຮົນວ່າ" ຫຼື "ສິ່ງທີ່ເຮົາກຳລັງບອກແກ່ທ່ານເປັນຄວາມຈິງ."</li></ul>  
ammon	<h2 id="section">@ອຳໂມນ, @ຄົນອຳໂມນ, @ຍິງອຳໂມນ</h2><h3 id="section-1">ຂໍ້ເທັດຈິງ</h3><p>ຄຳວ່າ "ປະຊາຊົນອຳໂມນ" ຫຼື "ຄົນອຳໂມນ" ຄືກຸ່ມຄົນໃນແຜ່ນດິນ ການາອານ ພວກເຂົາສືບເຊື້ອສາຍມາຈາກເບັນ-ອຳມີ ຜູ້ຊຶ່ງເປັນບຸດຊາຍຂອງ ໂລດ ທີ່ເກີດຈາກລູກສາວຄົນນ້ອຍຂອງ ໂລດ.</p><ul><li>ຄຳວ່າ "ຍິງອຳໂມນ" ກ່າວເຖິງຜູ້ຍິງອຳໂມນໂດຍສະເພາະ ຄຳນີ້ສາມາດແປໄດ້ອີກວ່າ "ຜູ້ຍິງຊາວອຳໂມນ."</li><li>ຄົນອຳໂມນອາໃສຢູ່ຝັ່ງຕາເວັນອອກຂອງແມ່ນ້ຳຈໍແດນແລະເປັນສັດຕູຂອງຄົນອິສະຣາເອນ.</li><li>ມີຄັ້ງໜຶ່ງ ຄົນອຳໂມນໄດ້ຈ້າງຜູ້ປະກາດພຣະຄັມຄົນໜຶ່ງຊື່ວ່າ ບາລາອາມ ເພື່ອໃຫ້ໄປສາບແຊ່ງອິສະຣາເອນ ແຕ່ພຣະເຈົ້າບໍ່ຊົງອະນຸຍາດ.</li></ul>  
amnon	<h2 id="section">@ອຳໂນນ</h2><h3 id="section-1">ຂໍ້ເທັດຈິງ</h3><p>ອຳໂນນ ເປັນໂອລົດຄົນໃຫຍ່ຂອງກະສັດດາວິດກັບອາລີໂນອຳ ມະເຫສີຂອງເພິ່ນ.</p><ul><li>ອຳໂນນໄດ້ຂົ່ມຂືນ ຕາມາ ນ້ອງສາວຕ່າງມານດາຂອງເຂົາ ຊຶ່ງເປັນນ້ອງສາວຂອງອັບຊາໂລມ.</li><li>ເພາະເຫດນີ້ ອັບຊາໂລມຈຶ່ງໄດ້ວາງແຜນຮ້າຍຕໍ່ອຳໂນນແລະໄດ້ຂ້າອຳໂນນເສຍ.</li></ul>  
amorite	<h2 id="section">@ຄົນອາໂມຣິດ</h2><h3 id="section-1">ຂໍ້ເທັດຈິງ</h3><p>ຄົນ ອາໂມຣິດ ເປັນກຸ່ມຄົນທີ່ມີອຳນາດຫຼາຍ ພວກເຂົາສືບເຊື້ອສາຍມາຈາກ ການາອານ ຊຶ່ງເປັນຫຼານຊາຍຂອງໂນອາ.</p><ul><li>ຊື່ຂອງພວກເຂົາມີຄວາມໝາຍວ່າ "ຜູ້ທີ່ຢູ່ສູງ" ຊຶ່ງອາດໝາຍເຖິງພື້ນທີ່ພູເຂົາທີ່ພວກເຂົາອາໃສຢູ່ ຫຼືເປັນຂໍ້ຄວາມຈິງທີ່ວ່າພວກເຂົາເປັນທີ່ຮູ້ຈັກກັນດີໃນເລື້ອງຄວາມເປັນຄົນຕົວສູງ.</li><li>ຄົນອາໂມຣິດອາໃສຢູ່ໃນພື້ນທີ່ທັງສອງຝັ່ງຂອງແມ່ນ້ຳຈໍແດນ ເມືອງໄອ ຄືທີ່ອາໃສຂອງຄົນອາໂມຣິດ.</li><li>ພຣະເຈົ້າໄດ້ເວົ້າເຖິງ "ຄວາມບາບຂອງຄົນອາໂມຣິດ" ຊຶ່ງໝາຍເຖິງການທີ່ພວກເຂົາບູຊາພຣະປອມແລະການກະທຳຜິດບາບລວມຢູ່ດ້ວຍ.</li><li>ໂຢຊູວາ ໄດ້ພາພວກຄົນອິສະຣາເອນບຸກໄປທຳລາຍຄົນອາໂມຣິດ ຕາມທີ່ພຣະເຈົ້າໄດ້ຊົງບັນຊາໃຫ້ທຳ.</li></ul>  
amos	<h2 id="section">@ອາໂມດ</h2><h3 id="section-1">ຂໍ້ເທັດຈິງ</h3><p>ອາໂມດເປັນຜູ້ປະກາດພຣະຄັມອິສະຣາເອນຄົນໜຶ່ງ ຊຶ່ງມີຊີວິດຢູ່ໃນສະໄໝຂອງ ອຸດຊີຢາ ກະສັດຢູດາ.</p><ul><li>ກ່ອນທີ່ທ່ານຈະຖືກເອີ້ນໃຫ້ເປັນຜູ້ປະກາດພຣະຄັມ,ອາໂມດເປັນຄົນລ້ຽງແກະແລະທຳສວນໝາກເດື່ອຢູ່ໃນອານາຈັກຢູດາ.</li><li>ອາໂມດໄດ້ພະຍາກອນຕໍ່ຕ້ານອານາຈັກຝ່າຍເໜືອ ຄືອິສະຣາເອນກ່ຽວກັບເລື້ອງທີ່ພວກເຂົາບໍ່ມີຄວາມຍຸດຕິທັມຕໍ່ປະຊາຊົນ.</li></ul>  
amoz	<h2 id="section">@ອາມອດ</h2><h3 id="section-1">ຂໍ້ເທັດຈິງ</h3><p>ອາມອດເປັນບິດາຂອງຜູ້ປະກາດພຣະຄັມ ອິຊາຢາ</p><ul><li>ທ່ານຖືກກ່າວເຖິງໃນພຣະຄັມພີພຽງຄັ້ງດຽວເພື່ອສະແດງເຖິງທີ່ມາຂອງ ອິຊາຢາວ່າ "ເປັນບຸດຊາຍຂອງອາມອດ."</li><li>ຊື່ນີ້ແຕກຕ່າງຈາກຊື່ຂອງຜູ້ປະກາດພຣະຄັມ ອາໂມດແລະຄວນສະກົດຄຳນີ້ໃຫ້ແຕກຕ່າງກັນດ້ວຍ.</li></ul>  
andrew	<h2 id="section">@ອັນເດອາ</h2><h3 id="section-1">ຂໍ້ເທັດຈິງ</h3><p>ອັນເດອາ ເປັນໜຶ່ງໃນຜູ້ຊາຍສິບສອງຄົນທີ່ພຣະເຢຊູຊົງໄດ້ເລືອກໃຫ້ເປັນສາວົກທີ່ໃກ້ຊິດທີ່ສຸດ(ພາຍຫຼັງເອີ້ນວ່າພວກອັກຄະທູດ).</p><ul><li>ອ້າຍຂອງອັນເດອາຄືຊີໂມນ ເປໂຕ ພວກເຂົາທັງສອງເປັນຊາວປະມົງ.</li><li>ເປໂຕແລະອັນເດອາກຳລັງຫາປາໃນທະເລກາລີເລ ເມື່ອພຣະເຢຊູຊົງຮຽກເອີ້ນພວກເຂົາໃຫ້ມາເປັນສາວົກຂອງພຣະອົງ.</li><li>ກ່ອນທີ່ເປໂຕແລະອັນເດອາຈະພົບກັບພຣະເຢຊູ ພວກເຂົາເຄີຍເປັນສາວົກຂອງໂຢຮັນຜູ້ໃຫ້ບັບຕິສະມາມາກ່ອນ.</li></ul>  
angel	<h2 id="section">@ທູດສະຫວັນ, @ຫົວໜ້າທູດສະຫວັນ</h2><h3 id="section-1">ນິຍາມ</h3><p>ທູດສະຫວັນເປັນວິນຍານທີ່ມີອຳນາດຫຼາຍທີ່ພຣະເຈົ້າຊົງໄດ້ສ້າງ.ທູດສະຫວັນມີຢູ່ເພື່ອຮັບໃຊ້ພຣະເຈົ້າໂດຍທຳຕາມທີ່ພຣະເຈົ້າຊົງບັນຊາໃຫ້ທຳ.ຄຳວ່າ ຫົວໜ້າທູດສະຫວັນ ໝາຍເຖິງທູດສະຫວັນຜູ້ທີ່ປົກຄອງຫຼືຜູ້ນຳທູດສະຫວັນອື່ນໆທັງໝົດ.</p><ul><li>ຄຳວ່າ "ທູດສະຫວັນ" ໝາຍຄວາມຕາມຕົວອັກສອນວ່າ "ຜູ້ສົ່ງຂ່າວ."  * ຄຳວ່າ "ຫົວໜ້າທູດສະຫວັນ" ໝາຍຄວາມຕາມຕົວອັກສອນວ່າ "ຫົວໜ້າຜູ້ສົ່ງຂ່າວ" ມີທູດສະຫວັນອົງດຽວທີ່ຖືກເວົ້າເຖິງໃນພຣະຄັມພີວ່າເປັນ "ຫົວໜ້າທູດສະຫວັນ" ຄື ມີຄາເອນ.</li><li>ໃນພຣະຄັມພີ ທູດສະຫວັນຈະນຳຂ່າວສານມາຈາກພຣະເຈົ້າມາໃຫ້ມະນຸດ.ຂ່າວສານເຫຼົ່ານີ້ລວມທັງຂໍ້ແນະນຳຕ່າງໆທີ່ພຣະເຈົ້າຕ້ອງການໃຫ້ມະນຸດກະທຳ.</li><li>ທູດສະຫວັນບອກມະນຸດເຖິງເຫດການຕ່າງໆທີ່ກຳລັງຈະເກີດຂຶ້ນໃນອະນາຄົດຫຼືເຫດການຕ່າງໆທີ່ໄດ້ເກີດຂຶ້ນໄປແລ້ວດ້ວຍ.</li><li>ທູດສະຫວັນມີສິດອຳນາດຂອງພຣະເຈົ້າໃນຖານະທີ່ເປັນຕົວແທນຂອງພຣະອົງແລະໃນພຣະຄັມພີ ບາງຄັ້ງພວກທູດສະຫວັນກໍຈະເວົ້າເໝືອນດັ່ງກັບວ່າພຣະເຈົ້າກຳລັງເວົ້າເອງ.</li><li>ວິທີອື່ນໆທີ່ທູດສະຫວັນຮັບໃຊ້ພຣະເຈົ້າຄື ການປົກປ້ອງແລະເສີມກຳລັງມະນຸດ.</li><li>ຄຳເວົ້າພິເສດເຊັ່ນ "ທູດສະຫວັນຂອງພຣະຢາເວ"ມີຄວາມໝາຍໄດ້ຫຼາຍຢ່າງເຊັ່ນ 1.)ອາດໝາຍເຖິງ "ທູດສະຫວັນທີ່ເປັນຕົວແທນຂອງພຣະຢາເວ" ຫຼື "ຜູ້ສົ່ງຂ່າວທີ່ຮັບໃຊ້ພຣະຢາເວ" 2.)ອາດໝາຍເຖິງພຣະຢາເວ ເອງຜູ້ຊົງເບິ່ງແລ້ວຄ້າຍຄືທູດສະຫວັນໃນຂະນະທີ່ພຣະອົງຊົງເວົ້າກັບມະນຸດ ຫຼື ໜຶ່ງໃນຄວາມໝາຍເຫຼົ່ານີ້ອາດອະທິບາຍເຖິງບ່ອນທີ່ວ່າ ທູດສະຫວັນໃຊ້ຄຳວ່າ "ເຮົາ" ເໝືອນກັບເປັນພຣະຢາເວກຳລັງເວົ້າເອງ .</li></ul><h3 id="section-2">ຂໍ້ແນະນຳໃນການແປ</h3><ul><li>ຫຼາຍວິທີທີ່ຈະແປຄຳວ່າ "ທູດສະຫວັນ" ອາດລວມເຖິງຄຳວ່າ "ຜູ້ສົ່ງຂ່າວຈາກພຣະເຈົ້າ" ຫຼື "ຜູ້ຮັບໃຊ້ແຫ່ງຟ້າສະຫວັນຂອງພຣະເຈົ້າ" ຫຼື "ຜູ້ສົ່ງຂ່າວແຫ່ງພຣະວິນຍານຂອງພຣະເຈົ້າ".</li><li>ຄຳວ່າ "ຫົວໜ້າທູດສະຫວັນ" ອາດແປໄດ້ອີກວ່າ "ຜູ້ນຳຂອງທູດສະຫວັນ" ຫຼື "ຫົວໜ້າທີ່ປົກຄອງທູດສະຫວັນ" ຫຼື "ຜູ້ນຳທູດສະຫວັນ."</li><li>ໃຫ້ພິຈາລະນາເຖິງການແປຄຳເຫຼົ່ານີ້ໃນພາສາກາງຫຼືໃນພາສາທ້ອງຖິ່ນດ້ວຍ.</li><li>ຄຳເວົ້າທີ່ວ່າ "ທູດສະຫວັນຂອງພຣະຢາເວ" ຄວນແປໂດຍໃຊ້ຄຳສຳລັບ "ທູດສະຫວັນ"  ແລະ "ພຣະຢາເວ" ຊຶ່ງຈະສາມາດໃຊ້ຄຳນີ້ໃນຮູບແບບທີ່ແຕກຕ່າງກັນໄດ້ ຫຼື ອາດແປໄດ້ອີກວ່າ "ທູດສະຫວັນຈາກພຣະຢາເວ" ຫຼື "ທູດສະຫວັນທີ່ຖືກສົ່ງມາໂດຍພຣະຢາເວ" ຫຼື "ພຣະຢາເວຜູ້ຊົງດູເໝືອນທູດສະຫວັນ."</li></ul>  
angry	<h2 id="section">@ໂກດຮ້າຍ, @ໂມໂຫ, @ພຣະພິໂຣດ</h2><h3 id="section-1">ນິຍາມ</h3><p>ການ "ໂກດຮ້າຍ" ຫຼື "ໂມໂຫ" ໝາຍເຖິງການບໍ່ພໍໃຈຢ່າງແຮງ ຫງຸດຫງິດແລະບໍ່ພໍໃຈໃນບາງຢ່າງຫຼືໃນບາງຄົນ.</p><ul><li>ເມື່ອມະນຸດໂກດຮ້າຍ ມັກຈະເປັນຄວາມບາບແລະເຫັນແກ່ຕົວ ແຕ່ບາງຄັ້ງກໍເປັນການໂກດຮ້າຍທີ່ຊອບທັມຕໍ່ສູ້ກັບຄວາມອະຍຸດຕິທັມຫຼືການກົດຂີ່ຂົ່ມເຫັງ.</li><li>ຄວາມໂກດຮ້າຍຂອງພຣະເຈົ້າ(ທີ່ເອີ້ນວ່າ ພຣະພິໂຣດ)ສະແດງເຖິງຄວາມບໍ່ພໍພຣະທັຍຢ່າງຍິ່ງຂອງພຣະອົງຕໍ່ບາບ.</li><li>ຄຳວ່າ "ຍຸຍົງໃຫ້ໂກດຮ້າຍ" ໝາຍຄວາມວ່າ "ທຳໃຫ້ເກີດຄວາມໂກດຮ້າຍ."</li></ul>  
anguish	<h2 id="section">@ຄວາມທຸກໃຈ, @ເຈັບປວດສາຫັດ, @ແສນລະທົມ</h2><h3 id="section-1">ນິຍາມ</h3><p>ຄຳວ່າ "ທຸກໃຈ" ນີ້ກ່າວເຖິງຄວາມເຈັບປວດຮຸນແຮງຫຼືຄວາມໂສກເສົ້າ</p><ul><li>ຄວາມທຸກໃຈນີ້ສາມາດໝາຍເຖິງວ່າຄວາມທຸກຝ່າກາຍຫຼືທາງອາລົມກະໄດ້</li><li>ຫລາຍຄັ້ງຄົນທີ່ທຸກໃຈຢ່າງຫລວງຫລາຍມັກແສດງອອກທາງສີໜ້າແລະການກະທຳ.</li><li>ຕົວຢ່າງເຊັ່ນຄົນທີ່ເຈັບປວດຫລາຍຈະກັດແຂ້ວຫຼືຮ້ອງອອກມາ</li><li>ຄຳວ່າ "ທຸກໃຈ" ອາດແປໄດ້ອີກວ່າ "ມີອາລົມໂສກເສົ້າ" ຫຼື "ເສຍໃຈຢ່າງເລິກເຊິ່ງ" ຫຼື "ເຈັບປວດຢ່າງຫລາຍ"</li></ul>  
annas	<h2 id="section">@ອັນນາດ</h2><h3 id="section-1">ຂໍ້ເທັດຈິງ</h3><p>ອັນນາດ ເປັນມະຫາປະໂລຫິດໃນກຸງເຢຣູຊາເລັມເປັນເວລາ 10 ປີປະມານປີ ຄ.ສ. 6 ເຖິງ ຄ.ສ. 15 ແລະຖືກຣັຖະບານໂຣມປົດອອກຈາກການເປັນປະໂລຫິດ, ແຕ່ເຂົາກະຢູ່ເປັນຜູ້ນຳທີ່ຊົງອິດທິພົນຕໍ່ຄົນຢິວຕໍ່ໄປ.</p><ul><li>ອັນນາດ ເປັນພໍ່ເຖົ້າຂອງຄາຢາຟັດມະຫາປະໂລຫິດໃນສະໄໝທີ່ພຣະເຢຊູເຈົ້າຊົງທຳພັນທະກິດ.</li><li>ຫລັງຈາກມະຫາປະໂລຫິດກະສຽນແລ້ວ, ພວກເຂົາຢັງຄົງໃຫ້ໃຊ້ຊື່ຕຳແໜ່ງຕໍ່ໄປ, ພ້ອມກັບມີໜ້າທີ່ຮັບຜິດຊອບຢູ່ນຳ, ດັ່ງນັ້ນອັນນາດຍັງຖືກເອີ້ນວ່າເປັນມະຫາປະໂລຫິດຢູ່ໃນຍຸກ ຄາຢາຟັດແລະຄົນອື່ນໆ.</li><li>ໃນຊ່ວງການແກ້ຄະດີຕໍ່ໜ້າ ຄາຢາຟັດ ພຣະເຢຊູເຈົ້າຖືກນຳມາໃຫ້ອັນນາດ ໄຕ່ສວນກ່ອນ.</li></ul>  
anoint	<h2 id="section">@ເຈີມ, @ໄດ້ເຈີມ</h2><h3 id="section-1">ນິຍາມ</h3><p>ຄຳວ່າ "ເຈີມ" ໝາຍເຖິງການເອົານ້ຳມັນທາຫຼືເທເທິງບຸກຄົນຫຼືວັດຖຸ. ບາງຄັ້ງນ້ຳມັນນັ້ນຖືກປະສົມກັບເຄື່ອງເທດ, ມີກິ່ນດີມີກິ່ນນ້ຳຫອມ, ຄຳນີ້ໃຊ້ປຽບທຽບໝາຍເຖິງການເລືອກຂອງພຣະວິນຍານບໍຣິສຸດແລະໃຫ້ອຳນາດກັບບາງຄົນດ້ວຍ.</p><ul><li>ໃນພັນທະສັນຍາເດີມພວກປະໂລຫິດແລະກະສັດ ແລະຜູ້ປະກາດພຣະທັມໄດ້ເຈີມດ້ວຍນ້ຳມັນເພື່ອແຕ່ງຕັ້ງພວກເຂົາແຍກໄວ້ຕ່າງຫາກເພື່ອຮັບໃຊ້ພຣະເຈົ້າ.</li><li>ວັດຖຸຢ່າງເຊັ່ນແທນບູຊາແລະພັບພາ ກໍ່ໄດ້ເຈີມດ້ວຍນ້ຳມັນເພື່ອສະແດງວ່າສິ່ງເຫລົ່ານີ້ຖືກໃຊ້ເພື່ອນະມັດສະການແລະຖວາຍກຽດແດ່ພຣະເຈົ້າ.</li><li>ໃນພັນທະສັນຍາໃໝ່ ຄົນປ່ວຍກໍ່ຖືກເຈີມດ້ວຍນ້ຳມັນເພື່ອການຮັກສາໃຫ້ຫາຍປ່ວຍ.</li><li>ໃນພັນທະສັນຍາໃໝ່ບັນທືກໄວ້ສອງຄັ້ງ ພຣະເຢຊູເຈົ້າຖືກເຈີມດ້ວຍນ້ຳຫອມໂດຍຜູ້ຍິງຄົນໜຶ່ງ ເພື່ອເປັນການນະມັດສະການພຣະອົງ. ມີຄັ້ງໜຶ່ງພຣະເຢຊູເຈົ້າຊົງກ່າວວ່ານາງໄດ້ທຳເພື່ອເປັນການຕຽມຝັງພຣະສົບຂອງພຣະອົງໃນອານາຄົດ.</li><li>ຫລັງຈາກທີ່ພຣະເຢຊູເຈົ້າຊົງສີ້ນພຣະຊົນ, ບັນດາມິດສະຫາຍຂອງພຣະອົງໄດ້ຈັດຕຽມພຣະກາຍຂອງພຣະອົງໂດຍການຊາໂລມດ້ວນນ້ຳມັນແລະເຄື່ອງເທດ.</li><li>ຊື່ເອີ້ນວ່າ "ເມຊິຢາ" (ພາສາເຮັບເຣີ) ແລະ "ພຣະຄຣິດ" (ພາສາກຣີກ) ໝາຍຄວາມວ່າ "(ຜູ້ທີ່) ຖືກເຈີມ"</li><li>ພຣະເຢຊູເຈົ້າ ພຣະເມຊິຢາ ຄືຜູ້ທີ່ຖືກເລືອກຫຼືເຈີມເໝືອນຜູ້ປະກາດພຣະທັມ ມະຫາປະໂລຫິດ ແລະກະສັດ.</li></ul><h3 id="section-2">ຂໍ້ແນະນຳການແປ</h3><ul><li>ຄຳວ່າ "ເຈີມ" ອາດແປໄດ້ອີກວ່າ "ເທນ້ຳມັນເທິງ" ຫຼື "ທານ້ຳມັນເທິງ" ຫຼື "ຖວາຍໃຫ້ໂດຍການເທນ້ຳມັນຫອມລົງເທິງນັ້ນ" ທັງນີ້ຢູ່ກັບບໍຣິບົດນັ້ນໆ.</li><li>ການ "ຖືກເຈີມ" ອາດແປໄດ້ອີກວ່າ "ຖືກຖວາຍໃຫ້ດ້ວຍນ້ຳມັນ" ຫຼື "ຖືກແຕ່ງຕັ້ງ" ຫຼື "ຖືກມອບຖວາຍໄວ້"</li><li>ໃນບາງບໍຣິບົດຄຳວ່າ "ເຈີມ" ອາດແປໄດ້ອີກວ່າ "ແຕ່ງຕັ້ງ"</li><li>ຄຳທີ່ວ່າ "ປະໂລຫິດທີ່ຖືກເຈີມ" ອາດແປໄດ້ອີກວ່າ "ປະໂລຫິດຜູ້ຖືກຖວາຍໄວ້ດ້ວຍນ້ຳມັນ" ຫຼື "ປະໂລຫິດຜູ້ຖືກແຕ່ງຕັ້ງແຍກໄວ້ຕ່າງຫາກໂດຍຖືກມອບໄວ້ໂດຍການເທນ້ຳມັນເທິງເຂົາ."</li></ul>  
antichrist	<h2 id="section">@ສັດຕູພຣະຄຣິດເຈົ້າ, @ປໍລະປັກພຣະຄຣິດເຈົ້າ</h2><h3 id="section-1">ນິຍາມ</h3><p>ຄຳວ່າ "ສັດຕູພຣະຄຣິດເຈົ້າ" ກ່າວເຖິງບຸກຄົນຫຼືຄຳສອນທີ່ຕໍ່ຕ້ານພຣະເຢຊູຄຣິດເຈົ້າແລະພຣະຣາຊະກິດຂອງພຣະອົງ ມີສັດຕູຂອງພຣະຄຣິດເຈົ້າຢູ່ຫລວງຫລາຍໃນໂລກນີ້.</p><ul><li>ອັກຄະຣາທູດໂຢຮັນໄດ້ຂຽນໄວ້ວ່າ ຄົນຜູ້ເປັນສັດຕູພຣະຄຣິດ ເຂົາຈະຫລອກລວງຜູ້ຄົນໂດຍກ່າວວ່າ ພຣະເຢຊູເຈົ້າບໍ່ແມ່ນພຣະເມຊິຢາ ຫຼືປະຕິເສດວ່າພຣະເຢຊູເຈົ້າບໍ່ແມ່ນທັງພຣະເຈົ້າແລະມະນຸດ.</li><li>ພຣະຄັມພີຍັງສອນອີກວ່າມີວິນຍານທົ່ວໄປທີ່ເປັນສັດຕູພຣະຄຣິດເຈົ້າໃນໂລກນີ້ທີ່ຕໍ່ຕ້ານພຣະຣາຊະກິດຂອງພຣະເຢຊູເຈົ້າ.</li><li>ໃນພຣະຄັມພຣະນິມິດໃນພັນທະສັນຍາໃໝ່ອະທິບາຍວ່າ ຈະມີຄົນທີ່ເອີ້ນວ່າ "ສັດຕູພຣະຄຣິດເຈົ້າ" ມາປະກົດໃນວາລະສຸດທ້າຍ ຊາຍຄົນນີ້ຈະຫາທາງທຳລາຍປະຊາກອນຂອງພຣະເຈົ້າ ແຕ່ໃນທີ່ສຸດເຂົາຈະພ່າຍແພ້ແກ່ພຣະເຢຊູເຈົ້າ.</li></ul><h3 id="section-2">ຂໍ້ແນະນຳໃນການແປ</h3><ul><li>ມີອີກຫລາຍວິທີທີ່ຈະແປຄຳນີ້ ອາດຈະລວມເຖິງຄຳຫຼືຄຳເວົ້າທີ່ໝາຍເຖິງ "ຜູ້ຕໍ່ຕ້ານພຣະຄຣິດເຈົ້າ" ຫຼື "ສັດຕູພຣະຄຣິດເຈົ້າ" ຫຼື "ຄົນທີ່ຕໍ່ຕ້ານພຣະຄຣິດເຈົ້າ."</li><li>ຄຳເວົ້າທີ່ວ່າ "ວິນຍານຂອງສັດຕູພຣະຄຣິດເຈົ້າ" ອາດແປໄດ້ອີກວ່າ "ວິນຍານທີ່ຕໍ່ຕ້ານພຣະຄຣິດເຈົ້າ."</li></ul>  
antioch	<h2 id="section">@ອັນທິໂອກ</h2><h3 id="section-1">ຂໍ້ເທັດຈິງ</h3><p>ອັນທິໂອກ ເປັນຊື່ເມືອງສອງເມືອງໃນພັນທະສັນຍາໃໝ່. ເມືອງໜຶ່ງຢູ່ໃນແຄ້ວນຊີເຣຍ ໃກ້ກັບຊາຍຝັ່ງທະເລເມດີເເຕຣາເນ ອີກເມືອງຕັ້ງຢູ່ໃນແຄວ້ນປີຊິເດຍ,ຂອງອານາຈັກໂຣມ ໃກ້ກັບເມື່ອງໂກໂລຊາຍ.</p><ul><li>ຄຣິສຕະຈັກທ້ອງຖິ່ນໃນເມືອງອັນທິໂອກ ແຄ້ວນຊິເຣຍ ເປັນຄຣິສຕະຈັກແຫ່ງທຳອິດທີ່ບັນດາຜູ້ເຊື່ອຖືໃນພຣະເຢຊູເຈົ້າຖືກເອີ້ນວ່າ "ຄຣິສະຕຽນ" ຄຣິສຕະຈັກທີ່ນັ້ນໄດ້ຮ້ອນຮົນໃນການສົ່ງຜູ້ປະກາດຂ່າວປະເສີດໄປຍັງຄົນຕ່າງຊາດ.</li><li>ພວກຜູ້ນຳຄຣິສຕະຈັກໃນກຸງເຢຣູຊາເລັມໄດ້ສົ່ງຈົດໝາຍສະບັບໜຶ່ງໄປຍັງຜູ້ເຊື່ອຖືໃນຄຣິສຕະຈັກທີ່ເມືອງອັນທິໂອກ ແຄ້ວນຊີເຣຍເພື່ອຊ່ວຍໃຫ້ພວກເຂົາຮູ້ວ່າໃນການທີ່ຈະເປັນຄຣິສະຕຽນນັ້ນ ພວກເຂົາບໍ່ຕ້ອງຮັກສາບົດບັນຍັດຂອງໂມເຊ.</li><li>ໂປໂລ ບາຣະນາບັດແລະໂຢຮັນມາຣະໂກ ໄດ້ເດີນທາງໄປຍັງເມືອງອັນທິໂອກ ແຄ້ວນປິສິເດຍເພື່ອປະກາດຂ່າວປະເສີດ. ມີຄົນຢີວບາງຄົນຈາກເມືອງອື່ນໆ ມາສ້າງປັນຫາກໍ່ກວນແລະພະຍາຍາມຂ້າໂປໂລແຕ່ມີຄົນຫລວງຫລາຍທັງຄົນຢິວແລະຄົນຕ່າງຊາດໄດ້ຟັງຄຳສອນແລະໄດ້ເຊື່ອໃນພຣະເຢຊູເຈົ້າ.</li></ul>  
apollos	<h2 id="section">@ອາໂປໂລ</h2><h3 id="section-1">ຂໍ້ເທັດຈິງ</h3><p>ອາໂປໂລເປັນຄົນຢິວທີ່ມາຈາກເມືອງອາເລັກຊານເດຍໃນອີຢິບແລະເຂົາມີຄວາມສາມາດພິເສດໃນການສອນເລື້ອງພຣະເຢຊູເຈົ້າໃຫ້ກັບຜູ້ຄົນ.</p><ul><li>ອາໂປໂລເປັນຄົນທີ່ມີການສືກສາດີໃນພຣະຄັມພີເຮັບເຣີແລະມີຂອງປະທານໃນເລື້ອງຂອງການເວົ້າ.</li><li>ເຂົາໄດ້ຮັບການອົບຮົມຈາກຄຣິສະຕຽນສອງຄົນໃນເມືອງເອເຟໂຊຊື່ ອາຄິນລາແລະປິນສິລາ.</li><li>ໂປໂລເນ້້ນວ່າທ່ານແລະອາໂປໂລ ເປັນເຊັ່ນດຽວກັນກັບຜູ້ປະກາດຂ່າວປະເສີດແລະຄຣູຄົນອື່ນໆ ເຊິ່ງກຳລັງທຳງານເພື່ອເປົ້າໝາຍດຽວກັນໃນການຊ່ວຍໃຫ້ຜູ້ຄົນເຊື່ອໃນພຣະເຢຊູເຈົ້າ.</li></ul>  
apostle	<h2 id="section">@ສາວົກ, @ອັກຄະສາວົກ</h2><h3 id="section-1">ນິຍາມ</h3><p>“ ສາວົກ” ແມ່ນຜູ້ຊາຍທີ່ພຣະເຢຊູສົ່ງມາເພື່ອປະກາດກ່ຽວກັບພຣະເຈົ້າແລະຣາຊະອານາຈັກຂອງພຣະອົງ. ຄຳ ວ່າ "ອັກຄະ ສາ ວົກ " ໝາຍເຖິງຕຳແໜ່ງ ແລະສິດອຳນາດຂອງຜູ້ທີ່ຖືກເລືອກເປັນອັກຄະສາວົກ.</p><ul><li>ຄຳ ວ່າອັກຄະສາວົກໝາຍຄວາມວ່າ, "ຄົນທີ່ຖືກສົ່ງໄປເພື່ອຈຸດ ປະສົງພິເສດ." ອັກຄະສາວົກມີສິດອຳນາດເທົ່າກັບຜູ້ທີ່ໄດ້ສົ່ງລາວໄປ.</li><li>ສາວົກສິບສອງຄົນທີ່ໃກ້ຊິດທີ່ສຸດຂອງພຣະເຢຊູກາຍເປັນອັກຄະສາວົກຄົນທຳອິດ. ຄົນອື່ນໆເຊັ່ນໂປໂລແລະຢາໂກໂບກໍ່ກາຍເປັນອັກຄະສາວົກ.</li><li>ໂດຍອຳນາດຂອງພຣະເຈົ້າ, ພວກອັກຄະສາວົກສາມາດສັ່ງ ສອນເລື້ອງຂ່າວປະເສີດຢ່າງກ້າຫານແລະປິ່ນປົວຄົນ, ລວມທັງບັງຄັບໃຫ້ພວກຜີປີສາດອອກມາຈາກຄົນໄດ້.</li></ul><h3 id="section-2">ຄຳແນະນຳໃນການແປ</h3><ul><li>ຄຳວ່າ "ອັກຄະສາວົກ" ຍັງສາມາດແປດ້ວຍຄຳຫລືປະໂຫຍກທີ່ມີຄວາມໝາຍ ວ່າ "ຄົນທີ່ຖືກສົ່ງອອກ" ຫລື "ສົ່ງຄົນໜຶ່ງ" ຫລື "ຄົນທີ່ຖືກເອີ້ນໃຫ້ອອກໄປປະກາດຂ່າວປະເສີດເລື່ອງລາວຂອງພຣະເຈົ້າໃຫ້ແກ່ຜູ້ຄົນ."</li><li>ມັນເປັນສິ່ງສຳຄັນທີ່ຈະແປ ຄຳ ວ່າອັກຄະສາວົກແລະ“ ສາວົກ” ໃນລັກສະນະທີ່ແຕກຕ່າງຈາກກັນແລະກັນ.</li><li>ຍັງພິຈາລະນາວິທີການໃຊ້ຄຳສັບນີ້ໃນການແປພຣະຄັມພີເປັນພາສາທ້ອງຖິ່ນຫລືປະເທດຊາດ.</li></ul>  
appoint	<h2 id="section">@ແຕ່ງຕັ້ງ, @ຖືກແຕ່ງຕັ້ງ</h2><h3 id="section-1">ນິຍາມ</h3><p>ຄຳວ່າ "ແຕ່ງຕັ້ງ" ແລະ "ຖືກແຕ່ງຕັ້ງ" ໝາຍ ເຖິງການເລືອກເອົາຜູ້ໃດຜູ້ໜຶ່ງເພື່ອປະຕິບັດໜ້າທີ່ຫຼືບົດບາດສະເພາະ.</p><ul><li>ເພື່ອ "ຖືກແຕ່ງຕັ້ງ" ຍັງສາມາດ ໝາຍເຖິງການຖືກ "ເລືອກ" ເພື່ອຈະໄດ້ຮັບບາງສິ່ງບາງຢ່າງຄືໃນ "ແຕ່ງຕັ້ງໃຫ້ມີຊີວິດນິຣັນດອນ". ນີ້ ໝາຍ ຄວາມວ່າພວກເຂົາຖືກເລືອກໃຫ້ໄດ້ຮັບຊີວິດນິຣັນດອນ.</li><li>ຄຳວ່າ "ເວລາ ກຳນົດ" ໝາຍເຖິງ "ເວລາທີ່ຖືກເລືອກໄວ້" ຫລື "ເວລາທີ່ວາງແຜນໄວ້" ສຳ ລັບບາງສິ່ງທີ່ເກີດຂື້ນ.</li><li>ຄຳວ່າ "ແຕ່ງຕັ້ງ" ກໍ່ອາດຈະໝາຍ ເຖິງ "ຄຳສັ່ງ" ຫລື "ມອບ ໝາຍ" ໃຫ້ຜູ້ໃດຜູ້ ໜຶ່ງເຮັດຫຍັງ.</li></ul><h3 id="section-2">ຄຳແນະນຳໃນການແປ</h3><ul><li>ອີງຕາມສະພາບການ, ວິທີການແປ "ແຕ່ງຕັ້ງ" ສາມາດປະກອບມີ, "ເລືອກ" ຫຼື "ມອບ ໝາຍ" ຫລື "ເລືອກຢ່າງເປັນທາງການ" ຫຼື "ແຕ່ງຕັ້ງ."</li><li>ຄຳວ່າ "ແຕ່ງຕັ້ງ" ສາມາດແປເປັນ, "ມອບ ໝາຍ" ຫລື "ວາງແຜນ" ຫລື "ເລືອກໂດຍສະເພາະ."</li><li>ປະໂຫຍກທີ່ວ່າ "ໄດ້ຮັບການແຕ່ງຕັ້ງ" ຍັງສາມາດແປເປັນ "ຖືກເລືອກ."</li></ul>  
aquila	<h2 id="section">@ອາກີລາ</h2><h3 id="section-1">ຂໍ້ເທັດຈິງ</h3><p>ທ່ານ ອາກີລາ ແມ່ນຊາວຄຣິສະຕຽນຊາວຢິວທີ່ມາຈາກແຂວງ ຟອນຕັດ, ເຊິ່ງຕັ້ງຢູ່ແຄມຝັ່ງທະເລທາງໃຕ້ຂອງທະເລດຳ.</p><ul><li>ອາກີລາ ແລະ ປຣິສິລາ ອາໃສຢູ່ໃນກຸງໂຣມ , ອີຕາລີເປັນເວລາ ໜຶ່ງ, ແຕ່ຕໍ່ມາເຈົ້າຊີວິດໂຣມ, ຄາໂລດີອາດ ໄດ້ບັງຄັບໃຫ້ຊາວຢິວທັງໝົດຕ້ອງໜີອອກຈາກ ໂຣມ.</li><li>ຫລັງຈາກນັ້ນອາກີລາແລະປຣິສິລາໄດ້ເດີນທາງໄປເມືອງໂກຣິນໂທ ບ່ອນທີ່ເຂົາເຈົ້າໄດ້ພົບກັບອັກຄະສາວົກໂປໂລ.</li><li>ພວກເຂົາເຮັດວຽກເປັນຜູ້ສ້າງເຕັນກັບໂປໂລ, ພ້ອມທັງຊ່ວຍລາວໃນວຽກງານເຜີຍແຜ່ຂອງລາວ.</li><li>ທັງສອງ ອາກີລາ ແລະ ປຣິສິລາ ໄດ້ສອນຜູ້ທີ່ເຊື່ອຄວາມຈິງກ່ຽວກັບພຣະເຢຊູ; ໜຶ່ງໃນຜູ້ທີ່ເຊື່ອນັ້ນແມ່ນຄຣູສອນທີ່ມີພອນສະຫວັນທີ່ມີຊື່ວ່າ ອະໂປໂລ.</li></ul>  
arabah	<h2 id="section">@ອາຣາບາ</h2><h3 id="section-1">ຂໍ້ເທັດຈິງ</h3><p>ໃນພຣະຄັມພີເດີມ ຄຳສັບຂອງຄຳວ່າ "ອາຣາບາ" ມັກຈະ ໝາຍ ເຖິງເຂດທະເລຊາຍແລະທົ່ງພຽງທີ່ກວ້າງໃຫຍ່ໄພສານເຊິ່ງປະກອບມີຮ່ອມພູທີ່ຢູ່ອ້ອມຮອບແມ່ນ້ຳຈໍແດນແລະແຜ່ໄປທາງໃຕ້ໄປທາງທິດ ເໜືອ ຂອງທະເລແດງ.</p><ul><li>ຊາວອິສະຣາເອນເດີນທາງຜ່ານເຂດທະເລຊາຍແຫ່ງນີ້ໃນການເດີນທາງຈາກປະເທດອີຢິບໄປຍັງແຜ່ນດິນການາອານ.</li><li>"ທະເລຂອງ ອັບຣາບາ" ຍັງສາມາດຖືກແປເປັນ, "ທະເລທີ່ຕັ້ງຢູ່ໃນເຂດທະເລຊາຍອັບຣາບາ." ທະເລນີ້ມັກຖືກເອີ້ນວ່າ "ທະເລເກືອ" ຫລື "ທະເລຕາຍ."</li></ul>  
arabia	<h2 id="section">@ອາຣາເບຍ, @ຊາວອາຣາເບຍ</h2><h3 id="section-1">ຂໍ້ເທັດຈິງ</h3><p>ອາຣາເບຍ ແມ່ນແຫຼມໃຫຍ່ທີ່ສຸດໃນໂລກ, ມີເນື້ອທີ່ເກືອບ 3,000,000 ກິໂລຕາແມັດ. ມັນຕັ້ງຢູ່ທາງທິດຕາເວັນອອກສຽງໃຕ້ຂອງອິສະຣາເອນ, ແລະມີຊາຍແດນຕິດກັບທະເລແດງ, ທະເລອາຣາເບຍ, ແລະອ່າວເປີເຊຍ.</p><ul><li>ຄຳວ່າ "ອາຣາເບຍ" ແມ່ນໃຊ້ເພື່ອໝາຍເຖິງຄົນທີ່ອາໃສຢູ່ໃນປະເທດອາຣາເບຍຫຼືກ່ຽວກັບບາງສິ່ງບາງຢ່າງທີ່ພົວພັນກັບອາຣາເບຍ.</li><li>ຄົນທຳອິດທີ່ອາໃສຢູ່ປະເທດອາຣາເບຍແມ່ນລູກຫລານຂອງເຊມ. ຜູ້ອາໃສຢູ່ໃນຍຸກອື່ນໆຂອງອາຣາເບຍລວມມີອິດຊະມາເອນລູກຊາຍຂອງອັບຣາຮາມແລະເຊື້ອສາຍຂອງລາວ, ພ້ອມທັງລູກຫລານຂອງເອຊາວ.</li><li>ເຂດທະເລຊາຍບ່ອນທີ່ຊົນຊາດອິສະຣາເອນເດີນທາງມາເປັນເວລາ 40 ປີຕັ້ງຢູ່ປະເທດອາຣາເບຍ.</li><li>ຫລັງຈາກກາຍເປັນຜູ້ທີ່ເຊື່ອໃນພຣະເຢຊູ, ອັກຄະສາວົກໂປໂລໄດ້ໃຊ້ເວລາສອງສາມປີຢູ່ໃນທະເລຊາຍຂອງອາຣະເບຍ.</li></ul>  
aram	<h2 id="section">@ອາຣາມ, @ຊາວອາຣາມີນ , @ອາຣາມມຽກ</h2><h3 id="section-1">ຂໍ້ເທັດຈິງ</h3><p>"ອາຣາມ" ແມ່ນຊື່ຂອງຜູ້ຊາຍສອງຄົນໃນພຣະຄັມພີເດີມ. ມັນຍັງແມ່ນຊື່ຂອງພາກພື້ນທາງຕາເວັນອອກສ່ຽງ ເໜືອ ຂອງການາ ອານເຊິ່ງເປັນບ່ອນທີ່ປະເທດຊີເຣຍສະ ໄໝນີ້ຕັ້ງຢູ່.</p><ul><li>ປະຊາຊົນທີ່ອາໃສຢູ່ໃນ ອາຣາມ ໄດ້ກາຍເປັນທີ່ຮູ້ຈັກກັນວ່າ "ຊາວອາຣາມິນ" ແລະເວົ້າພາສາອາຣັບມຽກ. ພຣະເຢຊູແລະຊາວຢິວຄົນອື່ນໆໃນສະໄໝຂອງພຣະອົງຍັງເວົ້າພາສາອາຣັບມຽກ.</li><li>ລູກຊາຍຄົນ ໜຶ່ງ ຂອງເຊມມີຊື່ວ່າອາຣາມ. ຊາຍອີກຄົນ ໜຶ່ງຊື່ວ່າອາຣາມເປັນລູກພີ່ນ້ອງຂອງນາງເຣເບກາ. ເປັນໄປໄດ້ວ່າຂົງເຂດອາຣາມໄດ້ຕັ້ງຊື່ຕາມຊາຍຄົນໜຶ່ງໃນສອງຄົນນີ້.</li><li>ອາຣາມ ຕໍ່ມາໄດ້ກາຍເປັນທີ່ຮູ້ຈັກໂດຍຊື່ ກຣີກ, "ຊີເຣຍ."</li><li>ຄຳ ວ່າ "ຟາດເດັນອາຣາມ" ໝາຍຄວາມວ່າ "ທົ່ງພຽງຂອງ ອາຣາມ" ແລະມີທີ່ຕັ້ງຢູ່ໃນເຂດພາກ ເໜືອ ຂອງອາຣາມ.</li><li>ຍາດພີ່ນ້ອງຂອງອັບຣາຮາມບາງຄົນອາໃສຢູ່ໃນເມືອງຮາລານເຊິ່ງຕັ້ງຢູ່ໃນ "ຟາດເດັນ ອາຣາມ."</li><li>ໃນພຣະຄັມພີເດີມ, ບາງຄັ້ງ ຄຳ ສັບທີ່ວ່າ "ອາຣາມ" ແລະ "ຟາດເດັນອາຣາມ" ໝາຍເຖິງພາກພື້ນດຽວກັນ.</li><li>ຄຳ ວ່າ "ອາຣາມ ນາຮາຣາອິມ" ອາດຈະໝາຍຄວາມວ່າ ອາຣາມ ແມ່ນ້ຳສອງສາຍ". ຂົງເຂດນີ້ຕັ້ງຢູ່ທາງພາກ ເໜືອ ຂອງ ເມໂຊໂປຣຕາເມຍ ແລະຢູ່ທາງທິດຕາເວັນອອກຂອງ "ຟອດເດັນອາຣາມ."</li></ul>  
ararat	<h2 id="section">@ອາຣາຣັດ</h2><h3 id="section-1">ຂໍ້ເທັດຈິງ</h3><p>ໃນພຣະຄັມພີ " ອາຣາຣັດ " ເປັນຊື່ໃຊ້ເອີ້ນດິນແດນ ອານາຈັກ ແລະຮ່ອມພູ.</p><ul><li>" ແຜ່ນດິນແຫ່ງອາຣາຣາດ " ອາດຕັ້ງຢູ່ໃນດິນແດນທາງພາກເໜືອຂອງປະເທດຕຸຣະກີຈົນເຖິງທຸກວັນນີ້.</li><li>ອາຣາຣັດ ເປັນທີ່ຮູ້ຈັກດີໃນຊື່ຂອງພູເຂົາທີ່ເຮືອຂອງໂນອາໄປຕິດຄ້າງຫລັງຈາກນາໍ້ຖ້ວມໄດ້ເລີ້ມທີ່ຄ່ອຍໆລົດລົງ.</li><li>ໃນປະຈຸບັນນີ້ ພູເຂົານັ້ນໄດ້ເອີ້ນວ່າ " ພູເຂົາອາຣາຣັດ " ມັກຈະຖືກຄິດວ່າແມ່ນບ່ອນດຽວກັນ " ພູເຂົາອາຣາຣັດ " ໃນພຣະຄັມພີ.</li></ul>  
archer	<h2 id="section">@ທະນູ</h2><h3 id="section-1">ນິຍາມ</h3><p>ຄຳວ່າ " ທະນູ " ໝາຍເຖິງຜູ້ຊາຍທີ່ມີຄວາມຊຳນານໃນການໃຊ້ຄັນທະນູແລະລູກທະນູເປັນອາວຸດ.</p><ul><li>ໃນພຣະຄັມພີ ປົກກະຕິແລ້ວ ໃນກອງທັບນັກທະນູຈະເປັນທະທານທີ່ໃຊ້ທະນູແລະລູກທະນູໃນການຕໍ່ສູ້.</li><li>ນັກທະນູເປັນສ່ວນທີ່ສຳຄັນຂອງກອງທັບອັດຊີເຣຍ.</li><li>ໃນບາງພາສາອາດໃຊ້ຄຳປະສົມແບບນີ້ ເຊັ່ນ "ການໂຄ້ງ-ຄົນ. "</li></ul>  
ark	<h2 id="section">@ຫີບ, @ເຮືອ, @ນາວາ</h2><h3 id="section-1">ນິຍາມ</h3><p>ຄຳວ່າ, " ຫີບ " ຕາມຕົວອັກສອນແລ້ວໝາຍເຖິງກ່ອງໄມ້ຮູບສີ່ຫລ່ຽມຜືນຜ້າ ເຮັດຂຶ້ນມາເພື່ອໃສ່ຂອງຫລືປົກປ້ອງບາງຢ່າງ. ຫີບອາດຈະມີຂະໜາດໃຫຍ່ຫລືນ້ອຍຂຶ້ນຢູ່ກັບວ່າຜູ້ທີ່ຈະໃຊ້ເພື່ອໃສ່ຫຍັງ.</p><ul><li>ໃນພຣະຄັມພີພາສາອັງກຣິດ, ຄຳວ່າ" ຫີບ" ຖືກໃຊ້ໃນຄັ້ງແລກເມື່ອເວົ້າເຖິງເຮືອໄມ້ສີ່ຫລ່ຽມທີ່ມີຂະໜາດທີ່ໂນອາໄດ້ສ້າງຂຶ້ນມາເພື່ອຈະໜີຈາກນ້ຳຖ້ວມຄັ້ງໃຫຍ່, ເຮືອນັ້ນມີພື້ນຮາບພຽງ, ມີຫລັງຄາ, ແລະຝາ.</li><li>ມີວິທີອື່ນໆ ທີ່ຈະແປຄຳນີ້ອາດລວມໄປເຖິງຄຳວ່າ " ເຮືອລຳໃຫຍ່ຫລາຍ "ຫລື "ເຮືອບັນທຸກ" ຫລື"ເຮຶອສິນຄ້າ "ຫລື "ເຮືອຊົງຮ່າງຂະໜາດໃຫຍ່."</li><li>ຄວາມເວົ້າໃນພາສາເຮັບເຣີທີ່ໃຊ້ເອີ້ນເຮືອຂະໜາດໃຫຍ່ນີ້ເປັນຄຳດຽວກັນທີ່ໃຊ້ເອີ້ນກະຕ່າຫລືກ່ອງທີ່ໃສ່ເດັກນ້ອຍຊື່ໂມເຊ ເມື່ອມານດາຂອງລາວເອົາໄປປ່ອຍໃນແມ່ນ້ຳນິນເພື່ອເຊື່ອງລາວໄວ້ ໂດຍປົກກະຕິແລ້ວຈະແປວ່າ " ກະຕ່າ. "</li><li>ສ່ວນຄຳວ່າ " ຫີບພັນທະສັນຍາ " ໃນພາສາເຮັບເຣີຈະໃຊ້ອີກຄຳໜຶ່ງສຳລັບຄຳວ່າ " ຫີບ " ຄຳນີ້ອາດຈະແປໄດ້ວ່າ " ກ່ອງ " ຫລື " ຫີບ " ຫລື " ສິ່ງຂອງບັນຈຸຂອງຕ່າງໆ."</li><li>ເມື່ອເລືອກຄຳແປຂອງຄຳວ່າ "ຫີບ, " ເປັນສິ່ງສຳຄັນທີ່ຕ້ອງພິຈາລະນາເຖິງ ແຕ່ວ່າກໍລະນີມີຂະໜາດເທົ່າໃດແລະໃຊ້ເພື່ອໃສ່ຫຍັງ.</li></ul>  
ark of the covenant	<h2 id="section">@ຫີບພັນທະສັນຍາ, @ຫີບແຫ່ງພັນທະສັນຍາບັນຊາ, @ຫີບຂອງພຣະຢາເວ</h2><h3 id="section-1">ນິຍາມ</h3><p>ຄຳເຫລົ່ານີ້ເວົ້າເຖິງຫີບໄມ້ພິເສດຂະໜາດໃຫຍ່ ຫຸ້ມຫໍ່ດ້ວຍທອງຄຳ ຊຶ່ງບັນຈຸແຜ່ນສີລາສອງແຜ່ນທີ່ຈາລຶກພຣະບັນຍັດສິບປະການໄວ້ ໄມ້ເທົ້າຂອງອາໂລນແລະໂຖໃສ່ມານາ.</p><ul><li>ຄຳວ່າ " ຫີບ " ໃນທີ່ນີ້ອາດແປໄດ້ອີກວ່າ "ກ່ອງ " ຫລື "ຫີບຂະໜາດໃຫຍ່ " ຫລື " ສິ່ງທີ່ໃສ່ຂອງເກັບໄວ້. "</li><li>ວັດຖຸຕ່າງໆ ໃນຫີບຂະໜາດໃຫຍ່ນີ້ທຳໃຫ້ຄົນອິສະຣາເອນ ລະນຶກເຖິງພັນທະສັນຍາຂອງພຣະເຈົ້າທີ່ໄດ້ສັນຍາໄວ້ກັບພວກເຂົາ.</li><li>ຫີບພັນທະສັນຍານີ້ວາງໄວ້ໃນ " ສະຖານທີ່ສັກສິດ. "</li><li>ການຊົງສະຖິດຂອງພຣະເຈົ້າຢູ່ເໜືອຫີບພັນທະສັນຍາ, ໃນສະຖານທີ່ບໍຣິສຸດທີ່ສຸດ,ຫໍເຕັນທີ່ສັກສິດ ເປັນທີ່ຊຶ່ງພຣະເຈົ້າຊົງສັ່ງກັບໂມເຊຜູ້ເປັນນຳຂອງປະຊາຊົນອິສະຣາເອນ.</li><li>ໃນສະໄໝທີ່ພັນທະສັນຍາຕັ້ງຢູ່ບ່ອນບໍຣິສຸດທີ່ສຸດຂອງພຣະວິຫານ, ມະຫາປະໂລຫິດຈະເປັນພຽງຜູ້ດຽວທີ່ສາມາດເຂົ້າເຖິງຫີບນັ້ນໄດ້ ພຽງປີລະໜຶ່ງຄັ້ງ ໃນວັນແຫ່ງການໄຖ່ບາບ.</li><li>ພຣະຄັມພີພາສາອັງກຣິດຫລາຍສະບັບແປຄຳວ່າ " ພັນທະສັນຍາບັນຊາ " ຕົງຕາມຕົວອັກຄຳວ່າ " ສັກຂີພະຍານ " ຊຶ່ງໝາຍເຖິງຄວາມຈິງທີ່ວ່າພຣະບັນຍັດສິບປະການເປັນສັກຂີພະຍານຫລືເປັນພະຍານໃຫ້ແກ່ພັນທະສັນຍາຂອງພຣະເຈົ້າ ກັບປະຊາຊົນຂອງພຣະອົງ. ແລະຍັງແປໄດ້ອີກວ່າ " ພຣະບັນຍັດພັນທະສັນຍາ. "</li></ul>  
armor	<h2 id="section">@ອາວຸດ, @ຍຸດທະພັນ</h2><h3 id="section-1">ນິຍາມ</h3><p>ຄຳວ່າ " ອາວຸດ " ໝາຍເຖິງອຸບປະກອນທີ່ທະຫານໃຊ້ເພື່ອຕໍ່ສູ້ໃນສົງຄາມແລະເພື່ອປົກປ້ອງຕົວເອງຈາກການໂຈມຕີຂອງສັດຕູ. ແລະຍັງໃຊ້ໃນປຽບທຽບໝາຍເຖິງອາວຸດຝ່າຍວິນຍານໄດ້ອີກ.</p><ul><li>ອຸປະກອນອາວຸດທະຫານກໍມີ, ໝວກເຫລັກ, ໂລ້, ແລະເກາະປ້ອງກັນເອີກສະໜັບແຂງແລະດາບ.</li><li>ອັກຄະທູດໂປໂລໃຊ້ຄຳນີ້ເພື່ອປຽບທຽບກັບອາວຸດຝ່າຍຮ່າງກາຍກັບອາວຸດຝ່າຍຈິດວິນຍານ ທີ່ພຣະເຈົ້າປະທານໃຫ້ແກ່ຜູ້ທີ່ສັດທາເພື່ອຊ່ວຍພວກເຂົາໃນການຕໍ່ສູ້ໃນສົງຄາມຝ່າຍຈິດວິນຍານ.</li><li>ອາວຸດຝ່າຍຈິດວິນຍານທີ່ພຣະເຈົ້າປະທານໃຫ້ແກ່ປະຊາຊົນຂອງພຣະອົງເພື່ອຕໍ່ສູ້ກັບຄວາມບາບແລະຊາຕານ, ລວມໄປເຖິງຄວາມຈິງ ຄວາມຊອບທັມ ຂ່າວປະເສີດແຫ່ງສັນຕິສຸກ, ຄວາມເຊື່ອ, ຄວາມລອດ,ແລະພຣະວິນຍານບໍຣິສຸດ.</li><li>ຄຳນີ້ໄດ້ຖືກແປເປັນຄຳທີ່ມີຄວາມໝາຍວ່າ " ອຸປະກອນຂອງທະຫານ " ຫລື " ເສື້ອເກາະປ້ອງກັນໃນການຮົບ " ຫລື "ເຄື່ອງປ້ອງກັນ " ຫລື " ຍຸດທະພັນຄົບຊຸດ. "</li></ul>  
arrogant	<h2 id="section">@ເຍີ້ຍິ່ງ, @ຍະໂສ,ຮືກເຫີມ, @ຈອງຫອງ,@ ໂອຫັງ,ຜະຍອງ,ໂອ້ອວດ, @ອວດດີ,</h2><h3 id="section-1">ນິຍາມ</h3><p>ຄຳວ່າ " ເຍີ້ຍິ່ງ " ນີ້ໝາຍເຖິງການອວດຕົວ ໂດຍປົກກະຕິແລ້ວຈະສະແດງອອກໃຫ້ເຫັນໄດ້ຢ່າງຊັດເຈນ.</p><ul><li>ຄົນທີ່ເຍີ້ຍິ່ງມັກຈະອວດຕົວຢູ່ເລື້ອຍໆ.</li><li>ໂດຍປົກກະຕິແລ້ວ ການເຍີ້ຍິ່ງຈະລວມເຖິງການຄິດວ່າຄົນອື່ນບໍ່ສຳຄັນຫລືບໍ່ເກັ່ງເທົ່າກັບຕົວເອງ.</li><li>ຄົນທີ່ບໍ່ໃຫ້ກຽດແດ່ພຣະເຈົ້າແລະຄົນທີ່ທໍລະຍົດຕໍ່ພຣະອົງຈະເຍີ້ຍິ່ງ ເພາະວ່າພວກເຂົາບໍ່ຍອມຮັບວ່າພຣະເຈົ້າຜູ້ຊົງຍິ່ງໃຫຍ່ຊ່ຳໃດໜໍ.</li></ul>  
artaxerxes	<h2 id="section">@ອາກຕາເຊເຊັດ @ຫລື( @ອາກທາເຊີຊີ@ )</h2><h3 id="section-1">ຂໍ້ເທັດຈິງ</h3><p>ອາກຕາເຊເຊັດ ຫລື( ອາກທາເຊີຊີ ເປັນກະສັດຜູ້ປົກຄອງອານາຈັກເປີເຊຍປະມານປີ 464 ກ.ຄ.ສ. ເຖິງ 424 ກ.ຄ.ສ.</p><ul><li>ໃນສະໄໝການປົກຄອງຂອງອາກຕາເຊເຊັດ( ອາກທາເຊີຊີ ) ປະຊາຊົນອິສະຣາເອນຈາກຢູດາຕົນເປັນຊະເລີຍໃນກຸງບາບີໂລນ ຊຶ່ງຢູ່ພາຍໃຕ້ອຳນາດຂອງເປີເຊຍໃນເວລານັ້ນ.</li><li>ອາກຕາເຊເຊັດຊົງອະນຸຍາດໃຫ້ປະໂຣຫິດ ເອຊະຣາ ແລະຜູ້ນຳຊາວຢີວອື່ນໆ ອອກຈາກກຸງບາບີໂລນກັບໄປຍັງກຸງເຢຣູຊາເລັມເພື່ອສັ່ງສອນພຣະບັນຍັດຂອງພຣະເຈົ້າໃຫ້ແກ່ຊາວອິສະຣາເອນ.</li><li>ຕໍ່ມາພາຍຫລັງ ອາກຕາເຊເຊັດ ຊົງໄດ້ອະນຸຍາດໃຫ້ພະນັກງານຖືຈອກຂອງພຣະອົງຄື ເນເຫມີຢາກັບມາຍັງກຸງເຢຣູຊາເລັມເພື່ອນຳຊາວຢິວໃນການສ້ອມແປງກຳແພງຮອບໆເມືືອງ.</li><li>ເປັນເພາະກຸງບາບີໂລນຢູ່ພາຍໃຕ້ການປົກຄອງຂອງເປີເຊຍບາງຄັ້ງອາກຕາເຊເຊັດຖືກເອີ້ນວ່າ " ກະສັດແຫ່ງບາບີໂລນ "</li><li>ໃຫ້ສັງເກດວ່າອາກຕາເຊເຊັດເປັນຄົນລະຄົນກັບເຊີຊີ ( ອາຫາສູເອຣັດ)</li></ul>  
asa	<h2 id="section">@ອາຊາ</h2><h3 id="section-1">ຂໍ້ເທັດຈິງ</h3><p>ອາຊາເປັນກະສັດຜູ້ປົກຄອງອານາຈັກຢູດາ ເປັນເວລາສີ່ສິບປີ ໃນປີ 913-873 ກ.ຄ.ສ.</p><ul><li>ກະສັດອາຊາເປັນກະສັດທີ່ດີ ພຣະອົງເປັນຜູ້ໜຶ່ງທີ່ກຳຈັດຮູບເຄົາລົບ</li></ul><p>ຫຼືພຣະເຈົ້າປອມທັງຫລາຍອອກໄປ ແລະເຮັດໃຫ້ຊາວອິສະຣາເອນເລີ້ມກັບຄືນນະມັດສະການພຣະຢາເວອີກໃໝ່.</p><ul><li>ພຣະຢາເວ ຊົງໃຫ້ກະສັດ ອາຊາ ມີໄຊຊະນະໃນການເຮັດສົງຄາມກັບຊົນຊາດອື່ນໆອີກ.</li><li>ໃນຕອນສຸດທ້າຍຂອງຣາຊະການ ກະສັດອາຊາຊົງບໍ່ໄວ້ວາງໃຈໃນພຣະຢາເວ ແລະປະຊວນດ້ວຍໂຣກຮ້າຍຈົນກະທັງເຖິງສະຫວັນນະຄົດ.</li></ul>  
asaph	<h2 id="section">@ອາສັບ</h2><h3 id="section-1">ຂໍ້ເທັດຈິງ</h3><p>ອາສັບເປັນປະໂຣຫິດຊາວເລວີແລະເປັນນັກດົນຕຣີທີ່ເກັ່ງ ເປັນຜູ້ແຕ່ງທຳນອງສຳລັບບົດເພງສັນລະເສີນຂອງກະສັດດາວິດ. ລາວໄດ້ຂຽນເພງສັນລະເສີນຂອງຕົວເອງອີກດ້ວຍ.</p><ul><li>ອາສັບ ໄດ້ຮັບການແຕ່ງຕັ້ງຈາກກະສັດດາວິດໃຫ້ເປັນຜູ້ໜຶ່ງໃນສາມນັກດົນຕຣີທີ່ຮັບຜິດຊອບໃນການຈັດຕຽມເພງຕ່າງໆ ສຳລັບນະມັດ</li></ul><p>ສະການໃນພຣະວິຫານ ບາງເພງກໍເປັນພິທີກອນອີກດ້ວຍ.</p><ul><li>ອາສັບ ໄດ້ຝຶກລູກຊາຍທັງຫລາຍຂອງລາວ ໃຫ້ຮັບຜິດຊອບໜ້າທີ່ນີ້ຕໍ່ໄປ, ໃນການເຫລັ້ນເຄື່ອງດົນຕີຕ່າງໆ ແລະການພິທີກອນໃນພຣະວິຫານ.</li><li>ເຄື່ອງດົນຕຣີບາງອັນລວມເຖິງ ປີ່, ພິນ, ເຂົາສັດ, ແລະສາບ.</li><li>ເພງສັນລະເສີນ ບົດທີ 50 ແລະເພງສັນລະເສີນ ບົດທີ 73-88 ໄດ້ບອກກ່າວວ່າມາຈາກ ອາສັບ ອາດເປັນໄປໄດ້ວ່າເພງສັນລະເສີນເຫລົ່ານີ້ບາງເພງໄດ້ຂຽນຂຶ້ນໂດຍສະມາຊິກບາງຄົນໃນຄອບຄົວຂອງລາວເອງ.</li></ul>  
ashdod	<h2 id="section">@ອາສະໂດດ, @ອາໂຊຕັດ</h2><h3 id="section-1">ຂໍ້ເທັດຈິງ</h3><p>ອາສະໂດດ ເປັນໜຶ່ງໃນຫ້າເມືອງທີ່ສຳຄັນທີ່ສຸດຂອງຊາວຟີລິດສະຕີນ ຕັ້ງຢູ່ໃນພາກຕາວັນຕົນສຽງໃຕ້ຂອງການາອານ ໃກ້ກັບທະເລເມດີເຕຣານຽນ, ຢູ່ລະຫວ່າງທາງຈາກເມືອງກາຊາໄປຍັງເມືອງໂຢປາ.</p><ul><li>ວິຫານຂອງພຣະດາກອນ  ພຣະປອມຂອງຄົນຟີລິດສະຕີນ ຕັ້ງຢູ່ໃນເມືອງອາສະໂດດ.</li><li>ພຣະເຈົ້າຊົງລົງໂທດຊາວເມືອງອາສະໂດດຄົນຟີລິດສະຕີນ ໄດ້ລັກເອົາຫີບພັນທະສັນຍາໄປ ແລະເອົາໄປໄວ້ໃນວິຫານພຣະນອກຮີດ ໃນເມືອງອາສະໂດດ.</li><li>ຊື່ພາສາກຣີກຂອງເມືອງນີ້ຄື ອາສະໂດດເປັນໜຶ່ງໃນເມືອງທີ່ຜູ້ປະກາດຂ່າວປະເສີດ ຟີລິບໄດ້ປະກາດຂ່າວປະເສີດ.</li></ul>  
asher	<h2 id="section">@ອາເຊ</h2><h3 id="section-1">ຂໍ້ເທັດຈິງ</h3><p>ອາເຊເປັນລູກຊາຍຄົນທີແປດຂອງຢາໂຄບ. ເຊຶ້ອສາຍຂອງລາວໄດ້ກາຍເປັນໜຶ່ງໃນສິບສອງເຜົ່າຂອງອິສະຣາເອນຊຶ່ງມີຊື່ເຜົ່າວ່າ"ອາເຊ" ດ້ວຍ.</p><ul><li>ມານດາຂອງອາເຊຄືນາງຊິນປາ ເປັນສາວໃຊ້ຂອງນາງເລອາ.</li><li>ຊື່ຂອງເຂົາມີຄວາມໝາຍວ່າ " ຄວາມສຸກ " ຫລື " ເປັນສຸກ. "</li><li>ອາເຊບັງເປັນຊື່ຂອງດິນແດນທີ່ມອບໃຫ້ແກ່ເຜົ່າອາເຊ ເມື່ອຄົນອິສະຣາເອນໄດ້ເຂົ້າໄປໃນແຜ່ນດິນແຫ່ງພັນທະສັນຍາ.</li></ul>  
asherim	<h2 id="section">@ອາເຊຣາ,ຫລື( @ອັດຊະຕາກ) @ເສົາອາເຊ-@ ອັດໂທເຣັດ</h2><h3 id="section-1">ຂໍ້ເທັດຈິງ</h3><p>ອາເຊຣາ ເປັນຊື່ຂອງເຈົ້າແມ່ທີ່ຄົນການາອານກາບໄຫວ້ໃນສະໄໝພັນທະສັນຍາເດີມ " ອັດໂທເຣັດ "ອາດເປັນອີກຊື່ໜຶ່ງຂອງ " ອາເຊຣາ " ຫລືອາດຈະເປັນເຈົ້າແມ່ອີກອົງໜຶ່ງທີີ່ຄ້າຍຄືກັນ.</p><ul><li>ຄຳວ່າ "ເສົາອາເຊຣາ "ເວົ້າເຖິງເສົາໄມ້ທີ່ຖືກແກະສະຫລັກຮູບຫລືຕົ້ນໄມ້ທີ່ຖືກແກະສະຫລັກເພື່ອໃຊ້ເປັນຕົວແທນຂອງເຈົ້າແມ່.</li><li>ເສົາອາເຊຣາ ມັກຈະຕັ້ງຢູ່ໃກ້ໆ ແທ່ນບູຊາພຣະບາອານ,ຊຶ່ງຜູ້ຄົນຄິດວ່າເປັນສາມີຂອງເຈົ້າແມ່ອາເຊຣາ, ຄົນບາງກຸ່ມກາບໄຫວ້ພຣະບາອານເປັນເໝືອນເທບແຫ່ງດວງອາທິດ ແລະເຈົ້າແມ່ອາເຊຣາຫລືອັບໂທເຣັດເປັນເໝືອນເຈົ້າແມ່ແຫ່ງດວງຈັນ.</li><li>ພຣະເຈົ້າຊົງສັ່ງໃຫ້ຄົນອິສະຣາເອນທຳລາຍຮູບແກະສະຫລັກຂອງອາເຊຣາທັງໝົດ.</li><li>ຜູ້ນຳອິສະຣາເອນບາງຄົນເຊັ່ນກີເດໂອນ ກະສັດອາຊາແລະກະສັດໂຢຊີອາ ໄດ້ເຊື່ອຟັງພຣະເຈົ້າ ແລະໄດ້ພາປະຊາຊົນທຳລາຍຮູບເຄົາລົບເຫລົ່ານີ້.</li><li>ແຕ່ຜູ້ນຳອິສະຣາເອນຄົນອື່ນໆ ເຊັ່ນ ກະສັດໂຊໂລໂມນ ກະສັດນັດຊາເຊ ແລະກະສັດອາຮັບ ບໍ່ໄດ້ທຳລາຍເສົາອາເຊຣາ ແລະຍັງໄດ້ຊັກຊວນໃຫ້ປະຊາຊົນກາບໄຫວ້ຮູບເຄົາລົບເຫລົ່ານີ້.</li></ul>  
ash	<h2 id="section">@ເຖົ່າ, @ຂີ້ເຖົ່າ, @ຜົງຂີ້ດິນ</h2><h3 id="section-1">ນິຍາມ</h3><p>ຄຳວ່າ "ເຖົ່າ"ຫຼື "ຂີ້ເຖົ່າ" ເວົ້າເຖິງສານທີ່ເປັນຜົງສີເທົາທີ່ເຫລືອຈາກການເຜົາໄໝ້. ບາງຄັ້ງຖືກໃຊ້ເປັນພາບປຽບທຽບໝາຍເຖິງບາງສິ່ງບາງຢ່າງທີ່ບໍ່ມີຄ່າ ຫຼືບໍ່ມີປະໂຫຍດ.</p><ul><li>ໃນພຣະຄັມພີບາງຄັ້ງຄຳວ່າ "ຜົງຂີ້ດິນ" ຖືກໃຊ້ເມື່ອມີການເວົ້າເຖິງຂີ້ເຖົ່າ ອາດຈະມີຄວາມໝາຍອີກຢ່າງວ່າ ຜົງຂີ້ດິນທີ່ລະອຽດ ຜົງຂີ້ດິນທີ່ບໍ່ແໜ້ນທີ່ລວມຕົວກັນຢູ່ເທິງຟື້ນແຫ້ງ.</li><li>ຄຳວ່າ "ກອງເຖົ່າ" ຄືກອງຂອງຂີ້ເຖົ່າ</li><li>ໃນສະໄໝບູຮານ ການນັ່ງເທິງຂີ້ເຖົ່າເປັນເຄື່ອງໝາຍເຖິງການທົນທຸກ ຫຼືໂສກເສົ້າ.</li><li>ເມື່ອມີການໂສກເສົ້າເສຍໃຈ ກໍ່ຈະມີທຳນຽມສວມເສື້ອຜ້າກະສອບແລະນັ່ງເທິງຂີ້ເຖົ່າຫຼືເອົາຂີ້ເຖົ່າມາໂຮຍໃສ່ເທິງຫົວ.</li><li>ການເອົາຂີ້ເຖົ່າມາໂຮຍໃສ່ເທິງຫົວກໍ່ເປັນເຄື່ອງໝາຍສະແດງເຖິງຄວາມອັບອາຍຂາຍໜ້າແລະຄວາມລຳບາກໃຈ.</li><li>ບາງຄົນຢາກໄດ້ສິ່ງທີ່ບໍ່ມີຄ່າ ກໍ່ຈະມີຄຳເວົ້າທີ່ບອກວ່າ "ກິນແຕ່ຂີ້ເຖົ່າ"</li><li>ເມື່ອແປຄຳວ່າ "ຂີ້ເຖົ່າ" ໃຫ້ໃຊ້ໃນຄຳພາສາທາງການ ຄືສິ່ງທີ່ເຫລືອຈາກການເຜົາໄໝ້ຂອງໄມ້.</li><li>ໃຫ້ສັງເກດຄຳວ່າ"ຕົ້ນເທບທາໂຣ ຫຼື ຕົ້ນແອດ (ash tree)" ຈະໃຊ້ຄົນລະຄຳກັນກັບຄຳວ່າຂີ້ເຖົ່າ.</li></ul>  
ashkelon	<h2 id="section">@ອາສະເກໂລນ</h2><h3 id="section-1">ຂໍ້ເທັດຈິງ</h3><p>ໃນສະໄໝພຣະຄັມພີ ອາສະເກໂລນເປັນເມືອງເອກຂອງຟີລິດສະຕິນທີ່ຕັ້ງຢູ່ແຖບຊາຍຝັ່ງທະເລເມດີເເຕຣານຽນ ແລະຍັງຄົງມີຢູ່ໃນອິສະຣາເອນຈົນທຸກວັນນີ້.</p><ul><li>ເມືອງອາສະເກໂລນເປັນໜຶ່ງໃນຫ້າເມືອງທີ່ສຳຄັນທີ່ສຸດຂອງຟີລິດສະຕິນເຊັ່ນດຽວກັບເມືອງອາສະໂດດ, ເມືອງເອກອນ, ເມືອງກາດແລະເມືອງກາຊາ.</li><li>ຄົນອິສະຣາເອນບໍ່ໄດ້ຮັບໄຊຊະນະຢ່າງເດັດຂາດເມື່ອຊາວເມືອງກາຊາອາສະເກໂລນ ບໍ່ວ່າອານາຈັກຢູດາຈະໄດ້ຄອງປະເທດຫູບເຂົາເຫລົ່ານີ້.</li><li>ອາສະເກໂລນໄດ້ຖືກຍຶດຄອງໂດຍຟີລິດສະຕິນເປັນເວລາຫລາຍຮ້ອຍປີ.</li></ul>  
asia	<h2 id="section">@ແຄວ້ນເອເຊຍ</h2><h3 id="section-1">ຂໍ້ເທັດຈິງ</h3><p>ໃນສະໄໝພຣະຄັມພີ " ເອເຊຍ " ເປັນຂອງແຄ້ວນໜຶ່ງຂອງອານາຈັກໂຣມ ແຄ້ວນນີ້ຕັ້ງຢູ່ທາງຕະວັນຕົກຂອງປະເທດຕຸຣະກີໃນປະຈຸບັນນີ້.</p><ul><li>ໂປໂລໄດ້ເດີນທາງໄປຍັງແຄ້ວນເອເຊຍແລະໄດ້ປະກາດຂ່າວປະເສີດໃນຫລາຍໆເມືອງທີ່ນັ້ນ. ໃນທ່າມກາງເມືອງເຫລົ່ານີ້ມີເມືອງເອເຟໂຊແລະເມືອງໂກຣິນໂທ.</li><li>ເພື່ອບໍ່ໃຫ້ສັບສົນກັບທະວີບເອເຊຍໃນປະຈຸບັນ ອາດຈຳເປັນທີ່ຈະຕ້ອງແປຄຳນີ້ວ່າ " ແຄ້ວນໜຶ່ງຂອງໂຣມສະໄໝບູຮານຊື່ເອເຊຍ " ຫລື " ແຄວ້ນເອເຊຍ. "</li><li>ຄຣິສຕະຈັກທັງໝົດທີ່ເວົ້າເຖິງໃນພຣະທັມພຣະນິມິດທັງໝົດຢູ່ໃນແຄ້ວນເອເຊຍຂອງໂຣມ.</li></ul>  
assembly	<h2 id="section">@ທີ່ປະຊຸມ, @ທີ່ຊຸມນຸມ, @ປະຊຸມກັນ</h2><h3 id="section-1">ນິຍາມ</h3><p>ຄຳວ່າ " ທີ່ປະຊຸມ " ໂດຍປົກກະຕິແລ້ວຈະເວົ້າເຖິງກຸ່ມທີ່ມາໂຮມກັນເພື່ອເວົ້າຄູຍເລື້ອງບັນຫາ ໃຫ້ຄຳແນະນຳ ແລະຕັດສິນໃຈກັນ.</p><ul><li>ທີ່ປະຊຸມອາດເປັນກຸ່ມຄົນທີ່ຖືກຈັດຂຶ້ນຢ່າງເປັນທາງການແລະບາງຄັ້ງກໍແຕ່ງຕັ້ງຂືຶ້ນຢ່າງຖາວອນ, ຫລືອາດເປັນກຸ່ມຄົນທີ່ມາຮ່ວມກັນຊົ່ວຄາວເພື່ອຈຸດປະສົງຫລືໃນໂອກາດພິເສດ.</li><li>ໃນພັນທະສັນຍາເດີມມີຮູບແບບຂອງທີ່ປະຊຸມທີ່ເອີ້ນວ່າ " ປະຊຸມທຳພິທີ " ຊື່ງປະຊາຊົນອິສະຣາເອນຈະມາລວມກັນເພື່ອນະມັດສະການພຣະຢາເວ.</li><li>ບາງຄັ້ງຄຳວ່າ " ທີ່ປະຊຸມ " ໝາຍເຖິງຄົນອິສະຣາເອນທົ່ວໆ ໄປເປັນກຸ່ມ</li><li>ການລວມຕົວຂອງທະຫານສັດຕູເປັນຈຳນວນຫລາຍ, ບາງຄັ້ງກໍຖືກເອີ້ນວ່າ " ທີ່ຊຸມນຸມ " ຊຶ່ງອາດແປໄດ້ອີກວ່າ " ກອງທັບ "</li><li>ໃນພັນທະສັນຍາໃໝ່ ທີ່ປະຊຸມຂອງຜູ້ນຳຊາວຢິວ 70 ຄົນ ໃນເມືອງໃຫຍ່ໆ ເຊັ່ນຢູ່ໃນກຸງເຢຣູຊາເລັມ, ກໍຈະປະຊຸມກັນເພື່ອການຕັດສິນເລື້ອງຄະດີຄວາມຕາມກົດໝາຍແລະຂໍ້ຂັດແຍ້ງລະຫວ່າງຜູ້ຄົນ ທີ່ປະຊຸມນີ້ຖືກເອີ້ນວ່າ " ສະພາແຊນເຮຣິນ "ຫລື " ສະພາຢິວ. "</li></ul><h3 id="section-2">ຂໍ້ແນະນຳໃນການແປ</h3><ul><li>ຂຶ້ນຢູ່ກັບກໍລະນີນັ້ນໆ ຄຳວ່າ "ທີ່ປະຊຸມ " ອາດແປໄດ້ອີກວ່າ " ການລວມຕົວກັນເປັນພິເສດ " ຫລື " ທີ່ຊຸມນຸມ " ຫລື "ສະພາ "ຫລື " ກອງທັບ "ຫລື "ກຸ່ມຄົນຈຳນວນຫລາຍ. "</li><li>ເມື່ອຄຳວ່າ " ທີ່ປະຊຸມ " ໂດຍທົ່ວໄປໝາຍເຖິງຄົນອິສະຣາເອນທັງໝົດອາດຈະແປໄດ້ອີກວ່າ" ຊຸມນຸມຊົນ" ຫລື "ປະຊາຊົນອິສະຣາເອນ. "</li><li>ຄຳວ່າ " ຊຸມນຸມຊົນທັງໝົດ " ອາດຖືກແປໄດ້ອີກວ່າ " ປະຊາຊົນທັງໝົດ " ຫລື " ກຸ່ມຄົນອິສະຣາເອນທັງໝົດ " ຫລື " ທຸກຄົນ. "</li></ul>  
assign	<h2 id="section">@ມອບໝາຍ, @ຈັດໃຫ້, @ໄດ້ກຳໜົດໃຫ້</h2><h3 id="section-1">ນິຍາມ</h3><p>ຄຳວ່າ " ມອບໝາຍ " ຫລື " ໄດ້ກຳນົດໃຫ້ " ເວົ້າເຖິງການແຕ່ງຕັ້ງບາງຄົນໃຫ້ເຮັດວຽກພິເສດບາງຢ່າງ.</p><ul><li>ຜູ້ເຜີຍພຣະວັດຈະນະ ຊາມູເອນໄດ້ບອກໃຫ້ກະສັດຊາອູນໄວ້ລ່ວງໜ້າວ່າໃຫ້.</li><li>"ກຳນົດ " ຊາຍສະກັນທີ່ດີທີ່ສຸດຂອງອິສະຣາເອນໃຫ້ຮັບໃຊ້ໃນກອງທັບ.</li><li>ໂມເຊ " ກຳໜົດໃຫ້ " ແຕ່ລະຝ່າຍໃນສິບສອງເຜົ່າຂອງອິສະຣາເອນໄດ້ຮັບສ່ວນແບ່ງທີ່ດິນໃນແຜ່ນດິນການາອານເພື່ອພວກເຂົາຈະໄດ້ອາໃສຢູ່.</li><li>ພາຍໃຕ້ພຣະບັນຍັດຂອງພັນທະສັນຍາເດີມ ບາງເຜົ່າຂອງອິສະຣາເອນໄດ້ຖືກກຳນົດໄວ້ຮັບໃຊ້ໃນຖານະປະໂລຫິດ ຜູ້ຊ່ຽວຊານທາງດ້ານສິລະປະ ນັກຮ້ອງ ແລຊ່າງກໍ່ສ້າງ.</li><li>ຄຳວ່າ " ມອບໝາຍ " ອາດຈະແປໄດ້ອີກວ່າ " ໃຫ້ " ຫລື " ແຕ່ງຕັ້ງ " ຫລື " ຖືກເລືອກໃຫ້ເຮັດໜ້າທີ່ຂອງ " ທັງນີ້ຂຶ້ນຢູ່ກັບກໍລະນີນັ້ນໆ.</li><li>ຄຳວ່າ " ໄດ້ມອບໝາຍ "ອາດຈະແປໄດ້ອີກວ່າ " ໄດ້ແຕ່ງຕັ້ງ " ຫລື " ໄດ້ມອບໝາຍໜ້າທີ່ໃຫ້. "</li></ul>  
assyria	<h2 id="section">@ອັດຊີເຣຍ, @ຄົນອັດຊີເຣຍ, @ອານາຈັກອັດຊີເຣຍ</h2><h3 id="section-1">ຂໍ້ເທັດຈິງ</h3><p>ອັດຊີເຣຍເປັນຊົນຊາດທີ່ມີອຳນາດຫລາຍໃນສະໄໝທີ່ຄົນອິສະຣາເອນອາໃສຢູ່ໃນແຜ່ນດິນການາອານ. ອານາຈັກອັດຊີເຣຍເປັນກຸ່ມປະເທດກຸ່ມໜຶ່ງໃນປະເທດຕ່າງໆ ທີ່ຖືກປົກຄອງໂດຍກະສັດອັດຊີເຣຍ.</p><ul><li>ປະເທດອັດຊີເຣຍຕັ້ງຢູ່ໃນພື້ນທີ່ທາງພາກເໜືອຂອງປະເທດອີຣັກໃນປະຈຸບັນນີ້.</li><li>ຄົນອັດຊີເຣຍຕໍ່ສູ້ກັບຄົນອິດສະຣາເອນຫລາຍຄັ້ງໃນປະຫວັດສາດຂອງພວກເຂົາ.</li><li>ໃນປີ 722 ກ.ຄ.ສ. ຄົນອັດຊີເຣຍໄດ້ໄຊຊະນະເດັດດ່ຽວເໜືອອານາຈັກອິສະຣາເອນແລະບັງຄັບໃຫ້ຄົນອິສະຣາເອນຢ່າງຫລວງຫລາຍຍ້າຍໄປຢູ່ໃນອັດຊີເຣຍ.</li><li>ຄົນອິສະຣາເອນທີ່ເຫລືອໃນປະເທດໄດ້ແຕ່ງງານກັບຄົນຕ່າງຊາດທີ່ຄົນອັດຊີເຣຍນຳເຂົ້າມາຈາກສະມາເຣຍ.ໃຫ້ມາຢູ່ໃນອິສະຣາເອນ ເຊື້ອຊາຍຂອງຄົນຊີເຣຍທີ່ແຕ່ງງານກັບຄົນຕ່າງຊາດນັ້ນ ພາຍຫລັງຖືກເອີ້ນວ່າຄົນສະມາເຣຍ.</li></ul>  
astray	<h2 id="section">@ຫຼົງເຈີ່ນ, @ພັດໄປ, @ນຳຫລົງໄປ,@ ຫັນເຫ</h2><h3 id="section-1">ນິຍາມ</h3><p>ຄຳວ່າ " ຫັນເຫ " ແລະຄຳວ່າ " ພັດໄປ " ໝາຍເຖິງການບໍ່ເຊື່ອຟັງພຣະປະສົງຂອງພຣະເຈົ້າ ຄົນທີ່ " ນຳຫລົງໄປ " ໄດ້ປ່ອຍໃຫ້ຄົນອື່ນຫລືສະຖານະການອື່ນມາມີອິດທິພົນເໜືອພວກເຂົາທຳໃຫ້ບໍ່ເຊື່ອຟັງພຣະເຈົ້າ.</p><ul><li>ຄຳວ່າ " ຫລົງເຈີ່ນ " ທຳໃຫ້ເຫັນພາບການຖີ້ມເສັ້ນທາງທີ່ລາບລື້ນຫລືສະຖານທີ່ປອດພັຍ ແລ້ວອອກຍັງເສັ້ນທາງທີ່ຜິດແລະອັນຕະລາຍ.</li><li>ແກະທີ່ອອກໄປຈາກທົ່ງຫຽ້າທີ່ຂຽວສົດຂອງຜູ້ລ້ຽງ ໄດ້ " ຫລົງພັດຈາກຝູງໄປ " ພຣະເຈົ້າຊົງປຽບທຽບຄົນບາບເປັນເໝືອນແກະທີ່ໄດ້ອອກຈາກພຣະອົງແລະ " ພັດຫລົງໄປ. "</li></ul><h3 id="section-2">ຂໍ້ແນະນຳໃນການແປ</h3><ul><li>ຄຳວ່າ " ຫລົງເຈີ່ນ " ອາດຈະແປໄດ້ອີກວ່າ " ອອກໄປຈາກພຣະເຈົ້າ "ຫລື " ເດີນຜິດທາງຈາກພຣະປະສົງຂອງພຣະເຈົ້າ " ຫລື " ເຊົາເຊື່ອຟັງ ພຣະເຈົ້າ " ຫລື " ຢູ່ໃນເສັ້ນທາງທີ່ອອກໄປຈາກພຣະເຈົ້າ "</li><li>ການ " ເຮັດໃຫ້ບາງຄົນຫລົງໄປ " ອາດຈະແປໄດ້ອີກວ່າ " ເປັນເຫດໃຫ້ບາງຄົນບໍ່ເຊື່ອຟັງພຣະເຈົ້າ " ຫລື "ມີອິດທິພົນເຮັດໃຫ້ບາງຄົນເຊົາເຊື່ອຟັງພຣະເຈົ້າ " ຫລື " ເປັນເຫດໃຫ້ບາງຄົນຕິດຕາມເຂົາໄປໃນເສັ້ນທາງທີ່ຜິດ. "</li></ul>  
athaliah	<h2 id="section">@ອາທາລິຢາ</h2><h3 id="section-1">ຂໍ້ເທັດຈິງ</h3><p>ອາທາລິຢາເປັນມະເຫສີທີ່ຊົ່ວຮ້າຍຂອງກະສັດເຢໂຮຣາມແຫ່ງຢູດາ ນາງເປັນຫລານສາວຂອງກະສັດອົມຣິຜູ້ຊົ່ວຮ້າຍແຫ່ງອິສະຣາເອນ.</p><ul><li>ອາທາລີຢາ ໂອຣົດຂອງພຣະນາງອາຮາຊີຢາໄດ້ຂຶ້ນເປັນກະສັດຫລັງຈາກທີ່ກະສັດເຢໂຮຣາມສະຫວັນນະຄົດ.</li><li>ເມື່ອກະສັດອາຫັດຊີຢາ ໂອຣົດຂອງພຣະນາງໄດ້ສະຫວັນນະຄົດ ອາມາລິຢາໄດ້ວາງແຜນທີ່ຈະຂ້າຕະກຸນຂອງກະສັດທີ່ເຫລືອຢູ່ເສຍ.</li><li>ແຕ່ໂຢອາດ ຫລານຜູ້ນ້ອຍຂອງພຣະນາງອາທາລິຢາໄດ້ຖືກຊ້ອນໄວ້ດ້ວຍປ້າຂອງລາວ ແລະໄດ້ລອດພົ້ນຈາກການຖືກຂ້າ ຕໍ່ມາພາຍຫລັງໂຢອາດໄດ້ກາຍເປັນກະສັດ.</li></ul>  
atonement	<h2 id="section">@ການຄືນດີ, @ການໄຖ່, @ຄືນດີ,@ ໄຖ່</h2><h3 id="section-1">ນິຍາມ</h3><p>ຄຳວ່າ " ຄືນດີ " ແລະ " ການຄືນດີ " ໄດ້ເວົ້າເຖິງການທີ່ພຣະເຈົ້າໄດ້ຈັດຕຽມເຄື່ອງບູຊາທີ່ຈະໄຖ່ຄວາມບາບຂອງປະຊາຊົນແລະລະງັບພຣະພິໂຣດຂອງພຣະອົງຕໍ່ຄວາມບາບ.</p><ul><li>ໃນສະໄໝພັນທະສັນຍາເດີມ ພຣະເຈົ້າຊົງອະນຸຍາດໃຫ້ມີການໄຖ່ຊົ່ວຄາວສຳລັບຄວາມບາບຂອງຄົນອິສະຣາເອນ ດ້ວຍການຖວາຍເຄື່ອງບູຊາດ້ວຍເລືອດຊຶ່ງກ່ຽວຂ້ອງກັບການຂ້າສັດ.</li><li>ຕາມທີ່ໄດ້ບັນທຶກໃນພັນທະສັນຍາໃໝ່ ການສິ້ນພຣະຊົນຂອງພຣະຄຣິດເທິງໄມ້ກາງແຂນເປັນການໄຖ່ບາບທີ່ແທ້ຈິງແລະຖາວອນພຽງຢ່າງດຽວເທົ່ານັ້ນ.</li><li>ເມື່ອພຣະເຢຊູສິ້ນພຣະຊົນ, ພຣະອົງໄດ້ຮັບການລົງໂທດທີ່ມະນຸດຄວນໄດ້ຮັບ,ເພາະຮັບຄວາມບາບຂອງພວກເຂົາໄວ້ແທນ. ພຣະອົງໄດ້ຈ່າຍຄ່າລົບລ້າງບາບດ້ວຍການສິ້ນພຣະຊົນຂອງພຣະອົງ.</li></ul><h3 id="section-2">ຂໍ້ແນະນຳໃນການແປ</h3><ul><li>ຄຳວ່າ " ໄຖ່ " ໄດ້ຖືກແປດ້ວຍຄຳ ຫລືຖ້ອຍຄຳທີ່ມີຄວາມໝາຍວ່າ " ຈ່າຍໃຫ້ " ຫລື " ຈ່າຍແທນ " ຫລື " ທຳໃຫ້ບາບຂອງບາງຄົນໄດ້ຮັບການອະພັຍ " ຫລື " ຈ່າຍຊົດໃຊ້ຄ່າເສຍຫາຍສຳຫລັບອາຊະຍາກຳ. "</li><li>ໃນວິທີອື່ນໆທີ່ໄດ້ແປຄຳວ່າ " ການໄຖ່ " ອາດລວມເຖິງຄຳວ່າ " ການຈ່າຍ "ຫລື" ເຄື່ອງບູຊາທີ່ຊົດໃຊ້ມາ " ຫລື " ເຮັດໃຫ້ມີການອະພັຍໂທດ. "</li><li>ໃຫ້ໝັ້ນໃຈວ່າການແປຄຳນີ້ບໍ່ໄດ້ໝາຍເຖິງ ການຈ່າຍເງິນ.</li></ul>  
atonement lid	<h2 id="section">@ຝາແຫ່ງການຄືນດີ</h2><h3 id="section-1">ນິຍາມ</h3><p>" ຝາແຫ່ງການຄືນດີ " ເປັນຝາທີ່ເຮັດຈາກທອງຄຳເພື່ອໃຊ້ເປັນ ຝາປິດເທິງຫີບພັນທະສັນຍາ. ໃນພາສາອັງກຣິດຫລາຍສະບັບໃຊ້ຄຳນີ້ເອີ້ນວ່າ " ແຜ່ນປິດແຫ່ງການຄືນດີ. "</p><ul><li>ຝາແຫ່ງການຄືນດີມີຄວາມຍາວປະມານ115 ເຊັ່ນຕີແມັດແລະກວ້າງປະມານ 70 ເຊັນຕີແມັດ</li><li>ເທິງຝາແຫ່ງການຄືນດີນັ້ນມີເຄຣຸບທອງຄຳສອງຮູບທີ່ມີປາຍປີກມາບັນຈຸກັນ.</li><li>ພຣະຢາເວໄດ້ຊົງສັ່ງວ່າພຣະອົງຈະພົບຄົນອິສະຣາເອນເໜືອຝາແຫ່ງການຄືນດີ, ພາຍໃຕ້ປີກທີ່ກາງອອກຂອງເຄຣຸບ, ມີພຽງມະຫາປະໂລຫິດເທົ່ານັ້ນທີ່ໄດ້ຮັບອະນຸຍາດໃຫ້ກະທຳການນີ້, ໃນຖານະຕົວແທນຂອງປະຊາຊົນ.</li><li>ບາງຄັ້ງຝາແຫ່ງການຄືນດີນີ້ໄດ້ເອີ້ນວ່າ " ພຣະທີ່ນັ່ງກາຣຸນາ " ເພາະວ່າເປັນຊື່ພຣະເມດ ຕາ ຂອງພຣະເຈົ້າໃນການສະເດັດລົງມາເພື່ອໄຖ່ມະນຸດຄົນບາບ.</li></ul><h3 id="section-2">ຂໍ້ແນະນຳໃນການແປ</h3><ul><li>ໃນວິທີອື່ນຈະແປຄຳນີ້ກໍອາດຈະລວມເຖິງຄຳວ່າ "ຝາຫີບທີ່ພຣະເຈົ້າຊົງສັນຍາວ່າຈະໄຖ່ບາບ " ຫລື " ທີ່ພຣະເຈົ້າຊົງຄືນດີ " ຫລື " ຝາຫີບທີ່ພຣະເຈົ້າຊົງໃຫ້ອະພັຍແລະຊົງຮື້ຟື້ນຂຶ້ນໃໝ່. "</li><li>ຫລືອາດຈະມີຄວາມໝາຍວ່າ " ສະຖານທີ່ແຫ່ງການປອບໂຍນ. "</li><li>ໃຫ້ປຽບທຽບຄຳນີ້ກັບຄຳທີ່ທ່ານໃຊ້ແປຄຳວ່າ " ການຄືນດີ " ການປອບໂຍນ " ຫລື " ການໄຖ່ບາບ."</li></ul>  
authority	<h2 id="section">@ສິດທິອຳນາດ</h2><h3 id="section-1">ນິຍາມ</h3><p>ຄຳວ່າ " ສິດທິອຳນາດ " ເວົ້າເຖິງອຳນາດຫລືອິດທິພົນແລະການຄວບຄຸມທີ່ບາງຄົນມີເໜືອບາງຄົນ.</p><ul><li>ກະສັດແລະຜູ້ປົກຄອງຄົນອື່ນໆ ມີສິດທິອຳນາດເໜືອປະຊາຊົນທີ່ພວກເຂົາປົກຄອງ.</li><li>ຄຳວ່າ " ຜູ້ມີອຳນາດທັງຫລາຍ " ເວົ້າເຖິງປະຊາຊົນ ຣັຖະບານ ຫລືອົງການຕ່າງໆ ທີ່ມີສິດອຳນາດເໜືອຄົນອື່ນ.</li><li>ເຈົ້ານາຍມີອຳນາດເໜືອພວກຄົນຮັບໃຊ້ ຫລືພວກທາດຂອງພວກເຂົາ ຜູ້ປົກຄອງມີອຳນາດເໜືອພວກເດັກນ້ອຍຂອງພວກເຂົາ.</li><li>ຣັຖະບານມີອຳນາດ ຫລື ສິດທິທີ່ຈະອອກກົດໝາຍທີ່ຈະປົກຄອງພວກພົນລະເມືອງຂອງພວກເຂົາ.</li></ul><h3 id="section-2">ຂໍ້ແນະນຳໃນການແປ</h3><ul><li>ຄຳວ່າ "ສິດທິອຳນາດ " ອາດແປໄດ້ອີກວ່າ " ຄວບຄຸມ " ຫລື " ສິດທິ  " ຫລື " ຄຸນສົມບັດ. "</li><li>ບາງຄັ້ງຄຳວ່າ " ສິດທິອຳນາດ " ຖືກໃຊ້ໝາຍຄວາມວ່າ " ອຳນາດ. "</li><li>ມີຄຳວ່າ " ຜູ້ມີອຳນາດ " ຖືກໃຊ້ເພື່ອເວົ້າເຖິງຜູ້ຄົນຫລືອົງການຕ່າງໆ ທີ່ປົກຄອງປະຊາຊົນ, ຄຳນີ້ກໍສາມາດແປໄດ້ອີກວ່າ "ພວກຜູ້ນຳ "ຫລື " ພວກຜູ້ປົກຄອງ " ຫລື " ພວກຜູ້ມີອຳນາດ. "</li><li>ຖ້ອຍຄຳທີ່ວ່າ " ດ້ວຍສິດທິອຳນາດຂອງຕົນເອງ " ຫລື " ຂຶ້ນຢູ່ກັບຄຸນສົມບັດຂອງເຂົາເອງ. "</li><li>ມີຄຳທີ່ວ່າ " ພາຍໃຕ້ສິດທິອຳນາດ, " ອາດຈະໄດ້ວ່າ " ຮັບຜິດຊອບທີ່ຈະເຊື່ອຟັງ, " ຫລື " ຕ້ອງເຊື່ອຟັງຄຳສັ່ງຂອງຄົນອື່ນ. "</li></ul>  
avenge	<h2 id="section">@ແກ້ແຄ້ນໃຫ້, @ແກ້ແຄ້ນ, @ການແກ້ແຄ້ນ</h2><h3 id="section-1">ນິຍາມ</h3><p>ຄຳວ່າ " ແກ້ແຄ້ນໃຫ້ " ຫລື " ຈັດການແກ້ແຄ້ນ " ຫລື " ດຳເນີນການໆແກ້ແຄ້ນ " ເປັນການລົງໂທດບາງຄົນເພື່ອເປັນການຕອບແທນສຳລັບສິ່ງຊົ່ວຮ້າຍທີ່ເຂົາໄດ້ກະທຳ ການກະທຳໃນການແກ້ແຄ້ນໃຫ້ ຫລືເຮັດການແກ້ແຄ້ນຄື " ການແກ້ແຄ້ນ. "</p><ul><li>ເມື່ອເວົ້າເຖິງຜູ້ຄົນ ສຳນຽງທີ່ວ່າ, " ຈັດການແກ້ແຄ້ນ " ຫລື " ກະທຳການແກ້ແຄ້ນ " ປົກກະຕິກ່ຽວຂອງກັບຄວາມຕ້ອງທີ່ຈະໂຕ້ຕອບຄືນແກ່ຄົນທີ່ໄດ້ທຳໃນສິ່ງຊົ່ວຮ້າຍ.</li><li>ເມື່ອພຣະເຈົ້າ " ຊົງຈັດການໆແກ້ແຄ້ນ " ຫລື " ຊົງກະທຳການໆແກ້ແຄ້ນ " ພຣະອົງຊົງກະທຳດ້ວຍຄວາມຊອບທັມ ເພາະວ່າພຣະອົງຊົງກຳລັງລົງໂທດຄວາມບາບແລະການກະບົດ.</li></ul><h3 id="section-2">ຂໍ້ແນະນຳໃນການແປ</h3><ul><li>ຄຳວ່າ "ແກ້ແຄ້ນໃຫ້ " ບາງຄົນອາດຈະເວົ້າວ່າ " ເພື່ອແກ້ໄຂໃນສິ່ງທີ່ຜິດໃຫ້ຖືກຕ້ອງ "ຫລື " ເພື່ອໃຫ້ມີຄວາມຍຸຕິທັມ."</li><li>ເມື່ອເວົ້າເຖິງມະນຸດ "ຈັດການແກ້ແຄ້ນ " ອາດໝາຍຄວາມວ່າ " ການແກ້ແຄ້ນເອົາຄືນ " ຫລື " ທຳຮ້າຍເພື່ອເປັນການລົງໂທດ " ຫລື " ໂຕ້ຕອບກັບ."</li><li>" ການແກ້ແຄ້ນ "ອາດຈະແປໄດ້ອີກວ່າ, " ການລົງໂທດ " ຫລື " ການລົງໂທດບາບ " ຫລື " ການຕອບແທນສຳລັບການກະທຳຜິດ, " ຖ້າຫາກຄຳນັ້ນມີຄວາມໝາຍວ່າ " ການຕອບແທນ " ກໍຈະໃຊ້ສຳລັບມະນຸດເທົ່ານັ້ນ ທັງນີ້ຂື້ນຢູ່ກັບກໍລະນີນັ້ນໆ.</li><li>ເມື່ອພຣະເຈົ້າຊົງສັ່ງວ່າ " ຈັດການໆ ແກ້ແຄ້ນຂອງເຮົາ " ຄຳນີ້ອາດຈະແປໄດ້ວ່າ " ລົງໂທດພວກເຂົາສຳລັບການທຳຜິດຕໍ່ຕ້ານເຮົາ " ຫລື " ທຳໃຫ້ສິ່ງຊົ່ວຮ້າຍເກີດຂຶ້ນເພາະພວກເຂົາໄດ້ກະທຳບາບຕໍ່ເຮົາ."</li><li>ເມື່ອເວົ້າເຖິງການແກ້ແຄ້ນຂອງພຣະເຈົ້າ, ໃຫ້ແນ່ໃຈວ່າພຣະເຈົ້າຊົງກະທຳການຢ່າງຖືກຕ້ອງໃນການລົງໂທດບາບ.</li></ul>  
awe	<h2 id="section">@ເກງກົວ, @ໜ້າເກງກົວ</h2><h3 id="section-1">ນິຍາມ</h3><p>ຄຳວ່າ " ເກງກົວ " ໝາຍເຖິງຄວາມຮູ້ສຶກທີ່ປະຫລາດໃຈແລະບັບຖືຢູ່ເລິກໆ, ທີ່ເກີດຂຶ້ນເພາະການເຫັນສິ່ງທີ່ຍິ່ງໃຫຍ່, ມີອຳນາດຫລາຍແລະອາລັງການ.</p><ul><li>ຄຳວ່າ " ໜ້າເກງຂາມ " ບັນລະຍາຍເຖິງບາງຄົນຫລືບາງສິ່ງທີ່ເຮັດໃຫ້ເກີດຄວາມຮູ້ສຶກເກງກົວ.</li><li>ນິມິດແຫ່ງພຣະສະຫງ່າຣາສີຂອງພຣະເຈົ້າທີ່ຜູ້ເຜີຍພຣະວະຈະນະເອ</li></ul><p>ເຊກຽນໄດ້ເຫັນນັ້ນ "ໜ້າເກງຂາມ " ຫລື " ທຳໃຫ້ເກີດຄວາມເກງກົວ "</p><ul><li>ການຕອບສະໜອງຂອງມະນຸດທົ່ວໄປຕໍ່ການສະແດງຄວາມຍິ່ງໃຫຍ່ແຫ່ງການຊົງສະຖິດຂອງພຣະເຈົ້າລວມໄປເຖິງ ຄວາມກົວ, ການກົ້ມກາບ,ຫລືຄຸເຂົ່າລົງ ການປິດໜ້າແລະສັ່ນຢ້ານກົວ.</li></ul>  
ax	<h2 id="section">@ຂວານ</h2><h3 id="section-1">ນິຍາມ</h3><p>ຂວານເປັນເຄື່ອງມືທີ່ໃຊ້ຕັດຫລືຕັດຕົ້ນໄມ້ຫລືໄມ້.</p><ul><li>ປົກກະຕິແລ້ວ ຂວານຈະມີດ້າມໄມ້ທີ່ຍາວແລະມີແຜ່ນມີດເຫລັກອັນໃຫຍ່ຕິດຢູ່ທີ່ສ່ວນປາຍ.</li><li>ຖ້າໃນວັດທະນະທັມຂອງທ່ານມີເຄື່ອງມືທີ່ຄ້າຍກັບຂວານ ຊື່ຂອງເຄື່ອງມືອັນນັ້ນກໍຄວນຈະເວົ້າວ່າ" ຂວານ. "</li><li>ໃນວິທີອື່ນໆ ທີ່ໃຊ້ແປໃນຄຳນີ້ກໍອາດຈະລວມເຖິງຄຳວ່າ " ເຄື່ອງທີ່ໃຊ້ຕັດຕົ້ນໄມ້ " ຫລື " ເຄື່ອງມືທີ່ເຮັດຈາກໄມ້ພ້ອມກັບແຜ່ນມີດ " ຫລື " ເຄື່ອງມືທີ່ໃຊ້ຕັດໄມ້ທີ່ມີດ້າມຍາວ. "</li><li>ມີເຫດການໜຶ່ງໃນພັນທະສັນຍາເດີມ ຫົວຂວານໄດ້ຫັກຟົ້ງລົງໄປໃນແມ່ນ້ຳ,ດັ່ງນັ້ນຄຳແປທີ່ດີທີ່ສຸດຄວນເປັນເຄື່ອງມືທີ່ມາບັນລະຍາຍວ່າມີມີດທີ່ສາມາດຫລຸດອອກຈາກດ້າມບໍ່ໄດ້.</li></ul>  
azariah	<h2 id="section">@ເອຊາຣິຢາ</h2><h3 id="section-1">ຂໍ້ເທັດຈິງ</h3><p>ອາຊາຣິຢາ ເປັນຊື່ຂອງຜູ້ຊາຍຫລາຍຄົນໃນພັນທະສັນຍາເດີມ.</p><ul><li>ອາຊາຣິຢາ ຄົນໜຶ່ງເປັນທີ່ຮູ້ຈັກກັນດີໃນຊື່ພາສາບາບີໂລນວ່າ ອາບັນເນໂກ ເຂົາເປັນໜຶ່ງໃນຄົນອິສະຣາເອນຫລວງຫລາຍທີ່ມາຈາກຢູດາ ຜູ້ທີ່ຖືກຈັບໄປເປັນຊະເລີຍໂດຍກອງທັບຂອງເນບູກາດເນັດຊາ ແລະຖືກນຳໄປຢູ່ໃນກຸງບາບີໂລນ. ອາຊາຣິຢາແລະເພື່ອນຄົນອິສະຣາເອນຂອງລາວຄືຮານັັນຢາ ແລະມີຊາເອນໄດ້ປະຕິເສດທີ່ຈະນະມັດສະການກະສັດບາບີໂລນ.ດັ່ງນັ້ນພວກເຂົາຈິ່ງຖືກໂຍນເຂົ້າເຕົາໄຟເພື່ອເປັນການລົງໂທດ, ແຕ່ພຣະເຈົ້າຊົງໄດ້ຄຸ້ມຄອງພວກເຂົາ ແລະພວກເຂົາບໍ່ໄດ້ຮັບບາດເຈັບໃດໆເລີຍ.</li><li>ອຸດຊີຢາ ກະສັດຂອງຢູດາກໍໄດ້ເອີ້ນວ່າ " ອາຊາຣິຢາ " ດ້ວຍ</li></ul><p>ອາຊາຣິຢາອີກຄົນໜຶ່ງເປັນມະຫາປະໂລຫິດໃນພັນທະສັນຍາເດີມ.</p><ul><li>ໃນສະໄໝຂອງຜູ້ປະກາດພຣະວັດຈະນະເຢເຣມີຢາ, ມີຊາຍຄົນໜຶ່ງຊື່ ອາຊາຣິຢາ ໄດ້ຊັກຊວນໃຫ້ຄົນອິສະຣາເອນບໍ່ເຊື່ອຟັງພຣະເຈົ້າໂດຍການໃຫ້ລະຖິ້ມບ້ານເກີດຂອງຕົນເອງ.</li></ul>  
baal	<h2 id="section">@​ບາ​ອານ</h2><h3 id="section-1">ຂໍ້ເທັດຈິງ</h3><p>"ບາ​ອານ" ໝາຍ​ຄວາມ​ວ່າ "ເຈົ້າ" ຫລື "ນາຍ" ແລະ​ເປັນ​ຊື່​ຂອງ​ພ​ະປອມທີ່​ຄົນ​ກາ​ນາ​ອານ​ກາບ​ໄຫວ້​ນະ​ມັ​ດສະ​ການ.</p><ul><li>ມີ​ພະ​ປອມ​ທ້ອງ​ຖີ່ນ​ທີ່​ມີ​ຄຳ​ວ່າ "ບາ​ອານ" ຢູ່​ໃນ​ຊື່​ຂອງ​ພວກ​ເຂົາ​ດ້ວຍ​ເຊັ່ນ "ບາ​ອານ​ແຫ່ງ​ເປ​ໂອ" ບາງ​ຄັ້ງ​ພວກ​ພ​ະ​ເຫລົ່າ​ນີ້​ຖືກ​ເອີ້ນ​ຮ່ວມ​ກັນ​ວ່າ "ບັນ​ດາ​ພ​ະ​ບາ​ອານ."</li><li>ບາງ​ຄົນ​ມີ​ຊື່​ທີ່​ມີ​ຄຳ​ວ່າ "ບາ​ອານ" ຢູ່​ໃນ​ຊື່​ຄືກັນ.</li><li>​ການ​ນະ​ມັ​ດສະ​ການ​ພ​ະ​ບາ​ອານ ຮວມ​ເຖີງ​ການ​ເຮັດ​ຊົ່ວ​ເຊັ່ນ​ການ​ເອົາ​ເດັກ​ນ້ອຍ​ບູ​ຊາ​ຍັນ​ແລະ​ໃຊ້​ຍິງ​ແມ່​ຈ້າງ​ມາ​ຮ່ວມ​ພິ​ທີ.</li><li>ຫລາຍ​ເທື່ອ​ໃນ​ປະ​ວັດ​ສາດ​ຂອງ​ພວກ​ເຂົາ, ຄົນ​ອິ​ດສະ​ຣາ​ເອນ​ໄດ້​ມີ​ຄວາມ​ສຳ​ພັນ​ໃກ້​ຊິດ​ກັນ​ການນະ​ມັດ​ສ​ະການ, ​ພ​ະ​ບາ​ອານ​ເຮັດ​ຕາມ​ຢ່າງ​ຊົນ​ຊາດ​ທີ່ບໍ່​ມີ​ພ​ຣະ​ເຈ​ົ້າ​ຢູ່​ອ້ອມ​ແອ້ມ​ພວກ​ເຂົາ.</li><li>ໃນ​ສ​ະໄຫມ​ຂອງ​ກະ​ສັດ​ອາ​ຫາບ, ເອ​ລີ​ຢາ​ຜູ້​ປະ​ກາດ​ພ​ຣະ​ທັມ​ຂ​ອງ​ພ​ຣະ​ເຈົ້າ​ໄດ້​ທ້າ​ທາຍ​ເພື່ອ​ພິ​ສູດ​ໃຫ້​ປະ​ຊາ​ຊົນ​ໄດ້​ເຫັນ​ວ່າ​ພ​ະ​ບາ​ອານບໍ່​ແມ່ນ​ພ​ະ​ແທ້ ແລະ​ພ​ຣະ​ຢາ​ເວ​ເທົ່າ​ນັ້ນ​ທີ່​ເປັນ​ພ​ຣະ​ເຈ​ົ້າ​ອົງ​ທ່ຽງ​ແທ້​ອົງ​ດຽວ. ຜົນ​ປະ​ກົດ ​ກໍ​ຄື​ພວກ​ຜູ້​ປະ​ກາດ​ຂອງ​ພ​ະ​ບາ​ອານ​ໄດ້​ຖືກ​ທຳ​ລາຍ​ແລະ​ປະ​ຊາ​ຊົນ​ໄດ້​ກັບ​ມາ​ນະ​ມັ​ສ​ການ​ພ​ຣະ​ຢາ​ເວ​ອີກ​ເທື່ອ​ນຶ່ງ.</li></ul><p>(ເບີ່ງເພີ້ມເຕີມ:  Ahab, Asherah, Elijah, false god, prostitute, Yahweh)</p>  
baasha	<h2 id="section">@ບາ​ອາ​ຊາ</h2><h3 id="section-1">ຂໍ້ເທັດຈິງ</h3><p>​ບາ​ອາ​ຊາ​ເປັນ​ຜູ້​ຫນຶ່ງ​ໃນ​ພວກ​ກະ​ສັດ​ທີ່​ຊົ່ວ​ຮ້າຍ​ຂອງ​ອິ​ດສະ​ຣາ​ເອນ, ເປັນ​ຜູ້​ທີ່​ນຳ​ພາ​ຄົນ​ອິ​ດສະ​ຣາ​ເອນ​ໃຫ້​ໄປ​ນະ​ມັດ​ສະ​ການ​ຮູບ​ເຄົາ​ລົບ​ທັງ​ຫລາຍ.</p><ul><li>ບາ​ອາ​ຊາ​ເປັນ​ກະ​ສັດ​ອົງ​ທີ​ສາມ​ຂອງ​ອິດ​ສ​ະຣາ​ເອນ ແລະ​ໄດ້​ປົກ​ຄອງ​ເປັນ​ເວ​ລາ​ຊາວ​ປີ, ໃນ​ຊ່ວງ​ເວ​ລາ​ທີ່​ອາ​ສາ​ເປັນ​ກະ​ສັດ​ຂອງ​ຢູ​ດາ.</li><li>ທ່ານ​ເປັນ​ຜູ້​ບັນ​ຊາ​ການ​ທະ​ຫານ​ທີ່​ໄດ້​ກາຍ​ເປັນ​ກະ​ສັດ​ໂດຍ​ການ​ຂ້າ​ກະ​ສັດ​ອົງ​ກ່ອນ​ຄື ນາ​ດາບ.</li><li>ໃນ​ສ​ມັຍ​ຂອງ​ບາ​ອາ​ຊາ​ໄດ້​ມີ​ສົງ​ຄາມ​ລະ​ຫວ່າງ​ອ​ສ​ຣາ​ເອັນ​ແລະ​ຢູ​ດາ, ໂດຍ​ສ​ເພາະ​ກັບ​ກະ​ສັດ​ອາ​ສາ​ແຫ່ງ​ຢູ​ດາ.</li><li>ເພາະ​ຄວາມ​ບາບ​ຢ່າງ​ຫລວງ​ຫລາຍ​ຂອງ​ບາ​ອາ​ຊາ ໃນ​ທີ່​ສຸດ​ພ​ຣະ​ເຈົ້າ​ກໍ​ປົດ​ເຂົາ​ອອກ​ຈາກ​ຕຳ​ແໜ່ງ​ໂດຍ​ຄວາມ​ຕາຍ​ຂອງ​ເຂົາ.</li></ul><p>(​ເບີ່ງເພີ້ມເຕີມ: : Asa, false god)</p>  
babel	<h2 id="section">@ບາ​ເບນ</h2><h3 id="section-1">ຂໍ້ເທັດຈິງ</h3><p>ບາ​ເບນເປັນ​ເມືອງ​ສຳ​ຄັນ​ເມືອງຫ​ນຶ່ງ​ຂອງ​ເຂດ​ທີ່​ເອີ້ນ​ວ່າ​ຊີ​ນາ ຊຶ່ງ​ຕັ້ງ​ຢູ່​ໃນ​ພາກ​ໃຕ້​ຂອງ​ເມ​ໂສ​ໂປ​ເຕ​ເມຽ. ໃນ​ຄາວ​ຕໍ່​ມາ​ເມືອງ​ຊີ​ນາ​ໄດ້​ປ່ຽນ​ຊື່​ເປັນ​ບາ​ບີ​ໂລນ.</p><ul><li>ເມືອງ​ບາ​ເບນ​ໄດ້​ຖືກ​ສ້າງ​ໂດຍ​ຫລານ​ຊາຍ​ຂອງ​ຮາມ​ທີ່​ຊື່ ນິມ​ໂຣດຊຶ່ງ​ເປັນ​ຜູ້​ປົກ​ຄອງ​ດິນ​ແດນ​ຊິ​ນາ.</li><li>ຊາວ​ເມືອງ​ຊິ​ນາ​ໄດ້​ເລີ່ມ​ອວດ​ໂຕ​ແລະ​ຕັດ​ສິນ​ໃຈ​ຈະ​ສ້າງ​ຫໍ​ຄອຍ​ສູງ​ທຽມ​ຟ້າ. ພາຍ​ຫລັງ​ເປັນ​ທີ່​ຮູ້​ຈັກ​ກັນ​ວ່າ "ຫໍ​ບາ​ເບນ."</li><li>ເພາະ​ປະ​ຊາ​ຊົນ​ທີ່​ສ້າງ​ຫໍ​ຄອຍບໍ່​ຕ້ອງ​ການ​ກະ​ຈາຍ​ອອກ​ໄປ​ຕາມ​ທີ່​ພ​ຣະ​ເຈົ້າ​ຊົງ​ໄດ້​ບັນ​ຊາ​ໄວ້, ພ​ຣະ​ອົງ​ຈຶ່ງ​ເຮັດ​ໃຫ້​ພາ​ສາ​ຂອງ​ພວກ​ເຂົາ​ວຸ່ນ​ວາຍ​ໄປ ຈົນ​ພວກ​ເຂົາ​ບໍ່​ສາ​ມາ​ເຂົ້າ​ໃຈ​ກັນ. ສີ່ງນີ້​ໄດ້ບັງ​ຄັບ​ພວກ​ເຂົາ​ໃຫ້​ຍ້າຍ​ອອກ​ໄປ​ອາ​ສັຍ​ຕາມ​ບ່ອນ​ຕ່າງໆ​ທົ່ວ​ໂລກ.</li><li>ກົກ​ເຄ​ົ້າ​ຂອງ​ຄຳ​ວ່າ "ບາ​ເບນ" ຄື "ຄວາມ​ວຸ້ນ​ວາຍ" ຊຶ່ງ​ໄດ້​ຖືກ​ເອີ້ນ​ແບບນີ້ເມື່ອ​ພ​ຣະ​ເຈົ້າ​ໄດ້ຊົງເຮັດ​ໃຫ້​ພາ​ສາ​ຂອງ​ພວກ​ເຂົາ​ວຸ້ນ​ວາຍ​ໄປ.</li></ul><p>(​ເບີ່ງເພີ້ມເຕີມ:  Babylon, Ham, Mesopotamia)</p>  
babylon	<h2 id="section">@ບາບີໂລນ, @ຊາວບາບີໂລນ</h2><h3 id="section-1">ຂໍ້ເທັດຈິງ</h3><p>ເມືອງບາບີໂລນເປັນເມືອງຫລວງຂອງບາບີໂລນໃນສະໃໝ່ບູ ຮານເປັນສ່ວນໜຶ່ງຂອງອານາຈັກບາບີໂລນ.</p><ul><li>ບາບີໂລນຕັ້ງຢູ່ລຽບຕາມແມ່ນ້ ຳ ຍູເຟຣຕີສ, ໃນບໍລິເວນດຽວກັນກັບຫໍຄອຍບາເບລໄດ້ຖືກສ້າງຂຶ້ນມາຫຼາຍຮ້ອຍປີກ່ອນ.</li><li>ບາງຄັ້ງ ຄຳວ່າບາບີໂລນ ໝາຍເຖິງອານາຈັກບາບີໂລນທັງ  ໝົດ. ຍົກຕົວຢ່າງ, "ກະສັດແຫ່ງບາບີໂລນ" ປົກຄອງຈັກກະ ພັດທັງໝົດ, ບໍ່ແມ່ນແຕ່ເມືອງ.</li><li>ຊາວບາບີໂລນແມ່ນກຸ່ມຄົນທີ່ມີອຳນາດເຊິ່ງໄດ້ໂຈມຕີອານາຈັກຢູດາແລະເຮັດໃຫ້ປະຊາຊົນຢູດາຢູ່ໃນປະເທດບາບີໂລນເປັນເວລາ 70 ປີ.</li><li>ສ່ວນໜຶ່ງ ຂອງຂົງເຂດນີ້ຖືກເອີ້ນວ່າ "ຄັນເດຍ" ແລະປະຊາຊົນທີ່ອາໄສຢູ່ທີ່ນັ້ນແມ່ນ "ຊາວຄັນເດຍ." ດ້ວຍເຫດນັ້ນ ຄຳສັບທີ່ວ່າ "Chaldea" ມັກຖືກໃຊ້ເພື່ອອ້າງເຖິງບາບີໂລນ. (ເບິ່ງເພີ່ມເຕີມ: <a href="https://read.bibleineverylanguage.org/WA-Catalog/lo_tm?section=translate#figs-synecdoche" target="_blank" data-is-rc-link="" data-repo="lo_tm" data-user="WA-Catalog" data-page="translate" data-topic="figs-synecdoche" data-type="tm">figs-synecdoche</a>)</li><li>ໃນພຣະຄຳພີໃໝ່, ຄຳວ່າ "ບາບີໂລນ" ບາງຄັ້ງໃຊ້ເປັນຄຳ ປຽບທຽບເພື່ອກ່າວເຖິງສະຖານທີ່, ຄົນ, ແລະຮູບແບບການຄິດທີ່ກ່ຽວຂ້ອງກັບການນະມັດສະການຮູບປັ້ນແລະການປະພຶດທີ່ເຮັດຜິດບາບອື່ນໆ.</li><li>ປະໂຫຍກທີ່ວ່າ "ບາບີໂລນໃຫຍ່" ຫລື "ເມືອງໃຫຍ່ຂອງບາບີໂລນ" ໝາຍ ເຖິງການປຽບທຽບກັບເມືອງຫລືປະເທດ ໜຶ່ງທີ່ໃຫຍ່, ຮັ່ງມີ, ແລະມີບາບ, ຄືກັນກັບເມືອງບູຮານຂອງບາບີໂລນ. (ເບິ່ງເພີ່ມເຕີມ: <a href="https://read.bibleineverylanguage.org/WA-Catalog/lo_tm?section=translate#figs-metaphor" target="_blank" data-is-rc-link="" data-repo="lo_tm" data-user="WA-Catalog" data-page="translate" data-topic="figs-metaphor" data-type="tm">figs-metaphor</a>)</li></ul>  
balaam	<h2 id="section">@ບາລາອາມ</h2><h3 id="section-1">ຂໍ້ເທັດຈິງ</h3><p>ບາລາອາມເປັນຜູ້ ທຳ ນວາຍນອກຮີດເຊິ່ງກະສັດ ອາຮາບີກ ໄດ້ຈ້າງເພື່ອສາບແຊ່ງຊາວຍິດສະລາເອນໃນຂະນະທີ່ພວກເຂົາຕັ້ງຄ້າຍພັກຢູ່ແມ່ນ້ ຳ ຈໍແດນທາງພາກ ເໜືອ ຂອງໂມອັບ, ກະກຽມເຂົ້າໄປໃນແຜ່ນດິນການາອານ.</p><ul><li>ບາລາອາມມາຈາກເມືອງເປເທີເຊິ່ງຕັ້ງຢູ່ໃນບໍລິເວນອ້ອມຮອບແມ່ນ້ ຳ ເຊິ່ງຫ່າງຈາກແຜ່ນດິນໂມອາບ.ປະມານ400ໄມ</li><li>ກະສັດມີເດຍຄົນໜຶ່ງຊື່ວ່າ ເບເລັກ ມີຄວາມຢ້ານກົວຕໍ່ ກຳ ລັງແລະ ຈຳນວນຂອງຊາວອິດສະລາເອນ, ດັ່ງນັ້ນລາວຈຶ່ງໄດ້ຈ້າງບາລາອາມມາສາບແຊ່ງພວກເຂົາ.</li><li>ໃນຂະນະທີ່ບາລາອາມ ກຳລັງເດີນທາງໄປສູ່ອິດສະຣາເອນ, ທູດຂອງພຣະເຈົ້າໄດ້ຢືນຢູ່ໃນເສັ້ນທາງຂອງລາວເພື່ອໃຫ້ລາຂອງບາລາອາມເຊົາໄປ. ພຣະເຈົ້າຍັງໃຫ້ລາມີຄວາມສາມາດໃນການເວົ້າກັບບາລາອາມ.</li><li>ພຣະເຈົ້າບໍ່ຍອມໃຫ້ບາລາອາມສາບແຊ່ງຊາວອິດສະລາເອນແລະສັ່ງໃຫ້ລາວອວຍພອນພວກເຂົາແທນ.</li><li>ຕໍ່ມາເຖິງຢ່າງໃດກໍ່ຕາມ, ບາລາອາມຍັງໄດ້ນຳເອົາຄວາມຊົ່ວຮ້າຍມາສູ່ຊາວອິດສະລາເອນເມື່ອລາວມີອິດທິພົນໃຫ້ພວກເຂົານະມັດສະການພະບາອານເປັນພະປອມ.</li></ul>  
banquet	<h2 id="section">@ງານລ້ຽງ</h2><h3 id="section-1">ນິຍາມ</h3><p>ການຈັດງານລ້ຽງແມ່ນມີຂະໜາດໃຫຍ່, ເປັນອາຫານທາງການເຊິ່ງປົກກະຕິແລ້ວປະກອບມີຫລາຍອາຫານ.</p><ul><li>ໃນສະ ໄໝກ່ອນ,ກະສັດມັກຈະຈັດງານລ້ຽງອາຫານເພື່ອຕ້ອນຮັບບັນດາຜູ້ນຳການເມືອງແລະແຂກທີ່ສຳຄັນອື່ນໆ.</li><li>ນີ້ຍັງສາມາດຖືກແປເປັນ "ຄາບອາຫານທີ່ລະອຽດ" ຫລື "ງານລ້ຽງທີ່ ສຳ ຄັນ" ຫລື "ອາຫານທີ່ມີຫລາຍຫລັກສູດ."</li></ul>  
baptize	<h2 id="section">@ຮັບບັບຕິສະມາ,ບັບຕິສະມາ</h2><h3 id="section-1">ນິຍາມ</h3><p>ໃນພຣະຄຳພີໃໝ່, ຄຳວ່າ "ຮັບບັບຕິມາ" ແລະ "ຮັບບັບຕິສະມາ"ຕາມປົກກະຕິໝາຍເຖິງການອາບນ້ ຳ ຄຣິສຕຽນດ້ວຍການອາບນ້ ຳ ເພື່ອສະແດງໃຫ້ເຫັນວ່າລາວໄດ້ຮັບການຊຳລະລ້າງຈາກບາບແລະໄດ້ມີຄວາມສາມັກຄີກັບພຣະຄຣິດ.</p><ul><li>ນອກເໜືອຈາກການບັບຕິສະມາໃນນໍ້າ, ພຣະຄຳພີເວົ້າເຖິງການຮັບບັບຕິສະມາດ້ວຍພຣະວິນຍານບໍລິສຸດແລະ "ຮັບບັບຕິມາດ້ວຍໄຟ."</li><li>ຄຳວ່າ "ຮັບບັບເຕມາ" ຍັງຖືກນຳໃຊ້ໃນພຣະຄຳພີກ່າວເຖິງການຜ່ານຜ່າຄວາມທຸກທໍລະມານຢ່າງຫລວງຫລາຍ.</li></ul><h3 id="section-2">ຄຳແນະໃນນຳການແປ</h3><ul><li>ຄຣິດສະຕຽນມີຄວາມຄິດເຫັນທີ່ແຕກຕ່າງກັນກ່ຽວກັບວິທີທີ່ບຸກຄົນຄວນໄດ້ຮັບການບັບຕິສະມາດ້ວຍນ້ ຳ. ມັນເປັນສິ່ງທີ່ດີທີ່ສຸດທີ່ຈະແປຄຳສັບນີ້ໂດຍທົ່ວໄປເຊິ່ງອະນຸຍາດໃຫ້ມີວິທີການທີ່ແຕກຕ່າງກັນໃນການນຳໃຊ້ນ້ ຳ.</li><li>ອີງຕາມສະພາບການ, ຄຳວ່າ "ບັບຕິສະມາ" ສາມາດຖືກແປວ່າ "ສຳລະໃຫ້ບໍລິສຸດ," "ຖອກເທລົງ," "ເລື່ອນລົງ</li></ul>  
barabbas	<h2 id="section">@ບາຣາບັດ</h2><h3 id="section-1">ຂໍ້ເທັດຈິງ</h3><p>ບາຣາບັດ ເປັນນັກໂທດຢູ່ກຸງເຢຣູຊາເລັມໃນເວລາທີ່ພຣະເຢຊູຖືກຈັບ.</p><ul><li>ບາຣາບັດ ແມ່ນຄະດີອາຍາຜູ້ທີ່ໄດ້ກໍ່ອາຊະຍາກຳຂອງການຄາດຕະກຳ ແລະການກະບົດຕໍ່ຕ້ານລັດຖະບານ ໂລມ.</li><li>ເມື່ອ ພອນເທີອັດ ປີລາດສະເໜີທີ່ຈະປ່ອຍບາຮາບັດຫລືພຣະເຢຊູປະຊາຊົນໄດ້ເລືອກບາຮາບັດ.</li><li>ດັ່ງນັ້ນປີລາດຈຶ່ງປ່ອຍໃຫ້ບາຮາບັດຖືກປ່ອຍຕົວແຕ່ໄດ້ຕັດສິນໂທດພຣະເຢຊູໃຫ້ຖືກປະຫານຊີວິດ.</li></ul>  
barley	<h2 id="section">@ເຂົ້າບາເລ</h2><h3 id="section-1">ນິຍາມ</h3><p>ຄຳວ່າ“ ເຂົ້າບາເລ” ໝາຍເຖິງເມັດພືດຊະນິດໜຶ່ງທີ່ໃຊ້ເຮັດເຂົ້າຈີ່.</p><ul><li>ຕົ້ນເຂົ້າບາເລມີກ້ານຍາວທີ່ມີຫົວຢູ່ເທິງສຸດບ່ອນທີ່ເມັດຫລືເມັດພືດເຕີບໃຫຍ່.</li><li>ບາເລເຮັດໄດ້ດີໃນສະພາບອາກາດທີ່ອົບອຸ່ນສະນັ້ນມັນມັກຖືກເກັບກ່ຽວໃນລະດູໃບໄມ້ປົ່ງຫຼືລະດູຮ້ອນ.</li><li>ເມື່ອເຂົ້າບາເລຖືກຕັດອອກ, ເມັດທີ່ສາມາດກິນໄດ້ຖືກແຍກອອກຈາກເມັດທີ່ກິນບໍ່ໄດ້</li><li>.ເມັດເຂົ້າບາເລແມ່ນກຽມໄວ້ເປັນແປ້ງ,ຈາກນັ້ນປະສົມກັບນ້ ຳມັນຫລືນ້ ຳມັນເພື່ອເຮັດເຂົ້າຈີ່.</li><li>ຖ້າບໍ່ຮູ້ເຂົ້າບາເລ, ມັນອາດຈະຖືກແປເປັນ "ເມັດເອີ້ນວ່າເຂົ້າບາເລ" ຫລື "ເມັດເຂົ້າບາເລ."</li></ul>  
barnabas	<h2 id="section">@ບາຣນາບາ</h2><h3 id="section-1">ຂໍ້ເທັດຈິງ</h3><p>ບາຣາບາແມ່ນ ໜຶ່ງໃນບັນດາຄຣິດສະຕຽນໃນຍຸກທຳອິດທີ່ມີຊີວິດຢູ່ໃນສະໄໝຂອງພວກອັກຄະສາວົກ.</p><ul><li>ບາຣາບາ ແມ່ນມາຈາກຊົນເຜົ່າ ເລວີ ຂອງຊົນຍິດສະລາເອນແລະມາຈາກເກາະໄຊປັດ.</li><li>ເມື່ອໂຊໂລ (ໂປໂລ) ກາຍມາເປັນຄຣິດສະຕຽນ, ບາຣາບາໄດ້ຮຽກຮ້ອງໃຫ້ຜູ້ເຊື່ອຖືອື່ນໆຍອມຮັບເອົາລາວເປັນເພື່ອນຮ່ວມຄວາມເຊື່ອ.</li><li>ບາຣາບາຣແລະໂປໂລໄດ້ເດີນທາງໄປປະກາດຂ່າວດີກ່ຽວກັບພຣະເຢຊູໃນເມືອງຕ່າງໆ.</li><li>ຊື່ຂອງລາວແມ່ນໂຢເຊັບ, ແຕ່ລາວຖືກເອີ້ນວ່າ "ບາຣາບາ," ຊຶ່ງຫມາຍຄວາມວ່າ "ລູກຊາຍທີ່ໃຫ້ກຳລັງໃຈ."</li></ul>  
barren	<h2 id="section">@ເປັນໝັນ</h2><h3 id="section-1">ນິຍາມ</h3><p>ການເປັນ“ ໝັນ” ໝາຍຄວາມວ່າບໍ່ໃຫ້ມີຄວາມອຸດົມສົມບູນຫລືເກີດໝາກ.</p><ul><li>ດິນຫລືທີ່ດິນທີ່ແຫ້ງແລ້ງບໍ່ສາມາດຜະລິດພືດພັນໃດໆ.</li><li>ແມ່ຍິງຜູ້ທີ່ເປັນໝັນແມ່ນຜູ້ ໜຶ່ງທີ່ບໍ່ສາມາດຖືພາແລະມີລູກໄດ້.</li></ul><h3 id="section-2">ຄຳແນະນຳໃນການແປ</h3><ul><li>ໃນເວລາທີ່ "ປ່າເຖື່ອນ" ຖືກໃຊ້ໃນການອ້າງອີງເຖິງທີ່ດິນ, ມັນອາດຈະຖືກແປວ່າ "ບໍ່ມີຄວາມອຸດົມສົມບູນ" ຫລື "ບໍ່ມີຜົນດີ" ຫລື "ບໍ່ມີພືດ."</li><li>ເມື່ອເວົ້າເຖິງແມ່ຍິງທີ່ບໍ່ມີເພດສຳພັນ, ມັນອາດຈະຖືກແປວ່າ "ບໍ່ມີລູກ" ຫລື "ບໍ່ສາມາດທີ່ຈະຮັບລູກໄດ້" ຫລື "ບໍ່ສາມາດຕັ້ງທ້ອງໄດ້".</li></ul>  
bartholomew	<h2 id="section">@ບາຣະໂທໂລມາຍ</h2><h3 id="section-1">ຂໍ້ເທັດຈິງ</h3><p>ບາຣະໂທໂລມາຍ ແມ່ນໜຶ່ງໃນອັກຄະສາວົກສິບສອງຄົນຂອງພຣະເຢຊູ.</p><ul><li>ບາຣະໂທໂລມາຍຄຽງຄູ່ກັບອັກຄະສາວົກຄົນອື່ນໆ,  ຖືກສົ່ງໄປປະກາດຂ່າວປະເສີດແລະເຮັດການອັດສະຈັນໃນນາມຂອງພຣະເຢຊູ</li><li>ລາວຍັງແມ່ນ ໜຶ່ງໃນບັນດາຜູ້ທີ່ໄດ້ເຫັນພຣະເຢຊູກັບຄືນສະຫວັນ.</li><li>ສອງສາມອາທິດຫລັງຈາກນັ້ນ, ລາວໄດ້ຢູ່ກັບພວກອັກຄະສາວົກຄົນອື່ນໆໃນເມືອງເຢຣູຊາເລັມໃນວັນເພັນສເຕຄໍເມື່ອພຣະວິນຍານບໍລິສຸດໄດ້ສະເດັດມາເທິງພວກເຂົາ.</li></ul>  
baruch	<h2 id="section">@ບາຣູກ</h2><h3 id="section-1">ຂໍ້ເທັດຈິງ</h3><p>ບາຣູກ ແມ່ນຊື່ຂອງຜູ້ຊາຍຫລາຍຄົນໃນພຣະສັນຍາເດີມ.</p><ul><li>ມີຄົນໜຶ່ງຊື່ວ່າບາຣູກ (ລູກຊາຍຂອງຊາບາລາ) ໄດ້ເຮັດວຽກຮ່ວມກັບເນເຫມີຢາໃນການສ້ອມແປງກຳແພງເມືອງເຢຣູຊາເລັມ.</li><li>ເຊັ່ນດຽວກັນໃນຊ່ວງເວລາຂອງເນເຫມີຢາ, ອີກບາຣຸກ (ລູກຊາຍຂອງໂຄໂລ - ໂຮເຊດ) ແມ່ນໜຶ່ງໃນບັນດາຜູ້ນຳທີ່ໄດ້ຕັ້ງຖິ່ນຖານຢູ່ເຢຣູຊາເລັມຫລັງຈາກກຳແພງຂອງເມືອງຖືກສ້າງຂຶ້ນ ໃໝ່.</li><li>ບາຣູກທີ່ແຕກຕ່າງກັນ (ລູກຊາຍຂອງ ເນລີຍາ) ເປັນຜູ້ຊ່ວຍເຜີຍພຣະຄຳ, ແລະຜູ້ທີ່ໄດ້ຊ່ວຍລາວໃນວຽກງານປະຕິບັດຕ່າງໆເຊັ່ນ: ການຂຽນຂໍ້ຄວາມທີ່ພຣະເຈົ້າໄດ້ໃຫ້ກັບເຢເຣມີຢາແລະຫຼັງຈາກນັ້ນອ່ານໃຫ້ພວກເຂົາຟັງ.</li></ul>  
bashan	<h2 id="section">@ເມືອງບາຊານ</h2><h3 id="section-1">ຂໍ້ເທັດຈິງ</h3><p>ເມືອງບາຊານແມ່ນພາກພື້ນດິນແດນທາງຕາເວັນອອກຂອງທະເລຄາລິເລ. ມັນໄດ້ກວມເອົາພື້ນທີ່ປະຈຸບັນແມ່ນພາກສ່ວນ ໜຶ່ງຂອງຊີເຣຍແລະ ພູສູງໂກລານ</p><ul><li>.ເມືອງທີ່ລີ້ໄພຢູ່ໃນພຣະຄຳພີເດີມເອີ້ນວ່າ "ໂກລານ" ຕັ້ງຢູ່ໃນພາກພື້ນຂອງເມືອງບາຊານ.</li><li>ເມືອງບາຊານແມ່ນເຂດທີ່ມີຄວາມອຸດົມສົມບູນຫຼາຍເປັນທີ່ຮູ້ຈັກສຳລັບຕົ້ນໄມ້ໂອກແລະທົ່ງຫຍ້າສຳລັບລ້ຽງສັດ.</li><li>ປະຖົມມະການບົດ 14 ໄດ້ບັນທຶກວ່າບາຊານແມ່ນສະຖານທີ່ແຫ່ງສົງຄາມລະຫວ່າງກະສັດແລະຫລາຍປະເທດທີຕໍ່ສູ້ຂອງພວກເຂົາ.</li><li>ໃນລະຫວ່າງການເດີນທາງໄປປະເທດອິດສະລາເອນໃນທະເລຊາຍ ຫລັງຈາກພວກເຂົາໜີຈາກປະເທດເອຢິບ, ພວກເຂົາໄດ້ຄອບຄອງບາງສ່ວນຂອງເຂດບາຊານ.</li><li>ຫລາຍປີຕໍ່ມາກະສັດຊາໂລໂມນໄດ້ຮັບການສະໜອງຈາກຂົງເຂດນັ້ນ.</li></ul>  
basket	<h2 id="section">@ກະຕ່າ</h2><h3 id="section-1">ນິຍາມ</h3><p>ຄຳວ່າ“ ກະຕ່າ” ໝາຍເຖິງພາຊະນະທີ່ເຮັດຈາກໄມ້ເປັນວັດສະດຸທີ່ສານຕໍ່ກັນ.</p><ul><li>ໃນສະໄໝພຣະຄຳພີ, ກະຕ່າອາດຖືກມັດດ້ວຍໄມ້ທີແຂງແຮງ, ເຊັ່ນວ່າ ໄມ້ ຈາກງ່າໄມ້ທີ່ປອກເປືອກຫລືກິ່ງງ່າ.</li><li>ກະຕ່າສາມາດເຄືອບດ້ວຍສານກັນນ້ ຳເພື່ອໃຫ້ມັນລອຍໃນນ້ຳໄດ້.</li><li>ເມື່ອໂມເຊຍັງເປັນເດັກນ້ອຍ, ແມ່ຂອງລາວໄດ້ເຮັດກະຕ່າເເລ້ວກະສານກັນນ້ ຳເພື່ອເອົາລາວລົງແລະລອຍຢູ່ໃນບັນດາຕົ້ນຫຍ້າທີ່ຢູ່ໃນແມ່ນໍ້າ.</li><li>ຄຳທີ່ແປວ່າ“ ກະຕ່າ” ໃນເລື່ອງນັ້ນແມ່ນຄຳດຽວກັນທີ່ແປວ່າ“ ຫີບ” ໂດຍອ້າງເຖິງເຮືອທີ່ໂມເຊສ້າງຄວາມໝາຍທຳມະດາຂອງການນຳໃຊ້ມັນໃນສອງສະພາບການດັ່ງກ່າວອາດແມ່ນ "ພາຊະນະລອຍ ນຳ ້."</li></ul>  
bathsheba	<h2 id="section">@ບັດເຊບາ</h2><h3 id="section-1">ຂໍ້ເທັດຈິງ</h3><p>ນາງບັດເຊບາເປັນເມຍຂອງອຶລີ, ເປັນທະຫານໃນກອງທັບຂອງກະສັດດາວິດ. ຫລັງຈາກນາງອູລີຕາຍ, ນາງໄດ້ກາຍເປັນພັນລະຍາຂອງດາວິດ, ແລະແມ່ຂອງຊາໂລໂມນ.</p><ul><li>ດາວິດໄດ້ຫລິ້ນຊູ້ກັບນາງບາດເຊບາໃນຂະນະທີ່ນາງແຕ່ງງານກັບອູຣີຍາ.</li><li>ໃນເວລາທີ່ນາງບັດເຊບາຖືພາລູກຂອງດາວິດ, ດາວິດເຮັດໃຫ້ອູຣີຍາຖືກຂ້າຕາຍໃນການສູ້ຮົບ.</li><li>ຈາກນັ້ນດາວິດໄດ້ແຕ່ງງານກັບນາງບັດເຊບາແລະນາງໄດ້ເກີດລູກຂອງພວກເຂົາ.</li><li>ພຣະເຈົ້າລົງໂທດດາວິດເພາະຄວາມບາບຂອງລາວໂດຍເຮັດໃຫ້ເດັກນ້ອຍຕາຍໃນມື້ລາວເກີດ.</li><li>ຕໍ່ມາ, ນາງບັດເຊບາໄດ້ເກີດລູກຊາຍຄົນໜຶ່ງ, ຊາໂລໂມນ, ເຊິ່ງເຕີບໃຫຍ່ຂຶ້ນມາເປັນກະສັດຕໍ່ຈາກທ່ານດາວິດ.</li></ul>  
bear animal	<h2 id="section">@ໝີ</h2><h3 id="section-1">ນິຍາມ</h3><p>ໝີແມ່ນສັດມີຂົນຂະໜາດໃຫຍ່ມີສີ່ຂາມີຂົນສີນ້ ຳຕານເຂັ້ມຫລືສີດຳ, ມີແຂ້ວແລະຮອຍເລັບແຫຼມ. ໝີມີຢູ່ໃນປະເທດອິດສະລາແອນໃນສະ ໄໝພຣະຄຳພີ.</p><ul><li>ສັດເຫຼົ່ານີ້ອາໄສຢູ່ໃນປ່າແລະເຂດພູດອຍ; ພວກເຂົາກິນປາ, ແມງໄມ້ແລະພືດ.</li><li>ໃນສັນຍາເກົ່າ, ໝີຖືກໃຊ້ເປັນສັນຍາລັກຂອງກຳລັງແຮງ.</li><li>ໃນຂະນະທີ່ລ້ຽງແກະ, ດາວິດຜູ້ລ້ຽງແກະໄດ້ຕໍ່ສູ້ກັບໝີ ແລະເອົາຊະນະມັນ.</li><li>ໝີສອງໂຕໄດ້ອອກມາຈາກປ່າແລະໂຈມຕີກຸ່ມໄວໜຸ່ມທີ່ໄດ້ເຍາະເຍີ້ຍຜູ້ເຜີຍພຣະຄຳເອລີຊາ.</li></ul>  
bear	<h2 id="section">@ອົດ​ທົນ</h2><h3 id="section-1">ນິຍາມ</h3><p>ຄຳວ່າ“ ອົດທົນ” ໝາຍເຖິງເຮັດຕົວຈິງວ່າ“ ແບກຫາບ” ບາງສິ່ງ. ມັນຍັງມີການນຳໃຊ້ຕົວເລກຫຼາຍຢ່າງຂອງຄຳສັບນີ້.</p><ul><li>ເມື່ອເວົ້າເຖິງແມ່ຍິງຜູ້ທີ່ຈະລ້ຽງລູກ, ນີ້ໝາຍຄວາມວ່າ, "ໃຫ້ກຳ ເນີດ" ເດັກນ້ອຍ.</li><li>ການ“ ອົດທົນ” ໝາຍຄວາມວ່າ“ ປະສົບກັບຄວາມຫຍຸ້ງຍາກ”. ສິ່ງຫຍຸ້ງຍາກເຫລົ່ານີ້ອາດປະກອບມີຄວາມທຸກທໍລະມານທາງຮ່າງກາຍຫລືທາງອາລົມ.</li><li>ຄຳເວົ້າທີ່ໃຊ້ກັນທົ່ວໄປໃນພຣະຄຳພີແມ່ນ“ ໝາກຜົນທີ່ເກີດ” ເຊິ່ງໝາຍຄວາມວ່າ,“ ເກີດໝາກ” ຫລື“ ມີໝາກ”.</li><li>ສຳເວົ້າທີ່ວ່າ "ເປັນພະຍານ" ໝາຍຄວາມວ່າ "ເປັນການລອງ" ຫຼື "ລາຍງານສິ່ງທີ່ຄົນໄດ້ເຫັນຫລືປະສົບຜົນສຳເລັດ."</li><li>ຄຳຖະແຫຼງທີ່ວ່າ "ລູກຊາຍຈະບໍ່ຮັບຜິດຊອບຄວາມຊົ່ວຮ້າຍຂອງພໍ່" ໝາຍ ຄວາມວ່າລາວ "ຈະບໍ່ຮັບຜິດຊອບ" ຫລື "ຈະບໍ່ຖືກລົງໂທດຍ້ອນ" ບາບຂອງພໍ່.</li><li>ໂດຍທົ່ວໄປ,ຄຳເວົ້ານີ້ອາດຈະຖືກແປເປັນ, "ແບກຫາບ" ຫລື "ຮັບຜິດຊອບ" ຫລື "ຜະລິດ" ຫລື "ຕ້ອງມີ" ຫລື "ອົດທົນ", ອີງຕາມສະພາບການ.</li></ul>  
beast	<h2 id="section">@ສັດເດຍລະສານ</h2><h3 id="section-1">ນິຍາມ</h3><p>ໃນພຣະຄຳພີຄຳວ່າ“ ສັດຮ້າຍ” ມັກຈະເປັນວິທີການເວົ້າອີກຢ່າງ ໜຶ່ງວ່າ“ ສັດ”.</p><ul><li>ສັດເດຍລະສານສັດປ່າແມ່ນສັດປະເພດ ໜຶ່ງທີ່ອາໄສຢູ່ໃນປ່າຫລືທົ່ງໄຮ່ທົ່ງນາແລະບໍ່ໄດ້ຮັບການຝຶກອົບຮົມຈາກຄົນ.</li><li>ສັດເດຍລະສານພາຍໃນປະເທດແມ່ນສັດທີ່ອາໄສຢູ່ນຳຄົນແລະຖືກເກັບຮັກສາໄວ້ສຳລັບອາຫານຫລື ສຳລັບເຮັດວຽກ, ເຊັ່ນວ່າໄຖນາ.ປົກກະຕິແລ້ວຄຳວ່າສັດລ້ຽງແມ່ນໃຊ້ເພື່ອໝາຍເຖິງສັດປະເພດນີ້.</li><li>ໜັງສືພຣະຄຳພີເດີມຂອງດານີເອນແລະໜັງສືພະນິມິດໃນພຣະຄຳພີໃໝ່ກ່າວເຖິງພາບນິມິດທີ່ມີສັດເດຍລະສານທີ່ສະແດງເຖິງ ອຳນາດແລະ ອຳນາດທີ່ຊົ່ວຮ້າຍທີ່ຕໍ່ຕ້ານພຣະເຈົ້າ. (ເບິ່ງເພີມເຕີມ: <a href="https://read.bibleineverylanguage.org/WA-Catalog/lo_tm?section=translate#figs-metaphor" target="_blank" data-is-rc-link="" data-repo="lo_tm" data-user="WA-Catalog" data-page="translate" data-topic="figs-metaphor" data-type="tm">figs-metaphor</a>)</li><li>ສັດຈຳພວກນີ້ຈຳນວນໜຶ່ງຖືກອະທິບາຍວ່າມີລັກສະນະແປກໃໝ່, ເຊັ່ນ: ຫົວແລະຫລາຍໂຕ. ພວກເຂົາມີອຳນາດແລະສິດອຳນາດ, ສະແດງວ່າພວກເຂົາອາດຈະເປັນຕົວແທນຂອງປະເທດ, ປະເທດ, ຫລືອຳນາດທາງການເມືອງອື່ນໆ.</li><li>ວິທີການແປພາສານີ້ອາດປະກອບມີ, "ສິ່ງມີຊີວິດ" ຫລື "ສິ່ງທີ່ສ້າງຂື້ນ" ຫລື "ສັດ" ຫລື "ສັດປ່າ", ຂື້ນກັບສະພາບການ.</li></ul>  
beelzebul	<h2 id="section">@ເບເລເຊບູນ</h2><h3 id="section-1">ຂໍ້ເທັດຈິງ</h3><p>ເບເລເຊບູນ ແມ່ນຊື່ອື່ນສຳລັບຊາຕານ, ຫລືມານ. ບາງຄັ້ງມັນຍັງຖືກສະກົດ, "ເບເລເຊບູນ."</p><ul><li>ຊື່ນີ້ມີຄວາມໝາຍວ່າ "ເຈົ້າຂອງແມງວັນ" ເຊິ່ງໝາຍຄວາມວ່າ, "ປົກຄອງຜີປີສາດ." ແຕ່ມັນເປັນສິ່ງທີ່ດີທີ່ສຸດທີ່ຈະແປຄຳສັບນີ້ໃກ້ຄຽງກັບການສະກົດເດີມແທນທີ່ຈະແປຄວາມໝາຍ.</li><li>ມັນຍັງສາມາດຖືກແປເປັນ "ວີນຍານຊົ່ວ, ເບເລເຊບູນ" ເພື່ອເຮັດໃຫ້ມັນຊັດເຈນວ່າຜູ້ທີ່ຖືກກ່າວເຖິງ.</li><li>ຊື່ນີ້ແມ່ນກ່ຽວຂ້ອງກັບຊື່ຂອງພະທຽມເຈົ້າທີ່ບໍ່ຖືກຕ້ອງ "ບາລາ-ເຊບູນ" ຂອງ ເອໂຄຣ.</li></ul>  
beersheba	<h2 id="section">@ເບຍເອເຊບາ</h2><h3 id="section-1">ຂໍ້ເທັດຈິງ</h3><p>ໃນສະ ໄໝພຣະຄຳພີເດີມ, ເມືອງບັດຊາບາແມ່ນເມືອງໜຶ່ງທີ່ຕັ້ງຢູ່ທາງທິດຕາເວັນຕົກສຽງໃຕ້ຂອງນະຄອນເຢຣູຊາເລັມປະມານ 45 ໄມໃນເຂດທະເລຊາຍເຊິ່ງປະຈຸບັນຖືກເອີ້ນວ່າເມືອງນີເວດ.</p><ul><li>ທະເລຊາຍທີ່ຢູ່ອ້ອມຮອບເມືອງ ເບເລເຊບູນ ແມ່ນເຂດຖິ່ນແຫ້ງແລ້ງກັນດານບ່ອນທີ່ ອາຮາກ ແລະ ອີສະມາເອັນ ຫລົງທາງຫລັງຈາກອັບຣາຮາມໄດ້ສົ່ງພວກເຂົາອອກໄປຈາກເຕັນຂອງລາວ.</li><li>ຊື່ຂອງນະຄອນນີ້ຫມາຍຄວາມວ່າ "ບໍນ້ຳຂອງຄໍາສາບານ." ໄດ້ມີການຕັ້ງຊື່ນີ້ເມື່ອອັບຣາຮາມໄດ້ສາບານວ່າຈະບໍ່ລົງໂທດຜູ້ຊາຍຂອງກະສັດ ອາບີເມເຫລັກ ເພາະໄດ້ຍຶດຄອງນ້ ຳສ້າງແຫ່ງໜຶ່ງ ຂອງອັບຣາຮາມ.</li></ul>  
beg	<h2 id="section">@ຂໍທານ, @ຄົນຂໍທານ</h2><h3 id="section-1">ນິຍາມ</h3><p>ຄຳວ່າ“ ຂໍ” ໝາຍເຖິງການຂໍບາງສິ່ງບາງຢ່າງດ່ວນ. ມັນມັກຈະ ໝາຍເຖິງການຂໍເງິນ, ແຕ່ມັນຍັງຖືກນຳໃຊ້ທົ່ວໄປເພື່ອອ້າງອີງເຖິງການອ້ອນວອນເພື່ອບາງສິ່ງບາງຢ່າງ.</p><ul><li>ສ່ວນຫຼາຍຄົນມັກຈະອ້ອນວອນຫຼືອ້ອນວອນເມື່ອພວກເຂົາຕ້ອງການບາງສິ່ງບາງຢ່າງ, ແຕ່ບໍ່ຮູ້ວ່າຄົນອື່ນຈະໃຫ້ສິ່ງທີ່ພວກເຂົາຂໍ.</li><li>"ຄົນຂໍທານ" ແມ່ນຄົນທີ່ນັ່ງຫລືຢືນຢູ່ບ່ອນສາທາລະນະເປັນປະ ຈຳເພື່ອຂໍເງິນ.</li><li>ອີງຕາມສະພາບການ, ຄຳສັບນີ້ອາດຈະຖືກແປເປັນ, "ຮ້ອງຂໍ" ຫລື "ຮ້ອງຂໍດ່ວນ" ຫລື "ຮຽກຮ້ອງເງິນ" ຫລື "ຂໍເງິນເປັນປະ ຈຳ".</li></ul>  
believe	<h2 id="section">@ເຊື່ອ, @ເຊື່ອໃນ, @ຄວາມເຊື່ອ</h2><h3 id="section-1">ນິຍາມ</h3><p>ຄຳວ່າ "ເຊື່ອ" ແລະ "ເຊື່ອໃນ" ມີຄວາມກ່ຽວຂ້ອງກັນຢ່າງໃກ້ຊິດ, ແຕ່ມີຄວາຍໝາຍທີ່ແຕກຕ່າງກັນເລັກນ້ອຍ:</p><h3 id="section-2">ຄຳແນະນຳໃນການແປ</h3><ul><li>"ເຊື່ອ" ສາມາດຖືກແປເປັນ "ຮູ້ວ່າເປັນຄວາມຈິງ" ຫລື "ຮູ້ວ່າຖືກຕ້ອງ."</li><li>"ເຊື່ອໃນ" ສາມາດຖືກແປເປັນ "ໄວ້ວາງໃຈຢ່າງສົມບູນ" ຫລີ "ໄວ້ວາງໃຈແລະເຊື່ອຟັງ" ຫລື "ເພິ່ງພາແລະເຊື່ອຟັງຢ່າງສົມບູນ."</li></ul>  
believer	<h2 id="section">@ຜູ້ເຊື່ອຖື</h2><h3 id="section-1">ນິຍາມ</h3><p>ໃນ ພຣະຄຳພີ , ຄຳວ່າ "ຜູ້ທີ່ເຊື່ອ" ໝາຍເຖິງຄົນທີ່ເຊື່ອແລະເພິ່ງອາໄສພຣະເຢຊູຄຣິດເປັນຜູ້ຊ່ອຍໃຫ້ລອດ.</p><ul><li>ຄຳວ່າ "ຜູ້ທີ່ເຊື່ອ" ມີຄວາມໝາຍແທ້ຈິງວ່າ "ຜູ້ເຊື່ອ."</li><li>ຄຳວ່າ "ຄຣິດສະຕຽນ" ໃນທີ່ສຸດໄດ້ກາຍມາເປັນຕຳແໜ່ງຫຼັກສຳລັບຜູ້ທີ່ເຊື່ອເພາະມັນສະແດງວ່າພວກເຂົາເຊື່ອໃນພຣະຄຣິດແລະເຊື່ອຟັງຄຳສອນຂອງພຣະອົງ.</li></ul><h3 id="section-2">ຄຳແນະນຳໃນການແປ</h3><ul><li>ການແປບາງສະບັບອາດຈະເວົ້າວ່າ "ເຊື່ອໃນພຣະເຢຊູ" ຫລື "ເຊື່ອໃນພຣະຄຣິດ."</li><li>ຄຳສັບນີ້ຍັງສາມາດແປໂດຍ ຄຳສັບຫລືປະໂຫຍກທີ່ມີຄວາມ ໝາຍວ່າ, "ຄົນທີ່ວາງໃຈໃນພຣະເຢຊູ" ຫລື "ຄົນທີ່ຮູ້ຈັກພຣະເຢຊູແລະມີຊີວິດເພື່ອລາວ."</li><li>ອີກວິທີໜຶ່ງທີ່ຈະແປວ່າ "ຜູ້ທີ່ເຊື່ອ" ອາດຈະແມ່ນ "ຜູ້ຕິດຕາມພຣະເຢຊູ" ຫລື "ຜູ້ທີ່ຮູ້ຈັກແລະເຊື່ອຟັງພຣະເຢຊູ."</li><li>ຄຳວ່າ "ຜູ້ທີ່ເຊື່ອ" ແມ່ນຄຳສັບທົ່ວໄປສຳລັບຜູ້ທີ່ເຊື່ອໃນພຣະຄຣິດ, ໃນຂະນະທີ່ "ສາວົກ" ແລະ "ອັກຄະສາວົກ" ໄດ້ຖືກນຳ ໃຊ້ສະເພາະສຳລັບຄົນທີ່ຮູ້ຈັກພຣະເຢຊູໃນຂະນະທີ່ລາວຍັງມີຊີວິດຢູ່. ມັນເປັນສິ່ງທີ່ດີທີ່ສຸດທີ່ຈະແປຄຳສັບເຫຼົ່ານີ້ດ້ວຍວິທີທີ່ແຕກ ຕ່າງກັນ, ເພື່ອໃຫ້ມັນມີຄວາມແຕກຕ່າງ.</li></ul>  
beloved	<h2 id="section">@ທີ່ຮັກແພງ</h2><h3 id="section-1">ນິຍາມ</h3><p>ຄຳວ່າ "ທີ່ຮັກ" ແມ່ນການສະແດງຄວາມຮັກແພງເຊິ່ງພັນລະນາເຖິງຄົນທີ່ຖືກຮັກແລະຮັກແພງຈາກຄົນອື່ນ.</p><ul><li>ຄຳວ່າ "ທີ່ຮັກ" ທີ່ມີຄວາມໝາຍກໍ່ ໝາຍຄວາມວ່າ "ຮັກ (ຄົນ)" ຫລື "(ໃຜເປັນຄົນທີ່ຮັກ)."</li><li>ພຣະເຈົ້າກ່າວເຖິງພຣະເຢຊູວ່າ“ ພຣະບຸດທີ່ຮັກຂອງພຣະອົງ”.</li><li>ໃນຈົດໝາຍຂອງພວກເຂົາເຖິງຄຣິສຕະຈັກ, ພວກອັກຄະສາວົກ ມັກກ່າວເຖິງເພື່ອນຮ່ວມຄວາມເຊື່ອຂອງພວກເຂົາວ່າເປັນທີ່ຮັກແພງ.</li></ul><h3 id="section-2">ຄຳແນະນຳໃນການແປ</h3><ul><li>ຄຳສັບນີ້ຍັງສາມາດແປວ່າ "ຮັກ" ຫລື "ຮັກແພງ" ຫລື "ຮັກແພງ" ຫລື "ຮັກແພງຫຼາຍ."</li><li>ໃນສະພາບການເວົ້າກ່ຽວກັບເພື່ອນສະໜິດ, ສິ່ງນີ້ອາດຈະແປວ່າ "ເພື່ອນທີ່ຮັກແພງຂອງຂ້ອຍ" ຫລື "ເພື່ອນສະໜິດຂອງຂ້ອຍ". ໃນພາສາອັງກິດມັນເປັນເລື່ອງທຳມະຊາດທີ່ຈະເວົ້າວ່າ, "ເພື່ອນທີ່ຮັກ" ຫລື "ເພື່ອນ, ເຊິ່ງແມ່ນເພື່ອນທີ່ຮັກຂອງຂ້ອຍ." ພາສາອື່ນໆອາດຈະເຫັນວ່າມັນເປັນເລື່ອງທຳມະຊາດຫຼາຍກວ່າທີ່ຈະສັ່ງສິນຄ້າແບບນີ້.</li><li>ຈົ່ງສັງເກດວ່າຄຳວ່າ "ທີ່ຮັກແພງ" ແມ່ນມາຈາກຄຳສັບສຳລັບຄວາມຮັກຂອງພຣະເຈົ້າ, ເຊິ່ງເປັນຮັກທີ່ບໍ່ມີເງື່ອນໄຂ, ບໍ່ເຫັນແກ່ຕົວແລະເສຍສະລະ.</li></ul>  
benaiah	<h2 id="section">@ເບໄນຍາ</h2><h3 id="section-1">ຂໍ້ເທັດຈິງ</h3><p>ເບໄນຍາ ແມ່ນຊື່ຂອງຜູ້ຊາຍຫລາຍຄົນໃນພຣະສັນຍາເດີມ.</p><ul><li>ເບໄນຍາລູກຊາຍຂອງ ເຢໂຮຍາດາ ແມ່ນຫນຶ່ງຂອງຜູ້ຊາຍທີ່ຍິ່ງໃຫຍ່ຂອງດາວິດ. ລາວເປັນນັກຮົບທີ່ເກັ່ງກ້າແລະໄດ້ຮັບໜ້າທີ່ເປັນຕົວແທນເຝົ້າຍາມຂອງດາວິດ.</li><li>ເມື່ອກະສັດຊາໂລໂມນຖືກແຕ່ງຕັ້ງໃຫ້ເປັນກະສັດ, ເບໄນຣີຍາໄດ້ຊ່ວຍລາວໂຄ່ນລົ້ມສັດຕູຂອງລາວ. ໃນທີ່ສຸດລາວໄດ້ກາຍເປັນຜູ້ບັນຊາການກອງທັບອິດສະລາເອນ.</li><li>ຜູ້ຊາຍຄົນອື່ນໆໃນສະໃໝ່ພຣະຄຳພີເດີມທີ່ມີຊື່ວ່າ ເບໄນຍາ ປະກອບມີເລວີ 3 ຄົນ: ປະໂລຫິດ, ນັກດົນຕີ, ແລະເຊື້ອສາຍຂອງ ອາຊາກ.</li></ul>  
benjamin	<h2 id="section">@ເບັນຢາມິນ</h2><h3 id="section-1">ຂໍ້ເທັດຈິງ</h3><p>ເບັນຍາມິນ ແມ່ນລູກຊາຍຫລ້າທີ່ເກີດກັບຍາໂຄບແລະເມຍຂອງນາງລາເຊນ. ຊື່ຂອງລາວຫມາຍຄວາມວ່າ, "ລູກຊາຍຂອງມືຂວາຂອງຂ້ອຍ."</p><ul><li>ລາວແລະນ້ອງຊາຍຂອງລາວຊື່ໂຢເຊັບເປັນລູກຄົນດຽວຂອງລາເຊນເຊິ່ງໄດ້ເສຍຊີວິດຫລັງຈາກເບັນຢາມິນເກີດ.</li><li>ເຊື້ອສາຍຂອງເບັນຢາມິນກາຍເປັນໜຶ່ງໃນສິບສອງເຜົ່າຂອງອິດສະຣາເອນ.</li><li>ກະສັດຊາອູແມ່ນມາຈາກຊົນເຜົ່າອິດສະລາເອນ.</li><li>ອັກຄະສາວົກໂປໂລແມ່ນມາຈາກຊົນເຜົ່າເບັນຢາມິນ.</li></ul>  
berea	<h2 id="section">@ເບີເຣຍ</h2><h3 id="section-1">ຂໍ້ເທັດຈິງ</h3><p>ໃນສະໄໝພຣະຄຳພີໃໝ່, ເມືອງເບໂລ (ຫລື Beroea) ແມ່ນເມືອງກຣິກທີ່ຈະເລີນຮຸ່ງເຮືອງທາງພາກຕາເວັນອອກສຽງໃຕ້ຂອງປະເທດມາເຊໂດນີ, ປະມານ 80 ກິໂລແມັດທາງໃຕ້ຂອງເມືອງເທຊະໂລນີກ.</p><ul><li>ໂປໂລແລະຊີລາໄດ້ ໜີ ໄປເມືອງເບລາອາຫລັງຈາກເພື່ອນຄຣິດສະຕຽນໄດ້ຊ່ວຍພວກເຂົາໜີຈາກຊາວຢິວບາງຄົນທີ່ໄດ້ສ້າງຄວາມເດືອດຮ້ອນໃຫ້ພວກເຂົາໃນເມືອງເທຊະໂລນີກ.</li><li>ເມື່ອປະຊາຊົນທີ່ອາໄສຢູ່ເມືອງ ເບເລອາ ໄດ້ຍິນໂປໂລປະກາດ, ພວກເຂົາໄດ້ຄົ້ນຄວ້າພຣະຄຳພີເພື່ອຢືນຢັນວ່າສິ່ງທີ່ລາວກຳລັງບອກພວກເຂົາແມ່ນຄວາມຈິງ.</li></ul>  
bethany	<h2 id="section">@ເບັດທານີ</h2><h3 id="section-1">ຂໍ້ເທັດຈິງ</h3><p>ເມືອງເບັດທານີຕັ້ງຢູ່ຖານທີ່ຕັ້ງຂອງເປີ້ນພູທາງທິດຕາເວັນອອກຂອງພູເຂົາຕົ້ນຫມາກກອກ, ຫ່າງຈາກເມືອງເຢຣູຊາເລັມປະມານ 2 ໄມ,</p><ul><li>ບ້ານເບັດທານີໃກ້ກັບຖະໜົນທີ່ແລ່ນຂ້າມເມືອງເຢຣູຊາເລມແລະເມືອງ ເຢຣີໂກ.</li><li>ພຣະເຢຊູມັກຈະໄປຢາມບ້ານເບັດທານີບ່ອນທີ່ເພື່ອນສະໜິດ ຂອງລາວຊື່ລາຊະໂລ, ມາທາແລະມາລີອາໄສຢູ່.</li><li>ເບັດທານີ  ແມ່ນເປັນທີ່ຮູ້ຈັກໂດຍສະເພາະແມ່ນສະຖານທີ່ ທີ່ພຣະເຢຊູ ປຸກລາຊະໂລໃຫ້ຄືນມາຈາກຕາຍ.</li></ul>  
bethel	<h2 id="section">@ເບັດເອັນ</h2><h3 id="section-1">ຂໍ້ເທັດຈິງ</h3><p>ເບັດເອັນ ແມ່ນເມືອງຕັ້ງຢູ່ທາງທິດເໜືອຂອງເຢຣູຊາເລັມໃນແຜ່ນດິນການາອານ. ໃນເມື່ອກ່ອນມັນຖືກເອີ້ນວ່າ "ລູຣ."</p><ul><li>ຫລັງຈາກໄດ້ຮັບຄຳສັນຍາຂອງພຣະເຈົ້າເປັນເທື່ອທຳອິດ, ອັບຮາມ (ອັບຣາຮາມ) ໄດ້ສ້າງແທ່ນບູຊາຕໍ່ພຣະເຈົ້າໃກ້ ເບັດເອັນ. ຊື່ຕົວຈິງຂອງເມືອງຍັງບໍ່ທັນມີຊື່ວ່າເບັດເອັນໃນເວລານັ້ນ, ແຕ່ຕາມປົກກະຕິແລ້ວມັນຖືກເອີ້ນວ່າ "ເບັດເອັນ" ເຊິ່ງເປັນທີ່ຮູ້ຈັກກັນດີກວ່າ.</li><li>ເມື່ອໜີຈາກເອຊາວອ້າຍຂອງລາວ, ຢາໂຄບໄດ້ພັກຢູ່ກາງຄືນໃນເມືອງນີ້ແລະນອນຢູ່ກາງແຈ້ງໃນພື້ນທີ່ນັ້ນ. ໃນຂະນະທີ່ລາວ ກຳລັງນອນຢູ່, ລາວມີຄວາມຝັນທີ່ໄດ້ສະແດງໃຫ້ທູດສະຫວັນຂຶ້ນແລະລົງຂັ້ນໄດໄປສະຫວັນ.</li><li>ເມືອງນີ້ບໍ່ມີຊື່ວ່າ "ເບັດເອັນ" ຈົນກ່ວາຫລັງຈາກຢາໂຄບຕັ້ງຊື່ນັ້ນ. ເພື່ອເຮັດໃຫ້ສິ່ງທີ່ຈະແຈ້ງກວ່ານີ້, ການແປບາງພາສາອາດຈະແປວ່າ "ລູຣ (ຕໍ່ມາເອີ້ນວ່າ ເບັດເອັນ)" ໃນຂໍ້ຄວາມກ່ຽວກັບອັບຣາຮາມ, ເຊັ່ນດຽວກັນກັບເວລາທີ່ຢາໂຄບມາຮອດບ່ອນນັ້ນ (ກ່ອນທີ່ລາວຈະປ່ຽນຊື່).</li><li>ເບັດເອັນ ໄດ້ຖືກກ່າວເຖິງເລື້ອຍໆໃນສະໃໝພຣະຄຳພີເດີມແລະເປັນສະຖານທີ່ ທີ່ມີເຫດການສຳຄັນຫຼາຍຢ່າງເກີດຂື້ນ.</li></ul>  
bethlehem	<h2 id="section">@ເມືອງເບັດເລເຮັມ, @ເອຟາດທາ</h2><h3 id="section-1">ຂໍ້ເທັດຈິງ</h3><p>ເມືອງເບັດເລເຮັມເປັນເມືອງນ້ອຍໆໃນແຜ່ນດິນອິດສະຣາເອນໃກ້ກັບນະຄອນເຢຣູຊາເລັມ. ມັນໄດ້ຖືກເອີ້ນວ່າ "ເອຟາດທາ," ເຊິ່ງອາດຈະແມ່ນຊື່ເດີມຂອງມັນ.</p><ul><li>ເມືອງເບັດເລເຮັມໄດ້ຖືກເອີ້ນວ່າ "ເມືອງຂອງດາວິດ", ຕັ້ງແຕ່ກະສັດດາວິດໄດ້ເກີດມາຢູ່ທີ່ນັ້ນ.</li><li>ຜູ້ປະກາດພຣະຄຳມີເກໄດ້ກ່າວວ່າພຣະເມຊີອາຈະມາຈາກ "ເມືອງເບັດເລເຮັມ ເອຟາດທາ."</li><li>ໂດຍການເຮັດໃຫ້ ຄຳທຳນວຍນັ້ນສຳເລັດເປັນຈິງ, ຫຼາຍປີຕໍ່ມາ.</li><li>ຊື່ "ເມືອງເບັດເລເຮັມ" ຫມາຍຄວາມວ່າ "ເຮືອນເຂົ້າຈີ່" ຫລື "ເຮືອນກິນອາຫານ".</li></ul>  
bethshemesh	<h2 id="section">@ເບັດ @ເຊເມດ</h2><h3 id="section-1">ຂໍ້ເທັດຈິງ</h3><p>ເມືອງເບັດເຊເມດແມ່ນຊື່ຂອງເມືອງການາອານປະມານ 30 ກິໂລແມັດທາງທິດຕາເວັນຕົກຂອງເມືອງເຢຣູຊາເລັມ.</p><ul><li>ຊາວອິດສະລາແອນໄດ້ຍຶດເອົາເມືອງເບັດເຊເມດໃນຊ່ວງເວລາຂອງການນຳຂອງໂຢຊວຍ.</li><li>ເມືອງເບັດເຊເມດເປັນເມືອງໜຶ່ງທີ່ຖືກຈັດໃຫ້ເປັນບ່ອນສຳ ລັບພວກປະໂລຫິດຊາວເລວີທີ່ອາໄສຢູ່.</li><li>ເມື່ອພວກຟີລິດສະຕິນພວມຈັບເອົາຫີບແຫ່ງຄຳສັນຍາທີ່ຖືກຈັບກັບໄປເມືອງເຢຣູຊາເລັມ, ເມືອງເບດເຊເມດແມ່ນເມືອງທຳ ອິດທີ່ພວກເຂົາຢຸດຢູ່ກັບມັນ.</li></ul>  
bethuel	<h2 id="section">@ເບຣູເອັນ</h2><h3 id="section-1">ຂໍ້ເທັດຈິງ</h3><p>ເບຣູເອັນ ແມ່ນລູກຊາຍຂອງ ນາໂຫອ້າຍຂອງອັບຣາຮາມ.</p><ul><li>ເບຣູເອັນ ເປັນພໍ່ຂອງເລເບກາແລະ ລາບານ.</li><li>ນອກນັ້ນຍັງມີເມືອງໜຶ່ງ ຊື່ວ່າເມືອງເບຣູເອັນ, ເຊິ່ງອາດຈະຕັ້ງຢູ່ທາງພາກໃຕ້ຂອງຢູດາ, ເຊິ່ງບໍ່ໄກຈາກເມືອງ ເບັດຣີເຊບາ.</li></ul>  
betray	<h2 id="section">@ທໍລະຍົດ,ຜູ້ທໍລະຍົດ</h2><h3 id="section-1">ນິຍາມ</h3><p>ຄຳວ່າ“ ການທໍລະຍົດ” ໝາຍເຖິງການກະທຳໃນທາງທີ່ຫຼອກລວງແລະທຳຮ້າຍຜູ້ໃດຜູ້ໜຶ່ງ. "ຜູ້ທໍລະຍົດ" ແມ່ນຄົນທີ່ທໍລະຍົດເພື່ອນທີ່ໄວ້ວາງໃຈລາວ.</p><ul><li>ຢູດາເປັນ“ ຜູ້ທໍລະຍົດ” ເພາະວ່າລາວໄດ້ບອກຜູ້ນຳຊາວຢິວວ່າຈະຈັບພຣະເຢຊູໄດ້ແນວໃດ.</li><li>ການທໍລະຍົດໂດຍຢູດາແມ່ນຊົ່ວຮ້າຍຫຼາຍໂດຍສະເພາະລາວເປັນອັກຄະສາວົກຂອງພຣະເຢຊູຜູ້ທີ່ໄດ້ຮັບເງິນເພື່ອແລກກັບການໃຫ້ຂໍ້ມູນແກ່ຜູ້ນຳຊາວຢິວເຊິ່ງຈະສົ່ງຜົນໃຫ້ການຕາຍຂອງພຣະເຢຊູບໍ່ຍຸຕິທຳ.</li></ul><h3 id="section-2">ຄຳແນະນຳໃນການແປ</h3><ul><li>ອີງຕາມສະພາບການ, ຄຳວ່າ "ທໍລະຍົດ" ສາມາດຖືກແປວ່າ "ຫລອກລວງແລະກໍ່ໃຫ້ເກີດຄວາມອັນຕະລາຍຕໍ່" ຫລື "ຫັນກັບສັດຕູ" ຫລື "ປະຕິບັດຕໍ່ຄວາມຫຼອກລວງ."</li></ul>  
day	<h2 id="section">@ເວລາໃນພຣະຄຳພີ: @ມື້</h2><h3 id="section-1">ນິຍາມ</h3><p>ຄຳວ່າ "ມື້" ທີ່ແທ້ຈິງໝາຍເຖິງໄລຍະເວລາໜຶ່ງຂອງເວລາທີ່ແກ່ຍາວຕະຫຼອດ 24 ຊົ່ວໂມງເຊິ່ງເລີ່ມຕົ້ນໃນເວລາທ່ຽງຄືນ. ມັນຍັງຖືກໃຊ້ເປັນຕົວເລກ.</p><ul><li>ສຳລັບຊາວອິດສະລາແອນແລະຊາວຢິວ, ມື້ໜຶ່ງເລີ່ມຕົ້ນໃນຕອນຕາເວັນຕົກຂອງມື້ໜຶ່ງ ແລະສິ້ນສຸດລົງໃນເວລາຕາເວັນຂື້ນຂອງມື້ຕໍ່ມາ.</li><li>ບາງຄັ້ງຄຳວ່າ "ວັນ" ຖືກໃຊ້ເປັນຕົວເລກເພື່ອໝາຍເຖິງໄລຍະເວລາທີ່ຍາວກວ່າ, ເຊັ່ນວ່າ "ວັນເວລາ ພຣະຍາເວ" ຫລື "ຍຸກສຸດທ້າຍ".</li><li>ບາງພາສາຈະໃຊ້ການສະແດງອອກທີ່ແຕກຕ່າງກັນເພື່ອແປຄວາມໝາຍທີ່ໃຊ້ໃນຕົວເລກເຫຼົ່ານີ້ຫຼືຈະແປ "ວັນ" ທີ່ບໍ່ໃຊ້ປຽບທຽບເພື່ອໃຫ້ຖືກຕ້ອງຕາມສະພາບການເອີ້ນ.</li><li>ການແປພາສາອື່ນໆຂອງ "ມື້" ສາມາດປະກອບມີ, "ເວລາ" ຫລື "ລະດູ" ຫລື "ໂອກາດ" ຫລື "ເຫດການ," ຂຶ້ນກັບສະພາບການ.</li></ul><p>.</p>  
hour (biblical time)	<h2 id="section">@ເວລາໃນພຣະຄຳພີ: @ຊົ່ວໂມງ</h2><h3 id="section-1">ນິຍາມ</h3><p>ຄຳວ່າ“ ຊົ່ວໂມງ” ມັກຖືກນຳໃຊ້ໃນພຣະຄຳພີເພື່ອບອກວ່າເວລາໃດຂອງມື້ໃດມີເຫດການແນ່ນອນ. ມັນຍັງຖືກໃຊ້ເປັນຕົວເລກເພື່ອໝາຍຄວາມວ່າ "ເວລາ" ຫລື "ຊ່ວງເວລາ."</p><ul><li>ຊາວຢິວນັບຊົ່ວໂມງກາງເວັນເຊິ່ງເລີ່ມຕົ້ນໃນຕອນເຊົ້າ (ປະມານ 6 ໂມງເຊົ້າ). ຕົວຢ່າງ, "ເວລາເກົ້າໂມງ" ຫມາຍຄວາມວ່າ "ປະມານບ່າຍສາມໂມງໃນປະຈຸບັນ."</li><li>ຊົ່ວໂມງກາງຄືນນັບຕັ້ງແຕ່ເວລາຕາເວັນຕົກ (ເວລາປະມານ 6 ໂມງແລງ). ຕົວຢ່າງ, "ຊົ່ວໂມງທີສາມຂອງຕອນກາງຄືນ" ຫມາຍຄວາມວ່າ "ປະມານເກົ້າໂມງແລງ" ໃນລະບົບປະຈຸບັນຂອງພວກເຮົາ ..</li><li>ເນື່ອງຈາກການອ້າງອີງເຖິງເວລາໃນພຣະຄຳພີຈະບໍ່ກົງກັບລະບົບເວລາໃນປະຈຸບັນ, ປະໂຫຍກເຊັ່ນ "ປະມານເກົ້າໂມງ" ຫລື "ປະມານຫົກໂມງແລງ" ສາມາດໃຊ້ໄດ້.</li><li>ການແປບາງພາສາອາດຈະເພີ່ມປະໂຫຍກເຊັ່ນ "ຕອນແລງ" ຫລື "ຕອນເຊົ້າ" ຫລື "ຕອນບ່າຍ" ເພື່ອເຮັດໃຫ້ມັນແຈ່ມແຈ້ງວ່າເວລາກາງເວັນກຳລັງເວົ້າເຖິງຫຍັງ.</li><li>ປະໂຫຍກທີ່ວ່າ, "ໃນຊົ່ວໂມງນັ້ນ" ສາມາດແປເປັນ "ໃນເວລານັ້ນ" ຫລື "ໃນເວລານີ້."</li><li>ໂດຍອ້າງເຖິງພຣະເຢຊູ ຄຳວ່າ "ເວລາຂອງພຣະອົງມາເຖິງແລ້ວ" ສາມາດແປເປັນ "ເວລາທີ່ພຣະອົງມາເຖິງ" ຫລື "ເວລາກຳ ນົດສຳລັບພຣະອົງໄດ້ມາເຖິງແລ້ວ."</li></ul>  
month	<h2 id="section">@ເວລາໃນພຣະ @ຄຳ @ພີ:@ ເດືອນ</h2><h3 id="section-1">ນິຍາມ</h3><p>ຄຳວ່າ "ເດືອນ" ໝາຍເຖິງໄລຍະເວລາທີ່ແກ່ຍາວປະມານ 4 ອາທິດ. ຈຳນວນມື້ໃນແຕ່ລະເດືອນແຕກຕ່າງກັນຂື້ນກັບວ່າປະຕິທິນດວງຈັນຫລືແສງຕາເວັນຖືກນຳໃຊ້.</p><ul><li>ໃນປະຕິທິນຕາມຈັນທະປະຕິທິນ, ຄວາມຍາວຂອງແຕ່ລະເດືອນແມ່ນອີງຕາມ ຈຳນວນເວລາທີ່ຕ້ອງການເພື່ອໃຫ້ດວງຈັນໄປທົ່ວໂລກ, ປະມານ 29 ວັນ. ໃນລະບົບນີ້ມີ 12 ຫລື 13 ເດືອນໃນ ໜຶ່ງປີ. ເຖິງວ່າປີຈະມີ 12 ຫລື 13 ເດືອນ, ເດືອນທຳອິດກໍ່ຖືກເອີ້ນເປັນຊື່ດຽວກັນເຖິງແມ່ນວ່າມັນອາດຈະເປັນລະດູທີ່ແຕກຕ່າງກັນ.</li><li>ໄລຍະ "ເດືອນໃໝ່," ຫລືໄລຍະເລີ່ມຕົ້ນຂອງດວງຈັນທີ່ມີແສງສະຫວ່າງເບົາລົງ, ມັນແມ່ນຈຸດເລີ່ມຕົ້ນຂອງແຕ່ລະເດືອນໃນປະຕິທິນຈັນທະຄະຕິ.</li><li>ທຸກໆຊື່ຂອງເດືອນທີ່ກ່າວເຖິງໃນພຣະຄຳພີແມ່ນປະຕິທິນຕາມຈັນທະປະຕິທິນນັບຕັ້ງແຕ່ນີ້ເປັນລະບົບທີ່ຊາວອິດສະລາແອນໃຊ້. ຊາວຢິວສະໄໝນີ້ຍັງໃຊ້ປະຕິທິນນີ້ເພື່ອຈຸດປະສົງທາງສາດສະໜາ.</li><li>ປະຕິທິນແສງຕາເວັນໃນຍຸກສະໄໝໃໝ່ແມ່ນອີງໃສ່ໄລຍະເວລາທີ່ໂລກຕ້ອງໃຊ້ເວລາໃນຮອບດວງອາທິດ (ປະມານ 365 ວັນ).ໃນລະບົບນີ້, ປີແມ່ນແບ່ງອອກເປັນ12ເດືອນສະເໝີ, ເຊິ່ງຄວາມຍາວຂອງແຕ່ລະເດືອນມີອາຍຸຕັ້ງແຕ່ 28 ເຖິງ 31 ວັນ.</li></ul>  
watch (biblical time)	<h2 id="section">@ເວລາໃນພຣະຄຳພີ: @ເບິ່ງ</h2><h3 id="section-1">ນິຍາມ</h3><p>ໃນສະໄໝພຣະຄຳພີ,“ ໂມງ” ແມ່ນຊ່ວງເວລາຂອງເວລາກາງຄືນໃນເວລາທີ່ຜູ້ເຝົ້າຍາມຫລືຍາມເຝົ້າເມືອງກຳລັງປະຕິບັດໜ້າທີ່ເບິ່ງແຍງຄວາມປອດໄພຈາກສັດຕູ.</p><ul><li>ໃນພຣະຄຳພີເດີມ, ຊາວອິດສະລາແອນມີໂມງ 3 ໜ່ວຍເຊິ່ງເອີ້ນວ່າ "ຈຸດເລີ່ມຕົ້ນ" (ຕາເວັນຕົກລົງຮອດ 10 ໂມງແລງ), "ກາງ" (10 ໂມງເຊົ້າຫາ 2 ໂມງເຊົ້າ), ແລະໂມງເຊົ້າ (2 ໂມງເຊົ້າຫາວັນອາທິດ).</li><li>ໃນພຣະຄຳພີໃໝ່, ຊາວຢິວໄດ້ປະຕິບັດຕາມລະບົບໂລມັນແລະມີສີ່ໂມງ, ເຊິ່ງຕັ້ງຊື່ງ່າຍໆວ່າ "ທຳອິດ" (ຕາເວັນຕົກລົງເຖິງ 9 ໂມງແລງ), "ທີສອງ" (9 ໂມງກາງຄືນຫາ 12 ທ່ຽງຄືນ), "ທີສາມ" (12 ທ່ຽງຄືນຫາ 3 ໂມງເຊົ້າ), ແລະໂມງທີສີ່ (3 ໂມງເຊົ້າຫາຕອນເຊົ້າ).</li><li>ສິ່ງເຫຼົ່ານີ້ຍັງສາມາດຖືກແປດ້ວຍການສະແດງອອກທົ່ວໄປຫຼາຍກວ່າເກົ່າເຊັ່ນ "ຕອນເດິກ" ຫລື "ເວລາທ່ຽງຄືນ" ຫລື "ຕອນເຊົ້າມືດ", ເຊິ່ງຂື້ນກັບໂມງໃດທີ່ຖືກກ່າວເຖິງ.</li></ul>  
week	<h2 id="section">@ເວລາໃນພຣະຄຳພີ: @ອາທິດ</h2><h3 id="section-1">ນິຍາມ</h3><p>ຄຳວ່າ“ ອາທິດ” ທີ່ຮູ້ຫນັງສືໝາຍເຖິງໄລຍະເວລາໜຶ່ງທີ່ໃຊ້ເວລາ 7 ວັນ.</p><ul><li>ໃນລະບົບການນັບເວລາຂອງຊາວຢິວ, ອາທິດໜຶ່ງເລີ່ມຕົ້ນທີ່ຕາເວັນຕົກດິນໃນວັນເສົາແລະສິ້ນສຸດລົງໃນເວລາຕາເວັນໃນວັນເສົາຕໍ່ມາ.</li><li>ໃນພຣະຄຳພີ ຄຳວ່າ“ ອາທິດ” ບາງຄັ້ງໃຊ້ໃນຮູບເປັນຕົວເລກເພື່ອອ້າງເຖິງກຸ່ມຂອງ 7 ໜ່ວຍຕາມເວລາເຊັ່ນເຈັດປີ.</li><li>"ງານບຸນປະຈຳອາທິດ" ແມ່ນການສະເຫຼີມສະຫຼອງການເກັບກ່ຽວເຊິ່ງໄດ້ຈັດຂຶ້ນເຈັດອາທິດຫລັງຈາກປັດສະຄາ. ມັນຍັງຖືກເອີ້ນວ່າ "ວັນເພນເຕຄໍໍ."</li></ul>  
year	<h2 id="section">@ເວລາໃນພຣະຄຳພີ: @ປີ</h2><h3 id="section-1">ນິຍາມ</h3><p>ໃນເວລາທີ່ໃຊ້ຕົວຈິງ, ຄຳວ່າ "ປີ" ໃນພຣຄຳພີໝາຍເຖິງໄລຍະເວລາໜຶ່ງທີ່ແກ່ຍາວເຖິງ 354 ວັນ. ນີ້ແມ່ນອີງຕາມລະບົບປະຕິທິນຕາມຈັນທະປະຕິທິນເຊິ່ງອີງໃສ່ເວລາທີ່ມັນຕ້ອງໃຊ້ເວລາເພື່ອໃຫ້ດວງຈັນໂຄຈອນອ້ອມໂລກ.</p><ul><li>ໜຶ່ງປີໃນປະຕິທິນແສງຕາເວັນທີ່ທັນສະໄໝແກ່ຍາວເຖິງ 365 ວັນແບ່ງອອກເປັນ 12 ເດືອນໂດຍອີງໃສ່ຈຳນວນເວລາທີ່ໃຊ້ເວລາໃນທົ່ວໂລກເພື່ອເດີນທາງໄປທົ່ວດວງອາທິດ.</li><li>ໃນທັງສອງລະບົບປະຕິທິນປີໜຶ່ງມີ 12 ເດືອນ. ແຕ່ວ່າເດືອນ 13 ຕື່ມເປັນບາງຄັ້ງບາງຄາວຖືກເພີ່ມເຂົ້າປີໃນປະຕິທິນຈັນທະຄະຕິເພື່ອເຮັດໃຫ້ເປັນຄວາມຈິງທີ່ວ່າປີໜຶ່ງຕາມຈັນທະປະຕິທິນແມ່ນ 11 ວັນໜ້ອຍກວ່າປີທີ່ມີແສງອາທິດ. ສິ່ງນີ້ຊ່ວຍຮັກສາສອງປະຕິທິນໃຫ້ສອດຄ່ອງກັບກັນແລະກັນ.</li><li>ໃນພຣຄຳພີຄຳວ່າ "ປີ" ຍັງຖືກໃຊ້ໃນຄວາມໝາຍເປັນຕົວເລກເພື່ອໝາຍເຖິງເວລາທົ່ວໄປເມື່ອມີເຫດການພິເສດເກີດຂື້ນ. ຕົວຢ່າງຂອງສິ່ງນີ້ລວມມີ, "ປີຂອງ ພຣະເຈົ້າເຍເວ" ຫລື "ໃນປີທີ່ແຫ້ງແລ້ງ" ຫລື "ປີທີ່ພໍໃຈຂອງພຣະຜູ້ເປັນເຈົ້າ." ໃນສະພາບການເຫຼົ່ານີ້, "ປີ" ສາມາດຖືກແປເປັນ "ເວລາ" ຫລື "ລະດູ" ຫລື "ໄລຍະເວລາ."</li></ul>  
birthright	<h2 id="section">@ສິດທິໃນການເກີດ</h2><h3 id="section-1">ນິຍາມ</h3><p>ຄຳວ່າ "ສິດທິອ້າຍກົກ" ໃນພຣະຄຳພີໝາຍເຖິງກຽດຕິຍົດ, ຊື່ຄອບຄົວ, ແລະຄວາມຮັ່ງມີທາງຮ່າງກາຍເຊິ່ງຕາມປົກກະຕິແມ່ນໃຫ້ກັບລູກຊາຍກົກໃນຄອບຄົວ.</p><ul><li>ລູກກົກຂອງລູກຊາຍກົກປະກອບມີສອງສ່ວນຂອງມໍລະດົກຂອງພໍ່.</li><li>ໂດຍປົກກະຕິລູກຊາຍກົກຂອງກະສັດໄດ້ຖືກແຕ່ງຕັ້ງໃຫ້ເປັນຜູ້ປົກຄອງຕາມປົກກະຕິຫລັງຈາກພໍ່ຂອງລາວຕາຍ.</li><li>ເອຊາວຂາຍສິດທິອ້າຍກົກຂອງລາວໃຫ້ຍາໂຄບນ້ອງຊາຍຂອງລາວ. ຍ້ອນເຫດນີ້, ຢາໂຄບຈຶ່ງໄດ້ຮັບມໍລະດົກຈາກລູກຊາຍກົກແທນເອຊາວ.</li><li>ສິດທິອ້າຍກົກກໍ່ຍັງລວມເອົາກຽດຕິຍົດຂອງການມີລູກຫລານຂອງຄອບຄົວຕາມເສັ້ນທາງຂອງລູກຊາຍກົກ.</li></ul><p>%  ຄຳແນະນຳໃນການແປ</p><ul><li>ວິທີການທີ່ເປັນໄປໄດ້ໃນການແປ "ສິດທິລຸ້ນກ່ອນ" ສາມາດປະກອບມີ, "ສິດທິແລະຄວາມຮັ່ງມີຂອງລູກຊາຍກົກ" ຫລື "ກຽດຕິຍົດໃນຄອບຄົວ" ຫລື "ສິດທິພິເສດແລະການເປັນມໍລະດົກຂອງລູກກົກ."</li></ul>  
blameless	<h2 id="section">@ບໍ່ມີຕຳນິ</h2><h3 id="section-1">ນິຍາມ</h3><p>ຄຳວ່າ "ບໍ່ມີຕຳນິ" ໝາຍຄວາມວ່າແທ້ບໍ່ມີຄຳຕຳນິ. ມັນໄດ້ຖືກນໍາໃຊ້ເພື່ອກ່າວເຖິງບຸກຄົນຜູ້ທີ່ເຊື່ອຟັງພະເຈົ້າຢ່າງສຸດຈິດສຸດໃຈ, ແຕ່ມັນບໍ່ໄດ້ໝາຍຄວາມວ່າຄົນນັ້ນບໍ່ມີບາບ.</p><ul><li>ອັບຣາຮາມແລະໂນອາຖືວ່າບໍ່ມີຄວາມຜິດຕໍ່ໜ້າພຣະເຈົ້າ.</li><li>ບຸກຄົນຜູ້ທີ່ມີຊື່ສຽງວ່າເປັນຄົນຊອບທຳ“ ບໍ່ມີກຽດຕິຍົດ” ປະພຶດຕົນໃນແບບທີ່ໃຫ້ກຽດພຣະເຈົ້າ.</li><li>ອີງຕາມຂໍ້ທີໜຶ່ງ, ຄົນທີ່ບໍ່ມີຄວາມຜິດແມ່ນ "ຜູ້ທີ່ຢຳເກງພຣະເຈົ້າແລະຫັນໜີຈາກຄວາມຊົ່ວ."</li></ul><h3 id="section-2">ຄຳແນະນຳໃນການແປ</h3><ul><li>ນີ້ຍັງສາມາດຖືກແປເປັນ "ໂດຍບໍ່ມີຄວາມຜິດຕໍ່ຄຸນລັກສະນະຂອງລາວ" ຫລື "ເຊື່ອຟັງພຣະເຈົ້າຢ່າງສົມບູນ" ຫລື "ຫລີກລ່ຽງບາບ" ຫຼື "ຮັກສາຕົວຈາກຄວາມຊົ່ວ."</li></ul>  
blasphemy	<h2 id="section">@ການໝິ່ນປະໝາດ, @ການປະໝາດ , @ດູໝິ່ນ</h2><h3 id="section-1">ນິຍາມ</h3><p>ໃນພຣະຄຳພີ, ຄຳວ່າ "ໝິ່ນປະໝາດ" ໝາຍເຖິງການເວົ້າໃນແບບທີ່ສະແດງຄວາມບໍ່ເຄົາລົບຕໍ່ພຣະເຈົ້າຫລືຜູ້ຄົນ. ການ“ ໝິ່ນປະໝາດ” ຜູ້ໃດຜູ້ໜຶ່ງແມ່ນເວົ້າໃສ່ຄົນນັ້ນເພື່ອໃຫ້ຄົນອື່ນຄິດບາງຢ່າງທີ່ບໍ່ຖືກຕ້ອງຫຼືບໍ່ດີກ່ຽວກັບລາວ.</p><ul><li>ສ່ວນຫລາຍການເວົ້າໝິ່ນປະໝາດພຣະເຈົ້າໝາຍເຖິງການເວົ້າໃສ່ຮ້າຍລື ດູຖຸກລາວໂດຍການເວົ້າສິ່ງທີ່ບໍ່ແມ່ນຄວາມຈິງກ່ຽວກັບລາວຫຼືໂດຍການປະພຶດທີ່ບໍ່ສົມຄວນທີ່ເຮັດໃຫ້ກຽດຊັງລາວ.</li><li>ມັນເປັນການໝິ່ນປະໝາດສຳລັບມະນຸດທີ່ອ້າງວ່າຕົນເປັນພຣະເຈົ້າຫລືອ້າງວ່າມີພຣະເຈົ້າອື່ນນອກເໜືອຈາກພຣະເຈົ້າທ່ຽງແທ້.</li><li>ສະບັບພາສາອັງກິດບາງສະບັບແປຄຳນີ້ວ່າ "ໃສ່ຮ້າຍປ້າຍສີ" ເມື່ອເວົ້າເຖິງການໝິ່ນປະໝາດຄົນ.</li></ul><h3 id="section-2">ຄຳແນະນຳໃນການແປ</h3><ul><li>ເພື່ອ“ ໝິ່ນປະໝາດ” ສາມາດຖືກແປເປັນ,“ ເວົ້າໃສ່ຮ້າຍ” ຫລື“ ດູຖູກພຣະເຈົ້າ” ຫລື“ ໝິ່ນປະໝາດ”.</li><li>ວິທີການແປ "ການ ໝິ່ນປະໝາດ" ສາມາດປະກອບມີ, "ເວົ້າຜິດກັບຄົນອື່ນ" ຫລື "ເວົ້າເຍາະເຍີ້ຍ" ຫລື "ເຜີຍແຜ່ຂ່າວລືທີ່ບໍ່ຖືກຕ້ອງ."</li></ul>  
blemish	<h2 id="section">@ມົນທິນ</h2><h3 id="section-1">ນິຍາມ</h3><p>ຄຳວ່າ“ ຄວາມມົນທິນ” ໝາຍເຖິງຄວາມບົກຜ່ອງທາງຮ່າງກາຍຫລືຄວາມບໍ່ສົມບູນແບບຕໍ່ສັດຫລືຄົນ. ມັນຍັງສາມາດໃຫ້ໝາຍ ເຖິງຄວາມບໍ່ສົມບູນທາງວິນຍານແລະຄວາມຜິດຂອງຄົນເຮົາ.</p><ul><li>ສຳລັບການເສຍສະລະບາງຢ່າງ, ພຣະເຈົ້າໄດ້ແນະ ນຳຊາວອິດສະລາແອນໃຫ້ນຳສັດທີ່ບໍ່ມີຂໍ້ບົກພ່ອງຫລືມີຂໍ້ບົກຜ່ອງມາຖວາຍ.</li><li>ຜູ້ທີ່ເຊື່ອໃນພຣະຄຣິດໄດ້ຖືກຊຳລະລ້າງຈາກບາບຂອງພວກເຂົາໂດຍພຣະໂລຫິດຂອງພຣະອົງແລະຖືວ່າບໍ່ມີມົນທິນ.</li><li>ວິທີການແປ ຄຳສັບນີ້ອາດປະກອບມີ, "ຄວາມບົກຜ່ອງ" ຫລື "ຄວາມບໍ່ສົມບູນແບບ" ຫລື "ບາບ," ຂື້ນກັບສະພາບການ.</li></ul>  
bless	<h2 id="section">@ອວຍພອນ, @ໄດ້ຮັບການອວຍພອນ, @ພຣະພອນ</h2><h3 id="section-1">ນິຍາມ</h3><p>ການ“ ອວຍພອນໃຫ້” ບາງຄົນຫລືບາງສິ່ງບາງຢ່າງໝາຍເຖິງການເຮັດໃຫ້ສິ່ງທີ່ດີແລະເປັນປະໂຫຍດເກີດຂື້ນກັບຄົນຫລືສິ່ງທີ່ໄດ້ຮັບພອນ.</p><ul><li>ການອວຍພອນໃຫ້ຜູ້ໃດຜູ້ໜຶ່ງກໍ່ໝາຍເຖິງການສະແດງຄວາມປາຖະໜາຢາກໃຫ້ສິ່ງທີ່ດີແລະມີປະໂຫຍດເກີດຂື້ນກັບຄົນນັ້ນ.</li><li>ໃນສະໄໝທີ່ຂຽນພຣະຄຳພີຜູ້ເປັນພໍ່ມັກຈະອອກປາກສຽງເພື່ອອວຍພອນຢ່າງເປັນທາງການໃຫ້ແກ່ລູກຂອງຕົນ.</li><li>ເມື່ອປະຊາຊົນ“ ອວຍພອນໃຫ້” ພຣະເຈົ້າຫລືສະແດງຄວາມປາດຖະໜາທີ່ວ່າພຣະເຈົ້າຈະໄອວຍໃຫ້, ນີ້ໝາຍຄວາມວ່າພວກເຂົາກຳລັງສັນລະເສີນພຣະອົງ.</li><li>ຄຳວ່າ“ ອວຍພອນ” ບາງຄັ້ງໃຊ້ໃນການຮັບປະທານອາຫານກ່ອນທີ່ຈະກິນ, ຫລືເພື່ອເປັນການຂອບໃຈແລະສັນລະເສີນພຣະເຈົ້າສຳລັບອາຫານນັ້ນ.</li></ul><p>// ຈາກຄຳເຫັນຂ້າງລຸ່ມນີ້: ມັນເປັນສິ່ງສຳຄັນທີ່ຈະບໍ່ກຳນົດ, ສຸມໃສ່, ຫລືຖືກຈຳກັດໂດຍການນຳໃຊ້ຄຳສັບຮາກຂອງຄຳວ່າ "ອວຍພອນໃຫ້" ທີ່ແນະນຳໃຫ້ຕົ້ນຕໍແມ່ນຄວາມອຸດົມສົມບູນຫລືອຸດົມສົມບູນຂອງວັດຖຸຫຼືສຸຂະພາບທາງຮ່າງກາຍ. ພິຈາລະນາຄຳສອນທີ່ກວ້າງຂວາງໃນພຣະຄຳພີກ່ຽວກັບຄວາມຮັກ, ຄວາມເມດຕາແລະພຣະຄຸນຂອງພຣະເຈົ້າທີ່ບໍ່ພຽງແຕ່ເປັນວັດຖຸບູຮານ, ແຕ່ປະຈຸບັນ. ພິຈາລະນາເບິ່ງແຍງ, ປົກປ້ອງ, ແລະການມີພຣະວິນຍານຂອງພຣະເຈົ້າ. ແລະເພື່ອພວກເຮົາຈະອວຍພອນໃຫ້ພວກເຈົ້າ, ພວກເຮົາສາມາດສະແດງຄວາມຂອບໃຈ, ຄວາມຮູ້ບຸນຄຸນແລະຄວາມເຂົ້າໃຈເມື່ອພວກເຮົາຮຽນຮູ້ແລະເຮັດຕາມ (ເຊື່ອຟັງ)ພຣະອົງ.//</p><h3 id="section-2">ຄຳແນະນຳໃນການແປ</h3><ul><li>"ອວຍພອນໃຫ້" ຍັງສາມາດຖືກແປເປັນ, "ເພື່ອໃຫ້ຄວາມອຸດົມສົມບູນ" ຫລື "ມີຄວາມກະລຸນາແລະເອື້ອເຟື້ອເພື່ອແຜ່."</li><li>"ພຣະເຈົ້າໄດ້ນຳພອນທີ່ຍິ່ງໃຫຍ່ມາໃຫ້" ສາມາດແປເປັນ ", ພຣະເຈົ້າໄດ້ປະທານສິ່ງດີໆຫລາຍໆຢ່າງໃຫ້" ຫລື "ພຣະເຈົ້າໄດ້ຈັດຫາສິ່ງທີ່ດີໃຫ້" ຫລື "ພຣະເຈົ້າໄດ້ເຮັດໃຫ້ສິ່ງດີໆເກີດຂື້ນຫລາຍຢ່າງ".</li><li>"ລາວໄດ້ຮັບພອນ" ສາມາດຖືກແປເປັນ "ລາວຈະໄດ້ຮັບຜົນປະໂຫຍດຢ່າງຫຼວງຫລາຍ" ຫລື "ລາວຈະປະສົບກັບສິ່ງທີ່ດີ" ຫລື "ພຣະເຈົ້າຈະເຮັດໃຫ້ລາວຈະເລີນຮຸ່ງເຮືອງ."</li><li>"ພອນ" ສາມາດແປເປັນ "ມັນດີປະເສີດສໍາລັບຜູ້ທີ່ຮັບ."</li><li>ສຳນວນທີ່ຄ້າຍຄື, "ໃຫ້ພຣະເຈົ້າອວຍພອນ" ສາມາດແປເປັນ, "ຂໍໃຫ້ພຣະຜູ້ເປັນເຈົ້າໄດ້ຮັບການຍ້ອງຍໍ" ຫລື "ສັນລະເສີນພຣະຜູ້ເປັນເຈົ້າ" ຫລື "ຂ້ອຍສັນລະເສີນພຣະຜູ້ເປັນເຈົ້າ."</li><li>ໃນແງ່ຂອງການອວຍພອນອາຫານ, ສິ່ງນີ້ສາມາດແປເປັນ, "ຂອບໃຈພຣະເຈົ້າ ສຳລັບອາຫານ" ຫລື "ສັນລະເສີນພຣະເຈົ້າທີ່ໄດ້ໃຫ້ອາຫານແກ່ພວກເຂົາ" ຫລື "ອາຫານທີ່ໄດ້ຮັບການອຸທິດໂດຍການສັນລະເສີນພຣະເຈົ້າ ສຳລັບອາຫານ."</li></ul>  
blood	<h2 id="section">@ເລືອດ,ໂລຫິດ</h2><h3 id="section-1">ນິຍາມ</h3><p>ຄຳວ່າ“ ເລືອດ” ໝາຍເຖິງແຫຼວສີແດງທີ່ອອກມາຈາກຜິວໜັງ ຂອງຄົນເຮົາເມື່ອມີການບາດເຈັບຫລືມີບາດແຜ. ເລືອດແມ່ນສີ່ງທີ່ນຳເອົາສານອາຫານໃຫ້ຊີວິດ ແລະຮ່າງກາຍຂອງຄົນເຮົາ.</p><ul><li>ເລືອດເປັນສັນຍາລັກຂອງຊີວິດແລະເມື່ອມັນຖືກຫົດຫລືຖອກ, ມັນເປັນສັນຍາລັກເຖິງການສູນເສຍຊີວິດ, ຫລືຄວາມຕາຍ.</li><li>ເມື່ອປະຊາຊົນຖວາຍເຄື່ອງບູຊາແດ່ພຣະເຈົ້າ, ພວກເຂົາໄດ້ຂ້າສັດແລະຖອກເລືອດຂອງມັນໃສ່ແທ່ນບູຊາ. ນີ້ເປັນສັນຍາລັກຂອງການເສຍສະລະຊີວິດຂອງສັດເພື່ອຈ່າຍຄ່າບາບຂອງຄົນ.</li><li>ໂດຍຜ່ານການສິ້ນພຣະຊົນຂອງພຣະອົງເທິງໄມ້ກາງແຂນ, ເລືອດຂອງພຣະເຢຊູເປັນສັນຍາລັກເຮັດໃຫ້ຄົນເຮົາພົ້ນຈາກບາບກຳຂອງພວກເຂົາແລະຈ່າຍຄ່າການລົງໂທດທີ່ພວກເຂົາສົມຄວນໄດ້ຮັບຈາກບາບເຫລົ່ານັ້ນ.</li><li>ຄຳເວົ້າທີ່ວ່າ“ ເນື້ອໜັງ ແລະ ເລືອດ” ໝາຍເຖິງມະນຸດ.</li><li>ຄຳເວົ້າທີ່ວ່າ“ ເນື້ອໜັງ ແລະໂລຫິດຂອງຕົນເອງ” ໝາຍ ເຖິງຄົນທີ່ພີນ້ອງກັນກັບທາງກຳມະພັນ.</li></ul><h3 id="section-2">ຄຳແນະໃນນຳການແປ</h3><ul><li>ຄຳສັບນີ້ຄວນຈະຖືກແປກັບ ຄຳທີ່ໃຊ້ໃນເລືອດເປັນເປົ້າໝາຍຊອງພາສາ.</li><li>ຄຳວ່າ“ ເນື້ອໜັງ ແລະ ໂລຫິດ” ສາມາດແປເປັນ“ ຄົນ” ຫລື“ ມະນຸດ”.</li><li>ອີງຕາມສະພາບການ, ຄຳວ່າ "ເນື້ອໜັງ ແລະເລືອດຂອງຂ້ອຍ" ສາມາດແປເປັນ "ຄອບຄົວຂອງຂ້ອຍເອງ" ຫລື "ຍາດພີ່ນ້ອງຂອງຂ້ອຍເອງ" ຫລື "ຄົນຂອງຂ້ອຍເອງ."</li><li>ຖ້າມີການສະແດງອອກເປັນເປົ້າໝາຍພາສາ ທີ່ໃຊ້ກັບຄວາມ ໝາຍນີ້, ການສະແດງອອກນັ້ນອາດຈະຖືກນຳໃຊ້ເພື່ອແປວ່າ "ເນື້ອໜັງ ແລະເລືອດ."</li></ul>  
bloodshed	<h2 id="section">@ການໄຫລເລືອດ</h2><h3 id="section-1">ນິຍາມ</h3><p>ຄຳວ່າ“ ການໄຫລເລືອດ” ໝາຍ ເຖິງການຕາຍຂອງມະນຸດຍ້ອນການຄາດຕະກຳ, ສົງຄາມຫລືການກະທຳຮຸນແຮງອື່ນໆ.</p><ul><li>ຄຳນີ້ມີຄວາມໝາຍວ່າ "ເລືອດໄຫລອອກ," ໝາຍເຖິງເວລາທີ່ເລືອດອອກຈາກຮ່າງກາຍຂອງຄົນຈາກບາດແຜເປີດ.</li><li>ຄຳວ່າ“ ການໄຫລເລືອດ” ມັກຖືກໃຊ້ເພື່ອອ້າງເຖິງການຂ້າຄົນຢ່າງແຜ່ຫຼາຍ.</li><li>ມັນຍັງຖືກນຳໃຊ້ເປັນຂໍ້ອ້າງອີງທົ່ວໄປກ່ຽວກັບບາບຂອງການຄາດຕະກຳ.</li></ul><h3 id="section-2">ຄຳ ແນະນຳໃນການແປ</h3><ul><li>"ການໄຫລເລືອດ" ອາດຈະຖືກແປເປັນ "ການຂ້າຄົນ" ຫລື "ຄົນ ຈຳນວນຫລວງຫລາຍທີ່ຖືກຂ້າ."</li><li>"ໂດຍຜ່ານການໄຫລເລືອດ" ຍັງສາມາດຖືກແປເປັນ "ການຂ້າຄົນ."</li><li>"ການໄຫລເລືອດທີ່ບໍລິສຸດ"ສາມາດຖືກແປວ່າ "ຂ້າຄົບໍລິສຸດ."</li><li>"ການໄຫລເລືອດດັ່ງຕໍ່ໄປນີ້ແມ່ນການໄຫລເລືອດ" ອາດຈະຖືກແປວ່າ, "ພວກເຂົາສືບຕໍ່ຂ້າຄົນ" ຫລື "ການຂ້າຄົນຕໍ່ໄປ" ຫລື "ພວກເຂົາໄດ້ຂ້າຄົນຫລາຍຄົນແລະຍັງສີບຕໍ່ເຮັດແບບນັ້ນ" ຫລື "ຄົນເຮົາຍັງຂ້າຄົນອື່ນຢູ່ຕໍ່ໄປ."</li><li>ການນຳໃຊ້ຕົວເລກອື່ນ, "ການໄຫລເລືອດຈະຕາມຫາທ່ານ" ສາມາດຖືກແປເປັນ "ປະຊາຊົນຂອງທ່ານຈະສືບຕໍ່ປະສົບກັບການໄຫລເລືອດ" ຫລື "ປະຊາຊົນຂອງທ່ານຈະສືບຕໍ່ຖືກຂ້າຕາຍ" ຫລື "ປະຊາຊົນຂອງທ່ານຈະສືບຕໍ່ເຮັດສົງຄາມກັບປະເທດອື່ນແລະປະຊາຊົນຕາຍຈະຮັກສາແລ້ວ. "</li></ul>  
blotout	<h2 id="section">@ລົບລ້າງອອກ, @ລົບອອກໄປ</h2><h3 id="section-1">ນິຍາມ</h3><p>ຄຳສັບທີ່ວ່າ "ລົບລ້າງອອກ" ແລະ "ລົບອອກ" ແມ່ນສຳນວນທີ່ມີຄວາມໝາຍວ່າຈະເອົາຫຼື ທຳລາຍສິ່ງໃດສິ່ງໜຶ່ງ ຫລືຜູ້ໃດຜູ້ໜຶ່ງ ອອກໄປ.</p><ul><li>ຄຳເວົ້າເຫຼົ່ານີ້ສາມາດຖືກນຳໃຊ້ໃນແງ່ບວກ, ຄືກັບວ່າ"ເຮັດຜິດ" ຕໍ່ພຣະເຈົ້າໂດຍການໃຫ້ອະໄພແລະເລືອກທີ່ຈະບໍ່ຈື່ມັນ.</li><li>ມັນຍັງຖືກນຳໃຊ້ເລື້ອຍໆໃນແງ່ລົບ, ຄືກັບວ່າພຣະເຈົ້າ "ກຳຈັດ" ຫລື "ເຊັດ" ກຸ່ມຄົນ, ທຳລາຍພວກມັນຍ້ອນບາບຂອງພວກເຂົາ.</li><li>ພຣະຄຳພີກ່າວເຖິງຊື່ຂອງບຸກຄົນທີ່ຖືກ“ ກຳຈັດ” ຫລື“ ລຶບລ້າງ” ໃນປື້ມແຫ່ງຊີວິດຂອງພຣະເຈົ້າ, ຊຶ່ງໝາຍຄວາມວ່າຄົນນັ້ນຈະບໍ່ໄດ້ຮັບຊີວິດນິລັນດອນ.</li></ul><h3 id="section-2">ຄຳແນະນຳໃນການແປ</h3><ul><li>ອີງຕາມສະພາບການ, ຄຳສັບເຫຼົ່ານີ້ສາມາດຖືກແປວ່າ "ກຳ ຈັດ" ຫລື "ກຳຈັດ" ຫລື "ທຳລາຍ" ຫລື "ລຶບອອກໝົດ".</li><li>ໃນເວລາທີ່ກ່າວເຖິງການກະທຳຜິດຊື່ຂອງຜູ້ໃດຜູ້ໜຶ່ງອອກຈາກປື້ມແຫ່ງຊີວິດ, ສິ່ງນີ້ອາດຈະຖືກແປເປັນ, "ຖືກລຶບອອກຈາກປື້ມແຫ່ງຊີວີດ" ຫລື "ຖືກລຶບອອກ."</li></ul>  
boast	<h2 id="section">@ໂອ້ອວດ, @ເວົ້າໂອ້ອວດ</h2><h3 id="section-1">ນິຍາມ</h3><p>ຄຳວ່າ "ໂອ້ອວດ" ໝາຍເຖິງເວົ້າດ້ວຍຄວາມພູມໃຈກ່ຽວກັບບາງສິ່ງບາງຢ່າງຫຼືບາງຄົນ. ເລື້ອຍໆມັນໝາຍຄວາມວ່າຈະໂອ້ອວດຕົວເອງ.</p><ul><li>ບາງຄົນທີ່“ ອວດອົ່ງ” ເວົ້າກ່ຽວກັບຕົວເອງດ້ວຍຄວາມພູມໃຈ.</li><li>ພຣະເຈົ້າສັ່ງຫ້າມຊາວອິດສະລາແອນສຳລັບການ“ ອວດອ້າງໃນຮູບເຄົາລົບຂອງພວກເຂົາ. ພວກເຂົານະມັດສະການພະປອມຕ່າງໆຢ່າງໂຫດຮ້າຍແທນທີ່ຈະເປັນພຣະເຈົ້າທ່ຽງແທ້.</li><li>ພຣະຄຳພີຍັງເວົ້າກ່ຽວກັບຄົນທີ່ອວດອ້າງໃນສິ່ງຕ່າງໆເຊັ່ນວ່າຄວາມຮັ່ງມີ, ຄວາມເຂັ້ມແຂງຂອງພວກເຂົາ, ຂົງເຂດທີ່ມີ ໝາກໄມ້ແລະກົດໝາຍຂອງພວກເຂົາ. ນີ້ໝາຍຄວາມວ່າພວກເຂົາພູມໃຈໃນສິ່ງເຫລົ່ານີ້ແລະບໍ່ຍອມຮັບວ່າພຣະເຈົ້າເປັນຜູ້ໃຫ້ສິ່ງເຫລົ່ານີ້.</li><li>ພຣະເຈົ້າສຳແດງລິດອຳນາດໃຫ້ຊາວອິດສະລາແອນແທນທີ່ຈະ“ ອວດອ້າງ” ຫຼືພູມໃຈໃນຄວາມຈິງທີ່ວ່າພວກເຂົາຮູ້ຈັກລາວ.</li><li>ອັກຄະສາວົກໂປໂລຍັງເວົ້າກ່ຽວກັບການໂອ້ອວດໃນພຣະຜູ້ເປັນເຈົ້າ, ຊຶ່ງໝາຍຄວາມວ່າມີຄວາມຍິນດີແລະຂອບໃຈພຣະເຈົ້າສຳລັບທຸກສິ່ງທີ່ລາວໄດ້ເຮັດເພື່ອພວກເຂົາ.</li></ul><h3 id="section-2">ຄຳແນະນຳໃນການແປ</h3><ul><li>ວິທີການອື່ນທີ່ຈະແປວ່າ "ໂອ້ອວດ" ອາດປະກອບມີ "ໂອ້ອວດ" ຫລື "ເວົ້າດ້ວຍຄວາມພູມໃຈ" ຫລື "ອວດອ້າງ".</li><li>ຄຳວ່າ "ອວດອ້າງ" ສາມາດຖືກແປໂດຍຄຳສັບຫລືປະໂຫຍກທີ່ມີຄວາມໝາຍວ່າ "ເວົ້າດ້ວຍຄວາມພາກພູມໃຈ" ຫລື "ເວົ້າໂອ້ອວດ" ຫລື "ເວົ້າໂອ້ອວດດ້ວຍຕົນເອງ."</li><li>ໃນແງ່ຂອງການອວດອ້າງຫລືຮູ້ຈັກພຣະເຈົ້າ, ສິ່ງນີ້ສາມາດຖືກແປວ່າ "ຄວາມພາກພູມໃຈໃນ" ຫລື "ຄວາມສູງສົ່ງໃນ" ຫລື "ດີໃຈຫລາຍ" ຫລື "ຂອບໃຈພຣະເຈົ້າ."</li><li>ບາງພາສາມີສອງຄຳສຳລັບ "ຄວາມພາກພູມໃຈ": ໜຶ່ງ ແມ່ນຄຳທີ່ບໍ່ດີ, ເຊິ່ງມີຄວາມໝາຍວ່າເປັນຄົນຈອງຫອງ, ແລະອີກຄຳໜຶ່ງທີ່ເປັນບວກ, ເຊິ່ງມີຄວາມໝາຍໃນການຖືເອົາຄວາມພາກພູມໃຈໃນວຽກງານ, ຄອບຄົວຫລືປະເທດໃດ ໜຶ່ງ.</li></ul>  
boaz	<h2 id="section">@ໂບອາດ</h2><h3 id="section-1">ຂໍ້ເທັດຈິງ</h3><p>ໂບອາດແມ່ນຊາວອິດສະລາແອນເຊິ່ງເປັນຜົວຂອງນາງຣູເຊິ່ງເປັນພໍ່ຕູ້ໃຫຍ່ຂອງກະສັດດາວິດແລະເປັນເຊື້ອສາຍຂອງພຣະເຢຊູຄຣິດ.</p><ul><li>ໂບອາດອາໄສຢູ່ໃນຊ່ວງເວລາທີ່ມີຜູ້ພິພາກສາໃນອິດສະຣາເອນ.</li><li>ລາວເປັນຍາດພີ່ນ້ອງຂອງຜູ້ຍິງຊາວອິດສະລາເອນຊື່ນາໂອມີຜູ້ທີ່ໄດ້ກັບມາປະເທດອິດສະລາແອນຫລັງຈາກສາມີແລະລູກຊາຍຂອງນາງຕາຍຢູ່ປະເທດໂມອາບ.</li><li>ນາງໂບອາດໄດ້“ ໄຖ່” ລູກສາວທີ່ເປັນເມຍທີ່ເປັນເມຍຂອງນາໂອມີໂດຍນາງ ຣູ ໂດຍໄດ້ແຕ່ງດອງກັບນາງແລະໃຫ້ອະນາຄົດກັບຜົວແລະລູກ.</li><li>ລາວຖືກວ່າເປັນຮູບພາບຂອງວິທີທີ່ພຣະເຢຊູຊົງຊ່ວຍຊີວິດແລະໄຖ່ພວກເຮົາຈາກບາບ.</li></ul>  
body	<h2 id="section">@ຮ່າງກາຍ</h2><h3 id="section-1">ນິຍາມ</h3><p>ຄຳວ່າ“ ຮ່າງກາຍ” ຕາມຕົວຈິງໝາຍເຖິງຮ່າງກາຍຂອງຄົນຫຼືສັດ. ຄຳນີ້ຍັງໃຊ້ເປັນຕົວເລກເພື່ອໝາຍເຖິງວັດຖຸຫຼືກຸ່ມລວມທັງໝົດທີ່ມີສະມາຊິກແຕ່ລະຄົນ.</p><ul><li>ໂດຍທົ່ວໄປຄຳວ່າຮ່າງກາຍໝາຍເຖິງຄົນຫຼືສັດທີ່ຕາຍແລ້ວ. ບາງຄັ້ງສິ່ງນີ້ຖືກກ່າວເຖິງວ່າເປັນ "ຮ່າງກາຍທີ່ຕາຍແລ້ວ" ຫຼື "ສົບ."</li><li>ເມື່ອພຣະເຢຊູກ່າວກັບສາວົກໃນອາຫານປັດສະຄາຄັ້ງສຸດທ້າຍຂອງພຣະອົງວ່າ“ ເຂົ້າຈີ່ນີ້ແມ່ນຮ່າງກາຍຂອງເຮົາ” ພຣະອົງກ່າວເຖິງຮ່າງກາຍຂອງພຣະອົງເຊິ່ງຈະ“ ຫັກ” (ຖືກຂ້າ) ເພື່ອຈ່າຍຄ່າບາບຂອງພວກເຂົາ.</li><li>ໃນພຣະຄຳພີ, ຄຣິສຕຽນເປັນກຸ່ມຖືກເອີ້ນວ່າ "ຮ່າງກາຍຂອງພຣະຄຣິດ."</li><li>ເຊັ່ນດຽວກັນກັບຮ່າງກາຍທີ່ມີຮ່າງກາຍມີຫລາຍພາກສ່ວນ, "ຮ່າງກາຍຂອງພຣະຄຣິດ" ມີສະມາຊິກສ່ວນຫຼາຍ.</li><li>ຜູ້ທີ່ເຊື່ອແຕ່ລະຄົນມີໜ້າທີ່ພິເສດໃນຮ່າງກາຍຂອງພຣະຄຣິດເພື່ອຊ່ວຍໃຫ້ກຸ່ມທັງໝົດເຮັດວຽກຮ່ວມກັນເພື່ອຮັບໃຊ້ພຣະເຈົ້າແລະນຳສະຫງ່າລາສີໃຫ້ແກ່ພຣະເຈົ້າ.</li><li>ພຣະເຢຊູຍັງຖືກເອີ້ນວ່າເປັນ "ຫົວ" (ຜູ້ນໍາ) ຂອງ "ຮ່າງກາຍ" ຂອງຜູ້ທີ່ເຊື່ອ. ຄືກັບຫົວຂອງຄົນບອກຮ່າງກາຍຂອງລາວວ່າຄວນເຮັດຫຍັງ, ດັ່ງນັ້ນພຣະເຢຊູເປັນຜູ້ທີ່ຊີ້ນຳ ແລະຊີ້ນຳຊາວຄຣິດສະຕຽນໃນຖານະເປັນສະມາຊິກຂອງ“ ຮ່າງກາຍ” ຂອງພຣະອົງ.</li></ul><h3 id="section-2">ຄຳແນະນຳໃນການແປ</h3><ul><li>ວິທີທີ່ດີທີ່ສຸດໃນການແປຄຳສັບນີ້ຈະເປັນກັບຄຳສັບທີ່ຖືກນຳ ໃຊ້ຫຼາຍທີ່ສຸດເພື່ອໝາຍເຖິງຮ່າງກາຍທາງດ້ານຮ່າງກາຍໃນພາສາໂຄງການ. ໃຫ້ແນ່ໃຈວ່າຄຳທີ່ໃຊ້ບໍ່ແມ່ນຄຳສັບທີ່ໜ້າ ລັງກຽດ.</li><li>ໃນເວລາທີ່ອ້າງອີງເຖິງຜູ້ທີ່ເຊື່ອລວມ, ສຳລັບບາງພາສາມັນອາດຈະເປັນທຳມະຊາດແລະຖືກຕ້ອງກວ່າທີ່ຈະເວົ້າວ່າ, "ຮ່າງກາຍທາງວິນຍານຂອງພຣະຄຣິດ."</li><li>ໃນເວລາທີ່ພຣະເຢຊູກ່າວວ່າ, "ນີ້ແມ່ນຮ່າງກາຍຂອງເຮົາ" ມັນເປັນສິ່ງທີ່ດີທີ່ສຸດທີ່ຈະແປພາສານີ້ດ້ວຍຕົວໜັງສືພ້ອມດ້ວຍບັນທຶກເພື່ອອະທິບາຍໃນເວລາຈຳ ເປັນ.</li><li>ບາງພາສາອາດຈະມີຄຳສັບແຍກຕ່າງຫາກເມື່ອກ່າວເຖິງຮ່າງກາຍທີ່ຕາຍແລ້ວ, ເຊັ່ນວ່າ "ຊາກສົບ" ສຳລັບຄົນຫລື "ຊາກສັດ" ສຳລັບສັດ. ຕ້ອງໃຫ້ແນ່ໃຈວ່າຄຳສັບທີ່ໃຊ້ໃນການແປນີ້ມີຄວາມໝາຍໃນສະພາບການແລະເປັນທີ່ຍອມຮັບໄດ້.</li></ul>  
bold	<h2 id="section">@ກ້າຫານ, @ຢ່າງກ້າຫານ, @ຄວາມກ້າຫານ</h2><h3 id="section-1">ນິຍາມ</h3><p>ຂໍ້ກຳນົດເຫຼົ່ານີ້ທັງໝົດແມ່ນເວົ້າເຖິງຄວາມກ້າຫານແລະຄວາມ ໝັ້ນໃຈໃນການເວົ້າຄວາມຈິງແລະເຮັດສິ່ງທີ່ຖືກຕ້ອງເຖິງແມ່ນ ວ່າມັນຈະຫຍຸ້ງຍາກຫລືເປັນອັນຕະລາຍກໍ່ຕາມ.</p><ul><li>ບຸກຄົນທີ່“ ກ້າຫານ” ບໍ່ຢ້ານທີ່ຈະເວົ້າແລະເຮັດສິ່ງທີ່ດີແລະຖືກ ຕ້ອງ, ລວມທັງການປ້ອງກັນຄົນທີ່ຖືກຂົ່ມເຫັງ. ສິ່ງນີ້ອາດຈະຖືກແປວ່າ "ກ້າຫານ" ຫລື "ບໍ່ມີຄວາມຢ້ານກົວ."</li><li>ໃນພຣະຄຳພີໃໝ່, ພວກສາວົກໄດ້ສືບຕໍ່“ ກ້າຫານ” ປະກາດກ່ຽວກັບພຣະຄຣິດໃນສະຖານທີ່ສາທາລະນະ, ເຖິງວ່າຈະມີອັນຕະລາຍທີ່ຈະຖືກຄຸກຫລືຖືກຂ້າ. ສິ່ງນີ້ອາດຈະຖືກແປວ່າ "ດ້ວຍຄວາມໝັ້ນໃຈ" ຫລື "ດ້ວຍຄວາມກ້າຫານທີ່ເຂັ້ມແຂງ" ຫລື "ຢ່າງກ້າຫານ."</li><li>“ ຄວາມກ້າຫານ” ຂອງສາວົກເລີມຕົ້ນໆເຫລົ່ານີ້ໃນການເວົ້າຂ່າວດີກ່ຽວກັບການຕາຍຂອງພຣະຄຣິດເທິງໄມ້ກາງແຂນສົ່ງຜົນໃຫ້ຂ່າວປະເສີດແຜ່ຂະຫຍາຍໄປທົ່ວປະເທດອິດສະລາ ແອນ ແລະບັນດາປະເທດໃກ້ຄຽງແລະສຸດທ້າຍ, ຈົນເຖິງທົ່ວໂລກ. "ກ້າຫານ" ຍັງສາມາດຖືກແປເປັນ "ຄວາມກ້າຫານທີ່ຫມັ້ນໃຈ."</li></ul>  
bond	<h2 id="section">@ຜູກມັດ, @ຜູກພັນ, @ຜູກ</h2><h3 id="section-1">ນິຍາມ</h3><p>ຄຳວ່າ“ ຜູກມັດ” ໝາຍຄວາມວ່າຈະມັດສິ່ງໃດໜຶ່ງຫຼືຖີ້ມມັນໄວ້ຢ່າງໝັ້ນຄົງ. ບາງສິ່ງບາງຢ່າງທີ່ຖືກຜູກມັດຫລືເຂົ້າກັນຖືກເອີ້ນວ່າ“ ຄວາມຜູກພັນ”. ຄຳ ວ່າ“ ຜູກມັດ” ແມ່ນຄວາມເຄັ່ງຕຶງທີ່ຜ່ານມາຂອງຄຳນີ້.</p><ul><li>ການຖືກ“ ຜູກມັດ” ໝາຍຄວາມວ່າມີສິ່ງໃດສິ່ງໜຶ່ງທີ່ມັດຫລືມັດໄວ້ໃນສິ່ງອື່ນ.</li><li>ໃນແງ່ມຸມມອງ, ບຸກຄົນສາມາດ "ຜູກມັດ" ກັບຄໍາປະຕິຍານ, ຊຶ່ງຫມາຍຄວາມວ່າລາວຕ້ອງການ "ປະຕິບັດ" ສິ່ງທີ່ລາວສັນຍາໄວ້.</li><li>ຄຳວ່າ“ ຜູກພັນພັນ” ໝາຍເຖິງສິ່ງໃດທີ່ຜູກມັດ, ກັກຂັງ, ຫລືໃສ່ໂທດຜູ້ໃດຜູ້ໜຶ່ງ. ປົກກະຕິແລ້ວມັນໝາຍເຖິງຕ່ອງໂສ້ກາຍະພາບ,ຫລືເຊືອກທີ່ເຮັດໃຫ້ຄົນບໍ່ເປັນອິດສະຫຼະໃນການເຄື່ອນຍ້າຍ.</li><li>ໃນສະໄໝທີ່ຂຽນພຣຄຳພີ, ສາຍເຊືອກເຊັ່ນ: ສາຍເຊືອກຫລືໂສ້ຖືກໃຊ້ເພື່ອຕິດກັບນັກໂທດໃສ່ຝາຫລືພື້ນຂອງຄຸກກ້ອນຫີນ.</li><li>ຄຳວ່າ“ ຜູກມັດ” ຍັງສາມາດໃຊ້ເວົ້າກ່ຽວກັບການຫໍ່ຜ້າອ້ອມໆບາດເພື່ອຊ່ວຍຮັກສາໃຫ້ຫາຍດີ</li><li>ຄົນທີ່ຕາຍແລ້ວຈະຖືກມັດໄວ້ດ້ວຍຜ້າເພື່ອຕຽມການຝັງ.</li><li>ຄຳວ່າ“ ຄວາມຜູກພັນ” ຖືກໃຊ້ເປັນຕົວເລກເພື່ອກ່າວເຖິງບາງສິ່ງບາງຢ່າງ, ເຊັ່ນວ່າບາບ, ເຊິ່ງຄວບຄຸມຫລືເປັນທາດຂອງໃຜຜູ້ ໜຶ່ງ.</li><li>ຄວາມຜູກພັນຍັງສາມາດເປັນຄວາມສຳພັນທີ່ໃກ້ຊິດລະ ຫວ່າງ ຄົນທີ່ພວກເຂົາສະໜັບສະໜູນ ເຊິ່ງກັນແລະກັນທາງດ້ານອາລົມ, ຈິດໃຈແລະຮ່າງກາຍ. ນີ້ໃຊ້ໄດ້ກັບຄວາມຜູກພັນຂອງການແຕ່ງງານ.</li><li>ຍົກຕົວຢ່າງ, ສາມີແລະພັນລະຍາຖືກ“ ຜູກມັດ” ຫລືຜູກມັດເຊິ່ງກັນແລະກັນ. ມັນແມ່ນຄວາມຜູກພັນທີ່ພຣະເຈົ້າບໍ່ຕ້ອງການໃຫ້ແຕກແຍກ.</li></ul><h3 id="section-2">ຄຳແນະນຳໃນການແປ</h3><ul><li>ຄຳວ່າ“ ຜູກມັດ” ຍັງສາມາດແປເປັນ“ ເຊືອກ” ຫລື“ ຜູກມັດ” ຫລື“ ຫໍ່</li></ul>  
book of life	<h2 id="section">@ປື້ມບັນທຶກທະບຽນແຫ່ງມີຊີວິດ</h2><h3 id="section-1">ນິຍາມ</h3><p>ຄຳວ່າ“ ປື້ມແຫ່ງຊີວິດ” ໃຊ້ເພື່ອກ່າວເຖິງບ່ອນທີ່ພຣະເຈົ້າໄດ້ຂຽນຊື່ຂອງຄົນທັງໝົດທີ່ພຣະອົງໄດ້ໄຖ່ແລະໃຫ້ຊີວິດນິລັນດອນແກ່ເຂົາ.</p><ul><li>ການເປີດເຜີຍກ່າວເຖິງປື້ມຫົວນີ້ວ່າ "ປື້ມຊີວິດຂອງລູກແກະ." ນີ້ສາມາດຖືກແປວ່າ "ປື້ມບັນທຶກຂອງຊີວິດທີ່ເປັນຂອງພຣະເຢຊູ, ລູກແກະຂອງພຣະເຈົ້າ." ການເສຍສະລະຂອງພຣະເຢຊູຢູ່ເທິງໄມ້ກາງແຂນໄດ້ຈ່າຍຄ່າປັບໃໝສຳລັບບາບຂອງຜູ້ຄົນເພື່ອພວກເຂົາຈະມີຊີວິດນິລັນດອນໂດຍມີສັດທາໃນພຣະ ອົງ.</li><li>ຄຳວ່າ "ປື້ມ" ຍັງສາມາດໝາຍຄວາມວ່າ "ເລື່ອນ" ຫລື "ຈົດ ໝາຍ" ຫລື "ຂຽນ" ຫລື "ເອກະສານນິຕິກຳ." ມັນອາດຈະເປັນຕົວ ໜັງສືຫລືຕົວເລກ.</li></ul>  
born again	<h2 id="section">@ເກີດໃໝ່, @ເກີດຈາກພຣະເຈົ້າ,ບັງເກີດໃໝ່</h2><h3 id="section-1">ນິຍາມ</h3><p>ຄຳວ່າ“ ເກີດໃໝ່” ຄັ້ງທຳອິດໂດຍພຣະເຢຊູໃຊ້ເພື່ອພັນລະນາເຖິງຄວາມໝາຍຂອງພຣະເຈົ້າທີ່ຈະປ່ຽນບຸກຄົນຈາກການຕາຍໃຫ້ກາຍເປັນຊີວິດທາງວິນຍານ. ຄຳສັບທີ່ວ່າ "ເກີດຈາກພຣະເຈົ້າ" ແລະ "ເກີດຈາກພຣະວິນຍານ" ກໍ່ໝາຍເຖິງບຸກຄົນທີ່ໄດ້ຮັບຊີວິດທາງວິນຍານໃໝ່.</p><ul><li>ມະນຸດທຸກຄົນເກີດມາທາງວິນຍານທີ່ຕາຍແລ້ວແລະໄດ້ຮັບ“ ການເກີດໃໝ່” ເມື່ອພວກເຂົາຍອມຮັບເອົາພຣະເຢຊູຄຣິດເປັນພຣະຜູ້ຊ່ວຍໃຫ້ລອດຂອງພວກເຂົາ.</li><li>ໃນຊ່ວງເວລາແຫ່ງການເກີດໃໝ່ທາງວິນຍານ, ພຣະວິນຍານບໍລິສຸດຂອງພຣະເຈົ້າເລີ່ມຕົ້ນອາໄສຢູ່ໃນຜູ້ທີ່ເຊື່ອໃໝ່ ແລະສ້າງຄວາມເຂັ້ມແຂງໃຫ້ລາວເພື່ອໃຫ້ເກີດໝາກໄມ້ທາງວິນຍານທີ່ດີໃນຊີວິດຂອງລາວ.</li><li>ມັນແມ່ນວຽກຂອງພຣະເຈົ້າທີ່ເຮັດໃຫ້ຄົນເຮົາເກີດໃໝ່ ແລະກາຍມາເປັນລູກຂອງພຣະອົງ.</li></ul><h3 id="section-2">ຄຳແນະນຳໃນການແແປ</h3><ul><li>ອີກວິທີໜຶ່ງທີ່ຈະແປວ່າ "ເກີດໃໝ່" ອາດປະກອບມີ, "ເກີດມາ ໃໝ່" ຫລື "ເກີດມາທາງວິນຍານ."</li><li>ມັນເປັນສິ່ງທີ່ດີທີ່ສຸດທີ່ຈະແປ ຄຳສັບນີ້ໃຫ້ເປັນຕົວຈິງແລະໃຊ້ ຄຳທຳມະດາໃນພາສາທີ່ຈະໃຊ້ສຳລັບເກີດ.</li><li>ຄຳວ່າ "ການເກີດໃໝ່" ອາດຈະຖືກແປວ່າ "ການເກີດໃໝ່ທາງວິນຍານ."</li><li>ປະໂຫຍກທີ່ວ່າ "ເກີດຈາກພຣະເຈົ້າ" ສາມາດຖືກແປເປັນ, "ທີ່ເກີດຈາກພຣະເຈົ້າທີ່ຈະມີຊີວິດໃຫມ່ຄືກັບເດັກເກີດໃຫມ່" ຫລື "ໃຫ້ຊີວິດໃຫມ່ໂດຍພຣະເຈົ້າ."</li><li>ໃນທາງດຽວກັນ, "ເກີດຈາກພຣະວິນຍານ" ສາມາດຖືກແປເປັນ, "ໃຫ້ຊີວິດໃໝ່ໂດຍພຣະວິນຍານບໍລິສຸດ" ຫລື "ອໍານາດໂດຍພຣະວິນຍານບໍລິສຸດກາຍເປັນລູກຂອງພຣະເຈົ້າ" ຫລື "ທີ່ເກີດຈາກພຣະວິນຍານມີຊີວິດ ໃໝ່ຄືກັບເດັກເກີດໃໝ່ເດັກນ້ອຍ. "</li></ul>  
bow	<h2 id="section">@ການກົ້ມຫົວ,ການກົ້ມກາບ</h2><h3 id="section-1">ນິຍາມ</h3><p>ການກົ້ມຫົວ ໝາຍເຖິງການກົ້ມຫົວລົງເພື່ອສະແດງຄວາມນັບຖືແລະກຽດຕິຍົດຕໍ່ຜູ້ໃດຜູ້ໜຶ່ງ. “ ກົ້ມຂາບ” ໝາຍເຖິງການກົ້ມຂາບຫືລຄຸເຂົ່າລົງຕໍ່າຫລາຍ, ມັກຈະມີໜ້າ ແລະມືລົງສູ່ພື້ນດິນ</p><ul><li>.ຄຳເວົ້າອື່ນໆລວມມີ "ກົ້ມຄຸເຂົ່າ"(ໝາຍເຖິງຄຸເຂົ່າ) ແລະ "ກົ້ມຫົວ" (ໝາຍຄວາມວ່າຈະກົ້ມຫົວໄປທາງໜ້າດ້ວຍຄວາມເຄົາລົບທີ່ຖ່ອມຕົວຫລືດ້ວຍຄວາມໂສກເສົ້າ).</li><li>ການກົ້ມຫົວລົງກໍ່ອາດຈະເປັນສັນຍານຂອງຄວາມທຸກຫລືຄວາມທຸກໂສກ. ຄົນທີ່“ ກົ້ມຂາບ” ໄດ້ຖືກນຳມາສູ່ສະພາບທີ່ຕໍ່າຕ້ອຍ.</li><li>ປົກກະຕິແລ້ວຄົນເຮົາຈະກົ້ມຂາບຕໍ່ໜ້າຜູ້ທີ່ມີຖານະສູງກວ່າຫລືມີຄວາມສຳຄັນໃຫຍ່ກວ່າເຊັ່ນກະສັດແລະຜູ້ປົກຄອງອື່ນໆ.</li><li>ການຄຸເຂົ່າລົງຕໍ່ໜ້າພຣະເຈົ້າເປັນການສະແດງຄວາມເຄົາ ລົບຕໍ່ພຣະອົງ.</li><li>ໃນພຣະຄຳພີ ຜູ້ຄົນໄດ້ກົ້ມຫົວລົງທີ່ ພຣະເຢຊູ ເມື່ອພວກເຂົາຮູ້ເຫັນການອັດສະຈັນ ແລະ ການສອນທີ່ວ່າເພີ່ນມາຈາກ  ພຣະເຈົ້າ.</li><li>ພຣະຄຳພີ ກ່າວວ່າໃນມື້ໜຶ່ງທີ່ພຣະເຢຊູກັບມາທຸກຄົນຈະຄຸເຂົ່າລົງນະມັດສະການພຣະອົງ.</li></ul><h3 id="section-2">ຄຳແນະນຳໃນການແປ</h3><ul><li>ອີງຕາມສະພາບການ, ຄຳສັບນີ້ສາມາດຖືກແປດ້ວຍຄຳ ຫລືປະໂຫຍກທີ່ມີຄວາມໝາຍວ່າ "ໂຄ້ງໄປຂ້າງໜ້າ" ຫລື "ງໍຫົວ" ຫລື "ຄຸເຂົ່າ."</li><li>ຄຳວ່າ "ກົ້ມຂາບ" ອາດຈະແປວ່າ "ຄຸເຂົ່າລົງ" ຫລື "ກົ້ມຫົວລົງ."</li><li>ບາງພາສາຈະມີຫລາຍກວ່າໜຶ່ງວິທີໃນການແປ ຄຳສັບນີ້, ຂື້ນກັບສະພາບການ.</li></ul>  
bow	<h2 id="section">@ໜ້າທະນູ @ແລະ @ລູກສອນ</h2><h3 id="section-1">ນິຍາມ</h3><p>ນີ້ແມ່ນອາວຸດປະເພດໜຶ່ງ ເຊິ່ງປະກອບດ້ວຍລູກສອນຍິງຈາກລູກກະແຈ. ໃນສະໄໝທີ່ຂຽນພຣະຄຳພີ ມັນໃຊ້ສຳລັບການຕໍ່ສູ້ກັບສັດຕູແລະການຂ້າສັດເພື່ອເປັນອາຫານ</p><ul><li>ໜ້າທະນູແມ່ນເຮັດດ້ວຍໄມ້, ກະດູກ, ໂລຫະ, ຫລືວັດຖຸແຂງອື່ນໆ, ເຊັ່ນ: ເຄື່ອງປ້ອງກັນຂອງກວາງ. ມັນມີຮູບຊົງໂຄ້ງແລະຖືກຍຶດແໜ້ນດ້ວຍເຊືອກ, ສາຍ, ຫລືເຄືອ.</li><li>ລູກສອນແມ່ນຮູບຊົງບາງໆທີ່ມີຫົວແຫຼມແລະແຫຼມຢູ່ສົ້ນ ໜຶ່ງ. ໃນສະໄໝບູຮານ, ລູກສອນສາມາດເຮັດດ້ວຍວັດຖຸຕ່າງໆເຊັ່ນ: ໄມ້, ກະດູກ, ຫີນ, ຫລືໂລຫະ.</li><li>ໜ້າທະນູ ແລະ ລູກສອນຖືກໃຊ້ທົ່ວໄປໂດຍນາຍພານ ແລະ ນັກ ຮົບ.</li><li>ຄຳວ່າ“ ລູກສອນ” ບາງຄັ້ງຍັງຖືກໃຊ້ໃນຕົວເລກໃນພຣະຄຳພີເພື່ອກ່າວເຖິງການໂຈມຕີຂອງສັດຕູຫລືການພິພາກສາຈາກສະຫວັນ.</li></ul>  
bread	<h2 id="section">@ເຂົ້າ​ຈີ່</h2><h3 id="section-1">ນິຍາມ</h3><p>ເຂົ້າຈີ່ແມ່ນອາຫານທີ່ເຮັດຈາກແປ້ງປະສົມກັບນ້ຳ ແລະນ້ຳ ມັນເພື່ອປະກອບເປັນແປ້ງ. ຫຼັງຈາກນັ້ນນຳແປ້ງມາປັ່ນຄັກເປັນຮູບເຂົ້າໜົມປັງແລະອົບ.</p><ul><li>ເມື່ອຄຳວ່າ "ກ້ອນ" ເກີດຂື້ນດ້ວຍຕົວມັນເອງ, ມັນກໍ່ ໝາຍ ຄວາມວ່າ, "ກ້ອນເຂົ້າຈີ່."</li><li>ຂະໜົມປັງແມ່ນເຮັດດ້ວຍເຂົ້າແລະແປ້ງເພາະສິ່ງທີ່ເຮັດໃຫ້ມັນເພີ່ມຂື້ນເຊັ່ນ: ເຊື້ອແປ້ງ.</li><li>ເຂົ້າຈີ່ຍັງສາມາດເຮັດໄດ້ໂດຍບໍ່ມີເຊື້ອແປ້ງເພື່ອບໍ່ໃຫ້ມັນຂື້ນ. ໃນພຣະຄຳພີນີ້ເອີ້ນວ່າ“ ເຂົ້າຈີ່ບໍ່ມີເຊື້ອ” ແລະຖືກໃຊ້ ສຳ ລັບອາຫານປັດສະຄາຂອງຊາວຢິວ.</li><li>ເນື່ອງຈາກເຂົ້າຈີ່ເປັນອາຫານຫຼັກ ສຳລັບຫລາຍຄົນໃນສະໄໝພຣະຄຳພີ, ຄຳນີ້ຍັງຖືກນຳໃຊ້ໃນພຣະຄຳພີເພື່ອອ້າງເຖິງອາຫານທົ່ວໄປ. (ເບິ່ງເພີມເຕີມ: <a href="https://read.bibleineverylanguage.org/WA-Catalog/lo_tm?section=translate#figs-synecdoche" target="_blank" data-is-rc-link="" data-repo="lo_tm" data-user="WA-Catalog" data-page="translate" data-topic="figs-synecdoche" data-type="tm">figs-synecdoche</a>)</li><li>ຄຳວ່າ“ ເຂົ້າຈີ່ແຫ່ງການປະທັບຢູ່” ໝາຍເຖິງເຂົ້າຈີ່ສິບສອງກ້ອນທີ່ຖືກຈັດໃສ່ເທິງໂຕະທອງໃນຫໍເຕັນຫລື  ອາຄານວັດເປັນເຄື່ອງບູຊາແດ່ພຣະເຈົ້າ. ເຂົ້າຈີ່ເຫລົ່ານີ້ເປັນຕົວແທນໃຫ້ແກ່ສິບສອງເຜົ່າຂອງອິດສະຣາເອນແລະມີພຽງແຕ່ພວກປະໂລຫິດກິນ. ນີ້ສາມາດຖືກແປເປັນ "ເຂົ້າຈີ່ສະແດງໃຫ້ເຫັນວ່າພຣະເຈົ້າໄດ້ອາໄສຢູ່ນຳພວກເຂົາ."</li><li>ຄຳປຽບທຽບ, ຄຳວ່າ“ ເຂົ້າຈີ່ຈາກສະຫວັນ” ໄດ້ກ່າວເຖິງອາຫານສີຂາວພິເສດທີ່ເອີ້ນວ່າ“ ມານາ” ທີ່ພຣະເຈົ້າໄດ້ຈັດຫາໃຫ້ຊາວອິດສະລາເອນໃນເວລາທີ່ພວກເຂົາຍ່າງໄປຕາມທະເລຊາຍ.</li><li>ພຣະເຢຊູຍັງເອີ້ນຕົວເອງວ່າ“ ເຂົ້າຈີ່ທີ່ລົງມາຈາກສະຫວັນ”  ແລະ“ ເຂົ້າຈີ່ແຫ່ງຊີວິດ.”</li><li>ເມື່ອພຣະເຢຊູແລະສາວົກໄດ້ກິນອາຫານປັດສະຄາຮ່ວມກັນກ່ອນທີ່ພຣະອົງຈະສິ້ນຊີວິດພະອົງປຽບທຽບເຂົ້າຈີ່ປັດສະຄາບໍ່ມີເຊື້ອແປ້ງກັບພຣະອົງເຊິ່ງຈະໄດ້ຮັບບາດເຈັບແລະຖືກຂ້າເທິງໄມ້ກາງແຂນ.</li><li>ຫລາຍຄັ້ງ ຄຳວ່າ“ ເຂົ້າຈີ່” ສາມາດແປໄດ້ທົ່ວໄປຫຼາຍກວ່າເກົ່າວ່າ“ ອາຫານ”.</li></ul>  
breastplate	<h2 id="section">@ຜ້າປົກໜ້າເອິກ, @ເຄື່ອງປ້ອງກັນໜ້າເອິກ</h2><h3 id="section-1">ນິຍາມ</h3><p>ຄຳວ່າ“ ຜ້າປົກໜ້າເອິກ” ໝາຍເຖິງຊິ້ນສ່ວນປະຈຳຕະກູນທີ່ປົກຄຸມດ້ານໜ້າຂອງໜ້າເອິກເພື່ອປົກປ້ອງທະຫານໃນລະຫວ່າງການສູ້ຮົບ. ຄຳວ່າ“ ເຄື່ອງປ້ອງກັນໜ້າເອິກ” ໝາຍເຖິງສິ້ນເຄື່ອງນຸ່ງພິເສດທີ່ປະໂລຫິດໃຫຍ່ຂອງອິດສະລາແອນໃສ່ໃນສ່ວນຂອງໜ້າເອິກ.</p><ul><li>“ ຜ້າປົກໜ້າເອິກ” ທີ່ໃຊ້ໂດຍທະຫານສາມາດເຮັດດ້ວຍໄມ້, ໂລຫະ, ຫລື ໜັງສັດ. ມັນຖືກສ້າງຂຶ້ນເພື່ອປ້ອງກັນລູກສອນ, ຫອກຫລື ດາບຈາກການແທງໜ້າເອິກຂອງທະຫານ.</li><li>“ ອຸປະກອນເສີມ” ທີ່ໃສ່ໂດຍປະໂລຫິດໃຫຍ່ຂອງອິດສະລາແອນແມ່ນເຮັດດ້ວຍຜ້າແລະມີແກ້ວປະເສີດທີ່ຕິດຢູ່ກັບມັນ. ປະໂລຫິດໄດ້ສວມໃສ່ສິ່ງນີ້ເມື່ອລາວປະຕິບັດໜ້າທີ່ໃນການຮັບໃຊ້ພຣະເຈົ້າໃນວິຫານ.</li><li>ອີກວິທີໜຶ່ງທີ່ຈະແປ ຄຳວ່າ "ຜ້າປົກໜ້າເອິກ" ສາມາດປະ ກອບມີ, "ການປົກປ້ອງໜ້າເອິກປ້ອງກັນໂລຫະ" ຫຼື "ຊຸດປະຈຳ ຕະກູນປ້ອງກັນເອິກ."</li><li>ຄຳວ່າ“ ເຄື່ອງປ້ອງກັນໜ້າເອິກ” ສາມາດແປໄດ້ດ້ວຍຄຳທີ່ມີຄວາມໝາຍວ່າ,“ ເຄື່ອງນຸ່ງປະໂລຫິດປົກໜ້າເອິກ” ຫລື“ ເຄື່ອງຕັດຫຍິບປະໂລຫິດ” ຫລື“ ເຄື່ອງນຸ່ງຂອງປະໂລຫິດ”.</li></ul>  
breath	<h2 id="section">@ຫາຍໃຈ, @ລົມຫາຍໃຈ</h2><h3 id="section-1">ນິຍາມ</h3><p>ໃນພຣະຄຳພີ, ຄຳວ່າ "ລົມຫາຍໃຈ" ແລະ "ຫາຍໃຈ" ມັກຖືກນຳ ໃຊ້ເປັນຕົວຢ່າງເພື່ອປຽບທຽບກັບການໃຫ້ຊີວິດຫລືການມີຊີວິດ.</p><ul><li>ພຣະຄຳພີສອນວ່າພຣະເຈົ້າໄດ້ເປົ່າລົມ“ ຫາຍໃຈເຂົ້າ” ໃຫ້ແກອາດາມ. ຫລັງຈາກຈຸດນັ້ນອາດາມກາຍເປັນຈິດວິນຍານທີ່ມີຊີວິດຢູ່.</li><li>ໃນເວລາທີ່ພຣະເຢຊູປະທານລົມໃສ່ພວກສາວົກແລະບອກພວກເຂົາໃຫ້ "ຮັບເອົາພຣະວິນຍານ," ລາວອາດຈະຫາຍໃຈອອກອາກາດຢ່າງຈິງຈັງເພື່ອສະແດງໃຫ້ເຫັນພຣະວິນຍານບໍລິສຸດສະເດັດມາຫາພວກເຂົາ.</li><li>ຄຳເວົ້າທີ່ມີການປຽບທຽບກັບ "ລົມຫາຍໃຈຂອງພຣະເຈົ້າ" ຫລື "ລົມຫາຍໃຈຂອງພຣະເຢໂຫວາ" ມັກຈະໝາຍເຖິງຄວາມຄຽດແຄ້ນຂອງພຣະເຈົ້າທີ່ຖືກຖອກເທລົງໃສ່ປະເທດທີ່ກະບົດ. ມັນສື່ສານອຳນາດຂອງລາວ.</li></ul><h3 id="section-2">ຄຳແນະນຳໃນການແປ</h3><ul><li>ຄຳເວົ້າທີ່ວ່າ "ລົມຫາຍໃຈສຸດທ້າຍຂອງລາວ" ແມ່ນວິທີການປຽບທຽບຄຳເວົ້າທີ່ວ່າ "ລາວຕາຍ." ມັນຍັງສາມາດແປ ເປັນ "ລາວໄດ້ລົມຫາຍໃຈສຸດທ້າຍ" ຫລື "ລາວຢຸດຫາຍໃຈແລະຕາຍ" ຫລື "ລາວຫາຍໃຈຢູ່ໃນອາກາດຄັ້ງສຸດທ້າຍ."</li><li>ການພັນລະນາພຣະຄຳພີເປັນ "ລົມຫາຍໃຈຈາກພຣະເຈົ້າ" ໝາຍຄວາມວ່າພຣະເຈົ້າໄດ້ກ່າວ ຫລື ດົນໃຈຖ້ອຍຄຳຂອງພຣະຄຳພີ ເຊິ່ງຜູ້ຂຽນແມ່ນມະນຸດຂຽນ. ມັນອາດຈະເປັນການດີທີ່ສຸດ, ຖ້າເປັນໄປໄດ້, ໃຫ້ແປ "ຈາກທີ່ພຣະເຈົ້າປະທານໃຫ້ທີໄດ້ຈາກພຣະເຈົ້າ" ບາງຄັ້ງເພາະມັນຍາກທີ່ຈະສື່ສານຄວາມໝາຍທີ່ແນ່ນອນຂອງສິ່ງນີ້.</li><li>ຖ້າການແປພາສາ "ລົມຫາຍໃຈຈາກພຣະເຈົ້າ" ເປັນທີ່ຍອມຮັບບໍ່ໄດ້, ວິທີອື່ນໃນການແປພາສານີ້ອາດປະກອບມີ, "ໄດ້ຮັບການດົນໃຈຈາກພຣະເຈົ້າ" ຫລື "ຂຽນໂດຍພຣະເຈົ້າ" ຫລື "ເວົ້າໂດຍພຣະເຈົ້າ." ຍັງສາມາດເວົ້າໄດ້ວ່າ "ຖ້ອຍຄຳທີ່ອອກມາຈ່າກພຣະ ເຈົ້າ ແມ່ນລົມຫາຍໃຈ"ຈາກພຣະຄຳພີ.</li><li>ຄຳເວົ້າທີ່ວ່າ "ເອົາລົມຫາຍໃຈເຂົ້າ" ຫລື "ຫັນໃຈຊີວິດເຂົ້າໄປໃນ" ຫລື "ໃຫ້ລົມຫາຍໃຈ" ສາມາດແປເປັນ "ສາເຫດໃຫ້ຫາຍໃຈ"  ຫລື"ເຮັດໃຫ້ມີຊີວິດອີກຄັ້ງ" ຫລື "ເຮັດໃຫ້ພວກເຂົາມີຊີວິດແລະຫາຍໃຈ" ຫລື "ໃຫ້ຊີວິດ. "</li><li>ຖ້າເປັນໄປໄດ້, ມັນດີທີ່ສຸດທີ່ຈະແປ "ລົມຫາຍໃຈຂອງ  ພຣະເຈົ້າ" ດ້ວຍຄໍາທີ່ຮູ້ໜັງສືທີ່ຖືກໃຊ້ສໍາລັບ "ລົມຫາຍໃຈ" ໃນພາສາ. ຖ້າຂາດພຣະເຈົ້າບໍ່ສາມາດເວົ້າໄດ້ວ່າມີລົມຫາຍໃຈ, ນີ້ອາດຈະຖືກແປວ່າ "ພະລັງຂອງພຣະເຈົ້າ" ຫລື "ຄຳເວົ້າຂອງພຣະເຈົ້າ."</li><li>ຄຳເວົ້າທີ່ວ່າ "ຈັບລົມຫາຍໃຈຂອງຂ້ອຍ" ຫລື "ຂ້ອຍຫັນໃຈໃຫ້ຂ້ອຍ" ສາມາດແປວ່າ "ຜ່ອນຄາຍເພື່ອຫາຍໃຈຊ້າຫຼາຍ" ຫລື "ຢຸດແລ່ນເພື່ອຫາຍໃຈປົກກະຕິ."</li><li>ຄຳເວົ້າທີ່ວ່າ "ເປັນພຽງລົມຫາຍໃຈ" ໝາຍຄວາມວ່າ "ໃຊ້ເວລາສັ້ນໆ."</li><li>ຄ້າຍຄືກັນຄຳເວົ້າທີ່ວ່າ "ມະນຸດແມ່ນລົມຫາຍໃຈດຽວ" ໝາຍ ຄວາມວ່າ "ຄົນເຮົາມີຊີວິດຢູ່ສັ້ນໆ" ຫລື "ຊີວິດຂອງມະນຸດແມ່ນສັ້ນຫລາຍ, ຄືລົມຫາຍໃຈດຽວ" ຫລື "ທຽບກັບພຣະເຈົ້າ, ຊີວິດຂອງຄົນເຮົາເບິ່ງຄືວ່າສັ້ນ ເວລາທີ່ມັນຕ້ອງໃຊ້ເວລາໃນການຫາຍໃຈໃນລົມຫາຍໃຈຢ່າງດຽວ. "</li></ul>  
bribe	<h2 id="section">@ສິນບົນ @ເງີນປິກປາກ</h2><h3 id="section-1">ນິຍາມ</h3><p>ການ“ ສິນບົນ” ໝາຍເຖິງການໃຫ້ບາງສິ່ງບາງຢ່າງທີ່ມີຄ່າເຊັ່ນເງິນ, ມີອິດທິພົນຕໍ່ບຸກຄົນນັ້ນທີ່ຈະເຮັດໃນສິ່ງທີ່ບໍ່ສັດຊື່.</p><ul><li>ພວກທະຫານທີ່ເຝົ້າອຸມົງທີ່ຫວ່າງຂອງພຣະເຢຊູໄດ້ຮັບເງິນໃຫ້ຕົວະກ່ຽວກັບເຫດການທີ່ເກີດຂື້ນ.</li><li>ບາງຄັ້ງເຈົ້າໜ້າທີ່ລັດຖະບານຈະໄດ້ຮັບສິນບົນເພື່ອເບິ່ງຂ້າມຄວາມຍຸດຕີທຳ ຫລື ລົງຄະແນນສຽງໂດຍວິທີໃດໜຶ່ງ.</li><li>ພຣະຄຳພີ ຫ້າມບໍ່ໃຫ້ເອົາເງິນທີ່ບໍ່ຍຸດຕີທຳ ຫລື ຮັບສິນບົນ.</li><li>ຄຳວ່າ "ສິນບົນ" ສາມາດຖືກແປວ່າ "ການຈ່າຍທີ່ບໍ່ຊື່ສັດ" ຫລື "ການຈ່າຍເງິນເພື່ອຕົວະ" ຫລື "ລາຄາ ສຳລັບການລະເມີດກົດລະບຽບ."</li><li>ການໃຫ້ສິນບົນສາມາດຖືກແປດ້ວຍ ຄຳສັບຫລືປະໂຫຍກທີ່ມີຄວາມໝາຍວ່າ, "ຈ່າຍຄ່າອິດທິພົນ (ຜູ້ໃດຜູ້ໜຶ່ງ)" ຫລື "ຈ່າຍເພື່ອໃຫ້ໄດ້ຮັບຄວາມໂປດປານທີ່ບໍ່ຊື່ສັດ" ຫລື "ຈ່າຍຄ່າຕອບແທນ."</li></ul>  
bridegroom	<h2 id="section">@ເຈົ້າບ່າວ</h2><h3 id="section-1">ນິຍາມ</h3><p>ໃນພິທີແຕ່ງງານ, ເຈົ້າບ່າວແມ່ນຜູ້ຊາຍທີ່ຈະແຕ່ງງານກັບເຈົ້າສາວ.</p><ul><li>ໃນວັດທະນະທຳຢິວໃນພຣະຄຳພີ, ພີທີດັ່ງກາ່ວໄດ້ຖືກຕັ້ງອ້ອມ ຮອບເຈົ້າບ່າວທີ່ລາວຈະມາເອົາເຈົ້າສາວຂອງລາວ.</li><li>ໃນພຣະຄຳພີພຣະເຢຊູຖືກເອີ້ນເປັນເໝືອນວ່າ“ ເຈົ້າບ່າວ” ເຊິ່ງມື້ໜຶ່ງຈະມາລັບ“ ເຈົ້າສາວ,” ຄຣິດສະຈັກ.</li><li>ພຣະເຢຊູປຽບທຽບພວກສາວົກກັບໝູ່ຂອງເຈົ້າບ່າວເຈົ້າສາວທີ່ສະຫຼອງໃນຂະນະທີ່ເຈົ້າບ່າວຢູ່ກັບພວກເຂົາ, ແຕ່ວ່າຜູ້ໃດຈະໂສກ ເສົ້າເມື່ອລາວຫາຍໄປ.</li></ul>  
bride	<h2 id="section">@ເຈົ້າສາວ</h2><h3 id="section-1">ນິຍາມ</h3><p>ເຈົ້າສາວແມ່ນຜູ້ຍິງໃນພິທີແຕ່ງງານເຊິ່ງກຳລັງແຕ່ງດອງກັບຜົວ, ເຈົ້າບ່າວ.</p><ul><li>ຄຳວ່າ“ ເຈົ້າສາວ” ຖືກໃຊ້ເປັນຄຳປຽບທຽບສຳລັບຜູ້ທີ່ເຊື່ອໃນພຣະເຢຊູ, ຄຣິດສະຈັກ.</li><li>ພຣະເຢຊູຖືກເອີ້ນໂດຍປຽບທຽບວ່າ“ ເຈົ້າບ່າວ” ສຳລັບຄຣິດສະຈັກ. (ເບິ່ງເພີມເຕີມ: <a href="https://read.bibleineverylanguage.org/WA-Catalog/lo_tm?section=translate#figs-metaphor" target="_blank" data-is-rc-link="" data-repo="lo_tm" data-user="WA-Catalog" data-page="translate" data-topic="figs-metaphor" data-type="tm">figs-metaphor</a>)</li></ul>  
bronze	<h2 id="section">@ທອງແດງ</h2><h3 id="section-1">ນິຍາມ</h3><p>ຄຳວ່າ“ ທອງແດງ” ໝາຍເຖິງໂລຫະປະເພດໜຶ່ງທີ່ຜະລິດມາຈາກການລະລາຍໂລຫະ, ທອງແດງ ແລະ ກົ່ວ. ມັນມີສີສີນ້ ຳຕານເຂັ້ມ, ສີແດງເລັກນ້ອຍ.</p><ul><li>ທອງແດງທົນຕໍ່ການກັດກ່ອນຂອງນ້ ຳ ແລະ ເປັນຕົວປະຕິບັດຄວາມຮ້ອນທີ່ດີ.</li><li>ໃນສະໄໝບູຮານ, ທອງແດງຖືກໃຊ້ສຳລັບເຮັດເຄື່ອງມື, ອາວຸດ, ງານສິລະປະ, ແທ່ນບູຊາ, ໝໍ້ປຸງແຕ່ງອາຫານ, ແລະ ເຄື່ອງປະດັບຂອງທະຫານ, ໃນບັນດາສິ່ງອື່ນໆ.</li><li>ວັດສະດຸກໍ່ສ້າງຈຳນວນຫຼາຍສຳລັບຫໍເຕັນ ແລະ ວິຫານໄດ້ຖືກເຮັດດ້ວຍທອງແດງ.</li><li>ຮູບປັ້ນຂອງພະເຈົ້າປອມແມ່ນຍັງຖືກເຮັດດ້ວຍໂລຫະທອງແດງ.</li><li>ວັດຖຸທີ່ເຮັດດ້ວຍທອງແດງແມ່ນເຮັດດ້ວຍໂລຫະທອງແດງທີ່ປະສົມທາດແຫຼວເປັນກ້ອນແລ້ວປົນລົງໃນແມ່ພິມ. ຂະບວນ ການນີ້ຖືກເອີ້ນວ່າ "ການຫລໍ່."</li></ul>  
brother	<h2 id="section">@ອ້າຍ/ນ້ອງຊາຍ</h2><h3 id="section-1">ນິຍາມ</h3><p>ຄຳວ່າ "ອ້າຍ/ນ້ອງຊາຍ" ໂດຍປົກກະຕິໝາຍເຖິງຜູ້ຊາຍທີ່ຢູ່ໃນສາຍເລືອດພໍ່ແມ່ດຽວກັນຢ່າງໜ້ອຍໜຶ່ງຄົນທີ່ແຕກຕ່າງກັບຄົນອື່ນ.</p><ul><li>ໃນສະໃໝ່ພຣະຄຳພີເດີມ, ຄຳວ່າ "ອ້າຍນ້ອງ" ຍັງຖືກນຳໃຊ້ເປັນ ຄຳອ້າງອີງທົ່ວໄປກ່ຽວກັບຍາດພີ່ນ້ອງ, ເຊັ່ນ: ສະມາຊິກຂອງເຜົ່າ, ຕະກູນ, ຫລື ກຸ່ມຄົນດຽວກັນ.</li><li>ໃນພຣະຄຳພີໃໝ່, ພວກອັກຄະສາວົກມັກໃຊ້ "ອ້າຍນ້ອງ" ເພື່ອກ່າວເຖິງຊາວຄຣິດສະຕຽນເພື່ອນຮ່ວມທັງຊາຍແລະຍິງ, ເພາະ ວ່າຜູ້ທີ່ເຊື່ອໃນພຣະຄຣິດທຸກຄົນແມ່ນສະມາຊິກຂອງຄອບຄົວຝ່າຍວິນຍານດຽວກັນ, ມີພຣະເຈົ້າເປັນພຣະບິດາເທິງສະຫວັນ.</li><li>ສອງສາມຄັ້ງໃນພຣະສັນຍາໃໝ່, ພວກອັກຄະສາວົກໄດ້ໃຊ້ ຄຳວ່າ "ເອື້ອຍນ້ອງ" ໃນເວລາກ່າວເຖິງສະເພາະກັບເພື່ອນຄຣິສຕຽນທີ່ເປັນຜູ້ຍິງ, ຫລືເພື່ອເນັ້ນໜັກ ວ່າທັງຊາຍແລະຍິງແມ່ນລວມຢູ່ນຳ. ຍົກຕົວຢ່າງ, ຢາໂກໂບເນັ້ນໜັກວ່າລາວກຳ ລັງເວົ້າເຖິງຜູ້ທີ່ເຊື່ອທຸກຄົນເມື່ອລາວກ່າວເຖິງ "ອ້າຍເອື້ອຍນ້ອງທີ່ຕ້ອງການອາຫານ ຫລື ເຄື່ອງນຸ່ງຫົ່ມ."</li></ul><h3 id="section-2">ຄຳແນະນຳໃນການແປ</h3><ul><li>ມັນເປັນສິ່ງທີ່ດີທີ່ສຸດທີ່ຈະແປ ຄຳສັບນີ້ດ້ວຍຄຳທີ່ຮູ້ຫນັງສືທີ່ຖືກນຳໃຊ້ໃນພາສາເປົ້າໝາຍເພື່ອໝາຍເຖິງອ້າຍນ້ອງ ທວົ່ໄປ ຫລື ພໍ່ແມ່ດຽວກັນ, ເວັ້ນເສຍແຕ່ວ່ານີ້ຈະໃຫ້ຄວາມໝາຍທີ່ບໍ່ຖືກຕ້ອງ.</li><li>ໃນສະໃໝພຣະຄຳພີເດີມໂດຍສະເພາະ, ໃນເວລາທີ່ "ອ້າຍນ້ອງ" ຖືກນຳໃຊ້ຫຼາຍໂດຍທົ່ວໄປເພື່ອອ້າງອີງໃສ່ສະມາຊິກໃນຄອບຄົວ, ຕະກູນ, ຫລື ກຸ່ມຄົນ, ການແປທີ່ເປັນໄປໄດ້ອາດຈະປະກອບມີ, "ຍາດພີ່ນ້ອງ" ຫລື "ສະມາຊິກຂອງຊົນເຜົ່າ" ຫລື "ຊົນເຜົ່າອິດສະລາແອນ."</li><li>ໃນແງ່ຂອງການກ່າວເຖິງເພື່ອນຮ່ວມຄວາມເຊື່ອໃນພຣະຄຣິດ, ຄຳສັບນີ້ອາດຈະຖືກແປວ່າ, "ອ້າຍໃນພຣະຄຣິດ" ຫລື "ອ້າຍທາງວິນຍານ."</li><li>ຖ້າທັງຊາຍ ແລະ ຍິງກຳລັງຖືກກ່າວເຖິງ "ອ້າຍ" ກໍ່ຈະມີຄວາມໝາຍທີ່ບໍ່ຖືກຕ້ອງ, ຫຼັງຈາກນັ້ນຄຳສັບສັນຍາສາມັນທີ່ມີຢູ່ທົ່ວໄປກໍ່ອາດຈະຖືກນຳໃຊ້ເຊິ່ງປະກອບມີທັງຊາຍແລະຍິງ.</li><li>ອີກວິທີໜຶ່ງທີ່ຈະແປຄຳສັບນີ້ເພື່ອຈະໝາຍເຖິງທັງຜູ້ຊາຍແລະ ຜູ້ຍິງທີ່ເຊື່ອອາດຈະແມ່ນ "ເພື່ອນຮ່ວມຄວາມເຊື່ອ" ຫລື "ອ້າຍເອື້ອຍນ້ອງຄຣິສຕຽນ."</li><li>ໃຫ້ແນ່ໃຈວ່າໄດ້ກວດເບິ່ງສະພາບການເພື່ອກຳນົດວ່າມີພຽງແຕ່ຜູ້ຊາຍທີ່ຖືກກ່າວເຖິງ, ຫລື ວ່າທັງຊາຍແລະຍິງ.</li></ul>  
burden	<h2 id="section">@ພາລະ</h2><h3 id="section-1">ນິຍາມ</h3><p>ພາລະ ແມ່ນພາລະໜັກ. ຕົວຈິງແລ້ວມັນໝາຍເຖິງພາລະທາງດ້ານຮ່າງກາຍເຊັ່ນສັດທີ່ເຮັດວຽກ.ຄຳວ່າ“ ພາລະ” ຍັງມີຄວາມໝາຍຫຼາຍຢ່າງ:</p><ul><li>ພາລະສາມາດໝາຍເຖິງໜ້າທີ່ຫຍຸ້ງຍາກ ຫລື ໜ້າທີ່ຮັບຜິດ ຊອບ ທີ່ສຳຄັນທີ່ບຸກຄົນຕ້ອງເຮັດ. ລາວໄດ້ຖືກກ່າວເຖິງວ່າ "ແບກ" ຫຼື "ແບກ" ພາລະຫນັກ.</li><li>ຜູ້ນຳທີ່ໂຫດຮ້າຍອາດຈະເຮັດໃຫ້ພາລະທີ່ຫຍຸ້ງຍາກສຳລັບຄົນທີ່ລາວກຳລັງປົກຄອງ, ຍົກຕົວຢ່າງໂດຍບັງຄັບໃຫ້ເຂົາເຈົ້າຈ່າຍພາ ສີເປັນຈຳນວນຫລວງຫລາຍ.</li><li>ຄົນທີ່ບໍ່ຢາກເປັນພາລະຂອງຄົນອື່ນບໍ່ຕ້ອງການທີ່ຈະເຮັດໃຫ້ຄົນອື່ນມີບັນຫາ.</li><li>ຄວາມຜິດຂອງຄວາມຜິດຂອງຄົນເຮົາແມ່ນພາລະຂອງເຂົາ.</li><li>"ພາລະຂອງພຣະຜູ້ເປັນເຈົ້າ" ແມ່ນວິທີການທີ່ເປັນໄປໄດ້ຂອງການກ່າວເຖິງ "ຂ່າວສານຈາກພຣະເຈົ້າ" ທີ່ປະກາດພຣະທຳຕ້ອງສົ່ງຕໍ່ປະຊາຊົນຂອງພຣະເຈົ້າ.</li><li>ຄຳສັບທີ່ວ່າ“ ພາລະໜັກ” ສາມາດແປໄດ້ໂດຍ“ ຄວາມຮັບຜິດ ຊອບ” ຫລື“ ໜ້າທີ່” ຫລື“ ພາລະໜັກ” ຫລື“ ຂໍ້ຄວາມ,” ຂຶ້ນກັບສະພາບການ.</li></ul>  
burnt offering	<h2 id="section">@ເຄື່ອງເຜົາບູຊາ, @ຖວາຍດ້ວຍໄຟ</h2><h3 id="section-1">ນິຍາມ</h3><p>“ ເຄື່ອງເຜົາບູຊາ” ແມ່ນການຖວາຍບູຊາແກ່ພຣະເຈົ້າເຊິ່ງຖືກເຜົາໂດຍໄຟເທິງແທ່ນບູຊາ. ໄດ້ເປັນຄຳສັ່ງໃຫ້ເຮັດການຊົດໃຊ້ແທນບາບຂອງຄົນ. ນີ້ຍັງຖືກເອີ້ນວ່າເປັນ "ການຖວາຍໂດຍໄຟ."</p><ul><li>ສັດທີ່ໃຊ້ໃນການຖວາຍເຄື່ອງນີ້ສ່ວນຫຼາຍແມ່ນແກະ ຫລື ແບ້, ແຕ່ວ່າງົວ ແລະ ນົກກໍ່ໃຊ້ເຊັ່ນກັນ.</li><li>ຍົກເວັ້ນຜິວໜັງ, ສັດທັງໝົດຖືກເຜົາໃນການຖວາຍເຄື່ອງບູ ຊານີ້. ຜິວໜັງ ຫລື ບ່ອນປິດບັງຖືກມອບໃຫ້ປະໂລຫິດ.</li><li>ພຣະເຈົ້າໄດ້ບັນປະຊາຊົນຊາວຢິວໃຫ້ຖວາຍເຄື່ອງເຜົາບູຊາສອງຄັ້ງທຸກໆມື້.</li></ul>  
bury	<h2 id="section">@ຝັງ, @ການຝັງ, @ຖືກຝັງ</h2><h3 id="section-1">ນິຍາມ</h3><p>ຄຳວ່າ“ ຝັງ” ປົກກະຕິແລ້ວແມ່ນ ໝາຍເຖິງການເອົາສົບຄົນຕາຍເຂົ້າໄປໃນຂຸມ ຫລື ບ່ອນຝັງສົບອື່ນໆ. ຄຳວ່າ“ ຝັງ” ແມ່ນການກະທຳຂອງການຝັງສິ່ງໃດສິ່ງ ໜຶ່ງ ຫລື ສາມາດໃຊ້ເພື່ອພັນລະນາສະຖານທີ່ທີ່ໃຊ້ໃນການຝັງບາງສິ່ງບາງຢ່າງ.</p><ul><li>ໂດຍທົ່ວໄປຄົນມັກຈະຝັງສົບຄົນຕາຍໂດຍເອົາມັນລົງໃນຂຸມເລິກໃນພື້ນດິນ ແລະ ຫຼັງຈາກນັ້ນປົກມັນດ້ວຍດີນ.</li><li>ບາງຄັ້ງຮ່າງກາຍທີ່ຕາຍແລ້ວແມ່ນຖືກຈັດໃສ່ໃນໂຄງສ້າງທີ່ຄ້າຍຄືປ່ອງ, ເຊັ່ນ: ໂລງສົບກ່ອນທີ່ຈະຝັງມັນ.</li><li>ໃນສະໄໝທີ່ຂຽນພຣະຄຳພີ, ຄົນຕາຍມັກຖືກຝັງຢູ່ໃນຖ້ ຳ ຫລືບ່ອນທີ່ຄ້າຍຄືກັນ. ຫລັງຈາກພຣະເຢຊູສິ້ນຊີວິດແລ້ວ, ສົບຂອງພຣະອົງຖືກຫໍ່ດ້ວຍຜ້າແລະວາງໄວ້ໃນອຸບມຸງທີ່ຖືກອັດດ້ວຍຫີນກ້ອນໃຫຍ່.</li><li>ຄຳທີ່ວ່າ "ສະຖານທີ່ຝັງສົບ" ຂອງ "ຫ້ອງຝັງສົບ" ຫລື "ຫ້ອງຝັງສົບ" ຫລື "ຖ້ ຳຝັງ" ແມ່ນວິທີການທັງໝົດທີ່ກ່າວເຖິງສະຖານທີ່ທີ່ຝັງສົບຂອງຄົນຕາຍ.</li><li>ສິ່ງອື່ນໆກໍ່ສາມາດຝັງໄດ້ເຊັ່ນ: ເມື່ອອາການຝັງເງິນແລະສິ່ງອື່ນໆທີ່ລາວໄດ້ລັກມາຈາກເມືອງເຢຣີໂກ.</li><li>ປະໂຫຍກທີ່ວ່າ "ຝັງສົບຂອງລາວ" ໂດຍປົກກະຕິຫມາຍຄວາມວ່າ, "ປົກຄຸມຫນ້າຂອງລາວດ້ວຍມືຂອງລາວ."</li><li>ບາງຄັ້ງ ຄຳວ່າ“ ປິດບັງ” ສາມາດໝາຍຄວາມວ່າ“ ຝັງ” ຄືກັບເມື່ອອາຄານເຊື່ອງສິ່ງທີ່ຢູ່ໃນພື້ນດິນທີ່ລາວໄດ້ລັກຈາກ ເມືອງເຢຣີໂກ. ນີ້ໝາຍຄວາມວ່າລາວໄດ້ຝັງພວກເຂົາຢູ່ໃນພື້ນດິນ.</li></ul>  
caesarea	<h2 id="section">@ກາຍຊາເຣຍ, @ກາຍຊາເຣຍ @ຟີ​ລິບ​ປອຍ</h2><h3 id="section-1">ຂໍ້ເທັດຈິງ</h3><p>ກາຍຊາເຣຍເປັນ​ເມືອງ​ສຳ​ຄັນທີ່​ມີ​ຫາດ​ຊາຍ​ຕິດ​ກັບ​ທະ​ເລ​ເມດີເຕຣາເ​ນ ຢູ່ທາງ​ພາ​ກໃຕ້ຂອງ​ພູ​ເຂົາ​ກາເມນປະມານ 39 ກິໂລແມັດ. ກາຍຊາເຣຍ ຟີ​ລິ​ບປອຍ ເປັນ​ເມືອງ​ໜຶ່ງ​ທີ່ຢູ່ພາກ​ເໜືອ​ຂອງ​ອິດ​ສະ​ຣາ​ເອນ ​ຊຶ່ງຢູ່​ໃກ້​ພູ​ເຂົາ​ເຮີ​ໂມນ.</p><ul><li>ເມືອງ​ເຫລົ່າ​ນີ້​ໄດ້​ຮັບ​ການ​ຕັ້ງ​ຊື່​ຕາມ​ກະ​ສັດ​ທີ່​ຄອບ​ຄອງ​ຂອງ​ຈັກ​ກະ​ພັດ​ໂຣ​ມັນ.</li><li>ກາຍຊາຣິຢາ ທີ່ຢູ່ແຄມ​ຝັ່ງ​ທະ​ເລ​ກາ​ຍ​ເປັນ​ເມືອງ​ເອກ​ຂອງ​ແຄວ້ນ​ຢູ​ເດຍ ໃນ​ຊ່ວງ​ເວ​ລາ​ໃກ້​ກັບ​ພ​ຣະ​ເຢ​ຊູ​ລົງ​ມາບັງ​ເກີດ.</li><li>ອັ​ກຄະ​ສາ​ວົກ​ເປ​ໂຕ​ເປັນ​ຜູ້​ເທ​ດສ​ະໜາ​ຜູ້ທຳ​​ອິດ​ໃຫ້​ແກ່ຕ່າງ​ດ້າວ​ໃນ​ກາຍຊາເຣຍຟັງ.</li><li>ໂປ​ໂລ​ໄດ້​ລ່ອງ​ເຮືອ​ຈາກເມືອງ​ກາຍຊາເຣຍ​ໄປ​ຍັງ​ເມືອງ​ທາ​ຊັ​ດ​ຜ່ານ​ເມືອງນີ້​ໃນ​ການ​ເດີນ​ທາງ​ປະ​ກາດ​ຄັ້ງ​ທີສອງ.</li><li>ພ​ຣະ​ເຢ​ຊູ​ແລະ​ພວກ​ສາ​ວົກ​ຂອງ​ພ​ຣະ​ອົງ​ໄດ່້ເດີນ​ທາງ​ໃນ​ເຂດ​ແດນ ກາຍຊາເຣຍ ຟີ​ລິ​ປອຍ. ໃນ​ແຂວງ​ຊີ​ເຣຍ ທັງ​ສອງ​ເມືອງນີ້​ຖືກ​ຕັ້ງ​ຊື່​ມາ​ຈາກ​ກະ​ສັດ​ເຮ​ໂຣດ ຟີ​ລິບ.</li></ul>  
caesar	<h2 id="section">@ກາຍ​ຊາ</h2><h3 id="section-1">ຂໍ້ເທັດຈິງ</h3><p>​ຄຳ​ວ່າ " ກາຍ​ຊາ "​ແມ່​ຊື່​ຫລື​ຕຳ​ແໜ່ງ​ຜູ້​ປົກ​ຄອງ​ຈັກ​ກະ​ພັດ​ໂຣມ​ຫລາຍ​ຄົນນຳ​ກັນ. ໃນ​ພ​ຣະ​ຄໍາ, ​ຊື່ນີ້​ໝາຍ​ເຖິງ​ຜູ້​ປົກ​ຄອງ​ໂຣ​ມັນ​ສາມ​ຄົນທີ່ແຕກຕ່າງກັນ.</p><ul><li>ຜູ້​ປົກ​ຄອງໂຣມັນ​ຄົນ​ທໍ​າ​ອິດ​ມີ​ຊື່​ວ່າ ກາຍ​ຊາ ແມ່ນ "ກາຍ​ຊາ ໂອ​ຄຸໂຕ," ທີ່​ປົກ​ຄອງ​ໃນ​ຊ່ວງ​ເວ​ລາ​ພ​ຣະ​ເຢ​ຊູ​ບັງ​ເກີດ.</li><li>ປະ​ມານ 30 ປີ​ຕໍ່​ມາ ເປັ​ນຊ່ວງ​ເວ​ລາ​ທີ່​ໂຢ​ຮັນ​ບັບ​ຕິ​ສ​ະໂຕ​ກຳ​ລັງ​ເທດ​ສ​ະໜານັ້ນ, ເປັນ​ຊ່ວງ​ເວ​ລາ​ດຽວ​ກັບ ​ທ່ານ​ທີ​ເບີ​ຣີ​ອັ​ສ ເປັນ​ຜູ້ປົກ​ຄອງອານາ​ຈັກໂຣມມັນ.​</li><li>ທ່ານ​ທີ​ເບີ​ຣີ​ອັ​ສ ກາຍຊາ ຍັງ​ເປັນ​ຜູ້ປົກ​ຄອງ​ນະຄອນ​ໂຣມ​ທີ່​ພ​ຣະ​ເຢ​ຊູ​ບອກ​ໃຫ້​ປະ​ຊາ​ຊົນ​ເສຍ​ພາ​ສີ​ໃຫ້​ກາຍ​ຊາ​ທີ່​ເປັນ​ຂອງ​ກາຍ​ຊ​າ ແລະ​ຖວາຍ​ໃຫ້​ພ​ຣະ​ເຈົ້າ​ສິ່ງ​ທີ່​ເປັນ​ຂອງ​ພ​ຣະ​ເຈົ້າ.</li><li>ເມື່ອ​ໂປ​ໂລ​ເສຍ​ພາ​ສີ​ໃຫ້​ກາຍ​ຊາ ນີ້​ໝາຍ​ເຖິງ​ຈັກ​ກະ​ພັດ​ນີ​ໂຣ​ຜູ້​ມີ​ຕໍາ​ແໜ່ງ​ເປັນ "ກາຍ​ຊາ" ນັ້ນ.</li><li>​ຄຳ​ວ່າ "ກາຍ​ຊາ" ແມ່ນ​ໃຊ້​ບ​ອກ​​ເຖິງຕຳ​ແໜ່ງ​ໃນ​ຕົວ​ມັນ​ເອງ, ຄຳ​ນີ້​ສາ​​ມາດ​ແປ​ວ່າ "ຈັກ​ກະ​ພັດ" ຫລື " ຜູ້​ປົກ​ຄອງ​ຊາວ​ໂຣມມັນ.</li><li>ພາຍໃນ​ຊື່ ກາຍ​ຊາ ໂອຄຸໂຕ ຫລື ທີ​ເບີ​ຣິ​ອັ​ສ ຄຳວ່າ " ກາຍຊາ " ສາ​ມາດ​ຂຽນ​​ພາ​ສາ​ກາງ​​ໃໍຊ້ສະກົດຄໍານີ້.</li></ul>  
caiaphas	<h2 id="section">@ກາຢະ​ຟາ</h2><h3 id="section-1">ຂໍ້ເທັດຈິງ</h3><p>​ກາຢະ​ຟາ ເປັນ​ມະ​ຫາ​ປະ​ໂລ​ຫິດ​ຂອງ​ອິ​ສ​ຣະ​ເອນ ໃນ​ສ​ະໄໝ​ຂອງ​ໂຢ​ຮັນ​​ຜູ້​ໃຫ້​ບັບ​ຕິ​ສະ​ມາແລະ​ພ​ຣະ​ເຢ​ຊູ.</p><ul><li>​ກາ​ຢະ​ຟາ​ມີ​ບົດ​ບາດ​ສຳ​ຄັນ​ໃນ​ການ​ສືບ​ສວນ​ແລະ​ລົງ​ໂທດ​ພ​ຣະ​ເຢ​ຊູ.</li><li>ມະ​ຫາ​ປະ​ໂລ​ຫິດ​ອັນ​ນາ​ແລະ​ກາ​ຢະ​ຟາ​ເປັນ​ຜູ້​ທີ່​ຢູ່ໃນ​ການ​ສືບ​ສວນ​ເ​ປ​ໂຕ​ແລະ​ໂຢ​ຮັນທຸກເທື່ອທີ່ ພວກເຂົາ​ຖືກ​ຈັບ​ຫລັງ​ຈາກ​ຮັກ​ສາ​ຄົນເປັນອຳ​ມະ​ພາດ​ໃຫ້​ຫາຍ​ດີ.</li><li>ກາ​ຢະ​ຟາ​ເປັນ​ຄົນທີ່ເວົ້າ​ວ່າ​ເປັນ​ການ​ດີ​ທີ່​ຈະ​ໃຫ້​ຄົນດຽວຕາຍ​ເພື່ອ​ຄົນ​ທັງ​ຊາດ ດີກວ່າ​ຈະ​ໃຫ້​ຄົນ​ທັງ​ຊາດ​ຕ້ອງ​ພິ​ນາດ ພຣະເຈົ້າ​ຊົງ​ໃຫ້​ເຂົາ​ເວົ້າເວົ້າເຊັ່ນນີ້​ຕາມ​ທີ່​ຄຳ​ທຳ​ນ​ວາຍກ່ຽວກັບການທີ່</li></ul><p>​ພ​ຣະ​ເຢ​ຊູ​ຈະ​ຊົງ​ສິ້ນ​ພ​ຣະ​ຊົນ​ເພື່ອ​ຊວ່ຍໄພ່​ພົນ​ຂອງ​ພ​ຣະ​ອົງໃຫ້ລອດ.</p>  
cain	<h2 id="section">@ກາ​ອິນ</h2><h3 id="section-1">ຂໍ້ເທັດຈິງ</h3><p>​ກາ​ອິນ​ແລະ​​ອາ​ເບນນອ້ງຊາຍຂອງເຂົາ  ເປັນ​ລູກຊາຍ​ສອງ​ຄົນ​ທຳ​ອິດ​ຂອງ​ອາ​ດາມ​ກັບ​ເອ​ວາ​ທີ່​ກ່າວ​ໄວ້​ໃນ​ພ​ຣະ​ຄັມ​ພີ.</p><ul><li>ກາ​ອິນ​ເປັນ​ຊາວ​​ສວນ​ປູກ​ຝັງ​ພືດ ໃນຄະນະ ທີ່ອາເບນເປັນ​ຄົນ​ລ້ຽງ​ແກະ.</li><li>ກາ​ອິນ​ຂ້າ​ອາເບນ​​​ນ້ອງ​ຊາຍຂອງເຂົາ ​ເນື່ອງ​ດວ້ຍ​ຄວາມ​ອິດ​ສາ</li></ul><p>​ເພາະພ​​ຣະເຈົ້າໄດ້ຊົງ​ຮັບ​ເອົາ​ເຄື່ອງ​ຖວາຍ​ຂອງ​ອາ​ເບນ​ ແຕ່ບໍ່​ຮັບ​ເຄື່ອງ​ຖວາຍ​ຂອງ​ກາ​ອິນ.</p><ul><li>ໃນການ​ລົງ​ໂທດ ພຣະເຈົ້າໄດ້ຊົງໄລ່​ເຂົາອອກໄປຈາກເອເດນ ແລະ​ບອກເຂົາວ່າ​​ແຜ່ນ​ດິນ​ຈະ​ບໍ່​ໃຫ້​ພືດຜັກແກ່ເຂົາອີກຕໍ່ໄປ.</li><li>ພ​ຣະ​ເຈົ້າ​ໄດ້​ເຮັດ​ເຄື່ອງ​ໝາຍ​ທີ່​ໜ້າ​ຜາກ​ຂອງ​ກາ​ອິນ​ເພື່ອ​ເປັນ​ສັນ​ຍາ​ລັກ​ວ່າ​ພ​ຣະ​ເຈົ້າ​ຈະ​ຊົງ​ປົກ​ປ້ອງ​ເຂົາຈາກຄົນອື່ນໆ ທີ່ຈະ​ຂ້າ​ເຂົາ​ເມື່ອເຂົາພະເນຈອນໄປ.</li></ul>  
caleb	<h2 id="section">@ກາ​ເລັບ</h2><h3 id="section-1">ຂໍ້ເທັດຈິງ</h3><p>​ກາ​ເລັບ​ເປັນຄົນໜຶ່ງໃນຄົນ​ສອດ​ແນມຊາວ​​ອິດ​ສະ​ຣາ​ເອນສິບສອງຄົນທີ່ໂມເຊສົ່ງໄປສຳລວດແຜ່ນດິນການາອານ.</p><ul><li>ເຂົາ​ແລະ​ໂຢ​ຊວຍ​ໄດ້​ບອກ​ປະ​ຊາ​ຊົນ​ໃຫ້ວາງ​ໃຈ​ໃນ​ພ​ຣະ​ເຈົ້າ​ທີ່​ຈະ​ຊົງຊວ່ຍ​ພວກ​ເຂົາໃຫ້ມີໄຊຊະນະເໜືອຊາວການາອານ.</li><li>ໂຢຊວຍແລະກາເລັບ​ເປັນພຽງ​ຜູ້ຊາຍ​ສອງ​ຄົນ​ເທົ່າ​ນັ້ນ​ໃນຄົນລຸ້ນຂອງເຂົາທີ່ໄດ້ຮັບ​ອະ​ນຸ​ຍາດ​ໃຫ້​ເຂົ້າ​ໄປ​ໃນ​ແຜ່ນ​ດິນ​ກາ​ນາ​ອານ​ແຜ່ນ​ດິນ​ແຫ່ງ​ພ​ຣະ​ສັນ​ຍາ.</li><li>ກາ​ເລັບ​​ຮ້ອງຂໍ​ໃຫ້​ມອບ​ແຜ່ນ​ດິນເຮັບ​ໂຣນແກ່ເຂົາ​ແລະ​ຄອບ​ຄົວ​. ເຂົາ​ຮູ້​ວ່າ​ພ​ຣະ​ເຈົ້າ​ໄດ້ຊົງ​ຊ່ອຍ​​ໃຫ້ເຂົາຊະນະຄົນທີ່ອາສັຍຢູ່ທີ່ນັ້ນ.</li></ul>  
call	<h2 id="section">@ເອິີ້ນ, @ການ​ເອີ້ນ, @ໄດ້​ຮັບ​ການ​ເອີ້ນ,@ ເອີ້ນ​ອອກ​ມາ</h2><h3 id="section-1">ນິຍາມ</h3><p>​ຄຳ​ວ່າ​ "ເອີ້ນ"​ແລະ "ເອີ້ນ​ອອກ​ມາ" ມີ​ຄວາມ​ໝາຍ​ຕາມ​ສຳ​ນຽງ​ສຽງ​ເອີ້ນ​ຄ່ອຍ​ຕໍ່​ຜູ້​ຢູ່​ໃກ້, ເອີ້ນ​ສຽງ​ດັງ​ຕໍ່​ຜູ້​ຢູ່​ຫ່າງ​ໄກ ແລະ​ຍັງ​ມີ​ຄວາມ​ໝາຍ​ອື່ນໆ​ອີກ.</p><ul><li>ຄຳ​ວ່າ "ເອີ້ນ​ອອກ​ມາ" ມີ​ຄວາມ​ໝາຍ​ວ່າ​ຮ້ອງ​ດ້ວຍ​ສຽງ​ດັງ​ກັບ​ຜູ້​ຢູ່​ຫ່າງ​ໄກ​ໃຫ້​ອອກ​ມາ. ຄຳ​ດຽວ​ກັນ​ນີ້​ຍັງ​ມີ​ຄວາມ​ໝາຍ​ວ່າ​ເອີ້ນ​ມາ​ໃຫ້​ຊ່ອຍ ໂດຍ​​​ສະ​ເພາະ​ແມ່ນ​ຮ້ອງ​ຂໍ​ຄວາມ​ຊ່ວຍ​ເຫລືອ​ຈາກ​ພ​ຣະ​ເຈົ້າ.</li><li>​ເຫັນໃນ​ພ​ຣະ​ຄຳ​ພີຫລາຍ​ເທື່ອ​ເຫັນ​ຄຳ​ວ່າ "ເອີ້ນ" ມີ​ຄວາມ​ໝາຍ​ວ່າ ເປັນ​ຄຳ​ສັ່ງ ຫລື​ຄຳ​ຂໍ​ຮ້ອງ.</li><li>ພ​ຣະ​ເຈົ້າ​ຊົງ​ເອີ້ນ​ຄົນ​ທັງ​ຫລາຍ​ໃຫ້​ມາ​ຫາ​ພ​ຣະ​ອົງ​ເພື່ອ​ເປັນ​ປະ​ຊ​າ​ຊົນ​ຂອງ​ພ​ຣະ​ອົງ​ແມ່ນ​ໃຊ້​ຄຳ​ວ່າ "ເອີ້ນ​ອອກ​ມາ"</li><li>ຄຳ​ວ່າ "ຊົງ​ເອີ້ນ" ທີ່​ໃຊ້​ໃນ​ພ​ຣະ​ຄຳ​ພີ​ໝາຍ​ເຖິງ​ພ​ຣະ​ເຈົ້າ​ຊົງ​ແຕ່ງ​ຕັ້ງຫລື​ເລືອກ​ໃຫ້​ເປັນ​ລູກ​ຂອງ​ພ​ຣະ​ອົງ, ຊົງ​ເອີ້ນ​ໃຫ້​ເປັນ​ຜູ້​ຮັບ​ໃຊ້​ພ​ຣະ​ອົງ, ເປັນ​ຜູ​້​ປະ​ກາດ​ພ​ຣະ​ຄຳ​ແຫ່ງ​ຄວາມ​ລອດ​ພົ້ນ​ທີ່​ມີ​ໃນ​ພ​ຣະ​ເຢ​ຊູ.</li><li>ຄຳ​ນີ້​ຍັງ​ໃຊ້​ບາງ​ກໍ​ຣະ​ນີ​ອາ​ດ​ແປ​ວ່າ​ເອີ້ນ​ຜູ້​ໃດ​ຜູ້​ນຶ່ງ ຕົວ​ຢ່າງ "ລາວ​ຖືກ​ເອີ້ນ​ຊື່​ວ່າ ໂຢ​ຮັນ ໝາຍ​ຄວາມ​ວ່າ​ລາວ​ຊື່ ໂຢ​ຮັນ.</li><li>ການ​ຖືກ "ເອີ້ນ​​ອອກຊື່" ໝາຍ​ຄວາມ​ວ່າ​ຜູ້​ໃດ​ຜູ້ນຶ່ງ​ຖືກ​ເອີ້ນ​ສ​ະເພາະ​ເຈາະ​ຈົງ. ພ​ຣະ​ເຈົ້າ​ຊົງ​ເອີ້ນ​ປະ​ຊ​າກອ​ນ​ພຣະ​ອົງ​ໂດຍ​ອອກ​ຊື່​ຜູ້ນັ້ນ.</li><li>ການ​ຮຽກ​ເອິີ້ນ​ແບບ​ນື່ງ  " ຂ້ອຍ​ເອີ້​ນ​ອອກ​ຊື່​ເຈົ້າ" ໝາຍ​ຄວາມວ່າ​ພ​ຣະ​​ເຈົ້າ​ຮູ້​ຈັກ​ຊື່​ຜູ້ນັ້ນ ແລະ​ເອີ້ນ​ມາ​ເລືອກ​ເອົາ​ລາວ.</li></ul><p>ຄຳແນະ​ນຳ​ໃນ​ການ​ແປ</p><ul><li>ຄຳ​ວ່າ  "ເອີ້ນ" ສ​າ​ມາດ​ແປ​ໄດ້​ວ່າ ​ການ​ຮຽກ​ຕົວ ຫລື​ຮຽກ​ຮ້ອງ ຮວມ​ເຖິງ​ຄວາມ​ຄິດ​ຕັ້ງ​ໃຈ​ຈະ​ເອີ້ນ​ແນວນັ້ນ.</li><li>ຄຳ​ວ່າ "ເອີ້ນ​ຫາ​ເຈົ້າ" ອາດ​ແປ​ໄດ້​ວ່າ "ຂໍ​ໃຫ້​ເຈົ້າ​ຊ່ອຍ" ຫລື ຮ້ອງ​ຂໍ​ຄວາມ​ຊວ່ຍ​ເຫລືອ​ຍາມ​ສຸກ​ເສີນ.</li><li>ເວ​ລາ​ພ​ຣະ​ຄຳ​ພີ​ເວົ້າ​ວ່າ "ຊົງ​ເອີ້ນ" ເຮົາ​ໃຫ້​ເປັນ​ຜູ້​ຮັບ​ໃຊ້ ສາ​ມາດ​ແປ​ໄດ້​ວ່າ "ຊົງ​ເລືອກ​ເຮົາ​ໄວ້​ຢ່າງ​ພິ​ເສດ" ຫລື "ຊົງ​ແຕ່ງ​ຕັ້ງ" ໃຫ້​ເປັນ​ຜູ້​ຮັບ​ໃຊ້.</li><li>ເຈົ້າ​ຕ້ອງ​ຮ້ອງ​ອອກ​ພຣະ​ນາມ​ພ​ຣະ​ອົງ ຍັງ​ແປ​ວາ ຮ້ອງ​ອອກ​ນາມ​ຊື່​ພ​ຣະ​ອົງ.</li><li>ພ​ຣະ​ນາມ​ຂອງ​ພ​ຣະ​ອົງ ອາ​ຈ​ແປ​ວ່າ ພ​ຣະ​ອົງ​ຊົງ​ພ​ຣະ​ນາມ​ວ່າ.</li><li>ການ "​ເອີ້​ນ​ອອກ​ມາ"  ແປ​ວ່າ​ເອີ້ນ​ດ້ວຍ​ສຽງ​ດ​ັງ ຫລື​ຮ້ອງ​ແຮງໆ ຫລື​ເວົ້າ​ສຽງ​ດັງໆ  ແຕ່ບໍ່​ແມ່ນ​ຮ້ອງ​ແບບ​ໃຈ​ຮ້າຍ.</li><li>ຄາ​ເວົ້າ​ອີກ​ຄຳ​ນຶ່ງ "ການ​ຊົງ​ເອີ້ນ​ຂອງ​ພ​ຣະ​ເຈົ້າ" ອາ​ຈ​ແປ​ວ່າ "ພ​ຣະ​ປະ​ສົງ​ຂອງ​ພ​ຣ​ເຈົ້າ​ສຳ​ລັບ​ເຈົ້າ"  ຫລື "ພ​ຣະ​ເຈົ້າ​ມີ​ງານ​ພິ​ເສດ​ໃຫ້​ເຈົ້າ"</li><li>ຮ້ອງ​ອອກ​ພ​ຣະ​ນາມ​ພ​ຣະ​ເຈົ້າ ອາ​ດ​ແປ​ວ່າ​ສະ​ແຫວງ​ຫາ​ອົງ​ພ​ຣະ​ຜູ້​ເປັນ​ເຈົ້າ​ແລະ​ເພິ່ງ​ໃນ​ພຣະ​ຄຸນ​ພ​ຣະ​ອົງ  ຫລື​ເຊື່ອ​ແລະວາງ​ໃຈ​ໃນ​​ອົງ​ພ​​ຣະຜູ້​ເປັນ​​ເຈົ້າ.</li><li>ຄຳ​ວ່າ "ຮຽກ​ຮ້ອງ" ອາ​ດ​ແປ​ໄດ້​ວ່າ​ສັ່ງ​ການ ຫລື​ຮ້ອງ​ຂໍ.</li><li>ຄຳ​ເວົ້າ​ອີກ​ຄຳ​ນຶ່ງ " ເຈົ້າ​ໄດ້ຮ້ອງ​ອອກ​ນາມ​ຊື່​ຂອງ​ເຮົາ" ອາ​​ດ​ແປ​ໄດ້​ວ່າ ເຮົາ​ໄ​ດ້​ໃຫ້​ເຈົ້າ​ໃຊ້​ຊື່​ຂອງ​ເຮົາ ເພື່ອບອກ​ໃຫ້​ຮູ້​ວ່າ​ເຈົ້ຳ​ເປັນ​ຂອງ​ເຮົາ.</li><li>ເມື່ອ​ພ​ຣະ​ເຈົ້າ​ຊົງ​ກ່າວ​ວ່າ "ເຮົາ​ໄດ້​ເອີ້ນ​ເຈົ້າ​ໂດຍ​ຊື່​ຂອງ​ເຈົ້າ" ອາ​ດ​ແປ​ວ່າ​ເຮົາ​ຮູ້​ຊື່​ເຈົ້າ ແລະ​ເຮົາ​ເລືອກ​ເອົາ​ເຈົ້າ.</li></ul>  
camel	<h2 id="section">@ໂຕອູດ</h2><h3 id="section-1">ນິຍາມ</h3><p>​ໂຕອູດ ແມ່ນ​ສັດ​ໂຕ​ໃຫຍ່​ໂຕ​ໜຶ່ງ, ​ທີ່​ມີ​ສີ່​ຂາ ທີ່​ມີໜອກ​ສອງ​ໜອກ​ທາງ​ຫລັງ​ຂອງ​ມັນ.</p>  
canaan	<h2 id="section">@ກາ​ນາ​ອານ, @ຄົນ​ກາ​ນາ​ອານ</h2><h3 id="section-1">ຂໍ້ເທັດຈິງ</h3><p>​​ກາ​ນາອານ​​ເປັນລູກຊາຍຂອງຮາມ ຜູ້ຊຶ່ງເປັນລູກຊາຍຄົນຫນຶ່ງ ຂອງໂນອາ ຊາວການາອານສຶບເຊື້ອສາຍມາຈາກການາອານ.</p><ul><li>ຄຳວ່າ "ການາອານ"ຫລື "ແຜ່ນດິນການາອານ" ກ່າວເຖີງບໍລິເວນແຜ່ນດິນລະຫວ່າງແມ່ນ້ຳຈໍແດນກັບທະເລເມດີເເຕຣາເນ ຂະຫຍາຍອອກໄປທາງໃຕ້ຈົນເຖີງເຂດແດນຂອງປະເທດເອຢິບ ແລະທາງຕອນເໜືອຂື້ນໄປເຖີງເຂດແດນຂອງປະເທດຊີເຣຍ.</li><li>ແຜ່ນດິນນີ້ເປັນທີ່ຢູ່ອາໃສຂອງຊາວການາອານ ລວມທັງກຸ່ມຄົນອື່ນໆອີກຫລາຍກຸ່ມ.</li><li>ພ​ຣະ​ເຈົ້າ​ຊົງສັນ​ຍາ​ວ່າ​ຈະ​ມອບ​ແຜ່ນ​ດິນ​ກາ​ນາ​ອານ​ໃຫ້​ກັບ​ອັບ​ຣາ​ຮາມ​ແລະ​ເຊື້ອ​ສາຍ​ຂອງ​ທ່ານ​ຄື​ຄົນ​ອິສະ​ຣາ​ເອນ.</li></ul>  
cana	<h2 id="section">@ກາ​ນາ</h2><h3 id="section-1">ຂໍ້ເທັດຈິງ</h3><p>​ກາ​ນາເປັນຫມູ່ບາ້ນຫລືເມືອງໃນແຄ້ວນຄາລີເລ ຕັ້ງຢູ່ທາງຕອນເຫນືອຂອງເມືອງນາຊາເຣັດ ຫ່າງອອກໄປປະມານ 9 ໄມ</p><ul><li>ການາເປັນບ້ານເກີດຂອງນາທານາເອັນທີ່ເປັນຄົນຫນຶ່ງໃນສາວົກສິບສອງຄົນ.</li><li>ພຣະເຢຊູສະເດັດໄປຮ່ວມງານແຕ່ງງານໃນຫມູ່ບ້ານການາ ແລະຊົງທຳການອັດສະຈັນຄັ້ງທຳອິດທີ່ນັ້ນ ໂດຍພຣະອົງໄດ້ຊົງປຽ່ນນ້ຳໃຫ້ເປັນເຫລົ້າອາງຸ່ນ.</li></ul><p>ຫລັງຈາກນັ້ນ ບາງຄັ້ງພຣະເຢຊູ ໄດ້ສະເດັດກັບໄປຫມູ່ບ້ານການາ ແລະໄດ້ພົບກັບຂ້າຣາຊການຄົນຫນຶ່ງຈາກກາເປນາອູມທີ່ໄດ້ຂໍຮອ້ງໃຫ້ພຣະອົງຮັກສາລູກຊາຍຂອງເຂົາ.</p><p>​</p>  
capernaum	<h2 id="section">@ກາ​ເປ​ນາ​ອູມ</h2><h3 id="section-1">ຂໍ້ເທັດຈິງ</h3><p>​ກາ​ເປ​ນາ​ອູມ​ເປັນ​ໝູ່​ບ້ານ​ຊາວ​ປະ​ມົງ​ທີ່​ຢູ່​ແຄມ​ຝັ່ງ​ຕາ​ເວັນ​ຕົກ​ສ່ຽງ​ເໜືອ​ຂອງທະເລ​ຄາ​ລີ​ເລ</p><ul><li>ພ​ຣະ​ເຢ​ຊູຊົງ​ພັກ​ອາ​ສັຍ​ຢູ່ໃນຫມູ່ບ້ານ​ກາ​ເປ​ນາ​ອູມ​ໃນ​ຂະ​ນະ​ທີ່​ພ​ຣະ​ອົງຊົງກຳລັງສັ່ງສອນ​ໃນແຄ້ວນ​ຄາ​ລີ​ເລ.</li><li>ພວກສາ​ວົກ​ຂອງ​ພ​ຣະ​ອົງ​ຫລາຍ​ຄົນມາຈາກ​​ກາ​ເປ​ນາ​ອູມ.</li><li>ພ​ຣ​ະ​ເຢ​ຊູ​ຊົງ​ເຮັດ​ການ​ອັ​ດສະ​ຈັນ​ຫລາຍ​ຄັ້ງ​ໃນ​ເມືອງນີ້ ຮວມ​ທັງ​​ເຮັດໃຫ້​ເດັກ​ນ້ອຍຜູ້ຍິງ​ຄົນຫນຶ່ງກັບຄືນມາມີຊີວິດ.</li><li>ກ​າ​ເປ​ນາ​ອູມ ເປັນ​ເມືອງ​ນຶ່ງ​ໃນ​ສາມ​ເມືອງ​ທີ່​ພ​ຣະ​ເຢ​ຊູ​ຊົງ​ຕຳ​ນິ​ຕໍ່​ໜ້າ​ຊຸມຊົນ ເພາະ​​ຜູ້​ຄົນ​ຂອງເມືອງ​ນີ້​ປະ​ຕິ​ເສດ​ພ​ຣະ​ອົງແລະ ບໍ່ສັດ​ທາ​ໃນຖອ້ຍຄຳຂອງ​ພຣະ​ອົງ ພຣະອົງໄດ້ຊົງເຕືອນພວກເຂົາວ່າ ພຣະເຈົ້າຈະລົງໂທດພວກເຂົາ ເພາະຄວາມບໍ່ສັດທາຂອງພວກເຂົາ.</li></ul>  
captive	<h2 id="section">@​ຊະ​ເລີຍ,​ການ​ເປັນຊະ​ເລີຍ</h2><h3 id="section-1">ນິຍາມ</h3><p>​ຄຳ​ວ່າ "ຊະ​ເລີຍ" ແລະ  "ການ​ເປັນ​ຊະ​ເລີຍ" ໝາຍ​ເຖິງ​ການ​ຈັບ​ ຜູ້ຄົນແລະ​ບັງ​ຄັບພວກເຂົາ​ໃຫ້​ໄປ​ຢູ່​ໃນທີ່ບາງແຫ່ງ​ທີ່​ເຂົາ​ບໍ່ຕອ້ງ​ການທີ່ຈະໄປຢູ່ອາໃສຢ່າງ ເຊັ່ນໃນ​ຕ່າງ​ປະ​ເທດ.</p><ul><li>ຄົນອິ​ສ​ຣາ​ເອນ​ຈາກອານາຈັກ​ຢູ​ດາ​ຖືກ​ຈັບ​ໄປ​ເປັນ​ຊະ​ເລີຍ​ໃນ​ອານາຈັກບາ​ບີ​ໂລນ​ເປັນ​ເວ​ລາ 70 ປີ.</li><li>ພວກ​ຊະ​ເລີຍ ມັກ​ຖືກ​ໃຊ້ໃຫ້​ເຮັດ​ວຽກ​ໃຫ້ກັບຄົນ​ ຫລື​ຊົນຊາດທີ່ຈັບພວກເຂົາໄປເປັນຊະເລີຍ</li><li>ດາ​ນີ​ເອນ​ແລະ​ເນ​ຮີ​ມີຢາ ເປັນ​ຊະ​ເລີຍຊາວ​ອິ​ສ​ຣາ​ເອນ ທີ່​​ເຮັດ​ວຽກ​ຮັບ​ໃຊ້ກະ​ສັດ​ບາ​ບີ​ໂລນ​.</li><li>ຄຳ​ວ່າ  "ຖືກ​ຈັບ​ເປັນ​ຊະ​ເລີຍ"  ເປັນ​ການບອກ​ອີກ​ຢ່າງ​ນຶ່ງກ່ຽວກັບການ​ຖຶກ​ຈັບ​ໄປ​ເປັນ​ຊະ​ເລີຍ.</li><li>ຄໍ​າ​ວ່າ "ເອົາ​ເຈົ້າ​ໄປ​ເປັນ​ຊະ​ເລີຍ" ​ສາມາດແປໄດ້ວ່າ"ບັງ​ຄັບ​ໃຫ້​ມີຊີວິດຢູ່​ແບບ​ຊະ​ເລີຍ" ຫລື ເອົາຕົວທ່ານໄປຫຍັງປະເທດອື່ນໆຄືກັບພວກນັກໂທດ.</li><li>ໃນ​ແງ່​ຂອງ​ຄຳປຽບທຽບອັກຄະສາວົກ​ໂປ​ໂລບອກ​ໃຫ້​ຄຣິ​ສ​ຕຽນ "ຍຶດ​ໝັ້ນ" ຄວາມ​ຄຶດ​​ທຸກ​ຢ່າງ​ໄວ້  ແລະເຮັດໃຫ້​ເຊື່ອ​ຟັງ​ພ​ຣະ​ຄ​ຣິດ</li><li>ທ່ານຫຍັງບອກກ່ຽ່ວກັບການທີ່ຄົນຖືກ"ຈັບເປັນຊະເລີຍ"ໂດຍຄວາມບາບຊຶ່ງຫມາຍຄວາມວ່າເຂົາຖືກ"ຄວບຄຸມໂດຍ"ຄວາມບາບ</li></ul>  
carmel	<h2 id="section">@ກາ​ເມນ, @ພູເຂົາກາ​ເມນ</h2><h3 id="section-1">ຂໍ້ເທັດຈິງ</h3><p>"ພູ​ເຂົາກາ​ເມນ" ໄດ້ກ່າວເຖິງພູເຂົາທີ່ຕັ້ງຕາມຊາຍຝັ່ງທະເລເມດິເເຕຣາເນທາງຕອນເຫນືອຂອງທີ່ຮາບທີ່ພຽງ ຈຸດທີ່ສູງສຸດຂອງພູເຂົານີ້ສູງ 546ແມັດ</p><ul><li>​ມີເມືອງໜຶ່ງ​ມີ​ຊື່​ວ່າ "ກາ​ເມນ" ຕັ້ງ​ຢູ່​ພາກ​ເໜືອ​ຂອງ​ຢູດາ. ເຊິ່ງ​ເປັນ​ພາກ​ໃຕ້​ຂອງ​ທະ​ເລ​ຊາຍ</li><li>​ທ່ານ​ນາ​ບານ​ເຈົ້າຂອງທີ່ດິນທີ່ລ່ຳລວຍກັບອາບີກາຍີນເມຍຂອງເຂົາອາໄສຢູ່ໃກ້ເມືອງກາເມນທີ່ຊຶ່ງດາວິດແລະຄົນຂອງທ່ານເຝົ້າຢາມໃຫ້ກັບຄົນລ້ຽງເກະຂອງນາບານ</li><li>ທີ່​ພູ​ເຂົາ​ກາ​ເມນນັ້ນ ເອ​ລີ​ຢາ​ໄດ້​ທ້າ​ທາຍ​ຜູ້​ທຳ​ນ​ວາຍ​ຂອງ​ພຣະ​ບາ​ອານ​ໃຫ້​ມີ​ການ​ແຂ່ງ​ຂັນ​ເພື່ອ​ພິ​ສູດ​ໃຫ້​ຮູ້​ວ່າພຣະ​ຢາ​ໂຮ​ວາ​ຊົງ​ເປັນ​ພ​ຣະ​ເຈົ້າທີ່ແທ້ຈິງ.</li><li>ເພື່ອ​ຄວາມ​ແຈ່ມ​ແຈ້ງ​ໃຫ້​ຮູ້​ວ່າ ​ຊື່ນີ້ບໍ່ແມ່ນພູເຂົາລູກດຽວ "ພູເຂົາກາເມນ" ສາມາດແປໄດ້ວ່າ "ພູເຂົາເທິງເນີນເຂົາກາເມນ" ຫຼື "ເນີນເຂົາກາເມນ".</li></ul>  
cast out	<h2 id="section">@ບັງ​ຄັບ​ອອກ​ໄປ, @ໄລ່ອອກ​ໄປ, @ໂຍນ​ອອກ​ໄປ</h2><h3 id="section-1">ນິຍາມ</h3><p>"ບັງ​ຄັບ​ອອກ​ໄປ"  ຫລື "ໄລ່ອອກ​ໄປ" ຜູ້​ໃດ​ຜູ​ນຶ່ງ ຫລື​ບາງ​ສິ່ງ​ບາງ​ຢ່າງ​ມີ​ຄວາມ​ໝາຍ​ວ່​າ ເປັນ​ການ​ບັງ​ຄັບ​ຜູ້​ໃດ​ຜູ້​ນຶ່ງ​ອອກ​ໄປ.</p><ul><li>ຄຳ​ວ່າ "ໄລ່​ອ​ອກ​ໄປ" ມີ​ຄວາມ​ໝາຍ​ດຽວກັນກັບ​ວ່າ "ໂຍນ" ​ການຂວາງແຫ ຫມາຍເຖິງການຂວາງແຫໄປໃນນ້ຳ.</li><li>ໃນ​​ກໍ​ຣະ​ນີ​ຂອງ​ຄຳປຽບ​ທຽບ  "ບັງຄັບອອກ​ໄປ" ​ຫລື​ໂຍນ​ຜູ້​ໃດ​ຜູ້​ນຶ່ງ​ອອກ​ໄປ ແມ່ນ​ການ​ປະ​ຕິ​ເສດ​ລາວ ໄລ່​ລາວ​ອອກ​ໄປ.</li></ul><p>ຄຳ​ແນະ​ນຳໃນ ການ​ແປ</p><ul><li>ການ​ແປ​ຄຳ​ນີ້ໃນ​ຮູບ​ແບບ​ອື່ນໆ​ສາ​ມາດ​ຮວມ​ທັງ "ບັງ​ຄັບ​ໃຫ້​ອອກ​ໄປ" ຫລື "ສົ່ງ​ອອກ​ໄປ" ຫລື  ​"ກຳ​ຈັດ​ອອກໄປ​ໃຫ້​ໝົດ"</li><li>ການຂັບໄລ່ຜີອອກໄປ"  ສາມາດແປໄດ້ວ່າ "ເຮັດໃຫ້ຜີອອກໄປ ຫລື​" ໄລ່ວິນຍານຊົ່ວອອກໄປ ຫລື "ໄລ່ພວກຜີອອກໄປ "ຫລື "ສັ່ງຜີໃຫ້ອອກມາ"</li></ul>  
caught up	<h2 id="section">@ຮັບ​ໄວ້, @ຕາມ​ທັນ</h2><h3 id="section-1">ນິຍາມ</h3><p>​ຄຳ​ວ່າ "ຮັບ​ໄວ້" ມັກ​ຈະ​ເວົ້າ​ເຖິງ​ພ​ຣະ​ເຈົ້າໄດ້ຊົງ​ຮັບ​ຂຶ້ນ​ໄປ​ຟ້າ​ສະຫວັນ​ທັນ​ທີ​ດ້ວຍ​ການ​ອັນ​ສະ​ຈັນ.</p><ul><li>ຄຳ​ວ່າ "ຕາມ​ມາ​ທັນ​ໃດ" ໝາຍ​ເຖິງ​ຜູ້​ໃດ​ຜູ້​ນຶ່ງ​ຕາມ​ມາ​ທັນ ເມື່ອ​ຟ້າວ​ມາຫາ . ຄຳ​ນຶ່ງ​ທີ່​ມີ​ຄວາມ​ໝາຍ​ຄື​ກັນ​ແມ່ນ "ໄລ່ຕາມ​ທັນ" ຈັບ​ໄດ້​ໄລ່​ທັນ</li><li>ອັກຄະ​ສາ​ວົກ​ໂປ​ໂລ​ໄດ້​ບອກ​ກ່ຽວກັບການ​​ຖືກ "ຮັບ​ຂຶ້ນ​ໄປ" ຍັງ​ທ້ອງ​ຟ້າ​ຊັ້​ນ​ທີ່​ສາມ ຄຳ​ນີ້​ສາ​ມາດ​ແປ​ໄດ້​ວ່າ "ຮັບ​ຂຶ້ນ​ໄປ"</li><li>ໂປ​ໂລໄດ້ບອກວ່າ​ເມື່ອ​ພ​ຣະ​ຄ​ຣິ​ດສະ​ເດັດ​ກັບ​ມາ ຄ​ຣິ​ສ​ຕຽນ ຈະ​ຖືກ​ຮັບ​"ຂຶ້ນ​ໄປ​ຟ້າ​ສະຫວັນ" ພ້ອມກັນເພື່ອຈະພົບ​ພ​ຣະ​ອົງ​ທີ່​ທ້ອງ​ຟ້າ.</li><li>ຄຳ​ອາ​ທິ​ບາຍ​ຄຳ​ປຽບ​ທຽບ 'ບາບ​ໄລ່​ເວນ​ທັນ" ສາ​ມາດ​ແປ​ວ່າ ຜົນ​ກັມ​ຕາມ​ມາສະ​ໜອງ​​ໃນ​ສິ່ງ​ທີ່​ເຮັດ​ມາ ສິ່ງ​ເຮັດ​ໃຫ້​ມີ​ບັນ​ຫາ.</li></ul>  
cedar	<h2 id="section">@ສີດາ</h2><h3 id="section-1">ນິຍາມ</h3><p>ຄຳວ່າ "ສີດາ" ກ່າວເຖິງຕົ້ນສົນຂະຫນາດໃຫຍ່ ທີ່ຕາມປົກກະຕິມີເນື້ອໄມ້ສີແດງປົນນ້ຳຕານ ເຊັ່ນດຽວກັບຕົ້ນສົນອື່ນໆ ມັນມີໝາກແລະໃບສີເຂັ້ມ</p><ul><li>ພັນທະສັນຍາເດີມມັກຈະກ່າວເຖິງຕົ້ນສົນສີດາໃນການເໍື່ໍຊອມໂຍງເຖິງເລບານອນທີ່ຊຶ່ງຕົ້ນສົນເຫຼົ່ານີ້ເຕີບໂຕງອກງາມ</li><li>ໄມ້ສົນສີດາໃຊ້ໃນການກໍ່ສ້າງພຣະວິຫານກຸງເຢລູຊາເລັມ</li><li>ນອກຈາກນີ້ື ສົນສີດາຫຍັງໃຊ້ໃນການເຮັດເຄື່ອງບູຊາ ແລະວິທີສຳລະເຮັດໃຫ້ປະຊາຊົນບໍລິສຸດ</li></ul>  
census	<h2 id="section">@ການຈົດທະບຽນສຳມະໂນຄົວ</h2><h3 id="section-1">ນິຍາມ</h3><p>ຄຳວ່າ"ການຈົດທະບຽນສຳມະໂນຄົວ"ແມ່ນການນັບຈຳນວນປະຊາຊົນຢ່າງເປັນທາງການໃນປະເທດນັ້ນໆ</p><ul><li>ພັນທະສັນຍາເດີມບັນທຶກໃນເວລາທີ່ແຕກຕ່າງກັນ ເມື່ອພຣະເຈົ້າໄດ້ຊົງບັນຊາໃຫ້ນັບຈຳນວນຜູ້ຊາຍອິດສະຣາເອນ ເທື່ອທຳອິດຕອນທີ່ຄົນອິດສະຣາເອນອອກຈາກເອຢິບ ແລະອີກເທື່ຶອຫນຶ່ງກ່ອນທີ່ພວກເຂົາຈະເຂົ້າໄປໃນແຜ່ນດິນການາອານ</li><li>ຈຸດປະສົງຂອງການຈົດທະບຽນສຳມະໂນຄົວເຮັດເພື່ອຈະຮູ້ວ່າຈຳນວນຂອງປະຊາຊົນນັ້ນມີຈຳນວນເທົ່າໃດທີ່ຄວນຈະຈ່າຍພາສີ</li><li>ຕົວຢ່າງ ມີເທື່ຶອຫນຶ່ງໃນພຣະຄຳອົບພະຍົບ ທີ່ການນັບພວກຜູ້ຊາຍອິດສະຣາເອນເພື່ອໃຫ້ແຕ່ລະຄົນຈ່າຍເງິນເຄິ່ງເຊເຂວສຳຫລັບການເບິ່ງແຍງພຣະວິຫານ</li><li>ເມື່ອຕອນພຣະເຢຊູນັ້ນຫບັງເປັນເດັກນ້ອຍ ລັດຖະບານໂຣມັນໄດ້ເຮັດການຈົດທະບຽນສຳມະໂນຄົວປະຊາຊົນທຸກຄົນທີ່ອາໄສຢູ່ທົ່ວຈັກກະພັດ ເພື່ອຮຽກຮ້ອງໃຫ້ພວກເຂົາໃຫ້ຈ່າຍພາສີ</li></ul><p>%ຄຳແນະນຳໃນການແປ</p><ul><li>ວິທິການເປັນໄປໄດ້ໃນການແປຄຳນີ້ສາມາດລວມທັງ"ການນັບຊື່"ຫລື"ຈົດລາຍຊື່"ຫລື"ລົງທະບຽນ"</li><li>ຄຳວ່າ"ຈົດທະບຽນສຳມະໂນຄົວ"ສາມາດແປໄດ້ວ່າ"ຈົດທະບຽນຫລືປະຊາຊົນ"ຫລື"ລົງທະບຽນປະຊາຊົນ"ຫລື"ຂຽນຊື່ປະຊາຊົນ</li></ul>  
centurion	<h2 id="section">@ນາຍຮ້ອຍ</h2><h3 id="section-1">ນິຍາມ</h3><p>ນາຍຮ້ອຍເປັນນາຍທະຫານໂຣມັນທີ່ມີກຸ່ມທະຫານ 100ຄົນ ຢູ່ພາຍໃຕ້ການບັງຄັບບັນຊາ</p><ul><li>ຄຳນີ້ສາມາດແປດ້ວຍຄຳທີ່ມີຄວາມຫມາຍວ່່າ"ຜູ້ນຳຂອງຄົນຫນຶ່ງຮ້ອຍຄົນ"</li><li>ນາຍຮ້ອຍຊາວໂຣມັນຄົນຫນຶ່ງມາຫາພຣະເຢຊູເພື່ອຂໍການຮັກສາໃຫ້ກັບຄົນຮັບໃຊ້ຂອງເຂົາ</li><li>ນາຍຮ້ອຍຄົນຫນຶ່ງທີ່ເບິ່ງການຄຶງພຣະເຢຊູທີ່ໄມ້ກາງແຂນເພິ່ນເສຍໃຈຫຼາຍເມື່ອຮູ້ວ່າພຣະເຢຊູຊົງສິ້ນພຣະຊົນຢ່າງໃດ</li><li>ພຣະເຈົ້າຊົງສົ່ງນາຍຮ້ອຍຄົນຫນຶ່ງໄປຫາເປໂຕ ເພື່ອທີ່ເປໂຕຈະອະທິບາຍຂ່າວປະເສີດເລື່ອງພຣະເຢຊູຄຣິດໃຫ້ພວກເຂົາຟັງ</li></ul>  
chaff	<h2 id="section">@ແກບ</h2><h3 id="section-1">ນິຍາມ</h3><p>ແກບຄືເປືອກທີ່ຫຸ້ມຫໍ່ເມັດເຂົ້າ ແກບບໍ່ດີສຳຫລັບເປັນອາຫານ ດັ່ງນັ້ນ ຄົນຈຶ່ງແຍກແກບອອກຈາກເມັດເຂົ້າ ແລະໂຍນຖິ້ມໄປ</p><ul><li>ຫລາຍເທື່ອທີ່ແກບຖືກແຍກອອກຈາກເມັດເຂົ້າໂດຍການຝັດສ່ວນຫົວຂອງເມັດຂຶ້ນໄປເທິງອາກາດ ລົມຈະພັດເອົາແກບອອກໄປ ແລະເມັດຈະຕົກລົງທີ່ພື້ນດິນ ຂະບວນການນີ້ເອີ້ນວ່າ "ຝັດຮ່ອນ"</li><li>ໃນພຣະຄຳພີ ຄຳນີ້ໃຊ້ເປັນຄຳປຽບທຽບ ທີ່ຫມາຍເຖິງຄົນຊົ່ວຮ້າຍ ຫລືສິ່ງທີ່ຊົ່ວຮ້າຍແລະໄຮ່ຄ່າ</li></ul>  
chaldeans	<h2 id="section">@ເຄເດັຍ,ຊາວເຄເດັຍ</h2><h3 id="section-1">ຂໍ້ເທັດຈິງ</h3><p>ເຄເດັຍເປັນແຄ້ວນໃນຕອນໃຕ້ຂອງເມໂຊໂປຕາເມຍ ຫລື ບາບີໂລນຄົນທີ່ອາໃສຢູ່ໃນແຄ້ວນນີ້ ເອີ້ນວ່າຊາວເມເດຍ.</p><ul><li>ເມືອງເອີ ເມືອງທີ່ອັບບຣາຮາມຈາກມາ ຕັ້ງຢູ່ໃນແຄວ້ນເມເດຍ</li></ul><p>ເມືອງນີ້ມັກຈະຖືກເອີ້ນວ່າ "ເມືອງເອີແຫ່ງເມເດຍ."</p><ul><li>ກະສັດເນບູກາດເນັດຊາເປັນຄົນໜຶ່ງໃນຊາວເມເດຍ ຫລາຍຄົນທີ່ໄດ້ເປັນກະສັດເໜືອບາບີໂລນ.</li><li>ຫລັງຈາກນັ້ນຫລາຍປີ ປະມານ 600 ກ.ຄ.ສ ຄຳວ່າ"ຊາວເມເດຍໄດ້ໝາຍເຖີງ "ຊາວບາບີໂລນ.</li><li>ໃນພຣະທັມດານີເອນ ຄຳວ່າ "ຊາວເມເດຍ" ໝາຍເຖີງຜູ້ຊາຍ</li></ul><p>ຊັ້ນພິເສດທີ່ມີການສຶກສາສູງແລະສຶກສາດວງດາວ.</p>  
chariot	<h2 id="section">@ລົດຣົບ</h2><h3 id="section-1">ນິຍາມ</h3><p>ໃນສະໃໝໂບລານ ລົດຣົບມີນ້ຳຫນັກເບົາ ມີສອງລໍ້ທີ່ມ້າແກ່ໄປ</p><ul><li>ຄົນອາດຈະນັ່ງຫລືຢືນໃນລົດຣົບ ແລະໃຊ້ລົດລົບເຫລົ່ານີ້ເຮັດສົງຄາມຫລືເດີນທາງ.</li><li>ໃນສົງຄາມ ກອງທັບທີ່ມີລົດຣົບຈະໄດ້ປຽບໃນເລື້ອງຂອງຄວາມ</li></ul><p>ໃວແລະເຄື່ອນທີ່ໄດ້ຢ່າງວອ່ງໃວເຫນືອສັດຕູທີ່ບໍ່ມີລົດຣົບ</p><ul><li>ໃນສະໃຫມ ເອຢິບໂບຮານແລະໂຣມມີຊື່ສຽງໃນການໃຊ້ມ້າແລະລົດຣົບ.</li></ul>  
cherethites	<h2 id="section">@ເຄເຣທີ</h2><h3 id="section-1">ຂໍ້ເທັດຈິງ</h3><p>ຄົນເຄເຣທີເປັນກຸ່ມຄົນທີ່ອາດຈະເປັນສ່ວນຫນຶ່ງຂອງຄົນຟີລິດສະຕິນ ຊຶ່ງມັກຈະຂຽນວ່າ"ເຄເຣທີ"</p><ul><li>ຄົນເຄເຣທີແລະຄົນເປເລັດ "ເປັນກຸ່ມທະຫານພິເສດຈາກກອງທັບຂອງກະສັດດາວິດຜູ້ທີ່ຖວາຍຕົວເປັນໜ່ວຍປອ້ງກັນຂອງດາວິດ.</li><li>ເບໃນຢາ ລູກຂອງເຢໂຮຢາດາ ເປັນຄົນຫນຶ່ງໃນຄະນະທີ່ປຶກສາຂອງດາວິດ ເຂົາເປັນຜູ້ນຳຂອງຄົນເຄເຣທີແລະຄົນເປເລັດ.</li><li>ຄົນເຄເຣທີຍັງຄົງຢູ່ກັບດາວິດ ໃນຕອນດາວິດຫນີອອກຈາກນະຄອນເຢລູຊາແລັມ ເພາະການກະບົດຂອງອັບຊາໂລມ.</li></ul>  
cherubim	<h2 id="section">@ເຊີຣູບີມ,ເຄຣູບ</h2><h3 id="section-1">ນິຍາມ</h3><p>ຄຳວ່າ "ເຊຣູບີມ "ແລະຮູບພະຫູພົດຂອງຄຳນີ້ຄື "ເຄຣູບ" ກ່າວເຖີງສິ່ງທີ່ມີຊີວິດໃນທອ້ງຟ້າທີ່ພຣະເຈົ້າໄດ້ສ້າງປະເພດຫນຶ່ງ ພຣະຄັມພີອະທິບາຍວ່າເຄຣູບິມມີປີກແລະແປວໄຟ.</p><ul><li>ເຊຣູບິມ ໃຫ້ເຫັນເຖີງພຣະຣັດສະຫມີແລະຣິດອຳນາດຂອງພຣະເຈົ້າແລະເບິ່ງເຫມືອນຈະເປັນຜູ້ພີທັກສິ່ງທີ່ບໍຣິສຸດ.</li><li>ຫລັງຈາກອາດາມກັບເອວາໄດ້ເຮັດບາບພຣະເຈົ້າໄດ້ຕັ້ງເຊຣູບິມຖືດາບໄຟຢູ່ດາ້ນຕາເວັນອອກຂອງສວນເອເດນເພື່ອທີຈະບໍ່ໃຫ້ຄົນໃດເຂົ້າໄປເຖີງຕົ້ນໃມ້ແຫ່ງຊີວິດໄດ້.</li><li>ພຣະເຈົ້າໄດ້ຊົງບັນຊາຄົນອິດສຣະເອນໃຫ້ແກະສະຫລັກເຄຣູບສອງຕົນຫັນຫນ້າເຂົ້າຫາກັນມີປີກຈອດກັນ ຕັ້ງຢູ່ເຫນືອພຣະທີ່ນັ່ງກະຣຸນນາຂອງຫີບແຫ່ງພັນທະສັນຍາ.</li><li>ພຣະອົງຊົງບອກໃຫ້ພວກເຂົາປັກຮູບຂອງເຄຣູບເທິງຜ້າກັ້ງຂອງພັບພາດວ້ຍ.</li><li>ໃນບາງຕອນ ໄດ້ອະທິບາຍສິ່ງທີ່ຊົງສ້າງເຫົລ່ານີ້ວ່າມີສີຫນ້າ ຄື</li></ul><p>ຫນ້າຂອງມະນຸດ ສິງໂຕ ງົວ ແລະນົກອີນຊີ.</p><ul><li>ບາງຄັ້ງ ອາດຈະມີຄວາມຄິດວ່າເຊຣູບິມເປັນພວກທູດສະຫັວນ</li></ul><p>ແຕ່ພຣະຄັມພີບໍ່ໄດ້ຂຽນໃວ້ຢ່າງຊັດເຈນຢ່າງນັ້ນ.</p><p>%ຄຳແນະນຳໃນການແປ</p><ul><li>ຄຳວ່າ "ເຊຣູບິມສາມາດແປໄດ້ວ່າ "ພວກສິ່ງທີ່ຊົງສ້າງທີ່ມີປີກ</li></ul><p>ຫລື "ເຫລົ່າຜູ້ພິທັກທີ່ມີປີກ" ຫລື ເຫລົ່າຜູ້ພິທັກຝ່າຍຈິດວິນຍານ ທີ່ມີປີກ" ຫລື ເຫລົ່າຜູ້ພິທັກທີ່ບໍຣິສຸດແລະມີປີກ.</p><ul><li>"ເຊຣູບິມ"ຄວນຈະແປໃນຮູບເອກກະພົດຂອງໆເຊຣູບິມ ຢ່າງໃນຄຳ"ສິ່ງທີ່ຊົງສ້າງທີ່ມີປີກ" ຫລື ຜູ້ພິທັກຝ່າຍວິນຍານທີ່ມີປີກ</li></ul><p>ເປັນຕົ້ນ.</p><ul><li>ຂໍໃຫ້ແນ່ໃຈວ່າການແປຄຳນີ້ແຕກຕ່າງຈາກການແປຄຳວ່າ"ທູດສະຫັວນ"</li><li>ຂໍໃຫ້ພິຈາຣະນາເຖີງການແປຫລືຂຽນຄຳນິ້ໃນການແປພຣະຄັມພີໃນພາສາທອ້ງຖິ່ນຫລືພາສາກາງດວ້ຍ.</li></ul>  
chief	<h2 id="section">@ຫົວໜ້າ</h2><h3 id="section-1">ນິຍາມ</h3><p>ຄຳວ່າ "ຫົວໜ້າ" ກ່າວເຖິງຜູ້ນຳທີ່ມີອຳນາດຫລືສຳຄັນທີ່ສຸດຂອງກຸ່ມໃດກຸ່ມໜຶ່ງ.</p><ul><li>ຕົວຢ່າງຄຳນີ້ລວມເຖິງຄຳວ່າ "ຫົວໜ້ານັກດົນຕີ, "ຫົວ</li></ul><p>ໜ້າປະໂຣຫິດ," ແລະ "ຫົວໜ້າຄົນເກັບພາສີ." ແລະ "ຫົວໜ້າຜູ້ປົກຄອງ."</p><ul><li>ຄຳນີ້ໃຊ້ສຳລັບຫົວໜ້າຄອບຄົວໄດ້ດວ້ຍ, ຢ່າງເຊັ່ນ ໃນປະຖົມມະການບົດທີ 36 ທີ່ບອກວ່າພວກຜູ້ຊາຍທີ່ມີຊື່ເອີ້ນເປັນ "ພວກຫົວໜ້າ" ຂອງເຜົ່າຄອບຄົວ. ໃນຖ້ອຍຄຳນີ້, ຄຳວ່າ "ຫົວໜ້າ" ສາມາດແປວ່າ "ຜູ້ນຳ" ຫຼື " ຫົວໜ້າຄອບຄົວ."</li><li>ເມື່ອໃຊ້ອະທິບາຍຄຳນາມ, ຄຳນີ້ແປໄດ້ວ່າ "ການນຳ" ຫຼື "ການປົກຄອງ," ຢ່າງເຊັ່ນ "ການນຳຄະນະນັກດົນຕີ" ຫລື "ພວກປະໂຣຫິດທີ່ປົກຄອງ."</li></ul>  
chief priests	<h2 id="section">@ພວກຫົວໜ້າປະໂຣຫິດ</h2><h3 id="section-1">ນິຍາມ</h3><p>ພວກຫົວໜ້າປະໂຣຫິດເປັນຜູ້ນຳທາງສາສະໜາຂອງຊາວຢິວທີ່ສຳຄັນໃນຊ່ວງເວລາທີ່ພຣະເຢຊູຊົງດຳລົງຊີວິດຢູ່ເທິງແຜ່ນດິນໂລກ.</p><ul><li>ພວກຫົວໜ້າປະໂຣຫິດຮັບຜິດຊອບທຸກສິ່ງທີ່ຈຳເປັນສຳລັບການນະມັດສະການທີ່ພຣະວິຫານ, ພວກເຂົາຍັງມີໜ້າທີ່ຮັກສາ ເງິນທີ່ໄດ້ຖວາຍໃຫ້ກັບພຣະວິຫານດວ້ຍ.</li><li>ພວກເຂົາຢູ່ໃນລະດັບສູງກວ່າແລະມີອຳຫລາຍກວ່າປະໂຣຫິດທົ່ວໄປ. ມີແຕ່ມະຫາປະໂຣຫິດເທົ່ານັ້ນທີ່ມີສິດອຳນາດເໜືອເຂົາ.</li><li>ພວກຫົວໜ້າປະໂຣຫິດເປັນສັດຕູທີ່ສຳຄັນຂອງພຣະເຢຊູພວກເຂົາພະຍາຍາມຍຸຍົງ ໃຫ້ຜູ້ນຳຊາວໂຣມັນຈັບກຸມແລະຂ້າພຣະອົງ.</li></ul><h3 id="section-2">ຄຳແນະນຳໃນການແປ</h3><ul><li>ຄຳວ່າ "ພວກຫົວໜ້າປະໂຣຫິດ" ສາມາດແປໄດ້ວ່າ "ພວກປະໂຣຫິດຄົນສຳຄັນ" ຫຼື "ພວກຜູ້ນຳປະໂຣຫິດ" ຫຼື "ພວກປະໂຣຫິດທີ່ປົກຄອງ."</li><li>ຂໍໃຫ້ແນ່ໃຈວ່າ ຄຳນີ້ແປແຕກຕ່າງຈາກຄຳວ່າ "ມະຫາປະໂຣຫິດ."</li></ul>  
children	<h2 id="section">@ພວກເດັກ,ເດັກ,ລູກ</h2><h3 id="section-1">ນິຍາມ</h3><p>ໃນພຣະຄຳພີ ຄຳວ່າ "ເດັກ"ມັກຈະໃຊ້ໂດຍທົ່ວໄປທີ່ກ່າວເຖີງຄົນທີ່ຢູ່ໃນວັຍເດັກ ລວມເຖີງເດັກນອ້ຍດ້ວຍ ຄຳວ່າ "ພວກເດັກ"ເປັນຮູບພະຫູບົດ ແລະຍັງໃຊ້ເປັນຄຳປຽບທຽບດວ້ຍ.</p><ul><li>ໃນພຣະຄັມພີ ພວກສາວົກ ຫລືພວກຄົນທີ່ຕິດຕາມ ບາງຄັ້ງກໍເອີ້ນວ່າ "ພວກເດັກ".</li><li>ຄຳວ່າ "ພວກເດັກ" ມັກຈະໃຊ້ຫມາຍເຖີງເຊຶ້ອສາຍຂອງບຸກຄົນ</li><li>ຄຳເວົ້າ "ພວກຂອງເດັກ" ສາມາດໃຊ້ໃນຄວາມຫມາຍຂອງການບອກເປັນລັກສະນະຂອງບາງສິ່ງ ມີຕົວຢ່າງຂອງຄຳນີ້ຢູ່ເຊັ່ນ</li><li>ພວກລູກຂອງຄວາມສະຫວ່າງ.</li><li>ພວກລູກແຫ່ງການເຊື່ອຟັງ.</li><li>ພວກລູກຂອງມານ.</li><li>ຄຳນີ້ສາມາດເວົ້າເຖີງຄົນທີ່ກ່າວເຖີງພວກລູກຝ່າຍວິນຍານ</li></ul><p>ກໍໄດ້ ຕົວຢ່າງເຊັ່ນ "ພວກລູກຂອງພຣະເຈົ້າ" ຊຶ່ງກ່າວເຖີງຄົນທີ່ເປັນຂອງພຣະເຈົ້າໂດຍທາງຄວາມເຊື່ອໃນພຣະເຢຊູ.</p><h3 id="section-2">ຄຳແນະນຳໃນການແປ</h3><ul><li>ຄຳວ່າ "ພວກລູກ" ສາມາດແປໄດ້ວ່າ "ພວກເຊື້ອສາຍ" ເມື່ອຄຳນີ້ເມື່ອກ່າວເຖີງຄົນທີ່ເປັນເຫລັນ ຫລືໂຫລ້ນເປັນຕົ້ນ.</li><li>"ພວກລູກຂອງເຂົາ" ສາມາດແປໄດ້ວ່າຄົນທີ່ມີລັກສະນະຂອງ"</li></ul><p>ຫລື "ຄົນທີ່ເຮັດດີເຫມືອນກັນ" ຂື້ນຢູ່ກັບບໍຣິບົດ.</p><ul><li>ຖ້າເປັນໄປໄດ້ ຄຳເວົ້າ "ພວກລູກຂອງພຣະເຈົ້າ" ຄວນແປຕາມຕົວຫນັງສື ເນື່ອງຈາກຄວາມທີ່ສຳຄັນຕາມພຣະຄຳພີ ຄືພຣະເຈົ້າຊົງເປັນພຣະບິດາແຫ່ງສະຫັວນຂອງເຮົາ ການແປທີ່ເລືອກມາໃຊ້ໄດ້ອາດຈະເປັນ" ຄົນທີ່ເປັນຂອງພຣະເຈົ້າ" ພວກລູກຝາ່ຍວິນຍານຂອງພຣະເຈົ້າ.</li><li>ເມື່ອພຣະເຢຊູຊົງເອີ້ນພວກສາວົກຂອງພຣະອົົງວ່າ"ພວກລູກ"</li></ul><p>ຄຳນີ້ຄວນແປວ່າ "ພວກເພື່ອນຜູ້ສັດທາທີ່ຮັກ"ກໍໄດ້</p><ul><li>ຄຳເວົ້າ "ພວກລູກແຫ່ງພັນທະສັນຍາ" ສາມາດແປໄດ້ວ່າ "ຄົນທີ່ຮັບສິ່ງທີ່ພຣະເຈົ້າໄດ້ງສັນຍາກັບພວກເຂົາ.</li></ul>  
christ	<h2 id="section">@ພຣະຄຣິດ,ພຣະເມສີອາ</h2><h3 id="section-1">ນິຍາມ</h3><p>ຄຳວ່າ "ພຣະເມສີອາ"ແລະ "ພຣະຄຣິດ" ຫມາຍເຖີງ" ຜູ້ທີ່ໄດ້ຮັບການຊົງເຈີມ" ແລະກ່າວເຖີງພຣະເຢຊູ ພຣະບຸດຂອງພຣະເຈົ້າ.</p><ul><li>ທັງຄຳວ່າ "ພຣະເມສີອາ"ແລະ"ພຣະຄຣິດ"ໃຊ້ໃນພັນທະສັນຍາໄຫມ່ທີ່ກ່າວເຖີງພຣະບຸດຂອງພຣະເຈົ້າຜູ້ທີ່ພຣະເຈົ້າພຣະບິດາຊົງແຕ່ງຕັ້ງເພື່ອໃຫ້ຄອບຄອງເປັນກະສັດ ເຫນືອປະຊາກອນຂອງພຣະອົງແລະຊວ່ຍພວກເຂົາໃຫ້ລອດຈາກຄວາມບາບແລະຄວາມຕາຍ.</li><li>ໃນພັນທະສັນຍາເດີມ ຜູ້ປະກາດພຣະທັມໄດ້ຂຽນຄຳປະກາດພຣະທັມກ່ຽວກັບພຣະເມສີອາໄວ້ຫລາຍຮອ້ຍປີກອ່ນທີ່ພຣະອົງຈະສະເດັດເຂົ້າມາໃນໂລກ..</li><li>ຫລາຍຄັ້ງທີ່ຄຳຫມາຍຂອງຄຳວ່າ"(ຜູ້ທີ່) ໄດ້ຮັບການຊົງເຈີມ"</li></ul><p>ໄດ້ໃຊ້ໃນພັນທະສັນຍາເດີມໃນການກ່າວເຖີງພຣະເມສີອາຜູ້ທີ່ຈະສະເດັດມາ.</p><ul><li>ພຣະເຢຊູຊົງເຮັດໃຫ້ຄຳປະກາດພຣະທັມເຫລົ່ານີ້ສຳເຣັດເປັນຈິງແລະເຮັດການອັດສະຈັນຫລາຍຢ່າງທີ່ເປັນການພິສູດ</li></ul><p>ວ່າພຣະອົງຊົງເປັນພຣະເມສີອາຄຳກ່າວພະທັມເຫລົ່ານີ້ສຳເຣັດເມື່ອພຣະອົງສະເດັດກັບມາ.</p><ul><li>ຄຳວ່າ "ພຣະຄຣິດ" ມັກໃຊ້ເອີ້ນພຣະນາມ ຢ່າງເຊັ່ນ "ພຣະຄຣິດ"ແລ "ພຣະເຢຊູຄຣິດ" .</li><li>"ພຣະຄຣິດ"ຖືກນຳມາໃຊ້ເປັນສ່ວນຫນຶ່ງຂອງພຣະນາມ ຢ່າງເຊັ່ນ "ພຣະເຢຊູຄຣິດ".</li></ul><h3 id="section-2">ຄຳແນະນຳໃນການແປ</h3><ul><li>ຄຳນີ້ສາມາດແປໄດ້ໂດຍການໃຊ້ຄວາມຫມາຍຂອງ "ຜູ້ຊົງຮັບການເຈີມ" ຫລື "ພຣະຜູ້ຊ່ວຍໃຫ້ລອດທີ່ໄດ້ຮັບການຊົງເຈີມຂອງພຣະເຈົ້າ"</li><li>ຫລາຍພາສາທີ່ໃຊ້ຄຳແປທີ່ເບີ່ງເຫມືອນ ຫລື ຫນ້າຈະເຫມືອນ</li></ul><p>"ພຣະຄຣິດ" ຫລື ພຣະເມສີອາ.</p>  
christian	<h2 id="section">@ຄຣິສຕຽນ</h2><h3 id="section-1">ນິຍາມ</h3><p>ຫລັງຈາກທີ່ພຣະເຢຊູສະເດັດກັບສູ່ສະຫັວນ ຄົນທົ່ວໄປໄດ້ເອີ້ນຊື່"ຄຣິສຕຽນ" ທີ່ມີຄວາມຫມາຍວ່າ "ຜູ້ຕິດຕາມພຣະຄຣິດ"</p><ul><li>ບັນດາຜູ້ຕິດຕາມພຣະເຢຊູໄດ້ຖືກເອີ້ນວ່າ "ຄຣິສຕຽນ"ເປັນຄັ້ງທຳອິດໃນເມືອງອັນທີໂອເຂຍ.</li><li>ຄຣິສຕຽນເປັນຜູ້ທີ່ສັດທາວ່າພຣະເຢຊູຊົງເປັນພຣະບຸດຂອງພຣະເຈົ້າແລະຜູ້ທີ່ວາງໃຈໃນພຣະເຢຊູທີ່ຈະຊວ່ຍເຂົາໃຫ້ລອດຈາກບາບທັງປວງຂອງເຂົາ.</li><li>ໃນສະໄຫມປະຈຸບັນນີ້ ຫລາຍຄັ້ງທີ່ຄຳວ່າ "ຄຣິສຕຽນ"ໃຊ້ສຳຫລັບຄົນທີ່ລະບຸຕົວຕົນວ່າເປັນຄົນຖືສາດສະຫນາຄຣິສ ແຕ່ບໍ່ໄດ້ເປັນຜູ້ຕິດຕາມພຣະເຢຊູຈິງໆ ນີ້ບໍ່ແມ່ນຄວາມ</li></ul><p>ຫມາຍຂອງ "ຄຣິສຕຽນ" ໃນພຣະຄຳພີ.</p><ul><li>ເພາະຄຳວ່າ  "ຄຣິສຕຽນ " ໃນພຣະຄຳພີກ່າວເຖີງບາງຄົນທີ່ເປັນຜູ້ສັດທາຢ່າງແທ້ຈິງໃນພຣະເຢຊູ ຄຣິສຕຽນຍັງຖືກເອີ້ນວ່າ</li></ul><p>"ຜູ້ສັດທາ"ດວ້ຍ.</p><h3 id="section-2">ຄຳແນະນຳໃນການແປ</h3><ul><li>ຄຳນີ້ສາມາດແປໄດ້ວ່າ "ຜູ້ຕິດຕາມພຣະຄຣິດ" ຫລື "ຜູ້ຕິດຕາມຂອງພຣະຄຣິດ" ຫລືບາງທີກໍເຫມືອນກັບ "ຄົນຂອງພຣະຄຣິດ".</li><li>ຂໍໃຫ້ແນ່ໃຈວ່າການແປຄຳນີ້ຈະແຕກຕ່າງໄປຈາກຄຳທີ່ໃຊ້ສຳຫລັບສາວົກ ຫລືປະໂລຫິດ.</li><li>ຂໍໃຫ້ລະມັດລະວັງໃນການແປຄຳນີ້ດວ້ຍຄຳທີ່ສາມາດກ່າວເຖີງ</li></ul><p>ທຸກຄົນທີ່ເປັນຜູ້ສັດທາ ໃນພຣະເຢຊູ ບໍ່ແມ່ນສະເພາະກຸ່ມຄົນ.</p><ul><li>ຂໍພິຈາຣະນາໃຫ້ດີໃນການແປຄຳນີ້ໃນພຣະຄຳພີໃນພາສາທອ້ງຖິ່ນ ຫລື ພາສາກາງດວ້ຍ.</li></ul>  
chronicles	<h2 id="section">@ກະສັດ</h2><h3 id="section-1">ນິຍາມ</h3><p>ຄຳວ່າ "ກະສັດ" ກ່າວເຖີງ ການຂຽນບັນທຶກເຫດການໃນຊວ່ງລະຍະເວລາຫນຶ່ງ.</p><ul><li>ພຣະທຳໃນພັນທະສັນຍາເດີມສອງເຫັ້ລມທີ່ມີຊື່ວ່າ "ພຣະທຳ1ກະສັດ" ແລະພຣະທຳກະສັດສະບັບທີ2"</li><li>ພຣະທຳທີ່ຊື່ວ່າ "ກະສັດ" ໄດ້ບັນທຶກສ່ວນຫນຶ່ງຂອງປະຫວັດສາດຂອງຊົນຊາດອິສະຣາເອນ ເລີ່ມດວ້ຍລາຍຊື່ຂອງຜູ້ຄົນໃນທຸກຊົ່ວອາຍຸຄົນຕັ້ງແຕ່ອາດາມ.</li><li>ພຣະທຳກະສັດສະບັບທີ1  "ບັນທຶກບັ້ນປາຍຊີວິດຂອງກະສັດຊາອູນ ແລະເຫດການໃນສະໄຫມກະສັດດາວິດຊົງຄອງຣາຊ.</li><li>ພຣະທຳກະສັດສະບັບທີ2 "ບັນທຶກການຄອງຣາຊຂອງກະສັດໂຊໂລໂມນແລະກະສັດອີຫລາຍອົງ ລວມທັງການສ້າງພຣະວິຫານແລະການແຕກແຍກຂອງອານາຈັກອິສະຣາເອນ</li></ul><p>ຝ່າຍເຫນືອອອກຈາກອານາຈັກຝ່າຍໃຕ້.</p><ul><li>ຕອນຈົບຂອງພຣະທຳກະສັດສະບັບທີ2 ໄດ້ອະທິບາຍເຖີງຈຸດເລີ່ມຕົ້ນຂອງການຖືກຈັບໄປເປັນສະເລີຍທີ່ບາບີໂລນ.</li></ul>  
church	<h2 id="section">@ຄຣິສຕະຈັກ</h2><h3 id="section-1">ນິຍາມ</h3><p>ໃນພັນທະສັນຍາໃຫມ່ ຄຳວ່າ "ຄຣິສຕະຈັກ" ກ່າວເຖີງກຸ່ມຜູ້ເຊື່ອໃນພຣະເຢຊູໃນທອ້ງຖິ່ນ ທີ່ມາລວມກັນຢູ່ຢ່າງສະຫມ່ຳສະເໝີເພື່ອທີ່ຈະອະທິຖານ ແລະຟັງພຣະຄຳຂອງພຣະເຈົ້າ ຄຳວ່າ "ຄຣິສຕະຈັກ" ມັກຈະຫມາຍເຖີງຄຣິສຕຽນທຸກຄົນ.</p><ul><li>ຄຳນີ້ກ່າວຕາມຕົວຫນັງສືວ່າ "ຖືກເອີ້ນອອກມາ"ການລວມກັນ ຫລື ຊຸມນຸມກັນຂອງປະຊາຊົນທີ່ມາລວມກັນເພື່ອເປົ້າຫມາຍສະເພາະ.</li><li>ເມື່ອຄຳນີ້ໃຊ້ກ່າວເຖີງຜູ້ທີ່ເຊື່ອທຸກຄົນໃນທຸກທີ່ໃນພຣະກາຍຂອງພຣະຄຣິດ ການແປພຣະຄຳພີພາສາອັງກິດບາງສະບັບໃຊ້ຫນັງສືຕົວທຳອິດເປັນຕົວໃຫຍ່("Church") ເພື່ອໃຫ້ເປັນຄວາມແຕກຕ່າງຂອງຄຳນີ້ ຈາກຄຣິສຕະຈັກທອ້ງຖິ່ນ.</li><li>ບັນດາຜູ້ເຊື່ອໃນເມືອງໃດເມືອງຫນຶ່ງມັກຈະປະຊຸມກັນໃນບ້ານຂອງຄົນໃດຄົນຫນຶ່ງ ຄຣິສຕະຈັກທອ້ງຖິ່ນເຫົ່ລານີ້ໄດ້ຕັ້ງຊື່ຕາມເມືອງນັ້ນໆຢ່າງເຊັ່ນ "ຄຣິສຕະຈັກເອເຟໂຊ" .</li></ul><p>ໃນພຣະຄຳພີ "ຄຣິສຕະຈັກ" ບໍ່ໄດ້ຫມາຍເຖີງອາຄານ.</p><p>%ຄຳແນະນຳໃນການແປ</p><ul><li>ຄຳວ່າ "ຄຣິສຕະຈັກ" ສາມາດແປໄດ້ວ່າ "ຊຸມນຸມກັນ" ຫລື "ລວມຕົວກັນ" ຫລື "ການຮວ່ມຊຸມນຸມກັນ" ຫລື "ຄົນທີ່ມາປະຊຸມກັນ" .</li><li>ຄຳຫລື ຄຳເວົ້າທີ່ໃຊ້ແປຄຳນີ້ຄວນຈະຫມາຍເຖີງຜູ້ເຊື່ອທຸກຄົນ ບໍ່ແມ່ນພຽງກຸ່ມນອ້ຍໆ ພຽງກຸ່ມດຽວ.</li><li>ຂໍໃຫ້ແນ່ໃຈວ່າການແປຄຳວ່າ "ຄຣິສຕະຈັກ" ບໍ່ໄດ້ຫມາຍເຖີງອາຄານ".</li><li>ຄຳທີ່ໃຊ້ແປ "ການລວມຕົວກັນ" ໃນພັນທະສັນຍາເດີມສາມາດໃຊ້ແປຄຳນີ້ໄດ້ດວ້ຍ.</li><li>ຂໍໃຫ້ພິຈາຣະນາໃຫ້ດີໃນການແປຄຳນີ້ ໃນການແປພຣະຄັມພີໃນພາສາທອ້ງຖິ່ນ ຫລື ພາສາກາງ.</li></ul>  
cilicia	<h2 id="section">@ຊີລີເຊຍ</h2><h3 id="section-1">ຂໍ້ເທັດຈິງ</h3><p>ຊີລີເຊຍເປັນແຄວ້ນນ້ອຍໆຂອງໂຣມັນຕັ້ງຢູ່ທາງພາກໃຕ້ ຊຶ່ງໃນປະຈຸບັນນີ້ເປັນປະເທດຕູຣະກີ. ແຄວ້ນນີ້ຢູ່ຕິດກັບທະເລກີລີເກຍ.</p><ul><li>ອັກຄະສາວົກໂປໂລເປັນພົນລະເມືອງຂອງເມືອງທາຊັດທີ່</li></ul><p>ຕັ້ງຢູ່ໃນແຄວ້ນນຊີລີເຊຍ.</p><ul><li>ໂປໂລໃຊ້ເວລາຫລາຍປີໃນແຄ້ວນຊີລິເຊຍຫຼັງຈາກທີ່ທ່ານໄດ້ພົບກັບພຣະເຢຊູໃນຖະໜົນທີ່ໄປຍັງເມືອງດາມັສກັດ.</li><li>ພວກຢິວບາງຄົນຈາກແຄ້ວນຊີລີເຊຍຢູ່ໃນພວກຄົນທີ່ປະເຊີນໜ້າກັບຊະເຕຟາໂນແລະຍຸຍົງໃຫ້ປະຊາຊົນເອົາກ້ອນຫີນແກວ່ງໃສ່ເຂົາຈົນຕາຍ.</li></ul>  
circumcise	<h2 id="section">@ເຂົ້າພິທີຕັດ, @ການເຂົ້າພິທີຕັດ</h2><h3 id="section-1">ນິຍາມ</h3><p>ຄຳວ່າ "ເຂົ້າພິທີຕັດ" ໝາຍເຖິງການຕັດໜັງຫຸ້ມປາຍອົງຄະຊາດຂອງຜູ້ຊາຍຫຼືເດັກຊາຍ. ພິທີການເຂົ້າພິທີຕັດອາດຈະຈັດຂື້ນເພື່ອດຳເນີນການໃນເລື່ອງນີ້.</p><ul><li>ພຣະເຈົ້າໄດ້ສັ່ງກັບອັບຣາຮາມໃຫ້ຜູ້ຊາຍໃນຄອບຄົວແລະຄົນຮັບໃຊ້ທຸກຄົນເຂົ້າພິທີຕັດເພື່ອເປັນເຄື່ອງໝາຍຂອງພັນທະສັນຍາຂອງພຣະເຈົ້າທີ່ພຣະອົງຊົງກະທຳກັບພວກເຂົາ.</li><li>ພະເຈົ້າໄດ້ຊົງສັ່ງໃຫ້ເຊື້ອສາຍຂອງອັບຣາຮາມຈະຕ້ອງເຮັດການນີ້ຕໍ່ໄປກັບເດັກນ້ອຍຜູ້ຊາຍທີ່ເກີດໃນຄອບຄົວຂອງພວກເຂົາ.</li><li>ຄຳເວົ້າ, "ການເຂົ້າພິທີຕັດຫົວໃຈ" ໝາຍເຖິງຄຳປຽບທຽບຂອງ "ການຕັດອອກໄປ" ຫລື ການເອົາຄວາມບາບອອກໄປຈາກບຸກຄົນ.</li><li>ໃນຝ່າຍວິນຍານ, "ການເຂົ້າພິທີຕັດ"ໝາຍເຖິງຄົນທີ່ພຣະເຈົ້າຊົງຊຳລະຈາກບາບໂດຍພຣະໂລຫິດຂອງພຣະເຢຊູ ແລະຜູ້ທີ່ເປັນປະຊາຊົນຂອງພຣະອົງ.</li><li>ຄຳວ່າ "ບໍ່ໄດ້ເຂົ້າພິທີຕັດ" ໝາຍເຖິງຄົນເຫົ່ຼານັ້ນທີ່ບໍ່ໄດ້ເຂົ້າພິທີຕັດທາງຮ່າງກາຍ. ຄຳນີ້ຍັງໝາຍເຖິງຄົນທີ່ຍັງບໍ່ໄດ້ເຂົ້າພິທີຕັດຝ່າຍວິນຍານ, ຊຶ່ງເປັນບຸກຄົນທີ່ບໍ່ມີຄວາມສຳພັນກັບພຣະເຈົ້າດວ້ຍ.</li></ul><h3 id="section-2">ຄຳແນະນຳໃນການແປ</h3><ul><li>ຖ້າວັດທະນະທໍາທາງພາສາທີ່ຈະແປມີການເຂົ້າພິທີຕັດໃນຜູ້ຊາຍ, ຄຳທີ່ໃຊ້ຄຳເວົ້າເຖິງການກະທຳນີ້ອາດຈະໃຊ້ສຳລັບຄຳນີ້ໄດ້.</li><li>ການແປຄຳນີ້ ໃນຮູບແບບອື່ນໆ ໜ້າຈະເປັນ"ຕັດຮອບໆ" ຫຼື</li></ul><p>ຕັດເປັນວົງກົມ" ຫຼື "ຕັດໜັງຫຸ້ມອົງຄະຊາດອອກ."</p><ul><li>ໃນວັດທະນະທໍາທີ່ການເຂົ້າພິທີຕັດບໍ່ເປັນທີ່ຮູ້ຈັກ, ຄຳນີ້ຈຳເປັນຕ້ອງອະທິບາຍໃນສາລະບານຫົວເລື່ອງ.</li><li>ຂໍໃຫ້ແນ່ໃຈວ່າ ຄຳທີ່ໃຊ້ແປຄຳນີ້ບໍ່ໄດ້ໝາຍເຖິງຜູ້ຍິງ. ຄຳນີ້ຈຳເປັນຕອ້ງແປດ້ວຍຄຳ ຫລື ຄຳເວົ້າທີ່ລວມເຖິງຄວາມໝາຍຂອງ"ຜູ້ຊາຍ."</li></ul>  
citizen	<h2 id="section">@ພົນລະເມືອງ</h2><h3 id="section-1">ນິຍາມ</h3><p>ພົນລະເມືອງ ຄືຄົນທີ່ອາໄສຢູ່ໃນເມືອງ, ປະເທດ, ຫຼື ອານາຈັກຫນ່ຶ່ງ. ໂດຍສະເພາະ ຄຳນີ້ກ່າວເຖິງບາງຄົນທີ່ໄດ້ຮັບການຍອມຮັບຢ່າງເປັນທາງການວ່າເປັນຜູ້ທີ່ອາໄສໃນທີ່ແຫ່ງນັ້ນຢ່າງຖືກຕ້ອງຕາມກົດໝາຍ.</p><ul><li>ການແປຄຳນີ້ຂຶ້ນຢູ່ກັບກໍລະນີ, ຊຶ່ງສາມາດແປວ່າ "ປະຊາຊົນ" ຫຼື "ຜູ້ທີ່ຕັ້ງຖິ່ນຖານ." ໄດ້ດ້ວຍ</li><li>ພົນລະເມືອງສາມາດອາໄສຢູ່ໃນເຂດແດນທີ່ເປັນສ່ວນໜຶ່ງຂອງອານາຈັກ ຫຼື ອານາຈັກທີ່ມີກະສັດ, ຈັກກະພັດ, ຫຼື ຜູ້ຄອບຄອງຄົນອື່ນໆຄອບຄອງຢູ່. ຕົວຢ່າງເຊັ່ນ, ໂປໂລເປັນ</li></ul><p>ພົນລະເມືອງຂອງຈັກກະພັດໂຣມັນ, ທີ່ປະກອບດ້ວຍແຄ້ວນຕ່າງໆ; ໂປໂລອາໄສຢູ່ໃນແຄ້ວນໜຶ່ງໃນບັນດາແຄວ້ນເຫລົ່ານັ້ນ.</p><ul><li>ໃນແງ່ຂອງຄຳປຽບທຽບ, ຜູ້ທີ່ເຊື່ອໃນພຣະເຢຊູຖືວ່າ "ເປັນ</li></ul><p>ພົນລະເມືອງ" ຂອງສະຫວັນ ໃນຄວາມຮູ້ສຶກທີ່ວ່າ ພວກເຂົາຈະໄດ້ຢູ່ທີ່ນັ້ນໃນວັນໜຶ່ງ. ເຊັ່ນດຽວກັບພົນລະເມືອງຂອງປະເທດ, ຄຣິສຕຽນກໍເປັນຄົນຂອງອານາຈັກຂອງພຣະເຈົ້າ.</p>  
city of david	<h2 id="section">@ເມືອງຂອງດາວິດ</h2><h3 id="section-1">ຂໍ້ເທັດຈິງ</h3><p>ຄຳວ່າ "ເມືອງຂອງດາວິດ" ເປັນອີກຊື່ໜຶ່ງຂອງນະຄອນເຢຣູຊາເລັມແລະເບັດເລເຮັມ.</p><ul><li>ນະຄອນເຢຣູຊາເລັມເປັນບ່ອນທີ່ດາວິດປະທັບຢູ່ໃນຂະນະທີ່ເພິ່ນຊົງຄອບຄອງອິດສະຣາເອນ.</li><li>ເບັດເລເຮັມ ເປັນເມືອງທີ່ດາວິດເກີດ.</li></ul>  
clan	<h2 id="section">@ເຜົ່າ</h2><h3 id="section-1">ນິຍາມ</h3><p>ຄຳວ່າ "ເຜົ່າ" ກ່າວເຖິງກຸ່ມສາມາຊິກຄອບຄົວໃຫຍ່ທີ່ມາຈາກບັນພະບູລຸດດຽວກັນ.</p><ul><li>ໃນພັນທະສັນຍາເດີມ, ຄົນອິດສະຣາເອນຖືກນັບຕາມເຜົ່າ, ຫຼື ກຸ່ມຄອບຄົວຂອງພວກເຂົາ.</li><li>ເຜົ່າເປັນຊື່ທີ່ໃຊ້ເອີ້ນທົ່ວໄປຕາມບັນພະບູລຸດເປັນທີ່ຮູ້ຈັກກັນ.</li><li>ບາງຄັ້ງ ຄົນແຕ່ລະຄົນກໍຖືກກ່າວເຖິງໂດຍຊື່ຂອງເຜົ່າຂອງພວກເຂົາ. ຕົວຢ່າງຂອງການເອີ້ນເຊັ່ນນີ້ ຕອນທີ່ເຢທະໂຣ ພໍ່ເຖັ້າຂອງໂມເຊບາງຄັ້ງກໍໍເອີ້ນວ່າເຣອູເອນ, ຕາມຊື່ເຜົ່າຂອງເຂົາ.</li><li>ເຜົ່າສາມາດແປໄດ້ວ່າ "ກຸ່ມຄອບຄົວ" ຫຼື "ຄອບຄົວໃຫຍ່" ຫຼື "ພວກຍາດພີ່ນ້ອງ.</li></ul>  
clean	<h2 id="section">@ສະອາດ, @ຊຳລະໃຫ້ສະອາດ</h2><h3 id="section-1">ນິຍາມ</h3><p>ຄຳວ່າ "ສະອາດ" ມີຄວາມໝາຍຕາມຕົວໜັງສືວ່າບໍ່ມີຄວາມສົກກະປົກຫຼືມົນທິນໃດໆ. ໃນພຣະຄໍາພີ, ຄຳນີ້ມັກໃຊ້ເປັນຄຳປຽບທຽບທີ່ໝາຍເຖິງ, "ເຮັດໃຫ້ບໍຣິສຸດ,"  "ບໍຣິສຸດ," ຫຼື "ປາສະຈາກບາບ."</p><ul><li>"ການສຳລະໃຫ້ສະອາດ" ເປັນກະບວນການຂອງການເຮັດໃຫ້ສິ່ງໃດສິ່ງໜຶ່ງ "ສະອາດ." ຄຳນີ້ສາມາດແປໄດ້ວ່າ "ຊຳລະລ້າງ"</li></ul><p>ຫຼື "ເຮັດໃຫ້ບໍຣິສຸດ."</p><ul><li>ໃນພັນທະສັນຍາເດີມ, ພຣະເຈົ້າໄດ້ຊົງບອກຊົນຊາດອິດສະຣາເອນວ່າສັດຊະນິດໃດທີ່ຊີ້ສະເພາະເຈາະຈົງວ່າເປັນສັດທີ່ "ສະອາດ" ທີ່ໃຊ້ຖວາຍບູຊາແລະສັດຊະນິດໃດທີ່ເປັນ "ມົນທິນ." ສັດທີ່ສະອາດເທົ່ານັ້ນທີ່ໄດ້ຮັບອະນຸຍາດໃຫ້ໃຊ້ເພື່ອກິນຫລືຖວາຍບູຊາ. ໃນບໍຣິບົດນີ້, ຄຳວ່າ "ສະອາດ" ມີຄວາມໝາຍວ່າ ສັດຕົວນັ້ນໄດ້ຮັບການຍອມຮັບຈາກພຣະເຈົ້າເພື່ອໃຊ້ເປັນເຄື່ອງຖວາຍບູຊາ.</li><li>ຄົນທີ່ເປັນໂລກຜິວໜັງບາງຢ່າງຈະເປັນມົນທິນຈົນກວ່າຜິວໜັງຈະໄດ້ຮັບການຮັກສາໃຫ້ດີພໍທີ່ຈະບໍ່ສາມາດແຜ່ເຊື້ອໂລກໄດ້. ຄຳສອນກ່ຽວກັບການສຳລະຜິວໜັງໃຫ້ສະອາດທີ່ຕ້ອງເຊື່ອຟັງ ເພື່ອທີ່ຄົນນັ້ນຈະໄດ້ຮັບການປະກາດວ່າ "ສະອາດ" ອີກຄັ້ງ.</li><li>ບາງຄັ້ງ "ສະອາດ" ໃຊ້ເປັນຄຳປຽບທຽບທີ່ກ່າວເຖິງ ຄວາມບໍຣິສຸດທາງສິລະທໍາ.</li></ul><h3 id="section-2">ຄຳແນະນຳໃນການແປ</h3><ul><li>ຄຳນີ້ສາມາດແປດ້ວຍຄຳທົ່ວໆໄປ ສຳລັບຄຳວ່າ "ສະອາດ"</li></ul><p>ຫຼື "ບໍຣິສຸດ"</p>  
clothed	<h2 id="section">@ໃສ່, @ແຕ່ງຕົວ</h2><h3 id="section-1">ນິຍາມ</h3><p>ເມື່ືອໃຊ້ຄຳປຽບທຽບໃນພຣະຄໍາພີ, "ໃ່ສ່ດ້ວຍ"  ມີຄວາມ ໝາຍວ່າ ການທຳໃຫ້ຫຼືຕິດຕັ້ງດ້ວຍບາງສິ່ງ. ຄຳວ່າ "ສວມໃສ່." ຕົວເອງດ້ວຍບາງສິ່ງໝາຍເຖິງການສະແຫວງຫາທີ່ຈະມີລັກສານະບຸກຄະລິກສານະສະເພາະບາງຢ່າງ.</p><ul><li>ເຊັ່ນດຽວກັບເສື້ອຜ້າທີ່ຢູ່ພາຍນອກຮ່າງກາຍແລະທຸກຄົນທີ່ເບິ່ງເຫັນໄດ້, ເມື່ອເຈົ້າ "ສວມໃສ່ " ດ້ວຍລັກສານະບຸກຄະລິບາງຢ່າງ ຄົນອື່ນກໍສາມາດເເນມເຫັນໄດ້ໃນທັນທີ. "ການນຸ່ງໃສຕົວຂອງເຈົ້າເອງດ້ວຍຄວາມກະລຸນາ" ໝາຍເຖິງໃຫ້ການກະທຳທີ່ກະລຸນາເປັນທີ່ເຫັນໄດ້ຢ່າງຊັດເຈນຕໍ່ທຸກຄົນ.</li><li>"ສວມທັບດ້ວຍຣິດອຳນາດຈາກເບື້ອງເທິງ" ໝາຍເຖິງການທີ່ເຈົ້າໄດ້ຮັບມອບຣິດອຳນາດ.</li><li>ຄຳນິ້ຍັງໃຊ້ອະທິບາຍປະສົບການທາງດ້ານລົບຢ່າງເຊັ່ນ "ສວມທັບດ້ວຍຄວາມອັບອາຍ" ຫຼື " ນຸ່ງເສື້ອດ້ວຍຄວາມຕົກໃຈ"</li></ul><h3 id="section-2">ຄຳແນະນຳໃນການແປ</h3><ul><li>ຖ້າເປັນໄປໄດ້, ການຮັກສາໂຄງສ້າງຂອງຄຳຕາມຕົວໜັງສື</li></ul><p>ເປັນວິທີທີ່ດີທີ່ສຸດ, ຄຳວ່າ "ນຸ່ງໃສ່ຕົວເຈົ້າເອງດ້ວຍ." ຄຳນີ້ສາມາດແປໄດ້ອີກຮູບແບບໜຶ່ງວ່າ "ນຸ່ງເຄື່ອງ" ຖ້າກ່າວເຖິງການໃສ່ເສືອຜ້າ.</p><ul><li>ຖ້າຄຳນັ້ນບໍ່ໄດ້ໃຫ້ຄວາມໝາຍທີ່ຖືກຕ້ອງ, ການແປ "ນຸ່ງເຄື່ອງດວ້ຍ" ຮູບແບບອື່ນໆໄດ້ວ່າ "ການສະແດງໃຫ້ເຫັນ" ຫຼື "ການເຫັນດ້ວຍຕາ" ຫຼື "ເຕີມເຕັມດ້ວຍ" ຫຼື "ການມີຄຸນນະພາບຂອງ."</li><li>ຄຳວ່າ "ນຸ່ງໃສ່ຕົວເອງດ້ວຍ" ສາມາດແປໄດ້ວ່າ "ປົກຄຸມຕົວເອງດ້ວຍ" ຫຼື "ກະທຳໃນລັກສະນະທີ່ສະແດງໃຫ້ເຫັນໄດ້.</li></ul>  
colossae	<h2 id="section">@ເມືອງໂກໂລຊາຍ, @ຊາວໂກໂລຊາຍ</h2><h3 id="section-1">ຂໍ້ເທັດຈິງ</h3><p>ໃນສະໄໝພັນທະສັນຍາໃໝ່, ໂກໂລຊາຍເປັນເມືອງທີ່ຕັ້ງຢູ່ໃນແຄວ້ນຟີເຄຍ, ຂອງໂຣມັນ ໃນປະຈຸບັນນີ້ຢູ່ໃນບໍລິເວັນຕາເວັນຕົກສ່ຽງໃຕ້ຂອງປະເທດຕູຣາກີ. ຊາວໂກໂລຊາຍເປັນຄົນທີ່ອາໄສຢູ່ໃນເມືອງໂກໂລຊາຍ.</p><ul><li>ເມືອງໂກໂລຊາຍຕັ້ງຢູ່ໃນດິນແດນທີ່ຫ່າງຈາກທະເລເມດີເຕຣາເນປະມານ 160  ກິໂລແມັດ, ເມືອງໂກໂລຊາຍຢູ່ໃນເສັ້ນທາງການຄ້າທີ່ສຳຄັນລະຫວ່າງເມືອງເອເຟໂຊກັບແມ່ນ້ຳຢູເຟຕິດ.</li><li>ຂະນະທີ່ໂປໂລຖືກຄຸກຢູ່ໃນນະຄອນໂຣມທ່ານຂຽນຈົດໝາຍເຖິງ "ຊາວໂກໂລຊາຍ" ເພື່ອແກ້ໄຂຄຳສອນບໍ່ຈິງໃນໝູ່ຜູ້ເຊື່ອທີ່ເມືອງໂກໂລຊາຍ.</li><li>ເມື່ອໂປໂລຂຽນຈົດໝາຍນີ້, ທ່ານບໍ່ເຄີຍໄປຢ້ຽມຢາມຄຣິສຕະຈັກທີ່ເມືອງທີ່ໂກໂລຊາຍ, ແຕ່ໄດ້ຍິນຂ່າວກ່ຽວກັບຜູ້ເຊື່ອທີ່ນັ້ນຈາກເອປາຟາ, ຊຶ່ງເປັນເພື່ອນຮ່ວມງານຂອງທ່ານ.</li><li>ເອປາຟາອາດຈະເປັນຄຣິສຕຽນທີ່ທຳງານໃນການກໍ່ຕັ້ງຄຣິສຕະຈັກທີ່ເມືອງໂກໂລຊາຍ.</li><li>ພຣະທໍາຟີເລໂມນເປັນຈົດໝາຍທີ່ໂປໂລຂຽນເຖິງຜູ້ທີ່ເປັນເຈົ້າຂອງທາດຄົນໜຶ່ງໃນເມືອງໂກໂລຊາຍ.</li></ul>  
comfort	<h2 id="section">@ເລົ້າໂລມ, @ຜູ້ເລົ້າໂລມ</h2><h3 id="section-1">ນິຍາມ</h3><p>ຄຳວ່າ "ເລົ້າໂລມ" ແລະ "ຜູ້ເລົ້າໂລມ" ກ່າວເຖິງການຊ່ວຍເຫລືອຄົນທີ່ມີຄວາມທຸກທາງຮ່າງກາຍ ຫຼື ເຈັບປວດທາງຈິດໃຈ.</p><ul><li>ຄົນທີ່ເລົ້າໂລມຄົນໃດຄົນໜຶ່ງເອີ້ນວ່າ  "ຜູ້ເລົາໂລມ."</li><li>ໃນພັນທະສັນຍາເດີມ, ຄຳວ່າ "ເລົ້າໂລມ" ໃຊ້ເພື່ອອະທິບາຍເຖິງການທີ່ພຣະເຈົ້າຊົງພຣະກະລຸນາແລະຮັກປະຊາຊົນຂອງພຣະອົງ ແລະຊ່ວຍພວກເຂົາເມື່ອພວກເຂົາກຳລັງທຸກຍາກລຳບາກ.</li><li>ໃນພັນທະສັນຍາໃໝ່, ບອກວ່າພຣະເຈົ້າຊົງເລົ້າໂລມປະຊາຊົນຂອງພຣະອົງໂດຍທາງພຣະວິນຍານບໍຣິສຸດ. ຄົນເຫລົ່ານັ້ນທີ່ຮັບການເລົ້າໂລມກໍສາມາດໃຫ້ການເລົ້າໂລມຢ່າງດຽວກັນກັບຄົນອື່ນໆ ທີ່ກຳລັງປະສົບຄວາມທຸກຍາກໄດ້.</li><li>ຄຳອະທິບາຍ "ຜູ້ເລົ້າໂລມຂອງອິດສະຣາເອນ" ກ່າວເຖິງພຣະເມຊີອາຜູ້ທີ່ຈະສະເດັດມາຊ່ວຍປະຊາຊົນຂອງພຣະອົງໃຫ້ລອດພົ້ນ.</li><li>ພຣະເຢຊູຊົງໄດ້ກ່າວເຖິງພຣະວິນຍານບໍຣິສຸດວ່າຊົງເປັນ "ຜູ້</li></ul><p>ເລົ້າໂລມ" ທີ່ຊ່ວຍຜູ້ເຊື່ອໃນພຣະເຢຊູ.</p><h3 id="section-2">ຄຳແນະນຳໃນການແປ</h3><ul><li>"ເລົ້າໂລມ"ສາມາດແປໄປຕາມຖ້ອຍຄຳໄດ້ວ່າ "ການບັນເທົາຄວາມເຈັບປວດຂອງ," ຫຼື "ຊ່ວຍເຫຼືອ."</li></ul>  
commander	<h2 id="section">@ຜູ້ບັນຊາການ, @ສັ່ງການ</h2><h3 id="section-1">ນິຍາມ</h3><p>ຄຳວ່າ "ຜູ້ບັນຊາການ" ກ່າວເຖິງຜູ້ນຳຂອງກອງທັບ ທີ່ຮັບຜິດຊອບໃນການນຳ ແລະ ການສັ່ງການທະຫານສະເພາະກຸ່ມ.</p><ul><li>"ບັນຊາການ" ກອງທັບ ໝາຍເຖິງການນຳແລະຢູ່ໃນອຳນາດໜ້າທີ່ຂອງກອງທັບ.</li><li>ຜູ້ບັນຊາການເປັນຜູ້ຄວບຄຸມດູແລທະຫານກຸ່ມນ້ອຍ ຫລື ກຸ່ມໃຫຍ່, ກໍໄດ້ ຢ່າງເຊັ່ນໜຶ່ງພັນຄົນ.</li><li>ຄຳນີ້ໃຊ້ກ່າວເຖິງພຣະເຈົ້າຢາເວ ຜູ້ຊົງເປັນຜູ້ບັນຊາການກອງທັບທູດສະຫວັນດ້ວຍ.</li><li>ການແປຄຳວ່າ "ຜູ້ບັນຊາການ" ໃນຮູບແບບອື່ນໆສາມາດແປໄດ້ລວມເຖິງ, "ຜູ້ນຳ" ຫຼື "ຫົວໜ້າ" ຫຼື "ເຈົ້າໜ້າທີ່."</li><li>ຄຳວ່າ "ບັນຊາການ" ກອງທັບສາມາດແປໄດ້ວ່າ "ນຳ" ຫຼື "ຄວບຄຸມດູແລ.</li></ul>  
command	<h2 id="section">@ຄຳສັ່ງ, @ສັ່ງ, @ພຣະບັນຍັດ</h2><h3 id="section-1">ນິຍາມ</h3><p>ຄຳສັ່ງ "ສັ່ງ" ໝາຍເຖິງ ການສັ່ງໃຫ້ຄົນໃດຄົນໜຶ່ງເຮັດບາງສິ່ງ. "ຄຳສັ່ງ" ຫຼື" ພຣະບັນຍັດ" ເປັນສິ່ງທີ່ຄົນຖືກສັ່ງໃຫ້ທຳຕາມ.</p><ul><li>ເຖິງແມ່ນວ່າຄຳເຫຼົ່ານີ້ຈະມີພື້ນຖານຄວາມໝາຍຢ່າງດຽວກັນ, "ພຣະບັນຍັດ" ມັກຈະໝາຍເຖິງພຣະບັນຊາສະເພາະຂອງພຣະເຈົ້າທີ່ເປັນທາງການແລະຍັ້ງຢືນຖາວອນຫລາຍກວ່າ, ຢ່າງເຊັ່ນ "ພຣະບັນຍັດສິບປະການ."</li><li>ພຣະບັນຍັດສາມາດຂຽນເປັນທາງບວກ ("ຈົ່ງໃຫ້ກຽດບິດາມານດາ")  ຫຼື ທາງລົບ ("ຢ່າລັກ") ກໍໄດ້.</li><li>"ຮັບຄຳສັ່ງ" ໝາຍເຖິງ "ຮັບໜ້າທີ່ຄວບຄຸມດູແລ" ຫຼື "ຮັບໜ້າທີ່ຜິດຊອບ" ຂອງບາງສິ່ງຫຼືບາງຄົນ.</li></ul><h3 id="section-2">ຄຳແນະນຳໃນການແປ</h3><ul><li>ການແປຄຳນີ້ ໃຫ້ດີທີ່ສຸດຄືການແປໃຫ້ແຕກຕ່າງຈາກຄຳວ່າ,</li></ul><p>" ກົດໝາຍ." ຂໍໃຫ້ປຽບທຽບກັບຄຳຈຳກັດຄວາມຂອງຄຳວ່າ "ພຣະບັນຊາ" ແລະ "ລະບຽບ" ດ້ວຍ.</p><ul><li>ຜູ້ແປບາງຄົນອາດຈະແປ "ຄຳສັ່ງ" ແລະ "ພຣະບັນຍາດ" ທີ່ກ່າວເຖິງຄຳສັ່ງທີ່ຖາວອນແລະເປັນທາງການ, ທີ່ພຣະເຈົ້າຊົງໄດ້ບັນຊາ.</li><li>ບາງຄົນມັກໃຊ້ຄຳສະເພາະຫຼາຍກວ່າສຳລັບ ພຣະບັນຍັດ ທີ່ກ່າວເຖິງຄຳສັ່ງທີ່ຖາວອນແລະເປັນທາງການທີ່ພຣະເຈົ້າຊົງໄດ້ບັນຊາ</li></ul>  
commit	<h2 id="section">@ມອບ, @ຮັບມອບ, @ການມອບໝາຍ.</h2><h3 id="section-1">ນິຍາມ</h3><p>ຄຳວ່າ "ມອບ"  ແລະ  "ການມອບໝາຍ" ກ່າວເຖິງການຕັດສິນໃຈ ຫຼືສັນຍາທີ່ຈະເຮັດບາງສິ່ງ.</p><ul><li>ຄົນທີ່ສັນຍາທີ່ຈະເຮັດບາງສິ່ງ ຍັງອະທິບາຍໄດ້ວ່າເປັນການ "ຮັບມອບໝາຍ" ທີ່ຈະເຮັດສິ່ງນັ້ນ.</li><li>ຄຳວ່າ "ມອບ" ງານບາງຢ່າງໃຫ້ກັບຄົນບາງຄົນ ໝາຍເຖິງການມອບໝາຍງານແກ່ຄົນນັ້ນ. ຕົວຢ່າງເຊັ່ນ, ໃນ 2 ໂກຣິນໂທ ໂປໂລບອກວ່າພຣະເຈົ້າໄດ້ຊົງ "ມອບ" (ຫຼື "ປະທານ") ພັນທະກິດໃຫ້ແກ່ເຮົາໃນການຊ່ວຍຜູ້ຄົນໃຫ້ຄືນດີກັບພຣະເຈົ້າ.</li><li>ຄຳວ່າ "ມອບ" ແລະ "ຮັບມອບ" ມັກຈະໝາຍເຖິງການເຮັດຜິດບາງຢ່າງດ້ວຍ ຢ່າງເຊັ່ນ "ການທຳບາບ" ຫຼື "ການລ່ວງປະເວນີ" ຫຼື "ການເປັນຄາດຕະກອນ."</li><li>ການອະທິບາຍ "ມອບໝາຍງານໃຫ້ກັບເຂົາ" ສາມາດແປໄດ້ວ່າ  "ໃຫ້ງານນັ້ນແກ່ເຂົາ"  ຫຼື  "ມອບໝາຍງານນັ້ນໃຫ້ກັບເຂົາ."</li><li>ຄຳວ່າ "ການມອບໝາຍ" ສາມາດແປໄດ້ວ່າ "ງານທີ່ມອບໃຫ້</li></ul><p>ຫຼື " ສັນຍາທີ່ໄດ້ທຳໄວ້.</p>  
companion	<h2 id="section">@ເພື່ອນ</h2><h3 id="section-1">ນິຍາມ</h3><p>ຄຳວ່າ "ເພື່ອນ" ຄົນທີ່ໄປກັບອີກຄົນໜຶ່ງ ຫຼື ຄົນທີ່ຄົບຫາກັບອີກຄົນໜຶ່ງ,  ຢ່າງເຊັ່ນ ໃນການເປັນເພື່ອນ ຫຼື ຄູ່ສົມຣົດ.</p><ul><li>ເພື່ອນທີ່ຜ່ານປະສົບການມາດ້ວຍກັນ, ຮ່ວມກິນເຂົ້າດ້ວຍກັນ, ແລະຊ່ວຍເຫຼືອ ແລະໃຫ້ກຳລັງໃຈກັນແລະກັນ.</li><li>ການແປຄຳນີ້ ຕາມເນື້ອຫາ ສາມາດແປດ້ວຍຄຳຫລືຄຳເວົ້າທີ່</li></ul><p>ມີໝາຍວ່າ "ເພື່ອນ" ຫຼື  "ເພື່ອນຮ່ວມທາງ ຜູ້ທີ່ໃຫ້ການສະ ໜັບສະໜຸນທີ່ໄປດ້ວຍກັນ."</p>  
compassion	<h2 id="section">@ຄວາມເມດຕາ, @ມີຄວາມເມດຕາ, @ພຣະເມດຕາ</h2><h3 id="section-1">ນິຍາມ</h3><p>ຄຳວ່າ "ຄວາມເມດຕາ" ກ່າວເຖິງຄວາມຫ່ວງໃຍຜູ້ອື່ນ ໂດຍສະເພາະຢ່າງຍິ່ງຄົນເຫຼົ່ານັ້ນທີ່ໄດ້ຮັບຄວາມທຸກຍາກ. ຄົນທີ່  "ມີຄວາມເມດຕາ" ຫ່ວງໃຍຄົນອື່ນ ແລະຊ່ວຍເຫຼືອພວກເຂົາ.</p><ul><li>ຄຳວ່າ "ຄວາມເມດຕາ" ມັກຈະລວມເຖິງການໃສ່ໃຈຄົນທີ່ຂັດສົນ,  ແລະການທຳການຊ່ວຍເຫຼືອພວກເຂົາດ້ວຍ.</li><li>ພຣະຄໍາພີບອກວ່າພຣະເຈົ້າຊົງພຣະເມດຕາ, ນັ້ນຄື, ພຣະອົງ</li></ul><p>ຊົງປ່ຽມດ້ວຍຄວາມຮັກ ແລະຄວາມເມດຕາ.</p><ul><li>ໃນຈົດໝາຍຂອງໂປໂລ ທີ່ໄປເຖິງຊາວໂກໂລຊາຍ, ທ່ານບອກພວກເຂົາໃຫ້  "ສວມໃຈເມດຕາ." ທ່ານສອນພວກເຂົາໃຫ້ໃສ່ໃຈ</li></ul><p>ຜູ້ຄົນ ແລະທຳການຊ່ວຍເຫຼືອຄົນອື່ນໆທີ່ຂັດສົນ.</p><h3 id="section-2">ຄຳແນະນຳໃນການແປ</h3><ul><li>ຄວາມໝາຍຕາມຕົວອັກສອນຂອງຄຳວ່າ "ຄວາມເມດຕາ" ຄື " ຄວາມເຫັນໃຈດ້ວຍຄວາມເມດຕາ." ຄຳນີ້ເປັນສຳນວນທີ່ໝາຍເຖິງ "ຄວາມເມດຕາ" ຫຼື "ສົງສານ." ບາງພາສາອາດຈະມີສຳນວນພາສາຂອງຕົນເອງໃນການແປຄຳນີ້.</li><li>ການແປ "ຄວາມເມດຕາ" ໃນຮູບແບບອື່ນໆ ສາມາດລວມເຖິງ"ຄວາມໃສ່ໃຈຢ່າງເລິກເຊິ່ງຕໍ່" ຫຼື "ການຊວ່ຍເຫຼືອທີ່ເຕັມດ້ວຍຄວາມເມດຕາ."</li><li>ຄຳວ່າ "ເມດຕາ" ສາມາດແປໄດ້ວ່າ "ການໃສ່ໃຈແລະຊວ່ຍເຫຼືອຢ່າງເຕັມທີ່" ຫຼື "ປ່ຽມດ້ວຍຄວາມຮັກແລະເມດຕາຢ່າງເລິກເຊິ່ງ."</li></ul>  
conceive	<h2 id="section">@ຖືພາ, @ການຖືພາ</h2><h3 id="section-1">ນິຍາມ</h3><p>ຄຳວ່າ "ຖືພາ" ແລະ "ການຖືພາ" ມັກຈະກ່າວເຖິງການຖືພາລູກ. ຄຳນີ້ໃຊ້ກັບສັດທີ່ຖືພາໄດ້.</p><ul><li>ຄຳວ່າ "ຖືພາລູກ" ສາມາດແປໄດ້ວ່າ, "ມີທ້ອງ" ຫຼືຄຳບາງຄຳທີ່ເປັນທີ່ຍອມຮັບໄດ້ໃນການກ່າວເຖິງຄຳນີ້.</li><li>ຄຳທີ່ກ່ຽວຂ້ອງກັບຄຳວ່າ "ການຖືພາ" ສາມາດແປໄດ້, "ເລີ້ມຕັ້ງທ້ອງ" ຫຼື "ຊ່ວງເວລາທີ່ຖືພາ."</li><li>ຄຳເຫຼົ່ານີ້ກ່າວເຖິງການສ້າງບາງສິ່ງຫຼືຄວາມຄິດກ່ຽວກັບ ບາງສິ່ງເຊັ່ນ, ແນວຄວາມຄິດ, ແຜນງານ, ຫຼືງານ. ການແປຄຳນີ້ໃນຮູບແບບອື່ນໆ ສາມາດລວມເຖິງ, "ຄິດກ່ຽວກັບ" ຫຼື "ແຜນ" ຫຼື"ສ້າງ," ທີ່ຂຶ້ນຢູ່ກັບກໍລະນີນັ້ນໆ.</li><li>ບາງຄັ້ງຄຳນີ້ ສາມາດໃຊ້ເປັນຄຳປຽບທຽບຢ່າງເຊັ່ນ, "ເມື່ອຄວາມບາບຕັ້ງທ້ອງ" ທີ່ມີຄວາມໝາຍວ່າ "ເມື່ອຄວາມບາບເລີ້ມເຂົ້າມາທາງຄວາມຄິດ" ຫຼື ຈຸດເລີ້ມຕົ້ນຂອງບາບ" ຫຼື " ເມື່ອຄວາມບາບເລີ້ມກໍ່ຕົວຂຶ້ນ ."</li></ul>  
concubine	<h2 id="section">@ເມຍນ້ອຍ</h2><h3 id="section-1">ນິຍາມ</h3><p>ເມຍນ້ອຍເປັນຜູ້ຍິງທີ່ເປັັນເມຍຄົນທີສອງຂອງຜູ້ຊາຍທີ່ມີເມຍແລ້ວ ເມຍນ້ອຍມັກຈະບໍ່ໄດ້ແຕ່ງງານກັບຜູ້ຊາຍຄົນນັ້ນຢ່າງຖືກຕ້ອງຕາມກົດໝາຍ.</p><ul><li>ໃນພັນທະສັນຍາເດີມ, ເມຍນ້ອຍມັກຈະເປັນທາດຍິງ.</li><li>ເມຍນ້ອຍໄດ້ມາໂດຍການຊື້, ໂດຍການຄອບຄອງທາງທະຫານ, ຫລຼືການຈ່າຍໜີ້.</li><li>ສຳລັບກະສັດ, ການມີສະໜົມຫລາຍຄົນ ເປັນເຄື່ອງໝາຍຂອງການມີອຳນາດ.</li><li>ພັນທະສັນຍາໃໝ່ສອນວ່າ ການມີເມຍນ້ອຍເປັນການຂັດຕໍ່ພຣະປະສົງຂອງພຣະເຈົ້າ.</li></ul>  
condemn	<h2 id="section">@ປະນາມ, @ການປະນາມ</h2><h3 id="section-1">ນິຍາມ</h3><p>ຄຳວ່າ "ປະນາມ" ແລະ "ການປະນາມ" ການຕັດສິນຄົນໃດຄົນໜຶ່ງທີ່ເຮັດຜິດບາງຢ່າງ.</p><ul><li>ຫລາຍຄັ້ງຄຳວ່າ "ປະນາມ" ລວມເຖິງການລົງໂທດຄົນນັ້ນສຳລັບຄວາມຜິດທີ່ເຂົາໄດ້ກະທຳ.</li><li>ບາງຄັ້ງຄຳວ່າ "ປະນາມ" ເວົ້າເຖິງ ການກ່າວຫາຄົນໃດຄົນໜຶ່ງຢ່າງຜິດໆ ຫຼືການຕັດສິນບາງຄົນຢ່າງຫຍາບຊ້າ.</li><li>ຄຳວ່າ "ການປະນາມ" ເວົ້າເຖິງການກະທຳຂອງການປະນາມ ຫຼືການດ່າບາງຄົນ.</li></ul><h3 id="section-2">ຄຳແນະນຳໃນການແປ</h3><ul><li>ຄຳນີ້ສາມາດແປຕາມຖ້ອຍຄຳໄດ້ວ່າ "ການຕັດສິນຢ່າງບໍ່ເປັນທໍາ" ຫຼື "ວິພາກວິຈານຢ່າງຜິດໆ."</li><li>ຄຳວ່າ "ປະນາມເຂົາ" ສາມາດແປໄດ້ວ່າ, "ຕັດສິນວ່າເຂົາມີຄວາມຜິດ" ຫຼື "ກ່າວວ່າເຂົາຕ້ອງຖືກລົງໂທດເພາະບາບຂອງເຂົາ."</li><li>ຄຳວ່າ "ການປະນາມ" ສາມາດແປໄດ້ວ່າ, "ການຕັດສິນທີ່ບໍ່ເປັນທໍາ" ຫຼື "ການປະກາດວ່າມີຄວາມຜິດ" ຫຼື "ການລົງໂທດຄວາມຜິດ."</li></ul>  
confess	<h2 id="section">@ສາລະພາບ, @ຍອມຮັບ, @ການສາລະພາບ</h2><h3 id="section-1">ນິຍາມ</h3><p>ສາລະພາບ ໝາຍເຖິງການຍອມຮັບ ຫຼືການຢືນຢັນວ່າບາງສິ່ງເປັນຄວາມຈິງ. "ການສາລະພາບ" ເປັນການກ່າວ ຫຼື ການຍອມຮັບວ່າບາງສິ່ງເປັນຄວາມຈິງ.</p><ul><li>ຄຳວ່າ "ສາລະພາບ" ສາມາດກ່າວເຖິງການກ່າວຄວາມຈິງເລື່ອງພຣະເຈົ້າຢ່າງກ້າຫານ. ຄຳນີ້ຍັງກ່າວເຖິງການຍອມຮັບວ່າເຮົາເຮັດບາບດ້ວຍ.</li><li>ພຣະຄໍາພີບອກວ່າຖ້າປະຊາຊົນສາລະພາບບາບຂອງພວກເຂົາຕໍ່ພຣະເຈົ້າ, ພຣະອົງຈະຊົງອະໄພໃຫ້ພວກເຂົາ.</li><li>ອັກຄະສາວົກຢາໂກໂບໄດ້ຂຽນໃນຈົດໝາຍຂອງທ່ານວ່າ ເມື່ອຜູ້ເຊື່ອສາລະພາບບາບພວກເຂົາຕໍ່ກັນແລະກັນ. ນີ້ຈະນຳໄປສູ່ການຮັກສາໂຣກຝ່າຍວິນຍານ.</li><li>ອັກຄະສາວົກໂປໂລໄດ້ຂຽນໄປເຖິງຊາວຟີລິບປອຍວ່າວັນໜຶ່ງທຸກຄົນຈະຕ້ອງຍອມຮັບ ແລະປະກາດວ່າພຣະເຢຊູຊົງເປັນອົງພຣະຜູ້ເປັນເຈົ້າ.</li><li>ໂປໂລຍັງໄດ້ເວົ້າອີກດ້ວຍວ່າ ຖ້າປະຊາຊົນຍອມຮັບວ່າພຣະເຢຊູຊົງເປັນອົງພຣະຜູ້ເປັນເຈົ້າ ແລະເຊື່ອວ່າພຣະເຈົ້້າໄດ້ເຮັດໃຫ້ພຣະອົງເປັນຂຶ້ນມາຈາກຄວາມຕາຍ, ພວກເຂົາກໍຈະໄດ້ຮັບຄວາມພົ້ນ.</li></ul><h3 id="section-2">ຄຳແນະນຳໃນການແປ</h3><ul><li>ການແປຄຳວ່າ "ສາລະພາບ" ໃນຮູບແບບຕ່າງໆຂື້ນຢູ່ກັບເນື້ອຫາລວມເຖິງ "ຍອມຮັບ"  ຫຼື  "ພິສູດແລ້ວ" ຫຼື  "ການປະກາດ" ຫຼື"ຮັບຮູ້" ຫຼື "ຢືນຢັນ."</li><li>ການແປ "ການສາລະພາບ" ໃນຮູບແບບທີ່ແຕກຕ່າງອອກໄປ ຄື, "ການປະກາດ" ຫຼື" ການເປັນພະຍານ" ຫຼື "ເວົ້າກ່ຽວກັບສິ່ງທີ່ເຮົາເຊື່ອ" ຫຼື " ຍອມຮັບວ່າທຳບາບ."</li></ul>  
confidence	<h2 id="section">@ຄວາມໝັ້ນໃຈ, @ໝັ້ນໃຈ</h2><h3 id="section-1">ນິຍາມ</h3><p>ຄຳວ່າ "ໝັ້ນໃຈ" ແລະ "ຄວາມໝັ້ນໃຈ" ກ່າວເຖິງຄວາມແນ່ໃຈວ່າບາງສິ່ງວ່າເປັນຄວາມຈິງ ຫຼືບາງຢ່າງຈະເກີດຂື້ນຢ່າງແນ່ນອນ.</p><ul><li>ໃນພຣະຄຳພີ ຄຳວ່າ "ຄວາມຫວັງ" ຫລາຍຄັ້ງຫມາຍເຖີງການລໍຄອຍຢ່າງຄາດຫວັງວ່າບາງສິ່ງຈະເກີດຂຶ້ນຢ່າງແນ່ນອນ</li></ul><p>ULB ມັກຈະແປວ່ຄຳນີ້ວ່າ "ຄວາມຫມັ້ນໃຈ" ຫຼື "ຄວາມຫມັ້ນໃຈສຳລັບອະນາຄົດ" ໂດຍສະເພາະຢ່າງຍິ່ງເມື່ອຫມາຍເຖິງ ຄາວມຫມັ້ນໃຈເຖິງການໄດ້ຮັບໃນສິ່ງທີ່ພຣະເຈົ້າຊົງສັນຍາກັບຜູ້ເຊື່ອໃນພຣະເຢຊູ.</p><ul><li>ຫລາຍຄັ້ງທີ່ຄຳວ່າ "ຄວາມຫມັ້ນໃຈ" ກ່ວາຢ່າງສະເພາະເຈາະຈົງເຖິງພຣະສັນຍາທີ່ແນ່ນອນຂອງພຣະເຈົ້າ ໂດຍສະເພາະຢ່າງຍິ່ງ ຄວາມແນ່ນອນໃນວັນຫນຶ່ງ ຜູ້ທີ່ເຊື່ອໃນພຣະເຢຊູທຸກຄົນຈະໄດ້ຢູ່ກັບພຣະເຈົ້າໃນສະຫວັນຕລອດໄປເປັນນິດ.</li><li>ຄຳເວົ້າທີ່ວາ  "ມີຄວາມຫມັ້ນໃຈໃນພຣະເຈົ້າ " ຫມາຍເຖິງການເຕັມປ່ຽມດ້ວຍວາມຄາດຫວັງ ທີ່ຈະໄດ້ຮັບແລະມີປະສົບການໃນສິ່ງທີ່ພຣະເຈົ້າໄດ້ຊົງສັນຍາໄວ້.</li><li>ມີ "ຄວາມຫມັ້ນໃຈ" ຫມາຍຄວາມວ່າຄວາມເຊື່ອໃນພຣະສັນຍາຂອງພຣະເຈົ້າ ແລະກະທຳດ້ວຍຄວາມແນ່ໃຈວ່າພຣະເຈົ້າຈະຊົງກະທຳໃນສິ່ງທີ່ພຣະອົງໄດ້ຊົງກ່າວ ຄຳນີ້ ສາມາດມີຄວາມຫມາຍຂອງການກະທຳ ຢ່າງກ້າຫານ ແລະມີກຳລັງໃຈ.</li></ul><h3 id="section-2">ຄຳແນະນຳໃນການແປ</h3><ul><li>ຄຳວ່າ"ຫມັ້ນໃຈ"ສາມາດແປໄດ້ວ່າ "ມີຄວາມຫມັ້ນໃຈ"</li></ul><p>ຫຼື "ແນ່ໃຈຫລາຍ" .</p><ul><li>ຄຳເວົ້າ "ຈົ່ງຫມັ້ນໃຈ"ສາມາດແປໄດ້ວ່າ "ໄວ້ວາງໃຈຢ່າງເຕັມທີ່" ຫຼື" ແນ່ໃຈຢ່າງເຕັມທີ່ກຽ່ວກັບ" ຫຼື" ຮູ້ໂດຍບໍ່ສົງໃສ" .</li><li>ຄຳວ່າ " ຢ່າງຫມັ້ນໃຈ" ສາມາດແປໄດ້ວ່າ" ຢ່າງກ້າຫານ" ຫຼື</li></ul><p>"ຢ່າງແນ່ໃຈ".</p><ul><li>ການແປ ຄຳວ່າ "ຄວາມຫມັ້ນໃຈ" ໃນຮູບແບບອື່ນໆ ທີ່ຂຶ້ນ</li></ul><p>ຢູ່ກັບເນື້ອຫາ ສາມາດລວມເຖີງ " ຄວາມຫມັ້ນໃຈຢ່າງເຕັມທີ່ " ຫຼື "ຄວາມຄາດຫວັງທີ່ແນ່ໃຈ" ຫຼື "ຄວາມຄາດຫວັງທີ່ຫມັ້ນໃຈ .</p>  
confirm	<h2 id="section">@ສະບານ, @ການສະບານ</h2><h3 id="section-1">ນິຍາມ</h3><p>ຄຳວ່າ "ສະບານ" ແລະ "ການສະບານ" ກ່າວເຖິງ ການກ່າວຫຼື ຄວາມຫມັ້ນໃຈວ່າບາງຢ່າງເປັນຄວາມຈິງຫຼືແນ່ນອນ ຫຼືມີຄຸນຄ່າຫນ້າເຊື່ອຖື.</p><ul><li>ໃນພັນທະສັນຍາເດີມ ພຣະເຈົ້າກ່າວກັບປະຊາຊົນຂອງພຣະອົງ</li></ul><p>ວ່າຈະ"ຢືນຢັນ" ພັນທະສັນຍາຂອງພຣະອົງກັບພວກເຂົາ  ນີ້ ຫມາຍເຖິງວ່າພຣະອົງກຳລັງກ່າວວ່າພຣະອົງຈະຮັກສາຄຳສັນຍາ ທີ່ພຣະອົງຊົງທຳໄວ້ໃນພັນທະສັນຍາ.</p><ul><li>ເມື່ອກະສັດໄດ້ "ຢືນຢັນ" ຫມາຍຄວາມວ່າ ການຕັດສິນໃຈທີ່ຈະ</li></ul><p>ທຳໃຫ້ພຣະອົງເປັນກະສັດນັ້ນ ໄດ້ຮັບການເຫັນດ້ວຍແລະສະ ໜັບສະໜຸນໂດຍປະຊາຊົນ.</p><ul><li>ເພື່ອຢືນຢັນວ່າ ສິ່ງທີ່ບາງຄົນໄດ້ຂຽນ ຫມາຍຄວາມວ່າ ທີ່ບອກວ່າສິ່ງທີ່ໄດ້ຂຽນນັ້ນເປັນຄວາມຈິງ.</li><li>"ການສະບານຕົນ" ຂອງພຣະກິດຕິຄຸນໝາຍຄວາມວ່າ ການສອນປະຊາຊົນກ່ຽວກັບຂ່າວດີຂອງພຣະເຢຊູໃນທາງທີ່ສະແດງວ່າເປັນຄວາມຈິງ.</li><li>ການໃຫ້ຄຳສາບານ "ທີ່ເປັນການຢືນຢັນ" ຫມາຍຄວາມວ່າສິ່ງນັ້ນສັກສິດຫຼືສາບານວ່າສິ່ງນັ້ນເປັນຄວາມຈິງຫຼືໜ້າເຊື່ອຖື</li><li>ວິທີແປຄຳວ່າ "ສະບານ" ຄວນຈະລວມ" ລະບຸວ່າເປັນຄວາມຈິງ" ຫຼື " ພິສູດວ່າຫນ້າເຊື່ອຖື " ຫຼື " ເຫັນດ້ວຍ" ຫຼື " ຮັບຮອງ"</li></ul><p>ຫຼື "ສັນຍາ" ຊຶ່ງຈະຂຶ້ນຢູ່ກັບຖ້ອຍຄຳນັ້ນໆ.</p>  
conscience	<h2 id="section">@ຄວາມສຳນຶກ</h2><h3 id="section-1">ນິຍາມ</h3><p>ຄວາມສຳນຶກເປັນສ່ວນໜຶ່ງຂອງຄວາມຄິດຂອງບຸກຄົນ ຊຶ່ງພຣເຈົ້າໃຫ້ເຂົາເຂົ້າໃຈວ່າເຂົາທຳສິ່ງທີ່ຜິດບາບ.</p><ul><li>ພຣະເຈົ້າໄດ້ໃຫ້ຄວາມສຳນຶກແກ່ມະນຸດທີ່ຈະຊ່ວຍພວກເຂົາ ໃຫ້ຮູ້ເຖິງຄວາມແຕກຕ່າງລະຫວ່າງສິ່ງທີ່ຖືກຕ້ອງແລະສິ່ງທີ່ຜິດ.</li><li>ບຸກຄົນທີ່ເຊື່ອຟັງພຣະເຈົ້າເວົ້າໄດ້ວ່າເຂົາມີຄວາມສຳນຶກ"ບໍຣິ</li></ul><p>ສຸດ" ຫຼື "ຊັດເຈນ" ຫຼື "ສະອາດ" .</p><ul><li>ຖ້າບຸກຄົນມີ " ຄວາມສຳນຶກທີ່ຊັດເຈນ" ໝາຍເຖິງເຂົາບໍ່ໄດ້ຊ້ອນຄວາມບາບໃດໆ .</li><li>ຖ້າບຸກຄົນລະເລີຍຕໍ່ຄວາມສຳນຶກຂອງຕົນແລະບໍ່ຮູ້ສຶກຜິດໃດໆຕໍ່ການທຳຜິດ ພຣະຄຳພີເອີ້ນສິ່ງນີ້ວ່າຄວາມສຳນຶກທີ່"ຂຸ່ນມົວ" ຊຶ່ງນີ້ກໍຈະ"ກ່າວຫາວ່າ"ເປັນເໝືອນເຫຼັກຮ້ອນ ຄວາມສຳນຶກເຊັ່ນນີ້ຍັງເອີ້ນວ່າ "ເຢັນຊາ" ແລະເປັນ"ມົນທິນບາບ" .</li><li>ວິທີແປທີ່ໜ້າຈະເປັນໄປໄດ້ສຳລັບຄຳນີ້ຄວນຈະລວມ"ຂໍ້ແນະນຳສິລະທຳພາຍໃນ" ຫຼື ຄວາມຄິດທາງດ້ານສິນລະທຳ.</li></ul>  
consecrate	<h2 id="section">@ເຮັດໃຫ້ເປັນສິ່ງສັກສິດ</h2><h3 id="section-1">ນິຍາມ</h3><p>ເຮັດໃຫ້ເປັນສິ່ງສັກສິດ ໝາຍເຖິງຖວາຍບາງສິ່ງຫຼືບຸກຄົນໃດເພື່ອຈະຮັບໃຊ້ພຣະເຈົ້າ. ຄົນ ຫຼື ສິ່ງຂອງທີ່ມອບຖະຫວາຍແດ່ພຣະເຈົ້າຖືວ່າບໍຣິສຸດ ແລະແຍກໄວ້ສຳລັບພຣະເຈົ້າໂດຍສະເພາະ.</p><ul><li>ຄວາມໝາຍຂອງຄຳນີ້ຄ້າຍກັບ "ການຊຳລະ" ຫຼື "ການເຮັດໃຫ້ບໍຣິສຸດ," ແຕ່ດ້ວຍການລວມຄວາມໝາຍແຫ່ງການແຍກໄວ້ຢ່າງເປັນທາງການສຳລັບການຮັບໃຊ້ພຣະເຈົ້າ.</li><li>ສິ່ງທີ່ອຸທິດຖວາຍແດ່ພຣະເຈົ້າ, ລວມທັງສັດທີ່ຈະຖືກຖວາຍບູຊາ, ແທ່ນຖວາຍເຄື່ອງເຜົາບູຊາແລະຫໍເຕັນ.</li><li>ບຸກຄົນທີ່ມອບຖວາຍແກ່ພຣະເຈົ້າ ຈະລວມທັງ ພວກປະໂລຫິດ, ປະຊາຊົນອິດສະຣາເອນ, ແລະລູກຊາຍຫົວປີ.</li><li>ບາງຄັ້ງຄຳວ່າ " ການເຮັດໃຫ້ສັກສິດ" ມີຄວາມໝາຍທີ່ຄ້າຍກັບ "ເຮັດໃຫ້ບໍຣິສຸດ," ໂດຍສະເພາະເມື່ອກ່ຽວຂ້ອງກັບການຕຽມຄົນ ຫຼື ສິ່ງຕ່າງໆສຳລັບການຮັບໃຊ້ພຣະເຈົ້າເພື່ອພວກເຂົາຈະຖືກສຳລະແລະເປັນທີ່ຍອມຮັບຈາກພຣະອົງ.</li></ul><h3 id="section-2">ຄຳແນະນຳໃນການແປ</h3><ul><li>ວິທີຈະແປຄຳວ່າ "ການເຮັດໃຫ້ສັກສິດ" ຄວນຈະລວມຄວາມ</li></ul><p>ໝາຍ, "ແຍກພິເສດສຳລັບຮັບໃຊ້ພຣະເຈົ້າ" ຫຼື "ຊຳລະໃຫ້ບໍຣິສຸດເພື່ອຮັບໃຊ້ພຣະເຈົ້າ."</p><ul><li>ຄວນຈະພິຈາລະນາຄຳວ່າ "ບໍຣິສຸດ" ແລະ "ສຳລະໃຫ້ສະອາດ"</li></ul><p>ໃນການແປດ້ວຍ.</p>  
consume	<h2 id="section">@ກິນ</h2><h3 id="section-1">ນິຍາມ</h3><p>ຄຳວ່າ "ກິນ" ຕາມຕົວໜັງສືໝາຍເຖິງການກິນບາງຢ່າງ. ມີຄວາມໝາຍເປັນຄຳອຸປະມາຫຼາຍໆ ຢ່າງ</p><ul><li>ໃນພຣະຄໍາພີ, ຄຳວ່າ "ກິນ" ມັກໝາຍເຖິງການທຳລາຍສິ່ງຂອງ ຫລື ປະຊາຊົນ.</li><li>ໄຟກໍສາມາດເວົ້າໄດ້ວ່າມັນກິນສິ່ງຂອງຕ່າງໆ, ຊຶ່ງໝາຍຄວາມວ່າມັນໄດ້ທຳລາຍໂດຍການເຜົາໄໝ້.</li><li>ພຣະເຈົ້າອະທິບາຍເປັນເໝືອນກັບ "ໄຟທີ່ເຜົາໄໝ້," ຊຶ່ງເປັນຄຳອະທິບາຍຄວາມຮ້າຍຂອງພຣະອົງຕໍ່ບາບ. ຄວາມຮ້າຍຂອງພຣະອົງເປັນເຫດໃຫ້ຄົນບາບທີ່ບໍ່ກັບໃຈຢ້ານກົວຕໍ່ການລົງໂທດ.</li><li>ການກິນອາຫານໝາຍເຖິງການກິນແລະດື່ມບາງສິ່ງ.</li><li>ຄຳທີ່ວ່າ, "ກິນແຜ່ນດິນ" ຄວນຈະແປວ່າ " ທຳລາຍແຜ່ນດິນ."</li></ul><h3 id="section-2">ຄຳແນະນຳໃນການແປ</h3><ul><li>ໃນບໍກໍລະນີຂອງການກິນແຜ່ນດິນຫຼືປະຊາຊົນ, ຄຳນີ້ຄວນຈະແປວ່າ "ເປັນການທຳລາຍ."</li><li>ເມື່ອໄຟໃຊ້ເວົ້າໃນການ "ກິນ" ຄວນຈະແປວ່າ "ໄໝ້" .</li><li>ພຸ່ມໄມ້ທີ່ໄຟລຸກທີ່ໂມເຊເຫັນ " ຄືບໍ່ໄຫມ້ " ທີ່ນີ້ຄວນຈະແປວ່າ,</li></ul><p>" ບໍ່ໄດ້ຖືກເຜົາໄມ້ " ຫຼື " ບໍ່ເຜົາໄໝ້."</p><ul><li>ເມື່ອເວົ້າເຖິງການກິນ, "ກິນ" ຄວນຈະແປວ່າ "ກິນ" ຫຼື "ກິນຢ່າງຟ້າວຝັ່ງ."</li><li>ຖ້າພະລັງຂອງໃຜຖືກກິນໝາຍຄວາມວ່າພະລັງຂອງເຂົາ</li></ul><p>ຖືກ "ໃຊ້ໄປໝົດ" ຫຼື "ຫາຍໄປ."</p><ul><li>ຄຳອະທິບາຍວ່າ "ພຣະເຈົ້າເປັນເໝືອນໄຟໄໝ້" ຄວນຈະແປວ່າ "ພຣະເຈົ້າເປັນເໝືອນໄຟທີ່ເຜົາໄໝ້ສິ່ງຕ່າງໆ" ຫຼື</li></ul><p>"ພຣະເຈົ້າຮ້າຍຕໍ່ຄວາມບາບແລະຈະທຳລາຍຄົນບາບເໝືອນ ກັບໄຟ."</p>  
contempt	<h2 id="section">@ການດູຖູກຜູ້ອື່ນ, @ໜ້າດູຖຸກຢຽບຫຍາມ</h2><h3 id="section-1">ນິຍາມ</h3><p>ຄຳວ່າ "ການດູໝິ່ນ" ກ່າວເຖິງ ການດູໝິ່ນຢ່າງແຮງແລະຄວາມອັບປາຍົດທີ່ຢູ່ເລິກຊຶ່ງສະແດງຕໍ່ບາງສິ່ງຫຼືບາງຄົນ. ສິ່ງທີ່ໜ້າອັບອາຍຫຼາຍ ເອີ້ນວ່າ "ໜ້າດູຖູກຢຽບຫຍາມ."</p><ul><li>ບຸກຄົນຫຼືພຶດຕິກໍາທີ່ສະແດງຄວາມບໍ່ເຄົາລົບຕໍ່ພຣະເຈົ້າຈະເອີ້ນວ່າ " ໜ້າດູຖຸກຢຽບຫຍາມ" ແລະອາດແປວ່າ "ບໍ່ເປັນໜ້າເຄົາລົບນັບຖື." ຫຼື "ເສຍຊື່ສຽງໄປໝົດ" ຫຼຶ "ສົມຄວນຖືກດູຖູກ."</li><li>ການ"ດູຖູກດູໝິ່ນ" ໝາຍເຖິງການຖືວ່າຄົນອື່ນມີຄ່ານ້ອຍກວ່າຫຼືຕັດສິນວ່າຄົນອື່ນວ່າ ມີຄ່ານ້ອຍກວ່າຕົນເອງ.</li><li>ຄຳເວົ້າຕໍ່ໄປນີ້ມີຄວາມໝາຍທີ່ຄ້າຍຄືກັນ: "ດູຖູກ" ຫຼື "ສະແດງການດູໝິ່ນ" ຫຼື "ປະຕິບັດດ້ວຍການດູໝິ່ນ." ທັງ</li></ul><p>ໝົດນີ້ໝາຍເຖິງ "ດູໝິ່ນຢ່າງຫຼວງຫຼາຍ" ຫຼື "ເຮັດໃຫ້ເສຍຊື່ສຽງ" ບາງຢ່າງຫຼືບາງຄົນດ້ວຍສິ່ງທີ່ເວົ້າແລະເຮັດ.</p><ul><li>ເມື່ອກະສັດດາວິດທຳບາບດ້ວຍການລ່ວງປະເວນີແລະການຄາດຕະກໍາ ພຣະເຈົ້າກ່າວວ່າດາວິດໄດ້ "ດູໝິ່ນພຣະເຈົ້າ" ໝາຍຄວາມວ່າເຂົາໄດ້ດູໝິ່ນແລະບໍ່ສັດຊື່ຕໍ່ພຣະເຈົ້າຢ່າງຫຼວງຫຼາຍໂດຍການກະທຳຢ່າງນົ້ນ.</li></ul>  
corinth	<h2 id="section">@ເມືອງໂກຣິນໂທ, @ຊາວໂກຣິນໂທ</h2><h3 id="section-1">ຂໍ້ເທັດຈິງ</h3><p>ເມືອງໂກຣິນໂທເປັນເມືອງໃນປະເທດອີຣັກ, ຫ່າງປະມານ 80 ກິໂລແມັດ ຢູ່ທາງຕາເວັນຕົກຂອງນະຄອນເອເທນ. ຊາວໂກຣິນໂທເປັນຄົນທີ່ອາໄສຢູ່ທີ່ເມືອງໂກຣິນໂທ.</p><ul><li>ເມືອງໂກຣິນເປັນທີ່ຕັ້ງຂອງຄຣິສຕະຈັກຄຣິສຕຽນຍຸກທໍາອິດ.</li><li>ພັນທະສັນຍາໃໝ່, 1 ໂກຣິນໂທແລະ 2ໂກຣິນໂທ ເປັນຈົດ</li></ul><p>ໝາຍທີ່ຂຽນໂດຍໂປໂລເຖິງຄຣິສຕຽນທີ່ອາໄສຢູ່ໃນເມືອງ ໂກຣິນໂທ.</p><ul><li>ໃນການເດີນທາງປະກາດສາສະໜາຄັ້ງທຳອິດ, ໂປໂລຢູ່ທີ່ເມືອງໂກຣິນໂທປະມານ 18 ເດືອນ.</li><li>ໂປໂລໄດ້ພົບຜູ້ເຊື່ອຊື່ ອາກີລາ ແລະປີຊະກີລາຂະນະທີ່ຢູ່ໃນເມືອງໂກຣິນໂທ.</li><li>ບັນດາຜູ້ນຳຄຣິສຕະຈັກຍຸກທໍາອິດທີ່ກ່ຽວຂ້ອງກັບເມືອງໂກຣິນໂທໄດ້ແກ່ ຕີໂມທຽວ, ຕີໂຕ, ອາໂປໂລ, ແລະສີລາ.</li></ul>  
cornelius	<h2 id="section">@ໂກເນລີໂອ</h2><h3 id="section-1">ຂໍ້ເທັດຈິງ</h3><p>ໂກເນລີໂອເປັນຊາວຕ່າງຊາດ, ບໍ່ແມ່ນຊາວຢິວ, ຊຶ່ງເປັນນາຍທະຫານໃນກອງທັບໂຣມັນ.</p><ul><li>ເຂົາໄດ້ອະທິຖານເປັນປະຈຳຕໍ່ພຣະເຈົ້າແລະມີໃຈກວ້າງຂວາງໃນການໃຫ້ທານຄົນຍາກຈົນ.</li><li>ເມື່ອໂກເນລີໂອແລະຄອບຄົວຂອງເຂົາໄດ້ຮັບຟັງອັກຄະສາວົກເປໂຕອະທິບາຍເລື່ອງພຣະກິດຕິຄຸນ, ພວກເຂົາຈິ່ງກາຍເປັນຜູ້ເຊື່ອໃນພຣະເຢຊູ.</li><li>ຄົນໃນຄົວເຮືອນຂອງໂກເນລີໂອເປັນຄົນກຸ່ມທຳອິດທີ່ບໍ່ແມ່ນຊາວຢິວທີ່ກາຍມາເປັນຜູ້ເຊື່ອໃນພຣະເຢຊູຄຣິດ.</li><li>ເລື່ອງນີ້ສະແດງໃຫ້ເຫັນວ່າບັນດາສາວົກຂອງພຣະເຢຊູໄດ້ມາເພື່ອຊ່ວຍທຸກຄົນລວມທັງຄົນຕ່າງຊາດ, ໃຫ້ໄດ້ຮັບຄວາມລອດພົ້ນ.</li></ul>  
cornerstone	<h2 id="section">@ສີລາເສົາເອກ</h2><h3 id="section-1">ນິຍາມ</h3><p>ຄຳວ່າ "ສີລາເສົາເອກ" ກ່າວເຖິງຫີນຂະໜາດໃຫຍ່ ທີ່ຖືກຕັດເປັນພິເສດແລະວາງໄວ້ຊື່ເສົາຂອງຮາກຖານຂອງອາຄານ.</p><ul><li>ຫີນອື່ນໆທັງໝົດຂອງອາຄານຈະຖືກແທກແລະປູໄວ້ໃຫ້ຕິດກັບສີລາເສົາເອກນີ້.</li><li>ເປັນສິ່ງສຳຄັນຫຼາຍສຳລັບຄວາມແຂງແຮງແລະຄວາມໝັ້ນຄົງຂອງໂຄງສ້າງທັງໝົດ.</li><li>ໃນພຣະຄໍາພີໃໝ່, ການຊຸມນຸມຂອງຜູ້ເຊື່ອປຽບກັບອາຄານທີ່ມີພຣະເຢຊູເປັນ "ສີລາເສົາເອກ."</li><li>ໃນລັກສະນະດຽວກັນທີ່ສີລາເສົາເອກຂອງອາຄານຈະຄ້ຳແລະກຳນົດຕຳແໜ່ງຂອງອາຄານໝົດທັງຫຼັງ, ດັ່ງນັ້ນພຣະເຢຊູຈິ່ງເປັນສີລາເສົາເອກທີ່ສຳຄັນສຳລັບການກໍ່ຕັ້ງ ແລະສະໜັບສະໜຸນການຊຸມນຸມຂອງຜູ້ເຊື່ອ.</li></ul><h3 id="section-2">ຄຳແນະນໍາໃນການແປ</h3><ul><li>ຄຳວ່າ "ສີລາເສົາເອກ" ອາດແປວ່າ "ສີລາຫຼັກຂອງອາຄານ"</li></ul><p>ຫຼື " ສີລາຮາກຖານ."</p><ul><li>ພິຈາລະນາວ່າພາສາເປົ້າໝາຍໃນການແປມີຄຳສໍາລັບ</li></ul><p>ສ່ວນທີ່ເປັນຮາກຖານຂອງອາຄານທີ່ເປັນສ່ວນຄ້ຳຫຼັກຫຼືບບໍ່. ຖ້າມີ, ໃຫ້ໃຊ້ຄຳນີ້ໄດ້.</p><ul><li>ອີກວິທີໜຶ່ງໃນການແປຄຳນີ້ຄື, "ສີລາຮາກຖານ" ທີ່ໃຊ້ສຳລັບເສົາຂອງອາຄານ."</li><li>ສິ່ງທີ່ສຳຄັນຄືຕ້ອງຮັກສາຄວາມຈິງທີ່ວ່ານີ້ເປັນຫີນຂະ</li></ul><p>ໜາດໃຫຍ່, ທີ່ໃຊ້ເປັນວັດຖຸກໍ່ສ້າງທີ່ແຂງແຮງແລະໝັ້ນຄົງ. ຖ້າຫີນບໍ່ໄດ້ໃຊ້ສຳລັບສ້າງອາຄານ, ມີຄຳອື່ນທີ່ສາມາດນຳມາໃຊ້ຊຶ່ງໝາຍຄວາມວ່າ "ຫີນຂະໜາດໃຫ່ຍ"</p>  
corrupt	<h2 id="section">@ເຮັດຊົ່ວ, @ການເຮັດຊົ່ວ</h2><h3 id="section-1">ນິຍາມ</h3><p>ຄຳວ່າ "ເຮັດຊົ່ວ" ແລະ "ການເຮັດຊົ່ວ" ກ່າວເຖິງສະຖານະຂອງກິດຈະການທີ່ຜູ້ຄົນເລີ່ມເຊື່ອມໂຊມລົງ, ຜິດສິນລະທໍາ, ຫລື ບໍ່ສັດຊື່.</p><ul><li>ຄຳວ່າ "ເຮັດຊົ່ວ" ຕາມຕົວອັກສອນໝາຍເຖິງການ " ງໍ" ຫຼື "ຫັກ" ທາງສິນລະທໍາ.</li><li>ຄົນທີ່ເຮັດຊົ່ວຫັນອອກຈາກຄວາມຈິງແລະກຳລັງເຮັດສິ່ງທີ່ບໍ່ສັດຊື່ ຫຼືຜິດສິນລະທໍາ.</li><li>ການເຮັດຊົ່ວຂອງຄົນໝາຍເຖິງການມີອິດທິພົນຕໍ່ບຸກຄົນນັ້ນໃຫ້ເຮັດສິ່ງທີ່ບໍ່ສັດຊື່ແລະຜິດສິນລະທໍາ.</li></ul><h3 id="section-2">ຄຳແນະນຳໃນການແປ</h3><ul><li>ຄຳວ່າ "ເຮັດຊົ່ວ" ອາດແປວ່າ "ມີອິດທິພົນຕໍ່ການເຮັດຊົ່ວ" ຫຼື "ເຮັດໃຫ້ເກີດການຜິດສິນລະທໍາ."</li><li>ຄົນເຮັດຊົ່ວສາມາດອະທິບາຍໄດ້ວ່າເປັນບຸກຄົນ "ທີ່ຜິດສິນລະທໍາ" ຫຼື "ຜູ້ເຮັດການຊົ່ວຮ້າຍ."</li><li>ຄຳນີ້ອາດແປວ່າ "ບໍ່ດີ" ຫຼື "ຜິດສິນລະທໍາ" ຫຼື "ຊົ່ວຮ້າຍ."</li><li>ຄຳວ່າເຮັດຊົ່ວ ແປວ່າ "ການເຮັດຊົ່ວ" ຫຼື "ຊົ່ວ" ຫຼື "ຜິດສິນລະທໍາ."</li></ul>  
council	<h2 id="section">@ສະພາ</h2><h3 id="section-1">ນິຍາມ</h3><p>ສະພາເປັນກຸ່ມຄົນທີ່ພົບປະຫາລື, ໃຫ້ຄຳແນະນຳ, ແລະຕັດສິນໃຈກ່ຽວກັບເລື່ອງທີ່ສຳຄັນ.</p><ul><li>ສະພາຈັດໂດຍປົກກະຕິຢ່າງເປັນທາງການແລະຂ້ອນຂ້າງຖາວອນສຳລັບວັດຖຸຸ, ປະສົງສະເພາະເຊັ່ນການຕັດສິນໃຈກ່ຽວກັບເລື່ອງທາງກົດໝາຍ.</li><li>"ສະພາຢິວ" ໃນນະຄອນເຢຣູຊາເລັມເປັນທີ່ຮູ້ຈັກກັນໃນຊື່ "ເແຊນຮີດຣິນ," ມີສາມາຊິກ 70 ຄົນ, ຊຶ່ງລວມເຖິງຜູ້ນຳຊາວຢິວເຊັ່ນ ພວກຫົວໜ້າປະໂຣຫິດ, ຜູ້ປົກຄອງ, ທໍາມະຈານ, ຟາຣີຊາຍ, ແລະສະດູກາຍ ພວກນີ້ມີການປະຊຸມຢ່າງສະໝໍ່າສະເໝີເພື່ອຈະຕັດສິນເລື່ອງກ່ຽວກັບບັນຍັດຂອງຢິວ. ສະພານີ້ເປັນສະພາຜູ້ນຳສາສະໜາຜູ້ທີ່ຈັບພຣະເຢຊູມາສອບສວນ ແລະໄດ້ຕັດສິນວ່າ ພຣະເຢຊູຄວນຖືກປະຫານ.</li><li>ມີສະພາຢິວນ້ອຍໆ ໃນເມືອງຕ່າງໆ</li><li>ອັກຄະສາວົກໂປໂລ ຖືກນຳຕົວມາຢູ່ຕໍ່ໜ້າສະພາໂຣມເມື່ອທ່ານຖືກຈັບເພາະການສອນພຣະກິດຕິຄຸນ.</li><li>ຄຳວ່າ "ສະພາ" ສາມາດແປວ່າ "ການປະຊຸມທາງກົດໝາຍ" ຫຼື "ການປະຊຸມທາງການເມືອງ." ທັງນີ້ຂຶ້ນຢູ່ກັບກໍລະນີນັ້ນໆ</li><li>ໃນສະພາ "ໝາຍເຖິງການເຂົ້າຮ່ວມການປະຊຸມພິເສດເພື່ອຕັດສິນໃຈບາງຢ່າງ.</li><li>ໂປດຮູ້ວ່ານີ້ເປັນຄຳທີ່ຕ່າງຈາກຄຳວ່າ "ການໃຫ້ຄຳປຶກສາ," ຊິ່ງ</li></ul><p>ໝາຍເຖິງ, "ຄຳແນະນຳທີ່ສະຫຼາດ."</p>  
counselor	<h2 id="section">@ໃຫ້ຄຳປຶກສາ, @ທີ່ປຶກສາ, @ໃຫ້ຄຳແນະນຳ,@ ຜູ້ໃຫ້ຄຳແນະນຳ</h2><h3 id="section-1">ນິຍາມ</h3><p>ຄຳວ່າ "ໃຫ້ຄຳປຶກສາ" ແລະ "ໃຫ້ຄຳແນະນຳ" ມີຄວາມໝາຍ ເໝືອນກັນແລະໝາຍເຖິງການຊ່ວຍໃຫ້ຜູອື່ນເລືອກຢ່າງຖືກຕ້ອງກ່ຽວກັບສິ່ງທີ່ຕ້ອງທຳໃນສະຖານະການສະເພາະ "ທີ່ປຶກສາ" ຫຼື "ຜູ້ໃຫ້ຄຳແນະນຳ" ທີ່ສະຫຼາດ. ຄືຄົນທີ່ໃຫ້ຄຳແນະນຳ ຫຼື ໃຫ້ຄຳປຶກສາ ຊຶ່ງຈະຊ່ວຍໃຫ້ບຸກຄົນຕັດສິນໃຈໄດ້ຢ່າງຖືກຕ້ອງ.</p><ul><li>ກະສັດມັກມີພວກຜູ້ໃຫ້ຄຳແນະນຳ ຫຼື ພວກທີ່ປຶກສາຢ່າງເປັນທາງການເພື່ອຊ່ວຍໃນການຕັດສິນໃຈ ເລື່ອງສຳຄັນ ທີ່ສົ່ງຜົນກະທົບຕໍ່ປະຊາຊົນທີ່ພວກເຂົາປົກຄອງຢູ່.</li><li>ບາງຄັ້ງຄຳແນະນຳຫຼືຄຳປຶກສາທີ່ໄດ້ຮັບບໍ່ດີ. ຜູ້ໃຫ້ຄຳແນະນຳທີ່ຊົ່ວຮ້າຍອາດຈະກະຕຸ້ນໃຫ້ກະສັດດຳເນີນການຫຼືອອກກົດໝາຍຊຶ່ງຈະທຳລາຍກະສັັດເອງ ຫຼື ປະຊາຊົນຂອງເພີ່ນ.</li><li>"ໃຫ້ຄຳແນະນຳ" ຫຼື "ໃຫ້ຄຳປຶກສາ" ອາດແປວ່າ ຊ່ວຍໃນການຕັດສິນໃຈ" ຫຼື "ໃຫ້ຄຳປຶກສາ" ຫຼື ຄຳແນະນຳ " ຫຼື "ແນວທາງ." ນີ້ຂຶ້ນຢຸຸ່ກັບກໍລະນີນັ້ນໆ</li><li>ໃນທາງປະຕິບັດ, "ໃຫ້ຄຳປຶກສາ" ອາດແປວ່າ "ໃຫ້ຄຳແນະນຳ" ຫຼື "ໃຫ້ຂໍ້ສະເໜີແນະ" ຫຼື "ໃຫ້ຂໍ້ແນະນຳ."</li><li>ໂປດຮູ້ວ່າ "ທີ່ປຶກສາ" ເປັນຄຳທີ່ຕ່າງຈາກ "ສະພາ," ຊຶ່ງໝາຍເຖິງກຸ່ມຄົນ.</li></ul>  
courage	<h2 id="section">@ກ້າຫານ, @ທຳດ້ວຍຄວາມກ້າຫານ</h2><h3 id="section-1">ນິຍາມ</h3><p>ຄຳວ່າ "ກ້າຫານ" ກ່າວເຖິງການປະເຊີນໜ້າຢ່າງກ້າຫານ ຫຼື ກະທຳສິ່ງໃດໆທີ່ຍາກ, ໜ້າຢ້ານ, ຫຼືອັນຕະລາຍ.</p><ul><li>ຄຳວ່າ, "ກ້າຫານ" ໝາຍເຖິງຄົນທີ່ສະແດງຄວາມກ້າຫານ, ຜູ້ທີ່ທຳໃນສິ່ງທີ່ຖືກຕ້ອງ ແມ່ນໃນຂະນະທີ່ຮູ້ສຶກຢ້ານ ຫຼືຖືກກົດດັນໃຫ້ເຊົາເຮັດ.</li><li>ຄົນສະແດງຄວາມກ້າຫານເມື່ອປະເຊີນຄວາມເຈັບປວດທາງອາລົມຫຼືຮ່າງກາຍດ້ວຍຄວາມເຂັ້ມແຂງແລະຄວາມພຽນ.</li><li>ສຳນວນ "ກ້າເຂົ້າໄວ້" ໝາຍເຖິງ, "ບໍ່ຕ້ອງຢ້ານ"  ຫຼື "ໝັ້ນໃຈວ່າສິ່ງຕ່າງໆຈະດີຂຶ້ນ."</li><li>ເມື່ອໂຢຊວຍກຳລັງຕຽມພ້ອມທີ່ຈະເຂົ້າໄປໃນແຜ່ນດິນການາອານທີ່ອັນຕະລາຍ,  ໂມເຊໄດ້ແນະນຳເຂົາໃຫ້ "ເຂັ້ມແຂງແລະກ້າຫານ."</li><li>ຄຳວ່າ "ກ້າຫານ" ອາດແປວ່າ "ກ້າຫານ" ຫຼື "ບໍ່ຢ້ານ" ຫຼື</li></ul><p>"ໃຈກ້າ."</p><ul><li>ມີຄວາມໝາຍ, "ກ້າຫານ" ກໍແປໄດ້ວ່າ, "ເຂັ້ມແຂງທາງອາລົມ" ຫຼື  "ໝັ້ນໃຈ"  ຫຼື "ໝັ້ນຄົງ." ທັງນີ້ຂຶ້ນຢູ່ກັບສະຖານະການນັ້ນໆ</li><li>"ເວົ້າດ້ວຍຄວາມກ້າຫານ" ອາດແປໄດ້ວ່າ, "ເວົ້າຢ່າງກ້າຫານ"</li></ul><p>ຫຼື "ເວົ້າໂດຍບໍ່ຢ້ານ" ຫຼື "ເວົ້າຢ່າງໝັ້ນໃຈ."</p>  
courtyard	<h2 id="section">@ລານ, @ສະໝາມ, @ສານ</h2><h3 id="section-1">ນິຍາມ</h3><p>ຄຳວ່າ "ລານ" ແລະ "ສານ" ກ່າວເຖິງພື້ນທີ່ປິດລ້ອມ ແລະອ້ອມຮອບດ້ວຍກຳແພງ.  ຊຶ່ງເບື້ອງເທິງເປີດອອກສູ່ທ້ອງຟ້າ ຄຳວ່າ "ສານ" ຍັງໝາຍເຖິງສະຖານທີ່ຊຶ່ງຜູ້ພິພາກສາຕັດສິນທາງກົດໝາຍ ແລະເລື່ອງກ່ຽວກັບອາດສະຍາກໍາທັງຫລາຍ.</p><ul><li>ຫໍເຕັນອ້ອມຮອບໄປດ້ວຍລານໜຶ່ງຊຶ່ງອ້ອມຮອບດ້ວຍກຳແພງທີ່ເຮັດຈາກ, ຜ້າກັ້ງໜາໆ.</li><li>ບໍລິເວນວິຫານມີລານດ້ານໃນສາມດ້ານ: ໜຶ່ງດ້ານສຳລັບປະໂຣຫິດ, ໜຶ່ງດ້ານສຳລັບຜູ້ຊາຍຊາວຢິວ, ແລະໜຶ່ງດ້ານສຳລັບຜູ້ຍິງຊາວຢິວ.</li><li>ລານພາຍໃນເຫຼົ່ານີ້ອ້ອມຮອບດ້ວຍກຳແພງຫີນຕ່ຳກ່ວາກັນທີ່ແຍກກັນອອກຈາກລານດ້ານນອກ ຊຶ່ງອະນຸຍາດໃຫ້ຄົນຕ່າງຊາດສາມາດນະມັດສະການໄດ້.</li><li>ລານບ້ານເປັນທີ່ໂລ່ງຢູ່ທາງກາງບ້ານ.</li><li>ຄຳເວົ້າ "ລານຂອງພຣະຣາຊາ" ສາມາດກ່າວເຖິງພຣະຣາຊວັງ</li></ul><p>ຫຼື ສະຖານທີ່ໃນພຣະຣາຊວັງຂອງກະສັດ ຊຶ່ງຊົງໃຫ້ຄຳຕັດສິນຄະດີຄວາມ.</p><ul><li>ການກ່າວວ່າ, "ລານຂອງພຣະເຈົ້າຢາເວ"ເປັນທຳນອງປຽບທຽບ ກ່າວເຖິງສະຖານທີ່ປະທັບຂອງພຣະເຈົ້າຢາເວ ຫຼື</li></ul><p>ເປັນສະຖານທີ່ປະຊາຊົນໄປເພື່ອນະມັດສະການພຣະເຈົ້າຢາເວ.</p><h3 id="section-2">ຄຳແນະນຳໃນການແປ</h3><ul><li>ຄຳວ່າ "ລານ"ອາດແປເປັນ "ພື້ນທີ່ປິດລ້ອມ" ຫຼື "ທີ່ດິນທີ່ມີກຳແພງອ້ອມຮອບ"  ຫຼື "ບໍລິເວນວິຫານ" ຫຼື "ຮົ້ວອ້ອມຮອບພຣະວິຫານ."</li><li>ບາງຄັ້ງຄຳວ່າ "ວິຫານ" ອາດຕ້ອງແປວ່າ "ລານວິຫານ" ຫຼື "ບໍລິເວນພຣະວິຫານ" ເຫັນໄດ້ຊັດເຈັນວ່າລານວິຫານ, ບໍ່ແມ່ນຕົວອາຄານວິຫານ.</li><li>ຄຳວ່າ, "ລານຂອງພຣະເຈົ້າຢາເວ" ອາດແປວ່າ, "ສະຖານທີ່ຊຶ່ງພຣະເຈົ້າຢາເວຊົງປະທັບຢູ່" ຫຼື "ສະຖານທີ່ໆພຣະເຈົ້າຢາເວໄດ້ຮັບການນະມັດສະການ."</li><li>​ຄຳທີ່ໃຊ້ສຳລັບລານ ຂອງພຣະຣາຊາຍັງສາມາດນຳມາໃຊ້ເພື່ອກ່າວເຖິງລານຂອງພຣະເຈົ້າຢາເວໄດ້ດ້ວຍ.</li></ul>  
covenant faith	<h2 id="section">@ຄວາມສັດຊື່ໃນພັນທະສັນຍາ, @ຄວາມພັກດີຂອງພັນທະສັນຍາ, @ຄວາມຮັກເມດຕາ,@ ຄວາມຮັກທີ່ບໍ່ຫຼົ້ມເຫຼວ.</h2><h3 id="section-1">ນິຍາມ</h3><p>ຄຳນີ້ໃຊ້ເພື່ອອະທິບາຍຄວາມມຸ່ງໝັ້ນຂອງພຣະເຈົ້າໃນການປະຕິບັດຕາມສັນຍາ ທີ່ພຣະອົງໄດ້ທຳກັບປະຊາຊົນຂອງພຣະອົງ.</p><ul><li>ພຣະເຈົ້າໄດ້ຊົງທຳສັນຍາກັບຄົນອິດສະຣາເອນເປັນຂໍ້ຕົງລົງຢ່າງເປັນທາງການທີ່ເອີ້ນວ່າ "ພັນທະສັນຍາ."</li><li>"ຄວາມສັດຊື່ໃນພັນທະສັນຍາ" ຫຼື "ຄວາມຈົງຮັກພັກດີຂອງພັນທະສັນຍາ" ຂອງພຣະເຈົ້າຢາເວ ກ່າວເຖິງຂໍ້ຄວາມເເທ້ຈິງ ທີ່</li></ul><p>ວ່າ ພຣະອົງຍັງຄົງຮັກສາສັນຍາຂອງຕົນໄວ້ກັບປະຊາຊົນຂອງພຣະອົງ.</p><ul><li>ຄວາມສັດຊື່ຂອງພຣະເຈົ້າທີ່ຈະຮັກສາພັນທະສັນຍາຂອງພຣະອົງຄື ການສະແດງອອກເຖິງພຣະຄຸນຂອງພຣະອົງທີ່ມີຕໍ່ປະຊາຊົນຂອງພຣະອົງ.</li><li>ຄຳວ່າ "ຄວາມຈົງຮັກພັກດີ" ເປັນອີກຄຳໜຶ່ງທີ່ໝາຍເຖິງ ຄວາມມຸ່ງໝັ້ນ ແລະເຊື່ອຖືໄດ້ໃນການທຳ ແລະເວົ້າໃນສິ່ງທີ່ໄດ້ສັນຍາໄວ້ແລະທີ່ຈະເປັນປະໂຫຍດຕໍ່ຜູ້ອື່ນ.</li></ul><h3 id="section-2">ຄຳແນະນຳໃນການແປ</h3><ul><li>ວິທີການແປຄຳນີ້ ຈະຂຶ້ນຢູ່ກັບວິທີແປຄຳວ່າ "ພັນທະສັນຍາ" ແລະ "ຄວາມສັດຊື່"</li><li>ວິທີໃນການແປຄຳນີ້ອາດລວມເຖິງ, " ຄວາມຮັກທີ່ສັດຊື່," ຫຼື</li></ul><p>"ຄວາມພັກດີທີ່ມຸ່ງໝັ້ນຮັກ" ຫຼື "ຄວາມຮັກທີ່ໄວ້ເນື້ອເຊື່ອໃຈ."</p>  
covenant	<h2 id="section">@ພັນທະສັນຍາ</h2><h3 id="section-1">ນິຍາມ</h3><p>ພັນທະສັນຍາເປັນຂໍ້ຕົກລົງ, ຢ່າງເປັນທາງການແລະມີຜົນຜູກພັນລະຫວ່າງສອງຝ່າຍ ທີ່ຄູ່ສັນຍາຝ່າຍໜຶ່ງ ຫຼືທັງສອງຝ່າຍຕ້ອງປະຕິບັດຕາມ.</p><ul><li>ຂໍ້ຕົກລົງນີ້ສາມາດທຳລະຫວ່າງບຸກຄົນ, ລະຫວ່າງກຸ່ມຄົນ, ຫຼື ລະຫວ່າງພຣະເຈົ້າກັບປະຊາຊົນ.</li><li>ເມື່ອຄົນທຳສັນຍາຕໍ່ກັນແລະກັນ, ພວກເຂົາສັນຍາວ່າພວກເຂົາຈະທຳສິ່ງໃດໆ, ແລ້ວພວກເຂົາຕ້ອງທຳສິ່ງນັ້ນ.</li><li>ຕົວຢ່າງພັນທະສັນຍາຂອງມະນຸດ ລວມເຖິງພັນທະສັນຍາການແຕ່ງງານ, ຂໍ້ຕົກລົງທາງທຸລະກິດ, ແລະສົນທິສັນຍາລະຫວ່າງປະເທດ.</li><li>ຕະຫຼອດພຣະຄໍາພີ, ພຣະເຈົ້າຊົງທຳພັນທະສັນຍາກັບປະຊາຊົນຂອງພຣະອົງຫຼາຍພັນທະສັນຍາທີ່ແຕກຕ່າງກັນ.</li><li>ໃນບາງພັນທະສັນຍາ, ພຣະເຈົ້າໄດ້ຊົງສັນຍາວ່າ ຈະປະຕິບັດຕາມເງື່ອນໄຂຂອງພຣະອົງໂດຍບໍ່ມີເງື່ອນໄຂ. ຕົວຢ່າງເຊັ່ນ</li></ul><p>ເມື່ອພຣະເຈົ້າຊົງກຳນົດພັນທະສັນຍາກັບມະນຸດຊາດ, ໂດຍສັນຍາວ່າຈະບໍ່ທຳລາຍໂລກອີກ ດ້ວຍນ້ຳຖ້ວມທົ່ວໂລກ, ສັນຍາ ນີ້ບໍ່ມີເງື່ອນໄຂສຳລັບຄົນທີ່ຈະທຳຕາມ.</p><ul><li>ໃນພັນທະສັນຍາອື່ນພຣະເຈົ້າໄດ້ຊົງສັນຍາວ່າ ຈະປະຕິບັດຕາມສ່ວນຂອງພຣະອົງ ສະເພາະເມື່ອບັນດາປະຊາຊົນເຊື່ອຟັງພຣະອົງແລະປະຕິບັດຕາມພັນທະສັນຍາ ໃນສ່ວນຂອງພວກເຂົາ ທີ່ໄດ້ສັນຍາໄວ້ກັບພຣະອົງເທົ່ານັ້ນ.</li></ul><h3 id="section-2">ຄຳແນະນຳໃນການແປ</h3><ul><li>ວິທີການ, ແປຄຳນີ້ອາດລວມເຖິງ, " ຂໍ້ຕົກລົງທີ່ມີຜົນຜູກພັນ"</li></ul><p>ຫຼື "ຄວາມມຸ່ງໝັ້ນຢ່າງເປັນທາງການ" ຫຼື" ຄຳໝັ້ນສັນຍາ" ຫຼື "ສັນຍາ." ທັງນີ້ຂຶ້ນຢູ່ກັບກໍລະນີນັ້ນໆ</p><ul><li>ບາງພາສາອາດມີຄຳທີ່ແຕກຕ່າງກັນສຳລັບຂໍ້ຕົກລົງ ຂຶ້ນຢູ່ກັບວ່າຝ່າຍໃດຝ່າຍໜຶ່ງ ຫຼື ທັງສອງຝ່າຍໄດ້ທຳສັນຍາວ່າຈະຕ້ອງປະຕິບັດ. ຖ້າພັນທະສັນຍາເປັນແບບດ້ານດຽວ, ກໍສາມາດແປເປັນ "ສັນຍາ" ຫຼື"ຄຳໝັ້ນສັນຍາ."</li><li>ກວດສອບໃຫ້ແນ່ໃຈວ່າຄຳແປຂອງຄຳນີ້ ບໍ່ໄດ້ເປັນການທີ່</li></ul><p>ປະຊາຊົນສະເໜີຂໍ້ຕົກລົງ. ໃນທຸກກໍລະນີຂອງພັນທະສັນຍາ ລະຫວ່າງພຣະເຈົ້າກັບມະນຸດ, ພຣະເຈົ້າເປັນຜູ້ລິເລີ່ມພັນທະສັນຍານັ້ນ.</p>  
cow	<h2 id="section">@ງົວຕົວເມຍ, @ລູກງົວ, @ງົວຕົວຜູ້@ ,ປະສຸສັດ</h2><h3 id="section-1">ນິຍາມ</h3><p>ຄຳວ່າ, "ປະສຸສັດ" ກ່າວເຖິງຟາມລ້ຽງສັດຂະໜາດໃຫຍ່, ສັດສີ່ຂາທີ່ກິນຫຍ້າ ແລະລ້ຽງເພື່ອເອົາເນື້ອແລະນົມເປັນຫຼັກ.</p><ul><li>ເພດເມຍຂອງສັດຊະນິດນີ້ເອີ້ນວ່າ "ງົວຕົວເມຍ," ເພດຜູ້ເອີ້ນວ່າເປັນ "ງົວຕົວຜູ້," ແລະລູກຫຼານຂອງພວກມັນຄື "ລູກງົວ."</li><li>ໃນບາງຄັ້ງຄຳວ່າ "ງົວຕົວເມຍ"ຖືກໃຊ້ທົ່ວໄປເພື່ອໝາຍເຖິງ</li></ul><p>ປະສຸສັດທັງໝົດ.</p><ul><li>ໃນບາງວັດທະນະທໍາ, ປະສຸສັດ ໃຊ້ຊື້ຂາຍເພື່ອແລກກັບສິນຄ້າ.</li></ul><p>ບາງຄັ້ງພວກມັນຈະໃຊ້ເປັນຂອງຂັວນໃຫ້ກັບພໍ່ ແມ່ ຂອງຍິງສາວທີ່ຜູ້ຊາຍປາຖະໜາຈະແຕ່ງງານດ້ວຍ.</p><ul><li>ໃນພຣະຄໍາພີ, ຊາວຢິວ ໃຊ້ປະສຸສັດສຳລັບເປັນສັດບູຊາ,</li></ul><p>ໂດຍສະເພາະຊະນິດໜຶ່ງທີ່ເອີ້ນວ່າງົວຕົວເມຍແດງ.</p><ul><li>"ງົວສາວ" ເປັນງົວຕົວເມຍທີ່ຍັງບໍ່ມີລູກ.</li><li>"ງົວຕົວຜູ້" ເປັນງົວຊະນິດພິເສດທີ່ໃຊ້ສຳລັບງານກະເສດຕະກໍາ, ເຊັ່ນການໄຖນາ.</li></ul>  
creation	<h2 id="section">@ສ້າງ, @ການສ້າງ, @ພຣະຜູ້ສ້າງ</h2><h3 id="section-1">ນິຍາມ</h3><p>ຄຳວ່າ "ສ້າງ" ໝາຍເຖິງການເຮັດສິ່ງໃດສິ່ງໜຶ່ງ, ຫຼືເຮັດໃຫ້ສິ່ງໃດໜຶ່ງເກີດຂຶ້ນ. ສິ່ງໃດສິ່ງໜຶ່ງທີ່ຖືກສ້າງຂຶ້ນນັ້ນເອີ້ນວ່າ "ສິ່ງທີ່ຊົງສ້າງ." ພຣະເຈົ້າຖືກເອີ້ນວ່າ "ພຣະຜູ້ສ້າງ" ເພາະອົງໄດ້ຊົງໃຫ້ທຸກສິ່ງໃນຈັກກະວານທັງໝົດເກີດມີຂຶ້ນ.</p><ul><li>ເມື່ອຄຳນີ້ໃຊ້ເພື່ອອ້າງເຖິງ ພຣະເຈົ້າສ້າງໂລກ, ໝາຍຄວາມວ່າ</li></ul><p>ພຣະອົງເຮັດໃຫ້ມັນເກີດ ຈາກທີ່ບໍ່ມີສິ່ງໃດໆເລີຍ.</p><ul><li>ເມື່ອມະນຸດ "ສ້າງ" ສິ່ງໃດໜຶ່ງ, ໝາຍຄວາມວ່າພວກເຂົາສ້າງໃຫ້ມັນອອກມາຈາກສິ່ງທີ່ມີຢູ່ແລ້ວ.</li><li>ບາງຄັ້ງ "ສ້າງ"  ໃຊ້ເປັນທຳນອງປຽບທຽບເພື່ອອະທິບາຍສິ່ງເປັນນາມມະທໍາ, ເຊັ່ນການສ້າງສັນຕິພາບ ຫຼື ສ້າງຫົວໃຈທີ່ບໍຣິສຸດໃນຄົນ.</li><li>ຄຳວ່າ "ການສ້າງ" ສາມາດກ່າວເຖິງຈຸດເລີ່ມຕົ້ນຕອນທໍາອິດ</li></ul><p>ຂອງໂລກເມື່ອພຣະເຈົ້າຊົງສ້າງທຸກສິ່ງຂຶ້ນເປັນຄັ້ງທຳອິດ. ນອກຈາກນີ້ຍັງສາມາດໃຊ້ເພື່ອອ້າງເຖິງທຸກຢ່າງທີ່ພຣະເຈົ້າຊົງ ສ້າງ. ໂດຍທົ່ວໄປບາງຄັ້ງຄຳວ່າ "ສິ່ງຊົງສ້າງ"  ກ່າວເຖິງສະເພາະຜູ້ຄົນໃນໂລກເທົ່ານັ້ນ.</p><h3 id="section-2">ຄຳແນະນຳໃນການແປ</h3><ul><li>ບາງພາສາອາດຈະເວົ້າໂດຍຕົງ ວ່າພຣະເຈົ້າຊົງສ້າງໂລກ "ຈາກທີ່ບໍ່ມີຫຍັງເລີຍ" ເພື່ອໃຫ້ແນ່ໃຈວ່າ ຄວາມໝາຍນີ້ຊັດເຈນ.</li><li>ຄຳເວົ້າ "ຕັ້ງແຕ່ການສ້າງ" ໝາຍເຖິງ, "ນັບແຕ່ພຣະເຈົ້າສ້າງ</li></ul><p>ໂລກ."</p><ul><li>ຄຳເວົ້າທີ່ຄືກັນ, "ໃນຕອນທຳອິດຂອງການຊົງສ້າງ" ອາດແປວ່າ,</li></ul><p>" ເມື່ອພຣະເຈົ້າຊົງສ້າງໂລກໃນຕອນຕົ້ນຂອງເວລາ" ຫຼື "ເມື່ອໂລກນີ້ຖືກສ້າງຂຶ້ນຄັ້ງທໍາອິດ."</p><ul><li>ການປະກາດຂ່າວປະເສີດ "ແກ່ຄົນທັງໝົດທຸກແຫ່ງທົ່ວໂລກ."</li><li>ຄຳເວົ້າ "ໃຫ້ສິ່ງຊົງສ້າງທັງສິ້ນຍິນດີ."</li><li>"ສ້າງອາດແປວ່າ, " ເຮັດ " ຫຼື " ເຮັດໃຫ້ເກີດ" ຫຼື "ທຳໃຫ້ອອກມາ</li></ul><p>ຈາກທີ່ບໍ່ມີຫຍັງເລີຍ." ທັງນີ້ຂຶ້ນຢູ່ກັບສະພາບການນັ້ນໆ</p><ul><li>ຄຳວ່າ "ພຣະຜູ້ສ້າງ" ອາດແປວ່າ, "ອົງດຽວຜູ້ສ້າງທຸກສິ່ງ"</li></ul><p>ຫຼື "ພຣະເຈົ້າຜູ້ຊົງສ້າງໂລກທັງໜ່ວຍ."</p><ul><li>ຄຳເວົ້າເຊັ່ນ "ພຣະຜູ້ສ້າງຂອງທ່ານ" ອາດແປວ່າ, "ພຣະຜູ້ຊົງສ້າງທ່ານ."</li></ul>  
creature	<h2 id="section">@ສິ່ງທີ່ມີຊີວິດ</h2><h3 id="section-1">ນິຍາມ</h3><p>ຄຳວ່າ "ສິ່ງທີ່ມີຊີວິດ" ກ່າວເຖິງສັບພະສິ່ງທີ່ພຣະເຈົ້າຊົງສ້າງ, ທັງມະນຸດແລະສັດ.</p><ul><li>ຜູ້ປະກາດພຣະທໍາເອເຊກຽນໄດ້ອະທິບາຍເຖິງການເຫັນ "ສ່ິ່ງທີ່ມີຊີວິດ" ໃນນິມິດຂອງເຂົາກ່ຽວກັບພຣະສະຫ່ງາລາສີຂອງພຣະເຈົ້າ. ເຂົາບໍ່ຮູ້ວ່າສິ່ງເຫຼົ່ານັ້ນເປັນຫຍັງ, ດັ່ງນັ້ນເຂົາໄດ້ໃຫ້ຊື່ແບບທົ່ວໄປນີ້ແກ່ສິິ່ງເຫຼົ່ານັ້ນ.</li><li>ໂປດຮູ້ວ່າ ຄຳວ່າ "ການສ້າງ" ມີຄວາມໝາຍທີ່ແຕກຕ່າງກັນ ເນື່ອງຈາກມີທຸກສິ່ງທີ່ພຣະເຈົ້າໄດ້ຊົງສ້າງ, ທັງສິ່ງມີຊີວິດແລະ</li></ul><p>ບໍ່ມີຊີວິດ (ເຊັ່ນແຜ່ນດິນ, ນ້ຳ, ແລະດວງດາວທັງຫລາຍ). ຄຳວ່າ "ສິ່ງມີຊີວິດ" ໝາຍເຖິງສິ່ງທີ່ມີຊີວິດເທົ່ານັ້ນ.</p>  
crete	<h2 id="section">@ກະຣິດ @ກະເຣຕັນ</h2><h3 id="section-1">ຂໍ້ເທັດຈິງ</h3><p>ກະຣິດເປັນເກາະທີ່ທີ່ຕັ້ງຢູ່ນອກຊາຍຝັ່ງທາງຕອນໃຕ້ຂອງປະເທດກະຣິດ"ກະເຣຕັນ" ຄືຄົນທີ່ອາສັຍຢູ່ເທິງເກາະແຫ່ງນີ້.</p><ul><li>ອັກຄະສາວົກ ໂປໂລໄດ້ເດີນທາງໄປທີ່ເກາະກະຣິດ ໃນລະຫວ່າງການເດີນທາງເພື່ອການເຜີຍແຜ່ສາດສະໜາຂອງທ່ານ.</li><li>ໂປໂລໄດ້ຖີ້ມເພື່ອນຮ່ວມງານຂອງທ່ານ ຄືຕີໂຕ ໃວ້ທີ່ເກາະກະຣິດເພື່ອສອນຄຣິດສະຕຽນແລະຊ່ວຍແຕ່ງຕັ້ງພວກຜູ້ນຳຄຣິດສະຕະຈັກທີ່ນັ້ນ.</li></ul>  
criminal	<h2 id="section">@ອາດຊະຍາກຳ, @ອາດຊະຍາກອນ</h2><h3 id="section-1">ນິຍາມ</h3><p>ຄຳວ່າ "ອາດຊະຍາກຳ"ມັກກ່າວເຖີງບາບທີ່ກ່ຽວຂ້ອງກັບການລະເມີດກົດຫມາຍຂອງປະເທດ ຫຼື ລັດຖະບານ ຄຳວ່າ"ອາດຊະຍາກອນ"ກ່າວເຖີງບຸກຄົນທີ່ກະທຳຄວາມຜິດທາງອາດຊະຍາກຳ.</p><ul><li>ປະເພດຂອງ ອາດຊະຍາກຳ ໄດ້ແກ່ ສິ່ງຕ່າງໆເຊັ່ນ ການຂ້າຄົນ ຫຼື ການລັກຊັບສິນຂອງຄົນອື່ນ.</li><li>ອາດຊະຍາກອນ ທົ່ວໄປເມື່ອຖືກຈັບໄດ້ແລ້ວ ກໍຈະຖືກຈ່ອງຈຳໃນລັກສະນະຕ່າງໆເຊັ່ນ ຄຸກ ເປັນຕົ້ນ.</li><li>ໃນລະຍະເວລາຂອງພຣະຄັມພີ ອາດຊະຍາກອນບາງຄົນກາຍເປັນຜູ້ລີ້ໄພເດີນຈາກທີ່ໜຶ່ງໄປຍັງອີກທີ່ໜຶ່ງເພື່ອໜີຄົນທີ່ຕ້ອງການທຳລາຍພວກເຂົາເພື່ອເປັນການແກ້ແຄ້ນອາດຊະຍາກຳຂອງພວກເຂົາທີ່ໄດ້ກະທຳ.</li></ul>  
cross	<h2 id="section">@ໃມ້ກາງແຂນ</h2><h3 id="section-1">ນິຍາມ</h3><p>ໃນຊ່ວງເວລາຂອງພຣະຄັມພີ ໄມ້ກາງແຂນເປັນເສົາໄມ້ທີ່ຕັ້ງຢູ່ໃນພື້ນທີ່ໂດຍມີໄມ້ຄານແນວນອນຕິດຢູ່ໃກ້ກັບດ້ານເທິງ.</p><ul><li>ໃນຊ່ວງເວລາຂອງຈັກກະພັດໂຣມ ລັດຖະບານໂຣມ ຈະປະຫານອາດຊະຍາກອນ ໂດຍຜູກ ຫຼື ຕອກຕະປູຕິດພວກເຂົາໄວ້ກັບໄມ້ກາງແຂນ ແລະຖີ້ມປະໃວ້ໃຫ້ຕາຍ.</li><li>ພຣະເຢຊູໄດ້ຖືກກ່າວໂທດຢ່າງຜິດໆ ວ່າເປັນອາດຊະຍາກອນທີ່ພຣະອົງບໍ່ໄດ້ກະທຳ ແລະຊາວໂຣມໄດ້ທຳໃຫ້ພຣະອົງເສຍຊີວິດເທິງໄມ້ກາງແຂນ.</li><li>ໂປດຮູ້ວ່ານີ້ເປັນຄຳທີ່ແຕກຕ່າງ ໄປຈາກຄຳກິຣິຍາ"ຂ້າມ"ຊຶ່ງ</li></ul><p>ຫມາຍເຖີງການຂ້າມໄປຍັງອີກດ້ານໜຶ່ງຂອງບາງສິ່ງ ບາງຢ່າງເຊັ່ນ ແມ່ນ້ຳຫຼື ທະເລສາບ.</p><h3 id="section-2">ຄຳແນະນຳໃນການແປ</h3><ul><li>ຄຳນີ້ອາດແປ ໂດຍໃຊ້ຄຳໃນພາສາທີ່ຈະແປ ຊຶ່ງກ່າວເຖີງຮູບແບບ</li></ul><p>ຂອງໄມ້ກາງແຂນ.</p><ul><li>ພິຈາຣະນາອະທິບາຍ ໄມ້ກາງແຂນວ່າ ເປັນສິ່ງທີ່ໃຊ້ຂ້າຄົນ</li></ul><p>ຈິ່ງມີການໃຊ້ຄວາມເວົ້າເຊັ່ນ "ຫຼັກປະຫານ" ຫຼື "ຕົ້ນໄມ້ແຫ່ງຄວາມຕາຍ".</p><ul><li>ພິຈາຣະນາຄຳແປນີ້ ໃນການແປພຣະຄຳພີ ດ້ວຍພາສາທ້ອງຖິ່ນ ຫຼື ພາສາກາງດ້ວຍ.</li></ul>  
crown	<h2 id="section">@ມົງກຸດ,ສວມມົງກຸດ</h2><h3 id="section-1">ນິຍາມ</h3><p>ມົງກຸດເປັນຂອງຕົກແຕ່ງ ໝວກຊົງກົມໃສ່ເທິງຫົວຂອງພວກຜູ້ປົກຄອງ ເຊັ່ນພວກກະສັດແລະຣາຊີນີ ຄຳວ່າ "ສວມມົງກຸດ" ໝາຍເຖິງການສວມມົງກຸດເທິງຫົວຂອງໃຜບາງຄົນ ປຽບທຽບໝາຍເຖິງ"ເພື່ອເປັນກຽດ"</p><ul><li>ມົງກຸດມັກຈະເຮັດດ້ວຍທອງຄຳ ຫຼື ເງິນ ແລະອັນຍະມະນີລ້ຳຄ່າເຊັ່ນ ພວກມໍຣະກົດແລະທັບທິມ</li><li>ມົງກຸດມີວັດຖຸປະສົງເພື່ອເປັນສັນຍາລັກ ຂອງອຳນາດແລະ</li></ul><p>ຄວາມມັ່ງຄັ້ງຂອງກະສັດ.</p><ul><li>ຕົງກັນຂ້າມມົງກຸດທີ່ທຳຈາກກິ່ງກ້ານໜ້າມ ທີ່ທະຫານໂຣມ</li></ul><p>ສວມໃສ່ໄວ້ເທິງຫົວຂອງພຣະເຢຊູ ມີຈຸດປະສົງເພື່ອເຢາະເຢີ້ຍ ແລະທຳລາຍພຣະອົງ.</p><ul><li>ໃນສະໄໝບູຮານ ຜູ້ຊະນະການແຂ່ງຂັນກິລາ ຈະໄດ້ຮັບມົງ</li></ul><p>ກຸດທີ່ເຮັດຈາກກິ່ງໝາກກອກ ອັກຄະສາວົກ ໂປໂລ ກ່າວເຖີງມົງກຸດນີ້  ໃນຈົດໝາຍສະບັບທີສອງຂອງທ່ານເຖິງ ຕີໂມທຽວ</p><ul><li>ໃຊ້ໃນການປຽບທຽບ "ສວມມົງກຸດ" ໝາຍເຖິງການໃຫ້ກຽດບາງຄົນ ເຮົາເຄົາຣົບພຣະເຈົ້າດ້ວຍການເຊື່ອຟັງແລະສັນລະເສີນພຣະອົງ ຕໍ່ຜູ້ອື່ນ ນີ້ເປັນເໝືອນການສວມມົງກຸດໃຫ້ພຣະອົງແລະຍອມຮັບວ່າ ພຣະອົງເປັນກະສັດ.</li><li>ໂປໂລເອີ້ນບັນດາເພື່ອນຮ່ວມຄວາມເຊື່ອຂອງທ່ານວ່າ</li></ul><p>" ຊົມຊື່ນຍິນດີແລະສວມມົງກຸດ" ໃນຄຳກ່າວນີ້ "ມົງກຸດ"ຖືກໃຊ້ເພື່ອປຽບທຽບ ໝາຍເຖິງວ່າ ໂປໂລ ໄດ້ມີຄວາມສຸກແລະໄດ້ຮັບກຽດຢ່າງສູງໂດຍວິທີທີ່ບັນດາຜູ້ເຊື່ອເຫຼົ່ານີ້ ຍັງຄົງຢຶດຫມັ້ນໃນການຮັບໃຊ້ພຣະເຈົ້າ.</p><ul><li>ເມື່ອໃຊ້ໃນການປຽບທຽບ "ມົງກຸດ" ອາດແປເປັນ"ລາງວັນ" ຫຼື"ກຽດ" ຫຼື " ສິ່ງທີ່ຕອບແທນ"ກໍໄດ້ .</li><li>ການໃຊ້ ໃນທຳນອງປຽບທຽບ"ສວມມົງກຸດ"ອາດແປວ່າ</li></ul><p>"ໃຫ້ກຽດ"ຫຼື "ຕົກແຕ່ງ"</p><ul><li>ຖ້າບຸກຄົນໃດໄດ້ "ຖືກສວມມົງກຸດ" ນີ້ອາດແປວ່າ "ມົງກຸດ</li></ul><p>ຖືກສວມເທິງຫົວຂອງເຂົາ" .</p><ul><li>ຄຳກ່າວວ່າ "ເຂົາໄດ້ຮັບການສວມມົງກຸດດ້ວຍສະຫງ່າລາສີ</li></ul><p>ແລະກຽດຕິຍົດ" ສາມາດແປໄດ້ວ່າ "ພຣະສະຫງ່າລາສີແລະກຽດຕິຍົດ" ໄດ້ມອບໃຫ້ແກ່ເຂົາ" ຫຼື "ເຂົາໄດ້ຮັບສະຫງ່າລາສີແລະກຽດຕິຍົດ"</p>  
crucify	<h2 id="section">@ຄຶງກາງແຂນ</h2><h3 id="section-1">ນິຍາມ</h3><p>ຄຳວ່າ "ຄຶງກາງແຂນ"ໝາຍເຖິງການປະຫານບຸກຄົນ ດ້ວຍການຜູກມັດເຂົາໄວ້ກັບໄມ້ກາງແຂນແລະປ່ອຍໃຫ້ເຂົາຢູ່ທີ່ນັ້ນເພື່ອຈະທົນທຸກທໍຣະ ມານແລະຕາຍດ້ວຍຄວາມເຈັບປວດຢ່າງຍິ່ງ.</p><ul><li>ຜູ້ເຄາະຮ້າຍຖືກມັດຫຼື ຕອກຕະປູຕິດກັບໄມ້ກາງແຂນ ຄົນທີ່ຖືກຄຶງກາງແຂນເສຍຊີວິດຈາກການເສຍເລືອດຫຼືຈາກການຫາຍໃຈບໍ່ອອກ.</li><li>ຈັກກະພັດໂຣມບູຮານໃຊ້ວິທີນີ້ໃນການລົງໂທດແລະຂ້າຄົນທີ່ເປັນອາດຊະຍາກອນຫຼືຜູ້ກໍ່ກະບົດຕໍ່ຕ້ານອຳນາດລັດຖະບານຂອງພວກເຂົາ.</li><li>ພວກຜູ້ນຳສາດສະໜາຢິວໄດ້ຂໍໃຫ້ຜູ້ວ່າຣາຊະການໂຣມສັ່ງໃຫ້ທະຫານຂອງເຂົາຄຶງພຣະເຢຊູ ພວກທະຫານໄດ້ຕອກຕະປູໃສ່ມືພຣະເຢຊູເຂົ້າກັບໄມ້ກາງແຂນ. ພຣະອົງຊົງທົນທຸກທໍຣະມານຢູ່ທີ່ນັ້ນເປັນເວລາຫົກຊົ່ວໂມງແລ້ວກໍສິ້ນພຣະຊົນ.</li></ul><h3 id="section-2">ຄຳແນະນຳໃນການແປ</h3><ul><li>ຄຳວ່າ"ຄຶງທີ່ກາງແຂນ"ອາດແປວ່າ "ຂ້າເທິງໄມ້ກາງແຂນ" ຫຼື</li></ul><p>"ປະຫານໂດຍການຕອກຕະປູເຂົ້າກັບໄມ້ກາງແຂນ.</p>  
cry	<h2 id="section">@ຮ້ອງໃຫ້, @ຮ້ອງສຽງດັງ</h2><h3 id="section-1">ນິຍາມ</h3><p>ຄຳວ່າ "ຮ້ອງໃຫ້" ຫຼື "ຮ້ອງສຽງດັງ" ຫຼາຍຄັ້ງໝາຍເຖິງ ເວົ້າບາງຢ່າງສຽງດັງແລະຮີບດ່ວນ ບາງຄົນສາມາດ"ຮ້ອງສຽງດັງ"ດ້ວຍຄວາມເຈັບປວດ ຫຼື ດ້ວຍຄວາມໂສກເສົ້າ ຫຼືຄວາມຮ້າຍ.</p><ul><li>ຄຳເວົ້າວ່າ "ຮ້ອງສຽງດັງ"ຫມາຍເຖິງການຮ້ອງສຽງດັງ ຫຼືຮ້ອງເອີ້ນຫຼາຍໆເທື່ອ ດ້ວຍຄວາມຕັ້ງໃຈທີ່ຈະຂໍຄວາມຊ່ວຍເຫຼືອ.</li><li>ຄຳນີ້ອາດແປວ່າ"ເປັ່ງສຽງຢ່າງດັງ" ຫຼື ຂໍຄວາມຊ່ວຍເຫຼືອຢ່າງຮີບດ່ວນ"ທັງນີ້ຂິຶ້ນຢູ່ກັບກໍລະນີ.</li><li>ການສະແດງອອກເຊັ່ນ "ຂ້ອຍຈະຮ້ອງເອີ້ນເຈົ້າ" ອາດແປວ່າ</li></ul><p>ຂ້ອຍເອີ້ນຫາເຈົ້າເພື່ອຂໍຄວາມຊ່ວຍເຫຼືອ" ຫຼື ຂ້ອຍຂໍຄວາມຊ່ວຍເຫຼືອຈາກເຈົ້າຢ່າງຮິບດ່ວນ"</p>  
cupbearer	<h2 id="section">@ພະນັກງານນ້ຳອາງຸ່ນ</h2><h3 id="section-1">ນິຍາມ</h3><p>ໃນສະໄໝພັນທະສັນຍາເດີມ"ພະນັກງານນ້ຳອາງຸ່ນ"ເປັນຂ້າຣາຊການຂອງກະສັດຜູ້ມີຫນ້າທີ່ນຳຖວາຍຖ້ວຍເຫົ້ຼາອາງຸ່ນຂອງພຣະອົງ ໂດຍປົກກະຕິການຊີມວາຍກ່ອນ ເພື່ອໃຫ້ແນ່ໃຈວ່າບໍ່ໄດ້ມີການວາງຢາພິດ.</p><ul><li>ຄວາມໝາຍຕາມຕົວອັກສອນນີ້ຄື "ຜູ້ນຳຖ້ວຍ" ຫຼື "ຄົນທີ່ນຳຖ້ວຍມາໃຫ້"</li><li>ຜູ້ນຳຖ້ວຍເປັນທີ່ຮູ້ຈັກໃນຖານະທີ່ໜ້າເຊື່ອຖືຫຼາຍ ແລະຈົງຮັກພັກດີຕໍ່ກະສັດຂອງເຂົາ.</li><li>ເນື່ອງຈາກຕຳແໜ່ງທີ່ເຊື່ອຖືໄດ້ຂອງເຂົາ ພະນັກງານນ້ຳອາງຸ່ນ ມັກຈະມີອິດທິພົນໃນການຕັດສິນໃຈຂອງຜູ້ປົກຄອງ.</li><li>ເນຫະມີຢາ ເປັນພະນັກງານນ້ຳອະງຸ່ນສຳລັບກະສັດອາເທເຊີຊີອາດແຫ່ງເປີເຊຍໃນລະຍະເວລາທີ່ຄົນອິດສະຣາເອນເປັນຊະເລີຍໃນບາບີໂລນ.</li></ul>  
curse	<h2 id="section">@ສາບແຊ່ງ,ຖືກສາບແຊ່ງ</h2><h3 id="section-1">ນິຍາມ</h3><p>ຄຳວ່າ "ສາບແຊ່ງ" ໝາຍເຖິງການກໍ່ໃຫ້ເກີດສິ່ງບໍ່ດີໃນທາງລົບທີ່ຈະເກີດກັບບຸກຄົນຫຼືສິ່ງທີ່ຖືກສາບແຊ່ງ.</p><ul><li>ສາບແຊ່ງອາດເປັນຂໍ້ຄວາມວ່າອັນຕະລາຍຈະເກີດຂື້ນກັບບຸກຄົນແລະສິ່ງຂອງບາງສິ່ງ.</li><li>ການສາບແຊ່ງ ບາງຄົນຍັງສາມາດສະແດງອອກເຖິງຄວາມປາດຖະຫນາທີ່ໃຫ້ສິ່ງບໍ່ດີຈະເກີດຂຶ້ນກັບພວກເຂົາ.</li><li>ນອກຈາກນີ້ຍັງກ່າວເຖີງການລົງໂທດຫຼື ສິ່ງທີ່ເປັນທາງລົບ</li></ul><p>ອື່ນໆ ທີ່ບາງຄົນເປັນເຫດໃຫ້ເກີດຂຶ້ນກັບບາງຄົນ.</p><h3 id="section-2">ຄຳແນະນຳໃນການແປ</h3><ul><li>ຄຳນີ້ອາດແປວ່າ"ທຳໃຫ້ເກີດສິ່ງບໍ່ດີຂຶ້ນ" ຫຼື "ປະກາດວ່າມີບາງຢ່າງທີ່ບໍ່ດີຈະເກີດຂຶ້ນ"ຫຼື "ສາບານວ່າ "ຈະກໍ່ໃຫ້ເກີດສິ່ງຊົ່ວຮ້າຍຂຶ້ນ".</li><li>ໃນກໍລະນີຂອງພຣະເຈົ້າທີ່ສົ່ງຄຳສາບແຊ່ງໄປຍັງປະຊາຊົນທີ່ບໍ່ເຊື່ອຟັງຂອງພຣະອົງ ອາດແປວ່າ "ລົງໂທດດ້ວຍການປ່ອຍໃຫ້ສິ່ງບໍ່ດີເກີດຂຶ້ນ.</li><li>ຄຳວ່າ "ສາບແຊ່ງ"ເມື່ອໃຊ້ເພື່ອອະທິບາຍ ປະຊາຊົນສາມາດແປໄດ້ເຊັ່ນນີ້.</li></ul>  
curtain	<h2 id="section">@ຜ້າກັ້ງ</h2><h3 id="section-1">ນິຍາມ</h3><p>ໃນພຣະຄຳພີຄຳວ່າ "ຜ້າກັ້ງ" ກາ່ວເຖິງວັດສະດຸທີ່ໜາ ວັດສະດຸທ່ີໜັກຊຶ່ງໃຊ້ໃນການເຮັດຫໍເຕັນແລະພຣະວິຫານ.</p><ul><li>ຫໍເຕັນໄດ້ຖືກສ້າງດ້ວຍຜ້າກັ້ງສີ່ຊັ້ນສຳຫລັບດ້ານເທິງແລະດ້ານຂ້າງ ຜ້າກັ້ງເຫຼົ່ານີ້ເຮັດຈາກຜ້າຫຼືໜັງສັດ.</li><li>ຜ້າກັ້ງຖືກນຳມາໃຊ້ເພື່ອເຮັດເປັນກຳແພງຮອບລານຫໍເຕັນ</li></ul><p>ຜ້າກັ້ງເຫຼົ່ານີ້ເຮັດມາຈາກ"ລິນິນ" ຊຶ່ງເປັນຜ້າຊະນິດໜຶ່ງທີ່ເຮັດມາຈາກຕົ້ນປໍ.</p><ul><li>ທັງໃນຫໍເຕັນແລະພຣະວິຫານມີຜ້າກັ້ງໜາແຂວນຢູ່ລະຫວ່າງ</li></ul><p>ສະຖານທີ່ສັກສິດແລະສະຖານທີ່ສັກສິດທີ່ສຸດ ຜ້າກັ້ງນີ້ຖືກຈີກອອກເປັນສອງສ່ວນຢ່າງໜ້າອັດສະຈັນເມື່ອພຣະເຢຊູສິ້ນພຣະຊົນ.</p><h3 id="section-2">ຄຳແນະນຳໃນການແປ</h3><ul><li>ເນື່ອງຈາກຜ້າກັ້ງສະໄໝໃໝ່ມີຄວາມແຕກຕ່າງກັນຫຼາຍ</li></ul><p>ກັບຜ້າກັ້ງທີ່ໃຊ້ໃນພຣະຄຳພີ ຈຶ່ງອາດໃຊ້ຄຳທີ່ຊັດເຈັນຫຼາຍຂຶ້ນ ເພື່ອໃຫ້ເຫັນຄວາມແຕກຕ່າງຫຼື ເພີ້ມຄຳທີ່ຈະອະທິບາຍຜ້າກັ້ງຫຼາຍຂື້ນ.</p><ul><li>ວິທີການແປຄຳນີ້ອາດລວມເຖິງ "ຜ້າກັ້ງປິດ"ຫຼື " ຄອບຄຸມ"</li></ul><p>ຫຼືຜ້າແຜ່ນໜາໆ " ຫຼື " ໜັງສັດຄອບຄຸມ" ຫຼື "ແຜ່ນຜ້າທີ່ແຂວນ"ທັງນີ້ຂຶ້ນຢູ່ກັບກໍລະນີນັ້ນ ໆ.</p>  
cush	<h2 id="section">@ກູເຊ</h2><h3 id="section-1">ຂໍ້ເທັດຈິງ</h3><p>ກູເຊເປັນລູກຊາຍຄົນທຳອິດຂອງຮາມ ເຂົາເປັນບັນພະບູລຸດຂອງນິມໂລດ ພີ່ນ້ອງສອງຄົນຊື່ເອຢິບແລະການາອານ.</p><ul><li>ໃນສະໄໝພັນທະສັນຍາເດີມ"ກູເຊ "ເປັນພື້ນທີ່ຂະໜາດໃຫຍ່ທາງຕອນໃຕ້ຂອງອິດສະຣາເອນ ເປັນໄປໄດ້ທີ່ແຜ່ນດິນນີ້ໄດ້ຮັບການຕັ້ງຊື່ຕາມຊື່ລູກຊາຍຂອງຮາມ ຄື ກູເຊ.</li><li>ໃນຊ່ວງເວລາທີ່ແຕກຕ່າງກັນ ພື້ນທີ່ໃນສະໄໝໂບຮານຂອງ</li></ul><p>ກູເຊ ອາດຈະຄອບຄຸມພື້ນທີ່ບາງສ່ວນຂອງປະເທດຊູດານ ອີຢິບເອທີໂອເປຍແລະອາດຈະລວມເຖິງປະເທດຊາອຸດິອາຣາເບຍໃນປະຈຸບັນ.</p><ul><li>ຊາຍອີກຄົນໜຶ່ງທີ່ຊື່ ກູເຊ ທີ່ຖືກກ່າວເຖິງໃນ ເພງສັນລະເສີນ.ເຂົາເປັນຄົນເບັນຢາມິນ.</li></ul>  
cut off	<h2 id="section">@ຕັດອອກ</h2><h3 id="section-1">ນິຍາມ</h3><p>ຄຳເວົ້າທີ່ວ່າ "ຖືກຕັດອອກ"ເປັນການສະແດງອອກທີ່ໝາຍເຖິງ ການໄດ້ຮັບການຍົກເວັ້ນ ເນຣະເທດ ຫຼືແຍກອອກຈາກກຸ່ມຫຼັກ ນອກຈາກນີ້ ຍັງສາມາດອ້າງເຖິງການຖືກຂ້າຕາຍວ່າເປັນ ການພິພາກສາຂອງພຣະເຈົ້າສຳຫຼັບຄວາມບາບ.</p><ul><li>ໃນພັນທະສັນຍາເດີມ ການບໍ່ເຊື່ອຟັງຄຳສັ່ງຂອງພຣະເຈົ້າທຳໃຫ້ຖືກຕັດຂາດຫຼືຖືກແຍກອອກຈາກປະຊາຊົນຂອງພຣະເຈົ້າແລະຈາກພຣະພັກຂອງພຣະເຈົ້າ.</li><li>ພຣະເຈົ້າຍັງໄດ້ກ່າວວ່າ  ພຣະອົງຈະ"ຕັດຂາດຫຼືທຳລາຍປະເທດທີ່ບໍ່ແມ່ນປະເທດອິດສະຣາເອນເພາະພວກເຂົາບໍ່ໄດ້ນະມັດສະການ ຫຼື ເຊື່ອຟັງພຣະອົງແລະເປັນສັດຕູຂອງອິດສະຣາເອນ.</li><li>ສຳນວນ " ຖືກຕັດອອກ " ຍັງໃຊ້ເພື່ອອ້າງເຖິງພຣະເຈົ້າ ເຮັດໃຫ້ແມ່ນ້ຳຢຸດໄຫຼ.</li></ul><h3 id="section-2">ຄຳແນະນຳໃນການແປ</h3><ul><li>ສຳນວນ"ຖືກຕັດອອກ" ອາດແປວ່າ "ຖືກເນຣະເທດ" ຫຼື "ຖືກສົ່ງອອກໄປ" ຫຼື ຖືກແຍກອອກຈາກ" ຫຼື "ຖືກຂ້າ"</li></ul><p>ຫຼື "ຖືກທຳລາຍ".</p><ul><li>"ຕັດອອກ"ອາດແປວ່າ "ທຳລາຍ"ຫຼື "ສົ່ງອອກໄປ" ຫຼື "ແຍກອອກ" ຫຼື "ທຳລາຍ" ທັງນີ້ຂຶ້ນຢູ່ກັບສະພາບການນັ້ນໆ.</li><li>ໃນກໍລະນີໃນການໄຫຼຂອງນ້ຳຖືກຕັດອອກໄປ ສິ່ງນີ້ແປໄດ້ວ່າ</li></ul><p>"ຖືກຢຸດ" ຫຼື "ເປັນເຫດໃຫ້ເກີດການຢຸດໄຫຼ"ຫຼື " ຖືກແ່ບງ"</p><ul><li>ຄວາມໝາຍຕົວອັກສອນຂອງການຕັດບາງສິ່ງດ້ວຍມີດຄວນຈະແຕກຕ່າງຈາກການໃຊ້ເປັນທຳນອງການປຽບທຽບຂອງຄຳເຫຼົ່ານີ້.</li></ul>  
cypress	<h2 id="section">@ໄມ້ສົນສາມໃບ</h2><h3 id="section-1">ນິຍາມ</h3><p>ຄຳວ່າ " ໄມ້ສົນສາມໃບ" ກ່າວເຖິງຕົ້ນສົນຊະນິດໜຶ່ງທີ່ອຸດົມສົມບູນໃນບໍຣິເວນທີ່ຜູ້ຄົນອາໃສຢູ່ໃນຍຸກຂອງພຣະຄຳພີໂດຍສະເພາະປະເທດທີ່ມີພົມແດນຕິດກັບທະເລເມດີເຕຣານເນ.</p><ul><li>ໄຊປຣັດ ແລະເລບານອນເປັນສະຖານທີ່ສອງແຫ່ງທີ່ກ່າວເຖິງໃນພຣະຄຳພີວ່າມີຕົ້ນສົນສາມໃບຈຳນວນຫຼາຍ.</li><li>ໄມ້ທີ່ໂນອາໃຊ້ໃນການສ້າງເຮືອນັ້ນອາດເປັນໄມ້ສົນສາມໃບ.</li><li>ເນື່ອງຈາກໄມ້ສົນສາມໃບມີຄວາມທົນທານແລະໃຊ້ງານໄດ້ຍາວນານທເຮັດໃຫ້ຄົນບູຮານໃຊ້ສຳຫຼັບສ້າງເຮືອແລະງານໂຄງສ້າງອື່ນໆ.</li></ul>  
cyprus	<h2 id="section">@ໄຊປຣັດ</h2><h3 id="section-1">ຂໍ້ເທັດຈິງ</h3><p>ໄຊປຣັດເປັນເກາະທີ່ຢູ່ໃນທະເລເມດິເຕຣານເນຊຶ່ງຢູ່ຫ່າງຈາກປະເທດຕູຣະກີ (ປະຈຸບັນ) ປະມານ 64 ກິໂລແມັດ.</p><ul><li>ບານາຣາບາມາຈາກ ໄຊປຣັດ ດັ່ງນັ້ນໜ້າຈະເປັນໄປໄດ້ທີ່</li></ul><p>ລູກພີ່ລູກນ້ອງຂອງເຂົາ ຄືໂຢຮັນ ມາຣາໂກ ກໍມາຈາກທີ່ນັ້ນດ້ວຍ.</p><ul><li>ໂປໂລແລະບານາຣາບາ ໄດ້ເທດສະໜາປະກາດຮ່ວມກັນເທິງ</li></ul><p>ເກາະໄຊປຣັດ ໃນຕອນແຣກ ຂອງການເດີນທາງເຜີຍແຜ່ຄຣິສຕະສາດສະໜາຄັ້ງທຳອິດ ໂຢຮັນ ມາຣາໂກກໍມາຊ່ວຍງານພວກເຂົາໃນການເດີນທາງຄັ້ງນັ້ນ.</p><ul><li>ພາຍຫຼັງ ບາຣານາບາແລະມາຣາໂກ ໄດ້ໄປຢ້ຽມໄຊປຣັດອີກຄັ້ງໜຶ່ງ .</li><li>ໃນພັນທະສັນຍາເດີມ ເກາະໄຊປຣັດໄດ້ຮັບການກ່າວເຖິງ</li></ul><p>ວ່າເປັນແຫ່ຼງທີ່ອຸດົມໄປດ້ວຍຕົ້ນສົນສາມໃບ.</p>  
cyrene	<h2 id="section">@ໄຊຣິນ</h2><h3 id="section-1">ຂໍ້ເທັດຈິງ</h3><p>ໄຊຣິນເປັນເມືອງກຣີກຢູ່ທາງຊາຍຝັ່ງຕອນເຫນືອຂອງທະ ວີບອາຟຣິກກາ ເໜືອທະເລເມດີເຕຣານເນ ທາງໃຕ້ຂອງເກາະກຣິກ.</p><ul><li>ໃນພັນທະສັນຍາໄໝ່ ທັງຄົນຢິວແລະພວກຄຣິສະຕຽນໄດ້ອາສັຍຢູ່ໃນໄຊຣິນ.</li><li>ໄຊຣິອາດຈະເປັນທີ່ຮູ້ຈັກກັນແຜ່ຫຼາຍທີ່ສຸດໃນພຣະຄຳພີ ວ່າເປັນເມືອງ ບ້ານເກີດຂອງຊາຍຄົນໜຶ່ງທີ່ຊື່ ຊີໂມນຊຶ່ງເປັນຜູ້ທີ່ໄດ້ແບກໄມ້ກາງແຂນຂອງພຣະເຢຊູ.</li></ul>  
cyrus	<h2 id="section">@ໄຊຣັສ</h2><h3 id="section-1">ຂໍ້ເທັດຈິງ</h3><p>ໄຊຣັສ ເປັນກະສັດເປີເຊຍທີ່ກໍ່ຕັ້ງຈັກກະພັດເປີເຊຍຂຶ້ນໃນປີ 550, ກ່ອນຄຣິສຕະສັກກະຣາດ. ດ້ວຍການຊະນະສົງຄາມ ໃນປະຫວັດສາດພຣະອົງເປັນທີ່ຮູ້ຈັກໃນຖານະໄຊຣັສມະຫາຣາຊ</p><ul><li>ກະສັດໄຊຣັສຢຶດເມືອງບາບີໂລນ ຊຶ່ງນຳໄປສູ່ການປົດປ່ອຍ</li></ul><p>ອິດສະຣາເອນທີ່ຖືກຈັບໄປເປັນຊະເລີຍຢູ່ທີ່ນັ້ນ.</p><ul><li>ກະສັດໄຊຣັສເປັນທ່ີ່ຮູ້ຈັກໃນເລື່ອງທັດສະນະຄະຕິທີ່ອົດທົນ</li></ul><p>ໜັກແໜ້ນຕໍ່ປະຊາຊົນໃນປະເທດຕ່າງໆ ທີ່ລົບຊະນະ. ຄວາມ ເມດຕາຂອງພຣະອົງຕໍ່ຄົນຢິວນຳໄປສູ່ການສ້າງວິຫານໃນເຢຣູຊາເລັມຂຶ້ນໃໝ່ພາຍຫຼັງການຕົກເປັນຊະເລີຍ.</p><ul><li>ໄຊຣັສໄດ້ຄອງຣາດຊະສົມບັດໃນຊ່ວງເວລາ ທີ່ ດານິເອນ</li></ul><p>ເອສຣາ ແລະເນເຫມີຢາມີຊີວິດຢູ່.</p>  
damascus	<h2 id="section">@ດາມັສກັດ</h2><h3 id="section-1">ຂໍ້ເທັດຈິງ</h3><p>ດາມັສກັດ ເປັນ ເມືອງຫລວງ ຂອງ ປະເທດຊີເຣັຍ. ທີ່ຍັງຄົງຕັ້ງຢູ່ໃນສະຖານ ທີ່ດຽວ ກັບ ທີ່ເຄີຍມີຢູ່ໃນ ພຣະຄັມພີກ</p><ul><li>ດາມັສກັດ ເປັນ ເມືອງທີ່ເກົ່າແກ່ ທີ່ສູດເມືອງນຶ່ງໃນໂລກ ທີ່ຍັງມີຜູ້ຄົນອາສັຍຢູ່ຢ່າງຕໍ່ເນື່ອງ.</li><li>ໃນຊ່ວງ ເວລາ ຂອງ ອັບຣາຮາມ  ດາມັສກັດເປັນເມືອງຫລວງ ຂອງອານາ ຈັກອາຣັມ ( ຄືທີ່ຕັ້ງຊີເຣັຍ ໃນປັຈຸບັນ).</li><li>ຕລອດຊ່ອງ ຂອງພັນທະສັນເດີມ ມີການອ້າງຫລາຍຄັ້ງເຖີງການມີຄວາມສຳພັນ ລະຫວ່າງ ລະຫວ່າງຊາວ ດາມັສກັດ ກັບຊາວອິສຣເອັນ.</li><li>ຫລາຍຄຳ ທຳນວາຍ ໃນພຣະຄັມພີທຳນວາຍ ເຖີງການທຳລາຍເມືອງດາມັສກັັັັັັັັັດ. ຄຳທຳນວາຍເຫົ່ລານີ້ ໄດ້ເກີດຂື້ນຈິງ ເມື່ອ ອັດຊີເຣັຍທຳລາຍ ເມືອງນີ້ອີກ ໃນອານາຄົດ ຈົນເມືອງນີ້ຖືກທຳລາຍຈົນໝົດສີ້ນ.</li><li>ໃນພັນທະສັນຍາໃໜ່,ໂຊໂລຄົນເປັນຟາຣີຊາຍ(ພາຍຫັລງເປັນທີ່ຮູ້ຈັກໃນນາມຂອງໂປໂລ) ກຳລັງຈະໄປຈັບກຸມພວກຄຣີສະຕຽນໃນເມືອງດາມັສກັດ ຂະນະເມື່ອ ພຣະເຢຊູ ໄດ້ປະເຊີນໜ້າກັບເຂົາແລະເຮັດໃຫ້ເຂົາກາຍເປັນຄົນເຊື່ອຄົນນຶ່ງ.</li></ul>  
dan	<h2 id="section">@ດານ</h2><h3 id="section-1">ຂໍ້ເທັດຈິງ</h3><p>​ດານ​ ເປັນ ​ບຸ​ດ​ຊາຍ​ຄົນ​ທີ່​ຫ້າ ຂອງຢາ​ໂຄບ ​ແລະ​ເປັນ​ນຶ່ງ​ໃນ​ສິບ​ສອ​ງ​ເຜົ່າ​ ຂອງ​ຄົນ​ອິ​ສ​ຣາ​ເອັນ ເຂດ​ປົກ​ຄອງ​ຕັ້ງ​ຖິ່ນ​ຖານ​ຂອງ​ຊົນ​ເຜົ່າ​ດານ​ ຢູ່​ທາງ​ພາກ​ເໜືອ​ຂອງ​ຄາ​ນາ​ອານ ທັ້ງ​ຍັງ​ໄດ້​ຮັບ​ຊື່ນີ້​ດ້ວ</p><ul><li>ໃນ​ສ​ມັຍ​ຂອງ​ອັບ​ຣາ​ຮາມ ,​ມີ​ເມືອງ​ນຶ່ງ​ຊື່​ດານ​ຕັ້ງ​ຢູ່​ທາງ​ຕາ​ວັນ​ຕົກ​ຂອງ  ​ກຸງ​ເຢ​ຣູ​ຊາ​ເລັມ.</li><li>ຫລາຍ​ປີ ,​ຕໍ່​ມາ​ໃນ​ຊ່ວງ​ເວ​ລາ  ​ທີ່​ຊົນ​ຊາດ​ອິ​ສະ​ຣາ​ເອນ​ເຂົ້າ​ສູ່​ດີນ​ແດນ​ທີ່​ພ​ຣະ​ເຈົ້າ​ຊົງ​ສັນ​ຍາ​ໄວ້ ຍັງ​ມີ​ອີກ​ເມືອງ​ນຶ່ງ​ຊື່​ດານ​ຕັ້ງ​ຢູ່​ຫ່າງ​ຈາກ​ກຸງ​ເຢ​ຣູ​ຊາ​ເລັມ​ໄປ​ທາງ​ເໜືອ​ປະ​ມານ 60 ໄມ​ລ໌.</li></ul><p>' ຄຳ​ວ"ຄົນ​ດານ"ກ່າວ​ເຖີງ​ເຊື້ອ​ສາຍ​ຂອງ​ດານ ຜູ້​ຊຶ່ງ​ເປັນ​ພວມ​ສະມາ​ຊິກ​ຂອງ​ຕະ​ກຸນ​ຂອງ​ເຂົາ​ດ້ວຍ.</p>  
daniel	<h2 id="section">@ດາ​ນີ​ເອນ</h2><h3 id="section-1">ຂໍ້ເທັດຈິງ</h3><p>​ດາ​ນິ​ເອນ ​ເປັນ​ ຊາວ​ອິ​ສະ​ຣາ​ເອນ​ ຜູ້​ປະກາດພຣະທັມ ​ທີ່​ເປັນ​ຊາຍ​ໜຸ່ມ ​ຖຶກ​ນຳ​ໄປ ​ເປັນ​ສະ​ເລີຍ​ໂດຍ​ເນ​ບູ​ກາດເນ​ັດ​ຊາ ກະ​ສັດ​ບາລີໂລນ​ເມື່ອ​ປະ​ມານ 600 ປີ​ກ່ອນ​ກ່ອນ​ຄ​ຣິ​ສະ​ຕະສັກ​ຣາດ.</p><ul><li>ນີ້ ​ເປັນ​ຊ່ວງ​ເວ​ລາ ​ທີ່​ຄົນ​ອິ​ສະ​ຣາ​ເອນ ​ຫລາຍ​ຄົນ​ຈາກ​ຢູ​ດາ​ໄດ້​ຖຶກ​ນຳ​ໄປ​ເປັນ​ສະ​ເລີຍ ​ຢູ່​ໃນ​ບາ​ບີ​ໂລນ​ເປັນ​ເວ​ລາ 70 ປີ.</li><li>ດາ​ນິ​ເອນ​ໄດ້​ຮັບ​ຊື່​ເປັນ​ພາ​ສາ​ບາ​ບີ​ໂລນ ​ວ່າ​ເບັນ​ເຕ​ຊັດ​ຊາ​</li><li>ດາ​ນິ​ເອນ ​ເປັນ​ຄົນ​ໜຸ່ມ ​ທີ່​ໜ້າ​ຍົກ​ຍ້ອງ​ແລະ​ຊອບ​ທັມ ​ເປັນ​ຜູ້​ທີ່​ເຊື່ອ​ຟັງ ພ​ຣະ​ເຈົ້າ.</li><li>ພ​ຣະ​ເຈົ້າ ​ໄດ້​ຊ່ວຍ​ເຫລືອ​ ໃຫ້ດາ​ນິ​ເອນແປ​ຄວາມ​ຝັນ ​ຫລື​ນິ​ມິດ​ຫລາຍຢ່າງ​ສຳ​ຫລັບ​ ກະ​ສັດ​ບາ​ບີ​ໂລນ.</li><li>ເພາະ ​ຄວາມ​ສາ​ມາດນີ້ ​ແລະ​ລັກ​ສະ​ນະ​ນິ​ສັຍ​ທີ່​ໜ້າ​ຍົກ​ຍ້ອງ​ສັນ​ຣະ​ເສີນ​ຂອງ​ເຂົາ ,ດາ​ນິ​ເອນ​ຈຶ່ງ​ໄດ້​ຮັບ​ຕຳ​ແໜ່ງ ​ຜູ້​ນຳ​ລະດັບ​ສູງ​ໃນ​ອາ​ນາ​ຈັກ​ບາ​ບີ​ໂລນ.</li><li>ຫລາຍ ​ປີ ​ຕໍ່​ມາ ,​ສັ​ຕ​ຕູ​ຂອງ ​ດາ​ນິ​ເອນ ​ໄດ້​ໃຊ້​ກົນ​ອຸ​ບາຍ​ເຮັດ​ໃຫ້​ດາ​ຣິ​ອັດ ກະ​ສັດ​ ບາ​ບີ​ໂລນ ​ອອກ​ກົດ​​ໝາຍ ​ຫ້າ​ມບໍ່ໃຫ້ມີ​ການນະ​ມັ​ສະ​ການ ​ຜູ້​ໃດ ​ຍົກ​ເວັນ​ແຕ່​ກະ​ສັດ ດາ​ນິ​ເອນ​ຍັງ​ຄົງ ​ອະ​ທິ​ຖານ​ຕໍ່​ພ​ຣະ​ເຈົ້າ, ​ຢ່າງ​ຕໍ່​ເນື່ອງ ດັ່ງ​ນັ້ນ​ເຂົາ​ຈຶ່ງ​ຖຶກ​ຈັບ ​ແລະ​ຖຶກ​ໂຍນ​ເຂົ້າ​ໄປ​ໃນ​ຖ້ຳ​ສິງ​ໂຕ. ແຕ່​ພ​ຣະ​ເຈົ້າ,ໄດ້​ຊົງ​ຊ່ວຍ​ປົກ​ປ້ອງ ​ລາວ​ແລະ​ລາວ​ບໍ່ໄດ້​ຮັບອັນ​ຕ​ລາຍ​ໄດໆ​ເລີຍ.</li></ul>  
darius	<h2 id="section">@​ດາ​ຣິ​ອັດ</h2><h3 id="section-1">ຂໍ້ເທັດຈິງ</h3><p>​ດາ​ຣິ​ອັດ​ ເປັນ​ ຊື່​ຂອງ​ກະ​ສັດ​ຫລາຍ​ອົງ ​ຂອງ​ເປີ​ເຊັຍ ເປັນ​ໄປ​ໄດ້​ວ່າ" ດາ​ຣິ​ອັດ"ໜ້າ​ຈະ​ເປັນ​ຕຳ​ແໜ່ງ ແທນ​ທີ່​ຈະ​ເປັນ​ຊື່ '* "ດາ​ຣິ​ອັດ​ເປັນຄົນ​ມີ​ເດັຍ" ເປັນ​ກະ​ສັດ​ທີ່​ຖຶກ​ຫລອກ ​ໃນ​ການ​ໃຫ້​ໂຍນ ​ຜູ້​ປະກາດພຣະທັມ ດາ​ນິ​ເອນ ​ເຂົ້າ​ໄປ​ໃນ​ຖ້ຳ​ສິງ​ໂຕ ​ເພື່ອ​ເປັນ​ລົງ​ໂທດ​ ທີ່​ນະ​ມັ​ສະ​ການ​ພ​ຣະ​ເຈົ້າ.</p><ul><li>"ດາຣີອັດ ໄດ້​ຊ່ວຍ​ອຳ​ນວຍ​ ຄວາມ​ສະ​ດວກ ​ໃນ​ການ​ສ້ອມ​ແຊມ​ພ​ຣະ​ວິ​ຫານ ​ໃນ​ກຸງ​ເຢ​ຣູ​ຊາ​ເລມ ​ໃນ​ຊ່ວງ​ເວ​ລາ​ຂອງ​ເອ​​ຊາ​ຣາ​ແລະ​ເນ​ເຫມີ​ຢາ.</li></ul>  
darkness	<h2 id="section">@ຄວາມ​ມຶດ</h2><h3 id="section-1">ນິຍາມ</h3><p>​​ຄຳ​ວ່າ​ "ຄວາມ​ມຶດ" ຕາມ​ຕົວ​ອັກ​ສອນ ​ຫລາຍ​ເຖີງ​ການ​ຂາດ​ແສງ ນອກ​ຈາກນີ້ ​ຍັງ​ມີ​ຫລາຍ ​ຄວາມ​ໝາຍ​ທີ່​ເປັນ​ທຳ​ນອງ​ປຽບ​ທຽບ​ຂອງ​ຄຳ​ນີ້:</p><ul><li>ຄຳອຸ​ປະ​ມາ​ວ່າ " ຄວາມ​ມຶດ" ໜາຍ​ເຖີງ "ສິ່ງ​ສົກ​ປົກ" ຫລື​ "ຊົ່ວ​ຮ້າຍ" ຫລື ຕາ"ບອດ​ຝາ່ຍຈິດ​ວິນ​ຍານ"</li><li>ນອກ​ຈາກນີ້ ​ຍັງ​ເວົ້າ​ເຖີງ​ຫຍັງ ທີ່​ກ່ຽວ​ຂ້ອງ​ ກັບ​ບາບ ​ແລະ​ການ​ເຊື່ອມ​​ຊາມທາງ​ສິລະ​ທັມ.</li><li>ຄຳ​ກ່າວ​ວ່າ " ອຳ​ນາດ​ແຫ່ງ​ຄວາມ​ມຶດ" ກ່າວ​ເຖີງ​ທຸກ​ສິ່ງ​ທີ່​ຊົ່ວ​ຮ້າຍ.​ແລະ​ຖຶກ​ຄຸ້ມຄອງ ​ໂດຍ​ຊາ​ຕານ.</li><li>ຄຳ​ວ່າ " ຄວາມ​ມຶດ" ສ​ມາດ​ໃຊ້ເປັນ​ ຄຳ​ອຸ​ປະ​ມາ ​ສຳ​ຫັບ​ຄວາມ​ຕາຍ ເບີ່ງທີ່: <a href="https://read.bibleineverylanguage.org/WA-Catalog/lo_tm?section=translate#figs-metaphor" target="_blank" data-is-rc-link="" data-repo="lo_tm" data-user="WA-Catalog" data-page="translate" data-topic="figs-metaphor" data-type="tm">figs-metaphor</a>)</li><li>ຄົນ​ທີ່ບໍ່​ຮູ້​ຈັກ​ພ​ຣະ​ເຈົ້າ​ຈະ​ເວົ້າ​ວ່າ " ດຳ​ເນີນ​ຊີ​ວີດ​ຢູ່​ໃນ​ຄວາມ​ມືດ",ຊຶ່ງ​ໝາຍ​ຄວາມ​ວ່າ ​ພວກ​ເຂົາ​ບໍ່​ເຂົ້າ​ໃຈ ​ຫລື​ປະ​ຕິ​ບັດ​ຕາມ​ຄວາມ​ຊອບ​ທັມ.</li><li>ພ​ຣ​ະເຈົ້າທົງ​ເປັນ​ຄວາມ​ສວ່າງ " ຄວາມ​ຊອບ​ທັມ"ແລະ​ຄວາມ​ມືດ​ຄວາມ "ຊົ່ວ"ບໍ່​ສາ​ມາດ ​ເອົາ​ຊະ​ນະ​ແສງ​ສວ່າງ​ ດັ່ງ​ກ່າວ​ໄດ້</li><li>ສ​ຖານ​ທີ່​ ແຫ່ງ​ການ​ລົງ​ໂທດ ​ສຳ​ຫລັບ​ຜູ້​ປະ​ຕິ​ເສດ​ພ​ຣະ​ເຈົ້າມັກ​ຖຶກ​ກ່າວ​ ​ເຖີງວ່າ " ທີ່​ມຶດ​ຂ້າງນອກ"</li></ul><h3 id="section-2">ຄຳ​ແນະ​ນຳ​ໃນ​ການ​ແປ</h3><ul><li>​ທີ່ດີ ​ທີ່​ສຸດ​ ຄື​ການ​ແປ​ຄຳ​ນີ້,​ ຕາມ​ຕົວ​ອັກ​ສອນ ​ດ້ວຍ​ຄຳ​ໃນ​ພາ​ສາ​ ຂອງ​ໂຄງ​ການ ​ທີ່​ອ້າງ​ຖຶງ​ການ​ຂາດ​ແສງ​ສວ່າງ ນີ້</li></ul><p>​ອາ​ດຈະ​ເປັນ​ຄຳ ​ທີ່​ກ່າວ​ເຖີງ​ຄວາມ​ມຶດ ​ໃນ​ຫ້ອງ​ທີ່ບໍ່​ມີ​ແສງ​ສະຫວ່າງ ເປັນ​ວິ​ທີ​ການ​ອະ​ທິ​ບາຍ ​ຄວາມ​ຊົ່ວ​ຮ້າຍ​ແລະ​ການ​ຫລອກ​ລວງ ​ທີ່​ກົງ​ກັນ​ຂ້າມ​ກັບ ​ຄວາມ​ດີ​ແລະ​ຄວາມ​ຈິງ.</p><ul><li>ວິ​ທີ​ອື່ນ ​ໃນ​ການ​ແປ​ຄຳ​ນີ້​ອາ​ດຈະ​ເປັນ, "ຄວາມ​ມຶດ​ຂອງ​ກາງ​ຄືນ" ອັນ​ນີ້​ຂື້ນ​ຢູ່​ກັບ​ບໍຣິບົດນັ້ນໆ.</li></ul>  
daughter of zion	<h2 id="section">@ລູກ​ສາວ​ແຫ່ງ​ສີ​ໂອນ</h2><h3 id="section-1">ນິຍາມ</h3><p>" ລູກ​ສາວ​ແຫ່ງ​ສີ​ໂຢນ" ເປັນ​ ຄ​ຳ ປຽບ​ທຽບ ກ່າວ​ເຖີງ​ຊົນ​ຊາດ​ອິ​ສ​ຣະ​ເອນ.​  ມັກ​ໃຊ້​້ໃນ​ຄວາມ​ພະ​ຍາ​ກອນຕ່າງໆ</p><ul><li>ໃນ ​ພັນ​ທະ​ສັນ​ຍາ​ເດີມ, " ສີ​ໂຢນ" ມັກ​ຖືກ​ໃຊ້​ ເປັນ​ອີກ ​ຊື່ຫ​ນຶ່ງ​ຂອງ ​ກຸງ​ເຢ​ຣູ​ຊາ​ເລມ.</li><li>ທັງ " ສີ​ໂຢນ" ແລະ​ "ກຸງ​ເຢ​ຣູ​ຊາ​ເລມ" ຍັງ​ ໃຊ້​ເພືອ​ກ່າວ ​ເຖີງ​ອິ​ສາ​ເອນ.</li><li>ຄຳ​ວ່າ " ລູກ​ສາວ" ເປັນ​ ຄຳ ​ທີ່​ມີ​ຄວາມ​ຮັກ ​ແລະ​  ເອັນ​ດູ ​ຫລື​ຄວາມ​ຮັກ. ເປັນ​ການ​ ປຽບທຽບ ​ສຳ​ຫລັບ​ ຄວາມ​ອົດ​ທົນ ​ແລະ​ຄວາມ​ຫ່​ວງ​ໃຍ ​ທີ່​ພ​ຣະ​ເຈົ້າ ​ຊົງ​ມີ ​ຕໍ່​ໄພ່ພົນ ຂອງ​ພ​ຣະ​ອົງ.</li></ul><h3 id="section-2">ຄຳ ​ແນະ​ນຳ​ໃນ​ການ​ແປ</h3><ul><li>ວິ​ທີ​ ແປ​ຄຳ​ນີ້ ​ຄວນ​ຈະ​ຣວມ, "ອິ​ສ​ຣະເອນລູ​ກ​ສາວ​ຂອງ​ເຮົາ ຈາກ​ສີ​ໂອນ" ຫລື" ​ໄພ່​ພົນ ​ອີ​ສ​ຣາ​ເອນ ​ທີ່​ຮັກ​ຂອງ​ເຮົາ".</li><li>ເປັນ ​ການ​ດີ​ທີ່​ສຸດ ​ໃນ​ການ​ຮັກ​ສາ​ ຄຳ​ວ່າ "ສີ​ໂຢນ" ໃນ ​ສຳ​ນວນນີ້ ​ເນື​່ອງ​ຈາກ​ ມີ​ການ​ໃຊ້​ຫລາຍ​ຄັ້ງ​ ໃນ​ພ​ຣະ​ຄຳ​ພີ ຂໍ້​ສັງ​ເກດ​ອາດ​ລວມ ​ຢູ່​ໃນ ​ການ​ແປ ​ເພື່ອ​ອະ​ທິ​ບາຍ ​ຄວາມ​ໝາຍ ​ທີ່​ປຽບ​ທຽບ​ແລະ  ​ໃຊ້​ໃນ​ການ​ພ​ຍາ​ກອນ​ຕ່າງໆ.</li><li>ເປັນ ​ການ​ດີ ​ທີ່​ຈະ​ໃຊ້​ຄຳ​ວ່າ " ລູກ​ສາວ ​ໃຊ້​ໃນ​ ການ​ແປ​ ສຳ​ນວນນີ້​ ຖ້າ​ເຮັດ​ໃຫ້​ເຂົ້າ​ໃຈ​ໄດ້​ ຢ່າງ​ຖຶກ​ຕ້ອງ.</li></ul>  
david	<h2 id="section">@ດາ​ວິດ</h2><h3 id="section-1">ຂໍ້ເທັດຈິງ</h3><p>​ດາ​ວິດ ​ເປັນ​ກະ​ສັດ​ ອົງ​ທີ່​ສອງ ​ຂອງ​ອິ​ສະ​ຣາ​ເອນ ພ​ຣະ​ອົງ​ຊົງ​ຮັກ.​​ແລະ ປະ​ຕິ​ບັດ​ພ​ຣະ​ເຈົ້າ ​ພ​ຣະ​ອົງ​ເປັນ​ນັກ​ຂຽນ ຫລັກ​​ພ​ຣະ​ທັມ​​ເພງ​ສັນ​ລະ​ເສີນ.</p><ul><li>ເມື່ອ ​ດາ​ວິດ ​ຍັງ ​ເປັນ​ເດັກ​ນ້ອຍ ໄດ້​​ດູ​ແລ  ​ແກະ​ຂອງ​ຄອບ​ຄົວ​ລາວ, ພ​​​ຣະ​ເຈົ້າ​ຊົງ​ເລືອກ​ລາວ​ ໃຫ້​ເປັນ​ກະ​ສັດ​ຄົນ​ຕໍ່​ໄປ​ ຂອງ​ອິ​ສະ​ຣາ​ເອນ.</li><li>ດາ​ວິດ ​ໄດ້​ກາຍ​ເປັນ ​ນັກ​ລົບ ​ຜູ້​ຍິ່ງ​ໃຫ່​ຍ ​ແລະ ​ນຳ​ກອງ​ທັບ​  ອິ​ສະ​ຣາ​ເອນ ​ເຂົ້າ​ສູ່​ສົງ​ຄາມ ​ກັບ​ສັດ​ຕູ​ຂອງ.​ພວກ​ເຂົາ ໄຊ​ຊະ​ນະ​ຂອງ​ພະ​ອົງ ​ເຫນືອ ​ໂກ​ລິ​ອາດ ຄົນຟີ​ລີ​ສ​​ຕີນ ​ເປັນ​ທີ່​ຮູ້​ຈັກ​ກັນ​ດີ.</li><li>ກະ​ສັດ ​ຊາ​ອູນ ​ໄດ້​ຊົງ​ພະ​ຍາ​ຍາມ ​ທີ່​ຈະ​ຂ້າ​ດາ​ວິດ ແຕ່​ພ​ຣະ​ອົງ​ໄດ້​ຊົງ​ກັບ​ໃຈ​ແລະ​ແລະ​ພ​ຣະ​ເຈົ້າ​ໄດ້​ຊົງ​ອະ​ພັຍ​ໂທດ​ໃຫ້​ພ​ຣະ​ອົງ.</li><li>ດາ​ວິດ ​ໄດ້​ຊົງ​ທຳ​ບາບ ​ຢ່າງໃຫຍ່​ຫລວງ, ​ແຕ່​ພ​ຣະ​ອົງ ​ໄດ້​ຊົງ​ກັບ​ໃຈ ​ແລະ ​ພ​ຣະ​ເຈົ້າ​ໄດ້​ຊົງ ​ອະ​ພັຍ​ໂທດ​ໃຫ້​ພ​ຣະ​ອົງ.</li><li>ພ​ຣະ​ເຢ​ຊູ ພ​ຣະ​ເມ​ສີ​ອາ ໄດ້​ຊົງ​ຖຶກ​ເອີ້ນ​ວ່າ " ລູກຂອງ​ດາ​ວິດ" ເພາະ​ວ່າ  ​ພ​ຣະ​ອົງ​ຊົງ​ເປັນ ​ເຊື້ອ​ສາຍ ຂອງ​ກະ​ສັກ​ດາ​ວິດ.</li></ul>  
day of the lord	<h2 id="section">@​ວັນ @​ແຫ່ງ​ @ອົງ​ພ​ຣະ​ຜູ້​ເປັນ​ເຈົ້າ,@ ວັນ @​ແຫ່ງ ​ພ​ຣເຈົ້າະ​ຢາ​ເວ</h2><h3 id="section-1">ນິຍາມ</h3><ul><li>​ຄຳ​ວ່າ " ວັນ ​ແຫ່ງ ພຣະເຈົ້າຢາເວ​" ໃນ ​ພັນ​ທະ​ສັນ​ຍາ​ເດີມ​ໃຊ້​ ເພື່ອ ​ອ້າງ​ເຖີງ​ເວ​ລາ ​ທີ່​ສະ​ເພາະ​ເຈາະ​ຈົງ ​ເມື່ອ ​ພ​ຣະ​ເຈົ້າ​ ຊົງ​ລົງ​ໂທດ​ໄພ່​ພົນ​ ຂອງ  ​ພ​ຣະ​ອົງ​ ເພາະ​ຄວາມບ​າບ ​ຂອງພວກ​ເຂົາ.</li><li>ຄຳ​ວ່າ " ວັນ​ແຫ່ງ​ອົງ​ພ​ຣະ​ຜູ້​ເປັນ​ເຈົ້າ" ໃນ​ພັນ​ທະ​ສັນ​ຍາ​ໃໝ່​ມັກ ​ເວົ້າ​ເຖີງ ວັນ ​ຫລື ​ເວ​ລາ ​ທີ່​ພ​ຣະ​ເຢ​ຊູ​ຄ​ຣິ​ສ​ ຈະ​ສະ​ເດັດ​ກັບມາພິ​ພາກ​ສາ ​ໄພ່​ພົນ​ຂອງ​ພ​ຣະ​ອົງ ເມື່ອ​ເວ​ລາ ​ວັນ​ສຸດ​ທ້າຍ.</li><li>ສຸດ​ທ້າຍນີ້ ເວ​ລາ ​ໃນ​ອາ​ນາ​ຄົດ ຂອງ ​ການ​ພິ​ພາກ​ສ າແລະ ​ການ​ ຄືນ​ພະ​ຊົນ ​ໃນ​ ບາງ​ຄັ້ງ​ເວົ້າ​ວ່າ" ວັນ​ສຸດ​ທ້າຍ" ເວ​ລານີ້  ​ຈະ ​ເລື້ມ​ຕົ້ນ​ ເມື່ອ​ ພ​ຣະ​ເຢ​ຊູ ອົງ​ພ​ຮະ​ຜູ້​ເປັນ​ເຈົ້າ​ ກັບ​ມາ ​ພິ​ພາກ​ສາ ​ພວກ​ຄົນ​ບາບ ​ແລະ​ ຈະ​ສ້າງ​ການ​ປົກ​ຄອງ​ ຂອງ​ພ​ຣະ​ອົງ ​ຢ່າງ​ຖາ​ວອນ.</li><li>ຄຳ​ວາ (ວັນ) ໃນ​ປະ​ໂຍກນີ້​ອາ​ຈ​ອ້າງ​ເຖີງວັນ​ຕາມ​ຕົວ​ອັກ​ສອນ​ຫລື​ອາ​ຈ​ກ່າວ​ເຖີງ (ເວ​ລາ) ຫລື​ (ໂອ​ກາດ)ທີ່​ຍາວ​ນານກວ່າ​ນຶ່ງວັນ.</li><li>ບາງ​ຄັ້ງ ​ການ​ລົງ​ໂທດ​ ມັກ​ເວົ້າ​ເຖີງວ່າ " ຫລັງ​ຄວາມ​​ຮ້າຍ​ຂອງ​ພ​ຣະ​ເຈົ້າ" ລົງ​ໃສ່ ​ບັນ​ດາ​ຄັນ​ທັງ​ຫລາຍ ​ທີ່ບໍ່​ເຊື່ອ.</li></ul><p>%ຄຳແນະ​ນຳ​ໃນ​ການ​ແປ</p><ul><li>ວິ​ທີ​ອື່ນໆ ໃນ​ການ​ແປ " ວັນ​ແຫ່ງພ​ຣະ​ເຈົ້າ​ຢາ​ເວ" ອາ​ດ​ລວມ​ເຖີງ "ເວ​ລາ ຂອງ​ພ​ຣະ​ເຈົ້າ​ຢາ​ເວ" ຫລື " ເວ​ລາ ຊຶ່ງ​ພຣະເຈົ້າ​ເວ</li></ul><p>ພ​ຣະ​ເຈົ້າ​ຢາ​ເວຈະລົງໂທດພວກສັດຕູຂອງພຣະອົງ"ຫລື"ເວລາແຫ່ງຄວມໂກດຮ້າຍຂອງຂອງພຣະເຈົ້າຢາເວ" ທັງ​ນີ້​ຂື້ນ​ຢູ່​ກັບ​ບໍລິບົດນັ້ນໆ.</p><ul><li>ໃນ​ການ​ແປ​ອື່ນໆ " ເວ​ລາ​ຂອງ​ພ​ຣະ​ຜູ້​ເປັນ​ເຈົ້າ" ອາ​ດ​ລວມ​ເຖີງ "ເວ​ລາ​ແຫ່ງ​ການ​ພິ​ພາກ​ສາ​ຂອງ​ອົງ​ພ​ຣະ​ຜູ້​ເປັນ​ເຈົ້າ" ຫລື "ເວ​ລາ​ທີ່​ພ​ຣະ​ເຢ​ຊູ​ອົງ​ພ​ຣະ​ຜູ້​ເປັນ​ເຈົ້າ​ຈະ​ກັບ​ມາ​ພິ​ພາກ​ສາ​ບັນ​ດາ​ໄພ່​ພົນ​ຂອງ​ພ​ຣະ​ອົງ.</li></ul>  
deacon	<h2 id="section">@ຜູ້ປົກຄອງ</h2><h3 id="section-1">ນິຍາມ</h3><p>​ຜູ້ປົກຄອງ ​ຄື​ບຸກ ​ຄົນ​ທີ່​ຮັບ​ໃຊ້​ໃນ​ຄ​ຮິ​ສ​ຕະ​ຈັກ​ທ້ອງ​ຖີ່ນ ຊ່ວຍ​ເຫລືອ ​ບັນ​ດາ​ພີ່​ນ້ອງ ​ຜູ້​ທີ່​ມີ​ຄວາມ​ເຊື່ອ ໃນ​ຄວາມ​ຕ້ອງ​ການ​ທີ່​ຈຳ​ເປັນ​ເຊັ່ນ​ ອາ​ຫານ ​ຫລື​ ເງີນ.</p><ul><li>ຄຳ​ວ່າ"ຜູ້ປົກຄອງ" ມາຈາກພາສາກຣີກຫມາຍເຖີ"ຄົນຮັບໃຊ້"  ຫລື ​"ຜູ້​ຮັບ​ໃຊ້​ພ​ຣະ​ເຈົ້າ"</li><li>ຕັ້ງ​ແຕ່​ຕອນ​ເລີ້ມ​ຕົ້ນ,​ຂອງ​ຄ​ຣິ​ສ​ຕຽນ, ການ​ເປັນ​ຜູ້ປົກຄອງ</li></ul><p>​ໄດ້​ຮັບ​ບົດ​ບາດ ​ແລະ​ ພັນ​ທະ​ກິດ​ທີ່​ຊັດ​ເຈນ ​ໃນ​ອົງ​ກອນຄ​ຣິ​ສ​ຕະ​ຈັກ.</p><ul><li>ຕົວ​ຢ່າງ​ເຊັ່ນ, ​ໃນ​ພັນ​ທະ​ສັນ​ຍາ​ໃໝ່, ບັນ​ດາ ​ຜູ້ປົກຄອງ ຈະ​ຕ້ອງ​ສ້າງ​ຄວາມ​ໝັ້ນ​ໃຈ​ວ່າ ບໍ່​ວ່າ​ຈະ​ເປັນ​ເງີນ ​ຫລື​ ອາ​ຫານ ​ທີ່​ຜູ້​​ເຊື່ອ​ໄດ້​ຖວາຍ​ໃຫ້​ ຈະ​ຕ້ອງ​ແບ່ງ​ປັນ ​ແມ່​ມ້າຍ ​ທ່າມ​ກາງ ​ພວກ​ເຂົາ ​ຢ່າງ​ຍຸ​ຕິ​ທັມ.</li><li>ຄຳ​ວ່າ "ຜູ້ປົກຄອງ"  ອາ​ຈ​ແປ​ເປັນ " ຜູ້​ຮັບ​ໃຊ້​ຂອງ​ຄ​ຣິ​ສ​ຕະ​ຈັກ" ຫລື​ "ຄົນງານຂອງຄຣິສຕະຈັກ"ຫລື "ຜູ້ຮັບໃຊ້ຂອງຄຣິສຕະຈັກ"ຫລື ຄຳເວົ້າອື່ນໆ  ທີ່​ສະ​ແດງ​ໃຫ້​ເຫັນ​ວ່າ ​ບຸກ​ຄົນ​ນັ້ນ​ໄດ້​ຮັບ​ການ​ແຕ່ງ​ຕັ້ງ ​ຢ່າງ​ເປັນ​ທາງ​ການ ​ເພື່ອ​ທຳ​ງ​ານ​ສະ​ເພາະ​ທີ່​ເປັນ​ປະ​ໂຍດ ​ຕໍ່​ພີ່​ນ້ອງ​ຄ​ຣິ​ສະ​ຕຽນ ​ໃນ​ທ້ອງ​ຖິ່ນນັ້ນໆ.</li></ul>  
death	<h2 id="section">@​ຄວາມ​ຕາຍ, @ຕາຍ, @​ຄົນ​ຕາຍ</h2><h3 id="section-1">ນິຍາມ</h3><p>ຄຳ​ນີ້ ​ໃຊ້​ເພື່ອ​ ອ້າງ​ເຖີງ​ຄວາມ​ຕາຍ ​ທາງ​ຮ່າງ​ກາຍ ​ແລະ​ທາງວີນ​ຍານ ທາງ​ຮ່າງ​ກາຍ​ ເປັນ​ການ​ເວົ້າ​ເຖີງ ​ເມື່ອ​ຮ່າງ​ກາຍ​ຂອງ​ຄົນ​ຕາຍ​ແລ້ວ ແຕ່​ທາງວິນ​ຍານ​ເປັນ​ການ​ກ່າ​ວ​ເຖີງ​ຄົນ​ບາບ ​ທີ່​ຖືກ​ແຍກ​ ຈາກ​ພ​ຣະ​ເຈົ້າ​ຜູ້​ບໍ​ຣິ​ສຸດ ​ເພາະ​ບາບ​ຂອງ​ພວກ​ເຂົາ.</p><h3 id="section-2">ຄຳ​ແນະ​ນຳ​ໃນ​ການ​ແປ</h3><ul><li>ໃນ​ ການ​ແປ​ຄຳ​ນີ້ ​ຄວນ​ໃຊ້​ຄຳ ​ຫລື ​ບົດ​ຄວາມ ​ທີ່​ເປັນ​ຄຳ​ທີ່​ໃຊ້​ໃນ​ຊີ​ວິດ​ປະ​ຈຳ​ວັນ ​ທີ່​ເປັນ​ທຳ​ມະ​ຊາດ ​ຫລື​ຄຳ​ທີ່​ມີ​ຄວາມ​ໝາຍ​ວ່າ​ຕາຍ ​ໃນ​ພາ​ສາ​ທີ່​ແປ​.</li><li>ໃນ ​ບາງ​ພາ​ສາ, "ຕາຍ" ອາ​ດ​ສະ​ແດງ​​ເປັນ " ບໍ່​ມີ​ຊີ​ວິດ" ຫລື ຕາຍ​ແລ້ວ.</li><li>ຫລາຍ ​ພາ​ສາ​ ໃຊ້​ ການ​ປຽບ​ທຽບ ​ໃນ​ການ​ອະ​ທິ​ບາຍ​ ເຖີງ​ຄວາມ​ຕາຍ​ເຊັ່ນ, "ຈາກ​ໄປ​ແລ້ວ" ໃນ​ພາ​ສາ​ອັງ​ກິດ. ຢ່າງ​ໃດ​ກໍ​ຕາມ​ ໃນ​ພ​ຣະ​ຄັມ​ພີ ​ທີ່​ດີ​ທີ່​ສຸດ ​ຄື​ການ​ໃຊ້ ​ຄຳ​ທີ່​ຖືກຕ້ອງ​ທີ່​ສຸດ​ສຳ​ຫລັບ ​ຄວາມ​ຕາຍ ​ທີ່​ໃຊ້​ໃນ​ພາ​ສາ ​ປະ​ຈຳ​ວັນ.</li><li>ໃນ​ພ​ຣະ​ຄຳ​ພີ ຊີ​ວິດ​ຝ່າຍ​ຮ່າງ​ກາຍ ​ແລະ​ຄວາມ​ຕາຍ ​ມັກ​ຖຶກ​ປຽບ​ທຽບ ​ກັບ​ຊີ​ວິດ ​ແລະ​ຄວາມ​ຕາຍ​ ຝ່າຍ​ວິນ​ຍານ ເປັນ​ສິ່ງ​ສຳ​ຄັນ ​ໃນ​ການ​ແປ ​ເພື່ອ ​ໃຊ້​ຄຳ ​ຫລື ​ບົດ​ຄວາມ​ດຽວ ​ສຳ​ຫລັບ​ຄວາມ​ຕາຍ ​ທາງ​ຮ່າງ​ກາຍ ແລະ​ຄວາມ​ຕາຍ​ຝ່າຍ​ວິນ​ຍານ.</li><li>ໃນ ​ບາງ ​ພາ​ສາ ​ອາ​ຈ​ເວົ້າ​ໄດ້​ ຊັດ​ເຈນ​ວ່າ " ຄວາມ​ຕາຍ​ທາງວິນ​ຍານ"ເມື່ອບໍລິບົດ ຕ້ອງ​ການ​ຄວາມ​ໝາຍນັ້ນ ນັກ​ແປ​ບາງ​ຄົນ​ອາ​ດ ຮູ້​ສຶກ ວ່າ​ ເປັນ​ການ​ດີ​ທີ່​ສຸດ ​ທີ່​ຈະ​ເວົ້າ​ວ່າ "ຄວາມ​ຕາຍ​ຝ່າຍ​ຮ່າງ​ກາຍ" ໃນ​ບໍບົດທີ່​ກົງ​ກັນ​ຂ້າມ ​ກັບ​ຄວາມ​ຕາຍ ​ຝ່າຍ​ວິນ​ຍານ.</li><li>ຄຳເວົ້າ " ຄົນ​ຕາຍ" ຫມາຍ​ເຖີງ ​ຄົນ​ເສັຍ​ຊີ​ວິດ​ ໃນ​ບາງ​ພາ​ສາ</li></ul><p>​ຈະ​ແປ​ວ່າ " ຜູ້​ຕາຍ" ຫລື​ "ຜູ້​ທີ່​ເສັຍ​ຊີ​ວິດ."</p>  
deceive	<h2 id="section">@ຫລອກ​ລວງ, @ຄວາມບໍ່​ຈິງ, @ເລ່​ກົນ,@ ການ​ຫ​ລອກ​ລວງ @ເຂົ້າ​ໃຈ​ຜິດ​ງ່າຍ</h2><h3 id="section-1">ນິຍາມ</h3><p>​ຄຳ​ວ່າ "​ຫລອກ​ລວງ" ໝາຍ​ເຖີງ ເຮັດ​ໃຫ້​ຄົນ​ອື່ນ​ເຊື່ອ ​ສິ່ງ​ທີ່ບໍ່​ເປັນ​ຄວາມ​ຈິງ ການ​ກະ​ທຳ​ທີ່​ຫລອກ​ລວງ ​ບາງ​ຄົນ​ເອີ້ນ​ວ່າ "ຫລອກ​ລວງ"</p><ul><li>ຄຳ​ວ່າ "ການ​ຫລອງ​ລວງ" ອີກ​ຄຳໜຶ່ງ ອ້າງ​ເຖີງ​ການ​ກະ​ທຳ ​ທີ່​ເຮັດ​ໃຫ້ບາງ​ຄົນ​ເຊື່ອ ​ສິ່ງ​ທີ່ບໍ່​ເປັນ​ຄວາມ​ຈິງ.</li><li>ຄົນ​ທີ່​ເຮັດ​ໃຫ້​ຄົນ​ອື່ນໆ ເຊື່ອ ​ສິ່ງ​ທີ່ບໍ່​ຖຶກ​ຕ້ອງ​ຄື " ຜູ້​ຫລອກ​ລວງ" ຕົວ​ຢ່າງ​ເຊ​ັ່ນ,ຊາ​ຕານ​ເອີ້ນ​ວ່າ " ຜູ້​ຫລອ​ກ​ລວງ" ວິນ​ຍານ​ຊົ່ວຮ້າຍ" ​ທີ່​ມັນ​ຄວບ​ຄຸມ ​ເປັນ​ຜູ້​ຫລອກ​ລວງ​ນຳ​ດ້ວຍ.</li><li>ບຸກ​ຄົນ​ໃດໆ ທີ່​ເຮັດ ​ຫລື ​ໃຫ້​ຂ່າວ​ສານ ​ທີ່ບໍ່​ເປັນ​ຄວາມ​ຈິງ ​ສາ​ມາດ​ເວົ້າ​ໄດ້​ວ່າ " ເຮັດ​ໃຫ້​ຄົນ​ເຂົ້າ​ໃຈ​ຜິດ"</li><li>ຄຳ​ວ່າ " ຫລອກ​ລວງ" ແລະ​ "ການ​ຫລອກ​ລວງ" ມີ​ຄວາມ</li></ul><p>ຫມາຍ​ເໝືອນ​ກັນ ແຕ່​ມີ​ຄວາມ​ແຕກ​ຕ່າງ​ເລັກ​ນ້ອຍ ໃນ​ວິ​ທີ​ໃຊ້.</p><ul><li>ຄຳ​ອະ​ທິ​ບາຍ​ວ່າ " ຄວາມບໍ່​ຈິ" ແລະ"ເລ້​ກົນ" ມີ​ຄວາມ​ໝາຍ​ເໝືອນ​ກັນ ​ແລະ​ ໃຊ້​ໃນ​ກໍ​ຣະ​ນີ​ດຽວ​ກັນ.</li></ul><p>%ຄຳ​ແນະ​ນຳ​ໃນ​ການ​ແປ</p><ul><li>ການ​ແປ " ຫລອກ​ລວງ" ອາ​ດ​ລວມ​ເຖີງ  ຂີ້​ຕ​ົວະ ຫລື " ເຮັດ​ໃຫ້​ເກີດ​ຄວາມ​ເຂົ້າ​ໃຈ​ຜີດ" ຫລື "ຂີ້​ຕົວະ" ຫລື "ເລ້​ກົນ" ຫລື "ເຮັດ​ໃຫ້​ໂງ່" ຫລື  "ຫລົງ​ຜີດ".</li><li>" ​ຜູ້ທີ່​ຕົວະ" ອາ​ຈ​ແປ​ໄດ້​ວ່າ " ຄົນ​ຂີ້​ຕົວະ" ຫລື " ທຳໃຫ້ເກີດຄວາມ​ຜິດ" ຫລື  "ຄົນຫລອກລວງ".</li><li>ຄຳ​ວ່າ " ການ​ຫລອກ​ລວງ" ຫລື " ຄວາມບໍ່​ຈິງ " ອາ​ຈ​ແປ​ດ້ວຍຄຳ ຫລື ຄຳເວົ້າ ທີ່ວ່າ " ຄວາມບໍ່​ຈິງ" ຫລື"ຫລອກລວງ"ຫລື (ກົນລວງ" ຫລື "ບໍ່ສັດຊື່" ​ທັງນີ້ຂື້ນຢູ່ກັບບໍລິບົດນັ້ນໆ.</li><li>ຄຳວ່າ "ກາານຫລອກລວງ"ຫລື "ຄວາມບໍ່ຈິງ"ອາດແປໄດ້ວ່າ</li></ul><p>"ຄວາມບໍ່ຈິງ" ຫລື ເຮັດໃຫ້ເຂົ້າໃຈຜິດ" ຫລື "ຫລອກລວງ" ເພື່ອອະທິບາຍບຸກຄົນ ທີ່ເວົ້າ ຫລື ກະທຳໃນລັກສະນະ ທີ່ທເຮັດໃຫ້ຄົນອື່ນເຊື່ອ​ ໃນສິ່ງທີ່ບໍ່ເປັນຄວາມຈິງ.</p>  
declare	<h2 id="section">@ປະ​ກາດ @ການ​ປະ​ກາດ</h2><h3 id="section-1">ນິຍາມ</h3><p>​ຄຳ​ວ່າ " ປະ​ກາດ "ແລະ" ການ​ປະ​ກາດ" ເປັນ ​ການ​ກ່າ​ວ​ເຖີງ​ ການ​ປະ​ກາດ ​ຢ່າງ​ເປັນ​ທາງ​ການ ຫລື​ສາ​ທາ​ຣະ​ນະ​ ຊຶ່ງ​ມັກເນັ້ນເລື້ອງບາງ​ຢ່າງ.</p><ul><li>"ການ​ປະ​ກາດ " ບໍ່​ ພຽງ​ແຕ່ ​ເນັ້ນ​ຄວາມ​ສຳ​ຄັນ ​ຂອງ​ສິ່ງ​ທີ່​ກຳ​ລັງ​ປະ​ກາດ ​ແຕ່​ກໍ​ຍັງ​ໃຫ້​ຄວາມ​ສຳ​ຄັນ​ ກັບ​ຜູ້​ທີ່​ປະ​ກາດ.</li><li>ຕົວ​ຢ່າງ​ ,ໃນ​ພັນ​ທະ​ສັນຍາ​ເດີມ ຂ່າວ​ສານ ​ຈາ​ກ​ພ​ຣະ​ເຈົ້າ ​ມັກ​ນຳ​ໜ້າ​ດ້ວຍ  " ການປະ​ກາດ​ຂອງ​ພ​ຣະ​ເຈົ້າ​ຢາ​ເວ" ຫລື " ນີ້​ຄື​ສິ່ງ​ທີ່​ພ​ຣະ​ເຈົ້າ​ຢາ​ເວ​ໄດ້​ເວົ້າ​ໄວ້" ຄຳ​ເວົ້າ​ນີ້ ​ເນັ້ນ​ໜັກ ກ​ວ່າ​ຄຳ​ເວົ້າ​ນີ້​ເປັນ​ຄຳ​ເວົ້າ ​ຂອງ​ພ​ຣະ​ເຈົ້າຢາເວ​ເອງ ຄວາມ​ຈິງ​ທີ່​ວ່າ​ຂ່າວ​ສານ​  ມາ​ຈາກ ​ພ​ຣະ​ເຈົ້າ​ຢາ​ເວ ​ສ​ແດງ​ໃຫ້​ເຫັນ​ເຖີງ​ຄວາມ​ສຳ​ຄັນ​ຂອງ​ຂໍ້​ຄວາມນັ້ນ.</li></ul><h3 id="section-2">ຄຳ​ແນະ​ນຳ​ໃນ​ການ​ແປ</h3><ul><li>"declare" ອາ​ຈ​ແປ​ໄດ້​ວ່າ ` ການ​ປະ​ກາດ"ຫລື​ "ປະ​ກາດ ສາ​ທາ​​ຣະ​ນະ" ຫລື "ເວົ້າ​ຢ່າງ​ເຂັ້ມ​ແຂງ " ຫລື "ເວົ້າ​ຢ່າງ​ໝັ້ນ​ໃຈ" ທັ້ງ​ນີ້​ຂື້ນ​ຢູ່​ກັບ​ບໍລິບົດ.</li><li>ຄຳ​ວ່າ " declaration" ກໍ​ອາ​ຈ​ແປ​ໄດ້​ວ່າ " ຄຳ​ຖະ​ແຫລງ​ການ " ຫລື " ຄຳ​ປະ​ກາດ."</li><li>ຖ້ອຍ​ຄຳ​ນີ້ " ນີ້​ຄື​ຄຳ​ປະ​ກາດ​ຂອງ​ພ​ຣະ​ເຈົ້າ​ຢາ​ເວ" ສາ​ມາດ​ແປ​ໄດ້​ວ່າ  " ນີ້ຄື​ສິ່ງ​ທີ່​ພ​ຣະ​ເຈົ້າ​ຢາ​ເວ​ປະ​ກາດ ຫລຶ ນິີ້​ເປັນ​ສິ່ງ​ທີ່​ພ​ຣະ​ເຈົ້າ​ຢາ​ເວ​ກ່າວ.</li></ul>  
decree	<h2 id="section">@​​ບັນ​ຊາ</h2><h3 id="section-1">ນິຍາມ</h3><p>​​ບັນ​ຊາ ​ເເມ່ນ​​ ຄຳ​ປະ​ກາດ ຫລື​ ກົດ​ໝາຍ ​ທີ່​ ປະ​ກາດ ​ຕໍ່​ປະ​ຊາ​ຊົນ​ທຸກ​ຄົນ.</p><ul><li>ພ​ຣະ​ບັນ​ຍັດ ​ຂອງ​ພ​ຣະ​ເຈົ້າ​ ເອີ້ນ​ວ່າ​ ພ​ຣະ​ບັນ​ຊາ, ກົດ​ເກນ, ຫລື ພຣະບັນ​ຍັດ.</li><li>ເຊັ່ນ​ດຽວ ​ກັບ ​ກົດ​ໝາຍ ແລະ ​ຄຳ​ສັ່ງ, ​ຕ່າງໆ ພ​ຣະ​ບັນ​ຊາ ຕ້ອງ​ມີ​ການ​ເຊື່ອ​ຟັງ.</li><li>ຕົວ​ຢ່າງ ​ຂອງ​ຄຳ​ສັ່ງ ​ຂອງ​ຜູ້​ປົກ​ຄອງ ​ທີ່​ເປັນ​ມະ​ນຸດ ​ຄື​ຄຳ​ປະ​ກາດ​ ຂອງ​ຈັກ​ກະ​ພັດ​ ຊີ​ຊາ ອໍ​ກູ​ດໂ​ຕ ທີ່​ທຸກ​ຄົນ ​ທີ່​ອາ​ໄສ​ ຢູ່​ໃນ​ຈັກ​ກະ​ພັດ​ໂຣມ ​ຕ້​ອງ​ ກັບ​ໄປ ​​ບ້ານ​ເກີດ​ຂອງ​ຕົນ ​ເພື່ອ​ການ​ສຳ​ຣວດ​ສຳ​ມະ​ໂນ​ຄົວ ​ປະ​ຊາ​ຊົນ.</li><li>ຄຳ​ສັ່ງ ​ບາງ​ຢ່າງ​ ໝາຍ​ເຖີງ ​ການ​ສັ່ງ​ ທີ່​ຕ້ອງ​ເຊື່ອ​ຟັງ ຊື່ງ​ອາ​ຈ​ແປ​ໄດ້​ວ່າ "ສັ່ງ" ຫລື "ອອກ​ຄຳ​ສັ່ງ" ຫລື  " ເພື່ອ​ໃຫ້​ເປັນ​ທາງ​ການ" ຫລື ເພື່ອປະ​ກາດ​ຕໍ່ ສາ​ທາ​ຣະ​ນະຊົນ ເປັນ​ກົດ​ໝາຍ".</li><li>ສິ່ງ​ທີ່" ສັ່ງ​ແລ້ວ" ຈະ​ເກີດ​ຂື້ນ​ ໝາຍ​ຄວາມວ່າ " ຈະ​ເກ​ີດຂື້ນແນ່ນອນ " ຫລື " ໄດ້​ຮັບ​ການ​ຕັດ​ສີນ​ໃຈ​ແລ້ວ​ແລະ​ຈະ​ມີ​ການ​ປ່ຽນ​ແປງ" ຫລື​ " ປະ​ກາດ​ຢ່າງ​ແນ່ນອນ ​ວ່າ​ເລື້ອງນີ້​ຈະ​ເກີດ​ຂື້ນ".)</li></ul>  
dedicate	<h2 id="section">@ຖວາຍ @ຫລື​ການ​ຖວາຍ</h2><h3 id="section-1">ນິຍາມ</h3><p>​ການ​ ຖວາຍ ​ຄື​ ການ​ແຍກ ຫລື​ການ​ກະ​ທຳ ​ບາງ​ຢ່າງ​ເພື​ອ່​ຈຸດ​ປະ​ສົງ ​ຫລື​ ໜ້າ​ທີ່​ພິ​ເສດ.</p><ul><li>ດາ​ວິດ ​ໄດ້​ຖວາຍ​ ທອງ​ຄຳ ​ແລະ ​ເງີນ ​ຂອງ​ພ​ຣະ​ອົງ​ແດ່​ພ​ຣະ​ເຈົ້າ.</li><li>ຫລາຍ​ເທື່ອ​ຄຳ​ວ່າ " ການ​ຖວາຍ" ອ້າງ​ເຖີງ ວຽກ​ ຫລື​ ພິ​ທີ​ການ​ທີ່​ເປັນ​ທາງ​ກາ​ນ ​ເພື່ອ​ແຍກ​ສິ່ງ​ຂອງ​ ບາງ​ຢ່າງ​ອອກ​ເປັນ​ພິ​ເສດ.</li><li>ການ​ ຖວາຍ​ແທ່ນ​ບູ​ຊາ​ ລວມ​ເຖີງ​ການ​ບູ​ຊາ ​ແດ່​ພ​ຣະ​ເຈົ້າ.</li><li>ເນ​ເຮ​ມີ​ຢາ ນຳ​ຊາວ​ອິ​ສະ​ຣາ​ເອນ​ ໃນ​ການ​ຖວາຍ​ກຳ​ແພງ​ ຂອງ​ກຸງ​ເຢ​ຣູ​ຊາ​ເລມ​ ທີ່​ສ້ອມ​ແຊມ​ແລ້ວ ດ້ວຍ​ການ​ຟື້ນ​ຟູ​ສັນ​ຍາ​ ທີ່​ຈະ​ໄດ້​ໃຊ້ ​ສະ​ເພາະ ​ພ​ຣະ​ເຈົ້າ​ຢາ​ເວ​ ແລະ​ ດູ​ແລ​ນະ​ຄອນ​ຂອງ​ພ​ຣະ​ອົງ, ເຫດ​ການນີ້ ​ລວມ​ເຖີງ​ ການ​ຖວາຍ​ຂອບ​ຄຸນ ​ພ​ຣະ​ເຈົ້າ ດ້ວຍ​ເຄື່ອງ​ດົນ​ຕີ ​ແລະ ​ການ​ຮ້ອງ​ເພງ.</li><li>ຄຳ​ວ່າ " ມອບ​ຖວາຍ" ອາ​ດ​ແປ​ວ່າ " ມອບ​ຫມາຍ​ໜ້າ​ທີ່ ​ເພື່ອ​ວັດ​ຖຸ​ປະ​ສົງ​ສະ​ເພາະ ຫລື " ມອບ​ບາງ​ສິ່ງ​ບາງ​ຢ່າງ​ທີ່​ຈະ​ໃຊ້​ສຳ​ຫລັບ​ການ​ໃຊ້​ງານ​ສະ​ເພາະ" ຫລື "ມອບ​ໝາຍ​ໃຫ້​ຜູ້​ໃດ​ຜູ້​ນຶ່ງ​ທຳ​ງານ​ພິ​ເສດ."</li></ul>  
deer	<h2 id="section">@ກວາງໂຕ​ຜູ້ @ກວາງ​ໂຕ​ເມັຍ, @ກວາງພັນ​ນ້ອຍ​ໂຕ​ຜູ້@ , @ກວາງຕົວ​ນ້ອຍໆ​ ສີນ້ຳຕານອອ່ນ</h2><h3 id="section-1">ນິຍາມ</h3><p>​ກວາງ​ໂຕ​ຜູ້ ​ຕົວ​ໃຫ່​ຍ, ​ທີ່​ສະຫງ່າ​ງາມ, ເປັນ​ສັດ​ທີ່​ອາ​ໄສ​ຢູ່​ໃນ​ປ່າ​ຫລື ​ເທີງ​ພູ. ໂຕ​ຜູ້​ມີ​ເຂົາ​ຂ​ນາດ​ໃຫ່​ຍ ​ເທີງ​ຫົວ​ຂອງມັນ.</p><ul><li>ຄຳ​ວ່າ "ໂຕ" ໝາຍ​ເຖີງກວາງ​ໂ​ຕ​ເມັຍ ແລະ "ສີນ້ຳຕານອ່ອນ" ເປັນ​ຊື່​ຂອງກວາງ​ທີ່​ເກີດ​ທຳ​ອິດ.</li><li>ຄຳ​ວ່າ "ບັກ" ເວົ້າ​ເຖີງກວາງ​ໂຕ​ຜູ້.</li><li>" ໂຣ​ບັກ"  ເປັນ​ຕົວຜູ້ຂອງພັນ​ສະ​ເພາະ​ ເອີ້ນ​ກັນ​ວ່າ " ໂຣ​ເດັຽ "</li><li>ກວາງ ​ມີ​ ຂາ​ຮຽວ​ນ້ອຍ ​ທີ່​ແຂງ​ແຮງ, ​ຊ່ວຍ​ໃຫ້​ພວກ​ມັນ​ເຕັ້​ນ​ກະ​ໂດດ​ສູງ ແລະ​ ວີ່ງ​ເຕັ້ນ​ໄວ.</li><li>ຕີນ​ຂອງ​ພວກ​ມັນ ​ມີ​ກິບ​ແຍກ ​ທີ່​ຊ່ວຍ​ໃຫ້​ພວກ​ມັນ​ຍ່າງ​ ຫລື​ປີນ​ຂື້ນ​ໄປ​ໄດ້​ຢ່າງ​ງາຍ​ດາຍ ​ໃນ​ພູ​ມ​ມີ​ປະ​ເທດ​ເກືອບ​ທຸກ​ປະ​ເທດ.</li></ul>  
defile	<h2 id="section">@​ມົນ​ທີນ, @ເຮັດ​ໃຫ້​ເປັນ​ມົນ​ທີນ</h2><h3 id="section-1">ນິຍາມ</h3><p>​ຄຳ​ວາ “ມົນ​ທີນ“ ແລະ “ຖຶກ​ເຮັດ​ໃ​ຫ້ ເປັນ​ມົນ​ທີນ“ ກ່າວ​ເຖີງ​ການ​ເປິະເປື້ອນ​ຫ​ລື​ສົກ​ກະປົກ ບາງ​ສິ່ງ​ອາ​ດ​ເປັນ​​ມົນ​ທິນ​ໃນ​ຄວາມ​ຮູ້​ສຶກ​ທາງ​ຮ່າງກາຍ ສີນ​ທັມ​ ຫລື​ທາງ​ພິ​ທີ​ກຳ.</p><ul><li>ພ​ຣະ​ເຈົ້າ​ໄດ້​ຊົງ​ເຕືອນ​ຊາວອິດສະຣາເອນບໍ່​ເຮັດ​ໃຫ້​ຕົນ​ເອງ​ເປັນ​ມົນ​ທິນ ດ້ວຍ​ການ​ກິນ ຫລື​ແຕະ​ຕ້ອງ​ສິ່ງ​ຕ່າງໆ ທີ່​ເຂົາ​ປະ​ກາດ​ວ່າເປັນ “ ບໍ່​ສ​ອາດ“</li></ul><p>ແລະ “ບໍ່​ບໍຣິ​ສຸດ“.</p><ul><li>ບາງ​ສິ່ງ​ໂດຍ​ສະ​ເພາະ ເຊັ່ນສົບຄົນ​ຕາຍ ແລະ​ໂລກ​ຕິດ​ຕໍ່ທີ່​ຖຶກ​ປະ​ກາດ​ວ່າ ໂດຍ ພ​ຣະ​ເຈົ້າ​ໃຫ້​ເປັນ​ມົນ​ທີນ ແລະ​ຈ​ະ​ເຮັດ​ໃຫ້​ຄົນ​ເປັນ​ມົນ​ທີນ ຖ້າ​ພວກ​ເຂົາ​ສຳ​ພັດ​ກັບ​ມັນ.</li><li>ພຣະເຈົ້າສັ່ງໃຫ້ຊາວອິດສະຣາເອນຫລີກລ່ຽງບາບທາງເພດ. ສິ່ງເຫລົ່ານີ້ຈະເຮັດໃຫ້ພວກເຂົາເປັນມົນທິນແລະເຮັດໃຫ້ພວກເຂົາບໍ່ເປັນທີ່ຍອມຮັບຕໍ່ພຣະເຈົ້າ.</li><li>ນອກຈາກນີ້ຍັງມີຂະບວນການທາງຮ່າງກາຍທີ່ເຮັດໃຫ້ຄົນເປັນມົນທິນຊົ່ວຄາວຈົນກວ່າເຂົາຈະກາຍເປັນຄົນບໍຣິສຸດອີກ</li><li>ໃນພຣະຄຳພີໃຫມ່, ພຣະເຢຊູເຈົ້າໄດ້ສອນວ່າຄວາມຄິດແລະການກະທຳທີ່ເຮັດໃຫ້ຜິດບາບແມ່ນສິ່ງທີ່ເຮັດໃຫ້ມະນຸດເປັນມົນທິນແທ້ໆ.</li></ul><h3 id="section-2">ຄຳແນະນຳ ໃນການແປ</h3><ul><li>ຄຳວ່າ “ມົນທິນ“ ຍັງສາມາດແປໄດ້ວ່າ “ສາເຫດທີ່ເຮັດໃຫ້ບໍ່ສະອາດ“ ຫລື “ສາເຫດທີ່ເຮັດໃຫ້ບໍ່ຊອບທຳ“ ຫລື “ສາເຫດທີ່ເຮັດໃຫ້ບໍ່ສາມາດຍອມຮັບໄດ້.</li><li>“ເປັນມົນທິນ“ ຍັງສາມາດແປໄດ້ວ່າ “ກາຍເປັນບໍ່ສະອາດ“ ຫລື “ເປັນສາເຫດເຮັດໃຫ້ບໍ່ເປັນທີ່ຍອມຮັບທາບດ້ານສິນທຳ.“</li></ul>  
delight	<h2 id="section">@ຄວາມຍິນດີ</h2><h3 id="section-1">ນິຍາມ</h3><p>“ຄວາມຍິນດີ“ ແມ່ນສິ່ງທີ່ເຮັດໃຫ້ຜູ້ໃດຜູ້ໜຶ່ງພໍໃຈຫລືເຮັດໃຫ້ເກີດຄວາມສຸກຫລາຍ.</p><ul><li>ເພື່ອ “ຄວາມຍິນດີໃນ“ ບາງສິ່ງບາງຢ່າງໝາຍຄວາມວ່າ “ເພີດເພີນໃນ“ ຫລື “ມີຄວາມສຸກກັບສິ່ງນັ້ນ“</li><li>ເມື່ອບາງສິ່ງບາງຢ່າງເປັນທີ່ພໍໃຈຫລາຍ ຫລື ພໍໃຈກັບມັນເອີ້ນວ່າ “ດີໃຈຫລາຍ“</li><li>ຖ້າຄວາມເພິ່ງພໍໃຈຂອງຄົນເຮົາຢູ່ໃນບາງສິ່ງບາງຢ່າງນັ້ນໝາຍຄວາມວ່າລາວມັກມັນຫລາຍ.</li><li>ສຳນວນດັ່ງກ່າວ, “ຄວາມຍິນດີຂອງຂ້ອຍແມ່ນຢູ່ໃນກົດບັນຍັດຂອງພຣະຢາເວ“ ສາມາດແປວ່າ “ກົດໝາຍຂອງພຣະຢາເວເຮັດໃຫ້ຂ້ອຍມີຄວາມສຸກຫລາຍ“ ຫລື “ຂ້ອຍຮັກທີ່ຈະເຊື່ອຟັງກົດໝາຍຂອງພຣະຢາເວ“ ຫລື “ຂ້ອຍມີຄວາມສຸກເມື່ອຂ້ອຍໄດ້ເຊື່ອຟັງກົດໝາຍຂອງພຣະຢາເວ“</li><li>ປະໂຫຍກທີ່ວ່າ “ບໍ່ມີຄວາມຍິນດີໃນ“ ແລະ “ມີຄວາມສຸກໃນ“ ສາມາດແປວ່າ “ບໍ່ພໍໃຈເລີຍ“ ຫລື “ບໍ່ມີຄວາມສຸກເລີຍ“</li><li>ປະໂຫຍກທີ່ວ່າ “ເພີດເພີນກັບຕົນເອງໃນ“ໝາຍຄວາມວ່າ “ລາວມີຄວາມສຸກໃນການເຮັດ“ ບາງສິ່ງບາງຢ່າງ “ ຫລື “ ລາວມີຄວາມສຸກຫລາຍຕໍ່ບາງສິ່ງບາງຢ່າງ“ຫລື ຜູ້ໃດຜູ້ໜຶ່ງ.</li><li>ຄຳວ່າ “ຄວາມຍິນດີ“ ໝາຍເຖິງສິ່ງທີ່ບຸກຄົນໃດໜຶ່ງມີຄວາມສຸກ. ສິ່ງນີ້ສາມາດແປໄດ້ວ່າ “ຄວາມເພີດເພີນ“ ຫລື “ສິ່ງທີ່ໃຫ້ມີຄວາມສຸກ“</li><li>ການສະແດງອອກເຊັ່ນ “ຂ້ານ້ອຍດີໃຈທີ່ຈະເຮັດຕາມນຳ້ພຣະໄທຂອງພຣະອົງ“ ສາມາດແປໄດ້ວ່າ “ຂ້ານ້ອຍມີຄວາມສຸກກັບການເຮັດຕາມພຣະປະສົງຂອງພຣະອົງ“ຫລື“ຂ້ານ້ອຍດີໃຈຫລາຍເມື່ອຂ້ານ້ອຍເຊື່ອຟັງພຣະເຈົ້າ.“</li></ul>  
delilah	<h2 id="section">@ເດລີລາ</h2><h3 id="section-1">ຂໍ້ເທັດຈິງ</h3><p>ເດລີລາ ເປັນຍິງ ຊາວຟີລິດສະຕິນ ຜູ້ຊຶ່ງແຊມຊັ່ນຮັກ ແຕ່ ນາງ ບໍ່ເມັຍຂອງເຂົາ.</p><ul><li>ເດລີລາ ໄດ້ຮັກເິງນຫລາຍ ກົ່ວທີ່ນາງຮັກແຊມຊັ່ນ .</li><li>ຄົນຟີລິດສະຕິນ ໄດ້ຕິດສິນບົນ ເດລີລາ ເພື່ອຫລອກໃຫ້ແຊມຊັ່ນບອກນາງ ເຖີງວິທີທີ່ຈະເຮັດໃຫ້ເຂົາ ອອ່ນແອລົງໄດ້  ແລະ ເມື່ອພາລະກຳລັງ ຂອງເຂົາ ຫມົດໄປແລ້ວ ຄົນ ຟີລິດສະຕິນ ກໍໄດ້ຈັບກຸມເຂົາ.</li></ul>  
deliverer	<h2 id="section">@ປົດປ່ອຍ, @ຜູ້ປົດປ່ອຍ, @ການປົດປ່ອຍ</h2><h3 id="section-1">ນິຍາມ</h3><p>ການ “ປົດປ່ອຍ“ຜູ້ໃດຜູ້ໜຶ່ງໝາຍເຖິງການກູ້ເອົາຄົນນັ້ນ. ຄຳວ່າ “ຜູ້ປົດປ່ອຍ“ໝາຍເຖິງຜູ້ທີ່ກູ້ໄພຫລືປ່ອຍປະຊາຊົນອອກຈາກການເປັນຂ້າທາດ,ການກົດຂີ່ຂົ່ມເຫັງ, ຫລືຄວາມອັນຕະລາຍອື່ນໆ.ຄຳວ່າ “ການປົດປ່ອຍ“ໝາຍເຖິງສິ່ງທີ່ເກີດຂຶ້ນເມື່ອຜູ້ໃດຜູ້ໜຶ່ງຊ່ວຍຊີວິດຫລືປົດປ່ອຍປະຊາຊົນອອກຈາກການເປັນຂ້າທາດ,ການກົດຂີ່ຂົ່ມເຫັງ, ຫລືຄວາມອັນຕະລາຍອື່ນໆ.</p><ul><li>ໃນພຣະຄຳພີເດີມ, ພຣະເຈົ້າໄດ້ແຕ່ງຕັ້ງຜູ້ປົດປ່ອຍໃຫ້ປົກປ້ອງຊາວອິດສະຣາເອນໂດຍນຳພາພວກເຂົາໄປສູ້ຮົບກັບກຸ່ມອື່ນໆທີ່ມາໂຈມຕີພວກເຂົາ.</li><li>ຜູ້ປົດປ່ອຍເຫລົ່ານີ້ຖືກເອີ້ນວ່າ “ຜູ້ປົກຄອງ“ ແລະພຣະທຳຜູ້ປົກຄອງໃນພຣະຄຳພີເດີມໄດ້ບັນທຶກເວລາໃນປະຫວັດສາດເມື່ອຜູ້ປົກຄອງເຫລົ່ານີ້ປົກຄອງອິດສະຣາເອນ.</li><li>ພຣະເຈົ້າຍັງໄດ້ຖືກເອີ້ນວ່າເປັນ “ຜູ້ປົດປ່ອຍ.“ ຕະຫລອດປະຫວັດສາດຂອງອິດສະຣາເອນ, ພຣະອົງໄດ້ປົດປ່ອຍຫລືຊ່ວຍເຫລືອປະຊາຊົນຂອງພຣະອົງຈາກສັດຕູຂອງພວກເຂົາ.</li><li>ຄຳວ່າ “ມອບໃຫ້“ ຫລື “ມອບສົ່ງ“ ມີຄວາມໝາຍທີ່ແຕກຕ່າງກັນຫລາຍໃນການມອບຄົນຕໍ່ສັດຕູ,ເຊັ່ນວ່າເມື່ອຢູດາໄດ້ມອບພຣະເຢຊູໃຫ້ພວກຜູ້ນຳຊາວຢິວ.</li></ul><h3 id="section-2">ຄຳແນະນຳ ໃນການແປ</h3><ul><li>ໃນແງ່ຂອງການຊ່ວຍໃຫ້ປະຊາຊົນຫລຸດພົ້ນອອກຈາກສັດຕູຂອງພວກເຂົາ, ຄຳວ່າ “ປົດປ່ອຍ“ສາມາດຖືກແປເປັນ “ກູ້ໄພ“ ຫລື “ປົດປ່ອຍ“ ຫລື “ຊ່ວຍໃຫ້ລອດ.“</li><li>ເມື່ອໝາຍຄວາມວ່າຈະມອບຜູ້ໃດຜູ້ໜຶ່ງໃຫ້ສັດຕູ, ການມອບສົ່ງສາມາດແປເປັນ “ທໍລະຍົດ“ຫລື “ມອບ“ຫລື “ມອບໃຫ້.“</li><li>ຄຳວ່າ “ຜູ້ປົດປ່ອຍ“ ຍັງສາມາດແປເປັນ “ຜູ້ກູ້ໄພ“ ຫລື “ຜູ້ປົດປ່ອບໃຫ້ເປັນອິດສະຫລະ.“</li><li>ເມື່ອຄຳວ່າ “ຜູ້ປົດປ່ອຍ“ ໝາຍເຖິງຜູ້ປົກຄອງທີ່ນຳພາອິດສະຣາເອນ,ມັນຍັງສາມາດແປເປັນ “ເຈົ້າແຂວງ“ ຫລື “ຜູ້ພິພາກສາ“ ຫລື “ຜູ້ນຳ.“</li></ul>  
demon	<h2 id="section">@ຜີປີສາດ, @ວິນຍານຊົ່ວ, @ວິນຍານໂສໂຄກ</h2><h3 id="section-1">ນິຍາມ</h3><p>ຂໍ້ກຳນົດທັງໝົດນີ້ໝາຍເຖິງຜີປີສາດ, ຊຶ່ງແມ່ນວິນຍານທີ່ຂັດຂວາງພຣະປະສົງຂອງພຣະເຈົ້າ.</p><ul><li>ພຣະເຈົ້າໄດ້ສ້າງທູດສະຫວັນເພື່ອຮັບໃຊ້ພຣະອົງ. ເມື່ອຜີປີສາດໄດ້ກະບົດຕໍ່ພຣະເຈົ້າ.ພວກທູດສະຫວັນບາງສ່ວນກໍ່ໄດ້ກະບົດແລະຖືກຂັບໄລ່ອອກຈາກສະຫວັນ.ເຊື່ອກັນວ່າຜີປີສາດແລະວິນຍານຊົ່ວແມ່ນພວກທູດສະຫວັນທີ່ “ລົ້ມລົງເຫລົ່ານີ້.“</li><li>ບາງຄັ້ງຜີປີສາດເຫລົ່ານີ້ຖືກເອີ້ນວ່າ “ວິນຍານໂສໂຄກ“ ຄຳວ່າ “ໂສໂຄກ“ ມີຄວາມໝາຍວ່າ “ບໍ່ສະອາດ“ ຫລື “ຊົ່ວຮ້າຍ“ ຫລື “ບໍ່ບໍຣິສຸດ.“</li><li>ເນື່ອງຈາກວ່າຜີປີສາດຮັບໃຊ້ມານ.ພວກມັນເຮັດສິ່ງຊົ່ວ.ບາງຄັ້ງພວກມັນອາໄສຢູ່ພາຍໃນຄົນແລະຄວບຄຸ່ມພວກເຂົາ.</li><li>ຜີປີສາດແມ່ນມີອຳນາດຫລາຍກວ່າມະນຸດ,ແຕ່ບໍ່ມີອຳນາດຄືພຣະເຈົ້າ.</li></ul><p>ຄຳແນະນຳ ໃນການແປ</p><ul><li>ຄຳວ່າ “ຜີປີສາດ“ ຍັງສາມາດແປເປັນ “ວິນຍານຊົ່ວ.“</li><li>ຄຳວ່າ “ວິນຍານໂສໂຄກ“ ຍັງສາມາດແປໄດ້ວ່າ “ວິນຍານບໍ່ບໍສະອາດ“ ຫລື “ວິນຍານທີ່ເສື່ອມຊາມ“ຫລື “ວິນຍານຊົ່ວ.“</li><li>ຕ້ອງໃຫ້ແນ່ໃຈວ່າຄຳສັບຫລືປະໂຫຍກທີ່ໃຊ້ໃນການແປຄຳສັບນີ້ແຕກຕ່າງຈາກຄຳທີ່ໃຊ້ໃນການອ້າງເຖິງມານ.</li><li>ພິຈາລະນາຄຳວ່າ “ຜີປີສາດ“ ຖືກແປເປັນພາສາທ້ອງຖິ່ນຫລືປະເທດຊາດ.</li></ul>  
demon-possessed	<h2 id="section">@ຜີເຂົ້າ</h2><h3 id="section-1">ນິຍາມ</h3><p>ຄົນຖືກຜີເຂົ້າ ມີຜີ ຫລື ວິນຍານຊົ່ວຮ້າຍ ທີ່ຄວບຄຸມ ສິ່ງທີ່ເຂົາເຮັດ ແລະ ຄິດ.</p><ul><li>ຫລາຍຄັ້ງ ທີ່ບຸກຄົນ ທີ່ຖືກຜີເຂົ້າ ຈະທຳຮ້າຍຕົວເອງ ຫລືຄົນອື່ນ ເພາະວ່າ ຜີຮ້າຍ ທີ່ເຮັດໃຫ້ເຂົາ ຕ້ອງເຮັດເຊັ່ນນັ້ນ.</li><li>ພຣະເຢຊູ ຊົງໄດ້ຮັກສາ ຄົນທີ່ມີຜີເຂົ້າ ໂດຍການສັ່ງໃຫ້ຜີຮ້າຍ ອອກມາຈາກພວກເຂົາ ນີ້ມັກຈະເອີ້ນວ່າ "ຂັບໄຫ່ລ" ຜີອອກ.</li></ul><h3 id="section-2">ຄຳແນະນຳໃນການນແປ</h3><ul><li>ວິທີອື່ນ ໃນການແປຄຳນີ້ ອາດລວມເຖີງ "ຜີຮ້າຍເຂົ້າຄວບຄຸມ" ຫລື "ຖືກຄວບຄຸມໂດຍວິນຍານຊົ່ວ" ຫລື "ມີວິນຍານຊົ່ວຮ້າຍ ອາສັຍຢູ່ ພາຍໃນ."</li></ul>  
descendant	<h2 id="section">@ເຊື້ອສາຍ,ສຶບເຊື້ອສາຍຈາກ</h2><h3 id="section-1">ນິຍາມ</h3><p>"ເຊື້ອສາຍ" ຄືຄົນທີ່ມີຄວາມສຳພັນ ໂດຍຕົງທາງສາຍເລືອດ ກັບອີກຄົນຫນຶ່ງ ທີ່ສາມາດສືບຍອ້ນກັບ ໄປໃນປະຫວັດສາດ.</p><ul><li>ຕົວຢ່າງເຊັ່ນ ອັບບຣາຮາມ ເປັນເຊື້ອສາຍຂອງໂນອາ .</li><li>ເ​້ຊື້ອສາຍຂອງບຸກຄົນໃດກໍດີ ຄື ລູກ ຫລານ ເຫລນ ຂອງຄົນນັ້ນ</li></ul><p>ແລະ ຕໍ່ໆໄປ ເຊື້ອສາຍຂອງຢາໂຄບ ຄື ຄົນອິດສະຣາເອນ ສິບສອງເຜົ່າ.</p><ul><li>ຄຳເວົ້າທີ່ວ່າ"ສືບເຊື້ອສາຍຈາກ" ອາດກາ່ວວ່າ "ເຊື້ອສາຍຂອງ"ເຊັ່ນ"ອັບບຣາຮາມ ສືບເຊື້ອສາຍ ມາຈາກໂນອາ "ນີ້ສາມາດແປໄດ້ອີກວ່າ "ຈາກສາຍຄອບຄົວຂອງ"</li></ul>  
desecrate	<h2 id="section">@ເຮັດໃຫ້ເສື່ອມຄວາມສັກສິດ</h2><h3 id="section-1">ນິຍາມ</h3><p>ຄຳວ່າ "ເຮັດໃຫ້ເສື່ອມຄວາມສັັກສິດ"ຫມາຍເຖີງການທຳລາຍ ຫລື ເຮັດໃຫ້ເສື່ອມຄວາມສັກສິດ ແກ່ສະຖານທີ່ ຫລື ວັດຖຸສັກສິດ ໃນລັກສະນະທີ່ບໍ່ສາມາດຍອມຮັບໄດ້ ໃນການໃຊ້ສິ່ງນັ້ນ ໃນການນະມັດສະການອີກຕໍ່ໄປ.</p><ul><li>ຫລາຍຄັ້ງ ການເຮັດໃຫ້ບາງສິ່ງ ເສື່ອມ ກ່ຽວຂອ້ງ ກັບການບໍ່ເຄົາລົບເປັນສ່ວນຫລາຍ.</li><li>ຕົວຢ່າງເຊັ່ນ ກະສັດທີ່ເປັນຄົນນອກສາດສະຫນາ ໄດ້ເຮັດໃຫ້</li></ul><p>ຈານພິເສດເສື່ອມ ຄວາມສັກສິດ ໂດຍເອົາຈານພິເສດ ຈາກພຣະວິຫານຂອງພຣະເຈົ້າ ໄປໃຊ້ສຳຫລັບງານລ້ຽງ ທີ່ພະຣາຊວັງ ຂອງພວກເຂົາ.</p><ul><li>ກະດູກຈາກຄົນຕາຍ ຖືກນຳມາໃຊ້ ໂດຍພວກສັດຕູ ເພື່ອໃຫ້ແທ່ນບູຊາ ໃນພຣະວິຫານຂອງພຣະເຈົ້າ ເສື່ອມຄວາມສັກສິດ.</li><li>ຄຳນີ້ອາດແປໄດ້ວ່າ "ເຮັດໃຫ້ບໍ່ສັກສິດ" ຫລື "ດູຫມິ່ນ ໂດຍເຮັດ</li></ul><p>ໃຫ້ເສັຍຄວາມບໍຣິສຸດ" ຫລື "ຫຍາບຄາຍ" ຢ່າງບໍ່ມີເຄົາຣົບນັບຖື"ຫລື"ເຮັດໃຫ້ບໍ່ບໍຣິສຸດ"</p>  
desert	<h2 id="section">@ທະເລຊາຍ, @ຖິ່ນທຸຣະກັນດານ</h2><h3 id="section-1">ນິຍາມ</h3><p>ທະເຊາຍ ຫລື ຖິ່ນທຸຣະກັນດານ ເປັນທີ່ແຫ້ງແລ້ງ ຊຶ່ງມີພືດ ແລະ ຕົ້ນໃມ້ເກີດຂື້ນບໍ່ຫລາຍ.</p><ul><li>ທະເລຊາຍ ເປັນພື້ນທີ່ໆມີສະພາບ ພູມີອາກາດ ແຫ້ງ ແລະ ມີພືດຫລືສັດນອ້ຍ.</li><li>ເນື່ອງຈາກສະພາບທີ່ບໍ່ດີ, ຈິ່ງມີຄົນບໍ່ຫລາຍ ທີ່ສາມາດມີຊີວິດຢູ່ໃນ ທະເລຊາຍ ດັ່ງນັ້ນ ຈິ່ງຫມາຍເຖີງ "ຖິ່ນທຸຣະກັນດານ" ດ້ວຍ.</li><li>"ຖິ່ນທຸຣະກັນດານ" ບົ່ງບອກເຖີງ ຄວາມຫມາຍຂອງ ການເປັນທີ່ຫ່າງໄກຮົກຮ້າງ ແລະ ໂດດດ່ຽວຈາກຜູ້ຄົນ.</li><li>ຄຳນິ້ ສາມາດແປເປັນ "ສະຖານທີ່ຮົກຮ້າງ" ຫລື "ສະຖານທີ່ຫ່າງໄກ" ຫລື ສະຖານທີ່ບໍ່ມີໃຜຢູ່ອາສັຍ.</li></ul>  
desolate	<h2 id="section">@ຮົກຮ້າງ,ຄວາມຫວ່າງເປົ່າ</h2><h3 id="section-1">ນິຍາມ</h3><p>ຄຳວ່າ"ຮົກຮ້າງ"ແລະ"ຄວາມຮົກຮ້າງຫວ່າງເປົ່າ</p><ul><li>ເມື່ອເວົ້າເຖີງບຸກຄົນ, ຄຳວ່າ "ຮົກຮ້າງ"ອະທິບາຍສະພາບ ຂອງຄວາມຫາຍຍານະ ຄວາມເຫງົາແລະຄວາມໂສກເສົ້າ.</li><li>ຄຳວ່າ "ຄວາມຮົກຮ້າງ"ຄືຖານະ" ຫລື ສະພາບ ຂອງການຖືກປະຮ້າງ .</li><li>ຖ້າຜືນດິນ ທີ່ມີ ພືດລົ້ມລຸກໃຫຍ່ຂື້ນ ຖືວ່າເປັນທີ່ຮົກເຮື້ອ ກໍ</li></ul><p>ຫມາຍຄວາມວ່າ ບາງສິ່ງ ໄດ້ທຳລາຍພືດລົ້ມລຸກ ເຊັ່ນ ພວກແມງໃມ້ ຫລື ກອງທັບບຸກລຸກທຳລາຍ.</p><ul><li>"ພື້ນທີ່ຮົກຮ້າງ " ກ່າວເຖີງ ພື້ນທີ່ຂອງແຜ່ນດິນ ທີ່ມີຜູ້ອາສັຍຢູ່ນອ້ຍ ເນື່ອງຈາກ ມີພືດລົ້ມລຸກນອ້ຍ ຫລື ພືດຜັກອື່ນໆ ກໍນອ້ຍທີ່ນັ້ນ.</li><li>" ແຜ່ນດິນຮົກຮ້າງ" ຫລື "ຖິ່ນທຸຣະກັນດານ"ມັກເປັນທີ່ຄົນນອກສັງຄົມ (ເຊັ່ນຄົນໂຣກເຮື້ອນ) ແລະ ສັດອັນຕະຣາຍອາສັຍຢູ່</li><li>ຖ້າເມືອງ "ຖືກເຮັດໃຫ້ຮົກຮ້າງ"ຫມາຍຄວາມວ່າ ອາຄານ ແລະ</li></ul><p>ສິ່ງຂອງຖືກທຳລາຍ ຫລື ຖືກລັກ ແລະ ປະຊາຊົນຂອງເມືອງຖືກ ຂ້າຕາຍ ຫລື ຖືກຈັບກຸມ ເມືອງກາຍເປັນ "ເມືອງຮ້າງ" ແລະ "ມີເສດຫັກເພ້ຂອງບ້ານເຮືອນ" ເລື້ອງນີ້ ຄ້າຍຄື ກັບຄວາມ ຫມາຍຂອງ "ທຳລາຍຮ້າງ" ຫລື "ຖືກທຳລາຍລ້າງ"ໂດຍໃຫ້ຄວາມສຳຄັນ ກັບຄວາມຫວ່າງເປົ່າຫລາຍຂື້ນ.</p><ul><li>ຄຳນີ້ ອາດແປວ່າ "ສີ້ນຊາກ" ຫລື "ຖືກທຳລາຍ" ຫລື "ເປັນຂີ້</li></ul><p>ເຫຍື່ອ" ຫລື "ໂດດດ່ຽວແລະຖືກຂັບໄລ່" ຫລື "ຮົກຮ້າງ" ທັງນີ້ ຂື້ນຢູ່ກັບບໍຣິບົດນັ້ນ.</p>  
destiny	<h2 id="section">@ຊາຕາກັມ @ກຳນົດ @ຖືກກຳນົດໃວ້ແລ້ວ</h2><h3 id="section-1">ນິຍາມ</h3><p>ຄຳວ່າ"ຊາຕາກັມ" ອ້າງເຖີງ ສິ່ງທີ່ຈະເກີດຂື້ນ ກັບຜູ້ຄົນໃນອະນາຄົດ ຖ້າມີຄົນ "ຖືກກຳນົດ" ໃຫ້ເຮັດບາງສິ່ງ ກໍຫມາຍຄວາມວ່າ ສິ່ງທີ່ຄົນນັ້ນຈະເຮັດ ໃນອະນາຄົດ ໄດ້ຮັບການຕັດສິນໃຈ ໂດຍພຣະເຈົ້າ.</p><ul><li>ເມື່ອພຣະເຈົ້າ "ກຳນົດ" ປະເທດຫນຶ່ງ ສຳຫລັບຄວາມໂກດຮ້າຍ</li></ul><p>ຊຶ່ງຫມາຍຄວາາມວ່າ ພຣະອົງ ຊົງໄດ້ຕັດສິນໃຈ ຫລື ເລືອກທີ່ຈະລົງໂທດປະເທດນັ້ນ ເພາະບາບ ຂອງພວກເຂົາ.</p><ul><li>ຢູດາໄດ້"ຖືກກຳນົດ" ສຳຫລັບຄວາມພິນາດ ຊຶ່ງຫມາຍຄວາມວ່າ ພຣະເຈົ້າ ຊົງຕັດສິນໃຈ ວ່າ ຢູດາ ຈະພິນາດ ເພາະການທໍຣະຍົດຂອງເຂົາ໋</li><li>ທຸກຄົນມີຈຸດສຸດທ້າຍ ຄວາມເປັນໄປ ຂອງຊີວິດກຳນົດມາ</li></ul><p>ຕລອດໄປ ບໍ່ວ່າຈະຢູ່ສະຫວັນ ຫລື ຢູ່ນາຣົກ ຢ່າງໃດຢ່າງຫນຶ່ງ.</p><ul><li>ເມື່ອຜູ້ຜ້ຂຽນ ປັນຍາຈານ ກ່າວວ່າ ປາຍທາງ ຂອງທຸກຄົນ</li></ul><p>ເຫມືອນກັນ ເຂົາຫມາຍຄວາມວ່າ ທຸກຄົນຕ້ອງຕາຍໃນທີ່ສຸດ.</p><h3 id="section-2">ຄຳແນະນຳໃນການແປ</h3><ul><li>ຄຳເວົ້າ "ທ່ານຖືກກຳນົດ ໃຫ້ໄດ້ຮັບການໂກດຮ້າຍ" ອາດແປເປັນ, "ຕັດສິນໃຈວ່າ ທ່ານຈະຖືກລົງໂທດ"ຫລື ກຳນົດວ່າ ທ່ານຈະໄດ້ຮັບຄວາມໂກດຮ້າຍຂອງເຮົາ."</li><li>" ຄຳກ່າວແບບ ປຽບທຽບ ວ່າ "ພວກເຂົາຖືກກຳນົດ ໃວ້ສຳຫລັບດາບ" ສາມາດແປໄດ້ວ່າ "ພຣະເຈົ້າ ຊົງໄດ້ຕັດສິນວ່າ</li></ul><p>ພວກເຂົາຈະຖືກທຳລາຍ"ໂດຍພວກສັດຕູ ຜູ້ທີ່ຈະຂ້າພວກເຂົາ ດວ້ຍດາບ"</p><ul><li>ຄຳເວົ້າ ທີ່ວ່າ "ທ່ານໄດ້ຖືກກຳນົດໃວ້ ສຳຫລັບ" ອາດແປດ້ວຍຄຳເວົ້າເຊັ່ນ "ພຣະເຈົ້າ ຊົງໄດ້ກ່າວວ່າ ທ່ານຈະເປັນເຊັ່ນນັ້ນ".</li><li>ຂື້ນຢູ່ບໍຣິບົດ"ຊາຕາກັມ"ອາດຖືກແປເປັນ"ຈຸດສຸດທ້າຍ" ຫລື "ສິ່ງຈະເກີດຂື້ນ ໃນຕອນສຸດທ້າຍ" ຫລື "ສິ່ງທີ່ ພຣະເຈົ້າ ຊົງໄດ້</li></ul><p>ຕັດສິນໃຈ ວ່າຈະເກີດຂື້ນ.</p>  
destroyer	<h2 id="section">@ຜູ້ທຳລາຍ</h2><h3 id="section-1">ນິຍາມ</h3><p>ຄຳວ່າ "ຜູ້ທຳລາຍ" ຕາມຕົວອັກສອນຫມາຍເຖີງ "ຄົນທີ່ທຳລາຍ"</p><ul><li>ຄຳນີ້ ມັກໃຊ້ໃນພັນທະສັນຍາເດີມ ເປັນຄຳອ້າງອີງ ທົ່ວໄປ ສຳຫລັບ ທຸກຄົນທີ່ທຳລາຍຄົນອື່ນ ເຊັ່ນ ກອງທັບທີ່ບຸກລຸກ.</li><li>ເມື່ອພຣະເຈົ້າ ຊົງໄດ້ສົ່ງທູດສະຫວັນ ເພື່ອຂ້າບັນດາລູກຊາຍຫົວປີ ໃນປະເທດເອຢຢິບ ທູດສະຫວັນນັ້ນຖືກເອີ້ນວ່າ "ຜູ້ທຳລາຍລູກຊາຍຫົວປີ" ນີ້ອາດແປໄດ້ວ່າ "ຄົນນັ້ນ"ຫລືທູດສະຫວັນ" ທີ່ຂ້າລູກຊາຍຫົວປີ".</li><li>ໃນພຣະທັມພຣະນີມິດ ກ່ຽວກັບເວລາສຸດທ້າຍ ຊາຕານຫລື ວິນຍານຊົ່ວ ອື່ນໆ ຖືກເເອີ້ນວ່າ"ຜູ້ຂ້າຄົນ" ເຂົາເປັນຄົນທຳລາຍ"</li></ul><p>ເພາະເປົ້າຫມາຍຂອເຂົາ ຄື ການທຳລາຍ ແລະ ທຸກສິ່ງ ທີ່ພຣະເຈົ້າຊົງສ້າງຂື້ນໃຫ້ ເສື່ອມສະຫລາຍ.</p>  
detestable	<h2 id="section">@ຫນ້າກຽດ  ,@ກຽດຊັງ</h2><h3 id="section-1">ນິຍາມ</h3><p>ຄຳວ່າ"ຫນ້າກຽດ"ອະທິບາຍ ເຖີງສິ່ງທີ່ບໍ່ຄວນ ແລະຖືກປະຕິເສດ ການ"ກຽດຊັງ" ບາງສິ່ງ ຫມາຍເຖີງ ການບໍ່ມັກຢ່າງຮຸນແຮງ.</p><ul><li>ຫລາຍຄົັ້ງ ທີ່ພຣະຄັມພີເວົ້າເຖີງ ຄວາມຊົ່ວຮ້າຍ  ທີ່ຫນ້າເບື່ອ ນັ້ນ ຫມາຍເຖີງ ການບໍ່ມັກຫລື ປະຕິເສດ ຄວາມຊົ່ວຮ້າຍ.</li><li>ພຣະເຈົ້າ ຊົງໄດ້ໃຊ້ ຄຳວ່າ "ຫນ້າກຽດ" ເພື່ອອະທິບາຍການປະຕິບັດຊົ່ວຮ້າຍ ຂອງຜູ້ນະມັດສະການ ທຽມເທັດ.</li><li>ຊາວອິດສະຣາເອນ ໄດ້ຮັບຄຳສັ່ງໃຫ້ "ກຽດຊັງ" ການກະທຳຜິດບາບ ແລະຜິດສິນລະທັມ ຊຶ່ງກຸ່ມເພື່ອນບ້ານ ບາງກຸ່ມໄດ້ປະຕິບັດກັນຢູ່.</li><li>ພຣະເຈົ້າ ຊົງໄດ້ເອີ້ນ ການກະທຳທາງເພດທີ່ຜິດໆ ທັງຫມົດວ່າ</li></ul><p>"ຫນ້າກຽດ". .ການທຳນວຍເວດມົນ ຫມໍຜີ ແລະການບູຊາເດັກ ເປັນເລື້ອງ ຫນ້າລັງກຽດຕໍ່ພຣະເຈົ້າ.</p><ul><li>ຄຳວ່າ "ຫນ້າກຽດ"ອາດແປວ່າ" ປະຕິເສດຢ່າງແນ່ນອນ " ຫລື</li></ul><p>"ກຽດ"ຫລື ອາດຖືກແປເປັນ "ຄວາມຊົ່ວຮ້າຍແຮງ" ຫລື "ຫນ້າກຽດຊັງ" ຫລື "ຖືວ່າບໍ່ດີທີ່ສຸດ".</p><ul><li>ເມື່ອຖືກນຳມາໃຊ້ ກັບຄົນຊອບທັມ "ຫນ້າລັງກຽດຕໍ່" ຄົນຊົ່ວຮ້າຍ ສິ່ງນີ້ ອາດແປວ່າ "ຖືວ່າບໍ່ເປັນທີ່ພໍໃຈຢ່າງຍິ່ງຕໍ່" ຫລື "ບໍ່ພໍໃຈ" ຫລື "ຖືກປະຕິເສດໂດຍ"</li><li>ພຣະເຈົ້າ ໄດ້ກ່າວກັບ ຊາວອິດສະຣາເອນໃຫ້"ກຽດຊັງ" ສັດບາງຊະນິດທີ່ພຣະເຈົ້າ ຊົງໄດ້ປະກາດວ່າ "ສົກກະປົກ" ແລະບໍ່ເຫມາະ</li></ul><p>ສຳຫລັບເຮັດເປັນອາຫານ ນີ້ຍັງອາດແປວ່າ "ບໍ່ມັກຢ່າງຍິ່ງ" ຫລື "ປະຕິເສດ" ຫລື "ຖືວ່າເປັນທີ່ຍອມຮັບບໍ່ໄດ້.</p>  
devastated	<h2 id="section">@ທຳລາຍລ້າງ, @ການທຳລາຍລ້າງ</h2><h3 id="section-1">ນິຍາມ</h3><p>ຸຄຳວ່າ “ທຳລາຍ“ ຫລື “ການທຳລາຍລ້າງ“ ໝາຍຄວາມວ່າການມີຊັບສົມບັດຫລືທີ່ດິນທີ່ຖືກທຳລາຍຫລືທຳລາຍຄົນອື່ນ. ມັນຍັງລວມທັງການທຳລາຍຫລືການຈັບກຸມຜູ້ທີ່ອາໄສຢູ່ໃນດິນແດນນັ້ນນຳອີກ.</p><ul><li>ນີ້ໝາຍເຖິງການທຳລາຍຢ່າງຮຸນແຮງແລະໝົດກ້ຽງ.</li><li>ຍົກຕົວຢ່າງ, ເມືອງໂສໂດມໄດ້ຖືກທຳລາຍລ້າງໂດຍພຣະເຈົ້າວ່າເປັນການລົງໂທດຕໍ່ບາບຂອງຄົນທີ່ອາໄສຢູ່ທີ່ນັ້ນ.</li><li>ຄຳວ່າ “ການທຳລາຍລ້າງ“ ຍັງປະກອບມີຄວາມໂສກເສົ້າທາງດ້ານອາລົມເຊິ່ງເປັນຜົນມາຈາກການລົງໂທດຫລືການທຳລາຍລ້າງ.</li></ul><h3 id="section-2">ຄຳແນະນຳ ໃນການແປ</h3><ul><li>ຄຳວ່າ “ທຳລາຍລ້າງ“ ສາມາດແປວ່າ “ທຳລາຍໄດ້ຢ່າງສົມບູນ“ ຫລື “ທຳລາຍຢ່າງໝົດຊິ້ນ.“</li><li>ອີງຕາມສະພາຍການ, “ການທຳລາຍລ້າງ“ ສາມາດຖືກແປວ່າ “ການທຳລາຍທັງໝົດ“ ຫລື “ຄວາມເສຍຫາຍທັງໝົດ“ ຫລື “ ຄວາມທຸກໂສກທີ່ລົ້ນເຫລືອ“ ຫລື “ໄພພິບັດ“</li></ul>  
devour	<h2 id="section">@ກິນຢ່າງຕະກະ</h2><h3 id="section-1">ນິຍາມ</h3><p>ຄຳວ່າ “ກິນຢ່າງຕະກະ” ໝາຍເຖິງການກິນຫລືບໍລິໂພກຢ່າງຮຸນແຮງ.</p><ul><li>ຄຳນີ້ໃຊ້ໃນທາງປ່ຽບທຽບ, ໂປໂລໄດ້ເຕືອນຜູ້ເຊື່ອຢ່າກິນຕະກະເຊິ່ງກັນແລະກັນ, ໝາຍຄວາມວ່າຈະບໍ່ໂຈມຕີຫລືທຳຮ້າຍເຊິ່ງກັນແລະກັນດ້ວຍຄຳເວົ້າຫລືການກະທຳ (ຄາລາເຕຍ 5:15 ).</li><li>ພ້ອມກັນນັ້ນໃນແງ່ຄິດບວກ, ຄຳວ່າ “ກິນຕະກະ“ ມັກຖືກໃຊ້ກັບຄວາມໝາຍຂອງ “ທຳລາຍໝົດຊິ້ນ“ ຄືກັບເວົ້າເຖິງປະເທດຕ່າງໆທີ່ກຳລັງຈູດເຜົາທຳລາຍອາຄານແລະຜູ້ຄົນ.</li><li>ຄຳສັບນີ້ຍັງສາມາດຖືກແປເປັນ “ການບໍລິໂພກຢ່າງສົມບູນ“ ຫລື “ທຳລາຍຢ່າງໝົດຊິ້ນ.</li></ul>  
discernment	<h2 id="section">@ເຂົ້າໃຈ, @ຄວາມສາມາດໃນການເຂົ້າໃຈ</h2><h3 id="section-1">ນິຍາມ</h3><p>ຄຳວ່າ "ເຂົ້າໃຈ" ໝາຍເຖິງການສາມາດເຂົ້າໃຈບາງສິ່ງ, ໂດຍສະເພາະຢ່າງຍິ່ງຄວາມສາມາດໃນການຮູ້ວ່າສິ່ງໃດຖືກສິ່ງໃດຜິດ.</p><ul><li>ຄຳວ່າ "ຄວາມສາມາດໃນການເຂົ້າໃຈ" ກ່າວເຖິງການເຂົ້າໃຈແລະຕັດສິນໃຈຢ່າງສະຫຼຽວສະຫຼາດກ່ຽວກັບເລື່ອງນັ້ນ ໆ.</li><li>ໝາຍເຖິງມີພູມປັນຍາແລະການຕັດສິນໃຈທີ່ຖືກຕ້ອງ.</li></ul><h3 id="section-2">ຄຳແນະນຳໃນການແປ</h3><ul><li>ຂຶ້ນຢູ່ກັບບໍຣິບົດ "ເຂົ້າໃຈ" ອາດແປວ່າ "ເຂົ້າໃຈ" ຫຼື "ຮູ້ຄວາມແຕກຕ່າງລະຫວ່າງ" ຫຼື "ແຍກແຍະລະຫວ່າງຄວາມດີແລະຄວາມຊົ່ວ" ຫຼື "ການວິນິດໃສຢ່າງຖືກຕ້ອງໃນເລື່ອງນັ້ນໆ" ຫຼື "ຮັບຮູ້ໄດ້ວ່າສິ່ງໃດຜິດສິ່ງໃດຖືກ.</li><li>"ຄວາມສາມາດໃນການເຂົ້າໃຈ" ອາດແປໄດ້ວ່າ "ຄວາມເຂົ້າໃຈ" ຫຼື "ຄວາມສາມາດໃນການແຍກແຍະລະຫວ່າງສິ່ງທີ່ດີແລະຊົ່ວ".</li></ul>  
disciple	<h2 id="section">@ສິດ</h2><h3 id="section-1">ນິຍາມ</h3><p>ຄຳວ່າ "ສິດ" ກ່າວເຖິງບຸກຄົນທີ່ໃຊ້ເວລາສ່ວນໃຫຍ່ກັບຄຣູ, ຮຽນຮູ້ບຸກຄະລິກລັກສະນະ ແລະການສອນຂອງຄຣູຜູ້ນັ້ນ.</p><ul><li>ຄົນທີ່ຕິດຕາມພຣະເຢຊູໄປເລື້ອຍໆ, ຟັງຄຳສອນຂອງພຣະອົງແລະເຊື່ອຟັງຄຳສອນນັ້ນໆ,ພວກເຂົາຖືກເອີ້ນວ່າສິດຂອງພຣະອົງ.</li><li>ໂຢຮັນຜູ້ໃຫ້ບັບຕິສະມາກໍມີສິດດ້ວຍ.</li><li>ໃນລະຍະພັນທະກິດຂອງພຣະເຢຊູ, ມີສິດຫຼາຍຄົນທີ່ຕິດຕາມພຣະອົງແລະໄດ້ຟັງຄຳສອນຂອງພຣະອົງ.</li><li>ພຣະເຢຊູເລືອກສິດສິບສອງໃຫ້ເປັນຜູ້ຕິດຕາມທີ່ໃກ້ຊິດພຣະອົງຫຼາຍທີ່ສຸດ, ຄົນເຫຼົ່ານີ້ກາຍເປັນທີ່ຮູ້ຈັກໃນຖານະ "ອັກຄະທູດ" ຂອງພຣະອົງ.</li><li>ອັກຄະທູດສິບສອງຄົນຂອງພຣະເຢຊູຍັງຄົງເປັນທີ່ຮູ້ຈັກໃນຖານະ "ສິດ" ຫຼື "ສິບສອງຄົນ" ຂອງພຣະອົງ.</li><li>ກ່ອນທີ່ພຣະເຢຊູສະເດັດຂຶ້ນສູ່ສະຫວັນ,ພຣະອົງຊົງບັນຊາໃຫ້ສິດຂອງພຣະອົງສອນຄົນອື່ນກ່ຽວກັບການເປັນສິດຂອງພຣະອົງ ເຊັ່ນດຽວກັນ.</li><li>ຄົນທີ່ສັດທາໃນພຣະເຢຊູແລະເຊື່ອຕາມຄຳສອນຂອງພຣະອົງຖືກເອີ້ນວ່າ ສິດຂອງພຣະເຢຊູ.</li></ul><h3 id="section-2">ຄຳແນະນຳໃນການແປ</h3><p>ຄຳວ່າ "ສິດ" ສາມາດແປໄດ້ໂດຍຄຳຫຼືຄຳເວົ້າທີ່ໝາຍເຖິງ "ຜູ້ຕິດຕາມ" ຫຼື "ນັກສຶກສາ" ຫຼື "ນັກຮຽນ" ຫຼື "ຜູ້ຮຽນ".</p><ul><li>ກວດສອບໃຫ້ແນ່ໃຈວ່າ ການແປຂອງຄຳນີ້ບໍ່ໄດ້ໝາຍເຖິງສະເພາະນັກສຶກສາທີ່ຮຽນຮູ້ໃນຫ້ອງຮຽນເທົ່ານັ້ນ.</li><li>ການແປຄຳນີ້ຄວນແຕກຕ່າງຈາກຄຳແປຂອງຄຳວ່າ"apostl".</li></ul>  
discipline	<h2 id="section">@ວິໄນ, @ຄວບຄຸມຕົນເອງ</h2><h3 id="section-1">ນິຍາມ</h3><p>ຄຳວ່າ "ວິໄນ" ກ່າວເຖິງການຝຶກໃຫ້ທີ່ຈະເຊື່ອຕາມຫຼັກເກນພຶດຕິກຳທາງສິນລະທັມ.</p><ul><li>ບິດາມານດາຝຶກວິໄນບັນດາບຸດຂອງພວກເຂົາ ໂດຍການຈັດແນວທາງສິນລະທັມສຳລັບພວກເຂົາ ແລະສອນໃຫ້ພວກເຂົາເຊື່ອຟັງ.</li><li>ໃນທຳນອງດຽວກັນ ພຣະເຈົ້າຊົງຝຶກວິໄນລູກໆ ຂອງພຣະອົງເພື່ອຊ່ວຍພວກເຂົາເກີດຜົນດີໃນທາງດຳລົງຊີວິດຝ່າຍວິນຍານ ເຊັ່ນ ຄວາມຍິນດີ, ຄວາມຮັກ,ແລະຄວາມອົດທົນ.</li><li>ການມີວິໄນກ່ຽວຂ້ອງກັບຄຳແນະນຳກ່ຽວກັບວິທີທີ່ຈະມີຊີວິດຢູ່ເພື່ອເປັນທີ່ໂປດປານຂອງພຣະເຈົ້າ ແລະເໝືອນການລົງໂທດສຳລັບພຶດຕິກຳທີ່ຂັດຕໍ່ພຣະປະສົງຂອງພຣະເຈົ້າ.</li><li>ຄວບຄຸມຕົນເອງຄືຂະບວນການຂອງການໃຊ້ຫຼັກການທາງສິນລະທັມແລະຝ່າຍວິນຍານແກ່ຊີວິດຂອງແຕ່ລະຄົນ.</li></ul><h3 id="section-2">ຄຳແນະນຳການແປ</h3><ul><li>ຂຶ້ນຢູ່ກັບບໍລິບົດ "ວິໄນ" ອາດແປວ່າ "ອົບຮົມແລະສັ່ງສອນ" ຫຼື "ແນວທາງສິນລະທັມ" ຫຼື "ລົງໂທດສຳລັບການກະທຳຜິດ".</li><li>ຄຳນາມວ່າ "ວິໄນ" ອາດແປວ່າ "ການຝຶກຝົນທາງສິນລະທັມ" ຫຼື "ການລົງໂທດ" ຫຼື "ການແກ້ໄຂທາງສິນລະທັມ" ຫຼື "ຄຳແນະນຳທາງສິນລະທັມແລະການສັ່ງສອນ".</li></ul>  
disgrace	<h2 id="section">@ຄວາມອັບປະຍົດ, @ໜ້າອັບປະຍົດ</h2><h3 id="section-1">ນິຍາມ</h3><p>ຄຳວ່າ "ຄວາມອັບປະຍົດ" ກ່ຽວກັບການສູນເສຍກຽດແລະຄວາມເຄົາລົບນັບຖື.</p><ul><li>ເມື່ອຄົນທຳສິ່ງທີ່ຜິດບາບ,ມັນທຳໃຫ້ເຂົາຢູ່ໃນສະພາບອັບປະຍົດຫຼືເສຍກຽດ.</li><li>ຄຳວ່າ "ໜ້າອັບປະຍົດ"  ໃຊ້ເພື່ອອະທິບາຍລັກສະນະການກະທຳຜິດບາບຫຼືບຸກຄົນທີ່ທຳຜິດບາບ.</li><li>ບາງຄັ້ງຄົນທີ່ທຳສິ່ງທີ່ດີ ໄດ້ຮັບການປະຕິບັດໃນທາງທີ່ທຳໃຫ້ເຂົາຮັບຄວາມອັບປະຍົດ ຫຼືໜ້າອັບອາຍ.</li><li>ຕົວຢ່າງເຊັ່ນເມື່ອພຣະເຢຊູຖືກປະຫານເທິງໄມ້ກາງແຂນ,ນີ້ເປັນວິທີທີ່ທຳໃຫ້ຕາຍຢ່າງໜ້າອັບປະຍົດ.ພຣະເຢຊູບໍ່ໄດ້ທຳຫຍັງຜິດທີ່ຈະໄດ້ຮັບຄວາມອັບປະຍົດເຊັ່ນນີ້.</li><li>ວິທີການແປ "ຄວາມອັບປະຍົດ" ອາດລວມເຖິງ" ຄວາມອັບອາຍ " ຫຼື "ຄວາມເສຍກຽດ".</li><li>ວິທີການແປ "ໜ້າອັບປະຍົດ" ອາດລວມເຖິງ"ໜ້າອັບອາຍ" ຫຼື "ເສຍຊື່ສຽງ".</li></ul>  
dishonor	<h2 id="section">@ບໍ່ໃຫ້ກຽດ, @ຢ່າງບໍ່ໃຫ້ກຽດ</h2><h3 id="section-1">ນິຍາມ</h3><p>ຄຳວ່າ "ບໍ່ໃຫ້ກຽດ" ໝາຍເຖິງການກະທຳບາງສິ່ງທີ່ບໍ່ໜ້າເຄົາລົບກັບບາງຄົນ.ນີ້ຍັງທຳໃຫ້ຄົນນັ້ນເປັນທີ່ໜ້າອາຍຫຼືຂາຍໜ້າ.</p><ul><li>ບາງຄັ້ງ "ຢ່າງບໍ່ໃຫ້ກຽດ" ໃຊ້ເພື່ອອ້າງເຖິງວັດຖຸທີ່ບໍ່ເປັນປະໂຫຍດສຳຄັນໃດ ໆ ເລີຍ.</li><li>ພວກເດັກນ້ອຍໄດ້ຮັບຄຳສັ່ງສອນໃຫ້ເຄົາລົບແລະເຊື່ອຟັງພໍ່ແມ່ຂອງພວກເຂົາ,ເມື່ອພວກເດັກນ້ອຍບໍ່ເຊື່ອຟັງ, ພວກເຂົາບໍ່ໃຫ້ກຽດບິດາມານດາຂອງພວກເຂົາ.ພວກເຂົາກະທຳຕໍ່ບິດາມານດາຂອງພວກເຂົາດ້ວຍວິທີທີ່ບໍ່ໃຫ້ກຽດຕໍ່ພວກເຂົາ.</li><li>ຊາວອິດສະຣາເອນບໍ່ໃຫ້ກຽດແກ່ພຣະຢາເວ ເມື່ອພວກເຂົາໄດ້ນະມັດສະການພຣະປອມແລະປະຕິບັດຜິດສິນລະທັມ.</li><li>ພວກຢິວບໍ່ໃຫ້ກຽດແກ່ພຣະເຢຊູໂດຍບອກວ່າ ພຣະອົງຖືກຜີເຂົ້າສິງ.</li><li>ນີ້ອາດແປວ່າ "ບໍ່ໃຫ້ກຽດ" ຫຼື "ການປະຕິບັດດ້ວຍການບໍ່ໃຫ້ຄວາມເຄົາລົບ.</li><li>ຄຳນາມວ່າ "ການບໍ່ໃຫ້ກຽດ" ອາດແປໄດ້ວ່າ "ການບໍ່ໃຫ້ຄວາມເຄົາລົບ" ຫຼື "ການທຳໃຫ້ສູນເສຍກຽດ".</li><li>"ຢ່າງບໍ່ໃຫ້ກຽດ" ອາດແປວ່າ "ຢ່າງບໍ່ໃຫ້ກຽດ" ຫຼື "ໜ້າອັບອາຍ" ຫຼື "ບໍ່ຄຸ້ມຄ່າ" ຫຼື "ບໍ່ມີຄ່າ" ກໍໄດ້,ທັງນີ້ຂຶ້ນຢູ່ກັບບໍລິບົດນັ້ນໆ.</li></ul>  
disobey	<h2 id="section">@ບໍ່ເຊື່ອຟັງ, @ບໍ່ເຊື່ອຟັງ, @ການບໍ່່ຊື່ອຟັງ</h2><h3 id="section-1">ນິຍາມ</h3><p>ຄຳວ່າ "ບໍ່ເຊື່ອຟັງ" ໝາຍເຖິງບໍ່ເຊື່ອຟັງສິ່ງທີ່ບາງຄົນທີ່ມີອຳນາດໄດ້ສັ່ງຫຼືສັ່ງສອນຄົນທີ່ທຳເຊັ່ນນີ້ເປັນຄົນ "ບໍ່ເຊື່ອຟັງ".</p><ul><li>ຄົນທີ່ທຳສິ່ງທີ່ເຂົາບອກວ່າບໍ່ຕ້ອງທຳຄືການບໍ່ເຊື່ອຟັງ.</li><li>ການບໍ່ເຊື່ອຟັງຍັງໝາຍເຖິງການປະຕິເສດທີ່ຈະທຳສິ່ງທີ່ໄດ້ຮັບຄຳສັ່ງໃຫ້ທຳ.</li><li>ຄຳວ່າ "ການບໍ່ເຊື່ອຟັງ" ຍັງໃຊ້ເພື່ອການອະທິບາຍເຖິງລັກສະນະຂອງບຸກຄົນທີ່ບໍ່ເຊື່ອຟັງຫຼືກະບົດຈົນເປັນນິໃສ ໝາຍຄວາມວ່າພວກເຂົາເປັນຄົນບາບຫຼືຄົນຊົ່ວ.</li><li>ຄຳວ່າ "ການບໍ່ເຊື່ອຟັງ" ໝາຍເຖິງ "ການກະທຳທີ່ບໍ່ເຊື່ອຟັງ" ຫຼື "ພຶດຕິກຳທີ່ຂັດກັບພຣະປະສົງຂອງພຣະເຈົ້າ".</li><li>"ຄົນທີ່ບໍ່ເຊື່ອຟັງ" ອາດແປວ່າ "ຄົນທີ່ບໍ່ເຊື່ອຟັງສະເໝີ" ຫຼື "ຄົນທີ່ບໍ່ໄດ້ທຳໃນສິ່ງທີ່ພຣະເຈົ້າຊົງບັນຊາ".</li></ul>  
disperse	<h2 id="section">@ກະຈັດກະຈາຍ, @ການກະຈັດກະຈາຍ</h2><h3 id="section-1">ນິຍາມ</h3><p>ຄຳວ່າ "ກະຈັດກະຈາຍ" ແລະ "ການກະຈັດກະຈາຍ" ກ່າວເຖິງການກະເຈີດກະເຈີງຂອງຄົນ ຫຼືສິ່ງຕ່າງໆ ໄປໃນທິດທາງຕ່າງໆ.</p><ul><li>ໃນພັນທະສັນຍາເດີມ,ພຣະເຈົ້າເວົ້າເຖິງ "ການກະຈາຍ" ຄົນ,ທຳໃຫ້ພວກເຂົາໄດ້ແຍກຕົວແລະອາໃສຢູ່ໃນສະຖານທີ່ແຕກຕ່າງກັນອອກໄປ.ພຣະອົງກະທຳຢ່າງນີ້ເພື່ອລົງໂທດພວກເຂົາເພາະຄວາມບາບຂອງພວກເຂົາ.ບາງທີການແຍກຍ້າຍກັນໄປຈະຊ່ວຍໃຫ້ເຂົາກັບໃຈແລະເລີ້ມມານະມັດສະການພຣະເຈົ້າອີກ.</li><li>ຄຳວ່າ "ກະຈັດກະຈາຍ" ໃຊ້ໃນພັນທະສັນຍາໃໝ່ເພື່ອອ້າງອີງເຖິງຄຣິດສະຕຽນທີ່ຕ້ອງອອກຈາກບ້ານຂອງພວກເຂົາແລະໄປຍັງສະຖານທີ່ຕ່າງໆ ເພື່ອໜີການກົດຂີ່ຂົ່ມເຫັງ.</li><li>ຄຳເວົ້າ "ການກະຈັດກະຈາຍ" ສາມາດແປເປັນ "ຜູ້ສັດທາໃນທີ່ຫຼາຍໆແຫ່ງ" ຫຼື "ຄົນທີ່ຍ້າຍອອກໄປອາໃສຢູ່ໃນປະເທດຕ່າງ".</li><li>ຄຳວ່າ "ກະຈັດກະຈາຍ" ອາດແປວ່າ "ສົ່ງໄປຢູ່ໃນສະຖານທີ່ຕ່າງໆ" ຫຼື "ກະຈາຍຢູ່ໃນຕ່າງປະເທດ" ຫຼື "ທຳໃຫ້ຍ້າຍອອກໄປອາໃສຢູ່ໃນປະເທດຕ່າງໆ".</li></ul>  
divination	<h2 id="section">@ການທຳນວາຍໂຊກຊາຕາ, @ຜູ້ທຳນວາຍໂຊກຊາຕາ,ການທຳນວາຍ,ໝໍດູ</h2><h3 id="section-1">ນິຍາມ</h3><p>ຄຳວ່າ "ການທຳນວາຍໂຊກຊາຕາ" ແລະ "ການທຳນວາຍ" ກ່າວເຖິງການພະຍາຍາມຫາຂໍ້ມູນຈາກວິນຍານໃນໂລກເໜືອທຳມະຊາດ.ຄົນທີ່ທຳແບບນີ້ບາງຄັ້ງເອີ້ນວ່າ" ຜູ້ພະຍາກອນ" ຫຼື "ຜູ້ທຳນວາຍ".</p><ul><li>ໃນສະໄໝພັນທະສັນຍາເດີມ,ພຣະເຈົ້າຊົງໄດ້ບັນຊາຫ້າມຄົນອິດສະຣາເອນທຳການທຳນວາຍ ຫຼືພະຍາກອນ.</li><li>ພຣະເຈົ້າຊົງອະນຸຍາດໃຫ້ປະຊາຊົນຂອງພຣະອົງສະແຫວງຫາຂໍ້ມູນຈາກພຣະອົງໂດຍໃຊ້ຢູຣິມແລະທຳມິມ,ຊຶ່ງເປັນຫີນທີ່ພຣະອົງຊົງກຳນົດໄວ້ໃຫ້ມະຫາປະໂລຫິດໃຊ້ເພື່ອຈຸດປະສົງດັ່ງກ່າວ.ແຕ່ພຣະອົງຊົງບໍ່ອະນຸຍາດໃຫ້ປະຊາກອນຂອງພຣະອົງຄົ້ນຫາຂໍ້ມູນດ້ວຍຄວາມຊ່ວຍເຫຼືອຈາກວິນຍານຊົ່ວຮ້າຍ.</li><li>ຜູ້ທຳນວາຍນອກສາດສະໜາໃຊ້ບັນດາວິທີການທີ່ແຕກຕ່າງທີ່ພະຍາຍາມຫາຂໍ້ມູນຈາກໂລກຝ່າຍວິນຍານ.ບາງຄັ້ງພວກເຂົາຈະກວດສອບຈາກພາຍໃນຊາກສັດທີ່ຕາຍແລ້ວຫຼືໂຍນກະດູກສັດລົງບົນພື້ນດິນແລ້ວຕີຄວາມຈາກຮູບແບບນັ້ນວ່າເປັນເໝືອນຂ່າວສານຈາກບັນດາພຣະປອມຂອງພວກເຂົາ.</li><li>ໃນພັນທະສັນຍາໃໝ່,ພຣະເຢຊູ ແລະພວກອັຄະທູດໄດ້ປະຕິເສດການທຳນວາຍໂຊກຊາຕາ,ການທຳນວາຍ,ແມ່ມົດ,ແລະເວດມົນ.ການກະທຳທັງຫຼາຍທີ່ກ່ຽວກັບການໃຊ້ພະລັງແຫ່ງວິນຍານຊົ່ວຮ້າຍ ແລະເຫຼົ່ານີ້ພຣະເຈົ້າຊົງປະນາມ.</li></ul>  
divine	<h2 id="section">@ພຣະເຈົ້າ</h2><h3 id="section-1">ນິຍາມ</h3><p>ຄຳວ່າ "ພຣະເຈົ້າ" ກ່າວເຖິງບັນດາສິ່ງທີ່ກ່ຽວກັບພຣະເຈົ້າ.</p><ul><li>ບາງຄຳໃຊ້ຄຳນີ້ຮ່ວມດ້ວຍໄດ້ແກ່ "ສິດອຳນາດຂອງພຣະເຈົ້າ" " ການພິພາກສາຂອງພຣະເຈົ້າ" " ພຣະລັກສະນະຂອງພຣະເຈົ້າ" " ຣິດອຳນາດຂອງພຣະເຈົ້າ"ແລະ "ພຣະສະຫງ່າຣາສີຂອງພຣະເຈົ້າ".</li><li>ໃນຂໍ້ຄວາມນຶ່ງຂອງພຣະຄັມພີຄຳວ່າ "ພຣະເຈົ້າ" ຖືກໃຊ້ເພື່ອອະທິບາຍສິ່ງທີ່ກ່ຽວກັບພຣະປອມ.</li></ul><h3 id="section-2">ຄຳແນະນຳໃນການແປ</h3><ul><li>ວິທີການແປຄຳວ່າ "ພຣະເຈົ້າ" ອາດລວມເຖິງ "ຂອງພຣະເຈົ້າ" ຫຼື "ຈາກພຣະເຈົ້າ" ຫຼື "ກ່ຽວຂ້ອງກັບຄຳວ່າພຣະເຈົ້າ" ຫຼື "ມີລັກສະນະຂອງພຣະເຈົ້າ".</li><li>ຕົວຢ່າງເຊັ່ນ "ສິດທິອຳນາດຂອງພຣະເຈົ້າ" ອາດແປວ່າ "ອຳນາດຂອງພຣະເຈົ້າ" ຫຼື "ອຳນາດທີ່ມາຈາກພຣະເຈົ້າ".</li><li>ຄຳເວົ້າ "ພຣະສະຫ່ງາຣາສີຂອງພຣະເຈົ້າ" ສາມາດແປເປັນ "ພຣະສະຫ່ງາຣາສີຂອງພຣະເຈົ້າ" ຫຼື "ພຣະສະຫ່ງາຣາສີທີ່ພຣະເຈົ້າມີ" ຫຼື "ພຣະສະຫ່ງາຣາສີທີ່ມາຈາກພຣະເຈົ້າ".</li><li>ການແປບາງສະບັບອາດຕ້ອງການໃຊ້ຄຳອື່ນໃນການອະທິບາຍສິ່ງທີ່ກ່ຽວກັບພຣະປອມ.</li></ul>  
divorce	<h2 id="section">@ການຢ່າ</h2><h3 id="section-1">ນິຍາມ</h3><p>ການຢ່າຄືການກະທຳຕາມກົດໝາຍໃນການຍຸຕິການສົມລົດ.ຄຳວ່າການຢ່າ ໝາຍເຖິງການແຍກຄູ່ສົມລົດຢ່າງເປັນທາງການແລະຖືກຕ້ອງຕາມກົດໝາຍເພື່ອຍຸຕິການສົມລົດ.</p><ul><li>ຄວາມໝາຍຕາມຕົວອັກສອນຂອງຄຳວ່າ "ຢ່າ" ຄື "ສົ່ງອອກໄປ" ຫຼື "ແຍກອອກຈາກກັນຢ່າງເປັນທາງການ" ພາສາອື່ນອາດມີສຳນວນທີ່ສະແດງອອກຄ້າຍຄືກັນເພື່ອກ່າວເຖິງການຢ່າ.</li><li>"ໃບຢ່າ" ອາດແປໄດ້ວ່າເປັນ "ເອກກະສານທີ່ລະບຸການສົມລົດໄດ້ສິ້ນສຸດລົງແລ້ວ".</li></ul>  
doctrine	<h2 id="section">@ຫລັກຄຳສອນ</h2><h3 id="section-1">ນິຍາມ</h3><p>ຄຳວ່າ"ຫລັກຄຳສອນ" ຕາມຕົວອັກສອນຫມາຍເຖີງ "ການສອນ"ມັກກ່າວເຖີງການສອນທາງສາດສະຫນາ.</p><ul><li>ໃນບໍຣິບົດ ຄຳສອນຂອງ "ຄຣິດສະຕຽນ"ອ້າງເຖີງຄຳສອນ ທັງຫມົດ ກ່ຽວກັບພຣະເຈົ້າ-ພຣະບິດາ ພຣະບຸດແລະພຣະວິນຍານບໍຣິສຸດ- ລວມທັງຄຸນລັກສະນະ ຂອງພຣະອົງ ທັງຫມົດ ແລະທຸກສິ່ງທີ່ພຣະອົງຊົງໄດ້ກະທຳ.</li><li>ນອກຈາກນີ້ ຍັງກ່າວເຖີງ ທຸກສິ່ງທີ່ພຣະເຈົ້າຊົງຄຣິດສະຕຽນ ກ່ຽວກັບການດຳເນີນ ຢ່າງບໍຣິສຸດ ຊີວິດທີ່ນຳສະຫງ່າລາສີມາສູ່ພຣະອົງ ດວ້ຍ.</li><li>ຄຳວ່າ "ຫລັກຄຳສອນ"ບາງຄັ້ງກໍໃຊ້ ເພື່ອອ້າງເຖີງ ຄຳສອນທີ່ຜິດໆ ຫລື ຄຳສອນສາດສະຫນາ ທາງໂລກ ທີ່ມາຈາກມະນຸດ ເບິ່ງ</li></ul><p>ບໍຣິບົດ ທີ່ຈະຊ່ວຍເຮັດໃຫ້ ຄວາມຫມາຍຊັດເຈັນ.</p>  
dominion	<h2 id="section">@ການປົກຄອງ</h2><h3 id="section-1">ນິຍາມ</h3><p>ຄຳວ່າ "ການປົກຄອງ" ກ່າວເຖີງອຳນາດການຄວບຄຸມ ຫລື ສິດທິອຳນາດ ເຫນືອມະນຸດ ສັດ ຫລື ແຜ່ນດິນໂລກ.</p><ul><li>ພຣະເຢຊູຄຣິສ ໄດ້ຮັບການກ່າວເຖີງວ່າ ມີອຳນາດເຫນືອທຸກສິ່ງ ເທິງແຜ່ນດິນໂລກ ເປັນຜູ້ທຳນວຍ ປະໂລຫິດ ແລະກະສັດ.</li><li>ການປົກຄອງ ຂອງຊາຕານ ພ່າຍແພ້ຕະຫລອດການ ໂດຍການສີ້ນພຣະຊົນຂອງພຣະເຢຊູຄຣິສ ເທິງໃມ້ກາງແຂນ.</li><li>ໃນການຊົງສ້າງ  ພຣະເຈົ້າໄດ້ກ່າວວ່າ ມະນຸດໄດ້ອຳນາດຄອບຄອງ ເຫນືອປາ ນົກ ແລະສິ່ງທີ່ມີຊີວິດທັງຫມົດ ເທິງແຜ່ນດິນໂລກ.</li></ul><h3 id="section-2">ຄຳແນະນຳໃນການແປ</h3><ul><li>ວິທີອື່ນໆ ໃນການແປຄຳນີ້ ອາດລວມເຖີງ "ສິດທິອຳນາດ"</li></ul><p>ຫລື "ພະລັງອຳນາດ" ຫລື "ການຄວບຄຸມ" ທັງນີ້ຂື້ນຢູ່ກັບບໍລິບົດນັ້ນໆ.</p><ul><li>ຄຳເວົ້າວ່າ "ມອບອຳນາດເຫນືອ" ອາດແປວ່າ "ປົກຄອງເຫນືອ" ຫລື"ຈັດການ".</li></ul>  
donkey	<h2 id="section">@ລາ @ລໍ</h2><h3 id="section-1">ນິຍາມ</h3><p>ລາເປັນສັດໃຊ້ງານ ມີສີ່ຂາ ຄ້າຍກັບມ້າ ແຕ່ມີຂະຫນາດນອ້ຍ ກ່ວາ ແລະມີຫູຍາວກ່ວາ.</p><ul><li>ລໍເປັນລູກທີ່ເກີດ ຈາກການປະສົມພັນ ລະຫວ່າງ ລາຕົວຜູ້ແລະມ້າຕົວເມຍ.</li><li>ລໍເປັນສັດທີ່ແຂງແຮງ ຫລາຍ ແລະເປັນສັດໃຊ້ງານທີ່ມີຄ່າຫລາຍ.</li><li>ທັງລາແລະລໍ ໃຊ້ເພື່ອບັນທຸກສິ່ງຂອງແລະຄົນ ໃນການເດີນທາງ .</li><li>ໃນສະໄຫມ ພຣະຄັມພີ  ກະສັດຂີ່ລາ ໃນຍາມສະຫງົບສຸກ ແລະຂີ່ມ້າໃນເວລາສົງຄາມ..</li><li>ພຣະເຢຊູ ຂີ່ລາຫ່ນຸມ ເຂົ້າໄປໃນກຸງເຢຣູຊາເລັມ ຫນຶ່ງອາທິດ</li></ul><p>ກອ່ນທີ່ ພຣະອົງຈະຖືກຄຶງທີ່ໃມ້ກາງແຂນ.</p>  
doom	<h2 id="section">@ການລົງໂທດ</h2><h3 id="section-1">ນິຍາມ</h3><p>ຄຳວ່າ "ການລົງໂທດ" ກ່າວເຖີງຄຳຕັດສິນລົງໂທດ ໂດຍບໍ່ມີການອຸທອນ ຫລື ຫລົບຫນີ.</p><ul><li>ເມື່ອຄົນອິດສະຣາເອນ ຖືກຈັບໄປເປັນສະເລີຍ ໃນກຸງບາບີໂລນ</li></ul><p>ຜູ້ທຳນວຍ ເອເສກຽນ ໄດ້ກ່າວວ່າ "ການລົງໂທດ ໄດ້ມາເຫນືອ ພວກເຂົາແລ້ວ "</p><ul><li>ຄຳນີ້ ອາດແປວ່າ"ພັຍພິບັດ"ຫລື "ການລົງໂທດ"ຫລື  "ພິນາດຢ່າງສີ້ນຫວັງ" ທັງນີ້ ຂື້ນຢູ່ກັບບໍຣິບົດນັ້ນ.</li></ul>  
doorpost	<h2 id="section">@ເສົາປະຕູ</h2><h3 id="section-1">ນິຍາມ</h3><p>"ເສົາປະຕູ" ເປັນດ້ານແນວຕັ້ງ ທີ່ດ້ານຂ້າງ ຂອງປະຕູ ຊຶ່ງຮອງຮັບດ້ານເທິງ ຂອງຂອບປະຕູ.</p><ul><li>ກ່ອນທີ່ພຣະເຈົ້າ ຊົງໄດ້ຊ່ວຍໃຫ້ຄົນ ອິດສະຣາເອນ ຫນີອອກຈາກ ເອຢິບ ພຣະອົງ ຊົງໄດ້ສັ່ງໃຫ້ພວກເຂົາ ຂ້າລູກແກະ ແລະນຳເລືອດໄປທາໃວ້ ທີ່ເສົາປະຕູບ້ານ.</li><li>ໃນພັນທະສັນຍາເດີມ ທາດທີ່ຕອ້ງການຮັບໃຊ້  ເຈົານາຍຂອງຕົນ ໃນຊ່ວງທີ່ເຫລືອ ຂອງຊີວິດ  ຈະວາງຫູໃວ້ທີ່ເສົາປະຕູບ້ານ ຂອງເຈົ້ານາຍ ເພື່ອຕອກຕະປູຜ່ານຫູ ເຂົ້າໄປໃນ ເສົາປະຕູບ້ານ.</li><li>ນອກຈາກນີ້ ຍັງສາມາດແປເປັນ "ເສົາໄມ້ທີ່ດ້ານຂ້າງຂອງປະຕູ" ຫລື "ດ້ານຂ້າງຂອງຂອບປະຕູໄມ້" ຫລື ຄານໄມ້ທີ່ດ້ານຂ້າງຂອງທາງເຂົ້າປະຕູ.</li></ul>  
dove	<h2 id="section">@ນົກກາງແກ</h2><h3 id="section-1">ນິຍາມ</h3><p>Doveແລະ Pigeon ເປັນນົກຂະຫນາດນ້ອຍ ສີເທົານ້ຳຕານ 2 ຊະນິດ ທີ່ມີລັກສະນະຄ້າຍກັນ Dove ມັກມີສີອອ່ນເກືອບຂາວ.</p><ul><li>ບາງພາສາ ມີຊື່ແຕກຕ່າງກັນ 2 ຊື່ໃນຂະນະທີ່ ພາສາອື່ນໃຊ້ຊື່ດຽວກັນ ສຳຫລັບນົກທັງສອງຊະນິດ.</li><li>Dove ແລະ Pigeonຖືກນຳມາໃຊ້ ໃນການຖວາຍບູຊາ ແດ່ ພຣະເຈົ້າ ໂດຍສະເພາະ ຢ່າງຍິ່ງ ສຳຫລັບຄົນ ທີ່ບໍ່ສາມາດຊື້ສັດຂະຫນາດໃຫ່ຍໄດ້.</li><li>ນົກກາງແກ ບາງຄັ້ງເປັນສັນຍາລັກ ຄວາມບໍຣິສຸດ ຄວາມໄຮ້ດຽງສາ ຫລື ສັນຕິພາບ.</li><li>ຫາກDoveແລະ Pigeon ບໍ່ເປັນທີ່ຮູ້ຈັກ ໃນພື້ນທີ່ ພາສາ ທີ່ມີການແປຂໍ້ຄວາມນີ້ ອາດແປວ່າ "ນົກສີເທົາຂະຫນາດນ້ອຍ ທີ່ເອີ້ນວ່າ ນົກກາງແກ" ຫລື "ນົກສີເທົາຫລື ນ້ຳຕານຂະຫນາດນ້ອຍຄ້າຍກັບ (ຊື່ຂອງນົກໃນທ້ອງຖິ່ນ)".</li><li>ຫາກທັງ Dove ແລະ Pigeonຖືກອ້າງເຖີງ ໃນຂໍ້ດຽວກັນ ໃຫ້ທ່ານໃຊ້ ຄຳທີ່ຕ່າງກັນ ສອງຄຳ ສຳຫລັບນົກເຫົ່ານີ້ ຖ້າເປັນໄປໄດ້.</li></ul>  
dream	<h2 id="section">@ຄວາມຝັນ</h2><h3 id="section-1">ນິຍາມ</h3><p>ຄວາມຝັນ ຄືສິ່ງທີ່ຄົນເຫັນ ຫລືປະສົບການ ໃນຈິດໃຈຂອງພວກເຂົາ ໃນຂະນະທີ່ກຳລັງຫລັບຢູ່.</p><ul><li>ຄວາມຝັນ ມັກຈະເບິ່ງເຫມືອນເປັນສິ່ງທີ່ ກຳລັງເກີດຂື້ນ</li></ul><p>ຈິງໆ ແຕ່ກໍບໍ່ແມ່ນ.</p><ul><li>ບາງຄັ້ງ ພຣະເຈົ້າ ຊົງເຮັດໃຫ້ຄົນຝັນ ກ່ຽວກັບບາງສິ່ງ ເພື່ອໃຫ້ພວກເຂົາສາມາດຮຽນຮູ້ ຈາກສິ່ງນັ້ນ ພຣະອົງອາດຈະກ່າວໂດຍກົງ ກັບຄົນໃນຄວາມຝັນຂອງພວກເຂົາ.</li><li>ໃນພຣະຄັມພີ ພຣະເຈົ້າ ຊົງໃຫ້ຄວາມຝັນພິເສດ ແກ່ບາງຄົນ ເພື່ອບອກເລື້ອງລາວບາງຢ່າງ  ແກ່ພວກເຂົາ ຊຶ່ງມັກເປັນເລື້ອງທີ່ຈະເກີດຂື້ນໃນອານາຄົດ .</li><li>ຄວາມຝັນ ແຕກຕ່າງຈາກນີມິດ ຄວາມຝັນເກີດຂື້ນໃນຂະນະທີ່ຄົນຫລັບ ແຕ່ນີມິດ ມັກເກີດຂື້ນເມື່ອຄົນຍັງຕື່ນຕົວຢູ່.</li></ul>  
drink offering	<h2 id="section">@ເຄື່ອງດື່ມຖວາຍບູຊາ</h2><h3 id="section-1">ນິຍາມ</h3><p>ເຄື່ອງດື່ມຖວາຍບູຊາ ເປັນເຄື່ອງບູຊາແດ່ພຣະເຈົ້າ ຊຶ່ງກ່ຽວຂອ້ງກັບການເທເຫລົ້າອາງຸ່ນລົງເທີງແທ່ນບູຊາ ມີການຖວາຍບູຊາ ພອ້ມກັບເຄື່ອງເຜົາ ບູຊາແລະທັນຍະບູຊາ.</p><ul><li>ໂປໂລ ກ່າວເຖີງຊີວິດຂອງທ່ານ ເຊັ່ນດຽວກັບການຖວາຍ ເຄື່ອງດື່ມບູຊາ ນັ້ນຫມາຍຄວາມວ່າ ທ່ານອຸທິດຕົນ ເພື່ອຮັບໃຊ້ພຣະເຈົ້າ ແລະບອກປະຊາຊົນ ກ່ຽວກັບພຣະເຢຊູ ແມ່ນວ່າທ່ານຈະຮູ້ວ່າ ທ່ານຈະຕ້ອງທົນທຸກ ທໍຣະມານແລະອາດຖືກຂ້າເພາະເຫດນັ້ນ.</li><li>ການສີ້ນພຣະຊົນຂອງພຣະເຢຊູ ເທິງໄມ້ກາງແຂນ ເປັນເຄື່ອງບູຊາທີ່ດີທີ່ສຸດ ເພາະເລືອດຂອງພຣະອົງ ຖືກທອກລົງເທິງໄມ້ກາງແຂນເພື່ອບາບຂອງເຮົາ.</li></ul><h3 id="section-2">ຄຳແນະນຳໃນການແປ</h3><ul><li>ອີກວິທີຫນຶ່ງໃນການແປຄຳນີ້ ຄື "ການຖວາຍບູຊາເຫລົ້າອາງຸ່ນ"</li><li>ເມື່ອໂປໂລ ກ່າວວ່າທ່ານກຳລັງຖືກ"ເທອອກມາເຫມືອນການຖວາຍເຄື່ອງບູຊາ" ຂໍ້ນີ້ອາດແປວ່າ "ຂ້າພຣະເຈົ້າມີຄວາມມຸ້ງຫມັ້ນ ຢ່າງເຕັມທີ່ ໃນການສອນ ພຣະກິດຕິຄຸນ ຂອງພຣະເຈົ້າແກ່ປະຊາຊົນ ເຊັ່ນດຽວກັບການຖວາຍບູຊາ ເຫລົ້າອາງຸ່ນ ທີ່ເທລົງເທິງແທ່ນບູຊາ ຈົນຫມົດສີ້ນ.</li></ul>  
drunk	<h2 id="section">@ເມົາເຫລົ້າ,ຄົນຂີ້ເຫລົ້າ</h2><h3 id="section-1">ນິຍາມ</h3><p>ຄຳວ່າ "ເມົາເຫລົ້າ" ຫມາຍເຖີງການມືນເມົາ ຈາກການດື່ມ ເຫລົ້າ ຫລາຍເກີນໄປ.</p><ul><li>"ຄົນຂີ້ເຫລົ້າ" ເປັນຄົນທີ່ມັກເມົາເຫລົ້າ ຄົນປະເພດນີ້ ອາດເອີ້ນວ່າ "ໂຣກພິດເຫລົ້າທີ່ເປັນມາດົນ" ດ້ວຍເຊັ່ນກັນ.</li><li>ພຣະຄັມພີ ບອກຜູ້ເຊື່ອ ບໍ່ໃຫ້ ເມົາດ້ວຍເຄື່ອງດື່ມ ທີ່ມີເຊື້ອເຫລົ້າ ແຕ່ຕອ້ງຄວບຄຸມ ໂດຍພຣະວິນຍານ ບໍຣິສຸດຂອງພຣະເຈົ້າ.</li><li>ພຣະຄັມພີ ສອນວ່າ ຄວາມມືນເມົາ ບໍ່ສະຫລາດ ແລະມີອິດທິພົນ ຕໍ່ບຸກຄົນ ໃຫ້ທຳບາບ ທາງໃດທາງຫນຶ່ງດ້ວຍ.</li><li>ອີກວິທີ ໃນການແປ "ເມົາເຫລົ້າ" ອາດລວມເຖີງ"ອາການບໍ່ມີສະຕິ" ຫລື "ອາການມືນເມົາ" ຫລື "ດື່ມທາດເຫລົ້າຫລາຍ</li></ul><p>ເກີນໄປ"ຫລື "ເຕັມໄປດ້ວຍເຄື່ອງດື່ມທີ່ມັກໃວ້ດົນແລ້ວ"</p>  
dung	<h2 id="section">@ຂີ້ສັດ @ຝຸ່ນຄອກ</h2><h3 id="section-1">ນິຍາມ</h3><p>ຄຳວ່າ "ຂີ້ສັດ" ກ່າວເຖີງເສດຂອງເສຍ ທີ່ແຂງຂອງມະນຸດຫລື ສັດ ແລະເອີ້ນອີກຢ່າງຫນຶ່ງ ວ່າ ຂີ້ຫລືສິ່ງເສດເຫລືອ ເມື່ອໃຊ້ເປັນຝຸ່ນ ເພື່ອເພີ່ມຄຸນຄ່າ ໃຫ້ກັບດິນ ເອີ້ນວ່າ "ຝຸ່ນຄອກ"</p><ul><li>ຄຳສັບເຫລົ່ານີ້ ສາມາດໃຊ້ໃນທຳນອງ ປຽບທຽບ ເພື່ອອ້າງເຖີງສິ່ງ ທີ່ບໍ່ມີມູນຄ່າ ຫລື ບໍ່ສຳຄັນ.</li></ul><p>ຂີ້ສັດແຫ້ງ ໃຊ້ເປັນເຊື້ອໃຟ.</p><ul><li>ຄຳກ່າວວ່າ "ເຫມືອນຂອງເສດທີ່ເອົາດິນປົກໃວ້"ອາດແປໄດ້ວ່າ</li></ul><p>" ກະຈັດກະຈາຍ ໄປເຫມືອນຂີ້ສັດ ທີ່ບໍ່ມີຄ່າ ຢູ່ເທິງພື້ນດິນ"</p><ul><li>"ສິ່ງເສດເຫລືອ"ໃນກຳແພງທາງຕອນໃຕ້ຂອງກຸງເຢຣູຊາເລັມ</li></ul><p>ຫນ້າຈະເປັນປະຕູ ທີ່ນຳສິ່ງເສດເຫລືອ ແລະຂອງເຫືລອ ຖີ້ມອອກຈາກເມືອງ.</p>  
eagle	<h2 id="section">@ນົກອິນຊີ</h2><h3 id="section-1">ນິຍາມ</h3><p>ນົກອິນຊີເປັນນົກຂະໜາດໃຫຍ່, ມີພະລັງໃນການລ້າເຍື່ອ ກິນສັດຂະໜາດນ້ອຍເຊັ່ນ ປາ, ໜູ, ງູ, ແລະໄກ່ເປັນຕົ້ນ.</p><ul><li>ພຣະຄໍາພີປຽບທຽບຄວາມໄວແລະຄວາມແຂງແຮງຂອງກອງທັບກັບຄວາມໄວຂອງນົກອິນຊີທີ່ເຈີດລົງໄປຈັບເຍື່ອຂອງມັນ.</li><li>ເອຊາຢາກ່າວວ່າບັນດາຜູ້ທີ່ວາງໃຈໃນອົງພຣະຜູ້ເປັນເຈົ້າຈະບິນຂຶ້ນເໝືອນກັບນົກອິນຊີ. ນີ້ແມ່ນພາສາປຽບທຽບທີ່ໃຊ້ເພື່ອອະທິບາຍເຖິງອິດສະລະພາບແລະຄວາມແຂງແຮງທີ່ມາຈາກການໄວ້ວາງໃຈແລະເຊື່ອຟັງພຣະເຈົ້າ.</li><li>ໃນພຣະທໍາດານີເອນ, ຄວາມຍາວເສັ້ນຜົມຂອງກະສັດເນບູກາດເນັດຊາທຽບກັບຄວາມຍາວຂອງຂົນນົກອິນຊີ, ຊຶ່ງຍາວກວ່າ 50 ຊັງຕິແມດ.</li></ul>  
earth	<h2 id="section">@ໂລກ, @ກ່ຽວກັບໂລກ</h2><h3 id="section-1">ນິຍາມ</h3><p>ຄໍາວ່າ "ໂລກ" ເວົ້າເຖິງໂລກທີ່ມະນຸດອາໄສຢູ່, ຕະຫລອດທັງສິ່ງທີ່ມີຊີວິດທຸກຊະນິດ.</p><ul><li>"ໂລກ" ສາມາດເວົ້າເຖິງຜືນດິນຫລືດິນທີ່ປົກຄຸມແຜ່ນດິນ.</li><li>ຄໍານີ້ມັກໃຊ້ໃນການປຽບທຽບເພື່ອອ້າງເຖິງຄົນທີ່ອາໄສຢູ່ໃນແຜ່ນດິນ. (ເບິ່ງເພີ່ມເຕີມ: <a href="https://read.bibleineverylanguage.org/WA-Catalog/lo_tm?section=translate#figs-metonymy" target="_blank" data-is-rc-link="" data-repo="lo_tm" data-user="WA-Catalog" data-page="translate" data-topic="figs-metonymy" data-type="tm">figs-metonymy</a>)</li><li>ຄໍາກ່າວທີ່ວ່າ, "ໃຫ້ແຜ່ນດິນໂລກຍິນດີ" ແລະ "ພຣະອົງຈະຊົງພິພາກສາໂລກ" ເປັນຕົວຢ່າງຂອງການໃຊ້ທໍານອງປຽບທຽບຂອງຄໍາສັບນີ້.</li><li>ຄໍາວ່າ "ກ່ຽວກັບໂລກ" ມັກເວົ້າເຖິງສິ່ງທີ່ເປັນທາງຮ່າງກາຍທີ່ກົງກັນຂ້າມກັບບັນດາສິ່ງທີ່ເປັນທາງຈິດວິນຍານ.</li></ul><h3 id="section-2">ຄໍາແນະນໍາໃນການແປ</h3><ul><li>ຄໍານີ້ສາມາດແປໂດຍເປັນຄໍາຫລືເປັນຖ້ອຍຄໍາໃນພາສາທ້ອງຖິ່ນຫລືພາສາກາງທີ່ໃກ້ຄຽງ ໃຊ້ເພື່ອອ້າງເຖິງໂລກທີ່ເຮົາອາໄສຢູ່.</li><li>"earth" ອາດຈະແປວ່າ "ໂລກ" ຫລື "ແຜ່ນດິນ" ຫລື "ສິ່ງເປິະເປື້ອນ" ຫລື "ດິນ." ທັງນີ້ເພື່ອໃຫ້ຂຶ້ນກັບຄວາມໝາຍນັ້ນໆ</li><li>ເມື່ອໃຊ້ໃນການປຽບທຽບ, "earth" ອາດຈະແປວ່າ, "ຄົນເທິງແຜ່ນດິນໂລກ" ຫລື "ຜູ້ຄົນທີ່ອາໄສຢູ່ເທິງແຜ່ນດິນໂລກ" ຫລື "ທຸກຢ່າງເທິງແຜ່ນ ດິນໂລກ."</li><li>ວິທີການແປ "ກ່ຽວກັບໂລກ" ອາດຈະລວມເຖິງ, "ທາງຮ່າງກາຍ" ຫລື "ສິ່ງຕ່າງໆຂອງແຜ່ນດິນນີ້" ຫລື "ສິ່ງທີ່ເບິ່ງເຫັນໄດ້."</li></ul>  
eden	<h2 id="section">@ເອເດນ, @ສວນເອເດນ</h2><h3 id="section-1">ຂໍ້ເທັດຈິງ</h3><p>ໃນສະໄໝບູຮານ, ເອເດນເປັນພື້ນທີ່ທີ່ມີສວນພຣະເຈົ້າຊົງໃຫ້ຊາຍແລະຍິງຄູ່ທໍາອິດອາໄສຢູ່.</p><ul><li>ສວນທີ່ອາດາມແລະເອວາອາໄສຢູ່ເປັນພຽງສ່ວນໜຶຶ່ງຂອງເອເດນເທົ່ານັ້ນ.</li><li>ບ່ອນຢູ່ທີ່ແນ່ນອນຂອງບໍລິເວນເອເດນນັ້ນບໍ່ແນ່ນອນ, ແຕ່ວ່າແມ່ນໍ້າຕິກຣິດແລະແມ່ນເອີຟຣັດໄຫລຜ່ານທີ່ນີ້.</li><li>ຄໍາວ່າ "ເອເດນ" ມາຈາກຄໍາພາສາເຮັບເຣີທີ່ມີຄວາມໝາຍວ່າ "ນໍາມາຊຶ່ງຄວາມຊົມຊື່ນຍິນດີ."</li></ul>  
edom	<h2 id="section">@ເອໂດມ, @ຊາວເອໂດມ, @ອີດູເມຍ</h2><h3 id="section-1">ຂໍ້ເທັດຈິງ</h3><p>ເອໂດມແມ່ນອີກຊື່ໜຶ່ງຂອງເອຊາວ. ຜືນດິນທີ່ລາວອາໄສຢູ່ເປັນທີ່ຮູ້ຈັກກັນໃນຊື່ວ່າ "ເອໂດມ" ແລະພາຍຫລັງມາ, ໄດ້ເອີ້ນວ່າ "ອີດູເມຍ." "ຊາວເອໂດມ" ເປັນເຊື້ອສາຍຂອງເອຊາວ.</p><ul><li>ບ່ອນຢູ່ຂອງເອໂດມໄດ້ປ່ຽນໄປບ່ອນໃໝ່. ສ່ວນໃຫຍ່ແມ່ນຕັ້ງຢູ່ທາງພາກໃຕ້ຂອງອິດສະຣາເອນ ແລະຂະຫຍາຍເຂົ້າໄປທາງໃຕ້ຂອງຢູດາ.</li><li>ໃນສະໄໝພັນທະສັນຍາໃໝ່, ເອໂດມມີເນື້ອທີ່ກວມໄປທາງໃຕ້ຂອງແຂວງຢູດາ.  ຄັ້ງໜຶ່ງພວກກຣີກໄດ້ເອີ້ນເອໂດມວ່າ "ອີດູເມຍ."</li><li>ຊື່ເອໂດມໝາຍເຖິງ "ສີແດງ," ຊຶ່ງອ້າງເຖິງຄວາມຈິງທີ່ວ່າເອຊາວຖືກຫົ່ມດ້ວຍຂົນສີແດງຕອນທີ່ລາວເກີດໃໝ່.  ຫລືອາດຈະເວົ້າເຖິງຖົ່ວແດງຕົ້ມ ທີ່ເອຊາວໄດ້ປ່ຽນເອົາສິດທິອ້າຍກົກຂອງລາວ.</li><li>ໃນພັນທະສັນຍາເດີມ, ປະເທດເອໂດມໄດ້ຖືກເວົ້າເຖິງວ່າເປັນສັດຕູຂອງອິດສະຣາເອນ.</li><li>ພຣະທໍາໂອບາດີຢາໝົດທັງເຫລັ້ມເປັນເລື່ອງກ່ຽວກັບການທໍາລາຍເອໂດມ. ແລະຜູ້ປະກາດພຣະທໍາໃນພັນທະສັນຍາເດີມເຫລັ້ມອື່ນໆ ຍັງໄດ້ທໍານວາຍໃນທາງລົບຕໍ່ຕ້ານເອໂດມ.</li></ul>  
egypt	<h2 id="section">@ເອຢິບ, @ຊາວເອຢິບ</h2><h3 id="section-1">ຂໍ້ເທັດຈິງ</h3><p>ເອຢິບເປັນປະເທດໃນພາກຕາເວັນອອກສ່ຽງເໜືອຂອງທະວີບອາຟິກກາ, ທາງຕາເວັນຕົກສ່ຽງໃຕ້ຂອງແຜ່ນດິນການາອານ. ຄົນເອຢິບເປັນຄົນທີ່ມາຈາກປະເທດເອຢິບ.</p><ul><li>ໃນສະໄໝບູຮານ, ເອຢິບເປັນປະເທດມະຫາອໍານາດແລະຮັ່ງມີ.</li><li>ເອຢິບບູຮານແບ່ງອອກເປັນສອງພາກສ່ວນ, ເອຢິບສ່ວນລຸ່ມ(ທາງເໜືອເປັນບ່ອນທີ່ແມ່ນໍ້ານິນໄຫລລົງສູ່ທະເລ) ແລະເອຢິບສ່ວນເທິງ(ທາງໃຕ້). ໃນພັນທະສັນຍາເດີມ, ສ່ວນຕ່າງໆ ເຫລົ່ານີ້ຖືກເວົ້າເຖິງວ່າເປັນ "ເອຢິບ" ແລະ "ປັດໂຣດ" ໃນພາສາຕົ້ນສະບັບດັ້ງເດີມ.</li><li>ຫລາຍເທື່ອ ເມື່ອເກີດການອຶດອາຫານໃນການາອານ, ບັນພະບຸລຸດອິດສະຣາເອນໄດ້ເດີນທາງໄປປະເທດເອຢິບເພື່ອຊື້ອາຫານສໍາລັບຄອບຄົວຂອງເຂົາເຈົ້າ.</li><li>ເປັນເວລາຫລາຍຮ້ອຍປີ, ຄົນອິດສະຣາເອນຕົກເປັນທາດໃນເອຢິບ.</li><li>ໂຢເຊບກັບມາຣີອາ ໄດ້ໄປເອຢິບພ້ອມກັບພຣະກຸມມານເຢຊູ, ເພື່ອປົບໜີຈາກກະສັດເຮໂຣດ.</li></ul>  
ekron	<h2 id="section">@ເອກໂຣນ</h2><h3 id="section-1">ຂໍ້ເທັດຈິງ</h3><p>ເອກໂຣນເປັນເມືອງໃຫຍ່ຂອງຟິລິດສະຕິນ, ຊຶ່ງຢູ່ຫ່າງຈາກທະເລເມດີເເຕຣາເນປະມານ 14 ກິໂລແມັດ.</p><ul><li>ວິຫານຂອງພະທຽມບາອານ - ເຊບຸບ ຕັ້ງຢູ່ທີ່ເອກໂຣນ.</li><li>ເມື່ອຟີລິດສະຕິນໄດ້ຍຶດເອົາຫີບພັນທະສັນຍາ, ເຂົາເອົາໄປຍັງເມືອງອາສະໂດດ, ດ້ວຍສາເຫດນີ້ເອງພຣະເຈົ້າຈຶ່ງເຮັດໃຫ້ຫລາຍຄົນເຈັບປ່ວຍແລະຕາຍຢູ່ໃນເມືອງຕ່າງໆ ທີ່ຫີບພັນທະສັນຍາໄດ້ຍ້າຍໄປຕັ້ງຢູ່. ໃນທີ່ສຸດຄົນຟິລິດສະຕິນກໍສົ່ງຫີບພັນທະສັນຍາກັບຄືນໄປຍັງອິດສະຣາເອນ.</li><li>ເມື່ອກະສັດອາຮາຊີຢາຕົກຈາກຫລັງຄາພຣະຣາຊວັງຂອງເພິ່ນແລະໄດ້ຮັບບາດເຈັບ, ເພິ່ນໄດ້ເຮັດບາບດ້ວຍການປຶກສາຈາກພະບາອານ - ຊາບຸບ ແຫ່ງເອກໂຣນວ່າເພິ່ນຈະຕາຍຫລືບໍຈາກການບາດເຈັບຂອງເພິ່ນ. ຍ້ອນບາບນີ້ເອງ, ພຣະຢາເວໄດ້ກ່າວວ່າເພິ່ນຕ້ອງຕາຍແນ່ນອນ.</li></ul>  
elam	<h2 id="section">@ເອລາມ</h2><h3 id="section-1">ຂໍ້ເທັດຈິງ</h3><p>ເອລາມເປັນລູກຊາຍຂອງເຊມແລະເປັນຫລານຂອງໂນອາ.</p><ul><li>ເຊື້ອສາຍຂອງເອລາມເອີ້ນວ່າ "ເອລາມ" ແລະເຂົາເຈົ້າອາໄສຢູ່ໃນພື້ນທີ່ທີ່ເອີ້ນວ່າ "ເອລາມ."</li><li>ພື້ນທີ່ຂອງເອລາມຕັ້ງຢູ່ທາງຕາເວັນອອກສ່ຽງໃຕ້ຂອງແມ່ນໍ້າ ຕິກຣິດ, ປະຈຸບັນນີ້ແມ່ນທາງຕາເວັນຕົກຂອງປະເທດອີຫຣ່ານ.</li></ul>  
elder	<h2 id="section">@ຜູ້ອາວຸໂສ</h2><h3 id="section-1">ນິຍາມ</h3><p>ຜູ້ອາວຸໂສແມ່ນຊາຍທີ່ມີຄຸນນະສົມບັດສູງຝ່າຍຈິດວິນຍານຊຶ່ງມີໜ້າທີ່ໃນການເປັນຜູ້ນໍາທາງຝ່າຍຈິດວິນຍານແລະໃນທາງປະຕິບັດໃນບັນດາໄພ່ພົນຂອງພຣະເຈົ້າ.</p><ul><li>ຄໍາວ່າ "ຜູ້ອາວຸໂສ" ມາຈາກຄວາມຈິງທີ່ວ່າຜູ້ອາວຸໂສແມ່ນຄົນທີ່ມີອາຍຸຫລາຍ, ຍ້ອນວ່າອາຍຸແລະປະສົບການຂອງພວກເພິ່ນ, ພວກເພິ່ນຈຶ່ງມີສະຕິປັນຍາຫລາຍ.</li><li>ໃນພັນທະສັນຍາເດີມ, ຜູ້ອາວຸໂສໄດ້ຊ່ວຍນໍາຊາວອິດສະຣາເອນໃນເລື່ອງຄວາມຍຸດຕິທໍາໃນສັງຄົມແລະກົດໝາຍຂອງໂມເຊ.</li><li>ໃນພັນທະສັນຍາໃໝ່, ຜູ້ອາວຸໂສຊາວຢິວຍັງຄົງເປັນຜູ້ນໍາໃນກຸ່ມຊົນຂອງຕົນແລະເປັນຜູ້ພິພາກສາຕັດສິນສໍາລັບປະຊາຊົນ.</li><li>ໃນຄຣິສຕະຈັກສະໄໝຍຸກທໍາອິດ, ຄຣິສຕຽນອາວຸໂສມີຄວາມເປັນຜູ້ນໍາທາງຈິດວິນຍານແກ່ກຸ່ມຜູ້ທີ່ເຊື່ອຕາມທ້ອງຖິ່ນ.</li><li>ຜູ້ອາວຸໂສໃນຄຣິສຕະຈັກເຫລົ່ານີ້ ລວມທັງຊາຍໜຸ່ມທີ່ມີຄຸນນະສົມບັດທາງຝ່າຍວິນຍານ.</li><li>ຄໍານີ້ອາດຈະແປວ່າ "ຜູ້ສູງໄວ" ຫລື "ຜູ້ທີ່ຄຸນນະສົມບັດສູງຝ່າຍຈິດວິນຍານເປັນຜູ້ນໍາໃນຄຣິສຕະຈັກ."</li></ul>  
eleazar	<h2 id="section">@ເອເລອາຊາ</h2><h3 id="section-1">ຂໍ້ເທັດຈິງ</h3><p>ເອເລອາຊາແມ່່ນຊື່ຂອງຜູ້ຊາຍຫລາຍຄົນໃນພຣະຄໍາພີ.</p><ul><li>ເອເລອາຊາເປັນລູກຊາຍຄົນທີສາມຂອງອາໂຣນຜູ້ເປັນອ້າຍຂອງໂມເຊ. ຫລັງຈາກອາໂຣນຕາຍໄປແລ້ວ, ເອເລອາຊາກໍໄດ້ເປັນມະຫາປະໂຣຫິດໃນອິດສະຣາເອນ.</li><li>ເອເລອາຊາຍັງເປັນຊື່ຂອງ "ນັກຮົບຜູ້ເກັ່ງກ້າອາດຫານ." ຂອງດາວິດ</li><li>ເອເລອາຊາອີກຄົນໜຶ່ງ ເປັນໜຶ່ງໃນບັນພະບູລຸດຂອງພຣະເຢຊູ.</li></ul>  
elect	<h2 id="section">@ຜູ້ທີ່ຖືກເລືອກ, @ໄດ້ຖືກເລືອກ, @ປະຊາຊົນຜູ້ທີ່ຖືກເລືອກ,@ ຜູ້ທີ່ຖືກເລືອກ, @ຜູ້ທີ່ຖືກຄັດເລືອກ</h2><h3 id="section-1">ນິຍາມ</h3><p>ຄໍາວ່າ, "ຜູ້ທີ່ຖືກຄັດເລືອກ" ຕາມຕົວອັກສອນໝາຍເຖິງ "ຜູ້ທີ່ຖືກເລືອກ" ແລະເວົ້າເຖິງຄົນທັງຫລາຍທີ່ພຣະເຈົ້າໄດ້ແຕ່ງຕັ້ງໃຫ້ເປັນໄພ່ພົນຂອງພຣະອົງ. "ຜູ້ໄດ້ຖືກເລືອກ" ຫລື "ຜູ້ທີ່ຖືກເລືອກຂອງພຣະເຈົ້າ" ແມ່ນຄໍານໍາໜ້າຊື່ທີ່ເວົ້າເຖິງພຣະເຢຊູ, ຜູ້ທີ່ຖືກເລືອກເປັນພຣະເມຊີອາ.</p><ul><li>ຄໍາວ່າ "ຖືກເລືອກ" ໝາຍເຖິງເລືອກບາງສິ່ງຫລືບາງຄົນຫລືຕັດສິນໃຈບາງສິ່ງ. ຫລາຍເທື່ອມັກໃຊ້ເວົ້າເຖິງພຣະເຈົ້າທີ່ໄດ້ແຕ່ງຕັ້ງໄພ່ພົນໃຫ້ເປັນຂອງພຣະອົງແລະຮັບໃຊ້ພຣະອົງ.</li><li>ໄດ້ຮັບການຖືກ "ເລືອກ" ໝາຍຄວາມວ່າໄດ້ຮັບການຖືກ "ຄັດເລືອກ" ຫລື "ແຕ່ງຕັ້ງ" ເພື່ອເປັນຫລືເພື່ອເຮັດບາງສິ່ງ.</li><li>ພຣະເຈົ້າໄດ້ເລືອກປະຊາຊົນໃຫ້ບໍຣິສຸດ, ແຍກອອກໄວ້ຕ່າງຫາກໂດຍພຣະອົງ ເພື່ອຈຸດປະສົງໃຫ້ເກີດຜົນດີຝ່າຍວິນຍານ. ນັ້ນແມ່ນເຫດຜົນວ່າເປັນຫຍັງຄົນເຫລົ່ານັ້ນຈຶ່ງຖືກເອີ້ນວ່າ "ຜູ້ທີ່ໄດ້ຖືກເລືອກ" ຫລື "ຜູ້ທີ່ຖືກຄັດເລືອກ."</li><li>ຄໍາວ່າ "ຜູ້ທີ່ໄດ້ຮັບເລືອກ" ບາງເທື່ອໃຊ້ໃນພຣະຄໍາພີເພື່ອເວົ້າເຖິງຄົນສະເພາະບາງກຸ່ມເຊັ່ນ ໂມເຊ ແລະ ກະສັດາວິດ ຜູ້ທີ່ພຣະເຈົ້າໄດ້ແຕ່ງຕັ້ງໃຫ້ເປັນຜູ້ນໍາໄພ່ພົນຂອງພຣະອົງ. ແລະຍັງໃຊ້ເວົ້າເຖິງຊົນຊາດອິດສະຣາເອນວ່າເປັນໄພ່ພົນທີ່ພຣະເຈົ້າໄດ້ເລືອກ.</li><li>ຖ້ອຍຄໍາທີ່ວ່າ "ຜູ້ທີ່ຖືກຄັດເລືອກ" ເປັນຄໍາເວົ້າເກົ່າທີ່ມີຄວາມໝາຍຕາມຕົວອັກສອນວ່າ "ຜູ້ທີ່ໄດ້ຮັບເລືອກ" ຫລື "ໄພ່ພົນທີ່ໄດ້ຮັບການເລືອກ." ຖ້ອຍຄໍານີ້ໃນພາສາເດີມໃຊ້ກັບຈໍານວນສອງຄົນຂຶ້ນໄປເມື່ອເວົ້າເຖິງຜູ້ທີ່ມີຄວາມເຊື່ອໃນພຣະຄຣິດ.</li><li>ໃນພຣະຄໍາພີພາສາອັງກິດເຫລັ້ມເກົ່າ, ຄໍາວ່າ "ຄັດເລືອກ" ໃຊ້ທັງໃນພຣະຄໍາພີເດີມແລະພຣະຄໍາພີໃໝ່ທີ່ຈະແປວ່າ "ຜູ້ທີ່ໄດ້ຮັບເລືອກ" ພຣະຄໍາພີເຫລັ້ມສະໄໝໃໝ່ໃຊ້ຄໍາວ່າ "ຄັດເລືອກ" ໃນພັນທະສັນຍາໃໝ່ເທົ່ານັ້ນ, ທີ່ເວົ້າເຖິງໄພ່ພົນຜູ້ຊຶ່ງໄດ້ຮັບຄວາມພົ້ນໂດຍພຣະເຈົ້າຜ່ານທາງຄວາມເຊື່ອໃນພຣະເຢຊູ. ຕາມທີ່ເຫັນຫລາຍບ່ອນໃນພຣະຄໍາພີ, ໄດ້ແປຄໍານີ້ສ່ວນຫລາຍຈະແປຕາມຕົວອັກສອນວ່າ "ຜູ້ທີ່ໄດ້ຮັບເລືອກ."</li></ul><h3 id="section-2">ຄໍາແນະນໍາໃນການແປ</h3><ul><li>ເປັນການດີທີ່ສຸດຖ້າຫາກແປວ່າ "ຄັດເລືອກ" ດ້ວຍຄໍາຫລືຖ້ອຍຄໍາທີ່ໝາຍຄວາມວ່າ "ຜູ້ທີ່ໄດ້ຮັບເລືອກ" ຫລື "ໄພ່ພົນທີ່ໄດ້ຮັບເລືອກ." ທີ່ເວົ້າມານີ້ສາມາດແປໄດ້ອີກວ່າ "ໄພ່ພົນຜູ້ທີ່ພຣະເຈົ້າເລືອກ" ຫລື "ຜູ້ທີ່ພຣະເຈົ້າໄດ້ແຕ່ງຕັ້ງໃຫ້ເປັນໄພ່ພົນຂອງພຣະອົງ."</li><li>ຖ້ອຍຄໍາທີ່ວ່າ, "ຜູ້ທີ່ຖືກເລືອກ" ສາມາດແປໄດ້ອີກຢ່າງໜຶ່ງວ່າ "ຜູ້ທີ່ພຣະເຈົ້າໄດ້ແຕ່ງຕັ້ງ"  ຫລື "ຜູ້ທີ່ຖືກຄັດເລືອກ."</li><li>"ເຮົາເລືອກເຈົ້າ" ສາມາດແປໄດ້ວ່າ, "ເຮົາໄດ້ແຕ່ງຕັ້ງເຈົ້າ" ຫລື "ເຮົາຄັດເລືອກເຈົ້າ."</li><li>ໃນການເວົ້າເຖິງພຣະເຢຊູວ່າເປັນ, "ຜູ້ໄດ້ຮັບເລຶອກ" ສາມາດແປໄດ້ວ່າ, "ຜູ້ທີ່ໄດ້ຮັບເລືອກຂອງພຣະເຈົ້າ" ຫລື "ການແຕ່ງຕັ້ງພຣະເມຊີອາເປັນພິເສດຂອງພຣະເຈົ້າ" ຫລື "ຜູ້ທີ່ພຣະເຈົ້າໄດ້ແຕ່ງຕັ້ງ."</li></ul>  
eliakim	<h2 id="section">@ເອລີອາກິມ</h2><h3 id="section-1">ຂໍ້ເທັດຈິງ</h3><p>ເອລີອາກິມແມ່ນຊື່ຂອງຊາຍສອງຄົນໃນພັນທະສັນຍາເດີມ.</p><ul><li>ຊາຍຄົນໜຶ່ງຊື່ເອລີອາກິມເປັນຜູ້ຈັດການພາຍໃຕ້ກະສັດເຮເຊກີຢາ.</li><li>ຊາຍອີກຄົນໜຶ່ງຊື່ເອລີອາກິມເປັນລູກຊາຍຂອງກະສັດໂຢສີຢາ. ເພິ່ນເປັນກະສັດຂອງຢູດາ. ໂດຍ ເນໂກ ຟາໂຣ, ປະເທດເອຢິບ.</li><li>ເນໂກ ໄດ້ປ່ຽນຊື່ເອລີອາກິມເປັນເຢໂຮຍອາກິມ.</li></ul>  
elijah	<h2 id="section">@ເອລີຢາ</h2><h3 id="section-1">ຂໍ້ເທັດຈິງ</h3><p>ເອລີຢາເປັນຜູ້ປະກາດພຣະທໍາທີ່ສໍາຄັນທີ່ສຸດຄົນໜຶ່ງຂອງພຣະເຈົ້າຢາເວ. ເອລີຢາໄດ້ປະກາດພຣະທໍາໃນຊ່ວງຫລາຍສະໄໝຂອງກະສັດອິດສະຣາເອນຫລືຢູດາ, ລວມທັງກະສັດອາຮາບ.</p><ul><li>ພຣະເຈົ້າໄດ້ເຮັດການອັດສະຈັນຢ່າງຫລວງຫລາຍຜ່ານທາງເອລີຢາ, ລວມທັງການເຮັດໃຫ້ເດັກຊາຍຄົນໜຶ່ງທີ່ຕາຍແລ້ວກັບຄືນມາມີຊີວິດອີກ.</li><li>ເອລີຢາໄດ້ຕຳນິກະສັດອາຮາບທີ່ນະມັດສະການພະທຽມເທັດ ບາອານ.</li><li>ເພິ່ນໄດ້ທ້າທາຍຜູ້ປະກາດພຣະທຳຂອງພະບາອານໃຫ້ທົດສອບເພື່ອຈະພິສູດໃຫ້ເຫັນວ່າ ພຣະຜູ້ເປັນເຈົ້າເປັນພຣະເຈົ້າອົງດຽວເທົ່ານັ້ນ.</li><li>ໃນບັ້ນປາຍຊີວິດຂອງເອລີຢາ, ພຣະເຈົ້າໄດ້ຮັບເອົາເພິ່ນຂຶ້ນໄປສະຫວັນຢ່າງອັດສະຈັນໃນຂະນະທີ່ເພິ່ນຍັງມີຊີວິດຢູ່.</li><li>ຫລາຍຮ້ອຍປີຕໍ່ມາເອລີຢາ, ພ້ອມດ້ວຍໂມເຊ, ໄດ້ປາກົດຕົວພ້ອມກັບພຣະເຢຊູຢູ່ເທິງພູ ແລະພວກເພິ່ນໄດ້ໂອ້ລົມກັນກ່ຽວກັບຄວາມທຸກທໍລະມານແລະຄວາມຕາຍທີ່ຈະມາເຖິງພຣະເຢຊູໃນນະຄອນເຢຣູຊາເລັມ.</li></ul>  
elisha	<h2 id="section">@ເອລີຊາ</h2><h3 id="section-1">ຂໍ້ເທັດຈິງ</h3><p>ເອລີຊາເປັນຜູ້ປະກາດພຣະທຳໃນອິດສະຣາເອນໃນຫລາຍສະໄໝຂອງກະສັດອິດສະຣາເອນຊຶ່ງໄດ້ແກ່: ອາຮາບ, ອາຮາຊີຢາ,  ເຢໂຮຣາມ,  ເຢຮູ,  ເຢໂຮອາຮາດ, ແລະເຢໂຮອາດ.</p><ul><li>ພຣະເຈົ້າໄດ້ເວົ້າກັບຜູ້ປະກາດພຣະທຳເອລີຢາວ່າ ໃຫ້ເຈີມແຕ່ງຕັ້ງເອລີຊາເປັນຜູ້ປະກາດພຣະທຳ.</li><li>ເມື່ອເອລີຢາຖືກຮັບຂຶ້ນໄປສະຫວັນໂດຍລົດມ້າໄຟແລ້ວ, ເອລີຊາກໍໄດ້ເປັນຜູ້ປະກາດພຣະທໍາຂອງພຣະເຈົ້າທ່າມກາງບັນດາກະສັດອິດສະຣາເອນ.</li><li>ເອລີຊາໄດ້ເຮັດການອັດສະຈັນຫລາຍຢ່າງ, ລວມທັງການປິ່ນປົວຜູ້ຊາຍຄົນໜຶ່ງທີ່ເປັນຂີ້ທູດຈາກປະເທດຊີເຣຍໃຫ້ຫາຍດີ ແລະເຮັດໃຫ້ລູກຊາຍຂອງຍິງຄົນໜຶ່ງໃນເມືອງຊູເນມຄືນມາຈາກຕາຍ.</li></ul>  
elizabeth	<h2 id="section">@ເອລີຊາເບັດ</h2><h3 id="section-1">ຂໍ້ເທັດຈິງ</h3><p>ເອລີຊາເບັດເປັນແມ່ຂອງໂຢຮັນຜູ້ໃຫ້ບັບຕິສະມາ. ຜົວຂອງນາງຊື່ເຊຂາຣີຢາ.</p><ul><li>ເຊຂາຣີຢາແລະເອລີຊາເບັດບໍ່ເຄີຍມີລູກ, ແຕ່ເມື່ອທັງສອງເຖົ້າແກ່ແລ້ວ, ພຣະເຈົ້າໄດ້ສັນຍາກັບເຊຂາຣີຢາວ່າເອລີຊາເບັດຈະເກີດລູກຊາຍຄົນໜຶ່ງ.</li><li>ພຣະເຈົ້າໄດ້ຮັກສາຄໍາສັນຍາຂອງພຣະອົງ, ແລະອີກບໍ່ດົນເຊຂາຣີຢາແລະເອລີຊາເບັດກໍຈະມີລູກຊາຍ, ແລະນາງຈະໄດ້ຕັ້ງທ້ອງ. ແລະໃຫ້ຊື່ເດັກນ້ອຍນັ້ນວ່າໂຢຮັນ.</li><li>ເອລີຊາເບັດເປັນພີ່ນ້ອງກັນກັບມາຣີອາ, ແມ່ຂອງພຣະເຢຊູ.</li></ul>  
encourage	<h2 id="section">@ໃຫ້ກໍາລັງໃຈ, @ການໃຫ້ກໍາລັງໃຈ</h2><h3 id="section-1">ນິຍາມ</h3><p>ຄໍາວ່າ "ໃຫ້ກໍາລັງໃຈແລະການໃຫ້ກໍາລັງໃຈ" ເວົ້າເຖິງການເວົ້າແລະການເຮັດໃນສິ່ງທີ່ຈະເຮັດໃຫ້ບາງຄົນມີຄວາມສະບາຍໃຈ, ຄວາມຫວັງ,  ຄວາມໝັ້ນໃຈ, ແລະຄວາມກ້າຫານ.</p><ul><li>ຄໍາທີ່ຄ້າຍກັນແມ່ນ "ໃຫ້ຄໍາແນະນໍາ," ຊຶ່ງໝາຍຄວາມວ່າເພື່ອກະຕຸ້ນໃຫ້ບາງຄົນປະຕິເສດການເຮັດໃນສິ່ງທີ່ບໍ່ຖືກຕ້ອງ ແລະເພື່ອໃຫ້ເຮັດສິ່ງທີ່ດີແລະຖືກຕ້ອງ.</li><li>ອັກຄະສາວົກໂປໂລຜູ້ຂຽນພັນທະສັນຍາໃໝ່ໄດ້ສອນຄຣິສຕຽນໃຫ້ກໍາລັງໃຈຊຶ່ງກັນແລະກັນ ຮັກແລະຮັບໃຊ້ຜູ້ອື່ນ.</li></ul><h3 id="section-2">ຄໍາແນະນໍາໃນການແປ</h3><ul><li>ວິທີການແປ "ໜູນໃຈ" ອາດຈະລວມເຖິງ, "ກະຕຸ້ນ" ຫລື "ຊູໃຈ" ຫລື "ເວົ້າດ້ວຍຄວາມເມດຕາ" ຫລື "ຊ່ວຍເຫລືອແລະສະໜັບສະໜູນ." ທັງນີ້ແມ່ນຂຶ້ນກັບກໍລະນີນັ້ນໆ</li><li>ຖ້ອຍຄໍາທີ່ວ່າ, "ເວົ້າໃຫ້ກໍາລັງໃຈ" ໝາຍເຖິງ, "ເວົ້າສິ່ງທີ່ເຮັດໃຫ້ຄົນອື່ນຮູ້ສຶກຮັກ, ໄດ້ຮັບການຍອມຮັບ, ແລະມີພະລັງ."</li></ul>  
endure	<h2 id="section">@ອົດທົນ, @ທົນ, @ຄວາມອົດທົນ</h2><h3 id="section-1">ນິຍາມ</h3><p>ຄໍາວ່າ "ອົດທົນ" ໝາຍເຖິງການໃຊ້ເວລາຍາວນານຫລືແບກພາລະສິ່ງທີ່ຍາກລໍາບາກດ້ວຍຄວາມອົດທົນ.</p><ul><li>ນອກຈາກນີ້ຍັງໝາຍເຖິງການຢືດໝັ້ນເມື່ອເວລາຂອງການທົດລອງມາເຖິງໂດຍບໍ່ລົ້ມເລີກ.</li><li>ຄໍາວ່າ "ການອົດທົນ" ອາດຈະໝາຍເຖິງ "ຄວາມອົດທົນ," "ໃນການແບກພາລະພາຍໃຕ້ຖືກການທົດລອງ," ຫລື "ບໍ່ທໍ້ຖອຍເມື່ອຖືກຂົ່ມເຫງ."</li><li>ການໃຫ້ກໍາລັງໃຈແກ່ບັນດາຄຣິສຕຽນເພື່ອໃຫ້ "ອົດທົນຈົນເຖິງທີ່ສຸດ" ຄືການບອກໃຫ້ເຂົາເຈົ້າເຊື່ອຟັງພຣະເຢຊູ, ເຖິງແມ່ນຈະເປັນເຫດໃຫ້ເຂົາເຈົ້າມີຄວາມທຸກຍາກລໍາບາກກໍຕາມ.</li><li>"ທົນທຸກທໍລະມານ" ຍັງໝາຍເຖິງ "ພົບກັບຄວາມທຸກຍາກ."</li></ul><h3 id="section-2">ຄໍາແນະນໍາໃນການແປ</h3><ul><li>ວິທີການແປຄໍາວ່າ "ອົດທົນ" ອາດຈະລວມເຖິງ, "ອົດກັ້ນ" ຫລື "ຮັກສາຄວາມເຊື່ອ" ຫລື "ເຮັດສິ່ງທີ່ພຣະເຈົ້າຕ້ອງການໃຫ້ເຈົ້າເຮັດຕໍ່ໄປ" ຫລື "ຢຶດໜັ້ນ."</li><li>ໃນບາງກໍລະນີ, "ອົດທົນ" ອາດຈະແປວ່າ, "ປະສົບການ" ຫລື "ຜ່ານໄປ."</li><li>ດ້ວຍຄວາມໝາຍທີ່ໃຊ້ກັນມາເປັນເວລາດົນນານ, ຄໍາວ່າ "ອົດທົນ" ອາດຈະແປເປັນ "ທົນທານ" ຫລື "ເຮັດຕໍ່ໄປ" ຄໍາເວົ້າທີ່ວ່າ, "ຈະບໍ່ອົດທົນ" ສາມາດແປໄດ້ວ່າ, "ຈະບໍ່ທົນທານ" ຫລື "ຈະບໍ່ເຮັດອີກ."</li><li>ວິທີການແປຄໍາວ່າ "ຄວາມອົດທົນ" ອາດຈະລວມເຖິງ, "ຄວາມອົດກັ້ນ" ຫລື "ເຊື່ອຕໍ່ໄປ"  ຫລື "ຍັງຄົງສັດຊື່."</li></ul>  
engedi	<h2 id="section">@ເອນເກດີ</h2><h3 id="section-1">ຂໍ້ເທັດຈິງ</h3><p>ເອນເກດີເປັນຊື່ຂອງເມືອງທີ່ຢູ່ໃນຖິ່ນແຫ້ງແລ້ງກັນດານທາງຕາເວັນອອກສ່ຽງເໜືອຂອງນະຄອນເຢຣູຊາເລັມ.</p><ul><li>ເອນເກດີຕັ້ງຢູ່ທາງຝັ່ງຕາເວັນຕົກຂອງທະເລເກືອ.</li><li>ພາກສ່ວນໜຶ່ງຂອງຊື່ໝາຍເຖິງ "ນໍ້າພຸ," ອ້າງເຖິງນໍ້າພຸທີ່ໄຫລລົງມາຈາກເມືອງໄປສູ່ທະເລ.</li><li>ເອນເກດີເປັນທີ່່ຮູ້ຈັກດີເພາະວ່າມີໄຮ່ອະງຸ່ນທີ່ສວຍງາມແລະດິນທີ່ອຸດົມສົມບູນ, ຊຶ່ງອາດຈະເປັນຍ້ອນວ່ານໍ້າໄດ້ຫົດດິນຕອນນັ້ນຢ່າງຕໍ່ເນື່ອງໂດຍນໍ້າພຸນັ້ນ.</li><li>ມີທີ່ໝັ້ນໃນເອນເກດີຊຶ່ງດາວິດໄດ້ໜີໄປລີ້ຢູ່ເມື່ອລາວຖືກກະສັດໂຊນຕິດຕາມໄລ່ລ້າ.</li></ul>  
enoch	<h2 id="section">@ເອໂນດ</h2><h3 id="section-1">ຂໍ້ເທັດຈິງ</h3><p>ເອໂນດແມ່ນຊື່ຂອງຊາຍສອງຄົນໃນພັນທະສັນຍາເດີມ.</p><ul><li>ຊາຍຄົນໜຶ່ງຊື່ເອໂນດໄດ້ສືບເຊື້ອສາຍມາຈາກເຊດ ລາວເປັນປູ່ທວດຂອງໂນອາ.</li><li>ເອໂນດເປັນຄົນທີ່ມີຄວາມໃກ້ຊິດກັບພຣະເຈົ້າ ແລະເມື່ອລາວອາຍຸໄດ້ 365 ປີ, ພຣະເຈົ້າໄດ້ຮັບລາວຂຶ້ນສະຫວັນໂດຍທີ່ບໍ່ຕ້ອງຜ່ານຄວາມຕາຍ.</li><li>ຜູ້ຊາຍອີກຄົນໜຶ່ງທີ່ຊື່ເອໂນດຊຶ່ງເປັນລູກຊາຍຂອງກາອິນ.</li></ul>  
enslave	<h2 id="section">@ເຮັດໃຫ້ເປັນທາດ, @ເປັນເໝືອນທາດ</h2><h3 id="section-1">ນິຍາມ</h3><p>"ເຮັດໃຫ້ເປັນທາດ" ການເຮັດໃຫ້ບາງຄົນເປັນທາດໝາຍເຖິງການບັງຄັບໃຫ້ຄົນນັ້ນຮັບໃຊ້ເຈົ້ານາຍຫລືປະເທດທີ່ປົກຄອງ. ການ "ເຮັດໃຫ້ເປັນທາດ" ຫລື "ເປັນເໝືອນທາດ" ໝາຍເຖິງຢູ່ພາຍໃຕ້ການຄວບຄຸມຂອງບາງສິ່ງຫລືບາງຄົນ.</p><ul><li>ຄົນທີ່ຖືກເຮັດໃຫ້ເປັນທາດຫລືເປັນເໝືອນທາດ ຕ້ອງຮັບໃຊ້ຜູ້ອື່ນໂດຍບໍ່ໄດ້ຮັບຄ່າຈ້າງ; ລາວບໍ່ສາມາດເຮັດໄດ້ໃນສິ່ງທີ່ລາວຢາກເຮັດ.</li><li>ການ "ເຮັດຄົນເປັນທາດ" ຍັງໝາຍເຖິງການຈໍາກັດອິດສະລະພາບຂອງຄົນໆນັ້ນດ້ວຍ.</li><li>ມີອີກຄໍາໜຶ່ງສໍາລັບ "ເປັນເໝືອນທາດ" ແມ່່ນ "ຖານະຂອງຄວາມເປັນທາດ."</li><li>ເວົ້າໃນທາງປຽບທຽບວ່າ, ມະນຸດ "ຖືກເຮັດໃຫ້ເປັນທາດ" ຂອງບາບຈົນກວ່າພຣະເຢຊູຈະຊ່ວຍປົດປ່ອຍໃຫ້ພົ້ນຈາກການຖືກຄວບຄຸມແລະອໍານາດຂອງມັນ.</li><li>ເມື່ອຄົນໆໜຶ່ງໄດ້ຮັບຊີວິດໃໝ່ໃນພຣະຄຣິດ, ລາວກໍໝົດການເປັນທາດຂອງຄວາມບາບແລະຈະກາຍເປັນຄົນຊອບທໍາ.</li></ul><h3 id="section-2">ຄໍາແນະນໍາໃນການແປ</h3><ul><li>ຄໍາວ່າ "ເຮັດໃຫ້ເປັນທາດ" ອາດຈະແປໄດ້ວ່າ "ເຮັດໃຫ້ບໍ່ມີອິດ ສະລະ" ຫລື "ບັງຄັບໃຫ້ຮັບໃຊ້ຄົນອື່ນ" ຫລື "ຕົກຢູ່ພາຍໃຕ້ການຄວບຄຸມຂອງຄົນອື່ນ."</li><li>ຖ້ອຍຄໍາທີ່ວ່າ "ເຮັດໃຫ້ເປັນທາດຂອງ" ຫລື "ເປັນເໝືອນທາດຂອງ" ອາດຈະແປວ່າ "ຖືກບັງຄັບໃຫ້ເປັນທາດຂອງ"  ຫລື "ຖືກບັງຄັບໃຫ້ຮັບໃຊ້" ຫລື "ຢູ່ພາຍໃຕ້ການຄວບຄຸມຂອງ."</li></ul>  
envy	<h2 id="section">@ອິດສາ, @ໂລບ</h2><h3 id="section-1">ນິຍາມ</h3><p>ຄໍາວ່າ "ອິດສາ" ເວົ້າເຖິງຄວາມອິດສາບາງຄົນເພາະຄົນນັ້ນມີຊັບສິນ ຫລືຄົນນັ້ນມີຄຸນນະສົມບັດທີ່ໜ້າຊົມເຊີຍ. ຄໍາວ່າ "ໂລບ" ໝາຍເຖິງການອິດສາບາງຄົນທີ່ນໍາໄປສູ່ຄວາມຢາກໄດ້ຢ່າງຮຸນແຮງ ທີ່ຢາກໄດ້ຂອງຄົນອື່ນມາເປັນຂອງຕົນເອງ.</p><ul><li>ຄວາມອິດສາມັກຈະເປັນຄວາມຮູ້ສຶກທາງລົບຂອງຄວາມບໍ່ພໍໃຈຍ້ອນວ່າຄວາມສໍາເລັດ, ໂຊກດີ,  ໃນຊັບສິນຂອງຄົນອື່ນ.</li><li>ຄວາມໂລບແມ່ນຄວາມປາຖະໜາຢ່າງແຮງກ້າທີ່ຈະເອົາຊັບສິນຂອງຄົນອື່ນ, ຫລືແມ່ນແຕ່ຄູ່ແຕ່ງງານ, ຂອງຄົນອື່່ນ.</li></ul>  
ephesus	<h2 id="section">@ເອເຟໂຊ</h2><h3 id="section-1">ຂໍ້ເທັດຈິງ</h3><p>ເມືອງເອເຟໂຊເປັນເມືອງກຣີກບູຮານທີ່ຕັ້ງຢູ່ທາງຝັ່ງຕາເວັນຕົກຊຶ່ງປະຈຸບັນແມ່ນປະເທດຕູລະກີ.</p><ul><li>ໃນຍຸກສະໄໝເລີ່ມຕົ້ນຂອງຄຣິສຕຽນ, ເອເຟໂຊເປັນເມືອງຫລວງຂອງເອເຊຍຊຶ່ງເປັນແຂວງນ້ອຍໆ, ຂອງຊາວໂຣມັນໃນເວລານັ້ນ.</li><li>ເພາະສະຖານທີ່ຕັ້ງຂອງເມືອງ, ເມືອງນີ້ຈຶ່ງເປັນສູນກາງການຄ້າຂາຍແລະທ່ອງທ່ຽວທີ່ສໍາຄັນ.</li><li>ວິຫານຂອງຄົນຕ່າງຊາດທີ່ຮູ້ຈັກກັນດີສໍາລັບການນະມັດສະການ ພະອາເຕມິດ(ໄດອານາ) ຕັ້ງຢູ່ໃນເມືອງເອເຟໂຊ.</li><li>ໂປໂລໄດ້ອາໄສແລະເຮັດງານຢູ່ໃນເມືອງເອເຟໂຊຫລາຍກວ່າສອງປີ ແລະພາຍຫລັງຈຶ່ງໄດ້ແຕ່ງຕັ້ງຕີໂມທຽວເພື່ອນໍາພາຜູ້ເຊື່ອໃໝ່ຢູ່ທີ່ນັ້ນ.</li><li>ພຣະທໍາເອເຟໂຊໃນພັນທະສັນຍາໃໝ່ແມ່ນຈົດໝາຍທີ່ໂປໂລໄດ້ຂຽນໄປເຖິງບັນດາຜູ້ທີ່ເຊື່ອໃນເມືອງເອເຟໂຊ.</li></ul>  
ephod	<h2 id="section">@ເອໂຟດ</h2><h3 id="section-1">ນິຍາມ</h3><p>ເອໂຟດແມ່ນເສື້ອຄຸມທີ່ຄືກັບຜ້າກັນເປື້ອນນຸ່ງຫົ່ມໂດຍບັນດາປະໂຣຫິດອິດສະຣາເອນ. ຊຶ່ງມີສອງດ້ານ, ທາງໜ້າແລະທາງຫລັງ, ທີ່ຕໍ່ເຂົ້າກັນບ່ອນບ່າໄຫລ່ແລະຜູກຮອບແອວດ້ວຍເຂັມຂັດຜ້າ.</p><ul><li>ເອໂຟດອີກຊະນິດໜຶ່ງທີ່ເຮັດຈາກຜ້າລີເນນທໍາມະດາແລະນຸ່ງຫົ່ມໂດຍປະໂຣຫິດທົ່ວໄປ.</li><li>ເອໂຟດທີ່ມະຫາປະໂຣຫິດນຸ່ງຫົ່ມໄດ້ຖືກຖັກເປັນພິເສດດ້ວຍເສັ້ນດ້າຍສີຄໍາ, ສີຟ້າ, ສີມ່ວງ, ແລະສີແດງ.</li><li>ສ່ວນບ່ອນທີ່ປົກເອິກຂອງປະໂຣຫິດທີ່ຢູ່ທາງໜ້າເອໂຟດ. ທາງຫລັງທີ່ປົກເອິກຈະເປັນບ່ອນໃສ່ອຸຣິມແລະທຸມມິມ, ຊຶ່ງເປັນຫີນທີ່ໃຊ້ໃນການຖາມພຣະເຈົ້າວ່າ ພຣະອົງມີພຣະປະສົງໃນເລື່ອງໃດເລື່ອງໜຶ່ງໂດຍສະເພາະ.</li><li>ຜູ້ປົກຄອງກີເດໂອນໄດ້ເຮັດເອໂຟດດ້ວຍຄໍາດ້ວຍຄວາມໂງ່ຈ້າແລະມັນໄດ້ກາຍເປັນສິ່ງທີ່ຄົນອິດສະຣາເອນພາກັນນະມັດສະການເໝືອນກັບຮູບເຄົາຣົບ.</li></ul>  
ephraim	<h2 id="section">@ເອຟຣາອິມ</h2><h3 id="section-1">ຂໍ້ເທັດຈິງ</h3><p>ເອຟຣາອິມເປັນລູກຊາຍຄົນໜຶ່ງຂອງໂຢເຊບ. ເຊື້ອສາຍຂອງລາວ, ແມ່ນເຜົ່າເອຟຣາອິມ, ແລະເປັນໜຶ່ງໃນສິບສອງເຜົ່າຂອງອິດສະຣາເອນ.</p><ul><li>ເຜົ່າເອຟຣາອິມເປັນໜຶ່ງໃນສິບສອງເຜົ່າຊຶ່ງຕັ້ງຢູ່ທາງພາກເໜືອຂອງອິດສະຣາເອນ.</li><li>ລາງເທື່ອຊື່ເອຟຣາອິມຈະຖືກໃຊ້ໃນພຣະຄໍາພີເພື່ອອ້າງເຖິງອານາຈັກທາງພາກເໜືອຂອງອິດສະຣາເອນ.  (ເບິ່ງເພີ່ມເຕີມ: [synecdoche](<a href="https://git.door43.org/Door43/en-ta-translate-vol2/src/master/content/figs">https://git.door43.org/Door43/en-ta-translate-vol2/src/master/content/figs</a> _synecdo che.md))</li><li>ຈະເຫັນໄດ້ຢ່າງແຈ່ມແຈ້ງວ່າເອຟຣາອິມເປັນພື້ນທີ່ຊຶ່ງເປັນພູ ຫລືຈ້າຍພູ, ດ້ວຍເຫດນີ້ຈຶ່ງເອີ້ນວ່າ "ພູແຫ່ງເອຟຣາອິມ" ຫລື "ເນີນພູເອຟຣາອິມ."</li></ul>  
ephrathah	<h2 id="section">@ເອຟຣາທາ, @ຄົນເອຟຣາທາ</h2><h3 id="section-1">ຂໍ້ເທັດຈິງ</h3><p>ເອຟຣາທາແມ່ນຊື່ຂອງເມືອງແລະແຂວງທາງພາກເໜືອຂອງອິດສະຣາເອນ. ໃນເວລາຕໍ່ມາເມືອງເອຟຣາທາໄດ້ຖືກເອີ້ນວ່າ "ເບັດເລເຮັມ" ຫລື "ເອຟຣາທາ-ເບດເລເຮັມ."</p><ul><li>ເອຟຣາທາແມ່ນຊື່ລູກຊາຍຄົນໜຶ່ງຂອງກາເຫລັບ ເມືອງເອຟຣາທາອາດຈະໄດ້ຊື່ຕາມຊື່ຂອງລາວ.</li><li>ຄົນທີ່ມາຈາກເມືອງເອຟຣາທາຖືກເອີ້ນວ່າ "ຄົນເອຟຣາທາ."</li><li>ໂບອາດ, ປູ່ທວດຂອງດາວິດ, ເປັນຄົນເອຟຣາທາ.</li></ul>  
esau	<h2 id="section">@ເອຊາວ</h2><h3 id="section-1">ຂໍ້ເທັດຈິງ</h3><p>ເອຊາວ ເປັນລູກຝາແຝດຄົນໜຶ່ງຂອງອີຊາກກັບເຣເບກາ. ລາວເປັນລູກທີ່ເກີດກ່ອນ. ນ້ອງຊາຍຝາແຝດຂອງລາວຊື່ຢາໂຄບ.</p><ul><li>ເອຊາວຂາຍສິດລູກກົກໃຫ້ຢາໂຄບຜູ້ເປັນນ້ອງຊາຍເພື່ອ ປ່ຽນກັບແກງໝາກຖົ່ວແດງພຽງຖ້ວຍດຽວ.</li><li>ເພາະວ່າເອຊາວເປັນລູກກົກ, ອີຊາກພໍ່ຂອງລາວຕັ້ງຄວາມຫວັງໄວ້ວ່າຈະອວຍພອນໃຫ້ລາວເປັນພິເສດ. ແຕ່ຢາໂຄບໄດ້ຫລອກລວງອີຊາກ ໃຫ້ຜູ້ເປັນພໍ່ອວຍພອນຕົນເອງແທນ. ຕອນທຳອິດເອຊາວຄຽດຮ້າຍຫລາຍເອຊາວຢາກຂ້າຢາໂຄບ, ແຕ່ພາຍຫລັງມາເອຊາວໄດ້ໃຫ້ອະໄພແກ່ຢາໂຄບ.</li><li>ເອຊາວມີລູກຫລານຢ່າງຫລວງຫລາຍ, ແລະລູກຫລານເຫລົ່ານັ້ນໄດ້ລວມກັນເຂົ້າເປັນປະຊາຊົນກຸ່ມໃຫຍ່ທີ່ອາໄສຢູ່ໃນແຜ່ນດິນການາອານ.</li></ul>  
esther	<h2 id="section">@ເອສະເທີ</h2><h3 id="section-1">ຂໍ້ເທັດຈິງ</h3><p>ເອສະເທີເປັນຍິງຊາວຢິວທີ່ໄດ້ເປັນຣາຊິນີແຫ່ງຣາຊອານາຈັກເປີເຊຍ ໃນຊ່ວງເວລາທີ່ພວກຢິວຖືກກວາດຕ້ອນໄປເປັນຊະເລີຍໃນປະເທດບາບີໂລນ.</p><ul><li>ພຣະທຳເອສະເທີໄດ້ເລົ່າເລື່ອງລາວຂອງເອສະເທີທີ່ນາງໄດ້ກາຍເປັນຣາຊິນີຂອງເຊເຊັດກະສັດເປີເຊຍ ແລະວິທີທີ່ພຣະເຈົ້າໄດ້ໃຊ້ນາງໃຫ້ຊ່ວຍປະຊາຊົນຂອງນາງ.</li><li>ເອສະເທີເປັນລູກກຳພ້າທີ່ມໍເດໄກຊຶ່ງເປັນພີ່ນ້ອງຜູ້ສູງອາຍຸທີ່ມີຄວາມເຊື່ອໃນພຣະເຈົ້າ, ໄດ້ເອົາມາລ້ຽງ.</li><li>ຍ້ອນວ່ານາງເຊື່ອຟັງມໍເດໄກພໍ່ລ້ຽງຂອງນາງຈຶ່ງຊ່ວຍໃຫ້ນາງມີຄວາມເຊື່ອໃນພຣະເຈົ້າ.</li><li>ເອສະເທີໄດ້ເຊື່ອຟັງພຣະເຈົ້າແລະໄດ້ສ່ຽງຊີວິດເພື່ອຊ່ວຍພວກຢິວ, ທີ່ເປັນຊົນຊາດຂອງນາງ.</li><li>ເລື່ອງລາວຂອງເອສະເທີ ຊີ້ໃຫ້ເຫັນເຖິງການຄຸ້ມຄອງຂອງພຣະເຈົ້າທີ່ຢູ່ເໜືອເຫດການໃນປະຫວັດສາດ, ໂດຍສະເພາະແລ້ວ ແມ່ນວິທີທີ່ພຣະອົງປົກຄອງໄພ່ພົນຂອງພຣະອົງແລະໄດ້ທຳງານຜ່ານຜູ້ທີ່ເຊື່ອຟັງພຣະອົງ.</li></ul>  
eternity	<h2 id="section">@ນິຣັນດອນ, @ນິຣັນການ, @ເປັນນິດ,@ ນິດນິຣັນ</h2><h3 id="section-1">ນິຍາມ</h3><p>ຄຳວ່າ "ນິຣັນດອນ" ແລະ "ນິດນິຣັນ" ມີຄວາມໝາຍທີ່ໃກ້ຄຽງກັນຫລາຍແລະໄດ້ບົ່ງບອກເຖິງບາງສິ່ງທີ່ຍັງຄົງມີຢູ່ ຫລືຄົງເປັນຢູ່ຕະຫລອດໄປ.</p><ul><li>ຄຳວ່າ "ນິດນິຣັນ" ໄດ້ບອກເຖິງສະພາບການມີຢູ(ເປັນຢູ່)ທີ່ບໍ່ມີຈຸດເລີ້ມຕົ້ນຫລືຈຸດສິ້ນສຸດ. ຄໍານີ້ຍັງສາມາດເວົ້າເຖິງຊີວິດທີ່ບໍ່ມີວັນສິ້ນສຸດອີກດ້ວຍ.</li><li>ຫລັງຈາກສິ້ນຊີວິດຈາກໂລກນີ້ແລ້ວ, ມະນຸດຈະມີຊີວິດອັນບໍ່ມີທີ່ສິ້ນສຸດຕໍ່ໄປກັບພຣະເຈົ້າໃນແຜ່ນດິນສະຫວັນ ຫລືຢູ່ໃນນາລົກໂດຍທີ່ບໍ່ມີພຣະເຈົ້າ.</li><li>ຄໍາວ່າ "ຊີວິດອັນຕະຫລອດໄປເປັນນິດ" ຫລື "ຊີວິດນິຣັນ" ຖືກໃຊ້ໃນພຣະຄໍາພີໃໝ່ ເພື່ອບອກເຖິງການມີຊີວິດຢູ່ຕະຫລອດໄປເປັນນິດກັບພຣະເຈົ້າໃນແຜ່ນດິນສະຫວັນ.</li><li>ຖ້ອຍຄໍາທີ່ວ່າ "ຕະຫລອດໄປເປັນນິດ" ແມ່ນຄວາມຄິດເລື່ອງຂອງເວລາທີ່ບໍ່ມີມື້ສິ້ນສຸດແລະສະແດງເຖິງຄວາມເປັນນິຣັນຫລືຕະຫລອດໄປເປັນນິດນັ້ນເປັນຢ່າງໃດ.</li></ul><h3 id="section-2">ຄໍາແນະນໍາໃນການແປ</h3><ul><li>ອີກວິທີໜຶ່ງໃນການແປວ່າ "ອັນຕະຫລອດໄປ"  ຫລື "ຕະຫລອດໄປ" ສາມາດລວມກັບຄໍາວ່າ "ບໍ່ມີສິ້ນສຸດ" ຫລື "ບໍ່ເຊົາ" ຫລື "ຍັງ ດໍາເນີນຕໍ່ໄປ."</li><li>ຄໍາວ່າ "ຊີວິດອັນຕະຫລອດໄປເປັນນິດ" ແລະ "ຊີວິດນິລັນ" ສາມາດແປໄດ້ອີກວ່າ "ຊີວິດທີ່ບໍ່ມີສິ້ນສຸດ" ຫລື "ຊີວິດທີ່ມີຢູ່ຕະຫລອດໄປບໍ່ຢຸດ"  ຫລື "ການເປັນຄືນມາຈາກຕາຍແລະມີຊີວິດອີກຕະຫລອດໄປ"</li><li>ວິທີການແປທີ່ແຕກຕ່າງ ຄໍາວ່າ "ຕະຫລອດໄປ" ສາມາດລວມໄປເຖິງຄໍາວ່າ "ການເປັນຢູ່ເໜືອເວລາ" ຫລື "ຊີວິດທີ່ບໍ່ມີຈຸດຈົບ" ຫລື "ຊີວິດໃນແຜ່ນດິນສະຫວັນ" ທັງນີ້ແມ່ນຂຶ້ນຢູ່ກັບກໍລະນີ  ນັ້ນໆ.</li><li>ທັງນີ້ຄວນພິຈາລະນາວ່າຄໍານີ້ ຄວນແປວ່າຢ່າງໃດໃນພຣະຄໍາພີສະບັບທ້ອງຖິ່ນ ຫລືພາສາກາງ.</li></ul>  
ethiopia	<h2 id="section">@ເອທິໂອເປຍ, @ຊາວເອທິໂອເປຍ</h2><h3 id="section-1">ຂໍ້ເທັດຈິງ</h3><p>ເອທິໂອເປຍ ເປັນປະເທດໃນອາຟິກກາ ຕັ້ງຢູ່ທາງພາກໃຕ້ຂອງປະເທດເອຢິບ, ມີແມ່ນໍ້ານິນເປັນເຂດແດນທາງຕາາເວັນຕົກ ແລະທະເລແດງຢູ່ທາງທິດຕາເວັນອອກ. ຄົນທີ່ມາຈາກເອທິໂອເປຍເອີ້ນວ່າ "ຊາວເອທິໂອເປຍ."</p><ul><li>ເອທິໂອເປຍບູຮານຕັ້ງຢູ່ທາງໃຕ້ຂອງປະເທດເອຢິບ ແລະລວມໄປເຖິງດິນແດນທີ່ເປັນສ່ວນໜຶ່ງຂອງຫລາຍປະເທດຂອງອາຟິກກາເຊັ່ນ ຊູດານ,  ເອທິໂອເປຍປະຈຸບັນ, ໂໍຊມາເລຍ,  ເຄນຢາ,  ຢູການດາ,  ສາທາລະນະລັດອາຟິກກາກາງ, ແລະ ຊາດ.</li><li>ໃນພຣະຄໍາພີ, ເອທິໂອເປຍ ລາງເທື່ອຖືກເອີ້ນວ່າ "ຄູດ" ຫລື "ນູເບຍ."</li><li>ປະເທດເອທິໂອເປຍ(ຄູດ) ແລະເອຢິບ ມັກຈະຖືກເອີ້ນລວມ ກັນໃນພຣະຄໍາພີ, ລາງເທື່ອອາດຈະເປັນເພາະວ່າປະເທດທັງສອງຢູ່ຕິດກັນ ແລະປະຊາຊົນຂອງທັງສອງປະເທດອາດຈະມີບັນພະບູລຸດດຽວກັນ.</li><li>ພຣະເຈົ້າຊົງໄດ້ສົ່ງຟີລິບຜູ້ປະກາດຂ່າວປະເສີດໄປຍັງທະເລ ຊາຍບ່ອນທີ່ລາວໄດ້ແບ່ງປັນຂ່າວປະເສີດເລື່ອງພຣະເຢຊູກັບຄົນເທືອຍຊາວເອທິໂອເປຍ.</li></ul>  
eunuch	<h2 id="section">@ຄົນເທືອຍ</h2><h3 id="section-1">ນິຍາມ</h3><p>ຕາມປົກກະຕິແລ້ວຄໍາວ່າ "ຄົນເທືອຍ" ແມ່ນເວົ້າເຖິງຜູ້ຊາຍທີ່ໄດ້ຮັບການຕອນແລ້ວ. ຄໍາສັບນີ້ຕໍ່ມາການເປັນຄໍາເວົ້າທົ່ວໄປທີ່ເວົ້າເຖິງເຈົ້າໜ້າທີ່ຂອງລັດຖະບານຄົນໃດຄົນໜຶ່ງ, ແມ່ນແຕ່ຜູ້ບໍ່ໄດ້ຮັບການຕອນກໍຖືກເອີ້ນດ້ວຍຄໍານີ້ຄືກັນ.</p><ul><li>ພຣະເຢຊູໄດ້ກ່າວວ່າຄົນເທືອຍບາງຄົນເກີດມາໃນລັກສະນະນີ້, ລາງເທື່ອອາດຈະເປັນຍ້ອນວ່າອະໄວຍະວະເພດຖືກທໍາລາຍ ຫລືເປັນຍ້ອນວ່າບໍ່ສາມາດຮ່ວມເພດສໍາພັນໄດ້. ມີຫລາຍຄົນເລືອກທີ່ຈະມີຊີວິດແບບຄົນເທືອຍໂດຍມີຊີວິດທີ່ຖືວ່າເປັນພົມມະຈາລີ.</li><li>ໃນສະໄໝບູຮານ, ຄົນເທືອຍມັກເປັນຂ້າຣາຊການຂອງກະສັດທີ່ຖືກແຕ່ງຕັ້ງໃຫ້ເປັນຜູ້ຄຸ້ມຄອງສະຖານທີ່ຂອງພວກຜູ້ຍິງ.</li><li>ຄົນເທືຶອຍບາງຄົນເປັນຂ້າຣາຊການທີ່ສໍາຄັນ, ເຊັ່ນຄົນເທືອຍຊາວເອທິໂອເປຍຜູ້ທີ່ໄດ້ພົບກັບອັກຄະສາວົກຟີລິບທີ່ທະເລຊາຍ.</li></ul>  
euphrates	<h2 id="section">@ແມ່ນໍ້າເອີຟຣັດ</h2><h3 id="section-1">ຂໍ້ເທັດຈິງ</h3><p>ເອີຟຣັດ ແມ່ນຊື່ໜຶ່ງໃນແມ່ນໍ້າສີ່ສາຍທີ່ໄຫລຜ່ານສວນເອເດນ. ເປັນແມ່ນໍ້າທີ່ຖືກເວົ້າເຖິງຫລາຍທີ່ສຸດໃນພຣະຄໍາພີ.</p><ul><li>ໃນປະຈຸບັນ ແມ່ນໍ້າທີ່ຖືກເອີ້ນວ່າເອີຟຣັດໄດ້ຕັ້ງຢູ່ແຖວຕາເວັນອອກກາງ ແລະເປັນແມ່ນໍ້າທີ່ຍາວທີ່ສຸດແລະສໍາຄັນທີ່ສຸດໃນອາຊີ.</li><li>ເມື່ອໄຫລໄປລວມກັບແມ່ນໍ້າຕິກຣິດ, ແມ່ນໍ້າເອີຟຣັດໄດ້ເປັນເຂດແດນຂອງແຜ່ນດິນທີ່ຮູ້ຈັກກັນທີ່ມີຊື່ວ່າ ເມໂສໂປຕາເມຍ.</li><li>ເມືອງບູຮານເອີ ຊຶ່ງເປັນເມືອງທີ່ອັບຣາຮາມໄດ້ອອກມາຈາກເມືອງນັ້ນ ແມ່ນຕັ້ງຢູ່ປາກແມ່ນໍ້າເອີຟຣັດນີ້.</li><li>ແມ່ນໍ້ານີ້ແມ່ນສາຍໜຶ່ງໃນເຂດຂອງແຜ່ນດິນທີ່ພຣະເຈົ້າໄດ້ ສັນຍາວ່າຈະມອບໃຫ້ແກ່ອັບຣາຮາມ (ປຖກ 15:18).</li><li>ບາງເທື່ອແມ່ນໍ້າເອີຟຣັດໄດ້ຖືກເອີ້ນງ່າຍໆວ່າ "ແມ່ນໍ້າ."</li></ul>  
evangelism	<h2 id="section">@ຜູ້ປະກາດ, @ຜູ້ປະກາດຂ່າວປະເສີດ</h2><h3 id="section-1">ນິຍາມ</h3><p>ຄໍາວ່າ "ຜູ້ປະກາດ" ແມ່ນຄົນທີ່ບອກຄົນອື່ນເຖິງຂ່າວປະເສີດເລື່ອງພຣະເຢຊູຄຣິດ.</p><ul><li>ຄວາມໝາຍຕາມຕົວໜັງສືຄໍາວ່າ "ຜູ້ປະກາດ" ແມ່ນ "ລາງຄົນທີ່ເທດສະໜາຂ່າວປະເສີດ."</li><li>ພຣະເຢຊູຊົງໄດ້ສົ່ງອັກຄະສາວົກຂອງພຣະອົງອອກໄປເຜີຍແຜ່ຂ່າວປະເສີດ ກ່ຽວກັບການຈະເປັນສ່ວນໜຶ່ງຂອງອານາຈັກຂອງພຣະເຈົ້າ ໂດຍການວາງໃຈໃນພຣະເຢຊູ ແລະການຖວາຍບູຊາຂອງພຣະອົງສໍາລັບຄວາມບາບ.</li><li>ຄຣິສຕຽນທຸກຄົນຖືກກະຕຸ້ນໃຫ້ແບ່ງປັນຂ່າວປະເສີດ.</li><li>ຄຣິສຕຽນບາງຄົນໄດ້ຮັບຂອງປະທານຝ່າຍວິນຍານສະເພາະເພື່ອບອກເລົ່າຂ່າວປະເສີດໄດ້ຢ່າງມີປະສິດທິພາບແກ່ຄົນອື່ນ.  ກ່າວໄວ້ວ່າຄົນເຫລົ່ານີ້ມີຂອງປະທານໃນການປະກາດຂ່າວປະເສີດແລະຖືກຮຽກເອີ້ນໃຫ້ເປັນ "ຜູ້ປະກາດ."</li></ul><h3 id="section-2">ຄໍາແນະນໍາໃນການແປ</h3><ul><li>ຄໍາວ່າ "ຜູ້ປະກາດ" ສາມາດແປໄດ້ອີກວ່າ, "ລາງຄົນທີ່ເທດສະໜາຂ່າວປະເສີດ" ຫລື "ຜູ້ສອນຂ່າວປະເສີດ" ຫລື "ຄົນທີ່ປະກາດຂ່າວປະເສີດ."</li></ul>  
eve	<h2 id="section">@ເອວາ</h2><h3 id="section-1">ຂໍ້ເທັດຈິງ</h3><p>ນີ້ແມ່ນຊື່ຂອງຜູ້ຍິງຄົນທໍາອິດ. ຊື່ຂອງລາວມີຄວາມໝາຍວ່າ "ຊີວິດ" ຫລື "ມີຊີວິດ."</p><ul><li>ພຣະເຈົ້າຊົງໄດ້ສ້າງເອວາຂຶ້ນມາຈາກກະດູກຂ້າງທີ່ພຣະອົງດຶງອອກມາຈາກອາດາມ.</li><li>ເອວາໄດ້ຖືກສ້າງມາໃຫ້ເປັນ "ຜູ້ຊ່ວຍ." ຂອງອາດາມ ນາງໄດ້ຢູ່ຄຽງຂ້າງອາດາມເພື່ອຊ່ອຍລາວໃນງານທີ່ພຣະເຈົ້າມອບໝາຍໃຫ້ພວກເຂົາເຮັດ.</li><li>ເອວາໄດ້ຖືກມານຊາຕານຫລອກລວງ(ໃນຮູບແບບຂອງງູ) ແລະນັ້ນແມ່ນການເຮັດບາບເທື່ອທໍາອິດໂດຍການກິນໝາກໄມ້ທີ່ພຣະເຈົ້າຫ້າມບໍ່ໃຫ້ກິນ.</li></ul>  
evildoer	<h2 id="section">@ຜູ້ເຮັດຄວາມຊົ່ວ</h2><h3 id="section-1">ນິຍາມ</h3><p>ຄໍາວ່າ "ຜູ້ເຮັດຄວາມຊົ່ວ" ໂດຍທົ່ວໄປແລ້ວແມ່ນເວົ້າເຖິງຄົນທີ່ເຮັດບາບແລະສິ່ງຊົ່ວຮ້າຍ.</p><ul><li>ຄໍານີ້ສາມາດເປັນຄໍາທົ່ວໄປສໍາລັບຄົນທີ່ບໍ່ເຊື່ອຟັງພຣະເຈົ້າ.</li><li>ຄໍານີ້ສາມາດແປໂດຍໃຊ້ຄໍາວ່າ "ຊົ່ວ" ຫລື "ຊົ່ວຮ້າຍ" ກັບຄໍາວ່າ "ການກະທໍາ" ຫລື "ການເປັນເຫດ" ບາງສິ່ງບາງຢ່າງ.</li></ul>  
evil	<h2 id="section">@ຊົ່ວ, @ຊົ່ວຮ້າຍ, @ຄວາມຊົ່ວຮ້າຍ</h2><h3 id="section-1">ນິຍາມ</h3><p>ຄໍາວ່າ "ຊົ່ວ" ແລະ "ຊົ່ວຮ້າຍ" ທັງສອງຄໍານີ້ ໄດ້ອ້າງເຖິງສິ່ງໃດສິ່ງໜຶ່ງທີ່ກົງກັນຂ້າມກັບພຣະລັກສະນະທີ່ບໍຣິສຸດແລະນໍ້າພຣະໄທຂອງພຣະເຈົ້າ.</p><ul><li>ໃນເມື່ອຄໍາທີ່ວ່າ "ຊົ່ວ" ອາດຈະເວົ້າເຖິງລັກສະນະຂອງຄົນໃດຄົນໜຶ່ງ,  ຄໍາວ່າ "ຊົ່ວຮ້າຍ" ອາດຈະເວົ້າເຖິງໃນເລື່ອງພຶດຕິກໍາຂອງຄົນຫລາຍກວ່າ. ແຕ່ຢ່າງໃດກໍຕາມ, ທັງສອງຄໍານີ້ກໍມີຄວາມໝາຍທີ່ຄ້າຍຄືກັນ.</li><li>ຄໍາວ່າ "ຄວາມຊົ່ວຮ້າຍ" ເວົ້າເຖິງຊີວິດການເປັນຢູ່ ເມື່ອມະນຸດເຮັດສິ່ງຊົ່ວຮ້າຍ.</li><li>ຜົນຂອງຄວາມຊົ່ວນັ້ນສະແດງໃຫ້ເຫັນຢ່າງແຈ່ມແຈ້ງ ເມື່ອມະນຸດເຮັດກັບຄົນອື່ນແບບຜິດໆ ດ້ວຍການເຂັ່ນຂ້າ,  ລັກຂະໂມຍ, ເວົ້າໃສ່ຮ້າຍ ຫລືເປັນຄົນທີ່ໂຫດຮ້າຍແລະໃຈຮ້າຍ.</li></ul><h3 id="section-2">ຄໍາແນະນໍາໃນການແປ</h3><ul><li>ຄໍາວ່າ "ຊົ່ວ" ແລະ "ຊົ່ວຮ້າຍ" ສາມາດແປໄດ້ວ່າ "ຊົ່ວຊ້າ"  ຫລື "ມີບາບ" ຫລື "ຜິດສິນທໍາ" ທັງນີ້ແມ່ນຂຶ້ນຢູ່ກັບກໍລະນີນັ້ນໆ.</li><li>ຄວາມໝາຍອື່ນໃນການແປຄໍາເຫລົ່ານີ້ອາດຈະລວມເຖິງຄໍາວ່າ, "ບໍ່ດີ" ຫລື "ບໍ່ ຊອບທໍາ" ຫລື "ບໍ່ມີສິນທໍາ."</li><li>ຕ້ອງໃຫ້ແນ່ໃຈວ່າຄໍາເຫລົ່ານີ້ຫລ່ືຖ້ອຍຄໍາທີ່ເຄີຍແປຄໍາເຫລົ່ານີ້ ເໝາະສົມກັບກໍລະນີນັ້ນໆແລະມີຄວາມເປັນທໍາມະຊາດໃນພາສາທີ່ແປ.</li></ul>  
exalt	<h2 id="section">@ຍົກຊູ, @ການເທີດທູນ</h2><h3 id="section-1">ນິຍາມ</h3><p>ການຍົກຊູແມ່ນການສັນລະເສີນທີ່ສູງສົ່ງແລະການໃຫ້ກຽດບາງຄົນ. ອີກທັງສາມາດໝາຍເຖິງການວາງບາງຄົນໄວ້ໃນຕໍາແໜ່ງທີ່ສູງ.</p><ul><li>ໃນພຣະຄໍາພີ, ຄໍາວ່າ "ຍົກຊູ" ສ່ວນຫລາຍແມ່ນໃຊ້ເພື່ອຍົກຊູພຣະເຈົ້າ.</li><li>ເມື່ອມະນຸດຍົກຊູຕົວເອງ, ນັ້ນໝາຍຄວາມວ່າລາວກໍາລັງຄິດເຖິງຕົວເອງໃນແບບທີ່ອວດຕົວຫລືໂອ້ອວດຈອງຫອງ.</li></ul><h3 id="section-2">ຄໍາແນະນໍາໃນການແປ</h3><ul><li>ແນວທາງການແປ "ຍົກຊູ" ສາມາດລວມເຖິງ, "ການສັນລະເສີນທີ່ສູງສຸດ" ຫລື "ໃຫ້ກຽດຢ່າງຍິ່ງໃຫຍ່"  ຫລື "ຍ້ອງຍໍ" ຫລື "ການເວົ້າສັນລະເສີນ."</li><li>ໃນບາງກໍລະນີ, ສາມາດແປໄດ້ດ້ວຍຄໍາ ຫລືຖ້ອຍຄໍາທີ່ມີຄວາມໝາຍວ່າ, "ການວາງໄວ້ໃນຕໍາແໜ່ງສູງ" ຫລື "ໃຫ້ກຽດຢ່າງຫລວງຫລາຍຂຶ້ນໃຫ້ແກ່" ຫລື "ເວົ້າເຖິງຄວາມຊື່ນຊົມ."</li><li>"ຢ່າຍົກຊູຕົນເອງ" ສາມາດແປໄດ້ອີກວ່າ "ຢ່າຄິດເຖິງຕົນເອງສູງເກີນໄປ" ຫລື "ຢ່າອວດດີກ່ຽວກັບຕົນເອງ."</li><li>"ຄົນເຫລົ່ານັ້ນທີ່ຍົກຊູຕົນເອງ" ສາມາດແປໄດ້ອີກວ່າ "ຄົນເຫລົ່ານັ້ນທີ່ຄິດຢ່າງຈອງຫອງກ່ຽວກັບພວກເຂົາເອງ" ຫລື "ຄົນເຫລົ່ານັ້ນທີ່ໂອ້ອວດກ່ຽວກັບພວກຕົນເອງ.</li></ul>  
exhort	<h2 id="section">@ເຕືອນສະຕິ, @ການເຕືອນສະຕິ</h2><h3 id="section-1">ນິຍາມ</h3><p>ຄໍາວ່າ "ເຕືອນສະຕິ" ໝາຍເຖິງການໜູນໃຈທີ່ໜັກແໜ້ນແລະກະຕຸ້ນໃຫ້ບາງຄົນເຮັດໃນສິ່ງທີ່ຖືກຕ້ອງ. ແມ່ນຄໍາໜູນໃຈທີ່ເອີ້ນວ່າ "ການເຕືັອນສະຕິ."</p><ul><li>ຈຸດປະສົງຂອງການເຕືອນສະຕິແມ່ນເພື່ອໂນ້ມນ້າວຄົນອື່ນໃຫ້ຫລີກລ້ຽງຄວາມບາບ ແລະໃຫ້ເຊື່ອຟັງນໍ້າພຣະໄທພຣະເຈົ້າ.</li><li>ພັນທະສັນຍາໃໝ່ສອນໃຫ້ບັນດາຄຣິສຕຽນໃຫ້ເຕືອນສະຕິເຊິ່ງກັນແລະກັນໃນຄວາມຮັກ, ບໍ່ແມ່ນດ້ວຍຄວາມຮຸນແຮງ ຫລືຫຍາບຊ້າ.</li></ul><h3 id="section-2">ຄໍາແນະນໍາໃນການແປ</h3><ul><li>ຄໍາວ່າ, "ເຕືອນສະຕິ" ສາມາດແປໄດ້ອີກວ່າ "ກະຕຸ້ນຢ່າງໜັກແໜ້ນ" ຫລື "ໂນ້ມນ້າວ" ຫລື "ແນະນໍາ."  ທັງນີ້ແມ່ນຂຶ້ນຢູ່ກັບກໍລະນີນັ້ນໆ</li><li>ໃຫ້ແນ່ໃຈວ່າການແປຂອງຄໍານີ້ບໍ່ໄດ້ໝາຍຄວາມວ່າ ຄົນທີ່ເຕືອນສະຕິນັ້ນຄຽດຮ້າຍ. ຄໍານີ້ຄວນຊີ້ເຖິງຄວາມແຂງແກ່ງແລະຄວາມຈິງຈັງ, ແຕ່ບໍ່ຊີ້ເຖິງຄໍາເວົ້າທີ່ຄຽດຮ້າຍ.</li><li>ໃນກໍລະນີສ່ວນຫລາຍ, ຄໍາວ່າ "ເຕືອນສະຕິ" ຄວນຖືກແປໃນແບບທີ່ແຕກຕ່າງກັບຄໍາວ່າ "ໜູນໃຈ," ທີ່ໝາຍເຖິງການໃຫ້ແຮງບັນດານໃຈ, ການສ້າງຄວາມໝັ້ນໃຈ, ຫລືເລົ້າໂລມໃຈບາງຄົນ.</li><li>ໂດຍປົກກະຕິແລ້ວຄໍານີ້ສາມາດແປໄດ້ຫລາຍແບບຈາກຄໍາວ່າ "ວ່າກ່າວ," ຊຶ່ງໝາຍເຖິງການເຕືອນ ຫລືການແກ້ໄຂພຶດຕິກໍາຂອງບາງຄົນທີ່ລາວເຮັດບໍ່ຖືກຕ້ອງ.</li></ul>  
exile	<h2 id="section">@ເນລະເທດ, @ຜູ້ຖືກເນລະເທດ</h2><h3 id="section-1">ນິຍາມ</h3><p>ຄໍາວ່າ "ເນລະເທດ" ອ້າງເຖິງຄົນທີ່ຖືກບັງຄັບໃຫ້ໄປອາໃສຢູ່ໃນບ່ອນຫ່າງໄກຈາກບ້ານເກີດເມືອງນອນຂອງພວກເຂົາ.</p><ul><li>ໂດຍປົກກະຕິແລ້ວມະນຸດຖືກເນລະເທດໄປເພາະເປັນການລົງໂທດຫລືເຫດຜົນທາງດ້ານການເມືອງ.</li><li>ຄົນທີ່ຖືກເສຍໄຊ ອາດຈະຖືກເນລະເທດໄປຍັງປະເທດຂອງກອງທັບທີ່ມີໄຊຊະນະ, ເພື່ອເຮັດວຽກງານໃຫ້ພວກເຂົາ.</li><li>"ຊະເລີຍບາລີໂລນ" (ຫລື "ຜູ້ຖືກເນລະເທດ") ເປັນຊ່ວງໜຶ່ງໃນປະຫວັດສາດພຣະຄໍາພີ ເມື່ອຄົນຢິວຈໍານວນຫລາຍທີ່ມາຈາກແຂວງຢູດາ ຖືກກວາດຕ້ອນໄປຈາກບ້ານເມືອງຂອງພວກເຂົາ ແລະຖືກບັງຄັບໃຫ້ອາໄສຢູ່ໃນນະຄອນບາບີໂລນ. ເປັນເວລານານເຖິງ 70 ປີ.</li><li>ຖ້ອຍຄໍາທີ່ວ່າ "ຜູ້ຖືກເນລະເທດ" ອ້າງເຖິງປະຊາຊົນທີ່ມີຊີວິດຢູ່ຢ່າງຜູ້ຖືກເນລະເທດ, ຈາກບ້ານເມືອງຂອງພວກເຂົາ.</li></ul><h3 id="section-2">ຄໍາແນະນໍາໃນການແປ</h3><ul><li>ຄໍາວ່າ "ເນລະເທດ" ນີ້ ສາມາດແປໄດ້ອີກວ່າ, "ຖືກສົ່ງອອກໄປ" ຫລື "ຖືກບັງຄັບໃຫ້ອອກ" ຫລື "ຖືກຂັບໄລ່."</li><li>ຄໍາວ່າ "ຜູ້ຖືກເນລະເທດ" ນີ້ ສາມາດແປໄດ້ອີກດ້ວຍຄໍາຫລືຖ້ອຍຄໍາທີ່ມີຄວາມໝ​າຍວ່າ, "ເວລາຂອງການສົ່ງໄປ" ຫລື "ຊ່ວງເວລາທີ່ຖືກເນລະເທດ" ຫລື "ຊ່ວງເວລາທີ່ຖືກບັງຄັບບໍ່ໃຫ້ມີຕົວຕົນ" ຫລື "ຖືກເນລະເທດ."</li><li>ວິທີອື່ນໆໃນການແປຄໍາວ່າ "ຜູ້ຖືກເນລະເທດ" ຄວນລວມກັບຄໍາວ່າ, "ຄົນທີ່ຖືກເນລະເທດ" ຫລື "ຄົນທີ່ໄດ້ຖືກເນລະເທດ" ຫລື "ຄົນທີ່ຖືກເນລະເທດໄປນະຄອນບາບີໂລນ."</li></ul>  
exult	<h2 id="section">@ຊົມຊື່ນຍິນດີ, @ຄວາມຊົມຊື່ນຍິນດີ</h2><h3 id="section-1">ນິຍາມ</h3><p>ຄໍາວ່າ "ຊົມຊື່ນຍິນດີ" ແລະ "ຄວາມຊົມຊື່ນຍິນດີ"  ກ່າວເຖິງການມີຄວາມສຸກຫລາຍເພາະປະສົບຄວາມສໍາເລັດ ຫລືໄດ້ຮັບການອວຍພອນພິເສດ.</p><ul><li>ທີ່ຈະມີ "ຄວາມຊົມຊື່ນຍິນດີ" ລວມທັງຄວາມຮູ້ສຶກຂອງການສະເຫລີມສະຫລອງບາງສິ່ງທີ່ດີເດັ່ນ.</li><li>ຄົນເຮົາສາມາດຊົມຊື່ນຍິນດີໃນຄວາມດີຂອງພຣະເຈົ້າ.</li><li>ຄໍາວ່າ "ຄວາມຊົມຊື່ນຍິນດີ" ສາມາດລວມເຖິງການໂອ້ອວດໃນຄວາມຮູ້ສຶກຂອງຄວາມສຸກກ່ຽວກັບຄວາມສໍາເລັດ ຫລືຄວາມຈະເລີນຮຸ່ງເຮືອງ.</li><li>ຄໍາວ່າ "ຊົມຊື່ນຍິນດີ" ສາມາດແປໄດ້ອີກວ່າ "ສະເຫລີມສະຫລອງດ້ວຍຄວາມຊົມຊື່ນຍິນດີ" ຫລື "ສັນລະເສີນດ້ວຍຄວາມຍິນດີຢ່າງໃຫຍ່ຫລວງ."</li><li>"ຄວາມຊົມຊື່ນຍິນດີ" ສາມາດແປໄດ້ອີກວ່າ, "ສັນລະເສີນດ້ວຍຄວາມປະສົບຜົນສໍາເລັດ" ຫລື "ສະຫລອງດ້ວຍການຍົກຍ້ອງຕົນເອງ" ຫລື "ອວດໂຕ."</li></ul>  
ezekiel	<h2 id="section">@ເອເຊກຽນ</h2><h3 id="section-1">ຂໍ້ເທັດຈິງ</h3><p>ເອເຊກຽນເປັນຜູ້ປະກາດພຣະທໍາຂອງພຣະເຈົ້າໃນຊ່ວງເວລາທີ່ຖືກເນລະເທດ ເມື່ອຄົນຢິວຈໍານວນຫລາຍຖືກກວາດຕ້ອນໄປຍັງນະຄອນບາບີໂລນ.</p><ul><li>ເອເຊກຽນແມ່ນປະໂຣຫິດຄົນໜຶ່ງທີ່ອາໄສຢູ່ໃນອານາຈັກຢູດາ ເມື່ອລາວແລະບັນດາຄົນຢິວຖືກຈັບໄປໂດຍກອງທັບບາບີໂລນ.</li><li>ເປັນເວລາຫລາຍກວ່າຊາວປີ, ເອເຊກຽນແລະເມຍຂອງລາວໄດ້ອາໄສຢູ່ໃນນະຄອນບາບີໂລນໃກ້ກັບແມ່ນໍ້າ, ແລະຄົນຢິວໄດ້ມາຫາລາວເພື່ອຟັງຖ້ອຍຄໍາຈາກພຣະເຈົ້າ.</li><li>ຖ່າມກາງສິ່ງອື່ນໆ, ເອເຊກຽນໄດ້ທໍານວາຍເລື່ອງການທໍາລາຍ ແລະການສ້ອມແປງນະຄອນເຢຣູຊາເລັມແລະພຣະວິຫານ.</li><li>ລາວໄດ້ທໍານວາຍພຣະທໍາເຖິງອານາຈັກຂອງພຣະເມຊີອາໃນ ອະນາຄົດອີກດ້ວຍ.</li></ul>  
ezra	<h2 id="section">@ເອຊະຣາ</h2><h3 id="section-1">ຂໍ້ເທັດຈິງ</h3><p>ເອຊະຣາເປັນປະໂຣຫິດອິດສະຣາເອນແລະຮອບຮູ້ດ້ານກົດໝາຍຂອງຄົນຢິວ ເປັນຜູ້ຈົດບັນທຶກປະຫວັດສາດການກັບຄືນສູ່ນະຄອນເຢຣູຊາເລັມຂອງຄົນອິດສະຣາເອນ ຈາກນະຄອນບາບີໂລນທີ່ພວກເຂົາໄດ້ຖືກຈັບໄປເປັນຊະເລີຍຢູ່ທີ່ນັ້ນເປັນເວລາເຖິງ 70 ປີ.</p><ul><li>ເອຊະຣາໄດ້ຈົດບັນທຶກປະຫວັດສາດຂອງຄົນອິດສະຣາເອນ ຕອນນີ້ຢູ່ໃນພຣະທໍາເອຊະຣາ. ແລະລາວຍັງໄດ້ຂຽນພຣະທໍາເນເຫມີຢາ, ຕັ້ງແຕ່ພຣະທໍາເຫລັ້ມນີ້ຍັງເປັນເຫລັ້ມດຽວກັນກັບ ພຣະທໍາເນເຫມີຢາ.</li><li>ເມື່ອເອຊະຣາໄດ້ກັບມາຍັງນະຄອນເຢຣູຊາເລັມແລ້ວ ລາວໄດ້ສ້າງຕັ້ງພຣະບັນຍັດຂຶ້ນໃໝ່, ຕັ້ງແຕ່ຕອນທີ່ຄົນອິດສະຣາເອນບໍ່ເຊື່ອຟັງພຣະບັນຍັດເລື່ອງວັນສະບາໂຕ ແລະໄດ້ແຕ່ງງານກັບຍິງທີ່ນັບຖືສາສະໜາອື່ນ.</li><li>ເອຊະຣາຍັງໄດ້ຊ່ວຍສ້ອມແປງພຣະວິຫານທີ່ຖືກທໍາລາຍໂດຍພວກບາບີໂລນຕອນທີ່ພວກເຂົາເຂົ້າຢຶດຄອງນະຄອນເຢຣູຊາເລັມ.</li><li>ຍັງມີຊາຍອີກສອງຄົນຊື່ເອຊະຣາທີ່ຖືກເວົ້າເຖິງໃນພັນທະ ສັນຍາເດີມ.</li></ul>  
face	<h2 id="section">@ໜ້າ, @ໃບໜ້າ</h2><h3 id="section-1">ນິຍາມ</h3><p>ຄໍາວ່າ "ໃບໜ້າ" ຕາມຕົວອັກສອນກໍໝາຍເຖິງສ່ວນນຶ່ງຂອງຫົວ ຂອງຄົນເຮົາ. ຄໍານີ້ມີຄວາມໝາຍໃນທາງປຽບທຽບຫລາຍຢ່າງ.</p><ul><li>ຄໍາວ່າ "ໜ້າຂອງທ່ານ" ຫລາຍໆ ເທື່ອທີ່ໃຊ້ໃນການເວົ້າປຽບ ທຽບ ຊຶ່ງຈະເວົ້າວ່າ "ທ່ານ." ຄ້າຍກັບຖ້ອຍຄໍາທີ່ວ່າ "ໜ້າຂອງຂ້າພຣະເຈົ້າ" ຫລາຍເທື່ອກໍເວົ້າເຖິງ "ເຮົາ"(ເປັນປະທານ) ຫລື "ເຮົາ"(ເປັນກໍາ).</li><li>ໃນດ້ານຮ່າງກາຍ, "ຕໍ່ໜ້າ" ບາງຄົນຫລືບາງສິ່ງໝາຍເຖິງການ ເບິ່ງໄປທີ່ຄົນນັ້ນ ຫລືຂອງສິ່ງນັ້ນ.</li><li>ການ "ຜະເຊີນໜ້າກັນ" ໝາຍເຖິງ "ການເບິ່ງໜ້າກັນແລະກັນ."</li><li>ການເບິ່ງ "ໜ້າຕໍ່ໜ້າ" ໝາຍຄວາມວ່າສອງຄົນກໍາລັງເບິ່ງໜ້າ ກັນໃນໄລຍະໃກ້.</li><li>ເມື່ອພຣະເຢຊູ "ພຣະອົງຫັນໜ້າໄປຍັງກຸງເຢຣູຊາເລັມ," ໝາຍ ເຖິງວ່າພຣະອົງຕັ້ງໃຈຢ່າງແນ່ນອນວ່າພຣະອົງຈະໄປທີ່ນັ້ນ.</li><li>ຈະ "ມຸ່ງໜ້າຕໍ່ຕ້ານ" ຜູ້ຄົນຫລືເມືອງ  ໝາຍເຖິງການຕັດສິນໃຈແນ້ວແນ່ທີ່ຈະບໍ່ສະໜັບສະໜຸນ ຫລືປະຕິເສດຄົນຫລືເມືອງ ນັ້ນໆ.</li><li>ຖ້ອຍຄໍາທີ່ວ່າ "ພື້ນໜ້າຂອງແຜ່ນດິນ" ເວົ້າເຖິງພື້ນດິນຂອງໂລກແລະໂດຍທົ່ວໄປມັກຈະເວົ້າເຖິງໂ່ລກທັງໜ່ວຍ. ຕົວຢ່າງເຊັ່ນ, "ຄວາມອຶດຢາກປົກຄຸມພື້ນແຜ່ນດິນໂລກ" ເວົ້າເຖິງການແຜ່ກະຈາຍຂອງຄວາມອຶດຢາກທີ່ສົ່ງຜົນກະທົບຕໍ່ມະນຸດຈໍານວນຫລາຍ ທີ່ມີຊີວິດຢູ່ເທິງໂລກນີ້.</li><li>ໃນການປຽນທຽບ, "ຢ່າເຊື່ອງໜ້າຂອງພຣະອົງຈາກປະຊາກອນ ຂອງພຣະອົງ" ຫລື "ຢ່າປະຖິ້ມປະຊາກອນຂອງພຣະອົງ" ຫລື "ຢ່າ ຢຸດດູແລປະຊາກອນຂອງພຣະອົງ."</li></ul><h3 id="section-2">ຄໍາແນະນໍາການແປ</h3><ul><li>ຖ້າເປັນໄປໄດ້, ເປັນການທີ່ດີສຸດໃຫ້ຮັກສາຖ້ອຍຄໍາ ຫລືໃຊ້ຖ້ອຍຄໍາພາສາທີ່ຈະແປໃຫ້ມີຄວາມໝາຍທີ່ຄ້າຍຄືກັນ.</li><li>ຄໍາວ່າ "ຕໍ່ໜ້າ" ສາມາດແປໄດ້ວ່າ "ຫັນໄປ" ຫລື "ເບິ່ງຊື່ໄປ" ຫລື "ເບິ່ງໄປທີ່ໜ້າຂອງ."</li></ul><p>ຄໍາວ່າ "ໜ້າຕໍ່ໜ້າ" ສາມາດແປໄດ້ວ່າ "ຂຶ້ນໄປໃກ້" ຫລື "ຢູ່ຕໍ່ໜ້າຂອງ" ຫລື "ການຢູ່ຕໍ່ໜ້າຂອງ."</p><ul><li>ຄໍາວ່າ "ຕໍ່ໜ້າພຣະອົງ" ສາມາດແປໄດ້ວ່າ "ທາງໜ້າພຣະອົງ" ຫລື "ເບື້ອງໜ້າພຣະອົງ" ຫລື "ໜ້າພຣະອົງ" ຫລື "ໃນການຊົງປະທັບຢູ່."</li><li>ຖ້ອຍຄໍາທີ່ວ່າ "ຫັນໜ້າພຣະອົງໄປຍັງ" ສາມາດແປໄດ້ວ່າ "ໄດ້ເລີ້ມເດີນທາງໄປຍັງ"  ຫລື "ຕັ້ງໃຈຢ່າງແນ້ວແນ່ທີ່ຈະໄປຍັງ."</li><li>ຖ້ອຍຄໍາທີ່ວ່າ "ເຊື່ອງໜ້າພຣະອົງຈາກ" ສາມາດແປໄດ້ວ່າ "ຫັນ ໄປຈາກ" ຫລື "ຢຸດການຊ່ອຍເຫລືອ ຫລືການປົກປ້ອງຮັກສາ" ຫລື "ປະຕິເສດ."</li><li>ທີ່ວ່າ "ຕັ້ງໜ້າຕໍ່ສູ້" ເມືອງຫລືປະຊາຊົນ ສາມາດແປໄດ້ວ່າ "ເບິ່ງ ດ້ວຍຄວາມໂກດຮ້າຍ ແລະຕໍານິ" ຫລື "ປະຕິເສດທີ່ຈະຮັບ" ຫລື "ຕັດສິນໃຈທີ່ຈະປະຖິ້ມ" ຫລື "ນໍາການພິພາກສາມາສູ່."</li><li>ຖ້ອຍຄໍາທີ່ວ່າ, "ຈົ່ງເວົ້າຕໍ່ໜ້າພວກເຮົາ" ສາມາດແປໄດ້ວ່າ "ຈົ່ງເວົ້າກັບເຂົາຢ່າງກົງໄປກົງມາ" ຫລື "ຈົ່ງເວົ້າໃນຂະນະທີ່ພວກເຂົາ ຍັງຢູ່" ຫລື "ຈົ່ງເວົ້າກັບເຂົາຕົວຕໍ່ຕົວ."</li><li>ຖ້ອຍຄໍາທີ່ວ່າ, "ເທິງພື້ນໜ້າຂອງແຜ່ນດິນ" ສາມາດແປໄດ້ວ່າ "ຕະຫລອດທັງແຜ່ນດິນ" ຫລື "ເທິງແຜ່ນດິນໂລກທັງໝົດ" ຫລື "ອາໃສຢູ່ທົ່ວແຜ່ນດິນໂລກ."</li></ul>  
faithful	<h2 id="section">@ສັດຊື່, @ຄວາມສັດຊື່</h2><h3 id="section-1">ນິຍາມ</h3><p>"ສັດຊື່" ຕໍ່ພຣະເຈົ້າໝາຍເຖິງການດໍາເນີນຊີວິດຢ່າງຕໍ່ເນື່ອງຕາມຄໍາສອນຂອງພຣະເຈົ້າ.  ນັ້ນໝາຍເຖິງການຈົງຮັກພັກດີຕໍ່ພຣະອົງໂດຍການເຊື່ອຟັງພຣະອົງ  ຄໍາກ່າວ ຫລືເງື່ອນໄຂຂອງການສັດຊື່ແມ່ນ  "ຄວາມສັດຊື່."</p><ul><li>ຄົນທີ່ສັດຊື່ສາມາດໄວ້ວາງໃຈທີ່ຈະຮັກສາສັນຍາຂອງລາວແລະ ເຕີມເຕັມຄວາມຮັບຜິດຊອບຂອງລາວຕໍ່ຄົນອື່ນສະເໝີ.</li><li>ຄົນທີ່ສັດຊື່ຈະມີຄວາມມຸ້ງໝັ້ນໃນການເຮັດງານ ເຖິງແມ່ນຈະຍາກແລະໃຊ້ເວລາດົນນານ.</li><li>ຄວາມສັດຊື່ຕໍ່ພຣະເຈົ້າ ແມ່ນການກະທໍາຢ່າງຕໍ່ເນື່ອງໃນສິ່ງທີ່ ພຣະເຈົ້າຕ້ອງການໃຫ້ເຮົາເຮັດ.</li></ul><h3 id="section-2">ຄໍາແນະນໍາການແປ</h3><ul><li>ໃນຫລາຍໆ ຖ້ອຍຄໍາທີ່ວ່າ "ສັດຊື່" ສາມາດແປໄດ້ອີກຢ່າງນຶ່ງວ່າ "ພັກດີ" ຫລື "ອຸທິດຕົນ" ຫລື "ເພິ່ງພາໄດ້."</li><li>ໃນຖ້ອຍຄໍາອື່ນໆ ທີ່ວ່າ "ສັດຊື່" ສາມາດແປໄດ້ໂດຍໃຊ້ຄໍາ ຫລືຖ້ອຍຄໍາທີ່ໝາຍເຖິງ "ສັດທາຢ່າງຕໍ່ເນື່ອງ" ຫລື "ພາກພຽນໃນຄວາມສັດທາ"  ຫລື "ຈົງຮັກພັກດີ" ຫລື "ຄວາມເຊື່ອຖືໄດ້" ຫລື "ຄວາມສັດທາແລະເຊື່ອຟັງພຣະເຈົ້າ."</li></ul>  
faith	<h2 id="section">@ຄວາມເຊື່ອ</h2><h3 id="section-1">ນິຍາມ</h3><p>ໂດຍທົ່ວໄປແລ້ວ, ຄຳວ່າ ຄວາມເຊື່ອ" ແມ່ນເວົ້າເຖິງ ຄວາມສັດທາ, ຄວາມວາງໃຈ ຫລືຄວາມໝັ້ນໃຈໃນບາງຄົນຫລືບາງສິ່ງ.</p><ul><li>ການ "ມີຄວາມເຊື່ອ" ໃນບາງຄົນແມ່ນການສັດທາວ່າ ສິ່ງທີ່ລາວເວົ້າແລະເຮັດນັ້ນຈິງແລະໄວ້ໃຈໄດ້.</li><li>ການ "ມີຄວາມເຊື່ອໃນພຣະເຢຊູ" ໝາຍເຖິງການສັດທາໃນຄຳສອນທຸກຢ່າງຂອງພຣະເຈົ້າທີ່ກ່ຽວຂ້ອງກັບພຣະເຢຊູ. ໂດຍສະເພາະຍ່າງຍິ່ງໝາຍເຖິງຄົນທີ່ວາງໃຈໃນພຣະເຢຊູ ແລະການເສຍສະລະເພື່ອຊຳລະພວກເຂົາຈາກຄວາມບາບຂອງພວກເຂົາ ແລະເພື່ອຊ່ອຍພວກເຂົາຈາກການຖືກລົງໂທດທີ່ພວກເຂົາຄວນໄດ້ຮັບ ເພາະຄວາມບາບຂອງພວກເຂົາ.</li><li>ຄວາມເຊື່ອທີ່ແທ້ຈິງ ຫລືສັດທາໃນພຣະເຢຊູຈະເຮັດໃຫ້ຄົນນັ້ນເກີດຜົນດີທາງຝ່າຍວິນຍານ ຫລືທາງການປະພືດເພາະວ່າ ພຣະວິນຍານບໍຣິສຸດຢູ່ໃນເຂົາ.</li><li>ບາງເທື່ອ "ຄວາມເຊື່ອ" ເວົ້າທົ່ວໆ ໄປເຖິງຄຳສອນທັງໝົດກ່ຽວກັບພຣະເຢຊູ, ເຊັ່ນດຽວກັບການສະແດງອອກທີ່ວ່າ, "ຄວາມຈິງຂອງຄວາມເຊື່ອ."</li><li>ໃນບາງຂໍ້ເຊັ່ນ "ຮັກສາຄວາມເຊື່ອ" ຫລື "ປະຖິ້ມຄວາມເຊື່ອ" ຄຳວ່າ "ຄວາມເຊື່ອ" ກ່າວເຖິງຄຳເວົ້າ ຫລືເງື່ອນໄຂຂອງຄວາມສັດທາໃນຄຳສອນທັງໝົດກ່ຽວກັບພຣະເຢຊູ.</li></ul><h3 id="section-2">ຄຳແນະນຳການແປ</h3><ul><li>ໃນບາງຂໍ້ຄວາມ "ຄວາມເຊື່ອ" ສາມາດແປໄດ້ວ່າ "ສັດທາ" ຫລື "ຄວາມເຊື່ອໝັ້ນ" ຫລື "ຄວາມໝັ້ນໃຈ" ຫລື "ຄວາມໄວ້ໃຈ."</li><li>ໃນບາງພາສາຄຳເຫລົ່ານີ້ຈະແປໂດຍການໃຊ້ຮູບແບບຂອງຄຳກິລິຍາວ່າ "ສັດທາ."</li></ul>  
faithless	<h2 id="section">@ຂາດຄວາມເຊື່ອ, @ການຂາດຄວາມເຊື່ອ</h2><h3 id="section-1">ນິຍາມ</h3><p>ຄໍາວ່າ "ຄວາມເຊື່ອ" ໝາຍເຖິງການບໍ່ມີຄວາມເຊື່ອຫລືບໍ່ສັດທາ.</p><ul><li>ຄໍານີ້ໃຊ້ເພື່ອບັນລະຍາຍເຖິງຄົນທີ່ບໍ່ສັດທາໃນພຣະເຈົ້າ, ຊຶ່ງສາມາດເຫັນໄດ້ຈາກການກະທໍາຂອງລາວທີ່ບໍ່ມີສັດທາ.</li><li>ຜູ້ປະກາດພຣະທັມເຢເຣມີຢາໄດ້ຕໍາໜິຊົນຊາດອິສະຣາເອນທີ່ ຂາດຄວາມເຊື່ອ ແລະບໍ່ເຊື່ອຟັງພຣະເຈົ້າ.</li><li>ພວກເຂົາໄດ້ນະມັດສະການຮູບເຄົາລົບ ແລະຕິດຕາມພຣະປອມຕ່າງໆ ທີ່ບໍ່ຖືກຕ້ອງຂອງຄົນຊາດອື່ນທີ່ບໍ່ໄດ້ນະມັດສະການ ຫລືເຊື່ອຟັງພຣະເຈົ້າ.</li></ul><h3 id="section-2">ຄໍາແນະນຳການແປ</h3><ul><li>ຂຶ້ນຢູ່ກັບກໍລະນີຂອງຂໍ້ນັ້ນ ຄໍາວ່າ "ຂາດຄວາມເຊື່ອ" ສາມາດແປໄດ້ອີກວ່າ "ບໍ່ສັດຊື່" ຫລື "ຄວາມບໍ່ສັດທາ" ຫລື "ບໍ່ເຊື່ອຟັງ ພຣະເຈົ້າ" ຫລື "ບໍ່ສັດທາ."</li><li>ຄໍາວ່າ "ການຂາດຄວາມເຊື່ອ" ສາມາດແປໄດ້ວ່າ "ຄວາມບໍ່ສັດທາ" ຫລື "ຄວາມບໍ່ສັດຊື່"  ຫລື "ກະບົດຕໍ່ຕ້ານພຣະເຈົ້າ."</li></ul>  
false god	<h2 id="section">@ພຣະປອມ, @ພຣະຕ່າງຊາດ, @ເທບ,@ ເທບທິດາ</h2><h3 id="section-1">ນິຍາມ</h3><p>ພຣະປອມແມ່ນບາງສິ່ງທີ່ຄົນທັງຫລາຍນະມັດສະການແທນພຣະເຈົ້າອົງທ່ຽງແທ້. ຄໍາວ່າ "ເທພີ" ໄດ້ເວົ້າເຖິງພຣະເຈົ້າປອມທີ່ເປັນ ເພດຍິງ.</p><ul><li>ພຣະປອມເຫລົ່ານີ້ ຫລືເທພີທີ່ບໍ່ມີຢູ່ຢ່າງແທ້ຈິງ ພຣະຢາເວເທົ່າ ນັ້ນແມ່ນພຣະເຈົ້າແຕ່ພຽງອົງດຽວ.</li><li>ລາງເທື່ອຄົນໄດ້ສ້າງຮູບເຄົາລົບຈາກວັດຖຸເພື່ອຂາບໄຫວ້ນະມັດສະການ ສິ່ງເຫລົ່ານັ້ນເປັນພຣະເຈົ້າຂອງພວກເຂົາ.</li><li>ໃນພຣະຄັມພີ ປະຊາກອນຂອງພຣະເຈົ້າມັກຈະຫັນໜີໄປ ບໍ່ເຊື່ອ ຟັງພຣະອົງ ເພື່ອໄປນະມັດສະການພຣະເຈົ້າປອມອື່ນໆ.</li><li>ຫລາຍເທື່ອຜີຮ້າຍຈະຫລອກລວງຄົນໃຫ້ເຊື່ອສັດທາພຣະເຈົ້າປອມ ແລະຮູບເຄົາລົບຕ່າງໆ ວ່າພຣະເຈົ້າປອມເຫລົ່ານັ້ນມີຣິດເດດ.</li><li>ພຣະບາອານ  ພຣະດາໂກນ  ແລະພຣະໂມເລັກ ແມ່ນພຣະສາມ ອົງໃນບັນດາພຣະເຈົ້າປອມທັງຫລາຍທີ່ຄົນໄດ້ຂາບໄຫ້ວນະມັດສະ ການໃນສະໄໝພຣະຄັມພີເດີມ.</li><li>ພຣະອາເຊຣາ ແລະອາເຕມິດ(ໄດນາ) ແມ່ນເທພີສອງອົງທີ່ຄົນ ໃນຍຸກສະໄໝບູຮານຂາບໄຫ້ວນະມັດສະການ.</li></ul><h3 id="section-2">ຄໍາແນະນໍາການແປ</h3><ul><li>ອາດຈະມີຄໍາສໍາລັບຄໍາວ່າ "ພຣະ" ຫລື "ພຣະ" ຫລືພຣະປອມ" ຢູ່ ແລ້ວໃນພາສາທີ່ແປ ຫລືພາສາທີ່ໃກ້ຄຽງ.</li><li>ຄໍາວ່າ "ຮູບເຄົາລົບ" ອາດຈະໃຊ້ເພື່ອເວົ້າເຖິງພຣະເຈົ້າປອມ.</li><li>ໃນພາສາອັງກິດ ຕົວອັກສອນທີ່ພິມຕົວນ້ອຍ "g" ໃຊ້ເພື່ອເວົ້າເຖິງພຣະເຈົ້າປອມ ແລະຕົວອັກສອນຕົວໃຫຍ່ "G" ເພື່ອເວົ້າເຖິງພຣະເຈົ້າອົງທ່ຽງແທ້ອົງດຽວ ພາສາອື່ນໆ ອາດຈະເປັນເຊັ່ນນັ້ນ.</li><li>ອີກຢ່າງນຶ່ງກໍຄື ການໃຊ້ຄໍາທີ່ແຕກຕ່າງກັນຢ່າງສິ້ນເຊີງເພື່ອເວົ້າເຖິງພຣະເຈົ້າປອມ.</li><li>ບາງພາສາອາດຈະເພີ້ມຄໍາສະເພາະບາງຄໍາ ອາດຈະເປັນພຣະເຈົ້າທຽມ ພຣະເຈົ້າປອມ ທີ່ບັນລະຍາຍເປັນເພດຊາຍ ຫລືເພດຍິງ.</li></ul>  
false prophet	<h2 id="section">@ຜູ້ປະກາດພຣະທຳປອມ</h2><h3 id="section-1">ນິຍາມ</h3><p>ຜູ້ປະກາດພຣະທຳປອມຄື ຄົນທີ່ອ້າງຜິດໆວ່າຄຳກ່າວຂອງເຂົານັ້ນມາຈາກພຣະເຈົ້າ.</p><ul><li>ການທໍານວາຍຂອງຜູ້ປະກາດພຣະທໍັມປອມນັ້ນໂດຍປົກກະຕິບໍ່ສຳເລັດ, ນັ້ນຄື, ບໍ່ເປັນຄວາມຈິງ.</li><li>ຜູ້ປະກາດພຣະທໍັມປອມສອນພຣະວັດຈະນະທີ່ມີບາງສ່ວນ ຫລືທັງໝົດຂັດກັບສິ່ງທີ່ພຣະຄັມພີບອກໄວ້.</li><li>ຄຳນີ້ສາມາດແປໄດ້ອີກວ່າ "ຄົນທີ່ອ້າງຕົນຢ່າງປອມວ່າເປັນຕົວແທນຂອງພຣະເຈົ້າ" ຫລື "ບາງຄົນແອບອ້າງວ່າ ເວົ້າພຣະວັດຈະນະຂອງພຣະເຈົ້າ."</li><li>ພັນທະສັນຍາໃໝ່ສອນວ່າໃນເວລາສຸດທ້າຍນັ້ນຈະເກີດຜູ້ປະກາດພຣະທໍັມປອມຢ່າງຫລວງຫລາຍ ຜູ້ຊຶ່ງພະຍາຍາມຫລອກລວງປະຊາຊົນໃຫ້ພວກເຂົາຄິດວ່າພວກເຂົາມາຈາກພຣະເຈົ້າ.</li></ul>  
corrupt witness	<h2 id="section">@ພະຍານຕົວະ, @ພະຍານຂີ້ສໍ້, @ຫຼັກຖານຕົວະ,@ ລາຍງານຕົວະ</h2><h3 id="section-1">ນິຍາມ</h3><p>ຄຳວ່າ "ພະຍານຕົວະ" ແລະ "ພະຍານຂີ້ສໍ້" ກ່າວເຖິງຄົນທີ່ເວົ້າສິ່ງທີ່ບໍ່ເປັນຄວາມຈິງກ່ຽວກັບບຸກຄົນ ຫຼືເຫດການໃນຮູບແບບທີ່ກຳນົດໄວ້ເຊັ່ນໃນສານ.</p><ul><li>ການເປັນ"ພະຍານຕົວະ" ຫຼື "ລາຍງານຕົວະ" ຄືການເວົ້າຫຼືສະເໜີຄວາມທີ່ບໍ່ເປັນຈິງຫຼືບໍ່ເວົ້າຄວາມຈິງເຖິງສິ່ງທີ່ກ່າວເຖິງ.</li><li>ການ "ເປັນພະຍານຕົວະ" ໝາຍເຖິງການຂີ້ຕົວະຫຼືລາຍງານຄວາມບໍ່ຈິງກ່ຽວກັບບາງສິ່ງ.</li><li>ພຣະຄັມພີມີເຫດການຫຼາຍຄັ້ງທີ່ເກີດຈາກພະຍານຂີ້ຕົວະຖືກໃຊ້ມາເວົ້າຕົວະກ່ຽວກັບບາງຄົນເພື່ອທຳໃຫ້ຄົນນັ້ນຖືກລົງໂທດຫຼືຖືກຂ້າ.</li></ul><h3 id="section-2">ຄຳແນະນຳການແປ</h3><ul><li>ການ "ເປັນພະຍານຂີ້ຕົວະ" ຫຼື "ໃຫ້ຫຼັກຖານຂີ້ຕົວະ" ສາມາດແປໄດ້ອີກວ່າ "ເປັນຫຼັກຖານບໍ່ຈິງ" ຫຼື "ລາຍງານບໍ່ຈິງກ່ຽວກັບບາງຄົນ" ຫຼື "ເວົ້າຕົວະຕໍ່ຕ້ານບາງຄົນ" ຫຼື "ຂີ້ຕົວະ."</li><li>ເມື່ອ "ພະຍານຂີ້ຕົວະ" ກ່າວເຖິງບຸກຄົນ ສາມາດແປໄດ້ວ່າ "ຄົນທີ່ເວົ້າຂີ້ຕົວະ" ຫຼື "ຄົນທີ່ເປັນຫຼັກຖານຂີ້ຕົົວະ" ຫຼື "ບາງຄົນທີ່ເວົ້າສິ່ງທີ່ບໍ່ເປັນຄວາມຈິງ."</li></ul>  
family	<h2 id="section">@ຄອບຄົວ</h2><h3 id="section-1">ນິຍາມ</h3><p>ຄໍາວ່າ "ຄອບຄົວ" ແມ່ນເວົ້າເຖິງກຸ່ມຄົນທີ່ມີຄວາມສໍາພັນທາງສາຍເລືອດ ແລະໂດຍປົກກະຕິແລ້ວຈະໝາຍເຖິງ ພໍ່, ແມ່, ແລະບັນດາລູກໆ ຂອງເຂົາເຈົ້າ.  ບາງເທື່ອຈະລວມເຖິງພີ່ນ້ອງໃນລະດັບອື່ນໆ ນໍາເຊັ່ນ ປູ່, ຍ່າ, ຕາ, ຢາຍ, ຫລານ, ລຸງແລະປ້າ.</p><ul><li>ຄອບຄົວຊາວເຮັບເຣີ ເປັນຄອບຄົວຊຸມຊົນທາງສາສນາທີ່ສົ່ງຕໍ່ປະເພນີຜ່ານທາງການນະມັດສະການແລະການສັ່ງສອນ.</li><li>ໂດຍທົ່ວໄປແລ້ວ ພໍ່ເປັນຜູ້ທີ່ມີອໍານາດສໍາຄັນທີ່ສຸດຂອງຄອບຄົວ.</li><li>ຄອບຄົວ ອາດຈະລວມທັງຄົນໃຊ້ ເມຍນ້ອຍ ຫລືແມ່ນກັບທັງເຖິງຄົນຕ່າງຊາດ.</li><li>ບາງພາສາອາດຈະມີຖ້ອຍຄໍາທີ່ກວ້າງເຊັ່ນ "ຕະກູນ" ຫລື "ຄົວເຮືອນ" ທີ່ເໝາະສົມກັບໃນຖ້ອຍຄໍາຫລາຍກວ່າຄໍາວ່າຜູ້ປົກຄອງ ຫລືລູກຫລານທີ່ຖືກເວົ້າເຖິງ.</li><li>ຄໍາວ່າ "ຄອບຄົວ" ຖືກໃຊ້ເພື່ອເວົ້າເຖິງຄົນຜູ້ທີ່ມີຄວາມສໍາພັນ ຝ່າຍວິນຍານເຊັ່ນ ຄົນຜູ້ຊຶ່ງເປັນສ່ວນນຶ່ງໃນຄອບຄົວຂອງພຣະເຈົ້າ ເພາະເຂົາເຈົ້າເຊື່ອສັດທາໃນພຣະເຢຊູ.</li></ul>  
famine	<h2 id="section">@ການກັນດານອາຫານ @ຫລື @ການອຶດອາຫານ</h2><h3 id="section-1">ນິຍາມ</h3><p>ຄໍາວ່າ "ການກັນດານອາຫານ" ແມ່ນເວົ້າເຖິງການຂາດແຄນອາຫານຢ່າງຮຸນແຮງຕະຫລອດທັງປະເທດຫລືພູມິພາກ ຕາມປົກກະຕິແລ້ວແມ່ນເກີດຈາກບໍ່ມີນໍ້າຝົນທີ່ພຽງພໍ.</p><ul><li>ພືດຜົນສາມາດເສຍຫາຍໄດ້ເພາະສາຍເຫດທາງທໍາມະຊາດເຊັ່ນ ຝົນແລ້ງ ພືດເປັນພະຍາດ ຫລືຖືກແມງໄມ້ທໍາລາຍ.</li><li>ການຂາດແຄນອາຫານມີສາຍເຫດເນື່ອງມາຈາກປະຊາຊົນເຊັ່ນ ສັດຕູໄດ້ທໍາລາຍພືດພັນ.</li><li>ໃນພຣະຄັມພີ ພຣະເຈົ້າມັກຈະເຮັດໃຫ້ເກີດການກັນດານອາຫານ ເພື່ອເປັນການລົງໂທດຊົນຊາດທັງຫລາຍເມື່ອພວກເຂົາເຮັດບາບຕໍ່ຕ້ານພຣະອົງ.</li><li>ໃນພຣະທັມອາໂມດ 8:11 ຄໍາວ່າ, "ການກັນດານອາຫານ" ຖືກໃຊ້ໃນລັກສະນະການປຽບທຽບທີ່ເວົ້າເຖິງເວລາທີ່ພຣະເຈົ້າລົງໂທດປະຊາກອນຂອງພຣະອົງໂດຍການບໍ່ເວົ້າກັບພວກເຂົາ ໃນຈຸດນີ້ສາມາດແປໄດ້ດ້ວຍຄໍາວ່າ "ການກັນດານອາຫານ" ໃນພາສາຂອງທ່ານ ຫລືໃນຖ້ອຍຄໍາທີ່ວ່າ "ຂັດສົນຫລາຍ" ຫລື "ການກີດກັນຢ່າງຮຸນແຮງ."</li></ul>  
fast	<h2 id="section">@ອົດອາຫານ</h2><h3 id="section-1">ນິຍາມ</h3><p>ຄໍາວ່າ "ອົດອາຫານ" ໝາຍເຖິງການຢຸດກິນອາຫານໃນຊ່ວງໄລຍະເວລາໜຶ່ງເຊັ່ນ ໜຶ່ງວັນ ຫລືດົນກວ່ານັ້ນ ລາງເທື່ອຈະລວມເຖິງການງົດດື່ມນໍ້າດ້ວຍ.</p><ul><li>ການອົດອາຫານສາມາດຊ່ອຍໃຫ້ຄົນທີ່ຈະມີໃຈຈົດຈໍ່ທີ່ພຣະເຈົ້າ ແລະອະທິຖານໂດຍບໍ່ຖືກລົບກວນ ດ້ວຍການຕຽມອາຫານແລະ ການຮັບປະທານ.</li><li>ພຣະເຢຊູໄດ້ຕໍານິພວກຜູ້ນໍາສາສນາຢິວທີ່ອົດອາຫານດ້ວຍເຫດຜົນທີ່ຜິດໆ. ພວກເຂົາໄດ້ອົດອາຫານເພື່ອໃຫ້ຄົນອື່ນຄິດວ່າພວກເຂົາເປັນຄົນຊອບທັມ.</li><li>ບາງຄັ້ງ ບາງຄົນອົດອາຫານເພາະພວກເຂົາເສົ້າໂສກ ຫລືເສຍໃຈໃນບາງສິ່ງ.</li><li>ຄໍາວ່າ "ອົດອາຫານ" ສາມາດແປໄດ້ວ່າ "ງົດເວັ້ນຈາກການຮັບປະທານ" ຫລື "ບໍ່ຮັບປະທານ."</li><li>ຄໍາທີ່ວ່າ "ການອົດອາຫານ" ສາມາດແປໄດ້ອີກວ່າ "ເວລາຂອງການງົດຮັບປະທານ" ຫລື "ເວລາຂອງການລະເວັ້ນຈາກອາຫານ."</li></ul>  
father	<h2 id="section">@ປູ່ຍ່າຕາຢາຍ,ບິດາ,ບັນພະບຸຣຸດ</h2><h3 id="section-1">ນິຍາມ</h3><p>ເມື່ອໃຊ້ຕົວອັກສອນ,ຄຳວ່າ "ບິດາ" ອ້າງເຖິງຜູ້ປົກຄອງທີ່ເປັນຜູ້ຊາຍແຕ່ກໍມີລັກສະນະການໃຊ້ໃນແບບປຽບທຽບສຳລັບຄຳນີ້ດ້ວຍ.</p><ul><li>ຄຳວ່າ "ບິດາ" ແລະ "ບັນພະບຸລຸດ" ຫຼາຍຄັ້ງໃຊ້ເພື່ອກ່າວເຖິງບັນພະບຸລຸດຂອງຄົນໂດຍສະເພາະ ຫຼືກຸ່ມຄົນ ຄຳນີ້ສາມາດແປໄດ້ອີກວ່າ "ປູ່ຍ່າຕາຢາຍ" ຫຼື "ພໍ່ບັນພະບຸຣຸດ".</li><li>ການສະແດງອອກ "ພໍ່ຂອງ" ສາມາດປຽບທຽບກ່າວເຖິງຄົນທີ່ເປັນຜູ້ນຳກຸ່ມຂອງກຸ່ມຄົນທີ່ກ່ຽວຂ້ອງຫຼືແຫຼ່ງທີ່ມາຂອງບາງສິ່ງ. ຕົວຢ່າງເຊັ່ນ, ໃນປະຖົມມະການ ບົດທີ 4, "ພໍ່ຂອງທຸກຄົນທີ່ອາໃສຢູ່ໃນເຕັນ," ສາມາດແປໄດ້ໄດ້ອີກວ່າ, "ຫົວໜ້າຕະກູນຂອງຄົນກຸ່ມທຳອິດທີ່ອາໃສຢູ່ໃນເຕັນ".</li><li>ອັກຄະທູດໂປໂລປຽບທຽບຮຽກຕົວເອງວ່າ "ພໍ່" ຂອງຄົນເຫຼົ່ານັ້ນທີ່ເຂົາໄດ້ຊ່ວຍໃຫ້ມາເປັນຄຣິສະຕຽນໂດຍຜ່ານການແບ່ງປັນຂ່າວປະເສີດຂອງພວກເຂົາ.</li></ul><h3 id="section-2">ຄຳແນະນຳການແປ</h3><ul><li>ເມື່ອເວົ້າເຖິງບິດາແລະບຸດຊາຍຕາມຕົວອັກສອນຂອງເຂົາ, ຄຳນີ້ສາມາດແປໄດ້ອີກໂດຍການໃຊ້ຄຳປົກກະຕິທີ່ບົ່ງບອກເຖິງບິດາໃນພາສານັ້ນ.</li><li>"ພຣະເຈົ້າພຣະບິດາ" ຄວນແປດ້ວຍຄຳທົ່ວໄປ ທຳມະດາເປັນຄຳທີ່ໝາຍເຖິງ "ພໍ່".</li><li>ເມື່ອບົ່ງບອກເຖິງບັນພະບຸຣຸດ ຄຳນີ້ສາມາດແປໄດ້ວ່າ "ບັນພະບຸຣຸດ" ຫຼື "ພໍ່ບັນພະບຸຣຸດ".</li><li>ເມື່ອໂປໂລກ່າວເຖິງຕົວເອງໃນລັກສະນະປຽບທຽບໃນການເປັນບິດາແກ່ບັນດາຜູ້ສັດທາໃນພຣະຄຣິດນີ້ສາມາດແປໄດ້ວ່າ "ເປັນບິດາຝ່າຍວິນຍານ" ຫຼື "ບິດາໃນພຣະຄຣິດ".</li><li>ບາງຄັ້ງຄຳວ່າ "ບິດາ" ສາມາດແປໄດ້ອີກວ່າ "ຜູ້ນຳຕະກູນ".</li><li>ຄຳເວົ້າທີ່ວ່າ "ບິດາຂອງການຕົວະທັງຫຼາຍ"ສາມາດແປໄດ້ອີກວ່າ" ທີ່ມາຂອງການຕົວະທັງຫຼາຍ" ຫຼື "ຜູ້ທີ່ເປັນທີ່ມາຂອງການຕົວະລ່າຍທັງຫຼາຍ".</li></ul>  
favor	<h2 id="section">@ຊື່ນຊອບ, @ຊຶ່ງເປັນທີ່ຊື່ນຊອບ, @ຄວາມລຳອຽງ</h2><h3 id="section-1">ນິຍາມ</h3><p>ຄຳວ່າ "ຊື່ນຊອບ" ກ່າວເຖິງການທຳບາງສິ່ງທີ່ເປັນປະໂຫຍດກັບບາງຄົນໃນທາງບວກ. ບາງຢ່າງ "ຊຶ່ງເປັນທີ່ຊື່ນຊອບ" ທີ່ເປັນການຍອມຮັບ, ໃນທາງບວກ, ຫລືໃຫ້ປະໂຫຍດ.</p><ul><li>ຄຳວ່າ "ຄວາມລຳອຽງ" ໝາຍເຖິງການກະທຳຢ່າງຊື່ນຊອບຕໍ່ບາງຄົນແຕ່ບໍ່ແມ່ນທຸກຄົນ. ຫລາຍຄັ້ງຄວາມລຳອຽງຄືຄຳວ່າ "ລຳອຽງ" ໝາຍຄວາມເຖິງການກະທຳຢ່າງຊື່ນຊອບຕໍ່ບາງຄົນ, ແຕ່ບໍ່ແມ່ນຄົນອື່ນໆ.  ເຊັ່ນການສະແດງຕໍ່ຄົນລວຍຫລືຄົນທີ່ພິຈາລະນາກຳນົດໄວ້.</li><li>ພຣະເຢຊູຊົງໄດ້ເຕີບໂຕ "ດ້ວຍຄວາມຊື່ນຊອບຂອງ" ພຣະເຈົ້າແລະມະນຸດ. ນີ້ໝາຍຄວາມວ່າພວກເຂົາໄດ້ຍອມຮັບພຣະລັກສະນະແລະຄວາມປະພຶດຂອງພຣະອົງ.</li><li>ສຳນວນຄຳວ່າ "ຫາຄວາມຊື່ນຊອບ" ໝາຍເຖິງບຸກຄົນທີ່ໄດ້ເປັນທີ່ຍອມຮັບໂດຍບາງຄົນ.</li><li>ເມື່ອກະສັດຊົງສະແດງຄວາມຊື່ນຊອບແກ່ບາງຄົນ, ຫລາຍຄັ້ງມີຄວາມໝາຍວ່າພຣະອົງຊົງຍອມຮັບຄຳຮ້ອງຂໍຂອງຄົນນັ້ນແລະມອບໃຫ້.</li></ul><h3 id="section-2">ຄຳແນະນຳການແປ</h3><ul><li>ອີກແນວທາງໜຶ່ງໃນຄຳແປຄຳວ່າ "ຊື່ນຊອບ" ສາມາດລວມທັງ "ຄຳອວຍພອນ" ຫລື "ຜົນປະໂຫຍດໄດ້ດ້ວຍ."</li><li>ຄຳວ່າ "ປີແຫ່ງຄວາມຊື່ນຊອບຂອງພຣະຢາເວ" ສາມາດແປໄດ້ອີກວ່າ, "ປີນັ້ນ."</li></ul>  
fear	<h2 id="section">@ຄວາມຢ້ານກົວ, @ຢ້ານກົວ, @ຄວາມຢຳເກງພຣະຢາເວ</h2><h3 id="section-1">ນິຍາມ</h3><p>ຄຳວ່າ "ຄວາມກົວຢ້ານ" ແລະ "ຢ້ານກົວ" ໝາຍເຖິງຄວາມຮູ້ສຶກທີ່ບໍ່ໜ້າຍິນດີທີ່ຄົນຜູ້ໜຶ່ງມີ ເມື່ອເກີດອັນຕະລາຍຂຶ້ນຕໍ່ຕົນເອງຫລືຜູ້ອື່ນ.</p><ul><li>ຄຳວ່າ "ຄວາມກົວຢ້ານ" ສາມາດກ່າວເຖິງການໃຫ້ຄວາມເຄົາລົບນັບຖືທີ່ເລິກເຊິ່ງ ແລະການເຄົາລົບຕໍ່ຜູ້ທີ່ມີອຳນາດ.</li><li>ຄຳວ່າ  "ຄວາມຢຳເກງພຣະຢາເວ," ແລະຄຳທີ່ກ່ຽວຂ້ອງຢ່າງເຊັ່ນ "ຄວາມຢຳເກງພຣະເຈົ້າ" ແລະ "ຄວາມຢຳເກງອົງພຣະຜູ້ເປັນເຈົ້າ," ກ່າວເຖິງການເຄົາລົບນັບຖືຢ່າງເລິກເຊິ່ງຕໍ່ພຣະເຈົ້າແລະການສະແດງການໃຫ້ກຽດນັ້ນໂດຍການເຊື່ອຟັງພຣະອົງ. ຄວາມເກງກົວນີ້ຖືກຝັກດັນໂດຍການຮູ້ຈັກວ່າ ພຣະເຈົ້າຊົງບໍຣິສຸດແລະກຽດຊັງຄວາມບາບ.</li><li>ພຣະຄໍັມພີສອນໄວ້ວ່າຜູ້ທີ່ຢຳເກງພຣະຢາເວນັ້ນຈະສະຫລາດ.</li></ul><h3 id="section-2">ຄຳແນະນຳການແປ</h3><ul><li>ຂຶ້ນຢູ່ກັບບໍຣິບົດຂອງຂໍ້ນັ້ນ, "ທີ່ຈະຢຳເກງ" ສາມາດແປໄດ້ອີກວ່າ "ທີ່ຈະເກງກົວ" ຫລື "ທີ່ຈະໃຫ້ກຽດຢ່າງເລິກເຊິ່ງ" ຫລື "ທີ່ຈະນົບນ້ອມ" ຫລື "ເປັນທີ່ໜ້າເກງຂາມ."</li><li>ຄຳວ່າ "ຢ້ານກົວ" ສາມາດແປໄດ້ອີກວ່າ "ທຳໃຫ້ໜ້າຢ້ານກົວຫລາຍ" ຫລື "ທຳໃຫ້ຕົກໃຈ" ຫລື "ໜ້າຢ້ານກົວ."</li><li>ປະໂຫຍກ, ຄວາມກົວເກງພຣະເຈົ້າຈະຕົກຢູ່ເໜືອພວກເຂົາ ສາມາດແປໄດ້ອີກວ່າ, "ທັນໃດນັ້ນພວກເຂົາກໍຮູ້ສຶກເຖິງຄວາມໜ້າເກງກົວແລະໃຫ້ກຽດພຣະເຈົ້າຢ່າງເລິກເຊິ່ງ" ຫລື "ທັນໃດນັ້ນ, ພວກເຂົາຮູ້ສຶກປະຫລາດໃຈແລະນົບນ້ອມຕໍ່ພຣະເຈົ້າຢ່າງເລິກເຊິ່ງ" ຫລື "ຈາກນັ້ນ, ພວກເຂົາກໍຮູ້ສຶກຢ້ານກົວພຣະເຈົ້າ."</li></ul>  
feast	<h2 id="section">@ເທດສະການ, @ງານລ້ຽງ</h2><h3 id="section-1">ນິຍາມ</h3><p>ຄຳວ່າ "ເທດສະການ" ກ່າວເຖິງງານທີ່ມີຄົນຫລວງຫລາຍມາຮ່ວມກັນຮັບປະທານອາຫານຄາບໃຫຍ່, ຫລາຍໆຄັ້ງຄືການສະເຫລີມສະຫລອງບາງຢ່າງຮ່ວມກັນ. ການຈັດ "ເທດສະການ" ໝາຍເຖິງການຮັບປະທານອາຫານຫລວງຫລາຍຫລືຮ່ວມໃນການຮັບປະທານອາຫານງານລ້ຽງຮ່ວມກັນ.</p><ul><li>ຫລາຍຄັ້ງມີອາຫານພິເສດທີ່ກິນໃນງານລ້ຽງສະເຫລີມສະຫລອງບາງຢ່າງ.</li><li>ເທດສະການທາງສາສນາທີ່ພຣະເຈົ້າຊົງໄດ້ບັນຊາໃຫ້ຄົນຢິວສະເຫລີມສະຫລອງມັກຮ່ວມກັນທັງຈັດງານລ້ຽງດ້ວຍກັນ. ດ້ວຍເຫດນີ້ເທດສະການມັກຖືກຮຽກວ່າ "ງານລ້ຽງ."</li><li>ໃນສະໄໝພຣະຄັມພີ, ກະສັດແລະຄົນລ້ຳລວຍຮັ່ງມີແລະຄົນທີ່ມີອຳນາດມັກຈັດງານລ້ຽງ ຫລາຍໆເທື່ອເພື່ອຮັບຮອງຄອບຄົວຂອງພວກເຂົາຫລືບັນດາໝູ່ເພື່ອນ.</li><li>ໃນເລື່ອງລູກນ້ອຍຫລົງຫາຍ, ພໍ່ໄດ້ຈັດງານລ້ຽງພິເສດເພື່ອກຽມສະຫລອງການກັບມາຂອງລູກຊາຍຂອງເຂົາ.</li><li>ບາງຄັ້ງງານລ້ຽງຈະດຳເນີນໄປເລື້ອຍໆປະມານເຈັດວັນຫລືຫລາຍກ່ວານັ້ນ.</li><li>ຄຳວ່າ "ງານລ້ຽງ" ສາມາດແປໄດ້ວ່າ "ກິນຢ່າງຟຸມເຟືອຍ" ຫລື "ສະຫລອງໂດຍການການຮັບປະທານອາຫານຢ່າງຫລວງຫລາຍ" ຫລື "ຮັບປະທານພິເສດຄາບໃຫຍ່."</li><li>ບາງສໍານວນ, "ງານລ້ຽງ" ສາມາດແປໄດ້ວ່າ, "ການສະຫລອງຮ່ວມກັນດ້ວຍອາຫານຄາບໃຫຍ່" ຫລື "ອາຫານຄາບທີ່ມີອາຫານຫລວງຫລາຍ" ຫລື "ເທດສະການອາຫານ."</li></ul>  
fellowship	<h2 id="section">@ສາມັກຄີທັມ, @ຄວາມສາມັກຄີທັມ</h2><h3 id="section-1">ນິຍາມ</h3><p>ໂດຍທົ່ວໄປຄຳວ່າ "ສາມັກຄີທັມ" ກ່າວເຖິງການມີຄວາມສຳພັນແບບເພື່ອນລະຫວ່າງສະມາຊິກໃນກຸ່ມຄົນທີ່ແບ່ງປັນຄວາມສົນໃຈແລະປະສົບປະການທີ່ຄ້າຍຄືກັນ.</p><ul><li>ໃນພຣະຄັມພີ, ຄຳວ່າ "ສາມັກຄີທັມ" ປົກກະຕິແລ້ວກ່າວເຖິງຄວາມເປັນນຶ່ງດຽວກັນຂອງຜູ້ສັດທາໃນພຣະຄຣິດ.</li><li>ການສາມັກຄີທັມຂອງຄຣິສະຕຽນຄືການແບ່ງປັນຄວາມສຳພັນທີ່ຜູ້ສັດທາມີລະຫວ່າງກັນ ຜ່ານຄວາມສຳພັນຂອງພວກເຂົາກັບພຣະຄຣິດແລະພຣະວິນຍານບໍຣິສຸດ.</li><li>ຄຣິສະຕຽນຍຸກຕົ້ນໆ ສະແດງການສາມັກຄີທັມຂອງພວກເຂົາຜ່ານການຟັງຄຳສອນພຣະຄັມຂອງພຣະເຈົ້າແລະອະທິຖານດ້ວຍກັນ, ຜ່ານການແບ່ງປັນສິ່ງຂອງທີ່ພວກເຂົາມີ,ແລະການຮັບປະທານອາຫານຮ່ວມກັນ.</li><li>ຄຣິສະຕຽນກໍມີຄວາມສາມັກຄີທັມກັບພຣະເຈົ້າຜ່ານຄວາມເຊື່ອຂອງພວກເຂົາໃນພຣະເຢຊູແລະສິ້ນພຣະຊົນເທິງໄມ້ກາງແຂນທີ່ໄດ້ທຳລາຍອຸປະສັກລະຫວ່າງພຣະເຈົ້າກັບມະນຸດ.</li></ul><h3 id="section-2">ຄຳແນະນຳການແປ</h3><ul><li>ແນວທາງການແປຄຳວ່າ "ສາມັກຄີທັມ" ສາມາດລວມທັງຄຳວ່າ "ການແບ່ງປັນຊຶ່ງກັນແລະກັນ" ຫຼື "ສຳພັນທະໄມຕີ" ຫຼື "ຊຸມຊົນຄຣິສະຕຽນ".</li></ul>  
fellowship offering	<h2 id="section">@ເຄື່ອງສານບູຊາ</h2><h3 id="section-1">ນິຍາມ</h3><p>ໃນພັນທະສັນຍາເດີມ, "ເຄື່ອງສານບູຊາ" ຄືເຄື່ອງຖວາຍບູຊາຢ່າງໜຶ່ງຊຶ່ງໄດ້ຖວາຍດ້ວຍເຫດຜົນຫລາຍຢ່າງ, ເຊັ່ນການຖວາຍເພື່ອຂອບພຣະຄຸນພຣະເຈົ້າຫລືເພື່ອໃຫ້ຄຳປະຕິຍານສຳເລັດ.</p><ul><li>ການຖວາຍນີ້ເປັນການຖວາຍສັດ, ທີ່ອາດເປັນໂຕຜູ້ຫລືໂຕເມຍ. ທີ່ຕ່າງໄປຈາກເຄື່ອງເຜົາບູຊາທີ່ຕ້ອງໃຊ້ສັດຕົວຜູ້ເທົ່ານັ້ນ.</li><li>ຫລັງຈາກຖວາຍເຄື່ອງບູຊາແກ່ພຣະເຈົ້າ, ບຸກຄົນຜູ້ທີ່ໄດ້ນຳເຄື່ອງສານບູຊາມາຖວາຍຈະແບ່ງເນື້ອຊີ້ນກັບພວກປະໂລຫິດ ແລະອິສະຣາເອນຄົນອື່ນໆ.</li><li>ມີອາຫານທີ່ກ່ຽວຂ້ອງກັບການຖວາຍນີ້ຄື ເຂົ້າໜົມປັງບໍ່ມີເຊື້ອ.</li><li>ບາງຄັ້ງເອີ້ນການຖວາຍນີ້ວ່າ "ສານບູຊາ."</li></ul>  
festival	<h2 id="section">@ເທສະການ</h2><h3 id="section-1">ນິຍາມ</h3><p>ໂດຍທົ່ວໄປເທສະການຄືການສະເຫຼີມສະຫຼອງທີ່ຈັດໂດຍຄົນໃນຊຸມຊົນ.</p><ul><li>ຄຳວ່າ "ເທສະການ" ໃນພັນທະສັນຍາເດີມໝາຍຄວາມຕາມຕົວອັກສອນຄື "ເວລາທີ່ໄດ້ກຳນົດໄວ້".</li><li>ການສະເຫຼີມສະຫຼອງເທດສະການໂດຍຄົນອິສະຣາເອນມີການກຳນົດເວລາຫຼືລະດູການຕາມທີ່ພຣະເຈົ້າຊົງໄດ້ບັນຊາໃຫ້ພວກເຂົາທຳ.</li><li>ໃນພາສາອັງກິດບາງສະບັບຄຳວ່າ "ງານລ້ຽງ" ຖືກໃຊ້ຫຼາຍຄັ້ງແທນຄຳວ່າເທດສະການເພາະວ່າການສະເຫຼີມສະຫຼອງ ລວມທັງການຮັບປະທານອາຫານຄາບໃຫຍ່ຮ່ວມກັນ.</li><li>ມີງານເທດສະການຫຼັກໆ ທີ່ຄົນອິສະຣາເອນສະຫຼອງທຸກປີເຊັ່ນ:</li><li>ປັດສະຄາ.</li><li>ເທສະການເຂົ້າໜົມປັງບໍ່ມີເຊື້ອ.</li><li>ຜົນລະປູກທຳອິດ.</li><li>ເທສະການແຫ່ງສັບປະດາ(ເພັນເທຄ໊ອດ).</li><li>ເທສະການສຽງແກ.</li><li>ວັນລຶບລ້າງບາບ.</li><li>ເທສະການຢູ່ໄຟ.</li><li>ຈຸດປະສົງຂອງເທດສະການເຫຼົ່ານີ້ຄືການຂອບພຣະຄຸນພຣະເຈົ້າແລະລະນຶກເຖິງສິ່ງມະຫັດສະຈັນທັງຫຼາຍທີ່ພຣະອົງຊົງໄດ້ທຳເພື່ອຊ່ວຍເຫຼືອປົກປ້ອງແລະຈັດຕຽມເພື່ອປະຊາກອນຂອງພຣະອົງ.</li></ul>  
fig	<h2 id="section">@ໝາກເດື່ອ</h2><h3 id="section-1">ນິຍາມ</h3><p>ໝາກເດື່ອເປັນໝາກໄມ້ໜ່ວຍນ້ອຍໆ, ນຸ້ມ ມີລົດຫວານຊຶ່ງເປັນໝາກຈາກຕົ້ນໝາກເດື່ອ. ເມື່ອໝາກສຸກ ໝາກນີ້ມີຫຼາຍສີ, ລວມທັງສີນ້ຳຕານ, ສີເຫຼືອງ, ຫຼືສີມ່ວງ.</p><ul><li>ຕົ້ນໝາກເດື່ອສາມາດໃຫຍ່ໄດ້ສູງເຖິງ 6 ແມັດແລະໃບທີ່ໃຫຍ່ຂອງຕົ້ນໝາກເດື່ອກໍຍັງໃຫ້ຮົ່ມເງົາທີ່ດີ. ໝາກເດື່ອຍາວປະມານ 3-5 ຊັງຕີແມັດ.</li><li>ອາດາມແລະເອວາໄດ້ໃຊ້ໃບໝາກເດື່ອທຳເປັນເຄື່ອງນຸ່ງຫົ່ມສຳລັບພວກເຂົາຫຼັງຈາກພວກເຂົາໄດ້ທຳບາບ.</li><li>ໝາກເດື່ອ ສາມາດຮັບປະທານສົດ, ຫຼືທຳອາຫານ,ຫຼືເຮັດໃຫ້ແຫ້ງ.ຄົນສາມາດຫັ່ນເປັນຕ່ອນນ້ອຍໆ ເຮັດເປັນເຂົ້າໜົມເຄັກເພື່ອຮັບປະທານໃນພາຍຫຼັງ.</li><li>ໄລຍະເວລາໃນພຣະຄັມພີ, ໝາກເດື່ອເປັນສິນຄ້າສົ່ງອອກ ເປັນແຫຼ່ງອາຫານແລະລາຍໄດ້ທີ່ສຳຄັນ.</li><li>ພຣະຄັມພີເວົ້າເຖິງຕົ້ນໝາກເດື່ອທີ່ເກີດໝາກຫຼາຍໆຄັ້ງໃນຮູບແບບທີ່ເປັນໝາຍສຳຄັນຂອງຄວາມຮຸ່ງເຮືອງ.</li></ul>  
filled	<h2 id="section">@ປະກອບດ້ວຍພຣະວິນຍານ</h2><h3 id="section-1">ນິຍາມ</h3><p>ຄຳວ່າ "ປະກອບດ້ວຍພຣະວິນຍານ" ເປັນຮູບແບບການສະແດງອອກໃນທາງປຽບທຽບທີ່ໝາຍຄວາມວ່າພຣະວິນຍານບໍຣິສຸດກຳລັງເພີ້ມອຳນາດໃຫ້ບຸກຄົນທີ່ຈະທຳຕາມນ້ຳພຣະທັຍຂອງພຣະເຈົ້າ.</p><ul><li>ປະໂຫຍດ "ປະກອບດ້ວຍ" ເປັນສຳນວນທີ່ຫຼາຍໆຄັ້ງໝາຍເຖິງ"ຄວບຄຸມໂດຍ".</li><li>ຜູ້ຄົນ "ປະກອບໄປດ້ວຍພຣະວິນຍານ" ເມື່ອພວກເຂົາຕິດຕາມການຊົງນຳຂອງພຣະວິນຍານບໍຣິສຸດ ແລະເພິ່ງພາພຣະອົງຢ່າງເຕັມທີ ໃຫ້ຊ່ວຍພວກເຂົາສາມາດທຳຕາມທີ່ພຣະເຈົ້າຊົງຕ້ອງການໄດ້.</li></ul><h3 id="section-2">ຄຳແນະນຳການແປ</h3><ul><li>ຄຳນີ້ສາມາດແປໄດ້ວ່າ "ເພີ່ມອຳນາດໂດຍພຣະວິນຍານບໍຣິສຸດ" ຫຼື "ຄວບຄຸມໂດຍພຣະວິນຍານບໍຣິສຸດ." ແຕ່ບໍ່ຄວນຈະແປໃຫ້ຟັງເໝືອນກັບວ່າພຣະວິນຍານບໍຣິສຸດກຳລັງບັງຄັບບຸກຄົນໃຫ້ທຳບາງສິ່ງ.</li><li>ຕົວຢ່າງປະໂຫຍດເຊັ່ນນີ້ "ເຂົາໄດ້ປະກອບໄປດ້ວຍພຣະວິນຍານ" ສາມາດແປໄດ້ອີກວ່າ, "ເຂົາມີຊີວິດທີ່ເຕັມລົ້ນໄດ້ດ້ວຍພະລັງຂອງພຣະວິນຍານ" ຫຼື "ເຂົາໄດ້ຮັບການຊົງນຳຢ່າງສົມບູນໂດຍພຣະວິນຍານບໍຣິສຸດ" ຫຼື "ພຣະວິນຍານບໍຣິສຸດໄດ້ຊົງນຳເຂົາຢ່າງສົມບູນ."</li><li>ຄຳນີ້ມີຄວາມໝາຍທີ່ຄ້າຍຄືກັບສຳນວນທີ່ວ່າ "ມີຊີວິດຢູ່ໂດຍພຣະວິນຍານ" ແຕ່ "ປະກອບດ້ວຍພຣະວິນຍານ" ເນັ້ນໄດ້ຢ່າງສົມບູນແບບທີ່ວ່າຄົນນັ້ນໄດ້ອະນຸຍາດໃຫ້ພຣະວິນຍານບໍຣິສຸດໃນການຄວບຄຸມ ຫຼືມີອິດທິພົນເໜືອຊີວິດຂອງເຂົາ. ດັ່ງນັ້ນຖ້າເປັນໄປໄດ້ ສຳນວນທັງສອງຄວນມີການແປທີ່ແຕກຕ່າງກັນ.</li></ul>  
fire	<h2 id="section">@ໄຟ</h2><h3 id="section-1">ນິຍາມ</h3><p>ໄຟຄືຄວາມຮ້ອນ, ຄວາມສະຫວ່າງ,ແລະແປວໄຟທີ່ເກີດມາຈາກການທີ່ບາງສິ່ງຖືກເຜົາ.</p><ul><li>ການເຜົາໄມ້ດ້ວຍໄຟປ່ຽນໃຫ້ໄມ້ກາຍເປັນຂີ້ເຖົ່າ.</li><li>ຄຳວ່າ "ໄຟ" ຍັງໃຊ້ໃນທາງປຽບທຽບ, ປົກກະຕິກ່າວເຖິງການພິພາກສາຫຼືການຊຳຣະໃຫ້ບໍຣິສຸດ.</li><li>ການພິພາກສາຄັ້ງສຸດທ້າຍຂອງຜູ້ທີ່ບໍ່ສັດທາຄືໄຟນາຣົກ.</li><li>ໄຟໃຊ້ໃນການທຳໃຫ້ທອງຄຳ ຫຼືໂລຫະອື່ນໆບໍຣິສຸດ.ໃນພຣະຄັມພີ, ຂະບວນການນີ້ໃຊ້ອະທິບາຍເຖິງວິທີການທີ່ພຣະເຈົ້າຊົງຊຳຣະປະຊາກອນຜ່ານການລຳບາກຕ່າງໆ ທີ່ເກີດຂຶ້ນໃນຊີວິດຂອງພວກເຂົາ.</li><li>ປະໂຫຍກທີ່ວ່າ "ບັບຕິສະມາດ້ວຍໄຟ" ສາມາດແປໄດ້ວ່າ,ທຳໃຫ້ທ່ານມີປະສົບປະການທຸກຍາກລຳບາກທີ່ທຳໃຫ້ທ່ານບໍຣິສຸດ.</li></ul>  
fir	<h2 id="section">@ຕົ້ນແປກ</h2><h3 id="section-1">ນິຍາມ</h3><p>ຄຳວ່າ "ຕົ້ນແປກ" ກ່າວເຖິງປະເພດຂອງຕົ້ນໄມ້ທີ່ມີສີຂຽວຕະຫລອດທັງປີແລະຕົ້ນໄມ້ທີ່ມີໝາກຮູບຈວຍແລະມີເມັດຢູ່ຂ້າງໃນ.</p><ul><li>ຕົ້ນແປກຍັງກ່າວເຖິງຕົ້ນໄມ້ທີ່ "ຂຽວຕະຫລອດ"</li><li>ໃນສະໄໝບູຮານ, ໄມ້ຂອງຕົ້ນແປກໄດ້ຖືກໃຊ້ສຳລັບເຮັດເຄື່ອງດົນຕຣີແລະເປັນໂຄງສ້າງສຳລັບສິ່ງກໍ່ສ້າງ ເຊັ່ນ ເຮືອ, ເຮືອນ, ແລະວິຫານ.</li><li>ຕົວຢ່າງ ຕົ້ນແປກທີ່ກ່າວໃນພຣະຄໍາພີຄື  ຕົ້ນແປກ, ຕົ້ນແປກຊີດາ, ຕົ້ນແປກສາມໃບ, ແລະຕົ້ນຈູນີເປີ.</li></ul>  
firstborn	<h2 id="section">@ບຸດຫົວປີ</h2><h3 id="section-1">ນິຍາມ</h3><p>ຄຳວ່າ "ບຸດຫົວປີ" ກ່າວເຖິງການຖວາຍຄົນ ຫຼືສັດທີ່ເກີດມາເປັນບຸດຫົວປີ, ກ່ອນທີ່ບຸດຄົນໆ ອື່ນໆຈະເກີດ ປົກກະຕິຄືບຸດຫົວປີ.</p><ul><li>ໃນພຣະຄັມພີ "ບຸດຫົວປີ" ມັກກ່າວເຖິງບຸດຊາຍຄົນທຳອິດທີ່ເກີດອອກມາ.</li><li>ໃນລະຍະເວລາພຣະຄັມພີ, ບຸດຊາຍຫົວປີຈະໄດ້ຮັບຄວາມສຳຄັນແລະມໍຣະດົກທີ່ເຂົາຈະໄດ້ຮັບຈາກຄອບຄົວນັ້ນຫຼາຍກ່ວາບຸດຊາຍຄົນອື່ນເຖິງສອງເທົ່າ.</li><li>ຫຼາຍໆຄັ້ງຈະເປັນສັດຕົວຜູ້ຫົວປີທີ່ຖືກໃຊ້ເປັນເຄື່ອງຖວາຍບູຊາແກ່ພຣະເຈົ້າ.</li><li>ແນວຄິດນີ້ສາມາດໃຊ້ຢ່າງປຽບທຽບໄດ້ ຕົວຢ່າງເຊັ່ນຊົນຊາດອິສະຣາເອນຖືກຮຽກວ່າເປັນບຸດຊາຍຫົວປີຂອງພຣະເຈົ້າເພາະວ່າພຣະເຈົ້າຊົງໄດ້ໃຫ້ສິດທິພິເສດເໜືອຊົນຊາດອື່ນ.</li><li>ພຣະເຢຊູ, ພຣະບຸດຂອງພຣະເຈົ້າຖືກຮຽກວ່າເປັນບຸດຫົວປີຂອງພຣະເຈົ້າເພາະຄວາມສຳຄັນຂອງພຣະອົງແລະສິດທິອຳນາດທີ່ເໜືອກ່ວາໃຜທັງປວງ.</li></ul><h3 id="section-2">ຄຳແນະນຳການແປ</h3><ul><li>ເມື່ອ "ບຸດຫົວປີ" ເກີດຂຶ້ນໃນຂໍ້ນັ້ນພຽງຄຳດຽວ, ຄຳນີ້ສາມາດແປໄດ້ວ່າ "ຜູ້ຊາຍທີ່ເກີດຄົນທຳອິດ," ຫຼື "ບຸດຊາຍຫົວປີ" ຊຶ່ງເປັນຄວາມໃນຂອງຄຳນີ້.</li></ul>  
firstfruit	<h2 id="section">@ໝາກທຳອິດ</h2><h3 id="section-1">ນິຍາມ</h3><p>ຄຳວ່າ "ໝາກທຳອິດ" ກ່າວເຖິງສ່ວນທຳອິດຂອງພືດຜົນລະໄມ້ແລະຜັກທີ່ຖືກເກັບກ່ຽວໃນລະຫ່ວາງລະດູການເກັບກ່ຽວແຕ່ລະຄັ້ງ.</p><ul><li>ຊົນຊາດອິສະຣາເອນຖວາຍໝາກທຳອິດເຫຼົ່ານີ້ເພື່ອເປັນເຄື່ອງຖວາຍບູຊາ.</li><li>ຄຳນີ້ຍັງໃຊ້ເປັນຄຳປຽບທຽບໃນພຣະຄັມພີເປັນການກ່າວເຖິງບຸດຊາຍຫົວປີທີ່ໄດ້ເກີດມາເປັນໝາກທຳອິດຂອງຄອບຄົວ. ນັ້ນກໍເພາະວ່າເຂົາເປັນບຸດຊາຍທີ່ເກີດມາໃນຄອບຄົວຄົນທຳອິດ, ເຂົາຈະເປັນຄົນທີ່ສືບທອດຊື່ຕະກູນຂອງຄອບຄົວແລະກຽດຕິຍົດ.</li><li>ເພາະວ່າພຣະເຢຊູຊົງໄດ້ເປັນຂຶ້ນມາຈາກຄວາມຕາຍ, ພຣະອົງຊົງຖືກຮຽກວ່າເປັນ "ໝາກທຳອິດ" ແກ່ຜູ້ສັດທາທຸກຄົນທີ່ເຊື່ອໃນພຣະອົງວ່າຜູ້ທີ່ໄດ້ຕາຍໄປແລ້ວແຕ່ວັນນຶ່ງຈະກັບເປັນຂຶ້ນມາມີຊີວິດ.</li><li>ຜູ້ສັດທາທັງຫຼາຍໃນພຣະເຢຊູຍັງຖືກຮຽກວ່າເປັນ "ໝາກທຳອິດ" ທ່າມກາງສິ່ງຊົງສ້າງທັງຫຼາຍ, ສຳແດງໃຫ້ເຫັນເຖິງສິດທິພິເສດແລະຕຳແໜ່ງຂອງຄົນເຫຼົ່ານັ້ນທີ່ພຣະເຢຊູຊົງໄດ້ໄຖ່ແລະຮຽກເອີ້ນໃຫ້ມາເປັນປະຊາກອນຂອງພຣະອົງ.</li></ul><h3 id="section-2">ຄຳແນະນຳການແປ</h3><ul><li>ການໃຊ້ຕາມຕົວອັກສອນຂອງຄຳນີ້ສາມາດແປໄດ້ອີກວ່າ "ສ່ວນທຳອິດ".</li></ul>  
fisherman	<h2 id="section">@ຊາວປະມົງ, @ຄົນຫາປາ</h2><h3 id="section-1">ນິຍາມ</h3><p>ຊາວປະມົງຄືຄົນທີ່ຫາຈັບປາຈາກແມ່ນ້ຳເພື່ອຫາເງິນ. ໃນພັນທະສັນຍາໃໝ່, ຊາວປະມົງໃຊ້ອວນໃຫຍ່ເພື່ອຈັບປາ. ຄຳວ່າ "ຄົນຫາປາ" ເປັນຊື່ເອີ້ນອີກຊື່ໜຶ່ງສຳລັບຊາວປະມົງ.</p><ul><li>ເປໂຕແລະອັກຄະທູດຄົນອື່ນໆ ທຳງານເປັນຊາວປະມົງກ່ອນທີ່ພຣະເຢຊູຈະຊົງເອີ້ນພວກເຂົາ.</li><li>ດິນແດນຂອງຊົນຊາດອິສະຣາເອນຢູ່ໃກ້ນ້ຳ, ພຣະຄັມພີມີການອ້າງອີງຢ່າງຫລວງຫລາຍໃນສ່ວນທີ່ກ່ຽວຂ້ອງກັບປາແລະຊາວປະມົງ.</li><li>ຄຳນີ້ສາມາດແປໄດ້ອີກດ້ວຍປະໂຫຍກເຊັ່ນ, "ຄົນທີ່ຈັບປາ" ຫລື "ຄົນທີ່ຫາເງິນໂດຍການຈັບປາ."</li></ul>  
flesh	<h2 id="section">@ເນື້ອໜັງ</h2><h3 id="section-1">ນິຍາມ</h3><p>ໃນພຣະຄັມພີຄຳວ່າ "ເນື້ອໜັງ" ຕາມຕົວອັກສອນກ່າວເຖິງສິ່ງທີ່ນຸ້ມນວນທາງກາຍະພາບຂອງຮ່າງກາຍຂອງມະນຸດຫຼືສັດ.</p><ul><li>ພຣະຄັມພີໃຊ້ຄຳວ່າ "ເນື້ອໜັງ" ໃນຮູບແບບປຽບທຽບທີ່ກ່າວເຖິງມະນຸດທຸກຄົນ ຫຼືສິ່ງມີຊີວິດທຸກຢ່າງ.</li><li>ໃນພັນທະສັນຍາໃໝ່ຄຳວ່າ "ເນື້ອໜັງ" ໃຊ້ເພື່ອອ້າງເຖິງຄວາມບາບຊຶ່ງເປັນທຳມະຊາດຂອງມະນຸດ. ຄຳນີ້ມັກໃຊ້ໃນລັກສະນະທີ່ແຕກຕ່າງກັບທຳມະຊາດຝ່າຍວິນຍານຂອງພວກເຂົາ.</li><li>ສ່ວນສຳນວນຄຳວ່າ, "ເນື້ອແລະເລືອດຂອງຕົນ" ອ້າງເຖິງທີ່ບາງຄົນກ່ຽວຂ້ອງກັບອີກຄົນໂດຍທາງສາຍເລືອດ,ຕົວຢ່າງເຊັ່ນ ພໍ່ແມ່, ຍາດ,ບຸດຫຼານ.</li><li>ສ່ວນສຳນວນຄຳວ່າ "ເນື້ອແລະເລືອດ" ສາມາດໝາຍເຖິງບັນພະບຸຣຸດຫຼືລູກຫຼານຂອງຄົນນັ້ນ.</li><li>ການສະແດງອອກຂອງຄຳວ່າ "ເນື້ອດຽວກັນ" ກ່າວເຖິງການເປັນໜຶ່ງດຽວທາງກາຍະພາບຂອງຜູ້ຊາຍແລະຜູ້ຍິງໃນການແຕ່ງງານ.</li></ul><h3 id="section-2">ຄຳແນະນຳການແປ</h3><ul><li>ໃນບໍຣິບົດຂອງຮ່າງກາຍສັດ, "ເນື້ອໜັງ" ສາມາດແປໄດ້ອີກວ່າ "ຮ່າງກາຍ" ຫຼື "ໜັງ" ຫຼື "ເນື້ອ".</li><li>ເມື່ອຄຳນີ້ຖືກໃຊ້ກ່າວເຖິງມະນຸດທັງໝົດ, ຄຳນີ້ສາມາດແປໄດ້ອີກວ່າ  "ປະຊາຊົນ" ຫຼື "ມະນຸດ" ຫຼື "ທຸກຄົນທີ່ມີຊີວິດ".</li><li>ເມື່ອເອີ່ຍເຖິງມະນຸດທຸກຄົນທົ່ວໄປ, ຄຳນີ້ສາມາດແປໄດ້ອີກວ່າ "ຄົນ" ຫຼື "ມະນຸດ" ຫຼື "ທຸກຄົນທີ່ມີຊີວິດ".</li><li>ສຳນວນ, "ເນື້ອແລະເລືອດ" ສາມາດແປໄດ້ອີກວ່າ "ຍາດ" ຫຼື "ຄອບຄົວຫຼື "ຍາດພີ່ນ້ອງ" ຫຼື "ຕະກູນຄອບຄົວ," ແລະຍັງມີອີກຫຼາຍຂໍ້ທີ່ສາມາດແປດ້ວຍຄຳວ່າ "ບັນພະບຸຣຸດ" ຫຼື "ບັນດາເຊື້ອສາຍ".</li><li>ໃນບາງພາສາອາດຈະມີຄຳທີ່ສະແດງອອກໃນຄວາມໝາຍດຽວກັນກັບ "ເນື້ອແລະເລືອດ".</li><li>ຄຳເວົ້າທີ່ສະແດງວ່າ, "ກາຍເປັນເນື້ອດຽວ" ສາມາດແປໄດ້ອີກວ່າ, "ຮ່ວມທາງເພດ" ຫຼື "ກາຍເປັນກາຍດຽວກັນ" ຫຼື "ກາຍເປັນເໝືອນບຸກຄົນດຽວໃນທາງຮ່າງກາຍແລະວິນຍານ." ການແປຂໍ້ຄວາມນີ້ຄວນກວດສອບໃຫ້ແນ່ໃຈວ່າເປັນສິ່ງທີ່ຍອມຮັບໃນພາສາທີ່ແປແລະວັດທະນະທັມ.</li></ul>  
flock	<h2 id="section">@ຝູງ, @ຝູງສັດ</h2><h3 id="section-1">ນິຍາມ</h3><p>ໃນພຣະຄັມພີ, "ຝູງ" ກ່າວເຖິງຝູງແກະຫລືຝູງແບ້ແລະ "ຝູງສັດ" ກ່າວເຖິງຝູງຄວາຍ, ງົວ, ຫລື ໝູ.</p><ul><li>ພາສາທີ່ແຕກຕ່າງກັນອາດໃຊ້ຄຳທີ່ແຕກຕ່າງກັນໃນການເອີ້ນຝູງສັດຫລືນົກ.</li><li>ຕົວຢ່າງເຊັ່ນ, ໃນພາສາອັງກິດ  "ຝູງສັດ" ສາມາດໃຊ້ໄດ້ກັບແກະແລະແບ້, ແຕ່ໃນພຣະຄັມພີປົກກະຕິແລ້ວບໍ່ມັກໃຊ້ແບບນີ້.</li><li>ຄຳວ່າ "ຝູງ" ໃນພາສາອັງກິດສາມາດໃຊ້ເອີ້ນຝູງນົກ, ແຕ່ບໍ່ສາມາດໃຊ້ສຳລັບໝູ, ຄວາຍ, ຫລືປະສຸສັດ.</li><li>ໃຫ້ພິຈາລະນາຄຳທີ່ສາມາດໃຊ້ໄດ້ໃນພາສາຂອງທ່ານເພື່ອບົ່ງບອກເຖິງຄວາມແຕກຕ່າງໃນການເອີ້ນຝູງສັດແຕ່ລະຊະນິດ.</li><li>ສຳລັບຂໍ້ຕ່າງໆ ທີ່ບົ່ງບອກເຖິງ "ຝູງແລະຝູງສັດ" ອາດຈະດີກວ່າຖ້າເພີ່ມຊື່ຂອງສັດເຂົ້າໄປດ້ວຍເຊັ່ນ, "ຂອງແກະ" ຫລື "ຂອງຄວາຍ" ຖ້າໃນພາສານັ້ນບໍ່ມີຄຳທີ່ແຕກຕ່າງກັນສຳລັບຊະນິດທີ່ແຕກຕ່າງຂອງຝູງສັດ.</li></ul>  
flood	<h2 id="section">@ນ້ຳຖ້ວມ</h2><h3 id="section-1">ນິຍາມ</h3><p>ຄຳວ່າ ນ້ຳຖ້ວມ ຕາມຕົວອັກສອນແລ້ວໝາຍເຖິງປະລິມານທີ່ຫຼວງຫຼາຍຂອງນ້ຳທີ່ປົກຄຸມທົ່ວທັງແຜ່ນດິນ.</p><ul><li>ຄຳນີ້ຍັງໃຊ້ເພື່ອປຽບທຽບເຖິງປະລິມານຂອງບາງສິ່ງທີ່ຖ້ວມທົ້ນ,ໂດຍສະເພາະເມື່ອສິ່ງນັ້ນເກີດຂຶ້ນຢ່າງກະທັນຫັນ.</li><li>ໃນສະໄໝຂອງໂນອາ, ມະນຸດທຳຕົວຊົ່ວຮ້າຍຈົນພຣະເຈົ້າທຳໃຫ້ເກີດໄພພິບັດນ້ຳຖ້ວມໂລກ, ທົ່ວພື້ນຜີວໂລກປົກຄຸມມືດຈົນເຖິງຍອດພູ. ທຸກຄົນທີ່ບໍ່ໄດ້ຢູ່ໃນເຮືອກັບໂນອາ ຕ້ອງຈົມນ້ຳ, ນ້ຳຖ້ວມອື່ນ ໆ ຄອບຄຸມພື້ນທີ່ນ້ອຍກ່ວາ.</li><li>ຄຳນີ້ສາມາດເປັນການກະທຳເຊັ່ນແຜ່ນດິນຖືກຖ້ວມ,ໂດຍນ້ຳຈາກແມ່ນ້ຳ.</li></ul><h3 id="section-2">ຄຳແນະນຳການແປ</h3><ul><li>ແນວທາງການແປຕາມຕົວອັກສອນຄຳວ່າ "ນ້ຳຖ້ວມ" ສາມາດລວມທັງນ້ຳໄຫຼຫຼາກ," ຫຼື "ປະລິມານນ້ຳທີ່ຫຼວງຫຼາຍ."</li><li>ການໃຊ້ຮູບແບບປຽບທຽບ, "ເໝືອນກັບນ້ຳຖ້ວມ" ສາມາດຮັກສາໄວ້ຊຶ່ງຄຳຕາມຕົວອັກສອນ, ຫຼືແທນດ້ວຍຄຳທີ່ສາມາດບົ່ງບອກເຖິງບາງສິ່ງທີ່ມີລັກສະນະກຳລັງໄຫຼຢູ່ ເຊັ່ນແມ່ນ້ຳ.</li><li>ການສະແດງເຖິງ "ເໝືອນກັບນ້ຳຖ້ວມ" ເມື່ອມີຄຳວ່ານ້ຳຢູ່ແລ້ວ ຄຳວ່າ "ຖ້ວມ"  ສາມາດແປໄດ້ອີກວ່າ,  "ຈຳນວນນ້ຳຫຼວງຫຼາຍທີ່ລົ້ນຢູ່" ຫຼື  ໄຫຼຫຼາກ."</li><li>ຄຳນີ້ສາມາດໃຊ້ເປັນຄຳອຸປະມາໄດ້ເໝືອນກັນ "ຢ່າໃຫ້ນ້ຳນີ້ຖ້ວມເໜືອຂ້າພຣະເຈົ້າ"ຊຶ່ງໝາຍຄວາມວ່າ ຢ່າໃຫ້ຫາຍະນະເຫຼົ່ານີ້ເກີດຂຶ້ນ ແກ່ຂ້າພຣະເຈົ້າ" ຫຼື "ຢ່າໃຫ້ຂ້າພຣະເຈົ້າຖືກທຳລາຍໂດຍໄພພິບັດເຫຼົ່ານີ້" ຫຼື "ຢ່າໃຫ້ຄວາມໂກດຮ້າຍຂອງພຣະອົງລ້າງຜານຂ້າພຣະອົງ."</li></ul>  
flute	<h2 id="section">@ຂຸ່ຍ, @ເຄື່ອງດົນຕຣີປະເພດເປົ່າ @ຫຼືຂຸ່ຍ</h2><h3 id="section-1">ນິຍາມ</h3><p>ໃນສໄໝພຣະຄັມພີ ຂຸ່ຍເປັນເຄື່ອງດົນຕຣີທີ່ທຳມາຈາກກະດູກຫຼືໂດຍການເຈາະຮູເພື່ອໃຫ້ສຽງອອກມາ. ຂຸ່ຍຄືເຄື່ອງດົນຕຣີປະເພດເປົ່າຊະນິດໜຶ່ງ.</p><ul><li>ເຄື່ອງດົນຕຣີປະເພດເປົ່າເກືອບທັງໝົດມີຮ່ອງທີ່ທຳຈາກຫຍ້າໜ້າທີ່ຖືກສັ່ນສະເທືອນດ້ວຍລົມທີ່ເປົ່າອອກໄປ.</li><li>ເຄື່ອງດົນຕຣີປະເພດເປົ່າທີ່ບໍ່ມີຮ່ອງ ມັກຈະຖືກເອີ້ນວ່າ"ຂຸ່ຍ".</li><li>ຄົນລ້ຽງແກະມັກຈະໃຊ້ຂຸ່ຍເພື່ອທຳໃຫ້ຝູງແກະຂອງພວກເຂົາສະຫງົບ.</li><li>ເຄື່ອງດົນຕຣີປະເພດເປົ່າ ແລະຂຸ່ຍໃຊ້ເພື່ອຫຼິ້ນທັງດົນຕຣີທີ່ເສົ້າແລະດົນຕຣີທີ່ຊື່ນຊົມຍິນດີ.</li></ul>  
foolish	<h2 id="section">@ຄົນໂງ່, @ໂງ່, @ຄວາມໂງ່</h2><h3 id="section-1">ນິຍາມ</h3><p>ຄຳວ່າ "ຄົນໂງ່" ກ່າວເຖິງຄົນທີ່ມັກເລືອກສິ່ງທີ່ຜິດໆ, ໂດຍສະເພາະຢ່າງຍິ່ງ ການເລືອກທີ່ບໍ່ເຊື່ອຟັງ ຄຳວ່າ "ໂງ່" ບັນລະຍາຍວ່າຄົນຫຼືພຶດຕິກຳທີ່ບໍ່ສະຫຼາດ.</p><ul><li>ໃນພຣະຄັມພີຄຳວ່າ "ຄົນໂງ່" ມັກຈະອ້າງເຖິງຄົນທີ່ບໍ່ສັດທາຫຼືບໍ່ເຊື່ອຟັງພຣະເຈົ້າ. ຄຳນີ້ຈະແຕກຕ່າງກັບຄົນສະຫຼາດ, ຜູ້ທີ່ວາງໃຈໃນພຣະເຈົ້າແລະເຊື່ອຟັງພຣະອົງ.</li><li>ໃນເພງສັນລະເສີນ, ດາວິດບັນລະຍາຍວ່າຄົນໂງ່ນັ້ນຄືຄົນທີ່ບໍ່ສັດທາໃນພຣະເຈົ້າ,ຜູ້ທີ່ເພີກເສີຍຕໍ່ຫຼັກຖານການຊົງສ້າງຂອງພຣະອົງ.</li><li>ໃນພັນທະສັນຍາເດີມໃນພຣະທັມສຸພາສິດໃຫ້ຄຳອະທິບາຍຫຼາຍຢ່າງກ່ຽວກັບຄົນໂງ່,ຫຼືບຸກຄົນທີ່ໂງ່ຈ້ານັ້ນເປັນຢ່າງໃດ.</li><li>ຄຳວ່າ "ຄວາມໂງ່" ອ້າງເຖິງການກະທຳທີ່ບໍ່ສະຫຼາດເພາະວ່າສິ່ງນັ້ນຕໍ່ຕ້ານນ້ຳພຣະທັຍພຣະເຈົ້າ ຫຼາຍໆຄັ້ງຄຳວ່າ "ຄວາມໂງ່" ຍັງລວມເຖິງຄວາມໝາຍຂອງບາງສິ່ງທີ່ໜ້າຢາກຫົວຫຼືອັນຕະລາຍດ້ວຍ.</li></ul><h3 id="section-2">ຄຳແນະນຳການແປ</h3><ul><li>ຄຳວ່າ "ຄົນໂງ່" ສາມາດແປໄດ້ອີກວ່າ "ຄົນຈ້າ" ຫຼື "ຄົນທີ່ບໍ່ສະຫຼາດ " ຫຼື "ຄົນທີ່ໄຮ້ສາລະ" ຫຼື "ຄົນອະທັມ"</li><li>ແນວທາງການແປຄຳວ່າ "ໂງ່" ສາມາດລວມທັງ "ຂາດຄວາມເຂົ້າໃຈ " ຫຼື "ບໍ່ສະຫຼາດ " ຫຼື "ໄຮ້ສາລະ".</li></ul>  
footstool	<h2 id="section">@ແທ່ນວາງຕີນ, @ແທ່ນຮອງພຣະບາດ</h2><h3 id="section-1">ນິຍາມ</h3><p>ຄຳວ່າ "ແທ່ນວາງຕີນ" ກ່າວເຖິງສິ່ງຂອງທີ່ຄົນເອົາໄວ້ໃຊ້ວາງຕີນຂອງເຂົາ, ມັກເອົາໄວ້ເພື່ອພັກຕີນລະຫວ່າງທີ່ນັ່ງ. ຄຳນີ້ມີຮູບໃຊ້ແບບປຽບທຽບໝາຍເຖິງການຍອມຈຳນົນແລສະຖານະພາບທີ່ຕ່ຳກ່ວາ.</p><ul><li>ຜູ້ຄົນໃນສະໄໝພຣະຄັມພີ ໄດ້ພິຈາລະນາວ່າຕີນຄືສ່ວນທີ່ມີກຽດນ້ອຍທີ່ສຸດຂອງຮ່າງກາຍ. ດັ່ງນັ້ນ "ແທ່ນວາງຕີນ" ກໍຈະຍິ່ງມີກຽດທີ່ຕ່ຳກ່ວາເພາະວ່າເອົາໄວ້ເປັນທີ່ພັກຕີນ.</li><li>ເມື່ອພຣະເຈົ້າບອກວ່າ "ເຮົາຈະທຳໃຫ້ສັດຕູຂອງເຮົາເປັນແທ່ນວາງຕີນສຳລັບຕີນຂອງເຮົາ" ພຣະອົງກຳລັງປະກາດອຳນາດ, ການຄວບຄຸມ,ແລະໄຊຊະນະເໜືອຄົນເຫຼົ່ານັ້ນ ທີ່ກະບົດຕໍ່ຕ້ານພຣະອົງ. ພວກເຂົາຈະຖືກທຳໃຫ້ຖ່ອມລົງແລະຖືກປາບຈົນເຖິງຈຸດທີ່ຕ້ອງຍອມຈຳນົນຕໍ່ນ້ຳພຣະທັຍຂອງພຣະເຈົ້າ.</li><li>ທີ່ຈະ "ນະມັດສະການແທ່ນຮອງພຣະບາດພຣະເຈົ້າ" ໝາຍເຖິງການກົ້ມກາບນະມັດສະການຕໍ່ໜ້າພຣະອົງ ໃນຂະນະທີ່ພຣະອົງຊົງປະທັບຢູ່ເທິງບັນລັງຂອງພຣະອົງ.ໃນຕອນນີ້ຄວາມໝາຍທີ່ສື່ກໍຄືຄວາມຖ່ອມແລະການຍອມຕໍ່ພຣະເຈົ້າ.</li><li>ດາວິດອ້າງເຖິງພຣະວິຫານວ່າເປັນ "ແທ່ນຮອງພຣະບາດ" ພຣະເຈົ້າ.ປະໂຫຍກນີ້ບົ່ງບອກເຖິງສິດອຳນາດທັງໝົດທີ່ພຣະອົງມີເໜືອປະຊາກອນຂອງພຣະອົງ,ຄຳນີ້ສາມາດບົ່ງບອກໃຫ້ເຫັນພາບວ່າ ພຣະເຈົ້າເປັນກະສັດເທິງບັນລັງຂອງພຣະອົງ,ພຣະບາດຂອງພຣະອົງວາງເທິງແທ່ນຮອງພຣະບາດ,ນີ້ສະແດງໃຫ້ເຫັນເຖິງທຸກສິ່ງທີ່ຕ້ອງຍອມຈຳນົນຕໍ່ພຣະອົງ.</li></ul>  
foreigner	<h2 id="section">@ຄົນຕ່າງຊາດ,ຕ່າງຊາດ, @ຄົນຕ່າງດ້າວ</h2><h3 id="section-1">ນິຍາມ</h3><p>ຄຳວ່າ "ຄົນຕ່າງຊາດ" ອ້າງເຖິງຄົນທີ່ບໍ່ໄດ້ອາໃສຢູ່ໃນປະເທດຂອງຕົນເອງ.ອີກຊື່ນຶ່ງຂອງຄົນຕ່າງຊາດຄື "ຄົນຕ່າງດ້າວ".</p><ul><li>ໃນພັນທະສັນຍາເດີມນັ້ນ ຄຳນີ້ກ່າວເຖິງໂດຍສະເພາະໃຜກໍຕາມທີ່ມາຈາກກຸ່ມຄົນທີ່ແຕກຕ່າງກັບກຸ່ມທີ່ເຂົາອາໃສຢູ່ດ້ວຍ.</li><li>ຄົນຕ່າງຊາດຍັງເປັນຄົນທີ່ມີພາສາແລະວັດທະນະທັມທີ່ແຕກຕ່າງຈາກຄົນຂອງທ່ານເອງ.</li><li>ຕົວຢ່າງເຊັ່ນ, ເມື່ອນາງນາໂອມີ ແລະຄອບຄົວຂອງນາງໄດ້ອົບພະຍົບໄປຍັງໂມອາບ,ພວກເຂົາຄືຄົນຕ່າງຊາດທີ່ນັ້ນ.ຕໍ່ມາເມື່ອນາງນາໂອມີແລະນາງຣຸດ ລູກສະໄພ້ໄດ້ຍ້າຍກັບມາອິສະຣາເອນ,ນາງຣຸດຖືກເອີ້ນວ່າ "ຄົນຕ່າງຊາດ" ທີ່ນັ້ນເພາະນາງບໍ່ໄດ້ມາຈາກອິສະຣາເອນ.</li><li>ອັກຄະທູດໂປໂລໄດ້ບອກຊາວເອເຟໂຊວ່າ ກ່ອນທີ່ພວກເຂົາຈະຮູ້ຈັກພຣະຄຣິດ, ພວກເຂົາເປັນ "ຄົນຕ່າງຊາດ" ກໍແປວ່າ "ຄົນແປກໜ້າ" ແຕ່ບໍ່ຄວນກ່າວເຖິງບາງຄົນທີ່ບໍ່ຄຸ້ນເຄີຍຫຼືບໍ່ຮູ້ຈັກ.</li></ul>  
foreordain	<h2 id="section">@ຮູ້ລ່ວງໜ້າ, @ຄວາມຮູ້ລ່ວງໜ້າ</h2><h3 id="section-1">ນິຍາມ</h3><p>ຄຳວ່າ "ຮູ້ລ່ວງໜ້າ" ແລະ "ຄວາມຮູ້ລ່ວງໜ້າ" ມາຈາກຄຳກິຣິຍາ, "ຮູ້ລ່ວງໜ້າ" ຊຶ່ງໝາຍເຖິງການຮູ້ບາງສິ່ງກ່ອນທີ່ສິ່ງນັ້ນຈະເກີດຂຶ້ນ.</p><ul><li>ພຣະເຈົ້າບໍ່ໄດ້ຖືກຈຳກັດດ້ວຍເວລາ,ພຣະອົງຊົງຮູ້ທຸກສິ່ງທີ່ເກີດຂຶ້ນໃນອະດີດ,ປັດຈຸບັນ,ແລະອະນາຄົດ.</li><li>ຄຳນີ້ຖືກໃຊ້ໂດຍສະເພາະໃນບໍຣິບົດທີ່ພຣະເຈົ້າຊົງຮູ້ບາງສິ່ງຢູ່ແລ້ວວ່າໃຜຈະໄດ້ຮັບຄວາມລອດຜ່ານທາງການຮັບພຣະເຢຊູ ເປັນພຣະຜູ້ຊ່ວຍໃຫ້ລອດ.</li></ul><h3 id="section-2">ຄຳແນະນຳການແປ</h3><ul><li>ຄຳວ່າ "ຮູ້ລ່ວງໜ້າ" ສາມາດແປໄດ້ອີກວ່າ "ໄດ້ຮູ້ກ່ອນ" ຫຼື "ຮູ້ກ່ອນເວລາ" ຫຼື "ຮູ້ລ່ວງໜ້າ" ຫຼື "ໄດ້ຮູ້ແລ້ວ".</li><li>ຄຳວ່າ "ຮູ້ລ່ວງໜ້າ" ສາມາດແປໄດ້ອີກວ່າ "ການຮູ້ກ່ອນ" ຫຼື "ການຮູ້ກ່ອນເວລາ" ຫຼື "ຄວາມຮູ້ແລ້ວ" ຫຼື "ຄວາມຮູ້ລ່ວງໜ້າ".</li></ul>  
forever	<h2 id="section">@ສືບໄປເປັນນິດ, @ນິດນິລັນດອນ</h2><h3 id="section-1">ນິຍາມ</h3><p>ໃນພຣະຄັມພີຄຳວ່າ "ສືບໄປເປັນນິດ" ບົ່ງບອກເຖິງເວລາທີ່ບໍ່ມີສິ້ນສຸດ.ບາງຄັ້ງຄຳນີ້ໃຊ້ໃນຮູບແບບປຽບທຽບທີ່ມີຄວາມໝາຍວ່າ ໃນເວລາທີ່ຍາວນານ.</p><ul><li>ຄຳວ່າ "ສືບໄປເປັນນິດ" ເນັ້ນວ່າບາງສິ່ງຈະຄົງຢູ່ສະເໝີ.</li><li>ຄຳເວົ້າທີ່ວ່າ "ສືບໄປເປັນນິດ" ເປັນການສະແດງເຖິງວ່າຊີວິດນິຣັນດອນ ຫຼືນິຣັນດອນເປັນຢ່າງໃດ, ແລະແນວຄິດທີ່ວ່າເວລານັ້ນບໍ່ມີວັນສິ້ນສຸດ.</li><li>ພຣະເຈົ້າໄດ້ບອກວ່າບັນລັງຂອງດາວິດຈະຄົງຢູ່ "ຕະຫຼອດໄປ" ຄຳນີ້ບົ່ງບອກເຖິງຄວາມຈິງທີ່ວ່າທາຍາດຂອງດາວິດຄືພຣະເຢຊູຈະປົກຄອງເປັນກະສັດຕະຫຼອດໄປ.</li></ul><h3 id="section-2">ຄຳແນະນຳໃນການແປ</h3><ul><li>ຄຳນີ້ສາມາດແປໄດ້ອີກວ່າ "ສະເໝີ" ຫຼື "ບໍ່ມີທີ່ສິ້ນສຸດ".</li><li>ປະໂຫຍກທີ່ວ່າ "ຈະຢູ່ຕະຫຼອດໄປເປັນນິດ" ສາມາດແປໄດ້ອີກວ່າ "ມີຢູ່ສະເໝີ" ຫຼື "ຈະບໍ່ມີວັນຢຸດ" ຫຼື "ຈະດຳເນີນຕໍ່ໄປ".</li><li>ປະໂຫຍກໄດ້ເນັ້ນຢ້ຳທີ່ວ່າ, "ຕະຫຼອດໄປເປັນນິດນິຣັນດອນ" ສາມາດແປໄດ້ອີກວ່າ "ມີຢູ່ສະເໝີແລະສະເໝີໄປ" ຫຼື "ບໍ່ມີຈຸດຈົບ" ຫຼື "ທີ່ບໍ່ເຄີຍມີວັນສິ້ນສຸດ".</li><li>ບັນລັງຂອງດາວິດມີຢູ່ສະເໝີໄປສາມາດແປໄດ້ອີກວ່າ "ທາຍາດຂອງດາວິດຈະປົກຄອງເປັນນິດນິຣັນດອນ" ຫຼື "ທາຍາດຂອງເຮົາຈະປົກຄອງຢູ່ສະເໝີໄປ".</li></ul>  
forgive	<h2 id="section">@ຍົກໂທດ, @ການຍົກໂທດ</h2><h3 id="section-1">ນິຍາມ</h3><p>ຍົກໂທດໃຫ້ບາງຄົນໝາຍເຖິງການບໍ່ຢຶດຕິດກັບຄວາມຂຸ່ນເຄືອງໃຈທີ່ມີຕໍ່ບຸກຄົນຜູ້ທີ່ໄດ້ທຳບາງສິ່ງທີ່ແສນເຈັບປວດ. "ການຍົກໂທດ" ຄືການກະທຳຂອງການຍົກໂທດໃຫ້ບາງຄົນ.</p><ul><li>ການຍົກໂທດໃຫ້ບາງຄົນ ຫຼາຍໆຄັ້ງໝາຍເຖິງການບໍ່ລົງໂທດຄົນນັ້ນ ສຳລັບສິ່ງທີ່ບໍ່ຖືກຕ້ອງທີ່ເຂົາໄດ້ກະທຳ.</li><li>ຄຳນີ້ສາມາດໃຊ້ໃນຮູບການປຽບທຽບທີ່ໝາຍເຖິງ, "ຍົກເລີກ" ເພື່ອເປັນການສະແດງອອກ "ຍົກເລີກໜີ້".</li><li>ເມື່ອມະນຸດນັ້ນສາລະພາບບາບຂອງພວກເຂົາ,ພຣະເຈົ້າຍົກໂທດພວກເຂົາບົນພື້ນຖານການເສັຽສະຫຼະຂອງພຣະເຢຊູທີ່ຍອມຕາຍເທິງໄມ້ກາງແຂນ.</li><li>ພຣະເຢຊູຊົງໄດ້ສອນສາວົກຂອງພຣະອົງໃຫ້ຍົກໂທດຄົນອື່ນເພາະພຣະອົງຊົງໄດ້ຍົກໂທດແກ່ພວກເຂົາ.</li></ul><h3 id="section-2">ຄຳແນະນຳການໃນແປ</h3><ul><li>ຄຳວ່າ "ຍົກໂທດ" ສາມາດແປໄດ້ອີກວ່າ "ອະພັຍ" ຫຼື "ຍົກເລີກ" ຫຼື "ປົດປ່ອຍ" ຫຼື "ບໍ່ຖືສາ" ທັງນີ້ຂຶ້ນຢູ່ກັບບໍຣິບົດນັ້ນໆ.</li></ul>  
fornication	<h2 id="section">@ຜິດສິລະທັມທາງເພດ</h2><h3 id="section-1">ນິຍາມ</h3><p>ຄຳວ່າ "ຜິດສິລະທັມທາງເພດ" ກ່າວເຖິງກິດຈະກຳທາງເພດທີ່ເກີດຂຶ້ນນອກເໜືອຄວາມສຳພັນທາງການສົມລົດຂອງຜູ້ຊາຍກັບຜູ້ຍິງ. ນີ້ເປັນການຕໍ່ຕ້ານແຜນການຂອງພຣະເຈົ້າ.ພຣະຄັມພີພາສາອັງກິດສະບັບເກົ່າເອີ້ນສິ່ງນີ້ວ່າ "ການລັກລອບໄດ້ເສັຽກ່ອນການແຕ່ງງານ".</p><ul><li>ຄຳນີ້ສາມາດອ້າງເຖິງກິດຈະກຳທາງເພດໃດ ໆ ທີ່ຕໍ່ຕ້ານພຣະປະສົງພຣະເຈົ້າ,ລວມທັງຮັກຮ່ວມເພດ ແລະການລາມົກ.</li><li>ແບບນຶ່ງຂອງການຜິດສິລະທັມທາງເພດຄື ຫຼິ້ນຊູ້ ຊຶ່ງເປັນການກະທຳທາງເພດ,ໂດຍສະເພາະຢ່າງຍິ່ງ ລະຫວ່າງບຸກຄົນທີ່ແຕ່ງງານແລ້ວແລະບາງຄົນທີ່ບໍ່ແມ່ນຄູ່ຂອງບຸກຄົນນັ້ນ.</li><li>ອີກແບບນຶ່ງຂອງການຜິດສິລະທັມທາງເພດກໍຄື "ໂສເພນີ," ຊຶ່ງກ່ຽວຂ້ອງກັບການຈ່າຍເງິນເພື່ອການມີເພດສຳພັນກັບບາງຄົນ.</li><li>ຄຳນີ້ຍັງໃຊ້ໃນແບບປຽບທຽບທີ່ກ່າວເຖິງຄວາມບໍ່ສັດຊື່ຂອງອິສະຣາເອນຕໍ່ພຣະເຈົ້າດ້ວຍການທີ່ພວກເຂົາໄດ້ນະມັດສະການພຣະທຽມ.</li></ul><h3 id="section-2">ຄຳແນະນຳໃນການແປ</h3><ul><li>ຄຳວ່າ "ຜິດສິລະທັມທາງເພດ" ສາມາດແປໄດ້ວ່າ "ຜິດສິລະທັມ" ເທົ່າເຖິງທີ່ມີຄວາມເຂົ້າໃຈໃນຄວາມໝາຍທີ່ຖືກຕ້ອງຂອງຄຳນັ້ນ.</li><li>ອີກຢ່າງນຶ່ງໃນການແປຄຳນີ້ ສາມາດລວມເຖິງ "ການກະທຳທາງເພດທີ່ຜິດ" ຫຼື "ເພດສຳພັນນອກສົມຣົດ."</li><li>ຄຳນີ້ຄວນແປແຕກຕ່າງໄປຈາກຄຳວ່າ "ຫຼິ້ນຊູ້".</li><li>ການແປຄຳນີ້ໃນທາງປຽບທຽບ ຄວນຍັງຄົງຄວາມໝາຍຕາມຕົວອັກສອນເທົ່າທີ່ທຳໄດ້ ມີການປຽບທຽບໃນພຣະຄັມພີ ລະຫວ່າງຄວາມບໍ່ສັດຊື່ຕໍ່ພຣະເຈົ້າ ແລະຄວາມບໍ່ສັດຊື່ໃນເລື້ອງຄວາມສຳພັນທາງເພດ.</li></ul>  
forsaken	<h2 id="section">@ລະຖິ້ມ, @ຖືກປະຖິ້ມ</h2><h3 id="section-1">ນິຍາມ</h3><p>ຄຳວ່າ "ລະຖິ້ມ" ໝາຍເຖິງການປະຖິ້ມບາງຄົນຫຼືຍອມແພ້ບາງສິ່ງບາງຄົນທີ່ຖືກ "ປະຖິ້ມ" ໄດ້ເຄີຍຖືກລະຖິ້ມໂດຍບາງຄົນ.</p><ul><li>ເມື່ອມະນຸດ "ປະຖິ້ມ" ພຣະເຈົ້ານັ້ນໝາຍຄວາມວ່າພວກເຂົາເປັນຄົນທີ່ບໍ່ສັດຊື່ຕໍ່ພຣະອົງໂດຍການບໍ່ເຊື່ອຟັງພຣະອົງ.</li><li>ເມື່ອພຣະເຈົ້າ "ປະຖິ້ມ" ມະນຸດນັ້ນ,ໝາຍຄວາມວ່າພຣະອົງໄດ້ຢຸດການຊ່ວຍເຫຼືອພວກເຂົາແລະປ່ອຍໃຫ້ພວກເຂົາມີປະສົບການທີ່ຍາກລຳບາກ ເພື່ອທີ່ຈະທຳໃຫ້ພວກເຂົາຫັນກັບມາຫາພຣະອົງ.</li><li>ຄຳນີ້ສາມາດໝາຍເຖິງການປະຖິ້ມສິ່ງຂອງ, ເຊັ່ນການປະຖິ້ມຫຼືບໍ່ຕິດຕາມຄຳສອນຂອງພຣະເຈົ້າ.</li><li>ຄຳວ່າ "ປະຖິ້ມ"ສາມາດໃຊ້ໃນຮູບແບບອະດີດຕະການເໝືອນໃນປະໂຫຍກທີ່ວ່າ "ເຂົາໄດ້ປະຖິ້ມທ່ານ" ຫຼື ເພື່ອບົ່ງບອກເຖິງບາງຄົນທີ່ໄດ້ "ຖືກປະຖິ້ມ".</li></ul><h3 id="section-2">ຄຳແນະນຳການແປ</h3><ul><li>ອີກແນວທາງທີ່ແປຄຳນີ້ສາມາດລວມທັງຄຳວ່າ, "ປະຖິ້ມ" ຫຼື "ລະເລີຍ" ຫຼື "ຍອມແພ້" ຫຼື "ຈາກໄປ" ຫຼື "ຖິ້ມໄວ້ຂ້າງຫຼັງ" ຂຶ້ນຢູ່ກັບບໍຣິບົດນັ້ນ ໆ.</li><li>ທີ່ຈະ "ລະຖິ້ມ" ທັມະບັນຍັດຂອງພຣະເຈົ້າສາມາດແປໄດ້ອີກວ່າ "ບໍ່ເຊື່ອຟັງທັມະບັນຍັດຂອງພຣະເຈົ້າ," ຄຳນີ້ສາມາດແປໄດ້ອີກວ່າ "ປະຖິ້ມ" ຫຼື"ຍອມແພ້ເທິງ" ຫຼື "ຢຸດການເຊື່ອຟັງ" ການສອນຂອງພຣະອົງຫຼືທັມະບັນຍັດຂອງພຣະອົງ.</li><li>ປະໂຫຍກທີ່ວ່າ "ຖືກລະຖິ້ມ" ສາມາດແປໄດ້ອີກວ່າ "ຖືກຖອດຖິ້ມ "ຫຼື"ຖືກປະຮ້າງ".</li><li>ຄຳໃນພາສາທີ່ແປອາດຈະຊັດແຈ້ງຫຼາຍກ່ວາ ຫາກໃຊ້ຄຳທີ່ແຕກຕ່າງໃນການແປຄຳນີ້໋,ຂຶ້ນຢູ່ກັບວ່າໃນຂໍ້ນັ້ນກຳລັງເວົ້າເຖິງການປະຖິ້ມແບບໃດ ສິ່ງຂອງຫຼືຄົນ.</li></ul>  
foundation	<h2 id="section">@ຮາກຖານ,ວາງຮາກຖານ</h2><h3 id="section-1">ນິຍາມ</h3><p>ຄຳກິລິຍາວ່າ "ວາງຮາກຖານ" ໝາຍເຖິງການຖືກສ້າງຫຼືເປັນຮາກຖານເທິງບາງສິ່ງ. ຮາກຖານຄືຖານທີ່ບາງສິ່ງສ້າງເທິງນັ້ນ.</p><ul><li>ຮາກຖານຂອງເຮືອນ ຫຼືອາຄານຕ້ອງແຂງແຮງ ແລະໃຊ້ໄດ້ເພື່ອສະໜັບສະໜູນໂຄງສ້າງທັງໝົດ.</li><li>ຄຳວ່າ "ຮາກຖານ" ສາມາດກ່າວເຖິງການເລີ້ມຕົ້ນຂອງບາງສິ່ງ ຫຼືເມື່ອບາງສິ່ງໄດ້ຖືກສ້າງຂຶ້ນໃນຕອນທຳອິດທີ່ເລີ້ມສ້າງ.</li><li>ໃນຮູບແບບການປຽບທຽບ, ຜູ້ສັດທາເຊື່ອຖືໃນພຣະຄຣິດ,ຈະຖືກປຽບກັບອາຄານທີ່ມີການວາງຮາກຖານບົນຄຳສອນຂອງອັກຄະທູດ,ຫຼືຜູ້ປະກາດພຣະທັມໃນອົງພຣະຄຣິດ.ຜູ້ຊົງເປັນສີລາຫົວມູມເອກຂອງອາຄານນັ້ນ.</li><li>"ຫີນຮາກຖານ" ຄືຫີນທີ່ຖືກວາງໃຫ້ເປັນສ່ວນນຶ່ງຂອງຮາກຖານ.ຫີນເຫຼົ່ານີ້ໄດ້ຖືກທົດສອບເພື່ອທຳໃຫ້ແນ່ໃຈວ່າແຂງແຮງພຽງພໍທີ່ຈະຮອງຮັບອາຄານທັງໝົດໄດ້.</li></ul><h3 id="section-2">ຄຳແນະນຳໃນການແປ</h3><ul><li>ຄຳເວົ້າທີ່ວ່າ "ກ່ອນຮາກຖານຂອງໂລກນີ້" ສາມາດແປໄດ້ອີກວ່າ "ກ່ອນການສ້າງໂລກນີ້" ຫຼື "ກ່ອນເວລາກ່ອນໂລກທີ່ຈະຖືກທຳໃຫ້ຄົງຢູ່" ຫຼື "ກ່ອນທີ່ທຸກສິ່ງໄດ້ເລີ້ມຕົ້ນສ້າງຂຶ້ນ".</li><li>ຄຳວ່າ "ຮາກຖານບົນ" ສາມາດແປໄດ້ອີກວ່າ "ສ້າງຂຶ້ນຢ່າງປອດໄພບົນ" ຫຼື "ມີຮາກຖານຢ່າງໝັ້ນຄົງບົນ".</li><li>ຄຳວ່າຮາກຖານ ສາມາດແປໄດ້ອີກວ່າ "ຖານທີ່ແຂງແຮງ" ຫຼື "ການສະໜັບສະໜູນທີ່ແຂງແກ່ນ" ຫຼື "ການເລີ້ມຕົ້ນ" ຫຼື "ການສ້າງ" ທັງນີ້ຂຶ້ນຢູ່ກັບບໍຣິບົດນັ້ນ ໆ.</li></ul>  
fountain	<h2 id="section">@ນ້ຳພຸ, @ນ້ຳພຸທຳມະຊາດ</h2><h3 id="section-1">ນິຍາມ</h3><p>ຄຳວ່າ "ນ້ຳພຸ" ແລະ "ນ້ຳພຸທຳມະຊາດ" ປົກກະຕິກ່າວເຖິງນ້ຳຈຳນວນຫຼວງຫຼາຍທີ່ໄຫຼຂຶ້ນມາຢ່າງທຳມະຊາດ ຂຶ້ນຈາກພື້ນດິນ.</p><ul><li>ຄຳເຫຼົ່ານີ້ຖືໃຊ້ໃນທາງປຽບທຽບ ໃນພຣະຄັມພີກ່າວເຖິງພຣະພອນທີ່ໄຫຼຈາກພຣະເຈົ້າຫຼືກ່າວເຖິງບາງສິ່ງທີ່ຊຳຣະ ແລະທຳໃຫ້ບໍຣິສຸດ.</li><li>ໃນປັດຈຸບັນ, ນ້ຳພຸມັກຈະຖືກສ້າງດ້ວຍມະນຸດ, ເປັນສິ່ງຂອງທີ່ມີນ້ຳໄຫຼອອກມາຢ່າງເຊັ່ນນ້ຳພຸນ້ຳດື່ມ. ຂໍໃຫ້ແນ່ໃຈວ່າການແປຄຳນີ້ກ່າວເຖິງແຫຼ່ງນ້ຳໄຫຼຕາມທຳມະຊາດ.</li><li>ປຽບທຽບການແປຄຳນີ້ກັບການແປຄຳວ່າ "ນ້ຳຖ້ວມ".</li></ul>  
frankincense	<h2 id="section">@ກຳຍານ</h2><h3 id="section-1">ນິຍາມ</h3><p>ກຳຍານຄືນ້ຳຫອມເຄື່ອງເທດທີ່ທຳມາຈາກຢາງຂອງຕົ້ນໄມ້.ໃຊ້ເພື່ອທຳນ້ຳຫອມແລະທູບ.</p><ul><li>ໃນສະໄໝພຣະຄັມພີ, ກຳຍານເປັນເຄື່ອງເທດທີ່ສຳຄັນທີ່ຖືກໃຊ້ເພື່ອຕຽມອາບສົບກ່ອນເອົາໄປຝັງ.</li><li>ເຄື່ອງເທດນີ້ມີຄຸນຄ່າໃນການຮັກສາ ແລະສ້າງບັນຍາກາດທີ່ຜ່ອນຄາຍ.</li><li>ເມື່ອໂຫລາຈານໄດ້ເດີນທາງມາຈາກທິດຕາເວັນອອກ ເພື່ອມາຫາພຣະກຸມມານເຢຊູທີ່ເມືອງເບດເລເຮັມ, ກຳຍານຄືຂອງຂວັນນຶ່ງໃນສາມ ທີ່ພວກເຂົານຳມາຖວາຍພຣະອົງ.</li></ul>  
free	<h2 id="section">@ອິສຣະ, @ອິສຣະພາບ, @ເສຣີພາບ</h2><h3 id="section-1">ນິຍາມ</h3><p>ຄຳວ່າ "ອິສຣະ" ຫຼື "ອິສຣະພາບ" ກ່າວເຖິງການບໍ່ໄດ້ເປັນທາດ,ຫຼືຫຍັງກໍຕາມທີ່ມີການຜູກມັດ, ອີກຄຳນຶ່ງສຳລັບ "ອິດສຣະພາບ" ຄື "ເສຣີພາບ".</p><ul><li>ການສະແດງອອກ "ທຳໃຫ້ຄົນນຶ່ງເປັນອິສຣະ" ຫຼື "ປ່ອຍບາງຄົນໃຫ້ມີອິສຣະ", ໝາຍຄວາມວ່າທຳໃຫ້ບາງຄົນບໍ່ເປັນທາດ ຫຼືຖືກຈັບອີກຕໍ່ໄປ.</li><li>ໃນພຣະຄັມພີ ຄຳເຫຼົ່ານີ້ມີຫຼາຍຄັ້ງທີ່ໃຊ້ໃນທາງປຽບທຽບເພື່ອກ່າວເຖິງຜູ້ສັດທາໃນພຣະເຢຊູຈະບໍ່ຢູ່ໃຕ້ອຳນາດຂອງຄວາມບາບອີກຕໍ່ໄປ.</li><li>ມີ "ເສຣີພາບ" ຫຼື "ອິສຣະພາບ" ສາມາດກ່າວເຖິງການທີ່ບໍ່ຕ້ອງທຳຕາມກົດໝາຍຂອງໂມເຊ, ແຕ່ແທນດ້ວຍການມີອິສຣະພາບທີ່ຈະດຳເນີນຊີວິດໂດຍການສອນແລະການຊົງນຳຂອງພຣະວິນຍານບໍຣິສຸດ.</li></ul><h3 id="section-2">ຄຳແນະນຳໃນການແປ</h3><ul><li>ຄຳວ່າ "ອິສຣະ" ສາມາດແປດ້ວຍຄຳ ຫຼືປະໂຫຍກທີ່ມີຄວາມໝາຍວ່າ "ບໍ່ຜູກມັດ"  ຫຼື "ບໍ່ຖືກທຳໃຫ້ເປັນທາດ" ຫຼື "ບໍ່ແມ່ນທາດ" ຫຼື "ບໍ່ຖືກຜູກມັດ".</li><li>ຄຳວ່າ "ອິສຣະພາບ" ຫຼື "ເສຣີພາບ" ສາມາດແປດ້ວຍຄຳຫຼືຄຳເວົ້າທີ່ມີຄວາມໝາຍວ່າ "ສະຖານະພາບຂອງການມີອິສຣະພາບ" ຫຼື "ເງື່ອນໄຂທີ່ບໍ່ຕ້ອງເປັນທາດ" ຫຼື "ບໍ່ຖືກຜູກມັດ".</li><li>ການສະແດງອອກຂອງຄຳວ່າ "ຖືກປົດປ່ອຍ" ສາມາດແປໄດ້ອີກວ່າ "ທຳໃຫ້ເປັນອິສຣະ" ຫຼື "ຖືກຊ່ວຍໃຫ້ອອກຈາກການເປັນທາດ" ຫຼື "ຖືກປົດປ່ອຍຈາກການຜູກມັດ".</li><li>ຄົນທີ່ຖືກ "ປົດປ່ອຍໃຫ້ເປັນອິສຣະ" ໄດ້ຖືກ "ປົດປ່ອຍ" ຫຼື "ຖືກພາອອກມາ" ຈາກການຜູກມັດຫຼືການເປັນທາດ.</li></ul>  
free will offering	<h2 id="section">@ການຖວາຍຕາມຄວາມສະໝັກໃຈ</h2><h3 id="section-1">ນິຍາມ</h3><p>ການຖວາຍດ້ວຍຄວາມສະໝັກໃຈຄືຊະນິດເຄື່ອງຖວາຍບູຊາທີ່ຖວາຍແກ່ພຣະເຈົ້າທີ່ບໍ່ຖືກກຳນົດໄວ້ໂດຍບັນຍັດຂອງໂມເຊ.ມັນເປັນທາງເລືອກຂອງບຸກຄົນທີ່ຖວາຍແບບນີ້.</p><ul><li>ຖ້າເຄື່ອງຖວາຍຕາມຄວາມສະໝັກໃຈເປັນສັດທີ່ເອົາມາຖວາຍ ສັດ ໄດ້ຮັບອະນຸຍາດໃຫ້ມີຕຳນິໄດ້ແນ່,ເນື່ອງຈາກວ່າເປັນການຖວາຍຕາມຄວາມສະໝັກໃຈ.</li><li>ຄົນອິສະຣາເອນໄດ້ກິນສັດທີ່ນຳມາຖວາຍບູຊາ ຖືວ່າເປັນສ່ວນນຶ່ງຂອງງານລ້ຽງສະຫຼອງ.</li><li>ເມື່ອເຄື່ອງຖວາຍຕາມຄວາມສະໝັກໃຈ ສາມາດແຈກຈ່າຍໄດ້ ນີ້ເປັນເຫດໃຫ້ເກີດຄວາມຍິນດີໃນອິສະຣາເອນ,ເນື່ອງຈາກໄດ້ສະແດງວ່າການເກັບກ່ຽວໄດ້ຜົນດີ,ດັ່ງນັ້ນປະຊາຊົນກໍມີອາຫານຢ່າງຫຼວງຫຼາຍ.</li><li>ພຣະທັມເອຊະຣາໄດ້ອະທິບາຍເຖິງປະເພດຕ່າງໆຂອງເຄື່ອງຖວາຍຕາມຄວາມສະໝັກໃຈທີ່ຖືກນຳມາຖວາຍເພື່ອທຳການບຸຣະນະພຣະວິຫານ,ການຖວາຍນີ້ປະກອບດ້ວຍຫຼຽນຄຳແລະເງິນ,ເຊັ່ນດຽວກັນກັບຖ້ວຍຊາມແລະວັດຖຸອື່ນໆ ທີ່ທຳດ້ວຍທອງຄຳແລະເງິນ.</li></ul>  
fruit	<h2 id="section">@ຜົນລະໄມ້, @ເກີດຜົນຫຼາຍ</h2><h3 id="section-1">ນິຍາມ</h3><p>ຄຳວ່າ "ຜົນລະໄມ້" ຕາມຕົວອັກສອນກ່າວເຖິງສ່ວນນຶ່ງຂອງພືດທີ່ສາມາດກິນໄດ້.ບາງຢ່າງທີ່ "ເກີດໝາກຜົນຫຼາຍ" ຄືມີໝາກຫຼວງຫຼາຍ,ຄຳເຫຼົ່ານີ້ສາມາດໃຊ້ແບບປຽບທຽບໃນພຣະຄັມພີ.</p><ul><li>ພຣະຄັມພີມັກໃຊ້ " ຜົນ" ເພື່ອກ່າວເຖິງການກະທຳແລະຄວາມຄິດຂອງບຸກຄົນ,ເໝືອນກັບໝາກຜົນຂອງພືດທີ່ສະແດງໃຫ້ເຫັນວ່າພືດນັ້ນຄືຕົ້ນຫຍັງ.ເຊັ່ນດຽວກັນກັບຄຳເວົ້າແລະການກະທຳຂອງບຸກຄົນທີ່ເປີດເຜີຍວ່າເຂົາມີລັກສະນະຢ່າງໃດ.</li><li>ບຸກຄົນສາມາດຜະລິດໝາກຜົນຝ່າຍວິນຍານ ໄດ້ທັງດີແລະບໍ່ດີ,ແຕ່ຄຳວ່າ "ເກີດໝາກຜົນຫຼາຍ," ກໍໃຊ້ແບບປຽບທຽບມັກມີຄວາມໝາຍໃນທາງບວກຂອງການເກີດຜົນດີຢ່າງຫຼວງຫຼາຍ.</li><li>ຄຳວ່າ "ເກີດໝາກຜົນຫຼາຍ" ກໍໃຊ້ແບບປຽບທຽບເພື່ອໝາຍເຖິງ "ຄວາມຈະເຣີນຮຸ່ງເຮືອງ" ຄຳນີ້ມັກບົ່ງບອກເຖິງການມີບຸດ ແລະເຊື້ອສາຍຈຳນວນຫຼາຍ ເຊັ່ນດຽວກັບການມີອາຫານຫຼາຍແລະຄວາມອຸດົມສົມບູນຢ່າງອື່ນໆ.</li><li>ໂດຍທົ່ວໄປ ປະໂຫຍກທີ່ວ່າ "ຜົນຂອງ" ກ່າວເຖິງອັນໃດກໍຕາມທີ່ອອກມາຫຼືຜະລິດໂດຍບາງສິ່ງ ຕົວຢ່າງເຊັ່ນ "ຜົນຂອງສະຕິປັນຍາ" ກ່າວເຖິງສິ່ງທີ່ດີທີ່ເກີດຈາກຄວາມສະຫຼາດ.</li><li>ປະໂຫຍກທີ່ວ່າ" ຜົນຂອງແຜ່ນດິນ" ກ່າວເຖິງທຸກສິ່ງໂດຍທົ່ວໄປທີ່ແຜ່ນດິນໃຫ້ຜົນອອກມາ, ເພື່ອໃຫ້ມະນຸດໄດ້ກິນ,ສິ່ງນີ້ບໍ່ໄດ້ໝາຍເຖິງແຕ່ຜົນລະໄມ້ເທົ່ານັ້ນ ແຕ່ລວມທັງພືດຜັກ ຖົ່ວແລະທັນຍາພືດຕ່າງໆດ້ວຍ.</li><li>ການໃຊ້ແບບອຸບປະມາຂອງຄຳວ່າ "ຜົນຂອງພຣະວິນຍານ" ກ່າວເຖິງຄຸນນະພາບສາສນາທີ່ພຣະວິນຍານບໍຣິສຸດປະທານໃຫ້ໃນການດຳເນີນຊີວິດຂອງປະຊາກອນຜູ້ທີ່ເຊື່ອຟັງພຣະອົງ.</li><li>ສຳນວນວ່າ, "ຜົນຂອງມີທ້ອງ" ກ່າວເຖິງ "ສິ່ງທີ່ທ້ອງໄດ້ໃຫ້ອອກມາ" ນັ້ນກໍຄືເດັກ.</li></ul><h3 id="section-2">ຄຳແນະນຳໃນການແປ</h3><ul><li>ເປັນສິ່ງທີ່ດີທີ່ສຸດທີ່ຈະແປຄຳນີ້ໂດຍການໃຊ້ຄຳທົ່ວໄປສຳລັບຄຳວ່າ "ຜົນ" ທີ່ເປັນຄຳທີ່ໃຊ້ໃນພາສາທີ່ແປເພື່ອກ່າວເຖິງຜົນທີ່ບໍຣິໂພກໄດ້ຄືຜົນລະໄມ້.ໃນຫຼາຍໆພາສາອາດຈະເປັນທຳມະຊາດຫຼາຍກ່ວາຫາກໃຊ້ຄຳເປັນພະຫຸພົດ.</li><li>"ບັນດາຜົນ" ເມື່ອໃດກໍຕາມທີ່ກ່າວເຖິງຫຼາຍກວ່ານຶ່ງຜົນ.</li><li>ຄຳວ່າ "ເກີດຜົນ" ສາມາດແປໄດ້ອີກວ່າ "ເກີດຜົນຝ່າຍວິນຍານຢ່າງຫຼວງຫຼາຍ" ຫຼື "ມີບຸດຫຼາຍ" ຫຼື "ຈະເຣີນຮຸ່ງເຮືອງ" ທັງນີ້ຂຶ້ນຢູ່ກັບບໍຣິບົດນັ້ນໆ.</li><li>ປະໂຫຍດ "ຜົນຂອງແຜ່ນດິນ" ສາມາດແປໄດ້ອີກຢ່າງວ່າ "ອາຫານທີ່ເກີດຈາກແຜ່ນດິນ" ຫຼື "ທັນຍະພືດທີ່ງອກງາມໃນແຜ່ນດິນນັ້ນ".</li><li>ເມື່ອພຣະເຈົ້າຊົງໄດ້ສ້າງມະນຸດແລະສັດ ພຣະອົງຊົງໄດ້ບັນຊາສັບພະສິ່ງນັ້ນວ່າ "ຈົ່ງເກີດຜົນທະວີຄູນ" ຊຶ່ງກ່າວເຖິງການເກີດຜົນຈຳນວນຫຼວງຫຼາຍ ຄຳນີ້ສາມາດແປໄດ້ອີກວ່າ "ເກີດຜົນຫຼວງຫຼາຍ" ຫຼື "ເກີດບັນດາບຸດແລະເຊື້ອສາຍຫຼວງຫຼາຍ" ຫຼື "ຈົ່ງມີບຸດຫຼາຍເພື່ອເຈົ້າຈະໄດ້ມີເຊື້ອສາຍຫຼວງຫຼາຍ".</li><li>ສຳນວນ "ຜົນຂອງມີທ້ອງ" ສາມາດແປໄດ້ອີກວ່າ "ສິ່ງທີ່ທ້ອງໄດ້ໃຫ້ອອກມາ" ຫຼື "ບັນດາເດັກທີ່ຜູ້ຍິງໃຫ້ກຳເນີດ"  ຫຼື ພຽງແຕ່ "ບັນດາບຸດ" ເມື່ອເອລີຊາເບັດເວົ້າກັບນາງມາຣີວ່າ " ພຣະພອນຄືສິ່ງທີ່ຢູ່ໃນທ້ອງຂອງເຈົ້າ" ລາວໝາຍເຖິງ "ພຣະພອນຄືເດັກທີ່ເຈົ້າຈະໃຫ້ກຳເນີດ" ຄຳໃນພາສາທີ່ຈະແປອາດຈະມີສຳນວນທີ່ແຕກຕ່າງສຳລັບຄຳນີ້.</li><li>ອີກສຳນວນຄື "ຜົນຂອງອະງຸ່ນ" ສາມາດແປໄດ້ອີກວ່າ "ລູກອະງຸ່ນ" ຫຼື "ໝາກອະງຸ່ນ".</li><li>ຄຳເວົ້າທີ່ວ່າ "ຈະມີຜົນຫຼາຍຂຶ້ນ" ສາມາດແປໄດ້ອີກວ່າ "ຈະເກີດຜົນຫຼາຍຂຶ້ນ" ຫຼື "ຈະມີບຸດຫຼາຍຂຶ້ນ" ຫຼື "ຈະເຣີນຮຸ່ງເຮືອງ" ທັງນີ້ຂຶ້ນຢູ່ກັບບໍຣິບົດນັ້ນ ໆ.</li><li>ການກ່າວຂອງອັກຄະທູດໂປໂລ "ງານທີ່ເກີດຜົນຫຼາຍ" ສາມາດແປໄດ້ອີກວ່າ "ງານທີ່ທຳໃຫ້ເກີດຜົນດີ" ຫຼື "ຄວາມພະຍາຍາມທີ່ເຫັນຜົນໃນບັນດາຜູ້ສັດທາໃນພຣະເຢຊູ".</li><li>"ຜົນຂອງພຣະວິນຍານ" ສາມາດແປໄດ້ອີກວ່າ "ການງານທີ່ພຣະວິນຍານບໍຣິສຸດຊົງໄດ້ກະທຳ" ຫຼື "ບັນດາຖ້ອຍຄຳແລະການກະທຳທີ່ສະແດງໃຫ້ເຫັນວ່າພຣະວິນຍານບໍຣິສຸດຊົງກຳລັງທຳງານໃນຕົວທ່ານ".</li></ul>  
fulfill	<h2 id="section">@ເຮັດໃຫ້ສຳເລັດ</h2><h3 id="section-1">ນິຍາມ</h3><p>ຄຳວ່າ "ເຮັດໃຫ້ສຳເລັດ" ໝາຍເຖິງເຮັດໃຫ້ບາງສິ່ງສົມບູນ ຫລືເຮັດໃຫ້ບາງສິ່ງສຳເລັດຕາມທີ່ຄາດຫວັງໄວ້.</p><ul><li>ເມື່ອການປະກາດພຣະທັມໄດ້ຮັບການເຮັດໃຫ້ສຳເລັດ, ນັ້ນໝາຍເຖິງວ່າ ພຣະເຈົ້າໄດ້ເຮັດໃຫ້ສິ່ງນັ້ນເກີດຂຶ້ນຕາມທີ່ໄດ້ທໍາ  ນວາຍໄວ້ໃນຄໍາທໍານວາຍ.</li><li>ຖ້າຄົນຜູ້ໃດ ເຮັດໃຫ້ຄຳສັນຍາຫລືຄຳປະຕິຍານສຳເລັດ, ນັ້ນໝາຍຄວາມວ່າເຂົາເຮັດໃນສິ່ງທີ່ເຂົາໄດ້ໃຫ້ສັນຍາໄວ້.</li><li>ເພື່ອຄວາມຮັບຜິດຊອບສຳເລັດ, ໝາຍເຖິງການທຳງານທີ່ໄດ້ຮັບມອບໝາຍ ຫລືຮ້ອງຂໍ.</li></ul><h3 id="section-2">ຄຳແນະນຳການແປ</h3><ul><li>ຄຳວ່າ, "ເຮັດໃຫ້ສຳເລັດ" ສາມາດແປໄດ້ອີກວ່າ "ແລ້ວໆ" ຫລື "ສົມບູນ" ຫລື "ທຳໃຫ້ເກີດຂຶ້ນ" ຫລື "ເຊື່ອຟັງ" ຫລື "ປະຕິບັດການ." ທັງນີ້ຂຶ້ນຢູ່ກັບບໍຣິບົດ</li><li>ປະໂຫຍກທີ່ວ່າ "ໄດ້ຮັບການທຳໃຫ້ສຳເລັດແລ້ວ" ສາມາດແປໄດ້ອີກວ່າ, "ເປັນຈິງ" ຫລື "ໄດ້ເກີດຂຶ້ນແລ້ວ" ຫລື "ເກີດຂຶ້ນແລ້ວ."</li><li>ແນວທາງການແປ "ເຮັດໃຫ້ສຳເລັດ" ເໝືອນໃນ "ການຮັບໃຊ້ຂອງທ່ານສຳເລັດ" ສາມາດລວມທັງ" ສົມບູນ" ຫລື "ປະຕິບັດການ" ຫລື "ຝຶກ" ຫລື "ຮັບໃຊ້ຜູ້ອື່ນຢ່າງທີ່ພຣະເຈົ້າໄດ້ເອີ້ນມາໃຫ້ທ່ານເຮັດ."</li></ul>  
furnace	<h2 id="section">@ເຕົາ, @ເຕົາອົບ</h2><h3 id="section-1">ນິຍາມ</h3><p>ເຕົາຄືທີ່ອົບຂະໜາດໃຫຍ່ໃຊ້ສຳລັບການເຮັດໃຫ້ສິ່ງຂອງຮ້ອນ ດ້ວຍອຸນນະພູມທີ່ມີຄວາມຮ້ອນສູງ.</p><ul><li>ໃນສະໄໝບູຮານ, ເຕົາອົບສ່ວນຫລາຍເອົາໄວ້ໃຊ້ຫລອມໂລຫະເພື່ອເຮັດສິ່ງຂອງເຊັ່ນ ໝໍ້ທຳອາຫານ, ເຄື່ອງປະດັບ, ອາວຸດ, ແລະຮູບເຄົາລົບ.</li><li>ເຕົາອົບຍັງເອົາໄວ້ໃຊ້ສຳລັບການເຮັດເຄື່ອງປັ້ນດິນເຜົາ.</li><li>ບາງຄັ້ງເຕົາອົບກໍເອົາໄວ້ໃຊ້ອ້າງປຽບທຽບເພື່ອອະທິບາຍເຖິງບາງສິ່ງທີ່ຮ້ອນແຮງຫລາຍໆ.</li></ul>  
gabriel	<h2 id="section">@ຄັບຣີເອນ</h2><h3 id="section-1">ຂໍ້ເທັດຈິງ</h3><p>ຄັບຣີເອນ ຄືໍໍຊື່ຂອງທຸດສະຫວັນຕົນນຶ່ງຂອງພຣະເຈົ້າ. ເຂົາຖືກກ່າວເຖິງໂດຍຊື່ນີ້ອີກຫລາຍຄັ້ງ,ໃນພັນທະສັນຍາເດີມແລະພັນທະສັນຍາໃຫ່ມ.</p><ul><li>ພຣະເຈົ້າໄດ້ສົ່ງ ຄັບຣີເອນ ມາແຈ້ງຂ່າວແກ່ຜຸ້ປະກາດພຣະທັມດານີເອນ ເຖິງຄວາມໝາຍນິມິດທ່ີ່ເຂົາໄດ້ເຫັນ.</li><li>ອີກຄັ້ງນຶ່ງ, ຂະນະທີ່ ດານີເອນ ກຳລັງອະທິຖານ, ທຸດສະຫັວນ ຄັບຣີີເອນໄດ້ບິນມາຫາເຂົາແລະໃຫ້ຄຳພະຍາກອນກ່ຽວກັບສິ່ງທີ່ຈະເກີດໃນອະນາຄົດ.ດານີເອນ ໄດ້ບັນລະຍາຍເຖິງເຂົາວ່າ"ຜູ້ຊາຍ.''</li><li>ໃນພັນທະສັນຍາໃໝ່ມີການບັນທືກວ່າ ຄັບຣີເອນ ໄດ້ມາຫາ ເສກາຣີຢາໃຫ້ຄຳພະຍາກອນວ່າພັນລະຍາສູງອາຍຸ ເອລີຊາເບັດຈະມີບຸດຊາຍຄື, ໂຢຮັນ.</li><li>ຫລັງຈາກອີກຫົກເດືອນ, ຄັບຣີເອນ ໄດ້ຖືກສົ່ງມາຫາ ມາຣີ ເພື່ອບອກກັບລາວວ່າພຣະເຈົ້າທຳການອັດສະຈັນໃຫ້ລາວຕັ້ງທ້ອງຊື່ງຈະເປັນ " ພຣະບຸດຂອງພຣະເຈັ້າ. " ຄັບຣີເອນ ໄດ້ບອກ ມາຣີ ວ່າຊື່ຂອງບຸດຊາຍຄື " ພຣະເຢຊູ. "</li></ul>  
gad	<h2 id="section">@ກາດ</h2><h3 id="section-1">ຂໍ້ເທັດຈິງ</h3><p>ກາດ ເປັນຊື່ນຶ່ງ ໃນບຸດຊາຍຂອງ ຢາໂຄບ, ຫຼື ອິສະຣາເອນ.</p><ul><li>ຕະກຸນຂອງ ກາດ ກາຍເປັນນຶ່ງໃນສິບສອງຊົນເຜົ່າຂອງຊົນຊາດອິສະຣາເອນ.</li><li>ມີຊາຍຄົນນຶ່ງໃນພຣະຄັມພີຊື່ ກາດ ເປັນຜູ້ປະກາດພຣະທັມຜູ້ທີ່ຜະເຊີນໜ້າກັບກະສັດ ດາວິດ ເລື້ອງຄວາມບາບຂອງ ດາວິດ ທີ່ທຳການສຳຫຼວດສຳມະໂນຄົວປະຊາຊົນຂອງປະຊາຊົນ ອິສະຣາເອນ.</li><li>ເມືອງບາຣາອາມກາດເເລະມີກດານກາດ ເປັນຄຳສອນໃນພຣະຄັມພີຕົ້ນສະບັບເເລະບາງຄັ້ງກໍ່ຂຽນວ່າ, " ບາອາມ ກາດ  " ເເລະ " ມີກດານ ກາດ. "</li></ul>  
galatia	<h2 id="section">@ຄາລາເຕຍ</h2><h3 id="section-1">ຂໍ້ເທັດຈິງ</h3><p>ໃນພັນທະສັນຍາໃໝ່, ຄາລາເຕຍເປັນເເຄ້ວນນຶ່ງຂອງກຸງໂຣມຕັ້ງຢູ່ໃຈກາງເມືອງຂອງຕຸກກີໃນປະຈຸບັນ.</p><ul><li>ສ່ວນຂອງຄາລາເຕຍເປັນຊາຍເຂດເເດນຂອງທະເລດຳໄປທາງເໜືອ ເເລະ ມັນຍັງເປັນຊາຍເຂດຂອງເມືອງຕ່າງໆ ຂອງເອເຊຍ, ບີໄທເນຍ, ກາປາໂດເກຍ, ເຊນລີເຊຍ, ເເລະປາມຟີເລຍ.</li><li>ອັກຄະສາວົກ ໂປໂລ ຂຽນຈົດໝາຍເຖິງຄຣິສະຕຽນຄົນທີ່ອາໃສຢູ່ໃນເເຄ້ວນຄາລາເຕຍ. ຈົດໝາຍນັ້ນຢູ່ໃນພັນທະສັນຍາໃໝ່ຊື່ພຣະທັມ "ຄາລາເຕຍ. "</li><li>ນຶ່ງໃນເຫດຜົນທີ່ໂປໂລຂຽນຈົດໝາຍເຖິງພີ່ນ້ອງຄາລາເຕຍກໍ່ເພື່ອເນັັ້ນຢ້ຳໃນເລື່ອງຂ່າວປະເສີດຂອງຄວາມລອດໂດຍພຣະຄຸນ ບໍ່ແມ່ນດ້ວຍການງານທີ່ເຮັດ.</li><li>ຄຣິສະຕຽນໃນເມືອງຕ່າງຊາດຄາລາເຕຍໄດ້ຮັບການສອນຈາກຄຣິສະຕຽນທີ່ເປັນຄົນຢີວໃຫ້ຮັກສາພຣະບັນຍັດຂອງຄົນຢີວ.</li></ul>  
galilee	<h2 id="section">@ຄາລີເລ,ຊາວຄາລີລຽນ</h2><h3 id="section-1">ຂໍ້ເທັດຈິງ</h3><p>ແຄ້ວນ ຄາລີເລ ຕັ້ງຢຸ່ທິດເໜືອສຸດ,ທາງທິດເໜືອຂອງແຄ້ວນຊາມາເຣຍ.''ຊາວຄາລີລຽນ''ຄືຄົນທີ່ອາໃສຢຸ່ໃນເມືອງຄາລີເລ.</p><ul><li>ແຄ້ວນຄາລີເລ,ຊາມາເຣຍ,ແລະຢຸດາຄືແຄ້ວນຫລັກສາມ</li></ul><p>ແຄ້ວນຂອງອິສາຣະເອນໃນລະຫວ່າງເວລາຂອງພາກພັນທະສັນຍາໃໝ່</p><ul><li>ແຄ້ວນຄາລີເລເປັນຊາຍແດນດ້ານຕາວັນອອກຂອງທະເລສາບ</li></ul><p>ທີ່ເອີ້ນວ່າ"ທະເລຄາລີເລ."</p><ul><li>ພຣະເຢຊູ ໄດ້ເຕີບໃຫຍ່ແລະໄດ້ອາໃສຢຸ່ໃນເມືອງນາຊາເຣັດ</li></ul><p>ແຄ້ວນຄາລີເລ.</p><ul><li>ການອັດສະຈັນສ່ວນຫລາຍແລະການສັ່ງສອນຂອງພຣະເຢຊູ</li></ul><p>ເກີດຂື້ນໃນແຄ້ວນຄາລີເລ.</p>  
gate	<h2 id="section">@ປະຕຸ, @ຮາວປະຕຸ</h2><h3 id="section-1">ນິຍາມ</h3><p>"ປະຕຸ" ຄືເຄື່ອງກີດຂວາງທີ່ທາງເຂົ້າທີ່ຮົ້ວຫຼືກຳແພງລ້ອມຮອບບ້ານຫລືເມືອງ."ຮາວປະຕຸ"ອ້າງເຖິງຮາວໄມ້ຫລືຮາວເຫຼັກທີ່ສາມາດເລື່ອນມາລ໊ອກທີ່ປະຕຸ.</p><ul><li>ປະຕຸເມືອງສາມາດເປີດເພື່ອໃຫ້ຄົນ,ສັດ,ແລະລົດຂົນຂອງທີ່ເດີນທາງເຂົ້າອອກໃນເມືອງ.</li><li>ເພື່ອປົກປ້ອງເມືອງ ,ກຳແພງແລະປະຕຸຈະໜາແລະແຂງແຮງ.</li></ul><p>ປະຕູປິດແລ້ວຈະຖືກລ໊ອກດວ້ຍທ່ອນເຫລັກຫລືໄມ້ເພື່ອປ້ອງກັນສັດຕູຫຼືທະຫານຈາກເມືອງອື່ນເຂົ້າໄປໃນເມືອງ.</p><ul><li>ປະຕຸເມືອງຫລາຍຄັ້ງມັກທີ່ເປັນຂ່າວສານແລະສຸນທາງສັງຄົມຂອງໝູ່ບ້ານ.ແລະຍັງເປັນສະຖານທີ່ການແລກປ່ຽນທາງການຄ້າໄດ້ເກີດຂື້ນແລະການວິເຄາະໄດ້ເກີດຂື້ນ, ເພາະກຳແພງເມືອງມັນໜາພຽງພໍທີ່ຈະມີທາງເຂົ້າທີ່ທຳໃຫ້ເກີດຮົ່ມຈາກຄວາມຮ້ອນຂອງຕາເວັນ.ພົນລະເມືອງໄດ້ພົບວ່ານັ່ງສະບາຍໃນຮົ່ມເພື່ອທຳທຸລະກິດແລະຕັດສິນຄະດີທາງກົດໝາຍ.</li></ul><h3 id="section-2">ຄຳແນະນຳການແປ</h3><ul><li>ຂື້ນຢຸ່ກັບບໍຣິບົດ ,ອີກແນວທາງໃນການແປຄຳວ່າ"ປະຕູຮົ້ວ"</li></ul><p>ແປໄດ້ອີກວ່າ"ປະຕຸ"ຫລື "ຜະໜັງເປີດ" ຫລື "ເຄື່ອງກັ້ນ" ຫລື "ທາງເຂົ້າ."</p><ul><li>ຄຳເວົ້າທີ່ວ່າ "ທ່ີ່ກັ້ນຂອງປະຕຸ" ສາມາດແປໄດ້ອີກວ່າ"ກອນປະຕຸ"</li></ul><p>ຫລື "ໄມ້ຄານເພື່ອລ໊ອກປະຕຸ."</p>  
gath	<h2 id="section">@ກາດ</h2><h3 id="section-1">ຂໍ້ເທັດຈິງ</h3><p>ກາດ ຄືນຶ່ງໃນຫ້າເມືອງຫຼັກຂອງຊົນຊາດຟີລິດສະຕີນ. ຕັ້ງຢູ່ທາງທິດເໜືອຂອງເມືອງເອຄະໂຣນເເລະທິດຕາວັນອອກຂອງເມືອງອັດໂດດເເລະອັດສະເຄໂລນ.</p><ul><li>ນັກຮົບຊາວຟີລິດສະຕີນຊື່ຂອງໂກລີອາດ ມາຈາກເມືອງກາດ.</li><li>ລະຫວ່າງເວລາຂອງຊາມູເອນ, ຄົນຟີລິດສະຕີນໄດ້ຂະໂມຍຫີບພັນທະສັນຍາຈາກປະຊາຊົນອິສະຣາເອນເເລະເອົາໄປໄວ້ໃນພຣະວິຫານຂອງພຣະເຈົ້າ ຄົນນອກສາສນາຂອງພວກເຂົາທີ່ອັດສະໂດດ. ແລ້ວກໍ່ໄດ້ຍ້າຍໄປທີ່ກາດແລະຕໍ່ມາກໍ່ໄດ້ຍ້າຍໄປທີ່ເອກະໂຣນ. ແຕ່ພຣະເຈົ້າຊົງລົງໂທດຄົນຂອງເມືອງນັ້ນດ້ວຍໂຣກຮ້າຍ, ດັ່ງນັ້ນພວກເຂົາຈຶ່ງໄດ້ສົ່ງຫີບເເຫ່ງພັນທະສັນຍາກັບມາທີ່ຊົນຊາດອິສະຣາເອນອີກຄັ້ງ.</li><li>ເມື່ອດາວິດໄດ້ໜີຈາກກະສັດຊາມູເອນ, ພຣະອົງໄດ້ໜີໄປທີ່ເມືອງກາດແລະຢູ່ທີ່ນັ້ນໜ້ອຍໜຶ່ງກັບເມຍຂອງເພິ່ນສອງຄົນແລະທະຫານອີກຫົກຮ້ອຍຄົນແລະຜູ້ທີ່ຈົງຮັກພັກດີຕໍ່ພຣະອົງ.</li></ul>  
gaza	<h2 id="section">@ກາຊາ</h2><h3 id="section-1">ຂໍ້ເທັດຈິງ</h3><p>ໃນລະຫວ່າງເວລາຂອງພຣະຄັມພີ,ກາຊາ ເປັນເມືອງທ່ີ່ຮຸ່ງເຮືອງຂອງຊາວຟີລິດສະຕີນ ຕັ້ງຢຸ່ທ່ີ່ຊາຍຝັ່ງທະເລເມດີແຕຣາເນ, ປະມານ38 ກິໂລເເມັດ ຈາກທາງໃຕ້ຂອງອັດຊາໂດນ. ເປັນເມືອງນຶ່ງໃນຫ້າເມືອງຫຼັກຂອງຊາວຟີລິດສະຕີນ.</p><ul><li>ເພາະທະເລທ່ີ່ຕັ້ງຂອງເມືອງ,ກາຊາ ເປັນທ່າເຮືອກະແຈສຳຄັນໃນເລື້ອງການຄ້າຊື່ງເກີດຂື້ນລະຫວ່າງປະຊາຊົນຈຳນວນຫລາຍແລະຈາກຫລາຍປະເທດ.</li><li>ປະຈຸບັນ,ເມືອງກາຊາຍັງຄົງເປັນເມືອງທ່າທີ່ສຳຄັນໃນຕາມແຄມຝັ່ງຂອງກາຊາ,ຊຶ່ງເປັນຜືນແຜ່ນດິນທີ່ຕັ້ງຢຸ່ຕາມແນວຊາຍຝັ່ງຂອງທະເລ ເມດີແຕຣາເນ ຊຶ່ງມີຄົນອິສະຣາເອນທາງເໜືອແລະຕາວັນອອກ, ແລະທາງໃຕ້ມີເອຢິບ.</li><li>ກາຊາ ຄືເມືອງທີ່ຊາວຟີລິດສະຕີນເອົາຕົວແຊມຊັ້ນໄປ ຫລັງຈາກທ່ີ່ພວກເຂົາຈັບແຊມຊັ້ນແລ້ວ.</li><li>ຟີລິບ ນັກປະກາດໄດ້ຍ່າງຕາມຖະໜົນທະເລຊາຍໄປຍັງເມືອງ</li></ul><p>ກາຊາ ເມື່ອເຂົາພົບຂັນທີ ຊາວເອທີໂອເປຍ.</p>  
generation	<h2 id="section">@ຮຸ້ນອາຍູ,ຄົນຮຸ້ນດຽວກັນ</h2><h3 id="section-1">ນິຍາມ</h3><p>ຄຳວ່າ"ຮຸ້ນອາຍູ"ອ້າງເຖິງກຸ່ມຄົນທ່ີ່ທຸກຄົນໄດ້ເກີດແລະອາໃສຢຸ່ໃນໄລຍະເວລາດຽວກັນ.</p><ul><li>ຄົນຮຸ້ນດຽວກັນສາມາດອ້າງເຖິງຂະຫຍາຍເວລາ. ໃນພຣະຄັມພີ,</li></ul><p>ຊ່ວງໄລຍະເວລາການນັບແຕ່ລະຮຸ້ນນັ້ນໂດຍປົກກະຕິພິຈາລະນາຢຸ່ທີ່ປະມານ 40 ປີ.</p><ul><li>ພໍ່ ແມ່ ແລະລຸກຫລານຂອງພວກເຂົາເປັນສອງຮຸ້ນທີ່ຕ່າງກັນ.</li><li>ໃນພຣະຄຳພີ ຄຳວ່າ"ຮຸ້ນອາຍຸ" ຍັງໃຊ້ໃນແບບອຸປະມາອ້າງເຖິງກຸ່ມຄົນທົ່ວໄປທີ່ແບ່ງປັນບຸກຄະລິກລັກສະນະທີ່ເໝືອນ.</li></ul><h3 id="section-2">ຄຳແນະນຳການແປ</h3><ul><li>ຄຳເວົ້າ"ຄົນຮຸ້ນອາຍຸນີ້" ຫລື "ກຸ່ມຄົນຮຸ້ນອາຍຸນີ້," ສາມາດແປວ່າ" ຄົນທີ່ອາໃສຢຸ່ຕອນນີ້" ຫລື "ຄົນຂອງທ່ານ"</li><li>" ຮຸ້ນອາຍຸທີ່ຊົ່ວຮ້າຍ" ສາມາດແປໄດ້ອີກວ່າ "ຄົນຊົ່ວຮ້າຍເຫຼົ່ານີ້ທີ່ອາໃສຢູ່ຕອນນີ້."</li><li>ຄຳກ່າວ "ຈາກຮຸ້ນອາຍູນີ້ສຸ່ອີກຮຸ້ນ" ຫລື "ຈາກຮຸ້ນນຶ່ງໄປຍັງຮຸ້ນຕໍ່ໄປ" ສາມາດແປໄດ້ອີກວ່າ"ຄົນທີ່ອາໃສຢຸ່ຕອນນີ້ ເຊັ່ນດຽວກັບລຸກຂອງພວກເຂົາແລະຫລານຂອງພວກເຂົາ" ຫລື "ຜູ້ຄົນທີ່ຢຸ່ທຸກຊ່ວງເວລາ" ຫລື "ຜຸ້ຄົນທີ່ຢຸ່ໃນຊວ່ງເວລານີ້ແລະຊ່ວງເວລາແຫ່ງອະນາຄົດ" ຫລື " ປະຊາຊົນທຸກຄົນແລະຜູ້ທີ່ສືບເຊື້ອສາຍຂອງພວກເຂົາ."</li><li>"ຮຸ້ນອາຍຸທ່ີ່ຈະມານັ້ນຈະໄດ້ຮັບໃຊ້ເຂົາ; ພວກເຂົາຈະບອກຮຸ້ນອາຍຸຕໍ່ໄປກ່ຽວກັບພຣະເຈົ້າຢາເວ"ສາມາດແປໄດ້ວ່າ "ຄົນຫຼວງຫຼາຍໃນອະນາຄົດຈະຮັບໃຊ້ພຣະຢາເວ ແລະຈະບອກເລົ່າແກ່ລູກແລະຫລານກຽ່ວກັບພຣະອົງ."</li></ul>  
gentile	<h2 id="section">@ຄົນຕ່າງຊາດ</h2><h3 id="section-1">ນິຍາມ</h3><p>ຄຳວ່າ "ຄົນຕ່າງຊາດ" ອ້າງເຖິງຄົນທ່ີບໍ່ໄດ້ເປັນຢິວ ຄົນຕ່າງຊາດຄືປະຊາຊົນຜູ້ທີ່ບໍ່ໄດ້ສືບເຊື້ອສາຍມາຈາກຢາໂຄບ.</p><ul><li>ໃນພຣະຄັມພີ, ຄຳວ່າ "ພວກທ່ີ່ບໍ່ໄດ້ເຂົ້າຮັບພິທີຕັດ"ກໍໃຊ້ຄືກັນກັບຄຳອູປະມາອ້າງເຖິງຄົນຕ່າງຊາດເພາະວ່າພວກເຂົາຫລາຍຄົນບໍ່ໄດ້ໃຫ້ລູກຫລານທີ່ເປັນຜູ້ຊາຍເຂົ້າຮັບພິທີຕັດເໝືອນຢ່າງຊົນຊາດອິສະຣາເອນໄດ້ເຮັດ.</li><li>ເພາະວ່າພຣະເຈົ້າໄດ້ເລືອກຄົນຢິວເພື່ອເປັນຊົນຊາດທີ່ພິເສດສຳລັບພຣະເຈົ້າ. ພວກເຂົາໄດ້ຄິດວ່າພວກຄົນຕ່າງຊາດຄືພວກຄົນນອກທີ່ບໍ່ມີວັນຈະໄດ້ເປັນຄົນຂອງພຣະເຈົ້າ.</li><li>ຄົນຢິວຫລືທີ່ເອີ້ນວ່າຊົນຊາດອິສະຣາເອນຫລືຄົນເຮັບເຣີໃນຊວ່ງເວລາທີ່ແຕກຕ່າງຂອງປະຫວັດສາດ ພວກເຂົາອ້າງເຖິງຄົນອື່ນໆ ທ່ີ່ເຫລືອເປັນ"ຄົນຕ່າງຊາດ."</li><li>ຄົນຕ່າງຊາດສາມາດແປໄດ້ອີກວ່າ"ຄົນບໍ່ແມ່ນຄົນຢິວ" ຫລື "  "ບໍ່ແມ່ນຄົນອິສະຣາເອນ" (ພັນທະສັນຍາເດີມ) ຫລື"ບໍ່ແມ່ນຄົນຢິວ"</li><li>ຕາມປະເພນີແລ້ວ ຄົນຢິວຈະບໍ່ກິນເຂົ້າຮວ່ມກັບຄົນຕ່າງຊາດຫລຶຄົບຄ້າສາມາຄົມກັບພວກເຂົາ ຊຶ່ງໃນຕອນທຳອິດເຮັດໃຫ້ເກີດບັນຫາຫລວງຫລາຍໃນຄຣິສຕະຈັກຍຸກຕົ້ນໆ.</li></ul>  
gerar	<h2 id="section">@ເກຣາ</h2><h3 id="section-1">ຂໍ້ເທັດຈິງ</h3><p>ເກຣາ ຄືເມືອງໃນແຜ່ນດິນການາອານ, ຕັ້ງຢູ່ທາງຕາເວັນຕົກສ່ຽງໃຕ້ເຮັບໂຣນ ແລະທິດຕາເວັນຕົກສ່ຽງເໜືອ ເບເອີເຊບາ.</p><ul><li>ກະສັດ ອາບີເມເລດ ຄືຜຸ້ປົກຄອງຂອງເມືອງເກຣາເມື່ອອັບ</li></ul><p>ຣາຮາມແລະຊາຣາມາຕັ້ງຖິ່ນຖານທີ່ນັ້ນ.</p><ul><li>ຄົນຟີລິດສະຕີນ ໄດ້ເຂົ້າຢຶດຄອງເມືອງເກຣາ ລະຫວ່າງຊ່ວງເວລາທີ່ຊົນຊາດອິສະຣາເອນ ອາໃສຢຸ່ໃນແຜ່ນດິນການາອານ.</li></ul>  
geshur	<h2 id="section">@ເກຊຸຸ</h2><h3 id="section-1">ຂໍ້ເທັດຈິງ</h3><p>ຊ່ວງເວລາຂອງກະສັດດາວິດ, ເມືອງເກຊູເປັນອານາຈັກນອ້ຍໆ ຕັ້ງຢູ່ທາງພາກຕາເວັນອອກຂອງທະເລຄາລີເລ, ລະຫວ່າງປະເທດອິສະຣາເອນແລະອາຣັບ.</p><ul><li>ກະສັດດາວິດໄດ້ແຕ່ງງານກັບ ມາອາຄາ, ລຸກສາວຂອງກະສັດແຫ່ງ ເກຊູແລະໄດ້ເກີດລຸກຊາຍໃຫ້ພຣະອົງ,ຄື ອັບຊາໂລມ.</li><li>ຫລັງຈາກທີ່ຂ້າ ອັບໂນນ ອ້າຍຕ່າງແມ່, ອັບຊາໂລມກໍໜີໄປທິດຕາເວັນອອກສ່ຽງເໜືອຈາກເຢຣູຊາເລັມເຖິງ ເກຊຸ, ລະຍະທາງປະມານ 88 ກີໂລແມັດ ເຂົາໄດ້ອາໃສຢູ່ທີ່ນັ້ນສາມປີ.</li></ul>  
gethsemane	<h2 id="section">@ເຄັດເຊມາເນ</h2><h3 id="section-1">ຂໍ້ເທັດຈິງ</h3><p>ເຄັດເຊມາເນ ຄືສວນຂອງສວນຫມາກກອກເທດທາງທິດຕາເວັນອອກຂອງນະຄອນເຢຣູຊາເລັມເໜືອຮ່ອມພູເຂົາຂີດໂຣນແລະໃກ້ກັບພູເຂົາໝາກກອກເທດ.</p><ul><li>ສວນເຄັດເຊມາເນ ຄືສະຖານທີ່ທີ່ພຣະເຢຊູ ແລະເຫົ່ຼາສາວົກຂອງພຣະອົງມັກຈະໄປທ່ີ່ນັ້ນເພື່ອພັກຜ່ອນຈາກຝູງຊົນ.</li><li>ທີ່ສວນເຄັດເຊມາເນທີ່ພຣະເຢຊູໄດ້ອະທິຖານໃນຄວາມໂສກເສົ້າ, ເປັນທຸກໜັກໜ່ວງ ກ່ອນການຖືກຈັບທີ່ນັ້ນໂດຍຜູ້ນຳຊາວຢິວທັງຫລາຍ.</li></ul>  
giant	<h2 id="section">@ຍັກ</h2><h3 id="section-1">ນິຍາມ</h3><p>ຍັກ ໂດຍປົກກະຕິອ້າງເຖິງບູກຄົນທີ່ຕົວໃຫຍ່ຜິດປົກກະຕິທັງຄວາມສຸງແລະກຳລັງ.</p><ul><li>ໂກລີອາດ ທະຫານຊາວຟີລິດສະຕີນທີ່ຕໍ່ສຸ້ກັບ ດາວິດ ຖືກເອີ້ນວ່າຍັກເພາະວ່າເຂົາສູງຫລາຍ ຕົວໃຫຍ່ແລະເປັນຊາຍທີ່ສູງ, ໃຫຍ່,ແລະແຂງແຮງ.</li><li>ຊົນຊາດອິສະຣາເອນທີ່ໄປສອດແນມແຜ່ນດິນຄານາອານບອກວ່າຄົນທີ່ອາໃສຢູ່ທີ່ນັ້ນເຫມືອນຍັກ.</li></ul>  
gibeah	<h2 id="section">@ກີເບອາ</h2><h3 id="section-1">ຂໍ້ເທັດຈິງ</h3><p>ກີເບອາ ຄືຊື່ເມືອງທີ່ຕັ້ງຢູ່ທາງເໜືອຂອງນະຄອນເຢຣູຊາເລັມແລະທາງໃຕ້ຂອງເມືອງເບດເອນ.</p><ul><li>ກີເບອາ ຢູ່ໃນເຂດແດນຂອງຕະກູນເບັນຢາມິນ.</li><li>ເປັນສະຖານທີ່ຂອງການສຸ້ຮົບຄັ້ງໃຫຍ່ລະຫວ່າງຄົນເຜົ່າ ເບັນຢາມິນແລະອິສະຣາເອນ.</li></ul>  
gibeon	<h2 id="section">@ກີເບໂອນ,ຊາວກີເບໂອນ</h2><h3 id="section-1">ຂໍ້ເທັດຈິງ</h3><p>ກີເບໂອນ ຄືເມືອງທີ່ຕັ້ງຢຸ່ທາງທິດຕາເວັນຕົກສ່ຽງເໜືອຂອງນະຄອນເຢຣູຊາເລັມປະມານ13 ກິໂລແມັດ. ຄົນທ່ີ່ອາໃສຢຸ່ທີ່ເມືອງກີເບໂອນເອີ້ນວ່າຊາວກີເບໂອນ.</p><ul><li>ເມື່ອຊາວກີເບໂອນ ໄດ້ຍິນເລື້ອງທີ່ຊົນຊາດອິສະຣາເອນທຳລາຍເມືອງເຢຣີໂກແລະເມືອງອາຍ ພວກເຂົາກໍຢ້ານ.</li><li>ດັ່ງນັ້ນຊາວກີເບໂອນຈິ່ງມາຫາຜຸ້ນຳຂອງຊົນຊາດອິສະຣາເອນທີ່ກິນການແລະແກ້ງເຮັດເປັນຄົນທີ່ມາຈາກເມືອງໄກແສນໄກ.</li><li>ຜຸ້ນຳຂອງຊົນຊາດອິສະຣາເອນຖືກຫລອກແລະເຮັດຂໍ້ຕົກລົງກັບຄົນກີເບໂອນວ່າພວກເຂົາຈະປົກປ້ອງຄົນກີເບໂອນແລະບໍ່ທຳລາຍພວກເຂົາ.</li></ul>  
gideon	<h2 id="section">@ກີເດໂອນ</h2><h3 id="section-1">ຂໍ້ເທັດຈິງ</h3><p>ກີເດໂອນ ຄືຜຸ້ຊາຍອິສະຣາເອນຄົນທ່ີ່ພຣະເຈົ້າໄດ້ຍົກຂື້ນໃຫ້ຊ່ວຍກູ້ຊົນຊາດອິສະຣາເອນຈາກສັດຕູຂອງພວກເຂົາ.</p><ul><li>ຊ່ວງເວລາທ່ີ່ ກີເດໂອນ ມີຊີວິດຢູ່,ກຸ່ມຄົນທ່ີ່ເອີ້ນວ່າ ມີດຽນ ພະຍາຍາມໂຈມຕີຊົນຊາດອິສະຣາເອນແລະທຳລາຍພືດຜົນຂອງພວກເຂົາ</li><li>ເຖິງແມ່ນວ່າກີເດໂອນຈະຢ້ານ,ພຣະເຈົ້າໄດ້ຊົງໃຊ້ເຂົາໃຫ້ນຳຊົນຊາດອິສະຣາເອນທ່ີ່ຈະຕໍ່ສູ້ຄົນມີດຽນແລະປາບປາມພວກເຂົາ.</li><li>ກີເດໂອນເອງກໍໄດ້ເຊື່ອຟັງພຣະເຈົ້າໂດຍການທຳລາຍແທ່ນບູຊາພຣະປອມ ບາອານແລະພຣະອາເຊຣາ.</li><li>ເຂົາບໍ່ພຽງແຕ່ນຳຄົນເຫົ່ຼານັ້ນໃນການໂຈມຕີສັດຕູຂອງພວກເຂົາ ແຕ່ຍັງໜູນໃຈພວກເຂົາໃຫ້ເຊື່ອຟັງພຣະເຈົ້າແລະນະມັດສະການພຣະເຈົ້າຢາເວ,ພຣະເຈົ້າທ່ຽງແທ້ແຕ່ອົງດຽວ.</li></ul>  
gift	<h2 id="section">@ຂອງຂວັນ,ຂອງປະທານ</h2><h3 id="section-1">ນິຍາມ</h3><p>ຄຳວ່າ "ຂອງຂັວນ" ອ້າງເຖິງຫຍັງກໍໄດ້ທ່ີ່ຄົນໜຶ່ງໄດ້ຮັບຫລືໃຫ້ແກ່ບາງຄົນ. ຂອງຂວັນຄືສິ່ງທີ່ໃຫ້ໂດຍບໍ່ໄດ້ຄາດຫວັງວ່າຈະໄດ້ຫຍັງກັບຄືນມາ.</p><ul><li>ເງິນ, ອາຫານ, ເສື້ອຜ້າ,ຫລືແມ່ນຫຍັງກໍຕາມທ່ີ່ໃຫ້ແກ່ຄົນຍາກຈົນເອີ້ນວ່າ "ຂອງຂວັນ."</li><li>ໃນພຣະຄັມພີ,ຂອງຖວາຍຫລືເຄື່ອງບູຊາທ່ີ່ໃຫ້ແກ່ພຣະເຈົ້າເອີ້ນວ່າຂອງຂວັນ.</li><li>ຂອງຂວັນຂອງຄວາມລອດຄືບາງສິ່ງທ່ີ່ພຣະເຈົ້າໃຫ້ເຮົາຜ່ານທາງຄວາມເຊື່ອໃນພຣະເຢຊຸ.</li><li>ໃນພັນທະສັນຍາໃຫມ່ ຄຳວ່າ "ຂອງປະທານ" ກໍໃຊ້ເພື່ອບົ່ງບອກເຖິງຄວາມສາມາດພິເສດຝ່າຍວິນຍານທ່ີ່ພຣະເຈົ້າໃຫ້ແກ່ຄຣິສະຕຽນທັງຫລາຍເພື່ອຮັບໃຊ້ຜຸ້ອື່ນ.</li></ul><h3 id="section-2">ຄຳແນະນຳການແປ</h3><ul><li>ຄວາມທົ່ວໄປຂອງຄຳວ່າ" ຂອງຂັວນ" ສາມາດແປດວ້ຍຄຳຫລືຄຳທ່ີ່ໝາຍເຖິງ "ຂອງບາງສິ່ງທີ່ໄດ້ມາ".</li><li>ໃນບໍຣິບົດທ່ີ່ໃຜຈັກຄົນນຶ່ງມີຂອງຂວັນຫລືຄວາມສາມາດພິເສດທ່ີ່ມາຈາກພຣະເຈົ້າ "ຂອງຂວັນຈາກພຣະວິນຍານ" ສາມາດແປໄດ້ອີກວ່າ "ຄວາມສາມາດຝ່າຍວິນຍານ" ຫລື "ຄວາມສາມາດພິເສດຈາກພຣະວິນຍານບໍຣິສຸດ" ຫລື " ຄວາມສາມາດຝ່າຍວິນຍານຈິດ ທ່ີ່ພຣະເຈົ້າປະທານໃຫ້."</li></ul>  
gilead	<h2 id="section">@ກີເລອາດ</h2><h3 id="section-1">ຂໍ້ເທັດຈິງ</h3><p>ກີເລອາດ ຄືຊື່ຂອງພູເຂົາໃນດິນແດນຕາເວັນອອກຂອງແມ່ນ້ຳຈໍແດນ,ທ່ີ່ເຜົ່າກາດ,ຣຸເບນ,ແລະມານາເຊຂອງຊົນຊາດອິສະຣາເອນຢູ່.</p><ul><li>ບໍລິເວນແຫ່ງນີ້ໄດ້ຖືກອ້າງເຖິງດ້ວຍວ່າ່ "ເນີນພູກີເລອາດ" ຫລື "ພຸເຂົາກີເລອາດ".</li><li>"ກີເລອາດ" ຄືຊື່ຜູ້ຊາຍຫລາຍຄົນໃນພັນທະສັນຍາເດີມ ນຶ່ງໃນຜູ້ຊາຍເຫົ່ຼານີ້ນັ້ນຄືຫລານຊາຍຂອງມານາເຊ. ກີເລອາດອີກຄົນຄືພໍ່ຂອງເຢບທາ.</li></ul>  
gilgal	<h2 id="section">@ກິນການ</h2><h3 id="section-1">ຂໍ້ເທັດຈິງ</h3><p>ຄຳວ່າ ກິນການ ຄືເມືອງຕອນເໜືອຂອງເຢຣິໂກແລະເປັນສະຖານທ່ີ່ທຳອິດທີ່ຊົນຊາດອິສະຣາເອນຕັ້ງຄ້າຍຫລັງຈາກຂ້ວາມແມ່ນ້ຳຈໍແດນເພື່ອເຂັ້າໄປໃນແຜ່ນດິນການາອານ.</p><ul><li>ທີ່ກິນການ,ໂຢຊວຍໄດ້ຕັ້ງຫີນສິບສອງກ້ອນທີ່ເອົາມາຈາກແມ່ນ້ຳຈໍແດນຕອນທີ່ພວກເຂົາກຳລັງຈະຂວ້າມມາ.</li><li>ກິນການ ຄືເມືອງທີ່ ເອລີຢາ ແລະ ເອລີຊາ ຈາກມາໃນຂະນະທີ່ພວກເຂົາຂ້ວາມແມ່ນ້ຳຈໍແດນເມື່ອ ເອລີຢາ ຖືກຮັບຂື້ນໄປສະຫວັນ.</li><li>ຍັງມີອີກຫລາຍສະຖານທີ່ ທີ່ເອີ້ນວ່າ "ກິນການ" ດ້ວຍໃນພັນທະສັນຍາເດີມ.</li><li>ຄຳວ່າ "ກິນການ" ໝາຍເຖິງ "ຫີນວົງກົມ" ບາງທີອ້າງເຖິງສະຖານທີ່ໆ ແທ່ນບູຊາໄດ້ຖືກສ້າງຂື້ນ.</li><li>ໃນພັນທະສັນຍາເດີມ,ຊື່ນີ້ມັກຈະເກີດຂື້ນສະເໝີ, ຄື "ກິນການ." ນີ້ອາດບົ່ງຊີ້ວ່າມັນບໍ່ໄດ້ເປັນສະຖານທີ່ແນ່ນອນ ແຕ່ເປັນຄຳອະທິບາຍເຖິງສະຖານທີ່ ທີ່ແນ່ນອນບາງແຫ່ງຫລາຍກ່ວາ.</li></ul>  
gird	<h2 id="section">@ຄາດ, @ຮັດ</h2><h3 id="section-1">ນິຍາມ</h3><p>ຄຳວ່າ "ຄາດ "ຫມາຍເຖິງໃຊ້ສາຍຄາດເພື່ອຮັດຮອບໆ ຂອງບາງສິ່ງ ມັນອ້າງເຖິງການການໃຊ້ສາຍແອວຫລືເຊືອກມັດເເອວເພື່ອເຮັດໃຫ້ເສື້ອຊັ້ນນອກຫລືເສື້ອຄຸມສາມາດຢູ່ໄດ້.</p><ul><li>ຄຳເວົ້າທົ່ວໄປໃນພຣະຄັມພີ "ຄາດເເອວຂອງທ່ານ" ໝາຍເຖິງເອົາເສື້ອຄຸມສອດເຂົ້າໄປໃນສາຍເເອວເພື່ອໃຫ້ສາມາດເຮັດວຽກສະດວກ.</li><li>ຄຳເວົ້ານີ້ໝາຍຄວາມວ່າໃຫ້ກຽມພ້ອມສຳລັບການທຳງານຫລືໃຫ້ຕຽມທີ່ຈະເຮັດບາງສິ່ງທີ່ຍາກ.</li><li>ຄຳເວົ້າ "ຄາດແອວຂອງທ່ານ"ສາມາດແປໄດ້ໂດຍໃຊ້ສຳນວນໃນພາສາເປົ້າໝາຍທີ່ມີຄວາມໝາຍຄືກັນ.ຫືຼສາມາດແປໂດຍບໍ່ຕ້ອງມີການປຽບທຽບເຊັ່ນ "ຕຽມຕົວເອງໃຫ້ພ້ອມທີ່ຈະຮັບການກະທຳ "ຫລື "ກຽມຕົວເອງໃຫ້ພ້ອມ".</li><li>ຄຳວ່າ "ຄາດດ້ວຍ"ສາມາດແປວ່າ "ລ້ອມຮອບດ້ວຍ" ຫືຼ "ພັນດ້ວຍ "ຫືຼ "ຮັດດ້ວຍ."</li></ul>  
girgashites	<h2 id="section">@ເກຄາຊີ,,ຊາວເກຄາຊີ</h2><h3 id="section-1">ຂໍ້ເທັດຈິງ</h3><p>ເກຄາຊີ ຄືກຸ່ມຄົນທີ່ອາໃສຢູ່ໃກ້ກັບທະເລກາລີເລ ໃນແຜ່ນດິນການາອານ.</p><ul><li>ພວກເຂົາຄືຜູ້ສືບເຊື້ອສາຍຂອງລູກຊາຍຂອງ ຮາມ ຄື ການາອານແລະເປັນນຶ່ງໃນກຸ່ມຄົນທີ່ຮູ້ຈັກກັນວ່າເປັນ "ຊາວການາອານ."</li><li>ພຣະເຈົ້າໄດ້ຊົງສັນຍາກັບຊົນຊາດອິສະຣາເອນວ່າພຣະອົງຈະຊ່ວຍພວກເຂົາຕໍ່ສູ້ກັບຄົນເກຊາຊີແລະຄົນການາອານກຸ່ມອື່ນໆ.</li><li>ເໝືອນກັບຄົນການາອານອື່ນໆ ຄົນເກກາຊີ ນະມັດສະການພຣະປອມແລະໄດ້ເຮັດໃນສິ່ງຜິດສິລະທັມຊຶ່ງເປັນການນະມັດສະການຂອງພວກເຂົາ.</li></ul>  
glean	<h2 id="section">@ເກັບຮວງເຂົ້າຫລົ່ນລົງ</h2><h3 id="section-1">ນິຍາມ</h3><p>ຄຳວາ່ "ເກັບຮວງເຂົ້າທີ່ຫລົ່ນລົງ "ໝາຍຄວາມວ່າການເຂົ້າໄປໃນໄຮ່ນາເພື່ອເກັບເມັດເຂົ້າໃດໆ ກໍຕາມຫລືຜົນລະໄມ້ທີ່ຄົນເກັບກ່ຽວໄດ້ເຫລືອຖິ້ມໃວ້.</p><ul><li>ພຣະເຈົ້າຊົງບອກໃຫ້ຊົນຊາດອິສະຣາເອນປ່ອຍຍິງໝ້າຍ,ຄົນທູກຈົນ,ແລະຄົນຕ່າງຊາດເກັບລວບລວມເມັດເຂົ້າທີ່ຕົກໄວ້ເພື່ອຕຽມອາຫານສຳລັບຕົວເຂົາເອງ.</li><li>ບາງຄັ້ງເຈົ້າຂອງນາຈະໃຫ້ຄົນເກັບເຂົ້າທີ່ຫລົ່ນລົງດິນຕາມຫລັງຄົນເກັບກ່ຽວເພື່ອລວບລວມ,ນັ້ນເຮັດໃຫ້ພວກເຂົາສາມາດເກັບຮວງເຂົ້າທີ່ຫລົ່ນລົງໄດ້ຫລາຍຂື້ນ.</li><li>ຕົວຢ່່າງທີ່ເຫັນໄດ້ຄັກແນ່ໃນເລື້ອງນີ້ຄືໃນເລື້ອງຂອງນາງຣຸດ, ທີ່ນາງຮັບອະນຸຍາດໃຫ້ເກັບຮວງເຂົ້າຫລົ່ນລົງທ່າມກາງຄົນເກັບກ່ຽວໃນນາຂອງໂບອາດ.</li><li>ອີກທາງໃນແປຄຳວ່າ "ເກັບຮວງເຂົ້າທີ່ຫລົ່ນ," ສາມາດເປັນຄຳວ່າ "ເກັບ" ຫລື "ລວບລວມ" ຫລື "ເກັບສະສົມ."</li></ul>  
glorify	<h2 id="section">@ຖວາຍພຣະສະຫງ່າຣາສີ,ຖວາຍກຽດ</h2><h3 id="section-1">ນິຍາມ</h3><p>ຄຳວ່າ "ຖວາຍພຣະສະຫງ່າຣາສີ" ໝາຍເຖິງການສະແດງຫລືບອກເຖິງຄວາມຍິ່ງໃຫຍ່ແລະຄວາມສຳຄັນໃນບາງສິ່ງຫລືບາງຄົນ.ຄວາມໝາຍຕາມຕົວອັກສອນຄື "ໃຫ້ກຽດ".</p><ul><li>ມະນຸດສາມາດຖວາຍກຽດແດ່ພຣະເຈົ້າໂດຍການບອກເຖິງສິ່ງດີເລີດທ່ີ່ພຣະອົງໄດ້ກະທຳ.</li><li>ພວກເຂົາສາມາດໃຫ້ກຽດພຣະເຈົ້າໂດຍການດຳເນີນຊີວິດໃນແບບທີ່ຖວາຍກຽດແກ່ພຣະອົງແລະສະແດງໃຫ້ເຫັນວ່າພຣະອົງຍິ່ງໃຫຍ່ແລະອັດສະຈັນຊ່ຳໃດ.</li><li>ເມື່ອພຣະຄັມພີເວົ້າວ່າພຣະເຈົ້າໃຫ້ພຣະອົງເອງໄດ້ຮັບກຽດ, ນັ້ນໝາຍຄວາມວ່າພຣະອົງເປີດເຜີຍແກ່ມະນຸດໄດ້ເຫັນເຖິງຄວາມດີເລີດຍິ່ງໃຫຍ່ຂອງພຣະອົງຫລາຍຄັ້ງສຳແດງຜ່ານການອັດສະຈັນຕ່າງໆ.</li><li>ພຣະເຈົ້າພຣະບິດາຈະໃຫ້ພຣະເຈົ້າພຣະບຸດໄດ້ຮັບກຽດໂດຍການເປີດເຜີຍແກ່ມະນຸດເຖິງຄວາມດີເລີດສົມບູນໃນພຣະບຸດ, ຄວາມສະຫງ່າງາມ,ແລະຄວາມຍິ່ງໃຫຍ່.</li><li>ທຸກຄົນທີ່ເຊື່ອໃນພຣະຄຣິດຈະໃຫ້ກຽດແກ່ພຣະເຈົ້າ. ເມື່ອພວກເຂົາຖືກຟື້ນຈາກຄວາມຕາຍ, ພວກເຂົາຈະຖືກປ່ຽນໃຫ້ສະທ້ອນພຣະສະຫງ່າຣາສີຂອງພຣະອົງແລະສຳແດງພຣະຄຸນຂອງພຣະອົງແກ່ສັບພະສິ່ງທັງປວງ.</li></ul><h3 id="section-2">ຄຳແນະນຳການແປ</h3><ul><li>ຄຳນີ້ສາມາດແປວ່າ, "ຖວາຍພຣະສະຫງ່າຣາສີມາສູ່" ຫລື "ເຮັດໃຫ້ຄວາມຍິ່ງໃຫຍ່ເກີດຂື້ນ."</li><li>ຄຳເວົ້າ " ຖວາຍກຽດເເດ່ພຣະເຈົ້າ " ສາມາດເເປວ່າ " ສັນຣະເສີນພຣະເຈົ້າ.</li></ul><p>" ຫຼື " ເວົ້າເຖິງຄວາມຍິ່ງໃຫຍ່ຂອງພຣະເຈົ້າ " ຫຼື" ສຳເເດງວ່າພຣະເຈົ້າຍິ່ງໃຫຍ່ຂະໜາດໃດ " ຫຼື " ໃຫ້ກຽດພຣະເຈົ້າ"</p>  
glory	<h2 id="section">@ພຣະສີຣິ, @ພຣະສະຫງ່າຣາສີ</h2><h3 id="section-1">ນິຍາມ</h3><p>ທົ່ວໄປແລ້ວຄຳວ່າ, "ພຣະສີຣິ" ຫມາຍເຖິງກຽດ" ຄວາມສະຫງ່າງາມແລະຄວາມຍິ່ງໃຫຍ່ທີ່ສຸດ. ສິ່ງໃດກໍຕາມທີ່ມີພຣະສີຣິຄືການມີ "ສະຫງ່າຣາສີ." .</p><ul><li>ບາງຄັ້ງ "ພຣະສີຣິ" ອ້າງເຖິງບາງສິ່ງທີ່ມີຄຸນຄ່າຍິ່ງໃຫຍ່ແລະສຳຄັນໃນບໍຣິບົດອື່ນກໍຄືການສື່ສານເຖິງຄວາມສະຫງ່າງາມ, ຄວາມສະຫວ່າງ,ແລະການພິພາກສາ.</li><li>ຕົວຢ່່າງເຊັ່ນ, ປະໂຫຍກທີ່ວ່າ "ກຽດຂອງຄົນລ້ຽງແກະ" ໝາຍເຖິງທົ່ງຫຍ້າຂຽວສົດທີ່ແກະຂອງເຂົາໄດ້ມີກິນຢ່່າງສົມບູນ.</li><li>ພຣະສີຣິໂດຍສະເພາະແລ້ວຈະໃຊ້ເພື່ອອະທິບາຍເຖິງພຣະເຈົ້າ,ຜູ້ທີ່ຊົງສະຫງ່າຣາສີຫລາຍຍິ່ງກວ່າຜຸ້ໃດຫລືສິ່ງໃດໃນຈັກກະວານນີ້. ທຸກສິ່ງໃນພຣະລັກສະນະຂອງພຣະອົງເປີດເຜີຍພຣະສີຣິແລະສະຫງ່າຣາສີຂອງພຣະອົງ.</li><li>ຄຳກ່າວ "ຖວາຍພຣະສີຣິໃນ" ຫມາຍເຖິງການໂອ້ອວດໃນສິ່ງ</li></ul><p>ນັ້ນຫລືການພາກພູມໃຈໃນບາງສິ່ງ.</p><h3 id="section-2">ຄຳແນະນຳການແປ</h3><ul><li>ຂຶ້ນຢຸ່ກັບບໍຣິບົດ, ທີ່ແຕກຕ່າງໃນການແປ "ພຣະສີຣິ"</li></ul><p>ສາມາດລວມທັງ "ສະຫງ່າຣາສີ"ຫລື "ຄວາມສະຫວ່າງ" ຫລື "ຫຍິ່ງໃຫຍ່ຕະການຕາ" ຫລື "ຫຍິ່ງໃຫຍ່" ຫລື "ມີຄຸນຄ່າຢ່າງຫຍິ່ງ.</p><ul><li>ຄຳວ່າ "ສະຫງ່າຣາສີ" ສາມາດແປ "ເຕັມພຣະສີຣິ" ຫລື "ມີຄ່າຫລາຍ" ຫລື" ສະຫວ່າງສະໄຫວ" ຫລື" ດີເລີດ."</li><li>ຄຳກ່າວທີ່ວ່າ "ຖວາຍພຣະສີຣິແດ່ພຣະເຈົ້າ"ສາມາດແປໄດ້ວ່າ"ຖວາຍກຽດແລະຄວາມຫຍິ່ງໃຫຍ່ຂອງພຣະເຈົ້າ" ຫລື "ສັນຣະເສີນພຣະເຈົ້າເພາະຄວາມດີເລີດຂອງພຣະອົງ" ຫລື "ບອກຄົນອື່ນເຖິງຄວາມຫຍິ່ງໃຫຍ່ຂອງພຣະອົງ."</li></ul><p>ຄຳກ່າວ "ພຣະສີຣິໃນ" ສາມາດແປວ່າ" ສັນຣະເສີນ" ຫລື" ພູມໃຈ ໃນ" ຫລື" ໂອ້ອວດ" ຫລື "ຊື່ນຊົມໃນ".</p>  
goat	<h2 id="section">@ແບ້</h2><h3 id="section-1">ນິຍາມ</h3><p>ແບ້ ເປັນສັດຂະໜາດກາງໆ, ເປັນສັດສີຂາວ ຄ້າຍກັບແກະແລະເປັນສັດທີ່ບໍ່ໃຫ້ນົມແລະເອົາໃວ້ກິນຊີ້ນ. ລູກອອ່ນຂອງແບ້ເອີ້ນວ່າ"ລູກແບ້."</p><ul><li>ເໝືອນກັບແກະ, ແບ້ເປັນສັດທີ່ສຳຄັນສຳລັບການເຜົາບູຊາ ໂດຍສະເພາະເທສະການປັດສະຄາ.</li><li>ເຖິງແມ່ນວ່າແບ້ມີຄວາມຄ້າຍຄືແກະແຕ່ກໍມີຄວາມແຕກຕ່າງບາງຢ່າງທີ່ເຫັນໄດ້ຢ່າງຈະແຈ້ງ.</li><li>ແບ້ມີຂົນສີເຂັ້ມແລະຫຍາບ, ແຕ່ແກະມີຂົນເປັນປູຍ.</li><li>ແບ້ມີຫາງທ່ີ່ຕັ້ງຊີ້ ແຕ່ຫາງແກະຫ້ອຍລົງ.</li><li>ແກະໂດຍປົກກະຕິມັກຢູ່ຢ່າງປອດພັຍກັບຝູງຂອງພວກມັນ ແຕ່ແບ້ຈະມີຄວາມເປັນເອກະເທດແລະມັກທ່ີ່ຈະທ່ອງທ່ຽວໄປຈາກຝູງ.</li><li>ໃນສະມັຍພຣະຄັມພີ, ແບ້ເປັນແຫຼ່ງໃຫ້ນ້ຳນົມຫລັກໆ ກັບຄົນອິສະຣາເອນ.</li><li>ໜັງແບ້ຖືກໃຊ້ເປັນເຕັນເພື່ອປົກຄຸມແລະຖົງໜັງສຳລັບໃສ່</li></ul><p>ເຫົ້ຼາອາງຸ່ນ.</p><ul><li>ທັງໃນພັນທະສັນຍາເດີມແລະໃໝ່, ແບ້ຖືກໃຊ້ເປັນສັນຍາລັກຂອງຄົນອະທັມ, ບາງທີອາດຈະເປັນເພາະແນວໂນ້ມຂອງພວກມັນທີ່ຈະຍ່າງອອກຫ່າງຈາກຄົນທີ່ດູແລພວກມັນ.</li><li>ຊົນຊາດອິສະຣາເອນໃຊ້ແບ້ເປັນສັນຍາລັກແບກຮັບຄວາມບາບດວ້ຍ .ເມື່ອແບ້ຕົວໜຶ່ງຖືກຖວາຍເປັນສັດບູຊາ ປະໂລຫິດຈະເອົາມືວາງເທິງແບ້ຕົວທີສອງແລະສົ່ງເຂົ້າໄປໃນທະເລຊາຍເພື່ອເປັນສັນຍາລັກຂອງສັດທີ່ແບກຮັບຄວາມບາບຂອງມະນຸດ.</li></ul>  
god	<h2 id="section">@ພຣະເຈົ້າ</h2><h3 id="section-1">ນິຍາມ</h3><p>ໃນພຣະຄັມພີ,ຄຳວ່າ "ພຣະເຈົ້າ" ອ້າງເຖິງຜູ້ທີ່ມີຊີວິດນີຣັນດອນ ຜູ້ຊົງສ້າງຈັກກະວານຄວາມຫວ່າງເປົ່າ. ພຣະເຈົ້າຊົງເປັນຢູ່ໃນຖານະພຣະບິດາ, ພຣະບຸດ, ພຣະວິນຍານບໍຣິສຸດ. ພຣະນາມຂອງພຣະເຈົ້າຄື "ພຣະເຈົ້າຢາເວ"</p><ul><li>ພຣະເຈົ້າຊົງເປັນຢູ່ສະເໝີ;ພຣະອົງຢູ່ກ່ອນສິ່ງອື່ນໃດຈະເກີດຂື້ນແລະພຣະອົງຈະຢູ່ສະເໝີເປັນນິດ.</li><li>ພຣະອົງຊົງເປັນພຣະເຈົ້າທ່ຽງແທ້ພຽງຜູ້ດຽວທີ່ມີອຳນາດເໜືອທຸກສິ່ງໃນຈັກກະວານ.</li><li>ພຣະເຈົ້າທ່ຽງທັມດີພອ້ມ ສະຕິປັນຍາຢ່າງຫລວງຫລາຍບໍຣິສຸດ</li></ul><p>ບໍ່ມີບາບ ຍຸດຕິທັມ ເມດຕາແລະມີຄວາມຮັກ.</p><ul><li>ພຣະອົງເປັນພຣະເຈົ້າທີ່ຮັກສາຄຳສັນຍາແລະເຕີມເຕັມຄຳສັນຍາຂອງພຣະອົງສະເໝີ.</li><li>ມະນຸດຖືກສ້າງມາເພື່ອນະມັດສະການພຣະເຈົ້າແລະພຣະອົງເປັນຜຸ້ດຽວທີ່ພວກເຂົາຄວນສັນລະເສີນ.</li><li>ພຣະເຈົ້າຊົງເປີດເຜີຍພຣະນາມຂອງພຣະອົງຄື"ພຣະເຈົ້າຢາເວ"ໝາຍເຖິງ"ພຣະອົງເປັນ" ຫລຶ "ເຮົາເປັນ" ຫລື "ຜຸ້ຊົງເປັນຢຸ່ເປັນນິດ.</li><li>ພຣະຄັມພີກໍສອນເຖິງ  "ພຣະ" ປອມດວ້ຍຊຶ່ງກໍຄືຮູບເຄົາລົບ</li></ul><p>ທີ່ບໍ່ມີຊີວິດທີ່ຜູ້ຄົນຫລົງໄປນະມັດສະການແບບຜິດໆ.</p><p>%ຄຳແນະນຳການແປ</p><ul><li>ແນວທາງໃນການແປຄຳວ່າ "ພຣະເຈົ້າ" ສາມາດລວມທັງ "ເທບ" ຫລື "ພຣະຜູ້ສ້າງ" ຫລື "ຜູ້ສູງສົ່ງ"</li><li>ອີກແນວທາງໃນການແປຄຳວ່າ "ພຣະເຈົ້າ" ສາມາດລວມ "ພຣະຜູ້ສ້າງຜູ້ສູງສົ່ງ" ຫລື "ອົງອະທິປະໄຕນິຣັນດອນ" ຫລື ພຣະຜູ້ຊົງດຳລົງຢູ່ແລະພຣະຜູ້ສູງສົ່ງ."</li><li>ພິຈາລະນາວ່າພຣະເຈົ້າຈະຖືກອ້າງເຖິງໃຊ້ພາສາທ້ອງຖິ່ນຫລືລະດັບຊາດແນວໃດ ນອກຈາກນີ້ອາດມີຄຳວ່າ "ພຣະເຈົ້າ" ຢຸ່ໃນພາສາທີ່ແປແລ້ວຖ້າເປັນເຊັ່ນນັ້ນສິ່ງສຳຄັນຄືຕ້ອງກວດສອບໃຫ້ແນ່ໃຈວ່າຄຳນີ້ຖືກກັບລັກສະນະສະເພາະຂອງພຣະເຈົ້າອົງດຽວຢ່່າງທີ່ອະທິບາຍໄວ້ເບື້ອງຕົ້ນ.</li><li>ຫລາຍພາສາໃຊ້ຕົວໜັງສືຕົວທຳອິດເປັນຕົວໃຫຍ່ເພື່ອບົ່ງບອກເຖີງພຣະເຈົ້າຜູ້ທ່ຽງແທ້ແຕ່ອົງດຽວ ເພື່ອແຍກຄວາມແຕກຕ່າງຈາກຄຳເວົ້າຂອງພຣະປອມຫລືພຣະເຈົ້າ.</li><li>ອີກວິທີນຶ່ງທີ່ຈະເຮັດໃຫ້ເຫັນຄວາມແຕກຕ່າງນີ້ຄືການໃຊ້ຄຳ</li></ul><p>ທີ່ແຕກຕ່າງຄືຄຳວ່າ "ພຣະເຈົ້າ" ແລະຄຳວ່າ "ພະ".</p><ul><li>ຄຳເວົ້າ "ເຮົາຈະເປັນພຣະເຈົ້າຂອງພວກເຂົາແລະພວກເຂົາຈະເປັນຄົນຂອງເຮົາ "ແປໄດ້ອີກວ່າ" ເຮົາຄືພຣະເຈົ້າຈະປົກຄອງເໜືອຄົນເຫົ່ຼານີ້ແລະພວກເຂົາຈະນະມັດສະການເຮົາ."</li></ul>  
godly	<h2 id="section">@ຕາມທາງພຣະເຈົ້າ,ຢຸ່ໃນທາງທັມ</h2><h3 id="section-1">ນິຍາມ</h3><p>ຄຳວ່າ"ຕາມທາງຂອງພຣະເຈົ້າ "ໃຊ້ເພື່ອບັນລະຍາຍເຖິງການກະທຳຂອງຄົນທີ່ສະແດງອອກແບບໃຫ້ກຽດພຣະເຈົ້າແລະສະແດງວ່າພຣະເຈົ້າຊົງເປັນແນວໃດ. "ເປັນເໝືອນພຣະເຈົ້າ" ຄືຄຸນນະພາບຂອງບຸກຄະລິກລັກສະນະທີ່ຖວາຍກຽດແດ່ພຣະເຈົ້າໂດຍການທຳຕາມພຣະທັຍຂອງພຣະເຈົ້າ.</p><ul><li>ຄົນທີ່ມີບຸກຄະລິກລັກສະນະຕາມທາງພຣະເຈົ້າຈະສະແດງໃຫ້ເຫັນຜົນ ຂອງພຣະວິນຍານບໍຣິສຸດເຊັ່ນ,ຄວາມຮັກ. ຄວາມຊົມຊື່ນຍິນດີ, ສັນຕິສຸກ, ຄວາມອົດທົນ, ຄວາມສຸພາບ,ແລະການບັງຄັບຕົນ</li><li>ຄຸນນະພາບຂອງຄົນທີ່ຢູ່ໃນທາງທັມສະແດງບຸກຄົນນັ້ນມີພຣະວິນຍານ ບໍຣິສຸດແລະເຊື່ອຟັງພຣະອົງ.</li></ul><h3 id="section-2">ຄຳແນະນຳການແປ</h3><p>ຄຳເວົ້າທີ່ວ່າ "ຕາມທາງພຣະເຈົ້າ" ສາມາດແປໄດ້ອີກວ່າ "ຄົນທີ່ຢູ່ ຕາມທາງພຣະເຈົ້າ" ຫລື "ຄົນທີ່ເຊື່ອຟັງພຣະເຈົ້າ.</p>  
god the father	<h2 id="section">@ພຣະເຈົ້າພຣະບິດາ,ພຣະບິດາໃນສະຫວັນ,ພຣະບິດາ</h2><h3 id="section-1">ນິຍາມ</h3><p>ຄຳວ່າ "ພຣະເຈົ້າພຣະບິດາ" ແລະ "ພຣະບິດາໃນສະຫວັນ" ອ້າງເຖິງພຣະເຈົ້າຢາເວ,ພຣະເຈົ້າຜູ້ທ່ຽງແທ້ແຕ່ອົງດຽວ. ຄຳນີ້ບາງຄັ້ງ ກໍເກີດຂຶ້ນດວ້ຍຄຳວ່າ "ພຣະບິດາ" ໂດຍສະເພາະເວລາທີ່ພຣະເຢຊູກຳລັງອ້າງເຖິງພຣະອົງ.</p><ul><li>ພຣະເຈົ້າທັງເປັນຢູ່ໃນຖານະພຣະເຈົ້າພຣະບິດາ ພຣະເຈົ້າພຣະບຸດແລະພຣະເຈົ້າພຣະວິນຍານບໍຣິສຸດ ແຕ່ລະພຣະອົງກໍຄືພຣະເຈົ້າຢ່າງສົມບູນແລະເປັນພຣະເຈົ້າອົງດຽວກັນ ນີ້ເປັນເລື້ອງລຶກລັບທີ່ມະນຸດບໍ່ສາມາດເຂົ້າໃຈໄດ້.</li><li>ພຣະເຈົ້າພຣະບິດາໄດ້ສົ່ງພຣະເຈົ້າພຣະບຸດ (ພຣະເຢຊູ) ມາໃນໂລກນີ້ແລະພຣະອົງໄດ້ສົ່ງພຣະວິນຍານບໍລິສຸດມາຍັງຄົນຂອງພຣະອົງ.</li><li>ຜູ້ໃດທີ່ເຊື່ອໃນພຣະເຈົ້າພຣະບຸດຈະໄດ້ເປັນບຸດຂອງພຣະເຈົ້າ</li></ul><p>ພຣະບິດາ,ແລະພຣະເຈົ້າພຣະວິນຍານບໍຣິສຸດຈະມາຢູ່ໃນຄົນນັ້ນ ນີ້ອີກເປັນເລື້ອງລຶກລັບທີ່ມະນຸດບໍ່ສາມາດເຂົ້າໃຈໄດ້ທັງໝົດ.</p><h3 id="section-2">ຄຳແນະນຳການແປ</h3><ul><li>ໃນຄຳເວົ້າທີ່ວ່າ "ພຣະເຈົ້າພຣະບິດາ" ຈະດີທີ່ສຸດຖ້າແປເປັນ"ພຣະບິດາ" ດ້ວຍຄຳດຽວກັນກັບພາສາທີ່ເປັນທັມະຊາດທີ່ໃຊ້ເພື່ອອ້າງເຖິງພໍ່ໃນແບບມະນູດ.</li><li>ຄຳວ່າ "ພຣະບິດາໃນສະຫວັນ ສາມາດແປໄດ້ອີກວ່າ "ພຣະບິດາຜູ້ຊົງສະຖິດໃນສະຫວັນ"</li><li>ປົກກະຕິແລ້ວ "ພຣະບິດາ" ຈະໃຊ້ຕົວອັກສອນໃຫຍ່ເພື່ອສະແດງໃຫ້ເຫັນວ່າອ້າງເຖິງພຣະເຈົ້າ.</li></ul>  
gold	<h2 id="section">@ທອງຄຳ</h2><h3 id="section-1">ນິຍາມ</h3><p>ທອງຄຳເປັນໂລຫະສີເຫລືອງທີ່ມີຄ່າຫລາຍ ທີ່ໃຊ້ເຮັດເຄື່ອງປະດັບ ແລະສິ່ງຂອງໃນສາສນາ. ເປັນໂລຫະທີ່ມີຄ່າຫລາຍທີ່ສຸດ ໃນໂລກຍຸກບູຮານ.</p><ul><li>ໃນສະໄໝພຣະຄັມພີ ມີວັດຖຸຫລາຍຊະນິດທີ່ເຮັດດວ້ຍທອງຄຳ ຫລືຫຸ້ມດວ້ຍທອງຄຳບາງໆ.</li><li>ສິ່ງຂອງເຫລົ່ານີ້ລວມເຖິງ ຕຸ້ມຫູ ແລະເຄື່ອງປະດັບອື່ນໆ, ຮູບເຄົາລົບ ແທ່ນບູຊາແລະວັດຖຸທີ່ໃຊ້ໃນພັບພາຫລືພຣະວິຫານ,ຢ່າງເຊັ່ນຫີບພຣະບັນຍັດ.</li><li>ໃນພັນທະສັນຍາເດີມ, ທອງຄຳຖືກໃຊ້ເປັນວິທີແລກປ່ຽນ</li></ul><p>ຊື້ແລະຂາຍ ມັນຈະຖືກຊັ່ງຕາຊັ່ງເພື່ອກວດສອບຄຸນຄ່າ.</p><ul><li>ຕໍ່ມາທອງຄຳແລະໂລຫະອື່ນໆ ຢ່າງເຊັ່ນ ເງິນທີ່ຖືກເຮັດເປັນຫລຽນເພື່ອໃຊ້ໃນການຊື້ແລະຂາຍ.</li><li>ເມື່ອອ້າງອີງບາງສິ່ງທີ່ບໍ່ແມ່ນທອງຄຳ ແຕ່ມີທອງປີວບາງໆ</li></ul><p>ຫຸ້ມໃວ້ດວ້ຍທອງຄຳ, "ກໍສາມາດໃຊ້ໄດ້.</p><ul><li>ບາງຄັ້ງວັດຖຸໄດ້ຖືກອະທິບາຍວ່າ "ສີທອງ" ຊຶ່ງໝາຍຄວາມວ່າມັນມີສີເຫລືອງຂອງທອງຄຳ, ແຕ່ອາດບໍ່ໄດ້ເຮັດດວ້ຍທອງແທ້ ໆ.</li></ul>  
golgotha	<h2 id="section">@ໂກລະໂກທາ</h2><h3 id="section-1">ຂໍ້ເທັດຈິງ</h3><p>ຄຳວ່າ "ໂກລະໂກທາ" ຄືສະຖານທີ່ທີ່ພຣະເຢຊູຖືກຄຶງ. ຄຳນີ້ມາຈາກ ພາສາອາຣັບໝາຍເຖິງ "ກະໂຫລກ" ຫລື  "ສະຖານທີ່ແຫ່ງຫົວ ກະໂຫລກ."</p><ul><li>ໂກລະໂກທາຕັ້ງຢູ່ດ້ານນອກກຳແພງເມືອງບາງແຫ່ງໃກ້ກັບ</li></ul><p>ນະຄອນເຢຣູຊາເລັມ, ບາງທີອາດຈະຕັ້ງທີ່ເທິງທາງພຽງພູເຂົາ ຫມາກກອກເທດ.</p><ul><li>ໃນພຣະຄັມພີພາສາອັງກິດດັ້ງເດີມ,ໂກລະໂກທາຖືກແປວ່າ "ແຄວວາຣີ," ຊຶ່ງມາຈາກພາສາລາຕິນແປວ່າ "ກະໂຫລກ"</li><li>ພຣະຄັມພີຫລາຍສະບັບໃຊ້ຄຳທີ່ເໝືອນກັນຄືຄຳວ່າ "ໂກລະໂກທາ," ຄວາມໝາຍຂອງຄຳນີ້ກໍໄດ້ອະທິບາຍໃວ້ໃນຂໍ້ພຣະຄັມພີ. ແລະສາມາດເບິ່ງລິງດ້ານລຸ່ມໄດ້ວ່າແປຄຳນີ້ຢ່າງໃດ.</li></ul><p><a href="https://read.bibleineverylanguage.org/WA-Catalog/lo_tm?section=translate#translate-names" target="_blank" data-is-rc-link="" data-repo="lo_tm" data-user="WA-Catalog" data-page="translate" data-topic="translate-names" data-type="tm">translate-names</a></p>  
goliath	<h2 id="section">@ໂກລີອາດ</h2><h3 id="section-1">ຂໍ້ເທັດຈິງ</h3><p>ໂກລີອາດເປັນທະຫານຕົວສູງໃຫຍ່ຫລາຍໃນກອງທັບຂອງຄົນ ຟີລິດສະຕິນທີ່ດາວິດຂ້າຕາຍ.</p><ul><li>ໂກລີອາດສູງປະມານສອງເຖິງສາມແມັດ, ຫລາຍຄັ້ງຈະຖືກເວົ້າເຖິງວ່າເໝືອນຍັກເພາະດວ້ຍຂະໜາດຕົວທີ່ໃຫຍ່ໂຕຂອງເຂົາ.</li><li>ເຖິງແມ່ນວ່າໂກລີອາດໄດ້ມີອາວຸດທີ່ດີກວ່າແລະຕົວໃຫຍ່ຫລາຍກ່ວາດາວິດ,ພຣະເຈົ້າໄດ້ຊົງໃຫ້ກຳລັງແກ່ດາວິດແລະຄວາມສາມາດທີ່ຈະປາບໂກລີອາດ.</li><li>ຊົນຊາດອິສະຣາເອນໄດ້ປະກາດຊັຍຊະນະເໜືອຄົນຟີລິດສະຕິນດວ້ຍຜົນຂອງຊັຍຊະນະຂອງດາວິດເໜືອໂກລີອາດ.</li></ul>  
gomorrah	<h2 id="section">@ໂກໂມຣາ</h2><h3 id="section-1">ຂໍ້ເທັດຈິງ</h3><p>ໂກໂມຣາ ເປັນເມືອງທີ່ຕັ້ງຢູ່ໃນຮ່ອມພູທີ່ອຸດົມສົມບູນແຫ່ງ ນຶ່ງ,ທາງຕາເວັນອອກຂອງເມືອງໂຊໂດມສະຖານທີ່ຫລານອັບຣາຮາມຄືໂລດໄດ້ເລືອກທີ່ຈະມີຊີວິດ.</p><ul><li>ສະຖານທີ່ແນ່ນອນຂອງ ໂກໂມຣາ ແລະເມືອງໂຊໂດມບໍ່ໄດ້ເປັນທີ່ຮາບ,ແຕ່ມີຂໍ້ບົ່ງຊີ້ຫລາຍຢ່າງທີ່ທັງສອງເມືອງນີ້ອາດຈະຕັ້ງຢູ່ທາງຕອນໃຕ້ຂອງທະເລເກືອ,ໃກ້ກັບຮ່ອມພູຊິດດິມ.</li><li>ມີກະສັດຫລາຍອົງທີ່ເຮັດສົງຄາມໃນບໍລິເວນທີ່ຕັ້ງຂອງເມືອງໂຊໂດມແລະເມືອງໂກໂມຣາ.</li><li>ເມື່ອຄອບຄົວຂອງໂລດຖືກຈັບໃນຂໍ້ຂັດແຍ້ງລະຫວ່າງເມືອງໂຊໂດມແລະເມືອງອື່ນ,ອັບຣາຮາມແລະຄົນຂອງເຂົາຊ່ວຍຊີວິດພວກເຂົາເອົາໄວ້.</li><li>ບໍ່ດົນຫລັງຈາກນັ້ນ ພຣະເຈົ້າໄດ້ທຳລາຍເມືອງໂຊໂດມແລະເມືອງໂກໂມຣາເພາະຄວາມຊົ່ວຮ້າຍຂອງຜູ້ອາໃສຢູ່ທີ່ນັ້ນ.</li></ul>  
good	<h2 id="section">@ດີ,ຄວາມດີ</h2><h3 id="section-1">ນິຍາມ</h3><p>ຄຳວ່າ "ດີ "ມີຄວາມໝາຍແຕກຕ່າງກັນຂື້ນຢູ່ກັບບໍຣິບົດ. ຫລາຍພາສາຈະໃຊ້ຄຳອື່ນໃນການແປຄວາມໝາຍທ່ີ່ແຕກຕ່າງກັນເຫົ່ຼານີ້.</p><ul><li>ໂດຍທົ່ວໄປສິ່ງທີ່ດີຄືຖ້າສິ່ງນັ້ນ ເໝາະສົມກັບພຣະລັກສະນະຂອງພຣະເຈົ້າ, ວັດຖຸປະສົງແລະນ້ຳພຣະທັຍຂອງພຣະອົງ.</li><li>ບາງສິ່ງທີ່ "ດີ" ສາມາດເປັນຄວາມພໍໃຈ ດີເລີດ, ເປັນປະໂຫຍດ</li></ul><p>ເໝາະສົມ, ມີກຳໄລ,ຫລືຖືກຕ້ອງຕາມຫລັກສິລະທັມ.</p><ul><li>ທີ່ດິນທີ່"ດີ "ສາມາດເອີ້ນໄດ້ອີກວ່າ "ສົມບູນ" ຫລື "ປະສິດທິຜົນ".</li><li>ພືດຜົນທີ່ "ດີ" ສາມາດເປັນພືດຜົນທີ່ "ສົມບູນ."</li><li>ບຸກຄົນສາມາດ"ດີ" ໃນສິ່ງທີ່ພວກເຂົາເຮັດ,ຖ້າພວກເຂົາຊຳນານໃນງານຫລືອາຊີບຂອງພວກເຂົາເຊັ່ນດຽວກັບໃນ, "ຊາວນາທີ່ດີ".</li><li>ໃນພຣະຄັມພີ ຄວາມໝາຍທົ່ວໄປຂອງຄຳວ່າ "ດີ" ມັກກົງກັນຂວ້າມກັບຄຳວ່າ "ຊົ່ວຮ້າຍ".</li><li>ຄຳວ່າ "ຄວາມດີ" ປົກກະຕິແລ້ວໝາຍເຖິງການເປັນຄົນທີ່ຢູ່ໃນສິລະທັມທີ່ດີຫລືມີຄວາມຄິດແລະການກະທຳທີ່ເປັນທັມ.</li><li>ຄວາມດີຂອງພຣະເຈົ້າອ້າງເຖິງວ່າພຣະອົງໄດ້ອວຍພອນແກ່ມະນຸດ"ຢ່າງໃດ,ໂດຍການໃຫ້ສິ່ງດີໆ ແລະປະໂຫຍດທີ່ດີ. ນອກຈາກນີ້ຍັງສາມາດອ້າງເຖິງຄວາມສົມບູນແບບທາງຈະຣິຍະທັມຂອງພຣະອົງ.</li></ul><h3 id="section-2">ຄຳແນະນຳການແປ</h3><ul><li>ຄຳທົ່ວໄປສຳຫລັບຄຳວ່າ"ດີ"ໃນພາສາເປົ້າໝາຍຄວນໃຊ້ຄຳໃດກໍຕາມທີ່ມີຄວາມໝາຍທົ່ວໄປທີ່ຖືກຕ້ອງແລະເປັນທັມະຊາດ</li></ul><p>ໂດຍສະເພາະຢ່າງຍິ່ງໃນບໍຣິບົດທີ່ແຕກຕ່າງຈາກຄວາມຊົ່ວຮ້າຍ.</p><ul><li>ຂື້ນຢູ່ກັບບໍຣິບົດວິທີອື່ນໃນການແປຄຳນີ້ອາດລວມເຖິງ"ໃຈດີ" ຫລື"ດີເລີດ" ຫລື" ທີ່ຊື່ນຊອບຕໍ່ພຣະເຈົ້າ" ຫລື "ຊອບທັມ"ຫລື</li></ul><p>ສິລະທັມທີ່ຕັ້ງຂື້ນ" ຫລື "ທຳກຳໄລໄດ້".</p><ul><li>"ດິນແດນທີ່ດີ" ສາມາດແປໄດ້ວ່າ "ແຜ່ນດິນອຸດົມສົມບູນ"</li></ul><p>ຫລື "ທີ່ດິນທີ່ມີການຜະລິດ" ພືດທີ່ດີ" ອາດແປໄດ້ອີກວ່າ "ການເກັບກ່ຽວທີ່ອຸດົມສົມບູນ" ຫລື "ພືດຜົນຈຳນວນຫລາຍ"</p><ul><li>ຄຳເວົ້າ "ທຳດີຕໍ່" ໝາຍເຖິງການທຳສິ່ງທີ່ເປັນປະໂຫຍດຕໍ່ຜູ້ອື່ນແລະສາມາດແປເປັນຄຳວ່າ "ໃຈດີ" ຫລື "ຊ່ວຍ" ຫລື "ປະໂຫຍດ" ກັບຜູ້ນຶ່ງໄດ້.</li><li>"ທຳດີໃນວັນສະບາໂຕ" ໝາຍຄວາມວ່າ"ເຮັດໃນສິ່ງທີ່ຊ່ວຍ</li></ul><p>ຄົນອ່ື່ນໃນວັນສະບາໂຕ".</p><ul><li>ຂື້ນຢູ່ກັບບໍລິບົດ ວິທີການແປຄຳວ່າ"ຄວາມດີ" ສາມາດລວມເຖິງ"ພຣະພອນ" ຫລື" ຄວາມເມດຕາ" ຫລື ຄວາມສົມບູນແບບທາງຈະຣິຍະທັມ" ຫລື "ຄວາມຊອບທັມ" ຫລື ຄວາມບໍຣິສຸດ."</li></ul>  
goodnews	<h2 id="section">@ຂາ່ວດີ,ຂ່າວປະເສີດ,ພຣະກິດຕິຄຸນ</h2><h3 id="section-1">ນິຍາມ</h3><p>ຄຳວ່າ "ຂ່າວປະເສີດ" ຕາມຕົວອັກສອນໝາຍເຖິງ "ຂ່າວດີ" ອ້າງເຖິງຂໍ້ຄວາມຫລືການປະກາດທີ່ບອກແກ່ຜູ້ທີ່ເປັນສຳລັບພວກເຂົາແລະເຮັດໃຫ້ພວກເຂົາຍິນດີ.</p><ul><li>ໃນພຣະຄັມພີ,ຄຳນີ້ມັກຈະໝາຍເຖິງຂໍ້ຄວາມກ່ຽວກັບຄວາມລອດຂອງພຣະເຈົ້າສຳລັບຜູ້ຄົນໂດຍທາງການຖວາຍບູຊາພຣະເຢຊູຄຣິດເທິງໄມ້ກາງແຂນ.</li><li>ໃນຄຳພີພາສາອັງກິດສ່ວນໃຫຍ່ "ຂ່າວດີ" ມັກແປວ່າ "ຂ່າວປະເສີດ" ແລະໃຊ້ໃນຄຳເຊັ່ນ " ຂ່າວປະເສີດຂອງພຣະເຢຊູຄຣິດ,"</li></ul><p>" ຂ່າວປະເສີດຂອງພຣະເຈົ້າ" ແລະ " ຂ່າວປະເສີດຂອງອານາຈັກ"</p><h3 id="section-2">ຄຳແນະນຳການແປ</h3><p>" ວິທີຕ່າງໆໃນການແປຄຳນີ້ອາດລວມເຖິງ "ຂ່າວສານທີ່ດີ" ຫລື "ຄຳປະກາດທີ່ດີ" ຫລື "ຂໍ້ຄວາມແຫ່ງຄວາມລອດຂອງພຣະເຈົ້າ" ຫລື "ສິ່ງທ່ີ່ພຣະເຈົ້າສອນກ່ຽວກັບພຣະເຢຊູ."</p><ul><li>ຂື້ນຢູ່ກັບບໍຣິບົດ,ວິທີການແປຄຳທ່ີ່ວ່າ "ຂ່າວດີຂອງ" ຫລື "ສາມາດລວມເຖິງຂ່າວດີ/ຂ່າວສານກ່ຽວກັບ" ຫລື "ຂ່າວສານທ່ີ່ດີໆຈາກ" ຫລື" ສິ່ງດີໆທີ່ພຣະເຈົ້າຊົງບອກເຮົາກ່ຽວກັບການຊ່ວຍເຫລືອມະນຸດ."</li></ul>  
goshen	<h2 id="section">@ໂກເຊນ</h2><h3 id="section-1">ຂໍ້ເທັດຈິງ</h3><p>ໂກເຊນ ເປັນຊື່ຂອງດິນແດນທ່ີ່ອຸດົມສົມບູນທີ່ຕັ້ງລຽບຕາມຝັ່ງແມ່ນ້ຳນາຍ ໃນສ່ວນຕອນເໜືອຂອງອີຢິບ.</p><ul><li>ເມື່ອໂຢເຊັບເປັນຜູ້ປົກຄອງໃນອີຢິບ, ພໍ່ແລະພີ່ນອ້ງຂອງເຂົາແລະຄອບຄົວຂອງເຂົາໄດ້ມາອາໃສຢູ່ທ່ີ່ເມືອງໂກເຊນເພື່ອໜີການກັນດານອາຫານໃນການາອານ.</li><li>ພວກເຂົາແລະລູກຫລານຂອງພວກເຂົາໄດ້ອາໃສຢູ່ໃນເມືອງໂກເຊນຢ່າງດົນກ່ວາ 400 ປີ ແລ້ວຖືກພວກເຂົາບັງຄັບໃຫ້ເປັນໂດຍຟາຣາໂອກະສັດຂອງເອຢິບ.</li><li>ໃນທ່ີ່ສຸດພຣະເຈົ້າໄດ້ສົ່ງໂມເຊໃຫ້ໄປຊ່ວຍຄົນອິສະຣະເອນອອກຈາກເມືອງໂກເຊນແລະໜີຈາກການເປັນທາດນິ້.</li></ul>  
gossip	<h2 id="section">@ຊຸບຊິບນິນທາ</h2><h3 id="section-1">ນິຍາມ</h3><p>ຄຳວ່າ "ຊຸບຊິບນິນທາ" ໝາຍເຖິງການເວົ້າລົມກ່ຽວກັບບັນຫາສ່ວນຕົວຂອງຄົນອື່ນລັບຫລັງພວກເຂົາໃນແງ່ລົບແລະບໍ່ເກີດຜົນດີໃດເລີຍ.ຫລາຍຄັ້ງສິ່ງທ່ີ່ເວົ້າເຖິງກໍບໍ່ໄດ້ຢືນຢັນວ່າເປັນຄວາມຈິງ.</p><ul><li>ພຣະຄັມພີໃໝ່ບອກວ່າການກະຈາຍຂໍ້ມູນໃນທາງລົບກ່ຽວກັບຄົນອື່ນນັ້ນບໍ່ຖືກຕ້ອງ. ການນິນທາໃສ່ຮ້າຍເປັນຕົວຢ່າງຂອງຄຳເວົ້າໃນແງ່ລົບ.</li><li>ການນິນທາເປັນອັນຕະລາຍຕໍ່ບຸກຄົນທ່ີ່ຖືກເວົ້າເຖິງເພາະວ່າຫລາຍຄັ້ງມັນທຳລາຍຄວາມສຳພັນຂອງບາງຄົນກັບປະຊາຊົນຄົນອື່ນໆ.</li></ul>  
governor	<h2 id="section">@ຜູ້ປົກຄອງ,ຜູ້ວ່າການ,ຜູ້ທຳໜ້າທີ່ທູດ,ຣັຖະບານ</h2><h3 id="section-1">ນິຍາມ</h3><p>" ຜູ້ປົກຄອງ" ຄືບຸກຄົນທີ່ປົກຄອງເໜືອຣັຖະບານ, ພູມີພາກ, ຫລືເຂດແດນ. ຄຳວ່າ "ປົກຄອງ" ໝາຍເຖິງການໃຫ້ຄຳແນະນຳ ນຳທາງ ຫລືບໍລິຫານຈັດການປະຊາຊົນ.</p><ul><li>ຄຳວ່າ "ຜູ້ທຳໜ້າທ່ີ່ທູດ" ເປັນຕຳແໜ່ງພິເສດສະເພາະສຳຫລັບຜູ້ປົກຄອງຜູ້ທ່ີ່ປົກຄອງແຂວງຂອງໂຣມ.</li><li>ໃນຊ່ວງເວລາພຣະຄັມພີ ຜູ້ວ່າການຈະຖືກແຕ່ງຕັ້ງໂດຍກະສັດຫລືຈັກກະພັດແລະຢູ່ພາຍໃຕ້ອຳນາດສິດຂາດຂອງເຂົາ.</li><li>"ຣັຖະບານ" ປະກອບໄປດວ້ຍຜູ້ປົກຄອງທັງໝົດທ່ີ່ປົກຄອງປະເທດຫລືອານາຈັກ ຜູ້ປົກຄອງເຫົ່ຼານີ້ຈະບັນຍັດກົດໝາຍເພື່ອເປັນການນຳຄວາມປະພຶດຂອງປະຊາຊົນຂອງພວກເຂົາ.</li></ul><p>ດັ່ງນັ້ນຈິ່ງມີສັນຕິສຸກຄວາມປອດພັຍ ແລະຄວາມໝັ້ນຄົງ ຫລືຮັບປະຊາຊົນໃນປະເທດນັ້ນ.</p><p>%ຄຳແນະນຳການແປ</p><ul><li>ຄຳວ່າ "ຜູ້ວ່າການ" ສາມາດແປໄດ້ອີກວ່າ" ຜູ້ປົກຄອງ" ຫລື</li></ul><p>" ຜູ້ດູແລທ້ອງຖິ່ນ" ຫລື" ຜູ້ນຳທົ່ວໄປ" ຫລື ຜູ້ປົກຄອງເໜືອດິນແດນນ້ອຍໆ."</p><ul><li>ຂື້ນຢູ່ກັບບໍຣິບົດ ຄຳວ່າ"ຜູ້ວ່າການ" ສາມາດແປໄດ້ອີກວ່າ</li></ul><p>"ປົກຄອງເໜືອ" ຫລື "ນຳ" ຫລື "ຈັດການ" ຫລື"ກຳກັບດູແລ"</p><ul><li>ຄຳວ່າ "ຜູ້ວ່າການ "ຄວນແປໃຫ້ແຕກຕ່າງຈາກຄຳວ່າກະສັດ</li></ul><p>ຫລືຈັກກະພັດ ເພາະຜູ້ວ່າການເປັນຜູ້ປົກຄອງທ່ີ່ມີອຳນາດນ້ອຍ ກ່ວາທ່ີ່ຢູ່ພາຍໃຕ້ອຳນາດສິດຂາດຂອງພວກເຂົາເຫົ່ຼານັ້ນ.</p><ul><li>ຄຳວ່າ "ຜູ້ທຳໜ້າທ່ີ່ແທນທູດ "ສາມາດແປວ່າ "ຜູ້ວ່າຣາຊການໂຣມ" ຫລື "ຜູ້ວ່າຣາຊະການແຂວງຂອງໂຣມ."</li></ul>  
grace	<h2 id="section">@ພຣະຄຸນ,ມີພຣະຄຸນ</h2><h3 id="section-1">ນິຍາມ</h3><p>ຄຳວ່າ "ພຣະຄຸນ" ອ້າງເຖິງການຊ່ວຍເຫືຼອຫລືຄຳອວຍພອນ ແກ່ຜູ້ທ່ີ່ຍັງບໍ່ໄດ້ຮັບ. ຄຳວ່າ "ພຣະຄຸນ" ຈະອະທິບາຍເຖິງຄົນທ່ີ່ສະແດງພຣະຄຸນຕໍ່ຜູ້ອື່ນ.</p><ul><li>ພຣະຄຸນຂອງພຣະເຈົ້າຕໍ່ມະນຸດທີ່ເຕັມໄປດວ້ຍຄວາມບາບຄືຂອງຂວັນທີ່ໃຫ້ ໂດຍຫວັງບໍ່ຫວັງການຕອບແທນ.</li><li>ແນວຄິດເລື້ອງພຣະຄຸນຍັງອ້າງເຖິງການເປັນຄົນທີ່ໃຈດີແລະໃຫ້ອະພັຍບາງຄົນທີ່ເຮັດຜິດຫລືເຮັດສິ່ງທີ່ເຈັບປວດແກ່ຜູ້ອື່ນ.</li><li>ຄຳກ່າວ "ສະແຫວງຫາພຣະຄຸນ"ເປັນຄຳກ່າວທີ່ໝາຍເຖິງ</li></ul><p>ໄດ້ຮັບຄວາມຊ່ວຍເຫືຼອແລະຄວາມເມດຕາຈາກພຣະເຈົ້າ. ຫລາຍຄັ້ງລວມເຖິງພຣະເຈົ້າຊົງພໍພຣະທັຍໃນບາງຄົນທີ່ຊ່ວຍ ຄົນນັ້ນ.</p><p>%ຄຳແນະນຳໃນການແປ</p><ul><li>ອີກແນວທາງໃນການແປ "ພຣະຄຸນ" ສາມາດແປໄດ້ອີກວ່າ,</li></ul><p>"ຄວາມເມດຕາຂອງພຣະເຈົ້າ" ຫລື "ເປັນທີ່ພໍໃຈພຣະເຈົ້າ" ຫລື "ຄວາມເມດຕາແລະການໃຫ້ອະພັຍຂອງພຣະເຈົ້າແກ່ຄົນບາບ" ຫລື "ຄວາມເມດຕາຄຸນ".</p><ul><li>ຄຳວ່າ"ມີພຣະຄຸນ" ສາມາດແປວ່າ "ເຕັມໄປດວ້ຍພຣະຄຸນ"ຫລື "ກະລຸນາ" ຫລື "ເມດຕາກະລຸນາ".</li><li>ຄຳກ່າວວ່າ," ເຂົາພົບພຣະຄຸນໃນສາຍພຣະເນດຂອງພຣະເຈົ້າ"ສາມາດແປໄດ້ອີກວ່າ,"ເຂົາໄດ້ຮັບພຣະເມດຕາຈາກພຣະເຈົ້າ "ຫລື "ພຣະເຈົ້າຊົງເມດຕາຊ່ວຍເຫືຼອເຂົາ" ຫລື ພຣະເຈົ້າຊົງສຳແດງຄວາມພໍໃຈແກ່ເຂົາ" ຫລື "ພຣະເຈົ້າພໍໃຈເຂົາແລະຊວ່ຍເຫືຼອເຂົາ."</li></ul><p>.</p>  
grain	<h2 id="section">@ເມັດເຂົ້າ</h2><h3 id="section-1">ນິຍາມ</h3><p>ຄຳວ່າ"ເມັດເຂົ້າ"ໂດຍປົກກະຕິອ້າງເຖິງເມັດຂອງພືດເຊັ່ນເຂົ້າສາລີ,ບາເລ, ຂ້າວໂພດ, ລູກເດືອຍຫລືເຂົ້າ.ແລະຍັງອ້າງເຖິງຕົ້ນເຂົ້າດ້ວຍ.</p><ul><li>ໃນພຣະຄັມພີ,ເມັດເຂົ້າຫລັກໆ ທີ່ມັກອ້າງເຖິງຄືເຂົ້າສາລີແລະບາເລ.</li><li>ຫົວຂໍ້ເມັດເຂົ້າເປັນສ່ວນນຶ່ງຂອງຕົ້ນພືດທີ່ຖືເມັດເຂົ້າໃນນັ້ນ.</li><li>ໝາຍເຫດໃນພຣະຄັມພີສະບັບເກົ່າໆບາງສະບັບໃຊ້ຄຳວ່າ"ເຂົ້າໂພດ"ເພື່ອອ້າງເຖິງທັນຍະພືດທົ່ວໄປ. ຢ່າງໃດກໍຕາມໃນພາສາອັງກິດສະໄໝໃໝ່,"ເຂົ້າໂພດ"ອ້າງເຖິງເມັດພືດພຽງຊະນິດດຽວ.</li></ul>  
grain offering	<h2 id="section">@ການຖວາຍທັນຍະບູຊາ</h2><h3 id="section-1">ນິຍາມ</h3><p>ການຖວາຍທັນຍະບູຊາຄືຂອງຂວັນທີ່ເປັນເຂົ້າສາລີຫລືແປ້ງທັນຍະພືດທີ່ຖວາຍແດ່ພຣະເຈົ້າ. ຫລາຍຄັ້ງຄືຫລັງຈາກການເຜົາເຄື່ອງເຜົາບູຊາ.</p><ul><li>ທັນຍະພືດທີ່ໃຊ້ສຳລັບການຖວາຍທັນຍະບູຊາຈະຖືກບົດຈົນເປັນຜົງມາຢ່າງລະອຽດ.ແລະບາງຄັ້ງກໍຖືກປຸງສຸກກ່ອນທີ່ຈະນຳມາຖວາຍ, ແຕ່ເວລາອື່ນໆກໍຕອ້ງປ່ອຍໄວ້ແບບບໍ່ຕ້ອງປຸງ.</li><li>ນ້ຳມັນແລະເກືອຈະຖືກເທລົງໄປໃນແປ້ງທັນຍະພືດ, ແຕ່ບໍ່ອະນຸຍາດໃຫ້ໃສ່ເຊຶ້ອເຂົ້າໜົມປັງຫລືນ້ຳເຜີງ.</li><li>ສ່ວນຂອງການຖວາຍທັນຍະບູຊາຈະຖືກເຜົາແລະບາງສ່ວນຈະໃຫ້ພວກປະໂລຫິດໄວ້ກິນ.</li></ul>  
grape	<h2 id="section">@ອາງຸ່ນ</h2><h3 id="section-1">ນິຍາມ</h3><p>ອາງຸ່ນ ເປັນຜົນລະໄມ້ຂະໜາດນ້ອຍ,ກົມ, ຜີວລຽບທີ່ເຕີບຕົວໃນພວງອາງຸ່ນ.ນ້ຳຂອງໝາກອາງຸ່ນຖືກນຳມາໃຊ້ໃນການເຮັດເຫລົ້າອາງຸ່ນ.</p><ul><li>ຫມາກອາງຸ່ນມີຫລາຍສີແຕກຕ່າງກັນ, ເຊັ່ນສີຂຽວ, ສີມ່ວງ,ຫລືສີແດງ.</li><li>ຫມາກອາງຸ່ນສາມາດມີຂະໜາດປະມານໜຶ່ງເຖິງສາມຊັງຕີແມັດ.</li><li>ຄົນປູກອາງຸ່ນໃນສວນທີ່ເອີ້ນວ່າສວນອາງຸ່ນ ໂດຍປົກກະຕິຈະປະກອບດວ້ຍງ່າອາງຸ່ນເປັນແຖວຍາວ.</li><li>ໝາກອາງຸ່ນເປັນອາຫານສຳຄັນໃນສະໄໝພຣະຄັມພີແລະການມີສວນອາງຸ່ນເປັນສັນຍາລັກຂອງຄວາມຮັ່ງມີ.</li><li>ເພື່ອທີ່ຈະເກັບໝາກອາງຸ່ນຈາກການເນົ່າເສຍ, ປະຊາຊົນຈະຕາກແຫ້ງພວກມັນ ອາງຸ່ນແຫ້ງເອີ້ນວ່າ "ລູກເກດ" ແລະພວກມັນຖືກໃຊ້ເຮັດເຂົ້າໜົມເຄັກລູກເກດ.</li><li>ພຣະເຢຊູຊົງເຫົ່ຼາຄຳອຸປະມາກຽ່ວກັບສວນອາງຸ່ນເພິ່ນສອນ</li></ul><p>ພວກສາວົກຂອງພຣະອົງກ່ຽວກັບອານາຈັກຂອງພຣະເຈົ້າ.</p>  
greece	<h2 id="section">@ກຣີດ</h2><h3 id="section-1">ຂໍ້ເທັດຈິງ</h3><p>ໃນສະໄໝພັນທະສັນຍາໃໝ່, ກຣີດເປັນເມືອງໃນອານາຈັກໂຣມ.</p><ul><li>ເຊັ່ນດຽວກັບປະເທດກຣິດສະໄໝໃໝ່, ປະເທດນີ້ຕັ້ງຢູ່ເທິງຄາບສະມຸດທີ່ອ້ອມດວ້ຍທະເລເມດີເເຕຣານເນ,ທະເລເອຈຽນ, ແລະທະເລໄອໂອເນັຍ.</li><li>ອັກຄະສາວົກໂປໂລໄດ້ຢ້ຽມຢາມເມືອງຕ່າງໆ ໃນກຣິດ.</li></ul><p>ແລະຄຣິສະຕະຈັກໃນເມືອງໂກຣິນໂທ ເທຊະໂລນິກແລະເມືອງຟີລິບປອຍ ແລະບາງທີເມືອງອື່ນໆດວ້ຍ.</p><ul><li>ຄົນທີ່ມາຈາກກຣີດເອີ້ນວ່າ "ຄົນກຣີກ" ແລະພາສາຂອງພວກ"ເຂົາຄືພາສາກຣີກ." ມີຫລາຍຄົນຈາກເຂດໂຣມອື່ນໆ ກໍເວົ້າພາສາກຣີກດ້ວຍລວມທັງຊາວຢິວຫລາຍຄົນ.</li><li>ບາງຄັ້ງຄຳວ່າ "ຄົນກຣີກ"ກໍໃຊ້ອ້າງເຖິງຄົນຕ່າງປະເທດ.</li></ul>  
greek	<h2 id="section">@ກຣີກ,ຊາວກຣີກ</h2><h3 id="section-1">ຂໍ້ເທັດຈິງ</h3><p>ຄຳວ່າ "ກຣີກ" ອ້າງເຖິງພາສາທີ່ໃຊ້ເວົ້າໃນປະເທດກຣິດ. ພາສາກຣີກໃຊ້ເວົ້າທົ່ວອານາຈັກໂຣມ. ຄຳວ່າ "ຊາວກຣີກ"ໝາຍເຖິງ ການເວົ້າພາສາກຣີກ".</p><ul><li>ເນື່ອງຈາກຄົນທີ່ບໍ່ແມ່ນຢິວສ່ວນຫລາຍໃນອານາຈັກໂຣມເວົ້າພາສາກຣີກ,ພວກຄົນຕ່າງຊາດຫລາຍຄັ້ງອ້າງເຖີງຄົນ"ກຣີກ"ໃນພັນທະສັນຍາໃໝ່,ສະເພາະຢ່າງຍິ່ງເພື່ອໃຫ້ແຕກຕ່າງຈາກຄົນຢິວ.</li><li>ຄຳເວົ້າ "ຄົນຢິວກຣີກ" ອ້າງເຖີງຄົນຢິວຜູ້ເວົ້າພາສາກຣີກເພື່ອໃຫ້ກົງກັນຂວ້າມກັບ ຄຳວ່າ "ຄົນຢິວເຮັບເຣີ" ຜູ້ເວົ້າສະເພາະພາສາເຮັບເຣີຫລືພາສາອາຣັບ.</li><li>ວິທີອື່ນໃນການແປ "ຊາວກຣີກ" ສາມາດລວມເຖີງ "ການເວົ້າພາສາກຣີກ" ຫລື "ກຣີກຕາມວັດທະນະທັມ" ຫລື "ກຣີກ".</li><li>ເມື່ອອາ້ງເຖິງພວກທີ່ບໍ່ແມ່ນຢິວ "ກຣີກ" ສາມາດແປວ່າ" ຄົນຕ່າງຊາດ".</li></ul>  
groan	<h2 id="section">@ຄ້ຳຄວນ</h2><h3 id="section-1">ນິຍາມ</h3><p>ຄຳວ່າ "ຄ້ຳຄວນ" ອ້າງເຖິງການເປັ່ງສຽງສູງສຽງຕ່ຳ,ຊຶ່ງເກີດຈາກຄວາມທຸກທາງຮ່າງກາຍຫລືຈິດໃຈ. ໂດຍປົກກະຕິມັກຈະຄ້ຳຄວນໂດຍບໍ່ມີຄຳໃດໆ.</p><ul><li>ບຸກຄົນສາມາດຄ້ຳຄວນເພາະຮູ້ສຶກເສົ້າໂສກເສຍໃຈ.</li><li>ການຄ່ຳຄວນສາມາດເກີດຈາກສາເຫດຂອງຄວາມຮູ້ສຶກບໍ່ດີ,</li></ul><p>ຫລືພາລະທີ່ກົດດັນ.</p><ul><li>ວິທີອື່ນໃນການແປຄຳວ່າ "ຄ້ຳຄວນ,"ນີ້ສາມາດລວມເຖິງ "ຮ້ອງໃຫ້ດວ້ຍສຽງຕ່ຳ" ຫລື "ເສຍໃຈຢ່າງສຸດຊຶ້ງ".</li><li>ຖ້າເປັນຄຳນາມແປວ່າ "ສຽງຮ້ອງໃຫ້ເປັນທຸກຕ່ຳໆ," ຫລື "ສຽງພຶມພຳຂອງຄວາມເຈັບປວດ".</li></ul>  
guilt	<h2 id="section">@ຄວາມຜິດ,ມີຄວາມຜິດ</h2><h3 id="section-1">ນິຍາມ</h3><p>ຄຳວ່າ "ຄວາມຜິດ" ອ້າງເຖິງຂໍ້ເທັດຈິງຂອງການທຳບາບຫລືທຳຄວາມຜິດ.</p><ul><li>ການ "ທຳຜິດ"ໝາຍເຖິງການໄດ້ທຳຜິດທາງສິລະທັມກໍຄືການບໍ່ໄດ້ເຊື່ອພຣະເຈົ້າ.</li><li>ສິ່ງທີ່ກົງກັນຂວ້າມກັບ"ຄວາມຜິດ"ກໍຄື"ບໍຣິສຸດ".</li></ul><p>%ຄຳແນະນຳໃນການແປ</p><ul><li>ບາງພາສາອາດແປວ່າ "ຄວາມຜິດ" ເປັນ"ນ້ຳໜັກຂອງບາບ"ຫລື "ຄວາມຜິດບາບທີ່ນັບໄດ້".</li><li>ການແປຄຳວ່າ "ທຳຄວາມຜິດສາມາດລວມເຖິງຄຳຫລືຄຳເວົ້າທີ່ແປວ່າ"ຜິດ"ຫລື "ທຳຫຍັງຜິດສິລະທັມ"ຫືຼ "ກະທຳບາບ".</li></ul><p>ULB ຕົວຢ່າງ: ກຳຈັດຄວາມຜິດຂອງບາບຂອງທ່ານ, ເອົາຄວາມຜິດຂອງທ່ານອອກໄປ, ການຖວາຍບູຊາຄວາມຜິດ, ລົງໂທດຄວາມຜິດຂອງທ່ານ,ບໍ່ມີຄວາມຜິດສຳລັບການຄາດຕະກຳຈະຕິດຕາມເຂົາ, ແບກຮັບຄວາມຜິດຂອງຕົວເອງ, ຊຳຣະຄວາມຜິດຂອງເຂົາ, ເປັນຄວາມຜິດທີ່ໃຫຍ່ຫລວງຄວາມຜິດຂອງເຮົາຂື້ນໄປຍັງສະຫວັນ.</p>  
guilt offering	<h2 id="section">@ການຖວາຍບູຊາຄວາມຜິດ</h2><h3 id="section-1">ນິຍາມ</h3><p>ການຖວາຍບູຊາຄວາມຜິດຄືການຖວາຍຫືຼ ຖວາຍບູຊາທີ່ພຣະເຈົ້າຊົງໄດ້ກຳນົດໃຫ້ຊາວອິສະຣາເອນທຳຂື້ນ.ຖ້າພວກເຂົາໄດ້ທຳບາງສິ່ງຜິດໂດຍບໍ່ໄດ້ເຈດຕະນາ ຢ່າງເຊັ່ນບໍ່ເຄົາລົບພຣະເຈົ້າຫືຼການທຳລາຍຊັບສິນຂອງບຸກຄົນອື່ນ.</p><ul><li>ການຖວາຍນີ້ກ່ຽວຂ້ອງກັບການຖວາຍບູຊາສັດ,ຈ່າຍຄ່າປັບດວ້ຍເງິນຫລືທອງ.</li><li>ນອກຈາກນີ້,ບຸກຄົນທີ່ຜິດພາດຍັງຕ້ອງຮັບຜິດຊອບຕໍ່ຄວາມເສຍຫາຍທີ່ເກີດຂຶ້ນ.</li></ul>  
habakkuk	<h2 id="section">@ຮາບາກຸກ</h2><h3 id="section-1">ຂໍ້ເທັດຈິງ</h3><p>ຮາບາກຸກເປັນຜູ້ປະກາດພຣະຄຳໃນພັນທະສັນຍາເດີມເຊີ່ງໄດ້ມີຊີວິດອາໄສຢູ່ໃນລະຫວ່າງສະໄໝຂອງກະສັດເຢໂຮຢາກີມແຫ່ງເຜົ່າຢູດາ ຜູ້ປະກາດພຣະຄຳເຢເຣມີຢາກໍໄດ້ມີຊີວິດຢູ່ໃນຊ່ວງຂອງເວລານີ້.</p><ul><li>ຜູ້ປະກາດພຣະຄຳຄົນນີ້ໄດ້ຂຽນໜັງສືຮາບາກຸກກ່ອນທີ່ນະຄອນເຢລູຊາເລັມ</li></ul><p>ຈະຖືກຄອບຄອງໂດຍຊາວບາບີໂລນກ່ອນ, ຄ.ສ. 600 ປີ ແລະໄດ້ນຳເອົາປະຊາຊົນຢູດາໄປນຳຢ່າງຫລວງຫລາຍ.</p><ul><li>ພຣະຢາເວຊົງໃຫ້ຮາບາກຸກໄດ້ທຳນວາຍກ່ຽວກັບ ”ຊາວເຄເດຍ” (ຊາວບາບີໂລນ) ຈະມາມີໄຊຊະນະເໜືອຄົນຢູດາຢ່າງໃດ</li><li>ໜື່ງໃນຄຳເວົ້າເປັນທີ່ຮູ້ຈັກກັນດີຊື່ງໄດ້ກ່າວວ່າ: ” ຄົນຊອບທຳຈະມີຊີວິດຢູ່ໂດຍຄວາມເຊື່ອຂອງເຂົາ</li></ul>  
hades	<h2 id="section">@ແດນມໍລະນາ</h2><h3 id="section-1">ນິຍາມ</h3><p>ຄຳວ່າ "ແດນມໍລະນາ" ແລະ "ແດນຄົນຕາຍ" ໄດ້ໃຊ້ໃນພຣະຄຳພີເພື່ອອ້າງເຖີງຄວາມຕາຍແລະສະຖານທີ່ທີ່ດວງວິນຍານຂອງຜູ້ຄົນໄປຢູ່ທີ່ນັ້ນເມື່ອພວກເຂົາຕາຍ. ຄວາມໝາຍຂອງທັງສອງຄຳຄ້າຍຄືກັນ.</p><ul><li>ພາສາເຮັບເຣີ ຄຳວ່າ "ແດນມໍລະນາ" ແມ່ນມັກໃຊ້ໃນພັນທະສັນຍາເດີມເພື່ອອ້າງເຖິງສະຖານທີ່ແຫ່ງຄວາມຕາຍ.</li><li>ໃນພັນທະສັນຍາໃໝ່, ຄຳໃນພາສາກຣີກທີ່ວ່າ "ແດນຄົນຕາຍ" ໝາຍເຖິງສະຖານທີ່ສຳລັບດວງວິນຍານທີ່ກະບົດຕໍ່ສູ້ພຣະເຈົ້າ. ວິນຍານເຫລົ່ານີ້ບົ່ງບອກເຖິງການ "ລົງ" ໄປສູ່ແດນມໍລະນາ. ຊຶ່ງແຕກຕ່າງກັນກັບການ "ຂຶ້ນ" ໄປແຜ່ນດິນສະຫວັນ, ສະຖານທີ່ວິນຍານຂອງຄົນທີ່ເຊື່ອໃນພຣະເຢຊູຄຣິດເຈົ້າປະທັບຢູ່.</li><li>ຄໍາວ່າ "ແດນມໍລະນາ" ແມ່ນຄູ່ກັບຄໍາວ່າ "ຄວາມຕາຍ" ໃນພຣະທຳພຣະນິມິດ. ໃນຄາວສຸດທ້າຍທັງຄວາມຕາຍແລະແດນມໍລະນາຈະຖືກຖິ້ມລົງບຶງໄຟຊຶ່ງເອີ້ນວ່ານາລົກ.</li></ul><h3 id="section-2">ຄໍາແນະນຳໃນການແປ</h3><ul><li>ໃນພັນທະສັນຍາເດີມຄໍາວ່າ "ແດນຄົນຕາຍ" ສາມາດແປວ່າ "ສະຖານທີ່ແຫ່ງຄວາມຕາຍ" ຫລື "ສະຖານທີ່ສໍາລັບວິນຍານຜູ້ທີ່ຕາຍແລ້ວ" ການແປບາງສໍານວນຄື "ຂຸມນາລົກ" ຫລື  "ຄວາມຕາຍ," ຂຶ້ນຢູ່ກັບບໍລິບົດ.</li><li>ໃນພັນທະສັນຍາໃໝ່ຄໍາວ່າ "ແດນມໍລະນາ" ສາມາດແປວ່າ "ສະຖານທີ່ສໍາລັບຄົນຕາຍທີ່ບໍ່ເຊື່ອ" ຫລື  "ສະຖານທີ່ແຫ່ງຄວາມທຸກທໍລະມານສໍາລັບຄົນຕາຍ" ຫລື  "ສະຖານທີ່ສໍາລັບວິນຍານຂອງຄົນທີ່ບໍ່ເຊື່ອ."</li><li>ຄໍາແປບາງສະບັບຍັງຮັກສາຄໍາວ່າ "ແດນຄົນຕາຍ"  ຫລື "ແດນມໍລະນາ," ການສະກົດຄໍາໃຫ້ເໝາະສົມກັບຮູບແບບສຽງຂອງພາສາໃນການແປ.</li></ul>  
hagar	<h2 id="section">@ຮາກາ</h2><h3 id="section-1">ຂໍ້ເທັດຈິງ</h3><p>ຮາກາເປັນຍິງຊາວເອຢິບທີ່ເປັນທາດຮັບໃຊ້ຂອງນາງຊາຣາຍ.</p><ul><li>ເມື່ອຊາຣາຍເປັນໝັນບໍ່ສາມາດມີລູກໄດ້, ນາງຈຶ່ງມອບຮາກາໃຫ້ແກ່ອັບຣາມສາມີຂອງຕົນ ເພື່ອໃຫ້ມີລູກແກ່ອັບຣາມ.</li><li>ຮາກາຕັ້ງທ້ອງແລະໃຫ້ກໍາເນີດລູກຊາຍໃຫ້ແກ່ອັບຣາມ, ຄືອິດຊະມາເອນ.</li><li>ພຣະເຈົ້າຊົງປົກປ້ອງຄຸ້ມຄອງດູແລຮາກາເມື່ອນາງພົບຄວາມຍາກລໍາບາກໃນທະເລຊາຍແລະໄດ້ສັນຍາວ່າຈະອວຍພອນແກ່ເຊື້ອສາຍຂອງນາງ.</li></ul>  
haggai	<h2 id="section">@ຮັກກາຍ</h2><h3 id="section-1">ຂໍ້ເທັດຈິງ</h3><p>ຮັກກາຍເປັນຜູ້ປະກາດພຣະທໍາຂອງຢູດາໃນຊ່ວງເວລາທີ່ຄົນຢິວກັບມາຈາກການຖືກຈັບໄປເປັນຊະເລີຍທີ່ບາບີໂລນ</p><ul><li>ໃນສະໄໝທີ່ຮັກກາຍປະກາດພຣະທໍາກະສັດອຸດຊີຢາໄດ້ປົກຄອງເໜືອຢູດາ</li><li>ຜູ້ປະກາດພຣະທຳເຊກາຣີຢາກໍາລັງປະກາດພຣະທຳຢູ່ໃນຊ່ວງເວລານີ້ດ້ວຍ</li><li>ຮັກກາຍແລະເຊກາຣີຢາໄດ້ປຸກລະດົມຄົນຢິວໃຫ້ສ້າງພຣະວິຫານຂຶ້ນໃໝ່ທີ່ໄດ້ຖືກທໍາລາຍໄປໂດຍຊາວບາບີໂລນທີ່ຢູ່ພາຍໃຕ້ການປົກຄອງຂອງກະສັດເນບູກາເນັດຊາ</li></ul>  
hail	<h2 id="section">@ໝາກເຫັບ</h2><h3 id="section-1">ນິຍາມ</h3><p>ຄໍານີ້ອ້າງເຖິງນໍ້າທີ່ແຂງຕົວເປັນກ້ອນນ້ອຍຫລືກ້ອນໃຫຍ່ທີ່ຕົກລົງມາຈາກທ້ອງຟ້າ. ຄໍາທີ່ຕ່າງກັນ,  "ໝາກເຫັບ" ໃຊ້ໃນການທັກທາຍກັບຄົນບາງຄົນ ແລະສາມາດໃຫ້ຄວາມວ່າ "ຮາໂລ" ຫລື "ສະບາຍດີ".</p><ul><li>ໝາກເຫັບທີ່ຕົກລົງມາຈາກທ້ອງຟ້າເປັນຮູບແບບລູກກົມໆ ຫລື ກ້ອນນໍ້າແຂງທີ່ເອີ້ນວ່າ "ກ້ອນໝາກເຫັບ."</li><li>ໂດຍປົກກະຕິໝາກເຫັບຈະມີຂະໜາດນ້ອຍໆ (ກວ້າງບໍ່ເທົ່າໃດຊັງຕີແມັດ), ແຕ່ກໍຍັງມີໝາກເຫັບກ້ອນທີ່ໃຫຍ່ມີຂະໜາດກ້ວາງເຖິງ 20 ຊັງຕີແມັດແລະມີນໍ້າໜັກຫລາຍກວ່າໜຶ່ງກິໂລ  ກ​ຣາມ.</li><li>ພຣະທໍາພຣະນິມິດໃນພັນທະສັນຍາໃໝ່ໄດ້ອະທິບາຍເຖິງກ້ອນໝາກເຫັບຂະໜາດໃຫຍ່ທີ່ໜັກ 50 ກິໂລກຣາມທີ່ພຣະເຈົ້າເຮັດໃຫ້ຕົກລົງມາໃນໂລກເມື່ອພຣະອົງພິພາກສາປະຊາຊົນສໍາລັບຄວາມຊົ່ວຊ້າຂອງພວກເຂົາໃນຊ່ວງເວລາສຸດທ້າຍ.</li><li>ຄໍາວ່າ "ໝາກເຫັບ" ຫລື "ເຮລ" ເປັນຄໍາທັກທາຍໃນພາສາອັງກິດແບບເກົ່າ ຕາມຕົວອັກສອນໝາຍຄວາມວ່າ "ຍິນດີ" ແລະສາມາດແປວ່າ "ທັກທາຍ"  ຫລື ເຮໂລ.</li></ul>  
hamath	<h2 id="section">@ຮາມັດ, @ເລໂບ @ຮາມັດ,@ ຄົນຮາມັດ</h2><h3 id="section-1">ຂໍ້ເທັດຈິງ</h3><p>ຮາມັດເປັນເມືອງສໍາຄັນໃນຊີເຣຍທາງພາກເໜືອ, ຊຶ່ງຢູ່ທາງເໜືອຂອງແຜ່ນດິນການາອານ. ຄົນຮາມັດເປັນຜູ້ສືບເຊື້ອສາຍຂອງການາອານຊຶ່ງເປັນລູກຊາຍ, ຂອງໂນອາ.</p><ul><li>ຄໍາວ່າ "ເລໂບ ຮາມັດ" ບາງທີອ້າງເຖິງທາງຜ່ານພູເຂົາທີ່ຢູ່ໃກ້ກັບເມືອງຮາມັດ.</li><li>ໃນບາງສະບັບແປ "ເລໂບ ຮາມັດ" ວ່າ "ທາງຜ່ານເຂົ້າສູ່ເມືອງຮາມັດ."</li><li>ກະສັດດາວິດໄດ້ເອົາຊະນະສັດຕູຂອງກະສັດໂທອູແຫ່ງຮາມັດ, ຊຶ່ງເຮັດໃຫ້ພວກເຂົາເປັນມິດຕໍ່ກັນ.</li><li>ຮາມັດເປັນເມືອງໜຶ່ງທີ່ເປັນສະຖານທີ່ເກັບຮັກສາສະບຽງອາຫານຂອງໂຊໂລໂມນ.</li><li>ແຜ່ນດິນຮາມັດເປັນສະຖານທີ່ທີ່ກະສັດເຊເດກີຢາຖືກຂ້າໂດຍກະສັດເນບູກາເນັດຊາແລະເປັນສະຖານທີ່ທີ່ກະສັດເຢໂຮອາອາດຖືກຈັບໄປໂດຍຟາໂຣແຫ່ງເອຢິບ.</li><li>ຄໍາວ່າ "ຄົນຮາມັດ" ສາມາດແປວ່າ "ປະຊາຊົນຈາກຮາມັດ."</li></ul>  
ham	<h2 id="section">@ຮາມ</h2><h3 id="section-1">ຂໍ້ເທັດຈິງ</h3><p>ຮາມເປັນລູກຊາຍຄົນທີສອງ ໃນຈໍານວນລູກຊາຍສາມຄົນຂອງໂນອາ.</p><ul><li>ໃນລະຫວ່າງຊ່ວງເວລານໍ້າຖ້ວມແຜ່ນດິນໂລກນັ້ນ, ຮາມແລະພີ່ນ້ອງຂອງເຂົາຢູ່ກັບໂນອາໃນເຮືອ, ພ້ອມດ້ວຍເມຍຂອງພວກເຂົາ.</li><li>ຫລັງຈາກນໍ້າຖ້ວມເເຜ່ນດິນໂລກແລ້ວ, ເກີດເຫດການທີ່ຮາມບໍ່ໃຫ້ກຽດແກ່ໂນອາພໍ່ຂອງເຂົາ, ຜົນທີ່ຕາມມາ ໂນອາ. ຈຶ່ງສາບແຊ່ງການາອານລູກຂອງຮາມແລະເຊື້ອສາຍທັງໝົດຂອງເຂົາ, ໃນທ້າຍທີ່ສຸດແລ້ວເປັນທີ່ຮູ້ຈັກກັນໃນນາມຊາວການາອານ.</li></ul>  
hamor	<h2 id="section">@ຮາໂມ</h2><h3 id="section-1">ຂໍ້ເທັດຈິງ</h3><p>ຮາໂມເປັນຜູ້ຊາຍຄົນການາອານທີ່ອາໄສຢູ່ໃນເມືອງຊີເຄມເມື່ອຢາໂຄບແລະຄອບຄົວຂອງເຂົາອາໄສຢູ່ໃກ້ເມືອງຊຸກໂກດ. ລາວເປັນຄົນຮີວີ.</p><ul><li>ຢາໂຄບໄດ້ຊື້ທີ່ດິນຝັງສົບສຳລັບຄອບຄົວຈາກລູກຊາຍຂອງຮາໂມ.</li><li>ຂະນະທີ່ພວກເຂົາອາໄສຢູ່ທີ່ນັ້ນ, ຊີເຄມລູກຊາຍຂອງຮາໂມໄດ້ຂົ່ມຂືນນາງດີນາລູກສາວຂອງຢາໂຄບ.</li><li>ອ້າຍຂອງນາງດີນາຈຶ່ງໄດ້ແກ້ແຄ້ນຮາໂມແລະຄອບຄົວ ແລະໄດ້ຂ້າຜູ້ຊາຍທັງໝົດໃນເມືອງຊີເຄມ.</li></ul>  
hananiah	<h2 id="section">@ຮານານີຢາ</h2><h3 id="section-1">ຂໍ້ເທັດຈິງ</h3><p>ຮານານີຢາເປັນຊື່ຂອງຜູ້ຊາຍຫລາຍຄົນໃນພັນທະສັນຍາເດີມ.</p><ul><li>ຮານານີຢາເປັນຄົນໜຶ່ງທີ່ເປັນຊະເລີຍອິດສະຣາເອນໃນບາບີໂລນຊື່ຂອງເຂົາໄດ້ປ່ຽນເປັນ "ຊັດລາກ."</li><li>ເຂົາໄດ້ຮັບຕໍາແໜ່ງເປັນຜູ້ຮັບໃຊ້ກະສັດເນື່ອງຈາກເຂົາມີບຸກຄະລິກລັກສະນະທີ່ເປັນເລີດແລະມີຄວາມສາມາດ.</li><li>ຄັ້ງໜຶ່ງຮານານີຢາ(ຊັດລາກ)ແລະເພື່ອນຄົນໜຸ່ມຄົນອິດສະຣາເອນອີກສອງຄົນຖືກໂຍນລົງໄປໃນກອງໄຟເຕົາຫລອມເພາະພວກເຂົາປະຕິເສດທີ່ຈະນະມັດສະການກະສັດ ພຣະເຈົ້າຊົງສໍາແດງຣິດອໍານາດຂອງພຣະອົງໂດຍການປົກປ້ອງພວກເຂົາໄວ້ຈາກອັນຕະລາຍ.</li><li>ມີຊາຍຄົນອື່ນທີ່ຊື່ຮານານີຢາຖືກລຽງລໍາດັບເປັນຜູ້ສືບເຊື້ອສາຍຂອງກະສັດໂຊໂລໂມນ.</li><li>ຮານານີຢາອີກຄົນໜຶ່ງເປັນຜູ້ປະກາດພຣະທຳເທັດໃນສະໄໝຂອງຜູ້ປະກາດພຣະທໍາເຢເຣມີຢາ.</li><li>ຜູ້ຊາຍອີກຄົນໜຶ່ງທີ່ຊື່ຮານານີຢາເປັນປະໂຣຫິດຜູ້ທີ່ໄດ້ຊ່ວຍນໍາການສະເຫລີມສະຫລອງລະຫວ່າງຊ່ວງເວລາຂອງເນເຫມີຢາ.</li></ul>  
hand	<h2 id="section">@ມື, @ມືຂວາ, @ສົ່ງມອບໃຫ້</h2><h3 id="section-1">ນິຍາມ</h3><p>ມີວິທີອຸປະມາອຸປະໄມຫລາຍຢ່າງທີ່ "ມື" ຖືກໃຊ້ໃນພຣະຄຳພີ:</p><ul><li>ຄໍາວ່າ "ສົ່ງມອບໃຫ້" ບາງສິ່ງແກ່ບາງຄົນໝາຍເຖິງການວາງບາງສິ່ງໃນມືຂອງບຸກຄົນ.</li><li>ຄຳວ່າ "ສົ່ງໃຫ້" ມັກຈະຖືກໃຊ້ໃນການອ້າງອີງເຖິງຣິດອຳນາດແລະການກະທຳຂອງພຣະເຈົ້າເຊັ່ນວ່າ ເມື່ອພຣະເຈົ້າກ່າວວ່າ "ມືຂອງເຮົາບໍ່ໄດ້ສ້າງ</li></ul><p>ສິ່ງທັງໝົດເຫລົ່ານີ້ຫລື ? "  (ເບິ່ງເພີ່ມເຕີມ: <a href="https://read.bibleineverylanguage.org/WA-Catalog/lo_tm?section=translate#figs-metonymy" target="_blank" data-is-rc-link="" data-repo="lo_tm" data-user="WA-Catalog" data-page="translate" data-topic="figs-metonymy" data-type="tm">figs-metonymy</a>)</p><ul><li>ຄຳກ່າວ "ສົ່ງມອບໃຫ້" ຫລື  "ມອບໄວ້ໃນມືຂອງ" ອ້າງເຖິງການເຮັດໃຫ້ບາງຄົນທີ່ຢູ່ພາຍໃຕ້ການຄວບຄຸມຫລືອຳນາດຂອງຄົນອື່ນ.</li><li>ການວາງມືເທິງຄົນໜຶ່ງຫລາຍຄັ້ງໄດ້ເຮັດໃນຂະນະທີ່ອວຍພອນເໜືອບຸກຄົນນັ້ນ.</li><li>ຄຳວ່າ "ວາງມື" ອ້າງເຖິງການວາງມືເທິງບຸກຄົນເພື່ອທີ່ຈະມອບໝາຍໃຫ້ບຸກຄົນນັ້ນໃນການຮັບໃຊ້ງານຂອງພຣະເຈົ້າ ຫລື ອະທິຖານເພື່ອສຳລັບການຮັກສາໂຣກ.</li><li>ການໃຊ້ຄຳວ່າ " ມື" ໃນຄໍາອຸປະມາອຸປະໄມອື່ນໆລວມເຖິງ:</li><li>"ວາງມືຂ້າງເທິງ" ໝາຍເຖິງ "ບຸກຄົນທີ່ເຮັດຜິດບາບ."</li><li>ການ "ຊ່ວຍເຫລືອໃຫ້ພົ້ນຈາກມືຂອງ" ໝາຍເຖິງການຢຸດບາງຄົນຈາກການເຮັດຜິດແກ່ຄົນອື່ນ.</li><li>ການ "ຢູ່ໃກ້ມື" ໝາຍເຖິງການ "ຢູ່ໃກ້ໆ."</li><li>ຕຳແໜ່ງຂອງການຢູ່ທີ່ "ມືຂວາ" ໝາຍເຖິງ "ຢູ່ທີ່ເບື້ອງຂວາ" ຫລື "ຂ້າງຂວາ."</li><li>ຄຳວ່າ "ໂດຍມືຂວາ" ບາງຄົນໝາຍເຖິງ "ໂດຍ" ຫລື "ຜ່ານທາງ" ການກະທຳຂອງຄົນນັ້ນ ຍົກຕົວຢ່າງເຊັ່ນ, "ໂດຍພຣະຫັດຂອງພຣະຜູ້ເປັນເຈົ້າ"  ໝາຍເຖິງວ່າອົງພຣະຜູ້ເປັນເຈົ້າຊົງກະທຳໃຫ້ບາງສິ່ງເກີດຂຶ້ນ.</li><li>ເມື່ອໂປໂລກ່າວວ່າ "ຂຽນໂດຍມືຂອງຂ້າພະເຈົ້າ," ໝາຍຄວາມວ່າສ່ວນນີ້ຂອງຈົດໝາຍຖືກຂຽນຂຶ້ນໂດຍທ່ານເອງ, ບໍ່ແມ່ນໃຫ້ຄົນອື່ນຂຽນຕາມຄໍາບອກ.</li></ul><h3 id="section-2">ຄໍາແນະນໍາໃນການແປ</h3><ul><li>ສໍານວນເຫລົ່ານີ້ແລະໂວຫານອື່ນໆ ສາມາດແປໂດຍການໃຊ້ສໍານວນອຸປະມາອຸປະໄມອື່ນໆທີ່ມີຄວາມໝາຍດຽວກັນ. ຫລືຄວາມໝາຍສາມາດຖືກແປໂດຍການໃຊ້ພາສາ, ຕາມຕົວອັກສອນ</li></ul>  
hang	<h2 id="section">@ແຂວນ</h2><h3 id="section-1">ນິຍາມ</h3><p>ຄຳວ່າ "ແຂວນ" ໝາຍເຖິງການຫ້ອຍບາງຢ່າງຫລືບາງຄົນໄວ້ເໜືອພື້ນດິນ.</p><ul><li>ຄວາມຕາຍໂດຍການແຂວນຄໍຈະເຮັດໂດຍການໃຊ້ບ້ວງເຊືອກຜູກໄວ້ອ້ອມຮອບຄໍຂອງບຸກຄົນແລະຫ້ອຍລົງມາຈາກສິ່ງທີ່ຢູ່ສູງກວ່າ, ເຊັ່ນ ກິ່ງໄມ້ ຢູດາຂ້າຕົວຕາຍໂດຍການແຂວນຄໍ.</li><li>ຄວາມຕາຍຂອງພຣະເຢຊູໂດຍການແຂວນເທິງໄມ້ກາງແຂນເປັນການກະທຳທີ່ແຕກຕ່າງໄປ: ທະຫານແຂວນພຣະອົງໂດຍການຕອກຕະປູທີ່ມື (ຫລືຂໍ້ມື) ຂອງພຣະອົງແລະຕີນຂອງພຣະອົງກັບກາງແຂນ.</li><li>ການແຂວນບາງຄົນອາດອ້າງເຖິງການຂ້າບາງຄົນໂດຍການແຂວນພວກເຂົາດ້ວຍເຊືອກຮອບຄໍພວກເຂົາ.</li></ul>  
hannah	<h2 id="section">@ຮັນນາ</h2><h3 id="section-1">ຂໍ້ເທັດຈິງ</h3><p>ຮັນນາເປັນແມ່ຂອງຜູ້ປະກາດພຣະທຳຊາມູເອນ. ໃນພັນທະສັນຍາເດີມ ນາງເປັນໜຶ່ງໃນພັນລະຍາສອງຄົນຂອງເອນການາ.</p><ul><li>ຮັນນາບໍ່ສາມາດມີລູກໄດ້, ຊຶ່ງເປັນເລື່ອງເສົ້າຢ່າງຫລາຍສຳລັບນາງ.</li><li>ໃນພຣະວິຫານ, ຮັນນາໄດ້ອະທິຖານຕໍ່ພຣະເຈົ້າດ້ວຍໃຈຮ້ອນຮົນໃຫ້ພຣະອົງປະທານລູກໃຫ້, ໂດຍປະຕິຍານວ່າຈະມອບຖວາຍລູກໃຫ້ຮັບໃຊ້ພຣະເຈົ້າ.</li><li>ພຣະເຈົ້າໄດ້ປະທານໃຫ້ຕາມທີ່ນາງຂໍແລະເມື່ອເດັກຊາຍຊາມູເອນໃຫຍ່ພໍແລ້ວ, ນາງໄດ້ພາທ່ານມາຮັບໃຊ້ໃນພຣະວິຫານ.</li><li>ພຣະເຈົ້າຍັງປະທານລູກຄົນອື່ນໆ ໃຫ້ແກ່ຮັນນາຫລັງຈາກນັ້ນ.</li></ul>  
haran	<h2 id="section">@ຮາຣານ</h2><h3 id="section-1">ຂໍ້ເທັດຈິງ</h3><p>ຮາຣານເປັນນ້ອງຊາຍຂອງອັບຣາຮາມແລະເປັນພໍ່ຂອງໂລດ.</p><ul><li>ຮາຣານຍັງເປັນຊື່ຂອງເມືອງທີ່ອັບຣາຮາມແລະຄອບຄົວຂອງທ່ານໄດ້ອາໄສຢູ່ຊົ່ວໄລຍະເວລາໜຶ່ງໃນລະຫວ່າງການເດີນທາງຈາກເມືອງອູເຣໄປຍັງແຜ່ນດິນການາອານ.</li><li>ມີຜູ້ຊາຍອີກຄົົນທີ່ຊື່ວ່າຮາຣານເປັນລູກຊາຍຂອງກາເຫລັບ.</li><li>ຜູ້ຊາຍຄົົນທີ່ສາມໃນພຣະຄຳພີທີ່ຊື່ວ່າຮາຣານເປັນເຊື້ອສາຍຂອງເລວີ.</li></ul>  
hard	<h2 id="section">@ຍາກລຳບາກ, @ຍາກລຳບາກທີ່ສຸດ, @ເຮັດໃຫ້ເຂັ້ມແຂງ</h2><h3 id="section-1">ນິຍາມ</h3><p>ຄຳວ່າ "ຍາກລຳບາກ" ມີຄວາມໝາຍຫລາຍຢ່າງຂຶ້ນຢູ່ກັບສະພາບການ. ຄຳນີ້ມັກຈະອະທິບາຍບາງສິ່ງທີ່ຍາກ, ຄົງທົນ, ຫລືບໍ່ຍອມຢືດຫຍຸ່ນ.</p><ul><li>ຄຳກ່າວ "ໃຈແຂງ" ຫລື "ຫົວແຂງ" ໝາຍເຖິງຄົົນທີ່ບໍ່ຍອມສຳນຶກຜິດແບບຫົວຊົນຝາ ຄຳກ່າວເຫລົ່ານີ້ອະທິບາຍຄົົນທີ່ຢືນການວ່າຈະບໍ່ຍອມເຊື່ອຟັງພຣະເຈົ້າ .</li><li>ຄຳກ່າວເຊີງປຽບທຽບ, "ຄວາມແຂງກະດ້າງຂອງຫົວໃຈ" ແລະ "ຄວາມແຂງກະດ້າງຂອງຫົວໃຈຂອງພວກເຂົາ" ອ້າງຄວາມເຖິງການບໍ່ເຊື່ອຟັງດ້ວຍຄວາມດື້ດ້ານດ້ວຍ.</li><li>ຖ້າບາງຄົນໃຈ "ແຂງ" ນີ້ໝາຍຄວາມວ່າບຸກຄົນນັ້ນປະຕິເສດທີ່ຈະເຊື່ອຟັງແລະຍັງຄົງບໍ່ກັບໃຈ.</li><li>ເມື່ອໃຊ້ເປັນຄຳວິເສດ "ເຮັດວຽກໜັກ" ຫລື "ພະຍາຍາມຢ່າງໜັກ," ຄຳນີ້ໝາຍຄວາມວ່າການເຮັດບາງຢ່າງດ້ວຍຄວາມແຂງຂັນແລະດຸໝັ່ນ, ການພະຍາຍາມທີ່ຈະເຮັດບາງຢ່າງໃຫ້ດີທີ່ສຸດ.</li></ul><h3 id="section-2">ຄຳແນະນຳໃນການແປ</h3><ul><li>ຄຳວ່າ "ແຂງ" ສາມາດແປໄດ້ວ່າ "ຍາກ" ຫລື "ດື້ດ້ານ" ຫລື  "ທ້າທາຍ," ຂຶ້ນຢູ່ກັບສະພາບການ.</li><li>ຄຳວ່າ "ຄວາມແຂງ" ຫລື "ຄວາມແຂງຂອງໃຈ" ຫລື "ໃຈແຂງ" ສາມາດແປວ່າ "ຄວາມດຶ້ດ້ານ" ຫລື "ການກະບົດຕໍ່ຕ້ານ" ຫລື "ທັດສະນະຄະຕິທີ່ຕໍ່ຕ້ານ" ຫລື "ການດຶ້ດ້ານທີ່ບໍ່ເຊື່ອຟັງ" ຫລື "ດື້ບໍ່ເສຍໃຈໃນຄວາມຜິດບາບ."</li><li>ຄຳວ່າ "ເຮັດໃຫ້ແຂງ" ສາມາດແປວ່າ "ດື້ບໍ່ເສຍໃຈໃນຄວາມຜິດບາບ" ຫລື "ປະຕິເສດທີ່ຈະເຊື່ອຟັງ."</li><li>"ຢ່າເຮັດໃຫ້ໃຈທ່ານແຂງ" ສາມາດແປວ່າ "ຢ່າປະຕິເສດທີ່ຈະເສຍໃຈໃນຄວາມຜິດບາບ" ຫລື "ຢ່າດື້ດ້ານບໍ່ຍອມເຊື່ອຟັງ."</li><li>ວິທີອື່ນທີ່ຈະແປ "ຫົວແຂງ" ຫລື "ໃຈແຂງ" ສາມາດລວມ "ບໍ່ເຊື່ອຟັງດ້ວຍຄວາມດຶ້ດ້ານ" ຫລື "ບໍ່ເຊື່ອຟັງຢ່າງຕໍ່ເນື່ອງ" ຫລື "ປະຕິເສດທີ່ຈະກັບໃຈ" ຫລື "ຕໍ່ຕ້ານຢູ່ສະເໝີ."</li><li>ໃນຄຳກ່າວເຊັ່ນ "ເຮັດວຽກໜັກ" ຫລື "ພະຍາຍາມຢ່າງຫລາຍ" ຄຳວ່າ "ແຂງ" ອາດຈະແປໄດ້ວ່າ "ດ້ວຍຄວາມພາກພຽນ" ຫລື "ຢ່າງມຸ່ງມານະ."</li><li>ຄຳກ່າວເຊັ່ນ "ກົດດັນຢ່າງໜັກ" ສາມາດແປວ່າ "ພັກດັນດ້ວຍກຳລັງ" ຫລື "ພັກຢ່າງແຮງ."</li><li>"ກົດຂີ່ຂົ່ມເຫັງປະຊາຊົນດ້ວຍງານໜັກ" ສາມາດແປວ່າ, "ບັງຄັບປະຊາຊົນໃຫ້ເຮັດວຽກຢ່າງໜັກໃຫ້ພວກເຂົາທົນທຸກ" ຫລື "ເປັນເຫດໃຫ້ປະຊາຊົນທົນທຸກໂດຍການບັງຄັບພວກເຂົາໃຫ້ເຮັດວຽກທີ່ຍາກ."</li><li>ຊະນິດຕ່າງໆ ຂອງ "ງານທີ່ຍາກ" ໄດ້ເຮັດໃຫ້ມີປະສົບການໂດຍຜູ້ຍິງທີ່ກຳລັງຈະເກີດລູກ. ໃຫ້ເບິ່ງເລື່ອງ "ເຈັບທ້ອງອອກລູກ."</li></ul>  
harp	<h2 id="section">@ກະຈັບປີ່</h2><h3 id="section-1">ນິຍາມ</h3><p>ພິນເປັນເຄື່ອງດົນຕີປະເພດສາຍ ຊຶ່ງມັກຈະເປັນໂຄງຂະໜາດໃຫຍ່,ຊຶ່ງສູນກາງເປີດໂລ່ງແລະມີສາຍຫລາຍເສັ້ນເຂຶງເປັນແນວຕັ້ງ.</p><ul><li>ໃນສະໄໝພຣະຄຳພີ, ໄມ້ຕົ້ນສົນມັກຈະຖືກໃຊ້ໃນການເຮັດພິນແລະເຄື່ອງດົນຕີອື່ນໆ.</li><li>ຫລາຍເທື່ອນັກດົນຕີມັກຈະຖືພິນໄວ້ໃນມືແລະບັນເລງໃນຂະນະທີ່ຍ່າງໄປ.</li><li>ມີຫລາຍແຫ່ງໃນພຣະຄຳພີ, ພິນມັກຈະຖືກກ່າວເຖິງວ່າເປັນເຄື່ອງມືທີ່ໃຊ້ໃນການສັນລະເສີນແລະການນະມັດສະການພຣະເຈົ້າ.</li><li>ດາວິດໄດ້ບັນທຶກເພງສັນລະເສີນຫລາຍບົດເພງ ຊຶ່ງສຳລັບໃຊ້ຮ້ອງກັບເຄື່ອງດົນຕີພິນ.</li><li>ທ່ານໄດ້ຫລິ້ນພິນສຳລັບກະສັດຊາອູນເພື່ອຊ່ວຍຜ່ອນຄາຍບັນຫາລົບກວນຈິດໃຈຂອງກະສັດ.</li></ul>  
harvest	<h2 id="section">@ເກັບກ່ຽວ @ຫລື @ການເກັບກ່ຽວ</h2><h3 id="section-1">ນິຍາມ</h3><p>ຄຳວ່າ "ການເກັບກ່ຽວ" ອ້າງເຖິງການລວບລວມໝາກໄມ້ສຸກຫລືພືດຜັກຈາກສວນທີ່ພືດນັ້ນຈະເລີນເຕີບໂຕ.</p><ul><li>ເວລາຂອງການເກັບກ່ຽວມັກຈະເກີດຂຶ້ນໃນຕອນທ້າຍຂອງລະດູແຫ່ງການຈະເລີນເຕີບໂຕ.</li><li>ຊາວອິດສະຣາເອນໄດ້ຈັດ "ເທດການແຫ່ງການເກັບກ່ຽວ" ຫລື "ເທດການແຫ່ງການເກັບພືດຜົນ" ເພື່ອສະຫລອງການເກັບກ່ຽວພືດຜົນທີ່ໃຊ້ເປັນອາຫານ.  ພຣະເຈົ້າໄດ້ຊົງບັນຊາໃຫ້ພວກເຂົາຖວາຍຜົນທຳອິດຂອງພືດຜົນເຫລົ່ານີ້ເພື່ອເປັນເຄື່ອງບູຊາແດ່ພຣະອົງ.</li><li>ໃນຄວາມໝາຍເຊີງປຽບທຽບ ຄຳວ່າ "ການເກັບກ່ຽວ" ສາມາດອ້າງເຖິງການທີ່ຄົນມາເຊື່ອໃນພຣະເຢຊູຫລືອາດຈະອະທິບາຍການຈະເລີນເຕີບໂຕໃນຝ່າຍວິນຍານຂອງບຸກຄົນ.</li><li>ແນວຄິດເລື່ອງການເກັບກ່ຽວພືດຜົນຝ່າຍວິນຍານເຂົ້າກັນໄດ້ກັບພາບໃນເຊີງອຸປະມາອຸປະໄມຂອງໝາກໄມ້ທີ່ເປັນພາບຂອງຄຸນລັກສະນະທາງບຸກຄະລິກລັກສະນະທີ່ມີຄຸນນະພາບໃນທາງຂອງພຣະເຈົ້າ.</li></ul><h3 id="section-2">ຄຳແນະນຳໃນການແປ</h3><ul><li>ຈະເປັນການດີທີ່ສຸດທີ່ຈະແປຄຳນີ້ດ້ວຍຄຳທີ່ໃຊ້ກັນທົ່ວໄປໃນພາສາເພື່ອຈະສື່ຄວາມໝາຍເຖິງການເກັບກ່ຽວພືດຜົນ.</li><li>ເຫດການຂອງການເກັບກ່ຽວອາດຈະແປໄດ້ວ່າ, "ເວລາແຫ່ງການເກັບກ່ຽວ" ຫລື "ເວລາເກັບກ່ຽວພືດຜົນ" ຫລື "ເວລາເກັບຜົນ."</li><li>ຄຳກິລິຍາ "ເກັບກ່ຽວ" ສາມາດແປໄດ້ວ່າ, "ເກັບລວບລວມ" ຫລື "ເກັບມາ" ຫລື "ລວບລວມ."</li></ul>  
haughty	<h2 id="section">@ການອວດອົ່ງທະນົງຕົວ</h2><h3 id="section-1">ນິຍາມ</h3><p>ຄຳວ່າ“ອວດອົ່ງທະນົງຕົວ“ ໝາຍຄວາມວ່າອວດອົ່ງຈອງຫອງ ອ້າງເຖີງບາງຄົນຄິດວ່າຕົວເອງດີເລີດສະຫລາດກວ່າຄົນອື່ນ ຫລືເປັນຄົນມັກເວົ້າຄຸຍໂມ້ເກີນຕົວ.</p><ul><li>ຫລາຍຄັ້ງຄຳນີ້ອະທິບາຍເຖີງຄວາມອວດຕົວເອງຂອງບຸກຄົນຜູ້ທີ່ຢືນຢັ້ນໃນການກຳລັງທຳຄວາມຜິດບາບຕໍ່ພຣະເຈົ້າ.</li><li>ໂດຍປົກກະຕິບຸກຄົນທີ່ອວດອົງຈອງຫອງມັກຄຸຍໂມ້ກ່ຽວກັບຕົວເຂົາເອງ.</li><li>ບຸກຄົນທີ່ອວດອົງຈອງຫອງແມ່ນເປັນຄົນໂງ່, ບໍ່ແມ່ນຄົນສະຫລາດ.</li><li>ຄຳນີ້ສາມາດແປວ່າ“ອວດອົ່ງ“ຫລື“ຈອງຫອງ“ເອົາຕົວເອງເປັນສູນກາງ</li><li>ຄຳກ່າວຄຳອຸປະມາຫລືປຽບທຽບ“ຕາທີ່ຈອງຫອງ“ສາມາດແປວ່າ“ການມອງແບບຂົ່ມເພີ່ນຍົກຕົວເອງ“ ຫລື “ການເບີ່ງເຫັນຄົນອື່ນມີຄຸນຄ່ານ້ອຍກວ່າຕົນເອງ ຫລື “ບຸກຄົນມັກອວດອົ່ງຕົວເອງ,ມັກດູຖູກຄົນອື່ນວ່າຕຳ່ຕ້ອຍ.</li></ul>  
head	<h2 id="section">@ຫົວຄົນ, @ສີສະ, @ຫົວ</h2><h3 id="section-1">ນິຍາມ</h3><p>ໃນພຣະຄຳພີ, ຄຳວ່າ "ຫົວ" ຖືກໃຊ້ໃນຄວາມໝາຍເຊີງປຽບທຽບຫລາຍຄວາມໝາຍ.</p><ul><li>ຫລາຍເທື່ອຄຳນີ້ຖືກໃຊ້ເພື່ອອ້າງເຖິງການມີອຳນາດເໜືອຜູ້ຄົນ, ເຊັ່ນໃນ, "ທ່ານໄດ້ເຮັດໃຫ້ຂ້າພະເຈົ້າເປັນຜູ້ນຳເໜືອປະຊາຊາດ." ນີ້ສາມາດແປໄດ້ວ່າ, "ທ່ານໄດ້ເຮັດໃຫ້ຂ້າພະເຈົ້າເປັນຜູ້ປົກຄອງ..." ຫລື "ທ່ານໄດ້ໃຫ້ຂ້າພະເຈົ້າມີອຳນາດເໜືອ..."</li><li>ພຣະເຢຊູຖືກເອີ້ນວ່າ "ຫົວຂອງຄຣິສຕະຈັກ." ເຊັ່ນດຽວກັບຫົວຂອງຄົນໜຶ່ງທີ່ນຳທາງແລະຊີ້ນຳອະໄວຍະວະສ່ວນອື່ນໆ ຂອງຮ່າງກາຍ, ພຣະເຢຊູກໍຊົງນຳທາງແລະຊີ້ນຳສະມາຊິກຂອງ "ພະກາຍ," ຂອງພຣະອົງ ນັ້ນຄືຄຣິສຕະຈັກ.</li><li>ພັນທະສັນຍາໃໝ່ສອນວ່າຜົວເປັນ "ຫົວ" ຫລືສິດທິອຳນາດຂອງພັນລະຍາຂອງເຂົາ. ເຂົາໄດ້ຮັບໜ້າທີ່ໃນການນຳແລະຊີ້ນຳພັນລະຍາແລະຄອບຄົວ.</li><li>ຄຳກ່າວວ່າ, "ມີດແຖຈະບໍ່ມີມື້ໄດ້ແຕະຕ້ອງຫົວຂອງເຂົາ" ໝາຍເຖິງ "ເຂົາຈະບໍ່ມີມື້ຕັດຫລືແຖຜົມຂອງເຂົາ."</li><li>ຄຳວ່າ "ຫົວ"ສາມາດໝາຍເຖິງຈຸດເລີ່ມຕົ້ນຫລືແຫລ່ງກຳເນີດຂອງບາງສິ່ງເຊັ່ນໃນ "ຫົວຖະໜົນ."</li><li>ຄຳກ່າວ "ຫົວຂອງເມັດເຂົ້າ" ອ້າງເຖິງສ່ວນຍອດຂອງເຂົ້າຟ່າງຫລືເຂົ້າບາເລທີ່ບັນຈຸເມັດພືດ.</li><li>ຄຳກ່າວໃນເຊີງປຽບທຽບອີກຢ່າງໜຶ່ງຄືເມື່ອໃຊ້ໃນການສະແດງເຖິງຄົນທັງຕົວ ເຊັ່ນ, "ຄົນຫົວສີເທົາຄົນນີ້" ອ້າງເຖິງຄົນສູງອາຍຸຫລື "ຫົວຂອງໂຢເຊບ" ອ້າງເຖິງໂຢເຊບ. (ເບິ່ງເພີ່ມເຕີມ : <a href="https://read.bibleineverylanguage.org/WA-Catalog/lo_tm?section=translate#figs-synecdoche" target="_blank" data-is-rc-link="" data-repo="lo_tm" data-user="WA-Catalog" data-page="translate" data-topic="figs-synecdoche" data-type="tm">figs-synecdoche</a>)</li><li>ຄຳກ່າວ "ໃຫ້ເລືອດຂອງພວກເຂົາຢູ່ເທິງຫົວຂອງເຂົາເອງ" ໝາຍຄວາມວ່າຄົນນັ້ນຕ້ອງຮັບຜິດຊອບການຕາຍຂອງຄົນທັງຫລາຍແລະຈະໄດ້ຮັບການລົງໂທດຈາກການກະທຳນັ້ນ.</li></ul><h3 id="section-2">ຄຳແນະນຳໃນການແປ</h3><ul><li>ຂຶ້ນຢູ່ກັບບໍລິບົດ, ຄຳວ່າ "ຫົວ" ສາມາດແປໄດ້ວ່າ, "ສິດທິອຳນາດ" ຫລື "ຄົົນທີ່ນຳແລະສັ່ງການ" ຫລື "ຄົົນທີ່ຮັບຜິດຊອບ."</li><li>ຄຳກ່າວ "ຫົວຂອງ" ສາມາດອ້າງເຖິງບຸກຄົນທັງຕົວ ດັ່ງນັ້ນຄຳກ່າວນີ້ສາມາດແປໄດ້ໂດຍການໃຊ້ຊື່ຂອງຄົນນັ້ນ ຍົກຕົວຢ່າງເຊັ່ນ, "ຫົວຂອງໂຢເຊບ" ອາດຈະແປໄດ້ວ່າ "ໂຢເຊບ."</li><li>ຄຳກ່າວ "ຈະຢູ່ເທິງຫົວຂອງເຂົາເອງ" ສາມາດແປວ່າ "ຈະຢູ່ເທິງເຂົາ" ຫລື "ເຂົາຈະຖືກລົງໂທດ" ຫລື "ເຂົາຈະຕ້ອງຮັບຜິດຊອບສຳລັບ" ຫລື "ເຂົາຈະຖືກນັບວ່າມີຄວາມຜິດ"</li><li>ຂຶ້ນຢູ່ກັບບໍລິບົດ, ວິທີອື່ນທີ່ຈະແປຄຳນີ້ສາມາດລວມເຖິງ, "ເລີ່ມຕົ້ນ" ຫລື "ແຫລ່ງ" ຫລື "ຜູ້ປົກຄອງ" ຫລື "ຜູ້ນຳ" ຫລື "ຍອດ."</li></ul>  
heal	<h2 id="section">@ການຮັກສາ, @ບຳບັດຢຽວຢາ</h2><h3 id="section-1">ນິຍາມ</h3><p>ຄຳວ່າ "ການຖືກຮັກສາ" ແລະ "ຢຽວຢາ" ທັງສອງຄຳໝາຍຄວາມວ່າ ເປັນເຫດໃຫ້ຄວາມເຈັບປ່ວຍ, ບາດແຜ, ຫລືບຸກຄົນພິການ ກັບມາມີສຸກຂະພາບດີອີກເທື່ອ.</p><ul><li>ບຸກຄົນທີ່ໄດ້ຮັບການ "ຖືກຮັກສາ" ຫລື "ຢຽວຢາ" ໄດ້ຖືກເຮັດໃຫ້ "ຫາຍດີ" ຫລື "ເຮັດໃຫ້ສຸກຂະພາບດີ."</li><li>ການຖືກຮັກສາສາມາດເກີດໂດຍທຳມະຊາດ ເນື່ອງຈາກພຣະເຈົ້າໄດ້ໃຫ້ຮ່າງກາຍຂອງເຮົາມີຄວາມສາມາດທີ່ຈະພັກຟື້ນຈາກບາດແຜຫລາຍຊະນິດແລະຫລາຍພະຍາດ.  ການຖືກຮັກສາໃຫ້ຫາຍແບບນີ້ໂດຍປົກກະຕິຈະເກີດຂຶ້ນຢ່າງຊ້າໆ.</li><li>ຢ່າງໃດກໍຕາມ, ເງື່ອນໄຂທີ່ແນ່ນອນຢ່າງເຊັ່ນຕາບອດຫລືເປັນງ່ອຍແລະພະຍາດທີ່ສາຫັດ. ຢ່າງເຊັ່ນພະຍາດຂີ້ທູດທີ່ບໍ່ຫາຍດ້ວຍຕົວເອງ  ເມື່ອປະຊາຊົນໄດ້ຮັບການຖືກຮັກສາໃຫ້ຫາຍຈາກພະຍາດເຫລົ່ານີ້. ເປັນສິ່ງມະຫັດສະຈັນທີ່ປົກກະຕິຈະເກີດຂຶ້ນທັນທີທັນໃດ.</li><li>ຕົວຢ່າງເຊັ່ນ, ພຣະເຢຊູຊົງຮັກສາປະຊາຊົນເປັນຈຳນວນຫລາຍທີ່ຕາບອດ ເປັນງ່ອຍ ຫລືພະຍາດຕ່າງໆ ແລະພວກເຂົາໄດ້ຫາຍໂດຍທັນທີ.</li><li>ພວກສາວົກກໍຮັກສາປະຊາຊົນໃຫ້ຫາຍດ້ວຍການອັດສະຈັນເຊັ່ນກັນ,  ເຊັ່ນເປໂຕເຮັດໃຫ້ຄົນງ່ອຍສາມາດຍ່າງໄດ້ທັນທີ.</li></ul>  
heart	<h2 id="section">@ຫົວໃຈ</h2><h3 id="section-1">ນິຍາມ</h3><p>ໃນພຣະຄຳພີ, ຄຳວ່າ "ຫົວໃຈ" ມັກຈະຖືກໃຊ້ໃນເຊີງປຽບທຽບຊຶ່ງອ້າງເຖິງຄວາມຄິດ ອາລົມ, ຄວາມປາດຖະໜາ, ຫລື ຄວາມຕັ້ງໃຈຂອງບຸກຄົນ.</p><ul><li>ການມີ "ຫົວໃຈແຂງກະດ້າງ" ເປັນຄຳກ່າວທົ່ວໄປທີ່ໝາຍເຖິງບຸກຄົນທີ່ປະຕິເສດທີ່ຈະເຊື່ອຟັງພຣະເຈົ້າດ້ວຍຄວາມດື້ດ້ານ.</li><li>ຄຳກ່າວ "ດ້ວຍສຸດໃຈຂອງຂ້າພະເຈົ້າ" ຫລື "ດ້ວຍຫົວໃຈທັງໝົດຂອງຂ້າພະເຈົ້າ" ໝາຍເຖິງການເຮັດບາງຢ່າງໂດຍເຕັມກຳລັງ, ໂດຍການທຸ້ມເທແລະຕັ້ງໃຈຢ່າງເຕັມທີ່ .</li><li>ຄຳກ່າວ, "ເອົາມາໃສ່ໃຈ" ໝາຍເຖິງການປະຕິບັດຕໍ່ບາງຢ່າງດ້ວຍຄວາມຈິງຈັງແລະນຳມາໃຊ້ໃນຊີວິດຂອງຕົນເອງ.</li><li>ຄຳວ່າ "ໃຈແຕກສະລາຍ" ອະທິບາຍເຖິງຄົົນທີ່ໂສກເສົ້າຫລາຍ. ພວກເຂົາຖືກທໍາຮ້າຍຢ່າງໜັກດ້ານອາລົມຄວາມຮູ້ສຶກ.</li></ul><h3 id="section-2">ຄຳແນະນຳໃນການແປ</h3><ul><li>ບາງພາສາໃຊ້ສ່ວນອື່ນຂອງຮ່າງກາຍ ເຊັ່ນ "ກະເພາະ" ຫລື "ຕັບ" ເພື່ອອ້າງເຖິງຄວາມຄິດເຫລົ່ານີ້.</li><li>ພາສາອື່ນໆອາດຈະໃຊ້ຄໍາດຽວໃນການອະທິບາຍແນວຄິດບາງຢ່າງເຫລົ່ານີ້ແລະໃຊ້ອີກຄຳໜຶ່ງໃນການອະທິບາຍແນວຄິດອື່ນໆ .</li><li>ຖ້າ "ຫົວໃຈ" ຫລືຮ່າງກາຍສ່ວນອື່ນໆ ບໍ່ໄດ້ມີຄວາມໝາຍນີ້ ບາງພາສາອາດຈຳເປັນຕ້ອງແປກົງໆ ບໍ່ຕ້ອງປຽບທຽບ ແລະໃຊ້ຄຳວ່າ "ຄວາມຄິດ" ຫລື "ອາລົມຄວາມຮູ້ສຶກ" ຫລື "ຄວາມປາດຖະໜາ."</li><li>ຂຶ້ນຢູ່ກັບສະພາບການ, "ດ້ວຍສຸດໃຈຂອງຂ້າພະເຈົ້າ" ຫລື "ດ້ວຍຫົວໃຈທັງໝົດຂອງຂ້າພະເຈົ້າ" ສາມາດແປໄດ້ວ່າ, "ດ້ວຍພະລັງທັງໝົດຂອງຂ້າພະເຈົ້າ" ຫລື "ດ້ວຍການທຸ້ມເທຢ່າງເຕັມກຳລັງ" ຫລື "ຢ່າງເຕັມທີ່."</li><li>ວະລີ "ເອົາມາໃສ່ໃຈ" ອາດຈະແປໄດ້ວ່າ "ປະຕິບັດຕໍ່ສິ່ງນັ້ນດ້ວຍຄວາມຈິງຈັງ" ຫລື "ຄິດຢ່າງຮອບຄອບກ່ຽວກັບສິ່ງນັ້ນ."</li><li>ຄຳກ່າວ "ຫົວໃຈແຂງກະດ້າງ" ອາດສາມາດແປໄດ້ວ່າ, "ກະບົດດ້ວຍຄວາມດື້ດຶງ" ຫລື "ປະຕິເສດທີ່ຈະເຊື່ອຟັງ" ຫລື "ບໍ່ເຊື່ອຟັງພຣະເຈົ້າຕໍ່ໄປເລື້ອຍໆ."</li><li>ວິທີທີ່ຈະແປ "ໃຈແຕກສະລາຍ" ສາມາດລວມເຖິງ, "ເສຍໃຈຫລາຍ" ຫລື "ຮູ້ສຶກເຈັບປວດຢ່າງແຮງ."</li></ul>  
heaven	<h2 id="section">@ສະຫວັນ, @ທ້ອງຟ້າ, @ທ້ອງຟ້າທັງໝົດ,@ ດັ່ງສະຫວັນ</h2><h3 id="section-1">ນິຍາມ</h3><p>ຄຳທີ່ແປວ່າ "ສະຫວັນ" ອ້າງເຖິງສະຖານທີ່ທີ່ພຣະເຈົ້າປະທັບຢູ່ . ຄຳດຽວກັນອາດຈະໝາຍເຖິງ "ທ້ອງຟ້າ," ຂຶ້ນຢູ່ບໍລິບົດ.</p><ul><li>ຄຳວ່າ "ທ້ອງຟ້າທັງໝົດ" ອ້າງເຖິງທຸກສິ່ງທີ່ເຮົາເຫັນເໜືອແຜ່ນດິນໂລກ, ລວມເຖິງດວງອາທິດ ດວງຈັນ, ແລະດວງດາວ, ເຊິ່ງທັງໝົດລວມເຖິງສິ່ງຕ່າງໆໃນທ້ອງຟ້າ. ເຊັ່ນ ດາວເຄາະທີ່ຢູ່ຫ່າງອອກໄປ, ເຊິ່ງເຮົາບໍ່ສາມາດເບິ່ງເຫັນໄດ້ໂດຍກົງຈາກໂລກ.</li><li>ຄຳວ່າ "ທ້ອງຟ້າ" ອ້າງເຖິງພື້ນທີ່ກວ້າງໃຫຍ່ໄພສານສີຟ້າເໜືອແຜ່ນດິນໂລກທີ່ມີເມກແລະອາກາດທີ່ເຮົາຫາຍໃຈເຂົ້າໄປ. ດວງອາທິດແລະດວງຈັນມັກຈະຖືກກ່າວເຖິງວ່າຢູ່ "ເທິງທ້ອງຟ້າ."</li><li>ໃນບາງບໍລິບົດໃນພຣະຄຳພີຄຳວ່າ, "ສະຫວັນ" ອາດໝາຍເຖິງທ້ອງຟ້າຫລືສະຖານທີ່ທີ່ພຣະເຈົ້າປະທັບຢູ່.</li><li>ເມື່ອ "ສະຫວັນ" ຖືກໃຊ້ໃນເຊີງປຽບທຽບ, ນັ້ນເປັນວິທີທີ່ກ່າວເຖິງພຣະເຈົ້າ. ຍົກຕົວຢ່າງເຊັ່ນ, ເມື່ອມັດທາຍຂຽນກ່ຽວກັບ "ອານາຈັກແຫ່ງສະຫວັນ" ທ່ານກຳລັງອ້າງເຖິງອານາຈັກຂອງພຣະເຈົ້າ.</li></ul><h3 id="section-2">ຄຳແນະນຳໃນການແປ</h3><ul><li>ເມື່ອ "ສະຫວັນ" ຖືກໃຊ້ໃນເຊີງປຽບທຽບ, ສາມາດແປໄດ້ວ່າ"ພຣະເຈົ້າ."</li><li>ສຳລັບ "ອານາຈັກແຫ່ງສະຫວັນ" ໃນໜັງສືມັດທາຍນັ້ນ, ເປັນການດີທີ່ສຸດທີ່ຈະຖືຮັກສາຄຳວ່າ "ສະຫວັນ" ໄວ້ເນື່ອງຈາກນິ້ເປັນລັກສະນະສະເພາະຂອງພຣະກິດຕິຄຸນມັດທາຍ.</li><li>ຄຳວ່າ "ສະຫວັນ" ຫລື "ດວງດາວໃນທ້ອງຟ້າ" ສາມາດແປໄດ້ວ່າ, "ດວງອາທິດ ດວງຈັນ ແລະດວງດາວ" ຫລື "ດວງດາວທັງໝົດໃນຈັກກະວານ."</li><li>ວະລີ, "ດວງດາວທັງຫລາຍແຫ່ງສະຫວັນ" ສາມາດແປໄດ້ວ່າ "ດວງດາວທັງຫລາຍໃນທ້ອງຟ້າ" ຫລື "ດວງດາວທັງຫລາຍໃນທາງຊ້າງເຜືອກ" ຫລື "ດວງດາວທັງຫລາຍໃນຈັກກະວານ."</li></ul>  
hebrew	<h2 id="section">@ເຮັບເຣີ</h2><h3 id="section-1">ນິຍາມ</h3><p>ຊາວ "ເຮັບເຣີ" ຄືຄົົນທີ່ສືບເຊື້ອສາຍມາຈາກອັບຣາຮາມຜ່ານທາງອີຊາກແລະຢາໂຄບ.ອັບຣາຮາມເປັນຄົນທຳອິດໃນພຣະຄຳພີທີ່ຖືກເອີ້ນວ່າ "ເຮັບເຣີ."</p><ul><li>ຄຳວ່າ "ເຮັບເຣີ" ຍັງອ້າງເຖິງພາສາທີ່ຄົນເຮັບເຣີເວົ້າ. ພຣະຄໍາພີເດີມນັ້ນ ທຳອິດເລີ່ມຕົ້ນຂຽນໃນພາສາເຮັບເຣີ.</li><li>ໃນທີ່ຕ່າງໆກັນໃນພຣະຄຳພີ, ຊາວເຮັບເຣີຖືກເອີ້ນວ່າ "ຄົນຢິວ" ຫລື "ຄົນອິດສະຣາເອນ." ຈະເປັນການດີທີ່ສຸດທີ່ຈະຖືຮັກສາຄຳທັງສາມໄວ້ໃນບໍລິບົດຕົ້ນສະບັບ, ຕາບໃດທີ່ຊັດເຈນວ່າ ຄຳເຫລົ່ານີ້ອ້າງເຖິງຄົນກຸ່ມດຽວກັນ.</li></ul>  
hebron	<h2 id="section">@ເຮັບໂຣນ</h2><h3 id="section-1">ຂໍ້ເທັດຈິງ</h3><p>ເຮັບໂຣນເປັນເມືອງທີ່ຕັ້ງຢູ່ເທິງໂນນພູຫີນສູງ, ຫ່າງຈາກກຸງເຢຣູຊາເລັມໄປທາງໃຕ້ປະະມານ 32ກິໂລແມັດ.</p><ul><li>ເມືອງນີ້ຖືກສ້າງປະມານ 2.000 ປີ ກ່ອນ ຄ.ສ.  ໃນສະໄໝຂອງອັບຣາຣາມ. ເປັນເມືອງທີ່ຖືກກ່າວເຖິງຫລາຍເທື່ອໃນເລື່ອງລາວທາງປະຫວັດສາດທີ່ມີບັນທຶກໃນພັນທະສັນຍາເດີມ.</li><li>ເຮັບໂຣນມີບົດບາດສຳຄັນຫລາຍໃນຊີວິດຂອງກະສັດດາວິດ. ລູກຫລາຍຄົນຂອງທ່ານ, ລວມເຖິງອັບຊາໂລມ, ກໍເກີດບ່ອນນັ້ນ.</li><li>ເມືອງນີ້ຖືກທຳລາຍປະມານປີ ຄ.ສ ທີ 70 ໂດຍຊາວໂຣມັນ.</li></ul>  
heifer	<h2 id="section">@ງົວແມ່ສາວ</h2><h3 id="section-1">ນິຍາມ</h3><p>ງົວແມ່ສາວຄືງົວໂຕແມ່ ທີ່ໃຫຍ່ແລ້ວແຕ່ຍັງບໍ່ໄດ້ໃຫ້ກຳເນີດເກີດລູກງົວເທື່ອ.</p>  
heir	<h2 id="section">@ຍາດພີ່ນ້ອງຄີງໆ @(ວົງຕະກຸນ)</h2><h3 id="section-1">ນິຍາມ</h3><p>ຄຳວ່າ "ທາຍາດ" ຄືບຸກຄົນທີ່ໄດ້ຮັບຊັບສິນຫລືເງິນຢ່າງຖືກກົດໝາຍທີ່ເປັນຂອງບຸກຄົນທີ່ໄດ້ຕາຍໄປແລ້ວ.</p><ul><li>ໃນສະໄໝພຣະຄຳພີ, ທາຍາດຫລັກຄືລູກຊາຍຄົນທຳອິດ, ຜູ້ທີ່ໄດ້ຮັບຊັບສິນແລະເງິນສ່ວນໃຫຍ່ຂອງພໍ່ຂອງເຂົາ.</li><li>ພຣະຄຳພີໃຊ້ຄຳວ່າ "ທາຍາດ" ໃນເຊີງປຽບທຽບອ້າງເຖິງຄຣິດສະຕຽນໄດ້ຮັບຜົນຝ່າຍວິນຍານຈາກພຣະເຈົ້າໃນຖານະທີ່ເປັນພໍ່ຝ່າຍວິນຍານຂອງພວກເຂົາ.</li><li>ໃນຖານະທີ່ເປັນລູກຂອງພຣະເຈົ້າ, ຄຣິດສະຕຽນຈຶ່ງໄດ້ຊື່ວ່າເປັນ "ທາຍາດຮ່ວມກັນ" ກັບພຣະເຢຊູຄຣິດ.  ນີ້ສາມາດແປວ່າ, "ທາຍາດຮ່ວມ" ຫລື "ເພື່ອນທາຍາດ" ຫລື "ທາຍາດນຳກັນກັບ."</li><li>ຄຳວ່າ "ທາຍາດ" ສາມາດແປວ່າ "ບຸກຄົນທີ່ກຳລັງໄດ້ຮັບຜົນປະໂຫຍດ" ຫລືຄຳກ່າວຫຍັງກໍຕາມທີ່ໃຊ້ໃນພາສາທີ່ສື່ຄວາມໝາຍເຖິງບາງຄົນຜູ້ທີ່ກຳລັງໄດ້ຮັບຊັບສິນແລະສິ່ງອື່ນໆ ເມື່ອພໍ່ແມ່ຫລືຍາດຄົນອື່ນໆ ເສຍຊີວິດ.</li></ul>  
hell	<h2 id="section">@ນະຮົກ, @ບຶງໄຟນະຣົກ</h2><h3 id="section-1">ນິຍາມ</h3><p>ນາລົກເປັນສະຖານທີ່ສຸດທ້າຍແຫ່ງຄວາມເຈັບປວດແລະການທົນທຸກທີ່ບໍ່ມີມື້ຈົບສິ້ນ ຊຶ່ງພຣະເຈົ້າຈະຊົງລົງໂທດທຸກຄົົນທີ່ກະບົດຕໍ່ພຣະອົງແລະປະຕິເສດແຜນການຂອງພຣະອົງໃນການຊ່ວຍພວກເຂົາໃຫ້ລອດພົ້ນໂດຍທາງຂອງພຣະເຢຊູ. ຄໍານີ້ຍັງມີການອ້າງເຖິງວ່າເປັນ "ບຶງໄຟນາລົກ."</p><ul><li>ນາລົກໄດ້ຖືກອະທິບາຍວ່າເປັນສະຖານທີ່ແຫ່ງໄຟແລະການທົນທຸກຢ່າງສາຫັດ.</li><li>ຊາຕານແລະວິນຍານຊົ່ວທັງຫລາຍທີ່ຕິດຕາມມັນຈະຖືກໂຍນລົງໄປໃນນາລົກເພື່ອຮັບໂທດຕະຫລອດການ.</li><li>ຄົົນທີ່ບໍ່ເຊື່ອໃນການຖວາຍບູຊາຂອງພຣະເຢຊູເພື່ອຄວາມບາບຂອງພວກເຂົາ ແລະບໍ່ເຊື່ອວາງໃຈໃນພຣະອົງໃຫ້ຊ່ວຍພວກເຂົາ, ໃຫ້ລອດພົ້ນຈະຖືກລົງໂທດໃນນາລົກຢ່າງນິລັນດອນ.</li></ul><p>% ຄຳແນະນຳໃນການແປ</p><ul><li>ຄຳເຫລົ່ານີ້ຄວນຈະຖືກແປຕ່າງກັນເນື່ອງຈາກຄຳພວກນີ້ປາກົດໃນສະພາບການທີ່ແຕກຕ່າງກັນ.</li><li>ບາງພາສາບໍ່ສາມາດໃຊ້ "ບຶງ"  ໃນວະລີ "ບຶງໄຟນາລົກ" ໄດ້ ເພາະເປັນຄຳທີ່ອ້າງເຖິງນ້ຳ.</li><li>ຄຳວ່າ "ນາລົກ" ສາມາດແປວ່າ "ສະຖານທີ່ແຫ່ງການທົນທຸກ" ຫລື "ສະຖານທີ່ສຸດທ້າຍແຫ່ງຄວາມມືດແລະຄວາມເຈັບປວດ."</li><li>ຄຳວ່າ "ບຶງໄຟນາລົກ" ສາມາດແປໄດ້ວ່າ, "ທະເລແຫ່ງໄຟ" ຫລື "ໄຟຂະໜາດໃຫຍ່"</li></ul>  
herodantipas	<h2 id="section">@ເຮໂຣດ @ອັນທິປັດ</h2><h3 id="section-1">ຂໍ້ເທັດຈິງ</h3><p>ລະຫວ່າງເກືອບຊົ່ວຊີວິດຂອງພຣະເຢຊູ,  ເຮໂຣດ ອັນທິປັດເປັນຜູ້ປົກຄອງ ສ່ວນໜຶ່ງຂອງອານາຈັກໂຣມັນຊຶ່ງລວມທັງແຄວ້ນຄາລີເລ.</p><ul><li>ເໝືອນກັບພໍ່ຂອງທ່ານຄືເຮໂຣດມະຫາຣາດ, ບາງເທື່ອອັນທິປັດໄດ້ຖືກອ້າງເຖິງໃນນາມ "ກະສັດເຮໂຣດ" ເຖິງວ່າທ່ານຈະບໍ່ແມ່ນກະສັດທີ່ແທ້ຈິງກໍຕາມ.</li><li>ເຮໂຣດ ອັນທິປັດປົກຄອງໜຶ່ງໃນສີ່ຂອງອານາຈັກໂຣມັນ ແລະທ່ານຍັງຖືກເອີ້ນວ່າ "ເຮໂຣດເຈົ້າເມືອງ."</li><li>ອັນທິປັດຄື "ເຮໂຣດ" ທີ່ສັ່ງໃຫ້ປະຫານໂຢຮັນຜູ້ໃຫ້ບັບຕິສະມາໂດຍການຕັດຫົວ.</li><li>ເປັນເຮໂຣດ ອັນທິປັດ ຜູ້ທີ່ໄດ້ຊັກຖາມພຣະເຢຊູກ່ອນທີ່ພຣະອົງຈະຖືກຄຶງທີ່ໄມ້ກາງແຂນ.</li><li>"ເຮໂຣດ" ອີກຄົນໜຶ່ງໃນພັນທະສັນຍາໃໝ່ ຄື ບຸດຊາຍຂອງອັນທິປັດ (ອາກຣິບປາ) ແລະຫລານ (ອາກຣິບປາ ທີ 2) ຜູ້ໄດ້ປົກຄອງລະຫວ່າງເວລາຂອງບັນດາອັດຄະສາວົກ.</li></ul>  
herodias	<h2 id="section">@ເຮໂຣເດຍ</h2><h3 id="section-1">ຂໍ້ເທັດຈິງ</h3><p>ເຮໂຣດຽດເປັນມະເຫສີຂອງກະສັດເຮໂຣດ ອັນທິປັດ ໃນແຄວ້ນຢູເດຍໃນສະໄໝຂອງໂຢຮັນ ຜູ້ໃຫ້ບັບຕິສະມາ.</p><ul><li>ແຕ່ເດີມເຮໂຣດຽດເປັນມະເຫສີຂອງຟິລິບ ອ້າຍຂອງເຮໂຣດ ອັນທິປັດ, ແຕ່ຕໍ່ມາໄດ້ສົມຣົດຢ່າງບໍ່ຖືກຕ້ອງຕາມກົດໝາຍກັບເຮໂຣດ ອັນທິປັດ.</li><li>ໂຢຮັນຜູ້ໃຫ້ບັບຕິມາໄດ້ຕຳນິເຮໂຣດແລະເຮໂຣດຽດໃນເລື່ອງການສົມຣົດຢ່າງບໍ່ຖືກຕ້ອງຕາມກົດໝາຍ ດ້ວຍເຫດນີ້, ເຮໂຣດຈຶ່ງຂັງໂຢຮັນໄວ້ໃນຄຸກແລະໃນທີ່ສຸດກໍສັ່ງໃຫ້ຕັດຫົວທ່ານ.</li></ul>  
herod the great	<h2 id="section">@ເຮໂຣດ @ມະຫາຣາດ</h2><h3 id="section-1">ຂໍ້ເທັດຈິງ</h3><p>ເຮໂຣດ ມະຫາຣາດ ໄດ້ປົກຄອງເໜືອຢູດາໃນເວລາທີ່ພຣະເຢຊູຊົງບັງເກີດ.  ທ່ານເປັນພວກຜູ້ປົກຄອງຊາວເອໂດມຄົນທຳອິດທີ່ມີຊື່ວ່າເຮໂຣດຜູ້ໄດ້ປົກຄອງເໜືອຫລາຍສ່ວນຂອງອານາຈັກໂຣມັນ.</p><ul><li>ບັນພະບຸລຸດຂອງທ່ານໄດ້ປ່ຽນມານັບຖືລັດທິຢູດາຍແລະທ່ານຖືກລ້ຽງດູມາເໝືອນຄົນຢິວ.</li><li>ຊີຊາອໍກັດຕັດໄດ້ຕັ້ງຊື່ທ່ານວ່າ "ກະສັດເຮໂຣດ" ເຖິງແມ່ນວ່າທ່ານບໍ່ໄດ້ເປັນກະສັດທີ່ແທ້ຈິງກໍຕາມ.  ທ່ານໄດ້ປົກຄອງເໜືອຊາວຢິວໃນຢູດາຍເປັນເວລາ 33 ປີ.</li><li>ເຮໂຣດ ມະຫາຣາດໄດ້ເປັນທີ່ຮູ້ຈັກກັນໃນຖານະທີ່ໄດ້ສັ່ງໃຫ້ມີການກໍ່ສ້າງອາຄານທີ່ສວຍງາມ, ລວມທັງການບູລະນະພຣະວິຫານຂອງພວກຢິວໃນນະຄອນເຢຣູຊາເລັມ.</li><li>ເຮໂຣດອົງນີ້ໂຫດຮ້າຍຫລາຍແລະທ່ານໄດ້ສັ່ງໃຫ້ປະຫານປະຊາຊົນຫລາຍຄົນ ເມື່ອທ່ານໄດ້ຍິນວ່າ " ກະສັດຂອງຢິວ" ອີກອົງໜຶ່ງໄດ້ມາບັງເກີດໃນເບັດເລເຮັມ, ທ່ານໄດ້ສັ່ງໃຫ້ປະຫານເດັກນ້ອຍຊາຍທັງໝົດໃນເມືອງນັ້ນ.</li><li>ລູກຊາຍ, ຂອງທ່ານ ເຮໂຣດ ອັນທິປັດແລະເຮໂຣດ ຟິລິບແລະຫລານຊາຍຂອງທ່ານ ເຮໂຣດ ອາກຣິບປາໄດ້ກາຍມາເປັນຜູ້ປົກຄອງໂຣມັນ.  ເຫລນຊາຍຂອງທ່ານ ເຮໂຣດ ອາກຣິບປາທີສອງ (ເອີ້ນກັນວ່າ "ກະສັດອາກຣິບປາ") ໄດ້ປົກຄອງທົ່ວທັງອານາເຂດຢູດາຍ.</li></ul>  
hezekiah	<h2 id="section">@ເຮເຊກີຢາ</h2><h3 id="section-1">ຂໍ້ເທັດຈິງ</h3><p>ເຮເຊກີຢາເປັນກະສັດອົງທີ 13 ແຫ່ງອານາຈັກຢູດາຍ ທ່ານເປັນກະສັດຜູ້ທີ່ໄດ້ໄວ້ວາງໃຈແລະເຊື່ອຟັງພຣະເຈົ້າ.</p><ul><li>ບໍ່ເໝືອນກັນກັບອາຮາບພໍ່ຂອງທ່ານທີ່ເປັນກະສັດຊົ່ວຮ້າຍ, ກະສັດເຮເຊກີຢາເປັນກະສັດທີ່ດີຜູ້ໄດ້ທຳລາຍສະຖານນະມັດການຮູບເຄົາລົບທັງໝົດໃນຢູດາຍ.</li><li>ມີເທື່ອໜຶ່ງເມື່ອເຮເຊກີຢາໄດ້ປ່ວຍໜັກແລະເກືອບເສຍຊີວິດ, ພຣະອົງໄດ້ອະທິຖານຢ່າງຮ້ອນຮົນ. ພຣະເຈົ້າຊົງຮັກສາທ່ານຈາກພະຍາດຮ້າຍແຮງແລະໃຫ້ທ່ານມີຊີວິດຢູ່ອີກ 15 ປີ.</li><li>ແລະເປັນສັນຍານຕໍ່ເຮເຊກີຢາວ່າສິ່ງນີ້ຈະເກີດຂຶ້ນ,  ພຣະເຈ້າຊົງໄດ້ກະທຳການອັດສະຈັນແລະຊົງເຮັດໃຫ້ເວລາໄດ້ຍ້ອນກັບ.</li><li>ພຣະເຈົ້າຊົງຕອບຄຳອະທິຖານຂອງເຮເຊກີຢາເພື່ອຊ່ວຍປະຊາຊົນຂອງເພີ່ນຈາກກະສັດເຊັນນາເກຣິບແຫ່ງອັດຊີເຣຍ, ຜູ້ທີ່ກຳລັງໂຈມຕີພວກເຂົາ.</li></ul>  
high place	<h2 id="section">@ສະຖານສູງ</h2><h3 id="section-1">ນິຍາມ</h3><p>ຄຳວ່າ "ສະຖານສູງ"ອ້າງເຖິງແທ່ນບູຊາແລະປູສະນີຍະສະຖານທີ່ສຳຄັນສຳລັບນະມັດສະການຮູບເຄົນລົບ. ສະຖານສູງເຫລົ່ານີ້ ຈະຖືກສ້າງຂຶ້ນທີ່ສູງ, ເຊັ່ນເທິງຫຸບເຂົາ ຫລື ພູເຂົາ.</p><ul><li>ກະສັດຫລາຍພຣະອົງໄດ້ເຮັດຄວາມບາບຕໍ່ພຣະເຈົ້າໂດຍການສ້າງແທ່ນບູຊາແກ່ພະທຽມເທັດໃນສະຖານສູງເຫລົ່ານີ້ ເຮັດໃຫ້ຜູ້ຄົນມີສ່ວນຮ່ວມຢ່າງຫລວງຫລາຍໃນການນະມັດສະການຮູບເຄົາລົບ.</li><li>ເມື່ອກະສັດທີ່ຢ້ານຢໍາພຣະເຈົ້າໄດ້ເຂົ້າມາປົກຄອງໃນອິດສະຣາເອນຫລືຢູດາ, ທ່ານມັກຈະທຳລາຍສະຖານສູງແລະລົ້ມເລີກການນະມັດສະການຮູບເຄົາລົບເຫລົ່ານີ້.</li><li>ຢ່າງໃດກໍຕາມ, ກະສັດທີ່ດີບາງຄົນໄດ້ປະມາດແລະບໍ່ໄດ້ທຳລາຍສະຖານສູງ, ຊຶ່ງເປັນຜົນເຮັດໃຫ້ປະເທດອິດສະຣາເອນທັງປະເທດຍັງຄົງນະມັດການຮູບເຄົາລົບຕໍ່ໄປ.</li></ul><h3 id="section-2">ຄຳແນະນຳໃນການແປ</h3><ul><li>ວິທີການອື່ນທີ່ຈະແປຄຳນີ້ສາມາດລວມເຖິງ, "ສະຖານທີ່ຖືກຍົກຂຶ້ນສຳລັບການນະມັດສະການຮູບເຄົາລົບ" ຫລື "ປູສະນີຍະສະຖານຮູບເຄົາລົບເທິງພູເຂົາ." ຫລື "ເນີນແທ່ນບູຊາຮູບເຄົາລົບ."</li><li>ໃຫ້ແນ່ໃຈວ່າຄຳນີ້ອ້າງເຖິງແທ່ນບູຊາຮູບເຄົາລົບ ບໍ່ແມ່ນພຽງແຕ່ສະຖານສູງທີ່ແທ່ນບູຊາຕັ້ງຢູ່.</li></ul>  
high priest	<h2 id="section">@ມະຫາປະໂຣຫິດ</h2><h3 id="section-1">ນິຍາມ</h3><p>ຄຳວ່າ "ມະຫາປະໂຣຫິດ"ອ້າງເຖິງປະໂຣຫິດພິເສດທີ່ໄດ້ຮັບການແຕ່ງຕັ້ງໃຫ້ຮັບໃຊ້ເປັນເວລາໜຶ່ງປີໃນຖານະຜູ້ນຳຂອງປະໂຣຫິດທັງໝົດຂອງອິດສະຣາເອນ.</p><ul><li>ມະຫາປະໂຣຫິດມີໜ້າທີ່ຮັບຜິດຊອບພິເສດ. ທ່ານເປັນພຽງຄົນດຽວທີ່ໄດ້ຮັບອະນຸຍາດໃຫ້ເຂົ້າໄປໃນສ່ວນບໍລິສຸດທີ່ສຸດຂອງວິຫານເພື່ອຈະຖວາຍເຄື່ອງບູຊາພິເສດປີລະເທື່ອ.</li><li>ອິດສະຣາເອນໄດ້ມີປະໂຣຫິດຫລາຍຄົນ, ແຕ່ມີມະຫາປະໂຣຫິດພຽງຄົນດຽວໃນຊ່ວງເວລາໜຶ່ງ.</li><li>ເມື່ອພຣະເຢຊູຊົງຖືກຈັບ, ກາຍາຟາເປັນມະຫາປະໂລຫິດຢ່າງເປັນທາງການ. ພໍ່ເຖົ້າຂອງກາຍາຟາ ອັນນາດຖືກກ່າວເຖິງໃນບາງຄັ້ງເພາະເຂົາເຄີຍເປັນມະຫາປະໂຣຫິດທີ່ຍັງມີອໍານາດ ແລະອຳນາດສິດທິຂາດເໜືອຜູ້ຄົນ.</li></ul><h3 id="section-2">ຄຳແນະນຳໃນການແປ</h3><ul><li>"ມະຫາປະໂຣຫິດ" ສາມາດແປໄດ້ວ່າ "ປະໂຣຫິດສູງສຸດ" ຫລື "ປະໂຣຫິດທີ່ມີຕຳແໜ່ງສູງສຸດ."</li><li>ໃຫ້ແນ່ໃຈວ່າຄຳນີ້ໃຊ້ຄຳແປຕ່າງຈາກຄຳວ່າ "ຫົວໜ້າປະໂຣຫິດ."</li></ul>  
hilkiah	<h2 id="section">@ຮິນກີຢາ</h2><h3 id="section-1">ຂໍ້ເທັດຈິງ</h3><p>ຮິນກີຢາເປັນຊື່ຂອງມະຫາປະໂລຫິດໃນລັດຊະສະໄໝຂອງກະສັດໂຢສີຢາ.</p><ul><li>ເມື່ອມີການສ້ອມແຊມວິຫານ, ມະຫາປະໂລຫິດຮິນກີຢາໄດ້ພົບໜັງສືທຳບັນຍັດແລະສັ່ງໃຫ້ນຳໄປໃຫ້ກະສັດໂຢສີຢາ.</li><li>ຫຼັງຈາກໄດ້ມີການອ່ານໜັງສືທຳບັນຍັດໃຫ້ທ່ານຟັງ, ໂຢສີຢາຮູ້ສຶກໂສກເສົ້າ ແລະເລີ່ມຕົ້ນໃຫ້ຜູ້ຄົນໃນຢູດາມານະມັດການພະເຈົ້າຢາເວອີກຄັ້ງແລະເຊື່ອຟັງທຳບັນຍັດຂອງພຣະອົງ.</li><li>ຜູ້ຊາຍອີກຄົນໜຶ່ງທີ່ຊື່ຮິນກີຢາເປັນລູກຂອງເອລີອາກິມແລະເຮັດວຽກໃນພຣະລາດຊະວັັງໃນສະໄໝຂອງກະສັດເຮເຊກີຢາ.</li></ul>  
hittite	<h2 id="section">@ຮິດຕີ</h2><h3 id="section-1">ຂໍ້ເທັດຈິງ</h3><p>ຮິດຕີເປັນຜູ້ສືບເຊື້ອສາຍຂອງຮາມຜ່ານທາງລູກຊາຍຂອງການາອານ. ພວກເຂົາໄດ້ກາຍມາເປັນອານາຈັກໃຫຍ່ຕັ້ງຢູ່ໃນສະຖານທີ່ທີ່ປະຈຸບັນຄືຕູລາກີແລະປາເເລັດສະຕາຍເໜືອ.</p><ul><li>ອັບຣາຮາມໄດ້ຊື້ທີ່ດິນຈາກເອຟະໂຣນຄົນຮິດຕີ  ດັ່ງນັ້ນເຂົາຈຶ່ງໄດ້ຝັງສົບຊາຣາເມຍຂອງເຂົາທີ່ເສຍຊີວິດໄປໃນຖ້ຳບ່ອນນັ້ນ ໃນທີ່ສຸດອັບຣາຮາມແລະເຊື້ອສາຍຂອງເຂົາຫລາຍຄົນໄດ້ຖືກຝັງໄວ້ໃນຖ້ຳນັ້ນເຊັ່ນກັນ.</li><li>ພໍ່ແມ່ຂອງເອຊາວເສົ້າໂສກເມື່ອທ່ານແຕ່ງງານກັບຍິງຊາວຄົນຮິດຕີສອງຄົນ.</li><li>ໜຶ່ງໃນບັນດາຄົນເກັ່ງກ້າຂອງດາວິດຄົນໜຶ່ງມີຊື່ວ່າອູຣິຢາຄົນຮິດຕີ.</li><li>ຊາວຕ່າງດ້າວສ່ວນໜຶ່ງທີ່ເປັນນາງສະໜົມຂອງຊາໂລໂມນເປັນຄົນຮິດຕີ. ຊາວເຫລົ່ານີ້ໄດ້ເຮັດໃຫ້ໃຈຂອງຊາໂລໂມນອອກຫ່າງຈາກພຣະເຈົ້າເພາະພະທຽມເທັດທີ່ພວກນາງໄດ້ນະມັດການ.</li><li>ພວກຮິດຕີມັກຈະຮຸກຮານພວກຄົນອິດສະຣາເອນຫລາຍຄັ້ງ, ທາງດ້ານຮ່າງກາຍແລະຈິດວິນຍານ.</li></ul>  
hivite	<h2 id="section">@ຮີວີ</h2><h3 id="section-1">ຂໍ້ເທັດຈິງ</h3><p>ຄົນຮີີເປັນໜຶ່ງໃນກຸ່ມຄົນໃຫຍ່ເຈັດກຸ່ມທີ່ອາໄສຢູ່ໃນແຜ່ນດິນການາອານເມື່ອໂຢຊວຍໄດ້ນຳຄົນອິດສະຣາເອນມາຄອບຄອງແຜ່ນດິນນັ້ນ.</p><ul><li>ເໝືອນກັບຄົນທັງໝົດໃນກຸ່ມນີ້, ຄົນຮີວີສືບເຊື້ອສາຍມາຈາກການາອານ, ຜູ້ຊຶ່ງເປັນຫລານຊາຍຂອງໂນອາ.</li><li>ຊີເຄມ ຄົນຮີວີໄດ້ຂົ່ມຂືນດິນາລູກສາວຂອງຢາໂຄບ, ແລະອ້າຍຂອງນາງໄດ້ຂ້າຄົນຮີວີຫລາຍຄົນເປັນການແກ້ແຄ້ນ.</li><li>ເມື່ອໂຢຊວຍໄດ້ນຳຄົນອິດສະຣາເອນມາຄອບຄອງແຜ່ນດິນການາອານ, ພວກອິດສະຣາເອນໄດ້ໃຊ້ເລ້ຫລ່ຽມເຮັດສັນຍາກັບຄົນຮີວີແທນທີ່ຈະປາບເອົາຊະນະພວກເຂົາ.</li></ul>  
holy city	<h2 id="section">@ນະຄອນບໍລິສຸດ</h2><h3 id="section-1">ນິຍາມ</h3><p>ໃນພຣະຄຳພີ, "ນະຄອນບໍລິສຸດ" ອ້າງເຖິງນະຄອນເຢຣູຊາເລັມ.</p><ul><li>ຄຳນີ້ຖືກໃຊ້ເພື່ອອ້າງເຖິງນະຄອນບູຮານແຫ່ງເຢຣູຊາເລັມເຊັ່ນດຽວກັບເຢຣູຊາເລັມໃໝ່, ຈາກສະຫວັນທີ່ພຣະເຈົ້າຈະປະທັບແລະຊົງປົກຄອງທ່າມກາງຄົນຂອງພຣະອົງ.</li><li>ຄຳນີ້ສາມາດແປໂດຍເຊື່ອມຄຳວ່າ "ບໍລິສຸດ" ແລະ "ເມືອງ" ທີ່ຖືກໃຊ້ໃນການແປສ່ວນອື່ນໆ ຂອງການແປ.</li></ul>  
holy	<h2 id="section">@ບໍລິສຸດ, @ຄວາມບໍລິສຸດ</h2><h3 id="section-1">ນິຍາມ</h3><p>ຄຳວ່າ "ບໍລິສຸດ" ແລະ "ຄວາມບໍລິສຸດ" ອ້າງເຖິງພຣະລັກສະນະຂອງພຣະເຈົ້າທີ່ແຍກອອກມາໂດຍສິ້ນເຊີງແລະແຍກຈາກທຸກສິ່ງທີ່ເປັນຄວາມບາບແລະບໍ່ສົມບູນແບບ.</p><ul><li>ພຣະເຈົ້າເທົ່ານັ້ນທີ່ຊົງບໍລິສຸດໂດຍສິ້ນເຊີງ. ພຣະອົງຊົງກະທຳໃຫ້ຄົນແລະສິ່ງຕ່າງໆ ບໍລິສຸດ.</li><li>ບຸກຄົນທີ່ບໍລິສຸດເປັນຂອງພຣະເຈົ້າແລະໄດ້ຮັບການແຍກໄວ້ເພື່ອເປົ້າໝາຍໃນການຮັບໃຊ້ພຣະເຈົ້າແລະນຳພຣະສິຣິມາສູ່ພຣະອົງ.</li><li>ສິ່ງທີ່ພຣະເຈົ້າໄດ້ຊົງປະກາດໃຫ້ບໍລິສຸດຄືສິ່ງທີ່ພຣະອົງໄດ້ຊົງແຍກໄວ້ເພື່ອພຣະສິຣິຂອງພຣະອົງແລະໃຫ້ພຣະອົງໃຊ້ໄດ້, ເຊັ່ນແທ່ນບູຊາທີ່ມີໄວ້ເພື່ອຖວາຍເຄື່ອງບູຊາແດ່ພຣະອົງ.</li><li>ເນື່ອງຈາກພຣະເຈົ້າຊົງບໍລິສຸດ, ຄົນບໍ່ສາມາດເຂົ້າໃກ້ພຣະອົງໄດ້ເວັ້ນເສຍແຕ່ວ່າພຣະອົງຊົງອະນຸຍາດໃຫ້ທ່ານເຂົ້າໃກ້ໄດ້, ເພາະພວກທ່ານເປັນພຽງມະນຸດ, ມີຄວາມບາບແລະບໍ່ສົມບູນແບບ.</li><li>ໃນພັນທະສັນຍາເດີມ, ພຣະເຈົ້າຊົງແຍກປະໂລຫິດໄວ້ໃຫ້ບໍລິສຸດເພື່ອຮັບໃຊ້ພຣະອົງເປັນການພິເສດ. ພວກເຂົາຕ້ອງຜ່ານພິທີການຊຳລະໃຫ້ສະອາດຈາກຄວາມບາບເພື່ອທີ່ຈະເຂົ້າໃກ້ພຣະເຈົ້າ.</li><li>ພຣະເຈົ້າຍັງຊົງແຍກສະຖານທີ່ບາງແຫ່ງແລະສິ່ງຂອງບາງຢ່າງທີ່ເປັນຂອງພຣະອົງ ຫລືເປັນທີ່ທີ່ພຣະອົງຊົງສຳແດງພຣະອົງ,  ເຊັ່ນພຣະວິຫານຂອງພຣະອົງ.</li></ul><h3 id="section-2">ຄຳແນະນຳໃນການແປ</h3><ul><li>ວິທີການທີ່ຈະແປ "ບໍລິສຸດ" ອາດລວມເຖິງ, "ແຍກໄວ້ສຳລັບພຣະເຈົ້າ" ຫລື "ເປັນຂອງພຣະເຈົ້າ" ຫລື "ບໍລິສຸດຢ່າງສິ້ນເຊີງ" ຫລື "ປະສະຈາກຄວາມບາບໂດຍສົມບູນ" ຫລື "ແຍກຈາກຄວາມບາບ."</li><li>ການ "ເຮັດໃຫ້ບໍລິສຸດ" ມັກຈະໄດ້ຮັບການແປວ່າ "ຊຳລະໃຫ້ບໍລິສຸດ" ໃນພາສາອັງກິດ. ແລະອາດຈະແປໄດ້ວ່າ "ແຍກໄວ້"</li></ul>  
holy one	<h2 id="section">@ອົງບໍລິສຸດ</h2><h3 id="section-1">ນິຍາມ</h3><p>ຄຳວ່າ "ອົງບໍລິສຸດ" ເປັນຕຳແໜ່ງໃນພຣະຄຳພີທີ່ເກືອບຈະອ້າງເຖິງພຣະເຈົ້າສະເໝີ.</p><ul><li>ໃນພັນທະສັນຍາເດີມ, ຕຳແໜ່ງນີ້ມັກຈະປາກົດໃນວະລີ "ອົງບໍລິສຸດຂອງອິດສະຣາເອນ."</li><li>ໃນພັນທະສັນຍາໃໝ່, ພຣະເຢຊູໄດ້ຮັບການອ້າງເຖິງວ່າເປັນ "ອົງບໍລິສຸດ." ເຊັ່ນກັນ</li><li>ຄຳວ່າ "ອົງບໍລິສຸດ" ບາງເທື່ອໃຊ້ໃນພຣະຄຳພີເພື່ອອ້າງເຖິງທູດສະຫວັນ.</li></ul><h3 id="section-2">ຄຳແນະນຳໃນການແປ</h3><ul><li>ຄຳແປກົງຕາມຕົວຄື, "ຜູ້ບໍລິສຸດ"</li></ul>  
holy place	<h2 id="section">@ວິສຸທິສະຖານ, @ອະພິສຸທິສະຖານ</h2><h3 id="section-1">ນິຍາມ</h3><p>ໃນພຣະຄຳພີ, ຄໍາວ່າ "ວິສຸທິສະຖານ" ແລະ "ອະພິສຸທິສະຖານ" ອ້າງເຖິງຫ້ອງສອງຫ້ອງໃນຫໍເຕັນຫລືອາຄານພຣະວິຫານ.</p><ul><li>"ວິສຸທິສະຖານ" ເປັນຫ້ອງທຳອິດແລະປະກອບດ້ວຍແທ່ນບູຊາສຳລັບເຄື່ອງຫອມແລະໂຕະທີ່ມີ "ຂະໜົມປັງສັກສິດ" ວາງຢູ່.</li><li>"ອະພິສຸທິສະຖານ" ເປັນຫ້ອງທີ່ສອງ, ທີ່ຢູ່ໃນສຸດແລະມີຫີບພັນທະສັນຍາຕັ້ງຢູ່.</li><li>ຜ້າມ່ານ, ທີ່ໜາແລະໜັກຈະແຍກຫ້ອງທີ່ຢູ່ທາງດ້ານນອກອອກຈາກຫ້ອງທີ່ຢູ່ທາງດ້ານໃນ.</li><li>ມະຫາປະໂລຫິດເປັນພຽງຄົນດຽວທີ່ໄດ້ຮັບອະນຸຍາດໃຫ້ເຂົ້າໄປໃນອະພິສຸທິສະຖານ.</li><li>ບາງເທື່ອ "ວິສຸທິສະຖານ" ອ້າງເຖິງອາຄານທັງສອງແຫ່ງແລະບໍລິເວນອ້ອມຮອບຂອງພຣະວິຫານຫລືຫໍເຕັນ  ແລະຍັງສາມາດອ້າງເຖິງສະຖານທີ່ໃດກໍໄດ້ທີ່ແຍກໄວ້ສຳລັບພຣະເຈົ້າ.</li></ul><h3 id="section-2">ຄຳແນະນຳໃນການແປ</h3><ul><li>ຄຳວ່າ "ວິສຸທິສະຖານ" ສາມາດແປວ່າ, "ຫ້ອງທີ່ແຍກໄວ້ສຳລັບພຣະເຈົ້າ" ຫລື "ຫ້ອງພິເສດສຳລັບການພົບກັບພຣະເຈົ້າ" ຫລື "ສະຖານທີ່ສະຫງວນໄວ້ສຳລັບພຣະເຈົ້າ."</li><li>ຄຳວ່າ, "ອະພິສຸທິສະຖານ" ສາມາດແປວ່າ, "ຫ້ອງທີ່ແຍກໄວ້ສຳລັບພຣະເຈົ້າໂດຍສະເພາະ" ຫລື "ຫ້ອງທີ່ພິເສດທີ່ສຸດສຳລັບການພົບພຣະເຈົ້າ."</li><li>ຂຶ້ນກັບບໍລິບົດ, ວິທີທີ່ຈະແປຄຳກ່າວໂດຍທົ່ວໄປ  "ວິສຸທິສະຖານ" ສາມາດລວມ  "ສະຖານທີ່ສັກສິດ" ຫລື "ສະຖານທີ່ທີ່ພຣະເຈົ້າຊົງແຍກໄວ້ " ຫລື "ສະຖານທີ່ໃນບໍລິເວນພຣະວິຫານ, " ບ່ອນສັກສິດ" ຫລື "ລານແຫ່ງພຣະວິຫານຂອງພຣະເຈົ້າອົງບໍລິສຸດ."</li></ul>  
holy spirit	<h2 id="section">@ພຣະວິນຍານບໍລິສຸດ, @ພຣະວິນຍານຂອງພຣະເຈົ້າ, @ພຣະວິນຍານຂອງອົງພຣະຜູ້ເປັນເຈົ້າ</h2><h3 id="section-1">ນິຍາມ</h3><p>ຄຳເຫລົ່ານີ້ລ້ວນໝາຍເຖິງພຣະວິນນຍານບໍລິສຸດ, ຜູ້ຊຶ່ງເປັນພຣະເຈົ້າ. ພຣະເຈົ້າທ່ຽງແທ້ພຽງອົງດຽວຊົງເປັນຢູ່ຕະຫລອດການໃນຖານະພຣະບິດາ, ພຣະບຸດ, ແລະພຣະວິນຍານບໍລິສຸດ.</p><ul><li>ພຣະວິນຍານບໍລິສຸດຍັງມີການອ້າງເຖິງວ່າເປັນ, "ພຣະວິນຍານ" ແລະ "ພຣະວິນຍານແຫ່ງພຣະຢາເວ" ແລະ "ພຣະວິນຍານແຫ່ງຄວາມຈິງ."</li><li>ເພາະພຣະວິນຍານບໍລິສຸດຄືພຣະເຈົ້າ, ພຣະອົງຈຶ່ງຊົງບໍລິສຸດຢ່າງແທ້ຈິງ, ປະສະຈາກມົນທິນທັງໝົດ, ແລະສົມບູນແບບໃນທາງສິນລະທຳໃນພຣະລັກສະນະໂດຍທຳມະຊາດທັງໝົດຂອງພຣະອົງແລະທຸກສິ່ງທີ່ພຣະອົງຊົງກະທຳ.</li><li>ຮ່ວມກັບພຣະບິດາ ແລະພຣະບຸດ, ພຣະວິນຍານບໍລິສຸດຊົງເນລະມິດສ້າງໂລກ.</li><li>ເມື່ອພຣະບຸດຂອງພຣະເຈົ້າ, ພຣະເຢຊູສະເດັດກັບສູ່ສະຫວັນ, ພຣະເຈົ້າຊົງສົ່ງພຣະວິນຍານບໍລິສຸດມາຍັງຄົນຂອງພຣະອົງເພື່ອຈະນຳພວກເຂົາ, ສອນພວກເຂົາ, ປອບໂຢນພວກເຂົາ, ແລະຊ່ວຍໃຫ້ພວກເຂົາເຮັດຕາມນ້ຳພຣະໄທຂອງພຣະເຈົ້າໄດ້.</li><li>ພຣະວິນຍານບໍລິສຸດຊົງນຳພຣະເຢຊູແລະພຣະອົງຊົງນຳຄົນເຫລົ່ານັ້ນທີ່ເຊື່ອໃນພຣະເຢຊູ.</li></ul><h3 id="section-2">ຄຳແນະນຳໃນການແປ</h3><ul><li>ຄຳນີ້ສາມາດແປໄດ້ງ່າຍໆ ດ້ວຍຄຳທີ່ໃຊ້ໃນການແປ "ບໍລິສຸດ" ແລະ "ພຣະວິນຍານ."</li><li>ວິທີການທີ່ຈະແປຄຳນີ້ອາດລວມເຖິງ, "ພຣະວິນຍານບໍລິສຸດ" ຫລື "ພຣະວິນຍານທີ່ຊົງບໍລິສຸດ" ຫລື "ພຣະເຈົ້າພຣະວິນຍານ."</li></ul>  
honey	<h2 id="section">@ນ້ຳເຜິ້ງ, @ຮັງເຜິ້ງ</h2><h3 id="section-1">ນິຍາມ</h3><p>ນ້ຳເຜິ້ງຄືສານທີ່ຫວານ, ໜຽວ, ຮັບປະທານໄດ້ ເຜິ້ງສ້າງຂຶ້ນຈາກນ້ຳຫວານຂອງເກສອນດອກໄມ້.  ຮັງເຜິ້ງຄືດາງຂີ້ເຜິ້ງທີ່ເຜິ້ງເກັບນ້ຳເຜິ້ງໄວ້.</p><ul><li>ຂຶ້ນຢູ່ກັບພັນ, ນໍ້າເຜິ້ງສາມາດຈະມີສີເຫລືອງຫລືສີນ້ຳຕານ.</li><li>ນໍ້າເຜິ້ງສາມາດຈະໄດ້ພົບໃນປ່າ, ເຊັ່ນ ໃນພຸ່ມຂອງຕົ້ນໄມ້, ຫລືທີ່ໃດກໍໄດ້ທີ່ເຜິ້ງເຮັດຮັງ ຄົນລ້ຽງເຜິ້ງໄວ້ໃນຮັງເຜິ້ງເພື່ອທີ່ຈະຜະລິດນ້ຳເຜິ້ງໄວ້ກິນຫລືຂາຍ,  ບາງທີນ້ຳເຜິ້ງທີ່ຖືກກ່າວເຖິງໃນພຣະຄຳພີອາດຈະເປັນນ້ຳເຜິ້ງປ່າ.</li><li>ມີຜູ້ຊາຍສາມຄົນໃນພຣະຄຳພີທີ່ຖືກກ່າວເຖິງເປັນພິເສດວ່າໄດ້ກິນນ້ຳເຜິ້ງປ່າ ໄດ້ແກ່ ໂຢນາທານ, ແຊມຊັນ, ແລະໂຢຮັນຜູ້ໃຫ້ບັບຕິສະມາ.</li><li>ຄຳນີ້ຖືກໃຊ້ໃນເຊີງອຸປະມາອຸປະໄມເພື່ອອະທິບາຍເຖິງບາງສິ່ງທີ່ຫວານຫລືໜ້າເພິ່ງພໍໃຈຫລາຍ ຍົກຕົວຢ່າງ ເຊັ່ນ, ພຣະຄຳຂອງພຣະເຈົ້າແລະຄຳປະກາດຂອງພຣະອົງນັ້ນ "ຫວານເໝືອນນ້ຳເຜິ້ງ" (ເບິ່ງເພີ່ມເຕີມ:  <a href="https://read.bibleineverylanguage.org/WA-Catalog/lo_tm?section=translate#figs-simile" target="_blank" data-is-rc-link="" data-repo="lo_tm" data-user="WA-Catalog" data-page="translate" data-topic="figs-simile" data-type="tm">figs-simile</a>, <a href="https://read.bibleineverylanguage.org/WA-Catalog/lo_tm?section=translate#figs-metaphor" target="_blank" data-is-rc-link="" data-repo="lo_tm" data-user="WA-Catalog" data-page="translate" data-topic="figs-metaphor" data-type="tm">figs-metaphor</a>)</li><li>ບາງເທື່ອຄຳຂອງບຸກຄົນໄດ້ບັນລະຍາຍວ່າຫວານປານນ້ຳເຜິ້ງ, ແຕ່ເປັນການຫລອກລວງແລະເປັນໄພຕໍ່ຄົນອື່ນ.</li></ul>  
honor	<h2 id="section">@ກຽດ, @ໃຫ້ກຽດ</h2><h3 id="section-1">ນິຍາມ</h3><p>ຄຳວ່າ "ກຽດ" ແລະ "ໃຫ້ກຽດ" ອ້າງເຖິງບາງຄົນເຄົາລົບ, ນັບຖື ຍົກຍ້ອງ, ຫລືການຄາລະວະ.</p><ul><li>ກຽດຕິຍົດປົກກະຕິຈະໃຫ້ແກ່ບາງຄົນຜູ້ທີ່ຢູ່ໃນຖານະທີ່ສູງກວ່າແລະມີຄວາມສຳຄັນ, ຢ່າງເຊັ່ນກະສັດຫລືພຣະເຈົ້າ.</li><li>ພຣະເຈົ້າຊົງສອນໃຫ້ຄຣິດສະຕຽນໃຫ້ກຽດຜູ້ອື່ນ, ແຕ່ບໍ່ໃຫ້ສະແຫວງຫາກຽດສຳລັບຕົນເອງ.</li><li>ເດັກນ້ອຍ ຖືກສອນໃຫ້ກຽດພໍ່ແມ່ຂອງພວກເຂົາ ຊຶ່ງລວມເຖິງຄວາມເຄົາລົບແລະການເຊື່ອຟັງ.</li></ul><p>ຄຳວ່າ "ກຽດ" ແລະ "ສິຣິ" ມັກຈະຖືກໃຊ້ນຳກັນ, ໂດຍສະເພາະເມື່ອກ່າວເຖິງພຣະເຢຊູ .ນີ້ອາດຈະເປັນວິທີການສອງຢ່າງທີ່ແຕກຕ່າງກັນໃນການກ່າວເຖິງສິ່ງດຽວກັນ.</p><ul><li>ກຽດທີ່ໃຫ້ແດ່ພຣະເຈົ້າລວມເຖິງການຂອບຄຸນ ແລະສັນລະເສີນພຣະອົງ, ແລະສະແດງຄວາມເຄົາລົບຕໍ່ພຣະອົງໂດຍການເຊື່ອຟັງພຣະອົງ ແລະໃຊ້ຊີວິດໃນທາງທີ່ສະແດງໃຫ້ເຫັນວ່າພຣະອົງຊົງຍິ່ງໃຫຍ່ພຽງໃດ.</li></ul><h3 id="section-2">ຄຳແນະນຳໃນການແປ</h3><ul><li>ວິທີອື່ນທີ່ຈະແປ "ກຽດ" ລວມເຖິງ, "ເຄົາລົບ" ຫລື "ການຍົກຍ້ອງ" ຫລື "ນັບຖືຢ່າງສູງ."</li><li>ຄຳວ່າ "ໃຫ້ກຽດ" ສາມາດແປວ່າ "ສະແດງຄວາມເຄົາລົບພິເສດແກ່" ຫລື "ເຮັດໃຫ້ໄດ້ຮັບການສັນເລະເສີນ" ຫລື "ສະແດງຄວາມນັບຖືຢ່າງສູງສຳລັບ" ຫລື "ໃຫ້ຄວາມສຳຄັນຢ່າງສູງ."</li></ul>  
hooves	<h2 id="section">@ກີບຕີນສັດ, @ມີກີບຕີນ, @ຫລາຍກີບ</h2><h3 id="section-1">ນິຍາມ</h3><p>ຄຳນີ້ອ້າງເຖິງວັດສະດຸແຂງທີ່ຄອບຝາຕີນສ່ວນລຸ່ມຂອງສັດບາງຊະນິດເຊັ່ນ ອູດ, ງົວຄວາຍ, ກວາງ,  ມ້າ, ລາ ,ໝູ , ງົວ, ແກະ ແລະແບ້.</p><ul><li>ກີບຕີນສັດຊ່ວຍປ້ອງກັນຕີນເມື່ອເວລາຍ່າງ.</li><li>ສັດບາງຊະນິດມີກີບຕີນແຍກເປັນສອງກີບແລະສັດຊະນິດອື່ນມີກີບຕີນດຽວ.</li><li>ພຣະເຈົ້າໄດ້ກ່າວກັບຊາວອິດສະຣາເອນວ່າສັດທີ່ມີສອງກີບແລະສັດຄ້ຽວເອື້ອງຈະຖືວ່າເປັນສັດທີ່ສະອາດໃນການຮັບປະທານ. ສິ່ງນີ້ລວມເຖິງງົວຄວາຍ, ແກະ, ກວາງ, ແລະ ງົວ.</li></ul>  
hope	<h2 id="section">@ຄວາມຫວັງ</h2><h3 id="section-1">ນິຍາມ</h3><p>ຄຳວ່າ "ຄວາມຫວັງ" ອ້າງເຖິງການຄາດຫວັງແລະຄວາມປາດຖະໜາຢ່າງແຮງໃຫ້ບາງສິ່ງເກີດຂຶ້ນ.  ແລະຍັງສາມາດແປວ່າ ບໍ່ແນ່ນອນວ່າສິ່ງນັ້ນຈະເກີດຂຶ້ນ.</p><ul><li>ໃນພຣະຄຳພີ, ຄຳວ່າ "ຄວາມຫວັງ" ມີຄວາມໝາຍວ່າ "ເຊື່ອໝັ້້ນໃນ," ຢ່າງເຊັ່ນ "ຄວາມຫວັງຂອງຂ້າພຣະເຈົ້າຢູ່ໃນອົງພຣະຜູ້ເປັນເຈົ້າ." ນີ້ອ້າງເຖິງການຄາດຫວັງຢ່າງແນ່ນອນວ່າຈະໄດ້ຮັບສິ່ງທີ່ພຣະເຈົ້າຊົງສັນຍາໄວ້ກັບປະຊາກອນຂອງພຣະອົງ.</li><li>ບາງເທື່ອ ULB ໄດ້ແປຄຳວ່າ "ຄວາມຫວັງ" ເປັນ  "ຄວາມໝັ້ນໃຈ," ສະເພາະຢ່າງຍິ່ງໃນພັນທະສັນຍາໃໝ່ ໃນບໍລິບົດທີ່ອ້າງເຖິງຄວາມໝັ້ນໃຈທີ່ຈະໄດ້ຮັບສິ່ງທີ່ພຣະເຈົ້າໄດ້ຊົງສັນຍາໄວ້ກັບປະຊາຊົນຜູ້ທີ່ເຊື່ອໃນພຣະເຢຊູເປັນພຣະຜູ້ຊ່ວຍໃຫ້ລອດພົ້ນ.</li><li>ການ "ບໍ່ມີຄວາມຫວັງ" ໝາຍເຖິງການບໍ່ມີຄວາມຄາດຫວັງວ່າສິ່ງທີ່ດີຈະເກີດຂຶ້ນ. ນີ້ໝາຍຄວາມວ່າມັນເປັນເລື່ອງຈິງແນ່ນອນທີ່ມັນຈະບໍ່ເກີດຂຶ້ນ.</li></ul><h3 id="section-2">ຄຳແນະນຳໃນການແປ</h3><ul><li>ໃນບາງບໍລິບົດ, ຄຳວ່າ "ຫວັງ" ສາມາດແປໄດ້ວ່າ "ປາຖະໜາ" ຫລື "ຕ້ອງການ" ຫລື "ຄາດຫວັງ."</li><li>ຄຳກ່າວ, "ບໍ່ມີຫຍັງໃຫ້ຫວັງ" ສາມາດແປໄດ້ວ່າ "ບໍ່ມີຫຍັງໃຫ້ເຊື່ອ" ຫລື "ບໍ່ມີຄວາມຄາດຫວັງໃນສິ່ງທີ່ດີຫຍັງເລີຍ"</li><li>ການ "ບໍ່ມີຄວາມຫວັງ" ສາມາດແປໄດ້ວ່າ, "ບໍ່ມີຄວາມຄາດຫວັງໃນສິ່ງທີ່ດີຫຍັງເລີຍ" ຫລື "ບໍ່ມີຫລັກປະກັນ" ຫລື "ໝັ້ນໃຈວ່າຈະບໍ່ມີຫຍັງດີເກີດຂຶ້ນ."</li><li>ຄຳກ່າວ, "ຈົ່ງຕັ້ງຄວາມຫວັງຂອງທ່ານໃນ " ສາມາດແປວ່າ " ໄດ້ວາງຄວາມໝັ້ນໃຈຂອງທ່ານໃນ" ຫລື "ໄດ້ເຊື່ອໝັ້ນໃນ."</li><li>ວະລີ "ຂ້າພະເຈົ້າພົບຄວາມຫວັງໃນພະຄຳຂອງພຣະອົງ" ສາມາດແປວ່າ, "ຂ້າພະເຈົ້າໝັ້ນໃຈວ່າພຣະຄຳຂອງພຣະອົງເປັນຄວາມຈິງ" ຫລື "ພຣະຄຳຂອງພຣະອົງຊ່ວຍຂ້າພະເຈົ້າໃຫ້ເຊື່ອໝັ້ນໃຈໃນພຣະອົງ" ຫລື "ເມື່ອຂ້າພະເຈົ້າເຊື່ອຟັງພຣະຄຳຂອງພຣະອົງ ຂ້າພະເຈົ້າແນ່ໃຈວ່າຈະໄດ້ຮັບພຣະພອນ."</li><li>ຄຳວະລີຕ່າງໆ, ເຊັ່ນ "ຫວັງໃນ" ພຣະເຈົ້າ ສາມາດແປວ່າ, "ເຊື່ອໝັ້ນໃນພຣະເຈົ້າ" ຫລື "ຮູ້ແນ່ນອນວ່າພຣະເຈົ້າຈະກະທຳສິ່ງທີ່ພຣະອົງໄດ້ຊົງສັນຍາໄວ້" ຫລື "ແນ່ໃຈວ່າພຣະເຈົ້າຊົງສັດຊື່."</li></ul>  
horeb	<h2 id="section">@ໂຮເຣັບ</h2><h3 id="section-1">ຂໍ້ເທັດຈິງ</h3><p>ພູເຂົາໂຮເຣັບເປັນອີກຊື່ໜຶ່ງຂອງພູເຂົາຊີນາຍ ທີ່ພຣະເຈົ້າໄດ້ປະທານແຜ່ນຫີນຈາລຶກພຣະບັນຍັດສິບປະການໃຫ້ແກ່ໂມເຊ.</p><ul><li>ພູເຂົາໂຮເຣັບໄດ້ຊື່ວ່າ "ພູເຂົາຂອງພຣະເຈົ້າ."</li><li>ໂຮເຣັບເປັນສະຖານທີ່ທີ່ໂມເຊໄດ້ເບິ່ງເຫັນພຸ່ມໄມ້ທີ່ໄຟລຸກຢູ່ເມື່ອທ່ານກຳລັງລ້ຽງດູຝູງແກະ.</li><li>ພູເຂົາໂຮເຣັບເປັນສະຖານທີ່ພຣະເຈົ້າໄດ້ເປີດເຜີຍພັນທະສັນຍາແກ່ຄົນອິດສະຣາເອນໂດຍໃຫ້ພວກເຂົາໄດ້ຮັບແຜ່ນຫີນທີ່ມີພຣະບັນຍັດຂອງພຣະອົງຂຽນເທິງແຜ່ນຫີນເຫລົ່ານັ້ນ.</li><li>ນິ້ເປັນສະຖານທີ່ທີ່ພຣະເຈົ້າຕໍ່ມາໄດ້ກ່າວກັບໂມເຊໃຫ້ຕີຫີນເພື່ອຈັດຫານ້ຳໃຫ້ກັບຄົນອິດສະຣາເອນທີ່ກະຫາຍນ້ຳຂະນະທີ່ເຂົາກຳລັງເດີນທາງຢູ່ໃນທະເລຊາຍ.</li><li>ສະຖານທີ່ແນ່ນອນຂອງພູເຂົານີ້ບໍ່ເປັນທີ່ຮູ້ກັນ, ແຕ່ອາດຈະຢູ່ທາງຕອນໃຕ້ຂອງຄາບທະເລຊີນາຍ.</li><li>ເປັນໄປໄດ້ວ່າ "ໂຮເຣັບ" ເປັນຊື່ທີ່ແທ້ຈິງຂອງພູເຂົາແລະ "ພູເຂົາຊີນາຍ" ຫລື "ພູເຂົາແຫ່ງຊີນາຍ," ອ້າງເຖິງຂໍ້ເທັດຈິງວ່າພູເຂົາໂຮເຣັບຕັ້ງທີ່ຢູ່ໃນທະເລຊາຍຊີນາຍ.</li></ul>  
horn	<h2 id="section">@ເຂົາສັດ</h2><h3 id="section-1">ນິຍາມ</h3><p>ເຂົາສັດຄືສິ່ງຖາວອນ, ແຂງ, ທີ່ງອກອອກມາມີລັກສະນະແຫລມ ເທິງຫົວຂອງສັດຕ່າງໆ, ເຊັ່ນ ແບ້, ແກະ. ແລະກວາງ.</p><ul><li>ເຂົາຂອງແກະ (ຕົວຜູ້) ຈະຖືກໃຊ້ເປັນເຄື່ອງດົນຕີເອີ້ນວ່າ "ແກເຂົາແກະ" ຫລື "ໂຊຟາ," ທີ່ຈະຖືກເປົ່າໃນງານພິເສດເຊັ່ນ ເທດການທາງສາດສະໜາ.</li><li>ພຣະເຈົ້າກ່າວກັບຄົນອິດສະຣາເອນໃຫ້ສ້າງເຊີງງອນ (ແຈແທ່ນບູຊາ)ຮູບຮ່າງເໝືອນເຂົາສັດທັງສີ່ມຸມຂອງແທ່ນບູຊາເຄື່ອງຫອມແລະທອງສຳລິດ. ເຖິງແມ່ນວ່າເຊີງງອນ(ແຈແທ່ນບູຊາ)ເຫລົ່ານີ້ຈະຖືກເອີ້ນວ່າ "ເຂົາສັດ," ແຕ່ກໍບໍ່ແມ່ນເຂົາຂອງສັດຢ່າງແທ້ຈິງ.</li><li>ບາງເທື່ອຄຳວ່າ "ເຂົາສັດ" ຖືກໃຊ້ໝາຍເຖິງ "ກະບອກນ້ຳ" ທີ່ຮູບຮ່າງເໝືອນເຂົາສັດແລະໃຊ້ໃນການເກັບນ້ຳຫລືນ້ຳມັນ. ຂວດນ້ຳມັນຖືກໃຊ້ໃນການເຈີມກະສັດ, ດັ່ງທີ່ຊາມູເອນກະທຳກັບດາວິດ.</li><li>ຄຳນີ້ຄວນແປດ້ວຍຄຳທີ່ແຕກຕ່າງຈາກຄຳທີ່ອ້າງເຖິງແກ.</li><li>ຄຳວ່າ "ເຂົາສັດ" ນີ້ໃຊ້ໃນເຊີງອຸປະມາອຸປະໄມເປັນສັນຍະລັກຂອງຄວາມເຂັ້ມແຂງ, ພະລັງ, ອໍານາດສິດຂາດ, ແລະຄວາມຈົງຮັກພັກດີ.</li></ul>  
horror	<h2 id="section">@ຄວາມຢ້ານກົວ, @ຢ້ານກົວ</h2><h3 id="section-1">ນິຍາມ</h3><p>ຄຳວ່າ "ຄວາມຢ້ານກົວ" ອ້າງເຖິງຄວາມຮູ້ສຶກຄຽດຢ່າງແຮງຂອງຄວາມຢ້ານແລະຢ້ານຢຳຢ່າງແຮງ. ບຸກຄົນທີ່ກຳລັງຮູ້ສຶກເຖິງຄວາມຢ້ານກົວຈະຢູ່ໃນສະພາບທີ່ເອີ້ນວ່າ "ຢ້ານກົວ."</p><ul><li>ຄວາມຢ້ານກົວຈະສະເທືອນໃຈແລະເຂັ້ມຂົ້ນຫລາຍກວ່າຄວາມຢ້ານທຳມະດາ.</li><li>ໂດຍປົກກະຕິເມື່ອບາງຄົນຢ້ານກົວ ເຂົາຈະຢູ່ໃນອາການຕົກໃຈສຸດຂີດຫລືຕົກຕະລຶງດ້ວຍ.</li></ul>  
horse	<h2 id="section">@ມ້າ</h2><h3 id="section-1">ນິຍາມ</h3><p>ມ້າຄືສັດສີ່ຂາ, ຂະໜາດໃຫຍ່ທີ່ໃນສະໄໝພຣະຄຳພີຖືກໃຊ້ໃນການເຮັດສວນແລະຂົນສົ່ງຜູ້ຄົນ.</p><ul><li>ມ້າບາງໂຕຖືກໃຊ້ໃນການລາກກວຽນຫລືລົດມ້າເສີກ, ໃນຂະນະທີ່ໂຕອື່ນໆຖືກໃຊ້ໃນການບັນທຸກຄົນຂີ່ແຕ່ລະຄົນ.</li><li>ມ້າມັກຈະມີບັງຫຽນໄວ້ເທິງຫົວຂອງພວກມັນເພື່ອຈະສາມາດຄວບຄຸມພວກມັນໄດ້.</li><li>ໃນພຣະຄຳພີ, ຈະຖືວ່າມ້າເປັນຊັບສົມບັດທີ່ມີຄ່າແລະເປັນສິ່ງທີ່ຊີ້ວັດຄວາມລ້ຳລວຍ,  ເພາະວ່າມັນຖືກໃຊ້ໃນສົງຄາມເປັນຫລັກ.  ຍົກຕົວຢ່າງເຊັ່ນ ກະສັດໂຊໂລໂມນມີມ້າຫລາຍພັນໂຕແລະລົດມ້າເສິກຈຳນວນຫລວງຫລາຍ.</li><li>ສັດທີ່ຄ້າຍກັບມ້າຄື ລາແລະລໍ.</li></ul>  
horseman	<h2 id="section">@ຄົນຂີ່ມ້າ</h2><h3 id="section-1">ນິຍາມ</h3><p>ໃນສະໄໝພຣະຄຳພີ, ຄໍາວ່າ "ຄົນຂີ່ມ້າ" ອ້າງເຖິງພວກຜູ້ຊາຍທີ່ຂີ່ມ້າໄປໃນການສູ້ຮົບ.</p><ul><li>ນັກຮົບທີ່ບັງຄັບມ້າຖືກໃຊ້ໃນການລາກລົດມ້າກໍຖືກເອີ້ນວ່າ, "ຄົນຂີ່ມ້າ," ເຖິງແມ່ນວ່າຄຳນີ້ໂດຍປົກກະຕິອ້າງເຖິງຜູ້ຊາຍທີ່ຂີ່ມ້າ.</li><li>ພວກອິດສະຣາເອນເຊື່ອວ່າການໃຊ້ມ້າໃນການສູ້ຮົບເປັນທຳນຽມປະຕິບັດຂອງຄົນນອກສາສະໜາ, ທີ່ເນັ້ນຄວາມສຳຄັນໃນເລື່ອງຂອງພະລັງອຳນາດໃນໄຊຊະນະຫລາຍກວ່າພຣະຢາເວ.</li><li>ຄຳນີ້ສາມາດແປວ່າ, "ຄົນຂີ່ມ້າ" ຫລື "ຄົນເທິງຫລັງມ້າ."</li></ul>  
hosea	<h2 id="section">@ໂຮເສອາ</h2><h3 id="section-1">ຂໍ້ເທັດຈິງ</h3><p>ໂຮເສອາເປັນຜູ້ປະກາດພຣະທຳຂອງອິດສະຣາເອນປະມານ 750 ປີກ່ອນ ຄ.ສ.</p><ul><li>ການປະຕິບັດຂອງເຂົາຄົງຢູ່ເປັນເວລາຫລາຍປີຕະຫລອດຣາຊການຂອງກະສັດຫລາຍພຣະອົງ ເຊັ່ນ ເຢໂຣໂບອາມ, ເຊກາລີຢາ,  ໂຢທາມ, ອາຮາບ, ໂຮເສອາ, ອຸດຊີຢາ, ແລະເຮເຊກີຢາ.</li><li>ພຣະເຈົ້າບອກກັບໂຮເສອາໃຫ້ແຕ່ງງານກັບຍິງໂສເພນີທີ່ຊື່ວ່າໂກເມແລະຮັກນາງຕໍ່ໄປ ເຖິງວ່ານາງຈະບໍ່ຊື່ສັດກັບເຂົາ.</li><li>ນິ້ເປັນພາບປຽບທຽບຄວາມຮັກຂອງພຣະເຈົ້າສຳລັບຄົນຂອງພຣະອົງທີ່ບໍ່ສັດຊື່ ຄືອິດສະຣາເອນ.</li><li>ໂຮເສອາໄດ້ປະກາດພຣະທຳຕໍ່ປະຊາກອນອິດສະຣາເອນໂດຍການເຕືອນພວກເຂົາ, ໃຫ້ເລີກບູຊາຮູບເຄົາລົບ.</li></ul>  
hoshea	<h2 id="section">@ໂຮເຊຢາ</h2><h3 id="section-1">ຂໍ້ເທັດຈິງ</h3><p>ໂຮເຊຢາເປັນຊື່ກະສັດຂອງອິດສະຣາເອນ ແລະເປັນຊື່ຊາຍອີກຫລາຍຄົນໃນພັນທະສັນຍາເດີມ.</p><ul><li>ໂຮເຊຢາເປັນຊື່ກະສັດຂອງອິດສະຣາເອນເປັນເວລາເກົ້າປີໃນລະຫວ່າງສ່ວນໜຶ່ງຂອງຣາຊການຂອງອາຮາບ ແລະເຮເຊກີຢາ, ກະສັດແຫ່ງຢູດາຍ.</li><li>ໂຢຊວຍລູກຊາຍຂອງນູນກ່ອນໜ້ານັ້ນເຄີຍຊື່ວ່າໂຮເຊຢາ ໂມເຊໄດ້ປ່ຽນຊື່ໂຮເຊຢາເປັນໂຢຊວຍກ່ອນທີ່ຈະສັ່ງທ່ານແລະຜູ້ຊາຍອີກສິບເອັດຄົນໄປສອດແນມໃນແຜ່ນດິນການາອານ.</li><li>ຫລັງຈາກທີ່ໂມເຊເສຍຊີວິດແລ້ວ, ໂຢຊວຍນຳປະຊາກອນອິດສະຣາເອນເຂົ້າໄປຄອບຄອງແຜ່ນດິນການາອານ.</li><li>ຜູ້ຊາຍອີກຄົນໜຶ່ງທີ່ຊື່ໂຮເຊຢາເປັນບຸດຊາຍຂອງອາບີໄຊແລະເປັນຜູ້ນຳຄົນໜຶ່ງຂອງເຜົ່າເອຟຣາອິມ.</li></ul>  
hour	<h2 id="section">@ຊົ່ວໂມງ, @ເວລາ</h2><h3 id="section-1">ນິຍາມ</h3><p>ນອກເໜືອຈາກການໃຊ້ເພື່ອໝາຍເຖິງເວລາຫລືໄລຍະເວລາທີ່ບາງຢ່າງເກີດຂຶ້ນ, ຄໍາວ່າ "ຊົ່ວໂມງ" ຍັງຖືກໃຊ້ໃນບາງສິ່ງບາງຢ່າງຫລາຍຢ່າງ:</p><ul><li>ບາງເທື່ອ "ຊົ່ວໂມງ" ໝາຍເຖິງເວລາທີ່ກຳນົດໄວ້ເປັນປະຈຳໃນການເຮັດບາງຢ່າງເຊັ່ນ "ຊົ່ວໂມງແຫ່ງການອະທິຖານ."</li><li>ເມື່ອຂໍ້ຄວາມນັ້ນບອກວ່າ "ຊົ່ວໂມງນັ້ນມາເຖິງແລ້ວ" ສຳລັບພຣະເຢຊູໃນການທົນທຸກແລະຖືກປະຫານ ນີ້ໝາຍຄວາມວ່າເປັນເວລາທີ່ຖືກກຳນົດໄວ້ຊຶ່ງພຣະເຈົ້າໄດ້ຊົງຕັດສິນພຣະໄທມາດົນແລ້ວວ່າສິ່ງນີ້ຈະເກີດຂຶ້ນ.</li><li>ຄຳວ່າ "ຊົ່ວໂມງ" ຍັງຖືກໃຊ້ໝາຍເຖິງ "ໃນຊ່ວງເວລານັ້ນ" ຫລື "ຕອນນັ້ນ."</li><li>ເມື່ອຂໍ້ຄວາມນັ້ນເວົ້າເຖິງ "ຊົ່ວໂມງ" ທີ່ລ່ວງເລີຍມາຫລາຍ ນີ້ໝາຍຄວາມວ່າເປັນເວລາຄ່ຳຂອງວັນທີ່ດວງອາທິດກຳລັງຈະຕົກດິນ.</li></ul><h3 id="section-2">ຄຳແນະນຳໃນການແປ</h3><ul><li>ເມື່ອໃຊ້ໃນບາງສິ່ງບາງຢ່າງ, ຄຳວ່າ "ຊົ່ວໂມງ" ສາມາດແປວ່າ "ເວລາ" ຫລື "ຂະນະນັ້ນ" ຫລື "ເວລາທີ່ນັດໝາຍ."</li><li>ວະລີ "ໃນເວລານັ້ນ" ຫລື "ໃນເວລາດຽວກັນ" ສາມາດແປວ່າ, "ໃນຂະນະນັ້ນ" ຫລື "ໃນເວລານັ້ນ" ທັນທີທັນໃດ" ຫລື "ຂະນະນີ້."</li><li>ຄຳກ່າວ "ເວລາລ່ວງໄປ" ສາມາດແປວ່າ, "ມັນເປັນເວລາຕອນຄໍ່າຂອງມື້ແລ້ວ" ຫລື "ມັນຈະມືດແລ້ວໃນບໍ່ຊ້າ" ຫລື "ມັນເປັນເວລາບ່າຍຫລາຍແລ້ວ."</li></ul>  
house	<h2 id="section">@ເຮືອນ</h2><h3 id="section-1">ນິຍາມ</h3><p>ຄຳວ່າ "ເຮືອນ" ມັກຈະຖືກໃຊ້ໃນເຊີງປຽບທຽບໃນພຣະຄຳພີ.</p><ul><li>ບາງເທື່ອໝາຍຄວາມວ່າ "ຄົວເຮືອນ," ຊຶ່ງໝາຍເຖິງຄົົນທີ່ອາໄສຢູ່ນຳກັນໃນບ້ານຫລັງໜຶ່ງ.</li><li>ຫລາຍເທື່ອທີ່ "ບ້ານ" ອ້າງເຖິງບັນພະບຸລຸດ ເຊື້ອສາຍຫລືຍາດພີ່ນ້ອງຄົນອື່ນໆ ຂອງຄົນໜຶ່ງ. ຕົວຢ່າງເຊັ່ນ , "ຕະກູນຂອງດາວິດ" ອ້າງເຖິງຜູ້ສືບເຊື້ອສາຍທັງໝົດຂອງກະສັດດາວິດ.</li><li>ຄຳວ່າ "ວິຫານຂອງພຣະເຈົ້າ" ແລະ "ວິຫານຂອງພຣະເຈົ້າຢາເວ" ໝາຍເຖິງຫໍເຕັນຫລືພຣະວິຫານ.  ຄໍາກ່າວນີ້ສາມາດອ້າງເຖິງໂດຍທົ່ວໄປສະຖານທີ່ທີ່ພຣະເຈົ້າສະຖິດຫລືປະທັບຢູ່.</li><li>ໃນພຣະທຳເຮັບເຣີ ບົດທີ 3, "ຄອບຄົວຂອງພຣະເຈົ້າ" ຖືກໃຊ້ເປັນຄຳອຸປະມາເພື່ອອ້າງເຖິງຄົນຂອງພຣະເຈົ້າຫລືໂດຍທົ່ວໄປແລ້ວ, ຄືທຸກສິ່ງທີ່ເປັນຂອງພຣະເຈົ້າ.</li><li>ວະລີ "ເຊື້ອສາຍຂອງອິດສະຣາເອນ" ສາມາດອ້າງເຖິງປະເທດອິດສະຣາເອນທັງປະເທດຫລືສະເພາະເຈາະຈົງລົງໄປອີກຄືເຜົ່າທີ່ຢູ່ໃນອານາຈັກຂອງອິດສະຣາເອນທາງພາກເໜືອ.</li></ul><h3 id="section-2">ຄຳແນະນຳໃນການແປ</h3><ul><li>ຂຶ້ນຢູ່ກັບສະພາບການ, "ເຮືອນ" ສາມາດແປວ່າ, "ຄົວເຮືອນ" ຫລື "ຜູ້ຄົນ" ຫລື "ຄອບຄົວ" ຫລື "ເຊື້ອສາຍ" ຫລື "ພຣະວິຫານ" ຫລື "ສະຖານທີ່ຢູ່ອາໄສ."</li><li>ວະລີ "ຕະກູນຂອງດາວິດ" ອາດຈະແປວ່າ, "ເຜົ່າພັນຂອງດາວິດ" ຫລື "ຄອບຄົວຂອງດາວິດ" ຫລື "ເຊື້ອສາຍຂອງດາວິດ." ສຳນວນທີ່ກ່ຽວຂ້ອງກັນສາມາດຈະແປໄດ້ໃນທາງທີ່ໃກ້ຄຽງກັນ.</li><li>ວິທີອື່ນທີ່ຈະແປ "ເຊື້ອສາຍຂອງອິດສະຣາເອນ" ອາດລວມເຖິງ, "ປະຊາກອນຂອງອິດສະຣາເອນ" ຫລື "ລູກຫລານຂອງອິດສະຣາເອນ" ຫລື "ຄົນອິດສະຣາເອນ."</li><li>"ນິເວດຂອງພຣະເຈົ້າຢາເວ" ສາມາດແປໄດ້ວ່າ "ວິຫານຂອງພຣະເຈົ້າຢາເວ" ຫລື "ສະຖານທີ່ທີ່ມີການນະມັດສະການພຣະເຈົ້າຢາເວ" ຫລື "ສະຖານທີ່ທີ່ພຣະເຈົ້າຢາເວສະເດັດມາພົບກັບຄົນຂອງພຣະອົງ" ຫລື "ສະຖານທີ່ທີ່ພຣະເຈົ້າຢາເວປະທັບຢູ່."</li><li>"ພຣະນິເວດຂອງພຣະເຈົ້າ" ສາມາດແປໄດ້ໃນແບບຄ້າຍຄືກັນ.</li></ul>  
household	<h2 id="section">@"ຄົວເຮືອນ"</h2><h3 id="section-1">ນິຍາມ</h3><p>ຄຳວ່າ "ຄົວເຮືອນ" ໝາຍເຖິງທຸກຄົົນທີ່ອາໄສຢູ່ນຳກັນໃນບ້ານຫລັງໜຶ່ງ, ລວມເຖິງສະມາຊິກຄອບຄົວແລະຄົນຮັບໃຊ້ທຸກຄົົນທີ່ພວກເຂົາມີ.</p><ul><li>ຖ້າບາງຄົນບໍລິຫານຈັດການໃນຄົວເຮືອນ ນີ້ອາດລວມເຖິງການສັ່ງການຄົນຮັບໃຊ້ເຊັ່ນດຽວກັບການເບິ່ງແຍງຊັບສິນດ້ວຍ.</li><li>ບາງເທື່ອ "ຄົວເຮືອນ" ສາມາດມີຄວາມໝາຍເຊີງປຽບທຽບໝາຍເຖິງລຳດັບວົງຕະກູນທັງໝົດຂອງບາງຄົນ, ໂດຍສະເພາະລູກຫລານຂອງເຂົາ.</li></ul>  
house of david	<h2 id="section">@ຕະກູນຂອງດາວິດ</h2><h3 id="section-1">ຂໍ້ເທັດຈິງ</h3><p>ສຳນວນ "ຕະກູນຂອງດາວິດ" ອ້າງເຖິງຄອບຄົວຫລືລູກຫລານຂອງກະສັດດາວິດ.</p><ul><li>ຄຳນີ້ສາມາດແປໄດ້ວ່າ, "ລູກຫລານຂອງດາວິດ" ຫລື "ຄອບຄົວຂອງດາວິດ" ຫລື "ເຜົ່າພັນຂອງກະສັດດາວິດ."</li><li>ເນື່ອງຈາກພຣະເຢຊູຊົງສືບເຊື້ອສາຍມາຈາກດາວິດ, ພຣະອົງຈຶ່ງຊົງເປັນສ່ວນໜຶ່ງຂອງ "ຕະກູນຂອງດາວິດ."</li><li>ບາງເທື່ອ "ຕະກູນຂອງດາວິດ" ຫລື "ຄົວເຮືອນຂອງດາວິດ" ອ້າງເຖິງຄົນໃນຄອບຄົວຂອງດາວິດທີ່ຍັງຄົງມີຊີວິດຢູ່.</li><li>ໃນເວລາອື່ນໆ ຄໍານີ້ຈະມີຄວາມໝາຍໂດຍທົ່ວໄປແລະໝາຍເຖິງເຊື້ອສາຍທັງໝົດຂອງເຂົາ ລວມເຖິງຄົນເຫລົ່ານັ້ນທີ່ເສຍຊີວິດໄປແລ້ວ.</li></ul>  
house of god	<h2 id="section">@ວິຫານຂອງພຣະເຈົ້າ, @ວິຫານຂອງພຣະເຈົ້າຢາເວ</h2><h3 id="section-1">ນິຍາມ</h3><p>ໃນພຣະຄຳພີ, ວະລີ "ວິຫານຂອງພຣະເຈົ້າ" (ບ້ານຂອງພຣະເຈົ້າ) ແລະ "ວິຫານຂອງພຣະເຈົ້າຢາເວ (ບ້ານຂອງພຣະເຈົ້າຢາເວ) ອ້າງເຖິງສະຖານທີ່ທີ່ມີການນະມັດສະການພຣະເຈົ້າ.</p><ul><li>ຄຳນີ້ຖືກໃຊ້ຢ່າງສະເພາະເຈາະຈົງໃນການໝາຍເຖິງຫໍເຕັນຫລືພຣະວິຫານ.</li><li>ບາງເທື່ອ "ວິຫານຂອງພຣະເຈົ້າ" ຖືກໃຊ້ເພື່ອໝາຍເຖິງຄົນຂອງພຣະເຈົ້າ.</li></ul><h3 id="section-2">ຄຳແນະນຳໃນການແປ</h3><ul><li>ເມື່ອອ້າງເຖິງສະຖານທີ່ໃນການນະມັດສະການ, ຄໍານີ້ສາມາດແປໄດ້ວ່າ, "ວິຫານສຳລັບນະມັດການພຣະເຈົ້າ" ຫລື "ສະຖານທີ່ສຳລັບນະມັດການພຣະເຈົ້າ."</li><li>ຖ້າໝາຍເຖິງພຣະວິຫານຫລືຫໍເຕັນ, ຄຳນີ້ອາດຈະແປໄດ້ວ່າ, "ພຣະວິຫານ"</li></ul>  
humble	<h2 id="section">@ຖ່ອມໃຈ, @ຄວາມຖ່ອມໃຈ</h2><h3 id="section-1">ນິຍາມ</h3><p>ຄຳວ່າ "ຖ່ອມໃຈ" ອະທິບາຍເຖິງບຸຸກຄົນທີ່ບໍ່ຄິດວ່າຕົນເອງດີກວ່າຄົນອື່ນ ເຂົາບໍ່ໄດ້ຍິ່ງຫລືທະນົງຕົວ ການຖ່ອມໃຈຄືຄຸນນະພາບຂອງການເປັນຄົນຖ່ອມ.</p><ul><li>ການຖ່ອມໃຈຕໍ່ພຣະເຈົ້າໝາຍເຖິງການເຂົ້າໃຈຄວາມອ່ອນແອແລະຄວາມບໍ່ສົມບູນແບບເມື່ອປຽບທຽບກັບຄວາມຍິ່ງໃຫຍ່, ພະປັນຍາແລະຄວາມສົມບູນແບບຂອງພຣະອົງ.</li><li>ຖ້າຄົນໜຶ່ງຖ່ອມຕົນເອງລົງ, ລາວໃຫ້ຕົນເອງຢູ່ໃນຕຳແໜ່ງທີ່ສຳຄັນນ້ອຍກວ່າ.</li><li>ຄວາມຖ່ອມໃຈຄືການຄິດເຖິງຄວາມຈຳເປັນຂອງຄົນອື່ນຫລາຍກ່ອນຄວາມຕ້ອງການຂອງຕົນເອງ.</li><li>ຄວາມຖ່ອມໃຈຍັງໝາຍເຖິງການຮັບໃຊ້ດ້ວຍທ່າທີສະຫງົບສະງ່ຽມໃນຂະນະທີ່ໃຊ້ຂອງປະທານແລະຄວາມສາມາດຂອງຕົນເອງ.</li><li>ວະລີ "ຖ່ອມໃຈ" ສາມາດແປໄດ້ວ່າ "ຢ່າຈອງຫອງ."</li><li>"ຖ່ອມໃຈລົງຕໍ່ພຣະເຈົ້າ" ສາມາດແປໄດ້ວ່າ, "ຍອມມອບຄວາມປະສົງຂອງຕົນເອງໃຫ້ແກ່ພຣະເຈົ້າໂດຍຮັບຮູ້ເຖິງຄວາມຍິ່ງໃຫຍ່ຂອງພຣະອົງ."</li></ul>  
humiliate	<h2 id="section">@ເຮັດໃຫ້ລະອາຍ, @ການເຮັດໃຫ້ລະອາຍ</h2><h3 id="section-1">ນິຍາມ</h3><p>ຄຳວ່າ "ເຮັດໃຫ້ລະອາຍ" ໝາຍເຖິງການເຮັດໃຫ້ບາງຄົນຮູ້ສຶກອັບອາຍຫຼື  ເ​ຊື່ອມເ​ສັຍຊຶ່ງມັກຈະເຮັດໃນທີ່ສາທາລະນະ. ການກະທຳທີ່ເຮັດໃຫ້ຄົນອື່ນອັບອາຍເອີ້່ນວ່າ "ການເຮັດໃຫ້ລະອາຍ."</p><ul><li>ເມື່ອພຣະເຈົ້າເຮັດໃຫ້ຄົນໜຶ່ງຖ່ອມລົງ ໝາຍຄວາມວ່າພຣະອົງຊົງເຮັດໃຫ້ຄົນຈອງຫອງຕ້ອງພົບກັບຄວາມລົ້ມເຫລວເພື່ອຊ່ວຍເຂົາໃຫ້ເອົາຊະນະຄວາມຈອງຫອງຂອງຕົນ ສິ່ງນີ້ແຕກຕ່າງຈາກການເຮັດໃຫ້ບາງຄົນຮູ້ສຶກລະອາຍ ຊິຶ່ງຈະເປັນການເຮັດເພື່ອທໍາຮ້າຍຈິດໃຈຄົນນັ້ນ.</li><li>ການ "ເຮັດໃຫ້ລະອາຍ" ສາມາດແປໄດ້ວ່າ "ເຮັດໃຫ້ຂາຍໜ້າ" ຫຼື "ເຮັດໃຫ້ຮູ້ສຶກຂາຍໜ້າ" ຫຼື "ເຮັດໃຫ້ອາຍ."</li><li>ຂຶ້ນຢູ່ກັບສະພາບການວິທີທີ່ຈະແປ, "ການເຮັດໃຫ້ລະອາຍ" ສາມາດລວມເຖິງ, "ການເຮັດໃຫ້ຂາຍໜ້າ" ຫລື "ການເຮັດໃຫ້ຕ່ຳຕ້ອຍ" ຫຼື "ການເຮັດໃຫ້ເສື່ອມເສຍ."</li></ul>  
hypocrite	<h2 id="section">@ຄົນໜ້າຊື່ໃຈຄົດ, @ການໜ້າຊື່ໃຈຄົດ</h2><h3 id="section-1">ນິຍາມ</h3><p>ຄຳວ່າ "ຄົນໜ້າຊື່ໃຈຄົດ" ອ້າງເຖິງຄົົນທີ່ເຮັດສິ່ງທີ່ເບິ່ງເໝືອນຊອບທຳ, ແຕ່ແອບປະພຶດໃນສິ່ງທີ່ຊົ່ວຮ້າຍ. ຄຳວ່າ "ການໜ້າຊື່ໃຈຄົດ" ອ້າງເຖິງພຶດຕິກຳທີ່ຫລອກລວງຜູ້ຄົນໃຫ້ຄິດວ່າຄົນນັ້ນເປັນຄົນຊອບທຳ.</p><ul><li>ຄົນໜ້າຊື່ໃຈຄົດຕ້ອງການໃຫ້ຄົນອື່ນເຫັນວ່າຕົນເອງເຮັດສິ່ງທີ່ດີເພື່ອທີ່ວ່າຄົນອື່ນຈະຄິດວ່າພວກເຂົາເປັນຄົນດີ.</li><li>ຄົນໜ້າຊື່ໃຈຄົດມັກຈະວິພາກວິຈານຄົນອື່ນວ່າເຮັດສິ່ງທີ່ເປັນຄວາມບາບຊຶ່ງພວກເຂົາເອງກໍລັກເຮັດ.</li><li>ພຣະເຢຊູຊົງເອີ້ນພວກຟາຣີຊາຍວ່າຄົນໜ້າຊື່ໃຈຄົດເພາະພວກເຂົາເຮັດແລະປະພຶດຕາມຫລັກສາດສະໜາເຊັ່ນ ໃສ່ເສື້ອຜ້າບາງຢ່າງແລະຮັບປະທານອາຫານບາງຢ່າງ, ແຕ່ພວກເຂົາບໍ່ໄດ້ເມດຕາຫລືຍຸຕິທຳຕໍ່ຄົນອື່ນ.</li><li>ຄົນໜ້າຊື່ໃຈຄົດຊີ້ຄວາມຜິດໃນຕົວຄົນອື່ນໄດ້, ແຕ່ບໍ່ຍອມຮັບຄວາມຜິດຂອງຕົນເອງ.</li></ul><p>.</p><h3 id="section-2">ຄຳແນະນຳໃນການແປ</h3><ul><li>ບາງພາສາມີຄຳກ່າວເຊັ່ນ "ສອງໜ້າ" ທີ່ອ້າງເຖິງຄົນໜ້າຊື່ໃຈຄົດຫຼືການປະພຶດຂອງຄົນໜ້າຊື່ໃຈຄົດ.</li><li>ວິທີອື່ນທີ່ຈະແປ "ຄົນໜ້າຊື່ໃຈຄົດ" ສາມາດລວມເຖິງ, "ຄົນຫລອກລວງ" ຫຼື"ຄົນທໍາທ່າ" ຫຼື "ຄົນຈອງຫອງຫລອກລວງ."</li><li>ຄຳວ່າ "ການໜ້າຊື່ໃຈຄົດ" ສາມາດແປໄດ້ວ່າ, "ການຫລອກລວງ" ຫລື "ການກະທຳທີ່ຈອມປອມ" ຫລື "ການທໍາທ່າ."</li></ul>  
iconium	<h2 id="section">@ອີໂກນິອົມ</h2><h3 id="section-1">ຂໍ້ເທັດຈິງ</h3><p>ອີໂກນິອົມເປັນເມືອງໃນທາງໃຕ້ຂອງພາກກາງຊຶ່ງປັດຈຸບັນນີ້ຄືປະເທດຕຸ​ຣະກີ</p><ul><li>ໃນການເດີນທາງເປັນມິດເຊັນນາລີຄັ້ງທຳອິດຂອງອາຈານໂປໂລ ເພິ່ນແລະບາ​ຣະນາບາໄດ້ເດີນທາງໄປຍັງເມືອງອີໂກນິອົມຫລັງຈາກທີ່ພວກຢີວໄດ້ບັງຄັບໃຫ້ພວກເຂົາອອກຈາກເມືອງອັນຕີໂອເຂຍ</li><li>ແລ້ວຄົນຢີວແລະຄົນຕ່າງຊາດທີ່ບໍ່ເຊື່ອໃນເມືອງອີໂກນິອົມພວກເຂົາວາງແຜນທີ່ຈະເອົາກ້ອນຫີນຄ່ວາງ​ໃ່​ສ່ໂປໂລແລະເພື່ອນຮ່ວມງານຂອງເຂົາ ແຕ່ພວກເ​ຂົາໄດ້ຫລົບໜີໄປຍັງເມືອງໃກ້ຄຽງທີ່ຊື່ລິສະຕຣາ</li><li>ຫລັງຈາກນັ້ນຜູ້ຄົນຈາກເມືອງອັນຕີໂອເຂຍໄດ້ມາຍັງເມືອງລິສະຕຣາແລະຍົວະໃຫ້ຜູ້ຄົນທີ່ນັ້ນເອົາກ້ອນຫີນຄ່ວາງໃສ່ໂປໂລ</li></ul>  
idol	<h2 id="section">@ຮູບເຄົາຣົບ, @ການໄຫ້ວຮູບເຄົາຣົບ" @ພະ​ປອມ"</h2><h3 id="section-1">ນິຍາມ</h3><p>ຮູບເຄົາຣົບເປັນວັດຖູທີ່ຄົນສ້າງຂື້ນເພື່ອວ່າເຂົາ​ຈະໄດ້ນະມັສການ ບາງສຶ່ງຈະຖືກອະທິບາຍວ່າເປັນ " ບູຊາຮູບເຄົາຣົບ "ຖ້າກ່ຽວຂ້ອງກັບການໃຫ້ກຽດສິ່ງອື່ນນອກເຫນືອຈາກພຣະເຈົ້າອົງທ່ຽງແທ້​ອົງ​ດຽວ.</p><ul><li>ຜູ້ທີ່​ສ້າງຮູບເຄົາຣົບເພື່ອເປັນຕົວແທນຂອງພຣະເຈົ້າທີ່ພວກເຂົານະມັສການ</li><li>ພະປອມເຫລົ່ານີ້ບໍ່ໄດ້ມີຈິງ ບໍ່ມີພຣະເຈົ້າອື່ນ ນອກເຫນືອຈາກພຣະຢາເວ</li><li>ບາງຄັ້ງມານກໍທຳງານຜ່ານຮູບເຄົາຣົບເພື່ອເຮັດໃຫ້ເບິ່ງເຫມືອນວ່າມັນມີອຳນາດ, ເຖີງແມ່ນວ່າມັນບໍ່ມີອຳນາດຢູ່​ກໍຈິງ.</li><li>ຮູບເຄົາຣົບມັກຈະເຮັດຈາກວັດຖຸທີ່ມີຄ່າເຊັນ ຄຳ,ເງີນ,ທອງສຳຣິດຫລືໄມ້ລາຄາແພງ.</li><li>ອານາຈັກທີ່ບູຊາຮູບເຄົາຣົບ" ຫມາຍເຖີງ "ອານາຈັກຂອງຄົນທີ່ນະມັສະການຮູບເຄົາຣົບ"ຫຼື "ອານາຈັກທີ່ບູຊາ​ສິ່ງ​ຂອງຝ່າຍໂລກ"</li><li>ຄຳວ່າ "ຮູບສະຫລັກເປັນ​ທີ່ເຄົາ​ຣົບບູຊາ"ຄືອີກຄຳນື່ງສຳລັບຄຳວ່າ "ຮູບປັ້ນແກະສະຫລັກ"ຫຼື"ຮູບເຄົາຣົບ"</li></ul>  
image	<h2 id="section">@ຮູບປັ້ນ,ຮູບປັ້ນແກະສະຫລັກ,ຮູບແກະສະຫລັກ,ຮູບຫລໍ່ໂລຫະ</h2><h3 id="section-1">ນິຍາມ</h3><p>ຄຳເຫລົ່ານີ້ທຸກຄຳໃຊ້ໃນການອ້າງເຖີງຮູບເຄົາຣົບທີ່ໄດ້ຖືກສ້າງຂື້ນເພື່ອນະມັສະການພະປອມ. ໃນກໍ​ຣະ​ນີ ຂອງການນະມັສະການຮູບເຄົາຣົບ ຄຳວ່າ"ຮູບປັ້ນ "ເປັນຮູບສັ້ງຂື້ນ "ຮູບປັ້ນແກະສະຫລັກ"</p><ul><li>"ຮູບປັ້ນແກະສະຫລັກ"ເປັນວັດຖຸເຮັດດ້ວຍໄມ້ທີ່ຖືກສ້າງຂື້ນໃຫ້ເຫມືອນ ສັດ,ຄົນ,ຫຼືສິ່ງຂອງ.</li><li>"ຮູບຫລໍ່ໂລຫະ"ເປັນວັດຖຸຫລືຮູບປັ້ນທີ່ສ້າງຂື້ນໂດຍການເທໂລຫະທີ່ຫລອມໃຫ້ແຫລວລົງໃນເບົ້າຫລໍ່ທີ່ມີຮູບຮ່າງເຫມືອນວັດຖຸ,ສັດ,ຫຼືຄົນ.</li><li>ວັດຖຸທີ່ເປັນໄມ້ແລະໂລຫະເຫລົ່ານີ້ຖືກໃຊ້ໃນການນະມັສະການພະທຽມ​ຫຼືພະ​ປອມ.</li></ul><p>%ຄຳແນະນຳໃນການແປ</p><ul><li>ເມື່ອອ້າງເຖີງຮູບເຄົາຣົບຄຳວ່າ "ຮູບປັ້ນ "ສາມາດແປໄດ້ວ່າ"ຮູບຫລໍ່ "ຫລື"ຮູບເຄົາຣົບທີ່ແກະສະຫລັກ"ຫຼື"ວັດຖຸທີ່ແກະສະຫລັກທາງສາສນາ "</li><li>ໃນບາງພາສາອາດຈະຊັດເຈນກວ່າທີ່ຈະໃຊ້ຄຳອະທິບາຍດ້ວຍຖ້ອຍຄຳເຊັ່ນວ່າ"ຮູບປັ້ນແກະສະຫລັກ "ຫຼື"ຮູບຫລໍ່ໂລຫະ "ແມ່ນວ່າໃນສະຖານະການທີ່ນັ້ນກ່າວ່າ"ຮູບປັ້ນ "ຫຼື"ຮູບຫລໍ່ "ມີຢູ່ໃນຕົ້ນສະບັບທີ່ແປແລ້ວ.</li><li>ໃຫ້ແນ່ໃຈວ່າຄຳນີ້ແຕກຕ່າງຢ່າງຊັດເຈນຈາກຄຳທີ່ໃຊ້ໃນການອ້າງເຖີງສີ່ງທີ່​ເປັນ​ຕາມ​ພ​ຣະ​ລັກ​ສະ​ນະ​ຂອງ​ພ​ຣະ​ເຈົ້າ.</li></ul>  
image of god	<h2 id="section">@ພຣະລັກສະນະຂອງພຣະເຈົ້າ,ລັກສະນະ</h2><h3 id="section-1">ນິຍາມ</h3><p>ຄຳວ່າ "ລັກສະນະ "ອ້າງເຖີງບາງສິ່ງທີ່ເບິ່ງເຫມືອນສິ່ງອື່ນຫລືເຫມືອນບາງຄົນໃນບຸກຄະລິກລັກສະນະຫລືແກ່ນແທ້.ວາລີທີ່ວ່າ"ພຣະລັກສະນະຂອງພຣະເຈົ້າ "ຖືກໃຊ້ໃນຫລາຍວິທີທາງ,ຂື້ນຢູ່ກັບກໍ​ຣະ​ນີ.</p><ul><li>ເມື່ອ​ຕົ້ນເດີມນັ້ນພຣະເຈົ້າຊົງສ້າງມະນຸດຕາມ"ພຣະລັກສະນະຂອງພຣະເຈົ້າ"ນັ້ນຄື"ໃຫ້ເຫມືອນກັບພຮະອົງ"ນີ້ຫມາຍຄວາມວ່າຄົນເຮົາມີລັກສະນະພິເສດບາງຢ່າງທີ່ສະທ້ອນເຖີງພຣະລັກສະນະຂອງພຣະເຈົ້າ ເ​ຊັ່ນ ຄວາມສາມາດໃນການຮັບຮູ້ເຖີງອາລົມຕ່າງໆຄວາມສາມາດໃນການໃຫ້ເຫດຜົນແລະສື່ສານ,ແລະວິນຍານທີ່ດຳລົງຢູ່ຕລອດການ.</li><li>ພຣະຄຳພີສອນວ່າພຣະເຢຊູ ພຣະບຸດຂອງພຣະເຈົ້າ ຄື "ພຣະລັກສະນະຂອງພຣະເຈົ້າ "ນັ້ນຄືພຣະອົງເອງຊົງເປັນພຣະເຈົ້າ.ບໍ່ເຫມືອນກັບມະນຸດ ພຣະເຢຊູບໍ່ໄດ້ຖືກນີ​ຣະມິດຂື້ນມາ. ຕລອດນີ​ຣັນດອນ.. ພຣະເຈົ້າ ພຣະບຸດຊົງມີພຣະລັກສະນະຂອງພຣະເຈົ້າທັງຫມົດເພາະວ່າພຣະອົງຊົງສະພາບດຽວກັນກັບພຣະເຈົ້າພຣະບິດາ.</li></ul><h3 id="section-2">ຄຳແນະນຳໃນການແປ</h3><ul><li>ເມື່ອອ້າງເຖີງພຣະເຢຊູ,"ພຣະລັກສະນະຂອງພຣະເຈົ້າ "ສາມາດແປໄດ້ວ່າ "ຄວາມເຫມືອນກັບພຣະເຈົ້າທຸກປະການ " ຫຼື "ສະພາບດຽວກັນກັບພຣະເຈົ້າ " ຫຼື "ການດຳລົງຢູ່ເຊັ່ນດຽວກັນກັບພຣະເຈົ້າ "</li><li>ເມື່ອອ້າງອີງເຖີງມະນຸດ, "ພຣະເຈົ້າຊົງສ້າງພວກເຂົາຕາມພຣະລັກສະນະຂອງພຣະອົງ " ສາມາດແປໄດ້ດ້ວຍ​ກໍ​ຣະ​ນີ ທີ່ຫມາຍຄວາມວ່າ, "ພຣະເຈົ້າຊົງສ້າງພວກເຂົາໃຫ້ເຫມືອນພຣະອົງ " ຫຼື "ພຣະເຈົ້າຊົງສ້າງພວກເຂົາໃຫ້ມີບຸກຄະລິກລັກສະນະເຫມືອນພຣະອົງເອງ "</li></ul>  
imitate	<h2 id="section">@ຮຽນແບບ,ຜູ້ຮຽນແບບ</h2><h3 id="section-1">ນິຍາມ</h3><p>ຄຳວ່າ "ຮຽນແບບ " ​ຫຼື "ຜູ້ຮຽນແບບ " ຫມາຍເຖີງການລອກຮຽນແບບຄົນອື່ນແລະເຮັດຢ່າງທີ່ຄົນນັ້ນປະຕຶບັດທຸກປະການ</p><ul><li>ຄຣຶດສະຕຽນຖືກສອນໃຫ້ຮຽນແບບຢ່າງອົງພຣະເຢຊູຄຣຶດເຈົ້າໂດຍການເຊື່ອຟັງພຣະເຈົ້າແລະຮັກຄົນອືນຢ່າງທີ່ພຣະເຢຊູເຈົ້າຊົງກະທຳ</li><li>ອັກຄະລະທູດສາວົກໂປໂລໄດ້ບອກຄຣິດຕະຈັກໃນຍຸກທຳອິດໃຫ້ຮຽນແບບຢ່າງລາວຢ່າງທີ່ລາວຮຽນແບບຢ່າງພຣະເຢຊູຄຣິດເຈົ້າ</li></ul><p>% ຄຳແນະນຳໃນການແປ</p><ul><li>ຄຳວ່າ "ຮຽນແບບ"ສາມາດຈະແປໄດ້ວ່າ ທຳ "​ເຮັດຢ່າງດຽວກັນ"ຫລື" ຮຽນ ​ທຳຕາມແບບຢ່າງຂອງເຂົາ"</li><li>ຄຳເວົ້າວ່າ"ຈົ່ງເປັນຜູ້ຮຽນແບບຂອງພຣະເຈົ້າ"ສາມາດແປໄດ້ວ່າ"ຈົ່ງເປັນຄົນປະຕຶບັດເໝືອນທີ່ພຣະເຈົ້າປະຕຶບັດ"ຫຼື"ຈົ່ງເປັນຄົນກະທຳສຶ່ງຕ່າງໆໃນແບບທີ່ພຣະເຈົ້າຊົງກະທຳ"</li><li>" ທ່ານໄດ້ກາຍເປັນຜູ້ຮຽນແບບຢ່າງເຮົາ"ສາມາດແປໄດ້ວ່າ"ທ່ານທຳຕາມແບບຢ່າງຂອງເຮົາ"ຫຼື"ທ່ານກຳລັງທຳສຶ່ງຕ່າງໆໃນທາງຂອງພຣະເຈົ້າແບບດຽວກັບທີ່ທ່ານເຫັນເຮົາທຳ"</li></ul>  
incense	<h2 id="section">@ເຄືອງຫອມ</h2><h3 id="section-1">ນິຍາມ</h3><p>ຄຳວ່າ "ເຄືອງຫອມ"ອ້າງເຖຶງສວນປະສົມຂອງເຄືອງເທດທີ່ມີກີ່ນຫອມເມື່ອເ​ຜົາແລ້ວຈະທຳໃຫ້ເກຶດຄວັນທີ່ມີກີ່ນທີ່ມີຄວາມເພິ່ງພໍໃຈ</p><ul><li>ພຣະເຈົ້າໄດ້ເວົ້າກັບອິດສະຣາເອນໃຫ້ເຜົາເຄືອງຫອມເພື່ອເປັນເຄືອງບູຊາແດ່ພຣະອົງ</li><li>ເຄືອງຫອມຈະຕ້ອງທຳໂດຍການປະສົມເຄືອງເທດຢ່າງສະເພາະເຈາະຈົ່ງຫ້າຊະນິດໃນຈຳນວນທີ່ເທົ່າກັນຕາມທີ່ພຣະເຈົ້າໄດ້ຊົງສັ່ງທຸກປະການນີ້ຄືເຄືອງຫອມອັ້ນບໍຣຶສຸດ ດັ່ງນັ້ນຈື່ງບໍ່ອະນຸຍາດໃຫ້ໃຊ້ເພື່ອວັດຖຸ​ປະສົງອື່ນ</li><li>"ແທ່ນຂອງເຄືອງຫອມ"ເປັນແທ່ນພຶເສດທີ່ໃຊ້ສຳຫຼັບເຜົາເຄືອງຫອມເທົ່ານັ້ນ</li><li>ມີການຖວາຍເຄືອງຫອມຢ່າງນ້ອຍສີ່ເທື່ອຕໍ່ມື້ໃນແຕ່ລະຊິ່ວໂມງແຫ່ງການອະທີຖານ</li></ul><p>ນອກຈາກນີ້ຈະມີການເຜົາເຄືອງຫອມທຸກ​ເທື່ອທີ່ມີການເຜົາຖວາຍບູຊາສັດ</p><ul><li>ການເຜົາເຄືອງຫອມບູຊາຈະເປັນຕົວແທນຂອງຄຳອະທຶຖານແລະການນະມັດສະການທີ່ຍົກຂື້ນໄປເຖຶງພຣະເຈົ້າຈາກຄົນຂອງພຣະອົງ</li><li>ວຶທີອື່ນທີ່ຈະແປຄຳວ່າ "ເຄື່ອງຫອມ"ຄື"ເຄືອງເທດທີ່ມີກີ່ນຫອມ"ຫຼື"ພືດທີ່ມີກີ່ນຫອມ"</li></ul>  
in christ	<h2 id="section">@ໃນພຣະຄຣຶດ,ໃນພຣະເຢຊູ,ໃນອົງພຣະຜູ້ເປັນເຈົ້າ,ໃນພຣະອົງ</h2><h3 id="section-1">ນິຍາມ</h3><p>ກໍ​ຣະ​ນີ "ໃນພຣະຄຣຶດ"ແລະຄຳຕ່າງໆທີ່ກ່ຽວຂ້ອງ ໝາຍເຖຶງພາວະຫຼືສະພາບຂອງການມີຄວາມສຳພັນກັບພຣະເຢຊູຄຣຶດ ຜ່ານທ່າງຄວາມເຊື່ອໃນພຣະອົງເຈົ້າ</p><ul><li>ຄຳອື່ນໆທີ່ກ່ຽວຂ້ອງລວມເຖຶງ "ໃນພຣະຄຣຶດ ພຣະເຢຊູ ໃນພຣະເຢຊູຄຣຶດ ໃນອົງພຣະເຢຊູຄ​ຣິດເຈົ້າ"</li><li>ຄວາມໝາຍທີ່ເປັນໄປໄດ້ຂອງຄຳວ່າ "ໃນພຣະຄຣຶດເຈົ້າ"ສາມດລວມເຖຶງ "ເພາະທ່ານເປັນຂອງພຣະຄຣຶດ" ຫຼື "ໂດຍທາງຄວາມສຳພັນທີ່ທ່ານມີກັບພຣະຄຣຶດ" ຫຼື " ຂື້ນຢູ່ກັບຄວາມເຊື່ອຂອງທ່ານໃນພຣະຄຣຶດເຈົ້າ"</li><li>ຄຳສັບທີ່ກ່ຽວຂ້ອງເຫຼົ່ານີ້ທັງ​ໝົດມີຄວາມໝາຍດຽວກັນຄືການຢູ່ໃນສະພາບຂອງການເຊື່ອໃນພຣະເຢຊູຄຣຶດເຈົ້າແລະເປັນສາວົກຂອງພຣະອົງ</li><li>ໝາຍເຫດ: ບາງຄັ້ງຄຳວ່າ "ໃນ" ຈະໃຊ້ຄູ່ກັບຄຳກະຣຶຍາ ຍົກຕັວຢ່າງເຊັ່ນ "ມີສ່ວນຮ່ວມໃນພຣະຄຣຶດ" ໝາຍເຖຶງການ "ມີສວນຮ່ວມໃນ"ຜົນປະໂຍດທີ່ມາຈາກການຮູ້ຈັກພຣະເຢຊູຄຣຶດ ການ "ມີຄວາມຍຶນດີໃນ" ພຣະຄຣຶດໝາຍ​ເຖີງການຮູ້ສືກຍຶນດີແລະສັນລະເສີນພຣະເຈົ້າສຳຫຼັບສຶ່ງທີ່ພຮະເຢຊູຊົງເປັນແລະສິ່ງທີພຣະອົງໄດ້ຊົງກະທຳ ການ "ເຊື່ອໃນ" ໝາຍເຖຶງການໄວ້ວາງໃຈໃນພຣະອົງໃນຖານະທີ່ເປັນພຮະຜູ້ຊ່ວຍໃຫ້ລອດແລະຮູ້ຈັກພຣະອົງ</li></ul><h3 id="section-2">ຄຳແນະນຳໃນການແປ</h3>  
inherit	<h2 id="section">@ຮັບມໍຣະດົກ, @ມໍຣະດົກ, @ສຶ່ງທີ່ສືບທອດ,@ ເຊື່ອວົງ</h2><h3 id="section-1">ນິຍາມ</h3><p>ຄຳວ່າ "ຮັບມໍຣະດົກ" ແລະ "ການຮັບມໍຣະດົກ" ອ້າງເຖຶງການຮັບບາງຢ່າງທີ່ມີຄ່າຈາກພໍ່ແມ່ຫຼືບຸຄົນອື່ນເພາະຄວາມສຳພັນພິເສດທີ່ມີກັບຄົນນັ້ນ ຄຳວ່າ "ເຊື້ອວົງ"ຄືຄົນທີ່ຮັບມໍຣະດົກ</p><ul><li>ມໍຣະດົກທ່າງກ່າຍຍະພາບອາດຈະເປັນເງີນ ທີ່ດຶນຫຼືໍັຊັບສິນປະເພດອື່ນໆ</li><li>ມໍຣະດົກຝ່າຍວິນຍານຄືສຶ່ງທີ່ພຣະເຈົ້າປະທານໃຫ້ແກ່ຄົນທີ່ເຊື່ອໃນພຣະເຊູ ລວມເຖີງພຣະພອນໃນຊີວຶດປະຈູບັນເຊັ່ນດຽວກັບຊີວິດນິ​ຣັນດອນກັບພຣະອົງ</li><li>ພຣະຄຳພີຍັງເອີ້ນຄົນຂອງພຣະເຈົ້າວ່າມໍຣະດົກຂອງພຣະອົງ ຊຶ່ງໝາຍຄວາມວ່າພວກເຂົາເປັນຂອງພຮະອົງ ພວກເຂົາເປັນສົມບັດອັນລຳຄ່າຂອງພຣະອົງ</li><li>ພຣະເຈົ້າໄດ້ຊົງສັນຍາກັບອັບຣາຮັມແລະເຊື້ອສາຍ​ຂອງລາວວ່າພວກເຂົາຈະໄດ້ແຜ່ນດິນຄານາອານເປັນມໍຣະດົກແລະແຜ່ນດິນນັ້ນຈະເປັນຂອງພວກເຂົາຕລອດໄປ</li><li>ຍັງມີຄວາມໝາຍໃນຄຳອຸປະມາຝ່າຍວິນຍານທີ່ວ່າຄົນທີ່ເປັນຂອງພຣະເຈົ້າຈະໄດ້ຊື່ວ່າ "ໄດ້ຮັບແຜ່ນດິນເປັນມໍຣະດົກ" ສຶ່ງນີ້ໝາຍຄວາມວ່າພວກເຂົາຈະເລີນຮຸ່ງເຮືອງແລະໄດ້ຮັບພຣະພອນທ່າງຮ່າງກາຍແລະວິນຍານ</li><li>ໃນພັນສັນຍາໃໝ່ພຣະເຈົ້າຊົງສັນຍາວ່າຄົນເຫຼົ່ານັ້ນທີ່ເຊື່ອໃນພ​ຣະເຢຊູຈະ "ໄດ້ຮັບຄວາມພົ້ນເປັນມໍຣະດົກ" ແລະ "ໄດ້ຮັບຊີວິດນິຣັນດອນເປັນມໍຣະດົກ" ລວມເຖີງມີການສະ​ແດງອອກວ່າ "ໄດ້ຮັບອານາຈັກຂອງພຣະເຈົ້າເປັນມໍຣະດົກ" ນີ້ເປັນມໍຣະດົກຝ່າຍວິນຍານທີ່ຄົງຢູ່ຕລອດໄປ</li><li>ມີຄວາມໝາຍເ​ຖີງອຸປະມາອື່ນໆສຳຫຼັບຄຳເຫຼົ່ານີ້</li><li>ພຣະຄຳພີເວົ້າວ່າຄົນສະຫລາດ "ໄດ້ຮັບສງ່າຣາສີເປັນມໍຣະດົກ" ແລະຄົນຊອບທຳຈະ "ໄດ້ຮັບສິ່ງທີ່ດີເປັນມໍຣະດົກ"</li><li>"ໄດ້ຮັບພຣະສັນຍາເປັນມໍຣະດົກ" ໝາຍເຖີງການໄດ້ຮັບສິ່ງທີ່ດີທີ່ພຣະເຈົ້າຊົງສັນຍາທີ່ຈະປະທານໃຫ້ແກ່ຄົນຂອງພຣະອົງ</li><li>ຄຳນີ້ຍັງໃຊ້ໃນຄວາມໝາຍທາງລົບອ້າງເຖຶງຄົນໂງ່ຫລືຄົນບໍ່ເຊື່ອຟັງ"ໄດ້ຮັບລົມເປັນມໍຣະດົກ" ຫລື "ໄດ້ຮັບຄວາມໂງ່ຈ້າເປັນມໍຣະດົກ"ນີ້ໝາຍຄວາມວ່າພວກເຂົາໄດ້ຮັບຜົນຈາກການປະພືດໃນຄວາມບາບລວມເຖຶງການລົງໂທດແລະການດຳເນຶນຊີວິດຢ່າງບໍ່ມີປະໂຍດ</li></ul><h3 id="section-2">ຄຳແນະນຳໃນການແປ</h3><ul><li>ເໝືອນເຊັ່ນເຄີຍ ໃຫ້ພິຈາຣະນາກ່ອນວ່າມີຄຳທີ່ໃຊ້ກັນຢູ່ແລ້ວໃນພາສາເປົ້າໝາຍສຳຫຼັບແນວຄິດໃນເ​ຣື່ອງເຊືຶ້ອວົງຫຼືມໍຣະດົກຢູ່ແລ້ວຫລື?ບໍ່  ແລ້ວ​ໃຊ້ຄຳເຫຼົ່ານັ້ນ</li><li>ຂື້ນຢູ່ກັບກໍ​ຣະ​ນີ ວຶທີອື່ນທີ່ຄຳວ່າ "ຮັບມໍຣະດົກ" ສາມາດແປ​ໄດ້ອາ​ດ​ຈະລວມເຖຶງ "ໄດ້ຮັບ" ຫຼື "ເປັນເຈົ້າຂອງ"ຫຼື "ເຂົ້າມາເປັນເຈົ້າຂອງ"</li><li>ວຶທີຈະແປ "ມໍຣະດົກ"ສາມາດລວມເຖຶງ "ຂອງປະທານທີສັນຍານໄວ້" ຫຼື "ສົມບັດທີ່ແນ່ນອນ"</li><li>ເມື່ອຄົນຂອງພຣະເຈົ້າຖືກເວົ້າເຖຶງໃນຖານະທີ່ເປັນມໍຣະດົກຂອງພຣະອົງສາມາດແປໄດ້ວ່າ "ຄົນທີ່ມີຄ່າເປັນຂອງພຣະ​ອົງ"</li><li>ຄຳວ່າ "ເຊື້ອວົງ" ສາມາດແປໄດ້ດ້ວຍຄຳໜື່ງຄຳຫລື​ລັກ​ສະ​ນະທີ່ໝາຍເຖຶງ"ລູກຜູ້ມີສຶດພຶເສດທີ່ຈະໄດ້ຮັບມໍຣະດົກຂອງບຶດາ"ຫຼື "ບຸ​ກຄົນທີ່ຖືກເລືອກໃຫ້​ເປັນ​ຜູ້ຮັບ"</li></ul>  
iniquity	<h2 id="section">@ຄວາມຊັ່ວຊ້າ</h2><h3 id="section-1">ນິຍາມ</h3><p>ຄຳວ່າ "ຄວາມຊົ່ວຊ້າ" ຄືຄຳທີ່ຄ້າຍກັນຫຼາຍກັບຄຳວ່າ "ບາບ" ແຕ່ອາດເຈາະຈົງອ້າງເຖຶງການທຳຄວາມຜຶດຫຼືຄວາມຊົ່ວຮ້າຍຢ່າງຫຼວງຫຼາຍ</p><ul><li>ຄຳວ່າ "ຄວາມຊົ່ວຊ້າ" ມີຄວາມໝາຍຕົງຕົວຄືບຶດບຽວຫຼືຜຶດພ້ຽນໄປ (ໃນເລືອງທຳບັນຍັດ) ຄຳນີ້ອ້າງເຖຶງຄວາມລວງລະເມຶດຢ່າງຮ້າຍແຮງ</li><li>ຄວາມຊົ່ວຊ້າສາມາດອະທຶບາຍໄດ້ວ່າເປັນການກະທຳໂດຍເຈຕະນາໂດຍກໍ່ໃຫ້ເກຶດອັນຕລາຍຕໍ່ຜູ້ອື່ນ</li><li>ຄຳໝາຍອື່ນຂອງຄວາມຊົ່ວຊ້າລວມເຖຶງ "ຄວາມຄົນ​ປະ​ສາດ" ແລະ"ຄວາມຊົ່ວຊ້າ"ຊຶ່ງທັ້ງສອງຄຳໃຊ້ອະທຶບາຍ​ສະ​ພາບຄວາມບາບອັນຮ້າຍແຮງ</li></ul><h3 id="section-2">ຄຳແນະນຳການແປ</h3><ul><li>ຄຳວ່າ "ຄວາມຊົ່ວຊ້າ" ສາມາດແປໄດ້ວ່າ "ຄວາມຊົ່ວຮ້າຍ" ຫຼື "ການກະທຳຄົນ​ປະ​ສາດ" ຫຼື "ການປະພືດທີ່ອັນຕລາຍ"</li><li>ຫຼາຍ​ເທື່ອ "ຄວາມຊົ່ວຊ້າ" ປາກົດກັບຂໍ້ຄວາມ​ຄຽງກັນກັບຄຳວ່າ"ບາບ" ແລະ "ການລະເມຶດ" ດັ່ງນັ້ນຈື່ງສິ່ງສຳຄັນທີ່ຈະຕ້ອງມີວິ​ຖີ​ຊີ​ວິດທີ່ແຕກຕ່າງກັນໃນການແປຄຳເຫຼົ່ານີ້</li></ul>  
innocent	<h2 id="section">@ຜູ້ໄຮ້ດຽງສາ, @ຜູ້ບໍຣຶສູດ</h2><h3 id="section-1">ນິຍາມ</h3><p>ຄຳວ່າ "ຜູ້ໄຮ້ດຽງສາ" ໝາຍເຖຶງບໍ່ມີຄວາມຜິດໃນອາດຊະຍາກຳຫຼືການກະທຳຜິດອື່ນໆ ຄຳນີ້ຍິງອາດອ້າງເຖີງຄົນທີ່ບໍ່ໄດ້ມີສ່ວນໃນການກະທຳສິ່ງຊົ່ວ</p><ul><li>ຄົນທີ່ຖືກກ່າວຫາວ່າທຳບ່າງຢ່າງຜິດທີ່ບໍ່ມີຄວາມຜິດທີ່ລາວບໍ່ໄດ້ທຳຜິດນັ້ນ</li><li>ບາງຄັ້ງ "ຜູ້ໄຮ້ດຽງສາ" ຖືກໃຊ້ເພື່ອອ້າງເຖີງຄົນທີ່ບໍ່ໄດ້ທຳສິ່ງໃດຜິດເຊັ່ນການທີ່ຈະຕ້ອງຖືກປະຕຶບັດທີ່ຊົ່ວຮ້າຍທີ່ພວກເຂົາໄດ້ຮັບຢູ່ເຊັ່ນກອງທັບສັດຕູໂຈມຕີ "ຜູ້ບໍຣຶສຸດ"</li></ul><h3 id="section-2">ຄຳແນະນຳໃນການແປ</h3><ul><li>ໃນກໍ​ຣະ​ນີສວ່ນໃຫ່ຍຄຳວ່າ "ຜູ້ໄຮ້ດຽງສາ" ສາມາດແປໄດ້ວ່າ "ບໍ່ມີຄວາມ</li></ul><p>ຜິດ" ຫຼື "ບໍ່ຕ້ອງຮັບຜິດຊອບ" ຫຼື "ບໍ່ຄວນຖືກຕຳນິ" ສຳຫລັບບາງຢ່າງ</p><ul><li>ເມື່ອອ້າງເຖີງຄົນທີ່ປະສະຈາກຄວາມຜິດໂດຍທົ່ວໄປ ຄຳນີ້ສາມາດແປໄດ້ວ່າ "ຜູ້ທີ່ບໍ່ໄດ້ທຳຫຍັງຜຶດ" ຫຼື "ຜູ້ທີ່ບໍ່ໄດ້ມີສ່ວນ​ຮ່ວມໃນຄວາມ​ຊົ່ວ"</li><li>ຄຳເວົ້າທີ່ປະກົດຫລາຍໆຄັ້ງ "ເລືອດຂອງຜູ້ບໍຣຶສຸດ" ສາມາດແປໄດ້ວ່າ "ຄົນທີ່ບໍ່ໄດ້ເຮັດຫຍັງ​ຜິດທີ່ສົມຄວນຈະຖືກຂ່າ"</li><li>ຄຳເວົ້າ "ທຳໃຫ້ເລືອດບໍຣຶສຸດຫລັ່ງອອກ" ອາດຈະຖືກແປວ່າ "ຂ້າຜູ້ບໍຣຶສຸດ" ຫຼື "ຂ້າຄົນທີ່ບໍ່ໄດ້ເຮັດຫຍັງຜຶດຖືກຂ້າ"</li><li>ໃນບໍຣຶບົດທີ່ຄົນໜື່ງກຳລັງຖືກຂ້າ  "ບໍຣຶສຸດໃນເລື່ອງຄວາມຕາຍ" ສາມາດແປໄດ້ວ່າ "ບໍ່ໄດ້ມີຄວາມຜຶດໃນການຕາຍຂອງ​ເຂົາ"</li><li>ເມື່ອເວົ້າ​ເຖີງຄົນທີ່ບໍ່ຍ້ອມຮັບຂ່າວປະເສີດຂອງພຣະເຢຊູເຈົ້າ ແຕ່ບໍ່ຍອມຮັບນັ້ນ "ບໍຣິສຸດໃນເຣຶ່ອງການຕາຍຂອງ​ເຂົາ" ສາມາດແປໄດ້ວ່າ"ບໍ່ຮັບ​ຜິດຊອບບໍ່ວ່າພວກເຂົາຈະຕາຍໃນຝ່າຍວຶນຍານຕໍ່ໄປຫຼືບໍ" ຫຼື "ບໍ່ຮັບຜຶດຊອບບໍ່ວ່າພວກເຂົາຈະຮັບຂ່າວນີ້ຫຼືບໍ່"</li><li>ເມື່ອຢູດາໄດ້ເວົ້າວ່າ "ຂ້າພຣະເຈົ້າໄດ້ເຮັດໃຫ້ເລືອດຂອງຜູ້ບໍ່ມີຄວາມ​ຜິດເຖຶງແກ່ຄວາມຕາຍ" ລາວກຳລັງເວົ້າວ່າ "ຂ້າພຣະເຈົ້້າໄດ້ເຮັດຕໍ່ຜູ້ທີ່ບໍ່ມີຄວາມຜິດຫຍັງ" ຫຼື "ຂ້າພຣະເຈົ້າໄດ້ເປັນສາເຫດແຫ່ງການຕາຍຂອງຄົນທີ່ບໍ່ມີບາບ"</li><li>ເມື່ອປີລາດໄດ້ເວົ້າກຽວກັບພຣະເຢຊູວ່າ "ເຮົາບໍຣຶສຸດໃນໂລຫິດຂອງຜູ້ບໍຣຶສຸດນີ້"  ປະໂຍດນີ້ແປວ່າ "ເຮົາບໍ່ຮັບຜິດຊອບຕໍ່ການປະຫານຜູ້ຊາຍຄົນນີ້ທີ່ບໍ່ໄດ້ເຮັດຫຍັງຜິດເຖຶງແກ່ຄວາມຕາຍ"</li></ul>  
inquire	<h2 id="section">@ຖາມເຖຶງ</h2><h3 id="section-1">ນິຍາມ</h3><p>ຄຳວ່າ "ຖາມເຖີງ" ໝາຍເຖີງການຖາມບາງຄົນເພື່ອໃຫ້ໄດ້ຂໍ້ມູນບາງຢ່າງ "ຖາມເຖີງ" ມັກຈະໃຊ້ເພື່ອຂໍສະຕຶປັນຍາແລະຂໍຄວາມຊ່ອຍເຫຼືອຈາກພຣະເຈົ້າ</p><ul><li>ໃນພັນທະສັນຍາເດີມມີການບັນທືກຫຼາຍເຫດການທີ່ປະຊາຊົນຖາມພຣະເຈົ້າ</li><li>ຄຳນີ້ຍັງໃຊ້ກັບກະສັດແລະຂ້າລາດຊະການທີ່ທຳການຄົ້ນຫາໃນບັນທືກທີ່ເປັນລາຍລັກອັກສອນທາງການ</li></ul><p>ກໍ​ຣະ​ນີ"ຖາມເຖຶງ" ອາດຈະແປໄດ້ວ່າ "ຖາມ" ຫຼື "ຖາມເຖຶງຂໍ້ມູນ"</p><ul><li>ຄຳເວົ້າ "ທູນຖາມພຣະຢາເວ" ສາມາດແປໄດ້ວ່າ "ທູນຂໍການຊົງນຳຈາກພຣະຢາເວ" ຫຼື "​ພ​ຣະ​ເຈົ້າ ທູນຖາມພຣະຢາເວວ່າຈະເຮັດຢ່າງໃດ"</li><li>"ໄຕ່ຖາມທຸກສຸກຂອງ" ບາງຢ່າງສາມາດແປໄດ້ວ່າ "ຖາມ" ຫຼື "ຖາມເຖຶງຂໍ້ມູນກຽວກັບ"</li><li>ເມື່ອພຣະຢາເວເວົ້າວ່າ "ເຮົາຈະບໍ່ຍ້ອມໃຫ້ເຈົ້າມາຖາມເຮົາ" ປະໂຍກນີ້ສາມາດແປໄດ້ວ່າ "ເຮົາຈະບໍ່ອະນຸຍາດໃຫ້ເຈົ້າຖາມຂໍ້ມູນອັຈາກເຮົາ"ຫຼື "ເຈົ້້າຈະບໍ່ໄດ້ຮັບອະນຸຍາດໃຫ້ຂໍຄວາມຊ່ອຍເຫຼືອຫຍັງຈາກເຮົາ"</li></ul>  
instruct	<h2 id="section">@ຊີ້ແນະ,ຄຳຊີ້ແນະ</h2><h3 id="section-1">ນິຍາມ</h3><p>ຄຳວ່າ "ຊີ້ແນະ" ແລະ "ຄຳຊີ້ແນະ"ອ້າງເຖຶງການໃຫ້ຄຳແນະນຳຢ່າງສະເພາະເຈາະຈົງວ່າຈະເຮັດຫຍັງ</p><ul><li>"ການໃຫ້ຄຳຊີ້ແນະ" ໝາຍເຖຶງການບອກໃຫ້ບາງ​ຄົນໂດຍສະເພາະວ່າລາວຄວນເຮັດຢ່າງໃດ</li><li>ເມື່ອພຣະເຢຊູປະທານເຂົ້າຈີ່ແລະປາແກ່​ພວກສາວົກເພື່ອໃຫ້ເຂົາແຈກຈ່າຍໃຫ້ກັບປະຊາຊົນ ພຣະອົງໃຫ້ຄຳແນະນຳຢ່າງ​ສະເພາະເຈາະຈົງວ່າພວກຈະຕ້ອງ​​ເຮັດຢ່າງໃດ</li><li>ຂື້ນກັບ​ກໍ​ຣະ​ນີ ຄຳວ່າ "ຊີ້ແນະ"ສາມາດແປວ່າ "ບອກ" ຫຼື "ນຳທາງ" ຫຼື "ສອນ" ຫຼື "ໃຫ້ຄຳຊີ້ແນະ​ນຳ"</li><li>ຄຳວ່າ "ຄຳຊີ້ແນ​ນຳະ" ສາມາດແປໄດ້ວ່າ "ທິດທ່າງ" ຫຼື "ຄຳອະທິບາຍ" ຫຼື "ແມ່ນຫຍັງທີ່ລາວໄດ້ບອກໃຫ້ທ່ານທຳ"</li><li>ເມື່ອພຣະເຈົ້າຊົງໃຫ້ຄຳແນະຄຳຕ່າງໆ ຄຳນີ້ບາງຄັ້ງແປວ່າ  "ອອກຄຳສັ່ງ"ຫຼື "ສັ່ງໃຫ້ເຮັດ"</li></ul>  
integrity	<h2 id="section">@ຄວາມສັດຊື່​ທີ່ຖືກຕ້ອງ</h2><h3 id="section-1">ນິຍາມ</h3><p>ຄຳວ່າ "ຄວາມສັດ​ຊື່ຖືກຕ້ອງ" ອ້າງການສັດຊື່ ດ້ວຍຫລັກສິນ​ລະ​ທຳຈັນຍາແລະການປະພືດ</p><ul><li>ການມີຄວາມສັດ​ຊື່ຖຶກຕ້ອງໝາຍຄວາມວ່າເລືອກກະທຳສິ່ງທີ່ສັດຊື່ແລະເປັນສຶ່ງຖືກຕ້ອງ ເຖຶງໃນເວລາທີ່ບໍ່ມີຜູ້ໃດເຫັນ</li><li>ບຸກຄະລຶກ​ລັກສະນະທີ່ແນ່ນອນໃນພຣະຄຳພີ ເຊັ່ນໂຢເຊບແລະດານິເອນໄດ້​​ສະ​ແດງ​ໃຫ້​ເຫັນ​ເຖີງ​ຄວາມ​ສັດ​ຊື່​ຖຶກ​ຕ້ອງ​ເມື່ອ​ພວກ​ເຂົາ​ປະ​ຕິ​ເສດ​ທີ່​ຈະເຮັດ​ຊົ່ວ ແຕ່ເລືອກທີ່ຈະເຊື່ອຟັງພຣະເຈົ້າ</li><li>ໜັງສືສຸພາສຶດເວົ້າວ່າການເປັນຄົນຍາກຈົນແຕ່ຄວາມສັດຊື່​ທີ່ຖືກຕ້ອງກໍ່ດີກວ່າການເປັນຄົນມັ່ງຄັ່ງແຕ່ຄົດໂກງຫຼືບໍ່ສັດຊື່</li></ul><h3 id="section-2">ຄຳແນະນຳໃນການແປ</h3><ul><li>ຄຳວ່າ "ມີຄວາມສັດ​ຊື່ຖືກຕ້ອງ" ສາມາດແປໄດ້ວ່າ "ຄວາມສັດ​ຊື່" ຫຼື "ການມີ​ສີນລະທຳສູງ" ຫຼື "ການປະພືດທີ່ຊື່ສັດ" ຫຼື "ການກະທຳອັນນ່າເຊື່ອຖື ດ້ວຍທຳທີສັດຊື່"</li></ul>  
intercede	<h2 id="section">@​ອະ​ທິ​ຖານວີ້ງວອນເພື່ອຄົນອື່ນ, @ການ​ອະ​ທິ​ຖານວີ້ງວອນເພື່ອຄົນອື່ນ</h2><h3 id="section-1">ນິຍາມ</h3><p>ຄຳວ່າ "​ອະ​ທິ​ຖານວີ້ງວອນໃຫ້ຄົນ​ອື່ນ" ແລະ "ການ​ອະ​ທິ​ຖານໃຫ້ຄົນອື່ນ" ອ້າງເຖຶງການຂໍຮ້ອງເພື່ອຄົນອື່ນໃນນາມຂອງອີກຄົນໜື່ງ ໃນພຣະຄຳພີຄຳນີ້ມັກຈະໝາຍເຖຶງການອະທິຖານເ​ພື່ອຄົນອື່ນ</p><ul><li>ຄຳວ່າ "ການ​ອະ​ຖານວີ້ງວອນເພື່ອ" ແລະ "​ການ​ອະ​ທິ​ຖານເພື່ອ" ໝາຍເຖຶງການຂໍຮ້ອງຕໍ່ພຣະເຈົ້າເພື່ອຜົນປະໂຍດຂອງຄົນອື່ນ</li><li>ພຣະຄຳພີສອນວ່າພຣະວິນຍານບໍ​ຣິສຸດອະ​ທິ​ຖານວີ້ງວອນເພື່ອເຮົາ ນັ້ນຄືພຣະອົງອະທຶຖານຕໍ່ພຣະເຈົ້າເ​ພື່ອເຮົາ</li><li>ບຸກຄົນ​ອະ​ທິ​ຖານວີ້ງວອນເ​ພື່ອຄົນອື່ນໂດຍການຮ້ອງຂໍເພື່ອພວກເຂົາຕໍ່ຄົນທີ່ມີ​ສິດທິອຳນາດ</li></ul><h3 id="section-2">ຄຳແນະນຳການແປ</h3><ul><li>ວິທີອື່ນທີ່ຈະແປ "​ອະ​ທິ​ຖານວີ້ງວອນເ​ພື່ອສາມາດໝາຍເຖຶງ "ຂໍຮ້ອງກັບ" ຫຼື "ກະຕຸ້ນ"</li></ul>  
interpret	<h2 id="section">@ຕີຄວາມ, @ການຕີຄວາມ</h2><h3 id="section-1">ນິຍາມ</h3><p>ຄຳວ່າ "ຕີຄວາມ" ແລະ "ການຕີຄວາມ" ອ້າງເຖີງການເຂົ້າໃຈແລະການອະທິບາຍຄວາມໝາຍຂອງບາງສິ່ງທີ່ບໍ່ຊັດເຈນ</p><ul><li>ຫລາຍຄັ້ງໃນພຣະຄຳພີ ຄຳເຫລົ່ານີ້ຖືກໃຊ້ກ່ຽວເນື່ອງກັບການອະທິບາຍຄວາມໝາຍຂອງຄວາມຝັນຫຼືນິມຶດ</li><li>ເມື່ອກະສັດບາ​ບີໂລນໄດ້ຝັນເຖຶງສິ່ງທີ່ຊັບຊ້ອນ ພຣະເຈົ້າຊົງຊ່ອຍໃຫ້ດານິເອນເຂົ້າໃຈແລະອະທິບາຍຕີຄວາມໝາຍຂອງຄວາມຝັນເຫລົ່ານັ້ນ</li><li>ຄຳວ່າ "ການຕີຄວາມ" ຂອງຄວາມຝັນ​ຄື "ການອະທິບາຍ" ຄວາມໝາຍຂອງຄວາມຝັນ</li><li>ໃນພຣະຄຳ​ພີເດີມພຣະເຈົ້າຈະຊົງສຳແດງແກ່ຜູ້ຄົນວ່າຈະເ​ກີດສຶ່ງໃດຂື້ນໃນອານາຄົດ ດັ່ງນັ້ນການຕີຄວາມຂອງຄວາມຝັນເຫລົ່ານັ້ນກໍ່ໄປຄຳພຣະຍາກອນ</li><li>ຄຳວ່າ "ຕີຄວາມ" ສາມາດໃຊ້ຄາດຄະເນຄວາມໝາຍຂອງ​ສິ່ງອື່ນເຊັ່ນຄາດຄະເນວ່າອາກາດຈະເປັນຢ່າງໃດໂດຍໃຊ້ຂໍ້ມູນຈາກຄວາມຮ້ອນຫຼືຄວາມໜາວມີລົມແຮງຫຼືມີເມກຢ່າງໃດຢ່າງໜື່ງ</li><li>ວຶທີແປຄຳວ່າ "ຕີຄວາມ" ສາມາດລວມ "ຄາດຄະເນຄວາມໝາຍຂອງ" ຫຼື "ອະທຶບາຍ" ຫຼື "ໃຫ້ຄວາມໝາຍຂອງ"</li><li>ຄຳວ່າ "ການຕີຄວາມໝາຍຂອງ"ສາມາດແປວ່າ "ຄຳອະ​ທິບາຍ" ຫຼື"ຄວາມໝາຍ"</li></ul>  
isaac	<h2 id="section">@ອີຊາກ</h2><h3 id="section-1">ຂໍ້ເທັດຈິງ</h3><p>ອີຊາກເປັນລູກຊາຍຄົນດຽວຂອງອັບລາຮາມແລະຊາຣາ.ພຣະເຈົ້າໄດ້ຊົງສັນຍາວ່າຈະປະທານບຸດຊາຍໃຫ້ແກ່ພວກເຂົາເຖີງແມ່ນວ່າພວກເຂົາຈະເຖົ້າແກ່ແລ້ວ.</p><ul><li>ຊື່ "ອີຊາກ " ຫມາຍຄວາມວ່າ "ເຂົາຫົວຂວັນ " ເມື່ອພຣະເຈົ້າກ່າວກັບອັບລາຮາມວ່າເຂົາແລະຊາລາຈະມີບຸດຊາຍ, ອັບລາຮາມໄດ້ຫົວຂວັນ ເພາະເຂົາທັງສອງເຖົ້າແກ່ຫລາຍແລ້ວ. ຕໍ່ມາພາຍຫລັງ,ຊາຣາກໍໄດ້ຫົວຂວັນ  ເຫມືອນກັນເມື່ອເຂົາໄດ້ຮູ້ຈັກຂ່າວນີ້.</li><li>ແຕ່ພຣະເຈົ້າຊົງເຮັດໃຫ້ຄຳສັນຍາຂອງພຣະອົງສຳເລັດແລະອີຊາກກໍໄດ້ເກີດໃຫ້ອັບລາຮາມແລະຊາຣາໃນຊ້ວງພວກເຂົາຍັງເຖົ້າແກ່.</li><li>ພຣະເຈົ້າໄດ້ຊົງບອກອັບລາຮາມວ່າພັນທະສັນຍາທີ່ພຣະອົງໄດ້ເຮັດກັບອັບລາຮາມຈະເປັນຂອງອີຊາກແລະຜູ້ສຶບເຊື້ອສາຍຂອງເຂົາຕລອດການ.</li><li>ເມື່ອອີຊາກເປັນຫມຸ່ມ,ພຣະເຈົ້າຊົງທົດສອບຄວາມເຊື່ອຂອງອັບລາຮາມໂດຍສັ່ງເຂົາໃຫ້ຖວາຍບູຊາອີຊາກ.</li><li>ລູກຂອງອີຊາກຄືຢາໂຄບຜູ້ຊຶ່ງມີລູກຊາຍສິບສອງຄົນ ພາຍຫລັງເຊື້ອສາຍຂອງພວກເຂົາໄດ້ກາຍມາເປັນສິບສອງເຜົ່າຂອງຊົນຊາດອິສລະເອນ.</li></ul>  
isaiah	<h2 id="section">@ເອຊາຢາ</h2><h3 id="section-1">ຂໍ້ເທັດຈິງ</h3><p>ເອຊາຢາເປັນຜູ້ປະກາດພຣະຄຳຂອງພຣະເຈົ້າຜູ້ປະກາດພຣະຄຳໃນຊ້ວງການຄອງລາດຂອງກະສັດສີ່ອົງ ຂອງ ຢູດາ ຄື :ອຸດຊີຢາ,ໂຢທາມ,ອາ​ຮາດ,ແລະ ເຮເຊກີຢາ.</p><ul><li>ເຂົາໄດ້ອາໃສຢູ່ໃນກຸງເຢຣູຊາເລັມ ໃນຊ່ວງເວລາທີ່ອັດຊີເຣຍກຳລັງໂຈມຕີເມືອງຫຼວງ.ລະຫວ່າງການປົກຄອງຂອງເຫເຊກີຢາ.</li><li>ໃນພັນທະສັນຍາເດີມພຮະຄຳເອຊາຢາເປັນຫນັງສືສຳຄັນໃນພຣະຄຳພີ.</li><li>ເອຊາຢາຂຽນຖ້ອຍຄຳທີ່ປະກາດພຣະຄຳຫລາຍທີ່ສຸດທີ່ໄດ້ເກີດຂື້ນຈິງໃນຂະນະທີ່ເຂົາຍັງມີຊີວິດຢູ່.</li><li>ເອຊາຢາເປັນທີ່ຮູ້ຈັກຈາກຖ້ອຍຄຳທີ່ປະກາດພຣະຄຳທີ່ເຂົາຂຽນກ່ຽວກັບພຣະເມຊີອາທີ່ເກີດຂື້ນຈິງ 700 ປີຕໍ່ມາເມື່ອພຣະເຢຊູໄດ້ຊົງມີຊີວິດຢູ່ໃນໂລກນີ້.</li><li>ພຣະເຢຊູແລະສາວົກຂອງພຣະອົງໄດ້ອ້າງເຖີງຖ້ອຍຄຳທີ່ປະກາດພຣະຄຳຂອງເອຊາຢາເພື່ອສອນຜູ້ຄົນກ່ຽວກັບພຣະເມຊີອາ.</li></ul>  
ishmael	<h2 id="section">@ອິດຊະມາເອນ</h2><h3 id="section-1">ຂໍ້ເທັດຈິງ</h3><p>ອິດຊະມາເອນເປັນລູກຊາຍຂອງອັບລາຮາມແລະຄົນຮັບໃຊ້ຂອງຊາຣາຄືຮາກາ ມີຜູ້ຊາຍຫລາຍຄົນໃນພ​ັນ​ທະ​ສັນ​ຍາເດີມທີ່ມີຊື່ວ່າອິດຊະມາເອນ.</p><ul><li>ຄຳວ່າ "ອິດຊະມາເອນ " ຫມາຍເຖີງ "ພຣະເຈົ້າຊົງໄດ້ຍິນ "</li><li>ພຣະເຈົ້າຊົງສັນຍາ ວ່າ ຈະອວຍພອນລູກຊາຍຂອງອັບລາຮາມ ຄື ອິດຊະມາເອນ ແຕ່ເຂົາບໍ່ແມ່ນລູກຊາຍທີ່ພຣະເຈົ້າໄດ້ຊົງສັນຍາວ່າຈະເຮັດພັນທະສັນຍາດ້ວຍ.</li><li>ພຣະເຈົ້າຊົງປົກປ້ອງຮາກາ ແລະ ອິດຊະມາເອນເມື່ອເຂົາຖືກສົ່ງອອກໄປໃນທະເລຊາຍ.</li><li>ອິດຊະມາເອນລູກຊາຍຂອງເນທາລີຢາເປັນເຈົ້າຫນ້າທີ່ກອງທັບຈາກຢູດາ ຜູ້ທີ່ໄດ້ນຳກຸ່ມຜູ້ຊາຍໄປຂ້າ​ຜູ້​ວ່າ​ລາດ​ຊະ​ການ​ຜູ້​ທີ່​ຖຶກ​ແຕ່ງ​ຕັ້ງ​ໂດຍ​ກະ​ສັດເນ​ບູ​ກາ​ເນັດ​ຊາ.</li><li>ມີ​ຜູ້​ຊາຍ​ອີກ​ສີ່​ຄົນ​ທີ່​ມີ​ຊື່​ວ່າ​ອິດ​ຊະ​ມາ​ເອນ​ໃນ​ພ​ັນ​ທະ​ສັນ​ຍາ​ເດີມ</li></ul>  
israel	<h2 id="section">@ອິດ​ສ​ະ​ຣາເອນ,ຄົນອິດສະຣາເອນ,ຊົນຊາດອິດສາ​ຣະະເອນ</h2><h3 id="section-1">ນິຍາມ</h3><p>ຄຳວ່າ "ອິດສະຣາເອນ " ເປັນຊື່ທີ່ພຣະເຈົ້າປະທານໃຫ້ແກ່ຢາໂຄບ. ອິດສະຣາເອນຫມາຍຄວາມວ່າ "ເຂົາປ້ຳສູ້ກັບພຣະເຈົ້າ "</p><ul><li>ເຊື້ອສາຍຂອງຢາໂຄບກາຍເປັນຜູ້ຮູ້ຈັກໃນວ່າ "ປະຊາຊົນອິດສະຣາເອນ"</li></ul><p>"ຊົນຊາດອິດສະຣາເອນ " ຫລື "ຄົນອິດສະຣາເອນ "</p><ul><li>ພຣະເຈົ້າຊົງເຮັດພັນທະສັນຍາກັບປະຊາຊົນອິດສະຣາເອນ ພວກເຂົາເປັນປະຊາຊົນທີ່ພຣະອົງຊົງເລືອກ.</li><li>ປະເທດອິດສະຣາເອນປະກອບດ້ວຍສິບສອງເຜົ່າ.</li><li>ຫລັງຈາກກະສັດໂໍຊໂລໂມນສີ້ນ​ພະ​ຊົນບໍ່ດົນ ອິດສະຣາເອນຖືກແບ່ງເປັນສອງອານາຈັກ ຄື ອານາຈັກທາງ​ພາກໃຕ້ ເອີ້ນວ່າ "ຢູດາ " ແລະ ອານາຈັກທາງ​ພາກເຫນືອ ເອີ້ນວ່າ "ອິດສະຣາເອນ "</li><li>ຫລາຍ​ເທືຶ່ອ ຄຳວ່າ "ອິດສະຣາເອນ " ສາມາດແປວ່າ "ປະຊາຊົນອິດສະຣາເອນ " ຫລື "ຊົນຊາດອິດສະຣາເອນ " ຂື້ນຢູ່ກັບ​ກໍ​​ລະ​ນີ.</li></ul>  
issachar	<h2 id="section">@ອິດ​ຊາຄາ</h2><h3 id="section-1">ຂໍ້ເທັດຈິງ</h3><p>ອິດ​ຊາຄາເປັນລູກຊາຍຄົນທີຫ້າຂອງຢາໂຄບ ແມ່ຂອງເຂົາຄື ເລອາ.</p><ul><li>ເຜົ່າອິດຊາຄາເປັນນື່ງໃນສິບສອງເຜົ່າຂອງອິດສະຣາເອນ.</li><li>ແຜ່ນດິນຂອງອິດຊາຄາຖືກລ້ອມຮອບດ້ວຍເນັບທາລີ,ເຊບູໂລນ,ມານາເຊ,ແລະກາດ.</li><li>ແຜ່ນດິນນີ້ຕັ້ງຢູ່ທາງທິດໃຕ້ຂອງທະເລກາລີເລ.</li></ul>  
iyahweh	<h2 id="section">@ເຮົາ,ພຣະຢາເວ</h2><h3 id="section-1">ນິຍາມ</h3><p>ຫລາຍຄັ້ງໃນພຣະສັນຍາເດີມ ເມື່ອພຣະເຈົ້າຊົງກ່າວ ກ່ຽວກັບພຣະອົງ,ພຣະອົງຊົງໃຊ້ພຣະນາມຂອງພຣະອົງແທນຄຳແທນນາມ.</p><ul><li>ຍົກຕົວຢ່າງເຊ່ນ ແທນທີ່ຈະເວົ້າວ່າ "ຈົ່ງໃຫ້ກຽດແກ່ເຮົາ " ພຣະອົງກ່າວວ່າ " ຈົ່ງໃຫ້ກຽດແກ່ພຣະຢາເວ "</li><li>ທຳໃຫ້ຊັດເຈນວ່າພຣະເຈົ້າຊົງເປັນຜູ້ທີ່ກຳລັງກ່າວກ່ຽວກັບພຣະອົງເອງ ສະບັບ ULB ມັກຈະແປຄຳນີ້ໂດຍການເຕີ່ມຄຳແທນນາມ ເຊັ່ນໃນ " ຈົ່ງໃຫ້ກຽດແກ່ເຮົາ ພຣະຢາເວ " ຫລື "ເຮົາ ພຣະຢາເວກ່າວ "</li><li>ໂດຍການເຕີ່ມຄຳແທນນາມ "ເຮົາ " ULB  ໄດ້ຊີ້ໃຫ້ຜູ້ອ່ານເຫັນວ່າ ພຣະເຈົ້າເປັນຜູ້ກ່າວ.</li></ul><h3 id="section-2">ຄຳແນະນຳໃນການແປ</h3><ul><li>ຜູ້ແປບາງຄົນອາດຕັດສິນໃຈວ່າ ມັນ​ຈະເປັນທຳມະຊາດ ແລະ ຊັດເຈນຫລາຍກ່ວາໃນພາສາຂອງຕົນ ຫາກແປກົງຕາມຂໍ້ຄວາມທີ່ປະກົດ ແລະ ໃຊ້ຄຳວ່າ "ພຣະຢາເວ " ໂດຍບໍ່ເພີ້ມຄຳແທນນາມລົງໄປ.</li><li>ບາງຄົນອາດຕັດສິນໃຈທີ່ຈະໃຊ້ຄຳແທນນາມກັບພຣະຢາເວ ພຽງບໍ່ຈັກຄັ້ງໃນຊ້ວງເລີ້ມຕົ້ນຂອງຂໍ້ຄວາມ ແຕ່ຕໍ່ມາກໍບໍ່ເອົາຄຳແທນນາມ ໃນສ່ວນທີ່ເຫລືອຂອງສ່ວນນັ້ນ ຕົວຢ່າງຂອງ ULB ໃນບ່ອນນີ້ຄື ພະບັນຍັດສອງ 5:9-16</li><li>ຈະເປັນການດີທີ່ສຸດຖ້າສາມາດຮັກສາພຣະນາມພຣະຢາເວໄວ້ໃນຈຸດທີ່ປາກົດກົງຕາມຕົວອັກສອນໃນຂໍ້ຄວາມ, ແຕ່ສະບັບແປບາງສະບັບອາດຕັດສິນໃຈທີ່ຈະໃຊ້ພຽງຄຳແທນນາມໃນບາງຈຸດ ເພື່ອໃຫ້ຂໍ້ຄວາມເປັນທຳມະຊາດ ແລະຊັດເຈນຫລາຍຂື້ນ.</li><li>ນີ້ເປັນຂໍ້ສະຫລຸບຂອງວິທີທີ່ສາມາດຈະແປຄຳວ່າ  "ພຣະຢາເວ"ເມື່ອພຣະເຈົ້າກຳລັງກ່າວ.</li><li>"ພຣະຢາເວ "</li></ul>  
jacob	<h2 id="section">@ຢາໂຄບ,ອິດສະຣາແອນ</h2><h3 id="section-1">ຂໍ້ເທັດຈິງ</h3><p>ຢາໂຄບເປັນລູກຝາແຝດຜູ້ນ້ອງຂອງອີຊາກແລະເຣເບກາ.</p><ul><li>ຊື່ຂອງຢາໂຄບມີຄວາມໝາຍວ່າ " ຈັບສົ້ນໜ່ອງ"ຊຶ່ງເປັນຄຳເວົ້າ​ທີ່ໝາຍຄວາມວ່າ, " ລາວຫຼອກລວງ." ເມື່ອຢາໂຄບກຳລັງເກີດມາ, ລາວໄດ້ຈັບສົ້ນໜ່ອງຂອງຄູ່ຝາແຝດຂອງລາວຄືເອຊາວ.</li><li>ຫຼາຍປີຕໍ່ມາ, ພຣະເຈົ້າໄດ້ປ່ຽນຊື່ຂອງຢາໂຄບເປັນ " ອິດສະຣາເອນ, " ເຊິ່ງໝາຍຄວາມວ່າ, " ລາວປຳ້ສູ້ກັບພຣະເຈົ້າ."</li><li>ຢາໂຄບ ເປັນຄົນສະຫຼາດ ແລະມີເລ້ຫຼ່ຽມ. ລາວຫາວິທີທີ່ຈະຍາດເອົາພຣະພອນຂອງລູກຊາຍກົກ ແລະເອົາກຳມະສິດໃນການຮັບມໍລະດົກຂອງອ້າຍລາວຄື, ເອຊາວ.</li><li>ເອຊາວ ຢາກຮ້າຍ ແລະໄດ້ວາງແຜນຂ້າລາວ, ດັ່ງນັ້ນ ຢາໂຄບຈຶ່ງໄດ້ອອກຈາກບ້ານເກີດເມືອງນອນໄປ. ແຕ່ຫຼາຍປີຕໍ່ມາ ຢາໂຄບໄດ້ກັບຄືນມາພ້ອມເມັຍແລະລູກຫຼານເຂົ້າສູ່ແຜ່ນດິນການາອານ ທີ່ເອຊາວໄດ້ອາໃສຢູ່, ແລະຄອບຄົວຂອງລາວທັງສອງ ກໍ່ອາໃສຢູ່ຮ່ວມກັນດ້ວຍຄວາມສະຫງົບສຸກ.</li><li>ຢາໂຄບ ມີລູກຊາຍສິບສອງຄົນ. ເຊື້ອສາຍຂອງພວກເຂົາໄດ້ກາຍມາເປັນຄົນສິບສອງເຜົ່າຂອງອິດສະຣາເອນ.</li><li>ມີຊາຍຄົນອື່ນອີກທີ່ມີຊື່ວ່າ ຢາໂຄບ ຕາມລຳດັບເຊື້ອວົງຂອງໂຢເຊັບ ໃນພຣະທັມມັດທາຍ.</li></ul>  
james brother of jesus	<h2 id="section">@ຢາໂກໂບ @(ນ້ອງຊາຍຂອງພຣະເຢຊູ)</h2><h3 id="section-1">ຂໍ້ເທັດຈິງ</h3><p>ຢາໂກໂບ ເປັນລູກຊາຍຂອງມາຣີແລະໂຢເຊັບ. ລາວແມ່ນໜຶ່ງ ໃນນ້ອງຊາຍຂອງພຣະເຢຊູເຈົ້າ.</p><ul><li>ພວກນ້ອງອີກເຄິ່ງໜຶ່ງຂອງພຣະເຢຊູຄຣິດເຈົ້າ ແມ່ນ ໂຢເຊັບ, ຢູດາ, ແລະຊີໂມນ.</li><li>ໃນໄລຍະການດຳເນີນຊີວິດຂອງພຣະເຢຊູເຈົ້າ, ຢາໂກໂບ ແລະພີ່ນ້ອງຂອງລາວ ບໍ່ເຊື່ອວ່າພຣະເຢຊູຄຣິດເຈົ້າ ເປັນພຣະເມຊີອາ.</li><li>ຕໍ່ມາ, ຫລັງຈາກທີ່ພຣະເຢຊູເຈົ້າ ເປັນຄືນມາຈາກຄວາມຕາຍ, ຢາໂກໂບຈຶ່ງເຊື່ອໃນພຣະອົງ ແລະໄດ້ກາຍມາເປັນຜູ້ນຳຂອງຄຣິສະຕະຈັກໃນນະຄອນເຢຣູຊາເລັມ.</li><li>ໃນພຣະສັນຍາໃໝ່ ພຣະທັມຢາໂກໂບ ເປັນຈົດໝາຍທີ່ຢາໂກໂບໄດ້ຂຽນສົ່ງໄປເຖິງຄຣິດສະຕຽນ ທີ່ໜີໄປປະເທດອື່ນໆ ຍ້ອນປົບໜີຈາກການຖືກກົດຂີ່ຂົ່ມເຫັງ.</li></ul>  
james son of alphaeus	<h2 id="section">@ຢາໂກໂບ @(ລູກຊາຍຂອງອາລະຟາຍ)</h2><h3 id="section-1">ຂໍ້ເທັດຈິງ</h3><p>ຢາໂກໂບ, ລູກຊາຍຂອງອາລະຟາຍ, ເປັນຄົນໜຶ່ງໃນອັກຄະສາວົກສິບສອງຄົນຂອງພຣະເຢຊູຄຣິດເຈົ້າ.</p><ul><li>ຊື່ລາວມີຢູ່ໃນລາຍຊື່ຂອງສາວົກຂອງພຣະເຢຊູຄ​ຣິດເຈົ້າ ໃນຂ່າວປະເສີດຂອງພຣະທັມມັດທາຍ, ມາຣະໂກ, ແລະລູກາ.</li><li>ລາວຍັງຖືກກ່າວເຖິງໃນພຣະທຳກິດຈະການ ໃນຖານະທີ່ເປັນໜຶ່ງໃນສາວົກສິບເອັດຄົນ ທີ່ມາອະທິຖານຮ່ວມກັນໃນນະຄອນເຢຣູຊາເລັມ ຫລັງຈາກທີ່ພຣະເຢຊູເຈົ້າ ສະເດັດຂຶ້ນສູ່ສະຫວັນແລ້ວ.</li></ul>  
james son of zebedee	<h2 id="section">@ຢາໂກໂບ @(ລູກຊາຍຂອງເຊເບດາຍ)</h2><h3 id="section-1">ຂໍ້ເທັດຈິງ</h3><p>ຢາໂກໂບ, ລູກຊາຍຂອງເຊເບດາຍ ເປັນໜຶ່ງໃນອັກຄະສາວົກສິບສອງຄົນຂອງພຣະເຢຊູເຈົ້າ. ລາວມີນ້ອງຊາຍຄົນໜຶ່ງ ຊື່ວ່າໂຢຮັນ ເຊິ່ງເປັນໜຶ່ງໃນອັກຄະສາວົກຂອງພຣະເຢຊູເຈົ້າຄືກັນ.</p><ul><li>ຢາໂກໂບແລະໂຢຮັນ ນ້ອງຊາຍຂອງລາວ ເຮັດວຽກໂດຍການຫາປາ ຮ່ວມກັບເຊເບດາຍ ພໍ່ຂອງພວກລາວ.</li><li>ຢາໂກໂບແລະໂຢຮັນ ມີຊື່ຫລິ້ນວ່າ "ລູກຟ້າຮ້ອງ," ບາງເທື່ອຍ້ອນວ່າພວກເຂົາເປັນຄົນຮ້າຍໄວ.</li><li>ເປໂຕ, ຢາໂກໂບ, ແລະໂຢຮັນ ເປັນອັກຄະສາວົກທີ່ໃກ້ຊິດກັບພຣະເຢຊູເຈົ້າຫຼາຍທີ່ສຸດ ແລະໄດ້ຢູ່ກັບພຣະອົງໃນເຫດການທີ່ໜ້າງຶດງໍ້ ເຊັ່ນ ຕອນທີ່ພຣະເຢຊູຢູ່ເທິງເນີນພູກັບເອລີຢາແລະໂມເຊ ແລະເຫດການທີ່ພຣະເຢຊູເຈົ້າ ເຮັດໃຫ້ເດັກຍິງທີ່ຕາຍແລ້ວກັບຄືນມາມີຊີວິດອີກ.</li><li>ນີ້ແມ່ນຄົນລະຄົນກັບຢາໂກໂບ ທີ່ຂຽນໜັງສືໃນພຣະຄັມພີ. ໃນບາງພາສາ ອາດຈະຂຽນຊື່ຂອງພວກເຂົາຕ່າງກັນ ເພື່ອເຮັດໃຫ້ເຂົ້າໃຈງ່າຍຂຶ້ນວ່າບໍ່ແມ່ນຄົນດຽວກັນ.</li></ul>  
japheth	<h2 id="section">@ຢາເຟດ</h2><h3 id="section-1">ຂໍ້ເທັດຈິງ</h3><p>ຢາເຟດ ເປັນຄົນໜຶ່ງໃນລູກຊາຍສາມຄົນຂອງໂນອາ</p><ul><li>ໃນໄລຍະທີ່ນຳ້ຖ້ວມໂລກ ຈົນແຜ່ນດິນຖືກປົກຄຸມໄປດ້ວຍນ້ຳ, ຢາເຟດແລະອ້າຍນ້ອງສອງຄົນຂອງລາວ ຢູ່ກັບໂນອາໃນເຮືອ, ພ້ອມກັບເ​ມັຍຂອງພວກເຂົາ.</li><li>ລູກຊາຍທັງຫລາຍຂອງໂນອາມັກຈະຖືກຈັດເຂົ້າໃນລຳດັບທີ່ວ່າ "ເຊມ, ຮາມ, ແລະຢາເຟດ." ນີ້ສະແດງວ່າ ຢາເຟດ ເປັນລູກຊາຍຫລ້າ.</li></ul>  
jealous	<h2 id="section">@ຫຶງຫວງ, @ຄວາມຫຶງຫວງ</h2><h3 id="section-1">ນິຍາມ</h3><p>ຄຳວ່າ "ຫຶງຫວງ" ແລະ "ຄວາມຫຶງຫວງ" ເວົ້າເຖິງຄວາມປາຖະໜາອັນແຮງກ້າທີ່ຈະປົກປ້ອງຄວາມບໍຣິສຸດຂອງຄວາມສຳພັນ. ແລະຍັງສາມາດເວົ້າເຖິງຄວາມປາຖະໜາອັນແຮງກ້າທີ່ຈະຮັກສາຄວາມເປັນເຈົ້າຂອງບາງສິ່ງ ຫຼືບາງຄົນ.</p><ul><li>ຄຳເຫຼົ່ານີ້ມັກຈະໃຊ້ເພື່ອອະທິບາຍຄວາມຮູ້ສຶກຢາກຮ້າຍຂອງບຸກຄົນທີ່ມີຕໍ່ຄູ່ສົມຣົດທີ່ບໍ່ສັດຊື່ໃນການແຕ່ງງານຂອງພວກເຂົາ.</li><li>ເມື່ອໃຊ້ໃນພຣະຄຳພີ, ຄຳເຫຼົ່ານີ້ມັກຈະໝາຍເຖິງຄວາມປາຖະໜາອັນແຮງກ້າຂອງພຣະເຈົ້າທີ່ມີໃຫ້ປະຊາຊົນຂອງພຣະອົງຮັກສາຄວາມບໍຣິສຸດ ແລະ ບໍ່ມີມົນທິນໂດຍຄວາມບາບ</li><li>ພຣະເຈົ້າຍັງຊົງ "ຫຶງຫວງ" ສຳຫຼັບພຣະນາມຂອງພຣະອົງ, ເພື່ອໃຫ້ພຣະນາມນັ້ນໄດ້ຮັບການປະຕິບັດດ້ວຍກຽດແລະຄວາມໂຄລົບນັບຖື.</li><li>ຄວາມໝາຍອີກຢ່າງໜຶ່ງຂອງຄຳວ່າຫຶງຫວງ ແມ່ນກ່ຽວກັບຄວາມຮູ້ສຶກຢາກຮ້າຍ ທີ່ເຫັນຄົນອື່ນໄດ້ຮັບຜົນສຳເລັດຫຼືມີຊື່ສຽງດີກວ່າ ສິ່ງນີ້ມີຄວາມໝາຍໃກ້ຄຽງກັບຄຳວ່າ “ອິດສາ.”</li></ul><h3 id="section-2">ຄຳແນະນຳໃນການແປ</h3><ul><li>ວິທີອື່ນອີກທີ່ຈະແປຄຳວ່າ “ຫຶງຫວງ“ ສາມາດເວົ້າໄດ້ວ່າ,”ຄວາມປາຖະໜາອັນແຮງກ້າທີ່ຈະປ້ອງກັນ“ ຫຼື “ຄວາມປາຖະໜາທີ່ຈະເປັນຜູ້ຄອບຄອງ.”</li><li>ຄຳວ່າ “ຄວາມຫຶງຫວງ“ ສາມາດແປໄດ້ວ່າ “ຄວາມຮູ້ສຶກອັນແຮງກ້າທີ່ຈະປົກປ້ອງ“ ຫຼື “ຄວາມຮູ້ສຶກໃນການເປັນຜູ້ຄອບຄອງ“</li><li>ເມື່ອເວົ້າເຖິງພຣະເຈົ້າ,ໃຫ້ໝັ້ນໃຈວ່າຄຳແປຂອງຄຳເຫຼົ່ານີ້ບໍ່ໄດ້ມີຄວາມໝາຍໃນທາງລົບຂອງຄວາມຮູ້ສຶກເຈັບແຄ້ນໃຈກັບຄົນອື່ນ.</li><li>ໃນສະພາບການຂອງຄົນທີ່ມີຄວາມຮູ້ສຶກຜິດໃນຄວາມຢາກຮ້າຍຕໍ່ຄົນອື່ນທີ່ໄດ້ຮັບຄວາມສຳເລັດ​ຫຼາຍກວ່າ,ຄຳວ່າ “ຢ້ານລື່ນ“ ຫຼື “ອິດສາ“ ສາມາດໃຊ້ໄດ້.ແຕ່ຄຳເຫຼົ່ານີ້ບໍ່ຄວນໃຊ້ກັບພຣະເຈົ້າ.</li></ul>  
jebusites	<h2 id="section">@ຄົນເຢບຸດ</h2><h3 id="section-1">ຂໍ້ເທັດຈິງ</h3><p>ຄົນເຢບຸດເປັນກຸ່ມຄົນທິ່ດຳລົງຊີວິດໃນແຜ່ນດິນການາອານ. ພວກເຂົາສືບເຊື້ອສາຍມາຈາກລູກຊາຍຂອງຮາມຄືການາອານ.</p><ul><li>ຄົນເຢບຸດໄດ້ດຳລົງຊີວິດຢູ່ໃນເມືອງເຢບຸດ,ຊຶ່ງຕໍ່ມາຊື່ນີ້ໄດ້ປ່ຽນມາເປັນເຢຣູຊາເລັມໃນຕອນທີ່ກະສັດດາວິດໄດ້ຊະນະເມືອງນີ້.</li><li>ເມຄີເຊເດັກ,ກະສັດຂອງຊາເລັມ,ບາງເທື່ອອາດເປັນຕົ້ນກຳເນີດຂອງຄົນເຢບຸດ.</li></ul>  
jehoiachin	<h2 id="section">@ເຢໂຮອາກິນ</h2><h3 id="section-1">ຂໍ້ເທັດຈິງ</h3><p>ເຢໂຮອາກິນເປັນກະສັດອີກອົງໜຶ່ງທີ່ປົກຄອງຢູ່ເໜືອອານາຈັກຢູດາ</p><ul><li>ເຢໂຮອາກິນໄດ້ເປັນກະສັດເມື່ອຕອນອາຍຸ 18 ປີ ພຣະອົງໄດ້ປົກຄອງພຽງສາມເດືອນແລະຫຼັງຈາກນັ້ນພຣະອົງໄດ້ຖືກຈັບໂດຍກອງທັບບາບີໂລນແລະຖືກນຳຕົວໄປບາບີໂລນ.</li><li>ໃນໄລຍະອັນສັ້ນທີ່ໄດ້ປົກຄອງນັ້ນ,ເຢໂຮອາກິນໄດ້ເຮັດສິ່ງທີ່ຊົ່ວຮ້າຍຄືກະສັດມານາເຊຜູ້ເປັນປູ່ແລະກະສັດເຢໂຮອາກິມຜູ້ເປັນພໍ່ໄດ້ເຮັດ.</li></ul>  
jehoiada	<h2 id="section">@ເຢໂຮຍອາດາ</h2><h3 id="section-1">ຂໍ້ເທັດຈິງ</h3><p>ເຢໂຮຍອາດາ ແມ່ນປະໂຣຫິດທີ່ຊ່ອຍເຊື່ອງແລະປ້ອງກັນຮັກສາລູກຊາຍຂອງກະສັດອາຮາຊີຢາ ຄື ໂຢອາດ ຈົນເຕີບໃຫຍ່ພ້ອມທີ່ຈະປະກາດໃຫ້ເປັນກະສັດໄດ້.</p><ul><li>ເຢໂຮຍອາດາ ໄດ້ແຕ່ງທະຫານຫຼາຍຮ້ອຍຄົນ ເພື່ອປ້ອງກັນຮັກສາໂຢອາດທີ່ຍັງນ້ອຍຢູ່ ໃນເວລາທີ່ເພິ່ນໄດ້ຮັບການແຕ່ງຕັ້ງໃຫ້ຂຶ້ນເປັນກະສັດ ໂດຍປະຊາຊົນໃນວິຫານ.</li><li>ເຢໂຮຍອາດາ ໄດ້ພາປະຊາຊົນທຳລາຍແທ່ນບູຊາທັງໝົດທີ່ເປັນຂອງພະທຽມ ຄື ພະບາອານ.</li><li>ໃນໄລຍະເວລາທີ່ຍັງມີຊີວິດ,ປະໂຣຫິດເຢໂຮຍອາດາໄດ້ໃຫ້ຄຳແນະນຳແກ່ກະສັດໂຢອາດເພື່ອໃຫ້ເພິ່ນເຊື່ອຟັງພຣະເຈົ້າແລະປົກຄອງປະຊາຊົນດ້ວຍຄວາມສະຫຼາດ.</li><li>ຜູ້ຊາຍອີກຄົນໜຶ່ງທີ່ຊື່ເຢໂຮຍອາດາເປັນພໍ່ຂອງເບນີຢາ.</li></ul>  
jehoiakim	<h2 id="section">@ເຢໂຮຍອາກິມ</h2><h3 id="section-1">ຂໍ້ເທັດຈິງ</h3><p>ເຢໂຮຍອາກິມເປັນກະສັດຊົ່ວຮ້າຍທີ່ປົກຄອງອານາຈັກຢູດາເລິ່ມຕົ້ນປະມານ 608 ປີກ່ອນຄຣິສຕະສັກກະຣາດ ພຣະອົງເປັນລູກຊາຍຂອງກະສັດໂຢສີຢາ.ຊື່ເດີມຂອງພຣະອົງແມ່ນເອລີອາກິມ.</p><ul><li>ເນໂກຟາໂຣຂອງເອຢິບໄດ້ປ່ຽນຊື່ຂອງເອລີຢາກິມເປັນເຢໂຮຍອາກິມແລະແຕ່ງຕັ້ງໃຫ້ເພິ່ນເປັນກະສັດຂອງຢູດາ.</li><li>ເນໂກບັງຄັບໃຫ້ເຢໂຮຍອາກິມເສັຍພາສີໃນອັດຕາທີ່ສູງໃຫ້ແກ່ເອຢິບ.</li><li>ຕໍ່ມາຢູດາຖືກຮຸກຮານໂດຍກະສັດເນບູກາດເນັດຊາ,ເຢໂຮຍອາກິມເປັນໜຶ່ງໃນຄົນເຫຼົ່ານັ້ນທີ່ຖືກຈັບແລະຖືກນຳຕົວໄປທີ່ບາບີໂລນ.</li><li>ເຢໂຮຍອາກິມເປັນກະສັດທີ່ຊົ່ວຮ້າຍເພິ່ນໄດ້ນຳຢູດາອອກຫ່າງຈາກພຣະເຈົ້າຢາເວ.ຜູ້ທຳນວາຍເຢເຣມີຢາໄດ້ກ່າວທຳນວາຍຕັກເຕືອນເພິ່ນ.</li></ul>  
jehoram	<h2 id="section">@ເຢໂຮຣາມ,ໂຢຣາມ</h2><h3 id="section-1">ຂໍ້ເທັດຈິງ</h3><p>ເຢໂຮຣາມເປັນຊື່ຂອງກະສັດທີ່ຕ່າງກັນສອງພຣະອົງໃນພຣະຄຳພີເດີມ.ກະສັດທັງສອງນີ້ຍັງມີຊື່ວ່າ “ໂຢຣາມ“.</p><ul><li>ກະສັດເຢໂຮຣາມອົງໜຶ່ງປົກຄອງອານາຈັກຢູດາເປັນເວລາແປດປີ.ພຣະອົງເປັນລູກຊາຍຂອງກະສັດເຢໂຮຊາຟັດ.ນີ້ແມ່ນກະສັດທີ່ຮູ້ຈັກກັນດີໃນນາມຊື່ “ເຢໂຮຣາມ“.</li><li>ກະສັດເຢໂຮຣາມອີກອົງໜຶ່ງຊົງປົກຄອງອານາຈັກອິດສະຣາເອນເປັນເວລາສິບສອງປີ. ເພິ່ນເປັນລູກຊາຍຂອງກະສັດອາຮາບ.</li><li>ກະສັດເຢໂຮຣາມແຫ່ງຢູດາຊົງປົກຄອງໃນໄລຍະເວລາຂອງຜູ້ທຳນວາຍເຢເຣມີຢາ,ດານີເອນ,ໂອບາດີຢາ,ແລະເອເຊກຽນ ທີ່ໄດ້ທຳນວາຍໃນອານາຈັກຢູດາ.</li><li>ເຢໂຮຣາມກໍ່ໄດ້ປົກຄອງໃນຊ່ວງເວລາໜຶ່ງທີ່ກະສັດເຢໂຮຊາຟັດພໍ່ຂອງເພິ່ນປົກຄອງຢູດາ.</li><li>ການແປບາງສະບັບອາດເລືອກທີ່ຈະໃຊ້ຊື່ “ເຢໂຮຣາມ“ ຢ່າງສະໝ່ຳສະເໝີ​ເມື່ອກະສັດອົງນີ້ຂອງອິດສະຣາເອນໄດ້ກ່າວເຖິງໃນຊື່ “ໂຢຣາມ“ ສຳ​ຫຼັບກະສັດຂອງຢູດາ.</li><li>ອີກວິທີນຶ່ງທີ່ຈະລະບຸຢ່າງຈະແຈ້ງແຕ່ລະ​ຊື່ຄວນ​ຈະລວມເອົາຊື່ພໍ່​ຂອງ​ລາວ​ລົງ​ທ້າຍ.</li></ul>  
jehoshaphat	<h2 id="section">@ເຢໂຮຊາຟັດ</h2><h3 id="section-1">ຂໍ້ເທັດຈິງ</h3><p>ເຢໂຮຊາຟັດເປັນຊື່ຂອງຜູ້ຊາຍຢ່າງນ້ອຍສອງຄົນໃນພຣະຄຳເດີມ.</p><ul><li>ຜູ້ຊາຍທີ່ຮູ້ຈັກດີທີ່ສຸດໃນທີ່ນີ້ແມ່ນກະສັດເຢໂຮຊາຟັດເຊິ່ງເປັນກະສັດອົງທີ່ ສີ່ທີ່ປົກຄອງອານາຈັກຢູດາ.</li><li>ພຣະອົງໄດ້ຟື້ນຟູຄວາມສະຫງົບສຸກລະຫວ່າງຢູດາແລະອິດສະຣາເອນ,ແລະໄດ້ທຳລາຍພະທຽມ.</li><li>ເຢໂຮຊາຟັດອີກຜູ້ໜຶ່ງແມ່ນ “ຜູ້ບັນທຶກ“ ສຳຫລັບດາວິດແລະໂຊໂລໂມນ.ໜ້າທີ່ຂອງລາວແມ່ນຂຽນເອກະສານໃຫ້ກະສັດລົງລາຍເຊັນແລະບັນທຶກປະຫວັດຂອງເຫດການສຳຄັນຕ່າງໆທີ່ເກີດຂຶ້ນໃນອານາຈັກ.</li></ul>  
jehu	<h2 id="section">@ເຢຮູ</h2><h3 id="section-1">ຂໍ້ເທັດຈິງ</h3><p>ເຢຮູແມ່ນຊື່ຜູ້ຊາຍສອງຄົນໃນພຣະຄຳພີເດີມ.</p><ul><li>ເຢຮູລູກຊາຍຂອງຮານານີເປັນຜູ້ທຳນວາຍໃນສະໄໝຂອງກະສັດອາຮາບແຫ່ງອິດສະຣາເອນແລະກະສັດເຢໂຮຊາຟັດແຫ່ງຢູດາ.</li><li>ເຢຮູລູກຊາຍ ( ຫລືຜູ້ສືບເຊື້ອສາຍ ) ຂອງເຢໂຮຊາຟັດເປັນນາຍພົນໃນກອງທັບອິດສະຣາເອນ.</li><li>ເຢຮູໄດ້ຂ້າກະສັດຊົ່ວສອງຄົນຄື: ກະສັດໂຢຣາມແຫ່ງອິດສະຣາເອນແລະອາຮາດແຫ່ງຢູດາ.</li><li>ກະສັດເຢຮູຢັງໄດ້ຂ້າພີ່ນ້ອງທັງໝົດຂອງກະສັດອາຮາບຄົນກ່ອນລວມເຖິງພະຣາຊີນີຊົ່ວເຢເຊເບນ.</li><li>ເຢຮູໄດ້ທຳລາຍສະຖານທີ່ຕ່າງໆຂອງການນະມັດສະການພະບາອານໃນເມືອງຊາມາເຣຍແລະຂ້າຜູ້ທຳນວາຍຂອງພຣະບາອານທັງໝົດ.</li><li>ກະສັດເຢຮູໄດ້ຮັບໃຊ້ພຣະເຈົ້າ,ຢາເວ,ອົງທ່ຽງແທ້ ແລະເປັນກະສັດປົກຄອງອິດສະຣາເອນເປັນເວລາຊາວແປດປີ.</li></ul>  
jephthah	<h2 id="section">@ເຢັບທາ</h2><h3 id="section-1">ຂໍ້ເທັດຈິງ</h3><p>ເຢັບທາເປັນນັກລົບຈາກກິເລອາດເຊິ່ງເຮັດໜ້າທີ່ເປັນຜູ້ປົກຄອງຂອງອິດສະຣາເອນ.</p><ul><li>ໃນພຣະທຳເຮັບເຣີ 11:32, ເຢັບທາໄດ້ຮັບການຍ້ອງຍໍວ່າເປັນຜູ້ນຳທີ່ສຳຄັນທີ່ໄດ້ປົດປ່ອຍປະຊາຊົນຂອງລາວອອກຈາກສັດຕູຂອງພວກເຂົາ.</li><li>ລາວໄດ້ຊ່ວຍປົດປ່ອຍຊາວອິດສະຣາເອນອອກຈາກຄົນອຳໂມນແລະໄ​ດ້ນຳພາປະຊາຊົນຂອງລາວໃຫ້ເອົາຊະນະຊາວເອຟຣາອິມ.</li><li>ເຖິງຢ່າງໃດກໍ່ຕາມ,ເຢັບທາໄດ້ໃຫ້ຄຳສັນຍາທີ່ໂງ່ຈ້າແລະຮີບຮ້ອນຕໍ່ພຣະເຈົ້າເຊິ່ງສົ່ງຜົນໃຫ້ລາວຖວາຍລູກສາວຂອງລາວເປັນເຄື່ອງບູຊາ.</li></ul>  
jeremiah	<h2 id="section">@ເຢເຣມີຢາ</h2><h3 id="section-1">ຂໍ້ເທັດຈິງ</h3><p>ເຢເຣມີຢາເປັນຜູ້ທຳນວາຍຊອງພຣະເຈົ້າໃນອານາຈັກຢູດາ. ໃນພຣະສັນຍາເດີມພຣະທຳເຢເຣມີຢາໄດ້ບັນທຶກຄຳທຳນວາຍຕ່າງໆຂອງລາວ.</p><ul><li>ເຊັ່ນດຽວກັບຜູ້ທຳນວາຍສ່ວນຫລາຍ, ເຢເຣມີຢາມັກຈະເຕືອນປະຊາຊົນອິດສະຣາເອນວ່າພຣະເຈົ້າຈະລົງໂທດເຂົາສຳຫລັບຄວາມບາບຂອງພວກເຂົາ.</li><li>ເຢເຣມີຢາທຳນວາຍວ່າຊາວບາບີໂລນຈະເຂົ້າມາຢຶດເອົານະຄອນເຢຣູຊາເລັມ.ຊຶ່ງເຮັດໃຫ້ປະຊາຊົນບາງຄົນຄຽດແຄ້ນ.ສະນັ້ນພວກເຂົາຈຶ່ງເອົາລາວໂຍນລົງໄປໃນນຳ້ສ້າງເລິກທີ່ແຫ້ງ,ແລະປະລາວໃຫ້ຢູ່ທີ່ນັ້ນເພື່ອຕາຍ.ແຕ່ກະສັດແຫ່ງຢູດາສັ່ງໃຫ້ຜູ້ຮັບໃຊ້ຂອງເພິ່ນຊ່ວຍເອົາເຢເຣມີຢາຂຶ້ນມາຈາກນຳ້ສ້າງ.</li><li>ເຢເຣມີຢາ ຂຽນວ່າລາວປາຖະໜາໃຫ້ຕາທັງສອງຂ້າງເປັນ “ບໍ່ນຳ້ພຸແຫ່ງນຳ້ຕາ,“ ເພື່ອສະແດງຄວາມເສົ້າສະລົດໃຈຢ່າງເລິກເຊິ່ງຕໍ່ການກະບົດແລະຄວາມທຸກທໍລະມານຂອງປະຊາຊົນຂອງລາວ.</li></ul>  
jericho	<h2 id="section">@ເຢຣີໂກ</h2><h3 id="section-1">ຂໍ້ເທັດຈິງ</h3><p>ເຢຣີໂກເປັນເມືອງທີ່ມີອຳນາດໃນແຜ່ນດິນການາອານ. ມັນຕັ້ງຢູ່ທິດຕາເວັນຕົກຂອງແມ່ນ້ຳ​ຢໍແດນແລະຢູ່ທາງພາກເໜືອຂອງທະເລເກືອ.</p><ul><li>ເຊັ່ນດຽວກັນຊາວການາອານທຸກຄົນ, ປະຊາຊົນຂອງເຢຣີໂກນະມັດສະການພະເຈົ້າປອມ.</li><li>ເມືອງເຢລີໂກເປັນເມືອງທຳອິດໃນແຜ່ນດິນການາອານທີ່ພຣະເຈົ້າບອກໃຫ້ຊາວອິດສະຣາເອນຢຶດເອົາ.</li><li>ເມື່ອໂຢຊວຍນຳຊາວອິດສະຣາເອນຕໍ່ສູ້ເອົາເມືອງເຢຣີໂກ, ພຣະເຈົ້າໄດ້ເຮັດການອັດສະຈັນອັນຍິ່ງໃຫຍ່ເພື່ອຊ່ວຍພວກເຂົາເອົາຊະນະເມືອງນັ້ນໄດ້.</li></ul>  
jeroboam	<h2 id="section">@ເຢໂຣໂບອາມ</h2><h3 id="section-1">ຂໍ້ເທັດຈິງ</h3><p>ເຢໂຣໂບອາມລູກຊາຍຂອງເນບັດເປັນກະສັດຄົນທຳອິດຂອງອານາຈັກທາງພາກເໜືອຂອງອິດສະຣາເອນປະມານ 900-910 ປີກ່ອນຄຣິສຕະສັກກະຣາດ. ເຢໂຣໂບອາມອີກອົງໜຶ່ງ, ເປັນລູກຊາຍຂອງກະສັດໂຢອາດໄດ້ປົກຄອງອິດສະຣາເອນປະມານ120 ປີຕໍ່ມາ.</p><ul><li>ພຣະຢາເວໃຫ້ຄຳທຳນວາແກ່ເຢໂຣໂບອາມລູກຊາຍຂອງເນບັດວ່າເຂົາຈະເປັນກະສັດຕໍ່ຈາກຊາໂລໂມນແລະລາວຈະໄດ້ປົກຄອງປະຊາຊົນສິບເຜົ່າຂອງອິດສະຣາເອນ.</li><li>ເມື່ອກະສັດໂຊໂມນສິ້ນຊີວິດ,ສິບເຜົ່າທາງພາກເໜືອຂອງອິດສະຣາເອນໄດ້ກະບົດຕໍ່ກະສັດເຣໂຫໂບອາມລູກຊາຍຂອງກະສັດໂຊໂລໂມນແລະແຕ່ງຕັ້ງເຢໂຣໂບອາມໃຫ້ເປັນກະສັດຂອງພວກເຂົາແທນ, ປະໃຫ້ເຣໂຫໂບອາມເປັນກະສັດພຽງສອງເຜົ່າທາງໃຕ້ຄື: ຢູດາແລະເບັນຢາມິນ.</li><li>ເຢໂຣໂບອາມເປັນກະສັດທີ່ຊົ່ວຮ້າຍຫລາຍແລະເປັນຜູ້ທີ່ນຳປະຊາຊົນນະມັດສະການຮູບເຄົາຣົບແທນທີ່ຈະພາມານະມັດສະການພຣະເຈົ້າຢາເວ. ກະສັດທັງໝົດຂອງອິດສະຣາເອນກໍ່ໄດ້ເຮັດຕາມຕົວຢ່າງທີ່ຊົ່ວຮ້າຍຄືເຢໂຣໂບອາມ.</li><li>ເກືອບ 120 ປີຕໍ່ມາ, ກະສັດເຢໂຣໂບອາມອີກຜູ້ໜຶ່ງ ເລິ່ມປົກຄອງອານາຈັກທາງພາກເໜືອຂອງອິດສະຣາເອນ. ເຢໂຣໂບອາມຜູ້ນີ້ເປັນລູກຊາຍຂອງກະສັດໂຢອາດແລະເພິ່ນເປັນຄົນຊົ່ວຮ້າຍເໝືອນກັບບັນດາກະສັດໃນສະໄໝກ່ອນຂອງອິດສະຣາເອນ.</li><li>ເຖິງວ່າຈະເປັນແນວນັ້ນ,ພຣະເຈົ້າຍັງມີຄວາມເມດຕາຕໍ່ອິດສະຣາເອນແລະຊ່ວຍກະສັດເຢໂຣໂບອາມນີ້ໃຫ້ໄດ້ແຜ່ນດິນແລະຕັ້ງເຂດແດນສຳຫຼັບ​ດິນແດນຂອງພວກເຂົາ​.</li></ul>  
jerusalem	<h2 id="section">@ເຢຣູຊາເລັມ</h2><h3 id="section-1">ຂໍ້ເທັດຈິງ</h3><p>ເຢຣູຊາເລັມແຕ່ເດີມນັ້ນເປັນເມືອງບູຮານຂອງການາອານທີ່ຕໍ່ມາກາຍເປັນເມືອງທີ່ສຳຄັນທີ່ສຸດໃນອິດສະຣາເອນ. ມັນຕັ້ງຢູ່ປະມານ 34 ກິໂລແມັດທາງຕາເວັນຕົກຂອງທະເລເກືອພາກເໜືອຂອງເມືອງເບັດເລເຮັມ.ແລະຍັງເປັນເມືອງຫລວງຂອງອິດສະຣາເອນໃນປັດຈຸບັນ.</p><ul><li>ຊື່ ”ເຢຣູຊາເລັມ” ນິ້ຖືກກ່າວເຖິງເທື່ອທຳອິດໃນພຣະທຳໂຢຊວຍ. ຊື່ອື່ນໃນພຣະສັນຍາເດີມຂອງເມືອງນີ້ລວມມີ ”ຊາເລັມ,” ”ເມືອງຂອງເຢບຸດ,” ແລະ ”ຊີໂອນ.” ຄຳວ່າ ”ເຢຣູຊາເລັມ”ແລະ ”ຊາເລັມ” ມາຈາກຮາກສັບດຽວກັບໝາຍຄວາມວ່າ ”ສັນຕິສຸກ.”</li><li>ນະຄອນເຢຣູຊາເລັມແຕ່ເດີມເປັນເມືອງທີ່ໝັ້ນຂອງຊາວເຢບຸດທີ່ເອີ້ນວ່າ ”ຊີໂອນ” ເຊິ່ງກະສັດດາວິດໄດ້ຢຶດເອົາແລະສ້າງຂຶ້ນເປັນເມືອງຫລວງຂອງເພິ່ນ.</li><li>ໂຊໂລໂມນລູກຊາຍຂອງດາວິດໄດ້ສ້າງພຣະວິຫານແຫ່ງທຳອິດໃນນະຄອນເຢຣູຊາເລັມ, ເທິງພູໂມລີຢາ, ເຊິ່ງເປັນພູເຂົາທີ່ອັບຣາຮາມໄດ້ຖວາຍອີຊາກລູກຊາຍຂອງລາວໃຫ້ພຣະເຈົ້າ. ພຣະວິຫານໄດ້ຖືກສ້າງຂຶ້ນໃໝ່ຢູ່ທີ່ນັ້ນຫລັງຈາກທີ່ຖືກພວກບາບິໂລນທຳລາຍ.</li><li>ເນື່ອງຈາກວ່າພຣະວິຫານຕັ້ງຢູ່ໃນນະຄອນເຢຣູຊາເລັມ, ການສະເຫລີມສະຫລອງເທດສະການສຳຄັນຂອງຊາວຢິວຈຶ່ງໄດ້ຈັດຂຶ້ນຢູ່ທີ່ນັ້ນ.</li><li>ຄົນທົ່ວໄປມັກຈະກ່າວເຖິງການ ”ຂຶ້ນໄປ” ເຖິງນະຄອນເຢຣູຊາເລັມຍ້ອນວ່ານະຄອນນີ້ຕັ້ງຢູ່ເທິງພູເຂົາ.</li></ul>  
jesse	<h2 id="section">@ເຢຊີ</h2><h3 id="section-1">ຂໍ້ເທັດຈິງ</h3><p>ເຢຊີເປັນພໍ່ຂອງກະສັດດາວິດ, ແລະເປັນຫລານຊາຍຂອງນາງລູດແລະໂບອາດ.</p><ul><li>ເຢຊີມາຈາກເຜົ່າຂອງຢູດາ.</li><li>ລາວເປັນຄົນ ”ເອຟຣາທາ” ເຊິ່ງໝາຍຄວາມວ່າເຂົາມາຈາກເມືອງເອຟຣາທາ ( ເບັດເລເຮັມ ).</li><li>ຜູ້ທຳນວາຍເອຊາຢາໄດ້ທຳນວາຍກ່ຽວກັບ ”ໜໍ່ແໜງ” ຫລື ”ຫງ່າ” ທີ່ມາຈາກ ”ຕົ້ນຕະກຸນຂອງເຢຊີ”  ແລະເກີດຜົນ. ນີ້ໝາຍເຖິງພຣະເຢຊູເຈົ້າທີ່ເປັນເຊື້ອສາຍຂອງເຢຊີ.</li></ul>  
jesus	<h2 id="section">@ພຣະເຢຊູ, @ພຣະເຢຊູຄຣິດເຈົ້າ, @ພຣະຄຣິດເຈົ້າເຢຊູ</h2><h3 id="section-1">ນິຍາມ</h3><p>ພຣະເຢຊູຊົງເປັນພຣະບຸດຂອງພຣະເຈົ້າພຣະນາມ ”ເຢຊູ” ໝາຍເຖິງ ພຣະຢາເວຊົງຊ່ວຍໃຫ້ພົ້ນ. ຄຳວ່າ ”ຄຣິດ” ແມ່ນຄຳທີ່ມິຄວາມໝາຍວ່າ ”ຜູ້ຖືກເຈີມ” ແລະເປັນອີກຄຳໜຶ່ງທີ່ແປວ່າພຣະເມຊີອາ.</p><ul><li>ຊື່ທັງສອງມັກຖືກລວມເຂົ້າກັນເປັນ ”ພຣະເຢຊູຄຣິດເຈົ້າ”ຫລື ”ພຣະຄຣິດເຈົ້າເຢຊູ.” ຊື່ເຫລົ່ານີ້ເນັ້ນໜັກວ່າພຣະບຸດຂອງພຣະເຈົ້າເປັນພຣະເມຊີອາຜູ້ທີ່ສະເດັດມາຊ່ວຍປະຊາຊົນໃຫ້ພົ້ນຈາກການຖືກລົງໂທດນິຣັນດອນສຳຫລັບບາບທັງຫລາຍຂອງພວກເຂົາ.</li><li>ໃນການອັດສະຈັນພຣະວິນຍານບໍຣິສຸດເຈົ້າໄດ້ຊົງບັນດານໃຫ້ພຣະບຸດຂອງພຣະເຈົ້ານິຣັນດອນລົງມາບັງເກີດເປັນມະນຸດ.ພໍ່ແມ່ທີ່ຢູໃນໂລກຂອງພຣະອົງທູດສະຫວັນໄດ້ບອກໃຫ້ເອີ້ນພຣະນາມວ່າ ”ພຣະເຢຊູ” ຍ້ອນວ່າພຣະອົງມີຈຸດປະສົງທິ່ຈະຊ່ວຍມະນຸດທຸກຄົນໃຫ້ພົ້ນຈາກບາບທັງຫລາຍຂອງພວກເຂົາ.</li><li>ພຣະເຢຊູໄດ້ເຮັດການອັດສະຈັນຫລາຍຢ່າງຊຶ່ງສະແດງວ່າພຣະອົງຊົງເປັນພຣະເຈົ້າແລະພຣະອົງຊົງເປັນພຣະຄຣິດ, ຫລື ພຣະເມຊີອາ.</li></ul><h3 id="section-2">ຄຳແນະນຳໃນການແປ</h3><ul><li>ຫລາຍພາສາສະກົດ ”ພຣະເຢຊູ” ແລະ ”ພຣະຄຣິດ” ໃນແບບທີ່ຮັກສາຊື່ສຽງຫລືສະກົດໄວ້ໃຫ້ຢູ່ໃກ້ກັບຕົ້ນສະບັບຫລາຍທີ່ສຸດເທົ່າທີ່ເຮັດໄດ້. ຍົກຕົວຢ່າງ: ”ເຢຊູຄຣິດໂຕ” ”ເຢສູຄຣິດຕຸດ” ”ເຢຊູຄຣິດ” ”ເຢສູຄຣິດຕຸດ” ແລະ ”ເຮສູຄຣິດໂຕ” ນີ້ແມ່ນບາງວິທີທີ່ຊື່ເຫລົ່ານີ້ຖືກແປເປັນພາສາຕ່າງໆ.</li><li>ສຳຫລັບຄຳວ່າ, ”ພຣະຄຣິດ,” ບາງພາສາອາດຈະມັກໃຊ້ຮູບແບບຂອງຄຳວ່າ ”ພຣະເມຊີອາ” ຕະຫລອດ.</li><li>ຍັງພິຈາລະນາວິທີການສະກົດຊື່ເຫລົ່ານີ້ເປັນພາສາທ້ອງຖິ່ນຫລືພາສາປະເທດໃກ້ຄຽງ.</li></ul>  
jethro	<h2 id="section">@ເຢທະໂຣ, @ເຣອູເອນ</h2><h3 id="section-1">ຂໍ້ເທັດຈິງ</h3><p>ຊື່ ”ເຢທະໂຣ” ແລະ ”ເຣອູເອນ” ຖືກໃຊ້ໃນການອ້າງເຖິງພໍ່ຂອງເມຍໂມເຊ, ຄືຊິບໂປຣາ. ແລະຍັງມີຜູ້ຊາຍອີກສອງຄົນທີ່ຊື່ວ່າ ”ເຣອູເອນ” ໃນພຣະສັນຍາເດີມ.</p><ul><li>ເມື່ອໂມເຊເປັນຄົນລ້ຽງແກະໃນດິນແດນມີດີອານ, ລາວໄດ້ແຕ່ງງານກັບລູກສາວຂອງຜູ້ຊາຍມີດີອານຊື່ວ່າເຣອູເອນ.</li><li>ຕໍ່ມາເຣອູເອນໄດ້ຖືກເອີ້ນໃນນາມ ”ເຢທະໂຣປະໂຣຫິດແຫ່ງມີດີອານ.” ອາດຈະເປັນໄປໄດ້ວ່າ “ເຣອູເອນ“ ເປັນຊື່ຂອງເຊື້ອຂອງເຂົາ.</li><li>ເມື່ອພຣະເຈົ້າໄດ້ເວົ້າກັບໂມເຊຈາກພຸ່ມໄມ້ທີ່ມີໄຟລຸກຢູ່, ຂະນະທີ່ໂມເຊກຳລັງລ້ຽງຝູງແກະຂອງເຢທະໂຣ,</li><li>ໃນເວລາຕໍ່ມາ, ຫຼັງຈາກທີ່ພຣະເຈົ້າໄດ້ຊ່ວຍກູ້ຊາວອິດສະຣາເອນຈາກພວກເອຢິບແລ້ວ, ເຢທະໂຣໄດ້ອອກມາຫາຊາວອິດສະຣາເອນໃນຖິ່ນແຫ້ງແລ້ງກັນດານແລະໃຫ້ຄຳແນະນຳທີ່ດີແກ່ໂມເຊກ່ຽວກັບການຕັດສິນວຽກງານຂອງປະຊາຊົນ.</li><li>ລາວໄດ້ເຊື່ອໃນພຣະເຈົ້າເມື່ອລາວໄດ້ຍິນເລື່ອງການອັດສະຈັນທັງໝົດທີ່ພຣະເຈົ້າໄດ້ເຮັດເພື່ອອິດສະຣາເອນໃນປະເທດເອຢິບ.</li><li>ລູກຊາຍຜູ້ໜຶ່ງຂອງເອຊາວມີຊື່ວ່າ ເຣອູເອນ.</li><li>ຜູ້ຊາຍອີກຜູ້ໜຶ່ງທີ່ຊື່ວ່າເຣອູເອນໄດ້ຖືກກ່າວເຖິງໃນຕະກູນຂອງອິດສະຣາເອນຜູ້ທີ່ໄດ້ກັບຄືນໄປຕັ້ງຖິ່ນຖານໃໝ່ໃນຢູດາຫລັງຈາກທີ່ພວກເຂົາໄດ້ສິ້ນສຸດໃນການເປັນຊະເລີຍທີ່ນະຄອນບາບິໂລນ.</li></ul>  
jew	<h2 id="section">@ຢິວ, @ສາສະໜາຢິວ, @ຊາວຢິວ</h2><h3 id="section-1">ນິຍາມ</h3><p>ຊາວຢິວແມ່ນຄົນທີ່ເປັນເຊື້ອສາຍຂອງຫຼານອັບຣາຮາມຄື: ຢາໂຄບ. ຄຳວ່າ ”ຢິວ” ມາຈາກຄຳວ່າ ”ຢູດາ.”</p><ul><li>ຜູ້ຄົນເລິ່ມເອີ້ນຊາວອິດສະຣາເອນວ່າ ”ຊາວຢິວ” ຫຼັງຈາກທີ່ພວກເຂົາກັບຄືນມາຢູດາຈາກການເນລະເທດຂອງພວກເຂົາໃນບາບີໂລນ.</li><li>ພຣະເຢຊູພຣະເມຊີອາຊົງເປັນຢິວ. ເຖິງຢ່າງໃດກໍ່ຕາມຜູ້ນຳທາງສາສະໜາຢິວປະຕິເສດພຣະເຢຊູແລະຮຽກຮ້ອງໃຫ້ພຣະອົງຖືກປະຫານຊີວິດ.</li><li>ຄຳເວົ້າທີ່ວ່າ ”ຊາວຢິວ” ມັກເວົ້າເຖິງຜູ້ນຳຂອງຊາວຢິວ, ບໍ່ແມ່ນປະຊາຊົນຊາວຢິວທັງໝົດ. ໃນສະພາບການເຫຼົ່ານັ້ນ, ບາງຄຳແປເພິ່ມ ”ພວກຜູ້ນຳຂອງ“ ເພື່ອເຮັດໃຫ້ຈະແຈ້ງຂຶ້ນ.</li></ul>  
jewish leaders	<h2 id="section">@ຜູ້ນຳຊາວຢິວ, @ອຳນາດການປົກຄອງຊາວຢິວ, @ຫົວໜ້າສາສະໜາ</h2><h3 id="section-1">ນິຍາມ</h3><p>ຄຳວ່າ ”ຜູ້ນຳຊາວຢິວ“ ຫລື “ອຳນາດການປົກຄອງຊາວຢິວ“ ໝາຍເຖິງຜູ້ນຳທາງສາສະໜາ ເຊັ່ນ: ພວກປະໂຣຫິດແລະຄຣູສອນທຳບັນຍັດຂອງພຣະເຈົ້າ . ພວກເຂົາຍັງມີອຳນາດໃນການຕັດສິນກ່ຽວກັບເລື່ອງທີ່ບໍ່ແມ່ນສາສະໜາເຊັ່ນກັນ.</p><ul><li>ຜູ້ນຳຊາວຢິວແມ່ນປະໂຣຫິດໃຫຍ່, ຫົວໜ້າປະໂຣຫິດແລະພວກທຳມະຈານ (ຄຣູສາສະໜາກ່ຽວກັບທຳບັນຍັດຂອງພຣະເຈົ້າ).</li><li>ສອງກຸ່ມໃຫຍ່ຂອງຜູ້ນຳຊາວຢິວແມ່ນ ພວກຟາຣີຊາຍແແລະພວກຊາດູກາຍ.</li><li>ຜູ້ນຳຊາວຢິວເຈັດສິບຄົນໄດ້ປະຊຸມກັນໃນສະພາຢິວໃນນະຄອນເຢຣູຊາເລັມເພື່ອຕັດສິນກ່ຽວກັບບັນຫາກົດໝາຍ.</li><li>ຜູ້ນຳຊາວຢິວຫລາຍຄົນມີຄວາມພາກພູມໃຈແລະ ຄິດວ່າພວກເຂົາເປັນຄົນຊອບທຳ. ພວກເຂົາອິດສາພຣະເຢຊູແລະຢາກທຳຮ້າຍພຣະອົງ. ພວກເຂົາອ້າງວ່າຮູ້ຈັກພຣະເຈົ້າແຕ່ບໍ່ເຊື່ອຟັງພຣະອົງ.</li><li>ຄຳເວົ້າທີ່ວ່າ “ພວກຢີວ“ ມັກເວົ້າເຖິງຜູ້ນຳຊາວຢິວ , ໂດຍສະເພາະໃນສະພາບການທີ່ພວກເຂົາຄຽດແຄ້ນພຣະເຢຊູ ແລະໄດ້ພະຍາຍາມຫຼອກລວງຫລືທຳຮ້າຍພຣະອົງ.</li><li>ຂໍ້ເຫລົ່ານີ້ຍັງສາມາດແປເປັນ  “ຜູ້ປົກຄອງຊາວຢິວ“ ຫຼື “ຜູ້ຊາຍທີ່ປົກຄອງເໜືອປະຊາຊົນຢິວ“ ຫຼື “ຜູ້ນຳສາສະໜາຢິວ.“</li></ul>  
jezebel	<h2 id="section">@ເຢເຊເບນ</h2><h3 id="section-1">ຂໍ້ເທັດຈິງ</h3><p>ເຢເຊເບນເປັນມະເຫສີຂອງກະສັດອາຮາບແຫ່ງອິດສະຣາເອນ.</p><ul><li>ເຢເຊເບນມີອິດທິພົນໃນການເຮັດໃຫ້ອາຮາບແລະອິດສະຣາເອນທັງໝົດບູຊາຮູບເຄົາລົບ.</li><li>ນາງໄດ້ຂ້າຜູ້ທຳນວາຍຂອງພຣະເຈົ້າຫລາຍໆຄົນ.</li><li>ເຢເຊເບນໄດ້ເຮັດໃຫ້ຊາຍບໍຣິສຸດຊື່ນາໂບດຖືກຂ້າເພື່ອທີ່ວ່າອາຮາບສາມາດລັກເອົາສວນອາງຸ່ນຂອງນາໂບດ.</li><li>ໃນທີ່ສຸດເຢເຊເບນກໍ່ຖືກຂ້າຕາຍຍ້ອນສິ່ງທີ່ຊົ່ວທັງໝົດທີ່ນາງໄດ້ເຮັດ. ເອລີຢາໄດ້ທຳນວາຍວ່ານາງຈະຕາຍຢ່າງໃດແລະທຸກສິ່ງກໍ່ເກີດຂຶ້ນດັງທີ່ລາວໄດ້ທຳນວາຍໄວ້ທຸກປະການ.</li></ul>  
jezreel	<h2 id="section">@ເຢດ​ຊະ​ເຣ​ເອນ</h2><h3 id="section-1">ຂໍ້ເທັດຈິງ</h3><p>ເຢດ​ຊະ​ເຣ​ເອນແມ່ນຊື່ຂອງເມືອງອິດສະຣາເອນທີ່ສຳຄັນ,ໃນເຂດແດນຂອງເຜົ່າອິດຊາຄາຕັ້ງຢູ່ທາງທິດຕາເວັນຕົກສ່ຽງໃຕ້ຂອງທະເລເກືອ.</p><ul><li>ເມືອງ​ເຢດ​ຊະ​ເຣ​ເອນເປັນເມືອງໜຶ່ງໃນບັນດາຈຸດທີ່ຢູ່ທາງທິດຕາເວັນຕົກໃນເຂດທົ່ງພຽງຂອງເມກາໂດ, ຊຶ່ງເອີ້ນອີກວ່າ “ຮ່ອມພູແຫ່ງ​ເຢດຊະ​ເຣເອນ“</li><li>ກະສັດຂອງອິດສະຣາເອນຫລາຍຄົນໄດ້ມີພະລາຊະວັງຂອງພວກເຂົາໃນເມືອງເຢດດຊະ​ເຣເອນ.</li><li>ສວນອະງຸ່ນຂອງນາໂບດໄດ້ຕັ້ງຢູ່ໃກ້ກັບວັງຂອງກະສັດອາຮາບໃນເມືອງເຢດຊະ​ເຣເອນ. ຜູ້ທຳນວາຍເອລີຢາໄດ້ທຳນວາຍຕໍ່ອາຮາບຢູ່ທີ່ນັ້ນ.</li><li>ເຢເຊເບນເມຍທີ່ຊົ່ວຂອງອາຮາບຖືກຂ້າຕາຍໃນເຢດຊະເຣເອນ.</li><li>ມີຫຼາຍເຫດການທີ່ສຳຄັນອື່ນໆເກີດຂຶ້ນໃນເມືອງນີ້, ໃນນັ້ນມີການສູ້ຮົບຫຼາຍຄັ້ງ.</li></ul>  
joab	<h2 id="section">@ໂຢອາບ</h2><h3 id="section-1">ຂໍ້ເທັດຈິງ</h3><p>ໂຢອາບແມ່ນຫົວໜ້າທະຫານທີ່ສຳຄັນສຳຫລັບກະສັດດາວິດຕະຫຼອດການປົກຄອງທັງໝົດ.</p><ul><li>ກ່ອນທີ່ດາວິດຈະຂຶ້ນເປັນກະສັດ, ໂຢອາບກໍ່ເປັນຜູ້ຕິດຕາມທີ່ສັດຊື່ຂອງພຣະອົງແລ້ວ.</li><li>ຕໍ່ມາໃນລະຫວ່າງທີ່ກະສັດດາວິດປົກຄອງປະເທດອິດສະຣາເອນ, ໂຢອາບກາຍເປັນຜູ້ບັນຊາການກອງທັບຂອງກະສັດດາວິດ.</li><li>ໂຢອາບກໍ່ເປັນຫຼານຊາຍຂອງກະສັດດາວິດຍ້ອນວ່າແມ່ຂອງໂຢອາບເປັນນ້ອງສາວອີກຜູ້ໜຶ່ງຂອງກະສັດດາວິດ.</li><li>ເມື່ອອັບຊາໂລມລູກຊາຍຂອງກະສັດດາວິດໄດ້ທໍລະຍົດຕໍ່ເພິ່ນໂດຍພະຍາຍາມເຂົ້າຄອບຄອງຄວາມເປັນກະສັດ, ໂຢອາບໄດ້ຂ້າອັບຊາໂລມເພື່ອປົກປ້ອງກະສັດ.</li><li>ໂຢອາບເປັນນັກຮົບທີ່ຮຸນ​ແຮງຫຼາຍແລະໄດ້ຂ້າຫຼາຍຄົນທີ່ເປັນສັດຕູຂອງອິດສະຣາເອນ.</li></ul>  
joash	<h2 id="section">@ໂຢອາດ</h2><h3 id="section-1">ຂໍ້ເທັດຈິງ</h3><p>ໂຢອາດແມ່ນຊື່ຂອງຜູ້ຊາຍຫລາຍຄົນໃນພຣະຄຳພີເດີມ</p><ul><li>ໂຢອາດອີກຜູ້ໜຶ່ງເປັນພໍ່ຂອງຜູ້ປົດປ່ອຍຊາວອິດສະຣາເອນຄື, ກິເດໂອນ.</li><li>ຜູ້ຊາຍອີກຄົນໜຶ່ງທີ່ຊື່ໂຢອາດເປັນເຊື້ອສາຍຂອງລູກຊາຍຫຼ້າຢາໂຄບຄື, ເບັນຢາມິນ.</li><li>ໂຢອາດທີ່ມີຊື່ສຽງຫຼາຍທີ່ສຸດເພິ່ນໄດ້ກາຍເປັນກະສັດຂອງຢູດາເມື່ອອາຍຸໄດ້ເຈັດປີ. ເພິ່ນເປັນລູກຊາຍຂອງອາຮາຊີຢາກະສັດແຫ່ງຢູດາ, ຜູ້ທີ່ຖືກຄາດຕະກຳ.</li><li>ໃນເວລາທີ່ໂຢອາດເປັນເດັກນ້ອຍ, ປ້າຂອງເພິ່ນໄດ້ຊ່ວຍເພິ່ນຈາກການຖືກຂ້າໂດຍການປິດບັງເພິ່ນໄວ້ຈົນກວ່າເພິ່ນມີອາຍຸພຽງພໍທີ່ຈະໄດ້ຮັບຕຳແໜ່ງກະສັດ.</li><li>ກະສັດໂຢອາດເປັນກະສັດທີ່ດີເຊິ່ງທຳອິດໄດ້ເຊື່ອຟັງພຣະເຈົ້າ. ແຕ່ລາວບໍ່ໄດ້ຍົກຍ້າຍບ່ອນທີ່ຂາບໄຫວ້ຂອງຄົນຕ່າງຊາດ ແລະ ຊາວອິດສະຣາເອນກໍ່ເລິ່ມນະມັດສະການຮູບເຄົາລົບອີກ.</li><li>ກະສັດໂຢອາດໄດ້ປົກຄອງຢູດາໃນຊ່ວງເວລາບາງປີທີ່ກະສັດເຢໂຮອາດໄດ້ປົກຄອງອິດສະຣາເອນ. ພວກເພິ່ນທັງສອງແມ່ນກະສັດຄົນລະອົງ.</li></ul>  
job	<h2 id="section">@ໂຢບ</h2><h3 id="section-1">ຂໍ້ເທັດຈິງ</h3><p>ໂຢບແມ່ນຜູ້ຊາຍທີ່ຖືກອະທິບາຍໃນພຣະຄຳພີວ່າເປັນຄົນທີ່ບໍ່ມີຄວາມຜິດແລະຊອບທຳຕໍ່ໜ້າພຣະເຈົ້າ. ລາວມີຊື່ສຽງດີທີ່ສຸດສຳລັບຄວາມອົດທົນໃນຄວາມເຊື່ອຂອງລາວໃນພຣະເຈົ້າຕະຫລອດເວລາທີ່ມີຄວາມທຸກທໍລະມານ.</p><ul><li>ໂຢບອາໄສຢູ່ໃນແຜ່ນດິນອູ, ຊຶ່ງຕັ້ງຢູ່ທາງທິດຕາເວັນອອກຂອງແຜ່ນດິນການາອານ, ອາດຈະຢູ່ໃກ້ກັບເຂດຂອງຊາວເອໂດມ.</li><li>ຄິດກັນວ່າລາວມີຊີວິດຢູ່ໃນຊ່ວງເວລາຂອງເອຊາວແລະຢາໂຄບເພາະວ່າເພື່ອນຄົນໜຶ່ງຂອງໂຢບເປັນຄົນ “ເທມານາຍ,“ ຊຶ່ງເປັນກຸ່ມຄົນທີ່ມາຈາກເຊື້ອສາຍຫລານຊາຍຂອງເອຊາວ.</li><li>ໃນພຣະຄຳພີເດີມພຣະທຳໂຢບໄດ້ບອກກ່ຽວກັບວິທີທີ່ໂຢບແລະຄົນອື່ນໆຕອບສະນໜອງຕໍ່ຄວາມທຸກທໍລະມານຂອງລາວ.ແລະຍັງໃຫ້ທັດສະນະຂອງພຣະເຈົ້າໃນຖານະຜູ້ສ້າງຜູ້ເປັນອົງອະທິປະໄຕແລະຜູ້ຄອບຄອງຈັກກະພົບດ້ວຍ.</li><li>ຫລັງຈາກໄພພິບັດທັງໝົດ,ພຣະເຈົ້າຊົງຮັກສາໂຢບແລະປະທານລູກແລະຄວາມຮັ່ງມີເພີ່ມຂຶ້ນອີກ.</li><li>ພຣະທຳໂຢບບອກວ່າລາວເຖົ້າຫລາຍເມື່ອລາວຕາຍ.</li></ul>  
joel	<h2 id="section">@ໂຢເອນ</h2><h3 id="section-1">ຂໍ້ເທັດຈິງ</h3><p>ໂຢເອນແມ່ນຊື່ຂອງຜູ້ທຳນວາຍຜູ້ທີ່ອາດຈະມີຊີວິດຢູ່ໃນໄລຍະການປົກຄອງຂອງກະສັດໂຢອາດແຫ່ງຢູດາ. ຍັງມີຜູ້ຊາຍຫລາຍຄົນຢູ່ໃນພຣະຄຳພີເດີມທີ່ມີຊື່ວ່າໂຢເອນ.</p><ul><li>ພຣະທຳໂຢເອນແມ່ນພຣະທຳທີ່ສັ້ນຫົວໜຶ່ງໃນສິບສອງຫົວຂອງຜູ້ທຳນວາຍໃນພາກພຣະຄຳພີເດີມ.</li><li>ຂໍ້ມູນສ່ວນຕົວເທົ່ານັ້ນທີ່ພວກເຮົາມີກ່ຽວກັບຜູ້ທຳນວາຍໂຢເອນຄືພໍ່ຂອງລາວຊື່ວ່າ ເປທູເອນ.</li><li>ໃນຄຳເທດສະໜາຂອງວັນເພັນເຕຄໍສະເຕ, ອັກຄະສາວົກເປໂຕໄດ້ອ້າງອີງຈາກພຣະໂຢເອນ.</li></ul>  
john mark	<h2 id="section">@ໂຢຮັນ @ມາຣະໂກ</h2><h3 id="section-1">ຂໍ້ເທັດຈິງ</h3><p>ໂຢຮັນມາຣະໂກ, ເຊິ່ງເອີ້ນກັນວ່າ “ມາຣະໂກ “ ເປັນໜຶ່ງໃນບັນດາຜູ້ທີ່ເດິນທາງໄປກັບໂປໂລໃນການເດິນທາງໄປສອນສາສະໜາ. ສ່ວນຫລາຍຈະເປັນຜູ້ຂຽນພຣະກິດຕິຄຸນມາຣະໂກ.</p><ul><li>ໂຢຮັນມາຣະໂກໄດ້ໄປນຳພີ່ນ້ອງຂອງລາວຊື່ບາຣະນາບາແລະໂປໂລໃນການເດີນທາງໄປສອນສາສະໜາຄັ້ງທຳອິດ.</li><li>ໃນເວລາທີ່ເປໂຕໄດ້ຖືກຂັງຢູ່ໃນນະຄອນເຢຣູຊາເລັມ, ຜູ້ທີ່ເຊື່ອຢູ່ທີ່ນັ້ນໄດ້ອະທິຖານເພື່ອລາວຢູ່ເຮືອນແມ່ຂອງໂຢຮັນມາຣະໂກ.</li><li>ມາຣະໂກບໍ່ແມ່ນອັກຄະສາວົກດັ້ງເດີມ, ແຕ່ທັງໂປໂລແລະເປໂຕໄດ້ສອນລາວ ແລະໄດ້ເຮັດວຽກຮ່ວມກັບພວກເຂົາໃນວຽກຮັບໃຊ້</li></ul>  
john the apostle	<h2 id="section">@ໂຢຮັນ @( @ອັກຄະສາວົກ@ )</h2><h3 id="section-1">ຂໍ້ເທັດຈິງ</h3><p>ໂຢຮັນເປັນໜຶ່ງໃນອັກຄະສາວົກສິບສອງຄົນຂອງພຣະເຢຊູແລະເປັນສະຫາຍທີ່ໃກ້ຊິດທີ່ສຸດຂອງພຣະເຢຊູ.</p><ul><li>ໂຢຮັນແລະນ້ອງຊາຍຂອງລາວຊື່ຢາໂກໂບເປັນລູກຊາຍຂອງຊາວປະມົງຊື່ເຊເບດາຍ.</li><li>ໃນຂ່າວປະເສີດທີ່ລາວໄດ້ຂຽນກ່ຽວກັບຊີວິດຂອງພຣະເຢຊູ,ໂຢຮັນໄດ້ກ່າວເຖິງຕົນເອງວ່າ “ສາວົກທີ່ພຣະເຢຊູຊົງຮັກ.“ ນີ້ເບິ່ງຄືວ່າຈະແສດງໃຫ້ເຫັນວ່າໂຢຮັນເປັນສະຫາຍສະໜິດທີ່ສຸດຂອງພຣະເຢຊູ.</li><li>ອັກຄະສາວົກໂຢຮັນໄດ້ຂຽນພຣະທຳຫ້າເຫລັ້ມໃນພຣະຄຳໃໝ່ຄື: ພຣະທຳຂ່າວປະເສີດຂອງໂຢຮັນ, ພຣະທຳພຣະນິມິດຂອງພຣະເຢຊູຄຣິດເຈົ້າ, ແລະຈົດໝາຍສາມສະບັບທີ່ຂຽນເຖິງຜູ້ເຊື່ອຄົນອື່ນໆ.</li><li>ໃຫ້ສັງເກດວ່າອັກຄະສາວົກໂຢຮັນເປັນຄົນລະຄົນກັນກັບໂຢຮັນບັບຕິສະໂຕ.</li></ul>  
john the baptist	<h2 id="section">@ໂຢຮັນ( @ຜູ້ໃຫ້ບັບຕິສະໂຕ @)</h2><h3 id="section-1">ຂໍ້ເທັດຈິງ</h3><p>ໂຢຮັນເປັນລູກຊາຍຂອງເຊກາຣີຢາແລະເອລີຊາເບັດ,  ເນື່ອງຈາກຊື່ “ໂຢຮັນ“ເປັນຊື່ທຳມະດາລາວມັກຈະຖືກເອີ້ນວ່າ “ໂຢຮັນບັບຕິສະໂຕເພື່ອຈຳແນກລາວຈາກຄົນອື່ນໆທີ່ມີຊື່ວ່າໂຢຮັນເຊັ່ນ, ອັກຄະສາວົກໂຢຮັນ.</p><ul><li>ໂຢຮັນເປັນຜູ້ທຳນວາຍທີ່ພຣະເຈົ້າໄດ້ສົ່ງມາເພື່ອກະກຽມຜູ້ຄົນໃຫ້ເຊື່ອແລະຕິດຕາມພຣະເມຊີອາ.</li><li>ໂຢຮັນໄດ້ບອກໃຫ້ປະຊາຊົນສາລະບາບຂອງພວກເຂົາ, ແລະຫັນມາຫາພຣະເຈົ້າ,ແລະຢຸດເຮັດບາບ, ເພື່ອພວກເຂົາຈະພ້ອມທີ່ຈະຕ້ອນຮັບພຣະເມຊີອາ.</li><li>ໂຢຮັນໄດ້ໃຫ້ບັບຕິສະມາຫລາຍຄົນໃນນຳ້ເພື່ອເປັນສັນຍາລັກວ່າພວກເຂົາຂໍອະໄພສຳລັບບາບຂອງພວກເຂົາແລະຫັນໜີຈາກບາບເຫລົ່ານັ້ນ.</li><li>ໂຢຮັນຖືກເອີ້ນວ່າ “ໂຢຮັນຜູ້ໃຫ້ບັບຕິສະມາ“ ເພາະວ່າລາວໄດ້ໃຫ້ບັບຕິສະມາແກ່ຫລາຍຄົນ.</li><li>ເພື່ອໃຫ້ແນ່ໃຈວ່າປະຊາຊົນຈະເຂົ້າໃຈວ່າ “ຜູ້ໃຫ້ບັບຕິສະມາ”ບໍ່ໄດ້ອ້າງເຖິງຄຣິສະຕະຈັກໂດຍຊື່ນີ້. ສະນັ້ນຈຶ່ງຈຳເປັນທີ່ຈະເວົ້າຊື່ວ່າ,  “ໂຢຮັນບັບຕິສະໂຕ“ ຫລື “ໂຢຮັນຜູ້ໃຫ້ບັບຕິສະມາ“</li></ul>  
jonah	<h2 id="section">@ໂຢນາ</h2><h3 id="section-1">ຂໍ້ເທັດຈິງ</h3><p>ໂຢນາເປັນຜູ້ທຳນວາຍຊາວເຮັບເຣີໃນພຣະຄຳພີເດີມ.</p><ul><li>ພຣະທຳໂຢຮັນເວົ້າເຖິງເລື່ອງທີ່ພຣະເຈົ້າສົ່ງໂຢນາໄປປະກາດໃຫ້ແກ່ປະຊາຊົນໃນເມືອງນີນາເວ.</li><li>ໂຢນາໄດ້ປະຕິເສດທີ່ຈະໄປນີນາເວແລະລົງເຮືອມຸ່ງໜ້າໄປປະເທດໜຶ່ງແທ່ນ.</li><li>ພຣະເຈົ້າຊົງເຮັດໃຫ້ເກີດມີພາຍຸໃຫຍ່ທີ່ແຮງທີ່ສຸດຄອບງຳເຮືອນັ້ນ.</li><li>ເມື່ອພວກຜູ້ຊາຍຢູ່ໃນເຮືອຮູ້ວ່າໂຢຮັນບໍ່ເຊື່ອຟັງພຣະເຈົ້າ ,ພວກເຂົາໄດ້ໂຍນລາວລົງໃນທະເລແລະລົມພາຍຸກໍ່ຢຸດ.</li><li>ໂຢນາຖືກກືນໂດຍປາໃຫຍ່ແລະລາວໄດ້ຢູ່ໃນທ້ອງປາເປັນເວລາສາມວັນສາມຄືນ.</li><li>ຫລັງຈາກນັ້ນ, ໂຢນາໄດ້ໄປທີ່ເມືອງນີນາເວແລະປະກາດກັບປະຊາຊົນແລະພວກເຂົາໄດ້ຫັນໜີຈາກບາບຂອງພວກເຂົາ.</li></ul>  
jonathan	<h2 id="section">@ໂຢນາທານ</h2><h3 id="section-1">ຂໍ້ເທັດຈິງ</h3><p>ໂຢນາທານແມ່ນຊື່ຂອງຜູ້ຊາຍຢ່າງນ້ອຍສິບຄົນໃນພຣະຄຳພີເດີມ. ຊື່ນີ້ໝາຍຄວາມວ່າ “ພຣະຢາເວໄດ້ປະທານ.“</p><ul><li>ໂຢນາທານເປັນເພື່ອນທີ່ດີທີ່ສຸດຂອງດາວິດເປັນຜູ້ຊາຍທີ່ຮູ້ຈັກກັນດີທີ່ສຸດໃນພຣະຄຳພີໄບເບິນໃນຊື່ນີ້. ໂຢນາທານເປັນລູກຊາຍກົກຂອງກະສັດໂຊນ.</li><li>ໂຢນາທານຄົນອື່ນໆທີ່ກ່າວເຖິງໃນພຣະຄຳພີເດີມລວມມີ: ເຊື້ອສາຍຂອງໂມເຊ; ຫລານຊາຍຂອງກະສັດດາວິດ; ປະໂຣຫິດຈຳນວນໜຶ່ງ, ໃນນັ້ນມີລູກຊາຍຂອງອາບີຢາທາ; ແລະນັກຂຽນໃນພຣະຄຳພີເດີມຢູ່ໃນເຮືອນຂອງເຂົາຜູ້ທຳນວາຍເຢເຣມີຢາໄດ້ຖືກຂັງຄຸກ.</li></ul>  
joppa	<h2 id="section">@ຢົບປາ</h2><h3 id="section-1">ຂໍ້ເທັດຈິງ</h3><p>ໃນສະໄໝທີ່ຂຽນພຣະຄຳພີ, ເມືອງຢົບປາເປັນເຂດທະທີ່ສຳຄັນທາງການຄ້າຕັ້ງຢູ່ເທິງທະເລເມດິເຕຣາເນ, ທາງທິດໃຕ້ຂອງທົ່ງພຽງຊາຣອນ.</p><ul><li>ໃນສະຖານທີ່ບູຮານຂອງເມືອງຢົບປາ, ປັດຈຸບັນເປັນເມືອງຢັບຟາເຊິ່ງເປັນສ່ວນໜຶ່ງຂອງເມືອງເທນອາວີບ.</li><li>ໃນພຣະຄຳພີເດີມເມືອງຢົບປາເປັນເມືອງທີ່ໂຢນາຂີ່ເຮືອໄປເມືອງຕາກຊິດ</li><li>ໃນພຣະຄຳພີໃໝ່, ແມ່ຍິງຄຣິສະຕຽນທີ່ຊື່ຕາບີທາໄດ້ເສຍຊີວິດທີ່ເມືອງຢົບປາແລະເປໂຕໄດ້ນຳໃຫ້ນາງກັບຄືນມາມີຊີວິດອີກ.</li></ul>  
joram	<h2 id="section">@ໂຢຣາມ</h2><h3 id="section-1">ຂໍ້ເທັດຈິງ</h3><p>ໂຢຣາມເປັນລູດຊາຍຂອງກະສັດອາຮາຍແຫ່ງອິດສະຣາເອນ. ໃນບາງຄັ້ງລາວຖືກເອີ້ນໃນຊື່ “ເຢໂຮຣາມ.“</p><ul><li>ກະສັດໂຢຣາມແຫ່ງອິດສະຣາເອນໄດ້ປົກຄອງໃນເວລາດຽວກັນກັບກະສັດເຢໂຮຣາມແຫ່ງຢູດາ.</li><li>ໂຢຣາມເປັນກະສັດທີ່ຊົ່ວຮ້າຍທີ່ໄດ້ນະມັດສະການພະທຽມແລະນຳອິດສະຣາເອນໃຫ້ເຮັດບາບ.</li><li>ກະສັດໂຢຣາມແຫ່ງອິດສະຣາເອນໄດ້ຄອບຄອງໃນໄລຍະເວລາຂອງຜູ້ທຳນວາຍເອລີຢາແລະໂອບາດີຢາ.</li><li>ມີຜູ້ຊາຍອີກຄົນໜຶ່ງຊື່ໂຢຣາມ ເປັນລູກຊາຍຂອງກະສັດທູແຫ່ງຮາມາດໃນຊ່ວງທີ່ດາວິດເປັນກະສັດ.</li></ul>  
jordan river	<h2 id="section">@ແມ່ນຳ້ຈໍແດນ, @ຈໍແດນ</h2><h3 id="section-1">ຂໍ້ເທັດຈິງ</h3><p>ແມ່ນຳ້ຈໍແດນເປັນແມ່ນນຳ້ທີ່ໄຫລແຕ່ເໜືອຮອດໃຕ້, ແລະເປັນເຂດແດນທາງຕາເວັນອອກຂອງດິນແດນທີ່ຖືກເອີ້ນວ່າການາອານ.</p><ul><li>ທຸກມື້ນີ້, ແມ່ນຳ້ຈໍແດນໄດ້ແຍກອິດສະຣາເອນທາງທິດຕາເວັນຕົກຈາກຈໍແດນທາງທິດຕາເວັນອອກ.</li><li>ແມ່ນຳ້ຈໍແດນໄຫລຜ່ານທະເລຄາລີເລແລ້ວຈຶ່ງໄຫລລົງໄປສູ່ທະເລຕາຍ.</li><li>ເມື່ອໂຢຊວຍໄດ້ນຳອິດສະຣາເອນເຂົ້າສູ່ການາອານ, ພວກເຂົາໄດ້ຂ້າມແມ່ນຳ້ຈໍແດນ. ເນື່ອງຂາກນຳ້ນັ້ນເລິກຫລາຍ, ພຣະເຈົ້າເຮັດການອັດສະຈັນໄດ້ຫຍຸດນຳ້ບໍ່ໃຫ້ໄຫລ ສະນັ້ນພວກເຂົາຈຶ່ງສາມາດຂ້າມນຳ້ໄປໄດ້.</li><li>ຫລາຍຄັ້ງໃນພຣະຄຳພີ ແມ່ນຳ້ຈໍແດນຖືກເອີ້ນວ່າ“ແມ່ນຳ້ຈໍແດນ“</li></ul>  
joseph (new testament)	<h2 id="section">@ໂຢເຊັບ</h2><h3 id="section-1">ຂໍ້ເທັດຈິງ</h3><p>ໂຢເຊັບເປັນພໍ່ໃນໂລກນີ້ຂອງພຣະເຢຊູແລະໄດ້ຮັບລ້ຽງພຣະເຢຊູໃນຖານະລູກຊາຍຄົນໜຶ່ງ. ລາວເປັນຄົນຊອບທຳທີ່ເຮັດວຽກເປັນຊ່າງໄມ້.</p><ul><li>ໂຢເຊັບໄດ້ໝັ້ນກັບຍິງສາວຊາວຢິວຊື່ວ່າມາຣີ, ເຊິ່ງພຣະເຈົ້າໄດ້ເລືອກໃຫ້ເປັນແມ່ຂອງພຣະເຢຊູຜູ້ເປັນພຣະເມຊີອາ.</li><li>ທູດສະຫວັນອົງບອກໂຢເຊັບວ່າພຣະວິນຍານບໍຣິສຸດໄດ້ເຮັດການອັດສະຈັນດ້ວຍການເຮັດໃຫ້ນາງມາຣີຖືພາ, ແລະລູກຂອງມາຣີເປັນພຣະບຸດຂອງພຣະເຈົ້າ.</li><li>ຫລັງຈາກພຣະເຢຊູເກີດແລ້ວ, ທູດສະຫວັນອົງໜຶ່ງໄດ້ເຕືອນໂຢເຊັບໃຫ້ພາເດັກນ້ອຍແລະມາໄປປະເທດເອຢິບເພື່ອທີ່ຈະໜີຈາກເຮໂຣດ.</li><li>ໂຢເຊັບແລະຄອບຄົວຂອງລາວອາໄສຢູ່ໃນເມືອງນາຊາເຣັດແຂວງຄາລີເລທີ່ລາວຫາລ້ຽງຊີບໂດຍການເປັນຊ່າງໄມ້.</li></ul>  
joseph (old testament)	<h2 id="section">@ໂຢເຊັບ @(ໃນພຣະຄຳພີເດີມ)</h2><h3 id="section-1">ຂໍ້ເທັດຈິງ</h3><p>ໂຢເຊັບເປັນລູກຊາຍຄົນທີ່ສິບເອັດຂອງຢາໂຄບແລະເປັນລູກຊາຍຄົນທຳອິດຂອງຣາເຊັນຜູ້ເປັນແມ່ຂອງລາວ.</p><ul><li>ໂຢເຊັບເປັນລູກຊາຍທີ່ພໍ່ຮັກຫລາຍ.</li><li>ພວກອ້າຍຂອງລາວອິດສາລາວ ແລະໄດ້ຂາຍລາວໃຫ້ໄປເປັນທາດຮັບໃຊ້</li><li>ໃນຂະນະຢູ່ໃນປະເທດເອຢິບ, ໂຢເຊັບຖືກກ່າວຫາປອມໆແລະຖືກຂັງຄຸກ.</li><li>ເຖິງວ່າຈະມີຄວາມຫຍຸ້ງຍາກ, ໂຢເຊັບຍັງຄົງຊື່ສັດຕໍ່ພຣະເຈົ້າ.</li><li>ພຣະເຈົ້າໄດ້ນຳລາວໃຫ້ມີຕຳແໜ່ງສູງທີ່ສຸດອັນດັບສອງໃນປະເທດເອຢິບແລະໃຊ້ລາວເພື່ອຊ່ວຍປະຊາຊົນໃນເວລາທີ່ມີອາຫານໜ້ອຍ. ປະຊາຊົນຊາວເອຢິບ, ແລະຄອບຄົວຂອງລາວ, ໄດ້ຮັບການຊ່ວຍໃຫ້ພົ້ນຈາກຄວາມອຶດຫິວ.</li></ul>  
joshua	<h2 id="section">@ໂຢຊວຍ</h2><h3 id="section-1">ຂໍ້ເທັດຈິງ</h3><p>ມີຜູ້ຊາຍຫລາຍຄົນໃນອິດສະຣາເອນທີ່ຊື່ວ່າໂຢຊວຍໃນພຣະຄຳພີ, ແຕ່ຄົນທີ່ຮູ້ຈັກກັນດີທີ່ສຸດແມ່ນໂຢຊວຍລູກຊາຍຂອງນູນຜູ້ທີ່ເປັນຜູ້ຊ່ວຍຂອງໂມເຊແລະຜູ້ທີ່ຕໍ່ມາກາຍເປັນຜູ້ນຳທີ່ສຳຄັນຂອງປະຊາຊົນຂອງພຣະເຈົ້າ.</p><ul><li>ໂຢຊວຍແມ່ນໜຶ່ງໃນສິບສອງຄົນຜູ້ສອດແນມທີ່ໂມເຊໄດ້ສົ່ງໄປສຳຫລວດແຜ່ນດິນແຫ່ງພຣະສັນຍາ.</li><li>ຄຽງຄູກັບຕາເລັບ, ໂຢຊວຍໄດ້ຮຽກຮ້ອງໃຫ້ປະຊາຊົນເຊື່ອຟັງຄຳສັງຂອງພຣະເຈົ້າທີ່ຈະເຂົ້າໄປໃນແຜ່ນດິນແຫ່ງພຣະສັນຍາແລະເອົາຊະນະຊາວການາອານ.</li><li>ຫລາຍປີຕໍ່ມາຫລັງຈາກໂມເຊເສຍຊີວິດພຣເຈົ້າໄດ້ແຕ່ງຕັ້ງໂຢຊວຍໃຫ້ນຳຊາວອິດສະຣາເອນເຂົ້າໄປໃນແຜ່ນດິນແຫ່ງພຣະສັນຍາ.</li><li>ໃນສົງຄາມເທື່ອທຳອິດເປັນສົງຄາມທີ່ມີຊື່ສຽງຫລາຍທີ່ສຸດໃນການສູ້ຮົບກັບຊາວການາອານ, ໂຢຊວຍໄດ້ນຳພາຊາວອິດສະຣາເອນເອົາຊະນະເມືອງເຢລີໂກ</li><li>ໃນພຣະຄຳພີເດີມພຣະທຳໂຢຊວຍບອກວິທີທີ່ໂຢຊວຍນຳພາອິດສະຣາເອນໃນການຄອບຄອງດິນແດນພຣະສັນຍາໄວ້ແລະວິທີທີ່ລາວມອບໝາຍແຜ່ນດິນສ່ວນຕ່າງໆໃຫ້ແຕ່ລະເຜົ່າຂອງອິດສະຣາເອນດຳລົງຊີວິດ.</li><li>ໂຢຊວຍລູກຊາຍຂອງໂຢຊາດັກໄດ້ຖືກກ່າວເຖິງໃນພຣະຄຳຮັກກາຍແລະເສກາຣີຢາ; ລາວເປັນປະໂຣຫິດໃຫຍ່ທີ່ຊ່ວຍສ້າງກຳແພງເມືອງເຢຣູຊາເລັມ.</li><li>ມີຜູ້ຊາຍອີກຈຳນວນໜຶ່ງຊື່ວ່າໂຢຊວຍໄດ້ກ່າວເຖິງໃນຕະກູນ ແລະທີ່ອື່ນໆ ໃນພຣະຄຳພີ</li></ul>  
josiah	<h2 id="section">@ໂຢຊີຢາ</h2><h3 id="section-1">ຂໍ້ເທັດຈິງ</h3><p>ໂຢຊີຢາເປັນກະສັດທີ່ຊອບທຳຜູ້ທີ່ຄອບຄອງອານາຈັກຂອງຢູດາເປັນເວລາສາມສິບເອັດປິ. ເພິ່ນໄດ້ນຳພາປະຊາຊົນຢູດາໃຫ້ກັບໃຈແລະນະມັດສະການພຣະຢາເວ.</p><ul><li>ຫລັງຈາກພໍ່ຂອງເພິ່ນຄືກະສັດອາໂມນຖືກຂ້າຕາຍ, ໂຢຊີຢາໄດ້ຂຶ້ນເປັນກະສັດປົກຄອງຢູດາເມື່ອອາຍຸເພິ່ນໄດ້ແປດປີ.</li><li>ໃນປີທີສິບແປດຂອງການປົກຄອງຂອງເພິ່ນ, ກະສັດໂຢຊີຢາໄດ້ສັ່ງໃຫ້ຮິວຄີຢາຜູ້ເປັນມະຫາປະໂຣຫິດຂຶ້ນສ້າງພຣະວິຫານຂອງພຣະເຈົ້າ. ໃນຂະນະທີ່ກຳລັງເຮັດຢູ່ນັ້ນ, ໜັງສືພຣະບັນຍັດໄດ້ຖືກພົບເຫັນ.</li><li>ເມື່ອພຣະທຳພຣະບັນຍັດຕ່າງໆ ໄດ້ຮັບການອ່ານໃຫ້ແກ່ໂຢຊີຢາ,ເພິ່ນໄດ້ໂສກເສົ້າໃນການບໍ່ເຊື່ອຟັງພຣະເຈົ້າຂອງປະຊາຊົນຂອງເພິ່ນ. ເພິ່ນໄດ້ສັງໃຫ້ທຳລາຍສະຖານທີ່ບູຊາຮູບເຄົາຣົບທັງໝົດແລະໃຫ້ຂ້າປະໂຣຫິດຂອງພະທຽມ</li><li>ເພິ່ນໄດ້ຍັງໄດ້ສັ່ງໃຫ້ປະຊາຊົນເລິ່ມສະເຫລີມສະຫລອງເທດສະການປັດສະກາອີກ.</li></ul>  
jotham	<h2 id="section">@ໂຢທາມ</h2><h3 id="section-1">ຂໍ້ເທັດຈິງ</h3><p>ໃນພຣະຄຳພີເດີມ, ມີຜູ້ຊາຍສາມຄົນທີ່ວ່າໂຢທາມ</p><ul><li>ໂຢທາມຄົນໜິ່ງເປັນລູກຊາຍຫຼາຊອງກິເດໂອນ. ໂຢທາມໄດ້ຊ່ວຍເອົາຊະນະອ້າຍຂອງລາວຊື່ອາບີເມເຫຼັກ, ຜູ້ໄດ້ຂ້າອ້າຍນ້ອງທັງໝົດຂອງພວກເຂົາ.</li><li>ຜູ້ຊາຍອີກຜູ້ໜຶ່ງທີ່ຊື່ໂຢທາມ ເປັນກະສັດປົກຄອງຢູດາເປັນເວລາສິບຫົກປີຫຼັງຈາກການຕາຍຂອງພໍ່ເພິ່ນຄືອຸດຊີຢາ (ອາຊາຣີຢາ).</li><li>ເຊັ່ນກັບພໍ່ຂອງເພິ່ນ, ກະສັດໂຢທາມໄດ້ເຊື່ອຟັງພຣະເຈົ້າແລະເປັນກະສັດທີ່ດີ.</li><li>ເຖິງຢ່າງໃດກໍ່ຕາມ,ລາວບໍ່ໄດ້ຍົກເລີກສະຖານທີ່ນະມັດສະການຮູບເຄົາຣົບແລະສິ່ງນີ້ໄດ້ເຮັດໃຫ້ປະຊາຊົນຢູດາໃນເວລາຕໍ່ມາຫັນໜີຈາກພຣະເຈົ້າ.</li><li>ໂຢທາມຍັງເປັນໜຶ່ງໃນບັນພະບູລຸດທີ່ໄດ້ລະບຸໄວ້ໃນເຊື້ອສາຍຂອງພຣະເຢຊູຄຣິດເຈົ້າໃນພຣະທຳມັດທາຍ.</li></ul>  
joy	<h2 id="section">@ຄວາມສຸກ, @ຄວາມເບີກບານມ່ວນຊື່ນ</h2><h3 id="section-1">ນິຍາມ</h3><p>ຄວາມສຸກແມ່ນຄວາມຮູ້ສຶກທີ່ມີຄວາມສຸກຫລືຄວາມເພິ່ງພໍໃຈຢ່າງເລິກເຊິ່ງທີ່ມາຈາກພຣະເຈົ້າ. ຄຳສັບທີ່ກ່ຽວຂ້ອງຄຳວ່າ, ”ເບີກບານມ່ວນຊື່ນ“ ພັນລະນາເຖິງບຸກຄົນທີ່ຮູ້ສຶກດີໃຈແລະເຕັມໄປດ້ວຍຄວາມສຸກຢ່າງເລິກເຊິ່ງ.</p><ul><li>ບຸກຄົນໃດໜຶ່ງ ທີ່ຮູ້ສຶກມີຄວາມສຸກເມື່ອລາວມີຄວາມຮູ້ສຶກເລິກເຊິ່ງວ່າສິ່ງທີ່ລາວກຳລັງປະສົບນັ້ນມັນດີຫລາຍ.</li><li>ພຣະເຈົ້າເປັນຜູ້ໃຫ້ຄວາມສຸກທີ່ແທ້ຈິງແກ່ຜູ້ຄົນ.</li><li>ການມີຄວາມສຸກບໍ່ໄດ້ຂຶ້ນກັບສະພາບການທີ່ໜ້າຍິນດີ. ພຣະເຈົ້າສາມາດເຮັດໃຫ້ຜູ້ຄົນມີຄວາມສຸກໄດ້ເຖິງແມ່ນວ່າຈະມີສິ່ງທີ່ຫຍຸ້ງຍາກລຳບາກຫລາຍເກີດຂຶ້ນໃນຊີວິດຂອງເຂົາເຈົ້າ.</li><li>ບາງເທື່ອສະຖານທີ່ກໍ່ໄດ້ຖືກອະທິບາຍວ່າມີຄວາມສຸກ, ເຊັ່ນວ່າເຮືອນຫລືເມືອງ. ນີ້ໝາຍຄວາມວ່າຄົນທີ່ອາໄສຢູ່ທີ່ນັ້ນມີຄວາມເບີກບານມ່ວນຊື່ນ.</li></ul><h3 id="section-2">ຄຳແນະນຳ ໃນການແປ</h3><ul><li>ຄຳວ່າ “ຄວາມສຸກ“ ສາມາດແປໄດ້ວ່າ “ ດີໃຈ“ ຫລື “ຄວາມສຸກອັນຍິ່ງໃຫຍ່“</li><li>ປະໂຫຍກທີ່ວ່າ, “ເບີກບານມ່ວນຊື່ນ“ ສາມາດແປເປັນ “ປິຕິຍິນດີ“ ຫລື “ດີໃຈຫລາຍ“ ຫລືດ້ວຍຄຳທີ່ມີຄວາມໝາຍວ່າ “ຈົ່ງມີຄວາມສຸກຫລາຍໃນຄວາມດີຂອງພຣະເຈົ້າ.“</li><li>ບຸກຄົນທີ່ມີຄວາມສຸກສາມາດອະທິບາຍວ່າເປັນຄົນທີ່ມີ “ຄວາມສຸກຫລາຍ“ ຫລື “ດີໃຈ“ ຫລື “ດີໃຈຫລາຍ.“</li><li>ປະໂຫຍກທີ່ກ່າວວ່າ “ສົ່ງສຽງໂຮ່ຮ້ອງທີ່ມີຄວາມສຸກ“ ສາມາດແປເປັນ “ຮ້ອງໃນແບບທີ່ສະແດງໃຫ້ທ່ານຮູ້ສຶກດີໃຈຫລາຍ.</li><li>“ເມືອງທີ່ມີຄວາມສຸກ“ ຫລື “ເຮືອນທີ່ມີຄວາມສຸກ“ ສາມາເແປໄດ້ວ່າ “ເມືອງທີ່ມີຜູ້ຄົນມີຄວາມສຸກ“ ຫລື “ ເຮືອນທີ່ເຕັມໄປດ້ວຍຜູ້ຄົນທີ່ມີຄວາມສຸກ “ເມືອງທີ່ປະຊາຊົນມີຄວາມສຸກຫລາຍ.</li></ul>  
judah	<h2 id="section">@ຢູດາ</h2><h3 id="section-1">ຂໍ້ເທັດຈິງ</h3><p>ຢູດາເປັນໜຶ່ງໃນລູກຊາຍຂອງຢາໂຄບ. ແມ່ຂອງລາວຄືນາງເລອາ. ລູກຫລານຂອງລາວຖືກເອີ້ນວ່າ “ ເຜົ່າຢູດາ“</p><ul><li>ຢູດາເປັນຄົນທີ່ບອກໃຫ້ອ້າຍຂອງຕົນໃຫ້ຂາຍນ້ອງຊາຍທີ່ຊື່ໂຢເຊັບເປັນຂ້າທາດແທ່ນທີ່ຈະປ່ອຍໃຫ້ລາວຕາຍໃນນຳ້ສ້າງເລິກ.</li><li>ກະສັດດາວິດແລະກະສັດຕໍ່ໆມາທັງໝົດເປັນເຊື້ອສາຍຂອງ ຢູດາ.ພຣະເຢຊູຄຣິດເຈົ້າກໍ່ຄືກັນພຣະອົງເປັນເຊື້ອສາຍຂອງຢູດາ.</li><li>ເມື່ອການຄອບຂອງໂຊໂລໂມນໄດ້ສິ້ນສຸດລົງແລະຊົນຊາດອິດສະຣາເອນໄດ້ຖືກແບ່ງແຍກອອກ, ອານາຈັກຢູດາເປັນພາກໃຕ້ຂອງປະເທດ.</li><li>ໃນພຣະທຳພຣະນິມິດໃນພຣະຄຳພີໃໝ່, ພຣະເຢຊູໄດ້ຖືກເອີ້ນວ່າ “ສິງແຫ່ງຢູດາ.“</li><li>ຄຳທີ່ວ່າ “ຢິວ“ ແລະ “ຢູດາຍ“ມາຈາກຊື່ “ຢູດາ.“</li></ul>  
judaism	<h2 id="section">@ລັດທິຢູດາຍ, @ສາສະໜາຢິວ</h2><h3 id="section-1">ນິຍາມ</h3><p>ຄຳວ່າ “ລັດທິຢູດາຍ“ ໝາຍເຖິງສາສະໜາທີ່ຊາວຢິວປະຕິບັດ. ແລະຍັງຖືກເອີ້ນວ່າ “ສາສະໜາຢິວ“</p><ul><li>ໃນພຣະຄຳພີເດີມ, ນຳໃຊ້ຄຳວ່າ “ສາສະໜາຢິວ“ , ໃນຂະນະທີ່ຢູ່ໃນພຣະຄຳພີໃໝ່ນຳໃຊ້ຄຳວ່າ “ລັດທິຢິວ.“</li><li>ລັດທິຢູດາຍ ລວມທັງທຸກໆກົດບັນຍັດໃນພຣະຄຳພີເດີມແລະຄຳແນະນຳຕ່າງໆທີ່ພຣະເຈົ້າໄດ້ມອບໃຫ້ຊາວອິດສະຣາເອນໃຫ້ປະຕິບັດຕາມ. ແລະຍັງລວມທັງຮີດຄອງປະເພນີທີ່ໄດ້ຖືກເພິ່ມເຂົ້າໃນສາສະໜາຢິວໃນແຕ່ລະໄລຍະ.</li><li>ເມື່ອແປ, ຄຳວ່າ “ສາສະໜາຢິວ“ ຫລື “ສາສະໜາຂອງຊາວຢິວ“ ສາມາດນຳໃຊ້ທັງໃນພຣະຄຳພີເດີມແລະໃນພຣະຄຳພີໃໝ່.</li><li>ເຖິງຢ່າງໃດກໍ່ຕາມ, ຄຳວ່າ “ຢູດາຍ“ ຄວນຈະຖືກນຳໃຊ້ໃນພຣະຄຳພີໃໝ່ເທົ່າ​ນັ້ນ,  ຍ້ອນວ່າຄຳສັບນັ້ນບໍ່ເຄີຍມີຢູ່ກ່ອນເວລານັ້ນ.</li></ul>  
judas iscariot	<h2 id="section">@ຢູດາ @ອິສະກາຣີອົດ</h2><h3 id="section-1">ຂໍ້ເທັດຈິງ</h3><p>ຢູດາ ອິສະກາຣີອົດ ເປັນໜຶ່ງໃນອັກຄະສາວົກຂອງພຣະເຢຂູຄຣິດເຈົ້າ. ລາວເປັນຜູ້ທີ່ທໍລະຍົດພຣະເຢຊຼຄຣິດເຈົ້າຮ່ວມກັບພວກຜູ້ນຳຊາວຢິວ.</p><ul><li>ຊື່ “ອິສະກາຣີອົດ“ ອາດໝາຍຄວາມວ່າ “ຈາກເກຣີອົດ,“ ບາງເທື່ອອາດສະແດງໃຫ້ເຫັນວ່າຢູດາເຕີບໃຫຍ່ຂຶ້ນໃນເມືອງນັ້ນ.</li><li>ຢູດາອິສະກາຣີອົດເປັນຜູ້ບໍລິຫານເງິນຂອງພວກອັກຄະສາວົກແລະໄດ້ລັກເອົາເງິນຈຳນວນໜຶ່ງເພື່ອໃຊ້ສຳຫຼັບຕົວເອງ.</li><li>ຢູດາທໍລະຍົດພຣະເຢຊູຄຣິດເຈົ້າໂດຍການບອກພວກຜູ້ນຳສາສະໜາວ່າພຣະເຢຊູຄຣິດເຈົ້າຢູ່ບ່ອນໃດເພື່ອພວກເຂົາຈະຈັບພຣະອົງ.</li><li>ຫຼັງຈາກພວກຫົວໜ້າສາສະໜາໄດ້ຕັດສິນໂທດພຣະເຢຊູຄຣິດເຈົ້າໃຫ້ຕາຍ, ຢູດາຮູ້ສຶກເສຍໃຈທີ່ໄດ້ທໍລະຍົດພຣະເຢຊູຄຣິດເຈົ້າ, ສະນັ້ນລາວຈຶ່ງໄດ້ມອບເງິນທີ່ທໍລະຍົດຄືນໃຫ້ຜູ້ນຳຊາວຢິວ. ແລະລາວກໍໄດ້ຂ້າຕົວເອງຕາຍ.</li><li>ອັກຄະສາວົກອີກຄົນໜຶ່ງຊື່ວ່າຢູດາຄືກັນ ຄົນໜຶ່ງຄືນ້ອງຊາຍຂອງພຣະເຢຊູຄຣິດເຈົ້າ, ມີຊາຍອີກຄົນໜຶ່ງຊື່ວ່າຢູດາໃນພຣະຄຳພີ, ເຊັ່ນນ້ອງຊາຍຂອງພຣະເຢຊູແລະອັກຄະສາວົກຄົນອື່ນໆ. ນ້ອງຊາຍຂອງພຣະເຢຊູຍັງມີຊື່ວ່າ “ຢູດາ.“</li></ul>  
judas son of james	<h2 id="section">@ຢູດາລູກຊາຍຂອງຢາໂກໂບ</h2><h3 id="section-1">ຂໍ້ເທັດຈິງ</h3><p>ຢູດາ, ລູກຊາຍຂອງຢາໂກໂບ, ເປັນໜຶ່ງໃນສາວົກສິບສອງຄົນຂອງພຣະເຢຊູ. ໃຫ້ສັງເກດວ່າຢູດາຄົນນີ້ບໍ່ຄົນດຽວກັນກັບຢູດາອິສະກາຣີອົດ.</p><ul><li>ໂດຍປົກກະຕິແລ້ວໃນພຣະຄຳພີ, ຜູ້ຊາຍທີ່ມີຊື່ດຽວກັນຖືກຈຳແນກໂດຍກ່າວເຖິງວ່າພວກເຂົາເປັນລູກຊາຍຄົນໃດ. ທີ່ນີ້, ຢູດາຖືກລະບຸວ່າເປັນ “ລູກຊາຍຂອງຢາໂກໂບ.“</li><li>ຊາຍອິກຄົນໜຶ່ງຊື່ຢູດາເປັນນ້ອງຊາຍຂອງພຣະເຢຊູ. ແລະລາວຍັງຖືກເອີ້ນວ່າ“ຢູເດ.“</li><li>ພຣະຄຳພີໃໝ່ເອີ້ນວ່າ “ຢູດາ“ ອາດຈະຖືກຂຽນໂດຍຢູດານ້ອງຊາຍຂອງພຣະເຢຊູຄຣິດເຈົ້າ, ເພາະລາວໄດ້ລະບຸຕົວເອງວ່າເປັນ “ນ້ອງຊາຍຂອງຢາໂກໂບ.“ ຢາໂກໂບເປັນນ້ອງຊາຍອີກຄົນໜຶ່ງຂອງພຣະເຢຊູຄຣິດເຈົ້າ.</li><li>ອາດເປັນໄປໄດ້ວ່າພຣະທຳຢູດານັ້ນຖືກຂຽນໂດຍສາວົກ​ຂອງພຣະເຢຊູຄຣິດເຈົ້າ, ຄືຢູດາລູກຊາຍຂອງຢາໂກໂບ.</li></ul>  
judea	<h2 id="section">@ຢູດາຍ</h2><h3 id="section-1">ຂໍ້ເທັດຈິງ</h3><p>ຄຳວ່າ “ຢູດາຍ“ ໝາຍເຖິງທີ່ດິນໃນປະເທດອິດສະຣາເອນບູຮານ. ບາງເທື່ອໃຊ້ໃນຄວາມໝາຍທີ່ແຄບແລະບາງເທື່ອກໍໃຊ້ໃນຄວາມໝາຍກວ້າງ.</p><ul><li>ບາງເທື່ອ “ຢູດາຍ“ ໃຊ້ໃນຄວາມໝາຍທີ່ແຄບເພື່ອອ້າງເຖິງທີ່ຕັ້ງທີ່ຢູ່ທາງທິດໃຕ້ຂອງອິດສະຣາເອນບູຮານທາງທິດຕາເວັນຕົກຂອງທະເລຕາຍ. ຄຳແປບາງພາສາເອີ້ນແຂວງນີ້ວ່າ “ຢູດາຍ.“</li><li>ຊ່ວງເວລາອື່ນໆ “ຢູດາຍ“ ມີຄວາມໝາຍກວ້າງແລະອ້າງອີງເຖິງທຸກໆແຂວງຂອງອິດສະຣາເອນໃນສະໄໝບູຮານ, ລວມທັງແຂວງຄາລີເລ, ສະມາເຣຍ,ເປເຣຍ, ໄອດູເມຍແລະຢູດາຍ (ຢູດາ).</li><li>ຖ້າຜູ້ແປຕ້ອງການເຮັດໃຫ້ເຫັນຄວາມແຕກຕ່າງມີຄວາມໝາຍຈະແຈ້ງຂຶ້ນ, ຄວາມໝາຍທີ່ກວ້າງຂອງແຂວງຢູດາຍ (ເຊັ່ນໃນ ລູກາ 1:5) ສາມາດແປເປັນ “ປະເທດຢູດາຍ” ແລະຄວາມໝາຍທີ່ແຄບ (ເຊັ່ນໃນ ລູກາ1:39) ສາມາດແປເປັນ “ແຂວງຢູດາຍ“ ຫລື “ແຂວງຢູດາ“ ເນື່ອງຈາກວ່ານີ້ເປັນສ່ວນໜຶ່ງຂອງແຜ່ນດິນອິດສະຣາເອນບູຮານທີ່ຊົນເຜົ່າຢິວເຄີຍອາໄສຢູ່.</li></ul>  
judge	<h2 id="section">@ພິພາກສາ, @ຜູ້​ພິ​ພາກ​ສາ, @ການຕັດສິນ</h2><h3 id="section-1">ນິຍາມ</h3><p>ຄຳວ່າ “ພິພາກສາ“ ແລະ “ການຕັດສິນ“ ມັກຈະກ່າວເຖິງການຕັດສິນໃຈກ່ຽວກັບບາງສິ່ງບາງຢ່າງທີ່ຖືກຕ້ອງຫຼືຜິດ.</p><ul><li>“ການພິພາກສາຂອງພຣະເຈົ້າ“ ມັກຈະໝາຍເຖິງການຕັດສິນໃຈຂອງພຣະອົງເພື່ອຈະລົງໂທດບາງຢ່າງຫຼືບາງຄົນທີ່ເຮັດບາບ.</li><li>ການພິພາກສາຂອງພຣະເຈົ້າມັກຈະປະກອບມີການລົງໂທດຜູ້ຄົນທີ່ເຮັດບາບຂອງພວກເຂົາ.</li><li>ຄຳວ່າ “ພິພາກສາ" ຍັງໝາຍເຖິງ “ການກ່າວໂທດ.“ ພຣະເຈົ້າສັ່ງປະຊາຊົນຂອງພຣະອົງຢ່າຕັດສິນເຊິ່ງກັນແລະກັນໃນເລື່ອງນີ້.</li><li>ຄວາມໝາຍອີກຢ່າງໜຶ່ງແມ່ນ “ການຕັດສິນຊີ້ຂາດລະຫວ່າງ“ ຫລື “ຜູ້ພິພາກສາລະຫວ່າງ“, ຄືກັບການຕັດສິນໃຈວ່າຄົນໃດຖືກໃນການຂັດແຍ້ງລະຫວ່າງພວກເຂົາ.</li><li>ໃນສະພາບການບາງຢ່າງ, “ການພິພາກສາ“ ຂອງພຣະເຈົ້າເປັນສິ່ງທີ່ພຣະອົງໄດ້ຕັດສິນໃຈວ່າຖືກຕ້ອງແລະຍຸຕິທຳ. ຄ້າຍຄືດຳລັດ, ກົດໝາຍ, ຫລືກົດເກນ.</li><li>“ ການຕັດສິນ“ ສາມາດໝາຍເຖິງຄວາມສາມາດໃນການຕັດສິນໃຈທີ່ສະຫລາດ. ບຸກຄົນທີ່ຂາດ “ການຕັດສິນໃຈ “ ບໍ່ມີປັນຍາໃນການຕັດສິນໃຈທີ່ສະຫລາດ.</li></ul><h3 id="section-2">ຄຳແນະນຳ ໃນການແປ</h3><ul><li>ອີງຕາມສະພາບການ, ວິທີການແປ “ເພື່ອຕັດສິນ“ ສາມາດປະກອບມີ,  “ຕັດສິນໃຈ“ ຫລື “ການກ່າວໂທດ“ ຫລື “ລົລໂທດ“ ຫລື “ດຳລັດ.“</li><li>ຄຳວ່າ “ການຕັດສິນ“ ສາມາດແປເປັນ “ການລົງໂທດ“ ຫລື “ ການຕັດສິນໃຈ“ ຫລື “ຄຳຕັດສິນ“ ຫລື “ດຳລັດ“ ຫລື “ການກ່າວໂທດ.“</li><li>ໃນບາງສະພາບການ, ປະໂຫຍກທີ່ວ່າ “ໃນການຕັດສິນ” ຍັງສາມາດແປໄດ້ “ໃນວັນຕັດສິນ“ ຫລື “ໃນຊ່ວງເວລາທີ່ພຣະເຈົ້າພິພາກສາປະຊາຊົນ.</li></ul>  
judge (position)	<h2 id="section">@ພິ​ພາກ​ສາ, @ຜູ້ພິພາກສາ @ຫຼື@ ຜູ້​ປົກ​ຄອງ</h2><h3 id="section-1">ນິຍາມ</h3><p>ຜູ້ພິພາກສາຄືບຸກຄົນໜຶ່ງທີ່ຕັດສິນວ່າສິ່ງໃດຖືກຜິດ ເມື່ອມີການຂັດແຍ່ງກັນລະຫວ່າງຜູ້ຄົນ, ໂດຍປົກກະຕິເລື່ອງທີ່ກ່ຽວຂ້ອງກັບກົດໝາຍ.</p><ul><li>ໃນພຣະຄຳພີ, ພຣະເຈົ້າຖືກກ່າວເຖິງວ່າເປັນຜູ້ພິພາກສາເພາະວ່າພຣະອົງເປັນຜູ້ພິພາກສາທີ່ສົມບູນແບບທີ່ພິພາກສາໃນເທື່ອສຸດທ້າຍກ່ຽວກັບສິ່ງທີ່ຖືກຫຼືຜິດ.</li><li>ຫຼັງຈາກປະຊາຊົນອິດສະຣາເອນເຂົ້າໄປໃນແຜ່ນດິນການາອານແລະກ່ອນພວກເຂົາຈະມີກະສັດປົກຄອງພວກເຂົາ, ພຣະເຈົ້າໄດ້ແຕ່ງຕັ້ງຜູ້ນຳທີ່ເອີ້ນວ່າ “ຜູ້ປົກ​ຄອງ ຫຼື ຜູ້​ພິ​ພາກ​ສາ“ ເພື່ອນຳພວກເຂົາໃນເວລາທີ່ປະສົບກັບຫຍຸ້ງຍາກ. ປົກກະຕິແລ້ວຜູ້ພິພາກສາເຫຼົ່ານີ້ເປັນຜູ້ນຳທາງທະຫານທີ່ໄດ້ຊ່ວຍຊີວິດຊາວອິດສະຣາເອນໂດຍການເອົາຊະນະພວກສັດຕູ.</li><li>ຄຳວ່າ “ຜູ້ພິພາກສາ“ ສາມາດເອີ້ນວ່າ “ຜູ້ຕັດສິນໃຈ“ ຫລື “ຜູ້ນຳ“ ຫລື “ຜູ້ປົດປ່ອຍ“ ຫລື “ຜູ້​ປົກ​ຄອງ,“ ແລ້ວ​ແຕ່ສະພາບການ.</li></ul>  
judgment day	<h2 id="section">@ວັນຕັດສິນ, @ວັນພິ​ພາກ​ສາ</h2><h3 id="section-1">ນິຍາມ</h3><p>ຄຳວ່າ “ວັນຕັດສິນ“ ໝາຍເຖິງເວລາໃນອະນາຄົດທີ່ພຣະເຈົ້າຈະພິພາກສາທຸກໆຄົນ.</p><ul><li>ພຣະເຈົ້າໄດ້ແຕ່ງຕັ້ງພຣະບຸດຂອງພຣະອົງ, ຄືພຣະເຢຊູຄຣິດເຈົ້າ, ໃຫ້ເປັນຜູ້ພິພາກສາຂອງປະຊາຊົນ.</li><li>ໃນວັນຕັດສິນ, ພຣະຄຣິດຈະພິພາກສາປະຊາຊົນເທິງພື້ນຖານລັກສະນະອັນຊອບທຳຂອງພຣະອົງ.</li></ul><h3 id="section-2">ຄຳແນະນຳ ໃນການແປ</h3><ul><li>ຄຳສັບນີ້ຍັງສາມາດແປໄດ້ວ່າ “ເວລາຕັດສິນ“ ເພາະມັນອາດຈະໝາຍເຖິງຫລາຍກວ່າໜຶ່ງມື້.</li><li>ອີກວິທີ່ໜຶ່ງໃນການແປຄຳສັບນີ້ອາດລວມ, ເວລາສຸດທ້າຍທີ່ພຣະເຈົ້າຈະພິພາກສາຄົນທັງໝົດ.</li><li>ການແປບາງພາສາໃຫ້ຄຳສຳຄັນດັ່ງກ່າວນີ້ ເພື່ອສະແດງເປັນຊື່ຂອງວັນເວລາພິເສດ: “ວັນຕັດສິນ“ ຫລື “ເວລາຕັດສິນ.“</li></ul>  
justice	<h2 id="section">@ເປັນທຳ, @ທ່ຽງທຳ, @ຍຸດຕິທຳ</h2><h3 id="section-1">ນິຍາມ</h3><p>ຄຳເຫລົ່ານີ້ໝາຍເຖິງການປະຕິບັດຕໍ່ຜູ້ຄົນຢ່າງຖືກຕ້ອງຕາມກົດໝາຍຂອງພຣະເຈົ້າ. ກົດໝາຍຂອງມະນຸດທີ່ສະທ້ອນໃຫ້ເຫັນມາດຕະຖານຂອງພຣະເຈົ້າໃນການປະພຶດທີ່ຖືກຕ້ອງຕໍ່ຄົນອື່ນກໍ່ມີຄວາມຍຸດຕິທຳເຊັ່ນກັນ.</p><ul><li>“ເປັນທຳ“ ແມ່ນການກະທຳທີ່ຖືກຕ້ອງຕໍ່ຄົນອື່ນ. ແລະຍັງໝາຍເຖິງຄວາມສັດຊື່ແລະຊື່ສັດທີ່ຈະເຮັດໃນສິ່ງທີ່ຖືກຕ້ອງທາງສິນທຳໃນສາຍຕາຂອງພຣະເຈົ້າ.</li><li>ການກະທຳ “ຍຸດຕິທຳ“ ໝາຍເຖິງການປະຕິບັດຕໍ່ຜູ້ຄົນໃນແບບທີ່ຖືກຕ້ອງ, ດີແລະຖືກຕ້ອງຕາມກົດໝາຍຂອງພຣະເຈົ້າ.</li><li>ການໄດ້ຮັບ “ຄວາມທ່ຽງທຳ“ ໝາຍເຖິງການໄດ້ຮັບການປະຕິບັດຢ່າງຖືກຕ້ອງພາຍໃຕ້ກົດໝາຍ, ບໍ່ວ່າຈະຖືກປົກປ້ອງໂດຍກົດໝາຍຫຼືຖືກລົງໂທດຍ້ອນການລະເມີດກົດໝາຍ.</li><li>ບາງເທື່ອຄຳວ່າ “ເປັນທຳ“ ມີຄວາມໝາຍທີ່ກວ້າງຂອງ “ຄົນຊອບທຳ“  ຫຼື “ປະຕິບັດຕາມກົດໝາຍຂອງພຣະເຈົ້າ.“</li></ul><h3 id="section-2">ຄຳແນະນຳ ໃນການແປ</h3><ul><li>ອີງຕາມສະພາບການ, ວິທີການອື່ນໆທີ່ຈະແປຄຳວ່າ “ເປັນທຳ“ ສາມາດປະກອບມີ, “ຖືກຕ້ອງທາງສິນທຳ“ ຫຼື “ຍຸຕິທຳ.“</li><li>ຄຳວ່າ “ຄວາມທ່ຽງທຳ“ ສາມາດແປໄດ້ວ່າ, “ການປະຕິບັດທີ່ຖືກຕ້ອງ“ ຫຼື  “ສົມຄວນໄດ້ຮັບຜົນຢ່າງເໝາະສົມ.“</li><li>ການ “ປະຕິບັດຢ່າງຍຸດຕິທຳ“ ສາມາດແປໄດ້ວ່າ “ປະຕິບັດຢ່າງເປັນທຳ“ ຫຼື “ປະພຶດຕົວໃນທາງທີ່ຖືກຕ້ອງ.“</li><li>ໃນບາງສະພາບການຄຳວ່າ, “ເປັນທຳ“ ສາມາດແປໄດ້ວ່າ “ຊອບທຳ“ ຫຼື "ທ່ຽງແທ້.“</li></ul>  
justify	<h2 id="section">@ເຮັດໃຫ້ຊອບທຳ, @ການນັບເປັນຜູ້ຊອບທຳ</h2><h3 id="section-1">ນິຍາມ</h3><p>ຄຳວ່າ “ ເຮັດໃຫ້ຊອບທຳ“ ແລະ “ການນັບເປັນຜູ້ຊອບທຳ“ໝາຍເຖິງການທີ່ເຮັດໃຫ້ຜູ້ທີ່ມີຄວາມຜິດເປັນຄົນຊອບທຳ.ມີແຕ່ພຣະເຈົ້າເທົ່ານັ້ນທີ່ສາມາດເຮັດໃຫ້ເປັນຄົນຊອບທຳຢ່າງແທ້ຈິງໄດ້.</p><ul><li>ເມື່ອພຣະເຈົ້າເຮັດໃຫ້ມະນຸດມີຄວາມຊອບທຳ, ພຣະອົງຈະໃຫ້ອະໄພບາບຂອງພວກເຂົາແລະເຮັດໃຫ້ພວກເຂົາບໍ່ມີບາບ. ພຣະອົງພຽງແຕ່ໃຫ້ຄົນບາບກັບໃຈແລະເຊື່ອວາງໃຈໃນພຣະເຢຊູຄຣິດເຈົ້າເພື່ອຊ່ວຍພວກເຂົາໃຫ້ພົ້ນຈາກບາບຂອງພວກເຂົາ.</li><li>“ການນັບເປັນຄົນຊອບທຳ“ ໝາຍເຖິງສິ່ງທີ່ພຣະເຈົ້າໄດ້ເຮັດໃນເວລາທີ່ພຣະອົງໃຫ້ອະໄພບາບຂອງມະນຸດແລະປະກາດວ່າບຸກຄົນນັ້ນເປັນຄົນຊອບທຳໃນສາຍຕາຂອງພຣະອົງ.</li></ul><h3 id="section-2">ຄຳແນະນຳ ໃນການແປ</h3><ul><li>ອີກວິທີ່ໜຶ່ງທີ່ຈະແປຄຳວ່າ “ເຮັດໃຫ້ຊອບທຳ“ ສາມາດປະກອບມີຄຳວ່າ “ປະກາດ“</li></ul>  
kadesh	<h2 id="section">@ຄາເດັດ, @ຄາເດັດບາເນຍ, @ເມຣີບາຄາເດັດ</h2><h3 id="section-1">ຂໍ້ເທັດຈິງ</h3><p>ຊຶ່ຄາເດັດ, ຄາເດັດບາເນຍ ທັງໝົດອ້າງເຖິງເມືອງທີ່ສຳຄັນເມືອງໜຶ່ງໃນອິດສະຣາເອນເຊິ່ງຕັ້ງຢູ່ທາງພາກໃຕ້ຂອງອິດສະຣາເອນ ໃກ້ກັບເຂດແດນຂອງເມືອງເອໂດມ.</p><ul><li>ເມືອງຄາເດັດເປັນໂອເອຊິດ ຄືສະຖານທີ່ທີ່ມີນຳ້ແລະດິນດີໃນໃຈກາງຂອງທະເລຊາຍຊື່ວ່າຊິນ.</li><li>ໂມເຊສົ່ງຜູ້ສອດແນມສິບສອງຄົນເຂົ້າໄປໃນແຜ່ນດິນການາອານຈາກຄາເດັດບາເນຍ.</li><li>ອິດສະຣາເອນໄດ້ຕັ້ງຄ້າຍທີ່ຄາເດັດທີ່ເກີດມີການກັນດານອາຫານລະຫວ່າງການເດີນທາງໃນຖິ່ນທຸລະກັນດານ.</li><li>ຄາເດັດບາເນຍຄືສະຖານທີ່ ທີ່ມິຣຽມເສຍຊີວິດ.</li><li>ທີ່ເມຣິບາຄາເດັດ ໂມເຊບໍ່ເຊື່ອຟັງພຣະເຈົ້າແລະໄດ້ຕີກ້ອນຫີນເຮັດໃຫ້ນ້ຳໄຫລອອກມາສຳລັບຊາວອິດສະຣາເອນໄດ້ດື່ມ ແທນທີ່ລາວຈະສັ່ງກ້ອນຫີນຕາມທີ່ພຣະເຈົ້າໄດ້ສັ່ງໃຫ້ລາວເຮັດ.</li><li>ຊື່ "ຄາເດັ​ດ" ມາຈາກພາສາເຮັບເຣີ ທີ່ມີຄວາມໝາຍວ່າ "ສັກສິດ" ຫລື "ແຍກອອກມາ".</li></ul>  
kedar	<h2 id="section">@ເຄດາ</h2><h3 id="section-1">ຂໍ້ເທັດຈິງ</h3><p>ເຄດາເປັນເປັນຊື່ຂອງບູດຊາຍຄົນທີສອງຂອງອິດຊະມາເອນ ເປັນຊື່ຂອງເມືອງທີ່ສຳຄັນດ້ວຍ ຊຶ່ງໄດ້ມາຈາກຊື່ຂອງຊາຍຄົນນີ້.</p><ul><li>ເມືອງເຄດາຕັ້ງຢູ່ທາງພາກເໜືອຂອງອາຣາເບຍໃກ້ກັບເຂດແດນທາງຕອນໃຕ້ຂອງປາເລ​ສຕິນ ໃນສະໄຫມພຣະຄຳພີເຊິ່ງເປັນທີ່ຮູ້ຈັກກັນດີວ່າເປັນເມືອງທີ່ຍິງໃຫຍ່ແລະສວຍງາມ.</li><li>ລູກຫລານຂອງເຄດາ ໄດ້ເຂົ້າຮ່ວມກັບກູ່ມຂອງປະຊາຊົນທີ່ເອີ້ນວ່າ "ເຄດາ".</li><li>ຄຳວ່າ "ເຕັນທີ່ມືດມິດແຫ່ງເຄດາ" ອ້າງເຖິງເຕັນຂົນແບ້ສີດຳທີ່ປະຊາຊົນເຄດາໄດ້ອາໄສຢູ່.</li><li>ພວກປະຊາຊົນເຫລົ່ານີ້ໄດ້ລ້ຽງແບ້ແລະແກະ ພວກເຂົາໄດ້ໃຊ້ອູດໃນການຂົນສົ່ງສິ່ງຂອງ.</li><li>ໃນພຣະຄຳພີຄຳວ່າ "ສະຫງ່າຣາສີແຫ່ງເຄດາ" ໝາຍເຖິງຄວາມຍິ່ງໃຫຍ່ຂອງເມືອງນັ້ນ.</li></ul>  
kedesh	<h2 id="section">@ຄາເດັດ</h2><h3 id="section-1">ຂໍ້ເທັດຈິງ</h3><p>ຄາເດັດແມ່ນເມືອງໜຶ່ງຂອງການາອານຊຶ່ງຖືກຍຶດຄອງໂດຍຄົນອິດສະຣາເອນ ເມື່ອພວກເຂົາໄດ້ເຂົ້າສູ່ແຜ່ນດິນການາອານ.</p><ul><li>ສະຖານທີ່ຕັ້ງຂອງເມືອງນີ້ແມ່ນຢູ່ທາງພາກຂອງອານາເຂດອິດສະຣາເອນ ໃນສ່ວນຂອງແຜ່ນດິນທີ່ໄດ້ຖຶກມອບໃຫ້ແກ່ເຜົ່າ ນັບທາລີ.</li><li>ເຄເດັດເປັນຫນຶ່ງໃນເມືອງທີ່ໄດ້ຮັບເລືອກໃຫ້ເປັນເມືອງທີ່ພວກປະໂລຫິດຊາວເລວີສາມາດອາໄສຢູ່ ເນື່ອງຈາກພວກເຂົາບໍ່ໄດ້ມີແຜ່ນດິນເປັນຂອງຕົນເອງ.</li><li>ມັນເປັນເມືອງທີ່ຖືກແຍກອອກມາໃຫ້ເປັນ "ເມືອງລີ້ໄພ".</li></ul>  
kidron valley	<h2 id="section">@ຮ່ອມພູກິດໂຣນ</h2><h3 id="section-1">ຂໍ້ເທັດຈິງ</h3><p>ຮ່ອມພູກິດໂຣນເປັນຮ່ອມພູທີ່ເລິກເຊິ່ງຢູ່ນອກເມຶອງເຢຣູຊາເລັມ ຢູ່ລະຫວ່າງກຳແພງທາງທິດຕາເວັນອອກແລະພູເຂົາໝາກກອກເທດ.</p><ul><li>ຮ່ອມພູນີ້ເລິກຫລາຍກວ່າ 1,000 ແມັດ ແລະຍາວປະມານ 32 ກິໂລແມັດ.</li><li>ເມື່ອກະສັດດາວິດກຳລັງຫລົບຫນີຈາກລູກຊາຍເພີ່ນຄື ອັບຊາໂລມ ພຣະອົງໄດ້ຜ່ານຮ່ອມພູ​ກິດໂຣນເພື່ອໄປເພື່ອໄປພູໝາກກອກເທດ.</li><li>ກະສັດໂຢຊີຢາແລະກະສັດອາຊາແຫ່ງຢູດາໄດ້ສັ່ງໃຫ້ສະຖານທີ່ສູງແລະແທ່ນບູຊາຂອງພະທຽມຕ້ອງຖຶກທຳລາຍແລະຖຶກເຜົາຖິ້ມ ເຊິ່ງຂີ້ເຖົ່າຖືກຖິ້ມລົງໄປໃນຮ່ອມພູກິດໂຣນ.</li><li>ໃນຊ່ວງລະຫວ່າງການຄອງລາດຂອງກະສັດເຮເຊກີຢາ ຮ່ອມພູກິດໂຣນຄືສະຖານທີ່ ທີ່ບັນດາປະໂລຫິດປະຖິ້ມທຸກສິ່ງທີ່ບໍ່ບໍລິສູດນັ້ນພວກເຂົາໄດ້ຂັບໄລ່ອອກຈາກພຣະວີຫານ.</li><li>ພະຣາຊິນີທີ່ຊົ່ວຮ້າຍຄື ອາທາລິຢາ ໄດ້ຖືກສັງຫານໃນຮ່ອມພູນີ້ ເພາະສິ່ງຊົ່ວຮ້າຍທີ່ລາວໄດ້ເຮັດໄປນັ້ນ.</li></ul>  
kind	<h2 id="section">@ຊະນິດ,ຫລາຍຊະນິດ</h2><h3 id="section-1">ນິຍາມ</h3><p>ຄຳວ່າ "ຊະນິດ" ແລະ "ຫລາຍຊະນິດ" ອ້າງເຖິງກຸ່ມຫລືປະເພດຂອງສິ່ງຕ່າງໆທີ່ກ່ຽວຂ້ອງກັນໂດຍຄຖນລັກສະນະພິເສດຮ່ວມກັນ.</p><ul><li>ໃນພຣະຄຳພີ ຄຳນີ້ໃຊ້ສະເພາະເພື່ອອ້າງອິງປະເພດທີ່ແຕກຕ່າງກັນຂອງຕົ້ນໄມ້ແລະສັດຕ່າງໆ ທີ່ພຣະເຈົ້າຊົງເນຣະມິດສ້າງໂລກນີ້.</li><li>ຫລາຍເທື່ອທີ່ມີຄວາມແຕກຕ່າງຫລາກຫລາຍຫລືຫລາຍສາຍພັນ ທີ່ຢູ່ໃນແຕ່ລະ "ຊະນິດ" ຕົວຢ່າງເຊັ່ນ ມ້າ, ມ້າລາຍ ແລະລາ ລ້ວນເປັນສັດທີ່ຢູ່ໃນ "ຊະນິດ" ດຽວກັນ ແຕ່ແຕກຕ່າງສາຍພັນ.</li><li>ສິ່ງສຳຄັນຄືການຈຳແນກແຕ່ລະ "ຊະນິດ" ອອກເປັນກຸ່ມຕ່າງຫາກຊຶ່ງຫມາຍເຖິງສະມາຊິກຂອງກຸ່ມນັ້ນທີ່ສາມາດແຜ່ພັນສິ່ງທີ່ເປັນ "ຊະນິດ" ດຽວກັນໄດ້ຫລາຍຂຶ້ນອີກ ສະມາຊິກຕ່າງສາຍພັນບໍ່ສາມາດເຮັດສິ່ງນີ່ຕໍ່ກັນ.</li></ul><h3 id="section-2">ຄຳແນະນຳໃນການແປ</h3><ul><li>ວິທີການແປ ຄຳ ສັບນີ້ອາດປະກອບມີ "ຊະນິດ" ຫຼື "ຊັ້ນ" ຫລື "ກຸ່ມ" ຫຼື "ສັດ".</li></ul>  
kingdom	<h2 id="section">@ອານາຈັກ</h2><h3 id="section-1">ນິຍາມ</h3><p>ອານາຈັກຄືກຸ່ມຄົນທີ່ຖືກປົກຄອງໂດຍກະສັດອົງຫນຶ່ງ ແລະຍັງໝາຍເຖິງເຂດແດນຫລືເຂດແດນທາງການເມືອງທີ່ກະສັດຫລືຜູ້ປົກຄອງຄົນອື່ນໄດ້ຄວບຄຸມແລະມີອຳນາດຢູ່ເຫນືອ.</p><ul><li>ອານາຈັກສາມາດມີຂະຫນາດໃດກໍ່ໄດ້ທາງພູມສັນຖານ ກະສັດອົງໜຶ່ງອາດຈະປົກຄອງຊົນຊາດຫນຶ່ງຫລື ປະເທດຫນຶ່ງຫລືເມືອງໜຶ່ງເທົ່ານັ້ນ.</li><li>ຄຳວ່າ "ອານາຈັກ" ຍັງໝາຍເຖິງການຄອບຄອງຫລືສິດອຳນາດໃນຝ່າຍຈິດວິນຍານຄືກັບຄຳວ່າ "ອານາຈັກຂອງພຣະເຈົ້າ".</li><li>ພຣະເຈົ້າຊົງປົກຄອງທຸກສິ່ງທີ່ພຣະອົງຊົງສ້າງທັງໝົດ ແຕ່ຄຳວ່າ "ອານາຈັກຂອງພຣະເຈົ້າ" ໝາຍເຖິງການປົກຄອງຂອງພຣະອົງແລະສິດອຳນາດຢູ່ເຫນືອປະຊາກອນທີ່ໄດ້ເຊື່ອໃນພຣະເຢຊູແລະຜູ້ທີ່ໄດ້ຍອມຢູ່ພາຍໃຕ້ສິດອຳນາດຂອງພຣະອົງ.</li><li>ພຣະຄຳພີຍັງກ່າວເຖິງຊາຕານທີ່ມີ "ອານາຈັກ" ທີ່ມັນປົກຄອງພຽງຊົ່ວຄາວເໜຶອຫລາຍສິ່ງໃນແຜ່ນດີນໂລກນີ້ ອານາຈັກຂອງມັນນັ້ນຊົ່ວຮ້າຍແລະຖືກເອີ້ນວ່າ "ຄວາມມືດ".</li></ul><h3 id="section-2">ຄຳແນະນຳໃນການແປ</h3><ul><li>ເມື່ອມີການກ່າວເຖິງເຂດແດນທີ່ປົກຄອງໂດຍກະສັດຄຳວ່າ "ອານາຈັກ" ສາມາດແປວ່າ "ປະເທດ".</li></ul>  
kingdom of god	<h2 id="section">@ອານາຈັກຂອງພຣະເຈົ້າ, @ອານາຈັກສະຫວັນ</h2><h3 id="section-1">ນິຍາມ</h3><p>ຄຳວ່າ "ອານາຈັກຂອງພຣະເຈົ້າ" ແລະ "ອານາຈັກສະຫວັນ" ທັງສອງຄຳໝາຍເຖິງການປົກຄອງແລະສິດອຳນາດຂອງພຣະເຈົ້າເໜືອປະຊາກອນແລະເໜືອສິ່ງທີ່ພຣະອົງຊົງສ້າງທັງປວງ.</p><ul><li>ຊາວຢິວມັກຈະໃຊ້ຄຳວ່າ "ສະຫວັນ" ເພື່ອເປັນການກ່າວເຖິງພຣະເຈົ້າ ເພື່ອເປັນການຫລີກລ້ຽງການກ່າວເຖິງພຣະນາມຂອງພຣະອົງໂດຍກົງ (ເບິ່ງເພີ່ມເຕີມ: <a href="https://read.bibleineverylanguage.org/WA-Catalog/lo_tm?section=translate#figs-metonymy" target="_blank" data-is-rc-link="" data-repo="lo_tm" data-user="WA-Catalog" data-page="translate" data-topic="figs-metonymy" data-type="tm">figs-metonymy</a>).</li><li>ໃນພຣະຄຳພີໃຫມ່ມັດທາຍໄດ້ຂຽນວ່າ ລາວໄດ້ກ່າວເຖິງອານາຈັກຂອງພຣະເຈົ້າວ່າເປັນ "ອານາຈັກສະຫວັນ" ເພາະວ່າຕົ້ນຕໍແລ້ວລາວຂຽນເຖິງຊາວຢິວ.</li><li>ອານາຈັກຂອງພຣະເຈົ້າຫມາຍເຖິງພຣະເຈົ້າກຳລັງປົກຄອງເຫນືອປະຊາກອນຝ່າຍວິນຍານກໍ່ຄືການປົກຄອງເຫນືອທັງໂລກ.</li><li>ຜູ້ປະກາດຂ່າວປະເສີດໃນພຣະຄຳພີເດີມກ່າວວ່າ ພຣະເຈົ້າຈະສົ່ງພຣະເມຊີອາເພື່ອມາປົກຄອງດ້ວຍຄວາມຊອບທຳ ພຣະເຢຊູຄຣິສຄືພຣະບຸດຂອງພຣະເຈົ້າ,ແມ່ນພຣະເມຊີອາຜູ້ທີ່ຈະມາປົກຄອງອານາຈັກຂອງພຣະເຈົ້າຕະຫລອດໄປ.</li></ul><h3 id="section-2">ຄຳແນະນຳໃນການແປ</h3><ul><li>ຄວາມໝາຍທົ່ວໄປຄຳວ່າ "ອານາຈັກຂອງພຣະເຈົ້າ" ສາມາດແປໄດ້ວ່າ "ການປົກຄອງຂອງພຣະເຈົ້າ".</li></ul>  
kingdom of israel	<h2 id="section">@ອານາຈັກອິດສະຣາເອນ</h2><h3 id="section-1">ຂໍ້ເທັດຈິງ</h3><p>ຄຳວ່າ "ອານາຈັກອິດສະຣາເອນ" ຫມາຍເຖິງເຂດພາກເໜືອຂອງອິດສະຣາເອນເມື່ອສິບສອງເຜົ່າຂອງອິດສະຣາເອນຖືກແບ່ງອອກເປັນສອງອານາຈັກຫລັງຈາກກະສັດຊາໂລໂມນຊິ້ນພຣະຊົນ.</p><ul><li>ອານາຈັກຂອງອິດສິຣາເອນໃນຕອນເໜືອມີສິບເຜົ່າແລະອານາຈັກຢູດາຢູ່ທາງທິດໃຕ້ມີສອງເຜົ່າ.</li><li>ເມືອງຫລວງຂອງອານາຈັກອິດສະຣາເອນແມ່ນເມືອງຊາມາເຣຍ ເຊິ່ງຢູ່ຫ່າງປະມານ 50 ກິໂລແມັດຈາກກຸງເຢຣູຊາເລັມ ເມືອງຫລວງຂອງຢູດາ.</li><li>ກະສັດທຸກພຣະອົງຂອງອານາຈັກອິດສະຣາເອນຊົ່ວຮ້າຍ ພວກເຂົາໃຫ້ປະຊາຊົນຮັບໃຊ້ຮູບເຄົາລົບແລະພະທຽມຕ່າງໆ.</li><li>ພຣະເຈົ້າໄດ້ສົ່ງຊາວອັດຊີເຣຍໄປໂຈມຕີອານາຈັກອິດສະຣາເອນ ປະຊາຊົນອິດສະຣາເອນຈຳນວນຫລວງຫລາຍຖືກຈັບເປັນຊະເລີຍແລະຖືກກວາດຕ້ອນໄປໃຊ້ຊີວິດໃນອັດຊີເຣຍ</li><li>ພວກອັດຊີເຣຍໄດ້ພາພວກຄົນຕ່າງຊາດເຂົ້າມາອາໄສຢູ່ຮ່ວມກັບປະຊາກອນທີ່ເຫລືອຢູ່ພຽງເລັກນ້ອຍໃນອານາຈັກອິດສະຣາເອນ ຄົນຕ່າງຊາດເຫລົ່ານີ້ໄດ້ແຕ່ງງານກັບຊາວອິດສະຣາເອນແລະເຊື່ອສາຍຂອງພວກຊາຍຊາມາເຣຍ.</li></ul>  
kingdom of judah	<h2 id="section">@ຢູດາ,ອານາຈັກຢູດາ</h2><h3 id="section-1">ຂໍ້ເທັດຈິງ</h3><p>ເຜົ່າຢູດາເປັນເຜົ່າທີ່ໃຫຍ່ທີ່ສຸດໃນທ່າມກາງສິບສອງເຜົ່າຂອງອິດສະລາເອນ ອານາຈັກຢູດາໄດ້ຖືກແບ່ງອອກເປັນຢູດາແລະເບັນຈາມິນ.</p><ul><li>ຫຼັງຈາກທີ່ກະສັດໂຊໂລໂມນສະຫວັນນະຄົດ ປະເທດອິດສະລາເອນຖືກແບ່ງອອກເປັນສອງອານາຈັກຄື ອິດສະລາເອນຢູດາແລະອານາຈັກຢູດາເປັນອານາຈັກທາງຕອນໄຕ້ຕັ້ງຢູ່ທາງຕາເວັນອອກຂອງທະເລເກືອ.</li><li>ເມືອງຫຼວງຂອງອານາຈັກຢູດາຄືກຸງເຢລູຊາເລັມ.</li><li>ກະສັດເຈັດພຣະອົງຂອງອານາຈັກຢູດາເຊື່ອຟັງພຣະເຈົ້າແລະນຳປະຊາກອນນະມັດສະການພຣະອົງ ແຕ່ມີກະສັດຫຼາຍອົງຂອງຢູດາທີ່ທຳຊົ່ວຮ້າຍແລະໄດ້ນຳປະຊາຊົນໄປນະມັດສະການຮູບເຄົາລົບ.</li><li>ຫຼາຍກ່ວາ120 ປີຫຼັງຈາກອານຊີເຣັຽໄດ້ປາບປາມອິດສະລາເອນ (ອານາຈັກຕອນເໜືອ) ຢູດາຖືກພິຊິດໂດຍຊົນຊາດບາບີໂລນ ຊາວບາບີໂລນໄດ້ທຳລາຍເມືອງແລະພຣະວິຫານ ແລະນຳຄົນສ່ວນໃຫຍ່ຈາກອານາຈັກຢູດາໄປເປັນຊະເລີຍທີ່ບາບີໂລນ.</li></ul>  
king	<h2 id="section">@ກະສັດ</h2><h3 id="section-1">ນິຍາມ</h3><p>ຄຳວ່າ "ກະສັດ" ໝາຍເຖິງຜູ້ຊາຍທີ່ເປັນຜູ້ປົກຄອງສູງສຸດຂອງເມືອງໜື່ງ ຫລື ປະເທດຫນຶ່ງ.</p><ul><li>ໂດຍປົກກະຕິແລ້ວກະສັດຈະຖືກເລືອກມາປົກຄອງເພາະວ່າຄອບຄົວຂອງເຂົາມີຄວາມກ່ຽວຂ້ອງກັບກະສັດຫລາຍພຣະອົງກ່ອນຫນ້ານັ້ນ.</li><li>ເມືອກະສັດສິ້ນພະຊົນ ໂດຍປົກກະຕິແລ້ວລູກຊາຍກົກຈະມາເປັນກະສັດອົງຕໍ່ໄປ.</li><li>ໃນສະໄຫມບຸຮານ ກະສັດມີອຳນາດອົກຄອງຢ່າງແທ້ຈິງຕໍ່ປະຊາຊົນຂອງພະອົງ.</li><li>ຄຳວ່າກະສັດອາດໝາຍເຖິງຄົນທີ່ບໍ່ແມ່ນກະສັດທີ່ແທ້ຈິງຢ່າງເຊັ່ນ "ກະສັດເຮໂຣດ" ໃນພຣະຄຳພີໃຫມ່.</li><li>ໃນພຣະຄຳພີພຣະເຈົ້າມັກຈະຖືກກ່າວເຖິງວ່າເປັນກະສັດເໜືອປະຊາຊົນຂອງພຣະອົງ.</li><li>ພຣະເຢຊູໄດ້ຖືກເອີ້ນວ່າ "ກະສັດຂອງຊາວຢິວ","ກະສັດຂອງອິດສະຣາເອນ" ແລະ "ກະສັດຂອງກະສັດ".</li><li>ເມື່ອພຣະເຢຊູສະເດັດກັບມາ ພຣະອົງຊົງປົກຄອງໃນຖານະກະສັດເໜືອທັງໂລກ.</li><li>ຄຳນີ້ຍັງສາມາດແປໄດ້ອີກວ່າ "ຫົວໜ້າສູງສຸດ" ຫລື "ຜູ້ນຳສູງສຸດ" ຫລື "ຜູ້ປົກຄອງຜູ້ມີອຳນາດສູງສຸດ".</li><li>ປະໂຫຍກທີ່ວ່າ "ກະສັດເໜືອກະສັດທັງຫມົດ" ສາມາດແປວ່າ "ກະສັດຜູ້ປົກຄອງເໜືອກະສັດອື່ນ" ຫລື "ຜູ້ປົກຄອງສູງສຸດຜູ້ມີອຳນາດສຸດຂາດເໜືອຜູ້ປົກຄອງອື່ນໆ".</li></ul>  
king of the jews	<h2 id="section">@ກະສັດຂອງພວກຢິວ</h2><h3 id="section-1">ນິຍາມ</h3><p>ຄຳວ່າກະສັດຂອງພວກຢິວເປັນຕຳແໜ່ງທີ່ອ້າງເຖິງ ພຣະເຢຊູ, ພຣະເມຊີອາ.</p><ul><li>ຄັ້ງທຳອິດທີ່ຕຳແໜ່ງນີ້ໄດ້ຮັບການບັນທຶກໃນພຣະຄຳພີຄືເມື່ອນັກປາດຜູ້ທີ່ເດິນທາງໄປຍັງເບດເລເຮັມເພື່ອຕາມຫາເດັກເກີດໃໝ່ຜູ້ເປັນ "ກະສັດຂອງພວກຢິວ."</li><li>ທູດສະຫວັນເປີດເຜີຍຕໍ່ມາຣີວ່າ ລູກຊາຍຂອງລາວຜູ້ເປັນເຊື້ອສາຍຂອງກະສັດດາວິດຈະເປັນກະສັດອົງໜຶ່ງທີ່ຄອບຄອງຈົນຕະຫຼອດໄປເປັນນິດ.</li><li>ກ່ອນພຣະເຢຊູຖືກຄຶງ ພວກທະຫານໂຣມເວົ້າລໍ້ຫຼິ້ນພຣະເຢຊູວ່າ "ກະສັດຂອງພວກຢິວ" ຕຳແໜ່ງນີ້ຖືກຂຽນໄວ້ເທິງແຜ່ນໄມ້ແລະຕອກຕະປູຕິດໄວ້ເທິງໄມ້ກາງແຂນຂອງພຣະເຢຊູ.</li><li>ພຣະເຢຊູຊົງເປັນກະສັດທີ່ແທ້ຈິງຂອງພວກຢິວແລະຊົງເປັນກະສັດເໜືອສິ່ງຊົງສ້າງທັງປວງ.</li></ul><p>%ຄຳແນະນຳໃນການແປ</p><ul><li>ຄຳວ່າ "ກະສັດຂອງພວກຢິວ"ສາມາດແປໄດ້ວ່າ"ກະສັດເໜືອພວກຢິວ "ຫຼື" ກະສັດຜູ້ປົກຄອງເໜືອພວກຢິວ "ຫຼື" ຜູ້ປົກຄອງສູງສຸດເໜືອພວກຢິວ"</li><li>ກວດສອບເບິ່ງວິທີການແປປະໂຫຍກ "ກະສັດຂອງ" ໃນຕອນອື່ນໃນການແປດ້ວຍ.</li></ul>  
kin	<h2 id="section">@ພີ່ນ້ອງ,ຍາດພີ່ນ້ອງ</h2><h3 id="section-1">ນິຍາມ</h3><p>ຄຳວ່າ "ພີ່ນ້ອງ" ເວົ່າເຖິງບຸກຄົນທີ່ມີຄວາມສຳພັນທາງສາຍເລືອດ ຄຳວ່າ "ຍາດພີ່ນ້ອງ" ເວົ້າເຖິງບຸກຄົນພິເສດກັບພິນ້ອງທີ່ເປັນຜູ້ຊາຍ.</p><ul><li>ຄຳນີ້ສາມາດອ້າງເຖິງພີ່ນ້ອງສະຫນິດ ຢ່າງເຊັ່ນ ພໍ່ແມ່ ຫລື ອ້າຍນ້ອງ ຫລືພີ່ນ້ອງທີ່ຫ່າງອອກໄປ ເຊັ່ນ ປ້າ,ລູງ ຫລື ລູກພີ່ລູກນ້ອງ.</li><li>ໃນອິດສະຣາເອນຍຸກບູຮານ ຖ້າວ່າຜູ້ຊາຍຄົນຫນຶ່ງເສຍຊີວິດ ຍາດພີ່ນ້ອງຜູ້ຊາຍທີ່ໃກ້ຊິດທີ່ສຸດຂອງລາວ ຍ່ອມຖືກຄາດຫວັງໃຫ້ແຕ່ງງານກັບເມຍທີ່ເປັນຫມ້າຍຂອງລາວ ໃຫ້ເບິ່ງແຍງຊັບສົມບັດແລະຊ່ວຍສຶບທອດນາມສະກຸນຂອງລາວ ຍາດພີ່ນ້ອງ-ຜູ້ໄຖ່.</li><li>ຄຳນີ້ສາມາດແປໄດ້ວ່າ "ຍາດພີ່ນ້ອງ" ຫລື "ສະມາຊິກຄອບຄົວ".</li></ul>  
kiss	<h2 id="section">@ການຈູບ</h2><h3 id="section-1">ນິຍາມ</h3><p>ການຈູບຄືການກະທຳຊຶ່ງປາກຂອງບຸກຄົນນຶ່ງກວມປາກກັບອີກຄົນນຶ່ງຫຼືທີ່ໜ້າ ຄຳນີ້ສາມາດໃຊ້ໃນຮູບແບບຄຳອຸປະມາດ້ວຍ.</p><ul><li>ໃນບາງວັດທະນະທຳການຈູບກັນບົນແກ້ມເພື່ອເປັນການທັກທາຍຫຼືກ່າວອຳລາ.</li><li>ການຈູບສາມາດສື່ສານເຖິງຄວາມຮັກໄດ້ຢ່າງເລິກເຊິ່ງລະຫວ່າງຄົນສອງຄົນເຊັ່ນ ລະຫວ່າງສາມີກັບພັນລະຍາ.</li><li>ຄຳກ່າວ "ຈູບອຳລາບາງຄົນ" ໝາຍຄວາມວ່າກ່າວອຳລາດ້ວຍການຈູບ.</li><li>ບາງຄັ້ງຄຳວ່າ "ຈູບ" ຖືກໃຊ້ໃນຄວາມໝາຍວ່າ "ກ່າວອຳລາຕໍ່" ເມື່ອເອລີຊາໄດ້ກ່າວກັນກັບເອລີຢາ "ໃຫ້ຂ້າພຣະເຈົ້າໄປແລະຈູບບິດາແລະມານດາຂອງຂ້າພຣະເຈົ້າກ່ອນ" ເຂົາໄດ້ຕ້ອງການທີ່ຈະກ່າວອຳລາກັບບິດາມານດາຂອງເຂົາກ່ອນຈາກພວກເຂົາເພື່ອຕິດຕາມເອລີຢາ.</li></ul>  
know	<h2 id="section">@ຮູ້, @ຄວາມຮູ້, @ທຳໃຫ້ຮູ້</h2><h3 id="section-1">ນິຍາມ</h3><p>"ຮູ້" ໝາຍເຖິງການເຂົ້າໃຈບາງສິ່ງຫຼືຮັບຮູ້ຂໍ້ມູນຄວາມຈິງ ຄຳກ່າວ "ທຳໃຫ້ຮູ້" ເປັນຄຳກ່າວທີ່ໝາຍເຖິງການບອກຂໍ້ມູນ.</p><p>ຄຳວ່າ " ຄວາມຮູ້" ອ້າງອີງເຖິງຂໍ້ມູນຕ່າງໆທີ່ຜູ້ຄົນຮູ້ສາມາດປັບໃຊ້ກັບການຮູ້ກ່ຽວກັບສິ່ງຕ່າງໆ ທັງໃນໂລກຮ່າງກາຍແລະໂລກຝ່າຍວິນຍານ.</p><ul><li>"ຮູ້ກ່ຽວກັບ" ພຣະເຈົ້າໝາຍຄວາມວ່າເຂົ້າໃຈຂໍ້ຈິງບໍ່ຈິງກ່ຽວກັບພຣະ ອົງເພາະສິ່ງທີ່ໄດ້ເປີດເຜີຍຕໍ່ເຮົາ.</li><li>"ຮູ້ຈັກ" ພຣະເຈົ້າໝາຍຄວາມວ່າມີຄວາມສຳພັນກັບພຣະອົງ ນີ້ປັບໃຊ້ກັບການຮູ້ຈັກຄົນດ້ວຍ.</li><li>ການ "ຮູ້ນ້ຳພຣະໄທຂອງພຣະເຈົ້າ" ໝາຍເຖິງຮັບຮູ້ເຖິງສິ່ງທີ່ພຣະອົງໄດ້ຊົງບັນຊາຫຼືເຂົ້າໃຈສິ່ງທີ່ພຣະອົງຕ້ອງການໃຫ້ບຸກຄົນນຶ່ງທຳ.</li><li>"ຮູ້ກົດບັນຍັດ" ໝາຍເຖິງການຮັບຮູ້ເຖິງສິ່ງທີ່ພຣະເຈົ້າໄດ້ຊົງບັນຊາໄວ້ຫຼືເຂົ້າໃຈສິ່ງທີ່ພຣະເຈົ້າໄດ້ສັ່ງເອົາໄວ້ໃນກົດບັນຍັດທີ່ພຣະອົງໄດ້ຊົງມອບໃຫ້ແກ່ໂມເຊ.</li><li>ບາງຄັ້ງ "ຄວາມຮູ້" ຖືກໃຊ້ເປັນຄຳກ່າວກັບຄຳວ່າ "ສະຕິປັນຍາ" ຊຶ່ງລວມເຖິງການດຳເນີນຊີວິດໃນວິຖີທີ່ພຣະເຈົ້າພໍພຣະໄທ.</li><li>"ຄວາມຮູ້ກ່ຽວກັບພຣະເຈົ້າ" ບາງຄັ້ງຖືກໃຊ້ເປັນຄຳກ່າວສຳລັບຢຳເກງພຣະເຈົ້າຢາເວ.</li></ul><p>%ຄຳແນະນຳໃນການແປ</p><ul><li>ຂຶ້ນຢູ່ກັບບໍລິບົດວິທີການແປຄຳວ່າ "ຮູ້" ສາມາດລວມຄຳວ່າ  "ເຂົ້າໃຈ" ຫຼື "ຄຸ້ນເຄີຍກັບ" ຫຼື "ຮັບຮູ້ກ່ຽວກັບ" ຫຼື "ຊິນເຄີຍກັບ" ຫຼື "ມີຄວາມສຳພັນກັບ".</li><li>ໃນບາງພາສາມີຄຳສອງຄຳທີ່ແຕກຕ່າງກັນສຳລັບຄຳວ່າ "ຮູ້" ຂື້ນຢູ່ກັບວ່າເປັນການຮູ້ກ່ຽວກັບຂໍ້ຈິງຫຼືບໍ່ຈິງກ່ຽວກັບຄົນແລະມີການສຳພັນ ທະພາບກັບເຂົາ.</li><li>ຄຳວ່າ "ທຳໃຫ້ຮູ້ " ສາມາດແປວ່າ "ທຳໃຫ້ຄົນໄດ້ຮູ້" ຫຼື "ເປີດເຜີຍ" ຫຼື "ບອກກ່ຽວກັບ" ຫຼື "ອະທິບາຍ."</li><li>"ຮູ້ກ່ຽວກັບ" ບາງສິ່ງສາມາດແປວ່າ "ຮັບຮູ້ກ່ຽວກັບ" ຫຼື"ຄຸ້ນເຄີຍກັບ."</li><li>ຄຳກ່າວ "ຮູ້ວ່າຢ່າງໃດ" ໝາຍເຖິງເຂົ້າໃຈຂະບວນການຫຼືວິທີການເພື່ອຈະທຳໃຫ້ບາງສິ່ງບາງຢ່າງສຳເລັດໄດ້ສາມາດແປວ່າ "ສາມາດທີ່ຈະ" ຫຼື "ມີທັດສະໃນການ."</li></ul><p>ຄຳວ່າຄວາມຮູ້ ສາມາດແປວ່າ ສິ່ງທີ່ໄດ້ຮູ້ຫຼືປັນຍາຫຼືຄວາມເຂົ້າໃຈ ຂຶ້ນຢູ່ກັບບໍລິບົດ.</p>  
korah	<h2 id="section">@ໂຄຣາ</h2><h3 id="section-1">ຂໍ້ເທັດຈິງ</h3><p>ໂຄຣາ ຄືຊື່ຂອງຄົນສາມຄົນໃນພັນທະສັນຍາເດີມ.</p><ul><li>ນຶ່ງໃນລູກຊາຍຂອງເອຊາວຊື່ວ່າ ໂຄຣາ ເຂົາໄດ້ເປັນຜູ້ນຳຂອງຄົນນຶ່ງໃນຊຸມຊົນຂອງເຂົາ.</li><li>ໂຄຣາ ເປັນເຊື້ອສາຍຂອງເລວີແລະໄດ້ຮັບໃຊ້ໃນຫໍເຕັນຖານະປະໂລຫິດເຂົາອິດສາໂມເຊແລະອາໂຣນແລະໄດ້ນຳກຸ່ມຜູ້ຊາຍກະບົດຕໍ່ພວກເຂົາ.</li><li>ຜູ້ຊາຍທີ່ຊື່ ໂຄຣາ ຄົນທີສາມຢູ່ໃນລາຍຊື່ຂອງລູກຫຼານຂອງຢູດາ.</li></ul>  
laban	<h2 id="section">@ໃນພຮະຄຳພີເກົ່າ,  @ເປັນລຸງ@ ແລະ @ເປັນພໍ່ເຖົ້າຂອງຢາໂຄບ</h2><h3 id="section-1">ຂໍ້ເທັດຈິງ</h3><ul><li>ຢາໂຄບອາໄສຢູ່ກັບຄອບຄົວຂອງລາບັນໃນປາດານອາຮັມ ແລະ ດູແລລ້ຽງດູຝູງເກະ, ແລະ ແບ້. ເຊິ່ງເປັນເງື່ອນໄຂໃນການແຕ່ງງານກັບລູກສາວຂອງລາບັນ</li><li>ຢາໂຄບນັ້ນມີຄວາມພຶ່ງພໍໃຈກັບລາເຊວລູກສາວຂອງລາບັນເຊື່ງເປັນເມຍຂອງຢາໂຄບ</li><li>ລາບັນລອກລວງຍາໂຄບໃຫ້ລາວແຕ່ງງານກັບລູກສາວກົກຄືເລອາກ່ອນທີ່ຈະມອບລາເຊວໃຫ້ແກ່ລາວເພື່ອເປັນເມຍ</li></ul>  
labor	<h2 id="section">@ວຽກທີ່ຕ້ອງໃຊ້ແຮງ. @ຜູ້ເຮັດວຽກ</h2><h3 id="section-1">ນິຍາມ</h3><p>ຄຳວ່າ '' ວຽກທີ່ຕ້ອງໃຊ້ແຮງງານ'' ໝາຍເຖິງການເຮັດວຽກໜັກໃນທຸກຮູບແບບ</p><ul><li>ໂດຍທົ່ວໄປ ວຽກທີ່ຕ້ອງອອກແຮງງານ ຫຼື ວຽກອື່ນໆ. ທີ່ໃຊ້ພະລັງງານ ແລະ ທຸກໆຄັ້ງສະແດງວ່າເປັນວຽກທີ່ຍາກ.</li><li>ຜູ້ເຮັດວຽກຄືບຸກຄະລາກອນຜູ້ທີ່ເຮັດວຽກອື່ນໆ ກະຕ້ອງໃຊ້ແຮງງານ</li><li>ໃນພາສາອັງກິດ " ວຽກທີ່ຕ້ອງໃຊ້ແຮງງານ " ແປວ່າການຄອດລູກ ໃນພາອື່ນບາງທີອາດຈະໃຊ້ຄຳນີ້ແຕກຕ່າງຢ່າງສີ້ນເຊີງ.</li><li>ວິທີ່ການແປຄຳວ່າ" ວຽກທີ່ຕ້ອງໃຊ້ແຮງງານ "  ສາມາດແປວ່າ " ວຽກ " ຫຼື ການເຮັດວຽກໜັກ " ຫຼື " ວຽກຍາກ " ຫຼື " ເຮັດວຽກໜັກ. "</li></ul>  
laborpains	<h2 id="section">@ເຈັບທ້ອງເກີດລູກ, @ອາການເຈັບທ້ອງເກີດລູກ</h2><h3 id="section-1">ນິຍາມ</h3><p>ຜູ້ຍິງທີ່ມີ "ອາການເຈັບທ້ອງເກີດລູກ " ມີປະສົບການກັບຄວາມເຈັບປວດທີ່ນຳພາໄປສູ່ການໃຫ້ກຳເກີດບຸດ. ອາການນີ້ ເອີ້ນວ່າ " ເຈັບທ້ອງເກີດລູກ. "</p><ul><li>ໃນຈົດໝາຍທີ່ຂຽນໄປເຖີງຊາວຄາລາເຕຍ, ອັກຄະສາວົກ ໂປໂລໄດ້ໃຊ້ຄຳອຸປະມາອະທິບາຍເຖິງຄວາມເອົາຈິງເອົາຈັງເພື່ອຊ່ວຍບັນດາໝູ່ເພື່ອນຜູ້ທີ່ເຊື່ອຂອງເຂົາໃຫ້ເປັນເໜືອນພຣະຄິຣດ.</li><li>ຄຳປຽບທຽບເຖິງອາການເຈັບທ້ອງເກີດລູກໄດ້ຖືກນຳມາໃຊ້ໃນພຣະຄຳພີເພື່ອອະທິບາຍເຖິງຄວາມພິນາດໃນຊ່ວງວັນສຸດທ້າຍທີ່ຈະເກີດຂື້ນແລະຮຸນແຮງຂື້ນ.</li></ul>  
lamb	<h2 id="section">@ລູກເກະ, @ລູກເເກະຂອງພະເຈົ້າ</h2><h3 id="section-1">ນິຍາມ</h3><p>ຄຳວ່າ " ລູກແກະ " ໝາຍເຖີງແກະທີ່ຍັງອາຍຸນ້ອຍ ແລະ ເປັນສັດທີ່ມີສີ່ຂາ ມີ ຂົນຫນາເປັນປຸຍປຸຍ ໃຊ້ເພື່ອເປັນເຄື່ອງບູຊາຖວາຍແກ່ພຮະເຈົ້າ. ພຣະເຢຊູ ຊົງຖືກເອີ້ນວ່າເປັນ" ລູກແກະຂອງພຮະເຈົ້າ" ເພາະພຮະອົງຖູກຖວາຍເປັນເຄື່ອງບູຊາເພື່ອຄວາມບາບຂອງຄົນ.</p><ul><li>ສັດເຫຼົ່ານີ້ຖືກນຳໃຫ້ຫຼົງທາງໄດ້ຢ່າງງ່າຍດາຍ ແລະ ຕ້ອງການ ການປົກຄອງ ພຣະເຈົ້າຊົງປຽບມະນຸດວ່າເປັນແກະ .</li><li>ພຣະເຈົ້າຊົງສັ່ງໃຫ້ປະຊາກອນຂອງພຣະອົງຖວາຍແກະ ແລະ ລູກແກະ ປະສະຈາກມົນທິນເປັນເຄື່ອງບູຊາແດ່ພຣະອົງ</li><li>ພຣະເຢຊູຊົງຖືກເອີ້ນວ່າເປັນ " ລູກແກະຂອງພຣະເຈົ້າ " ຜູ້ທີ່ຖືກຖວາຍເປັນເຄື່ອງບູຊາເພື່ອຄວາມບາບຂອງຄົນ ພຣະອົງຊົງສົມບູນແບບ ປາສະຈາກມົນທິນ ເພາະພຮະອົງບໍ່ມີບາບເລີຍ.</li></ul><h3 id="section-2">ຄຳເນາະນຳໃນການແປ</h3><ul><li>ຖ້າແກະເປັນທີ່ຮູ້ຈັກກັນດີໃນດ້ານພາສາທ້ອງຖິ່ນ. ຊື່ສຳລັບແກະທີ່ຍັງອາຍຸນ້ອຍຄວານແປໂດຍໃຊ້ຄຳວ່າ "ລູກແກະ " ຫຼື " ລູກແກະຂອງພຣະເຈົ້າ. "</li><li>" ລູກແກະຂອງພຣະເຈົ້າ " ສາມາດແປໄດ້ວ່າ " ຂອງພຣະເຈົ້າ "</li></ul>  
lamech	<h2 id="section">@ລາເມດ</h2><h3 id="section-1">ຂໍ້ເທັດຈິງ</h3><p>ລາເມດເປັນຊື່ຂອງຜູ້ຊາຍສອງຄົນທີ່ໄດ້ຮັບການການກ່າວເຖີງໃນພຣະຄຳປະຖົມມະການ</p><ul><li>ລາເມດເປັນຄົນທຳອິດທີ່ໄດ້ຮັບການກ່າວເຖີງເປັນເຊື້ອສາຍຂອງກາອິນ ລາວໄດ້ໂອ້ອວດຕໍ່ເມຍຂອງລາວທັງສອງຂອງລາວ ວ່າລາວໄດ້ຂ້າຊາຍຄົນໜຶ່ງທີ່ເຮັດໃຫ້ລາວໄດ້ຮັບບາດເຈັບ.</li><li>ລາເມດຄົນທີ່ສອງເປັນເຊື້ອສາຍຂອງເຊດ ລາວເປັນບິດາຂອງໂນອາ</li></ul>  
lament	<h2 id="section">@ເສຍໃຈ, @ຄວາມເສຍໃຈ</h2><h3 id="section-1">ນິຍາມ</h3><p>ຄຳວ່າ " ເສຍໃຈ " ແລະ " ຄວາມເສຍໃຈ " ໝາຍເຖິງການສະແດງອອກຢ່າງຮຸ່ນແຮງເຖິງຄວາມເສົ້າໂສກ ແລະ ເສຍໃຈ ຫຼືສະລົດໃຈ.</p><ul><li>ບາງເທື່ອຄຳນີ້ໝາຍເຖີງຄວາມເສຍໃຈຢ່າງເຈັບປວດຕໍ່ຄວາມບາບ ຫຼື ຄວາມເມດຕາສົງສານຕໍ່ຜູ້ຄົນທີ່ໄດ້ປະສົບກັບຄວາມຈິບຫາຍ</li><li>ຄວາມເສຍໃຈສາມາດໝາຍເຖິງຄຳວ່າໂສກເສົ້າ ຮ້ອງໃຫ້ ຫຼື ເສຍໃຈ.</li></ul><h3 id="section-2">ຄຳແນະນຳໃນການແປ</h3><ul><li>ຄຳວ່າ " ເສຍໃຈ " ສາມາດແປໄດ້ວ່າ " ໂສກເສົ້າຢ່າງສຸດເຊື້ງ " ຫຼື " ຮ້ອງໃຫ້ " ດ້ວຍຄວາມສະລົດໃຈ " ຫຼື ເຕັມໄປດ້ວຍຄວາມເສຍໃຈ. "</li><li>" ຄວາມເສຍໃຈ "</li></ul>  
lamp	<h2 id="section">@ຕະກ່ຽງ</h2><h3 id="section-1">ນິຍາມ</h3><p>ຄຳວ່າ " ຕະກ່ຽງ " ໂດຍທົ່ວໄປໝາຍເຖິງບາງສິ່ງທີ່ໃຫ້ແສງສະຫວ່າງ ຕະກ່ຽງຕ່າງ ທີ່ໃຊ້ໃນສະໄໝພຣະຄຳພີໂດຍປົກກະຕິຈະເປັນຕະກ່ຽງນ້ຳມັນ ປະເພດຂອງຕະກ່ຽງທີ່ໃຊ້ໃນສະໄໝພຣະຄຳພິເປັນພະຫະນະນ້ອຍໆ ທີ່ບັນຈຸເຊື້ອໄຟໂດຍປົກກະຕິແມ່ນນ້ຳມັນ ທີ່ຈະໃຫ້ແສງສະຫວ່າງເມື່ອມີການຈູດໄຟ.</p><ul><li>ໂດຍທົ່ວໄປຕະກ໋ຽງນໍ້າມັນມັກຈະເຮັດມາຈາກເຄື່ອງປັ້ນດິນເຜົາທຳມະດາເຕີມດ້ວຍນ້ຳມັນໝາກກອກ ພ້ອມດ້ວຍໄສ້ທຽນໃນນ້ຳມັນເພື່ອຈູດໄຟ.</li><li>ຕະກ່ຽງບາງດວງ ຖ້ວຍ ຫຼື ໄຫ ເຮັດເປັນລູກໄຂ່ ແລະຕອນປາຍຫນີບເພື່ອວາງຕະກ່ຽງ.</li><li>ຕະກ່ຽງນ້ຳມັນສາມາດຖື ຫຼື ວ່າງໄວ້ເທິງແທ່ງເພື່ອໃຫ້ແສງສະຫວ່າງສ່ອງໄປທົ່ວບ້ານ.</li><li>ໃນພຣະຄຳພີຕະກ່ຽງຖືກໃຊ້ໃນຄຳອຸປະມາຫຼາຍທາງວ່າເປັນສັນຍາລັກຄວາມສະຫວ່າງ ແລະ ຊີວິດ.</li></ul>  
lampstand	<h2 id="section">@ຂາຕັ້ງຕະກ່ຽງ</h2><h3 id="section-1">ນິຍາມ</h3><p>ໃນພຣະຄຳພີ ຄຳວ່າ " ຂາຕັ້ງຕະກ່ຽງ "  ໂດຍທົ່ວໄປອ້າງອີງເຖິງໂຄງສ້າງທີ່ເອົາຕະກ່ຽງວ່າງໄວ້ເພື່ອໃຫ້ສ່ອງແສງສະຫວ່າງທົ່ວຫ້ອງ.</p><ul><li>ຂາຕັ້ງຕະກ່ຽງໂດຍປົກກະຕິຈະຕິດກັບຕະກ໋ຽງເຮັດດ້ວຍດິນໜຽວ ໄມ້ ຫຼື ເຫຼັກ ( ຢ່າງເຊັ່ນ ທອງເຫຼືອງ ເງິນ ທອງຄຳ)</li><li>ໃນພຮະວິຫານກຸງເຢລູຊາເລັມມີຂາຕັ້ງຕະກ່ຽງທອງຄຳ ເຊິ່ງມີເຈັດອັນສຳລັບຮອງຮັບຕະກ່ຽງເຈັດອັນ.</li></ul><h3 id="section-2">ຄຳແນະນຳໃນການແປ</h3><ul><li>ຄຳນີ້ສາມາດແປວ່າ " ຊັ້ນວ່າງຕະກ່ຽງ " ຫຼື  " ໂຄງສ້າງສຳລັບວ່າງຕະກ່ຽງ " ຫຼື  " ບ່ອນວ່າງຕະກ່ຽງ."</li><li>ສຳລັບບ່ອນວ່າງຕະກ່ຽງໃນພຮະວິຫານ ສາມາດແປວ່າ " ຕະກ່ຽງທັງເຈັດ " ຫຼື " ແທ່ງທອງຄຳພ້ອມກັບຕະກ່ຽງທັງເຈັດ."</li><li>ບາງທີມັນຈະຊ່ວຍໄດ້ໃນການແປຖ້າລວມເອົາພາບແທ່ງວ່າງຕະກ່ຽງແບບງ່າຍຽ ແລະ ແທ່ງວ່າງຕະກ່ຽງເຈັດອັນຕາມຂໍ້ຄວາມໃນພຮະຄຳພີ.</li></ul>  
last day	<h2 id="section">@ວັນສຸດທ້າຍ, @ວາລະສຸດທ້າຍ, @ໃນສະໄໝປັດຈຸບັນ</h2><h3 id="section-1">ນິຍາມ</h3><p>ຄຳວ່າ " ວັນສູດທ້າຍ " ຫຼື " ສະໄໝປັດຈຸບັນ " ໂດຍທົ່ວໄປອ້າງອີງເຖີງເວລາທີ່ນຳພາໄປສູ່ເວລາປັດຈຸບັນ.</p><ul><li>ໃນເວລານີ້ຈະເປັນຊ່ວງເວລາທີ່ບໍ່ມີໃຜຮູ້ໄດ້.</li><li>" ວາລະສຸດທ້າຍ "  ຄືເວລາແຫ່ງການພິພາກສາທີ່ໄດ້ທີ່ຄົນເຫຼົ່ານັ້ນໄດ້ຫັນຫນີຈາກພຣະເຈົ້າ.</li></ul><h3 id="section-2">ຄຳເເນະນຳໃນການແປ</h3><ul><li>ຄຳວ່າ " ວາລະສຸດທ້າຍ " ສາມາດແປວ່າ " ວັນສີ້ນສຸດ"  ຫຼື " ໃນເວລາສຸດທ້າຍ " ຫຼື " ວັນສີ້ນສຸດ. "</li><li>ໃນສະພາບການນ ນີ້ສາມາດແປວ່າ " ວັນສີ້ນສຸດຂອງໂລກ " ຫຼື " ເມື່ອໂລກນີ້ສີ້ນສຸດ. "</li></ul>  
lawful	<h2 id="section">@ຖືກຕ້ອງຕາມກົດໝາຍ, @ຢ່າງຖືກຕ້ອງຕາມກົດໝາຍ, @ບໍ່ຖືກຕ້ອງຕາມກົດໝາຍ</h2><h3 id="section-1">ນິຍາມ</h3><p>ຄຳວ່າ " ຖືກຕ້ອງຕາມກົດໝາຍ " ໝາຍເຖິງສິ່ງທີ່ໄດ້ຮັບການອະນຸຍາດໃຫ້ເຮັດໄດ້ໂດຍສອດຄອງກັບກົດມາຍ ຫຼື ຂໍ້ຮຽກຮ້ອງອື່ນໆ ຄຳກົງກັນຂ້າມກັບຄຳວ່າ " ຢ່າງຖືກຕ້ອງຕາມກົດໝາຍ " ມີຄວາມໝາຍທຳມະດາ ຄື " ບໍ່ຖືກຕ້ອງຕາມກົດໝາຍ. "</p><ul><li>ໃນພຣະຄຳພີ ຖ້າບາງສິ່ງຖືກກ່າວວ່າເປັນສິ່ງທີ່ " ຖືກຕ້ອງຕາມກົດໝາຍ " ໝາຍຄວາມວ່າໄດ້ຮັບອະນຸຍາດໂດຍຄວາມຊອບທຳຂອງພຣະເຈົ້າ ຫຼື ໂດຍກົດບັນຍັດຂອງໂມເຊ ແລະ ກົດໝາຍອື່ນໆຂອງຊາວຍີຢີວ ບາງສິ່ງນີ້ແມ່ນ " ບໍ່ຖືກຕ້ອງຕາມກົດໝາຍ" ຄືບໍ່ໄດ້ຮັບອະນຸຍາດ ໂດຍກົດໝາຍເຫຼົ່ານັ້ນ.</li><li>ການເຮັດບາງສິ່ງ " ຢ່າງຖືກຕ້ອງຕາມກົດໝາຍ " ໝາຍເຖີງການເຮັດໃນສິ່ງທີ່ຖືກຕ້ອງ ຫຼື  " ໃນທາງທີ່ຖືກຕ້ອງ. "</li><li>ມີຫຼາຍສິ່ງຫຼາຍຢ່າງທີ່ກົດໝາຍຂອງຊາວຢີວຖືກພິຈາລະນາວ່າຖືກຕ້ອງຕາມກົດໝາຍ ຫຼື ບໍ່ຖືກຕ້ອງຕາມກົດໝາຍນັ້ນບໍ່ໄດ້ມີມີການຕົກລົງກັບພຣະບັນຍັດຂອງພຣະເຈົ້າກ່ຽວກັບການຮັບຜູ້ອື່ນ.</li><li>ຂື້ນຢູ່ກັບສະພາບ ວິທີ່ການແປຄຳວ່າ " ຖືກຕ້ອງຕາມກົດໝາຍ " ສາມາດລວບລວມຄຳວ່າ " ບໍ່ໄດ້ຮັບອະນຸຍາດ " ຫຼື " ຕາມກົດບັນຍັດຂອງພຮະເຈົ້າ " ຫຼື " ຕາມກົດໝາຍຂອງພວກເຮົາ " ຫຼື " ຖືກຕ້ອງ " ຫຼື " ເຂົ້າກັນໄດ້. "</li><li>ວະລີ " ຄືຖືກຕ້ອງຕາມກົດໝາຍ " ສາມາດແປວ່າ " ກົດໝາຍຂອງພວກເຮົາອະນຸຍາດຫຼືບໍ່ " ຫຼື " ມັນແມ່ນສິ່ງທີ່ກົດໝາຍຂອງເຮົາອຸນະຍາດຫຼືບໍ່?"</li></ul>  
law	<h2 id="section">@ກົດໝາຍ, @ຫຼັກການ</h2><h3 id="section-1">ນິຍາມ</h3><p>" ກົດໝາຍ " ຄືກົດຂໍ້ບັງຄັບທາງດ້ານກົດໝາຍທີ່ຖືກຂຽນເອົາໄວ້ແລະບັງຄັບໃຊ້ໂດຍຜູ້ມີສິດອຳນາດ. " ຫຼັກການ " ຄືແນວທາງສຳລັບການຕັດສິນໃຈ ແລະ ພຶດຕິກຳ.</p><ul><li>ທັງ " ກົດໝາຍ " ແລະ " ຫຼັກການ "  ສາມາດອ້າງອີງເຖີງກົດໂດຍທົ່ວໄປ ຫຼື ຄວາມເຊື່ອທີ່ຊີ້ນຳເຖີງພຶດຕິກຳຂອງບຸກຄົນ.</li><li>ຄວາມໝາຍຂອງ " ກົກໝາຍ " ໃນທີ່ນີ້ແຕກຕ່າງຈາກຄວາມໝາຍຂອງຄຳວ່າ " ກົດບັນຍັດຂອງໂມເຊ." ບ່ອນທີ່ໝາຍເຖິງຄຳສັ່ງ ແລະ ຄຳເເນະນຳທີ່ພຣະເຈົ້າໄດ້ມອບໃຫ້ກັບອິສຣາເອນ.</li><li>ເມື່ອກົດໝາຍທົ່ວໄປຖືກອ້າງອີງເຖີງໂດຍ " ກົດໝາຍ" ສາມາດແປວ່າ " ຫຼັກການ " ຫຼື " ກົດໝາຍທົ່ວໄປ. "</li></ul>  
lawless	<h2 id="section">@ບໍ່ເຄົາລົບກົດໝາຍ, @ການບໍ່ເຄົາລົບກົດໝາຍ</h2><h3 id="section-1">ນິຍາມ</h3><p>ຕຳວ່າ " ບໍ່ເຄົາລົບກົດໝາຍ " ອະທິບາຍບຸກຄົນຜູ້ທີ່ບໍ່ເຊື່ອຟັງກົດໝາຍ ຫຼື ຂໍ້ບັງຄັບໃດໆ ເມື່ອປະເທດຫຼືກຸ່ມຳຄົນຢູ່ໃນສະຖານະທີ່ " ການບໍ່ເຄົາລົບກົດໝາຍ " ໝາຍຄວາມວ່າການບໍ່ເຊື່ອຟັງ ການກະບົດ ຫຼື ການຜິດ ສິນລະທຳ.</p><ul><li>ຄົນບໍ່ເຄົາລົບກົດໝາຍຄືຄົນທີ່ກະບົດ ແລະ ບໍ່ເຊື່ອຟັງກົດບັນຍັດຂອງພຣະເຈົ້າ.</li><li>ອັກຄະສາວົກໂປໂລໄດ້ບັນທຶກໃນວັນສຸດທ້າຍຈະມີ " ຄົນທີ່ບໍ່ເຄົາລົບກົດໝາຍ " ຫຼື " ຄົນທີ່ບໍ່ເຄົາລົບກົດໝາຍ " ຜູ້ທີ່ໄດ້ຮັບອິດທິພົນຈາກມານຊາຕານເຮັດສິ່ງທີ່ບໍ່ດີຕ່າງໆ.</li></ul><h3 id="section-2">ຄຳແນະນຳໃນການແປ</h3><ul><li>ຄຳວ່າ "' ບໍ່ເຄົາລົບກົດໝາຍ "  ສາມາດແປວ່າ " ກະບົດ " ຫຼື " ບໍ່ເຊື່ອຟັງ " ຫຼື " ຕໍ່ຕ້ານກົດໝາຍ."</li><li>ຄຳວ່າ " ການບໍ່ເຄົາລົບກົດໝາຍ " ສາມາດແປວ່າ " ບໍ່ເຊື່ອຟັງກົດໝາຍໃດຽ " ຫຼື " ການກະບົດ."</li></ul>  
law of moses	<h2 id="section">@ກົດມໝາຍ, @ກົດບັນຍັດຂອງໂມເຊ, @ກົດບັນຍັດຂອງພຮະເຈົ້າ,@ ກົດບັນຍັດຂອງຊາວຢິວ</h2><h3 id="section-1">ນິຍາມ</h3><p>ຄຳທັງໝົດເຫຼົ່ານີ້ເວົ້າເຖີງຄຳສັ່ງ ແລະ ຄຳສອນຕ່າງຽທີ່ພຮະເຈົ້າມອບໄວ້ໃຫ້ແກ່ໂມເຊເພື່ອໃຫ້ຊາວອິດສະເອນເຮັດຕາມ ຄໄວ່າ " ກົດ " ແລະ " ພຣະບັນຍັດຂອງພຣະເຈົ້າ " ໂດຍປົກກະຕິແລ້ວຈະໃຊ້ພື່ອອ້າງອີງເຖິງທຸກສິ່ງມີ່ພຣະເຈົ້າຕ້ອງການໃຫ້ປະຊາຊົນຊອງພຣະອົງເຊື່ອຟັງ.</p><ul><li>ຂື້ນຢູ່ກັບສະພາບການຄຳວ່າ " ກົດ " ສາມາດອ້າງອິງເຖີງສິ່່ງຕໍ່ໄປນີ້.</li><li>ພຣະບັນຍັດສິບປະການທີ່ພຣະເຈົ້າໄດ້ຂຽນເທິງແຜ່ນສິລາສຳລັບຊາວອິດສເອນ.</li><li>ກົດບັນຍັດທັງໝົດໄດ້ມອບໃຫ້ໂມເຊ.</li><li>ພຣະຄຳຫ້າເລ້້ມທຳອິດຂອງປື້ມພຣະຄຳພີເດີມ.</li><li>ພຣະຄຳພີພັນທະສັນສາຍາເດີມທັງໝົດ ( ໄດ້ອ້າງອີງເຖິງ " ພຣະຄຳພີ "</li></ul><p>ໃນພັນທະສັນຍາໃໝ່ອີກດ້ວຍ.)</p><ul><li>ຄຳສັ່ງສອນທັງໝົດຂອງພຣະເຈົ້າ ແລະ ຄວາມປາດຖະໝາ.</li><li>ວະລີ (ປະໂຫຍກ) ກົດບັນຍັດ ແລະ ຜູ້ເຜີຍຖ້ອຍຄຳຂອງພຣະເຈົ້າ ຖືກໃຊ້ໃນພັນທະສັນຍາໃໝ່ເພື່ອອ້າງອີງເຖິງພຣະຄຳພີຂອງຮິບຣູ ( ພັນທະທະສັນຍາສັນຍາເດີມ )</li></ul><h3 id="section-2">ຄຳແນະນຳໃນການແປ</h3><ul><li>ຄຳນີ້ສາມາດແປໂດຍການໃຊ້ຄຳນາມ " ກົດໝາຍທັງຫຼາຍ " ນັບຕັ້ງແຕ່ພວກເຂົາອ້າງອີງເຖີງຄຳເເນະນຳຢ່າງຫຼວງຫຼາຍ.</li><li>ຄຳວ່າ " ກົດບັນຍັດຂອງໂມເຊ " ສາມາດແປວ່າ " ກົດບັນຍັດທີ່ພຣະເຈົ້າໄດ້ຊົງບອກໃຫ້ໂມເຊມອບໃຫ້ແກ່ຊາວອິດສເອນ. "</li><li>ຂື້ນຢູ່ກັບສະພາບການ ຄຳວ່າ " ກົດບັນຍັດຂອງໂມເຊ " ສາມາດແປວ່າ " ກົດບັດຍັດທີ່ພຣະເຈົ້າບອກໃຫ້ໂມເຊ " ຫຼື " ກົກບັນຍັດຂອງພຣະເຈົ້າທີ່ໂມເຊໄດ້ຂຽນໄວ້ " ຫຼື " ກົດບັນບັດທີ່ພະເຈົ້າໄດ້ບອກໂມເຊເພື່ອມ້ອມໃຫ້ແກ່ຊາວອິດສເອນ. "</li><li>ວິທີການແປຄຳວ່າ " ກົດບັນຍັດ " ຫຼື " ກົດບັນຍັດຂອງພຣະເຈົ້າ " ສາມາດລວບລວມຄຳວ່າ " ພະບັນຍັດຂອງພຣະເຈົ້າ " ຫຼື " ພະບັນຊາຂອງພຣະເຈົ້າ "  ຫຼື " ບັນດາກົດຕ່າງໆທີ່ພຣະເຈົ້າປະທ່ານໃຫ້ " ຫຼື "  ທຸກສິ່ງທີ່ພຣະເຈົ້າບັນຊາ " ຫຼື " ຄຳສັ່ງສອນທັງໝົດຂອງພຣະເຈົ້າ. "</li><li>ວະລີ ( ປະໂຫຍກ ) " ກົດໝາຍຂອງພຣະເຈົ້າຢາເວ "  ສາມາດແປວ່າ " ກົດໝາຍຕ່າງໆຂອງພຣະເຈົ້າຢາເວ " ຫຼື " ກົດໝາຍທີ່ພຣະເຈົ້າຢາເວ " ເວົ້າໃຫ້ຟັງ " ຫຼື "ກົດໝາຍຈາກພຣະເຈົ້າຢາເວ " ຫຼື " ສິ່ງຕ່າງໆທີ່ພຣະເຈົ້າຢາເວຊົງບັນຊາ. "</li></ul>  
lazarus	<h2 id="section">@ລາຊະໂຮ</h2><h3 id="section-1">ຂໍ້ເທັດຈິງ</h3><p>ລາຊະໂຣ ແລະ ເອື້ອຍເອື້ອຍຂອງລາວ, ມາລີ ແລະ ມາທາເປັນເພື່ອນພິເສດຂອງພຮະເຢຊູ. ພຮະອົງມັກມາອາໄສກັບພວກເຂົາທີ່ບ້ານຂອງພວກເຂົາໃນ ເບັດທານີ.</p><ul><li>ລາຊະໂຣເປັນທີ່ຮູ້ຈັກກັນດີສຳລັບຂໍ້ແທ້ຈິງວ່າ ພຮະເຢຊູໄດ້ຊຸບຊີວິດລາວຈາກຄວາມຕາຍຫຼັງຈາກທີ່ຖືກຝັງໄວ້ທີ່ອຸໂມງຫຼາຍວັນແລ້ວ.</li><li>ຜູ້ນຳຊາວຢີວທັງຫຼາຍເກີດຄວາມຢາກຮ້າຍ ແລະ ອິດສາວ່າພຣະເຢຊໄດ້ເຮັດສິ່ງທີ່ອັດສະຈັນ  ແລະ ພວກເຂົາພະຍາຍາມຫາວິທີທາງທີ່ຈະຂ້າພຣະເຢຊູ ແລະ ລາຊະໂຣ.</li><li>ພຣະເຢຊູໄດ້ຊົງກ່າວຄຳອຸປະມາເລື່ອງຜູ້ຊາຍຂໍທານຢາກຈົນຄົນໜຶ່ງ ແລະ ເສດຖີຄົນໜຶ່ງ ເຊິ່ງຂໍທານນັ້ນມີຊື່ວ່າ ລາຊະໂຣ.</li></ul>  
leah	<h2 id="section">@ເລອາ</h2><h3 id="section-1">ຂໍ້ເທັດຈິງ</h3><p>ເລອາເປັນເມຍຄົນໜຶ່ງຂອງຢາໂຄບ ລາວເປັນແມ່ຂອງລູກຊາຍສິບຄົນຂອງຢາໂຄບທີ່ມີເຊື້ອສາຍແມ່ນບາງສ່ວນຂອງສິບສອງຊົນເຜົ່າຂອງອິດສເອນ.</p><ul><li>ພໍ່ຂອງເລອາຄືລາບັນ ຜູ້ທີ່ເປັນອ້າຍຂອງເລເບກາແມ່ຂອງຢາໂຄບ.</li><li>ຢາໂຄບບໍ່ໄດ້ຮັກເລອາເທົ່າກັບທີ່ລາວຮັກເມຍຂອງລາວອີກຄົນໜຶ່ງຄືລາເຊວ ແຕ່ພຣະເຈົ້າກໍ່ຊົງເມດຕາເລອາຢ່າງຫຼວງຫຼາຍໂດຍໃຫ້ລາວມີລລູກຢ່າງຫຼວງຫຼາຍ.</li><li>ລູກຊາຍຄົນໜຶ່ງຂອງເລອາ ຄືື ຢູດາ ເປັນເຊື້ອສາຍຂອງກະສັດກາວິດ ແລະ ພຮະເຢຊູ.</li></ul>  
learned men	<h2 id="section">@ຜູ້ຊາຍທີ່ຮຽນຮູ້, @ນັກໂຫລາສາດ</h2><h3 id="section-1">ນິຍາມ</h3><p>ໃນເນື້ອເລື່ອງພຣະຄຳພີມັດທາຍກ່ຽວກັບການກຳເນີດຂອງພຣະເຢຊູຄຣິດ " ໂຫລາຈານ  " ເຫຼົ່ານີ້ ຫຼື " ຜູ້ຊາຍທີ່ຮຽນຮູ້ " ເຫຼົ່ານີ້ແມ່ນ " ຜູ້ທີ່ມີປັນຍາ " ຜູ້ທີ່ໄດ້ນຳຂອງຂັວນມາມອບໃຫ້ກັບພຣະເຢຊູໃນເມືອງເບຣເລເຮັມຫຼັ້ງຈາກທີ່ພຣະອົງກຳເນີດໃນທີ່ນັ້ນ ພວກເຂົາອາດເປັນ " ນັກໂຫລາສາດ " ເຊື່ງເປັນພວກທີ່ສຶກສາກ່ຽວກັບດວງດາວທັງຫຼາຍ.</p><ul><li>ພວກຜູ້ຊາຍເຫຼົ່ານີ້ໄດ້ເດີນທາງເປັນໄລຍະທາງໄກຈາກປະເທດທາງທິດຕາເວັນອອກຂອງອິດສເອນບໍ່ເປັນທີ່ຮູ້ຈັກກັນແບບແນ່ນອນວ່າພວກເຂົາຈາກມາແຕ່ສະຖານທີ່ໃດໆ ຫຼື ພວກເຂົາເປັນໃຜ ແຕ່ພວກເຂົາເປັນຜູ້ຊາຍທີ່ຮຽນຮູ້ຜູ້ທີ່ໄດ້ສຶກສາກ່ຽວກັບດວງດາວຕ່າງໆ.</li><li>ພວກເຂົາອາດຈະສືບເຊື້ອສາຍມາຈາກພວກໂຫລາຈານທີ່ໄດ້ຮັບໃຊ້ໃນບາບີໂລນໃນສະໄຫມຂອງດານີເອນ ແລະ ເປັນຜູ້ທີ່ໄດ້ຮັບການຝຶກອົບຮົມໃນຫຼາຍສິ່ງຫຼາຍຢ່າງ ລວມເຖີງການສຶກສາດວງດາວ ແລະ ການທຳນາຍຝັນ.</li><li>ຕາມປະເພນີມັກຈະເວົ້າເຖີງກັນວ່າ ຜູ້ຊາຍທີ່ສະຫລາດ ແລະ ຜູ້ຊາຍທີ່ຮຽນຮູ້  ເພາະວ່າມີຂອງຂັວນສາມອັນທີ່ພວກເຂົານຳມາມອບຖວາຍໃຫ້ກັບພຮະເຢຊູ ແນວໃດກໍ່ຕາມ ພຮະຄຳພີບໍ່ໄດ້ເວົ້າວ່າພວກເຂົາມີຈັກຄົນ.</li></ul>  
lebanon	<h2 id="section">@ເລບານອນ</h2><h3 id="section-1">ຂໍ້ເທັດຈິງ</h3><p>ເລບານອນເປັນເຂດດິນທີ່ສວຍງາມທີ່ຕັ້ງຢູ່ເທິງພູເຂົາຕາມແຄມຝັ່ງ ທະເລ ເມດິເຕີເຮນ້ຽນ ທາງເໜືອຂອງປະເທດ ອິດສເອນ ໃນສະໄໝພຮະຄຳພີ ດິນແດນແຫ່ງນີ້ເປັນປ່າດົງຕຶບຫນາ ເຊັ່ນຕົ້ນສີດາ ແລະ ຕົ້ນສົນ.</p><ul><li>ກະສັດໂຊໂລໂມນໄດ້ສົ່ງຄົນງານໄປເລບານອນໄປຕັດຕົ້ນສີດາເພື່ອໃຊ້ໃນການສ້າງພຮະວິຫານຂອງພຮະເຈົ້າ.</li><li>ຊາວເລບານອນໃນສະໄຫມບູຮານໃຫ້ຄວາມສຳຄັນກັບທີ່ຢູ່ອາໄສກັບຊາວຟິນີເຊຍເຊິ່ງມີທັກສະໃນການສ້າງເຮືອ</li></ul>  
leopard	<h2 id="section">@ເສືອດາວ</h2><h3 id="section-1">ນິຍາມ</h3><p>ເສືອດາວເປັນສັດປ່າຂະຫນາດໃຫຍ່ ລັກສະນະຄືກັນກັບແມວ ສີນ້ຳຕານພ້ອມດ້ວຍຈຸດສີດຳ</p><ul><li>ເສືອດາວເປັນສັດນັກລ້າກິນສັດອື່ນເປັນອາຫານ.</li><li>ໃນພຮະຄຳພີ ຄວາມຈິບຫາຍທີ່ເກີດຂື້ນຢ່າງທັນທີທັນໃດນັ້ນຖືກປຽບທຽບເປັນດັ່ງເສືອດາວ ເຊີ່ງຈະຄຸບກິນເຫຍຶ່ອຍທັນທີ.</li><li>ຜູ້ເຜີຍຖ້ອຍຄຳ ດານີເອນ ແລະ ອັກຄະສວົກ ໂຢຮັນໄດ້ບອກກ່ຽວກັບຄວາມຝັນທີ່ພວກເຂົາເຫັນວ່າເປັນສັດປ່າທີ່ຄືກັນກັບເສືອດາວ.</li></ul>  
leprosy	<h2 id="section">@ໂລກຂີ້ທູດ, @ຄົນຂີ້ທູດ, @ຂີ້ທູດ</h2><h3 id="section-1">ນິຍາມ</h3><p>ຄຳວ່າ " ໂລກຂີ້ທູດ " ເປັນຄຳທີ່ຖືກໃຊ້ໃນພຣະຄຳພີອ້າງອີງເຖືງໂລກຜີວຫນັງຫລາຍປະເພດ " ຜູ້ປ່ວຍໂລກຂີ້ທູດ " ຄືບຸກຄົນທີ່ປ່ວຍເປັນຂີ້ທູດ ຄຳວ່າ " ເປັນລູກຂີ້ທູດ " ອະທິບາຍເຖືງບຸກຄົນຫລືສ່ວນຮ່າງກາຍທີ່ຕິດເຊື້ອໂລກຂີ້ທູດ .</p><ul><li>ປະເພດຂອງໂລກຂີ້ທູດເປັນເຫດໃຫ້ຜີວຫນັງກາຍເປັນບໍ່ມີສີ ແລະ ມີຮອຍດ່າງສີຂາວ ຄືກັບມີລຽມ ແລະ ນາອາມານປ່ວຍເປັນໂລກຂີ້ທູດ.</li><li>ໃນສະໄຫມໃຫມ່ໂລກຂີ້ທູດມັກຈະເຮັດໃຫ້ມື ຕີນ ແລະສ່ວນອື່ນໆຂອງຮ່າງການຖືກທຳລາຍ ແລະ ພິການ.</li><li>ຕາມທີ່ມີຄຳເເນະນຳວ່າພຣະເຈົ້າ ປະທານໃຫ້ພວກອິດສເອວ ເມື່ອບຸກຄົນປ່ວຍເປັນໂລກຂີ້ທູດເຂົາຈະຖືກພິຈາລະນາ " ບໍ່ສະອາດ " ແລະຈະຕ້ອງໄດ້ໄປຢູ່ໄກຈາກປະຊາຊົນຄົນອື່ນໆ ເພື່ອທີ່ພວກເຂົາຈະບໍ່ຕິດເຊື້ອໂລກ.</li><li>ຜູ້ປ່ວຍໂລກຂີ້ທູດຈະຮ້ອງດັງວ່າ " ບໍ່ສະອາດ " ເພື່ອທີ່ຄົນອື່ນຈະໄດ້ຮັບການເຕືອນບໍ່ໃຫ້ເຂົ້າໃກ້ເຂົາ.</li><li>ພຣະເຢຊູຊົງປິ່ນປົວຮັກສາຜູ້ປ່ວຍເປັນໂລກຂີ້ທູດຫລາຍຄົນເຊັ່ນດຽວກັບໂລກຊະນິດອື່ນໆ.</li></ul><h3 id="section-2">ຄຳແນະນຳໃນການແປ</h3><ul><li>ຄຳວ່າ " ໂລກຂີ້ທູດ " ໃນພຣະຄຳພີສາມາດແປວ່າ " ໂລກຜີວຫນັງ " ຫລື " 3ໂລກຜີວຫນັງທີ່ເປັນຕາຢ້ານ. "</li><li>ວິທີການແປຄຳວ່າ " ເປັນໂລກຂີ້ທູດ " ສາມາດລວບລວມຄຳວ່າ " ເຕັມໄປດ້ວຍໂລກຂີ້ທູດ " ຫລື " ຕິດໂລກທາງຜີວຫນັງ " ຫລື " ເຕັມໄປດ້ວຍບາດແຜທີ່ຜີວຫນັງ "</li></ul>  
letter	<h2 id="section">@ຈົດຫມາຍ, @ຈົດຫມາຍຝາກ</h2><h3 id="section-1">ນິຍາມ</h3><p>ຈົດຫມາຍຄືຂໍ້ຄວາມທີ່ຂຽນສົ່ງເຖືງບຸກຄົນ ຫລືກຸ່ມບຸກຄົນທີ່ມັກຈະຢູ່ຫ່າງໄກຈາກຜູ້ຂຽນ ຈົດໝາຍຝາກຄືຮູບແບບການຂຽນຈົດໝາຍທີ່ພິເສດ ມັກຈະຖືກຂຽນໃນຮູບແບບທາງການຫລາຍກວ່າ ສຳຫລັບຈຸດປະສົງພິເສດ ເຊັ່ນເພື່ອການສອນ</p><ul><li>ໃນສະໄຫມຂອງພັນທະສັນຍາໃຫ່ມ  ຈົດໝາຍຝາກ ແລະ ຈົດຫມາຍມນຮູບແບອື່ນໆ ນັ້ນຖືກຂຽນຢູ່ເທິງແຜ່ນຫນັງສັດ ຫຼື ຕົ້ນ ປາປີລັດທີ່ເຮັດມາຈາກເສັ້ນໃຍພືດ.</li><li>ຈົດຫມາຍຝາກໃນພັນທະສັນຢາໃຫ່ມທີ່ຂຽນໂດຍ ໂປໂລ, ໂຢຮັນ, ຢາໂກໂບ, ຢູດາ ແລະ ເປໂຕ ເປັນຈົດໝາຍທີ່ພວກຂົາຂຽນເພື່ອໜູນໃຈເຕືອນສະຕິ ແລະ ສອນຄຣິສຕຽນໃນຍຸກທຳອິດທີ່ອາໃສ່ຢູ່ໃນຫລາຍເມືອງທົ່ວເມືອງມະຫາອານາຈັກໂຣມ.</li><li>ວິທີການແປຄຳນີ້ສາມາດລວບລວມ " ຄຳສອນທີ່ເປັນງານຂຽນ " ຫລື " ຖ້ອຍຄຳທີ່ໄດ້ຂຽນໄັວ້ " ຫລື " ການຂຽນ. "</li></ul>  
leviathan	<h2 id="section">@ເລວີອາທັນ</h2><h3 id="section-1">ຂໍ້ເທັດຈິງ</h3><p>ຄຳວ່າ " ເລວີອາທັນ " ອ້າງອີງເຖືງສັດທີ່ໂຕໃຫ່ຍທີ່ສູນພັນໃນສັດທີ່ເກົ່າແກ່ທີ່ສຸດ ໄດ້ຖືກຂຽນໃນພັນທະສັນຍາເດີມ, ໃນພຮະຄຳພີ ໂຢບ, ເພງສັນລະເສີນ ແລະ ເອຊາຢາ.</p><ul><li>ເລວີອາທັນໄດ້ຖືກອະທິບາຍວ່າເປັນສັດໂຕໃຫ່ຍຫລາຍ, ຄ້າຍກັບງູ ແຂງແຮງ ດຸຮ້າຍ ແລະ ສາມມາດເຮັດໃຫ້ນຳ້ຮອບຕົວເອງ " ຮ້ອນ " ຄຳອະທິບາຍກ່ຽວກັບມັນຄ້າຍຽກັບອະທິບາຍເຖີງເລື່ອງໄນໂນເສົາ.</li><li>ຜູ້ປະກາດຖ້ອຍຄຳຂອງພຮະເຈົ້າເອຊະຢາອ້າງອີງເຖີງເລວີອາທັນວ່າເປັນ " ງູເຫລື້ອມໃຫຍ່ ."</li><li>ຢາໂຄບໄດ້ຂຽນຈາກຄວາມຮູ້ທີ່ໄດ້ມາໂດຍຕົງເຖີງເລວີອາທັນ ດັ່ງນັ້ນ ສັດນີ້ດູເໝືອນຈະຫຍັງມີຊິວວິດຢູ່ໃນຊ່ວງເວລາທີ່ລາວຍັງມີຊີວິດຢູ່.</li></ul>  
levite	<h2 id="section">@ເລວີ, @ຄົນເລວີ</h2><h3 id="section-1">ຂໍ້ເທັດຈິງ</h3><p>ເລວີເປັນລູກຊາຍຄົນໜຶ່ງໃນສິບສອງຂອງຢາໂຄບ ຄຳວ່າ " ເລວີ " ອ້າງອີງເຖີງບຸກຄົນຜູ້ທີ່ເປັນສະມາຊິກຂອງຊົນເຜົ່າອິດສເອນເອງທີ່ສືບເຊື້ອສາຍຄົນເລວີ.</p><ul><li>ຄົນເລວີມີຫນ້າທີ່ຮັບຜິດຊອບໃນພຮະວິຫານ ແລະ ການເຮັດພິທີກຳທາງສາດສສໜາ ລວມເຖີງການຖວາຍເຄື່ອງບູຊາ ແລະ ອະທິຖານ.</li><li>ພວກພະໂລຫິດຊາວຢິວທັງໝົດເປັນຄົນທີ່ມາຈາກເຜົ່າເລວີ ແລະ ບາງສ່ວນຂອງເຜົ່າເລວີ ( ແນວໃດກໍ່ຕາມບໍ່ແມ່ນຄົນໃນເຜົ່າເລວີທຸກຄົນຈະເປັນພະໂລຫິດ )</li><li>ພວກພະໂລຫິດທີ່ເປັນຄົນເລວີຈະຖືກແຍກອອກ ແລະ ໄດ້ອຸທິດຕົນສຳລັບເຮັດວຽກງານພິເສດໃນການປົວລະບັດພຮະເຈົ້າໃນພຮະວິຫານ.</li><li>ມີຜູ້ຊາຍສອງຄົນທີ່ຊື່ວ່າ " ເລວີ " ເປັນເຊື້ອສາຍຂອງພຮະເຢຊູ ແລະ ຊື່ຂອງພວກເຂົາຢູ່ໃນລຳດັບໃນຫນັງສືພຮະກິດຕິຄຸນລູກາ.</li><li>ສາວົກຂອງພຮະເຢຊູຄົນໜຶ່ງ ຄື ມັດທາຍ ກໍ່ຖືກເອີ້ນວ່າເລວີ.</li></ul>  
life	<h2 id="section">@ຊີວິດ, @ມີຊີວິດ, @ການມີຊີວິດ,@ ການອາໄສຢູ່</h2><h3 id="section-1">ນິຍາມ</h3><p>ຂໍ້ກຳນົດທັງໝົດເຫຼົ່ານີ້ໝາຍເຖິງການມີຊີວິດທາງຮ່າງກາຍ, ບໍ່ແມ່ນການຕາຍ. ຄຳສັບເຫລົ່ານີ້ຍັງຖືກນຳ ໃຊ້ເປັນຕົວເລກເພື່ອໝາຍເຖິງການມີຊີວິດທາງວິນຍານ. ຕໍ່ໄປນີ້ຈະເວົ້າເຖິງຄວາມໝາຍຂອງຊີວິດທາງຮ່າງກາຍແລະຊີວິດທາງວິນຍານ.</p><h3 id="section-2">ຄຳແນະນຳໃນການແປ</h3><ul><li>ອີງຕາມສະພາບການ "ຊີວິດ" ສາມາດແປເປັນ "ການມີຊີວິດ " ຫລື " ຄົນ " ຫລື " ຈິດວິນຍານ " ຫຼື " ການເປັນ " ຫຼື " ປະສົບການ. "</li><li>ຄຳວ່າ “  ມີຊີວິດ ”  ສາມາດແປໄດ້ໂດຍ “ ຢູ່ ”  ຫລື “ ອາໄສຢູ່ ” ຫລື “ ມີຢູ່. ”</li><li>ສຳນວນທີ່ວ່າ " ສິ້ນສຸດຊີວິດຂອງລາວ " ສາມາດແປເປັນ " ໃນເວລາທີ່ລາວຢຸດດຳລົງຊິວິດ. "</li><li>ສຳນວນທີ່ວ່າ " ໄວ້ຊີວິດຂອງພວກເຂົາເຈົ້າ " ສາມາດຖືກແປເປັນ " ອະນຸຍາດໃຫ້ພວກເຂົາມີຊີວິດຢູ່ " ຫຼື " ບໍ່ໄດ້ຂ້າພວກເຂົາ. "</li><li>ສຳນວນທີ່ວ່າ " ພວກເຂົາໄດ້ສ່ຽງຊີວິດຂອງພວກເຂົາ " ສາມາດແປເປັນ "ພວກເຂົາວາງຕົວເອງຢູ່ໃນອັນຕະລາຍ" ຫຼື  " ພວກເຂົາໄດ້ເຮັດບາງສິ່ງບາງຢ່າງທີ່ອາດເຮັດໃຫ້ພວກເຂົາຕາຍ."</li><li>ເມື່ອຂໍ້ພຣະຄຳພີກ່າວເຖິງການມີຊີວິດທາງວິນຍານ, " ຊີວິດ " ສາມາດຖືກແປວ່າ " ຊີວິດທາງວິນຍານ" ຫລື " ຊີວິດນິລັນດອນ ", ຂື້ນກັບສະພາບການ.</li><li>ແນວຄວາມຄິດຂອງ " ຊີວິດທາງວິນຍານ " ຍັງສາມາດຖືກແປວ່າ " ພຣະເຈົ້າເຮັດໃຫ້ພວກເຮົາມີຊີວິດຢູ່ໃນວິນຍານຂອງພວກເຮົາ " ຫລື " ຊີວິດໃໝ່ ໂດຍພຣະວິນຍານຂອງພຣະເຈົ້າ " ຫລື " ຖືກເຮັດໃຫ້ມີຊີວິດຢູ່ໃນຕົວເຮົາເອງພາຍໃນ."</li><li>ອີງຕາມສະພາບການ, ສຳນວນທີ່ວ່າ " ໃຫ້ຊີວິດ " ກໍ່ອາດຈະຖືກແປເປັນ " ສາເຫດທີ່ຈະມີຊີວິດ " ຫລື " ໃຫ້ຊີວິດນິລັນດອນ " ຫລື " ສາເຫດທີ່ຈະມີຊີວິດຕະຫຼອດໄປ."</li></ul>  
light	<h2 id="section">@ຄວາມສະຫວ່າງ</h2><h3 id="section-1">ນິຍາມ</h3><p>ມີການໃຊ້ໃນການປຽບທຽບເປັນຄຳອຸປະມາຫລາຍເທື່ອສຳຫລັບຄໍາວ່າ " ແສງສະຫວ່າ " ໃນພຣະຄຳພີສ່ວນຫລາຍມັກຈະໃຊ້ເພື່ອເປັນຄຳອຸປະມາ ປຽບທຽບກັບຄວາມຊອບທຳ ຄວາມບໍລິສຸດ ແລະ ຄວາມຈິງ(ເບິງ: <a href="https://read.bibleineverylanguage.org/WA-Catalog/lo_tm?section=translate#figs-metaphor" target="_blank" data-is-rc-link="" data-repo="lo_tm" data-user="WA-Catalog" data-page="translate" data-topic="figs-metaphor" data-type="tm">figs-metaphor</a>)</p><ul><li>ພຣະເຢຊູກ່າວວ່າ " ເຮົາເປັນແສງສະຫວ່າງຂອງໂລກ " ເພື່ອສະແດງໃຫ້ເຫັນວ່າພຣະອົງຊົງນຳຂ່າວສານຄວາມຈິງຂອງພຣະເຈົ້າມາຍັງໂລກນີ້ ແລະ ຊົງຊ່ວຍກູ້ຜູ້ຄົນຈາກຄວາມມືດຈາກຄວາມບາບຈອງພວກເຂົາ.</li><li>ບັນດາຄິຣດສຕຽນໄດ້ຮັບຄຳສັ່ງໃຫ້ "ເດີນໃນຄວາມສະຫວາ່ງ " ເຊື່ງຫມາຍຄວາມວ່າພວກເຂົາສົມຄວນດຳເນີນຊີວິດໃນທາງທີ່ພຣະເຈົ້າຕ້ອງການໃຫ້ພວກເຂົາດຳເນີນເພື່ອໃຫ້ຫລີກຫນີຈາກຄວາມຊົ່ວຮ້າຍ.</li><li>ອັກຄະສາວົກ ໂຢຮັນ ກ່າວວ່າ " ພຣະເຈົ້າຊົງເປັນຄວາມສະຫວ່າງ " ແລະ ບໍ່ມີຄວາມມືດໃນພຣະອົງອີກ</li><li>ຄວາມສະຫວ່າງ ແລະ ຄວາມມືດເປັນສິ່ງທີ່ຕົງກັນຂ້າມກັນ ໃນຄວາມມືດນັ້ນຈະບໍ່ມີຄວາມສະຫວ່າງອີກເລີຍ.</li><li>ພຣະເຢຊູກ່າວວ່າພຣະອົງເປັນ " ຄວາມສະຫວ່າງຂອງໂລກ " ແລະ ຜູ້ທີ່ຕິດຕາມພຣະອົງສົມຄວາມເປັນຄວາມສະຫວ່າງແຫງຄວາມສະຫວ່າງຂອງໂລກ ໂດຍດຳເນີນຊີວິດຢູ່ໃນທາງທີ່ເຜີດເຜີຍຢ່າງຊັດເຈນເຖື່ງພຣະເຈົ້າຜູ້ຊົງຫຍິ່ງໃຫ່ຍ.</li><li>" ເດີນໃນຄວາມສະຫວ່າງ  " ໝາຍເຖີງການດຳເນີນຊີວິດໃນທາງທີ່ພຣະເຈົ້າຊົງພໍພະໄທ ເຮັດໃນສິ່ງທີ່ດີ ແລະ ຖືກຕ້ອງ ການເດີນໃນຄວາມມືດສະແດງເຖິງ ການດຳເນີນຊີວິດໃນການທີ່ບໍ່ເຊື່ອຟັງພຣະເຈົ້າ ແລະ ເຮັດໃນສິ່ງທີ່ຊົ່ວຮ້າຍ.</li></ul><h3 id="section-2">ຄຳນຳໃນການແປ</h3><ul><li>ການແປ ເປັນສິ່ງສຳຄັນໃນການຮັກສາຄຳຕາມຕົວຫນັງສື " ຄວາມສະຫວ່າງ " ແລະ " ຄວາມມືດ " ເຊຶ່ງວ່າຈະຖືກໃຊ້ປຽບທຽບກັນກໍ່ຕາມ.</li><li>ອາດຈະຈຳເປັນທີ່ຈະຕ້ອງອະທິບາຍການປຽບທຽບໃນເນື້ອຫາ ຕົວຢ່າງເຊັ່ນ " ດຳເນີນຊີວິດຄືກັບລູກຂອງຄວາມສະຫວ່າງ " ສາມາດແປວ່າ " ດຳເນີນຊີ່ວິດທີ່ຊອບທຳຢ່າງເປີດເຜີຍ ປຽບບາງຄົນທີ່ຢ່າງຢູ່ພາຍໃຕ້ແສງສະຫວ່າງຂອງດວງຕາເວັນ.</li><li>ເພື່ອໃຫ້ແນ່ໃຈວ່າການແປຄຳວ່າ " ແສງສະຫວ່າງ " ບໍ່ໄດ້ອ້າງອີງເຖີງວັດທຸສິ່ງຂອງທີ່ໃຊ້ໃນຄວາມສະຫວ່າງເຊັ່ນ ຕະກຽງ.</li></ul>  
like	<h2 id="section">@ຄືກັນ, @ຄ້າຍຄືກັນ</h2><h3 id="section-1">ນິຍາມ</h3><p>ຄຳວ່າ " ຄືກັນ " ແລະ " ຄວາມຄ້າຍຄືກັນ " ອ້າງອີງເຖີງບາງສິ່ງທີ່ຄືກັນ ຫລືຄ້າຍຄືກັນກັບບາງສິ່ງບາງຢ່າງ</p><ul><li>ຄຳວ່າ " ຄືກັນ " ສ່ວນຫລາຍມັກຈະໃຊ້ໃນການກ່າວເປັນຄຳອຸປະມາທີ່ເອີ້ນວ່າ " ຄຳອຸປະມາ " ເຊຶ່ງບາງຢ່າງຖືກປຽບທຽບກັບອີກຢ່າງຫນຶ່ງ ໂດຍປົກກະຕິຈະສະແດງເຖຶງລັກສະນະຕົວຢ່າງເຊັ່ນ " ຄຳອຸປະມາ " ເຄື່ອງນຸ່ງຂອງເຂົາສ່ອງປະກາຍຄືກັບດວງຕາເວັນ ແລະ ສຽງດັງຄືກັບຟ້າພ່າ ( ເບິງ:  <a href="https://read.bibleineverylanguage.org/WA-Catalog/lo_tm?section=translate#figs-simile" target="_blank" data-is-rc-link="" data-repo="lo_tm" data-user="WA-Catalog" data-page="translate" data-topic="figs-simile" data-type="tm">figs-simile</a>)</li><li>ເປັນຄືກັນ " ຫລື " ສຽງຄືກັນ " ຫລື " ຄືກັນ " ບາງຢ່າງຫລືບາງຄົນຫມາຍເຖຶງ ມີຄຸນນະພາບທີ່ຄ້າຍຄືກັນກັບສິ່ງຂອງ ຫລື ບຸກຄົນທີ່ກຳລັງປຽບທຽບ.</li><li>ຄົນຖືກເນລະມິດສ້າງຂື້ນມາ ໃນ " ຄວາມຄ້າຍຄືກັນ " ຂອງພຣະເຈົ້າ ນັ້ນຄື ໃນ " ພຣະສາຍາ " ຂອງພຣະອົງນີ້ຫມາຍຄວາມວ່າພວກເຂົາມີຄຸນນະພາບ ຫລື ຄຸນລັກສະນະ " ຄືກັນ " ຫລື " ຄ້າຍຄືກັນ " ກັບຄຸນນະພາບທີ່ພຮະເຈົ້າຊົງມີຢູ່ ຢ່າງເຊັ່ນຄວາມສາມາດໃນການຄິດ ຮູ້ສຶກ ແລະ ສືສານ.</li><li>ການມີ " ຄວາມຄເ້າຍຄືກັນ " ກັບບາງສິ່ງບາງຄວາມຫມາຍຄຳວ່າມີບຸກຄະລິກ ລັກສະນະທີ່ຄືກັນກັບສິ່ງທີ່ບຸກຄົນນັ້ນ.</li></ul><h3 id="section-2">ຄຳແນະນຳໃນການແປ</h3><ul><li>ໃນບາງບົດ ຄຳກ່າວວ່າ " ໃນການຄ້າຍຄືກັນ " ສາມາດແປວ່າ " ສິ່ງໃດທີ່ຄ້າຍຄືກັນ " ຫລື  " ຫລືບາງສິ່ງທີ່ປະກົດອອກມາເປັນ. "</li><li>ຄຳວ່າ " ໃນຄວາມຄ້າຍຄືການຕາຍຂອງພຣະອົງ " ສາມາດແປວ່າ " ມີປະສົບການຮ່ວມໃນການຕາຍຂອງພຣະອົງ  " ຫລື " ສຳກັບການມີປະສົບການໃນການຕາຍຮ່ວມກັບພຣະອົງ. "</li><li>ຄຳກ່າວ " ໃນການເປັນຄືກັບເນື້ອຫນັງທີ່ມີບາບ " ສາມາດແປວ່າ " ເປັນຄືກັນກັບຄົນບາບຄົນຫນຶ່ງ " ຫລື " ເປັນມະນຸດຄົນຫນຶ່ງ " ຈົງໃຫ້ແນ່ໃຈວ່າການແປຄຳນີ້ບໍ່ໄດ້ແປວ່າພຣະເຢຊູຊົງເປັນຄົນບາບ " ໃນການເປັນຄືກັນກັບພວກເຂົາ " ສາມາດແປວ່າ " ເປັນຄືເຂົາ " ຫລື " ມີຫລາຍສິ່ງທີ່ມີຄຸນສົມບັດທີ່ເຂົາມີ. "</li><li>ຄຳກ່າວ " ການເປັນຄືກັນໃນພາບລັກຂອງຄົນທີ່ເປື່ອຍເນົ່າ ຂອງນົກ ສັດປ່າສີ່ຕີນ ແລະ ສິ່ງຕ່າງໆທີ່ເລືຍຄານ " ສາມາດແປວ່າ " ຮູບເຄົາລົບຖືກສ້າງຂື້ນເຮັດໃຫ້ເປັນຄ້າຍຄືກັບມະນຸດທີ່ເປື່ອຍເນົ່າ ຫລື ສັດເຊັ່ນ ນົກ ສັດປາ ສັດໂຕນ້ອຍ ແລະ ສິ່ງທີ່ເລືຍຄານຕ່າງໆ. "</li></ul>  
lion	<h2 id="section">@ສິ່ງໂຕ</h2><h3 id="section-1">ນິຍາມ</h3><p>ສິງໂຕເປັນສັດປາທິ່ມິຂະຫນາດໃຫ່ຍລັກສະນະຄືກັບແມວ ມີແຂ້ວ ແລະ ກົງເລັບແຂງແຮງສຳຫລັບການຂ້າ ແລະ ຈີກເນື້ອເຫຍື່ອຍຂອງພວກມັນ</p><ul><li>ສິ່ງໂຕມີຮ່າງກາຍທີ່ເຕັມໄປດ້ວຍກຳລັງ ແລະ ຄວາມວ່າອງໄວຢ່າງຫລາຍໃນການລ່າເຫຍື່ອຍ ຂົນຂອງມັນສັ້ນ ແລະ ມີສີນ້ຳຕານອອກສີທອງ.</li><li>ສິ່ງໂຕ ໂຕຜຸ້ມີຂົ່ນທີ່ເປັນແຜງຢູ່ຮອບຫົວຂອງພວກມັນ.</li><li>ສິ່ງໂຕຂ້າສັດອື່ນເພື່ອເປັນອາຫານ ແລະ ສາມາດເຮັດອັນຕະລາຍໃຫ້ກັບມະນຸດໄດ້ເຊັ່ນກັນ.</li><li>ເມື່ອກະສັດດາວິດຍັງເປັນເດັກຫນຸ່ມ ເຂົາຂ້າພວກສິ່ງໂຕເພື່ອປົກປ້ອງແກະທີ່ເຂົາເບິງແຍງ.</li><li>ແຊມຊັ້ນກໍ່ໄດ້ຂ້າສິ່ງໂຕດ້ວຍມືຂອງເຂົາ.</li></ul>  
livestock	<h2 id="section">@ສັດລ້ຽງ</h2><h3 id="section-1">ນິຍາມ</h3><p>ຄຳວ່າ " ສັດລ້ຽງ " ອ້າງອີງເຖິງສັດຕ່າງໆ ທີ່ຖືກລ້ຽງເພື່ອຕຽມເປັນອາຫານ ແລະ ເປັນຜະລິດຕະພັນທີ່ເປັນປະໂຫຍດອື່ນໆ ໃນການລ້ຽງສັດບາງສະນິດແມ່ນໃຊ້ງານໃຫ້ສັດເຮັດວຽກຫນັກໄດ້ເຊັ່ນກັນ</p><ul><li>ສະນິດຂອງສັດລ້ຽງລວມທັງຝູງແກະ ງົວຄວາຍ ແບ້ ແລະ ມ້າ.</li><li>ໃນສະໄຫມພຣະຄຳພີ ຄວາມຮັ່ງມີຂອງບຸກຄົນວັດກັນທີ່ຈຳນວນຝູງສັດທີ່ບຸກຄົນນັ້ນມີຢູ່.</li><li>ສັດລ້ຽງມີໄວ້ເພື່ອການຜະລິດສິນຄ້າຕ່າງໆ ເຊັ່ນ ຂົນແກະ ນ້ຳນົມ ເນີຍ ຂອງໃຊ້ໃນເຮືອນ ແລະ ເຄື່ອງນຸ່ງ.</li><li>ນີ້ສາມາດແປວ່າ ຟາມສັດກະສິກຳຕ່າງໆ.</li></ul>  
locust	<h2 id="section">@ຕັກກະແຕນ</h2><h3 id="section-1">ນິຍາມ</h3><p>ຄຳວ່າ " ຕັກກະແຕນ " ອ້າງອີເຖິງຕັກກະແຕນທີ່ມີຂະຫນາດໃຫ່ຍທີ່ບິນໄດ້ເຊື່ງບາງເທື່ອກໍ່ບິນມາເປັນຝູງ ແລະ ທຳລາຍລ້າງກັດກິນພືດພັນທັງຫມົດຕາມເສັ້ນທາງທີ່ມັນຜ່ານ</p><ul><li>ຕັກກະແຕນ ແລະ ຕັກກະແຕນສະນິດອື່ນໆ ເປັນແມງໄມ້ທີ່ມີຂະຫນາດໃຫ່ຍ ມີປີກຍາວ ມີຂໍ້ຂາຫລັງຍາວທີ່ເຮັດໃຫ້ພວກມັນໂດດເຕັ້ນໄປໄດ້ໄກ.</li><li>ໃນພັນທະສັນຍາເດີມ ຝູງຕັກກະແຕນ ຖືກອ້າງອີງໃນເຊີງອຸປະມາເປັນສັນຍາລັກ ຫລື ພາບຂອງການທຳລາຍລ້າງຢ່າງໃຫ່ຍຫຼວງທີ່ເປັນຜົນມາຈາກການບໍ່ເຊື່ອຟັງຂອງຄົນອິດສເອນ.</li><li>ພຣະເຈົ້າໄດ້ສົ່ງຝູງຕັກກະແຕນເປັນຫນຶ່ງໃນໄຟພິບັດສິບປະການຕໍ່ພວກເອຢິບ.</li><li>ພະສັນຍາໄຫ່ມກ່າວວ່າຕັກກະແຕນເປັນອາຫານຫລັກຂອງໂຢຮັນຜຸ້ໃຫ້ບັບຕິສະມາໃນຕອນທີ່ລາວອາໃສ່ຢູ່ໃນທະເລຊາຍ.</li></ul>  
loins	<h2 id="section">@ແອວ</h2><h3 id="section-1">ນິຍາມ</h3><p>ຄຳວ່າ  '' ແອວ  " ອ້າງເຖິງສ່ວນຮ່າງກາຍຂອງສັດ ຫລື ບຸກຄົນທີ່ຢູ່ລະຫວ່າງກະດູກຊີກໂຄງດ້ານລຸ່ມກັບກະດູກເຊີງກາມ ຫລື ຮູ້ຈັກກັນດີວ່າ ທ້ອງນ້ອຍ.</p><ul><li>ຄຳກ່າວ " ຈົງຄາດແອວ " ອ້າງເຖືງການຕຽມຕົວເຮັດວຽກຫນັກ ມັນມາຈາກທຳນຽມການປັກຊາຍເສື້ອຄຸມຂື້ນໄປທີ່ເຂັມຂັດຮອບແອວເພື່ອທີ່ຈະເຄື່ອນໄຫວໄດ້ສະດວກ.</li><li>ຄຳວ່າ " ແອວ " ໄດ້ຖືກນຳໃຊ້ຢູ່ເລື້ອຍໆໃນພຣະຄຳພີອ້າງເຖືງສ່ວນລຸ່ມດ້ານຫລັງຂອງສັດທີ່ຖະຫວາຍບູຊາ.</li><li>ໃນພຣະຄຳພີ ຄຳວ່າ " ແອວ " ມັກຈະອ້າງໃນເຊີງອຸປະມາຫລາຍຄັ້ງ ແລະ ເປັນຄຳ ສະລະສະຫລວຍທີ່ໃຊ້ກັບອະໄວຍະວະໃນການສືບພັນຂອງຜູ້ຊາຍ ເປັນຄືກັບແຫຼ່ງທີ່ມາຂອງເຊື້ອສາຍຂອງເຂົາ. ( ເບິງ : <a href="https://read.bibleineverylanguage.org/WA-Catalog/lo_tm?section=translate#figs-euphemism" target="_blank" data-is-rc-link="" data-repo="lo_tm" data-user="WA-Catalog" data-page="translate" data-topic="figs-euphemism" data-type="tm">figs-euphemism</a>)</li><li>ຄຳກ່າວ " ຈະມາຈາກແອວຂອງທ່ານ " ສາມາດແປວ່າ " ຈະເປັນລູກຫລານຂອງທ່ານ " ຫລື " ຈະເກີດຈາກເມັດພັນຂອງທ່ານ " ຫລື " ພຣະເຈົ້າຈະເຮັດໃຫ້ມາຈາກທ່ານ. " ( ເບິງ:  <a href="https://read.bibleineverylanguage.org/WA-Catalog/lo_tm?section=translate#figs-euphemism" target="_blank" data-is-rc-link="" data-repo="lo_tm" data-user="WA-Catalog" data-page="translate" data-topic="figs-euphemism" data-type="tm">figs-euphemism</a>)</li><li>ເມື່ອອ້າງເຖືງສ່ວນຮ່າງກາຍ ນີ້ສາມາດແປວ່າ " ທ້ອງ " ຫລື " ແອວ " ຂື້ນຢູ່ກັບສະພາບແວດລ້ອມ.</li></ul>  
lord god	<h2 id="section">@ພຣະຜູ້ເປັນເຈົ້າ</h2><h3 id="section-1">ນິຍາມ</h3><p>ຄຳວ່າ “ ພຣະຜູ້ເປັນເຈົ້າ ” ໝາຍເຖິງຜູ້ໃດຜູ້ໜຶ່ງທີ່ມີສິດຄອບຄອງ ຫລື ສິດອຳນາເໜືອຜູ້ຄົນ. ເມື່ອຂຶ້ນຕົ້ນອັກສອນຕົວໃຫຍ່, ເປັນຕຳແໜ່ງທີ່ອ້າງເຖິງພຣະເຈົ້າ. ( ເຖິງຢ່າງໃດກໍ່ຕາມໃຫ້ສັງເກດວ່າເມື່ອໃຊ້ເປັນຮູບແບບຂອງການເວົ້າກັບຜູ້ໃດຜູ້ໜຶ່ງ ຫຼື ໃນຕອນເລີ່ມຕົ້ນຂອງປະໂຫຍກມັນອາດຈະເປັນຕົວອັກສອນໃຫຍ່ ແລະ ມີຄວາມໝາຍຂອງ " ນາຍທ່ານ " ຫຼື " ນາຍ. " )</p><ul><li>ໃນພັນທະສັນຍາເດີມ, ຄຳສັບນີ້ຍັງຖືກນຳໃຊ້ໃນສຳນວນຕ່າງໆເຊັ່ນ: "ອົງພຣະຜູ້ເປັນເຈົ້າ. ພຣະຜູ້ເປັນເຈົ້າອົງສູງສຸດ " ຫລື " ອົງພຣະຜູ້ເປັນເຈົ້າ " ຫລື " ອົງພຣະຜູ້ເປັນເຈົ້າຂອງພວກເຮົາ."</li><li>ໃນພັນທະສັນຍາໃໝ່, ພວກອັກຄະສາວົກໄດ້ໃຊ້ຄຳນີ້ໃນສຳນວນຕ່າງໆເຊັ່ນ " ພຣະເຢຊູຄຣິດ " ແລະ " ອົງພຣະເຢຊູຄຣິດ " ເຊິ່ງສື່ສານວ່າພຣະເຢຊູຄືພຣະເຈົ້າ.</li><li>ຄຳວ່າ " ອົງພຣະຜູ້ເປັນເຈົ້າ " ໃນພັນທະສັນຍາໃໝ່ຍັງຖືກນຳໃຊ້ເປັນຄຳດຽວ ເພື່ອເປັນການເວົ້າເຖິງພຣະເຈົ້າໂດຍສະເພາະໃນຂໍ້ອ້າງອີງຈາກພຣະສັນຍາເດີມ. ຕົວຢ່າງເຊັ່ນ, ໃນພັນທະສັນຍາເດີມບອກວ່າ, " ນະມັດສະການແດ່ພຣະອົງຜູ້ສະເດັດມາໃນນາມຂອງພຣະຢາເວ " ແລະ ໃນພັນທະສັນຍາໃໝ່ໄດ້ກ່າວວ່າ, " ນະມັດສະການແດ່ພຣະອົງຜູ້ສະເດັດມາໃນນາມຂອງອົງພຣະຜູ້ເປັນເຈົ້າ."</li><li>ໃນສະບັບ ULB  ແລະ UDB ຕຳແໜ່ງ " ອົງພຣະຜູ້ເປັນເຈົ້າ " ຖືກແປໃນພາສາເປັນພາສາເຮັບເຮີ ແລະ ກຮີກ ໝາຍເຖີງ " ອົງພຣະຜູ້ເປັນເຈົ້າ " ເທົ່ານັ້ນ ບໍ່ໄດ້ຖືກແປເປັນພຣະນາມຂອງພຣະເຈົ້າ ( ພຣະຢາເວ ) ຄືກັນກັບການແປໃນຫຼາຍສະບັບ</li></ul><h3 id="section-2">ຄຳແນະນຳໃນການແປ</h3><ul><li>ບາງພາສາແປຄຳນີ້ວ່າ " ນາຍ " ຫຼື " ຜູ້ປົກຄອງ " ຫຼືໃຊ້ຄຳອື່ນທີ່ສື່ເຖີງເຈົ້າຂອງ ຫຼື ຜູ້ປົກຄອງທີ່ມີອຳນາດສູງສຸດ</li><li>ໃນບາງສະພາບການທີ່ເໝາະສົມ ຄຳແປຫຼາຍສະບັບໃຊ້ຕົວອັກສອນໂຕທຳອິດເປັນໂຕພິມໃຫຍ່ເພື່ອຈະເຮັດໃຫ້ຜູ້ອ່ານຈຳແນກອອກຢ່າງຊັດເຈນວ່າຄຳນັ້ນໝາຍເຖີງພຣະເຈົ້າ</li><li>ມີຫຼາຍສະຖານທີ່ໃນພັນທະສັນຍາໃໝ່ທີ່ອ້າງເຖີງພັນທະສັນຍາເດີມ ຄຳວ່າ " ອົງພຣະຜູ້ເປັນເຈົ້າພຣະເຈົ້າ " ສາມາດໃຊ້ເພື່ອຈຳແນກໄດ້ຢ່າງຊັດເຈນຄຳນັ້ນໝາຍເຖີງພຣະເຈົ້າ</li><li>บางภาษาแปลคำนี้ว่า "นาย" หรือ "ผู้ปกครอง" หรือใช้คำอื่นที่สื่อถึงเจ้าของหรือผู้ปกครองที่มีอำนาจสูงสุด</li></ul>  
lord	<h2 id="section">@ເຈົ້ານາຍ, @ນາຍ, @ນາຍທ່ານ</h2><h3 id="section-1">ນິຍາມ</h3><p>ຄຳວ່າ " ເຈົ້ານາຍ " ອ້າງເຖືງບາງຄົນທີ່ເປັນເຈົ້າຂອງ ຫລື ມີສິດອຳນາດເຫນື່ອກ່ວາຄົນອື່ນ.</p><ul><li>ບາງເທື່ອຄຳນີ້ໄດ້ຮັບການແປວ່າ " ນາຍ " ເມື່ອກ່າວເຖຶງພຣະເຢຊູ ຫລື ກ່າວເຖືງໃຜບາງຄົນທີ່ເປັນເຈົ້າຂອງພວກຄົນທີ່ເປັນທາດ.</li><li>ໃນສະບັບແປພາສາອັງກິດບາງສະບັບໃຊ້ຄຳນີ້ວ່າ " ນາຍທ່ານ " ໃນເນື້ອຫາທີ່ໃຊ້ເພື່ອກ່າວເຖືງຄົນທີ່ມີຕຳແຫນ່ງສູງດ້ວຍຄວາມສຸພາບ.</li></ul><h3 id="section-2">ຄຳແນະນຳໃນການແປ</h3><ul><li>ຄຳນີ້ຕ້ອງແປວ່າ " ນາຍ " ເມື່ອໃຊ້ກ່າວເຖືງບຸກຄົນຫນື່ງທີ່ເປັນເຈົ້າຂອງຄົນທີ່ເປັນທາດ ຄຳນີ້ສາມາດໃຊ້ໂດຍທາດຄົນຫນຶ່ງເພື່ອເອີ້ນບຸກຄົນທີ່ເຂົາມາຮັບໃຊ້ຢູ່.</li><li>ເມື່ອກ່າວເຖືງພຣະເຢຊູ ສາມາດແປໂດຍໃຊ້ ຄຳວ່າ " ນາຍ " ຖ້າຫາກໃນເນື້ອຫານັ້ນຫມາຍເຖືງ " ອາຈານສອນທາງສາດສະຫນາ. "</li><li>ຖ້າບຸກຄົນທີ່ກ່າວເຖືງພຣະເຢຊູບໍ່ຮູ້ຈັກພຣະອົງຄຳວ່າ " ເຈົ້ານາຍ "ສາມາດແປວ່າ " ນາຍທ່ານ " ໄດ້ ການແປແບບນີ້ຈະໃຊ້ສຳຫລັບເນື້ອຫາອື່ນໆ ທີ່ເອີ້ນບຸກຄົນຫນຶ່ງດ້ວຍຄວາມສຸພາບເຊັ່ນກັນ.</li><li>ເມື່ອກ່າວເຖືງພຣະເຈົ້າພຣະບິດາ ຫລື ກ່າວເຖືງພະເຢຊູ ຄຳນີ້ຈະຖືກຂຽນວ່າ " ອັງພຣະຜູ້ເປັນເຈົ້າ. "</li></ul>  
lord's supper	<h2 id="section">@ອາຫານມື້ສຸດທ້າຍຂອງອົງພຣະຜູ້ເປັນເຈົ້າ</h2><h3 id="section-1">ນິຍາມ</h3><p>ຄຳວ່າ " ອາຫານມື້ສຸດທ້າຍຂອງອົງພຣະຜູ້ເປັນເຈົ້າ " ຖືກໃຊ້ໂດຍອັກຄະສາວົກໂປໂລເພື່ອອ້າງເຖີງມີື້ປັດສະຄາທີ່ ພຣະເຢຊູຊົງຮັບປະທານພ້ອມກັບພວກສາວົກຂອງພຣະອົງໃນຄືນທີ່ພຣະອົງຖືກຈັບໂດຍຜູ້ນຳຊາວຢິວ</p><ul><li>ໃນຊ່ວງເວລາມື້ອາຫານນີ້ ພຣະເຢຊູຊົງຫັກຂະໜົມປັງປັດສະຄາ ແລະ ຮ້ອງຂະໜົມປັງນີ້ວ່າເປັນພຣະກາຍຂອງພຣະອົງເຊິ່ງອີກບໍ່ດົນຈະຖືກຕີ ແລະ ຖືກຂ້າ</li><li>ພຣະອົງຊົງຮ້ຽກເຫລົ້າອະງຸ່ນໃນຖ້ວຍນີ້ວ່າ ພຣະໂລຫິດຂອງພຣະອົງ ເຊິ່ງອີກບໍ່ດົນຈະຖືກເຮັດໃຫ້ເລືອດອອກເມື່ອພຣະອົງສິ້ນພຣະຊົນເພື່ອເປັນເຄື່ອງບູຊາໄຖ່ບາບ</li><li>ໃນຈົດໝາຍທີ່ຂຽນເຖີງຜູ້ທີ່ເຊື່ອຊາວໂກລິນໂທ ອັກຄະສາວົກ ໂປໂລ ໄດ້ຕັ້ງອາຫານມື້ສຸດທ້າຍຂອງອົງພຣະຜູ້ເປັນເຈົ້າໃຫ້ເປັນການປະຕິບັດທີ່ໄດ້ເຮັດເປັນປະຈຳສຳລັບບັນດາຜູ້ທີ່ເຊື່ອໃນພຣະເຢຊູ</li></ul><p>ຄຮິດຕະຈັກທັງຫຼາຍໃນທຸກວັນນີ້ໃຊ້ຄຳວ່າ " ສິນມະຫາສະໜິດ " ເພື່ອອ້າງເຖີງອາຫານມື້ສຸດທ້າຍຂອງອົງພຣະຜູ້ເປັນເຈົ້າ ບາງເທື່ອກໍ່ໃຊ້ຄຳວ່າ " ອາຫານມື້ສຸດທ້າຍ " ດ້ວຍ</p><h3 id="section-2">ຄຳແນະນຳໃນການແປ</h3><ul><li>ຄຳນີ້ສາມາດແປໄດ້ອີກວ່າคำ " ມື້ອາຫານຂອງອົງພຣະຜູ້ເປັນເຈົ້າ " ຫຼື " ມື້ອາຫານຂອງອົງພຣະຜູ້ເປັນເຈົ້າຂອງເຮົາ " ຫຼື " ມື້ອາຫານເພື່ລະນຶກຄິດເຖີງອົງພຣະຜູ້ເປັນເຈົ້າພຣະເຢຊູ "</li></ul>  
lord yahweh	<h2 id="section">@ອົງພຣະຜູ້ເປັນເຈົ້າພຣະຢາເວ, @ພຣະຢາເວພຣະເຈົ້າ</h2><h3 id="section-1">ນິຍາມ</h3><p>ໃນພັນທະສັນຍາເດີມ " ອົງພຣະຜູ້ເປັນເຈົ້າພຣະຢາເວ " ຖືກໃຊ້ຫຼາຍຄັ້ງເພຶ່ອອ້າງເຖີງພຣະເຈົ້າຜູ້ທ່ຽງແທ້ອົງດຽວ</p><ul><li>ຄຳວ່າ " ອົງພຣະຜູເປັນເຈົ້າ " ເປັນຕຳແໜ່ງຂອງພຣະເຈົ້າ ແລະ " ພຣະຢາເວ " ເປັນພຣະນາມສ່ວນຕົວ</li><li>ພຣະຢາເວ " ມັກຈະລວມກັບຄຳວ່າ " ພຣະເຈົ້າ " ເພື່ອເປັນ " ພຮະຢາເວພຮະເຈົ້າ "</li></ul><h3 id="section-2">ຄຳແນະນຳໃນການແປ</h3><ul><li>ໃນບາງຮູບແບບ " ພຮະຢາເວ " ຖືກໃຊ້ສຳລັບການແປພຣະນາມສ່ວນຕົວພຮະອົງຂອງພຣະເຈົ້າ ຄຳວ່າ " ອົງພຣະຜູ້ເປັນເຈົ້າພຣະຢາເວ " ແລະ " ພຣະຢາເວພຣະເຈົ້າ" ສາມາດແປຕາມອັກສອນ ແລະ ໃຫ້ພິຈາລະນາວ່າຈະແປຄຳເຫລົ່ານັ້ນແບບໃດ ຄື " ອົງພຣະຜູ້ເປັນເຈົ້າ " ໃນສະພາບການອື່ນຽ ເມື່ອອ້າງເຖີງພຣະເຈົ້າ</li><li>ບາງພາສາໃສ່ຕຳແໜ່ງຫລັງຈາກພຣະນາມ ແລະ ຈະແປວ່າາ " ພຣະຢາເວອົງພຮະຜູ້ເປັນເຈົ້າ " ໃຫ້ພິຈາລະນາວ່າແບບໃດທີ່ເປັນທຳມະຊາດສຳລັບພາສາໃນໂຄງການຄວນມີຕຳແໜ່ງ " ອົງພຣະຜູ້ເປັນເຈົ້າ " ຈະກ່ອນຫຼືຫລັງ " ພຣະຢາເວ "</li><li>" ພຣະຢາເວພຣະເຈົ້າ " ສາມາດອອກຄຳວ່າ ພຣະເຈົ້າຜູ້ຊົງໄດ້ຮັບການເອີ້ນວ່າ" ພຣະຢາເວ " ຫຼື " ພຣະເຈົ້າຜູ້ຊົງເປັນຜູ້ດຽວທິ່ຊົງພຣະຊົນຢູ່ " ຫຼື ເຮົາເປັນຄືຜູ້ທິ່ເປັນ " ພຣະເຈົ້າ "</li><li>ຖ້າການແປອອກຄຳວ່າ" ພຣະຢາເວ " ເປັນ " ອົງພຣະຜູ້ເປັນເຈົ້າ " ຫຼື "  ອົງພຣະເຈົ້າ " ຄຳວ່າ" ອົງພຣະຜູ້ເປັນເຈົ້າພຣະຢາເວ " ສາມາດແປວ່າ " ອົງພຣະເຈົ້າຜູ້ເປັນພຣະເຈົ້າ " ຫຼື " ພຣະເຈົ້າຜູ້ຊົງເປັນອົງພຣະຜູ້ເປັນເຈົ້າ " ການແປແບບອື່ນສາມາດແປວ່າ" ອົງພຣະເຈົ້າຜູ້ຊົງເປັນເຈົ້ານາຍ " ຫຼື " ພຣະເຈົ້າຜູ້ຊົງເປັນອົງພຣະຜູ້ເປັນເຈົ້າ "</li><li>ຄຳວ່າ " ອົງພຣະຜູ້ເປັນເຈົ້າພຣະຢາເວ " ບໍ່ສົມຄວນອອກຄຳວ່າເປັນ " ອົງພຣະເຈົ້າອົງພຣະຜູ້ເປັນເຈົ້າ " ເພາະຜູ້ອ່ານຈະບໍ່ໄດ້ສັງເກດເບິ່ງຄວາມແຕກຕ່າງຂອງຕົວອັກສອນຕາມທີ່ໄດ້ໃຊ້ກັນນີ້ເພື່ອຈຳແນກຄວາມຕ່າງ</li></ul>  
lot	<h2 id="section">@ໂລທ</h2><h3 id="section-1">ຂໍ້ເທັດຈິງ</h3><p>ໂລທເປັນຊື່ຂອງຫຼານຊາຍຂອງອັບຮາຮາມ</p><ul><li>ເຂົາເປັນລູກຊາຍຂອງອ້າຍຂອງອັບຮາຮາມທີມີຊື່ວ່າຣາຮັນ</li><li>ໂລທໄດ້ເດີນທາງໄປກັບອັບຮາຮາມເພື່ອໄປຍັງດິນແດນຄານາອິນ ແລະ ຕັ້ງເຮືອນຢູ່ໃນເມືອງໂຊໂດມ</li><li>ໂລທສືບເຊື້ອສາຍມາຈາກຊາວໂມອັບ ແລະ ອັບໂມນ</li><li>ເມື່ອກະສັກທີ່ເປັນສັດຕູ ໄດ້ໂຈມຕີເມືອງໂຊໂດມ ແລະ ໄດ້ຈັບໂລທ ອັບຮາຮາມໄດ້ມາພ້ອມກັບຊາຍຫຼາຍຮ້ອຍຄົນເພື່ອຊ່ວຍ ໂລທ ແລະ ເອົາສິ່ງຂອງຂອງເຂົາຄືນມາ</li><li>ຜູ້ຄົນທີ່ອາໄສຢູ່ໃນເມືອງໂຊໂດມໄດ້ອອ່ນເພຍກຳລັງຫຼາຍ ດັ່ງນັ້ນພຣະເຈົ້າຈຶ່ງໄດ້ຊົງທຳລາຍນເມືອງນັ້ນ ແຕ່ພຣະອັງຊົງໄດ້ບອກໂລທ ແລະ ຄອບຄົວຂອງເຂົາກ່ອນເພື່ອໃຫ້ພວກເຂົາໜີອອກຈາກເມືອງນັ້ນ</li></ul>  
lots	<h2 id="section">@ສະລາກ, @ການຈັບສະລາກ</h2><h3 id="section-1">ນິຍາມ</h3><p>" ສະຫລາກ " ຄືວັດຖຸທີ່ມີເຄື່ອງໝາຍເຊື່ງຫວ່ານຂື້ນ ຫລື ຈັບຂື້ນມາຈາກວັດຖຸອື່ນທີ່ຄ້າຍຄືກັນເພື່ອເປັນວິທີໃນການເລືອກ ຫລື ຕັດສິນໃຈ ຄຳວ່າ " ການຈັບສະຫລາກ " ອ້າງເຖືງການຫວ່ານວັດຖຸທີ່ເຮັດເຄື່ອງໝາຍລົງໄປທີ່ພື້ນ ຫຼື ຜີວພື້ນອື່ນໆ</p><ul><li><p>ຫລາຍເທື່ອສະຫລາກຄືກ້ອນຫີນນ້ອຍໆ ທີ່ເຮັດເຄື່ອງໝາຍ ຫລື ເສດຂອງໝໍ້ທີ່ແຕກຫັກ ຫລື ການກິ້ງກ້ອນຫີນກ້ອນນ້ອຍທີ່ມີເຄື່ອງຫມາຍ ຫລື ເສດຊີ້ນສ່ວນທີ່ແຕກຫມໍ້ທີ່ແຕກ ຄົນທີ່ເສດຊີ້ນສວ່ນທີ່ມີເຄື່ອງຫມາຍກິ້ງໄປຫາກໍ່ຈະເປັນຄົນທີ່ຖືກເລືອກ</p></li><li><p>ໃນບາງວັດທະນະທຳ " ການຈັບສະຫລາກ " ຫລື ສະຫລາກ " ຈັບອອກ " ຈະໃຊ້ຊໍ່ເຟືອງເຂົ້າເພື່ອການຈັບສະຫລາກ ບາງຄົນຖືເຟືອງເຂົ້າເພື່ອຈະບໍ່ມີໃຜແນມເຫັນວ່າພວກມັນຍາວເທົ່າໃດ ແຕ່ລະຄົນກໍ່ຈັບເອົາເຟືອງເຂົ້າຄົນລະຫນຶ່ງອັນຂື້ນມາ ໃຜທີ່ຈັບໄດ້ອັນທີ່ຍາວທີ່ສຸດ (ຫລືສັ້ນທີ່ສຸດ) ກໍ່ຈະເປັນຄົນທີ່ຖືກເລືອກ.</p></li><li><p>ການຈັບສະຫລາກຖືກໃຊ້ໂດຍຄົນອິດສເອນເພື່ອຫາວ່າພຣະເຈົ້າຕ້ອງການໃຫ້ພວກເຂົາເຮັດຫັຍງ.</p></li><li><p>ຢ່າງເຊັ່ນໃນສະໄຫມຂອງເຊຄາລິຢາ ແລະ ເອລີຊາເບດເປັນການໃຊ້ການເລືອກວ່າປະໂລຫິດຄົນໃດທີ່ຈະເຮັດຫນ້າທີ່ພິເສດໃນພະວິຫານທີ່ຈະຖະຫວາຍເຄື່ອງບູຊາ.</p></li><li><p>ພວກທະຫານທີ່ຄຶງພຣະເຢຊູໄດ້ຫວ່ານສະຫລາກເພື່ອຕັດສິນວ່າໃຜຈະໄດ້ເສື້ອຄຸມຂອງພຣະເຢຊູໄປເປັນເຈົ້າຂອງ.</p></li><li><p>ວະລີ " ການຈັບສະຫລາກ " ສາມາດແປວ່າ ການຫວ່ານຈຳນວນຫລາຍ " ຫລືການວາດພາບ " ຫລື " ກິ້ງສະຫລາກ " ຕ້ອງແນ່ໃຈວ່າຈະບໍ່ໃຊ້ຄຳທີ່ເຮັດໃຫ້ສະຫລາກເປັນຄືກັນກັບຖືກໂຍນໄລຍະໄກ.</p></li><li><p>ຂື້ນຢູ່ກັບບົດ ຄຳວ່າ " ສະຫລາກ " ສາມາດແປວ່າ " ກ້ອນຫີນທີ່ຖືກເຮັດເຄື່ອງຫມາຍໄວ້ " ຫລື " ເສດຫມໍ້ " ຫລື " ໄມ້ " ຫລື " ເສດເຟືອງເຂົ້າ"</p></li><li><p>ຖ້າການຕັັດສິນໃຈທີ່ກະທຳໂດຍການ " ຈັບສະຫລາກ " ນີ້ສາມາດແປວ່າໂດຍການຈັບ ( ຫລືການໂຢນ ) ສະຫລາກ. "</p></li><li></li></ul>  
love	<h2 id="section">@ຄວາມຮັກ</h2><h3 id="section-1">ນິຍາມ</h3><p>ການທີ່ຈະຮັກຄົນອື່ນແມ່ນການເບິ່ງແຍງຄົນນັ້ນ ແລະ ເຮັດສິ່ງທີ່ຈະເປັນປະໂຫຍດຕໍ່ລາວ. ມີຄວາມໝາຍ ທີ່ແຕກຕ່າງກັນສຳລັບ " ຄວາມຮັກ " ເຊິ່ງບາງພາສາອາດສະແດງອອກໂດຍໃຊ້ຄຳສັບຕ່າງກັນ: 1. ຄວາມຮັກທີ່ມາຈາກພຣະເຈົ້າແມ່ນສຸມໃສ່ຄວາມດີຂອງຄົນອື່ນ, ເຖິງແມ່ນວ່າມັນບໍ່ໄດ້ຮັບຜົນປະໂຫຍດແກ່ຕົວເອງ. ຄວາມຮັກແບບນີ້ສົນໃຈຄົນອື່ນ, ບໍ່ວ່າພວກເຂົາຈະເຮັດຫຍັງກໍ່ຕາມ. ພຣະເຈົ້າເອງເປັນຄວາມຮັກແລະ ເປັນແຫຼ່ງຂອງຄວາມຮັກທີ່ແທ້ຈິງ.</p><ul><li>ພຣະເຍຊູສະແດງຄວາມຮັກແບບນີ້ໂດຍການເສຍສະຫຼະຊີວິດເພື່ອທີ່ຈະຊ່ວຍເຮົາໃຫ້ພົ້ນຈາກບາບ ແລະຄວາມຕາຍ. ພຣະອົງຍັງໄດ້ສອນຜູ້ຕິດຕາມຂອງພຣະອົງໃຫ້ຮັກຄົນອື່ນໂດຍເສຍສະຫຼະ.</li><li>ເມື່ອຄົນອື່ນຮັກຄົນອື່ນດ້ວຍຄວາມຮັກແບບນີ້, ມັນກ່ຽວຂ້ອງກັບການກະທຳທີ່ສະແດງໃຫ້ເຫັນວ່າຜູ້ໃດຜູ້ ໜຶ່ງກຳລັງຄິດເຖິງສິ່ງທີ່ຈະເຮັດໃຫ້ຄົນອື່ນຈະເລີນຮຸ່ງເຮືອງ. ຄວາມຮັກແບບນີ້ໂດຍສະເພາະແມ່ນລວມທັງການໃຫ້ອະໄພຄົນອື່ນ.</li><li>ໃນ ULB, ຄຳວ່າ "ຄວາມຮັກ" ໝາຍເຖິງຄວາມຮັກແບບເສຍສະຫຼະຊະນິດນີ້, ເວັ້ນເສຍແຕ່ວ່າປື້ມບັນທຶກການແປໝາຍເຖິງຄວາມໝາຍທີ່ແຕກຕ່າງກັນ.</li></ul><ol><li>ອີກຄຳໜຶ່ງໃນພັນທະສັນຍາໃໝ່ໝາຍເຖິງຄວາມຮັກແບບອ້າຍນ້ອງ ຫຼື ຄວາມຮັກສຳລັບໝູ່ເພື່ອນ ຫຼື ສະມາຊິກໃນຄອບຄົວ.</li></ol><ul><li>ຄຳນີ້ໝາຍເຖິງຄວາມຮັກແບບທຳມະຊາດຂອງມະນຸດລະຫວ່າງໝູ່ເພື່ອນ ຫຼື ຍາດພີ່ນ້ອງ.</li><li>ມັນຍັງສາມາດຖືກນຳໃຊ້ໃນສະພາບການເຊັ່ນ "ພວກເຂົາມັກນັ່ງຢູ່ບ່ອນນັ່ງທີ່ສຳຄັນທີ່ສຸດໃນງານລ້ຽງ". ນີ້ ໝາຍຄວາມວ່າພວກເຂົາ“ ມັກຫລາຍ” ຫຼື “ ປາດຖະໜາຢ່າງຍິ່ງ” ທີ່ຈະເຮັດແນວນັ້ນ.</li></ul><ol><li>ຄຳວ່າ "ຄວາມຮັກ" ຍັງສາມາດໝາຍເຖິງຄວາມຮັກແບບໂລແມນຕິກລະຫວ່າງຊາຍແລະຍິງ. ໃນຄຳເວົ້າທີ່ປຽບທຽບ, "ຢາໂຄບຂ້ອຍມິຄວາມຮັກ, ແຕ່ເອຊາອາມຂ້ອຍໄດ້ກຽດຊັງ", ຄຳວ່າ "ຮັກ" ໝາຍເຖິງການທີ່ພຣະເຈົ້າເລືອກຢາໂຄບໃຫ້ຢູ່ໃນຄວາມສຳພັນແຫ່ງພັນທະສັນຍາກັບລາວ. ນີ້ຍັງສາມາດຖືກແປເປັນ "ເລືອກ." ເຖິງແມ່ນວ່າເອຊາອາມຍັງໄດ້ຮັບພອນຈາກພຣະເຈົ້າ, ລາວບໍ່ໄດ້ຮັບສິດທິພິເສດທີ່ຈະຢູ່ໃນພັນທະສັນຍາ. ຄຳວ່າ "ກຽດຊັງ" ຖືກນຳໃຊ້ເປັນຕົວເລກໃນນີ້ເພື່ອໝາຍຄວາມວ່າ "ຖືກປະຕິເສດ" ຫຼື "ບໍ່ໄດ້ຖືກເລືອກ."</li></ol><h3 id="section-2">ຄຳແນະນຳໃນການແປ</h3><ul><li>ເວັ້ນເສຍແຕ່ໄດ້ລະບຸຢ່າງອື່ນໃນປື້ມບັນທຶກການແປ, ຄຳວ່າ "ຄວາມຮັກ" ໃນ ULB ໝາຍເຖິງຄວາມຮັກແບບເສຍສະຫຼະທີ່ມາຈາກພຣະເຈົ້າ.</li><li>ບາງພາສາອາດມີຄຳເວົ້າທີ່ພິເສດສຳລັບຄວາມຮັກທີ່ບໍ່ເຫັນແກ່ຕົວແລະເສຍສະຫຼະທີ່ພະເຈົ້າມີ. ວິທີການແປສິ່ງນີ້ອາດປະກອບມີ, "ການອຸທິດຕົນ, ການດູແລທີ່ຊື່ສັດ" ຫຼື "ເບິ່ງແຍງຄວາມເຫັນແກ່ຕົວ" ຫຼື "ຄວາມຮັກຈາກພຣະເຈົ້າ." ໃຫ້ແນ່ໃຈວ່າຄຳທີ່ໃຊ້ໃນການແປຄວາມຮັກຂອງພຣະເຈົ້າສາມາດປະກອບມີການສະລະຜົນປະໂຫຍດຂອງຕົນເອງເພື່ອປະໂຫຍດແລະຮັກຄົນອື່ນບໍ່ວ່າພວກເຂົາຈະເຮັດຫຍັງກໍ່ຕາມ.</li><li>ບາງຄັ້ງຄຳວ່າ "ຄວາມຮັກ" ໃນພາສາອັງກິດໄດ້ພັນລະນາເຖິງຄວາມເອົາໃຈໃສ່ຢ່າງເລິກເຊິ່ງທີ່ຄົນເຮົາມີ ສຳລັບໝູ່ເພື່ອນ ແລະ ສະມາຊິກໃນຄອບຄົວ. ບາງພາສາອາດຈະແປພາສານີ້ດ້ວຍຄຳສັບ ຫລື ປະໂຫຍກທີ່ມີຄວາມໝາຍວ່າ "ຄືກັນຫຼາຍ" ຫລື "ເບິ່ງແຍງຮັກສາ" ຫລື "ມີຄວາມຮັກທີ່ແຮງກ້າ."</li><li>ໃນສະພາບການຄຳວ່າ "ຮັກ" ຖືກນຳໃຊ້ເພື່ອສະແດງຄວາມມັກທີ່ໜັກແໜ້ນສຳລັບບາງສິ່ງບາງຢ່າງ, ສິ່ງນີ້ອາດຈະຖືກແປໂດຍ "ມັກຫຼາຍ" ຫຼື "ມັກຫຼາຍ" ຫຼື "ຄວາມປາດຖະໜາທີ່ສຸດ."</li><li>ບາງພາສາອາດຈະມີຄຳສັບແຍກຕ່າງຫາກທີ່ໝາຍເຖິງຄວາມຮັກແບບໂລແມນຕິກ ຫລື ຄວາມຮັກທາງເພດລະຫວ່າງສາມີ ແລະ ພັນລະຍາ.</li><li>ຫລາຍພາສາຕ້ອງສະແດງ "ຄວາມຮັກ" ເປັນການກະທຳ. ດັ່ງນັ້ນຕົວຢ່າງ, ພວກເຂົາອາດຈະແປວ່າ "ຄວາມຮັກແມ່ນຄວາມອົດທົນ, ຄວາມຮັກຈະສະແດງຄວາມກະລຸນາ" ເຊັ່ນດຽວກັນ, "ເມື່ອຄົນຮັກໃຜຜູ້ ໜຶ່ງ, ລາວມີຄວາມອົດທົນແລະໃຈດີຕໍ່ລາວ."</li></ul>  
lover	<h2 id="section">@ຄົນຮັກ</h2><h3 id="section-1">ນິຍາມ</h3><p>ຄຳວ່າ" ຄົນຮັກ " ມີຄວາມໝ!ຍຕາມຕົວອັກສອນຄື " ບຸກຄົນຜູ້ທີ່ຮັກ " ໂດຍປົກກະຕິຄຳນີ້ໝາຍເຖີງຄົນທີ່ມີຄວາມສຳພັນທາງເພດຕໍ່ກັນ</p><ul><li>ເມື່ອຄຳວ່າ " ຄົນຮັກ " ທີ່ຖືກໃຊ້ໃນພີ້ະຄຳພີ ປົກກະຕິຈະອ້າງເຖີງບຸກຄົນຜູ້ທີ່ເຊີ່ງມີຄວາມສຳພັນທາງເພດກັບບາງຄົນທີ່ເຂົາບໍ່ໄດ້ແຕ່ງດ້ວຍ</li><li>ຄວາມສຳພັນທາງເພດທີ່ຜິດນັ້ນມັກຈະໃຊ້ໃນພຣະຄຳພີອ້າງເຖີງການບໍ່ເຊື່ອຟັງພຣະເຈົ້າຂອງຄົນອິດສເອນໃນການນະມັດສະການຮູບເຂົາລົບທັງຫຼາຍ ດັ່ງນັ້ນຄຳວ່າ " ເຫລົ່າຄົນຮັກ " ຈຶ່ງໃຊ້ໃນເຊີງຄຳອຸປະມາເຖີງພວກຮູບເຂົາລົບທີ່ຄົນອິດສເອນໄດ້ນະມັດສະການ ໃນສະພາບການເຫລົ່ານັ້ນ ຄຳນີ້ສາມາດແປໄດ້ວ່າ " ຄູ່ນອນທີ່ຜິດສິນລະທຳ " ຫຼື " ຄູ່ນອນທີ່ລ່ວງປະເພນີ " ຫຼື " ຮີບເຄົາລົບ " ( ດູຄຳອຸປະມາ )</li><li>ຄົນຮັກ " ເງີນຄືໃຜບາງຄົນທີ່ໃຫ້ຄວາມສຳຄັນຫຼາຍເກີນໄປກັບການໄດ້ເງີນ ແລະ ເປັນເສດຖີ</li><li>ໃນພັນທະສັນຍາເດີມ ບົດເພງໂຊໂລມອນ ໃຊ້ຄຳວ່າ່ " ຄົນຮັກ " ໃຊ້ໃນຄວາມໝາຍດ້ານບວກ</li></ul>  
lowly	<h2 id="section">@ຢ່າງຕ່ຳຕ້ອຍ, @ຄວາມຕ່ຳຕ້ອຍ</h2><h3 id="section-1">ນິຍາມ</h3><p>ຄຳວ່າ " ຢ່າງຕ່ຳຕ້ອຍ " ແລະ " ຄວາມຕ່ຳຕ້ອຍ " ໝາຍເຖີງການເປັນຄົນຈົນ ແລະ ມີຖານະທີ່ຕ່ຳຕ້ອຍ ຄຳນີ້ສາມາດມີຄວາມໝາຍວ່າເປັນຄົນສາມັນ</p><ul><li>ພຮະເຢຊູຊົງໄດ້ຖ່ອມຕົວລົງເພື່ອມີຖານະຕ່ຳຕ້ອຍໃນການເປັນມະນຸດ ແລະ ຮັບໃຊ້ຜູ້ອື່ນ</li><li>ການປະສູກຢ່າງຕ່່ຳຕ້ອຍເພາະພຣະອົງປະສູດໃນສະຖານະທີ່ທີ່ເປັນຄອກສັດບໍ່ແມ່ນໃນລາດສະວັງ</li><li>ການມີທັກສະນະຄະຕີທີ່ຕ່ຳຕ້ອຍນັ້ນກົງກັນຂ້າມກັບການເປັນຄົນຍິ່ງ</li><li>ວິທີແປຄຳວ່າ " ຢ່າງຕ່ຳຕ້ອຍ " ສາມາດລວມເຖີງ " ຖ່ອມໃຈ " ຫຼື " ຂອງສະຖານະທີ່ຕ່ຳ " ຫຼື " ບໍ່ສຳຄັນ"</li><li>ຄຳວ່າ " ຄວາມຕ່ຳຕ້ອຍ " ສາມາດແປວ່າ " ຄວາມຖ່ອມ " ຫຼື " ມີຄວາມສຳຄັນນ້ອຍ "</li></ul>  
luke	<h2 id="section">@ລູກາ</h2><h3 id="section-1">ຂໍ້ເທັດຈິງ</h3><p>ລູກາເປັນຜູ້ຂຽນພຮະຄຳສອງເຫລັ້ມໃນພັນທະສັນຍາໃໝ່ ຄື ພີ້ະກິດຕິຄຸນ ແລະ ພີະຄຳກິຈະການ</p><ul><li>ໃນຈົດໝາຍຂອງ ໂປໂລທີ່ຂຽນໄປເດຖີງຜູ້ເຊື່ອໃນເມືອງ ໂກໂລຊາຍ ໂປໂລ ອ້າງເຖີງລູກາວ່າເປັນທ່ານໝໍ ໂປໂລ ຍັງໄດ້ເວົ້າເຖີງລູກາໃນຈົດໝາຍອື່ນຽອີກສອງສະບັບຂອງເຂົາດ້ວຍ</li><li>ເຄີຍຄິດກັນວ່າ ລູກາເປັນຊາວກຮີກ ແລະ ຄົນຕາ່ງຊາດ ກ່ອນຈະມາຮູ້ຈັກກັບພີ້ະເຢຊູ ໃນພີ້ະກິດຕິຄຸນຂອງເຂົາ ລູກາລວມການຕອນທີ່ສະແດງໃຫ້ເຫັນເຖີງຄວາມຮັກຂອງພຣະເຢຊູສຳລັບທຸກຄົນ ທັງຊາວຢິວ ແລະ ຄົນຕ່າງຊາດ</li><li>ລູກາຮ່ວມເດີນທາງເປັນຜູ້ປະກາດພຣະຄຳກັບໂປໂລສອງຄັ້ງ ແລະ ໄດ້ຊ່ວຍໂປໂລໃນການເຮັດວຽກງານຂອງເຂົາ</li><li>ໃນການຂຽນບາງສ່ວນຂອງງານຂອງຄຣິດຕະຈັກທຳອິດ ໄດ້ເວົ້າໄວ້ວ່າລູກາໄດ້ເກີດໃນເມືອງອັນທີໂອເບ້ຍໃນຊີເຮຍ</li></ul>  
lust	<h2 id="section">@ຕັນຫາ</h2><h3 id="section-1">ນິຍາມ</h3><p>ຕັນຫາເປັນຄວາມຕ້ອງການຢ່າງຮຸ່ນແຮງ ໂດຍທົ່ວໄປຢູ່ໃນສະພາບການຂອງຄວາມຕ້ອງການບາງສິ່ງທີ່ເປັນບາບ ຫຼື ຜິດສິນລະທຳ</p><ul><li>ໃນພຣະຄຳພີ ຄຳວ່າ " ຕັນຫາ " ມັກຈະອ້າງເຖີງຄວາມປາດຖະນາທາງເພດກັບໃຜບາງຄົນທີ່ບໍ່ແມ່ນຄູ່ສາມີຂອງຕົນເອງ</li><li>ບາງຄັ້ງຄຳນີ້ຖືກໃຊ້ໃນປະໂຫຍກໃນເຊີງອຸບປະມາເພື່ອອ້າງເຖີງການນະມັດສະການຮູບເຄົາລົບ</li><li>ຂຶ້ນຢູ່ກັບສະພາບການ " ຕັນຫາ " ສາມາດແປວ່າ " ຄວາມປາດຖະນາທີ່ຜິດ " ຫຼື " ຄວາມປາດຖະນະຢ່າງຮຸ່ນແຮງ " ຫຼື " ຄວາມປາດຖະນາທາງເພດທີ່ຜິດ " ຫຼື " ຄວາມປາດຖະນາຢ່າງຮຸ່ນແຮງທີ່ຈະເຮັດຜິດສິນທຳ" ຫຼື " ຄວາມປາດຖະນາຢ່າງຮຸ່ນແຮງທີ່ຈະເຮັດບາບ"</li><li>ວະລີ " ມີຕັນຫາພາຍຫລັງ " ສາມາດແປວ່າ " ຄວາມປາດຖະນາຢ່າງຜິດຽ " ຫຼື " ຄິດຢ່າງຜິດສິນທຳກ່ຽວກັບ" ຫຼື " ຄວາມປາດຖະນາຢ່າງຜິດສິນທຳ "</li></ul><p>( ເບີ່ງເພີມເຕີມ: <a href="https://bibleineverylanguage.org/resources/languages/lo?resource-type=tw#adultery" data-section="kt" data-hash="adultery" data-crossref="true">adultery</a> · <a href="https://bibleineverylanguage.org/resources/languages/lo?resource-type=tw#idol" data-section="other" data-hash="idol" data-crossref="true">idol</a>)</p>  
lute	<h2 id="section">@ພິນນ້ຳເຕົ້າ @ແລະ @ພິນ</h2><h3 id="section-1">ນິຍາມ</h3><p>ພິນນ້ຳເຕົ້າ ແລະ ພິນເປັນເຄື່ອງດົນຕີໃຊ້ສາຍຂະໜາດນ້ອຍທີ່ຄົນອິດສເອນໃຊ້ເພື່ອນະມັດສະການພຣະເຈົ້າ</p><ul><li>ພິນນີ້ຄ້າຍຄືພິນຕັ້າຂະໜາດນ້ອຍ ມີກອບທີ່ເອົາໄວ້ໃຫ້ສາຍພິນເຊິ່ງຂ້າມໄປມາ</li><li>ພິນນ້ຳເຕົ້າມີລັກສະນະນ້ອຍກວ່າກີຕ້າໂປງສະໄໝໃໝ່ ມີກ່ອງເປັນໄມ້ ແລະ ຄໍຍາວທີ່ມີສາຍພິນເຄັ່ງໄວ້</li><li>ການຫຼີ້ນພິນນ້ຳເຕົ້າ ແລະ ພິນ ສາຍຂອງພິນຈະໃຊ້ນີ້ວຂອງມືຂ້າງໜຶ່ງກົດລົງບົນສາຍພິນ ແລະ ອີກມືໜຶ່ງຈັບດຶງສາຍພິນດິດບັນເລງ</li><li>ພິນນ້ຳເຕົ້າ ພິນ ແລະ ພິນຕັ້ງ ຫຼີ້ນໂດຍການດິດສາຍຂອງເຄື່ອງດົນຕີ</li><li>ຈຳນວນຂອງສາຍພິນມີຫຼາຍແບບ ແຕາໃນພັນທະສັນຍາເດີມ ລະບຸວ່າເຄື່ອງດົນຕີມີສິບສາຍ</li></ul>  
lystra	<h2 id="section">@ລີສຕຮາ</h2><h3 id="section-1">ຂໍ້ເທັດຈິງ</h3><p>ລີສຕຮາເປັນຊື່ຂອງເມືງໃນເອເຊຍໄມເນີ້ບູຮານເຊີ່ງໂປໂລໄດ້ໄປຢ້ຽມຍາມໃນການເດີນທາງເປັນຜູ້ປະກາດພຣະຄຳ ເມືອງນີ້ຕັ້າຢູ່ໃນເຂດແຄ້ນລີຊາວເນຍ ເຊິ່ງປັດຈຸບັດນີ້ເປັນປະເທດຕຸລະກີ</p><ul><li>ໂປໂລ ແລະ ເພື່ອນຮ່ວມງານຂອງເຂົາໄດ້ໜີໄປຍັງເດີບີ ແລະ ລີສຕຮາ ເມື່ອພວກເຂົາຖືກກົດຄີ່ຄົມເຄັ່ງໂດຍພວກຢິວໃນເມືອງຄອນຍາ</li><li>ໃນລີສຕຮາ ໂປໂລໄດ້ພົບກັບຕີໂມທຽວຜູ້ທີ່ໄດກາຍມາເປັນເພື່ອນນັກປະກາດ ແລະ ກໍ່ຕັ້ງຄຮິດຕະຈັກດ້ວຍກັນ</li><li>ຫລັງຈາກ ໂປໂລໄດ້ຮັກສາຊາຍພິການໃນເມືອງລີສຕຮາ ປະຊາຊົນທີ່ນັ້ນພະຍາຍາມນະມັດສະການໂປໂລ ແລະ ບານານັດເປັນພະເຈົ້າ ແຕ່ ພວກອັກຄະສາວົກໄດ້ຕຳໜິພວກເຂົາ ແລະ ຢຸດຢັ້ງພວກເຂົາໃນການເຮັດສິ່ງນັ້ນ</li></ul>  
maacah	<h2 id="section">@ມາອາກາ</h2><h3 id="section-1">ຂໍ້ເທັດຈິງ</h3><p>ມາອາກາ (ຫຼືມາອາຄາ) ເປັນໜຶ່ງໃນບັນດາບຸດຊາຍຂອງນ້ອງຊາຍຂອງອັບບະຣາຮາມທີ່ມີຊື່ວ່າ ນາໂຮ. ມີຄົນອື່ນໃນພັນທະສັນຍາເດີມທີ່ໃຊ້ຊື່ນີ້ດ້ວຍ.</p><ul><li>ເມືອງມາອາກາຫຼືເບັດມາອາກາ ຕັ້ງຢູ່ໄກໄປທາງເໜືອຂອງອິດສະຣາເອນໃນແຄ້ວນທີ່ຖືກຢຶດຄອງໂດຍຊົນເຜົ່າເນັບທາລີ.</li><li>ເປັນເມືອງທີ່ສຳຄັນແລະຖືກສັດຕູໂຈມຕີຫຼາຍຄັ້ງ.</li><li>ມາອາກາ ຊື່ຂອງຜູ້ຍິງຫຼາຍຄົນລວມເຖິງມານດາຂອງບຸດຊາຍຂອງດາວິດທີ່ຊື່ວ່າ ອັບຊາໂລມ.</li><li>ກະສັດ ອາສາໄດ້ປົດມາອາກາທີ່ເປັນແມ່ເຖົ້າຂອງເພິ່ນຈາກການເປັນລາຊີນີເພາະນາງສະໜັບສະໜູນການນະມັດສະການອາເຊຣາ.</li></ul>  
macedonia	<h2 id="section">@ມາຊີໂດເນຍ</h2><h3 id="section-1">ຂໍ້ເທັດຈິງ</h3><p>ໃນສະໄໝພັນທະສັນທະສັນຍາໃໝ່, ມາຊີໂດເນຍເປັນແຄ້ວນໜຶ່ງຂອງໂຣມທີ່ຕັ້ງຢູ່ທາງຕອນເໜືອຂອງກະຣີດບູຮານ.</p><ul><li>ເມືອງທີ່ສຳຄັນຂອງມາຊີໂດເນຍ ບາງເມືອງທີ່ຖືກກ່າວເຖິງໃນພຣະຄັມພີຄື ເບເຣຍ,ຟີລີບປອຍແລະເທສະໂລນິກ.</li><li>ຜາ່ນທາງນິມິດ, ພຣະເຈົ້າໄດ້ສັ່ງໃຫ້ໂປໂລເທດສະໜາຂ່າວປະເສີດໃນແຄ້ວນມາຊີໂດເນຍ.</li><li>ໂປໂລແລະເພື່ອນຮ່ວນງານຂອງເຂົາໄດ້ໄປແຄ້ວນມາຊີໂດເນຍແລະສອນປະຊາຊົນທີ່ນັ້ນກ່ຽວກັບພຣະເຢຊູແລະໄດ້ຊ່ວຍຜູ້ເຊື່ອໃໝ່ໃຫ້ເຕີບໃຫຍ່ຂຶ້ນໃນຄວາມເຊື່ອຂອງພວກເຂົາ.</li><li>ໃນພຣະຄັມພີ ມີຈົດໝາຍຫຼາຍສະບັບທີ່ໂປໂລໄດ້ຂຽນເຖິງຜູ້ເຊື່ອໃນເມືອງຟີລິບປອຍແລະເທສະໂລນິກຂອງແຄ້ວນມາຊີໂດເນຍ.</li></ul>  
magic	<h2 id="section">@ເວດມົນ, @ຜູ້ມີຄາຖາອາຄົມ</h2><h3 id="section-1">ນິຍາມ</h3><p>ຄຳວ່າ "ເວດມົນ" ອ້າງເຖິງການກທຳທີ່ໃຊ້ອຳນາດເໜືອທຳມະຊາດທີ່ບໍ່ໄດ້ມາຈາກພຣະເຈົ້າ "ຜູ້ມີຄາຖາອາຄົມ" ຄືຄົນທີ່ໃຊ້ເວດມົນ.</p><ul><li>ໃນອີຢິບ ເມື່ອພຣະເຈົ້າໄດ້ກະທຳການອັດສະຈັນຜ່ານທາງໂມເຊ,ຜູ້ມີຄາຖາອາຄົມຊາວອີຢິບຂອງຟາໂຣກໍສາມາດທຳບາງສິ່ງທີ່ເໝືອນກັນໄດ້,ແຕ່ອຳນາດຂອງພວກເຂົາບໍ່ໄດ້ມາຈາກພຣະເຈົ້າ.</li><li>ເວດມົນມັກຈະກ່ຽວຂ້ອງກັບການເວົ້າຫຼືເສກຄາຖາເພື່ອໃຫ້ບາງສິ່ງທີ່ເໜືອທຳມະຊາດເກີດຂຶ້ນ.</li><li>ພຣະເຈົ້າຊົງສັ່ງປະຊາກອນຂອງພຣະອົງວ່າບໍ່ໃຫ້ທຳເວດມົນຫຼືການທຳນວາຍໂຊກຊະຕາລາສີ.</li><li>ພວກໝໍຜີເປັນພວກທີ່ມີຄາຖາອາຄົມ, ໂດຍປົກກະຕິເປັນຄົນທີ່ໃຊ້ເວດມົນທຳຮ້າຍຜູ້ອື່ນ.</li></ul>  
magistrate	<h2 id="section">@ຜູ້ພິພາກສາ, @ພວກຜູ້ພິພາກສາ</h2><h3 id="section-1">ນິຍາມ</h3><p>ຜູ້ພິພາກສາຄືເຈົ້າໜ້າທີ່ ໆໄດ້ຮັບການແຕ່ງຕັ້ງໃຫ້ເປັນຜູ້ວິນິດໃສແລະຕັດສິນໃຈກ່ຽວກັບກົດໝາຍ.</p><ul><li>ໃນສະໄໝພຣະຄັມພີ,ຜູ້ພິພາກສາມີໜ້າທີ່ຕັດສິນຄວາມຂັດແຍ່ງກັນລະຫວ່າງປະຊາຊົນ.</li><li>ຂຶ້ນຢູ່ກັບບໍລິບົດ ວິທີການແປຄຳນີ້ສາມາດລວມເອົາ "ຜູ້ວິນິດໃສທາງການປົກຄອງ" ຫຼື "ເຈົ້າໜ້າທີ່ທາງກົດໝາຍ" ຫຼື "ຜູ້ນຳຂອງເມືອງ."</li></ul>  
magnify	<h2 id="section">@ຍົກຍໍ</h2><h3 id="section-1">ນິຍາມ</h3><p>ຕາມຕົວອັກສອນແລ້ວຄຳວ່າ "ຍົກຍໍ" ໝາຍເຖິງທຳໃຫ້ບາງສິ່ງຫຼືບາງຄົນຍິ່ງໃຫຍ່ຂຶ້ນຫຼືດຶງຄວາມສົນໃຈຕໍ່ຄວາມຍິ່ງໃຫຍ່ຂອງບາງຄົນ.</p><ul><li>ເມື່ອໃຊ້ໃນພຣະຄັມພີຄຳວ່າ "ຍົກຍໍ"  ປົກກະຕິອ້າງເຖິງການຍົກຍ້ອງກະສັດຫຼືພຣະເຈົ້າ.</li><li>ເມື່ອບຸກຄົນຍົກຍ້ອງຕົນເອງນັ້ນ,ໝາຍຄວາມວ່າເຂົາພູມໃຈແລະພຣະຍາຍາມທຳໃຫ້ຕົນເອງມີຄວາມສຳຄັນຫຼາຍຂຶ້ນກ່ວາຄົນອື່ນ.</li></ul><h3 id="section-2">ຄຳແນະນຳໃນການແປ</h3><ul><li>ວິທີອື່ນໃນການແປຄຳວ່າ "ຍົກຍໍ" ສາມາດລວມເຖິງ ບອກວ່າຍິ່ງໃຫຍ່ຢ່າງໃດ.</li></ul>  
majesty	<h2 id="section">@ສະງ່າຜ່າເຜີຍ</h2><h3 id="section-1">ນິຍາມ</h3><p>ຄຳວ່າ "ສະງ່າຜ່າເຜີຍ" ອ້າງເຖິງຄວາມຍິ່ງໃຫຍ່ແລະຄວາມຮຸ່ງເຮືອງ,ຫຼາຍຄັ້ງມັກຈະກ່ຽວຂ້ອງກັບຄຸນສົມບັດຂອງກະສັດ.</p><ul><li>ໃນພຣະຄັມພີວ່າ "ສະງ່າຜ່າເຜີຍ" ຫຼາຍຄັ້ງມັກຈະກ່າວເຖິງຄວາມຍິ່ງໃຫຍ່ຂອງພຣະເຈົ້າຜູ້ຊຶ່ງເປັນກະສັດຜູ້ຍິ່ງໃຫຍ່ເໜືອຈັກກະວານ.</li><li>ຝ່າລະອອງທຸລີພຣະບາດ ເປັນວິທີເວົ້າກັບກະສັດ.</li></ul><h3 id="section-2">ຄຳແນະນຳໃນການແປ</h3><ul><li>ຄຳນີ້ສາມາດແປເປັນ "ພຣະບາລະມີ" ຫຼື "ໃຕ້ຝ່າລະອອງທຸລີພຣະບາດ."</li><li>"ຝ່າລະອອງທຸລີພຣະບາດ" ສາມາດແປວ່າ "ຄວາມສະງ່າຜ່າເຜີຍ" ຫຼື "ຄວາມມີອຳນາດ" ຫຼືໃຊ້ແບບທຳມະດາໃນການກ່າວກັບຜູ້ປົກຄອງໃນພາສາທີ່ແປນັ້ນ.</li></ul>  
maker	<h2 id="section">@ຜູ້ສ້າງ</h2><h3 id="section-1">ຂໍ້ເທັດຈິງ</h3><p>ໂດຍທົ່ວໄປ ຄຳວ່າ "ຜູ້ສ້າງ" ຄືບາງຄົນຜູ້ທີ່ນີລະມິດຫຼືທຳສິ່ງຕ່າງໆ.</p><ul><li>ໃນພຣະຄັມພີ ຄຳວ່າ "ຜູ້ສ້າງ" ໃນບາງຄັ້ງຖືກໃຊ້ເປັນເໝືອນຊື່ຫຼືຕຳແໜ່ງຂອງພຣະຢາເວເພາະພຣະອົງຊົງສ້າງສັບພະສິ່ງ.</li><li>ໂດຍປົກກະຕິຄຳນີ້ຖືກໃຊ້ລວມກັບຄຳວ່າ "ຂອງເຂົາ" ຫຼື "ຂອງຂ້ອຍ" ຫຼື "ຂອງທ່ານ."</li></ul><h3 id="section-2">ຄຳແນະນຳໃນການແປ</h3><ul><li>ຄຳວ່າ "ຜູ້ສ້າງ" ສາມາດແປເປັນ "ພຣະຜູ້ສ້າງ" ຫຼື "ພຣະເຈົ້າຜູ້ຊົງສ້າງ" ຫຼື "ຜູ້ສ້າງສັບພະສິ່ງ."</li><li>ຄຳເວົ້າ "ຜູ້ສ້າງຂອງເຂົາ" ສາມາດແປວ່າ ຜູ້ໜຶ່ງທີ່ຊົງນີລະມິດສ້າງເຂົາ" ຫຼື "ພຣະເຈົ້າຜູ້ຊົງນີລະມິດສ້າງເຂົາ."</li><li>ຄຳເວົ້າ "ຜູ້ສ້າງຂອງທ່ານ" ແລະ "ຜູ້ສ້າງຂອງຂ້ອຍ" ສາມາດແປໄດ້ຄ້າຍຄືກັນ.</li></ul>  
malachi	<h2 id="section">@ມາລາກີ</h2><h3 id="section-1">ຂໍ້ເທັດຈິງ</h3><p>ມາລາກີຄືເປັນໜຶ່ງໃນບັນດາຜູ້ປະກາດພຣະວັດຈະນະຂອງພຣະເຈົ້າໃນອານາຈັກຢູດາ.ເຂົາໄດ້ມີຊີວິດປະມານ 500 ປີກ່ອນພຣະຄຣິດໄດ້ຢູ່ໃນໂລກ.</p><ul><li>ມາລາກີ ໄດ້ປະກາດພຣະວັດຈະນະໃນຊ່ວງລະຍະເວລາທີ່ພຣະວິຫານຂອງອິດສະຣາເອນກຳລັງຖືກສ້າງຂຶ້ນມາໃໝ່ຫຼັງຈາກທີ່ກັບມາຈາກການເປັນຊະເລີຍຂອງບາບີໂລນ.</li><li>ເອຊະຣາແລະເນເຫມີຢາມີຊີວິດຢູ່ປະມານເວລາດຽວກັນກັບມາລາກີ.</li><li>ພຣະທັມມາລາກີຄືພຣະທັມເຫຼັ້ມສຸດທ້າຍຂອງພັນທະສັນຍາເດີມ.</li><li>ເຊັ່ນດຽວກັນກັບຜູ້ປະກາດພຣະວັດຈະນະທຸກຄົນໃນພັນທະສັນຍາເດີມ,ມາລາກີໄດ້ກະຕຸ້ນໃຫ້ປະຊົນກັບໃຈຈາກບາບຂອງພວກເຂົາແລະຫັນກັບມານະມັດສະການພຣະຢາເວ.</li></ul>  
manager	<h2 id="section">@ຜູ້ຈັດການ, @ຄົນຕົ້ນເຮືອນ</h2><h3 id="section-1">ນິຍາມ</h3><p>ຄຳວ່າ "ຜູ້ຈັດການ" ຫຼື "ຄົນຕົ້ນເຮືອນ" ໃນພຣະຄັມພີອ້າງເຖິງຜູ້ຮັບໃຊ້ທີ່ໄດ້ຮັບມອບໝາຍດ້ວຍຄວາມໄວ້ວາງໃຈເພື່ອໃຫ້ດູແລຊັບສົມບັດຂອງເຈົ້ານາຍແລະຈັດການທຸລະກິດຕ່າງໆ.</p><ul><li>ຄົນຕົ້ນເຮືອນໄດ້ຮັບມອບໜ້າທີ່ຄວາມຮັບຜິດຊອບຫຼວງຫຼາຍຊຶ່ງລວມເຖິງການປົກຄອງດູແລການງານຂອງຜູ້ຮັບໃຊ້ຄົນອື່ນໆ.</li><li>ຄຳວ່າ "ຜູ້ຈັດການ" ເປັນຄຳທີ່ທັນສະໄໝຫຼາຍກ່ວາຄົນຕົ້ນເຮືອນ,ທັງສອງຄຳນີ້ອ້າງເຖິງບາງຄົນທີ່ຈັດການດູແລແລະກິດຈະການງານຂອງຄົນອື່ນ.</li></ul><h3 id="section-2">ຄຳແນະນຳໃນການແປ</h3><ul><li>ຄຳນີ້ສາມາດແປວ່າ "ຜູ້ຄວບຄຸມດູແລ" ຫຼື "ຜູ້ຈັດລະບຽບບ້ານທັງໝົດ" ຫຼື "ຜູ້ຮັບໃຊ້ທີ່ຈັດການ" ຫຼື "ບຸກຄົນທີ່ຈັດລະບຽບ."</li></ul>  
manasseh	<h2 id="section">@ມານາເຊ, @ເຜົ່າມານັດເຊ</h2><h3 id="section-1">ຂໍ້ເທັດຈິງ</h3><p>ມີຜູ້ຊາຍຫ້າຄົນທີ່ມີຊື່ວ່າ ມານາເຊ ໃນພັນທະສັນຍາເດີມ:</p><ul><li>ມານາເຊ ເປັນຊື່ຂອງບຸດຊາຍຄົນທຳອິດຂອງໂຢເຊັບ.</li><li>ທັງ ມານາເຊ ແລະນ້ອງຊາຍຂອງເຂົາຄື ເອຟຣາອິມ ຖືກຮັບເປັນບຸດບຸນທຳໂດຍບິດາຂອງໂຢເຊັບ, ຄື ຢາໂຄບ ຊຶ່ງໄດ້ໃຫ້ສິດທິພິເສດແກ່ເຊື້ອສາຍຂອງພວກເຂົາໃນການໄດ້ຢູ່ທ່າມກາງຊົນຊາດອິດສະຣາເອນສິບສອງເຜົ່າ.</li><li>ເຊື້ອສາຍຂອງ ມານາເຊ ເປັນໜຶ່ງໃນເຜົ່າຕ່າງໆຂອງອິດສະຣາເອນ.</li><li>ເຜົ່າ ມານາເຊ ມັກຈະຖືກເອີ້ນວ່າເປັນ "ເຄິ່ງເຜົ່າຂອງ ມານາເຊ" ເພາະສ່ວນໜຶ່ງຂອງເຜົ່າໄດ້ຕັ້ງຮາກເຫົ້ງາຢູ່ໃນດິນແດນການາອານ,ທາງດ້ານຕາເວັນຕົກຂອງແມ່ນ້ຳຈໍແດນ.ອີກສ່ວນໜຶ່ງຂອງເຜົ່າໄດ້ຕັ້ງກົກຮາກໃນທາງດ້ານຕາເວັນອອກຂອງແມ່ນ້ຳຈໍແດນ.</li><li>ໜຶ່ງໃນບັນດາກະສັດຂອງຢູດາ ຊື່ວ່າ ມານາເຊ.</li><li>ກະສັດ ມານາເຊ ເປັນກະສັດທີ່ຊົ່ວຮ້າຍທີ່ເອົາບັນດາບຸດຊາຍຂອງເຂົາເອງເຜົາເປັນເຄື່ອງບູຊາໃຫ້ແກ່ພຣະປອມ.</li><li>ພຣະເຈົ້າຊົງລົງໂທດກະສັດມານາເຊ ໂດຍການຍອມໃຫ້ເຂົາຖືກຈັບຕົວໂດຍກອງທັບຂອງສັດຕູ, ມານາເຊໄດ້ຫັນກັບມາຫາພຣະເຈົ້າແລະທຳລາຍແທ່ນບູຊາທີ່ໃຊ້ນະມັດສະການພວກຮູບເຄົາລົບ.</li><li>ຜູ້ຊາຍສອງຄົນທີ່ຊື່ວ່າ ມານາເຊ ມີຊີວິດຢູ່ໃນຊ່ວງຍຸກຂອງເອສະຣາ,ພວກເຂົາຄືຄົນທີ່ຕ້ອງປະຢ່າກັບພັນລະຍາຕ່າງສາດສະໜາເຫຼົ່ານັ້ນເພາະພວກນາງມີອິດທິພົນຕໍ່ພວກເຂົາໃນການນັບຖືພຣະປອມ.</li><li>ມານາເຊອີກຄົນໜຶ່ງເປັນປູ່ຂອງບາງຄົນໃນເຜົ່າດານທີ່ເປັນປະໂລຫິດຂອງຮູບເຄົາລົບຂອງພຣະປອມ.</li></ul>  
manna	<h2 id="section">@ມານາ</h2><h3 id="section-1">ນິຍາມ</h3><p>ມານາ ເປັນອາຫານແຜ່ນບາງ ເໝືອນກັບເຂົ້າໜົມປັງທີ່ພຣະເຈົ້າໄດ້ຊົງຈັດຕຽມໃຫ້ກັບຊາວອິດສະຣາເອນໄດ້ກິນລະຫວ່າງທີ່ຢູ່ໃນຖິ່ນແຫ້ງແລ້ງກັນດານຫຼັງຈາກທີ່ພວກເຂົາໄດ້ອອກຈາກອີຢິບ.</p><ul><li>ມານາ ເບິ່ງເໝືອນເກັດສີຂາວທີ່ປາກົດໃນຕອນເຊົ້າຂອງແຕ່ລະວັນເທິງພື້ນດິນ. ພາຍໃຕ້ນ້ຳຄ້າງ ມີລົດຊາດຫວານ,ເໝືອນນ້ຳເຜິ້ງ.</li><li>ພວກອິດສະຣາເອນໄດ້ເກັບລວບລວມ ມານາ ທຸກວັນຍົກເວັ້ນວັນສະບາໂຕ.</li><li>ໃນວັນກ່ອນວັນສະບາໂຕ, ພຣະເຈົ້າຊົງບອກໃຫ້ພວກອິດສະຣາເອນເກັບມາເພີ້ມເປັນສອງເທົ່າເພື່ອພວກເຂົາຈະບໍ່ຕ້ອງເກັບໃນວັນພັກຜ່ອນຂອງພວກເຂົາ.</li><li>ໃນພຣະຄັມພີ, "ມານາ"ໄດ້ຖືກອ້າງເຖິງວ່າເປັນ "ເຂົ້າໜົມປັງຈາກສະຫວັນ" ແລະ "ໄດ້ຮັບຈາກສະຫວັນ."</li></ul><h3 id="section-2">ຄຳແນະນຳໃນການແປ</h3><ul><li>ອີກວິທີໜຶ່ງຂອງການແປຄຳສັບນີ້ສາມາດລວມ, "ອາຫານທີ່ເປັນເກັດສີຂາວບາງ" ຫຼື "ອາຫານຈາກສະຫວັນ."</li><li>ໃຫ້ພິຈາລະນາວ່າຄຳນີ້ໄດ້ຮັບການແປໃນພຣະຄັມພີໃນພາສາທ້ອງຖິ່ນຫຼືໃນພາສາກາງວ່າເປັນຢ່າງໃດ.</li></ul>  
man of god	<h2 id="section">@ຜູ້ຊາຍຂອງພຣະເຈົ້າ</h2><h3 id="section-1">ຂໍ້ເທັດຈິງ</h3><p>ຄຳກ່າວ "ຜູ້ຊາຍຂອງພຣະເຈົ້າ" ເປັນການກ່າວດ້ວຍຄວາມເຄົາລົບເຖິງຜູ້ປະກາດພຣະວັດຈະນະຂອງພຣະຢາເວ. ນີ້ໄດ້ໃຊ້ເພື່ອອ້າງເຖິງທູດສະຫວັນຂອງພຣະຢາເວ.</p><ul><li>ເມື່ອອ້າງເຖິງຜູ້ປະກາດພຣະທັມ,ນີ້ສາມາດແປວ່າ "ຜູ້ຊາຍທີ່ເປັນຂອງພຣະເຈົ້າ" ຫຼື "ຜູ້ຊາຍຜູ້ທີ່ຮັບໃຊ້ພຣະເຈົ້າ."</li><li>ເມື່ອອ້າງເຖິງທູດສະຫວັນ ນີ້ສາມາດແປໄດ້ວ່າ "ຜູ້ສົ່ງຂ່າວຂອງພຣະເຈົ້າ" ຫຼື "ທູດສະຫວັນຂອງທ່ານ" ຫຼື "ຊາວສະຫວັນຈາກພຣະເຈົ້າຜູ້ທີ່ເບິ່ງແລ້ວເໝືອນຜູ້ຊາຍຄົນໜຶ່ງ."</li></ul>  
martha	<h2 id="section">@ມາທາ</h2><h3 id="section-1">ຂໍ້ເທັດຈິງ</h3><p>ມາທາເປັນຜູ້ຍິງຄົນໜຶ່ງຈາກເບັດທານີທີ່ໄດ້ຕິດຕາມພຣະເຢຊູ.</p><ul><li>ມາທາ ມີນ້ອງສາວຊື່ ມາຣີ ແລະນ້ອງຊາຍຊື່ ລາຊະໂຣ,ຜູ້ທີ່ຕິດຕາມພຣະເຢຊູດ້ວຍເຊັ່ນກັນ.</li><li>ຄັ້ງໜຶ່ງເມື່ອພຣະເຢຊູໄດ້ມາຢ້ຽມພວກເຂົາທີ່ບ້ານ,ມາທາ ໄດ້ຖືກກວນໃຈໃນການຈັດຕຽມອາຫານ ຂະນະທີ່ ມາຣີ ນ້ອງສາວຂອງນາງໄດ້ນັ່ງແລະຟັງພຣະເຢຊູສັ່ງສອນ.</li><li>ເມື່ອ ລາຊະໂຣ ໄດ້ຕາຍ, ມາທາ ໄດ້ທູນພຣະເຢຊູວ່າ ນາງໄດ້ເຊື່ອວ່າພຣະເຢຊູເປັນພຣະຄຣິດພຣະບຸດຂອງພຣະເຈົ້າ.</li></ul>  
mary	<h2 id="section">@ມາຣີ, @ມານດາຂອງພຣະເຢຊູ</h2><h3 id="section-1">ຂໍ້ເທັດຈິງ</h3><p>ມາຣີ ເປັນຜູ້ຍິງສາວທີ່ອາໃສຢູ່ໃນເມືອງນາຊາເຣັດ ຜູ້ທີ່ຖືກຜູກມັດໃຫ້ແຕ່ງງານກັບຜູ້ຊາຍທີ່ຊື່ໂຢເຊັບ.ພຣະເຈົ້າຊົງເລືອກ ມາຣີ ໃຫ້ເປັນມານດາຂອງພຣະເຢຊູ ພຣະເມຊີອາ, ພຣະບຸດຂອງພຣະເຈົ້າ.</p><ul><li>ພຣະວິນຍານບໍລິສຸດໂດຍການອັດສະຈັນໄດ້ທຳໃຫ້ມາຣີຕັ້ງທ້ອງໃນຂະນະທີ່ນາງເປັນຍິງພົມມະຈາລີ.</li><li>ທູດສະຫວັນໄດ້ບອກແກ່ ມາຣີ ວ່າທາລົກໃນທ້ອງຂອງນາງຄືພຣະບຸດຂອງພຣະເຈົ້າຂອງພຣະເຈົ້າແລະນາງຈະເອີ້ນຊື່ກຸມມານນັ້ນວ່າ ເຢຊູ.</li><li>ມາຣີ ຮັກພຣະເຈົ້າແລະໄດ້ສັນລະເສີນພຣະອົງທີ່ໄດ້ໂປດປານນາງ.</li><li>ໂຢເຊັບໄດ້ແຕ່ງງານກັບມາຣີ, ແຕ່ມາຣີ ຍັງຄົງເປັນຍິງພົມມະຈາລີຈົນເຖິງຫຼັງຈາກທາລົກໄດ້ຄອດອອກມາແລ້ວ.</li><li>ມາຣີ ແລະໂຢເຊັບ, ໄດ້ນຳພຣະກຸມມານເຢຊູໄປຖະຫວາຍທີ່ພຣະວິຫານ. ຕໍ່ມາພວກເຂົາໄດ້ພາກ້ນໄປອີຢິບເພື່ອໜີຈາກຄຳສັ່ງຂອງເຮໂຣດທີ່ສັ່ງໃຫ້ຂ້າທາລົກ. ຫຼັງຈາກນັ້ນພວກເຂົາໄດ້ຍ້າຍກັບມາ ທີ່ນາຊາເຣັດ.</li><li>ເມື່ອພຣະເຢຊູຊົງເປັນຜູ້ໃຫຍ່ແລ້ວ,ມາຣີ ໄດ້ຢູ່ກັບພຣະອົງເມື່ອພຣະອົງຊົງປ່ຽນນ້ຳ ໃຫ້ເປັນເຫຼົ້າອະງຸ່ນໃນງານສົມລົດທີ່ບ້ານການາ.</li><li>ຂ່າວປະເສີດໄດ້ກ່າວວ່າ ມາຣີ ກໍໄດ້ຢູ່ທີ່ກາງແຂນເມື່ອພຣະເຢຊູກຳລັງຈະສິ້ນພຣະຊົນ.ພຣະອົງໄດ້ບອກໃຫ້ສາວົກໄດ້ດູແລນາງໃຫ້ເໝືອນແມ່ຂອງເຂົາ.</li></ul>  
mary magdalene	<h2 id="section">@ມາຣີ @ຊາວມັກດາລາ</h2><h3 id="section-1">ຂໍ້ເທັດຈິງ</h3><p>ມາຣີ ຊາວມັກດາລາຄືໜຶ່ງໃນຈຳນວນຜູ້ຍິງຫຼາຍໆຄົນ ທີ່ເຊື່ອໃນພຣະເຢຊູແລະໄດ້ຕິດຕາມພຣະອົງໃນງານພັນທະກິດຂອງພຣະອົງ. ນາງເປັນທີ່ຮູ້ຈັກໃນຖານະທີ່ເປັນຄົນທີ່ພຣະເຢຊູໄດ້ຮັກສາຈາກຜີປີສາດເຈັດໂຕທີ່ໄດ້ຄວບຄຸມນາງ.</p><ul><li>ມາຣີ ຊາວມັກດາລາແລະຜູ້ຍິງອື່ນບາງຄົນ ຊ່ວຍສະໜັບສະໜູນພຣະເຢຊູແລະພວກອັກຄະສາວົກຂອງພຣະອົງໂດຍຖວາຍແກ່ພວກເຂົາ.ນາງຖືກອ້າງເຖິງວ່າເປັນຜູ້ຍິງຄົນໜຶ່ງໃນກຸ່ມຜູ້ຍິງກຸ່ມທຳອິດທີ່ເຫັນພຣະເຢຊູ ຫຼັງຈາກພຣະອົງຊົງເປັນຂຶ້ນມາຈາກຄວາມຕາຍ.</li><li>ຂະນະທີ່ ມາຣີ ຊາວມັກດາລາ ໄດ້ຢືນຢູ່ນອກອຸໂມງທີ່ຫວ່າງເປົ່າ, ນາງໄດ້ເຫັນພຣະເຢຊູຊົງຢືນຢູ່ທີ່ນັ້ນແລະພຣະອົງໄດ້ຊົງບອກນາງໃຫ້ບອກສາວົກຄົນອື່ນໆ ວ່າພຣະອົງຊົງຟື້ນຄືນພຣະຊົນ.</li></ul>  
mary sister of martha	<h2 id="section">@ມາຣີ @(ນ້ອງສາວຂອງມາທາ)</h2><h3 id="section-1">ຂໍ້ເທັດຈິງ</h3><p>ມາຣີ ເປັນຜູ້ຍິງທີ່ມາຈາກເບັດທານີ ທີ່ມາຕິດຕາມພຣະເຢຊູ.</p><ul><li>ມາຣີ ມີເອື້ອຍຊື່ວ່າ ມາທາ ແລະ ນ້ອງຊາຍຊື່ ລາຊາໂຣ ເຊິ່ງໄດ້ຕິດຕາມພຣະເຢຊູເຈົ້າຄືກັນ.</li><li>ຄັ້ງໜຶ່ງ ພຣະເຢຊູເຈົ້າ ໄດ້ກ່າວວ່າ ມາຣີ ໄດ້ເລຶອກສິ່ງທີ່ດີທີ່ສຸດເມື່ອລາວໄດ້ເລຶອກເອົາການມານັ່ງຟັງພຣະອົງ ຫລາຍກວ່າການໄປຫຍຸ້ງຢູ່ກັບການຕຽມອາຫານ ແບບມາທາ ກຳລັງເຮັດຢູ່.</li><li>ພຣະເຢຊູເຈົ້າ ໄດ້ເອົານ້ອງຊາຍຂອງມາຣີ ໃຫ້ກັບຄືນມາມີຊີວິດອີກ.</li><li>ບາງເວລາຫລັງຈາກນັ້ນ, ຂະນະທີ່ພຣະເຢຊູເຈົ້າ ກຳລັງກິນເຂົ້າຢູ່ເຮືອນຂອງບາງຄົນໃນເບັດທານີ,  ມາຣີ ໄດ້ທານ້ຳຫອມລາຄາແພງ ໃສ່ພຣະບາດຂອງພຣະອົງ ເພື່ອເປັນການນະມັດ ສະການພຣະອົງ.</li><li>ພຣະເຢຊູເຈົ້າ ກ່າວຍ້ອງຍໍນາງທີ່ໄດ້ເຮັດແບບນີ້ ແລະ ໄດ້ບອກວ່າ ລາວກຳລັງຕຽມຮ່າງກາຍຂອງພຣະອົງ ສຳລັບການຝັງພຣະສົບ.</li></ul>  
matthew	<h2 id="section">@ມັດທາຍ, @ເລວີ</h2><h3 id="section-1">ຂໍ້ເທັດຈິງ</h3><p>ມັດທາຍ ເປັນຄົນໜື່ງໃນຜູ້ຊາຍສິບສອງຄົນທີ່ພຣະເຢຊູໄດ້ເລືອກໃຫ້ເປັນອັກຄະສາວົກຂອງພຣະອົງ.ເຂົາເປັນທີ່ຮູ້ຈັກກັນໃນນາມຂອງເລວີ ບຸດຊາຍຂອງອັນເຟອາດ.</p><ul><li>ເລວີ(ມັດທາຍ) ເປັນຄົນເກັບພາສີຈາກເມືອງກາເປນາອູມກ່ອນທີ່ເຂົາຈະໄດ້ພົບພຣະເຢຊູ.</li><li>ມັດທາຍ ໄດ້ຂຽນຂ່າວປະເສີດທີ່ໃຊ້ຊື່ຂອງເຂົາ.</li><li>ມີຄົນຫຼາຍຄົນທີ່ມີຊື່ວ່າ ເລວີ ໃນພຣະຄັມພີ.</li></ul>  
meal offering	<h2 id="section">@ທັນຍະບູຊາ</h2><h3 id="section-1">ນິຍາມ</h3><p>"ທັນຍະບູຊາ" ຫຼື "ທັນຍະບູຊາ"ເປັນເຄື່ອງບູຊາແກ່ພຣະເຈົ້າໃນຮູບແບບຂອງເມັດຂອງເມັດຫຼືເຂົ້າໜົມປັງທີ່ທຳຈາກແປ້ງເມັດເຂົ້າ.</p><ul><li>ຄຳວ່າ "ທັນຍະ" ອ້າງເຖິງເມັດເຂົ້າທີ່ໄດ້ຖືກບົດຈົນກາຍເປັນແປ້ງ.</li><li>ແປ້ງຈະຖືກປະສົມກັບນ້ຳຫຼືນ້ຳມັນເພື່ອທຳເປັນເຂົ້າໜົມປັງແຜ່ນລຽບ ບາງຄັ້ງນ້ຳມັນຖືກພົມລົງເທິງເຂົ້າໜົມປັງ.</li><li>ການຖວາຍບູຊາແບບນີ້ໂດຍປົກກະຕິມັກຈະຖວາຍຮ່ວມກັບເຄື່ອງເຜົາບູຊາ.</li></ul>  
mede	<h2 id="section">@ຊາວເມເດຍ, @ເມເດຍ</h2><h3 id="section-1">ຂໍ້ເທັດຈິງ</h3><p>ເມເດຍ ເປັນຈັກກະພັດບູຮານທີ່ຕັ້ງຢູ່ທາງທິດຕາເວັນອອກຂອງອັດຊີເຣຍ ແລະ ບາບີໂລນ, ແລະທາງທິດເໜືອຂອງເອລາມແລະເປີເຊຍ.  ປະຊາຊົນທີ່ອາໃສຢູ່ໃນຈັກກະພັດເມເດຍ ຈະຖືກເອີ້ນວ່າເປັນ "ຊາວເມເດຍ."</p><ul><li>ເມເດຍ ເປັນເຂດແດນທີ່ກວມເອົາເນື້ອທີ່ຂອງປະເທດຕຸຣະກີ, ອີຣ່ານ, ຊີເຣຍ, ອີຣັກ, ແລະ ອັຟການິສະຖານ.</li><li>ຊາວເມເດຍ ມີຄວາມສຳພັນໃກ້ຊິດກັບຊາວເປີເຊຍ ແລະທັງສອງຈັກກະພັດນີ້ ໄດ້ລວມກຳລັງທະຫານເຂົ້າກັນ ເພື່ອເອົາຊະນະຈັກກະພັດບາບີໂລນ.</li><li>ດາຣີອຸດ ຊາວເມເດຍ ໄດ້ໄປຮຸກຮານບາບີໂລນ ໃນໄລຍະເວລາທີ່ຜູ້ທຳນດານີເອນ ໄດ້ອາໃສຢູ່ທີ່ນັ້ນ.</li></ul>  
mediator	<h2 id="section">@ຜູ້ໄກ່ເກ່ຍ, @ຜູ້ເປັນຄົນກາງ</h2><h3 id="section-1">ນິຍາມ</h3><p>ຜູ້ໄກ່ເກ່ຍ ແມ່ນຜູ້ທີ່ຊ່ວຍເຮັດໃຫ້ປະຊາຊົນສອງຝ່າຍຫລືຫລາຍກວ່າ ສາມາດແກ້ໄຂສິ່ງທີ່ຕົກລົງກັນບໍ່ໄດ້ ຫລືບັນຫາທີ່ຂັດແຍ່ງກັນ. ລາວຈະຊ່ວຍໃຫ້ພວກເຂົາເຈົ້າກັບມາຄືນດີກັນ.</p><ul><li>ຍ້ອນປະຊາຊົນເຮັດຜິດບາບ, ພວກເຂົາເປັນສັດຕູກັບພຣະເຈົ້າ ແລະພວກເຂົາກໍສົມຄວນກັບພຣະພິໂຣດແລະການລົງໂທດ ເພາະຄວາມຜິດບາບຂອງພວກເຂົາ, ຄວາມສຳພັນລະຫວ່າງພຣະເຈົ້າກັບປະຊາຊົນຂອງພຣະອົງ ໄດ້ຖືກແຕກຫັກຈົນໝົດສິ້ນ.</li><li>ພຣະເຢຊູເຈົ້າ ເປັນຄົນກາງລະຫວ່າງພຣະເຈົ້າພຣະບິດາ ກັບປະຊາຊົນຂອງພຣະອົງ, ຊົງເຮັດໃຫ້ຄວາມສຳພັນທີ່ຖືກທຳລາຍໄປແລ້ວ ກັບມາຄືນດີໃໝ່ ໂດຍຄວາມຕາຍຂອງພຣະອົງ ເປັນຄ່າໄຖ່ແທນຄວາມບາບຂອງພວກເຂົາ.</li></ul><h3 id="section-2">ຄຳແນະນຳໃນການແປ</h3><ul><li>ມີຫລາຍວິທີທີ່ຈະແປຄຳວ່າ "ຜູ້ໄກ່ເກ່ຍ, ຜູ້ເປັນຄົນກາງ" ເຊິ່ງສາມາດແປໄດ້ອີກວ່າ "ຄົນທີ່ຢູ່ລະຫວ່າງບຸກຄົນ" ຫລື "ຜູ້ທີ່ເຮັດໃຫ້ຄືນດີກັນ" ຫລື "ຄົນທີ່ນຳເອົາສັນຕິສຸກມາ."</li><li>ປຽບທຽບຄຳນີ້ກັບຄຳວ່າ "ປະໂລຫິດ" ເມື່ອແປຄວາມໝາຍ. ມັນເປັນການດີທີ່ສຸດ ທີ່ຄຳວ່າ "ຜູ້ໄກ່ເກ່ຍ, ຜູ້ເປັນຄົນກາງ" ແມ່ນແປຄວາມໝາຍແຕກຕ່າງກັນ.</li></ul>  
meditate	<h2 id="section">@ຄິດຄ້ຳຄວນ</h2><h3 id="section-1">ນິຍາມ</h3><p>ຄຳວ່າ "ຄິດຄ້ຳຄວນ" ໝາຍເຖິງການໃຊ້ເວລາຄິດກ່ຽວກັບບາງສິ່ງບາງຢ່າງ ດ້ວຍຄວາມຮອບຄອບແລະເລິກເຊິ່ງ.</p><ul><li>ຄຳນີ້ຖືກໃຊ້ເລື້ອຍໆ ໃນພຣະຄັມພີ ເພື່ອໃຫ້ຄິດເຖິງກ່ຽວກັບພຣະເຈົ້າ ແລະຄຳສັ່ງສອນຂອງພຣະອົງ.</li><li>ເພງສັນລະເສີນ ບົດທີ 1 ບອກວ່າ ຜູ້ທີ່ພາວັນນາພຣະຄັມຂອງພຣະເຈົ້າ "ທັງກາງເວັນແລະກາງຄືນ"  ຈະໄດ້ຮັບພຣະພອນທີ່ຍິ່ງໃຫຍ່.</li></ul><h3 id="section-2">ຄຳແນະນຳໃນການແປ</h3><ul><li>ການ "ຄິດຄ້ຳຄວນ" ຍັງສາມາດແປໄດ້ອີກວ່າ "ຄິດດ້ວຍຄວາມລະມັດລະວັງແລະເລິກເຊິ່ງ" ຫລື "ພິຈາລະນາຢ່າງຖີ່ຖ້ວນ" ຫລື "ຄິດເຖິງຢູ່ເລື້ອຍໆ."</li><li>ລັກສະນະຂອງຄຳນາມແມ່ນ "ການຄິດຄ້ຳຄວນ" ແລະຍັງສາມາດແປໄດ້ອີກວ່າ, "ຄິດໃຫ້ເລິກໆ." ປະໂຫຍກທີ່ບອກວ່າ "ການຄິດຄ້ຳຄວນດ້ວຍຫົວໃຈຂອງຂ້ອຍ" ສາມາດແປໄດ້ອີກວ່າ "ຂ້ອຍຄິດເຖິງນັ້ນດ້ວຍຄວາມເລິກເຊິ່ງ" ຫລື "ຂ້ອຍຄິດເຖິງສິ່ງນັ້ນເລື້ອຍໆ."</li></ul>  
mediterranean	<h2 id="section">@ທະເລ, @ທະເລໃຫຍ່, @ທະເລຕາເວັນຕົກ,@ ທະເລເມດີແຕຣາເນ</h2><h3 id="section-1">ຂໍ້ເທັດຈິງ</h3><p>ໃນພຣະຄັມພີ, "ທະເລໃຫຍ່" ຫລື "ທະເລຕາເວັນຕົກ" ແມ່ນບົ່ງບອກເຖິງການເອີ້ນ "ທະເລເມດີແຕຣາເນ," ເຊິ່ງໃນພຣະຄຳພີເດີມ ທຸກຄົນຮູ້ດີວ່າມັນເປັນສິ່ງທີ່ຍິ່ງໃຫຍ່ຫລາຍ.</p><ul><li>ທະເລເມດີແຕຣາເນ ຖືກອ້ອມຮອບໂດຍ ອິດສະຣາເອນ (ທິດຕາເວັນອອກ), ຢູໂຣບ (ທິດເໜືອແລະທິດຕາເວັນຕົກ), ແລະອາຟຣິກກາ (ທິດໃຕ້).</li><li>ໃນສະໄໝບູຮານ ທະເລນີ້ມີຄວາມສຳຄັນຫລາຍ ສຳລັບການຄ້າຂາຍແລະການເດີນທາງ ເພາະມີຫລາຍປະເທດຢູ່ອ້ອມຮອບ. ເມືອງຕ່າງໆ ແລະປະຊາຊົນຫລາຍກຸ່ມ ທີ່ອາໃສຢູ່ຕາມແຄມຝັ່ງທະເລນີ້ ຈະມີຄວາມຈະເລີນຮຸ່ງເຮືອງ ເພາະວ່າ ມັນງ່າຍໃນການຂົນສົ່ງສິນຄ້າຈາກປະເທດຕ່າງໆ ໂດຍທາງເຮືອ.</li><li>ເນື່ອງຈາກວ່າທະເລໃຫຍ່ນີ້ ຕັ້ງຢູ່ທາງທິດຕາເວັນຕົກຂອງອິດສະຣາເອນ, ດັ່ງນັ້ນ ບາງເທື່ອຈິ່ງຖືກກ່າວເຖິງວ່າເປັນ "ທະເລຕາເວັນຕົກ."</li></ul>  
meek	<h2 id="section">@ສຸພາບອ່ອນຫວານ, @ຄວາມສຸພາບອ່ອນຫວານ</h2><h3 id="section-1">ນິຍາມ</h3><p>ຄຳວ່າ "ສຸພາບອ່ອນຫວານ" ແມ່ນໃຊ້ອະທິບາຍເຖິງຄົນທີ່ສຸພາບອ່ອນໂຍນ, ຄົນນອບນ້ອມ , ແລະຍອມທົນເຮັດຕາມ ເຖິງວ່າຈະບໍ່ໄດ້ຮັບຄວາມຍຸດຕິທັມ. ຄວາມສຸພາບອ່ອນຫວານ ຄື ຄວາມສາມາດໃນການສະແດງຄວາມສຸພາບອອກມາ ໃນຂະນະທີ່ມີຄວາມຢາກຮ້າຍ ຫລືໃນເວລາທີ່ຖືກກົດດັນ ເຊິ່ງຕາມປົກກະຕິແລ້ວ ຈະສະແດງອອກມາໄດ້ຍາກ.</p><ul><li>ຄວາມສຸພາບອ່ອນຫວານ ມັກຈະກ່ຽວຂ້ອງກັບຄວາມຖ່ອມໃຈ.</li><li>ຄຳນີ້ ສາມາດແປໄດ້ອີກວ່າ "ສຸພາບ" ຫລື "ມາລະຍາດສຸພາບ" ຫລື "ອາລົມອ່ອນໂຍນ."</li><li>ຄຳວ່າ "ຄວາມສຸພາບອ່ອນຫວານ" ສາມາດແປໄດ້ອີກວ່າ "ສຸພາບອ່ອນໂຍນ" ຫລື "ຖ່ອມໃຈ."</li></ul>  
melchizedek	<h2 id="section">@ເມນຄີເຊເດັກ</h2><h3 id="section-1">ຂໍ້ເທັດຈິງ</h3><p>ໃນໄລຍະເວລາທີ່ອັບຣາຮາມຍັງມີຊີວິດຢູ່, ເມນຄີເຊເດັກ ເປັນກະສັດປົກຄອງນະຄອນຊາເລັມ (ເຊິ່ງຕໍ່ມາແມ່ນ, "ນະຄອນເຢຣູຊາເລັມ")</p><ul><li>ຊື່ຂອງເມນຄີເຊເດັກ ມີຄວາມໝາຍວ່າ, "ກະສັດແຫ່ງຄວາມຊອບທັມ" ແລະຕຳແໜ່ງຂອງເພິ່ນແມ່ນ "ກະສັດແຫ່ງນະຄອນຊາເລັມ" ເຊິ່ງໝາຍເຖິງ "ກະສັດແຫ່ງຄວາມສັນຕິສຸກ."</li><li>ເພິ່ນຖືກກ່າວຂານວ່າເປັນ "ປະໂລຫິດຂອງພຣະເຈົ້າອົງສູງສຸດ."</li><li>ເມນຄີເຊເດັກ ຖືກກ່າວເຖິງເປັນເທື່ອທຳອິດໃນພຣະຄັມພີ ແມ່ນຕອນທີ່ລາວເອົາເຂົ້າຈີ່ແລະເຫລົ້າອະງຸ່ນໃຫ້ອັບຣາມ ພາຍຫລັງທີ່ອັບຣາມຊ່ວຍຊີວິດໂລດ ເຊິ່ງເປັນຫລານຂອງລາວ ໃຫ້ພົ້ນຈາກບັນດາກະສັດທີ່ມີອຳນາດ. ອັບຣາມຖວາຍໜຶ່ງສ່ວນສິບຈາກເຄື່ອງຂອງທີ່ປຸ້ນມາໄດ້ດ້ວຍໄຊຊະນະ ໃຫ້ແກ່ເມນຄີເຊເດັກ.</li><li>ໃນພຣະຄັມພີໃໝ່, ໄດ້ອະທິບາຍວ່າ ເມນຄີເຊເດັກ ແມ່ນບຸກຄົນໆໜຶ່ງ ທີ່ບໍ່ມີພໍ່ແມ່. ເພິ່ນຖືກເອີ້ນວ່າປະໂລຫິດ ແລະ ກະສັດທີ່ປົກຄອງຕະຫລອດໄປ.</li><li>ໃນພຣະຄັມພີໃໝ່ ຍັງບອກອີກວ່າ ພຣະເຢຊູເຈົ້າ ເປັນປະໂລຫິດຕາມແບບ "ການຈັດລະບຽບຂອງເມນຄີເຊເດັກ." ພຣະເຢຊູເຈົ້າ ບໍ່ໄດ້ສືບທອດເຊື້ອສາຍມາຈາກເຜົ່າເລວີ ຄືກັບປະໂລຫິດຂອງອິດສະຣາເອນ. ພຣະອົງເປັນປະໂລຫິດ ໂດຍແມ່ນພຣະເຈົ້າເປັນຜູ້ປະທານໃຫ້, ເຊັ່ນດຽວກັບເມນຄີເຊເດັກ.</li><li>ການອະທິບາຍຄຳເຫລົ່ານີ້ກ່ຽວກັບພຣະອົງ ແມ່ນຂຶ້ນກັບພື້ນຖານໃນພຣະຄັມພີ, ເມນຄີເຊເດັກ ຈຶ່ງເປັນປະໂລຫິດທີ່ເປັນມະນຸດ ແຕ່ຖືກແຕ່ງຕັ້ງໂດຍພຣະເຈົ້າ ເພື່ອໃຫ້ເປັນໂຕແທນ ຫລືແນ່ໃສ່ພຣະເຢຊູເຈົ້າ, ທີ່ເປັນກະສັດແຫ່ງຄວາມສັນຕິສຸກ ແລະ ແຫ່ງຄວາມຊອບທັມຕະຫລອດໄປ ແລະຊົງເປັນປະໂລຫິດຜູ້ຍິ່ງໃຫຍ່ຂອງພວກເຮົາ.</li></ul>  
melt	<h2 id="section">@ຫລອມລະລາຍ, @ຖືກຫລອມລະລາຍ</h2><h3 id="section-1">ນິຍາມ</h3><p>ຄຳວ່າ "ຫລອມລະລາຍ" ແມ່ນບົ່ງບອກເຖິງບາງສິ່ງທີ່ຖືກຄວາມຮ້ອນເຮັດໃຫ້ເປື່ອຍຈົນກາຍເປັນຄືນ້ຳ. ມັນຖືກໃຊ້ໃນລັກສະນະຂອງຄຳອຸປະມາຄືກັນ. ສິ່ງທີ່ຖືກຫລອມຈົນເປື່ອຍ ຈະເອີ້ນວ່າ "ຖືກຫລອມລະລາຍ."</p><ul><li>ເຫລັກທີ່ຊະນິດແຕກຕ່າງກັນ ຈະໃຊ້ຄວາມຮ້ອນທີ່ຕ່າງກັນເພື່ອເຮັດໃຫ້ມັນເປື່ອຍ ແລະສາມາດຖອກໃສ່ແມ່ແບບຕາມຄວາມຕ້ອງການ ເພື່ອເຮັດເປັນຊິ້ນງານຕ່າງໆ ເຊັ່ນ ອາວຸດ ຫລື ຮູບເຄົາລົບ. ປະໂຫຍກທີ່ເວົ້າວ່າ "ເຫລັກທີ່ຖືກລະລາຍຈົນເປື່ອຍ" ແມ່ນບົ່ງບອກເຖິງເຫລັກທີ່ຖືກຫລອມລະລາຍແລ້ວ.</li><li>ເວລາໄຕ້ທຽນ ຂີ້ເຜິ້ງທີ່ເປັນທຽນ ຈະຄ່ອຍໆ ລະລາຍ ແລະໄຫລຍ້ອຍລົງ. ໃນສະໄໝບູຮານ ຈະຕິດປາກຊອງຈົດໝາຍ ໂດຍ,  ຫຍອດຂີ້ເຜິ້ງໜ້ອຍໜຶ່ງໃສ່ປາກຊອງຈົດໝາຍ.</li><li>ຄຳອຸປະມາທີ່ໃຊ້ຄຳວ່າ "ຫລອມລະລາຍ" ໝາຍຄວາມວ່າ ໄດ້ກາຍເປັນສິ່ງທີ່ອ່ອນແຫລວແລະອ່ອນແອ, ຄ້າຍຄືກັບຂີ້ເຜິ້ງທີ່ລະລາຍແລ້ວ.</li><li>ປະໂຫຍກທີ່ວ່າ "ຫົວໃຈຂອງພວກເຂົາຈະຖືກຫລອມລະລາຍ," ໝາຍຄວາມວ່າ ພວກເຂົາຈະກາຍເປັນຄົນທີ່ອ່ອນແອຫລາຍ ຍ້ອນຄວາມຢ້ານກົວ.</li><li>ມີປະໂຫຍກຄຳອຸປະມາອື່ນອີກ ເຊັ່ນ, "ພວກເຂົາຈະລະລາຍ ໄປ"  ໝາຍຄວາມວ່າ ພວກເຂົາຈະຖືກບັງຄັບໃຫ້ໜີໄປ ຫລື ພວກເຂົາຈະສະແດງຄວາມອ່ອນແອອອກມາ ແລະຈະໜີໄປໃນຄວາມພ່າຍແພ້.</li><li>ຄວາມໝາຍຕາມໂຕອັກສອນຂອງຄຳວ່າ "ຫລອມລະລາຍ" ສາມາດແປໄດ້ວ່າ "ຈົນອ່ອນແຫລວ" ຫລື "ຖືກເຮັດຈົນອ່ອນແຫລວ" ຫລື "ເປັນຕົ້ນເຫດໃຫ້ກາຍເປັນອ່ອນແຫລວ."</li><li>ວິທີທາງອື່ນອີກທີ່ຈະແປຄວາມໝາຍໃນລັກສະນະເປັນຄຳອຸປະມາຂອງຄຳວ່າ "ຫລອມລະລາຍ" ສາມາດແປອີກວ່າ "ກາຍເປັນອ່ອນນຸ້ມ" ຫລື "ກາຍເປັນອ່ອນແອ" ຫລື "ໄດ້ຮັບຄວາມພ່າຍແພ້."</li></ul>  
member	<h2 id="section">@ສະມາຊິກ</h2><h3 id="section-1">ນິຍາມ</h3><p>ຄຳວ່າ "ສະມາຊິກ" ແມ່ນບົ່ງບອກເຖິງ ພາກສ່ວນໜຶ່ງຂອງຮ່າງກາຍທັງໝົດ ຫລື ຂອງກຸ່ມໃດໜຶ່ງ.</p><ul><li>ໃນພຣະຄັມພີໃໝ່ ໄດ້ອະທິບາຍວ່າ ຄຣິດສະຕຽນ ແມ່ນ "ສະມາຊິກ" ໃນພຣະກາຍຂອງພຣະຄຣິດ. ຜູ້ທີ່ເຊື່ອໃນພຣະຄຣິດ ແມ່ນສ່ວນໜຶ່ງຂອງກຸ່ມ ທີ່ມີສະມາຊິກຢູ່ນຳກັນຫລາຍຄົນ.</li><li>ພຣະເຢຊູຄຣິດ ເປັນ "ຫົວ" ຂອງຮ່າງກາຍ ແລະຜູ້ທີ່ເຊື່ອແຕ່ລະຄົນເປັນພາກສ່ວນໜຶ່ງ ຫລືເປັນສະມາຊິກໃນຮ່າງກາຍນັ້ນ. ພຣະວິນຍານບໍລິສຸດເຈົ້າ ໄດ້ປະທານໜ້າທີ່ພິເສດໃຫ້ສະມາຊິກທຸກຄົນໃນຮ່າງກາຍ ເພື່ອໃຫ້ທັງໝົດຂອງຮ່າງກາຍນັ້ນ ເຮັດວຽກໄດ້ດີ.</li><li>ລວມທັງບຸກຄົນໃດໜຶ່ງທີ່ມີສ່ວນຮ່ວມໃນກຸ່ມຕ່າງໆ ເຊັ່ນ ສະພາຂອງຊາວຢິວ ແລະ ກຸ່ມຟາຣີຊາຍ ທັງໝົດຖືກເອິ້ນວ່າເປັນ "ສະມາຊິກ" ຂອງກຸ່ມເຫລົ່ານີ້.</li></ul>  
memorial offering	<h2 id="section">@ທີ່ລະລຶກເຖິງ, @ການຖວາຍເພື່ອເປັນອະນຸສອນ</h2><h3 id="section-1">ນິຍາມ</h3><p>ຄຳວ່າ "ທີ່ລະລຶກເຖິງ" ບົ່ງບອກເຖິງການກະທຳ ຫລືສິ່ງທີ່ເຮັດໃຫ້ບາງຄົນ ຫລືບາງສິ່ງ ເປັນທີ່ຈື່ຈຳ.</p><ul><li>ຄຳນີ້ຍັງຖືກໃຊ້ເປັນບົດຄວາມ ເພື່ອອະທິບາຍເຖິງບາງສິ່ງ ທີ່ເຮັດໃຫ້ພວກເຂົາຈື່ຈຳສິ່ງນັ້ນໄດ້, ເຊັ່ນ "ການຖວາຍເພື່ອເປັນຄວາມຊົງຈຳ," "ສ່ວນທີ່ລະນຶກເຖິງ" ຂອງການເສຍສະຫຼະ  ຫລື "ສີລາຈາລຶກ."</li><li>ໃນພຣະຄັມພີເດີມ ການຖວາຍເພື່ອເປັນຄວາມຊົງຈຳ ໄດ້ເຮັດຂຶ້ນມາ ເພື່ອໃຫ້ຊາວອິດສະຣາເອນ ລະນຶກເຖິງສິ່ງທີ່ພຣະເຈົ້າ ໄດ້ເຮັດເພື່ອພວກເຂົາ.</li><li>ພຣະເຈົ້າໄດ້ສັ່ງໃຫ້ບັນດາປະໂລຫິດຂອງອິດສະຣາເອນ ສວມໃສ່ເສື້ອຄຸມພິເສດ ທີ່ໃສ່ສີລາຈາລຶກໄວ້ ເພື່ອໃຫ້ເປັນເຄື່ອງເຕືອນຄວາມຊົງຈຳ. ໃນສິລາຈາລຶກເຫລົ່ານີ້ ໄດ້ແກະສະຫລັກຊື່ຂອງສິບສອງຊົນເຜົ່າຂອງອິດສະຣາເອນໃສ່. ບາງເທື່ອ ສິ່ງເຫລົ່ານີ້ ຈະຊ່ວຍເຕືອນໃຫ້ພວກເຂົາຈື່ວ່າ ຄວາມສັດຊື່ຂອງພຣະເຈົ້າ ມີໃຫ້ພວກເຂົາສະເໝີ.</li><li>ໃນພຣະຄັມພີໃໝ່, ພຣະເຈົ້າ ໄດ້ໃຫ້ກຽດແກ່ຊາຍຄົນໜຶ່ງ ຄື ໂກເນລີອຸດ ເພາະລາວໄດ້ໃຫ້ທານແກ່ຜູ້ຍາກຈົນ. ການໃຫ້ທານທີ່ໄດ້ເຮັດນີ້ ຈິ່ງຖືກເອີ້ນວ່າເປັນ "ທີ່ລະນຶກເຖິງ" ຕໍ່ພຣະພັກພຣະເຈົ້າ.</li></ul><h3 id="section-2">ຄຳແນະນຳໃນການແປ</h3><ul><li>ນີ້ຍັງສາມາດແປໄດ້ອີກວ່າ, "ການເຕືອນທີ່ຍາວນານ."</li><li>"ສີລາຈາລຶກ" ສາມາດແປໄດ້ອີກວ່າ, "ສີລາເພື່ອເຕືອນພວກເຂົາ."</li></ul>  
memphis	<h2 id="section">@ເມັມຟິດ</h2><h3 id="section-1">ຂໍ້ເທັດຈິງ</h3><p>ເມັມຟິດ ແມ່ນນະຄອນຫລວງບູຮານຂອງປະເທດອີຢິບ, ຕັ້ງຢູ່ແຄມແມ່ນ້ຳນິນ.</p><ul><li>ເມັມຟິດ ແມ່ນຕັ້ງຢູ່ບໍລິເວນທາງໃຕ້ຂອງປະເທດອີຢິບ, ສະເພາະແຕ່ທາງທິດໃຕ້ເຂດສາມຫລຽມຂອງແມ່ນ້ຳນິນ, ເຊິ່ງເປັນບ່ອນທີ່ອຸດົມສົມບູນຫລາຍ ແລະ ເຕັມໄປດ້ວຍພືດຜົນຫລາຍຊະນິດ.</li><li>ເນື່ອງຈາກວ່າ ເປັນບ່ອນທີ່ດິນມີຄວາມອຸດົມສົມບູນ ແລະ ສະຖານທີ່ກໍຕັ້ງຢູ່ລະຫວ່າງກາງຂອງອີຢິບທາງເໜືອແລະທາງໃຕ້ ຈິ່ງເຮັດໃຫ້ເມືອງເມັມຟິດກາຍເປັນເມືອງສຳຄັນໃນການຄ້າຂາຍ.</li></ul>  
mercy	<h2 id="section">@ເມດຕາ, @ເຕັມໄປດ້ວຍຄວາມເມດຕາ</h2><h3 id="section-1">ນິຍາມ</h3><p>ຄຳວ່າ "ເມດຕາ" ຫລື "ເຕັມໄປດ້ວຍຄວາມເມດຕາ" ບົ່ງບອກເຖິງການໃຫ້ຄວາມຊ່ວຍເຫລືອກັບຄົນທີ່ຕ້ອງການຄວາມຊ່ວຍເຫລືອ, ໂດຍສະເພາະ ເວລາທີ່ຄົນເຫລົ່ານັ້ນໄດ້ຮັບຄວາມລຳບາກ.</p><ul><li>ຄຳວ່າ "ເມດຕາ" ຍັງສາມາດລວມເອົາຄວາມໝາຍຂອງການບໍ່ໄດ້ລົງໂທດຄົນທີ່ເຮັດບາງສິ່ງບາງຢ່າງຜິດພາດ.</li><li>ບຸກຄົນທີ່ເຕັມໄປດ້ວຍອຳນາດ ຄືດັ່ງກະສັດທີ່ໄດ້ຖືກອະທິບາຍໄວ້ວ່າ "ເຕັມດ້ວຍຄວາມເມດຕາ" ເມື່ອກະສັດອົງນັ້ນ ປະຕິບັດຕໍ່ປະຊາຊົນດ້ວຍໃຈເມດຕາປານີ ບໍ່ແມ່ນດ້ວຍໃຈໂຫດຮ້າຍຕໍ່ພວກເຂົາ.</li><li>ການເຕັມໄປດ້ວຍຄວາມເມດຕາ ຍັງໝາຍເຖິງ ການໃຫ້ອະພັຍແກ່ຄົນທີ່ເຮັດຜິດຕໍ່ເຮົາ.</li><li>ເຮົາໄດ້ສະແດງຄວາມເມດຕາແລ້ວ ເວລາທີ່ເຮົາໄດ້ຊ່ວຍເຫລືອຄົນທີ່ຕ້ອງການການຊ່ວຍເຫລືອຢ່າງຮີບດ່ວນ.</li><li>ພຣະເຈົ້າມີຄວາມເມດຕາຕໍ່ພວກເຮົາ, ແລະ ພຣະອົງ ກໍຕ້ອງ ການໃຫ້ພວກເຮົາ ມີຄວາມເມດຕາຕໍ່ຄົນອື່ນ.</li></ul><h3 id="section-2">ຄຳແນະນຳໃນການແປ</h3><ul><li>ແຕ່ນັ້ນກໍຂຶ້ນຢູ່ກັບເນື້ອໃນຂອງເລື່ອງທັງໝົດ "ຄວາມເມດຕາ" ສາມາດແປໄດ້ອີກວ່າ, "ຄວາມກະລຸນາ" ຫລື "ຄວາມເຫັນໃຈ" ຫລື "ຄວາມອີດູຕົນສົງສານ."</li><li>ຄຳວ່າ "ເຕັມໄປດ້ວຍຄວາມເມດຕາ"  ສາມາດແປໄດ້ອີກວ່າ, "ມີຄວາມຮູ້ສຶກອີດູຕົນສົງສານ" ຫລື "ມີໃຈກະລຸນາຕໍ່" ຫລື "ຍົກໂທດໃຫ້ແກ່."</li><li>"ສະແດງຄວາມເມດຕາແກ່" ຫລື "ມີຄວາມເມດຕາຕໍ່" ສາມາດແປໄດ້ອີກວ່າ, "ປະຕິບັດດ້ວຍໃຈກະລຸນາ"  ຫລື "ມີຄວາມກະລຸນາສົງສານຕໍ່."</li></ul>  
meshech	<h2 id="section">@ເມເຊັກ</h2><h3 id="section-1">ຂໍ້ເທັດຈິງ</h3><p>ເມເຊັກ ແມ່ນຊື່ຂອງຜູ້ຊາຍສອງຄົນໃນພຣະຄັມພີເດີມ.</p><ul><li>ເມເຊັກ ຜູ້ໜຶ່ງ ເປັນລູກຊາຍຂອງຢາເຟດ.</li><li>ເມເຊັກ ອີກຄົນໜຶ່ງ ແມ່ນຫລານຊາຍຂອງ ເຊມ.</li><li>ເມເຊັກ ຍັງແມ່ນຊື່ຂອງດິນແດນ, ເຊິ່ງອາດຈະຕັ້ງຊື່ຕາມຊາຍຄົນນີ້.</li><li>ດິນແດນຂອງເມເຊັກ ອາດຈະຕັ້ງຢູ່ໃນບາງສ່ວນຂອງປະເທດຕຸຣະກີໃນປະຈຸບັນ.</li></ul>  
mesopotamia	<h2 id="section">@ເມໂສໂປເຕເມຍ, @ອາຣາມ @ນາຫະຣາອິມ</h2><h3 id="section-1">ຂໍ້ເທັດຈິງ</h3><p>ເມໂສໂປເຕເມຍ ແມ່ນພື້ນທີ່ຂອງດິນແດນທີ່ຢູ່ລະຫວ່າງແມ່ນ້ຳຕີກຣິດ ແລະ ຢູເຟຣຕິດ. ສະຖານທີ່ຕັ້ງຂອງດິນແດນນີ້ ແມ່ນບໍລິເວນເຂດແດນຂອງປະເທດອີຣັກໃນປະຈຸບັນນີ້.</p><ul><li>ໃນພຣະຄຳພີເດີມ, ດິນແດນແຫ່ງນີ້ ຖືກເອີ້ນວ່າເປັນ "ອາຣາມ ນາຫະຣາອິມ."</li><li>ຄຳວ່າ "ເມໂສໂປເຕເມຍ" ໝາຍເຖິງ "ຢູ່ລະຫວ່າງແມ່ນ້ຳ." ປະໂຫຍກທີ່ບອກວ່າ  "ອາຣາມ ນາຫະຣາອິມ" ໝາຍຄວາມວ່າ "ອາຣາມ ຂອງແມ່ນ້ຳສອງສາຍ."</li><li>ອັບຣາຮາມ ໄດ້ອາໃສຢູ່ໃນເມືອງຕ່າງໆ ທີ່ຢູ່ໃນບໍລິເວນເຂດແດນເມໂສໂປເຕເມຍ ຄື ເມືອງເອີແລະຮາຣານ ກ່ອນທີ່ລາວຈະອົບພະຍົບໄປດິນແດນການາອານ.</li><li>ນະຄອນບາບີໂລນ ເປັນນະຄອນທີ່ສຳຄັນແຫ່ງໜຶ່ງ ຂອງດິນແດນເມໂສໂປເຕເມຍ.</li><li>ພາກພື້ນທີ່ເອີ້ນວ່າ "ເຄເດຍ" ແມ່ນສ່ວນໜຶ່ງຂອງດິນແດນເມໂສໂປເຕເມຍ.</li></ul>  
messenger	<h2 id="section">@ຜູ້ສົ່ງຂ່າວສານ</h2><h3 id="section-1">ນິຍາມ</h3><p>ຄຳວ່າ, ຜູ້ສົ່ງຂ່າວສານ ບົ່ງບອກເຖິງບາງຄົນທີ່ໄດ້ຮັບການມອບ ໝາຍໜ້າທີ່ໃຫ້ໄປສົ່ງຂ່າວ ເພື່ອໃຫ້ຄົນອື່ນຮູ້.</p><ul><li>ໃນສະໄໝບູຮານ, ຜູ້ສົ່ງຂ່າວສານ ແມ່ນຄົນທີ່ຖືກສົ່ງຈາກສະໜາມຮົບ ເຂົ້າໄປໃນເມືອງ ເພື່ອສົ່ງຂ່າວໃຫ້ຄົນທີ່ຢູ່ໃນເມືອງຮູ້ວ່າ ມີຫຍັງເກີດຂຶ້ນແດ່.</li><li>ທູດສະຫວັນ ແມ່ນທູດພິເສດ ເປັນຜູ້ສົ່ງຂ່າວທີ່ພຣະເຈົ້າໃຊ້ອອກໄປ ເພື່ອບອກຂ່າວໃຫ້ມະນຸດຮູ້. ໃນບາງສະບັບແປຄຳວ່າ "ທູດສະຫວັນ" ເປັນຄຳວ່າ "ຜູ້ສົ່ງຂ່າວສານ."</li><li>ໂຢຮັນ ບັບຕິສະໂຕ ຖືກເອີ້ນວ່າ ເປັນຄົນສົ່ງຂ່າວ ມາກ່ອນເພື່ອມາປະກາດການສະເດັດມາຂອງພຣະເມຊິອາ ແລະ ເພື່ອຕຽມຄົນຂອງພຣະອົງໃຫ້ພ້ອມໃນການຮັບໃຊ້.</li><li>ພວກສາວົກຂອງພຣະເຢຊູເຈົ້າ ກໍເປັນຜູ້ສົ່ງຂ່າວສານ ຄື ອອກໄປປະກາດຂ່າວປະເສີດເລື່ອງອານາຈັກຂອງພຣະເຈົ້າ ໃຫ້ແກ່ຄົນອື່ນໆ.</li></ul>  
micah	<h2 id="section">@ມີກາ</h2><h3 id="section-1">ຂໍ້ເທັດຈິງ</h3><p>ມີກາ ແມ່ນຜູ້ປະກາດພຣະທັມ ໃນອານາຈັກຢູດາ ປະມານ 700 ປີ ກ່ອນຄຣິສຕະສັກກະຣາດ, ໃນເວລາດຽວກັນກັບຜູ້ປະກາດພຣະທັມເອຊາຢາ ຍັງເຮັດວຽກຢູ່ແຂວງຢູດາ. ຜູ້ຊາຍອີກຄົນໜຶ່ງທີ່ຊື່ ມີກາ ແມ່ນມີຊີວິດຢູ່ໃນສະໄໝຂອງພວກຜູ້ປົກຄອງ.</p><ul><li>ພຣະທັມມີກາ ແມ່ນພຣະທັມທີ່ຢູ່ເກືອບທ້າຍໆ ຂອງພຣະຄັມພີເດີມ.</li><li>ມີກາ ໄດ້ທຳນວາຍເຖິງການຫລົ້ມຈົມຂອງຊາວຊາມາເຣຍ ໂດຍຊາວອັດຊີເຣຍ.</li><li>ມີກາ ໄດ້ກ່າວຕຳນິປະຊາຊົນຢູດາ ເພາະພວກເຂົາບໍ່ຟັງຄວາມພຣະເຈົ້າ ແລະ ໄດ້ເຕືອນພວກເຂົາວ່າ ສັດຕູຈະມາບຸກໂຈມຕີພວກເຂົາ.</li><li>ໃນຄຳທຳນວາຍນັ້ນ ຍັງລົງທ້າຍດ້ວຍຖ້ອຍຄຳແຫ່ງຄວາມຫວັງໃນພຣະເຈົ້າ ຜູ້ຊົງສັດຊື່ ແລະ ຈະຊ່ວຍກູ້ປະຊາຊົນຂອງພຣະອົງ.</li><li>ໃນພຣະທັມພວກຜູ້ປົກຄອງ, ໄດ້ບອກເລື່ອງຂອງຜູ້ຊາຍຄົນໜຶ່ງທີ່ຊື່ ມີກາ ເຊິ່ງອາໃສຢູ່ໃນເຂດແດນເອຟຣາອິມ ເປັນຜູ້ທີ່ສ້າງຮູບເຄົາລົບຈາກເງິນ. ປະໂລຫິດທີ່ຍັງເປັນຄົນໜຸ່ມຄົນໜຶ່ງ ເຊິ່ງເປັນຊາວເລວີ ໄດ້ມາອາໃສຢູ່ກັບຊາຍຜູ້ນີ້ ແລະໄດ້ລັກເອົາຮູບເຄົາລົບ ແລະ ເຄື່ອງຂອງອື່ນໆ, ແລ້ວກໍໜີໄປກັບຊົນເຜົ່າດານ. ສຸດທ້າຍ ຊົນເຜົ່າດານແລະປະໂລຫິດໜຸ່ມຄົນນັ້ນ ກໍມາຕັ້ງຖິ່ນຖານຢູ່ເມືອງລາອິດ ແລະ ພວກເຂົາກໍໄດ້ເອົາຮູບເຄົາລົບທີ່ເຮັດຈາກເງິນນັ້ນມາຕັ້ງໄວ້ ເພື່ອນະມັດສະການ.</li></ul>  
michael	<h2 id="section">@ມີຄາເອນ</h2><h3 id="section-1">ຂໍ້ເທັດຈິງ</h3><p>ມີຄາເອນ ເປັນຫົວໜ້າຂອງພວກທູດສະຫວັນຜູ້ບໍຣິສຸດ, ເປັນທູດສະຫວັນທີ່ເຊື່ອຟັງ. ລາວແມ່ນທູດສະຫວັນຕົນດຽວ ທີ່ຖືກບົ່ງບອກໂດຍກົງວ່າເປັນ "ຫົວໜ້າທູດສະຫວັນ" ຂອງພຣະເຈົ້າ.</p><ul><li>ຄຳວ່າ "ຫົວໜ້າທູດສະຫວັນ" ຄວາມໝາຍຕາມໂຕອັກສອນແມ່ນ "ຫົວໜ້າຂອງທູດສະຫວັນ" ຫລື "ຜູ້ປົກຄອງທູດສະຫວັນ."</li><li>ມີຄາເອນ ແມ່ນນົກຮົບ ທີ່ຕໍ່ສູ້ກັບສັດຕູຂອງພຣະເຈົ້າ ທັງຄຸ້ມຄອງຮັກສາປະຊາຊົນຂອງພຣະເຈົ້າ.</li><li>ລາວໄດ້ນຳພາອິດສະຣາເອນ ຕໍ່ສູ້ກັບກອງທະຫານຂອງເປິເຊຍ. ໃນເວລາສຸດທ້າຍ ລາວຈະນຳພາກອງກຳລັງຂອງອິດສະຣາເອນ ໃນການຕໍ່ສູ້ເທື່ອສຸດທ້າຍກັບກອງກຳລັງຂອງຄວາມຊົ່ວຮ້າຍ ຕາມທີ່ໄດ້ທຳນວາຍໄວ້ໃນພຣະທັມດານີເອນ.</li><li>ໃນພຣະຄັມພີ ມີຜູ້ຊາຍຫລາຍຄົນທີ່ຊື່ ມີຄາເອນ. ມີຜູ້ຊາຍຫລາຍຄົນທີ່ຖືກເອິ້ນວ່າເປັນ "ລູກຊາຍຂອງມີຄາເອນ."</li></ul>  
midian	<h2 id="section">@ມີດີອານ, @ຊາວມີດີອານ</h2><h3 id="section-1">ຂໍ້ເທັດຈິງ</h3><p>ມີດີອານ ແມ່ນລູກຊາຍຂອງອັບຣາຮາມກັບນາງເກຕຸຣາ. ມັນຍັງແມ່ນຊື່ຂອງຊົນຊາດໜຶ່ງ ແລະ ບໍລິເວນທີ່ຕັ້ງຢູ່ທາງເໜືອຂອງທະເລຊາຍອາຣາເບຍ ຈົນຮອດທາງໃຕ້ຂອງແຜ່ນດິນການາອານ. ຄົນທີ່ຢູ່ໃນຊົນຊາດນີ້ ຖືກເອິ້ນວ່າ "ຊາວມີດີອານ."</p><ul><li>ເມື່ອໂມເຊ ໄດ້ອອກຈາກປະເທດເອຢິບເທື່ອທຳອິດ, ລາວໄດ້ໄປເຖິງເຂດແດນມີດີອານ ເຊິ່ງຢູ່ທີ່ນັ້ນ ລາວໄດ້ພົບກັບພວກລູກສາວຂອງເຢທະໂຣ ແລະໄດ້ຊ່ວຍເອົານ້ຳໃຫ້ສັດລ້ຽງຂອງພວກນາງ. ຕໍ່ມາ ໂມເຊກໍໄດ້ແຕ່ງງານກັບລູກສາວຄົນໜຶ່ງຂອງເຢທະໂຣ.</li><li>ໂຢເຊັບ ຖືກຈັບໄປເປັນທາດຢູ່ປະເທດເອຢິບ ກໍໂດຍຊາວມີດີອານທີ່ເປັນພວກຄ້າຂາຍທາດ.</li><li>ຫລາຍປີຕໍ່ມາ ຊາວມີດີອານໄດ້ບຸກໂຈມຕີ ແລະປຸ້ນເອົາເຄື່ອງຂອງ ຂອງຊາວອິດສະຣາເອນໃນແຜ່ນດິນການາອານ. ກິເດໂອນ ຈິ່ງໄດ້ນຳພາຊາວອິດສະຣາເອນຕໍ່ສູ້ກັບຊາວມີດີອານ.</li><li>ຊົນເຜົ່າອາຫຣັບສະໄໝໃໝ່ຫລາຍຊົນເຜົ່າ ກໍສືບເຊື້ອສາຍມາຈາກກຸ່ມນີ້.</li></ul>  
mighty	<h2 id="section">@ເຕັມດ້ວຍຣິດເດດ, @ຣິດທານຸພາບ</h2><h3 id="section-1">ນິຍາມ</h3><p>ຄຳວ່າ "ເຕັມດ້ວຍຣິດເດດ" ແລະ "ຣິດທານຸພາບ" ບົ່ງບອກເຖິງການມີພະລັງ ຫລືມີອຳນາດຍິ່ງໃຫຍ່.</p><ul><li>ມີຫລາຍເທື່ອທີ່ຄຳວ່າ "ຣິດທານຸພາບ" ແມ່ນໃຊ້ຄຳອື່ນ ຄືຄຳວ່າ "ກຳລັງ."  ແຕ່ຕອນໃດທີ່ເວົ້າກ່ຽວກັບພຣະເຈົ້າ, ມັນສາມາດແປວ່າ "ພະລັງ."</li><li>ຄຳເວົ້າ, "ພວກຜູ້ຊາຍທີ່ມີຣິດເດດ" ສ່ວນຫລາຍມັກບົ່ງບອກເຖິງພວກຜູ້ຊາຍທີ່ມີຄວາມກ້າຫານ ແລະມີໄຊຊະນະໃນການຕໍ່ສູ້. ໃນວົງດົນຕຣີຂອງດາວິດ ມີຜູ້ຊາຍຫລາຍຄົນທີ່ມີທັງຄວາມສັດຊື່ ແລະ ຊ່ວຍຄຸ້ມຄອງຮັກສາລາວ ເຊິ່ງຈະເອີ້ນຄົນເຫລົ່ານັ້ນວ່າແມ່ນ "ຜູ້ຊາຍທີ່ມີຣິດເດດ."</li><li>ເຊັ່ນດຽວກັນ ພຣະເຈົ້າ ຄືຜູ້ທີ່ຖືກບົ່ງບອກໄວ້ຢ່າງຊັດເຈນວ່າ "ເປັນອົງຜູ້ຊົງຣິດເດດ."</li><li>ຄຳເວົ້າ, ກິດຈະການທີ່ເຕັມດ້ວຍຣິດທານຸພາບ ຕາມປົກກະຕິຈະບົ່ງບອກເຖິງສິ່ງມະຫັດສະຈັນຕ່າງໆ ທີ່ພຣະເຈົ້າຊົງກະທຳ, ໂດຍສະເພາະເລື່ອງການອັດສະຈັນຕ່າງໆ.</li><li>ຄຳນີ້ ເຊື່ອມໂຍງກັບຄຳວ່າ, ຜູ້ຊົງຣິດທານຸພາບສູງສຸດ, ເຊິ່ງເປັນຄຳທີ່ໃຊ້ອະທິບາຍສຳລັບພຣະເຈົ້າ, ມີຄວາມໝາຍວ່າ ພຣະອົງ ຄືຜູ້ທີ່ມີຣິດອຳນາດຄົບຖ້ວນສົມບູນ.</li></ul><h3 id="section-2">ຄຳແນະນຳໃນການແປ</h3><ul><li>ຂຶ້ນຢູ່ກັບເນື້ອໃນຂອງເລື່ອງ, ຄຳວ່າ "ເຕັມດ້ວຍຣິດເດດ" ສາມາດແປໄດ້ອີກວ່າ  "ເຕັມດ້ວຍອຳນາດ" ຫລື "ມະຫັດສະຈັນ" ຫລື "ມີກຳລັງຫລາຍ."</li><li>ປະໂຫຍກ "ຣິດທານຸພາບຂອງພຣະອົງ" ສາມາດແປໄດ້ອີກວ່າ "ກຳລັງຂອງພຣະອົງ" ຫລື "ອຳນາດຂອງພຣະອົງ."</li><li>ໃນພຣະທຳກິດຈະການ ບົດທີ 7, ໄດ້ບັນລະຍາຍເຖິງໂມເຊວ່າ "ທັງຄຳເວົ້າແລະການກະທຳເຕັມດ້ວຍຣິດເດດ." ນີ້ກໍສາມາດແປໄດ້ວ່າ, "ໂມເຊໄດ້ເວົ້າຖ້ອຍຄຳທີ່ມີຣິດອຳນາດຈາກພຣະເຈົ້າ ແລະ ໄດ້ເຮັດສິ່ງຕ່າງໆ ທີ່ມະຫັດສະຈັນ" ຫລື "ໂມເຊໄດ້ເວົ້າຖ້ອຍຄຳທີ່ມີພະລັງຂອງພຣະເຈົ້າ ແລະ ໄດ້ເຮັດສິ່ງທີ່ອັດສະຈັນຕ່າງໆ."</li><li>ຂຶ້ນຢູ່ກັບເນື້ອໃນຂອງເລື່ອງ, "ກິດຈະການທີ່ເຕັມດ້ວຍຣິດທານຸພາບ" ສາມາດແປໄດ້ອີກວ່າ, "ທຸກສິ່ງທີ່ມະຫັດສະຈັນນັ້ນ ແມ່ນພຣະເຈົ້າເປັນຜູ້ກະທຳ" ຫລື "ສິ່ງມະຫັດສະຈັນຕ່າງໆ" ຫລື "ພຣະເຈົ້າກະທຳທຸກສິ່ງດ້ວຍຣິດອຳນາດ."</li><li>ຄຳວ່າ "ຣິດທານຸພາບ" ສາມາດແປໄດ້ອີກວ່າ "ອຳນາດ" ຫລື "ພະລັງຍິ່ງໃຫຍ່."</li><li>ຢ່າສັບສົນຄຳນີ້ກັບຄຳໃນພາສາອັງກິດ ທີ່ຖືກໃຊ້ເພື່ອສະແດງຄວາມເປັນໄປໄດ້, ເຊັ່ນ "ຝົນມັນອາດຈະຕົກ."</li></ul>  
mind	<h2 id="section">@ຄວາມຄິດຈິດໃຈ</h2><h3 id="section-1">ນິຍາມ</h3><p>ຄຳວ່າ "ຄວາມຄິດຈິດໃຈ" ບົ່ງບອກເຖິງສ່ວນໜຶ່ງຂອງບຸກຄົນທີ່ຄິດສິ່ງນັ້ນ ແລະ ຕັດສິນໃຈລົງມືເຮັດ.</p><ul><li>ຄວາມຄິດຈິດໃຈຂອງແຕ່ລະຄົນ ແມ່ນລວມທັງໝົດຂອງຄວາມຄິດ ແລະ ການໃຊ້ເຫດຜົນຂອງເຂົາຫລືລາວ.</li><li>ການ "ມີຄວາມຄິດຈິດໃຈເໝືອນພຣະເຢຊູເຈົ້າ" ໝາຍຄວາມວ່າ  ສິ່ງໃດທີ່ຈະຄິດແລະຈະກະທຳ ຕ້ອງຄືກັບສິ່ງທີ່ພຣະເຢຊູເຈົ້າຄິດແລະກະທຳ.  ໝາຍຄວາມວ່າ ຍອມເຊື່ອຟັງພຣະເຈົ້າພຣະບິດາ, ເຊື່ອຟັງຄຳສັ່ງສອນຈາກພຣະເຢຊູເຈົ້າ, ຈະເຮັດໄດ້ໂດຍການນຳພາຂອງພຣະວິນຍານບໍຣິສຸດເຈົ້າ.</li><li>"ປ່ຽນແປງຄວາມຄິດຈິດໃຈ" ໝາຍຄວາມວ່າ ບາງຄົນໄດ້ຕັດສິນໃຈຕ່າງໄປອີກຢ່າງໜຶ່ງ ຫລື ຄິດຕ່າງກັບໂຕເກົ່າທີ່ລາວເຄີຍຄິດມາກ່ອນ.</li></ul><h3 id="section-2">ຄຳແນະນຳໃນການແປ</h3><ul><li>ຄຳວ່າ "ຄວາມຄິດຈິດໃຈ" ຍັງສາມາດແປໄດ້ອີກວ່າ "ຄວາມຄິດ" ຫລື "ເຫດຜົນ" ຫລື "ການຄິດ" ຫລື "ການເຂົ້າໃຈ."</li><li>ຄຳເວົ້າທີ່ວ່າ, "ຈື່ໄວ້ໃນຄວາມຄິດຈິດໃຈ" ສາມາດແປໄດ້ວ່າ "ໃຫ້ຈື່ຈຳ" ຫລື "ໃຫ້ຄວາມສົນໃຈ" ຫລື "ໃຫ້ຮູ້ໄວ້ວ່າ."</li><li>ຄຳເວົ້າທີ່ວ່າ,  "ຈິດໃຈ, ຈິດວິນຍານ, ແລະ ຄວາມຄິດຈິດໃຈ" ສາມາດແປໄດ້ອີກວ່າ, "ສິ່ງທີ່ເຈົ້າຮູ້ສຶກ, ສິ່ງທີ່ເຈົ້າເຊື່ອ, ແລະ ສິ່ງທີ່ເຈົ້າຄິດເຖິງ."</li><li>ຄຳເວົ້າທີ່ວ່າ "ຫາກະຄຶດໄດ້ວ່າ" ສາມາດແປໄດ້ວ່າ, "ຈື່ໄດ້ວ່າ" ຫລື "ຄິດກ່ຽວກັບ."</li><li>ຄຳເວົ້າທີ່ວ່າ,"ປ່ຽນຄວາມຄິດແລ້ວໄປຕໍ່" ສາມາດແປໄດ້ອີກວ່າ, "ຕັດສິນໃຈບໍ່ຄືເກົ່າແລ້ວໄປຕໍ່" ຫລື "ໄດ້ຕັດສິນໃຈທັງໝົດແລ້ວ" ຫລື "ປ່ຽນຄວາມຄິດແລ້ວໄປຕໍ່."</li></ul>  
minister	<h2 id="section">@ຜູ້ຮັບໃຊ້, @ວຽກງານຮັບໃຊ້</h2><h3 id="section-1">ນິຍາມ</h3><p>ໃນພຣະຄັມພີ, ຄຳວ່າ, "ຜູ້ຮັບໃຊ້" ແລະ "ວຽກງານຮັບໃຊ້" ເປັນການບົ່ງບອກເຖິງ ການຮັບໃຊ້ຄົນອື່ນ ໂດຍການສອນພຣະຄັມຂອງພຣະເຈົ້າ ແລະ ການລ້ຽງດູຝ່າຍວິນຍານຂອງພວກເຂົາ. ຄຳວ່າ "ຜູ້ຮັບໃຊ້"  ສາມາດໃຊ້ກ່າວເຖິງຄົນທີ່ຮັບໃຊ້ຄົນອື່ນໃນແບບດຽວກັນນີ້.</p><ul><li>ໃນພຣະຄັມພີເດີມ, ປະໂລຫິດຈະ "ບົວລະບັດຮັບໃຊ້" ພຣະເຈົ້າໃນພຣະວິຫານ ໂດຍການຖວາຍເຄື່ອງເຜົາບູຊາແດ່ພຣະອົງ.</li><li>"ວຽກງານຮັບໃຊ້" ຂອງປະໂລຫິດ ຍັງລວມທັງການເບິ່ງແຍງພຣະວິຫານ ແລະ ເປັນໂຕແທນຂອງປະຊາຊົນໃນການອະທິຖານຕໍ່ພຣະເຈົ້າ.</li><li>ໃນພຣະຄັມພີໃໝ່, ຄຳວ່າ "ຜູ້ຮັບໃຊ້" ໃນຂ່າວປະເສີດ ແມ່ນໝາຍເຖິງ ບາງຄົນທີ່ໄດ້ສັ່ງສອນຖ້ອຍຄຳໃຫ້ປະຊາຊົນໄດ້ຮັບຄວາມພົ້ນ ໂດຍຄວາມເຊື່ອໃນພຣະເຢຊູເຈົ້າ. ບາງເທື່ອ ກໍເອິ້ນຜູ້ຮັບໃຊ້ວ່າ "ຄົນຮັບໃຊ້."</li><li>ໃນວຽກງານບົວລະບັດຮັບໃຊ້ປະຊາຊົນນັ້ນ ຍັງລວມທັງການລ້ຽງດູຝ່າຍຈິດວິນຍານ ໂດຍສອນພວກເຂົາເຖິງເລື່ອງຂອງພຣະເຈົ້າ.</li><li>ມັນຍັງສາມາດບົ່ງບອກເຖິງການຮັບໃຊ້ປະຊາຊົນໃນທາງດ້ານຮ່າງກາຍອີກ, ເຊັ່ນ ການເບິ່ງແຍງຄົນເຈັບປ່ວຍ ແລະ ການເອົາອາຫານໃຫ້ຄົນທຸກຍາກ.</li></ul><h3 id="section-2">ຄຳແນະນຳໃນການແປ</h3><ul><li>ໃນເນື້ອໃນກ່ຽວກັບການຮັບໃຊ້ປະຊາຊົນ, "ການຮັບໃຊ້" ສາມາດແປໄດ້ວ່າ "ຮັບໃຊ້" ຫລື "ເບິ່ງແຍງ" ຫລື "ຕອບສະໜອງຄວາມຈຳເປັນຂອງ."</li><li>ເມື່ອໃຊ້ກ່າວອ້າງເຖິງການຮັບໃຊ້ໃນພຣະວິຫານ, ຄຳວ່າ "ຜູ້ຮັບໃຊ້" ສາມາດແປໄດ້ວ່າ "ຮັບໃຊ້ພຣະເຈົ້າໃນພຣະວິຫານ" ຫລື  "ຖວາຍເຄື່ອງເຜົາບູຊາແດ່ພຣະເຈົ້າ ເພື່ອປະຊາຊົນ."</li><li>ໃນເນື້ອໃນຂອງເລື່ອງທີ່ກ່ຽວຂ້ອງກັບການຮັບໃຊ້ພຣະເຈົ້າ, ນີ້ຍັງສາມາດແປໄດ້ອີກວ່າ "ຮັບໃຊ້" ຫລື "ການເຮັດວຽກເພື່ອພຣະເຈົ້າ."</li><li>ຄຳເວົ້າວ່າ "ບົວລະບັດ" ສາມາດແປໄດ້ອີກວ່າ "ເບິ່ງແຍງສຳລັບ" ຫລື "ຈັດຕຽມສຳລັບ" ຫລື "ໄດ້ຊ່ວຍ."</li></ul>  
miracle	<h2 id="section">@ການອັດສະຈັນ, @ສິ່ງມະຫັດສະຈັນ, @ໝາຍສຳຄັນ</h2><h3 id="section-1">ນິຍາມ</h3><p>"ການອັດສະຈັນ" ແມ່ນບາງສິ່ງທີ່ໜ້າງຶດງໍ້ປະຫລາດໃຈ ທີ່ບໍ່ໜ້າຈະເປັນໄປໄດ້  ນອກຈາກພຣະເຈົ້າ ຈະເຮັດໃຫ້ສິ່ງນັ້ນເກີດຂຶ້ນ.</p><ul><li>ຕົວຢ່າງການອັດສະຈັນທີ່ພຣະເຢຊູໄດ້ເຮັດແລ້ວ ເຊັ່ນ ຫ້າມລົມພາຍຸ ແລະ ຊ່ວຍຊາຍຕາບອດໃຫ້ເຫັນຮຸ່ງ.</li><li>ບາງເທື່ອກໍເອິ້ນການອັດສະຈັນວ່າ "ມະຫັດສະຈັນ" ເພາະວ່າ ສິ່ງເຫລົ່ານັ້ນໄດ້ເຮັດໃຫ້ຄົນທັງຫລາຍຮູ້ສຶກງຶດງໍ້ແລະປະຫລາດໃຈ.</li><li>ຄຳວ່າ "ມະຫັດສະຈັນ" ຍັງສາມາດບົ່ງບອກເຖິງການສຳແດງຣິດທານຸພາບຂອງພຣະເຈົ້າໄດ້ອີກ, ເຊັ່ນ ຕອນພຣະອົງນີຣະມິດສ້າງຟ້າສະຫວັນ ແລະ ຜືນແຜ່ນດິນໂລກ.</li><li>ການອັດສະຈັນ ສາມາດເອີ້ນອີກແບບໜຶ່ງວ່າ "ໝາຍສຳຄັນ" ເພາະວ່າສິ່ງເຫລົ່ານີ້ ແມ່ນບົ່ງບອກ ຫລື ເປັນຫລັກຖານບອກວ່າ ພຣະເຈົ້າຊົງເຕັມດ້ວຍຣິດທານຸພາບສູງສຸດ ຊົງຢູ່ເໜືອໂລກຈັກກະວານນີ້.</li><li>ການອັດສະຈັນບາງຢ່າງ ແມ່ນການຊ່ວຍໄຖ່ໃຫ້ພົ້ນຂອງພຣະເຈົ້າ, ເຊັ່ນ ຕອນທີ່ພຣະອົງ ຊ່ວຍຊົນຊາດອິດສະຣາເອນໃຫ້ພົ້ນຈາກການເປັນທາດໃນປະເທດເອຢິບ ແລະ ຕອນທີ່ພຣະອົງຊ່ວຍຮັກສາ ດານີເອນ ໃຫ້ພົ້ນຈາກການກັດກິນຂອງສິງໂຕ ເປັນຕົ້ນ.</li><li>ການອັດສະຈັນອື່ນໆ ອາດຈະໝາຍເຖິງການພິພາກສາຂອງພຣະເຈົ້າ, ເຊັ່ນ ຕອນພຣະອົງເຮັດໃຫ້ນ້ຳຖ້ວມໂລກໃນສະໄໝຂອງໂນອາ ແລະ ຕອນທີ່ພຣະອົງ ສົ່ງພັຍພິບັດມາເໜືອແຜ່ນດິນປະເທດເອຢິບ ໃນສະໄໝຂອງໂມເຊ.</li><li>ການອັດສະຈັນຫລາຍຢ່າງຂອງພຣະເຈົ້າ ແມ່ນການປິ່ນປົວຮັກສາຄົນເຈັບໄຂ້ປ່ວຍໂຊ ຫລື ເຮັດໃຫ້ຄົນທີ່ຕາຍແລ້ວ ເປັນຄືນຂຶ້ນມາມີຊີວິດອີກ.</li><li>ຣິດອຳນາດຂອງພຣະເຈົ້າ ຈະສຳແດງຜ່ານທາງພຣະເຢຊູເຈົ້າ ໃນຂະນະທີ່ພຣະອົງຊ່ວຍປິ່ນປົວຮັກສາຄົນ, ຫ້າມລົມພາຍຸ, ຍ່າງເທິງໜ້ານ້ຳ, ແລະ ຊ່ວຍຄົນໃຫ້ເປັນຄືນມາຈາກຕາຍ. ສິ່ງທັງໝົດນີ້ແມ່ນການອັດສະຈັນ.</li><li>​  ພຣະເຈົ້າ ຍັງໃຫ້ພວກຜູ້ປະກາດພຣະທັມ ແລະ ພວກອັກຄະສາວົກ ເຮັດການອັດສະຈັນ ເພື່ອປິ່ນປົວຮັກສາ ແລະ ເຮັດຫລາຍສິ່ງຫລາຍຢ່າງ ໃຫ້ເປັນໄປໄດ້ ໂດຍຜ່ານທາງຣິດອຳນາດຂອງພຣະເຈົ້າ ເທົ່ານັ້ນ.</li></ul><h3 id="section-2">ຄຳແນະນຳໃນການແປ</h3><ul><li>ການແປທີ່ເປັນໄປໄດ້ສຳລັບຄຳວ່າ "ການອັດສະຈັນ" ຫລື "ສິ່ງມະຫັດສະຈັນ" ສາມາດແປໄດ້ວ່າ, "ສິ່ງທີ່ເປັນໄປບໍ່ໄດ້ ພຣະເຈົ້າຈະເຮັດສິ່ງນັ້ນ" ຫລື "ພາລະກິດທີ່ເຕັມດ້ວຍຣິດທານຸພາບຂອງພຣະເຈົ້າ" ຫລື "ການກະທຳທີ່ມະຫັດສະຈັນຂອງພຣະເຈົ້າ."</li><li>ຄຳກ່າວທີ່ໄດ້ຍິນຢູ່ເລື້ອຍໆ ວ່າ "ໝາຍສຳຄັນ ແລະ ການອັດສະຈັນ" ສາມາດແປໄດ້ວ່າ "ຂໍ້ພິສູດ ແລະ ການອັດສະຈັນ" ຫລື "ກິດຈະການອັນອັດສະຈັນທີ່ໄດ້ພິສູດອຳນາດຂອງພຣະເຈົ້າ" ຫລື "ການອັດສະຈັນທີ່ມະຫັດສະຈັນ ເຊິ່ງໄດ້ສຳແດງຄວາມຍິ່ງໃຫຍ່ຂອງພຣະເຈົ້າ."</li><li>ໝາຍເຫດ ຄວາມໝາຍຂອງໝາຍສຳຄັນ ເຊິ່ງເປັນເລື່ອງທີ່ໜ້າເຫລືອເຊື່ອນັ້ນ ຕ່າງກັບຄວາມໝາຍຂອງໝາຍສຳຄັນ ເຊິ່ງເປັນການພິສູດ ຫລື ເປັນຫລັກຖານສຳລັບບາງສິ່ງ. ທັງສອງຢ່າງສາມາດເຊື່ອມຕໍ່ເຖິງກັນໄດ້.</li></ul>  
miriam	<h2 id="section">@ມີຣີອາມ</h2><h3 id="section-1">ຂໍ້ເທັດຈິງ</h3><p>ມີຣີອາມ ເປັນເອື້ອຍກົກຂອງອາໂຣນ ແລະ ໂມເຊ.</p><ul><li>ຕອນທີ່ລາວຍັງເປັນເດັກຢູ່ນັ້ນ, ແມ່ຂອງມີຣີອາມ ໄດ້ບອກໃຫ້ລາວເຝົ້າຈອບເບິ່ງນ້ອງຊາຍຂອງລາວ ຄື ໂມເຊ ທີ່ຍັງເປັນເດັກນ້ອຍໆຢູ່ ແຕ່ຕ້ອງຖືກເຊື່ອງໄວ້ໃນອູ່ ແລະເອົາໄປປະໄວ້ໃນພຸ່ມຫຍ້າອໍ້ ໃນແມ່ນ້ຳນິນ. ເມື່ອລູກສາວຂອງກະສັດຟາໂຣມາພົບ ຈິ່ງຢາກໄດ້ເດັກນ້ອຍຄົນນັ້ນໄປລ້ຽງ ແລະຈຳເປັນຕ້ອງຫາຄົນມາລ້ຽງ ເພາະເດັກນັ້ນຍັງນ້ອຍຢູ່, ດັ່ງນັ້ນ ມີຣີອາມ ຈິ່ງໄປພາແມ່ຂອງລາວມາເຮັດໜ້າທີນີ້.</li><li>ມີຣີອາມ ໄດ້ພາຊາວອິດສະຣາເອນ ເຕັ້ນລຳຮ້ອງເພງ ເພື່ອສະແດງຄວາມຊົມຊື່ນຍິນດີ ແລະ ຂອບໃຈພຣະເຈົ້າ ທີ່ໄດ້ຊ່ວຍພວກເຂົາໃຫ້  ຂ້ວາມທະເລແດງ ພົ້ນຈາກການໄລ່ຕາມມາຂອງທະຫານອີຢິບ.</li><li>ຫລາຍປີຕໍ່ມາ ຊາວອິດສະຣາເອນທີ່ເດີນທາງວົນໄປວົນມາຢູ່ໃນທະເລຊາຍແຫ້ງແລ້ງ, ມີຣີອາມ ແລະ ອາໂຣນ ກໍ່ເລີຍເວົ້າຮ້າຍໃສ່ໂມເຊ ຍ້ອນລາວໄປແຕ່ງງານກັບຜູ້ຍິງຊາວກູເຊ.</li><li>ຍ້ອນນາງບໍ່ສັດຊື່ ແລະ ເວົ້າຮ້າຍໃສ່ໂມເຊ, ພຣະເຈົ້າ ຈິ່ງສາບແຊ່ງມີຣີອາມ ໃຫ້ເປັນພະຍາດຂີ້ເຮື້ອນ. ແຕ່ຕໍ່ມາພາຍຫລັງ ພຣະເຈົ້າ ກໍໄດ້ຊ່ວຍໃຫ້ລາວດີພະຍາດ ເພາະຄຳທູນຂໍຂອງໂມເຊເພື່ອລາວ.</li></ul>  
mishael	<h2 id="section">@ມີຊາເອນ</h2><h3 id="section-1">ຂໍ້ເທັດຈິງ</h3><p>ມີຊາເອນ ແມ່ນຊື່ຂອງຜູ້ຊາຍສາມຄົນ ທີ່ຢູ່ໃນພຣະຄັມພີເດີມ.</p><ul><li>ມີຊາເອນ ຄົນໜຶ່ງແມ່ນພີ່ນ້ອງຂອງອາໂຣນ. ຕອນທີ່ລູກຊາຍສອງຄົນຂອງອາໂຣນ ຖືກພຣະເຈົ້າປະຫານຊີວິດ ຍ້ອນພວກເຂົານະມັດສະການຮູບເຄົາຣົບ ທີ່ພຣະເຈົ້າຫ້າມບໍ່ໃຫ້ເຮັດເດັດຂາດ, ມີຊາເອນ ແລະ ນ້ອງຊາຍຂອງລາວ ຖືກມອບໝາຍໃຫ້ເຮັດໜ້າທີ່ເອົາສົບອອກໄປໄວ້ຢູ່ນອກແຄ້ມຂອງຊາວອິດສະຣາເອນ.</li><li>ຜູ້ຊາຍອີກຄົນໜຶ່ງທີ່ຊື່ ມີຊາເອນ ແມ່ນຄົນທີ່ຢືນຢູ່ຂ້າງເອຊະຣາ ຕອນທີ່ລາວກຳລັງເປີດອ່ານໜັງສືມ້ວນ ທີ່ໄດ້ຖືກຄົ້ນພົບອີກ ໃຫ້ແກ່ຄົນທົ່ວໄປ.</li><li>ຕອນທີ່ຊົນຊາດອິດສະຣາເອນ ຖືກຈັບໄປເປັນຊະເລີຍໃນນະຄອນບາບີໂລນ, ຊາຍໜຸ່ມທີ່ຊື່ ມີຊາເອນ ກໍຖືກຈັບໄປນຳ ແລະໄດ້ຖືກບັງຄັບໃຫ້ຢູ່ໃນນະຄອນບາບີໂລນ. ຊາວບາບີໂລນ ໄດ້ໃສ່ຊື່ໃຫ້ລາວວ່າ, "ເມຊາກ." ລາວ, ແລະ ໝູ່ເພື່ອນຂອງລາວ, ຄື ອາຊາຣີຢາ (ຊັດຣາກ) ແລະ ຮານານີຢາ (ອາເບັດເນໂກ), ໄດ້ປະຕິເສດທີ່ຈະນະມັດສະການຮູບເຄົາຣົບຂອງກະສັດ ແລະໄດ້ຖືກໂຍນຖິ້ມເຂົ້າໄປໃນເຕົາໄຟ.</li></ul>  
mizpah	<h2 id="section">@ມິຊະປາ</h2><h3 id="section-1">ຂໍ້ເທັດຈິງ</h3><p>ມິຊະປາ ແມ່ນຊື່ຂອງເມືອງຫລາຍເມືອງ ທີ່ປາກົດໃນພຣະຄັມພີເດີມ. ມີຄວາມໝາຍວ່າ, "ຈຸດຊົມວິວ" ຫລື "ຫໍຄອຍ."</p><ul><li>ຕອນທີ່ດາວິດຖືກໂຊນຕາມລ່າ, ລາວປະໃຫ້ພໍ່ແມ່ລາວຢູ່ເມືອງມິຊະປາ, ພາຍໃຕ້ການປົກຄອງຂອງກະສັດໂມອາບ.</li><li>ເມືອງມິຊະປາ ຕັ້ງຢູ່ລະຫວ່າງຊາຍແດນຂອງອານາຈັກຢູດາ ແລະອິດສະຣາເອນ. ເປັນໃຈກາງຂອງກອງທັບໃຫຍ່.</li></ul>  
moab	<h2 id="section">@ໂມອາບ, @ຊາວໂມອາບ</h2><h3 id="section-1">ຂໍ້ເທັດຈິງ</h3><p>ໂມອາບ ເປັນຊື່ລູກຊາຍຂອງລູກສາວຄົນໂຕຂອງໂລດຕໍ່ມາຈຶ່ງກາຍເປັນຊື່ຂອງດິນແດນທີ່ໂມອາບແລະຄອບຄົວໂມອາບອາໃສຢູ່ ຄຳວ່າ "ຊາວໂມອາບ" ອ້າງເຖິງບຸກຄົນທີ່ສືບເຊື້ອສາຍມາຈາກໂມອາບ ຫຼືຜູ້ທີ່ອາໃສຢູ່ໃນປະເທດຊື່ວ່າໂມອາບ.</p><ul><li>ປະເທດໂມອາບຕັ້ງຢູ່ທາງທິດຕະເວັນຂອງທະເລເກືອ.</li><li>ໂມອາບຕັ້ງຢູ່ທາງຕາເວັນອອກສ່ຽງໃຕ້ຈາກເມືອງເບັດເລເຮັມທີ່ຄອບຄົວນາງນາໂອມີອາໃສຢູ່.</li><li>ປະຊາຊົນໃນເບັດເລເຮັມເອີ້ນນາງຣຸດວ່າເປັນ "ຍິງຊາວໂມອາບ" ເພາະວ່ານາງຣຸດເປັນຍິງທີ່ມາຈາກປະເທດໂມອາບ ຄຳນີ້ສາມາດແປໄດ້ວ່າ "ຍິງຊາວໂມອາບ" ຫຼື "ຍິງຈາກປະເທດໂມອາບ."</li></ul>  
mock	<h2 id="section">@ການເຍາະເຍີ້ຍ, @ເວົ້າຖາກຖາງ, @ສຽດສີ,@ ຜູ້ເຍາະເຍີ້ຍ</h2><h3 id="section-1">ນິຍາມ</h3><p>ຄຳວ່າ "ການເຍາະເຍີ້ຍ," "ເວົ້າຖາກຖາງ," ແລະ "ສຽດສີ" ທັງໝົດນີ້ບົ່ງບອກເຖິງ ການເຮັດບາງສິ່ງທີ່ເປັນເລື້ອງມ່ວນສຳລັບບາງຄົນ, ແຕ່ເປັນເລື້ອງມ່ວນໃນທາງບໍ່ດີ.</p><ul><li>ຫລາຍເທື່ອ ທີ່ການເຍາະເຍີ້ຍ ແມ່ນລວມທັງເລື້ອງການຮຽນ ແບບຄຳເວົ້າ ຫລື ຮຽນແບບການກະທຳຂອງຄົນອື່ນ ເພື່ອເຮັດໃຫ້ຄົນນັ້ນຮູ້ສຶກອັບອາຍຂາຍໜ້າ ຫລື ສະແດງການດູໝິ່ນຕໍ່ພວກເຂົາ.</li><li>ທະຫານໂຣມ ໄດ້ເວົ້າເຍາະເຍີ້ຍ ຫລື ເວົ້າຖາກຖາງໃສ່ພຣະເຢຊູເຈົ້າ ໃນຕອນທີ່ພວກເຂົາເອົາເສື້ອມານຸ່ງໃຫ້ພຣະອົງ ແລະ ເຮັດຕິໃຫ້ກຽດວ່າ ພຣະອົງເປັນກະສັດ.</li><li>ກຸ່ມຂອງຄົນໜຸ່ມໄດ້ເວົ້າຖາກຖາງ ຫລື ເວົ້າສຽດສີໃສ່ເອລີຊາ ໃນເວລາທີ່ພວກເຂົາເອີ້ນຊື່ຂອງລາວ, ຫົວຂວັນຫົວລ້ານຂອງລາວ.</li><li>ຄຳວ່າ "ສຽດສີ" ຍັງບົ່ງບອກເຖິງການເຍາະເຍີ້ຍຄວາມຄິດນັ້ນວ່າ ບໍ່ເປັນຕາໜ້າເຊື່ອຖື ຫລື ບໍ່ສຳຄັນ.</li><li>"ຜູ້ເຍາະເຍີ້ຍ" ແມ່ນບາງຄົນທີ່ມັກເຍາະເຍີ້ຍ ຫລື ມັກສຽດສີຢູ່ເລື້ອຍໆ.</li></ul>  
mold	<h2 id="section">@ແມ່ພິມ</h2><h3 id="section-1">ນິຍາມ</h3><p>ແມ່ພິມແມ່ນຊິ້ນສ່ວນທີ່ເຮັດດ້ວຍໄມ້, ໂລຫະ, ຫລືດິນໜຽວທີ່ຖືກນຳໃຊ້ເພື່ອປະດິດວັດຖຸສິ່ງຂອງອອກຈາກ ຄຳ, ເງິນ, ຫລືວັດຖຸອື່ນໆທີ່ສາມາດເຮັດໃຫ້ອ່ອນລົງແລະຈາກນັ້ນກໍ່ປະກອບເປັນຮູບຮ່າງໂດຍແມ່ພິມ.</p><ul><li>ແມ່ພິມຖືກໃຊ້ເພື່ອເຮັດເຄື່ອງປະດັບ, ຖ້ວຍແລະເຄື່ອງໃຊ້ ສຳ ລັບກິນ ແລະ ສິ່ງອື່ນໆ.</li><li>ໃນພຣະຄັມພີ, ແມ່ພິມຖືກກ່າວເຖິງສ່ວນໃຫຍ່ກ່ຽວຂ້ອງກັບຮູບປັ້ນ ແມ່ພິມເພື່ອໃຊ້ເປັນຮູບປັ້ນພຣະປອມ.</li><li>ໂລຫະຕ້ອງໄດ້ຮັບການໃຫ້ຄວາມຮ້ອນກັບອຸນຫະພູມທີ່ສູງຫຼາຍເພື່ອໃຫ້ພວກມັນສາມາດເທລົງໃສ່ແມ່ພິມໄດ້.</li><li>ການປັ້ນບາງສິ່ງບາງຢ່າງ ໝາຍເຖິງການປະກອບວັດຖຸໃຫ້ເປັນຮູບຊົງຫລືຮູບຊົງຄ້າຍຄືກັນໂດຍການໃຊ້ແມ່ພິມຫລືມືເພື່ອປະກອບເປັນຮູບຊົງທີ່ແນ່ນອນ.</li></ul><p>%ຄຳແນະນຳໃນການແປ</p><ul><li>ຄຳສັບນີ້ຍັງສາມາດຖືກແປເປັນ, "ເພື່ອປະກອບ" ຫຼື "ສ້າງຮູບຮ່າງ" ຫຼື "ສ້າງ."</li><li>ຄຳວ່າ“ ປັ້ນ” ສາມາດແປເປັນ“ ຮູບຊົງ” ຫລື“ ສ້າງຕັ້ງຂຶ້ນ”.</li><li>ວັດຖຸ“ ແມ່ພິມ” ສາມາດແປເປັນຄຳເວົ້າຫລື ຄຳສັບທີ່ມີຄວາມໝາຍວ່າ“ ພາຊະນະທີ່ມີຮູບຊົງ” ຫຼື“ ຈານທີ່ໃຊ້ແກະສະຫຼັກ.”</li></ul>  
molech	<h2 id="section">@ໂມເລັກ, @ໂມລ໊ອກ</h2><h3 id="section-1">ຂໍ້ເທັດຈິງ</h3><p>ໂມເລັກເປັນຊື່ໜຶ່ງຂອງພຣະປອມທີ່ຊາວຄານາອານນະມັດສະການ  ອາດມີການສະກົດຊື່ອີກວ່າ "ໂມລ໊ອກ" ແລະ"ໂມເລັກ"</p><ul><li>ປະຊາຊົນທີ່ນະມັດສະການພຣະໂມເລັກໂດຍການບູຊາຢັນເດັກນ້ອຍທັງຫລາຍໂດຍການເຜົາໄຟ.</li><li>ປະຊາຊົນອິດສະຣາເອນບາງຄົນໄດ້ນະມັດສະການພຣະໂມເລັກແທນການນະມັດສະການພຣະເຈົ້າທ່ຽງແທ້ ຄືພຣະເຈົ້າຢາເວ ພວກເຂົາໄດ້ປະຕິບັດຕາມພວກທີ່ນະມັດສະການພຣະໂມເລັກໄດ້ກະທຳລວມທັງການບູຊາຍັນເດັກນ້ອຍຂອງພວກເຂົາ.</li></ul>  
mordecai	<h2 id="section">@ໂມຣະເດໄຄ</h2><h3 id="section-1">ຂໍ້ເທັດຈິງ</h3><p>ໂມຣະເດໄຄ ເປັນຜູ້ຊາຍຊາວຢິວທີ່ຢູ່ໃນປະເທດເປີເຊຍ, ເຂົາເປັນອົງຄະລັກ ເອສະເທີ ຍາດຜູ້ຕໍ່ມາໄດ້ເປັນເມຍຂອງ ອາຫັດສຸເອລັດ ກະສັດຂອງເປີເຊຍ.</p><ul><li>ຂະນະທີ່ທຳງານຢູ່ທີວັງໂມຣະເດໄຄ ໄດ້ຍິນພວກຜູ້ຊາຍໃນວັງວາງແຜນຈະຂ້າກະສັດ ອາຫັດສຸເອລັດ.ເຂົາໄດ້ລາຍງານເລື່ອງນີ້ແລ້ວຊີວິດຂອງກະສັດກໍ່ປອດໄພ.</li><li>ຫລາຍປີຕໍ່ມາ ໂມຣະເດໄຄ ໄດ້ຮູ້ລ່ວງໜ້າເຖິງການວາງແຜນຂ້າຄົນຢິວທັງໝົດໃນອານາຈັກເປີເຊຍ.  ແລະເຂົາໄດ້ແນະນຳ ເອສະເທີ ໃຫ້ທູນເລື່ອງນີ້ຕໍ່ກະສັດເພື່ອຊ່ວຍເຫລືອປະຊາຊົນ.</li></ul>  
moses	<h2 id="section">@ໂມເຊ</h2><h3 id="section-1">ຂໍ້ເທັດຈິງ</h3><p>ໂມເຊ ເປັນຜູ້ປະກາດພຣະທັມແລະເປັນຜູ້ນຳຊາວອິດສະຣາເອນມາເປັນເວລາ 40 ກວ່າປີ.</p><ul><li>ຕອນທີ່ ໂມເຊ ຍັງເປັນເດັກນ້ອຍ, ພໍ່ແມ່ຂອງ ໂມເຊ ໄດ້ເອົາລາວໃສ່ໃນກະຕ່າທີ່ຢູ່ໃນປ່າຫຍ້າຂອງແມ່ນ້ຳໄນເພື່ອປົກປິດລາວຈາກກະສັດຟາໂຣແຫ່ງເອຢິບ. ເອື້ອຍຂອງໂມເຊ ມິຣີອາມ ໄດ້ເຝົ້າເບິ່ງລາວຢູ່ທີ່ນັ້ນ. ຊີວິດຂອງໂມເຊໄດ້ລອດເມື່ອລູກສາວຂອງຟາໂຣໄດ້ພົບລາວແລະໄດ້ພາລາວໄປທີ່ວັງເພື່ອລ້ຽງດູລາວເປັນລູກຊາຍຂອງນາງ.</li><li>ພຣະເຈົ້າໄດ້ເລືອກ ໂມເຊ ໃຫ້ປົດປ່ອຍຊາວອິດສະຣາເອນອອກຈາກການເປັນຂ້າທາດໃນປະເທດອີຢິບແລະ ນຳພວກເຂົາໄປສູ່ດິນແດນທີ່ພຣະອົງໄດ້ສັນຍາໄວ້.</li><li>ຫລັງຈາກຊາວອິດສະຣາເອນໄດ້ໜີຈາກປະເທດອີຢິບແລະໃນຂະນະທີ່ພວກເຂົາເດີນທາງໄປໃນທະເລຊາຍ, ພຣະເຈົ້າໄດ້ປະທານຫີນສອງແຜ່ນພ້ອມດ້ວຍພຣະບັນຍັດສິບປະການຂຽນໃສ່ໃນຫີນນັ້ນໃຫ້ແກ່ ໂມເຊ.</li><li>ໃນຕອນທ້າຍຂອງຊີວິດຂອງລາວ, ໂມເຊ ໄດ້ເຫັນແຜ່ນດິນທີ່ໄດ້ສັນຍາໄວ້, ແຕ່ລາວບໍ່ໄດ້ເຂົ້າໄປຢູ່ໃນແຜ່ນດິນນັ້ນເພາະລາວບໍ່ເຊື່ອຟັງພຣະເຈົ້າ.</li></ul>  
most high	<h2 id="section">@ອົງຜູ້ສູງສຸດ</h2><h3 id="section-1">ນິຍາມ</h3><p>ຄຳວ່າ"ອົງຜູ້ສູງສຸດ"ເປັນຕຳແໜ່ງຂອງອົງພຣະຜູ້ເປັນເຈົ້າ ທີ່ອ້າງເຖິງຄວາມຍິ່ງໃຫຍ່ແລະອຳນາດຂອງພຣະອົງ.</p><ul><li>ຄວາມໝາຍຂອງຄຳນີ້ມີຄວາມໝາຍວ່າ "ມີອຳນາດຄອບຄອງສູງສຸດ" ຫຼື "ສູງສຸດ."</li><li>ຄຳວ່າ "ສູງ" ໃນທີ່ນີ້ບໍ່ໄດ້ອ້າງເຖິງຄວາມສູງທາງກາຍຍະພາບຫຼືລະຍະທາງທີ່ອ້າງເຖິງຄວາມຍິ່ງໃຫຍ່.</li></ul><h3 id="section-2">ຄຳແນະນຳໃນການແປ</h3><ul><li>ຄຳນີ້ສາມາດແປວ່າ "ພຣະເຈົ້າຜູ້ສູງສຸດ" ຫຼື "ພຣະອົງຜູ້ສູງສຸດ" ຫຼື "ພຣະເຈົ້າອົງຜູ້ສູງສຸດ" ຫຼື "ພຣະເຈົ້າຜູ້ຍິ່ງໃຫຍ່ເໜືອທຸກສິ່ງ"</li><li>ຫາກມີຄຳວ່າ "ສູງ" ປະກົດຢູ່  ໃຫ້ແນ່ໃຈວ່າບໍ່ໄດ້ອ້າງເຖິງຄວາມສູງທາງກາຍຍະພາບຫຼືລະຍະທາງ.</li></ul>  
hermon	<h2 id="section">@ພູເຂົາເຮີໂມນ</h2><h3 id="section-1">ຂໍ້ເທັດຈິງ</h3><p>ພູເຂົາເຮີໂມນ ແມ່ນຊື່ຂອງພູເຂົາທີ່ສູງທີ່ສຸດໃນອິດສະຣາເອນທີ່ຢູ່ຈຸດໃຕ້ສຸດຂອງສາຍພູເລບານອນ.</p><ul><li>ມັນຕັ້ງຢູ່ທາງເໜືອຂອງທະເລຄາລິເລ, ຢູ່ຊາຍແດນພາກເໜືອ ລະຫວ່າງອິດສະຣາເອນແລະຊີເຣຍ.</li><li>ຊື່ອື່ນໆທີ່ໃຊ້ເອີ້ນ ພູເຂົາເຮີໂມນ ໂດຍກຸ່ມຄົນອື່ນແມ່ນ "ພູເຂົາສິຣິໂອນ" ແລະ "ພູເຂົາເສນີ."</li><li>ພູເຂົາເຮີໂມນ ມີຍອດພູໃຫຍ່ສາມຈຸດສູງສຸດ. ຍອດສູງສຸດແມ່ນສູງປະມານ 2,800 ແມັດ.</li></ul>  
mount of olives	<h2 id="section">@ພູເຂົາໝາກກອກເທດ</h2><h3 id="section-1">ຂໍ້ເທັດຈິງ</h3><p>ພູເຂົາຫມາກກອກເທດແມ່ນພູເຂົາຫລືເນີນພູໃຫຍ່ຕັ້ງຢູ່ທາງທິດຕາເວັນອອກຂອງເມືອງເຢຣູຊາເລັມ. ມັນສູງປະມານ 787 ແມັດ.</p><ul><li>ໃນພຣະຄັມພີເດີມ, ບາງຄັ້ງພູນີ້ຖືກເອີ້ນວ່າ "ພູເຂົາທີ່ຢູ່ທາງຕາເວັນອອກຂອງເຢຣູຊາເລັມ."</li><li>ໃນພຣະຄັມພີໃໝ່ ໄດ້ບັນທຶກໄວ້ຫລາຍເຫດການວ່າ ໃນເວລາທີ່ພຣະເຢຊູແລະສາວົກຂອງພຣະອົງໄປທີ່ພູເຂົາຫມາກກອກເທດເພື່ອອະທິຖານແລະພັກຜ່ອນ.</li><li>ພຣະເຢຊູຖືກຈັບໃນສວນເຄດເຊມາເນເຊິ່ງຕັ້ງຢູ່ເທິງພູເຂົາຫມາກກອກເທດ.</li><li>ນີ້ຍັງສາມາດຖືກແປໄດ້ວ່າ "ເນີນພູໝາກກອກເທດ" ຫຼື "ພູເຂົາຕົ້ນໝາກກອກເທດ."</li></ul>  
mourn	<h2 id="section">@ຄວາມທຸກໂສກ, @ການເປັນທຸກ</h2><h3 id="section-1">ນິຍາມ</h3><p>ຄຳວ່າ "ຄວາມທຸກໂສກ" ແລະ "ການເປັນທຸກ" ໝາຍເຖິງການສະແດງຄວາມເສົ້າສະຫລົດໃຈຢ່າງເລິກເຊິ່ງ, ໂດຍປົກກະຕິແມ່ນຕໍ່ການເສຍຊີວິດຂອງຜູ້ໃດຜູ້ໜຶ່ງ.</p><ul><li>ໃນຫລາຍວັດທະນະທຳ, ການເປັນທຸກປະກອບມີພຶດຕິກຳພາຍນອກສະເພາະທີ່ສະແດງໃຫ້ເຫັນຄວາມໂສກເສົ້າແລະຄວາມທຸກໃຈນີ້.</li><li>ຊາວອິດສະລາເອນແລະກຸ່ມຄົນອື່ນໆໃນສະໄໝບູຮານໄດ້ສະແດງຄວາມເສົ້າສະຫລົດໃຈໂດຍການຮ້ອງໄຫ້ແລະສຽງຮ້ອງດັງໆ. ພວກເຂົາຍັງໃສ່ເຄື່ອງນຸ່ງທີ່ຫຍາບທີ່ເຮັດດ້ວຍກະເປົາປ່ານແລະໂຮຍຂີ້ເຖົ່າໃສ່ຕົວຂອງພວກເຂົາເອງ.</li><li>ຜູ້ຮັບຈ້າງຮ້ອງໄຫ້ເສົ້າໂສກ, ປົກກະຕິເປັນຜູ້ຍິງເຂົາມັກຈະຮ້ອງໄຫ້ສຽງດັງແລະຮ້ອງໄຫ້ຕັ້ງແຕ່ເວລາເສຍຊີວິດຈົນເຖິງເວລາທີ່ຮ່າງກາຍຖືກວາງໄວ້ໃນອຸບໂມງ.</li><li>ໄລຍະເວລາຂອງການເປັນທຸກຄືປົກກະຕິແມ່ນເຈັດວັນ, ແຕ່ສາມາດແກ່ຍາວເຖິງ 30 ວັນ (ຄືກັບໂມເຊແລະອາໂຣນ) ຫລືເຈັດສິບວັນ (ຄືກັບຢາໂຄບ).</li><li>ໃນພຣະຄັມພີຍັງໃຊ້ຄຳສັບໃນທາງປຽບທຽບ, ເພື່ອເວົ້າກ່ຽວກັບ "ຄວາມທຸກໂສກ" ເພາະວ່າບາບ. ນີ້ ໝາຍເຖິງຄວາມຮູ້ສຶກເສົ້າສະຫລົດໃຈເພາະວ່າຄວາມບາບເຮັດໃຫ້ພຣະເຈົ້າແລະຄົນເຮົາເຈັບປວດ.</li></ul>  
multiply	<h2 id="section">@ທະວີຂຶ້ນ</h2><h3 id="section-1">ນິຍາມ</h3><p>ຄຳວ່າ "ທະວີຂຶ້ນ" ໝາຍເຖິງການເພີ້ມຈຳນວນຢ່າງຫລວງຫລາຍ. ມັນສາມາດມີຄວາມໝາຍວ່າທຳໃຫ້ບາງສິ່ງເພີ້ມຈຳນວນເຊັ່ນທຳໃຫ້ຄວາມເຈັບປວດເພີ້ມຈຳນວນ.</p><ul><li>ພຣະເຈົ້າຊົງກ່າວກັບສັດແລະມະນຸດວ່າ"ຈົ່ງທະວີຂື້ນ"ຈົນເຕັມແຜນດິນ" ສິ່ງນີ້ຄືພຣະບັນຊາໃຫ້ມີການເພິ່ມຈຳນວນຫລາຍຂື້ນໃນສາຍພັນຂອງຕົນເອງ</li><li>ພຣະເຢຊູເຈົ້າໄດ້ທຳໃຫ້ເຂົ້າຈີ່ແລະປາທະວີຂຶ້ນເພື່ອລ້ຽງອາຫານຄົນ 5,000 ຄົນ.  ປະລິມານອາຫານເພີ້ມຂຶ້ນເລື້ອຍໆ ຈົນສາມາດມີອາຫານຫລາຍເກີນພໍລ້ຽງທຸກຄົນ.</li><li>ຂື້ນຢູ່ກັບເນື້ອໃນ, ຄຳນີ້ສາມາດແປໄດ້ວ່າ "ເພີ້ມຈຳນວນຫລາຍຂຶ້ນ" ຫຼື "ເປັນເຫດໃຫ້ເພີ້ມຫລາຍຂື້ນ" ຫຼື "ເພີ້ມຂື້ນຢ່າງຫລວງຫລາຍ" ຫຼື "ມີຈຳນວນຫລາຍຂື້ນຢ່າງມະໂຫລານ" ຫຼື "ກາຍເປັນຈຳນວນຫລາຍ"</li><li>ຄຳເວົ້າ "ຄວາມເຈັບຂອງທ່ານເພີ້ມຂື້ນຢ່າງຫລາຍ"  ສາມາດແປຄຳນີ້ໄດ້ວ່າ"ຄວາມເຈັບປວດກາຍເປັນສິ່ງຊົ່ວຮ້າຍຢ່າງຫລາຍ" ຫຼື  "ທຳໃຫ້ທ່ານປະສົບກັບຄວາມເຈັບປວດທີ່ຫລາຍກວ່າ."</li><li>"ມີມ້າເພິ້ມຈຳນວນທະວີຄູນ"  ໝາຍເຖິງ"ໂລບຫລາຍໃນການຫາຈຳນວນມ້າຈຳນວນຫລາຍຂື້ນ" ຫຼື "ໄປນຳມ້າມາເປັນຈຳນວນຫລວງຫລາຍ."</li></ul>  
myrrh	<h2 id="section">@ມົດຍອບ</h2><h3 id="section-1">ນິຍາມ</h3><p>ມົດຍອບຄືນ້ຳມັນຫຼືເຄື່ອງເທດເຊິ່ງທຳມາຈາກຢາງຂອງຕົ້ນມົດຍອບເຊິ່ງປູກໃນທະວີບອະຟຣິກາແລະເອເຊຍ  ມັນກ່ຽວພັນກັບກຳຍານ.</p><ul><li>ມົດຍອບຖືກໃຊ້ເປັນທູບ ນ້ຳຫອມແລະຢາແລະຕຽມຮ່າງກາຍຂອງຄົນຕາຍກ່ອນທຳການຝັງ.</li><li>ມົດຍອບຄືໜຶ່ງໃນເຄື່ອງບັນນາການທີ່ບັນ ດາໂຫລາຈານ ໄດ້ຖວາຍໃຫ້ແກ່ພຣະເຢຊູເຈົ້າເມື່ອພຣະອົງຊົງບັງເກີດ.</li><li>ພຣະເຢຊູເຈົ້າໄດ້ຮັບການມອບເຫລົ້າອາງຸນປະສົມກັບມົດຍອບເພື່ອຈະລະງັບຄວາມເຈັບປວດເມື່ອພຣະອົງຊົງຖືກຄຶງທີ່ໄມ້ກາງແຂນ.</li></ul>  
mystery	<h2 id="section">@ຄວາມເລິກລັບ, @ຄວາມຈິງທີ່ຖືກປິດຊ້ອນໄວ້</h2><h3 id="section-1">ນິຍາມ</h3><p>ໃນພຣະຄັມພີຄຳ່ວ່າ"ຄວາມເລິກລັບ"ອ້າງເຖິງບາງສິ່ງທີ່ບໍ່ຮູ້ແລະຢາກຈະເຂົ້າໃຈວ່າພຣະເຈົ້າຊົງອະທິບາຍ.</p><ul><li>ໃນພັນທະສັນຍາໃໝ່ກ່າວໄວ້ວ່າຂ່າວປະເສີດຂອງພຣະເຢຊູຄຣິດເຈົ້າເປັນຄວາມເລິກລັບທີ່ບໍ່ເຄີຍໄດ້ຮູ້ໃນອະດີດ.</li><li>ໜຶ່ງໃນຈຸດທີ່ພິເສດໄດ້ອະທິບາຍວ່າໄວ້ເປັນຄວາມເລິກລັບຂອງຊາວຢິວຫຼືຄົນຕ່າງຊາດຈະເທົ່າທຽມກັນໃນພຣະຄຣິດເຈົ້າ.</li><li>ຄຳນີ້ສາມາດແປໄດ້ອີກວ່າ "ຄວາມລັບ" ຫຼື "ສິ່ງທີ່ປິດຊ້ອນຢູ່" ຫຼື "ສິ່ງທີ່ບໍ່ເຄີຍຮູ້ "</li></ul>  
naaman	<h2 id="section">@ນາອາມານ</h2><h3 id="section-1">ຂໍ້ເທັດຈິງ</h3><p>ໃນພັນທະສັນຍາເດີມ ນາອາມານຄືຜູ້ບັນຊາການຂອງກອງທັບຂອງກະສັດອາຣາມ.</p><ul><li>ນາອາມານປ່ວຍເປັນພະຍາດຜິວຫນັງທີ່ຮ້າຍແຮງທີ່ເອີ້ນວ່າ ພະຍາດຂີ້ທູດ ຊຶ່ງບໍ່ສາມາດຈະຮັກສາໃຫ້ດີໄດ້.</li><li>ຄົນຮັບໃໍຊ້ຊາວຢິວໃນເຮືອນຂອງນາອາມານໄດ້ເວົ້າຕໍ່ນາຍຍິງຂອງນາງວ່າໃຫ້ໄປຫາຜູ້ປະກາດພຣະທໍາເອລີຊາ ຄົນຜູ້ນັ້ນສາມາດປົວພະຍາດຂີ້ທູດຂອງເຈົ້ານາຍໃຫ້ດີໄດ້."</li><li>ເອລີຊາໄດ້ບອກກັບນາອາມານວ່າ,  ຈົ່ງໄປອາບນ້ຳທີ່ແມ່ນ້ຳຢໍແດນເຈັດເທື່ອ ເມື່ອນາອາມານໄດ້ຍອມເຊື່ອຟັງ ພຣະເຈົ້າກໍຊົງຮັກສາເຂົາໃຫ້ດີໄດ້.</li><li>ແລ້ວອານາມານ ກໍເວົ້າວ່າ " ດຽວນີ້ຂ້າພະເຈົ້າຮູ້ແລ້ວວ່າ  ບໍ່ມີພຣະເຈົ້າອົງອື່ນ" ນອກຈາກພຣະເຈົ້າຂອງອິດສະຣາເອນ.</li><li>ຜູ້ຊາຍອື່ນທີ່ມີຊື່ວ່າ ນາອາມານອີກສອງຄົນເປັນລູກຫລານຂອງເບັນຢາມິນຜູ້ເປັນລູກຊາຍຂອງຢາໂຄບ.</li></ul>  
nahor	<h2 id="section">@ນາໂຮ</h2><h3 id="section-1">ຂໍ້ເທັດຈິງ</h3><p>ນາໂຮເປັນຊື່ພີ່ນ້ອງສອງຄົນຂອງອັບຣາຮາມ: ປູ່ຂອງອັບຣາຮາມແລະນ້ອງ ຊາຍຂອງອັບຣາຮາມ.</p><ul><li>ນ້ອງຊາຍຂອງອັບຣາຮາມຄືນາໂຮ ເປັນປູ່ຂອງເຣເບກາ ເມຍຂອງອີຊາກ.</li><li>ປະໂຫຍກ "ເມືອງຂອງນາໂຮ" ສາມາດຫມາຍເຖິງ "ເມືອງຂອງນາໂຮ" ຫຼື ເມືອງເຊິ່ງນາໂຮເຄີຍອາໄສຢູ່ "ຫຼື"  "ເມືອງຂອງນາໂຮ".</li></ul>  
nahum	<h2 id="section">@ນາຮູມ</h2><h3 id="section-1">ຂໍ້ເທັດຈິງ</h3><p>ນາຮູມຄືຜູ້ປະກາດພຣະທັມຜູ້ເຊິ່ງໄດ້ເທດສະຫນາ ໃນຊ່ວງທີ່ກະສັດມານາເຊ ຜູ້ຊົ່ວຮ້າຍປົກຄອງເຫນືອອານາຈັກຢູດາ.</p><ul><li>ນາຮູມຊາວເມືອງເອນໂກດ ເຊິ່ງຢູ່ຫ່າງຈາກກຸງເຢຣູຊາເລັມປະມານ 32 ກິໂລແມັດ</li><li>ພຣະທັມນາຮູມໃນພຣະສັນຍາເດີມໄດ້ບັນທຶກຄຳທຳນວາຍກ່ຽວກັບການພັງທະລາຍຂອງເມືອງນິນາເວຂອງອັດຊີເຣຍ.</li></ul>  
name	<h2 id="section">@ຊື່,  @ນາມ,@  @ພຣະນາມ</h2><h3 id="section-1">ນິຍາມ</h3><p>ໃນພຣະຄຳພີນັ້ນ ຄຳວ່າ "ຊື່" ສາມາດໃຊ້ໄດ້ໃນຄຳອຸປະມາໄດ້ຫລາຍທາງ.</p><ul><li>ໃນບາງກໍລະນີ "ຊື່" ອ້າງເຖິງຊື່ສຽງຂອງບຸກຄົນ ເຊັ່ນ :  "ໃຫ້ເຮົາສ້າງຊື່ສຽງໄວ້ສຳລັບພວກເຮົາ"</li><li>ຄຳວ່າ "ຊື່" ຫມາຍເຖິງຄວາມຈົດຈຳບາງສິ່ງບາງຢ່າງ ເຊັ່ນ : "ລຶບຊື່ຂອງຮູບເຄົາລົບເສຍ"ຫມາຍເຖິງການທຳລາຍຮູບເຄົາລົບຕ່າງໆ ເພື່ອພວກມັນຈະບໍ່ເປັນທີ່ຈົດຈຳຫລືເຄົາລົບບູຊາອີກຕໍ່ໄປ.</li><li>ການເວົ້າ : "ໃນພຣະນາມຂອງພຣະເຈົ້າ" ໝາຍເຖິງການເວົ້າດ້ວຍສິດທິອຳນາດຫຼືເປັນຕົວແທນຂອງພຣະເຈົ້າ.</li><li>ຄຳວ່າ "ຊື່" ຂອງບາງຄົນຍັງສາມາດອ້າງຕົວບຸກຄົນ ເຊັ່ນ : "ດ້ວຍວ່າບໍ່ມີນາມຊື່ອື່ນໃດທົ່ວໃຕ້ຟ້າທີ່ຊົງປະທານແກ່ມະນຸດເພື່ອໃຫ້ເຮົາທັງຫຼາຍຕ້ອງໄດ້ພົ້ນ".</li></ul><p>(ເບິ່ງເພິ່ມຕື່ມ:  <a href="https://read.bibleineverylanguage.org/WA-Catalog/lo_tm?section=translate#figs-metonymy" target="_blank" data-is-rc-link="" data-repo="lo_tm" data-user="WA-Catalog" data-page="translate" data-topic="figs-metonymy" data-type="tm">figs-metonymy</a>)</p><h3 id="section-2">ຄຳແນະນຳໃນການແປ</h3><ul><li>ຄຳເວົ້າວ່າ "ພຣະນາມອັນປະເສີດ" ສາມາດແປອີກຢ່າງໜຶ່ງໄດ້ວ່າ "ຊື່ສຽງອັນດີຂອງພຣະອົງ".</li><li>ການເຮັດບາງຢ່າງ "ໃນພຣະນາມຂອງ" ສາມາດແປອີກຢ່າງໜຶ່ງໄດ້ວ່າ "ໂດຍລິດອຳນາດຂອງ" ຫຼື "ໂດຍການຊົງອະນຸນາດຂອງ" ຫຼື "ໂດຍການເປັນຕົວແທນຂອງ" ບຸກຄົນນັ້ນ.</li><li>ຄຳເວົ້າທີ່ວ່າ "ໃຫ້ເຮົາສ້າງຊື່ສຽງໄວ້" ສາມາດແປໄດ້ວ່າ "ເຮັດໃຫ້ຜູ້ຄົນຮູ້ຈັກເຮົາ" ຫຼື "ເຮັດໃຫ້ຜູ້ຄົນຄິດວ່າເຮົາມີຄວາມສຳຄັນຫຼາຍສ່ຳໃດ".</li><li>ປະໂຫຍກທີ່ວ່າ "ຈົ່ງເອີ້ນນາມເຂົາວ່າ" ສາມາດແປໄດ້ອີກ "ຈົ່ງຕັ້ງຊື່ເຂົາ" ຫຼື "ຈົ່ງໃຫ້ຊື່ເຂົາວ່າ".</li><li>ຄຳເວົ້າ "ຄົນເຫຼົ່ານັ້ນທີ່ຮັກຊື່ຂອງທ່ານ" ແປໄດ້ອີກວ່າ "ຄົນເຫຼົ່ານັ້ນທີ່ຮັກທ່ານ".</li><li>ຄຳເວົ້າ "ໃຫ້ຕັດຊື່ຕ່າງໆຂອງຮູບເຄົາລົບອອກ" ແປໄດ້ອີກວ່າ "ທຳລາຍຮູບເຄົາລົບຂອງຄົນນອກສາດສະນາອອກ ເພື່ອທີ່ພວກເຂົາຈະບໍ່ເປັນທີ່ຈົດຈຳ" ຫຼື "ເຮັດໃຫ້ປະຊາຊົນເຊົານະມັສການພະທຽມ" ຫຼື ໃຫ້ທຳລາຍພະທຽມຢ່າງໝົດສິ້ນ ເພື່ອທີ່ປະຊາຊົນຈະບໍ່ຄິດເຖິງພວກມັນອີກຕໍ່ໄປ".</li></ul>  
naphtali	<h2 id="section">@ນັບທາລີ</h2><h3 id="section-1">ຂໍ້ເທັດຈິງ</h3><p>ນັບທາລີຄືລູກຊາຍຄົນທີຫົກຂອງຢາໂຄບ ລູກຫລານຂອງເຂົາໄດ້ເຕົ້າໂຮມກັບກຸ່ມຄົນນັບທາລີ. ຂຶ້ນມາ ເຊິ່ງໄດ້ເປັນຫນຶ່ງໃນເຜົ່າສິບສອງເຜົ່າຂອງອິສຣາເອນ.</p><ul><li>ບາງເທື່ອມີການໃຊ້ຄຳວ່າ ນັບທາລີເພື່ອສະແດງເຖິງດິນແດນເຊິ່ງເຜົ່າດັ່ງກ່າວອາໄສຢູ່.  (ເບິ່ງເພີ້ມເຕີມ: c://*/ta/man/translate/figs-synecdoche)</li><li>ດິນແດນຂອງນັບທາລີ ຕັ້ງຢູ່ພາກເໜືອຂອງປະເທດອິສຣາເອນ  ຕໍ່ຈາກເຜົ່າດານແລະ ເຜົ່າອາເຊີຍັງຕິດກັບເຂດແດນພາກຕະເວັນຕົກຂອງທະເລກາລີເລ.</li><li>ເຜົ່ານີ້ໄດ້ຖືກເວົ້າເຖິງໃນພຣະຄໍາພີທັງພຣະສັນຍາເດີມແລະພຣະສັນຍາໃໝ່.</li></ul>  
nathan	<h2 id="section">@ນາທານ</h2><h3 id="section-1">ຂໍ້ເທັດຈິງ</h3><p>ນາທານເປັນຜູ້ປະກາດພຣະທຳທີ່ສັດຊື່ຂອງພຣະເຈົ້າເຊິ່ງມີຊີວິດຢູ່ໃນຊ່ວງເວລາທີ່ກະສັດດາວິດປົກຄອງໃນປະເທດອິສຣາເອນ.</p><ul><li>ພຣະເຈົ້າໄດ້ສົ່ງນາທານເພື່ອໄປປະເຊີນໜ້າກັບກະສັດດາວິດຫຼັງຈາກທີ່ດາວິດໄດ້ເຮັດບາບຢ່າງຮຸນແຮງຕໍ່ອຸຣິອາ.</li><li>ນາທານຕັກເຕືອນດາວິດເຖິງແມ່ນວ່າເພິ່ນຈະເປັນເຖິງກະສັດກໍຕາມ.</li><li>ດາວິດໄດ້ລະນຶກໃນຄວາມຜິດບາບຂອງພະອົງຫລັງຈາກທີ່ນາທານໄດ້ປະເຊີນຫນ້າກັບພະອົງ.</li></ul>  
nation	<h2 id="section">@ຊົນຊາດ, @ປະຊາຊາດ</h2><h3 id="section-1">ນິຍາມ</h3><p>ຊົນຊາດຫຼືປະຊາຊາດເປັນກຸ່ມປະຊາຊົນໃຫຍ່ທີ່ປົກຄອງໂດຍລັດຖະບານ ປະຊາຊົນຂອງຊາດ ສ່ວນໃຫຍ່ແລ້ວຈະມາຈາກບັນພະບຸລຸດດຽວກັນຫລືມີເຊື້ອຊາດຮ່ວມກັນ.</p><ul><li>ຄຳວ່າ "ຊົນຊາດ" ຫລື "ປະຊາຊາດ" ນັ້ນໂດຍປົກກະຕິແລ້ວຮວມໄປເຖິງວັດທະນະທຳແລະ</li></ul><p>ເຂດແດນ.</p><ul><li>ໃນພຣະຄຳພີ ຄຳວ່າ"ຊົນຊາດ" ຫຼື "ປະຊາຊາດ" ໝາຍເຖິງປະເທດ (ເຊັ່ນ : ປະເທດອີຢິບ ຫຼື ປະເທດເອທີໂອເປຍ) ແຕ່ບາງຄັ້ງ ໂດຍທົ່ວໄປຈະໝາຍເຖິງກຸ່ມຄົນຫຼາຍກວ່າ ໂດຍສະເພາະຫາກຢູ່ໃນ ພະຫູພົດ ເປັນສິ່ງທີ່ຜູ້ແປຈະຕ້ອງກວດກາເບິ່ງຕາມກໍລະນີນັ້ນ.</li><li>ປະຊາຊາດໃນພຣະຄຳພີ ຮວມທັງ ອິສຣາເອນ, ຟີລິດສະຕິນ, ອັດຊີເຣຍ,ບາບີໂລນ,</li></ul><p>ການາອານ, ໂຣມແລະກຣີກ ທ່າມກາງຊົນຊາດອື່ນໆ.</p><ul><li>ບາງເທື່ອຄຳວ່າ "ຊົນຊາດ" ຖືກໃຊ້ໃນອຸປະມາອ້າງເຖິງບັນພະບຸລຸດຂອງກຸ່ມຄົນບາງກຸ່ມ</li></ul><p>ເຊັ່ນ : ເມື່ອພຣະເຈົ້າບອກກັບເຣເບກາ ວ່າລູກຊາຍເຊິ່ງຍັງບໍ່ໄດ້ເກີດມານັ້ນຄື "ຊົນຊາດ" ເຊິ່ງຈະຕໍ່ສູ້ກັນ ສາມາດແປໄດ້ອີກວ່າ "ເປັນຜູ້ກໍ່ຕັ້ງສອງຊົນຊາດ" ຫຼື "ບັນພະບຸລຸດຂອງປະຊາຊົນສອງກຸ່ມ" .</p><ul><li>ຄຳວ່າ "ຊົນຊາດ" ນັ້ນບາງເທື່ອອ້າງເຖິງ "ຊົນຕ່າງຊາດ" ຫຼື ປະຊາຊົນຜູ້ເຊິ່ງບໍ່ໄດ້ນະມັດສະການພຣະຢາເວ ພາບລວມໂດຍປົກກະຕິຈະເຮັດໃຫ້ຄວາມຫມາຍຊັດເຈນ</li></ul><h3 id="section-2">ຄຳແນະນຳໃນການແປ</h3><ul><li>ຂຶ້ນຢູ່ກັບພາບລວມ ຄຳວ່າ "ຊົດຊາດ" ສາມາດແປວ່າ "ກຸ່ມປະຊາຊົນ" ຫລື "ປະຊາຊົນ"ຫລື"ປະເທດ" .</li><li>ຖ້າພາສາທີ່ແປຢູ່ ມີຄຳສຳລັບ "ຊົນຊາດ" ທີ່ແຕກຕ່າງຈາກຄຳເຫລົ່ານີ້ ສາມາດໃຊ້ຄຳເຫລົ່ານັ້ນໄດ້ເມື່ອຄຳເຫຼົ່ານີ້ປາກົດ ໃນເນື້ອຄວາມພຣະຄຳພີ ທີ່ສາມາດຄົງຄວາມເປັນທຳມະຊາດແລະຄວາມຖືກຕ້ອງຂອງການແປ.</li><li>ຄຳພະຫູພົດຂອງຄຳວ່າ "ຊົນຊາດ" ສາມາດແປວ່າ "ກຸ່ມຊົນຊາດ" .</li><li>ໃນບາງພາບລວມນັ້ນ ຄຳນີ້ສາມາດແປວ່າ "ຄົນຕ່າງຊາດ" ຫຼື "ບໍ່ແມ່ນຊາວຍິວ".</li></ul>  
nazareth	<h2 id="section">@ນາຊາເຣັດ, @ຊາວນາຊາເຣັດ</h2><h3 id="section-1">ຂໍ້ເທັດຈິງ</h3><p>ນາຊາເຣັດຄືເມືອງໜຶ່ງໃນແຂວງກາລີເລເຊິ່ງຕັ້ງຢູ່ທາງພາກເໜືອຂອງປະເທດອິສຣາເອນ. ຫ່າງຈາກກຸງເຍຣູຊາເລັມໄປທາງພາກເໜືອປະມານ 100 ກິໂລແມັດ ເຊິ່ງໃຊ້ເວລາເດີນທາງດ້ວຍການຍ່າງປະມານສາມຫາຫ້າວັນ.</p><ul><li>ໂຍເຊບແລະມາຣີອາໄດ້ມາຈາກເມືອງນາຊາເຣັດເຊິ່ງເປັນເມືອງທີ່ທັງສອງລ້ຽງດູພຣະເຍຊູ ດ້ວຍເຫດນີ້ເອງພຣະເຍຊູຈຶ່ງເປັນທີ່ຮູ້ກັນໂດຍທົ່ວໄປວ່າ "ຊາວນາຊາເຣັດ".</li><li>ພວກຢິວຫລາຍຄົນອາໄສຢູ່ໃນເມືອງນາຊາເຣັດບໍ່ໄດ້ເຄົາລົບໃນຄຳສອນຂອງພຣະເຢຊູ ເນື່ອງ</li></ul><p>ຈາກພຣະເຢຊູໄດ້ເຕີບໃຫຍ່ຂຶ້ນມາໃນທ່າມກາງພວກເຂົາແລະພວກເຂົາຄິດວ່າພຣະອົງເປັນພຽງບຸກຄົນທຳມະດາ.</p><ul><li>ເມື່ອພຣະເຢຊູເລີ້ມສັ່ງສອນໃນໂຮງທຳມະສາລາໃນເມືອງນາຊາເຣັດ ຊາວຢິວພະຍາຍາມທີ່ຈະຂ້າພຣະເຢຊູ ເພາະພຣະອົງຊົງປະກາດວ່າ ພຣະອົງຄືພຣະເມຊີອາແລະພຣະອົງຊົງຕັກເຕືອນ</li></ul><p>ຊາວເມືອງນັ້ນທີ່ໄດ້ປະຕິເສດພຣະອົງ.</p><ul><li>ສິ່ງທີ່ນາທານາເອນ ໄດ້ຕັ້ງຂໍ້ສັງເກດເມື່ອຮູ້ວ່າພຣະເຢຊູມາຈາກນາຊາເຣັດນັ້ນ ສະແດງວ່າເມືອງນີ້ບໍ່ໄດ້ຢູ່ໃນຄວາມຄິດວ່າຈະມີອັນໃດດີ.</li></ul>  
nazirite	<h2 id="section">@ນາຊີຣີ</h2><h3 id="section-1">ນິຍາມ</h3><p>ຄຳວ່າ "ນາຊີຣີ" ອ້າງເຖິງບຸກຄົນທີ່ໄດ້ກ່າວຄຳປະຕິຍານຂອງ "ນາຊີຣີ" ສ່ວນໃຫຍ່ແລ້ວຈະເປັນຜູ້ຊາຍ ແຕ່ຜູ້ຍິງກໍສາມາດກ່າວຄຳປະຕິຍານນີ້ໄດ້ເຊັ່ນກັນ.</p><ul><li>ບຸກຄົນທີ່ໄດ້ຄຳປະຕິຍານຂອງນາຊີຣີນັ້ນຍອມຮັບການບໍ່ດື່ມຫລືກິນອາຫານທີ່ເຮັດມາຈາກໝາກອະງຸ່ນ ຕາມຈຳນວນວັນ, ສັບປະດາ, ຫລື ເດືອນທີ່ປະຕິຍານເອົາໄວ້ ໃນລະຫວ່າງຊ່ວງເວລານັ້ນ ເຂົາຈະບໍ່ຕັດຜົມແລະບໍ່ເຂົ້າໃກ້ຊາກສົບຄົນຕາຍ.</li><li>ເມື່ອຄົບກຳນົດໄລຍະເວລາທີ່ກຳໜົດໄວ້ແລະຄຳປະຕິຍານໄດ້ຮັບຄວາມສຳເລັດແລ້ວນາຊີຣີ ຈະເຂົ້າໄປພົບປະໂລຫິດແລະຕຽມຖະຫວາຍເຄື່ອງບູຊາ ເຊິ່ງຈະລວມເຖິງການຕັດຜົມແລະເຜົາເສັ້ນຜົມຂອງເຂົາຖິ້ມ ຂໍ້ຫ້າມຕ່າງໆກໍຖືກຍົກເລີກໄປ.</li><li>ແຊມສັນເປັນທີ່ຮູ້ຈັກກັນດີໃນພຣະສັນຍາເດີມ ເປັນຜູ້ເຊິ່ງປະຕິຍານຕົນເປັນນາຊີຣີ</li><li>ທູດສະຫວັນໄດ້ປະກາດເລື່ອງການກຳເນີດຂອງໂຢຮັນຜູ້ໃຫ້ບັບຕິສະມາແກ່ເສກາຣີຢາທີ່ລູກຊາຍຂອງເຂົາທີ່ບໍ່ດື່ມສິ່ງມຶນເມົາ ເຊິ່ງອາດຈະສະແດງວ່າ ໂຢຮັນຢູ່ພາຍໃຕ້ຄຳປະຕິຍານຂອງນາຊີຣີ.</li><li>ອັກຄະສາວົກໂປໂລອາດຈະເຄີຍປະຕິຍານຕົນຄັ້ງໜຶ່ງ ເຫັນໄດ້ຈາກຂໍ້ຄວາມຕອນໜຶ່ງໃນພຣະທຳກິດຈະການຂອງອັກຄະສາວົກ.</li></ul>  
nebuchadnezzar	<h2 id="section">@ເນບູກາດເນັດຊາ</h2><h3 id="section-1">ຂໍ້ເທັດຈິງ</h3><p>ເນບູກາດເນັດຊາເປັນກະສັດອົງໜຶ່ງຂອງອານາຈັກບາບີໂລນ ເຊິ່ງເປັນກອງທັບທີ່ ເຕັມດ້ວຍກຳລັງອຳນາດຂອງເຂົາໄດ້ຊະນະເໜືອຊົນຫຼາຍກຸ່ມແລະຫຼາຍປະເທດ.</p><ul><li>ພາຍໃຕ້ການນຳຂອງເນບູກາດເນັດຊາ ກອງທັບບາບີໂລນໄດ້ໂຈມຕີແລະມີໄຊຊະນະເໜືອອານາຈັກຢູດາແລະໄດ້ນຳປະຊາຊົນສ່ວນໃຫຍ່ຂອງຢູດາໄປເປັນຊະເລີຍໃນບາບີໂລນໃນຖານະຊະເລີຍ. "ການຕົກເປັນຊະເລີຍທີ່ບາບີໂລນ"ນັ້ນເຖິງ 70 ປີ .</li><li>ໜຶ່ງໃນຊະເລີຍທີ່ຖືກຈັບໄປຄື ດານີເອນ ໄດ້ທຳນວາຍຝັນຂອງກະສັດເນບູກາດເນັດຊາ.</li><li>ຊະເລີຍຊາວອິດສະຣາເອນອີກສາມ ຄື ຮານັນຢາ ມິຊາເອນແລະອາຊາຣິຢາ ໄດ້ໄດ້ຖືກໂຍນລົງໄປໃນເຕົາໄຟ ເພາະເຂົາທັງສາມປະຕິເສດທີ່ຈະຂາບໄຫວ້ຮູບເຄົາລົບທີ່ກະສັດເນບູກາດເນັດຊາສ້າງຂຶ້ນ.</li><li>ກະສັດເນບູກາດເນັດຊາອວດຕົວຈອງຫອງແລະຂາບໄຫວ້ພະທຽມ ເມື່ອພະອົງຮົບຊະນະອານາຈັກຢູດາ. ພະອົງໄດ້ລັກເອົາເຄື່ອງເງິນແລະທອງມາຈາກພຣະວິຫານ ເຊິ່ງຕັ້ງຢູ່ໃນນະຄອນເຢຣູຊາເລັມ.</li><li>ເພາະກະສັດເນບູກາດເນັດຊາອວດຕົວຈອງຫອງແລະປະຕິເສດທີ່ຈະບໍ່ຫັນກັບຈາກການນະມັດສະການພຣະທຽມ ພຣະຢາເວຈຶ່ງໃຫ້ພຣະອົງຂາດສະຕິ</li><li>ຍ້ອນວ່າເນບູກາດເນັດຊາມີຄວາມພາກພູມໃຈແລະປະຕິເສດທີ່ຈະຫັນໜີ ຈາກການນະມັດສະການພະປອມ, ພຣະເຢໂຫວາເຮັດໃຫ້ລາວຕົກຢູ່ໃນສະ ພາບທີ່ຂັດສົນເປັນເວລາເຈັດປີ, ດຳລົງຊີວິດຄືກັບສັດ. ຫລັງຈາກເຈັດປີ, ພຣະເຈົ້າໄດ້ຟື້ນຟູເນບູກາດເນັດຊາໃນເວລາທີ່ລາວຖ່ອມຕົວລົງແລະ</li></ul><p>ຍ້ອງຍໍພະເຈົ້າທ່ຽງແທ້ອົງດຽວ.</p>  
negev	<h2 id="section">@ເນເກບ</h2><h3 id="section-1">ຂໍ້ເທັດຈິງ</h3><p>ເນເກບເປັນດິນແດນທະເລຊາຍທາງຕອນໃຕ້ຂອງອິດສະຣາເອນ ທາງຕາເວັນຕົກສຽງໃຕ້ຂອງທະເລເກືອ.</p><ul><li>ຄຳດັງກ່າວເອີ້ນວ່າ ''ທິດໃຕ້'' ພຣະຄຳພີພາສາອັງກິດບາງສະບັບແປວ່າເນເກບວ່າທິດໃຕ້.</li><li>ອາດຈະເປັນໄປໄດ້ວ່າສະຖານທີ່ທາງຕອນໃຕ້ທີ່ເນເກບເຄີຍຕັ້ງຢຸ່ນັ້ນ ເປັນຄົນລະທີ່ກັບທະເລຊາຍເນເກບໃນປັດຈູບັນ.</li><li>ເມື່ອອັບຣາຣາມໄດ້ອາໄສຢູ່ທີ່ເມື່ອງເຄເດັດນັ້ນ ເຂົ້າຢູ່ທີ່ເນເກບຫລືແຄ້ນທາງຕອນໃຕ້.</li><li>ອີຊາກອາໃສຢູ່ໃນເມືອງເນເກບເມືອເຣເບກາ ໄດ້ເດີນທາງມາພົບເຂົາ ແລະໄດ້ກາຍມາເປັນເມຍຂອງເຂົາ.</li><li>ຊົນເຜົ່າຢິວຂອງຢູດາແລະຊີເມໂອນໄດ້ອາໃສຢູ່ທີ່ແຄ້ນທາງຕອນໃຕ້ນີ້.</li><li>ເມືອງທີ່ໃຫຍ່ທີ່ສູດໃນແຄວ້ນເນເກບຄືເມືອງເບ ເອນເຊບາ.</li></ul>  
nehemiah	<h2 id="section">@ເນເຫມີຢາ</h2><h3 id="section-1">ຂໍ້ເທັດຈິງ</h3><p>ເນເຫມີຢາ ຄືຊາວອິດສະຣາເອນທີ່ອາໄສຢູ່ໃນບາບີໂລນເມື່ອຄາວທີ່ຊາວອິດສະຣາເອນແລະຢູດາຖືກຈັບໄປເປັນຊະເລີຍໂດຍຊາວບາບີໂລນ.</p><ul><li>ຂະນະທີ່ເນເຫມີຢາເປັນພະນັກງານຖືຈອກເຫຼົ້າສຳລັບກະສັດເປີເຊຍມີຊື່ວ່າ ອາກຕາເຊເຊັດນັ້ນ ເນເຫມີຢາໄດ້ຂໍອະນຸຍາດກະສັດກັບໄປນະຄອນເຢຣູຊາເລັມ.</li><li>ເນເຫມີຢາໄດ້ນໍາພາຊາວອິດສະຣາເອນກໍ່ສ້າງກຳແພງນະຄອນເຢຣູຊາເລັມເຊິ່ງຊາວບາບີໂລນໄດ້ທຳລາຍນັ້ນຂຶ້ນໃໝ່.</li><li>ເປັນເວລາເຖິງ  12 ປີ ທີ່ເນເຫມີຢາເປັນຜູ້ປົກຄອງນະຄອນເຢຣູຊາເລັມ ກ່ອນທີ່ຈະກັບໄປຍັງພຣະຣາຊະວັງຂອງກະສັດ.</li><li>ພັນທະສັນຍາເດິມໃນພຣະທຳເນເຫມີຢານັ້ນ ໄດ້ເລົ່າເລື່ອງລາວການງານຂອງເນເຫມີຢາໃນການກໍ່ສ້າງກຳແພງເມືອງຂຶ້ນໃໝ່ແລະການປົກຄອງຂອງທ່ານເໜືອປະຊາຊົນໃນນະຄອນເຢຣູຊາເລັມ.</li><li>ຍັງມີຊື່ເນເຫມີຢາຄົນອື່ນໆໃນພັນທະສັນຍາເດິມອີກດ້ວຍ ໂດຍປົກກະຕິຊື່ຂອງພໍ່ຈະຕໍ່ທ້າຍເພື່ອໃຫ້ເຫັນຄວາມແຕກຕ່າງວ່າເວົ້າເຖິງເນເຫມີຢາຄົນໃດ.</li></ul>  
neighbor	<h2 id="section">@ເພື່ອນບ້ານ</h2><h3 id="section-1">ນິຍາມ</h3><p>ຄຳ ວ່າ "ເພື່ອນບ້ານ" ມັກຈະໝາຍເຖິງຄົນທີ່ອາໄສຢູ່ໃກ້ໆ. ມັນຍັງສາມາດໝາຍ ເຖິງຜູ້ອື່ນທີ່ອາໄສຢູ່ໃນຊຸມຊົນຫຼືກຸ່ມຄົນກຸ່ມດຽວກັນໂດຍທົ່ວໄປ.</p><ul><li>"ເພື່ອນບ້ານ" ແມ່ນຜູ້ທີ່ຈະໄດ້ຮັບການປົກປ້ອງແລະປະຕິບັດດ້ວຍຄວາມກະລຸນາເພາະວ່າລາວເປັນສ່ວນ ໜຶ່ງ ຂອງຊຸມຊົນດຽວກັນ.</li><li>ໃນຄຳພີພັນທະສັນຍາ ໃໝ່ກ່ຽວກັບຊາວສະມາເຣຍທີ່ມີຄຸນງາມຄວາມດີ, ພຣະເຢຊູໄດ້ໃຊ້ຄຳວ່າ "ເພື່ອນບ້ານ", ໂດຍຂະຫຍາຍຄວາມໝາຍຂອງມັນໃຫ້ລວມເອົາມະນຸດທຸກຄົນ, ແມ່ນແຕ່ຄົນທີ່ຖືວ່າເປັນສັດຕູ.</li><li>ຖ້າເປັນໄປໄດ້, ມັນເປັນການດີທີ່ສຸດທີ່ຈະແປ ຄຳ ສັບນີ້ດ້ວຍ ຄຳ ຫລືປະໂຫຍກທີ່ມີຄວາມໝາຍ ວ່າ "ຄົນທີ່ອາໃສຢູ່ໃກ້ຄຽງ".</li></ul>  
new covenant	<h2 id="section">@ພຣະຄຳພີໃໝ່</h2><h3 id="section-1">ນິຍາມ</h3><p>ຄຳວ່າ "ພຣະສັນຍາໃຫມ່"ອ້າງເຖິງຄຳໝັ້ນຫລືຂໍ້ຕົກລົງເຊິ່ງພຣະເຈົ້າໄດ້ເຮັດໄວ້ກັບປະຊາກອນຂອງ ພຣະອົງດ້ວຍການຖວາຍບູຊາຂອງພຣະບຸດຂອງພຣະອົງຄືພຣະເຢຊູຄຣິດ.</p><ul><li>''ໃນພຣະສັນຍາໃຫ່ມ''ຂອງພຣະເຈົ້າອະທິບາຍໃນສ່ວນຂອງພຣະຄຳພີທີ່ເອີ້ນວ່າ ພຣະສັນຍາໃຫມ່.</li><li>"ພຣະສັນຍາໃໝ່ນີ້ຕົງກັນຂັາມກັບຄຳວ່າ'' ພຣະສັນຍາເກົ່າ ''ຫຼື''ເດີມ ''ທີ່ພຣະເຈົ້າເຄີຍເຮັດໄວ້ກັບຊາວອິດສະຣາເອນໃນສະໄໝພຣະສັນຍາເດີມ.</li><li>ພຣະສັນຍາໃໝ່ນັ້ນດີກວ່າພຣະສັນຍາເດີມ ເພາະວ່າມັນຕັັັ້ງຢູ່ເທິງການສະລະພຣະຊົນຂອງພຣະເຢຊູ ເຊິ່ງເປັນການໄຖ່ໃຫ້ຄົນພົ້ນຈາກຄວາມຜິດບາບຊົ່ວນິລັນ ແຕ່ການຖະຫວາຍບູຊາເຊິ່ງປາກົດໃນພຣະສັນຍາເດີມນັ້ນບໍ່ໄດ້ ເປັນເຊັ່ນນີ້.</li><li>ພຣະເຈົ້າໄດ້ຊົງຂຽນຄຳຫມັ່ນແຫ່ງພັນທະສັນຍາໃໝ່ໄວ້ໃນໃຈຂອງຜູ້ທີ່ເຊື່ອທູກຄົນ ສິ່ງນີ້ເຮັດໃຫ້ພວກເຂົາຕ້ອງການທີ່ຈະເຊື່ອຟັງພຣະເຈົ້າແລະພວກເຂົ້າເລີມດຳເນີນຊີວິດໃຫ້ບໍຣິສູດ.</li><li>ພັນທະສັນຍາໃໝ່ຈະມີຜົນສົມບູນໃນເວລາສຸດທ້າຍເມືອພຣະເຈົ້າສະຖາປານາການປົກຄອງຂອງພຣະອົງເທິງແຜ່ນດິນໂລກ,  ທຸກສິ່ງຈະກັບຄືນດີອີກເທື່ອຄືຄັັ້ງທຳອິດທີ່ພຣະອົງຊົງນີລະມິດສ້າງໂລກ.</li></ul><h3 id="section-2">ຄຳແນະນຳໃນການແປ</h3><ul><li>ຄຳວ່າ '' ພັນທະສັນຍາໃໝ່''ສາດມາດແປໄດ້ວ່າ''ການຕົກລົງກັນຢ່າງເປັນທາງການຄັັ້ງໃໝ່'' ຫຼື ''ຄຳໝັ້ນໃໝ່'' ຫຼື'' ສັນຍາໃຫ່ມ''.</li><li>ຄຳວ່າ'' ໃໝ່ ''ໃນຄຳກ່າວເຫຼົ່ານີ້ມີຄວາມໝາຍວ່າ'' ສົດ''ຫຼື ''ແບບໃໝ່ຂອງ'' ຫຼື ''ອີກຄົນໜຶ່ງ''.</li></ul>  
new moon	<h2 id="section">@ເດືອນໃຫມ່</h2><h3 id="section-1">ນິຍາມ</h3><p>ຄຳ ວ່າ“ ເດືອນໃໝ່” ໃນພຣະຄຳພີໝາຍເຖິງເດືອນເມື່ອມັນຄ້າຍຄືກັບແສງນ້ອຍໆທີ່ມີຮູບເປັນວົງຄືເຂົາຄວາຍ. ນີ້ແມ່ນໄລຍະເລີ້ມຕົ້ນຂອງເດືອນໃນຂະນະທີ່ມັນເຄື່ອນທີ່ໃນວົງໂຄຈອນຂອງມັນອ້ອມຮອບໂລກ ໜ່ວຍໂລກ.</p>  
nile river	<h2 id="section">@ແມ່ນ້ຳນິນ, @ແມ່ນ້ຳແຫ່ງອີຢິບ</h2><h3 id="section-1">ຂໍ້ເທັດຈິງ</h3><p>ແມ່ນຳນິນແມ່ນແມ່ນ້ຳສາຍທີ່ຍາວແລະກວ້າງໃນທິດຕາເວັນອອກສຽງເໜືອຂອງອັບຟະຣິກາ ເປັນທີ່ຮຸ້ຈັກກັນດີວ່າແມ່ນຳສາຍດັ່ງກ່າວນີ້ເປັນແມ່ນ້ຳສາຍຫຼັກຂອງປະເທດອີຢິບ</p><ul><li>ແມ່ນ້ຳນິນໄຫຼຈາກທິດເໜືອຜ່ານປະເທດອີຢິບລົງສູ່ທະເລເມດີແຕເຣເນ</li><li>ພືດພັນສາມາດເຕີບໂຕໄດ້ດີຕາມຕະຝັ່ງສອງຂ້າງຂອງແມ່ນ້ຳນິນເຊິ່ງມີຄວາມອຸດົມສົມບູນຢ່າງຫຼວງຫຼາຍ</li><li>ຊາວອີຢິບສ່ວນຫລາຍຈະອາໃສຢູ່ໃກ້ກັບແມ່ນ້ຳນິນເນື່ອງຈາກແມ່ນ້ຳດັ່ງກ່າວເປັນແຫຼ່ງນ້ຳແລະອາຫານທີ່ສຳຄັນ</li><li>ຊາວອິດສະຣາເອນສ່ວນຫຼາຍ ອາໄສຢູ່ໃນແຜ່ນດິນໂກເຊັນເຊິ່ງມີຄວາມອູດົມສົບູນຢ່າງຫຼາຍເນື່ອງຈາກຕັ້ງຢູ່ຕິດກັບແມ່ນນ້ຳນິນ</li><li>ເມື່ອໂມເຊຍັງເປັນທາດນັ້ນ ພໍ່ແມ່ຂອງໂມເຊໄດ້ນຳລາວເຂົ້າໄປໄວ້ໃນກະຕ່າຖ້າມກາງຕົ້ນອໍ້ໃນແມ່ນ້ຳນິນເພື່ອເຊື່ອງໂມເຊໃຫ້ພົ້ນຈາກຄົນຂອງຟາໂຣ</li></ul>  
nineveh	<h2 id="section">@ນີເນເວ @ຊາວນີເນເວ</h2><h3 id="section-1">ຂໍ້ເທັດຈິງ</h3><p>ເມື່ອງນີເນເວເປັນເມື່ອງຫລວງຂອງອັດຊີເຣຍ ຊາວນີເນເວ ຄືບູກຄົນທີ່ໃຊ້ຊີວິດຢູ່ໃນເມືອງນີເນເວ</p><ul><li>ພຣະເຈົ້າໄດ້ຊົງສົ່ງຜູ້ທຳນວາຍຊື່ວ່າໂຢນາໄປເພື່ອເຕືອນຊາວນີເນເວໃຫ້ກັບໃຈຈາກທາງອັນຊົ່ວຮ້າຍ ຊາວເມື່ອງໄດ້ກັບໃຈແລະພຣະເຈົ້າຈຶ່ງບໍ່ໄດ້ທຳລາຍຊາວເມືອງນັ້ນ</li><li>ຊາວອັດຊີເຣຍໄດ້ຫັນຫລັງໃຫ້ກັບພຣະເຈົ້າໃນເວລາຕໍ່ມາ ພວກເຂົາເອົາຊະນະອານາຈັກອິດສະຣາເອນແລະກວດຕ້ອນຜູ້ຄົນໄປຍັງເມືອງນຶເນເວ</li></ul>  
noah	<h2 id="section">@ໂນອາ</h2><h3 id="section-1">ຂໍ້ເທັດຈິງ</h3><p>ໂນອາຄືຜູ້ຊາຍຜູ້ມີຊີວິດຢູ່ເມື່ອ 4,000 ກວ່າປີມາແລ້ວ ເມື່ອຄາວທີ່ພຣະເຈົ້າຊົງໃຫ້ນ້ຳຖ້ວມໂລກເພື່ອທຳລາຍຄົນຊົ່ວທູກຄົນໃນໂລກ ພຣະເຈົ້າຊົງສັ່ງໃຫ້ໂນອາສ້າງເຮືອຂະໜາດໃຫຍ່ລຳໜຶ່ງ ເຊິ່ງເຂົາແລະຄອບຄົວຂອງເຂົາຈະສາມາດອາໄສຢູ່ໃນຂະນະທີ່ນ້ຳຖ້ວມທົ່ວແຜ່ນດິນໂລກ.</p><ul><li>ໂນອາເປັນຜູ້ຊາຍທີ່ມີຄວາມຊອບທຳຜູ້ເຊິ່ງເຊື່ອຟັງພຣະເຈົ້າໃນທຸກສິ່ງ.</li><li>ເມື່ອພຣະເຈົ້າຊົງບອກໃຫ້ໂນອາສ້າງເຮືອລຳໃຫຍ່ນັ້ນ ໂນອາໄດ້ເຮັດຕາມທີ່ພຣະເຈົ້າຊົງສັ່ງທຸກປະການ.</li><li>ພາຍໃນເຮືອນັ້ນໂນອາແລະຄອບຄົວຂອງເພິ່ນໄດ້ອາໄສຢູ່ທີ່ນັ້ນຢ່າງປອດໄພ ພາຍຫລັງລູກຫລານຂອງໂນອາກໍໄດ້ແຜ່ຫລາຍເຕັມໂລກນີ້ອີກຄັ້ງ.</li><li>ທຸກຄົນທີ່ເກີດໃນສະໄຫຼນ້ຳຖ້ວມນັ້ນສືບເຊື້ອສາຍມາຈາກໂນອາ.</li></ul>  
noble	<h2 id="section">@ຜູ້ສູງສົ່ງ, @ຊັ້ນສູງ</h2><h3 id="section-1">ນິຍາມ</h3><p>ຄຳວ່າ“ ກຽດຕິຍົດ” ໝາຍ ເຖິງສິ່ງທີ່ດີເລີດແລະມີຄຸນນະພາບສູງ. "ຄົນຊັ້ນສູງ" ແມ່ນບຸກຄົນທີ່ມີຖານະທາງດ້ານການເມືອງຫຼືສັງຄົມຊັ້ນສູງ.</p><ul><li>ຄົນທີ່ມີກຽດສະຫງ່າມັກເປັນເຈົ້າ ໜ້າ ທີ່ຂອງລັດ, ເປັນຜູ້ຮັບໃຊ້ທີ່ໃກ້ຊິດຂອງກະສັດ.</li><li>ຄຳວ່າ“ ຄົນສູງສົ່ງ” ຍັງສາມາດແປໄດ້ວ່າ,“ ເຈົ້າໜ້າທີ່ຂອງກະສັດ ” ຫຼື“ ເຈົ້າໜ້າທີ່ລັດຖະບານ” ຫຼື“ ຜູ້ຊາຍທີ່ກຳເນີດທີ່ສູງສົ່ງ.”</li></ul>  
oak	<h2 id="section">@ຕົ້ນໂອ໊ກ, @ຕົ້ນໝາກກໍ່</h2><h3 id="section-1">ນິຍາມ</h3><p>ຕົ້ນ ໂອ໊ກ ຫລືຕົ້ນໝາກກໍ່ ,ເປັນຕົ້ນໄມ້ ສູງທີ່ໃຫ້ຮົ່ມເງົາ ມີລໍາຕົ້ນທີ່ໃຫຍ່ ແລະກິ່ງງ່າ ທີ່ແຜ່ຂະຫຍາຍອອກ.</p><ul><li>ຕົ້ນໂອ໊ກ ມີເນື້ອໄມ້ທີ່ແຂງ, ເຊິ່ງນໍາໄປໃຊ້ໃນການສ້າງເຮືອ ແລະຄາດ ສໍາລັບເຮັດສວນ ແອກງົວ ຫລືໄມ້ເທົ້າຄໍ້າຊູ ສໍາັຫລບຜູ້ສູງອາຍຸ.</li><li>ເມັດພືດຂອງຕົ້ນໂອ໊ກ ເອີ້ນວ່າ ຜົນຕົ້ນໂອ໊ກ.</li><li>ຂະໜາດ ລໍາຕົ້ນຂອງຕົ້ນໂອ໊ກ ບາງຕົ້ນມີຄວາມກວ້າງເຖິງ 6 ແມັດ.</li><li>ຕົ້ນໂອ໊ກ ຄືສັນຍາລັກຂອງການມີຊີວິດ ທີ່ຍືນຍາວ  ແລະມີຄວາມໝາຍ ອື່ນໆຝ່າຍຈິດວິນຍານ. ໃນພຣະຄັມພີ, ຕົ້ນໂອ໊ກຈະກ່ຽວກັບສະຖານທີ່ບໍຣິສຸດ.</li></ul><h3 id="section-2">ຄໍາແນະນໍາໃນການແປ</h3><ul><li>ສະບັບແປ ຫລາຍສະບັບ ຈະໃຊ້ຄໍາວ່າ "ຕົ້ນໂອ໊ກ" ຫລາຍກວ່າ "ໂອ໊ກ."</li><li>ຫາກຕົ້ນໂອ໊ກ ບໍ່ເປັນທີ່ຮູ້ຈັກ ໃນວັດທະນະທັມ ຂອງພາສາທີ່ ຈະໃຊ້ແປ ສາມາດແປວ່າ "ຕົ້ນໂອ໊ກ ເຊິ່ງເປັນຕົ້ນໄມ້ທີ່ໃຫ້ຮົ່ມເງົາຂະໜາດໃຫຍ່ຄືກັບ..."  ແລ້ວໃຫ້ບອກຊື່ ຕົ້ນໄມ້ທ້ອງຖິ່ນ  ທີ່ມີລັກສະນະຄ້າຍກັນ.</li><li>ເບິ່ງເພີ່ມເຕີມ  :  [How to Translate Unknowns]</li></ul>  
oath	<h2 id="section">@ຄໍາສາບານ, @ສາບົດ, @ສາບານໂດຍ...</h2><h3 id="section-1">ນິຍາມ</h3><p>ໃນພຣະຄັມພີ, ການສາບານ ຄືການເຮັດສັນຍາ ເປັນທາງການວ່າຈະເຮັດສິ່ງໃດສິ່ງໜຶ່ງ. ບຸກຄົນທີ່ສາບານນັ້ນ ຈະຕ້ອງທໍາຕາມທີ່ສັນຍາໄວ້ ການສາບານກ່ຽວຂ້ອງ ກັບຄວາມມຸ່ງຫມັ້ນທີ່ຈະສັດຊື່ ແລະຈິງໃຈ.</p><ul><li>ຫລາຍເທື່ອຢູ່ໃນສານ, ພະຍານໃຫ້ຄໍາສາບານ ເພື່ອສັນຍາວ່າສິ່ງທີ່ເຂົາຈະເວົ້ານັ້ນເປັນຄວາມຈິງ ແລະຕົງຕາມຂໍ້ແທ້ຈິງ.</li><li>ໃນພຣະຄັມພີນັ້ນ ຄໍາວ່າ  "ສາບານ"  ໝາຍເຖິງການກ່າວຄໍາສາບານ.</li><li>ຄໍາວ່າ "ສາບານໂດຍ" ຫມາຍເຖິງ ການອ້າງເຖິງນາມ ຫລືຊື່ຂອງບາງສິ່ງ ເຊິ່ງເປັນພື້ນຖານ ຫລືມີພະລັງຕໍ່ຄໍາສາບານນັ້ນ.</li><li>ບາງຄັ້ງ ຄໍາເຫລົ່ານີ້ ຈະໃຊ້ນໍາກັນ 'ສາບົດສາບານ.'</li><li>ອັບຣາຮາມ ແລະອາບີເມເຫລັກ ໄດ້ກ່າວຄໍາສາບານເມື່ອພວກເຂົາ ໄດ້ເຮັດພັນທະສັນຍາຮ່ວມກັນ ກ່ຽວກັບການໃຊ້ ບໍ່ນໍ້າ.</li><li>ອັບຣາຮາມ ໃຫ້ຄົນໃຊ້ສາບານ (ຫລືສັນຍາຍ່າງເປັນທາງການ) ວ່າເຂົາຈະຫາເມຍ ໃຫ້ອີຊາກຈາກບັນດາຕະກູນ ຂອງອັບຣາຮາມ.</li><li>ພຣະເຈົ້າກໍກ່າວ ຄຳສາບານເຊັ່ນດຽວກັນ ເຊິ່ງພຣະອົງສັນຍາກັບປະຊາກອນຂອງພຣະອົງ.</li><li>ຄວາມໝາຍຂອງຄໍາວ່າ "ສາບົດ" ໃນສະໄຫມໃຫມ່ ນັ້ນໝາຍເຖິງການໃຊ້ຄໍາເວົ້າທີ່ບໍ່ສຸພາບ ເຊິ່ງບໍ່ແມ່ນຄວາມໝາຍ ດຽວກັນທີ່ໃຊ້ໃນພຣະຄັມພີ.</li></ul><h3 id="section-2">ຄໍາແນະນໍາໃນການແປ</h3><ul><li>ຂຶ້ນຢູ່ກັບບໍຣິບົດ ຄໍາວ່າ "ຄໍາສາບານ" ນັ້ນສາມາດແປໄດ້ວ່າ "ຄໍາປະຕິຍານ" ຫລື "ການສັນຍາ ຢ່າງເປັນພິທີການ."</li><li>ຄໍາວ່າ "ສາບົດ" ສາມາດແປໄດ້ວ່າ "ສັນຍາຢ່າງເປັນທາງການ" ຫລື "ປະຕິຍານວ່າ" ຫລື "ໃຫ້ຄໍາໝັ້ນວ່າ ຈະທໍາບາງສິ່ງບາງຢ່າງ"</li><li>ວິທີອື່ນໃນການແປ "ປະຕິຍານໃນນາມຂອງເຮົາ​" ສາມາດລວມ "ເຮັດສັນຍາ ໂດຍໃຊ້ນາມຂອງເຮົາ ເພື່ອຢືນຢັນ."</li><li>"ການສັນຍາ ໂດຍຟ້າສະຫວັນ ແລະແຜ່ນດິນໂລກ" ນັ້ນສາມາດແປໄດ້ວ່າ, "ສັນຍາທີ່ຈະເຮັດ ບາງສິ່ງບາງຍ່າງໂດຍເອົາສະຫວັນ ແລະແຜ່ນດິນໂລກ ມາຢືນຢັນ."</li><li>ໃຫ້ໝັ້ນໃຈວ່າ ການແປຄໍາວ່າ "ສາບົດ" ຫລື "ສາບານ" ນັ້ນບໍ່ໄດ້ອ້າງເຖິງ ການສາບແຊ່ງ. ໃນພຣະຄັມພີ ແມ່ນບໍ່ມີຄວາມຫມາຍແບບນັ້ນ.</li></ul>  
obadiah	<h2 id="section">@ໂອບາດີຢາ</h2><h3 id="section-1">ຂໍ້ເທັດຈິງ</h3><p>ໂອບາດີຢາ ເປັນ ຜູ້ປະກາດພຣະທັມ ໃນພັນທະສັນຍາເດີມ ທີ່ເຜີຍພຣະທັມ ຕໍ່ຕ້ານຊາວເມືອງເອໂດມ ເຊິ່ງເປັນລູກຫລານຂອງເອຊາວ  ຍັງມີຜູ້ຊາຍອີກ ຫລາຍຄົນ ໃນພັນທະສັນຍາເດີມ ທີ່ມີຊື່ວ່າໂອບາດີຢາ ດ້ວຍ.</p><ul><li>ພຣະທັມ ໂອບາດີຢາ ເປັນພຣະທັມ ເຫລັ້ມທີ່ສັ້ນທີ່ສຸດ ໃນພັນທະສັນຍາເດີມ  ແລະບອກເຖິງ ຄຳທໍານວາຍ ທີ່ໂອບາດີຢາ ໄດ້ຮັບຜ່ານທາງນິມິດ ຈາກພຣະເຈົ້າ.</li><li>ຍັງບໍ່ເປັນທີ່ຊັດເຈນວ່າ ໂອບາດີຢາ ມີຊີວິດຢູ່ ຫລືເຜີຍພຣະທໍັມເມື່ອໃດ  ອາດເປັນຊ່ວງ ການປົກຄອງ ຂອງກະສັດແຫ່ງ ຢູດາຄືກະສັດ ເຢໂຮຣາມ, ອາຮາດຢາ, ໂຢອາດ, ແລະອາທາລິຢາ,  ຜູ້ປະກາດພຣະທັມ ດານີເອນ, ເອເຊກຽນ, ແລະເຢເຣມີຢາ ອາດເຮັດການທໍານວາຍ ໃນຊ່ວງເວລາດຽວກັນດ້ວຍ.</li><li>ໂອບາດີຢາ  ອາດມີຊີວິດຢູ່ ໃນຊ່ວງທ້າຍການປົກຄອງ ຂອງເຊເດກີຢາ ແລະຊ່ວງເວລາທີ່ເປັນຊະເລີຍ ໃນບາບີໂລນ.</li><li>ບຸກຄົນ ອື່ນທີ່ມີຊື່ວ່າ ໂອບາດີຢາ ລວມເຖິງ ຜູ້ສືບເຊື້ອສາຍມາຈາກກະສັດ ໂຊນ, ຜູ້ຊາຍຈາກເຜົ່າກາດ ເຊຶ່ງຕໍ່ມາ ກາຍເປັນຄົນຂອງດາວິດ, ຜູ້ເບິ່ງແຍງພຣະຣາຊະວັັງ ຂອງກະສັດອາຮາບ, ຂ້າຣາຊການ ຂອງກະສັດເຢໂຮຊາຟັດ ເຊິ່ງແມ່ນຜູ້ຊາຍ ທີ່ຊ່ວຍສ້ອມແປງພຣະວິຫານ ໃນສະໄໝຂອງກະສັດ ໂຢສີຢາ; ຜູ້ຊາຍຊາວເລວີ ຜູ້ເຝົ້າປະຕູ ໃນສະໄໝ ຂອງຜູ້ປະກາດພຣະທັມ ເນເຫມີຢາ.</li><li>ອາດເປັນໄປໄດ້ ຜູ້ຂຽນພຣະທັມ ໂອບາດີຢາ ນັ້ນອາດເປັນຜູ້ຊາຍເຫລົ່ານີ້ຄົນໃດ ຄົນໜຶ່ງ.</li></ul>  
obey	<h2 id="section">@ເຊື່ອຟັງ, @ທີ່ເຊື່ອຟັງ, @ການເຊື່ອຟັງ</h2><h3 id="section-1">ນິຍາມ</h3><p>ຄຳວ່າ "ເຊື່ອຟັງ" ຫມາຍເຖິງ ການເຮັດຕາມທີ່ກຳນົດໄວ້ ຫລືໄດ້ຮັບຄຳສັ່ງມາ. ຄຳວ່າ "ທີ່ເຊື່ອຟັງ" ອະທິບາຍເຖິງລັກສະນະຂອງບຸກຄົນຊຶ່ງເຊື່ອຟັງ ໃນບາງເທື່ອຄຳສັ່ງ ອາດຈະບໍ່ເປັນລັກສະນະບໍ່ໃຫ້ເຮັດ ສິ່ງໃດສິ່ງໜຶ່ງ ເຊັ່ນ, "ບໍ່ໃຫ້ລັກ."</p><ul><li>ໂດຍປົກກະຕິ ຄຳວ່າ "ເຊື່ອຟັງ" ໃຊ້ໃນບໍລິບົດຂອງການເຊື່ອຟັງຄຳສັ່ງ ຫລືກົດຫມາຍຂອງບຸກຄົນ  ຜູ້ມີອຳນາດ.</li><li>ຍົກຕົວຢ່າງ ເຊັ່ນ, ປະຊາຊົນເຊື່ອ ຟັງກົດໝາຍ ຊິ່ງບົດຍັດໂດຍຜູ້ນຳຂອງປະເທດ, ຣາຊອານາຈັກ, ຫລືອົງກອນອື່ນໆ.</li><li>ລູກຫລານເຊື່ອ ຟັງພໍ່ແມ່ ຂອງພວກເຂົາ, ຂ້າທາດເຊື່ອຟັງນາຍຂອງເຂົາ, ປະຊາກອນ ເຊື່ອຟັງພຣະເຈົ້າ, ສ່ວນປະຊາຊົນເຊື່ອຟັງກົດໝາຍ ຂອງປະເທດ ຂອງພວກເຂົາ.</li><li>ເມື່ອ  ບາງຄົົນ ທີ່ມີອຳນາດ ສັ່ງປະຊາຊົນ ບໍ່ໃຫ້ເຮັດບາງສິ່ງ, ພວກເຂົາຈະຕ້ອງ ເຊື່ອຟັງ ໂດຍການບໍ່ເຮັດສິ່ງນັ້ນ.</li><li>ການແປຄຳນີ້ ສາມາດລວມຄຳ  ຫລືຄຳເວົ້າ ທີ່ມີຄວາມໝາຍ, "ເຮັດຫຍັງທີ່ໄດ້ຮັບຄຳສັ່ງ" ຫລື "ຕາມຄຳບັນຊາ" ຫລື "ກະທຳສິ່ງທີ່ພຣະເຈົ້າ ຊົງບັນຊາໃຫ້ເຮັດ."</li><li>ຄຳວ່າ "ເຊື່ອຟັງ" ສາມາດແປວ່າ "ການເຮັດຫຍັງຕາມທີ່ຖືກສັ່ງ" ຫລື "ຕາມຄຳສັ່ງ" ຫລື "ການເຮັດສິ່ງທີ່ ພຣະເຈົ້າຊົງສັ່ງ."</li></ul>  
offspring	<h2 id="section">@ຜູ້ສືບສະກຸນ</h2><h3 id="section-1">ນິຍາມ</h3><p>ຄຳວ່າ "ຜູ້ສືບສະກຸນ"  ຄືການອ້າງອີງ ທົ່ວໄປເຖິງການສືບເຊື້ອສາຍຂອງປະຊາຊົນ ຫລືສັດ.</p><ul><li>ຫລາຍເທື່ອ ໃນພຣະຄັມພີນັ້ນ, ຄຳວ່າ "ຜູ້ສືບເຊື້ອສາຍ" ມີຄວາມໝາຍດຽວກັນກັບ "ລູກຫລານ" ຫລື "ຜູ້ສືບສະກຸນ."</li><li>ຄຳວ່າ "ເມັດພັນ" ບາງເທື່ອໃຊ້ໃນແບບ ອຸບປະມາ ອ້າງເຖິງ ຜູ້ສືບສະກຸນ.</li></ul>  
oil	<h2 id="section">@ນໍ້າມັນ</h2><h3 id="section-1">ນິຍາມ</h3><p>ນ້ຳມັນ ເປັນຂອງແຫລວ ທີ່ມີລັກສະນະ ຂຸ້ນແລະໃສ ທີ່ສະກັດມາຈາກພືດ ຫລືຫມາກໄມ້ຕ່າງໆ.  ໃນສະໄໝພຣະຄັມພີ, ໂດຍປົກກະຕິນ້ຳມັນ ຈະສະກັດມາຈາກ ຜົນໝາກກອກ.</p><ul><li>ມີການໃຊ້ນ້ຳມັນ ຫມາກກອກເທດ ໃນການເຮັດອາຫານ, ການເຈີມ, ການຖວາຍເຄື່ອງບູຊາ, ໃຊ້ເປັນເຊື້ອໄຟສຳລັບຕະກຽງ, ແລະເປັນຢາປິ່ນປົວພະຍາດ.</li><li>ໃນສະໄຫມບູຮານ, ນ້ຳມັນໝາກກອກເທດ ເປັນສິນຄ້າຊຶ່ງມີລາຄາສູງ  ແລະການຄອບຄອງນ້ຳມັນ ສາມາດວັດເຖິງຄວາມຮັ່ງມີໄດ້.</li><li>ໃຫ້ແນ່ໃຈວ່າ ການແປຄຳນີ້ ອ້າງເຖິງນ້ຳມັນ ທີ່ໃຊ້ສຳລັບເຮັດອາຫານໄດ້, ບໍ່ໄດ້ໝາຍເຖິງ ນ້ຳມັນຊຶ່ງໃຊ້ກັບເຄື່ອງຍົນ. ໃນບາງພາສາ ມີການໃຊ້ຄຳທີ່ຕ່າງກັນ ລະຫວ່າງນ້ຳມັນປະເພດຕ່າງໆ.</li></ul>  
olive	<h2 id="section">@ໝາກກອກ</h2><h3 id="section-1">ນິຍາມ</h3><p>ໝາກກອກ ເປັນຫມາກໄມ້ ຂະໜາດນ້ອຍ ຮູບໄຂ່ຈາກຕົ້ນ ຫມາກກອກ, ຊຶ່ິ່ງສ່ວນໃຫຍ່ ປູກໃນແຖບອ້ອມຮອບ ທະເລເມດິເຕຣາເນ.</p><ul><li>ຕົ້ນໝາກກອກ  ມີລັກສະນະ ເປັນໄມ້ພຸ່ມ ຂະໜາດໃຫຍ່ທີ່ໃບຂຽວ ຕະຫລອດປີ ອອກດອກສີຂາວນ້ອຍໆ.  ສາມາດເຕີບໂຕໄດ້ດີ ໃນພື້ນທີ່ໆມີອາກາດຮ້ອນ ແລະສາມາດ ຂຶ້ນໄດ້ດີດ້ວຍນ້ຳຫລໍ່ລ້ຽງ ພຽງນ້ອຍໆ.</li><li>ຫມາກກອກ ຈະມີສີຂຽວ, ເມື່ອຫມາກສຸກ  ຈະກາຍເປັນສີດຳ.  ສາມາດນຳຫມາກກອກ ໄປກິນ ຫລືສະກັດເປັນນ້ຳມັນໄດ້.</li><li>ສາມາດໃຊ້ນ້ຳມັນໝາກກອກ ສຳຫລັບເຮັດອາຫານ, ເປັນເຊື້ອໄຟ ຂອງຕະກຽງ, ແລະໃຊ້ເປັນສ່ວນປະກອບ ໃນພິທີທາງສາສນາໄດ້.</li><li>ໃນພຣະຄັມພີນັ້ນ,  ບາງເທື່ອຈະມີການໃຊ້ຕົ້ນຫລືກິ່ງຫມາກກອກ ໃນຄໍາອຸບປະມາ ທີ່ອ້າງເຖິງປະຊາຊົນ.</li></ul>  
omri	<h2 id="section">@ອົມຣີ</h2><h3 id="section-1">ຂໍ້ເທັດຈິງ</h3><p>ອົມຣີ ເປັນຜູ້ບັນຊາການກອງທັບ ຜູ້ທີ່ໄດ້ກາຍເປັນກະສັດ ຜູ້ທີ່ຫົກ ຂອງອິສະຣາເອນ.</p><ul><li>ກະສັດ ອົມຣີ ຊົງຄອບຄອງ 12 ປີ ໃນເມືອງຕີຣະຊາ.</li><li>ເຊັ່ນດຽວກັບ ກະສັດທຸກພຣະອົງ ກ່ອນໜ້າພຣະອົງ, ກະສັດອົມຣີ ຊົງເປັນກະສັດ ທີ່ຊົ່ວຮ້າຍຫລາຍ ທີ່ໄດ້ນຳປະຊາກອນອິສະຣາເອນ ໃຫ້ນະມັດສະການພຣະອື່ນ.</li><li>ອົມຣີ ຢັງເປັນບິດາ ຂອງກະສັດອາຮາບ ອີກດ້ວຍ.</li></ul>  
on high	<h2 id="section">@ເບື້ອງເທິງ, @ໃນທີ່ສູງສຸດ</h2><h3 id="section-1">ນິຍາມ</h3><p>ຄຳວ່າ "ເບື້ອງເທິງ" ຫລື "ໃນທີ່ສູງສຸດ" ເປັນຄຳກ່າວຊຶ່ງ ໂດຍທົ່ວໄປ ໝາຍຄວາມວ່າ, "ໃນສະຫວັນ."</p><ul><li>ອີກຄວາມຫມາຍໜຶ່ງ ຂອງຄຳກ່າວວ່າ "ໃນທີ່ສູງສຸດ" ນັ້ນ</li></ul><p>ຫມາຍເຖິງ, "ໄດ້ຮັບກຽດສູງສຸດ."</p><ul><li>ຄຳກ່າວນີ້ ສາມາດໃຊ້ຕາມຕົວອັກສອນ, ເຊັ່ນໃນຄຳກ່າວວ່າ, "ເທິງຕົ້ນໄມ້ທີ່ສູງສຸດ" ເຊິ່ງມີຄວາມຫມາຍຕົງຕົວ ໝາຍຄວາມວ່າ "ເທິງຕົ້ນໄມ້ທີ່ສູງທີ່ສຸດ."</li><li>ຄຳວ່າ "ໃນທີ່ສູງ" ສາມາດອ້າງເຖິງ ໃນທີ່ສູງເທິງທ້ອງຟ້າ,  ເຊັ່ນ ຮັງນົກຢູ່ໃນທີ່ສູງ.  ເຊິ່ງໃນບໍລິບົດນັ້ນ ສາມາດແປວ່າ "ໃນທີ່ສູງເທິງທ້ອງຟ້າ" ຫລື "ເທິງຍອດໄມ້ທີ່ສູງ."</li><li>ຄຳວ່າ "ສູງ" ຊີ້ເຖິງສະຖານທີ່ ຊຶ່ງຕັ້ງຢູ່ເທິງ ທີ່ສູງຫລືຄວາມສຳຄັນ ຂອງບຸກຄົນຫລືສິ່ງຂອງ.</li><li>ຄຳກ່າວວ່າ "ຈາກເບື້ອງເທິງ" ສາມາດແປໄດ້ວ່າ  "ຈາກສະຫວັນ."</li></ul>  
oppress	<h2 id="section">@ກົດຂີ່ຂົ່ມເຫັງ, @ການກົດຂີ່, @ຜູ້ກົດຂີ່ຂົ່ມເຫັງ.</h2><h3 id="section-1">ນິຍາມ</h3><p>ຄຳວ່າ "ກົດຂີ່ຂົ່ມເຫັງ, ການກົດຂີ່, ຜູ້ກົດຂີ່ຂົ່ມເຫັງ" ອ້າງເຖິງການກະທຳ ຢ່າງຮຸນແຮງ ແລະບໍ່ສຸພາບ  ຕໍ່ປະຊາຊົນ.  ສ່ວນຄຳວ່າ "ຜູ້ກົດຂີ່ຂົ່ມເຫັງ" ໝາຍເຖິງບຸກຄົນ ຊຶ່ງກົດຂີ່ປະຊາຊົນ.</p><ul><li>ຄຳວ່າ "ການກົດຂີ່ຂົ່ມເຫັງ" ອ້າງເຖິງສະຖານະການ ຊຶ່ງຜູ້ທີ່ມີອຳນາດ ຫລາຍກວ່າ ປະຕິບັດຕໍ່ປະຊາຊົນ  ຢ່າງຊົ່ວຮ້າຍ ຫລືການຈັບ ປະຊາຊົນ ຊຶ່ງຢູ່ໃຕ້ອຳນາດ ຫລືການປົກຄອງ.</li><li>ຄຳວ່າ "ຜູ້ຖືກກົດຂີ່ຂົ່ມເຫັງ" ອະທິບາຍເຖິງປະຊາຊົນ ຜູ້ກຳລັງຖືກປະຕິບັດຢ່າງຮຸນແຮງ.</li><li>ຫລາຍເທື່ອ ຊົນຊາດສັດຕູ ແລະຜູ້ປົກຄອງ ທັງຫລາຍກໍເປັນຜູ້ກົດຂີ່ຂົ່ມເຫັງ ຊາວອິສະຣາເອນ.</li></ul><h3 id="section-2">ຄຳແນະນຳໃນການແປ</h3><ul><li>ຂຶ້ນຢູ່ກັບບໍຣິບົດ, "ກົດຂີ່ຂົ່ມເຫັງ"  ສາມາດແປວ່າ "ຖືກກະທຳຢ່າງຮຸນແຮງ" ຫລື "ຖືກເຮັດໃຫ້ຕ້ອງແບກພາລະຢ່າງໜັກ" ຫລື "ເຮັດໃຫ້ຕົກຢູ່ພາຍໃຕ້ ການຖືກບັງຄັບ ດ້ວຍຄວາມທຸກຍາກ" ຫລື "ປົກຄອງດ້ວຍຄວາມໂຫດຮ້າຍ."</li><li>ການແປຄຳວ່າ "ການກົດຂີ່ຂົ່ມເຫັງ" ສາມາດລວມເຖິງ "ການປາບປາມ ຢ່າງໜັກ ແລະການເປັນຂ້າທາດ" ຫລື "ການການຄວບຄຸມທີ່ເປັນພາລະ."</li><li>ຄຳເວົ້າທີ່ວ່າ "ຄົົນທີ່ຖືກກົດຂີ່" "ຄົນຖືກບີບບັງຄັບ" ສາມາດແປໄດ້ອີກຢ່າງວ່າ "ປະຊາກອນທີ່ຖືກກົດຂີ່" ຫລື "ປະຊາກອນເຊິ່ງຢູ່ພາຍໃຕ້ການບີບບັງຄັບ ອັນໜັກໜ່ວງ" ຫລື "ຜູ້ຊຶ່ງຖືກກະທຳຢ່າງໂຫດຮ້າຍ."</li><li>ຄຳວ່າ "ຜູ້ກົດຂີ່" ສາມາດແປອີກຢ່າງໄດ້ວ່າ "ຄົນຊຶ່ງກົດຂີ່ຂົ່ມເຫັງ" ຫລື "ປະຊາຊາດທີ່ບີບບັງຄັບ ແລະປົກຄອງດ້ວຍຄວາມໂຫດຮ້າຍ"  ຫລື "ຜູ້ຂົ່ມເຫັງ."</li></ul>  
ordain	<h2 id="section">@ແຕ່ງຕັ້ງ, @ສະຖາປະນາ</h2><h3 id="section-1">ນິຍາມ</h3><p>ການແຕ່ງຕັ້ງ ຫລືສະຖາປະນາບຸກຄົນ ຫມາຍເຖິງການແຕ່ງຕັ້ງບຸກຄົນ ເພື່ອພາລະກິດ ຫລືບົດບາດພິເສດ. ຍັງໝາຍເຖິງການບັນຍັດກົດເກນ ຫລືຄໍາສັ່ງ  ຢ່າງເປັນທາງການອີກດ້ວຍ.</p><ul><li>ຫລາຍເທື່ອຄຳວ່າ "ແຕ່ງຕັ້ງ, ສະຖາປະນາ" ອ້າງເຖິງການແຕ່ງຕັ້ງ ຢ່າງເປັນທາງການບາງຄົນ  ໃຫ້ເປັນປະໂລຫິດ, ສາສນາຈານ, ຫລືອາຈານ.</li><li>ຍົກຕົວຢ່າງເຊັ່ນຄຳວ່າ, ພຣະເຈົ້າ  ຊົງແຕ່ງຕັ້ງ ອາໂຣນແລະ ລູກຫລານຂອງອາໂຣນ  ໃຫ້ເປັນພວກປະໂລຫິດ.</li><li>ຍັງສາມາດແປໄດ້ ສ້າງ  ຫລືສະຖາປະນາບາງສິ່ງ, ເຊັ່ນ: ການລ້ຽງສະຫລອງ  ທາງສາສນາ ຫລື ພັນທະສັນຍາ.</li><li>ຂຶ້ນຢູ່ກັບບໍຣິບົດ, "ແຕ່ງຕັ້ງ, ສະຖາປະນາ"  ສາມາດແປໄດ້ວ່າ "ມອບໝາຍຫນ້າທີ່" ຫລື "ແຕ່ງຕັ້ງໃຫ້ເປັນ" ຫລື "ອອກຄຳສັ່ງ" ຫລື "ຕັ້ງກົດເກນ" ຫລື "ສະຖາປະນາ."</li></ul>  
ordinance	<h2 id="section">@ຄໍາສັ່ງ, @ກົດ, @ພຣະຣາຊະດີກາ</h2><h3 id="section-1">ນິຍາມ</h3><p>ຄຳວ່າ "ຄຳສັ່ງ, ກົດ, ພຣະຣາຊະດີກາ"  ຊຶ່ງເປັນຕົວກຳນົດກົດລະບຽບ ຫລື  ຄຳສັ່ງ  ເພື່ອໃຫ້ປະຊາຊົນກະທຳຕາມ.  ຄຳນີ້ມີຄວາມກ່ຽວຂ້ອງກັບຄຳວ່າ "ແຕ່ງຕັ້ງ."</p><ul><li>ບາງເທື່ອຄຳສັ່ງ ເປັນປະເພນີ ທີ່ໄດ້ກະທຳສືບທອດກັນຕໍ່ມາຢ່າງຍາວນານ.</li><li>ໃນພຣະຄັມພີ, ຄຳວ່າ "ຄຳສັ່ງ" ຄືບາງສິ່ງທີ່ພຣະເຈົ້າ ໄດ້ບັນຊາຊາວອິສະຣາເອນ ໃຫ້ກະທຳຕາມ. ໃນບາງເທື່ອພຣະອົງໄດ້ຊົງສັ່ງໃຫ້ພວກເຂົາ  ປະຕິບັດຕາມຕະຫລອດໄປ.</li><li>ຄຳວ່າ "ຄຳສັ່ງ" ສາມາດແປວ່າ "ກົດສາທາຣະນະ" ຫລື "ກົດລະບຽບ" ຫລື "ກົດຫມາຍ" ຂຶ້ນຢູ່ກັບບໍຣິບົດທີ່ນໍາໃຊ້.</li></ul>  
overseer	<h2 id="section">@ຜູ້ດູແລ</h2><h3 id="section-1">ນິຍາມ</h3><p>ຄຳວ່າ "ຜູ້ດູແລ" ອ້າງເຖິງບຸກຄົນ ຊິ່ງມີຫນ້າທີ່ຮັບຜິດຊອບ  ໃນງານ ແລະ ທຸກສຸກຂອງຄົນອື່ນ.</p><ul><li>ໃນພັນທະສັນຍາເດີມ, ຜູ້ດູແລມີຫນ້າທີ່  ສ້າງຄວາມຫມັ້ນໃຈວ່າ ຄົນງານພາຍໃຕ້ການດູແລ ຂອງຕົນ  ນັ້ນໄດ້ເຮັດຫນ້າທີ່ຂອງຕົນຢ່າງດີ.</li><li>ໃນພັນທະສັນຍາໃໝ່,  ຄຳນີ້ຖືກໃຊ້ ເພື່ອອະທິບາຍເຖິງ  ຜູ້ນຳຄຣິດສະຕະຈັກ ໃນຍຸກທໍາອິດ. ງານຂອງຜູ້ນຳ  ຄືການດູແລຄວາມຈຳເປັນ ຝ່າຍຈິດວິນຍານຂອງຄຣິສຕະຈັກ, ເຮັດໃຫ້ແນ່ໃຈວ່າຜູ້ເຊື່ອ  ໄດ້ຮັບການສັ່ງສອນ  ທີ່ຖືກຕ້ອງຕາມຫລັກ  ພຣະຄັມພີ.</li><li>ໂປໂລ  ອ້າງເຖິງຜູ້ດູແລວ່າ  ເປັນເໝືອນກັບຜູ້ລ້ຽງແກະ  ຜູ້ທີ່ດູແລ ຜູ້ເຊື່ອຂອງຕົນ ໃນຄຣິສຕະຈັກທ້ອງຖິ່ນ, ພວກເຂົາເປັນ "ຝູງແກະ" ຂອງທ່ານ.</li><li>ຜູ້ດູແລ, ເໝືອນກັບຜູ້ລ້ຽງແກະ,  ເຝົ້າດູແລ ຝູງແກະ.  ເຂົາຄອຍຖ້າປົກປ້ອງ ແລະ ປ້ອງກັນ ຜູ້ເຊື່ອ ທັງຫລາຍ ຈາກຄຳສອນຝ່າຍຈິດວິນຍານ  ທີ່ປອມ ແລະ ອິດທິພົນຊົ່ວຮ້າຍອື່ນໆ.</li><li>ໃນພັນທະສັນຍາໃໝ່, ຄຳວ່າ "ຜູ້ດູແລ," "ຜູ້ປົກຄອງ," ແລະ"ຜູ້ລ້ຽງແກະ/ສິດຍາພິບານ" ນັ້ນ ຕ່າງເປັນຄຳ ທີ່ອ້າງເຖິງຜູ້ນຳຝ່າຍຈິດວິນຍານຄືກັນ.</li></ul><h3 id="section-2">ຄຳແນະນຳໃນການແປ</h3><ul><li>ວິທີອື່ນໃນການແປຄຳນີ້  ສາມາດແປວ່າ, "ຜູ້ຄວບຄຸມ ດູແລ" ຫລື "ຜູ້ດູແລ" ຫລື "ຜູ້ຈັດການ."</li><li>ເມື່ອອ້າງເຖິງ  ຜູ້ນຳກຸ່ມຄົນ  ຂອງປະຊາກອນ  ຂອງພຣະເຈົ້າລະດັບທ້ອງຖິ່ນນັ້ນ, ສາມາດແປດ້ວຍຄຳ ຫລືຄຳເວົ້າ ທີ່ມີຄວາມຫມາຍວ່າ, "ຜູ້ດູແລ ຝ່າຍຈິດວິນຍານ" ຫລື "ຜູ້ຊຶ່ງດູແລຄວາມຕ້ອງ  ການ ຝ່າຍຈິດວິນຍານ ຂອງກຸ່ມຜູ້ເຊື່ອ" ຫລື "ບຸກຄົນ ຊຶ່ງດູແລ  ຄວາມຕ້ອງການ ຝ່າຍຈິດວິນຍານຂອງຄຣິສຕະຈັກ."</li></ul>  
overtake	<h2 id="section">@ໄລ່ຕາມທັນ, @ຕາມທັນ</h2><h3 id="section-1">ນິຍາມ</h3><p>ຄຳວ່າ "ໄລ່ຕາມທັນ" ຫລື "ຕາມທັນ" ອ້າງເຖິງການພະຍາຍາມບັງຄັບ ເຫນືອບາງຄົນ. ຫລື ບາງສິ່ງ  ໂດຍທົ່ວໄປລວມເຖິງ ຄວາມຄິດ ທີ່ຈັບບາງສິ່ງໄດ້  ຫລັງຈາກທີ່ພະຍາຍາມ ມາຈັກລະຍະຫນຶ່ງ.</p><ul><li>ເມື່ອກອງທັບທະຫານ "ໄລ່ຕາມທັນ" ສັດຕູ, ຫມາຍຄວາມວ່າພວກເຂົາ ເອົາຊະນະເໜືອສັດຕູ ໃນສະຫນາມຮົບ.</li><li>ເມື່ອຜູ້ໄລ່ລ່າໄລ່ຕາມເຫຍື່ອທັນ,  ໝາຍຄວາມວ່າຜູ້ລ່ານັ້ນໄດ້ພະຍາຍາມໄລ່ແລະສາມາດຕາມຈັບເຫຍື່ອໄດ້ທັນ.</li><li>ເມື່ອຄຳສາບແຊ່ງ "ໄລ່ຕາມທັນ"  ບາງຄົນ, ຫມາຍຄວາມວ່າແມ່ນຫຍັງກໍຕາມ  ທີ່ກ່າວໄວ້  ໃນຄຳສາບແຊ່ງ ນັ້ນຈະເກີດຂຶ້ນກັບບຸກຄົນນັ້ນ.</li><li>ຫາກພຣະພອນ ຕາມໃຜຄົນນຶ່ງທັນ, ຫມາຍຄວາມວ່າຄົນເຫລົ່ານັ້ນ ຈະໄດ້ຮັບພຣະພອນນັ້ນ.</li><li>ຂຶ້ນຢູ່ກັບບໍຣິບົດ, ຄຳວ່າ "ໄລ່ຕາມທັນ" ສາມາດແປວ່າ "ຊະນະ" ຫລື "ຈັບໄດ້" ຫລື "ປາບ" ຫລື "ໄລ່ຕາມທັນ" ຫລື "ມີຜົນຢ່າງສົມບູນ."</li><li>ນອກຈາກນີ້ ຄຳໃນອະດີດວ່າ "ໄດ້ໄລ່ຕາມທັນ"  ສາມາດແປໄດ້ອີກຢ່າງຫນຶ່ງວ່າ "ໄດ້ໄລ່ຈັບທັນ" ຫລື "ໄດ້ມາທຽບຄູ່ຂະໜານກັນ" ຫລື "ໄດ້ເອົາຊະນະ" ຫລື "ໄດ້ມີປາບລົງ" ຫລື "ໄດ້ເຮັດໃຫ້ເກີດອັນຕະລາຍແກ່."</li><li>ເມື່ອໃຊ້ເປັນຄຳເຕືອນວ່າ  ຄວາມມືດມິດ  ຫລື ການລົງໂທດຫລື ຄວາມໜ້າຢ້ານກົວ ຈະໄລ່ຕາມປະຊາກອນທັນ  ເພາະບາບຂອງພວກເຂົານັ້ນ,  ຫມາຍຄວາມວ່າ ຜູ້ຄົນເຫລົ່ານັ້ນ ຈະປະສົບກັບສິ່ງຊົ່ວຮ້າຍ  ຫາກພວກເຂົາ  ບໍ່ກັບໃຈ.</li><li>ຄຳເວົ້າທີ່ວ່າ, "ຖ້ອຍຄຳຂອງເຮົາກໍໄດ້ຕິດຕາມ ບັນພະບຸຣຸດຂອງເຈົ້າທັນ” ຫມາຍຄວາມວ່າ ຄຳສັ່ງສອນ ຊຶ່ງ ພຣະເຈົ້າຢາເວໄດ້ມອບໄວ້ໃຫ້  ແກ່ບັນພະບຸຣຸດຂອງພວກເຂົານັ້ນ ບັດນີ້ຈະເປັນເຫດໃຫ້ພວກເຂົາ  ໄດ້ຮັບການລົງໂທດ ເພາະພວກເຂົາບໍ່ໄດ້ເຊື່ອຟັງ  ຄຳສັ່ງສອນເຫລົ່ານັ້ນ.</li></ul>  
ox	<h2 id="section">@ງົວ, @ງົວຫລາຍຕົວ</h2><h3 id="section-1">ນິຍາມ</h3><p>ຄຳວ່າ "ງົວ" ​ເວົ້າເຖິງສັດລ້ຽງປະເພດໜຶ່ງເຊິ່ງໄດ້ຮັບການຝຶກເປັນພິເສດໃຫ້ເຮັດວຽກກະສິກຳ.  ໃນພາສາອັງກິດນັ້ນຮູບພະຫູພົດແມ່ນ "ງົວຫລາຍຕົວ"  ຕາມປົກກະຕິແລ້ວງົວຈະໝາຍເຖິງງົວຕົວຜູ້ເຊິ່ງຖືກເຮັດໝັນແລ້ວ.</p><ul><li>ຕະຫລອດພຣະຄໍັມພີ,  ງົວໄດ້ຮັບການກ່າວເຖິງວ່າເປັນສັດ​ທີ່ຕ້ອງແບກແອກເພື່ອລາກກວຽນຫລືໄຖນາ.</li><li>ງົວຫລາຍຕົວທີ່ເຮັດວຽກນຳກັນພາຍໃຕ້ແອກເປັນເຫດການທີ່ສາມາດພົບໄດ້ທົ່ວໄປໃນສະໄໝຂອງພຣະຄັມພີ ປະໂຫຍກ "ຢູ່ພາຍໃຕ້ແອກ" ກາຍເປັນຄຳອຸບປະມາຂອງງານໜັກດ້ວຍການໃຊ້ແຮງງານ.</li><li>ງົວຕົວຜູ້ເປັນສັດລ້ຽງຕົວຜູ້ ແຕ່ເປັນງົວຕົວຜູ້ທີ່ຍັງບໍ່ໄດ້ເຮັດໝັນແລະບໍ່ໄດ້ຖືກຝຶກໃຫ້ເປັນສັດເຮັດວຽກ.</li></ul>  
paddan aram	<h2 id="section">@ປັດດານ @ອາຣຳ</h2><h3 id="section-1">ຂໍ້ເທັດຈິງ</h3><p>ປັດດານ ອາຣຳ  ເປັນຊື່ແຄ້ວນນຶ່ງ ຊຶ່ງຄອບຄົວຂອງອັບຣາຮາມອາໃສ  ຢູ່ກ່ອນທີ່ຈະອອກເດີນທາງ  ໄປຍັງດິນແດນການາອານ ມີຄວາມໝາຍວ່າ ທົ່ງພຽງແຫ່ງອາຣຳ.</p><ul><li>ເມືອງອັບບຣາຮາມ ໄດ້ຈາກເມືອງຮາຣານ ໃນ ປັດດານອາຣຳເພື່ອເດີນທາງໄປຍັງດິນແດນ  ການາອານນັ້ນ ຄອບຄົວໃຫຍ່ຂອງອັບ  ຣາຮາມ  ຍັງຄົງອາໃສຢູ່ທີ່  ຮາຣານ</li><li>ຫຼາຍປີຕໍ່ມາ ຄົນຮັບໃຊ້ຂອງອັບຣາຮາມ  ໄດ້ໄປທີ່ ປັດດານອາຣຳເພື່ອຊອກຫາເມຍ ໃຫ້ກັບອີຊາກ ໃນຍາດຕິພີ່ນ້ອງຂອງລາວ ຊຶ່ງອາໃສຢູ່ທີ່ນັ້ນ ແລະໄດ້ພົບກັບ ເຣເບກາ ຊຶ່ງເປັນຫຼານສາວຂອງເບທູເອັນ</li><li>ບຸດຊາຍຂອງອີຊາກ  ແລະ ເຣເບກາ ແມ່ນຢາໂຄບ ໄດ້ເດີນທາງໄປຍັງເມືອງປັດດານອາຣຳ ແລະ ໄດ້ແຕ່ງງານ ກັບລູກສາວສອງຄົນຂອງລາບານ ນ້ອງຊາຍ ເຣເບກາ ຊຶ່ງອາໃສຢູ່ໃນເມືອງ ຮາຣານ</li><li>ອາຣຳ, ປັດດານອາຣຳ, ແລະ ອາຣຳ ນາຫະຣີອັມ ທຸກເມືອງເປັນແຄ້ວນດຽວກັນ ຊຶ່ງປະຈຸບັນ ເປັນທີ່ຕັ້ງຂອງປະເທດຊີເຣຍ</li></ul>  
pagan	<h2 id="section">@ພວກນອກສາດສະໜາ</h2><h3 id="section-1">ນິຍາມ</h3><p>ໃນສະໄໝພຣະຄັມພີນັ້ນ ຄຳວ່າ "ພວກນອກສາດສະໜາ" ໃຊ້ອະທິບາຍເຖິງຄົນທີ່ນະມັດສະການພຣະປອມແທນການນະມັດສະການພຣະເຈົ້າຢາເວ.</p><ul><li>ສີ່ງຕ່າງໆ ທີ່ກ່ຽວກັບຄົນກຸ່ມນີ້ ເຊັ່ນ ແທ່ນບູຊາທີ່ພວກເຂົານະມັດສະການ ພິທີກຳທາງສາດສະໜາທີ່ພວກເຂົາປະຕິບັດ ຫຼືຄວາມເຊື່ອຂອງພວກເຂົາ ຖືກເອີ້ນວ່າ "ນອກສາດສະໜາ" ເຊັ່ນດຽວກັນ.</li><li>ພວກນອກສາດສະໜາເຊື່ອໃນລະບົບທີ່ລວມໄປເຖີງການນະມັດສະການພຣະປອມຫຼືນະມັດສະການທຳມະຊາດ.</li><li>ສາດສະໜາປອມບາງສາດສະໜາລວມໄປເຖີງພິທີກຳເຊິ່ງກ່ຽວກັບພິທີກຳທາງເພດຫຼືການຂ້າຄົນເພື່ອເປັນສ່ວນນຶ່ງຂອງການນະມັດສະການ.</li></ul>  
palace	<h2 id="section">@ພຣະຣາດຊະວັງ</h2><h3 id="section-1">ນິຍາມ</h3><p>ຄຳວ່າ "ພຣະຣາດຊະວັງ" ອ້າງເຖິງອາຄານຫຼືບ້ານທີ່ເຊິ່ງກະສັດປະທັບຢູ່ພ້ອມດ້ວຍສະມາຊິກຣາດຊະວົງແລະບັນດາເຫລົ່າຂ້າຣາດຊະບໍລິພານ.</p><ul><li>ມະຫາປະໂລຫິດອາໃສຢູ່ບໍລິເວນພຣະຣາດຊະວັງເຊັ່ນດຽວກັນ, ດັ່ງທີ່ໄດ້ມີການກ່າວໄວ້ໃນພຣະສັນຍາໃໝ່.</li><li>ພຣະຣາດຊະວັງຕ່າງໆ ຈະມີການຕົກແຕ່ງ ດ້ວຍສະຖາປັດຕິຍະກຳແລະເຄື່ອງເຮືອນທີ່ສວຍງາມ.</li><li>ໂຕອາຄານແລະເຄື່ອງເຮືອນຂອງພຣະຣາດຊະວັງກໍ່ສ້າງດ້ວຍຫີນຫຼືໄມ້ ແລະຫຸ້ມດ້ວຍໄມ້ລາຄາແພງ ຄຳແລະງາຊ້າງ.</li><li>ຄົນຈຳນວນຫຼາຍອາໃສຢູ່ແລະເຮັດວຽກບໍລິເວນພຣະຣາດຊະວັງ,ເຊິ່ງມັກຈະປະກອບໄປດ້ວຍອາຄານຫຼາຍອາຄານແລະເດີ່ນພຣະຣາຊະວັງ.</li></ul>  
palm	<h2 id="section">@ຕົ້ນປາມ</h2><h3 id="section-1">ນິຍາມ</h3><p>ຄຳວ່າ "ປາມ" ອ້າງເຖີງຕົ້ນໄມ້ສູງເຊີ່ງໃບມີລັກສະນະຫ່ຽວຍາວແລະອ່ອນ ເຊິ່ງສ່ວນໃບຈະຂື້ນໃນຍອດຕົ້ນຂອງມັນມີລັກສະນະຄືໃບພັດ.</p><ul><li>ຕົ້ນປາມໃນພຣະຄັມພີໂດຍທົ່ວໄປແລ້ວອ້າງເຖີງຕົ້ນປາມຊະນິດໜື່ງເຊີ່ງອອກລູກເປັນ "ໝາກອິນທະຜາລຳ" ສ່ວນໃບແລະກ້ານມີລັກສະນະຄືກັບຂົນນົກ.</li><li>ຕົ້ນປາມໂດຍທົ່ວໄປແລ້ວຈະເຕີບໂຕໃນພື້ນທີ່ ໆມີລັກສະນະອາກາດຮ້ອນຊຸ່ມ ສ່ວນໃບຈະຂຽວຕະຫຼອດທັງປີ.</li></ul><p>ເມື່ອພຣະເຢຊູສະເດັດເຂົ້າສູ່ກຸງເຢຣູຊາເລັມເທີ່ງຫຼັງຄາ,ປະຊາຊົນໄດ້ປູໃບປາມລົງທີ່ພື້ນຕໍ່ແຖວໃບປາມຕໍ່ພຣະພັກພຣະອົງ.</p><ul><li>ກ້ານປາມເປັນສັນຍາລັກແຫ່ງສັນຕິພາບແລະການສະເຫລີມສະຫລອງໄຊຊະນະ.</li></ul>  
parable	<h2 id="section">@ຄຳອຸປະມາ</h2><h3 id="section-1">ນິຍາມ</h3><p>ຄຳວ່າ "ຄຳອຸປະມາ" ໂດຍປົກກະຕິແລ້ວອ້າງເຖິງເລື່ອງສັ້ນຫຼືບົດຮຽນເປົ້າໝາຍໃນຊີວິດປະຈຳວັນທີ່ໃຊ້ເປັນອະທິບາຍຫຼືສັ່ງສອນຄວາມຈີງດ້ານສິນລະທັມ.</p><ul><li>ພຣະເຢຊູຊົງໃຊ້ຄຳອຸປະມາເພື່ອສັ່ງສອນພວກສາວົກຂອງພຣະອົງ. ແມ່ນວ່າພຣະອົງຊົງໃຊ້ຄຳອຸປະມາເພື່ອສັ່ງສອນປະຊາຊົນເຊັ່ນດຽວກັນ, ແຕ່ພຣະອົງກໍບໍ່ໄດ້ອະທິບາຍເຖີງຄວາມໝາຍຂອງຄຳອຸປະມາສະເໝີໄປ</li><li>ຄຳອຸປະມາສາມາດໃຊ້ເພື່ອເປີດເຜີຍຄວາມຈີງບາງຢ່າງຕໍ່ສາວົກຂອງພຣະອົງໄດ້ໃນຂະນະທີ່ເຊື່ອງຄວາມຈີງຈາກປະຊາຊົນເຊັ່ນພວກຟາລີຊາຍຜູ້ທີ່ເຊື່ອໃນອົງພຣະເຢຊູຄຣິດ.</li><li>ຜູ້ເຜີຍພຣະວັດຈະນະນາທານໄດ້ໃຊ້ຄຳອຸປະມາໜື່ງເພື່ອສະແດງໃຫ້ກະສັດເຫັນເຖິງບາບອັນຊົ່ວຮ້າຍຂອງທ່ານ.</li><li>ເລື່ອງລາວຂອງຊາວສະມາເລຍໃຈດີເປັນຕົວຢ່າງຂອງຄຳອຸປະມາທີ່ເປັນເລື່ອງລາວ ການປຽບທຽບຂອງພຣະເຢຊູ ລະຫວ່າງຖົງເຫລົ້າອາງຸ່ນເກົ່າແລະໃໝ່ນັ້ນ,ເປັນຕົວຢ່າງຂອງຄຳອຸປະມາທີ່ເປັນບົດຮຽນຈາກການໃຊ້ສີ່ງຂອງເພື່ອຊ່ວຍໃຫ້ສາວົກເຂົ້າໃຈຄຳສອນຂອງພຣະເຢຊູ.</li></ul>  
paran	<h2 id="section">@ປາລານ</h2><h3 id="section-1">ຂໍ້ເທັດຈິງ</h3><p>ປາລານເປັນທະເລຊາຍຫຼືຖິ່ນທຸລະກັນດານທາງຕາເວັນອອກຂອງເອຢິບແລະດິນແດນທາງຕອນໃຕ້ຂອງການາອານ. ຍັງມີພູເຂົາຊື່ປາລານເຊິ່ງອາດເປັນອີກຊື່ນຶ່ງຂອງພູເຂົາຊີນາຍ.</p><ul><li>ສາວໃຊ້ຊື່ວ່າຮາກາແລະບຸດຊາຍຊື່ວ່າອິດສະມາເອວໄດ້ອອກໄປອາໃສຢູ່ໃນຖິ່ນແຫ້ງແລ້ງທຸລະກັນດານປາລານຫຼັງຈາກທີ່ນາງຊາລາໄດ້ສັ່ງໃຫ້ອັບລາຮາມສົ່ງພວກເຂົາທັງສອງອອກໄປ.</li></ul><p>ເມື່ອໂມເຊນຳຊາວພວກອິດສະລາເອນອອກມາຈາກເອຢິບນັ້ນ ພວກເຂົາໄດ້ເດີນທາງຜ່ານຖິ່ນທຸລະກັນດານແຫ່ງປາລານ.</p><ul><li>ຈາກຄາເດັດບາເນຍໃນຖິ່ນທຸລະກັນດານປາລານທີ່ໂມເຊໄດ້ສົ່ງຜູ້ຊາຍສິບສອງຄົນໄປສອດແນມດິນແດນການາອານແລະກັບມາລາຍງານ.</li><li>ຖິ່ນທຸລະກັນດານຊິນ ເຊິ່ງຢູ່ທາງຕອນເໜືອຂອງປາລານແລະຖິ່ນທຸລະກັນດານສີນຢູ່ທາງຕອນໃຕ້ຂອງປາລານ.</li></ul>  
pardon	<h2 id="section">@ການໃຫ້ອະໄພ</h2><h3 id="section-1">ນິຍາມ</h3><p>ຄຳວ່າ ການໃຫ້ອະໄພ ໝາຍຄວາມວ່າ ການຍົກໂທດແລະບໍ່ລົງໂທດບາງຄົນສຳລັບບາບຂອງເຂົາ.</p><ul><li>ຄຳນີ້ມີຄວາມໝາຍດຽວ​ກັນກັບຄຳວ່າ ຍົກໂທດ ຍັງຄວາມໝາຍຂອງການຕັດສິນຢ່າງເປັນທາງການທີ່ຈະບໍ່ລົງໂທດຜູ້ມີຄວາມຜິດ</li><li>​ທີ່ສານຕັດ​ສິນ ຜຸ້ພິພາກສາສາມາດຍົກໂທດບຸກຄົນທີ່ມີຄວາມຜິດ​ໄດ້.</li><li>ເຖິງແມ່ນວ່າເຮົາຈະມີຄວາມຜິດບາບ ພຣະຢຊູຄຣິດຊົງອະໄພແກ່ເຮົາບໍ່ໃຫ້ເຮົາຕົກນາຮົກ ໂດຍການສິ້ນພຣະຊົນຂອງພຣະອົງເທິງໄມ້ກາງແຂນ</li></ul><h3 id="section-2">ຄຳແນະນຳໃນການແປ</h3><ul><li>ໃນພາສານີ້ໝາຍເຖິງການຕັດສິນໃຈຢ່າງເປັນທາງການທີ່ຈະໃຫ້ອະໄພ ຄຳນັ້ນສາມາດໃຊ້ໃນການແປຄຳນີ້ໄດ້.</li><li>ຄຳນີ້ສາມາດແປຄືກັບຄຳວ່າ "ຍົກໂທດ" ແລະ "ການຍົກໂທດ."</li></ul>  
partial	<h2 id="section">@ເປັນບາງສ່ວນ, @ຄວາມລຳອຽງ</h2><h3 id="section-1">ນິຍາມ</h3><p>ຄຳວ່າ "ເປັນບາງສ່ວນ" ແລະ "ສະແດງຄວາມລຳອຽງ" ອ້າງເຖິງການເລືອກທີ່ຈະປະຕິບັດຕໍ່ຄົນໜຶ່ງເປັນຄືໜຶ່ງວ່າມີຄວາມສຳຄັນກວ່າຄົນອື່ນໆ.</p><ul><li>ນີ້ຄືກັບການສະແດງຄວາມຊົມເຊີຍ, ເຊິ່ງໝາຍເຖິງການປະຕິບັດກັບບາງຄົນດີກວ່າປະຕິບັດກັບຄົນອື່ນໆ.</li><li>ໂດຍປົກກະຕິແລ້ວຄວາມລຳອຽງຫຼືຄວາມຊົມເຊີຍຈະສະແດງຕໍ່ຄົນເພາະວ່າພວກເຂົາຮັ່ງມີກວ່າ ຫຼື ເປັນທີ່ນິຍົມຫຼາຍກວ່າຄົນອື່ນ.</li><li>ພຣະຄັມພີສອນປະຊາຊົນບໍ່ໃຫ້ສະແດງຄວາມລຳອຽງຫຼືຄວາມຊື່ນຊົມຕໍ່ປະຊາຊົນຜູ້ຮັ່ງມີຫຼືຜູ້ມີຕຳແໜ່ງສູງ.</li><li>ໃນຈົດໝາຍທີ່ຂຽນເຖິງຊາວໂຣມນັ້ນ ໂປໂລໄດ້ສອນວ່າພຣະເຈົ້າຊົງຕັດສິນທຸກຄົນດ້ວຍຄວາມທ່ຽງທັມແລະບໍ່ລຳອຽງ.</li><li>ພຣະທັມຢາໂກໂບໄດ້ສອນວ່າເປັນການຜິດທີ່ຈະມອບທີ່ນັ່ງທີ່ດີກວ່າຫຼືການປະຕິບັດທີ່ດີກວ່າຕໍ່ຄົນໜຶ່ງເພາະພວກເຂົາຮັ່ງມີ.</li></ul>  
passover	<h2 id="section">@ປັດສະຄາ</h2><h3 id="section-1">ນິຍາມ</h3><p>ຄຳວ່າ "ປັດສະຄາ" ນັ້ນເປັນຊື່ຂອງເທດການທາງສາສະໜາຊຶ່ງຊາວຢິວສະເຫລີມສະຫລອງເປັນປະຈຳທຸກປີ, ເພື່ອລະນຶກວ່າພະເຈົ້າຊົງຊ່ວຍກູ້ບັນພະບຸລຸດຂອງພວກເຂົາຊາວອິດສະຣາເອນໃຫ້ພົ້ນ,ຈາກການເປັນຂ້າທາດໃນເອຢິບໄດ້ ຢ່າງໃດ.</p><ul><li>ຊື່ຂອງເທດສະການຕາມຈິງແລ້ວມີທີ່ມາຈາກຂໍ້ແທ້ຈິງວ່າພຣະເຈົ້າຊົງ "ຜ່ານຂ້ວາມໄປ" ບ້ານທັງຫຼາຍຂອງຊາວອິດສະລາເອນ ແລະບໍ່ໄດ້ປະຫານບຸດຊາຍຂອງຊາວອິດສະຣາເອນ ຕອນທີ່ພຣະອົງຊົງປະຫານບຸດຊາຍຫົວປີທຸກຄົນຂອງຊາວອີຢິບ.</li><li>ການສະເຫລີມສະຫລອງເທດສະການປັດສະຄາທັງໝົດໄປເຖິງອາຫານຄາບພິເສດຄືລູກແກະທີ່ປາສະຈາກຕຳໜິຊຶ່ງພວກເຂົາໄດ້ຂ້າແລະອົບ, ເຊັ່ນດຽວກັບຂະໜົມປັງທີ່ປາສະຈາກເຊື້ອແປ້ງ,  ອາຫານເຫຼົ່ານີ້ເປັນທີ່ລະນຶກເຖິງຄາບອາຫານທີ່ຊາວອິດສະຣາເອນໄດ້ຮັບປະທານໃນຄືນກ່ອນທີ່ພວກທ່ານຈະໜີອອກຈາກອີຢິປ.</li><li>ພຣະເຈົ້າຕັດກ່າວກັບຊາວອິດສະຣາເອນໃຫ້ຮັບປະທານອາຫານມື້ນີ້ທຸກປີເພື່ອລະນຶກແລະສະເຫລີມສະຫລອງທີ່ພຣະເຈົ້າໄດ້ "ຂ້ວາມຜ່ານ" ບ້ານຂອງພວກເຂົາໄປແລະເຮັດໃຫ້ພວກເຂົາເປັນອິດສະຫລະຈາກການເປັນຂ້າທາດໃນເອຢີບ.</li></ul><h3 id="section-2">ຄຳແນະນຳໃນການແປ</h3><ul><li>ຄຳວ່າ "ປັດສະຄາ" ສາມາດແປໂດຍການນຳເອົາສອງຄຳມາລວມກັນນັ້ນຄືຄຳວ່າ "ຜ່ານ" ແລະ "ຂ້ວາມ" ຫລືປະສົມກັບຄຳອື່ນທີ່ມີຄວາມໝາຍແບບນີ້.</li><li>ຈະເປັນປະໂຫຍດຫຼາຍຫາກຊື່ຂອງເທດສະການນີ້ມີຄວາມເຊື່ອມຕໍ່ທີ່ຊັດແຈ້ງລະຫວ່າງຄຳຊຶ່ງສາມາດໃຊ້ອະທິບາຍໄດ້ວ່າທູດຂອງອົງພຣະຜູ້ເປັນເຈົ້າໄດ້ຂ້ວາມຜ່ານໜ້າບ້ານທັງຫຼາຍຂອງຊາວອິດສະຣາເອນແລະບໍ່ເອົາຊີວິດບຸດຊາຍຂອງພວກທ່ານແຕ່ຢ່າງໃດ.</li></ul>  
pastor	<h2 id="section">@ສິດຍາພິບານ</h2><h3 id="section-1">ນິຍາມ</h3><p>ຄຳວ່າ "ສິດຍາພິບານ" ມີຄວາມໝາຍຕາມຕັວອັກສອນເຊັ່ນດຽວກັນກັບຄຳວ່າ "ຜູ້ລ້ຽງແກະ"  ໃຊ້ເປັນຄຳຊຶ່ງບອກຕຳແໜ່ງຂອງຄົນຊຶ່ງເປັນຜູ້ນຳຝ່າຍຈິດວິດຍານຂອງຄົນທີ່ເຊື່ອ.</p><ul><li>ໃນພຣະຄັມພີສະບັບພາສາອັງກິດນັ້ນ ຄຳວ່າ "ສິດຍາພິບານ" ປາກົດພຽງເທື່ອດຽວໃນພຣະທັມ ເອເຟໂຊ  ຄຳດັ່ງກ່າວເປັນຄຳດຽວກັບຄຳວ່າ "ຜູ້ລ້ຽງແກະ" ເຊິ່ງປາກົດໃນພຣະຄັມຂໍ້ອື່ນໆ.</li><li>ສຳລັບພາສາອື່ນໆນັ້ນ ຄຳວ່າ "ສິດຍາພິບານ" ອາດເປັນຄຳດຽວກັບຄຳວ່າ "ຜູ້ລ້ຽງແກະ"</li><li>ເປັນຄຳດຽວກັບຄຳທີ່ໃຊ້ອ້າງເຖິງພຣະເຢຊູໃນຖານະ "ຜູ້ລ້ຽງແກະທີ່ດີ."</li></ul><h3 id="section-2">ຄຳແນະນຳໃນການແປ</h3><ul><li>ທາງທີ່ດີທີ່ສຸດຄວນແປຄຳນີ້ເປັນຄຳດຽວທີ່ແປວ່າ "ຜູ້ລ້ຽງແກະ" ໃນພາສາຕາມໂຄງການແປ.</li><li>ວິທີອື່ນໃນການແປຄຳນີ້ລວມເຖິງ"ຜູ້ລ້ຽງຝ່າຍຈິດວິດຍານ" ຫລື "ຜູ້ນຳຜູ້ລ້ຽງຄຣິດສະຕຽນ."</li></ul>  
patient	<h2 id="section">@ອົດທົນ, @ຄວາມອົດທົນ</h2><h3 id="section-1">ນິຍາມ</h3><p>ຄຳວ່າ "ອົດທົນ" ຫຼື "ຄວາມອົດທົນ" ອ້າງເຖິງການບາກບັ່ນພະຍາຍາມຜ່ານສະຖານະການທີ່ຍາກລຳບາກ. ຫຼາຍເທື່ອນັ້ນຄວາມອົດທົນກ່ຽວຂ້ອງການຄອຍຖ້າຢູ່ດ້ວຍ.</p><ul><li>ເມື່ອປະຊາຊົນອົດທົນກັບ ບາງໝາຍຄວາມວ່າພວກທ່ານຮັກບຸກຄົນແລະຍົກໂທດໃຫ້ ບໍ່ວ່າບຸກຄົນນັ້ນຈະມີຄວາມຜິດຢ່າງໃດ.</li><li>ພຣະຄັມພີ ປະຊາກອນຂອງພຣະເຈົ້າໃຫ້ມີຄວາມອົດທົນເມື່ອຜະເຊີນກັບຄວາມຍາກລຳບາກແລະອົດທົນຕໍ່ກັນແລະກັນ.</li><li>ເນື່ອງດ້ວຍພຣະເມດຕາຂອງພຣະອົງ, ພຣະເຈົ້າຊົງອົດທົນຕໍ່ຄົນທັງຫຼາຍ, ເຖິງແມ່ນວ່າຄົນເຫຼົ່ານີ້ຈະເປັນຄົນບາບຊຶ່ງສົມຄວນໄດ້ຮັບໂທດ.</li></ul>  
patriarchs	<h2 id="section">@ປິຕາຈານ</h2><h3 id="section-1">ນິຍາມ</h3><p>ຄຳວ່າ "ປິຕາຈານ " ໃນພັນທະສັນຍາເດີມອ້າງເຖິງບັນພະບຸລຸດຜູ້ກໍ່ຕັ້ງຊົນຊາດຢິວ ສະເພາະຢ່າງຍິ່ງອັບລາຮາມ ອີຊາກ ແລະຢາໂຄບ.</p><ul><li>ຄຳດັ່ງກ່າວໄດ້ອ້າງເຖິງບຸດຊາຍສິບສອງຄົນຂອງຢາໂຄບຊຶ່ງໄດ້ມາເປັນປິຕາຈານ ທັງ 12 ເຜົ່າຂອງອິດສະລາເອນ.</li><li>ຄຳວ່າ "ປິຕາຈານ " ມີຄວາມໝາຍຄືກັບຄຳວ່າ "ບັນພະບຸລຸດ" ແຕ່ອ້າງເຖິງເປັນພິເສດເຖິງຜູ້ຊາຍທີ່ເປັນຜູ້ນຳປິຕາຈານທີ່ເປັນທີ່ຮູ້ຈັກກັນດີຂອງກຸ່ມປະຊາຊົນ.</li></ul>  
paul	<h2 id="section">@ໂປໂລ, @ໂຊໂລ</h2><h3 id="section-1">ຂໍ້ເທັດຈິງ</h3><p>ໂປໂລຄືຜູ້ນຳຂອງຄຣິດສະຈັກໃນຍຸກເລີ້ມຕົ້ນເຊິ່ງພຣະເຢຊູໄດ້ສົ່ງອອກໄປເພື່ອປະກາດຂ່າວປະເສີດແກ່ກຸ່ມຊົນຊາດທັງຫຼາຍ.</p><ul><li>ໂປໂລເປັນຊາວຢິວເຊິ່ງກຳເນີດໃນເມືອງຂອງໂຣມ ເມືອງໜຶ່ງຊື່ເມືອງທາຊັດ ດ້ວຍເຫດນີ້ໂປໂລຈຶ່ງເປັນຊາວໂຣມ.</li><li>ໂປໂລ ເດີມນັ້ນມີຊື່ຢິວວ່າໂຊໂລ.</li><li>ໂຊໂລໄດ້ກາຍມາເປັນຜູ້ນຳສາດສະໜາຊາວຢິວແລະໄດ້ເກີດການຈັບກຸມຊາວຢິວຊຶ່ງປ່ຽນມາເປັນຄຣິດສະຕຽນເພາະທ່ານຄິດວ່າທ່ານເຫຼົ່ານັ້ນບໍ່ສັດຊື່ຕໍ່ພຣະເຈົ້າໂດຍມາເຊື່ອໃນພຣະເຢຊູ.</li><li>ພຣະເຢຊູຊົງເປີດເຜີຍພຣະອົງແກ່ໂປໂລໃນແສງສະຫວ່າງກ້າຈາກທ້ອງຟ້າ ແລະຊົງກ່າວແກ່ໂຊໂລໃຫ້ທ່ານຢຸດຂົ່ມເຫັງຄຣິດສະຕຽນ.</li><li>ໂຊໂລໄດ້ເຊື່ອໃນພຣະເຢຊູແລະໄດ້ເລີ່ມຕົ້ນສັ່ງສອນບັນດາຊາວຢິວກ່ຽວກັບພຣະເຢຊູ.</li><li>ຕໍ່ມາພາຍຫຼັງພຣະເຈົ້າໄດ້ຊົງສົ່ງໂຊໂລໄປສັ່ງສອນປະຊາຊົນທີ່ບໍ່ແມ່ນຊາວຢິວກ່ຽວກັບພຣະເຢຊູແລະໄດ້ເລີ້ມກໍ່ຕັ້ງຄຣິດສະຕະຈັກຕ່າງໆ ໃນເມືອງຫຼາຍເມືອງຂອງອານາຈັກໂຣມ. ໃນເວລານີ້ເອງທີ່ທ່ານຖືກເອີ້ນລາວດ້ວຍຊື່ໂຣມວ່າ "ໂປໂລ."</li><li>ນອກຈາກນີ້ໂປໂລຍັງໄດ້ຂຽນຈົດໝາຍຫຼາຍສະບັບເພື່ອໜູນໃຈແລະສັ່ງສອນຄຣິດສະຕຽນໃນຄຣິສຕະຈັກຕ່າງໆ. ຈົດໝາຍຫຼາຍສະບັບເຫຼົ່ານີ້ຢູ່ໃນພັນທະສັນຍາໃໝ່.</li></ul>  
peace	<h2 id="section">@ສັນຕິສຸກ, @ຢ່າງສັນຕິ</h2><h3 id="section-1">ນິຍາມ</h3><p>ຄຳວ່າ "ສັນຕິສຸກ"  ອ້າງເຖິງສະຖານະທີ່ເປັນຢູ່ຫລືຄວາມຮູ້ສຶກເຊິ່ງປາສະຈາກຄວາມຂັດແຍ້ງ ຄວາມວິຕົກກັງວົນ, ຫຼືຄວາມຢ້ານ  ບຸກຄົນຜູ້ທີ່ມີ "ສັນຕິສຸກ" ຈະຮູ້ສຶກສະຫງົບແລະໝັ້ນໃຈໃນຄວາມປອດໄພແລະໝັ້ນຄົງ.</p><ul><li>ຄຳວ່າ "ສັນຕິສຸກ" ຍັງອ້າງເຖິງຊ່ວງເວລາທີ່ກຸ່ມຊົນຊາດຫຼືປະເທດຕ່າງໆ ບໍ່ຢູ່ໃນພາວະສົງຄາມຕໍ່ກັນ. ຄົນເຫຼົ່ານີ້ກ່າວໄດ້ວ່າມີ "ມີຄວາມສຳພັນຢ່າງສັນຕິ."</li><li>ສ່ວນຄຳວ່າ "ສ້າງສັນຕິ" ກັບບຸກຄົນຫຼືກຸ່ມຄົນ ໝາຍຄວາມວ່າກະທຳສິ່ງທີ່ຈະເຮັດໃຫ້ການສູ້ຮົບໄດ້ຍຸດຕິລົງ.</li><li>"ຜູ້ສ້າງສັນຕິ" ໝາຍເຖິງບາງຄົນຜູ້ເຊິ່ງໄດ້ກ່າວສິ່ງທີ່ປະຊາຊົນທີ່ມີອິດທິພົນໃຫ້ດຳເນີນຊີວິດຢ່າງສະຫງົບນຳກັນ</li><li>ມີ "ສັນຕິສຸກ" ກັບຄົນອື່ນໝາຍຄວາມວ່າຢູ່ໃນສະຖານະທີ່ບໍ່ສູ້ຮົບກັບຄົນເຫຼົ່ານັ້ນ.</li><li>ຄວາມສຳພັນທີ່ດີແລະຖືກຕ້ອງລະຫວ່າງພຣະເຈົ້າກັບມະນຸດນັ້ນເກີດຂຶ້ນເມື່ອພຣະເຈົ້າຊົງຊ່ວຍກູ້ມະນຸດຈາກຄວາມບາບຂອງພວກເຂົາ. ເອີ້ນວ່າການມີ "ສັນຕິສຸກໃນພຣະເຈົ້າ"</li><li>ຄຳກ່າວທັກທາຍທີ່ວ່າ "ຂໍພຣະຄຸນແລະສັນຕິສຸກ" ຖືກໃຊ້ໂດຍບັນດາອັກຄະສາວົກໃນຈົດໝາຍຂອງພວກເຂົາທີ່ມີເຖິງບັນດາຜູ້ເຊື່ອທັງຫຼາຍເພື່ອເປັນການອວຍພອນ.</li><li>ຄຳວ່າ "ສັນຕິສຸກ" ສາມາດອ້າງເຖິງການມີຄວາມສຳພັນທີ່ດີກັບຄົນອື່ນຫຼືກັບພຣະເຈົ້າ.</li></ul>  
peace offering	<h2 id="section">@ການຖວາຍ</h2><h3 id="section-1">ນິຍາມ</h3><p>ຄຳວ່າ "ຖວາຍເຄື່ອງສັນຕິບູຊາ" ຄືໜຶ່ງໃນການຖວາຍເຄື່ອງບູຊາທີ່ພຣະເຈົ້າຊົງບັນຊາໃຫ້ຊາວອິດສະລາເອນຖວາຍ.  ບາງເທື່ອຖືກເອີ້ນວ່າ "ການຖວາຍຂອບພຣະຄຸນ" ຫຼື "ສຳພັນທະພາບບູຊາ."</p><ul><li>ການຖວາຍເຄື່ອງບູຊານັ້ນມີການຖວາຍບູຊາສັດທີ່ປາສະຈາກຕຳໜິແດ່ພຣະເຈົ້າ, ການພົມເລືອດທີ່ແທ່ນບູຊາ ແລະການເຜົາໄຂມັນແລະສ່ວນອື່ນໆໂດຍເຜົາແຍກຕ່າງຫາກ.</li><li>ນອກຈາກນີ້ຍັງມີການຖວາຍເຂົ້າໜົມປັງບໍ່ມີເຊື້ອ​ແປ້ງ​ຟູ,ເຜົາວາງເທິງແທ່ນບູຊາ.</li><li>ປະໂລຫິດແລະຜູ້ທີ່ຖວາຍເຄື່ອງບູຊາໄດ້ຮັບອະນຸຍາດໃຫ້ຮັບປະທານສ່ວນແບ່ງອາຫານທີ່ເປັນເຄື່ອງເຜົາບູຊາ.</li><li>ການຖວາຍເຄື່ອງບູຊາເປັນສັນຍາລັກເຖິງສາມັກຄີທັມລະຫວ່າງພຣະເຈົ້າແລະປະຊາກອນຂອງພຣະອົງ.</li></ul>  
pentecost	<h2 id="section">@ເພັນເຕຄອດ, @ເທດສະການທ້າຍອາທິດ</h2><h3 id="section-1">ນິຍາມ</h3><p>"ເທດສະການທັງອາທິດ" ແມ່ນເທດສະການ ທີ່​ຈະ​ຕ້ອງ​ຈັດ​ຂຶ້ນ​ຫລັງ​ຈາກ ຫ້າ​ສິ​ບມື້​ຈາກວັນ "ເພັນເຕຄອດ. "</p><ul><li>ເທດການທ້າຍອາທິດ ຄືໄລຍະເວລາເຖິງເຈັດອາທິດ (ຫ້າສິບມື້) ຫຼັງການລ້ຽງສະຫລອງຜົນແຮກໃນພັນທະສັນຍາໃໝ່.  ເທດການນີ້ເອີ້ນວ່າ "ເພັນເຕຄອດ ໌" ຊຶ່ງມີ "ຫ້າສິບ" ເປັນສ່ວນຫນຶ່ງຂອງຄວາມໝາຍ.</li><li>ເທດການທ້າຍອາທິດຈັດຂຶ້ນເພື່ອສະເຫລິມສະຫລອງການເລີ່ມຕົ້ນການເກັບກ່ຽວເຂົ້າ.  ນອກຈາກນີ້ຢັງເປັນຊ່ວງເວລາທີ່ຈະລະນຶກເຖິງທີ່ແລກ ທີ່ພຣະເຈົ້າປະທານພະບັນຍັດຂອງພຣະອົງໃຫ້ກັບອິດສະຣາເອນເທິງແຜ່ນສີລາທີ່ປະທານໃຫ້ແກ່ໂມເຊ.</li><li>ໃນພັນທະສັນຍາໃໝ່ນັ້ນ, ມື້ເພັນເຕຄອດມີຄວາມສຳຄັນເປັນພິເສດ ເພາະເປັນຊ່ວງເວລາທີ່ບັນດາຜູ້ເຊື່ອໃນພຣະເຢຊູຄຣິດໄດ້ຮັບພຣະວິນຍານບໍລິສຸດໃນວິທີໃໝ່.</li></ul>  
people group	<h2 id="section">@ກຸ່ມປະຊາຊົນ" @ຫລື @"ກຸ່ມຄົນ,ປະຊາກອນ</h2><h3 id="section-1">ນິຍາມ</h3><p>ຄຳວ່າ "ກຸ່ມປະຊາຊົນ" ຫລື "ກຸ່ມຄົນ" ອ້າງເຖິງກຸ່ມຄົນຊຶ່ງມີພາສາແລະວັດທະນະທຳທີ່ຄືກັນ.  ສ່ວນປະໂຫຍກວ່າ "ປະຊາຊົນ" ອ້າງເຖິງເຫດການທັງໝົດ ຂອງກຸ່ມຄົນໃນສະຖານທີ່ສະເພາະ ຫຼືໃນເຫດການສະເພາະ</p><ul><li>ການທີ່ພຣະເຈົ້າຊົງແຍກ "ປະຊາຊົນ" ສຳລັບພຣະອົງເອງ ໝາຍເຖິງພຣະອົງຊົງເລືອກປະຊາຊົນໂດຍສະເພາະເພື່ອເປັນຂອງພຣະອົງແລະຮັບໃຊ້ພຣະອົງ</li><li>ໃນສະໄໝພຣະຄຳພີ ສະມາຊິກທີ່ຢູ່ໃນກຸ່ມຫຼືຊົນຊາດດຽວກັນມັກຈະມີບັນພະບຸລຸດດຽວກັນແລະອາໄສຢູ່ນຳກັນເປັນກຸ່ມໃນປະເທດຫລືດິນແດນໃດດິນແດນໜຶ່ງ</li><li>ຂຶ້ນຢູ່ກັບກໍ​ລະ​ນີ​ໃນປະໂຫຍກນັ້ນ ເຊັ່ນ "ປະຊາຊົນຂອງທ່ານ" ສາມາດແປວ່າ "ກຸ່ມຄົນຂອງທ່ານ" ຫຼື ຄອບຄົວຂອງທ່ານ" ຫຼື "ເຄືອຍາດຂອງທ່ານ"</li><li>ຄຳວ່າ "ຫຼາຍເຊື້ອຊາດ" ຫຼາຍເທື່ອຈະໃຊ້ເພື່ອອ້າງເຖິງກຸ່ມຊົນຊາດທຸກຊາດທົ່ວໂລກ ບາງເທື່ອຈະອ້າງເຖິງສະເພາະເຈາະຈົ່ງເຖິງປະຊາຊົນທີ່ບໍ່ແມ່ນຊາວອິດສະລາເອນ ຫຼືບັນດາຄົົນທີ່ບໍ່ໄດ້ຮັບໃຊ້ພຣະຢາເວ ໃນພຣະຄຳພີ ພາສາອັງກິດບາງສະບັບນັ້ນໃຊ້ຄຳວ່າ "ຊົນຊາດ"  ໃນຄວາມໝາຍນີ້</li></ul><h3 id="section-2">ຄຳແນະນຳໃນການແປ</h3><ul><li>ຄຳວ່າ "ກຸ່ມຊົນ" ສາມາດແປໂດຍໃຊ້ອື່ນຊຶ່ງມີຄວາມໝາຍວ່າ "ລຸ່ມເຄືອຍາດຂະໜາດໃຫຍ່" ຫລື "ເຜົ່າພັນ  ຫຼື "ຊົນກຸ່ມນ້ອຍ"</li><li>ປະໂຫຍກ "ປະຊາກອນຂອງເຮົາ" ສາມາດແປອີກຢ່າງໜຶ່ງວ່າ "ຍາດພີ່ນ້ອງຂອງເຮົາ" ຫຼື "ສະຫາຍຊາວອິດສະລາເອນຂອງເຮົາ" ຫຼື "ຄອບຄົວຂອງເຮົາ" ຫຼື "ຊົນຊາດຂອງເຮົາ" ຂຶ້ນຢູ່ກັບກໍ​ລະ​ນີ</li><li>ຄຳກ່າວວ່າ " ກະທຳໃຫ້ທ່ານທັງຫຼາຍກະຈັດກະຈາຍ ໄປຢູ່ທ່າມກາງຊົນຊາດທັງຫຼາຍ" ສາມາດແປໄດ້ອີກຢ່າງວ່າ "ເຮັດໃຫ້ທ່ານໄປອາໄສຢູ່ກັບກຸ່ມຊົນຕ່າງໆທີ່ແຕກຕ່າງກັນ" ຫຼື "ເຮັດໃຫ້ທ່ານຕ້ອງແຍກຈາກກັນເພື່ອໄປອາໄສຢູ່ທີ່ຕ່າງກັນທັ່ວໂລກ"</li><li>ຄຳວ່າ "ຫຼາຍເຊື້ອຊາດ" ຫຼື "ປະຊາຊົນ" ສາມາດແປອີກຢ່າງໜຶ່ງໄດ້ວ່າ "ປະຊາກອນໃນໂລກນີ້" ຫລື "ກຸ່ມຊົນຕ່າງໆ" ຂຶ້ນຢູ່ກັບ​ກໍ​ລະ​ນີ​ເໜືອ​ຫາ</li><li>ປະໂຫຍກທີ່ວ່າ "ປະຊາຊົນຂອງ" ສາມາດແປອີກຢ່າງໄດ້ວ່າ "ປະຊາຊົນເຊີ່ງອາໄສຢູ່ໃນ" ຫຼື "ປະຊາຊົນເຊີ່ງສືບເຊື້ອສາຍມາຈາກ" ຫຼື "ຕະກູນຂອງ" ຂຶ້ນຢູ່ກັບວ່າຈະຕາມດ້ວຍຊື່ສະຖານທີ່ຫຼືຊື່ຄົນ</li><li>"ບັນດາເຜົ່າພັນຂອງໂລກ"  ສາມາດແປອີກຢ່າງໜຶ່ງວ່າ "ທຸກຄົົນທີ່ມີຊີວິດຢູ່ໃນໂລກ" ຫຼື "ບຸກຄົນໃນໂລກ" ຫຼື "ຄົນທັງປວງ"</li><li>ປະໂຫຍກ "ຄົນ" ສາມາດແປວ່າ "ກຸ່ມປະຊາຊົນ" ຫລື "ປະຊາຊົນນັ້ນ" ຫຼື "ຊຸມຊົນຂອງປະຊາຊົນ" ຫຼື "ຕະກູນຂອງປະຊາຊົນ"</li></ul>  
people of god	<h2 id="section">@ປະຊາກອນຂອງພຣະເຈົ້າ, @ປະຊາກອນຂອງເຮົາ</h2><h3 id="section-1">ນິຍາມ</h3><p>ຄຳວ່າ "ປະຊາກອນຂອງພຣະເຈົ້າ" ອ້າງເຖິງປະຊາຊົນ​ທີ່ພຣະເຈົ້າຊົງເອີ້ນອອກມາຈາກ​ຝ່າຍໂລກເພື່ອໃຫ້ມີຄວາມສຳພັນພິເສດກັບພຣະອົງ</p><ul><li>ເມື່ອພຣະເຈົ້າສັ່ງວ່າ "ປະຊາກອນຂອງເຮົາ" ນັ້ນພຣະອົງຊົງກຳລັງກ່າວເຖິງປະຊາກອນ​ທີ່ພຣະອົງຊົງເລືອກແລະຜູ້ທີ່ມີຄວາມສຳພັນກັບພຣະອົງ</li><li>ປະຊາກອນຂອງພຣະເຈົ້າໄດ້ຮັບການຊົງເລືອກໂດຍພຣະອົງເອງແລະຖືກແຍກອອກມາຈາກໂລກເພື່ອດຳເນີນຊີວິດໃຫ້ເປັນທີ່ພໍພະໄທຂອງພຣະອົງ ພະອົງຊົງເອີ້ນພວກທ່ານວ່າລູກຫຼານຂອງພຣະອົງ</li><li>ໃນພັນທະສັນຍາເດີມ ຄຳວ່າ "ປະຊາກອນຂອງພຣະເຈົ້າ" ອ້າງເຖິງຊົນຊາດອິດສະລາເອນເຊີ່ງໄດ້ຮັບການຊົງເລືອກຈາກພຣະເຈົ້າແລະຖືກແຍກອອກມາຈາກຊົນຊາດອື່ນໆ ຂອງໂລກເພື່ອຮັບໃຊ້ແລະເຊື່ອຟັງພຣະອົງ</li><li>ໃນພັນທະສັນຍາໃໝ່ ຄຳວ່າ "ປະຊາກອນຂອງພຣະເຈົ້າ" ​ເວົ້າເຖິງຄົນທັງໝົດທີ່ເຊື່ອໃນພຣະເຢຊູແລະຖືກເອີ້ນວ່າຄຣິດຕະຈັກ  ​ຮວ​ມ​ທັງຊາວຢິວແລະຊາວຕ່າງຊາດ</li></ul><h3 id="section-2">ຄຳແນະນຳໃນການແປ</h3><ul><li>ຄຳວ່າ "ປະຊາກອນຂອງພຣະເຈົ້າ" ສາມາດແປອີກຢ່າງໄດ້ວ່າ "ປະຊາກອນຂອງພຣະເຈົ້າ" ຫຼື "ປະຊາກອນທີ່ນະມັດການພຣະເຈົ້າ" ຫຼື "ປະຊາກອນຜູ້ຮັບໃຊ້ພຣະເຈົ້າ" ຫຼື "ປະຊາກອນເຊີ່ງເປັນຂອງພຣະເຈົ້າ"</li><li>ວິທີອື່ນທີ່ແປ "ປະຊາກອນຂອງເຮົາ" ເມື່ອພຣະເຈົ້າຊົງກ່າວນັ້ນ ສາມາດທັງໝົດ "ປະຊາກອນທີ່ເຮົາໄດ້ເລືອກໄວ້" ຫຼື "ປະຊາກອນຊຶ່ງນະມັດການເຮົາ" ຫລື "ປະຊາກອນເຊີ່ງເປັນຂອງເຮົາ"</li><li>ໃນທຳນອງຄ້າຍກັນ ຄຳວ່າ "ປະຊາກອນຂອງທ່ານ" ສາມາດແປອີກຢ່າງໄດ້ວ່າ "ປະຊາກອນເຊີ່ງເປັນຂອງທ່ານ" ຫຼື "ປະຊາກອນຊຶ່ງທ່ານໄດ້ເລືອກໃຫ້ເປັນຂອງທ່ານ"</li><li>"ປະຊາກອນຂອງພຣະອົງເຈົ້າ" ສາມາດແປອີກຢ່າງໄດ້ວ່າ "ປະຊາກອນເຊີ່ງເປັນຂອງພຣະອົງເຈົ້າ" ຫຼື "ປະຊາກອນເຊີ່ງພຣະເຈົ້າຊົງເລືອກໃຫ້ເປັນຂອງພຣະອົງ"</li></ul>  
peor	<h2 id="section">@"ເປໂອ" @ຫຼື @"ພູເຂົາເປໂອ"</h2><h3 id="section-1">ຂໍ້ເທັດຈິງ</h3><p>ຄຳວ່າ "ເປໂອ" ຫຼື "ພູເຂົາເປໂອ" ແມ່ນພູເຂົາຊຶ່ງຕັ້ງຢູ່ທາງທິດຕະເວັນອອກສຽງເໜືອຂອງທະເລເກືອ  ໃນດິນແດນໂມອາບ</p><ul><li>"ເບັດເປໂອ" ​ແມ່ນຊື່ເມືອງຕັ້ງຢູ່ເທິງພູເຂົາອາດໃກ້ບໍລິເວນໃກ້​ກັບ​ບ່ອນໂມເຊເສຍຊີວິດລົງຫຼັງຈາກທີ່ພຣະເຈົ້າຊົງໄດ້ຊີ້ໃຫ້ທ່ານເຫັນດິນແດນພັນທະສັນຍາ</li><li>"ພະບາອານແຫ່ງເປໂອ" ເປັນພະທຽມຂອງຄົນໂມອາບທີ່ພວກທ່ານນະມັດສະການເທິງພູເຂົາເປໂອ ຊາວອິດສະລາເອນເຄີຍນະມັດການຮູບເຄົາລົບນີ້ແລະພຣະເຈົ້າຊົງລົງໂທດພວກທ່ານເພາະການກະທຳນັ້ນ</li></ul>  
perfect	<h2 id="section">@ຄວາມສົມບູນ​ແບບ</h2><h3 id="section-1">ນິຍາມ</h3><p>ໃນພຣະຄຳພີນັ້ນ ຄຳວ່າ "ສົມບູນແບບ" ໝາຍເຖິງການມີຊີວິດຄຣິດສະຕຽນທີ່ເຕີບໂຕເຕັມທີ່  ສ່ວນການເຮັດໃຫ້ສິ່ງໃດສິ່ງໜຶ່ງສົມບູນ​ແບບໝາຍເຖິງການເຮັດຈົນກວ່າສິ່ງນັ້ນດີໝົດ, ປາສະຈາກຂໍ້ຜິດພາດໃດໆ</p><ul><li>ສົມບູນແບບແລະເຕີບໂຕເຕັມທີ່ນັ້ນໝາຍເຖິງຄຣິດສະຕຽນທີ່ເຊື່ອຟັງແລະປາສະຈາກບາບ</li><li>ຄຳວ່າ "ສົມບູນ​ແບບ" ມີຄວາມໝາຍດຽວກັບ "ຄົບຖ້ວນ" ຫຼື "ສິ່ງສົມບູນ"</li><li>ໃນພັນທະສັນຍາໃໝ່ ພຣະທຳຢາໂກໂບໄດ້ກ່າວໄວ້ວ່າການອົດທົນເຮັດໃຫ້ຜ່ານພົ້ນ ການທົດລອງຈະເຮັດໃຫ້ຜູ້ເຊື່ອນັ້ນເປັນຄົົນທີ່ສົມບູນແລະເຕີບໂຕເຕັມທີ່</li><li>ເມື່ອຄຣິດສະຕຽນສຶກສາພຣະຄຳພີແລະເຊື່ອຟັງ  ພວກທ່ານຈະມີຄວາມສົມບູນດ້ານຈິດວິນຍານແລະເຕີບໂຕເຕັມທີ່ ເພາະພວກທ່ານຈະເປັນເໝືອນພຣະເຢຊູຫຼາຍຂຶ້ນ</li></ul><h3 id="section-2">ຄຳແນະນຳໃນການແປ</h3><ul><li>ຄຳນີ້ສາມາດແປໄດ້ອີກວ່າ "ປາສະຈາກຕຳໜິ" ຫຼື "ປາສະຈາກຂໍ້ຜິດພາດ" ຫຼື "ບໍ່ມີຂໍ້ຜິດພາດເລີຍ"</li></ul>  
perish	<h2 id="section">@ຈິບຫາຍ</h2><h3 id="section-1">ນິຍາມ</h3><p>ຄຳວ່າ "ຈິບຫາຍ" ໝາຍເຖິງຕາຍຫຼືຖືກທຳລາຍເຊີ່ງມັກຈະເປັນຜົນມາຈາກຄວາມຮຸນແຮງຫຼືໄພພິບັດ ໃນພຣະຄຳພີນັ້ນ ຄຳນີ້ມີຄວາມໝາຍວ່າຖືກລົງໂທດໃນນາລົກຊົ່ວນິລັນດອນ</p><ul><li>ຜູ້ຄົນ​ທີ່ກຳລັງ "​ຈິບຫາຍ" ໝາຍເຖິງຜູ້ຄົນເຊີ່ງປາຍທາງຂອງທ່ານນັ້ນຄືນາລົກເພາະພວກທ່ານປະຕິເສດທີ່ຈະເຊື່ອໃນພຣະເຢຊູມາ​ເປັນ​ພ​ຣະຊ່ວຍໃຫ້ພົ້ນ</li><li>ໃນໂຢຮັນ 3:16 ໄດ້ສອນເຮົາໃນເລື່ອງຂອງຄວາມ "ຈິບຫາຍ" ວ່າໝາຍເຖິງການບໍ່ໄດ້ຢູ່ໃນສະຫວັນນິລັນດອນ</li></ul><h3 id="section-2">ຄຳແນະນຳໃນການແປ</h3><ul><li>ຂຶ້ນຢູ່ກັບກໍ​ລະ​ນີ  ຂອງເນື້ອຄວາມ ວິທີການແປຄຳນີ້ສາມາດທັງໝົດ "ຕາຍນິລັນດອນ" ຫຼື "ຖືກລົງໂທດໃນນາລົກ" ຫຼື "ຖືກທຳລາຍ"</li><li>ໃຫ້ແນ່ໃຈວ່າເມື່ອແປຄຳວ່າ "ຈິບຫາຍ" ສາມາດມີຄວາມໝາຍວ່າຢູ່ໃນນາລົກຊົ່ວນິລັນດອນ ບໍ່ໄດ້ມີໝາຍຄວາມວ່າ "ຢຸດທີ່ຈະມີຊີວິດຢູ່"</li></ul>  
perizzite	<h2 id="section">@ຄົນເພີຣິຊີດ</h2><h3 id="section-1">ຂໍ້ເທັດຈິງ</h3><p>ຄົນເພີຣິຊີດຄືໜຶ່ງໃນກຸ່ມຊົນຊາດທີ່ອາໄສຢູ່ໃນດິນແດນຄານາອານ  ມີຂໍ້ມູນພຽງນ້ອຍດຽວກ່ຽວກັບຊົນກຸ່ມນີ້ວ່າບັນພະບຸລຸດຂອງພວກທ່ານຄືໃຜແລະພວກທ່ານອາໄສຢູ່ສ່ວນໃດຂອງດິນແດນການາອານ</p><ul><li>ຄົນເພີຣິຊີດໄດ້ຖືກກ່າວເຖິງເລີຍໆໃນພັນທະສັນຍາເດີມພຣະທຳພວກຜູ້ປົກຄອງທີ່ໄດ້ບັນທຶກໄວ້ວ່າມີການແຕ່ງງານຂ້າມເຜົ່າພັນລະຫວ່າງຄົນເພີຣິຊີດແລະຄົນອິດສະລາເອນ ເຊີ່ງພາຍຫຼັງໄດ້ນຳໄປສູ່ການນະມັດສະການພະທຽມທັງຫຼາຍ</li><li>ໝາຍເຫດ ຄົນໃນເຜົ່າເປເລດຈະເອີ້ນວ່າ "ຄົນເພີຣິຊີດ"  ຊຶ່ງແຕກຕ່າງຈາກຄົນເພີຣິຊີດໃນການແປນັ້ນຄວນໃຊ້ການສະກົດຊື່ແຕກຕ່າງກັນໂດຍທັງສິ້ນເພື່ອໃຫ້ເຫັນຂໍ້ແຕກຕ່າງທີ່ຊັດເຈນ</li></ul>  
persecute	<h2 id="section">@ຖືກຂົ່ມເຫັງ , @ການ​ຖືກຂົ່ມເຫັງ</h2><h3 id="section-1">ນິຍາມ</h3><p>ຄຳວ່າ "​ຖືກຂົ່ມເຫັງ" ຫລື "ການ​ຖືກຂົ່ມເຫັງ" ​ເວົ້າເຖິງການປະຕິບັດຕໍ່ບຸກຄົນຫລືຄົນກຸ່ມໜຶ່ງດ້ວຍວິທີການທີ່ໂຫດຮ້າຍຈົນໃຫ້ເກີດອັນຕະລາຍ</p><ul><li>ການຖືກຂົ່ມເຫັງສາມາດເກີດຂຶ້ນກັບບຸກຄົນຫລືຫຼາຍຄົນກໍໄດ້  ມັກຈະມີຄວາມກ່ຽວໂຢງກັບການຊ້ຳ​ຊາກ</li><li>ຊາວອິດສະລາເອນຖືກຂົ່ມເຫັງໂດຍຄົນຫຼາຍກຸ່ມ  ຜູ້ເຊີ່ງໄດ້ໂຈມຕີພວກທ່ານ ຈັບເອົາໄປເປັນຊະເລີຍ ແລະລັກຊັບສິນຈາກພວກທ່ານ</li><li>ຜູ້ຄົນທີ່ຂົ່ມເຫັງຜູ້ອື່ນທີ່ເຊື່ອໃນສາດສະໜາທີ່ຕ່າງໄປຈາກພວກເຂົາຫລືຂົ່ມເຫັງຜູ້ທີ່ອ່ອນແອກວ່າຕົນເອງ</li><li>ຜູ້ນຳສາສະໜາຊາວຢິວຂົ່ມເຫັງພຣະເຢຊູເພາະພວກເຂົາບໍ່ມັກໃນສິ່ງທີ່ພຣະເຢຊູສັ່ງສອນ</li><li>ຫຼັງຈາກທີ່ພຣະເຢຊູສະເດັດສູ່ສະຫວັນ ຜູ້ນຳສາສະໜາຊາວຢິວແລະຂ້າລາຊະການຊາວໂຣມພາ​ກັນກໍ່ການຂົ່ມເຫັງບັນດາຜູ້ທີ່ຕິດຕາມພຣະອົງ</li><li>ຄຳວ່າ "ຂົ່ມເຫັງ" ສາມາດແປອີກຢ່າງໄດ້ວ່າ "ການຖືກກົດຂີ່ຢູ່ເລື່ອຍໆ" ຫລື "ກະທຳຢ່າງໂຫດຮ້າຍ" ຫລື "ປະຕິບັດ.ດ້ວຍຄວາມໂຫດຮ້າຍຢ່າງຕໍ່ເນື່ອງ</li><li>ວິທີການແປຄຳວ່າ "ການຂົ່ມເຫັງ" ນັ້ນສາມາດເວົ້າໄດ້ທັງໝົດ "ການປະຕິບັດດ້ວຍຄວາມໂຫດຮ້າຍ" ຫລື "ການກົດຂີ່" ຫລື "ການປະຕິບັດທີ່ກໍ່ໃຫ້ເກີດຄວາມເຈັບປວດຢ່າງຕໍ່ເນື່ອງ"</li></ul>  
perseverance	<h2 id="section">@ບາກບັ່ນ , @ຄວາມບາກບັ່ນ</h2><h3 id="section-1">ນິຍາມ</h3><p>ຄຳວ່າ "ບາກບັ່ນ" ແລະ "ຄວາມບາກບັ່ນ" ​ໝາຍເຖິງການເຮັດສິ່ງໃດສິ່ງໜຶ່ງຢ່າງຕໍ່ເນື່ອງເຖິງວ່າສິ່ງນັ້ນຈະທຸກຍາກຫລືໃຊ້ໄລຍະເວລາຍາວນານເທົ່າໃດກໍຕາມ</p><ul><li>ຄຳວ່າ "ຄວາມບາກບັ່ນ" ສາມາດແປໄດ້ອີກຢ່າງໜຶ່ງ ວ່າພະຍາຍາມເຮັດດ້ວຍວິທີການຂອງພຣະຄຣິດເຖິງວ່າຈະຕ້ອງພົບກັບການທົດລອງຫລືສະຖານະການທີ່ຍາກລຳບາກກໍຕາມ</li><li>ຖ້າບຸກຄົນໃດມີ "ຄວາມບາກບັ່ນ" ໝາຍຄວາມວ່າທ່ານຍັງຄົງສາມາດເຮັດໃນສິ່ງທີ່ທ່ານຄວນເຮັດໄດ້ ເຖິງແມ່ນວ່າຈະເຈັບປວດຫລືທຸກຍາກພຽງໃດກໍຕາມ</li><li>ເຊື່ອໃນສິ່ງທີ່ພຣະເຈົ້າຊົງສັ່ງສອນຢ່າງຕໍ່ເນື່ອງນັ້ນຈຳເປັນຕ້ອງໃຊ້ຄວາມອົດທົນພະຍາຍາມຢ່າງຫລາຍ ສະເພາະຢ່າງຍິ່ງເມື່ອປະເຊີນໜ້າກັບຄຳສອນທຽມເທັດທັງຫຼາຍ</li><li>ໃຫ້ລະວັງ ບໍ່ໃຊ້ຄຳວ່າ "ດື້ດ້ານ" ຊຶ່ງໂດຍປົກກະຕິຄຳເຫຼົ່ານີ້ມີຄວາມໝາຍໃນແງ່ລົບ</li></ul>  
persia	<h2 id="section">@ເປີເຊຍ , @ເປີຊຽນ</h2><h3 id="section-1">ຂໍ້ເທັດຈິງ</h3><p>ເປີເຊຍ ແມ່ນປະເທດໜຶ່ງທີ່ໄດ້ກາຍມາເປັນອານາຈັກທີ່ຮຸ່ງເຮືອງອຳນາດໂດຍການສະຖາປະນາຂອງໄຊລັດມະຫາລາດ ໃນ 550 ກ່ອນ ຄ.ສ. ປະເທດເປີເຊຍຕັ້ງຢູ່ທາງທິດຕະເວັນອອກສຽງໃຕ້ຂອງບາບິໂລນແລະອັດຊີເ​ຣຍປະຈຸບັນນີ້ແມ່ນປະເທດອິຫລ່ານ</p><ul><li>ຄົນຂອງປະເທດເປີຊ້ຽນເອີ້ນວ່າ "ຄົນເປີເຊຍ"</li><li>ພາຍໃຕ້ຄຳປະກາດຂອງກະສັດໄຊລັດ  ຊາວຢິວໄດ້ຮັບອິດສະຫລະຈາກການເປັນຊະເລີຍໃນບາບິໂລນ  ແລະໄດ້ຮັບອະນຸຍາດໃຫ້ກັບໄປທີ່ບ້ານ ແລະໄດ້ມີການສ້າງພຣະວິຫານໃນກຸງເຢລູຊາເລັມຂຶ້ນໃໝ່ດ້ວຍເງີນທືນຈາກອານາຈັກເປີເຊຍ</li><li>ກະສັດອານທາເຊີຊີດ ຄືຜູ້ຄອງອານາຈັກເປີເຊຍເມື່ອຜູ້ປະກາດພຣະທຳເອສຣາແລະເນເຫມີຢາໄດ້ກັບໄປທີ່ກຸງເຢລູຊາເລັມເພື່ອສ້າງກຳແພງເມືອງເຢລູຊາເລັມຂຶ້ນໃໝ່</li><li>ເອສເທີໄດ້ກາຍເປັນພະລາຊິນີແຫ່ງອານາຈັກເປີເຊຍເມື່ອນາງໄດ້ແຕ່ງງານກັບກະສັດອານທາເຊີຊີດ</li></ul>  
perverse	<h2 id="section">@ບິດເບືອນ , @ຢ່າງຜິດທຳມະຊາດ@ , @ນຳໄປໃນທາງທີ່ຜິດ</h2><h3 id="section-1">ນິຍາມ</h3><p>ຄຳວ່າ "ບິດເບືອນ" ໃຊ້ເພື່ອອະທິບາຍບຸກຄົນຫລືການກະທຳທີ່ເຮັດຜິດທາງສິນລະທຳ  ຄຳວ່າ "ຢ່າງຜິດທຳມະຊາດ" ໝາຍເຖິງ "ລັກສະນະການກະທຳທີ່ຜິດຈາກທຳມະຊາດ"  "ນຳໄປໃນທາງທີ່ຜິດ"  ໝາຍເຖິງການບິດເບືອນຫລືການເຮັດໃຫ້ຜິດໄປຈາກສິ່ງທີ່ດີຫລືຖືກຕ້ອງ</p><ul><li>ບາງຄົນຫລືບາງສິ່ງທີ່ບິດເບືອນໄປຄືການບ່ຽງເອນອອກໄປຈາກທາງທີ່ດີຫລືຖືກຕ້ອງ</li><li>ໃນພຣະຄຳພີນັ້ນ ຊາວອິດສະລາເອນໄດ້ກະທຳຢ່າງຜິດທຳມະຊາດເມື່ອພວກທ່ານບໍ່ເຊື່ອຟັງພຣະເຈົ້າ  ພວກ​ເຂົາມັກຈະໄປນະມັດການພະທຽມເທັດຫລາຍເທື່ອ</li><li>ການກະທຳທີ່ຂັດຕໍ່ມາດຕະຖານຂອງພຣະເຈົ້າຫລືພຶດຕິກຳ ເອີ້ນໄດ້ວ່າການກະທຳນັ້ນເປັນການກະທຳທີ່ບິດເບືອນ</li><li>ການແປຄຳວ່າ "ບິດເບືອນ" ສາມາດເວົ້າທັງໝົດ "ມີສິນລະທຳທີ່ບິດບ້ຽວໄປ" ຫລື "ຜິດສິນລະທຳ" ຫລື "ອອກຫ່າງຈາກທາງທີ່ທ່ຽງ​ຕຼົງຂອງພະເຈົ້າ" ຂຶ້ນກັບ​ກໍ​ລະ​ນີ</li><li>"ຄຳເວົ້າບິດເບືອນ" ສາມາດແປໄດ້ອີກຢ່າງວ່າ "ເວົ້າໃນທາງຊົ່ວຮ້າຍ" ຫລື "ການເວົ້າຫລອກລວງ" ຫລື "ການເວົ້າທີ່ຜິດສິນລະທຳ"</li><li>"ຄົນບິດເບືອນ" ສາມາດອະທິບາຍວ່າ "ຄົົນທີ່ບໍ່ມີສິນລະທຳ" ຫລື "ຄົົນທີ່ມີສິນລະທຳທີ່ບິດບ້ຽວໄປ" ຫລື "ຄົົນທີ່ບໍ່ເຊື່ອຟັງພຣະເຈົ້າຢ່າງຕໍ່ເນື່ອງ"</li><li>ຄຳທີ່ວ່າ "ກະທຳຢ່າງບິດເບືອນ" ສາມາດແປໄດ້ອີກຢ່າງໜຶ່ງວ່າ "ພືດຕິກຳໃນທາງຊົ່ວຮ້າຍ" ຫລື "ກະທຳສິ່ງທີ່ຂັດຕໍ່ພຣະບັນຊາຂອງພຣະເຈົ້າ" ຫລື "ດຳເນີນຊີວິດທີ່ປະຕິເສດຄຳສອນຂອງພຣະເຈົ້າ"</li><li>ຄຳວ່າ "ບິດເບືອນ" ສາມາດແປໄດ້ອີກຢ່າງໜຶ່ງວ່າ "ເປັນເຫດໃຫ້ເກີດຄວາມເສື່ອມເສຍ" ຫລື "ກາຍເປັນບາງສິ່ງທີ່ຊົ່ວຮ້າຍ"</li></ul>  
peter	<h2 id="section">@ເປໂຕ , @ຊີໂມນ@ ເປໂຕ , ເຄຟັດ</h2><h3 id="section-1">ຂໍ້ເທັດຈິງ</h3><p>ເປໂຕມ່ນ​ຜູ້ໜຶ່ງໃນສາວົກສິບສອງຄົນຂອງພຣະເຢຊູ  ທ່ານຄືຜູ້ນຳຄົນສຳຄັນຂອງຄຣິດຕະຈັກໃນຍຸກເລີ່ມຕົ້ນ</p><ul><li>ກ່ອນທີ່ພຣະເຢຊູຈະເອີ້ນໃຫ້ເປໂຕ​ມາເປັນສາວົກນັ້ນ ເປໂຕມີຊື່ວ່າຊີໂມນ</li><li>ພາຍຫຼັງພຣະເຢຊູຈຶ່ງຕັ້ງຊື່ເປໂຕວ່າ "ເຄຟັດ" ຊຶ່ງມີຄວາໝາຍວ່າ "ສິລາ" ຫລື "ກ້ອນຫິນ" ໃນພາສາອາລາມິກ  ຊື່ເປໂຕນັ້ນກໍມີຄວາມໝາຍວ່າ "ສິລາ" ຫລື "ກ້ອນຫິນ" ໃນພາສາກຣີກດ້ວຍ</li><li>ພຣະເຈົ້າໄດ້ຊົງເຮັດ​ການ​ອັ​ສ​ຈັນຜ່ານເປໂຕໃນການປິ່ນປົວພະຍາດແລະການປະກາດຂ່າວປະເສີດເລື່ອງພຣະເຢຊູ</li><li>ພຣະທຳສອງເຫລັ້ມໃນພະຄຳພີພາກພັນທະສັນຍາໃໝ່ຄືຈົດຫມາຍທີ່ເປໂຕໄດ້ຂຽນເພື່ອໜູນໃຈແລະສັ່ງສອນບັນດາຜູ້ເຊື່ອທັງຫຼາຍ</li></ul>  
pharaoh	<h2 id="section">@ຟາ​ຣາໂອ , @ເຈົ້າ​ຊີ​ວິດ​ເອ​ຢິບ</h2><h3 id="section-1">ຂໍ້ເທັດຈິງ</h3><p>ໃນສະໄໝບູຮານ ກະສັດຊຶ່ງປົກຄອງປະເທດເອຢິບນັ້ນເອີ້ນວ່າຟາ​ຣາ​ໂອ</p><ul><li>​ສ​ລຸບ​ເວ​ລາທັງໝົດ ​ມີຟາຣາ​ໂອຫລາຍກວ່າ 300 ອົງ​ໄດ້ປົກຄອງປະເທດເອຢິບເປັນເວລາດົນກວ່າ 2,000 ປີ</li><li>ກະສັດປະເທດເອຢິບທຸກອົງມີອຳນາດແລະຮັ່ງ​ມີ</li><li>ໃນພຣະຄຳພີ​ໄດ້ກ່າວເຖິງກະສັດເອຢິບຫລາຍພຣະອົງ</li><li>ຫລາຍເທື່ອຕຳແໜ່ງນີ້ໃຊ້ແທນພຣະນາມຫລາຍກວ່າຕຳແໜ່ງ  ໃນຫຼາຍກໍລະນີນັ້ນຄຳວ່າ ຟາ​ຣາ​ໂອ ໃນພາສາອັງກິດຈະຂຶ້ນຕົ້ນດ້ວຍອັກສອນໂຕໃຫຍ່</li></ul>  
pharisee	<h2 id="section">@ຟາຣີຊາຍ</h2><h3 id="section-1">ນິຍາມ</h3><p>ຟາຣີຊາຍຄືກຸ່ມຜູ້ນຳສາສະໜາຊາວຢິວຊຶ່ງມີຄວາມສຳຄັນແລະມີອຳນາດຫລາຍໃນສະໄໝຂອງພຣະເຢຊູ</p><ul><li>ຟາຣີຊາຍຫຼາຍຄົນເປັນນັກທຸລະກິດຈາກຊົນຊັ້ນກາງແລະບາງຄົນເປັນປະໂລຫິດດ້ວຍ</li><li>ໃນບັນດາຜູ້ນຳສາສະໜາຊາວຢິວທັງໝົດ ຟາຣີຊາຍເປັນກຸ່ມທີ່ເຂັ້ມງວດຫລາຍທີ່ສຸດໃນການປະ​ຕິ​ບັດ​ບັນຍັດຂອງໂມເຊທັງໝົດ​ຕະ​ລອດ​ເຖິງທຳນຽມອື່ນໆ ຂອງຊາວຢິວ</li><li>ພວກ​ເຂົາກັງວົນທີ່ຊາວຢິວແຍກອອກມາຈາກອິດທິພົນຂອງຊາວຕ່າງຊາດ,  ຄຳວ່າ "ຟາຣີຊາຍ" ມາຈາກຄຳວ່າ "ແຍກອອກມາ"</li><li>ພວກຟາຣີຊາຍເຊື່ອໃນຊີວິດຫຼັງຄວາມຕາຍ  ພວກທ່ານຢັງເຊື່ອໃນບັນດາທູດສະຫວັນແລະວິນຍານຕ່າງໆ ວ່າມີຢູ່ຈິງອີກດ້ວຍ</li><li>ຟາຣີຊາຍແລະພວກ​ຊະ​ດູ​ກາຍ ເປັນ​ຜູ້ຕໍ່ຕ້ານພຣະເຢຊູ ໃນສະໄໝເລີ່ມຕົ້ນຄ​ຣິ​​ດສ​ະຕຽນຢ່າງເຂັ້ມງວດ</li></ul>  
philip	<h2 id="section">@ຟິລິບ , @ການປະກາດຂ່າວປະເສີດ</h2><h3 id="section-1">ຂໍ້ເທັດຈິງ</h3><p>ຄຣິດຕະຈັກໃນສະໄໝເລີ່ມຕົ້ນໃນກຸງເຢລູຊາເລັມ  ຟິລິບແມ່ນ​ໜຶ່ງ​ໃນຜູ້ນຳທັງເຈັດຄົົນທີ່ໄດ້ຮັບການຊົງເລືອກໃຫ້ເບິ່ງແຍງຄົນຍາກຈົນແລະຄຣິດສະຕຽນທີ່ຂາດເຂີນ  ສະເພາະໃນບັນດາແມ່ໝ້າຍ</p><ul><li>ພຣະເຈົ້າຊົງໃຊ້ຟິລິບໃນການແບ່ງປັນຂ່າວປະເສີດໃຫ້ກັບຜູ້ຄົນ​ທີ່ອາໄສຢູ່ໃນເມືອງຕ່າງໆ ໃນແຄວ້ນຢູດາແລະຄາລິເລ ທັງໝົດໄປເຖິງຊາຍຊາວເອທິໂອເປຍທີ່ຟິລິບໄດ້ພົບໃນທາງ ທະເລຊາຍລະຫວ່າງທາງຈາກກຸງເຢລູຊາເລັມເຖິງເມືອງກາຊາ</li><li>ຫຼາຍປີຕໍ່ມາ ຟິລິບໄດ້ໄປຢູ່ໃນເມືອງຊາຣີ​ເຣຍ ທີ່ໂປໂລແລະສະຫາຍຂອງທ່ານໄດ້ເຂົ້າໄປພັກຢູ່ທີ່ບ້ານຂອງລາວລະຫວ່າງເດິນທາງຂອງພວກທ່ານກັບໄປຢັງກຸງເຢລູຊາເລັມ</li><li>ຜູ້ຊ່ຽວຊານທາງດ້ານພຣະຄຳພີສ່ວນໃຫຍ່ຄິດວ່າຜູ້ປະກາດຟິລິບບໍ່ແມ່ນຊາຍຄົນດຽວກັບສາວົກຂອງພຣະເຢຊູທີ່ຊື່ຟິລິບ  ບາງພາສາຈະສະກົດຊື່ຂອງຊາຍທັງສອງຄົນນີ້ຕ່າງກັນນ້ອຍນຶ່ງເພື່ອຊີ້ໃຫ້ເຫັນຊັດເຈນວ່າເປັນຄົນລະຄົນ</li></ul>  
philippi	<h2 id="section">@ຟິລິປອຍ</h2><h3 id="section-1">ຂໍ້ເທັດຈິງ</h3><p>ຟິລິປອຍເປັນເມືອງໃຫຍ່ແລະເປັນ​ເມືອງອານານິຄົມຂອງອານາຈັກໂຣມທີ່ຕັ້ງຢູ່ໃນແຄວ້ນມາຊິໂດເນຍພາກເໜືອຂອງກຣີກ ບູຮານ</p><ul><li>ໂປໂລແລະສິລາໄດ້ເດິນທາງໄປເມືອງຟິລິປອຍເພື່ອເທສນາເຣື່ອງພຣະເຢຊູ</li><li>ໂປໂລແລະສິລາຖືກຈັບກຸມຂະນະທີ່ຢູ່ໃນເມືອງຟິລິປອຍນັ້ນ ແຕ່ພຣະເຈົ້າໄດ້ປົດປ່ອຍພວກທ່ານໃຫ້ເປັນອິດສະຫລະຢ່າງໜ້າອັດສະຈັນ</li><li>ໃນພັນທະສັນຍາໃໝ່ພຣະທຳຟິລິປອຍເປັນຈົດໝາຍທີ່ອັກຄະສາວົກໂປໂລໄດ້ຂຽນເຖິງບັນດາຄຣິດສະຕຽນທີ່ຄຣິດຕະຈັກໃນເມືອງຟິລິປອຍ</li><li>ໝາຍເຫດ ນິ້ແມ່ນ​ຄົນລະເມືອງກັບເມືອງຟິລິປອຍໃນແຄວ້ນຊີຊາ​ເຣຍ ​ທີ່ຕັ້ງຢູ່ທ​ພາກເໜືອຂອງອິດສະລາເອນໃກ້ພູເຂົາເຮີໂມນ</li></ul>  
philip the apostle	<h2 id="section">@ຟິລິບ , @ອັກຄະສາວົກ</h2><h3 id="section-1">ຂໍ້ເທັດຈິງ</h3><p>ຟິລິບ​ແມ່ນສາວົກລຸ້ນແລກໃນ​ຈຳ​ນວນສິບສອງຄົນຂອງພຣະເຢຊູ  ທ່ານມາຈາກເມືອງເບັດໄຊດາ</p><ul><li>ຟິລິບໄດ້ນຳນາທານາເອນມາພົບກັບພຣະເຢຊູ</li><li>ພຣະເຢຊູໄດ້ຖາມຟິລິບກ່ຽວກັບການຈັດຫາອາຫານມາລ້ຽງຄົນຫ້າພັນຄົນໄດ້ຢ່າງໃດ</li><li>ໃນອາຫານຄາບສຸດທ້າຍ​ທີ່ພຣະເຢຊູໄດ້ຮັບປະທານອາຫານກັບບັນດາສາວົກຂອງພຣະອົງ  ພຣະອົງໄດ້ຊົງກ່າວກັບພວກສາ​ວົກເລື່ອງພຣະເຈົ້າ ພຣະບິດາຂອງພຣະອົງ  ຟິລິບໄດ້ຂໍໃຫ້ພຣະເຢຊູສະແດງໃຫ້ພວກທ່ານເຫັນພຣະບິດາ</li><li>ບາງພາສາ ມັກ ສະກົດຊື່ຟິລິບຄົນນີ້ແຕກຕ່າງຈາກຟິລິບ (ຜູ້ປະກາດ) ເພື່ອຫຼີກລ້ຽງບໍ່ໃຫ້ສັບສົນ</li></ul>  
philistia	<h2 id="section">@ຟິລິດສະຕິນ</h2><h3 id="section-1">ຂໍ້ເທັດຈິງ</h3><p>ຟິລິດສະຕິນຄືຊື່ຂອງແຄວ້ນໃຫຍ່ໃນແຜ່ນດິນການາອານ ຊຶ່ງຕັ້ງຢູ່ຕິດກັບຊາຍຝັ່ງຂອງທະເລເມລີເຕເລເນ</p><ul><li>ແຄວ້ນຟິລິດສະຕິນຕັ້ງຢູ່ເທິງທົ່ງ​ພຽງ ຊາຍຝັ່ງຈາກເມືອງຢັບຟາໃນທິດເໜືອໄປຈົນເຖິງເມືອງກາຊາທາງຕອນໃຕ້  ໄລຍະທາງປະມານ 64 ກິໂລແມດແລະຄວາມກວ້າງປະມານ 16 ກິໂລແມດ</li><li>ຟິລິດສະຕິນຖືກຄອບຄອງໂດຍ "ຊາວຟິລິດສະຕິນ"  ທີ່ແມ່ນກຸ່ມຊົນຊາດທີ່ມີອຳນາດແລະເປັນສັດຕູຊ້ຳແລ້ວຊ້ຳອີກກັບຊາວອິດສະລາເອນ</li></ul>  
philistines	<h2 id="section">@ຊາວຟິລິດສະຕິນ</h2><h3 id="section-1">ຂໍ້ເທັດຈິງ</h3><p>ຊາວຟິລິດສະຕິນ​ແມ່ນກຸ່ມຊົນຊາດຊຶ່ງໄດ້ຄອບຄອງແຄວ້ນຟິລິດສະຕິນຊຶ່ງຕັ້ງຢູ່ຕິດກັບຊາຍຝັ່ງຂອງທະເລເມດິເຕເລເນ  ຄຳວ່າຟິລິດສະຕິນນັ້ນມີຄວາມໝາຍ ວ່າ "ປະຊາຊົນແຫ່ງທະເລ"</p><ul><li>ເມືອງໃຫຍ່ຟິລິດສະຕິນ ມີເມືອງອັດໂດດ ເມືອງອັດເຄໂລນ ເມືອງເອໂຄນ ເມືອງກັດ ແລະເມືອງກາຊາ</li><li>ເມືອງອັດໂດດຢູ່ທາງຕອນເໜືອຂອງຟິລິດສະຕິນ ສ່ວນເມືອງກາຊານັ້ນຢູ່ທາງຕອນໃຕ້</li><li>ຊາວຟິລິດສະຕິນ ມີ​ຄວາມ​ຊຳ​ນານການສູ້ລົບກັບຊາວອິດສະລາເອນເປັນເວລາຫຼາຍປີ</li><li>ແຊມ​ຊັນເປັນນັກລົບທີ່ມີຊື່ສຽງ​ທີ່ໄດ້ກໍ່ການຕໍ່ສູ້ກັບຊາວຟິລິດສະຕິນໂດຍໃຊ້ພະລັງເໜືອທຳມະຊາດທີ່ພຣະເຈົ້າປະທານໃຫ້</li><li>ກະສັດດາວິດໄດ້ນຳກອງທັບໃນການສູ້ລົບກັບຊາວຟິລິດສະຕິນ​ຫລາຍ​ເທື່ອ ນັບ​ຕັ້ງ​ແຕ່​ເປັນ​ໜຸມ​ມາ  ພຣະອົງໄດ້ປາບນັກລົບຊາວຟິລິດສະຕິນຊື່ວ່າໂກລິອາດ</li></ul>  
phinehas	<h2 id="section">@ຟີເນຫັດ</h2><h3 id="section-1">ຂໍ້ເທັດຈິງ</h3><p>ຟີເນຫັດເປັນຊື່ຂອງຜູ້ຊາຍສອງຄົນໃນພັນທະສັນຍາເດີມ</p><ul><li>​ຜູ້ໜຶ່ງໃນ​ຈໍ​ນວນຫຼານຊາຍຂອງອາໂລນຄືປະໂລຫິດທີ່ມີຊື່ວ່າຟີເນຫັດ ​ລາວໄດ້ຕໍ່ຕ້ານພວກ​ຂາບ​ໄຫວ້ພະທຽມໃນອິດສະລາເອນ</li><li>ຟີເນຫັດໄດ້ຊ່ວຍໃຫ້ຊາວອິດສະລາເອນພົ້ນຈາກໂລກລະບາດຊຶ່ງພຣະເຈົ້າຢາເວໄດ້ສົ່ງມາເພື່ອລົງໂທດຊາວອິດສະລາເອນທີ່ໄດ້ແຕ່ງງານກັບຜູ້ຍິງຊາວມີເດຍແລະການນະມັດສະການພະທຽມ</li><li>ຫຼາຍເທື່ອຟີເນຫັດໄດ້ເດິນທາງຮ່ວມກັບກອງທັບອິດສະລາເອນເພື່ອທຳລາຍຄົນມີເດຍ</li><li>ໃນພັນທະສັນຍາເດີມໄດ້ກ່າວເຖິງຜູ້ຊາຍທີ່ຊື່ວ່າຟີເນຫັດອີກຄົນໜຶ່ງຊຶ່ງເປັນໜຶ່ງໃນບຸດຊາຍທີ່ຊົ່ວຮ້າຍຂອງປະໂລຫິດເອລີໃນສະໄໝຂອງຜູ້ປະກາດພະທຳຊາມູເອນ</li><li>ຟີເນຫັດແລະພີ່ນ້ອງຊາຍຂອງທ່ານທີ່ຊື່ວ່າໂລນີຖືກຂ້າຕາຍເມື່ອຊາວຟິລິດສະຕິນເຂົ້າຈູ່ໂຈມຕີອິດສະລາເອນແລະໄດ້ລັກຫີບພັນທະສັນຍາໄປ</li></ul>  
phonecia	<h2 id="section">@ຟີນີເຊຍ</h2><h3 id="section-1">ຂໍ້ເທັດຈິງ</h3><p>ໃນສະໄໝບູຮານ ຟີນີເຊຍເປັນຊາດທີ່ມີຄວາມຮຸ່ງເຮືອງໃນການາອານຕິດກັບຊາຍຝັ່ງຂອງທະເລເມດິເຕລານເນທາງຕອນເໜືອຂອງອິດສະລາເອນ.</p><ul><li>ຟີນີເຊຍໄດ້ຄອບຄອງດິນແດນບໍລິເວນທາງທິດຕະເວັນຕົກຊຶ່ງເປັນປະເທດເລເບນອນໃນປະຈຸບັນ.</li><li>ໃນສະໄໝຂອງພັນທະສັນຍາໃໝ່, ເມືອງຫຼວງຂອງປະເທດຟິນີເຊຍມີຊື່ວ່າເມືອງໄທລະ. ແລະເມືອງທີ່ມີຄວາມສຳຄັນອີກເມືອງໜຶ່ງຂອງຟີນີເຊຍຄືເມືອງໄຊດອນ.</li><li>ຊາວຟິນີເຊຍມີຊື່ສຽງໃນເລື່ອງຂອງທັກສະງານໄມ້ ພວກເຂົາໃຊ້ວັດຖຸດິບຄືໄມ້ສົນສີດາທີ່ເຕີບໃຫຍ່ຢ່າງອຸດົມສົມບູນໃນປະເທດ,ນຳມາໃຊ້ເປັນສີຍ້ອມສີມ່ວງເຊີ່ງມີລາຄາແພງ, ນອກຈາກນີ້ພວກທ່ານຍັງມີຄວາມສາມາດໃນເລື່ອງຂອງການຄ້າຂາຍທາງທະເລ,ແລະມີທັກສະຢ່າງຫລາຍໃນການຕໍ່ເຮືອອີກດ້ວຍ.</li><li>ໜຶ່ງໃນຕົວອັກສອນຍຸກເລີ່ມຕົ້ນນັ້ນຖືກຄິດຄົ້ນຂຶ້ນໂດຍຊາວຟິນີເຊຍ. ຕົວອັກສອນຂອງຊາວຟິນີເຊຍຖືກໃຊ້ໄປຢ່າງຫລວງຫຼາຍເພາະພວກເຂົາຕິດຕໍ່ສື່ສານກັບຊົນຫຼາຍກຸ່ມຜ່ານການຄ້າຂາຍ.</li></ul>  
pierce	<h2 id="section">@ແທງ</h2><h3 id="section-1">ນິຍາມ</h3><p>ຄຳວ່າ "ແທງ" ນັ້ນໝາຍເຖິງການແທງບາງສິ່ງດ້ວຍວັດຖູທີ່ມີຄວາມຄົມແລະປາຍແຫຼມ  ນອກຈາກນີ້ຢັງໃຊ້ໃນເຊີງອຸປະມາອຸປະໄມອ້າງເຖິງການກໍ່ໃຫ້ເກີດຄວາມເຈັບປວດທາງອາລົມແກ່ບາງຄົນ</p><ul><li>ທະຫານໄດ້ໃຊ້ຫອກແທງຂ້າງການຂອງພຣະເຢຊູເມື່ອທີ່ໄມ້ກາງແຂນນັ້ນ</li><li>ໃນສະໄໝຂອງພຣະຄຳພີ  ຂ້າທາດທີ່ໄດ້ຮັບການປົດປ່ອຍ ຈະຖືກເຈາະຫູເປັນສັນຍາລັກໃນ​ການເລືອກທີ່ຈະຮັບໃຊ້ເຈົ້ານາຍຂອງຕົນຕໍ່ໄປ</li><li>ສິເມໂອນໄດ້ກລ່າວໃນເຊີງອຸປະມາອຸປະໄມກັບມາຣີ ວ່າ ຫັວໃຈຂອງນາງຈະຖືກດາບແທງທະລຸຊຶ່ງໝາຍຄວາມວ່ານາງຈະປະສົບກັບຄວາມໂສກເສົ້າຢ່າງຫລາຍເນື່ອງດ້ວຍເຫດທີ່ຈະເກີດຂຶ້ນກັບພຣະເຢຊູບຸດຊາຍຂອງນາງ</li></ul>  
pig	<h2 id="section">@ໝູ , @​ໝູເປະເປື້ອນ@ , @ຊີ້ນ​ໝູ</h2><h3 id="section-1">ນິຍາມ</h3><p>ໝູເປັນສັດສີ່ຂາ ຕີນມີກີບ ລ້ຽງໄວ້ເພື່ອໃຊ້ຊີ້ນເປັນອາຫານ  ສ່ວນຊີ້ນທີ່ໄດ້ຈາກສຸກອນຫລືໝູນັ້ນເອີ້ນວ່າ "ຊີ້ນໝູ"  ຄຳທົ່ວໄປທີ່ໃຊ້ເອີ້ນສັດຊະນິດນີ້ຄື "ໝູ"</p><ul><li>ພຣະເຈົ້າໄດ້ຊົງບອກຊາວອິດສະລາເອນບໍ່ໃຫ້ຮັບປະທານຊີ້ນໝູແລະເບີ່ງໝູວ່າບໍ່ສະອາດ  ປະຈຸບັນຊາວຢິວຍັງຄົງເຫັນວ່າໝູນັ້ນເປັນສັດທີ່ເປະເປື້ອນແລະຍັງຄົງບໍ່ກິນຊີ້ນໝູ</li><li>ໝູຖືກລ້ຽງໃນຟາມເພື່ອຂາຍໃຫ້ປະຊາຊົນຄົນອື່ນສຳລັບຊີ້ນຂອງມັນ</li><li>ມີໝູອີກປະເພດໜຶ່ງເຊີ່ງບໍ່ໄດ້ຖືກລ້ຽງໃນຟາມແຕ່ມີຊີວິດໃນປ່າ ສັດຊະນິດນີ້ເອີ້ນວ່າ "ໝູປ່າ" ໝູປ່າມີແຂ້ວແຫລມແລະຖືກພິຈາລະນາວ່າເປັນສັດທີ່ອັນຕະລາຍ</li><li>ບາງເທື່ອໝູທີ່ມີຕັວໃຫຍ່ຈະອ້າງອີງວ່າ  "ໝູຕອນ"</li></ul>  
pilate	<h2 id="section">@ປີລາດ</h2><h3 id="section-1">ຂໍ້ເທັດຈິງ</h3><p>ປີລາດ​ແມ່ນເຈົ້າເມືອງຂອງໂຣມໃນແຂວງຢູດາຍຊຶ່ງເປັນຜູ້ຕັດສິນປະຫານພຣະເຢຊູ</p><ul><li>ເນື່ອງຈາກປີລາດເປັນເຈົ້າເມືອງ ທ່ານຈຶ່ງມີອຳນາດໃນການສັ່ງຕັດສິນປະຫານບັນດາອາດຊະຍາກອນ</li><li>ຜູ້ນຳທາງສາສະໜາຊາວຢິວຕ້ອງການໃຫ້ປີລາຄືງພຣະເຢຊູເທີງກາງແຂນ  ດັ່ງນັ້ນພວກທ່ານຈຶ່ງໄດ້ຕົວະວ່າພຣະເຢຊູເປັນອາດຊະຍາກອນ</li><li>ປີລາດໄດ້ຄິດວ່າພຣະເຢຊູບໍ່ໄດ້ມີຄວາມຜິດ  ແຕ່ທ່ານຢູ່ທ່າມກາງຝູງຊົນແລະຕ້ອງການເອົາໃຈຝູງຊົນ  ດັ່ງນັ້ນປີລາດຈຶ່ງສັ່ງໃຫ້ທະຫານ​ພ​ຣະ​ເຢ​ຊູ​ໂດຍ​ເອົາ​ໄປ​ທີ່ໄມ້ກາງແຂນ</li></ul>  
pillar	<h2 id="section">@ເສົາ , @ເສົາຄໍ້າ</h2><h3 id="section-1">ນິຍາມ</h3><p>ຄຳວ່າ "ເສົາ" ໂດຍປົກກະຕິ​ເວົ້າເຖິງສິ່ງກໍ່ສ້າງແນວຕັ້ງຂະໜາດໃຫຍ່ທີ່ໃຊ້ເພື່ອຄໍ້າຫຼັງຄາຫລືສ່ວນອື່ນໆ ຂອງເຮືອນ ຄຳອີກຄຳໜຶ່ງສຳລັບ "ເສົາ" ຄື "ເສົາຄ້ຳ"</p><ul><li>ໃນສະໄໝຂອງພຣະຄຳພີ ເສົາຈະໃຊ້ໃນການຄ້ຳຕຶກໂດຍປົກກະຕິແລ້ວຈະແກະສະລັກມາຈາກຫິນກ້ອນດຽວ</li><li>ຕອນທີ່ແຊມຊັນໃນພັນທະສັນຍາເດີມຖືກຊາວຟິລິດສະຕີນ ຈັບທ່ານໄດ້ທຳລາຍວິຫານຂອງພວກນອກສາດສະຫນາໂດຍການລົ້ມເສົາຫຼັກແລະເຮັດໃຫ້ວິຫານພັງ  ທະລາຍ​ລົງ</li><li>ຄຳວ່າ "ເສົາ" ບາງເທື່ອອ້າງເຖິງກ້ອນຫີນຂະໜາດໃຫຍ່ຫລືກ້ອນຫິນກົມໃຫຍ່ຊຶ່ງຕັ້ງຂຶ້ນເພື່ອເປັນອະນຸສອນເພື່ອເປັນເຄື່ອງໝາຍຂຸມຝັງສົບຫລືເພື່ອເຮັດເຄື່ອງໝາຍສະຖານທີ່ມີເຫດການສຳຄັນເກີດຂຶ້ນ</li><li>ນອກຈາກນີ້ຍັງອ້າງເຖິງຮູບເຄົາລົບທີ່ສ້າງຂຶ້ນມາເພື່ອນະມັດການພະປອມ  ທີ່ເອີ້ນອີກຊື່​ໜຶ່ງວ່າ "ຮູບແກະສະລັກ" ແລະສາມາດແປວ່າ "ຮູບປັ້ນ"</li><li>ຄຳວ່າ"ເສົາ"ໃຊ້ເພື່ອອ້າງເຖິງບາງສິ່ງບາງຢ່າງທີ່ມີຮູບຮ່າງຄື ເສົາ ເຊັ່ນ "ເສົາໄຟ" ທີ່ນຳຊາວອິດສະລາເອນຜ່ານຖິ່ນທຸລະກັນດານໃນເວລາກາງຄືນຫລື ພັນລະຍາຂອງ​ທ່ານໂລດໄດ້ກາຍເປັນ "ເສົາເກືອ" ຫຼັງຈາກທີ່ນາງເບີ່ງກັບໄປທີ່ເມືອງ</li><li>ໃນຖານະທີ່ເປັນສິ່ງທີ່ຄ້ຳຕຶກ ຄຳວ່າ"ເສົາ" ຫລື "ເສົາຄ້ຳ" ສາມາດແປໄດ້ວ່າ "ຫິນທີ່ຕັ້ງກົງທີ່ຄ້ຳຄານຮັບນ້ຳໜັກ" ຫລື "ຫິນທີ່ຄ້ຳສິ່ງກໍ່ສ້າງ"</li><li>ການໃຊ້ຄຳວ່າ "ເສົາ" ສາມາດແປໄດ້ວ່າ "ຮູບປັ້ນ" ຫລື "ເສົາເຂັມ" ຫລື "ກອງ" ຫລື "ອານຸສາວະລີ" ຫລື "ກອງສູງ" ຂຶ້ນຢູ່ກັບບໍລິບົດ</li></ul>  
pit	<h2 id="section">@ຂຸມ</h2><h3 id="section-1">ນິຍາມ</h3><p>​ຂຸມ,ບໍ່ຄື​ຂຸມເລິກທີ່ຂູດໃນດິນ</p><ul><li>ຄົນຂຸດຂຸມໂດຍມີວັດຖຸປະສົງເພື່ອດັກສັດ​ປ່າຫລື​ຂຸດຫານ້ຳ</li><li>​ຂຸມຍັງສາມາດໃຊ້ເປັນສະຖານຊົ່ວຄາວໃນການຂັງນັກໂທດໄດ້</li><li>ບາງເທື່ອຄຳວ່າ "​ຂຸມ" ອ້າງເຖິງ​ຊຸມຝັງສົບຫຼືນາລົກບາງເທື່ອອາດໝາຍເຖິງ "ຫຸບເຫວເລິກ"</li><li>​ຂຸມທີ່ເລິກຫລາຍໆ ຍັງເອີ້ນອີກວ່າເປັນ"ທີ່ເກັບນ້ຳຂະໜາດໃຫຍ່"</li><li>ຄຳວ່າ "​ຂຸມ" ຍັງໃຊ້ໃນເຊີງ​ຄຳອຸປະມາ ​ບາງ​ກໍ​ລະ​ນີເຊັ່ນ "​ຂຸມແຫ່ງການທຳລາຍ" ທີ່ອະທິບາຍເຖິງການຖືກກັບດັກໃນສະຖານະການທີ່ຮ້າຍແຮງ ຫລືການກ່ຽວຂ້ອງກັບຄວາມບາບ ການກະທຳທີ່ເປັນການທຳລາຍ</li></ul>  
plague	<h2 id="section">@ໄພພິບັດ</h2><h3 id="section-1">ນິຍາມ</h3><p>ໄພພິບັດເປັນເຫດການທີ່ເຮັດໃຫ້ເກີດຄວາມທຸກທໍລະມານຫລືຄວາມຕາຍແກ່ຄົນເປັນຈຳນວນຫລາຍ ຫລາຍເທື່ອໄພພິບັດເປັນພະຍາດທີ່ລະບາດຢ່າງວ່ອງໄວເຮັດໃຫ້ຄົນຫລວງຫລາຍຕ້ອງຕາຍກ່ອນທີ່ຈະສາມາດຢຸດຍັ້ງນັ້ນໄດ້</p><ul><li>ໄພພິບັດຫຼາຍຢ່າງເກີດຈາກທຳມະຊາດແຕ່ບາງຢ່າງຖືກສົ່ງມາຈາກພຣະເຈົ້າເພື່ອລົງໂທດຄົນເພາະຄວາມບາບ</li><li>ໃນຊ່ວງເວລາຂອງໂມເຊ ພຣະເຈົ້າໄດ້ສົ່ງໄພພິບັດສິບຢ່າງຕໍ່ເອຢິບ ເພື່ອບັງຄັບໃຫ້ຟາຣາໂອ ປ່ອຍຄົນອິດສະລາເອນໄປຈາກເອຢິບ  ໄພພິບັດພວກນີ້ທັງໝົດໄປເຖິງການປ່ຽນນ້ຳໃຫ້ເປັນເລືອດ ໂລກລະບາດທາງຮ່າງກາຍ ການທຳລາຍພືດຜົນໂດຍແມງແລະລູກເຫັບ ສາມມື້ແຫ່ງຄວາມມືດສະນິດ ແລະການຕາຍຂອງບຸດຊາຍຫົວປີ</li><li>ຄຳນີ້ຍັງສາມາດແປໄດ້ວ່າ "ການແພ່ຄວາມຈິບຫາຍ" ຫລື "ການແພ່ພະຍາດ" ຂຶ້ນຢູ່ກັບກໍ​ລະ​ນີ</li></ul>  
plead	<h2 id="section">@ຂໍຮ້ອງ , @ຄຳຂໍຮ້ອງ@ , @ວິງວອນ</h2><h3 id="section-1">ນິຍາມ</h3><p>ຄຳວ່າ "ຂໍຮ້ອງ" ແລະ"ຄຳຂໍຮ້ອງ"ໝາຍເຖິງການຂໍໃຜຈັກຄົນໃຫ້ເຮັດບາງສິ່ງຢ່າງເລັ່ງດ່ວນ ການ "ວິງວອນ" ເປັນການຂໍເລັ່ງດ່ວນ.</p><ul><li>ຄຳຂໍຮ້ອງຫລາຍເທື່ອມັກສະແດງວ່າບຸກຄົນນັ້ນຮູ້ສຶກມີຄວາມຈຳເປັນຫລາຍຫລືປາດຖະໜາຄວາມຊ່ວຍເຫລືອຢ່າງຫລາຍ.</li><li>ຄົນສາມາດຂໍຮ້ອງຫລືວິງວອນເລັ່ງດ່ວນຕໍ່ພຣະເຈົ້າເພື່ອພຣະເມດຕາຫລືໃຫ້ພຣະອົງປະທານບາງຢ່າງໃຫ້ແກ່ຕົນເອງຫລືຄົນອື່ນ.</li><li>ວິທີອື່ນໃນການແປຄຳນີ້ອາດລວມເຖິງຄຳວ່າ "ຂໍຮ້ອງ" ຫລື "ອ້ອນວອນ"ຫລື"ຂໍຢ່າງເລັ່ງດ່ວນ."</li><li>ຄຳວ່າ"ວິງວອນ"ສາມາດແປໄດ້ອີກວ່າ"ຄຳຂໍເລັ່ງດ່ວນ"ຫລື"ການກະຕຸ້ນຢ່າງແຮງ."</li><li>ກວດສອບໃຫ້ຊັດແຈ້ງວ່າໃນບໍລິບົດມີຄວາມຊັດແຈ້ງວ່າຄຳນີ້ບໍ່ໄດ້ໝາຍເຖິງການຂໍເງີນ.</li></ul>  
pledge	<h2 id="section">@ປະຕິຍານ</h2><h3 id="section-1">ນິຍາມ</h3><p>ຄຳວ່າ "ຄຳປະຕິຍານ" ໝາຍເຖິງການໃຫ້ຄຳສັນຍາຢ່າງຈິງຈັງຢ່າງເປັນທາງການເພື່ອເຮັດບາງຢ່າງຫລືໃຫ້ບາງຢ່າງ.</p><ul><li>ໃນພັນທະສັນຍາເດີມເຈົ້າຫນ້າທີ່ຂອງອິດສະຣາເອນໃຫ້ສັດຈະປະຕິຍານວ່າຈະຈົ່ງຮັກພັກດີຕໍ່ກະສັດດາວິດ.</li><li>ສິ່ງຂອງທີ່ໃຫ້ໄປເພື່ອເປັນມັດຈຳຈະກັບມາຍັງເຈົ້າຂອງເມື່ອໄດ້ເຮັດຕາມສັນຍາແລ້ວ.</li><li>"ການປະຕິຍານ" ສາມາດແປໄດ້ວ່າ "ການໃຫ້ຄຳໝັ້ນສັນຍາຢ່າງເປັນທາງການ" ຫລື "ການສັນຍາຢ່າງຈິງຈັງ."</li><li>ຄຳວ່າ "ມັດຈຳ" ສາມາດໝາຍເຖິງສິ່ງຂອງທີ່ໃຫ້ໄປເພື່ອຫຼັກປະກັນຫລືສັນຍາວ່າໜີ້ນັ້ນຈະໄດ້ຮັບຊຳລະ.</li><li>ວິທີແປຄຳວ່າ "ການປະຕິຍານ" ສາມາດລວມເຖິງ "ຄຳໝັ້ນສັນຍາ" ຫລື "ພັນທະສັນຍາທາງການ" ຫລື"ຫຼັກປະກັນ "ຫລື "ຄຳສັນຍາທາງການ" ຂຶ້ນຢູ່ກັບບໍລິບົດ.</li></ul>  
plow	<h2 id="section">@ຄັນໄຖ</h2><h3 id="section-1">ນິຍາມ</h3><p>"ຄັນໄຖ"ເປັນເຄື່ອງມືການກະເສດທີ່ໃຊ້ເພື່ອການຂຸດໄຖດິນເພື່ອຕຽມທີ່ສຳລັບການປູກຝັງ</p><ul><li>ຄາດມີຄວາມຄົມ ປາຍແຫຼມຄົມນັ້ນໃຊ້ຂຸດລົງໄປໃນດິນ ໂດຍທົ່ວໄປຈະມີດ້າມຈັບທີ່ຊາວນາໃຊ້ບັງຄັບຄາດ</li><li>ໃນສະໄໝຂອງພຣະຄຳພີ ຄັນໄຖນັ້ນມັກຈະໃຊ້ງົວຕົວຜູ້ໜຶ່ງຄູ່ຫລືສັດເຮັດວຽກອື່ນດຶງຄັນໄຖ</li><li>ຄາດສ່ວນໃຫຍ່ເຮັດມາຈາກໄມ້ແຂງນອກຍົກເວັ້ນປາຍທີ່ຄົມທີ່ເຮັດດ້ວຍໂລຫະເຊັ່ນທອງສຳລິດຫລືເຫຼັກ</li></ul>  
pomegranate	<h2 id="section">@ໝາກພີ​ລາ</h2><h3 id="section-1">ນິຍາມ</h3><p>ໝາກ​ພິ​ລາເປັນໝາກໄມ້ຊະນິດໜຶ່ງທີ່ມີເປືອກໜາແລະແຂງເຊີ່ງເຕັມໄປດ້ວຍເມັດຈຳນວນຫລາຍທີ່ຖືກຫຸ້ມດ້ວຍເຫຍື່ອສີແດງທີ່ສາມາດກິນໄດ້</p><ul><li>ເປືອກນອກມີສີແດງແລະຊີ້ນອ້ອມເມັດທີ່ເປັ່ງປະກາຍແລະສີແດງ</li><li>​ໝາກ​ພິ​ລາມັກຈະເລີນເຕີບໂຕຫລາຍໃນປະເທດທີ່ມີອາກາດຮ້ອນ ອາກາດແຫ້ງ ເຊັ່ນປະເທດເອຢິປແລະອິດສະລາເອນ</li><li>ພຣະຢາເວ ພຣະອົງຊົງສັນຍາກັບຊາວອິດສະລາເອນ ວ່າການາອານເປັນແຜ່ນດິນທີ່ມີນ້ຳອຸດົມສົມບູນ ແລະມີດິນອຸດົມສົມບູນເພື່ອຈະໃຫ້ມີອາຫານຫລວງຫລາຍທັງໝົດເຖິງໝາກທັບທິມ</li><li>ການກໍ່ສ້າງວິຫານຂອງຊາໂລມ ທັງຫມົດເຖິງເຄື່ອງປະດັບທອງສັມລິດໃນຮູບຮ່າງຂອງ$າກ​ພິ​ລາ</li></ul>  
pontus	<h2 id="section">@ປອນທັດ</h2><h3 id="section-1">ຂໍ້ເທັດຈິງ</h3><p>ປອນທັດເປັນແຂວງໜຶ່ງຂອງໂຣມໃນຊ່ວງສະໄໝຂອງຈັກກະວັດໂຣມັນແລະຄຣິດສະຕະຈັກສະໄໝເລີ່ມຕົ້ນ. ຕັ້ງຢູ່ຕາມແນວຊາຍຝັ່ງທາງໃຕ້ຂອງທະເລດຳ ທາງຕອນເໜືອທີ່ປະຈຸບັນເປັນປະເທດຕວກກີ.</p><ul><li>ຕາມທີ່ມີບັນທຶກໄວ້ໃນພຣະທັມກິດຈະການ, ຄົນຈາກແຂວງປອນທັດໄດ້ຢູ່ທີ່ກຸງເຢລູຊາເລັມເມື່ອພຣະວິນຍານບໍລິສຸດສະເດັດລົງມາ ມື້ແລກເໜືອເຫຼົ່າອັກຄະສາວົກໃນມື້ວັນເພັນເຕຄອດສະເຕ.</li><li>ຜູ້ເຊື່ອຄົນໜຶ່ງຊື່ວ່າອາກີລາກໍມາຈາກປອນທັດ.</li><li>ເມື່ອເປໂຕກຳລັງຂຽນເຖິງຄຣິດສະຕຽນທີ່ກະແຈກກະຈາຍໄປໃນ  ແຄ້ວນຕ່າງໆ, ປອນທັດກໍຢູ່ໃນໜຶ່ງໃນແຄວ້ນທີ່ທ່ານໄດ້ກ່າວເຖິງ.</li></ul>  
possess	<h2 id="section">@ຄອບຄອງ, @ຊັບສິນໃນຄອບຄອງ</h2><h3 id="section-1">ນິຍາມ</h3><p>ຄຳວ່າ''ຄອບຄອງ ''ແລະ ''ຊັບສິນໃນຄອບຄອງ'' ປົກກະຕິດໜາຍເຖິງການເປັນເຈົ້າຂອງບາງສິ່ງບາງຢ່າງ ແລະຄຳພວກນີ້ຍັງໜາຍເຖິງການເພີມການປົກຄອງເໜືອບາງສິ່ງບາງຢ່າງຫລືຢືດຄອງຟື້ນທີ່ບາງແຫ້ງຂອງຟື້ນດິນ.</p><ul><li><p>ໃນພັນທະສັນຍາເດີມ, ຄຳນີ້ມັກໃຊ້ໃນກໍ​ລະ​ນີຂອງ''ການຄອງຄອງ''ຫລື''ການຢືດຊັບສິນໃນຄອບຄອງ''ຟື້ນທີ່ບາງແຫ່ງຂອງແຜ່ນດິນ.</p></li><li><p>ເມືອພຣະເຢໂຮວາໄດ້ຊົງບັນຊາຊາວອິດສະຣາເອນ  ໃຫ້''ຄອບຄອງ''ແຜ່ນດິນການາອານ, ນັ້ນໝາຍເຖິງພວກເຂົາຕ້ອງເຂົ້າໄປໃນແຜ່ນດິນແລະອາໃສ່ຢູ່ທີ່ນັ້ນ. ນີ້ກຽ່ວຂອ້ງກັບການຊະນະຄົນການາອານຄັ້ງທຳອິດທີ່ອາໄສຢູ່ໃນແຜ່ນດິນນັ້ນ.</p></li><li><p>ພຣະເຢໂຮວາ ໄດ້ເວົ້າກັບຊາວອິດສະຣາເອນວ່າພຣະອົງໄດ້ປະທານແຜ່ນດິນການາອານໃຫ້ເປັນ''ຊັບສົມບັດຂອງພວກເຂົາ'' ນີ້ສາມາດແປໄດ້ວ່າ''ເປັນສະຖານທີ່ໂດຍຊອບທຳທີ່ຈະອາໄສຢູ່.''</p></li><li><p>ຄົນອິດສະຣາເອນຍັງເອີນວ່າ ''ຊັບສົມບັດໃນຄອບຄອງພິເສດ'' ຂອງພຣະເຢໂຮວາ.'' ໝາຍເຖິງພວກເຂົາເປັນຂອງພຣະອົງໃນຖານະປະຊາກອນຂອງພຣະອົງຜູ້ທີ່ຖືກພຣະອົງເອີນມາສະເພາະເຈາະຈົ່ງເພື່ອໃຫ້ນະມັດສະການຮັບໃຊ້ພຣະອົງ.</p><p>%ຄຳແນະນຳໃນການແປ</p></li><li><p>ຄຳວ່າ  '' ຄອບຄອງ'' ສາມາດແປວ່າ ''ເປັນເຈົ້າຂອງ'' ຫລື''ມີ''</p></li></ul><p>'' ຫລື ''ມີອຳນາດເໜືອ''</p><ul><li><p>ຄຳ​ວ່າ ''ການຢືດຄອງ''ສາມາດແປວ່າ ''ການຄວບຄຸມ'' ຫລື '  '  ''ຄອບຄອງ ''ຫລື ''ອາໄສຢູ່ເທີງ'' ຂື້ນຢູ່ກັບກໍ​ລະ​ນີ.</p></li><li><p>ເມືອອ້າງເຖຶງສິ່ງທີ່ຄົນເປັນເຈົ້າຂອງ '' ຊັບສິນໃນຄອບຄອງ''</p><p>ສາມາດແປວ່າ ''ຊັບສິນທີ່ເປັນເຈົ້າຂອງ'' ຫລື '' ຊັບສິນ'' ຫລື ''ສິ່ງທີ່ເປັນເຈົ້າຂອງ'' ຫລື ''ສິ່ງຕ່າງໆ ທີ່ພວກເຂົາເປັນເຈົ້າຂອງ''</p></li><li><p>ເມື່ອພຣະເຢໂຮວາຊົງເອີ້ນພວກອິດສະຣາເອນ'' ຊັບສິນພິເສດຂອງເຮົາ'' ນັ້ນສາມາດແປວ່າ ''ປະຊາກອນພິເສດຂອງເຮົາ'' ຫລື'' ປະຊາກອນທີ່ເປັນຂອງເຮົາ'' ຫລື ''ປະຊາກອນຂອງເຮົາທີ່ເຮົາຮັກແລະປົກຄອງ.''</p></li><li><p>ປະໂຍກ''ຂອງນັ້ນຈະເປັນຊັບສິນຂອງເຂົາ''ເມື່ອອ້າງເຖີງແຜ່ນດິນ ຫມາຍຄວາມວ່າ '' ພວກເຂົາ​ຈະຄອບຄອງແຜ່ນດິນ '' ຫລື ''ແຜ່ນດິນຈະເປັນຂອງພວກເຂົາ. ''</p></li><li><p>ຄຳກ່າວ ''ພົບໃນຊັບສິນຂອງເຂົາ '' ສາມາດແປວ່າ '' ທີ່ເຂົາກຳລັງຖືຢູ່'' ຫລື'' ທີ່ເຂົາໄດ້ມີກັບເຂົາ.''</p></li><li><p>ຄຳ​ວ່າ''ຊັບສິນຂອງທ່ານ''ສາມາດແປວ່າ '' ທີ່ເຂົາກຳຖືຢູ່ ''ຫລື'' ທີ່ເຂົາໄດ້ມີກັບເຂົາ. ''</p></li><li><p>ຄຳ​ວ່າ''ຊັບສິນຂອງທ່ານ'' ສາມາດແປວ່າ '' ເຊັ່ນບາງສິ່ງທີ່ເປັນຂອງທ່ານ'' ຫລື '' ເຊັ່ນສະຖານທີ່ທີ່ປະຊາຊົນຂອງທ່ານຈະອາໃສເປັນຂອງທ່ານ'' ຫລື '' ເຊັ່ນສະຖານທີ່ທີ່ປະຊາກອນຊອງທ່ານອາໃສຢູ່.''</p></li><li><p>ຄຳ​ວ່າ '' ໃນຊັບສິນຂອງເຂົາ'' ສາມາດແປໄດ້ວ່າ ''ທີ່ເຂົາເປັນເຈ້າຂອງ'' ຫລື '' ເຊີ່ງເປັນຂອງເຂົາ.''</p></li></ul>  
potiphar	<h2 id="section">@ໂປຕີຟາ</h2><h3 id="section-1">ຂໍ້ເທັດຈິງ</h3><p>ໂປຕີຟາເປັນເຈົ້າໜ້າທີ່ສຳຄັນຄົນໜື່ງຂອງຟາໂຣແຫ່ງເອຢິບໃນຊ່ວງເວລາໂຢເຊັບຖືກຂາຍໃຫ້ເປັນທາດຂອງຊາວອິດຊະມາເອນ.</p><ul><li>ໂປຕີຟາໄດ້ຊືໂຢເຊັບຈາກຊາວອິດຊະມາເອນ ແລະໄດ້ແຕ່ງຕັ້ງເຂົາໃຫ້ເປັນຫົວໜ້າໃນຄົວເຮືອນຂອງເຂົາ.</li><li>ເມືອໂຢເຊັບຖືກກ່າວຫາຢ່າງບໍ່ຖືກຕ້ອງວ່າໄດ້ເຮັດຜິດ ໂປຕີຟາຈຶງໄດ້ຂັງໂຢເຊັບໄວ້ໃນຄຸກ.</li></ul>  
power	<h2 id="section">@ຣິດເດດ</h2><h3 id="section-1">ນິຍາມ</h3><p>ຄຳວ່າ ''ຣິດເດດ ''ໜາຍເຖິງຄວາມສາມາດໃນການເຮັດສິ່ງຕ່າງໆ ຫລື ເຮັດສິ່ງຕ່າງໆ ເກິດຂື້ນ,ຫລາຍເທືອມັກຈະໃຊ້ກຳລັງຫລາຍ ''ຣິດເດດ '' ໜາຍເຖິງຄົນຫລືວິນຍານທີ່ມີຄວາມສາມາດພິເສດຍິ່ງໃຫຍ່ທີ່ເຮັດໃຫ້ສິ່ງຕ່າງໆເກີດຂື້ນໄດ້.</p><ul><li>ຣິດເດດຂອງພຣະເຈົ້າ''  ອ້າງເຖິງຄວາມສາມາດຂອງພຣະເຈົ້າທີ່ຈະເຮັດທຸກສິ່ງທຸກຢ່າງ, ສະເພາະຢ່າງຍິ່ງສິ່ງທີ່ມະນຸດບໍ່ສາມາດເຮັດໄດ້.</li><li>ພຣະເຈົ້າຊົົງມີຣິດເດດເໝືອທຸກສິ່ງທີ່ພຣະເຈົ້າໄດ້ຊົງສ້າງ.</li><li>ພຣະເຈົ້າປະທານຣິດເດດໃຫ້ແກ່ຄົນຂອງພຣະອົງເພື່ອເຮັດໃນສິ່ງທີ່ພຣະເຈົ້າປະສົງ, ເພື່ອວ່າເມືອພວກເຂົາຮັກສາຄົນ ຫລື ເຮັດສິ່ງອັດສະຈັນ, ພວກເຂົາເຮັດສິ່ງເຫລົ່ານີ້ດ້ວຍຣິດເດດຂອງພຣະເຈົ້າ.</li><li>ເພາະວ່າພຣະເຢຊູແລະພຣະວິນຍານບໍໍຣິສຸດເປັນພຣະເຈົ້າ,ດ້ວຍເຊັ່ນກັນຈຶງມີຣິດເດດນີ້ດ້ວຍ.</li></ul><h3 id="section-2">ຄຳແນະນຳໃນການແປ</h3><p>ສາມາດທີ່ຈະເຮັດການອັັັັດສະຈັນ, ຫລື ''ບັງຄັບ''</p><ul><li>ເປັນໄປໄດ້ທີ່ຈະແປຄຳວ່າ ''ຣິດເດດ'' ສາມາດລວມເອົາ ''ຊີວິດທີ່ມີອຳນາດ'' ຫລື '' ວິນຍານທີ່ບັງຄັບ'' ຫລື ''ຄົນເຫລົ່ານັ້ນທີ່ຄວບຄຸມຄົນອື່ນ.''</li><li>ຄຳກ່າວ ເຊັ່ນ ''ຂໍຊ່ວຍພວກເຮົາຈາກອຳນາດຂອງເຫລົ່າສັດຕູຂອງເຮົາ'' ສາມາດແປວ່າ ''ຂໍຊ່ວຍເຮົາຈາກການກົດຂີ່ໂດຍສັດຕູຂອງພວກເຮົາ'' ຫລື ''ຂໍຊ່ວຍເຮົາໃຫ້ລອດພົ້ນຈາກຖືກຄວບຄຸມໂດຍສັດຕູຂອງພວກເຮົາ'' ໃນກໍລະນີນີ້ ''ຣິດເດດ'' ມີຄວາມໝາຍໃນການໃຊ້ກຳລັງຂອງບາງຄົນຄວບຄຸມຫລືກົດຂີ່ຄົນອື່ນ.</li><li>ຂື້ນຢູ່ກັບບົດບາດ ຄຳວ່າ ''ຣິດເດດ'' ສາມາດແປວ່າ ''ຄວາມສາມາດ'' ຫລື ''ຄວາມແຂງແຮງ'' ຫລື ''ພຣະລັງງານ'' ຫລື ''ຄວາມ</li></ul>  
praise	<h2 id="section">@ສັນລະເສີນ</h2><h3 id="section-1">ນິຍາມ</h3><p>ການສັນລະເສີນຄົນໃດຄົນໜື່ງຄືການສະແດງຄວາມນັບ​ຖືໃຫ້ກຽດແກ່ບຸກຄົນນັ້ນ.</p><ul><li>ຜູ້ຄົນສັນລະເສີນພຣະເຈົ້າເພາະຄວາມຍິ່ງໃຫ່ຍຂອງພຣະອົງແລະເພາະສິ່ງອັດສະຈັນທັັັ້ງໜົດທີ່ພຣະອົງໄດ້ເຮັດ ໃນຖານະພຣະຜູ້ສ້າງແລະພຣະຜູ້ຊ່ວຍໃຫ້ລອດຂອງໂລກນີ້.</li><li>ການສັນລະເສີນພຣະເຈົ້າຫລາຍເທືອລວມເຖິງການຂອບພຣຄຸນໃນສິ່ງທີ່ພຣະອົງໄດ້ຊົງເຮັດ.</li><li>ດົນຕີແລະການຮ້ອງເພງຫລາຍເທືອຖືກໃຊ້ໃນການສັນລະເສີນພຮະເຈົ້າ.</li><li>ການສັນລະເສີນພຣະເຈົ້າເປັນສ່ວນໜື່ງທີ່ໜາຍເຖິງການນະມັດສະການພຮະອົງ.</li><li>ຄຳວ່າ ''ການສັນລະເສີນ'' ສາມາດແປໄດ້ອີກວ່າ, ''ການເວັ້າດີຂອງ'' ຫລື ''ການໃຫ້ກຽດຢ່າງສູງດ້ວຍຄຳເວົ້າ'' ຫລື ''ການເວົ້າເຖິງສິ່ງທີ່ດີກຽ່ວກັບ.''</li><li>ຄຳນາມວ່າ ''ຄຳສັນລະເສີນ'' ສາມາດແປໄດ້ວ່າ, ''ເວົ້າເຖິງກຽດ'' ຫລື ''ຄຳເວົ້າທີ່ໃຫ້ກຽດ'' ຫລື ''ເວົ້າສິ່ງທີ່ດີກຽ່ວກັບ.''</li></ul><p>Mark chunk as done</p>  
pray	<h2 id="section">@ອະທິຖານ, @ຄຳອະທິຖານ</h2><h3 id="section-1">ນິຍາມ</h3><p>ຄຳວ່າ ''ອະທິຖານ'' ແລະ ''ຄຳອະທິຖານ'' ໜາຍເຖິງການສົນທະນາກັບພຣະເຈົ້າ. ຄຳນີ້ຍັງໜາຍເຖິງຄົນທີ່ພະຍາຍາມເວົ້າກັບພະປອມດ້ວຍ.</p><ul><li>ຄົນສາມາດອະທິຖານຢ່າງງຽບໆ, ສົນທະນາກັບພຣະເຈົ້າດ້ວຍຄວາມຄິດຂອງພວກເຂົາ ຫລື ພວກເຂົາສາມາດອະທິຖານ, ອອກສຽງສົນທະນາກັບພຣະເຈົ້າດ້ວຍສຽງຂອງພວກເຂົາ. ບາງເທື່ອຄຳອະທິຖານກໍຖືກຂຽນ, ລົງໄວ້ເຊັ່ນດຽວກັບດາວິດທີ່ໄດ້ຂຽນຄຳອະທິຖານຂອງລາວໄວ້ໃນພຣະຄັມເພງສັນລະເສີນ.</li><li>ຄຳອະທິຖານລວມໄປເຖິງການຂໍພຣະເມດຕາພຣະເຈົ້າ, ຂໍການຊ່ວຍເຫລືອແກ້ບັນຫາ, ຂໍສະຕິປັນຍາໃນການຕັດສິນໃຈ.</li><li>ຫລາຍເທື່ອຄົນມັກຂໍພຣະເຈົ້າໃຫ້ຮັກສາຄົນທີ່ປວ່ຍ ຫລື ຄົນທີ່ຕ້ອງການຄວາມຊ່ວຍເຫລືອໃນເລື່ອງອື່ນໆ.</li><li>ຜູ້ຄົນຍັງຂອບຄຸນພຣະເຈົ້າແລະສັນລະເສີນພຣະເຈົ້າເມື່ອຂະນະພວກເຂົາກຳລັງອະທິຖານທູນຕໍ່ພຣະອົງ.</li><li>ການອະທິຖານລວມເຖິງການສາລະພາບບາບຂອງເຮົາຕໍ່ພຣະເຈົ້າແລະຂໍພຣະອົງອະພັຍບາບໃຫ້ແກ່ເຮົາ.</li><li>ການສົນທະນາກັບພຣະເຈົ້າບາງເທື່ອເອີ້ນວ່າ ''ໄຕ່ຕອງ'' ກັບພຣະອົງເໝືອນທີ່ຈິດວິນຍານຂອງເຮົາຕິດຕໍ່ສື່ສານກັບວິນຍານຂອງພຣະອົງ, ແບ່ງປັນຄວາມຮູ້ສືກຂອງເຮົາແລະຊື່ນຊົມຍິນດີຕໍ່ພຣະພັກພຣະອົງ.</li><li>ຄຳນີ້ສາມາດແປໄດ້ວ່າ ''ສົນທະນາກັບພຣະເຈົ້າ'' ຫລື ''ຕິດຕໍ່ສື່ສານກັບພຣະເຈົ້າ'' ຄຳແປຂອງຄຳນີ້ຄວນລວມໄປເຖິງການອະທິຖານໃນທີ່ງຽບ.</li></ul>  
preach	<h2 id="section">@ເທດສະຫນາ</h2><h3 id="section-1">ນິຍາມ</h3><p>ຄືການເວົ້າກັບກຸ່ມຄົນ, ສອນເລື່ອງພຣະເຈົ້າໃຫ້ພວກເຂົາແລະຊັກຊວນໃຫ້ພວກເຂົາເຊື່ອຟັງພຣະອົງ.</p><ul><li>ຫລາຍເທື່ອການເທດສະຫນາເຮັດໂດຍບຸກຄົນ. ຄົນດຽວເຮັດໃຫ້ຄົນກຸ່ມໃຫຍ່ໂດຍປົກກະຕິເປັນການເວົ້າ, ບໍ່ແມ່ນການຂຽນ.</li><li>'' ການເທດສະຫນາ '' ແລະ ''ການສອນ'' ນັ້ນຄ້າຍຄືກັນ,ແຕ່ບໍ່ໄດ້ຄືກັນເລີຍ.</li><li>ການເທດສະຫນາ ''ອ້າງເຖິງການປະກາດທາງຝ່າຍວິນຍານ ຫລື ຄຳສອນແຫ່ງຄວາມຈິງຕໍໍ່ສາທາລະນະຊົນ,ແລະຊັກຊວນໃຫ້ຜູ້ຟັງຕອບສະໜອງ. ''ການສອນ'' ເປັນຄຳທີ່ເນັ້ນການສອນ, ທີ່ໃຫ້ຂໍ້ມູນແກ່ປະຊາຊົນ ຫລື ສອນພວກເຂົາເຖິງວິທີການເຮັດບາງສິ່ງບາງຢ່າງ.</li><li>ຄຳວ່າ ''ເທດສະຫນາ'' ມັກຈະໃຊ້ກັບຄຳວ່າ ''ຂ່າວປະເສີດ.''</li><li>ສິ່ງທີ່ບຸກຄົນໜື່ງໄດ້ເທດສະຫນາໃຫ້ກັບຄົນອື່ນກໍ່ສາມາດອ້າງເຖິງໂດຍທົ່ວໄປໄດ້ວ່າເປັນ ''ຄຳສອນ'' ຂອງເຂົາ.</li></ul>  
precious	<h2 id="section">@ລໍ້າຄ່າ</h2><h3 id="section-1">ນິຍາມ</h3><p>ຄຳວ່າ ''ລໍ້າຄ່າ'' ອະທິບາຍເຖິງຄົນ ຫລື ສິ່ງຂອງທີ່ໄດ້ຮັບການພິຈາລະນາວ່າມີຄ່າຫລາຍ.</p><ul><li>ຄຳວ່າ ''ຫີນລໍ້າຄ່າ'' ຫລື ''ອັນຍະມະນີລໍ້າຄ່າ''ອ້າງເຖິງກ້ອນຫິນແລະແຮ່ທາດທີ່ມີສີສັນ ຫລື ມີຄຸນນະພາບທີ່ແຕກຕ່າງອອກໄປທີ່ເຮັດໃຫ້ພວກມັນເບິ່ງງົດງາມ ຫລື ມີປະໂຫຍດ.</li><li>ຕົວຢ່າງຂອງຫີນລໍ້າຄ່າລວມໄປເຖິງເພັດ, ທັບທິມແລະມໍລະກົດ.</li><li>ທອງແລະເງິນເອີ້ນວ່າ ''ໂລຫະລໍໍ້າຄ່າ.''</li><li>ພຣະເຢໂຮວາເວົ້າວ່າ ປະຊາກອນຂອງພຣອົງນັ້ນ ''ລໍ້າຄ່າ'' ໃນສາຍພຣະເນດຂອງພຣະອົງ (ເອຊາຢາ 43:4).</li><li>ເປໂຕໄດ້ຂຽນໄວວ່າ ຄົນສຸພາບອ່ອນນ້ອມແລະຈິດວິນຍານທີ່ງຽບສະຫງົບມີຄ່າໃນສາຍພຣະເນດຂອງພຣະເຈົ້າ (1ເປໂຕ 3:4)ດ້ວຍ.</li><li>ຄຳນີ້ສາມາດແປໄດ້ອີກວ່າ, ''ມີຄ່າ'' ຫລື ''ເປັນທີ່ຮັກຫລາຍ'' ຫລື ''ຮັກແລະໃສ່ໃຈ'' ຫລື ''ມີມູນຄ່າສູງ.''</li></ul>  
predestine	<h2 id="section">@ກຳນົດໄວ້ລ່ວງໜ້າ, @ຖືກກຳນົດໄວ້ລ່ວງໜ້າ</h2><h3 id="section-1">ນິຍາມ</h3><p>ຄຳວ່າ "ກຳນົດໄວ້ລ່ວງໜ້າ" ແລະ "ຖືກກຳນົດໄວ້ລ່ວງໜ້າແລ້ວ" ອ້າງເຖິງການຕັດສິນໃຈຫລືການວາງແຜນລ່ວງໜ້າວ່າບາງສິ່ງຈະເກີດຂຶ້ນ</p><ul><li>ຄຳນີ້ຈະອ້າງເປັນພິເສດເຖິງການກຳນົດໄວ້ລ່ວງໜ້າຂອງພະເຈົ້າໃຫ້ສຳລັບຄົົນທີ່ຈະໄດ້ຮັບຊີວິດນິຣັນດອນ</li><li>ບາງເທື່ອກໍໃຊ້ຄຳວ່າ "ກຳນົດລ່ວງໜ້າ" ຊຶ່ງໝາຍເຖິງການຕັດສິນໃຈໄວ້ລ່ວງໜ້າເຊັ່ນກັນ</li></ul><h3 id="section-2">ຄຳແນະນຳໃນການແປ</h3><ul><li>ຄຳວ່າ "ກຳນົດໄວ້ລ່ວງໜ້າ" ສາມາດແປວ່າ "ຕັດສິນໃຈກ່ອນ" ຫລື "ຕັດສິນໃຈກ່ອນເວລາ"</li><li>ຄຳວ່າ "ກຳນົດໄວ້ລ່ວງໜ້າ" ສາມາດແປວ່າ "ໄດ້ຕັດສິນໃຈດົນມາແລ້ວ" ຫລື "ໄດ້ວາງແຜນກ່ອນເວລາ" ຫລື "ໄດ້ຕັດສິນໃຈກ່ອນເວລາແລ້ວ"</li><li>ການໃຊ້ຖ້ອຍຄຳ ຢ່າງເຊັ່ນ "ກຳນົດລ່ວງໜ້າພວກເຮົາ" ສາມາດແປວ່າ "ຕັດສິນໃຈດົນມາແລ້ວວ່າພວກເຮົາ" ຫລື "ຕິດສິນໃຈມາຮຽບຮ້ອຍແລ້ວກ່ອນເວລາທີ່ພວກເຮົາ"</li><li>ໝາຍເຫດການແປຄຳນີ້ຄວນແຕກຕ່າງຈາກການແປຄຳວ່າ "ຮູ້ຕັວລ່ວງໜ້າ"</li></ul>  
prey	<h2 id="section">@ເຫຍື່ອ, @ຕາມລ່າເຫຍື່ອ</h2><h3 id="section-1">ນິຍາມ</h3><p>ຄຳວ່າ"ເຫຢື່ອ"ອ້າງເຖິງບາງສິ່ງບາງຢ່າງທີ່ຖືກລ່າ ໂດຍມັກຈະເປັນສັດທີ່ໃຊ້ເຮັດເປັນອາຫານ</p><ul><li>ໃນແງ່ຂອງອຸບປະມາອຸບມັຍຄຳວ່າ "ເຫຢື່ອ" ສາມາດອ້າງເຖິງບຸກຄົນທີ່ຖືກເອົາປຽບ ຖືກຂົ່ມເຫງ ຫລືຖືກກົດຂີ່ຈາກບຸກຄົນທີ່ມີອຳນາດຫລາຍກວ່າ</li><li>ປະຊາຊົນທີ່ຕົກ "ເປັນເຫຢື່ອ" ໝາຍເຖິງຄົນຖືກເອົາປະໂຫຍດຈາກພວກທ່ານໂດຍກົດຂີ່ພວກທ່ານຫລືລັກບາງສິ່ງຈາກພວກທ່ານ</li><li>ຄຳວ່າ "ເຫຢື່ອ" ສາມາດແປໄດ້ອີກວ່າ"ສັດທີ່ຖືກລ່າ" ຫລື "ຜູ້ທີ່ຖືກລ່າ" ຫລື "ເຫຢື່ອ"</li></ul>  
priest	<h2 id="section">@ປະໂລຫິດ, @ມະຫາປະໂລຫິດ</h2><h3 id="section-1">ນິຍາມ</h3><p>ໃນພະຄັມພີປະໂລຫິດເປັນຄົົນທີ່ຖືກຮັບເລືອກໃຫ້ຖວາຍເຄື່ອງບູຊາແດ່ພະເຈົ້າໃນນາມຂອງປະຊາກອນຂອງພະເຈົ້າ  "ຄວາມເປັນປະໂລຫິດ" ເປັນຊື່ສຳລັບທີ່ເຮັດວຽກຫລືເງື່ອໄຂໃນການເປັນປະໂລຫິດ</p><ul><li>ໃນພັນທະສັນຍາເດີມພະເຈົ້າໄດ້ເລືອກອາໂຣນແລະລູກຫຼານຂອງທ່ານໃຫ້ເປັນປະໂລຫິດຂອງພະອົງສຳລັບປະຊາກອນອິດສະຣາເອນ</li><li>"ຄວາມເປັນປະໂລຫິດ" ເປັນສິດແລະເປັນຄວາມຮັບຜິດຊອບທີ່ສືບທອດຈາກພໍ່ສູ່ບຸດໃນຕະກູນເລວີ</li><li>ປະໂລຫິດອິດຣາເອນມີຄວາມຮັບຜິດຊອບທີ່ຕ້ອງຖວາຍເຄື່ອງບູຊາຂອງປະຊາຊົນຕໍ່ພະເຈົ້າ ພ້ອມກັບຫນ້າທີ່ອື່ນໆໃນພະວິຫານ</li><li>ປະໂລຫິດຢັງຖວາຍຄຳອະທິຖານປະຈຳແດ່ພະເຈົ້າໃນນາມຂອງປະຊາກອນຂອງພະອົງແລະປະກອບພິທີກຳອື່ນໆ ທາງສາດສະຫນາ</li><li>ປະໂລຫິດເປ່ງສຽງອະທິຖານຕໍ່ພຣະເຈົ້າແກ່ປະຊາຊົນແລະສອນທຳມະບັນຍັດຂອງພະເຈົ້າໃຫ້ພວກເຂົາ.</li><li>ໃນສະໄໝຂອງພະເຢຊູມີຣະດັບປະໂລຫິດທີ່ແຕກຕ່າງກັນ ທັງຫມົດໄປເຖິງຫັວໜ້າປະໂລຫິດແລະມະຫາປະໂລຫິດ</li><li>ພະເຢຊູຊົງເປັນ "ມະຫາປະໂລຫິດທີ່ຢິ່ງໃຫຍ່" ຂອງເຮົາ  ຜູ້ຊົງວິງວອນເພື່ອເຮົາຕໍ່ພະພັກອົງພະເຈົ້າ ພະອົງຊົງຖວາຍຕັວຂອງພະອົງເປັນເຄື່ອງບູຊາສູງສຸດສຳລັບຄວາມບາບ ນີ້ໝາຍຄວາມວ່າເຄື່ອງບູຊາທີ່ເຮັດໂດຍປະໂລຫິດທີ່ເປັນມະນຸດບໍ່ຈຳເປັນອີກຕໍ່ໄປ</li><li>ໃນພັນທະສັນຍາໃໝ່ ທຸກຄົົນທີ່ເຊື່ອໃນພະເຢຊູຈະຖືກຮຽກວ່າ "ປະໂລຫິດ" ຜູ້ຊຶ່ງສາມາດມາເຖິງພະເຈົ້າໂດຍກົງໄດ້ດ້ວຍຄຳອະທິຖານເພື່ອຂໍຮ້ອງໃຫ້ກັບຕັວເອງແລະເພື່ອຄົນອື່ນດ້ວຍ</li><li>ໃນສະໄໝບູຮານມີປະໂລຫິດນອກສາດສະຫນາຜູ້ຖວາຍເຄື່ອງບູຊາແດ່ພະເທັດເຊັ່ນພະບາອັນ</li></ul><h3 id="section-2">ຄຳແນະນຳໃນການແປ</h3><ul><li>ຂຶ້ນຢູ່ກັບເຣື້ອງຣາວ, ຄຳວ່າ "ປະໂລຫິດ" ສາມາດແປລວ່າ "ເຄື່ອງຖວາຍບູຊາທີ່ເປັນບຸກຄົນ" ຫລື "ຜູ້ກາງຂອງພະເຈົ້າ" ຫລື "ເຄື່ອງຖວາຍບູຊາຜູ້ກາງ" ຫລື "ບຸກຄົນທີ່ພະເຈົ້າຊົງແຕ່ງຕັ້ງເພື່ອເປັນຕັວແທນຂອງພະອົງ"</li><li>ການແປຄຳວ່າ "ປະໂລຫິດ" ຄວນຈະແຕກຕ່າງຈາກຄຳວ່າ "ຄົນກາງ"</li><li>ການແປບາງເທື່ອອາດຕ້ອງກ່າວເຖິງບາງສິ່ງເຊັ່ນ "ປະໂລຫິດຂອງອິດຣາເອນ" ຫລື "ປະໂລຫິດຂອງຊາວຢິວ" ຫລື "ປະໂລຫິດຂອງພະຢາເວ" ຫລື ປະໂລຫິດຂອງພະບາອັນ" ເພື່ອໃຫ້ຊັດເຈນວ່ານີ້ບໍ່ໄດ້ອ້າງເຖິງປະເພດຂອງປະໂລຫິດສະໄໝໃໝ່</li><li>ຄຳທີ່ໃຊ້ແປວ່າ "ປະໂລຫິດ" ຄວນແຕກຕ່າງຈາກຄຳວ່າ "ຫັວໜ້າປະໂລຫິດ" ແລະ "ປະໂລຫິດຫຼວງ" ແລະ ເລວີ" ແລະ"ຜູ້ປະກາດພະທຳ"</li></ul>  
prince	<h2 id="section">@ເຈົ້າຊາຍ, @ເຈົ້າສາວ</h2><h3 id="section-1">ນິຍາມ</h3><p>"ເຈົ້າຊາຍ" ຄືບຸດຊາຍຂອງກະສັດ "ເຈົ້າສາວ" ຄືບຸດສາວຂອງກະສັດ</p><ul><li>ຄຳວ່າ "ເຈົ້າຊາຍ" ມັກໃຊ້ເປັນຄຳອຸບປະມາອຸບມັຍທີ່ອ້າງເຖິງຜູ້ນຳ ຜູ້ປົກຄອງ ຫລືບຸກຄົນຜູ້ມີອຳນາດຕ່າງໆ.</li><li>ເພາະຄວາມມັ່ງຄັ່ງແລະຄວາມສຳຄັນຂອງອັບຣາຮັມ  ທ່ານຈຶ່ງຖືກອ້າງເຖິງວ່າເປັນ "ເຈົ້າຊາຍ" ໂດຍຄົນຮິດໄທຕ໌ທີ່ທ່ານອາໄສຢູ່ດ້ວຍ</li><li>ໃນພະທຳດານຽນ ຄຳວ່າ "ເຈົ້າຊາຍ" ໄດ້ໃຊ້ໃນຄຳກລ່າວວ່າ "ເຈົ້າຊາຍແຫ່ງເປອຣ໌ເຊຍ" ແລະ "ເຈົ້າຊາຍແຫ່ງກຣີຊ" ຊຶ່ງໃນເຣື່ອງຣາວເຫຼົ່ານັ້ນອາດອ້າງເຖິງວິຍຍານຊັ່ວທີ່ມີລິດອຳນາດຜູ້ທີ່ມີອຳນາດໃນການປົກຄອງເໜືອແຖບເຫຼົ່ານັ້ນ</li><li>ມິຄາເອນຫັວໜ້າທູດສະຫວັນກໍຖືກອ້າງເຖິງວ່າ "ເຈົ້າຊາຍ"ໃນພະທຳດານຽນ</li><li>ບາງເທື່ອໃນພະຄັມພີ ຊາຕານກໍຖືກອ້າງເຖິງວ່າເປັນ "ເຈົ້າຊາຍແຫ່ງໂລກນີ້"</li><li>ພະເຢຊູຖືກຮຽກວ່າ "ເຈົ້າຊາຍແຫ່ງສັນຕິສຸກ" ແລະ "ເຈົ້າຊາຍແຫ່ງຊີວິດ"</li><li>ໃນກິດຈະການ 2:36 ພະເຢຊູຖືກອ້າງເຖິງວ່າເປັນ "ພະຜູ້ເປັນເຈົ້າແລະພະຄຣິສຕ໌" ແລະໃນກິດຈະການ 5:31 ພະອົງຖືກອ້າງເຖິງວ່າເປັນ "ເຈົ້າຊາຍແລະພະຜູ້ຊ່ວຍໃຫ້ຣອດ" ສະແດງໃຫ້ເຫັນເຖິງຄວາມຫມາຍທີ່ຄູ່ກັນກັບ ຄຳວ່າ"ອົງພຣະຜູ້ເປັນເຈົ້າ" ແລະ "ເຈົ້າຊາຍ"</li></ul><h3 id="section-2">ຄຳແນະນຳໃນການແປ</h3><ul><li>ວິທີແປຄຳວ່າ "ເຈົ້າຊາຍ" ສາມາດລວມຄຳວ່າ "ໂອລົດຂອງກະສັດ" ຫລື "ຜູ້ປົກຄອງ" ຫລື "ຜູ້ນຳ" ຫລື "ຫັວໜ້າ" ຫລື "ຫັວໜ້າທີມ"</li><li>ເມື່ອອ້າງເຖິງທູດສະຫວັນ ນີ້ສາມາດແປວ່າ "ຜູ້ປົກຄອງວິນຍານ" ຫລື "ຜູ້ນຳທູດສະຫວັນ"</li><li>ເມື່ອອ້າງເຖິງຊາຕານຫລື ວິນຍານຊັ່ວ ຄຳນີ້ສາມາດແປວ່າ "ຜູ້ປົກຄອງວິນຍານຊົ່ວ" ຫລື "ຜູ້ນຳວິນຍານທີ່ມີອຳນາດ" ຫລື "ວິນຍານປົກຄອງ" ຂຶ້ນຢູ່ກັບເຣື່ອງຣາວຫລືສະພາບການ..</li></ul>  
priscilla	<h2 id="section">@ປຣີດສິນລາ</h2><h3 id="section-1">ຂໍ້ເທັດຈິງ</h3><p>ປຣິດສິນລາແລະຜົວຂອງອະຄວິນລາເປັນຊາວຢິວທີ່ຮ່ວມງານກັບຄຣິສຕຽນຊາວຢິວທີ່ເຮັດວຽກກັບອັຄສາວົກໂປໂລໃນງານປະກາດຂອງທ່ານ</p><ul><li>ປຣິດສິນລາແລະອະຄວິນລາໄດ້ອອກຈາກໂຣມເນື່ອງຈາກຈັກະພັດໄດ້ບັງຄັບໃຫ້ຄຣິສຕຽນອອກຈາກບ່ອນນັ້ນ</li><li>ໂປໂລໄດ້ພົບກັບປຣິດສິນລາແລະອະຄວິນລາໃນເມືອງໂກຣິນໂທ ພວກທ່ານເປັນຄົນຫຍິບຜ້າເຕັນແລະໂປໂລກໍໄດ້ຮ່ວມເຮັດວຽກກັບພວກທ່ານໃນງານນີ້ດ້ວຍ</li><li>ເມື່ອໂປໂລຈາກເມືອງໂກຣິນໂທເພື່ອໄປຊີເຣຍປຣິດສິນລາແລະອະ  ຄວິນລາກໍໄດ້ໄປກັບທ່ານດ້ວຍ</li><li>ຈາກຊີເຣຍ ພວກທ່ານທັງສາມໄດ້ໄປຢັງເອເຟໂຊ ເມື່ອໂປໂລຈາກເອເຟໂຊ ປຣິດສິນລາແລະອະຄວິນລາຢັງຢູ່ບ່ອນນັ້ນແລະໄດ້ດຳເນີນການເທດສະຫນາປະກາດຂ່າວປະເສີດໃນບ່ອນນັ້ນ</li><li>ພວກທ່ານໄດ້ສອນຜູ້ຊາຍທີ່ຊື່ອາໂປໂລໃນເອເຟໂຊໂດຍສະເພາະຜູ້ຊຶ່ງເຊື່ອໃນພະເຢຊູແລະມີຂອງປະທານໃນການເປັນຜູ້ເວົ້າແລະຜູ້ສອນ</li></ul>  
prison	<h2 id="section">@ຄຸກ, @ນັກໂທດ, @ຄົນທີ່ຖືກຂັງ</h2><h3 id="section-1">ນິຍາມ</h3><p>ຄຳວ່າ "ຄຸກ" ໝາຍເຖິງສະຖານທີ່ເຫຼົ່າອາດຊະຍາກອນຖືກກັກໄວ້ເພື່ອເປັນການລົງໂທດເພາະອາດຊະຍາກັມຂອງພວກເຂົາ  "ນັກໂທດ" ຄືຄົົນທີ່ຖືກຂັງໄວ້ໃນຄຸກ</p><ul><li>ບຸກຄົນອາດຖືກຂັງໄວ້ໃນຄຸກໃນຂະນະທີ່ລໍການຕັດສິນໃນຄະດີ</li><li>ຄຳວ່າ "ຈຳຄຸກ" ໝາຍເຖິງ "ຂັງໄວ້ໃນຄຸກ" ຫລື "ຂັງໄວ້ເປັນຊະເລີຍ"</li><li>ຜູ້ປະກາດພະທຳຫຼາຍຄົນແລະຜູ້ຮັບໃຊ້ພະເຈົ້າຫຼາຍຄົນກໍໂດນຂັງໃນຄຸກເຖິງວ່າພວກທ່ານຈະບໍ່ໄດ້ເຮັດສິ່ງໃດຜິດກໍຕາມ</li></ul><h3 id="section-2">ຄຳແນະນຳໃນການແປ</h3><ul><li>ອີກຄຳໜຶ່ງຂອງຄຳວ່າ "ຄຸກ" ຫລື "ທີ່ກັກຂັງ"</li><li>ຄຳນີ້ສາມາດແປວ່າ "ຄຸກໃຕ້ດິນ" ໃນກໍລະນີທີ່ຄຸກຢູ່ໃຕ້ດິນຫລືໃຕ້ປຣາສາດຫລືອາຄານອື່ນໆ</li><li>ຄຳວ່າ "ພວກນັກໂທດ" ສາມາດອ້າງເຖິງໂດຍທັ່ວໄປຄືປະຊາຊົນທີ່ຖືກຈັບເປັນຊະເລີຍໂດຍສັດຕູແລະຖືກຂັງໄວ້ໃນບາງແຫ່ງທີ່ພວກເຂົາຕ້ອງການ  ວິທີອື່ນທີ່ແປຄວາມຫມາຍນີ້ຄື "ຖືກຈັບເປັນຊະເລີຍ"</li><li>ວິທີອື່ນທີ່ແປ "ຖືກຂັງຄຸກ" ສາມາດແປວ່າ "ຖືກເກັບໄວ້ໃນຖານະນັກໂທດ" ຫລື "ຖືກເກັບໄວ້ເປັນຊະເລີຍ" ຫລື "ຕົກເປັນຊະເລີຍ"</li></ul>  
proclaim	<h2 id="section">@ປະກາດ, @ຖະແຫລງການ</h2><h3 id="section-1">ນິຍາມ</h3><p>ປະກາດ ເປັນການແຖລງຫລືການແຈ້ງບາງສິ່ງຢ່າງເປີດເຜຍແລະຢ່າງກ້າຫານ</p><ul><li>ຫລາຍເທື່ອໃນພະຄັມພີ ຄຳວ່າ "ປະກາດ" ໝາຍເຖິງການແຖລງບາງສິ່ງບາງຢ່າງຕໍ່ສາທາລະນະຕາມທີ່ພະເຈົ້າໄດ້ຊົງບັນຊາໄວ້ ຫລືບອກຄົນອື່ນເຖິງເລື່ອງຣາວພະເຈົ້າແລະເຖິງຄວາມຢິ່ງໃຫຍ່ຂອງພະອົງ</li><li>ໃນພັນທສັນຍາໃໝ່ ເຫຼົ່າອັຄສາວົກປະກາດຂ່າວປະເສີດເລື່ອງຣາວກ່ຽວກັບພະເຢຊູໃຫ້ຫຼາຍຄົນໃນເມືອງແລະແຄວ້ນຕ່າງໆ</li><li>ຄຳວ່າ "ປະກາດ" ສາມາດໃຊ້ກັບພະຣາຊະດີກາໂດຍກະສັດຫລືເພື່ອການປະນາມຄວາມຊັ່ວຮ້າຍຕໍ່ສາທາລະນະຊົນ</li><li>ວິທີອື່ນໃນການແປຄຳວ່າ "ປະກາດ" ສາມາດລວມທັງຄຳວ່າ "ການແຖລງ" ຫລື"ເທດສະຫນາຢ່າງເປີດເຜຍ" ຫລື "ປະກາດຢ່າງເປີດເຜຍ"</li><li>ຄຳວ່າ "ຄຳປະກາດ" ສາມາດແປໄດ້ວ່າ "ຄຳແຖລງ" ຫລື "ການເທດສະຫນາໃນທີ່ສາທາລະນະ"</li></ul>  
profane	<h2 id="section">@ການດູໜິ່ນ</h2><h3 id="section-1">ນິຍາມ</h3><p>ການດູໜິ່ນບາງສິ່ງບາງຢ່າງໝາຍເຖິງກະທຳໃນທາງທີ່ເຮັດໃຫ້ມົວໝອງຫລືມີມົນທິນ ເຮັດໃຫ້ເສຍຫາຍ ຫລື ບໍ່ໃຫ້ເຄົາລົບບາງສິ່ງບາງຢ່າງທີ່ບໍຣິສຸດສັກສິດ</p><ul><li>ຄົົນທີ່ໄດ້ຮັບການດູໜິ່ນຄືຄົົນທີ່ກະທຳຕົວໃນທາງທີ່ຂາດສິນລະທຳແລະບໍ່ຖວາຍພຣະກຽດແດ່ພະເຈົ້າ</li><li>ຄຳກິຣິຢາວ່າ "ດູໜິ່ນ" ສາມາດແປໄດ້ວ່າ "ການກະທຳຢ່າງບໍ່ມີສິນລະທຳ" ຫລື "ເປັນການບໍ່ເຄົາລົບຕໍ່" ຫລື "ບໍ່ໃຫ້ກຽດແກ່"</li><li>ພຣະເຈົ້າໄດ້ຕັດກັບຊາວອິສຣາເອລວ່າພວກທ່ານ "ດູໜິ່ນ" ຕົວພວກເຂົາເອງດ້ວຍຮູບເຄົາລົບ ນັ້ນໝາຍເຖິງວ່າປະຊາຊົນເຮັດຕົວພວກເຂົາໃຫ້ "ບໍ່ສະອາດ" ຫລື "ບໍ່ມີກຽດ" ໂດຍຄວາມບາບນີ້  ພວກເຂົາບໍ່ໄດ້ຖວາຍພະກຽດແດ່ພະເຈົ້າດ້ວຍເຊັ່ນກັນ</li></ul><p>ຂຶ້ນຢູ່ກັບເນື້ອເຣື່ອງ  ຄຳເວົ້າຄຳວ່າ "ດູໜິ່ນ" ສາມາດແປໄດ້ວ່າ "ບໍ່ໃຫ້ກຽດ"  ຫລື "ຂາດສິນລະທຳ"  ຫລື  "ບໍ່ບໍລິສຸດ"</p>  
profit	<h2 id="section">@ກຳໄລ, @ໄດ້ຜົນປະໂຫຍດ</h2><h3 id="section-1">ນິຍາມ</h3><p>ໂດຍທັ່ວໄປຄຳວ່າ "ກຳໄຣ" ແລະ "ໄດ້ຜົນປະໂຫຍດ" ອ້າງເຖິງການຮັບສິ່ງທີ່ດີຜ່ານທາງການກະທຳບາງຢ່າງຫລືການປະພຶດ ອ້າງເຖິງສິ່ງທີ່ດີທີ່ໄດ້ຮັບ ບາງສິ່ງຈະ "ໄດ້ຜົນປະໂຫຍດ" ຕໍ່ໃຜບາງຄົນຖ້າມັນນຳສິ່ງທີ່ດີສູ່ພວກເຂົາຫລືຖ້າມັນຊ່ວຍພວກເຂົາໃຫ້ນຳສິ່ງທີ່ດີໄປໃຫ້ຄົນອື່ນ</p><ul><li>ສະເພາະຢ່າງຢິ່ງ ຄຳວ່າ "ກຳໄຣ" ຫລາຍເທື່ອອ້າງເຖິງເງີນທີ່ໄດ້ຮັບຈາກການເຮັດທຸລະກິດ ທຸລະກິດນັ້ນ "ໄດ້ຜົນປະໂຫຍດ" ຖ້າຫາກໄດ້ຮັບເງີນຫລາຍກວ່າໃຊ້ຈ່າຍ</li><li>ການກະທຳນັ້ນມີປະໂຫຍດຖ້າຫາກພວກເຂົານຳສິ່ງທີ່ດີໄປສູ່ຄົນທັງປວງ</li><li>2 ຕິໂມທຽວ 3:16 ກລ່າວວ່າພະວົດນະທຸກຕອນ" ມີປະໂຫຍດ" ສຳລັບການແກ້ໄຂແລະການຝຶກຄົນໃນທາງຄວາມຊອບທຳ  ນີ້ໝາຍເຖິງຄຳສອນຂອງພະຄັມພີ ຊ່ວຍແລະມີປະໂຫຍດສຳລັບການສອນຄົນໃຫ້ຢູ່ໃນນ້ຳພະທັຍຂອງພະເຈົ້າ</li></ul><h3 id="section-2">ຄຳແນະນຳໃນການແປ</h3><ul><li>ຂຶ້ນຢູ່ກັບສະຖານະການ, ຄຳວ່າ "ກຳໄຣ" ສາມາດແປລວ່າ "ປະໂຫຍດ" ຫລື "ຊ່ວຍ" ຫລື "ໄດ້ຮັບ"</li><li>ຄຳວ່າ "ໄດ້ຜົນປະໂຫຍດ" ສາມາດແປວ່າ "ເປັນປະໂຫຍດ" ຫລື "ເປັນຜົນດີີ" ຫລື "ຊ່ວຍ"</li><li>"ໄດ້ກຳໄຣຈາກ" ບາງສິ່ງສາມາດແປວ່າ "ໄດ້ປະໂຫຍດຈາກ" ຫລື "ໄດ້ຮັບເງີນຈາກ" ຫລື ໄດ້ຮັບການຊ່ວຍເຫລືອຈາກ"</li><li>ໃນທາງຂອງທຸລະກິດ "ກຳໄຣ" ສາມາດແປດ້ວຍຄຳ ຫລືປະໂຫຍກທີ່ໝາຍຄວາມວ່າ "ເງີນໄດ້ຮັບ" ຫລື"ເງີນສ່ວນທີ່ເກີນ" ຫລື "ເງີນພິເສດ"</li></ul>  
promised land	<h2 id="section">@ແຜ່ນດິນແຫ່ງພະສັນຍາ</h2><h3 id="section-1">ນິຍາມ</h3><p>ຄຳວ່າ "ແຜ່ນດິນແຫ່ງພະສັນຍາ" ມີຢູ່ໃນເລື່ອງຣາວຂອງພະຄັມພີເທົ່ານັ້ນ ບໍ່ແມ່ນຂໍ້ຄວາມພະຄັມພີ ແຕ່ເປັນທາງເລືອກໜຶ່ງທີ່ອ້າງເຖິງແຜ່ນດິນຄານາອັນທີ່ພະເຈົ້າໄດ້ຊົງສັນຍາໄວ້ວ່າຈະປະທານແກ່ອັບຣາຮັມແລະລູກຫຼານຂອງທ່ານ</p><ul><li>ເມື່ອອັບຣາຮັມຍັງຢູ່ທີ່ເມືອງເອີ ພະເຈົ້າໄດ້ຊົງບັນຊາທ່ານໃຫ້ໄປຢູ່ໃນແຜ່ນດິນຄານາອັນ ທ່ານແລະລູກຫຼານຂອງທ່ານ ຊາວອິສຣາເອນ ໄດ້ຢູ່ບ່ອນນັ້ນຫຼາຍປີ</li><li>ເມື່ອເກີດການກັນດານອາຫານຢ່າງຮຸນແຮງເຮັດໃຫ້ບ່ອນນັ້ນບໍ່ມີອາຫານໃນຄານາອັນ ຊາວອິສຣາເອນຈຶ່ງໄດ້ຍ້າຍໄປຢັງອີຢິປ</li><li>ສີ່ຮ້ອຍປີຕໍ່ມາ ພະເຈົ້າໄດ້ຊົງຊ່ວຍກູ້ຊົນຊາດອິສຣາເອນຈາກການເປັນຂ້າທາດໃນອີຢິປແລະໄດ້ນຳພວກທ່ານກັບມາຍັງຄານາອັນແຜ່ນດິນຊຶ່ງພະເຈົ້າໄດ້ຊົງສັນຍາຈະປະທານໃຫ້ພວກທ່ານອີກເທື່ອໜຶ່ງ</li></ul><p>% ຄຳແນະນຳໃນການແປ</p><ul><li>ຄຳວ່າ "ແຜ່ນດິນແຫ່ງພະສັນຍາ" ສາມາດແປວ່າ "ແຜ່ນດິນທີ່ພະເຈົ້າໄດ້ຕັດວ່າພະອົງຈະປະທານໃຫ້ແກ່ອັບຣາຮັມ" ຫລື "ແຜ່ນດິນທີ່ພະເຈົ້າຊົງສັນຍາແກ່ອັບຣາຮັມ" ຫລື "ແຜ່ນດິນພະເຈົ້າຊົງສັນຍາກັບປະຊາ ກອນຂອງພະອົງ" ຫລື "ແຜ່ນດິນຄານາອັນ"</li><li>ໃນພະຄັມພີ  ຄຳນີ້ປາກົດໃນຮູບແບບຂອງ "ແຜ່ນດິນທີ່ພະເຈົ້າຊົງສັນຍາໄວ້"</li></ul>  
promise	<h2 id="section">@ຄຳສັນຍາ</h2><h3 id="section-1">ນິຍາມ</h3><p>ຄຳສັນຍາຄື ຄຳປະຕິຍານເພື່ອເຮັດບາງຢ່າງ ເມື່ອມີຄົນສັນຍາບາງຢ່າງນັ້ນແປວ່າທ່ານກຳລັງໃຫ້ຄຳຫມັ້ນສັນຍາທີ່ຈະເຮັດບາງສິ່ງບາງຢ່າງ</p><ul><li>ພະຄັມພີບັນທຶກພະສັນຍາຫຼາຍປະການທີ່ພະເຈົ້າໄດ້ຊົງກະທຳເພື່ອປະຊາກອນຂອງພະອົງ</li><li>ຄຳສັນຍາເປັນສ່ວນສຳຄັນສ່ວນຫນຶ່ງຂອງຂໍ້ຕົກລົງຢ່າງເປັນທາງການເຊັ່ນ ພັນທະສັນຍາ</li><li>ຄຳສັນຍາຫລາຍເທື່ອມາພ້ອມກັບຄຳປະຕິຍານເພື່ອຢືນຢັນວ່າມັນຈະຕ້ອງເຮັດດັ່ງນັ້ນ</li></ul><h3 id="section-2">ຄຳແນະນຳໃນການແປ</h3><ul><li>ຄຳວ່າ "ສັນຍາ" ສາມາດແປວ່າ "ຄວາມມຸ້ງຫມັ້ນ" ຫລື "ການໃຫ້ຄຳໝັ້ນໃຈ" ຫລື "ການຮັບປະກັນ"</li><li>"ສັນຍາວ່າຈະເຮັດ" ສາມາດແປວ່າ "ຮັບປະກັນກັບບາງຄົນວ່າທ່ານຈະເຮັດບາງຢ່າງ" ຫລື "ມຸ້ງຫມັ້ນທີ່ຈະເຮັດບາງຢ່າງ"</li></ul>  
prophet	<h2 id="section">@ຜູ້ປະກາດພຣະທຳ,ຜູ້ທຳນວຍ,ຜູ້ເຜີຍພຣະວັດຈະນະ,ຜູ້ປະກາດ,ຜູ້ພະຍາກອນ</h2><h3 id="section-1">ນິຍາມ</h3><p>"ຜູ້ປະກາດພະທຳ" ຄື ຜູ້ຊາຍທີ່ເວົ້າຂ່າວສານຂອງພະເຈົ້າໃຫ້ແກ່ປະຊາຊົນ ຜູ້ຍິງທີ່ເຮັດແບບນີ້ຮຽກວ່າ "ຜູ້ປະກາດພະທຳຍິງ"</p><ul><li>ຫລາຍເທື່ອຜູ້ປະກາດພະທຳຈະຕັກເຕືອນປະຊາຊົນໃຫ້ຫັນກັບຈາກຄວາມບາບຂອງພວກເຂົາແລະໃຫ້ເຊື່ອພະເຈົ້າ</li><li>"ຄຳເຜີຍພະວັດຈະນະ"ເປັນຂ່າວສານທີ່ຜູ້ປະກາດພະທຳເວົ້າ  ການ"ເຜີຍພະວັດຈະນະ"ໝາຍເຖິງການເວົ້າຂ່າວສານຂອງພະເຈົ້າ</li><li>ຫລາຍເທື່ອຂ່າວສານຂອງຄຳເຜີຍພະວັດຈະນະນັ້ນຈະກ່ຽວກັບສິ່ງທີ່ຈະເກີດຂຶ້ນໃນອະນາຄົດ</li><li>ຄຳເຜີຍພະວັດຈະນະຕ່າງໆ ໃນພັນທະສັນຍາເດີມໄດ້ສຳເຣັດແລ້ວ</li><li>ໃນພະຄັມພີ ຊຸດພະທຳທີ່ຂຽນໄວ້ໂດຍຜູ້ປະກາດພະທຳບາງເທື່ອອ້າງເຖິງໃນຖານະເປັນ  "ຜູ້ປະກາດພະທຳ"  ດ້ວຍ</li><li>ຕົວຢ່າງເຊັ່ນປະໂຫຍກຄຳວ່າ"ທຳມະບັນຍັດແລະຜູ້ປະກາດພະທຳ" ເປັນວິທີທີ່ຈະອ້າງອິງຂໍ້ພະຄັມພີ ພາສາເຮັບເຣີທັງໝົດ ຊຶ່ງຮູ້ຈັກກັນໃນອີກຄຳວ່າ "ພັນທະສັນຍາເດີມ"</li><li>ຄຳສັບທີ່ເກົ່າກວ່າອີກຄຳຂອງຄຳວ່າຜູ້ປະກາດພະທຳຄື "ຜູ້ພະຍາກອນ" ຫລື "ບາງຄົົນທີ່ຮັບຮູ້"</li><li>ບາງເທື່ອຄຳວ່າ "ຜູ້ພະຍາກອນ" ອ້າງເຖິງ ຜູ້ປະກາດພະທຳທຽມເທັດ ຫລື ຄົົນທີ່ທຳນວາຍໂຊກຊະຕາ</li></ul><h3 id="section-2">ຄຳແນະນຳໃນການແປ</h3><ul><li>ຄຳວ່າ "ຜູ້ປະກາດພະທຳ" ສາມາດແປວ່າ "ຜູ້ປະກາດຂອງພະເຈົ້າ" ຫລື "ຜູ້ຊາຍຜູ້ທີ່ເວົ້າເພື່ອພະເຈົ້າ" ຫລື "ຜູ້ຊາຍທີ່ເວົ້າຂ່າວສານຂອງພະເຈົ້າ"</li><li>"ຜູ້ພະຍາກອນ" ສາມາດແປວ່າ "ບຸກຄົນຜູ້ເຫັນນິມິດທັງຫຼາຍ" ຫລື "ຜູ້ຊາຍທີ່ເຫັນອະນາຄົດຈາກພະເຈົ້າ"</li><li>ຄຳວ່າ "ຜູ້ປະກາດພະທຳຍິງ" ສາມາດແປລວ່າ "ຜູ້ປຣະກາດຍິງສຳລັບພະເຈົ້າ" ຫລື "ຜູ້ຍິງຜູ້ທີ່ເວົ້າສຳລັບພະເຈົ້າ" ຫລື "ຜູ້ຍິງຜູ້ທີ່ເວົ້າຂ່າວສານຂອງພະເຈົ້າ"</li><li>ວິທີແປ "ຄຳເຜີຍພະວັດຈະນະ" ສາມາດທັງຫມົດ "ຂ່າວສານຈາກພະເຈົ້າ" ຫລື "ຜູ້ເຜີຍພະວັດຈະນະຂ່າວສານ"</li><li>ຄຳວ່າ "ການເຜີຍພະວັດຈະນະ" ສາມາດແປວ່າ "ເວົ້າພະຄຳຈາກພະເຈົ້າ" ຫລື "ບອກຂ່າວສານຂອງພະເຈົ້າ"</li><li>ຄຳກ່າວອຸບປະມາອຸບປະມັຍ "ບັນຍັດແລະຜູ້ປະກາດພະທຳທັງຫຼາຍ" ສາມາດແປວ່າ "ຫນັງສືທັງຫຼາຍຂອງບັນຍັດແລະຜູ້ປະກາດພະທຳທັງຫຼາຍ" ຫລື "ທຸກສິ່ງທີ່ໄດ້ຂຽນກ່ຽວກັບພະເຈົ້າແລະປະຊາຊົນຂອງພະອົງ  ທັງຫມົດທັງບັນຍັດຂອງພະເຈົ້າແລະສິ່ງທີ່ຜູ້ປະກາດພະທຳໄດ້ເທດສະຫນາ"</li></ul>  
propitiation	<h2 id="section">@ການບັນເທົາ</h2><h3 id="section-1">ນິຍາມ</h3><p>ຄຳວ່າ "ການບັນເທົາ" ອ້າງເຖິງເຄື່ອງບູຊາທີ່ເຮັດໃຫ້ມີຄງາມພໍໃຈຫລືເຮັດໃຫ້ບັນລຸຄວາມທ່ຽງທຳຂອງພະເຈົ້າແລະເພື່ອໃຫ້ການບັນເທົາພະພິໂຣດຂອງພະເຈົ້າຈະສະຫງົບລົງ</p><ul><li>ການຖວາຍເຄື່ອງບູຊາເລືອດຂອງພະເຢຊູຄຣິດເປັນການບັນເທົາແດ່ພະເຈົ້າສຳລັບຄວາມບາບຂອງມະນຸດຊາດ</li><li>ການຕາຍຂອງພະເຢຊູຄຣິດເທີງໄມ້ກາງແຂນບັນເທົາພະພິໂຣດຂອງພະເຈົ້າຕໍ່ຄວາມບາບ  ນິ້ເປັນການຈັດຕຽມທາງສຳລັບພະເຈົ້າຕໍ່ຄົນຂອງພະອົງດ້ວຍຄວາມພໍພຣະທັຍແລະຊົງປຣະທານຊີວິດນິຣັນດອນແກ່ພວກເຂົາ</li></ul><h3 id="section-2">ຄຳແນະນຳໃນການແປ</h3><ul><li>ຄຳນີ້ສາມາດແປໄດ້ເຊັ່ນ "ການບັນເທົາ" ຫລື "ເປັນເຫດໃຫ້ພະເຈົ້າຢົກໂທດຄວາມບາບແລະໃຫ້ຄວາມເມດຕາສົງສານປະຊາຊົນ"</li><li>ຄຳວ່າ "ການໄຖ່ໂທດ" ເປັນຄວາມຫມາຍທີ່ໃກ້ຄຽງກັບ "ການບັນເທົາ"  ເປັນສິ່ງສຳຄັນຫລາຍທີ່ປຽບທຽບວ່າສອງຄຳນີ້ໃຊ້ຢ່າງໃດ</li></ul>  
prosper	<h2 id="section">@ຈະເລີນກ້າວໜ້າ, @ຈະເລີນຮຸ່ງເຮືອງ, @ຄວາມຮຸ່ງເຮືອງ</h2><h3 id="section-1">ນິຍາມ</h3><p>ຄຳວ່າ"ຈະເລີນກ້າວໜ້າ" ໂດຍທັ່ວໄປອ້າງເຖິງການມີຊີວິດທີ່ດີແລະສາມາດອ້າງເຖິງການຈະເລີນຮຸ່ງເຮືອງທາງຮ່າງກາຍແລະຈິດວິນຍານ ເມື່ອຄົນຫລືປະເທດ  " ຈະເລີນຮຸ່ງເຮືອງ" ໝາຍເຖິງພວກເຂົາມີຖານະລ້ຳລວຍແລະມີທຸກຢ່າງທີ່ພວກເຂົາຕ້ອງການໃຫ້ປະສົບຄວາມສຳເຣັດ ພວກເຂົາກຳລັງພົບກັບ  "ຄວາມຮຸ່ງເຮືອງ"</p><ul><li>ຄຳວ່າ"ຮຸ່ງເຮືອງ" ມັກອ້າງເຖິງການປະສົບຄວາມສຳເຣັດໃນການເປັນເຈົ້າຂອງເງີນແລະຊັບສິນຫລືໃນການຜະລິດທຸກຢ່າງທີ່ຈຳເປັນສຳລັບຄົນເພື່ອໃຫ້ມີຊີວິດທີ່ດີ</li><li>ໃນພະຄັມພີຄຳວ່າ"ຮຸ່ງເຮືອງ" ຍັງຫມາຍເຖິງສຸກຂະພາບທີ່ດີແລະການໄດ້ຮັບພະພອນກັບລູກຫຼານດ້ວຍ</li><li>ເມືອງຫລືປະເທດ" ທີ່ຮຸ່ງເຮືອງ" ເປັນເມືອງຫລືປະເທດທີ່ຄົນທັງ ຫລາຍ ມີຜະລິດຕະຜົນທີ່ດີ ແລະທຸລະກິດທີ່ນຳເງີນຫລວງຫລາຍມາໃຫ້</li><li>ພະຄັມພີສອນວ່າບຸກຄົນທີ່ຈະ ຈະເລີນຮຸ່ງເຮືອງຝ່າຍວິນຍານໄດ້ເມື່ອທ່ານເຊື່ອຟັງຄຳສອນຂອງພະເຈົ້າ ທ່ານເອງຈະໄດ້ພົບກັບພະພອນແຫ່ງຄວາມຊື່ນຊົມຢິນດີແລະສັນຕິສຸກດ້ວຍ ພະເຈົ້າບໍ່ໃຫ້ຄວາມມັ່ງຄັ່ງທາງວັດຖຸຢ່າງຫລວງຫລາຍແກ່ຜູ້ຄົນ ແຕ່ພະອົງຈະໃຫ້ພວກທ່ານຈະເລີນຮຸ່ງເຮືອງຝ່າຍວິນຍານເມື່ອພວກທ່ານຍ່າງຕາມຫົນທາງຂອງພະອົງ</li><li>ຂຶ້ນຢູ່ກັບສະພາບການ ຄຳວ່າ"ຮຸ່ງເຮືອງ" ສາມາດແປໄດ້ວ່າ "ປະສົບຄວາມສຳເຣັດຝ່າຍວິນຍານ" ຫລື "ໄດ້ຮັບພະພອນຈາກພະເຈົ້າ" ຫລື "ມີປະສົບການກັບສິ່ງທີ່ດີ" ຫລື "ມີຊີວິດທີ່ດີ"</li><li>ຄຳວ່າ" ຮຸ່ງເຮືອງ" ສາມາດແປໄດ້ວ່າ "ປະສົບຄວາມສຳເຣັດ" ຫລື "ມັ່ງຄັ່ງ" ຫລື"ເກີດຜົນຝ່າຍວິນຍານ"</li><li>"ຮຸ່ງເຮືອງ" ສາມາດແປໄດ້ວ່າ "ມີຊີວິດທີ່ດີ" ຫລື "ລ້ຳລວຍ" ຫລື "ປະສົບຄວາມສຳເຣັດ" ຫລື "ພະພອນອັນເຫຼືອລົ້ນ"</li></ul>  
prostitute	<h2 id="section">@ໂສເພນີ, @ຄ້າມະນຸດ, @ເພດ,ຍິງແພດສະຍາ,ຍິງຂາຍບໍຣິການທາງເພດ</h2><h3 id="section-1">ນິຍາມ</h3><p>ຄຳວ່າ "ໂສເພນີ" ແລະ "ຊາວແພດສະຍາ" ອ້າງເຖິງບຸກຄົນທີ່ປະກອບການທາງເພດເພື່ອເງີນຫລືເພື່ອພິທີກຳທາງສາດສະຫນາ ໂສເພນີຫລືຊາວແພດສະຍາມັກຈະເປັນເພດຍິງ ແຕ່ບາງຄົນກໍເປັນເພດຊາຍ</p><ul><li>ໃນພະຄັມພີ ຄຳວ່າ "ໂສເພນີ" ບາງເທື່ອໃຊ້ເປັນຄຳອຸບປະມາອຸບປະມັຍອ້າງເຖິງບຸກຄົນທີ່ນະມັດສະການພະທຽມເທັດຫລືຜູ້ກະທຳເວດມົນຄາຖາ</li><li>ສຳນວນທີ່ວ່າ "ຫລິ້ນຍິງແພດສະຍາ" ໝາຍເຖິງການກະທຳທີ່ເໝືອນຍິງແພດສະຍາໂດຍການເຮັດຜິດສິນລະທຳທາງເພດ ສຳນວນນີ້ໃນພະຄັມພີຍັງໃຊ້ເພື່ອປຽບເຖິງຄົນທີ່ນະມັດສະການຮູບເຄົາລົບ</li><li>"ເປັນໂສເພນີ" ກັບບາງສິ່ງໝາຍເຖິງການເຮັດຜິດສິນລະທຳທາງເພດ ຫລື ເມື່ອໃຊ້ເປັນຄຳອຸບປະມາອຸບປະມັຍກັບການບໍ່ຊື່ສັດກັບພະເຈົ້າໂດຍການນະມັດສະການພະທຽມເທັດ</li><li>ໃນສະໄໝບູຮານ ບາງວິຫານຂອງຄົນຕ່າງຊາດໃຊ້ໂສເພນີຜູ້ຊາຍແລະຜູ້ຍິງເປັນສ່ວນຫນຶ່ງຂອງພິທີກຳຂອງພວກເຂົາ</li><li>ຄຳນີ້ສາມາດແປໂດຍຄຳຫລືປະໂຫຍກທີ່ໃຊ້ໃນພາສາອັນເພື່ອອ້າງເຖິງໂສເພນີ ບາງພາສາອາດມີຄຳສຸພາບໃນການນີ້  (ເບິ່ງ: <a href="https://read.bibleineverylanguage.org/WA-Catalog/lo_tm?section=translate#figs-euphemism" target="_blank" data-is-rc-link="" data-repo="lo_tm" data-user="WA-Catalog" data-page="translate" data-topic="figs-euphemism" data-type="tm">figs-euphemism</a>)</li></ul>  
prostrate	<h2 id="section">@ຖ່ອມຕົວຫລືຫມອບລົງກັບພື້ນ</h2><h3 id="section-1">ນິຍາມ</h3><p>ຄຳວ່າ "ໝອບລົງກັບພື້ນ" ໝາຍເຖິງການນອນຄວ່ຳໜ້າລົງ ຢຽດອອກເທິງພື້ນ</p><ul><li>"ໝອບລົງກັບພື້ນ" ຫລື ການ "ໝອບຕົວລົງ" ຕໍ່ໜ້າບາງຄົນໝາຍເຖິງຄຳນັບ ໃຫ້ຕ່ຳລົງມາຢ່າງທັນທີທັນໃດຫລືຕໍ່ໜ້າບຸກຄົນນັ້ນ</li><li>ໂດຍທັ່ວໄປຕຳແໜ່ງຂອງການໝອບລົງນີ້ເປັນການຕອບສະຫນອງທີ່ສະແດງໃຫ້ເຫັນເຖິງຄວາມຕົກໃຈຫລືຄວາມປະຫຼາດໃຈແລະຄວາມໜ້າຢ້ານກົວເພາະມີຄວາມໜ້າອັດສະຈັນໃນບາງສິ່ງບາງຢ່າງທີ່ໄດ້ເກີດຂຶ້ນ ມັນຍັງເປັນການສະແດງເຖິງກຽດແລະຄວາມເຄົາລົບຂອງຄົົນທີ່ຖືກກົ້ມລົງ</li><li>ການໝອບຍັງເປັນວິທີໃນການນະມັດສະການພະເຈົ້າ ປະຊາຊົນຫລາຍເທື່ອຕອບສະຫນອງວິທີນີ້ໃນການຂອບໃຈພະເຢຊູແລະນະມັດສະການເມື່ອພະອົງໄດ້ກະທຳສິ່ງອັດສະຈັນຫລືຖວາຍພະກຽດແດ່ພະອົງໃນຖານະຄຣູທີ່ຍີ່ງໃຫຍ່</li><li>ຂຶ້ນຢູ່ກັບປະໂຫຍກທີ່ ວິທີແປ "ໝອບລົງກັບພື້ນ" ສາມາດແປວ່າ "ກົ້ມຫົວລົງດ້ວຍໃຫ້ໃບຫນ້າເບີ່ງທີ່ພື້ນ" ຫລື "ນະມັດສະການພະອົງໂດຍນອນກົ້ມໜ້າລົງຕໍ່ໜ້າພະອົງ" ຫລື "ກົ້ມຫົວລົງເຖິງພື້ນໃນຄວາມປະຫຼາດໃຈ" ຫລື "ນມັດການ"</li><li>ຄຳທີ່ວ່າ"ຈະບໍ່ໝອບຕົນເອງ" ສາມາດແປໄດ້ວ່າ "ຈະບໍ່ນະມັດສະການ" ຫລື "ຈະບໍ່ກົ້ມໜ້າລົງໃນການນະມັດສະການ" ຫລື "ຈະບໍ່ກົ້ມກາບແລະນະມັດສະການ"</li><li>"ກົ້ມໜ້າຂອງທ່ານລົງກັບພື້ນ" ສາມາດແປລໄດ້ວ່າ "ນະມັດສະການ" ຫລື "ກົ້ມກາບລົງຕໍ່ໜ້າ"</li></ul>  
proud	<h2 id="section">@ພູມໃຈ,ຍີ່ງຜະຫຍອງ,ຄວາມຈອງຫອງ</h2><h3 id="section-1">ນິຍາມ</h3><p>ຄຳວ່າ "ຍິ່ງ" ແລະ "ຄວາມຈອງຫອງ" ອ້າງເຖິງຄົົນທີ່ຄິດເຖິງຕົນເອງສູງຫລາຍ  ແລະສະເພາະຢ່າງຍີ່ງການຄິດວ່າເຂົາດີກວ່າຄົນອື່ນ</p><ul><li>ຄົນຍິ່ງຜະຫຍອງມັກບໍ່ຍອມຮັບຄວາມຜິດພາດຂອງຕົນເອງ ເຂົາບໍ່ຍອມຖ່ອມຕົວເລີຍ</li><li>ຄວາມຍິ່ງນຳໄປສູ່ການບໍ່ເຊື່ອຟັງພະເຈົ້າໃນຮູບແບບອື່ນໆ</li><li>ຄຳວ່າ"ຍິ່ງ"ແລະ"ຄວາມຍິ່ງ" ສາມາດໃຊ້ໃນແງ່ບວກໄດ້  ເຊັ່ນການ "ພູູມໃຈກັບ" ສິ່ງທີ່ໃຜບາງຄົນປະສົບຄວາມສຳເຣັດແລະການ "ພູູມໃຈກັບ" ລູກໆ ຂອງທ່ານ ຄຳກ່າວທີ່ວ່າ "ພູູມໃຈໃນງານຂອງທ່ານ"  ໝາຍເຖິງການພົບຄວາມສຸກເພາະເຮັດວຽກຂອງທ່ານອອກມາດີ</li><li>ບາງຄົນສາມາດພູູມໃຈກັບສິ່ງທີ່ທ່ານໄດ້ກະທຳໂດຍບໍ່ຈອງຫອງໃນເລື່ອງນັ້ນເລຍ ບາງພາສາມີຄຳທີ່ແຕກຕ່າງກັນສຳລັບຄຳທັງສອງສຳລັບຄວາມຫມາຍທີ່ແຕກຕ່າງກັນຂອງຄຳນີ້ວ່າ "ຄວາມຍິ່ງ"</li><li>ຄຳວ່າ"ຄວາມຈອງຫອງ" ມັກເປັນແງ່ລົບສະເໝີ ດ້ວຍຄວາມຫມາຍທີ່ວ່າ"ຈອງຫອງ"ຫລື"ອວດດີ" ຫລື "ທະນົງຕົວ"</li></ul>  
proverb	<h2 id="section">@ສຸພາສິດ</h2><h3 id="section-1">ນິຍາມ</h3><p>ສຸພາສິດເປັນເປັນຄຳກ່າວສັ້ນໆ ທີ່ສະແດງເຖິງສະຕິປັນຍາຫລືຄວາມຈິງ</p><ul><li>ສຸພາສິດມີອິດທິພົນເພາະມັນງ່າຍຕໍ່ການຈົດຈຳແລະທ່ອງຊ້ຳ</li><li>ຫລາຍເທື່ອສຸພາສິດທັງຫມົດເອົາຕົວຢ່າງຈາກຊີວິດປະຈຳວັນທີ່ໃຊ້ໄດ້ຈິງ</li><li>ສຸພາສິດບາງຂໍ້ນັ້ນຊັດເຈນແລະກົງ ໃນຂະນະທີ່ຄຳອື່ນໆ ນັ້ຍຍາກກວ່າທີ່ຈະເຂົ້າໃຈ</li><li>ກະສັດຊາໂລມອັນເປັນທີ່ຮູ້ຈັກເພາະສະຕິປັນຍາຂອງພະອົງແລະໄດ້ຂຽນສຸພາສິດຫລາຍກວ່າ 1,000  ຂໍ້ຄວາມ</li><li>ຫລາຍເທື່ອທີ່ພຣະເຢຊູໃຊ້ຄຳສຸພາສິດຫລືອຸບປະມາເມື່ອພະອົງຊົງສອນປະຊາຊົນ</li><li>ວິທີທີ່ຈະແປຄຳວ່າ"ສຸພາສິດ"ສາມາດລວມທັງຫມົດເຖິງ"ການເວົ້າທີ່ສະຫລາດ" ຫລື"ຖ້ອຍຄຳຄວາມຈິງ"</li></ul>  
province	<h2 id="section">@ແຂວງ, @ແຄ້ວນ</h2><h3 id="section-1">ນິຍາມ</h3><p>ແຂວງຄືຫນ່ວຍຫລືສ່ວນຂອງປະເທດຫລືອານາຈັກ  ຄຳວ່າ " ແຄວ້ນ" ອະທິບາຍເຖິງບາງຢ່າງທີ່ມີຄວາມສຳພັນກັບແຂວງ ເຊັ່ນ ຜູ້ວ່າຣາດການແຂວງ</p><ul><li>ຕົວຢ່າງເຊັ່ນ  ອານາຈັກເປີເຊຍບູຮານຖືກແບ່ງໃຫ້ເປັນແຄວ້ນຕ່າງໆ ເຊັ່ນແຄວ້ນມີເດຍ ເປີເຊຍ ຊີເຣຍ ແລະອີຢິບ</li><li>ໃນຊ່ວງເວລາຂອງພັນທະສັນຍາໃໝ່ ອານາຈັກໂຣມັນຖືກແບ່ງໃຫ້ເປັນແຂວງຕ່າງໆ ເຊັ່ນ ມາຊີໂດເນຍ ເອເຊຍ ຊີເຣຍ ຢູດາ ສະມາເຣຍ ກາລລິເລ ແລະກາລາເຕຍ</li><li>ໃນແຕ່ລະແຂວງຈະມີອຳນາດການປົກຄອງເປັນຂອງຕົວເອງຊຶ່ງຕ້ອງຣາຍງານຕໍ່ກະສັດຫລືຜູ້ປົກຄອງຂອງອານາຈັກ  ຜູ້ປົກຄອງນີ້ບາງເທື່ອຈະຖືກຮຽກວ່າ "ເຈົ້າຫນ້າທີ່ແຂວງ" ຫລື "ຜູ້ວ່າຣາດການແຂວງ"</li><li>ຄຳວ່າ "ແຂວງ" ແລະ "ແຄວ້ນ" ອາດແປໄດ້ວ່າ "ພູມິພາກ" ແລະ "ທັ່ວແຄວ້ນ"</li></ul>  
provoke	<h2 id="section">@ຍົວະເຍົ້າ</h2><h3 id="section-1">ນິຍາມ</h3><p>ຄຳວ່າ "ຍົວະໃຫ້ມີອາລົມຮ້າຍ" ໝາຍເຖິງເຮັດໃຫ້ບາງຄົນມີປະສົບການກັບປະຕິກິຣິຍາຫລືຄວາມຮູ້ສຶກດ້ານລົບ</p><ul><li>ການຍົວະໃຫ້ມີອາລົມຮ້າຍບາງຄົນໃຫ້ໂມໂຫໝາຍເຖິງການເຮັດບາງສິ່ງບາງຢ່າງທີ່ເຮັດໃຫ້ບຸກຄົນນັ້ນຄຽດ ນີ້ສາມາດແປໄດ້ວ່າ "ການເຮັດໃຫ້ເກີດຄວາມຄຽດ" ຫລື  "ຄຽດ"</li><li>ເມື່ອໃຊ້ໃນປະໂຫຍກເຊັ່ນວ່າ "ຢ່າຍົວະໃຫ້ເຂົາມີອາລົມຮ້າຍ" ນີ້ສາມາດແປໄດ້ວ່າ "ຢ່າເຮັດໃຫ້ເຂົາຄຽດ" ຫລື "ຢ່າເຮັດໃຫ້ເຂົາເກີດຄວາມຄຽດ" ຫລື "ຢ່າເຮັດໃຫ້ເຂົາຄຽດກັບທ່ານ"</li></ul>  
prudent	<h2 id="section">@ລອບຄອບ</h2><h3 id="section-1">ນິຍາມ</h3><p>ຄຳວ່າ "ລອບຄອບ "ອະທິບາຍເຖິງບຸກຄົນຄົົນທີ່ຄິດຢ່າງຣະມັດຣະວັງກ່ຽວກັບການກະທຳຂອງທ່ານແລະຕັດສິນໃຈຢ່າງສະຫລາດ</p><ul><li>ຫລາຍເທື່ອຄຳວ່າ "ລອບຄອບ" ອ້າງເຖິງຄວາມສາມາດໃນການຕັດສິນໃຈທີ່ຊານສະຫລາດກ່ຽວກັບສິ່ງທີ່ໃຊ້ໄດ້ຈິງໃນສະຖານະການທາງຮ່າງກາຍເຊັ່ນການຈັດການເລື່ອງເງີນຫລືເລື່ອງຊັບສິນ</li><li>ເຖິງວ່າ "ລອບຄອບ" ແລະ "ສະຕິປັນຍາ" ນັ້ນຈະມີຄວາມຫມາຍຄ້າຍກັນ ຫລາຍເທື່ອກັບຄຳວ່າ "ສະຕິປັນຍາ" ຈະເປັນເລື່ອງທັ່ວໄປຫລາຍກວ່າແລະເນັ້ນເລື່ອງຈິດວິນຍານຫລືເລື່ອງສິນລະທຳ</li><li>ຂຶ້ນຢູ່ກັບປະໂຫຍກທີ່ໃຊ້ ຄຳວ່າ"ລອບຄອບ"ອາດແປໄດ້ວ່າ "ຫຼັກແຫຼມ" ຫລື "ຣະມັດຣະວັງ" ຫລື "ສະຫລາດ"</li></ul>  
psalm	<h2 id="section">@ເພງສັນລະເສີນ</h2><h3 id="section-1">ນິຍາມ</h3><p>ຄຳວ່າ "ສະດຸດີ"ຫລືເພງສັນລະເສີນ ອ້າງເຖິງບົດເພງສັກສິດ ມັກຈະເປັນໃນຮູບແບບຂອງບົດກະວີທີ່ຖືກຂຽນຂຶ້ນມາເພື່ອການຮ້ອງ</p><ul><li>ໃນພັນທະສັນຍາເດີມ ພະທຳເພງສັນລະເສີນໄດ້ລວບລວມເພງເຫຼົ່ານີ້ທີ່ຂຽນຂຶ້ນໂດຍກະສັດດາວິດແລະຊາວອິດສະຣາເອນທັງຫຼາຍ  ເຊັ່ນ ໂມເສດ ຊາໂລມອົນ ແລະອາສາບ ທ່າມກາງຄົນອື່ນໆ</li><li>ພະທຳເພງສັນລະເສີນຖືກໃຊ້ໂດຍຊົນຊາດອິດສະຣາເອນໃນການນະມັດສະການພະເຈົ້າຂອງພວກເຂົາ</li><li>ພະທຳເພງສັນລະເສີນສາມາດໃຊ້ເພື່ອສະແດງຄວາມຊື່ນຊົມຍິນດີ ຄວາມເຊື່ອ ແລະຄວາມເຄົາລົບໜ້າຖື ຕະຫລອດຈົນຄວາມເຈັບປວດແລະຄວາມໂສກເສົ້າ</li><li>ໃນພັນທະສັນຍາໃໝ່ ຄຣິດສະຕຽນຖືກສອນໃຫ້ຮ້ອງເພງສັນລະເສີນເພື່ອຖວາຍແດ່ພະເຈົ້າເພື່ອເປັນການນະມັດສະການພະອົງ</li></ul>  
puffed up	<h2 id="section">@ຫຼົງຕົວ</h2><h3 id="section-1">ນິຍາມ</h3><p>ຄຳວ່າ "ຫຼົງຕົວ" ເປັນຄຳກ່າວເຊີງປຽບເປີຍທີ່ອ້າງເຖິງຄວາມຍິ່ງຫລືຈອງຫອງ (ເບິ່ງ: c://*/ta/man/translate/figs-idiom)</p><ul><li>ບຸກຄົນທີ່ຫຼົງຕົວມີທັສນະຄະຕິຂອງຄວາມຮູ້ສຶກທີ່ເໜືອກວ່າຄົນອື່ນໆ</li><li>ໂປໂລໄດ້ສອນວ່າການຮູ້ຂໍ້ມູນຫລາຍໆຫລືການມີປະສົບການທາງສາດສະຫນາສາມາດນຳໄປສູ່ການ "ຫຼົງຕົວ" ຫລືຄວາມຍິ່ງໄດ້</li><li>ພາສາອື່ນອາດມີສຳນວນທີ່ຄ້າຍກັນຫລືຕ່າງກັນທີ່ສະແດງເຖິງຄວາມຫມາຍຂອງຄຳນີ້ ເຊັ່ນ "ມີຫົວສູງ"</li><li>ນີ້ສາມາດແປໄດ້ວ່າ "ຍິ່ງຫລາຍ" ຫລື "ດູຖູກຜູ້ອື່ນ" ຫລື "ໂອຫັງ" ຫລື "ຄິດວ່າຕົວເອງດີກວ່າຄົນອື່ນໆ"</li></ul>  
punish	<h2 id="section">@ລົງໂທດ, @ການລົງໂທດ</h2><h3 id="section-1">ນິຍາມ</h3><p>ຄຳວ່າ "ລົງໂທດ" ໝາຍເຖິງການເຮັດໃຫ້ໃຜສັກຄົນຕ້ອງທົນທຸກທໍລະມານກັບຜົນດ້ານລົບທີ່ຕາມມາເພາະການເຮັດບາງສິ່ງບາງຢ່າງຜິດ ຄຳວ່າ "ການລົງໂທດ" ອ້າງເຖິງຜົນທີ່ຕາມມາດ້ານລົບທີ່ໃຫ້ເປັນຜົນຈາກການປະພຶດຜິດ</p><ul><li>ຫລາຍເທື່ອການລົງໂທດມີຈຸດມຸ້ງໝາຍເພື່ອກະຕຸ້ນຄົນໃຫ້ຢຸດເຮັດບາບ</li><li>ພະເຈົ້າໄດ້ຊົງລົງໂທດຊາວອິດສະຣາເອນເມື່ອພວກທ່ານບໍ່ເຊື່ອຟັງພະອົງ ສະເພາະຢ່າງຍີ່ງເມື່ອພວກທ່ານນະມັດສະການພະທຽມເທັດ  ເພາະຄວາມບາບຂອງພວກເຂົາ ພະເຈົ້າອະນຸຍາດໃຫ້ສັດຕູຂອງພວກເຂົາໂຈມຕີແລະຈັບພວກເຂົາໄປເປັນຊະເລີຍ</li><li>ພະເຈົ້າຊົງມັກທຳແລະຍຸດຕິທຳ ພະອົງຈຶ່ງຕ້ອງລົງໂທດຄວາມບາບ ມະນຸດທຸກຄົນໄດ້ເຮັດບາບຕໍ່ຕ້ານພະເຈົ້າແລະສົມຄວນກັບການລົງໂທດ</li><li>ພະເຢຊູຖືກລົງໂທດເພື່ອສິ່ງຊັ່ວທຸກຢ່າງທີ່ທຸກຄົນໄດ້ກະທຳ ພະອົງໄດ້ຮັບເອົາການລົງໂທດຂອງແຕ່ລະຄົນເທິງພະອົງເຖິງວ່າພະອົງຈະຊົງບໍ່ໄດ້ເຮັດຜິດແລະບໍ່ສົມຄວນທີ່ຈະໄດ້ຮັບການລົງໂທດ</li><li>ຄຳກ່າວທີ່ວ່າ "ໄປໂດຍບໍ່ຕ້ອງຖືກລົງໂທດ" ຫລື "ປ່ອຍໄປໂດຍບໍ່ລົງໂທດ" ໝາຍເຖິງຕັດສິນໃຈທີ່ບໍ່ລົງໂທດຄົນສຳລັບການກະທຳຂອງພວກເຂົາ  ຫລາຍເທື່ອພະເຈົ້າອະນຸຍາດໃຫ້ຄວາມບາບໄປບໍ່ຖືກລົງໂທດໃນຂະນະທີ່ພະອົງຊົງລໍໃຫ້ຄົນກັບໃຈໃໝ່</li></ul>  
purify	<h2 id="section">@ບໍລິສຸດ, @ຊຳຮະໃຫ້ບໍລິສຸດ, @ການບໍ່ມີຕຳໜິ</h2><h3 id="section-1">ນິຍາມ</h3><p>"ບໍລິສຸດ" ໝາຍເຖິງການບໍ່ມີຕຳໜິຫລືບໍ່ມີຫຍັງປະສົມໃນສິ່ງທີ່ບໍ່ຄວນຈະຢູ່ບ່ອນນັ້ນ ການຊຳຣະໃຫ້ສະອາດແກ່ບາງສິ່ງບາງຢ່າງເປັນການເຮັດໃຫ້ສະອາດແລະກຳຈັດສິ່ງປົນເປື້ອນຫລືສິ່ງທີ່ເຮັດໃຫ້ເປັນມົນພິດອອກໄປ</p><ul><li>ໃນພັນທະສັນຍາເດີມ "ບໍລິສຸດ" ແລະ"ການຊຳຣະໃຫ້ບໍລິສຸດ" ອ້າງເຖິງການເຮັດໃຫ້ສະອາດຈາກສິ່ງທີ່ເຮັດໃຫ້ສິ່ງຂອງຫລືຄົນບໍ່ສະອາດຕາມພິທີກຳ  ເຊັ່ນພະຍາດ ຂອງແຫລວໃນຮ່າງກາຍ ຫລືການເກີດລູກ</li><li>ພັນທະສັນຍາເດີມຍັງມີກົດທີ່ບອກວິທີທີ່ເຮັດໃຫ້ປະຊາຊົນບໍລິສຸດຈາກຄວາມບາບ ໂດຍທັ່ວໄປຈະເປັນການຖວາຍສັດບູຊາ ນິ້ເປັນພຽງຊັ່ວຄາວແລະຕ້ອງຖວາຍເຄື່ອງບູຊາຊ້ຳອີກເທື່ອແລ້ວເທື່ອເລົ່າ</li><li>ໃນພັນທະສັນຍາໃໝ່ການເຮັດໃຫ້ບໍລິສຸດຫລາຍເທື່ອອ້າງເຖິງການໄດ້ຮັບການຊຳຣະໃຫ້ສະອາດຈາກຄວາມບາບ</li><li>ທາງດຽວທີ່ຜູ້ຄົນຈະສາມາດເຮັດໃຫ້ບໍລິສຸດໄດ້ຢ່າງສົມບູນແລະຢ່າງຖາວອນຈາກຄວາມບາບຄືຜ່ານການກັບໃຈໃໝ່ແລະການຮັບເອົາການອະໄພໂທດຈາກພະເຈົ້າໂດຍຜ່ານທາງການວາງໃຈໃນພະເຢຊູແລະເຄື່ອງບູຊາຂອງພະອົງ</li></ul><h3 id="section-2">ຄຳແນະນຳໃນການແປ</h3><ul><li>ຄຳວ່າ "ຊຳຣະໃຫ້ບໍລິສຸດ" ສາມາດແປວ່າ "ເຮັດໃຫ້ບໍລິສຸດ" ຫລື "ເຮັດໃຫ້ໃສສະອາດ" ຫລື "ເຮັດໃຫ້ສະອາດຈາກສິ່ງປົນເປື້ອນ" ຫລື "ກຳຈັດຄວາມບາບທັງສິ້ນ"</li><li>ຄຳວ່າ , "ເມື່ອການເຮັດໃຫ້ບໍລິສຸດສຳເລັດສິ້ນໄປ" ສາມາດແປວ່າ "ເມື່ອພວກທ່ານໄດ້ເຮັດໃຫ້ພວກທ່ານສະອາດບໍລິສຸດໂດຍການຕາມວັນທີ່ກຳນົດໄວ້"</li><li>ຄຳວ່າ " ຈັດຕຽມການເຮັດໃຫ້ບໍລິສຸດຈາກບາບ" ສາມາດແປວ່າ "ຈັດຕຽມວິທີສຳລັບປະຊາຊົນໃຫ້ສະອາດຢ່າງສົມບູນຈາກຄວາມບາບຂອງພວກເຂົາ"</li><li>ວິທີອື່ນທີ່ແປ "ການຊຳຣະໃຫ້ບໍລິສຸດ" ສາມາດລວມທັງ "ການເຮັດໃຫ້ສະອາດ" ຫລື "ການຊຳຮະລ້າງຝ່າຍວິນຍານ" ຫລື "ກາຍເປັນສະອາດໂດຍພິທີກຳ"</li></ul>  
purple	<h2 id="section">@ສີມ່ວງ</h2><h3 id="section-1">ນິຍາມ</h3><p>ຄຳວ່າ "ສີມ່ວງ" ເປັນຊື່ຂອງສີທີ່ປະສົມກັນລະຫວ່າງສີນ້ຳເງີນແລະສີແດງ</p><ul><li>ໃນສະໄໝບູຮານສີມ່ວງຄືສີທີ່ຫາຍາກແລະມີຄ່າສູງທີ່ໃຊ້ໃນການຍ້ອມເສື້ອຜ້າຂອງກະສັດແລະເຈົ້າຫນ້າທີ່ຣະດັບສູງ</li><li>ເນື່ອງຈາກເປັນຄ່າໃຊ້ສູງແລະໃຊ້ເວລາດົນໃນການຜະລິດສີຍ້ອມນີ້ ເສື້ອຜ້າສີມ່ວງຈຶ່ງຖືວ່າເປັນສັນຍະລັກຂອງຄວາມມັ່ງຄັ່ງ ຄວາມໂດດເດັ່ນ ແລະຢູ່ໃນເຊື້ອພະວົງ</li><li>ສີມ່ວງຍັງເປັນສີທີ່ໃຊ້ເຮັດເປັນຜ້າມ່ານໃນຫໍເຕັນແລະວິຫານແລະສຳລັບເສື້ອເອໂຟດທີ່ປະໂລຫິດສວມໃສ່</li><li>ສີຢ້ອມສີມ່ວງຖືກສກັດມາຈາກຫອຍທາກທະເລໂດຍການບົດຫລືຕົ້ມຫອຍນັ້ນຫລືເຮັດໃຫ້ພວກມັນປລ່ອຍສີຍ້ອມໃນຂະນະທີ່ຍັງມີຊີວິດຢູ່ ນິ້ເປັນກະບວນການທີ່ມີຣາຄາແພງ</li><li>ທະຫານໂຣມສວມເສື້ອຄຸມສີມ່ວງໃຫ້ພະເຢຊູກ່ອນທີ່ການຖືກຄຶງຂອງພະອົງ ເພື່ອເຍາະເຢີ້ຍພະອົງທີ່ພະອົງອ້າງວ່າຊົງເປັນກະສັດຂອງຊາວຢິວ</li><li>ນາງລິເດຍຈາກເມືອງຟິລິບປອຍເປັນຜູ້ຍິງທີ່ດຳເນີນຊີວິດຢູ່ດ້ວຍການຂາຍເສື້ອຜ້າສີມ່ວງ</li></ul>  
push	<h2 id="section">@ຍູ້</h2><h3 id="section-1">ນິຍາມ</h3><p>ຄຳວ່າ "ຍູ້" ຕາມຕັວອັກສອນແລ້ວໝາຍເຖິງການຍ້າຍບາງສິ່ງບາງຢ່າງອອກໄປໂດຍການໃຊ້ກຳລັງ ຍັງມີຄຳປຽບທຽບຄວາມຫມາຍຂອງຄຳນີ້ອີກຫຼາຍຄຳ</p><ul><li>ຄຳກ່າວ "ຜັກໄສໄລ່ສົ່ງ" ມີຄວາມຫມາຍວ່າ "ຕໍ່ຕ້ານ" ຫລື "ປະຕິເສດທີ່ຈະຊ່ວຍເຫລືອ"</li><li>ການ"ດັນລົງ"ມີຄວາມຫມາຍວ່າ "ກົດຂີ່" ຫລື "ຂົ່ມເຫງ" ຫລື "ປາບ" ແລະຍັງສາມາດມີຄວາມຫມາຍເຖິງການທີ່ບາງຄົນຖືກຜັກລົງໄປສູ່ພື້ນດິນຕາມຕັວອັກສອນກໍໄດ້</li><li>ການ"ໄລ່ໃຜບາງຄົນອອກ" ໝາຍເຖິງ "ການກຳຈັດອອກ" ຫລື "ໄລ່ອອກ" ຄົນນັ້ນ</li><li>ຄຳກ່າວທີ່ວ່າ "ຍ່າງໜ້າຕໍ່ໄປ" ໝາຍເຖິງການພະຍາຍາມຫລືດຳເນີນການເຮັດບາງສິ່ງບາງຢ່າງໂດຍທີ່ບໍ່ແນ່ໃຈວ່າຖືກຕ້ອງຫລືປອດພັຍ</li></ul>  
qualify	<h2 id="section">@ຄຸນນະສົມບັດ, @ມີຄຸນນະສົມບັດ</h2><h3 id="section-1">ນິຍາມ</h3><p>ຄຸນນະສົມບັດ ຄືການອ້າງເຖີງສິດທີ່ຈະໄດ້ຮັບຜົນປະໂຫຍດບາງຢ່າງຫຼືການໄດ້ຮັບສິດບາງຢ່າງ.</p><ul><li><p>ບຸກຄົນມີຄຸນນະສົມບັດທີ່ຖືກເລືອກ ສຳລັບງານນີ້ຕ້ອງເປັນບຸກຄົນທີ່ຜ່ານການຝຶກຝົນແລະຜ່ານການອົບຮົມສຳລັບງານ.</p></li><li><p>ເນື້ອໃນຈົດໝາຍເວົ້າເຖີງຄຣິ​ສ​ຕະຈັກໂກໂລຊາຍ, ອັກຄະສາວົກ ໂປໂລໄດ້ຂຽນວ່າ ພຣະເຈົ້າພຣະບິດາໄດ້ຖືວ່າທຸກຄົນທີ່ເຊື່ອແມ່ນມີຄຸນນະສົມບັດຄວາມພ້ອມ ໃນການມີສ່ວນຮ່ວມໃນລາດສະອານາຈັກຂອງຄວາມສະວ່າງຂອງພຣະອົງ ນີ້ໝາຍຄວາມວ່າ ພ​ຣະເຈົ້າປະທານທຸກຢ່າງທີ່ຈຳເປັນສຳລັບຄົນຊອບທຳ.</p></li><li><p>ຜູ້ທີ່ເຊື່ອບໍ່ສາມາດໄດ້ຮັບຊິດ ໃຫ້ເປັນສ່ວນນື່ງໃນແຜ່ນດິນຂອງພຣະເຈົ້າ ໂດຍການທຳດີຂອງເຂົາແຕ່ເຂົາໄດ້ຮັບສິດນີ້ເພາະພຣະເຈົ້າໄດ້ໄຖ່ເຂົາດ້ວຍພຣະໂລຫິດຂອງອົງພຣະຄຮິດ.</p><p>% ແນະນຳໃນການແປ</p></li><li><p>ຄຳວ່າ ຄຸນນະສົມບັດ ອາດໝາຍຄວາມວ່າ ຄວາມ​ຊໍ​ານານຫຼືຄວາມສາມາດ ຂື້ນຢູ່ກັບປະໂຍກນັ້ນໆ.</p></li><li><p>ຄຳວ່າ ຄຸນນະສົມບັດ ບາງຄົນອາດຈະແປວ່າ: ຕຽມພ້ອມ, ຫຼື ສາມາດ ຫຼືມີພະລັງ.</p></li></ul><p>ເບີ່ງເພີ່ມເຕີມ: Colossae, godly, kingdom, light, Paul, redeem)</p>  
queen	<h2 id="section">@ລາ​ຊີນີ</h2><h3 id="section-1">ນິຍາມ</h3><ul><li>​ລາ​ຊີນີເປັນຜູ້ປົກຄອງທີ່ເປັນຜູ້ຍິງຫຼືຜູ້ແຕ່ງງານກັບກະສັດ.</li></ul><p>ເອສະເທີ້ກາຍເປັນ​ລາ​ຊີນີແຫ່ງເປີເຊຍເມື່ອ​ລາວແຕ່ງງານກັບກະສັດ ອາຫາບ.</p><ul><li>​ລາ​ຊີ​ນີເຈຊີບຽວ ເປັນພັນລະຍາທີ່ຊົ່ວ​ຮ້າຍຂອງກະສັດ ອາຫາບ.</li><li>​ລາ​ຊີ​ນີຂອງ ເຊບ້າ ເປັນຜູ້ປົກຄອງທີ່ມີຊື່ສຽງດີຜູ້ທີ່ໄດ້ມາຍ້ຽມກະສັດ ສະໂລໂມນ.</li><li>ຄຳວ່າ  "​ລາ​ຊີ​ນີນີ ອາທາລິຍາ" ໝາຍເຖີງ ແມ່ຫຼືແມ່ເຖົ້າຂອງກະສັດທີ່ປົກຄອງຢູ່ຫຼືລາ​ຊີ​ນີນີຂອງກະສັດອົງກ່ອນ ແມ່ຂອງກະສັດມີອຳນາດທີ່ນຳຄົນໄປກາບໄຫ້ວຮູບເຄົາລົບທີ່ເຮົາເຫັນຕົວຢ່າງຂອງ ​ລາ​ຊີ​ນີນີ ອາທາລິຍາ.</li></ul>  
quench	<h2 id="section">@ລະງັບ​ງຽບ</h2><h3 id="section-1">ນິຍາມ</h3><p>ຄຳວ່າ  " ດັບ"  ເຊົາ ຫຼື ຢຸດບາງຢ່າງທີ່ເຫັນວ່າເຮົາພໍໃຈກັບສີ່ງນັ້ນ.</p><ul><li>ຄຳວ່າ ດັບມັກໃຊ້ໃນການຫີວນ້ຳແລະຄວາມໝາຍວ່າເຊົາການຫີວໂດຍການດີ່ມບາງຢ່າງ.</li><li>ຄຳວ່າດັບກໍສາມາດໃຊ້ໄດ້ໃນຫ້າມດັບໄຟ.</li><li>ທັງສອງຢ່າງຫີວກະຫາຍຫຼືໄຟຈະດັບດ້ວຍ​ນ້ຳ</li><li>ໂປໂລໃຊ້ຄຳວ່າ " ດັບ" ເປັນການປຽບທຽບເມື່ອທ່ານສອນຜູ້ທີ່ເຊື່ອທັງຫຼາຍບໍ່ໃຫ໊ດັບພ​ຣະວິນຍານບໍຣິສຸດຊື່ງໝາຍເຖີງບໍ່ໃຫ້ທໍ້ໃຈຈາກການຍອມໃຫ້ພຣະວິນຍານເກີດຜົນແລະຂອງປະທານໃນຊີວິດຂອງພວກເຂົາ ດັບໝາຍເຖີງເຮັດບາງຢ່າງທີ່ຂັດກັບ  ພຣະວິນບານບໍຣິສຸດຂອງການທຳງານໄດ້ແລະທຳງານຜ່ານບຸກຄົນ.</li></ul>  
rabbah	<h2 id="section">@ຣັບບາ</h2><h3 id="section-1">ຂໍ້ເທັດຈິງ</h3><p>ຣັບບາ ເປັນເມືອງທີ່ສຳຄັນທີ່ສຸດຂອງຊາວອຳໂມນ.</p><ul><li>ໃນການຕໍ່ສູ້ກັບຊາວອຳໂມນ, ຊາວອິສະຣາເອນໄດ້ໂຈມຕີເມືອງຣັບບາຢູ່ຫຼາຍເທື່ອ.</li><li>ກະສັດຂອງຊາວອິສະຣາເອນ ຄືກະສັດດາວິດໄດ້ຢຶດຄອງເມືອງຣັບບາເຊິ່ງເປັນນຶ່ງໃນເມືອງສຸດທ້າຍທີ່ພຣະອົງຢຶດຄອງໄດ້.</li><li>ເມືອງອຳມານຈໍແດນໃນປັດຈຸບັັນນີ້ເຄີຍເປັນທີ່ຕັ້ງຂອງເມືອງຣັບບາໃນອະດີດ.</li></ul>  
rabbi	<h2 id="section">@ຣັບບີ, @ຄຣູຫືຼອາຈານ</h2><h3 id="section-1">ນິຍາມ</h3><p>ຄຳວ່า"ຣັບບີ"ຕາມໂຕໜັງສືມີຄວາມໝາຍວ່າ"ເຈົ້ານາຍຂອງຂ້າພຣະເຈົ້າ"ຫຼື"ຄຣູຂອງຂ້າພຣະເຈົ້າ."</p><ul><li>ເປັນຕຳແໜ່ງທີ່ສະແດງຄວາມນັບຖືທີ່ໃຊ້ເອີ້ນຜູ້ຊາຍຊາວຢີວທີ່ເປັນຄຣູດ້ານສາດສະໜາ,ໂດຍສະເພາະຄຣູຜູ້ສອນພຣະບັນຍັດຂອງພຣະເຈົ້າ.</li><li>ໂຢຮັນບັບຕິດສະໂຕຜູ້ໃຫ້ບັບຕິດສະມາແລະພຣະເຢຊູຄຣິດເຈົ້າທັງສອງທ່ານນີ້ບາງຄັ້ງຖືກເອີ້ນວ່າ"ຣັບບີ"ໂດຍເຫຼົ່າສາວົກຂອງທ່ານທັງສອງ.</li></ul><h3 id="section-2">ຄຳແນະນຳໃນການແປ</h3><ul><li>ວິທີແປຄຳນີ້ສາມາດລວມເອົາ,"ນາຍຂອງຂ້າພຣະເຈົ້າ"ຫຼື"ຄຣູຂອງຂ້າພຣະເຈົ້າ"ຫຼື"ຄຣູຜຼ້ມີກຽດ"ຫຼື"ຄຣູດ້ານສາດສະໜາ." ບາງພາສາອາດຂື້ນຕົ້ນດ້ວຍໂຕໜັງສືໃຫຍ່ສຳລັບຄຳທັກທາຍເຊັ່ນນີ້ ໃນຂະນະທີ່ພາສາອື່ນບໍ່ມີ.</li><li>ພາສາທີ່ແປອາດມີວິທີພິເສດທີ່ບັນດາຄຣູຈະມີວິທີເອີ້ນຊື່.</li><li>ໃຫ້ໝົັ້ນໃຈວ່າການແປຄຳນີ້ຈະບໍ່ເປັນຄືການເອີ້ນພຣະເຢຊູຄືການເອີ້ນຄຣູໃນໂຮງຮຽນ.</li><li>ໃຫ້ພິຈາລະນາເບິ່ງວ່າ"ຣັບບີ"ແປແນວໃດໃນພຣະຄັມພີໃນພາສາທ້ອງຖິ່ນໃນພາສາກາງ.</li></ul>  
rachel	<h2 id="section">@ຣາເຊັນ</h2><h3 id="section-1">ຂໍ້ເທັດຈິງ</h3><p>ຣາເຊັນເປັນນຶ່ງໃນບັນດາພັນລະຍາຂອງຢາໂຄບ.ເຂົາແລະເອື້ອຍຂອງເຂົາ ເລອາ ເປັນລູກສາວຂອງລາບານ,ເຊິ່ງເປັນລູງຂອງຢາໂຄບ.</p><ul><li>ຣາເຊັນເປັນແມ່ຂອງໂຢເຊັບແລະເບັນຢາມິນ,ເຊິ່ງລູກຫຼານຂອງພວກເຂົາກາຍມາເປັນສອງເຜົ່າໃນສິບສອງເຜົ່າຂອງຊົນຊາດອິສະຣາເອນ.</li><li>ເປັນເວລາຫຼາຍປີ,ທີ່ຣາເຊັນບໍ່ສາມາດມີລູກໄດ້. ດັ່ງນັ້ນພຣະເຈົ້າເຮັດໃຫ້ຣາເຊັນໃຫ້ກຳເນີດໂຢເຊັບ.</li><li>ຫຼາຍປີຕໍ່ມາ,ຣາເຊັນເສຍຊີວິດຫຼັງຈາກໃຫ້ກຳເນີດເບັນຢາມິນ ແລະຢາໂຄບໄດ້ຝັງເຂົາໃກ້ກັບເບັດເລເຮັມ.</li></ul>  
rage	<h2 id="section">@ຄວາມຄຽດຊັງ</h2><h3 id="section-1">ນິຍາມ</h3><p>ຄວາມຄວາມຄຽດຊັງເປັນຄວາມຄຽດຮ້າຍທີ່ຫຼາຍເກີນໄປບໍ່ສາມາດຄວບຄຸມໄດ້, ເມື່ອບາງຄົນຄຽດຮ້າຍແຮງກໍ່ໝາຍຄວາມວ່າບຸກຄົນນັ້ນກຳລັງສະແດງຄວາມຄຽດຮ້າຍໃນທີ່ເປັນອັນຕະລາຍ.</p><ul><li>ຄວາມຄຽດຊັງເກີດຂື້ນເມື່ອອາລົມຄວາມຄຽດຮ້າຍເຮັດໃຫ້ບຸກຄົນສູນເສຍການຄວບຄຸມໂຕເອງ.</li><li>ເມື່ອຖືກຄວບຄຸມດ້ວຍຄວາມຄຽດຮ້າຍ,ເຮັດໃຫ້ບຸກຄົນສູນເສຍການຄວບຄຸມໂຕເອງ.</li><li>ຄຳວ່າ "ຄຽດຊັງ"ສາມາດອ້າງເຖິງ ການເຄື່ອນໄຫວທີ່ມີພະລັງ, ຢ່າງເຊັ່ນ ພາຍຸທີ່ "ຮຸນແຮງ"ຫຼື ຄື້ນມະຫາສະມຸດທີ່ "ພັດໄປພັດໄປມາ."</li><li>ຄຳວ່າ"ຊົນຊາດທີ່ຄຽດຊັງ"ໝາຍເຖິງ ຄົນທັງຫຼາຍທີ່ບໍ່ຊອບທັມບໍ່ເຊື່ອຟັງພຣະເຈົ້າແລະຕໍ່ຕ້ານພຣະອົງ.</li><li>ຄຳວ່າ "ເຕັມໄປດ້ວຍຄວາມຄຽດຊັງ"ໝາຍເຖິງ ການມີຄວາມຮູ້ສຶກທີ່ຖ້ວມລົ້ນດ້ວຍຄວາມຄຽດຮ້າຍທີ່ຮຸນແຮງ.</li></ul>  
rahab	<h2 id="section">@ຣາຮາບ</h2><h3 id="section-1">ຂໍ້ເທັດຈິງ</h3><p>ຣາຮາບເປັນຜູ້ຍິງທີ່ອາໃສຢູ່ໃນເມືອງເຢຣິໂກເມື່ອຄົນອິສະຣາເອນໂຈມຕີເມືອງເຢຣິໂກ. ເຂົາເປັນຍິງໂສເພນີ.</p><ul><li>ຣາຮາບ ໄດ້ເຊື່ອງຄົນອິດສະຣາເອນສອງຄົນທີ່ມາສອດແນມເມືອງເຢຣິໂກກ່ອນທີ່ອິດສະຣາເອນຈະໂຈມຕີເມືອງນັ້ນ. ນາງຣາຮາບໄດ້ຊ່ອຍໃຫ້ຄົນອິສະຣາເອນສອງຄົນນີ້ໜີກັບໄປຄ້າຍຂອງອິສະຣາເອນ.</li><li>ຣາຮາບໄດ້ກາຍເປັນຜູ້ເຊື່ອໃນພຣະຢາເວ.</li><li>ເຂົາແລະຄອບຄົວຂອງເຂົາໄດ້ຮັບການໄວ້ຊີວິດເມື່ອເມືອງເຢຣິໂກຖືກມ້າງເພແລະພວກເຂົາທັງໝົດໄດ້ມາອາໃສຢູ່ກັບຊາວອິສະຣາເອນ.</li></ul>  
raise	<h2 id="section">@ຍົກຂຶ້ນ, @ຂຶ້ນ, @ໄດ້ຂຶ້ນແລ້ວ,@ ເກີດຂຶ້ນ,ກໍ່ໃຫ້ເກີດຂຶ້ນ</h2><h3 id="section-1">ນິຍາມ</h3><p>ຍົກຂຶ້ນ, ແລະຍົກຂຶ້ນ ໂດຍທົ່ວໄປແລ້ວ,ຄຳວ່າ"ຍົກຂຶ້ນ"ໝາຍເຖິງ"ຊູຂຶ້ນຫຼື"ເຮັດໃຫ້ສູງຂຶ້ນ"</p><ul><li>ຄຳເວົ້າໃນທາງປຽບທຽບຂອງ,"ຍົກຂຶ້ນສູງ"ໝາຍເຖິງ ເຮັດໃຫ້ມີອັນໃດອັນນຶ່ງ ມີຂຶ້ນ ເກີດຂຶ້ນ.  ແລະສາມາດໝາຍເຖິງ ແຕ່ງຕັ້ງບາງຄົນໃຫ້ເຮັດວຽກອັນໃດອັນນຶ່ງ.</li><li>ບາງເທື່ອຄຳວ່າ "ຍົກຂຶ້ນ"ໝາຍເຖິງ"ນຳກັບຄືນມາ"ຫຼື"ສ້າງໃໝ່."</li><li>ຄຳວ່າ"ຍົກຂຶ້ນ"ມີຄວາມໝາຍພິເສດໃນຄຳເວົ້າທີ່ບອກວ່າ,"ເປັນຂຶ້ນຈາກຄວາມຕາຍ"ໝາຍເຖິງ ເຮັດໃຫ້ຄົນຕາຍກັບມີຊີວິດຂຶ້ນມາອີກເທື່ອນຶ່ງ.</li><li>ບາງເທື່ອ"ຍົກຂຶ້ນ"ໝາຍເຖິງ"ຍົກຍ້ອງ"ບາງຄົນຫຼືບາງສິ່ງ</li></ul><p>"ເປັນຂຶ້ນ"ຫຼື"ລຸກຂຶ້ນ"ໝາຍເຖິງ"ຂຶ້ນໄປ"ຫຼື"ຢືນຂຶ້ນ"ຄຳວ່າ"ຟື້ນຂຶ້ນມາແລ້ວ" "ລຸກຂຶ້ນມາແລ້ວ" ຄຳເຫຼົົ່ານີ້ໃຊ້ໃນການກ່າວເຖິງການເຮັດໃນອະດີດ.</p><ul><li>ເມື່ອບຸກຄົນຢືນຂຶ້ນເພື່ອໄປບ່ອນນຶ່ງ ການເຮັດແນວນີ້</li></ul><p>ສະແດງວ່າ "ເຂົາໄດ້ຢືນຂຶ້ນແລະໄດ້ໄປແລ້ວ"</p><ul><li>ຖ້າມີອັນໃດອັນນຶ່ງ "ເກີດຂຶ້ນ"ໝາຍຄວາມວ່າ ອັນນັ້ນ "ເກີດຂຶ້ນ"ຫຼື "ເລີ້ມເກີດຂຶ້ນ."</li><li>ພຣະເຢຊູໄດ້ຊົງທຳນວາຍວ່າ ພຣະອົງຈະຊົງ "ຟື້ນຂຶ້ນຈາກຄວາມຕາຍສາມວັນຫລັງຈາກພຣະເຢຊູສະເດັດສູ່ສະຫວັນທູດສະຫວັນໄດ້ກ່າວວ່າ"ພຣະອົງໄດ້ຊົງຟື້ນຂຶ້ນມາແລ້ວ."</li></ul><h3 id="section-2">ຄຳແນະນຳໃນການແປ</h3><ul><li>ຄຳວ່າ"ຍົກຂຶ້ນ"ຫລື"ຍົກຂຶ້ນສູງ"ສາມາດແປໄດ້ວ່າ"ຍົກຊູຂຶ້ນ"ຫລື"ເຮັດໃຫ້ສູງຂຶ້ນ."</li><li>ຍົກຂຶ້ນສູງ"ສາມາດແປວ່າ"ເຮັດໃຫ້ເກີດຂຶ້ນ"ຫລື"ແຕ່ງຕັ້ງ"ຫລື"ນຳມາໃຫ້ເກີດຂຶ້ນ."</li><li>"ຍົກກຳລັງຂອງສັດຕູຂອງທ່ານຂຶ້ນ"ສາມາດແປວ່າ "ເຮັດໃຫ້ສັດຕູຂອງທ່ານເຂັ້ມແຂງຫລາຍ."</li><li>ປະໂຫຍກ "ຍົກບາງຄົນໃຫ້ຟື້ນຄືນຈາກຄວາມຕາຍ"ສາມາດແປວ່າ "ເປັນເຫດໃຫ້ບາງຄົນກັບມາຈາກຄວາມຕາຍສູ່ຊີວິດ"ຫລື"ເປັນເຫດໃຫ້ບາງຄົນກັບມາມີຊີວິດ."</li><li>ຂື້ນຢູ່ກັບບໍຣິບົດ"ຍົກຂຶ້ນສູງ"ສາມາດແປວ່າ"ຈັດຕຽມ"ຫລື"ແຕ່ງຕັ້ງ"ຫລື"ເປັນເຫດໃຫ້ມີ"ຫລື"ສ້າງຂຶ້ນໃໝ່"ຫລື"ແປງ."</li><li>ປະໂຫຍກ"ເຮັດໃຫ້ເກີດຂຶ້ນແລະໄດ້ໄປ"ສາມາດແປວ່າ"ລຸກຂຶ້ນແລະໄດ້ໄປ"ຫລື"ໄດ້ໄປ."</li><li>ຂຶ້ນຢູ່ກັບບໍຣິບົດ ຄຳວ່າ"ເຮັດໃຫ້ເກີດຂຶ້ນ"ສາມາດແປວ່າ"ໄດ້ເກີດຂຶ້ນ"ຫລື"ໄດ້ຕື່ນຂຶ້ນ"ຫລື"ໄດ້ຢືນຂຶ້ນ."</li></ul>  
ramah	<h2 id="section">@ຣາມາ</h2><h3 id="section-1">ຂໍ້ເທັດຈິງ</h3><p>ຣາມາເປັນເມືອງບູຮານຂອງຊາວອິສະຣາເອນ ປະມານ 8 ກິໂລແມັດຈາກກຸງເຢຣູຊາເລັມ ເມືອງຣາມາຢຼ່ໃນດິນທີ່ມີເຜົ່າເບັນຢາມິນໄດ້ອາໃສຢູ່.</p><ul><li>ເມືອງຣາມາແມ່ນ​ເມືອງນາງຣາເຊັນຕາຍ​ຢູ່​ຫັ້ນຫລັງຈາກໃຫ້ກຳເນີດເບັນຢາມິນແລ້ວ.</li><li>ຕອນທີ່ຊົນຊາດອິສະຣາເອນຖືກກວດຕ້ອນໄປເປັນຊະເລີຍທີ່ບາບີໂລນພວກເຂົາຖືກນຳໄປທີ່ເມືອງຣາມາກ່ອນທີ່ຈະຍ້າຍໄປທີ່ເມືອງບາບີໂລນ.</li><li>ຣາມາເປັນຖິ່ນກຳເນີດຂອງມານດາແລະບິດາຊອງຊາມູເອນ.</li></ul>  
ramoth	<h2 id="section">@ຣາໂມດ</h2><h3 id="section-1">ຂໍ້ເທັດຈິງ</h3><p>ຣາໂມດ ເປັນເມືອງສຳຄັນເມືອງນຶ່ງທີ່ຢູ່ເທິງພູເຂົາກິເລອາດໃກ້ກັບແມ່ນ້ຳຈໍແດນ. ມັນຖືກເອີ້ນວ່າ ຣາໂມດກິເລອາດດ້ວຍ.</p><ul><li>ຣາໂມດເປັນເມືອງຂອງອິສະຣາເອນເຜົ່າກາດແລະໄດ້ຖືກອອກແບບໃຫ້ເປັນເມືອງລີ້ພັຍ.</li><li>ກະສັດອາຮາບແຫ່ງອິສະຣາເອນແລະກະສັດເຢໂຮຊາຟັດແຫ່ງຢູດາໄດ້ຮ່ວມກັນຕໍ່ສູ້ກັບກະສັດແຫ່ງອາຣາມທີ່ເມືອງຣາໂມດ ກະສັດອາຮາບຖືກຂ້າຕາຍໃນສົງຄາມນັ້ນ.</li><li>ເວລາຕໍ່ມາ, ກະສັດອາຮາດເຊຍແລະກາສັດໂຢຣາມໄດ້ພະຍາຍາມຊີງເອົາເມືອງຣາໂມດຈາກກະສັດແຫ່ງອາຣາມ.</li><li>ຣາໂມດກິເລອາດເປັນທີ່ທີ່ເຢຮູຖືກເຈີມໃຫ້ເປັນກະສັດເໜືອອິສະຣາເອນ.</li></ul>  
ransom	<h2 id="section">@ຄ່າໄຖ່</h2><h3 id="section-1">ນິຍາມ</h3><p>ຄຳວ່າ "ຄ່າໄຖ່"  ໝາຍເຖິງຈຳນວນເງິນຫຼືການຈ່າຍໂດຍການຖືກບັງຄັບຫຼືຈ່າຍເພື່ອໄຖ່ໃຜຜູ້ນຶ່ງທີ່ຖືກຈັບກຸມ.</p><ul><li>ຄຳວ່າ "ໄຖ່" ເປັນຄຳກິຣິຍາ ໝາຍເຖິງຈ່າຍເງິນ ຫຼືເຮັດບາງຢ່າງທີ່ເປັນການເສຍສະຫຼະຕົນເອງເພື່ອໄຖ່ໃຜຜູ້ນຶ່ງທີ່ຖືກຈັບກຸມ, ເປັນທາດຫຼືຕິດຄຸກ. ຄວາມໝາຍຂອງຄຳວ່າ  "ຊື້ຄືນ"ມີຄວາມໝາຍຄືກັນກັບ  "ໄຖ່ຄືນ."</li><li>ພຣະເຢຊູ ອະນຸຍາດຕົວເອງໃຫ້ຖືກຂ້າເພື່ອເປັນຄ່າໄຖ່ມະນຸດໃຫ້ຫຼຸດພົ້ນຂອງການເປັນທາດຄວາມບາບຂອງພວກເຂົາ. ການເຮັດແບບນີ້ຂອງພຣະເຈົ້າເພື່ອຊື້ຄືນຄົນຂອງພຣະອົງຜ່ານການຈ່າຍແທນຄວາມຜິດບາບຂອງພວກເຂົາ ທີ່ເອີ້ນອີກຢ່າງນື່ງວ່າ  "ການໄຖ່ບາບ" ຢູ່ໃນພຣະຄັມພີ.</li></ul><h3 id="section-2">ຄຳແນະນຳໃນການແປ</h3><ul><li>ຄຳວ່າ  "ການໄຖ່" ສາມາດແປໄດ້ອີກຢ່າງເຊັ່ນ "ການຈ່າຍເພື່ອປົດປ່ອຍ" ຫຼື "ຈ່າຍຄ່າເພື່ອເປັນອິດສະຫຼະ ຫຼື "ຊື້ຄືນ"ບາງຄົນ.</li><li>ຄຳວ່າ "ຈ່າຍຄ່າໄຖ່" ສາມາດແປໄດ້ອີກຢ່າງເຊັ່ນ "ຈ່າຍຄ່າລາຄາ"</li></ul>  
reap	<h2 id="section">@ເກັບກ່ຽວ, @ຜູ້ເກັບກ່ຽວ</h2><h3 id="section-1">ນິຍາມ</h3><p>ຄຳວ່າ "ກ່ຽວ"  ໝາຍເຖິງການເກັບກ່ຽວໝາກຜົນເຊັ່ນ ເມັດ. " ຜູ້ເກັບກ່ຽວ" ເປັນຄົນທີ່ເກັບກ່ຽວຜົນລະປູກ.</p><ul><li>ໂດຍທົ່ວໄປ ຜູ້ເກັບກ່ຽວພືດຜົນທີ່ປູກດ້ວຍມື. ເຊັ່ນ ການດຶງລຳຕົ້ນຂື້ນຫຼື ການຕັດດ້ວຍເຄື່ອງມືທີ່ຄົມ.</li><li>ແນວຄິດຂອງການເກັບກ່ຽວຜົນທີ່ປູກມັກນຳມາໃຊ້ປຽບທຽບການບອ ກຄົນທັງຫຼາຍເຖິງເລື່ອງຂ່າວປະເສີດຂອງພຣະເຢຊູແລະນຳເຂົາມາຢູ່ໃນຄອບຄົວຂອງພຣະເຈົ້າ.</li><li>ຄຳວ່າເກັບກ່ຽວຍັງໃຊ້ໃນທາງປຽບທຽບເພື່ອອ້າງເຖິງຜົນຮັບທີ່ໄດ້ມາຈາກການກະທຳຂອງບຸກຄົນກໍເໝືອນກັນກັບຄຳເວົ້າທີ່ວ່າ " ມະນຸດຈະເກັບກ່ຽວພືດຜົນທີ່ເຂົາປູກໄວ້" ເບີ່ງ See: <a href="https://read.bibleineverylanguage.org/WA-Catalog/lo_tm?section=translate#figs-metaphor" target="_blank" data-is-rc-link="" data-repo="lo_tm" data-user="WA-Catalog" data-page="translate" data-topic="figs-metaphor" data-type="tm">figs-metaphor</a>)</li><li>ວິທີອື່ນໆທີ່ຈະແປຄຳວ່າ "ເກັບກ່ຽວ" ແລະ "ຜູ້ເກັບກ່ຽວ" ຊຶ່ງສາມາດຮ່ວມເຖິງ "ການກ່ຽວເກັບ" ຫຼື "ຜູ້ທີ່ກ່ຽວເກັບ"(ຫຼື ບຸກຄົນຜູ້ທີ່ກ່ຽວເກັບ").</li></ul>  
rebekah	<h2 id="section">@ນາງເຣເບກາ</h2><h3 id="section-1">ຂໍ້ເທັດຈິງ</h3><p>ນາງເຣເບກາໄດ້ເປັນລູກສາວຫລານຂອງນ້ອງຊາຍຂອງອັບຣາຮາມທີ່ມີຊື່ວ່າ ນາໂຮ.</p><ul><li>ພຣະເຈົ້າໄດ້ເລືອກເອົານາງເຣເບກາໃຫ້ເປັນເມຍຂອງອີຊາກລູກຊາຍຂອງອັບຣາຮາມ.</li><li>ນາງເຣເບກາໄດ້ອອກຈາກພື້ນທີ່ຂອງອາຣາມ ນາຮາຣາອິມບ່ອນທີ່ນາງອາໃສຢູ່ແລະໄດ້ໄປກັບຜູ້ຮັບໃຊ້ຂອງອັບຣາຮາມໄປໃນຂົງເຂດພູເກັດທີ່ອີຊາກອາໃສຢູ່.</li><li>ເປັນເວລາດົນນານທີ່ນາງເຣເບກາບໍ່ມີລູກ, ແຕ່ໃນທີ່ສຸດພຣະ ເຈົ້າໄດ້ອວຍພອນນາງດ້ວຍລູກຊາຍຄູ່ແຝດ, ເອຊາວແລະຢາໂຄບ.</li></ul>  
rebel	<h2 id="section">@ຜູ້ກະບົດ, @ການກະບົດ, @ການທໍລະຍົດ</h2><h3 id="section-1">ນິຍາມ</h3><p>ຄຳ ວ່າ“ ກະບົດ” ໝາຍ ເຖິງການປະຕິເສດທີ່ຈະຍອມຢູ່ໃຕ້ ອຳ ນາດຂອງຜູ້ໃດຜູ້ ນຶ່ງ. ຄົນທີ່ "ກະບົດ" ມັກຈະບໍ່ເຊື່ອຟັງແລະເຮັດສິ່ງທີ່ຊົ່ວ. ບຸກຄົນປະເພດນີ້ຖືກເອີ້ນວ່າ "ຜູ້ກໍ່ການກະບົດ."</p><ul><li>ຄົນຜູ້ໜຶ່ງກຳລັງກະບົດເມື່ອລາວເຮັດບາງສິ່ງທີ່ເຈົ້າໜ້າທີ່ປົກຄອງລາວໄດ້ບອກລາວວ່າຢ່າເຮັດ.</li><li>ບຸກຄົນຍັງສາມາດດື້ດ້ານໂດຍການປະຕິເສດສິ່ງທີ່ເຈົ້າໜ້າທີ່ໄດ້ສັ່ງໃຫ້ເຮັດ.</li><li>ບາງຄັ້ງ ປະຊາຊົນກະບົດຕໍ່ຕ້ານລັດຖະບານຫຼືຜູ້ນຳຂອງພວກເຂົາທີ່ ກຳ ລັງປົກຄອງເໜືອພວກເຂົາ.</li><li>ຄຳວ່າ "ກໍ່ກະບົດ" ຍັງສາມາດຖືກແປວ່າ "ບໍ່ເຊື່ອຟັງ" ຫຼື "ກໍ່ການຈາລະຈົນ", ຂຶ້ນຢູ່ກັບບໍຣິບົດ.</li><li>ຄຳວ່າ"ກໍ່ການຈາລະຈົນ" ຍັງສາມາດຖືກແປວ່າ "ບໍ່ເຊື່ອຟັງຢ່າງຕໍ່ເນື່ອງ" ຫຼື "ປະຕິເສດທີ່ຈະເຊື່ອຟັງ."</li><li>ຄຳວ່າ "ການກໍ່ກະບົດ" ໝາຍ ຄວາມວ່າ "ການປະຕິເສດທີ່ຈະເຊື່ອຟັງ" ຫຼື "ການບໍ່ເຊື່ອຟັງ" ຫຼື "ການລະເມີດກົດ ໝາຍ".</li><li>ປະໂຫຍກທີ່ວ່າ "ການກໍ່ກະບົດ" ຫຼື "ການກະບົດ" ຍັງສາມາດ ໝາຍ ເຖິງກຸ່ມຄົນທີ່ມີການຈັດຕັ້ງທີ່ກະບົດຕໍ່ຜູ້ມີອຳນາດທີ່ປົກຄອງໂດຍການລະເມີດກົດ ໝາຍ ແລະໂຈມຕີຜູ້ນຳແລະປະຊາຊົນອື່ນໆ. ຫຼາຍໆຄັ້ງ ພວກເຂົາພະຍາຍາມໃຫ້ຄົນອື່ນເຂົ້າຮ່ວມໃນການກະບົດດ້ວຍ.</li><li>(ເບິ່ງເພີ່ມເຕີມ: <a href="https://bibleineverylanguage.org/resources/languages/lo?resource-type=tw#authority" data-section="kt" data-hash="authority" data-crossref="true">ສິດອຳນາດ</a> · <a href="https://bibleineverylanguage.org/resources/languages/lo?resource-type=tw#governor" data-section="other" data-hash="governor" data-crossref="true">ເຈົ້າແຂວງ</a>)</li></ul>  
rebuke	<h2 id="section">@ຮ້າຍດ່າວ່າກ່າວ</h2><h3 id="section-1">ນິຍາມ</h3><p>ການຮ້າຍດ່າວ່າກ່າວ ເປັນການໃຫ້ບາງຄົນແກ້ໄຂດ້ວຍຄຳເວົ້າຢ່າງເຂັ້ມງວດ, ຫຼາຍໆເທື່ອເພື່ອຊ່ວຍບຸກຄົນນັ້ນໃຫ້ຫັນກັບຈາກບາບ.</p><ul><li>ໃນພັນທະສັນຍາໃໝ່ ສັ່ງໃຫ້ຄຣິດສະຕຽນຮ້າຍດ່າວ່າກ່າວຜູ້ເຊື່ອຄົນອື່ນໆ ເມື່ອພວກເຂົາບໍ່ເຊື່ອຟັງພຣະເຈົ້າຢ່າງເຫັນໄດ້ຊັດເຈນ.</li><li>ພຣະທັມສຸພາສິດ ສອນບິດາມານດາທັງຫຼາຍໃຫ້ຮ້າຍດ່າວ່າກ່າວບຸດທັງຫຼາຍຂອງພວກເຂົາເມື່ອພວກເຂົາບໍ່ເຊື່ອຟັງ.</li><li>ການຮ້າຍດ່າວ່າກ່າວ ໂດຍທົ່ວໄປແລ້ວເປັນການປ້ອງກັນຄົນກະທຳຄວາມຜິດຈາກການເອົາຕົວເອງກ່ຽວພັນໃນຄວາມບາບຫຼາຍຂຶ້ນ.</li><li>ນີ້ສາມາດແປວ່າ "ແກ້ໄຂໃຫ້ຢ່າງເຂັ້ມງວດ" ຫຼື "ຕັກເຕືອນ."</li><li>ຄຳເວົ້າ "ຮ້າຍດ່າວ່າກ່າວ" ສາມາດແປໄດ້ເປັນ" ການແກ້ໄຂໃຫ້ຢ່າງເຂັ້ມງວດ" ຫຼື "ການຕິຕຽນຢ່າງຮຸນແຮງ."</li><li>ຄຳວ່າ "ປາສະຈາກການຮ້າຍດ່າວ່າກ່າວ" ສາມາດແປວ່າ "ປາສະຈາກການຕັກເຕືອນ" ຫຼື "ປາສະຈາກການຕິຕຽນ."</li></ul>  
receive	<h2 id="section">@ຮັບເອົາ</h2><h3 id="section-1">ນິຍາມ</h3><p>ຄຳວ່າ "ຮັບເອົາ" ໂດຍທົ່ວໄປແລ້ວໝາຍເຖິງການຮັບເອົາບາງສິ່ງທີ່ໄດ້ມີການໃຫ້, ສະເໜີ, ຫຼື ມອບໃຫ້.</p><ul><li>ການ "ຮັບເອົາ" ສາມາດໝາຍເຖິງ ທົນທຸກຫຼືມີປະສົບການ ຕໍ່ບາງສິ່ງ ເຊັ່ນ, "ເຂົາໄດ້ຮັບການລົງໂທດໃນສິ່ງທີ່ເຂົາໄດ້ທຳໄວ້."</li><li>ແລ້ວຍັງມີຄວາມໝາຍພິເສດອີກນຶ່ງຢ່າງຊຶ່ງເຮົາສາມາດ, "ຮັບ" ບຸກຄົນນຶ່ງ. ຕົວຢ່າງ ,"ການ "ຮັບ" ແຂກທັງຫຼາຍ ຫຼື ຜູ້ມາຢ້ຽມຢາມ ໝາຍເຖິງການຕ້ອນຮັບພວກເຂົາ ແລະປະຕິບັດຕໍ່ພວກເຂົາຢ່າງໃຫ້ກຽດເພື່ອສ້າງຄວາມສຳພັນກັບພວກເຂົາ.</li><li>ການ "ຮັບຂອງປະທານແຫ່ງພຣະວິນຍານບໍຣິສຸດ" ໝາຍເຖິງເຮົາໄດ້ຮັບພຣະວິນຍານບໍຣິສຸດ ແລະຕ້ອນຮັບພຣະອົງໃຫ້ທຳງານພາຍໃນເຮົາແລະຜ່ານທາງຊີວິດຂອງເຮົາ.</li><li>ການ "ຮັບເອົາພຣະເຢຊູ" ໝາຍເຖິງການຍອມຮັບຂໍ້ສະເໜີແຫ່ງຄວາມລອດຂອງພຣະເຈົ້າຜ່ານທາງພຣະເຢຊູຄຣິດ.</li><li>ເມື່ອຄົນຕາບອດ "ໄດ້ຮັບສາຍຕາຂອງເຂົາ" ໝາຍເຖິງພຣະເຈົ້າໄດ້ຢຽວຢາຮັກສາເຂົາແລະທຳໃຫ້ເຂົາເບິ່ງເຫັນໄດ້.</li></ul><h3 id="section-2">ຄຳແນະນຳໃນການແປ</h3><ul><li>ຂຶ້ນຢູ່ກັບບໍຣິບົດ "ຮັບ" ສາມາດແປໄດ້ວ່າ "ຍອມຮັບ" ຫຼື "ຕ້ອນຮັບ" ຫຼື ມີປະສົບການ" ຫຼື "ໄດ້ຖືກໃຫ້."</li><li>ຄຳວ່າ "ທ່ານຈະໄດ້ຮັບອຳນາດ" ສາມາດແປວ່າ "ທ່ານຈະຖືກໄດ້ຮັບອຳນາດ" ຫຼື "ພຣະເຈົ້າຈະໃຫ້ອຳນາດແກ່ທ່ານ" ຫຼື "ອຳນາດຈະຖືກມອບໃຫ້ແກ່ທ່ານ."</li></ul>  
reconcile	<h2 id="section">@ຄືນດີ, @ການຄືນດີ</h2><h3 id="section-1">ນິຍາມ</h3><p>ຄຳວ່າ "ຄືນດີ" ແລະ "ການຄືນດີ" ອ້າງເຖິງ "ການສ້າງສັນຕິພາບ" ລະຫວ່າງຄົນທີ່ເຄີຍເປັນສັດຕູກັນມາກ່ອນ.</p><ul><li>ໃນພຣະຄັມພີ ຄຳນີ້ມັກອ້າງເຖິງ ການທີ່ພຣະເຈົ້າໃຫ້ຄົນຄືນດີກັບພຣະອົງຜ່ານການຖວາຍບູຊາຂອງພຣະເຢຊູຄຣິດ,ພຣະບຸດຂອງພຣະອົງ.</li><li>ເພາະວ່າຄວາມບາບ ທຸກຄົນຈຶ່ງເປັນສັດຕູຂອງພຣະເຈົ້າ.ເພາະດ້ວຍຄວາມຮັກທີ່ປ່ຽມລົ້ນດ້ວຍພຣະເມດຕາຂອງພຣະອົງ,ພຣະເຈົ້າໄດ້ຈັດຕຣຽມຫົນທາງສຳລັບຄົນທັງຫຼາຍເພື່ອການຄືນດີກັບພຣະອົງຜ່ານທາງພຣະເຢຊູ.</li><li>ຜ່ານການເຊື່ອໄວ້ວາງໃຈໃນການຖວາຍບູຊາຂອງພຣະເຢຊູເພື່ອເປັນການຈ່າຍຄ່າຄວາມບາບຂອງພວກເຂົາ, ຄົນທັງຫຼາຍສາມາດໄດ້ຮັບການອະພັຍແລະມີສັນຕິກັບພຣະອົງ.</li></ul><h3 id="section-2">ຄຳແນະນຳໃນການແປ</h3><ul><li>ຄຳວ່າ "ຄືນດີ" ສາມາດແປວ່າ "ທຳສັນຕິພາບ" ຫຼື "ນຳຄວາມສຳພັນອັນດີກັບຄືນມາ" ຫຼື "ສ້າງສັນຕິ" ຫຼື "ທຳໃຫ້ເປັນເພື່ອນກັນ."</li><li>ຄຳວ່າ "ການຄືນດີກັນ" ສາມາດແປວ່າ "ນຳເອົາຄວາມສຳພັນອັນດີກັບຄືນມາ" ຫຼື "ສ້າງສັນຕິ" ຫຼື "ທຳໃຫ້ເກີດຄວາມສຳພັນຢ່າງສັນຕິ."</li></ul>  
redeem	<h2 id="section">@ໄຖ່, @ການໄຖ່, @ຜູ້ໄຖ່</h2><h3 id="section-1">ນິຍາມ</h3><p>ຄຳສັບທີ່ວ່າ "ໄຖ່" ແລະ "ການໄຖ່" ໝາຍເຖິງການຊື້ສິ່ງຂອງທີ່ເຄີຍເປັນເຈົ້າຂອງຫຼືຖືກຈັບເປັນຊະເລີຍ. "ຜູ້ໄຖ່" ແມ່ນຜູ້ທີ່ໄຖ່ບາງສິ່ງບາງຢ່າງຫຼືຄົນອື່ນ.</p><ul><li>ພຣະເຈົ້າໄດ້ໃຫ້ກົດໝາຍແກ່ຊາວອິສະຣາເອນກ່ຽວກັບວິທີການໄຖ່ຄົນຫຼືສິ່ງຂອງຕ່າງໆ.</li><li>ຍົກຕົວຢ່າງ, ຜູ້ໃດຜູ້ ນຶ່ງ ສາມາດໄຖ່ຄົນທີ່ຕົກເປັນຂ້າທາດໂດຍການຈ່າຍຄ່າລາຄາເພື່ອໃຫ້ຂ້າໃຊ້ນັ້ນມີອິດສະຫຼະ. ຄຳ ວ່າ "ຄ່າໄຖ່" ກໍ່ໝາຍເຖິງການປະຕິບັດນີ້.</li><li>ຖ້າທີ່ດິນຂອງຜູ້ໃດຜູ້ ນຶ່ງ ຖືກຂາຍໄປ, ຍາດພີ່ນ້ອງຂອງຄົນນັ້ນສາມາດ“ ໄຖ່ຄືນ” ຫລື“ ຊື້ຄືນ” ທີ່ດິນໄດ້ເພື່ອວ່າມັນຈະຢູ່ໃນຄອບຄົວ.</li><li>ການປະຕິບັດເຫຼົ່ານີ້ສະແດງໃຫ້ເຫັນວ່າພຣະເຈົ້າຊົງໄຖ່ຄົນທີ່ຕົກເປັນທາດຂອງບາບ. ເມື່ອລາວຕາຍເທິງໄມ້ກາງແຂນ, ພຣະ ເຢຊູໄດ້ຈ່າຍເຕັມ ສຳ ລັບບາບຂອງຜູ້ຄົນແລະໄດ້ໄຖ່ຜູ້ທີ່ໄວ້ວາງ ໃຈໃນພຣະອົງເພື່ອຄວາມລອດ. ຄົນທີ່ພຣະເຈົ້າໄດ້ໄຖ່ໄດ້ຖືກປົດປ່ອຍຈາກບາບແລະການລົງໂທດຂອງມັນ.</li></ul><h3 id="section-2">ຄຳແນະນຳໃນການແປ</h3><ul><li>ອີງຕາມສະພາບການ, ຄຳ ວ່າ "ໄຖ່" ຍັງສາມາດແປເປັນ "ຊື້ຄືນ" ຫລື "ຈ່າຍໃຫ້ລ້າໆ."</li></ul>  
red sea	<h2 id="section">@ທະເລຕົ້ນກົກ, @ທະເລແດງ</h2><h3 id="section-1">ຂໍ້ເທັດຈິງ</h3><p>“ ທະເລຕົ້ນກົກ” ແມ່ນຊື່ຂອງທະເລທີ່ຕັ້ງຢູ່ລະຫວ່າງອີຢີບແລະອາຣາເບຍ. ດຽວນີ້ມັນຖືກເອີ້ນວ່າ "ທະເລແດງ."</p><ul><li>ທະເລແດງຍາວແລະແຄບ. ມັນໃຫຍ່ກວ່າທະເລສາບຫລືແມ່ນ້ຳ, ແຕ່ມີຂະໜາດນ້ອຍກວ່າມະຫາສະໝຸດ.</li><li>ຊາວອິສະຣາເອນຕ້ອງຂ້ວາມທະເລແດງເມື່ອພວກເຂົາໜີ ຈາກປະເທດອີຢິບ. ພຣະເຈົ້າໄດ້ເຮັດການອັດສະຈັນແລະເຮັດໃຫ້ນ້ຳທະເລແບ່ງອອກເພື່ອໃຫ້ປະຊາຊົນສາມາດຍ່າງໄປຕາມດິນແຫ້ງ.</li><li>ທີ່ດິນຂອງ ການາອານ ແມ່ນພາກເໜືອຂອງທະເລນີ້.</li><li>ນີ້ຍັງສາມາດຖືກແປເປັນ "ທະເລ ແດງ."</li></ul>  
reed	<h2 id="section">@ຕົ້ນກົກ, @ເຫຼົ່າຕົ້ນກົກ</h2><h3 id="section-1">ນິຍາມ</h3><p>ຄຳວ່າ“ ຕົ້ນກົກ” ໝາຍ ເຖິງຕົ້ນໄມ້ທີ່ມີກ້ານຍາວທີ່ເຕີບໃຫຍ່ຢູ່ໃນນ້ຳ,ໂດຍປົກກະຕິແມ່ນລຽບຕາມແຄມແມ່ນ້ຳ ຫຼືສາຍນ້ຳ.</p><ul><li>ຕົ້ນກົກທີ່ເກີດຢູ່ໃນແມ່ນ້ຳໄຫລບ່ອນທີ່ໂມເຊຖືກເຊື່ອງຊ້ອນໃນຕອນຍັງເປັນເດັກນ້ອຍກໍ່ຖືກເອີ້ນວ່າ "ຕົ້ນແຝກ". ຕົ້ນແຝກຈະສູງ, ກ້ານໃບເປັນຮູທີ່ເຕີບໃຫຍ່ເປັນກຸ່ມໜາໃນນ້ຳໃນແມ່ນ້ຳ.</li><li>ພືດທີ່ເປັນເສັ້ນໃຍເຫລົ່ານີ້ໄດ້ຖືກນຳໃຊ້ໃນປະເທດເອຢິບບູຮານສຳລັບເຮັດເຈ້ຍ, ກະຕ່າ, ແລະເຮືອ.</li><li>ກ້ານຂອງຕົ້ນແຝກ ແມ່ນມີຄວາມຍືດຫຍຸ່ນແລະຖືກລົມພັດງ່າຍ.</li></ul>  
refuge	<h2 id="section">@ທີ່ລີ້ພັຍ, @ທີ່ກຳບັງ</h2><h3 id="section-1">ນິຍາມ</h3><p>ຄຳ ວ່າ“ ບ່ອນລີ້ພັຍ” ໝາຍ ເຖິງສະຖານທີ່ຫລືສະພາບຄວາມປອດພັຍແລະການປົກປ້ອງ. "ທີ່ກຳບັງ" ໝາຍເຖິງໂຄງສ້າງທາງກາຍະພາບທີ່ປ້ອງກັນຈາກດິນຟ້າອາກາດຫລືອັນຕະລາຍ.</p><ul><li>ໃນພຣະຄັມພີ, ພຣະເຈົ້າມັກຈະຖືກກ່າວເຖິງເປັນບ່ອນລີ້ພັຍບ່ອນທີ່ປະຊາຊົນຂອງພຣະອົງສາມາດມີຄວາມປອດພັຍ, ປົກ ປ້ອງແລະເບິ່ງແຍງໄດ້.</li><li>ຄຳວ່າ, "ເມືອງລີ້ພັຍ" ໃນພຣະຄັມພີເດີມໄດ້ກ່າວເຖິງບາງເມືອງທີ່ຄົນທີ່ຂ້າຄົນໂດຍບັງເອີນຄົນ ໜຶ່ງ ສາມາດແລ່ນໄປຫາການປົກປ້ອງຈາກຄົນທີ່ຈະ ທຳ ຮ້າຍພວກເຂົາໃນການແກ້ແຄ້ນ.</li><li>"ທີ່ກຳບັງ" ມັກຈະເປັນໂຄງສ້າງທາງດ້ານຮ່າງກາຍເຊັ່ນ: ອາຄານຫລືຫລັງຄາທີ່ສາມາດປົກປ້ອງຄົນຫລືສັດໄດ້.</li><li>ບາງຄັ້ງ "ທີ່ກຳບັງ" ໝາຍຄວາມວ່າ "ການປົກປ້ອງ" ຄືກັບທີ່ລາວເວົ້າວ່າແຂກຂອງລາວ "ຢູ່ພາຍໃຕ້ບ່ອນລີ້ພັຍ" ຂອງຫລັງຄາຂອງລາວ. ລາວ ກຳ ລັງບອກວ່າພວກເຂົາຄວນຈະປອດພັຍເພາະວ່າພວກເຂົາຢູ່ໃນເຮືອນຂອງລາວ.</li></ul><h3 id="section-2">ຄຳແນະນຳໃນການແປ</h3><ul><li>ຄຳວ່າ“ ບ່ອນລີ້ພັຍ” ສາມາດແປເປັນ“ ບ່ອນປອດພັຍ” ຫຼື“ ບ່ອນປົກປ້ອງ.”</li><li>ອີງຕາມສະພາບການ, ຄຳວ່າ "ທີ່ກຳບັງ" ສາມາດຖືກແປເປັນ "ສິ່ງທີ່ປົກປ້ອງ" ຫຼື "ການປົກປ້ອງ" ຫຼື "ສະຖານທີ່ປ້ອງກັນ."</li><li>ຖ້າມັນໝາຍ ເຖິງໂຄງສ້າງທາງດ້ານຮ່າງກາຍ, "ທີ່ກຳບັງ" ກໍ່ອາດຈະຖືກແປເປັນ "ອາຄານປ້ອງກັນ."</li><li>ປະໂຫຍກທີ່ວ່າ "ເຂົ້າໄປໃນທີ່ກຳບັງທີ່ປອດພັຍ" ສາມາດຖືກແປເປັນ "ບ່ອນທີ່ປອດພັຍ" ຫຼື "ເປັນສະຖານທີ່ທີ່ຈະປ້ອງກັນ."</li><li>ເພື່ອ“ ຊອກຫາທີ່ພັກອາໃສ” ຫລື“ ບ່ອນລີ້ພັຍ” ຫລື“ ບ່ອນລີ້ພັຍ” ສາມາດແປເປັນ,“ ຊອກຫາສະຖານທີ່ທີ່ປອດພັຍ” ຫລື“ ເອົາຕົວເອງຢູ່ໃນສະຖານທີ່ປ້ອງກັນ.”</li><li>ເພື່ອ“ ຊອກຫາທີ່ກຳບັງ” ຫລື“ ບ່ອນລີ້ພັຍ” ຫລື“ ບ່ອນລີ້ພັຍ” ສາມາດແປເປັນ,“ ຊອກຫາສະຖານທີ່ທີ່ປອດພັຍ” ຫລື“ ເອົາຕົວເອງຢູ່ໃນສະຖານທີ່ປ້ອງກັນ.”</li></ul>  
rehoboam	<h2 id="section">@ເຣໂຮໂບອາມ</h2><h3 id="section-1">ຂໍ້ເທັດຈິງ</h3><p>ເຣໂຮໂບອາມ ແມ່ນຫນຶ່ງໃນລູກຊາຍຂອງກະສັດໂຊໂລໂມນ, ແລະໄດ້ກາຍເປັນກະສັດຂອງປະເທດຊາດອິສະຣາເອນຫລັງຈາກໂຊໂລໂມນສິ້ນຊີວິດ.</p><ul><li>ໃນຕອນເລີ່ມຕົ້ນຂອງກະສັດ, ກະສັດເຣໂບອາມມີຄວາມຮຸນແຮງກັບປະຊາຊົນຂອງລາວ, ສະນັ້ນສິບເຜົ່າຂອງອິສະຣາເອນ ໄດ້ກະບົດຕໍ່ລາວແລະສ້າງຕັ້ງ "ອານາຈັກອິສະຣາເອນ" ໃນພາກເໜືອ.</li><li>ເຣໂຮໂບອາມ ສືບຕໍ່ເປັນກະສັດຂອງອານາຈັກພາກໃຕ້ຂອງຢູດາເຊິ່ງປະກອບດ້ວຍສອງຊົນເຜົ່າຄືຢູດາແລະເບັນຢາມິນ.</li></ul><p>ເຣໂຮໂບອາມ ແມ່ນຄົນຊົ່ວຮ້າຍຜູ້ທີ່ບໍ່ໄດ້ເຊື່ອຟັງ ພຣະເຈົ້າຢາເວ, ແຕ່ນະມັດສະການບັນດາພຣະປອມ.</p>  
reign	<h2 id="section">@ປົກຄອງ</h2><h3 id="section-1">ນິຍາມ</h3><p>ຄຳ ວ່າ“ ປົກຄອງ” ໝາຍ ເຖິງການປົກຄອງເປັນກະສັດປົກຄອງປະຊາຊົນຂອງປະເທດໃດ ໜຶ່ງ ຫຼືອານາຈັກໃດ ໜຶ່ງ. ການປົກຄອງຂອງກະສັດແມ່ນໄລຍະເວລາທີ່ລາວ ກຳ ລັງປົກຄອງຢູ່.</p><ul><li>ຄຳວ່າ“ ການປົກຄອງຍັງຖືກໃຊ້ເພື່ອກ່າວເຖິງພະເຈົ້າທີ່ປົກຄອງເປັນກະສັດປົກຄອງທົ່ວໂລກ.</li><li>ພຣະເຈົ້າອະນຸຍາດໃຫ້ກະສັດມະນຸດປົກຄອງອິສະຣາເອນໃນເວລາທີ່ພວກເຂົາປະຕິເສດລາວເປັນກະສັດຂອງພວກເຂົາ.</li><li>ເມື່ອພຣະເຢຊູຄຣິດກັບມາລາວຈະປົກຄອງຢ່າງເປີດເຜີຍເປັນກະສັດປົກຄອງທົ່ວໂລກແລະຄຣິດສະຕຽນຈະ"ູ່ຮ່ວມກັນກັບພຣະອົງ.</li><li>ຄຳສັບນີ້ຍັງສາມາດແປວ່າ "ກົດເກນຢ່າງແທ້ຈິງ" ຫຼື "ປົກຄອງແບບກະສັດ" ຫລື "ປົກຄອງເປັນກະສັດ."</li></ul>  
reject	<h2 id="section">@ປະຕິເສດ</h2><h3 id="section-1">ນິຍາມ</h3><p>ການ“ ປະຕິເສດ” ບາງຄົນຫລືບາງສິ່ງບາງຢ່າງໝາຍ ເຖິງການປະຕິເສດທີ່ຈະຍອມຮັບເອົາຄົນນັ້ນຫລືສິ່ງຂອງ.</p><ul><li>ຄຳວ່າ "ປະຕິເສດ" ຍັງສາມາດໝາຍຄວາມວ່າ "ປະຕິເສດບໍ່ເຊື່ອ" ບາງຢ່າງ.</li><li>ການປະຕິເສດພຣະເຈົ້າກໍ່ ໝາຍເຖິງການປະຕິເສດທີ່ຈະເຊື່ອຟັງພຣະອົງ.</li><li>ເມື່ອຊາວອິສະລາແອນປະຕິເສດການນຳຂອງໂມເຊ, ມັນ ໝາຍຄວາມວ່າພວກເຂົາໄດ້ກະບົດຕໍ່ ອຳ ນາດຂອງລາວ. ພວກເຂົາບໍ່ຕ້ອງການເຊື່ອຟັງພຣະອົງ.</li><li>ຊາວອິສະຣາເອນສະແດງໃຫ້ເຫັນວ່າພວກເຂົາປະຕິເສດພຣະເຈົ້າເມື່ອພວກເຂົານະມັດສະການພຣະປອມ.</li><li>ຄຳ ວ່າ“ ຍູ້ ໜີ” ແມ່ນຄວາມ ໝາຍ ຕົວຈິງຂອງ ຄຳ ນີ້. ພາສາອື່ນໆອາດຈະມີການສະແດງອອກຄ້າຍຄືກັນເຊິ່ງມີຄວາມ ໝາຍ ວ່າຈະປະຕິເສດຫລືປະຕິເສດທີ່ຈະເຊື່ອບາງຄົນຫລືບາງຢ່າງ.</li></ul><p>% ຄຳແນະໃນນຳການແປ</p><ul><li>ຂຶ້ນຢູ່ກັບບໍຣິບົດ, ຄຳ ວ່າ "ປະຕິເສດ" ຍັງສາມາດແປໄດ້ໂດຍ "ບໍ່ຍອມຮັບ" ຫຼື "ຢຸດການຊ່ວຍເຫຼືອ" ຫຼື "ປະຕິເສດບໍ່ເຊື່ອຟັງ" ຫຼື "ຢຸດການເຊື່ອຟັງ."</li><li>ໃນການສະແດງອອກ, "ກ້ອນຫີນທີ່ຜູ້ກໍ່ສ້າງປະຕິເສດ," ຄໍາວ່າ "ປະຕິເສດ" ສາມາດແປເປັນ "ປະຕິເສດທີ່ຈະໃຊ້" ຫຼື "ບໍ່ຍອມຮັບ" ຫຼື "ໂຍນຖິ້ມ" ຫຼື "ກໍາຈັດບໍ່ມີຄ່າ."</li><li>ໃນສະພາບການຂອງປະຊາຊົນທີ່ປະຕິເສດຄຳສັ່ງຂອງພຣະ ເຈົ້າ, ສິ່ງນີ້ສາມາດແປເປັນ "ປະຕິເສດທີ່ຈະເຊື່ອຟັງ" ຄຳສັ່ງຂອງພຣະອົງຫລື "ເລືອກທີ່ແຂງກະດ້າງທີ່ຈະບໍ່ຍອມຮັບເອົາ" ກົດ ໝາຍ ຂອງພຣະເຈົ້າ.</li></ul>  
rejoice	<h2 id="section">@ປິຕິຍິນດີ, @ຄວາມຍີນດີ</h2><h3 id="section-1">ນິຍາມ</h3><p>ຄຳວ່າ“ ປິຕິຍິນດີ” ໝາຍຄວາມວ່າຈະເຕັມໄປດ້ວຍຄວາມຍິນດີແລະຄວາມເບີກບານມ່ວນຊື່ນ.</p><ul><li>ຄຳສັບນີ້ມັກຈະໝາຍເຖິງການມີຄວາມສຸກຫລາຍກ່ຽວກັບສິ່ງດີໆທີ່ພຣະເຈົ້າໄດ້ເຮັດ.</li><li>ມັນສາມາດຖືກແປເປັນ "ຍິນດີທີ່ສຸດ" ຫຼື "ດີໃຈຫລາຍ" ຫຼື "ເຕັມໄປດ້ວຍຄວາມສຸກ".</li><li>ເມື່ອມາຣີເວົ້າວ່າ, "ຈິດວິນຍານຂອງຂ້ອຍມີຄວາມປິຕິຍິນດີໃນພຣະເຈົ້າຜູ້ຊ່ອຍໃຫ້ລອດຂອງຂ້ອຍ" ນາງຫມາຍຄວາມວ່າ, " "ພຣະເຈົ້າຜູ້ຊ່ອຍໃຫ້ລອດຂອງຂ້ອຍໄດ້ເຮັດໃຫ້ຂ້ອຍມີຄວາມສຸກຫລາຍ" ຫລື "ຂ້ອຍຮູ້ສຶກມີຄວາມສຸກຫລາຍເພາະສິ່ງທີ່ພຣະເຈົ້າຜູ້ຊ່ອຍໃຫ້ລອດຂອງຂ້ອຍໄດ້ເຮັດເພື່ອຂ້ອຍ."</li></ul>  
remnant	<h2 id="section">@ທີ່ເຫລືອ, @ຍັງເຫລືອ</h2><h3 id="section-1">ນິຍາມ</h3><p>ຄຳວ່າ“ ທີ່ເຫຼືອ” ຕາມຄວາມໝາຍຕົວຈິງ ໝາຍເຖິງຄົນຫຼືສິ່ງທີ່“ ເຫລືອ” ຫລື“ ເຫລືອ” ຈາກ ຈຳນວນຫຼືກຸ່ມທີ່ໃຫຍ່ກວ່າ.</p><ul><li>ສ່ວນຫຼາຍແມ່ນ "ຜູ້ທີ່ເຫລືອ" ໝາຍເຖິງຄົນທີ່ລອດຊີວິດຈາກສະຖານະການທີ່ເປັນໄພຂົ່ມຂູ່ຕໍ່ຊີວິດຫຼືຜູ້ທີ່ຍັງຊື່ສັດຕໍ່ພຣະເຈົ້າໃນຂະນະທີ່ຖືກຂົ່ມເຫັງ.</li><li>ເອຊາຢາໄດ້ກ່າວເຖິງຊາວຢິວກຸ່ມໜຶ່ງວ່າເປັນຄົນທີ່ເຫລືອຢູ່ທີ່ລອດຊີວິດຈາກການໂຈມຕີຈາກຄົນພາຍນອກແລະມີຊີວິດຢູ່ເພື່ອກັບໄປດິນແດນແຫ່ງ ຄຳ ສັນຍາໃນການາອານ.</li><li>ໂປໂລເວົ້າກ່ຽວກັບການເປັນຄົນທີ່ເຫລືອຢູ່ຂອງຄົນທີ່ພຣະເຈົ້າໄດ້ເລືອກໃຫ້ຮັບເອົາພຣະຄຸນຂອງພຣະອົງ.</li><li>ຄຳວ່າ“ ທີ່ເຫຼືອ” ໝາຍຄວາມວ່າມີຄົນອື່ນທີ່ບໍ່ສັດຊື່ຫລືຜູ້ທີ່ບໍ່ໄດ້ລອດຊີວິດຫຼືຜູ້ທີ່ບໍ່ໄດ້ຖືກເລືອກ.</li></ul><p>% ຄຳແນະນຳໃນການແປ</p><ul><li>ປະໂຫຍກທີ່ກ່າວວ່າ, "ຄົນທີ່ເຫລືອຢູ່ນີ້" ສາມາດຖືກແປເປັນ "ຄົນສ່ວນທີ່ເຫຼືອນີ້" ຫຼື "ຄົນທີ່ຍັງຊື່ສັດ" ຫຼື "ຄົນທີ່ເຫລືອຢູ່."</li><li>"ປະຊາຊົນທີ່ເຫລືອຢູ່ທັງ ໝົດ" ສາມາດຖືກແປໂດຍ "ສ່ວນທີ່ເຫຼືອຂອງປະຊາຊົນທັງ ໝົດ" ຫຼື "ຄົນທີ່ຍັງເຫຼືອ".</li></ul>  
renown	<h2 id="section">@ມີຊື່ສຽງ, @ຜູ້ມີຊື່ສຽງ</h2><h3 id="section-1">ນິຍາມ</h3><p>ຄຳວ່າ“ ຜູ້ມີຊື່ສຽງ” ໝາຍເຖິງການມີຊື່ສຽງແລະມີຊື່ສຽງທີ່ໜ້າ ຊົມເຊີຍ.</p><ul><li>ບຸກຄົນ"ທີ່ມີຊື່ສຽງ"ແມ່ນຄົນທີ່ມີຊື່ສຽງແລະມີຄວາມນັບຖືສູງ.</li><li>"ຄຳວ່າຊື່ສຽງ" ໂດຍສະເພາະແມ່ນ ໝາຍ ເຖິງຊື່ສຽງທີ່ດີເຊິ່ງເປັນທີ່ຮູ້ຈັກກັນຢ່າງກວ້າງຂວາງໃນໄລຍະເວລາດົນນານ.</li><li>ເມືອງທີ່ມີຊື່ສຽງວ່າ "ມີຊື່ສຽງ" ມັກຈະມີຊື່ສຽງຍ້ອນຄວາມຮັ່ງມີແລະຄວາມຈະເລີນຮຸ່ງເຮືອງ.</li></ul><h3 id="section-2">ຄຳແນະນຳໃນການແປ</h3><ul><li>ຄຳທີ່ວ່າ "ການມີຊື່ສຽງ" ຍັງສາມາດຖືກແປວ່າ "ຊື່ສຽງ" ຫລື "ຊື່ສຽງທີ່ນັບຖື" ຫຼື "ຄວາມຍິ່ງໃຫຍ່ເຊິ່ງເປັນທີ່ຮູ້ຈັກຂອງຄົນຫຼາຍໆຄົນ."</li><li>ຄຳ ວ່າ "ທີ່ມີຊື່ສຽງ" ຍັງສາມາດແປເປັນ "ທີ່ມີຊື່ສຽງແລະມີກຽດຕິຍົດສູງ" ຫຼື "ມີຊື່ສຽງທີ່ດີເລີດ."</li><li>ຄຳເວົ້າທີ່ວ່າ "ຂໍໃຫ້ຊື່ຂອງພຣະຜູ້ເປັນເຈົ້າຈົ່ງມີຊື່ສຽງໃນອິສະຣາເອນ" ສາມາດແປເປັນ "ຊື່ຂອງພຣະຜູ້ເປັນເຈົ້າໃຫ້ເປັນທີ່ຮູ້ຈັກແລະໃຫ້ກຽດແກ່ຊາວອິສະຣາເອນ."</li><li>ປະໂຫຍກທີ່ວ່າ, "ຜູ້ຊາຍທີ່ມີຊື່ສຽງ" ສາມາດຖືກແປເປັນ, "ຜູ້ຊາຍທີ່ມີຊື່ສຽງຍ້ອນຄວາມກ້າຫານຂອງພວກເຂົາ" ຫຼື "ນັກຮົບທີ່ມີຊື່ສຽງ" ຫຼື "ຜູ້ຊາຍທີ່ມີຊື່ສຽງສູງ."</li><li>ສຳນວນທີ່ວ່າ "ຊື່ສຽງຂອງທ່ານທີ່ມີຊື່ສຽງຕະຫຼອດທຸກຮຸ້ນຄົນ" ສາມາດແປເປັນ "ຕະຫຼອດປີທີ່ຜູ້ຄົນຈະໄດ້ຍິນກ່ຽວກັບຄວາມຍິ່ງໃຫຍ່ຂອງທ່ານ" ຫຼື "ຄວາມຍິ່ງໃຫຍ່ຂອງທ່ານໄດ້ຖືກເຫັນແລະໄດ້ຍິນຈາກຄົນໃນທຸກໆຮຸ້ນ."</li></ul>  
repent	<h2 id="section">@ກັບໃຈ, @ການກັບໃຈ</h2><h3 id="section-1">ນິຍາມ</h3><p>ຄຳວ່າ "ກັບໃຈ" ແລະ "ການກັບໃຈ" ໝາຍເຖິງການຫັນໜີຈາກບາບແລະຫັນກັບມາຫາພຣະເຈົ້າ.</p><ul><li>ການກັບໃຈ "ກັບໃຈ" ໝາຍ ເຖິງ "ການປ່ຽນໃຈຂອງຄົນເຮົາ."</li><li>ໃນພຣະຄັມພີ, "ການກັບໃຈ" ໂດຍປົກກະຕິ ໝາຍ ເຖິງການຫັນ ໜີຈາກແນວຄິດທີ່ຜິດແລະການກະທຳຂອງມະນຸດ, ແລະຫັນໄປສູ່ແນວຄິດແລະການກະ ທຳ ຂອງພຣະເຈົ້າ.</li><li>ເມື່ອຜູ້ຄົນກັບໃຈຈາກບາບຂອງພວກເຂົາຢ່າງແທ້ຈິງ, ພຣະເຈົ້າຈະໃຫ້ອະພັຍພວກເຂົາແລະຊ່ວຍພວກເຂົາເລີ້ມເຊື່ອຟັງພຣະອົງ.</li></ul><h3 id="section-2">ຄຳແນະນຳໃນການແປ</h3><ul><li>ຄຳວ່າ, "ກັບໃຈ" ສາມາດແປກັບ ຄຳເວົ້າຫລືປະໂຫຍກທີ່ມີຄວາມ ໝາຍ ວ່າ "ຫັນກັບຄືນ.</li></ul>  
report	<h2 id="section">@ລາຍງານ</h2><h3 id="section-1">ນິຍາມ</h3><p>ຄຳວ່າ "ລາຍງານ" ໝາຍເຖິງການບອກຄົນອື່ນກ່ຽວກັບບາງສິ່ງບາງຢ່າງທີ່ເກີດຂື້ນ, ມັກຈະໃຫ້ລາຍລະອຽດກ່ຽວກັບເຫດການນັ້ນ. ບົດລາຍງານສາມາດເວົ້າຫລືຂຽນໄດ້.</p><ul><li>"ບົດລາຍງານ" ຍັງສາມາດແປເປັນ "ບອກ" ຫຼື "ອະທິບາຍ" ຫຼື "ບອກລາຍລະອຽດຂອງ."</li><li>ຄຳ ເວົ້າທີ່ວ່າ, "ລາຍງານນີ້ບໍ່ໃຫ້ໃຜ" ສາມາດແປເປັນ "ຢ່າເວົ້າກ່ຽວກັບເລື່ອງນີ້ກັບຜູ້ອື່ນ" ຫຼື "ຢ່າບອກໃຜກ່ຽວກັບເລື່ອງນີ້."</li><li>ວິທີການແປ "ບົດລາຍງານ" ສາມາດປະກອບມີ, "ຄໍາອະທິ ບາຍ" ຫລື "ເລື້ອງ" ຫລື "ບັນຊີລາຍລະອຽດ," ຂື້ນກັບສະພາບການ.</li></ul>  
reproach	<h2 id="section">@ຕຳ @ນິ</h2><h3 id="section-1">ນິຍາມ</h3><p>ການຕຳນິຕິຕຽນຜູ້ໃດຜູ້ ໜຶ່ງ ໝາຍ ເຖິງການວິພາກວິຈານຫຼືບໍ່ພໍໃຈຕໍ່ຄຸນລັກສະນະຫຼືການປະພຶດຂອງຄົນນັ້ນ. ຄຳຕຳນິແມ່ນ ຄຳເຫັນທີ່ບໍ່ດີກ່ຽວກັບບຸກຄົນ.</p><ul><li>ການເວົ້າວ່າຄົນຜູ້ໜຶ່ງແມ່ນ "ເໜືອ ຄຳ ຕຳ ນິ" ຫລື "ນອກຄຳ ຕຳນິ" ຫລື "ໂດຍບໍ່ມີຄຳຕຳນິ" ໝາຍຄວາມວ່າບຸກຄົນນີ້ປະພຶດຕົນໃນແບບທີ່ເຄົາລົບພຣະເຈົ້າແລະບໍ່ມີສິ່ງໃດທີ່ເວົ້າໄດ້ໃນການ ຕຳ ນິຕິຕຽນລາວ.</li><li>ຄຳວ່າ“ ຄຳຕຳນິ” ຍັງສາມາດແປເປັນ“ ການກ່າວຫາ” ຫລື“ ຄວາມອັບອາຍ” ຫລື“ ຄວາມ ໜ້າກຽດຊັງ”.</li><li>"ການຕຳນິ" ກໍ່ສາມາດຖືກແປເປັນ "ການຕຳນິ" ຫລື "ກ່າວຫາ" ຫລື "ວິພາກວິຈານ", ຂື້ນຢູ່ກັບບໍລິບົດ.</li></ul>  
rest	<h2 id="section">@ພັກຜ່ອນ</h2><h3 id="section-1">ນິຍາມ</h3><p>ຄຳວ່າ "ພັກຜ່ອນ" ໝາຍເຖິງການຢຸດເຊົາເຮັດວຽກເພື່ອຜ່ອນຄາຍຫຼືກັບມາມີກຳລັງແຮງ. ຄຳວ່າ“ ສ່ວນທີ່ເຫຼືອ” ໝາຍເຖິງສິ່ງທີ່ຍັງເຫຼືອ.</p><ul><li>ຍັງສາມາດເວົ້າໄດ້ວ່າ "ພັກຜ່ອນ" ຢູ່ບ່ອນໃດບ່ອນໜຶ່ງຊຶ່ງໝາຍ ຄວາມວ່າມັນ "ຢືນຢູ່" ຫລື "ນັ່ງຢູ່".</li><li>ເຮືອທີ່“ ມາພັກຜ່ອນ” ຢູ່ບ່ອນໃດບ່ອນ ໜຶ່ງໄດ້“ ຢຸດ” ຫລື“ ລົງຈອດ” ຢູ່ທີ່ນັ້ນ.</li><li>ເມື່ອຄົນຫລືສັດພັກຜ່ອນ, ມັນສາມາດໝາຍຄວາມວ່າພວກເ ຂົາກຳລັງນັ່ງຫລືນອນຢູ່ເພື່ອເຮັດໃຫ້ຕົນເອງສົດຊື່ນ.</li><li>ພຣະເຈົ້າສັ່ງໃຫ້ຊາວອິສະຣາເອນພັກຜ່ອນໃນມື້ທີເຈັດຂອງອາທິດ. ມື້ທີ່ບໍ່ເຮັດວຽກນີ້ຖືກເອີ້ນວ່າມື້ວັນສະບາໂຕ.</li><li>ການພັກຜ່ອນວັດຖຸສິ່ງໃດສິ່ງ ໜຶ່ງ ໝາຍ ຄວາມວ່າ "ວາງ" ຫຼື "ວາງ" ຢູ່ບ່ອນນັ້ນ.</li></ul><h3 id="section-2">ຄຳແນະນຳໃນການແປ</h3><ul><li>ຂຶ້ນຢູ່ກັບບໍຣິບົດ, "ການພັກຜ່ອນ</li></ul>  
restore	<h2 id="section">@ຟື້ນຟູ, @ການຟື້ນຟູ</h2><h3 id="section-1">ນິຍາມ</h3><p>ຂໍ້ກຳນົດ“ ການຟື້ນຟູ” ແລະ“ ການຟື້ນຟູ” ໝາຍເຖິງການເຮັດໃຫ້ບາງສິ່ງບາງຢ່າງກັບສູ່ສະພາບເດີມແລະມີສະພາບດີຂື້ນ.</p><ul><li>ເມື່ອພາກສ່ວນຂອງຮ່າງກາຍທີ່ມີພະຍາດໄດ້ຮັບການຟື້ນຟູ, ນີ້ ໝາຍ ຄວາມວ່າມັນໄດ້“ ຫາຍດີແລ້ວ”.</li><li>ສາຍພົວພັນທີ່ແຕກຫັກທີ່ຖືກຟື້ນຟູ, ໄດ້ "ໄດ້ຮັບການຄືນດີກັນ." ພຣະເຈົ້າຊົງຟື້ນຟູຄົນທີ່ເຮັດບາບແລະ ນຳ ພວກເຂົາຄືນມາສູ່ຕົວເອງ.</li><li>ຖ້າປະຊາຊົນໄດ້ຮັບການຟື້ນຟູຄືນສູ່ປະເທດທີ່ຢູ່ອາໃສຂອງພວກເຂົາມັນຫມາຍຄວາມວ່າພວກເຂົາໄດ້ຖືກ "ນໍາກັບຄືນ" ຫຼື "ກັບຄືນ" ກັບປະເທດນັ້ນ.</li></ul><h3 id="section-2">ຄຳແນະນຳໃນການແປ</h3><ul><li>ອີງຕາມສະພາບການ, ວິທີການແປ "ການຟື້ນຟູ" ອາດປະກອບມີ: "ຕໍ່ ໃໝ່" ຫລື "ຈ່າຍຄືນ" ຫລື "ກັບຄືນ" ຫລື "ຮັກສາ" ຫລື"ນຳ ກັບຄືນມາ."</li><li>ຄຳເວົ້າສຳລັ ຄຳນີ້ອາດແມ່ນ "ສ້າງໃໝ່" ຫລື "ສ້າງໃໝ່ໃຫ້ ໃໝ່."</li><li>ອີງຕາມສະພາບການ, "ການຟື້ນຟູ," ສາມາດແປເປັນ "ການຕໍ່ອາຍຸ" ຫລື "ການຮັກສາ" ຫລື "ການປອງດອງ."</li></ul>  
resurrection	<h2 id="section">@ຟື້ນຄືນຊີວິດ</h2><h3 id="section-1">ນິຍາມ</h3><p>ຄຳວ່າ“ ຟື້ນຄືນຊີວິດ” ໝາຍເຖິງການກະທຳທີ່ຈະມີຊີວິດອີກຄັ້ງ ໜຶ່ງຫຼັງຈາກທີ່ຕາຍໄປ.</p><ul><li>ການປຸກຄົນອື່ນໃຫ້ມີຊີວິດໝາຍເຖິງການເຮັດໃຫ້ຄົນນັ້ນກັບຄືນມາມີຊີວິດອີກຄັ້ງ. ມີແຕ່ພຣະເຈົ້າເທົ່ານັ້ນທີ່ມີອຳນາດເຮັດສິ່ງນີ້.</li><li>ຄຳວ່າ“ ການຄືນມາຈາກຕາຍ” ມັກຈະໝາຍເຖິງການກັບຄືນມາຂອງພຣະເຢຊູຫຼັງຈາກທີ່ລາວຕາຍ.</li><li>ເມື່ອພຣະເຢຊູກ່າວວ່າ“ ເຮົາເປັນການຄືນມາຈາກຕາຍແລະເປັນຊີວິດ” ພຣະອົງໝາຍຄວາມວ່າພຣະອົງເປັນຜູ້ທີ່ມາຈາກການກັບຄືນມາຈາກຕາຍແລະເປັນຜູ້ທີ່ເຮັດໃຫ້ຜູ້ຄົນກັບຄືນມາມີຊີວິດອີກ.</li></ul><h3 id="section-2">ຄຳແນະນຳໃນການແປ</h3><ul><li>ຄຳວ່າ "ການຟື້ນຄືນຊີວິດ" ຍັງສາມາດແປເປັນ "ການກັບຄືນສູ່ຊີວິດ" ຫລື "ການມີຊີວິດອີກຄັ້ງຫລັງຈາກທີ່ຕາຍແລ້ວ."</li><li>ຄວາມໝາຍທີ່ແທ້ຈິງຂອງຄຳນີ້ແມ່ນ“ ການລຸກຂຶ້ນ” ຫລື“ ການກະທຳທີ່ຖືກຍົກຂຶ້ນມາ</li></ul>  
return	<h2 id="section">@ກັບຄືນ</h2><h3 id="section-1">ນິຍາມ</h3><p>ຄຳວ່າ "ກັບຄືນ" ໝາຍເຖິງການກັບໄປຫລືໃຫ້ສິ່ງໃດສິ່ງໜຶ່ງກັບຄືນ.</p><ul><li>ເພື່ອ“ ກັບຄືນສູ່” ບາງສິ່ງບາງຢ່າງໝາຍຄວາມວ່າເລີ້ມຕົ້ນເຮັດກິດຈະ ກຳ ນັ້ນອີກ.</li><li>ເມື່ອຊາວອິສະຣາເອນກັບຄືນສູ່ການນະມັດສະການຮູບເຄົາລົບ, ພວກເຂົາກໍ່ເລີ້ມນະມັດສະການພວກນັ້ນອີກ.</li><li>ໃນເວລາທີ່ພວກເຂົາກັບຄືນສູ່ ພຣະເຈົ້າຢາເວ, ພວກເຂົາໄດ້ກັບໃຈແລະໄດ້ນະມັດສະການ ພຣະເຈົ້າຢາເວອີກຄັ້ງ.</li><li>ການທີ່ຈະສົ່ງຄືນທີ່ດິນຫລືສິ່ງຂອງທີ່ຖືກເອົາຫຼືໄດ້ຮັບຈາກຜູ້ອື່ນ ໝາຍຄວາມວ່າຈະມອບຊັບສິນນັ້ນຄືນໃຫ້ບຸກຄົນທີ່ເປັນເຈົ້າຂອງ.</li><li>ຄຳວ່າ "ກັບຄືນ" ສາມາດແປເປັນ, "ກັບຄືນ" ຫລື "ໃຫ້ຄືນ"  ຫຼື"ເລີ່ມຕົ້ນເຮັດອີກເທື່ອ ໜຶ່ງ."</li></ul>  
reuben	<h2 id="section">@ຣູເບັນ</h2><h3 id="section-1">ຂໍ້ເທັດຈິງ</h3><p>ຣູເບັນ ແມ່ນລູກຊາຍກົກຂອງຢາໂຄບ. ແມ່ຂອງລາວຊື່ວ່າເລອາ.</p><ul><li>ເມື່ອພວກອ້າຍຂອງລາວວາງແຜນທີ່ຈະຂ້ານ້ອງຊາຍຂອງພວກເຂົາໂຢເຊັບ, ນາງ ຣູເບັນ ໄດ້ເອົາຊີວິດຂອງໂຢເຊັບໂດຍບອກໃຫ້ພວກເຂົາເອົາລາວເຂົ້າໄປໃນຂຸມອີກ.</li><li>ຕໍ່ມາຣູເບນໄດ້ກັບມາຊ່ອຍໂຢເຊັບ, ແຕ່ອ້າຍນ້ອງອື່ນໆໄດ້ຂາຍລາວໃຫ້ເປັນທາດໃຫ້ແກ່ພໍ່ຄ້າທີ່ ກຳ ລັງຜ່ານໄປ.</li><li>ເຊື້ອສາຍຂອງ ຣູເບັນ ໄດ້ກາຍເປັນ ໜຶ່ງ ໃນສິບສອງເຜົ່າຂອງອິສະຣາເອນ.</li></ul>  
reveal	<h2 id="section">@ສຳແດງ, @ການເປີດເຜີຍ</h2><h3 id="section-1">ນິຍາມ</h3><p>ຄຳວ່າ "ສຳແດງ" ໝາຍເຖິງການເຮັດໃຫ້ບາງສິ່ງບາງຢ່າງເປັນທີ່ຮູ້ຈັກ. "ການເປີດເຜີຍ" ແມ່ນສິ່ງທີ່ເຮັດໃຫ້ເປັນທີ່ຮູ້ຈັກ.</p><ul><li>ໃນພຣະຄັມພີຄຳວ່າ“ສຳແດງ ” ມັກຖືກໃຊ້ເພື່ອບັນລະຍາຍເຖິງວິທີທີ່ພຣະເຈົ້າໄດ້ເຮັດໃຫ້ຕົວເອງຮູ້ຈັກກັບຜູ້ຄົນ.</li><li>ພຣະເຈົ້າຍັງໄດ້ສຳແດງຕົວເອງໂດຍຜ່ານທຸກສິ່ງທີ່ລາວສ້າງແລະຜ່ານການສື່ສານຂອງລາວກັບຜູ້ຄົນໂດຍການເວົ້າແລະການຂຽນຂໍ້ຄວາມ.</li><li>ພຣະເຈົ້າຍັງສຳແດງຕົນເອງຜ່ານຄວາມຝັນຫລືຜ່ານນິມິດ.</li><li>ເມື່ອໂປໂລກ່າວວ່າລາວໄດ້ຮັບຂ່າວປະເສີດໂດຍ“ ການເປີດເຜີຍເລື່ອງລາວຂອງພຣະເຢຊູຄຣິດ,” ລາວໝາຍຄວາມວ່າພຣະເຢຊູເອງໄດ້ສຳແດງຂ່າວປະເສີດແກ່ລາວ.</li><li>ພຣະຄັມພີໃໝ່ "ການເປີດເຜີຍ" ແມ່ນກ່ຽວກັບພຣະເຈົ້າເປີດເຜີຍເຫດການທີ່ຈະເກີດຂື້ນໃນຍຸກສຸດທ້າຍ. ພຣະອົງໄດ້ເປີດເຜີຍເລື່ອງນີ້ຕໍ່ອັກຄະສາວົກໂຢຮັນໂດຍຜ່ານນິມິດ.</li></ul><h3 id="section-2">ຄຳແນະນຳໃນການແປ</h3><ul><li>ວິທີການອື່ນໃນການແປ "ເປີດເຜີຍ" ສາມາດປະກອບມີ, "ເຮັດໃຫ້ຮູ້ຈັກ" ຫລື "ເປີດເຜີຍ" ຫລື "ສະແດງໃຫ້ເຫັນຢ່າງຈະແຈ້ງ."</li><li>ອີງຕາມສະພາບການ, ວິທີການທີ່ເປັນໄປໄດ້ໃນການແປ "ການເປີດເຜີຍ" ອາດຈະແມ່ນ "ການສື່ສານຈາກພຣະເຈົ້າ" ຫລື "ສິ່ງທີ່ພຣະເຈົ້າໄດ້ເປີດເຜີຍ" ຫລື "ຄຳສອນກ່ຽວກັບພຣະ ເຈົ້າ." ມັນດີທີ່ສຸດທີ່ຈະຮັກສາຄວາມໝາຍຂອງ "ເປີດເຜີຍ" ໃນ ຄຳນີ້.</li><li>ປະໂຫຍກທີ່ວ່າ "ບ່ອນທີ່ບໍ່ມີການເປີດເຜີຍ" ສາມາດຖືກແປເປັນ "ໃນເວລາທີ່ພຣະເຈົ້າບໍ່ໄດ້ເປີດເຜີຍຕົວເອງຕໍ່ຜູ້ຄົນ" ຫລື "ເມື່ອພຣະເຈົ້າບໍ່ໄດ້ເວົ້າກັບຜູ້ຄົນ" ຫລື "ໃນບັນດາຄົນທີ່ພຣະເຈົ້າບໍ່ໄດ້ສື່ສານ."</li></ul>  
reverence	<h2 id="section">@ຄວາມເຄົາລົບ</h2><h3 id="section-1">ນິຍາມ</h3><p>ຄຳວ່າ "ຄວາມເຄົາລົບ" ໝາຍເຖິງຄວາມຮູ້ສຶກທີ່ມີຄວາມເຄົາລົບນັບຖືຢ່າງເລິກເຊິ່ງຕໍ່ບາງຄົນຫຼືບາງສິ່ງບາງຢ່າງ.</p><ul><li>ຄວາມຮູ້ສຶກຂອງຄວາມເຄົາລົບສາມາດເຫັນໄດ້ໃນການກະ ທຳ ທີ່ໃຫ້ກຽດແກ່ຄົນທີ່ມີຄວາມເຄົາລົບ.</li><li>ຄວາມຢ້ານກົວຂອງພຣະຜູ້ເປັນເຈົ້າແມ່ນຄວາມເຄົາລົບພາຍ ໃນເຊິ່ງສະແດງອອກໃນຕົວເອງໃນການເຊື່ອຟັງພຣະບັນຍັດຂອງພຣະເຈົ້າ.</li><li>ຄຳສັບນີ້ຍັງສາມາດຖືກແປວ່າ "ຄວາມຢ້ານກົວແລະກຽດຕິ ຍົດ" ຫລື "ຄວາມນັບຖືທີ່ຈິງໃຈ".</li></ul>  
reward	<h2 id="section">@ລາງ​ວັນ</h2><h3 id="section-1">ນິຍາມ</h3><p>ຄຳວ່າ“ ລາງວັນ” ໝາຍເຖິງສິ່ງທີ່ຄົນເຮົາໄດ້ຮັບຍ້ອນສິ່ງທີ່ລາວໄດ້ເຮັດ, ບໍ່ວ່າຈະເປັນສິ່ງທີ່ດີຫຼືບໍ່ດີ. "ໃຫ້ລາງວັນ" ຜູ້ໃດຜູ້ຫນຶ່ງແມ່ນການໃຫ້ບາງສິ່ງບາງຢ່າງທີ່ລາວສົມຄວນໄດ້ຮັບ.</p><ul><li>ລາງວັນສາມາດເປັນສິ່ງທີ່ດີຫລືບອກທີ່ຄົນໄດ້ຮັບເພາະໄດ້ເຮັດສິ່ງທີ່ດີຫລືຍ້ອນວ່າລາວໄດ້ເຊື່ອຟັງພຣະເຈົ້າ.</li><li>ບາງຄັ້ງລາງວັນອາດ ໝາຍ ເຖິງສິ່ງທີ່ບໍ່ດີເຊິ່ງອາດຈະເປັນຜົນມາຈາກການປະພຶດທີ່ບໍ່ດີ, ເຊັ່ນວ່າ ຄຳວ່າ, "ລາງວັນຂອງຄົນຊົ່ວ". ໃນສະພາບການນີ້, "ລາງວັນ"  ຫມາຍເຖິງການລົງໂທດຫຼືຜົນກະທົບທາງລົບຈາກການກະທໍາທີ່ມີບາບ.</li></ul><h3 id="section-2">ການແນະນຳໃນການແປ</h3><ul><li>ອີງຕາມສະພາບການ, ຄຳວ່າ "ລາງວັນ" ສາມາດຖືກແປເປັນ "ການຈ່າຍເງິນ" ຫລື "ບາງສິ່ງບາງຢ່າງທີ່ສົມຄວນ" ຫລື "ການລົງໂທດ."</li><li>"ເພື່ອໃຫ້ລາງວັນ" ຜູ້ໃດຜູ້ຫນຶ່ງສາມາດຖືກແປໂດຍ "ການຕອບແທນ" ຫລື "ການລົງໂທດ" ຫລື "ໃຫ້ສິ່ງທີ່ສົມຄວນ."</li><li>ຮັບປະກັນວ່າການແປ ຄຳສັບນີ້ບໍ່ໄດ້ໝາຍເຖິງຄ່າຈ້າງ. ລາງ ວັນບໍ່ແມ່ນໂດຍສະເພາະກ່ຽວກັບການຫາເງິນເຊິ່ງເປັນສ່ວນ ໜຶ່ງຂອງວຽກ.</li></ul>  
righteous	<h2 id="section">@ຊອບທັມ, @ຄວາມຊອບ @ທັມ</h2><h3 id="section-1">ນິຍາມ</h3><p>ຄຳ ວ່າ "ຊອບ ທັມ" ແລະ "ຄວາມຊອບ ທັມ" ໝາຍ ເຖິງຄວາມດີ, ຄວາມຍຸດຕິທັມ, ຄວາມສັດຊື່ແລະຄວາມຮັກຂອງພຣະເຈົ້າ. ເພາະວ່າພຣະເຈົ້າທ່ຽງ ທັມ ລາວຕ້ອງຕັດສິນລົງໂທດບາບ.</p><ul><li>ຂໍ້ກຳນົດເຫຼົ່ານີ້ຍັງຖືກນຳໃຊ້ເລື້ອຍໆເພື່ອພັນລະນາເຖິງຄົນທີ່ເຊື່ອຟັງພຣະເຈົ້າແລະມີສິນລະທັມ. ເຖິງຢ່າງໃດກໍ່ຕາມ, ຍ້ອນວ່າທຸກຄົນໄດ້ເຮັດບາບ, ບໍ່ມີໃຜຍົກເວັ້ນພຣະເຈົ້າທີ່ຊອບທັມໝົດ.</li><li>ຕົວຢ່າງຂອງຄົນທີ່ພຣະຄັມພີເອີ້ນວ່າ "ຊອບທັມ" ປະກອບມີ ໂນອາ, ໂຢບ, ອັບຣາຮາມ, ຊາກາລີຢາ, ແລະເອລີຊາເບັດ.</li><li>ເມື່ອຜູ້ຄົນໄວ້ວາງໃຈໃນພຣະເຢຊູເພື່ອຊ່ວຍພວກເຂົາ, ພຣະເຈົ້າໄດ້ ຊຳ ລະລ້າງພວກເຂົາຈາກບາບຂອງພວກເຂົາແລະປະກາດວ່າພວກເຂົາເປັນຄົນຊອບທັມ ໂດຍອີງໃສ່ຄວາມຊອບທັມ ຂອງພຣະເຢຊູ.</li></ul><h3 id="section-2">ຄຳແນະນຳໃນການແປ</h3><ul><li>ເມື່ອກ່າວເຖິງພຣະເຈົ້າ, ຄຳວ່າ "ຊອບທັມ" ສາມາດຖືກແປວ່າ "ດີເລີດແລະທ່ຽງທັມ" ຫລື "ປະຕິບັດຢ່າງຖືກຕ້ອງສະເໝີ ໄປ."</li><li>"ຄວາມຊອບທັມ" ຂອງພຣະເຈົ້າຍັງສາມາດແປເປັນ "ຄວາມຊື່ສັດທີ່ສົມບູນແບບແລະຄວາມດີງາມ."</li><li>ເມື່ອເວົ້າເຖິງຄົນທີ່ເຊື່ອຟັງພຣະເຈົ້າ, ຄຳວ່າ "ຊອບທັມ" ຍັງສາມາດແປວ່າ "ສົມບັດສິນທັມ" ຫລື "ທ່ຽງທັມ" ຫລື "ດຳລົງຊີ ວິດທີ່ເຮັດໃຫ້ພຣະເຈົ້າພໍໃຈ."</li><li>ປະໂຫຍກທີ່ວ່າ "ຄົນຊອບທັມ" ຍັງສາມາດແປເປັນ "ຄົນຊອບທັມ" ຫລື "ຄົນທີ່ເຄົາລົບພຣະເຈົ້າ."</li><li>ອີງຕາມສະພາບການ, "ຄວາມຊອບທັມ" ຍັງສາມາດແປດ້ວຍ ຄຳສັບຫລືປະໂຫຍກທີ່ມີຄວາມໝາຍວ່າ "ຄວາມດີ" ຫລື "ດີ ເລີດຕໍ່ໜ້າພຣະເຈົ້າ" ຫລື "ປະຕິບັດໃນທາງທີ່ຖືກຕ້ອງໂດຍການເຊື່ອຟັງພຣະເຈົ້າ" ຫລື "ເຮັດດີຢ່າງສົມບູນ</li><li>ບາງຄັ້ງ "ຄົນຊອບທັມ" ຖືກໃຊ້ເປັນຕົວເລກແລະໝາຍເຖິງ "ຄົນທີ່ຄິດວ່າຕົນເປັນຄົນດີ" ຫລື "ຄົນທີ່ເບິ່ງຄືວ່າເປັນຄົນຊອບທັມ."</li></ul>  
righthand	<h2 id="section">@ມື​ຂວາ,ເບື້ອງຂວາ</h2><h3 id="section-1">ນິຍາມ</h3><p>ຄຳສະແດງທີ່ເປັນຕົວເລກທີ່ວ່າ "ມືຂວາ" ໝາຍ ເຖິງສະຖານທີ່ແຫ່ງກຽດຕິຍົດຫລື ກຳ ລັງທີ່ຢູ່ເບື້ອງຂວາຂອງຜູ້ປົກຄອງຫລືບຸກຄົນ ສຳ ຄັນອື່ນໆ.</p><ul><li>ມືຂວາກໍ່ຖືກໃຊ້ເປັນສັນຍາລັກຂອງ ອຳ ນາດ, ສິດ ອຳ ນາດ, ຫລື ກຳ ລັງແຮງ.</li><li>ພຣະຄັມພີພັນລະນາວ່າພຣະເຢຊູຄຣິດນັ່ງ“ ຢູ່ເບື້ອງຂວາມືຂອງ” ພະເຈົ້າພະບິດາໃນຖານະເປັນຫົວໜ້າຂອງຮ່າງກາຍຂອງຜູ້ທີ່ເຊື່ອ  (ຄຣິສຕະຈັກ) ແລະເປັນຜູ້ຄວບຄຸມເປັນຜູ້ປົກຄອງການສ້າງທັງໝົດ.</li><li>ມືຂວາຂອງຄົນຖືກໃຊ້ເພື່ອສະແດງກຽດຕິຍົດພິເສດເມື່ອຖືກໃສ່ເທິງຫົວຂອງຜູ້ໃດຜູ້ ໜຶ່ງ ທີ່ໄດ້ຮັບພອນ (ຄືກັບວ່າພໍ່ຂອງຍາໂຄບໄດ້ອວຍພອນອີຟະຣາລູກຊາຍຂອງໂຢເຊັບ).</li><li>ການ“ ຮັບໃຊ້ຢູ່ເບື້ອງຂວາມື” ຂອງຜູ້ໃດຜູ້ໜຶ່ງໝາຍຄວາມວ່າ ເປັນຜູ້ທີ່ມີການຮັບໃຊ້ໂດຍສະເພາະແລະມີຄວາມສຳຄັນຕໍ່ບຸກ ຄົນນັ້ນ.</li></ul><h3 id="section-2">ຄຳແນະນຳໃນການແປ</h3><ul><li>ບາງຄັ້ງຄຳວ່າ "ມືຂວາ" ທີ່ຮູ້ໜັງສືກໍ່ໝາຍເຖິງມືຂວາຂອງຄົນ, ຄືກັບວ່າທະຫານໂຣມໄດ້ເອົາພະນັກງານເຂົ້າໄປໃນມືຂວາຂອງພຣະເຢຊູເພື່ອເຢາະເຍີ້ຍລາວ. ສິ່ງນີ້ຄວນຖືກແປໂດຍໃຊ້ຄຳສັບທີ່ພາສາໃຊ້ເພື່ອອ້າງອີງໃສ່ມືນີ້.</li><li>ກ່ຽວກັບການນຳໃຊ້ຕົວເລກ, ຖ້າສຳນວນທີ່ປະກອບມີຄຳວ່າ "ມືຂວາ" ບໍ່ມີຄວາມໝາຍດຽວກັນກັບພາສາໂຄງການ, ຫຼັງຈາກນັ້ນໃຫ້ພິຈາລະນາວ່າພາສານັ້ນມີການສະແດງອອກທີ່ມີຄວາມ ໝາຍ ດຽວກັນຫຼືບໍ່.</li><li>ສຳນວນທີ່ວ່າ "ຢູ່ເບື້ອງຂວາມື" ສາມາດຖືກແປວ່າ "ຢູ່ເບື້ອງຂວາ" ຫລື "ໃນສະຖານທີ່ທີ່ມີກຽດຕິຍົດຂ້າງ" ຫລື "ໃນຖານະຂອງຄວາມເຂັ້ມແຂງ" ຫລື "ພ້ອມທີ່ຈະຊ່ວຍເຫຼືອ."</li><li>ວິທີການແປ "ດ້ວຍມືຂວາຂອງລາວ" ສາມາດປະກອບມີ, "ກັບສິດອໍານາດ" ຫລື"ໃຊ້ອໍານາດ" ຫລື "ດ້ວຍຄວາມເຂັ້ມແຂງທີ່ຫນ້າຕື່ນຕາຕື່ນໃຈຂອງລາວ."</li><li>ຄຳສະແດງທີ່ເປັນຕົວເລກທີ່ວ່າ "ມືຂວາແລະແຂນອັນແຮງຂອງພຣະອົງ" ໃຊ້ສອງທາງໃນການເນັ້ນໜັກເຖິງອຳນາດແລະ ກຳລັງທີ່ຍິ່ງໃຫຍ່ຂອງພຣະເຈົ້າ. ວິທີໜຶ່ງທີ່ຈະແປຄວາມໝາຍນີ້ອາດແມ່ນ "ພະລັງແລະຄວາມສາມາດອັນຍິ່ງໃຫຍ່ຂອງພຣະອົງ."</li></ul>  
rimmon	<h2 id="section">@ຣິມໂມນ</h2><h3 id="section-1">ຂໍ້ເທັດຈິງ</h3><p>ຣິມໂມນແມ່ນຊື່ຂອງຜູ້ຊາຍແລະຫຼາຍໆສະຖານທີ່ໆກ່າວເຖິງໃນ ພຣະຄັມພີ. ມັນຍັງແມ່ນຊື່ຂອງພຣະເຈົ້າປອມ.</p><ul><li>ຊາຍຄົນໜຶ່ງຊື່ວ່າຣິມໂມນເປັນຄົນເບັນຢາມິນຈາກເມືອງເບັດໂບັດໃນເມືອງ ເສບູລູນ. ພວກລູກຊາຍຂອງຊາຍຄົນນີ້ໄດ້ຂ້າ ອີໂບເຊ, ລູກຊາຍທີ່ຖືກຂັງຂອງໂຍນາທານ.</li><li>ເມືອງ ຣິມໂມນ ແມ່ນເມືອງໜຶ່ງໃນພາກໃຕ້ຂອງຢູດາ, ໃນພາກພື້ນທີ່ຄອບຄອງໂດຍຊົນເຜົ່າຂອງເບັນຢາມິນ.</li><li>"ຫີນຂອງ ຣິນໂມນ" ແມ່ນສະຖານທີ່ປອດພັຍບ່ອນທີ່ຊາວເບັນ ຢາມິນໄດ້ໜີຈາກການຖືກຂ້າຕາຍໃນການສູ້ຮົບ.</li><li>ຣິນໂມນ-ເປເລດ ແມ່ນສະຖານທີ່ທີ່ບໍ່ຮູ້ຈັກໃນຖິ່ນແຫ້ງແລ້ງກັນດານຢູເດຍ.</li><li>ທ່ານນາມານຜູ້ບັນຊາການຊາວຊີເຣຍກ່າວເຖິງວິຫານຂອງພຣະເຈົ້າ ຮິນໂມນທີ່ບໍ່ຖືກຕ້ອງ, ບ່ອນທີ່ກະສັດແຫ່ງປະເທດຊີເຣຍເຄົາລົບບູຊາ.</li></ul>  
robe	<h2 id="section">@ເສື້ອຄຸມ</h2><h3 id="section-1">ນິຍາມ</h3><p>ເສື້ອຍາວແມ່ນເຄື່ອງນຸ່ງຊັ້ນນອກທີ່ມີແຂນຍາວເຊິ່ງສາມາດໃສ່ໄດ້ທັງຊາຍແລະຍິງ. ມັນຄ້າຍຄືກັນກັບເປືອກຫຸ້ມນອກ.</p><ul><li>ເສື້ອຄຸມແມ່ນເປີດຢູ່ທາງໜ້າ ແລະຖືກມັດດ້ວຍມັດຫລືເຂັມຂັດ.</li><li>ພວກເຂົາສາມາດຍາວຫຼືສັ້ນໃນຄວາມຍາວ.</li><li>ເສື້ອຄຸມສີມ່ວງໄດ້ຖືກໃສ່ໂດຍກະສັດເພື່ອເປັນເຄື່ອງ ໝາຍ ຂອງລາຊະການ, ຄວາມຮັ່ງມີ, ແລະກຽດຕິຍົດ.</li></ul>  
rod	<h2 id="section">@ແສ້, @ໄມ້ແສ້</h2><h3 id="section-1">ນິຍາມ</h3><p>ຄຳ ວ່າ“ ໄມ້ແສ້” ໝາຍ ເຖິງເຄື່ອງມືທີ່ຄ້າຍຄືແຄບ, ແຂງ, ແລະແຂງເຊິ່ງໃຊ້ໃນຫຼາຍວິທີທາງທີ່ແຕກຕ່າງກັນ. ຢ່າງຫນ້ອຍມັນອາດຈະເປັນໄມ້ໃນຄວາມຍາວປະມານແມັດ.</p><ul><li>ຄົນລ້ຽງແກະໃຊ້ໄມ້ຄ້ອນເທົ້າເພື່ອປ້ອງກັນຝູງແກະຈາກສັດອື່ນໆ. ມັນຍັງຖືກໂຍນລົງສູ່ຝູງແກະທີ່ຫລົງທາງເພື່ອເອົາມັນກັບມາຝູງແກະ.</li><li>ໃນເພງສັນລະເສີນບົດທີ 23, ກະສັດດາວິດໄດ້ໃຊ້ ຄຳວ່າ, "ໄມ້ ເທົ້າ" ແລະ "ພະນັກງານ" ເປັນຄຳປຽບທຽບເພື່ອກ່າວເຖິງການຊີ້ ນຳ ແລະການຕີສອນຂອງພຣະເຈົ້າສຳລັບປະຊາຊົນຂອງພຣະ ອົງ.</li><li>ໄມ້ເທົ້າຂອງຜູ້ລ້ຽງແກະຍັງຖືກໃຊ້ເພື່ອນັບແກະໃນຂະນະທີ່ພວກມັນຜ່ານມັນໄປ.</li><li>ການສະແດງແບບປຽບທຽບອີກຢ່າງ ໜຶ່ງ, "ໄມ້ຕີເຫຼັກ," ໝາຍ ເຖິງການລົງໂທດຂອງພຣະເຈົ້າສຳລັບຄົນທີ່ກະບົດຕໍ່ລາວແລະເຮັດສິ່ງທີ່ຊົ່ວ.</li><li>ໃນສະ ໄໝ ບູຮານ, ການວັດແທກເຊືອກເຮັດດ້ວຍໂລຫະ, ໄມ້ຫລືຫີນແມ່ນໃຊ້ເພື່ອວັດແທກຄວາມຍາວຂອງອາຄານຫລືວັດຖຸ.</li><li>ໃນພຣະຄັມພີໄມ້ຄ້ອນໄມ້ຍັງຖືກເອີ້ນວ່າເປັນເຄື່ອງມືໃນການຕີສອນເດັກນ້ອຍ.</li></ul>  
rome	<h2 id="section">@ໂຣມ, @ໂຣມັນ</h2><h3 id="section-1">ຂໍ້ເທັດຈິງ</h3><p>ໃນສະໄໝພຣະຄັມພີໃໝ່, ເມືອງໂຣມເປັນສູນກາງຂອງຈັກ ກະພັດໂຣມັນ. ດຽວນີ້ມັນເປັນເມືອງຫລວງຂອງປະເທດອີຕາລີທີ່ທັນສະ ໄໝ.</p><ul><li>ຈັກກະພັດໂຣມັນໄດ້ປົກຄອງທຸກຂົງເຂດອ້ອມແອ້ມທະເລເມດິເເຕຣາເນ, ຮ່ວມທັງອິສະຣາເອນ.</li><li>ຄຳວ່າ "ໂຣມັນ" ໝາຍ ເຖິງສິ່ງໃດໜຶ່ງທີ່ກ່ຽວຂ້ອງກັບຂົງເຂດຕ່າງໆທີ່ຣັຖະບານໃນນະຄອນໂຣມຄວບຄຸມລວມທັງພົນ ລະ ເມືອງແລະເຈົ້າໜ້າທີ່ໂຣມັນ.</li><li>ອັກຄະສາວົກໂປໂລຖືກພາໄປເມືອງໂຣມໃນຖານະເປັນນັກໂທດເພາະລາວປະກາດຂ່າວດີກ່ຽວກັບພຣະເຢຊູ.</li><li>ປື້ມພຣະຄັມພີ ໃໝ່ຂອງ "ໂຣມ" ແມ່ນຈົດໝາຍທີ່ໂປໂລຂຽນເຖິງຄຣິສະຕຽນໃນເມືອງໂຣມ.</li></ul>  
royal	<h2 id="section">@ກ່ຽວກັບກະສັດ, @ກ່ຽວກັບຣາດຊະວົງ</h2><h3 id="section-1">ນິຍາມ</h3><p>ຄຳວ່າ "ກ່ຽວກັບກະສັດ" ອະທີບາຍເຖິງຄົນຫຼືສິ່ງຂອງທີ່ກ່ຽວຂ້ອງກັບກະສັດຫຼືຣາຊີນີ.</p><ul><li>ຕົວຢ່າງສິ່ງຂອງທີ່ຮຽກໄດ້ວ່າ "ກ່ຽວກັບກະສັດ" ລວມໄປເຖິງເສື້ອຜ້າຂອງກະສັດ, ຣາດຊະວັງ, ບັນລັງ,ຫຼືມຸງກຸດ.</li><li>ກະສັດຫຼືຣາຊີນີໂດຍທົ່ວໄປແລ້ວຈະຢູ່ໃນພຣະຣາຊະວັງ.</li><li>ກະສັດຈະສວມໃສ່ເສື້ອຜ້າພິເສດ ບາງທີຈະຮຽກວ່າ "ເສື້ອຄຸມກະສັດ" ຫຼາຍໆຄັ້ງເສື້ອຄຸມຂອງກະສັດຈະເປັນສີມ່ວງ ຊຶ່ງຫາຍາກແລະເປັນສີຍ້ອມຊະນິດແພງ.</li><li>ໃນພັນທະສັນຍາໃໝ່ ຜູ້ເຊື່ອໃນພຣະເຢຊູ ຖືກເອີ້ນມາ "ຣາຊະປະໂຣຫິດ" ວິທີອື່ນທີ່ຈະແປຄຳນີ້ສາມາດລວມເຖິງ "ປະໂຣຫິດ ຜູ້ບົວລະບັດພຣະເຈົ້າອົງກະສັດ" ຫຼືຜູ້ຖືກເອີ້ນມາໃຫ້ເປັນປະໂຣຫິດເພື່ອພຣະເຈົ້າອົງກະສັດ.</li><li>ຄຳວ່າ "ກ່ຽວກັບກະສັດ" ສາມາດແປໄດ້ວ່າ "ກ່ຽວກັບຣາຊະວົງ" ຫຼື "ເປັນຂອງກະສັດ."</li></ul>  
ruin	<h2 id="section">@ທຳລາຍ, @ຊາກປະຫຼັກຫັກພັງ</h2><h3 id="section-1">ນິຍາມ</h3><p>ການ "ທຳລາຍ" ຂອງບາງສິ່ງຂອງບາງຢ່າງ ໝາຍເຖິງການທຳລາຍໃຫ້ເສຍ ທຳລາຍຫຼືທຳໃຫ້ໄຮ້ປະໂຫຍດ ຄຳວ່າ "ຊາກປະຫຼັກຫັກພັງ" ອ້າງເຖິງເສດຊາກແລະສິ່ງຕ່າງໆທີ່ຖືກທຳລາຍແລ້ວແຕ່ມີທີ່ຍັງເຫຼືອຢູ່.</p><ul><li>ຜູ້ປະກາດພຣະຄັມ ເຊຟານີຢາ ໄດ້ເວົ້າເຖິງວັນແຫ່ງຄວາມໂກດຮ້າຍຂອງພຣະເຈົ້າດັ່ງເຊ້່ນ "ວັນແຫ່ງການທຳລາຍ" ເມື່ອວັນທີ່ໂລກນີ້ຈະຖືກພິພາກສາແລະລົງໂທດ.</li><li>ພຣະຄັມສຸພາສິດກ່າວວ່າການທຳລາຍແລະຄວາມພິນາດລໍຄອຍຄົນທັງຫຼາຍທີ່ບໍ່ຊອບທັມ.</li><li>ຂຶ້ນຢູ່ກັບບໍຣິບົດ "ການທຳລາຍ" ສາມາດແປໄດ້ວ່າ "ການທຳໃຫ້ພິນາດຈິບຫາຍ" ຫຼື "ການທຳໃຫ້ເສຍຫາຍ" ຫຼື "ທຳໃຫ້ໄຮ້ປະໂຫຍດ" ຫຼື "ທຳໃຫ້ແຕກພັງ."</li><li>ຄຳວ່າ "ທຳລາຍ" ຫຼື "ຊາກປະຫຼັກຫັກພັງ" ສາມາດແປໄດ້ເປັນ "ເສດເລັກເສດນ້ອຍ" ຫຼື "ອາຄານທີ່ພັງທະລາຍ" ຫຼື "ເມື່ອຖືກທຳລາຍ" ຫຼື "ການລ້າງຜານ" ຫຼື "ຄວາມພິນາດ" ຂຶ້ນຢູ່ກັບບໍຣິບົດ.</li></ul>  
ruler	<h2 id="section">@ຜູ້ປົກຄອງ, @ຜູ້ປົກຄອງຫຼາຍຄົນ, @ຄອບຄອງ</h2><h3 id="section-1">ນິຍາມ</h3><p>ຄຳວ່າ "ຜູ້ປົກຄອງ" ທົ່ວໄປຈະເປັນການອ້າງອີງເຖິງບຸກຄົນທີ່ມີອຳນາດເໜືອຄົນອື່ນ ເຊັ່ນຜູ້ນຳຂອງປະເທດ, ອານາຈັກ,ຫຼືກຸ່ມສາດສະໜາ.</p><ul><li>ໃນພັນທະສັນຍາເດີມ ກະສັດຍັງຖືກອ້າງເຖິງດ້ວຍຄຳທົ່ວໄປວ່າ "ຜູ້ປົກຄອງ" ເຊັ່ນດຽວກັບໃນຄຳເວົ້າທີ່ວ່າ  "ແຕ່ງຕັ້ງພຣະອົງໃຫ້ເປັນຜູ້ປົກຄອງເໜືອອິສະຣາເອນ."</li><li>ພຣະເຈົ້າຖືກອ້າງອີງວ່າເປັນຜູ້ປົກຄອງສູງສຸດ, ຜູ້ທີ່ປົກຄອງເໜືອຜູ້ປົກຄອງອື່ນໆທັງສິ້ນ.</li><li>ໃນພັນທະສັນຍາໃໝ່ ຜູ້ນຳຂອງສາລາໂຮງທັມເອີ້ນວ່າ "ຜູ້ປົກຄອງ".</li><li>ຜູ້ຄອບຄອງແບບອື່ນໃນພັນທະສັນຍາໃໝ່ຄື "ເຈົ້າເມືອງ."</li><li>ຂຶ້ນຢູ້ກັບບໍຣິບົດຄຳວ່າ "ຜູ້ປົກຄອງ" ສາມາດແປໄດ້ວ່າ "ຜູ້ນຳ" ຫຼື "ຜູ້ມີອຳນາດເໜືອ."</li><li>ການກະທຳໃນ "ການປົກຄອງ" ໝາຍເຖິງການ "ນຳ" ການ "ມີອຳນາດເໜືອ" ນີ້ຄືຄວາມໝາຍຢ່າງດຽວກັບ "ການຄອງຣາຊ" ເມື່ອອ້າງເຖິງການປົກຄອງຂອງກະສັດ.</li></ul>  
run	<h2 id="section">@ແລ່ນ, @ການແລ່ນ</h2><h3 id="section-1">ນິຍາມ</h3><p>ຕາມຕົວອັກສອນຄຳວ່າ "ແລ່ນ" ອ້າງເຖິງການເຄື້ອນທີ່ດ້ວຍຕີນຢ່າງວ່ອງໄວ,ໂດຍທົ່ວໄປຈະກ້າວຕີນໄວກ່ວາການຍ່າງ.ຄວາມໝາຍຫຼັກຂອງຄຳວ່າ "ແລ່ນ" ຍັງໃຊ້ໃນສຳນວນແບບປຽບທຽບດັ່ງຕໍ່ໄປນີ້ດ້ວຍເຊັ່ນກັນ.</p><ul><li>"ແລ່ນຢ່າງທີ່ຈະຄ້ວາເອົາລາງວັນ" ອ້າງເຖິງ ບາກບັ່ນໃນການກະທຳຕາມພຣະປະສົງຂອງພຣະເຈົ້າເໝືອນກັບການບາກບັ່ນແລ່ນແຂ່ງເພື່ອໄຊຊະນະ.</li><li>"ແລ່ນໃນທາງແຫ່ງພຣະບັນຍັດຂອງທ່ານ" ໝາຍເຖິງ ເຊື່ອຟັງພຣະບັນຍັດຂອງພຣະເຈົ້າດ້ວຄວາມຍິນດີແລະຢ່າງທັນທີທັນໃດ.</li><li>"ຕິດຕາມພຣະອື່ນໆ" ໝາຍເຖິງຢັ້ງຢືນໃນການນະມັດສະການພຣະອື່ນໆ.</li><li>"ຂ້າພະເຈົ້າແລ່ນເຂົ້າມາຫາພຣະອົງເພື່ອລີ້ຊ່ອນຂ້າພະເຈົ້າ ໝາຍເຖິງການຫັນໄປຫາພຣະເຈົ້າຢ່າງໄວວາເພື່ອການລີ້ພັຍແລະຄວາມປອດພັຍເມື່ອຕ້ອງພົບກັບຄວາມຍາກລຳບາກ.</li></ul><p>ຄວາມໝາຍໃນທາງປຽບທຽບອື່ນໆຂອງຄຳວ່າ "ແລ່ນ":</p><ul><li>ນ້ຳແລະຂອງແຫຼວອື່ນໆ ຢ່າງເຊັ່ນນ້ຳຕາ,ເລືອດ,ເຫື່ອ,ແລະແມ່ນ້ຳຈະຖືກເວົ້າວ່າ "ແລ່ນ," ນີ້ສາມາດແປໄດ້ວ່າ "ໄຫຼ."</li><li>ເຂດແດນຂອງປະເທດຫຼືຂອບເຂດໄດ້ຖືກເວົ້າວ່າ "ແລ່ນຂະໜານ" ແມ່ນ້ຳຫຼືເຂດແດນຂອງປະເທດອື່ນ ສາມາດແປໄດ້ວ່າ "ຂອບເຂດຂອງມັນຢູ່ຕິດກັບ" ຫຼື "ຊາຍແດນຂອງ."</li><li>ແມ່ນ້ຳແລະລຳທານຕ່າງໆສາມາດ "ແລ່ນເຖິງເຫືອດແຫ້ງ" ຊຶ່ງໝາຍເຖິງວ່າບໍ່ມີນ້ຳໃນແມ່ນ້ຳແລະລຳທານອີກ, ນີ້ຍັງສາມາດແປໄດ້ວ່າ "ໄດ້ແຫ້ງໄປແລ້ວ" ຫຼື "ກາຍເປັນແຫ້ງແລ້ງໄປແລ້ວ."</li><li>ວັນແຫ່ງງານສະຫຼອງສາມາດ "ແລ່ນ" ໄປເຖິງການສິ້ນສຸດ, ຊຶ່ງໝາຍເຖິງວັນເຫຼົ່ານັ້ນ "ຜ່ານໄປແລ້ວ" ຫຼື "ເສັດສິ້ນໄປແລ້ວ" ຫຼື "ຈົບໄປແລ້ວ."</li></ul>  
ruth	<h2 id="section">@ຣຸດ</h2><h3 id="section-1">ຂໍ້ເທັດຈິງ</h3><p>ຣຸດເປັນຜູ້ຍິງຊາວໂມໄບ ທີ່ໄດ້ແຕ່ງງານກັບຜູ້ຊາຍອິສະຣາເອນແລ້ວໄດ້ຍ້າຍໄປຍັງໂມອາບພ້ອມດ້ວຍຄອບຄົວຂອງເຂົາໃນລະຍະເວລາທີ່ເຫຼົ່າຜູ້ວິນິດໃສນຳອິສະຣາເອນ.</p><ul><li>ສາມີຂອງ ຣຸດ ໄດ້ຕາຍແລະໃນຕອນຫຼັງຈາກນັ້ນນາງໄດ້ຈາກໂມອາບເພື່ອເດີນທາງໄປກັບນາງນາໂອມີແມ່ສາມີຂອງນາງຜູ້ທີ່ກັບໄປຍັງເບັດເລເຮັມ ອິສະຣາເອນບ້ານເກີດຂອງນາງ.</li><li>ຣຸດ ຊື່ສັດຕໍ່ນາໂອມີແລະທຳງານໜັກເພື່ອຈັດຫາອາຫານໃຫ້ນາງ.</li><li>ນາງຍັງອຸທິດຕົວເອງວ່າຈະຮັບໃຊ້ພຣະເຈົ້າທີ່ທ່ຽງແທ້ຂອງອິສະຣາເອນ.</li><li>ຣຸດ ໄດ້ແຕ່ງງານກັບຊາວອິສະຣາເອນຊື່ ໂບອາດແລະໃຫ້ກຳເນີດບຸດຊາຍຄົນນຶ່ງຜູ້ຊຶ່ງໄດ້ກາຍມາເປັນປູ່ຂອງກະສັດດາວິດແລະບັນພະບຸລຸດຂອງພຣະເຢຊູຄຣິດ.</li></ul>  
sabbath	<h2 id="section">@ວັນສະບາໂຕ</h2><h3 id="section-1">ນິຍາມ</h3><p>ຄຳວ່າ ”ວັນສະບາໂຕ” ແມ່ນອ້າງເຖິງວັນທີເຈັດຂອງສັບປະດາທີ່ພຣະເຈົ້າໄດ້ສັ່ງໄວ້ໃຫ້ຊາວອິສຣາເອນແຍກອອກໃຫ້ເປັນວັນໃນການພັກຜ່ອນແລະບໍ່ໃຫ້ເຮັດວຽກ.</p><ul><li>ຫລັງຈາກທີພຣະເຈົ້າໄດ້ສຳເລັດໃນການນີລະມິດສ້າງໂລກໃນວັນທີຫົກພຣະອົງຊົງພັກຜ່ອນໃນວັນທີເຈັດ ໃນທຳນອງດຽວກັນ ພຣະເຈົ້າກໍໄດ້ບັນຊາໃຫ້ຊາວອິດສະຣາເອນຕັ້ງວັນທີເຈັດໃຫ້ເປັນວັນພິເສດເພື່ອພັກຜ່ອນແລະນະມັດສະການພຣະອົງ.</li><li>ຄຳສັ່ງໃຫ້  ”ຮັກສາວັນສະບາໂຕໃຫ້ບໍລິສຸດ” ເປັນຂໍ້ນຶ່ງໃນພຣະບັນຍັດສິບປະການທີ່ພຣະເຈົ້າໄດ້ຂຽນໄວ້ໃນແຜ່ນຫີນຊຶ່ງພຣະອົງໄດ້ປະທານໃຫ້ໂມເຊໄວ້ເພື່ອຊາວອິດສະຣາເອນ.</li><li>ຕາມຫຼັກການໃນການນັບວັນຕ່າງໆຂອງຊາວຢິວ, ວັນສະບາໂຕເລີ້ມຕົ້ນໃນວັນສຸກຊ່ວງທີ່ຕາເວັນຕົກແລະໄປຈົນເຖິງວັນເສົາຕອນຕາເວັນຕົກ.</li><li>ບາງຄັ້ງໃນພຣະຄຳພີຈະເອີ້ນສະບາໂຕວ່າ ”ວັນສະບາໂຕ” ຫລາຍກວ່າແທນທີ່ຈະເອີ້ນແຕ່ສະບາໂຕ.</li></ul><p>%ຄຳແນະນຳໃນການແປ</p><ul><li>ຄຳນີ້ສາມາດແປໄດ້ວ່າ ”ວັນຢຸດພັກ” ຫຼື ”ວັນສຳລັບການຢຸດພັກ ຫຼື ວັນທີບໍ່ເຮັດວຽກຫລື ”ວັນແຫ່ງການຢຸດພັກຂອງພຣະເຈົ້າ”</li><li>ຄຳແປບາງສຳນວນໄດ້ຂຶ້ນຕົ້ນຄຳນີ້ດ້ວຍໂຕອັກສອນໃຫຍ່ເພື່ອສະແດງວ່ານີ້ເປັນວັນພິເສດເຊັ່ນ ”ວັນສະບາໂຕ” ຫລືວັນຢຸດພັກຜ່ອນ.</li><li>ໃຫ້ພິຈາລະນາວ່າຄຳນີ້ໄດ້ແປຢ່າງໃດໃນທ້ອງຖິ່ນແລະພາສາກາງ.</li></ul>  
sackcloth	<h2 id="section">@ຜ້າກະສອບ</h2><h3 id="section-1">ນິຍາມ</h3><p>ຜ້າກະສອບເປັນຜ້າທີຫຍາບ, ເປັນຜ້າຊະນິດທີ່ທຳໃຫ້ລະຄາຍເຄືອງທີ່ເຮັດຈາກຂົນແກະຫລືຂົນອູດ.</p><ul><li>ເສື້ອຜ້າທີ່ເຮັດຈາກຜ້າກະສອບຈະເຮັດໃຫ້ຄົນທີ່ນຸ່ງຫົ່ມຮູ້ສຶກບໍ່ສະດວກສະບາຍ, ເປັນການນຸ່ງຫົ່ມເພື່ອເປັນການສະແດງເຖິງຄວາມໂສກເສົ້າ,ເສຍໃຈ,ຫລືການຖ່ອມຕົວເສຍໃຈໃນຄວາມຜິດບາບ.</li><li>ຄຳເວົ້າວ່າ "ຜ້າກະສອບແລະຂີ້ເຖົ່າ" ເປັນຄຳສັບທົ່ວໄປທີ່ອ້າງເຖິງການສະແດງອອກຕາມປະເພນີຂອງຄວາມໂສກເສົ້າແລະການເສຍໃຈໃນການຜິດບາບ.</li></ul><p>%ຄຳແນະນຳໃນການແປ</p><ul><li>ຄຳນີ້ສາມາດແປວ່າ ”ຜ້າກະສອບມາຈາກຂົນສັດ” ຫຼື ”ຜ້າທີ່ເຮັດຈາກຂົນແກະ” ຫຼື ”ຜ້າທີມີຄວາມຫຍາບຄັນຄາຍ”.</li><li>ວິທີອື່ນທີ່ຈະແປຄຳນີ້ສາມາດແປລວມກັບ ”ຜ້າທີ່ຫຍາບລະຄາຍເຄືອງ”.</li><li>ຄໍາເວົ້າທີ່ວ່າ ”ນັ່ງໃນຜ້າກະສອບແລະຂີ້ເຖົ່າ” ສາມາດແປວ່າ ”ເປັນການສະແດງຄວາມໂສກເສົ້າແລະຄວາມຖ່ອມໃຈໂດຍການນຸ່ງຫົ່ມຜ້າກະສອບແລະນັ່ງເທີງຂີ້ເຖົ່າ”.</li></ul>  
sacred	<h2 id="section">@ສັກສິດ</h2><h3 id="section-1">ນິຍາມ</h3><p>ຄຳວ່າ ”ສັກສິດ” ອະທິບາຍເຖິງບາງສິ່ງບາງຢ່າງທີ່ກ່ຽວຂ້ອງກັບການນະ ມັດສະການພຣະເຈົ້າຫຼືການນະມັດສະການພະທຽມຂອງຄົນຕ່າງຊາດ.</p><ul><li>ໃນພັນທະສັນຍາເດີມຫລາຍຄັ້ງເຮົາຈະເຫັນຄຳວ່າ ”ສັກສິດ” ຈະໃຊ້ໃນອະທິບາຍເສົາຫີນແລະສິ່ງຂອງອື່ນໆທີ່ໃຊ້ໃນການນະມັດສະການພະທຽມນີ້ຍັງແປວ່າ ”ສາດສະໜາ”.</li><li>”ເພງສັກສິດ” ຫຼື "ດົນຕີສັກສິດ” ໝາຍເຖິງເພງທີຮ້ອງຫຼືຫຼິ້ນຖວາຍກຽດແດ່ພຣະສິລິພຣະເຈົ້າ ນີ້ແປໄດ້ອີກວ່າ ”ດົນຕີສຳລັບການນະມັດສະການພຣະຢາເວ” ຫຼື  ”ເພງເພື່ອສັນເສີນພຣະເຈົ້າ”.</li><li>ຄໍາທີ່ວ່າ  ”ຫນ້າທີ່ອັນສັກສິດ” ໝາຍເຖິງ ”ໜ້າທີ່ກ່ຽວກັບສາດສະນາ” ຫຼື ”ພິທີກໍາ” ທີ່ປະໂລຫິດປະຕິບັດເພື່ອນຳປະຊາຊົນໃນການນະມັດສະການພຣະເຈົ້າ ຍັງອ້າງເຖິງພິທີກໍາທີ່ກະທຳໂດຍປະໂລຫິດຕ່າງຊາດເພຶ່ອນະມັດສະການພະທຽມ.</li></ul>  
sacrifice	<h2 id="section">@ການຖະຫວາຍບູຊາ @ເຄື່ອງຖະຫວາຍບູຊາ</h2><h3 id="section-1">ນິຍາມ</h3><p>ໃນພຣະຄຳພີຄຳວ່າ ”ການຖະຫວາຍບູຊາ” ແລະ ”ເຄື່ອງຖະຫວາຍບູຊາ” ອ້າງເຖິງຂອງຂວັນພິເສດທີ່ຖວາຍໃຫ້ກັບພຣະເຈົ້າຊຶ່ງເປັນການນະມັດສະການພຣະອົງ ປະຊາຊົນຖວາຍເຄື່ອງບູຊາແດ່ພະທຽມດ້ວຍ</p><ul><li>ໂດຍທົ່ວໄປ ຄຳວ່າ “ເຄຶ່ອງຖະຫວາຍບູຊາ” ໝາຍເຖິງສິ່ງຂອງອັນໃດກໍຕາມທີ່ໄດ້ຖະຫວາຍຫຼືໄດ້ມອບໃຫ້ ຄຳວ່າ ”ການຖະຫວາຍບູຊາ” ອ້າງເຖິງຂອງບາງສິ່ງທີ່ໄດ້ມອບໃຫ້ຫຼືໄດ້ກະທຳໂດຍຜູ້ໃຫ້.</li><li>ເຄື່ອງຖະຫວາຍບູຊາແດ່ພຣະເຈົ້າເປັນສິ່ງຂອງສະເພາະທີ່ພຣະເຈົ້າຊົງບັນຊາໃຫ້ຊົນຊາດອິດສະຣາເອນຖະຫວາຍແດ່ພຣະອົງເພື່ອສະແດງຄວາມຈົງຮັກພັກດີແລະການເຊື່ອຟັງພຣະອົງ.</li><li>ຊື່ຂອງເຄຶອງຖະຫວາຍບູຊາຕ່າງໆເຊັ່ນ ”ເຄື່ອງເຜົາບູຊາ” ແລະ ”ແທນບູຊາ” ຊີ້ໃຫ້ເຮົາເຫັນວ່າເຄື່ອງຖະຫວາຍບູຊາປະເພດໃດທີ່ກຳລັງຖືກນຳມາຖະຫວາຍບູຊາຢູ່.</li><li>ເຄື່ອງບູຊາຖະຫວາຍແດ່ພຣະເຈົ້າສ່ວນຫຼາຍແມ່ນກ່ຽວຂ້ອງກັບການຂ້າສັດ</li><li>ມີພຽງແຕ່ການຖວາຍບູຊາຂອງພຣະເຢຊູທີ່ສົມບູນເພາະພຣະອົງເປັນພຣະບຸດຂອງພຣະເຈົ້າຜູ້ທີບໍ່ມີຄວາມບາບແລະສາມາດຊຳລະລ້າງຄົນທັງຫຼາຍຈາກບາບຢ່າງສົມບູນ ການບູຊາສັດບໍສາມາດເຮັດຢ່າງນັ້ນໄດ້</li><li>ມີຄຳກ່າວທີ່ປຽບທຽບວ່າ ”ຖະຫວາຍຕົວຂອງທ່ານໃຫ້ເປັນເຄື່ອງບູຊາທີ່ມີຊີວິດ ”ໝາຍຄວາມວ່າ” ໃຫ້ມີຊີວິດໃນການເຊື່ອຟັງພຣະເຈົ້າຢ່າງສົມບູນແບບ ຍອມມອບທຸກຢ່າງເພື່ອຮັບໃຊ້ພຣະອົງ.</li></ul><p>%ຄຳແນະນຳໃນການແປ</p><ul><li>ຄຳວ່າ ”ເຄຶ່ອງຖະຫວາຍບູຊາ” ສາມາດແປວ່າ “ຂອງຖະຫວາຍແດ່ພຣະເຈົ້າ”  ຫຼື  ”ບາງສິ່ງທີ່ໄດ້ມອບໃຫ້ແກ່ພຣະເຈົ້າຫຼື” ບາງສິ່ງທີ່ມີຄ່າທີ່ນຳມາສະເໜີແດ່ພຣະເຈົ້າ</li><li>ຂື້ນຢູ່ກັບກໍລະນີນັ້ນໆ ຄຳວ່າ ”ການຖະຫວາຍບູຊາ” ສາມາດແປວ່າ  ”ບາງສິ່ງທີ່ມີຄ່າທີ່ຖະຫວາຍໃນການນະມັດສະການ” ຫຼື ”ຫຼືສັດພິເສດທີ່ຖືກຂ້າເພື່ອຖວາຍແດ່ພຣະເຈົ້າ".</li><li>ການກະທຳ ”ການຖະຫວາຍບູຊາ” ສາມາດແປໄດ້ອີກວ່າ” ມອບຖະຫວາຍບາງສິ່ງທີ່ມີຄ່າ” ຫຼື ”ຂ້າສັດແລະຖະຫວາຍແດ່ພຣະເຈົ້າ”</li><li>ວິທີອື່ນທີ່ແປ ”ມອບຖະຫວາຍຕົວທ່ານເອງເປັນເຄື່ອງຖະຫວາຍບູຊາທີ່ມີຊີວິດ” ສາມາດແປວ່າ ”ຕະຫລອດທີ່ມີຊີວິດຢູ່ຈົ່ງຖະຫວາຍຕົວທ່ານເອງຕໍ່ພຣະເຈົ້າຢ່າງໝົດສິ້ນເຊັ່ນດຽວກັບສັດທີ່ຖືກຖະຫວາຍເທິງແທນບູຊາ”.</li></ul>  
sadducee	<h2 id="section">@ສະດູກາຍ</h2><h3 id="section-1">ນິຍາມ</h3><p>ພວກສະດູກາຍເປັນກຸ່ມທີ່ກ່ຽວຂ້ອງກັບການເມືອງຂອງພວກປະໂລຫິດຊາວຢີວໃນຊ່ວງເວລາຂອງພຣະເຢຊູຄຣິດເຈົ້າ ເປັນຜູ້ສະໜັບສະໜູນການປົກຄອງຂອງຊາວໂຣມແລະບໍ່ເຊື່ອໃນການເປັນຄືນມາຈາກຕາຍ</p><ul><li>ພວກສະດູກາຍຫຼາຍຄົນເປັນຄົນຮັ່ງມີ ເປັນຊາວຢິວຊັ້ນສູງແລະເປັນຜູ້ທີ່ດຳລົງຕ່ຳແໜ່ງຜູ້ນຳທີ່ມີອຳນາດ ຕົວຢ່າງເຊັ່ນ ຫົວໜ້າປະໂລຫິດແລະມະຫາປະໂລຫິດ.</li><li>ໜ້າທີ່ຂອງພວກສະດູກາຍ ລວມເຖິງການດູແລຮັກສາບໍລິເວນພຣະວິຫານແລະວຽກງານໃນໜ້າທີ່ປະໂລຫິດ ຕົວຢ່າງເຊັ່ນ ການຖະຫວາຍເຄື່ອງບູຊາ.</li><li>ພວກສະດູກາຍແລະຟາຣີຊາຍມີອິດທິພົນຢ່າງຫຼວງຫຼາຍຕໍ່ຜູ້ນຳຊາວໂລມໃນການຄຶງພຣະເຢຊູ.</li><li>ພຣະເຢຊູໄດ້ເວົ້າຕໍ່ຕ້ານພວກຜູ້ນຳທາງສາດສະໜາສອງກຸ່ມນີ້ເພາະຄວາມເຫັນແກ່ຕົວແລະການໜ້າຊື່ໃຈຄົດຂອງພວກເຂົາ.</li></ul>  
saint	<h2 id="section">@ທຳມິກະຊົນ, @ນັກບຸນ</h2><h3 id="section-1">ນິຍາມ</h3><p>ຄຳວ່າ ”ທຳມິກະຊົນ” ຕາມຕົວອັກສອນແລ້ວຫມາຍເຖິງ ”ວິສຸດທິຊົນ” ຊື່ງອ້າງເຖິງຜູ້ທີ່ເຊື່ອໃນພຣະເຢຊູ</p><ul><li>ຕໍ່ມາໃນປະຫວັດສາດຄຣິດຕະຈັກ ບຸກຄົນທີ່ຮູ້ຈັກກັນໃນຜົນງານທີດີຂອງເຂົາຈະໄດ້ຖືກຂະໜານນາມວ່າ” ທຳມິກະຊົນ” ແຕ່ນັ້ນກໍບໍ່ແມ່ນວິທີທີ່ຄຳນີ້ໄດ້ຖືກໃຊ້ໃນພຣະສັນຍາໃໝ່</li><li>ຜູ້ທີ່ເຊື່ອໃນພຣະເຢຊູເປັນທຳມິກະຊົນຫຼື ບໍລິສຸດບໍ່ແມ່ນເພາະການກຳທຳຂອງພວກເຂົາ ແຕ່ໂດຍຜ່ານທາງຄວາມເຊື່ອແຕ່ເປັນຄວາມສັດທາ ໃນການທຳງານຂອງພຣະເຢຊູຄຣິດຫລາຍກວ່າ ພຣະອົງເປັນຜູ້ທີ່ເຮັດໃຫ້ພວກເຮົາບໍລິສຸດ</li></ul><p>%ຄຳແນະນຳໃນການແປ</p><ul><li>ວິທີແປຄຳວ່າ “ທຳມິກະຊົນ” ສາມາດລວມເອົາ ”ຜູ້ບໍລິສຸດ” ຫຼື ”ປະຊາຊົນຜູ້ບໍລິສຸດ” ຫຼື”ຜູ້ເຊື່ອໃນພຣະເຢຊູ ຜູ້ບໍລິສຸດ”ຫຼື”ຜູ້ທີຖືກແຍກອອກມາ”</li><li>ໃຫ້ລະມັດລະວັງທີ່ຈະບໍ່ໃຊ້ຄຳນີ້ອ້າງເຖິງປະຊາຊົນຂອງຄຣິດສະຕຽນພຽງກຸ່ມດຽວ</li></ul>  
saltsea	<h2 id="section">@ທະເລເກືອ @ທະເລຕາຍ</h2><h3 id="section-1">ຂໍ້ເທັດຈິງ</h3><p>ທະເລເກືອ(ເອີ້ນອີກຊື່ນຶ່ງວ່າທະເລຕາຍ)ຕັ້ງຢູ່ລະຫວ່າງອິດສະຣາເອນຕອນໃຕ້ທາງທິດຕາເວັນຕົກແລະໂມອາບທາງທິດຕາເວັນອອກ.</p><ul><li>ແມ່ນ້ຳຈໍແດນໄຫລລົງທາງໃຕ້ສູ່ທະເລເກືອ.</li><li>ເນື່ອງຈາກມັນມີຂະໜາດນ້ອຍກວ່າທະເລສ່ວນຫລາຍ ຈຶ່ງສາມາດເອີ້ນວ່າ ”ທະເລເກືອ”.</li><li>ທະເລນີ້ມີຄວາມເຂັ້ມຂົ້ນຂອງແຮ່ທາດຕ່າງໆ ສູງ(ຫຼື ”ເກືອຕ່າງໆ”)ຊື່ງໝາຍຄວາມວ່າບໍ່ມີສິ່ງທີ່ມີຊີວິດຢູ່ໃນນ້ຳນີ້ໄດ້ ເປັນທີ່ມາຂອງຊື່ ”ທະເລຕາຍ”</li><li>ໃນພຣະສັນຍາເດີມ ທະເລນີ້ຍັງຖືກເອີ້ນວ່າ ”ທະເລອາຣາບາ” ແລະ ”ທະເລຂອງເນເກບ” ເພາະສະຖານທີ່ຕັ້ງຢູ່ໃກ້ກັບອາຣາບາແລະເນເກບ.</li></ul>  
salvation	<h2 id="section">@ຄວາມລອດ</h2><h3 id="section-1">ນິຍາມ</h3><p>ຄຳວ່າ ”ຄວາມລອດ”ແມ່ນອ້າງເຖິງການຊ່ວຍໃຫ້ປອດໄພຫລືການໄດ້ຮັບການຊ່ວຍກູ້ຈາກສິ່ງຊົ່ວຮ້າຍແລະອັນຕະລາຍ</p><ul><li>ໃນພຣະຄຳພີ ”ຄວາມລອດ”ໂດຍທົ່ວໄປແມ່ນອ້າງເຖິງຝ່າຍວິນຍານແລະການປົດປ່ອຍຊົ່ວນີລັນດອນທີ່ພຣະເຈົ້າປະທານໃຫ້ແກ່ຄົນເຫລົ່ານັ້ນທີ່ເສຍໃຈໃນຄວາມຜິດບາບຂອງຕົນແລະເຊື່ອໃນພຣະເຢຊູ.</li><li>ໃນພຣະຄຳພີຍັງເວົ້າກ່ຽວກັບການຊົງຊ່ວຍເຫລືອຂອງພຣເຈົ້າຫລືການປົດປ່ອຍປະຊາກອນຂອງພຣະອົງຈາກສັດຕູທາງຝ່າຍເນື່ອຫນັງຂອງພວກເຂົາ.</li></ul><p>%ຄຳແນະນຳໃນການແປ</p><ul><li>ຄຳນີ້ສາມາດແປໂດຍໃຊ້ຄຳ ”ຊ່ວຍໃຫ້ປອດໄພ” ຫລຶ ”ຊ່ວຍໃຫ້ລອດພົ້ນ”ຕົວຢ່າງເຊັ່ນໃນ” ເມື່ອພຣະເຈົ້າໄດ້ຊົງຊ່ວຍປະຊາຊົນໃຫ້ປອດໄພ”.</li></ul>  
samaria	<h2 id="section">@ສະມາເຣຍ @ຊາວສະມາເຣຍ</h2><h3 id="section-1">ຂໍ້ເທັດຈິງ</h3><p>ສະມາເຣຍ ເປັນຊື່ເມືອງແລະບໍລິເວນໂດຍຮອບໃນພາກເໜືອຂອງອິດສະຣາເອນແຖວນີ້ຕັ້ງຢູ່ລະຫວ່າງທີ່ຮາບແຫ່ງຊາລອນທາງຕາເວັນຕົກແລະແມ່ນ້ຳຈໍແດນທາງຕາເວັນອອກ.</p><ul><li>ໃນພັນທະສັນຍາເດີມ ເມືອງສະມາເຣຍເປັນເມືອງຫຼວງຂອງອານາຈັກທາງເໜືອຂອງອິດສະຣາເອນ ຕໍ່ມາແຖວທີ່ຢູ່ໂດຍຮອບກໍຖືກເອີ້ນວ່າສະມາເຣຍດ້ວຍ.</li><li>ເມື່ອຊາວອັດຊີເຣຍໄດ້ໄຊຊະນະອານາຈັກທາງເໜືອຂອງອິດສະຣາເອນແລ້ວພວກເຂົາໄດ້ຍຶດຄອງເມືອງສະມາເຣຍແລະບັງຄັບຊາວອິດສະຣາເອນສ່ວນຫລາຍທີ່ຢູ່ທາງເໜືອໃຫ້ອອກຈາກແຖວນີ້ແລະອົບພະຍົກຄົນເຫລົ່ານີ້ໄປຍັງເມື່ອງຕ່າງໆທີ່ຢູໄກໃນອັດຊີເຣຍ.</li><li>ຊາວອັດຊີເຣຍໄດ້ນຳຊາວຕ່າງຊາດຫລາຍຄົນເຂົ້າມາອາໃສຢູ່ໃນແຖວສະມາເຣຍເພື່ອເຂົ້າໄປແທນຊາວອິດສະຣາເອນທີ່ຖືກຍ້າຍອອກໄປ.</li><li>ຊາວອິດສະຣາເອນສ່ວນນຶ່ງທີ່ເຫຼືອຢູ່ໃນແຖວສະມາເຣຍໄດ້ແຕ່ງງານກັບຊາວຕ່າງຊາດທີ່ໄດ້ຍ້າຍເຂົ້າມາຢູ່ໃນທີ່ນັ້ນ ແລະລູກຫຼານຂອງພວກເຂົາຖືກເອີ້ນວ່າຊາວສະມາເຣຍ.</li><li>ຊາວຢີວເວົ້າດູຖູກຊາວສະມາເຣຍເພາະພວກເຂົາເປັນຊາວຢີວພຽງແຕ່ສ່ວນດຽວແລະເພາະວ່າບັນພະບູລຸດຂອງພວກເຂົາໄດ້ນະມັດສະການພະທຽມ.</li><li>ໃນຍຸກພັນທະສັນຍາໃໝ່ແຖວສະມາເຣຍໄດ້ຖືກກັ້ນເຂດແດນໂດຍແຖວຄາລີເລທາງເໜືອແລະແຖວຢູ່ດາທາງຕອນໃຕ້.</li></ul>  
samson	<h2 id="section">@ແຊມຊັນ</h2><h3 id="section-1">ຂໍ້ເທັດຈິງ</h3><p>ແຊມຊັນເປັນຜູ້ໜຶ່ງໃນພວກຜູ້ປົກຄອງຫລືຜູ້ຊ່ວຍເຫຼືອຄົນໜຶ່ງຂອງຊົນຊາດອິດສະຣາເອນເພິ່ນເປັນຄົນເຜົ່າດານ ພຣະເຈົ້າປະທານພະລັງເໜືອມະນຸດໃຫ້ແກ່ແຊມຊັນ ຊຶ່ງເຂົາໄດ້ໃຊ້ໃນການຕໍ່ສູ້ກັບສັດຕູຂອງຊົນຊາດອິດສະຣາເອນຄືຊາວຟີລິດສະຕິນ.</p><ul><li>ແຊມຊັນໄດ້ຖືກໃຫ້ຢູ່ພາຍໃຕ້ຄຳປະຕິຍານທີ່ຈະບໍ່ຕັດຜົມຂອງລາວແລະບໍ່ດື່ມເຫຼົ້າອະງຸ່ນຫຼືເຄື່ອງດື່ມທີ່ເປັນເຄື່ອງໝັກເຄື່ອງດອງໃດໆເລີຍ ຕາບໃດທີ່ລາວຮັກສາຄຳປະຕິຍານນີ້ ພຣະເຈົ້າກໍຈະປະທານພະລັງໃຫ້ລາວຢ່າງຕໍ່ເນື່ອງ</li><li>ແຕ່ສຸດທ້າຍແຊມຊັນໄດ້ເຮັດຜິດຕໍ່ຄຳປະຕິຍານແລະຍອມໃຫ້ຜົມຂອງລາວຖືກຕັດ ຊືງເຮັດໃຫ້ຊາວຟິລິດສະຕິນຈັບລາວໄດ້</li><li>ໃນຂະນະທີ່ແຊມຊັນຖືກກັກຂັງ ພຣະເຈົ້າໄດ້ຊົງກະທຳໃຫ້ແຊມຊັນມີກຳລັງກັບຄືນມາອີກຄັ້ງ ແລະປະທານໂອກາດໃຫ້ລາວທຳລາຍວິຫານຂອງພຣະທຽມດາໂກນພ້ອມກັບຊາວຟິລິດສະຕີນຫຼາຍຄົນ.</li></ul>  
samuel	<h2 id="section">@ຊາມູເອນ</h2><h3 id="section-1">ຂໍ້ເທັດຈິງ</h3><p>ຊາມູເອນເປັນຜູ້ປະກາດພຣະທໍາແລະເປັນຜູ້ປົກຄອງຄົນສຸດທ້າຍຂອງອິດສະຣາເອນ ເພິ່ນໄດ້ແຕ່ງຕັ້ງທັງຊາອູນແລະດາວິດໃຫ້ເປັນກະສັດເໜືອອິດສະຣາເອນ</p><ul><li>ຊາມູເອນໄດ້ເກີດມາຈາກເອນການາແລະນາງຮັນນາໃນເມືອງຣາມາ</li><li>ນາງຮັນນາເປັນຍິງໝັນດັ່ງນັ້ນນາງຈຶ່ງອະທິຖານຢ່າງສັດຊື່ ຕໍ່ພຣະເຈົ້າແລ້ວພຣະເຈົ້າໄດ້ປະທານລູກຊາຍໃຫ້ແກ່ນາງຊຶ່ງຊາມູເອນກໍເປັນຄຳຕອບທີ່ໄດ້ອະທິຖານໄວ້.</li><li>ນາງຮັນນາໄດ້ສັນຍາໄວ້ວ່າຫາກລຸກໄດ້ເກີດມາຕາມຄຳອະທິຖານຢ່າງບໍ່ຄາດຫວັງຂອງຮັນນາທີ່ພຣະເຈົ້າໄດ້ປະທານບຸດຊາຍໃຫ້ແກ່ນາງ ເມື່ອຄຳອະທິຖານໄດ້ຮັບຄຳຕອບ ນາງຈະຖະຫວາຍລູກຂອງນາງໃຫ້ແດ່ພຣະເຈົ້າຢາເວ.</li><li>ເມື່ອຊາມູເອນຍັງເປັນເດັກ ນາງຮັນນາໄດ້ສົ່ງຊາມູເອນໃຫ້ໄປຊ່ວຍປະໂລຫິດເອລີໃນພຣະວິຫານເພື່ອເຮັດໃຫ້ຄຳໝັ້ນສັນຍາຂອງນາງຕໍ່ພຣະເຈົ້າເປັນຈິງ.</li><li>ພຣະເຈົ້າໄດ້ຊົງແຕ່ງຕັ້ງຊູາມູເອນໃຫ້ເປັນຜູ້ປະກາດພຣະທໍາທີ່ຍິ່ງໃຫຍ່ສຳລັບພຣະອົງ.</li></ul>  
sanctify	<h2 id="section">@ຊຳລະໃຫ້ບໍລິສຸດ , @ການຊຳລະໃຫ້ບໍລິສຸດ</h2><h3 id="section-1">ນິຍາມ</h3><p>ການຊຳລະໃຫ້ບໍລິສຸດຄືການແຍກອອກຫຼືເຮັດໃຫ້ບໍລິສຸດ ການຊຳລະໃຫ້ບໍລິສຸດເປັນຂະບວນການທີ່ຈະເຮັດໃຫ້ບໍລິສຸດ.</p><ul><li>ໃນພຣະສັນຍາເດີມປະຊາຊົນບາງຄົນ ແລະບາງສິ່ງໄດ້ຮັບການຊຳລະໃຫ້ບໍລິສຸດ ຫຼືໄດ້ແຍກອອກເພື່ອຮັບໃຊ້ພຣະເຈົ້າ.</li><li>ໃນພຣະສັນຍາໃຫມ່ ສອນວ່າພຣະເຈົ້າຊົງຊຳລະປະຊາ ກອນທີ່ເຊື່ອໃນພຣະເຢຊູຄຣິດເຈົ້າໃຫ້ບໍລິສຸດ ເພື່ອວ່າພຣະອົງຊົງຊຳລະພວກເຂົາໃຫ້ບໍລິສຸດແລະແຍກພວກເຂົາອອກມາ ເພື່ອໃຫ້ຮັບໃຊ້ພຣະອົງ.</li><li>ບັນດາຜູ້ທີ່ເຊື່ອ ໃນພຣະເຢຊູ ໄດ້ຮັບຄຳບັນຊາໃຫ້ຮັບການຊຳລະຕົນໃຫ້ບໍລິສຸດຕໍ່ພຣະເຈົ້າ ເພື່ອໃຫ້ທຸກສິ່ງທີ່ພວກເຂົາກະທຳບໍລິສຸດ.</li></ul><h3 id="section-2">ຄຳແນະນຳໃນການແປ</h3><ul><li>ຂຶ້ນຢູ່ກັບກໍລະນີນັ້ນໆ ຄຳວ່າ ”ຊຳລະໃຫ້ບໍລິສຸດ” ສາມາດແປວ່າ ”ຖືກແຍກອອກ” ຫຼື ”ເຮັດໃຫ້ສັກສິດ” ຫຼື ”ເຮັດໃຫ້ບໍລິສຸດ”.</li><li>ເມື່ອປະຊາຊົນຊຳລະຕົວໃຫ້ບໍລິສຸດ ໝາຍຄວາມວ່າພວກເຂົາບໍລິສຸດແລະອຸທິດຖະຫວາຍຕົວຕໍ່ການຮັບໃຊ້ພຣະເຈົ້າ ຫຼາຍຄັ້ງຄຳວ່າ ”ການປຸກເສກ” ກໍໄດ້ໃຊ້ໃນພຣະຄຳພີສຳລັບຄວາມໝາຍນີ້ດ້ວຍ.</li><li>ດ້ວຍຄວາມໝາຍຂອງຄຳວ່າ ”ການປຸກເສກ” ຄຳນີ້ຄວນແປວ່າ ”ອຸທິດຕົວໃຫ້ບາງຄົນ".</li></ul>  
sanctuary	<h2 id="section">@ສະຖານທີ່ສັກສິດ</h2><h3 id="section-1">ນິຍາມ</h3><p>ຄຳວ່າ “ສະຖານທີ່ສັກສິດ” ຕາມຕົວອັກສອນມີຄວາມໝາຍວ່າ ”ສະຖານທີ່ບໍລິສຸດ” ແລະອ້າງເຖິງສະຖານທີ່ ທີ່ພຣະເຈົ້າໄດ້ທຳໃຫ້ເປັນທີ່ສັກສິດແລະບໍລິສຸດ ແລະຍັງສາມາດອ້າງເຖິງສະຖານທີ່ ທີ່ມີການຄຸ້ມຄອງແລະມີຄວາມປອດໄພ.</p><ul><li>ໃນພັນທະສັນຍາເດີມ ຄຳວ່າ ”ສະຖານທີສັກສິດ” ຖືກໃຊ້ຫຼາຍເພື່ອອ້າງເຖິງຫໍເຕັນຫຼືອາຄານພຣະວິຫານທີ່ ”ສະຖານທີ່ສັກສິດ” ແລະ ”ສະຖານທີ່ສັກສິດທີ່ສຸດ” ຕັ້ງຢູ່</li><li>ພຣະເຈົ້າໄດ້ອ້າງສະຖານທີ່ສັກສິດດັ່ງເປັນສະຖານທີ່ຊຶ່ງພຣະອົງສະຖິດໃນທ່າມກາງປະຊາກອນຂອງພຣະອົງຄືພວກອິດສະຣາເອນ.</li><li>ພຣະອົງໄດ້ຊົງເອີ້ນພຣະອົງວ່າ ”ສະຖານທີສັກສິດ” ຫລືເປັນທີ່ປອດໄພສຳລັບປະຊາຊົນທີ່ພວກເຂົາສາມາດຫາການປົກປ້ອງຮັກສາໄດ້.</li></ul><h3 id="section-2">ຄຳແນະນຳໃນການແປ</h3><ul><li>ຄຳນີ້ມີຄວາມໝາຍທັມມະດາຂອງ ”ສະຖານທີ່ສັກສິດ” ຫລື ”ສະຖານທີ່ຖືກແຍກອອກມາ”.</li><li>ຂຶ້ນຢູ່ກັບກໍລະນີ ຄຳວ່າ ”ສະຖານສັກສິດ” ສາມາດແປວ່າ ”ສະຖານທີສັກສິດ” ຫລື "ອາຄານສັກສິດ” ຫລື ”ສະຖານທີ່ຄວາມສັກສິດຂອງພຣະເຈົ້າສະຖິດຢູ່” ຫລື ”ສະຖານທີສັກສິດຂອງການປົກປັກຮັກສາ”ຫລື”ສະຖານທີ່ສັກສິດແຫ່ງຄວາມປອດໄພ”.</li><li>ຖ້ອຍຄໍາທີ່ວ່າ ”ເງິນເຊກຽນຂອງສະຖານສັກສີດ” ສາມາດແປວ່າ ”ຊະນິດຂອງເງິນເຊກຽນທີ່ໄດ້ໃຫ້ສຳລັບຫໍເຕັນ” ຫລື ”ເງິນເຊກຽນທີ່ໄດ້ໃຊ້ເປັນເໝືອນເງິນພາສີເພື່ອບຳລຸງພຣະວິຫານ”.</li><li>ຫມາຍເຫດ ຈົ່ງລະວັງວ່າການແປຄຳນີ້ຈະບໍ່ອ້າງເຖິງຫ້ອງນະມັດສະການໃນຄຣິດຕະຈັກໃຫມ່.</li></ul>  
sandal	<h2 id="section">@ເກີບແຕະ</h2><h3 id="section-1">ນິຍາມ</h3><p>ເກີບແຕະຄືເກີບແບບທຳມະດາທົ່ວໄປທີສຸບເຂົ້າໄປທີ່ຕີນດ້ວຍສາຍຮັດຮອບຕີນຫລືຂໍ້ຕີນ ເກີບແຕະໃຊ້ສຸບໃສ່ທັງຜູ້ຊາຍແລະຜູ້ຍິງ</p><ul><li>ບາງຄັ້ງເກີບແຕະຍັງໃຊ້ໃນການຍີນຍັນການຊື້ຂາຍຕາມກົດຫມາຍ ເຊັ່ນການຂາຍຊັບສິນໂດຍຜູ້ຂາຍຄົນຫນື່ງຖອດເກີບແຕະແລະເອົາໃຫ້ອີກຄົນຫນື່ງ</li><li>ການຖອດເກີບຫລືເກີບແຕະເປັນສັນຍານຂອງການເຄົາລົບແລະຄວາມນັບຖືສະເພາະຢ່າງຍິ່ງເມື່ອຢູ່ສະເພາະພຣະພັກພຣະເຈົ້າ</li><li>ໂຢຮັນກ່າວວ່າເພິ່ນບໍສົມຄວນຈະແກ້ແມ່ນແຕ່ສາຍຮັດເກີບຂອງພຣະເຢຊູ ຊື່ງເປັນງານຂອງຄົນຮັບໃຊ້ທີ່ຕ່ຳກວ່າຫລືທາດ</li></ul>  
sarah	<h2 id="section">@ຊາຣາ ,ຊາຣາຍ</h2><h3 id="section-1">ຂໍ້ເທັດຈິງ</h3><ul><li>ຊາຣາເປັນເມຍຂອງອັບຣາຮາມ</li><li>ຊື່ເດີມຂອງນາງຄື”ຊາຣາຍ”ແຕ່ພຣະເຈົ້າຊົງປ່ຽນຊື່ໃຫ້ນາງໃຫມ່ວ່າ“ຊາຣາ”</li><li>ຊາຣາໃຫ້ກຳເນີດລູກຊາຍຕາມທີ່ພຣະເຈົ້າຊົງໃຫ້ພຣະສັນຍນາໄວ້ກັບນາງແລະອັບຣາຮາມ</li></ul>  
satan	<h2 id="section">@ຊາຕານ ,ມານ, @ຜູ້ຊົ່ວຮ້າຍ</h2><h3 id="section-1">ນິຍາມ</h3><p>ມານເປັນວິນຍານຫນື່ງທີ່ພຣະເຈົ້າໄດ້ຊົງເນລະມິດສ້າງຂື້ນມາ(ຊື່ງເຄີຍເປັນທູດສະຫວັນທີມີຕ່ຳແຫນງສູງ)ແຕ່ມັນໄດ້ກະບົດຕໍ່ພຣະເຈົ້າແລະກາຍມາເປັນສັດຕູຂອງພຣະເຂົ້າ ມານຍັງຖືກເອີ້ນອີກຊື່ວ່າ”ຊາຕານ”ແລະ”ຜູ້ຊົ່ວຮ້າຍ</p><ul><li>ມານກຽດຊັງພຮະເຈົ້າແລະທຸກສິ່ງທີ່ພຣະເຈົ້າຊົງເນລະມິດສ້າງ ເພາະມັນຍາກແທນຕ່ຳແຫນ່ງຂອງພຣະເຈົ້າ ແລະຍາກໄດ້ຮັບການນະມັດສະການເໝືອນກັບພຮະເຈົ້າ</li><li>ຊາຕານທົດລອງມະນຸດໃຫ້ກະບົດຕໍ່ພຣະເຈົ້າ</li><li>ພຣະເຈົ້າປະທານພຣະບຸດຂອງພຣະອົງ ຄືພຣະເຢຊູຄຣິດເຈົ້າເພື່ອຊ່ວຍກູ້ມະນຸດຈາກການຄວບຄຸມຂອງຊາຕານ</li><li>ຊື່ຂອງ ”ຊາຕານ”ມີຄວາມຫມາຍວ່າ”ປໍລະປັກ”ຫລື”ສັດຕູ”</li><li>ຄຳວ່າ ”ມານ” ມີຄວາມຫມາຍວ່າ ”ຜູ້ກ່າວໂທດ”</li></ul><p>%ຄຳແນະນຳໃນການແປ</p><ul><li>ຄຳວ່າ”ມານ” ສາມາດແປວ່າ”ຜູ້ກ່າວໂທດ” ຫລື”ຜູ້ຊົ່ວຮ້າຍ”</li><li>ຫລຶ”ເຈົ້າແຫ່ງວິນຍານຊົ່ວທັງຫລາຍ ”ຫລື” ”ຫົວຫນ້າວິນຍານຊົ່ວ”</li><li>ຊາຕານ ”ສາມາດແປວ່າ “ຝ່າຍຕົງກັນຂ້າມ ”ຫລື “ປໍລະປັກ”ຫລື ”ຊື່ອື່ນໆທີ່ສະແດງວ່າມັນປັນມານ</li><li>ຄຳເຫລົ່ານີ້ຄວນແປໃຫ້ຕ່າງຈາກຄຳວ່າປີສາດແລະວິນຍານຊົ່ວ</li><li>ໃຫ້ພິຈາລະນາວ່າຄຳເຫລົ່ານີ້ແປວ່າຢ່າງໃດໃນທ້ອງຖິ່ນຫລືພາສາກາງ</li></ul>  
saul	<h2 id="section">@ຊາອູນ, @(ພັນທະສັນຍາເດີມ)</h2><h3 id="section-1">ຂໍ້ເທັດຈິງ</h3><p>ຊາອູນເປັນຜູ້ຊາຍ ເປັນຊາວອິດສະຣາເອນຄົນຫນື່ງ ຜູ້ຊຶ່ງພຣະເຈົ້າໄດ້ຊົງເລືອກໃຫ້ເປັນກະສັດຄົນທຳອິດຂອງຊົນຊາດອີດສະຣາເອນ</p><ul><li>ຊາອູນເປັນຄົນທີ່ມີຮູບຮ່າງສູງແລະຫນ້າຕາງາມ ແລະເປັນທະຫານທີເກັ່ງກ້າ ເຂົາເປັນຄົນປະເພດທີ່ຊົນຊາດອິດສະຣາເອນຕ້ອງການໃຫ້ເປັນກະສັດຂອງພວກເຂົາ</li><li>ເຖິງແມ່ນວ່າເພິ່ນໄດ້ຮັບໃຊ້ພຣະເຈົ້າໃນຕອນແລກດີ ແຕ່ຕໍ່ມາຊາອູນກາຍເປັນຄົນຈອງຫອງແລະບໍ່ເຊື່ອຟັງພຣະເຈົ້າ ຜົນທີ່ຕາມມາຄືພຣະເຈົ້າໄດ້ຊົງແຕ່ງຕັ້ງດາວີດໃຫ້ເປັນກະສັດແທນທີຊາອູນແລະພຣະເຈົ້າໃຫ້ຊາອູນຖືກຂ້າຕາຍໃນສະນາມຮົບ</li><li>ໃນພຣະສັນຍາໃຫມ່ ມີຜູ້ຊາຍຊາວຢີວຄົນຫນື່ງຊື່ວ່າໂຊໂລ ທີ່ເປັນທີ່ຮູ້ຈັກກັນໃນນາມໂປໂລແລະໄດ້ກາຍມາເປັນອັກຄະສາວົກຂອງພຣະເຢຊູຄຣິດ</li></ul>  
save	<h2 id="section">@ຊ່ວຍຊີວິດ , @ປອດໄພ</h2><h3 id="section-1">ນິຍາມ</h3><p>ຄຳວ່າ ”ຊ່ວຍຊີວິດ”ເວົ້າເຖິງການຊ່ວຍໃຫ້ບາງຄົນພົ້ນຈາກສີ່ງຊົ່ວຮ້າຍຫລືສີ່ງທີ່ຊື່ງອັນຕະລາຍ ການ“ໄດ້ຮັບຄວາມປອດໄພ” ຫມາຍເຖິງການປົກປ້ອງຈາກການຖືກທຳລາຍຫລືຈາກອັນຕະລາຍ</p><ul><li>ໃນທາງເນື້ອຫນັງມະນຸດສາມາດຖືກຊ່ວຍຫລືຊ່ວຍກູ້ໃຫ້ພົ້ນຈາກການຖຶກທຳລາຍ ອັນຕະລາຍຫລຶຄວາມຕາຍໄດ້</li><li>ໃນທາງຝ່າຍວິນຍານຫາກຄົນນື່ງທີ່ໄດ້ຮັບການ ”ຊ່ວຍໃຫ້ລອດ”ນັ້ນຫມາຍເຖີງໂດຍຜ່ານທາງສະຫວັນຂອງພຣະເຢຊູຄຣິດເທິງໄມ້ກາງເຂນ ພຣະເຈົ້າໄດ້ໃຫ້ອະໄພເຂົາແລະໄດ້ຊ່ວຍກູ້ເຂົາຕໍ່ການຖືກທຳໂທດໃນນາລົກເພາະບາບຂອງພວກເຂົາ</li><li>ມະນຸດສາມາດຊ່ອຍເຫລືອແລະຊ່ອຍກຸ້ຈາກອັນຕະລາຍໄດ້ມີພຽງພຣະເຈົ້າອົງດຽວທີ່ສາມາດຊ່ອຍມະນຸດຈາກການຖືກລົງໂທດນຶລັນໄດ້ເພາະຄວາມບາບຂອງພວກເຂົາ</li></ul><h3 id="section-2">ຄຳແນະນຳການແປ</h3><ul><li>ວຶທີທີ່ແປຄຳ "ຊ່ອຍຊີວຶດ" ສາມາດລວມຄຳວ່າ ""ສົ່ງມອບ" ຫຼືຊ່ອຍຈາກອັນຕະລາຍ" ຫຼື"ຕັດທ່າງແຫ່ງອັນຕະລາຍອອກໄປ" ຫຼື"ຊ່ອຍໃຫ້ພົ້ນຈາກຄວາມຕາຍ"</li><li>ຄຳເວົ້າ "ຜູ້ໃດກໍ່ຕາມທີ່ຮັກສາຊີວຶດ" ຄຳວ່າ"ຮັກສາ" ສາມາດແປວ່າ "ສະງວນ" ຫຼື "ປ້ອງກັນ"</li><li>ຄຳວ່າ "ບໍ່ຊ່ອຍເຫລືອ" ສາມາດແປວ່າ "ປ້ອງກັນຈາກອັນຕະລາຍ" ຫຼື "ໃນສະຖານທີ່ທີບໍ່ມີສິ່ງໃດຈະທຳອັນຕະລາຍຜູ້ນັ້ນໄດ້"</li></ul>  
savior	<h2 id="section">@ພຣະຜູ້ຊ່ວຍໃຫ້ລອດ</h2><h3 id="section-1">ນິຍາມ</h3><p>ຄຳວ່າພຣະຜູ້ຊ່ວຍໃຫ້ລອດ ”ອ້າງເຖິງບຸກຄົນຜູ້ທີ່ຊ່ວຍໃຫ້ລອດຫລືຊ່ວຍກູ້ຜູ້ອື່ນຈາກອັນຕະລາຍ ແລະຍັງສາມາດອ້າງເຖິງບາງຄົນທີ່ໃຫ້ກຳລັງແກ່ຜູ້ອື່ນຫລືຈັດຕຽມສຳລັບພວກເຂົາ</p><ul><li>ໃນພັນທະສັນຍາເດີມ ພຣະເຈົ້າຖືກເວົ້າເຖິງວ່າເປັນພຣະຜູ້ຊ່ວຍໃຫ້ລອດຂອງຊົນຊາດອິດສະຣາເອນໃຫ້ພົ້ນຈາກສັດຕູຂອງພວກເຂົາ ແລະປະທານກຳລັງໃຫ້ພວກເຂົາ ແລະຈັດຕຽມສິ່ງທີ່ພວກເຂົາຕ້ອງການໃນການດຳເນີນຊີວິດ</li><li>ໃນພັນທະສັນຍາໃຫມ່ ຄຳວ່າ ”ພຣຜູ້ຊ່ວຍໃຫ້ລອດ” ໄດ້ໃຊ້ອະທິບາຍຫລືໃຊ້ເອີ້ນຕ່ຳແໜ່ງຂອງພຣະເຢຊູຄຣິດ ເພາະວ່າພຣະອົງໄດ້ຊົງຊ່ວຍປະຊາຊົນຈາກການຖືກລົງໂທດຊົ່ວນີລັນດອນເພາະບາບຂອງພວກເຂົາພຣະອົງຍັງຊ່ວຍກູ້ພວກເຂົາໃຫ້ພົ້ນຈາກການຖືກຄວບຄຸມຈາກບາບຂອງພວກເຂົາ</li></ul><p>%ຄຳອະທິບາຍໃນການແປ</p><ul><li>ຖ້າເປັນໄປໄດ້ ”ພຣະຜູ້ຊ່ວຍໃຫ້ລອດ” ຄວນແປດ້ວຍຄຳທີ່ກ່ຽວຂ້ອງກັບຄຳວ່າ</li></ul><p>”ຊ່ວຍເຫລືອ” ແລະ”ຊ່ວຍໃຫ້ລອດ”</p><ul><li>ວິທີທີ່ແປຄຳນີ້ສາມາດລວມ ”ຜູ້ທີ່ຊ່ວຍ”ຫລື “ພຣະເຈົ້າຜູ້ຊົງຊ່ວຍ”ຫລືຜູ້ໄດ້ຊ່ວຍໃຫ້ພົ້ນຈາກອັນຕະລາຍ” ຫລື ”ຜູ້ທີ່ຊ່ວຍເຫລືອຈາກຂ້າເສິກ” ຫລື”ພຣະເຢຊູຜູ້ນັ້ນທີ່ໄດ້ຊ່ວຍກູ້”</li></ul>  
scepter	<h2 id="section">@ໄມ້ເທົ້າ</h2><h3 id="section-1">ນິຍາມ</h3><p>ຄຳວ່າ ”ໄມ້ເທົ້າ”ແມ່ນອ້າງເຖິງໄມ້ທີ່ມີການປະດັບຫລືໄມ້ເທົ້າທີ່ຖືກຖືໂດຍພວກເຈົ້າຫນ້າທີທີ່ມີອຳນາດປົກຄອງເຊັ່ນ ກະສັດ</p><ul><li>ໄມ້ເທົ້ານັ້ນດັ້ງເດີມແລ້ວເປັນກິ່ງຂອງໄມ້ທີ່ມີການແກະສະລັກແຕກຕ່າງ ຕໍ່ມາໄມ້ເທົ້າໄດ້ເຮັດດ້ວຍໂລຫະທີ່ມີຄ່າ ເຊັ່ນທອງຄຳ</li><li>ໄມ້ເທົ້າເປັນສັນຍາລັກຂອງຄວາມຈົ່ງຮັກພັກດີແລະອຳນາດຊື່ງເປັນສັນຍາລັກແຫ່ງກຽດແລະສັກສີທີ່ມີຄວາມກ່ຽວຂ້ອງກັບກະສັດ</li><li>ໃນພັນທະສັນຍາເດີມ ພຣະເຈົ້າໄດ້ຖືກເວົ້າເຖິງເຊັ່ນວ່າພຣະອົງຊົງມຮໄມ້ເທົ້າແຫ່ງຄວາມຊອບທຳ ນີ້ເປັນການກ່ຽວຂ້ອງກັບພຣະເຈົ້າຜູ້ຊົງປົກຄອງເໝືອນກະສັດປົກຄອງປະຊາຊົນຂອງພຣະອົງ</li><li>ຄຳທຳນວາຍໃນພັນທະສັນຍາເດີມອ້າງເຖິງພຣະເມຊີອາວ່າເປັນສັນຍາລັກຂອງໄມ້ເທົ້າທີ່ມາຈາກອິດສະຣາເອນທີ່ປົກຄອງເໜືອທຸກຊາດ</li><li>ນີ້ສາມາດແປວ່າ”ໄມ້ປົກຄອງ”ຫລື ”ໄມ້ຂອງກະສັດ”</li></ul>  
scribe	<h2 id="section">@ທຳມະຈານ , @ຜູ້ທີ່ຊ່ຽວຊານພຣະບັນຍັດຂອງຢີວ</h2><h3 id="section-1">ນິຍາມ</h3><p>ພວກທຳມະຈານເປັນເຈົ້າຫນ້າທີຜູ້ທີ່ຮັບຜິດຊອບໃນການຂຽນຫລືຄັດລອກເອກກະສານຂອງລັດຫລືຫນັງສືທາງສາດສະໜາໂດຍການໃຊ້ມືຄັດລອກ ອີກຊື່ຫນື່ງຂອງທຳມະຈານຂອງຢີວ ຄື ”ຜູ້ຊ່ຽວຊານໃນພຣະບັນຍັດຂອງຊາວຢີວ”</p><ul><li>ທຳມະຈານເປັນຜູ້ທີ່ຕ້ອງຮັບຜິດຊອບ ໃນການຄັດລອກແລະເກັບຮັກສາພຣະທຳຕ່າງໆ ຂອງພັນທະສັນຍາເດີມ</li><li>ທຳມະຈານຍັງຄັດລອກ, ຮັກສາແລະຕີຄວາມຫມາຍຄວາມຄິດເຫັນທາງດ້ານສາດສະໜາແລະຄຳອະທິບາຍໃນເລື່ອງພຣະບັນຍັດຂອງພຣະເຈົ້າ</li><li>ບາງຄັ້ງພວກທຳມະຈານຍັງເປັນເຈົ້າຫນ້າທີທີ່ສຳຄັນຂອງລັດດ້ວຍ</li><li>ທຳມະຈານດ້ານພຣະຄຳພີທີ່ສຳຄັນລວມເຖິງບາລຸແລະເອສະຣາ</li><li>ໃນພັນທະສັນຍາໃຫມ່ ຄຳວ່າ “ພວກທຳມະຈານ”ໄດ້ແປໄວ້ວ່າ“ພວກຄຣູສອນພຣະບັນຍັດ”</li><li>ໃນພັນທະສັນຍາໃຫມ່ ພວກທຳມະຈານເປັນສ່ວນຫນື່ງຂອງກຸ່ມ</li><li>ສາດສະໜາທີ່ເອີ້ນວ່າ ”ພວກຟາລີຊາຍ“ແລະທັງສອງກຸ່ມຖືກກ່າວເຖິງດ້ວຍກັນຫລາຍຄັ້ງດ້ວຍ</li></ul>  
scroll	<h2 id="section">@ໝັງສືມ້ວນ</h2><h3 id="section-1">ນິຍາມ</h3><p>ໃນສະໃໜ່ບູຮານ ໝັງສືມ້ວນແມ່ນປື້ມປະເພດ ໜຶ່ງ ທີ່ເຮັດດ້ວຍແຜ່ນລວດລາຍຫລືແຜ່ນ ໜັງ</p><ul><li>ຫັລງຈາກຂຽນໃສ່ແຜ່ນ ໜັງສື ສຳເລັດ ປະຊາຊົນຈະເກັບໃວ້ໂດຍໃຊ້ເຊືອກຜູກໃວ້</li><li>ໝັງສືມ້ວນ ຍັງເປັນໝັງສື ທາງກົດໝາຍ ແລະທາງພຣະຄຳພີ</li><li>ບາງເທື່ອ ໜັງສືມ້ວນ ທີ່ຖືກສົ່ງໂດຍຜູ້ສົ່ງຂ່າວສານໄດ້ຖືກປະທັບຕາດ້ວຍຂີ້ເຜີ້ງ. ນີ້ຈະປ້ອງກັນບໍ່ໃຫ້ຜູ້ອື່ນເປີດປື້ມແລະຂຽນໃສ່ໄດ້.</li><li>ໜັງສືມ້ວນ ທີ່ຂຽນດ້ວຍພຣະຄຳພີ ພາກພາສາເຮັບເລີໄດ້ຖືກອ່ານດັງໆຢູ່ໃນທຳມະສາລາ.</li></ul>  
seacow	<h2 id="section">@ງົວທະເລ</h2><h3 id="section-1">ນິຍາມ</h3><p>ຄຳ ວ່າ“ ງົວທະເລ” ໝາຍ ເຖິງສັດທະເລໃຫຍ່ທີ່ກິນຫຍ້າທະເລແລະພືດຜັກອື່ນໆຢູ່ພື້ນມະຫາສະໝຸດ.</p><ul><li>ງົວທະເລແມ່ນສີຂີ້ເຖົ່າທີ່ມີຜິວໜາ. ມັນເຄື່ອນທີ່ຢູ່ໃນນ້ ຳໂດຍໃຊ້ປຸ້ຍຂອງມັນ.</li><li>ຄົນໃນຍຸກສະ ໄໝ ພຣະຄຳພີ ໃຊ້ໜັງ ຫລື ໜັງງົວ. ແຜ່ນສັດເຫຼົ່ານີ້ຖືກໃຊ້ໃນການປົກຫຸ້ມຂອງຫໍເຕັນ.</li><li>ມັນຖືກຕັ້ງຊື່ວ່າ "ງົວທະເລ" ເພາະມັນກິນຫຍ້າຄືກັບງົວ, ແຕ່ມັນບໍ່ຄ້າຍຄືກັນໃນທາງອື່ນ.</li><li>ສັດທີ່ກ່ຽວຂ້ອງແມ່ນສັດ "ດູກອງ" ແລະ "ມານາທີ."</li></ul>  
seal	<h2 id="section">@ປະທັບຕາ, @ປິດຕາປະທັບ</h2><h3 id="section-1">ນິຍາມ</h3><p>ການປະທັບຕາ ໝາຍ ຄວາມວ່າໃຫ້ມັນປິດດ້ວຍສິ່ງທີ່ເຮັດໃຫ້ມັນບໍ່ສາມາດເປີດໄດ້ໂດຍບໍ່ຕ້ອງທຳລາຍປະທັບຕາ.</p><ul><li>ປົກກະຕິແລ້ວປະທັບຕາຖືກໝາຍ ດ້ວຍການອອກແບບເພື່ອສະແດງວ່າມັນແມ່ນໃຜ.</li><li>ຂີ້ເຜີ້ງທີ່ຫລອມເຫລວຖືກໃຊ້ເພື່ອປະທັບຕົວໜັງສື ຫລືເອກະສານອື່ນໆທີ່ຈຳເປັນເພື່ອປ້ອງກັນ.ໃນເວລາທີ່ຂີ້ເຜີ້ງເຢັນລົງແລະແຂງ, ຈົດຫມາຍບໍ່ສາມາດເປີດໄດ້ໂດຍບໍ່ທໍາລາຍປະທັບຕາຂີ້ເຜີ້ງ.</li><li>ປະທັບຕາໃສ່ກ້ອນຫີນຢູ່ຕໍ່ໜ້າອຸບໂມງຂອງພຣະເຢຊູເພື່ອບໍ່ໃຫ້ຜູ້ໃດຍ້າຍໄປມາ.</li><li>ໃນຕົວຢ່າງໂປໂລກ່າວເຖິງພຣະວິນຍານບໍລິສຸດເປັນ“ ປະທັບຕາ” ທີ່ສະແດງໃຫ້ເຫັນວ່າຄວາມລອດຂອງພວກເຮົາມີຄວາມປອດໄພ.</li></ul>  
sea of galilee	<h2 id="section">@ທະເລຄາລິເລ, @ທະເລຊີນເນເລຣ, @ທະເລສາບຂອງເຍັນເນຊາເລັດ, @ທະເລຂອງທີເບເລຍ</h2><h3 id="section-1">ຂໍ້ເທັດຈິງ</h3><p>"ທະເລຄາລິເລ" ແມ່ນຊື່ຂອງທະເລສາບໃນພາກຕາເວັນອອກຂອງອິດສະຣາເອນ. ໃນພຣະຄຳພີເດີມມັນໄດ້ຖືກເອີ້ນວ່າ "ທະເລຂອງ ຊີນເນເລຣ."</p><ul><li>ນ້ ຳຂອງທະເລສາບນີ້ໄຫລໄປທາງໃຕ້ຜ່ານແມ່ນ້ ຳຈໍແດນລົງໄປຫາທະເລເກືອ.</li><li>ເມືອງກາເປນາອູມ, ເມືອງເບັດໃຊດາ, ເຍັນເນຊາເລັດ, ແລະ ທີເບເລຍ ແມ່ນບາງເມືອງທີ່ຕັ້ງຢູ່ທະເລຄາລິເລໃນຊ່ວງເວລາຂອງພຣະຄຳພີໃໝ່.</li><li>ຫລາຍເຫດການ ໃນຊີວິດຂອງພຣະເຢຊູໄດ້ເກີດຂຶ້ນຢູ່ໃນຫືລໃກ້ທະເລຄາລິເລ.</li><li>ທະເລຄາລິເລຍັງຖືກເອີ້ນວ່າ “ທະເລທີເບເລຍ”ແລະ“ທະເລເຍັນເນຊາເລັດ.”</li><li>ຄຳສັບນີ້ຍັງສາມາດຖືກແປເປັນ"ທະເລສາບໃນຂົງເຂດແຂວງຄາລີເລ"ຫລື"ທະເລສາບຄາລີເລ"ຫລື"ທະເລສາບໃກ້ກັບ ທະເລທີເບເລຍ ແລະ (ເຍັນເນຊາເລັດ)."</li></ul>  
seed	<h2 id="section">@ເມັດພືດ, @ນ້ຳເຊຶ້ອ</h2><h3 id="section-1">ນິຍາມ</h3><p>ແກ່ນແມ່ນສ່ວນໜຶ່ງຂອງຕົ້ນໄມ້ທີ່ປູກຢູ່ໃນພື້ນດິນເພື່ອຂະຫຍາຍພັນຕົ້ນໄມ້ຊະນິດດຽວກັນໃຫ້ຫຼາຍ. ມັນຍັງມີຄວາມໝາຍຫລາຍໆຮູບແບບດ້ວຍ.</p><ul><li>ຄຳວ່າ“ ເມັດພຶດ” ຖືກໃຊ້ເປັນຕົວເລກແລະອີເລັກໂທຣນິກເພື່ອໝາຍ ເຖິງຈຸລັງນ້ອຍໆທີ່ຢູ່ພາຍໃນຜູ້ຊາຍຫລືຜູ້ຍິງທີ່ປະສົມປະສານເຮັດໃຫ້ເດັກນ້ອຍເຕີບໃຫຍ່ຢູ່ພາຍໃນແມ່ຍິງ, ນີ້ເອີ້ນວ່ານໍ້າເຊື້ອ.</li><li>ກ່ຽວຂ້ອງກັບເລື່ອງນີ້, "ແນວພຶດ" ຍັງຖືກນຳໃຊ້ເພື່ອໝາຍເຖິງລູກຫລານຫລືເຊື້ອສາຍຂອງຄົນເຮົາ.</li><li>ຄຳສັບນີ້ມັກຈະມີຄວາມໝາຍຫລາຍພາສາ, ໂດຍອ້າງອີງໃສ່ຫລາຍເມັດຫລືຫລາຍກວ່າເຊື້ອສາຍໜຶ່ງ.</li><li>ໃນຄຳອຸປະມາເລື່ອງຊາວນາທີ່ປູກເມັດພືດ, ພຣະເຢຊູປຽບທຽບເມັດພືດກັບ ພຣະຄຳຂອງພຣະເຈົ້າທີ່ຖືກປູກໄວ້ໃນຫົວໃຈຂອງຄົນເພື່ອໃຫ້ເກີດໝາກຜົນທາງຈິດວິນຍານທີ່ດີ.</li><li>ອັກຄະສາວົກໂປໂລຍັງໃຊ້ ຄຳວ່າ“ ເຊື້ອສາຍ” ເພື່ອກ່າວເຖິງພຣະຄຳຂອງພຣະເຈົ້າ.</li></ul><h3 id="section-2">ຄຳແນະນຳໃນການແປ</h3><ul><li>ສຳລັບແນວພືດທີ່ໃຊ້ໃນການຮຽນຫນັງສື, ມັນດີທີ່ສຸດທີ່ຈະໃຊ້ ຄຳສັບທີ່ "ເມັດພຶດ" ທີ່ຖືກໃຊ້ເປັນເປົ້າໝາຍສຳລັບສິ່ງທີ່ຊາວນາປູກໃນນາຂອງລາວ.</li><li>ຄຳທີ່ໃຊ້ໃນຕົວຈິງຄວນໃຊ້ໃນສະພາບການເຊິ່ງມັນໝາຍເຖິງພຣະຄຳຂອງພະເຈົ້າ.</li><li>ສຳລັບການໃຊ້ຕົວເລກທີ່ໝາຍເຖິງຄົນທີ່ມີເຊື້ອສາຍທີມີຄອບຄົວດຽວກັນ, ມັນອາດຈະແຈ້ງກວ່າທີ່ຈະໃຊ້ ຄຳວ່າເຊື້ອສາຍພັນ. ບາງພາສາອາດຈະມີຄຳທີ່ມີຄວາມໝາຍວ່າ "ເດັກນ້ອຍແລະຫລານ."</li><li>ສຳລັບ "ແນວພັນ" ຂອງຜູ້ຊາຍຫຼືຜູ້ຍີງ,ໃຫ້ພິຈາລະນາວິທີການເປົ້າ ໝາຍດັ່ງກ່າວສະແດງອອກໃນທາງທີ່ຈະບໍ່ເຮັດໃຫ້ຄົນອື່ນເຄື້ອງໃຈຫຼືອາຍ.</li></ul>  
seek	<h2 id="section">@ຊອກຫາ, @ສະແຫວງຫາ</h2><h3 id="section-1">ນິຍາມ</h3><p>ຄຳວ່າ "ສະແຫວງຫາ" ໝາຍເຖິງຊອກຫາສິ່ງໃດສິ່ງໜຶ່ງ ຫລືບາງຄົນ.ຖືກ ຄວາມເຄັ່ງຕຶງທີ່ຜ່ານມາແມ່ນ "ສະແຫວງຫາ." ມັນຍັງສາມາດໝາຍຄວາມວ່າ "ພະຍາຍາມຢ່າງຫນັກ"  ເພື່ອຊອກຫາບາງສິ່ງບາງຢ່າງ.</p><ul><li>ການ“ ສະແຫວງຫາ” ຫລື“ ຊອກຫາ” ໂອກາດ ໝາຍຄວາມວ່າ“ ພະຍາຍາມຫາເວລາ” ເພື່ອເຮັດສິ່ງໃດໜຶ່ງໂດຍສະເພາະເພື່ອຈະແຈ້ງ.</li><li>ການ“ ສະແຫວງຫາ ພຮະເຈົ້າຢາເວ” ໝາຍຄວາມວ່າ“ ໃຊ້ເວລາແລະ ຊອກຫາພຣະເຈົ້າເຢເວເພື່ອຮູ້ຈັກ ແລະຮຽນຮູ້ທີ່ຈະເຊື່ອຟັງພະອົງ.”</li><li>"ສະແຫວງຫາການປົກປ້ອງ" ໝາຍຄວາມວ່າ "ພະຍາຍາມຊອກຫາບຸກຄົນຫຼືສະຖານທີ່ທີ່ຈະປົກປ້ອງທ່ານຈາກໄຟອັນຕະລາຍ."</li><li>ການ“ ສະແຫວງຫາຄວາມຍຸດຕິທຳ” ໝາຍຄວາມວ່າ“ ພະຍາຍາມທີ່ຈະເຫັນຄົນອື່ນຖືກປະຕິບັດຢ່າງທ່ຽງທຳ ຫຼື ຍຸດຕິທຳ.”</li><li>ການ“ ສະແຫວງຫາຄວາມຈິງ” ໝາຍຄວາມວ່າ“ ພະຍາຍາມຄົ້ນຫາຄວາມຈິງ”.</li><li>ການ“ ສະແຫວງຫາຄວາມເມດຕາຄວາມຊອບທຳ” ໝາຍ ຄວາມວ່າ“ ພະຍາຍາມທີ່ຈະໄດ້ຮັບຄວາມເມດຕາຄວາມຊອບທຳ” ຫລື“ເຮັດສິ່ງຕ່າງໆທີ່ຈະເຮັດໃຫ້ຜູ້ໃດຜູ້ໜຶ່ງຊ່ວຍທ່ານ.”</li></ul>  
seize	<h2 id="section">@ຍືດ</h2><h3 id="section-1">ນິຍາມ</h3><p>ຄຳວ່າ“ ຍຶດ” ໝາຍເຖິງການຈັບຫລືຈັບເອົາບາງຄົນຫຼືບາງສິ່ງບາງຢ່າງໂດຍບັງຄັບ. ມັນຍັງສາມາດໝາຍຄວາມວ່າຈະເອົາຊະນະແລະຄວບຄຸມຜູ້ໃດຜູ້ຫນຶ່ງ.</p><ul><li>ເມື່ອເມືອງໃດເຂົ້າມາໂດຍ ກຳ ລັງທະຫານ, ທະຫານຈະຍຶດເອົາຊັບສົມບັດອັນລ້ ຳຄ່າຂອງປະຊາຊົນທີ່ພວກເຂົາໄດ້ຍຶດເອົາ.</li><li>ໃນເວລາທີ່ການນໍາໃຊ້ຕົວເລກ, ບຸກຄົນສາມາດຖືກອະທິບາຍວ່າ "ຖືກຈັບດ້ວຍຄວາມຢ້ານກົວ." ນີ້ໝາຍຄວາມວ່າບຸກຄົນດັ່ງກ່າວໄດ້ "ເອົາຊະນະໂດຍຄວາມຢ້ານ" ຢ່າງກະທັນຫັນ. ມັນຍັງສາມາດແປເປັນ "ທັນທີທັນໃດທີມີຄວາມຢ້ານກົວຫຼາຍ."</li><li>ໃນແງ່ຂອງຄວາມເຈັບປວດແຮງງານທີ່"ຍຶດ"ແມ່ຍິງ,ຄວາມຫມາຍແມ່ນວ່າຄວາມເຈັບປວດແມ່ນກະທັນຫັນແລະແຮງເກີນໄປ.ສິ່ງນີ້ສາມາດຖືກແປວ່າ "ເອົາຊະນະ" ຫຼື "ເກີດຂື້ນຢ່າງກະທັນຫັນ."</li><li>ຄຳສັບນີ້ຍັງອາດຈະຖືກແປເປັນ,"ຄວບຄຸມ" ຫຼື "ກະທັນຫັນ" ຫຼື "ຄວ້າ".</li><li>ສຳນວນທີ່ວ່າ "ຖືກຍຶດແລະນອນຢູ່ກັບນາງ" ສາມາດແປເປັນ "ບັງຄັບຕົນເອງ" ຫລື "ລະເມີດສິດນາງ" ຫຼື "ຂົ່ມຂືນນາງ". ໃຫ້ແນ່ໃຈວ່າການແປພາສາແນວຄວາມຄິດນີ້ເປັນທີ່ຍອມຮັບໄດ້.(ເບິ່ງເພີມເຕີມ: <a href="https://read.bibleineverylanguage.org/WA-Catalog/lo_tm?section=translate#figs-euphemism" target="_blank" data-is-rc-link="" data-repo="lo_tm" data-user="WA-Catalog" data-page="translate" data-topic="figs-euphemism" data-type="tm">figs-euphemism</a>)</li></ul>  
selah	<h2 id="section">@ເສລາ</h2><h3 id="section-1">ນິຍາມ</h3><p>ຄຳວ່າ"ເສລາ"ແມ່ນຄຳ ພາສາເຮັບເຮີທີ່ເກີດຂື້ນສ່ວນຫຼາຍແມ່ນຢູ່ໃນພຣະທຳເພງສັນລະເສີນ. ມັນມີຄວາມໝາຍຫລາຍຢ່າງທີ່ເປັນໄປໄດ້.</p><ul><li>ມັນອາດມີໝາຍຄວາມວ່າ "ຢຸດແລະສັນລະເສີນ,"ເຊິ່ງຈະເຊີນຊວນໃຫ້ຜູ້ຟັງໃຫ້ຄິດຢ່າງລະມັດລະວັງກ່ຽວກັບສິ່ງທີ່ໄດ້ເວົ້າມາ.</li><li>ເນື່ອງຈາກເພງສັນລະເສີນຫຼາຍບົດຖືກຂຽນເປັນບົດເພງ, ມັນໄດ້ຖືກຄິດວ່າ "ເສລາ" ອາດຈະແມ່ນ ຄຳສັບດົນຕີທີ່ຈະສັ່ງໃຫ້ນັກຮ້ອງຢຸດຊົ່ວຄາວໃນການຮ້ອງເພງຂອງລາວເພື່ອໃຫ້ເຄື່ອງດົນຕີຫຼີ້ນພຽງລຳພັງຫລືເພື່ອກະຕຸ້ນໃຫ້ຜູ້ຟັງຄິດກ່ຽວກັບເນື້ອຮ້ອງຂອງເພງ.</li></ul>  
self-control	<h2 id="section">@ການຄວບຄຸມຕົນເອງ</h2><h3 id="section-1">ນິຍາມ</h3><p>ການຄວບຄຸມຕົນເອງແມ່ນຄວາມສາມາດໃນການຄວບຄຸມພຶດຕິກຳ ຂອງຕົນເອງເພື່ອຫລີກລ້ຽງການເຮັດບາບ.</p><ul><li>ມັນໝາຍເຖິງການປະພຶດທີ່ດີ,ນັ້ນແມ່ນ, ຫລີກລ້ຽງຄວາມຄິດ,ການເວົ້າແລະການກະທຳທີ່ຜິດ.</li><li>ການຄວບຄຸມຕົນເອງແມ່ນໝາກຜົນຫລືລັກສະນະທີ່ພຣະວິນຍານບໍລິສຸດປະທານໃຫ້ກັບຄຣິສຕຽນ.</li><li>ບຸກຄົນທີ່ກຳລັງຄວບຄຸມຕົນເອງແມ່ນສາມາດຢຸດຕົນເອງຈາກການເຮັດສິ່ງທີ່ຜິດເຊິ່ງເຂົາອາດຈະຢາກເຮັດ. ພຣະເຈົ້າແມ່ນຜູ້ທີ່ເຮັດໃຫ້ບຸກຄົນນັ້ນສາມາດຄວບຄຸມຕົນເອງໄດ້.</li></ul>  
send	<h2 id="section">@ສົ່ງ, @ສົ່ງອອກ, @ໄດ້ສົ່ງ</h2><h3 id="section-1">ນິຍາມ</h3><p>ການ"ສົ່ງ"ແມ່ນເຮັດໃຫ້ບາງຄົນຫລືບາງສິ່ງບາງຢ່າງໄປບ່ອນໃດບ່ອນ ໜຶ່ງ.ການທີ່ຈະ "ສົ່ງອອກ"ຜູ້ໃດຜູ້ໜື່ງແມ່ນເພື່ອບອກຄົນນັ້ນໃຫ້ໄປເຮັດວຽກຫຼືພາລະກິດ.</p><ul><li>ປົກກະຕິແລ້ວຜູ້ທີ່ຖືກ "ສົ່ງອອກ" ໄດ້ຖືກແຕ່ງຕັ້ງໃຫ້ເຮັດວຽກງານສະເພາະ.</li><li>ປະໂຫຍກທີ່ຄ້າຍຄື "ສົ່ງຝົນ" ຫຼື "ສົ່ງໄພພິບັດ" ໜາຍຄວາມວ່າ "ເຮັດໃຫ້ເກີດ ... ມາ." ການສະແດງອອກແບບນີ້ມັກຈະຖືກ ນຳ ໃຊ້ໃນການອ້າງອີງເຖິງພຣະເຈົ້າເຮັດໃຫ້ສິ່ງເຫລົ່ານີ້ເກີດຂື້ນ.</li><li>ຄຳວ່າ"ສົ່ງ"ຍັງຖືກໃຊ້ໃນການສະແດງອອກເຊັ່ນ"ສົ່ງຄຳສັບ" ຫຼື "ສົ່ງຂໍ້ຄວາມ" ເຊິ່ງໝາຍຄວາມວ່າຈະສົ່ງຂໍ້ຄວາມໃຫ້ຜູ້ໃດຜູ້ໜຶ່ງເພື່ອບອກຄົນອື່ນ.</li><li>ເພື່ອ"ສົ່ງ"ໃຫ້"ຄົນ"ກັບ"ບາງສິ່ງບາງຢ່າງສາມາດໝາຍຄວາມວ່າ" ໃຫ້ "ສິ່ງນັ້ນ" ກັບ "ຄົນອື່ນ, ໂດຍປົກກະຕິຍົກຍ້າຍສີ່ງຂອງຢູ່ໄລຍະຫ່າງບາງຢ່າງເພື່ອໃຫ້ຄົນໄດ້ຮັບມັນ.</li><li>ພຣະເຢຊູໃຊ້ ຄຳເວົ້າທີ່ວ່າ“ ຜູ້ທີ່ໄດ້ສົ່ງຂ້ອຍມາເລື້ອຍໆ” ເພື່ອກ່າວເຖິງພຣະເຈົ້າພຣະບິດາຜູ້ທີ່“ ສົ່ງ” ພຣະອົງລົງມາເທິງແຜ່ນດິນໂລກເພື່ອໄຖ່ແລະຊ່ວຍມະນຸດໃຫ້ລອດ. ນີ້ຍັງສາມາດແປເປັນ, "ມອບໝາຍໜ້າທີໃຫ້ເຮົາ" ຫລື "ເປັນຕົ້ນເຫດໃຫ້ເຮົາມາ" ຫຼື "ແຕ່ງຕັ້ງເຮົາໃຫ້ໄປ."</li></ul>  
sennacherib	<h2 id="section">@ເຊນນາຄາເລັດ</h2><h3 id="section-1">ຂໍ້ເທັດຈິງ</h3><p>ເຊນນາຄາເລັດ ແມ່ນກະສັດແຫ່ງອັດຊີເຣຍທີ່ມີອຳນາດເຊິ່ງໄດ້ເຮັດໃຫ້ ເມຶອງນີນາເວ ກາຍເປັນເມືອງທີ່ອຸດົມສົມບູນແລະສຳຄັນເມຶອງໜຶ່ງ.</p><ul><li>ກະສັດເຊນນາຄາເລັດ ແມ່ນເປັນທີ່ຮູ້ຈັກໃນສົງຄາມຂອງລາວຕໍ່ຕ້ານບາບີໂລນແລະອານາຈັກຢູດາ.</li><li>ລາວເປັນກະສັດທີ່ຈອງຫອງຫລາຍແລະລາວໄດ້ເຍາະເຍີ້ຍ ພຣະເຈົ້າຢາເວ.</li><li>ກະສັດເຊນນາຄາເລັດ ໂຈມຕີກູງເຢຣູຊາເລັມໃນສະໄຫມຂອງກະສັດເອເຊເກຍຢາ</li><li>ພຣະເຈົ້າຢາເວ ໄດ້ເຮັດໃຫ້ກອງທັບຂອງ ກະສັດເຊນນາຄາເລັດ ຖືກທໍາລາຍ.</li><li>ໃນພຣະສັນຍາເດີມ ໃນພຣະທຳຂ່າວຄາວບັນທຶກບາງເຫດການຂອງການປົກຄອງຂອງກະສັດເຊນນາຄາເລັດ.</li></ul>  
serpent	<h2 id="section">@ງູໃຫ່ຍ, @ງູ , @ງູມີພິດ</h2><h3 id="section-1">ນິຍາມ</h3><p>ຂໍ້ຄວາມເຫຼົ່ານີ້ທັງໝົດ ໝາຍເຖິງສັດເລືອຄານທີ່ມີຮ່າງກາຍທີ່ຍາວ, ບາງແລະມີຂະໜາດໃຫຍ່, ແຂ້ວໃຫ່ຍ, ແລະເຄື່ອນທີ່ໂດຍການລ້ຽວໄປມາແລະໄປທົ່ວພື້ນດິນ. ຄຳວ່າ“ ງູ” ໂດຍປົກກະຕິ ໝາຍເຖິງງູໃຫຍ່ແລະ“ ງູພິດ” ໝາຍເຖິງງູປະເພດໜຶ່ງທີ່ມີພິດເຊິ່ງມັນໃຊ້ປ້ອງກັນຕົວເອງເພື່ອໃຫ້ພິດຂອງມັນທຳລາຍສີ່ງທີ່ຢູ່ອອ້ມຮ້ອມຕົວຂອງມັນ.</p><ul><li>ສັດຊະນິດນີ້ຍັງຖືກນຳໃຊ້ກັບຄົນເພື່ອ ໝາຍເຖິງຄົນຊົ່ວ, ໂດຍສະເພາະແມ່ນການຫຼອກລວງ.</li><li>ພຣະເຢຊູເອີ້ນພວກຫົວໜ້າ ສາສະໜາວ່າ“ ເຊື້ອສາຍຂອງງູ” ເພາະວ່າພວກເຂົາທຳທ່າວ່າເປັນຄົນຊອບທຳ, ແຕ່ພວກເຂົາຫຼອກລວງຜູ້ຄົນແລະປະຕິບັດຕໍ່ພວກເຂົາຢ່າງບໍ່ຍຸດຕິທຳ.</li><li>ໃນສວນເອເດນ ຊາຕານໄດ້ເອົາຮູບແບບຂອງງູໃນເວລາທີ່ລາວເວົ້າກັບເອວາແລະລໍ້ລວງນາງບໍ່ໃຫ້ເຊື່ອຟັງພຣະເຈົ້າ.</li><li>ຫລັງຈາກງູໄດ້ລໍ້ລວງເອວາໃຫ້ເຮັດບາບ, ພຣະເຈົ້າໄດ້ສາບແຊ່ງງູ, ໂດຍກ່າວວ່ານັບແຕ່ນັ້ນເປັນຕົ້ນມາ, ງູທັງໝົດຈະລ່ອງໄປຕາມພື້ນດິນ, ໝາຍຄວາມວ່າກ່ອນນັ້ນມັນຈະມີຂາ.</li></ul>  
servant	<h2 id="section">@ຜູ້ຮັບໃຊ້, @ທາດ, @ຂ້າທາດ</h2><h3 id="section-1">ນິຍາມ</h3><p>ຄຳວ່າ“ ຜູ້ຮັບໃຊ້” ຍັງສາມາດໝາຍຄວາມວ່າ“ ຂ້າໃຊ້” ແລະໝາຍເຖິງບຸກຄົນຜູ້ທີ່ເຮັດວຽກເພື່ອຄົນອື່ນ, ໂດຍທາງເລືອກຫລືດ້ວຍກຳລັງ. ຂໍ້ພຣະຄຳພີ ອ້ອມຂ້າງໂດຍປົກກະຕິແລ້ວເຮັດໃຫ້ຈະແຈ້ງວ່າຜູ້ຮັບໃຊ້ຫລືຂ້າໃຊ້ຈະຖືກກ່າວເຖິງ.</p><ul><li>ໃນສະໄໝທີ່ຂຽນຄຳພີ, ຜູ້ຮັບໃຊ້ແລະຂ້າໃຊ້ມີຄວາມແຕກຕ່າງໜ້ອຍ ກວ່າທຸກມື້ນີ້. ທັງຜູ້ຮັບໃຊ້ແລະຂ້າໃຊ້ແມ່ນພາກສ່ວນໜຶ່ງທີ່ສຳຄັນຂອງຄົວເຮືອນນາຍຂອງພວກເຂົາແລະຫຼາຍຄົນກໍ່ໄດ້ຮັບການປະຕິບັດຄືກັນກັບສະມາຊິກໃນຄອບຄົວ. ບາງຄັ້ງຜູ້ຮັບໃຊ້ຈະເລືອກທີ່ຈະເປັນຂ້າໃຊ້ຕະຫຼອດຊີວິດຕໍ່ນາຍຂອງລາວ.</li><li>ຂ້າໃຊ້ເປັນຄົນຮັບໃຊ້ຄົນໜຶ່ງເຊິ່ງເປັນຊັບສົມບັດຂອງຄົນທີ່ລາວເຮັດເພື່ອ. ບຸກຄົນທີ່ຊື້ຂ້າໃຊ້ເອີ້ນວ່າ "ເຈົ້າຂອງ" ຫລື "ນາຍ." ແມ່ບົດບາງຄົນປະຕິບັດຕໍ່ຂ້າໃຊ້ຂອງຕົນຢ່າງໂຫດຮ້າຍ, ໃນຂະນະທີ່ນາຍອື່ນໆປະຕິບັດຕໍ່ຂ້າໃຊ້ຂອງພວກເຂົາໄດ້ດີ, ຄືກັນກັບຜູ້ຮັບໃຊ້ທີ່ເປັນສະມາຊິກທີ່ມີຄຸນຄ່າຂອງຄົວເຮືອນ.</li><li>ໃນສະ ໄໝ ບູຮານ, ບາງຄົນເຕັມໃຈເປັນທາດຂອງບຸກຄົນທີ່ພວກເຂົາເປັນ ໜີ້ ເພື່ອທີ່ຈະ ຊຳ ລະ ໜີ້ ໃຫ້ຄົນນັ້ນ.</li><li>ໃນສະໄໝບູຮານ, ບາງຄົນເຕັມໃຈເປັນທາດຂອງບຸກຄົນທີ່ພວກເຂົາເປັນໜີ້ເພື່ອທີ່ຈະຊຳລະໜີ້ໃຫ້ຄົນນັ້ນ.</li><li>ໃນຄຳພີໄບເບິນ, ປະໂຫຍກທີ່ວ່າ "ຂ້ອຍເປັນຜູ້ຮັບໃຊ້ຂອງເຈົ້າ" ຖືກນຳ ໃຊ້ເປັນສັນຍາລັກຂອງຄວາມເຄົາລົບແລະການຮັບໃຊ້ຕໍ່ບຸກຄົນທີ່ມີຕຳ ແໜ່ງສູງ, ເຊັ່ນກະສັດ. ມັນບໍ່ໄດ້ໝາຍຄວາມວ່າຄົນທີ່ເວົ້າເປັນຜູ້ຮັບໃຊ້ທີ່ແທ້ຈິງ.</li><li>ໃນສະໄໝພຣະຄຳພີເດີມ, ຜູ້ທຳນວຍຂອງພຣະເຈົ້າແລະຄົນອື່ນໆທີ່ນະມັດສະການພຣະເຈົ້າມັກຖືກກ່າວເຖິງວ່າເປັນ"ຜູ້ຮັບໃຊ້"ຂອງພຣະເຈົ້າ.</li><li>ໃນພຣະຄຳພີໃໝ່, ຄົນທີ່ເຊື່ອຟັງພຣະເຈົ້າຜ່ານທາງຄວາມສັດຊຶ່ໃນພຣະເຢຊູຄຣິດ ມັກຖືກເອີ້ນວ່າ"ຜູ້ຮັບໃຊ້ຂອງພຣະອົງ."</li><li>ຊາວຄຣິດສະຕຽນຍັງຖືກເອີ້ນວ່າ "ຂ້າໃຊ້ຄວາມຊອບທຳ," ເຊິ່ງເປັນການປຽບທຽບເຖີງຄວາມຜູກພັນໃນການເຊື່ອຟັງພຣະເຈົ້າກັບຄວາມຜູກພັນຂອງຂ້າທາດໃນການເຊື່ອຟັງນາຍຂອງຕົນ. (ເບິ່ງເພີມເຕີມ: <a href="https://read.bibleineverylanguage.org/WA-Catalog/lo_tm?section=translate#figs-metaphor" target="_blank" data-is-rc-link="" data-repo="lo_tm" data-user="WA-Catalog" data-page="translate" data-topic="figs-metaphor" data-type="tm">figs-metaphor</a>)</li></ul>  
serve	<h2 id="section">@ການບົວລະບັດ, @ການຮັບໃຊ້</h2><h3 id="section-1">ນິຍາມ</h3><p>ຄຳວ່າ“ ຮັບໃຊ້” ໝາຍຄວາມວ່າເຮັດສິ່ງຕ່າງໆເພື່ອຊ່ວຍຄົນອື່ນ. ມັນຍັງສາມາດໝາຍຄວາມວ່າ "ການນະມັດສະການ."</p><ul><li>ໃນສະພາບການຂອງແມ່ຍິງທີ່ຮັບໃຊ້ແຂກ, ຄຳສັບນີ້ມີຄວາມໝາຍວ່າ "ເບິ່ງແຍງ" ຫຼື "ຮັບໃຊ້ເອົາອາຫານໃຫ້" ຫຼື "ຈັດຫາອາຫານ ສຳລັບ."ເຖິງ.</li></ul><p>"1% comment_5adb7a6af206fdb7787dd58f4b215940</p><ul><li>ຄຳວ່າ“ ການບົວລະບັດ” ໝາຍເຖິງການກະທຳຮັບໃຊ້. ມັນຍັງສາມາດຖືກນໍາໃຊ້ເພື່ອຫມາຍເຖິງ "ການປະຊຸມ" ຂອງຄຣິສຕຽນໃນຂະນະທີ່ພວກເຂົານະມັດສະການພຣະເຈົ້າຮ່ວມກັນ.</li><li>ຄຳວ່າ "ການຮັບໃຊ້" ຍັງສາມາດແປເປັນ, "ເບີ່ງແຍງເປັນພິເສດ" ຫຼື "ເຮັດວຽກເພື່ອ" ຫລື "ເບິ່ງແຍງ" ຫລື "ເຊື່ອຟັງ", ຂື້ນກັບສະພາບການ.</li><li>"ການຮັບໃຊ້ພຣະເຈົ້າ" ສາມາດແປເປັນ "ການນະມັດສະການແລະເຊື່ອຟັງພຣະເຈົ້າ" ຫຼື "ເຮັດວຽກທີ່ພຣະເຈົ້າສັ່ງ."</li><li>ເພື່ອ“ ການບົວລະບັດເທີງໂຕະ” ໝາຍເຖິງການເອົາອາຫານໄປໃຫ້ຄົນທີ່ກຳລັງນັ່ງໂຕະ.</li><li>ຜູ້ທີ່ສອນຄົນອື່ນກ່ຽວກັບພຣະເຈົ້າໄດ້ຖືກກ່າວວ່າໃຫ້ຮັບໃຊ້ທັງພຣະເຈົ້າແລະຄົນອື່ນທີ່ພວກເຂົາສອນ.</li><li>ອັກຄະສາວົກໂປໂລໄດ້ຂຽນເຖິງຄຣີດສຕຽນຊາວໂກຣິນໂທກ່ຽວກັບວິທີທີ່ພວກເຂົາໃຊ້ເພື່ອ“ ຮັບໃຊ້” ພັນທະສັນຍາພຣະຄຳພີເດີມ. ນີ້ໝາຍເຖິງການເຊື່ອຟັງກົດຂອງໂມເຊ.</li><li>ດຽວນີ້ພວກເຂົາ“ ຮັບໃຊ້” ພັນທະສັນຍາພຣະຄຳພີໃໝ່, ນັ້ນແມ່ນ, ຍ້ອນການເສຍສະລະຂອງພຣະເຢຊູຢູ່ເທິງໄມ້ກາງແຂນ, ຜູ້ທີ່ເຊື່ອໃນພຣະເຢຊູໄດ້ຖືກປ່ຽນແປງໂດຍພຣະວິນຍານບໍລິສຸດເຮັດໃຫ້ພຣະເຈົ້າພໍໃຈແລະດຳລົງຊີວິດທີ່ບໍລິສຸດ.</li><li>ໂປໂລເວົ້າກ່ຽວກັບເລື່ອງນີ້ໃນແງ່ຂອງ "ການຮັບໃຊ້" ຂອງພວກເຂົາຕໍ່ສັນຍາເກົ່າຫລື ໃໝ່. ສິ່ງນີ້ສາມາດຖືກແປວ່າ "ການຮັບໃຊ້" ຫລື "ການເຊື່ອຟັງ" ຫລື "ການອຸທິດຕົນ."</li></ul>  
set apart	<h2 id="section">@ແຍກອອກຈາກກັນ</h2><h3 id="section-1">ນິຍາມ</h3><p>ຄຳວ່າ "ແຍກອອກຈາກກັນ" ໝາຍຄວາມວ່າຖືກແຍກອອກຈາກບາງສິ່ງບາງຢ່າງເພື່ອບັນລຸຈຸດປະສົງໃດໜຶ່ງ.</p><ul><li>ຊາວອິດສະລາແອນຖືກແຍກອອກໄປຮັບໃຊ້ພະເຈົ້າ.</li><li>ພຣະວິນຍານບໍລິສຸດໄດ້ສັ່ງໃຫ້ຊາວຄຣິດສຕຽນທີ່ເມືອງອັນຕີອົກເຂຍໄດ້ແບ່ງແຍກໂປໂລແລະບານາບາເພື່ອເຮັດວຽກທີ່ພຣະເຈົ້າປະສົງໃຫ້ພວກເຂົາເຮັດ.</li><li>ຜູ້ທີ່ເຊື່ອທີ່ "ແຍກອອກຈາກກັນ" ເພື່ອຮັບໃຊ້ພະເຈົ້າແມ່ນ "ອຸທິດຕົນເພື່ອ" ເຮັດໃຫ້ໃຈປະສົງຂອງພະເຈົ້າ ສຳ ເລັດ.</li><li>ຄວາມໝາຍໜຶ່ງຂອງຄຳວ່າ "ບໍລິສຸດ" ແມ່ນການແຍກອອກເປັນຂອງພຣະເຈົ້າແລະຖືກແຍກອອກຈາກແນວທາງທີ່ຜິດຂອງໂລກ.</li><li>ຄຳວ່າ "ບໍລິສຸດ" ໝາຍເຖິງການແຍກຄົນໃຫ້ຮັບໃຊ້ພຣະເຈົ້າ.</li></ul><p>%ຄຳແນະນຳໃນການແປ</p><ul><li>ວິທີການແປ "ເພື່ອແຍກອອກໄປ" ສາມາດປະກອບມີ, "ເພື່ອເລືອກເອົາພິເສດ" ຫຼື "ແຍກອອກຈາກບັນດາທ່ານ" ຫຼື "ເອົາໄປເຮັດໜ້າທີ່ພິເສດ."</li><li>"ຖືກແຍກອອກໄປ" ສາມາດຖືກແປເປັນ "ແຍກອອກຈາກກັນ."</li></ul>  
seth	<h2 id="section">@ເຊດ</h2><h3 id="section-1">ຂໍ້ເທັດຈິງ</h3><p>ໃນປື້ມປະຖົມມະການ, ເຊດແມ່ນລູກຊາຍຄົນທີສາມຂອງອາດາມແລະເອວາ.</p><ul><li>ເອວາເວົ້າວ່າເຊດໄດ້ມອບໃຫ້ນາງແທນທີ່ອາເບນລູກຊາຍຂອງນາງທີ່ຖືກຂ້າໂດຍກາອີນນ້ອງຊາຍຂອງລາວ.</li></ul><p>ໂນອາແມ່ນ ໜຶ່ງໃນບັນດາເຊື້ອສາຍຂອງເຊດ, ສະນັ້ນທຸກຄົນທີ່ມີຊີວິດຢູ່ຕັ້ງແຕ່ສະໄໝນໍ້າຖ້ວມກໍ່ແມ່ນເຊື້ອສາຍຂອງເຊດ. ເຊດ ແມ່ນຄອບຄົວຂອງລາວທຳອິດທີ່ໄດ້“ ຮ້ອງຫາພຣະນາມຂອງພຣະຜູ້ເປັນເຈົ້າ.”</p>  
sex	<h2 id="section">@ນອນກັບ,ມີຄວາມສຳພັນ,ການສົມສູ</h2><h3 id="section-1">ນິຍາມ</h3><p>ໃນ ຄຳ ພຣະຄຳພີ, ຂໍ້ກຳນົດເຫຼົ່ານີ້ແມ່ນຄວາມໂລບມາກເຊິ່ງໝາຍເຖິງການມີເພດສຳພັນ. (ເບິ່ງ: <a href="https://read.bibleineverylanguage.org/WA-Catalog/lo_tm?section=translate#figs-euphemism" target="_blank" data-is-rc-link="" data-repo="lo_tm" data-user="WA-Catalog" data-page="translate" data-topic="figs-euphemism" data-type="tm">figs-euphemism</a>)</p><ul><li>ການ“ ນອນຢູ່ກັບ” ຜູ້ໃດຜູ້ໜຶ່ງແມ່ນວິທີການທົ່ວໄປຂອງການອ້າງອີງເຖິງການມີເພດສຳພັນ. ຄວາມເຄັ່ງຕຶງທີ່ຜ່ານມາແມ່ນ, "ນອນກັບ."</li><li>ໃນປຶ້ມພຣະຄຳພີເດີມ, "ຍອດເພງ,", ULB ໃຊ້ຄຳວ່າ "ຮັກ" ເພື່ອແປ ຄຳວ່າ "ຄວາມຮັກ," ເຊິ່ງໃນສະພາບການນັ້ນໝາຍເຖິງການພົວພັນທາງເພດ. ນີ້ແມ່ນກ່ຽວຂ້ອງກັບສຳນວນທີ່ວ່າ, "ສ້າງຄວາມຮັກ."</li></ul><p>%ຄຳແນະນຳການແປ</p><ul><li>ບາງພາສາອາດຈະໃຊ້ຄຳເວົ້າທີ່ແຕກຕ່າງກັນຂອງຄຳສັບນີ້ໃນສະພາບການທີ່ແຕກຕ່າງກັນ, ຂື້ນກັບວ່າມັນກຳລັງເວົ້າກ່ຽວກັບຜົວແລະເມຍ, ຫລືວ່າມັນກ່ຽວກັບຄວາມສຳພັນອື່ນໆ. ສິ່ງສຳຄັນແມ່ນໃຫ້ແນ່ໃຈວ່າການແປຄຳສັບນີ້ມີຄວາມໝາຍຖືກຕ້ອງໃນແຕ່ລະສະພາບການ.</li><li>ອີງຕາມສະພາບການ, ຄຳເວົ້າຕ່າງໆເຫຼົ່ານີ້ສາມາດຖືກນຳໃຊ້ເພື່ອແປ "ນອນກັບ": "ນອນຢູ່ກັບ" ຫຼື "ສ້າງຄວາມຮັກກັບ" ຫຼື "ສະໜິດສະ ໜົມກັບ."</li><li>ອີກວິທີ ໜຶ່ງທີ່ຈະແປວ່າ "ມີຄວາມສຳພັນກັບ" ສາມາດປະກອບມີ, "ມີເພດສຳພັນກັບ" ຫຼື "ມີຄວາມສຳພັນທາງເພດກັບ".</li><li>ຄຳວ່າ "ຮັກ" ກໍ່ສາມາດແປເປັນ "ຄວາມຮັກ" ຫລື "ຄວາມສະໜິດສະ ໜົມ." ຫຼືອາດຈະມີການສະແດງອອກເຊິ່ງເປັນວິທີທຳມະຊາດທີ່ຈະແປສິ່ງນີ້ເປັນພາສາໂຄງການ.</li><li>ມັນເປັນສິ່ງສຳຄັນທີ່ຕ້ອງກວດເບິ່ງວ່າຄຳສັບທີ່ໃຊ້ໃນການແປແນວຄວາມຄິດນີ້ເປັນທີ່ຍອມຮັບຂອງຄົນທີ່ຈະໃຊ້ຄຳແປພຣະຄຳພີ.</li></ul>  
shadow	<h2 id="section">@ເງົາ</h2><h3 id="section-1">ນິຍາມ</h3><p>ຄຳວ່າ "ເງົາ" ທີ່ຮູ້ໃນຫນັງສືໝາຍເຖິງຄວາມມືດທີ່ເກີດຈາກວັດຖຸທີ່ກີດຂວາງຂອງແສງ. ມັນຍັງມີຄວາມໝາຍຫລາຍໆຮູບ.</p><ul><li>“ ເງົາແຫ່ງຄວາມຕາຍ” ໝາຍຄວາມວ່າຄວາມຕາຍມີຢູ່ຫລືໃກ້ໆພຽງແຕ່ເປັນເງົາທີ່ບົ່ງບອກເຖິງການປະກົດຕົວຂອງວັດຖຸຂອງມັນ.</li><li>ຫຼາຍຄັ້ງໃນພຣະຄຳພີ, ຊີວິດຂອງມະນຸດໄດ້ຖືກປຽບທຽບກັບເງົາ, ເຊິ່ງບໍ່ມີອາຍຸຍືນແລະບໍ່ມີຫຍັງເລີຍ.</li><li>ບາງຄັ້ງ "ເງົາ" ກໍ່ຖືກໃຊ້ເປັນອີກຄຳໜຶ່ງສຳລັບ "ຄວາມມືດ".</li><li>ພຣະຄຳພີເວົ້າເຖິງການຖືກປິດບັງຫລືປົກປ້ອງໃນເງົາຂອງປີກຫລືມືຂອງພຣະເຈົ້າ. ນີ້ແມ່ນຮູບພາບທີ່ຖືກປົກປ້ອງແລະປິດບັງຈາກອັນຕະລາຍ. ວິທີອື່ນໃນການແປພາສາ "ເງົາ" ໃນສະພາບການເຫຼົ່ານີ້ອາດປະກອບມີ "ຮົ່ມ" ຫລື "ຄວາມປອດໄພ" ຫຼື "ການປົກປ້ອງ."</li><li>ມັນເປັນສິ່ງທີ່ດີທີ່ສຸດທີ່ຈະແປພາສາ "ເງົາ" ທີ່ເປັນຕົວຈິງໂດຍໃຊ້ຄຳ ສັບທ້ອງຖິ່ນທີ່ໃຊ້ເພື່ອໝາຍເຖິງເງົາຕົວຈິງ.</li></ul>  
shame	<h2 id="section">@ຄວາມອາຍ, @ໜ້າອັບອາຍ, @ອາຍ</h2><h3 id="section-1">ນິຍາມ</h3><p>ຄຳວ່າ“ ຄວາມອາຍ” ໝາຍເຖິງຄວາມຮູ້ສຶກທີ່ເຈັບປວດທີ່ຈະເຮັດໃຫ້ຄົນເສີຍເມີຍຍ້ອນສິ່ງທີ່ບໍ່ສົມຄວນຫລືບໍ່ເໝາະສົມທີ່ຕົນເອງຫຼືຄົນອື່ນໄດ້ເຮັດ.</p><ul><li>ບາງສິ່ງບາງຢ່າງທີ່“ ໜ້າອັບອາຍ” ແມ່ນ“ ບໍ່ເໝາະສົມ” ຫຼື“ ໜ້າ ອັບອາຍ”.</li><li>ຄຳວ່າ“ ໜ້າອາຍ” ອະທິບາຍວ່າຄົນເຮົາຮູ້ສຶກແນວໃດເມື່ອລາວໄດ້ເຮັດສິ່ງທີ່ໜ້າອາຍ.</li><li>ປະໂຫຍກທີ່ວ່າ "ເຮັດໃຫ້ອັບອາຍ"ຫມາຍຄວາມວ່າຈະເອົາຊະນະຄົນຫຼືເປີດເຜີຍຄວາມບາບຂອງພວກເຂົາເພື່ອໃຫ້ພວກເຂົາຮູ້ສຶກອັບອາຍຕົວເອງ.</li><li>ຜູ້ເຜີຍພຣະຄຳເອຊາວກ່າວວ່າຜູ້ທີ່ເຮັດແລະບູຊາຮູບປັ້ນຈະຖືກອັບອາຍ.</li><li>ພຣະເຈົ້າສາມາດນຳຄວາມອັບອາຍມາສູ່ຜູ້ທີ່ບໍ່ກັບໃຈ, ໂດຍການເປີດເຜີຍຄວາມຜິດຂອງຄົນນັ້ນແລະເຮັດໃຫ້ລາວຖືກອັບອາຍ.</li></ul>  
sharon	<h2 id="section">@ຊາລອນ, @ທົ່ງພຽງຂອງ @ຊາລອນ</h2><h3 id="section-1">ຂໍ້ເທັດຈິງ</h3><p>ຊາລອນ ແມ່ນຊື່ຂອງພື້ນທີ່ຮາບພຽງແລະອຸດົມສົມບູນຂອງເນື້ອທີ່ດິນຕາມຊາຍຝັ່ງທະເລ ເມດີເຕລະເນຍ, ທາງທິດໃຕ້ຂອງ ເມົາຄາເມ.ມັນຍັງມີຊື່ວ່າ "ທົ່ງພຽງຊາລອນ".</p><ul><li>ມີຫລາຍເມືອງທີ່ກ່າວເຖິງໃນພຣະຄຳພີຕັ້ງຢູ່ເທິງທົ່ງພຽງຊາຊອນ, ລວມທັງເມືອງຢົບຟາ, ລີຣດາ, ແລະເມືອງຄາຊີລາ.</li><li>ສິ່ງນີ້ອາດຈະແປເປັນ "ທົ່ງພຽງທີ່ເອີ້ນວ່າ Sharon" ຫຼື "ທົ່ງພຽງຊາລອນ."</li><li>ຄົນທີ່ອາໄສຢູ່ໃນເຂດ ຊາລອນ ຖືກເອີ້ນວ່າ "ທົ່ງພຽງຂອງເຊລອນ."</li></ul>  
sheba	<h2 id="section">@ເຊບາ</h2><h3 id="section-1">ຂໍ້ເທັດຈິງ</h3><p>ໃນສະໄໜບູຮານ, ເຊບາເປັນອະລິຍະທຳບູຮານຫລືເປັນແຄ້ວນທີ່ຢູ່ບາງແຫ່ງໃນທາງພາກໃຕ້ຂອງອາຣາເບຍ.</p><ul><li>ແຄ້ວນເຊບາຫລືປະເທດເຊບາອາດຕັ້ງຢູ່ໃກ້ເຊິ່ງປະຈຸບັນເປັນປະເທດເຢເມນຫລືປະເທດເອທີໂອເປຍໃນປະຈຸບັນນີ້.</li><li>ຄົນທີ່ອາໃສຢູ່ເປັນລູກຫລານຂອງຮາມ.</li><li>ຣາຊີນີແຫ່ງເຊບາໄດ້ມາຢ້ຽມຢາມກະສັດໂຊໂລໂມນເມື່ຶອພະນາງໄດ້ຍິນເຖິງກິດຕິສັບໃນຄວາມມັ່ງຄັ່ງແລະສະຕິປັນຍາຂອງພຣະອົງ.</li><li>ມີຜູ້ຊາຍຫລາຍຄົນທີ່ມີຊື່ວ່າ "ເຊບາ" ທີ່ລະບຸລຳດັບວົງຕະກຸນໃນພຣະຄຳພີເດີມ ເປັນໄປໄດ້ວ່າຊື່ຂອງແຄ້ວນເຊບານັ້ນມາຈາກໜຶ່ງໃນຜູ້ຊາຍເຫລົ່ານີ້.</li><li>ເມືອງເບເອີເຊບາໄດ້ຖືກຕັດໃຫ້ສັ້ນເປັນເມືອງເຊບາຄັ້ງໜຶ່ງໃນພັນພຣະຄຳພີເດີມ.</li></ul>  
shechem	<h2 id="section">@ຊີເຄມ</h2><h3 id="section-1">ຂໍ້ເທັດຈິງ</h3><p>ຊີເຄມເປັນເມືອງທີ່ຢູ່ໃນການາອານເຊິ່ງຕັ້ງຢູ່ທາງພາກເໝືອຫ່າງຈາກເຢຣູຊາເລັມປະມານ 64 ກິໂລແມັດ ຊີເຄມຍັງເປັນຊື່ຂອງຜູ້ຊາຍຄົນໜຶ່ງໃນພຣະຄຳພິເດີມ.</p><ul><li>ເມືອງຊີເຄມເປັນເມືອງທີ່ຢາໂຄບໄດ້ຕັ້ງຖິ່ນຖານຢູ່ຫລັງຈາກຄືນດີກັນກັບເອຊາວອ້າຍຂອງເຂົາ.</li><li>ຢາໂຄບໄດ້ຊື້ທີ່ດິນຈາກລູກຊາຍຂອງຮາໂມຊາວຮີວີໃນເມືອງຊີເຄມ, ເຊິ່ງຕໍ່ມາກາຍເປັນທີ່ຝັງສົບຄອບຄົວຂອງເຂົາແລະເປັນສະຖານທີ່ ທີ່ລູກຊາຍທັງຫລາຍຂອງຢາໂຄບໄດ້ຝັງເຂົາໄວ້.</li><li>ຊີເຄມເປັນລູກຊາຍຂອງຮາໂມໄດ້ຂົ່ມຂືນດີນາລູກສາວຂອງຢາໂຄບ, ເຊິ່ງເປັນຜົນເຮັດໃຫ້ລູກຊາຍຂອງຢາໂຄບຂ້າຜູ້ຊາຍໃນເມືອງຊີເຄມ.</li></ul>  
sheep	<h2 id="section">@ຝູງແກະ, @ແກະໂຕຜູ້, @ແກະໂຕເມຍ</h2><h3 id="section-1">ນິຍາມ</h3><p>"ແກະ"ເປັນສັດຂະໜາດກາງທີ່ມີສີ່ຂາມີຂົນຮອບຕົວ. ແກະເພດຜູ້ເອີ້ນວ່າ "ແກະໂຕຜູ້." ແກະເພດຍິງເອີ້ນວ່າ "ແກະໂຕເມຍ"</p><ul><li>ແກະໂຕນ້ອຍຈະເອີ້ນວ່າ "ລູກແກະ."</li><li>ຫລາຍຄັ້ງທີ່ຊາວອິດສະຣາເອນໃຊ້ແກະໃນການຖວາຍບູຊາ, ໂດຍສະເພາະແມ່ນແກະໂຕຜູ້ທີ່ຍັງໜຸ່ມ.</li><li>ຄົນຈະກິນຊີ້ນແກະແລະນຳຂົນແກະໄປເຮັດເປັນເສື້ອຜ້າແລະສິ່ງອື່ນໆ.</li><li>ແກະເປັນສັດທີ່ຟັງຄວາມ, ມັນອ່ອນແອ, ຂີ້ຢ້ານ. ພວກມັນຫລົງທາງໄດ້ງ່າຍ ພວກມັນຈຶ່ງຕ້ອງການຜູ້ລ້ຽງ. ເພື່ອຈະນຳແລະປົກປ້ອງພວກມັນ, ຫາອາຫານ, ນໍ້າດື່ມແລະບ່ອນພັກອາໄສໃຫ້ພວກມັນດ້ວຍ.</li><li>ໃນພຣະຄຳພີ, ປະຊາຊົນຖືກປຽບທຽບກັບແກະຜູ້ທີ່ມີພຣະເຈົ້າເປັນຜູ້ລ້ຽງຂອງພວກເຂົາ.</li></ul>  
shem	<h2 id="section">@ເຊມ</h2><h3 id="section-1">ຂໍ້ເທັດຈິງ</h3><p>ເຊມເປັນລູກຄົນໜຶ່ງໃນລູກຊາຍສາມຄົນຂອງໂນອາທີ່ໄດ້ເຂົ້າໄປຢູ່ໃນເຮຶອກັບໂນອາໃນຂະນະທີ່ນ້ຳຖ້ວມໂລກ ໄດ້ບັນທຶກໄວ້ໃນພຣະທຳປະຖົມມະການ.</p><ul><li>ເຊມເປັນບັນພະບູລຸດຂອງອັບຣາຮາມແລະເຊື້ອສາຍຂອງເຂົາ.</li><li>ເຊື້ອສາຍຂອງເຊມເປັນທີ່ຮູ້ຈັກກັນຄື "ເຊມາຍ " ຜູ້ເວົ້າພາສາ "ເສເມຕິກ " ເຊັ່ນວ່າພາສາເຮັບເຣີແລະພາສາອາຫຣັບ.</li><li>ພຣະຄຳພີບັນທຶກໄວ້ວ່າ ເຊມມີອາຍຸຍືນຍາວເຖິງ 600 ປີ.</li></ul>  
shepherd	<h2 id="section">@ຜູ້ລ້ຽງແກະ, @ລ້ຽງແກະ</h2><h3 id="section-1">ນິຍາມ</h3><p>ຜູ້ລ້ຽງແກະ ຄືບຸກຄົນທີ່ດູແລຝູງແກະ. ຄຳກິລິຍາ "ລ້ຽງແກະ"ໝາຍການປົກປ້ອງແກະແລະຈັດຕຽມອາຫານນໍ້າດື່ມໃຫ້ກັບພວກມັນ.</p><ul><li>ຜູ້ລ້ຽງແກະຈະເຝົ້າດູແລຝູງແກະ, ພາພວກມັນໄປຫາອາຫານແລະນໍ້າດື່ມທີ່ດີ. ຜູ້ລ້ຽງແກະຍັງຮັກສາຝູງແກະບໍ່ໃຫ້ຫລົງເສຍ ແລະປົກປ້ອງພວກມັນຈາກສັດຮ້າຍທັງຫລາຍ.</li><li>ຫລາຍຄັ້ງຄຳນີ້ຍັງໃຊ້ປຽບທຽບໃນພຣະຄຳພີເພື່ອອ້າງເຖິງ ການດູແລຄວາມຕ້ອງການທາງດ້ານຈິດວິນຍານຂອງຄົນ. ລວມເຖິງການສອນພວກເຂົາໃນສິ່ງທີ່ເຈົ້າກ່າວໃນພຣະຄຳ ແລະນຳພວກເຂົາໃຫ້ມີຊີວິດໃນທາງທີ່ຖືກຕ້ອງ.</li></ul><p>(ເບິ່ງເພີ່ມເຕີມ: <a href="https://read.bibleineverylanguage.org/WA-Catalog/lo_tm?section=translate#figs-metaphor" target="_blank" data-is-rc-link="" data-repo="lo_tm" data-user="WA-Catalog" data-page="translate" data-topic="figs-metaphor" data-type="tm">figs-metaphor</a>)</p><ul><li>ໃນພັນທະສັນຍາເດີມ, ພຣະເຈົ້າຖືກເອີ້ນວ່າ "ຜູ້ລ້ຽງແກະ" ຂອງປະຊາຊົນຂອງພຣະອົງເພາະພຣະອົງຊົງດູແລຄວາມຕ້ອງການຂອງພວກເຂົາທຸກຢ່່າງ. ພຣະອົງຮັກສາພວກເຂົາແລະຊົງນຳພວກເຂົາດ້ວຍ.</li><li>ໂມເຊເປັນຜູ້ລ້ຽງແກະຂອງຊາວອິດສະຣາເອນ ໃນຖານະທີ່ເປັນຜູ້ນຳທາງດ້ານຝ່າຍວິນຍານໃນການນະມັດສະການພຣະເຈົ້າຢາເວ ແລະເປັນຜູ້ນຳພວກເຂົາທາງດ້ານຮ່າງກາຍດ້ວຍ ໃນການເດິນທາງໄປຍັງແຜ່ນດິນການາອານ.</li><li>ໃນພັນທະສັນຍາໃໝ່, ພຣະເຢຊູຊົງເອີ້ນພຣະອົງເອງວ່າເປັນ "ຜູ້ລ້ຽງທີ່ດີ." ອັກຄະສາວົກເວົ້າເຖິງພຣະອົງວ່າເປັນ "ເປັນຜູ້ລ້ຽງທີ່ຍິ່ງໃຫຍ່"ເໜືອຄຣິສຕະຈັກ.</li><li>ໃນພັນທະສັນຍາໃໝ່, ຄຳວ່າ  "ຜູ້ລ້ຽງແກະ" ຍັງໃຊ້ອ້າງເຖິງບຸກຄົນທີ່ເປັນຜູ້ນຳທາງດ້ານຝ່າຍຈິດວິນຍານຂອງເຫລົ່າຜູ້ເຊື່ອ. ຄຳວ່າ "ສິດຍາພິບານ" ມີຄວາມໝາຍເໝືອນກັບຄຳວ່າ  "ຜູ້ລ້ຽງແກະ." ຜູ້ປົກຄອງແລະຜູ້ດູແລກໍເອີ້ນວ່າຜູ້ລ້ຽງເເກະເຊັ່ນກັນ.</li></ul><h3 id="section-2">ຄຳແນະນຳໃນການແປ</h3><ul><li>ເມື່ອໃຊ້ຕາມຕົວອັກສອນ, ການກະທຳ "ຜູ້ລ້ຽງແກະ" ສາມາດແປວ່າ "ການດູແລແກະ" ຫລື "ການເຝົ້າຮັກສາຝູງແກະ."</li><li>ບຸກຄົນ  "ຜູ້ລ້ຽງແກະ"  ສາມາດແປວ່າ, "ບຸກຄົນຜູ້ດູຝູງແກະ" ຫລື "ຜູ້ນຳຝູງແກະ" ຫລື "ຜູ້ໃຫ້ຄວາມດູແລຝູງແກະ. "</li><li>ເມື່ອໃຊ້ຄຳອູປະມາອຸປະໄມ, ວິທີແປທີ່ແຕກຕ່າງໄປໃນການແປຄຳນີ້ສາມາດລວມ, "ຜູ້ດູແລຝູງແກະຝ່າຍຈິດວິນຍານ"ຫລື ຜູ້ນຳຝ່າຍຈິດວິນຍານ" ຫລື " ຜູ້ທີ່ເໝືອນຜູ້ລ້ຽງຝູງແກະ" ຫລື "ຜູ້ດູແລປະຊາຊົນຂອງເຂົາເໝືອນຜູ້ລ້ຽງແກະດູແລຝູງແກະຂອງເຂົາ" ຫລື "ຜູ້ນຳປະຊາຊົນຂອງເຂົາເໝືອນຜູ້ລ້ຽງແກະນຳຝູງແກະຂອງເຂົາ" ຫລື "ຜູ້ດູແລຝູງແກະຂອງພຣະເຈົ້າ."</li><li>ໃນບາງບໍລິບົດ  "ຜູ້ລ້ຽງແກະ" ສາມາດແປວ່າ "ຜູ້ນຳ" ຫລື "ນຳ" ຫລື "ຜູ້ໃຫ້ການດູແລ."</li><li>ຄຳກ່າວ, "ການລ້ຽງແກະ​".</li></ul>  
shield	<h2 id="section">@ໂລ່</h2><h3 id="section-1">ນິຍາມ</h3><p>ໂລ່ເປັນວັດຖູຢ່າງໜຶ່ງທີ່ທະຫານໃຊ້ຖືໃນການສູ້ຮົບເພື່ອປ້ອງກັນຕົວເຂົາບໍ່ໃຫ້ໄດ້ຮັບບາດເຈັບຈາກອາວຸດຂອງສັດຕູ.  "ການປົກປ້ອງ" ໃຜຄົນໜຶ່ງໝາຍເຖິງການປ້ອງກັນເຂົາຄົນນັ້ນຈາກອັນຕະລາຍ.</p><ul><li>ໂລ່ເປັນຮູບຊົງກົມຫລືຮູບວົງລີເຮັດດ້ວຍວັດສະດຸ ເຊັ່ນໜັງສັດ, ໄມ້, ຫລື ໂລຫະ ໜາພໍທີ່ຈະປ້ອງກັນດາບແລະລູກທະນູໄດ້.</li><li>ການໃຊ້ຄຳນີ້ເປັນຄຳອຸປະມາ ພຣະຄຳພີອ້າງເຖິງພຣະເຈົ້າໃນຖານະໂລ່ປົກປ້ອງປະຊາຊົນຂອງພຣະອົງ.  (ເບິ່ງເພີ່ມເຕີມ: <a href="https://read.bibleineverylanguage.org/WA-Catalog/lo_tm?section=translate#figs-metaphor" target="_blank" data-is-rc-link="" data-repo="lo_tm" data-user="WA-Catalog" data-page="translate" data-topic="figs-metaphor" data-type="tm">figs-metaphor</a>)</li><li>ໂປໂລໄດ້ເວົ້າເຖິງ "ໂລ່ແຫ່ງຄວາມເຊື່ອ," ດ້ວຍ  ເຊິ່ງເປັນວິທີການປຽບທຽບກັບຄວາມເຊື່ອໃນພຣະເຢຊູ, ແລະການດຳເນີນຊີວິດໃນຄວາມເຊື່ອແຫ່ງຄວາມຢຳເກງ, ພຣະເຈົ້າຈະປົກປ້ອງຜູ້ເຊື່ອຈາກການໂຈມຕີດ້ານຈິດວິນຍານຂອງມານຊາຕານ.</li></ul>  
shiloh	<h2 id="section">@ຊີໂລ</h2><h3 id="section-1">ຂໍ້ເທັດຈິງ</h3><p>ຊີໂລເປັນເມືອງດ່ານໜ້າຂອງການາອານທີ່ຖືກພ່າຍແພ້ໃຫ້ກັບຊາວອິດສະຣາເອນໂດຍການນຳຂອງໂຢຊວຍ.</p><ul><li>ເມືອງຊີໂລຕັ້ງຢູ່ທາງທິດຕາເວັນຕົກຂອງແມ່ນໍ້າຈໍແດນແລະຕະເວັນອອກຊ່ຽງເໜືອຂອງເມືອງເບັດເອນ.</li><li>ໃນສະໄໝທີ່ໂຢຊວຍເປັນຜູ້ນຳອິດສະຣາເອນຢູ່ນັ້ນ, ເມືອງຊີໂລເປັນສະຖານທີ່ນັດປະຊຸມຂອງຄົນອິດສະຣາເອນ.</li><li>ອິດສະຣາເອນສິບສອງເຜົ່າໄດ້ນັດພົບກັນຢູ່ທີ່ເມືອງຊີໂລເພື່ອຟັງໂຢຊວຍກ່າວແກ່ພວກເຂົາວ່າ ສ່ວນໃດຂອງແຜ່ນດິນການາອານທີ່ຈະຖືກມອບໃຫ້ແກ່ພວກເຂົາແຕ່ລະເຜົ່າ.</li><li>ກ່ອນທີ່ຈະມີການສ້າງພຣະວິຫານຂຶ້ນມາໃນນະຄອນເຢຣູຊາເລັມ, ຊີໂລເປັນສະຖານທີ່ ທີ່ຊາວອິດສະຣາເອນມາຖວາຍເຄື່ອງບູຊາແດ່ພຣະເຈົ້າ.</li><li>ເມື່ອຊາມູເອນຍັງເປັນເດັກນ້ອຍ ຮັນນາແມ່ຂອງເຂົາໄດ້ພາເຂົາໄປອາໄສຢູ່ທີ່ຊີໂລ ເພື່ອໃຫ້ປະໂຣຫິດເອລີສັ່ງສອນເຂົາໃຫ້ຮັບໃໍຊ້ພຣະເຈົ້າ.</li></ul>  
shimei	<h2 id="section">@ຊີເມອີ</h2><h3 id="section-1">ຂໍ້ເທັດຈິງ</h3><p>ຊີເມອີເປັນຊື່ຂອງຜູ້ຊາຍຫລາຍຄົນໃນພັນທະສັນຍາເດີມ.</p><ul><li>ຊີເມອີລູກຊາຍເກຣາ, ເປັນຊາວເບັນຢາມິນຜູ້ປ້ອຍດ່າກະສັດດາວິດແລະແກ່ວງກ້ອນຫີນໃສ່ພຣະອົງໃນຂະນະທີ່ພຣະອົງປົບໜີອອກຈາກນະຄອນເຢຣູຊາເລັມ ຈາການໄລ່ຕາມຂ້າຂອງອັບຊາໂລມລູກຊາຍຂອງພຣະອົງ.</li><li>ໃນພັນທະສັນຍາເດີມຍັງມີປະໂຣຫິດຊາວເລວີຫລາຍຄົນທີ່ມີຊື່ວ່າ ຊີເມອີ.</li></ul>  
shinar	<h2 id="section">@ຊີນາ</h2><h3 id="section-1">ຂໍ້ເທັດຈິງ</h3><p>ຊີນາໝາຍຄວາມວ່າ "ປະເທດທີ່ມີແມ່ນໍ້າສອງສາຍ" ແລະເປັນຊື່ຂອງພື້ນທີ່ຮາບພຽງຫລືແຄ້ວນທີ່ຢູ່ທາງໃຕ້ຂອງເມໂສໂປຕາເມຍ.</p><ul><li>ຊີນາ ຕໍ່ມາ ໄດ້ກາຍເປັນທີ່ຮູ້ຈັກກັນວ່າ  "ເຄນເດຍ" ແລະຕໍ່ມາເປັນ, "ບາບີໂລນ."</li><li>ຄົນສະໄໝບູຮານອາໄສຢູ່ໃນເມືອງ ບາເບນ ໃນທີ່ຮາບພຽງຂອງຊີນາໄດ້ສ້າງຫໍຄອຍທີ່ສູງເພື່ອໃຫ້ພວກເຂົາມີຊື່ສຽງ.</li><li>ຄົນລຸ່ນຕໍ່ມາອີກຫລາຍຊົ່ວຄົນ, ບັນພະບູລຸດຂອງຊາວຢິວຄື ອັບຣາຮາມໄດ້ອາໄສຢູ່ທີ່ເມືອງອູເຣໃນແຄ້ວນນີ້ ທີ່ເອີ້ນຕາມເວລານັ້ນວ່າ "ເຄນເດຍ."</li></ul>  
shrewd	<h2 id="section">@ມີເລ້ຫລຽ່ມ</h2><h3 id="section-1">ນິຍາມ</h3><p>ຄຳວ່າ "ມີເລ້ຫລ່ຽມ" ອະທິບາຍເຖິງບຸກຄົນທີ່ມີປັນຍາ ສະຫລຽວສະຫລາດ, ໂດຍສະເພາະທາງພາກປະຕິບັດ.</p><ul><li>ຫລາຍຄັ້ງທີ່ຄຳວ່າ "ມີເລ້ຫລ່ຽມ" ມີຄວາມໝາຍບາງສ່ວນທີ່ເປັນແງ່ລົບ ເພາະຄຳນີ້ມັກລວມເຖິງການເຫັນແກ່ໂຕ.</li><li>ຄົນມີເລ້ຫລ່ຽມມັກເນັ້ນໄປທີ່ການຊ່ວຍເຫລືອໂຕເອງ, ບໍ່ສົນໃຈຜູ້ອື່ນ.</li><li>ວິທີອື່ນທີ່ຈະແປຄຳນີ້ສາມາດລວມຄຳວ່າ  "ເຈົ້າເລ້" ຫລື "ເຈົ້າມານຍາ" ຫລື "ຫລັກແຫລມ" ຫລື "ສະຫລາດ," ຂຶ້ນຢູ່ກັບສະຖານະການ.</li></ul>  
sidon	<h2 id="section">@ຊາວຊີໂດນ</h2><h3 id="section-1">ຂໍ້ເທັດຈິງ</h3><p>ຊາວຊີໂດນເປັນລູກກົກຂອງການາອານ ຍັງມີເມືອງຂອງຄົນການາອານທີ່ເອີ້ນວ່າຊີໂດນດ້ວຍ, ເມືອງນີ້ອາດຈະຕັ້ງຊື່ຕາມລູກຊາຍຂອງການາອານ.</p><ul><li>ເມືອງຊີໂດນຕັ້ງຢູ່ທາງທິດຕະເວັນຕົກຊ່ຽງເໜືອຂອງອິດສະຣາເອນເທິງຊາຍຝັ່ງທະເລເມດີເເຕເຣເນ ປະຈຸບັນນີ້ເປັນປະເທດ ເລບານອນ.</li><li>"ຊາວຊີໂດນ" ແມ່ນກຸ່ມຊາວຟີນີເຊຍທີ່ອາໃສຢູ່ໃນເມືອງຊີໂດນບູຮານແລະໃນແຖບບໍລິເວນອ້ອມຮອບນັ້ນ.</li><li>ໃນພຣະຄຳພີ ຊີໂດນມີຄວາມສຳພັນທີ່ດີກັບເມືອງທາຍ, ແລະຄົນທັງສອງເມືອງນີ້ກໍມີຊື່ສຽງໂດ່ງດັງໃນການປະພຶດຜິດສິນລະທຳ.</li></ul>  
siege	<h2 id="section">@ການປິດລ້ອມ, @ປິດລ້ອມ</h2><h3 id="section-1">ນິຍາມ</h3><p>ຄໍາວ່າປິດລ້ອມ  "ການປິດລ້ອມ " ອ້າງເຖິງເມື່ອກອງທັບມາບຸກໂຈມຕີປິດລ້ອມເມືອງເຮັດໃຫ້ເມືອງນັ້ນຕ້ອງ ອຶດເຂົ້າ ອຶດນໍ້າ ຂາດແຄນອາຫານ ການ.  "ປິດລ້ອມ"ເມືອງ ໝາຍເຖິງການເຮັດໃຫ້ເມືອງນັ້ນຢູ່ພາຍໃຕ້ການປິດລ້ອມ.</p><ul><li>ເມື່ອບາບີໂລນມາໂຈມຕີຊາວອິດສະຣາເອນ, ພວກເຂົາກໍໃຊ້ກົນລະຍຸດໃນການປິດລ້ອມນະຄອນເຢຣູຊາເລັມເພື່ອເຮັດໃຫ້ຄົນທີ່ຢູ່ໃນເມືອງອ່ອນແຮງລົງ.</li><li>ຫລາຍຄັ້ງໃນລະຫວ່າງທີ່ມີການປິດລ້ອມໂຈມຕີ, ທາງລາດດິນຈະຄ່ອຍໆຖືກສ້າງຂຶ້ນມາໃຫ້ເປັນຄັນຄູສູງເພື່ອໃຫ້ກອງທັບໂຈມຕີຂ້າມກໍາແພງເມືອງແລະສາມາດບຸກເມືອງໄດ້.</li><li>ຄໍາກ່າວທີ່ບອກວ່າ "ວາງການປິດລ້ອມເມືອງ" ໝາຍເຖິງການທຳການລ້ອມເມືອງ.  ມີຄວາມໝາຍເໝືອນກັນກັບຄໍາວ່າ "ປິດລ້ອມ."</li><li>ຄໍາວ່າ "ຖືກປິດລ້ອມ"  ມີຄວາມໝາຍເໝືອນກັບຄໍາທີ່ບອກວ່າ "ພາຍໃຕ້ການປິດລ້ອມ." ຄຳສອງຢ່າງນີ້ອະທິບາຍເຖິງເມືອງທີ່ກອງທັບສັດຕູກໍາລັງປິດລ້ອມຢູ່ແລະຖືກລ້ອມຢູ່.</li></ul>  
sign	<h2 id="section">@ສັນຍານ, @ພິສູດ, @ການແຈ້ງເຕືອນ</h2><h3 id="section-1">ນິຍາມ</h3><p>ສັນຍານ ສາມາດໝາຍເຖິງ ສິ່ງຂອງ, ເຫດການ, ຫລືການສື່ສານເຖິງຄວາມໝາຍພິເສດ.</p><ul><li>ສັນຍານ ສາມາດເປັນເຄື່ອງເຕືອນຄວາມຈຳບາງສິ່ງທີ່ໄດ້ສັນຍາໄວ້ແລ້ວ.</li><li>ຮຸ້ງທີ່ພຣະເຈົ້າໄດ້ເນລະມິດໄວ້ເທິງທ້ອງຟ້າເປັນສັນຍານທີ່ເຕືອນຜູ້ຄົນຮູ້ວ່າ ພຣະເຈົ້າຈະບໍ່ທໍາລາຍທຸກຊີວິດດ້ວຍການໃຫ້ນໍ້າຖ້ວມໂລກອີກ.</li><li>ພຣະເຈົ້າສັ່ງກັບຄົນອິດສະຣາເອນໃຫ້ລູກຊາຍຂອງພວກເຂົາເຂົ້າເຮັດພິທີຕັດເພື່ອເປັນສັນຍານແຫ່ງພັນທະສັນຍາກັບພວກເຂົາ.</li><li>ສັນຍານສາມາດເປີດເຜີຍຫລືຊີ້ໃຫ້ເຫັນເຖິງບາງສິ່ງບາງຢ່າງໄດ້.</li><li>ທູດສະຫວັນອົງໜຶ່ງໄດ້ໃຫ້ສັນຍານແກ່ຄົນລ້ຽງແກະເພື່ອຈະຊ່ວຍໃຫ້ພວກເຂົາຮູ້ວ່າ ເດັກນ້ອຍຄົນໃດ ໃນເມືືອງເບັດເລເຮັມທີ່ເປັນພຣະເມຊີອາທີ່ບັງເກີດໃໝ່.</li><li>ຢູດາອິດສະກາຣີອົດໄດ້ຈູບພຣະເຢຊູເພື່ອເປັນສັນຍານໃຫ້ແກ່ພວກຜູ້ນໍາສາສະໜາວ່າ ພຣະເຢຊູເປັນຜູ້ທີ່ພວກເຂົາຄວນຈະຈັບ.</li><li>ສັນຍານສາມາດພິສູດບາງຢ່າງໄດ້ວ່າເປັນຄວາມຈິງ.</li><li>ການອັດສະຈັນຕ່າງໆທີ່ຜູ້ປະກາດພຣະທຳແລະພວກເຫລົ່າສາວົກໄດ້ເຮັດ ເປັນສັນຍານທີ່ພິສູດວ່າຄົນເຫລົ່ານີ້ກຳລັງເວົ້າເຖິງພຣະຄຳຂອງພຣະເຈົ້າ.</li><li>ການອັດສະຈັນຕ່າງໆທີ່ພຣະເຢຊູໄດ້ເຮັດເປັນເຄື່ອງໝາຍທີ່ພິສູດວ່າ ແທ້ຈິງພຣະອົງຊົງເປັນພຣະເມຊີອາ.</li></ul><h3 id="section-2">ຄຳແນະນຳໃນການແປ</h3><ul><li>ຂຶ້ນຢູ່ກັບເນື້ອເລື້ອງ, " ສັນຍານ" ສາມາດແປວ່າ "ສັນຍານ" ຫລື "ສັນຍາລັກ" ຫລື "ເຄື່ອງໝາຍ" ຫລື "ຫລັກຖານ" ຫລື "ຂໍ້ພິສູດ" ຫລື"ການໃຫ້ສັນຍານ."</li><li>"ການເຮັດສັນຍານດ້ວຍມື" ສາມາດແປວ່າ, "ການເຄື່ອນໄຫວດ້ວຍມື" ຫລື "ການໃຫ້ສັນຍານດ້ວຍມື" ຫລື "ເຮັດສັນຍານ."</li><li>ໃນບາງພາສາ, ອາດຈະມີຫລາຍຄຳສຳລັບ "ສັນຍານ" ທີ່ພິສູດບາງສິ່ງແລະຄຳຕ່າງກັນສຳລັບ "ສັນຍານ" ນັ້ນຄື ການອັດສະຈັນ.</li></ul>  
silas	<h2 id="section">@ຊີລາ, @ຊີວານັດ</h2><h3 id="section-1">ຂໍ້ເທັດຈິງ</h3><p>ຊີລາເປັນຜູ້ນໍາຄົນໜຶ່ງໃນທ່າມກາງກຸ່ມຜູ້ເຊື່ອໃນນະຄອນເຢຣູຊາເລັມ.</p><ul><li>ຜູ້ປົກຄອງທັງຫລາຍຂອງຄຣິສຕະຈັກໃນນະຄອນເຢຣູຊາເລັມ ໄດ້ແຕ່ງຕັ້ງຊີລາໃຫ້ເດິີນທາງໄປກັບໂປໂລແລະບາຣະນາບາເພື່ອນຳຈົດໝາຍໄປຍັງເມືອງອັນຕີໂອເຂຍ.</li><li>ຕໍ່ມາຊີລາໄດ້ເດີນທາງຮ່ວມກັບອາຈານໂປໂລໄປຍັງເມືອງຕ່າງໆເພື່ອສອນຜູ້ຄົນໃນເລື່ອງພຣະເຢຊູ.</li><li>ໂປໂລແລະຊີລາໄດ້ຖືກຂັງຄຸກໃນເມືອງຟີລິບປອຍ ພວກເຂົາໄດ້ສັນລະເສີນພຣະເຈົ້າໃນຂະນະທີ່ພວກເຂົາຕິດຄຸກຢູ່ນັ້ນ ແລະພຣະເຈົ້າໄດ້ຊົງປ່ອຍພວກເຂົາອອກຈາກຄຸກ ທະຫານເຝົ້າຄຸກຈຶ່ງກັບໃຈມາເປັນຄຣິສຕຽນ ເຊິ່ງຜົນມາຈາກຄຳພະຍານຂອງພວກເຂົາ.</li></ul>  
silver	<h2 id="section">@ເງິນ</h2><h3 id="section-1">ນິຍາມ</h3><p>ເງິນເປັນໂລຫະທີ່ເປັນປະກາຍ, ມີສີເທົາເປັນໂລຫະທີ່ມີຄ່າໃຊ້ເຮັດເປັນຫລຽນຕ່າງໆ, ເຄື່ອງປະດັບຕ່າງໆ, ພາຊະນະບັນຈຸ, ແລະ ເຄື່ອງຕົກແຕ່ງຕ່າງໆ.</p><ul><li>ພາຊະນະນີ້ລວມເຖິງຖ້ວຍເງິນແລະຊາມ, ທ່າມກາງສິ່ງອື່ນໆທີ່ໃຊ້ໃນເຄື່ອງຄົວ, ການກິນ, ຫລື ການເສີບອາຫານ.</li><li>ເງິນແລະທອງມັກຈະໃຊ້ໃນການສ້າງຫໍເຕັນ ແລະ ພຣະວິຫານ ພຣະວິຫານໃນນະຄອນເຢຣູຊາເລັມມີພາຊະນະຫລາຍຢ່າງທີ່ເຮັດດ້ວຍເງິນ.</li><li>ໃນສະໄໝພຣະຄຳພີເດີມ ມີການໃຊ້ຫລຽນເງິນແລະນໍ້າໜັກເງິນມີທີ່ເອີ້ນວ່າ ເຊເກນ.</li><li>ພວກອ້າຍຂອງໂຢເຊບເອງກໍໄດ້ຂາຍເຂົາໃຫ້ເປັນທາດດ້ວຍເງິນຊາວເຊເກນຂອງຫລຽນເງິນ.</li><li>ຢູດາອິດສະກາຣີອົດໄດ້ຮັບເງິນສາມສິບຫລຽນສຳລັບການທໍລະຍົດພຣະເຢຊູ.</li></ul>  
simeon	<h2 id="section">@ຊີເມໂອນ</h2><h3 id="section-1">ຂໍ້ເທັດຈິງ</h3><p>ໃນພຣະຄຳພີ, ມີຜູ້ຊາຍຫຼາຍຄົົນທີ່ຊື່ວ່າຊີເມໂອນ.</p><ul><li>ໃນພັນທະສັນຍາເດີມ, ລູກຊາຍຄົົນທີ່ສອງຂອງຢາໂຄບ (ອິດສະຣາເອນ) ແລະເລອາກໍຊື່ຊີເມໂອນ.  ບັນດາເຊື້ອສາຍຂອງທ່ານກາຍມາເປັນໜຶ່ງໃນອິດສະຣາເອນສິບສອງເຜົ່າ.</li><li>ເຜົ່າຊີເມໂອນໄດ້ຄອບຄອງດິນແດນທີ່ຢູ່ທາງໃຕ້ສຸດໃນແຜ່ນດິນທີ່ຊົງສັນຍາຂອງການາອານ,  ເທິງພື້ນທີ່ທີ່ເປັນສ່ວນມໍລະດົກຂອງຢູດາ.</li><li>ເມື່ອໂຢເຊບແລະມາຣີ ໄດ້ນຳພຣະກຸມມານເຢຊູໄປຢັງພຣະວິຫານໃນນະຄອນເຢຣູຊາເລັມເພື່ອຖວາຍພະອົງໃຫ້ແດ່ພຣະເຈົ້າ, ຊາຍຜູ້ອາວຸໂສທ່ານໜຶ່ງຊື່ຊີເມໂອນໄດ້ສັນລະເສີນພຣະເຈົ້າທີ່ຊົງໃຫ້ທ່ານໄດ້ເຫັນພຣະເມຊີອາ.</li></ul>  
simon the zealot	<h2 id="section">@ຊີໂມນພັກຊາດນິຍົມ</h2><h3 id="section-1">ຂໍ້ເທັດຈິງ</h3><p>ຊີໂມນເປັນໜຶ່ງໃນສາວົກຂອງພະເຢຊູ.</p><ul><li>ຊີໂມນຖືກເວົ້າເຖິງສາມເທື່ອໃນລາຍຊື່ສາວົກຂອງພະເຢຊູຄຣິດ, ແຕ່ມີນ້ອຍຄົນທີ່ຮູ້ກ່ຽວກັບເລື່ອງທ່ານ.</li><li>ຊີໂມນເປັນໜຶ່ງໃນສິບເອັດຄົົນທີ່ຮ່ວມອະທິຖານໃນນະຄອນເຢຣູຊາເລັມຫລັງຈາກທີ່ພຣະເຢຊູສະເດັດຂຶ້ນຟ້າສູ່ສະຫວັນແລ້ວ.</li><li>ຄຳວ່າ"ຊາດນິຍົມ"ອາດໝາຍເຖິງວ່າຊີໂມນເປັນສະມາຊິກຂອງ"ພັກຊາດນິຍົມ"ຊຶ່ງເປັນພັກທາງສາສະໜາຂອງຊາວຢິວທີ່ກະຕືລືລົ້ນໃນການສະໜັບສະໜູນກົດໝາຍຂອງໂມເຊໃນຊ່ວງຂະນະທີ່ມີການຕໍ່ຕ້ານຢ່າງຮຸນແຮງໃນລັດຖະບານໂຣມ.</li><li>ຫລື,ຄຳວ່າ, "ກະຕືລືລົ້ນ"ອາດໝາຍເຖິງ"ຄົນກະຕືລືລົ້ນ,"ທີ່ໝາຍເຖິງຄວາມກະຕືລືລົ້ນໃນຄວາມເຊື່ອທາງສາສນາຂອງຊີໂມນ.</li></ul>  
sinai	<h2 id="section">@ຊີນາຍ, @ພູເຂົາຊີນາຍ</h2><h3 id="section-1">ຂໍ້ເທັດຈິງ</h3><p>ພູເຂົາຊີນາຍເປັນຊື່ຂອງພູເຂົາທີ່ອາດຈະຢູ່ທາງສ່ວນທາງພາກໃຕ້ທີ່ປະຈຸບັນນີ້ເອີ້ນວ່າຄາບທະເລຊີນາຍ. ແລະເປັນທີ່ຮູ້ຈັກກັນໃນຊື່ "ພູເຂົາໂຮເຣບ." ດ້ວຍ</p><ul><li>ພູເຂົາຊີນາຍເປັນສ່ວນໜຶ່ງຂອງພູເຂົາທະເລຊາຍ, ທີ່ມີຂະໜາດໃຫຍ່.</li><li>ຊາວອິດສະຣາເອນໄດ້ມາຍັງພູເຂົາຊີນາຍໃນຂະນະທີ່ພວກເຂົາເດິນທາງອອກຈາກເອຢິບເພື່ອໄປຢັງແຜ່ນດິນທີ່ຊົງສັນຍາ.</li><li>ພຣະເຈົ້າໄດ້ປະທານບັນຍັດສິບປະການເທິງພູເຂົາຊີນາຍ.</li></ul>  
sin	<h2 id="section">@ບາບ, @ເຕັມໄປດ້ວຍບາບ, @ຄົນບາບ,@ ການເຮັດບາບ</h2><h3 id="section-1">ນິຍາມ</h3><p>ຄຳວ່າ "ບາບ" ອ້າງເຖິງການກະທຳ, ຄວາມຄິດ ແລະຄຳເວົ້າຕ່າງໆ ທີ່ຕໍ່ຕ້ານນ້ຳພຣະທັຍແລະກົດເກນຂອງພຣະເຈົ້າ ບາບຍັງອ້າງເຖິງການບໍ່ເຮັດໃນສິ່ງທີ່ພຣະເຈົ້າປະສົງໃຫ້ເຮົາເຮັດ.</p><ul><li>ບາບໝາຍເຖິງສິ່ງອື່ນໆທີ່ເຮົາເຮັດໂດຍທີ່ບໍ່ເຊື່ອຟັງຫລືເຮັດໃນສິ່ງທີ່ພຣະເຈົ້າບໍ່ພໍພຣະທັຍ, ເຖິງວ່າຈະເປັນສິ່ງທີ່ບໍ່ມີໃຜຮູ້ກໍຕາມ.</li><li>ຄວາມຄິດແລະການກະທຳທີ່ບໍ່ເຊື່ອຟັງນ້ຳພະທັຍພຣະເຈົ້າເອີ້ນວ່າ "ເຕັມໄປດ້ວຍບາບ."</li><li>ເພາະວ່າອາດາມໄດ້ເຮັດບາບ, ມະນຸດທຸກຄົນຈຶ່ງເກີດມາພາຍໃຕ້ທຳມະຊາດຂອງບາບທີ່ຄວບຄຸມພວກທ່ານ.</li><li>"ຄົນບາບ" ຄືຄົົນທີ່ເຮັດບາບ, ດັ່ງນັ້ນມະນຸດທຸກຄົນຈຶ່ງເປັນຄົນບາບ</li><li>ບາງເທື່ອຄຳວ່າ "ຄົນບາບ" ເປັນຄຳທີ່ເວົ້າເຖີງຄົນໃນສາສະໜາເຊັ່ນພວກຟາຣີຊາຍໃຊ້ເພື່ອປຽບທຽບເຖິງຄົົນທີ່ບໍ່ຖືຮັກສາກົດບັນຍັດຕາມທີ່ພວກຟາຣີຊາຍຄິດວ່າພວກທ່ານຄວນເຮັດຕາມ.</li><li>ຄຳວ່າ "ຄົນບາບ" ໃຊ້ເພື່ອເວົ້າເຖິງຄົົນທີ່ຖືວ່າມີບາບຫລາຍກວ່າຄົນອື່ນໆ.  ຕົວຢ່າງເຊັ່ນ ຄົນເກັບພາສີແລະຍິງໂສເພນີຖືກຈັດໃຫ້ເປັນຄົນບາບ.</li></ul><h3 id="section-2">ຄຳແນະນຳໃນການແປ</h3><ul><li>ຄຳວ່າ "ບາບ" ສາມາດແປດ້ວຍຄຳ ຫລືຖ້ອຍຄຳທີ່ມີຄວາມໝາຍວ່າ "ບໍ່ເຊື່ອຟັງພຣະເຈົ້າ" ຫລື "ຕໍ່ຕ້ານພຣະປະສົງຂອງພຣະເຈົ້າ" ຫລື "ຄວາມປະພຶດແລະຄວາມຄິດທີ່ຊົ່ວຮ້າຍ" ຫລື "ການເຮັດຜິດ."</li><li>"ເຮັດບາບ" ສາມາດແປວ່າ "ບໍ່ເຊື່ອຟັງພຣະເຈົ້າ" ຫລື "ເຮັດຄວາມຜິດ."</li><li>ຂຶ້ນຢູ່ກັບສະພາບການ, ຄໍາວ່າ "ຄົນບາບ" ສາມາດແປດ້ວຍຄຳຫລືຖ້ອຍຄຳທີ່ມີຄວາມໝາຍວ່າ, "ບຸກຄົນທີ່ເປັນຄົນບາບ" ຫລື "ບຸກຄົນທີ່ເຮັດຄວາມຜິດ" ຫລື "ບຸກຄົນຜູ້ບໍ່ເຊື່ອຟັງພຣະເຈົ້າ" ຫລື "ບຸກຄົນຜູ້ບໍ່ເຊື່ອຟັງພຣະບັນຍັດ."</li><li>ຄຳວ່າ "ເຫລົ່າຄົນບາບ"  ສາມາດແປໂດຍໃຊ້ຄຳຫລືຖ້ອຍຄຳທີ່ມີຄວາມໝາຍວ່າ, "ປະຊາຊົນທີ່ມີບາບໜາ" ຫລື "ປະຊາຊົນທີ່ໄດ້ຮັບການພິຈາລະນາວ່າມີບາບໜາ" ຫລື "ປະຊາຊົນທີ່ບໍ່ມີສິນລະທຳ."</li><li>ວິທີທີ່ແປ "ຄົນເກັບພາສີແລະຄົນບາບທັງຫລາຍ" ສາມາດແປວ່າ, "ປະຊາຊົນຜູ້ທີ່ເກັບເງີນສຳລັບລັດຖະບານ, ແລະປະຊາຊົນຄົນບາບຄົນອື່ນໆ " ຫລື "ປະຊາຊົນທີ່ມີບາບໜາ," ທັງໝົດລວມຢູ່ດ້ວຍ.</li></ul>  
sin offering	<h2 id="section">@ເຄື່ອງບູຊາລົບລ້າງບາບ</h2><h3 id="section-1">ນິຍາມ</h3><p>"ເຄື່ອງບູຊາລົບບາບ" ເປັນໜຶ່ງໃນເຄື່ອງບູຊາຫລາຍຢ່າງທີ່ພຣະເຈົ້າຕ້ອງການໃຫ້ຊາວອິດສະຣາເອນທຳການຖວາຍ.</p><ul><li>ການຖວາຍນີ້ກ່ຽວພັນເຖິງການຖວາຍງົວ, ການເຜົາເລືອດແລະໄຂມັນຂອງສັດເທິງແທ່ນບູຊາ, ແລະເອົາສ່ວນທີ່ເຫລືອຂອງຮ່າງຂອງສັດໄປເຜົາເທິງພື້ນດິນພາຍນອກຄ້າຍຂອງຊາວອິດສະຣາເອນ.</li><li>ເຄື່ອງບູຊາທີ່ສົມບູນຂອງການຖວາຍສັດບູຊາສະແດງໃຫ້ເຫັນວ່າພະເຈົ້າຊົງບໍລິສຸດພຽງໃດແລະຄວາມບາບໜ້າຢ້ານພຽງໃດ.</li><li>ພະຄຳພີສອນວ່າເພື່ອທີ່່ຈະໄດ້ຮັບການຊຳລະລ້າງບາບ, ຕ້ອງຫລັ່ງເລືອດເພື່ອຈ່າຍຄ່າຄວາມບາບທີ່ໄດ້ເຮັດ.</li><li>ການຖວາຍສັດບູຊາບໍ່ສາມາດຈະອະໄພບາບຢ່າງຖາວອນໄດ້.</li><li>ການສິ້ນພຣະຊົນຂອງພະເຢຊູເທິງໄມ້ກາງແຂນໄດ້ຊຳລະບາບ, ໂທດກຳຕະຫລອດການ. ພະອົງຊົງເປັນເຄື່ອງບູຊາໄຖ່ບາບທີ່ຄົບຖ້ວນ.</li></ul>  
sister	<h2 id="section">@ເອື້ອຍ/ນ້ອງສາວ</h2><h3 id="section-1">ນິຍາມ</h3><p>ເອື້ອຍ/ນ້ອງສາວ ຄືຜູ້ຍິງທີ່ມີບີດາມານດາຮ່ວມກັບອີກຄົນໜຶ່ງ.</p><ul><li>ໃນພັນທະສັນຍາໃໝ່, ຄໍາວ່າ"ເອື້ອຍ/ນ້ອງສາວ" ຍັງເປັນຄຳປຽບເປີຍທີ່ອ້າງເຖິງຜູ້ຍິງທີ່ຕິດຕາມພຣະເຢຊູຄຣິດ.</li><li>ບາງເທື່ອຄຳເວົ້າວ່າ, "ອ້າຍແລະນ້ອງສາວ" ໃຊ້ອ້າງເຖິງເຫລົ່າຜູ້ເຊື່ອໃນພຣະຄຣິດ, ທັງໝົດທັງຜູ້ຊາຍແລະຜູ້ຍິງ.</li><li>ໃນພະຄໍາພີພາກພັນທະສັນຍາເດີມ,  ບົດເພງໂຊໂລໂມນ ຄຳວ່າ, "ເອື້ອຍ/ນ້ອງສາວ"  ອ້າງເຖິງຄົນຮັກຫລືຄູ່ສົມຣົດ.</li></ul><h3 id="section-2">ຄຳແນະນຳໃນການແປ</h3><ul><li>ເປັນວິທີທີ່ດີທີ່ສຸດທີ່ຈະແປຄຳນີ້ຕາມຕົວອັກສອນທີ່ໃຊ້ໃນພາສາທີ່ແປເພື່ອອ້າງເຖິງນ້ອງສາວທີ່ເກີດຈາກທ້ອງແມ່ດຽວກັນ, ນອກຈາກວ່ານີ້ຈະເຮັດໃຫ້ຄວາມໝາຍຜິດໄປ.</li><li>ວິທີອື່ນທີ່ຈະແປຄຳນີ້ທັງໝົດເຖິງ, "ເອື້ອຍຫລືນ້ອງສາວໃນພະຄຣິດ" ຫລື "ນ້ອງສາວແຫ່ງຈິດວິນຍານ" ຫລື "ຜູ້ຍິງທີ່ເຊື່ອໃນພຣະເຢຊູ" ຫລື "ບັນດາຜູ້ຍິງທີ່ເປັນຜູ້ເຊື່ອ."</li><li>ຖ້າເປັນໄດ້, ວິທີທີ່ດີທີ່ສຸດຄືການໃຊ້ຄຳທີ່ກ່ຽວກັບຄອບຄົວ.</li><li>ຖ້າພາສາທີ່ມີຄຳຮູບແບບຜູ້ຍິງສຳລັບ "ຜູ້ເຊື່ອ," ນີ້ອາດເປັນວິທີທີ່ເປັນໄປໄດ້ທີ່ຈະແປຄຳນີ້.</li><li>ເມື່ອອ້າງເຖິງຄູ່ຮັກຫລື ພັນລະຍາ ນີ້ສາມາດແປໂດຍໃຊ້ຮູບແບບທີ່ເປັນຜູ້ຍິງສຳລັບ "ຄົົນທີ່ຮັກ" ຫລື "ຄົນຮັກ."</li></ul>  
skull	<h2 id="section">@ຫົວກະໂຫລກ</h2><h3 id="section-1">ນິຍາມ</h3><p>ຄຳວ່າ "ຫົວກະໂຫລກ" ອ້າງເຖິງກ່ຽວກັບກະດູກ ເປັນໂຄງກະດູກຂອງຫົວຂອງບຸກຄົນຫລືສັດ</p><ul><li>ບາງເທື່ອຄຳວ່າ"ຫົວກະໂຫລກ" ໝາຍເຖິງ "ຫົວ" ເຊັ່ນຄຳວ່າ, "ແຖຫົວຂອງທ່ານ."</li><li>ຄຳວ່າ, "ສະຖານທີ່ຂອງກະໂຫລກ" ເປັນອີກຊື່ໜຶ່ງຂອງໂກລະໂຄທາທີ່ຊຶ່ງພຣະເຢຊູຊົງຖືກຄຶງ.</li><li>ຄຳນີ້ແປໄດ້ອີກວ່າ, "ຫົວ" ຫລື "ກະດູກຫົວ"</li></ul>  
slain	<h2 id="section">@ສັງຫານ, @ຖືກສັງຫານ</h2><h3 id="section-1">ນິຍາມ</h3><p>ຄຳວ່າ "ສັງຫານ" ໝາຍເຖິງການຂ້າຄົນຫລືສັດ ຫລາຍຄັ້ງຄຳນີ້ໝາຍເຖິງການຂ້າຢ່າງໂຫດຮ້າຍຫລືໃນທາງທາລຸນກຳ.</p><ul><li>ເມື່ອອ້າງເຖິງສັດຫລືຄົນຈຳນວນຫລາຍຄຳວ່າ"ການຂ້າຢ່າງທາລຸນນະກຳ" ເປັນອີກຄຳໜຶ່ງທີ່ຖືກໃຊ້ຫລາຍເຊັ່ນກັນ.</li><li>ຄຳວ່າ "ຂ້າ" ສາມາດໃຊ້ໃນການແປໃນຄຳນີ້ໄດ້ເຊັ່ນກັນ.</li><li>ໃນ​ປະ​ໂຫຍກ​ທີ່ວ່າ "ຜູ້ທີ່ຖືກເຂັ່ນຂ້າ" ສາມາດແປໄດ້ວ່າ"ປະຊາຊົນທີ່ຖືກເຂັ່ນຂ້າ"ຫລື "ຄົນຫລວງຫລາຍທີ່ຖືກຂ້າ."</li></ul>  
slander	<h2 id="section">@ເວົ້າໃຫ້ຮ້າຍ, @ຜູ້ເວົ້າໃຫ້ຮ້າຍ</h2><h3 id="section-1">ນິຍາມ</h3><p>ການເວົ້າໃຫ້ຮ້າຍໝາຍເຖິງການເວົ້າໃນທາງລົບ, ການທຳລາຍຊື່ສຽງຂອງຜູ້ອື່ນ.</p><ul><li>ການເວົ້າໃຫ້ຮ້າຍອາດເປັນລາຍງານຈຶງ ຫລືການກ່າວຫາທີ່ຜິດ, ແຕ່ມັນມີຜົນເຮັດໃຫ້ຜູ້ອື່ນຄິດໃນທາງລົບຕໍ່ຄົນທີ່ຖືກເວົ້າໃຫ້ຮ້າຍນັ້ນຂໍ</li><li>ຄຳບາງຄຳໄດ້ແປຄຳວ່າ "ການເວົ້າໃຫ້ຮ້າຍ" ໝາຍເຖິງ: "ການເວົ້າຕໍ່ຕ້ານ" ຫລື "ການແຜ່ກະຈາຍລາຍງານທີ່ບໍ່ດີ" ຫລື "ການທຳລາຍຊື່ສຽງ."</li><li>ຄົນທີ່ເວົ້າໃຫ້ຮ້າຍ "ຄົນແຈ້ງຂ່າວ"ຫລື"ຄົນມັກກະຈາຍຂ່າວລື."</li></ul>  
slaughter	<h2 id="section">@ການສັງຫານ</h2><h3 id="section-1">ນິຍາມ</h3><p>ຄຳວ່າ "ການສັງຫານ"ອ້າງເຖິງການຂ້າສັດຫລືຄົນຈຳນວນຫລາຍ ຫລືການ ຂ້າແບບທາລຸນ ແລະຄຳນີ້ຍັງອ້າງເຖິງການຂ້າສັດເພື່ອເປັນອາຫານດ້ວຍ.</p><ul><li>ເມື່ອອັບຣາຮາມໄດ້ຕ້ອນຮັບແຂກສາມຄົົນທີ່ເຕັນທຂອງທ່ານໃນທະເລຊາຍ  ທ່ານໄດ້ສັ່ງຄົນຮັບໃຊ້ຂອງທ່ານໃຫ້ຂ້າແລະໃຫ້ປຸງຊີ້ນງົວສຳລັບເປັນອາຫານໃຫ້ແຂກຂອງທ່ານທັງສາມຄົນ.</li><li>ຜູ້ປະກາດພຣະທຳເອເສກຽນພະຍາກອນວ່າພຣະເຈົ້າຈະສົ່ງທູດສະຫວັນຂອງພະອົງສັງຫານຄົນທັງໝົດທີ່ບໍ່ຕິດຕາມພຣະຄຳຂອງພະອົງ.</li><li>ໃນພະທຳ 1ຊາມູເອນໄດ້ບັນທຶກເຖິງການສັງຫານເທື່ອໃຫຍ່ທີ່ຄົນອິດສະຣາເອນຖືກຂ້າ 30,000 ຄົນໂດຍສັດຕູຂອງພວກທ່ານເພາະການບໍ່ເຊື່ອຟັງພຣະເຈົ້າ.</li><li>"ອາວຸດທັງຫລາຍໃນການສັງຫານ"ສາມາດແປໄດ້ວ່າ"ອາວຸດທັງຫລາຍສຳລັບການຂ້າ."</li><li>ຄຳກ່າວທີ່ວ່າ, "ການສັງຫານເປັນສິ່ງທີ່ຍິ່ງໃຫຍ່" ສາມາດແປໄດ້ວ່າ "ຄົນຈຳນວນຫລາຍຖືກຂ້າ" ຫລື "ຈຳນວນຜູ້ເສຍຊີວິດຫລວງຫລາຍ" ຫລື "ຈຳນວນປະຊາຊົນທີ່ຕາຍສູງຈົນໜ້າຢ້ານກົວ."</li><li>ວິທີອື່ນທີ່ຈະແປຄຳວ່າ "ສັງຫານ" ສາມາດລວມເຖິງ, "ຂ້າ" ຫລື "ປະຫານ "ຫລື "ການຂ້າ."</li></ul>  
sleep	<h2 id="section">@ນອນຫລັບ, @ຫລັບ, @ເຜີຫລັບໄປ</h2><h3 id="section-1">ນິຍາມ</h3><p>ຄຳເຫລົ່ານີ້ມີຄວາມໝາຍເຊິ່ງປຽບທຽບການກ່ຽວຂ້ອງກັບຄວາມຕາຍ.</p><ul><li>ຄຳວ່າ "ຫລັບ" ຫລື "ຫລັບຢູ່" ມີຄວາມໝາຍໃນຄຳອຸປະມາ "ຕາຍແລ້ວ." (ເບິ່ງເພີ່ມເຕີມ: <a href="https://read.bibleineverylanguage.org/WA-Catalog/lo_tm?section=translate#figs-metaphor" target="_blank" data-is-rc-link="" data-repo="lo_tm" data-user="WA-Catalog" data-page="translate" data-topic="figs-metaphor" data-type="tm">figs-metaphor</a>)</li><li>ຄຳກ່າວທີ່ບອກວ່າ "ເຜີຫລັບໄປ" ອ້າງເຖິງໃນຊົ່ວຂະນະທີ່ບາງຄົນເລີ່ມການນອນຫລັບ, ຫລືໃນຄວາມໝາຍເຊີງປຽບທຽບໃນຊ້ວງຂະນະທີ່ບາງຄົນຕາຍ.</li><li>"ຫລັບໄປກັບບັນດາພໍ່" ໝາຍເຖິງການຕາຍ, ເຊັ່ນດຽວກັບການຕາຍຂອງບັນພະບຸຣຸດ.</li></ul><h3 id="section-2">ຄຳແນະນຳໃນການແປ</h3><ul><li>ໃນບາງກໍ​ຣະ​ນີ, ຄຳວ່າ "ນອນຫລັບ" ຫລື "ຫລັບ" ສາມາດແປວ່າ "ໄດ້ຕາຍແລ້ວ."</li><li>"ເຜີຫລັບໄປ" ສາມາດແປວ່າ "ເຜີຫລັບໄປຢ່າງກະທັນຫັນ" ຫລື "ເລີ່ມການຫຼັບ" ຫລື "ຕາຍ," ຂຶ້ນຢູ່ກັບຄວາມໝາຍ.</li></ul><p>ໝາຍເຫດ: ເປັນສິ່ງສຳຄັນຫລາຍເປັນພິເສດທີ່ຈະຖືຮັກສາການສະແດງອອກໃນ​ບາງ​ກໍ​ຣະ​ນີ​ຫລື​ສະ​ພາບ​ການທີ່ຜູ້ອ່ານບໍ່ເຂົ້າໃຈຄວາມໝາຍ. ຕົວຢ່າງເຊັ່ນ ເມື່ອພຣະເຢຊູຊົງກ່າວກັບພວກສາວົກຂອງພຣະອົງວ່າລາຊາໂລ "ກຳລັງຫລັບຢູ່"  ພວກທ່ານຄິດວ່າພຣະອົງໝາຍເຖິງວ່າລາຊາໂຊກຳລັງຫລັບຢູ່ຕາມທຳມະຊາດ ໃນກໍ​ຣະ​ນີນີ້ມັນບໍ່ສື່ຄວາມໝາຍເລີຍ, ຖ້າຈະແປວ່າ "ທ່ານຕາຍແລ້ວ."</p><ul><li>ໃນບາງພາສາອາດຈະມີຄຳກ່າວທີ່ແຕກຕ່າງອອກໄປສຳລັບ ຄວາມຕາຍ ຫລື ກໍາລັງຈະຕາຍຊຶ່ງສາມາດນຳມາໃຊ້ຖ້າຄຳກ່າວ "ນອນຫລັບ" ຫລື "ຫລັບ" ບໍ່ສ້າງຄວາມເຂົ້າໃຈທີ່ດີໃນພາສາທີ່ແປ.</li></ul>  
snare	<h2 id="section">@ບ້ວງ, @ກັບດັກ</h2><h3 id="section-1">ນິຍາມ</h3><p>ຄຳວ່າ "ບ້ວງ" ແລະ "ກັບດັກ" ໝາຍເຖິງເຄື່ອງມືທີ່ໃຊ້ໃນການຈັບສັດແລະຂັງສັດຈາກການໜີ  ໃນພຣະຄຳພີຄຳເຫລົ່ານີ້ໃຊ້ເຊີງປຽບທຽບໃນການເວົ້າເຖິງຄວາມບາບແລະການທົດລອງທີ່ເໝືອນກັບບ້ວງທີ່ຖືກເຊື່ອງໄວ້ຄອຍຈັບຄົນແລະທຳຮ້າຍພວກເຂົາ.</p><ul><li>"ບ້ວງ" ຈະມີບ້ວງເຊືອກຫລືສາຍທີ່ຈະຮັດແໜ້ນຢ່າງກະທັນຫັນເມື່ອສັດຍ່າງເຂົ້າມາໃນບ້ວງ ຂາຂອງມັນກໍຈະຕິດກັບບ້ວງນັ້ນ.</li><li>ໂດຍປົກກະຕິແລ້ວ"ກັບດັກ" ຈະເຮັດມາຈາກໂລຫະຫລືໄມ້ແລະມີສອງສ່ວນທີ່ຈະຮັດຢ່າງກະທັນຫັນແລະມີພະລັງເພື່ອຈະຈັບສັດ ດັ່ງນັ້ນມັນຈຶ່ງບໍ່ສາມາດໜີໄປໄດ້ ບາງເທື່ອກັບດັກຍັງເຮັດເປັນຂຸມເລິກເພື່ອທີ່ຈະໃຫ້ບາງສິ່ງຕົກເຂົ້າມາໃນກັບດັກນັ້ນ.</li><li>ໂດຍປົກກະຕິບ້ວງຫລືກັບດັກຈະຖືກເຊື່ງໄວ້ ດັ່ງນັ້ນເຫຍື່ອຈະຖືກເອົາໄປໂດຍທີ່ບໍ່ໄດ້ຕັ້ງຕົວເລີຍ.</li><li>ປະ​ໂຫຍກ​ທີ່​ວ່າ "ວາງກັບດັກ" ໝາຍເຖິງການຕຽມຄວາມພ້ອມຂອງກັບດັກເພື່ອຈັບບາງສິ່ງບາງຢ່າງ.</li><li>ການ"ຕົກເຂົ້າໄປໃນກັບດັກ" ໝາຍເຖິງການຕົກເຂົ້າໄປໃນຂຸມເລິກຫລືຫລຸມພາງທີ່ຖືກຂຸດແລະເຊື່ອງໄວ້ເພື່ອຈັບສັດ.</li><li>ເມື່ອໃຊ້ການປຽບທຽບ ການຖືກຈັບໃນກັບດັກຫລືບ້ວງຈະປຽບທຽບກັບການທີ່ບຸກຄົນຖືກເຮັດໃຫ້ຕິດກັບ ໃນຄວາມບາບເຊັ່ນດຽວກັບທີ່ສັດຖືກຈັບໂດຍບ້ວງຫລືກັບດັກນັ້ນ.</li><li>ເຊັ່ນດຽວກັບສັດທີ່ຢູ່ໃນອັນຕະລາຍແລະບາດເຈັບເພາະການຕິດຢູ່ໃນກັບດັກ ດັ່ງນັ້ນບຸກຄົນທີ່ຕົກລົງໄປໃນກັບດັກຂອງຄວາມບາບກໍກຳລັງຖືກເຮັດຮ້າຍໂດຍຄວາມບາບນັ້ນແລະຕ້ອງການ ການທີ່ຈະຖືກປ່ອຍຈາກບາບນັ້ນ.</li></ul>  
snow	<h2 id="section">@ຫິມະ</h2><h3 id="section-1">ນິຍາມ</h3><p>ຄຳວ່າ "ຫິມະ" ໝາຍເຖິງເກັດສີຂາວຂອງນ້ຳກ້ອນທີ່ຕົກມາຈາກກ້ອນເມກໃນທີ່ຊຶ່ງອຸນຫະພູມຂອງອາກາດໜາວ.</p><ul><li>ຫິມະຕົກໃນທີ່ຊຶ່ງມີລະດັບຄວາມສູງໃນອິດສະຣາເອນ ແຕ່ກໍ່ອາດຈະບໍ່ຢູ່ເທິງດິນນານກ່ອນຈະລະລາຍ  ເທິງຍອດພູເຂົາຕ່າງໆ. ມີແນວໂນ້ມທີ່ຈະມີຫິມະຢູ່ໄດ້ນານກວ່າ. ມີຕົວຢ່າງໜຶ່ງທີ່ພຣະຄຳພີໄດ້ກ່າວເຖິງຫິມະເທິງພູເຂົາເລບານອນ.</li><li>ບາງສິ່ງທີ່ມີສີຂາວຈະຖືກປຽບເຖິງສີຂອງຫິມະ ເຊັ່ນດຽວກັບເມື່ອເສື້ອຜ້າຫລືຜົມຂອງພຣະເຢຊູຖືກອະທິບາຍວ່າເປັນ "ສີຂາວເໝືອນຫິມະ."</li><li>ຄວາມຂາວຂອງຫິມະໃຊ້ເປັນສັນຍາລັກຂອງຄວາມບໍລິສຸດແລະຄວາມສະອາດ. ຕົວຢ່າງເຊັ່ນການບັນຍາຍເຖິງ "ຄວາມບາບຂອງເຮົາຈະຂາວດັ່ງຫິມະ"  ໝາຍເຖິງພຣະເຈົ້າຊົງຊຳລະຄົນຂອງພຣະອົງຈາກຄວາມບາບຂອງພວກເຂົາຢ່າງສິ້ນເຊີງແລ້ວ.</li><li>ໃນບາງພາສາອາດອ້າງອີງເຖິງຫິມະ ເປັນ "ຝົນທີ່ເປັນເກັດນ້ຳກ້ອນ" ຫລື "ເກັດຂອງນ້ຳກ້ອນ" ຫລື "ເກັດນ້ຳກ້ອນ."</li><li>"ນ້ຳຫິມະ" ອ້າງເຖິງນ້ຳທີ່ໄດ້ມາຈາກການລະລາຍຂອງຫິມະ.</li></ul>  
sodom	<h2 id="section">@ໂຊດົມ</h2><h3 id="section-1">ຂໍ້ເທັດຈິງ</h3><p>ໂຊດົມເປັນເມືອງທີ່ຢູ່ຕອນໃຕ້ຂອງການາອານ ຊຶ່ງເປັນສະຖານທີ່ຫລານຊາຍຂອງອັບຣາຮາມ ຄື ໂລດອາໄສຢູ່ກັບພັນລະຍາແລະລູກຫຼານຂອງທ່ານ.</p><ul><li>ແຜ່ນດິນຂອງພື້ນທີ່ອ້ອມເມືອງໂຊດົມເປັນພື້ນທີ່ຊຸ່ມນ້ຳແລະອຸດົມສົມບູນ,  ດັ່ງນັ້ນຈຶ່ງນັ້ນເປັນທີ່ທີ່ໂລດໄດ້ເລືອກທີ່ຈະອາໄສຢູ່ໃນຕອນທີ່ຕັ້ງຖິ່ນຖານໃນການາອານ.</li><li>ສະຖານທີ່ຕັ້ງທີ່ແນ່ນອນຂອງເມືອງນີ້ບໍ່ເປັນທີ່ຮູ້ແຈ້ງ ເພາະວ່າເມືອງໂຊດົມ ແລະ ເມືອງທີ່ຢູ່ໃກ້ເມືອງ</li></ul><p>ໂກໂມຣາທັງໝົດຖືກພຣະເຈົ້າຊົງທຳລາຍຢ່າງສິ້ນຊາກ ເພື່ອເປັນການລົງໂທດສິ່ງຊົ່ວຮ້າຍທີ່ປະຊາຊົນໄດ້ກະທຳຢູ່</p><ul><li>ຄວາມບາບທີ່ຊົ່ວຮ້າຍທີ່ສຸດທີ່ປະຊາຊົນໃນເມືອງໂຊດົມແລະເມືອງໂກໂມຣາກະທຳຢູ່ຄືການຮັກຮ່ວມເພດ.</li></ul>  
solomon	<h2 id="section">@ໂຊ​ໂລ​ໂມນ</h2><h3 id="section-1">ຂໍ້ເທັດຈິງ</h3><p>ໂຊໂລໂມນເປັນໜື່ງໃນລຸກຂອງກະສັດດາວິດ ມານດາຂອງພຣະອົງຄືບັດເຊບາ.</p><ul><li>ເມື່ອໂຊໂລໂມນໄດ້ເປັນກະສັດແລ້ວ, ພຣະເຈົ້າໄດ້ຊົງບອກພຣະອົງວ່າໃຫ້ຂໍຫຍັງກໍໄດ້ທີ່ກະສັດໂຊໂລໂມນຕ້ອງການ. ດັ່ງນັ້ນໂຊໂລໂມນຈຶ່ງທູນຂໍສະຕິປັນຍາທີ່ຈະປົກຄອງປະຊາກອນຂອງພຣະອົງຢ່າງຊື່ກົງແລະດີ. ພຣະເຈົ້າຊົງພໍພຣະໄທຄຳທູນຂໍຂອງກະສັດໂຊໂລໂມນຈຶ່ງປະທານທັງສະຕິປັນຍາແລະຄວາມມັ່ງຄັ່ງ​ຮັ່ງ​ມີໃຫ້ພຣະອົງ.</li><li>ກະສັດໂຊໂລໂມນມີຊື່ສຽງໃນດ້ານການສ້າງພຣະວິຫານທີ່ສຳຄັນແລະສວຍ​ງາມໄວ້ໃນກຸງເຢຣູຊາເລັມ.</li><li>ເຖິງແມ່ນວ່າກະສັດໂຊໂລໂມນໄດ້ຊົງປົກຄອງຢ່າງມີສະຕິປັນຍາໃນຊ່ວງຕົ້ນຂອງການປົກຄອງຂອງພຣະອົງ, ແຕ່ຕໍ່ມາພຣະອົງຊົງແຕ່ງງານກັບຍິງຊາວຕ່າງຊາດຢ່າງໂງ່ເງົ່າແລະເລີ່ມນະມັດສະການບັນດາພຣະຂອງຜູ້ຍິງເຫລົ່ານັ້ນ.</li><li>ເພາະຄວາມບໍ່ຊື່ສັດຂອງກະສັດໂຊໂລໂມນ, ຫລັງການສິ້ນພຣະຊົນຂອງພຣະອົງພຣະເຈົ້າໄດ້ຊົງແບ່ງແຍກຄົນອິດສະຣາເອນເປັນສອງອານາຈັກ ເປັນອິດສະຣາເອນແລະຢູດາ, ທັງສອງອານາຈັກກໍຕໍ່ສູ້ກັນເລື້ອຍ​ມາ.</li></ul>  
son	<h2 id="section">@ບຸດ, @ບຸດຂອງ, @ລູກ​ຊາຍ</h2><h3 id="section-1">ນິຍາມ</h3><p>ຄຳວ່າ "ບຸດ" ອ້າງເຖິງເດັກຜູ້ຊາຍຫລຶຜູ້ຊາຍທີ່ມີຄວາມສຳພັນ​ກັບພໍ່ແມ່ຂອງເຂົາ. ແລະຍັງອ້າງເຖິງເຊື້ອສາຍຂອງໃຜຫລາຍຄົນ ຫລືລູກບຸນທຳ.</p><ul><li>ຄຳວ່າ "ບຸດ" ມັກໃຊ້ເປັນຄຳປຽບທຽບໃນພຣະຄຳພີທີ່ອ້າງເຖິງຜູ້ສືບເຊື້ອສາຍທີ່ເປັນຜູ້ຊາຍ, ຢ່າງເຊັນຫລານຊາຍຫລືເຫລນຊາຍ.</li><li>ຄຳວ່າ "ບຸດ" ສາມາດໃຊ້ເປັນຮູບແບບທີ່ສຸພາບໃນການເອີ້ນເດັກຜູ້ຊາຍຫລືຜູ້ຊາຍທີ່ມີອາຍຸນ້ອຍກວ່າ.</li><li>ບາງຄັ້ງຄຳວ່າ "ບັນດາບຸດຂອງພຣະເຈົ້າ" ຖືກໃຊ້ໃນພັນທະສັນຍາໃໝ່ທີ່ໝາຍເຖິງເຫລົ່າຜູ້ເຊື່ອໃນພຣະເຢຊູຄຣິດ.</li><li>ພຣະເຈົ້າຊົງເອີ້ນຊົນຊາດອິດສະຣາເອນວ່າ "ລູກຫົວປີ." ຂອງພຣະອົງ ນີ້ອ້າງເຖິງຊົນຊາດພຣະເຈົ້າຊົງຄັດເລືອກໄວ້ໃຫ້ເປັນປະຊາກອນພິເສດຂອງພຣະອົງ.  ໂດຍຜ່ານທາງພວກເຂົາພຣະຄຳຂອງພຣະເຈົ້າແຫ່ງການຊົງໄຖ່ແລະການຊົງຊ່ວຍກູ້ໂດຍໄດ້ມາເຖິ,ງ ຊຶ່ງເປັນຜົນໃຫ້ຫລາຍຄົນໄດ້ມາເປັນບຸດທາງຝ່າຍວິນຍານຂອງພຣະອົງ.</li><li>ປະ​ໂຫຍກ​ທີ່ວ່າ "ບຸດຂອງ" ມັກມີຄຳອຸປະມາທີ່ໝາຍເຖິງ, "ມີລັກສະນະຂອງ" ຕົວຢ່າງເຊັ່ນ "ບຸດຂອງຄວາມສະຫວ່າງ." "ບຸດຂອງຄວາມບໍ່ເຊື່ອຟັງ," "ບຸດແຫ່ງສັນຕິສຸກ,"ແລະ "ບຸດແຫ່ງຟ້າຮ້ອງ."</li><li>​ປະ​ໂຫຍກ​ທີ່ວ່າ "ບຸດຂອງ" ຍັງໃຊ້ເພື່ອບອກວ່າໃຜເປັນພໍ່ຂອງໃຜ. ​ປະ​ໂຫຍກນີ້ຍັງໃຊ້ໃນລຳດັບວົງຕະກູນແລະທີ່ອື່ນໆ ອີກຫລາຍທີ່.</li><li>ການໃຊ້ "ບຸດຂອງ" ເພື່ອຊ່ວຍໃຫ້ຊື່ພໍ່ຊ່ວຍແຍກແຍະປະຊາຊົນທີ່ມີຊື່ຄືກັນ  ຕົວຢ່າງເຊັ່ນ, "ເອຊາຢາ, ບຸດແຫ່ງສາໂດກ" ແລະ "ເອລີຢາ, ບຸດແຫ່ງນາທັນ"  ໃນ 1 ກະສັດ ບົດທີ 4, ແລະ "ເອຊາຢາ, ບຸດແຫ່ງອະມາຊິ ໃນ 2 ກະສັດ ບົດທີ 15  ຜູ້ຊາຍທີ່ຊື່ດຽວກັນສາມຄົນ."</li></ul><h3 id="section-2">ຄຳແນະນຳໃນການແປ</h3><ul><li>ໃນສິ່ງທີ່ປະກົດຂອງຄຳນີ້, ເປັນການດີທີ່ສຸດທີ່ຈະແປ "ບຸດ" ໂດຍໃຊ້ຄຳຕົງຕົວໃນພາສາທີ່ໃຊ້ອ້າງເຖິງບຸດ.</li><li>ເມື່ອແປຄຳວ່າ "ພຣະບຸດຂອງພຣະເຈົ້າ," ຄວນໃຊ້ຄຳທຳມະດາໃນພາສາເປົ້າໝາຍທີ່ຈະແປຄຳວ່າ "ບຸດ"</li><li>ເມື່ອໄດ້ໃຊ້ອ້າງອິງເຖິງຜູ້ສືບເຊື້ອສາຍຫລາຍວ່າບຸດຊາຍ, ໂດຍກົງກວ່າ "ເຊື້ອສາຍ" ຄວນຈະນຳມາໃຊ້ ,  ທີ່ອ້າງອີງເຖິງພຣະເຢຊູໃນຖານະ "ຜູ້ສືບເຊື້ອສາຍຂອງດາວິດ" ຫລືໃນການສືບວົງຕະກູນບາງເທື່ອ "ບຸດຊາຍ" ອ້າງອີງຜູ້ສືບເຊື້ອສາຍທີ່ເປັນຜູ້ຊາຍ ບໍ່ໄດ້ໝາຍເຖິງບຸດຊາຍແທ້ ໆ.</li><li>ບາງເທື່ອ "ພວກບຸດຊາຍ" ສາມາດແປວ່າ "ລູກຫລານ," ເມື່ອມີທັງຜູ້ຊາຍແລະຜູ້ຍິງໄດ້ຮັບການອ້າງເຖິງ ຕົວຢ່າງເຊັ່ນ, "ພວກບຸດຊາຍຂອງພຣະເຈົ້າ" ສາມາດແປວ່າ "ລູກຫລານຂອງພຣະເຈົ້າ" ເນື່ອງຈາກຄຳກ່າວນີ້ທັງໝົດທັງຜູ້ຍິງແລະຜູ້ຊາຍດ້ວຍ.</li><li>ຄຳກ່າວປຽບທຽບ "ບຸດຂອງ" ສາມາດແປວ່າ "ບາງຄົນຜູ້ມີບຸກຄະລິກລັກສະນະຂອງ" ຫລື "ບາງຄົນຜູ້ທີ່ເໝືອນ" ຫລື "ບາງຄົນຜູ້ທີ່ມີ" ຫລື"ບາງຄົນຜູ້ທີ່ກະທຳເໝືອນ."</li></ul>  
son of god	<h2 id="section">@ພຣະບຸດຂອງພຣະເຈົ້າ, @ພຣະບຸດ, @ບຸດ</h2><h3 id="section-1">ນິຍາມ</h3><p>ຄຳວ່າ "ພຣະບຸດຂອງພຣະເຈົ້າ" ອ້າງເຖິງພຣະເຢຊູ, ພຣະຄຳຂອງພຣະເຈົ້າໄດ້ເຂົ້າມາຍັງໃນໂລກໃນຖານະມະນຸດ. ຫລາຍເທື່ອພຣະອົງຍັງຖືກອ້າງອີງໃຫ້ເປັນ "ພຣະບຸດ."</p><ul><li>ພຣະບຸດຂອງພຣະເຈົ້າມີພຣະລັກສະນະເຊັ່ນດຽວກັບພຣະເຈົ້າພຣະບິດາ, ແລະເປັນພຣະເຈົ້າຢ່າງຄົບບໍລິບູນ.</li><li>ພຣະເຈົ້າພຣະບິດາ, ພຣະເຈົ້າພຣະບຸດ, ແລະ ພຣະວິນຍານບໍລິສຸດຊົງເປັນອົງດຽວກັນ.</li><li>ບໍ່ເໝືອນກັບບຸດຊາຍຂອງມະນຸດ, ພຣະບຸດພຣະເຈົ້ານັ້ນຊົງດຳລົງຢູ່ເປັນນິດ.</li><li>ເມື່ອເດີມນັ້ນ, ພຣະບຸດຂອງພຣະເຈົ້າ ຊົງເນລະມິດສ້າງໂລກຮ່ວມກັບພຣະບິດາແລະພຣະວິນຍານບໍລິສຸດ.</li><li>ເພາາະວ່າພຣະເຢຊູຊົງເປັນພຣະບຸດຂອງພຣະເຈົ້າ, ພຣະອົງຊົງຮັກແລະເຊື່ອຟັງພຣະບິດາຂອງພຣະອົງ, ແລະພຣະບິດາຂອງພຣະອົງຊົງຮັກພຣະອົງ</li></ul><h3 id="section-2">ຄຳແນະນຳໃນການແປ</h3><ul><li>ຄຳວ່າ, "ພຣະບຸດຂອງພຣະເຈົ້າ,"  ເປັນການດີທີ່ສຸດໃຫ້ແປ "ພຣະບຸດ" ດ້ວຍຄຳທີ່ຄືກັນພາສາຄວນໃຊ້ໃຫ້ເປັນທຳມະຊາດເພື່ອອ້າງເຖິງບຸດມະນຸດ.</li><li>ໃຫ້ແນ່ໃຈວ່າຄຳທີ່ໃຊ້ແປຄຳວ່າ "ບຸດ" ເໝາະສົມກັບຄຳທີ່ໃຊ້ແປຄຳວ່າ "ພຣະບິດາ" ແລະຄຳເຫລົ່ານີ້ເປັນຄຳທີ່ເປັນທຳມະຊາດທີ່ໃຊ້ສະແດງເຖິງຄວາມສຳພັນລະຫວ່າງພຣະບິດາກັບບຸດໃນພາສາທີ່ແປ.</li><li>ໃຫ້ໃຊ້ອັກສອນຕົວໃຫຍ່ເປັນຕົວອັກສອນເລີ່ມຕົ້ນຄຳວ່າ "ພຣະບຸດ" ຈະຊ່ວຍສະແດງວ່ານິ້ເປັນການເວົ້າເຖິງພຣະເຈົ້າ.</li><li>ປະ​ໂຫຍກ​ທີ່​ວ່າ "ພຣະບຸດ" ເປັນຮູບແບບທີ່ເຮັດໃຫ້ສັ້ນລົງຂອງຄຳວ່າ "ພຣະບຸດຂອງພຣະເຈົ້າ," ສະເພາະຢ່າງຍິ່ງເມື່ອໃຊ້ໃນປະ​ໂຫຍກດຽວກັບຄຳວ່າ "ພຣະບິດາ."</li></ul>  
son of man	<h2 id="section">@ບຸດມະນຸດ, @ບຸດມະນຸດ</h2><h3 id="section-1">ນິຍາມ</h3><p>ຄຳວ່າ, "ບຸດມະນຸດ" ຈະໃຊ້ເອີ້ນພຣະເຢຊູຊຶ່ງໝາຍເຖິງຕົວຂອງພຣະອົງເອງ ພຣະອົງມັກໃຊ້ຄຳນີ້ເພື່ອແທນການເອີ້ນວ່າ "ເຮົາ" ຫລື "ຕົວເຮົາ."</p><ul><li>ໃນພຣະຄຳພີ, "ບຸດມະນຸດ" ສາມາດເປັນວິທີໃນການອ້າງເຖິງໝາຍເຖິງຫລືກ່າວເຖິງຊາຍຄົນໜຶ່ງ. ແລະຍັງໝາຍເຖິງ "ມະນຸດ."</li><li>ຕະຫລອດພຣະຄຳພີເດີມໃນພຣະຄຳເອເຊກຽນ, ຫລາຍເທື່ອພຣະເຈົ້າມັກເວົ້າເຖິງເອເຊກຽນວ່າ "ບຸດມະນຸດ." ຕົວຢ່າງເຊັ່ນ ພຣະອົງກ່າວວ່າ, "ເຈົ້າ ບຸດມະນຸດ ຈະຕ້ອງປະກາດພຣະຄຳ."</li><li>ຜູ້ປະກາດພຣະຄຳດານີເອນໄດ້ເຫັນນິມິດຂອງ "ບຸດມະນຸດ" ມາດ້ວຍກ້ອນເມກຊຶ່ງເລັງເຖິງການສະເດັດມາຂອງພຣະເມຊີອາ</li><li>ພຣະເຢຊູໄດ້ກ່າວວ່າບຸດມະນຸດຈະສະເດັດກັບມາໃນມື້ໜຶ່ງເທິງກ້ອນເມກທັງຫລາຍ.</li><li>ນີ້ອ້າງອີງເຖິງບຸດມະນຸດສະເດັດມາໃນກ້ອນເມກປາກົດເປີດເຜີຍໃຫ້ເຫັນວ່າພຣະເຢຊູ ພຣະເມຊີອາ</li></ul><p>ຊົງເປັນພຣະເຈົ້າ.</p><h3 id="section-2">ເບິ່ງເພີ່ມຕື່ມ</h3><ul><li>ເມື່ອພຣະເຢຊູຊົງໃຊ້ຄຳວ່າ "ບຸດມະນຸດ," ນີ້ສາມາດແປວ່າ, "ທ່ານຜູ້ທີ່ໄດ້ກາຍເປັນມະນຸດ" ຫລື "ຜູ້ຊາຍຈາກສະຫວັນ."</li><li>ຜູ້ແປບາງຄົນຈະຮ່ວມເອົາຄຳວ່າ "ເຮົາ" ຫລື "ຕົວເຮົາ" ໃນຕຳແໜ່ງນີ້ດ້ວຍ</li></ul>  
sons of god	<h2 id="section">@ບັນດາບຸດຂອງພຣະເຈົ້າ</h2><h3 id="section-1">ນິຍາມ</h3><p>ຄຳວ່າ "ບັນດາບຸດຂອງພຣະເຈົ້າ" ເປັນຄຳເວົ້າໂດຍປຽບທຽບທີ່ມີຄວາມໝາຍທີ່ເປັນໄປໄດ້ຫລາຍຢ່າງ.</p><ul><li>ໃນພັນທະສັນຍາໃໝ່ຄຳວ່າ, "ບັນດາບຸດຂອງພຣະເຈົ້າ" ອ້າງເຖິງຜູ້ເຊື່ອໃນພຣະເຢຊູທັງຫລາຍ ແລະຫລາຍຄັ້ງຍັງແປໄດ້ອີກວ່າ"ລູກຫລານຂອງພຣະເຈົ້າ" ເນື່ອງຈາກລວມໝາຍເຖິງລວມທັງຊາຍແລະຍິງດ້ວຍ.</li><li>ການໃຊ້ຄຳນີ້ເວົ້າເຖິງຄວາມສຳພັນຂອງພຣະເຈົ້າທີ່ເໝືອນຄວາມສຳພັນລະຫວ່າງລູກ ມະນຸດກັບພຣະບິດາ, ຂອງເຮົາລວມເຖິງສິດທິພິເສດໃນການເປັນບຸດ.</li><li>ໃນປະຖົມມະການ ບົດທີ 6, ບາງຄົນແປຄຳວ່າ "ບັນດາບຸດມະນຸດຂອງພຣະເຈົ້າ" ເປັນທູດສະຫວັນທີ່ຕົກລົງມາ, ເປັນວິນຍານຊົ່ວຫລືປີສາດ,  ຄົນອື່ນໆ ຄິດວ່າອາດຈະເປັນຜູ້ປົກຄອງທາງການເມືອງທີ່ມີອຳນາດຫລືລູກຫລານຂອງເຊດ.</li><li>ໃນພັນທະສັນຍາໃໝ່, ຄໍາວ່າ "ບັນດາບຸດຂອງພຣະເຈົ້າ" ອ້າງເຖິງຄົນທັງຫລາຍທີ່ເຊື່ອໃນພຣະເຢຊູ ແລະຫລາຍເທື່ອແປວ່າ "ລູກຫລານຂອງພຣະເຈົ້າ" ເພາະເຫດວ່າທັງໝົດທັງຜູ້ຍິງແລະຜູ້ຊາຍ.</li><li>ການໃຊ້ຄຳນີ້ເວົ້າເຖິງຄວາມສຳພັນກັບພຣະເຈົ້າທີ່ເໝືອນຄວາມສຳພັນລະຫວ່າງລູກ ມະນຸດກັບພຣະບິດາຂອງເຂົາທັງໝົດເຖິງສິດທິພິເສດໃນການເປັນບຸດ.</li><li>ຕຳແໜ່ງ "ພຣະບຸດຂອງພຣະເຈົ້າ" ເປັນຄຳທີ່ແຕກຕ່າງອອກໄປທີ່ໝາຍເຖິງພຣະເຢຊູ, ຜູ້ເປັນພຣະບຸດອົງດຽວຂອງພຣະເຈົ້າ.</li></ul><h3 id="section-2">ເບິ່ງເພີ່ມຕື່ມ</h3><ul><li>ເມື່ອ "ບັນດາບຸດຂອງພຣະເຈົ້າ" ອ້າງເຖິງຜູ້ເຊື່ອທັງຫລາຍໃນພຣະເຢຊູ , ກໍສາມາດແປວ່າ, "ບັນດາລູກຫລານຂອງພຣະເຈົ້າ."</li><li>ອີກວິທີໜຶ່ງໃນການແປ "ບັນດາລູກຫລານຂອງພຣະເຈົ້າ" ສາມາດທັງໝົດເອົາ, "ທູດສະຫວັນ" ຫລື "ຮ່າງວິນຍານທັງຫລາຍ," ຫລື "ຜີມານຮ້າຍທັງຫລາຍ," ຂຶ້ນຢູ່ກັບສະພາບການ</li><li>ໃຫ້ເບິ່ງລິ້ງສຳລັບ "ບຸດ." ດ້ວຍ</li></ul>  
sorcery	<h2 id="section">@ເວດມົນ, @ໝໍຜີ, @ຄາຖາ</h2><h3 id="section-1">ນິຍາມ</h3><p>ຄຳວ່າ "ເວດມົນ" ຫລື "ຄາຖາ" ອ້າງເຖິງການໃຊ້ເວດມົນຊຶ່ງກ່ຽວຂ້ອງ, ກັບການກະທຳສິ່ງທີ່ມີພະລັງອຳນາດໂດຍການຊ່ວຍເຫລືອຈາກວິນຍານຊົ່ວ. "ໝໍຜີ" ຄືບາງຄົນທີ່ກະທຳເວດມົນ.</p><ul><li>ການໃຊ້ຄາຖາແລະເວດມົນສາມາດລວມເຖິງທັງສິ່ງທີ່ເປັນຄຸນປະໂຫຍດ (ເຊັ່ນການຮັກສາບາງຄົນ)  ແລະບາງສິ່ງບາງຢ່າງທີ່ເປັນອັນຕະລາຍ (ເຊັ່ນການສາບແຊ່ງບາງຄົນ).  ແຕ່ເວດມົນທຸກປະເພດເປັນສິ່ງທີ່ຜິດເພາະວ່າພວກເຂົາໃຊ້ສິ່ງເຫລົ່ານີ້ໃຊ້ພະລັງອຳນາດຂອງວິນຍານຊົ່ວ.</li><li>ໃນພຣະຄຳພີ, ພຣະເຈົ້າກ່າວວ່າການໃຊ້ເວດມົນກໍຊົ່ວຮ້າຍພໍກັບຄວາມບາບທີ່ຊົ່ວຮ້າຍ (ເຊັ່ນ ການລ່ວງປະເວນີ ການກາບໄຫວ້ຮູບເຄົາລົບ, ແລະການບູຊາຍັນເດັກ.)</li><li>ຄຳວ່າ "ເວດມົນ" ຫລື "ຄາຖາ"ສາມາດແປໄດ້ດ້ວຍວ່າ, "ພະລັງອຳນາດຂອງວິນຍານຊົ່ວ" ຫລື "ການເສກຄາຖາ."</li><li>ວິທີທີ່ເປັນໄປໄດ້ໃນການແປຄຳວ່າ "ໝໍຜີ" ສາມາດທັງໝົດເຖິງ "ຄົນເຮັດວຽກດ້ານເວດມົນ" ຫລື "ຄົນເສກຄາຖາ"  ຫລື  "ບຸກຄົນຜູ້ກໍ່ການອັດສະຈັນໂດຍໃຊ້ພະລັງອຳນາດຂອງວິນຍານຊົ່ວ."</li><li>ໝາຍເຫດຄຳວ່າ "ເວດມົນ" ມີຄວາມໝາຍຕ່າງໄປຈາກຄຳວ່າ "ການທຳນາຍໂຊກຊະຕາ," ຊຶ່ງອ້າງເຖິງການພະຍາຍາມທີ່ຕິດຕໍ່ກັບໂລກຂອງວິນຍານ.</li></ul>  
soul	<h2 id="section">@ຈິດໃຈ</h2><h3 id="section-1">ນິຍາມ</h3><p>ຈິດໃຈເປັນສິ່ງພາຍໃນ, ເບິ່ງບໍ່ເຫັນ, ເປັນສ່ວນນິລັນດອນຂອງບຸກຄົນ.  ມັນອ້າງເຖິງສ່ວນທີ່ບໍ່ເປັນຮ່າງກາຍຂອງບຸກຄົນ.</p><ul><li>ຄຳວ່າ "ຈິດໃຈ" ແລະ"ວິນຍານ" ອາດມີແນວຄິດສອງແບບ, ຫລືອາດເປັນຄຳສອງຄຳທີ່ມີຄວາມໝາຍເຖິງຄວາມຄິດດຽວກັນ.</li><li>ເມື່ອບຸກຄົນຕາຍ ຈິດວິນຍານຂອງເຂົາກໍໄດ້ອອກຈາກຮ່າງກາຍໄປ.</li><li>ຄຳວ່າ "ວິນຍານ" ບາງເທື່ອຈະໃຊ້ເປັນຄຳປຽບທຽບທີ່ອ້າງເຖິງບຸກຄົນທັງຕົວ. ຕົວຢ່າງເຊັ່ນ "ຈິດໃຈທີ່ເຮັດບາບ" ໝາຍເຖິງ, "ບຸກຄົນທີ່ເຮັດບາບ" ແລະ "ຈິດໃຈຂອງຂ້າພຣະເຈົ້າອິດເມື່ອຍ"  ໝາຍເຖິງ "ຂ້າພຣະເຈົ້າອິດເມື່ອຍ."</li></ul><h3 id="section-2">ເບິ່ງເພີ່ມຕື່ມ</h3><ul><li>ຄຳວ່າ "ຈິດໃຈ" ສາມາດແປວ່າ "ຮ່າງພາຍໃນ" ຫລື "ພາຍໃນບຸກຄົນ."</li><li>ໃນບາງສະພາບການ "ວິນຍານຂອງຂ້ອຍ" ສາມາດແປວ່າ, "ຂ້ອຍ" ຫລື "ຂ້ອຍ."</li></ul><p>"ໂດຍປົກກະຕິ ຄຳ​ວ່າ "ຈິດໃຈ" ສາມາດແປວ່າ "ບຸກຄົນ" ຫລື "ເຂົາ" ຫລື "ທ່ານ," ຂຶ້ນຢູ່ກັບສະພາບການ</p><ul><li>ບາງພາສາອາດມີພຽງຄຳດຽວທີ່ແປວ່າ "ຈິດໃຈ" ແລະ "ວິນຍານ."</li><li>ໃນເຮັບເຣີ 4.12 ໃນ​ຄຳ​ວ່າ "ແບ່ງຈິດໃຈແລະວິນຍານ," ສາມາດໝາຍຄວາມວ່າ, "ຫຍັ່ງຮູ້ຢ່າງເລິກໆ ຫລື ສະແດງອອກສິ່ງພາຍໃນບຸກຄົນ."</li></ul>  
sow	<h2 id="section">@ຫວ່ານ, @ຜູ້ຫວ່ານ, @ປູກ</h2><h3 id="section-1">ນິຍາມ</h3><p>ການ "ຫວ່ານ" ໝາຍເຖິງການໃສ່ເມັດລົງໄປໃນດິນເພື່ອທີ່ຈະປຸກພືດ.  ຄໍາວ່າ "ຜູ້ຫວ່ານ" ຄືບຸກຄົນທີ່ຫວ່ານຫລືປູກເມັດ.</p><ul><li>ວິທີການຫວ່ານຫລືການປຸກນັ້ນແຕກຕ່າງກັນ, ແຕ່ມີວິທີໜຶ່ງທີ່ຄືກັນຄືເອົາເມັດມາແລະກະຈາຍລົງໄປເທິງພື້ນດິນ.</li><li>ອີກວິທີໜຶ່ງຂອງການປຸກເມັດຄືການຂູດຂຸມໃນດິນແລະໃສ່ເມັດລົງໄປໃນແຕ່ລະຂຸມ.</li><li>ຄຳວ່າ "ຫວ່ານ" ສາມາດໃຊ້ເປັນຄຳປຽບທຽບໄດ້ວ່າ, "ບຸກຄົນຈະເກັບກ່ຽວໃນສິ່ງທີ່ທ່ານຫວ່ານໄວ້"  ນີ້ໝາຍຄວາມວ່າຖ້າບຸກຄົນເຮັດຊົ່ວທ່ານເອງຈະໄດ້ຮັບຜົນຊົ່ວນັ້ນ. ແລະຖ້າບຸກຄົນເຮັດດີຕ່ໍ່ຄົນອື່ນ, ທ່ານເອງຈະໄດ້ຮັບຜົນທີ່ດີ.</li></ul>  
spear	<h2 id="section">@ຫອກ</h2><h3 id="section-1">ນິຍາມ</h3><p>ຫອກເປັນອາວຸດຊະນິດທີ່ຍາວມີດ້າມເປັນໄມ້ແລະເປັນເຫລັກທີ່ແຫລມຄົມ​ທີ່ປາຍດ້ານໜຶ່ງຊຶ່ງໃຊ້ຊັດອອກໄປໄກໄດ້.</p><ul><li>ຫອກຖືກໃຊ້ກັນຢ່າງແຜ່ຫລາຍໃນສົງຄາມໃນສະໄໝຂອງພຣະຄຳພີ. ຫອກຍັງຄົງໃຊ້ຈົນເຖິງປະຈຸບັນໃນທີ່ມີຄວາມຂັດແຍ້ງລະຫວ່າງບາງກຸ່ມ.</li><li>ທະຫານໂຣມັນໄດ້ໃຊ້ຫອກໃນການແທງສີຂ້າງຂອງພຣະເຢຊູໃນຂະນະທີ່ພຣະອົງຖືກຄຶງທີ່ເທິງໄມ້ກາງແຂນ</li><li>ບາງເທື່ອຄົນຍັງໃຊ້ຫອກໃນການຫາປາຫລືສັດອື່ນໆ ເພື່ອເປັນອາຫານ.</li><li>ອາວຸດທີ່ຄ້າຍຄືກັນໄດ້ແກ່ "ທວນ" ຫລື "ຫລາວ."</li><li>ໃຫ້ແນ່ໃຈວ່າການແປ ຄຳວ່າ "ຫອກ" ແຕກຕ່າງຈາກການແປຄຳວ່າ "ດາບ" ຊຶ່ງເປັນອາວຸດທີ່ໃຊ້ສຳລັບຈິ້ມຫລືແທງບໍ່ແມ່ນແກວ່ງ,  ດາບຍັງມີດ້າມຈັບທີ່ຍາວ ຂະນະທີ່ຫອກມີໃບມີດນ້ອຍໆ  ຢູ່ທີ່ປາຍດ້າມ.</li></ul>  
spirit	<h2 id="section">@ວິນຍານ, @ຝ່າຍວິນຍານ</h2><h3 id="section-1">ນິຍາມ</h3><p>ຄຳວ່າ "ວິນຍານ" ອ້າງເຖິງສ່ວນທີ່ບໍ່ແມ່ນຊີ້ນໜັງຂອງຄົນຊຶ່ງບໍ່ສາມາດເບິ່ງເຫັນໄດ້ ເມື່ອບຸກຄົນຕາຍ. ວິນຍານຂອງເຂົາໄດ້ຈາກຮ່າງຂອງເຂົາ. "ວິນຍານ" ສາມາດອ້າງເຖິງທັດສະນະຄະຕິຫລືສະພາບທາງອາລົມ.</p><ul><li>ຄຳວ່າ "ວິນຍານ" ໝາຍເຖິງຕົວຕົນທີ່ບໍ່ມີຮ່າງກາຍ, ໂດຍສະເພາະວິນຍານຊົ່ວ.</li><li>ວິນຍານຂອງບຸກຄົນ ເປັນສ່ວນໜຶ່ງຂອງເຂົາທີ່ສາມາດຮູ້ຈັກພຣະເຈົ້າແລະເຊື່ອໃນພຣະອົງ.</li><li>ໂດຍທົ່ວໄປ ຄໍາວ່າ "ຝ່າຍວິນຍານ" ອະທິບາຍເຖິງສິ່ງທີ່ບໍ່ແມ່ນເນື້ອໜັງທາງໂລກ.</li><li>ໃນພຣະຄຳພີ, ຈະມີຄວາມໝາຍໂດຍສະເພາະອ້າງເຖິງສິ່ງໃດທີ່ກ່ຽວຂ້ອງກັບພຣະເຈົ້າ, ໂດຍສະເພາະກັບພຣະວິນຍານບໍລິສຸດ.</li><li>ຍົກຕົວຢ່າງເຊັ່ນ, "ອາຫານຝ່າຍວິນຍານ" ອ້າງເຖິງຄຳສອນຂອງພຣະເຈົ້າທີ່ໃຫ້ການຫລໍ່ລ້ຽງວິນຍານຂອງບຸກຄົນ, "ສະຕິປັນຍາຝ່າຍວິນຍານ"  ອ້າງເຖິງຄວາມຮູ້ແລະການປະພຶດທີ່ມັກທຳທີ່ມາຈາກລິດຂອງພຣະວິນຍານບໍລິສຸດ.</li><li>ພຣະເຈົ້າຊົງເປັນພຣະວິນຍານແລະພຣະອົງຊົງເປັນພຣະຜູ້ເນລະມິດເຫລົ່າວິນຍານອື່ນທີ່ບໍ່ມີຮ່າງກາຍຊີ້ນໜັງ.</li><li>ເຫລົ່າທູດສະຫວັນເປັນວິນຍານທີ່ມີຊີວິດ, ທັງໝົດເຖິງເຫລົ່າວິນຍານທີ່ກະບົດຕໍ່ພຣະເຈົ້າແລະກາຍເປັນວິນຍານຊົ່ວ.</li><li>ຄຳວ່າ "ວິນຍານແຫ່ງ" ສາມາດໝາຍເຖິງ "ການມີລັກສະນະເຈົ້າຂອງ,"  ຢ່າງເຊັ່ນໃນ, "ຈິດວິນຍານຂອງປັນຍາ"  ຫລື "ໃນວິນຍານຂອງເອລີຢາ."</li><li>ຕົວຢ່າງຂອງ"ວິນຍານ" ເຊັ່ນໃນທັດ​ສະ​ນະ​ຄະຕິຫລືອາລົມຈະທັງຫມົດເຖິງ "ວິນຍານແຫ່ງຄວາມຢ້ານ" ຫລື "ວິນຍານແຫ່ງຄວາມອິດສາ."</li></ul><p>%ເບິ່ງເພີ່ມຕື່ມ</p><ul><li>ຂຶ້ນຢູ່ກັບ​ສະ​ຖາ​ນະ​ການ, ບາງວິທີໃນການແປ "ວິນຍານ" ອາດລວມ "ບໍ່ເປັນດ້ານຮ່າງກາຍ," ຫລື "ສ່ວນຂ້າງໃນ"  ຫລື "ຊີວິດທີ່ຢູ່ຂ້າງໃນ."</li><li>ໃນຄໍາວ່າ "ວິນຍານ" ສາມາດແປວ່າ "ວິນຍານຊົ່ວ" ຫລື "ຕົວຕົນວິນຍານຊົ່ວ."</li><li>ບາງເທື່ອ ຄຳວ່າ "ວິນຍານ" ຖືກໃຊ້ເພື່ອສະແດງເຖິງຄວາມຮູ້ສຶກຂອງບຸກຄົນທີ່ຢູ່ຂ້າງໃນ, "ວິນຍານຂອງຂ້ອຍໂສກເສົ້າຢູ່ໃນຮ່າງຂອງຂ້ອຍ."  ນີ້ສາມາດແປວ່າ, "ຂ້ອຍຮູ້ສຶກໂສກເສົ້າໃນວິນຍານຂອງຂ້ອຍ" ຫລື "ຂ້ອຍຮູ້ສຶກໂສກເສົ້າຢູ່ເລິກໆ."</li><li>ຄຳ​ວ່າ "ວິນຍານຂອງ" ສາມາດແປວ່າ, "ບຸກຄະລິກລັກສະນະຂອງ" ຫລື "ອິດທິພົນຂອງ" ຫລື "ທັດສະນະຄະຕິຂອງ" ຫລື "ຄວາມຄິດຂອງ"</li></ul>  
splendor	<h2 id="section">@ສະຫງ່າຣາສີ</h2><h3 id="section-1">ນິຍາມ</h3><p>ຄຳວ່າ "ສະຫງ່າຣາສີ" ອ້າງເຖິງຄວາມງົດງາມທີ່ສຸດແລະຄວາມຫລູຫລາທີ່ມັກກ່ຽວຂ້ອງກັບຄວາມຮັ່ງມີແລະຮູບລັກສະນະອັນງົດງາມ.</p><ul><li>ຄຳວ່າສະຫງ່າຣາສີ ຫລາຍເທື່ອຈະໃຊ້ອະທິບາຍເຖິງຄວາມຮັ່ງມີທີ່ກະສັດຊົງມີ, ຫລືວິທີການທີ່ທ່ານເບິ່ງໃນຂອງແພງໆແລະຄວາມງາມໃນເສື້ອຜ້າອາພອນຫລູຫລາຂອງເຂົາ.</li><li>ຄຳວ່າ "ສຫງ່າຣາສີ" ຍັງສາມາດອະທິບາຍເຖິງຄວາມງາມຂອງຕົ້ນໄມ້ ພູເຂົາ ຫລືສິ່ງຕ່າງໆ ທີ່ພຣະເຈົ້າຊົງສ້າງໄວ້.</li><li>ມີບາງເມືອງທີ່ກ່າວກັນວ່າມີຄວາມສຫງ່າງາມອ້າງເຖິງແຫລ່ງຊັບພະຍາກອນທຳມະຊາດອາຄານ, ແລະຖະໜົນທີ່ຊັບຊ້ອນແລະຄວາມຮັ່ງມີຂອງປະຊາຊົນທັງໝົດເຖິງເສື້ອຜ້າລາຄາແພງ, ​ຄຳແລະເງິນ.</li><li>ຂຶ້ນຢູ່ກັບສະ​ຖາ​ນະ​ການ, ຄຳນີ້ສາມາດແປໄດ້ວ່າ, "ຄວາມງາມອັນຍອດຍ້ຽມ" ຫລື "ຄວາມສຫງ່າງາມສູງສຸດ" ຫລື "ຄວາມຍິ່ງໃຫຍ່ດັ່ງກະສັດ."</li></ul>  
staff	<h2 id="section">@ໄມ້ເທົ້າ</h2><h3 id="section-1">ນິຍາມ</h3><p>ໄມ້ເທົ້າເປັນໄມ້ຍາວຫລືໄມ້ແທ່ງທີ່ຫລາຍເທື່ອ, ໃຊ້ໃນເປັນໄມ້ທີ່ຊ່ວຍໃນການຍ່າງ</p><ul><li>ເມື່ອຢາໂຄບຊະລາລົງທ່ານເອງໃຊ້ໄມ້ເທົ້າ, ເພື່ອຊ່ວຍຕົວທ່ານໃນການຍ່າງ.</li><li>ພຣະເຈົ້າຊົງປ່ຽນໄມ້ເທົ້າຂອງໂມເຊໃຫ້ກລາຍເປັນງູເພື່ອສະແດງອຳນາດຂອງພຣະອົງໃຫ້ແກ່ຟາໂຣ.</li><li>ເຫລົ່າຄົນລ້ຽງແກະໃຊ້ໄມ້ເທົ້າໃນການຊ່ວຍນຳແກະຂອງພວກທ່ານເຊັ່ນກັນ ຫລືເພື່ອຊ່ວຍແກະເມື່ອມັນລົ້ມຫລືອອກນອກເສັ້ນທາງ.</li><li>ໄມ້ເ​ທົ້າຂອງຄົນລ້ຽງແກະ, ມີຂໍເທິງປາຍໄມ້ຊຶ່ງແຕກຕ່າງຈາກໄມ້ຂອງຄົນລ້ຽງແກະທີ່ກົງເພື່ອໃຊ້ຂ້າສັດຕ່າງໆ ທີ່ຈະມາເຮັດຮ້າຍຝູງແກະ.</li></ul>  
statute	<h2 id="section">@ພະບັນຍັດ,ກົດໝາຍ</h2><h3 id="section-1">ນິຍາມ</h3><p>ພະບັນຍັດເປັນກົດໝາຍທີ່ຂຽນເພື່ອເປັນລາຍລັກອັກສອນສຳລັບໃຫ້ຄຳແນະນຳແກ່ຄົນເຮົາໃນການດຳລົງຊີວິດ.</p><ul><li>ຄຳວ່າ "ພຣະບັນຍັດ" ມີຄວາມໝາຍຄ້າຍຄືກັນກັບ "ກົດ" ຫລື "ຄຳສັ່ງ" ຫລື "ກົດໝາຍ" ຫລື "ດຳລັດ" ຂໍ້ກຳໜົດທັງໝົດນີ້ກ່ຽວຂ້ອງກັບຄຳແນະນຳແລະພຣະປະສົງທີ່ພຣະເຈົ້າຊົງປະທານໃຫ້ແກ່ປະຊາຊົນຂອງພຣະອົງ.</li><li>ກະສັດດາວິດໄດ້ກ່າວໄວ້ວ່າ ພຣະອົງມີຄວາມເຫັນດີໃນພຣະບັນຍັດຂອງພຣະຢາເວ.</li><li>ຄຳວ່າ "ພຣະບັນຍັດ" ຍັງສາມາດແປເປັນ "ຄຳສັ່ງສະເພາະ" ຫລື "ດຳລັດພີເສດ".</li></ul>  
stephen	<h2 id="section">@ຊະເຕຟາໂນ</h2><h3 id="section-1">ຂໍ້ເທັດຈິງ</h3><p>ຊະເຕຟາໂນໄດ້ຖືກຈົດຈຳຫລາຍທີ່ສຸດວ່າເປັນຄຣິສຕຽນຄົນທຳອິດ ທີ່ຖືກຂ້າຕາຍເພາະເຊື່ອໃນພຣະເຢຊູ, ຄວາມຈິງແລ້ວກ່ຽວກັບຊີວິດແລະຄວາມຕາຍຂອງລາວໄດ້ຖືກບັນທຶກໄວ້ໃນພຣະທຳກິດຈະການ.</p><ul><li>ຊະເຕຟາໂນໄດ້ຮັບການແຕ່ງຕັ້ງໂດຍຄຣິສຈັກຍຸກທຳອິດໃນກຸງເຢຣູຊາເລັມໃຫ້ຮັບໃຊ້ຄຣິສຕຽນໃນຖານະເປັນຜູ້ປົກຄອງເພື່ອຈັດຕຽມອາຫານສຳລັບແມ່ໝ້າຍແລະຄຣິສຕຽນຄົນອື່ນໆທີ່ຕ້ອງການຄວາມຊ່ວຍເຫລືອ.</li><li>ຊາວຢິວບາງຄົນໄດ້ກ່າວຫາຊະເຕຟາໂນໂດຍບໍ່ແມ່ນຄວາມຈິງ ວ່າລາວຕໍ່ຕ້ານພຣະເຈົ້າແລະພຣະບັນຍັດຂອງພຣະເຈົ້າທີ່ໂມເຊນຳມາ.</li><li>ຊະເຕຟາໂນໄດ້ເວົ້າຄວາມຈິງຢ່າງກ້າຫານກ່ຽວກັບພຣະເຢຊູພຣະເມຊີອາ ເລີ່ມຕົ້ນຈາກປະຫວັດສາດຂອງການປະຕິບັດຂອງພຣະເຈົ້າກັບປະຊາຊົນອິດສະຣາເອນ.</li><li>ຜູ້ນຳຊາວຢິວໂກດແຄ້ນຊະເຕຟາໂນຫລາຍແລະພວກເຂົາໄດ້ແກວ່ງກ້ອນຫີນໃສ່ລາວຢູ່ນອກເມືອງຈົນຕາຍ.</li><li>ການຖືກປະຫານຊີວິດຂອງລາວໄດ້ຖືກເປັນພະຍານໂດຍໂຊໂລ, ເຊິ່ງຕໍ່ມາໄດ້ເປັນອັກຄະສາວົກໂປໂລ.</li><li>ຊະເຕຟາໂນຍັງເປັນຄົນທີ່ຮູ້ຈັກກັນດີດ້ວຍຄຳເວົ້າສຸດທ້າຍຂອງລາວກ່ອນທີ່ລາວຈະເສຍຊີວິດວ່າ "ອົງພຣະຜູ້ດປັນດຈົ້າ ຂໍໂຜດຢ່າຊົງຖືໂທດພວກເຂົາເພາະບາບນີ້".</li></ul>  
stiff-necked	<h2 id="section">@ຄໍແຂງ,ດື້ດ້ານ</h2><h3 id="section-1">ນິຍາມ</h3><p>ຄຳວ່າ "ຄໍແຂງ" ເປັນຄຳເວົ້າທີ່ໃຊ້ໃນພຣະຄຳພີ ເພື່ອອະທີບາຍເຖິງຜູ້ທີ່ບໍ່ເຊື່ອຟັງພຣະເຈົ້າ ແລະບໍ່ຍອມກັບໃຈ ພວກເຂົາພູມໃຈຫລາຍແລະບໍ່ຍອມຢູ່ໃຕ້ອຳນາດຂອງພຣະເຈົ້າ.</p><ul><li>ໃນທຳນອງດຽວກັນຄຳວ່າ "ດື້ດ້ານ" ໝາຍເຖິງການປະຕິເສດການປ່ຽນແປງຈິດໃຈຫລືການກະທຳຂອງຄົນເຮົາເຸຖິງແມ່ນວ່າຈະຖືກຂໍໃຫ້ເຮັດກໍ່ຕາມ, ຄົນທີ່ແຂງກະດ້າງຈະບໍ່ເຊື່ອຟັງຄຳແນະນຳ ຫລື ຄຳເຕືອນທີ່ດີທີ່ຄົນອື່ນແນະນຳໃຫ້ພວກເຂົາ.</li><li>ໃນພຣະຄຳພີເດີມໄດ້ອະທີບາຍເຸຖີງຊາວອິດສະຣາເອນທີ່  "ຄໍແຂງ" ເພາະວ່າພວກເຂົາບໍ່ຟັງຄຳສອນຫລາຍຢ່າງຈາກຜູ້ປະກາດພຣະທຳຂອງພຣະເຈົ້າ ຜູ້ທີ່ເຮັດໃຫ້ພວກເຂົາກັບໃຈແລະຫັນກັບມາຫາພຣະເຈົ້າຢາເວ.</li><li>ຖ້າຄໍ  "ແຂງ" ໝາຍຄວາມວ່າມັນບໍ່ງໍໄດ້ງ່າຍ ພາສາໃນການແປອາດມີຄຳເວົ້າທີ່ແຕກຕ່າງໄປທີ່ສື່ຄວາມໝາຍວ່າບຸກຄົນໃດໜຶ່ງ  "ບໍ່ກົ້ມລົງ" ນັ້ນຄື ປະຕິເສດການປ່ຽນແປງການດຳເນີນຊີວິດຂອງລາວ.</li><li>ວິທີການອື່ນໃນການແປຄຳສັບນີ້ອາດປະກອບມີ "ອວດອົ່ງທະນົງຕົວ" ຫລື "ອວດອົ່ງແລະບໍ່ຍອມຈຳນົນ" ຫລື "ປະຕິເສດທີ່ຈະປ່ຽນແປງ".</li></ul>  
stone	<h2 id="section">@ກ້ອນຫີນ, @ແກວ່ງກ້ອນຫີນ</h2><h3 id="section-1">ນິຍາມ</h3><p>ກ້ອນຫີນແມ່ນກ້ອນຫີນນ້ອຍໆ ຄຳວ່າ " ແກວ່ງກ້ອນຫີນ " ໝາຍເຖິງການໂຍນກ້ອນຫີນແລະກ້ອນຫີນໃຫຍ່ໃສ່ຄົນຜູ້ໜຶ່ງເພື່ອຂ້າລາວ.</p><ul><li>ໃນສະໄໝບູຮານການແກວ່ງກ້ອນຫີນແມ່ນວິທີການທົ່ວໄປຂອງການລົງໂທດສຳລັບການກະທຳຜິດທີ່ພວກເຂົາໄດ້ກະທຳ.</li><li>ພຣະເຈົ້າໄດ້ສັ່ງໃຫ້ພວກຜູ້ນຳຊາວອິດສະຣາເອນແກວ່ງກ້ອນຫີນໃສ່ປະຊາຊົນຜູ້ທີ່ເຮັດບາບ ເຊັ່ນ ການຫລິ້ນຊູ້.</li><li>ໃນພຣະຄຳພີໃໝ່ໄດ້ບອກເວລາທີ່ພຣະເຢຊູຊົງຍົກໂທດໃຫ້ຜູ້ຍິງທີຸ່ໍຖືກຈັບໃນການຫລິ້ນຊູ້ແລະໄດ້ສັ່ງໃຫ້ປະຊາຊົນຢຸດແກວ່ງກ້ອນຫີນໃສ່ຜູ້ຍິງຄົນນັ້ນ.</li><li>ສະເຕຟາໂນເປັນບຸກຄົນທຳອິດໃນພຣະຄຳພີທີ່ຖືກຂ້າຕາຍເພາະການເປັນພະຍານເລື່ອງພຣະເຢຊູ ດ້ວຍການແກວ່ງກ້ອນຫີນໃສ່ໃຫ້ຕາຍ.</li><li>ໃນເມືອງລີສະຕາ ອັກຄະສາວົກໂປໂລກໍ່ຖືກແກວ່ງກ້ອນຫີນໃສ່ ແຕ່ວ່າເພິ່ນບໍ່ໄດ້ເສຍຊີວິດຍ້ອນບາດແຜຂອງລາວ.</li></ul>  
storehouse	<h2 id="section">@ສາງເກັບຮັກສາ</h2><h3 id="section-1">ນິຍາມ</h3><p>“ ສາງເກັບຮັກສາ” ແມ່ນອາຄານໃຫຍ່ທີ່ໃຊ້ເພື່ອຮັກສາອາຫານຫລືສິ່ງອື່ນໆ, ໄວ້ເປັນເວລາດົນນານ.</p><ul><li>ໃນພຣະຄຳພີວ່າ“ ສາງເກັບຮັກສາ” ປົກກະຕິແລ້ວແມ່ນ ນຳ ໃຊ້ເຂົ້າໃນການເກັບມ້ຽນເມັດພືດພິເສດແລະອາຫານອື່ນໆທີ່ຈະ ນຳ ໃຊ້ໃນພາຍຫລັງເມື່ອມີການຂາດແຄນອາຫານຍ້ອນຄວາມອຶດຢາກ.</li><li>ຄຳນີ້ໃຊ້ເປັນຕົວປຽບທຽບ ເພື່ອກ່າວເຖິງທຸກສິ່ງທີ່ດີທີ່ພະເຈົ້າປະທານໃຫ້ແກ່ປະຊາຊົນຂອງພະອົງ.</li><li>ບັນດາສາງມ້ຽນເຄຶ່ອງຂອງພຣະວິຫານໄດ້ມ້ຽນບັນດາສິ່ງທີ່ມີຄ່າ ເຊັ່ນ: ຄຳ ແລະເງິນ ທີ່ໄດ້ມາຖວາຍເຄື່ອງຂອງໃຫ້ພຣະຢາເວ  ບາງສິ່ງບາງຢ່າງເຫລົ່ານີ້ຖືກເກັບໄວ້ໃຊ້ເພື່ອສ້ອມແປງແລະບຳລຸງຮັກສາພຣະວິຫານ.</li><li>ຄວາມໝາຍອື່ນໃນການແປພາສາ "ສາງເກັບຮັກສາ" ສາມາດປະກອບມີ, "ອາຄານສຳລັບເກັບຮັກສາເມັດພືດ" ຫຼື "ສະຖານທີ່ເກັບຮັກສາອາຫານ" ຫຼື "ຫ້ອງສຳລັບເກັບຮັກສາສິ່ງທີ່ມີຄ່າໃຫ້ຢູ່ໃນຄວາມປອດໄພ".</li></ul>  
strength	<h2 id="section">@ຄວາມເຂັ້ມແຂງ,ສ້າງຄວາມເຂັ້ມແຂງ</h2><h3 id="section-1">ນິຍາມ</h3><p>ຄຳວ່າ“ ຄວາມເຂັ້ມແຂງ” ໝາຍເຖິງສະພາບຂອງການເປັນຄົນທີ່ແຂງແຮງທາງດ້ານຮ່າງກາຍ, ຈິດໃຈ, ຫລືທາງຈິດວິນຍານ “ ການສ້າງຄວາມເຂັ້ມແຂງ” ໝາຍຄວາມວ່າຈະເຮັດໃຫ້ບາງຄົນຫຼືບາງສິ່ງບາງຢ່າງເຂັ້ມແຂງ.</p><ul><li>"ຄວາມເຂັ້ມແຂງ" ຍັງໝາຍເຖິງການທີ່ເຮົາສາມາດ ຢືນຂື້ນຕໍ່ຕ້ານກັບ ກຳລັງຝ່າຍຄ້ານບາງຢ່າງ.</li><li>ບຸກຄົນໃດຫນຶ່ງມີຄວາມເຂັ້ມແຂງໃນຈິດໃຈນັ້ນ ເຂົາຈະສາມາດຜ່ານຜ່າການທົດລອງໃດ້.</li><li>ຜູ້ຂຽນບົດເພງສັນລະເສີນຄົນໜຶ່ງເອີ້ນວ່າພະເຢໂຮວາ ວ່າຊົງເປັນກຳລັງຂອງລາວ ເຊິ່ງໝາຍຄວາມວ່າພະເຈົ້າຊ່ວຍລາວໃຫ້ເປັນຜູ້ທີ່ເຂັ້ມແຂງ.</li><li>ຖ້າໂຄງສ້າງທາງດ້ານຮ່າງກາຍຄ້າຍຄືກຳແພງຫລືອາຄານທີ່ຖືກ "ສ້າງຄວາມເຂັ້ມແຂງຂື້ນ" ນັ້ນໝາຍຄວາມວ່າປະຊາຊົນກຳລັງສ້າງໂຄງສ້າງຂຶ້ນມາໃໝ່ເພື່ອເສີມສ້າງໃຫ້ເຂັ້ມແຂງຂຶ້ນດ້ວຍຫີນຫລືດິນຈີ່ ເພື່ອໃຫ້ມັນສາມາດຕ້ານທານກັບການໂຈມຕີ.</li></ul><h3 id="section-2">ຄຳແນະນຳໃນການແປ</h3><ul><li>ໂດຍທົ່ວໄປ, ຄຳວ່າ "ສ້າງຄວາມເຂັ້ມແຂງ" ຫລື "ສາຍເຫດໃຫ້ມີຄວາມເຂັ້ມແຂງ" ຫຼື "ເຮັດໃຫ້ມີອຳນາດຫຼາຍຂື້ນ".</li><li>ໃນຄວາມໝາຍທາງດ້ານຈິດວິນຍານປະໂຫຍກທີ່ວ່າ "ສ້າງຄວາມເຂັ້ມແຂງໃຫ້ແກ່ພີ່ນ້ອງຂອງທ່ານ" ຫລື "ໜູນໃຈພີ່ນ້ອງຂອງທ່ານ" ຫຼື "ຊ່ວຍພີ່ນ້ອງຂອງທ່ານໃຫ້ອົດທົນ".</li><li>ຕໍ່ໄປນີ້ແມ່ນຕົວຢ່າງຂອງການໃຊ້ຄຳສັບນີ້ພ້ອມກັບຄວາມ ໝາຍຂອງແຕ່ລະຄຳ ເຊິ່ງຍັງເປັນອີກວິທີໜຶ່ງທີ່ພວກເຂົາສາມາດແປໄດ້.</li><li>"ເຮັດໃຫ້ຂ້ອຍເຂັ້ມແຂງຄືກັບສາຍແອວ" ໝາຍຄວາມວ່າ "ເຮັດໃຫ້ຂ້ອຍເຂັ້ມແຂງສົມບູນຄືກັບສາຍແອວທີ່ອ້ອມຮອບແອວຂອງຂ້ອຍຢ່າງສົມບູນ".</li><li>"ໃນຄວາມງຽບສະຫງົບແລະຄວາມໄວ້ວາງໃຈຈະເປັນກຳລັງຂອງເຈົ້າ" ໝາຍຄວາມວ່າ, "ການກະທຳຢ່າງງຽບສະຫງົບແລະການໄວ້ວາງໃຈໃນພຣະເຈົ້າຈະເຮັດໃຫ້ເຈົ້າເຂັ້ມແຂງຂຶ້ນທາງດ້ານຈິດວິນຍານ".</li><li>"ຈະສ້າງຄວາມເຂັ້ມແຂງໃໝ່ອີກຄັ້ງ " ໝາຍຄວາມວ່າ, "ຈະເປັນຄົນເຂັ້ມແຂງຂື້ນອີກຄັ້ງ".</li><li>"ໂດຍຄວາມເຂັ້ມແຂງແລະສະຕິປັນຍາຂອງຂ້ອຍທີ່ຂ້ອຍໄດ້ເຮັດ"  ຫມາຍຄວາມວ່າ "ຂ້ອຍໄດ້ເຮັດສິ່ງທັງຫມົດນີ້ເພາະວ່າຂ້ອຍມີຄວາມເຂັ້ມແຂງແລະສະຫລາດ".</li><li>" ສ້າງຄວາມເຂັ້ມແຂງຂອງກຳແພງ " ໝາຍຄວາມວ່າ, "ເສີມສ້າງກຳແພງໃຫ້ມີຄວາມແຂງແຮງຂຶ້ນ" ຫຼື "ສ້າງກຳແພງ ໃໝ່ອີກຄັ້ງ".</li><li>"ຂ້ອຍຈະສ້າງຄວາມເຂັ້ມແຂງໃຫ້ເຈົ້າ" ໝາຍຄວາມວ່າ "ຂ້ອຍຈະເຮັດໃຫ້ເຈົ້າເຂັ້ມແຂງຂຶ້ນ".</li><li>"ໃນພຣະຢາເວອົງດຽວເທົ່ານັ້ນທີ່ເປັນຄວາມລອດແລະຄວາມເຂັ້ມແຂງ" ຫມາຍຄວາມວ່າ "ພຣະຢາເວຊົງເປັນຜູ້ດຽວທີ່ຊ່ວຍພວກເຮົາແລະເສີມສ້າງຄວາມເຂັ້ມແຂງໃຫ້ພວກເຮົາ".</li><li>"ສິລາແຫ່ງຄວາມເຂັ້ມແຂງຂອງທ່ານ" ໝາຍຄວາມວ່າ, "ອົງຜູ້ຊື່ສັດທີ່ເຮັດໃຫ້ເຈົ້າເຂັ້ມແຂງ".</li><li>"ດ້ວຍພະລັງແຫ່ງການຊ່ວຍເຫລືອດ້ວຍມືຂວາຂອງພຣະອົງ" ໝາຍຄວາມວ່າ, ພຣະອົງໄດ້ຊ່ວຍທ່ານຢ່າງໜັກຈາກບັນຫາຄືກັບຄົນທີ່ອູ້ມທ່ານຢ່າງປອດໄພດ້ວຍມືຂວາທີ່ເຂັ້ມແຂງຂອງພຣະອົງ".</li><li>"ດ້ວຍຄວາມເຂັ້ມແຂງພຽງເລັກນ້ອຍ" ຫມາຍຄວາມວ່າ, "ບໍ່ເຂັ້ມແຂງຫຼາຍ" ຫຼື "ອ່ອນແອ".</li><li>"ດ້ວຍຄວາມເຂັ້ມແຂງຂອງຂ້ອຍທັງຫມົດ" ຫມາຍຄວາມວ່າ, "ການໃຊ້ຄວາມພະຍາຍາມທີ່ດີທີ່ສຸດຂອງຂ້ອຍ" ຫຼື "ຢ່າງເຂັ້ມແຂງແລະສົມບູນ".</li></ul>  
strife	<h2 id="section">@ການຜິດຖຽງກັນ</h2><h3 id="section-1">ນິຍາມ</h3><p>ຄຳວ່າ“ ການຜິດຖຽງກັນ” ໝາຍເຖິງຄວາມຂັດແຍ່ງທາງດ້ານຮ່າງກາຍຫຼືຈິດໃຈລະຫວ່າງຄົນເຮົາ.</p><ul><li>ບຸກຄົນທີ່ກໍ່ໃຫ້ເກີດຄວາມວຸ້ນວາຍເຮັດສິ່ງຕ່າງໆທີ່ເຮັດໃຫ້ເກີດການຜິດຖຽງກັນແລະສ້າງຄວາມຮູ້ສຶກທີ່ບໍ່ດີຕໍ່ກັນແລະກັນ.</li><li>ການຜິດຖຽງກັນບາງຄັ້ງກໍ່ສະແດງເຖິງອາລົມທີ່ຮຸນແຮງ ເຊັ່ນຄວາມໃຈຮ້າຍຫລືຄວາມຂົມຂື່ນ.</li><li>ວິທີການອື່ນໃນການແປ ຄຳສັບນີ້ອາດປະກອບມີ, "ຄວາມບໍ່ເຫັນດີ" ຫລື "ການຜິດຖຽງ" ຫລື "ການຂັດແຍ້ງ".</li></ul>  
strong drink	<h2 id="section">@ເຄື່ອງດື່ມທີ່ຮຸນແຮງ</h2><h3 id="section-1">ນິຍາມ</h3><p>ຄຳວ່າ“ ເຄື່ອງດື່ມທີ່ຮຸນແຮງ” ໝາຍເຖິງເຄື່ອງດື່ມທີ່ໄດ້ຮັບການຫມັກແລະມີເຫຼົ້າພາຍໃນພວກມັນ.</p><ul><li>ເຄື່ອງດື່ມທີ່ມີທາດເຫຼົ້າແມ່ນຜະລິດຈາກພືດ ຫຼື ໝາກໄມ້ ທີ່ໄດ້ຜ່ານຂັ້ນຕອນການຫມັກ.</li><li>ປະເພດຂອງ "ເຄື່ອງດື່ມທີ່ຮຸນແຂງ" ປະກອບມີເຫລົ້າທີ່ເຮັດຈາກອະງຸ່ນ,ເຫລົ້າປາມ, ເບຍ ແລະ ເຫລົ້າແອັບເປິ້ນ ໃນພຣະຄຳພີ, ເຫຼົ້າອະງຸ່ນແມ່ນເຄື່ອງດື່ມທີ່ແຮງທີ່ຖືກກ່າວເຖິງຫລາຍທີ່ສຸດ.</li><li>ບັນດາປະໂລຫິດແລະຜູ້ໃດກໍ່ຕາມທີ່ໄດ້ໃຫ້ຄຳສາບານພິເສດເຊັ່ນ: "ຄຳສາບານນາສີຣີ" ຈະບໍ່ໄດ້ຮັບອະນຸຍາດໃຫ້ດື່ມເຄື່ອງດື່ມທີ່ໝັກແລ້ວ.</li><li>ຄຳສັບນີ້ຍັງສາມາດແປວ່າ "ເຄື່ອງດື່ມທີ່ຜ່ານການໝັກ" ຫຼື "ເຄື່ອງດື່ມທີ່ມີທາດເຫລົ້າ".</li></ul>  
stronghold	<h2 id="section">@ທີ່ໝັ້ນ,ປ້ອມປາການ,ກຳລັງເສີມ</h2><h3 id="section-1">ນິຍາມ</h3><p>ຄຳສັບທີ່ວ່າ“ ທີ່ໝັ້ນ” ແລະ“ ປ້ອມປາການ” ທັງສອງໝາຍເຖິງສະຖານທີ່ທີ່ໄດ້ຮັບການປ້ອງກັນເປັນຢ່າງດີຈາກການໂຈມຕີຂອງພວກທະຫານສັດຕູ. ຄຳວ່າ“ ກຳລັງເສີມ” ໄດ້ອະທິບາຍເຖິງເມືອງຫລືສະຖານທີ່ອື່ນໆທີ່ໄດ້ຮັບຄວາມປອດໄພຈາກການໂຈມຕີ.</p><ul><li>ປົກກະຕິແລ້ວ, ບັນດາປ້ອມແລະປ້ອມປາການແມ່ນໂຄງສ້າງທີ່ມະນຸດສ້າງດ້ວຍກຳແພງປ້ອງກັນ. ພວກມັນຍັງສາມາດເປັນສິ່ງກີດຂວາງທາງທຳມະຊາດເຊັ່ນ: ຜາຫີນຫຼືພູເຂົາສູງ.</li><li>ປະຊາຊົນໄດ້ສ້າງປ້ອມປ້ອງກັນໂດຍການສ້າງກຳແພງທີ່ໜາ ແໜ້ນຫລືໂຄງສ້າງອື່ນໆທີ່ເຮັດໃຫ້ສັດຕູເຂົ້າມາທຳລາຍຍາກ.</li><li>"ທີ່ໝັ້ນ" ຫຼື "ປ້ອມປາການ" ສາມາດຖືກແປເປັນ "ສະຖານທີ່ທີ່ປອດໄພ" ຫຼື "ສະຖານທີ່ປົກປ້ອງຢ່າງເຂັ້ມແຮງ".</li><li>ຄຳວ່າ "ເມືອງທີ່ເຂັ້ມແຂງ" ສາມາດແປວ່າ "ເມືອງທີ່ມີການປົກປ້ອງຢ່າງປອດໄພ" ຫຼື "ເມືອງທີ່ມີການກໍ່ສ້າງຢ່າງແຂງແຮງ".</li><li>ຄຳນີ້ຍັງຖືກໃຊ້ເປັນຕົວປຽບທຽບເພື່ອອ້າງເຖິງພຣະເຈົ້າວ່າເປັນທີ່ໝັ້ນ ຫຼືປ້ອມປາການ ສຳລັບຜູ້ທີ່ໄວ້ວາງໃຈໃນພຣະອົງ. (ເບິ່ງເພີ່ມເຕີມ: c://*/ta/man/translate/figs-metaphor).</li><li>ຄວາມໝາຍອີກຮູບໜຶ່ງສຳລັບຄຳວ່າ“ ທີ່ໝັ້ນ” ໝາຍເຖິງບາງສິ່ງບາງຢ່າງທີ່ຜູ້ຄົນໄວ້ວາງໃຈຜິດໆເພື່ອຄວາມປອດໄພຢ່າງເຊັ່ນ: ພະທຽມຫລືສິ່ງອື່ນໆທີ່ເຄົາລົບນັບຖືແທນທີ່ຈະເປັນ ພຣະເຈົ້າຢາເວ. ນີ້ອາດຈະຖືກແປເປັນ "ທີ່ຫມັ້ນຈອມປອມ".</li><li>ຄຳສັບນີ້ຄວນຖືກແປໃຫ້ແຕກຕ່າງຈາກ "ບ່ອນລີ້ໄພ" ເຊິ່ງເນັ້ນໜັກເຖິງຄວາມປອດໄພຫຼາຍກວ່າແນວຄິດທີ່ຈະໄດ້ຮັບກຳ ລັງເສີມ.</li></ul>  
stumble	<h2 id="section">@ສະດຸດ</h2><h3 id="section-1">ນິຍາມ</h3><p>ຄຳວ່າ "ສະດຸດ" ໝາຍເຖິງ "ເກືອບລົ້ມ" ເວລາຍ່າງຫຼືແລ່ນ. ປົກກະຕິແລ້ວມັນກ່ຽວຂ້ອງກັບການຫຼອກລວງສິ່ງໃດສິ່ງ ໜຶ່ງ.</p><ul><li>ຄຳປຽບທຽບຂອງຄຳວ່າ, "ທີ່ຈະສະດຸດ" ສາມາດຫມາຍຄວາມວ່າ "ເຮັດບາບ" ຫຼື "ລົ້ມລົງ" ໃນການເຊື່ອຖື.</li><li>ຄຳສັບນີ້ໝາຍຄວາມໄດ້ອີກວ່າ ການລັງເລຫລືສະແດງຄວາມອ່ອນແອໃນເວລາທີ່ຕໍ່ສູ້ຫຼືໃນເວລາທີ່ຖືກຂົ່ມເຫັງຫລືຖືກລົງໂທດ.</li></ul><h3 id="section-2">ຄຳແນະນຳໃນການແປ</h3><ul><li>ໃນສະຖານະການທີ່ໃຊ້ຄຳວ່າ "ສະດຸດ" ໝາຍເຖິງການເດີນທາງດ້ານຮ່າງກາຍຜ່ານສິ່ງໃດສິ່ງໜຶ່ງທີ່ເຮັດໃຫ້ "ເກືອບລົ້ມລົງ" ຫຼື "ຈົບການເດີນທາງ".</li><li>ສຳລັບການນຳໃຊ້ການປຽບທຽບຄວາມໝາຍໃນພາສາທີ່ກຳລັງແປ "ສະດຸດ" ສາມາດແປວ່າ "ບາບ" ຫລື "ຫຼົ້ມແຫຼວ" ຫລື "ຢຸດເຊື່ອ" ຫລື "ອ່ອນແອ", ຂື້ນ"ຢູ່ກັບ [ບາບ].</li></ul>  
stumbling block	<h2 id="section">@ອຸປະສັກ,ກ້ອນຫີນທີ່ເຮັດໃຫ້ສະດຸດ</h2><h3 id="section-1">ນິຍາມ</h3><p>ຄຳວ່າ“ ອຸປະສັກ” ຫລື“ ກ້ອນຫີນທີ່ເຮັດໃຫ້ສະດຸດ” ໝາຍເຖິງວັດຖຸທາງຮ່າງກາຍທີ່ເຮັດໃຫ້ຄົນເດີນທາງແລ້ວສະດຸດແລະລົ້ມ.</p><ul><li>ໃນພຣະຄຳພີໃໝ່, ຄຳນີ້ຖ້າແປຕາມຕົວອັກສອນແມ່ນເວົ້າເຖິງໄມ້ເທົ້າຫຼືວັດຖຸອື່ນໆທີ່ເຮັດເປັນກັບດັກຫລືແຮ້ວທີ່ຈະລ໊ອກໃສ່ສັດເຮັດໃຫ້ມັນຄາຢູ່ຫັ້ນແລ້ວບໍ່ສາມາດໄປໃສໄດ້.</li><li>ສິ່ງທີ່ເຮັດໃຫ້ສະດຸດລົ້ມແມ່ນສິ່ງໃດສິ່ງໜຶ່ງທີ່ເຮັດໃຫ້ຄົນເຮົາຂາດສະຕິທາງສິນທຳ ຫລື ທາງຈິດວິນຍານ.</li><li>ໃນຕົວຢ່າງເຊັ່ນດຽວກັນ, "ອຸປະສັກ" ຫລື "ກ້ອນຫີນທີ່ເຮັດໃຫ້ສະດຸດ" ສາມາດເປັນສິ່ງກີດຂວາງໃນຄົນມີຄວາມເຊື່ອໃນພຣະເຢຊູຄຣິດ ຫລືເຮັດໃຫ້ບາງຄົນບໍ່ເຕີບໂຕໃນຝ່າຍຈິດວິນຍານ.</li><li>ປົກກະຕິແລ້ວຄວາມບາບແມ່ນຄ້າຍຄືກັບສິ່ງທີ່ກີດຂວາງແກ່ຕົວເອງຫລືຕໍ່ຄົນອື່ນ.</li><li>ບາງຄັ້ງພຣະເຈົ້າໄດ້ວາງກ້ອນຫີນທີ່ເຮັດສະດຸດລົ້ມໄວ້ໃນທາງຂອງຄົນທີ່ກະບົດຕໍ່ພຣະອົງ.</li></ul><h3 id="section-2">ຄຳແນະນຳໃນການແປ</h3><ul><li>ຖ້າພາສາມີຄຳສັບສຳລັບວັດຖຸທີ່ພາໃຫ້ເກີດກັບດັກ, ຄຳນັ້ນສາມາດນຳມາໃຊ້ເພື່ອແປຄຳສັບນີ້.</li><li>ຄຳສັບນີ້ຍັງສາມາດແປວ່າ "ກ້ອນຫີນທີ່ກໍ່ໃຫ້ເກີດການສະດຸດລົ້ມ" ຫລື "ສິ່ງທີ່ເຮັດໃຫ້ຜູ້ໃດຜູ້ໜຶ່ງບໍ່ເຊື່ອ" ຫຼື "ອຸປະສັກທີ່ເຮັດໃຫ້ເກີດຄວາມສົງໄສ" ຫລື "ອຸປະສັກຕໍ່ຄວາມເຊື່ອ" ຫຼື "ສິ່ງທີ່ເຮັດໃຫ້ຜູ້ໃດຜູ້ໜຶ່ງເຮັດບາບ".</li></ul>  
subject	<h2 id="section">@ເປົ້າໝາຍ,ຢູ່ໃຕ້ອຳນາດ,ຢູ່ພາຍໃຕ້ການບັງຄັບ</h2><h3 id="section-1">ນິຍາມ</h3><p>ຄຳວ່າ "ຢູ່ໃຕ້ການຄວບຄຸມ" ໝາຍເຖິງການຢູ່ໃຕ້ອຳນາດຂອງຜູ້ໃດຜູ້ໜຶ່ງ. ປະໂຫຍກທີ່ວ່າ "ຍອມຢູ່ໃຕ້ອຳນາດ" ແມ່ນຄຳສັ່ງທີ່ ໝາຍຄວາມວ່າ "ເຊື່ອຟັງ" ຫຼື "ຍອມຈຳນົນຢູ່ໃຕ້ຂອງອຳນາດນັ້ນ".</p><ul><li>ປະໂຫຍກທີ່ວ່າ“ ການຍອມຢູ່ພາຍໃຕ້ການບັງຄັບ” ໝາຍເຖິງການເຮັດໃຫ້ຜູ້ຄົນຢູ່ໃຕ້ອຳນາດຂອງຜູ້ນຳຫລືຜູ້ປົກຄອງ.</li><li>ການ“ ເຮັດໃຫ້ຜູ້ໃດຜູ້ໜຶ່ງຍອມຢູ່ໃຕ້ອຳນາດຕໍ່ສິ່ງໃດສິ່ງໜຶ່ງ” ໝາຍເຖິງການເຮັດໃຫ້ຄົນນັ້ນປະສົບກັບສິ່ງທີ່ບໍ່ດີເຊັ່ນ ການລົງໂທດ.</li><li>ບາງຄັ້ງຄຳວ່າ "ເປົ້າໝາຍ" ຖືກໃຊ້ເພື່ອໝາຍເຖິງຫົວຂໍ້ຫຼືຈຸດປະສົງຂອງບາງສິ່ງບາງຢ່າງເຊັ່ນ "ເຈົ້າຈະເປັນເປົ້າໝາຍຂອງການເວົ້າເຍາະເຍີ້ຍ".</li><li>ປະໂຫຍກທີ່ວ່າ "ຢູ່ພາຍໃຕ້ອຳນາດ" ຄືກັນກັບຄຳທີ່ວ່າ "ຈົ່ງຍອມຈຳນົນ" ຫຼື "ຍິນຍອມ".</li></ul>  
submit	<h2 id="section">@ຍອມຈຳນົນ,ການຍອມຈຳນົນ</h2><h3 id="section-1">ນິຍາມ</h3><p>ຄຳວ່າ "ຍອມຈຳນົນ" ໂດຍປົກກະຕິໝາຍເຖິງການກະທຳດ້ວຍຄວາມສະມັກໃຈຂອງຕົນຍອມຢູ່ພາຍໃຕ້ສິດອຳນາດຂອງບຸກຄົນຫຼືລັດຖະບານ.</p><ul><li>ພຣະຄຳພີໄດ້ບອກຜູ້ທີ່ເຊື່ອໃນພຣະເຢຊູຄຣິດໃຫ້ຍອມຢູ່ໃຕ້ພຣະເຈົ້າແລະສິດອຳນາດອື່ນໆໃນຊີວິດຂອງເຂົາເຈົ້າ.</li><li>ຄຳແນະນຳທີ່ວ່າໃຫ້ “ ຍອມຈຳນົນຕໍ່ກັນແລະກັນ” ໝາຍເຖິງການຍອມຮັບການແກ້ໄຂຢ່າງຖ່ອມຕົວແລະເອົາໃຈໃສ່ຄວາມຕ້ອງການຂອງຄົນອື່ນຫລາຍກວ່າຄວາມຕ້ອງການຂອງເຮົາເອງ.</li><li>ການ “ ດຳລົງຊີວິດຢູ່ພາຍໃຕ້ການຍອມຈຳນົນ” ໝາຍເຖິງການເຮັດໃຫ້ຕົວເຮົາເອງຢູ່ພາຍໃຕ້ສິດອຳນາດຂອງບາງສິ່ງບາງຢ່າງຫຼືບາງຄົນ.</li></ul><h3 id="section-2">ຄຳແນະນຳໃນການແປ</h3><ul><li>ຄຳວ່າ "ຍອມຈຳນົນ" ຍັງສາມາດຖືກແປໄດ້ວ່າ, "ວາງຢູ່ພາຍໃຕ້ສິດອຳນາດ" ຫລື "ປະຕິບັດຕາມການນຳພາຂອງ" ຫລື "ໃຫ້ກຽດແລະເຄົາລົບດ້ວຍຄວາມຖ່ອມຕົນແລະນັບຖື".</li><li>ຄໍາວ່າ "ການຍອມຢູ່ໃຕ້" ສາມາດຖືກແປໄດ້ວ່າ, "ການເຊື່ອຟັງ" ຫຼື "ປະຕິບັດຕາມສິດອໍານາດຂອງ".</li><li>ປະໂຫຍກທີ່ວ່າ "ມີຊີວິດຢູ່ພາຍໃຕ້ການຍອມຈຳນົນ" ສາມາດຖືກແປໄດ້ວ່າ "ຢູ່ໃນຄວາມເຊື່ອຟັງ" ຫຼື "ເອົາຕົວເອງຢູ່ພາຍໃຕ້ສິດອຳນາດຂອງ".</li><li>ປະໂຫຍກທີ່ວ່າ "ຍອມຈຳນົນ" ສາມາດແປໄດ້ວ່າ "ຍອມຮັບສິດ ອຳນາດຢ່າງຖ່ອມຕົວ".</li></ul>  
succoth	<h2 id="section">@ສຸໂຄດ</h2><h3 id="section-1">ຂໍ້ເທັດຈິງ</h3><p>ສຸໂຄດ ແມ່ນຊື່ຂອງສອງຕົວເມືອງໃນພຣະຄຳພີເດີມ. ຄຳວ່າ "ສຸໂຄດ" (ຫຼື "ສຸກໂຄດ") ໝາຍຄວາມວ່າ "ບ່ອນພັກອາໄສ".</p><ul><li>ເມືອງທຳອິດທີ່ມີຊື່ວ່າ ສຸໂຄດ ຕັ້ງຢູ່ທາງທິດຕາເວັນອອກຂອງແມ່ນ້ຳຈໍແດນ.</li><li>ຢາໂຄບໄດ້ພັກເຊົາຢູ່ທີ່ເມືອງສຸໂຄດພ້ອມດ້ວຍຄອບຄົວແລະຝູງສັດລ້ຽງຂອງລາວ, ເຊິ່ງພວກເຂົາໄດ້ສ້າງທີ່ພັກອາໄສໃຫ້ຂອງພວກເຂົາຢູ່ທີ່ນັ້ນ.</li><li>ຫຼາຍຮ້ອຍປີຕໍ່ມາ, ກີເດໂອນແລະພ້ອມດ້ວຍເຫລົ່າທະຫານທີ່ ເໝື່ອຍລ້າແລະໝົດແຮງ ພວກເຂົາໄດ້ຢຸດພັກຢູ່ທີ່ເມືອງ ສຸໂຄດ ໃນຂະນະທີ່ພວກເຂົາກຳລັງໄລ່ຕາມຊາວ ມີດີອານ, ແຕ່ປະຊາຊົນຢູ່ທີ່ນັ້ນໄດ້ປະຕິເສດທີ່ຈະເອົາອາຫານໃດໆໃຫ້ພວກເຂົາກິນ.</li><li>ເມືອງສຸໂຄດທີສອງຕັ້ງຢູ່ຊາຍແດນທາງເໜືອຂອງອີຢີບແລະເປັນສະຖານທີ່ແຫ່ງໜຶ່ງທີ່ຊາວອິດສະລາແອນຢຸດພັກເຊົາຫຼັງຈາກທີ່ພວກເຂົາໄດ້ເດີນທາງຂ້າມທະເລແດງໃນຂະນະທີ່ພວກເຂົາກຳລັງຫຼົບໜີຈາກຄວາມເປັນຂ້າທາດໃນປະເທດເອຢິບ.</li></ul>  
suffer	<h2 id="section">@ທຸກທໍລະມານ,ຄວາມທຸກທໍລະມານ</h2><h3 id="section-1">ນິຍາມ</h3><p>ຄຳວ່າ "ທຸກທໍລະມານ" ແລະ "ຄວາມທຸກທໍລະມານ" ໝາຍເຖິງການປະສົບກັບບາງສິ່ງທີ່ບໍ່ພໍໃຈ, ເຊັ່ນຄວາມເຈັບປ່ວຍ, ຄວາມເຈັບປວດ, ຫລືຄວາມທຸກຍາກລຳບາກອື່ນໆ.</p><ul><li>ເມື່ອປະຊາຊົນຖືກຂົ່ມເຫັງຫລືເມື່ອພວກເຂົາເຈັບປ່ວຍ, ພວກເຂົາກໍ່ທຸກທໍລະມານ.</li><li>ບາງຄັ້ງປະຊາຊົນທຸກທໍລະມານຍ້ອນສິ່ງທີ່ບໍ່ຖືກຕ້ອງທີ່ພວກເຂົາໄດ້ເຮັດ; ບາງຄັ້ງທີ່ພວກເຂົາທົນທຸກເພາະຄວາມບາບແລະໂລກໄພໄຂ້ເຈັບ.</li><li>ຄວາມທຸກທໍລະມານທາງດ້ານຮ່າງກາຍ, ເຊັ່ນ: ຄວາມຮູ້ສຶກເຈັບປວດຫຼືເຈັບປ່ວຍ. ມັນຍັງສາມາດເປັນອາລົມເຊັ່ນ: ຄວາມຢ້ານກົວ, ຄວາມໂສກເສົ້າ, ຫລືຄວາມໂດດດ່ຽວ.</li><li>ປະໂຫຍກທີ່ວ່າ“ ທົນທຸກທໍລະມານກັບຂ້ອຍ” ໝາຍຄວາມວ່າ“ ທົນກັບຂ້ອຍ” ຫລື“ ຟັງຂ້ອຍບອກ” ຫລື“ ຟັງດ້ວຍຄວາມອົດທົນ”.</li></ul><h3 id="section-2">ຄຳແນະນຳໃນການແປ</h3><ul><li>ຄຳວ່າ“ ທຸກທໍລະມານ” ຍັງແປໄດ້ອີກວ່າ“ ຮູ້ສຶກເຈັບປວດ” ຫລື“ ທົນທຸກຕໍ່ຄວາມຫຍຸ້ງຍາກ” ຫລື“ ປະສົບກັບຄວາມຫຍຸ້ງຍາກ” ຫລື“ ຜ່ານປະສົບການທີ່ຫຍຸ້ງຍາກແລະເຈັບປວດ”.</li><li>ອີງຕາມສະພາບການ, "ຄວາມທຸກທໍລະມານ" ຍັງແປໄດ້ອີກວ່າ "ສະຖານະການທີ່ຫຍຸ້ງຍາກທີ່ສຸດ" ຫຼື "ຄວາມລໍາບາກຢ່າງຮຸນແຮງ" ຫຼື "ປະສົບຄວາມຫຍຸ້ງຍາກ" ຫຼື "ເວລາທີ່ພົບປະສົບການທີ່ເຈັບປວດທີ່ສຸດ".</li><li>ຄຳວ່າ "ທົນທຸກຕໍ່ຄວາມຫິວກະຫາຍ" ຍັງແປໄດ້ອີກວ່າ "ປະສົບການຫິວກະຫາຍ" ຫລື "ທໍລະມານກັບຄວາມຫິວກະຫາຍ".</li><li>"ທົນທຸກຕໍ່ຄວາມຮຸນແຮງ" ຍັງແປໄດ້ອີກວ່າ "ໄດ້ຮັບຄວາມຮຸນແຮງ" ຫຼື "ຖືກທຳຮ້າຍໂດຍການກະທຳຮຸນແຮງ".</li></ul>  
sulfur	<h2 id="section">@ກຳມະຖັນ</h2><h3 id="section-1">ນິຍາມ</h3><p>ກຳມະຖັນແມ່ນສານສີເຫລືອງທີ່ກາຍເປັນທາດແຫຼວທີ່ເຜົາຜານເມື່ອຖືກເຜົາ.</p><ul><li>ກຳມະຖັນຍັງມີກິ່ນທີ່ເໝັນແຮງຄືກັບກິ່ນຂອງໄຂ່ເນົ່າ.</li><li>ໃນພຣະຄຳພີ, ການເຜົາກຳມະຖັນແມ່ນສັນຍາລັກຂອງການພິພາກສາຂອງພຣະເຈົ້າຕໍ່ຄົນທີ່ບໍ່ຊອບທຳແລະກະບົດ.</li><li>ໃນສະໄໝຂອງໂລດ, ພຣະເຈົ້າໄດ້ສົ່ງຝົນໄຟແລະກຳມະຖັນໃສ່ເມືອງທີ່ຊົ່ວຮ້າຍຂອງເມືອງໂຊໂດມແລະເມືອງໂຄໂມຣາ.</li><li>ໃນສະບັບພະຄຳພີອັງກິດບາງສະບັບ, ກຳມະຖັນຖືກເອີ້ນວ່າ "ສານກຳມະຖັນ," ຊຶ່ງຫມາຍຄວາມວ່າ "ກ້ອນຫີນລຸກໂໝ້ຢູ່".</li></ul><h3 id="section-2">ຄຳແນະນຳໃນການແປ</h3><ul><li>ການແປຄຳນີ້ທີ່ເປັນໄປໄດ້ຂອງຄຳສັບນີ້ອາດປະກອບມີ, "ກ້ອນຫີນສີເຫລືອງທີ່ໄໝ້" ຫລື "ຫີນທີ່ມີສີເຫລືອງ".</li></ul>  
sweep	<h2 id="section">@ປັດກວາດ,ໄດ້ກວາດລ້າງ</h2><h3 id="section-1">ນິຍາມ</h3><p>ຄຳວ່າ“ ປັດກວາດ” ແລະ“ ໄດ້ປັດກວາດລ້າງ” ໝາຍເຖິງການເຄື່ອນໄຫວທີ່ກວ້າງຂວາງແລະວ່ອງໄວເພື່ອກຳຈັດຄວາມເປື້ອນໂດຍໃຊ້ຟອຍຫຼືແປງ. ຄຳເຫຼົ່ານີ້ຍັງຖືກນຳໃຊ້ເປັນຄຳປຽບໄດ້ເຊັ່ນກັນ.</p><ul><li>ຄຳວ່າ "ປັດກວາດ" ຖືກໃຊ້ເປັນຕົວປຽບທຽບເພື່ອອະທິບາຍວິທີການໂຈມຕີຂອງກອງທັບທີ່ມີການເຄື່ອນໄຫວທີ່ວ່ອງໄວ, ມີຄວາມຕັດສິນໃຈທີ່ເດັດຂາດແລະກວ້າງຂວາງ.</li><li>ຍົກຕົວຢ່າງ, ເອຊາຢາໄດ້ທຳນາຍໄວ້ວ່າຊາວອັດຊີເຣຍຈະ“ ກວາດລ້າງ” ອານາຈັກຢູດາ. ນີ້ໝາຍຄວາມວ່າພວກເຂົາຈະທຳ ລາຍຢູດາແລະຈັບປະຊາຊົນໄປ.</li><li>ຄຳວ່າ "ກວາດລ້າງ" ຍັງຖືກປຽບທຽບໃຊ້ເພື່ອພັນລະນາເຖິງລັກສະນະຂອງນ້ຳທີ່ໄຫຼຢ່າງໄວວາ ຍູ້ດັນສິ່ງຕ່າງໆແລະບັງຄັບໃຫ້ພວກມັນອອກໄປ.</li><li>ການມີບາງສິ່ງບາງຢ່າງ“ ຖືກກວາດລ້າງ” ຄົນໜຶ່ງ ໝາຍຄວາມວ່າສິ່ງທີ່ໜັກໜ່ວງແລະຫຍຸ້ງຍາກກຳລັງເກີດຂື້ນກັບລາວ.</li></ul>  
sword	<h2 id="section">@ດາບ</h2><h3 id="section-1">ນິຍາມ</h3><p>ດາບ ແມ່ນອາວຸດໂລຫະທີ່ເຮັດດ້ວຍແຜ່ນເຫລັກແບນໃຊ້ເພື່ອຕັດຫລືແທງ. ມັນມີດ້າມຈັບແລະຍາວທີ່ແຫລມຄົມ.</p><ul><li>ໃບມິດຂອງດາບໃນສະ ໄໝບູຮານມີຄວາມຍາວປະມານ 60 ຫາ 91 ຊັງຕີແມັດ.</li><li>ດາບບາງດວງມີສອງຄົມແລະມີຊື່ວ່າດາບສອງເທົ່າຫລືດາບສອງຄົມ.</li><li>ສາວົກຂອງພະເຍຊູຄຣິດມີດາບທີ່ເຂົາເຈົ້າວາງແຜນທີ່ຈະໃຊ້ເພື່ອປ້ອງກັນຕົວເອງ,  ເປໂຕໃຊ້ດາບຂອງລາວຕັດຫູຂອງຜູ້ຮັບໃຊ້ຂອງປະໂລຫິດໃຫຍ່.</li><li>ທັງໂຢຮັນບັບຕິສະໂຕແລະອັກຄະສາວົກຢາໂກໂບຖືກຕັດຫົວດ້ວຍດາບທັງສອງຄົນ.</li></ul><h3 id="section-2">ຄຳແນະນຳໃນການແປ</h3><ul><li>ດາບໄດ້ຖືກໃຊ້ເປັນຄຳປຽບທຽບສຳລັບຄຳສອນຂອງພະເຈົ້າ.ໃນພຣະຄຣິສຕະທຳຄຳພີໄດ້ແທງທະລຸເຖິງຄວາມຄິດພາຍໃນຂອງຄົນແລະເຮັດໃຫ້ພວກເຂົາຫລຸດຈາກຜິດບາບຂອງພວກເຂົາ. ໃນລັກສະນະຄ້າຍຄືກັນກັບດາບທີ່ຈະຕັດໃຫ້ເລິກ, ເຮັດໃຫ້ເກີດຄວາມເຈັບປວດ.</li></ul>  
synagogue	<h2 id="section">@ທຳມະສາລາ</h2><h3 id="section-1">ນິຍາມ</h3><p>ທຳມະສາລາເປັນຕຶກທີ່ພວກຊາວຢິວປະຊຸມກັນເພື່ອນະມັດສະການພະເຈົ້າ.</p><ul><li>ຕັ້ງແຕ່ສະໄໝບູຮານນະການ, ການນະມັດສະການຂອງຊາວຢິວນັ້ນໄດ້ລວມເອົາເຖິງເວລາຂອງການອະທິຖານ, ການອ່ານພຣະຄຳພີແລະການສອນກ່ຽວກັບພຣະຄຳພີ.</li><li>ໃນເບື້ອງຕົ້ນຊາວຢິວເລີ່ມກໍ່ສ້າງທຳມະສາລາເປັນສະຖານທີ່ເພື່ອອະທິຖານແລະນະມັດສະການພຣະເຈົ້າໃນເມືອງຂອງພວກເຂົາ, ເພາະວ່າພວກເຂົາສ່ວນຫລາຍອາໄສຢູ່ຫ່າງໄກຈາກພຣະວິຫານໃນເມືອງເຢຣູຊາເລັມ.</li><li>ພຣະເຍຊູສັ່ງສອນຢູ່ຕາມທຳມະສາລາເລື້ອຍໆແລະປິ່ນປົວປະຊາຊົນຢູ່ທີ່ນັ້ນ.</li><li>ຄຳວ່າ“ ທຳມະສາລາ” ສາມາດໃຊ້ເປັນເພື່ອອ້າງອີງເຖິງກຸ່ມຄົນລວມຕົວກັນທີ່ປະຊຸມຢູ່ທີ່ນັ້ນ.</li></ul>  
syria	<h2 id="section">@ຊີເຣຍ</h2><h3 id="section-1">ຂໍ້ເທັດຈິງ</h3><p>ຊີເຣຍ ແມ່ນປະເທດທີ່ຕັ້ງຢູ່ທາງທິດຕາເວັນອອກສ່ຽງເໜືອ ຂອງອິດສະຣາເອນ. ໃນສະໄໝຂອງພຣະຄຳພີໃໝ່, ມັນແມ່ນແຂວງໜຶ່ງທີ່ຢູ່ພາຍໃຕ້ການປົກຄອງຂອງຈັກກະພັດໂຣມ.</p><ul><li>ໃນສະໄໝພຣະຄຳພີເດີມ, ຊາວຊີເຣຍແມ່ນກອງທັບທະຫານທີ່ເຂັ້ມແຂງທີ່ເປັນສັດຕູຂອງຊາວອິດສະລາເອນ.</li><li>ນາຮາມານເປັນຜູ້ບັນຊາການກອງທັບຊີເຣຍຜູ້ທີ່ເປັນພະຍາດຂີ້ທູດເຊິ່ງລາວໄດ້ຮັບການຮັກສາໂດຍຜູ້ປະກາດພຣະທຳເອລີຊາ.</li><li>ຫຼາຍຄົນທີ່ອາໄສຢູ່ໃນປະເທດຊີເຣຍແມ່ນເຊື້ອສາຍຂອງອາຣາມ, ຜູ້ທີ່ໄດ້ສືບເຊື້ອສາຍມາຈາກເຊມລູກຊາຍຂອງໂນເອ.</li><li>ເມືອງດາມາເຊເຊິ່ງເປັນເມືອງຫຼວງຂອງປະເທດຊີເຣຍຖືກກ່າວເຖິງຫຼາຍຄັ້ງໃນພຣະຄຳພີ.</li><li>ໂປໂລໄດ້ໄປເມືອງດາມາເຊດ້ວຍແຜນການທີ່ຈະໄປຂົ່ມເຫັງຊາວຄຣິດສະຕຽນຢູ່ທີ່ນັ້ນ, ແຕ່ພຣະເຢຊູໄດ້ຢຸດຢັ້ງລາວໄວ້.</li></ul>  
tabernacle	<h2 id="section">@ຫໍເຕັນ</h2><h3 id="section-1">ນິຍາມ</h3><p>ຫໍເຕັນເປັນໂຄ່ງສ້າງທີ່ເໝືອນເຕັນພຶເສດທີ່ຊາວອຶດສະຣາເອນໃຊ້ນະມັດສະການພຣະເຈົ້າຕລອດເວລາ40ປີທີ່ພວກເຂົາໄດ້ເດຶນທາງໃນທະເລຊາຍ.</p><ul><li>ພຣະເຈົ້າໄດ້ຊົງປະທານລາຍລະອຽດຂໍ້ປະຕຶບັດຕ່າງໆໃນກາານສ້າງເຕັນໃຫຍ່ແຫ່ງນີ້, ເຊຶງມີສອງຫ້ອງແລະຖືກລ້ອມຮອບດ້ວຍລານຊັ້ນນອກ.</li><li>ແຕ່ລະຄັ້ງທີ່ຊົນຍິດສະລາເອນຍ້າຍໄປຢູ່ບ່ອນອື່ນໃນທະເລຊາຍເພື່ອອາໄສຢູ່, ພວກປະໂລຫິດຈະແຍກຫໍເຕັນແລະພາໄປທີ່ຫໍພັກແຫ່ງຕໍ່ໄປຂອງພວກເຂົາ. ຫຼັງຈາກນັ້ນ, ພວກເຂົາກໍ່ຈະຕັ້ງມັນອີກໃນໃຈກາງຂອງຄ້າຍໃໝ່ຂອງພວກເຂົາ.</li><li>ຫໍເຕັນໄດ້ຮັບການກໍ່ສ້າງດ້ວຍໄມ້ທີ່ຫ້ອຍດ້ວຍຜ້າມ່ານເຮັດມາຈາກຜ້າ, ຂົນແບ້, ແລະ ໜັງສັດ. ບໍລິເວນລານຮອບຖືກປິດດ້ວຍຜ້າມ່ານຫລາຍກວ່າ.</li><li>ຫໍເຕັນມີສອງສ່ວນຄື ສ່ວນທີ່ເປັນສະຖານທີ່ບໍຣຶສຸດ (ແທ່ນບູຊາເຜົາເຄືອງບູຊາຕັ້ງຢູ່) ແລະຫ້ອງບໍຣຶສຸດທີ່ສຸດ(ທີ່ເຊຶງຫີບພັນທະສັນຍາຕັ້ງຢູ່).</li><li>ລານຂອງຫໍເຕັນມີແທ່ນບູຊາໃຊ້ເຜົາບູຊາສັດຢູ່ແລະອ່າງລ້າງມືພຶເສດໃຊ້ຊຳລະໃນພຶທີກຳ.</li><li>ຄົນອຶດສະຣາເອນໄດ້ຢຸດໃຊ້ຫໍເຕັນເມື່ອພຣະວຶຫານຂອງຊາໂລໂມນໃນເຢຣູຊາເລັມສ້າງສຳເລັດ.</li></ul><h3 id="section-2">ຄຳແນະນຳໃນການແປ</h3><ul><li>ຄຳວ່າຫໍເຕັນມີຄວາມໝາຍວ່າ "ບ່ອນຢູ່ອາໄສ." ອີກວິທີໜຶ່ງທີ່ຈະແປມັນອາດລວມມີ, "ເຕັນທີ່ສັກສິດ" ຫລື "ເຕັນບ່ອນທີ່ພຣະເຈົ້າຢູ່" ຫຼື "ເຕັນຂອງພຣະເຈົ້າ."</li><li>ໃຫ້ແນ່ໃຈວ່າການແປຄຳສັບນີ້ມີຄວາມແຕກຕ່າງຈາກຄຳວ່າ "ພຣະວຶຫານ".</li></ul>  
tamar	<h2 id="section">@ທາມາ</h2><h3 id="section-1">ຂໍ້ເທັດຈິງ</h3><p>ທາມາເປັນຊື່ຂອງຜູ້ຍຶງຫລາຍຄົນໃນພຣະຄຳພີເດຶມ. ແລະຍັງເປັນຊື່ຫລາຍເມື່ອງຫລືຫລືສະຖານທີ່ຕ່າງໆໃນພຣະຄຳພີເດຶມ.</p><ul><li>ທາມາເປັນລູກໄພ້ຂອງຢູດາ ລາວໄດ້ໃຫ້ກຳເນີດເປເລດເຊິ່ງເປັນເຊື່ອສາຍຂອງພຣະເຢຊູຄຣຶດ.</li><li>ໜື່ງໃນລູກສາວຂອງກະສັດດາວຶດກໍ່ມີຊື່ວ່າທາມາເຊັ່ນກັນລາວເປັນນ້ອງສາວຂອງອັບຊາໂລມອ້າຍຕ່າງມານດາຄືອຳໂມນໄດ້ຂົມຂືນລາວແລະໄດ້ຖຶມລາວໃຫ້ຂົມຂືນໃຈ.</li><li>ເມືອງທີ່ເອີ້ນວ່າ "ຮາເຊໂຊນທາມາ" ເປັນຊື່ດຽວກັບເມື່ອງເອນແກດຶໃນຝັງຕາເວັນຕົກຂອງທະເລເກືອ ຍັງມີເມືອງ "ບາອັນທາມາ" ດ້ວຍຍັງມີການອ້າງອຶງທັ່ວໄປໃນສະຖານທີ່ທີ່ເອີ້ນວ່າ "ທາມາ" ເຊຶງອາດເປັນຊື່ທີ່ໃຊ້ຕ່າງຈາກຊື່ເມື່ອງເຫລົ່ານີ້.</li></ul>  
tarshish	<h2 id="section">@ທາຊຶດ</h2><h3 id="section-1">ຂໍ້ເທັດຈິງ</h3><p>ທາຊຶດເປັນຊື່ເມືອງຂອງຜູ້ຊາຍສອງຄົນໃນພັນທະສັນຍາເດຶມ ແລະເປັນຊື່ຂອງເມື່ອງ.</p><ul><li>ຫລານຄົນໜື່ງຂອງຢາເຟດມີຊື່ວ່າທາຊຶດ.</li><li>ທາຊຶດເປັນຊື່ໜື່ງຂອງນັກປາດຂອງກະສັດອາຫັດສຸເອລັດ.</li><li>ທາຊຶດເປັນຊື່ເມືອງທ່າເຮືອທີ່ຮຸ່ງເຮື່ອງ, ທີ່ເຮືອສີນຄ້າໄດ້ນຳຜົນຜະລຶດຕ່າງໆມາຊື້ຫຼືຂາຍຫຼືແລກປ່ຽນ.</li><li>ເມືອງນີ້ມີສ່ວນກ່ຽວຂ້ອງກັບເມືອງຕີເຣແລະຖືກຄິດວ່າເປັນເມືອງ ຟີນີເຊຍ ທີ່ຢູ່ຫ່າງໄກຈາກປະເທດອິດສະຣາເອນບາງທີອາດຢູ່ຝັ່ງຕາເວັນຕົກຂອງປະເທດສະເປນ.</li><li>ໃນພຣະຄຳພີເດຶມ ຜູ້ປະກາດພຣະທຳໂຢນາໄດ້ຂີ່ເຮືອໄປທີ່ເມື່ອງທາຊຶດແທ່ນທີ່ຈະເຊື່ອຟັງຄຳສັ່ງພຣະເຈົ້າໄປທີ່ເມືອງນີນາເວ.</li></ul>  
tarsus	<h2 id="section">@ທາຊັດ</h2><h3 id="section-1">ຂໍ້ເທັດຈິງ</h3><p>ທາຊັດເປັນເມື່ອງທີ່ຈະເລີນຮຸ່ງເຮື່ອງ ທີ່ຕັ້ງຢູ່ຂອງອານາເຂດໂຣມັນແຫ່ງກິລິເກຍ, ໃນປະຈຸບັນເປັນຕອນກາງຂອງປະເທດຕຸລາກີ.</p><ul><li>ທາຊັດເປັນທີ່ຕັ້ງຂະນານກັບແມ່ນ້ຳຫລັກແລະຢູ່ໃກ້ຊາຍຝັ່ງຂອງທະເລເມດີແຕຣາເນ, ເຮັດໃຫ້ເປັນສ່ວນໜື່ງຂອງເສັ້ນທ່າງຄ້າຂາຍສຳຄັນ.</li><li>ຊ່ວງເວລາໜື່ງໃນປະວັດສາດ, ທາຊັດເປັນເມືອງຫລວງຂອງປະເທດກິລິເກຍ.</li><li>ໃນພຣະຄຳພີໃໝ່,ທາຊັດເປັນບ້ານເກຶດເມືອງນອນຂອງອັກຄະຣະສາວົກໂປໂລ.</li></ul>  
tax collector	<h2 id="section">@ຄົນເກັບພາສີ</h2><h3 id="section-1">ນິຍາມ</h3><p>“ ຜູ້ເກັບພາສີ” ແມ່ນພະນັກງານຂອງລັດຖະບານທີ່ມີໜ້າທີ່ຮັບເງິນທີ່ປະຊາຊົນຈຳເປັນຕ້ອງຈ່າຍໃຫ້ລັດຖະບານເປັນພາສີ.</p><ul><li>ໃນສະ ໄໝຂອງພຣະເຢຊູແລະອັກຄະສາວົກ, ລັດຖະບານໂຣມໄດ້ຮຽກເກັບພາສີຈາກທຸກຄົນທີ່ອາໄສຢູ່ໃນອານາຈັກໂຣມ, ລວມທັງຊາວຢິວ.</li><li>ຄົນທີ່ເກັບພາສີສຳລັບລັດຖະບານໂຣມມັກຈະຕ້ອງການເງິນຈາກປະຊາຊົນຫຼາຍກວ່າທີ່ລັດຖະບານຕ້ອງການ. ຄົນເກັບພາສີຈະເກັບຮັກສາໄວ້ຈຳນວນເງິນເພີ່ມໃຫ້ຕົວເອງ.</li><li>ເພາະຄົນເກັບພາສີໄດ້ຫລອກລວງປະຊາຊົນໃນການເກັບພາສີ ຄົນຢຶວຈືງພຶຈາລະນາຄົນເກັບພາສີເປັນຄົນຊົ່ວທີ່ສຸດໃນຈຳພວກຂອງຄົນບາບ.</li><li>ຊາວຢິວຍັງຖືວ່າຄົນເກັບພາສີຊາວຢິວເປັນຄົນທໍລະຍົດຕໍ່ປະຊາຊົນຂອງພວກເຂົາເພາະວ່າພວກເຂົາເຮັດວຽກໃຫ້ລັດຖະບານໂຣມເຊິ່ງກົດຂີ່ຂົ່ມເຫັງຊາວຢິວ.</li><li>ປະໂຫຍກທີ່ວ່າ, "ຄົນເກັບພາສີແລະຄົນບາບ" ແມ່ນການສະແດງອອກທົ່ວໄປໃນພຣະຄຳພີໃໝ່, ສະແດງໃຫ້ເຫັນວ່າຊາວຢິວກຽດຊັງຄົນເກັບພາສີຫລາຍປານໃດ.</li></ul>  
tax	<h2 id="section">@ພາສີ,ພາສີອາກອນ</h2><h3 id="section-1">ນິຍາມ</h3><p>ຄຳວ່າ "ພາສີ" ຫຼື "ພາສີອາກອນ" ອ້າງເຖຶງເງີນຫຼືສີ້ນຄ້າຕ່າງໆ ທີ່ຜູ້ຄົນໄດ້ໃຫ້ແກ່ຜູ້ມີອຳນາດເໜື່ອພວກເຂົາ.</p><ul><li>ຈຳນວນເງິນທີ່ຕ້ອງຈ່າຍ ສຳລັບອາກອນແມ່ນອີງໃສ່ມູນຄ່າຂອງສິ່ງຂອງຫຼືຊັບສິນຂອງບຸກຄົນທີ່ມີມູນຄ່າເທົ່າໃດ.</li><li>ຖ້າຜູ້ໃດບໍໄດ້ຊຳຮະພາສີຕ່າງໆ,ລັດທະບານສາມາດດຳເນຶນການຕາມກົດໝາຍຕໍ່ບຸກຄົນນັ້ນ ເພື່ອຈະໄດ້ຮັບເງິນຈາກຜູ້ທີ່ເປັນໜີ້ລັດທະບານນັ້ນ.</li><li>ໂຢເຊັບແລະມາຣີໄດ້ເດີນທາງໄປເມືອງເບັດເລເຮັມເພື່ອຈະຖືກນັບເຂົ້າໃນການສຳຫຼວດພົນລະເມືອງທີ່ມີຈຸດປະສົງເພື່ອເກັບພາສີທຸກຄົນທີ່ອາໄສຢູ່ໃນອານາຈັກໂລມັນ.</li><li>ນອກນັ້ນຍັງມີ "ອາກອນໃນພຣະວິຫານ" ເຊິ່ງເປັນເງິນທີ່ຜູ້ຄົນເອົາໃສ່ໃນກ່ອງຖວາຍຂອງວິຫານ. ເງິນຈຳນວນໜຶ່ງນີ້ແມ່ນໃຊ້ເພື່ອດູແລອາຄານຂອງພຣະວິຫານ.</li><li>ຄຳວ່າ "ພາສີ"ສາມາດແປວ່າ "ພາສີບັງຄັບ" ຫຼື "ເງີນຂອງລັດທະບານ" ຫຼື "ເງີນຂອງພຣະວຶຫານ" ຂື້ນຢູ່ກັບສະຖານະການ.</li><li>ປະໂຫຍກເຊັ່ນ, "ເກັບພາສີ" ແລະ "ພາສີອາກອນຈ່າຍ" ຍັງສາມາດແປເປັນ "ຈ່າຍເງິນໃຫ້ລັດຖະບານ" ຫຼື "ຮັບເງິນໃຫ້ລັດຖະບານ" ຫຼື "ຈ່າຍເງິນທີ່ຕ້ອງການ."</li><li>"ຄົນເກັບພາສີ" ເປັນຜູ້ທີ່ເຮັດວຽກໃຫ້ແກ່ລັດທະບານໃນການຮັບເງີນທີ່ປະຊາຊົນຈຳເປັນຕ້ອງຈ່າຍໃຫ້ພວກເຂົາ.</li></ul>  
teacher	<h2 id="section">@ຄູ, @ອາຈານ</h2><h3 id="section-1">ນິຍາມ</h3><p>ຄູ ເປັນບຸກຄົນຜູ້ໃຫ້ຄຳໃໝ່ໆໃຫ້ກັບຜູ້ຄົນ ຄູຊ່ອຍໃຫ້ຜູ້ອືນໄດ້ຮັບຄວາມຮູ້ແລະທັກສະໃໝ່ນຳ.</p><ul><li>ໃນພຣະຄຳພີຄຳວ່າ"ຄູ" ຈະໃຊ້ໃນຄວາມໝາຍພຶເສດກ່ຽວກັບຄົນທີ່ສອນເລື່ອງລາວຂອງພຣະເຈົ້າ ບໍ່ໄດ້ໝາຍເຖຶງຄູທີ່ສອນໃນໂຮງຮຽນ.</li><li>ປະຊາຊົນທີ່ຮຽນຈາກຄູຈະເອຶ້ນວ່າ "ສຶດ" ຫຼື"ສາວົກ"</li><li>ໃນຄຳແປຂອງພຣະຄຳພີບາງສະບັບ ຄຳສັບຈະໃຊ້ຕັວໜັງສືໃຫຍ່("ພຣະອາຈານ")ເມື່ອໃຊ້ເປັນຕຳແໜ່ງຂອງພຣະເຢຊູເຈົ້າ.</li></ul><h3 id="section-2">ຄຳແນະນຳໃນການແປ</h3><ul><li>ຄຳທຳມະດາຂອງຄູສາມາດແປໄດ້ວ່າ, ນອກຈາກນີ້ຄຳນັ້ນໃຊ້ກັບຄູໃນໂຮງຮຽນ.</li><li>ບາງວັດທະນະທຳອາດຈະໃຊ້ພຶເສດສຳຫລັບຄູສາດສະໜາ ເຊ່ນ "ເຊີ" ຫຼື "ຣັບບີ"ຫຼື "ນັກເທດສະໜາ".</li></ul>  
teach	<h2 id="section">@ສອນ, @ການສອນ, @ອາຈານ,@ ໄດ້ສອນ</h2><h3 id="section-1">ນິຍາມ</h3><p>ຄຳວ່າ"ສອນ" ແລະ "ການສອນ" ໝາຍເຖີງການບອກຂໍ້ມູນໃຫ້ຜູ້ອື່ນຮູ້ເຖີງສີ່ງທີ່ເຂົາບໍ່ຮູ້ມາກ່ອນ ໂດຍປົກກະຕິແລ້ວຂໍ້ມູນຈະຖືກໃຫ້ເປັນລະບົບ.</p><ul><li>“ ຄູ” ແມ່ນຜູ້ທີ່ສອນ. ການກະທຳທີ່ຜ່ານມາຂອງ“ ສອນ” ແມ່ນ“ ໄດ້ສອນ.”</li><li>ເມື່ອພຣະເຢຊູ ກຳລັງສັ່ງສອນພຣະອົງ ກຳລັງອະທິບາຍສິ່ງຕ່າງໆກ່ຽວກັບພຣະເຈົ້າແລະລາຊະອານາຈັກຂອງພຣະອົງ.</li><li>ສາວົກຂອງພຣະເຢຊູເຈົ້າເອີ້ນພຣະອົງວ່າ "ອາຈານ" ເຊີ່ງເປັນການໃຫ້ກຽດເຖີງຄົນທີ່ກ່າວເຖີງພຣະຄຳຂອງພຣະເຈົ້າ.</li><li>ຂໍ້ມູນທີ່ກຳລັງສອນສາມາດສອນໃຫ້ເຫັນເປັນຄຳເວົ້າຫຼືການເວົ້າໄດ້.</li><li>ຄຳວ່າ "ຫລັກການສອນ" ອ້າງເຖີງຄຳສອນຕ່າງໆຈາກພຣະເຈົ້າໃນເລື່ອງຂອງພຣະອົງເອງລວມທັ້ງຂໍ້ປະຕຶບັດຂອງພຣະເຈົ້າໃນການດຳເນີນຊີວິດຢ່າງໃດສາມາດແປໄດ້ວ່າ"ຄຳສອນຈາກພຣະເຈົ້າ"ຫຼື"ສີ່ງທີ່ພຣະເຈົ້າສອນພວກເຮົາ".</li><li>ປະໂຫຍກທີ່ວ່າ "ສີ່ງທີ່ທ່ານໄດ້ຮັບຄຳສອນມາ" ສາມາດແປວ່າ "ສີ່ງທີ່ເຂົາເຫລົ່ານີ້ໄດ້ສອນທ່ານ"ຫຼື"ສີ່ງທີ່ພຣະເຈົ້າໄດ້ສອນທ່ານ"ຂື້ນຢູ່ກັບສະຖານະການ.</li><li>ວິທີອື່ນທີ່ຈະແປວ່າ"ສອນ" ສາມາດລວມເຖີງ "ການບອກ" ຫຼື "ການອະທິບາຍ" ຫຼື "ການສອນ".</li><li>ຫລາຍຄັ້ງຄຳນີ້ສາມາດແປໄດ້ວ່າ"ການສອນຜູ້ຄົນເຖີງເລື່ອງລາວຂອງພຣະເຈົ້າ".</li></ul>  
temple	<h2 id="section">@ພຣະວຶຫານ</h2><h3 id="section-1">ນິຍາມ</h3><p>ພຣະວຶຫານເປັນອາຄານທີຖືກອ້ອມຮອບດ້ວຍກຳແພງທີ່ຄົນອຶດສະຣາເອນມາອະທຶຖານແລະຖວາຍເຄືອງບູຊາໃຫ້ແດ່ພຣະເຈົ້າ ພຣະວຶຫານຕັ້ງຢູທີ່ພູເຂົາໂມຣຶອາດໃນກຸງເຢຣູຊາເລັມ.</p><ul><li>ປົກກະຕິແລ້ວຄຳວ່າ“ ພຣະວິຫານ” ໝາຍເຖິງສ່ວນປະກອບຂອງພຣະວິຫານທັງໝົດ, ລວມທັງສະໜາມຫຼວງທີ່ອ້ອມຮອບອາຄານຫຼັກ. ບາງຄັ້ງມັນໝາຍເຖິງອາຄານເທົ່ານັ້ນ.</li><li>ອາຄານພຣະວຶຫານມີຢູ່ສອງຫ້ອງ, ຄືຫ້ອງບໍຣຶສຸດແລະຫ້ອງບໍຣຶສຸດທີ່ສຸດ.</li><li>ພຣະເຈົ້າໄດ້ອ້າງອີງພຣະວຶຫານວ່າເປັນທີ່ປະທັບຂອງພຣະອົງ.</li><li>ໃນສະໄໝຂອງກະສັດຊາໂລໂມນ ພຣະອົງໄດ້ຊົງສ້າງພຣະວຶຫານ ເຊຶງເປັນສະຖານທີຖາວອນທີ່ໃຊ້ນະມັດສະການພຣະເຈົ້າໃນກຸງເຢຣູຊາເລັມ.</li><li>ໃນພຣະຄຳພີໃໝ່ຄຳວ່າ"ພຣະວຶຫານຂອງພຣະວຶນຍານບໍຣຶສຸດ" ກໍ່ໃຊ້ໝາຍເຖຶງຫລົ່າຜູ້ທີ່ເຊື່ອໃນພຣະເຢຊູຄຣຶດເຈົ້າເພາະພຣະວຶນຍານບໍຣຶສຸດສະຖຶດຢູ່ກັບພວກເຂົາ.</li></ul><h3 id="section-2">ຄຳແນະນຳໃນການແປ</h3><ul><li>ໂດຍປົກກະຕຶພຣະຄຳພີກ່າວວ່າປະຊາຊົນ "ຢູ່ໃນພຣະວຶຫານ" ນີ້ໝາຍເຖຶງພຣະວຶຫານນອກອາຄານສາມາດແປໄດ້ວ່າ "ໃນລານພຣະວຶຫານ" ຫຼື "ໃນສ່ວນປະກອບຂອງພຣະວຶຫານ".</li><li>ເມື່ອເວົ້າເຖິງອາຄານຕົວຂອງມັນເອງໂດຍສະເພາະ, ບາງຄຳ ແປຈະແປ "ພຣະວິຫານ" ເປັນ "ອາຄານພຣະວິຫານ", ເພື່ອເຮັດໃຫ້ມັນຈະແຈ້ງກ່ຽວກັບສິ່ງທີ່ຖືກກ່າວເຖິງ.</li><li>ວຶທີການແປ "ພຣະວຶຫານ" ສາມາດລວມ "ບ້ານບໍຣຶສຸດຂອງພຣະເຈົ້າ" ຫຼື"ສະຖານນະມັດສະການສັກສຶດ".</li><li>ຫລາຍຄັ້ງໃນພຣະຄຳພີ ພຣະວຶຫານອ້າງເຖຶງວ່າເປັນ"ບ້ານຂອງພຣະຢາເວ" ຫຼື "ບ້ານຂອງພຣະເຈົ້າ".</li></ul>  
tempt	<h2 id="section">@ທົດລອງ, @ການທົດລອງ</h2><h3 id="section-1">ນິຍາມ</h3><p>ການທົດລອງຜູ້ໃດຜູ້ໜື່ງເປັນການພະຍາຍາມໃຫ້ເຂົາເຮັດບາງສຶ່ງຜຶດ.</p><ul><li>ການທົດລອງຄືບາງສຶ່ງທີ່ເປັນເຫດໃຫ້ບຸກຄົນໄດ້ເຮັດໃນສຶ່ງທີ່ຜຶດ.</li><li>ຜູ້ຄົນມັກຖືກທົດລອງໂດຍບາບທຳມະຊາດໃນຕົວຂອງເຂົາແລະໂດຍຄົນອື່ນ.</li><li>ຊາຕານກໍ່ທົດລອງມະນຸດບໍ່ໃຫ້ເຊື່ອຟັງພຣະເຈົ້າແລະທຳບາບຕໍ່ພຣະເຈົ້າໂດຍການທຳສຶ່ງທີ່ຜຶດ.</li><li>ຊາຕານໄດ້ທົດລອງພຣະເຢຊູເຈົ້າແລະໄດ້ພະຍາຍາມໃຫ້ພຣະອົງທຳໃນສຶ່ງທີ່ຜຶດແຕ່ພຣະເຢຊູຊົງຕໍ່ຕ້ານຕໍ່ການທົດລອງຂອງຊາຕານທຸກຢ່າງແລະບໍ່ເຄີຍທຳບາບ.</li><li>ຄຳວ່າ"ການທົດລອງ" ໄດ້ຖືກໃຊ້ອ້າງອຶງເຖຶງການທົດລອງພຣະເຈົ້້າດ້ວຍເຊຶງມີຄວາມໝາຍວ່າເປັນການດື້ດືງແລະບໍ່ເຊື່ອຟັງພຣະອົງຈົນເຖຶງຂັ້ນທີ່ຕ້ອງຮັບຜູ້ທີ່ບໍ່ເຊື່ອຟັງໂດຍການລົງໂທດຕໍ່ຜູ້ທີ່ບໍ່ເຊື່ອຟັງ ນີ້ອາດເອຶ້ນໄດ້ວ່າ "ການທົດລອງ"ພຣະເຈົ້າ.</li></ul><h3 id="section-2">ຄຳແນະນຳໃນການແປ</h3><ul><li>ຄຳວ່າ "ທົດລອງ" ສາມາດແປວ່າ "ພະຍາຍາມທີ່ຈະທຳບາບ" ຫຼື "ລໍ່ລວງ" ຫຼື "ເປັນເຫດໃຫ້ປາຖະໜາທີ່ຈະທຳບາບ".</li><li>ວຶທີແປ"ການທົດລອງ" ສາມາດລວມ "ສຶງທີ່ທົດລອງ" ຫຼືສຶ່ງທີ່ລໍ່ລວງບາງຄົນໃຫ້ເຮັດບາບ" ຫຼື "ສຶ່ງທີ່ເປັນສຶ່ງທີ່ປາຖະໜາໃຫ້ເຮັດຜຶດ".</li><li>ໃນບາງເຫດການໃນການທົດລອງພຣະເຈົ້າ, ນີ້ສາມາດແປໄດ້ວ່າ "ເອົາພຣະເຈົ້າມາທົດສອບ" ຫຼື"ທົດສອບພຣະເຈົ້າ" ຫຼື "ທົດສອບຄວາມອົດທົນຂອງພຣະເຈົ້າ" ຫຼື"ເປັນສາຍເຫດໃຫ້ພຣະເຈົ້າລົງໂທດ" ຫຼື "ຍັງດື້ດ້ານທີ່ຈະບໍ່ເຊື່ອຟັງພຣະເຈົ້າ".</li></ul>  
ten commandments	<h2 id="section">@ພຣະບັນຍັດ10ປະການ</h2><h3 id="section-1">ນິຍາມ</h3><p>"ພຣະບັດຍັດ10ປະການ" ຄືຄຳສັ່ງທີ່ພຣະເຈົ້າໃຫ້ກັບໂມເຊເທຶງພູເຂົາຊີນາຍລະຫວ່າງທີ່ພວກອຶດສະຣາເອນໃຊ້ຊີວຶດໃນທະເລຊາຍເພື່ອເດຶນທາງໄປການາອານ ພຣະເຈົ້າຊົງຂຽນພຣະບັນຍັດລົງເທຶງແຜ່ນຫີນຂະນາດໃຫ່ຍສອງແຜ່ນ.</p><ul><li>ພຣະເຈົ້າໄດ້ປະທານບັນຍັດໃຫ້ຄົນອຶດສະຣາເອນໄດ້ເຊື່ອຟັງ ແຕ່ບັນຍັດສຶບປະການເປັນບັນຍັດພຶເສດເພື່ອຊ່ວຍຊາວອຶດສະຣາເອນໃຫ້ຮັກແລະນະມັດສະການພຣະເຈົ້າແລະຮັກຄົນອື່ນ.</li><li>ພຣະບັນຍັດເຫລົ່ານີ້ຍັງເປັນສ່ວນພຣະສັນຍາຂອງພຣະເຈົ້າກັບປະຊາກອນຂອງພຣະອົງ ໂດຍການເຊື່ອຟັງໃນສຶ່ງທີ່ພຣະເຈົ້າບັນຊາໃຫ້ທຳຄົນອຶດສະຣາເອນສະແດງວ່າເຂົາຮັກພຣະເຈົ້າແລະເປັນຂອງພຣະອົງ.</li><li>ແຜ່ນຫຶນພ້ອມພຣະບັນຍັດໄດ້ຖືກຂຽນເທຶງນັ້ນໄດ້ຖືກເກັບຮັກສາໄວ້ໃນຫຶບແຫ່ງພຣະສັນຍາ ເຊຶງຕັ້ງໄວ້ໃນຫ້ອງບໍຣຶສຸດໃນຫໍເຕັນ ແລະຕໍ່ມາໄດ້ຕັ້ງໄວ້ໃນພຣະວຶຫານ.</li></ul>  
tent	<h2 id="section">@ເຕັນ</h2><h3 id="section-1">ນິຍາມ</h3><p>ເຕັນເປັນທີ່ພັກພາອາໃສ່ທີເຮັດມາຈາກຜ້າກະສອບທີ່ທົນທານເຊິ່ງຖືກຄຸມໄວ້ທົ່ວໂຄ່ງສ້າງຂອງເສົາແລະຍຶດຕິດກັບພວກມັນ.</p><ul><li>ເຕັນສາມາດມີຂະນາດນ້ອຍ ທີ່ມີພື້ນທີ່ໃຊ້ສຳຫລັບສອງຄົນໄດ້ນອນຫລັບ, ຫຼືອາດຈະໃຫຍ່ຫລາຍເພື່ອໃຊ້ສຳຫລັບການພັກຜ່ອນຫລັບນອນຂອງຄົນໃນຄອບຄົວ, ເຮັດອາຫານແລະຢູ່ອາໄສ.</li><li>ສໍາລັບປະຊາຊົນຈໍານວນຫຼາຍ, ຜ້າເຕັນຖືກນໍາໃຊ້ເປັນສະຖານທີ່ທີ່ຢູ່ອາໄສຖາວອນ. ຍົກຕົວຢ່າງ, ໃນຊ່ວງເວລາສ່ວນໃຫຍ່ທີ່ຄອບຄົວຂອງອັບຣາຮາມອາໄສຢູ່ໃນແຜ່ນດິນການາອານ, ພວກເຂົາອາໄສຢູ່ໃນເຕັນໃຫຍ່ໆທີ່ເຮັດດ້ວຍຜ້າ ໜາໆ ທີ່ເຮັດດ້ວຍຂົນແບ້.</li><li>ຊາວອິດສະລາແອນຍັງອາໄສຢູ່ໃນເຕັນໃນລະຫວ່າງການຍ່າງປະມານສີ່ສິບປີຜ່ານທະເລຊາຍ ຊີນາຍ.</li><li>ອາຄານຫໍເຕັນແມ່ນປະເພດຂອງເຕັນໃຫຍ່ຫລາຍ, ມີຝາ ໜາ ເຮັດດ້ວຍຜ້າມ່ານ.</li><li>ເມື່ອອັກຄະສາວົກໂປໂລເດີນທາງໄປເມືອງຕ່າງໆເພື່ອແບ່ງປັນຂ່າວປະເສີດ, ລາວໄດ້ສ້າງກະໂຈມເພື່ອຫາເງິນເພື່ອລ້ຽງດູຕົນເອງ.</li><li>ຄຳວ່າ“ ເຕັນ” ບາງຄັ້ງໃຊ້ໃນຮູບປຽບທຽບໂດຍທົ່ວໄປເພື່ອເວົ້າເຖິງບ່ອນທີ່ປະຊາຊົນອາໄສຢູ່. ນີ້ຍັງສາມາດຖືກແປເປັນ "ເຮືອນ" ຫຼື "ທີ່ຢູ່ອາໃສ" ຫຼື "ເຮືອນ."</li></ul><p>(ເບິ່ງເພີ່ມເຕີມ: <a href="https://read.bibleineverylanguage.org/WA-Catalog/lo_tm?section=translate#figs-synecdoche" target="_blank" data-is-rc-link="" data-repo="lo_tm" data-user="WA-Catalog" data-page="translate" data-topic="figs-synecdoche" data-type="tm">figs-synecdoche</a>)</p>  
tenth	<h2 id="section">@ສວນສຶບ, @ສິບສ່ວນສິບ</h2><h3 id="section-1">ນິຍາມ</h3><p>ຄຳສັບ "ສ່ວນສິບ" ແລະ "ສິບສ່ວນສິບ" ໝາຍເຖິງ "ສິບເປີເຊັນ" ຫລື "ໜຶ່ງສ່ວນສິບສ່ວນໜຶ່ງ" ຂອງເງິນ, ຜົນລະປູກ, ສັດລ້ຽງ, ຫລືຊັບສິນອື່ນໆທີ່ມອບໃຫ້ແກ່ພຣະເຈົ້າ.</p><ul><li>ໃນພຣະຄຳພີເດີມ, ພຣະເຈົ້າໄດ້ແນະນຳຊາວອິດສະຣາເອນໃຫ້ແບ່ງສ່ວນໜຶ່ງຂອງສ່ວນສິບຂອງພວກເຂົາໃຫ້ເປັນເຄື່ອງຖວາຍບູຊາຂອບພຣະໄທ.</li><li>ເຄື່ອງຖວາຍນີ້ໃຊ້ເພື່ອສະໜັບສະໜູນຊົນເຜົ່າເລວີຜູ້ທີ່ຮັບໃຊ້ຊາວອິດສະລາເອນເປັນປະໂລຫິດແລະຜູ້ດູແລຫໍເຕັນແລະຕໍ່ມາແມ່ນວິຫານ.</li><li>ໃນພຣະຄຳພີໃໝ່, ພຣະເຈົ້າບໍ່ໄດ້ຮຽກຮ້ອງໃຫ້ມີເງິນໜຶ່ງສ່ວນສິບ, ແຕ່ພຣະອົງໄດ່ສອນໃຫ້ຜູ້ທີ່ເຊື່ອໄດ້ຖວາຍໜຶ່ງສ່ວນສິບຢ່າງໃຈກວ້າງຂວາງແລະໃຫ້ດ້ວຍຄວາມບິນດີ ແລະສະໜັບສະໜຸນວຽກງານຂອງຊາວຄຣິສຕຽນ.</li><li>ຄຳນີ້ສາມາດແປໄດ້ວ່າເປັນ "ໜື່ງສ່ວນສຶບ" ຫຼື "ສຶບເອົາອອກມາໜື່ງ".</li></ul>  
tent of meeting	<h2 id="section">@ເຕັນປະຊຸມ</h2><h3 id="section-1">ນິຍາມ</h3><p>ຄຳວ່າ“ເຕັນປະຊຸມ” ໝາຍເຖິງຫໍເຕັນເຊິ່ງເປັນສະຖານທີ່ຊົ່ວຄາວທີ່ພຣະເຈົ້າພົບກັບໂມເຊກ່ອນທີ່ຫໍເຕັນຈະຖືກສ້າງຂຶ້ນ.</p><ul><li>ເຕັນປະຊຸມໄດ້ຖືກຈັດຕັ້ງຢູ່ນອກຄ້າຍຂອງຊາວອິດສະລາເອນ.</li><li>ເມື່ອໂມເຊໄດ້ໄປທີ່ຫໍເຕັນເພື່ອເຂົ້າເຝົ້າພຣະເເຈົ້າ, ເສົາເມກຈະປະກົດຢູ່ໜ້າເຕັນ ສະແດງໃຫ້ເຫັນເຖືງການປະທັບຂອງພຣະເຈົ້າ.</li><li>ຫລັງຈາກທີ່ຄົນອຶດສະຣາເອນໄດ້ສ້າງຫໍເຕັນຂື້ນ ເຕັນຊົ່ວຄາວກໍ່ບໍ່ຈຳເປັນອີກຕໍ່ໄປ "ເຕັນປະຊຸມ" ໃນບາງຢ່າງກໍ່ອ້າງເຖຶງຫໍເຕັນ.</li></ul>  
terah	<h2 id="section">@ເທລາ</h2><h3 id="section-1">ຂໍ້ເທັດຈິງ</h3><p>ເທລາເປັນເຊື່ອສາຍຂອງເຊມລູກຊາຍຂອງໂນອາ, ລາວເປັນບຶດາຂອງອັບຣາມ, ນາໂຮແລະຮາຣານ.</p><ul><li>ເທລາໄດ້ອອກຈາກບ້ານຂອງລາວໃນເມື່ອງເອີ ເພື່ອທີ່ຈະໄປແຜ່ນດຶນການາອານກັບລູກຊາຍຂອງລາວ, ແລະໂລດຫລານຊາຍຂອງລາວແລະຊາຣາເມຍຂອງອັບຣາມ.</li><li>ໃນລະຫວ່າງທາງໄປການາອານເທລາແລະຄອບຄັວຂອງລາວໄດ້ອາໃສຢູ່ຫລາຍປີໃນເມືອງຮາລານໃນເມໂສໂປເຕເມຍ. ເທລາເສຍຊີວຶດໃນເມືອງຮາລານເມື່ອອາຍຸ205ປີ.</li></ul>  
terror	<h2 id="section">@ຄວາມສະທ້ານຢ້ານກົວ, @ຢ້ານກົວ</h2><h3 id="section-1">ນິຍາມ</h3><p>ຄຳວ່າ "ຄວາມສະທ້ານຢ້ານກົວ" ໝາຍເຖິງຄວາມຮູ້ສຶກຢ້ານກົວທີ່ສຸດ. ການ“ ຢ້ານກົວ” ຜູ້ໃດຜູ້ໜຶ່ງໝາຍຄວາມວ່າເຮັດໃຫ້ຄົນນັ້ນຮູ້ສຶກຢ້ານຫຼາຍ.</p><ul><li>"ຄວາມຢ້ານກົວ" (ຫຼື "ຄວາມສະທ້ານຢ້ານກົວ") ແມ່ນບາງສິ່ງບາງຢ່າງຫຼືຄົນທີ່ກໍ່ໃຫ້ເກີດຄວາມຢ້ານກົວຫລືຢ້ານກົວທີ່ຍິ່ງໃຫຍ່. ຕົວຢ່າງຂອງການກໍ່ການຮ້າຍອາດເປັນການໂຈມຕີກອງທັບຂອງສັດຕູ ຫລື ໄພພິບັດ ຫລື ພະຍາດທີ່ແຜ່ລາມໄປທົ່ວ, ເຮັດໃຫ້ມີຄົນເສຍຊີວິດ.</li><li>ຄວາມຫນ້າຢ້ານເຫຼົ່ານີ້ສາມາດຖືກອະທິບາຍວ່າ "ເປັນຕາຢ້ານ." ຄຳສັບນີ້ອາດຈະຖືກແປເປັນ "ການສ້າງຄວາມຢ້ານກົວ" ຫຼື "ການຜະລິດກໍ່ການຮ້າຍ".</li><li>ມື້ໜຶ່ງ ການພິພາກສາຂອງພຣະເຈົ້າຈະເຮັດໃຫ້ເກີດຄວາມຢ້ານກົວໃນຄົນທີ່ບໍ່ກັບໃຈ ຜູ້ທີ່ປະຕິເສດພຣະຄຸນຂອງພຣະອົງ.</li><li>"ຄວາມຢ້ານກົວຂອງ ຢາເວ" ສາມາດຖືກແປເປັນ, "ການມີຫນ້າຢ້ານກົວຂອງ ຢາເວ" ຫຼື "ການພິພາກສາທີ່ຫນ້າຢ້ານກົວຂອງ ຢາເວ" ຫຼື "ເມື່ອ ຢາເວ ເຮັດໃຫ້ຄວາມຢ້ານກົວທີ່ຍິ່ງໃຫຍ່."</li><li>ວຶທີການແປທີ່ຈະແປ "ຄວາມສະທ້ານຢ້ານກົວ" ສາມາດແປໄດ້ວ່າ "ຄວາມຢ້ານຢ່າງສຸດຂຶດ" ຫຼື "ຄວາມໜ້າກົວທີ່ສຸດ".</li></ul>  
test	<h2 id="section">@ການທົດສອບ</h2><h3 id="section-1">ນິຍາມ</h3><p>ຄຳວ່າ "ການທົດສອບ" ອ້າງເຸຖີງປະສົບການທີ່ຍາກລຳບາກຫຼືເຈັບປວດເຊິ່ງສະແດງໃຫ້ເຫັນເຖີງຈຸດແຂງແລະຈຸອ່ອນຂອງບຸກຄົນ</p><ul><li>ພຣະເຈົ້າທົດສອບຄົນ, ແຕ່ພຣະອົງບໍ່ໄດ້ລໍ້ລວງພວກເຂົາ. ແນວໃດກໍ່ຕາມຊາຕານຊັກຊວນຜູ້ຄົນໃຫ້ເຮັດບາບ.</li><li>ບາງຄັ້ງພຣະເຈົ້າໃຊ້ການທົດສອບເພື່ອເປີດເຜີຍຄວາມຜິດຂອງຄົນ. ການທົດສອບຊ່ວຍໃຫ້ບຸກຄົນຫັນໜີຈາກຄວາມບາບແລະໃກ້ຊິດກັບພະເຈົ້າ.</li><li>ຄຳແລະໂລຫະອື່ນໆຖືກທົດສອບດ້ວຍໄຟເພື່ອຮູ້ວ່າມັນມີຄວາມບໍລິສຸດແລະແຂງແຮງດີປານໃດ. ນີ້ແມ່ນພາບທີ່ພຣະເຈົ້າໃຊ້ສະພາບການທີ່ເຈັບປວດເພື່ອທົດສອບປະຊາຊົນຂອງພຣະອົງ.</li><li>ເພື່ອ "ທົດສອບ" ສາມາດໝາຍວ່າ, "ທ້າທາຍບາງຢ່າງຫຼືບາງຄົນເພື່ອພິສູດຄຸນຄ່າຂອງມັນ."</li><li>ໃນແງ່ຂອງການທົດລອງພຣະເຈົ້າ, ມັນໝາຍຄວາມວ່າຈະບໍ່ເຊື່ອຟັງພຣະອົງ, ໃຊ້ປະໂຫຍດຈາກຄວາມເມດຕາຂອງພຣະອົງ.</li><li>ພຣະເຢຊູບອກຊາຕານວ່າການທົດລອງພຣະເຈົ້າບໍ່ຖືກຕ້ອງ. ພະອົງເປັນພຣະເຈົ້າຜູ້ມີລິດທານຸພາບສູງສຸດ, ບໍລິສຸດທີ່ສູງກວ່າທຸກສິ່ງທຸກຢ່າງແລະທຸກຄົນ.</li></ul><h3 id="section-2">ຄຳແນະນຳໃນການແປ</h3><ul><li>ຄຳວ່າ "ທົດສອບ"ສາມາດແປໄດ້ວ່າ "ທ້າທາຍ" ຫຼື "ເຮັດໃຫ້ເກິດປະສົບການທີ່ຍາກລຳບາກ"ຫຼື "ພິສູດ".</li><li>ວິທີການແປ "ການທົດສອບ" ສາມາດເປັນ "ຄວາມທ້າທາຍ" ຫຼື "ປະສົບການທີ່ຫຍຸ້ງຍາກລຳບາກ".</li><li>"ທຳການທົດສອບ" ສາມາດແປວ່າ "ທົດສອບ" ຫຼື "ການເຮັດໃຫ້ມີຄວາມທ້າທາຍ" ຫຼື "ບັງຄັບເພື່ອພິສູດຕົນເອງ".</li><li>ໃນແງ່ຂອງການທົດລອງພຣະເຈົ້າ, ສິ່ງນີ້ສາມາດແປເປັນ "ພະຍາຍາມບັງຄັບໃຫ້ພຣະເຈົ້າພິສູດຄວາມຮັກຂອງພຣະອົງ."</li><li>ໃນບາງສະພາບການ, ຄຳວ່າ "ທົດສອບ" ສາມາດໝາຍຄວາມວ່າ "ລໍ້ລວງ".</li></ul>  
testimony	<h2 id="section">@ປະຈັກພະຍານ,ເປັນພະຍານ</h2><h3 id="section-1">ນິຍາມ</h3><p>ຄຳວ່າ "ປະຈັກພະຍານ" ແລະ "ພະຍານ" ແມ່ນການເວົ້າກ່ຽວກັບບາງສິ່ງບາງຢ່າງທີ່ຄົນໜຶ່ງຮູ້ວ່າເປັນຄວາມຈິງ.</p><ul><li>ປົກກະຕິແລ້ວບຸກຄົນໃດຫນຶ່ງ "ເປັນພະຍານ" ກ່ຽວກັບບາງສິ່ງບາງຢ່າງທີ່ລາວໄດ້ປະສົບໂດຍກົງ.</li><li>ພະຍານທີ່ໃຫ້ "ການເປັນພະຍານບໍ່ຈິງ" ບໍ່ໄດ້ເວົ້າຄວາມຈິງກ່ຽວກັບສິ່ງເກິດຂື້ນ.</li><li>ບາງຄັ້ງຄຳວ່າ "ປະຈັກພະຍານ" ອ້າງເຖີງຄຳປະກາດພຣະຄຳແລະຜູ້ປະກາດພຣະຄຳ.</li><li>ໃນພຣະຄຳພີໃໝ່ ຄຳນີ້ມັກໃຊ້ອ້າງເຖິງຜູ້ຕຶດຕາມຂອງພຣະເຢຊູເຈົ້າໄດ້ເປັນພະຍານເຖິງເຫດການທີ່ເກຶດຂື້ນໃນຊີວຶດ ຄວາມຕາຍແລະການຄືນຈາກຕາຍຂອງພຣະເຢຊູເຈົ້າ.</li></ul><h3 id="section-2">ຄຳແນະນຳໃນການແປ</h3><ul><li>ຄຳວ່າ "ເປັນພະຍານ" ຫຼື "ໃຫ້ການເປັນພະຍານ" ສາມາດແປວ່າ "ບອກຂໍ້ແທ້ຈິງ" ຫຼື "ບອກສິ່ງທີ່ໄດ້ເຫັນຫຼືໄດ້ຍິນ" ຫຼື "ບອກເລົ່າຈາກປະສົບການສ່ວນຕັວ" ຫຼື "ໃຫ້ຫລັກຖານ" ຫຼື "ບອກສິ່ງທີ່ໄດ້ເກິດຂື້ນ".</li><li>ວິທີການແປ "ການເປັນພະຍານ" ສາມາດລວມເຖິງ "ລາຍງານວ່າເກິດສິ່ງໃດຂື້ນ" ຫຼື "ຄຳຖະແຫລ່ງວ່າອັນໃດເປັນຄວາມຈິງ" ຫຼື "ຫລັກຖານ" ຫຼື"ສິ່ງທີ່ໄດ້ຮັບການເວົ້າ" ຫຼື "ຄຳທຳນວາຍ".</li><li>ປະໂຫຍກທີ່ວ່າ, "ເປັນປະຈັກພະຍານຕໍ່ພວກເຂົາ" ສາມາດຖືກແປເປັນ, "ເພື່ອສະແດງໃຫ້ພວກເຂົາເຫັນສິ່ງທີ່ເປັນຄວາມຈິງ" ຫຼື "ເພື່ອພິສູດໃຫ້ພວກເຂົາຮູ້ວ່າອັນໃດແມ່ນຄວາມຈິງ."</li><li>ປະໂຫຍກທີ່ວ່າ "ເປັນພະຍານຕໍ່ຕ້ານກັບພວກເຂົາ" ອາດແປວ່າ"ເຊີງຈະສະແດງໃຫ້ພວກເຂົາເຫັນເຖິງຄວາມບາບຂອງເຂົາ" ຫຼື "ເປິດເຜີຍຄວາມໜ້າຊື່ໃຈຄົດຂອງພວກເຂົາ" ຫຼື "ເຊີ່ງຈະພຶສູດໄດ້ວ່າພວກເຂົາຜິດ".</li><li>ການ "ໃຫ້ຄຳພະຍານບໍ່ຈິງ" ສາມາດແປວ່າ "ເວົ້າເລື່ອງບໍ່ຈິງກ່ຽວກັບ" ຫຼື "ລະບຸສິ່ງທີ່ບໍ່ເປັນຈິງ".</li></ul>  
tetrarch	<h2 id="section">@ເຈົ້າເມື່ອງ</h2><h3 id="section-1">ນິຍາມ</h3><p>ຄຳວ່າ "ເຈົ້າເມື່ອງ" ອ້າງເຖີງເຈົ້າໜ້າທີ່ປົກຄອງທີ່ປົກຄອງດູແລສ່ວນໜຶ່ງຂອງອານາຈັກໂຣມ. ເຈົ້າເມື່ອງແຕ່ລະຄົນຢູ່ຟາຍໃຕ້ອຳນາດສິດຂາດຂອງຈັກກະພັດໂຣມ.</p><ul><li>ຕຳແໜ່ງ "ເຈົ້າເມື່ອງ" ມີຄວາມໝາຍວ່າ "ໜຶ່ງໃນສີ່ລວມກັນຂອງຜູ້ປົກຄອງ".</li><li>ເລິ່ມຈາກພາຍໃຕ້ຂອງຈັກກະພັດໂອຣຶຊຽນແຫ່ງໂຣມ, ມີສີ່ສ່ວນໃຫ່ຍຂອງອານາຈັກໂຣມແລະແຕ່ລະເຈົ້າເມືອງປົກຄອງໜຶ່ງສ່ວນ.</li><li>ອານາຈັກຂອງເຮໂລດ"ມະຫາລາດ" ຜູ້ເປັນກະສັດໃນເວລາທີ່ພຣະເຊູເຈົ້າຊົງບັງເກິດໄດ້ຖືກແບ່ງອອກເປັນສີ່່ສ່ວນຫລັງຈາກທ່ານໄດ້ເສຍຊີວິດແລະຖືກປົກຄອງໂດຍບັນດາລູກໆຂອງລາວເປັນ "ເຈົ້າເມືອງ" ຫຼື"ຜູ້ປົກຄອງຂອງໜຶ່ງໃນສີ່ສ່ວນ".</li><li>ແຕ່ລະສ່ວນມີສ່ວນໜຶ່ງຫຼືຫລາຍພາກສ່ວນນ້ອຍໆທີ່ເອີ້ນວ່າ"ແຂວງ" ຢ່າງເຊັ່ນກາລີເລຫຼືສະມາເຣຍ.</li><li>ຄຳວ່າ"ເຈົ້າເມື່ອງ" ສາມາດແປໄດ້ວ່າ "ຜູ້ປົກຄອງພູມມຶພາກ" ຫຼື"ຜູ້ປົກຄອງແຂວງ" ຫຼື "ຜູ້ປົກຄອງ" ຫຼື "ເຈົ້າແຂວງ"ກໍ່ໄດ້.</li></ul>  
thessalonica	<h2 id="section">@ເທສະໂລນິກກາ, @ຊ່າວເທສະໂລນຶກກາ</h2><h3 id="section-1">ຂໍ້ເທັດຈິງ</h3><p>ໃນຍຸດຂອງພຣະຄຳພີໃໝ່, ເທສະໂລນິກກາເປັນເມື່ອງຫລວງຂອງມາຊຶໂດເນຍໃນອານາຈັກໂຣມບູຮານ. ປະຊາຊົນທີ່ອາໃສ່ໃນເມື່ອງນັ້ນເອີ້ນວ່າ "ຊາວເທສະໂລນິກກາ".</p><ul><li>ເມືອງເທຊະໂລນີກາເປັນທ່າເຮືອທີ່ສຳຄັນແລະຍັງຕັ້ງຢູ່ແຄມຖະໜົນໃຫຍ່ທີ່ເຊື່ອມຕໍ່ເມືອງໂຣມກັບພາກຕາເວັນອອກຂອງອານາຈັກໂລມັນ.</li><li>ໂປໂລພ້ອມດ້ວຍສີລາແລະຕີໂມທຽວໄດ້ໄປຢ້ຽມຢາມເທສະໂລນີກາໃນການເດີນທາງໄປປະກາດຂ່າວປະເສີດຄັ້ງທີສອງແລະດ້ວຍເຫດນັ້ນ, ໂບດແຫ່ງໜຶ່ງໄດ້ຖືກສ້າງຕັ້ງຂຶ້ນຢູ່ທີ່ນັ້ນ. ຕໍ່ມາໂປໂລຍັງໄດ້ໄປຢ້ຽມຢາມເມືອງນີ້ໃນການເດີນທາງໄປປະກາດຂ່າວປະເສີດເປັນເທື່ອທີສາມ.</li><li>ໂປໂລຂຽນຈົດໝາຍສອງສະບັບເຖິງຄລິດສະຕຽນໃນເມືອງເທຊະໂລນີກາ. ຈົດໝາຍເຫລົ່ານີ້ (1 ເທຊະໂລນິກາແລະ 2 ເທຊະໂລນິກາ) ແມ່ນລວມຢູ່ໃນພຣະຄຳພີໃໝ່.</li></ul>  
the twelve	<h2 id="section">@ພວກສິບສອງຄົນ, @ພວກສິບເອັດຄົນ</h2><h3 id="section-1">ນິຍາມ</h3><p>ຄຳວ່າ "ພວກສິບສອງຄົນ" ອ້າງເຖິງຜູ້ຊາຍສິບສອງຄົນທີ່ພຣະເຢຊູເຈົ້າໄດ້ເລືອກໃຫ້ເປັນສາວົກທີ່ໃກ້ຊິດຂອງພຣະອົງ, ຫຼືອັກຄະສາວົກ. ຫລັ່ງຈາກທີ່ຢູດາໄດ້ຂ້າຕົວຕາຍພວກເຂົາກໍ່ຖືກເອີ້ນວ່າ "ພວກສິບເອັດຄົນ".</p><ul><li>ພຣະເຢຊູມີສາວົກອື່ນໆອີກແຕ່ຕຳແໜ່ງ "ພວກສິບສອງຄົນ" ໄດ້ສະແດງຄວາມແຕກຕ່າງແກ່ບັນດາຜູ້ທີ່ຕິດຕາມພຣະອົງຕະຫລອດສາມປີຂອງພັນທະກິດ.</li><li>ຊື່ຂອງສາວົກສິບສອງຄົນນີ້ໄດ້ຖືກລະບຸໄວ້ໃນມັດທາຍ 10, ມາຣະໂກ 3, ແລະລູກາ 6.</li><li>ບາງຄັ້ງຫລັງຈາກພຣະເຢຊູສະເດັດສູ່ສະຫວັນ "ພວກສິບເອັດຄົນ" ໄດ້ເລືອກສາວົກຊື່ມັດທິອັດໄປແທ່ນທີ່ຢູດາແລ້ວພວກເຂົາຈຶ່ງຖືກເອີ້ນວ່າ"ພວກສິບສອງຄົນ" ອີກຄັ້ງໜຶ່ງ.</li></ul><h3 id="section-2">ຄຳແນະນຳໃນການແປ</h3><ul><li>ສຳຫລັບຫລາຍພາສາອາດຊັດເຈນຫຼືເປັນທຳມະຊາດຫລາຍຂື້ນໂດຍເພິ່ມຄຳນາມແລະເວົ້າວ່າ "ອັກຄະສາວົກສິບສອງຄົນ" ຫຼື "ສາວົກສິບສອງຄົນທີ່ໃກ້ຊິດກັບພຣະເຢຊູ".</li><li>"ພວກສິບເອັດຄົນ" ສາມາດແປວ່າ "ສາວົກສິບເອັດຄົນຂອງພຣະເຢຊູທີ່່ເຫລືອຢູ່".</li><li>ການແປບາງສະບັບອາດຈະຕ້ອງການໃຊ້ຕົວອັກສອນໃຫຍ່ເພື່ອສະແດງໃຫ້ເຫັນວ່າມັນຖືກນຳໃຊ້ເປັນຫົວຂໍ້, ຄືກັບໃນ "ສິບສອງ" ແລະ "ສິບເອັດ."</li></ul>  
thief	<h2 id="section">@ຂະໂມຍ, @ພວກຂະໂມຍ, @ໂຈນ</h2><h3 id="section-1">ນິຍາມ</h3><p>ຄຳວ່າ"ຂະໂມຍ" ຫຼື "ພວກຂະໂມຍ"ອ້າງເຖິງຄົນທີ່ຂະໂມຍເງີນຫຼືຂະໂມຍຊັບສີ້ນຜູ້ອື່ນ. ຄຳວ່າ "ຂະໂມຍ" ຫລາຍຄັ້ງອ້າງເຖິງໂຈນຜູ້ທຳຮ້າຍຮ່າງກາຍຫຼືຄຸກຄາມປະຊາຊົນທີ່ພວກເຂົາກຳລັງລັກ.</p><ul><li>ພຣະເຢຊູເຈົ້າໄດ້ຊົງເລົ່າຄຳອຸປະມາຜູ້ຊາຍຊາວສະມາເຣຍຜູ້ໄດ້ເບີ່ງແຍງຜູ້ຊາຍທີ່ຖືກທຳຮ້າຍໂດຍໂຈນ .ແລະທຳຮ້າຍລາວຈົນເກີດບາດແຜ່ກ່ອນຈະຂະໂມຍເງີນແລະເສື້ອຜ້າຂອງລາວໄປ.</li><li>ທັງໂຈນແລະພວກຂະໂມຍປຸ້ນມາລັກເອົາ, ໃນເວລາທີ່ປະຊາຊົນບໍ່ຄາດຄິດ. ພວກເຂົາໃຊ້ປົກປິດຄວາມມືດເພື່ອປົກປິດສິ່ງທີ່ພວກເຂົາກຳລັງເຮັດຢູ່.</li><li>ໃນຄວາມໝາຍປຽບທຽບ, ພຣະຄຳພີໃໝ່ໄດ້ພັນລະນາເຖິງຊາຕານວ່າເປັນໂຈນທີ່ມາລັກ, ຂ້າ ແລະ ທຳລາຍ. ນີ້ໝາຍຄວາມວ່າແຜນການຂອງຊາຕານແມ່ນເພື່ອພະຍາຍາມເຮັດໃຫ້ປະຊາຊົນຂອງພຣະເຈົ້າຢຸດການເຊື່ອຟັງພຣະເຈົ້າ, ລັກຂະໂມຍສິ່ງດີໆຕ່າງໆທີ່ພຣະເຈົ້າໄດ້ວາງແຜນໄວ້ໃຫ້ພວກເຂົາປະສົບການ.</li><li>ພຣະເຢຊູຊົງປຽບທຽບການສະເດັດກັບມາແບບກະທັນຫັນເຊັ່ນດຽວກັບໂຈນມາຂະໂມຍເງີນຈາກປະຊາຊົນ ເຊັ່ນດຽວກັບໂຈນມາໃນເວລາທີ່ປະຊາຊົນບໍ່ຄາດຫວັງ, ດັ່ງນັ້ນພຣະເຢຊູຈະສະເດັດມາໃນເວລາທີ່ປະຊາຊົນບໍ່ຄາດຄິດເຊັ່ນກັນ.</li></ul>  
thomas	<h2 id="section">@ໂທມາ</h2><h3 id="section-1">ຂໍ້ເທັດຈິງ</h3><p>ໂທມາເປັນໜຶ່ງໃນສິບສອງຄົນທີ່ພຣະເຢຊູຊົງເລືອກໃຫ້ເປັນສາວົກຂອງພຣະອົງແລະຕໍ່ມາ, ຄືລາວເປັນອັກຄະສາວົກເປັນທີ່ຮູ້ຈັກໃນຖານະ"ດິໄດມັດ" ເຊິ່ງແປວ່າ "ຝາແຝດ".</p><ul><li>ໃກ້ຈະເຖິງຊ່ວງຊີວຶດຊ່ວງສຸດທ້າຍໃນຊີວິດຂອງພຣະເຢຊູ, ພຣະອົງຊົງບອກພວກສາວົກຂອງພຣະອົງວ່າພຣະອົງກຳລັງຈະຈາກໄປຢູ່ກັບພຣະບິດາແລະໄປຈັດຕຽມສະຖານທີ່ໃຫ້ກັບພວກເຂົາເພື່ອຢູ່ກັບພຣະອົງ.  ໂທມາໄດ້ທູນຖາມພຣະເຢຊູວ່າພວກເຂົາຈະຮູ້ໄດ້ຢ່າງໃດວ່າທາງທີ່ຈະໄປນັ້ນແມ່ນທາງໃດໃນເມື່ອບໍ່ຮູ້ວ່າພຣະອົງຈະໄປທາງໃດ.</li><li>ພາຍຫລັງພຣະເຢຊູສີ້ນພະຊົນແລະຊົງຄື້ນພະຊົນ  ໂທມາໄດ້ກ່າວວ່າລາວຈະບໍ່ເຊື່ອວ່າພຣະເຢຊູຊົງມີຊີວິດຢູ່ຈົນກວ່າລາວຈະໄດ້ເຫັນແລະຈັບຕ້ອງຮອຍບາດແຜທີ່ພຣະເຢຊູໄດ້ຊົງຮັບບາດເຈັບ.</li></ul>  
thorn	<h2 id="section">@ໜາມ, @ຕົ້ນໄມ້ໜາມ</h2><h3 id="section-1">ນິຍາມ</h3><p>ຕົ້ນໄມ້ທີ່ມີໜາມ ແລະ ໜາມ ແມ່ນຕົ້ນໄມ້ທີ່ມີງ່າແລະດອກໄມ້ທີ່ງອກງາມ. ພືດເຫລົ່ານີ້ບໍ່ໄດ້ອອກໝາກ ແລະສິ່ງອື່ນໆທີ່ເປັນປະໂຫຍດ.</p><ul><li>"ໜາມ" ເປັນສິ່ງແຂງຄົມ ທີ່ເກີດເທີງກິ່ງຫຼືຕົ້ນຂອງຕົ້ນໄມ້  "ຕົ້ນໄມ້ທີ່ມີໜາມ" ເປັນຕົ້ນໄມ້ຂະນາດນ້ອຍຊະນິດໜຶ່ງຫຼືໄມ້ພຸ່ມທີ່ມີໜາມຫລາຍຕາມກິ່ງກ້ານຂອງມັນ.</li><li>"ພືດໜາມ" ເປັນພືດທີ່ລຳຕົ້ນແລະໃບເຕັມໄປດ້ວຍໜາມ ດອກມັກຈະເປັນສີມ່ວງ.</li><li>ໜາມແລະຕົ້ນໜາມເປັນພືດທີ່ຈະເລີນເຕີບໂຕຢ່າງໄວວາແລະເປັນເຫດບໍ່ສາມາດໃຫ້ພືດອື່ນໆຈະເລີນເຕີບໂຕໄດ້.  ນີ້ເປັນພາບທີ່ສະແດງໃຫ້ເຫັນວ່າບາບຈະປິດກັ້ນບໍ່ໃຫ້ຜູ້ເຊື່ອເກີດຜົນທາງຈິດວິນຍານທີ່ດີ.</li><li>ມຸງກຸດທີ່ເຮັດຈາກໜາມແຫລມບິດເປັນກຽວທີ່ສວມເທີງຫົວຂອງພຣະເຢຊູກ່ອນທີ່ພຣະອົງຈະຖືກຕອກຄຶງເທີງໄມ້ກາງແຂນ.</li><li>ຖ້າເປັນໄປໄດ້ຄຳເຫລົ່ານີ້ຄວນແປໂດຍຊື່ຂອງພຶດສອງຊະນິດທີ່ແຕກຕ່າງກັນຫລືພຸມໄມ້ທີ່ເປັນທີ່ຮູ້ຈັກໃນພາສາທ້ອງຖິ່ນ.</li></ul><p>່</p>  
thresh	<h2 id="section">@ຟາດ, @ການຟາດ</h2><h3 id="section-1">ນິຍາມ</h3><p>ຄຳວ່າ "ຟາດ" ແລະ "ການຟາດ" ໝາຍເຖິງສ່ວນໜຶ່ງຂອງຂະບວນການແຍກເມັດເຂົ້າສາລີອອກຈາກສ່ວນທີ່ເຫລືອຂອງພືດເຂົ້າສາລີ.</p><ul><li>ການຟາດເຂົ້າສາລີຈະເຮັດໃຫ້ເມັດພືດຫລຸດອອກຈາກເຟືອງແລະຂີ້ເຫຍື່ອ. ຫລັງຈາກນັ້ນເມັດແມ່ນ "ຮ່ອນ" ເພື່ອແຍກເມັດອອກຈາກວັດຖຸທີ່ບໍ່ຕ້ອງການທັງໝົດ, ໂດຍປະໄວ້ພຽງແຕ່ສ່ວນເມັດທີ່ສາມາດກິນໄດ້.</li><li>ໃນສະໄໝພຣະຄຳພີ "ລານຟາດເຂົ້າ" ເປັນພື່ນທີ່ທີ່ເປັນຫີນລາບໃຫຍ່ຫຼືທາດ້ວຍຂີ້ຕົມເພື່ອໃຫ້ພື້ນແຂງເພື່ອຟາດເມັດເຂົ້າໃຫ້ຫລຸດຈາກຕົ້ນເຂົ້າ.</li><li>ບາງຄັ້ງ“ ກວຽນນວດເຂົ້າ” ຫລື“ ລໍ້ຟາດເຂົ້າ” ແມ່ນບາງຄັ້ງໃຊ້ເພື່ອທຳລາຍເມັດພືດແລະຊ່ວຍແຍກມັນອອກຈາກເຟືອງແລະ ຂີ້ແກບ.</li><li>"ລໍ້ເລື່ອນຟາດເຂົ້າ" ຫຼື "ກະດານຟາດເຂົ້າ"ໃຊ້ເພື່ອແຍກເມັດເຂົ້າອອກ. ເຄື່ອງນີ້ເຮັດຈາກໄມ້ກະດານທີ່ມີເຫລັກແຫລມທີ່ປາຍ.</li></ul>  
threshold	<h2 id="section">@ປາກປະຕູ</h2><h3 id="section-1">ນິຍາມ</h3><p>ຄຳວ່າ "ປາກປະຕູ" ອ້າງເຖີງສ່ວນທາງລຸ່ມຂອງປະຕູທາງເຂົ້າ ຫຼືສ່ວນໜຶ່ງຂອງອາຄານທີ່ຢູ່ຂ້າງໃນປະຕູ.</p><ul><li>ບາງເທື່ອປາກປະຕູເປັນໄມ້ທ່ອນຫຼືຫີນທີ່ຕ້ອງຍ່າງຂ້າມເພື່ອຈະເຂົ້າຫ້ອງຫຼືເຂົ້າໄປໃນອາຄານ.</li><li>ທັ້ງປະຕູຮົ້ວແລະປະຕູເຂົ້າເຕັນກໍ່ສາມາດຈະມີປາກປະຕູ.</li><li>ຄຳສັບນີ້ຄວນຈະຖືກແປດ້ວຍຄຳສັບໃນພາສາຂອງໂຄງການເຊິ່ງ ໝາຍເຖິງສະຖານທີ່ທີ່ທາງເຂົ້າເຮືອນທີ່ບຸກຄົນໃດໜຶ່ງຂ້າມໄປ.</li><li>ຖ້າບໍ່ມີຄຳນີ້ "ປາກປະຕູ" ກໍ່ສາມາດແປວ່າ "ທາງເຂົ້າປະຕູ" ຫຼື "ການເປີດ" ຫຼື "ທາງເຂົ້າ" ແລ້ວແຕ່ຊ່ວງເວລາ.</li></ul>  
throne	<h2 id="section">@ບັນລັງ</h2><h3 id="section-1">ນິຍາມ</h3><p>ບັນລັງເປັນຕັ່ງທີ່ຖືກອອກແບບເປັນພິເສດທີ່ພະມາຫາກະສັດນັງຢູ່ເພື່ອຕັດສິນເລື່ອງທີ່ສຳຄັນແລະຮັບຟັງຄຳຮຽກຮ້ອງຈາກປະຊາຊົນຂອງພຣະອົງ.</p><ul><li>ບັນລັງເປັນສັນຍາລັກຂອງສິດທິອຳນາດທີ່ເດັດຂາດແລະອຳນາດທີ່ກະສັດຊົງມີ.</li><li>ຄຳວ່າ "ບັນລັງ" ມັກໃຊ້ເປັນພາບປຽບທຽບເພື່ອອ້າງເຖີງກະສັດລາດສະໄໝຂອງພຣະອົງ ຫຼືອຳນາດຂອງພຣະອົງ. (ເບິ່ງເພີມເຕີມ : <a href="https://read.bibleineverylanguage.org/WA-Catalog/lo_tm?section=translate#figs-metonymy" target="_blank" data-is-rc-link="" data-repo="lo_tm" data-user="WA-Catalog" data-page="translate" data-topic="figs-metonymy" data-type="tm">figs-metonymy</a>)</li><li>ໃນພຣະຄຳພີ,ພຣະເຈົ້າມັກຈະມີພາບວ່າຊົງເປັນກະສັດທີ່ປະທັບເທີງພະທີ່ນັ່ງຂອງພຣະອົງ.  ພຣະເຢຊູໄດ້ຮັບການອະທິບາຍວ່າປະທັບຢູ່ເທີງບັນລັງຂ້າງຂວາມືຂອງພຣະບິດາ.</li><li>ພຣະເຢຊູກ່າວວ່າສະຫວັນຄືບັນລັງຂອງພຣະເຈົ້າ.  ວິທີໜຶ່ງທີ່ແປຄຳນີ້ສາມາດແປວ່າ "ໃນສະຖານທີ່ທີ່ພຣະເຈົ້າຊົງປົກຄອງຢ່າງກະສັດ".</li></ul>  
time	<h2 id="section">@ເວລາ</h2><h3 id="section-1">ນິຍາມ</h3><p>ໃນພຣະຄໍາພີ ຄຳວ່າ "ເວລາ" ມັກໃຊ້ເປັນສັນຍະລັກໃນການອ້າງອີງເຖິງລະດູການ ຫລື ຊ່ວງເວລາສະເພາະເຈາະຈົ່ງທີ່ເຫດການຕ່າງໆ ໄດ້ເກີດຂຶ້ນ. ມີຄວາມຫມາຍຄ້າຍກັບ "ສະໄໝ" ຫລື "ຍຸກ" ຫລື "ລະດູ."</p><ul><li>ທັງດານີເອນແລະພຣະທຳພຣະນິມິດໄດ້ກ່າວເຖິງ "ເວລາ" ທີ່ມີຄວາມຫຍຸ້ງຍາກໃຫຍ່ຫລວງຫລືຄວາມທຸກຍາກລຳບາກທີ່ຈະເກີດຂຶ້ນເທິງແຜ່ນດິນໂລກ.</li><li>ໃນຄຳວ່າ "ເວລາ, ເວລາຫລາຍ, ແລະເຄິ່ງໜຶ່ງຂອງເວລາ" ຄຳວ່າ "ເວລາ" ໝາຍເຖິງ "ປີ" ຄຳນີ້ໝາຍເຖິງໄລຍະເວລາສາມປີເຄິ່ງໃນຊ່ວງເວລາທີ່ມີຄວາມທຸກຍາກລຳບາກຄັ້ງໃຫຍ່ໃນຕອນທ້າຍຂອງຍຸກນີ້.</li><li>ຄຳວ່າເຊັ່ນ "ເວລາເທື່ອທີສອງ" ຫລື "ຫລາຍໆເວລາ" ໝາຍເຖິງຈຳນວນເທື່ອທີ່ມີເຫດການບາງຢ່າງໄດ້ເກີດຂຶ້ນ.</li><li>ການ "ໃຫ້ທັນເວລາ" ໝາຍເຖິງການມາເຖິງຕາມຄາດໝາຍ, ແລະບໍ່ລ່າຊ້າ.</li><li>ຂຶ້ນຢູ່ກັບຊ່ວງເວລາ,  ຄຳວ່າ "ເວລາ" ສາມາດຈະແປວ່າ "ລະດູ" ຫລື "ຊ່ວງແຫ່ງເວລາ,"  ຫລື "ຊ່ວງເວລາ" ຫລື "ເຫດການ" ຫລື "ສິ່ງທີ່ໄດ້ປາກົດ."</li><li>ຄຳເວົ້າທີ່ວ່າ "ເວລາແລະລະດູການ" ເປັນຄຳກ່າວເຊິ່ງປຽບທຽບ ເຊິ່ງກ່າວເຖິງຄວາມຄິດດຽວກັນສອງຄັ້ງ.  ສິ່ງນີ້ສາມາດແປວ່າ "ເຫດການສະເພາະທີ່ເກິດຂື້ນໃນຊ່ວງເວລາສະເພາະ."  (ເບິ່ງເພີ່ມເຕີມ : <a href="https://read.bibleineverylanguage.org/WA-Catalog/lo_tm?section=translate#figs-doublet" target="_blank" data-is-rc-link="" data-repo="lo_tm" data-user="WA-Catalog" data-page="translate" data-topic="figs-doublet" data-type="tm">figs-doublet</a>)</li></ul>  
timothy	<h2 id="section">@ຕີໂມທຽວ</h2><h3 id="section-1">ຂໍ້ເທັດຈິງ</h3><p>ຕີໂມທຽວເປັນຊາຍໜຸ່ມຈາກເມືອງລີສະຕຣາທີ່ໄດ້ກາຍເປັນຜູ້ເຊື່ອໃນພຣະຄຣິດອັນເປັນຜົນມາຈາກການພັນທະກິດຂອງໂປໂລໃນເມືອງຂອງລາວ. ຫລັງຈາກນັ້ນລາວໄດ້ເຂົ້າຮ່ວມກັບໂປໂລໃນການເດີນທາງຮ່ວມພັນທະກິດຫລາຍເທື່ອແລະຊ່ວຍລ້ຽງດູຫລາຍຊຸມຊົນຂອງຜູ້ເຊື່ອໃໝ່.</p><ul><li>ພໍ່ຂອງຕີໂມທຽວເປັນຊາວກຣີກ, ແຕ່ແມ່ເຖົ້າທັງສອງຄື ລູອິດແລະແມ່ຢູນິຊຂອງລາວເປັນຊາວຢິວແລະເປັນຜູ້ທີ່ເຊື່ອໃນພຣະຄຣິດ.</li><li>ຜູ້ອາວຸໂສທັງຫລາຍແລະໂປໂລໄດ້ແຕ່ງຕັ້ງຕີໂມທຽວຢ່າງເປັນທາງການໃຫ້ໂດຍການວາງມືລົງເທິງລາວແລະອະທິຖານເພື່ອລາວ.</li><li>ຫນັງສືສອງເຫລັ້ມໃນພຣະຄຳພີໃໝ່ (1 ຕີໂມທຽວແລະ 2 ຕີໂມທຽວ) ເປັນຈົດຫມາຍທີ່ຂຽນຂຶ້ນໂດຍໂປໂລໃຫ້ຄຳແນະນຳແກ່ຕີໂມທຽວໃນຖານະຜູ້ນຳທີ່ໜຸ່ມແໜ້ນຂອງຄຣິດສະຈັກທ້ອງຖິ່ນຫລາຍແຫ່ງ.</li></ul>  
tirzah	<h2 id="section">@ຕິຣະຊາ</h2><h3 id="section-1">ຂໍ້ເທັດຈິງ</h3><p>ຕິຣະຊາ ເປັນເມືອງຂອງຊາວການາອານທີ່ສຳຄັນເມືອງໜຶ່ງທີ່ອິດສະຣາເອນມີໄຊຊະນະເໜືອເມືອງນີ້.  ໄດ້ຊື່ມາຈາກບຸດສາວຂອງກິເລອາດ, ເຊື້ອສາຍຂອງມານາເຊ.</p><ul><li>ເມືອງຕິຣະຊາ ຕັ້ງຢູ່ໃນຂົງເຂດທີ່ຄອບຄອງໂດຍເຜົ່າມານາເຊ.  ຄິດກັນວ່າເມືອງນີ້ມັນຢູ່ຫ່າງ 10 ໄມໄປທາງເຫນືອຂອງເມືອງເຊເຄມ.</li><li>ຫລາຍປີຕໍ່ມາ,  ຕິຣະຊາໄດ້ກາຍເປັນເມືອງຫລວງຊົ່ວຄາວຂອງອານາຈັກອິດສະຣາເອນທາງເຫນືອ, ສະໄໝການປົກຄອງຂອງກະສັດສີ່ພຣະອົງຂອງອິດສະຣາເອນ.</li><li>ຕິຣະຊາ ຍັງເປັນຊືື່ຂອງຫລານສາວຄົນກົກຂອງມານາເຊຄົນໜຶ່ງທີ່ຂໍແບ່ງສ່ວນຫນຶ່ງຂອງແຜ່ນດິນ,  ເນື່ອງຈາກພວກເຂົາບໍ່ມີພີ່ນ້ອງທີ່ເປັນຜູ້ຊາຍທີ່ຈະໄດ້ຮັບມໍລະດົກຕາມປະເພນີ.</li></ul>  
titus	<h2 id="section">@ຕີໂຕ</h2><h3 id="section-1">ຂໍ້ເທັດຈິງ</h3><p>ຕີໂຕເປັນເປັນຊາວຕ່າງຊາດທີ່ໄດ້ກາຍເປັນຜູ້ເຊື່ອໂດຍທາງພັນທະກິດຂອງອັກຄະສາວົກໂປໂລ.ທ່ານໄດ້ຮັບການຝຶກຝົນຈາກອັກຄະສາວົກໂປໂລໃຫ້ເປັນຜູ້ນຳໃນຄຣິດສະຈັກຍຸກທໍາອິດ.</p><ul><li>ຈົດຫມາຍສະບັບໜຶ່ງຂອງໂປໂລທີ່ຂຽນເຖິງຕີໂຕເປັນພຣະທຳເຫລັ້ມໜຶ່ງໃນພຣະຄຳພີໃໝ່.</li><li>ໃນຈົດໝາຍສະບັບນີ້ໂປໂລໄດ້ສອນຕີໂຕໃຫ້ເປັນຜູ້ແຕ່ງຕັ້ງຜູ້ປົກຄອງຄຣິດສະຈັກຕ່າງໆ ເທິງເກາະກະເຣເຕ.</li><li>ໃນຈົດຫມາຍສະບັບອື່ນໆ ໂປໂລໄດ້ກ່າວເຖິງຕີໂຕວ່າເປັນບາງຄົົນທີ່ສົ່ງເສີມແລະນຳຄວາມຍິນດີມາໃຫ້.</li></ul>  
tomb	<h2 id="section">@ບ່ອນຝັງສົບ,ຫລຸມຝັງສົບ,ສຸສານຝັງສົບ</h2><h3 id="section-1">ນິຍາມ</h3><p>ຄຳວ່າ "ບ່ອນຝັງສົບ" ແລະ "ຫລຸມຝັງສົບ" ໝາຍເຖິງສະຖານທີ່ທີ່ຜູ້ຄົນນຳຮ່າງຂອງບຸກຄົນທີ່ເສຍຊີວິດໄປຝັງ. "ສຸສານຝັງສົບ" ເປັນຄຳທົ່ວໄປຫລາຍກວ່າທີ່ໝາຍເຖິງບ່ອນຝັງສົບນີ້ດ້ວຍ.</p><ul><li>ຊາວຢິວບາງເທື່ອໃຊ້ຖ້ຳທຳມະຊາດເປັນບ່ອນຝັງສົບ,ແລະບາງເທື່ອກໍຂູດຖ້ຳໄວ້ໃນຫີນທີ່ດ້ານຂ້າງຂອງໂນນພູ.</li><li>ໃນສະໄໝພຣະຄຳພີໃໝ່, ມັນເປັນເລື່ອງທຳມະດາທີ່ຈະກິ້ງກ້ອນຫີນໃຫຍ່ກ້ອນໜຶ່ງຢູ່ທາງໜ້າຂອງການເປີດບ່ອນຝັງສົບເພື່ອຈະປິດມັນ.</li><li>ຖ້າຄຳເວົ້າສຳລັບບ່ອນຝັງສົບຫລືຫລຸມຝັງສົບສາມາດອ້າງເຖິງຫລຸມທີ່ຮ່າງກາຍໄດ້ວາງຢູ່ໃຕ້ພື້ນດິນແລ້ວ, ກໍມີວິທີອື່ນໃນການແປອາດລວມເຖິງ, "ຖ້ຳ" ຫລື "ຫລຸມໃນດ້ານຂ້າງຂອງໂນນພູ."</li><li>ປະໂຫບກທີ່ວ່າ "ຫລຸມຝັງສົບ" ມັກໃຊ້ໂດຍທົ່ວໄປແລະເປັນທຳນອງປຽບທຽບເພື່ອອ້າງເຖິງສະພາບຂອງການຕາຍຫລືສະຖານທີ່ທີ່ດວງວິນຍານທັງຫລາຍຂອງຄົນຕາຍຢູ່.</li></ul>  
tongue	<h2 id="section">@ລີ້ນ</h2><h3 id="section-1">ນິຍາມ</h3><p>ໃນພຣະຄໍາພີ  ມີຄວາມຫມາຍທີ່ເປັນທຳນອງປຽບທຽບຂອງ "ລິ້ນ" ຫລາຍຢ່າງ.</p><ul><li>ໃນພຣະຄໍາພີ,ຄວາມໝາຍເຊີງປຽບທຽບທີ່ໃຊ້ກັນຫລາຍທີ່ສຸດສຳລັບຄຳນີ້ຄື "ພາສາ" ຫລື "ຄຳເວົ້າ."</li><li>ບາງເທື່ອ "ລິ້ນ" ອາດອ້າງເຖິງພາສາມະນຸດທີ່ເວົ້າກັນໂດຍສະເພາະກຸ່ມທີ່ແນ່ນອນ.</li><li>ບາງເທື່ອຄຳນີ້ອາດອ້າງເຖິງພາສາເໜືອທຳມະຊາດທີ່ພຣະວິນຍານບໍລິສຸດປະທານໃຫ້ແກ່ຜູ້ເຊື່ອໃນພຣະເຢຊູເຊັ່ນເປັນ "ຂອງປະທານຝ່າຍວິນຍານ."</li><li>ຄຳກ່າວວ່າ, "ລິ້ນ" ຂອງໄຟໝາຍເຖິງ "ເປວ" ຂອງໄຟ.</li><li>ໃນສຳນວນທີ່ວ່າ "ລີ້ນຂອງຂ້ອຍດີໃຈ," ຄຳວ່າ "ລີ້ນ" ໝາຍເຖິງຄົນທັງໝົດ.(ເບິ່ງເພີ່ມເຕີມ: <a href="https://read.bibleineverylanguage.org/WA-Catalog/lo_tm?section=translate#figs-synecdoche" target="_blank" data-is-rc-link="" data-repo="lo_tm" data-user="WA-Catalog" data-page="translate" data-topic="figs-synecdoche" data-type="tm">figs-synecdoche</a>)</li><li>ຄຳວ່າ "ລີ້ນນອນ" ໝາຍເຖິງສຽງຫລື ຄຳເວົ້າຂອງຄົນເຮົາ.(ເບິ່ງເພີ່ມເຕີມ: <a href="https://read.bibleineverylanguage.org/WA-Catalog/lo_tm?section=translate#figs-metonymy" target="_blank" data-is-rc-link="" data-repo="lo_tm" data-user="WA-Catalog" data-page="translate" data-topic="figs-metonymy" data-type="tm">figs-metonymy</a>)</li></ul><h3 id="section-2">ຄຳແນະນຳໃນການແປ</h3><ul><li>ອີງຕາມສະພາບການ, ຄຳວ່າ "ລີ້ນ" ສາມາດຖືກແປໂດຍ "ພາສາ" ຫລື "ພາສາທາງວິນຍານ." ຖ້າບໍ່ຈະແຈ້ງວ່າມັນເວົ້າເຖິງອັນໃດ, ມັນຈະດີກວ່າທີ່ຈະແປເປັນ "ພາສາ."</li><li>ເມື່ອເວົ້າເຖິງໄຟ, ຄຳ ສັບນີ້ອາດຈະຖືກແປເປັນ "ແປວໄຟ."</li><li>ສຳນວນທີ່ວ່າ "ລີ້ນຂອງຂ້ອຍຍິນດີ" ສາມາດແປວ່າ "ຂ້ອຍປິຕິຍດີແລະຍ້ອງຍໍພຣະເຈົ້າ" ຫຼື "ຂ້ອຍສັນລະເສີນພະເຈົ້າດ້ວຍຄວາມຍິນດີ."</li><li>ປະໂຫຍກ, "ລີ້ນທີ່ຕົວະ" ສາມາດຖືກແປເປັນ, "ຜູ້ທີ່ເວົ້າຕົວະ" ຫຼື "ຄົນທີ່ຕົວະ."</li><li>ປະໂຫຍກເຊັ່ນ "ກັບລີ້ນຂອງພວກເຂົາ" ສາມາດຖືກແປເປັນ "ກັບສິ່ງທີ່ພວກເຂົາເວົ້າ" ຫຼື "ໂດຍຄໍາເວົ້າຂອງພວກເຂົາ."</li></ul>  
torment	<h2 id="section">@ທຸກທໍລະມານ</h2><h3 id="section-1">ນິຍາມ</h3><p>ຄຳວ່າ "ທຸກທໍລະມານ" ອ້າງເຖິງຄວາມທຸກຍາກຢ່າງຍິ່ງ.  ການທໍລະມານບາງຄົນໝາຍເຖິງການເຮັດໃຫ້ໃຜບາງຄົນຕ້ອງທົນທຸກທໍລະມານທີ່ຊອບກະທຳດ້ວຍວິທີໂຫດຮ້າຍ.</p><ul><li>ບາງເທື່ອຄຳວ່າ "ທຸກທໍລະມານ" ອ້າງເຖິງຄວາມເຈັບປວດແລະຄວາມທຸກທໍລະມານທາງກາຍ. ຕົວຢ່າງວ່າ:ຫນັງສືພຣະນິມິດທີ່ອະທິບາຍເຖິງການທຸກທໍລະມານທາງຮ່າງກາຍທີ່ຜູ້ນະມັດການ "ສັດຮ້າຍ" ຈະໄດ້ຮັບການທຸກທໍລະມານ ໃນຕອນຍຸກສຸດທ້າຍ.</li><li>ຄວາມທຸກທໍລະມານອາດເກີດຂຶ້ນໃນຮູບແບບຂອງຄວາມທຸກທໍລະມານທາງຈິດວິນຍານແລະອາລົມຢ່າງທີ່ໂຢບໄດ້ຮັບປະສົບການ.</li><li>ຕາມພຣະທຳພຣະນິມິດ, ຄົົນທີ່ບໍ່ເຊື່ອໃນພຣະເຢຊູເປັນພຣະຜູ້ຊ່ວຍໃຫ້ພົ້ນຂອງພວກເຂົາຈະໄດ້ຮັບຄວາມທຸກທໍລະມານຊົ່ວນິລັນດອນໃນບຶງໄຟນາລົກ.</li><li>ຄຳນີ້ສາມາດແປເປັນ "ຄວາມທຸກແສນສາຫັດ" ຫລື "ເຮັດໃຫ້ຄົນຕ້ອງທົນທຸກທໍລະມານຢ່າງຫລາຍ" ຫລື "ຄວາມທຸກທໍລະມານ" ຜູ້ແປບາງຄົນອາດເພີ່ມຄໍາວ່າ "ທາງຮ່າງກາຍ" ຫລື "ທາງຈິດວິນຍານ" ເພື່ອໃຫ້ຄວາມຫມາຍຊັດເຈນຍິ່ງຂຶ້ນ.</li></ul>  
tradition	<h2 id="section">@ປະເພນີ</h2><h3 id="section-1">ນິຍາມ</h3><p>ຄຳວ່າ "ປະເພນີ" ອ້າງເຖິງຂະນົບທຳນຽມແລະການປະຕິບັດທີ່ໄດ້ຮັບການສະຫງວນຖືຮັກສາກັນມາຕາມການເວລາແລະທີ່ໄດ້ສົ່ງໄປຫາຄົນໃນລຸ້ນຕໍ່ໆໄປ.</p><ul><li>ຫລາຍເທື່ອໃນພຣະຄໍາພີ ຄຳວ່າ "ປະເພນີ" ອ້າງເຖິງຄຳສອນທັງຫລາຍແລະການປະຕິບັດຫລາຍຢ່າງທີ່ຄົນໄດ້ຖືປະຕິບັດກັນ, ແຕ່ບໍ່ແມ່ນກົດບັນຍັດຂອງພຣະເຈົ້າ.  ຄຳກ່າວວ່າ "ປະເພນີຂອງຄົນ"  ຫລືປະເພນີຂອງມະນຸດສະຊາດ" ເຮັດໃຫ້ເລື່ອງນີ້ຊັດເຈນ.</li><li>ວະລີຕ່າງໆ ເຊັ່ນ "ປະເພນີຂອງຜູ້ອາວຸໂສທັງຫລາຍ" ຫລື "ປະເພນີຂອງບັນພະບູລຸດຂອງຂ້ອຍ" ອ້າງອີງໂດຍສະເພາະເຖິງປະເພນີຂອງຊາວຢິວແລະການປະຕິບັດຕ່າງໆ ທີ່ຜູ້ນຳຊາວຢິວໄດ້ເພີ່ມເຂົ້າມາໃນບົດກົດບັນຍັດຂອງພຣະເຈົ້າຕາມການເວລາໂດຍຜ່ານທາງໂມເຊ.  ເຖິງຢ່າງນັ້ນ ປະເພນີທີ່ເພີ່ມເຂົ້າມານີ້ກໍບໍ່ໄດ້ເປັນມາຈາກພຣະເຈົ້າ,  ປະຊາຊົນຄິດວ່າພວກເຂົາຕ້ອງເຊື່ອຟັງເພື່ອຈະເປັນຄົນຊອບທຳ.</li><li>ອັກຄະສາວົກໂປໂລໄດ້ໃຊ້ຄຳສັບ "ປະເພນີ" ໃນຫລາຍທາງເພື່ອອ້າງອິງເຖິງການປະຕິບັດຂອງຄຣິດສະຕຽນທີ່ມາຈາກພຣະເຈົ້າແລະທ່ານແລະສາວົກຄົນອື່ນໆ ກໍໄດ້ສັ່ງສອນຜູ້ເຊື່ອໃໝ່.</li><li>ໃນເວລາສະໄໝໃໝ່, ມີປະເພນີຂອງຄຣິດສະຕຽນຫລວງຫລາຍທີ່ບໍ່ໄດ້ສອນໃນພຣະຄໍາພີ, ແຕ່ກໍມີຜົນເປັນທີ່ຍອມຮັບຕາມປະຫວັດສາດໃນປະເພນີແລະການປະຕິບັດເຫລົ່ານີ້.  ປະເພນີເຫລົ່ານີ້ຄວນໄດ້ຮັບການປະເມີນໃນແງ່ທີ່ວ່າພຣະເຈົ້າຊົງສອນເຮົາຫຍັງແດ່ໃນພຣະຄໍາພີ.</li></ul>  
trample	<h2 id="section">@ຢຽບຢໍ່າ</h2><h3 id="section-1">ນິຍາມ</h3><p>"ຢຽບຢ່ຳ" ໝາຍເຖິງການກ້າວໄປເຖິງບາງຢ່າງແລະບົດດ້ວຍຕີນສອງຂ້າງ.  ຄຳນີ້ໃຊ້ໃຫ້ເຫັນພາບໃນພຣະຄໍາພີເພື່ອໝາຍເຖິງ "ການທຳລາຍ" ຫລື "ປາບປາມ" ຫລື "ຈີກໜ້າ."</p><ul><li>ຕົວຢ່າງຂອງການ "ຢຽບຢ່ຳ" ຈະເປັນຢ່າງເຊັ່ນຄົນກຸ່ມໃຫຍ່ທີ່ແລ່ນຜ່ານທົ່ງຫຍ້າຈະ "ຢຽບຢ່ຳ" ຫຍ້າໃນທຸ່ງນາດ້ວຍຕີນຂອງພວກເຂົາ.</li><li>ໃນສະໄໝບູຮານ ເຫລົ້າອະງຸ່ນເຮັດໄດ້ໂດຍການຢຽບຢ່ຳຜົນອະງຸ່ນເພື່ອເອົານ້ຳຫມາກໄມ້ອອກມາ.</li><li>ບາງເທື່ອຄຳວ່າ "ຫຢຽບຢ່ຳ" ໃຊ້ໃຫ້ເຫັນພາບຄວາມຫມາຍຂອງການລົງໂທດຜູ້ອື່ນໂດຍການຫຢຽບຢ່ຳ, ປຽບທຽບກັບການຢຽບຢ່ຳໂຄນເພື່ອເຮັດລານນວດເຂົ້າ.</li><li>ຄຳວ່າ "ຢຽບຢ່ຳ" ໃຊ້ເພື່ອໃຫ້ເຫັນພາບເພື່ອສະແດງວ່າພຣະຢາເວຈະຊົງລົງໂທດປະຊາຊົນຂອງພຣະອົງສຳລັບຄວາມຍິ່ງຍະໂສແລະການກະບົດຢ່າງໃດ.</li><li>ວິທີອື່ນທີ່ "ການຢຽບຢ່ຳ" ຈະສາມາດແປໄດ້ລວມເຖິງ, "ບົດດ້ວຍຕີນ" ຫລືກະທືບດ້ວຍຕີນ" ຫລື "ຢຽບແລະບົດຂະຍີ້" ຫລື "ເຮັດໃຫ້ປົ່ນປີ້ເທິງພື້ນ."</li><li>ຂຶ້ນຢູ່ກັບບໍລິບົດ, ຄຳນີ້ສາມາດແປໂດຍບໍ່ຕ້ອງມີພາບປຽບເປັນຣູບຮ່າງເຊັ່ນ, "ທຳລາຍ" ຫລືປາບລົງ" ຫລື "ບົດຂະຍີ້" ຫລື "ລົງໂທດ" ຫລື"ປາບລົງຢ່າງສິ້ນເຊີງ.</li></ul>  
trance	<h2 id="section">@ຄວາມມຶນງົງ</h2><h3 id="section-1">ນິຍາມ</h3><p>ຄວາມມຶນງົງເປັນພາວະຂອງຈິດໃຈທີ່ບຸກຄົນຍັງຕື່ນຢູ່ ແຕ່ບໍ່ເຂົ້າໃຈເຖິງສິ່ງທີ່ຢູ່ອ້ອມຕົວເຂົາເພາະເຂົາກຳລັງເບິ່ງເຫັນແລະປະສົບກັບສິ່ງອື່ນ.</p><ul><li>ໃນພຣະຄຳພີໃໝ່, ຄຳນີ້ອະທິບາຍສະພາວະເໜືອທຳມະຊາດຂອງຈິດໃຈທີ່ເປໂຕແລະໂປໂລໄດ້ເກີດຂຶ້ນເມື່ອພຣະເຈົ້າກ່າວກັບພວກເຂົາໃນນິມິດ.</li><li>ໃນແຕ່ລະກໍລະນີ ເປໂຕແລະໂປໂລຢູ່ໃນພາວະທີ່ກຳລັງອະທິຖານເມື່ອພວກເຂົາໄດ້ຮັບສະຖານະຄວາມມຶນງົງ.</li><li>ພຣະເຈົ້າຊົງເປັນຜູ້ເຮັດໃຫ້ພວກເຂົາຕ້ອງມຶນງົງ.</li><li>ຄຳວ່າ "ມຶນງົງ" ເປັນຄຳທີ່ແຕກຕ່າງຈາກ "ນິມິດ" ຫລື "ຄວາມຝັນ" ແລະຄວນມີການແປທີ່ແຕກຕ່າງກັນ.</li><li>ຄຳກ່າວທີ່ວ່າ "ຕົກຢູ່ໃນຄວາມມຶນງົງ" ໝາຍເຖິງ "ຕົກຢູ່ໃນສະພາບນອນຫລັບທັນທີທັນໃດ " ໃນຂະນະທີ່ຍັງຕື່ນຢູ່.</li></ul>  
transgression	<h2 id="section">@ລະເມີດ,ການລ່ວງລະເມີດ</h2><h3 id="section-1">ນິຍາມ</h3><p>ຄຳວ່າ "ລະເມີດ" ແລະ "ການລ່ວງລະເມີດ" ໝາຍເຖິງການບໍ່ປະຕິບັດຕາມຄຳສັ່ງ, ກົດຫມາຍ, ຫລືຫລັກສິນລະທຳ.</p><ul><li>ຕາມການປຽບທຽບ, "ການລ່ວງລະເມີດ" ອາດກ່າວໄດ້ວ່າເປັນ "ຂ້າມເສັ້ນ," ນັ້ນຄືໄປຫລາຍກວ່າຂີດຈຳກັດ ຫລືຂອບເຂດທີ່ກຳນົດໄວ້ເພື່ອສິ່ງດີຂອງບຸກຄົນແລະບຸກຄົນອື່ນ.</li><li>ຄຳວ່າ "ລະເມີດ," "ບາບ," "ຄວາມຊັ່ວຊ້າ," ແລະ "ລ່ວງລະເມີດ" ທັງໝົດນີ້ມີຄວາມຫມາຍເຖິງການສະແດງອອກເຖິງການບໍ່ເຊື່ອຟັງຕໍ່ນໍ້າພຣະໄທຂອງພຣະເຈົ້າແລະບໍ່ເຊື່ອຟັງຄຳສັ່ງຂອງພຣະອົງ.</li></ul><h3 id="section-2">ຄຳແນະນຳໃນການແປ</h3><ul><li>"ການລະເມີດ" ສາມາດແປວ່າ "ບາບ" ຫລື "ບໍ່ເຊື່ອຟັງ" ຫລື "ກະບົດ."</li><li>ຫາກຂໍ້ຫລືຂໍ້ຄວາມໃຊ້ຄຳສອງຄຳເຊິ່ງແປວ່າ "ບາບ" ຫລື "ລະເມີດ" ຫລື "ລ່ວງເກີນ," ສິ່ງສຳຄັນຫລາຍ,  ໃຫ້ໃຊ້ວິທີຕ່າງໆໃນການແປຄຳເຫລົ່ານີ້. ເມື່ອພຣະຄໍາພີໃຊ້ຄຳສອງຄຳຂຶ້ນໄປທີ່ມີຄວາມໝາຍຄ້າຍຄືກັນໃນບໍລິບົດດຽວກັນ, ປົກກະຕິມັກມີຈຸດປະສົງເພື່ອເນັ້ນຢ້ຳເຖິງສິ່ງທີ່ກຳລັງຖືກເວົ້າເຖິງຫລືສະແດງຄວາມສຳຄັນຂອງເລື່ອງນັ້ນ.</li></ul>  
tremble	<h2 id="section">@ຕົວສັ່ນ</h2><h3 id="section-1">ນິຍາມ</h3><p>ຄຳວ່າ "ຕົວສັ່ນ" ໝາຍເຖິງການສັ່ນຫລືຕົວສັ່ນຈາກຄວາມຢ້ານຫລືຄວາມທຸກທໍລະມານຫລາຍ.</p><ul><li>ຄຳນີ້ຖືກໃຊ້ໃຫ້ເຫັນພາບທີ່ໝາຍເຖິງ "ຢ້ານຫລາຍ."</li><li>ບາງເທື່ອຄຳວ່າ "ສັ່ນສະເທືອນ" ອ້າງເຖິງສຽງສັ່ນຂອງພື້ນດິນເພາະເກີດຈາກສຽງດັງຫລາຍ.</li><li>ພຣະຄໍາພີກ່າວວ່າ ຕໍ່ພຣະພັກຂອງອົງພຣະຜູ້ເປັນເຈົ້າ  ແຜ່ນດິນໂລກຈະສັ່ນສະເທືອນ. ນັ້ນສາມາດໝາຍຄວາມວ່າຜູ້ຄົນໃນແຜ່ນດິນໂລກຈະສັ່ນຢ້ານພຣະເຈົ້າ ຫລື ແຜ່ນດິນໂລກຈະສັ່ນເອງ.</li><li>ນີ້ສາມາດແປວ່າ "ຢ້ານ" ຫລື "ຢໍາເກງພຣະເຈົ້າ" ຫລື "ສັ່ນສະເທືອນ," ຂຶ້ນຢູ່ກັບບໍລິບົດ.</li></ul>  
trespass	<h2 id="section">@ລະເມີດ</h2><h3 id="section-1">ນິຍາມ</h3><p>ການ "ລະເມີດ" ໝາຍເຖິງການຝ່າຝືນກົດຫມາຍຫລືການລະເມີດສິດທິຂອງບຸກຄົນອື່ນ.</p><ul><li>ການລະເມີດ ສາມາດເປັນການຝ່າຝືນຈາລິຍະທຳຫລືກົດຫມາຍແພ່ງຫລືຄວາມບາບທີ່ກະທຳຕໍ່ບຸກຄົນອື່ນ.</li><li>ຄຳນີ້ກ່ຽວຂ້ອງກັບຄຳວ່າ "ບາບ," ແລະ "ລະເມີດ," ໂດຍສະເພາະຢ່າງຍິ່ງກ່ຽວຂ້ອງກັບການບໍ່ເຊື່ອຟັງພຣະເຈົ້າ.</li><li>ບາບທຸກຢ່າງລະເມີດຕໍ່ພຣະເຈົ້າ.</li></ul><h3 id="section-2">ຄຳແນະນຳໃນການແປ</h3><ul><li>ຂຶ້ນຢູ່ກັບບໍລິບົດ, "ລະເມີດ" ສາມາດແປວ່າ "ບາບຕໍ່" ຫລື "ເພື່ອທຳລາຍກົດ."</li><li>ບາງພາສາອາດມີຄຳກ່າວເຊັ່ນ "ຂ້າມເສັ້ນ" ທີ່ສາມາດໃຊ້ແປວ່າ "ການລະເມີດ" ໄດ້.</li><li>ພິຈາລະນາວ່າຄຳນີ້ເໝາະສົມກັບຄວາມໝາຍຂອງຂໍ້ຄວາມພຣະຄໍາພີ  ແລະປຽບທຽບກັບຄຳອື່ນທີ່ມີຄວາມຫມາຍຄ້າຍກັນເຊັ່ນ, "ລະເມີດ" ແລະ "ບາບ."</li></ul>  
trial	<h2 id="section">@ການທົດລອງ</h2><h3 id="section-1">ນິຍາມ</h3><p>ຄຳວ່າ "ການທົດລອງ" ອ້າງເຖິງສະຖານນະການທີ່ບາງຢ່າງຫລືບາງຄົນຖືກ"ທົດລອງ" ຫລືທົດສອບ.</p><ul><li>ການທົດລອງສາມາດເປັນການພິຈາລະນາຄະດີໃນສານເຊິ່ງມີການສົ່ງຫລັກຖານໃຫ້ພິສູດວ່າບຸກຄົນປົດຈາກຄວາມຜິດຫລືກະທຳຄວາມຜິດ.</li><li>ຄຳວ່າ "ການທົດລອງ" ຍັງອ້າງເຖິງສະຖານນະການທີ່ຍາກລຳບາກທີ່ບຸກຄົນຈະຜ່ານໄປເຊັ່ນດຽວກັບທີ່ພຣະເຈົ້າທົດສອບຄວາມເຊື່ອຂອງພວກເຂົາ. ຄຳອື່ນໆ ສຳລັບເລື່ອງນີ້ຄື "ການທົດສອບ" ຫລື "ການທົດລອງ."</li><li>ຫລາຍຄົນໃນພຣະຄໍາພີໄດ້ຮັບການທົດສອບເພື່ອເບິ່ງວ່າພວກເຂົາຍັງຄົງເຊື່ອແລະເຊື່ອຟັງພຣະເຈົ້າຕໍ່ໄປຫລືບໍ່.  ພວກເຂົາຕ້ອງຜ່ານການທົດລອງເຊິ່ງລວມເຖິງການຖືກຄ້ຽນຕີ, ການຖືກຈຳຄຸກ, ຫລືແມ່ນຖືກຂ້າຕາຍເພາະຄວາມເຊື່ອຂອງພວກເຂົາ.</li></ul>  
tribe	<h2 id="section">@ເຜົ່າ</h2><h3 id="section-1">ນິຍາມ</h3><p>ເຜົ່າເປັນກຸ່ມຄົົນທີ່ສືບເຊື້ອສາຍມາຈາກບັນພະບຸລຸດຮ່ວມກັນ</p><ul><li>ຜູ້ຄົນຈາກຊົນເຜົ່າດຽວກັນມັກໃຊ້ພາສາແລະວັດທະນະທຳຮ່ວມກັນ.</li><li>ໃນພັນທະສັນຍາເດີມພຣະເຈົ້າໄດ້ຊົງແບ່ງຊົນຊາດອິດສະຣາເອນອອກເປັນສິບສອງເຜົ່າ. ແຕ່ລະເຜົ່າສືບເຊື້ອສາຍມາຈາກບຸດຊາຍຫລືຫລານຊາຍຂອງຢາໂຄບ.</li><li>ເຜົ່າມີຂະໜາດນ້ອຍກວ່າປະເທດ ແຕ່ໃຫຍ່ກວ່າຕະກູນ</li></ul>  
tribulation	<h2 id="section">@ຄວາມທຸກທໍລະມານ</h2><h3 id="section-1">ນິຍາມ</h3><p>ຄຳວ່າ "ຄວາມທຸກທໍລະມານ" ອ້າງເຖິງເຖິງເວລາທີ່ຍາກລຳບາກ, ຄວາມທຸກທໍລະມານ,ແລະ ຄວາມທຸກລຳບາກ.</p><ul><li>ພຣະຄຳພີໃໝ່ກ່າວວ່າຄຣິດສະຕຽນຈະອົດທົນຕໍ່ຊ່ວງເວລາແຫ່ງການກົດຂີ່ຂົ່ມເຫັງແລະຄວາມທຸກທໍລະມານແບບອື່ນໆ ເພາະປະຊາຊົນຫລາຍຄົນໃນໂລກນີ້ຕໍ່ຕ້ານຄຳສອນຂອງພຣະເຢຊູ.</li><li>ພຣະຄໍາພີໃຊ້ຄຳວ່າ "ຄວາມທຸກທໍລະມານທີ່ຍິ່ງໃຫຍ່" ເພື່ອອະທິບາຍໄລຍະເວລາໜຶ່ງກ່ອນທີ່ການສະເດັດມາເທື່ອທີສອງຂອງພຣະເຢຊູເມື່ອພຣະພິໂລດຂອງພຣະເຈົ້າຈະຖືກເທລົງເທິງພື້ນໂລກເປັນເວລາຫລາຍປີ.</li><li>ຄຳວ່າ "ຄວາມທຸກທໍລະມານ" ສາມາດແປວ່າ "ຊ່ວງເວລາແຫ່ງຄວາມທຸກທໍລະມານ" ຫລື "ຄວາມທຸກທໍລະມານ" ຫລື "ບັນຫາຮ້າຍແຮງ."</li></ul>  
tribute	<h2 id="section">@ເຄື່ອງບັນນາການ</h2><h3 id="section-1">ນິຍາມ</h3><p>ຄຳວ່າ "ເຄື່ອງບັນນາການ"  ອ້າງເຖິງຂອງຂວັນຈາກຜູ້ປົກຄອງຄົນໜຶ່ງໄປຫາອີກຜູ້ປົກຄອງອີກຄົນໜຶ່ງ,ເພື່ອປະໂຫຍດໃນການປ້ອງກັນແລະຄວາມສຳພັນທີ່ດີລະຫວ່າງປະເທດຂອງພວກເຂົາ.</p><ul><li>ເຄື່ອງບັນນາການ ສາມາດເປັນການຊຳລະເງີນທີ່ຜູ້ປົກຄອງຫລືລັດຖະບານຕ້ອງການຈາກປະຊາຊົນ, ເຊັ່ນຄ່າຜ່ານທາງຫລືພາສີ.</li><li>ໃນພຣະຄໍາພີ, ການເດີນທາງຂອງກະສັດຫລືຜູ້ປົກຄອງອາດຈ່າຍເຄື່ອງບັນນາການໃຫ້ກະສັດຂອງພູມມິພາກທີ່ພວກເຂົາກຳລັງເດີນທາງຜ່ານເພື່ອໃຫ້ແນ່ໃຈວ່າພວກເຂົາຈະໄດ້ຮັບການຄຸ້ມຄອງແລະປອດໄພ.</li><li>ຫລາຍເທື່ອບັນນາການມັກຈະລວມເຖິງສິ່ງອື່ນໆ ນອກເໜືອຈາກເງີນເຊັ່ນອາຫານ, ເຄື່ອງເທດ, ເສື້ອຜ້າທີ່ຫລູຫລາ ແລະໂລຫະມີລາຄາແພງດັ່ງທອງຄໍາ.</li></ul><h3 id="section-2">ຄຳແນະນຳໃນການແປ</h3><ul><li>ຂຶ້ນຢູ່ກັບບໍລິບົດ "ເຄື່ອງບັນນາການ" ສາມາດແປເປັນ "ຂອງຂວັນຢ່າງເປັນທາງການ" ຫລື "ພາສີພິເສດ" ຫລື "ການຊຳລະເງີນຕາມທີ່ຮຽກຮ້ອງ."</li></ul>  
troas	<h2 id="section">@ເມືອງໂທອາດ</h2><h3 id="section-1">ຂໍ້ເທັດຈິງ</h3><p>ເມືອງໂທອາດເປັນເມືອງທ່າເຮືອທີ່ຕັ້ງຢູ່ທາງຝັ່ງຕະເວັນຕົກສຽງເໜືອຂອງແຂວງໂຣມັນບູຮານຂອງເອເຊຍ.</p><ul><li>ໂປໂລໄດ້ໄປຢ້ຽມເມືອງໂທອາດຢ່າງນ້ອຍສາມເທື່ອໃນລະຫວ່າງການເດີນທາງໄປຫາແຖບທີ່ຕ່າງກັນເພື່ອເທດສະໜາຂ່າວປະເສີດ.</li><li>ມີຢູ່ເທື່ອໜຶ່ງໃນເມືອງໂທອາດ,  ໂປໂລໄດ້ເທດສະໜາຢ່າງຍາວນານໄປຈົນເຖິງເວລາກາງຄືນແລະຊາຍໜຸ່ມຄົນໜຶ່ງຊື່ຢູຕີໂຂ ໄດ້ຫລັບໄປຂະນະທີ່ທ່ານນັ່ງຟັງຢູ່. ເພາະວ່າທ່ານໄດ້ນັ່ງຢູ່ໃນປ່ອງຢ້ຽມທີ່ເປີດຢູ່, ຢູຕີໂຂໄດ້ຕົກລົງມາຈາກທີ່ສູງແລະເສຍຊີວິດ. ດ້ວຍລິດອຳນາດຂອງພຣະເຈົ້າ, ໂປໂລໄດ້ຊຸກຊີວິດໃຫ້ຊາຍໜຸ່ມຄົນນີ້ກັບມາອີກຄັ້ງ.</li><li>ເມື່ອໂປໂລຢູ່ໃນກຸງໂຣມ,ທ່ານໄດ້ຂໍຕີໂມທຽວນຳມ້ວນຫນັງສືຂອງທ່ານແລະເສື້ອຄຸມຂອງທ່ານທີ່ທ່ານຖິ້ມໄວ້ໃນເມືອງໂທອາດມາດ້ວຍ.</li></ul>  
trouble	<h2 id="section">@ບັນຫາ,ຫລາຍປັນຫາ,ເປັນທຸກ</h2><h3 id="section-1">ນິຍາມ</h3><p>ຄຳວ່າ "ບັນຫາ" ໝາຍເຖິງປະສົບການໃນຊີວິດທີ່ຍາກລຳບາກແລະໜ້າວິຕົກ.  ການ "ເປັນທຸກ" ໝາຍເຖິງການຮູ້ສຶກຜິດຫວັງຫລືມີຄວາມທຸກກັບບາງສິ່ງບາງຢ່າງ.</p><ul><li>ເປັນບັນຫາ ສາມາດເປັນດ້ານຮ່າງກາຍ, ດ້ານອາລົມ, ຫລືດ້ານຈິດທີ່ທໍາຮ້າຍບຸກຄົນ.</li><li>ໃນພຣະຄໍາພີ, ຫລາຍເທື່ອບັນຫາຕ່າງໆ ມັກເປັນຊ່ວງເວລາຂອງການທົດສອບທີ່ພຣະເຈົ້າຊົງໃຊ້ເພື່ອຊ່ວຍໃຫ້ບັນດາຜູ້ເຊື່ອມີຄວາມເປັນຜູ້ໃຫຍ່ແລະເຕີບໂຕໃນຄວາມເຊື່ອຂອງພວກເຂົາ.</li><li>ໃນພຣະຄຳພີເດີມກ່າວເຖິງ  "ບັນຫາ" ອ້າງເຖິງການພິພາກສາທີ່ມາເຖິງປະເທດທີ່ຜິດສິນລະທຳແລະປະຕິເສດພຣະເຈົ້າດ້ວຍເຊັ່ນກັນ.</li><li>ການກະທຳ "ເຮັດໃຫ້ເກີດບັນຫາ" ແກ່ໃຜບາງຄົນໝາຍເຖິງ "ລົບກວນ" ບຸກຄົນນັ້ນຫລືເຮັດໃຫ້ເຂົາທຸກໃຈ.</li></ul><h3 id="section-2">ຄຳແນະນຳໃນການແປ</h3><ul><li>ຄຳວ່າ "ບັນຫາ" ຫລື "ບັນຫາຕ່າງ ໆ" ສາມາດແປວ່າ, "ອັນຕະລາຍ" ຫລື "ສິ່ງທີ່ເຈັບປວດທີ່ເກິດຂື້ນ" ຫລື "ການຂົ່ມເຫັງ" ຫລື "ປະສົບການທີ່ຍາກລຳບາກ" ຫລື "ຄວາມທຸກໃຈ."</li><li>ຄຳວ່າ "ເປັນທຸກ" ອາດແປດ້ວຍຄຳຫລືວະລີທີ່ມີຄວາມຫມາຍວ່າ, "ກຳລັງທຸກໃຈ" ຫລື "ຮູ້ສຶກຫງຸດຫງິດ" ຫລື "ກັງວົນ" ຫລື "ກັງວົນ" ຫລື "ທຸກ" ຫລື "ຢ້ານກົວ" ຫລື "ຖືກລົບກວນ."</li><li>"ຢ່າເຮັດໃຫ້ນາງລຳບາກ" ສາມາດແປວ່າ "ຢ່າລົບກວນນາງ" ຫລື "ຢ່າວິຈານນາງ."</li><li>ວະລີວ່າ "ມື້ແຫ່ງຄວາມຫຍຸ້ງຍາກ" ຫລື "ເວລາແຫ່ງຄວາມຫຍຸ້ງຍາກ" ສາມາດແປວ່າ "ເມື່ອທ່ານປະສົບກັບຄວາມທຸກ" ຫລື "ເມື່ອສິ່ງທີ່ຍາກລຳບາກເກີດຂຶ້ນກັບທ່ານ" ຫລື "ເມື່ອພຣະເຈົ້າສ້າງຄວາມທຸກຍາກໃຫ້ເກີດຂຶ້ນ."</li><li>ວິທີການແປ "ສ້າງບັນຫາ" ຫລື "ເຮັດໃຫ້ເກີດບັນຫາ" ສາມາດລວມເຖິງ "ເຮັດໃຫ້ເກີດສິ່ງທີ່ໜ້າວິຕົກເກີດຂຶ້ນ" ຫລື "ເຮັດໃຫ້ເກີດບັນຫາຕ່າງໆ " ຫລື "ເຮັດໃຫ້ພວກເຂົາໄດ້ມີປະສົບການກັບສິ່ງທີ່ຍາກລຳບາກ."</li></ul>  
true	<h2 id="section">@ຈິງ,ຄວາມຈິງ,ກາຍເປັນຈິງ</h2><h3 id="section-1">ນິຍາມ</h3><p>ຄຳວ່າ "ຈິງ" ແລະ "ຄວາມຈິງ" ອ້າງເຖິງແນວຄິດທີ່ເປັນຂໍ້ເທັດຈິງ,ເຫດການທີ່ເກິດຂື້ນຈິງ,ແລະຂໍ້ຄວາມທີ່ໄດ້ເວົ້າຈິງ.</p><ul><li>ສິ່ງທີ່ຈິງ, ເປັນຈິງ, ແທ້ຈິງ, ຖືກຕ້ອງ, ຖືກກົດຫມາຍ, ຕາມຂໍ້ເທັດຈິງ.</li><li>ຄວາມຈິງຄືຄວາມເຂົ້າໃຈ, ຄວາມເຊື່ອ, ຄວາມຈິງ,ຫລືຂໍ້ຄວາມທີ່ເປັນຄວາມຈິງ.</li><li>ຂໍ້ຄວາມວ່າ "ເປັນຈິງ" ຫລື "ໄດ້ເປັນຈິງ" ເປັນສຳນວນເຊິ່ງໝາຍຄວາມວ່າຄຳທຳນວາຍເກີດຂຶ້ນຈິງຕາມທີ່ຄາດການໄວ້.</li><li>ຄວາມຈິງທັງໝົດເຖິງແນວຄິດການສະແດງໃນແບບທີ່ເຊື່ອຖືໄດ້ແລະຊື່ສັດ.</li><li>ພຣະເຢຊູຄຣິດໄດ້ຊົງສະແດງຄວາມຈິງຂອງພຣະເຈົ້າໃນຄຳເວົ້າທີ່ພຣະອົງໄດ້ກ່າວແລ້ວ.</li><li>ພຣະຄຳຂອງພຣະເຈົ້າຄືຄວາມຈິງ.  ມັນບອກກ່ຽວກັບສິ່ງທີ່ເກີດຂື້ນຈິງແລະສອນສິ່ງທີ່ເປັນຈິງກ່ຽວກັບພຣະເຈົ້າແລະກ່ຽວກັບທຸກສິ່ງທີ່ພຣະອົງໄດ້ຊົງກະທຳ.</li></ul><h3 id="section-2">ຄຳແນະນຳໃນການແປ</h3><ul><li>ຂຶ້ນຢູ່່ກັບບໍລິບົດແລະສິ່ງທີ່ໄດ້ຮັບກ່າວເຖິງ, ຄຳວ່າ "ຈິງ" ອາດແປໂດຍ "ຈິງ" ຫລື "ຄວາມເປັນຈິງ" ຫລື "ຖືກຕ້ອງ" ຫລື "ຖືກຕ້ອງ" ຫລື "ແນ່ນອນ" ຫລື "ຂອງແທ້."</li><li>ວິທີເພື່ອແປຄຳວ່າ "ຄວາມຈິງ" ສາມາດລວມເຖິງ, "ສິ່ງທີ່ເປັນຄວາມຈິງ" ຫລື "ຄວາມເປັນຈິງ" ຫລື "ຄວາມແນ່ນອນ" ຫລື "ຫລັກການ."</li><li>ຄໍາກ່າວວ່າ "ເປັນຈິງ" ສາມາດແປວ່າ "ເກີດຂຶ້ນຈິງ" ຫລື "ສຳເລັດ" ຫລື "ເກີດຂຶ້ນຕາມທີ່ຄາດການໄວ້."</li><li>ຄຳກ່າວທີ່ວ່າ "ບອກຄວາມຈິງ" ຫລື "ເວົ້າຄວາມຈິງ" ສາມາດແປວ່າ, "ເວົ້າໃນສິ່ງທີ່ເປັນຄວາມຈິງ" ຫລື "ບອກສິ່ງທີ່ເກິດຂື້ນຈິງ" ຫລື "ເວົ້າໃນສິ່ງທີ່ເຊື່ອຖືໄດ້."</li><li>"ຍອມຮັບຄວາມຈິງ" ສາມາດແປວ່າ "ເຊື່ອໃນສິ່ງທີ່ເປັນຄວາມຈິງກ່ຽວກັບພຣະເຈົ້າ."</li><li>ໃນຄຳກ່າວເຊັ່ນ "ນະມັດສະການພຣະເຈົ້າດ້ວຍຈິດວິນຍານແລະຄວາມຈິງ" ຄຳກ່າວ "ໃນຄວາມຈິງ" ສາມາດແປໂດຍ "ເຊື່ອຟັງຢ່າງຊື່ສັດໃນສິ່ງທີ່ພຣະເຈົ້າໄດ້ຊົງສອນເຮົາແລ້ວ."</li></ul>  
trumpet	<h2 id="section">@ແກ</h2><h3 id="section-1">ນິຍາມ</h3><p>ຄຳວ່າ "ແກ" ອ້າງເຖິງເຄື່ອງມືໃນການບັນເລງດົນຕີຫລືເອີ້ນຄົນມາຊຸມນຸມກັນເພື່ອປະກາດຫລືເຮັດການປະຊຸມ.</p><ul><li>ແກໂດຍທົ່ວໄປເຮັດຈາກໂລຫະ, ເປືອກຫອຍ, ຫລືເຂົາສັດ.</li><li>ແກໄດ້ຖືກເປົ່າຫລາຍທີ່ສຸດເພື່ອເອີ້ນຄົນມາລວມກັນເພື່ອສູ້ຮົບແລະເພື່ອການຊຸມນຸມສາທາລະນະຂອງອິດສະຣາເອນ</li><li>ພຣະທຳພຣະນິມິດອະທິບາຍເຖິງສາກໃນຕອນຈົບທີ່ທູດສະຫວັນເປົ່າແກຂອງພວກເຂົາເພື່ອສົ່ງສັນຍານການເທພຣະພິໂລດຂອງພຣະເຈົ້າເທິງແຜ່ນດິນໂລກ.</li></ul>  
trust	<h2 id="section">@ໄວ້ວາງໃຈ,ເຊື່ອຖືໄດ້,ຄວາມໜ້າເຊື່ອຖື</h2><h3 id="section-1">ນິຍາມ</h3><p>ຄຳວ່າ "ໄວ້ວາງໃຈ" ອ້າງເຖິງການເຊື່ອວ່າບາງສິ່ງບາງຢ່າງຫລືບາງຄົນເປັນຄວາມຈິງຫລືເຊື່ອຖືໄດ້. ບຸກຄົນທີ່ "ໜ້າເຊື່ອຖື" ສາມາດທີ່ຈະໄດ້ຮັບການວາງໃຈເພື່ອເຮັດຫລືກ່າວສິ່ງທີ່ຖືກຕ້ອງແລະເປັນຄວາມຈິງ.</p><ul><li>ຄວາມໄວ້ວາງໃຈກ່ຽວຂ້ອງໃກ້ຊິດກັບຄວາມເຊື່ອ. ຖ້າເຮົາໄວ້ວາງໃຈໃຜຈັກຄົນ,ເຮົາກໍມີຄວາມເຊື່ອໃນບຸກຄົນນັ້ນເພື່ອເຮັດຕາມທີ່ພວກເຂົາສັນຍາຈະເຮັດ.</li><li>ການມີຄວາມໄວ້ວາງໃຈບາງຄົນໝາຍຄວາມວ່າຂຶ້ນຢູ່ກັບບຸກຄົນນັ້ນເຊັ່ນກັນ.</li><li>"ເຊື່ອໝັ້ນໃນ" ພຣະເຢຊູໝາຍຄວາມວ່າເຊື່ອວ່າພຣະອົງຊົງເປັນພຣະເຈົ້າແລະຊົງສິ້ນພຣະຊົນເທິງໄມ້ກາງແຂນເພື່ອຊຳລະບາບຂອງເຮົາແລະເພິ່ງພາພຣະອົງເພື່ອຊ່ວຍເຮົາໃຫ້ພົ້ນ.</li><li>"ຄຳເວົ້າທີ່ໜ້າເຊື່ອຖື" ອ້າງເຖິງບາງສິ່ງບາງຢ່າງທີ່ໄດ້ກ່າວໄດ້ວ່າສາມາດນັບໄດ້ວ່າເປັນຄວາມຈິງ.</li></ul><h3 id="section-2">ຄຳແນະນຳໃນການແປ</h3><ul><li>ວິທີການແປຄຳວ່າ "ໄວ້ວາງໃຈ" ສາມາດລວມເຖິງ "ເຊື່ອ" ຫລື "ມີຄວາມເຊື່ອ" ຫລື "ມີຄວາມເຊື່ອໝັ້ນ" ຫລື "ຂຶ້ນຢູ່ກັບ."</li><li>ວະລີທີ່ວ່າ "ທ່ານໄວ້ວາງໃຈໃນ" ມີຄວາມຄ້າຍຄືກັນຫລາຍໃນຄວາມໝາຍຂອງ "ໄວ້ວາງໃຈ."</li><li>ຄຳວ່າ "ເຊື່ອຖືໄດ້" ສາມາດແປເປັນ "ວາງໃຈໄດ້" ຫລື "ໜ້າໄວ້ວາງໃຈ" ຫລື "ສາມາດເຊື່ອຖືໄດ້ສະເໝີ."</li></ul>  
tubal	<h2 id="section">@ຕູບານ</h2><h3 id="section-1">ຂໍ້ເທັດຈິງ</h3><p>ມີຜູ້ຊາຍຫລາຍຄົນໃນພຣະຄຳພີເດີມທີ່ມີຊື່ວ່າ "ຕູບານ"</p><ul><li>ຜູ້ຊາຍທີ່ຊື່ວ່າຕູບານຄົນໜຶ່ງເປັນບຸດຊາຍຂອງຢາເຟດ.</li><li>ຜູ້ຊາຍທີ່ຊື່ວ່າ "ຕູບານ-ກາອິນ" ເປັນບຸດຊາຍຂອງລາເມັກ ແລະເປັນຜູ້ສືບເຊື້ອສາຍຂອງກາອິນ.</li><li>ຕູບານເປັນຊື່ຂອງປະຊາຊົນກຸ່ມໜຶ່ງທີ່ໄດ້ຮັບການກ່າວເຖິງໂດຍຜູ້ປະກາດພຣະທຳເອຊາຢາແລະເອເຊກຽນ.</li></ul>  
tunic	<h2 id="section">@ເສື້ອຄຸມຊັ້ນໃນ</h2><h3 id="section-1">ນິຍາມ</h3><p>ໃນພຣະຄໍາພີ, ຄຳວ່າ "ເສື້ອຄຸມຊັ້ນໃນ" ອ້າງເຖິງເສື້ອທີ່ສວມແນບກັບຜິວໜັງ ພາຍໃຕ້ເສື້ອອື່ນ.</p><ul><li>ເສື້ອຄຸມຊັ້ນໃນນັບຈາກໄຫລ່ທັງສອງຂ້າງລົງໄປເຖິງແອວຫລືຫົວເຂົ່າແລະປົກກະຕິຄາດດ້ວຍເຂັມຂັດ.  ເສື້ອຄຸມຊັ້ນໃນຈະນຸ່ງໂດຍຄົົນທີ່ມີຖານະຮັ່ງມີ ບາງເທື່ອຈະມີແຂນເສື້ອແລະຍາວໄປຈົນເຖິງຂໍ້ຕີນ.</li><li>ເສື້ອຄຸມຊັ້ນໃນເຮັດດ້ວຍໜັງສັດ, ຂົນສັດ, ຜ້າຂົນສັດ, ຫລືຜ້າປ່ານ, ໃຊ້ນຸ່ງໄດ້ທັງຜູ້ຊາຍແລະຜູ້ຍິງ.</li><li>ເສື້ອຄຸມຊັ້ນໃນ ປົກກະຕິຈະສວມພາຍໃຕ້ເສື້ອຄຸມຍາວຊັ້ນນອກ  ເຊັ່ນເສື້ອພວກໂລມັນຫລືເສື້ອຄຸມ.  ໃນອາກາດທີ່ອົບອ້າວ, ເສື້ອຄຸມຊັ້ນໃນຈະນຸ່ງໂດຍບໍ່ໃສ່ເສື້ອຄຸມດ້ານນອກ.</li><li>ຄຳນີ້ສາມາດແປວ່າ "ເສື້ອນອກຍາວ" ຫລືເສື້ອຄຸມຍາວ" ຫລື "ເສື້ອນອກຍາວເໝືອນເສື້ອຄຸມ"  ນີ້ສາມາດຂຽນໃນວິທີຄ້າຍກັບຄຳວ່າ "ເສື້ອຄຸມຊັ້ນໃນ"  ພ້ອມກັບຄຳອະທິບາຍວ່າເປັນເຄື່ອງແຕ່ງຕົວຊະນິດໃດ.</li></ul>  
turn	<h2 id="section">@ຫັນ,ຫັນໜີ,ຫັນກັບມາ</h2><h3 id="section-1">ນິຍາມ</h3><p>ການ "ຫັນ" ໝາຍເຖິງການປ່ຽນທິດທາງທາງກາຍະພາບຫລືເຮັດໃຫ້ເກີດສິ່ງອື່ນເພື່ອປ່ຽນທິດທາງ.</p><ul><li>ຄຳວ່າ "ຫັນ" ສາມາດໝາຍເຖິງ "ຫັນໄປອ້ອມຮອບ"  ເພື່ອແນມຂ້າງຫລັງຫລືຫັນໜ້າໄປທິດທາງທີ່ຕ່າງໄປ.</li><li>ການ "ຫັນກັບ"ຫລື "ໜີໄປ" ໝາຍຄວາມວ່າ "ກັບໄປ" ຫລື "ຈາກໄປ" ຫລື "ເຮັດໃຫ້ບາງຄົນໜີໄປ."</li><li>"ຫັນໄປຈາກ"  ສາມາດໝາຍເຖິງ "ຢຸດ" ເຮັດຫຍັງບາງຢ່າງຫລືເພື່ອປະຕິເສດບາງຄົນ.</li><li>ການ "ຫັນໄປທາງ" ບຸກຄົນໃດໆ  ໝາຍເຖິງການເບິ່ງກົງໄປທີ່ບຸກຄົນນັ້ນ.</li><li>ການ "ຫັນແລະອອກຈາກ" ຫລື "ຫັນຫລັງອອກໄປ" ໝາຍເຖິງ "ອອກໄປ."</li><li>ເພື່ອ "ຫັນກັບມາ" ໝາຍເຖິງ "ເລີ່ມເຮັດບາງສິ່ງອີກເທື່ອໜຶ່ງ."</li></ul><p>"ຫັນເຫໄປຈາກ" ໝາຍເຖິງ "ຢຸດເຮັດຫຍັງບາງຢ່າງ."</p><h3 id="section-2">ຄຳແນະນຳໃນການແປ</h3><ul><li>ຂຶ້ນຢູ່ກັບບໍລິບົດ ຄໍາວ່າ"ຫັນ" ສາມາດແປເປັນ "ປ່ຽນແປງທິດທາງ" ຫລື "ໄປ" ຫລື "ຍ້າຍ."</li><li>ໃນບາງບໍລິບົດ "ຫັນ" ສາມາດແປວ່າ "ເປັນເຫດ."</li></ul>  
tychicus	<h2 id="section">@ຕີຂີໂກ</h2><h3 id="section-1">ຂໍ້ເທັດຈິງ</h3><p>ຕີຂີໂກ ເປັນຄົນໜຶ່ງໃນເພື່ອນຜູ້ຮັບໃຊ້ຂ່າວປະເສີດຂອງໂປໂລ.</p><ul><li>ຕີຂີໂກ ຮ່ວມກັບໂປໂລຢ່າງນ້ອຍໜຶ່ງເທື່ອໃນການເດິນທາງໄປປະກາດເຜີຍແຜ່ຂອງເພິ່ນໄປທີ່ເອເຊຍ.</li><li>ໂປໂລໄດ້ອະທິບາຍເຖິງຕີຂີໂກ ວ່າ "ຜູ້ທີ່ເປັນທີ່ຮັກ" ແລະ "ຜູ້ທີ່ຊື່ສັດ."</li><li>ຕີຂີໂກ ໄດ້ນຳຈົດຫມາຍຂອງໂປໂລໄປຫາເມືອງເອເຟໂຊແລະເມືອງ ໂກໂລຊາຍ.</li></ul>  
tyre	<h2 id="section">@ເມືອງຕີເຣ,ຄົນຕີເຣ</h2><h3 id="section-1">ຂໍ້ເທັດຈິງ</h3><p>ເມືອງຕີເຣເປັນເມືອງເກົ່າແກ່ຂອງຊາວການາອານຢູ່ເທິງຊາຍຝັ່ງທະເລເມດິເຕເລນຽນ ເຊິ່ງໃນຂະນະນີ້ກໍຄືສ່ວນຫນຶ່ງຂອງປະເທດເລບານອນສະໄໝປະຈຸບັນ.  ປະຊາຊົນຂອງປະເທດນີ້ເອີ້ນວ່າ "ຄົນຕີເຣ."</p><ul><li>ສ່ວນຫນຶ່ງຂອງເມືອງຕີເຣຕັ້ງຢູ່ເທິງເກາະໃນທະເລ, ປະມານໜຶ່ງກິໂລແມັດຈາກຊາຍຝັ່ງ.</li><li>ດ້ວຍສະພາບທີ່ຕັ້ງແລະຊັບພະຍາກອນທາງທຳມະຊາດທີ່ມີຄຸນຄ່າຕ່າງໆ ເຊັ່ນຕົ້ນແປກ, ເມືອງຕີເຣຈິ່ງມີອຸດສາຫະກຳການຄ້າທີ່ຮັ່ງມີແລະຮັ່ງມີຫລາຍ.</li><li>ກະສັດຮີຣາມແຫ່ງຕີເຣໄດ້ສົ່ງໄມ້ແປກແລະຄົນງານທີ່ຊຳນານໄປກໍ່ສ້າງພະລາດຊະວັັງຂອງກະສັດດາວິດ.</li><li>ຫລາຍປີຕໍ່ມາ ຮີຣາມໄດ້ມອບໄມ້ໃຫ້ກະສັດໂຊໂລໂມນແລະຄົນງານທີ່ຊຳນານງານເພື່ອກໍ່ສ້າງພຣະວິຫານ. ໂຊໂລໂມນໄດ້ຈ່າຍໃຫ້ທ່ານດ້ວຍເຂົ້າບະເລແລະນ້ຳມັນມະກອກຈຳນວນຫລາຍ.</li><li>ເມືອງຕີເຣມັກຈະກ່ຽວຂ້ອງກັບເມືອງໄຊດອນບູຮານ ທີ່ຢູ່ໃກ້ຄຽງກັນ. ສອງເມືອງນີ້ເປັນເມືອງທີ່ສຳຄັນໃນບໍລິເວນການາອານ ທີ່ເອີ້ນວ່າໂຟນີເຊຍ.</li></ul>  
unbeliever	<h2 id="section">@ຜູ້ບໍ່ເຊື່ອ, @ບໍ່ເຊື່ອ</h2><h3 id="section-1">ນິຍາມ</h3><p>ຄຳວ່າ" ບໍ່ເຊື່ອ" ໜາຍເຖິງການບໍ່ເຊືີ່ອສິ່ງໃດຫລືບຸກຄົນໃດ.</p><ul><li>ໃນພຣະຄຳພີ," ບໍ່ເຊື່ອ" ອ້າງເຖິງການບໍ່ເຊື່ອຫລືບໍ່ວາງໃຈໃນພຣະເຢຊູ ພຣະອົງເປັນພຣະຊ່ວຍໃຫ້ລອດພົ້ນຂອງຄົນນັ້ນ.</li><li>ບຸກຄົນທີ່ບໍ່ເຊຶີ່ອໃນພຣະເຢຊູເອີ້ນວ່າ" ຜູ້ບໍ່ເຊື່ຶອ."</li></ul><h3 id="section-2">ຄຳເເນະນຳໃນການເເປ</h3><ul><li>ອີກວິທີໜຶ່ງໃນການເເປ "ບໍ່ເຊື່ຶອ "ອາດຈະລວມເຖິງການ, "ຂາດຄວາມເຊື່ອ " ຫລື" ບໍ່ເຊື່ຶອຟັງ. "</li><li>ຄຳວ່າ " ຜູ້ບໍ່ເຊື່ອຟັງ " ສາມາດເເປວ່າ " ບຸກຄົນທີ່ບໍ່ເຊື່ອໃນພຣະເຢຊູຄຣິດ " ຫລື " ບາງຄົນຊຶ່ງບໍ່ເຊື່ອໃນພຣະເຢຊູຄຣິດວ່າເປັນພຣະຜູ້ຊ່ວຍໃຫ້ລອດພົ້ນ."</li></ul>  
uncircumcised	<h2 id="section">@ບໍ່ໄດ້ຮັບພິທີຕັດ, @ບໍ່ເຂົ້າພິທີຕັດ</h2><h3 id="section-1">ນິຍາມ</h3><p>ຄຳວ່າ "ບໍ່ເຂົ້າພິທີຕັດ "ເເລະ " ການບໍ່ເຂົ້າພິທີຕັດ" ອ້າງເຖິງຜູ້ຊາຍທີ່ບໍ່ໄດ້ຮັບການເຂົ້າພິທີຕັດທາງກາຍ ຄຳເຫລົ່ານີ້ໃຊ້ເປັນເຊີງປຽບທຽບດ້ວຍ.</p><ul><li>ເອຢິບເປັນປະເທດທີ່ຕ້ອງເຂົ້າພິທີຕັດດ້ວຍ. ດັ່ງນັ້ນເມື່ອພຣະເຈົ້າກ່າວກຽ່ວກັບເອຢິບທີ່ພ່າຍເເພ້ໂດຍຜູ້ " ບໍ່ໄດ້ເຂົ້າພິທີຕັດ, " ພຣະອົງໝາຍຊົງເຖິງຄົນທີ່ຊາວເອຢິບຢຽບຫຍ່າມເພາະບໍ່ໄດ້ເຂົ້າພິທີຕັດ.</li><li>ພຣະຄຳອ້າງເຖິງຄົນທີ່ມີ " ຫົວໃຈທີ່ບໍ່ໄດ້ເຂົ້າພິທີຕັດ " ຫລືຜູ້ທີ່ " ບໍ່ເຂົ້າພິທີຕັດໃນຫົວໃຈ. " ການກ່າວເຊີງປຽບທຽບນີ້ວ່າຄົນເຫລົ່ານີ້ບໍ່ເເມ່ນຄົນຂອງພຣະເຈົ້າ, ເເລະເປັນຄົນດື້ດ້ານບໍ່ເຊື່ອຟັງພຣະອົງ.</li></ul><h3 id="section-2">ຄຳເເນະນຳໃນການເເປ</h3><ul><li>ຖ້າຄຳ"ວ່າການເຂົ້າພິທີຕັດມີການໃຊ້ຫລືເປັນທີ່ຮູ້ຈັກໃນພາສາ,  "ບໍ່ເຂົ້າພິທີຕັດ" ອາດແປວ່າ "ບໍ່ໄດ້ເຂົ້າພິທີຕັດ."</li><li>ຖ້ອຍຄຳ "ການບໍ່ເຂົ້າພິທີຕັດ" ອາດແປວ່າ "ຄົົນທີ່ບໍ່ເຂົ້າພິທີຕັດ" ຫລື "ຄົົນທີ່ບໍ່ໄດ້ເປັນຂອງພະເຈົ້າ," ຂຶ້ນຢູ່ກັບກໍລະນີ.</li><li>ວິທີອື່ນໃນການແປເຊີງປຽບທຽບຂອງຄຳນີ້ອາດລວມເຖິງ, "ບໍ່ແມ່ນຄົນຂອງພຣະເຈົ້າ" ຫລື "ເປັນກະບົດເຊັ່ນຄົົນທີ່ບໍ່ໄດ້ເປັນຂອງພະເຈົ້າ" ຫລື "ຄົົນທີ່ບໍ່ມີເຄື່ອງໝາຍຂອງການເປັນຂອງພະເຈົ້າ."</li><li>ຄໍາກ່າວທີ່ວ່າ "ບໍ່ໄດ້ເຂົ້າພິທີຕັດໃນຫັວໃຈ" ສາມາດແປວ່າ, "ກະບົດດື້ດ້ານ" ຫລື "ປະຕິເສດທີ່ຈະເຊື່ອ." ຢ່າງໃດກໍຕາມ, ຖ້າເປັນໄປໄດ້ ທາງທີ່ດີທີ່ສຸດຄວນເກັບສຳນວນຫລືຄຳທີ່ຄ້າຍຄືກັນໄວ້ເພາະການເຂົ້າພິທີຕັດທາງຈິດວິນຍານເປັນແນວຄິດທີ່ສຳຄັນ.</li></ul>  
unclean	<h2 id="section">@ເປັນມົນທິນ</h2><h3 id="section-1">ນິຍາມ</h3><p>ໃນພຣະຄຳພີ ຄຳວ່າ " ເປັນມົນທິນ " ໃຊ້ປຽບທຽບໃນການອ້າງເຖິງສິ່ງຕ່າງໆ ທີ່ພຣະເຈົ້າປະກາດວ່າບໍ່ເໜາະສົມສຳລັບຄົນຂອງພຣະອົງທີ່ຈະເເຕະຕ້ອງ, ກິນ, ຫລືຖວາຍບູຊາ.</p><ul><li>ພຣະເຈົ້າຊົງໃຫ້ຄຳເເນະນຳເເກ່ຊາວອິດສະຣາເອນວ່າສັດໂຕໃດ " ສະອາດ "ເເລະສັດໃດ " ເປັນມົນທິນ. " ສັດທີ່ເປັນມົນທິນຈະບໍ່ໄດ້ຮັບອະນຸຍາດໃຫ້ນຳມາຮັບປະທານຫລືຖວາຍບູຊາ.</li><li>ຄົນທີ່ມີໂລກຜິວໜັງບາງຢ່າງຖືກກ່າວວ່າ " ເປັນມົນທິນ " ຈົນກວ່າພວກເຂົາຈະໄດ້ຮັບການຢຽວຢາຈົນຫາຍ.</li><li>ຫາກຊາວອິດສະຣາເອນສຳພັດສິ່ງທີ່ " ເປັນມົນທິນ, " ພວກເຂົາເອງຈະຖືກພິຈະລານາວ່າເປັນມົນທິນຊົ່ວໄລຍະເວລາໜຶ່ງ.</li><li>ການເຊື່ອຟັງຄຳສັ່ງຂອງພຣະເຈົ້າກ່ຽວກັບການບໍ່ເເຕະຕ້ອງຫລືກິນສິ່ງທີ່ເປັນມົນທິນເຮັດໃຫ້ຊາວອິດສະຣາເອນເເຍກໄວ້ເພື່ອຮັບໃຊ້ພຣະເຈົ້າໂດຍສະເພາະ.</li><li>ການມີມົນທິນທາງຮ່າງກາຍເເລະພິທີການນີ້ເປັນສັນຍາລັກຂອງການມີມົນທິນທາງສິນລະທຳດ້ວຍ.</li><li>ໃນເຊີງປຽບທຽບອີກຢ່າງໜຶ່ງທີ່ວ່າເປັນ, " ວິນຍານເປີ້ອນເປີະ" ໝາຍເຖິງວິນຍານຊົ່ວຮ້າຍ.</li></ul><h3 id="section-2">ຄຳເເນະນຳໃນການເເປ</h3><ul><li>ຄຳວ່າ " ເປັນມົນທິນ " ສາມາດເເປວ່າ " ບໍ່ສະອາດ " ຫລື " ບໍ່ເໜາະສົມໃນສາຍພຣະເນດຂອງພຣະເຈົ້າ " ຫລື " ຮ່າງກາຍບໍ່ສະອາດ " ຫລື " ມົນທິນ. "</li><li>ເມືີ່ອອ້າງເຖິງຊາຕານວ່າເປັນຜີຖ່ອຍຮ້າຍ, " ເປັນມົນທິນ " ອາດຈະເເປວ່າ " ວິນຍານຊົ່ວ " ຫລື " ມົນທິນ. "</li><li>ການເເປຄຳນີ້ຈະເຮັດໃຫ້ເກີດຄວາມບໍ່ສະອາດທາງວິນຍານ. ມັນຄວນຈະສາມາດອ້າງເຖິງສິ່ງໃດກໍໄດ້ທີ່ພຣະເຈົ້າຊົງປະກາດວ່າບໍ່ເໝາະສຳລັບການສຳພັດ, ການກິນ, ຫລືການຖວາຍບູຊາ.</li></ul>  
understand	<h2 id="section">@ເຂົ້າໃຈ,  @ຄວາມສາມາດໃນການເຂົ້້າໃຈ</h2><h3 id="section-1">ນິຍາມ</h3><p>ຄຳວ່າ " ເຂົ້າໃຈ" ໝາຍເຖິງການຮັບຟັງຫລືຮັບຂໍ້ມູນເເລະຮູ້ວ່າສິ່ງນັ້ນມີຄວາມໝາຍວ່າຢ່າງໃດ.</p><ul><li>ຄຳວ່າ " ຄວາມສາມາດໃນການເຂົ້າໃຈ " ສາມາດໝາຍເຖິງ " ຄວາມຮູ້ " ຫລື " ຜູ້ມີປັນຍາ " ຫລືຄິດຈະເຮັດອີກບາງຢ່າງ.</li><li>ການເຂົ້າໃຈບາງຄົນສາມາດເເປວ່າຮູ້ວ່າບຸກຄົນນັ້ນຮູ້ສິກຢ່າງໃດດ້ວຍເຊັ່ນກັນ.</li><li>ຂະນະທີ່ກຳລັງຍ່າງໄປເອມາອູດ ພຣະເຢຊູຊົງເຮັດໃຫ້ພວກສາວົກເຂົ້າໃຈເຖິງຄວາມໝາຍຂອງພຣະຄຳພີກ່ຽວກັບພຣະເມຊີອາ.</li><li>ຂື້ນຢູ່ກັບກໍລະນີ, ຄຳວ່າ " ເຂົ້າໃຈ " ອາດຈະເເປວ່າ " ຮູ້ " ຫລື " ເຊືີ່ອ " ຫລື " ເຂົ້າໃຈ " ຫລື " ຮູ້ວ່າ " ( ເເມ່ນຫຍັງ ) ມີຄວາມໝາຍຢ່າງໃດ. "</li><li>ຫລາຍຄັ້ງຄຳທີ່ວ່າ " ຄວາມເຂົ້າໃຈ " ສາມາດເເປວ່າ " ຄວາມຮູ້ " ຫລື " ຜູ້ມີປັນຍາ " ຫລື " ຄວາມເຂົ້າໃຈເລິກ. "</li></ul>  
unfaithful	<h2 id="section">@ບໍ່ສັດຊື່. @ຄວາມບໍ່ສັດຊື່</h2><h3 id="section-1">ນິຍາມ</h3><p>ຄຳວ່າ " ບໍ່ສັດຊື່ " ອະທິບາຍເຖິງຄົນທີ່ບໍ່ໄດ້ເຮັດໃນສິ່ງທີ່ພຣະເຈົ້າຊົງບັນຊາໃຫ້ເຮັດ. ເງື່ອນໄຂຫລືການປະຕິບັດໃນການບໍ່ສັດຊື່ຄື " ຄວາມບໍ່ສັດຊື່. "</p><ul><li>ຄົນອິດສະຣາເອນຖືກເອີ້ນວ່າ " ນອກໃຈ " ເມື່ອພວກເຂົາເລີ້ມນະມັດສະການຮູບເຄົາລົບຕ່າງໆ ເເລະເມື່ອພວກເຂົາບໍ່ເຊື່ອຟັງພຣະເຈົ້າໃນທາງອື່ນໆ.</li><li>ໃນການເເຕ່ງງານ, ບາງຄົນເຮັດຜິດປະເວນີ " ບໍ່ສັດຊື່" ກັບຄູ່ເເຕ່ງງານຂອງລາວ.</li><li>ພຣະເຈົ້າຊົງໃຊ້ຄຳວ່າ " ຄວາມບໍ່ສັດຊື່ " ອະທິບາຍເຖິງ</li></ul><p>ພຶດຕິກຳທີ່ບໍ່ເຊື່ອຟັງຂອງອິດສະຣາເອນ. ພວກເຂົາບໍ່ເຊື່ອຟັງພຣະເຈົ້າຫລືບໍ່ຖວາຍພຣະກຽດເເກ່ພຣະອົງ.</p><h3 id="section-2">ຄຳເເນະນຳໃນການເເປ</h3><ul><li>ຂຶ້ນຢູ່ກັບກໍລະນີ " ບໍ່ສັດຊື່ " ສາມາດເເປວ່າ, " ບໍ່ຈົງຮັກພັກດີ " ຫລື ' ບໍ່ເຊື່ອ " ຫລື " ບໍ່ເຊື່ອຟັງ " ຫລື " ບໍ່ພັກດີ. "</li><li>ຖ້ອຍຄຳທີ່ວ່າ " ຄົນນອກໃຈ" ອາດຈະເເປວ່າ, " ຄົນທີ່ບໍ່ສັດຊື່ "</li></ul>  
ungodly	<h2 id="section">@ບໍ່ເຊື່ອໃນພຣະເຈົ້າ, @ໂດຍບໍ່ມີພຣະເຈົ້າ, @ບໍ່ເຂັ້ມງວດໃນການເຄົາລົບນັບຖືພຣະເຈົ້າ,@ ການບໍ່ເຊື່ອໃນພຣະເຈົ້າ</h2><h3 id="section-1">ນິຍາມ</h3><p>ຄຳວ່າ "ບໍ່ເຊື່ອໃນພຣະເຈົ້າ" ແລະ "ບໍ່ມີພຣະເຈົ້າ" ອະທິບາຍເຖິງຜູ້ທີ່ຢູ່ໃນການກະບົດຕໍ່ພຣະເຈົ້າ. ການດຳລົງຊີວິດໃນທາງທີ່ຊົ່ວຮ້າຍໂດຍບໍ່ຄິດເຖິງພຣະເຈົ້າຜູ້ເອີ້ນວ່າ "ບໍ່ເຄັ່ງຄັດໃນການນັບຖືພຣະເຈົ້າ" ຫລື "ຄວາມບໍ່ເຊື່ອຖືພຣະເຈົ້າ"</p><ul><li>ຄວາມໝາຍຂອງຖ້ອຍຄຳເຫລົ່ານີ້ແມ່ນຄ້າຍຄືກັນຫລາຍ, ເຖິງຢ່າງໃດກໍ່ຕາມ, "ຄວາມບໍ່ເຊື່ອຖືພຣະເຈົ້າ " ແລະ "ຄວາມບໍ່ເຄົາລົບຕໍ່ພຣະເຈົ້າ" ອາດຈະອະທີບາຍເຖິງພາບການທີ່ຮ້າຍແຮງທີ່ຜູ້ຄົນຫລືປະເທດຕ່າງໆ. ບໍ່ຍອມເອົາພຣະເຈົ້າຫລືສິດທິຂອງພຣະອົງທີ່ຈະປົກຄອງພວກເຂົາ.</li><li>ພຣະເຈົ້າຊົງປະກາດການພິພາກສາແລະຄວາມໂກດແຄ້ນຕໍ່ຄົນທີ່ບໍ່ເຊື່ອໃນພຣະເຈົ້າແລະກັບທຸກຄົນທີ່ປະຕິເສດພຣະອົງແລະທາງຂອງພຣະອົງ</li></ul><h3 id="section-2">ຄຳແນະນຳໃນການແປ</h3><ul><li>ອີງຕາມສະພາບການ, ຄຳວ່າ "ບໍ່ເຊື່ອໃນພຣະເຈົ້າ" ອາດຖືກແປວ່າ "ບໍ່ພໍໃຈພຣະເຈົ້າ" ຫລື "ບໍ່ມີສິນທຳ" ຫລື "ບໍ່ເຊື່ອຟັງພຣະເຈົ້າ".</li><li>ຄຳວ່າ "ບໍ່ມີພຣະເຈົ້າ" ແລະ "ບໍ່ຈິງຈັງໃນການເຄົາລົບພຣະເຈົ້າ" ໝາຍເຖິງຄົນທີ່ "ບໍ່ມີພຣະເຈົ້າ" ຫລື "ບໍ່ຄິດເຖິງເລື່ອງພຣະເຈົ້າ" ຫລື "ບໍ່ຍອມຮັບເອົາພຣະເຈົ້າ"</li><li>ການແປພາສາອື່ນໆ ຂອງຄຳວ່າ "ບໍ່ຈິງຈັງໃນການເຄົາລົບພຣະເຈົ້າ" ຫລື "ຄວາມບໍ່ເຊື່ອພຣະເຈົ້າ" ສາມາດເປັນ " ຄວາມຊົ່ວຮ້າຍ" ຫລື " ສີ່ງຊົ່ວຮ້າຍ" ຫລື "ກະບົດຕໍ່ພຣະເຈົ້າ"</li></ul>  
unholy	<h2 id="section">@ບໍ່ສະອາດ</h2><h3 id="section-1">ນິຍາມ</h3><p>ຕາມຕົວອັກສອນ, ຄໍາວ່າ "ບໍ່ສະອາດ." ໝາຍຄວາມວ່າ "ບໍ່ສັກສິດ." ອະທິບາຍເຖິງບາງຄົນຫລືບາງສິ່ງບາງຢ່າງທີ່ບໍ່ໄດ້ຖວາຍກຽດເເດ່ພຣະເຈົ້າ.</p><ul><li>ຄຳນີ້ຖືກໃຊ້ເພື່ອອະທິບາຍເຖິງບາງຄົນທີ່ສັນລະເສີນພຣະເຈົ້າໂດຍການກະບົດຕໍ່ພຣະອົງ.</li><li>ສິ່ງທີ່ເອີ້ນວ່າ "ຄວາມບໍ່ສະອາດ " ສາມາດອະທິບາຍໄດ້ວ່າເປັນຄໍາທຳມະດາວ່າ, ຢ່າເຄົາລົບສິ່ງສັກສິດຫລືສິ່ງບໍ່ບໍລິສຸດ.ທີ່ບໍ່ແມ່ນຂອງພຣະເຈົ້າ.</li></ul><h3 id="section-2">ຄຳແນະນຳການແປ</h3><ul><li>ວິທີການແປ ຄຳ ສັບນີ້ອາດປະກອບມີ, "ບໍ່ບໍລິສຸດ" ຫລື "ບໍ່ແມ່ນຂອງພຣະເຈົ້າ" ຫລື "ບໍ່ຖວາຍກຽດແກ່ພຣະເຈົ້າ" ຫລື "ໂດຍບໍ່ມີພຣະເຈົ້າ."</li><li>ໃນບາງສະພາບການ, ຄຳວ່າ "ບໍ່ບໍລິສຸດ " ສາມາດແປວ່າ "ບໍ່ສະອາດ."</li></ul>  
unjust	<h2 id="section">@ບໍ່ຍຸຕິທຳ, @ຢ່າງບໍ່ຍຸຕິທຳ, @ຄວາມບໍ່ຍຸຕິທຳ</h2><h3 id="section-1">ນິຍາມ</h3><p>ຄຳວ່າ "ບໍ່ຍຸຕິທຳ" ແລະ "ຢ່າງບໍ່ຍຸຕິທຳ" ໝາຍ ເຖິງການປະຕິບັດຕໍ່ຄົນອື່ນຢ່າງບໍ່ຍຸຕິ, ແລະເຮັດເປັນປະຈຳ, ລັກສະນະທີ່ເປັນອັນຕະລາຍ.</p><ul><li>"ຄວາມບໍ່ຍຸຕິທຳ" ແມ່ນສິ່ງທີ່ບໍ່ດີທີ່ເຮັດກັບບາງຄົນທີ່ບຸກຄົນນັ້ນບໍ່ສົມຄວນໄດ້ຮັບ. ໂດຍອ້າງອີງໃສ່ການປະຕິບັດຕໍ່ຄົນໂດຍບໍ່ຍຸຕິທຳ.</li><li>ຄວາມບໍ່ຍຸຕິທຳຍັງໝາຍຄວາມວ່າບາງຄົນໄດ້ຮັບການປະຕິບັດທີ່ບໍ່ດີ ໃນຂະນະທີ່ຄົນອື່ນໄດ້ຮັບການປະຕິບັດຢ່າງດີ.</li><li>ຄົນທີ່ປະຕິບັດຢ່າງບໍ່ຍຸຕິທຳ ຖືກຖືວ່າເປັນ "ບາງສ່ວນ" ຫລື "ອະຄະຕິ" ເພາະວ່າພວກເຂົາບໍ່ໄດ້ປະຕິບັດຕໍ່ຄົນອື່ນຢ່າງເທົ່າທຽມກັນ.</li></ul><h3 id="section-2">ຄຳແນະນຳໃນການແປ</h3><ul><li>ຂຶ້ນກັບສະພາບການ "ບໍ່ຍຸຕິທຳ" ສາມາດແປວ່າ "ຄວາມບໍ່ເທົ່າທຽມກັນ" ຫລື "ບາງສ່ວນ" ຫລື "ບໍ່ຊອບທຳ"</li><li>ປະໂຫຍກທີ່ວ່າ "ບໍ່ຍຸຕິທຳ" ສາມາດຖືກແປວ່າ "ຜູ້ທີ່ບໍ່ຍຸຕິທຳ" ຫລື "ຄົນທີ່ບໍ່ຊອບທຳ" ຫລື "ຄົນທີ່ປະຕິບັດຕໍ່ຄົນອື່ນຢ່າງບໍ່ຍຸຕິທຳ" ຫລື "ຄົນບໍ່ຊອບທຳ" ຫລື "ຄົນທີ່ບໍ່ເຊື່ອຟັງພຣະເຈົ້າ."</li><li>ຄຳວ່າ "ຢ່າງບໍ່ຍຸຕິທຳ" ສາມາດແປວ່າ, "ໃນລັກສະນະບໍ່ຍຸຕິທຳ" ຫລື "ຢ່າງຜິດໆ" ຫລື "ຢ່າງບໍ່ຍຸຕິທຳ."</li><li>ວິທີການແປ "ຄວາມບໍ່ຍຸຕິທຳ" ສາມາດປະກອບດ້ວຍ,  "ການປະຕິບັດທີ່ບໍ່ຖືກຕ້ອງ" ຫລື "ການປະຕິບັດທີ່ບໍ່ຍຸຕິທຳ" ຫລື "ການກະທຳທີ່ບໍ່ຍຸຕິທຳ."</li></ul>  
unlawful	<h2 id="section">@ຜິດກົດຫມາຍ</h2><h3 id="section-1">ນິຍາມ</h3><p>ຄໍາວ່າ "ຜິດກົດໝາຍ" ແລະ "ບໍ່ຖືກຕ້ອງຕາມກົດໝາຍ" ຖືກໃຊ້ເພື່ອອະທິບາຍການກະທຳທີ່ຜິດກົດໝາຍ</p><ul><li>ໃນພັນທະສັນຍາໃໝ່ ຄຳວ່າ "ຜິດກົດໝາຍ" ບໍ່ໄດ້ໃຊ້ເພື່ອອ້າງເຖິງການລະເມີດກົດໝາຍຂອງພຣະເຈົ້າເທົ່ານັ້ນ, ແຕ່ຍັງໝາຍເຖິງການລະເມີດກົດໝາຍຂອງຊາວຢິວທີ່ມະນຸດແຕ່ງຕັ້ງຂຶ້ນດ້ວຍ.</li><li>ໃນຊ່ວງຫລາຍປີທີ່ຜ່ານມາ, ຊາວຢິວໄດ້ເພີ້ມກົດໝາຍເຂົ້າມາອີກຈາກທີ່ພຣະເຈົ້າປະທານໃຫ້ແກ່ພວກເຂົາ. ຜູ້ນຳຊາວຢິວຈະ ເອິ້ນສິ່ງທີ່ເພີ້ມເຂົ້າມານີ້ວ່າ "ຜິດກົດໝາຍ" ຖ້າມັນບໍ່ສອດຄ່ອງກັບກົດໝາຍທີ່ພວກເຂົາແຕ່ງຕັ້ງຂຶ້ນມາ.</li><li>ເມື່ອພຣະເຢຊູກັບເຫລົ່າສາວົກຂອງພຣະອົງກຳລັງເດັດຮວງເຂົ້າໃນວັນສະບາໂຕ, ພວກຟາຣີຊາຍໄດ້ກ່າວຫາວ່າເຮັດໃນສິ່ງ "ຜິດກົດໝາຍ" ເພາະກົດໝາຍຢິວຫ້າມບໍ່ໃຫ້ກະທຳການໃດໆໃນວັນນັ້ນ.</li><li>ເມື່ອເປໂຕກ່າວວ່າ ການກິນອາຫານທີ່ເປັນມົນທິນ ເປັນການ "ຜິດພຣະບັນຍັດ" ສຳຫລັບເຂົາ, ຊຶ່ງໝາຍຄວາມວ່າ ຖ້າເຂົາກິນອາຫານເຫລົ່ານັ້ນ ເຂົາກໍຈະທຳຜິດພຣະບັນຍັດຂອງພຣະເຈົ້າໄດ້ໃຫ້ໄວ້ກັບຊາວອິດສະຣາເອນທີ່ບໍ່ໃຫ້ກິນອາຫານທີ່ເປັນມົນທິນບາງຢ່າງ.</li></ul><h3 id="section-2">ຄຳແນະນຳໃນການແປ</h3><ul><li>ຄຳນີ້ຄວນໄດ້ຮັບການແປໂດຍໃຊ້ຄຳຫລືຖ້ອຍຄຳຊຶ່ງໝາຍຄວາມວ່າ, " ບໍ່ຖືກຕ້ອງຕາມກົດໝາຍ ຫລື "ການຝ່າຝືນກົດໝາຍ."</li><li>ການແປແບບອື່ນຂອງຄຳວ່າ "ຜິດກົດໝາຍ" ອາດເປັນ, "ບໍ່ອະນຸຍາດ" ຫລື "ບໍ່ເປັນໄປຕາມກົດໝາຍຂອງພຣະເຈົ້າ" ຫລື "ບໍ່ສອດຄ່ອງກັບກົດໝາຍຂອງເຮົາ."</li><li>ຄຳກ່າວທີ່ວ່າ "ຝ່າຝືນກົດໝາຍ" ມີຄວາມໝາຍເຊັ່ນດຽວກັບ "ຜິດກົດຫມາຍ."</li></ul>  
unleavened bread	<h2 id="section">@ເຂົ້າຈີ່ບໍ່ມີເຊື້ອແປ້ງ</h2><h3 id="section-1">ນິຍາມ</h3><p>ຄຳວ່າ "ເຂົ້າຈີ່ບໍ່ມີເຊື້ອແປ້ງ" ອ້າງເຖິງເຂົ້າຈີ່ທີ່ເຮັດໂດຍບໍ່ໃຊ້ເຊື້ອແປ້ງຫລືເຊື້້ອໝັກໃຫ້ຟູອື່ນໆ.  ເຂົ້າຈີ່ຊະນິດນີ້ຈະແປເພາະວ່າມັນບໍ່ມີເຊື້ອໝັກໃຫ້ຟູທີ່ຈະເຮັດໃຫ້ເຂົ້າຈີ່ຟູຂຶ້ນ.</p><ul><li>ເມື່ອພະເຈົ້າປົດປ່ອຍຊາວອິດສະຣາເອນອອກຈາກການເປັນທາດໃນປະເທດເອຢິບ, ພະອົງຊົງບອກໃຫ້ພວກເຂົາໜີອອກຈາກເອຢິບຢ່າງວ່ອງໄວໂດຍບໍ່ຕ້ອງລໍຖ້າເຂົ້າຈີ່ຟູຂຶ້ນ. ເຂົາຈຶ່ງຮັບປະທານເຂົ້າຈີ່ຂາດເຊື້ອແປ້ງໃນມື້ອາຫານຂອງເຂົາ. ຕັ້ງແຕ່ນັ້ນເຂົ້າຈີ່ຂາດເຊື້ອແປ້ງຈະໃຊ້ໃນການສະເຫລີມສະຫລອງເທດສະການປັດສະຄາປະຈຳປີຂອງພວກເຂົາເພື່່ອເຕືອນພວກເຂົາໃຫ້ຄຶດເຖິງເວລານັ້ນ.</li><li>ເນື່ອງຈາກເຊື້ອເຂົ້າຈີ່ບາງເທື່ອໃຊ້ເປັນພາບຂອງຄວາມບາບ, "ເຂົ້າຈີ່ຂາດເຊື້ອແປ້ງ" ແທນການກຳຈັດບາບຈາກຊີວິດຂອງບຸກຄົນເພື່ອທີ່ຈະດຳເນີນຊີວິດໃນແບບທີ່ຖວາຍກຽດແກ່ພຣະເຈົ້າ.</li></ul><h3 id="section-2">ຄຳແນະນຳໃນການແປ</h3><ul><li>ວິທີອື່ນໃນການແປຄຳນີ້ສາມາດລວມເຖິງ, "ເຂົ້າຈີ່ທີ່ບໍ່ມີເຊື້ອແປ້ງ" ຫລື "ເຂົ້າຈີ່ແບນທີ່ບໍ່ໄດ້ຟູຂຶ້ນ."</li><li>ກວດສອບໃຫ້ແນ່ໃຈວ່າຄຳແປຂອງຄຳນີ້ສອດຄ່ອງກັບຄຳທີ່ແປຄຳວ່າ "ເຊື້ອແປ້ງ, ເຊື້ອໝັກໃຫ້ຟູ."</li><li>ໃນບາງກໍລະນີ ຄຳວ່າ, "ເຂົ້າຈີ່ຂາດເຊື້ອແປ້ງ" ອ້າງເຖິງ "ເທດສະການລ້ຽງເຂົ້າຈີ່ບໍ່ມີເຊື້ອແປ້ງ" ແລະສາມາດແປໄດ້ໃນລັກສະນະເຊັ່ນນັ້ນ.</li></ul>  
unprofitable	<h2 id="section">@ບໍ່ໄດ້ກຳໄລ, @ບໍ່ໄດ້ປະໂຫຍດ</h2><h3 id="section-1">ນິຍາມ</h3><p>ຄຳວ່າ "ບໍ່ໄດ້ກຳໄລ" ໝາຍເຖິງບໍ່ມີປະໂຫຍດ.</p><ul><li>ຄຳນີ້ຕາມຕັວອັກສອນແປວ່າບໍ່ໄດ້ກຳໄລຫຍັງເລີຍ ຫລືບໍ່ໄດ້ຊ່ວຍໃຜໃຫ້ໄດ້ຮັບຫຍັງເລີຍ.</li><li>ບາງສິ່ງທີ່ບໍ່ມີກຳໄລບໍ່ມີຄ່າຈະເຮັດໄປເຮັດຫຍັງ ເພາະວ່າມັນບໍ່ໄດ້ໃຫ້ປະໂຫຍດຫຍັງ.</li><li>ນີ້ອາດແປວ່າ "ຂາດປະໂຫຍດ" ຫລື "ຂາດຄຸນຄ່າ" ຫລື "ບໍ່ເປັນປະໂຫຍດ" ຫລື "ບໍ່ຄູ່ຄວນ" ຫລື "ບໍ່ເປັນປະໂຫຍດ" ຫລື "ບໍ່ໃຫ້ປະໂຫຍດ."</li></ul>  
unrighteous	<h2 id="section">@ອະທຳ, @ຄວາມອະທຳ</h2><h3 id="section-1">ນິຍາມ</h3><p>ຄຳວ່າ "ອະທຳ" ໝາຍເຖິງການເຮັດບາບແລະຜິດສິນລະທຳ. "ຄວາມບໍ່ຊອບທຳ" ອ້າງເຖິງບາບຫລືສະພາບການມີບາບ.</p><ul><li>ຄຳເຫລົ່ານີ້ໂດຍສະເພາະອ້າງເຖິງການໃຊ້ຊີວິດໃນທາງທີ່ບໍ່ເຊື່ອຟັງຄຳສອນແລະຄຳສັ່ງຂອງພຣະເຈົ້າ.</li><li>ຄົນອະທຳມີຄວາມອະທຳໃນຄວາມຄິດແລະການກະທຳຂອງຕົນ.</li><li>ບາງເທື່ອ "ຜູ້ບໍ່ຊອບທຳ" ໂດຍສະເພາະອ້າງເຖິງຜູ້ທີ່ບໍ່ເຊື່ອໃນພຣະເຢຊູ.</li></ul><h3 id="section-2">ຄຳແນະນຳໃນການແປ</h3><ul><li>ຄຳນີ້ສາມາດແປໄດ້ງ່າຍໆ ວ່າ "ບໍ່ຊອບທຳ."</li><li>ຂຶ້ນຢູ່ກັບຄວາມໝາຍ ວິທີອື່ນໃນການແປນີ້ສາມາດລວມເຖິງ, "ຊົ່ວຮ້າຍ" ຫລື "ຜິດສິນລະທຳ" ຫລື "ຄົົນທີ່ກະບົດຕໍ່ພຣະເຈົ້າ" ຫລື "ມີບາບ."</li><li>ຖ້ອຍຄຳທີ່ວ່າ "ບໍ່ຊອບທຳ" ສາມາດແປວ່າ "ຄົນບໍ່ຊອບທຳ."</li><li>ຄຳວ່າ "ຄວາມບໍ່ຊອບທຳ" ສາມາດແປວ່າ "ບາບ" ຫລື "ຄວາມຄິດແລະການກະທຳຊົ່ວຮ້າຍ" ຫລື "ຄວາມຊົ່ວຮ້າຍ."</li><li>ຖ້າເປັນໄປໄດ້, ສິ່ງດີທີ່ສຸດໃນການແປຄວາມໝາຍນີ້ໃນແບບທີ່ສະແດງເຖິງຄວາມສຳພັນລະຫວ່າງ "ຊອບທຳ, ແລະ ຄວາມຊອບທຳ."</li></ul>  
upright	<h2 id="section">@ທ່ຽງຕົງ, @ຄວາມທ່ຽງຕົງ</h2><h3 id="section-1">ນິຍາມ</h3><p>ຄຳວ່າ "ທ່ຽງຕົງ" ແລະ "ຄວາມທ່ຽງຕົງ" ອ້າງເຖິງການກະທຳທີ່ປະຕິບັດຕາມກົດໝາຍຂອງພຣະເຈົ້າ.</p><ul><li>ຄວາມໝາຍຂອງຄຳເຫລ່ານີ້ທັງໝົດລວມເຖິງຄວາມຄິດທີ່ທ່ຽງຕົງແລະແນມຕົງໄປຂ້າງໜ້າ.</li><li>ຄົົນທີ່ "ທ່ຽງຕົງ" ຄືຄົົນທີ່ປະຕິບັດຕາມກົດຂອງພຣະເຈົ້າແລະບໍ່ເຮັດໃນສິ່ງທີ່ຂັດຕໍ່ພຣະປະສົງຂອງພຣະອົງ.</li><li>ຄຳວ່າ "ຄວາມຊື່ສັດ" ແລະ "ຊອບທຳ" ມີຄວາມໝາຍຄ້າຍຄືກັນແລະບາງເທື່ອກໍ່ໃຊ້ໃນແບບຄຳຄູ່ຂະໜານກັນເຊັ່ນ "ຄວາມສົມບູນແລະທ່ຽງທຳ" (ເບິ່ງ:  <a href="https://read.bibleineverylanguage.org/WA-Catalog/lo_tm?section=translate#figs-metaphor" target="_blank" data-is-rc-link="" data-repo="lo_tm" data-user="WA-Catalog" data-page="translate" data-topic="figs-metaphor" data-type="tm">figs-metaphor</a>)</li></ul><h3 id="section-2">ຄຳແນະນຳໃນການແປ</h3><ul><li>ວິທີການແປ "ທ່ຽງຕົງ" ສາມາດລວມເຖິງ, "ການສະແດງຢ່າງຖືກຕ້ອງ" ຫລື "ຄົົນທີ່ເຮັດໜ້າທີ່ຢ່າງຖືກຕ້ອງ" ຫລື "ປະຕິບັດຕາມກົດໝາຍຂອງພຣະເຈົ້າ" ຫລື "ເຊື່ອຟັງພຣະເຈົ້າ" ຫລື "ປະພຶດໃນທາງທີ່ຖືກຕ້ອງ"</li><li>ຄຳວ່າ "ຄວາມທ່ຽງຕົງ" ອາດແປໄດ້ວ່າ, "ຄວາມບໍລິສຸດທາງສິນລະທຳ" ຫລື "ການປະຕິບັດຕາມຫລັກສິນລະທຳອັນດີງາມ" ຫລື "ຄວາມຖືກຕ້ອງ."</li><li>ຖ້ອຍຄຳທີ່ວ່າ " ຄົນທ່ຽງທຳ" ອາດແປວ່າ " ຄົົນທີ່ມີຄວາມທ່ຽງຕົງ" ຫລື "ຄົນທ່ຽງຕົງ."</li></ul>  
ur	<h2 id="section">@ເອີ</h2><h3 id="section-1">ຂໍ້ເທັດຈິງ</h3><p>ເອີ ເປັນເມືອງທີ່ມີຄວາມສຳຄັນທາງແຖບແມ່ນ້ຳຢູເຟຕິດໃນເຂດບູຮານຂອງເຄນເດຍ, ຊຶ່ງເຄີຍເປັນສ່ວນໜຶ່ງຂອງເມໂຊໂປຕາເມຍ.  ເຂດນີ້ຕັ້ງຢູ່ໃນພື້ນທີ່ຂອງປະເທດອີຣັກໃນປະຈຸບັນ.</p><ul><li>ອັບຣາຮາມມາຈາກເມືອງເອີແລະຈາກບ່ອນນັ້ນເພາະພຣະເຈົ້າຊົງເອີ້ນໃຫ້ທ່ານຈາກໄປຢັງແຜ່ນດິນການາອານ.</li><li>ຮາຣານ ນ້ອງຊາຍຂອງອັບຣາຮາມແລະເປັນພໍ່ຂອງໂລດ, ເພີ່ນໄດ້ສິ້ນຊີວິດໃນເມືອງເອີ.  ນີ້ບາງທີອາດຈະເປັນສາເຫດເຮັດໃຫ້ໂລດຈາກເມືອງເອີ ໄປກັບອັບຣາຮາມ.</li></ul>  
uriah	<h2 id="section">@ອູຣິຢາ</h2><h3 id="section-1">ຂໍ້ເທັດຈິງ</h3><p>ອູຣິຢາເປັນຄົນຊອບທຳແລະເປັນໜຶ່ງໃນທະຫານທີ່ດີທີ່ສຸດຂອງກະສັດດາວິດ. ທ່ານໄດ້ຮັບອ້າງອີງສະເໝີວ່າເປັນ "ອູຣິຢາຊາວຮິດຕີ."</p><ul><li>ອູຣິຢາມີພັນລະຍາທີ່ງາມຫລາຍຊື່ບັດເຊບາ.</li><li>ດາວິດຊົງປະພຶດລ່ວງປະເວນີກັບພັນລະຍາຂອງອູຣິຢາ, ແລະນາງຕັ້ງໄດ້ທ້ອງມີລູກກັບດາວິດ.</li><li>ເພື່ອປົກປິດບາບນີ້, ດາວິດເຮັດໃຫ້ອູຣິຢາຖືກຂ້າຕາຍໃນສົງຄາມ.  ແລ້ວດາວິດຈຶ່ງແຕ່ງງານກັບບັດເຊບາ.</li><li>ຊາຍອີກຄົນໜຶ່ງຊື່ວ່າອູຣິຢາ ເປັນປະໂຣຫິດໃນຊ່ວງສະໄໝກະສັດອາຮາບ.</li></ul>  
uzziah	<h2 id="section">@ອຸດຊີຢາ, @ອາຊາຣິຢາ</h2><h3 id="section-1">ຂໍ້ເທັດຈິງ</h3><p>ອຸດຊີຢາໄດ້ກາຍເປັນກະສັດຢູດາຕອນທ່ານອາຍຸ 16 ປີແລະຄອງລາດຢູ່ 52 ປີ, ຊຶ່ງເປັນຣາດຊະການທີ່ຍາວນານຜິດປົກກະຕິ. ອຸດຊີຢາຍັງເປັນທີ່ຮູ້ຈັກໃນຊື່ "ອາຊາຣິຢາ."</p><ul><li>ກະສັດອຸດຊີຢາເປັນທີ່ຮູ້ຈັກໃນເລື່ອງທະຫານທີ່ມີການຈັດການແລະຊ່ຽວຊານໃນການສູ້ຮົບ. ທ່ານມີຫໍຄອຍທີ່ສ້າງຂຶ້ນເພື່ອປົກປ້ອງເມືອງແລະມີອາວຸດສົງຄາມທີ່ອອກແບບມາເປັນພິເສດເພື່ອໃຊ້ຂຶ້ນຂີ່ພວກມັນເພື່ອຍິງລູກສອນແລະໂຢນກ້ອນຫີນຂະໜາດໃຫຍ່ໄດ້ສະດວກ.</li><li>ຕາບເທົ່າທີ່ອຸດຊີຢາປົນນິບັດຮັບໃຊ້ພຣະເຈົ້າ, ເຂົາກໍ່ຊົງຈະເລີນຂຶ້ນ. ໃນຊ່ວງໃກ້ຈະສິ້ນຣາດຊະການຂອງເຂົາ, ຢ່າງໃດກໍຕາມ, ອຸດຊີຢາກັບອວດດີຈອງຫອງແລະບໍ່ເຊື່ອຟັງພຣະເຈົ້າດ້ວຍການເຜົາເຄື່ອງຫອມໃນພຣະວິຫານ, ຊຶ່ງມີພຽງປະໂຣຫິດເທົ່ານັ້ນທີ່ໄດ້ຮັບອະນຸຍາດກະທຳໄດ້.</li><li>ເພາະຄວາມບາບນີ້ອຸດຊີຢາໄດ້ປ່ວຍເປັນພະຍາດຂີ້ທູດແລະຕ້ອງມີຊີວິດທີ່ແຍກຕັວອອກຈາກຄົນອື່ນຕະຫລອດສິ້ນຣາດຊະການຂອງເຂົາ.</li></ul>  
vain	<h2 id="section">@ໄຮ້ສາລະ, @ຄວາມໄຮ້ສາລະ</h2><h3 id="section-1">ນິຍາມ</h3><p>ຄໍາວ່າ "ໄຮ້ສາລະ" ອະທິບາຍເຖິງສິ່ງບໍ່ມີປະໂຫຍດ ຫລືບໍ່ມີວັດຖຸປະສົງ. ສິ່ງໄຮ້ສາລະວ່າງເປົ່າແລະບໍ່ມີຄຸນຄ່າ.</p><ul><li>ຄໍາວ່າ "ຄວາມໄຮ້ສາລະ" ອ້າງເຖິງຄວາມໄຮ້ຄ່າຫລືຄວາມວ່າງເປົ່າ. ນອກຈາກນີ້ຍັງສາມາດອ້າງອີງເຖິງຄວາມຈອງຫອງ ຫລືຫຍິ່ງຜະຫຍອງ.</li><li>ໃນພັນທະສັນຍາເດີມ, ຮູບເຄົາລົບໄດ້ຮັບການອະທິບາຍວ່າເປັນສິ່ງໄຮ້ສາລະທີ່ບໍ່ສາມາດຊ່ວຍເຫລືອ ຫລືຊ່ວຍໃຫ້ພົ້ນໄດ້. ພວກມັນບໍ່ມີຄ່າແລະບໍ່ມີປະໂຫຍດ ຫລືມີວັດຖຸປະສົງໃດໆ.</li><li>ຫາກມີການກະທໍາສິ່ງໃດໆໂດຍ "ໄຮ້ປະໂຫຍດ" ໝາຍຄວາມວ່າບໍ່ມີຜົນດີຈາກສິ່ງນີ້. ຄວາມພະຍາຍາມຫລືການກະທໍາບໍ່ບັນລຸຜົນອັນໃດ.</li><li>"ເຊື່ອໃນສິ່ງທີ່ໄຮ້ສາລະ" ໝາຍຄວາມວ່າເຊື່ອໃນບາງສິ່ງທີ່ບໍ່ມຈິງ ແລະໃຫ້ຄວາມຫວັງທີ່ຜິດໆ.</li></ul> 
vashti	<h2 id="section">@ວາຊະຕີ</h2><h3 id="section-1">ຂໍ້ເທັດຈິງ</h3><p>ໃນພັນທະສັນຍາເດີມພຣະທໍາເອສະເທີ, ວາຊະຕີເປັນຣາຊີນີຂອງກະສັດເຊເຊັດ, ກະສັດແຫ່ງເປີເຊຍ</p><ul><li>ກະສັດເຊເຊັດໄດ້ເນລະເທດຣາຊີນີວາຊະຕີໄປເມື່ອເພິ່ນປະຕິເສດທີ່ຈະປະຕິບັດຕາມຄໍາສັ່ງຂອງກະສັດໃຫ້ມາງານລ້ຽງອາຫານຄໍ່າຂອງພຣະອົງແລະສະແດງຄວາມງາມຂອງນາງໃຫ້ກັບບັນດາແຂກຂີ້ເມົາຂອງພຣະອົງ.</li><li>ຜົນກໍຄື  ໄດ້ມີການຄົ້ນຫາຜູ້ທີຈະເປັນຣາຊີນີອົງໃໝ່ ແລະໃນທີ່ສຸດ ເອສະເທີກໍໄດ້ຮັບເລືອກເປັນຣາຊີນີອົງໃໝ່ຂອງກະສັດ.</li></ul>  
veil	<h2 id="section">@ຜ້າຄຸມ</h2><h3 id="section-1">ນິຍາມ</h3><p>ຄຳວ່າ "ຜ້າຄຸມ" ໝາຍເຖິງຜ້າບາງໆ ທີ່ໃຊ້ຄຸມຫົວ ຫລືອັດໜ້າເພື່ອປົກປິດຫົວຫລືໃບໜ້າເພື່ອບໍ່ໃຫ້ເບິ່ງເຫັນ.</p><ul><li>ໂມເຊຄຸມໜ້າຂອງທ່ານດ້ວຍຜ້າຄຸມຫລັງຈາກທີ່ໄດ້ຢູ່ຕໍ່ພຣະພັກພຣະຢາເວ, ດັ່ງນັ້ນຄວາມສະຫວ່າງຂອງໃບໜ້າຂອງທ່ານຈະຖືກເຊື່ອງໄວ້ຈາກປະຊາຊົນ.</li><li>ໃນພຣະຄຳພີ, ຜູ້ຍິງໄດ້ສວມຜ້າຄຸມເພື່ອປົກປິດຫົວຂອງພວກນາງ ແລະໃບໜ້າຂອງພວກນາງດ້ວຍ, ເມື່ອພວກນາງຢູ່ໃນທີ່ສາທາລະນະຫລືໃນບ່ອນທີ່ມີພວກຜູ້ຊາຍ.</li><li>ຄຳກິລິຍາ "ຄຸມໜ້າ" ໝາຍເຖິງການປົກຄຸມບາງສິ່ງບາງຢ່າງດ້ວຍຜ້າຄຸມ.</li><li>ໃນພຣະຄຳພີພາສາອັງກິດບາງສະບັບ, ຄຳວ່າ "ຜ້າຄຸມ" ໄດ້ໃຊ້ອ້າງເຖິງຜ້າກັ້ງໜາທີ່</li></ul><p>ປົກຄຸມບໍລິເວນທາງເຂົ້າໄປໃນບ່ອນສັກສິດທີ່ສຸດ.  ແຕ່ "ຜ້າກັ້ງ" ເປັນຄຳທີ່ຖືກຕ້ອງຫລາຍກວ່າໃນບໍລິບົດນັ້ນ,  ເນື່ອງຈາກໝາຍເຖິງຜ້າໜັກໆ, ໜາໆ. % ຄຳແນະນຳໃນການແປ</p><ul><li>ຄຳວ່າ "ຜ້າຄຸມ" ອາດຖືກແປເປັນ "ຜ້າຄຸມບາງ," ຫລື "ຜ້າຄຸມ," ຫລື "ຄຸມຫົວ."</li><li>ໃນບາງວັດທະນະທຳ, ເປັນຄຳສຳລັບຜ້າຄຸມໜ້າສຳລັບຜູ້ຍິງ. ອາດຈຳເປັນຕ້ອງຄົ້ນຫາຄຳອື່ນເມື່ອໃຊ້ກັບໂມເຊ.</li></ul>  
vine	<h2 id="section">@ເຄືອອະງຸ່ນ</h2><h3 id="section-1">ນິຍາມ</h3><p>ຄໍາວ່າ "ເຄືອອະຫງຸ່ນ" ອ້າງເຖິງພືດທີ່ຈະເລີນເຕີບໃຫຍ່ໄດ້ໂດຍການເລືອໄປຕາມພື້ນຫລືໂດຍການເລື້ອໄປຕາມຕົ້ນໄມ້ຫລືໂຄງສ້າງອື່ນໆ. ຄຳວ່າ "ເຄືອອະງຸ່ນ" ໃນພຣະຄໍາພີໃຊ້ສະເພາະເຄືອທີ່ຜະລິດຜົນແລະມັກຈະໝາຍເຖິງເຄືອອະງຸ່ນ.</p><ul><li>ໃນພຣະຄໍາພີ ຄໍາວ່າ "ເຄືອອະງຸ່ນ" ເກືອບຈະອ້າງເຖິງ "ຕົ້ນອະງຸ່ນ"</li><li>ກິ່ງທັງຫລາຍຂອງຕົ້ນອະງຸ່ນຈະຕິດຢູ່ລໍາຕົ້ນເຊິ່ງຈະໃຫ້ນໍ້າແລະສານອາຫານອື່ນໆ ມັນຈິ່ງຈະເຕີບໃຫຍ່.</li><li>ພຣະເຢຊູຊົງເອີ້ນຕົວພຣະອົງວ່າ "ເຄືອອະງຸ່ນ" ແລະເອີ້ນປະຊາຊົນຂອງພຣະອົງວ່າ  "ກິ່ງ." ໃນບໍລິບົດນີ້ ຄໍາວ່າ "ເຄືອອະງຸ່ນ" ອາດແປເປັນ "ຕົ້ນເຄືອອະງຸ່ນ" ຫລື "ຕົ້ນໄມ້ອະງຸ່ນ" (ເບິ່ງ :  <a href="https://read.bibleineverylanguage.org/WA-Catalog/lo_tm?section=translate#figs-metaphor" target="_blank" data-is-rc-link="" data-repo="lo_tm" data-user="WA-Catalog" data-page="translate" data-topic="figs-metaphor" data-type="tm">figs-metaphor</a>)</li></ul>  
vineyard	<h2 id="section">@ສວນອະງຸ່ນ</h2><h3 id="section-1">ນິຍາມ</h3><p>ສວນອະງຸ່ນເປັນສວນທີ່ມີບໍລິເວນກວ້າງໃຫຍ່ທີ່ປູກອະງຸ່ນ ທີ່ຜົນອະງຸ່ນໄດ້ຮັບການເກັບກ່ຽວ.</p><ul><li>ສວນອະງຸ່ນມັກຈະມີກໍາແພງອ້ອມຮອບເພື່ອປ້ອງກັນຜົນອະງຸ່ນຈາກຂີ້ລັກແລະສັດທັງຫລາຍ.</li><li>ພຣະເຈົ້າຊົງປຽບທຽບຊົນຊາດອິດສະລາເອນກັບສວນອະງຸ່ນທີ່ບໍ່ໄດ້ເກີດຜົນທີ່ດີ.  (ເບິ່ງ : <a href="https://read.bibleineverylanguage.org/WA-Catalog/lo_tm?section=translate#figs-metaphor" target="_blank" data-is-rc-link="" data-repo="lo_tm" data-user="WA-Catalog" data-page="translate" data-topic="figs-metaphor" data-type="tm">figs-metaphor</a>)</li><li>ສວນອະງຸ່ນສາມາດແປເປັນ, "ສວນໝາກອະງຸ່ນ" ຫລື "ສວນອະງຸ່ນ."</li></ul>  
virgin	<h2 id="section">@ພົມມະຈາລີ</h2><h3 id="section-1">ນິຍາມ</h3><p>ຍິງພົມມຈາລີເປັນຍິງສາວທີ່ບໍ່ມີຄວາມສໍາພັນທາງເພດ</p><ul><li>ຜູ້ປະກາດພຣະທໍາເອຊາຢາກ່າວວ່າ ພ​ຣະເມຊີອາຈະບັງເກີດຈາກຍິງພົມມະຈາລີ.</li><li>ມາຣີ ເປັນຍິງພົມມະຈາລີເມື່ອນາງຖືພາພຣະເຢຊູ. ພຣະອົງບໍ່ໄດ້ມີພໍ່ເປັນມະນຸດ.</li><li>ໃນບາງພາສາມີຄໍາສັບທີ່ເປັນຄໍາສັບສຸພາບທີ່ອ້າງເຖິງພົມມະຈາລີ (ເບິ່ງ : <a href="https://read.bibleineverylanguage.org/WA-Catalog/lo_tm?section=translate#figs-euphemism" target="_blank" data-is-rc-link="" data-repo="lo_tm" data-user="WA-Catalog" data-page="translate" data-topic="figs-euphemism" data-type="tm">figs-euphemism</a>)</li></ul>  
vision	<h2 id="section">@ນິມິດ</h2><h3 id="section-1">ນິຍາມ</h3><p>ຄໍາວ່າ "ນິມິດ" ອ້າງເຖິງບາງສິ່ງທີ່ບຸກຄົນເຫັນ.  ໂດຍສະເພາະອ້າງເຖິງບາງສິ່ງທີ່ບໍ່ປົກກະຕິທໍາມະດາ ຫລືເໜືອທໍາມະຊາດທີ່ພຣະເຈົ້າຊົງສໍາແດງແກ່ປະຊາຊົນເພື່ອໃຫ້ຂ່າວສານແກ່ພວກເຂົາ.</p><ul><li>ໂດຍປົກກະຕິ, ນິມິດຈະເຫັນໄດ້ໃນຂະນະທີ່ບຸກຄົນຍັງຕື່ນຢູ່. ຢ່າງໃດກໍຕາມບາງເທື່ອນິມິດເປັນບາງສິ່ງທີ່ບຸກຄົນເຫັນໃນຄວາມຝັນຂະນະນອນຫຼັບ.</li><li>ພຣະເຈົ້າຊົງສົ່ງນິມິດເພື່ອບອກຄົນເຖິງບາງສິ່ງທີ່ມີຄວາມສຳຄັນຫລາຍ. ຕົວຢ່າງເຊັ່ນເປໂຕໄດ້ເຫັນນິມິດທີ່ຈະບອກທ່ານວ່າພຣະເຈົ້າຊົງຕ້ອງການໃຫ້ທ່ານຕ້ອນຮັບຄົນຕ່າງຊາດ.</li></ul>  
voice	<h2 id="section">@ສຽງ</h2><h3 id="section-1">ນິຍາມ</h3><p>ຄໍາວ່າ "ສຽງ" ຫລາຍຄັ້ງມັກໃຊ້ໃນທາງປຽບທຽບເພື່ອອ້າງເຖິງການເວົ້າຫລືການສື່ສານບາງຢ່າງ.</p><ul><li>ພຣະເຈົ້າກ່າວວ່າ, ພຣະອົງຊົງໃຊ້ສຽງຂອງພຣະອົງເຖິງແມ່ນພຣະອົງຈະບໍ່ມີສຽງເໝືອນຢ່າງທີ່ມະນຸດ.</li><li>ຄຳນີ້ສາມາດໃຊ້ທີ່ອ້າງເຖິງ ຄົນທັງຕົວ, ຢ່າງໃນຂໍ້ຄວາມທີ່ວ່າ "ສຽງໃນທະເລຊາຍກ່າວວ່າ, 'ຈົ່ງຕຽມທາງຂອງອົງພຣະຜູ້ເປັນເຈົ້າ.'" ເຊິ່ງອາດແປວ່າ" ບຸກຄົນໄດ້ຍິນສຽງກຳລັງເອີ້ນໃນທະເລຊາຍ…." (ເບິ່ງ: <a href="https://read.bibleineverylanguage.org/WA-Catalog/lo_tm?section=translate#figs-synecdoche" target="_blank" data-is-rc-link="" data-repo="lo_tm" data-user="WA-Catalog" data-page="translate" data-topic="figs-synecdoche" data-type="tm">figs-synecdoche</a>)</li><li>ການ "ໄດ້ຍິນສຽງບາງຄົນ" ສາມາດແປໄດ້ວ່າ "ໄດ້ຍິນບາງຄົນກຳລັງເວົ້າວ່າ."</li><li>ບາງເທື່ອຄຳວ່າ "ສຽງ" ອາດໃຊ້ສຳລັບວັດຖຸທີ່ບໍ່ສາມາດເວົ້າຕາມຕົວອັກສອນ ເຊັ່ນເມື່ອດາວິດ ບັນລະຍາຍໃນພຣະທຳເພງສັນລະເສີນຫລາຍໆ ບົດວ່າ "ສຽງ" ຂອງສະຫວັນໄດ້ປະກາດງານຍິ່ງໃຫຍ່ຂອງພຣະເຈົ້າ. ນີ້ສາມາດແປໄດ້ວ່າ "ຄວາມງົດງາມຂອງພວກມັນສະແດງໃຫ້ເຫັນຢ່າງຊັດເຈນວ່າພຣະເຈົ້າຊົງຍິ່ງໃຫຍ່ຢ່າງໃດ."</li></ul>  
vow	<h2 id="section">@ຄຳປະຕິຍານ</h2><h3 id="section-1">ນິຍາມ</h3><p>ຄຳປະຕິຍານ ຄືຄຳສັນຍາທີ່ບຸກຄົນຈະປະ​ຕິ​ບັດກັບພຣະເຈົ້າ. ບຸກຄົນສັນຍາວ່າຈະເຮັດຫຍັງບາງຢ່າງເພື່ອເປັນການຖວາຍກຽດຢ່າງພິເສດແດ່ພຣະເຈົ້າຫລືເພື່ອສະແດງຄວາມຈົ່ງຮັກພັກດີຕໍ່ພຣະອົງ.</p><ul><li>ຫຼັງຈາກທີ່ບຸກຄົນປະຕິຍານ, ເຂົາມີຂໍ້ຜູກມັດທີ່ຕ້ອງປະຕິບັດຕາມຄຳປະຕິຍານນັ້ນ.</li><li>ພຣະຄຳພີສອນວ່າບຸກຄົນອາດຈະຖືກພິພາກສາໂດຍພຣະເຈົ້າ ຖ້າທ່ານບໍ່ປະຕິບັດຕາມຄຳປະຕິຍານນັ້ນ.</li><li>ບາງເທື່ອບຸກຄົນທູນຂໍໃຫ້ພຣະເຈົ້າຊົງປົກປ້ອງ ຫລືປະທານບາງຢ່າງເພື່ອແລກກັບການກໍ່ການປະຕິຍານຕົນ.</li><li>ແຕ່ພຣະເຈົ້າບໍ່ຈຳເປັນຕ້ອງເຮັດຕາມຄຳຮ້ອງຂໍທີ່ບຸກຄົນຮ້ອງຂໍໃນຄຳປະຕິຍານນັ້ນ.</li></ul><p>% ຄຳແນະນຳໃນການແປ</p><ul><li>ຂຶ້ນຢູ່ກັບບໍລິບົດ, "ຄຳປະຕິຍານ" ອາດແປວ່າ "ສັນຍາທີ່ຈິງຈັງ" ຫລື "ສັນຍາຕໍ່ພຣະເຈົ້າ."</li><li>ຄຳນີ້ຄວນໄດ້ຮັບການແປແຕກຕ່າງຈາກ ຄຳວ່າ "ຄຳສາບານ."</li></ul>  
walk	<h2 id="section">@ເດີນ, @ຫລື @ຍ່າງ</h2><h3 id="section-1">ນິຍາມ</h3><p>ຄຳເວົ້າວ່າ "ຍ່າງມັກໃຊ້ໃນການປຽບທຽບທີ່ໝາຍເຖິງການ "ການດຳ ເນີນຊີວິດ"</p><ul><li>"ເອ​ນົກຍ່າງໄປກັບພຣະເຈົ້າ" ໝາຍເຖິງເອນົກໄດ້ດຳເນີນຊີິວິດໃກ້ສິດກັບພຣະເຈົ້າ.</li><li>"ການດຳເນີນໂດຍພຣະວິນຍານ " ໝາຍເຖິງການໄດ້ຮັບຄຳແນະນຳໂດຍພຣະວິນຍານບໍຣິສຸດເພື່ອໃຫ້ເຮົາເຮັດສີ່ງຕ່າງໆ ເປັນທີ່ຊອບຕໍ່ນ້ຳພຣະໄທແລະຖວາຍກຽດແດ່ພຣະເຈົ້າ.</li><li>"ເດີນເຂົ້າມາທາງໃນ" ຄຳສັ່ງຂອງພຣະເຈົ້າຫລືວິທີທາງຂອງພຣະເຈົ້າໝາຍເຖິງ "ດຳເນີນຊີວິດຢູ່ໃນການເຊື່ອຟັງຄຳສັ່ງຂອງພຣະອົງ" ຄື "ເຊື່ອ ຟັງຄຳສັ່ງທັງຫລາຍຂອງພຣະອົງ" ຫລື " ທຳຕາມພຣະປະສົງຂອງພຣະ ອົງ."</li><li>ເມື່ອພຣະເຈົ້າຊົງສັ່ງວ່າພຣະອົງຈະ "ດຳເນີນ​ຖ້າມກາງ" ຄົນຂອງພຣະອົງນັ້ນໝາຍຄວາມວ່າພຣະອົງຈະສະຖິດຢູ່ຖ້າມກາງພວກເຂົາຫລືມີຄວາມສັມພັນກັບພວກເຂົາຢ່າງໃກ້ສິດ.</li><li>ການ "ຍ່າງໃນທາງຕົງກັນຂ້າມ" ໝາຍເຖິງການມີຊີວິດຢູ່ຫລືການປະພືດຕົນໃນທາງທີ່ຂັດແຍ້ງຕໍ່ບາງສິ່ງບາງຢ່າງຫລືບາງຄົນ.</li><li>ການ "ຍ່າງຕາມ" ໝາຍເຖິງການສະແຫວງຫາຫລືຕິດຕາມຄົນບາງຄົນຫລືບາງສິ່ງບາງຢ່າງ ນອກຈາກນີ້ຍັງສາມາດໝາຍເຖິງການກະທຳໃນລັກສະນະດຽວກັນກັບຄົນອື່ນ.</li></ul><h3 id="section-2">ຄຳແນະນຳໃນການແປ</h3><ul><li>ສິ່ງດີທີ່ສຸດໃນການແປ "ຍ່າງ" ຕາມຕົວອັກສອນຈົນກວ່າຄວາມໝາຍຖືກຕ້ອງຈະເປັນທີ່ເຂົ້າໃຈໄດ້.</li><li>ອີກຢ່າງໜຶ່ງ ການໃຊ້  "ຍ່າງ" ໃນການປຽບທຽບ ສາມາດແປໄດ້ວ່າ</li></ul><p>" ດຳເນີນຊີວິດຢູ່" ຫລື "ການກະທຳ" ຫລື "ປະພຶດຕາມ."</p><ul><li>ຄຳທີ່ວ່າ "ຍ່າງໄປໂດຍພຣະວິນຍານ" ໝາຍຄວາມວ່າ "ດຳເນີນຊີວິດຢູ່ໃນການເຊື່ອຟັງພຣະວິນຍານບໍຣິສຸດ" ຫລື "ປະພຶດຕາມທາງທີ່ພຣະ ວິນຍານບໍຣິສຸດພໍພຣະທັຍ" ຫລື "ເຮັດສິ່ງຕ່າງໆເປັນທີ່ພໍພຣະທັຍພຣະເຈົ້າ ຕາມທີ່ພຣະວິນຍານບໍຣິສຸດຊົງນຳທ່ານ."</li><li>ເພື່ອ "ຍ່າງໄປຕາມພຣະບັນຊາຂອງພຣະເຈົ້າ" ໝາຍຄວາມວ່າ "ການດຳເນີນຊີວິດຕາມພຣະບັນຊາຂອງພຣະເຈົ້າ" ຫລື "ເຊື່ອຟັງຄຳສັ່ງຂອງພຣະເຈົ້າ."</li><li>ຖ້ອຍຄຳທີ່ວ່າ "ຍ່າງໄປກັບພຣະເຈົ້າ" ອາດໝາຍຄວາມວ່າ "ໄດ້ດຳເນີນຊີວິດທີ່ມີຄວາມສັມພັນໃກ້ສິດກັບພຣະເຈົ້າໂດຍການເຊື່ອຟັງແລະຖວາຍກຽດແດ່ພຣະອົງ.</li></ul>  
warrior	<h2 id="section">@ນັກຣົບ, @ທະຫານ</h2><h3 id="section-1">ນິຍາມ</h3><p>ຄຳວ່າ "ນັກຣົບ" ແລະ "ທະຫານ" ທັງສອງຄຳນີ້ສາມາດໝາຍເຖິງບາງຄົນເປັນຜູ້ຕໍ່ສູ້ໃນກອງທັບ ແຕ່ມີຂໍ້ແຕກຕ່າງກັນບາງຍ່າງ.</p><ul><li>ໂດຍປົກກະຕິຄຳວ່າ "ນັກຣົບ" ເປັນຄຳທົ່ວໄປ ເປັນຄວາມໝາຍເພື່ອເວົ້າເຖິງຄົນທີ່ມີພອນສະຫວັນແລະກ້າຫານໃນການຣົບ.</li><li>ພຣະຢາເວ ໄດ້ຮັບການອະທິບາຍໃນການປຽບທຽບວ່າຊົງເປັນ "ນັກຣົບ."</li><li>ຄຳວ່າ "ທະຫານ" ໂດຍສະເພາະເຈາະຈົງແມ່ນໝາຍເຖິງບາງຄົນທີ່ເປັນຜູ້ບັງຄັບກອງພັນຫລືຜູ້ທີ່ກຳລັງຕໍ່ສູ້ໃນສົງຄາມທີ່ແນ່ນອນ.</li><li>ເຫລົ່າທະຫານໂຣມັນໃນກຸງເຢຣູຊາເລັມຢູ່ທີ່ນັ້ນເພື່ອຮັກສາກົດລະບຽບແລະປະຕິບັດໜ້າທີ່ ເຊັ່ນ ຂ້ານັກໂທດທີ່ພວກເຂົາປ້ອງກັນພຣະເຢຊູ ກ່ອນພຣະອົງຈະຖືກຄຶງທີ່ໄມ້ກາງແຂນແລະບາງຄົນໄດ້ຮັບຄຳສັ່ງປ້ອງກັນອຸບໂມງຝັງສົບໄວ້.</li><li>ຜູ້ແປຄວນພິດຈາລະນາໄດ້ວ່າມີສອງຄຳໃນການແປສຳລັບ "ນັກຣົບ" ແລະ "ທະຫານ" ໃນການປ່ຽນເວນກັນຫລືບໍ່ ນັ້ນຄືຄວາມແຕກຕ່າງໃນຄວາມໝາຍແລະການເຮັດໜ້າທີ່.</li></ul>  
waste	<h2 id="section">@ສູນເສຍໄປ, @ທີ່ດິນທີ່ປະຖີ້ມໄວ້</h2><h3 id="section-1">ນິຍາມ</h3><p>ການຖີ້ມສີ່ງຂອງໃດໆ ໝາຍເຖິງການໂຍນຂອງຖີ້ມຫລືໃຊ້ຍ່າງບໍ່ລະມັດລະວັງບາງສິ່ງທີ່ຈຳເປັນ " ທີ່ດິນທີ່ປະຖີ້ມໄວ້ " ຫລື " ຂອງເສຍຫາຍ " ອ້າງເຖິງແຜ່ນດິນຫລືເມືອງທີ່ຖືກທຳລາຍ ດັ່ງນັ້ນຈຶ່ງບໍ່ມີສິ່ງທີ່ມີຊີວິດອີກຕໍ່ໄປ</p><ul><li>ຄຳເວົ້າວ່າ " ສູນເສຍໄປ " ເປັນຄຳເວົ້າທີ່ມີຄວາມໝາຍວ່າການເຈັບປ່ວຍ​ທີ່ຫລືຖືກທຳລາຍ ເຮັດ​ໃຫ້ສູນເສຍ​ສຸ​ຂ​ພາບແລ້ວຈະຄ່ອຍຈ່ອຍຜອມລົງຫລາຍເພາະໂລກແລະຂາດອາຫານ</li><li>ການ " ສູນເສຍ " ເມືອງຫລືແຜ່ນດິນ ໝາຍຄວາມວ່າຖືກທຳລາຍມັນ</li><li>ອີກຄຳເວົ້າໜຶ່ງຂອງຄຳທີ່ວ່າ " ທີ່ດິນທີ່ປະຖີ້ມໄວ້ " ສາມາດເປັນ " ທະເລຊາຍ " ຫລື " ຖິ່ນທຸລະກັນດານ " ແຕ່ທີ່ດິນທີ່ຖີ້ມປະຮ້າງໄວ້ສະແດງວ່າປະຊາຊົນເຄີຍອາໃສຢູ່ເຄີຍມີຕົ້ນໄມ້ແລະຕົ້ນພືດທີ່ເປັນອາຫານໄດ້ດ້ວຍ</li></ul>  
watch	<h2 id="section">@ເຝົ້າລະວັງ, @ຄົນຍາມ</h2><h3 id="section-1">ນິຍາມ</h3><p>ຄຳວ່າ "ເຝົ້າລະວັງ" ໝາຍເຖິງການເບິ່ງບາງສິ່ງບາງຢ່າງໃກ້ສິດແລະຮອບຄອບ ຄຳນີ້ຍັງມີຄວາມໝາຍທີ່ເປັນຮູບຮ່າງຫຼາຍປະການ "ຄົນຍາມ" ຄືບາງຄົນທີ່ເຮັດວຽກຂອງພວກເຂົາຄືການປ້ອງກັນເມືອງໂດຍການດູແລຢ່າງລະມັດລະວັງຕໍ່ອັນຕະລາຍຫຼືການຄຸກຄາມປະຊາຊົນຢູ່ໃນເມືອງ.</p><ul><li>ຄຳສັ່ງໃຫ້  "ເຝົ້າລະວັງຊີວິດແລະຫຼັກຄຳສອນຍ່າງລະມັດລະວັງ" ໝາຍເຖິງຕ້ອງລະມັດລະວັງໃນການດຳເນີນຊີວິດຢ່າງລະວັງແລະບໍ່ເຊື່ອຄຳສອນປອມ.</li><li>ການ "ລະວັງ" ຄືຄຳເຕືອນເພື່ອໃຫ້ລະມັດລະວັງການຫຼີກລ້ຽງອັນຕະລາຍຫຼືອິດທິພົນທີ່ອັນຕະລາຍ.</li><li>ການ "ເຝົ້າລະວັງ" ຫຼື "ຈົ່ງເຝົ້າລະວັງຢູ່" ໝາຍເຖິງການຕຽມພ່ອມສະເໝີແລະປ້ອງກັນຕົວຕໍ່ຄວາມບາບແລະຄວາມຊົ່ວຮ້າຍ ຍັງສາມາດໝາຍເຖິງການ "ຕຽມພ້ອມ" ດ້ວຍເຊັ່ນກັນ.</li><li>ການ "ຄອຍເຝົ້າລະວັງໄວ້" ຫຼື "ຄອຍເຝົ້າລະວັງຢ່າງໃກ້ສິດ" ສາມາດໝາຍເຖິງການປ້ອງກັນແລະ ການປົກປ້ອງຫຼືເບິ່ງແຍງຄົນໃດຄົນໜຶ່ງຫຼືສິ່ງຂອງບາງຢ່າງ.</li><li>ຄຳອື່ນໆ ສຳລັບ "ຄົນຍາມ" ຄື "ທະຫານຍາມ" ຫລື "ຍາມ"</li></ul>  
watchtower	<h2 id="section">@ຫໍຄອຍສັງເກດການ, @ຫໍຄອຍ</h2><h3 id="section-1">ນິຍາມ</h3><p>ຄຳວ່າ "ຫໍຄອຍສັງເກດການ" ໝາຍເຖິງສິ່ງກໍສ້າງທີ່ສູງ ສ້າງຂຶ້ນເພື່ອເປັນສະຖານທີ່ທະຫານຍາມສາມາດຫຼຽວເຫັນອັນຕະລາຍໄດ້ແຕ່ໃກ້ໆ ຫໍຄອຍເຫຼົ່ານີ້ເຮັດດ້ວຍກ້ອນຫີນ.</p><ul><li>ພວກເຈົ້າຂອງທີ່ດິນບາງຄົນກໍ່ສ້າງຫໍຄອຍສັງເກດການ ຈາກທີ່ພວກເຂົາສາມາດປ້ອງກັນຜົນລະປູກໄດ້ແລະປົກປ້ອງສິ່ງຂອງຈາກການຂະໂມຍ.</li><li>ຫໍຄອຍເຮັດມີຫ້ອງພັກຂອງຄົນຍາມຫຼືຄອບຄົວອາໃສຢູ່ເພື່ອຈະສາມາດປ້ອງກັນຜົນລະປູກໄດ້ທັງກາງວັນແລະກາງຄືນ.</li><li>ຫໍສັງເກດການເມືອງຕ່າງໆ ຖືກສ້າງຂຶ້ນສູງກ່ວາກຳແພງເມືອງ ເພື່ອຫຼຽວເຫັນວ່າມີສັດຕູໃດໆມາໂຈມຕີເມືອງຫຼືບໍ່.</li><li>ຄຳວ່າ "ຫໍສັງເກດການ" ເປັນສັນຍາລັກຂອງການປ້ອງກັນຈາກສັດຕູໄດ້ດ້ວຍເຊັ່ນກັນ ( ເບິ່ງ: <a href="https://read.bibleineverylanguage.org/WA-Catalog/lo_tm?section=translate#figs-metaphor" target="_blank" data-is-rc-link="" data-repo="lo_tm" data-user="WA-Catalog" data-page="translate" data-topic="figs-metaphor" data-type="tm">figs-metaphor</a>)</li></ul>  
water	<h2 id="section">@ນ້ຳ, @ຫຼືໜ້ານ້ຳ</h2><h3 id="section-1">ນິຍາມ</h3><p>ນອກເໜືອໄປຈາກຄວາມໝາຍນີ້ແລ້ວ "ນ້ຳ" ຍັງໝາຍເຖິງແມ່ນ້ຳຂະໜາດໃຫຍ່ ເຊັ່ນມະຫາສະໝຸດ, ທະເລ, ທະເລສາບ, ຫຼືແມ່ນ້ຳ.</p><ul><li>ຄຳວ່າ "ໜ້ານ້ຳ" ໝາຍເຖິງແຫຼ່ງນ້ຳຫຼືນ້ຳທີ່ມີຫຼາຍສາຍ ຍັງສາມາດອ້າງອີງທົ່ວໄປໄດ້ອີກສຳລັບນ້ຳຫຼືແຫຼ່ງນ້ຳທີ່ມີຫຼາາຍແຫ່ງ.</li><li>ການໃຊ້ "ນ້ຳ" ເຊິ່ງເປັນການປຽບທຽບ ໝາຍເຖິງຄວາມທຸກຍາກຢ່າງຫຼວງຫຼາຍ ຄວາມລຳບາກແລະການທົນທູກທໍລະມານຕົວຢ່າງເຊັ່ນ ພຣະເຈົ້າຊົງສັນຍາວ່າເມື່ອພຣະອົງ "ຢ່າງເທິງໜ້ານ້ຳ" ພຣະອົງຈະຊົງຢູ່ກັບເຮົາ.</li><li>ຖ້ອຍຄຳທີ່ວ່າ " ນ້ຳຫຼາຍ " ຊີ້ໃຫ້ເຮົາເຫັນວ່າມີຄວາມທຸກຍາກລຳບາກຢ່າງໃດ.</li><li>ໃຫ້ "ນ້ຳ" ສັດແລະສັດອື່ນໆ ​ໝາຍເຖິງການ "ຈັດຫາມາໍ້ໃຫ້ " ພວກມັນ ໃນສະໃໝພຣະຄຳພີເດີມມັກກ່ຽວຂ້ອງກັບການຕັກນ່ຳຈາກບໍ່​ນ່ຳ ພ້ອມທັງໃຊ້ຖັງຫຼືຄຸຕັກນ້ຳແລະເທ​ນ້ຳລົງໄປໃນ​ອ່າງຫຼືໃສ່ສິ່ງຂອງອຶ່ນໆ ສຳລັບສັດທີ່ຈະກິນນາໍ້ຈາກສິ່ງຂອງເຫຼົ່ານັ້ນ.</li><li>ໃນພັນທະສັນຍາເດີມ ພຣະເຈົ້າໄດ້ຮັບການຊົງນຳເຖິງວ່າເປັນ ນ້ຳພຸຫຼືນ້ຳພຸແຫ່ງ "ນ້ຳທີ່ມີຊີວິດ" ສຳລັບປະຊາຊົນຂອງພຣະອົງ ນີ້ໝາຍຄວາມວ່າພຣະອົງຊົງເປັນແຫຼ່ງພຣະລັງແຫ່ງວິນຍານແລະຄວາມຊົມຊື່ນຍິນດີ.</li><li>ໃນພັນທະສັນຍາໃໝ່ ພຣະເຢຊູຊົງໃຊ້ຄຳວ່າ "ນ້ຳທີ່ມີຊີວິດ" ເພື່ອໝາຍເຖິງພຣະວິນຍານບໍຣິສຸດທີ່ທຳງານຢູ່ໃນຕົວເຮົາເພື່ອປຽນແປງຊີວິດເຮົາແລະນຳມາໃຊ້ໃນຊີວິດໃໝ່.</li></ul><h3 id="section-2">ຄຳແນະນຳໃນການແປ</h3><ul><li>ຄຳວ່າ "ຕັກນ້ຳ" ສາມາດໝາຍຄວາມວ່າ " ຕັກນ້ຳຂຶ້ນຈາກບໍ່​ນ້ຳດ້ວຍຖັງຫລືຄຸ"</li><li>"ລຳທານແຫ່ງນ້ຳທີ່ມີຊີວິດຈະໄຫຼຈາກພູເຂົາ" ອາດໝາຍຄວາມໄດ້ວ່າ "ພຣະລັງແລະພຣະຈາກພຣະວິນຍານບໍຣິສຸດຈະໄຫຼອອກຈາກພວກເຂົາເໝືອນສາຍທານແຫ່ງແມນ້ຳ" ຄຳວ່າ "ພຣະພອນ" ອາດຈະໃຊ້ຄຳເຫຼົ່າແທນໄດ້ ຄືຄຳວ່າ "ຂອງພຣະຣາຊະທານ" ຫຼື "ຜົນ" ຫຼື "ບຸກຄະລິກໜ້າສັດທາ."</li><li>ເມື່ອພຣະເຢຊູຊົງກຳລັງເວົ້າກັບຜູ້ຍິງຊາວສະມາເຣຍທີ່ບໍ່ນ້ຳຄຳວ່າ "ນ້ຳທີ່ມີຊີວິດ" ອາດຈະໝາຍຄວາມວ່າ "ນ້ຳທີ່ໃຫ້ຊີວິດ" ຫຼື " ນ້ຳທີ່ໃຫ້ມີຊີ ວິດ" ໃນ​ກໍ​ລະ​ນີ້ ພາບຂອງນ້ຳຕ້ອງຖືກສະ​ແດງ​ໃນ​ການ​ແປ.</li><li>ຂື້ນຢູ່ກັບກໍ​ລະ​ນີ ຄຳວ່າ "ນ້ຳ" ຫຼື "ນ້ຳຫຼາຍ" ສາມາດເວົ້າໄດ້ວ່າ "ຄວາມທຸກທໍລະມານອັນຍິ່ງໃຫຍ່."</li></ul>  
well	<h2 id="section">@ບໍ່ນ້ຳ,  @ຫຼືຖັງໃສ່ນ້ຳ</h2><h3 id="section-1">ນິຍາມ</h3><p>ຄຳວ່າ "ບໍ່ນ້ຳ" ແລະ "ຖັງໃສ່ນ້ຳ" ໝາຍເຖິງແມ່ນ້ຳສອງສາຍໃນສະໃໝພຣະຄຳພີ."</p><ul><li>ບໍ່ນ້ຳຄືຫຼູມເລິກທີ່ຖືກຂຸດລົງໄປໃນພື້ນດິນເພື່ອໃຫ້ນ້ຳໄຫຼອອກມາຈາກພືນດິນໄດ້</li><li>ອ່າງເກັບນ້ຳຂະໜາດໃຫຍ່ແລະເລິກທີ່ຂຸດເຂົາໄປໃນຫີນເພື່ອໃຊ້ເປັນບ່ອນເກັບນ້ຳຝົນໄດ້</li><li>ອ່າງເກັບນ້ຳໂດຍປົກກະຕິຈະຂຸດລົງໄປໃນຫີນທີ່ສານດ້ວຍໄມ້ແລະເອົາຢາງມາທາບໍ່ໃຫ້ຮົ່ວເພື່ອຈະໃສ່ນ້ຳໄວ້ໄດ້ "ອ່າງແຕກ" ເມື່ອຢາງທາບໍ່ດີ ນ້ຳກໍໃຫຼອອກໄດ້.</li><li>ອ່າງນ້ຳໂດຍປົກກະຕິຈະຕັ້ງຢູ່ໃນບໍລິເວນເດີ່ນບ້ານຂອງປະຊາຊົນເພື່ອລໍຮັບນາໍ້ຝົນທີ່ໃຫຼອອກມາຈາກຫຼັງຄາບ້ານ.</li><li>ອ່າງນ້ຳໂດຍປົກກະຕິຈະຕັ້ງຢູ່ໃນສະຖານທີ່ໆພວກເຂົາສາມາດເຂົ້າເຖິງໄດ້ໂດຍຄອບຄົວຫຼືຊຸມຊົນທັງໝົດ.</li><li>ເນື່ອງຈາກນ້ຳເປັນສິ່ງສຳຄັນສຳຫຼັບທັງຄົນແລະສັດມີສິດທິໃນການໃຊ້ບໍ່ນ້ຳມັກມີສານເຫດຂອງການຜິດຖຽງກັນແລະຄວາມຂັດແຍ່ງກັນ.</li><li>ທັງບໍ່ນ້ຳແລະອ່າງເກັບນ້ຳຈະຖືກປິດດ້ວຍຫີນກ້ອນໃຫຍ່ເພື່ອປ້ອງກັນບໍ່ໃຫ້ມີສິ່ງໃດໆ ຕົກລົງໄປໃນບໍ່.  ບໍ່ມັກຈະມີເຊືອກຜູກມັດກັບຖັງຫຼືຄຸເພື່ອຕັກນ້ຳຂຶ້ນມາໃຊ້.</li><li>ບາງຄັງກໍມີການໃຊ້ຖັງເກັບນ້ຳເພື່ອເປັນທີ່ຄຸມຂັງຄົນ ເຊັ່ນທີ່ເກີດຂື້ນກັບໂຢເຊັບແລະເຢ​ເຣມີຢາ.</li></ul><h3 id="section-2">ຄຳແນະນຳໃນການແປ</h3><ul><li>ວິທີການແປ "ບໍ່ນ້ຳ" ອາດໝາຍເຖິງ "ຂຸມນ້ຳທີ່ເລິກ" ຫຼື "ຂຸມເລິກສຳລັບນ້ຳພຸ" ຫຼື "ຂຸມເລິກສຳຫລັບຕັກນ້ຳຂຶ້ນມາໃຊ້. "</li><li>ຄຳວ່າ "ອ່າງເກັບນ້ຳ" ສາມາດແປເປັນ "ຂຸມຫີນເກັບນ້ຳ" ຫຼື "ຂຸມເລິກແລະແຄບສຳລັບນ້ຳ" ຫຼື "ຖັງເກັນນ້ຳໄວ້ໃຕ້ດິນ."</li><li>ຄຳຊັບເຫຼົ່ານີ້ມີຄວາມໝາຍຄືກັນ ຄວາມແຕ່ງກັນ ກໍຄືອ່າງນ້ຳມັກຈະໄດ້ຮັບນ້ຳຈາກຟື້ນດິນ ໃນຂະນະທີ່ນາໃນອ່າງເກັບນ້ຳມັກຈະເປັນອ່າງເກັບນ້ຳທີ່ມາຈາກຝົນ.</li></ul>  
wheat	<h2 id="section">@ຕົ້ນເຂົ້າບາເລ</h2><h3 id="section-1">ນິຍາມ</h3><p>ເຂົ້າບາເລເປັນເຂົ້າປະເພດໜຶ່ງທີ່ປະຊາຊົນປູກເພື່ອເປັນອາຫານ ເມື່ອພຣະຄຳພີເວົ້າເຖິງ "ເຂົ້າ" ຫຼື "ເມັດ" ບາງຄັ້ງກໍກຳລັງເວົ້າເຖິງເຂົ້າບາເລຫຼືເມັດເຂົ້າບາເລ.</p><ul><li>ເມັດເຂົ້າບາເລຫລືເຂົ້າອອກຮວງຂຶ້ນທີ່ປາຍຂອງຕົ້ນເຂົ້າບາເລ.</li><li>ຫຼັງຈາກການເກັບກ່ຽວເຂົ້າບາເລ ເມັດຈະຖືກແຍກອອກຈາກຮວງໂດຍການຍີເມັດອອກ ຕົ້ນຂອງເຂົ້າບາເລເອີ້ນວ່າ "ເຟືອງ" ແລະມັດວາງໄວ້ພື້ນເພື່ອໃຫ້ສັດທັງຫຼາຍເປັນບ່ອນນອນ.</li><li>ຫຼັງຈາກຍີເມັດອອກແລ້ວ ເມັດລີບທີ່ຢູ່ອ້ອມຮອບເມັດຕື່ງຈະຖືກແຍກອອກໂດຍການຝັດຫຼືຮ່ອນອອກແລະຖິ້ມໄປ.</li><li>ປະຊາຊົນໄດ້ບົດເຂົ້າບາເລໃຫ້ເປັນແປ້ງ ແລະໃຊ້ເຂົ້າບາເລເຮັດເປັນເຂົ້າໜົມປັງ.</li></ul>  
will of god	<h2 id="section">@ພຣະປະສົງຂອງພ​ຣະເຈົ້າ</h2><h3 id="section-1">ນິຍາມ</h3><p>"ພຣະປະສົງຂອງພຣະເຈົ້າ" ເວົ້າເຖິງຄວາມຕ້ອງການແລະແຜນການຂອງພຣະເຈົ້າ.</p><ul><li>ພຣະປະສົງຂອງພຣະເຈົ້າ ໂດຍສະເພາະແມ່ນກ່ຽວຂ້ອງກັບການພົວພັນກັບຄົນອື່ນ ແລະການທີ່ພຣະອົງຕ້ອງການ ເພາະພຣະອົງຕ້ອງການໃຫ້ປະຊາຊົນຕອບສະໜອງຕໍ່ພຣະອົງຢ່າງໃດ.</li><li>ຍັງເວົ້າເຖິງແຜນການຕ່າງໆ ຫຼືພຣະປະສົງຕ່າງໆຂອງພຣະອົງສຳລັບສິ່ງອື່ນໆ ໃນການຊົງສ້າງຂອງພຣະອົງ.</li><li>ຄຳວ່າ " ພຣະປະສົງ" ໝາຍເຖິງ "ມຸ້ງໝັ້ນ" ຫຼື "ຕ້ອງການ."</li></ul><h3 id="section-2">ຄຳແນະນຳໃນການແປ</h3><ul><li>ພຣະປະສົງຂອງພຣະເຈົ້າ " ອາດຈະແປວ່າ "ສິ່ງທີ່ພຣະເຈົ້າຊົງຕ້ອງການ" ຫຼື "ສິ່ງທີ່ພຣະເຈົ້າໄດ້ຊົງວາງແຜນການໄວ້" ຫຼື "ວັດຖຸປະສົງຂອງພຣະເຈົ້າ" ຫຼື "ສິ່ງທີ່ພຣະເຈົ້າຊົງພໍພຣະໄທ."</li></ul>  
wine	<h2 id="section">@ເຫຼົ້າອາງຸ່ນ, @ຖັງເຫຼົ້າອາງຸ່ນ, @ເຫຼົ້າງຸ່ນໃໝ່</h2><h3 id="section-1">ນິຍາມ</h3><p>ໃນພຣະຄຳພີໄດ້ກ່າວໄວ້ວ່າ "ເຫຼົ້າອາງຸ່ນ" ເວົ້າເຖິງປະເພດເຄື່ອງດື່ມທີ່ມັກທຳຈາກນ້ຳຜົນລະໄມ້ທີ່ເອີ້ນກັນວ່ານ້ຳອາງຸ່ນ ເຫຼົ້າອາງຸ່ນຈະຖືກເກັບໄວ້ໃນ " ຖົງເຫຼົ້າອາງຸ່ນ " ຊື່ງເປັນສິ່ງຂອງທີ່ທຳດ້ວຍໜັງສັດ.</p><ul><li>ຄຳທີ່ວ່າ "ເຫຼົ້າອາງຸ່ນໃໝ່" ໝາຍເຖິງນ້ຳອາງຸ່ນທີ່ກຳລັງນຳມາຈາກໝາກອາງຸ່ນແລະຍັງບໍ່ທັນໝັກ ບາງຄັ້ງຄຳວ່າ "ເຫຼົ້າອາງຸ່ນ" ໝາຍເຖິງນ້ຳອາງຸ່ນທີ່ບໍ່ໄດ້ທັນໝັກໄວ້.</li><li>ໃນການເຮັດເຫຼົ້າອາງຸ່ນ ໝາກອາງຸ່ນໄດ້ຖືກຄັ້ນຫລືຢຽບໃນອ່າງໃຫຍ່ ເພື່ອໃຫ້ນ້ຳໝາກອາງຸ່ນອອກມາ ນ້ຳອາງຸ່ນຈະນຳໄປໝັກໄວ້ ແລະໃຫ້ເກີດມີກິ່ນເຫຼົ້າແອນກໍຮໍອອກມາ.</li><li>ໃນສະໃໝພຣະຄຳພີ ເຫຼົ້າອາງຸ່ນເປັນເຄື່ອງດື່ມປົກກະຕິໃນການຮັບປະທານອາຫານ ຊຶ່ງບໍ່ໄດ້ມີເຫຼົ້າອາງຸ່ນຫຼາຍເໝືອນປະຈຸບັນນີ້.</li><li>ກ່ອນທີ່ເຫຼົ້າອາງຸ່ນໄດ້ຖືກນຳມາໃຊ້ສຳລັບການຮັບປະທານອາຫານກໍມັກຈະປະສົມກັບນ້ຳກ່ອນຈະດື່ມ.</li><li>ຖົງເຫຼົ້າອາງຸ່ນທີ່ເກົ່າແລ້ວແລະເປື່ອຍຈະມີຮອຍແຕກຫຼືຂາດຊື່ງຈະທຳໃຫ້ເຫຼົ້າອາງຸ່ນໃຫຼອອກມາ ຖົງເຫຼົ້າອາງຸ່ນໃໝ່ຈະອ່ອນແລະຍືດອອກ ຊື່ງໝາຍຄວາມວ່າມັນບໍ່ຈີກຫຼືຂາດໄດ້ງ່າຍແລະສາມາດເກັບເຫຼົ້າອາງຸ່ນໄວ້ໄດ້ເປັນຢ່າງດີ.</li><li>ຫາກເຫຼົ້າອາງຸ່ນບໍ່ເປັນທີ່ຮູ້ຈັກໃນວັດທະນະທຳທ່ານ ກໍສາມາດແປໄດ້ວ່າ "ນ້ຳອາງຸ່ນທີ່ໝັກແລ້ວ" ຫຼື "ເຄື່ອງດື່ມໝັກທີ່ທຳຈາກໝາກໄມ້ທີ່ເອີ້ນວ່າອາງຸ່ນ" ຫຼື "ນ້ຳໝາກໄມ້ໝັກ" ( ເບິ່ງ: [ How to Translate Unknows](<a href="https://git.door.43.org/Door43/en-ta-Translate-">https://git.door.43.org/Door43/en-ta-Translate-</a></li></ul><p>vol1/src/master/content/traslate_unknown.md))</p><ul><li>ວິທີແປຄຳວ່າ "ຖົງເຫຼົ້າອາງູ່ນ " ສາມາດລວມເຖິງ "ຖົງສຳລັບເຫຼົ້າອາງຸ່ນ" ຫຼື "ຖົງເຫຼົ້າອາງຸ່ນເຮັດດ້ວຍໜັງສັດ" ຫຼື "ເຮັດດ້ວຍໜັງສັດໃຊ້ສຳລັບເຫຼົ້າອາງຸ່ນ."</li></ul>  
winepress	<h2 id="section">@ອ່າງຢຽບໝາກອາງຸ່ນ</h2><h3 id="section-1">ນິຍາມ</h3><p>ໃນສະໃໝພຣະຄຳພີເດີມ "ອ່າງຢຽບໝາກອາງຸ່ນ" ເປັນສິ່ງຂອງທີ່ໃຫຍ່ ຫຼືສະຖານທີ່ໂດງເປັນບ່ອນນ້ຳອາງຸ່ນຈະອອກມາໄດ້ເພື່ອເຮັດເຫຼົ້າອາງຸ່ນໄດ້.</p><ul><li>ໃນອິດສະຣາເອນ ບ່ອນຢຽບໝາກອາງຸ່່ນເປັນອ່າງຂອງຂະໜາດໃຫຍ່ແລະກວ້າງທີ່ຂຸດເຂົ້າໄປໃນພື້ນຫີນ ພວງໝາກອາງຸ່ນຈະຖືກຖີ້ມລົງໃນກົ້້ນບ່ອນຮາບພຽງຂອງອ່າງແລະຄົນກໍໄດ້ຢຽບຢ້ຳໝາກອາງຸ່ນດ້ວຍຕີນ ເພື່ອໃຫ້ນ້ຳອາງຸ່ນໄຫຼອອກມາ.</li><li>ໂດຍປົກກະຕິ ອ່າງຢຽບໝາກອາງຸ່ນຈະມີສອງແບບ ດ້ວຍກັນຢຽບໝາກອາງຸ່ນໃນວິທີເຮັດຂະໜົມ ດັ່ງນັ້ນນ້ຳອາງຸ່ນກໍ​ໄຫຼອອກມາທາງຫລຸ່ມເພື່ອທີ່ຈະນຳເຄື່ອງຜອງເອົາມາໃຊ້.</li><li>ຄຳວ່າ " ອ່າງຢຽບໝາກອາງຸ່ນ " ໄດ້ຖືກນຳມາໃຊ້ໃນການປຽບທຽບໃນພຣະຄຳພີ ເຖິງພຣະພິໂລດຂອງພຣະເຈັົ້າທີ່ໄດ້ເທລົງມາເຖິງປະຊາຊາດຕ່າງໆ ທີ່ຊົ່ວຮ້າຍ ( ເບິ່ງ: <a href="https://read.bibleineverylanguage.org/WA-Catalog/lo_tm?section=translate#figs-metaphor" target="_blank" data-is-rc-link="" data-repo="lo_tm" data-user="WA-Catalog" data-page="translate" data-topic="figs-metaphor" data-type="tm">figs-metaphor</a>)</li></ul>  
winnow	<h2 id="section">@ຝັດເຂົ້າ, @ຫ່ອນ</h2><h3 id="section-1">ນິຍາມ</h3><p>ຄຳວ່າ "ຝັດເຂົ້າ" ແລະ "ຫ່ອນ"  ໝາຍເຖິງການແຍກເມັດເຂົ້າອອກຈາກແກບຖີ້ມ. ໃນພຣະຄຳພີ ຄຳທັງສອງຄຳນີ້ກໍໃຊ້ເປັນຄວາມປຽບທຽບໝາຍຄວາມວ່າການແຍກສິ່ງຂອງຫຼືແບ່ງຜູ້ຄົນອອກຈາກກັນ.</p><ul><li>"ຝັດເຂົ້າ " ໝາຍຄວາມວ່າແຍກເມັດເຂົ້າຈາກສິ່ງທີ່ບໍ່ຕ້ອງການໃນການກ້າຂອງປູກ ໂດຍການໂຍນທັງເມັດເຂົ້າແລະແກບຂື້ນໄປໃນອາກາດເພື່ອໃຫ້ລົມພັດແກບອອກໄປ.</li><li>ຄຳວ່າ "ຫ່ອນ" ໝາຍເຖິງການແຍກເມັດເຂົ້າແລະແກບໃນດົ້ງຝັດເພື່ອຈະນຳເອົາແກບອອກບໍ່ໃຫ້ເຫລືອປົນຢູ່ກັບເຂົ້າ.</li><li>ໃນພັນທະສັນຍາເດີມ "ຝັດເຂົ້າ" ແລະ "ຫ່ອນ" ໃຊ້ເປັນຄວາມປຽບທຽບເພື່ອອະທິບາຍເຖິງຄວາມລຳບາກທີ່ແຍກຄົນຊອຍທຳອອກຈາກຄົນບໍ່ຊອບທຳ.</li><li>ພຣະເຢຊູຊົງໃຊ້ຄຳອຸປະມາວ່າ "ຫ່ອນ" ດ້ວຍວິທີການປຽບທຽບນີ້ເມື່ອພຣະອົງຊົງບອກຊີໂມນເປໂຕວ່າພວກເຂົາແລະສາວົກຄົນອື່ນໆຈະໄດ້ຮັບການທົດລອງຄວາມສັດຊື່ຂອງພວກເຂົາໄດ້ຢ່າງໃດ.</li><li>ການແປຄຳຊັບເຫຼົ່ານີ້ ໃຫ້ໃຊ້ຄຳຫຼືຄຳທີ່ວ່າ ໃນພາສາທີ່ກຳລັງແປທີ່ໝາຍເຖິງກິດຈະກຳນີ້ ການແປທີ່ເປັນໄປໄດ້ເຊັ່ນ "ການແຍກ" ຫຼື "ການພັດວີ" ຖ້າຝັດເຂົ້າ ຫຼືຫ່ອນເຂົ້າບໍ່ເປັນທີ່ຮູ້ຈັກ ດັ່ງນັ້ນ ຄຳຊັບເຫຼົ່ານີ້ອາດຈະແປໂດຍມີຄວາມໝາຍທີ່ຕ່າງກັນອອກໄປໃນການແຍກເມັດເຂົ້າອອກຈາກແກບຫຼື ຝຸ່ນ ຫຼືໂດຍການອະທິບາຍໃນເລື່ອງນີ້.</li></ul>  
wise	<h2 id="section">@ສະຫຼາດ, @ຄວາມສະຫຼາດ</h2><h3 id="section-1">ນິຍາມ</h3><p>ຄຳວ່າ "ສະຫຼາດ" ອະທິບາຍເຖິງຄົນທີ່ເຂົ້າໃຈວ່າແມ່ນຫຍັງເປັນສິ່ງທີ່ຖືກຕ້ອງແລະຄຸນນະທຳພໍທີ່ຈະທຳໃນສິ່ງນັ້ນ "ຄວາມສະຫຼາດ" ຄືຄວາມເຂົ້າໃຈແລະການປະຕິບັດໃນສິ່ງທີ່ເປັນຄວາມຈິງແລະຖືກຕ້ອງຕາມຫຼັກສິນລະທຳ.</p><ul><li>ການເປັນຄົນສະຫຼາດຮວມເຖິງຄວາມສາມາດໃນການຕັດສິນໃຈທີ່ດີໂດຍສະເພາະຢ່າງຍິ່ງໃນການເລືອກທີ່ຈະທຳໃນສິ່ງທີ່ເປັນທີ່ພໍພຣະໄທຂອງພຣະເຈົ້າ.</li><li>ໃນພຣະຄຳພີ ຄຳທີ່ວ່າ "ຄວາມສະຫຼາດຝ່າຍໂລກ " ເປັນວິທີທີ່ປຽບໃນການອ້າງອີງເຖິງສິ່ງທີ່ຜູ້ຄົນໃນໂລກນີ້ຄິດວ່າສະຫຼາດ ແຕ່ທີ່ຈິງແລ້ວເປັນສິ່ງທີ່ໂງ່.</li><li>ຄົນຈະກາຍເປັນຄົນສະຫຼາດໂດຍການເຊື່ອຟັງພຣະເຈົ້າແລະເຊື່ອຟັງພຣະປະສົງຂອງພຣະອົງດ້ວຍຄວາມຖ່ອມໃຈ.</li><li>ຄົນສະຫຼາດຈະສະແດງເຖິງຜົນຂອງພຣະວິນຍານບໍຣິສຸດໃນຊີວິດຂອງເຂົາເຊັ່ນ ຄວາມສຸກ, ຄວາມເມດຕາ, ຄວາມຮັກ, ແລະຄວາມອົດທົນ.</li></ul><h3 id="section-2">ຄຳແນະນຳໃນການແປ</h3><ul><li>ຂຶ້ນຢູ່ກັບບໍລິສັດ ໃນວິທີອື່ນໃນການແປ "ສະຫຼາດ" ອາດຈະຮວມເຖິງ "ການເຊື່ອຟັງເຈົ້າ" ຫຼື "ມີເຫດຜົນແລະເຊື່ອຟັງ" ຫຼື "ການຢໍາເກງພຣະເຈົ້າ."</li><li>"ສະຕິປັນຍາ" ອາດຈະແປໂດຍຄຳຫຼືຄຳທີ່ແປວ່າ "ໃຊ້ຊີວິດທີ່ສະຫຼາດ" ຫລື "ດຳເນີນຊີວິດທີ່ເໝາະສົມໃນການເຊື່ອຟັງ" ຫຼື "ການຕົດສິນຄວາມທີ່ດີ"</li><li>ທາງທີ່ດີທີ່ສຸດໃນການແປ "ສະຫຼາດ" ແລະ "ສະຕິປັນຍາ" ໃນແບບທີ່ມັນເປັນຄຳທີ່ແຕກຕ່າງຈາກຄຳອື່ນໆ ເຊັ່ນຄຳວ່າຊອບທຳຫຼື ເຊື່ອຟັງເປັນຕົ້ນ.</li></ul>  
wise men	<h2 id="section">@ນັກປາດ, @ຄົນສະຫຼາດ, @ຫລືໂຫຣາຈານ</h2><h3 id="section-1">ນິຍາມ</h3><p>ໃນພຣະຄຳພີ ກ່າວວ່າ "ນັກປາດ" ໄດ້ນຳມາໃຊ້ເພື່ອໝາຍເຖິງຜູ້ທີ່ມີຄວາມຮູ້ທີ່ຮັບໃຊ້ພຣະເຈົ້າແລະກະທຳຢ່າງສະຫຼາດ ບໍ່ໂງ່ ເປັນຄຳສັບທີ່ພິເສດໄດ້ອ້າງອີງເຖິງຜູ້ຄົນທີ່ມີຄວາມຮູ້ບໍ່ທຳມະດາແລະມີຄວາມສາມາດຫຼາກຫຼາຍທີ່ຮັບໃຊ້ໃນພະຣາຊະວັງຂອງກະສັດ.</p><ul><li>ບາງຄັ້ງຄຳວ່າ "ນັກປາດ" ໄດ້ອະທິບາຍໃນພຣະຄຳພີວ່າເປັນ "ຄົນທີ່ສະຫຼາດ" ຫຼື "ຄົນທີ່ມີຄວາມເຂົ້າໃຈ" ອ້າງອີງເຖິງຄົນທີ່ກະທຳໃນສິ່ງທີ່ສະຫຼາດ ແລະຊອບທຳ ເພາະວ່າພວກເຂົາເຊື່ອຟັງພຣະເຈົ້າ.</li><li>"ຄົນສະຫຼາດ" ທີ່ຮັບໃຊ້ຟາຣາໂອ ແລະກະສັດອື່ນໆ ບາງຄັ້ງເປັນຄົນອາວຸໂສສຶກສາເລື່ອງດວງດາວຕ່າງໆ ໂດຍສະເພາະຢ່າງຍິ່ງແມ່ນການສຶກສາຄວາມໝາຍແລະຮູບແບບຂອງດວງດາວຕ່າງໆ ຕາມຊື່ຂອງດວງດາໃນທ້ອງຟ້າ.</li><li>ບາງຄັ້ງພວກນັກປາດກໍຖືກບັງຄັບໃຫ້ອະທິບາຍຄວາມໝາຍຂອງຄວາມຝັນ ຕົວຢ່າງເຊັ່ນ ກະສັດເນບູກັດເນັດຊາມີຄຳສັ່ງໃຫ້ນັກປາດຂອງພະອົງທຳນວາຍຄວາມຝັນແລະບອກພະອົງວ່າສິ່ງເຫຼົ່ານັ້ນມີຄວາມໝາຍວ່າຢ່າງໃດ ແຕ່ບໍ່ມີຜູ້ໃດຈັກຄົນດຽວໃນພວກເຂົາທີ່ສາມາດຈະເຮັດໄດ້ ຍົກເວັ້ນ ດານິເອນຜູ້ທີ່ໄດ້ຮັບນິມິດຈາກພຣະເຈົ້າ.</li><li>ບາງຄັ້ງພວກນັກປາດກໍສາມາດສະແດງກົນໄດ້ ເຊັ່ນ ການທຳນວາຍໂຊກຊາຕາຫລືທຳການອັດສະຈັນ ໄດ້ເຮັດຜ່ານທາງອຳນາດຂອງວິນຍານຊົ່ວຕ່າງໆ.</li><li>ໃນພັນທະສັນຍາໃໝ່ ກຸ່ມຄົນທີ່ມາຈາກພາກຕາເວັນອອກເພື່ອມານະມັດສະການພຣະເຢຊູທີ່ເອີ້ນກັນວ່າ "ເມໃຈ" ຊຶ່ງບາງຄັ້ງໝາຍຄວາມວ່າ "ນັກປາດ" ຄຳນີ້ບາງທີໄດ້ເວົ້າເຖິງບັນດານັກປາດຜູ້ທີ່ຮັບໃຊ້ຜູ້ປົກຄອງປະເທດທາງຕາເວັນອອກ.</li><li>ບາງເທື່ອພວກຄົນເຫຼົ່ານັ້ນເປັນນັກດາລາສາດຜູ້ທີ່ໄດ້ສຶກສາດວງດາວ ມີຫຼາຍທ່ານໄດ້ມີຄວາມຄິດວ່າພວກເຂົາອາດຈະເປັນລູກຫຼານຂອງນັກປາດຜູ້ຊຶ່ງດານິເອນໄດ້ສອນພວກເຂົາເມື່ອຢູ່ໃນກຸງບາບີໂລນ.</li><li>ຂຶ້ນຢູ່ກັບເນື້ອ​ຫາ ຄຳວ່າ "ນັກປາດ" ອາດຈະແປໂດຍໃຊ້ຄຳວ່າ "ສະຫຼາດ " ຫຼືຄຳທີ່ວ່າເຊັ່ນ "ຄົນທີ່ມີພອນ" ຫຼຶ "ຄົນທີ່ມີການສຶກສາ" ຫຼື ຄຳອື່ນໆ ທີ່ໝາຍເຖິງຄົນເຫຼົ່ານັ້ນທີ່ມີວຽກທີ່ສຳຄັນສຳຫຼັບຜູ້ປົກ ຄອງ.</li><li>ເມື່ອ "ນັກປາດ" ເປັນຖ້ອຍຄຳໆນາມ ຄຳວ່າ "ສະຫຼາດ" ຄວນຈະຖືກແປໃນຄວາມໝາຍດຽວກັນຫຼືຄ້າຍຄືກັນເພື່ອຈະຮູ້ວ່າໄດ້ມີການແປຢ່າງໃດໃນຕອນອື່ນໆ ຂອງພຣະຄຳພີ.</li></ul>  
witness	<h2 id="section">@ພະຍານ, @ສັກຂີພະຍານ</h2><h3 id="section-1">ນິຍາມ</h3><p>ຄຳວ່າ " ພະຍານ " ໝາຍເຖິງບຸກຄົນຜູ້ທີ່ມີປະສົບການສ່ວນຕົວບາງຢ່າງທີ່ເກີດຂຶ້ນ ໂດຍປົກກະຕິພະຍານເປັນບາງຄົນຜູ້ຊຶ່ງເປັນພະຍານໃນສິ່ງທີ່ພວກເຂົາວ່າເປັນຄວາມຈິງ ຄຳວ່າ " ສັກຂີພະຍານ " ຈະໝາຍເຖິງຕົວບຸກຄົນນັ້ນຢູ່ທີ່ບ່ອນນັ້ນແທ້ໆ ແລະໄດ້ເຫັນວ່າມີຫຍັງໄດ້ເກີດຂຶ້ນ</p><ul><li>" ເພື່ອເປັນພະຍານ " ບາງສິ່ງບາງຢ່າງໝາຍຄວາມວ່າການເຫັນສິ່ງນີ້ເກີດຂື້ນ</li><li>ໃນການພິຈາຣະນາຄະດີ ພະຍານ " ໃຫ້ການເປັນພະຍານ " ຫລື " ເປັນພະຍານ " ແມ່ນມີຄວາມໝາຍເຊັ່ນດຽວກັນ " ໃຫ້ການຢືນຢັນ "</li><li>ພະຍານທັງຫລາຍ ມີຄວາມຄາດຫວັງວ່າຈະບອກຄວາມຈິງກ່ຽວກັບສິ່ງທີ່ພວກເຂົາໄດ້ເຫັນຫລືໄດ້ຍິນ</li><li>ພະຍານທີ່ບໍ່ໄດ້ບອກຄວາມຈິງກ່ຽວກັບສິ່ງທີ່ເກີດຂຶ້ນເອີ້ນວ່າ " "ພະຍານເວົ້າຄວາມເທັດ " ເຂົາຖືກກ່າວຫາວ່າ " ໃຫ້ການເປັນພະຍານເທັດ  "ຫລື " ເປັນພະຍານເທັດ "</li><li>ຖ້ອຍຄຳທີ່ວ່າ " ເປັນພະຍານລະຫວ່າງ  " ໝາຍຄວາມວ່າບາງສິ່ງບາງຢ່າງຄົນມັກຈະມີຫລັກຖານວ່າທີ່ໄດ້ມີການເຮັດສັນຍາໄວ້ ພະຍານຈະແນ່ໃຈໄດ້ວ່າແຕ່ລະຄົນຈະເຮັດໃນສິ່ງທີ່ຕົນສັນຍາໄວ້</li></ul><h3 id="section-2">ຄຳແນະນຳໃນການແປ</h3><ul><li>ຄຳທີ່ວ່າ " ພະຍານ " ຫລື " ສັກຂີພະຍານ " ສາມາດແປດ້ວຍຄຳຫລືຖ້ອຍຄຳທີ່ມີຄວາມໝາຍວ່າ " ຄົນທີ່ໄດ້ເຫັນ " ຫລື " ຄົນທີ່ເຫັນເຫດການນີ້ເກີດຂຶ້ນ " ຫລື " ຄົນເຫລົ່ານັ້ນທີ່ໄດ້ເຫັນແລະໄດ້ຍິນ</li></ul>  
woe	<h2 id="section">@ໄພວິບັດ</h2><h3 id="section-1">ນິຍາມ</h3><p>ຄຳວ່າ "ວິບັດ " ມາຍເຖິງຄວາມຮູ້ສຶກທຸກໃຈເປັນຢ່າງຍິ່ງ ມັນຍັງໃຫ້ຄຳເຕືອນທີ່ຄົນບາງຄົນຈະປະສົບກັບບັນຫາຢ່າງຮ້າຍແຮງ.</p><ul><li>ຂໍ້ຄວາມທີ່ວ່າ "ວິບັດແກ່" ຈະຕາມມາດ້ວຍຄຳເຕືອນແກ່ປະຊາຊົນທີ່ພວກເຂົາປະສົບກັບຄວາມທຸກທໍລະມານຄືເປັນການລົງໂທດສຳລັບຄວາມບາບຂອງພວກເຂົາ.</li><li>ໃນພຣະຄຳພີຫຼາຍໆຕອນ ຄຳວ່າ "ວິບັດ" ຈະຖືກເວົ້າຢູ່ເລື້ອຍໆເພື່ອໝາຍເຖິງໂດຍສະເພາະຢ່າງຍິ່ງແມ່ນການພິພາກສາອັນເປັນທີ່ຢ້ານກົວ</li><li>ບຸກຄົນທີ່ຖືກກ່າວວ່າ "ວິບັດຄືຂ້າພະເຈົ້າ" ຫຼື "ວິບັດແກ່ຂ້າພະເຈົ້າ" ຄືການສະແດງອອກມາເຖິງຄວາມທຸກທໍລະມານຢ່າງຮ້າຍແຮງ.</li></ul><h3 id="section-2">ຄຳແນະນຳໃນການແປ:</h3><ul><li>ຂຶ້ນຢູ່ກັບກໍລະນີນັ້ນໆ ຄຳວ່າ "ວິບັດ" ສາມາດແປວ່າ "ຄວາມໂສກເສົ້າຢ່າງຍິ່ງ " ຫລື "ຄວາມເສົ້າ" ຫລື "ໄພວິບັດ" ຫລື "ຄວາມພິນາດ"</li><li>ວິທີອື່ນໃນການແປຂໍ້ຄວາມນີ້ "ວິບັດແກ່."</li></ul>  
wolf	<h2 id="section">@ໝາປ່າ, @ຝູງໝາປ່າ, @ໝາປ່າ</h2><h3 id="section-1">ນິຍາມ</h3><p>ໝາປ່າເປັນສັດດຸຮ້າຍ ສັດກິນເນື້ອທີ່ຄ້າຍຄືກັນກັບໝາປ່າ.</p><ul><li>ໝາປ່າໂດຍປົກກະຕິມັກລ້າເປັນຝູງແລະອໍາພາງຕົວຢ່າງສະຫຼາດເມື່ອເຂົ້າຫາເຫຍື່ອກິນຂອງພວກມັນແລະມີພຶດຕິກັມຂີ້ຂະໂມຍ.</li><li>ໃນພຣະຄຳພີ ມີຄຳສັບທີ່ວ່າ "ຝູງໝາປ່າ" ໃຊ້ໃຫ້ເຫັນພາບເມື່ອໝາຍເຖິງຄູສອນທີ່ແທ້ຈິງຫຼືຜູ້ປະກາດພຣະທຳປອມ ຜູ້ທີ່ທຳລາຍຜູ້ທີ່ເຊື່ອທັງຫຼາຍທີ່ປຽບເໝືອນລູກແກະ ການສອນທີ່ຜິດໆ ເປັນສາຍເຫດໃຫ້ປະຊາຊົນເຊື່ອໃນສິ່ງທີ່ຜິດທີ່ນຳອັນຕະລາຍມາສູ່ພວກເຂົາ.</li><li>ການປຽບທຽບນີ້ຢູ່ໃນພຶ້ນຖານຂອງຄວາມຈິງທີ່ວ່າຝູງແກະນັ້ນອ່ອນແອມັກທີ່ຈະຖືກທຳລາຍແລະຖືກກັດກິນໂດຍຝູງໝາປ່າ ເພາະວ່າພວກມັນອ່ອນແອແລະບໍ່ສາມາດປົກປ້ອງຕົວເອງໄດ້ເລີຍ.</li></ul>  
womb	<h2 id="section">@ມົດລູກ, @ພົກລູກ</h2><h3 id="section-1">ນິຍາມ</h3><p>ຄຳວ່າ "ມົດລູກ" ໝາຍເຖິງບ່ອນທີ່ເດັກນ້ອຍເຕີບໂຕພາຍໃນຄັນຂອງມານດາ.</p><ul><li>ນີ້ຄືຄຳສັບເກົ່າບູຮານ ຊຶ່ງບາງຄັ້ງໃຊເວົ້າຄຳນີ້ເພື່ອຄວາມສຸພາບແລະບໍ່ໄດ້ເວົ້າຕົງໆ (ເບິ່ງ: <a href="https://read.bibleineverylanguage.org/WA-Catalog/lo_tm?section=translate#figs-euphemism" target="_blank" data-is-rc-link="" data-repo="lo_tm" data-user="WA-Catalog" data-page="translate" data-topic="figs-euphemism" data-type="tm">figs-euphemism</a>)</li><li>ຄຳສັບໃໝ່ສຳລັບມົດລູກ ຄື "ມົດລູກ"</li><li>ບາງພາສາໃຊ້ຄຳເວົ້າວ່າ "ທ້ອງ" ເພື່ອໝາຍເຖີງຄັນຂອງຜູ້ຍິງ ຫຼືມົດລູກ.</li><li>ໃຫ້ໃຊ້ຄຳນີ້ໃນພາສາເກົ່າໝາຍ ເຖິງເປັນທີ່ຮູ້ຈັກກັນດີເປັນທໍາມະຊາດແລະເປັນທີ່ຍອມຮັບ.</li></ul>  
word	<h2 id="section">@ຖ້ອຍຄຳ</h2><h3 id="section-1">ນິຍາມ</h3><p>"ຖ້ອຍຄຳ" ໝາຍເຖິງບາງສິ່ງບາງຢ່າງທີ່ບາງຄົນໄດ້ເວົ້າອອກມາ.</p><ul><li>ຕົວຢ່າງໃນເລື່ອງນີ້ ເຊັ່ນເມື່ອທູດສະຫວັນໄດ້ເວົ້າກັບເຊຄາຣິຢາວ່າ</li></ul><p>"ທ່ານບໍ່ເຊື່ອໃນຖ້ອຍຄຳຂອງເຮົາບໍ" ຊື່ງໝາຍຄວາມວ່າ "ທ່ານບໍ່ເຊື່ອໃນສິ່ງທີ່ເຮົາໄດ້ເວົ້າ."</p><ul><li>ຄຳນີ້ແມ່ນຕະຫຼອດເວລາທີ່ໝາຍເຖິງຂໍ້ຄວາມທັງໝົດບໍ່ໄດ້ໃຊ້ແຕ່ຄຳດຽວເທົ່ານັ້ນ.</li><li>ບາງຄັ້ງໃນພຣະຄຳພີ "ຖ້ອຍຄຳ" ໝາຍເຖິງທຸກສິ່ງທີ່ພຣະເຈົ້າຊົງສັ່ງວ່າຫຼືສັ່ງເຊັ່ນໃນ "ພຣະເຈົ້າໄດ້ໃຊ້ຄຳເວົ້າຂອງພຣະອົງ" ຫຼື "ຖ້ອຍຄຳແຫ່ງຄວາມຈິງ."</li><li>ບາງຄັ້ງ "ຖ້ອຍຄຳ" ໝາຍເຖິງການທົ່ວໄປເຊັ່ນ "ພະລັງໃນການເວົ້າແລະການກະທຳ" ນັ້ນໝາຍຄວາມວ່າ "ພະລັງໃນການເວົ້າແລະມາລະ ຍາດຫຼືການກະທຳ. "</li><li>ການໃຊ້ຄຳໆນີ້ເປັນພິເສດຕໍ່ເມື່ອພຣະເຢຊູໄດ້ເອີ້ນວ່າ "ພຣະວາທະ."</li></ul><h3 id="section-2">ຄຳແນະນຳໃນການແປ:</h3><ul><li>ວິທີຕ່າງໆໃນການແປ "ຖ້ອຍຄຳ" ຫລື "ເຫຼົ່າຖ້ອຍຄຳ" ຮວມເຖິງ "ການສອນ" ຫຼື "ຂໍ້ຄວາມ" ຫຼື "ຂ່າວ" ຫຼື "ຄຳກ່າວ" ຫຼື "ສິ່ງທີ່ໄດ້ກ່າວ ໄວ້."</li><li>ເມື່ອຄຳນີ້ເວົ້າເຖິງພຣະເຢຊູວ່າເປັນ "ພຣະວາທະ" ຄຳນີ້ອາດຈະແປວ່າ" "ຄຳສອນ" ຫຼື "ຄຳກ່າວ."</li></ul>  
word of god	<h2 id="section">@ພຣະທຳຂອງພຣະເຈົ້າ, @ພຣະທຳຂອງພຣະຢາເວ, @ພຣະທຳຂອງອົງພຣະຜູ້ເປັນເຈົ້າ,@ ພຣະຄຳພີ</h2><h3 id="section-1">ນິຍາມ</h3><p>ໃນພຣະຄຳພີຄຳວ່າ "ພຣະທຳຂອງພຣະເຈົ້າ" ໝາຍເຖິງສິ່ງທີ່ພຣະເຈົ້າຊົງເວົ້າຕໍ່ປະຊາຊົນ ນີ້ຮວມເຖີງຂໍ້ຄວາມທີ່ພຣະເຈົ້າຕັດແລະຂຽນ ພຣະເຢຊູຊົງຖືກເອີ້ນວ່າ "ພຣະທຳຂອງພຣະເຈົ້າ" ອີກດ້ວຍ.</p><ul><li>ຄຳວ່າ "ພຣະຄຳພີ " ໝາຍເຖິງ "ການຂຽນ"  ໃຊ້ໂດຍສະເພາະໃນພັນທະສັນຍາໃໝ່ນັ້ນໝາຍເຖິງພຣະຄຳພີພາສາເຮັບເຣີ ຫຼື "ພັນທະສັນຍາເດີມ" ການຂຽນເຫຼົ່ານີ້ເປັນຂໍ້ຄວາມຂອງພຣະເຈົ້າທີ່ພຣະອົງຊົງບອກໃຫ້ຄົນຂຽນລົງໄປ ດັ່ງນັ້ນຫຼາຍປີໃນອະນາຄົດປະຊາຊົນກໍຍັງສາມາດອ່ານໄດ້.</li><li>ຄຳທີ່ກ່ຽວຂອງກັນ "ພຣະທຳຂອງພຣະຢາເວ" ແລະ "ພຣະທຳຂອງພຣະເຈົ້າ" ບາງຄັ້ງມັກຈະເວົ້າເຖິງຂໍ້ຄວາມສະເພາະຈາກພຣະເຈົ້າທີ່ປະທານໃຫ້ແກ່ຜູ້ປະກາດພຣະທຳຂອງພຣະເຈົ້າຫຼືບຸກຄົນອື່ນໆ ໃນພຣະຄຳພີ.</li><li>ບາງຄັ້ງຄຳນີ້ກໍໃຊ້ງ່າຍ "ພຣະທຳ" ຫຼື "ພຣະທຳຂອງພຣະເຈົ້າ" ຫລື</li></ul><p>"ພຣະທຳຂອງພຣະອົງ" (ເມື່ອເວົ້າເຖິງພຣະຄຳຂອງພຣະເຈົ້າ).</p><ul><li>ໃນພັນທະສັນຍາໃໝ່ພຣະເຢຊູຊົງຖືກເອີ້ນວ່າເປັນ "ພຣະທຳ" ແລະ "ພຣະທຳຂອງພຣະເຈົ້າ" ຊື່ເຫຼົ່ານີ້ໝາຍຄວາມວ່າພຣະເຢຊູຊົງເປີດເຜີຍພຣະອົງເອງວ່າພຣະເຈົ້ານັ້ນເປັນຜູ້ໃດ ເພາະພຣະອົງຊົງເປັນພຣະເຈົ້າເອງ.</li></ul><h3 id="section-2">ຄຳແນະນຳໃນການແປ:</h3><ul><li>ຂຶ້ນຢູ່ກັບກໍລະນີນັ້ນໆ ມີວິທີອື່ນໃນການແປສາມາດຮວມເຖິງ "ຂໍ້ຄວາມຂອງພຣະຢາເວ" ຫຼື "ຂໍ້ຄວາມຂອງພຣະເຈົ້າ" ຫຼື "ຄຳສອນຈາກພຣະເຈົ້າ."</li><li>ໃນບາງພາສາອາດຈະມີຄວາມເປັນທຳມະດາຫຼາຍກວ່າທີ່ຈະເຮັດໃຫ້ຄຳນີ້ເປັນພາບພົດແລະເວົ້າວ່າ "ເຫຼົ່າພຣະຄຳຂອງພຣະເຈົ້າ" ຫຼື "ກຸ່ມຖ້ອຍຄຳຂອງພຣະຢາເວ."</li><li>ຄຳກ່າວທີ່ວ່າ "ພຣະທຳຂອງພຣະຢາເວມາເຖິງ" ມັກຈະໃຊ້ເພື່ອແນະ ນຳສິ່ງທີ່ພຣະເຈົ້າຊົງສັ່ງກັບຜູ້ປະກາດພຣະທໍາຫຼືປະຊາຊົນຂອງພຣະອົງ ນີ້ອາດຈະແປໄດ້ວ່າ "ພຣະຢາເວໄດ້ຊົງສັ່ງຂໍ້ຄວາມນີ້" ຫຼື "ພຣະຢາເວຊົງສັ່ງຂໍ້ຄວາມເຫຼົ່ານີ້."</li><li>ຄຳວ່າ "ພຣະຄຳພີ" ຫຼື "ພຣະຄຳທັງຫຼາຍ" ວ່າສາມາດແປ "ການຂຽນ " ຫຼື "ຂໍ້ຄວາມທີ່ໄດ້ບັນທຶກຈາກພຣະເຈົ້າ" ຄຳນີ້ຄວນໄດ້ຮັບການແປແຕກ ຕ່າງຈາກຄຳແປຂອງຄຳທີ່ວ່າ "ພຣະທຳ."</li><li>ເມື່ອ "ພຣະທຳ" ປາກົດຂຶ້ນພຽງຢ່າງດຽວອາດຈະແປວ່າ "ຂໍ້ຄວາມ" ຫຼື "ພຣະທຳຂອງພຣະເຈົ້າ" ຫຼື "ຄຳສອນ" ຂຶ້ນຢູ່ກັບກໍລະນີນັ້ນໆ ລອງພິດຈາລະນາຄຳແປອື່ນທີ່ແນະນຳໄວ້ຂ້າງເທິງນີ້.</li></ul>  
word of truth	<h2 id="section">@ຖ້ອຍຄຳແຫ່ງຄວາມຈິງ</h2><h3 id="section-1">ນິຍາມ</h3><p>ຄຳວ່າ " ຖ້ອຍຄຳແຫ່ງຄວາມຈິງ " ເປັນອີກວິທີໜຶ່ງໃນການເວົ້າເຖິງຄຳສອນຫຼືຄຳສອນຂອງພຣະເຈົ້າ</p><ul><li>ພຣະວັດຈະນະແຫ່ງຄວາມຈິງຂອງພຣະເຈົ້າປະກອບດ້ວຍທຸກຢ່າງທີ່ພຣະເຈົ້າໄດ້ສອນປະຊາຊົນກ່ຽວກັບເລື່ອງຂອງພຣະເຈົ້າ ພຣະອົງເອງ ໃນການຊົງສ້າງແລະແຜນການແຫ່ງຄວາມລອດພົ້ນໂດຍທາງພຣະເຢຊູ</li><li>ຄຳນີ້ໝາຍເຖິງຄວາມຈິງທີ່ວ່າສິງທີ່ພຣະເຈົ້າຊົງສັ່ງໃຫ້ເຮົານັ້ນເປັນຄວາມຈິງ ສັດຊື່ ແລະທ່ຽງທຳ</li></ul><h3 id="section-2">ຄຳແນະນຳໃນການແປ</h3><ul><li>ນີ້ສາມາດແປໄດ້ວ່າ " ຄຳສອນທີ່ຖືກຕ້ອງຂອງພຣະເຈົ້າ "ຫຼື " ພຣະຄຳຂອງພຣະເຈົ້າຊື່ງເປັນຄວາມຈິງ "</li><li>ເປັນສິ່ງສຳຄັນສຳລັບການແປໃນຄຳນີ້ໃຫ້ລວມໄປເຖິງຄວາມໝາຍຂອງຄວາມເປັນຈິງ</li></ul>  
works	<h2 id="section">@ຜົນງານ, @ການກະທຳ, @ເຮັດການ,@ ການກະທຳ</h2><h3 id="section-1">ນິຍາມ</h3><p>ໃນພຣະຄຳພີໄດ້ກ່າວວ່າ "ຜົນງານ," "ການກະທຳ," ແລະ "ການກະທຳ" ຈະໃຊ້ເພື່ອໝາຍເຖິງສິ່ງຕ່າງໆ ທີ່ພຣະເຈົ້າຫຼືມະນຸດເຮັດເອງ."</p><ul><li>ຄຳວ່າ "​ຜົນງານ" ໝາຍເຖິງການເຮັດການຫຼືເຮັດຢ່າງໃດກໍຕາມທີ່ເຮັດເພື່ອຄົນອື່ນ.</li><li>"ຜົນງານ" ຂອງພຣະເຈົ້າ ແລະ "ຜົນງານຈາກພຣະຫັດຂອງພຣະອົງ" ເປັນຄວາມໝາຍທີ່ກ່າວເຖິງທຸກສິ່ງທີ່ພຣະອົງຊົງກະທຳຫຼືໄດ້ຊົງກະທຳຮວມເຖິງການຊົງສ້າງໂລກ ຊ່ວຍຄົນບາບໃຫ້ລອດພົ້ນຈາກຄວາມຜິດແລະເບິ່ງແຍງເອົາໃຈໃສ່ຕໍ່ຄວາມຕ້ອງການຂອງສິ່ງທີ່ຊົງສ້າງທັງໝົດແລະຮັກສາຈັກກະວານທັງໝົດໃຫ້ຢູ່ໃນທີ່. ຄຳວ່າ "ຜົນງານ" ແລະ "ການກະທຳ" ຍັງໃຊ້ເພື່ອອ້າງອີງເຖິງການອັດສະຈັນຂອງພຣະເຈົ້າໃນການນີລະມິດສ້າງເຊັ່ນ "ການນີລະມິດສ້າງທີ່ຍິ່ງໃຫຍ່" ຫຼື " ການນີລະມິດສ້າງທີ່ໜ້າອັດສະຈັນ."</li><li>ຜົນງານຫຼືການກະທໍາທີ່ບຸດຄົນທຳສາມາດເປັນໄປໄດ້ທັງດີແລະບໍ່ດີ.</li><li>ພຣະວິນຍານບໍລິສຸດໃຫ້ສິດອຳນາດຜູ້ທີ່ເຊື່ອໃນການກະທຳດີຊຶ່ງເອີ້ນຍ່າງວ່າ "ຜົນທີ່ດີ."</li><li>ຄົນທັງຫຼາຍບໍ່ໄດ້ຮັບການຊ່ວຍໃຫ້ລອດພົ້ນໂດຍການກະທຳດີຂອງພວກເຂົາຍ່າງດຽວແຕ່ພວກເຂົາລອດດ້ວຍມີຄວາມເຊື່ອໃນພຣະເຢຊູ ຄຣິດ.</li><li>"​ຜົນງານ" ຂອງບຸກຄົນໜຶ່ງສາມາດເປັນສິ່ງທີ່ພວກເຂົາຫາລ້ຽງຊີວິດຫລືເພື່ອຮັບໃຊ້ພຣະເຈົ້າພຣະຄຳພີຍັງກ່າວເຖິງພຣະເຈົ້າວ່າ"ຊົງສ້າງ "</li></ul><h3 id="section-2">ຄຳແນະນຳໃນການແປ:</h3><ul><li>ການແປ "ງານ" ຫຼື "ການກະທຳ" ອື່ນໆ ອາດຈະເປັນ " ການກະທຳ" ຫຼື "ສິ່ງຕ່າງໆທີ່ເຮັດແລ້ວ."</li><li>ເມື່ອເວົ້າເຖິງ "ງານ" ຫຼື "ການກະ​ທຳ" ຂອງພຣະເຈົ້າແລະ "ການຊົງສ້າງດ້ວຍພຣະຫັດຂອງພຣະອົງ" ຄຳເວົ້າເຫຼົ່ານີ້ອາດຈະແປວ່າ "ການອັດສະຈັນ" ຫຼື "ການຊົງສ້າງອັນຍິ່ງໃຫຍ່" ຫຼື "ສິ່ງມະຫັດສະຈັນທີ່ພຣະອົງຊົງສ້າງ."</li><li>ຖ້ອຍຄຳທີ່ວ່າ "ຊົງສ້າງຂອງພຣະເຈົ້າ" ໝາຍຄວາມວ່າ "ສິ່ງທີ່ພຣະເຈົ້າຊົງກຳລັງສ້າງຢູ່ນັ້ນ" ຫຼື "ສິ່ງມະຫັດສະຈັນທີ່ພຣະເຈົ້າຊົງກະທຳ" ຫຼື "ສິ່ງໜ້າອັດສະຈັນທີ່ພຣະເຈົ້າຊົງສ້າງ" ຫຼື "ທຸກສິ່ງທີ່ພຣະເຈົ້າຊົງສ້າງ."</li><li>ຄຳວ່າ "ງານ" ອາດ​ຈະ​ມີ​ຢູ່ໃນ​ຄຳ​ເວົ້າເຊັ່ນ "ງານດີທຸກຢ່າງ" ຫຼື "ຜົນງານດີທຸກຢ່າງ."</li><li>ຄຳວ່າ "ງານ" ອາດຈະມີຄວາມໝາຍກວ້າງອອກໄປຂອງ "ບໍລິການ" ຫຼື "ພັນທະກິດ" ຕົວຢ່າງເຊັ່ນຄຳວ່າ "ການງານຂອງທ່ານໃນອົງພຣະຜູ້ເປັນເຈົ້າ" ສາມາດແປໄດ້ວ່າ "ສິ່ງທີ່ທ່ານທຳເພື່ອອົງພຣະຜູ້ເປັນເຈົ້າ."</li><li>ຄຳທີ່ວ່າ "ກວດສອບວຽກງານຂອງທ່ານເອງ" ມີຄວາມໝາຍທີ່ແປໄດ້ວ່າ "ໃຫ້ແນ່ໃຈວ່າທ່ານກຳລັງເຮັດຫຍັງຢູ່ຄືຖືກພຣະປະສົງຂອງພຣະເຈົ້າ" ຫຼື "ເຮັດໃຫ້ແນ່ໃຈວ່າທ່ານກຳລັງເຮັດຫຍັງຢູ່ ເປັນທີ່ພໍພຣະໄທຂອງພຣະເຈົ້າ."</li><li>ຄຳທີ່ກ່າວວ່າ "ການທຳງານຂອງພຣະວິນຍານບໍຣິສຸດ "ໝາຍຄວາມວ່າ "ການມີລິດອຳນາດຂອງພຣະວິນຍານບໍສຸດ" ຫຼື "ພັນທະກິດຂອງພຣະວິນຍານບໍລິສຸດ" ຫຼື "ສິ່ງທີ່ພຣະວິນຍານບໍລິສຸດຊົງກະ​ທຳ."</li></ul>  
world	<h2 id="section">@ໂລກ, @ວິ​ທີ​ທາງ​ຂອງ​ໂລກ</h2><h3 id="section-1">ນິຍາມ</h3><p>ຄຳວ່າ "ໂລກ" ໂດຍປົກກະຕິໝາຍເຖິງສ່ວນໜຶ່ງຂອງຈັກກະວານທີ່ຜູ້ຄົນອາໃສຢູ່: ແຜນດິນໂລກ. ຄຳວ່າ "ວິ​ທີ​ທາງ​ຂອງ​ໂລກ" ອະທິບາຍເຖີງຄວາມນິຍົມແລະພຶດຕິກັມທີ່ຊົ່ວຮ້າຍຂອງຜູ້ຄົນທີ່ອາໃສຢູ່ໃນໂລກນີ້.</p><ul><li>ໃນສິ່ງທົ່ວໄປທີ່ສຸດ ຄຳວ່າ "ໂລກ" ໝາຍເຖິງຟ້າສະຫວັນແລະແຜ່ນດິນໂລກຕະຫຼອດຈົນທຸກສິ່ງທຸກຢ່າງທີ່ຢູ່ໃນໂລກນັ້ນ.</li><li>ໃນບາງກໍລະນີ "ໂລກ" ໝາຍເຖິງ "ຜູ້ຄົນທີ່ຢູ່ໃນໂລກ."</li><li>ບາງຄັ້ງກໍເປັນເນື້ອໃນທີ່ວ່າຄຳນີ້ໝາຍເຖິງຄົນຊົ່ວຮ້າຍທີ່ຢູ່ໃນແຜ່ນ ດິນໂລກຫຼືຄົນທີ່ບໍ່ເຊື່ອຟັງພຣະເຈົ້າ.</li><li>ພວກອັກຄະສາວົກໄດ້ໃຊ້ "ໂລກ" ເພື່ອໝາຍເຖິງພຶດຕິກັມທີ່ເຫັນແກ່ຕົວແລະຄຸນຄ່າທີ່ສຸດຈະຣິດຂອງຜູ້ຄົນທີ່ອາໃສຢູ່ໃນໂລກນີ້ຮວມເຖິງການປະຕິບັດທາງສາດສະໜາທີ່ໃຫ້ຕົນເອງຊອບ​ທຳ​ຂຶ້ນຢູ່ກັບຄວາມພະຍາ ຍາມຂອງມະນຸດ.</li><li>ຜູ້ຄົນແລະສິ່ງຕ່າງໆ ທີ່ຈັດເປັນປະເພດໃຫ້ມີຄຸນຄ່າເຫຼົ່ານີ້ທີ່ກ່າວກັນວ່າເປັນ "ວິ​ທີ​ທາງ​ຂອງໂລກ. "</li></ul><h3 id="section-2">ຄຳແນະນຳໃນການແປ:</h3><ul><li>ຂຶ້ນຢູ່ກັບກໍ​ລະ​ນີ "ໂລກ" ໝາຍເຖິງ "ຈັກກະວານ" ຫລື "ຄົນຢູ່ໃນໂລກນີ້" ຫລື "ສິ່ງຊົ່ວຮ້າຍຢູ່ໃນໂລກ" ຫລື "ແນວຄິດທີ່ຊົ່ວຮ້າຍຂອງຜູ້ຄົນຢູ່ໃນໂລກ."</li><li>ຄຳວ່າ "ທົ່ວທັງໂລກ" ນັ້ນໝາຍເຖິງ "ຄົນຈຳນວນຫລາຍ" ແລະໝາຍເຖິງຄົນທີ່ອາໃສຢູ່ໃນຜືນແຜ່ນດິນໂລກໂດຍສະເພາະ. ຍົກຕົວຢ່າງເຊັ່ນ "ຄົນທົ່ວທັງໂລກມາຍັງອີຢິບ" ມີຄຳແປໄດ້ອີກວ່າ "ຫລາຍຄົນຈາກປະ ເທດໂດຍອ້ອມ​ຂ້າງປະເທດອີຢິບ" ຫລື "ຄັນຈາກທຸກໆປະເທດ​ເພື່ອນປະເທດອີຢິບ."</li><li>ອີກວິທີໜຶ່ງໃນການແປ "ທົ່ວທັງໂລກກໍໄດ້ກັບໄປບ້ານເກີດຂອງພວກເຂົາເພື່ອລົງທະບຽນໃນສຳມະໂນຄົວປະຊາຊົນໂຣມັນ" ຈະເປັນ "ຫລາຍຄົນທີ່ອາໃສຢູ່ໃນດິນແດນທີ່ປົກຄອງໂດຍຈັກກະພັດໂຣມັນໄດ້ໄປ... "</li><li>ຂື້ນຢູ່ກັບກໍລະນີນັ້ນໆ ຄຳວ່າ "ວິ​ທີ​ທາງ​ຂອງໂລກ" ອາດຈະໝາຍຄວາມວ່າ "ຊົ່ວ" ຫລື "ບາບ" ຫລື "ເຫັນແກ່ຕົວ" ຫລື "ອະທຳ" ຫລື "ສຸດຈະຣິດ" ຫລື "ໄດ້ຮັບອິດທິພົນຈາກຄວາມເສື່ອມຊາມຂອງມະນຸດໃນໂລກນີ້."</li><li>"ເວົ້າ​ສີ່ງນີ້​ໃນ​ໂລກ" ອາດ​ຈະ​ແປ​ໄດ້​ວ່າ "ເວົ້າ​ສີ່ງນີ້​ຕໍ່​ຄົນ​ທີ່​ຢູ່​ໃນ​ໂລກ."</li><li>ໃນກໍລະນີອື່ນໆ "ໃນໂລກ" ມີຄຳແປໄດ້ອີກວ່າ "ດຳເນີນຊີວິດທ່າມ ກາງປະຊາຊົນຢູ່ໃນໂລກ" ຫລື "ດຳເນີນຊີວິດທ່າມກາງຂອງຄົນອະທຳ."</li></ul>  
worship	<h2 id="section">@ການນະມັດສະການ</h2><h3 id="section-1">ນິຍາມ</h3><p>"ການນະມັດສະການ" ໝາຍເຖິງການຍົກຍ້ອງສັນລະເສີນແລະເຊື່ອຟັງພຣະເຈົ້າຢ່າງຈິງໃຈ.</p><ul><li>ຄຳນີ້ບາງຄັ້ງຈະມີຄວາມໝາຍຕາມຕົວອັກສອນ "ນ້ອມຕົວລົງ" ຫລື "ຂາບໄຫວ້" ເພື່ອຖ່ອມຕົວແລະໃຫ້ກຽດບາງຄົນ.</li><li>ພວກເຮົານະມັດສະການພຣະເຈົ້າເມື່ອເຮົາຮັບໃຊ້ແລະໃຫ້ກຽດພຣະອົງ ໂດຍການສັນລະເສີນພຣະອົງແລະເຊື່ອຟັງພຣະອົງ.</li><li>ເມື່ອປະຊາຊົນອິດສະຣາເອນນະມັດສະການພຣະເຈົ້າ ມັກມີການຖະຫວາຍສັດເທິງແທ່ນບູຊາ.</li><li>ບາງຄົນນະມັດສະການພະທຽມທັງ​ຫຼາຍ.</li></ul><h3 id="section-2">ຄຳນະນຳໃນການແປ:</h3><ul><li>ຄຳທີ່ວ່າ "ນະມັດສະການ" ໝາຍເຖິງ "ກົ້ມລົງ" ຫຼື "ໃຫ້ກຽດແລະຮັບໃຊ້ພຣະເຈົ້າ" ຫຼື "ໃຫ້ກຽດແລະເຊື່ອຟັງ."</li><li>ໃນບາງກໍລະນີ, ກໍສາມາດແປວ່າ "ການສັນລະເສີນຢ່າງຖ່ອມຕົວ" ຫລື "ໃຫ້ກຽດແລະສັນລະເສີນ."</li></ul>  
worthy	<h2 id="section">@ໜ້າຍົກຍ້ອງ, @ຄຸ້ມຄ່າ, @ບໍ່ຄູ່ຄວນ,@ ບໍ່ມີຄຸນຄ່າ</h2><h3 id="section-1">ນິຍາມ</h3><p>ຄຳເວົ້າວ່າ "ໜ້າຍົກຍ້ອງ" ໄດ້ອະທິບາຍເຖິງບາງຄົນຫຼືບາງສິ່ງທີ່ສົມຄວນໄດ້ຮັບການເຄົາລົບຫຼືໃຫ້ກຽດ ການ "ມີຄຸນຄ່າ" ໝາຍເຖິງການມີຄຸນຄ່າຫຼືຄວາມສຳຄັນ ຄຳວ່າ "ບໍ່ມີຄຸນຄ່າ" ໝາຍເຖີງບໍ່ມີຄ່າໃດໆ ເລີຍ.</p><ul><li>ການໜ້າຍົກຍ້ອງ ກ່ຽວຂ້ອງກັບການມີຄຸນຄ່າຫລືມີຄວາມສຳຄັນ.</li><li>ການ "ບໍ່ຄູ່ຄວນ" ໝາຍເຖິງບໍ່ສົມຄວນໄດ້ຮັບການແຈ້ງພິເສດອັນໃດ.</li><li>ບໍ່ຮູ້ສຶກວ່າໜ້າຍົກຍ້ອງໝາຍເຖິງ ຮູ້ສຶກດ້ວຍຄວາມສຳຄັນວ່າຜູ້ອື່ນຫຼືຮູ້ສຶກບໍ່ສົມຄວນທີ່ຈະໄດ້ຮັບການປະຕິບັດດ້ວຍຄວາມເຄົາລົບຫຼືຄວາມເມດຕາ.</li><li>ຄຳເວົ້າວ່າ "ບໍ່ຄູ່ຄວນ" ແລະຄຳວ່າ "ບໍ່ມີຄຸນຄ່າ" ມີຄວາມກ່ຽວຂ້ອງ ແຕ່ມີຄວາມໝາຍຕ່າງກັນ ການ "ບໍ່ຄູ່ຄວນ" ໝາຍເຖິງບໍ່ສົມຄວນໄດ້ຮັບກຽດຫຼືການຮັບຮູ້ໃນການໃດໆ ສ່ວນ "ບໍ່ມີຄຸນຄ່າ" ໝາຍເຖິງບໍ່ມີຈຸດມຸ້ງໝາຍຫຼືຄຸນຄ່າໃດໆ.</li></ul><h3 id="section-2">ຄຳແນະນຳໃນການແປ:</h3><ul><li>"ໜ້າຍົກຍ້ອງ" ໝາຍຄວາມວ່າ "ສົມຄວນໄດ້ຮັບ" ຫຼື "ສຳຄັນ" ຫຼື "ມິຄຸນຄ່າ."</li><li>ຄຳເວົ້າວ່າ "ຄຸ້ມຄ່າ" ໝາຍຄວາມວ່າ "ມີຄ່າ" ຫຼື "ຄວາມສຳຄັນ."</li></ul>  
wrath	<h2 id="section">@ຄວາມໂກດຮ້າຍ, @ຄວາມຄຽດຮ້າຍແຮງ</h2><h3 id="section-1">ນິຍາມ</h3><p>ຄວາມຄຽດຮ້າຍເປັນຄວາມຄຽດຢ່າງຮ້າຍແຮງຊຶ່ງບາງຄັ້ງກໍຍັງຄ້າງຢູ່ໃນໃຈຂອງພວກເຮົາໂດຍສະເພາະໝາຍເຖິງການພິພາກສາອັນຊອບທຳຂອງພຣະເຈົ້າກ່ຽວກັບບາບແລະການລົງໂທດຜູ້ທີ່ທໍລະຍົດຕໍ່ພຣະອົງ.</p><ul><li>ໃນພຣະຄຳພີ "ຄວາມໂກດຮ້າຍ" ໂດຍປົກກະຕິແລ້ວແມ່ນຄວາມໂກດຂອງພຣະເຈົ້າຕໍ່ມະນຸດທັງຫຼາຍທີ່ໄດ້ທຳບາບຕໍ່ສູ້ພຣະອົງ.</li><li>"ຄວາມໂກດຮ້າຍຂອງພຣະເຈັົ້າ" ຍັງໄດ້ກ່າວເຖິງການພິພາກສາແລະການລົງໂທດເພາະຄວາມບາບ.</li><li>ຄວາມໂກດຮ້າຍຂອງພຣະເຈົ້າເປັນການລົງໂທດທີ່ຊອບທຳແກ່ມະນຸດທີ່ບໍ່ກັບໃຈຈາກບາບຂອງພວກເຂົາ.</li></ul><h3 id="section-2">ຄຳແນະນຳໃນການແປ:</h3><ul><li>ຂຶ້ນຢູ່ກັບກໍລະນີ ໃນວິທີອື່ນໆ ທີ່ໃຊ້ເນື້້ອຄວາມນີ້ອາດຮວມເຖິງ</li></ul><p>"ຄວາມໂກດຮ້າຍ" ຫຼື "ການພິພາກສາທີ່ຊອບທຳ" ຫຼື "ຄວາມໂກດ."</p><ul><li>ເມື່ອເວົ້າເຖິງພຣະພິໂລດຂອງພຣະເຈົ້າ ຈົງໃຫ້ແນ່ວ່າຄຳຫຼືຖ້ອຍຄຳທີ່ໃຊ້ໃນການແປໃນຄຳນີ້ບໍ່ໄດ້ໝາຍເຖິງການໂມໂຫຮ້າຍດ້ວຍຄວາມບາບຫຼືຄວາມໂກດຂອງພຣະເຈົ້າເປັນຄວາມຍຸຕິທຳແລະບໍລິສຸດສັກສິດ.</li></ul>  
written	<h2 id="section">@ຕາມທີ່ຂຽນໄວ້</h2><h3 id="section-1">ນິຍາມ</h3><p>ຖ້ອຍຄຳທີ່ວ່າ "ຕາມທີ່ຂຽນໄວ້" ຫຼື "ສິ່ງທີ່ຂຽນຂຶ້ນ"  ເກີດຂຶ້ນຢູ່ເລື້ອຍໆໃນພັນທະສັນຍາໃໝ່ແລະໂດຍປົກກະຕິໄດ້ໝາຍເຖິງຂໍ້ຄຳສັ່ງຕ່າງໆ ຫຼືຄຳທຳນວາຍຕ່າງໆ ທີ່ໄດ້ຂຽນຂຶ້ນໃນພຣະຄຳພີເປັນພາສາເຮັບເຣີ.</p><ul><li>ໃນບາງຄັ້ງ "ຕາມທີ່ຂຽນໄວ້" ນັ້ນໝາຍເຖິງສິ່ງທີ່ຂຽນໄວ້ໃນພຣະບັນ ຍັດຂອງໂມເຊ.</li><li>ໃນໂອກາດອື່ນໆ ກໍມີຂໍ້ຄວາມທີ່ໝາຍເຖິງສິ່ງທີ່ຜູ້ປະກາດພຣະທຳໄດ້ຂຽນໄວ້ໃນພັນທະສັນຍາເດີມ.</li><li>ນີ້ແມ່ນຖ້ອຍຄຳທີ່ແປວ່າ "ຕາມທີ່ຂຽນໄວ້ໃນພຣະບັນຍັດຂອງໂມເຊ" ຫຼື "ຕາມທີ່ຜູ້ປະກາດພຣະທຳໄດ້ຂຽນໄວ້ແລ້ວນັ້ນ" ຫຼື "ສິ່ງທີ່ກ່າວໄວ້ໃນກົດພຣະບັນຍັດຂອງພຣະເຈົ້າທີ່ໂມເຊໄດ້ຂຽນໄວ້ໃນພຣະຄຳພີເດີມ."</li><li>ມີອີກທາງເລືອກໜຶ່ງຄືການຄົງໄວ້ "ຕາມທີ່ຂຽນໄວ້ " ແລະໃຫ້ເພື່ອເປັນການອະທິບາຍເຖິງຄວາມໝາຍນີ້.</li></ul>  
wrong	<h2 id="section">@ກະທຳຜິດ, @ເຮັດບໍ່ດີຕໍ່, @ທຳຮ້າຍ</h2><h3 id="section-1">ນິຍາມ</h3><p>ການ "ການກະທຳຜິດ"  ຕໍ່ບາງຄົນໝາຍເຖິງການປະຕິບັດຕໍ່ບຸກຄົນນັ້ນຢ່າງບໍ່ຍຸດຕິທຳແລະຢ່າງບໍ່ສັດຊື່.</p><ul><li>ຄວາມເວົ້າວ່າ "ການເຮັດບໍ່ດີ" ໝາຍຄວາມວ່າການກະທຳທີ່ບໍ່ດີຫຼືຫຍາບຊ້າຕໍ່ຄົນບາງຄົນ ເປັນການທຳຮ້າຍຮ່າງກາຍຫຼືອາລົມຂອງບຸກຄົນນັ້ນ.</li><li>ຄວາມເວົ້າວ່າ "ການທຳຮ້າຍ" ເປັນຄຳທີ່ໃຊ້ທົ່ວໄປແລະໝາຍຄວາມວ່າ "ເປັນເຫດໃຫ້ບາງຄົນຖືກທຳຮ້າຍໃນທຸກວິທີທາງ."  ໂດຍທົ່ວໄປຈະມີຄວາມໝາຍວ່າ "ເຮັດໃຫ້ບາດເຈັບທາງຮ່າງກາຍ."</li><li>ຂຶ້ນຢູ່ກັບກໍ​ລະ​ນີ, ຄຳນີ້ໝາຍຄວາມວ່າ "ທຳຜິດຕໍ່" ຫຼື "ກະທຳບໍ່ຍຸດຕິທຳຕໍ່" ຫຼື "ເປັນເຫດໃຫ້ເກີດການທຳຮ້າຍແກ່" ຫຼີ "ທຳບໍ່ດີ ໃນທາງທີ່ເປັນອັນຕະລາຍ" ຫຼື "ທຳຮ້າຍ."</li></ul>  
yahweh	<h2 id="section">@ພຣະຢາເວ</h2><h3 id="section-1">ນິຍາມ</h3><p>ຄຳວ່າ" ພຣະຢາເວ "ເປັນຊື່ສ່ວນຕົວຂອງພຣະເຈົ້າຊື່ງພຣະອົງຊົງປາກົດແກ່ໂມເຊທີ່ພຸ່ມໄມ້ທີ່ກຳລັງລຸກໄໝ້ຢູ່.</p><ul><li>ຊື່ " ພຣະຢາເວ" ມາຈາກຄຳທີ່ໝາຍເຖິງ" ເປັນຢູ່ " ຫລື "ດຳຣົງຢູ່".</li><li>ຄວາມໝາຍທີ່ເປັນໄປໄດ້ຂອງ" ພຣະຢາເວ" ລວມທັງ" ພຣະອົງຊົງເປັນ" ຫລື" ເຮົາເປັນ " ຜູ້ທີ່ຊົງສ້າງ".</li><li>ຊື່ນີ້ເຜີຍໃຫ້ເຫັນວ່າພຣະເຈົ້າຊົງສະຖິດຢູ່ສະເໝີແລະຍັງດຳຣົງຢູ່ຕະລອດໄປເປັນນິດ ຍັງມີຄວາມໝາຍວ່າ ພຣະອົງຊົງດຳຣົງຢູ່ເປັນນິດ.</li><li>ຕາມທຳນຽມການປະຕິບັດ ພຣະຄຳພີມີຫລາຍຄຳແປໃຊ້ຄຳສັບ "ອົງພຣະຜູ້ເປັນເຈົ້າ " ຫລື " ພຣະຜູ້ເຈົ້າ" ແທນທີ່ " ພຣະຍາເວ " ລະບຽບການປະຕິບັດນີ້ເປັນຜົນຈາກຂໍ້ເທັດຈິງທາງປະວັດສາດ ຄົນຢິວຢ້ານການອອກພຣະນາມຂອງພຣະຍາເວ ແລະນຳໄປໃຊ້ຄຳວ່າ " ອົງພຣະຜູ້ເປັນເຈົ້າ "ທຸກຄັ້ງທີ່ເຫັນຄຳວ່າ " ພຣະຢາເວ" ປາກົດ ໃນພຣະຄຳພີສະໃໝໃໝ່ໄດ້ຂຽນ "  ອົງພຣະຜູ້ເປັນເຈົ້າ "ດ້ວຍຕົວພີມໃຫຍ່ເພື່ອສະແດງຄວາມເຄົາລົບໃນພຣະນາມຂອງພຣະອົງເພື່ອໃຫ້ແຕກຕ່າງຈາກ "ພຣະເຈົ້າ "ຊຶ່ງເປັນພາສາເຮັບເຣີຄຳອື່ນໆ.</li><li>ພຣະຄຳພີ ULB ແລະ UDB ມັກແປຄຳນີ້ວ່າ " ພຣະຢາເວ " ຕາມທີ່ປາກົດໃນຂໍ້ຄວາມພາສາເຮັບເຣີໃນພັນທະສັນຍາເດີມ.</li><li>ຄຳວ່າ "ພຣະຢາເວ " ບໍ່ມີປາກົດການເລີຍໃນຕົ້ນສະບັບຂອງພຣະຄຳພີພັນທະສັນຍາໃໝ່ ໃຊ້ພຽງຄຳພາສາກຣີກວ່າ " ພຣະຜູ້ເປັນເຈົ້າ " ແມ່ແຕ່ໃນການອ່າງອີງພຣະຄຳພີພາກພັນທະສັນຍາເດີມ.</li></ul><h3 id="section-2">ຄຳແນະນຳໃນການແປ</h3><ul><li>" ພຣະຢາເວ " ສາມາດແປໂດຍຄຳຫລືວາລີທີ່ແປວ່າ " ພຣະອົງຊົງເປັນ " ຫລື " ພຣະອົງຊົງດຳຣົງຢູ່ " ຫລື " ພຣະອົງຜູ້ທີ່ເປັນ " ຫລື " ພຣະອົງຜູ້ຊົງພຣະຊົນຢູ່".</li><li>ຄຳນີ້ອາດຈະຂຽນໃນລັກສະນະທີ່ຄ້າຍເຄິ່ງກັບຄຳສະກົດ " ພຣະຢາເວ".</li><li>ຄຣິສຕະຈັກບາງນິກາຍບໍ່ມັກທີ່ຈະໃຊ້ຄຳ " ພຣະຢາເວ " ແລະໃຊ້ຄຳຕາມທຳນຽມ " ອົງພຣະຜູ້ເປັນເຈົ້າ " ການພິຈາລະນາທີ່ສຳຄັນຄື ນີ້ອາດຈະທຳໃຫ້ສັບສົນເມື່ອອ່ານອອກສຽງ ເພາະມັນຈະອອກສຽງເຊັ່ນດຽວກັບຄຳວ່າ " ພຣະຜູ້ເປັນເຈົ້າ " ໃນບາງພາສາອາຈມີຄຳນຳໜ້າຫລືໝາຍເຫດທາງໄວຍະກອນທີ່ເພີ່ມເຂົ້າມາໃຫ້ເປັນຄວາມແຕກຕ່າງຂອງຄຳວ່າ " ອົງພຣະຜູ້ເປັນເຈົ້າ".</li></ul>  
yahweh of hosts	<h2 id="section">@ພຣະຢາເວຈອມເຈົ້າທັງປວງ, @ພຣະເຈົ້າຈອມເຈົ້າທັງປວງ,ຈອມເຈົ້ານາຍ</h2><h3 id="section-1">ນິຍາມ</h3><p>ຄຳວ່າ " ພຣະຢາເວຈອມເຈົ້າ " ແລະ " ພຣະເຈົ້າຈອມທັງປວງ" ເປັນຕຳແໜ່ງທີ່ສະແດງເຖິງອຳນາດສິດທິຂອງພຣະເຈົ້າເໜືອບັນດາທູດສະຫວັນນັບຫລາຍພັນທີ່ເຊື່ອຟັງພຣະອົງ.</p><ul><li>ຄຳວ່າ "ຈອມເຈົ້າ "ຫລື "ຈອມເຈົ້າທັງປວງ " ເປັນຄຳທີ່ໝາຍເຖິງສິ່ງຕ່າງໆ ຈຳນວນຫລາຍ  ເຊັ່ນກອງທັບຂອງຄົນຫລືຈຳນວນດາວຈຳນວນມະຫາສານ ນີ້ສາມາດອ້າງອີງເຖິງດວງວິນຍານຕ່າງໆ ຈຳນວນຫລາຍ ລວມທັງວິນຍານຊົ່ວທັງຫລາຍນີ້ທຳໃຫ້ຊັດເຈນວ່າກຳລັງອ້າງເຖິງຫຍັງ.</li><li>ຄຳວ່າ ທີ່ຄ້າຍຄືກັນ " ຈອມເຈົ້າແຫ່ງສະຫວັນ " ອ້າງເຖິງດາວທັງໝົດ ດາວເຄາະແລະສິ່ງຕ່າງໆ ແຫ່ງສະຫວັນ.</li><li>ໃນພຣະສັນຍາໃໝ່ ຄຳທີ່ວ່າ "ອົງພຣະຜູ້ເປັນເຈົ້າຂອງຈອມເຈົ້າ " ມີຄວາມໝາຍເຊັ່ນດຽວກັນ "ພຣະຢາເວຈອມເຈົ້າທັງປວງ " ແຕ່ນີ້ບໍ່ສາມາດແປເຊັ່ນນັ້ນໄດ້ ເພາະພາສາເຮັບເຣີ "ພຣະຢາເວ " ບໍ່ໄດ້ໃຊ້ໃນພັນທະສັນຍາໃໝ່.</li></ul><h3 id="section-2">ຄຳແນະນຳໃນການແປ</h3><ul><li>ວິທີການແປຊື່ຕຳແໜ່ງ " ພຣະຢາເວຈອມເຈົ້າທັງປວງ " ສາມາດລວມເອົາ "ພຣະຢາເວຜູ້ຊົງປົກຄອງທູດສະຫວັນທັງປວງ " ຫລື " ພຣະຢາເວ ຜູ້ຊົງປົກຄອງກອງທັບຂອງທູດສະຫວັນ"ຫລື " ພຣະຢາເວ ຜູ້ຊົງປົກຄອງເໜືອການຊົງສ້າງ".</li><li>ຄຳທີ່ວ່າ "ຈອມເຈົ້າທັງປວງ " ໃນຄຳຊັບ "ພຣະເຈົ້າຈອມເຈົ້າທັງປວງ" ແລະ" ອົງພຣະຜູ້ເປັນເຈົ້າທັງປວງ" ຈະແປເໝືອກັນໃນຄຳທີ່ວ່າ " ພຣະຢາເວຈອມເຈົ້າທັງປວງ" ຕາມຂ້າງຕົ້ນ.</li><li>ຄຣິສຕະຈັກຫລາຍແຫ່ງບໍ່ຍອມໃຊ້ຄຳວ່າ " ພຣະຢາເວ " ແລະມັກທີ່ຈະໃຊ້ຄຳຊັບຕົວອັກສອນໃຫຍ່ " ອົງພຣະຜູ້ເປັນເຈົ້າ " ແທນຕາມທຳນຽມຂອງພຣະຄຳພີຫລາຍໆ ຕອນ  ສຳລັບຄຣິສຕະຈັກເຫລົ່ານີ້ການແປຄຳວ່າ " ອົງພຣະຜູ້ເປັນເຈົ້າຈອມເຈົ້າທັງປວງ " ຈະໃຊ້ພຣະຄຳພີພາກພັນທະສັນຍາເດີມ ສຳຫລັບ " ພຣະຢາເວຈອມເຈົ້າທັງປວງ".</li></ul>  
yeast	<h2 id="section">@ເຊື້ອແປ້ງ, @ເຊື້ອແປ້ງທີ່ເຮັດໃຫ້ຟູ</h2><h3 id="section-1">ນິຍາມ</h3><p>"ເຊື້ອແປ້ງທີ່ເຮັດໃຫ້ຟູ " ເປັນຄຳຊັບໃຊ້ທົ່ວໄປທີ່ທຳໃຫ້ແປ້ງຂະໜົມປັງຟູຂຶ້ນ" ແປ້ງ " ເປັນເຊື້ອແປ້ງທີ່ເຮັດໃຫ້ຟູຂຶ້ນສະນິດໜຶ່ງ.</p><ul><li>ໃນຄຳແປພາສາອັງກຣີກບາງຄຳແປ ຄຳວ່າເຊື້ອແປ້ງເຮັດໃຫ້ຟູຈະແປວ່າ " ແປ້ງ " ຊື່ງເປັນຜົງຟູສະໃໝເດີມແປ້ງຂະໜົມພ້ອມດ້ວຍຟອງທຳໃຫ້ແປ້ງຟູຂື້ນກ່ອນທີ່ຈະອົບ ແປ້ງຖືກນວດລົງໃນເຊື້ອແປ້ງຈົນຟູແພ່ກະຈ່າຍໄປທົ່ວກ້ອນທັງໝົດຂອງແປ້ງ.</li><li>ໃນສະໃໝພັນທະສັນຍາເດີມການທຳເຊື້ອແປ້ງເຮັດໃຫ້ຟູ ຫລືຜົງຟູຜະລິດໂດຍການປ່ອຍໃຫ້ແປ້ງຂະໜົມປັງປະໄວ້ຈັກໜ້ອຍໜຶ່ງ ແປ້ງຈຳນວນເລັກນ້ອຍຈາກແປ້ງກ່ອນໜ້ານີ້ໄດ້ຮັບການເກັບໄວ້ເປັນຜົງເຮັດໃຫ້ຟູສຳລັບການໃຊ້ອີກຕໍ່ໄປ.</li><li>"ຄຳວ່າ " ເຊື້ອແປ້ງເຮັດໃຫ້ຟູ "ຫລື " ແປ້ງ" ໄດ້ຖືກໃຊ້ສິ່ງປຽບທຽບໃນພຣະຄຳພີເປັນພາບໃນຄວາມບາບທີ່ແຜ່ກະຈ່າຍຜ່ານຊີວິດຂອງບຸກຄົນຫລືບາບທີ່ມີອິດທິພົນຕໍ່ຄົນອື່ນໄດ້ຢ່າງໃດ.</li><li>ນອກຈາກນີ້ຍັງອ້າງເຖິງການສອນປອມ ຊຶ່ງເຫັນຢູ່ປະຈຳແຜ່ໄປຍັງປະຊາຊົນຈຳນວນຫລວງຫລາຍແລະມີອິດທິພົນຕໍ່ພວກເຂົາ.</li><li>ຄຳວ່າ " ເຊື້ອແປ້ງທີ່ເຮັດໃຫ້ຟູ" ຖືກໃຊ້ໃນທາງບວກດ້ວຍເພື່ອອະທິບາຍວ່າອິດທິພົນອານາຈັກຂອງພຣະເຈັົ້າແຜ່ຂະຫຍາຍຈາກຄົນໜຶ່ງໄປສູ່ອີກຄົນໜຶ່ງໄດ້ຢ່າງໃດ.</li></ul><h3 id="section-2">ຄຳແນະນຳໃນການແປ</h3><ul><li>ນີ້ສາມາດແປໄດ້ວ່າເປັນ "ເຊື້ອ້ແປ້ງເຮັດໃຫ້ຟູ " ຫລື " ສານທີ່ເຮັດໃຫ້ຂະໜົມປັງຟູຂື້ນ " ຫລື " ສານທີ່ເຮັດໃຫ້ໃຫຍ່ຂຶ້ນ" ຄຳວ່າ "ໃຫຍ່ຂຶ້ນ " ອາດອະທິບາຍວ່າ " ຂະຫຍາຍ" ຫລື" ໃຫຍ່ຂື້ນ"ຫລື " ຟອງຕົວຂຶ້ນ.</li><li>ຖ້າມີເຄື່ອງເຮັດໃຫ້ຟູຂຶ້ນໃນທ້ອງຖິ່ນທີ່ໃຊ້ເຮັດໃຫ້ແປ້ງຂະໜົມປັງຟູຂຶ້ນ ຄຳນັ້ນກໍສາມາດໃຊ້ໄດ້ ຖ້າມີຄຳທີ່ເປັນທີ່ຮູ້ຈັກກັນດີຢູ່ແລ້ວໃນພາສາ ຄຳທົ່ວໄປທີ່ມີຄວາມໝາຍວ່າ " ເຊື້ອແປ້ງເຮັດໃຫ້ຟູ " ກໍເປັນຄຳທີ່ດີທີ່ສຸດທີ່ຈະສາມາດໃຊ້ຄຳນີ້ໄດ້.</li></ul>  
yoke	<h2 id="section">@ແອກ</h2><h3 id="section-1">ນິຍາມ</h3><p>ແອກແມ່ນທ່ອນໄມ້ຫລືໂລຫະທີ່ເອົາໄປວາງເທິງຄໍສັດສອງຕົວຫລືຫລາຍກວ່ານັ້ນເພື່ອ​ລ່າມສັດໃນການແກ່ຄັນໄຖຫລືແກ່ກວຽນ ມີຄວາມໝາຍທີ່ປຽບທຽບຢ່າງຫຼວງຫຼາຍສຳລັບຄຳນີ້.</p><ul><li>ຄຳວ່າ " ແອກ "ໄດ້ຖືກໃຊ້ໃນຄຳອຸປະມາອຸປະວິໃນທີ່ອ້າງເຖິງບາງສິ່ງທີ່ຮວມປະຊາຊົນສຳລັບວັດຖຸປະສົງໃນການເຮັດວຽກຮ່ວມກັນ ເຊັ່ນການຮັບໃຊ້ອົງພຣະເຢຊູ.</li><li>ໂປໂລໄດ້ໃຊ້ຄຳວ່າ " ເພື່ອນຮ່ວມແອກ" ໃນການອ້າງອີງເຖິງບາງຄົນຜູ້ທີ່ກຳລັງຮັບໃຊ້ພຣະເຢຊູເຊັ່ນດຽວກັນວ່າ " ເພື່ອນຄົນຮັບໃຊ້" ຫລື" ເພື່ອນຜູ້ຮັບໃຊ້ "ຫລື " ເພື່ອນຮ່ວມງານຮັບໃຊ້ ".</li><li>ຄຳວ່າ " ແອກ " ຍັງໃຊ້ຢູ່ເປັນປະຈຳໃນການປຽບທຽບເປັນຄຳອຸປະມາທີ່ອ້າງເຖິງພາລະໜັກແລະບາງຄົນຕ້ອງແບກ ເຊັ່ນຖືກກົດຂີ່ເມື່ອຕົກເປັນທາດຫລືຖືກຂົ່ມເຫັງ.</li><li>ສ່ວນໃຫຍ່ ຈະ​ເປັນ​ການດີທີ່ສຸດທີ່ຈະແປຄຳນີ້ຕາມຕົວອັກສອນໃຊ້ຄຳທ້ອງຖີ່ນທີ່ວ່າ ແອກ ທີ່ໃຊ້ໃນການກະເສດຕະກຳ.</li><li>ທາງອື່ນໃນການແປໃນຄຳອຸປະມາອຸປະວິໃນຂອງຄຳນີ້ອາດຈະເປັນ " ພາລະທີ່ກົດດັນ " ຫລື " ພາລະໜັກ " ຫລື " ຜູກ​ມັດ "ຂຶ້ນຢູ່ກັບກໍລະນີນັ້ນໆ".</li></ul>  
zacchaeus	<h2 id="section">@ຊັກຂ່າຍ</h2><h3 id="section-1">ຂໍ້ເທັດຈິງ</h3><p>ຊັກຂ່າຍ ເປັນຄົນ​ເກັບພາສີຈາກ ທີ່ເມືອງເຢຣິໂກ ຜູ້ໄດ້ປີນຂື້ນຕົ້ນໄມ້ເພື່ອຈະສາມາດຫລຽວເຫັນພຣະເຢຊູຜູ້ທີ່ຖືກລ້ອມຮອບໂດຍຝູງປະຊາຊົນຈຳນວນຫລວງຫລາຍ</p><ul><li>ຊັກຂ່າຍ ໄດ້​ຖືກປ່ຽນ​ຊື່ໄປຍ່າງສີ້ນເຊີງເມື່ອລາວໄດ້ເຊື່ອໃນພຣະເຢຊູ</li><li>ລາວໄດ້ສຳນຶກຜິດໃນຄວາມບາບຂອງລາວທີ່ໄດ້ຫລອກລວງປະຊາຊົນ</li></ul><p>ແລະໄດ້ສັນຍາວ່າຈະໃຫ້ຊັບສົມບັດຂອງລາວເຄິ່ງນຶ່ງແກ່ຄົນຍາກຈົນ</p><ul><li>ລາວຍັງໄດ້ສັນຍາວ່າລາວຈະຈ່າຍເງິນຄືນໃຫ້ກັບປະຊາຊົນຈຳນວນສີ່ເທົ່າຕາມຈຳນວນທີ່ລາວໄດ້ເກັບພາສີຂອງພວກເຂົາເກີນຈຳນວນ</li></ul>  
zadok	<h2 id="section">@ຊາດົກ</h2><h3 id="section-1">ຂໍ້ເທັດຈິງ</h3><p>ຊາດົກເປັນຊື່ຂອງມະຫາປະໂລຫິດຄົນສຳຄັນໃນອິດສະຣາເອນໃນຣັດສະໃໝການປົກຄອງຂອງກະສັດດາວິດ.</p><ul><li>ເມື່ອອັບຊາໂລມໄດ້ກະບົດຕໍ່ກະສັດດາວິດ ຊາດົກໄດ້ສະນັບສະໜຸນດາວິດແລະໄດ້ຊ່ວຍນຳຫີບພັນທະສັນຍາ ໄປຍັງກຸງເຢລູຊາເລັມ.</li><li>ຫລາຍປີຕໍ່ມາລາວໄດ້ມີສ່ວນຮ່ວມໃນພິທີສະຖາປະນາໂຊໂລໂມນ ລູກຊາຍຂອງດາວິດໃຫ້ເປັນກະສັດ.</li><li>ຊາຍສອງຄົນທີ່ຕ່າງກັນ ທີ່ມີຊື່ຊາດົກໄດ້ຊ່ວຍສ້າງກຳແພງກຸງເຢຣູຊາເລັມຂື້ນໃຫມ່ໃນຊ່ວງເວລາຂອງເນເຫມີ.</li><li>ຊາດົກເປັນຊື່ຂອງປູ່ ຂອງກະສັດໂຍທາມ.</li></ul>  
zealous	<h2 id="section">@ຄວາມກະຕືລືລົ້ນ, @ກະຕືລືລົ້ນ</h2><h3 id="section-1">ນິຍາມ</h3><p>ຄຳວ່າ " ຄວາມກະຕືລືລົ້ນ" ແລະ" ກະຕືລືລົ້ນ" ອ້າງເຖິງການອຸທິດຕົນເພື່ອສະນັບສະໜູນບຸກຄົນຫລືແນວຄິດ.</p><ul><li>ຄວາມກະຕືລືລົ້ນ ມີຄວາມປາຖະນາຢ່າງແຮງກ້າແລະການກະທຳ</li></ul><p>ຕ່າງໆ ທີ່ສົ່ງເສີມເຫດທີ່ດີ ມັກໃຊ້ຢູ່ສະເມີໃນການອະທິບາຍເຖິງຄົນທີ່ສັດທາເຊື່ອຟັງໃນພຣະເຈົ້າແລະສອນໃຫ້ຄົນອື່ນທຳເຊັ່ນນັ້ນດ້ວຍ</p><ul><li>ການກະຕືລືລົນໝາຍເຖິງການໃສ່ຄວາມພະຍາຍາມຈິງ​ຈັງໃນການງານບາ​​ງຢ່າງໂດຍບໍ່​ເຊົາ​ຕໍ່ຄວາມພະຍາຍາມ.</li><li>ຄຳວ່າ " ຄວາມກະຕືລືລົ້ນຂອງອົງພຣະຜູ້ເປັນເຈົ້າ" ຫລື" ຄວາມກະຕືລືລົ້ນຂອງພຣະຢາເວ" ອ້າງເຖິງຄວາມເຂັ້ງແຂງ ການກະທຳທີ່ບໍ່ລົດລະທີ່ຈະອວຍພອນແກ່ປະຊາຊົນຂອງພຣະອົງ ຫລື ເພື່ອໃຫ້ເກີດຄວາມຊອບທຳ.</li></ul><h3 id="section-2">ຄຳແນະນຳໃນການແປ</h3><ul><li>"ການກະຕືລຶລົ້ນ" ສາມາດແປວ່າ "ຈົ່ງຂະ​ຫຍັນຢ່າງວ່ອງໄວ" ຫລື "ພະຍາຍາມຢ່າງສູງສຸດ."</li><li>ຄຳວ່າ "ຄວາມກະຕືລືລົ້ນ" ສາມາດແປວ່າ "ຄວາມອຸທິດຕົນທີ່ມີພະ</li></ul><p>ລັງ" ຫລື "ຄວາມກະຕືລືລົ້ນທີ່ຊອບທັມ."</p><ul><li>ວະລີວ່າ " ກະຕືລືລົ້ນສຳລັບບ້ານຂອງທ່ານ" ສາມາດແປໄດ້ວ່າ "ໃຫ້ກຽດຢ່າງຍິ່ງຕໍ່ວິຫານຂອງທ່ານ" ຫລື "ຄວາມປາຖະນາຢ່າງແຮງກ້າໃນການດູແລບ້ານຂອງທ່ານ."</li></ul>  
zebedee	<h2 id="section">@ເຊເບດາຍ</h2><h3 id="section-1">ຂໍ້ເທັດຈິງ</h3><p>ເຊເບດາຍ ເປັນຄົນຫາປາຈາກຄາລິເລ ຜູ້ຊຶ່ງເປັນທີ່ຮູ້ຈັກເພາະລູກຊາຍຂອງລາວຄື ຢາໂກໂບແລະໂຢຮັນເປັນສາວົກຂອງພຣະເຢຊູ ພວກເຂົາຖືກລະບຸໄວ້ໃນພັນທະສັນຍາໃຫມ່ຢູ່ເ​ລື້ອຍໆ ໃນຖານະ "ລູກຊາຍຂອງເຊເບດາຍ"</p><ul><li>ພວກລູກຊາຍຂອງເຊເບດາຍກໍເປັນຊາວຫາປາດ້ວຍເຊັ່ນກັນແລະໄດ້ເຮັດວຽກກັບເຂົາໃນການຈັບປາ.</li><li>ຢາໂກໂບແລະໂຢຮັນ ໄດ້ລາຈາກການຫາປາຂອງພໍ່ພວກເຂົາ ຄືເຊເບດາຍແລະໄດ້ຈາກໄປຕິດຕາມພຣະເຢຊູ.</li></ul>  
zebulun	<h2 id="section">@ເຊບູໂລນ</h2><h3 id="section-1">ຂໍ້ເທັດຈິງ</h3><p>ເຊບູໂລນເປັນລູກຊາຍຄົນສຸດທ້າຍທີ່ເກີດຈາກຢາໂຄບກັບນາງເລອາແລະເປັນຊື່ຂອງເຜົ່າໜຶ່ງໃນສິບສອງເຜົ່າຂອງອິດສະຣາເອນ.</p><ul><li>ຊາວອິດສະຣາເອນເຜົ່າເຊບູໂລນໄດ້ຮັບແຜ່ນດີນທາງຝັ່ງຕາວັນຕົກຂອງທະເລຕາຍ.</li><li>ບາງຄັ້ງຊື່ "ເຊບູໂລນ" ຖືກນຳມາໃຊ້ເພື່ອອ້າງເຖິງດິນແດນທີ່ຊົນເຜົ່າອິດສະຣາເອນນີ້ໄດ້ອາໃສຢູ່.</li></ul>  
zechariah (new testament)	<h2 id="section">@ເຊກາຣີຢາ @ຫລື @ເຊກາລີຢາ@ (ພັນທະສັນຍາໃໝ່)</h2><h3 id="section-1">ຂໍ້ເທັດຈິງ</h3><p>ໃນພັນທະສັນຍາໃໝ່ ເຊກາຣີຢາເປັນປະໂລຫິດຊາວຢິວຜູ້ເປັັນບິດາຂອງໂຢຮັນຜູ້ໃຫ້ບັບຕິດສະມາ.</p><ul><li>ເຊກາຣິຢາໄດ້ຮັກພຣະເຈົ້າແລະໄດ້ເຊື່ອຟັງພຣະອົງ.</li><li>ເປັນເວລາຫລາຍປີເຊກາຣິຢາແລະພັນລະຍາຂອງລາວເອລີຊາເບັດ ໄດ້ອະທິຖານຢ່າງຈິງຈັງຂໍໃຫ້ມີບຸດ ແຕ່ກໍຍັງບໍ່ມີເລີຍຈັກຄົນ ເມື່ອພວກເຂົາມີອາຍຸຫລາຍແລ້ວພຣະເຈົ້າກໍໄດ້ຊົງຕອບຄຳອະທິຖານຂອງພວກເຂົາແລະໃຫ້ພວກເຂົາມີບຸດຊາຍໜຶ່ງຄົນ.</li><li>ເຊກາຣິຢາໄດ້ທຳນວຍວ່າໂຢຮັນບຸດຊາຍຂອງເຂົາຈະເປັນຜູ້ເຜີຍພຣະ ວັດຈະນະ ຜູ້ທີ່ຈະປະກາດແລະຕຽມທາງສຳລັບພຣະເມສີອາ.</li></ul>  
zechariah (old testament)	<h2 id="section">@ເຊກາຣິຢາ @ຫລື @ເຊກາຣິຢາ@ (ພັນທະສັນຍາເດີມ)</h2><h3 id="section-1">ຂໍ້ເທັດຈິງ</h3><p>ເຊກາຣິຢາເປັນຜູ້ປະກາດພຣະທຳຜູ້ທີ່ໄດ້ປະກາດພຣະທຳພຣະເຈົ້າໃນສະໄໝຂອງກະສັດດາຣິອຸດທີ່ 1 ຂອງເປເຊຍ ໃນພັນທະສັນຍາເດີມພຣະທຳເຊກາຣິຢາໄດ້ບັນທຶກຖ້ອຍຄຳໃນການປະກາດຂອງລາວໄວ້ ຊຶ່ງທຳໃຫ້ການກັບຈາກການເປັນຊະເລີຍເພື່ອໄປກໍ່ສ້າງພຣະວິຫານຂື້ນໃໝ່ອີກຄັ້ງ.</p><ul><li>ຜູ້ປະກາດພຣະທຳເຊກາຣິຢາ ມີຊີວິດຢູ່ໃນສະໄໝດຽວກັບເອສະຣາ ເນເຫມີຢາ ເຊຣູບາເບນແລະຮັກກາຍ ເຂົາຖືກເອີ້ນຊື່ໂດຍທາງພຣະເຢຊູໃນຖານະຜູ້ປະກາດພຣະທຳຄົນສຸດທ້າຍທີ່ຖືກຂ້າໃນສະໄໝພັນທະສັນຍາເດີມ ຜູ້ຊາຍອີກຄົນໜຶ່ງທີ່ຊື່ເຊກາຣິຢາ ເປັນຍາມເຝົ້າປະຕູພຣະວິຫານໃນຊ່ວງເວລາຂອງກະສັດດາວິດ.</li><li>ເຊກາຣິຢາ ເປັນຊື່ຂອງປະໂລຫິດທີ່ຖືກປະຊາຊົນອິດສະຣາເອນເອົາຫີນຂວາງໃສ່ຕາຍເມື່ອລາວໄດ້ຕຳນິພວກເຂົາທີ່ໄປນະມັດສະການຮູບເຄົາລົບ.</li><li>ກະສັດເຊກາຣິຢາເປັນບຸດຊາຍຂອງເຢໂຣໂບອາມແລະລາວໄດ້ປົກຄອງ​ພາກເໜືອອິດສະ​ຣາເອນພຽງຫົກເດືອນກ່ອນຖືກຂ້າ.</li></ul>  
zedekiah	<h2 id="section">@ເຊເດກີຢາ @ຫລື @ເຊຄາຣີຢາ</h2><h3 id="section-1">ຂໍ້ເທັດຈິງ</h3><p>ເຊເດກີຢາ ລູກຊາຍຂອງໂຢສີ​ຢາ ເປັນກະສັດອົງສຸດທ້າຍຂອງຢູດາ (597-587 ) ກ່ອນຄຣິ​ສຕະຊະສັກຄະຣາດ) ນອກຈາກນີ້ຍັງມີອີກຫຼາຍຄົນທີ່ຊື່ເຊເດກີຢາ ໃນພັນທະສັນຍາເດີມ.</p><ul><li>ກະສັດເນບູກາດເນັດຊາໄດ້ແຕ່ງຕັ້ງເຊເດກີຢາເປັນກະສັດແຫ່ງຢູດາ ຫລັງຈາກທີ່ໄດ້ຈັບກະສັດເຢໂຮຢາກິມ ແລະ ໄດ້ນຳເຂົ້າໄປຍັງກຸງບາບີໂລນເຊເດກີຢາ ຕໍ່ມາ ໄດ້ລັບຜົນທີ່ຕາມມາ ກະສັດເນບູກັດເນັດຊາໄດ້ຈັບກຸມພວກເຂົາແລະໄດ້ທຳລາຍກຸງເຢຣູຊາເລັມທັງໝົດ.</li><li>ເຊເດກີຢາ ລູກຊາຍຂອງເຄນາອັນນາ ເປັນຜູ້ປະກາດພຣະທຳປອມໃນສະໃໝຂອງກະສັດອາຮາດແຫ່ງອິດສະຣາເອນ.</li><li>ຜູ້ຊາຍທີ່ຊື່ ເຊເດກີຢາ ເປັນຄົນໜຶ່ງໃນຈຳພວກນັ້ນທີ່ໄດ້ລົງຊື່ໃນຂໍ້ຕົກລົງກັບອົງພຣະຜູ້ເປັນເຈົ້າໃນສະໃໝຂອງເນເຫມີຢາ.</li></ul>  
zephaniah	<h2 id="section">@ເຊ​ຟານີຢາ</h2><h3 id="section-1">ຂໍ້ເທັດຈິງ</h3><p>ເຊ​ຟານີຢາ ລູກຊາຍຂອງກູຊີ ເປັນຜູ້ປະກາດພຣະທຳທີ່ໄດ້ອາໃສຢູ່ໃນກຸງເຢຣູຊາເລັມແລະເປັນຜູ້ປະກາດພຣະທຳໃນສະໃໝໂຢສີຢາກະສັດຂອງຢູດາລາວໄດ້ມີຊີວິດຢູ່ໃນສະໃໝດຽວກັນກັບເຢເຣມີຢາ.</p><ul><li>ເຊ​ຟານິຢາໄດ້ຕຳນິປະຊາຊົນຂອງຢູດາທີ່ໄປນະມັດສະການພະທຽມທັງຫຼາຍການປະກາດພຣະທຳຂອງລາວໄດ້ຖືກບັນທຶກໄວ້ໃນພຣະທຳໂຣມເຊ​ຟານິຢາໃນພັນທະສັນຍາເດີມ.</li><li>ມີຜູ້ຊາຍອີກຫຼາຍຄົນໃນພັນທະສັນຍາເດີມທີ່ຊື່ເຊ​ຟານິຢາສ່ວນໃຫຍ່ເປັນປະໂລຫິດ.</li></ul>  
zerubbabel	<h2 id="section">@ເຊຣຸບບາເບນ</h2><h3 id="section-1">ຂໍ້ເທັດຈິງ</h3><p>ເຊຣຸບບາເບນ ເປັນຊື່ຂອງອິດສະຣາເອັນສອງຄົນໃນພັນທະສັນຍາເດີມ.</p><ul><li>ໜຶ່ງໃນສອງຄົນນີ້ເຊື້ອສາຍຂອງເຢໂຮຢາກິມແລະເຊເດກີຢາ.</li><li>ເຊຣຸບບາເບນອີກຄົນເປັນລູກຊາຍຂອງເຊອັນຕີເອນ (ເຊອັນເທຽ) ເປັນຫົວໜ້າຕະກຸນຢູດາ ໃນຊ່ວງສະໃໝຂອງເອສະລາແລະເນເຫມີຢາເມື່ອໄຊຣັດກະສັດເປີເຊັຽ ໄດ້ປົດປ່ອຍຄົນອິດສະຣາເອນອອກຈາກການເປັນທາດທີ່ກຸງບາບີໂລນ.</li><li>ເຊຮຸບບາເບນແລະມະຫາປະໂລຫິດໂຢຊ່ວຍໄດ້ຢູ່ໃນໝູ່ຄົນເຫຼົ່ານັ້ນຜູ້ທີ່ຊ່ວຍສ້າງພຣະວິຫານແລະແທ່ນບູຊາຂອງພຣະເຈົ້າ.</li></ul>  
zion	<h2 id="section">@ຊີໂອນ, @ພູເຂົາຊີໂອນ</h2><h3 id="section-1">ນິຍາມ</h3><p>ເດີມຄຳວ່າ "ຊີໂອນ" ຫລື "ພູເຂົາຊີໂອນ" ອ້າງເຖິງທີ່ໝັ້ນຫລືປ້ອມປາການທີ່ກະສັດດາວິດຍຶດຈາກຄົນເຢບຸດ ຄຳທັງສອງນີ້ໄດ້ກາຍມາເປັນການອ້າງອີງເຖິງກຸງເຢຣູຊາເລັມ.</p><ul><li>ພູເຂົາຊີໂອນແລະພູເຂົາໂມຮິອາເປັນເນີນເຂົາສອງແຫ່ງຊຶ່ງກຸງເຢຣູຊາເລັມຕັ້ງຢູ່ ຕໍ່ມາພາຍຫລັງ "ຊີໂອນ" ແລະ "ພູເຂົາຊີໂອນ" ໄດ້ກາຍເປັນຄຳສັບທົ່ວໄປທີ່ອ້າງເຖິງວິຫານທີ່ຕັ້ງຢູ່ໃນກຸງເຢຣູຊາເລັມ (ເບິ່ງ: <a href="https://read.bibleineverylanguage.org/WA-Catalog/lo_tm?section=translate#figs-metonymy" target="_blank" data-is-rc-link="" data-repo="lo_tm" data-user="WA-Catalog" data-page="translate" data-topic="figs-metonymy" data-type="tm">figs-metonymy</a>)</li><li>ດາວິດໄດ້ຕັ້ງຊື່ "ຊີໂອນ ຫລື ກຸງເຢຣູຊາເລັມ ວ່າ "ເມືອງຂອງດາວິດ" ນີ້ແຕກຕ່າງຈາກບ້ານເກີດຂອງດາວິດ ຄືເມືອງເບັດເລເຮັມ ຊື່ງໄດ້ຖືກເອີ້ນວ່າເມືອງດາວິດ.</li><li>ຄຳວ່າ " ຊີໂອນ "ໄດ້ໃຊ້ໃນການປຽບທຽບອື່ນໆ ອີກ ເພື່ອອ້າງເຖິງອິດສະຣາເອັນຫລືອານາຈັກແຫ່ງຈິດວິນຍານຂອງພຣະເຈົ້າ ຫລືກຸງເຢຣູຊາເລັມໃໝ່ ກຸງເຢຣູຊາເລັມແຫ່ງສະຫວັນໃໝ່ຊຶ່ງພຣະເຈົ້າຊົງເນຣະມິດສ້າງ.</li></ul>  
zoar	<h2 id="section">@ໂຊອາ</h2><h3 id="section-1">ຂໍ້ເທັດຈິງ</h3><p>ໂຊ​ອາ ເປັນເມືອງນ້ອຍໆ ທີ່ໂລດ ໄດ້ຫລົບໜີເມື່ອພຣະເຈົ້າຊົງທຳລາຍເມືອງໂຊໂດມແລະເມືອງໂກໂມຣາ.</p><ul><li>ຊື່ທີ່ເປັນຄົນຮູ້ຈັກກັນກ່ອນໜ້ານີ້ຄື "ເບລາ" ແຕ່ໄດ້ຖືກຕັ້ງຊື່ໃໝ່ວ່າ</li></ul><p>"ໂຊອາ" ເມື່ອໂລດໄດ້ທູນຂໍພຣະເຈົ້າບໍ່ໃຫ້ສະງວນເມືອງ "ນ້ອຍໆ" ນີ້ໄວ້.</p><ul><li>ໂຊອາ ໄດ້ຄິດກັນວ່າເມືອງນີ້ໄດ້ຕັ້ງຢູ່ເທີງບ່ອນຮາບ​ພຽງຂອງແມ່ນໍ້າຈໍແດນຫລືທາງຕອນໃຕ້ສຸດຂອງທະເລຕາຍ.</li></ul>  
