abend 	ຫຍໍ້ມາຈາກ abnormal end, ການຢຸດເຮັດວຽກແບບຜິດປົກກະຕິ ຂອງຄອມພິວເຕີໂດຍທີ່ເຄື່ອງບໍ່ໄດ້ຮັບຄຳສັ່ງໃຫ້ຢຸດ.
ability grouping 	ການແບ່ງກຸ່ມຕາມຄວາມສາມາດບາງຢ່າງເພື່ອຈຸດປະສົງໃດຫນຶ່ງ.
ABIOS 	ຫຍໍ້ມາຈາກ Advanced Basic Input/Output System, ເປັນຊຸດຂອງໂປຣແກຣມໃຫ້ບໍລິການຂະໜາດນ້ອຍທີ່ຢູ່ໃນ chip ເຊັ່ນ: ROM, EPROM ຫລື EEPROM, ເຊິ່ງມີມາກັບເຄື່ອງ IBM PS/2.
abort 	ຍົກເລີກ, ສັ່ງຍົກເລີກການເຮັດວຽກ ເນື່ອງຈາກມີຄວາມຜິດພາດເກີດຂຶ້ນ.
About box 	ຂອບສະແດງຂໍ້ມູນກ່ຽວກັບໂປຣແກຣມເຊັ່ນ: ຊື່ໂປຣແກຣມ, ຫມາຍເລກລຸ້ນຂອງໂປຣແກຣມ ແລະ ຂໍ້ມູນອື່ນໆ.
ABR 	ຫຍໍ້ມາຈາກ Available Bit Rate, ອັດຕາການຮັບສົ່ງຂໍ້ມູນ ທີ່ປັບປ່ຽນຄວາມໄວໄດ້.
ABS 	ຄ່າຂາດຕົວ, ຫຍໍ້ມາຈາກ ABSolute value, ຄຳສັ່ງໃນພາສາໂປຣແກຣມ ຫລາຍພາສາ, ລວມທັງໂປຣແກຣມຄຳນວນໃນແບບຕາຕະລາງ ເຊັ່ນ Excel ໃຊ້ຄຳນວນຄ່າຂາດຕົວ ຈາກຕົວເລກ ທີ່ໃຫ້ມາ.
absolute addressing 	ທີ່ຢູ່ ຫຼື ຕຳແໜ່ງແນ່ນອນ, ການບອກຕຳແຫນ່ງໃນຫນ່ວຍຄວາມຈຳໂດຍກົງ.
absolute coding 	ລະຫັດແນ່ນອນ, ລະຫັດທີ່ລະບຸຕຳແຫນ່ງຈິງໂດຍກົງໃນຫນ່ວຍຄວາມຈຳຫລັກ.
absolute reference 	 ການອ້າງອີງແບບແນ່ນອນ, ເຊິ່ງໃຊ້ໃນການກຳນົດ cell ທີ່ໃຊ້ໃນສູດ ໃນ spreadsheet, ເມື່ອຍ້າຍສູດຈາກ cell ຫນື່ງໄປຫາອີກ cell ຫນຶ່ງ, cell ທີ່ຖືກອ້າງອີງແບບແນ່ນອນຈະບໍ່ປ່ຽນແປງ.
abstract 	ບົດຄັດຫຍໍ້, ສ່ວນສຳຄັນຂອງບົດຄວາມ ຫລື ສິ່ງພິມ.
abstract data type 	ຊະນິດຂໍ້ມູນແບບນາມມະທຳ.
AC 	ໄຟຟ້າກະແສສະຫລັບ, ຫຍໍ້ມາຈາກ Alternating Current.
Acceptable Use Policy 	ໃຊ້ຄຳຫຍໍ້ວ່າ AUP, ນະໂຍບາຍການໃຊ້ເຄືອຂ່າຍໃນບ່ອນໃດບ່ອນຫນຶ່ງ ເຊິ່ງກຳນົດວ່າຂໍ້ມູນ ຫລື ຂ່າວສານປະເພດໃດສາມາດສົ່ງຜ່ານໃນເຄືອຂ່າຍໄດ້.
acceptance test 	ການກວດກາການເຮັດວຽກຂອງຄອມພີວເຕີ ແລະ ໂປຣແກຣມເພຶ່ອໃຫ້ໄດ້ ຄຸນນະພາບຕາມທີ່ກຳນົດໄວ້.
ACCESS 	ຫຍໍ້ມາຈາກ Asynchronous Communication Course to Enable Student Success, ເປັນໂປຣແກຣມການຮຽນການສອນໂດຍໃຊ້ເຕັກໂນໂລຊີຂອງມະຫາວິທະຍາໄລ Virginia Tech.
access 	ການເຂົ້າເຖິງຂໍ້ມູນທີ່ບັນທຶກໄວ້.
access arm 	ແຂນ/ກ້ານ ທີ່ມີຫົວອ່ານ ແລະ ຂຽນຂໍ້ມູນໃນແຜ່ນດິດ.
access code 	ລະຫັດການເຂົ້າເຖິງ.
access denied 	 ການປະຕິເສດໃຫ້ເຂົ້າເຖິງ, ເປັນຄວາມຜິດທີ່ເກີດຈາກຄຳສັ່ງພະຍາຍາມໄປອ່ານຟາຍຂໍ້ມູນ ຫລື ໄດ້ເຣັກທໍຣີທີ່ລະບົບບໍ່ອະນຸຍາດໃຫ້ໃຊ້.
access key 	ລະຫັດການເຂົ້າເຖິງຟາຍ ຫລື ຊຸດຂໍ້ມູນ.
access method 	ວິທີການເຂົ້າເຖິງຟາຍ ຫລື ຊຸດຂໍ້ມູນ.
access number 	ເລກໝາຍໂທລະສັບທີ່ຜູ້ໃຊ້, ໃຊ້ເຊື່ອມຕໍ່ເຂົ້າສູ່ບໍລິການສາຍກົງ.
access point 	ຕໍາແຫນ່ງ ຫລື ຈຸດທີ່ຢູ່ໃນເຄືອຂ່າຍເພື່ອເຂົ້າເຖິງ ແລະ ນໍາຂໍ້ມູນອອກມາໃຊ້.
access provider 	ບໍລິສັດແມ່ຂ່າຍທີ່ໃຫ້ບໍລິການລູກຄ້າເຊື່ອມຕໍ່ເຂົ້າອິນເຕີເນັດ.
access time 	ເວລາທີ່ຄອມພິວເຕີໃຊ້ສໍາລັບເຂົ້າເຖິງຂໍ້ມູນ.
accessory 	ອຸປະກອນເສີມ, ອຸປະກອນເພີ່ມເຕີມສຳລັບຄອມພິວເຕີ ເຊິ່ງຊ່ວຍເຮັດຫນ້າທີ່ຕ່າງໆເຊັ່ນ mouse, ໂມເດັມ ແລະ ອື່ນໆ.
account 	ບັນຊີ/ແອັກຄາວ, ບັນຊີຜູ້ໃຊ້ເຊິ່ງໃຊ້ເກັບຂໍ້ມູນປະຈຳຕົວຂອງຜູ້ໃຊ້, ເຈົ້າຂອງບັນຊີຈະມີສິດໃຊ້ບໍລິການຕາມທີ່ໄດ້ກຳນົດໄວ້. ບັນຊີຈະປະກອບດ້ວຍຊື່ບັນຊີ, ລະຫັດຜ່ານ ແລະ ສິດໃນການໃຊ້ວຽກ.
accounting machine 	ເຄື່ອງສໍາລັບການເຮັດບັນຊີ.
accounting software 	 ຊອບແວທີ່ອອກແບບສໍາລັບວຽກທາງດ້ານບັນຊີ.
accounts payable 	ບັນຊີສໍາລັບຈ່າຍເງິນ.
accounts receivable 	ບັນຊີສໍາລັບຮັບເງິນ.
accumulator 	ຕົວສະສົມ, ຫນ່ວຍຄວາມຈໍາທີ່ໃຊ້ເກັບຜົນໄດ້ຮັບຈາກການຄໍານວນໂດຍເກັບໄວ້ໃນຣີຈິດສະເຕີ.
achievement 	ຜົນງານໃນການເຮັດວຽກອັນໃດຫນຶ່ງ.
achievement test 	ແບບທົດສອບຜົນໄດ້ຮັບດ້ານຄວາມຮູ້ ແລະ ຄວາມເຂົ້າໃຈ.
achromatic 	ເລນປັບສີ, ເລນທີ່ອອກແບບເປັນພິເສດເພຶ່ອຫລຸດການຄາດເຄື່ອນຂອງສີໃຫ້ມີນ້ອຍທີ່ສຸດ.
ACK 	ຫຍໍ້ມາຈາກ ACKnowledgement, ລະຫັດຄວບຄຸມທີ່ສົ່ງໄປບອກຄອມພິວເຕີເຄື່ອງອື່ນວ່າໄດ້ຮັບຂໍ້ມູນຄົບຖ້ວນແລ້ວ ແລະ ສາມາດສົ່ງຂໍ້ມູນຕົວຕໍ່ໄປໄດ້.
Acrobat 	ຊອບແວທີ່ໃຊ້ກັບຟາຍນາມສະກຸນ .pdf ເປັນທີ່ນິຍົມໃຊ້ໃນ www, ສ້າງໂດຍບໍລິສັດ Adobe ເບິ່ງ Adobe Acrobat Reader.
activate 	ການສັ່ງໃຫ້ເຮັດວຽກ ຫລື ການເອີ້ນໂປຣມແກຣມຂຶ້ນມາໃຊ້.
Z80 	 ຊື່ຂອງໂປຣເຊັດເຊີ 8 ບິດລຸ້ນເກົ່າທີ່ໃຊ້ກັບຊີພີເອັມ. ໄມໂຄຣໂປຣເຊັດເຊີ Z80 ພັດທະນາໃຫ້ເຮັດວຽກທາງຊອບແວ ທີ່ຂຽນດ້ວຍ 8080 ຂອງ Intel ໄດ້ແຕ່ມີການເພີ່ມຄຳສັ່ງສະເພາະທີ່ມີປະສິດທິພາບເພີ່ມອີກ ແຕ່ຕໍ່ມາກໍມີບົດບາດເທົ່າໃດ, ເພາະມີ 8086 ທີ່ໄວກວ່າ ເຊິ່ງເປັນມັນສະໝອງຂອງເຄື່ອງ IBM CP ລຸ້ນທຳອິດ
active 	 ກໍາລັງເຮັດວຽກຢູ່.
active color 	ສີທີ່ຖືກເລືອກໃຊ້ໃນປັດຈຸບັນ.
Active Desktop 	ຄຸນສົມບັດຫນຶ່ງໃນ Internet Explorer ເຊິ່ງສາມາດວາງສ່ວນປະກອບຕ່າງໆໃນ desktop ຊ່ວຍໃຫ້ເອີ້ນໃຊ້ວຽກໄດ້ງ່າຍຂຶ້ນ, ເຂົ້າເຖິງ webpage ແລະ chanel ຕ່າງໆໄດ້ໂດຍກົງຈາກ desktop. Active Desktop ໄດ້ກາຍມາເປັນ interface ຂອງ Windows 98. ແລະ ລຸ້ນຫລັງຕໍ່ມາ.
active device 	ອຸປະກອນທີ່ເຮັດຫນ້າທີ່ເປັນສະວິດ ຫລື ຕົວຂະຫຍາຍ ເຊັ່ນ ໄດໂອດ, ທຣານຊິດສະເຕີ ແລະ ອື່ນໆ.
active file 	ຟາຍທີ່ກໍາລັງຖືກໃຫ້ເຮັດວຽກຢູ່ໃນຫນ່ວຍຄວາມຈໍາໃນປັດຈຸບັນ.
active hub 	ອຸປະກອນທີ່ເຮັດຫນ້າທີ່ເປັນຕົວກາງ ໂຮມສາຍເຊື່ອມຕໍ່ຈາກຄອມພິວເຕີເຂົ້າຫາກັນ. ອຸປະກອນນີ້ຈະຮັບສົ່ງສັນຍານລະຫວ່າງຄອມພິວເຕີ ແລະ ຍັງຊ່ວຍຂະຫຍາຍສັນຍານນຳອີກ.
active partition 	ສ່ວນຂອງຮາດດິດທີ່ເກັບລະບົບປະຕິບັດການ ແລະ ຈະດຶງເຂົ້າໄວ້ໃນຫນ່ວຍຄວາມຈຳເພື່ອໃຊ້ໃນການເປີດເຄື່ອງ.
Active Server Page 	ໃຊ້ຄໍາຫຍໍ້ວ່າ ASP, webpage ທີ່ບັນຈຸ code ຂອງໂປຣແກຣມ ເຊິ່ງຂຽນດ້ວຍ VBScript ຫລື JScript ພັດທະນາຂື້ນມາໂດຍບໍລິສັດ Microsoft, ເປັນ Script ທີ່ເຮັດວຽກໃນ Web Server.
active window 	ປ່ອງຢ້ຽມທີ່ກໍາລັງເຮັດວຽກຕິດຕໍ່ກັບຜູ້ໃຊ້ຢູ່ໃນຂະນະໃຊ້ ຫລື ປ່ອງຢ້ຽມ ທີ່ມີ ເຄີເຊີປະກົດຢູ່.
ActiveX 	ແອັກຕີບເອັກ, ເປັນຊອບແວນ້ອຍທີ່ເຮັດວຽກຢູ່ເບື້ອງຫລັງ, ພັດທະນາຂື້ນເພື່ອນຳໃຊ້ຫລາຍເທື່ອ ແລະ ນຳໃຊ້ດ້ວຍຫລາຍໂປຣແກຣມຮ່ວມກັນໄດ້.
actual parameters 	ຄໍາທີ່ຖືກສົ່ງຜ່ານເຂົ້າໄປໃນຟັງຊັນ ຫລື procedure ໃນໂປຣແກຣມ.
ADA 	ພາສາໂປຣແກຣມຊະນິດຫນຶ່ງ ທີ່ໃຫ້ຂຽນໂປຣແກຣມເປັນແບບໂຄງສ້າງ, ເປັນພາສາມາດຕະຖານຂອງ ກະຊວງປ້ອງກັນປະເທດຂອງສະຫະລັດອາເມລິກາ. Ada ມາຈາກນາມສະກຸນຂອງທ່ານນາງ Augusta Ada Byron.
adaptation 	ການປັບປ່ຽນສິ່ງໃດຫນຶ່ງເພື່ອໃຊ້ວຽກໃນລັກສະນະສະເພາະ.
adapter 	ຕົວປັບປ່ຽນ/ອາດັບເຕີ, ແຜ່ນວົງຈອນຊະນິດຫນຶ່ງທີ່ໃຊ້ສຽບເຂົ້າໄປໃນຊ່ອງສຽບເພີ່ມເຕີມໃນຄອມເພິເຕີ ເພື່ອໃຊ້ຕິດຕໍ່ກັບອຸປະກອນພາຍນອກ ເຊັ່ນ ຈໍພາບ, ຮາດດິດ ແລະ ອື່ນໆ.
Adaptive Differential PCM 	ໃຊ້ຄຳຫຍໍ້ວ່າ ADPCM ເປັນເຕັກນິກການແປງລະຫັດສັນຍານອານາລັອກເປັນດິຈິຕອນດ້ວຍຫລັກການພື້ນຖານ PCM (Pulse Code Modulation).
add noise 	ການເພີ່ມສິ່ງລົບກວນ, ເຊິ່ງເປັນເຄື່ອງມືໃນໂປຣແກຣມຕົບແຕ່ງຮູບພາບສໍາລັບ ເພີ່ມພື້ນຜິວເຂົ້າໄປໃສ່ຮູບພາບ.
address 	ທີ່ຢູ່, ການອ້າງອີງ ຫລື ການຈັດການກັບຕໍາແຫນ່ງຕ່າງ ໃນອຸປະກອບເກັບຂໍ້ມູນ.
address Book 	ສະຫມຸດທີ່ຢູ່, ຟາຍທີ່ໃຊ້ເກັບຮວບຮວມລາຍຊື່ ແລະ e-mail address ຂອງຜູ້ທີ່ເຮົາຕິດຕໍ່ຢູ່ສະເຫມີ.
address bus 	ເສັ້ນທາງເອເລັກໂຕຣນິກ ທີ່ມີຫລາຍເສັ້ນ, ໃຊ້ເພື່ອສົ່ງສັນຍານທີ່ບອກຕໍາແຫນ່ງໃນຫນ່ວຍຄວາມຈໍາ.
address decoder 	ຕົວແກ້/ຖອດລະຫັດທີ່ຢູ່.
address modification 	ການດັດແປງຕໍາແຫນ່ງທີ່ຢູ່ຂອງຂໍ້ມູນ.
address register 	ເປັນຣີຈິດສະເຕີສຳລັບເກັບຕຳແຫນ່ງທີ່ຢູ່ຂອງຂໍ້ມູນ.
address Resolution Protocol 	ໃຊ້ຄຳຫຍໍ້ວ່າ ARP, ໂປຣໂຕຄອນໃນການຕິດຕໍ່ອຸປະກອນສື່ສານໃນເຄືອຂ່າຍເພື່ອຄົ້ນຫາທີ່ຢູ່ຂອງເຄືອຂ່າຍ.
addressing 	ການກຳນົດທີ່ຢູ່.
adjustment 	ການປັບຕຳແຫນ່ງ/ການນຳເຂົ້າສູ່ຄວາມເຫມາະສົມ.
ADM-3A 	ເຄື່ອງຄອມພິວເຕີທີ່ຖືກນຳສະເຫນີປະມານປີ 1980 ໂດຍ Lear Siegler.
Admin 	ຫຍໍ້ມາຈາກ Administrator, ຜູ້ດູແລຄຸ້ມຄອງລະບົບເຄືອຂ່າຍ.
Adobe Acrobat Reader 	ໂປຣແກຣມສຳລັບອ່ານ ແລະ ເປີດເອກະສານທີ່ສ້າງຈາກ Acrobat ຈະຢູ່ໃນຮູບແບບຟາຍ PDF (PDF ຫຍໍ້ມາຈາກ Portable Document Format).
ADSL 	ຫຍໍ້ມາຈາກ Asymmetric Digital Subscriber Line, ເຕັກໂນໂລຊີຮູບແບບຫນຶ່ງທີ່ໃຊ້ສົ່ງຂໍ້ມູນໃນລະບົບເຄືອຂ່າຍອິນເຕີເນັດ ຜ່ານສາຍໂທລະສັບດ້ວຍຄວາມໄວສູງ.
advanced organizer 	ອົງປະກອບສັ້ນໆຈັດສະແດງໄວ້ ກ່ອນຈະມີການຮຽນເນື້ອໃນທັງຫມົດ, ໂດຍເຮັດຫນ້າທີ່ນຳໄປສູ່ເນື້ອໃນທີ່ສຳຄັນທັງຫມົດ.
Advanced SCSI Programming Interface 	ໃຊ້ຄຳຫຍໍ້ວ່າ ASPI, ວິທີການຕິດຕໍ່ກັບຮາດແວແບບ SCSI ຂອງໂປຣແກຣມນຳໃຊ້, ຕົວແປພາສາການຕິດຕໍ່ລະຫວ່າງຄາດຄອນໂທຣນເລີ ກັບລະບົບປະຕິບັດການ, ຊະນິດຂອງ application ທີ່ໃຊ້ວຽກຈະເປັນຕົວກຳນົດຂະຫນາດຄວາມຕ້ອງການຂອງຮາດດິດ.
advertising 	ການໂຄສະນາ, ການກະທຳໃດໆກໍ່ຕາມທີ່ເປັນການເຜີຍແຜ່ໃຫ້ສາທາລະນະຊົນຮັບຮູ້.
AF 	ຄວາມຖີ່ສຽງ, ຫຍໍ້ມາຈາກ Audio Frequency, ເປັນຄື້ນສຽງເຊິ່ງມະນຸດສາມາດຮັບຟັງໄດ້, ມີຄວາມຖີ່ປະມານ 20 ເຖິງ 20.000 Hz.
AF distortion 	ຄວາມຜິດພ້ຽນຄວາມຖີ່ສຽງ.
AF noise 	ສັນຍານລົບກວນຄວາມຖີ່ສຽງ.
AF oscillator 	ເຄື່ອງກຳເນີດຄວາມຖີ່ສຽງ.
AFAIK 	ສັບທີ່ໃຊ້ໃນ e-mail ຫຍໍ້ມາຈາກ As Far As I Know. (ເທົ່າທີ່ຮູ້ໄດ້).
AFAIR 	ສັບທີ່ໃຊ້ໃນ e-mail ຫຍໍ້ມາຈາກ As Far As I Remember. (ເທົ່າທີ່ຈຳໄດ້).
afterimage 	ພາບຄົງຄ້າງ, ຄວາມຄົງຢູ່ຂອງພາບ.
Agent 	ຊອບແວທີ່ຢູ່ໃນອຸປະກອນຄວບຄຸມສື່ສານຕ່າງໆ, ໃຊ້ຈັດການເຄືອຂ່າຍໂຕ້ຕອບ ແລະ ແຈ້ງຂໍ້ຜິດພາດໄປຍັງຫນ່ວຍຄວບຄຸມ.
AGP 	ຫຍໍ້ມາຈາກ Accelerated Graphics Port, ຄາດສະແດງຜົນກຣາບຟິກຄວາມໄວສູງ ພັດທະນາຂື້ນໂດຍບໍລິສັດ Intel.
AI 	ເອໄອ/ປັນຍາປະດິດ, ຫຍໍ້ມາຈາກ Artificial Intelligence, ວິຊາຫນຶ່ງທີ່ເວົ້າເຖິງການເຮັດໃຫ້ຄອມພິວເຕີສະຫລາດຄືຄົນ.
Aide 	ຜູ້ຊ່ວຍ, ໃຊ້ໃນປະເທດສະຫະລັດອາເມລິກາ. ແຕ່ໃນປະເທດອັງກິດໃຊ້ assistant.
Air Data Computer 	ໃຊ້ຄຳຫຍໍ້ວ່າ ADC, ຄອມພິວເຕີບອກຂໍ້ມູນທີ່ສະຫນາມບິນ.
Air Traffic Control 	ໃຊ້ຄຳຫຍໍ້ວ່າ ATC, ການຄວບຄຸມຈໍລະຈອນທາງອາກາດ.
airbrush 	ເຄື່ອງມືຊະນິດຫນຶ່ງໃນໂປຣແກຣມແຕ້ມຮູບ ຫລື ຕົບແຕ່ງຮູບ, ເຊິ່ງສາມາດປັບແຕ່ງລັກສະນະຂອງລະອອງສີໄດ້ ຕາມທີ່ຕ້ອງການ.
airtime 	ເວລາສື່ສານທາງອາກາດ.
AIX 	ຫຍໍ້ມາຈາກ Advance Interactive eXecutive, ລະບົບປະຕິບັດການຍູນິກຂອງບໍລິສັດ IBM.
alert box 	ຂອບສະແດງຄຳເຕືອນ, ຂອບສະແດງການໂຕ້ຕອບຊະນິດພິເສດໃນລະບົບ. ຂອບສະແດງຄຳເຕືອນອາດຈະຂໍຄຳຢືນຢັນສຳລັບຄຳສັ່ງທີ່ອາດເຮັດໃຫ້ເກີດອັນຕະລາຍ.
ALGOL 	ຫຍໍ້ມາຈາກ ALGOrithmic Language, ພາສາໂປຣແກຣມລຸ້ນທຳອິດທີ່ຕ້ອງຂຽນໂປຣແກຣມເປັນແບບໂຄງສ້າງ.
algorithm 	ຂັ້ນຕອນວິທີການ, ຊຸດຂອງຄຳສັ່ງທີ່ບອກເປັນຂັ້ນເປັນຕອນ, ປົກກະຕິມັກໃຊ້ເພື່ອອະທິບາຍຄຳສັ່ງທີ່ຂຽນດ້ວຍພາສາໂປຣແກຣມ.
algorithmic heuristic 	ຄວາມສາມາດໃນການເຂົ້າໃຈຂັ້ນຕອນ ສາມາດນຳຄວາມຮູ້ນັ້ນມາເປັນທັກສະ ແລະ ຄວາມສາມາດໃນການແກ້ໄຂບັນຫາໄດ້.
algorithmic reasoning 	ການຄິດແບບຂັ້ນຕອນວິທີການ.
alias 	ຊື່ຫລິ້ນ, ການສ້າງຊື່ຫລິ້ນ ເຊັ່ນ ໃນລະບົບ e-mail ນິຍົມສ້າງຊື່ຫລິ້ນສັ້ນໆເພື່ອຈື່ງ່າຍ.
aliasing 	ການເກີດຄວາມຜິດພາດໃນຮູບພາບ ຫລື ຄວາມຖີ່ຂອງສຽງ.
align 	ການວາງແນວຂອງວັດຖຸ, ເຊິ່ງເປັນໂປຣແກຣມສຳລັບວາງຮູບພາບ ແລະ ຈັດວາງຫນ້າເອກະສານ.
allocate 	ການແບ່ງສ່ວນໃຫ້ໃຊ້, ຂະບວນການແບ່ງກັນເຂົ້າໃຊ້ຊັບພະຍາກອນໃນເຄື່ອງຄອມພິວເຕີ.
allocation unit 	ຫົວຫນ່ວຍແບ່ງໃຊ້ເນື້ອທີ່ຂອງດິດ.
all-pass network 	ເຄືອຂ່າຍທີ່ຜ່ານໄດ້ຫມົດທຸກຄວາມຖີ່.
all-pass transducer 	ຕົວປ່ຽນສັນຍານແບບຜ່ານໄດ້ຫມົດທຸກຄວາມຖີ່.
Alpha chip 	 ໄມໂຄຣໂປຣເຊັດເຊີ ຄວາມໄວສູງ, ຂະຫນາດ 64 bit.
alpha test 	ການທົດສອບຂັ້ນອານຟາ, ການທົດສອບຮາດແວ ແລະ ຊອບແວຂັ້ນທຳອິດທີ່ຍັງບໍ່ທັນໄດ້ວາງຂາຍ
alphabet 	ຊຸດຂອງຕົວອັກສອນ.
alphanumeric characters 	ພະຍັນຊະນະທັງຫມົດທີ່ເປັນທັງຕົວອັກສອນ (a, b, c..) ຕົວເລກ ( 1, 2, 3,..) ແລະ ສັນຍະລັກພິເສດ (#, $,..).
Alta vista 	ສູນບໍລິການຄົ້ນຫາຂໍ້ມູນໃນ WWW ເຊິ່ງໃຫ້ບໍລິການໂດຍບໍລິສັດ DEC (Digital Equipment Corporation).
alternate 	ເປັນທາງເລືອກ/ສຳຮອງ.
alternate key 	ປຸ່ມສຳຮອງໃນຖານຂໍ້ມູນ.
alternate route 	ເສັ້ນທາງອື່ນທີ່ສາມາດເລືອກໄດ້.
aluminium screen 	ຄືຈໍພາບທີ່ໃຊ້ອາລູມີນຽມເຄືອບຜິວເພື່ອໃຊ້ເປັນສື່ສະທ້ອນ.
AM 	ເອເອັມ, ເບິ່ງ Amplitude Modulation
AM noise 	ສັນຍານລົບກວນແບບເອເອັມ.
AM transmitter 	ເຄື່ອງສົ່ງແບບເອເອັມ.
ambient radio noise 	ສັນຍານລົບກວນວິທະຍຸລ້ອມຮອບ.
AMD 	ຊື່ຫຍໍ້ຂອງບໍລິສັດ Advanced Micro Devices Inc., ຜູ້ຜະລິດ processor AMD.
Ami Pro 	ເວີດໂປຣເຊັດເຊີຂອງບໍລິສັດ Lotus Development.
amplifier 	ເຄື່ອງຂະຫຍາຍ/ວົງຈອນຂະຫຍາຍ/ຕົວຂະຫຍາຍ.
amplitude distortion 	ການຜິດພ້ຽນທາງຂະຫນາດຂອງສັນຍານ.
Amplitude Modulation 	ໃຊ້ຄຳຫຍໍ້ວ່າ AM, ການປະສົມສັນຍານຂໍ້ມູນ ແລະ ສັນຍານຄື້ນພາໂດຍມີການປ່ຽນແປງທາງຂະຫນາດຂອງສັນຍານ ເພື່ອສົ່ງຈາກຈຸດຫນຶ່ງໄປຍັງຈຸດຫນຶ່ງ.
amplitude noise 	ສັນຍານລົບກວນທາງຂະຫນາດຂອງສັນຍານ.
Analog 	ການສະແດງຄ່າທີ່ປ່ຽນໄປຕາມຄຸນສົມບັດທາງກາຍຍະພາບທີ່ປ່ຽນແປງຢ່າງຕໍ່ເນື່ອງ.
analog channel 	ຊ່ອງສັນຍານອານາລັອກ.
analog computers 	ເຄື່ອງຄອມພິວເຕີທີ່ສະແດງຂໍ້ມູນໃນຮູບແບບທີ່ມີຄວາມຫລາກຫລາຍແທນທີ່ຈະເປັນຄ່າຕາຍຕົວ.
analog device 	ອຸປະກອນອານາລັອກ.
analog display 	ຄວາມສາມາດຂອງຈໍພາບທີ່ກະຈາຍສີເປັນໄລຍະຕໍ່ເນື່ອງຕາມລະດັບຄວາມເຂັ້ມຂອງສີເທົາ ຫລື ສີທົ່ວໄປ.
analog image synthesis 	ການສັງເຄາະພາບແບບອານາລັອກ.
analog monitor 	ຫນ້າຈໍອານາລັອກ ເຊິ່ງສາມາດສະແດງຜົນໂດຍບໍ່ມີຂໍ້ຈຳກັດຂອງແມ່ເຫລັກສີຫລັກ.
analog network 	ເຄືອຂ່າຍອານາລັອກ.
analog recording 	ການບັນທຶກສຽງແບບອານາລັອກ.
analog signal 	ສັນຍານອານາລັອກ, ສັນຍານທີ່ມີຄ່າຕໍ່ເນື່ອງກັນໂດຍຕະຫລອດ.
analog switching 	ການສະຫລັບສາຍລະບົບສັນຍານແບບອານາລັອກ.
analog telemetering 	ການວັດແທກ ແລະ ການສົ່ງຂໍ້ມູນທາງໄກແບບອານາລັອກ.
Analog to Digital Converter 	ໃຊ້ຄຳຫຍໍ້ວ່າ ADC, ຕົວປ່ຽນຮູບແບບຂໍ້ມູນຈາກອານາລັອກໄປເປັນ ດິຈິຕອນ.
Analogy 	ການປຽບທຽບ, ເຊິ່ງເປັນການອ້າງອີງຈາກສິ່ງທີ່ຮູ້ໄປສູ່ສິ່ງທີ່ບໍ່ຮູ້ແນ່ນອນ.
analysis 	ການວິເຄາະ, ເປັນການແຍກສ່ວນຂອງວັດຖຸອອກເປັນສ່ວນນ້ອຍໆ ເພື່ອພິສູດຫາຄວາມສຳພັນແຕ່ລະສ່ວນ ວ່າຮວມຕົວກັນໄດ້ຈັ່ງໃດ.
AND 	ການຄຳນວນແບບຕັກກະສາດ, ເປັນການລວມຫຼາຍກວ່າ 2 ຈຳນວນເຂົ້ານຳກັນແບບຫນື່ງ, ຜົນຮັບທີ່ໄດ້ຈາກ A AND B ຈະໃຫ້ຄ່າເປັນຈິງກໍ່ເມື່ອ A ແລະ B ເປັນຈິງ. ຄ່າເປັນຈິງມັກຈະແທນດ້ວຍ 1 ແລະ ຄ່າບໍ່ເປັນຈິງຈະແທນດ້ວຍ 0.
AND gate 	ອຸປະກອນເອເລັກໂຕຣນິກທາງຕັກກະສາດ ເຊິ່ງປະຕິບັດຕາມຫລັກການຕັກກະສາດ AND (ເບິ່ງ AND).
angle brackets 	ເຄື່ອງຫມາຍ &lt;&gt;.
animation 	ພາບເຄື່ອນໄຫວ.
anode 	ຂວັ້ນບວກ.
anony mous 	ຜູ້ບໍ່ປະສົງບອກຊື່, ຊື່ບັນຊີກາງສຳລັບ ໃຫ້ຜູ້ໃຊ້ຜູ້ໃດກໍ່ໄດ້ ເຊັ່ນ: ເຂົ້າສູ່ສູນບໍລິການ FTP ເພື່ອຂໍຖ່າຍໂອນຟາຍ.
anony mous FTP site 	ສູນບໍລິການຖ່າຍໂອນຟາຍ FTP, ເຊິ່ງໃຫ້ບໍລິການແກ່ຜູ້ໃຊ້ທົ່ວໄປ ເຂົ້າໃຊ້ໂດຍບໍ່ຈຳເປັນມີລາຍຊື່ເຂົ້າໃຊ້ຢ່າງເປັນທາງການ.
anony mous remailer 	ລະບົບສົ່ງຕໍ່ຈົດຫມາຍໂດຍບໍ່ລະບຸຊື່ຂອງຜູ້ສົ່ງຕໍ່.
ANSI 	ຫຍໍ້ມາຈາກ American National Standards Institute, ອົງກອນທີ່ບໍ່ຫວັງຜົນກຳໄລ ເຮັດຫນ້າທີ່ກຳນົດມາດຕະຖານອຸດສະຫະກຳປະເພດຕ່າງໆ, ສ້າງຕັ້ງຂື້ນໃນປີ 1918.
ANSI C 	ຂໍ້ກຳນົດມາດຕະຖານຂອງພາສາ C ທີ່ ANSI C Programming Language Committee X3J11 ຕັ້ງຂຶ້ນມາເຊິ່ງເອີ້ນວ່າພາສາ C ມາດຕະຖານ.
ANSI character set 	ຊຸດຕົວອັກສອນທີ່ກຳນົດຕາມມາດຕະຖານຂອງ ANSI ເພື່ອເອົາໄປໃຊ້ວຽກ, ປະກອບດ້ວຍຕົວອັກສອນ, ຕົວເລກ ແລະ ເຄື່ອງຫມາຍຕ່າງໆ.
ANSI screen control 	ມາດຕະຖານການຄວບຄຸມຈໍສະແດງຜົນຂໍ້ມູນ ເພື່ອສົ່ງໄປຫາຫນ້າຈໍຄອມພິວເຕີ ເຮັດໃຫ້ເກີດຜົນເຊັ່ນ: ການລຶບຫນ້າຈໍ, ການເລື່ອນເຄີເຊີ ແລະ ອື່ນໆ.
answer mode 	ສະຖານະການຕອບຮັບ, ສະຖານະຫນື່ງຂອງໂມເດັມທີ່ພ້ອມຈະໃຫ້ຄອມພິວເຕີເຄື່ອງອື່ນໆເອີ້ນເຂົ້າມາ.
answered signal 	ສັນຍານຕອບຮັບ, ສັນຍານຕອບຮັບກັບມາເມື່ອມີການຮ້ອງຂໍ ແລະ ມີການຕອບຮັບອີກເທື່ອໃຫມ່.
antenna 	ເສົາ ຫລື ແຜງອາກາດ, ອຸປະກອນຮັບ-ສົ່ງສັນຍານໄຟຟ້າແມ່ເຫລັກ ເຊັ່ນ: ສັນຍານວິທະຍຸ, ໂທລະທັດ, ໂທລະສັບ, ອິນເຕີແນັດ...
anti-virus 	ກ່ຽວກັບການປ້ອງກັນໄວຣັດ, ເຊັ່ນ: ຊອບແວ ຫລື ຮາດແວທີ່ໃຊ້ກວດຫາ ແລະ ກຳຈັດໄວຣັດ.
Anti-Virus Scanners 	ໂປຣແກຣມໃຊ້ຄົ້ນຫາ, ເຄື່ອນຍ້າຍໄວຣັດ ແລະ ປ້ອງກັນລະບົບຄອມພິວເຕີຈາກການທຳລາຍຂອງໄວຣັດ, ຈຳເປັນຕ້ອງການດາວໂຫລດຟາຍ ຈາກອິນເຕີເນັດ.
API 	ຫຍໍ້ມາຈາກ Application Program Interface, ເປັນຂໍ້ກຳນົດ ແລະ ຊຸດໂປຣແກຣມຍ່ອຍທີ່ນຳໃຊ້ເພື່ອເຊື່ອມຕໍ່ລະຫວ່າງໂປຣແກຣມນຳໃຊ້, ເຊື່ອມຕໍ່ໂປຣແກຣມນຳໃຊ້ເຂົ້າກັບລະບົບປະຕິບັດການ ຫລື ເຊື່ອມຕໍ່ລະຫວ່າງໂປຣແກຣມກັບຮາດແວ.
APL 	ຫຍໍ້ມາຈາກ A Programming Language, ພາສາໂປຣແກຣມລະດັບສູງພາສາຫນຶ່ງຊື່ວ່າເອພີແອວ, ພັດທະນາໂດຍ Kenneth Iverson.
app 	ຫຍໍ້ມາຈາກ application, ຄຳນີ້ມັກໃຊ້ກັບໂປຣແກຣມນຳໃຊ້ ເຊັ່ນ App program. ເບິ່ງ application.
append 	ເພີ່ມເຂົ້າ, ການນຳສິ່ງຫນຶ່ງໄປຕໍ່ທ້າຍອີກສິ່ງຫນຶ່ງ.
Apple 	ຍີ່ຫໍ້ຫນຶ່ງຂອງຄອມພິວເຕີສ່ວນບຸກຄົນ, ກໍ່ຕັ້ງຂື້ນໂດຍ Steve Jobs ແລະ Steve Wozniak.
Apple Desktop Bus 	ມາດຕະຖານການເຊື່ອມຕໍ່ແບບຫນຶ່ງຂອງເຄື່ອງ Apple macintosh ກັບຜູ້ໃຊ້ຜ່ານທາງແປ້ນພິມ, mouse ແລະ ອຸປະກອນຮັບຂໍ້ມູນອື່ນໆ.
Apple Talk 	ລະບົບເຄືອຂ່າຍທ້ອງຖິ່ນທີ່ໃຊ້ໃນການສ້າງເຄືອຂ່າຍສຳລັບເຄື່ອງ Apple macintosh.
Applet 	ເປັນໂປຣແກຣມນ້ອຍໆ ທີ່ເຮັດວຽກພາຍໃນໂປຣແກຣມບຣາວເຊີ, ເປັນວິທີການຕາມແນວຄິດຂອງການພັດທະນາພາສາ JAVA.
application 	ການນຳໃຊ້, ລະບົບວຽກງານ, ໂປຣແກຣມເຊິ່ງເຮັດຫນ້າທີ່ຊ່ວຍຜູ້ໃຊ້ເພື່ອຈຸດປະສົງຢ່າງໃດຢ່າງຫນຶ່ງ.
application framework 	ກຸ່ມຂອງ procedure ຫລື class ທີ່ມີໄວ້ໃຫ້ຊ່ວຍຫລຸດເວລາໃນການພັດທະນາໂປຣແກຣມ.
application menu 	ເມນູຂວາມືສຸດຂອງ title bar ທີ່ຊ່ວຍໃຫ້ເຮັດການປ່ຽນລະຫວ່າງ application ທີ່ກຳລັງໃຊ້ວຽກຢູ່ໄດ້ຢ່າງວ່ອງໄວ.
application portfolio 	ກຸ່ມຂອງຄວາມສຳພັນຂອງໂປຣແກຣມຂໍ້ມູນຂ່າວສານ.
application program 	ໂປຣແກຣມນຳໃຊ້, ກຸ່ມຄຳສັ່ງຄອມພິວເຕີທີ່ຂຽນຂື້ນດ້ວຍໂປຣແກຣມພາສາຄອມພິວເຕີເພື່ອຮັບໃຊ້ວຽກງານສະເພາະໃດຫນຶ່ງ.
Application programmer 	ຜູ້ຂຽນໂປຣແກຣມນຳໃຊ້ ທີ່ໃຊ້ຄອມພິວເຕີເປັນເຄື່ອງມືສຳລັບແກ້ບັນຫາສະເພາະໃດຫນຶ່ງ.
Application Service Provider 	ໃຊ້ຄຳຫຍໍ້ວ່າ ASP, ບໍລິສັດ ຫລື ອົງກອນທີ່ໃຫ້ບໍລິການໃຊ້ຊອບແວຜ່ານອິນເຕີເນັດໂດຍທີ່ບໍ່ຕ້ອງຕິດຕັ້ງຊອບແວໃສ່ເຄື່ອງຜູ້ໃຊ້.
Appropriate technology 	ເຕັກໂນໂລຊີທີ່ເຫມາະສົມ ເຊິ່ງຫມາຍເຖິງຄຸນຄ່າຂອງເຕັກໂນໂລຊີນັ້ນ ເບິ່ງຕາມຄວາມເຫມາະສົມໃນສະພາບການໃຊ້ວຽກກັບສັງຄົມ, ທ້ອງຖິ່ນ ແລະ ສິ່ງແວດລ້ອມທາງວັດທະນະທຳນຳອີກ.
Approximate 	ຄ່າປະມານ.
ARC 	ຊື່ໂປຣແກຣມຫຍໍ້ຂະຫນາດຂໍ້ມູນ, ຫຍໍ້ມາຈາກ ARChive, ໂດຍຈະອັດຟາຍຫລາຍຟາຍເຂົ້າເປັນຟາຍດຽວໃຫ້ມີຂະຫນາດນ້ອຍລົງ. ເຊິ່ງພັດທະນາໂດຍ System Enhancement Associates ໃນປີ 1980, ເປັນຕົ້ນກຳເນີດຂອງ ZIP.
arc cosine 	ອັດຕາສ່ວນປີ້ນຂອງຕຳລາ cosine.
arc lamp 	ຫລອດໄຟທີ່ໃຫ້ແສງສະຫວ່າງແຈ້ງ ໂດຍການໃຊ້ປະກົດການເອເລັກຕຣົງ ໂດດຈາກຂວັ້ນໄຟຟ້າລົບໄປຫາຂວັ້ນໄຟຟ້າບວກ.
Archie 	ໂປຣແກຣມຄົ້ນຫາຟາຍຈາກ anonymous FTP.
Archie client 	ໂປຣແກຣມເຮັດຫນ້າທີ່ຂໍບໍລິການຖານຂໍ້ມູນລາຍຊື່ຟາຍຈາກ server.
archie server 	ໂປຣແກຣມເຮັດຫນ້າທີ່ໃຫ້ບໍລິການຖານຂໍ້ມູນລາຍຊື່ຟາຍ, ແຫລ່ງຂໍ້ມູນລະບົບຖານຂໍ້ມູນ archie.
archie site 	ເຄື່ອງຄອມພິວເຕີທີ່ບັນຈຸ archie server ເພຶ່ອເຮັດຫນ້າທີ່ໃຫ້ບໍລິການ ຖານຂໍ້ມູນລາຍຊື່ຟາຍ.
archive 	ຄັງຂໍ້ມູນ, ບ່ອນເກັບຮວບຮວມຟາຍໃນອິນເຕີເນັດ ເຊິ່ງມີໄວ້ໃຫ້ແກ່ anonymous FTP.
argument 	ຄ່າທີ່ສົ່ງໄປມາລະຫວ່າງໂປຣແກຣມ, ໂປຣແກຣມຍ່ອຍ ຫລື ຟັງຊັນ.
Arithmetic Logic Unit 	ໃຊ້ຄຳຫຍໍ້ວ່າ ALU, ຫນ່ວຍຄຳນວນທາງຄະນິດສາດ ແລະ ຕັກກະສາດ. ເປັນພາກສ່ວນຫນຶ່ງຂອງວົງຈອນ ທີ່ຢູ່ໃນຊິບໄມໂຄຣໂປຣເຊັດເຊີຂອງຄອມພິວເຕີ.
arithmetic operator 	ຕົວດຳເນີນການຄຳນວນ, ຕົວຄຳນວນທາງຄະນິດສາດ.
arithmetic unit 	ຫນ່ວຍຄຳນວນໃນຄອມພິວເຕີ.
arithmetical shift 	ການເລື່ອນແບບຄຳນວນ.
ARPA 	ຫຍໍ້ມາຈາກ Advanced Research Projects Agency, ໂຄງການວິໄຈ ແລະ ພັດທະນາເຄືອຂ່າຍຄອມພິວເຕີ ຂອງກະຊວງປ້ອງກັນປະເທດຂອງປະເທດສະຫະລັດອາເມລິກາ ເຊິ່ງເປັນຈຸດເລີ່ມຕົ້ນຂອງອິນເຕີເນັດ.
ARPANet 	ຫຍໍ້ມາຈາກ ARPA Network, ເຄືອຂ່າຍທີ່ສະຫນັບສະຫນູນ ໂຄງການວິໄຈຊັ້ນສູງ ຂຶ້ນກັບກະຊວງປ້ອງກັນປະເທດສະຫະລັດອາເມລິກາ (ເບິ່ງ ARPA).
array 	ອາເຣ, ຊຸດຂໍ້ມູນຊະນິດດຽວກັນ, ຄ່າຫລາຍຄ່າເກັບຢູ່ໃນຕົວປ່ຽນດຽວກັນ ແລະ ໃຊ້ເລກຫມາຍປະຈຳຕຳແຫນ່ງໃນອາເຣ ເພື່ອອ້າງອີງຄ່າຕ່າງໆເຫລົ່ານັ້ນ.
array antenna 	ແຜງອາກາດແບບແຖວລຳດັບ.
array processor 	ກຸ່ມຂອງໂປຣເຊັດເຊີທີ່ອອກແບບພິເສດໃຫ້ຄຳນວນເລກທາງດ້ານຄະນິດສາດດ້ວຍຄວາມໄວສູງ.
arrow key 	ປຸ່ມລູກສອນ, ປຸ່ມພິເສດໃນແປ້ນພິມທີ່ໃຊ້ເລື່ອນເຄີເຊີໃຫ້ຂຶ້ນ, ລົງ, ໄປຊ້າຍ ຫລື ໄປຂວາ.
article 	ຂ່າວ, ບົດຄວາມ ຫລື ຂໍ້ຄວາມທີ່ມັກໃຊ້ໃນກຸ່ມຂ່າວ USENET.
ascender 	ສ່ວນຂອງຕົວອັກສອນທີ່ສູງກວ່າຕົວອັກສອນອື່ນ ເຊັ່ນ ຕົວອັກສອນ b, d ແລະ t ເມື່ອທຽບກັບຕົວ a, c ແລະ x ເປັນຕົ້ນ.
ascending order 	ການລຽງຂໍ້ມູນຕາມລຳດັບຈາກນ້ອຍຫາໃຫຍ່.
ASCII 	ແອັດສະກີ, ຫຍໍ້ມາຈາກ American Standard Code for Information Interchange, ກຳນົດລະຫັດມາດຕະຖານສຳລັບການແທນຕົວອັກສອນ, ຕົວເລກ ແລະ ສັນຍາລັກຕ່າງໆດ້ວຍເລກຖານສອງຂະຫນາດ 8 ບິດ ໃນຄອມພິວເຕີ.
ASCII art 	ຮູບພາບທີ່ສ້າງຂຶ້ນຈາກລະຫັດແອັດສະກີ.
ASCII file 	ຟາຍທີ່ມີສະເພາະຕົວອັກສອນຂໍ້ຄວາມຈາກຊຸດຕົວອັກສອນແອັດສະກີ, ເຊິ່ງເກັບອັກສອນ, ຕົວເລກ ແລະ ເຄຶ່ອງຫມາຍວັກຕອນ ແຕ່ບໍ່ມີຄຳສັ່ງ ຈັດແບບຂໍ້ຄວາມເຊື່ອງໄວ້.
ASCII file transfer 	ວິທີການໂອນຍ້າຍຂໍ້ມູນໂດຍເບິ່ງວ່າຫນ່ວຍຂໍ້ມູນແຕ່ລະຫນ່ວຍເປັນ ຂໍ້ມູນຕົວອັກສອນຕາມຮູບແບບຂອງລະຫັດແອັດສະກີ.
ASIC 	ຫຍໍ້ມາຈາກ Application Specific Integrated Circuit, ວົງຈອນລວມເຊິ່ງເປັນຊິບຊິລິຄອນທີ່ສ້າງພິເສດສຳລັບອຸປະກອນເອເລັກໂຕຣນິກ, ໄດ້ຮັບການອອກແບບພິເສດສຳລັບເຮັດວຽກກັບຄາດວີດີໂອ.
Ask ERIC 	ບ່ອນບໍລິການຂໍ້ມູນໃນໂຄງການ ERIC (Educational Resources Information Center) ເຊິ່ງເປັນໂຄງການສຶກສາບໍລິການ ແລະ ພັດທະນາລະບົບບໍລິການຂໍ້ມູນຂ່າວສານ.
assembler 	ໂປຣແກຣມແປພາສາແອັດແຊັມບະລີໄປເປັນພາສາເຄື່ອງເພຶ່ອໃຫ້ ຄອມພິວເຕີເຮັດວຽກຕາມໂປຣແກຣມນັ້ນໄດ້.
assembly language 	ພາສາຄອມພິວເຕີລະດັບຕໍ່າ ເຊິ່ງຄຳສັ່ງຕ້ອງຖືກກັບຄຳສັ່ງພາສາເຄື່ອງ ທີ່ໂປຣເຊັດເຊີເອົາມາໃຊ້ວຽກໄດ້. ພາສາແອັດແຊັມບະລີ ໃຊ້ສະເພາະກັບໂປຣເຊັດເຊີແຕ່ລະຕົວເທົ່ານັ້ນ, ດັ່ງນັ້ນຈຶ່ງໂອນຍ້າຍໄປໃຊ້ກັບເຄື່ອງອື່ນບໍ່ໄດ້.
assessment 	ຂະບວນການປະເມີນການກະທຳຂອງຄົນ, ກຸ່ມຄົນ, ເຄື່ອງອຸປະກອນ ແລະ ວັດສະດຸທາງດ້ານປະລິມານ ແລະ ຄຸນນະພາບ.
assign 	ກຳນົດ, ຫມາຍເຖິງການກຳນົດຄ່າໃຫ້ແກ່ຕົວປ່ຽນ.
assignment statement 	 ຄຳສັ່ງໃນພາສາຄອມພິວເຕີໃຊ້ຄຳນວນຄ່າແລ້ວເກັບຄ່າໄວ້ໃນຕົວປ່ຽນ.
assistance call 	ການໂທລະສັບໂດຍຜ່ານພະລັງງານສະຫລັບສາຍ.
associate 	ເປັນການບອກເຄື່ອງຄອມພິວເຕີວ່າ ຟາຍສະເພາະໃດຫນຶ່ງຈະຕ້ອງຖືກເຮັດວຽກໂດຍໃຊ້ໂປຣແກຣມບາງຢ່າງເທົ່ານັ້ນ ເມື່ອຜູ້ໃຊ້ເປີດຟາຍເທື່ອຕໍ່ໄປໂປຣແກຣມຈະຖືກເອີ້ນມາເຮັດວຽກໂດຍອັດຕະໂນມັດ.
association of computing machinery 	ສະມາຄົມນັກວິໄຈ ແລະ ພັດທະນາຄອມພິວເຕີ ເຊິ່ງເປັນແຫລ່ງຂໍ້ມູນສຳຄັນທາງວິຊາການຄອມພິວເຕີ.
astigmatism 	ຄວາມຄາດເຄື່ອນຂອງຈຸດສຸມ, ອາດຈະເກີດຈາກຮູບຮ່າງຂອງເລນທີ່ຜິດປົກກະຕິ.
asynchronous 	ຂະບວນການທີ່ບໍ່ໃຊ້ການປະສານຈັ່ງຫວະ ນິຍົມໃຊ້ຮັບສົ່ງຂໍ້ມູນທາງໂທລະສັບ, ການເຮັດວຽກໂດຍເປັນອິດສະຫລະຈາກກັນ ແລະ ບໍ່ອ້າງເຖິງແຫລ່ງເວລາດຽວກັນ.
asynchronous communication 	ການສື່ສານແບບບໍ່ປະສານຈັ່ງຫວະ, ການສື່ສານດ້ວຍຂໍ້ຄວາມ ເຊິ່ງຜູ້ຮັບສາມາດອ່ານຂໍ້ຄວາມເວລາໃດກໍ່ໄດ້ ເຊັ່ນ e-mail ເປັນຕົ້ນ.
asynchronous transmission 	ການສົ່ງຂໍ້ມູນແບບບໍ່ປະສານຈັ່ງຫວະ, ວິທີການສົ່ງຂໍ້ມູນໃນການຕິດຕໍ່ສື່ສານຈະໃຊ້ບິດເລີ່ມຕົ້ນ ແລະ ບິດສຸດທ້າຍເພື່ອເປັນຕົວບອກການໄຫລຂໍ້ມູນ.
AT 	1. ຫຍໍ້ມາຈາກ Advanced Technology, ຄອມພິວເຕີ IBM ລຸ້ນທີ່ໃຊ້ processor 80286 ເອີ້ນວ່າເຄື່ອງ IBM AT. 2. ຫຍໍ້ມາຈາກ ATtention, ຊຸດຄຳສັ່ງໂມເດັມມາດຕະຖານເລີ່ມພັດທະນາມາຈາກຜະລິດຕະພັນ ໄມໂຄຣຄອມພິວເຕີຂອງ Hayes. ໃນປັດຈຸບັນຊຸດຄຳສັ່ງ AT ໃຊ້ໃນໂມເດັມທຸກລຸ້ນ.
AT commands 	ລະຫັດຄຳສັ່ງຄວບຄຸມໂມເດັມ ເຊິ່ງມີຕົ້ນກຳເນີດຈາກບໍລິສັດ Hayes. ຄຳສັ່ງສ່ວນໃຫຍ່ຈະຂຶ້ນຕົ້ນດ້ວຍລະຫັດ AT ເຊັ່ນ ATDT (Attention Dial Tone) ຫລື ATDP (Attention Dial Pulse).
AT sign 	ແອັດຊາຍ, ສັນຍາລັກຂອງ @ ເຊິ່ງໃນປັດຈຸບັນມັກໃຊ້ໃນ e-mail address.
ATM 	1. ຫຍໍ້ມາຈາກ Asynchronous Transfer Mode, ສະພາວະການໂອນຍ້າຍແບບບໍ່ປະສານຈັ່ງຫວະ. 2. ຫຍໍ້ມາຈາກ Automatic Teller Machine, ເຄື່ອງຝາກ-ຖອນເງິນແບບອັດຕະໂນມັດ.
ATM switch 	ເປັນອຸປະກອນໃນເຄືອຂ່າຍ, ເອທີເອັມຈະມີສະວິດຕໍ່ເຊື່ອມໂຍງກັນຫລາຍຕົວ, ໂດຍມີສະຖານີ ຫລື ຄອມພິວເຕີເຊື່ອມເຂົ້າກັບ ເອທີເອັມສະວິດ.
ATN 	ຟັງຊັນໃນພາສາ Basic ແລະ ອື່ນໆ ທີ່ຄຳນວນຫາຄ່າ arc tangent.
attach 	ຄັດຕິດ, ການນຳຟາຍຄັດຕິດໄປກັບ e-mail.
attached file 	ຟາຍຄັດຕິດ, ຟາຍ ທີ່ຄັດຕິດໄປກັບ e-mail.
Attachment Unit Interface 	ໃຊ້ຄຳຫຍໍ້ວ່າ AUI, ຫົວຕໍ່ມາດຕະຖານໃນເຄືອຂ່າຍອິນເຕີເນັດສຳລັບໃຊ້ເຊື່ອມສາຍເຄເບິນເຂົ້າກັບອຸປະກອນຮັບສົ່ງສັນຍານ.
attachments 	ການ ຄັດຕິດຟາຍໄປພ້ອມກັບ e-mail.
attainment test 	ແບບທົດສອບຈັດລຳດັບ.
altitude 	ການວາງຕຳແຫນ່ງ ຫລື ທີ່ຕັ້ງຂອງດາວທຽມ, ຍານອາວະກາດ ແລະ ເຄື່ອງບິນ.
audience rating 	ການສຳຫລວດເປັນເປີເຊັນຂອງເຄື່ອງຮັບວິທະຍຸ, ໂທລະທັດ ທີ່ກຳລັງຮັບຟັງ ແລະ ຊົມລາຍການຫນຶ່ງໆທີ່ກຳລັງອອກອາກາດ.
audio 	ສຽງທີ່ຖືກສະແດງດ້ວຍສັນຍານໃນຮູບແບບເອເລັກໂຕຣນິກ.
Audio Active Comparative laboratory 	ໃຊ້ຄຳຫຍໍ້ວ່າ AAC, ລະບົບການສອນພາສາເຊິ່ງຜູ້ຮຽນຮູ້ສາມາດຟັງສຽງຂອງຄູທີ່ບັນທຶກໄວ້ກ່ອນ, ເພື່ອຮຽນແບບ ຫລື ຕອບຄຳຖາມໄດ້ເມື່ອຕ້ອງການ.
audio card 	ຄາດສຽງ, ເປັນວົງຈອນເພື່ອເປັນຕົວເຊື່ອມ ຫລື ຕົວປ່ຽນສັນຍານລະຫວ່າງອຸປະກອນດ້ານສຽງ (ໄມໂກຣໂຟນ, ລຳໂພງ...) ແລະ ຫນ່ວຍປະມວນຜົນກາງຂອງຄອມພິວເຕີ.
audio mix 	ການປະສົມສັນຍານສຽງດ້ວຍວິທີທາງເອເລັກໂຕຣນິກ ທີ່ປະສົມສຽງຫລາຍຊະນິດໃຫ້ເປັນສຽງດຽວ ຫລື ສຽງ Stereo.
Audio Passive laboratory 	ໃຊ້ຄຳຫຍໍ້ວ່າ AP, ລະບົບການສອນພາສາທີ່ນັກຮຽນສາມາດຟັງສຽງຂອງຄູທີ່ບັນທຶກໄວ້ລ່ວງຫນ້າເທົ່ານັ້ນ ແຕ່ບໍ່ສາມາດຮຽນແບບ ຫລື ຕອບຄຳຖາມໄດ້ເມື່ອຕ້ອງການ.
audio slide 	ສະໄລ 2x2 ນິ້ວ, ມີແຖບແມ່ເຫລັກບັນທຶກສຽງຢູ່ໃນຂອບຂອງສະໄລ ຈະຕ້ອງໃຊ້ກັບເຄື່ອງສຽງຊະນິດພິເສດ.
audio teleconference 	ການປະຊຸມທາງໄກດ້ວຍສຽງ.
audio visual materials 	ຊຸດວັດສະດຸ ແລະ ເຄື່ອງມື ເຊິ່ງໃຊ້ທັງພາບ ແລະ ສຽງ, ໃຊ້ເພື່ອການສື່ສານໃນການສອນ.
audiotape recorder 	ເຄື່ອງບັນທຶກສຽງທີ່ໃຊ້ສຳລັບບັນທຶກ ຫລື ຫລິ້ນສຽງຈາກແຖບແມ່ເຫລັກ. ແຖບແມ່ເຫລັກອາດມີຫນຶ່ງຮ່ອງສຽງ ຫລື ຫລາຍກວ່າ.
auditorium 	ຫມາຍເຖິງຫ້ອງທີ່ມີພື້ນແບບເປັນຄ້ອຍ ຫລື ມີຕັ່ງຢຶດຕິດກັບພື້ນໃຊ້ເພື່ອເປັນສູນກາງການຊຸມນຸມ.
authentication 	ການກວດກາຊື່ຂອງຜູ້ໃຊ້ ກັບລະຫັດຜ່ານ ໂດຍ Host ເພື່ອຢັ້ງຢືນ ວ່າຜູ້ໃຊ້ມີຊື່ ແລະ ລະຫັດຜ່ານແທ້ຈິງ.
author 	ຜູ້ປະພັນ, ຜູ້ແຕ່ງ.
author's rights 	 ສິດທິທີ່ຜູ້ແຕ່ງໄດ້ຮັບຢ່າງຖືກຕ້ອງຕາມກົດຫມາຍ, ລິຂະສິດໃນຜົນງານທີ່ສ້າງຂຶ້ນ.
authoring language 	ພາສາຄອມພິວເຕີ ທີ່ພັດທະນາໃຫ້ໃກ້ຄຽງກັບພາສາທຳມະດາຫລາຍທີ່ສຸດເທົ່າທີ່ຈະເຮັດໄດ້.
authoring program 	ໂປຣແກຣມຄອມພິວເຕີ ສຳຫລັບຊ່ວຍສ້າງໂປຣແກຣມບົດຮຽນ, ຊ່ວຍການຜະລິດຊຸດຄຳສັ່ງ, ຈັດພາບກຣາບຟິກ, ຂໍ້ຄວາມ, ການວິເຄາະ, ການໂຕ້ຕອບກັບຜູ້ໃຊ້, ເຊິ່ງໂປຣແກຣມສ້າງໂປຣແກຣມບົດຮຽນທີ່ມີຢູ່ຫລາຍໂປຣແກຣມ.
authoring system 	ໂປຣແກຣມຄອມພິວເຕີ ອອກແບບໄວ້ເພື່ອຊ່ວຍຜະລິດຊຸດຄຳສັ່ງ ແລະ ການບັນນາທິການພິເສດເພື່ອສ້າງພາບກຣາບຟິກ ແລະ ພາບຈຳລອງເພື່ອຕອບໂຕ້ ແລະ ວິເຄາະການຕອບສະຫນອງຂອງຜູ້ໃຊ້ຄອມພິວເຕີ.
authorization 	ການອະນຸຍາດ, ການໃຫ້ອຳນາດ ຫລື ສິດ.
Authorware 	ພັດທະນາຂຶ້ນໂດຍບໍລິສັດ Macromedia ເປັນໂປຣແກຣມທີ່ໃຊ້ໃນການສ້າງສື່ການຮຽນການສອນ ນໍາສະເຫນີໃນລັກສະນະມັນຕິມີເດຍເຊິ່ງມີທັງພາບບໍ່ເຄື່ອນໄຫວ, ພາບເຄື່ອນໄຫວ, ສຽງປະກອບການບັນຍາຍ ສາມາດໂຕ້ຕອບກັບຜູ້ໃຊ້ໂປຣແກຣມໄດ້ຫລາຍຮູບແບບ.
auto answer 	ການຕອບຮັບແບບອັດຕະໂນມັດ, ຄຸນສົມບັດຂອງໂມເດັມທີ່ສາມາດເຮັດຫນ້າທີ່ຮັບໂທລະສັບ ແລະ ສ້າງການເຊື່ອມຕໍ່ກັບຜູ້ໃຊ້ຕົ້ນທາງ.
auto call 	ການເອີ້ນແບບອັດຕະໂນມັດ.
auto dial 	ການໂທແບບອັດຕະໂນມັດ, ຄຸນສົມບັດຂອງໂມເດັມທີ່ສາມາດເຮັດຫນ້າທີ່ເປີດສາຍໂທລະສັບ ແລະ ຫນຸນຫມາຍເລກເພື່ອຂໍຕໍ່ເຊື່ອມກັບປາຍທາງໄດ້ເອງໂດຍອັດຕະໂນມັດ.
auto dialing modem 	ໂມເດັມຕໍ່ເລກຫມາຍແບບອັດຕະໂນມັດ.
auto dimensioning 	ຄວາມສາມາດໃນການອອກແບບມິຕິ ແບບອັດຕະໂນມັດ.
auto focus 	ກ້ອງຖ່າຍຮູບທີ່ລະບົບໂຟກັດຮູບແບບອັດຕະໂນມັດ.
auto navigator 	ເຄື່ອງນຳທາງແບບອັດຕະໂນມັດ.
auto save 	ບັນທຶກໂດຍອັດຕະໂນມັດ, ຄຸນລັກສະນະຫນຶ່ງຂອງໂປຣແກຣມເຮັດຫນ້າທີ່ບັນທຶກຂໍ້ມູນຂອງຟາຍທີ່ເປີດໃຊ້ວຽກຢູ່ເປັນໄລຍະໂດຍອັດຕະໂນມັດ.
auto shutdown 	ການປິດເຄື່ອງໂດຍອັດຕະໂນມັດ, ໂປຣແກຣມສຳລັບຄວບຄຸມການປິດລະບົບໂດຍອັດຕະໂນມັດ.
AutoCAD 	ເປັນໂປຣແກຣມນໍາໃຊ້ປະເພດຫນຶ່ງເຊິ່ງຊ່ວຍກ່ຽວກັບວຽກອອກແບບ, ແຕ້ມແບບໄດ້ຢ່າງມີປະສິດທິພາບ ເຫມາະສົມກັບວຽກອອກແບບດ້ານສະຖາປັດຕະຍະກຳ, ວິສະວະກຳກົນຈັກ, ໂຍທາ, ໄຟຟ້າເປັນຕົ້ນ. ເຊິ່ງຜະລິດໂດຍບໍລິສັດ AutoDesk
Automatic Calling Unit 	ໃຊ້ຄໍາຫຍໍ້ວ່າ ACU, ຫນ່ວຍເອີ້ນອັດຕະໂນມັດ.
automatic carriage return 	ການລົງແຖວໃຫມ່ແບບອັດຕະໂນມັດ.
automatic changeover 	ເຄື່ອງມືທີ່ຕິດຕັ້ງເພື່ອເຊື່ອມຕໍ່ເຄື່ອງສາຍຮູບພາບສອງເຄື່ອງ ເພຶ່ອເຮັດໃຫ້ມີການປິດເປີດເຄື່ອງສະຫລັບກັນໂດຍອັດຕະໂນມັດຢ່າງຕໍ່ເນື່ອງ.
automatic control 	ການຄວບຄຸມແບບອັດຕະໂນມັດ.
Automatic Data Processing 	ໃຊ້ຄໍາຫຍໍ້ວ່າ ADP, ການປະມວນຜົນຂໍ້ມູນແບບອັດຕະໂນມັດ.
automatic exchange 	ຊຸມສາຍອັດຕະໂນມັດ.
Automatic Frequency Control 	ໃຊ້ຄໍາຫຍໍ້ວ່າ AFC, ເຄື່ອງຄວບຄຸມຄວາມຖີ່ແບບອັດຕະໂນມັດ, ເຊິ່ງເປັນອຸປະກອນຕິດຕັ້ງໄວ້ໃນເຄື່ອງຮັບວິທະຍຸ.
Automatic Gain Control 	ໃຊ້ຄໍາຫຍໍ້ວ່າ AGC, ການຄວບຄຸມອັດຕາຂະຫຍາຍແບບອັດຕະໂນມັດ, ເຊິ່ງເປັນອຸປະກອນຕິດຕັ້ງໄວ້ໃນເຄື່ອງຮັບວິທະຍຸ.
automatic telecommunications exchange 	ຊຸມສາຍໂທລະຄົມມະນາຄົມແບບອັດຕະໂນມັດ.
automatic ticketing 	ການອອກບັດ/ການສະຫນອງບັດ ແບບອັດຕະໂນມັດ.
Automatic Volume Control 	ໃຊ້ຄຳຫຍໍ້ວ່າ AVC, ການຄວບຄຸມລະດັບສຽງແບບອັດຕະໂນມັດ.
automation 	ການວາງລະບົບ ໃຫ້ເປັນແບບອັດຕະໂນມັດ.
Autotrace 	ໂປຣແກຣມຕົບແຕ່ງຮູບພາບ.
AUX 	ຫຍໍ້ມາຈາກ AUXiliary port, ເຊິ່ງເປັນພອດສື່ສານທີ່ DOS ໃຊ້ເມື່ອບໍ່ມີກຳນົດພອດວ່າ COM.
auxiliary store 	ອຸປະກອນທີ່ໃຊ້ເກັບຮວບຮວມຂໍ້ມູນສຳຮອງໃນເຄື່ອງຄອມພິວເຕີ ເຊັ່ນ ດິດ, ເທັບ ແລະ ອື່ນໆ.
Awk 	ເປັນພາສາໂປຣແກຣມສໍາລັບໃຊ້ໃນການສະແກນ ແລະ ປະມວນຜົນຂອງຂໍ້ຄວາມ, ນິຍົມໃຊ້ຢູ່ໃນລະບົບປະຕິບັດການຍູນິກ. ພັດທະນາໂດຍ A.V.Aho, P.J.Wienberger ແລະ B.W.Kernighan.
AX.25 	ຮູບແບບມາດຕະຖານໃຊ້ໃນວິທະຍຸສະຫມັກຫລິ້ນ, ສຳລັບການຮັບສົ່ງຂໍ້ມູນເປັນ package.
axis 	ເສັ້ນສົມມຸດທີ່ໃຊ້ອ້າງອີງຕຳແຫນ່ງຂອງກຣາບໃນຈໍຄອມພິວເຕີ, ໂດຍທົ່ວໄປໃຊ້ແກນ x ແທນລວງນອນ ແລະ ແກນ y ແທນລວງຕັ້ງ.
back door 	 ປະຕູລັບ, ທາງຫລັງທີ່ຈະເຂົ້າໄປໃນໂປຣແກຣມ, ຊ່ອງທາງທີ່ຜູ້ພັດທະນາໂປຣແກຣມລັກສ້າງໄວ້ໃນຕອນສ້າງທຳອິດ, ເພື່ອສາມາດເຈາະເຂົ້ໄດ້ພາຍຫລັງໂດຍບໍ່ຕ້ອງຜ່ານລະບົບຮັກສາຄວາມປອດໄພ.
back lighting 	ການຈັດແສງທາງເບື້ອງຫລັງ.
back plane 	ແຜ່ນວົງຈອນທີ່ມີຊ່ອງ ຫລື ຮູ, ເພື່ອໃຫ້ແຜ່ນວົງຈອນອື່ນສຽບເພີ່ມເຂົ້າໄປໄດ້.
back projection 	ເຄື່ອງສາຍຮູບພາບຈາກທາງດ້ານຫລັງຂອງຈໍພາບໃສ ເຊິ່ງຈະຢູ່ກົງກັນຂ້າມກັບຜູ້ເບິ່ງ.
backbone 	ເຄືອຂ່າຍຫລັກ, ສ່ວນຫນຶ່ງຂອງເຄືອຂ່າຍສື່ສານທີ່ມີການຈໍລະຈອນທີ່ຫນາແຫນ້ນ. ເຄືອຂ່າຍຫລັກນີ້ອາດເຊື່ອມຕໍ່ເຄືອຂ່າຍຕ່າງສະຖານທີ່ເຂົ້າມາໄວ້ນຳກັນ ແລະ ຍັງເຊື່ອມຕໍ່ເຄືອຂ່າຍຂະຫນາດນ້ອຍເຂົ້າມາໄດ້ອີກ.
back-end processor 	ໂປຣເຊັດເຊີສຳຮອງ ເຊິ່ງເຮັດວຽກເທົ່າທີ່ໄດ້ຮັບມອບຫມາຍໃຫ້ມີປະສິດຕິພາບໂດຍປ່ອຍໃຫ້ໂປຣເຊັດເຊີຫລັກເຮັດວຽກຢ່າງອື່ນທີ່ສໍາຄັນກວ່າ.
background 	ສີພື້ນຂອງສາກຫລັງ, ຂະບວນການເບື້ອງຫລັງ.
background execution 	ການເຮັດວຽກເບື້ອງຫລັງຂອງໂປຣແກຣມ.
background noise 	ສັນຍານລົບກວນພື້ນຖານ.
background processing 	ການປະມວນຜົນແບບພື້ນຖານ.
background task 	ວຽກເບື້ອງຫລັງ, ເປັນໂປຣແກຣມຊ່ວຍທີ່ເຮັດວຽກຢູ່ເບື້ອງຫລັງເພື່ອສະນັບສະຫນູນການເຮັດວຽກຂອງໂປຣແກຣມໃດຫນຶ່ງ.
backing storage 	ຫນ່ວຍເກັບຂໍ້ມູນສຳຮອງ, ບ່ອນເກັບຂໍ້ມູນເສີມເຊິ່ງໃຊ້ເກັບຂໍ້ມູນນອກເຫນືອຈາກຫນ່ວຍເກັບຫລັກ ເຊັ່ນ ເທັບ, ແຜ່ນດິດ ເປັນຕົ້ນ.
backslash key 	ປຸ່ມ " \ " ໃຊ້ backslash ໃນ DOS, Windows ແລະ OS/2 ເພື່ອແຍກຊື່ໄດເຣັກທໍຣີກັບໄດເຣັກທໍຣີຍ່ອຍໃນປະໂຫຍກຄໍາສັ່ງບອກເສັ້ນທາງ ຫລື ເມື່ອປ່ຽນໄດເຣັກທໍຣີດ້ວຍຄໍາສັ່ງ CD ດັ່ງຕົວຢ່າງ DIR C:\ WINDOWS\SYSTEM.
backspace key 	ປຸ່ມໃນແປ້ນພິມທີ່ເຮັດຫນ້າທີ່ລຶບຖອຍຫລັງ.
backup 	ການສຳຮອງຂໍ້ມູນ.
backup copy 	ການສຳເນົາຈາກຂໍ້ມູນສຳຮອງ.
Backus Normal Form 	ໃຊ້ຄໍາຫຍໍ້ວ່າ BNF, ສັນຍະລັກທີ່ໃຊ້ອະທິບາຍ syntac ຂອງພາສາຄອມພິວເຕີ.
bad sector 	ເຊັກເຕີທີ່ເປເພ, ເນື້ອທີ່ໃນດິດທີ່ໃຊ້ເກັບຂໍ້ມູນບໍ່ໄດ້.
BAK 	ນາມສະກຸນຂອງຟາຍສຳຮອງ, ຟາຍບາງຟາຍອາດສ້າງຂຶ້ນເອງຈາກໂປຣແກຣມໂດຍອັດຕະໂນມັດ.
balance 	ສົມດຸນ/ກໍ້າເກິ່ງ.
balance control 	ການຄວບຄຸມສົມດຸນ, ອຸປະກອນສຳລັບປັບລະດັບຄວາມສຳພັນຂອງສັນຍານຊ້າຍ/ຂວາໃນລະບົບສຽງສະເຕຣີໂອ.
BALUN 	ຫຍໍ້ມາຈາກ Balanced/Unbalanced, ອຸປະກອນສຳລັບເຊື່ອມຕໍ່ລະຫວ່າງເຄື່ອງຮັບວິທະຍຸ, ໂທລະທັດກັບສາຍອາກາດ ຫລື ສາຍເຄເບິນ.
banana plug 	ປັກສຽບຊະນິດຕົວນຳດ່ຽວເຊິ່ງມີສະປຣິງຮູບກ້ວຍ.
band 	ແຖບຄື້ນ/ຊ່ວງຄື້ນ, ມີຄວາມຫມາຍຄືກັບ frequency band.
band pass transducer 	ຕົວປ່ຽນແບບຜ່ານແຖບຄວາມຖີ່.
bandwidth 	ຄວາມກວ້າງຂອງແຖບຄື້ນ, ຄວາມກວ້າງທີ່ວັດແທກຈາກຄ່າຄວາມແຕກຕ່າງລະຫວ່າງຄວາມຖີ່ສູງສຸດ ແລະ ຄວາມຖີ່ຕໍ່າສຸດ ຂອງຊຸດສັນຍານ. ສຳລັບສັນຍານອິນເຕີເເນັດ ນຳໃຊ້ເພື່ອກໍານົດຂະຫນາດຂອງສັນຍານ ເຊັ່ນ: ,512 Kbps, 1 Mbps…
bank switching 	ການສະຫລັບ bank ພາຍໃນກຸ່ມຊິບຫນ່ວຍຄວາມຈຳ 2 ກຸ່ມ.
banner 	ປ້າຍປະກາດອອນລາຍ, ປ້າຍໂຄສະນາທີ່ຢູ່ໃນເວັບ.
banner advertisements 	ຂໍ້ຄວາມໂຄສະນາ, ການໂຄສະນາສັນຍະລັກ ຫລື ຂໍ້ຄວາມໃນເວັບໄຊ.
Bar code 	ລະຫັດແຖບ, ເປັນແຖບທີ່ມີເສັ້ນສີຂາວ ແລະ ດໍາ ທີ່ມີຄວາມຫນາຂອງເສັ້ນແຕກຕ່າງກັນຂຶ້ນກັບລະຫັດຂອງມັນ.
bare bone system 	ຫມາຍເຖິງຄອມພິວເຕີທີ່ເອົາມາຂາຍຕາມຮ້ານ, ແຕ່ບໍ່ໄດ້ປະກອບໃຫ້ຄົບຊຸດ. ສ່ວນຫລາຍແລ້ວຈະມີພຽງແຕ່ case, mother board ແລະ ໄຟລ້ຽງທີ່ຖືກປະກອບເຂົ້າກັນ, ບາງເທື່ອກໍ່ມີຊີດີຣອມຢູ່ນໍາ. ເພື່ອຈະໃຫ້ຄົບຊຸດ, ຜູ້ຊື້ຈະຕ້ອງຊອກຫາຊີພີຢູ, ຫນ່ວຍຄວາມຈໍາ, ຮາດດິດ, ຄາດວີດີໂອ, ຄີບອດ, mouse ແລະ ອື່ນໆ ທີ່ຕົນເອງມັກມາປະກອບໃສ່.
bare metal 	ເຄື່ອງຄອມພິວເຕີ ທີ່ຄວບຄຸມຕົນເອງຫລາຍກວ່າທີ່ຈະຂຶ້ນກັບລະບົບປະຕິບັດການ.
base 	ຖານ, ຂອບເຂດຂອງຕົວເລກແຕ່ລະຫລັກທີ່ໃຊ້ໃນລະບົບການນັບ ເຊັ່ນ ເລກຖານສອງ, ເລກຖານສິບເປັນຕົ້ນ.
base address 	ທີ່ຢູ່ພື້ນຖານ.
base band 	ເບດແບນ, ແຖບຄື້ນພື້ນຖານ.
base band network 	ເຄືອຂ່າຍແບບເບດແບນ, ວິທີສົ່ງສັນຍານໃນລະບົບເຄືອຂ່າຍແບບ DCP (Direct Current Pulse).
baseline 	ເສັ້ນທາງຫລັກ, ສາຍເຊື່ອມຕໍ່ພື້ນຖານ.
BASIC 	ຫຍໍ້ມາຈາກ Beginner's Allpurpose Symbolic Instruction Code, ພາສາໂປຣແກຣມ ທີ່ພັດທະນາຂື້ນໂດຍ John Kemeny ແລະThomas Kurtz.
Basic Input/output System 	ໃຊ້ຄຳຫຍໍ້ວ່າ BIOS, ມີຢູ່ໃນເຄື່ອງຄອມພິວເຕີ, ເປັນຊຸດຄຳສັ່ງທີ່ເກັບໄວ້ຢູ່ໃນຣອມ, ເຊິ່ງຈະເຮັດໃຫ້ຮາດແວໃນຄອມພິວເຕີ ແລະ ລະບົບປະຕິບັດການສາມາດຕິດຕໍ່ກັບໂປຣແກຣມ, ລະບົບງານ ແລະ ອຸປະກອນອື່ນໆ ເຊັ່ນ ຮາດດິດ, ເຄື່ອງພິມ, ຄາດຫນ້າຈໍໄດ້. ຄໍາສັ່ງເຫລົ່ານີ້ຈະຖືກເກັບໄວ້ໃນຫນ່ວຍຄວາມຈໍາແບບຖາວອນ ທີ່ມີລັກສະນະຄືກັບຊິບອັນຫນຶ່ງສຽບຢູ່ໃນຄອມພິວເຕີ. ໄບອັອດມັກຢູ່ໃນຕໍາແຫນ່ງທີ່ຖືກກໍານົດໄວ້ແນ່ນອນ, ດັ່ງນັ້ນ ທຸກໆໂປຣແກຣມຈຶ່ງສາມາດເຂົ້າມາໃຊ້ວຽກໄດ້. ເຖິງວ່າສ່ວນຕົ້ນຕໍຂອງໄບອັອດຍັງບໍ່ມີການປ່ຽນແປງກໍ່ຕາມ, ແຕ່ເມື່ອຮາດແວໃຫມ່ໆຖືກພັດທະນາຂຶ້ນມາ, ໂປຣແກຣມໃນໄບອັອດກໍ່ຕ້ອງສ້າງມາເພີ່ມເພື່ອບໍລິການອຸປະກອນເຫລົ່ານີ້ ເຊັ່ນ ຮາດດິດທີ່ມີຂະຫນາດໃຫຍ່ຂື້ນ.
Basic Rate Access 	ໃຊ້ຄໍາຫຍໍ້ວ່າ BRA, ສາຍເຄເບິນຊະນິດຫນຶ່ງຂອງເຄືອຂ່າຍເຊິ່ງປະກອບດ້ວຍ 3 ຊ່ອງສັນຍານ. ເບິ່ງ Basic Rate Interface
Basic Rate Interface 	ໃຊ້ຄໍາຫຍໍ້ວ່າ BRI, ຮັບສົ່ງຂໍ້ມູນໃນຊ່ອງທາງ B (Bearer channel) ຊ່ອງຂ່າວສານທີ່ມີຄວາມໄວ 64Kbps 2 ຊ່ອງ, ຮ່ວມກັບ ຊ່ອງ D (Delta channel) ຊ່ອງຂ່າວສານທີ່ມີຄວາມໄວ 16Kbps 1 ຊ່ອງ. ສ່ວນຫລາຍຖືກຫມາຍດ້ວຍ 2B+D. ເບິ່ງ Basic Rate Access
bass 	ສຽງຕໍ່າ.
BAT 	ນາມສະກຸນຂອງຟາຍແບັດ, ຟາຍທີ່ໃຊ້ໃນ DOS.
batch 	ຊຸດ/ຫມູ່, ກຸ່ມຂອງຂໍ້ມູນທີ່ຖືກນໍາມາປະມວນຜົນໃນຖານະເປັນຫນ່ວຍດຽວກັນ.
batch file 	ແບັດຟາຍ, ຟາຍທີ່ເກັບຄຳສັ່ງເມື່ອປ້ອນຟາຍນີ້ເຂົ້າໄປຄອມພິວເຕີຈະເຮັດຕາມຄໍາສັ່ງທີ່ເກັບໄວ້ໃນຟາຍນີ້ເທື່ອລະແຖວ.
batch processing 	ການປະມວນຜົນແບບກຸ່ມ.
battery backup 	ແບັດເຕີຣີສໍາຮອງ.
baud 	ບອດ, ຫນ່ວຍອັດຕາການສົ່ງຂໍ້ມູນ, ແຕ່ກ່ອນໃຊ້ວັດຄວາມໄວຂອງໂທລະເລກ, ແຕ່ໃນປັດຈຸບັນໃຊ້ວັດແທກຄວາມໄວຂອງໂມເດັມ.
baud rate 	ອັດຕາບອດ, ການວັດແທກຈໍານວນຄັ້ງໃນການປ່ຽນສະຖານະຈາກ 0 ເປັນ 1 ຫລື ຈາກ 1 ເປັນ 0 ຂອງສັນຍານຕັກກະສາດຕໍ່ວິນາທີ.
bay 	ຊ່ອງ, ຊ່ອງສໍາລັບໃສ່ແຜ່ນດິດ, ຊີດີ ຫລື ກະແຊັດ ໃນເຄື່ອງຄອມພິວເຕີ.
BBS 	ເບິ່ງ Bulletin Board System.
BCC 	ເບິ່ງ Blind Carbon Copy.
BCD 	ຫຍໍ້ມາຈາກ Binary Coded Decimal, ລະບົບການແທນຕົວເລກຖານສິບດ້ວຍເລກຖານສອງຈໍານວນ 4 ບິດ ຕໍ່ຫນຶ່ງຕົວເລກ.
BCPL 	ພາສາຄອມພິວເຕີລະດັບສູງພາສາຫນຶ່ງຢູ່ລະຫວ່າງ Algol ແລະ C, ເປັນພາສາຂຽນໂປຣແກຣມລະບົບ, ແຕ່ບໍ່ນິຍົມໃຊ້ແລ້ວ.
beep 	ສຽງເຕືອນ.
Bell standard modems 	ຮູບແບບມາດຕະຖານສໍາລັບການຮັບສົ່ງຂໍ້ມູນໂດຍໃຊ້ໂທລະສັບ ເຊັ່ນ BELL 103A, BELL 202, BELL 212A ແລະ ອື່ນໆ.
benchmark 	ການທົດສອບພິເສດເພື່ອວັດແທກການເຮັດວຽກຂອງໂປຣແກຣມ ຫລື ເຄື່ອງມືໂດຍການນໍາໄປປຽບທຽບກັບມາດຕະຖານຂັ້ນພື້ນຖານ. benchmark ເປັນວິທີວັດແທກການເຮັດວຽກ ເຊັ່ນ ວັດແທກການເຮັດວຽກຂອງຊີພີຢູ ທີ່ມີຫົວຫນ່ວຍເປັນ SPEC mark, MIPS ເປັນຕົ້ນ.
Berkeley Internet Name Domain 	ໃຊ້ຄໍາຫຍໍ້ວ່າ BIND, ຊອບແວໃນລະບົບຍູນິກເຊິ່ງເຮັດຫນ້າທີ່ແປງຊື່ເຄື່ອງໃນອິນເຕີເນັດໃຫ້ຢູ່ໃນຮູບລະຫັດຕົວເລກ IP address.
Bias 	1. ຄຸນສົມບັດຂອງການອອກແບບ ຫລື ວິທີການທົດລອງທີ່ບໍ່ເຫມາະສົມເຊັ່ນເຮັດໃຫ້ຕົວປ່ຽນມີການປ່ຽນແປງ ເຊິ່ງຈະເຮັດໃຫ້ມີຜົນກະທົບຕໍ່ຜົນການທົດລອງປຽບທຽບ ເຊິ່ງສາມາດວັດແທກໄດ້ຈາກເກນທີ່ຕັ້ງໄວ້. 2. ການຈ່າຍໄຟລ້ຽງໃຫ້ອຸປະກອນ. 3. ການປັບສັນຍານເອເລັກໂຕຣນິກ/ສັນຍານແມ່ເຫລັກ ໃຫ້ດີຂື້ນ.
bi-directional 	ສອງທິດທາງ, ລະບົບປະຕິບັດການສອງທິດທາງ ເຊັ່ນ ເຄື່ອງພິມແບບສອງທິດທາງ, ເປັນເຄື່ອງພິມໄດ້ທັງຊ້າຍໄປຂວາ ແລະ ທັງຂວາໄປຊ້າຍ.
biff 	ໂປຣແກຣມຍູນິກເຮັດຫນ້າທີ່ເປັນຕົວຊ່ວຍກວດສອບຈົດຫມາຍ ແລະ ລາຍງານໃຫ້ຜູ້ໃຊ້ຮູ້ທັນທີວ່າມີຈົດຫມາຍໃຫມ່ມາເຖິງ.
Big blue 	ເປັນຊື່ອີກຊື່ຫນຶ່ງຂອງບໍລິສັດ IBM ຢ່າງບໍ່ເປັນທາງການ, ເນື່ອງຈາກບໍລິສັດ IBM ໃຊ້ສີຟ້າເປັນສັນຍະລັກຂອງບໍລິສັດ.
big endian 	ລະບົບການຈັດຕຳແຫນ່ງຂອງຫນ່ວຍຄວາມຈໍາ ທີ່ມີຈຳນວນຫລາຍກວ່າ 1 byte ໃນຫນ່ວຍຄວາມຈຳ, 8 bit ສູງສຸດຈະຖືກເກັບໄວ້ທີ່ຕໍາແຫນ່ງຕໍ່າສຸດ. ເບິ່ງ little endian
billion 	ໃນທາງຄອມພິວເຕີໃຊ້ຄຳວ່າ giga ແທນຄຳວ່າ 1 billion ຫລື ຫນຶ່ງພັນລ້ານ.
billisecond 	ຫນຶ່ງສ່ວນພັນລ້ານຂອງວິນາທີ ຫລື Nanosecond.
BIN 	ນາມສະກຸນຂອງຟາຍທີ່ຂໍ້ມູນເປັນແບບເລກຖານສອງ.
binary 	ໄບນາຣີ, ລະບົບການນັບຕົວເລກຖານສອງ ເຊິ່ງມີເລກ 0 ແລະ 1.
binary addition 	ການບວກເລກຖານສອງ, ການຄໍານວນຂອງຄອມພິວເຕີ.
binary digit 	ມີຄວາມຫມາຍຄືກັບ bit.
binary multiplication 	ການຄູນເລກຖານສອງ, ການຄໍານວນຂອງຄອມພິວເຕີ.
binary number 	ເລກຖານສອງ, ເຊິ່ງເປັນຈໍານວນທີ່ແທນດ້ວຍເລກ 0 ແລະ 1 ເປັນຮູບແບບທີ່ໃຊ້ໃນຄອມພິວເຕີ.
binary number system 	ລະບົບເລກຖານສອງ, ລະບົບຕົວເລກທີ່ໃຊ້ກັບເຄື່ອງຄອມພິວເຕີ.
binary search 	ວິທີການຄົ້ນຫາແບບຫນຶ່ງ ເຊິ່ງໃຊ້ກັບຂໍ້ມູນທີ່ມີການຈັດລຽນແບບເປັນລໍາດັບໂດຍຈະແບ່ງຂໍ້ມູນອອກເປັນສອງສ່ວນກ່ອນ, ເບິ່ງວ່າຂໍ້ມູນຢູ່ໃນສ່ວນໃດແລ້ວຈິ່ງແບ່ງສ່ວນນັ້ນອອກເປັນສອງສ່ວນອີກ, ຂໍ້ມູນຈະຖືກແບ່ງຍ່ອຍລົງໄປຈົນສາມາດຫາຂໍ້ມູນໄດ້ງ່າຍຂື້ນ ແລະ ໄດ້ຂໍ້ມູນທີ່ຕ້ອງການ.
binary subtraction 	ການລົບເລກຖານສອງ, ການຄໍານວນຂອງຄອມພິວເຕີ.
Binary Synchronous 	ໃຊ້ຄໍາຫຍໍ້ວ່າ BiSync, ໂປຣໂຕຄອນໃນການເຊື່ອມຕໍ່ຄອມພິວເຕີຂອງບໍລິສັດ IBM ເຂົ້ານໍາກັນຫລາຍໆເຄື່ອງ. ສາມາດໃຊ້ສາຍເຊື່ອມຕໍ່ ອັນດຽວກັນໄດ້, ເຊິ່ງຄອນໂທຣນເລີຈະເປັນໂຕຕັດສິນວ່າເຄື່ອງໃດ ຈະເປັນໂຕຮັບ ຫລື ສົ່ງຂໍ້ມູນໃນເວລາໃດຫນຶ່ງ. ແຕ່ວ່າໃນປັດຈຸບັນບໍ່ນິຍົມນໍາໃຊ້ແລ້ວ.
BINHEX 	ລະບົບ Utility ຂອງເຄື່ອງ Macintosh ສໍາລັບເຂົ້າລະຫັດ binary file ໃຫ້ສາມາດສົ່ງໄປໃນຮູບແບບຂອງຕົວອັກສອນຜ່ານລະບົບ e-mail ລວມທັງລະບົບອື່ນໆ.
biometric control 	ເປັນລະບົບຮັກສາຄວາມປອດໄພ ໂດຍໃຊ້ລັກສະນະທາງກາຍະພາບ ແລະ ພຶດຕິກໍາຂອງມະນຸດໃນການກວດສອບ ເຊັ່ນ ຮອຍນິ້ວມື ຫລື ສຽງ.
BIOS 	ເບິ່ງ Basic Input/output System.
BIOS enumerator 	ສ່ວນຂອງໂປຣແກຣມໃນ BIOS ທີ່ໃຊ້ບອກວ່າມີຮາດແວໃຫມ່ເພີ່ມເຂົ້າມາໃນລະບົບ.
bipolar 	ສອງຂວັ້ນ, ເຕັກໂນໂລຊີກ່ຽວກັບໄອຊີ ເຊິ່ງໃຊ້ທຣານຊິດສະເຕີເປັນສະວິດ ແລະ ພາກຂະຫຍາຍ.
bipolar technology 	ເຕັກໂນໂລຊີສອງຂວັ້ນ.
bipolar transistor 	ທຣານຊິດສະເຕີແບບສອງຂວັ້ນ.
bis 	ໃຊ້ໃນມາດຕະຖານຂອງໂມເດັມ ຫມາຍເຖິງມາດຕະຖານທີ່ປັບປຸງໃຫ້ມີຄວາມສາມາດສູງຂຶ້ນຈາກເດີມ ເຊັ່ນ ຈາກ V.32 ເປັນ V.32bis.
bit 	ບິດ, ຫຍໍ້ມາຈາກ Binary digiT ເປັນຫົວຫນ່ວຍພື້ນຖານຂອງຂໍ້ມູນໃນລະບົບເລກຖານສອງ. ບິດໃດຫນຶ່ງ ຈະມີຄ່າ ເປັນ 0 ຫລື 1.
bit bucket 	ຕໍາແຫນ່ງທີ່ຂໍ້ມູນມີການສູນເສຍ.
bit error 	ຄວາມຜິດພາດ ບິດ.
bit error rate 	ອັດຕາການຜິດພາດທາງບິດ.
bit pattern 	ຮູບແບບຂອງບິດ.
bit per pixel 	ບິດຕໍ່ຈຸດພາບ.
bit per second 	ຫົວຫນ່ວຍວັດແທກຄວາມໄວໃນການສົ່ງຂໍ້ມູນ ເປັນຈໍານວນບິດຕໍ່ຫນຶ່ງວິນາທີ.
bit rate 	ອັດຕາບິດ.
bit slicing 	ການແບ່ງບິດ.
bit string 	ບິດທີ່ຕໍ່ກັນເປັນສາຍ.
bit stuffing 	ການສອດແຊກບິດ.
bitmap 	ບິດແມັບ, ກຣາບຟິກທີ່ເກີດມາຈາກຈຸດແສງນ້ອຍໆທີ່ເອີ້ນວ່າ pixel. ຮູບຈະມີຄວາມລະອຽດຕາມຈໍານວນຂອງ pixel.
bitmapped font 	ຊຸດຕົວອັກສອນທີ່ມີຮູບແບບ ແລະ ຂະຫນາດສະເພາະ. ຕົວອັກສອນແຕ່ລະຕົວຈະກໍານົດຮູບແບບຂອງຈຸດເອົາໄວ້ໃນຮູບແບບມາຕຣິກ, ຄອມພິວເຕີຈະເກັບຊຸດຂອງບິດແມັບຢ່າງສົມບູນຂອງແຕ່ລະຟອນທີ່ໃຊ້ຢູ່ໃນເຄື່ອງເອົາໄວ້, ເມື່ອຂະຫຍາຍຟອນ ຟອນຈະເລີ່ມມີຮອຍຫັກຫລາຍຂຶ້ນ ແລະ ເມື່ອໃຊ້ຟອນແບບບິດແມັບຕ້ອງໃຊ້ເນື້ອທີ່ໃນດິດ ແລະ ຫນ່ວຍຄວາມຈໍາເປັນຈຳນວນຫລາຍ.
bitmapped image 	ພາບທີ່ເກີດຈາກຮູບແບບການໂຮມຕົວຂອງ pixel ເຊັ່ນ ໂປຣແກຣມທາສີ ຫລື painbrush ທີ່ສ້າງພາບແບບບິດແມັບຂຶ້ນມາ. ພາບແບບນີ້ຈະແກ້ໄຂໄດ້ຍາກເພາະຕ້ອງແກ້ໄຂເທື່ອລະຈຸດ.
bit per inch 	ໃຊ້ຄໍາຫຍໍ້ວ່າ bpi, ຈໍານວນບິດທີ່ຖືກເກັບໄວ້ໃນເທັບ ຫລື ດິດ ຕາມຄວາມຍາວຕໍ່ 1 ນິ້ວ.
bits per second 	ໃຊ້ຄໍາຫຍໍ້ວ່າ bps, ຫນ່ວຍວັດແທກຄວາມໄວໃນການສົ່ງຜ່ານຂໍ້ມູນເປັນຈໍານວນບິດຕໍ່ 1 ວິນາທີ, ຫາກຕົວເລກມີຄ່າສູງຫລາຍໃຊ້ຫນ່ວຍເປັນ Kbps ຫລື Mbps.
Black box 	 ກ່ອງດຳ, ກ່ອງທີ່ລວມແຜ່ນວົງຈອນໄຟຟ້າຫລາຍໆແຜ່ນໄວ້ນໍາກັນເພື່ອເຮັດຕາມຫນ້າທີ່ ທີ່ກໍານົດໃຫ້, ໂດຍປົກກະຕິຜູ້ໃຊ້ບໍ່ຈໍາເປັນຕ້ອງເຂົ້າໃຈວ່າວົງຈອນນັ້ນເຮັດວຽກຢ່າງໃດ.
Black window 	ໂປຣແກຣມທີ່ມີຄວາມສາມາດທໍາລາຍລະບົບ ທີ່ອາດຈະຖືກສົ່ງຜ່ານມາທາງອິນເຕີເນັດ ໃນຮູບແບບ JAVA Applet.
blimp 	ກັບບັນຈຸກ້ອງຖ່າຍຮູບຊະນິດປ້ອງກັນແສງ ສາມາດຄວບຄຸມການເຮັດວຽກທຸກຊະນິດຂອງກ້ອງຖ່າຍຮູບທີ່ຢູ່ຂ້າງໃນໄດ້.
Blind Carbon Copy 	ໃຊ້ຄໍາຫຍໍ້ວ່າ BCC, ຄຸນສົມບັດຫນຶ່ງທີ່ມີຢູ່ໃນໂປຣແກຣມ e-mail ເປັນການສົ່ງສໍາເນົາຈົດຫມາຍໄປຫາຜູ້ຮັບອື່ນ ນອກຈາກຜູ້ຮັບໂດຍກົງ, ຜູ້ຮັບສໍາເນົາຈົດຫມາຍຈະບໍ່ມີຊື່ປະກົດໃນຈົດຫມາຍສະບັບນັ້ນ ໂດຍທີ່ຜູ້ສົ່ງຈະລະບຸຊື່ຜູ້ຮັບຄົນອື່ນໆລົງໃນຊ່ອງ bcc ເຊິ່ງຜູ້ຮັບທີ່ມີຊື່ຢູ່ໃນຊ່ອງ to ຈະບໍ່ຮູ້ວ່ານອກຈາກຕົວເອງແລ້ວຈະມີໃຜໄດ້ຮັບອີກ.
block 	ປະລິມານຂອງຂໍ້ມູນທີ່ສົ່ງຜ່ານອອກໄປ ອາດເປັນລັກສະນະທີ່ບໍ່ຕໍ່ເນື່ອງໂດຍຖືວ່າຈຸດເລີ່ມຕົ້ນ ແລະ ຈຸດສຸດທ້າຍເປັນຕົວກໍານົດຂະຫນາດ ຫລື ປະລິມານຂອງຂໍ້ມູນຂ່າວສານ.
block diagram 	ແຜນພາບຂອງລະບົບອຸປະກອນ ຫລື ຄອມພິວເຕີ ເຊິ່ງອະທິບາຍເຖິງຫນ້າທີ່ພື້ນຖານ ແລະ ການເຮັດວຽກກ່ຽວຂ້ອງກັບສ່ວນອື່ນໆດ້ວຍຮູບເລຂາຄະນິດ.
block protect 	ການເຮັດເຄື່ອງຫມາຍໃຫ້ຂໍ້ຄວາມບໍ່ໃຫ້ຖືກແຍກອອກຈາກກັນເມື່ອເວລາພີມອອກມາ ເພື່ອປ້ອງກັນບໍ່ໃຫ້ສູດ ຫລື ຕາຕະລາງແຍກອອກຈາກກັນ.
block structured language 	ພາສາໂຄງສ້າງທີ່ອະທິບາຍດ້ວຍຮູບເລຂາຄະນິດ.
blur 	ເປັນເຄື່ອງມືຫນຶ່ງຂອງໂປຣແກຣມແຕ້ມຮູບ ທີ່ເຮັດໃຫ້ຮູບມົວ ຫລື ບໍ່ໂຟກັດ.
blurred 	ຂາດຄວາມແຈ່ມແຈ້ງ ຫລື ມືດພໍມົວໆ.
BMP 	ນາມສະກຸນຂອງຟາຍທີ່ບອກວ່າຟາຍນີ້ ເກັບພາບກຣາບຟິກແບບບິດແມັບທີ່ໃຊ້ນໍາ Windows ໄດ້, ເນື່ອງຈາກໂປຣແກຣມທີ່ໃຊ້ໃນ Windows ສ່ວນຫລາຍຈະສ້າງ ແລະ ສະແດງຜົນຂໍ້ມູນໃນຟາຍແບບນີ້ໄດ້.
BNN 	ບໍລິສັດ Bolt, Neranek and Newmann, ເປັນບໍລິສັດທີ່ໄດ້ຮັບມອບຫມາຍໃຫ້ພັດທະນາເຄືອຂ່າຍ ARPANET.
board 	ແຜ່ນວົງຈອນ.
Bogus 	ຜິດພາດ, ບໍ່ຖືກຕ້ອງ.
Bold 	ເຂັ້ມ, ແບບພິມຕົວເຂັ້ມ.
boldface 	ຕົວເຂັ້ມ, ຂໍ້ຄວາມທີ່ສະແດງ ຫລື ພິມອອກມາເປັນຕົວເຂັ້ມ ຫລື ຕົວຫນາ.
bonding 	ການໂຮມສາຍສັນຍານຂອງຫລາຍເຄືອຂ່າຍເຂົ້ານໍາກັນ, ເຮັດໃຫ້ສົ່ງສັນຍານໄດ້ໄວຂຶ້ນ 336/384 Kbps.
bookmark 	ບຸກມາກ/ບ່ອນຫມາຍໄວ້, ຕໍາແຫນ່ງທີ່ລະບຸໄວ້ເພື່ອເອີ້ນໃຊ້ໃນຄັ້ງຕໍ່ໄປ.
Boolean 	ຄ່າບູລີນ, ມີສອງຄ່າຄື ຄ່າຖືກ ແລະ ຄ່າຜິດ ທີ່ໃຊ້ໃນການຂຽນໂປຣແກຣມພຶດຊະຄະນິດບູລີນໂດຍ George Boole.
Boolean algebra. 	ພຶດຊະຄະນິດບູລີນ, ການສຶກສາກ່ຽວກັບການຄໍານວນໂດຍມີຄ່າທີ່ໃຊ້ 2 ຄ່າຄື ຖືກ ແລະ ຜິດ.
Boolean query 	ຫມາຍເຖິງ query ທີ່ເກີດຈາກຕົວຊື່ອມທາງຕັກກະສາດ.
Boolean variable 	ຕົວປ່ຽນແບບບູລີນຂອງພາສາຄອມພິວເຕີ.
Boost 	ການເພີ່ມຂື້ນ ຫລື ການກະທໍາໃຫ້ເກີດການເພີ່ມ.
Boot 	ບຸດ, ການນໍາລະບົບປະຕິບັດການເຂົ້າສູ່ຫນ່ວຍຄວາມຈໍາມັກຈະເອີ້ນມາຈາກຮາດດິດ ຫລື ເອົາຈາກຟະລັອບປີດິດ. ຂະບວນການນີ້ຈະເກີດຂື້ນອັດຕະໂນມັດເມື່ອເປີດເຄື່ອງ ຫລື ປິດແລ້ວເປີດໃຫມ່. ຊຸດຄໍາສັ່ງທີ່ເກັບໄວ້ໃນຣອມຈະເຮັດວຽກ, ເລີ່ມດ້ວຍການເຮັດ Power On Self Tests (POST) ເພື່ອກວດສອບອຸປະກອນຕ່າງໆ ເຊັ່ນ ຮາດດິດ ຕາມດ້ວຍການຫາລະບົບປະຕິບັດການເພື່ອນໍາເຂົ້າສູ່ຫນ່ວຍຄວາມຈໍາ.
boot disk 	ແຜ່ນດິດໃຊ້ເພື່ອບຸດເຄື່ອງຄອມພິວເຕີ.
boot record 	ສ່ວນຂອງດິດ ທີ່ມີໂປຣແກຣມນໍາພາລະບົບປະຕິບັດການເຂົ້າສູ່ຫນ່ວຍຄວາມຈໍາ ຮວມທັງຂໍ້ມູນພື້ນຖານອື່ນໆ ທີ່ຄອມພິວເຕີຕ້ອງໃຊ້ເພື່ອເລີ່ມເຮັດວຽກ.
bootable dish 	ດິດທີ່ມີລະບົບປະຕິບັດການ ແລະ ນໍາເຂົ້າສູ່ຫນ່ວຍຄວາມຈໍາໄດ້. ມັກຈະຫມາຍເຖິງຟະລັອບປີດິດ, ແຕ່ໃນທຸກວັນນີ້ລະບົບປະຕິບັດການມີຂະຫນາດໃຫຍ່ຂື້ນເລື້ອຍໆ ຈຶ່ງເກືອບຈະເປັນໄປບໍ່ໄດ້ທີ່ຈະບຸດຈາກຟະລັອບປີດິດເພາະໃນບາງກໍລະນີຟາຍທີ່ລະບົບປະຕິບັດການ ຈໍາເປັນຕ້ອງໃຊ້ນັ້ນບໍ່ພໍທີ່ຈະໃສ່ໄວ້ໃນຟະລັອບປີດິດແຜ່ນດຽວ.
BOOTP 	ຫຍໍ້ມາຈາກ Bootstrap Protocol, ໂປຣໂຕຄອນທີ່ໃຊ້ໃນເຄືອຂ່າຍເພື່ອສອບຖາມຫາຫມາຍເລກໄອພີປະຈໍາເຄື່ອງພ້ອມກັບຂໍ້ມູນອື່ນໆ ຈາກແມ່ຂ່າຍ. ໂປຣໂຕຄອນນີ້ຈະໃຊ້ກັບເຄື່ອງໃນເຄືອຂ່າຍທີ່ບໍ່ໄດ້ຕິດຕັ້ງຮາດດິດພາຍໃນ.
Bootstrap 	ການບຸດເຄື່ອງໃຫ້ເຮັດວຽກ, ຄອມພິວເຕີທີ່ກຽມລະບົບເພື່ອໃຫ້ພ້ອມທີ່ຈະເຮັດວຽກໄດ້ທັນທີເມື່ອເປີດເຄື່ອງ.
bounce light 	ແຫລ່ງຂອງແສງໄດ້ຈາກການສະທ້ອນຈາກຝາ ຫລື ຕົວສະທ້ອນອື່ນໆ.
bounce mail 	ຫມາຍເຖິງ e-mail ເຊິ່ງຕີກັບມາຫາຜູ້ສົ່ງ ເນື່ອງຈາກເດີນທາງໄປບໍ່ເຖິງຜູ້ຮັບ.
bounding box 	ຂອບທີ່ເບິ່ງບໍ່ເຫັນອ້ອມຮູບກຣາບຟິກ.
Bourne shell 	ໂປຣແກຣມ shell, ເປັນໂປຣແກຣມຫນຶ່ງໃນຍູນິກພັດທະນາຂື້ນໂດຍ Steven Bourne.
Bracket 	ເຄື່ອງຫມາຍວົງຂໍ " [ ] ".
Brainstorming 	ລະດົມຄວາມຄິດ.
Branch 	ຄໍາສັ່ງຂອງຄອມພິວເຕີທີ່ຍ້າຍການເຮັດວຽກຈາກຊຸດຄໍາສັ່ງຫນຶ່ງ ໄປຫາອີກຊຸດຄໍາສັ່ງຫນຶ່ງຕາມເງື່ອນໄຂທີ່ໂປຣແກຣມເມີກໍານົດຂື້ນມາ.
BRB 	ຫຍໍ້ມາຈາກ Be Right Back, ຄໍາຫຍໍ້ທີ່ນິຍົມໃຊ້ຜ່ານທາງໄອຊີຄີວ.
Break 	ຄໍາສັ່ງທີ່ຜູ້ໃຊ້ເພື່ອຂັດຈັງຫວະ ຫລື ຢຸດຄອມພິວເຕີບໍ່ໃຫ້ໃຊ້ວຽກຕໍ່.
Break key 	ປຸ່ມທີ່ມີຫນ້າທີ່ຢຸດການເຮັດວຽກຂອງເຄື່ອງ.
breakdown 	1. ໃນການຖ່າຍທໍາຮູບເງົາຫມາຍເຖິງການວິເຄາະຂັ້ນຕອນຫນຶ່ງໆ ຫລື ການສະແດງທີ່ຕ້ອງຖ່າຍທໍາ. 2. ການວາງແຜນເພື່ອໃຊ້ປະໂຫຍດຈາກການຖ່າຍທໍາ ຫລື ກໍາມະວິທີການຮວບຮວມສາກຕ່າງໆຈາການຖ່າຍທໍາ ເອົາມາຮຽບຮຽງໃຫມ່ເພື່ອໃຫ້ການນໍາສະເຫນີພາບເປັນໄປໄດ້ຢ່າງທີ່ຕ້ອງການ. 3. ການຢຸດການເຮັດວຽກຂອງລະບົບ ທີ່ເກີດຈາກການເປ່ເພເສຍຫາຍ.
breakpoint 	ຈຸດຢຸດພັກ, ຕໍາແຫນ່ງໃນ ໂປຣແກຣມທີ່ຄອມພິວເຕີຈະຢຸດເຮັດວຽກຊົ່ວຄາວ. ໃນການຂຽນໂປຣແກຣມ, ໂປຣແກຣມເມີມັກໃຊ້ຈຸດຢຸດພັກນີ້ເພື່ອກວດສອບໂປຣແກຣມວ່າເຮັດວຽກໄດ້ຢ່າງໃດ.
bridge 	ອຸປະກອນຮາດແວທີ່ໃຊ້ໃນເຄືອຂ່າຍ ເພື່ອຕໍ່ເຄືອຂ່າຍພາຍໃນເຂົ້ານໍາກັນ, ເປັນອຸປະກອນທີ່ເຮັດວຽກຢູ່ໃນ Data link Layer ຕາມມາດຕະຖານຂອງການສື່ສານ ISO/OSI. bridge ຈະເຮັດຫນ້າທີ່ຈັດການກັບຂໍ້ມູນທີ່ສົ່ງໄປມາລະຫວ່າງສອງເຄືອຂ່າຍ.
bridge router 	ອຸປະກອນທີ່ເຮັດຫນ້າທີ່ເປັນທັງ bridge ແລະ router. ເບິ່ງ bridge, brouter ແລະ router.
bridgeware 	ຮາດແວ ຫລື ຊອບແວທີ່ເຮັດຫນ້າທີ່ປ່ຽນຂໍ້ມູນ ຫລື ແປໂປຣແກຣມຈາກຮູບແບບຫນຶ່ງໄປເປັນອີກຮູບແບບຫນຶ່ງ.
brightness 	ເຄື່ອງມືຂອງໂປຣແກຣມຕົບແຕ່ງຮູບພາບໃຊ້ປັບຄວາມແຈ້ງຂອງຮູບ.
bring to front 	ຄໍາສັ່ງຕົບແຕ່ງຮູບ ໃຊ້ໃນການນຳເອົາວັດຖຸມາໄວ້ຢູ່ດ້ານຫນ້າຂອງວັດຖຸອື່ນໆ.
broadband 	ແຖບຄວາມຖີ່ກວ້າງ.
broadband communication devices 	ອຸປະກອນການສື່ສານທີ່ມີປະສິດທິພາບສູງ ທີ່ຊ່ວຍໃຫ້ການເຊື່ອມຕໍ່ກັບອິນເຕີເນັດໄດ້ໄວກວ່າໂມເດັມທໍາມະດາ ອຸປະກອນເຫລົ່ານີ້ຈະບີບອັດຂໍ້ມູນເຮັດໃຫ້ຂໍ້ມູນສາມາດເດີນທາງຜ່ານໄປໄດ້ວ່ອງໄວກວ່າ.
broadcast 	ກະຈາຍຂ່າວ/ເຜີຍແຜ່ຂ່າວ, ການສົ່ງຂ່າວສານໃນເຄືອຂ່າຍໄປໃຫ້ແກ່ຜູ້ໃຊ້ທຸກຄົນທີ່ໃຊ້ເຄືອຂ່າຍຢູ່.
broadcasting 	ການອອກອາກາດ, ຫມາຍເຖິງການແຈກຈ່າຍລາຍການ ຫລື ສັນຍານໄປໃນອາກາດ, ເຊິ່ງສາມາດຮັບໄດ້ໂດຍເຄື່ອງຮັບວິທະຍຸ ແລະ ເຄື່ອງຮັບໂທລະທັດ.
brouter 	ຫຍໍ້ມາຈາກ Bridge-router hybrid, ອຸປະກອບສໍາລັບເຄືອຂ່າຍທີ່ໃຊ້ເພື່ອປະກອບຄຸນສົມບັດຂອງ bridge ແລະ router ເຂົ້ານໍາກັນ. Brouter ຫາເສັ້ນທາງເຊື່ອມໂປຣໂຕຄອນດຽວ ຫລື ຫລາຍໂປຣໂຕຄອນຕາມທີ່ໄດ້ລະບຸໄວ້ເຊັ່ນ TCP/IP ແລະ ຈະເຊື່ອມເຄືອຂ່າຍໄດ້ທັງຫມົດ. ເບິ່ງ bridge ແລະ router.
brownout 	ການຂາດກໍາລັງໄຟຟ້າ.
browse 	ການຄົ້ນຫາລາຍການຟາຍຂໍ້ມູນ.
browser 	ໂປຣແກຣມບຣາວເຊີ, ໂປຣແກຣມຄອມພິວເຕີທີ່ຊ່ວຍໃຫ້ຜູ້ໃຊ້ ອ່ານເອກະສານ hypertext ຫລື ເອກະສານໃນ WWW. ບຣາວເຊີທີ່ໄດ້ຮັບຄວາມນິຍົມສູງໄດ້ແກ່ Nescape ແລະ Microsoft Internet Explorer.
BSD Unix 	ຫຍໍ້ມາຈາກ Berkeley System Distribution Unix, ເປັນຍູນິກດັດແປງທີ່ເຮັດຂື້ນໂດຍມະຫາວິທະຍາໄລ California at Berkeley, ເຊິ່ງໄດ້ເພີ່ມການເຮັດຫນ່ວຍຄວາມຈໍາ ຄືກັບການຈັດການເຄືອຂ່າຍການສື່ສານລະຫວ່າງຂະບວນການ, ພ້ອມທັງລະບົບຟາຍທີ່ເພີ່ມເຕີມເຂົ້າມາ ແລະ ຮອງຮັບກັບອຸປະກອນຕ່າງໆທີ່ເພີ່ມເຂົ້າມາ.
BTW 	ສັບທີ່ໃຊ້ໃນ e-mail ຫຍໍ້ມາຈາກ By The Way.
bubble memory 	ເປັນຫນ່ວຍຄວາມຈໍາທີ່ສາມາດ ເກັບຂໍ້ມູນໄດ້ຢ່າງຖາວອນ, ຫນ່ວຍຄວາມຈໍາແບບຫນຶ່ງທີ່ເກັບຂໍ້ມູນເອົາໄວ້ເຖິງຈະປິດເຄື່ອງໄວ້ແລ້ວ.ຫນ່ວຍຄວາມຈຳແບບ bubble ນີ້ມັກໃຊ້ໃນເຄື່ອງຄອມພິວເຕີ laptop ຂະຫນາດນ້ອຍທີ່ບໍ່ມີບ່ອນພໍຈະເກັບຮາດດິດ.
bubble screen 	ຈໍພາບເຊິ່ງໃຊ້ຟອງແມ່ເຫລັກເພື່ອສະແດງພາບວິດີໂອ.
bubble sort 	ການລຽງລໍາດັບແບບຟອງ, ໃຊ້ປຽບທຽບຂໍ້ມູນໄປເປັນຄູ່ໆທີ່ຮຽງຢູ່ຕິດກັນ.
buffer 	ທີ່ພັກຂໍ້ມູນຊົ່ວຄາວ, ພື້ນທີ່ຂອງຫນ່ວຍຄວາມຈໍາທີ່ກໍານົດໄວ້ ເພື່ອເກັບຂໍ້ມູນຊົ່ວຄາວຈົນກວ່າຈະສໍາເລັດພາລະກິດ ເຊັ່ນ ບັບເຟີຂອງເຄື່ອງພິມຈະເກັບທີ່ຢູ່ຟາຍເອົາໄວ້ຈົນກວ່າເຄື່ອງພິມຈະພ້ອມພິມ ແລະ ພິມຈົນສໍາເລັດ.
buffer overflow 	ຄວາມຜິດພາດທີ່ເກີດຂື້ນເມື່ອຂໍ້ມູນຈໍານວນຫລາຍ ຖືກສົ່ງມາເກີນກວ່າທີ່ບັບເຟີຈະເກັບໄວ້ໄດ້.
buggy 	ຊອບແວ ຫລື ຮາດແວ ທີ່ມີຂໍ້ຜິດພາດ ແລະ ບໍ່ຫນ້າເຊື່ອຖືໄດ້.
Builder 	ໂປຣແກຣມຄອມພິວເຕີໃຊ້ຈັດຮູບ ແລະ ຊອກຫາມະໂນພາບທາງເລຂາຄະນິດທີ່ກ່ຽວຂ້ອງກັບຮູບແຕ້ມ.
bulb 	ຫົວທຽນ, ຫລອດແກ້ວກົມ ທາງໃນບັນຈຸເສັ້ນລວດນ້ອຍໆ ເຮັດໃຫ້ເກີດແສງສະຫວ່າງຈາກໄຟຟ້າ.
bulk eraser 	ອຸປະກອນທີ່ໃຊ້ສໍາລັບລຶບ ສິ່ງທີ່ບັນທຶກໄວ້ທັງຫມົດໃນເວລາດຽວກັນ.
bullet 	ສັນຍະລັກໃຊ້ກໍານົດລໍາດັບລາຍການ ເຊັ່ນ , ເປັນຕົ້ນ.
Bulletin Board System 	ໃຊ້ຄໍາຫຍໍ້ວ່າ BBS, ກະດານຂ່າວ ຫລື ສະຖານີບໍລິການຂ່າວທີ່ເປີດບໍລິການໃຫ້ແກ່ຜູ້ໃຊ້ທົ່ວໄປ, ເພື່ອເຊື່ອມຕໍ່ເຂົ້າມາແລກປ່ຽນຂ່າວສານກັບສູນ ຫລື ຖ່າຍໂອນຊອບແວ ໂດຍການໃຊ້ຄອມພິວເຕີດ້ວຍການຫມູນໂທລະສັບເຂົ້າມາເຊື່ອມຕໍ່.
burn 	ການຂຽນຂໍ້ມູນລົງແຜ່ນຊີດີ.
burst mode 	ວິທີສົ່ງຊຸດຂໍ້ມູນຂະຫນາດໃຫຍ່ໃນ block ທີ່ກວ້າງ ແລະ ຕໍ່ເນື່ອງ.
burster 	ເຄື່ອງມື ຫລື ອຸປະກອນທີ່ໃຊ້ໃນການແຍກເຈ້ຍແບບຕໍ່ເນື່ອງອອກເປັນແຜ່ນໆ.
bus 	ຊ່ອງທາງເດີນຂອງສັນຍານ.
bus topology 	ຮູບແບບການວາງເຄືອຂ່າຍຄອມພິວເຕີ ຫລື ອຸປະກອນທຸກອັນເຊື່ອມໄປຫາສາຍຮ່ວມ.
Business Software Alliance 	ໃຊ້ຄໍາຫຍໍ້ວ່າ BSA, ອົງການນາໆຊາດທີ່ກໍ່ຕັ້ງຂຶ້ນໂດຍການຮ່ວມມືກັນຂອງກຸ່ມບໍລິສັດໃຫຍ່ໆຂອງໂລກທີ່ຜະລິດຊອບແວ ເພື່ອຮັກສາຜົນປະໂຫຍດ ແລະ ຄຸ້ມຄອງລິຂະສິດຊອບແວ.
Button 	ປຸ່ມຄໍາສັ່ງ, ປຸ່ມທີ່ຢູ່ໃນຈໍພາບມີໄວ້ເພື່ອໃຫ້ຜູ້ໃຊ້ວຽກຕິດຕໍ່ກັບຄໍາສັ່ງຂອງຄອມພິວເຕີໄດ້.
button bar 	ແຖວຂອງໄອຄອນຕ່າງໆ.
buzz board 	ໂດຍທົ່ວໄປຄໍານີ້ ຫມາຍເຖິງອຸປະກອນຫລາຍຊະນິດໃຊ້ເພື່ອທົດສອບ, ຝຶກຫັດ ຫລື ສາທິດ. ປົກກະຕິປະກອບດ້ວຍວົງຈອນໄຟຟ້າ, ຕໍ່ດ້ວຍ ແກ, ກະດິງ ຫລື ຫລອດໄຟ ເຊິ່ງຈະດັງຂື້ນ ຫລື ມີແສງເມື່ອເກີດການສໍາພັດ ຫລື ຕອບຄໍາຖາມຖືກຕ້ອງ.
Byte 	ໄບ, ຫຍໍ້ມາຈາກ BinarY digiT Eight, ຈໍານວນຫົວຫນ່ວຍ 8 ບິດ
byte mode 	ວິທີສົ່ງເປັນໄບ.
bytes per inch 	ໃຊ້ຄໍາຫຍໍ້ວ່າ bpi, ຈໍານວນໄບຕໍ່ຄວາມຍາວ 1 ນິ້ວ ທີ່ບັນທຶກໃນເທັບ ຫລື ດິດ.
Zap 	 ການແຊັບຟາຍຄືການລຶບຟາຍອອກຈາກດິດ ຈະຕ່າງຈາກການລຶບຟາຍແບບທົ່ວໄປ ຢູ່ບ່ອນວ່າ ການແຊັບຟາຍຈະລຶບອອກໄປ ໂດຍຈະຍົກເລີກການລຶບນັ້ນບໍ່ໄດ້ເລີຍ
zero flag 	ຕົວບົ່ງຊີ້ຄ່າສູນ
zero suppression 	ການຕັດສູນທາງໜ້າ, ການກຳຈັດເລກສູນທີ່ຢູ່ທາງໜ້າເລກຈຳນວນເພື່ອໃຫ້ງ່າຍຕໍ່ການຄຳນວນ ແລະ ການສະແດງຜົນ
zero wait state 	ໃຊ້ບອກວ່າຄອມພິວເຕີນັ້ນປະມວນຜົນໄດ້ ໂດຍບໍ່ມີສະພາວະລໍຖ້າເລີຍ ສະພາວະລໍຖ້າເປັນຕົວບອກຂອງເວລາ ຂະນະທີ່ບໍ່ມີຄຳສັ່ງໃດສົ່ງມາເຮັດວຽກ, ເພາະໂປຣເຊັດເຊີລໍຖ້າຂໍ້ມູນມາຈາກອຸປະກອນອື່ນໆ ຫຼື ຈາກ ໜ່ວຍຄວາມຈໍາ
zero-slot LAN 	ໃຊ້ LAN ໂດຍບໍ່ຕ້ອງມີແຜ່ນວົງຈອນຂອງຮາດແວເພີ່ມ, ເຄືອຂ່າຍພາຍໃນທີ່ໃຊ້ພອດແບບລຽນ ຫຼື ພອດແບບຂະໜານໃດໜຶ່ງໃນຄອມພິວເຕີແທນທີ່ຈະມີແຜ່ນວົງຈອນພິເສດສຳລັບຕິດຕໍ່ກັບເຄືອຂ່າຍໂດຍສະເພາະທີ່ຕໍ່ເຂົ້າມາໃນເຄື່ອງ
ZIF socket 	ຫຍໍ້ມາຈາກ Zero Insertion Force socket, ຊ່ອງສຽບທີ່ໃສ່ເຂົ້າໄປໃນຊິບ ໂດຍບໍ່ຕ້ອງໃຊ້ແຮງກົດ ເຊັ່ນ ຊີພີຢູ ລຸ້ນ Pentium ເຊິ່ງມີຂໍ້ດີທີວ່າ ສາມາດປ່ຽນຊິບໄດ້ງ່າຍ ແລະ ປອດໄພຂຶ້ນ
Zip 	1. ສ້າງຟາຍຫຍໍ້ຂະໜາດ ຊະນິດໜຶ່ງ 2. ຟາຍທີ່ຖືກຫຍໍ້ຂະໜາດ ຊະນິດໜຶ່ງ, ຟາຍຊິບ
zip code 	ລະຫັດໄປສະນີ
zip drive 	ຊ່ອງສຳລັບ ZIP, ເຊິ່ງ ZIP ແມ່ນໜ່ວຍຄວາມຈຳຖາວອນຊະນິດໜຶ່ງ ເຊິ່ງມີລັກສະນະຄ້າຍຄືແຜ່ນດິດ, ແຕ່ມີຂະໜາດໃຫຍ່ກວ່າ ເຊັ່ນ 100Mb, 250Mb
zip file 	ຟາຍທີ່ຜ່ານການບີບອັດ ດ້ວຍໂປຣແກຣມຫຍໍ້ຂະໜາດ
zip up 	ການບີບອັດຂໍ້ມູນ
ZMODEM 	ໂປຣໂຕຄອນທີ່ຄ້າຍຄືກັບ XMODEM ແລະ YMODEM ແຕ່ອອກແບບມາເພື່ອໃຫ້ຄວບຄຸມການຮັບສົ່ງຂໍ້ມູນທີ່ໃຫຍ່ ແລະ ມີຂໍ້ຜິດພາດທີ່ນ້ອຍກວ່າ, ZMODEM ຍັງມີຄວາມສາມາດ ທີ່ເອີ້ນວ່າ checkpoint restart ຄື ເວລາໃດເກີດຄວາມຜິດພາດຂຶ້ນຈະໃຊ້ຈຸດນີ້ບອກວ່າ ບ່ອນໃດຜິດພາດ ແລະ ຈະສົ່ງຂໍ້ມູນຈາກຈຸດນັ້ນໄປ ໂດຍບໍ່ຕ້ອງເລີ່ມຕົ້ນສົ່ງຂໍ້ມູນໃໝ່ຄືນໝົດ
YMODEM 	 ໂປຣໂຕຄອນທີ່ດັດແປງມາຈາກມາດຕະຖານຂອງ XMODEM ແຕ່ໄວກວ່າ, ຂໍ້ມູນທີ່ສົ່ງຈະແບ່ງອອກເປັນບລັອກ ແຕ່ລະບລັອກປະກອບດ້ວຍຕົວອັກສອນແປະຫົວໝາຍເລກບລັອກຂໍ້ມູນ ໜຶ່ງກິໂລໄບ ແລະ ກວດສອບຍອດລວມບລັອກຂໍ້ມູນຂອງ YMODEM ທີ່ໃຫຍ່ກວ່າ, ສະແດງວ່າຫຼຸດສ່ວນເກີນ ໃນການຄວບຄຸມຂໍ້ຜິດພາດລົງໄປເມື່ອສົມທຽບກັບ XMODEM ແຕ່ຖ້າຕ້ອງມີການສົ່ງບລັອກນັ້ນຊໍ້າຄືນ ເພາະພົບຂໍ້ຜິດພາດກໍຕ້ອງມີການສົ່ງຂໍ້ມູນທີ່ຫຼາຍກວ່າອີກ. ນອກຈາກນີ້ YMODEM ຍັງສົ່ງຂໍ້ມູນໄດ້້ທື່ອລະຫຼາຍໆຟາຍພ້ອມໆກັນນຳອີກ ແລະ ຍົກເລີກການສົ່ງຟາຍລະຫວ່າງກາງໄດ້
X.200 	 ເອກະສານສຳລັບ model ISO/OSI 7 ເລເຢີ ສຳລັບການຕິດຕໍ່ລະຫວ່າງຄອມພິວເຕີນຳກັນ
x-band 	ແຖບຄວາມຖີ່ເອັກ
xBase 	ໂປຣແກຣມ ເຊິ່ງອ່ານ, ຂຽນ, ແກ້ໄຂ, ປັບປຸງ ແລະຈັດການຟາຍຖານຂໍ້ມູນ ໂດຍໃຊ້ໄດ້ກັບຟາຍທີ່ເຮັດວຽກດ້ວຍໂປຣແກຣມດີເບດ ແລະ ມີລັກສະນະການເຮັດວຽກຄ້າຍຄືກັນ ເຊັ່ນ FoxPro, CA-Clipper ແລະ Alpha four
XMODEM 	ໂປຣໂຕຄອນສື່ສານ ທີ່ໃຊ້ຮັບສົ່ງຟາຍລະຫວ່າງຄອມພິວເຕີ ໂດຍຜ່ານທາງໂທລະສັບ ແລະ ມີການກວດຈັບຂໍ້ຜິດພາດທີ່ເກີດຂຶ້ນລະຫວ່າງການຮັບສົ່ງຟາຍ. ຈຶ່ງເຮັດໃຫ້ຟາຍທີ່ສົ່ງ ແລະ ໄດ້ຮັບຄືກັນ
XMODEM-CRC 	ໂປຣໂຕຄອນ ທີ່ໃຊ້ລະບົບກວດສອບຄວາມຜິດພາດ, ໂດຍພັດທະນາຂຶ້ນໄປອີກ ຈາກ XMODEM, ດ້ວຍການນຳໃຊ້ວິທີການ CRC. ເບິ່ງ Cyclical Redundancy Check
XOFF 	ລະຫັດຢຸດການສົ່ງຂໍ້ມູນ
XON 	ລະຫັດເລີ່ມຕົ້ນການສົ່ງຂໍ້ມູນ
XOR 	ຫຍໍ້ມາຈາກ Exclusive OR, ເປັນຕົວປະຕິບັດການທາງດ້ານຕັກກະສາດ
wait sate 	 ສະພາວະລໍຖ້າ, ການຖ່ວງເວລາລະຍະສັ້ນໆ ຕາມຮອບຂອງສັນຍາໂມງ ແລະ ເກີດຂຶ້ນເມື່ອໄມໂຄຣໂປຣເຊັດເຊີດຶງຂໍ້ມູນມາຈາກໜ່ວຍຄວາມຈຳ ຫຼື ອຸປະກອນຕ່າງໆ ເນື່ອງຈາກໄມໂຄຣໂປຣເຊັດເຊີ ໂດຍທົ່ວໄປຈະເຮັດວຽກໄວກວ່າ
wallpaper 	ພາບກຣາບຟິກທີ່ຢູ່ໃນ Desktop ຫຼືສາກເບື້ອງຫຼັງຂອງ GUI
WAN 	ເບິ່ງ Wide Area Network
warehouse management system 	ລະບົບການຈັດຄັງສິນຄ້າ
warm boot 	ການບູດເຄື່ອງໃໝ່ໂດຍບໍ່ໄດ້ປິດເຄື່ອງ
warm start 	ມີຄວາມໝາຍຄືກັບ warm boot
warranty 	ການຮັບປະກັນ
waste bandwidth 	ການໃຊ້ເຄືອຂ່າຍສົ່ງຂໍ້ມູນແບບບໍ່ມີປະໂຫຍດ
wave 	ຄື້ນ
wave amplitude 	ຂະໜາດຂອງຄື້ນ
wave analyzer 	ເຄື່ອງວິເຄາະຄື້ນ
wave heating 	ການໃຫ້ຄວາມຮ້ອນດ້ວຍຄື້ນ
wave length 	ຄວາມຍາວຂອງຄື້ນ, ໄລຍະຫ່າງລະຫວ່າງຈຸດຂອງຄື້ນທີ່ມີເຟດຄືກັນ, ໃຊ້ວຽກຕຳແໜ່ງອອກອາກາດຂອງສະຖານີໜຶ່ງໆ
waveform 	 ຮູບແບບຂອງຄື້ນ
waveguide 	ທໍ່ນຳຄື້ນ
wavemeter 	ເຄື່ອງວັດແທກຄື້ນ
web 	ເວັບ, ໜ້າເອກະສານໃນເວີວາຍເວັບ
web address 	ຊຸດຕົວອັກສອນທີ່ໃຊ້ລະບຸຟາຍໃນເວີວາຍເວັບ ຈະມີການລະບຸໂປຣໂຕຄອນທີ່ໃຊ້
web Administrator 	ຜູ້ຕິດຕັ້ງ ແລະ ດູແລຄວາມຮຽບຮ້ອຍຂອງລະບົບ
web based 	ຊອບແວ ທີ່ເຮັດວຽກຢູ່ໃນເວັບໄຊ ເຊິ່ງອາດເປັນເຄືອຂ່າຍອິນເຕີເນັດ ຫຼື ອິນທຣາເນັດ (Intranet) ກໍໄດ້
web browser 	ໂປຣແກຣມທີ່ຊ່ວຍໃຫ້ສາມາດເບິ່ງເອກະສານ HTML ຫຼື ສິ່ງຕ່າງໆ ເຊັ່ນ ພາບ, ສຽງ ໃນອິນເຕີເນັດ
web page 	ເອກະສານສະແດງໃນເວັບ, ຟາຍ ຫຼື ຂໍ້ມູນທີ່ສາມາດອ່ານໃນເວີວາຍເວັບ
web publishing 	ການປະກາດ ຫຼື ໂຄສະນາຜ່ານທາງເວັບ
web server 	ເປັນໂປຣແກຣມເຊິ່ງເຮັດໜ້າທີ່ຈັດການ ຫຼື ຄວບຄຸມເລື່ອງຂອງການສົ່ງຜ່ານຂໍ້ມູນ Web page ຫຼື ຂໍ້ມູນຕ່າງໆ ໄປຫາເຄື່ອງທີ່ເຂົ້າມາຕິດຕໍ່
web service 	 ເປັນເຕັກໂນໂລຊີໃໝ່ທີ່ມີແນວຄວາມຄິດໃນການໃຫ້ບໍລິການ ທຸກໆຢ່າງຜ່ານເຄືອຂ່າຍອິນເຕີເນັດ
web site 	ເວັບໄຊ, ທີ່ຢູ່ຂອງເວັບໄຊ, ຊຸດເອກະສານ html ທີ່ສະແດງຂໍ້ມູນ www.
web site promotion 	ການໂຄສະນາເວັບໄຊທາງອິນເຕີເນັດ
web surfers 	ຜູ້ບໍລິການເວັບທີ່ສາມາດເຊື່ອມຕໍ່ຈາກເວັບໜຶ່ງໄປຫາອີກເວັບໜຶ່ງໄດ້
web master 	ບຸກຄົນ ຫຼື ກຸ່ມຄົນ ເຊິ່ງຮັບຜິດຊອບກ່ຽວກັບການດູແລ ແລະ ປັບປຸງເວັບໄຊໃນເວີວາຍເວັບ
webSurf 	ການຕອບໂຕ້ໃນລະບົບເວີວາຍເວັບ
webzip 	ການບີບອັດເວບໄຊ, ເປັນເຄື່ອງມືໃນການບີບອັດເວບໄຊ
Weighted 	ການໃຫ້ຄວາມສຳຄັນ ຫຼື ການກຳນົດຕົວເລກສະແດງຄວາມສຳຄັນ ຫຼື ຄຸນຄ່າຂອງແຕ່ລະຕົວ
what if analysis 	ການວິເຄາະເຖິງຜົນກະທົບ
Wheel 	ກຸ່ມຜູ້ໃຊ້ວຽກໃນລະບົບຢູນິກ
Whetstone white space 	ສ່ວນຂອງໜ້າເຈ້ຍທີ່ເວັ້ນຊ່ອງວ່າງໄວ້ໂດຍບໍ່ມີຂໍ້ຄວາມ ຫຼື ພາບກຣາບຟິກ. ການອອກແບບທີ່ດີ ຄວນມີຄວາມເໝາະສົມລະຫວ່າງກຸ່ມຂອງຊ່ອງວ່າງກັບກຸ່ມຂໍ້ຄວາມ ຫຼື ຮູບພາບກຣາບຟິກ
Whetstone 	ຊື່ໂປຣແກຣມທີ່ໃຊ້ທົດສອບຄວາມໄວຂອງໄມໂຄຣໂປຣເຊັດເຊີ ໂດຍຈະປຽບທຽບປະສິດທິພາບຂອງຄອມພິວເຕີຕ່າງໆ ທີ່ມີການຄິດໄລ່ຕົວເລກ ແລະ floating point, ຫົວໜ່ວຍທີ່ໃຊ້ວັດແທກມີຊື່ວ່າ Whetstone
white noise 	 ສຽງລົບກວນທີ່ປະກອບດ້ວຍອັດຕາການສັ່ນເທົ່າກັບປະລິມານພະລັງງານຂອງທຸກຄວາມຖີ່
Wide Area Information Service 	ໃຊ້ຄຳຫຍໍ້ວ່າ WAIS, ບໍລິການຂ່າວສານຂໍ້ມູນໃນບໍລິເວນກວ້າງ
Wide Area Network 	ໃຊ້ຄຳຫຍໍ້ວ່າ WAN, ແມ່ນເຄືອຂ່າຍຄອມພິວເຕີທີ່ມີໄລຍະໄກ
wide screen 	ຈໍກວ້າງ, ໝາຍເຖິງສາຍຈໍທີ່ມີລວງກວ້າງຫຼາຍກວ່າລວງສູງ, ກວ້າງ:ສູງ ເປັນ 3:2
Wideband 	ແຖບກວ້າງຂອງຄວາມຖີ່
wildcard character 	ຕົວແທນຂອງຕົວອັກສອນ
Wildcards 	ຕົວອັກສອນ ຫຼື ເຄື່ອງໝາຍທີ່ໃຊ້ແທນຕົວໃດກໍໄດ້ປະສົມກັນຈຳນວນ ໜຶ່ງ, ວາຍຄາດນີ້ໃຊ້ແທນຕົວອັກສອນເທົ່າໃດຕົວກໍໄດ້ທີ່ເປັນອັນໃດກໍໄດ້. ເມື່ອຈະຄົ້ນຫາຄໍາ ຫຼື ປ້ອນຄໍາສັ່ງ ເຊິ່ງມັກເປັນຊື່ຟາຍ ຫຼື ນາມສະກຸນ ເຊັ່ນ ເຄື່ອງໝາຍ * ເປັນວາຍຄາດ ຂໍ້ຄວາມທີ່ຕ້ອງການຄົ້ນຫາ ຄື S*ing ຈະກົງກັບຄໍາ ຫຼື ອັນໃດກໍຕາມທີ່ຂຶ້ນຕົ້ນດ້ວຍຕົວ S ແລະ ລົງທ້າຍດ້ວຍ ing
Winchester disk 	ຊື່ເດີມຂອງຮາດດິດ, ເຄີຍເອີ້ນວ່າ ວິນແຈັດສະເຕີດິດ
window 	ໜ້າຕ່າງ/ປ່ອງຢ້ຽມ/ວິນໂດ, ໜ້າຕ່າງເປັນຊ່ອງສຳລັບເບິ່ງຂໍ້ມູນ ຫຼື ໂປຣແກຣມເທິງຈໍພາບ. ສາມາດເລື່ອນ, ຂະຫຍາຍຂະໜາດ, ເປີດ ແລະ ປິດຊ່ອງໜ້າຕ່າງໄດ້ໝົດໃນ GUI
windows 2000 	ວິນໂດ 2000, ເປັນລະບົບປະຕິບັດການທີ່ພັດທະນາມາຈາກເອັນທີ ເວີຊັນ 4.0 ແລະ ນຳອອກຈຳໜ່າຍໃນປີ 2000
Windows 95 	 ວິນໂດ 95, ເປັນລະບົບປະຕິບັດການຂອງໄມໂຄຣໂປຣເຊັດເຊີ 32 ບິດ, ເຮັດໄດ້ຫຼາຍວຽກພ້ອມກັນ ແລະ ເປັນມັນຕິພະເລັກໂດຍຈະນຳໂປຣແກຣມໃນ DOS ໃນ Windows 3.1 ແລະ Windows 95 ມາໃຊ້ວຽກໂຍດພາຍໃຕ້ Windows 95
Windows 98 	ວິນໂດ 98, ເປັນລະບົບປະຕິບັດການທີ່ພັດທະນາມາຈາກ Windows 95 ແລະ ເລີ່ມຈຳໜ່າຍອອກໃນປີ 1998
Windows Accelerator 	ຕົວເພີ່ມຄວາມໄວຂອງການສະແດງຜົນຂອງ Windows, ແຜ່ນວົງຈອນສະແດງຜົນຂອງກຣາບຟິກທີ່ສາມາດເຄື່ອນຍ້າຍ ຫຼື ຊ້ອນທັບໜ້າຕ່າງໂດຍບໍ່ຕ້ອງໃຫ້ຊີພີຢູຂຽນໃໝ່ທັງໝົດ
Windows Explorer 	ສ່ວນໜຶ່ງຂອງ Windows 95 ຂຶ້ນໄປໃຊ້ໃນການເຮັດວຽກ ກັບໄດເຣັກທໍຣີ ຟາຍ ແລະ Desktop menu ການໃຊ້ເຮັດວຽກໄດ້ໂດຍ ກົດປຸ່ມຂວາ mouse ໃສ່ Start ແລ້ວເລືອກ Explorer
Windows for Workgroup 	ໃຊ້ຄຳຫຍໍ້ວ່າ WFWG, ໄມໂຄຣຊອບວິນໂດລຸ້ນພິເສດ ທີ່ໄດ້ຮັບການອອກແບບມາໃຊ້ໃນລະບົບ LAN
Windows Me 	ວິນໂດມີ, Me ຫຍໍ້ມາຈາກ Millinium Editor ທີ່ເປັນຊື່ລຸ້ນລະບົບປະຕິບັດການທີ່ພັດທະນາຈາກ Windows 98 ແລະ ອອກຈຳໜ່າຍໃນປີ 2000
Windows NT 	ວິນໂດເອັນທີ, ເປັນລະບົບປະຕິບັດການ 32 ບິດ ເປັນລະບົບທີ່ເຮັດວຽກໄດ້ຫຼາຍງານພ້ອມໆກັນໄດ້ພັດທະນາອອກມາລຸ້ນທຳອິດໃນປີ 2000
Windows XP 	ວິນໂດເອັກສພີ, ຫຍໍ້ມາຈາກ Eperience ເປັນຊື່ລຸ້ນລະບົບປະຕິບັດການທີ່ພັດທະນາມາຈາກ Windows 2000 ແລະ ອອກຈຳໜ່າຍໃນປີ 2001
Winzip 	 ໂປຣແກຣມບີບອັດ ແລະ ຄາຍຂໍ້ມູນ
wire center 	ສູນກາງເຄືອຂ່າຍສາຍ
Wireframe 	ຮູບແຕ້ມທີ່ສະແດງສະເພາະເສັ້ນໂຄງຮ່າງ ແລະ ສະແດງໄດ້ໄວກວ່າພາບຈິງທັງໝົດ
Wireless 	ບໍ່ມີສາຍ, ບໍ່ໃຊ້ສາຍ
wireless LAN 	ເປັນລະບົບ LAN ທີ່ບໍ່ມີສາຍ, ການເຊື່ອມຕໍ່ໂຫນດ ຫຼື ກຸ່ມຂອງໂຫນດເຂົ້າມາຍັງເຄືອຂ່າຍຫຼັກ ໂດຍໃຊ້ຄື້ນວິທະຍຸ ຫຼື ແສງອິນຟາເຣດແທນສາຍເຄເບິນ. ມີນຳກັນຫຼາຍວິທີຄື: ແບບ Infared line of sight (ໃຊ້ຄື້ນຄວາມຖີ່ສູງ ສົ່ງຂໍ້ມູນລະຫວ່າງໂຫນດໃນໄລຍະຫ່າງບໍ່ເກີນ 24.2ມ ຫຼື 80ຟຸດ, High-frequency redio (ໃຊ້ສັນຍານວິທະຍຸຄວາມຖີ່ສູງ ສົ່ງຂໍ້ມູນລະຫວ່າງໂຫນດໃນໄລຍະຫ່າງຕັ້ງແຕ່ 12ມ ເຖິງ 40ມ ຫຼື (40ຟຸດ-120ຟຸດ), Spread-spectrum radio (ຊ່ວງຄວາມຖີ່ຄື້ນວິທະຍຸສັ້ນໆໂດຍບໍ່ຕ້ອງໄດ້ຮັບການກວດສອບຈາກ FCC ໂດຍແຕ່ລະຈຸດໂຫນດຢູ່ຫ່າງກັນໄດ້ເຖິງ 33.5ມ ຫຼື 110ຟຸດ
Wireless Local Loop 	ໃຊ້ຄຳຫຍໍ້ວ່າ WLL, ເຄືອຂ່າຍສື່ສານແບບບໍ່ມີສາຍທີ່ໃຊ້ສະເພາະທີ່
wireless microphone 	ໄມໂຄຣໂຟນຊະນິດບໍ່ມີສາຍ ແຕ່ເປັນເຄື່ອງຂະໜາດນ້ອຍໄລຍະໃກ້
wires loop 	ສາຍອາກາດທີ່ເນັ່ງໄວ້ເປັນຮອບ ເພື່ອສົ່ງສັນຍານໄປຫາຫູຟັງຊະນິດພິເສດ
wizard 	ຕົວຊ່ວຍ, ຄອມພິວເຕີວີຊາດຈະແກ້ໄຂບັນຫາໄດ້ ໃນທຸກກໍລະນີໂດຍບໍ່ຕ້ອງມີຜູ້ຊ່ວຍເຫຼືອເລີຍ
Word 	ສິ່ງທີ່ເກີດມາຈາກຂໍ້ມູນຫຼາຍໆບິດເອົາມາລວມກັນເປັນໜ່ວຍດຽວ ໃນເຄື່ອງພີຊີ ແລະ ໄມໂຄຣຄອມພິວເຕີ. ສ່ວນຫຼາຍເວີດຈະເປັນຂໍ້ມູນຂະ ໜາດ 2 ໄບ ຫຼື 16 ບິດ, ແຕ່ບາງຄັ້ງອາດມີພຽງ 8 ບິດ
word processing program 	 ຊຸດຄຳສັ່ງປະມວນຄຳ, ເປັນຄຳສັ່ງຄອມພິວເຕີ ເຊິ່ງເຮັດກ່ຽວກັບຂໍ້ຄວາມ ຫຼື ເອີ້ນວ່າ ຊຸດປະມວນຄໍາ (word processor)
word processor 	ເວີດໂປຣເຊັດເຊີ, ລະບົບວຽກງານທີ່ໃຫ້ຜູ້ໃຊ້ສາມາດຂຽນ ແລະ ແກ້ໄຂຂໍ້ຄວາມໃນເອກະສານໃຊ້ແທນພິມດີດ, ໂດຍມີຄວາມສາມາດໃນການຄັດສຳເນົາ ແລະ ຍ້າຍຂໍ້ຄວາມເທື່ອລະຄຳ ເທື່ອລະປະໂຫຍກ ເຊັ່ນ Microsoft Word, Wordperfect, Ami Pro
word wrap 	ຕັດແບ່ງຄຳ
WordPerfect 	ໂປຣແກຣມ Word Processing ທີ່ມີຄວາມນິຍົມໃຊ້ໃນ IBM PC
workflow 	ການໄຫຼຂອງງານ, ການປະຍຸກຄອມພິວເຕີແບບໜຶ່ງ ເຊິ່ງຊ່ວຍໃຫ້ເຮົາໄດ້ຕິດຕາມການເດີນທາງຂອງເອກະສານ ທີ່ເຂົ້າມາສູ່ສຳນັກງານໄດ້ວ່າ ສົ່ງໄປໃຫ້ຜູ້ໃດ ແລະ ດຳເນີນການຢ່າງໃດໄປແລ້ວ
workgroup 	ກຸ່ມເຮັດວຽກ, ການປະຍຸກຄອມພິວເຕີໃຫ້ເໝາະກັບການເຮັດວຽກຮ່ວມກັນຂອງພະນັກງານ ຫຼື ຜູ້ເຮັດວຽກແຕ່ລະຄົນ ເຊັ່ນ ການຈັດຟາຍຂໍ້ມູນກາງໃຫ້ທຸກຄົນໄດ້ໃຊ້ວຽກຮ່ວມກັນ
working memory 	ໜ່ວຍຄວາມຈຳທີ່ໃຊ້ວຽກ
Workplace Shell 	ສ່ວນຂອງການຕິດຕໍ່ກັບຜູ້ໃຊ້ຂອງ OS/2 ເວີຊັນ 2.1 ແລະ 3 ທຽບໄດ້ກັບ Program Manager ໃນ Microsoft Windows
World Wide Web 	ໃຊ້ຄຳຫຍໍ້ວ່າ WWW, ແຫຼ່ງທີ່ຮວບຮວມເອກະສານແບບເຊື່ອມຕໍ່ກັນໄດ້ໃນທົ່ວໂລກ ແລະ ເຊື່ອມຕໍ່ກັນດ້ວຍອິນເຕີເນັດ
C 	 ພາສາໂປຣແກຣມທີ່ພັດທະນາຂື້ນໂດຍ Dennis Ritchie.
C# 	ພາສາຄອມພິວເຕີຂອງໄມໂຄຣຊອບທີ່ໄດ້ຮັບການພັດທະນາ ເພື່ອຕອບສະຫນອງ ການພັດທະນາລະບົບໂປຣແກຣມນໍາໃຊ້ລະບົບໃຫມ່ໂປຣແກຣມແບບວັດຖຸ.
C++ 	ເປັນພາສາທີ່ພັດທະນາຕໍ່ຈາກ ພາສາ C ເຊິ່ງມີລັກສະນະແບບວັດຖຸ.
cable 	ສາຍນໍາສັນຍານ.
cable modem 	ສາຍໂມເດັມ, ໂມເດັມສໍາລັບເຮັດການຕິດຕໍ່ສື່ສານລະຫວ່າງເຄື່ອງຄອມພິວເຕີຜ່ານທາງສາຍເຄເບິນ.
cable slicing 	ການຕັດຕໍ່ສາຍນໍາສັນຍານ.
cache memory 	ຊິບຫນ່ວຍຄວາມຈໍາສະເພາະ ຫລື ສ່ວນຫນຶ່ງຂອງຫນ່ວຍຄວາມຈໍາທີ່ໃຊ້ເປັນ cache ເພື່ອຊ່ວຍໃຫ້ຄອມພິວເຕີເຮັດວຽກໄວຂື້ນ ສ່ວນໃຫຍ່ເປັນ Static Random Access Memory ເຊິ່ງຈອງໄວ້ສໍາຫລັບເກັບຂໍ້ມູນ ຫລື ຄໍາສັ່ງຊົ່ວຄາວ ທີ່ໂປຣເຊັດເຊີມັກເອີ້ນໃຊ້ເລື້ອຍໆ.
Cakewalk 	ເປັນໂປຣແກຣມທີ່ໃຊ້ສໍາລັບແຕ່ງເພງ, ເພງປະກອບວີດີໂອ.
calculator 	ຈັກຄິດໄລ່, ອຸປະກອນທີ່ມີຄວາມສາມາດດໍາເນີນການຄິດໄລ່ທາງຄະນິດສາດໂດຍອາໄສການຄວບຄຸມຈາກມະນຸດ.
call 	ການເອີ້ນໃຊ້ໂປຣແກຣມຍ່ອຍ. ການໂທລະສັບ.
call forwarding 	ການໂອນສາຍໂທລະສັບ.
call routing 	ການຈັດເສັ້ນທາງເພື່ອການໂທລະສັບ.
call transfer 	ການໂອນສາຍເອີ້ນ.
call waiting 	ການລໍສາຍ, ທາງເລືອກຫນຶ່ງໃນການໃຊ້ໂທລະສັບທີ່ສົ່ງສຽງເຕືອນເມື່ອມີສາຍອື່ນພະຍາຍາມຕໍ່ເຂົ້າມາຫາໃນຂະນະທີ່ໂທລະສັບຢູ່.
Camera Control Unit 	ຫນ່ວຍຄວບຄຸມກ້ອງ, ໃຊ້ຄໍາຫຍໍ້ວ່າ CCU, ຫມາຍເຖິງອຸປະກອນຂອງລະບົບກ້ອງໂທລະທັດ ປະກອບດ້ວຍວົງຈອນເອເລັກໂຕຣນິກເປັນສ່ວນຫລາຍ.
camera ready copy 	ຮູບ ຫລື ສິ່ງພິມພ້ອມທີ່ຈະພິມ.
campus area network 	ເຄືອຂ່າຍບໍລິເວນວິທະຍາເຂດ.
Can 	ກັບຢາງໃຊ້ສໍາລັບເກັບມ້ວນຟີມ ເພື່ອປ້ອງກັນຄວາມເສຍຫາຍ.
Cancel 	ຍົກເລີກ, ການຍົກເລີກການເຮັດວຽກເພື່ອກັບຫລັງ.
Capacity 	ຄວາມຈຸຂອງຊ່ອງສື່ສານ ຫລື ຈໍານວນຂອງຊ່ອງສື່ສານທີ່ສາມາດສົ່ງອອກໄປໄດ້ຕໍ່ຊ່ອງຫນ່ວຍເວລາຫນຶ່ງ.
Caps Lock 	ປຸ່ມໃນແປ້ນພິມ, ກົດເພື່ອປ້ອນອັກສອນໂຕໃຫຍ່ໂດຍບໍ່ຕ້ອງກົດປຸ່ມ shift ໄວ້ສໍາຫລັບພາສາລາຕິນ.
caps smart card 	ບັດຢາງທີ່ມີຊິບຄອມພິວເຕີຝັງຢູ່ໃນ, ເຊິ່ງໃນຊິບຈະມີຂໍ້ມູນຕ່າງໆຂອງເຈົ້າຂອງບັດ ແລະ ຂໍ້ມູນເອເລັກໂຕຣນິກທີ່ສໍາຄັນ ສໍາລັບຄວບຄຸມການໃຊ້ບັດເພື່ອການຊື້ຂ່າຍຕ່າງໆ.
Capstan 	ຫົວມົນທີ່ປິ່ນດ້ວຍມໍເຕີ ເຮັດຫນ້າທີ່ຄວບຄຸມຄວາມໄວຂອງແຖບແມ່ເຫລັກທີ່ແລ່ນຜ່ານຫົວສຽງໃນເຄື່ອງຫລິ້ນເທັບ.
captive audience 	ຫມາຍເຖິງກຸ່ມຂອງຜູ້ຮຽນທີ່ຮຽນຮູ້ຈາກລາຍການໂທລະທັດພາຍໃຕ້ການໃຫ້ຄໍາປຶກສາແນະນໍາ.
Card 	ຄາດ, ແຜ່ນວົງຈອນເອເລັກໂຕຣນິກໃຊ້ສຽບເຂົ້າໄປໃນຄອມພິວເຕີເພື່ອສາມາດຕິດຕໍ່ກັບ ອຸປະກອນພາຍນອກ.
Card bus 	ທາງເດີນຂອງຂໍ້ມູນແບບ 32 ບິດຂອງຄາດ PCMCIA.
cardioid 	ຮູບແບບການຮັບສຽງຂອງໄມໂຄຣໂຟນແບບຮູບຫົວໃຈ.
carousel 	ຖາດໃສ່ແຜ່ນຟີມສະໄລຊະນິດຫມູນໃນລວງນອນ.
carrier detect 	ສັນຍານທີ່ໂມເດັມໃຊ້ກວດຈັບສິ່ງທີ່ໂມເດັມຕົວອື່ນສົ່ງມາ.ເມື່ອໂມເດັມຕິດຕໍ່ກັນຜ່ານສາຍໂທລະສັບ ພວກມັນຈະສົ່ງສັນຍານ carrier ອອກໄປໃຫ້ກັນ, ເມື່ອໂມເດັມແຕ່ລະໂຕກວດຈັບສັນຍານ carrier ຂອງໂຕອື່ນໄດ້ແລ້ວ, ກໍ່ຈະສັ່ງ carrier detect ອອກມາເພື່ອເຮັດໃຫ້ຄອມພິວເຕີຮູ້ວ່າດຽວນີ້ກໍາລັງຕໍ່ກັບຄອມພິວເຕີເຄື່ອງອື່ນ.
carrier signal 	ສັນຍານຄື້ນພາ, ສັນຍານໃນການສື່ສານເຊິ່ງເປັນຄວາມຖີ່ທີ່ເລືອກໄວ້ໃຊ້ໃນການນໍາສົ່ງຂໍ້ມູນ ມັກໃຊ້ກັບການສົ່ງຂໍ້ມູນໃນໄລຍະໄກ. ຂໍ້ມູນຈະເຂົ້າໄປຢູ່ໃນສັນຍານຄື້ນພານີ້ດ້ວຍການເຮັດ modulation ແລະ ຜູ້ຮັບຂໍ້ມູນຈະແກ້ລະຫັດດ້ວຍການເຮັດ demodulation.
cartridge 	ຫລອດ ຫລື ກັບ ທີ່ເປັນສ່ວນຫນຶ່ງຂອງເຄື່ອງພິມທີ່ບັນຈຸແບບສໍາເລັດຮູບ ແລະ ຖອດປ່ຽນໄດ້. ສ່ວນຫລາຍຈະເປັນກັບຢາງ, ມີລາຄາແພງ. ຕົວຢ່າງໃນເຄື່ອງພິມເລເຊີຈະນໍາໃຊ້ເປັນກັບນໍ້າມຶກ toner cartridge ຫລື ກັບຟອນ font cartridge.
cascade 	ການຈັດລຽນປ່ອງຢ້ຽມຫລາຍໆປ່ອງໃນລະບົບ Windows ແບບຊ້ອນກັນໃຫ້ເປັນລະບຽບ.
cascaded windows 	ປ່ອງຢ້ຽມທີ່ມີລັກສະນະຄ້າຍກັບບັດຊ້ອນກັນ.
cascading menu 	ລາຍການທີ່ມີການຊ້ອນກັນຫລາຍອັນ.
case 	ໃນການຈັດຮູບແບບຂໍ້ຄວາມ ຫມາຍເຖິງຕົວອັກສອນທັງຕົວໃຫຍ່ ແລະ ຕົວນ້ອຍ. ໃນພາສາໂປຣແກຣມ ຫມາຍເຖິງຄໍາສັ່ງໃນຄອມພິວເຕີເລືອກເຮັດວຽກຈາກຕົວເລືອກຕັ້ງແຕ່ 2 ຕົວຂຶ້ນໄປ.
case sensitive 	ການຮູ້ຈໍາແນກໃນກໍລະນີຄວາມແຕກຕ່າງລະຫວ່າງອັກສອນຕົວໃຫຍ່ກັບຕົວນ້ອຍ, ໂປຣແກຣມ ຫລື ລະບົບງານບາງລະບົບຈະຈໍາແນກລະຫວ່າງ ອັກສອນຕົວໃຫຍ່ ແລະ ຕົວນ້ອຍ, ເຊັ່ນ ຍູນິກຈະນໍາໃຊ້ case sensitive ເຊັ່ນ ຄວາມຫມາຍຂອງຄໍາສັ່ງ date ແລະ DATE ຈະຖືວ່າເປັນ ຄໍາສັ່ງທີ່ຕ່າງກັນ.
cassette tape 	ມ້ວນເທບແຖບແມ່ເຫລັກ ທີ່ເກັບຂໍ້ມູນໄດ້.
Catalog 	ບັນຊີລາຍຊື່, ສາລະບານຟາຍ, ລາຍການຂອງຂໍ້ມູນເຊິ່ງຈັດໄວ້ເປັນລໍາດັບ.
Cathode 	ຂວັ້ນລົບ.
CBIOS 	ເບິ່ງ Compatibility Basic Input/output System.
CCIRN 	ຫຍໍ້ມາຈາກ Coordinating Committee for International Research Networks, ອົງການສາກົນສໍາລັບເຄືອຂ່າຍການຄົ້ນຄວ້າ-ວິໄຈ ໂດຍການເຊື່ອມຕໍ່ເຄືອຂ່າຍທີ່ມີຢູ່ແລ້ວເຂົ້ານໍາກັນ.
CCITT 	ຫຍໍ້ມາຈາກ Comit໙ Consultatif Internationale de T໙l໙phonie (International Telegraph and Telephone Consultative Committee), ເປັນອົງກອນກໍານົດມາດຕະຖານລະດັບນານາຊາດດ້ານໂທລະຄົມມະນາຄົມ.
CCITT V Series 	ຊຸດມາດຕະຖານຄໍາແນະນໍາຂອງ CCITT ເພື່ອໃຊ້ກັບການສື່ສານຂໍ້ມູນຜ່ານທາງສາຍໂທລະສັບເຊິ່ງລວມໄປເຖິງຄວາມໄວໃນການສົ່ງ ແລະ ພາວະການເຮັດວຽກ. ມາດຕະຖານທີ່ສະແດງໄວ້ໃນທີ່ນີ້ຈະເປັນມາດຕະຖານຂອງຄອມພິວເຕີເທົ່ານັ້ນ, ມາດຕະຖານແຕ່ລະຂໍ້ຈະມີຫມາຍເລກກໍາກັບ, ແຕ່ຈະບໍ່ຮຽງຕາມລໍາດັບກ່ອນຫລັງ ແລະ ຕົວເລກທີ່ຫລາຍກວ່າບໍ່ຈໍາເປັນຕ້ອງແມ່ນມາດຕະຖານໃຫມ່ສະເຫມີໄປ.
CCITT X Series 	ຊຸດມາດຕະຖານຄໍາແນະນໍາທີ່ CCITT ເປັນຜູ້ສະເຫນີກ່ຽວກັບໂປຣໂຕຄອນ ແລະ ອຸປະກອນມາດຕະຖານທີ່ໃຊ້ໃນເຄືອຂ່າຍຄອມພິວເຕີສາທາລະນະ ແລະ ສ່ວນບຸກຄົນ. ລວມໄປເຖິງຄວາມໄວໃນການສົ່ງຂໍ້ມູນ, ການຕິດຕໍ່ກັນລະຫວ່າງເຄືອຂ່າຍ ແລະ ການເຮັດວຽກຂອງຮາດແວ.
CCOM port 	ຊື່ອຸປະກອນໃນ DOS ທີ່ໃຊ້ສໍາລັບພອດສື່ສານແບບອະນຸກົມ. ໃນ DOS 3.3 ຂຶ້ນໄປມີພອດ COM ຢູ່ 4 ພອດໄດ້ແກ່ COM1 ເຖິງ COM4.
CD 	ຫຍໍ້ມາຈາກ Change Directory, ຄໍາສັ່ງໃນ DOS, Unix ແລະ OS/2 ທີ່ໃຊ້ປ່ຽນ ໄດເຣັກທໍຣີ.
CDDI 	ຫຍໍ້ມາຈາກ Copper Distributed Data Interface, ຮູບແບບຫນຶ່ງຂອງລະບົບ FDDI ທີ່ອອກແບບມາໃຊ້ກັບສາຍ STP ແລະ UTP. ເບິ່ງ FDDI
CDFS 	ຫຍໍ້ມາຈາກ CDROM File System, ລະບົບຟາຍຂອງ CDROM ໃນ Windows 95 ແລະ OS/2.
CD-I 	ຫຍໍ້ມາຈາກ Compact Disc Interactive, ຮູບແບບດິດມາດຕະຖານທັງ ຮາດແວ ແລະ ຊອບແວ ເຊິ່ງລວມຂໍ້ມູນຕົວຫນັງສື, ສຽງ, ພາບວີດີໂອ ແລະ ກຣາບຟິກເຄື່ອນໄຫວເຂົ້າໄວ້ນໍາກັນໄດ້. ນອກຈາກນີ້ຍັງລວມໄປເຖິງວິທີການເຂົ້າລະຫັດ ແລະ ຖອດລະຫັດຂໍ້ມູນທີ່ຫຍໍ້ຂະຫນາດໄວ້, ພ້ອມທັງການສະແດງຂໍ້ມູນດັ່ງກ່າວ.
CDMA 	ຫຍໍ້ມາຈາກ Code Division Multiple Access, ການໃຊ້ຊ່ອງສັນຍານຮ່ວມກັນແບບເຂົ້າລະຫັດ.
CDMA wide band 	ຊີດີເອັມເອ ຊະນິດແບນກວ້າງ.
CD-R 	ຫຍໍ້ມາຈາກ Compact Disc Recordable, ເປັນແຜ່ນຊີດີຊະນິດຫນຶ່ງທີ່ໃຊ້ສໍາລັບເກັບບັນທຶກຂໍ້ມູນ ໂດຍການຂຽນຂໍ້ມູນລົງໄປຜ່ານເຄື່ອງຂຽນຊີດີທີ່ເຮົາເອີ້ນກັນວ່າ CD Writer. ແຜ່ນ CD-R ສາມາດເກັບຂໍ້ມູນໄວ້ໄດ້ຫລາຍກວ່າ 500 ເມກະໄບ.
CD-RW 	ຫຍໍ້ມາຈາກ Compact Disc ReWritable, ເປັນແຜ່ນຊີດີຊະນິດຫນຶ່ງ ທີ່ສາມາດຂຽນ ແລະ ລຶບຂໍ້ມູນໃນແຜ່ນໄດ້ໂດຍເຄື່ອງຂຽນ. ແຜ່ນ CD-RW ນີ້ສາມາດໃຊ້ໃນການຂຽນແຜ່ນ CD-R ແລະ ໃຊ້ອ່ານແຜ່ນ CD-ROM ໄດ້ໂດຍແຜ່ນ CD-RW ຈະມີການສະທ້ອນແສງນ້ອຍກວ່າແຜ່ນ CD-ROM ແລະ CD-R.
CDSA 	ຫຍໍ້ມາຈາກ Common Data Security Architecture, ໂປຣແກຣມ interface ທີ່ຊ່ວຍໃຫ້ໂປຣແກຣມເມີພັດທະນາໂປຣແກຣມ ແລະ ເອີ້ນໃຊ້ຟັງຊັນທາງດ້ານການເຂົ້າລະຫັດໄດ້.
Cell 	ຫົວຫນ່ວຍນ້ອຍສຸດຂອງ spreadsheet, ສ່ວນຫລາຍຈະຢູ່ໃນຮູບແບບຂອງສ່ວນຕັດກັນຂອງແຖວ ແລະ ຖັນ, ໂດຍຈະມີຕົວອັກສອນ ແລະ ຕົວເລກກໍາກັບໃນແຕ່ລະ cell ໂດຍບໍ່ຊໍ້າກັນ. Cell ມັກໃຊ້ເກັບຂໍ້ຄວາມ, ຕົວເລກ ແລະ ສູດ. ພື້ນທີ່ໃຫ້ບໍລິການຂອງໂທລະສັບເຄື່ອງທີ່ລະບົບ cellular.
cellular telephone 	ລະບົບໂທລະສັບເຄື່ອນທີ່, ສື່ສານໂດຍສາຍອາກາດໃນແຕ່ລະ cell.
central antenna system 	ລະບົບສາຍອາກາດລວມສູນ ເປັນອຸປະກອນສໍາລັບ ຮັບສັນຍານວິທະຍຸກະຈາຍສຽງ ຫລື ໂທລະພາບ ແລະ ແຈກຢາຍໄປຍັງເຄື່ອງຮັບວິທະຍຸ ຫລື ໂທລະທັດ. ລະບົບສາຍອາກາດປະກອບດ້ວຍສາຍອາກາດ, ລະບົບແຈກຢາຍ ແລະ ເຄື່ອງຂະຫຍາຍສັນຍານ.
central office 	ສູນກາງໂທລະສັບ.
Central Processing Unit 	ຫນ່ວຍປະມວນຜົນກາງ, ໃຊ້ຄໍາຫຍໍ້ວ່າ CPU, ເປັນຊິບນ້ອຍໆໃນຄອມພິວເຕີ, ເຊິ່ງຖືວ່າເປັນສະຫມອງຂອງຄອມພິວເຕີ.
central processor 	ຕົວປະມວນຜົນກາງ.
Centronics parallel interface 	ມາດຕະຖານເຊື່ອມຕໍ່ໃນໂລກຂອງ ພີຊີ ຈະເຫັນວ່າມີສາຍແຜງ ທີ່ມີສາຍໄຟຟ້າຍ່ອຍທີ່ໃຊ້ເຊື່ອມຕໍ່ຢູ່ 36 ສາຍເພື່ອແລກປ່ຽນຂໍ້ມູນລະຫວ່າງເຄື່ອງພີຊີກັບອຸປະກອນປະກອບອື່ນໆ ເຊັ່ນ ເຄື່ອງພິມ. ມາດຕະຖານນີ້ພັດທະນາຂື້ນໂດຍບໍລິສັດ Centronics ຜູ້ຜະລິດເຄື່ອງພິມໂດຍກໍານົດໃຫ້ມີເສັ້ນທາງສົ່ງຂໍ້ມູນ 8 ເສັ້ນຂະຫນານກັນຮວມທັງເສັ້ນທາງອື່ນໆທີ່ໃຊ້ສົ່ງສະພາບ ແລະ ການຄວບຄຸມເຄື່ອງພິມ.
Centronics port 	ພອດຂະຫນານໃນຄອມພິວເຕີ, ໃຊ້ເພື່ອຕໍ່ຄອມພິວເຕີເຂົ້າກັບ ເຄື່ອງພິມແບບ Centronics.
CERT 	ຫຍໍ້ມາຈາກ Computer Emergency Response Team, ເປັນຫນ່ວຍງານຫນຶ່ງທີ່ໄດ້ຮັບທຶນສະຫນັບສະຫນູນ ຈາກກະຊວງປ້ອງກັນປະເທດຂອງສະຫະລັດອາເມລິກາ ເຮັດຫນ້າທີ່ຊ່ວຍເຫລືອຜູ້ໃຊ້ອິນເຕີເນັດ ທີ່ພົບບັນຫາດ້ານຄວາມປອດໄພ, ໂດຍຈະໃຫ້ຄຳປຶກສາດ່ວນ ຕະຫລອດ 24 ຊົ່ວໂມງ.
certainty factor 	ຄ່າຄວາມຈິງລະຫວ່າງ 0 ແລະ 1.
certificate authority 	ຜູ້ອອກໃບຮັບຮອງລາຍເຊັນດິຈີຕອນ, ອົງກອນ ຫລື ບໍລິສັດເຊິ່ງເຊື່ອຖືໄດ້ເຮັດຫນ້າທີ່ພິສູດວ່າຜູ້ໃຊ້ເປັນເຈົ້າຂອງແທ້ ຫລື ບໍ່.
certificate revocation list 	ລາຍຊື່ຂອງລະຫັດກະແຈເອເລັກໂຕຣນິກ ທີ່ຖືກຍົກເລີກການໃຊ້ວຽກເຊິ່ງທາງຜູ້ອອກໃບຮັບຮອງດິຈິຕອນຮວບຮວມເກັບໄວ້ເພື່ອກວດສອບການໃຊ້ລະຫັດດັ່ງກ່າວ. ເບິ່ງ Certificate authority
CGA 	ຫຍໍ້ມາຈາກ Color Graphics Adapter, ມາດຕະຖານສະແດງຜົນແບບສີຂອງ IBM ແລະ ເຄື່ອງພີຊີ IBM ລຸ້ນເກົ່າ. ມາດຕະຖານ CGA ນີ້ຈະສ້າງພາບທີ່ບໍ່ດີປານໃດເຊິ່ງເຮັດໃຫ້ປວດຕາ IBM ໄດ້ແນະນໍາອະແດັບເຕີລຸ້ນນີ້ໃນປີ 1981 ສາມາດສະແດງຜົນໃນປບບຕົວຫນັງສື ແລະ ພາບກຣາບຟິກໄດ້ຫລາຍແບບ.
CGI 	ຫຍໍ້ມາຈາກ Common Gateway Interface, ເປັນໂປຣໂຕຄອນທີ່ໃຊ້ໃນການສື່ສານລະຫວ່າງ ໂປຣແກຣມ ແລະ ຮູບແບບໃນເວັບໄຊ, ມັກຂຽນໂດຍໃຊ້ພາສາ C, PERL ແລະ ອື່ນໆ, ໂປຣໂຕຄອນທີ່ໃຊ້ໃນການຕິດຕໍ່ລະຫວ່າງບຣາວເຊີ, server ແລະ ໂປຣແກຣມ gateway ເປັນການ interface ລະຫວ່າງ server ແລະ ໂປຣແກຣມ gateway.
channel 	ຊ່ອງທາງ, ເສັ້ນທາງການເຊື່ອມຕໍ່ໃນເລື່ອງການສື່ສານທີ່ນໍາຂໍ້ມູນຈາກຜູ້ສົ່ງໄປຫາຜູ້ຮັບ ຫລື ອາດຈະຫມາຍເຖິງແຖບຄວາມຖີ່ທີ່ກໍານົດພາຍໃນຊ່ອງທາງສື່ສານ.
Channel Service Unit/Data Service Unit 	ໃຊ້ຄໍາຫຍໍ້ວ່າ CSU/DSU, ອຸປະກອນທີ່ເຊື່ອມຕໍ່ເຄືອຂ່າຍເຂົ້າກັບລະບົບດິຈິຕອນ. DSU ຈະເຮັດຫນ້າທີ່ເປັນຕົວແປງສັນຍານໃຫ້ຢູ່ໃນຮູບແບບທີ່ກໍານົດ, ສ່ວນ CSU ເຮັດຫນ້າທີ່ເຊື່ອມຕໍ່ເຂົ້າກັບສາຍສົ່ງ, ທັງ CSU ແລະ DSU ເປັນອຸປະກອນຊະນິດຕ່າງກັນ, ແຕ່ຈະໃຊ້ປະກອບເຂົ້າກັນ ຈິ່ງມີການຜະລິດອຸປະກອນທັງສອງລວມກັນໃຫ້ເປັນອຸປະກອນດຽວ.
channel spacing 	ລະຍະຫ່າງລະຫວ່າງຊ່ອງສັນຍານ.
Character 	ຕົວອັກສອນ, ຫມາຍເຖິງຕົວອັກສອນໃດໆທີ່ສາມາດຖືກປ້ອນເຂົ້າທາງແປ້ນພິມ ເຊັ່ນ ຕົວອັກສອນ, ຕົວເລກ ແລະ ສັນຍະລັກ $ @ _ ^ ~ ອື່ນໆ.
character code 	ລະຫັດຕົວອັກສອນ, ສັນຍະລັກທີ່ຮວບຮວມເຂົ້າໄວ້ເປັນຊຸດຕາມຂໍ້ຕົກລົງທີ່ຈະແທນສິ່ງໃດໆ, ສ່ວນຫລາຍຈະເປັນຕົວອັກສອນ, ຕົວເລກ ຫລື ຕົວອັກສອນຄວບຄຸມ. ຕາຕະລາງແອັດສະກີເປັນບ່ອນລວມລະຫັດຕົວອັກສອນ, ມາດຕະຖານ EBCDIC ທີ່ບໍ່ຄ່ອຍໄດ້ໃຊ້ກໍ່ເປັນອີກຕົວຢ່າງຫນື່ງ ເຊັ່ນ Wordperfect ໃຊ້ລະຫັດຕົວອັກສອນທີ່ປະສົມຢູ່ກັບ ຕົວອັກສອນປົກກະຕິ.
character mode 	ພາວະຕົວອັກສອນ, ມີຄວາມຫມາຍຄືກັບ alphanumeric mode ແລະ text mode.
character recognition 	ການຮູ້ຈໍາຕົວອັກສອນ, ວິທີການຮູ້ຈໍາຮູບແບບເອົາມາໃຊ້ເພື່ອເຮັດໃຫ້ຄອມພິວເຕີອ່ານຕົວຫນັງສືທີ່ພິມ ຫລື ຂຽນລົງເຈ້ຍໄດ້ອັດຕະໂນມັດ.
character set 	ລາຍຊື່ສັນຍະລັກທີ່ຈັດຫມວດຫມູ່ໄວ້ ເຊັ່ນ ລະຫັດແອັດສະກີ, ກຸ່ມຕົວອັກສອນ, ຕົວເລກ, ເຄື່ອງຫມາຍຄວບຄຸມ ແລະ ເຄື່ອງຫມາຍວັກຕອນ, ມາດຕະຖານທີ່ຄອມພິວເຕີໃຊ້ ເຊັ່ນ ASCII, extended ASCII character set ແລະ EBCDIC.
character string 	ຊຸດອັກສອນ.
chart 	ແຜ່ນພາບສະແດງຂໍ້ມູນໃນຮູບແບບກຣາບຟິກ, ຕາຕະລາງ ແລະ ອື່ນໆ.
chat 	ການສົນທະນາທາງອິນເຕີເນັດ, ການເວົ້າຜ່ານທາງເຄືອຂ່າຍເຊິ່ງໄດ້ຮັບຄວາມນິຍົມຫລາຍ, ເນື່ອງຈາກເປັນການສົນທະນາແບບທີ່ມີການໂຕ້ຕອບກັນໄດ້ທັນທີ.
chat room 	ຫ້ອງໂອ້ລົມໃນອິນເຕີເນັດ ເຊິ່ງໃຫ້ຜູ້ໃຊ້ສາມາດເຂົ້າໄປສົນທະນາກັນໄດ້.
CHDIR 	ເບິ່ງ ຄໍາສັ່ງ CD
cheapernet 	ເອີ້ນຊື່ສາຍທີ່ໃຊ້ໃນ Thin Ethernet, ເນື່ອງຈາກມີລາຄາຖືກກວ່າສາຍດັ່ງເດີມແບບຫນາ Thick Ethernet.
check by net 	ການເຊັນເຊັກຈ່າຍເງິນຜ່ານທາງເວັບ, ການຊື້ນສິນຄ້າໃນອິນເຕີເນັດໂດຍໃຊ້ວິທີຈ່າຍເປັນເຊັກແທນເງິນ ຫລື ບັດເຄຣດິດ.
check character 	ອັກສອນກວດສອບ.
checksum 	ຕົວເລກທີ່ຄໍານວນມາ ເພື່ອກວດສອບຄວາມຖືກຕ້ອງຂອງຂໍ້ມູນອີກເທື່ອຫນຶ່ງ. ໂດຍທົ່ວໄປຈະໃຊ້ເກັບຂໍ້ມູນທີ່ສົ່ງຜ່ານທາງໂມເດັມ, ຄອມພິວເຕີທີ່ສົ່ງຂໍ້ມູນມາຈະຄັດຕິດ checksum ຕໍ່ທ້າຍຂໍ້ມູນມານໍາ. ຄອມພິວເຕີທີ່ຮັບຂໍ້ມູນ ຈະຄໍານວນຄ່າ checksum ເອງ, ຖ້າທັງສອງຄ່າກົງກັນກໍ່ຖືວ່າຖືກຕ້ອງ ແຕ່ຖ້າບໍ່ກົງກັນຈະມີການສົ່ງຄືນໃຫມ່.
check bit 	ບິດກວດສອບ.
Chicklet Keyboard 	ແປ້ນພິມທີ່ປະກອບດ້ວຍປຸ່ມນ້ອຍໆຄ້າຍກັບຊິງໂງມຊີກະເລັດ, ປຸ່ມແບບຊີກະເລັດມັກຈະນ້ອຍຈົນບໍ່ສະດວກຕໍ່ການກົດ, ໄອບີເອັມໄດ້ພັດທະນາແປ້ນພິມແບບຊີກະເລັດທີ່ນິຍົມກັນຫລາຍເພື່ອໃຊ້ກັບເຄື່ອງໄອບີເອັມພີຊີຈູເນຍ. ແຕ່ໄອບີເອັມພີຊີຈູເນຍບໍ່ເປັນທີ່ດຶງດູດໃຈໃນວຽກທຸລະກິດ ຈຶ່ງເຮັດໃຫ້ສິ່ງແປກໃຫມ່ນີ້ບໍ່ປະສົບຜົນສໍາເລັດ.
child process 	ເປັນໂປຣແກຣມຄອມພິວເຕີ ທີ່ເຮັດວຽກໂດຍໂປຣແກຣມອື່ນເອີ້ນມາ, Wordperfect ຈະກວດສອບການສະກົດຄໍາໃນເອກະສານ, ຈະໄປເອີ້ນໂປຣແກຣມອື່ນມາເຮັດວຽກ ເຊັ່ນ ໂປຣແກຣມກວດຄໍາຜິດ. ດັ່ງນັ້ນ Wordperfect ຈຶ່ງເປັນໂປຣແກຣມແມ່ສ່ວນໂປຣແກຣມກວດສອບຄໍາຜິດເປັນລູກ.
chip 	ຊິບ, ວົງຈອນລວມເຊິ່ງເປັນແຜ່ນຊິລິຄອນຂະຫນາດນ້ອຍປະກອບໄປດ້ວຍວົງຈອນ ແລະ ອຸປະກອນເອເລັກໂຕຣນິກຫລາຍຢ່າງ.
CHKDSK 	ຄໍາສັ່ງໃນ DOS ຫລື OS/2 ທີ່ໃຊ້ກວດສອບ ຫລື ສ້ອມແປງສິ່ງຜິດປົກກະຕິທີ່ເກີດຂື້ນກັບ file allocation table (FAT) ຂອງດິດ ແລະ ສະແດງປະລິມານຄວາມສາມາດບັນຈຸຂອງດິດ, ຫນ່ວຍຄວາມຈໍາ, ພ້ອມທັງຄ່າອື່ນໆ.
CHMOD 	ຄໍາສັ່ງໃນຍູນິກສໍາລັບໃຊ້ໃນການປ່ຽນຄຸນສົມບັດຂອງຟາຍ.
chop 	ການຕັດຕໍ່ພາບໃຫ້ເລື່ອນແບບໄວທີ່ສຸດເທົ່າທີ່ເຄື່ອງສາມາດເຮັດໄດ້.
Chrominance 	ຄວາມແຈ້ງຂອງສີ, ຄວາມແຕກຕ່າງລະຫວ່າງສີໃນຈໍໂທລະທັດກັບສີທີ່ໃຊ້ປຽບທຽບທີ່ມີຄວາມເຂັ້ມເທົ່າກັນ.
CICS 	ຫຍໍ້ມາຈາກ Customer Information Control System, ເປັນໂປຣແກຣມສື່ສານຂໍ້ມູນ, ພັດທະນາຂື້ນມາເພື່ອໃຊ້ກັບເຄື່ອງ mainframes ຂອງ IBM.
cinch marks 	ຮອຍຂີດທີ່ເກີດຈາກການດຶງປາຍສຸດຂອງມ້ວນຟີມ.
cinema 	ສິລະປະເຕັກນິກການສ້າງພາບເຄື່ອນໄຫວ ຫລື ຮູບເງົາ.
cinemascope 	ຮູບເງົາຈໍກວ້າງ.
cinemicrography 	ຮູບເງົາຈຸລະທັດ, ເປັນການຜະລິກພາບເຄື່ອນໄຫວໂດຍການຖ່າຍທໍາຈາກພາບຂະຫຍາຍຂອງກ້ອງຈຸລະທັດ.
circuit 	ໃນການສື່ສານຂໍ້ມູນຫມາຍເຖິງຊ່ອງທາງ ຫລື ເສັ້ນທາງການສື່ສານ ລະຫວ່າງອຸປະກອນສື່ສານສອງຈຸດ ທີ່ປະກອບດ້ວຍຊ່ອງສັນຍານສົ່ງ ແລະ ຊ່ອງສັນຍານຮັບ. ວົງຈອນເອເລັກໂຕຣນິກ ຫມາຍເຖິງອຸປະກອນສ່ວນປະກອບຕ່າງໆ ທີ່ຕໍ່ເຂົ້ານໍາກັນເພື່ອເຮັດວຽກຢ່າງໃດຢ່າງຫນຶ່ງໂດຍສະເພາະ.
WORM 	 ຫຍໍ້ມາຈາກ Write Once Read Many, ໝາຍເຖິງແຜ່ນດິດທີ່ຂຽນໄດ້ໜຶ່ງຄັ້ງແຕ່ອ່ານໄດ້ຫຼາຍຄັ້ງ
WORM disk 	ຈານ/ແຜ່ນວອມ
wrap around 	ວົນຮອບ, ຍົກຄຳເພື່ອໄປແຖວໃໝ່
write 	ການຂຽນ, ການສົ່ງຂໍ້ມູນຈາກໂປຣເຊັດເຊີໄປຫາໜ່ວຍຄວາມຈຳ ຫຼື ໄປຫາໜ່ວຍເກັບຂໍ້ມູນ ເຊັ່ນ ຮາດດິດ, ຟະລັອບປີດິດ ແລະ ອື່ນໆ ຫຼື ໄປຫາສ່ວນສະແດງຜົນ
write error 	ຂໍ້ຜິດພາດທີ່ເກີດຂຶ້ນເວລາທີ່ບັນທຶກຂໍ້ມູນລົງໃນດິດ ເຊິ່ງເນື່ອງມາຈາກເກີດມີຮອຍເທິງແຜ່ນດິດ ຫຼື ພື້ນທີ່ໃນດິດບໍ່ພຽງພໍ ຫຼື ບັນທຶກລົງໃນດິດທີ່ມີການປ້ອງກັນຂຽນໄວ້
write protection 	ການປ້ອງກັນການຂຽນທັບ
validate 	 ມີເຫດຜົນ, ກວດສອບຄວາມສົມເຫດສົມຜົນ
validity check 	ການກວດສອບຄວາມສົມເຫດສົມຜົນ
Value Added Network 	ໃຊ້ຄຳຫຍໍ້ວ່າ VAN, ເຄືອຂ່າຍຄອມພິວເຕີ ທີ່ເປັນເຄືອຂ່າຍສະເພາະທີ່ເຊື່ອມຕໍ່ໃນການແລກປ່ຽນຂໍ້ມູນ ຫຼື ເຮັດທຸລະກິດລະຫວ່າງ ບໍລິສັດຄູ່ຄ້າ
Value Added Service 	ໃຊ້ຄຳຫຍໍ້ວ່າ VAS, ບໍລິການຄຸນຄ່າເພີ່ມ
value analysis 	ການວິເຄາະເຖິງຜົນກຳໄລທີ່ຈະໄດ້
value chain model 	ຮູບແບບທີ່ສະແດງເຖິງກິດຈະກຳຫຼັກໆ ທີ່ສ້າງຜົນກຳໄລຢ່າງສະໝ່ຳສະໝີ
value systems 	ລະບົບທີ່ປະກອບດ້ວຍ value chain model ລວມເຖິງຜູ້ຜະລິດ ຜູ້ຊື້ ແລະ ຜູ້ຈຳໜ່າຍ
variable 	ຕົວປ່ຽນ, ສັນຍາລັກທີ່ໃຊ້ແທນຄ່າຕົວເລກ ຫຼື ຕົວໜັງສືໃນໂປຣແກຣມການໃຊ້ຕົວປ່ຽນ ເຮັດໃຫ້ນັກຂຽນໂປຣແກຣມສາມາດແກ້ໄຂຄ່າຕ່າງໆຂອງຕົວປ່ຽນໄດ້ຢ່າງສະດວກ
VAS 	ເບິ່ງ Value Added Service
VCR 	ເບິ່ງ Video Cassette Recorder
vector dvice 	ອຸປະກອນຈັດການຮູບພາບທີ່ເປັນຊຸດຂອງເວັກເຕີ ເຊັ່ນ ພະລັອດເຕີ
vector graphics 	ພາບເວັກເຕີເຊິ່ງສາມາດຂະຫຍາຍ ຫຼື ຫຼຸດຂະໜາດໄດ້ໂດຍການສູນເສຍຄວາມລະອຽດ
verification 	ການກວດສອບ
verify 	ກວດສອບຄືນ, ການຢືນຢັນວ່າມີຄວາມຖືກຕ້ອງ
version 	ລຸ້ນຜະລິດຕະພັນທີ່ບອກເປັນຕົວເລກ
vertical 	ແຖວຕັ້ງ/ລວງຕັ້ງ, ຄວາມສຳພັນໃນແຖວຕັ້ງ, ສະເພາະເຈາະຈົງ, ການຈັດເຄິ່ງກາງຕາມລວງຕັ້ງ, ການເລື່ອນຂືຶ້ນລົງຕາມລວງຕັ້ງ
circuit board 	 ແຜ່ນພລາດສະຕິກທີ່ມີຮູຫລາຍໆຮູ ເພື່ອໃຫ້ສາມາດເຊື່ອມຕໍ່ ໄມໂຄຣຊິບ ແລະ ອຸປະກອນເອເລັກໂຕຣນິກອື່ນໆ ເຂົ້າກັນເປັນວົງຈອນ.
circuit breaker 	ອຸປະກອນຕັດການໄຫລຂອງກະແສໄຟຟ້າ ເວລາມີກະແສໄຟຟ້າໄຫລເກີນລະດັບ ຫລື ໄຟຟ້າລັດວົງຈອນ.
circuit switch 	ການສ້າງເສັ້ນທາງເຊື່ອມຕໍ່ຂອງເຄືອຂ່າຍໂທລະສັບ ທີ່ເຮັດໃຫ້ເກີດການເຊື່ອມໂຍງທາງໄຟຟ້າຢ່າງຕໍ່ເນື່ອງໃນຂະນະກໍາລັງສົນທະນາ ເຊັ່ນ PBX ເປັນ circuit switch network ຊະນິດຫນຶ່ງ.
circularity 	ການເຮັດວຽກຂອງໂປຣແກຣມຄອມພິວເຕີ ທີ່ຢູ່ໃນຮອບວຽນເຊິ່ງເປັນສາຍເຫດໃຫ້ຄອມພິວເຕີບໍ່ສາມາດເຮັດວຽກສໍາເລັດ.
circulation 	ຈໍານວນຫມູນວຽນ, ເປັນຈໍານວນສະເລ່ຍຂອງການຂະຫຍາຍ ຫລື ແຈກຢາຍຂໍ້ມູນຂ່າວສານຈາກຄົນຫນຶ່ງຫາອີກຄົນ ຫລື ຈາກບ່ອນຫນຶ່ງຫາອີກບ່ອນຫນຶ່ງໃນໄລຍະເວລາທີ່ແນ່ນອນ.
circumflex 	ສັນຍາລັກ " ^ ".
CISC 	ຫຍໍ້ມາຈາກ Complex Instruction Set Computing, ໄມໂຄຣໂປຣເຊັດເຊີປະເພດຫນຶ່ງທີ່ໃຊ້ຄໍາສັ່ງຊັບຊ້ອນແທນຄໍາສັ່ງທໍາມະດາ. ເຮັດໃຫ້ມີການໃຊ້ຄໍາສັ່ງໄດ້ຫລາຍກວ່າແບບ RISC (Reduced Instruction Set Computing). ໄມໂຄຣໂປຣເຊັດເຊີປະເພດ CISC ແມ່ນໄມໂຄຣໂປຣເຊັດເຊີຕະກູນ Intel x86 ໃຊ້ສະຖາປັດຕະຍະກໍາແບບ CISC Intel x86 ມີຄໍາສັ່ງຫລາຍຮ້ອຍຄໍາສັ່ງ, ແຕ່ລະຄໍາສັ່ງເຮັດແບບຊັບຊ້ອນເຊິ່ງແຕກຕ່າງກັບ RISC ເຊິ່ງມີຄໍາສັ່ງບໍ່ຫລາຍ.
class 	ຫມາຍເຖິງກຸ່ມ ຫລື ຫມວດຂອງ IP Address ເຊິ່ງສາມາດຈັດອອກເປັນ 3 ກຸ່ມຄື ກຸ່ມ A, ກຸ່ມ B ແລະ ກຸ່ມ C, ບວກກັບກຸ່ມພິເສດອີກ 2 ກຸ່ມຄື ກຸ່ມ D ແລະ ກຸ່ມ E.
Class A/Class B 	ເປັນການແບ່ງປະເພດຄອມພິວເຕີຂອງຫນ່ວຍງານ FCC (Federal Communications Commission) ເຊິ່ງ Class A ແມ່ນປະເພດທີ່ໃຊ້ສໍາລັບວຽກອຸດສາຫະກໍາ ແລະ Class B ແມ່ນປະເພດທີ່ໃຊ້ໃນເຮືອນ.
classification system 	ລະບົບການຈັດໂຄງຮ່າງຢ່າງເປັນລະບົບ ເພື່ອຈັດຫມວດຫມູ່ສິ່ງຂອງຕາມຊະນິດ ຫລື ຮູບແບບ.
clear 	ການຕັ້ງຄ່າໃຫ້ Flip Flop ຫລື ຫນ່ວຍຄວາມຈໍາມີຄ່າເປັນສູນ, ການຕັ້ງຄ່າໃຫ້ຫນ້າຈໍຄອມພິວເຕີວ່າງ, ການຕັ້ງຄ່າຕົວປ່ຽນໃຫ້ເປັນສູນໃນພາສາ Basic.
click 	ກົດປຸ່ມ, ການກົດ mouse ເພື່ອເລືອກຄໍາສັ່ງ.
clickable image 	ຮູບໃນຫນ້າ webpage, ເອກະສານ hypertext ກົດເພື່ອຂໍເບິ່ງຂໍ້ມູນ.
client application 	ໂປຣແກຣມນໍາໃຊ້ທີ່ໃຊ້ໃນວຽກງານຂອງຜູ້ໃຊ້ບໍລິການ ຫລື ລູກຂ່າຍ.
Client-server network 	ເປັນຮູບແບບຫນຶ່ງຂອງການເຮັດວຽກຮ່ວມກັນໃນເຄືອຂ່າຍ, ລະບົບ client-server ຈະປະກອບດ້ວຍຄອມພິວເຕີ 2 ປະເພດທີ່ເຮັດວຽກຮ່ວມກັນຄື ເຄື່ອງ client ເປັນເຄື່ອງຂໍບໍລິການຂໍ້ມູນຈາກເຄື່ອງອື່ນ ສ່ວນເຄື່ອງທີ່ໃຫ້ບໍລິການເອີ້ນວ່າເຄື່ອງ server.
clip art 	ຮູບພາບປະເພດຕ່າງໆທີ່ໄດ້ຮັບການອອກແບບ ແລະ ຈັດເກັບໄວ້ເພື່ອໃຫ້ນໍາໄປໃຊ້ວຽກໄດ້ທັນທີ.
clipboard 	ບໍລິເວນຊົ່ວຄາວສໍາລັບຈັດເກັບຂໍ້ຄວາມພາບ ຫລື ຂໍ້ມູນອື່ນໆ ທີ່ຜູ້ໃຊ້ເຮັດການ cut ຫລື copy ໄປໄວ້ໃຊ້ວຽກ, ພື້ນທີ່ຊົ່ວຄາວທີ່ເຄື່ອງ Macintosh, Windows ແລະ ໂປຣແກຣມ DOS ບາງໂປຣແກຣມໃຊ້ເກັບຂໍ້ຄວາມ ແລະ ພາບຫຍັງກໍ່ຕາມຈະໄປຢູ່ໃນ clipboard ທັນທີທີ່ຜູ້ໃຊ້ເລືອກຄໍາສັ່ງ cut ຫລື copy. ໂດຍສາມາດນໍາສິ່ງທີ່ຢູ່ clipboard ໄປໃຊ້ວຽກໃນໂປຣແກຣມດຽວກັນ ຫລື ຕ່າງກັນໄດ້ໂດຍໃຊ້ຄໍາສັ່ງ paste.
Clipper chip 	ຊິບພິເສດທີ່ໄດ້ຮັບອອກແບບໃຫ້ເຂົ້າລະຫັດ/ຖອດລະຫັດຂໍ້ມູນຕ່າງໆ.
clock 	ໂມງ, ວົງຈອນໃນຄອມພິວເຕີທີ່ເກັບວັນທີ ແລະ ເວລາເຊິ່ງຈະເຮັດວຽກຢູ່ຕະຫລອດເວລາ, ເຖິງແມ່ນວ່າຈະປິດເຄື່ອງແລ້ວກໍ່ຕາມ.
clock speed 	ຄວາມໄວຂອງສັນຍານໂມງ.
clock ticks 	ສັນຍານໂມງ, ຊ່ວງຫ່າງຂອງຄື້ນທີ່ກໍານົດຄວາມໄວຂອງຄອມພິວເຕີ, ການວັດແທກສັນຍານໂມງມີຫົວຫນ່ວຍເປັນເມກາເຮີດ. ຫນຶ່ງເມກາເຮີດເທົ່າກັບສັນຍານໂມງເຮັດວຽກ ຫນຶ່ງລ້ານຄັ້ງຕໍ່ວິນາທີ.
clocking 	1. ການຈັບເວລາ. 2. ການປະສານຈັງຫວະເວລາຂອງການສື່ສານຂໍ້ມູນ.
clone 	ສ້າງຂື້ນເພື່ອເຮັດຫນ້າທີ່ຄືກັບຕົ້ນສະບັບທຸກຢ່າງ.
clone to 	ເຄື່ອງມືທີ່ມີຢູ່ໃນໂປຣແກຣມຕົບແຕ່ງຮູບພາບ ໃຊ້ເພື່ອສໍາເນົາພື້ນທີ່ ທີ່ຕ້ອງການ.
close 	ປິດ, ຢຸດການເຮັດວຽກຂອງລະບົບງານພ້ອມທັງປິດປ່ອງຢ້ຽມອອກໄປຈາກຈໍພາບ.
close box 	ປຸ່ມປິດປ່ອງຢ້ຽມ.
closed architecture 	ສະຖາປັດຕິຍະກໍາແບບປິດ, ການອອກແບບທີ່ບໍ່ໃຫ້ຜູ້ໃຊ້ເພີ່ມເຕີມສິ່ງໃດໆ.
Closed Circuit Television 	ໂທລະທັດວົງຈອນປິດ, ໃຊ້ຄໍາຫຍໍ້ວ່າ CCTV. ການບໍລິການປະເພດຫນຶ່ງໃນລະບົບເຄືອຂ່າຍແລນແຖບຄວາມຖີ່ກວ້າງ.
closed loop system 	ລະບົບທີ່ມີການປ້ອນກັບຢູ່ໃນວົງຈອນລະບົບຄວບຄຸມ.
closed/open ended 	ປາຍປິດ/ປາຍເປີດ, 1. ຮູບເງົາຊະນິດປາຍປິດຈະຈົບສະຫລຸບໃນຕົວມັນເອງ. ຮູບເງົາຊະນິດປາຍເປີດຈະປ່ອຍໃຫ້ຜູ້ຊົມສ້າງຈີນຕະນາການເອົາເອງວ່າ ຈະຈົບແນວໃດ. 2. ຄໍາຖາມປາຍປິດຈະກໍາຈັດໃຫ້ຜູ້ຕອບໃຊ້ຄວາມຄິດເຫັນໃນວົງຈໍາກັດສ່ວນຄໍາຖາມປາຍເປີດຈະບໍ່ຈໍາກັດ.
closed/open system 	ລະບົບປິດ/ລະບົບເປີດ, ລະບົບປິດເປັນລະບົບທີ່ອອກແບບສະເພາະເຮັດໃຫ້ບໍ່ສາມາດເຊື່ອມຕໍ່ເຂົ້າກັບລະບົບ ຫລື ອຸປະກອນອື່ນໆໄດ້. ສ່ວນລະບົບເປີດເປັນລະບົບທີ່ມີການຕິດຕໍ່ເຂັ້າກັບລະບົບ ຫລື ອຸປະກອນອື່ນໆໄດ້ທັງຮາດແວ ແລະ ຊອບແວໂດຍ ບໍ່ໄດ້ຜູກຂາດກັບຜູ້ຜະລິດ.
cluster 	ກຸ່ມຂອງເຊັກເຕີເຊິ່ງເປັນເນື້ອທີ່ສໍາລັບຈັດເກັບຂໍ້ມູນໃນແຜ່ນດິດ.
CMOS 	ຫຍໍ້ມາຈາກ Complementary Metal-Oxide Semiconducter, ເປັນວົງຈອນລວມທີ່ໃຊ້ເກັບຂໍ້ມູນຂອງລະບົບ. ທີ່ໄດ້ຮັບການອອກແບບມາເປັນພິເສດ ໃຫ້ສາມາດເຮັດວຽກໄດ້ໄວ ແຕ່ໃຊ້ໄຟລ້ຽງຫນ້ອຍ.
CMOS RAM 	ຫນ່ວຍຄວາມຈໍາຊະນິດພິເສດສໍາລັບເກັບຂໍ້ມູນກ່ຽວກັບອຸປະກອນລວມທັງຫມົດຂອງເຄື່ອງຄອມພິວເຕີ.
CMYB 	ຫຍໍ້ມາຈາກ Cyan-Magenta-Yellow-Black, ສີທັງສີ່ນີ້ເປັນສີຫລັກເຊິ່ງສາມາດນໍາມາປະສົມໃຫ້ໄດ້ຫລາຍໆສີເພື່ອໃຊ້ໃນວຽກງານການພິມ.
CNIDR 	ຫຍໍ້ມາຈາກ Clearinghouse for Network Information Discovery and Retrieval, ອົງກອນດັ່ງກ່າວສະຫນັບສະຫນູນການວິໄຈ ແລະ ການຮ່ວມມືກ່ຽວກັບລະບົບບໍລິການຂ່າວສານໃນອິນເຕີເນັດ ເຊັ່ນ WAIS, Gopher, WWW ຫລື archie.
coach 	ເປັນເຄື່ອງມືທີ່ໃຫ້ຄວາມຊ່ວຍເຫລືອ ແລະ ແນະນໍາໃນ Wordperfect 6.0.
coated lens 	ເລນທີ່ຖືກເຄືອບຜີວເພື່ອຫລຸດຜ່ອນການສະທ້ອນຂອງແສງ.
coax 	ສາຍກາບ, ຫຍໍ້ມາຈາກ coaxial cable, ເປັນສາຍນໍາສັນຍານທີ່ໃຊ້ໃນລະບົບເຄືອຂ່າຍ.
COBOL 	ຫຍໍ້ມາຈາກ COmmon Business Oriented Language, ເຊິ່ງເປັນພາສາຄອມພິວເຕີທີ່ໃຊ້ໃນວຽກທຸລະກິດໃນເຄື່ອງ Mainframes ໃນສະໃຫມກ່ອນ.
co-channel interference 	ການລົບກວນກັບ ຫລື ການແຊກແຊງຂອງຫລາຍຊ່ອງສັນຍານ.
code page 	ຕາຕະລາງຂໍ້ມູນໃນ MS-DOS.
coder 	ຕົວເຂົ້າລະຫັດ, ຜູ້ເຂົ້າລະຫັດ.
coding 	1. ການຂຽນໂປຣແກຣມທີ່ໃຊ້ພາສາໂປຣແກຣມໂດນສະເພາະ ເຊັ່ນ ພາສາ C ຫລື ພາສາ Basic. 2. ການເຂົ້າລະຫັດ.
cognition 	ການຮັບຮູ້ຈາກການຮຽນຮູ້, ການຮັບຮູ້, ຄວາມເຂົ້າໃຈ.
cold boot 	ຂະບວນການເລີ່ມໃຊ້ວຽກຄອມພິວເຕີເມື່ອເປີດເຄື່ອງຄອມພິວເຕີ ພາຍຫລັງການປິດໄປແລ້ວ.
collate 	ການໃສ່ເລກຫມາຍຂອງຫນ້າເອກະສານກ່ອນຈະເຂົ້າເປັນເຫລັ້ມ.
collection 	ການເກັບຮວບຮວມ, ເຊັ່ນການຮວບຮວມຜົນງານຫລາຍໆອັນມາລວມເປັນອັນດຽວ.
collector 	ຂວັ້ນຂອງທຣານຊິດສະເຕີແບບໄບໂພລາ.
colleting sequence 	ລໍາດັບຂອງສັນຍະລັກຕ່າງໆ.
collision 	ການຕໍາກັນຂອງຂໍ້ມູນ, ຫມາຍເຖິງຕໍາກັນຂອງຂໍ້ມູນເນື່ອງຈາກການສົ່ງຂໍ້ມູນ ຂອງສອງຈຸດໃນຈັງຫວະເວລາ ແລະ ຊ່ອງທາງດຽວກັນ.
color foil 	ອຸປະກອນທີ່ໃຊ້ປະສົມສີ.
color monitor 	ຈໍພາບສີ.
color saturation 	ຄວາມອີ່ມຕົວຂອງຈໍານວນຄວາມເຂັ້ມຂອງສີ ໂດຍເລີ່ມສະແດງຈາກສີຂາວ.
color/gray map 	ເຄື່ອງມືໃນໂປຣແກຣມຕົບແຕ່ງຮູບພາບ.
column move 	ການຍ້າຍຂໍ້ມູນເປັນຖັນໄປທາງຊ້າຍ ຫລື ຂວາ.
columns 	ຊຸດຂໍ້ມູນທີ່ຈັດຢູ່ແບບແນວຕັ້ງ.
COM 	ເປັນນາມສະກຸນຂອງຟາຍຂໍ້ມູນ, ເປັນຟາຍຂໍ້ມູນປະເພດໂປຣແກຣມ.
COM1, COM2 	ພອດແບບລໍາດັບ 2 ພອດໃນເຄື່ອງຄອມພິວເຕີ.
combine 	ລວມກັນ, ປະສົມເຂົ້າກັນ.
COMMAG 	ຫຍໍ້ມາຈາກ COMbined MAGnetic Sound, ແຖບສຽງແມ່ເຫລັກຕິດເທິງຟີມ, ປົກກະຕິຈະມີຮູບຢູ່ນໍາ.
command 	ຄໍາສັ່ງ, ເປັນຄໍາສັ່ງໃຊ້ຄວບຄຸມການເຮັດວຽກຂອງຄອມພິວເຕີ.
command button 	ປຸ່ມຄໍາສັ່ງໃນ window ສາມາດເລືອກໃຊ້ໂດຍການກົດ
command driven program 	ໂປຣແກຣມຄອມພິວເຕີທີ່ຖືກຄວບຄຸມໂດຍຄໍາສັ່ງ.
command key 	ປຸ່ມຄໍາສັ່ງໃນແປ້ນພິມ.
command line 	ແຖວຄໍາສັ່ງ, ຮູບແບບຄໍາສັ່ງທີ່ຂຽນເປັນແຖວ.
COMMAND.COM 	ຊື່ຟາຍໃນລະບົບປະຕິບັດການ DOS ທີ່ໃຊ້ເກັບຄໍາສັ່ງຂອງ DOS.
Comment 	ຄໍາອະທິບາຍ, ໃຊ້ໃນການຂຽນໂປຣແກຣມຄອມພິວເຕີ ເພື່ອເຕືອນຄວາມຈໍາ ຫລື ໃຊ້ຫມາຍພາກສ່ວນໃດຫນຶ່ງຂອງໂປຣແກຣມເພື່ອບໍ່ໃຫ້ຄໍາສັ່ງເຫລົ່ານັ້ນເຮັດວຽກ.
commentary 	ການບັນລະຍາຍ, ຂໍ້ຄິດເຫັນ ຫລື ຄໍາວິຈານ.
Commercial Internet Exchange 	ໃຊ້ຄໍາຫຍໍ້ວ່າ CIE, ສະມະຄົມທີ່ໃຫ້ບໍລິການເຊື່ອມຕໍ່ເຂົ້າອິນເຕີເນັດເພື່ອການຄ້າ.
common channel signaling 	ສັນຍານທີ່ໃຊ້ໃນຊ່ອງສັນຍານຮ່ວມ.
common logarithm 	ເລກໂລກາຣິດຖານທົ່ວໄປ ທີ່ນິຍົມໃຊ້ເຊັ່ນ: ໂລກາຣິດຖານສິບ.
common user access 	ຊຸດຄໍາແນະນໍາທີ່ໄອບີເອັມພັດທະນາຂື້ນມາເພື່ອສ້າງມາດຕະຖານຮູບແບບການຕິດຕໍ່ກັບຜູ້ໃຊ້ໂປຣແກຣມຄອມພິວເຕີ, ມາດຕະຖານທີ່ IBM ພະຍາຍາມກໍານົດແນວທາງທີ່ຄອມພິວເຕີຕິດຕໍ່ກັບຜູ້ໃຊ້.
communication 	ການສື່ສານ.
communication band 	ແຖບຄວາມຖີ່ໃນການສື່ສານ.
communication circuit 	ວົງຈອນການສື່ສານ.
communication link 	ສາຍເຊື່ອມໂຍງການສື່ສານ.
communication satellite 	ດາວທຽມໃຊ້ສໍາຫລັບການສື່ສານ.
communication skills 	ທັກສະການສື່ສານ, ຄວາມສາມາດໃນການຖ່າຍທອດຂໍ້ມູນຂ່າວສານໄດ້ໂດຍຄໍາເວົ້າ ຫລື ການຂຽນຮູບພາບ.
communications modem server 	ຄອມພິວເຕີໃນເຄືອຂ່າຍທີ່ມີໂມເດັມຕໍ່ຢູ່ຕັ້ງແຕ່ 1 ຕົວຂື້ນໄປເພື່ອໃຫ້ຜູ້ໃຊ້ເຄືອຂ່າຍໃຊ້ ໂມເດັມຮ່ວມກັນໄດ້ເພື່ອຕໍ່ອອກໄປພາຍນອກ.
communications parameters 	ຄ່າທີ່ກໍານົດໃຫ້ຄອມພິວເຕີໃຊ້ເພື່ອໃຫ້ຕິດຕໍ່ສື່ສານກັນໄດ້ສໍາເລັດ ເຊັ່ນ ການສື່ສານແບບບໍ່ປະສານຈັ່ງຫວະ. ເຄື່ອງພີຊີສອງເຄື່ອງຕ້ອງການຕິດຕໍ່ກັນຜ່ານທາງໂມເດັມ ດັ່ງນັ້ນຈິ່ງຕ້ອງມີການກໍານົດຄ່າຕ່າງໆ ເຊັ່ນ ອັດຕາບອດ, ຈໍານວນບິດຂອງຂໍ້ມູນ, ແລະ ຄ່າອື່ນໆໃຫ້ຖືກຕ້ອງ.
communications protocol 	ໂປຣໂຕຄອນສື່ສານ, ມາດຕະຖານການຕິດຕໍ່ສື່ສານລະຫວ່າງຄອມພິວເຕີນໍາກັນ.
Community Antenna Television 	ໃຊ້ຄໍາຫຍໍ້ວ່າ CATV, ລະບົບການແຈກຢາຍສັນຍານໂທລະທັດໂດຍໃຊ້ສາຍອາກາດຮັບສັນຍານຈາກການແຜ່ກະຈາຍຄື້ນປົກກະຕິ ແລະ ຖ່າຍທອດສັນຍານໄປຫາສະມາຊິກໃນພື້ນທີ່ສະເພາະ.
community development 	ການພັດທະນາຊຸມຊົນ.
community education 	ການສຶກສາຊຸມຊົນ.
community viewing 	ການຮັບເບິ່ງ ຫລື ການຮັບຟັງຂອງປະຊາຊົນໃນພື້ນທີ່ສະເພາະ.
Compaq computer corporation 	ບໍລິສັດ Compaq ເປັນຜູ້ຜະລິດຄອມພິວເຕີທີ່ໃຫຍ່ ກໍ່ຕັ້ງຂື້ນເມື່ອ 1982 ໂດຍ Rod Canion, Bill Murto ແລະ Jim Harris. ສໍານັກງານໃຫຍ່ຢູ່ໃນ Houston, Texas.
compander 	ອຸປະກອນບີບອັດສັນຍານ.
comparative analysis 	ການວິເຄາະໂດຍການປຽບທຽບ ເຊິ່ງເປັນການພັດທະນາການຈັດຈໍາພວກ ແລະ ການວິເຄາະຂອງຫລາຍໆລະບົບເພື່ອປະເມີນຫາຄວາມຄ້າຍຄື ແລະ ຄວາມທີ່ແຕກຕ່າງທີ່ຊັດເຈນ.
compatibility 	ຄວາມສາມາດເຂົ້າກັນໄດ້ ຫລື ແທນກັນໄດ້, ເຊັ່ນ: ຜະລິດຕະພັນຂອງບໍລິສັດຫນຶ່ງສາມາດໃຊ້ແທນ ຫລື ໃຊ້ຮ່ວມກັບຜະລິດຕະພັນຂອງບໍລິສັດອື່ນ.
Compatibility Basic Input/Output System 	ໃຊ້ຄໍາຫຍໍ້ວ່າ CBIOS, ຫມາຍເຖິງ routine ໃຫ້ບໍລິການທີ່ຢູ່ໃນຄອມພິວເຕີຊຸດ PS/2 ທີ່ເປັນສະຖາປັດຕະຍະກໍາແບບ micro channel, ໂດຍທົ່ວໄປຈະຖືວ່າລວມເອົາສິ່ງທີ່ມີໃນໄອບີເອັມພີຊີໄບອັອດເຂົ້າໄວ້ນໍາ.
compile 	ຄອມພາຍ, ການແປງໂປຣແກຣມທີ່ຂຽນໂດຍພາສາລະດັບສູງ ເຊັ່ນ ພາສາ C, Basic, Pascal ໄປເປັນພາສາຄອມພິວເຕີເຂົ້າໃຈໄດ້.
compile time error 	ການເກີດຂໍ້ມູນຜິດພາດໃນໂປຣແກຣມຄອມພິວເຕີ ໃນຂະນະແປງໂປຣແກຣມໄປເປັນພາສາເຄື່ອງ.
compiler 	ຄອມພາຍເລີ, ໂປຣແກຣມພິເສດເຊິ່ງມີຫນ້າທີ່ແປງໂປຣແກຣມທີ່ຂຽນດ້ວຍໂປຣແກຣມພາສາລະດັບສູງເຊັ່ນ ພາສາ C, Basic, Pascal ແລະ ອື່ນໆ ໄປເປັນໂປຣແກຣມພາສາເຄື່ອງທີ່ຄອມພິວເຕີສາມາດເຂົ້າໃຈໄດ້.ຄອມພາຍເລີຈະແປງໂປຣແກຣມທັງຫມົດ ເປັນພາສາເຄື່ອງພ້ອມກັບກວດສອບໄວຍາກອນ ແລະ ສົ່ງຂໍ້ຄວາມບອກຂໍ້ຜິດພາດ ຫລື ຄໍາເຕືອນຕາມຄວາມເຫມາະສົມ. ເມື່ອຂະບວນການນີ້ສໍາເລັດສົມບູນເທົ່ານັ້ນ, ໂປຣແກຣມຈຶ່ງຈະເຮັດວຽກໄດ້.
Complement 	ວິທີການປ່ຽນເລກຕິດລົບໃນລະບົບເລກຖານສອງ.
completion test 	ການທົດສອບບໍລິບູນ.
complex number 	ຈໍານວນສົນ.
Components 	ສ່ວນຕ່າງໆທີ່ປະກອບຂື້ນເປັນລະບົບ.
composite video waveform 	ຮູບແບບຄື້ນວີດີໂອປະກອບລວມ, ສັນຍານທີ່ເກີດຈາກການຖ່າຍທໍາໂທລະພາບ ຫລື ເທັບໂທລະພາບທີ່ບໍ່ມີຄື້ນພາ ຫລື ຄື້ນກະຈາຍສຽງ ສາມາດຮັບໄດ້ໂດຍເຄື່ອງຮັບໂທລະທັດ.
compressed SLIP 	ໂປຣໂຕຄອນ SLIP ເຊິ່ງມີການບີບອັດຂໍ້ມູນ. ເບິ່ງ SLIP.
vertical application 	 ໂປຣແກຣມສະເພາະດ້ານ, ໂປຣແກຣມ ລະບົບງານ ເຊິ່ງສ້າງຂຶ້ນມາໃຊ້ກັບວຽກຢ່າງໃດຢ່າງໜຶ່ງ
Vertical interval 	ໄລຍະຕາມທາງຕັ້ງ
vertical scroll bar 	ແຖບເລື່ອນທາງຕັ້ງ, ແຖບທີ່ຢູ່ດ້ານຂວາຂອງຊ່ອງປ່ອງຢ້ຽມໃນລະບົບງານແບບກຣາບຟິກເມື່ອໃຊ້ mouse ກົດໃສ່ແຖບເລື່ອນ ຫຼື ປຸ່ມລູກສອນເຮົາຈະສາມາດເລື່ອນສິ່ງທີ່ຢູ່ໃນປ່ອງຢ້ຽມຂຶ້ນ ຫຼື ລົງໄດ້ຕາມຕ້ອງການ
very high speed backbone network service 	ເຄືອຂ່າຍຫຼັກທີ່ມີຄວາມໄວສູງໃນອິນເຕີເນັດ
Very large Scale Integration 	ໃຊ້ຄຳຫຍໍ້ວ່າ VLSI, ວົງຈອນລວມທີ່ມີຄວາມຈຸສູງຫຼາຍ
Very Small Aperture Terminal 	ໃຊ້ຄຳຫຍໍ້ວ່າ VSAT, ລະບົບຮັບສົ່ງສັນຍານດາວທຽມທີ່ໃຊ້ຈານຮັບຂະ ໜາດນ້ອຍ
VFH 	ຫຍໍ້ມາຈາກ Very High Frequency, ຄວາມຖີ່ສູງຫຼາຍ
video 	ວິດີໂອ, ຄຳນີ້ໃຊ້ອະທິບາຍການເຮັດວຽກຂອງພາບເຄື່ອນໄຫວ ຫຼື ຮູບເງົາທົ່ວໆໄປ
video adapter 	ແຜ່ນວົງຈນອເພີ່ມເຕີມທີ່ສຽບເຂົ້າໄປໃນຊ່ອງສຽບເພີ່ມ ໃນຄອມພິວເຕີ ເຊັ່ນ VGA, EGA, CGA ແລະ ອື່ນໆ
video board 	ແຜ່ນວົງຈອນພາບກຣາບຟິກ
Video Cassette Recorder 	ໃຊ້ຄຳຫຍໍ້ວ່າ VCR, ເຄື່ອງບັນທຶກວິດີໂອແບບມ້ວນເທັບ
video chat 	ການສື່ສານພາບ ແລະ ສຽງ ຜ່ານເຄືອຂ່າຍອິນເຕີເນັດໂຕ້ຕອບກັນແບບທັນທີ ເຊິ່ງຕ້ອງໃຊ້ ຊອບແວ, ຊາວຄາວ, ໄມໂຄໂຟນ ແລະ ລຳໂພງ
video conference 	 ການປະຊຸມທາງໄກ, ເປັນການປະຊຸມໂດຍທີ່ຜູ້ເຂົ້າຮ່ວມປະຊຸມບໍ່ຈຳເປັນຕ້ອງຢູ່ຮ່ວມກັນໃນທີ່ນັ້ນ ໂດຍຈະໃຊ້ເຄືອຂ່າຍໃນການຖ່າຍທອດພາບ ແລະ ສຽງ ເຊິ່ງຕ້ອງມີອຸປະກອນໃນາການຖ່າຍທອດສັນຍານພາບໃນຮູບຂອງກ້ອງ ແລະ ອຸປະກອນຖ່າຍທອດສຽງເພື່ອສົ່ງອອກໄປຫາຈຸດໜຶ່ງ
video idsplay unit 	ຈໍພາບ
video format 	ຮູບແບບຂອງວິດີໂອ ຫຼື ເປັນຂໍ້ພິຈາລະນາທາງມາດຕະຖານເຕັກນິກ ເຊິ່ງກຳນົດການອອກອາກາດ, ການຮັບສັນຍານ, ການບັນທຶກ ຫຼື ຄຸນນະພາບ ຫຼື ຄວາມສາມາດໃຊ້ວຽກຮ່ວມກັບເຄື່ອງອື່ນ
video frequency 	ຄວາມຖີ່ຂອງວິດີໂອ, ຍ່ານຄວາມຖີ່ຂອງສັນຍານ ຫຼື ສ່ວນປະກອບຂອງ spectrum ຂອງພາບ
video mail 	ຄວາມສາມາດທີ່ສົ່ງຮູບພາບ ແລະ ເອກະສານຕ່າງໆ
video memory 	ສ່ວນພິເສດຂອງແຣມ ທີ່ຄອມພິວເຕີໃຊ້ເກັບພາບທີ່ສະແດງໃນຈໍພາບ.
video mode 	ເປັນພາບ, ແບບຮູບພາບ
video on demand 	ລະບົບການໃຫ້ບໍລິການວິດີໂອຕາມການຮ້ອງຂໍຂອງຜູ້ໃຊ້ບໍລິການ
video signal 	ສັນຍານພາບ
video synthesis 	ການສັງເຄາະພາບ
video teleconferencing 	ການປະຊຸມທາງໄກທີ່ສາມາດສະແດງຮູບພາບຂອງຜູ້ເຂົ້າຮ່ວມປະຊຸມ
video disc 	ແຜ່ນດິດວິດີໂອ, ແຜ່ນທີ່ມີລັກສະນະມັນເພື່ອໃຊ້ບັນທຶກສັນຍານ ພາບ/ສຽງ ແລະ ຈະຕ້ອງໃຊ້ຫຼິ້ນກັບເຄື່ອງຫຼິ້ນສະເພາະຂອງມັນ
video phone 	ໂທລະສັບພາບ, ລະບົບການສື່ສານທີ່ສາມາດໄດ້ຍິນສຽງ ແລະ ເບິ່ງເຫັນພາບນຳ ເປັນການລວມລະຫວ່າງໂທລະສັບກັບໂທລະທັດໄວ້ນຳກັນ
videotape 	ເທັບວິດີໂອ, ແຖບແມ່ເຫຼັກທີ່ໃຊ້ບັນທຶກສັນຍານວິດີໂອ ແລະ ສັນຍານສຽງ
Videotape Recorder 	ໃຊ້ຄຳຫຍໍ້ວ່າ VTR, ເຄື່ອງບັນທຶກວິດີໂອ, ເປັນອຸປະກອນສຳລັບຫຼິ້ນ/ບັນທຶກສັນຍານພາບ ແລະ ສຽງຈາກແຖບແມ່ເຫຼັກ
videotex 	 ລະບົບຂໍ້ມູນ, ກຣາບຟິກ, ຕົວເລກ ຫຼື ຕົວອັກສອນທີ່ສົ່ງເຂົ້າມາຍັງຄອມພິວເຕີ ຫຼື ໂທລະທັດຜ່ານທາງສາຍສັນຍານ
view 	ການເບິ່ງ, ການເຫັນ, ທິວທັດ, ທັດສະນິຍະພາບ
View data 	ຊື່ເກົ່າຂອງລະບົບເຄືອຂ່າຍຂໍ້ມູນຂ່າວສານຂອງປະເທດອັງກິດ
virtual 	ເໝືອນຕົວຈິງ/ຄ້າຍຄື, ໃຊ້ອ້າງເຖິງສິ່ງທີ່ຈຳລອງຂຶ້ນ ຫຼື ສ້າງຂຶ້ນມາເພື່ອໃຫ້ ເໝືອນກັບພາບຈິງ
virtual circuit 	ວົງຈອນເຊື່ອມຕໍ່ແບບຄ້າຍຄື, ວົງຈອນເຊື່ອມຕໍ່ເຄືຂ່າຍການສື່ສານແບບແພັກເກັດສະວິດ ທີ່ຜູ້ໃຊ້ຫຼາຍຄົນຮ່ວມໃຊ້ເສັ້ນທາງ ໂດຍບໍ່ມີໃຜເປັນເຈົ້າຂອງເສັ້ນທາງຢ່າງແທ້ຈິງ
virtual communities 	ການເຄື່ອນໄຫວທາງສັງຄົມໃນເຄືອຂ່າຍ
virtual cooperation 	ການລວມຕົວກັນຂອງບໍລິສັດຕ່າງໆໃນອິນເຕີເນັດ
virtual disk 	ດິດຄ້າຍຄື/ດິດຈຳລອງ, ດິດທີ່ເຮັດໃຫ້ເຊື່ອວ່າມີແຕ່ຄວາມຈິງບໍ່ມີ, ທີ່ຈິງແລ້ວດິດຄ້າຍຄືແມ່ນຄຳທີ່ໃຊ້ເອີ້ນແຣມດິດ ເຊິ່ງເປັນການສ້າງດິດຈາກໜ່ວຍຄວາມຈຳຂອງຄອມພິວເຕີ
virtual LAN 	ເຄືອຂ່າຍແບບຄ້າຍຄື
virtual machine 	ເຄື່ອງຄ້າຍຄື/ເຄື່ອງແບບຈຳລອງ, ໝາຍເຖິງເຄື່ອງຄອມພິວເຕີເຄື່ອງໜຶ່ງທີ່ຖືກຈຳລອງຂຶ້ນມາດ້ວຍຊອບແວ ເຊັ່ນ ກຸ່ມວິສະວະກອນສ້າງຄອມພິວເຕີໃໝ່ຂຶ້ນມາໃນເຄື່ອງ Mainframes ຂະໜາດໃຫຍ່ ແລະ ເຮັດການທົດສອບເພື່ອເບິ່ງປະສິດທິພາບຂອງຄອມພິວເຕີ
virtual memory 	ໜ່ວຍຄວາມຈຳຄ້າຍຄື, ໝາຍເຖິງການໃຊ້ເນື້ອທີ່ວ່າງໃນດິດ ທີ່ຈຳລອງເປັນແຣມ
Virtual Private Network 	ໃຊ້ຄຳຫຍໍ້ວ່າ VPN, ເຄືອຂ່າຍຄອມພິວເຕີທີ່ບໍລິສັດສ້າງຂຶ້ນມາເປັນຂອງຕົນເອງ
virtual reality 	 ສະພາບຄ້າຍຄືແທ້, ສະພາວະຄ້າຍຕົວຈິງໃຊ້ອະທິບາຍເຖິງໂລກໃໝ່ ແຫ່ງເຕັກໂນໂລຊີຄອມພິວເຕີ ທີ່ສ້າງພາບຈຳລອງແບບຫຼາຍມິຕິໃຫ້ກັບຜູ້ໃຊ້, ຜູ້ໃຊ້ມັກຈະເຂົ້າໄປຢູ່ໃນສະພາວະແບບນັ້ນແທ້ໆ ຫຼື ຢູ່ໃນນັ້ນໄດ້ ໂດຍມີເຄື່ອງມືເຄື່ອງໃຊ້ ເຊັ່ນ ໝວກ, ແວ່ນຕາ, ຖົງມື ແລະ ສາຍແອວ ເປັນຕົ້ນ
virtual terminal 	 ຊອບແວຈຳລອງ terminal, ຊອບແວທີ່ໃຊ້ໃນພີຊີ ແລະ ເຮັດໜ້າທີ່ຈຳລອງພີຊີໃຫ້ເປັນ terminal ຂອງເຄື່ອງ Mainframes ຫຼື ຄອມພິວເຕີທີ່ສູນບໍລິການ
virtual wallet software 	ໂປຣແກຣມສຳລັບເກັບເງິນເອເລັກໂຕຣນິກ
virus 	ໄວຣັດ, ໂປຣແກຣມອັນຕະລາຍທີ່ສ້າງໂດຍບຸກຄົນບໍ່ຫວັງດີ, ສາມາດທຳລາຍທຸກສິ່ງໃນລະບົບຂອງຜູ້ໃຊ້ຄົນອື່ນໂດຍບໍ່ຮູ້ ຫຼື ບໍ່ໄດ້ຮັບອະນຸຍາດ
virus protection 	ການປ້ອງກັນໄວຣັດ
virus protection software 	ໂປຣແກຣມປ້ອງກັນໄວຣັດ
visual aids 	ອຸປະກອນຊ່ວຍໃນການສື່ຄວາມໝາຍ ເຊິ່ງໃຊ້ຄວາມຮູ້ສຶກດ້ວຍການເບິ່ງ
Visual Basic 	ພາສາເບສິກສະເພາະຂອງໄມໂຄຣຊອບ ທີ່ໃຫ້ຜູ້ສ້າງໂປຣແກຣມດ້ວຍການແຕ້ມ ສ່ວນໂຕ້ຕອບກັບຜູ້ໃຊ້ໃນຈໍພາບ ເຊັ່ນ ເມນູ, ຂອບສົນທະນາ ເປັນຕົ້ນ
visual display 	ການສະແດງຜົນໃນເຄື່ອງປາຍທາງໃນຮູບຂອງຂໍ້ມູນຕົວອັກສອນ, ຕົວເລກ ແລະ ກຣາບຟິກ
visual display unit 	ເຄື່ອງຮັບ/ສົ່ງປາຍທາງຂອງຄອມພິວເຕີເພື່ອສະແດງຜົນຂໍ້ມູນເພື່ອການເບິ່ງເຫັນໂດຍໃຊ້ຫຼອດ CRT
Visual Interactive Modeling 	ໃຊ້ຄຳຫຍໍ້ວ່າ VIM, ແບບຈຳລອງສະຖານະການບັນຫາ ເຊິ່ງຜູ້ໃຊ້ສາມາດຕິດຕໍ່ກັບລະບົບ ແລະ ມີການສະແດງຜົນກະທົບ ທີ່ເກີດຂຶ້ນອອກມາ
Visual Interactive Simulation 	 ໃຊ້ຄຳຫຍໍ້ວ່າ VIS, ການໃຊ້ແບບຈຳລອງບັນຫາເປັນເຄື່ອງມືໃນການແກ້ບັນຫາ
visual programming 	ວິທີການສ້າງຊອບແວໂດຍໃຊ້ Graphical User Interface (ເບິ່ງ Graphical User Interface)
visual recognition 	ຄວາມສາມາດທີ່ຄອມພິວເຕີສາມາດເຂົ້າໃຈ ແລະ ຈື່ຈຳຮູບພາບທີ່ເຫັນ
visuals 	ສິ່ງທີ່ສາມາດເບິ່ງເຫັນໄດ້ທຸກຊະນິດ ເຊັ່ນ ກຣາບຟິກ, ພາບ, ຮູບເຄື່ອນໄຫວ,
voice 	 ສຽງເວົ້າ
voice chat 	ການລົມກັນດ້ວຍສຽງຜ່ານເຄືອຂ່າຍ, ການສື່ສານດ້ວຍສຽງແບບໂຕ້ຕອບແບບທັນທີ ຜ່ານທາງອິນເຕີເນັດ
voice dialing 	ການຕໍ່ໝາຍເລກດ້ວຍສຽງເວົ້າ
voice mail 	ໄປສະນີ, ລະບົບທີ່ເກັບ ແລະ ສົ່ງຕໍ່ຂໍ້ຄວາມສຽງ, ລະບົບໄປສະນີສຽງ ໃຊ້ເພື່ອບັນທຶກໄວ້ກ່ອນທີ່ຈະສົ່ງໄປຫາບຸກຄົນ, ຝ່າຍ ຫຼື ຕູ້ໄປສະນີທີ່ຖືກຕ້ອງ
voice modem 	ໂມເດັມທີ່ໃຊ້ສຽງ
voice recognition 	ການຈົດຈຳສຽງ, ເຕັກໂນໂລຊີ ເຊິ່ງກ່ຽວຂ້ອງກັບການຈົດຈຳ ແລະ ເຮັດວຽກກັບຄຳທີ່ເກີດຈາກສຽງເວົ້າ ໂດຍແປງສັນຍານສຽງ ເປັນສັນຍານດິຈິຕອນທີ່ຄອມພິວເຕີເອົາມາປະເມີນຜົນ ແລະ ວິເຄາະໄດ້ ຫຼື ເອີ້ນອີກຢ່າງໜຶ່ງວ່າການຈົດຈຳຄຳເວົ້າ (speech recognition)
voice synthesis 	 ການສັງເຄາະສຽງ, ການສັງເຄາະຜົນຮັບຂອງຄອມພິວເຕີ ໃຫ້ສະແດງອອກມາໃນຮູບຂອງສຽງ
volatile memory 	ໜ່ວຍຄວາມຈຳຊົ່ວຄາວ ເຊັ່ນ RAM ເປັນໜ່ວຍຄວາມຈຳທີ່ໃຊ້ກະແສເອເລັກຕຣອນແລ່ນໄປມາເພື່ອເກັບຂໍ້ມູນ, ເມື່ອເວລາປິດເຄື່ອງ ສິ່ງທີ່ເກັບຢູ່ໃນ ໜ່ວຍຄວາມຈຳນີ້ຈະເສຍໄປ
volatile storage 	ໜ່ວຍເກັບຂໍ້ມູນຊົ່ວຄາວ ແລະ ມີຄວາມໝາຍຄືກັບ volatile memory
voltage 	ແຮງດັນໄຟຟ້າ
voltage regulator 	ເຄື່ອງປັບແຮງດັນ, ເຄື່ອງປັບຄວາມຕ່າງຂອງແຮງດັນໄຟຟ້າເປັນໄປຢ່າງສະ ໝໍ່າສະເໝີແບບອັດຕະໂນມັດ
volume indicator 	ຕົວສະແດງທາງດ້ານບໍລິມາດ
UFH 	 ຫຍໍ້ມາຈາກ Ultra High Frequency, ຄວາມຖີ່ສູງສຸດ
Ultimedia 	ເຄື່ອງໝາຍການຄ້າສຳລັບຜະລິດຕະພັນມັນຕິມີເດຍຂອງໄອບີເອັມ
Ultra Large Scale Integration 	ໃຊ້ຄຳຫຍໍ້ວ່າ ULSI, ວົງຈອນລວມທີ່ມີ ຄວາມຈຸສູງທີ່ສຸດ
uncompress 	ການຄາຍຟາຍຂອງຂໍ້ມູນທີ່ຖືກບີບອັດ, ໂປຣແກຣມຄາຍການບີບອັດຂໍ້ມູນທີ່ໃຊ້ຄູ່ກັບໂປຣແກຣມ
unconditional branch 	ຄຳສັ່ງທີ່ບໍ່ແຍກເງື່ອນໄຂ
uncover 	ຖານຂໍ້ມູນໜັງສື, ວາລະສານ, ບົດຄວາມທີ່ສາມາດເຂົ້າເຖິງໄດ້ ERIC (Education Resource Information Center)
undelete 	ການເອີ້ນຂໍ້ມູນທີ່ຖືກລຶບໄປແລ້ວກັບຄືນມາ, ຕັ້ງແຕ່ DOS 5 ຂຶ້ນໄປມີຄຳສັ່ງ undelete ທີ່ພະຍາຍາມນຳຟາຍທີ່ຖືກລຶບຖິ້ມໄປໄດ້ໂດຍບໍ່ໄດ້ຕັ້ງໃຈກັບຄືນມາໄດ້ອີກ
underexposure 	ການເປີດຮັບແສງນ້ອຍເກີນໄປ ເປັນການປັບເຄື່ອງມືເຊິ່ງເປັນເຫດໃຫ້ແສງຕົກລົງໃນຟີມມີຈຳນວນບໍ່ພຽງພໍ
underline 	ເສັ້ນຂີດກ້ອງ, ຂີດກ້ອງ
undo 	ຍົກເລີກ/ປ່ຽນກັບ, ການນຳສະຖານະການກັບຄືນໄປສູ່ສະພາວະກ່ອນໜ້າ ເຊິ່ງຈະເຮັດການຍົກເລີກຜົນຂອງຄຳສັ່ງໄປກ່ອນໜ້ານັ້ນ
undocumented 	 ບໍ່ມີຄູ່ມື, ບໍ່ມີຢູ່ໃນເອກະສານ, ຄວາມສາມາດຂອງຮາດແວ ແລະ ຊອບແວທີ່ບໍ່ມີຢູ່ໃນຄູ່ມືການນຳໃຊ້
Unerase 	ຄຳນີ້ຄືກັນກັບ undelete ເຊິ່ງມາຈາກ Peter Norton ເປັນຜູ້ຊ່ຽວຊານດ້ານໂປຣແກຣມໃຫ້ເປັນປະໂຫຍດໃນ DOS ມີຄວາມໝາຍຄື ຍົກເລີກການລຶບຟາຍ ໃນຄັ້ງສຸດທ້າຍ
Ungroup 	ການແຍກອອບເຈັກທີ່ລວມກັນຢູ່ອອກຈາກກັນ
Unicode 	ລະຫັດຢູນິໂຄດ, ມາດຕະຖານທີ່ເປັນປະໂຫຍດຕໍ່ການໃຊ້ຂໍ້ມູນຮ່ວມກັນລະຫວ່າງໂປຣແກຣມ ແລະ ຄອມພິວເຕີທີ່ຕ່າງກັນ. ຢູນິໂຄດເປັນລະຫັດຕົວອັກສອນມາດຕະຖານຂະໜາດ 16 ບິດ ທີ່ກຳນົດຂຶ້ນມາ ເຊິ່ງສາມາດໃຊ້ແທນຕົວອັກສອນໄດ້ເຖິງ 65,536 ແບບ
unuform fill 	ການໃຫ້ສີກັບອອບເຈັກໃນກຣາບຟິກໃຊ້ສີດຽວ
Uniform Resource Locator 	ໃຊ້ຄຳຫຍໍ້ວ່າ URL, ເປັນຮູບແບບມາດຕະຖານການຂຽນເພື່ອໃຊ້ບອກໂປຣແກຣມບຣາວເຊີ ວ່າ ຕ້ອງການຂໍໃຊ້ບໍລິການໃດຈາກສູນບໍລິການບ່ອນໃດ ຫຼື ຕ້ອງການເຂົ້າໄປຫາເວັບໄຊໃດ
Uninstall 	ເປັນການລຶບໂປຣແກຣມອອກຈາກຄອມພິວເຕີ ເຊິ່ງໂປຣແກຣມນັ້ນໆໄດ້ຕິດຕັ້ງໄປແລ້ວ
Uninterruptible Power Supply 	ໃຊ້ຄຳຫຍໍ້ວ່າ UPS, ອຸປະກອນຈ່າຍໄຟຟ້າສຳຮອງ
Unit 	ໜ່ວຍການສອນ, ບົດ. ເບິ່ງ module
Universal Naming Convention 	 ໃຊ້ຄຳຫຍໍ້ວ່າ UNC, ຂໍ້ຕົກລົງການຕັ້ງຊື່ສາກົນ
Universal Product Code 	ໃຊ້ຄຳຫຍໍ້ວ່າ UPC, ແມ່ນລະຫັດສາກົນສຳລັບຜະລິດຕະພັນ
universal resource locator 	ໂປຣແກຣມຊີ້ບອກແຫຼ່ງຊັບພະຍາກອນສາກົນ, ຕົວຊີ້ບອກແຫຼ່ງໃນອິນເຕີເນັດ
Unix 	ຢູນິກ, ລະບົບປະຕິບັດການແບບ 32 ບິດ ທີ່ມີຜູ້ໃຊ້ຫຼາຍຄົນເຂົ້າມາໃຊ້ເຮັດວຽກໄດ້ ຄັ້ງລະຫຼາຍວຽກນຳກັນ, ເຊິ່ງໄດ້ພັດທະນາຂຶ້ນໂດຍ AT&T; Novel ປັດຈຸບັນເປັນຂອງ Novel
Unix wizard 	ຄຳເອີ້ນຊື່ຜູ່ຊ່ຽວຊານການໃຊ້ວຽກຢູນິກ
Unix2dos 	ໂປຣແກຣມເຊິ່ງໃຊ້ປ່ຽນຂໍ້ມູນແອັດສະກີໃນຢູນິກ ໃຫ້ໄປຢູ່ໃນຮູບແບບຂອງ MS-DOS
un moderated 	ບໍ່ມີການກວດສອບແກ້ໄຂ
un moderated mailing list 	mailing list ແບບບໍ່ກັ່ນຕອງ
un mount 	ຖອດ
unpack 	ໂປຣແກຣມໃນຢູນິກທີ່ໃຊ້ລຶບລ້າງການບີບອັດຂໍ້ມູນ
unread 	ຄຳເອີ້ນຈົດໝາຍ ຫຼື ຂ່າວທີ່ຜູ້ໃຊ້ຍັງບໍ່ທັນເປີດອ່ານ
unsubscribe 	ການຖອນຊື່ ຫຼື ການຍົກເລີກການເປັນສະມາຊິກ, ການຍົກເລີກການສະມັກເປັນສະມາຊິກຂອງກຸ່ມຂ່າວ USENET, ຖອນຊື່ອອກຈາກສະມາຊິກຈົດໝາຍຂ່າວ
compressed speech 	 ບີບອັດຄໍາເວົ້າໂດຍທີ່ສຽງບໍ່ມີການຜິດພ້ຽນ.
compression 	ການບີບອັດຂໍ້ມູນ ການເຮັດໃຫ້ຟາຍຂໍ້ມູນມີຂະຫນາດນ້ອຍລົງ ເຊິ່ງຊ່ວຍໃຫ້ເປືອງເນື້ອທີ່ນ້ອຍລົງ ແລະ ຍັງເຮັດໃຫ້ສົ່ງຜ່ານລະບົບສື່ສານໄປຫາຜູ້ຮັບໄດ້ໄວຂື້ນ.
CompuServe 	ຜູ້ໃຫ້ບໍລິການຂໍ້ມູນຊີພີອັອນລາຍທີ່ໃຫຍ່ທີ່ສຸດ ແລະ ປະສົບຄວາມສໍາເລັດໃນສະຫະລັດອາເມລິກາໂດຍຈະມີຂໍ້ມູນ ແລະ ບໍລິການໃຫ້ຢ່າງຫລວງຫລາຍ ເຊັ່ນ ການປະຊຸມອັອນລາຍ, ຫົວຂໍ້ອະພິປາຍ, ການດຶງຟາຍຂໍ້ມູນມາໃຊ້, ຂໍ້ມູນກ່ຽວກັບອາກາດ ແລະ ຕະຫລາດຫຸ້ນລວມເຖິງຂໍ້ມູນການທ່ອງທ່ຽວ ແລະ ບັນເທີງ.
compute 	ຄິດໄລ່, ການຫາຄໍາຕອບດ້ວຍວິທີການຕ່າງໆໃນການແກ້ບັນຫາດ້ວຍຄະນິດສາດ. ນອກຈາກນີ້ຍັງຫມາຍເຖິງສິ່ງທີ່ເຮັດຂື້ນໂດຍໃຊ້ຄອມພິວເຕີ.
computer 	ຄອມພິວເຕີ, ອຸປະກອນຄໍານວນທີ່ປະມວນຜົນຕາມຊຸດຂໍ້ມູນຂອງຄໍາສັ່ງ.
Computer Aided Design 	ໃຊ້ຄໍາຫຍໍ້ວ່າ CAD, ການໃຊ້ຄວາມສາມາດກຣາບຟິກຂອງຄອມພິວເຕີມາແທນການແຕ້ມດ້ວຍເຈ້ຍ ແລະ ສໍ.
Computer Aided Design and Drafting 	ໃຊ້ຄໍາຫຍໍ້ວ່າ CADD, ການໃຊ້ຄອມພິວເຕີຊ່ວຍໃນການອອກແບບ ແລະ ແຕ້ມແບບ.
Computer Aided Engineering 	ໃຊ້ຄໍາຫຍໍ້ວ່າ CAE, ການໃຊ້ຄອມພິວເຕີຊ່ວຍວຽກດ້ານວິສະວະກໍາ.
Computer Aided Instruction 	ໃຊ້ຄໍາຫຍໍ້ວ່າ CAI, ການໃຊ້ຄອມພິວເຕີຊ່ວຍໃນການສອນ.
Computer Aided Manufacturing 	ໃຊ້ຄໍາຫຍໍ້ວ່າ CAM, ການໃຊ້ຄອມພິວເຕີເພື່ອສ້າງ ຫລື ຜະລິດສິ່ງທີ່ອອກແບບມາຈາກ CAD.
computer architecture 	ສະຖາປັດຕະຍະກໍາຄອມພິວເຕີ.
Computer Assisted Learning 	ໃຊ້ຄໍາຫຍໍ້ວ່າ CAL, ໂປຣແກຣມຄອມພິວເຕີຊ່ວຍໃນການຮຽນການສອນ.
computer based information system 	ລະບົບຄອມພິວເຕີສໍາລັບຈັດການກັບລະບົບຂໍ້ມູນຂ່າວສານ.
Computer Based Instruction 	ໃຊ້ຄໍາຫຍໍ້ວ່າ CBI, ການສອນໂດຍໃຊ້ຄອມພິວເຕີ.
Computer Based Training 	ໃຊ້ຄໍາຫຍໍ້ວ່າ CBT, ການໃຊ້ຄອມພິວເຕີຊ່ວຍໃນການຝຶກອົບຮົມ.
computer crime 	ອາດສະຍາກໍາ ທາງຄອມພິວເຕີ.
Computer Developed Instruction 	ໃຊ້ຄໍາຫຍໍ້ວ່າ CDI, ຄອມພິວເຕີພັດທະນາການສອນ, ຫມາຍເຖິງວິທີການສິດສອນ ເຊິ່ງໃຊ້ຄອມພິວເຕີເປັນສ່ວນສໍາຄັນໃນການຈັດຄັດເລືອກການຜະລິດວັດສະດຸ/ອຸປະກອນທີ່ຈະເອົາມາຊ່ວຍໃນການຮຽນຮູ້.
computer ethics 	ຈະລິຍະທໍາໃນການນໍາໃຊ້ຄອມພິວເຕີ.
Computer Graphics Metafile 	ໃຊ້ຄໍາຫຍໍ້ວ່າ CGM, ຮູບແບບມາດຕະຖານຂອງຟາຍທີ່ໃຊ້ໂອນຍ້າຍຟາຍທີ່ເປັນຮູບກຣາບຟິກ 2 ມິຕິທີ່ບໍ່ຂື້ນກັບອຸປະກອນຂອງຄອມພິວເຕີ, ການໂອນຍ້າຍຈະແມ່ນລະຫວ່າງຄອມພິວເຕີສອງລະບົບ ຫລື ຈາກຄອມພິວເຕີໄປຫາອຸປະກອນປະກອບ. ຟາຍແບບນີ້ຈະປະກອບດ້ວຍຮູບພ້ອມທັງຄໍາສັ່ງທີ່ໃຊ້ເຂົ້າໃນການສ້າງຮູບ.
computer hacker 	ແຮັກເກີ/ຜູ້ບຸກລຸກລະບົບຄອມພິວເຕີ.
Computer Integrated Manufacturing 	ຫຍໍ້ມາຈາກ CIM, ການລວມລະບົບໂຮງງານອັດຕະໂນມັດເຂົ້າກັບການເຮັດວຽກໃນສໍານັກງານ ແລະ ຝ່າຍບັນຊີການຂາຍ ເຊັ່ນ ການອອກບິນ, ການສ້າງໃບສັ່ງວຽກ, ການຈັດຕາຕະລາງຂອງການເຮັດວຽກຂອງເຄື່ອງຈັກ, ການຄວບຄຸມສິນຄ້າຄ້າງສາງ ແລະ ການສັ່ງຊື້.
computer language 	ເປັນພາສາທີ່ໃຊ້ກັບເຄື່ອງຄອມພິວເຕີ ຫລື ສື່ສານກັບຄອມພິວເຕີໃຫ້ເຂົ້າໃຈ ແລະ ປະຕິບັດຕາມຄໍາສັ່ງໄດ້.
computer literacy 	ການຮູ້ຄອມພິວເຕີຂັ້ນພື້ນຖານ ຫລື ການສຶກສາຄອມພິວເຕີຂັ້ນພື້ນຖານເພື່ອໃຫ້ເກີດຄວາມຄຸ້ນເຄີຍ ແລະ ຮູ້ວິທີທີ່ຈະເອົາໄປໃຊ້ໃນວຽກງານຕ່າງໆໄດ້ພໍສົມຄວນ.
computer network 	ເຄືອຂ່າຍຄອມພິວເຕີ.
Computer Numerical Control 	ໃຊ້ຄໍາຫຍໍ້ວ່າ CNC, ການຄວບຄຸມແບບຕົວເລກໂດຍໃຊ້ຄອມພິວເຕີ, ລະບົບຄວບຄຸມໂດຍຄອມພິວເຕີ ເຊິ່ງໃຊ້ຄໍາສັ່ງທີ່ເປັນຕົວເລກມາກໍານົດໃຫ້ອຸປະກອນ ຫລື ເຄື່ອງຈັກເຮັດວຽກ.
computer science 	ວິທະຍາສາດຄອມພິວເຕີ, ການສຶກສາວິຊາທາງຄອມພິວເຕີທາງດ້ານຮາດແວ, ຊອບແວ, ຄະນິດສາດ, ເອເລັກໂຕຣນິກ ແລະ ອື່ນໆທີ່ກ່ຽວຂ້ອງກັບການເຮັດວຽກ ແລະ ໃຊ້ວຽກຄອມພິວເຕີ.
computer security 	ຄວາມປອດໄພໃນລະບົບຄອມພິວເຕີ.
computer simulation 	ເປັນການຈໍາລອງສະພາບຈິງຢູ່ໃນຄອມພິວເຕີ ກໍ່ໃຫ້ເກີດການຮຽນຮູ້ວິທີການຕ່າງໆ.
computer system 	ລະບົບຄອມພິວເຕີ, ຫມາຍເຖິງພາກສ່ວນທີ່ລວມຮາດແວ, ຊອບແວ ແລະ ອຸປະກອນປະກອບຕ່າງໆໃຫ້ເຮັດວຽກນໍາກັນ. ລະບົບຄອມພິວເຕີຈະຕ້ອງມີຫນ່ວຍຂອງລະບົບທີ່ເກັບຊ່ອງໃສ່ຮາດດິດ ແລະ ຟະລັອບປີດິດ, ຫນ່ວຍຄວາມຈໍາ, ແຜ່ນວົງຈອນຫລັກ, ແຜ່ນວົງຈອນເພີ່ມ, ແປ້ນພິມ, ໂມເດັມ ຫລື ເທັບເກັບສໍາຮອງ. ຊອບແວ ແລະ ລະບົບປະຕິບັດການມັກຈະຖືວ່າເປັນສ່ວນຫນຶ່ງຂອງລະບົບຄອມພິວເຕີຄືກັນ.
Computer Telephone Integration 	ໃຊ້ຄໍາຫຍໍ້ວ່າ CTI, ການໂຮມເອົາໂທລະສັບ/ໂທລະສານເຂົ້າເຮັດວຽກຮ່ວມກັບລະບົບຄອມພິວເຕີ. ມັນຖືກນໍາໃຊ້ຢູ່ໃນຂະແຫນງການບໍລິການສະຫນັບສະຫນູນລູກຄ້າທາງໂທລະສັບ. ພະນັກງານຂອງສູນດັ່ງກ່າວຈະຕອບສະຫນອງຂໍ້ມູນດ້ານເຕັກນິກ ແລະ ອື່ນໆ ໃຫ້ກັບລູກຄ້າ, ເຊິ່ງຂໍ້ມູນຂອງລູກຄ້າ, ເຊິ່ງຂໍ້ມູນຂອງລູກຄ້າ ແລະ ການຕິດຕໍ່ທີ່ຜ່ານມາຈະຖືກບັນທຶກໄວ້ໃນລະບົບຖານຂໍ້ມູນຂອງຄອມພິວເຕີ, ລວມໄປເຖິງການໂທລະສັບຫາລູກຄ້າກໍ່ສາມາດເຮັດໄດ້ຜ່ານຫນ້າຈໍຂອງຄອມພິວເຕີ.
computer virus 	ໄວຣັດຄອມພິວເຕີ ເປັນໂປຣແກຣມທີ່ສ້າງຂື້ນມາເພື່ອລົບກວນ ຫລື ທໍາລາຍລະບົບການເຮັດວຽກຂອງຄອມພິວເຕີ.
compute racy 	ເບິ່ງ computer literacy.
CON 	ເບິ່ງ console.
conation 	ລັກສະນະທາງຈິດ ແລະ ຂະບວນການຂອງພຶດຕິກໍາອັນກ່ຽວຂ້ອງກັບການກະທໍາ ຫລື ປ່ຽນແປງ. ລວມເຖິງແຮງກະຕຸ້ນຄວາມປາດຖະຫນາຜ່ານຜ່າອຸປະສັກ.
concatenate 	ການຕໍ່ສະຕຣິງ 2 ຕົວເຂົ້າເປັນຕົວດຽວ ເຊັ່ນ ເຊື່ອມ ABC ເຂົ້າກັບ DEF ຈະໄດ້ ABCDEF ເຊິ່ງເຮົາສາມາດໃຊ້ຕໍ່ຟາຍໄດ້.
concentrator 	ເປັນອຸປະກອນທີ່ໃຊ້ແບ່ງຊ່ອງຂໍ້ມູນຫນຶ່ງໃຫ້ເປັນຫລາຍຊ່ອງຂໍ້ມູນ.
concept 	ແນວຄວາມຄິດ.
condenser 	ຕົວເກັບປະຈຸ, ເປັນອຸປະກອນເອເລັກໂຕຣນິກຊະນິດຫນຶ່ງທີ່ສາມາດເກັບປະຈຸ ແລະ ຄາຍປະຈຸໄດ້.
condensing lens 	ເລນຄວບແສງ, ເລນທີ່ໃຊ້ເພື່ອລວມແສງໃຫ້ແສງເຂັ້ມຂື້ນ ຫລື ໃຊ້ລວມແສງຈາກແຫລ່ງກໍາເນີດ ເຊັ່ນ ຫລອດສາຍ ເປັນຕົ້ນ.
conditional branch 	ຄໍາສັ່ງທີ່ເຮັດໃຫ້ຄອມພິວເຕີຍ້າຍໄປຫາຕໍາແຫນ່ງອື່ນໃນໂປຣແກຣມ.
conditional jump 	ຄໍາສັ່ງເຕັ້ນແບບມີເງື່ອນໄຂ ເຊັ່ນ ຄໍາສັ່ງ IF.
conference 	ການປະຊຸມ.
conference call 	ການປະຊຸມທາງໂທລະສັບ.
confidence factor 	ຄ່າຄວາມຈິງລະຫວ່າງ 0 ແລະ 1, ໃຊ້ອະທິບາຍຄວາມຫນ້າເຊື່ອຖືຂອງຂໍ້ມູນ.
CONFIG.SYS 	ຟາຍເກັບໂຄງສ້າງສໍາລັບ DOS ໃນຄອມພິວເຕີທີ່ໃຊ້ກໍານົດທາງເລືອກຕ່າງໆ ແລະ ບັນຈຸໂປຣແກຣມສໍາຫລັບຄວບຄຸມອຸປະກອນລົງໃນຫນ່ວຍຄວາມຈໍາ ເພື່ອໃຫ້ຄອມພິວເຕີສາມາດທໍາງານຮ່ວມກັບອຸປະກອນດັ່ງກ່າວໄດ້.
configuration 	ໂຄງສ້າງ, ຫມາຍເຖິງອຸປະກອນລວມທັງຫມົດຂອງຄອມພິວເຕີ.
configure 	ການປັບແຕ່ງຮາດແວ ຫລື ຊອບແວ, ເປັນວິທີທີ່ໃຊ້ເມື່ອຕ້ອງການເພີ່ມອຸປະກອນ ຫລື ໂປຣແກຣມໃຫມ່ເຂົ້າໄປໃນຄອມພິວເຕີ, ເຊິ່ງຕ້ອງປັບແຕ່ງເພື່ອໃຫ້ເຮັດວຽກໄດ້ຢ່າງເຫມາະສົມ.
connection oriented network 	ເຄືອຂ່າຍທີ່ກໍານົດການເຊື່ອມຕໍ່.
connectionless network 	ເຄືອຂ່າຍທີ່ບໍ່ກໍານົດການເຊື່ອມຕໍ່.
connotation 	ມີຄວາມຫມາຍວ່າ, ເປັນຄໍາທີ່ຖືກຍອມຮັບທົ່ວໄປທີ່ໃຊ້ອະທິບາຍຄວາມຫມາຍ ຂອງຂ່າວສານ.
console 	1. ແຜງອຸປະກອນຄວບຄຸມອຸປະກອນອີເລັກໂຕຣນິກ. 2. ໃຊ້ຄໍາຫຍໍ້ວ່າ CON, ຊື່ອຸປະກອນທີ່ມີແປ້ນພິມ ແລະ ຈໍພາບໃນ DOS ຫລື OS/2, ໃຊ້ອຸປະກອນນີ້ຕິດຕໍ່ ຫລື ຄວບຄຸມຄອມພິວເຕີ.
console mode 	ວິທີການແລ່ນໂປຣແກຣມຢູ່ໃນ Text mode.
console operator 	ໃນວິທະຍາການຄອມພິວເຕີ ຫມາຍເຖິງລູກຈ້າງຜູ້ເຮັດຫນ້າທີ່ຈັດການ, ເຮັດວຽກປະຈໍາ console ແລະ ອຸປະກອນຂ້າງຄຽງທີ່ກ່ຽວຂ້ອງກັບລະບົບການປະມວນຜົນເອເລັກໂຕຣນິກ.
constant 	ຄ່າຄົງທີ່, ຄ່າທີ່ບໍ່ປ່ຽນແປງ.
Constant Angular Velocity 	ໃຊ້ຄໍາຫຍໍ້ວ່າ CAV, ຄວາມໄວທາງມຸມແບບຄົງທີ່.
Constraint 	ຂໍ້ກໍານົດ, ຂີດຈໍາກັດ, ຂອບເຂດຈໍາກັດ.
consumer protection 	ການປ້ອງກັນສິດຜົນປະໂຫຍດຂອງຜູ້ຊົມໃຊ້ ຫລື ຜູ້ບໍລິໂພກ.
content analysis 	ການວິເຄາະເນື້ອໃນ.
contention 	ສະຖານະການທີ່ໂປຣແກຣມຫລາຍໆໂປຣແກຣມເຮັດວຽກຕໍ່ເນື່ອງກັນ.
contents of education 	ເນື້ອໃນຂອງການສຶກສາ.
context analysis 	ການວິເຄາະຄວາມຫມາຍທີ່ກ່ຽວຂ້ອງກັບສິ່ງແວດລ້ອມ ຫລື ພຶດຕິກໍາສະເພາະເຊິ່ງສິ່ງນັ້ນເກີດຂື້ນ ຫລື ຖຶກຄົ້ນພົບ.
context sensitive help 	ລະບົບໃຫ້ຄວາມຊ່ວຍເຫລືອ ທີ່ສະແດງຂໍ້ມູນເພີ່ມເຕີມກ່ຽວກັບສິ່ງທີ່ຕ້ອງການໂດຍອາໄສພາວະທີ່ໃຊ້ວຽກຢູ່ໃນຂະນະນັ້ນ ເປັນເຄື່ອງຊ່ວຍຕັດສິນວ່າຈະນໍາຂໍ້ມູນໃດມາສະເຫນີ.
contiguous 	ວັດຖຸ 2 ສິ່ງທີ່ຢູ່ຕິດກັນ, ມັກໃຊ້ອະທິບາຍຟາຍທີ່ເກັບໃນດິດ ຫລື ຂໍ້ມູນທີ່ເກັບໃນຟາຍ. ສ່ວນຟາຍທີ່ບໍ່ຕໍ່ເນື່ອງກັນເອີ້ນວ່າ fragment.
continuity 	ຄວາມຕໍ່ເນື່ອງ, ລະດັບຂັ້ນຕອນກໍານົດການ, ເປັນການຈັດລຽງລໍາດັບຈາກເລີ່ມຕົ້ນໄປຫາຕອນສຸດທ້າຍຢ່າງຕໍ່ເນື່ອງ.
continuous assessment 	ການປະເມີນຜົນຢ່າງຕໍ່ເນື່ອງ.
continuous mode 	ວິທີແບບຕໍ່ເນື່ອງ.
contrast 	ການປຽບທຽບຕ່າງໆ.
control box 	ປຸ່ມຢູ່ທາງຊ້າຍມືໃນ title bar ຂອງວິນໂດ, ເຊິ່ງອະນຸຍາດໃຫ້ເຮັດວຽກກັບຂະຫນາດຂອງວິນໂດ.
control character 	ຕົວອັກສອນແອັດສະກີພິເສດທີ່ເຮັດວຽກສະເພາະໃນ terminal ເຄື່ອງພິມ ຫລື ສາຍຕິດຕໍ່ສື່ສານ ເຊັ່ນ ຕົວຕັ້ງແຖວໃຫມ່ (carriage return), ຕົວເລື່ອນແຖວ (line feed) bell ຫລື escape ເຊິ່ງເປັນຕົວອັກສອນທີ່ພິມອອກມາບໍ່ໄດ້.
control code 	ລະຫັດຄວບຄຸມ, ສັນຍາລັກພິເສດເຊິ່ງເປັນຊຸດຕົວອັກສອນຕັ້ງແຕ່ 1 ຕົວ ຂຶ້ນໄປລຽງຕໍ່ກັນເພື່ອໃຊ້ຄວບຄຸມຮາດແວ.
control group 	ກຸ່ມຄວບຄຸມ.
control key 	ຊື່ຂອງປຸ່ມພິເສດໃນແປ້ນພິມ ທີ່ເຮັດວຽກປະສົມກັບປຸ່ມອື່ນເພື່ອສົ່ງ ຄໍາສັ່ງລັດ ໄປໃຫ້ໂປຣແກຣມໃນເວີດໂປຣເຊັດເຊີ ເຊັ່ນ ການໃຊ້ປຸ່ມ Ctrl+c ແທນການໃຊ້ຄໍາສັ່ງ Copy.
control knob 	ເຄື່ອງປັບລະດັບຂອງສັນຍານ.
control menu 	ເມນູກໍານົດຂະຫນາດວິນໂດ.
control panel 	ເປັນບ່ອນລວມຊຸດໂປຣແກຣມເຄື່ອງມືຂອງ Microsoft Windows ທີ່ຈັດການ ແລະ ກໍານົດຄ່າຕ່າງໆ ໃຫ້ແກ່ຮາດແວ ເຊັ່ນ mouse, ຈໍພາບ ແລະ ແປ້ນພິມເປັນຕົ້ນ.
control points 	ຈຸດຄວບຄຸມ.
control room 	ຫ້ອງຄວບຄຸມ.
control station 	ສະຖານີຄວບຄຸມ.
control unit 	ຫນ່ວຍຄວບຄຸມ, ເປັນສ່ວນປະກອບຂອງເຄື່ອງຄອມພິວເຕີ ເຊິ່ງເຮັດຫນ້າທີ່ສັ່ງສ່ວນອື່ນໆທັງຫມົດເຮັດວຽກ.
controller 	ຕົວຄວບຄຸມ, ຕົວຢ່າງ ຕົວຄວບຄຸມຮາດດິດເພື່ອຕໍ່ເຂົ້າກັບຄອມພິວເຕີ ຫລື ຕົວຄວບຄຸມສ່ວນສະແດງຜົນ. ເຮັດຫນ້າທີ່ຄວບຄຸມຈໍພາບ ແລະ ຕໍ່ເຂົ້າກັບແຜງວົງຈອນຫລັກຂອງຄອມພິວເຕີ.
convergence 	ການລວມກັນ, ການປະສົມປະສານລະຫວ່າງຂໍ້ມູນກັບ ລະບົບເທັກໂນໂລຍີ.
Conversational Monitor System 	ໃຊ້ຄໍາຫຍໍ້ວ່າ CMS, ສ່ວນໂຕ້ຕອບຂອງລະບົບປະຕິບັດການ VM/SP (VM/ESA) ສໍາລັບເຄື່ອງ IBM ລະດັບ mainframes.
conversion program 	ໂປຣແກຣມທີ່ສາມາດປ່ຽນຟາຍ ຈາກຮູບແບບຫນຶ່ງໄປຫາອີກຮູບແບບຫນຶ່ງ.
converter 	ຮາດແວ ຫລື ຊອບແວ ທີ່ປ່ຽນສິ່ງຫນຶ່ງໄປເປັນອີກສິ່ງຫນຶ່ງ ເຊັ່ນ ຫມໍ້ແປງໄຟຈາກ AC ໄປເປັນ DC ຫລື ໂປຣແກຣມແປງຟາຍເອກະສານຈາກWordperfect ໄປເປັນ Microsoft Word.
cookies 	ຟາຍນ້ອຍໆທີ່ເກັບໄວ້ໃນຄອມພິວເຕີເຊິ່ງສ້າງຂື້ນຈາກເວັບໄຊທີ່ເຂົ້າໄປເບິ່ງ. ໂດຍມີຈຸດມຸ້ງຫມາຍໃນການບອກຂໍ້ມູນຂອງຜູ້ໃຊ້ ເມື່ອມີການເຂົ້າສູ່ເວັບໄຊນັ້ນອີກເທື່ອໃຫມ່, ໂດຍຟາຍດັ່ງກ່າວຈະເກັບສະຖານະ, ຕົວປ່ຽນ ແລະ ຂໍ້ມູນສັ້ນໆທີ່ web server ສົ່ງມາ, ເຊິ່ງຄິດຄົ້ນໂດຍ Netcape.
cooperative multitasking 	ຮູບແບບການເຮັດວຽກ ຫລາຍໆວຽກພ້ອມກັນແບບຫນຶ່ງ.
coordinates 	ຕົວປະສານ, ຕົວຢ່າງຢູ່ເທິງແຜ່ນພຽງຈະໃຊ້ເປັນຕົວປະສານ 1 ຄູ່, ເຊິ່ງຕົວຫນຶ່ງບອກຕໍາແຫນ່ງໃນແຖວນອນ (ຊ້າຍໄປຂວາ) ແລະ ອີກຕົວຫນຶ່ງບອກຕໍາແຫນ່ງໃນແຖວຕັ້ງ (ເທິງລົງລຸ່ມ). ຕໍາແຫນ່ງໃນແຖວນອນມັກຂຽນແທນໂດຍຕົວ X ສ່ວນແຖວຕັ້ງເປັນ Y.
coprocessor 	ໂປຣເຊັດເຊີຊ່ວຍວຽກ, ໂປຣເຊັດເຊີທີ່ແຍກອອກມາໃຫ້ເຮັດຫນ້າທີ່ຕາມທີ່ກໍານົດເພື່ອເພີ່ມຄວາມໄວໃນການເຮັດວຽກ ແລະ ຫລຸດວຽກຂອງໂປຣເຊັດເຊີຫລັກໄປ. ໂດຍດຶງວຽກບາງສ່ວນມາເຮັດເອງ ເຊັ່ນ ໂປຣເຊັດເຊີຊ່ວຍວຽກດ້ານກຣາບຟິກຈະເບິ່ງແຍງສະເພາະການສະແດງຜົນ ຈິ່ງເຮັດໃຫ້ການສະແດງຜົນເຮັດໄດ້ໄວມີສີສັນຫລາຍຂື້ນ ແລະ ພາບມີລາຍລະອຽດຂື້ນ.
copy 	ກັອບປີ, ສໍາເນົາ.
copy protection 	ປ້ອງກັນການສໍາເນົາ, ກົນໄກປ້ອງກັນຜູ້ທີ່ບໍ່ມີສິດທິໃນສໍາເນົາ ແລະ ແຈກຢາຍຊອບແວ ຫລື ທຸກໆຟາຍໃນຄອມພິວເຕີ. ໃນຊຸມປີ 1980 ການປ້ອງກັນການສໍາເນົາມັກໃຊ້ໃນລະບົບທຸລະກິດ ແລະ ເກມ.
copyright 	ລິຂະສິດ, ການຄຸ້ມຄອງຕາມກົດຫມາຍວ່າດ້ວຍເລື່ອງລິຂະສິດ ຫລື ຂໍ້ຕົກລົງທາງກົດຫມາຍໃນເລື່ອງຂອງລິຂະສິດເຊັ່ນ ປື້ມ, ໂປຣແກຣມຄອມພິວເຕີເປັນຕົ້ນ.
core 	ແກນ, ວົງແຫວນຂອງແກນແມ່ເຫລັກທີ່ໃຊ້ເປັນຫນ່ວຍຄວາມຈໍາໃນຄອມພິວເຕີໃນໄລຍະ 1950-1960.
CorelDraw 	ຜະລິດໂດຍບໍລິສັດ Corel ໃນປີ 1989 ເປັນໂປຣແກຣມທາງດ້ານກຣາບຟິກທີ່ໃຊ້ວຽກໃນ Windows ເນັ້ນຫນັກໃນທາງແຕ້ມຮູບ ແລະ ຕົວອັກສອນ, ໃຊ້ວຽກງ່າຍ ແລະ ໄດ້ຮັບຄວາມນິຍົມສູງ.
correlation 	ລະດັບຂັ້ນຂອງຄວາມປ່ຽນແປງລະຫວ່າງຕົວປ່ຽນສອງຕົວ.
counter 	ຕົວນັບ, ສ່ວນຫນຶ່ງຂອງໂປຣແກຣມທີ່ໃຊ້ສໍາລັບນັບຈໍານວນຄັ້ງທີ່ປະຕິບັດຊໍ້າໃນວົງນັ້ນ, ຕົວເລກສະແດງຈໍານວນຄັ້ງ ຫລື ຈໍານວນຜູ້ເຂົ້າຊົມໃຊ້.
course design 	ການອອກແບບວິຊາຮຽນ.
courseware 	ໂປຣແກຣມບົດຮຽນ, ເຮັດຫນ້າທີ່ເປັນສື່ໃນການຮຽນການສອນ, ຊອບແວທາງດ້ານການສຶກສາ.
coverage 	ການຄອບຄຸມ, ຫມາຍເຖິງການກວມເອົາຂະຫນາດເນື້ອທີ່ ຫລື ຈໍານວນລວມຍອດ ຂອງຜູ້ທີ່ອາໄສຢູ່ໃນບໍລິເວນສະຖານີອອກອາກາດ.
covert response 	ການຕອບສະຫນອງແບບປົກປິດ, ຫມາຍເຖິງພຶດຕິກໍາ ຫລື ການຕອບສະຫນອງ ເຊິ່ງບໍ່ສາມາດກວດກາໄດ້ໂດຍການສັງເກດ.
covert/overt 	ປົກປິດ/ເປີດເຜີຍ.
CP/M 	ຫຍໍ້ມາຈາກ Control Program for Microcomputers, ລະບົບປະຕິບັດການລຸ້ນເກົ່າທີ່ນິຍົມໃຊ້ໃນເຄື່ອງພີຊີ.
cpi 	ຕົວອັກສອນຕໍ່ນິ້ວ, ຫຍໍ້ມາຈາກ characters per inch, ຈໍານວນຕົວອັກສອນທີ່ຢູ່ໃນຄວາມກວ້າງ 1 ນິ້ວ.
cps 	ຕົວອັກສອນຕໍ່ວິນາທີ, ຫຍໍ້ມາຈາກ characters per second, ຈໍານວນຕົວອັກສອນ ຫລື ຈໍານວນໄບ ທີ່ສົ່ງໄປຂະນະໂອນຍ້າຍຟາຍໃນເວລາ 1 ວິນາທີ. ມັກເອົາມາຈັດການເຮັດວຽກຂອງອຸປະກອນຈໍາພວກເຄື່ອງພິມ ຫລື terminal ທີ່ຕໍ່ຜ່ານທາງພອດ.
CPU 	ເບິ່ງ Central Processing Unit
cracker 	ບຸກຄົນທີ່ຕັ້ງໃຈບຸກລຸກເຂົ້າໄປຫາລະບົບຄອມພິວເຕີ ຢ່າງຜິດກົດຫມາຍເພື່ອທໍາລາຍຂໍ້ມູນ ຫລື ເອົາໄປໃຊ້ເປັນປະໂຫຍດສ່ວນຕົວ. ຕ່າງກັບ hacker ບ່ອນວ່າ, ຈຸດປະສົງຫລັກຂອງ cracker ແມ່ນການທໍາລາຍຂໍ້ມູນ ແຕ່ຂອງ hacker ບໍ່ແມ່ນ.
CRAY 	ຊື່ບໍລິສັດຜູ້ຜະລິດຊຸບເປີຄອມພິວເຕີ.
crew 	ກຸ່ມຂອງຄົນເຊິ່ງເຮັດວຽກຮ່ວມກັນໃນການຜະລິດຮູບເງົາ ເຊັ່ນ camera crew ຫລື sound crew ເປັນຕົ້ນ.
criterion 	ເກນ, ຄ່າມາດຕະຖານທີ່ຕັ້ງໄວ້ເພື່ອປຽບທຽບ.
criterion referenced test 	ການທົດສອບແບບອີງເກນ, ຫມາຍເຖິງວິທີດໍາເນີນການທົດສອບເຊິ່ງປະເມີນຜົນຈາກມາດຕະຖານທີ່ຕັ້ງໄວ້.
Critical Path Method 	ໃຊ້ຄໍາຫຍໍ້ວ່າ CPM, ລະບຽບການກໍານົດວິທີວິກິດ ເຊິ່ງເປັນລໍາດັບຂອງ ເຫດການ ແລະ ກິດຈະກໍາທີ່ເກີດຢ່າງຕໍ່ເນື່ອງລະຫວ່າງເລີ່ມຕົ້ນຈົນສິ້ນສຸດໂຄງການ ແລະ ໃຊ້ເວລາຫລາຍທີ່ສຸດເຮັດໃຫ້ສາມາດກໍານົດເວລາໃຫ້ສັ້ນທີ່ສຸດເພື່ອຊ່ວຍໃນການວາງແຜນໂຄງການ.
cross fade 	ການປະສົມສັນຍານສຽງ ແລະ ການບັນທຶກສຽງໂທລະທັດ, ໂດຍການຫລຸດສຽງຈາກແຫລ່ງຫນຶ່ງລົງ, ໃນຂະນະດຽວກັນກໍ່ເພີ່ມສຽງອີກແຫລ່ງຫນຶ່ງຂື້ນ.
crossbar switch 	ລະບົບສະຫລັບສາຍຂອງສູນກາງຊຸມສາຍໂທລະສັບແບບ crossbar.
CRT 	ຫຍໍ້ມາຈາກ Cathode Ray Tube, ຫມາຍເຖິງຫລອດພາບ.
crystal microphone 	ຄຣິດສະຕັນໄມໂຄຣໂຟນ, ເປັນໄມໂຄຣໂຟນຊະນິດຄຸນນະພາບຕໍ່າ (low fidelity) ເຊິ່ງໃຊ້ຄຣິດສະຕັນໄຟຟ້າ (piezoelectric) ເປັນຕົວແປງສັນຍານສຽງເປັນສັນຍານທາງໄຟຟ້າ.
CSMA/CD 	ຫຍໍ້ມາຈາກ Carrier Sense Multiple Access/Collision Detection, ໂປຣໂຕຄອນການສື່ສານແບບເບດແບນ ທີ່ມີເຕັກນິກການກວດຈັບການຕໍາກັນຂອງຂໍ້ມູນ.
CSU/DSU 	ເບິ່ງ Channel Service Unit/Data Service Unit.
Ctrl key 	ເບິ່ງ Control key.
cubic spline 	ເສັ້ນໂຄ້ງທີ່ເຊື່ອມຕໍ່ຈຸດ ຢ່າງຕໍ່ເນື່ອງໂດຍໃຊ້ສົມຜົນຂອງ Cubic.
current 	ກະແສໄຟຟ້າ, ຫມາຍເຖິງການໄຫລຂອງເອເລັກຕຣົງ ມີຫົວຫນ່ວຍເປັນ Amperes (1 Ampere = 6.2*1018 ເອເລັກຕຣົງ ຕໍ່ວິນາທີ).
current directory 	ໄດເຣັກທໍຣີທີ່ເຮັດວຽກໃນຂະນະນັ້ນ ແລະ ເປັນໄດເຣັກທໍຣີທີ່ DOS ເກັບ ແລະ ດຶງຟາຍມາໃຊ້ວຽກໄດ້.
cursor 	ເຄີເຊີ, ຕົວກະພິບນ້ອຍໆໃນຈໍພາບເຮັດຫນ້າທີ່ບອກໃຫ້ຮູ້ວ່າຕົວອັກສອນທີ່ຈະປ້ອນຕົວຕໍ່ໄປຈະປະກົດຢູ່ບ່ອນໃດ. ໃນພາວະສະແດງຜົນແບບຕົວຫນັງສື, ເຄີເຊີມັກຈະເປັນສີ່ຫລ່ຽມ ຫລື ເສັ້ນຂີດກ້ອງກະພິບຢູ່ຕະຫລອດເວລາ. ໃນພາວະແບບ GUI ນັ້ນເຄີເຊີຈະມີຫລາຍຮູບແບບ, ຂື້ນຢູ່ກັບວ່າຂະນະນັ້ນເຮັດຫຍັງ ຫລື ເລື່ອນໄປຢູ່ທີ່ສ່ວນໃດຂອງຈໍພາບ. ໃນ Macintosh ແລະ Microsoft Windows ນັ້ນເຄີເຊີຮູບຕົວ I ຈະບອກຕໍາແຫນ່ງທີ່ຂໍ້ຄວາມ ຫລື ພາບກຣາບຟິກຈະໄປຢູ່.
cursor keys 	ປຸ່ມເລື່ອນເຄີເຊີ, ປຸ່ມໃນແປ້ນພິມທີ່ໃຊ້ເລື່ອນເຄີເຊີໄປມາ, ປຸ່ມເຄີເຊີໃນແປ້ນພິມໄອບີເອັມຈະຊ້ອນຢູ່ໃນແປ້ນຕົວເລກ. ປຸ່ມເລື່ອນເຄີເຊີຈໍານວນ 8 ປຸ່ມໄດ້ແກ່ລູກສອນເລື່ອນຂື້ນ/ລົງ, ລູກສອນເລື່ອນຊ້າຍ/ຂວາ, ປຸ່ມ Home/End ແລະ ປຸ່ມ PgUp/PgDn.
cusp node 	ຈຸດທີ່ມີການປ່ຽນແປງໂດຍທັນທີທັນໃດ.
custom network 	ເຄືອຂ່າຍພິເສດສໍາລັບລູກຄ້າ, ຫມາຍເຖິງເຄືອຂ່າຍທີ່ໃຊ້ໂປຣແກຣມທີ່ຂຽນຂຶ້ນມາໃຫມ່ສໍາລັບລູກຄ້າທີ່ໃຊ້ຄອມພິວເຕີ.
customer relations 	ຄວາມສໍາພັນທີ່ເກີດຂຶ້ນຈາກການຕິດຕໍ່ກັນລະຫວ່າງຜູ້ຊື້ ແລະ ຜູ້ຂາຍ.
cut and paste 	ຕັດ ແລະ ວາງ, ການລຶບຂໍ້ຄວາມ ຫລື ພາບກຣາບຟິກໃນຈໍພາບແລ້ວສາມາດວາງຢູ່ໃສກໍ່ໄດ້ໃນຈໍພາບ.
cutting 	ກໍາມະວິທີການຕັດຕໍ່ພາບເຄື່ອນໄຫວ.
cutting copy 	ພາບ ແລະ ແຖບສຽງເຊິ່ງຖືກຄັດເລືອກເອົາໄວ້ແບບຊົ່ວຄາວ.
cutting room 	ຫ້ອງຕັດຕໍ່ພາບ, ເປັນຫ້ອງຕັດຕໍ່ ແລະ ຈັດລໍາດັບຮູບເງົາ.
cyber-city 	ພື້ນທີ່ ຫລື ຂອບເຂດທີ່ກໍານົດໃຫ້ເປັນສະຖານທີ່ສໍາລັບການວິໄຈ ແລະ ການພັດທະນາທາງດ້ານຂໍ້ມູນຂ່າວສານ.
cyber-crime 	ອາດສະຍາກໍາທາງອິນເຕີເນັດ.
cyber-law 	ກົດຫມາຍທີ່ໃຊ້ໃນອິນເຕີເນັດ ເຊັ່ນ ກົດຫມາຍການຄ້າເອເລັກໂຕຣນິກ.
cyber-security 	ຄວາມປອດໄພທາງອິນເຕີເນັດ.
cyberspace 	ຂອບເຂດ ຫລື ບໍລິເວນທີ່ເຊື່ອມຕໍ່ກັນໄດ້ດ້ວຍລະບົບຄອມພິວເຕີໂດຍສະເພາະໃນໂລກອິນເຕີເນັດ.
cycle for word 	ການປ່ຽນຂອງພາບສະໄລເທື່ອລະພາບໃຊ້ເວລາປະມານ 1-2 ວິນາທີ.
cycle time reduction 	ເວລາທີ່ຫລຸດລົງໃນການກະທໍາໃນຂະບວນການໃດຫນຶ່ງເຊິ່ງມັກເກີດຈາກການໃຊ້ໄອທີເຂົ້າມາຊ່ວຍ.
Cyclical Redundancy Check 	ໃຊ້ຄໍາຫຍໍ້ວ່າ CRC, ເຕັກນິກການກວດສອບຄວາມຜິດພາດຂອງຂໍ້ມູນ, ວິທີການກວດຈັບຄວາມຜິດພາດທີ່ໃຊ້ກວດສອບຄວາມຖືກຕ້ອງໃນການສົ່ງຂໍ້ມູນ, ນໍາໃຊ້ໃນໂປຣໂຕຄອນສື່ສານຫລາຍໆອັນ ເຊັ່ນ XMODEM.
cylinder 	ຮາດດິດທີ່ມີຈານແມ່ເຫລັກຕັ້ງແຕ່ 2 ອັນຂຶ້ນໄປ, ແຕ່ລະອັນມີສອງດ້ານ ແຕ່ລະດ້ານແບ່ງອອກເປັນວົງຍ່ອຍໆຕາມແນວສູນກາງ ເອີ້ນວ່າ track ແລະ ທຸກ track ທີ່ຢູ່ໃນຕໍາແຫນ່ງວົງດຽວກັນໃນດິດ ເອີ້ນວ່າ cylinder.
cynosure 	ຈຸດສົນໃຈ, ຈຸດດຶງດູດໃຈ.
unzip 	 ການຄາຍຟາຍຂໍ້ມູນ ທີ່ຖືກບີບອັດດ້ວຍໂປຣແກຣມ pkzip
up 	ຂະບວນການທີ່ຄອມພິວເຕີ ຫຼື ເຄືອຂ່າຍໃຫ້ເຂົ້າສູ່ສະພາວະເຮັດວຽກ
update 	ການປ່ຽນແປງຂໍ້ມູນໃຫ້ເປັນຂໍ້ມູນປະຈຸບັນ, ການປັບລະບົບໃຫ້ທັນສະໄໝຂຶ້ນ
upgrade 	ການຍົກລະດັບ, ການປັບປຸງລະບົບ ຫຼື ຟາຍຂໍ້ມູນໃຫ້ດີຍິ່ງຂຶ້ນ, ທັນສະໄໝ ແລະ ມີສະມັດຖະພາບສູງຂຶ້ນ
uplink 	ເຊື່ອມໂຍງຂຶ້ນສູ່ດາວທຽມ, ໝາຍເຖິງອຸປະກອນເຊິ່ງສົ່ງສັນຍານຂຶ້ນສູ່ດາວທຽມ
upload 	ການຖ່າຍໂອນຟາຍຈາກຄອມພິວເຕີທີ່ໃຊ້ງານ ໄປຫາຄອມພິວເຕີທີ່ສູນບໍລິການ
upper memory 	ຄຳນີ້ໃຊ້ຢູ່ໃນເຄື່ອງ PC ເມື່ອເວົ້າເຖິງສ່ວນໜຶ່ງຂອງໜ່ວຍຄວາມຈຳທີ່ DOS ບໍ່ໄດ້ໃຊ້ກັບໂປຣແກຣມ ເຊິ່ງແຕ່ກ່ອນເອີ້ນວ່າ ໜ່ວຍຄວາມຈຳສຳຮອງ (Reserved Memory) ທີ່ໄອບີເອັມກຽມໄວ້ໃຊ້ໃນຄອມພິວເຕີລຸ້ນທຳອິດ
upper sideband 	ແຖບຄວາມຖີ່ຂ້າງຄຽງ ດ້ານສູງ
Uppercase 	ຕົວໜັງສືໃຫຍ່, ຄຳນີ້ມາຈາກຕົວຮຽງພິມ. ຕາມປົກກະຕິຜູ້ຮຽງພິມຈະຈັດຮຽງຕົວອັກສອນໂລຫະຕ່າງໆ ໃນບະລັອກເທິງຖາດທີ່ເຂົາຕ້ອງການມາໃຊ້ວຽກ ແລະ ຈັດຮຽງເທິງຖາດ ໂດຍທີ່ເຂົາຈະແຍກວາງຕົວອັກສອນຕົວໃຫຍ່ໄວ້ໃນກ່ອງເບື້ອງເທິງ (upper case) ແລະ ຕົວອັກສອນຕົວນ້ອຍໄວ້ໃນກ່ອງເບື້ອງລຸ່ມ (lower case)
Upstream 	ຄຳທີ່ໃຊ້ເອີ້ນເຄືອຂ່າຍຫຼັກ, ເຊິ່ງເປັນເຄືອຂ່າຍທີ່ມີເຄືອຂ່າຍສ່ວນອື່ນເຊື່ອມຕໍ່ເຂົ້າມາ ແລະ ໃຊ້ເປັນຊ່ອງທາງຜ່ານຂອງຂໍ້ມູນ
Uptime 	ຊ່ວງເວລາທີ່ສາມາດເຂົ້າໃຊ້ເຄື່ອງຄອມພິວເຕີໄດ້, ຊ່ວງເວລາທີ່ໃຫ້ບໍລິການ
USENET news 	ຂ່າວທີ່ເຜີຍແຜ່ໃນບໍລິການ USENET
User 	ຜູ້ໃຊ້, ຜູ້ທີ່ເຂົ້າໃຊ້ລະບົບຄອມພິວເຕີ, ຜູ້ທີ່ໃຊ້ຄອມພິວເຕີ
user account 	 ບັນຊີຜູ້ໃຊ້, ເປັນການສ້າງລະບົບການເຮັດວຽກໃຫ້ກັບຄອມພິວເຕີເຄື່ອງດຽວ ໃຫ້ມີຜູ້ໃຊ້ໄດ້ຫຼາຍໆຄົນ
user agent 	ຊື່ເອີ້ນທົ່ວໄປຂອງໂປຣແກຣມ e-mail
user group 	ກຸ່ມຜູ້ໃຊ້, ສະມາຄົມ ຫຼື ການລວມຕົວຂອງຜູ້ໃຊ້ຄອມພິວເຕີທີ່ອຸທິດຕົນເພື່ອການສຶກສາສ່ວນໃດສ່ວນໜຶ່ງຂອງຮາດແວ ຫຼື ຊອບແວໂດຍສະເພາະ
user ID 	ລະຫັດປະຈຳຕົວຜູ້ໃຊ້
user interface 	ການໂຕ້ຕອບກັບຜູ້ໃຊ້
user name 	ຊື່ຜູ້ໃຊ້ເຄືອຂ່າຍ
user profile 	ຄຳໂຄສະນາສັ້ນໆໃນເຄືອຂ່າຍທີ່ກ່ຽວກັບຕົວສະມາຊິກ ຫຼື ຜູ້ໃຊ້, ເຊິ່ງຜູ້ທີ່ຢູ່ໃນລະບົບອື່ນກໍສາມາດເຂົ້າມາເບິ່ງໄດ້ ເພື່ອຈະຮູ້ວ່າກຳລັງລົມກັບໃຜຢູ່, ຜູ້ໃຊ້ມັກຈະຂຽນເລື່ອງລາວຂອງຕົວເອງສັ້ນໆທີ່ບອກກ່ຽວກັບຊື່, ອາຍຸ, ທີ່ຢູ່
utility 	ສິ່ງທີ່ອຳນວຍຄວາມສະດວກ, ຊອບແວທີ່ເອົາມາຊ່ວຍແກ້ໄຂ ຫຼື ເພີ່ມຄວາມສາມາດໃຫ້ແກ່ລະບົບ
utility program software 	ໂປຣແກຣມເຄື່ອງມື
Uuencode 	ໂປຣແກຣມສຳລັບໃຊ້ແປງຂໍ້ມູນໄບນາຣີ ໃຫ້ເປັນຮູບແບບຂອງແອັດສະກີ ແລະ ສາມາດປ່ຽນກັບຄືນໄດ້ດວ້ຍໂປຣແກຣມ Uuencode value-added network ໃຊ້ຄຳຫຍໍ້ວ່າ VAN ເຊິ່ງເປັນເຄືອຂ່າຍຄອມພິວເຕີທີ່ມີຜູ້ດູແລໂດຍສະເພາະ
DAC 	 ເບິ່ງ Digital to Analog Converter.
Daemon 	ໂປຣແກຣມທີ່ເຮັດວຽກຢູ່ເບື້ອງຫລັງ, ເຮັດຫນ້າທີ່ຮວບຮວມຂໍ້ມູນ ຫລື ເຮັດຫນ້າທີ່ຈັດການລະບົບຂອງລະບົບປະຕິບັດການ. ເດມອນບາງປະເພດຈະເຮັດວຽກເອງໂດຍອັດຕະໂນມັດເມື່ອເກີດເຫດການຂຶ້ນ, ບາງປະເພດກໍ່ເຮັດຕາມໄລຍະເວລາ.
daisy chain 	ການຕໍ່ອຸປະກອນເຂົ້າກັນຕາມລໍາດັບການເຊື່ອມສິ່ງຕ່າງໆເຂົ້ານໍາກັນ, ໃນເວີດໂປຣເຊັດເຊີ ການພິມແບບ daisy chain ຫມາຍເຖິງການພິມເອກະສານເທື່ອລະຊຸດຕໍ່ກັນ.
Darkroom 	ຫ້ອງມືດ, ຫ້ອງພິເສດເພື່ອລ້າງຟີມ.
Darnthing 	ຄໍາທົ່ວໄປທີ່ຜູ້ເລີ່ມຕົ້ນ ຫລື ຜູ້ຊ່ຽວຊານເວົ້າຄືກັນເມື່ອປະເຊີນຫນ້າກັບບັນຫາຄອມພິວເຕີທີ່ບໍ່ຮູ້ຈະແກ້ແນວໃດ ຫລື ຮູ້ຈັກກັນດີວ່າເປັນ *&amp;^%$!!
Data 	ຂໍ້ມູນ, ຂໍ້ມູນຕາມແບບທີ່ເຫມາະກັບຫານປະມວນຜົນດ້ວຍຄອມພິວເຕີ ເຊັ່ນ ຂໍ້ຄວາມ, ຕົວເລກ, ກຣາບຟິກ ຫລື ສຽງທີ່ແທນດ້ວຍດິຈິຕອນ.
data acquisition 	ການໄດ້ຮັບຂໍ້ມູນ.
data area 	ພື້ນທີ່ຂໍ້ມູນ, ສ່ວນຂອງຟະລັອບປີດິດ ຫລື ຮາດດິດທີ່ DOS ຈອງໄວ້ໃຫ້ໃຊ້ຕໍ່ຈາກ boot record, partition table, root directory ແລະ file allocation table, ເຊິ່ງໂປຣແກຣມຈັດຮູບແບບຈະເປັນຜູ້ຈັດການ. ພື້ນທີ່ບໍລິເວນນີ້ເປັນສ່ວນທີ່ໃຫຍ່ທີ່ສຸດຂອງດິດ ເຊິ່ງຈະເປັນບ່ອນເກັບໂປຣແກຣມ ແລະ ຟາຍຂໍ້ມູນ.
data bank 	ທະນາຄານຂໍ້ມູນ, ສາງຂໍ້ມູນ, ແຫລ່ງເກັບຮວບຮວມຂໍ້ມູນ.
data bits 	ບິດຂໍ້ມູນ, ຄ່າພາຣາມິດເຕີຂອງການຕິດຕໍ່ກັນທາງ RS-232 ເຊິ່ງອາດຈະໃຊ້ 7 ບິດ ຫລື 8 ບິດ ແທນຄ່າແຕ່ລະຕົວອັກສອນ.
data capture 	ການຍຶດເກັບຂໍ້ມູນ, ເປັນວິທີການປ່ຽນຂໍ້ມູນໃຫ້ໄປເປັນຮູບແບບທີ່ເຄື່ອງຈັກສາມາດອ່ານເຂົ້າໃຈໄດ້.
data communication 	ການສື່ສານຂໍ້ມູນ, ການໂອນຍ້າຍ ຫລື ຮັບສົ່ງຂໍ້ມູນຈາກຄອມພິວເຕີເຄື່ອງຫນຶ່ງໄປຫາອີກເຄື່ອງຫນຶ່ງໂດຍເຊື່ອມໂຍງການສື່ສານ, ການໂອນຍ້າຍຂໍ້ມູນອາດເຮັດໄດ້ເປັນຄັ້ງຄາວ ໂດຍໃຊ້ໂມເດັມແບບຫມູນເຂົ້າໄປ ຫລື ແບບຕໍ່ເນື່ອງໂດຍໃຊ້ສາຍ ຫລື ຜ່ານດາວທຽມ.
data compression 	ການບີບອັດຂໍ້ມູນ, ວິທີການເຂົ້າລະຫັດຂໍ້ມູນເພື່ອໃຫ້ຂະຫນາດຂອງຂໍ້ມູນນ້ອຍກວ່າເກົ່າ.
data conferencing 	ການສົ່ງຂໍ້ມູນດ້ວຍສຽງ ຫລື ວີດີໂອ.
data decompression 	ການຄາຍຟາຍຂໍ້ມູນທີ່ບີບອັດໄວ້, ເພື່ອໃຫ້ສາມາດເອົາມາໃຊ້ວຽກໄດ້ເຊິ່ງການບີບ ແລະ ການຄາຍຂໍ້ມູນນີ້ຈະຕ້ອງໃຊ້ໂປຣແກຣມສະເພາະ ເຊັ່ນ WinZip ເປັນຕົ້ນ.
data dictionary 	ວັດຈະນານຸກົມຂໍ້ມູນ, ໃນລະບົບຖານຂໍ້ມູນຕາຕະລາງຫລັກທີ່ເກັບກໍາຂໍ້ກໍານົດຂອງສິ່ງຕ່າງໆໃນຖານຂໍ້ມູນ ໂດຍຈະເກັບຂໍ້ມູນກ່ຽວກັບຂໍ້ມູນໃນຖານຂໍ້ມູນໄດ້ແກ່ປະເພດ record ແລະ field. ນອກຈາກນັ້ນຍັງລວມເຖິງໄລຍະຂອງຄ່າທີ່ໄດ້ຮັບ ແລະ ສິດທິໃນການເຂົ້າໃຊ້ຂໍ້ມູນ. Data dictionary ເປັນຟາຍລະບົບ, ບໍ່ແມ່ນຟາຍຂອງຜູ້ໃຊ້.
data encryption 	ການເຂົ້າລະຫັດຂໍ້ມູນ, ຖ້າຫາກບໍ່ສາມາດຖອດລະຫັດ ຈະບໍ່ສາມາດອ່ານໄດ້.
Data Encryption Standard 	ໃຊ້ຄໍາຫຍໍ້ວ່າ DES, ມາດຕະຖານການເຂົ້າລະຫັດ ແລະ ການຖອດລະຫັດຂໍ້ມູນ.
data entry 	ການບັນທຶກຂໍ້ມູນເຂົ້າໃສ່ແຜ່ນບັນທຶກ ຫລື ເຂົ້າໃສ່ເຄື່ອງຄອມພິວເຕີ, ໂດຍການປ້ອນຂໍ້ມູນ ເຊັ່ນ ປ້ອນຜ່ານທາງແປ້ນພິມ, ການສະແກນ.
data fork 	ຟາຍໃນເຄື່ອງ Macintosh ທັງຫມົດມີ 2 ສ່ວນໄດ້ແກ່ resource forkແລະ data fork. ໂດຍທີ່ data fork ເປັນສ່ວນທີ່ເກັບຂໍ້ມູນເຊິ່ງເປັນຂໍ້ມູນຈິງທີ່ໂປຣແກຣມຕ້ອງການເອົາມາໃຊ້ວຽກ. ສ່ວນ resource fork ໃຊ້ເກັບຄໍາສັ່ງ, ເພື່ອໃຫ້ໂປຣແກຣມເຮັດວຽກ ຫລື ໃຊ້ຂໍ້ມູນທີ່ເປັນຊັບພະຍາກອນຈໍາເປັນອື່ນໆ ເຊັ່ນ ຟອນ, ໄອຄອນ, ເມນູ ແລະ ອື່ນໆ.
data integrity 	ຄວາມຖືກຕ້ອງ ແລະ ການເຂົ້າກັນໄດ້ຂອງຂໍ້ມູນ.
data link 	ການເຊື່ອມໂຍງຂໍ້ມູນ.
data logger 	ຕົວບັນທຶກຂໍ້ມູນ.
data management program system 	ລະບົບໂປຣແກຣມຈັດການຂໍ້ມູນ, ຫມາຍເຖິງຊຸດຄໍາສັ່ງເຊິ່ງກໍານົດເພື່ອດູແລ ແລະ ຄວບຄຸມຂໍ້ມູນ.
data mining 	ແຫລ່ງເກັບຂໍ້ມູນ, ການເກັບຂໍ້ມູນຄວາມຕ້ອງການຂອງລູກຄ້າ.
data rate 	ອັດຕາການຮັບ/ສົ່ງຂໍ້ມູນ.
data reconstruction 	ການສ້າງຂໍ້ມູນຂື້ນມາໃຫມ່.
data reduction 	ການຫລຸດຂໍ້ມູນລົງ.
data set 	1. ອຸປະກອນແປງຂໍ້ມູນໃຫ້ເປັນສັນຍານ ເພື່ອສາມາດສົ່ງໄປຕາມຊ່ອງສື່ສານໄດ້ ເຊັ່ນ MODEM 2. ຟາຍທີ່ເອີ້ນຕາມຊື່ຂອງແຕ່ລະ ລະບົບປະຕິບັດການທີ່ແຕກຕ່າງກັນ.
data sink 	ອຸປະກອນຮັບຂໍ້ມູນ.
data source 	ອຸປະກອນສົ່ງຂໍ້ມູນ.
data structures 	ໂຄງສ້າງຂໍ້ມູນ, ຮູບແບບການຈັດລະບຽບຂອງຂໍ້ມູນ, ຄໍາທີ່ໂປຣແກຣມເມີໃຊ້ເພື່ອອະທິບາຍວິທີການເກັບຂໍ້ມູນພາຍໃນໂປຣແກຣມ, ຕັ້ງແຕ່ recordໃນຟາຍຖານຂໍ້ມູນໄປຈົນເຖິງ matrix ໃນໂປຣແກຣມການວິເຄາະທາງສະຖິຕິເຊິ່ງຈັດຂໍ້ມູນໃນແບບຕັກກະສາດ, ເພື່ອໃຫ້ລະບົບງານເອົາໄປປະມວນຜົນໄດ້. ໂຄງສ້າງຂໍ້ມູນທີ່ມັກໃຊ້ໄດ້ແກ່ array, record, tree, linked, list ແລະ ສິ່ງອື່ນໆ. ເບິ່ງ algorithm.
data tablet 	ຕົວແປງເປັນຕົວເລກ.
data terminal equipment 	ເປັນອຸປະກອນທີ່ຢູ່ປາຍທາງຂອງການສື່ສານທີ່ໃຊ້ເຊື່ອມຕໍ່ທີ່ສາມາດຮັບສົ່ງຂໍ້ມູນໄດ້, ເຊິ່ງມັກຫມາຍເຖິງຄອມພິວເຕີ ຫລື Terminal.
data transfer 	ການເຄື່ອນຍ້າຍຂໍ້ມູນພາຍໃນລະບົບຄອມພິວເຕີ, ການຖ່າຍໂອນຂໍ້ມູນໄປຫາຕໍາແຫນ່ງໃຫມ່ ຫລື ອຸປະກອນເກັບຂໍ້ມູນອື່ນໆ.
data transmission 	ການສົ່ງຂໍ້ມູນ.
data types 	ຊະນິດຂອງຂໍ້ມູນ, ເຊັ່ນ ຕົວອັກສອນ, ຕົວເລກ, ວັນທີ ເປັນຕົ້ນ.
data warehouse 	ສູນລວມຂໍ້ມູນ, ສູນລວມຂອງຂໍ້ມູນຈາກບ່ອນຕ່າງໆທີ່ສາມາດເຂົ້າເຖິງໄດ້ງ່າຍ ແລະ ໃຊ້ຊ່ວຍໃນການຕັດສິນໃຈໄດ້.
data/fax modem 	ໂມເດັມທີ່ສາມາດສົ່ງຂໍ້ມູນ ແລະ ແຟັກໄດ້.
database 	ຖານຂໍ້ມູນ, ແມ່ນການຮວບຮວມຂໍ້ມູນເຊິ່ງມີຄວາມສໍາພັນເຊິ່ງກັນ ແລະ ກັນເປັນກຸ່ມ, ສາມາດເອີ້ນມາໃຊ້ ຫລື ປັບແຕ່ງຢ່າງເປັນລະບົບ.
Database Administrator 	ໃຊ້ຄໍາຫຍໍ້ວ່າ DBA, ຜູ້ທີ່ເຮັດຫນ້າທີ່ຄຸ້ມຄອງຖານຂໍ້ມູນໃນອົງກອນ, ກໍານົດຮູບແບບລັກສະນະຂໍ້ມູນ, ໂຄງສ້າງ ແລະ ວິທີດໍາເນີນງານກັບຖານຂໍ້ມູນ, ສິດທິໃນການເຂົ້າເຖິງຂໍ້ມູນເປັນຕົ້ນ.
Database Management System 	ລະບົບຈັດການຖານຂໍ້ມູນ, ໃຊ້ຄໍາຫຍໍ້ວ່າ DBMS, ຊອບແວລະບົບງານທີ່ຄວບຄຸມຂໍ້ມູນໃນຖານຂໍ້ມູນ, ລວມທັງຈັດການອົງປະກອບຂໍ້ມູນທັງຫມົດທີ່ຈັດເກັບການຄົ້ນຂໍ້ມູນ, ການຮັກສາຄວາມປອດໄພ ແລະ ຄວາມຖືກຕ້ອງຂອງຂໍ້ມູນ. DBMS ຍັງຈັດຮູບແບບລາຍງານເພື່ອພິມອອກມາໄດ້, ລວມທັງສົ່ງ ແລະ ດຶງຂໍ້ມູນໄປມາລະຫວ່າງໂປຣແກຣມລະບົບງານອື່ນໆໄດ້. ໂດຍໃຊ້ຮູບແບບຟາຍມາດຕະຖານ, ພາສາຈັດການຂໍ້ມູນຊ່ວຍໃຫ້ຄົ້ນຂໍ້ມູນຈາກຖານຂໍ້ມູນໄດ້.
database model 	ວິທີການທີ່ໃຊ້ພາຍໃນລະບົບຈັດການຖານຂໍ້ມູນ ເພື່ອຈັດການໂຄງສ້າງຖານຂໍ້ມູນ. ຮູບແບບຂອງຖານຂໍ້ມູນທີ່ໃຊ້ຫລາຍແມ່ນຖານຂໍ້ມູນແບບສໍາພັນ.
Datagram 	ຫນ່ວຍ ຫລື packet ຂໍ້ມູນທີ່ສົ່ງໄປໃນລະບົບເຄືອຂ່າຍ TCP/IP. ໃນແຕ່ລະ datagram ຈະປະກອບດ້ວຍແຫລ່ງທີ່ມາ, ຕໍາແຫນ່ງປາຍທາງ ແລະ ຕົວຂໍ້ມູນ.
DataNet 	ເຄື່ອງຫມາຍການຄ້າ ແລະ ບໍລິການສື່ສານຂໍ້ມູນຂອງອົງການໂທລະສັບແຫ່ງປະເທດໄທ. ເປັນວົງຈອນເຊົ່າ, ເຊິ່ງໃຫ້ບໍລິການສົ່ງຂໍ້ມູນ ໂດຍຄວບຄຸມພື້ນທີ່ທົ່ວກຸງເທບ ແລະ ຕ່າງຈັງຫວັດຂອງປະເທດໄທ.
Daughterboard 	ແຜ່ນວົງຈອນລູກ, ແຜ່ນວົງຈອນທາງເລືອກເຊິ່ງສຽບເຂົ້າໄປໃນແຜ່ນວົງຈອນຫລັກຂອງຄອມພິວເຕີ ເນື່ອງຈາກແຜ່ນວົງຈອນຫລັກຂອງຄອມພິວເຕີເອີ້ນວ່າ: ແຜ່ນວົງຈອນແມ່, ແຜ່ນວົງຈອນທາງເລືອກຈິ່ງຖືກເອີ້ນວ່າ: ແຜ່ນວົງຈອນລູກ, ໂດຍຈະເຮັດຫນ້າທີ່ເພີ່ມເຕີມຂື້ນມາ.
dBASE 	ດີເບດ, ໂປຣແກຣມຖານຂໍ້ມູນ.
DC 	ຫຍໍ້ມາຈາກ Direct current, ໄຟຟ້າກະແສກົງ.
de facto standard 	ມາດຕະຖານຕາມຄວາມນິຍົມ.
dead spot 	ຈຸດບອດ.
dead start 	ເບິ່ງ boot
Deadlock 	ສະພາວະຕິຄັດ, ສະພາວະເຮັດວຽກຂອງສອງເຫດການທີ່ເກີດຂື້ນໃນຂະບວນການດຽວກັນ ໂດຍທີ່ທັງສອງຝ່າຍລໍຖ້າໃຫ້ມີການເຮັດວຽກເກີດຂື້ນ.ດັ່ງນັ້ນຈຶ່ງບໍ່ສາມາດເຮັດວຽກຕໍ່ໄປໄດ້ ເຊັ່ນ ໃນຂະນະທີ່ຜູ້ໃຊ້ສອງຄົນເຮັດວຽກຂໍ້ມູນຂອງຕົນເອງຢູ່ ແລະ ຕ່າງກໍ່ຕ້ອງການດຶງຂໍ້ມູນຂອງອີກຝ່າຍທີ່ກໍາລັງໃຊ້ວຽກຢູ່ນັ້ນນໍາຈິ່ງເຮັດໃຫ້ເກີດສະພາວະນີ້ຂື້ນ.
Deblurring 	ການປະມວນຜົນຮູບພາບທາງດິຈິຕອນ ໃນການແກ້ໄຂພາບທີ່ບໍ່ແຈ້ງ.
Debug 	ການກໍາຈັດບັນຫາໃນໂປຣແກຣມ, ເຊິ່ງໂປຣແກຣມເມີຈະພະຍາຍາມກວດສອບໂປຣແກຣມທີ່ພັດທະນາຢູ່.
debugger 	ດີບັກເກີ, ຫມາຍເຖິງໂປຣແກຣມທີ່ກວດສອບ ແລະ ແກ້ໄຂຈຸດຜິດພາດໃນໂປຣແກຣມ. ເປັນໂປຣແກຣມພິເສດທີ່ມີມາກັບຄອມພາຍເລີເຮັດຫນ້າທີ່ຊ່ວຍໂປຣແກຣມເມີຫາ ແລະ ແກ້ໄຂຂໍ້ຜິດພາດໃນໂປຣແກຣມ. ຄອມພາຍເລີຈະກວດສອບຂໍ້ຜິດພາດທາງໄວຍາກອນທີ່ໂປຣແກຣມຈະເຮັດວຽກ, ແຕ່ບໍ່ໄດ້ກວດສອບຂໍ້ຜິດພາດທາງຕັກກະ ຫລື ຕົວເລກ, ດີບັກເກີໃຫ້ໂປຣແກຣມກວດສອບໃນໂປຣແກຣມເປັນຂັ້ນໆ.
DEC 	ຫຍໍ້ມາຈາກ Digital Equipment Corporation, ເຊິ່ງເປັນບໍລິສັດຜູ້ຜະລິດຄອມພິວເຕີຂະຫນາດໃຫຍ່.
decapsulation 	ຂະບວນການຖອດສ່ວນຫົວຂອງຂໍ້ມູນອອກ.
decentralized computing 	ການກະຈາຍລະບົບຄອມພິວເຕີເປັນລະບົບຍ່ອຍໆ.
decentralized data processing 	ການປະມວນຜົນຂໍ້ມູນແບບແຍກຈາກສູນລວມ.
decibel 	ດີຊີເບວ, ໃຊ້ຄໍາຫຍໍ້ວ່າ dB, ຫົວຫນ່ວຍວັດແທກລະດັບຂອງສັນຍານ.
decimal 	ເລກເສດ/ເລກຖານສິບ.
decimal number 	ເລກຖານສິບ, ຈໍານວນທີ່ໃຊ້ຕົວເລກ 0, 1, 2, 3, 4, 5, 6, 7, 8, 9 ໃນເລກຖານສິບທົ່ວໄປ. ເບິ່ງ binary, hexadecimal ແລະ octal.
Decision Suport System 	ລະບົບຊ່ວຍໃນການຕັດສິນໃຈ, ໃຊ້ຄໍາຫຍໍ້ວ່າ DSS, ເປັນລະບົບຄອມພິວເຕີແບບເຄິ່ງໂຄງສ້າງທີ່ມີແຫລ່ງຂໍ້ມູນຈາກ MIS ແລະ ຈາກຂ້າງນອກ.
declarative knowledge 	ຄວາມຮູ້ເດີມ, ຄວາມຮູ້ກ່ຽວກັບຄວາມຈິງ.
declare 	ການປະກາດຕົວປ່ຽນ.
DECnet 	ເຄື່ອງຫມາຍການຄ້າຂອງບໍລິສັດ DEC (Digital Equipment Corporation).
decoder 	ຕົວຖອດລະຫັດ/ວົງຈອນຖອດລະຫັດ.
decoding 	ການຖອດລະຫັດ, ວິທີການປ່ຽນສັນຍະລັກລະຫັດໃຫ້ກັບໄປເປັນຄ່າເດີມ ຫລື ຂໍ້ມູນຮູບແບບເດີມ.
decompress 	ການຄາຍຂໍ້ມູນ, ການຄາຍຂໍ້ມູນທີ່ຖືກບີບໃຫ້ມີຂະຫນາດເທົ່າເດີມ, ເບິ່ງ data decompression
decrypt/decryption 	ການຖອດລະຫັດຂໍ້ມູນ, ການແປງພາສາເຊິ່ງຖືກເຂົ້າລະຫັດໄວ້ຢູ່ທີ່ບໍ່ສາມາດອ່ານໄດ້ໃຫ້ອອກມາເປັນຂໍ້ຄວາມທີ່ສາມາດເຂົ້າໃຈໄດ້. ເບິ່ງ encryption.
decryption key 	ຊຸດຂໍ້ມູນທີ່ເປັນກະແຈໃຊ້ໃນການຖອດລະຫັດຂໍ້ມູນໃຫ້ກັບມາອ່ານໄດ້ຄືເກົ່າ.
DECT 	ຫຍໍ້ມາຈາກ Digital European Cordless Telecommunication, ລະບົບໂທລະຄົມມະນາຄົມທີ່ບໍ່ໃຊ້ສາຍແບບດິຈິຕອນເຊິ່ງເປັນມາດຕະຖານຂອງຍູໂຣບ.
Dedicated 	ການເຮັດວຽກພຽງຢ່າງໃດຢ່າງຫນຶ່ງ ຫລື ກໍານົດໃຫ້ໃຊ້ໃນວຽກສະເພາະ. ເປັນຄໍາອະທິບາຍເຖິງອຸປະກອນທີ່ເຮັດຫນ້າທີ່ພຽງຫນ້າທີ່ດຽວ ເຊັ່ນ ຄອມພິວເຕີເຄື່ອງຫນຶ່ງໃນສໍານັກງານອາດຈະເປັນ Word processor ທີ່ເອົາໄວ້ໃຊ້ສະເພາະ, ບໍ່ໄດ້ເອົາໄປໃຊ້ຫລີ້ນເກມ ຫລື ໃຊ້ e-mail ໃນທາງທີ່ຜິດ.
dedicated line 	ສາຍສື່ສານທີ່ກໍານົດໃຫ້ໃຊ້ໃນວຽກໃດວຽກຫນຶ່ງໂດຍສະເພາະ.
Defamation 	ການປະກາດຂໍ້ມູນຂອງບຸກຄົນອື່ນທີ່ບໍ່ຖືກຕ້ອງຕາມຄວາມເປັນຈິງ.
Default 	ຄ່າທີ່ກໍາຫນົດໂດຍໄວ້ກ່ອນ, ຄ່າທີ່ກໍານົດໂດຍຄອມພິວເຕີ ຫລື ໂປຣແກຣມເຄືອຂ່າຍໂດຍອັດຕະໂນມັດເມື່ອບໍ່ໄດ້ກໍາຫນົດຄ່າສະເພາະໄວ້ລ່ວງຫນ້າ.
default directory 	ໄດເຣັກທໍຣີໃນຮາດດິດທີ່ຄອມພິວເຕີໃຊ້, ຖ້າບໍ່ໄດ້ລະບຸໃນຄໍາສັ່ງໃຫ້ໃຊ້ໃນໄດເຣັກທໍຣີອື່ນ.
default drive 	ຊ່ອງໃສ່ດິດທີ່ຄອມພິວເຕີຄົ້ນຫາ, ຖ້າບໍ່ມີຄໍາສັ່ງອື່ນທີ່ບອກໃຫ້ໄປຫາບ່ອນອື່ນ.
default logic 	ລະບົບກ່ຽວກັບຄວາມຈິງ ຫລື ກົດເກນຕ່າງໆທີ່ມີຄວາມສໍາຄັນກວ່າຄວາມຈິງອື່ນ.
default value 	ຄ່າໂດຍປະລິຍາຍ/ຄ່າທີ່ກໍານົດໄວ້ໃຫ້ກ່ອນ, ຫມາຍວ່າຖ້າບໍ່ມີການເລືອກຕົວເລືອກທີ່ກໍານົດມາໃຫ້, ຄອມພິວເຕີຈະເລືອກ ຫລື ກໍານົດຄ່າໃຫ້ດ້ວຍຄ່າທີ່ຖືກກໍານົດໄວ້ກ່ອນ.
defect 	ການເປ່ເພ, ຂໍ້ບົກພ່ອງ.
Defense Data Network 	ໃຊ້ຄໍາຫຍໍ້ວ່າ DDN, ເຄືອຂ່າຍຂໍ້ມູນທາງການທະຫານຂອງປະເທດສະຫະລັດອາເມລິກາ.
deflection 	ການຫັນເຫ.
defragment 	ການຈັດການພື້ນທີ່ແຕ່ລະສ່ວນຂອງຟາຍຂໍ້ມູນໃນຮາດດິດ ທີ່ຢູ່ແບບກະແຈກກະຈາຍ, ໂດຍເອົາມາໃກ້ກັນເພື່ອໃຫ້ສາມາດໃຊ້ວຽກໄດ້ງ່າຍ ແລະ ໄວຂື້ນ. ເບິ່ງfragmentation.
degauss 	ການລຶບສະຫນາມແມ່ເຫລັກໄຟຟ້າ, ເຊັ່ນ ການລ້າງສະຫນາມແມ່ເຫລັກຈາກຫນ້າຈໍຄອມພິວເຕີ.
degeneration 	ການເສື່ອມສະພາບ.
degree measure 	ວິທີການວັດແທກມູມ.
degree of freedom 	ລະດັບຂັ້ນຄວາມອິດສະຫລະພາບ, ຫມາຍເຖິງການເຄື່ອນໄຫວ ຫລື ການປ່ຽນແປງໃດໆຂອງສ່ວນປະກອບພາຍໃນລະບົບ, ໂດຍທີ່ບໍ່ເຮັດໃຫ້ລະບົບປ່ຽນແປງ.
delay 	ການຖ່ວງເວລາ.
delayed feedback 	ການປ້ອນກັບແບບຖ່ວງເວລາ.
Delete key 	ປຸ່ມລຶບໃນແປ້ນພິມ, ບາງແປ້ນພິມຂຽນຫຍໍ້ວ່າ DEL, ໃຊ້ລຶບຕົວອັກສອນທີ່ຢູ່ທາງຂວາຂອງເຄີເຊີ.
delimited file 	ຟາຍຂໍ້ຄວາມທໍາມະດາ ທີ່ເກັບຂໍ້ມູນຈາກຖານຂໍ້ມູນໂດຍບໍ່ມີຮູບແບບພິເສດອື່ນໃດຢູ່ນໍາ. ຟາຍນີ້ໃຊ້ເພື່ອໂອນຍ້າຍຂໍ້ມູນໃນຖານຂໍ້ມູນໄປມາລະຫວ່າງລະບົບງານທີ່ຕ່າງກັນ. ໃນຟາຍນີ້ຈະມີຫນຶ່ງ record ຕໍ່ຫນຶ່ງແຖວ ແລະ ແຕ່ລະ field ມັກຈະແຍກກັນດ້ວຍ tab ຊ່ອງວ່າງ, ຂະນະທີ່ແຖວທໍາອິດຈະເກັບຊື່ຂອງ field.
delimiters 	ສັນຍາລັກທີ່ໃຊ້ບອກຈຸດເລີ່ມຕົ້ນ ຫລື ຈຸດສິ້ນສຸດຂອງໂປຣແກຣມ.
delivery system 	ລະບົບການສົ່ງ, ການໃຊ້ປະໂຫຍດຈາກເຄືອຂ່າຍວິທະຍຸກະຈາຍສຽງ ຫລື ໂທລະທັດເພື່ອກະຈາຍຂ່າວສານ.
Delphi Technique 	ເຕັກນິກເດນຟາຍ, ຫມາຍເຖິງວິທີການພິຈາລະນາເພື່ອຄົ້ນຫາຄໍາຕອບ ແລະ ກວດສອບຢ່າງເປັນລະບົບຂອງເລື່ອງໃດຫນຶ່ງ, ໂດຍການອອກແບບຄໍາຖາມຢ່າງລະມັດລະວັງ ແລະ ຕໍ່ເນື່ອງ.
demand 	ຮ້ອງຂໍ, ຄວາມຕ້ອງການຂອງຜູ້ຊົມໃຊ້.
demibold 	ເຄິ່ງຕົວຫນາ, ຢູ່ລະຫວ່າງແບບປົກກະຕິ ແລະ ແບບຕົວຫນາ.
demo 	ຫຍໍ້ມາຈາກ demonstration, ການສາທິດການເຮັດວຽກຂອງເຄື່ອງ ຫລື ການໃຊ້ວຽກໂປຣແກຣມ, ເຊິ່ງອາດເຮັດໃນລັກສະນະຂອງແຜ່ນໂປຣແກຣມສາທິດເພື່ອໃຫ້ຜູ້ສົນໃຈທົດລອງນໍາໄປໃຊ້ກ່ອນທີ່ຈະສັ່ງຊື້ຊອບແວແທ້ມາໃຊ້.
demodulation 	ການແຍກສັນຍານ.
demodulator 	ຕົວແຍກສັນຍານ.
demon 	ເບີ່ງ Daemon.
demon dialer 	ໂປຣແກຣມທີ່ໂທລະສັບເຂົ້າໄປຫາຫມາຍເລກເດີມຊໍ້າໄປຊໍ້າມາ, ໂປຣແກຣມສໍາລັບໂມເດັມທີ່ໃຊ້ຫມຸນຫມາຍເລກໂທລະສັບ, ຈາກຫມາຍເລກຫນຶ່ງໄປຫາອີກຫມາຍເລກຫນຶ່ງເຊັ່ນຫມາຍເລກ 555-000 ໄປເຖິງ 555-999, ເຊິ່ງຈະເກັບຫມາຍເລກເຫລົ່ານີ້ລົງໃນດິດ ແລະ ໂປຣແກຣມຈະເຮັດວຽກ ຈົນກວ່າໄປພົບໂມເດັມອີກຕົວຫນຶ່ງ. ການເຮັດວຽກເຊັ່ນນີ້ເປັນວິທີຫນຶ່ງທີ່ນັກເຈາະລະບົບໃຊ້ຄົ້ນຫາຫມາຍເລກໂທລະສັບທີ່ຕໍ່ເຂົ້າເຄື່ອງອື່ນ
denotation 	ການສາທິດ.
density 	ຄວາມຫນາແຫນ້ນ, ຄວາມເຂັ້ມ.
depository library 	ຫ້ອງສະຫມຸດຮັບຝາກ.
depth of field 	ໄລຍະຫ່າງລະຫວ່າງຈຸດໂຟກັດ ທີ່ຢູ່ໃກ້ກ້ອງທີ່ສຸດກັບຈຸດໂຟກັດທີ່ຢູ່ໄກກ້ອງທີ່ສຸດ.
depth of focus 	ໄລຍະຫ່າງລະຫວ່າງເລນ ແລະ ຟີມທີ່ບັນຈຸຢູ່ໃນກ້ອງເມື່ອມີການບັນທຶກພາບຈະເກີດຄວາມຊັດເຈນທີ່ສຸດ.
descender 	ສ່ວນຂອງຕົວອັກສອນທີ່ຕໍ່າກວ່າຕົວອັກສອນອື່ນ ເຊັ່ນ ຕົວອັກສອນ p, y ແລະ g ເມື່ອທຽບກັບຕົວ a, c ແລະ x ເປັນຕົ້ນ.
de-scramble 	ແກ້ສັນຍານລົບກວນ.
descriptor 	ຫມາຍເຖິງພະຍາງຫນຶ່ງ ຫລື ຫລາຍພະຍາງທີ່ຂຽນຕິດໄວ້ໃນເອກະສານໃດຫນຶ່ງເພື່ອສະແດງຕໍາແຫນ່ງ ຫລື ການຄົ້ນຄືນເຊິ່ງເອີ້ນອີກຊື່ຫນຶ່ງວ່າ keyword.
deselect 	ການຍົກເລີກການເລືອກ, ການປ່ຽນໃຈຫລັງຈາກເລືອກສິ່ງໃດສິ່ງຫນຶ່ງ ເຊັ່ນ ຍົກເລີກການເນັ້ນຕົວເລືອກ ຫລື ລຶບເຄື່ອງຫມາຍການເລືອກ.
design 	ການອອກແບບ.
desk accessory 	ໂປຣແກຣມທີ່ມີໃຊ້ໃນເຄື່ອງ Macintosh ເຊັ່ນ ເຄື່ອງຄິດເລກ, ໂມງຕັ້ງໂຕະ, control panel ເປັນຕົ້ນ.
deskew 	ການຍົກເລີກຄໍາສັ່ງ skew.
desktop 	ຫມາຍເຖິງພື້ນທີ່ຫນ້າຈໍທັງຫມົດເວລາເປີດເຄື່ອງຄອມພິວເຕີ ທີ່ມີລະບົບປະຕິບັດການ Windows ຂຶ້ນມາໂດຍຈະພະຍາຍາມຈໍາລອງໃຫ້ຄືໂຕະເຮັດວຽກໃນຕົວຈິງ. ໄອຄອນຕ່າງໆທີ່ຢູ່ໃນຫນ້າຈໍກໍ່ຄືກັບອຸປະກອນທີ່ຢູ່ຫນ້າໂຕະເຮັດວຽກ ເຊັ່ນ ເຄື່ອງຄິດເລກ, ໂມງຕັ້ງໂຕະ ແລະ ອື່ນໆ, ຄອມພິວເຕີທີ່ສະແດງຈໍພາບແບບ desktop ນີ້ໄດ້ແກ່ Windows, Macintosh ແລະ OS/2.
desktop computer 	ຄອມພິວເຕີແບບຕັ້ງໂຕະ.
desktop publishing 	ການຈັດພິມດ້ວຍການນໍາໃຊ້ຄອມພິວເຕີຊ່ວຍໃນການອອກແບບ.
destination address 	ເລກທີ່ຢູ່ປາຍທາງ.
destination code 	ລະຫັດປາຍທາງ.
detection 	ການກວດຫາ.
detector 	ຕົວກວດຫາ.
dev/null 	ອຸປະກອນທາງເຕັກນິກໃນຄອມພິວເຕີຍູນິກທີ່ບໍ່ໄດ້ເຮັດຫຍັງ, ບໍ່ໄດ້ສ້າງຫຍັງ ລະ ຮັບເອົາອັນໃດກໍ່ໄດ້ເຂົ້າມາເປັນຂໍ້ມູນ ແລະ ບໍ່ໄດ້ສົນໃຈຫຍັງ. ຕາມປົກກະຕິdev/null ໃຊ້ເພື່ອສະແດງເຖິງຄົນສະເຫນີຄວາມຄິດທີ່ບໍ່ມີປະໂຫຍດ.
developer 	ຜູ້ສ້າງ ຫລື ຜູ້ພັດທະນາ, ນໍ້າຢາອັດຮູບ, ທາດເຮັດໃຫ້ເກີດພາບໂດຍມີປະຕິກິລິຍາທາງເຄມີເທິງແຜ່ນຟີມ.
developing tank 	ຖັງອັດຮູບ, ຖັງຂະຫນາດໃຫຍ່ສໍາລັບບັນຈຸຟີມ.
development bath 	ສານລະລາຍເຄມີທີ່ໃຊ້ໃນການອັດຮູບ.
developmental testing 	ການກວດສອບຄວາມກ້າວຫນ້າ.
deviation 	ການບ່ຽງເບນ, ການບິດເບືອນ.
device 	ອຸປະກອນ, ເຊັ່ນອຸປະກອນທີ່ຕໍ່ເຂົ້າກັບຄອມພິວເຕີ ຫລື ຮາດແວປະເພດຕ່າງໆທີ່ຮັບຂໍ້ມູນໄດ້ ເຊັ່ນ ເຄື່ອງພີມ, ໂມເດັມ, ຫນ້າຈໍ, ຊ່ອງໃສ່ດິດ ຫລື mouse ທີ່ໃຊ້ສົ່ງ ຫລື ຮັບຂໍ້ມູນ, ອຸປະກອນຕ່າງໆຕ້ອງການຊອບແວພິເສດຊື່ device driver ເພື່ອຄວບຄຸມ ແລະ ຈັດການອຸປະກອນ ເຫລົ່ານັ້ນ.
device driver 	ໂປຣແກຣມພິເສດທີ່ມີຂະຫນາດນ້ອຍທີ່ເຮັດໃຫ້ຄອມພິວເຕີຕິດຕໍ່ ແລະ ຄວບຄຸມອຸປະກອນໄດ້.
device node 	ໄດເຣັກທໍຣີຂອງອຸປະກອນຕ່າງໆຂອງລະບົບຍູນິກ.
DF 	ຫຍໍ້ມາຈາກ Direction Finder, ຕົວຫາທິດທາງ.
Dhrystone 	ຊື່ໂປຣແກຣມທີ່ໃຊ້ທົດສອບຄວາມໄວຂອງໄມໂຄຣໂປເຊັດເຊີ, ວາລະສານຄອມພິວເຕີໃຊ້ການວັດແບບ Dhrystone ນີ້ເປັນມາດຕະຖານໃນການຕັດສິນປະສິດທິພາບການເຮັດວຽກ ຂອງຄອມພິວເຕີຫລາຍຊະນິດທີ່ແຕກຕ່າງກັນ, ເຊິ່ງມັກຈະບອກເປັນຈໍານວນຄັ້ງທີ່ໂປຣແກຣມຈະເຮັດວຽກໄດ້ຕໍ່ວິນາທີ.
diagnostic program 	ໂປຣແກຣມທີ່ທົດສອບຄອມພິວເຕີ ແລະ ຊ່ວຍຄົ້ນຫາປັນຫາທີ່ເຮັດໃຫ້ລະບົບການເຮັດວຽກບໍ່ໄດ້ດີເທົ່າທີ່ຄວນ.
diagnostic tools 	ເຄື່ອງມືສໍາລັບການສັງເກດ ແລະ ການທົດສອບການເຊື່ອມຕໍ່ກັບລະບົບອິນເຕີເນັດ.
dial 	ຕໍ່ເລກຫມາຍ.
dial access information retrieval 	ການຄົ້ນຫາຂໍ້ມູນຂ່າວສານທາງໂທລະສັບ.
dial tone 	ສຽງສັນຍານໃນເວລາຈະຕິດຕໍ່ເລກຫມາຍ.
dial up 	ຫມາຍເຖິງໃຊ້ໂມເດັມຫມູນໂທລະສັບເຊື່ອມເຂົ້າໄປໃນເຄືອຂ່າຍ ຫລື ຄອມພິວເຕີປາຍທາງເພື່ອຂໍເຂົ້າໃຊ້ລະບົບ.
dialing 	ການຕໍ່ເລກຫມາຍ.
dialog box 	ຂອບສົນທະນາ, ເປັນຂອບທີ່ສະແດງຜົນຂຶ້ນມາເພື່ອຂໍ ຫລື ສະແດງຂໍ້ມູນ, ເປັນການໂຕ້ຕອບລະຫວ່າງຜູ້ໃຊ້ກັບຊອບແວ. ໂດຍຕ້ອງປ້ອນຂໍ້ມູນເພີ່ມເຂົ້າໄປເພື່ອເຮັດວຽກຕໍ່. ຂອບສົນທະນາຂອບດຽວອາດມີຫລາຍຢ່າງຢູ່ພາຍໃນ ເຊັ່ນ ຂອບຂໍ້ຄວາມ, ຂອບສະແດງລາຍການ, ປຸ່ມຄໍາສັ່ງ ຫລື ອື່ນໆ, ຂຶ້ນກັບຈຸດປະສົງຂອງຂອບສົນທະນານັ້ນ.
dialup account 	ບັນຊີໃນເຄືອຂ່າຍຕ້ອງໃຊ້ໂມເດັມຫມຸນໂທລະສັບເຊື່ອມເຂົ້າໄປໃຊ້.
dialup connection 	ການເຮັດການເຊື່ອມຕໍ່ເຄື່ອງຄອມພິວເຕີໂດຍຜ່ານສາຍໂທລະສັບ.
dialup IP 	ການເຊື່ອມຕໍ່ເຄື່ອງຄອມພິວເຕີໄລຍະໄກ ໂດຍການໃຊ້ໂມເດັມຫມູນໂທລະສັບເຊື່ອມຕໍ່ເຂົ້າໄປໃນເຄືອຂ່າຍ ແລະ ຄອມພິວເຕີທີ່ໃຊ້ວຽກຈະຮັບເລກທີ່ຢູ່ IP ປະຈໍາເຄື່ອງ. ຕ່າງກັບການເຊື່ອມແບບ terminal ເຊິ່ງຄອມພິວເຕີຈະເຮັດຫນ້າທີ່ເປັນພຽງ terminal ທີ່ບໍ່ມີຫມາຍເລກ IP ປະຈໍາຕົວ.
dialup line 	ວົງຈອນເຊິ່ງເຊື່ອມຕໍ່ລະຫວ່າງເຄືອຂ່າຍສອງເຄືອຂ່າຍ ໂດຍໃຊ້ສາຍໂທລະສັບ ແລະ ການເຊື່ອມຕໍ່ຈະເກີດຂຶ້ນໄດ້ກໍ່ຕໍ່ເມື່ອມີການໃຊ້ໂມເດັມຫມູນຫມາຍເລກໂທລະສັບເພື່ອຂໍເຊື່ອມຕໍ່ຈາກເຄືອຂ່າຍຫນຶ່ງ ໄປຫາອີກເຄືອຂ່າຍຫນຶ່ງ ແລະ ເລີກຕິດຕໍ່ເມື່ອວາງໂທລະສັບ.
dialup network 	ຄຸນສົມບັດຫນຶ່ງໃນ Windows 95 ທີ່ຊ່ວຍໃນການເຊື່ອມຕໍ່ເຂົ້າສູ່ອິນເຕີເນັດໄດ້ໂດຍໃຊ້ໂປຣໂຕຄອນ PPP ຫລື SLIP, ການເຊື່ອມຕໍ່ລະບົບເຄືອຂ່າຍໂດຍໃຊ້ການຫນຸນໂທລະສັບຜ່ານທາງໂມເດັມ.
diaphragm 	ແຜ່ນຈານໃນໄມໂຄຣໂຟນເຊິ່ງເຮັດຫນ້າທີ່ຮັບສຽງ ຫລື ກວຍໃນລໍາໂພງທີ່ເຮັດຫນ້າທີ່ກໍາເນີດສຽງ.
dichroic 	ແຜ່ນສະທ້ອນເຮັດຫນ້າທີ່ສະທ້ອນແສງ ແລະ ຄວາມຮ້ອນຈາກຫລອດໃນເຄື່ອງສາຍ ຫລື ເອີ້ນອີກຊື່ຫນຶ່ງວ່າ cold mirror.
differential sensitivity 	ຄວາມໄວຕໍ່ຄວາມແຕກຕ່າງ, ຫມາຍເຖິງຄວາມສາມາດຂອງແບບທົດສອບ ຫລື ເຄື່ອງມືວັດແທກໃນອັນທີ່ຈະສະແດງຄວາມແຕກຕ່າງຢ່າງລະອຽດໃນສິ່ງທີ່ຖືກວັດແທກ.
diffuse 	ເຄື່ອງມືຂອງໂປຣແກຣມຕົບແຕ່ງຮູບພາບ.
Tagged Image File Format 	 ໃຊ້ຄໍາຫຍໍ້ວ່າ TIFF, ຮູບແບບຂອງການເກັບພາບກຣາບຟິກ ທີ່ພາບ, ຟາຍຊະນິດ ນີ້ເປັນພາບ ແບບເມັດພາບ ທີ່ມີຄວາມລະອຽດສູງ
take up spool 	ລໍ້ຮັບຟີມ ໝາຍເຖິງແກນມ້ວນ ຫຼື ລໍ້ຟີມເຊິ່ງມີໜ້າທີ່ຮັບຟີມໃນຂະນະທີ່ມີການບັນທຶກ ຫຼື ຫຼິ້ນ
talking book 	ໜັງສືທີ່ມີລັກສະນະແຖບສຽງ ຫຼື ຈານສຽງໃຊ້ສໍາລັບຜູ້ພິການທາງສາຍຕາ
tampering 	ການລັກລອບຕໍ່ສາຍສົ່ງຂໍ້ມູນ
tape cassette 	ກະແຊັດເທັບ
tape deck 	ເຄື່ອງຫຼິ້ນເທັບບັນທຶກສຽງທີ່ບໍ່ມີລຳໂພງ ປົກກະຕິຈະຕິດຕັ້ງໄວ້ໃນອາຄານ ຫຼື ໂຕະອຸປະກອນໂດຍເຊື່ອມຕໍ່ກັບລະບົບ
tape drive 	ອຸປະກອນສໍາລັບບັນທຶກຂໍ້ມູນ ແລະ ອ່ານຂໍ້ມູນຈາກເທັບ
tape format 	ຮູບແບບເທັບ, ບອກເຖິງລັກສະນະແຕກຕ່າງຂອງເທັບ ດ້ານຂະໜາດ ຄວາມກວ້າງໜາຂອງເທັບແຕ່ລະຊະນິດ
tape library 	ຫ້ອງສະໝຸດເທັບ
tape loop 	ເທັບທີ່ມີຈຸດຕໍ່ເນື່ອງທີ່ຈຸດເລີ່ມຕົ້ນ ແລະ ຈຸດທ້າຍຂອງສາຍເທັບເພື່ອການຫຼິ້ນທີ່ຕໍ່ເນື່ອງກັນ
tape speed 	ຄວາມໄວຂອງເສັ້ນເທັບທີ່ເຄື່ອນທີ່ຜ່ານຈຸດກໍານົດໄວ້ແນ່ນອນ
tar 	ໂປຣແກຣມເກັບສໍາຮອງ ແລະ ບັນທຶກຂໍ້ມູນທີ່ໃຊ້ກັນໃນຢູນິກ
target 	ເປົ້າໝາຍ, ຕໍາແໜ່ງທີ່ສໍາເນົາຂໍ້ມູນໄປເກັບໄວ້, ສິ່ງທີ່ຕ້ອງການຄົ້ນຫາ
target advertisements 	ການໂຄສະນາທີ່ສາມາດຕິດຕໍ່ໄປຫາ web page ຂອງຜູ້ຜະລິດໄດ້ໂດຍການກົດປຸ່ມ
target population 	ປະຊາຊົນທີ່ເປັນກຸ່ມເປົ້າໝາຍ
Task 	ວຽກງານ/ພາລະກິດ, ວຽກງານທີກໍານົດໃຫ້ຄອມພິວເຕີດໍາເນີນການ
task analysis 	ການວິເຄາະວຽກງານ
task force 	 ກອງກໍາລັງ, ການຈັດອົງກອນ ຫຼື ຄະນະກໍາມະການຊົ່ວຄາວ
task switching 	ການສະຫຼັບການເຮັດວງຽກຂອງໂປຣແກຣມໃນຄອມພິວເຕີ
taskbar 	ທັດສະບາ, ແຖບທີ່ຢູ່ດ້ານລຸ່ມຂອງຈໍພາບເຊິ່ງໃນ Windows ຈະມີປຸ່ມ Start ຢູ່
TDM 	ຫຍໍ້ມາຈາກ Time Division Multiplex , ການລວມການສົ່ງສັນຍານແບບແບ່ງເວລາ
TDMA 	ຫຍໍ້ມາຈາກ Time Division Multiplex Access, ການຮ່ວມໃຊ້ຊ່ອງສັນຍານແບບແບ່ງເວລາ
teach text 	ໂປຣແກຣມ editor ຂໍ້ຄວາມແບງ່າຍໆ ທີ່ຜູ້ໃຊ້ Macintosh ໃຊ້ອ່ານ ແລະ ສະແດງຜົນຟາຍ
tear-off menus 	ເມນູທີ່ແຍກອອກມາຈາກແຖບເມນູໄດ້ (ເປັນແບບສັນຍາລັກ) ແລະ ນຳໄປວາງໄວ້ບ່ອນໃດກໍໄດ້ໃນຈໍພາບ, ເມນູ tear-off, ບໍ່ຄ່ອຍນິຍົມໃຊ້
technical support 	ການເຜີຍແຜ່ຂໍ້ມູນ, ການໃຫ້ຄຳແນະນຳ ແລະ ການໃຫ້ຄວາມຊ່ວຍເຫຼືອທາງດ້ານເຕັກນິກແກ່ຜູ້ໃຊ້ຜະລິດຕະພັນຮາດແວ ແລະ ຊອບແວທີ່ລົງທະບຽນໄວ້
technology 	ວິທະຍາການ/ເຕັກໂນໂລຊີ, ວິຊາທີ່ກ່ຽວກັບສິລະປະຂອງອຸດສາຫະກຳວິທະຍາສາດປະຍຸກວິສະວະກຳສາດ ແລະ ອື່ນໆ, ການໃຊ້ຄວາມຮູ້ທາງດ້ານວິທະຍາສາດ ແລະ ວິສະວະກຳສາດມາປັບປຸງແກ້ໄຂ ແລະ ພັດທະນາຄວາມເປັນຢູ່ຂອງປະຊາຊົນໃຫ້ດີຂຶ້ນ
telecommunication 	ໂທລະຄົມມະນາຄົມ, ການສົ່ງຜ່ານຂໍ້ມູນໄປສູ່ຈຸດໝາຍທີ່ຢູ່ຫ່າງໄກອອກໄປ, ເຕັກໂນໂລຊີ ການສື່ສານ ແລະ ການຮັບສົ່ງຂໍ້ມູນທຸກຮູບແບບ ເຊັ່ນ ໂທລະສັບ, ໂທລະເລກ, ວິທະຍຸ ແລະ ອື່ນໆ. ການສົ່ງຂໍ້ມູນດິຈິຕອນ, ການໂອນຍ້າຍຂໍ້ມູນຈາກຄອມພິວເຕີເຄື່ອງໜຶ່ງໄປຫາອີກເຄື່ອງ ເຊິ່ງຜ່ານການເຊື່ອມຕໍ່ທາງໂທລະສັບ ເປັນຕົ້ນ
telecommunication fraud 	 ການລັກລອບໃຊ້ບໍລິການໃນເຄືອຂ່າຍໂທລະຄົມມະນາຄົມ, ການສື່ສານໃດໆບໍ່ວ່າຈະເປັນສັນຍານສຽງ ຫຼື ສັນຍານຂໍ້ມູນຜ່ານທາງລະບົບເຄືອຂ່າຍໂທລະຄົມມະນາຄົມ
telecommunication satellite 	ດາວທຽມໂທລະຄົມມະນາຄົມ
telecommunications 	ສາຂາວິຊາໂທລະຄົມມະນາຄົມ
Telecommuter 	ຜູ້ທີ່ໃຊ້ຄອມພິວເຕີໃນການເຮັດວຽກໃຫ້ສຳນັກງານຢູ່ເຮືອນ ໂດຍໃຊ້ເຊື່ອມຕໍ່ຄອມພິວເຕີມາຫາເຄືອຂ່າຍຂອງບໍລິສັດ ດ້ວຍເຕັກໂນໂລຊີເຊື່ອມຕໍ່ໄລຍະໄກ
Telecommuting 	ການເຮັດວຽກທາງໄກ, ການເຮັດວຽກຢູ່ເຮືອນດ້ວຍການໃຊ້ລະບົບເອເລັກໂຕຣນິກຜ່ານທາງເຄືອຂ່າຍ ໂດຍບໍ່ຕ້ອງເດີນທາງມາເຮັດວຽກຢູ່ສຳນັກງານໂດຍກົງ, ການເຮັດວຽກຢູ່ເຮືອນດ້ວຍຄອມພິວເຕີທີ່ຕໍ່ເຂົ້າໄປຫາສຳນັກງານຜ່ານໂມເດັມ ແລະ ສາຍໂທລະສັບແທນການເດີນທາງເຂົ້າໄປຫາສຳນັກງານ ເຊິ່ງຊ່ວຍປະຢັດເວລາ, ຫຼຸດມົນລະພິດ, ຫຼຸດຄວາມຄຽດ. ແຕ່ວຽກງານບາງຢ່າງບໍ່ສາມາດໃຊ້ກັບ telecommuting ໄດ້ ເຊັ່ນ ການເຊື່ອມຕໍ່ໂລຫະ ແລະ ການຜ່າຕັດສະໝອງ ເປັນຕົ້ນ
Teleconference 	ການປະຊຸມທາງໄກ
tele-education 	ໂທລະສຶກສາ
Teleinformatics 	ສາຂາວິຊາ ທີ່ກ່ຽວຂອງກັບການນຳໃຊ້ເຕັກນິກຄອມພິວເຕີຮ່ວມກັບ ໂທລະຄົມມະນາຄົມ ເພື່ອເຂົ້າເຖິງເຄືອຂ່າຍຈາກໄລຍະໄກ
telephone instruction 	ການສອນທາງໂທລະສັບ, ການບັນຍາຍທາງໄກ
telephone set 	ເຄື່ອງໂທລະສັບ
telephony 	ວິຊາການໂທລະສັບ, ວິທະຍາການຂອງການເຮັດໃຫ້ເກີດໂທລະສັບ, ສຽງທີ່ຖືກປ່ຽນແປງໄປເປັນສັນຍານໄຟຟ້າ ທີ່ເດີນທາງຕາມສາຍສັນຍານ ແລະ ປ່ຽນແປງກັບມາເປັນສຽງຢູ່ປາຍທາງສຸດທ້າຍອີກຄັ້ງໜຶ່ງ
diffuse lighting 	 ການໃຫ້ແສງແບບແຜ່ກະຈາຍ, ຫມາຍເຖິງການເຮັດໃຫ້ແສງນຸ່ມນວນຂື້ນໂດຍໃຊ້ຕົວແຜ່ກະຈາຍ.
diffusion transfer process 	ວິທີການຖ່າຍພາບແບບແຜ່ແສງ.
digest 	ການຮວບຮວມຈົດຫມາຍຂ່າວຫລາຍໆສະບັບ ຫລື ເລື່ອງທີ່ກ່ຽວຂ້ອງກັນລວມເປັນຂ່າວສານກຸ່ມດຽວກັນ ເພື່ອສົ່ງອອກໄປໃນຄັ້ງດຽວກັນ.
digit 	ເລກຫລັກດຽວ.
digital 	ດີຈິຕອນ, ຫມາຍເຖິງສະຖານະສອງຢ່າງທີ່ແຍກກັນ ເຊັ່ນ ເປີດ ຫລື ປິດ. ຄອມພິວເຕີທຸກເຄື່ອງເປັນດິຈິຕອນ ເພາະປະກອບດ້ວຍຕົວສະຫລັບປິດເປີດນັບລ້ານຕົວ ແລະ ອຸປະກອນທີ່ແທນຄ່າໃນແບບໄບນາຣີ.
digital audio tape 	ເທັບບັນທຶກສຽງແບບດິຈີຕອນໃຊ້ເກັບບັນທຶກຂໍ້ມູນ.
Digital Branch Exchange 	ໃຊ້ຄໍາຫຍໍ້ວ່າ DBX, ລະບົບການລຶບສຽງລົບກວນຂອງເທັບ ຫລື ຂອງເຄື່ອງເອເລັກໂຕຣນິກ.
digital camera 	ກ້ອງດິຈິຕອນ, ກ້ອງທີ່ໃຊ້ຖ່າຍຮູບໄດ້ໂດຍບໍ່ຕ້ອງໃຊ້ຟີມ, ເກັບພາບເປັນຟາຍຂໍ້ມູນ ຊ່ວຍໃຫ້ສາມາດຖ່າຍໂອນພາບໄປຫາເຄື່ອງຄອມພິວເຕີໄດ້ໂດຍກົງ. ຊ່ວຍໃຫ້ສາມາດແກ້ໄຂ, ຕົບແຕ່ງ ແລະ ນໍາພາບໄປໃຊ້ວຽກໃນເອກະສານໄດ້ ເຊັ່ນ ໃສ່ລົງໃນເວັບ, ຕິດຄັດຟາຍໄປກັບ e-mail.
digital cash 	ວິທີການຈ່າຍເງິນທາງເອເລັກໂຕຣນິກແທນການໃຊ້ເງິນສົດ.
digital certificate 	ໃບຮັບຮອງດິຈິຕອນ, ເອກະສານທາງເອເລັກໂຕຣນິກທີ່ອອກໂດຍສະຖາບັນຜູ້ອອກໃບຮັບຮອງດິຈິຕອນ ທີ່ເຊື່ອຖືໄດ້ເພື່ອໃຊ້ໃນການຮັບຮອງວ່າ ບໍລິສັດ ຫລື ບຸກຄົນທີ່ເປັນເຈົ້າຂອງທີ່ແທ້ຈິງ.
digital computer 	ຄອມພິວເຕີດິຈິຕອນ, ຫມາຍເຖິງຄອມພິວເຕີທີ່ປະມວນຜົນຂໍ້ມູນໃນຮູບແບບໄບນາຣີ.
Digital Cordless Telephone System 	ໃຊ້ຄໍາຫຍໍ້ວ່າ DCTS, ລະບົບໂທລະສັບທີ່ບໍ່ໃຊ້ສາຍແບບດິຈິຕອນ.
Digital Data Network 	ໃຊ້ຄໍາຫຍໍ້ວ່າ DDN, ເປັນເຄືອຂ່າຍຂໍ້ມູນເຮັດວຽກແບບດິຈິຕອນ, ໃຊ້ໃນວົງຈອນເຊື່ອມຕໍ່ໂມເດັມແບບວົງຈອນດິຈິຕອນ.
digital image processing 	ການປະມວນຜົນຮູບພາບດ້ວຍລະບົບດິຈິຕອນ.
Digital Loop Carrier 	ໃຊ້ຄໍາຫຍໍ້ວ່າ DLC, ລະບົບນໍາສັນຍານດິຈິຕອນແບບວົນຮອບ.
digital marketplace 	ຕະຫລາດອິນເຕີເນັດ.
Digital Optical Disc 	ໃຊ້ຄໍາຫຍໍ້ວ່າ DOD, ແຜ່ນແສງແບບດິຈິຕອນເຊິ່ງເປັນແຜ່ນດິດແບບດິຈິຕອນທີ່ອອກແບບໄວ້ສໍາລັບບັນທຶກ, ເກັບ ແລະ ຄົ້ນຫາຂໍ້ມູນດ້ວຍການໃຊ້ແສງເລເຊີ.
digital press 	ເຄື່ອງພິມທີ່ສາມາດພິມຈາກຟາຍໂດຍກົງ.
Digital Research 	ບໍລິສັດທີ່ຜະລິດລະບົບປະຕິບັດການລະບົບທໍາອິດ ໃຫ້ໄມໂຄຣຄອມພິວເຕີໂດຍມີຊື່ທາງການຄ້າວ່າ CP/M ແຕ່ມາປະລາໄຊໃຫ້ແກ່ໄມໂຄຣຊອບ ແລະ DOS ໃນຍຸກ 1980 ແລະ ຫລັງຈາກນັ້ນໄດ້ຜະລິດ DR-DOS ຂຶ້ນມາແຕ່ Novell ກໍ່ຊື້ໄປໃນທີ່ສຸດ.
digital signal 	ສັນຍານດິຈິຕອນ.
Digital Signal Processor 	ໃຊ້ຄໍາຫຍໍ້ວ່າ DSP, ຊິບຄວາມໄວສູງຄືກັບໄມໂຄຣໂປຣເຊັດເຊີ ທີ່ກ່ຽວຂ້ອງກັບສຽງໂດຍສະເພາະ. DSP ມັກໃຊ້ໃນຄອມພິວເຕີເພື່ອເພີ່ມຄວາມໄວຕົວກໍາເນີດສຽງ ຫລື ເພື່ອເພີ່ມຄວາມສາມາດໃນລະບົບວຽກງານຕິດຕໍ່ສື່ສານລະບົບກຣາບຟິກ ຫລື ຂະບວນການໃດໆທີ່ຕ້ອງການໃຊ້ຄວາມໄວ.
digital signature 	ລາຍເຊັນແບບດິຈິຕອນ, ລາຍເຊັນເອເລັກໂຕຣນິກ, ເປັນຂໍ້ມູນເອເລັກໂຕຣນິກທີ່ໃຊ້ຄືກັບການໃຊ້ລາຍເຊັນຮັບຮອງໃນເອກະສານ ຫລື ລາຍການທາງເອເລັກໂຕຣນິກຕ່າງໆ.
Digital Signature Algorithm 	ໃຊ້ຄໍາຫຍໍ້ວ່າ DSA, ເປັນຂະບວນການເຂົ້າລະຫັດລາຍເຊັນດິຈິຕອນທີ່ຖືກພັດທະນາໂດຍ NIST ໂດຍມີພື້ນຖານມາຈາກຂະບວນການຂອງ EI Gamai.
Digital Signature Standard 	ໃຊ້ຄໍາຫຍໍ້ວ່າ DSS, ມາດຕະຖານການເຂົ້າລະຫັດຂອງລາຍເຊັນດິຈິຕອນ. ເບິ່ງ Digital Signature Algorithm.
digital switching 	ການສະຫລັບສາຍແບບດິຈິຕອນ.
digital system 	ລະບົບດິຈິຕອນ.
Digital to Analog Converter 	ໃຊ້ຄໍາຫຍໍ້ວ່າ DAC, ວົງຈອນເອເລັກໂຕຣນິກ ຫລື ອຸປະກອນທີ່ເຮັດຫນ້າທີ່ໃນການແປງສັນຍານດິຈິຕອນເປັນອານາລັອກ.
digital transmission 	ການສົ່ງທາງດິຈິຕອນ, ການສົ່ງສັນຍານທາງວິທະຍຸ ຫລື ໂທລະທັດໃນຮູບແບບຂອງລະຫັດຕົວເລກຖານສອງ ເຊິ່ງເຮັດໃຫ້ສັນຍານປາສະຈາກສັນຍານລົບກວນ ແລະ ຄວາມຜິດພ້ຽນ.
digital trunk 	ສາຍທີ່ເຊື່ອມໂຍງລະຫວ່າງສອງສູນກາງໂທລະສັບແບບດິຈິຕອນ.
digital video broadcast 	ການກະຈາຍສັນຍານວີດີໂອແບບດິຈິຕອນ.
digitized music 	ເພງໃນຮູບແບບຂໍ້ມູນຂອງຄອມພິວເຕີ.
digitizer 	ອຸປະກອນແປງສັນຍານອານາລັອກໄປເປັນສັນຍານແບບຕົວເລກ.
digitizing 	ການປ່ຽນໄປເປັນດິຈິຕອນ ຫລື ການປ່ຽນການສົ່ງແບບອານາລັອກມາເປັນການສົ່ງແບບດິຈິຕອນ.
dimension 	ມິຕິ, ຂະຫນາດກວ້າງ-ຍາວ-ຫນາ. ໃນໂປຣແກຣມແຕ້ມແບບຫມາຍເຖິງການຈັດການ ແລະ ການສະແດງຂະຫນາດຂອງວັດຖຸ.
dimmed 	ມົວໆ, ທາງເລືອກ ຫລື ຄໍາສັ່ງທີ່ບໍ່ອະນຸຍາດໃຫ້ເລືອກ, ມັກຈະປະກົດຢູ່ໃນຈໍພາບສີຈາງໆ ຫລື ສີເທົາ.
dimmer 	ອຸປະກອນຄວບຄຸມກະແສໄຟຟ້າ.
dingbats 	ຟອນທີ່ປະກອບດ້ວຍຕົວອັກສອນແປກປະຫລາດ ເຊັ່ນ ຕົວອັກສອນກະເຣັກ ແລະ ເອຍິບໂບຮານ ແລະ ຮູບຊົງເລຂາຄະນິດ.
diode 	ອຸປະກອນເອເລັກໂຕຣນິກເຊິ່ງສ້າງຈາກວັດຖຸເຄິ່ງຕົວນໍາ ທີ່ຍອມໃຫ້ກະແສໄຟຟ້າໄຫລຜ່ານໄດ້ໃນທິດທາງດຽວ.
diorama 	ການສ້າງພາບຈໍາລອງແບບສາມມິຕິເພື່ອແທນພາບຈິງ.
dipole antenna 	ສາຍອາກາດທີ່ມີສອງຂວັ້ນ.
DIR 	ຄໍາສັ່ງໃນລະບົບ DOS ທີ່ໃຊ້ສະແດງລາຍຊື່ຟາຍຕ່າງໆທີ່ຢູ່ໃນໄດເຣັກທໍຣີ ຫລື ລາຍຊື່ຟາຍໃນດິດ.
direct access 	ການເຂົ້າເຖິງຂໍ້ມູນໂດຍກົງ.
direct access storage device 	ອຸປະກອນຈັດເກັບ ເຊັ່ນ ຮາດດິດ ເຊິ່ງຈະດຶງຂໍ້ມູນມາໃຊ້ໄດ້ໂດຍກົງ, ໂດຍບໍ່ຕ້ອງອ່ານຂໍ້ມູນທີ່ຢູ່ກ່ອນຫນ້ານັ້ນ ຄືກັບອຸປະກອນແບບອ່ານຕາມລໍາດັບ ເຊັ່ນ ເທັບ ເປັນຕົ້ນ.
Direct Broadcast Satellite 	ໃຊ້ຄໍາຫຍໍ້ວ່າ DBS, ດາວທຽມທີ່ສົ່ງສັນຍານໂທລະພາບໄປຫາຜູ້ຮັບໂດຍກົງ.
Direct Distance Dialing 	ໃຊ້ຄໍາຫຍໍ້ວ່າ DDD, ການຕໍ່ເລກຫມາຍທາງໄກໂດຍກົງ.
direct experience 	ປະສົບການໂດຍກົງ, ເຊິ່ງແມ່ນວິທີການຮຽນຮູ້ທີ່ມີພື້ນຖານຈາກປະສົບການຈິງ ຫລື ສະຖານະໃນຊີວິດຈິງ.
Direct Inward Dialing 	ໃຊ້ຄໍາຫຍໍ້ວ່າ DID, ລະບົບໂທລະສັບທີ່ເປັນດິຈິຕອນທີ່ໃຊ້ເຂົ້າໃນການສື່ສານກັບຄອມພິວເຕີ, ເຊິ່ງອະນຸຍາດໃຫ້ບຸກຄົນພາຍນອກຕໍ່ເລກຫມາຍເຂົ້າໂດຍກົງໄດ້.
direct method 	ວິທີການໂດຍກົງ.
direct print 	ການພິມພາບແບບໂດຍກົງ, ເຊິ່ງເປັນການພິມຂັ້ນຕອນດຽວຈາກແຜ່ນພິມຕົ້ນສະບັບ.
direct teaching 	ການສອນແບບໂດຍກົງ.
Direct to Home 	ໃຊ້ຄໍາຫຍໍ້ວ່າ DTH, ການຮັບສັນຍານໂທລະພາບໂດຍກົງຈາກດາວທຽມ.
directed observation 	ການສັງເກດຕາມແນວທາງທີ່ວາງໄວ້ເພື່ອປັບປຸງການຮຽນ ແລະ ການປະເມີນຜົນ.
directional 	ທິດທາງການຮັບສຽງຂອງໄມໂຄຣໂຟນແບບຮູບຫົວໃຈ (cardiode) ໂດຍເປັນການຮັບສຽງແບບທິດທາງດຽວ.
director 	ຜູ້ອໍານວຍການ, ຜູ້ຮັບຜິດຊອບກ່ຽວກັບຮູບເງົາທັງຫມົດ ເຊັ່ນ ຂະບວນການຜະລິດ ຫລື ການບັນທຶກສຽງຂອງຮູບເງົານັ້ນ.
directory list box 	ຂອບສະແດງລາຍຊື່ໄດເຣັກທໍຣີ, ການສະແດງລາຍຊື່ໄດເຣັກທໍຣີ ແລະ ໄດເຣັກທໍຣີຍ່ອຍໃນໂຄງສ້າງແບບຕົ້ນໄມ້ເປັນລໍາດັບຊັ້ນ.
directory service 	ຖານຂໍ້ມູນເຊິ່ງບັນຈຸໄດເຣັກທໍຣີ ແລະ ຊື່ຜູ້ໃຊ້ວຽກເຄືອຂ່າຍເພື່ອໃຫ້ຜູ້ໃຊ້ສາມາດຄົ້ນຫາຊື່ຜູ້ໃຊ້ຄົນອື່ນໃນເຄືອຂ່າຍໄດ້.
disaster recovery plan 	ແຜນການທີ່ໃຊ້ໃນການແກ້ໄຂ ຫລື ກູ້ລະບົບໃດຫນຶ່ງຄືນ, ໃນກໍລະນີທີ່ລະບົບເສຍຫາຍ.
disc 	ແຜ່ນດິດ, ໃຊ້ບັນທຶກ ຫລື ອ່ານຂໍ້ມູນດ້ວຍການໃຊ້ແສງເລເຊີ, ມີລັກສະນະບໍ່ເປັນແມ່ເຫລັກ, ຄໍາວ່າ disc ຈະໃຊ້ກັບແຜ່ນດິດໂດຍທົ່ວໄປ ເຊັ່ນ compact disc, ແຕ່ແຜ່ນດິດທີ່ໃຊ້ກັບຄອມພິວເຕີທັງຫມົດຈະໃຊ້ຄໍາວ່າ disk.
discipline 	ສາຂາວິຊາ, ວິໄນ.
discretionary hyphen 	ເຄື່ອງຫມາຍຂີດຕໍ່ທີ່ໃຊ້ແທນຕໍາແຫນ່ງທີ່ຂາດໄປ.
discussion group 	ການສົນທະນາເປັນກຸ່ມເຊັ່ນ ກຸ່ມຜູ້ໃຊ້ທີ່ໂຮມກັນເພື່ອອະທິບາຍໃນເລື່ອງທີ່ສົນໃຈທາງເຄືອຂ່າຍ, ໂດຍອາດໃຊ້ໂປຣແກຣມປະເພດຈົດຫມາຍຂ່າວ (mailing lists), ກຸ່ມຂ່າວ (Usenet) ຫລື ການສົນທະນາແບບກຸ່ມທາງເຄືອຂ່າຍ (IRC).
disintermediation 	ການຕິດຕໍ່ລະຫວ່າງຜູ້ຜະລິດກັບຜູ້ບໍລິໂພກໂດຍກົງໂດຍບໍມີນາຍຫນ້າ.
disk 	ແຜ່ນດິດ, ເປັນອຸປະກອນໃຊ້ເກັບຂໍ້ມູນຂອງຄອມພິວເຕີ ມີ 3 ຊະນິດຄື diskette, hard disk ແລະ CD-ROM.
disk cache 	ສ່ວນຫນຶ່ງຂອງຫນ່ວຍຄວາມຈໍາໃນແຜ່ນດິດ ທີ່ຄອມພິວເຕີໃຊ້ເກັບຂໍ້ມູນທີ່ມັກໃຊ້ເລື້ອຍໆ.
disk capacity 	ຂະຫນາດບັນຈຸຂອງແຜ່ນດິດ ຫລື ຮາດດິດ.
disk controller 	ວົງຈອນເອເລັກໂຕຣນິກທີ່ຄວບຄຸມ ແລະ ຈັດການການເຮັດວຽກຂອງຮາດດິດ ຫລື ແຜ່ນດິດ.
disk defragmenter 	ການຈັດຂໍ້ມູນໃຫ້ເປັນລະບຽບ ໂດຍເກັບໄວ້ໃນຮາດດິດເພື່ອປະຫຍັດເວລາໃນການຄົ້ນຫາຟາຍ.
disk drive 	ຊ່ອງໃສ່ແຜ່ນດິດ, ອຸປະກອນທີ່ໃຊ້ອ່ານ ແລະ ຂຽນແຜ່ນດິດ, ເປັນທັງແບບແມ່ເຫລັກ ແລະ ແບບ optical.
disk hog 	ໂປຣແກຣມທີ່ເພີ່ມຂະຫນາດຂຶ້ນເລື້ອຍໆ ຈົນເຕັມເນື້ອທີ່ວ່າງໃນຮາດດິດທີ່ມີຢູ່.
Disk Operating System 	ໃຊ້ຄໍາຫຍໍ້ວ່າ DOS, ເປັນໂປຣແກຣມລະບົບປະຕິບັດການຊະນິດຫນຶ່ງທີ່ຈັດການວິທີການເຮັດວຽກຂອງຄອມພິວເຕີ, ໃຊ້ໃນການເປີດເຄື່ອງຄອມພິວເຕີ. ເບິ່ງ Operating System.
disk pack 	ຊຸດຈານແມ່ເຫລັກທີ່ໃຊ້ຮວບຮວມຂໍ້ມູນ ສາມາດເກັບຂໍ້ມູນໄດ້ປະລິມານຫລາຍ ແລະ ສາມາດເຂົ້າຫາຂໍ້ມູນໄດ້ໂດຍກົງ.
disk partition 	ການແບ່ງຮາດດິດອອກເປັນສອງສ່ວນຂຶ້ນໄປ.
diskette 	ແຜ່ນດິດສະແກັດ/ແຜ່ນບັນທຶກ.
diskless workstation 	ຄອມພິວເຕີທີ່ບໍ່ມີຮາດດິດ ເຊິ່ງຕໍ່ເຂົ້າເຄືອຂ່າຍ, ຄອມພິວເຕີນີ້ເມື່ອເປີດຂຶ້ນມາກໍ່ຈະນໍາເອົາໂປຣແກຣມທັງຫມົດຈາກແມ່ຂ່າຍທີ່ໃຫ້ບໍລິການເຂົ້າມາໃນຫນ່ວຍຄວາມຈໍາ.
display 	ສະແດງຜົນ, ຈໍສະແດງຜົນ.
display panel 	ຫນ້າຈໍທີ່ສະແດງຂໍ້ມູນ.
distance dialing 	ການຕໍ່ເລກຫມາຍທາງໄກ.
distance education 	ການສຶກສາທາງໄກ, ຫມາຍເຖິງລະບົບການຮຽນ ການສອນ ເຊິ່ງຜູ້ຮຽນ ແລະ ຜູ້ສອນຢູ່ສະຖານທີ່ໄກກັນ.
distance learning 	ການຮຽນທາງໄກ ສ່ວນໃຫຍ່ເປັນການສຶກສານອກລະບົບ.
distortion 	ຄວາມຜິດພ້ຽນ, ຫມາຍເຖິງການປ່ຽນແປງຮູບຮ່າງສັນຍານເດີມເມື່ອເກີດມີສັນຍານລົບກວນເຂົ້າມາແຊກແຊງ ຫລື ການລົບກວນອື່ນໆ.
distribute 	ແຈກຢາຍ/ກະຈາຍ, ການໃຊ້ວຽກຄອມພິວເຕີແບບກະຈາຍ ຫລື ຫລາຍກວ່າຫນຶ່ງເຄື່ອງ.
distributed computing 	ວິທີການປະມວນຜົນທີ່ໃຫ້ໂປຣແກຣມກະຈາຍການເຮັດວຽກໄປຫາຄອມພິວເຕີຫລາຍເຄື່ອງ ຫລື ໃນຫລາຍເຄືອຂ່າຍ.
distributed processing 	ລະບົບຄອມພິວເຕີທີ່ປະມວນຜົນໂດຍຄອມພິວເຕີຕ່າງໆທີ່ຕິດຕໍ່ກັນດ້ວຍເຄືອຂ່າຍການສື່ສານ.
Distributed Queue Dual Bus 	ໃຊ້ຄໍາຫຍໍ້ວ່າ DQDB, ການຈັດລໍາດັບການສົ່ງຂໍ້ມູນແບບບັດຄູ່.
distribution 	ການແຈກຢາຍ/ການກະຈາຍ.
distribution agency 	ອົງການຕົວແທນການແຈກຢາຍ, ເປັນອົງການທີ່ມີອໍານາດໃນການແຈກຢາຍວັດສະດຸ ຫລື ຊິ້ນສ່ວນຂອງອຸປະກອນຕ່າງໆ.
distribution frame 	ໂຄງສ້າງທີ່ສ່ວນປາຍສຸດຂອງສາຍໄຟຟ້າ ຫລື ສາຍເຄເບິນທີ່ສາມາດຕໍ່ເຂົ້າກັບສາຍອື່ນໄດ້ຕາມທີ່ຕ້ອງການ.
distribution point 	ຈຸດແຈກຢາຍ, ຕູ້ພັກສາຍປາຍທາງ.
distribution right 	ກໍາມະສິດການເຜີຍແຜ່, ສິດທິໃນການສໍາເນົາຜົນງານເພື່ອມາເຜີຍແຜ່ຕໍ່ປະຊາຊົນ.
distribution satellite 	ດາວທຽມເພື່ອການແຜ່ກະຈາຍສັນຍານ, ເຊິ່ງເປັນດາວທຽມທີ່ໃຊ້ສົ່ງກະຈາຍຄື້ນວິທະຍຸ ແລະ ໂທລະທັດຫມຸນວຽນລະຫວ່າງສະຖານີກະຈາຍສຽງ ຫລື ລະຫວ່າງເຄື່ອງສົ່ງ.
distributor 	ຜູ້ຈັດຈໍາຫນ່າຍ.
disturbance 	ການລົບກວນ.
dithering 	ການແທນທີ່ຈຸດດໍາ ແລະ ຂາວດ້ວຍລະດັບຄວາມເຂັ້ມຂອງສີເທົາ ໃນພາບຈາກຄອມພິວເຕີ ຫລື ການປະສົມສີຕັ້ງແຕ່ 2 ສີຂຶ້ນໄປ ເພື່ອແທນສີ ທີ່ມໍນິເຕີສ້າງບໍ່ໄດ້.
diversity reception 	ການຮັບສັນຍານຊໍ້າ.
DLL 	ເບິ່ງ Dynamic Link Library.
DNS 	ເບິ່ງ Domain Name Server. ເບິ່ງ Domain Name Service. ເບິ່ງ Domain Name System.
document 	ຟາຍຂໍ້ມູນ, ເຊັ່ນຟາຍທີ່ສ້າງຂຶ້ນມາຈາກເວີດໂປຣເຊັດເຊີ.
documentalist 	ນັກເອກະສານ, ຫມາຍເຖິງບຸກຄົນຜູ້ຮັບຜິດຊອບວຽກໃນຂອບເຂດຂອງວຽກເອກະສານ.
dolby system 	ເປັນວິທີການຂອງການບັນທຶກ ຫລື ສໍາເນົາສຽງ ເຊິ່ງຫລຸດສຽງລົບກວນໃນເທັບ ຫລື ຈານແມ່ເຫລັກລົງ.
dolly in/dolly out 	ການເຄື່ອນກ້ອງເຂົ້າຫາວັດຖຸ (dolly in) ຫລື ການເຄື່ອນກ້ອງອອກຈາກວັດຖຸ (dolly out).
domain 	ໂດເມນ, ກຸ່ມ ຫລື ເຂດ. ຕົວຢ່າງ ກຸ່ມຂອງລະບົບຄອມພິວເຕີ, ວິທີການຈັດອົງປະກອບໃນຖານຂໍ້ມູນ ເປັນຕົ້ນ.
domain name 	ຊື່ໂດເມນ, ຊື່ເຂດ, ຊື່ສະເພາະຂອງອົງການຕ່າງໆໃນອິນເຕີເນັດ.
domain name address 	ທີ່ຢູ່ໂດເມນ.
domain name resolution 	ຂະບວນການແປງຊື່ເຄື່ອງໃນຮູບແບບໂດເມນໄປເປັນເລກທີ່ຢູ່ IP.
Domain Name Server (DNS) 	ເຄື່ອງບໍລິການຊື່ໂດເມນ.
Domain Name Service (DNS) 	ບໍລິການຊື່ໂດເມນ.
Domain Name System (DNS) 	ລະບົບການຕັ້ງຊື່ໂດເມນ.
domestic satellite 	ດາວທຽມໃນປະເທດ, ຫມາຍເຖິງດາວທຽມທີ່ໃຊ້ຖ່າຍທອດສັນຍານສະເພາະພາຍໃນປະເທດນັ້ນໆ.
DOS 	ເບິ່ງ Disk Operating System.
DOS prompt 	ເຄື່ອງຫມາຍສໍາລັບຄໍາສັ່ງ DOS, ເຄື່ອງຫມາຍຮັບຄໍາສັ່ງນີ້ຕາມປົກກະຕິຈະເປັນຕົວອັກສອນລະບຸຊ່ອງໃສ່ດິດທີ່ໃຊ້ຢູ່, ຕໍ່ດ້ວຍເຄື່ອງຫມາຍໃຫຍ່ກວ່າເຊັ່ນ C:\&gt;.
dot matrix printer 	ເຄື່ອງພິມແບບຈຸດໂດຍອາໄສເຂັມພິມລົງທີ່ຜ້າມຶກໄປກະທົບກັບເຈ້ຍ.
dot pitch 	ຂະຫນາດຂອງຈຸດນ້ອຍໆທີ່ສຸດ ທີ່ຈໍພາບສະແດງຜົນໄດ້.
dots per inch 	ຈໍານວນຈຸດຕໍ່ນິ້ວ, ໃຊ້ຄໍາຫຍໍ້ວ່າ dpi, ຫມາຍເຖິງຄວາມເຊັດເຈນຂອງຮູບທີ່ຈະເຫັນໄດ້ທີ່ເຈ້ຍພິມ ຫລື ຫນ້າຈໍ.
dotted decimal notation 	ການຂຽນຕົວເລກທີ່ອ້າງອີງເຖິງ host ຄອມພິວເຕີ (IP address) ໂດຍໃຊ້ຈຸດແບບແບ່ງຊ່ອງ.
double click 	ການກົດປຸ່ມ mouse 2 ຄັ້ງຕິດຕໍ່ກັນ.
double density 	ເນື້ອທີ່ໃຊ້ເກັບຂໍ້ມູນທີ່ມີຄວາມຫນາແຫນ້ນສອງເທົ່າ.
double density disk 	ດິດທີ່ມີຄວາມຫນາແຫນ້ນສອງເທົ່າ, ຟະລັອບປີດິດທີ່ເກັບຂໍ້ມູນໄດ້ສອງເທົ່າ.
double exposure 	ການຖ່າຍພາບຊ້ອນ.
double frame 	ຂອບພາບສອງເທົ່າ.
double speed 	ການເຮັດວຽກທີ່ມີຄວາມໄວສູງກວ່າສອງເທົ່າ.
down time 	ຊ່ວງເວລາເຄື່ອງຢຸດເຮັດວຽກ.
downlink 	ການສົ່ງຂໍ້ມູນຈາກດາວທຽມໄປຫາສະຖານີຢູ່ພາກພື້ນດິນ.
download 	ການໂອນຍ້າຍຂໍ້ມູນຈາກຄອມພິວເຕີເຄື່ອງຫນຶ່ງໄປຫາອີກເຄື່ອງຫນຶ່ງຜ່ານທາງເຄືອຂ່າຍ.
downstream 	ເຄືອຂ່າຍຫນຶ່ງໆຫາກມີເຄືອຂ່າຍສ່ວນອື່ນເຊື່ອມເຂົ້າມາ ແລະ ໃຊ້ເປັນຊ່ອງທາງຜ່ານຂອງຂໍ້ມູນຈະເອີ້ນເຄືອຂ່າຍທີ່ເຊື່ອມເຂົ້າມານັ້ນວ່າ downstream.
downward compatible 	ຄວາມສາມາດຂອງຊອບແວ ຫລື ຮາດແວ ທີ່ສາມາດໃຊ້ໄດ້ກັບຊອບແວ ແລະ ຮາດແວ ທີ່ເປັນລຸ້ນກ່ອນຫນ້ານີ້.
drag and drop 	ແກ່ໄປແລ້ວວາງ, ໃນ GUI ຄືການເລື່ອນວັດຖຸທີ່ຕ້ອງການ ຈາກຈຸດຫນຶ່ງໄປໄວ້ອີກຈຸດຫນຶ່ງດ້ວຍ mouse.
drain 	ບໍລິເວນຫນຶ່ງໃນສາມຂອງ fieldeffect transistor.
DRAM 	ເບິ່ງ Dynamic Random Access Memory.
draw program 	ໂປຣແກຣມແຕ້ມຮູບ, ໂປຣແກຣມທີ່ໃຊ້ຈັດການກັບກຣາບຟິກແບບວັດຖຸແທນແບບບິດແມັບ.
drill 	ການຝຶກຫັດ, ການຝຶກຝົນ.
drive bay 	ພື້ນທີ່ຫວ່າງໃນຝາປົກເຄື່ອງຄອມພິວເຕີສໍາລັບໃສ່ຊ່ອງດິດ.
driver 	ໂປຣແກຣມພິເສດຂະຫນາດນ້ອຍທີ່ໃຫ້ຄອມພິວເຕີຕິດຕໍ່ ແລະ ຄວບຄຸມອຸປະກອນໄດ້.
DriveSpace 	ໂປຣແກຣມບີບຂໍ້ມູນໃນດິດທີ່ໄມໂຄຣຊອບພັດທະນາຂື້ນມາໃນ DOS 6.22 ຂື້ນໄປ ແລະ ໃນ windows 95 ຊື່ເກົ່າຄື DoubleSpace.
drop cap 	ຕົວອັກສອນຂະຫນາດໃຫຍ່ຕົວທໍາອິດຂອງຫຍໍ້ຫນ້າ ທີ່ຖືກວາງໃຫ້ຕໍ່າລົງມາຈາກແຖວທໍາອິດ ເຊິ່ງຈະກິນເນື້ອທີ່ຂອງແຖວອື່ນໆທີ່ຕໍ່າລົງມາ.
drop down menu 	ເມນູທີ່ເກີດຂື້ນເມື່ອມີການເລືອກທີ່ແຖບເມນູຫລັກ, ອາດຈະເອີ້ນວ່າ Pop up manu ກໍ່ໄດ້.
drop out 	ການຫລຸດລົງຢ່າງຫລວງຫລາຍຂອງລະດັບສັນຍານ.
drop out rate 	ອັດຕາການຫລຸດລົງຂອງລະດັບສັນຍານ.
drop wire 	ຈຸດພັກສາຍ ເພື່ອກະຈາຍໄປໃຊ້ວຽກໃນຈຸດອື່ນໆ.
dry cell 	ເຊວແຫ້ງ, ຫມາຍເຖິງສານດູດຊືມຊະນິດຫນຶ່ງໃນຫມໍ້ໄຟ.
dry run 	ການກວດສອບເດີນເຄື່ອງ ຫລື ຊຸດຄໍາສັ່ງນອກເຄື່ອງ.
dual cable 	ສາຍຄູ່, ສາຍເຄເບິນສອງສາຍຕິດຄູ່ຂະຫນານກັນໄປເພື່ອນໍາສັນຍານທີ່ແຕກຕ່າງກັນເຊິ່ງເປັນວິທີການເພີ່ມຄຸນນະພາບຂອງຊ່ອງສື່ສານ.
duality 	ພາວະຄູ່ກັນ.
dub 	ການເຮັດສໍາເນົາທາງເອເລັກໂຕຣນິກຈາກຂ່າວສານທີ່ບັນທຶກໄວ້.
dumb terminal 	ອຸປະກອນປະສົມລະຫວ່າງແປ້ນພິມກັບຈໍພາບ ໂດຍບໍ່ມີຄວາມສາມາດໃນການຄໍານວນໃດໆ, ບໍ່ມີຊ່ອງໃສ່ດິດ ຫລື ໂປຣເຊັດເຊີຂອງຕົວເອງ. ດັ່ງນັ້ນຈຶ່ງເກັບຟາຍ ຫລື ເຮັດຫຍັງບໍ່ໄດ້ເລີຍ. ອຸປະກອນນີ້ເຊື່ອມຕໍ່ເຂົ້າກັບຄອມພິວເຕີຫລັກ ເພື່ອປ້ອນຂໍ້ມູນເຂົ້າໄປຫາເຄື່ອງຄອມພິວເຕີທີ່ໃຫຍ່ ແລະ ຢູ່ຫ່າງອອກໄປມັກຈະເປັນມີນິຄອມພິວເຕີ ຫລື ເມນເຟຣມໂດຍຈະເຮັດຫນ້າທີ່ປະມວນຜົນທັງຫມົດຂອງລະບົບ.
dummy 	ຂອງທຽມ, ຫຸ່ນ ທີ່ໃຊ້ແທນຂອງຈິງ.
dump 	ການຈັດຖິ້ມຂໍ້ມູນ/ການເຮັດສໍາຮອງຂໍ້ມູນຊົ່ວຄາວ, ການຄັດສໍາເນົາຂໍ້ມູນຈາກທີ່ຫນຶ່ງໄປຫາອີກທີ່ຫນຶ່ງ ໂດຍບໍ່ສົນໃຈວ່າຈະມີລັກສະນະ ແລະ ມີຮູບແບບເປັນຢ່າງໃດມັກໃຊ້ກັບການພິມຂໍ້ມູນທີ່ມີປະໂຫຍດພຽງຊົ່ວຄາວ.
dupe 	ຫມາຍເຖິງຟີມດູບເນກາຕີບ.
duplex 	ການສື່ສານສອງທິດທາງ, ການສົ່ງຜ່ານຂໍ້ມູນສອງທິດທາງທັງສອງຝ່າຍສາມາດເຮັດຫນ້າທີ່ເປັນທັງຜູ້ຮັບ ແລະ ຜູ້ສົ່ງໄດ້ໃນຕົວ. ຫາກທັງສອງຝ່າຍ ສາມາດຮັບ ແລະ ສົ່ງຂໍ້ມູນໃນຂະນະເວລາດຽວກັນໄດ້ພ້ອມກັນເອີ້ນວ່າ full-duplex ຫາກຕ້ອງສະຫລັບຈັງຫວະກັນຄື ຂະນະທີ່ຝ່າຍຫນຶ່ງເປັນຜູ້ຮັບອີກຝ່າຍຫນຶ່ງເປັນຜູ້ສົ່ງຈະເອີ້ນວ່າ half-duplex .
duplex transmission 	ການສື່ສານສັນຍານແບບສອງທາງ.
duplicating 	ການສໍາເນົາ.
DVD 	ຫຍໍ້ມາຈາກ Digital Versatile Disk, ສື່ບັນທຶກຂໍ້ມູນລະບົບດິຈິຕອນ, ແຜ່ນດີວີດີມີຂະຫນາດເທົ່າກັບແຜ່ນຊີດີແຕ່ມີຄຸນນະພາບສູງກວ່າ ແລະ ເກັບຂໍ້ມູນໄດ້ຫລາຍກວ່າ, ຕັ້ງແຕ່ 4.7 ກິກະໄບ ໄປຈົນເຖິງ 17 ກິກະໄບ. ໂດຍທົ່ວໄປ ເຄື່ອງອ່ານແຜ່ນດີວີດີຈະໄດ້ຮັບການອອກແບບໃຫ້ສາມາດອ່ານໄດ້ທັງແຜ່ນດີວີດີ ແລະ ຊີດີຣອມ.
DVD-R 	ຫຍໍ້ມາຈາກ Digital Versatile Disk-Recordable, ແຜ່ນ DVD ຊະນິດທີ່ບັນທຶກໄດ້ຄັ້ງດຽວ.
dyadic operation 	ການຄໍານວນຂອງສອງຈໍານວນ ເຊັ່ນ ການບວກ, ລົບ, ຄູນ ແລະ ຫານ.
dye sublimation printer 	ຊະນິດຂອງເຄື່ອງພິມສີທີ່ມີຄຸນນະພາບດີ.
dynamic allocation 	ການກໍາຫນົດພື້ນທີ່ເກັບຂໍ້ມູນໃນຫນ່ວຍຄວາມຈໍາຂອງຄອມພິວເຕີຂະນະທີ່ໂປຣແກຣມກໍາລັງເຮັດວຽກຢູ່.
Dynamic Host Configuration Protocol 	ໃຊ້ຄໍາຫຍໍ້ວ່າ DHCP, ເປັນໂປຣໂຕຄອນເຊິ່ງເຮັດຫນ້າທີ່ກໍານົດການຕິດຕັ້ງຄ່າ IP ແບບໄດນາມິກໃຫ້ host ໃນເຄືອຂ່າຍ.
Dynamic Link Library 	ໃຊ້ຄໍາຫຍໍ້ວ່າ DLL, ເປັນໂມດູນໂປຣແກຣມທີ່ໃຊ້ເຮັດວຽກສະເພາະເຊິ່ງເປັນຂໍ້ມູນທີ່ໂປຣແກຣມ ຫລື ລະບົບປະຕິບັດການສາມາດນໍາໄປໃຊ້ໄດ້.
Dynamic Random Access Memory 	ໃຊ້ຄໍາຫຍໍ້ວ່າ DRAM, ເປັນຫນ່ວຍຄວາມຈໍາຊົ່ວຄາວ, ໂດຍທົ່ວໄປໃນຄອມພິວເຕີໃຊ້ RAM ຢູ່ 2 ຊະນິດ ຄື DRAM ແລະ SRAM, ດີແຣມຈະມີລາຄາຖືກກວ່າ, ເພາະຄອມພິວເຕີຈະຕ້ອງໄດ້ໃສ່ຂໍ້ມູນໃຫ້ ດີແຣມເປັນໄລຍະ. ເບິ່ງ SRAM.
dynamic trading processes 	ຂະບວນການປ່ຽນແປງຮູບແບບຂອງທຸລະກິດ ໃຫ້ແຕກຕ່າງຈາກເດີມຢ່າງຊ້າໆ.
telephoto lens 	 ເລນຖ່າຍພາບໄລຍະໄກ
Telepresense 	ການນຳສະເໜີວຽກງານທາງໄກ
Teleprinter 	ເຄື່ອງໂທລະພິມ
Teleprocessing 	ການປະມວນຜົນທາງໄກ, ການປະມວນຜົນຂໍ້ມູນໂດຍໃຊ້ອຸປະກອນຄອມພິວເຕີ ແລະ ເຄື່ອງສົ່ງຂໍ້ມູນຮ່ວມກັນ, ລະບົບຄອມພິວເຕີທີ່ຜູ້ໃຊ້ສາມາດສົ່ງໂປຣແກຣມຄໍາສັ່ງ ແລະ ຂໍ້ມູນໄປປະມວນຜົນຜ່ານທາງເຄື່ອງປາຍທາງ ເຊິ່ງຢູ່ຄົນລະບ່ອນກັບເຄື່ອງຄອມພິວເຕີໄດ້
Telesoftware 	ຊຸດຄຳສັ່ງທາງໄກ, ເປັນຊຸດຄຳສັ່ງທີ່ສາມາດໃສ່ລົງໃນຄອມພິວເຕີເຄື່ອງໜຶ່ງ ແລະ ໃຊ້ວຽກຮ່ວມກັນກັບອີກເຄື່ອງໜຶ່ງທີ່ຢູ່ຫ່າງໄກ
television projector 	ເຄື່ອງສາຍພາບໂທລະທັດ
teleworking 	ກຳມະວິທີການເຮັດວຽກທີ່ຫ່າງໄກ
telewriter 	ອຸປະກອນທີ່ສົ່ງລາຍມືທີ່ຂຽນ ຫຼື ຮູບແຕ້ມງ່າຍໆ ທີ່ຜ່ານທາງໂທລະສັບ
telewriting 	ການໃຊ້ສາຍໂທລະສັບເພື່ອສົ່ງຕົວອັກສອນ, ເລກ ຫຼື ກຣາບຟິກໃຫ້ພາບປາກົດເທິງ ໜ້າຈໍໂທລະທັດຄ້າຍຄືກັນທັນທີ
Telnet 	ໂປຣແກຣມທີ່ເຮັດໜ້າທີ່ ໃຫ້ບໍລິການເຂົ້າໃຊ້ລະບົບ ຈາກໄລຍະທາງໄກຊ່ວຍໃຫ້ຜູ້ໃຊ້ສາມາດເຂົ້າໄປຂໍໃຊ້ບໍລິການຈາກເຄື່ອງອື່ນ ທີ່ຢູໃນເຄືອຂ່າຍໄດ້, ສ່ວນໜຶ່ງໃນໂປຣໂຕຄອນ TCP/IP ທີ່ໃຊ້ເພື່ອເຮັດ Remote Login ແລະ terminal ອີມູເລເຊິນ ລວມທັງເປັນຊື່ຂອງໂປຣແກຣມທີ່ໃຊ້ຕໍ່ເຂົ້າໄປຫາເຄື່ອງແມ່ຂ່າຍໃນອິນເຕີເນັດ
terminal 	ເຄື່ອງປາຍທາງ, ອຸປະກອນປ້ອນຂໍ້ມູນ ແລະ ສະແດງຜົນ, ເຮັດໜ້າທີ່ຮັບສົ່ງຂໍ້ມູນໃນລະບົບຄອມພິວເຕີ
terminal behaviour 	 ພຶດຕິກຳປາຍທາງ, ໝາຍເຖິງສິ່ງທີ່ຜູ້ຮຽນຕ້ອງເຮັດ ຫຼື ສະແດງອອກມາໄດ້ ເມື່ອບັນລຸຈຸດປະສົງທີ່ຕັ້ງໄວ້
terminal emulation 	ການຈຳລອງເປັນແບບ terminal ຊອບແວ ເຊິ່ງໃຊ້ວຽກໃນພີຊີ ແລະ ເຮັດໜ້າທີ່ຈຳລອງພີຊີ ໃຫ້ເຮັດໜ້າທີ່ເປັນ terminal ຂອງເຄື່ອງເມນເຟຣມ ຫຼື ຄອມພິວເຕີທີ່ສູນບໍລິການ
terminal emulator 	ຊອບແວເຊິ່ງໃຊ້ວຽກໃນພີຊີ ແລະ ເຮັດໜ້າທີ່ຈຳລອງພີຊີໃຫ້ເປັນ terminal
terminal objectives 	ຈຸດປະສົງ(ປາຍທາງ), ເປັນຂໍ້ຄວາມທີ່ລະບຸຂີດຄວາມສາມາດ ເຊິ່ງຄາດວ່າຜູ້ຮຽນຈະໄດ້ຮັບ ຫຼັງຈາກຜ່ານການສອນມາແລ້ວ
Terminal Ready 	ປຸ່ມແສງໃນເຄື່ອງຄອມພິວເຕີ, ເຮັດວຽກເມື່ອຕໍ່ເຂົ້າກັບສາຍ RS-232
Terminal Server 	ອຸປະກອນທີ່ເປັນຕົວກາງລວມໂມເດັມ ຫຼື terminal ຫຼາຍໆຕົວເຂົ້ານຳກັນ ແລະ ສົ່ງຜ່ານສັນຍານໄປຫາຄອມພິວເຕີ
terminate and stay resident program 	ໂປຣແກຣມທີ່ run ແລ້ວຈະຈົບ, ໂປຣແກຣມຝັງຕົວເອງໄວ້ໃນໜ່ວຍຄວາມຈຳ ເພື່ອໃຫ້ໂປຣແກຣມອື່ນເອີ້ນໃຊ້ໄດ້
terminator 	ຫົວຕໍ່ທີ່ໃຊ້ປິດປາຍສາຍໂຄແອັກຊຽວ ເພື່ອໃຊ້ເປັນຕົວດູດສັນຍານ, ອຸປະກອນທີ່ຕໍ່ກັບອຸປະກອນຕໍ່ພວງ ທີ່ເປັນໂຫນດສຸດທ້າຍໃນເຄືອຂ່າຍ
Test 	ທົດສອບ, ການທົດສອບ
test chart 	ແຜ່ນທົດສອບຮູບພາບທີ່ມີລາຍລະອຽດສູງ ໃຊ້ປັບຂະໜາດຂອງພາບ, ຄວາມສະຫວ່າງ, ຄວາມດຸ່ນດ່ຽງ ແລະ ຄວາມຊັດເຈນຂອງເສັ້ນໃນຈໍພາບ
test post 	ການທົດລອງສົ່ງຂ່າວເຂົ້າໄປໃນກຸ່ມຂ່າວ USENET
EAROM 	 ອີເອຣອມ, ຫຍໍ້ມາຈາກ Electrical Alterable Read Only Memory, ຫນ່ວຍຄວາມຈໍາແບບອ່ານຢ່າງດຽວ ຊະນິດປ່ຽນແປງໄດ້ດ້ວຍສັນຍານໄຟຟ້າ.
earphone 	ອຸປະກອນຫູຟັງ.
earth grounding 	ສາຍດິນ, ການຕໍ່ລົງດິນ.
earth station 	ສະຖານີພາກພຶ້ນດິນ, ສະຖານີຮັບ ຫລື ສົ່ງສັນຍານລະຫວ່າງພາກພື້ນດິນ ແລະ ດາວທຽມ.
eavesdrop 	ດັກຟັງ.
ebay 	ໃນເວັບໄຊທີ່ເປີດການປະມູນສິນຄ້າອັອນລາຍ ເຊິ່ງມີຜູ້ເຂົ້າເບິ່ງຫລາຍທີ່ສຸດໂດຍມີການແລກປ່ຽນຊື້ຂາຍສິນຄ້າທຸກຢ່າງທີ່ມີໃນໂລກ, ວິທີການປະມູນໃນເວັບ ebay ໄດ້ເລີ່ມມາຕັ້ງແຕ່ປີ 1995.
EBCDIC 	ຫຍໍ້ມາຈາກ Extended Binary Code Decimal Interchange Code, ລະຫັດສັບປ່ຽນເລກຖານສິບເຂົ້າລະຫັດຖານສອງແບບຂະຫຍາຍ. ເປັນລະຫັດແທນຊຸດຂໍ້ມູນຕົວອັກສອນ ເຊິ່ງລະຫັດນີ້ມີຄວາມຍາວ 8ບິດ ແທນໃຫ້ຕົວອັກສອນໄດ້ເຖິງ 256 ຕົວ, ແຕ່ມີຄວາມແຕກຕ່າງຈາກ ASCII ຄື: ຕົວອັກສອນທີ່ເປັນ ພະຍັນຊະນະບໍ່ຕໍ່ເນື່ອງກັນ.
e-book 	ອີບຸກ, ຫຍໍ້ມາຈາກ electronic-book, ເປັນຫນັງສືອັອນລາຍສາມາດດາວໂຫລດມາອ່ານຜ່ານເຄື່ອງຄອມພິວເຕີໄດ້, ມີການຄາດຄະເນວ່າຈະເຂົ້າມາທົດແທນສື່ທີ່ເປັນຫນັງສື. ແຕ່ປັດຈຸບັນຜູ້ໃຊ້ຍັງບໍ່ນິຍົມອ່ານຫນັງສືໃນລັກສະນະ e-book ນີ້ຫລາຍ.
ECC memory 	ຫຍໍ້ມາຈາກ Error Correcting Code memory, ຫນ່ວຍຄວາມຈໍາທີ່ສາມາດກວດສອບ ແລະ ແກ້ໄຂຂໍ້ຜິດພາດຈາກການຂຽນ ແລະ ອ່ານໄດ້ເອງ.
echo 	ສຽງສະທ້ອນກັບ ຫລື ສັນຍານສະທ້ອນກັບ ຫມາຍເຖິງສຽງ ຫລື ມະໂນພາບຂອງສຽງທີ່ເກີດຂື້ນຊໍ້າໆກັນເນື່ອງຈາກການສະທ້ອນຂອງຄື້ນວິທະຍຸ.
echo attenuation 	ການຫລຸດຜ່ອນການສະທ້ອນ, ຕົວຫລຸດຮອນການສະທ້ອນ.
EDI 	ເບິ່ງ Electronic Data Interchange.
EDI protocols 	ກົດລະບຽບ ຫລື ມາດຕະຖານໃນການແລກປ່ຽນຂໍ້ມູນລະຫວ່າງຄອມພິວເຕີ.
edit 	ການແກ້ໄຂສິ່ງທີ່ຢູ່ໃນຟາຍຂໍ້ມູນບໍ່ວ່າຈະເປັນຂໍ້ຄວາມ ຫລື ພາບກຣາບຟິກ.
editing table 	ໂຕະຕັດຕໍ່ເຊິ່ງເປັນອຸປະກອນທີ່ໃຊ້ສໍາລັບກວດເບິ່ງພາບເຄື່ອນໄຫວ ເພື່ອຈຸດປະສົງໃນການຕັດຕໍ່ລໍາດັບພາບ.
editor 	ໂປຣແກຣມແກ້ໄຂຂໍ້ມູນໃນຟາຍ.
EDO RAM 	ຫຍໍ້ມາຈາກ Extended Data Out RAM, ເປັນແຣມອີກຊະນິດຫນຶ່ງທີ່ໃຊ້ DRAM ພິເສດ, ເຊິ່ງເຮັດໃຫ້ມີອັດຕາຄວາມໄວສູງກວ່າແຣມທີ່ໃຊ້ DRAM ທໍາມະດາ.
education system 	ລະບົບການສຶກສາ.
educational accountability 	ຄວາມຮັບຜິດຊອບຂອງການສຶກສາ, ປະສິດທິພາບຂອງການສອນ.
educational media 	ສື່ການສຶກສາ ຫລື ສື່ຊ່ວຍສອນ, ຫມາຍເຖິງອຸປະກອນ ແລະ ວັດສະດຸທີ່ໃຊ້ໃນຂະບວນການຮຽນການສອນ.
educational media center 	ສູນສື່ການສຶກສາ, ຫມາຍເຖິງສະຖານທີ່ ທີ່ທາງໂຮງຮຽນໃຊ້ເປັນບ່ອນເກັບຮວບຮວມສື່ການສຶກສາເພື່ອໃຫ້ບໍລິການ ແລະ ໃຊ້ເປັນແຫລ່ງຮຽນຮູ້.
educational programme 	ຂໍ້ກໍານົດກ່ຽວກັບການສຶກສາ, ຫມາຍເຖິງກິດຈະກໍາທີ່ມີການວາງແຜນລັກສະນະບໍລິຫານວຽກຢ່າງຕໍ່ເນື່ອງ ເຊິ່ງມີຜົນຕໍ່ການພັດທະນາຂອງສະຖາບັນການສຶກສາ.
educational specification 	ລັກສະນະສະເພາະທາງການສຶກສາ, ຫມາຍເຖິງການນໍາສະແດງທີ່ຊັດເຈນ ແລະ ຊ່ຽວຊານ, ເຊິ່ງມີລາຍລະອຽດຂອງແບບແຜນ ຫລື ໂຄງການຂອງອຸປະກອນທີ່ສະຫນັບສະຫນູນການສຶກສາ ເຊັ່ນ ອຸປະກອນການສຶກສາ, ຫ້ອງຮຽນ, ຫ້ອງທົດລອງ, ຫລັກສູດ ແລະ ອື່ນໆ.
educational technology 	ເຕັກໂນໂລຊີການສຶກສາ ຫລື ວິທະຍາການດ້ານການສຶກສາ.
educational television 	ໃຊ້ຄໍາຫຍໍ້ວ່າ ETV, ໂທລະທັດເພື່ອການສຶກສາ, ຫມາຍເຖິງລາຍການໂທລະທັດກ່ຽວກັບການສຶກສາ ແລະ ວັດທະນະທໍາເພື່ອເພີ່ມພູນຂໍ້ມູນຂ່າວສານໃຫ້ແກ່ສັງຄົມ.
edutainment 	ສຶກສາບັນເທິງ. ມາຈາກຄໍາວ່າ education ກັບ entertainment ປະສົມກັນ, ຄໍານີ້ໃຊ້ກັບຜະລິດຕະພັນປະເພດ Multimidia ທີ່ໃຫ້ຄວາມຮູ້ ແລະ ຄວາມບັນເທິງໄປພ້ອມໆກັນ.
EE 	ຫຍໍ້ມາຈາກ end to end signaling, ການໃຫ້ສັນຍານລະຫວ່າງປາຍທາງ.
EEPROM 	ຫຍໍ້ມາຈາກ Electrically Erasable Programmable Read-only Memory, ເປັນຫນ່ວຍຄວາມຈໍາແບບຫນຶ່ງນໍາມາປ່ຽນໂປຣແກຣມໃຫມ່ໄດ້ໂດຍໃຊ້ສັນຍານໄຟຟ້າລຶບຂໍ້ມູນ.
effectiveness 	ປະສິດທິຜົນ.
effects analysis 	ການວິເຄາະປະສິດທິຜົນ.
efficiency 	ປະສິດທິພາບ.
EHF 	ຫຍໍ້ມາຈາກ Extremely High Frequency, ຄວາມຖີ່ສູງທີ່ສຸດ.
EI 	ຫຍໍ້ມາຈາກ Exposure Index, ດັດສະນີການເປີດຮັບແສງ.
eject 	ການນໍາແຜ່ນດິດອອກມາຈາກຊ່ອງໃສ່ແຜ່ນດິດ.
ELAN 	ຫຍໍ້ມາຈາກ emulated LAN, ເຄືອຂ່າຍຂອງຂ່າຍວຽກງານໃນບໍລິເວນສະເພາະທີ່ ປະເພດຮຽນແບບ.
elastic buffer 	ບ່ອນພັກຂໍ້ມູນແບບຍືດຫົດໄດ້.
e-learning 	ຫຍໍ້ມາຈາກ electronic learning, ການຮຽນທີ່ຜ່ານສື່ອີເລັກໂທຣນິກ, ການສຶກສາທາງຄອມພິວເຕີອອນລາຍ, ເປັນການຮຽນທາງໄກແບບຫນຶ່ງແຕ່ຕ້ອງອາໄສຄອມພິວເຕີທີ່ເຊື່ອມຕໍ່ກັບລະບົບເຄືອຂ່າຍ ບໍ່ວ່າຈະເປັນເຄືອຂ່າຍອິນເຕີເນັດ ຫລື ອື່ນໆ. ຜູ້ຮຽນສາມາດຮຽນດ້ວຍຕົນເອງ ແລະ ມີການໂຕ້ຕອບກັນໄດ້ ເນື່ອງຈາກການນໍາສະເຫນີເປັນຮູບແບບຂອງມັນຕີມີເດຍຈິ່ງເພີ່ມຄວາມຫນ້າສົນໃຈຫລາຍຍິ່ງຂື້ນ.
electrical noise 	ສັນຍານລົບກວນທາງໄຟຟ້າ.
electromagnetic 	ໄຟຟ້າແມ່ເຫລັກ.
electromagnetic interference 	ການລົບກວນ ຫລື ການແຊກແຊງທາງໄຟຟ້າແມ່ເຫລັກ.
Electron Beam Recording 	ໃຊ້ຄໍາຫຍໍ້ວ່າ EBR, ເປັນລະບົບການຖ່າຍສັນຍານພາບ ແລະ ສຽງທີ່ມີຄຸນນະພາບສູງຈາກເທບວີດີໂອ ໃຫ້ເປັນຮູບເງົາ.
electronic banking 	ລະບົບທະນາຄານທີ່ໃຫ້ບໍລິການຜ່ານເຄືອຂ່າຍອິນເຕີເນັດ.
electronic bartering 	ການຊື້ຂາຍແລກປ່ຽນສິນຄ້າທາງລະບົບອິນເຕີເນັດ ລະຫວ່າງຄູ່ຄ້າທາງທຸລະກິດ.
electronic benefits transfer 	ການຈ່າຍເງິນໄປຫາທະນາຄານ ຫລື ບັດເຄຣດິດຜ່ານທາງລະບົບອິນເຕີເນັດ.
electronic blackboard 	ກະດານເອເລັກໂຕຣນິກ.
electronic bulletin board 	ກະດານຂ່າວເອເລັກໂຕຣນິກ.
electronic business 	ທຸລະກິດໃນລະບົບເອເລັກໂຕຣນິກ, ການເຮັດທຸລະກິດຜ່ານລະບົບເອເລັກໂຕຣນິກ.ເບິ່ງ e-commerce.
e-card 	ເອເລັກໂຕຣນິກຄາດ/ອີຄາດ, ຫຍໍ້ມາຈາກ electronic card, ເປັນຄາດທີ່ດາວໂຫລດຈາກເວບໄຊ. ອີຄາດນີ້ນອກຈາກຈະງາມແລ້ວ, ຍັງອາດຢູ່ໃນຮູບແບບມັນຕີມີເດຍອີກດ້ວຍ ເຊັ່ນ ເປັນພາບເຄື່ອນໄຫວ, ມີສຽງເພງປະກອບ ເປັນຕົ້ນ.
electronic cash 	ເປັນລະບົບຈ່າຍເງິນເອເລັກໂຕຣນິກ ທີ່ໃຊ້ຈ່າຍຄ່າສິນຄ້າແທນເງິນສົດ.
electronic cash register 	ລະບົບເຄື່ອງບໍລິການເງິນສົດເອເລັກໂຕຣນິກ, ເປັນອຸປະກອນທີ່ນໍາມາໃຊ້ເພື່ອບັນທຶກຂໍ້ມູນການຈ່າຍເງິນ ເພື່ອໃຫ້ຄວາມສະດວກແກ່ຜູ້ໃຊ້ວຽກໃນຈັດການຂໍ້ມູນຮັບຈ່າຍ ລວມເຖິງຂໍ້ມູນການເງິນ ສາມາດເຂົ້າສູ່ລະບົບໄດ້ສະດວກແລະ ສະຫລຸບບັນຊີໄດ້ຖືກຕ້ອງ ແລະ ວ່ອງໄວ.
electronic catalog 	ລາຍການສິນຄ້າ ຫລື ປະເພດຂອງການບໍລິການໃນຮູບແບບເອເລັກໂຕຣນິກ ທີ່ຜູ້ຜະລິດ ຫລື ຜູ້ຈໍາຫນ່າຍໃຫ້ບໍລິການໃນລະບົບເຄືອຂ່າຍ.
e-check 	ຫບໍ້ມາຈາກ electronic check, ການສົ່ງເຊັກຜ່ານ e-mail, ເປັນວິທີທີ່ຖືວ່າສະດວກສໍາລັບການຂ່າຍສົ່ງທາງທຸລະກິດ ແລະ ການຂາຍຍ່ອຍໃຫ້ກັບຄົນທົ່ວໄປ ແຕ່ຍັງບໍ່ທັນນິຍົມໃຊ້ຫລາຍເທື່ອ.
electronic circuit diagram symbols 	ສັນຍາລັກກຣາບຟິກຂອງວົງຈອນເອເລັກໂຕຣນິກ.
electronic classroom 	ຫ້ອງຮຽນໃນຮູບແບບເອເລັກໂຕຣນິກ.
e-commerce 	ການຄ້າໂດຍໃຊ້ສື່ເອເລັກໂຕຣນິກ, ຫຍໍ້ມາຈາກ electronic commerce.
electronic communities 	ຊຸມນຸມຊົນທີ່ໃຊ້ອິນເຕີເນັດເປັນຫລັກໃນການຕິດຕໍ່ສື່ສານ ລະຫວ່າງກຸ່ມບຸກຄົນພາຍໃນເຄືອຂ່າຍຕ່າງໆ.
electronic credit card 	ບັດທີ່ໃຊ້ໃນການຈ່າຍເງິນໂດຍມີຄຸນສົມບັດຄືກັນກັບບັດເຄຣດິດທົ່ວໄປ.
Electronic Data Interchange 	ໃຊ້ຄໍາຫຍໍ້ວ່າ EDI, ການແລກປ່ຽນຂໍ້ມູນທາງເອເລັກໂຕຣນິກ, ການສົ່ງເອກະສານທຸລະກິດລະຫວ່າງພາກສ່ວນ ຫລື ຫນ່ວຍງານຕ່າງໆໂດຍຜ່ານລະບົບສື່ສານເພື່ອຄວາມສະດວກ, ປະຫຍັດແຮງງານ ແລະ ເວລາ ສ່ວນຫລາຍຖືກນໍາໃຊ້ເຂົ້າໃນລະບົບການແຈ້ງພາສີແບບທັນສະໄຫມ.
electronic data processing 	ການປະມວນຜົນຂໍ້ມູນເອເລັກໂຕຣນິກ, ການປະມວນຜົນໂດຍໃຊ້ອຸປະກອນເອເລັກໂຕຣນິກເປັນຫລັກ.
Electronic Document Handling 	ໃຊ້ຄໍາຫຍໍ້ວ່າ EDH, ການຈັດເອກະສານດ້ວຍລະບົບເອເລັກໂຕຣນິກ.
Electronic Document Management 	ໃຊ້ຄໍາຫຍໍ້ວ່າ EDM, ການຈັດການເອກະສານດ້ວຍລະບົບເອເລັກໂຕຣນິກ.
electronic frontier foundation 	ເປັນອົງກອນໃນສະຫະລັດອາເມລິກາ ເຊິ່ງເຮັດຫນ້າທີ່ປົກປ້ອງຮັກສາສິດທິພຶ້ນຖານ ແລະ ເສລີພາບໃນການໃຊ້ເຄືອຂ່າຍ.
electronic fund transfer 	ການໂອນເງິນດ້ວຍລະບົບເອເລັກໂຕຣນິກ.
e-government 	ຫຍໍ້ມາຈາກ electronic government, ການນໍາໃຊ້ເຕັກໂນໂລຊີສື່ສານຂ່າວສານເຂົາຊ່ວຍໃນການບໍລິຫານ ແລະ ການບໍລິການຂອງລັດຖະບານ.
electronic journal 	ວາລະສານເອເລັກໂຕຣນິກ, ວາລະສານທີ່ເຜີຍແຜ່ໃນຮູບແບບຂອງ e-mail.
electronic lock 	ການປິດກັ້ນດ້ວຍວິທີເອເລັກໂຕຣນິກ.
electronic mail 	ອີເມລ, ໄປສະນີເອເລັກໂຕຣນິກ, ໃຊ້ຄໍາຫຍໍ້ວ່າ e-mail, ການຮັບ/ສົ່ງ ຈົດຫມາຍລະຫວ່າງຜູ້ໃຊ້ໃນເຄືອຂ່າຍອິນເຕີເນັດ, ຜູ້ໃຊ້ທຸກຄົນໃນລະບົບເມື່ອຮັບຂໍ້ຄວາມມາແລ້ວຈະອ່ານ, ພິມ, ສົ່ງຕໍ່, ຕອບກັບ ຫລື ລຶບຖິ້ມໄດ້.
electronic mall 	ສູນລວມຮ້ານຄ້າທາງເຄືອຂ່າຍ ທີ່ມີຮ້ານຄ້າຈໍານວນຫລວງຫລາຍລວມຢູ່ໃນເວັບໄຊດຽວກັນ.
electronic markets 	ຕະຫລາດເອເລັກໂຕຣນິກ, ເປັນເຄືອຂ່າຍກ່ຽວກັບການຊື້ຂາຍ ແລກປ່ຽນສິນຄ້າ ການບໍລິການຂໍ້ມູນ ແລະ ການເງິນໃນຮູບແບບເອເລັກໂຕຣນິກ.
electronic payment system 	ລະບົບຂໍ້ມູນຂ່າວສານທີ່ອອກແບບມາ ເພື່ອບັນທຶກການແລກປ່ຽນ ແລະ ດໍາເນີນການກ່ຽວກັບສິນຄ້າ ແລະ ການຈ່າຍເງິນ.
electronic phone 	1. ໂທລະສັບເອເລັກໂຕຣນິກ 2. ໃຊ້ຄໍາຫຍໍ້ວ່າ E-phone, ເປັນໂທລະສັບທີ່ໃຊ້ໃນອິນເຕີເນັດ.
electronic publishing 	ການພິມຈໍາຫນ່າຍທາງເອເລັກໂຕຣນິກ, ການສ້າງ, ການຜະລິດ ແລະ ກະຈາຍເອກະສານໃນຮູບແບບບໍ່ຕ້ອງພິມໃສ່ເຈ້ຍ.
electronic purchasing 	ວິທີການໃຊ້ເຕັກໂນໂລຊີໃນການຕິດຕໍ່ຊື້ຂາຍສິນຄ້າ ບໍລິການ ຫລື ຂໍ້ມູນ.
electronic purse 	ເປັນອຸປະກອນທີ່ສາມາດເກັບ ແລະ ຈ່າຍ ຂອງ Electronic cash.
electronic retailing 	ເປັນການຂາຍສິນຄ້າຍ່ອຍໃນເຄືອຂ່າຍ ຫລື ບໍລິການສ່ວນບຸກຄົນຄືກັນກັບການຄ້າຍ່ອຍທົ່ວໄປ.
electronic wallet 	ໃຊ້ຄໍາຫຍໍ້ວ່າ e-wallet, ກະເປົ໋າເງິນເອເລັກໂຕຣນິກ.
electrostatic printer 	ເຄື່ອງພິມທີ່ເຮັດວຽກໂດຍການໃຊ້ປະຈຸໄຟຟ້າໃນການພົ່ນຫມຶກພິມ.
element 	ອົງປະກອບຂອງ array ຫລື list.
elevator bar 	ແຖບເລື່ອນໃຊ້ສໍາລັບເຄື່ອນທີ່ໃນແກນນອນ ແລະ ແກນຕັ້ງ.
ELF 	ຫຍໍ້ມາຈາກ Extremely Low Frequency, ຄວາມຖີ່ຕໍ່າທີ່ສຸດ.
elliptical orbit 	ວົງໂຄຈອນທີ່ຄືຮູບໄຂ່.
EM DASH 	ເຄື່ອງຫມາຍຂີດ.
EMACS 	ຫຍໍ້ມາຈາກ Editor Macros, ໂປຣແກຣມ editor ໃນຍູນິກພັດທະນາຂື້ນທີ່ MIT.
e-mail 	ເບິ່ງ electronic mail.
e-mail address 	ທີ່ຢູ່ປະຈໍາຕົວຂອງຜູ້ໃຊ້ e-mail ໃນອິນເຕີເນັດ.
embedded system 	ເຄື່ອງຄອມພິວເຕີທີ່ເປັນອົງປະກອບຂອງລະບົບອື່ນ.
embossed screen 	ຈໍສະທ້ອນແສງ.
emergency dialing 	ການຕໍ່ເລກຫມາຍສຸກເສີນ.
emergency telephone 	ໂທລະສັບສຸກເສີນ.
Emic 	ການສໍາຫລວດ ແລະ ອະທິບາຍຮູບແບບຂອງພາສາ ຫລື ວັດທະນະທໍາວ່າມີຄວາມກ່ຽວຂ້ອງກັນແນວໃດ.
emission 	ການກະຈາຍ, ແຜ່ອອກ.
emitter 	ຕົວຈ່າຍ, ຫລື ເປັນຂາຫນຶ່ງຂອງ ທຣານຊິດສະເຕີ ຊະນິດໄບໂພລາ.
emoticon 	ຮູບສັນຍາລັກບົ່ງບອກອາລົມ, ຫຍໍ້ມາຈາກ Emotional Icon, ຊຸດອັກສອນທີ່ໃຊ້ກັນໃນໄປສະນີເອເລັກໂຕຣນິກ ແລະ ກຸ່ມຂ່າວ USENET ເພື່ອສະແດງອາລົມອອກມາເປັນລັກສະນະທີ່ມີຢູ່ຢ່າງຫລວງຫລາຍ. ອາດເປັນລັກສະນະງ່າຍໆ ເຊັ່ນ ຫລື ໃນຂໍ້ຄວາມທີ່ບອກວ່າຜູ້ຂຽນເວົ້າຫລິ້ນ ຫລື ແທນໃບຫນ້າທີ່ສັບຊ້ອນ.
empirical 	ໄດ້ຮັບຈາກການທົດລອງ, ໄດ້ຈາກປະສົບປະການ ຫລື ຈາກການສັງເກດ.
emulate 	ຮຽນແບບ, ເອົາມາເປັນແບບຢ່າງ.
emulator 	ອຸປະກອນສ້າງມາໃຫ້ເຮັດວຽກ ເຫມືອນກັບອຸປະກອນອື່ນບໍ່ວ່າຈະເປັນຮາດແວ, ຊອບແວ ຫລື ສອງຢ່າງປະສົມກັນ ເຊັ່ນ ໂປຣແກຣມຈໍາລອງຕົວເປັນ terminal ທີ່ເຮັດໃຫ້ເຄື່ອງພີຊີເຮັດຕົວເປັນ terminal ທີ່ຕໍ່ກັບເຄື່ອງເມນເຟຣມ ຫລື ກັບຜູ້ໃຫ້ບໍລິການອັອນລາຍ ຫລື bulletin board ໂດຍສົ່ງລະຫັດຄວບຄຸມທີ່ລະບົບຜູ້ຮັບເຂົ້າໃຈໄດ້.
en dash 	ຂີດກາງ "-", ທີ່ມີຄວາມກວ້າງເທົ່າກັບຕົວ N, ຕົວຂີດກາງມັກໃຊ້ເພື່ອແທນຄວາມຫມາຍວ່າ "ເຖິງ" ເຊັ່ນ ຫນ້າ 64-98.
enabler 	ການປັບປ່ຽນລະບົບໃຫ້ເຂົ້າກັບລະບົບປະຕິບັດການລຸ້ນໃຫມ່ໆໄດ້.
encipher 	ການສ້າງລະຫັດລັບ, ການນໍາຂໍ້ຄວາມມາເຂົ້າລະຫັດ.
encode 	ການເຂົ້າລະຫັດ, ການລົງລະຫັດເປັນການປ່ຽນຮູບແບບຂອງຂໍ້ມູນຈາກແບບຫນຶ່ງໄປເປັນອີກແບບຫນຶ່ງ, ການແປງຂໍ້ມູນໂດຍໃຊ້ລະຫັດ ຫລື ຊຸດຂອງອັກສອນ ເພື່ອໃຫ້ແປງລະຫັດນັ້ນກັບມາສູ່ຮູບແບບຂໍ້ມູນເດີມໄດ້. ເບິ່ງ encryption.
encoder 	ຕົວເຂົ້າລະຫັດ.
encoding 	ການເຂົ້າລະຫັດ.
encryption 	ຂະບວນການເຂົ້າລະຫັດລັບ, ຫມາຍເຖິງການປ່ຽນຂໍ້ມູນ ເຊັ່ນ ຂໍ້ມູນຈາກໂປຣແກຣມຄອມພິວເຕີ ຫລື ຈາກດາວທຽມເປັນຮູບແບບຂອງລະຫັດເຊິ່ງບໍ່ສາມາດລອກແບບ ຫລື ອ່ານໄດ້ໂດຍບໍ່ໄດ້ຮັບອະນຸຍາດ.
encryption key 	ຂໍ້ມູນລັບທີ່ໃຊ້ເປັນຕົວເຂົາລະຫັດ.
End key 	ປຸ່ມ End, ປຸ່ມໃນແປ້ນພິມມັກຢູ່ຕິດກັບປຸ່ມ Delete ຫລື ຢູ່ປຸ່ມດຽວກັບເລກ1, ປຸ່ມ End ນີ້ມັກໃຊ້ເລື່ອນເຄີເຊີ. ແຕ່ການເຮັດວຽກຈະເປັນຢ່າງໃດຂຶ້ນຢູ່ກັບລະບົບວຽກ ເຊັ່ນ ເລື່ອນເຄີເຊີໄປຍັງທ້າຍຄໍາ ຫລື cell, ທ້າຍບັນທັດເພື່ອຈົບວຽກຊ່ອງຫນ້າຕ່າງ ຫລື ຈໍພາບທີ່ໃຊ້ວຽກຢູ່ ຫລື ອາດຈະປິດຟາຍທີ່ໃຊ້ຢູ່ ເປັນຕົ້ນ.
end title 	ຫມາຍເຖິງ title ທີ່ສະແດງໃຫ້ຮູ້ວ່າສິ່ງທີ່ເຮັດຢູ່ນັ້ນໄດ້ດໍາເນີນມາຮອດຕອນສຸດທ້າຍ.
endless loop 	ການວົນຮອບໂດຍບໍ່ຮູ້ຈັກຈົບ, ເຊັ່ນ ການເຮັດວຽກຂອງໂປຣແກຣມຄອມພິວເຕີ ທີ່ເຮັດຄໍາສັ່ງເດີມຊໍ້າໆໄປເລື້ອຍໆຈົນຢຸດບໍ່ໄດ້.
EOF 	ຫຍໍ້ມາຈາກ End Of File, ເຄື່ອງຫມາຍພິເສດທີ່ຢູ່ຫລັງຈາກ Byte ສຸດທ້າຍເພື່ອບອກລະບົບປະຕິບັດການວ່າເຖິງຈຸດສິນສຸດຂອງຟາຍແລ້ວ, ບໍ່ມີຂໍ້ມູນອື່ນໆອີກ. ລະຫັດນີ້ຕ້ອງມີ ເພາະບ່ອນວາງໃນດິດຈະຈັດໃຫ້ແກ້ຟາຍເປັນ block, ໃນ DOSໃຊ້ Control-Z ຫລື ຄ່າແອັດສະກີ 26 ເປັນເຄື່ອງຫມາຍ EOF ແລະ ຈະເກີດຂຶ້ນຈາກໂປຣແກຣມໂດຍອັດຕະໂນມັດ.
energy star 	ມາດຕະຖານທີ່ຫນ່ວຍປ້ອງກັນສະພາບແວດລ້ອມ ໄດ້ພັດທະນາຂຶ້ນມາໃຫ້ແກ່ອຸປະກອນຄອມພິວເຕີທີ່ຈະຊ່ວຍໃຫ້ຫລຸດພະລັງງານ, ເມື່ອບໍ່ໄດ້ໃຊ້ວຽກ ເຊັ່ນ ຈໍພາບແບບ Energy Star ຈະກິນໄຟຫນ້ອຍລົງ, ຖ້າຜູ້ໃຊ້ບໍ່ໄດ້ສໍາພັດ mouse ຫລື ແປ້ນພິມໃນຊ່ວງເວລາຫນຶ່ງ. ຈໍພາບແບບນີ້ເມື່ອບໍ່ໄດ້ໃຊ້ວຽກຈະກິນໄຟຟ້າຫນ້ອຍກວ່າ 30 ວັດ.
engine 	ສ່ວນຂອງໂປຣແກຣມຄອມພິວເຕີທີ່ໃຊ້ເຕັກນິກພິເສດ ເຊັ່ນ inference engine, search engine; ກົນໄກການພິມຂອງເຄື່ອງພິມເລເຊີ ເຊັ່ນ ເຄື່ອງ Engine ທີ່ຜະລິດໂດຍບໍລິສັດ Canon ໃນປະເທດຍີ່ປຸ່ນ.
enhanced call processing 	ການປະມວນຜົນການເອີ້ນທີ່ເພີ່ມຂຶ້ນ.
EGA 	ຫຍໍ້ມາຈາກ Enhanced Graphics Adapter, ມາດຕະຖານການສະແດງຜົນກຣາບຟິກທີ່ໃຊ້ຄອມພິວເຕີໄອບີເອັມ, ໄອບີເອັມໄດ້ເນາະນໍາ EGA ອອກມາໃນປີ 1984 ສະແດງຜົນໄດ້ 16 ສີພ້ອມກັນຈາກສີທັງຫມົດ 64 ສີ ໂດຍມີຄວາມລະອຽດໃນແນວນອນ 640 pixel ກັບແນວຕັ້ງອີກ 350 pixel ໃນຂະນະທີ່ຄອມພິວເຕີສ່ວນຫລາຍໃຊ້ມາດຕະຖານ VGA ຫລື SVGA ທີ່ໃຫມ່ກວ່າແທນການໃຊ້ EGA ເພາະສະແດງສີໄດ້ຈໍານວນຫລາຍກວ່າ ແລະ ມີຄວາມລະອຽດໃນການສະແດງຜົນຄົມຊັດກວ່າ.
enhanced keyboard 	ແປ້ນພິມພິເສດທີ່ມີປຸ່ມຫລາຍກວ່າແປ້ນພິມປົກກະຕິ ເຊິ່ງແປ້ນພິມທີ່ມີຕົວເລກ ແລະ ປຸ່ມເລື່ອນເຄີເຊີແຍກອອກຈາກແປ້ນພິມຫລັກ ໄອບີເອັມໄດ້ນໍາສະເຫນີອອກມາຈົນກາຍເປັນມາດຕະຖານແປ້ນພິມໃນພີຊີ. ແປ້ນພິມລຸ້ນນີ້ມີປຸ່ມທັງຫມົດ 101 ປຸ່ມ ແລະ ມີອີກຊື່ຫນຶ່ງວ່າແປ້ນພິມ 101 ປຸ່ມ. ປຸ່ມຟັງຊັນ 12 ປຸ່ມຈະວາງລຽນກັນຢູ່ແຖວເທິງສຸດຂອງແປ້ນພິມເຊິ່ງຕ່າງຈາກລຸ້ນເກົ່າທີ່ມີປຸ່ມຟັງຊັນ 10 ປຸ່ມ ລຽນຢູ່ທາງດ້ານຊ້າຍມືລວມໄປເຖິງການເພີ່ມປຸ່ມ Ctrl ແລະ Alt ດ້ວຍ.
enhanced small device interface 	ໃຊ້ຄໍາຫຍໍ້ວ່າ ESDI ເປັນມາດຕະຖານການເຊື່ອມຕໍ່ກັບຮາດດິດ, ຟະລັອບປີດິດ ແລະ ເທັບ. ນິຍົມໃຊ້ກັນຫລາຍມີອັດຕາສົ່ງຂໍ້ມູນໄດ້ 10 ເຖິງ 20 ເມກາໄບຕໍ່ວິນາທີມັກໃຊ້ກັບຮາດດິດທີ່ມີຂະຫນາດໃຫຍ່.
enlargement 	ການຂະຫຍາຍພາບ, ຫມາຍເຖິງພາບທີ່ໄດ້ມາຈາກພາບເນກາຕີບທີ່ນ້ອຍກວ່າໂດຍວິທີການສາຍພາບ.
enlarger 	ເຄື່ອງຂະຫຍາຍພາບ, ຫມາຍເຖິງອຸປະກອນທີ່ໃຊ້ສໍາລັບເພື່ອພິມພາບທີ່ຂະຫຍາຍ ຫລື ຫຍໍ້ສ່ວນເທິງຂອງເຈ້ຍ ຫລື ຟີມຈາກພາບເນກາຕີບ.
enrichment programme 	ລາຍການເສີມ, ລາຍການກະຈາຍສຽງເພື່ອການສຶກສາໃດຫນຶ່ງ ທີ່ບໍ່ໄດ້ຕັ້ງໃຈຈະໃຫ້ເປັນການສອນໂດຍກົງ.
Enter key 	ປຸ່ມ Enter ບາງຄັ້ງເອີ້ນວ່າປຸ່ມ Return, ການກົດປຸ່ມ Enter ນີ້ເປັນການບອກຄອມພິວເຕີວ່າປ້ອນຄໍາສັ່ງຮຽບຮ້ອຍແລ້ວ, ຫາກກົດປຸ່ມ Enter ຂະນະໃຊ້ເວີດໂປຣເຊັດເຊີຈະເປັນການລົງແຖວໃຫມ່.
enterprise computing 	ລະບົບຂໍ້ມູນຂ່າວສານທີ່ໃຊ້ສໍາຫລັບອົງກອນຂະຫນາດໃຫຍ່.
enterprise information system 	ລະບົບຂໍ້ມູນຂ່າວສານຂະຫນາດໃຫຍ່ທີ່ໃຊ້ໃນລະດັບອົງກອນ.
enterprise network 	ເຄືອຂ່າຍຂອງອົງກອນ ທີ່ປະກອບດ້ວຍຄອມພິວເຕີໃນເຄືອຂ່າຍຫລາຍຊະນິດ ແລະ ໃຊ້ລະບົບປະຕິບັດການທີ່ແຕກຕ່າງກັນ.
enterprise resource planning 	ການຮວມຂະບວນການຂອງການວາງແຜນຂອງຊັບພະຍາກອນທັງຫມົດ.
enterprise software 	ໂປຣແກຣມຮວມທີ່ສະຫນັບສະຫນູນວຽກງານໃນລະບົບຂະຫນາດໃຫຍ່.
entertainment 	ການບັນເທີງ.
entity 	ສີ່ງທີ່ມີຢູ່ຈິງ. ເຊັ່ນ ຄົນ, ສັດ ຫລື ສິ່ງຂອງທີ່ກ່ຽວຂ້ອງກັບການຮວບຮວມ, ການຈັດເກັບ, ການຄົ້ນຫາ ແລະ ການຈັດການຂໍ້ມູນ ຫລື ຂໍ້ມູນຂ່າວສານ.
entropy 	ປະລິມານທີ່ສະແດງເຖິງຈໍານວນທີ່ຜິດປົກກະຕິ ຫລື ຄວາມຊຸ່ມໃນລະບົບທີ່ສ້າງພະລັງງານ ຫລື ຂ່າວສານ.
entry 	ຕໍາແຫນ່ງເຂົ້າມາ, ການຮັບເຂົ້າ, ຈຸດຮັບເຂົ້າ.
entry behavior 	ການນໍາຂໍ້ມູນເຂົ້າແບບໂຄງສ້າງລໍາດັບຊັ້ນ.
entry point 	ຈຸດເຂົ້າມາ/ຂາເຂົ້າ, ມີຄວາມຫມາຍຄືກັບ entry.
entry profile 	ຄວາມສາມາດຕິດຕົວ ຫລື ຄວາມສາມາດຂອງລະດັບເລີ່ມຕົ້ນ.
enumerator 	ລະບົບປະຕິບັດການທີ່ເປັນຕົວບົ່ງບອກຊະນິດຂອງຮາດແວ.
environmental studies 	ການສຶກສາສະພາບແວດລ້ອມ.
epidiascope 	ເຄື່ອງສາຍແຜ່ນທຶບ ຫລື ອຸປະກອນທີ່ອອກແບບໄວ້ສາຍພາບມືດແສງ ແລະ ວັດສະດຸທີ່ແປ ແລະ ຮາບພຽງໂດຍການສະທ້ອນແສງ.
EPROM 	ຫຍໍ້ມາຈາກ Erasable Programmable Read Only Memory, ເປັນຊິບຫນ່ວຍຄວາມຈໍາຊະນິດຫນຶ່ງ ເຊິ່ງສາມາດແກ້ໄຂສິ່ງທີ່ເກັບໄວ້ພາຍໃນໄດ້ໂດຍບໍ່ຕ້ອງໃຊ້ໄຟຟ້າ. ການຈະລຶບຂໍ້ມູນ ຫລື ໂປຣແກຣມຕ້ອງເປີດຝາທີ່ປິດຢູ່ໃຫ້ແສງອຸນຕຣາໄວໂອເຣດເຂົ້າທໍາລາຍ.
EQ 	ຫຍໍ້ມາຈາກ Emotional Quotient, ຫມາຍເຖິງຄວາມສາມາດຂອງບຸກຄົນໃນການປັບຕົວໃຫ້ເຂົ້າກັບສັງຄົມມະນຸດ.
equalizer 	ອຸປະກອນປັບແຕ່ງຄຸນນະພາບ ເຊັ່ນ ປັບແຕ່ງສຽງ, ປັບແຕ່ງສັນຍານ.
equatorial orbit 	ວົງໂຄຈອນທີ່ເສັ້ນສູນສູດ.
erase 	ການລຶບ, ເຊັ່ນການລຶບຟາຍ ຫລື ຮູບພາບອອກຈາກແຜ່ນດິດ.
erasing head 	ຫົວລຶບ. ຫມາຍເຖິງກົນໄກການຂັບເຄື່ອນເທບແມ່ເຫລັກ, ຫນ້າທີ່ຫລັກຂອງອຸປະກອນນີ້ຄື ການລຶບຂໍ້ມູນເກົ່າກ່ອນທີ່ຈະບັນທຶກຂໍ້ມູນໃຫມ່ລົງໄປ.
ergonomics 	ວິຊາທີ່ກ່ຽວຂ້ອງກັບການອອກແບບອຸປະກອນ ຫລື ເຄື່ອງມືທີ່ເຮັດໃຫ້ມະນຸດສະດວກສະບາຍໃນເວລາໃຊ້ວຽກ.
error 	ຂໍ້ຜິດພາດ, ຄວາມແຕກຕ່າງລະຫວ່າງສິ່ງທີ່ຍອມຮັບໄດ້ກັບຄວາມເປັນຈິງ, ໃນເລື່ອງການປະມວນຜົນນັ້ນຂໍ້ຜິດພາດບໍ່ໄດ້ຄືກັບສິ່ງທີ່ຜິດ. ແຕ່ມັກຈະເປັນການເຮັດວຽກຂອງຄອມພິວເຕີທີ່ສະແດງອອກມາວ່າ ຍອມຮັບບໍ່ໄດ້, ຜິດປົກກະຕິ, ເປັນໄປບໍ່ໄດ້ ຫລື ເຫດການທີ່ບໍ່ຖືກຕ້ອງ.
error correcting code memory 	ຫນ່ວຍຄວາມຈໍາທີ່ສາມາດກວດສອບ ແລະ ແກ້ໄຂຂໍ້ຜິດພາດຈາກການຂຽນ ແລະ ການອ່ານໄດ້ເອງ.
error correction 	ການແກ້ຂໍ້ຜິດພາດ.
error detection 	ການກວດຫາຂໍ້ຜິດພາດ.
error detection and correction 	ການກວດສອບ ແລະ ແກ້ໄຂຂໍ້ຜິດພາດ, ກົນໄກທີ່ໃຊ້ລະຫວ່າງການໂອນຍ້າຍຟາຍເພື່ອບອກວ່າເກີດຄວາມຜິດພາດໃນການສົ່ງຂໍ້ມູນຂຶ້ນມາ ຫລື ບໍ່, ເຮັດການແກ້ໄຂຖ້າເປັນໄປໄດ້. ໂປຣແກຣມ ຫລື ໂປຣໂຕຄອນໃນການສົ່ງບາງປະເພດຕ້ອງໃຫ້ມີການສົ່ງມາໃຫມ່ສະເພາະ block ທີ່ບໍ່ຖືກຕ້ອງເທົ່ານັ້ນຫາກເກີດຂໍ້ຜິດພາດ. ແຕ່ໃນໂປຣໂຕຄອນທີ່ຊັບຊ້ອນຫລາຍຈະເຮັດໃຫ້ທັງການກວດສອບ ແລະ ການແກ້ໄຂຂໍ້ມູນນໍາອີກ.
error message 	ຂໍ້ສັງເກດທີ່ຄອມພິວເຕີສະແດງອອກມາເປັນລະຫັດ ເພື່ອສະແດງໃຫ້ຜູ້ໃຊ້ຮູ້ວ່າໂປຣແກຣມເຮັດວຽກບໍ່ຖືກຕ້ອງ ຫລື ມີຂໍ້ຜິດພາດເກີດຂື້ນ.
error rate 	ອັດຕາຄວາມຄາດເຄື່ອນ.
error trapping 	ການກວດຈັບ ແລະ ຕອບສະຫນອງທີ່ອາດຈະລົບກວນການປະຕິບັດການຂອງເຄື່ອງຄອມພິວເຕີ.
escape key 	ປຸ່ມຍົກເລີກ, ເປັນປຸ່ມຫນຶ່ງທີ່ມີຢູ່ໃນຄີບອດໃຊ້ສໍາລັບຍົກເລີກຄໍາສັ່ງສຸດທ້າຍທີ່ໄດ້ສັ່ງໃຫ້ເຄື່ອງປະຕິບັດຢ່າງໃດຢ່າງຫນຶ່ງໄປແລ້ວ.
Text 	 ຕົວອັກສອນ/ຕົວເລກ, ສັນຍາລັກທີ່ມີຢູ່ໃນແປ້ນພິມ ເປັນພຽງການຂຽນທຳມະດາບໍ່ມີການຈັດຮູບແບບ
text based browser 	ຄົ້ນຫາແບບຂໍ້ຄວາມ, ບຣາວເຊີແບບຂໍ້ຄວາມ
text box 	ຂອບຮັບຂໍ້ມູນ, ສິ່ງທີ່ຢູ່ພາຍໃນຂອບສົນທະນາໃນ GUI ເຮັດໜ້າທີ່ຮັບຂໍ້ຄວາມ, ມີລັກສະນະເປັນເສັ້ນ້ອອມຮອບບໍລິເວນ ທີ່ເຮົາປ້ອນຕົວໜັງສື
text editor 	ໂປຣແກຣມໄວ້ພິມຂໍ້ຄວາມ, ໂປຣແກຣມທີ່ຊ່ວຍໃຫ້ຜູ້ໃຊ້ສາມາດປ່ຽນແປງແກ້ໄຂຟາຍຂໍ້ຄວາມໄດ້
text file 	ຟາຍຂໍ້ຄວາມ, ຟາຍທີ່ເກັບສະເພາະຕົວໜັງສື ຫຼື ຕົວອັກສອນແອັດສະເກີ, ບໍ່ມີລະຫັດພິເສດທີ່ກຳກັບຮູບແບບຕົວອັກສອນວ່າ ເປັນຕົວງ່ຽງ, ຕົວເຂັ້ມ ຫຼື ຮູບແບບຂອງເອກະສານ
text file transfer 	ການຖ່າຍໂອນຟາຍຂໍ້ຄວາມ
text mode 	ພາວະຂໍ້ຄວາມ
text processing 	ການປະມວນຜົນຂໍ້ຄວາມ
textbook 	ປື້ມແບບຮຽນ, ໜັງສືທີ່ປະກອບດ້ວຍເນື້ອໃນທີ່ໃຊ້ໃນການຮຽນທີ່ມີຂອບເຂດອັນແນ່ນອນ ແລະ ຖືກຈັດໄວ້ຢ່າງເປັນລະບົບ
thermal copier 	ເຄື່ອງຖ່າຍສຳເນົາແບບໃຊ້ຄວາມຮ້ອນ ເຊິ່ງສ້າງພາບດ້ວຍຄວາມຮ້ອນ infared ໃນຟີມ ແລະ ເຈ້ຍຊະນິດພິເສດ
thermal printer 	ເຄື່ອງພິມທີ່ສ້າງການພິມໂດຍການໃຊ້ຄວາມຮ້ອນລົງໃນແຜ່ນເຈ້ຍ
thermal process 	ກຳມະວິທີທາງອຸນຫະພູມ, ການອັດສຳເນົາວັດສະດຸແຜ່ນໃສໂດຍໃຊ້ເຄື່ອງຈັກທີ່ອາໄສຄວາມຮ້ອນ
thermal wax printer 	 ເຕັກໂນໂລຊີການພິມສະໄໝກ່ອນທີ່ໃຊ້ເຈ້ຍຊະນິດພິເສດ ເພື່ອສົ່ງຕົວໜັງສືໄປດ້ວຍຄວາມຮ້ອນ. ເຄື່ອງພິມແບບນີ້ຈະບໍ່ໃຊ້ຫົວພິມກະທົບໃສ່ເຈ້ຍ, ແຕ່ຈະມີຫົວພິມທີ່ໃຊ້ຄວາມຮ້ອນແຕ້ມຮູບພາບລົງໃນເຈ້ຍ, ຂໍ້ດີຄືງຽບ ຂໍ້ເສຍຄືຜົນທີ່ໄດ້ມາມີຄຸນນະພາບຕ່ຳ ເຊິ່ງຈະປ່ຽນໄປຕາມເວລາ
THF 	ຫຍໍ້ມາຈາກ Tremendously High Frequency, ຄວາມຖີ່ສູງສຸດຍອດ
thick Ethernet 	ສາຍໂຄແອັກຊຽວທີ່ໃຊ້ເຊື່ອມຕໍ່ໃນເຄືອຂ່າຍອິນເຕີເນັດ ສາຍຊະນິດນີ້ໜາ 0.5 ນິ້ວ, ໃຊ້ຕໍ່ໂຫນດຕ່າງໆ ໃນເຄືອຂ່າຍທີ່ມີໄລຍະຫ່າງບໍ່ເກີນ 500 ແມັດ, ນິຍົມໃນການໃຊ້ຕິດຕັ້ງພາຍໃນສຳນັກງານ
ThickNet 	ຊື່ຊະນິດໜຶ່ງຂອງສາຍແກນຮ່ວມຊະນິດໜາ
thin Ethernet 	ສາຍໂຄແອັກຊຽວທີ່ໃຊ້ເຊື່ອມຕໍ່ໃນເຄືອຂ່າຍອິນເຕີເນັດ ສາຍຊະນິດນີ້ໜາ 1/4 ນິ້ວ, ໃຊ້ຕໍ່ໂຫນດຕ່າງໆ ໃນເຄືອຂ່າຍທີ່ມີໄລຍະຫ່າງບໍ່ເກີນ 180 ແມັດ, ນິຍົມໃນການໃຊ້ຕິດຕັ້ງພາຍໃນສຳນັກງານ
ThinkPad 	ຕະກຸນຄອມພິວເຕີໂນດບຸກ
ThinNet 	ຊື່ຊະນິດໜຶ່ງຂອງສາຍແກນຮ່ວມຊະນິດບາງ
thread 	ວຽກ ຫຼື ຂະບວນການເຮັດວຽກໃນໂປຣແກຣມຄອມພິວເຕີແບບຫຼາຍວຽກ, ຂະບວນການທີ່ເຮັດວຽກພ້ອມກັນນັ້ນເປັນສ່ວນໜຶ່ງໃນຂະບວນການ ຫຼື ໂປຣແກຣມທີ່ໃຫຍ່ກວ່າ
threaded interpretive language 	ພາສາສຳລັບຂຽນໂປຣແກຣມເຊິ່ງເກັບສ່ວນສຳຄັນໃນຮູບແບບ Sub-routines
three dimensional graphics 	ຂະບວນການສະແດງຮູບສາມມິຕິ
three dimensional photography 	ພາບຖ່າຍສາມມິຕິ
three dimensional spreadsheet 	 ຕາຕະລາງຄຳນວນການແບບສາມມິຕິ
theshold 	ຄ່າທີ່ກຳນົດໄວ້, ຄ່າຕ່ຳສຸດຂອງຕົວກະຕຸ້ນທີ່ເຮັດໃຫ້ເກີດການຮັບຮູ້ໄດ້
TIFF 	ເບິ່ງ Tagged Image File Format
time 	ເວລາ
time base corrector 	ອຸປະກອນ ທີ່ໃຊ້ປັບປຸງຄຸນລັກສະນະສະເພາະດ້ານເຕັກນິກຂອງສັນຍານໂທລະພາບເພື່ອໃຫ້ສັນຍານດີຂຶ້ນ
time division multiplexing 	ວິທີການໃຊ່ຊ່ອງການສື່ສານໃນການຕິດຕໍ່ສື່ສານຮ່ວມກັນໂດຍແບ່ງເວລາທີ່ມີໃຫ້ເທົ່າໆກັນລະຫວ່າງສະຖານີທັງສອງ
time lapse cinematography 	ການຖ່າຍທຳຮູບເງົາແບບໃຊ້ຄວາມໄວຕ່ຳກວ່າປົກກະຕິ ຈະໄດ້ພາບການເຄື່ອນໄຫວທີ່ໄວຂຶ້ນ
time out 	ໝົດເວລາລໍຖ້າການເຊື່ອມຕໍ່
time sharing 	ການໃຊ້ເວລາຮ່ວມກັນ, ກົນລະຍຸດການໃຊ້ຊັບພະຍາກອນ (ໄມໂຄຣໂປຣເຊັດເຊີ ເຄື່ອງພິມດີດ) ຂອງເຄື່ອງ Mainframes ຫຼື ຄອມພິວເຕີໃນເຄືອຂ່າຍ, ເວລາທີ່ເອົາມາໃຊ້ຮ່ວມກັນນີ້ ຄືເວລາ ໃນການປະເມີນຜົນຂອງຄອມພິວເຕີ
time slice 	ເວລາຂອງໂປຣເຊັດເຊີ ທີ່ຈັດແບ່ງໃຫ້ກັບລະບົບງານຕ່າງໆມີຫົວໜ່ວຍເປັນມີລີວິນາທີ
time slice multitasking 	ການເຮັດຫຼາຍໆວຽກງານພ້ອມກັນ ເຊິ່ງລະບົບປະຕິບັດການ ຈະກຳນົດຊ່ວງເວລາສັ້ນໆ ແລະ ເທົ່າໆກັນໃຫ້ແຕ່ລະຂະບວນການສະຫຼັບກັນໄປ
time of life 	 ໂຕເລກທີ່ໃຊ້ກຳນົດອາຍຸຂອງແພັກເກັດທີ່ເດີນທາງຢູ່ໃນເຄືອຂ່າຍ
time zone 	ເຂດຂອງເວລາ
time zone metering 	ການນັບເວລາຕາມເຂດ
Tinkerbell Program 	ທີ່ໃຊ້ສະແກນການເຊື່ອມຕໍ່ຈາກເຄືອຂ່າຍ ແລະ ຈະມີການແຈ້ງເຕືອນເມື່ອຜູ້ໃຊ້ຄົນໃດຄົນໜຶ່ງເຊື່ອມຕໍ່ເຂົ້າມາ
title bar 	ແຖບຫົວເລື່ອງ, ໃນລະບົບ GUI ເຊັ່ນ Windows ຫຼື Macintosh ທີ່ສະແດງຂຶ້ນມາເປັນແຖບຍາວໆບາງໆ ທີ່ວາງຂວາງຢູ່ເທິງສຸດຂອງຊ່ອງໜ້າຕ່າງທັງໝົດ, ໂດຍຈະມີຂອບ Control-menu ແລະ ປຸ່ມ Maximize ແລະ Minimize ຢູ່ເທິງແຖບດັ່ງກ່າວ
title caption 	ຫົວເລື່ອງ, ຊື່ຂອງຮູບເງົາ, ຂໍ້ຄວາມທີ່ໃສ່ໄວ້ໃນຟີມເພື່ອການບອກຂໍ້ມູນ.
toggle 	ການປ່ຽນສະຖານະ, ອາດຈະເປັນປຸ່ມຮູບກຣາບຟິກ ຫຼື ທາງເລືອກບາງທາງທີ່ຢູ່ໃນສະຖານະເປີດ ຫຼື ປິດຢ່າງໃດຢ່າງໜຶ່ງ, ການເລືອກກົດປຸ່ມຄັ້ງທີໜຶ່ງຈະເປີດ ແລະ ຄັ້ງຕໍ່ໄປຈະປິດເຮັດເຊັ່ນນີ້ໄປຕະຫຼອດ
token 	ຊຸດຂໍ້ມູນນ້ອຍໆ ທີ່ບອກເຖິງການໃຫ້ສິດທິການຮັບສົ່ງຂໍ້ມູນ, ຊຸດຂໍ້ມູນຕົວໜັງສື ຫຼື ຕົວເລກທີ່ໃຊ້ແທນຈໍານວນເງິນໃນເງິນສົດດິຈິຕອນ, ທະນາຄານທີ່ອອກເງິນສົດດິຈິຕອນຈະເຮັດໜ້າທີ່ກວດສອບ token ວ່າໃຊ້ຈ່າຍເງິນໄດ້ ຫຼື ບໍ່ໄດ້ໂດຍໃຊ້ digital starm
token ring network 	ສະຖາປັດຕະຍະກຳເຄືອຂ່າຍ token ring ທີ່ໄອບີເອັມຕິດຕັ້ງ ແລະ ໃຊ້ໂປຣໂຕຄອນ token passing ເປັນການສົ່ງຜ່ານທີ່ມີອັດຕາຄວາມໄວ 4 ຫຼື 16 ເມກະບິດ/ວິນາທີ
estimate 	 ຄາດຄະເນ.
ESZ 	ຫຍໍ້ມາຈາກ Emergency Service Zone, ເຂດບໍລິການສຸກເສີນ.
E-TDMA 	ຫຍໍ້ມາຈາກ Extended-Time Division Multiple Access, ການຮ່ວມໃຊ້ຊ່ອງສັນຍານແບບແບ່ງເວລາຊະນິດຂະຫຍາຍ. ເບິ່ງເພີ່ມທີ່ TDMA.
Ether Talk 	ໂປຣໂຕຄອນ Apple Talk ສໍາລັບເຄືອຂ່າຍອິນເຕີເນັດ, ການຕິດຕັ້ງເຄືອຂ່າຍແບບອີເທີເນັດໃນເຄື່ອງ Apple ອອກແບບມາໃຫ້ເຮັດວຽກກັບລະບົບປະຕິບັດການເຄືອຂ່າຍຊື່ AppleShare. Apple Talk ນີ້ເຮັດວຽກໃນສາຍໂຄແອກຊຽວທີ່ມີຄວາມໄວໃນການສົ່ງພາຍໃນສາຍ 10 ເມກາບິດຕໍ່ວິນາທີ ແລະ ໃຊ້ສາຍຄູ່ຕີກຽວ UTP, ສາຍ STP.
Ethernet 	ອີເທີເນັດ, ເຕັກໂນໂລຊີເຄືອຂ່າຍທ້ອງຖິ່ນຊະນິດຫນຶ່ງທີ່ກໍານົດຕາມມາດຕະຖານເຊິ່ງໄດ້ຮັບການຕິດຕັ້ງຢ່າງກວ້າງຂວາງ.
Ethernet packet 	ຊຸດຂອງຂໍ້ມູນທີ່ໃຊ້ສົ່ງໄປໃນເຄືອຂ່າຍອີເທີເນັດ ປະກອບໄປດ້ວຍSynchronization preamble ທີ່ຢູ່ປາຍທາງ/ທີ່ຢູ່ຕົ້ນທາງ ເຊິ່ງຊຸດຂໍ້ມູນມີຂະຫນາດຕັ້ງແຕ່ 46-1500 ໄບ ແລະ ສຸດທ້າຍກໍ່ຄືທີ່ເປັນຄ່າທີ່ໄດ້ຈາກການຄໍານວນທາງສະຖິຕິເພື່ອໃຊ້ຢືນຢັນຄວາມຖືກຕ້ອງຂອງຂໍ້ມູນ.
etiquette 	ຈະລິຍະທໍາສໍາຫລັບຜູ້ໃຊ້ ອິນເຕີເນັດ, ມາລະຍາດໃນການໃຊ້ເຄືອຂ່າຍ.
Eudora 	ໂປຣແກຣມ ກຣາຟຟິກ e-mail ໃຊ້ກັບລະບົບ Windows ແລະ Macintosh ມີຜູ້ນິຍົມໃຊ້ຢ່າງແຜ່ຫລາຍເນື່ອງຈາກໃຊ້ວຽກງ່າຍ ແລະ ມີຈຸດເດັ່ນຫລາຍ ເຊັ່ນ ລະບົບ offline mail reader ແລະ Post Office Protocol.
European Academic Research Network 	ເປັນເຄືອຂອງມະຫາວິທະຍາໄລ ແລະ ສະຖາບັນວິຊາການໃນເອີຣົບ.
evaluation 	ການປະເມີນຄ່າ, ການປະເມີນຜົນ.
even parity 	ພາວະຄູ່.
event signaling 	ການໃຫ້ສັນຍານເຫດການ.
event-driven programming 	ໂປຣແກຣມທີ່ອອກແບບມາໃຫ້ຕອບຮັບກັບເຫດການ ເຊັ່ນ ການກົດ mouse ແທນທີ່ຈະໃຊ້ກົດແປ້ນພິມເພື່ອເລືອກໃນເມນູແບບເດີມ.
eventware 	ໂຄງສ້າງທີ່ອອກແບບໃຫ້ສາມາດເຮັດວຽກຮ່ວມກັນຜ່ານອິນເຕີເນັດ. ເຊັ່ນ ການປະຊຸມສໍາມະນາລະຫວ່າງຜູ້ໃຊ້ງານທີ່ຢູ່ຫ່າງໄກກັນ.
Excel 	ໂປຣແກຣມຄໍານວນທີ່ຢູ່ໃນຮູບແບບຕາຕະລາງ ພັດທະນາໂດຍບໍລິສັດໄມໂຄຣຊອບ.
exchange 	ແລກປ່ຽນ, ສັບປ່ຽນ, ສູນກາງໂທລະສັບ.
exchange area 	ພື້ນທີ່ບໍລິການຂອງສູນກາງໂທລະສັບ.
exciter lamp 	ຫລອດແປງສັນຍານ, ຫມາຍເຖິງຫລອດໄຟທີ່ສ່ອງຜ່ານຮ່ອງສຽງຂອງຟີມພ້ອມກັບແປງເປັນພະລັງງານໄຟຟ້າຜ່ານລໍາໂພງເປັນພະລັງງານສຽງ.
exclusive OR 	ໃຊ້ຄໍາຫຍໍ້ວ່າ XOR, ເປັນການປະຕິບັດການທາງຕັກກະສາດ, ເອົາຕົວເລກຖານສອງ 2 ຈໍານວນມາຄໍານວນເພື່ອໃຫ້ໄດ້ຜົນໃຫມ່ຖ້າຕົວເລກທັງສອງຄືກັນ ຜົນທີ່ໄດ້ຈະມີຄ່າເປັນ 0 ແລະ ຕ່າງກັນຈະເປັນ 1.
exclusive rights 	ສິດຂາດ, ຫມາຍເຖິງຂໍ້ຕົກລົງຢ່າງເປັນທາງການທີ່ໃຫ້ສິດຈໍາຫນ່າຍ ເຊົ່າ ຫລື ແຈກຢາຍ ສິ່ງຂອງບາງຢ່າງແຕ່ພຽງຜູ້ດຽວ ໃນຊ່ວງເວລາທີ່ກໍາຫນົດໄວ້.
EXE 	ຫຍໍ້ມາຈາກ Executable file, ເປັນນາມສະກຸນ ຫລື ປະເພດຂອງຟາຍທີ່ສາມາດປະຕິບັດການໄດ້.
EXE2BIN 	ຄໍາສັ່ງໃນ DOS ໃຊ້ແປງຟາຍທີ່ເຮັດວຽກໄດ້ ໄປເປັນຮູບແບບໄບນາຣີ ຄໍາສັ່ງນີ້ໃຫ້ໂປຣແກຣມເມີໃຊ້ ແລະ ຈະບໍ່ມີຄວາມຈໍາເປັນຢູ່ໃນ DOS ດັ່ງນັ້ນໃນ DOS 6 ຂຶ້ນໄປກໍ່ບໍ່ມີຄໍາສັ່ງນີ້ແລ້ວ.
execute 	ດໍາເນີນງານ, ປະຕິບັດການ, ການສັ່ງໃຫ້ໂປຣແກຣມ ຫລື ຄໍາສັ່ງໃນພາສາໂປຣແກຣມເຮັດວຽກ.
executive information system 	ລະບົບຂໍ້ມູນຂ່າວສານເພື່ອຜູ້ບໍລິຫານ, ລະບົບຂໍ້ມູນຂ່າວສານທີ່ເຮັດຂຶ້ນມາເປັນພິເສດນີ້ ຈະເຊື່ອມຕໍ່ກັບລະບົບຂໍ້ມູນ ແລະ ມີໂປຣແກຣມສໍາລັບບັນທຶກຂໍ້ມູນຂ່າວສານ ທີ່ໄດ້ມາຈາກການປະມວນຜົນຂໍ້ມູນໄວ້ໃນເຄື່ອງພີຊີ ຫລື terminal ຂອງຜູ້ບໍລິຫານ. ເຮັດໃຫ້ຜູ້ບໍລິຫານສາມາດຄົ້ນຄືນຂໍ້ມູນເຫລົ່ານັ້ນມາພິຈາລະນາໄດ້ຕາມຄວາມຕ້ອງການ.
executive producer 	ຜູ້ບໍລິຫານການຜະລິດລາຍການ. ເຊັ່ນ ລາຍການວິທະຍຸ, ໂທລະພາບ.
executive size 	ຂະຫນາດຂອງແຜ່ນເຈ້ຍ, ເຊິ່ງມີຂະຫນາດ ນິ້ວ.
executive support system 	ເປັນລະບົບຂໍ້ມູນຂ່າວສານ ທີ່ອອກແບບພິເສດສໍາລັບຊ່ວຍວຽກລະດັບຜູ້ບໍລິຫານ. ປະກອບດ້ວຍລະບົບຊ່ວຍຕັດສິນໃຈ ແລະ ລະບົບຂໍ້ມູນຂ່າວສານເພື່ອການບໍລິຫານ ແລະ ການຈັດການ.
exhibit 	ການສະແດງອອກ, ສິ່ງທີ່ນໍາມາສະແດງນິທັດສະການ.
Exit 	ອອກ/ຢຸດ, ຄໍາສັ່ງທີ່ໃຫ້ຜູ້ໃຊ້ຢຸດໂປຣແກຣມວິທີນີ້ເປັນທາງເລືອກຈົບໂປຣແກຣມທີ່ເຮັດໃຫ້ໂປຣແກຣມຢຸດເຮັດວຽກໄດ້ຢ່າງສະຫງົບຈົນກວ່າຈະຖືກເອີ້ນໃຊ້ຄັ້ງຕໍ່ໄປ, ເຊິ່ງກົງກັນຂ້າມກັບການໃຊ້ Ctrl-Alt-Del.
exiting light 	ແສງສະທ້ອນຈາກຫລອດໄຟ.
exosphere 	ຊັ້ນບັນຍາກາດ.
EXP 	ຟັງຊັນໃນພາສາໂປຣແກຣມຫລາຍໆພາສາທີ່ໃຊ້ຄໍານວນຄ່າຂອງ ex ເຊິ່ງ e ມີຄ່າປະມານ 2.71828.
expand 	ການຂະຫຍາຍຟາຍທີ່ຖືກຫຍໍ້ຂະຫນາດມາແລ້ວ ເພື່ອໃຫ້ຄອມພິວເຕີເອົາມາໃຊ້ວຽກໄດ້. ຟາຍໃນເຄື່ອງໄອບີເອັມຈະຖືກຫຍໍ້ໂດຍໃຊ້ໂປຣແກຣມ PKZIP, ສ່ວນເຄື່ອງ Macintosh ໃຊ້ໂປຣແກຣມ Stufflt. ນອກຈາກນັ້ນຍັງຫມາຍເຖິງການສະແດງໄດເຣັກທໍຣີຍ່ອຍທັງຫມົດເປັນເຄືອໄດເຣັກທໍຣີແບບກຣາບຟິກ.
expander 	ຕົວຂະຫຍາຍສັນຍານບີບອັດ.
expansion 	ນາມສະກຸນຂອງຟາຍໃຊ້ເພື່ອບອກຊະນິດຂອງຟາຍ.
expansion bus 	ສ່ວນຫນຶ່ງຂອງຊ່ອງທາງສົ່ງຂໍ້ມູນທາງຄອມພິວເຕີ ທີ່ເຮັດໄວ້ໃຫ້ສຽບເຂົ້າໄປໃນແຜ່ນວົງຈອນຂະຫຍາຍ ເພື່ອເຮັດໃຫ້ຄອມພິວເຕີມີຄວາມສາມາດຫລາຍຂຶ້ນ. ຄອມພິວເຕີທີ່ວາງຂາຍໃນປັດຈຸບັນມີຊ່ອງທາງສົ່ງຂໍ້ມູນຂະຫຍາຍເກືອບທຸກຍີ່ຫໍ້. ຕົວຢ່າງຂອງອາແດັບເຕີ ທີ່ໃຊ້ສຽບເພີ່ມເຂົ້າໄປ ເຊັ່ນ ຫນ່ວຍຄວາມຈໍາ, ສ່ວນສະແດງຜົນ.
expansion slot 	ຊ່ອງເປີດໃຫ້ແຜ່ນວົງຈອນເພີ່ມ ສຽບເຂົ້າໄປໃນຊ່ອງທາງສົ່ງຂໍ້ມູນຂະຫຍາຍພາຍໃນຄອມພິວເຕີໄດ້, ຈະໃສ່ອາແດບເຕີເພີ່ມເຂົ້າໄປຫລາຍເທົ່າໃດກໍ່ໄດ້ເທົ່າທີ່ຈະມີບ່ອນໃຫ້ສຽບ.
expendable materials 	ວັດສະດຸສິ້ນເປືອງ, ຫມາຍເຖິງສິ່ງທີ່ໃຊ້ແລ້ວ ບໍ່ສາມາດນໍາມາໃຊ້ຄືນອີກ ເຊັ່ນ: ທຽນໄຂ, ສານເຄມີ, ແລະ ອື່ນໆ.
experimental group 	ກຸ່ມທົດລອງ. ຫມາຍເຖິງກຸ່ມທີ່ຈັດຕັ້ງໄວ້ເພື່ອການທົດລອງໃດຫນຶ່ງ.
experimental school 	ໂຮງຮຽນສາທິດ, ຫມາຍເຖິງໂຮງຮຽນລະດັບປະຖົມ ຫລື ມັດທະຍົມເຊິ່ງເປັນພາກສ່ວນຫນຶ່ງຂອງສະຖາບັນ ເພື່ອການຄົ້ນຄວ້າທາງດ້ານການສຶກສາ, ໃຊ້ເປັນສະຖານທີ່ທົດສອບວີທີການສອນວິທີການໃຫມ່ ການບໍລິຫານບຸກຄະລາກອນໃຫມ່ ແລະ ອື່ນໆ.
expert set 	ຟອນທີ່ປະກອບດ້ວຍຊຸດອັກສອນບອກລະດັບສຽງ.
expert system 	ລະບົບຜູ້ຊ່ຽວຊານ, ໂປຣແກຣມທີ່ຮຽນແບບປັນຍາຂອງຜູ້ຊ່ຽວຊານສະເພາະເລື່ອງ ເຊັ່ນ ການແພດລະບົບທີ່ປະກອບດ້ວຍຖານຄວາມຮູ້ທີ່ຮວບຮວມມາຈາກຜູ້ຊ່ຽວຊານ ພ້ອມທັງກົດເກນໃນການປະເມີນຜົນຂໍ້ມູນ. ລະບົບຊ່ຽວຊານຈະຖາມຄໍາຖາມຜູ້ໃຊ້ວຽກ ຈະຄົ້ນຫາຂໍ້ສະຫລຸບທີ່ຫວັງວ່າຈະຄືກັບຜູ້ຊ່ຽວຊານເຮັດໄດ້.
explode 	ມີຄວາມຫມາຍດຽວກັບການຂະຫຍາຍຟາຍ ທີ່ຖືກຫຍໍ້ຂະຫນາດຂໍ້ມູນໄວ້ກ່ອນຫນ້ານີ້, ບາງໂປຣແກຣມຈຶ່ງໃຊ້ຄໍາວ່າແຕກຟາຍແທນທີ່ຈະໃຊ້ຄໍາວ່າຂະຫຍາຍຟາຍ.
Explorer 	ສ່ວນ ຫລື ໂປຣແກຣມຫນຶ່ງຂອງ Windows ທີ່ໃຊ້ໃນການຈັດການກັບຟາຍ ຫລື ແຟ້ມຂໍ້ມູນ.
exponential function 	ເປັນຟັງຊັນແບບ ex
exponential notation 	ຫມາຍເຖິງວິທີນໍາສະເຫນີຕົວເລກ ທີ່ໄດ້ຈາກການທົດລອງທາງວິທະຍາສາດທີ່ມີຄ່າໃຫຍ່ໆ ຫລື ນ້ອຍໆ.
export 	ນໍາອອກ, ການສົ່ງຂໍ້ມູນໃນແບບຂໍ້ຄວາມ ຫລື ແອັດສະກີຈາກໂປຣແກຣມການຄໍານວນໃນຮູບແບບຕາຕະລາງ, ຖານຂໍ້ມູນ, ເວີດໂປຣເຊັດເຊີ ຫລື desktop publishing ໄປຫາຟາຍໃນດິດສໍາລັບນໍາໄປປະມວນຜົນພາຍຫລັງ ຫລື ສົ່ງຕໍ່ໄປຫາໂປຣແກຣມອື່ນ.
exposed film 	ຟີມຮັບແສງແລ້ວ, ຫມາຍເຖິງຟີມທີ່ເຄື່ອນທີ່ຜ່ານຮູຮັບແສງໃນກ້ອງ ຫລື ເຄື່ອງພີມ ແລະ ພ້ອມທີ່ຈະສ້າງພາບ.
exposure 	ການເປີດຮັບແສງ ແລະ ຄ່າປະລິມານແສງ.
exposure meter 	ເຄື່ອງວັດແທກແສງ.
expression 	ຊຸດຂອງສັນຍາລັກທີ່ສາມາດຫາຄ່າອອກມາໄດ້.
extant 	ທີ່ມີຢູ່/ທີ່ປະກົດຢູ່, ຍັງບໍ່ຖືກທໍາລາຍ.
extant data 	ຂໍ້ມູນຂ່າວສານປີກຍ່ອຍອັນເກີດຂຶ້ນຕາມທໍາມະຊາດໃນຕົວຂອງລູກຈ້າງທີ່ໄດ້ຮັບການຝຶກອົບຮົມແລ້ວ.
extended ASCII 	ຊຸດອັກສອນ 255 ຕົວທີ່ປະກອບໄປດ້ວຍລະຫັດຕົວອັກສອນແອັດສະກີ 128 ຕົວ, ລວມກັບພາສາອື່ນໆ, ເຄື່ອງຫມາຍທາງຄະນິດສາດ ແລະ ຕົວອັກສອນທີ່ເປັນຂອບກຣາບຟິກ. ການປັບປຸງອື່ນໆຂອງມາດຕະຖານໃນໄລຍະຕົ້ນແມ່ນໃຫ້ລົບລ້າງ.
extension 	ນາມສະກຸນຂອງຟາຍໃນ DOS ແລະ ລະບົບປະຕິບັດການອື່ນໆ. ນາມສະກຸນມັກໃຊ້ເພື່ອໃຫ້ລະບົບຮູ້ຊະນິດຂອງຟາຍ ແລະ ເບື້ອງຫລັງຊື່ຟາຍແຍກກັນດ້ວຍຈຸດ ເຊັ່ນ ຟາຍພາສາ Pascal ໃຊ້ນາມສະກຸນ .PAS ຟາຍພາສາ Basic ໃຊ້ .BAS ແລະ ຟາຍສໍາຮອງໃຊ້ .BAK.
extension cord 	ສາຍຕໍ່, ຫມາຍເຖິງຄວາມຍາວຂອງສາຍທີ່ໃຊ້ຕໍ່ພະລັງງານໄຟຟ້າໄປຫາອຸປະກອນທີ່ຢູ່ຫ່າງໄກອອກໄປ.
extension number 	ເລກຫມາຍໂທລະສັບຕິດຕໍ່ພາຍໃນສໍານັກງານ.
external hard disk 	ຮາດດິດພາຍນອກ, ຮາດດິດທີ່ມີກ່ອງໃສຂອງຕົວເອງພ້ອມດ້ວຍສາຍເຄເບິນ ແລະ ສາຍໄຟໂດຍບໍ່ໄດ້ຢູ່ໃນຊ່ອງໃສ່ດິດພາຍໃນຕົວຄອມພິວເຕີ.
external modem 	ໂມເດັມພາຍນອກ, ໂມເດັມທີ່ແຍກອອກມາຈາກຄອມພິວເຕີ ແລະ ຕິດຕໍ່ໂດຍໃຊ້ສາຍແບບລຽນ (Serial cable), ໄຟ LED ທີ່ໂມເດັມຈະບອກສະຖານະຂອງໂມເດັມ ໃນການແກ້ໄຂບັນຫາເລື່ອງການສື່ສານ.
external store 	ຫນ່ວຍເກັບຂໍ້ມູນພາຍນອກ ຫລື ຫນ່ວຍຄວາມຈໍາພາຍນອກ.
external viewer 	ໂປຣແກຣມສໍາລັບເບິ່ງຮູບພາບກຣາບຟິກໃນຮູບແບບສະເພາະ.
extinction 	ການດັບສູນ, ການດັບລົງ.
extra curricular activities 	ກິດຈະກໍານອກຫລັກສູດ.
extra mural 	ການສອບພາຍນອກມະຫາວິທະຍາໄລ ໂດຍວິທີການສອບທາງໄກດ້ວຍສື່ຊະນິດຕ່າງໆ.
extranet 	ການສ້າງເຄືອຂ່າຍໂດຍໃຊ້ໂປຣໂຕຄອນ TCP/IP ເພື່ອເຊື່ອມການເຮັດວຽກກັບບຸກຄົນ ຫລື ຫນ່ວຍງານ ເຄືອຂ່າຍດັ່ງກ່າວຍັງມີ ຂອບເຂດການໃຊ້ວຽກທີ່ຈໍາກັດ ແລະ ຄວບຄຸມການເຮັດວຽກ ຄືເປັນເຄືອຂ່າຍສະເພາະ.
extrinsic 	ສິ່ງທີ່ໄດ້ມາຈາກພາຍນອກ.
extrinsic motivation 	ການຈູງໃຈພາຍນອກ.
eyedropper 	ອຸປະກອນໃນໂປຣແກຣມແຕ້ມຮູບ ແລະ ຕົບແຕ່ງຮູບພາບສໍາລັບໃຊ້ທຽບສີໃນຮູບພາບ.
eyeglass display 	ການສະແດງພາບໃນແວ່ນຕາ ເຊິ່ງລະບົບຈະສະແດງຂໍ້ມູນຄອມພິວເຕີໃນແວ່ນຕາ.
eyeglasses for computer users 	ແວ່ນຕາສໍາລັບເບິ່ງຈໍຄອມພິວເຕີ.
token passing 	 ວິທີການຄວບຄຸມການໄຫຼຂອງຂໍ້ມູນ ໃນລະບົບເຄືອຂ່າຍທ້ອງຖິ່ນແບບວົງແຫວນ
toll free call 	ບໍລິການໂທລະສັບຟີ
toll office 	ສູນກາງໂທລະສັບທາງໄກ
tone 	ສັນຍານສຽງ
tone generator 	ອຸປະກອນສ້າງສັນຍານຄວາມຖີ່ສຽງຫຼາຍຮູບແບບ
toner cartridge 	ກັບທີ່ໃຊ້ບັນຈຸຜົງມຶກ, ຄາທຣິດ ຫຼື ຄອນເທນເນີສຳລັບເຄື່ອງພິມເລເຊີ (ຊະນິດອື່ນໆ ເຊັ່ນ ເຄື່ອງອັດສໍາເນົາ ຫຼື ເຄື່ອງໂທລະສານ) ທີ່ຮັກສາໂທນເນີໄວ້ ໃນເຄື່ອງລຸ້ນເກົ່າຈະຕ້ອງຖອກໂທນເນີ ທີ່ເປັນຜົງລົງໃນຕົວເກັບ
toolkit 	ຊຸດເຄື່ອງມືທີ່ໃຊ້ແທນຊຸດຄຳສັ່ງ Utilty Software
tools 	ຊຸດເຄື່ອງມື, ຊຸດຂອງເຄື່ອງມືເອເລັກໂຕຣນິກທີ່ໃຊ້ພາຍໃນ software ລະບົບງານທີ່ກໍານົດສະເພາະແຕ່ລະຢ່າງ ຄືກັນກັບເຄື່ອງມືທີ່ໃຊ້ໃນຊີວິດປະຈໍາວັນ ເຊິ່ງມີຊື່ລົງທ້າຍ ເຊັ່ນ ໃນໂປຣແກຣມ ເພື່ອໃຫ້ໄດ້ງານຕາມຕ້ອງການ
top down programming 	ການຂຽນໂປຣແກຣມໃນລັກສະນະໂຄງສ້າງມາຈາກຂະໜາດຕ່າງໆໂດຍຂຽນໂຄງສ້າງລວມກ່ອນແລ້ວຈຶ່ງລົງລາຍລະອຽດໃນແຕ່ລະສ່ວນເໝາະສໍາລັບການຂຽນໂປຣແກຣມທີ່ຊັບຊ້ອນ
top level domain name 	ຊື່ໂດເມນລະດັບສູງສຸດ ເຊິ່ງຢູ່ທາງຂວາສຸດຂອງຊື່ ເຊັ່ນ .com, .la ໝາຍເຖິງເຄືອຂ່າຍລະດັບປະເທດ, internet ມີກໍາເນີດມາຈາກເຄືອຂ່າຍໃນປະເທດສະຫະລັດອາເມລິກາ, ຊື່ໂດເມນລະດັບສູງສຸດໃນຍຸກທຳອິດຈຶ່ງມີພຽງຊື່ກຸ່ມເຄືອຂ່າຍ ເຊິ່ງມີໃຊ້ຢູ່ 6 ກຸ່ມ ແລະ ເມື່ອອິນເຕີເນັດ ຂະຫຍາຍຕົວອອກໄປທົ່ວໂລກຈຶ່ງຕ້ອງຈັດສັນຊື່ໂດເມນໃຫ້ແຕ່ລະປະເພດ
topic network 	 ເຄືອຂ່າຍເນື້ອເລື່ອງ, ໝາຍເຖິງເສັ້ນສະແດງແທນຄວາມສຳພັນລະຫວ່າງເນື້ອເລື່ອງໃນສ່ວນຂອງຫຼັກສູດ ຫຼື ເນື້ອເລື່ອງໃນວິຊາ
topologt 	ຮູບໂຄງຮ່າງຂອງເຄືອຂ່າຍ, ການປັບແຕ່ງເຄືອຂ່າຍ LAN ຫຼື ແຜນວາດເຄືອຂ່າຍໂດຍເປັນການບອກວ່າ ເດີນສາຍເຊື່ອມຕໍ່ທາງກາຍຍະພາບກັນແບບໃດ, ໂທໂປໂລຊີປະເພດພື້ນຖານໄດ້ແກ່ແບບລວມສູນ ຫຼື ແບບກະຈາຍ, ຮູບແບບພື້ນຖານຄື: ໂທໂປໂລຊີແບບສະຕາ (ລວມສູນ) ແລະ ໂທໂປໂລຊີ ແບບບັດ ແລະ ຣິງ (ກະຈາຍ) ນັ້ນຄື ໂທໂປໂລຊີໃນທາງກາຍຍະພາບຖ້າເປັນທາງ Logic
touch pad 	ອຸປະກອນຮັບຂໍ້ມູນທີ່ຜູ້ໃຊ້ແຕະຕ້ອງຈຸດໃດໜຶ່ງ ແລະ ສົ່ງເປັນສັນຍານໄປຍັງຄອມພິວເຕີ, "ຈຸດ" ນີ້ເປັນປຸ່ມທີ່ດັດແປງໄວ້ຢ່າງແນບນຽນ ແລະ ຜ່ານໜ້າຈໍສະແດງຜົນແບບ touch pad
touch screen 	ຈໍສຳພັດ, ເປັນອຸປະກອນທີ່ອອກແບບມາເພື່ອໃຊ້ຈື່ຈຳ ຫຼື ຮັບຄຳສັ່ງໄດ້ດ້ວຍວິທີສຳພັດ
touch screen terminal 	ເຄື່ອງປາຍທາງແບບຈໍສຳພັດ
touch tone telephone 	ໂທລະສັບແບບກົດປຸ່ມ
trace packet 	ແພັກເກດສະເພາະໃດໜຶ່ງທີ່ໃຊ້ໃນເຄືອຂ່າຍ packet switching ເມື່ອແພັກເກດນີ້ເດີນທາງໄປເຖິງເຄືອຂ່າຍໃດ ເຄືອຂ່າຍນັ້ນຈະຕ້ອງສົ່ງລາຍງານຫາຕຳແໜ່ງຈອງແພັກເກດນີ້ໃຫ້ສູນຄວບຄຸມເຄືອຂ່າຍຮູ້ນຳ
track 	 ວົງຂອງຂໍ້ມູນທີ່ຢູ່ຮາດດິດ, ດິດສ່ວນຫຼາຍຈະເກັບຂໍ້ມູນໄວ້ໃນວົງຊ້ອນກັນຫຼາຍໆວົງ ຫຼື track ຈັດ record ຢູ່ເທິງຜິວຂອງດິດໄວ້ກ່ອນ, track ປະກອບດ້ວຍຫຼາຍໆເຊັກເຕີ ເຊິ່ງແຕ່ລະເຊັກເຕີເກັບຂໍ້ມູນໄດ້ 512 ໄບ ແລະ ຄຳວ່າໄຊລິນເດີ ກໍຈະເອົາມາໃຊ້ອ້າງເຖິງ track ຄືກັນກັບຂໍ້ມູນຢູ່ດິດ. track ດ້ານນອກສຸດຂອງດິດ ຫຼື ພະແລັດເຕີແຜ່ນເທິງສຸດມີໝາຍເລກ track ເປັນ 0 ແລະ track ຕໍ່ໄປເປັນ 1, ການລຽງຕົວເລກຈະເພີ່ມຂຶ້ນເຂົ້າສູ່ສູນກາງຂອງດິດ, track ທີ່ຢູ່ເທິງເທັບຄືເສັ້ນທີ່ຂະ ໜານກັນລົງມາຕາມແກນຂອງເທັບ
tracking system 	ລະບົບຄົ້ນຫາ ແລະ ຕິດຕາມ
traffic 	ການຈະລາຈອນ, ບໍລິມາດການໄຫຼວຽນຂອງຂໍ້ມູນໃນເຄືອຂ່າຍ, ການໄຫຼຂອງຂໍ້ມູນຈະໄຫຼໄປຕາມຊ່ອງທາງການສື່ສານ ຫຼື ຊ່ອງທາງການເຊື່ອມໂຍງ, ການຈະລາຈອນຢູ່ຕາມເຄືອຂ່າຍ ຂໍ້ມູນຈະຖືກວັດແທກດ້ວຍຫົວໜ່ວຍບິດ ທີ່ສົ່ງໄປພາຍໃນຊ່ວງເວລາໃດໜຶ່ງ
traffic density 	ຄວາມໜາແໜ້ນຂອງການຈໍລະຈອນ (ໃນວົງຈອນສື່ສານ)
trailer 	ຊຸດຟີມສັ້ນໆທີ່ຕັດມານຳສະເໜີແນະນຳລ່ວງໜ້າ
Transceiver 	ອຸປະກອນ ຫຼື ສ່ວນຂອງວົງຈອນທີ່ເຮັດໜ້າທີ່ເປັນຕົວສົ່ງ ແລະ ຮັບສັນຍານໃນລະບົບເຄືອຂ່າຍ ເຊິ່ງອາດຈະລວມກັບວົງຈອນເຊື່ອມຕໍ່ເຄືອຂ່າຍ ຫຼື ອາດຈະແຍກອອກຕ່າງຫາກ
transaction 	ລາຍການ(ປ່ຽນແປງ)
transaction file 	ຟາຍລາຍການ (ປ່ຽນແປງ)
transaction processing system 	ໃຊ້ຄຳຫຍໍ້ວ່າ TPS, ເປັນຂະບວນການພື້ນຖານທາງທຸລະກິດ ເຊັ່ນ ການຈ່າຍເງິນ, ການອອກໃບບິນ
transborder 	 ຂ້າມເຂດ
transcode 	ການປ່ຽນຊຸດຕົວອັກສອນຈາກປະເພດໜຶ່ງໄປເປັນອີດປະເພດໜຶ່ງ
transcribe 	ການເຮັດສຳເນົາຂໍ້ມູນ
transducer 	ຕົວປ່ຽນແປງ, ຕົວເປັນສັນຍານ
transfer 	ການຖ່າຍໂອນ, ການສົ່ງຜ່ານ, ການສົ່ງຜ່ານຂໍ້ມູນຈາກບ່ອນໜຶ່ງໄປອີກບ່ອນໜຶ່ງ
translate 	ການແປ, ການປ່ຽນຂໍ້ມູນຈາກພາສາໜຶ່ງໄປເປັນພາສາອື່ນ
translator 	ໂປຣແກຣມແປ (ພາສາ), ເຄື່ອງແປ (ພາສາ), ຜູ້ແປ
transmission 	ການສົ່ງ, ການສົ່ງຜ່ານ, ການສື່ສັນຍານ
Transmission Control Protocol / Internet Prptocol 	ໃຊ້ຄຳຫຍໍ້ວ່າ TCP/IP, ເປັນມາດຕະຖານການຄວບຄຸມການໂອນຍ້າຍຂໍ້ມູນທາງອິນເຕີເນັດ
transmission copy 	ສຳເນົາອອກອາກາດ, ສຳເນົາຮູບເງົາທີ່ຈະໄດ້ອອກອາກາດ
transmission line 	ສາຍສົ່ງ
transmission media 	ຕົວທີ່ເປັນສື່ສັນຍານ
transmit 	ສົ່ງຜ່ານ
transmitter 	ເຄື່ອງສົ່ງ
transparency 	ແຜ່ນໃສ, ວັດຖຸທີ່ແສງສາມາດສ່ອງຜ່ານໄດ້
transparent 	ສິ່ງທີ່ບໍ່ສາມາດເຫັນໄດ້, ການເຮັດວຽກແບບອັດຕະໂນມັດ, ຄວາມມິດງຽບ, ສິ່ງທີ່ລີ້ຊ້ອນ ຫຼື ສິ່ງທີ່ຢູ່ນອກເໜືອຈາກການຮັບຮູ້, ຄຳນີ້ໃນຄອມພິວເຕີໝາຍເຖິງສິ່ງທີ່ເກີດຂຶ້ນໂດຍຜູ້ໃຊ້ບໍ່ຈຳເປັນຕ້ອງໄປກ່ຽວຂ້ອງໂດຍກົງ ແລະ ບໍ່ຕ້ອງການຂໍ້ມູນ ຫຼື ຄວາມສົນໃຈຈາກຜູ້ໃຊ້ ເຊັ່ນ ໂທລະສານຈະສົ່ງໄປໄດ້ ເວລາທີ່ຜູ້ໃຊ້ກຳລັງເຮັດວຽກກັບເອກະສານອື່ນໆ
transponder 	 ຊ່ອງຮັບສົ່ງຜ່ານສັຍານຂອງດາວທຽມ
transport layer 	ເລເຢີທີ 4 ໃນ 7 ເລເຢີ ອັນເປັນມາດຕະຖານມາຈາກ ISO/OSI ເຊິ່ງໃນເລເຢີນີ້ຈະກຳນົດ protocol ສຳລັບໂຄງສ້າງຂໍ້ຄວາມ ແລະ ມີການກວດສອບຄວາມຖືກຕ້ອງຂອງການສົ່ງຂໍ້ມູນດ້ວຍການກວດສອບຂໍ້ຜິດພາດ
trash 	ຖັງເກັບຂີ້ເຫຍື້ອ, ທີ່ພິເສດໃນລະບົບ Macintosh ມີຮູບຮ່າງຄ້າຍຄືກັນກັບຖັງຂີ້ເຫຍື້ອ ເຊິ່ງເຮົາຈະຖິ້ມສິ່ງທີ່ເຮົາບໍ່ຕ້ອງການອອກໄປດ້ວຍການ click ຢູ່ສິ່ງທີ່ຕ້ອງການເອົາອອກໄປແລ້ວ ລາກລົງໄປໃນຖັງຂີ້ເຫຍື້ອ. ຄຸນສົມບັດຂອງຖັງຂີ້ເຫຍື້ອໃນ Macintosh ຄືຂະໜາດຂອງຖັງຈະຕື່ງຂຶ້ນເມື່ອມີຟາຍທີ່ຕັດຖິ້ມຢູ່ໃນຖັງຂີ້ເຫຍື້ອ ແລະ ຈະບໍ່ໄຫຼອອກໄປທາງອື່ນ ຈົນກວ່າຈະໃຊ້ຄຳສັ່ງ Empty Trash
Treatment 	ໃນການຜະລິດສື່, ໝາຍເຖິງຜູ້ຜະລິດສື່ ຂຽນຂໍ້ຄວາມລະອຽດກ່ຽວກັບຈຸດປະສົງທີ່ຜູ້ຊົມຈະຮັບຊົມ, ເວລາ ແລະ ຄ່າໃຊ້ຈ່າຍໃນການຜະລິດ
tree structure 	ໂຄງສ້າງແບບຕົ້ນໄມ້ ເຊິ່ງແມ່ນແນວຄວາມຄິດໃນການຈັດຟາຍໃນດິດ ເຊິ່ງຟາຍທັງຫຼາຍທີ່ເກັບຢູ່ໃນໄດເຣັກທໍຣີ ແຕ່ລະຕົວຈະເຊື່ອມກັບໄດເຣັກທໍຣີ ຕົວອື່ນໆຄືກັນກັບກິ່ງງ່າຂອງຕົ້ນໄມ້
trend analysis 	ການວິເຄາະເຖິງແນວໂນ້ມ ຫຼື ທ່າອ່ຽງ
tripwire 	ເຄື່ອງມືທາງ software ສຳລັບຄວາມປອດໄພມີຫຼັກການເຮັດວຽກພື້ນຖານຄື: ເຮັດວຽກຮ່ວມກັບຖານຂໍ້ມູນທີ່ເກັບຈໍານວນໄບຂອງຟາຍໄວ້ ແລະ ຖ້າຫາກກວດສອບໄດ້ວ່າຈຳນວນໄບໄດ້ມີການປ່ຽນແປງ ກໍຈະແຈ້ງຕໍ່ຜູ້ຈັດການຄວາມປອດໄພຂອງລະບົບ
Trivial File Transfer Protocol 	 ໃຊ້ຄຳຫຍໍ້ວ່າ TFTP, ໂປຣໂຕຄອນຖ່າຍໂອນຟາຍ
trouber shooter 	ໂປຣແກຣມແກ້ບັນຫາ, ຜູ້ແກ້ບັນຫາ
trumpet winsock 	ໂປຣແກຣມຊອດເກັດໃນໄມໂຄຣຊອບ Windows ເຮັດໜ້າທີ່ເປັນໂຕເຊື່ອມຕໍ່ ໂປຣແກຣມນຳໃຊ້ ເຂົ້າກັບລະບົບເຄືອຂ່າຍ TCP/IP
trunk 	ສາຍຜ່ານ, ວົງຈອນຜ່ານ
trunk mobile radio 	ວິທະຍຸໂທລະສັບເຄື່ອນທີ່ສະເພາະກຸ່ມ
Trusted Network Interpretation 	ລັກສະນະສະເພາະທາງດ້ານຄວາມປອດໄພ, ຄວາມຕ້ອງການຮັບຮອງ ແລະ ໂຄງສ້າງຂອງການປະເມີນຄ່າທີ່ຢູ່ໃນ orange book ທີ່ມີເພີ່ມຫຼາຍຂຶ້ນໃນເຄືອຂ່າຍ LAN ຈົນເຖິງ WAN ທີ່ແຍກອອກມາຈາກເຄືອຂ່າຍອື່ນໆ
tuning 	ການປັບ
turbo C++ 	ຄອມໄພເລີສຳລັບພາສາ C++
turbo Pascal 	ຄອມໄພເລີສຳລັບພາສາ Pascal
Turning machine 	ເປັນເຄື່ອງທຳມະດາທີ່ພັດທະນາຂຶ້ນມາໂດຍ A.M Turing ໃນປີ 1930 ສ້າງຂຶ້ນມາເພື່ອໃຊ້ແກ້ບັນຫາໄດ້ດ້ວຍເຄື່ອງນີ້, ເຄື່ອງນີ້ເຮັດວຽກໄດ້ໂດຍອ່ານເອົາເຈັ້ຍເຂົ້າໄປ, ແຕ່ເຄື່ອງຂອງ Turing ນີ້ຈະເຮັດວຽກພຽງແຕ່ເດີນໜ້າເທັບ, ກຳນົດຕຳແໜ່ງ, ລຶບຕຳແໜ່ງ ຫຼື ຢຸດໃນ track ນັ້ນ. Turing ອ້າງວ່າເຄື່ອງນີ້ແກ້ໄຂບັນຫາໃດໆກໍໄດ້ທີ່ແທນດ້ວຍອັນກໍຣິທຶມ (ຂະບວນການແກ້ໄຂບັນຫາເປັນຂັ້ນໆ)
turning test 	ການທົດສອບໂດຍ Alan Turing
turnkey operation 	ການດຳເນີນການ ພ້ອມທີ່ຈະເຮັດວຽກໂລດ. ເບິ່ງ turnkey system
turnkey system 	 ລະບົບຄອມພິວເຕີ ທີ່ລວມທຸກຢ່າງເຂົ້າໄວ້ ແລະ ກຽມພ້ອມເຮັດວຽກຕາມຄວມາຕ້ອງການໄດ້ເລີຍ. ລະບົບຈະປະກອບດ້ວຍຄອມພິວເຕີ, ໜ້າຈໍ, ແປ້ນພິມ, ຊ່ອງໃສ່ດິດ, ຊອບແວ ແລະ ອຸປະກອນອື່ນໆ
turntable 	ເຄື່ອງຫຼິ້ນແຜ່ນສຽງ, ກົນໄກທີ່ໝູນຈານວາງແຜ່ນສຽງສຳລັບເວລາຫຼິ້ນ ຫຼື ບັນທຶກ
tutor 	ຜູ້ສອນທວນຄືນ
tutorial 	ການຝຶກອົບຮົມທີ່ແນະນຳແນວທາງໃຫ້ໃຫ້ຜູ້ຮຽນໃນແຕ່ລະຂັ້ນຕອນ ສິ່ງທີ່ໜ້າສົນໃຈຄື tutorial ນີ້ມີມາກັບຊອບແວລຸ້ນດຽວກັນຢ່າງຫຼວງຫຼາຍ ໂດຍທົ່ວໄປໂປຣແກຣມນີ້ເປັນແບບໂຕ້ຕອບຢ່າງທັນການເພື່ອໃຫ້ທ່ານໄດ້ໃຊ້ວຽກໄປນຳ ແລະ ກົດປຸ່ມໃຫ້ໂປຣແກຣມເຮັດວຽກໄດ້ຕໍ່ໄປ
tutorial mode 	ວິທີທວນຄືນ, ການສອນຄືນແບບກຸ່ມນ້ອຍໆ
tutorial program/software 	ຊຸດຄຳສັ່ງທາງການສຶກສາ ເຊິ່ງຖາມຜູ້ຮຽນປະເມີນຄຳຕອບ ແລະ ໃຫ້ຂໍ້ແນະນຳເພື່ອພັດທະນາຄວາມຮູ້
tutoring 	ການສອນທວນຄືນ, ກິດຈະກຳທີ່ເນັ້ນເຖິງການສອນທວນຄືນລະຫວ່າງຜູ້ຮຽນ ແລະ ຜູ້ສອນ
tweak 	ການເຮັດພິເສດ, ຕັດແຕ່ງ, ປັບປຸງ, ຈັດໃໝ່, ມັກເຈາະຈົງເຖິງການປ່ຽນແປງ ການຈັດກຽມຮາດແວ ຫຼື ຊອບແວເພື່ອໃຫ້ກົງກັບຄວາມຕ້ອງການຫຼາຍທີ່ສຸດ
twisted pair cable 	 ຄູ່ສາຍບິດກຽວ, ສາຍສັນຍານທີ່ມີສາຍບິດກຽວໄວ້ເປັນຄູ່ໃນສາຍ 6 ຮອບຕໍ່ນິ້ວ ໂດຍທີ່ເສັ້ນໜຶ່ງຈະຮັບສົ່ງຂໍ້ມູນ ສ່ວນອີກເສັ້ນໜຶ່ງເປັນສາຍດິນ ສາຍແບບນີ້ໃນລະບົບໂທລະສັບ ເອີ້ນວ່າ ສາຍບິດກຽວ
type 	ຊະນິດ ຫຼື ຮູບແບບ
type ahead 	ພິມຂໍ້ມູນລ່ວງໜ້າ, ຄຳທີ່ໃຊ້ກັບບັບເຟີ (ສ່ວນໜຶ່ງຂອງໜ່ວຍຄວາມຈຳ) ທີ່ປ້ອນຕົວໜັງສືເຂົ້າໄປກ່ອນຈຶ່ງຈະເຫັນໜຈໍພາບ ເຊັ່ນ ເມື່ອເລີີ່ມປ້ອນຄຳສັ່ງ DOS ຄຳສັ່ງຖັດໄປໄດ້, ເຖິງແມ່ນວ່າ DOS ຍັງສຳເນົາຟາຍລົງໄປໃສ່ຊ່ອງໃສ່ຟະລັອບປີດິດຢູ່. ບັບເຟີຮັບສິ່ງທີ່ປ້ອນລ່ວງໜ້າຂອງ DOS ໄດ້ພຽງ 15 ຕົວອັກສອນ, ດັ່ງນັ້ນ ຫຼັງຈາກປ້ອນຕົວອັກສອນຕົວທີ 15 ແລ້ວ DOS ຈະເລີ່ມສົ່ງສຽງເຕືອນ. ສິ່ງທີ່ປ້ອນເຂົ້າໄປຈະປາກົດຂຶ້ນມາເມື່ອ DOS ເຮັດວຽກສຳເລັດແລ້ວ
type size 	ຂະໜາດຂອງຕົວອັກສອນ, ມີຫົວໜ່ວຍເປັນຈຸດໂດຍວັດແທກຈາກຍອດຂອງຕົວອັກສອນທີ່ສູງສຸດມາເຖິງຈຸດລຸ່ມສຸດຂອງຕົວອັກສອນ
typeface 	ແບບພິມ, ການອອກແບບຕົວອັກສອນທີ່ອອກມາໃນຮູບຟອນ ຄຳວ່າ ແບບພິມ ໝາຍເຖິງລັກສະນະຂອງກຸ່ມຕົວອັກສອນ ແລະ ຕົວເລກທີ່ສະແດງອອກມາ, ການລຽງພິມໄດ້ພັດທະນາເປັນສິນລະປະຂະແໜງໜຶ່ງ ແລະ ຈຳນວນແບບພິມກໍເກີດມີຢ່າງຫຼວງຫຼາຍ ເກືອບຈະບໍ່ສິ້ນສຸດເຖິງແມ່ນວ່າ ຢູ່ໃນເຄື່ອງພິມພີຊີເທົ່ານັ້ນ, ການຈັດແບ່ງໝວດໝູ່ຫຼັກໆຂອງແບບພິມອາດຈະແບ່ງຕາມການໃຊ້ serifs ຊເິ່ງເປັນຂີດນ້ອຍໆຕາມແຖວນອນ ໂດຍຈະເປັນແບບພິມ serifs ແລະ Sane serifs ຫຼື ອາດຈະແບ່ງເປັນຕົວແບບພິມທີ່ໃຊ້ສະແດງອອກທົ່ວໆໄປ ແລະ ແບບມີສິລະປະ
typesetting 	ການເຮັດສຳເນົາຈາກກ້ອງ, ຂະບວນການນີ້ເຄີຍໃຊ້ກົນໄກຂອງຊືນຮ້ອນໆ ເຊັ່ນ ລິໂນໄທ ແຕ່ດຽວນີ້ໃຊ້ຕົວຈັດພາບ ເຊັ່ນ Linotronic, Varityper ຫຼື Compugraphic ພ້ອມກັບຟາຍແບບໂພດສະຄະຣິບ
safe mode 	 ວິທີການຣັນວິນໂດໂດຍບໍ່ສົນໃຈກັບອຸປະກອນພິເສດຕ່າໆ ເພື່ອຈັດການກັບບັນຫາຂອງຮາດແວ ແລະ ຊອບແວ
safety film 	ຟີມປອດໄພ ຫຼື ຟີມທີ່ບໍ່ໄໝ້ງ່າຍ
sales force automation 	ເຄື່ອງມື ຫຼື ຊອບແວທີ່ໃຊ້ຊ່ວຍໃນການຂາຍໂດຍກົງ ເຊັ່ນ: ໃຊ້ຄອມພິວເຕີສະແດງລາຍການສິນຄ້າ
sample 	ຕົວຢ່າງ, ໝາຍເຖິງກຸ່ມຄົນ, ເຫດການ, ສະຖານະການທີ່ມີສ່ວນຮ່ວມໃນການສຶກສາ, ຕົວຢ່າງຈະຕ້ອງເປັນກຸ່ມຍ່ອຍຂອງປະຊາກອນສະເໝີ
sampling 	ກຸ່ມຕົວຢ່າງທີ່ສຸ່ມມາເຮັດທົດລອງ
sampling rate 	ອັດຕາແຊັມປະລິງ, ລະດັບແຊັມປະລິງ, ຈຳນວນຄັ້ງຕໍ່ວິນາທີທີ່ຄື້ນສຽງຖືກ digitized
satellite ground receiver 	ຕົວຮັບສັນຍານດາວທຽມພາກພື້ນດິນ, ໝາຍເຖິງອຸປະກອນສຳລັບຮັບສັນຍານຈາກດາວທຽມ
Satellite Master Antenna Television 	ໃຊ້ຄຳຫຍໍ້ວ່າ SMATV, ໂທລະທັດສາຍອາກາດລວມຮັບຈາກດາວທຽມ
satellite phone 	ໂທລະສັບຜ່ານດາວທຽມ
satellite station 	ສະຖານີຮັບສົ່ງສັນຍານດາວທຽມ
saturation 	ອີ່ມຕົວ, ຄວາມເຂັ້ມຂອງສີ, ຄຳນີ້ໃຊ້ໃນເລື່ອງພາບກຣາບຟິກ ແລະ ການພິມຈະໝາຍເຖິງຈຳນວນສີທີ່ສາມາດແທນສີໜຶ່ງໄດ້
save 	ບັນທຶກ, ການເກັບຂໍ້ມູນ(ຈາກແຣມ) ລົງໃນອຸປະກອນຈັດເກັບທີ່ຖາວອນ ເຊັ່ນ ຟະລັອບປີດິດ ຫຼື ຮາດດິດ
save as 	ການບັນທຶກຟາຍພ້ອມທັງມີການຕັ້ງຊື່ຟາຍນັ້ນໃໝ່ ແລະ ອາດຈະປ່ຽນແປງຮູບແບບການເກັບບັນທຶກຟາຍນັ້ນນຳ
scalable font 	ຟອນຊະນິດທີ່ປັບໄດ້ຫຼາຍຂະໜາດ ແລະ ສວຍງາມທຸກຂະໜາດ ເຖິງວ່າຟອນແບບປັບສະເກວຈະມີຫຼາຍຂະໜາດກໍຕາມແຕ່ບາງຂະໜາດທີ່ບໍ່ຄ່ອຍດີເທົ່າໃດ
scalar 	 ປະລິມານທີ່ສະແດງໂດຍໃຊ້ຈຳນວນດ່ຽວ
scalar processor 	ເຄື່ອງຄອມພິວເຕີທີ່ເຮັດວຽກກັບຂໍ້ມູນຄັ້ງລະ 1 ໂຕ
scale 	ລະດັບ ຫຼື ຂະໜາດ
scan 	ການອ່ານຂໍ້ຄວາມ, ພາບ ຫຼື ລະຫັດແທ່ງເຂົ້າໄປໃນຄອມພິວເຕີ. ອີກຄວາມ ໝາຍໜຶ່ງ ເປັນຊື່ໂປຣແກຣມທີ່ໃຊ້ໃນການຊອກຫາໄວຣັດ ໃນຄອມພິວເຕີ
scan code 	ຕົວເລກລະຫັດທີ່ຄອມພິວເຕີແບບໄອບີເອັມສ້າງຂຶ້ນມາ ເມື່ອມີການກົດປຸ່ມ ແລະ ວາງປຸ່ມແປ້ນພິມ, ປຸ່ມແຕ່ລະປຸ່ມ ແລະ ປຸ່ມທີ່ກົດ shift ຄ້າງໄວ້ຈະມີລະຫັດກຳກັບເພື່ອບໍ່ໃຫ້ຊ້ຳກັນ ແລະ ເພື່ອໃຫ້ໄບອັອດຂອງຄອມພິວເຕີແປງເປັນລະຫັດແອັດສະເກີທີ່ຄືກັນ
Scan Disk 	ເປັນໂປຣແກຣມທີ່ມາກັບ DOS 6.2 ເຮັດໜ້າທີ່ກວດສອບ ແລະ ແກ້ບັນຫາໃນຟະລັອບປີດິດ ແລະ ຮາດດິດ
scan rate 	ອັດຕາການສະແກນ
scanner 	ສະແກນເນີ, ເປັນອຸປະກອນທີ່ໃຊ້ອ່ານຂໍ້ຄວາມ ຫຼື ພາບທີ່ພິມໄປແລ້ວມາເປັນສັນຍານເອເລັກໂຕຣນິກເຂົ້າເຄື່ອງຄອມພິວເຕີ
scanning 	ການກວດສອບຢ່າງເປັນລະບົບໃນທຸກສ່ວນຂອງພື້ນທີ່ໂດຍໃຊ້ເລົາແສງແຄບໆ ຫຼື ການແຜ່ລັງສີຂອງແມ່ເຫຼັກໄຟຟ້າ
scattering 	ການກະຈາຍແບບບໍ່ມີທິດທາງ
scenario 	ສາກ, ເຫດການໃນການຄາດຄະເນມະໂນພາບ
scene 	ສາຍ/ພາບ, ໝາຍເຖິງພາບດ່ຽວ ຫຼື ພາບຊຸດທີ່ໂຮມເຂົ້າກັນເປັນແນວຄວາມຄິດຂອງຟີມຮູບເງົາທີ່ສົມບູນ
schedule 	ກຳນົດການ
schema 	ການອະທິບາຍແບບການຈັດເກັບຂອງຂໍ້ມູນໃນຖານຂໍ້ມູນ
school achievement 	 ຜົນການດຳເນີນຂອງໂຮງຮຽນໃນໜຶ່ງປີຜ່ານມາ
school television 	ວິທະຍຸໂທລະທັດສຳລັບໂຮງຮຽນ, ໝາຍເຖິງລາຍການວິທະຍຸໂທລະທັດທີ່ກຽມໄວ້ໃຊ້ໃນໂຮງຮຽນໂດຍສະເພາະ
scientific knowledge 	ຄວາມຮູ້ທີ່ຊ່ວຍໃຫ້ຄົນສາມາດຄິດ ແລະ ອະທິບາຍປາກົດການຕ່າງໆ ທີ່ບໍ່ແມ່ນຄວາມເປັນຈິງໃນທາງວິທະຍາສາດ
scope 	ຂອບເຂດຂອງວຽກງານ, ສຳລັບການຂຽນໂປຣແກຣມແມ່ນໃຊ້ເພື່ອອະທິບາຍຂອບເຂດຂອງໂປຣແກຣມທີ່ຕົວປ່ຽນສາມາດໃຊ້ວຽກໄດ້
scramble 	ລົບກວນສັນຍານ, ການລົບກວນສັນຍານ
scrambler 	ເຄື່ອງລົບກວນສັນຍານ, ເປັນອຸປະກອນທີ່ເຮັດໜ້າທີ່ແປງສັນຍານໄຟຟ້າເພື່ອບໍ່ໃຫ້ສາມາດຮັບຟັງ ຫຼື ຊົມໄດ້ຈົນກວ່າຈະໃຊ້ເຄື່ອງຮັບມາປ່ຽນສັນຍານຄືນ
scrapbook 	ເຄື່ອງມືໃນແມັກອິນທອດ ທີ່ໃຊ້ເກັບພາບກຣາບຟິກ ຫຼື ຂໍ້ຄວາມທີ່ໃຊ້ວຽກເລື້ອຍໆ ເພື່ອນຳມາວາງລົງໃນເອກະສານ
scratch 	ຮອຍຂູດ/ຂີດ, ການຍົກເລີກລາຍການ
screen 	ຈໍພາບ, ກັ່ນຕອງ
screen blanker 	ຕົວທີ່ເຮັດໃຫ້ຈໍວ່າງ, ໂປຣແກຣມພິເສດທີ່ເຮັດໃຫ້ຈໍພາບວ່າງເປັນໄລຍະ
screen buffer 	ພື້ນທີ່ໃນໜ່ວຍຄວາມຈຳທີ່ໃຊ້ເກັບພາບກຣາບຟິກ ຫຼື ຂໍ້ຄວາມທີ່ສະແດງໃນຈໍພາບ
screen dump 	ການສຳເນົາພາບໜ້າຈໍທັງໝົດ
screen font 	ຟອນແບບບິດແມັບທີ່ຮຽນແບບຟອນມາຈາກເຄື່ອງພິມ
screen saver 	ພາບ ຫຼື ສາກປິດໜ້າຈໍຄອມພິວເຕີ ໃນຂະນະບໍ່ມີການເຮັດວຽກ
screen sharing 	ການສະແດງຜົນເທິງໜ້າຈໍຮ່ວມກັນ
screen-saver program 	ໂປຣແກຣມທີ່ຮັກສາຈໍພາບ, ໂປຣແກຣມທີ່ເຮັດໃຫ້ຈໍພາບວ່າງຫຼັງຈາກບໍ່ໄດເຮັດວຽກໃນໄລຍະໜຶ່ງໂດຍອັດຕະໂນມັດ
script 	 ບົດ, ສະຄຣິບ. ຊຸດຄຳສັ່ງທີ່ເກັບໄວ້ໃນຮູບແບບສະຄຣິບ ເຊິ່ງໂປຣແກຣມນຳໃຊ້ສາມາດເອີ້ນເອົາໄປໃຊ້ວຽກໄດ້, ຕົວພິມເຊິ່ງເກັບຮູບແບບຂອງລາຍມືຂຽນ. ຟາຍ ຫຼື ເອກສານທີ່ພິມເປັນສຳເນົາຂອງຂໍ້ມູນທີ່ສະແດງຜົນໃນໜ້າຈໍ
script writer 	ຜູ້ຂຽນບົດ ຫຼື ຜູ້ຂຽນບົດມືອາຊີບສຳລັບລາຍການອອກອາກາດທາງໂທລະພາບ
scripting language 	ພາສາບົດຄຳສັງ່
scroll 	ການເລື່ອນຂໍ້ຄວາມ ຫຼື ພາບຕາມທາງຕັ້ງ ຫຼື ທາງນອນ ໃນຈໍພາບ
scroll bar 	ແຖບເລື່ອນ, ແຖບຮູບສີ່ຫຼ່ຽມຍາວຕາມທາງຕັ້ງ ຫຼື ທາງນອນທີ່ມັກຈະຢູ່ດ້ານຂວາ ແລະ ດ້ານລຸ່ມຂອງວິນໂດ
scroll box 	ຂອບສີ່ຫຼ່ຽມນ້ອຍໆທີ່ເລື່ອນໄປມາຢູ່ໃນແຖບເລື່ອນ
scroll Lock key 	ປຸ່ມໃນແປ້ນພິມຂອງຄອມພິວເຕີແບບໄອບີເອັມ ທີ່ກົດແລ້ວບໍ່ເຮັດວຽກ ອັນໃດເລີຍ, ໃນບາງໂປຣແກຣມໃຊ້ເພື່ອເລື່ອນຂໍ້ຄວາມ ຂຶ້ນ/ລົງ ຂະນະທີ່ເຄີເຊີຢຸດຢູ່ບ່ອນເກົ່າ
SCSI 	ເບິ່ງ Small Computer System Interface
SDLC 	ເບິ່ງ Synchronous Data Link Control
SDRAM 	ຫຍໍ້ມາຈາກ Synchronous DRAM, ເປັນແຣມໃນຕະກຸນ DIMM(Dual Inline Memory Module) ປະເພດ dynamic RAM, ໂດຍການໃຊ້ເຕັກໂນໂລຊີໃໝ່ທີ່ໃຊ້ສັນຍານຈາກພາຍນອກມາຄວບຄຸມ,ເພ່ື່ອໃຫ້ສາມາດເຮັດວຽກໄປພ້ອມໆກັບຊີພີຢູ ເຊິ່ງສົ່ງຜົນໃຫ້ເຮັດວຽກໄດ້ໄວ ແລະ ເປັນທີ່ນິຍົມໃຊໃນ mainboard ໃນປັດຈຸບັນ. ນອກຈາກນີ້ຍັງໄດ້ມີການພັດທະນາແຣມລຸ້ນໃໝ່ຂຶ້ນມາອີກຄື DDR-SDRAM(Double Data Rate SDRAM) ແລະ DS-SDRAM(Double Speed SDRAM)
search 	 ຄົ້ນຫາ
search and destroy 	ຄົ້ນຫາແລ້ວທຳລາຍ, ຄົ້ນຫາແລ້ວລຶບຖິ້ມໄປ
search and replace 	ຄົ້ນຫາແລ້ວແທນທີ່, ການຄົ້ນຫາຕົວອັກສອນຕາມຕ້ອງການພາຍໃນຟາຍແລ້ວແທນຕົວອັກສອນ ຫຼື ຊຸດຕົວອັກສອນໃໝ່
search engines 	ໂປຣແກຣມທີ່ເຮັດໜ້າທີ່ຄົ້ນຫາ ແລະ ເຮັດດັດສະນີຂໍ້ມູນໃນລະບົບອິນເຕີເນັດ ເຊັ່ນ: Google, yahoo …
search string 	ກຸ່ມຕົວອັກສອນທີ່ຈະຄົ້ນຫາ
SECAM 	ຫຍໍ້ມາຈາກ Sequentail Color And Memory, ລະບົບໂທລະທັດແບບໃຊ້ສັນຍານສີເປັນລຳດັບ ແລະ ໜ່ວຍຄວາມຈຳ
secondary station 	ສະຖານີສຳຮອງ/ສະຖານີລູກ
secondary storage 	ໜ່ວຍເກັບສຳຮອງ
sector 	ເຊັກເຕີ, ການເກັບຂໍ້ມູນໃນດິດຈະມີການຈັດຮູບແບບເປັນວົງຊ້ອນໆກັນ ເຊິ່ງເອີ້ນວ່າ track ແລະ ໃນແຕ່ລະ track ຈະແບ່ງເປັນເຊັກເຕີ ເຊິ່ງເປັນຫົວ ໜ່ວຍທີ່ນ້ອຍທີ່ສຸດໃນດິດ ຕາມປົກກະຕິຈະມີຂະໜາດ 512 ໄບ ເມື່ອນຳເຊັກເຕີມາລວມກັນ ເຮົາເອີ້ນກຸ່ມຂອງເຊັກເຕີນີ້ວ່າ cluster
Secure Sockets Layer 	ໃຊ້ຄຳຫຍໍ້ວ່າ SSL ເປັນໂປຣໂຕຄອນສຳລັບການກວດສອບບຣາວເຊີ ແລະ ເຊີເວີ ວ່າເປັນຜູ້ທີ່ມີສິດແທ້ ແລະ ໃຊ້ປົກປິດຂໍ້ມູນທີ່ສົ່ງຜ່ານເຊີເວີ ກັບບຣາວເຊີໃຫ້ເປັນຄວາມລັບເປັນການເພີ່ມຄວາມປອດໄພໃຫ້ກັບຂໍ້ມູນຂະນະທີ່ຖືກສົ່ງໄປໃນອິນເຕີເນັດ
security 	 ຄວາມປອດໄພ, ການປົກປ້ອງຂໍ້ມູນຈາກຜູ້ບຸກລຸກ
security audit 	ການກວດສອບລະບົບຄອມພີວເຕີເຖິງບັນຫາ ແລະ ຄວາມສ່ຽງທາງດ້ານຄວາມປອດໄພ
security lavels 	ລະດັບຄວາມປອດໄພ, ການຈັດລຳດັບຄວາມສຳຄັນຂອງປະເພດຂໍ້ມູນທີ່ເປັນຄວາມລັບ
segment 	ສ່ວນແບ່ງ, ສ່ວນປະກອບ, ເປັນເຄືອຂ່າຍສ່ວນໜຶ່ງທີ່ຖືກແບ່ງແຍກດ້ວຍອຸປະກອນປະເພດເຣົາເຕີ
segment addressing 	ວິທີການກຳນົດຕຳແໜ່ງໃນໂປຣເຊັດເຊີຂອງ Intel ເຊິ່ງແບ່ງຕຳແໜ່ງທີ່ວ່າງອອກເປັນສ່ວນໆ
select 	ເລືອກ, ການເລືອກຂໍ້ຄວາມ ຫຼື ພາບທີ່ຢູ່ເທິງຈໍພາບ
selection area 	ບໍລິເວນທີ່ຖືກເລືອກ
selection tools 	ເຄື່ອງມືສຳລັບການເລືອກພື້ນທີ່
selectivity 	ການເລືອກເຟັ້ນ, (ເຄື່ອງຮັບວິທະຍຸ) ທີ່ແຍກຄື້ນບໍ່ໃຫ້ປົນກັນ
self assessment 	ການປະເມີນຕົນເອງ
self extracted archive 	ຟາຍໂປຣແກຣມ ເຊິ່ງບັນຈຸດ້ວຍຟາຍ ທີ່ຜ່ານການບີບອັດໄວ້ໃນຕົວເມືອຖືກເອີ້ນໃຊ້ຈະປ່ຽນໂຕເອງອອກມາເປັນຟາຍຕົ້ນສະບັບ
self modifying 	ແກ້ໄຂຕົວເອງ, ການທີ່ໂປຣແກຣມປ່ຽນແປງແກ້ໄຂຕົວເອງໄດ້ຂະນະທີ່ເຮັດວຽກ ເຊັ່ນ ໂປຣແກຣມໄວຣັດຫຼາຍຊະນິດເປັນໂປຣແກຣມປະເພດແກ້ໄຂຕົວເອງໄດ້
semantic differentail 	ກຳມະວິທີພັດທະນາຂຶ້ນມາເພື່ອວັດແທກຄວາມໝາຍຂອງມະໂນພາບ
semaphore 	 ສັນຍານການຕິດຕໍ່ກັນລະຫວ່າງຂະບວນການໃນເລື່ອງການຂຽນໂປຣແກຣມທີ່ບອກສະຖານະການຂອງຊັບພະຍາກອນ ທີ່ໃຊ້ຮ່ວມກັນໃນລະບົບ ເຊັ່ນ ໜ່ວຍຄວາມຈໍາຮ່ວມ
semiconductor 	ສານເຄິ່ງຕົວນຳ
seminar 	ສຳມະນາ, ກອງປະຊຸມສັ້ນໆທີ່ໃຊ້ວິທີການມີສ່ວນຮ່ວມຂອງຜູ້ເຂົ້າສຳມະນາຢ່າງຈິງຈັງ
semiotics 	ວິທີການຕີຄວາມໝາຍສັນຍາລັກເຄື່ອງໝາຍທີ່ເປັນພາສາ ແລະ ບໍ່ເປັນພາສາ
send to back 	ຄຳສັ່ງທີ່ເຮັດໃຫ້ອັອບເຈັກ ຫຼື ປ່ອງຢຽ້ມເຮັດວຽກໄປຢູ່ດ້ານຫຼັງ
send to font 	ຄຳສັ່ງທີ່ເຮັດໃຫ້ອັອບເຈັກ ຫຼື ປ່ອງຢຽ້ມເຮັດວຽກໄປຢູ່ດ້ານໜ້າ
sensitivity 	ຄວາມວ່ອງ, ສະພາບໄວ/ຄວາມຮູ້ສຶກໄວ, ໝາຍເຖິງລະດັບການຕອບສະ ໜອງຂອງເຄື່ອງມື ຫຼື ໜ່ວຍຄວບຄຸມຕໍ່ການປ່ຽນແປງສັນຍານຂາເຂົ້າ
sensitivity analysis 	ການວິເຄາະເຖິງຜົນກະທົບທາງດ້ານຂາອອກ ເມື່ອມີການປ່ຽນແປງຂອງ ຂໍ້ມູນປ້ອນເຂົ້າມາ
sensitivity training 	ການຝຶກສະພາບໄວ, ກຳມະວິທີເພີ່ມທັກສະຄຸນນະພາບລະຫວ່າງບຸກຄົນໃນລະຫວ່າງການປະຕິບັດງານ
sensor 	ເຄື່ອງນັບຮູ້, ຕົວຮັບຮູ້, ຕົວຈັບສັນຍານ
SEParate MAGnetic sound 	ໃຊ້ຄຳຫຍໍ້ວ່າ SEMAG, ແຖບແມ່ເຫຼັກບັນທຶກສຽງ ເຊິ່ງແຍກອອກຈາກຟີມພາບ
SEParate OPTical sound 	ໃຊ້ຄຳຫຍໍ້ວ່າ SEPOPT, ສຽງໃນຟີມລະບົບແສງ ທີ່ຢູ່ໃນຟີມ ເຊິ່ງແຍກອອກຈາກຟີມພາບ
separate track pulse 	 ສັນຍານທີ່ບັນທຶກໄວ້ເທິງແຖບບັນທຶກສຽງ ບໍ່ແມ່ນເທິງຮ່ອງສຽງເພື່ອຄວບຄຸມການສະແດງພາບ
separator bar 	ແຖບແບ່ງສ່ວນ
sequence 	ລຳດັບ, ລຳດັບການນຳສະເໜີ
sequential access 	ການເຂົ້າເຖິງແບບລຳດັບ
sequential color and memory 	ເບິ່ງ SECAM
serial 	ແບບລຽນ, ແບບລຳດັບ, ເປັນການສົ່ງຂໍ້ມູນເປັນລຳດັບຄັ້ງລະໜຶ່ງບິດ, ການສົ່ງຂໍ້ມູນເທື່ອລະໜຶ່ງບິດຕໍ່ໆກັນຜ່ານສາຍເສັ້ນດຽວ
serial communication 	ການສື່ສານແບບລຽນ, ການສົ່ງຂໍ້ມູນລະຫວ່າງຄອມພິວເຕີກັບຄອມພິວເຕີເທື່ອລະບິດຜ່ານທາງສາຍເສັ້ນດຽວເຊິ່ງມັກສົ່ງຜ່ານໂມເດັມ
Serial Line Internet Protocol 	ເປັນການເຮັດວຽກໃນໂປຣໂຕຄອນ ລະດັບ layer 2 ເຊັ່ນ ວິທີການຕໍ່ ຄອມພິວເຕີ ຫຼື ເຄືອຂ່າຍເຂົ້າໄປຫາອິນເຕີເນັດໂດຍໃຊ້ໂມເດັມຄວາມໄວສູງ ແລະ ສາຍໂທລະສັບ
serial mouse 	mouse ແບບລຽນ, mouse ທີ່ຕໍ່ເຂົ້າມາທາງພອດແບບລຽນຂອງຄອມພິວເຕີ
serial port 	ພອດແບບລຽນ, ພອດທີ່ສົ່ງຂໍ້ມູນໄດ້ຄັ້ງລະໜຶ່ງບິດບາງເທື່ອກໍເອີ້ນວ່າ ພອດRS-232 ມີຢູ່ນຳກັນ 2 ແບບຄື 9 ເຂັມ ແລະ 25 ເຂັມເຊິ່ງເຮັດໃຫ້ຄອມພິວເຕີຕິດຕໍ່ກັບໂມເດັມ, ເຄື່ອງພິມ, mouse ແລະອຸປະກອນຕໍ່ພ່ວງອື່ນໆໄດ້
serial printer 	ເຄື່ອງພິມແບບລຽນ, ເຄື່ອງພິມທີ່ຕໍ່ເຂົ້າມາໃນພອດແບບລຽນຂອງຄອມພິວເຕີ ແຕ່ເຄື່ອງພິມສ່ວນຫຼວງຫຼາຍແມ່ນຕໍ່ເຂົ້າພອດຂະໜານເພື່ອສົ່ງຂໍ້ມູນ ແລະ ຈັດກຽມວິທີການພິມໄດ້ງ່າຍກວ່າມີເຄື່ອງພິມບາງປະເພດ ຕໍ່ເຂົ້າໄດ້ທັງພອດແບບລຽນ ຫຼື ພອດແບບຂະໜານຢ່າງໃດຢ່າງໜຶ່ງ
series 	 ແບບລຽນ
server 	ຄອມພິວເຕີທີ່ເຮັດໜ້າທີ່ຄວບຄຸມເຄືອຂ່າຍທັງໝົດ ບໍ່ວ່າຈະເປັນການບໍໍລິການຟາຍ, ການພິມ, ການສື່ສານ ແລະ ການບໍລິການອື່ນໆ
server application 	ຄຳນີ້ໃຊ້ໃນເລື່ອງ OLE(Object Linking and Embedding) ໝາຍເຖິງລະບົບງານທີ່ສ້າງຕົວ OLE
service code 	ລະຫັດບໍລິການ
session 	ການເຊື່ອມຕໍ່ເຄືອຂ່າຍແບບຕັກກະສາດລະຫວ່າງສອງເຄືອຂ່າຍເພື່ອການແລກປ່ຽນຂໍ້ມູນ
session layer 	ຊັ້ນທີ 5 ໃນທັງໝົດ 7 ຊັ້ນຂອງມາດຕະຖານ ISO/OSI ສຳລັບການສື່ສານລະຫວ່າງຄອມພິວເຕີນຳກັນ, ໃນຊັ້ນນີ້ຈະປະສານງານການສື່ສານ ແລະ ການຈັດການ ການເຊື່ອມຕໍ່ໃຫ້ໃຊ້ໄດ້ດົນຕາມຕ້ອງການ, ນອກນັ້ນຍັງຈັດການກັບເລື່ອງຮັກສາຄວາມປອດໄພການເຂົ້າສູ່ລະບົບ ແລະ ການບໍລິຫານງານຕ່າງໆ
setting 	ໂຄງຮ່າງຂອງໂປຣແກຣມທີ່ໃຊ້ກຳນົດສິ່ງຕ່າງໆເທິງຈໍພາບ ເຊັ່ນ ສີ, ຂະໜາດຂອງ Windows, ການໃຊ້ໜ່ວຍຄວາມຈຳເປັນຕົ້ນ
setup 	ການຕິດຕັ້ງໂປຣແກຣມ ຫຼື ການຕິດຕັ້ງຄອມພິວເຕີ ໃຫ້ເຮັດວຽກຕາມ ວິທີທີ່ຕ້ອງການ
seven layers 	7 ຊັ້ນການສື່ສານຂໍ້ມູນ, ໝາຍເຖິງການໂອນຍ້າຍຂໍ້ມູນຈາກເຄື່ງຄອມພິວເຕີ ໜຶ່ງໄປຫາເຄື່ອງໜຶ່ງຈະຕິດຕໍ່ກັນໄດ້ຈໍາເປັນຕ້ອງມີການກໍານົດ ຮູບແບບມາດຕະຖານ ໂດຍ OSI ໄດ້ກໍານົດເລເຍີມາດຕະຖານໄວ້ 7 ເລເຍີ
shadow 	ເງົາ, ມີເງົາ
shape tool 	ເຄື່ອງມືໃຊ້ໃນການແກ້ໄຂ ແລະ ກຳນົດຮູບຮ່າງຂອງອັອບເຈັກ
shar 	 ໂປຣແກຣມ shar ໃຊ້ບີບອັດຟາຍຂໍ້ມູນ, ຫຍໍ້ມາຈາກ shell archive ເຊິ່ງເປັນຮູບແບບໜຶ່ງຂອງການບີບອັດຟາຍຂໍ້ມູນ ດ້ວຍໂປຣແກຣມ shar
shared memory 	ໜ່ວຍຄວາມຈຳທີ່ໃຊ້ຮ່ວມກັນ. ເຕັກນິກການສື່ສານລະຫວ່າງຂະບວນການທີ່ມີຫຼາຍໆໂປຣແກຣມເຂົ້າມາໃຊ້ໜ່ວຍຄວາມຈຳທີ່ດຽວກັນໃນລະບົບປະຕິບັດການທີ່ເຮັດໄດ້ຫຼາຍໆງານພ້ອມກັນ, semaphores ຫຼື ການຈັດການແບບອື່ນໆ ຈະຊ່ວຍປ້ອງກັນບໍ່ໃຫ້ລະບົບງານຕຳກັນ ຫຼື ພະຍາຍາມແກ້ໄຂຂໍ້ມູນດຽວກັນໃນເວລາດຽວກັນ
shareware 	ໂປຣແກຣມທີ່ອະນຸຍາດໃຫ້ຜູ້ໃຊ້ທົດລອງໃຊ້ກ່ອນ, ຊອບແວທີ່ສາມາດສຳເນົາ ຫຼື ແຈກຈ່າຍໄດ້ຢ່າງຖືກກົດໝາຍ ແຕ່ຕ້ອງຊື້ຫາກໃຊ້ວຽກເປັນປະຈໍາ
sharpness 	ຄວາມຊັດເຈນ, ລະດັບຂັ້ນຂອງຄວາມລະອຽດທີ່ປາກົດໃນພາບ ຫຼື ເອີ້ນວ່າresolusion
sheet feeder 	ຕົວເລື່ອນເຈ້ຍ, ຖາດທີ່ເກັບເຈ້ຍ ແລະ ເລື່ອນເຈ້ຍໄປເທື່ອລະໜ້າ ຫຼື ເທື່ອລະແຜ່ນເຂົ້າໄປໃນເຄື່ອງພິມ
SHF 	ຫຍໍ້ມາຈາກ Super High Frequency, ຄວາມຖີ່ສູງຫຼາຍ
shield twisted pair 	ໃຊ້ຄຳຫຍໍ້ວ່າ STP,ສາຍ STP ເປັນສາຍນຳສັນຍານເຊິ່ງໃຊ້ໃນເຄືອຂ່າຍ LAN, ແກນໃນຈະປະກອບດ້ວຍລວດທອງແດງຫຸ້ມດ້ວຍຕົວກັນໄຟ, ສາຍບິດກຽວເປັນຄູ່ສາຍໜຶ່ງເສັ້ນຈະມີ 4 ຄູ່ ແລະ ມີສ່ວນປ້ອງກັນສັນຍານລົບກວນຄວາມຖີ່ສູງ
shift arrow 	ການກົດປຸ່ມ shift ຄ້າງໄວ້ແລ້ວໄປເລືອກໃຊ້ປຸ່ມເລື່ອນເຄີເຊີ (ເລື່ອນຂື້ນ, ເລື່ອນລົງ, ເລື່ອນຊ້າຍ, ເລື່ອນຂວາ) ເຮັດໃຫ້ປຸ່ມທັງສອງເລື່ອນເຄີເຊີໄປ. ຄຳສັ່ງນີ້ມັກໃຊ້ເພື່ອເລື່ອນເຄີເຊີໄປເນັ້ນຂໍ້ຄວາມໃນເວີດໂປຣເຊັດເຊີ
shift click 	 ການກົດປຸ່ມ shift ຄ້າງໄວ້ແລ້ວຄລິກ mouse ທັນທີແມ່ນເພື່ອເລືອກສິ່ງທີ່ຢູ່ໃນຈໍພາບຕັ້ງແຕ່ສອງຢ່າງຂຶ້ນໄປ
shift key 	ປຸ່ມ shift, ໃຊ້ກົດຄ້າງໄວ້ເພື່ອໃຫ້ໄດ້ຕົວອັກສອນອັງກິດຕົວໃຫຍ່ ເຊັ່ນ LIKE THIS, ປຸ່ມ shift ຍັງໃຊ້ຮ່ວມກັບປຸ່ມຟັງຊັນ ຫຼື ປຸ່ມອື່ນໆໄດ້ດ້ວຍ
shift register 	ຣີຈິດສະເຕີສຳລັບຍ້າຍບິດໄປຊ້າຍ ຫຼື ຂວາ
Shockwave 	ລະບົບມັນຕິມີເດຍທີ່ພັດທະນາໂດຍບໍລິສັດ Macromedia ທີ່ອະນຸຍາດໃຫ້ເວັບບຣາວເຊີສາມາດສະແດງພາບ ແລະ ສຽງແບບມັນຕິມີເດຍຜ່ານອິນເຕີເນັດໄດ້
shoot 	ການຖ່າຍພາບ, ຂະບວນການຖ່າຍພາບ
shooting script 	ແຜນງານທີ່ສຳຄັນເປັນຂັ້ນຕອນກຽມພ້ອມເພື່ອການຖ່າຍທຳຮູບເງົາ ຫຼື ລາຍການໂທລະພາບ
short film 	ຟີມສັ້ນ, ຟີມທີ່ມີຄວາມຍາວຕໍ່າກວ່າ 33 ນາທີ
shortcut key 	ປຸ່ມລັດ, ປຸ່ມໜຶ່ງ ຫຼື ຫຼາຍໆປຸ່ມທີ່ກົດພ້ອມກັນເພື່ອໃຫ້ເຮັດວຽກຢ່າງໃດຢ່າງ ໜຶ່ງ ເຊິ່ງເປັນການປະຢັດເວລາຂຶ້ນ
short-haul modem 	ໂມເດັມທີ່ໃຊ້ສົ່ງຂໍ້ມູນໃນໄລຍະສັ້ນໆ ເຊັ່ນ ຈາກດ້ານໜຶ່ງຂອງຕຶກໄປຫາອີກດ້ານໜຶ່ງ
shouting 	ການພິມຕົວອັກສອນດ້ວຍຕົວໃຫຍ່ ທັງໝົດໃນອິນເຕີເນັດ
show clipboard 	ຄໍາສັ່ງທີ່ສະແດງໃຫ້ເຫັນສິ່ງທີ່ຕັດ ຫຼື ຄັດສຳເນົາຕົວຫຼ້າສຸດຈາກຈໍພາບເມື່ອເລືອກໃຊ້ຄໍາສັ່ງນີ້ ທຳອິດຈະເຫັນສິ່ງທີ່ປາກົດຢູ່ໃນຈໍພາບພາຍຫຼັງໃຊ້ຄຳສັ່ງ paste
shrink wrap 	 ການປິດກັບດ້ວຍປະລາສະຕິກ ເພື່ອສະແດງໃຫ້ຮູ້ວ່າສິ່ງນັ້ນຍັງດີຢູ່, ຄົງສະພາບເດີມ ຫຼື ເອີ້ນໄດ້ວ່າຊອບແວພ້ອມທີ່ຈະໃຊ້ວຽກເມື່ອບັນຈຸຢູ່ໃນກັບເພື່ອຈຈະຈໍາໜ່າຍ
shrink wrap license 	ໃບຮັບຮອງທີ່ມາພ້ອມກັບອຸປະກອນ ຫຼື ຊອບແວ
shutter perfected 	ກ້ອງຖ່າຍຮູບທີ່ປັບຕັ້ງຄວາມໄວຂອງຊັດເຕີດ້ວຍມື ແລະ ຮູຮັບແສງຈະຖືກເປີດເອງດ້ວຍອັດຕະໂນມັດ
shutter speed 	ຄວາມໄວຂອງການປິດ ຫຼ ເປີດປ່ອງແສງເຂົ້າມາ
side effect 	ຜົນຂ້າງຄຽງ, ອາດເປັນດ້ານບວກ ຫຼື ດ້ານລົບທີ່ເກີດຂຶ້ນກັບຜົນໄດ້ຮັບທີ່ຄາດຫວັງໄວ້
sideband 	ແຖບຄວາມຖີ່ຂ້າງຄຽງ
sign 	ເຄື່ອງໝາຍ, ອາການ ຫຼື ເຫດການທີ່ມີຜົນຈາກການກະທຳໂດຍກົງ
signal 	ສັນຍານ, ເຄື່ອງໝາຍທີ່ຄົນໜຶ່ງໃຊ້ສື່ສານກັບອີກຄົນໜຶ່ງເພື່ອສະແດງ ໃຫ້ຮູ້ວ່າພ້ອມແລ້ວທີ່ຈະປະຕິບັດການໃນສະຖານທີ່ ແລະ ເວລາໃດໜຶ່ງ
signal strength 	ຄວາມແຮງຂອງສັນຍານ, ໝາຍເຖິງ amplitude ຂອງສັນຍານໃນເວລາໃດໜຶ່ງ
signal to interference ratio 	ອັດຕາສ່ວນສັນຍານຕໍ່ສັນຍານແຊກແຊງ
signal to noise ratio 	ອັດຕາສ່ວນສັນຍານຕໍ່ສັນຍານລົບກວນ
signaling 	ການໃຫ້ສັນຍານ
silicon 	ຊິລິຄອນ, ທາດອະໂລຫະຊະນິດໜຶ່ງໃຊ້ສັນຍາລັກ Si
Silk-screen printing 	ເຕັກນິກການພິມທີ່ໃຊ້ຜ້າໄໝ
SIM 	ເບິ່ງ Subscriber Identity Module
SIM card 	ບັດໝາຍເລກປະຈຳໂຕຂອງຜູ້ເຊົ່າ
Simple Mail Transfer Protocol 	 ໃຊ້ຄຳຫຍໍ້ວ່າ SMTP, ກຳມະວິທີຖ່າຍໂອນໄປສະນີແບບງ່າຍ, SMTP ເປັນໂປຣໂຕຄອນທີ່ສຳຄັນຕົວໜຶ່ງໃນການຮັບສົ່ງ e-mail ລະຫວ່າງເຄືອຂ່າຍTCP/IP
simplex 	ການສື່ສານແບບທິດທາງດຽວ ເປັນການສົ່ງຂໍ້ມູນໃນທິດທາງດຽວ ເຊິ່ງມີການກຳນົດໜ້າທີ່ຂອງຜູ້ຮັບ ແລະ ຜູ້ສົ່ງໄວ້ຕາຍຕົວບໍ່ສາມາດສະຫຼັບໜ້າທີ່ກັນໄດ້
simulation 	ການຈຳລອງ, ໂປຣແກຣມ ຫຼື ອຸປະກອນທີ່ຈຳລອງການເຮັດວຽກຂອງສິ່ງໃດໜຶ່ງທີ່ທົດແທນຂອງຈິງ
simulation game 	ການຫຼິ້ນເກມແບບຈຳລອງສະຖານະການຂຶ້ນມາເອງ
simulator 	ຕົວຈຳລອງ, ເຄື່ອງຈໍາລອງ
single density 	ຄວາມໜາແໜ້ນປົກກະຕິ, ຮູບແບບການຈັດເກັບໃນສື່ແມ່ເຫຼັກທີ່ເກົ່າແກ່ທີ່ສຸດ ພາຍຫຼັງທີ່ຫັນມາໃຊ້ແບບຄວາມໜາແໜ້ນ 2 ເທົ່າ ແລະ 4 ເທົ່າ ຫຼື ຄວາມໜາແໜ້ນສູງແທນ
single frame exposure 	ການຖ່າຍເທື່ອລະພາບ
single sided disk 	ຟະລັອບປີດິດທີ່ເກັບຂໍ້ມູນໄດ້ພຽງດ້ານດຽວ
single user 	ຜູ້ໃຊ້ຄົນດຽວ, ອຸປະກອນທີ່ໃຫ້ຄົນໆດຽວໃຊ້ວຽກໃນເວລາໃດເວລາໜຶ່ງ
SIS 	ເບິ່ງ Strategic Information System
site 	Host ໃນອິນເຕີເນັດ ເຊິ່ງໃຫ້ບໍລິການຂໍ້ມູນໃນເຄືອຂ່າຍ ເຊັ່ນ ເວັບ, FTP, Gopher, Telnet ເປັນຕົ້ນ
site license 	ຂໍ້ຕົກລົງການໃຊ້ຊອບແວ ເຊິ່ງອະນຸຍາດໃຫ້ໃຊ້ໂປຣແກຣມດຽວກັນໄດ້ຫຼາຍຊຸດໃນຄອມພິວເຕີຫຼາຍໆເຄື່ອງ ແລະ ໃນເວລາດຽວກັນໂດຍຖືກຕ້ອງຕາມກົດໝາຍ ໂດຍຈະເນັ້ນໃຫ້ໃຊ້ພາຍໃນອົງກອນ ຫຼື ກຸ່ມບຸກຄົນທີ່ເຮັດວຽກໃນອົງກອນນັ້ນ, site license ມີລາຄາຖືກກວ່າການຊື້ໂປຣແກຣມທີ່ຖືກກົດໝາຍປະເພດໂປຣແກຣມດຽວກັນມາຄັ້ງລະຫຼາຍຊຸດ ລວມກັນ
skew 	 ຄໍາສັ່ງໃນໂປຣແກຣມແຕ້ມຮູບ ທີ່ສາມາດດຶງຮູບໃຫ້ເນີ້ງໄປຕາມແນວທີ່ຕ້ອງການ
skip branching 	ເຕັກນິກການຮຽນແບບໂປຣແກຣມຊະນິດໜຶ່ງ ເຊິ່ງຜູ້ຮຽນບໍ່ຈໍາເປັນຕ້ອງຮຽນທຸກໆຂັ້ນຕອນແຕ່ອາດຈະຂ້າມຂັ້ນຕອນທີ່ຊ້ໍາກັນໄດ້
skipjack algorithm 	ຄໍາສັ່ງເຂົ້າລະຫັດ ແລະ ຖອດລະຫັດຟາຍ ໂດຍສະເພາະຈະມີໃຊ້ໃນຊິບເຂົ້າລະຫັດຊື່ clipper
slave station 	ສະຖານີຍ່ອຍ
slide 	ແຜ່ນສະໄລ, ພາບເລື່ອນເປັນພາບຢູ່ໃນຮູບຟີມ
slide changer 	ອຸປະກອນທີ່ໃຊ້ວາງແຜ່ນສະໄລເພື່ອໃຫ້ເຂົ້າເຄື່ອງສາຍຕາມລຳດັບ ໄດ້ຖືກຕ້ອງ
slide projector 	ເຄື່ອງສາຍແສງແຜ່ນສະໄລປະເພດມີຂອບນ້ອຍໆ ປົກກະຕິຂະໜາດສອງນິ້ວຄູນສອງນິ້ວ
slide viewer 	ເຄື່ອງເບິ່ງສະໄລປະກອບດ້ວຍແຜ່ນຂະຫຍາຍ ຫຼື ສາກສຳລັບສາຍດ້ານຫຼັງ
slimline case 	ຕົວຖັງເຄື່ອງຄອມພິວເຕີແບບບາງ, ຕົວຖັງເຄື່ອງຄອມພິວເຕີທີ່ມີຂະໜາດສັ້ນໆແຄບໆ
SLIP 	ເບິ່ງ Serial Line Internet Protocol
slot 	ຊ່ອງສຽບ, ຊ່ອງນ້ອຍໆຍາວໆທີ່ແຜ່ນວົງຈອນເພີ່ມເຕີມສຽບເຂົ້າໄປໄດ້
slow motion 	ພາບເຄື່ອນໄຫວຊ້າ
slow scan television 	ໂທລະທັດທີ່ກວາດເສັ້ນແບບຊ້າ ເປັນສັນຍານໂທລະພາບທີ່ຖືກຫຍໍ້ ຊ່ວງຄື້ນສໍາລັບສົ່ງໄປໃນສາຍໂທລະສັບ
small caps 	 ການປ່ຽນອັກສອນຕົວພິມໃຫຍ່ ໃຫ້ມີຂະໜາດນ້ອຍລົງ, ລັກສະນະ ຫຼື ຮູບແບບຂອງຂໍ້ຄວາມ ທີ່ເປັນຕົວອັກສອນໃຫຍ່ໃນພາສາອັງກິດ ມາເຮັດການປ່ຽນຂະໜາດໃຫ້ນ້ອຍລົງ ເຊັ່ນ COMPUTER ຕົວອັກສອນ C ເອີ້ນວ່າອັກສອນເລີ່ມຕົ້ນ (innitial caps) ແລະ ນອກຈາກນັ້ນກໍຍັງເປັນອັກສອນຕົວໃຫຍ່ຢູ່ແຕ່ຂະໜາດຈະນ້ອຍກວ່າ ເຊິ່ງເອີ້ນວ່າ small
Small Computer System Interface 	ໃຊ້ຄຳຫຍໍ້ວ່າ SCSI, ວິທີການມາດຕະຖານ ໃນການເຊື່ອມຕໍ່ເຄື່ອງຄອມພິວເຕີເຂົ້າກັບຮາດດິດ, ຊ່ອງໃສ່ເທັບ ແລະ ອຸປະກອນອື່ນໆທີ່ຕ້ອງການໃຊ້ໃນຄວາມໄວໃນການໂອນຍ້າຍຂໍ້ມູນຂ້ອນຂ້າງສູງ
smart terminal 	ຄອມພິວເຕີທີ່ມີຄວາມສາມາດໃນການປະມວນຜົນດ້ວຍຕົນເອງ. ຄອມພິວເຕີ່ທີ່ຕໍ່ເຂົ້າກັບເຄືອຂ່າຍ ແຕ່ເຮັດວຽກເປັນອິດສະຫຼະຈາກເຄືອຂ່າຍ
SMATV 	ເບິ່ງ Satellite Master Antenna Television
smiley 	ສັນຍາລັກທີ່ແທນໃຫ້ອາລົມ ຫຼື ຄວາມຮູ້ສຶກ ເຊິ່ງປະກອບດ້ວຍຈໍ້າສອງເມັດ, ຂີດກາງ, ວົງເລັບປິດ ຫຼື ເປີດ ເຊັ່ນ :-) ໜ້າຍິ້ມ, :-( ໜ້າບູດ ເປັນຕົ້ນ
social responsibility 	ການເນັ້ນເຖິງໜ້າທີ່ຄວາມຫ່ວງໃຍ
socket 	ອຸປະກອນເຊື່ອມຕໍ່, ເສັ້ນທາງການສື່ສານຂໍ້ມູນລະຫວ່າງຄອມພິວເຕີ
soft brush 	ກຸ່ມອຸປະກອນສຳລັບແຕ້ມ ແລະ ຕົບແຕ່ງຮູບພາບ
soft copy 	ສຳເນົາຊົ່ວຄາວ, ຂໍ້ມູນທີ່ຖືກເກັບໄວ້ໃນຮູບແບບທີ່ບໍ່ສາມາດອ່ານໄດ້ໂດຍກົງ ເຊັ່ນ ແຜ່ນດິດ, ເທັບ ຫຼື ສະແດງຜົນໃນຈໍພາບ ເຊິ່ງຈະກົງກັນຂ້າມກັບ hard copy
soft font 	 ກຸ່ມຕົວອັກສອນ, ຟອນທີ່ເກັບໄວ້ໃນຮາດດິດຂອງເຄື່ອງຄອມພິວເຕີ ແລະ ຈະຖືກໂຫຼດເຂົ້າໄປຫາເຄື່ອງພິມກ່ອນທີ່ຈະພິມ, ເມື່ອປິດເຄື່ອງພິມຊອບຟອນ ນີ້ກໍຈະຫາຍໄປຈາກໜ່ວຍຄວາມຈໍາ ແລະ ຈະມີການໂຫຼດເຂົ້າໃໝ່ທຸກຄັ້ງເມື່ອເປີດເຄື່ອງພິມ
software 	ຊອບແວ, ໂປຣແກຣມ, ຄໍາສັ່ງຕ່າງໆທີ່ໃຫ້ອຸປະກອນອີເລັກໂຕຣນິກເຮັດວຽກ
software engineering 	ວິສະວະກໍາການອອກແບບ ແລະ ພັດທະນາໂປຣແກຣມ ຫຼື ຊອບແວ
software license 	ການອະນຸຍາດໃຫ້ໃຊ້ຊອບແວຕາມເງື່ອນໄຂທີ່ກຳນົດ, ເງື່ອນໄຂເຫຼົ່ານີ້ອາດຈະກໍານົດສິດຂອງຜູ້ຊື້ ແລະ ຈໍາກັດຄວາມຮັບຜິດຊອບຂອງຜູ້ຂາຍຊອບແວ
software lifecycle 	ຂະບວນການທີ່ໂປຣແກຣມທຸກໆຕົວຕ້ອງຜ່ານ ເຊັ່ນ ຂັ້ນຕອນການອອກແບບ, ຂຽນ, ທົດສອບ, ແກ້ໄຂ ແລະ ປັບປຸງໃນຂັ້ນສຸດທ້າຍ. ເຊິ່ງຊອບແວທີ່ປະສົບຄວາມສໍາເລັດທາງການຄ້ານັ້ນ ຕ້ອງເຮັດຂະບວນການເຫຼົ່ານີ້ຊໍ້າແລວ້ ຊໍ້າອີກ, ຈົນກວ່າຈະມີການປ່ຽນລຸ້ນໃໝ່ອອກມາ
sort 	ການຈັດລຽງ, ການຈັດລຽງຂໍ້ມູນສາມາດຈັດລຽງຕາມຕົວອັກສອນ, ຕາມຕົວເລກ, ຕາມວັນທີ ຫຼື ເວລາກໍໄດ້
sorter 	ໂປຣແກຣມລຽງລຳດັບ, ໂປຣແກຣມເລືອກເຂົ້າກຸ່ມ, ເຄື່ອງລຽງລຳດັບ, ເຄື່ອງເລືອກເຂົ້າກຸ່ມ
sorting 	ການລຽງລຳດັບ, ການເລືອກເຂົ້າກຸ່ມ
sound card 	ແຜ່ນວົງຈອນສຽງ
sound effects 	ໃຊ້ຄໍາຫຍໍ້ວ່າ S/FX, ສຽງພິເສດທີ່ສ້າງຂຶ້ນໃນຫ້ອງສະຕູດິໂອທີ່ໃຊ້ປະກອບລາຍການ ເພື່ອໃຫ້ມີສຽງລັກສະນະຄືສຽງແທ້
sound fade 	 ສຽງຄ່ອຍລົງ, ແມ່ນສຽງທີ່ປ່ຽນແປງໃຫ້ຄ່ອຍລົງເທື່ອລະນ້ອຍ ຈາກສຽງທີ່ຮັບຟັງໄດ້ກາຍມາເປັນສຽງທີ່ຮັບຟັງບໍ່ໄດ້
sound film 	ຮູບເງົາທີ່ມີສຽງໃນຟີມ
sound head 	ຫົວອ່ານສຽງ, ຫົວອ່ານແສງ, ເປັນຫົວແມ່ເຫຼັກທີ່ຢູ່ພາຍໃນເຄື່ອງສາຍເຮັດ ໜ້າທີ່ປ່ຽນແປງຮ່ອງສຽງທາງແບບແສງ ແລະ ແບບແມ່ເຫຼັກ
sound level 	ລະດັບຂອງສຽງ, ຂະໜາດຂອງສັນຍານທີ່ໄດ້ບັນທຶກໄວ້
sound page 	ລະບົບສື່ການສອນຊະນິດໜຶ່ງທີ່ໃຊ້ແຜ່ນເຈ້ຍແຂງທີ່ມີຂໍ້ຄວາມ ແລະ ພາບດ້ານຫຼັງຂອງແຕ່ລະແຜ່ນ ໃຊ້ບັນທຶກສຽງໄດ້ເມື່ອວາງແຜ່ນນີ້ລົງເທິງໜ້າເຄື່ອງຫຼິ້ນແຜ່ນສຽງ
sound player 	ໂປຣແກຣມຫຼິ້ນສຽງ
sound recording 	ການບັນທຶກສຽງ
sound studio 	ຫ້ອງບັນທຶກສຽງ, ສະຕູດິໂອບັນທຶກສຽງ
sound track 	ຮ່ອງສຽງ/ແຖບບັນທຶກສຽງ ເພື່ອແຍກກັນລະຫວ່າງ ຮ່ອງບັນທຶກສຽງເພື່ອຫຼິ້ນ ແລະ ຮ່ອງບັນຈຸສັນຍານເພື່ອການຄວບຄຸມສຽງ
source 	ຕົ້ນກໍາເນີດ, ຕົ້ນສະບັບ, ຕົ້ນທາງ
source address 	ເລກທີ່ຢູ່ຕົ້ນທາງ
source code 	ລະຫັດຕົ້ນສະບັບ/ຟາຍຕົ້ນສະບັບ, ຄໍາສັ່ງໃນໂປຣແກຣມ ເຊິ່ງເປັນຮູບແບບທີ່ຄົນອ່ານໄດ້
source language 	ພາສາຕົ້ນສະບັບ, ຮູບແບບເດີມຂອງຊຸດຄໍາສັ່ງທີ່ກຽມໄວ້ກ່ອນທີ່ຈະມີການປະມວນຜົນດ້ວຍຄອມພິວເຕີ
source program 	ຊຸດຄໍາສັ່ງຕົ້ນສະບັບ, ຊຸດຄໍາສັ່ງທີ່ຂຽນດ້ວຍພາສາຕົ້ນສະບັບ
space character 	ຕົວອັກສອນຍະຫວ່າງ, ຕົວອັກສອນຊ່ອງວ່າງ ທີ່ເກີດຈາກການກົດແປ້ນ spacebar
spacebar 	 ແປ້ນຍະວ່າງ, ແປ້ນທີ່ຍາວທີ່ສຸດໃນແປ້ນພິມ ເຊິ່ງເຮັດໜ້າທີ່ສ້າງຕົວອັກສອນຍະວ່າງຂຶ້ນມາ
spaghetti code 	ລະຫັດທີ່ມີຄວາມສັບສົນ, ເປັນສັບທີ່ໃຊ້ກັບໂປຣແກຣມທີ່ຂຽນແລ້ວ ມີຄວາມສັບສົນຫຼາຍ, ບໍ່ເປັນໄປຕາມໂຄງສ້າງ ບໍ່ລຽງລໍາດັບຕາມຂັ້ນຕອນ, ໂປຣແກຣມແບບນີ້ມັກຂຽນຂຶ້ນມາຈາກຜູ້ທີ່ເລີ່ມຝຶກຂຽນໂປຣແກຣມໃໝ່
spam 	ການສົ່ງຂໍ້ຄວາມທາງເອເລັກໂຕຣນິກ ທີ່ບໍ່ເປັນປະໂຫຍດຈຳນວນຫຼາຍໃນເຄືອຂ່າຍ
spamming 	ການກະຈາຍຂໍ້ມູນໄປທົ່ວລະບົບເຄືອຂ່າຍ
span 	ໄລຍະ/ຊ່ວງ
span of apprehension 	ໄລຍະຂອງຄວາມເຂົ້າໃຈ, ຈໍານວນວັດຖຸຫຼາຍທີ່ສຸດທີ່ເຮັດໃຫ້ເຂົ້າໃຈກັນໄດ້ຖືກຕ້ອງພ້ອມກັນ
span of attention 	ໄລຍະຂອງຄວາມສົນໃຈ, ໄລຍະເວລາທີ່ຄົນເຮົາສາມາດເຮັດວຽກງານໃດ ໜຶ່ງຢ່າງຈິງຈັງຢ່າງບໍ່ຢຸດພັກ
special characters 	ຕົວອັກສອນພິເສດ, ຕົວອັກສອນທີ່ແປກປະຫຼາດ ຫຼື ຕົວອັກສອນທີ່ບໍ່ໄດ້ໃຊ້ວຽກ ຫຼື ຕົວອັກສອນທີ່ມີໜ້າທີ່ພິເສດ
special effects 	ພາບພິເສດ ເປັນວິທີການຖ່າຍພາຍເຄື່ອນໄຫວ ບໍ່ປົກກະຕິ ເຊັ່ນ ການສ້າງພາບຊ້ອນ, ການສ້າງຮູບຈໍາລອງ, ພາບລອຍ
special effects generator 	ເຄື່ອງສ້າງພາບພິເສດ ເຊິ່ງສາມາດປະສົມສັນຍານພາບເຂົ້າກັນແລ້ວ ເຮັດໃຫ້ເກີດຜົນພາບພິເສດ
special interest group 	ໃຊ້ຄໍາຫຍໍ້ວ່າ SIG ເປັນກຸ່ມຄົນທີ່ມີຄວາມສົນໃຈໃນເລື່ອງດຽວກັນ ແລະ ໄດ້ຈັດຕັ້ງເປັນຊຸມນຸມຂຶ້ນເພື່ອແລກປ່ຽນຄວາມຄິດເຫັນ
specification 	ຂໍ້ກໍານົດ/ຄຸນລັກສະນະ
speech analyser 	ເຄື່ອງວິເຄາະສຽງເວົ້າ, ເຄື່ອງເອເລັກໂຕຣນິກທີ່ສາມາດຮັບເອົາສຽງເວົ້າຂອງມະນຸດໄດໂດຍກົງ
speech recognition 	 ການຮູ້ຈໍາສຽງເວົ້າ
speech synthesis 	ການສ້າງຄໍາເວົ້າທີ່ຮຽນແບບສຽງມະນຸດໂດຍໃຊ້ຄອມພິວເຕີ
speed 	ຄວາມໄວ/ຄວາມໄວຂອງໄມໂຄຣໂປຣເຊັດເຊີທີ່ມີຫົວໜ່ວຍເປັນ ເມກາເຮິດ
speed rating system 	ອັດຕາການຮັບແສງຂອງຟີມ ຫຼື F-Stop ທີ່ໃຫຍ່ທີ່ສຸດຂອງເລນ
spell checker 	ຕົວກວດສອບການສະກົດ, ໂປຣແກຣມທີ່ມີຢູ່ໃນເວີດໂປຣເຊັດເຊີເຮັດໜ້າທີ່ເບິ່ງທຸກຄໍາສັ່ງທີ່ປ້ອນເຂົ້າໄປ ເພື່ອກວດສອບການສະກົດໃຫ້ຖືກຕ້ອງ ແລະ ສະແດງການສະກົດທີ່ຖືກຕ້ອງເທົ່າທີ່ເປັນໄປໄດ້
spike 	ຄື້ນພະລັງງານທີ່ມີແຮງດັນສູງ
spirit duplicator 	ເຄື່ອງຖ່າຍສໍາເນົາ ເຊິ່ງເຈ້ຍແມ່ແບບຈະຖືກສໍາຜັດກັບເຈ້ຍທີ່ແຊ່ດ້ວຍນໍ້າຢາເຮັດສໍາເນົາ
splice 	ການຕໍ່ຟີມ ຫຼື ເທັບສອງສ່ວນເຂົ້າກັນ ໂດຍໃຊ້ເຄື່ອງຕັດຟີມ ແລະ ນໍ້າຢາຕິດເທັບ ຫຼື ຟີມແບບພິເສດ
split 	ແບ່ງ/ແຍກ
split screen 	ຈໍສະແດງແບບແຍກ, ການສະແດງພາບ 2 ພາບຂຶ້ນໄປໃຫ້ປະກົດພ້ອມກັນເທິງຈໍດຽວກັນ ແລະ ເວລາດຽວກັນ
splitter 	ຕົວແຍກ
spoofing 	ການອ້າງວ່າເປັນບຸກຄົນອື່ນໃນເຄືອຂ່າຍຄອມພິວເຕີ, ການອ້າງວ່າເປັນຜູ້ທີ່ໄດ້ຮັບອະນຸຍາດເພື່ອທີ່ຈະເຂົ້າໃຊ້ຊັບພະຍາກອນ ຫຼື ເຂົ້າຫາລະບົບຂໍ້ມູນ
spool 	ການເກັບຂໍ້ມູນຊົ່ວຄາວກ່ອນທີ່ຈະພິມ
spot brightness meter 	ເຄື່ອງວັດແທກຈຸດສະຫວ່າງເປັນເຄື່ອງວັດແທກແສງ ເຊິ່ງສາມາດວັດແທກແສງສະທ້ອນໄດ້ຈາກມູມແຄບ
spead spectrum technology 	 ເຕັກໂນໂລຊີການແຜ່ກະຈາຍຂອງສັນຍານໃນທາງຄວາມຖີ່
SQL 	ເບິ່ງ Structured Query Language
SRAM 	ເບິ່ງ Static Random Access Memory
stack 	ໜ່ວຍຄວາມຈໍາທີ່ມີໂຄງສ້າງທັບຊ້ອນກັນ, ໂຄງສ້າງຂໍ້ມູນທີ່ມີໂປຣແກຣມເມີໃຊ້ເພື່ອເກັບ ແລະ ຖິ້ມຂໍ້ມູນໃນແບບເຂົ້າຕາມຫຼັງອອກກ່ອນ (LIFO) ມັກໃຊ້ຫຼາຍໃນພາສາແອັດແຊັມບະລີ
stand by 	ການກຽມພ້ອມເພື່ອການສະແດງ ຫຼື ໃຊ້ວຽກ
standard 	ມາດຕະຖານ
standard deviation 	ຄວາມຄາດເຄື່ອນທີ່ເປັນມາດຕະຖານ
standard generalized markup language 	ພາສາກໍານົດຮູບແບບເອກະສານທີ່ອອກແບບສໍາລັບຄວາມສໍາພັນ ຂອງຂໍ້ຄວາມໃນເອກະສານພາສາ HTML
star network 	ເຄືອຂ່າບແບບດາວ, ເຄືອຂ່າຍແບບກະຈາຍສຽງສູນກາງ
star topology 	ຮູບແບບການເຊື່ອມຕໍ່ເຄືອຂ່າຍຄອມພິວເຕີແບບດາວ ໂດຍມີຄອມພິວເຕີ ຫຼື ອຸປະກອນສູນກາງໜຶ່ງຕົວ
star bit 	ບິດເລີ່ມຕົ້ນ, ກຸ່ມຂໍ້ມູນຂະໜາດນ້ອຍໆທີ່ເປັນຕົວບອກຈຸດເລີ່ມຕົ້ນ ຂອງຂໍ້ມູນທີ່ຈະສົ່ງ ເຊິ່ງມີການສົ່ງແບບບໍ່ປະສານຈັງຫວະ
star button 	ປຸ່ມເລີ່ມຕົ້ນ
star menu 	ລາຍການເລີມຕົ້ນ
start up 	ຂະບວນການ ຫຼື ຂັ້ນຕອນທີ່ເກີດຂຶ້ນເພື່ອປັບຄ່າເລີ່ມຕົ້ນບາງຢ່າງ, ເມື່ອຄອມພິວເຕີ ຫຼື ໂປຣແກຣມເລີ່ມເຮັດວຽກ
startup disk 	ຟະລັອບປີດິດ ຫຼື ຮາດດິດທີ່ຄອມພິວເຕີໃຊ້ເມື່ອເວລາ ເປີດເຄື່ອງຂຶ້ນມາຄັ້ງທຳອິດ. ດິດທີ່ໃຊ້ເປີດເຄື່ອງຈະຕ່າງຈາກດິດຕົວອື່ນໆ ເພາະດິດທີ່ໃຊ້ເປີດເຄື່ອງນີ້ຈະມີຄໍາສັ່ງ ແລະ ໂປຣແກຣມພິເສດທີ່ບອກຄອມພິວເຕີວ່າ ຈະປຸກຕົວເອງໃຫ້ຕື່ນ ແລະ ເລີ່ມເຮັດວຽກ
startup folder 	 ໂຟນເດີເອີ້ນໂປຣແກຣມເຮັດວຽກແບບອັດຕະໂນມັດ
state of the art 	ທັນສະໄໝ, ຄວາມຮູ້ທີ່ທັນສະໄໝ, ເຕັກນິກທີ່ທັນສະໄໝ
statement 	ຄໍາສັ່ງໃນພາສາສໍາລັບການຂຽນໂປຣແກຣມ
static 	ການຢູ່ຄົງທີ່, ເຖິງແມ່ນວ່າເວລາຈະປ່ຽນແປງໄປ ເຊັ່ນ ໜ່ວຍຄວາມຈຳເກັບຂໍ້ມູນຢ່າງໃດໜຶ່ງໄວ້ ກໍຈະເກັບໄວ້ແນວນັ້ນຈົນກວ່າຈະມີການຂຽນຂໍ້ມູນລົງໃສ່ໃໝ່
Static Random Access Memory 	ໃຊ້ຄຳຫຍໍ້ວ່າ SRAM, ເປັນໜ່ວຍຄວາມຈໍາຊະນິດໜຶ່ງ ທີ່ອອກແບບມາໃຫ້ເຮັດວຽກຊ່ວຍໄມໂຄຣໂປຣເຊັດເຊີ, ມີຄວາມໄວສູງໃນການດຶງຂໍ້ມູນ ແລະ ມີລາຄາແພງກວ່າດີແຣມ
status bar 	ແຖບສະຖານະພາບ, ມັກຈະຢູ່ຂ້າງລຸ່ມຂອງປ່ອງຢ້ຽມ
status line 	ຕໍາແໜ່ງສະແດງແຖວຂໍ້ມູນໃນໜ້າຈໍ ປະຈຸບັນ
stealth virus 	ໄວຣັດປະເພດລີ້ຊ້ອນ ເພື່ອຫຼົບຫຼີກຈາກການທຳລາຍຂອງໂປຣແກຣມປ້ອງກັນໄວຣັດ
steering committee 	ຄະນະກໍາມະການຊີ້ນຳ
stereophonic 	ລະບົບສຽງທີ່ໃຊ້ອຸປະກອນແຍກສັນຍານອອກຕັ້ງແຕ່ສອງຢ່າງຂຶ້ນໄປ
stereoscope 	ກ້ອງສະຕູດິໂອເປັນກ້ອງສອງເລນທີ່ເຮັດໃຫ້ແຕ່ລະຕາ ສາມາດເບິ່ງພາບໃນສາກດຽວກັນ ແຍກກັນໄດ້, ຜົນທີ່ໄດ້ຈະປະກອບເປັນພາບສາມມິຕິ
stereoscopic system 	ພາບຖ່າຍສາມມິຕິ
still frame 	ພາບຕໍ່ເນື່ອງ, ພາບໜຶ່ງເຟຣມ ທີ່ສາມາດສະແດງພາບດຽວກັນແບບຕໍ່ເນື່ອງ
still picture 	ຮູບພາບທີ່ບໍ່ເຄື່ອນໄຫວ
still projection 	ການສາຍພາບທີ່ບໍ່ເຄື່ອນໄຫວ
STM 	 ເບິ່ງ Synchronous Transfer Mode
stochatic 	ການສຸ່ມ, ການທີ່ບໍ່ແນ່ນອນ
stock 	ເກັບມ້ຽນ/ສະສົມໄວ້, ຟີມທີ່ຍັງບໍ່ທັນໄດ້ຖ່າຍທຳ, ສະສົມໄວ້ເພື່ອໃຊ້ໃນລາຍການຕ່າງໆ
stock shot 	ພາບທີ່ມ້ຽນສະສົມໄວ້ລ່ວງໜ້າເພື່ອ ໃຊ້ໃນວຽກງານຕ່າງໆ
stop bit 	ບິດຢຸດ, ກຸ່ມຂໍ້ມູນຂະໜາດນ້ອຍໆທີ່ເປັນຕົວບອກຈຸດສິ້ນສຸດຂອງການສົ່ງຂໍ້ມູນ
stop motion shooting 	ການຖ່າຍທຳຮູບເງົາບໍ່ເຄື່ອນໄຫວ ເປັນການຖ່າຍທຳຟີມຮູບເງົາເທື່ອລະພາບ
storage 	ບ່ອນເກັບມ້ຽນຂໍ້ມູນ ເຊິ່ງໄດ້ແກ່ເທັບ, ຟະລັອບປີດິດ, ຮາດດິດ ແລະ ຊີດີຣອມ
store 	ການຈັດເກັບ, ການເກັບມ້ຽນ
store and forward 	ກົນໄກຂອງລະບົບສື່ສານທີ່ນຳຂໍ້ມູນມາເກັບໄວ້ເພື່ອກວດສອບກ່ອນທີ່ຈະສົ່ງຕໍ່, ກົນໄກການສົ່ງຂໍ້ມູນ ເຊິ່ງຂໍ້ມູນຈະຖືກສົ່ງໄປພັກໄວ້ທີ່ອຸປະກອນຕົວກາງກ່ອນທີ່ຈະສົ່ງຕໍ່ໄປຫາຕົວຮັບເພື່ອລໍຈັງຫວະທີ່ເໝາະສົມທາງດ້ານຝ່າຍຮັບ
stored program computer 	ຄອມພິວເຕີສາມາດເກັບຄໍາສັ່ງ ແລະ ຂໍ້ມູນເອົາໄວ້ໄດ້
Stored Program Control 	ໃຊ້ຄໍາຫຍໍ້ວ່າ SPCF , ການຄວບຄຸມດ້ວຍໂປຣແກຣມ
stored value card 	ບັດທີ່ບັນຈຸຄ່າຂໍ້ມູນກ່ຽວກັບສິນຄ້າ ໃຊ້ສໍາລັບການແລກປ່ຽນສິນຄ້າ ແລະ ບໍລິການ
storyboard 	ແຜນໂຄງເລື່ອງ, ບົດພາບ, ໝາຍເຖິງລຳດັບຂອງພາບເຊິ່ງສະແດງ ເຖິງສາລະລຳດັບຂອງເລື່ອງທີ່ຈະຜະລິດຂຶ້ນມາ
Strategic Information System 	 ໃຊ້ຄໍາຫຍໍ້ວ່າ SIS, ເປັນລະບົບການຈັດຫາຂໍ້ມູນຂ່າວສານເພື່ອການສະແຫວງຫາຜົນກໍາໄລ
string 	ສະຕຣິງ/ຊຸດຕົວອັກສອນ/ກຸ່ມຕົວອັກສອນ
string variable 	ຕົວປ່ຽນຊຸດຕົວອັກສອນ, ສັນຍາລັກທີ່ໂປຣແກຣມໃຊ້ແທນກຸ່ມຕົວອັກສອນ
stripe 	ຮ່ອງສຽງແມ່ເຫຼັກທີ່ຕໍ່າກວ່າມາດຕະຖານ
striped film 	ຟີມຮູບເງົາທີ່ມີແຖບແມ່ເຫຼັກແຄບໆ ທີ່ດ້ານໜຶ່ງໃຊ້ເປັນຮ່ອງແມ່ເຫຼັກເພື່ອບັນທຶກສຽງ
Strobe 	ໄຟຟະແລັດທີ່ໃຫ້ແສງເຂັ້ມສູງທີ່ອອກມາເປັນໄລຍະ ແລະ ຊ່ວງເວລາທີ່ແນ່ນອນ
structure programming 	ການຂຽນໂປຣແກຣມແບບໂຄງສ້າງ, ວິທີການຂຽນໂປຣແກຣມທີ່ແບ່ງອອກເປັນສ່ວນຍ່ອຍໆ ຫຼື ໃນໂມດູນນ້ອຍໆເພື່ອອ່ານ ແລະ ເຂົ້າໃຈງ່າຍ
Structured Query Language 	ໃຊ້ຄໍາຫຍໍ້ວ່າ SQL, ພາສາສອບຖາມແບບໂຄງສ້າງ, ເປັນພາສາສືບຄົ້ນທີ່ໃຊ້ໃນລະບົບຈັດການຖານຂໍ້ມູນແບບສໍາພັນ
structuring of content 	ເຕັກນິການແບ່ງໂປຣແກຣມອອກເປັນສ່ວນຍ່ອຍ
study guide 	ຄູ່ມືການຮຽນ, ຕໍາລາທີ່ອອກແບບສໍາລັບຜູ້ຮຽນເຊິ່ງສ່ວນໃຫຍ່ໃຊ້ໃນການຝຶກທົດສອບດ້ວຍການຂຽນ
style 	ຮູບແບບ ຫຼື ລັກສະນະຂອງຕົວໜັງສື
subdirectory 	ໄດເຣັກທໍຣີຍ່ອຍ
subdomain 	ໂດເມນຍ່ອຍຂອງເຄືອຂ່າຍ
subject 	ວິຊາ
subject centre curriculum 	 ຫຼັກສູດທີ່ຖືເອົາເນື້ອໃນສະລະເປັນຈຸດສູນກາງ
subject matter 	ເນື້ອໃນ/ສາລະ
submenu 	ເມນູຍ່ອຍ, ເມນູທີ່ຢູ່ພາຍໃຕ້ເມນູອື່ນ
subnet 	ຫຍໍ້ມາຈາກ subnetwork, ເຄື່ອຂ່າຍຍ່ອຍທີ່ຖືກແບ່ງອອກເປັນສ່ວນໆ
subnet address 	ໝາຍເລກທີ່ຢູ່ໄອພີ (IP) ທີ່ສະແດງເຖິງເຄືອຂ່າຍຍ່ອຍ
subprogram 	ໂປຣແກຣມຍ່ອຍ
subroutine 	ໂປຣແກຣມນ້ອຍທີ່ຢູ່ພາຍໃນໂປຣແກຣມໃຫຍ່
subscribe 	ການສະໝັກເຂົ້າເປັນສະມາຊິກໃນກຸ່ມຂ່າວ
Subscriber Identity Module 	ໃຊ້ຄໍາຫຍໍ້ວ່າ SIM, ໂມດູນລະບຸຜູ້ເຊົ່າ
suggestopedy 	ລະບົບການສອນທີ່ມີຈຸດມຸ່ງໝາຍ ໃຫ້ນັກຮຽນເປັນອິດສະຫຼະຈາກຄວາມເຄັ່ງຕຶງທີ່ເກີດຈາກຂໍ້ກໍານົດຫຼືກົດເກນຕາຍຕົວ
Sun information and Technology Exchange 	ໃຊ້ຄໍາຫຍໍ້ວ່າ SunSITE, ລະບົບບໍລິການຂ່າວສານ ແລະ ຂໍ້ມູນທີ່ບໍລິສັດ Sun microsystem ໃຫ້ທຶນສະໜັບສະໜຸນແກ່ມະຫາວິທະຍາໄລ
supercomputer 	ຊຸບເປີຄອມຄອມພິວເຕີ, ຄອມພິວເຕີທີ່ເຮັດວຽກດ້ວຍຄວາມໄວສູງກວ່າ ຄອມພິວທຳມະດາ ແລະ ມີປະສິດທິພາບສູງໃນການເຮັດວຽກ
supervisor 	ໂປຣແກຣມກໍາກັບດູແລ, ຕົວກໍາກັບດູແລ, ຜູ້ດູແລ
supply chain 	ຄໍາອະທິບາຍໂຄງສ້າງ ແລະ ຂະບວນການຕ່າງໆ
support activities 	ການສະໜັບສະໜູນກິດຈະກໍາຫຼັກຂອງທຸລະກິດ
surf 	ທ່ອງທ່ຽວໃນອິນເຕີເນັດ
surge 	 ໄຟເກີນ
surge protection 	ຕົວປ້ອງກັນໄຟເກີນ, ອຸປະກອນທີ່ໃຊ້ປ້ອງກັນບໍ່ໃຫ້ໄຟເກີນເກີດຂຶ້ນ
suspend 	ການຢຸດຊົ່ວຄາວ
swap 	ສະຫຼັບຄ່າ
swap file 	ສະຫຼັບຟາຍ
swap space 	ສະຫຼັບພື້ນທີ່
swipe 	ຮູດບັດ
switch 	ສະວິດ, ໃນນັ້ນຈະມີສອງຕໍາແໜ່ງຄື ປິດ ແລະ ເປີດ
Switched Multimegabit Data Service 	ໃຊ້ຄໍາຫຍໍ້ວ່າ SMDS, ບໍລິການສະຫຼັບຂໍ້ມູນແບບຫຼາຍເມກາບິດ
Switched Virtual Circuit 	ໃຊ້ຄໍາຫຍໍ້ວ່າ SVC, ວົງຈອນຄ້າຍຄືແບບສະຫຼັບ
switching 	ການສະຫຼັບ, ການສະຫຼັບສາຍ
synchronize 	ປະສານເວລາ
synchronizer 	ອຸປະກອນປະສານຈັງຫວະເວລາ
synchronizing pulse generator 	ອຸປະກອນໃຫ້ກໍາເນີດສັນຍານ pulse ປະສານຈັງຫວະ, ອຸປະກອນຊ່ວຍປັບຮູບຮ່າງ ແລະ ຂະໜາດຂອງສັນຍານຊິງງໂຄຣໄນຈາກສັນຍານໂທລະພາບ ທີ່ຖືກປ່ຽນແປງບາງສ່ວນທີ່ໄດ້ຮັບເຊັ່ນ ຮັບສັນຍານຈາກໄລຍະໄກໆ
synchronous 	ຊິງໂຄຣນັດ/ການປະສານຈັງຫວະ, ສິ່ງທີ່ເກີດຂຶ້ນພ້ອມໆກັນໃນເວລາດຽວກັນ
Synchronous Data Link Control 	ໃຊ້ຄໍາຫຍໍ້ວ່າ SDLC, ການຄວບຄຸມວິທີເຊື່ອມຕໍ່ຂໍ້ມູນແບບປະສານຈັງຫວະເວລາ
synchronous Digital Hierarchy 	ໃຊ້ຄໍາຫຍໍ້ວ່າ SDH, ລໍາດັບຊັ້ນການສົ່ງສັນຍານດິຈິຕອນແບບປະສານຈັງຫວະເວລາ
synchronous mark 	 ເຄື່ອງໝາຍຊິງໂຄຣນັດ
Synchronous Transfer Mode 	ໃຊ້ຄໍາຫຍໍ້ວ່າ STM, ພາວະການຖ່ານໂອນຂໍ້ມູນແບບປະສານຈັງຫວະ
synchronous transmission 	ການສົ່ງຂໍ້ມູນແບບຊິງໂຄຣນັດ, ການສົ່ງຂໍ້ມູນແບບປະສານຈັງຫວະ
syndicate method 	ການແບ່ງອອກເປັນກຸ່ມຍ່ອຍໆເພື່ອເຮັດວຽກງານຂໍ້ດຽວກັນ ຫຼື ຕ່າງກັນໃຫ້ສໍາເລັດ
syntax 	ຫຼັກໄວຍາກອນພາສາໂປຣແກຣມ, ກົດເກນທີ່ໃຫ້ພາສາໂປຣແກຣມຢູ່ຮ່ວມກັນໄດ້. ເພາະວ່າແຕ່ລະພາສາຈະຕ່າງກັນໃນການລຽງລໍາດັບຄໍາສັ່ງ, ການສະກົດຄໍາສັ່ງ
syntax error 	ຜິດຫຼັກໄວຍາກອນ, ການລະເມີດກົດເກນຂອງຫຼັກໄວຍາກອນ ເຊິ່ງມັກຈະເກີດຂຶ້ນເມື່ອຂຽນໂປຣແກຣມຄອມພິວເຕີ ຖ້າຂຽນຄຳທີ່ສະຫຼັບບ່ອນກັນ ຫຼືສະກົດຜິດ
synthesizer 	ໂປຣແກຣມສັງເຄາະ, ຕົວສັງເຄາະ
system 	ລະບົບ, ໂປຣແກຣມທີ່ຄວບຄຸມຄອມພິວເຕີທັງໝົດ, ຄອມພິວເຕີທັງໝົດເຄືອຂ່າຍ
system administrator 	ຜູ້ດູແລລະບົບ, ເຊິ່ງເຮັດໜ້າທີ່ຮັບຜິດຊອບຄວາມເປັນລະບຽບຮຽບຮ້ອຍຂອງເຄືອຂ່າຍ, ລວມທັງຮາດແວ, ຊອບແວ ແລະ ໃຫ້ບໍລິການຄໍາປຶກສາຂໍ້ແນະນຳແກ່ຜູ້ໃຊ້ວຽກ, ຕະຫຼອດຈົນເຖິງເຮັດໜ້າທີ່ວິເຄາະບຳລຸງ ຮັກສາ ແລະ ແກ້ບັນຫາຂອງລະບົບ
system area 	ສ່ວນໜຶ່ງຂອງດິດໃນ DOS ທີ່ເກັບຕາຕະລາງ partition file allocation table ແລະ ໄດເຣັກທໍຣີຫຼັກ
system clock 	ໂມງທີ່ບອກເວລາພາຍໃນລະບົບປະຕິບັດການ, ການໃຊ້ເພື່ອບັນທຶກເວລາຂອງຟາຍໃດໜຶ່ງໃນເມື່ອມີການບັນທຶກລົງດິດ
system crash 	 ລະບົບຂັດຂ້ອງ
system disk 	ດິດທີ່ເກັບຕົວລະບົບ ຫຼື ໂປຣແກຣມທຸກຕົວທີ່ຈໍາເປັນຕໍ່ການເປີດເຄື່ອງຄອມພິວເຕີ
system file 	ຟາຍຂໍ້ມູນລະບົບ
system folder 	ໄດເຣັກທໍຣີຍ່ອຍທີ່ເກັບຟາຍລະບົບທຸກຕົວໄວ້
system font 	ຟອນຂອງລະບົບ
system mailbox 	ຕູ້ໄປສະນີຂອງລະບົບ, ຄອມພິວເຕີທ່ເຮັດໜ້າທີ່ໃຫ້ບໍລິການໄປສະນີ ເຊິ່ງຈະເກັບຟາຍຈົດໝາຍຂອງຜູ້ໃຊ້ໄວ້
system noise 	ສັນຍານລົບກວນໃນລະບົບ
system operator 	ຜູ້ຮັບຜິດຊອບລະບົບ, ຜູ້ເຮັດໜ້າທີ່ໃຫ້ບໍລິການ ແລະ ດູແລລະບົບ
system programmer 	ນັກໂປຣແກຣມທີ່ພັດທະນາ ແລະ ປັບປຸງຕົວລະບົບປະຕິບັດການ
system software 	ໂປຣແກຣມລະບົບປະຕິບັດການ ພ້ອມກັບໂປຣແກຣມທີ່ອໍານວຍຄວາມສະດວກຕ່າງໆ
system unit 	ໜ່ວຍລະບົບ, ໜ່ວຍຂອງລະບົບເຊິ່ງຈະມີໄມໂຄຣໂປຣເຊັດເຊີ ໜ່ວຍຄວາມຈຳ ແລະ ຊ່ອງໃສ່ແຜ່ນດິດ ລວມເຖິງຊ່ອງສຽບວົງຈອນເພີ່ມ ແລະ ສິ່ງອື່ນໆ. ສ່ວນອັນທີ່ຢູ່ພາຍນອກໜ່ວຍລະບົບຈະເອີ້ນວ່າ ອຸປະກອນເສີມ
system analysis 	ການວິເຄາະລະບົບ
systems programmer 	ນັກຂຽນໂປຣແກຣມເພື່ອໃຫ້ລະບົບຄອມພິວເຕີເຮັດວຽກ
systems regulation 	ຂໍ້ບັງຄັບຂອງລະບົບທີ່ເອົາມາໃຊ້ເພື່ອໃຫ້ການເຮັດວຽກ ແລະ ມີຜົນງານດີຂຶ້ນ
radiation 	 ການແຜ່ລັງສີ, ພະລັງງານຄວາມຖີ່ສູງເຊິ່ງເຮົາເບິ່ງບໍ່ເຫັນ ແລະ ກະທົບໃບໜ້າທຸກຄັ້ງທີ່ເບິ່ງຈໍຄອມພິວເຕີ
radio common carrier 	ຄື້ນພາວິທະຍຸຕິດຕາມໂຕ ແລະ ບໍລິການໂທລະສັບເຄື່ອນທີ່
radio frequency 	ຄວາມຖີ່ຄື້ນວິທະຍຸ
radio reciever 	ເຄື່ອງຮັບວິທະຍຸ, ເປັນອຸປະກອນທີ່ໃຊ້ຮັບສັນຍານວິທະຍຸຈາກສາຍອາກາດ
radiovision 	ລະບົບສື່ສານການສອນທີ່ສະແດງສື່ແບບພາບບໍ່ເຄື່ອນໄຫວ, ສ່ວນສຽງຈະຖືກສົ່ງອອກອາກາດທາງວິທະຍຸ
radio wave 	ຄື້ນວິທະຍຸ
RAM chip 	ແຣມຊິບ, ອຸປະກອນສານເຄິ່ງຕົວນຳທີ່ໃຊ້ຈັດເກັບຂໍ້ມູນ, ໜ່ວຍຄວາມຈຳປະເພດນີ້ ອາດຈະເປັນໜ່ວຍຄວາມຈຳແບບໄດນາມິກ ທີ່ສາມາດຂຽນ ຫຼື ອ່ານໄດ້
random numbers generator 	ໂປຣແກຣມຄອມພິວເຕີທີ່ສ້າງຈຳນວນສຸ່ມ
random numbers 	ຕົວເລກທີ່ສ້າງຂຶ້ນມາແບບສຸ່ມ, ໂດຍບໍ່ມີລຳດັບກ່ອນຫຼັງ, ທິດທາງ ຫຼື ລຳດັບຕໍ່ເນື່ອງທີ່ແນ່ນອນ
randomize 	ແບບສຸ່ມ
range finder 	ໂຕປັບໄລຍະໃຫ້ຖືກັບຈຸດໂຟກັດ, ເປັນອຸປະກອນທີ່ປະກອບກັບກ້ອງທີ່ໃຊ້ຊີ້ໄລຍະຈາກກ້ອງເຖິງວັດຖຸທີ່ຈະຖ່າຍ ຫຼື ຊ່ວຍປັບໃຫ້ກ້ອງຢູ່ໃນໄລຍະໂຟກັດພໍດີ
rank 	ຈັດລຳດັບ/ລຳດັບທີ່
raster device 	ອຸປະກອນທີ່ສ້າງພາບດ້ວຍວິທີສະແກນເສັ້ນຂອງຈຸດໂທລະທັດ ແລະ ຈໍສະແດງຜົນຄອມພິວເຕີ, ລວມທັງເຄື່ອງພິມ ແລະ plotter ແລະ electrostatic
raster graphics 	 ການສະແດງພາບກຣາບຟິກທາງຈໍພາບທີ່ເກີດຈາກການສະແກນ ໂດຍການກຳນົດຈຸດພາບໃນລວງນອນ ແລະ ລວງຕັ້ງ
raster image processor 	ອຸປະກອນສຳລັບສະແດງເອົາພຸດຂອງຄອມພິວເຕີ ໃນຮູບແບບຕາຕະລາງເປັນຈຸດ ເຊັ່ນ dot matrix, inkjet, laser printer
raster scan 	ການສ້າງ ຫຼື ການກວດສັນຍານພາບໃນຈໍ, ໂດຍການກວດຂອງເລົາແສງເອເລັກຕຣົງໃນຈໍພາບຈາກມູມຊ້າຍໄປຂວາ ແລະ ຈາກເທິງລົງລຸ່ມ
read 	ອ່ານ, ການສົ່ງຂໍ້ມູນຈາກທີ່ເກັບໄປຍັງແຣມໃນຄອມພິວເຕີ ເຊັ່ນ ຄອມພິວເຕີ ອ່ານຂໍ້ມູນຈາກດິດໄປເກັບໄວ້ໃນໜ່ວຍຄວາມຈໍາ ເພື່ອໃຫ້ໂປຣແກຣມເຮັດວຽກ ຫຼື ປະມວນຜົນຂໍ້ມູນດັ່ງກ່າວ
Read only Memory 	ໃຊ້ຄຳຫຍໍ້ວ່າ ROM, ໜ່ວຍຄວາມຈຳທີ່ອ່ານຢ່າງດຽວ, ໜ່ວຍຈັດເກັບຂໍ້ມູນແບບຖາວອນ ເຊິ່ງບໍ່ສາມາດລຶບໄດ້
read/write head 	ຫົວອ່ານ/ຂຽນ, ເປັນກົນໄກໃນຊ່ອງໃສ່ແຜ່ນດິດທີ່ໃຊ້ອ່ານ ແລະ ຂຽນຂໍ້ມູນໃນແຜ່ນດິດ
readability 	ລະດັບຄວາມຍາກ-ງ່າຍໃນການອ່ານ
reader 	ເຄື່ອງອ່ານ, ເປັນອຸປະກອນໃຊ້ອ່ານຂໍ້ມູນເພື່ອນຳຂໍ້ມູນທີ່ອ່ານໄດ້ເຂົ້າສູ່ໜ່ວຍຄວາມຈຳຂອງເຄື່ອງຄອມພິວເຕີ
reader-printer 	ເຄື່ອງມືທີ່ໃຊ້ອ່ານໄມໂຄຣຟີມ ທີ່ສາມາດເລືອກພິມໜ້າໃດໜ້າໜຶ່ງຈາກໄມໂຄຣຟີມອອກມາໄດ້
readiness curriculum 	ຫຼັກສູດກຽມຄວາມພ້ອມ ເພື່ອຊ່ວຍໃຫ້ນັກຮຽນມີຄວາມສາມາດທີ່ຈະຮຽນຕໍ່ໄປໃນຫຼັກສູດໄດ້
readiness test 	 ການທົດສອບຄວາມສາມາດສະເພາະຂອງນັກຮຽນວ່າ ຈະມີຄວາມສາມາດພຽງພໍໃນການຮຽນວິຊາສະເພາະນັ້ນໆ
README 	ເປັນຊື່ຟາຍຂໍ້ຄວາມແນະນຳທີ່ເກັບຂໍ້ມູນກ່ຽວກັບໂປຣແກຣມ ເຊັ່ນ ການປ່ຽນແປງເອກະສານຂໍ້ມູນກ່ຽວກັບສິ່ງເພີ່ມເຕີມຫຼ້າສຸດ ແລະ ຄຳອະທິບາຍຂໍ້ຜິດພາດທີ່ຍັງບໍ່ທັນແກ້ໄຂ ກ່ອນຜະລິດຕະພັນນີ້ອອກຈຳໜ່າຍ
read-only 	ອ່ານໄດ້ຢ່າງດຽວ, ຊະນິດຂອງສື່ທີ່ອ່ານຂໍ້ມູນໄດ້ ແຕ່ຂຽນລົງໄປບໍ່ໄດ້, ແຜ່ນຊີດີຣອມເປັນສື່ແບບອ່ານຢ່າງດຽວ
read-only attribute 	ຄຸນສົມບັດຂອງຟາຍໃນ DOS ແລະ OS/2 ທີ່ບອກວ່າຟາຍດັ່ງກ່າວອ່ານໄດ້ ແຕ່ແກ້ໄຂ ແລະ ປ່ຽນແປງບໍ່ໄດ້
Readout 	ເປັນຂໍ້ມູນສົ່ງອອກຊົ່ວຄາວທີ່ປາກົດເທິງໜ້າຈໍຄອມພິວເຕີ
Real audio 	ຟາຍສຽງທີ່ມີນາມສະກຸນ .au , ເລີ່ມມີສຽງເມື່ອດາວໂຫຼດໂປຣແກຣມຈາກອິນເຕີເນັດ
real number 	ຈຳນວນຈິງ
real time 	ການເຮັດວຽກແບບທັນທີ, ເປັນລະບົບການປະເມີນຜົນທີ່ເກີດຂຶ້ນເກືອບເປັນເວລາດຽວກັນກັບເວລາຈິງ
RealPlayer 	ເປັນໂປຣແກຣມມັນຕິມີເດຍທີ່ໃຊ້ສຳລັບເບິ່ງ ວິດີໂອ ແລະ ຟັງເພງ
real-time chat 	ການລົມກັນແບບທັນທີ
real-time clock 	ອຸປະກອນທີ່ເປັນໂມງ ຫຼື ບອກເວລາແບບຄອມພິວເຕີທີ່ກົງເວລາຈິງ
real-time processing 	ການປະມວນຜົນແບບທັນທີ
real-time system 	ລະບົບຕາມເວລາຈິງ, ລະບົບຄອມພິວເຕີໃດໜຶ່ງທີ່ອອກແບບມາໃຫ້ຕອບສະໜອງທັນທີທັນໃດຕໍ່ເຫດການທີ່ເກີດຂຶ້ນ ເຊັ່ນ: ລະບົບຄອມພິວເຕີທີ່ໃຊ້ໃນລະບົບຂັບເຮືອບິນອັດຕະໂນມັດ, ລະບົບຄວບຄຸມຂະບວນການ
Reboot 	ການປິດແລ້ວເປີດເຄື່ອງໃໝ່
Reciever 	ເຄື່ອງຮັບ/ຜູ້ຮັບ
receiving data 	 ສັນຍານຈາກຮາດແວທີ່ມາດຕະຖານ RS-232-C ກຳນົດຂຶ້ນມາເພື່ອນຳຂໍ້ມູນມາຈາກອຸປະກອນຕົວໜຶ່ງໄປຍັງອີກຕົວໜຶ່ງ, ຂໍ້ມູນທີ່ໄດ້ຮັບ
recognition 	ການຮູ້ຈຳ
record 	ເກັບ, ບັນທຶກ, ຂໍ້ມູນຊຸດໜຶ່ງທີ່ປະກອບດ້ວຍ file ຕັ້ງແຕ່ 1 file ຂຶ້ນໄປ ທີ່ທີຄວາມສຳພັນກັນ
record player 	ເຄື່ອງຫຼິ້ນຈານສຽງ
recorded effects 	ສຽງພິເສດທີ່ບັນທຶກໄວ້ເພື່ອເອົາມາປະສົມເຂົ້າກັບສຽງເດີມເພື່ອສ້າງຄວາມຮູ້ສຶກ ໃຫ້ຄືກັບຂອງແທ້ຫຼາຍຂຶ້ນ
recording head 	ຫົວບັນທຶກ, ໝາຍເຖິງລິ້ນບັງຄັບແສງ ຫຼື ຊ່ອງແມ່ເຫຼັກເພື່ອໃຊ້ແປງສັນຍານສຽງລົງໃນຮ່ອງແສງ ຫຼື ຮ່ອງແມ່ເຫຼັກ
recording level indicator 	ໂຕຊີ້ບອກລະດັບຂອງການບັນທຶກ ຫຼື ອຸປະກອນທີ່ຊີ້ບອກລະດັບສັນຍານຂອງການບັນທຶກ
recovery 	ການກູ້ຄືນ, ການກັບຄືນສູ່ສະພາບເດີມ
recurrence 	ການປາກົດຊ້ຳ
redirection 	ການປ່ຽນແປງທິດທາງ
reduction print 	ການຫຍໍ້ຂະໜາດຂອງພາບ/ສິ່ງພິມ
redundancy 	ຄວາມຊ້ຳຊ້ອນ/ສ່ວນຊ້ຳຊ້ອນ/ສ່ວນສຳຮອງ
redundancy check 	ການກວດກາຄວາມຜິດພາດໃນການສົ່ງຂໍ້ມູນ, ໃນການສື່ສານຂໍ້ມູນ ເປັນວິທີການກວດສອບຄວາມຖືກຕ້ອງຂໍ້ມູນໂດຍການເພີ່ມບິດ ຕໍ່ທ້າຍກຸ່ມຂໍ້ມູນທີ່ຕ້ອງການກວດສອບ
redundant character 	ອັກສອນເກີນ, ມີຄວາມໝາຍຄືກັບການກວດກາຕົວອັກສອນ
reengineering 	ຈຸດເລີ່ມຕົ້ນຂອງຂະບວນການປ່ຽນແປງໂຄງສ້າງລະບົບພາຍໃນອົງກອນທັງ ໝົດຈາກຮູບແບບເດີມ
reference book 	ໜັງສືອ້າງອີງ
Reference 	ສິ່ງທີ່ອ້າງອີງເຖິງ
Reflector 	 ຕົວສະທ້ອນ/ແຜ່ນສະທ້ອນ
Reformat 	ການກຳນົດຮູບແບບໃໝ່
Refresh 	ການຂຽນໜ້າຈໍໃໝ່, ເຊິ່ງມັກໃຊ້ເມື່ອມີການເຮັດວຽກບາງຢ່າງບໍ່ຖືກຕ້ອງໃຫ້ຂໍ້ຄວາມໃນຈໍພາບຜິດປົກກະຕິໄປ
refresh rate 	ອັດຕາການຂຽນໜ້າຈໍໃໝ່
refresher course 	ກິດຈະກຳທີ່ມຸ່ງໝາຍ ທີ່ຈະທົບທວນສົ່ງເສີມຄວາມຮູ້ທີ່ໄດ້ຮຽນມາແລ້ວທີ່ກຳລັງຈະລືມ ເນື່ອງຈາກບໍ່ໄດ້ໃຊ້ວຽກ
Register 	ຣີຈິດສະເຕີ, ບ່ອນເກັບຂໍ້ມູນຂະໜາດນ້ອຍໆ ຢູ່ໃນໄມໂຄຣໂປຣເຊັດເຊີຂອງຄອມພິວເຕີ, ຣີຈິດສະເຕີປະກອບດ້ວຍກຸ່ມຂອງ flip-flop ທີ່ເກັບບິດຂອງຂໍ້ມູນ ເພື່ອນຳມາໃຫ້ຄອມພິວເຕີປະມວນຜົນ
regression analysis 	ການວິເຄາະຄວາມທໍ້ຖອຍ
Reinstall 	ຂະບວນການຕິດຕັ້ງຄືນໃໝ່ ເນື່ອງຈາກການເກີດຄວາມຜິດປົກກະຕິຂຶ້ນ
relational operator 	ເຄື່ອງໝາຍຈຳພວກ &gt; ຫຼື &lt; ທີ່ກຳນົດການປະຕິບັດການລະຫວ່າງຕົວປ່ຽນ 2 ຕົວ
relative address 	ຕຳແໜ່ງທີ່ຢູ່ສຳພັນ, ເລກທີ່ຢູ່ສຳພັນ
relative reference 	ການອ້າງອີງແບບສຳພັນ
Relay 	ສະວິດເອເລັກໂຕຣນິກ, ການຮັບສົ່ງສັນຍານຈາກຈຸດໜຶ່ງໄປຫາອີກຈຸດໜຶ່ງ
Reliability 	ຄວາມເຊື່ອຖືໄດ້
reliability coefficient 	ສຳປະສິດຄວາມເຊື່ອຖືໄດ້
Reload 	ການບັນຈຸໃໝ່, ການຕິດຕັ້ງເຂົ້າໄປໃໝ່. ເບິ່ງ reinstall
remediation 	ກິດຈະກຳທີ່ຊ່ວຍໃຫ້ຜູ້ຮຽນຮູ້ທັກສະທີ່ຍັງບໍ່ເຄີຍຮຽນມາກ່ອນ ເພື່ອຫຼີກເວັ້ນຄວາມຜິດພາດໃນການຮຽນ
remote 	 ຣີໂມດ/ໄລຍະໄກ, ເຄື່ອງຄອມພິວເຕີ ທີ່ເຊື່ອມຕໍ່ເຂົ້າໄປຍັງເຄືອຂ່າຍຈາກໄລຍະໄກ
remote access 	ການເຂົ້າເຖິງໃນໄລຍະໄກ, ໝາຍເຖິງການເຂົ້າເຖິງລະບົບຂໍ້ມູນຂ່າວສານໃນໄລຍະໄກໄດ້
remote control 	ຣີໂມດຄອນໂທຣນ, ການຄວບຄຸມໄລຍະໄກໂດຍໃຊ້ສາຍ, ສຽງ, ແສງ ແລະ ຄື້ນວິທະຍຸ
remote imaging protocol 	ໂປຣໂຕຄອນທີ່ໃຊ້ໃນລະບົບສື່ສານ, ໂປຣໂຕຄອນໜຶ່ງ ທີ່ໃຊ້ຄວບຄຸມກຣາບຟິກ ຈາກໄລຍະໄກ
remote login 	ການລັອກອິນເຂົ້າໃຊ້ເຄື່ອງຄອມພິວເຕີຈາກໄລຍະໄກ
remote precedure call 	ການເອີ້ນໃຊ້ໂປຣແກຣມຍ່ອຍຈາກເຄື່ອງທີ່ຢູ່ໃນເຄືອຂ່າຍ ເພື່ອໃຫ້ເຮັດວຽກຮ່ວມກັນ
removable disk 	ແຜ່ນດິດທີ່ສາມາດຍ້າຍຈາກຊ່ອງໃສ່ແຜນດິດ ຫຼື ຈາກຄອມພິວເຕີໄດ້, ແຕ່ຄຳນີ້ ມັກໃຊ້ກັບແຜ່ນດິດທີ່ມີຄວາມຈຸສູງ ເຊັ່ນ ຮາດດິດ
remove 	ການກຳຈັດ, ການລຶບຊື່ຟາຍ ຫຼື ໄດເຣັກທໍຣີອອກໄປ
rename 	ການປ່ຽນຊື່ ເຊັ່ນ: ການປ່ຽນຊື່ຟາຍ, ໄດເຣັກທໍຣີ ແລະ ອື່ນໆ
repeat 	ການກຳນົດຈຸດເລີ່ມຕົ້ນຂອງການວົນຊ້ຳໃນໂປຣແກຣມ
repeater 	ອຸປະກອນໃຊ້ໃນລະບົບເຄືອຂ່າຍ, ເຮັດໜ້າທີ່ຂະຫຍາຍສັນຍານ
replication 	ການເຮັດຊ້ຳຄືນ ເປັນການເຮັດວິໄຈຂໍ້ເກົ່າຊ້ຳຄືນພາຍໄຕ້ເງື່ອນໄຂໃກ້ຄຽງກັນ ເພື່ອເບິ່ງວ່າ ຜົນທີ່ໄດ້ຮັບໃກ້ຄຽງກັນ ຫຼື ບໍ່
reply 	ການຂຽນຕອບ e-mail
report generator 	ໂປຣແກຣມສຳລັບເຮັດບົດລາຍງານ
request for comments 	ໃຊ້ຄຳຫຍໍ້ວ່າ RFC ເອກະສານ ຫຼື ຊຸດຂອງເອກະສານທາງເຕັກນິກທີ່ກ່ຽວຂ້ອງກັບການພັດທະນາໂປຣໂຕຄອນ ແລະ ມາດຕະຖານຕ່າງໆໃນອິນເຕີເນັດທີ່ໃຊ້ເປັນຄຳອະທິບາຍ ແລະ ຂໍ້ກຳນົດຊົ່ວຄາວ
request to send 	 ສັນຍານມາດຕະຖານ RS-232-C ກຳນົດຂຶ້ນເພື່ອສົ່ງຂໍ້ມູນ
requirement analysis 	ການວິເຄາະຄວາມຕ້ອງການ, ເປັນຂັ້ນຕອນໜຶ່ງໃນຂະບວນການພັດທະນາລະບົບ
Rerecording 	ການບັນທຶກຊ້ຳ
Rerun 	ການດຳເນີນການໃໝ່, ການໃຫ້ໂປຣແກຣມເລີ່ມຕົ້ນເຮັດວຽກໃໝ່
reserved word 	ຄຳສະຫງວນ, ເປັນຄຳ ຫຼື ລະຫັດໃດໆທີ່ໃຊ້ກັບວັດຖຸປະສົງສະເພາະ ເຊິ່ງຈະໃຊ້ກັບວັດຖຸປະສົງອື່ນໆບໍ່ໄດ້. ຄຳສະຫງວນນີ້ມີຢູ່ໃນພາສາໂປຣແກຣມລະບົບປະຕິບັດການ ແລະ ລະບົບງານບາງຢ່າງ ເຊັ່ນ ຄຳວ່າ COPY, DEL ແລະ REN ທັງໝົດນີ້ເປັນຄຳສັ່ງຂອງ DOS
Reset 	ຕັ້ງໃໝ່/ການຕັ້ງຕົ້ນໃໝ່
reset button 	ປຸ່ມທີ່ໃຊ້ສຳລັບປິດເປີດເຄື່ອງໃໝ່ ຫຼື ເລີ່ມຕົ້ນເຮັດວຽກໃໝ່
Resistance 	ຄ່າຄວາມຕ້ານທານ
Resolution 	ຄວາມລະອຽດ, ວິທີວັດແທກຄວາມລະອຽດຂອງພາບ
Resolve 	ການແປງທີ່ຢູ່ຂອງເຄື່ອງຈາກ IP address ໄປເປັນ Domain Name ແລະ ກັບກັນ
Resource 	ແຫຼ່ງຈ່າຍໄຟ/ແຫຼ່ງຂໍ້ມູນ, ຊັບພະຍາກອນທີ່ໃຊ້ໃນຄອມພິວເຕີ ເຊັ່ນ ເຄື່ອງພິມ, ຈໍພາບ ເປັນຕົ້ນ
resource based learning 	ລະບົບການຮຽນຮູ້ດ້ວຍຕົນເອງ ໂດຍອາໄສອຸປະກອນການຮຽນຮູ້ດ້ວຍຕົນເອງ
resource fork 	ສ່ວນໜຶ່ງຂອງຟາຍທີ່ເກັບລະຫັດການເຮັດວຽກ, ເມນູ, ຂອບສົນທະນາ, ຟອນ ແລະ ໄອຄອນສໍາລັບໂປຣແກຣມທີ່ນໍາໄປໃຊ້ ແຕ່ຟາຍທຸກຟາຍບໍ່ໄດ້ມີ resource fork
respondent conditioning 	 ການວາງເງື່ອນໄຂແບບຕອບສະໜອງ
response 	ຕອບໂຕ້, ຕອບສະໜອງ ການຕອບສະໜອງ/ກິລິຍາການຕອບສະໜອງ
response analysis 	ການວິເຄາະປະຕິກິລິຍາຂອງການຕອບສະໜອງ
response frames 	ຂອບເຂດຂອງການຕອບສະໜອງ
response time 	ໄລຍະເວລາລະຫວ່າງຈຸດສົ່ງຄຳຂໍ ແລະ ຈຸດໄດ້ຮັບຂໍ້ມູນ
restart 	ເລີ່ມເຮັດວຽກໃໝ່/ເລີ່ມດຳເນີນການໃໝ່
restore 	ການນຳກັບຄືນມາ, ການກັບໄປສູ່ສະພາບປົກກະຕິ
retrieve 	ການດຶງຂໍ້ມູນ ຫຼື ເປີດຟາຍ
Return key 	ປຸ່ມ return ເຮັດວຽກຄືກັບປຸ່ມ Enter ແຕ່ໄດ້ຊື່ນີ້ມາຈາກປຸ່ມ carriage return ໃນເຄື່ອງພິມດີດ. ປັດຈຸບັນມີຢູ່ໃນແປ້ນພິມຂອງເຄື່ອງ Macintosh
return path 	ທີ່ຢູ່ໃນສ່ວນຫົວ e-mail, ເຊິ່ງເປັນທີ່ຢູ່ຂອງເຈົ້າຂອງຈົດໝາຍ ເພື່ອໃຊ້ຕອບຈົດໝາຍກັບ
reversal film 	ຟີມທີ່ຖ່າຍແລ້ວສາມາດເອົາມາລ້າງ ເພື່ອສ້າງພາບໂພຊິທີບໃນແຜ່ນຟີມນັ້ນໄດ້
reversal print 	ຟີມທີ່ປາກົດພາບໂພຊິທີບທີ່ເກີດຈາກການຖ່າຍ ແລະ ລ້າງໂດຍບໍ່ໄດ້ໃຊ້ຟີມເນກາທີບໃດໜຶ່ງຂະບວນການ
reversal process 	ກຳມະວິທີປີ້ນກັບ, ເປັນການສ້າງພາບໂພຊິທີບໂດຍກົງໂດຍບໍ່ໃຊ້ຟີມເນກາທີບ
reverse action 	 ການສະແດງປີ້ນກັບ, ເປັນການສະແດງທີ່ເກີດຂຶ້ນໃນຈໍ ເຊິ່ງເກີດຂຶ້ນແບບກັບຫຼັງ
reverse engineer 	ກະບວນການວິສາວະກຳທີ່ປີ້ນກັບຄືນ, ການກະທຳໂດຍການອອກແບບໃໝ່ຈາກຜົນຮັບທີ່ເຫັນແລ້ວ
reverse video 	ພາວະການສະແດງຜົນໃນຈໍແບບສີດຽວ ທີ່ໃຊ້ເພື່ອເນັ້ນຕົວອັກສອນໃນຈໍພາບດ້ວຍການປັບສີເບື້ອງໜ້າ ແລະ ເບື້ອງຫຼັງສາກໃຫ້ກົງກັນຂ້າມກັບສະພາວະປົກກະຕິ
revision control 	ເຄື່ອງມືຊ່ວຍພັດທະນາໂປຣແກຣມ ເພື່ອເກັບການປ່ຽນແປງແກ້ໄຂລະຫັດຕົ້ນສະບັບ ເພື່ອຄວາມຕໍ່ເນື່ອງໃນການພັດທະນາຊອບແວ
ribb0n cable 	ສາຍເຄເບິນຂອງຄອມພິວເຕີຊະນິດໜຶ່ງ ເຊິ່ງເປັນສັນຍານຄືກັບ ribb0n. ສາຍນີ້ມັກໃຊ້ກັບເຄື່ອງຄອມພິວເຕີ ເຊັ່ນ ສາຍຕໍ່ກັບຊ່ອງໃສ່ດິດ
Rich Text Format 	ໃຊ້ຄຳຫຍໍ້ວ່າ RTF, ຮູບແບບຟາຍເອກະສານປະເພດໜຶ່ງທີ່ອ່ານໄດ້ໂດຍເວີດໂປຣເຊັດເຊີທີ່ນິຍົມໃຊ້ກັນຫຼາຍ ພັດທະນາໂດຍໄມໂຄຣຊອບເຊິ່ງບໍ່ຕ້ອງໃຊ້ຄຳສັ່ງພິເສດເຂົ້າໄປໃນຟາຍ
rigth justify 	ຈັດດ້ານຂວາເອກະສານໃຫ້ພຽງກັນ
ring network 	ເຄືອຂ່າຍແບບວົງແຫວນ
ring topology 	ຮູບແບບການເຊື່ອມຕໍ່ຄອມພິວເຕີເປັນເຄືອຂ່າຍແບບວົງແຫວນ
robopost 	ການສົ່ງຂ່າວແບບອັດຕະໂນມັດໂດຍໃຊ້ໂປຣແກຣມ bot
robot 	ຫຸ່ນຍົນ, ກົນໄກອັດຕະໂນມັດທີ່ຈຳລອງ ຫຼື ສ້າງຂຶ້ນມາເພື່ອໃຊ້ວຽກແທນມະນຸດ
robotics 	 ການສຶກສາ ຫຼື ລະບົບວຽກງານທີ່ກ່ຽວຂ້ອງກັບຫຸ່ນຍົນ
robust 	ຄວາມໜ້າເຊື່ອຖື/ເຊື່ອຖືໄດ້/ກັນຜິດພາດ/ທົນທານ, ໃຊ້ອ້າງອິງເຖິງຊອບແວ ຫຼື ຮາດແວ ທີ່ເຮັດວຽກໄດ້ຢ່າງໜ້າເຊື່ອຖືໂດຍບໍ່ມີອາການຜິດປົກກະຕິ ຫຼື ຖ້າຜິດປົກກະຕິກໍສາມາດກັບເຂົ້າສູ່ສະພາວະປົກກະຕິໄດ້ງ່າຍ
ROM 	ເບິ່ງ Read Only Memory
root 	ຜູ້ໃຊ້ຄົນສຳຄັນທີ່ສຸດໃນຍູນິກເອີ້ນວ່າ root user, ເປັນຊື່ບັນຊີພິເສດທີ່ໃຫ້ເຂົ້າໄປໃຊ້ທຸກຄຳສັ່ງໄດ້ທັງໝົດ ລວມທັງໄດເຣັກທໍຣີ ແລະ ທີ່ເປັນຄວາມລັບໃນຄອມພິວເຕີ
rotary bunt 	ການໝູນໂທລະສັບແບບຄົ້ນຫາເບີວ່າງແບບອັດຕະໂນມັດ
rotary magazine 	ຖາດໃສ່ຟີມສະໄລສຳລັບເຄື່ອງສາຍແບບອັດຕະໂນມັດ
Rotate 	ໝູນ/ປິ່ນ
rough cut 	ການຕັດຕໍ່ລຳດັບພາບຟີມຮູບເງົາໃນຂັ້ນທີຕອນສອງແບບຍັງບໍ່ທັນສົມບູນເທື່ອ
rounding error 	ຂໍ້ຜິດພາດພຽງເລັກນ້ອຍທີ່ເກີດຂຶ້ນ ເມື່ອຄອມພິວເຕີແປງຄ່າເລກຖານສິບເປັນຖານສອງເພື່ອໃຊ້ປະມວນຜົນພາຍໃນ
round-table discussion 	ການປະຊຸມສົນທະນາໂຕະມົນ ເຊິ່ງບໍ່ສາມາດບັນທຶກຕຳແໜ່ງຂອງຜູ້ເຂົ້າຮ່ວມໃນທີ່ປະຊຸມ
route 	ເສັ້ນທາງ, ເສັ້ນທາງທີ່ສົ່ງຂໍ້ມູນຈາກຈຸດໜຶ່ງໄປຫາອີກຈຸດໜຶ່ງ
router 	ເຣົາເຕີ, ອຸປະກອນຈັດເສັ້ນທາງ, ອຸປະກອນເຊື່ອມຕໍ່ໃນລະບົບເຄືອຂ່າຍສອງລະບົບຂຶ້ນໄປ ທີ່ມີຄວາມສະຫຼາດສູງໃນການຫາເສັ້ນທາງເພື່ອສົ່ງຂໍ້ມູນ
routine 	 ໂປຣແກຣມສະເພາະງານ, ໂປຣແກຣມຍ່ອຍ, ຊຸດຄຳສັ່ງປະຈຳ
routing 	ການເລືອກເສັ້ນທາງໃນເຄືອຂ່າຍເພື່ອການສົ່ງຂໍ້ມູນ
routing table 	ຕາຕະລາງເກັບຂໍ້ມູນເສັ້ນທາງໃນເຣົາເຕີ ເພື່ອການເຊື່ອມຕໍ່ເຄືອຂ່າຍ
row 	ແຖວ
ruler line 	ເສັ້ນໄມ້ບັນທັດ, ແຖບໃຊ້ກຳນົດໄລຍະວັດແທກຂະໜາດ, ກຳນົດຂະໜາດຂອບ ຫຍໍ້ໜ້າ ເຊິ່ງແຖບນີ້ຈະປາກົດຢູ່ດ້ານເທິງ ແລະ ດ້ານຊ້າຍຂອງຈໍພາບ, ຈະພົບໄດ້ໃນໂປຣແກຣມເວີດ, ໂປຣແກຣມຈັດໜ້າ ເປັນຕົ້ນ
rumble 	ຄ້າຍຄືກັບສຽງຄາງ, ສຽງທີ່ບໍ່ຕ້ອງການ ເຊິ່ງສ່ວນຫຼາຍມີລັກສະນະ ໃນຄວາມຖີ່ຕ່ຳ ປົກກະຕິຈະມັກເກີດຂຶ້ນກັບເຄື່ອງຫຼິ້ນແຜ່ນສຽງ
run 	ແລ່ນ, ສັ່ງໃຫ້ເຮັດວຽກ. ການເຮັດວຽກ ຫຼື ໃຊ້ວຽກໂປຣແກຣມ
run time 	ເວລາທີ່ໂປຣແກຣມໃຊ້ວຽກ
run-time error 	ຂໍ້ຜິດພາດທີ່ເກີດຂຶ້ນເມື່ອໂປຣແກຣມເຮັດວຽກ
quad speed CD-ROM 	 ຊ່ອງຊີດີຣອມທີ່ໝູນດ້ວຍຄວາມໄວ 4 ເທົ່າຂອງຊ່ອງຊີດີຣອມມາດຕະຖານ
quality control 	ການຄວບຄຸມຄຸນນະພາບ ເພື່ອໃຫ້ສາມາດປ່ຽນແປງຜົນຂອງການປະຕິບັດການໄດ້ຕາມຄາດໝາຍທີ່ໄດ້ວາງໄວ້
quantity 	ບອກປະລິມານ/ບອກຈຳນວນເປັນຕົວເລກ
quantization 	ການຈັດລະດັບ, ການແບ່ງຊ່ວງລະດັບຂອງຄ່າຕົວປ່ຽນອອກເປັນກຸ່ມ
quantum 	ໜ່ວຍທີ່ນ້ອຍສຸດ, ໃນເລື່ອງຂອງການສື່ສານຈະໝາຍເຖິງແພັກເກັດຂໍ້ມູນ ເຊິ່ງເປັນຜົນມາຈາກສັນຍານທີ່ຖືກ quantized
quasi-instruction 	ຄຳສັ່ງຄ້າຍຄື
query language 	ໃຊ້ຄຳຫຍໍ້ວ່າ QL, ພາສາສືບຄົ້ນ, ເປັນພາສາໂປຣແກຣມໃນລະບົບຈັດການຖານຂໍ້ມູນທີ່ໃຫ້ຜູ້ໃຊ້ແຍກ ແລະ ສະແດງຜົນຂໍ້ມູນທີ່ຕ້ອງການອອກມາຈາກຖານຂໍ້ມູນ
queue 	ການຈັດລຳດັບ, ການຮວບຮວມເອກະສານ ຫຼື ຟາຍທີ່ຖືກຈັດລຳດັບເວລາຂອງການພິມ ຫຼື ປະມວນຜົນ ເຊັ່ນ print queue ເປັນທີ່ຮວບຮວມເອກະສານທີ່ລໍຖ້າພິມ
quick format 	ການຈັດຮູບແບບໄວ
packet switching 	 ວິທີການເຄື່ອນຍ້າຍຂໍ້ມູນໃນເຄືອຂ່າຍອິນນເຕີເນັດ ເຊິ່ງຂໍ້ມູນດັ່ງກ່າວຈະຖືກແຍກອອກເປັນຊຸດ ແຕ່ລະຊຸດຈະມີເລກບອກຕຳແໜ່ງ
Package 	ໂປຣແກຣມສຳເລັດຮູບ, ຊຸດຄຳສັ່ງສຳເລັດເພື່ອຈຸດປະສົງສະເພາະ
packet assembler/disassembler 	ຕົວລວມ/ຕົວຖອນແຍກຊຸດຂໍ້ມູນ
Packet internet Grouper 	ໃຊ້ຄຳຫຍໍ້ວ່າ ping, ໂປຣແກຣມທີ່ໃຊ້ໃນການທົດລອງສອບຖາມເຊື່ອມຕໍ່ກັບເຄືອຂ່າຍດ້ວຍການສົ່ງ packet ທົດສອບພິເສດໄປຫາໂຫນດທີ່ຕ້ອງການ
packet radio 	ການໃຊ້ສັນຍານວິທະຍຸໃນການສົ່ງກຸ່ມຂອງຂໍ້ມູນ ເຊິ່ງເປັນວິທີການທີ່ນຳມາສູ່ການເຊື່ອມຕໍ່ຄອມພິວເຕີແບບບໍ່ມີສາຍ
packet sniffer 	ຜູ້ເຊິ່ງພະຍາຍາມດັກຈັບແພັກເກດເພື່ອລັກຂໍ້ມູນໄປໃຊ້
packet switching network 	ເຄືອຂ່າຍແບບສະຫຼັບຊຸດຂໍ້ມູນ
Packetized Ensemble Protocol 	ໂປຣໂຕຄອນໃຊ້ສະເພາະໃນໂມເດັມໃນຍີ່ຫໍ້ເທເລບິດ
packing dencity 	ຄວາມໜາແໜ້ນຂອງການບັນຈຸຂໍ້ມູນ, ຄວາມຈຸຂໍ້ມູນຂອງການບັນທຶກຕໍ່ໜຶ່ງ ໜ່ວຍ ເຊັ່ນ ຈໍານວນບິດຕໍ່ຄວາມຍາວໜຶ່ງໜ່ວຍ
padding 	ການເສີມ ຫຼື ການເພີ່ມຂໍ້ມູນໃຫ້ຄົບເຕັມຕາມຈຳນວນ
paddle 	ອຸປະກອນການນຳເຂົ້າຂໍ້ມູນ, ຮູບຮ່າງຄ້າຍຄືຈອຍສະຕິກ ມັກໃຊ້ກັບຄອມພິວເຕີ ແລະ ວິດີໂອເກມ
page layout software 	ຊອບແວທີ່ຖືກອອກແບບສຳລັບການຈັດໜ້າເອກະສານ
pagejack 	ສະຖານະການ ທີ່ຜູ້ໃຊ້ອິນເຕີເນັດເຂົ້າໄປໃນເວັບໄຊໜຶ່ງ ແຕ່ເມື່ອປ່ຽນໄປເວັບໄຊອື່ນ, ພັດຖືກດຶງເຂົ້າໄປເວັບໄຊເກົ່າອີກ ແລະ ບໍ່ສາມາດອອກຈາກເວັບໄຊນັ້ນໄດ້ ເຖິງວ່າຈະປ່ຽນທີ່ຢູ່ກໍຕາມ
pages per minute 	 ໃຊ້ຄຳຫຍໍ້ວ່າ ppm, ຈຳນວນໜ້າຕໍ່ນາທີຂອງການພິມ
paging network 	ເຄືອຂ່າຍໂທລະສັບຕິດຕາມຕົວ
Paging program 	ໂປຣແກຣມທີ່ໃຊ້ສະແດງຜົນຂໍ້ມູນຄັ້ງລະໃນຈໍພາບ
Palett 	ການເລືອກເມັດສີທີ່ມີຢູ່ໃນໂປຣແກຣມທາສີ ຫຼື ຮູບພາບພາເລັດ
palmtop computer 	ຄອມພິວເຕີແບບເຄື່ອນຍ້າຍໄດ້ ເຊິ່ງມີຂະໜາດນ້ອຍຈົນສາມາດຖືໃນມືໄດ້ ໃຊ້ພະລັງງານຈາກແບັດເຕີຣີ ແລະ ບາງເທື່ອເອີ້ນວ່າ palm
pan-and-tilt head 	ຫົວປັບເພື່ອກວດ ຊ້າຍ-ຂວາ ຫຼື ກົ້ມ-ເງີຍ
Panel 	ແຜງ
panoramic 	ພາບຈໍກ້ວາງ ຫຼື ພາບເກີດຈາກການຕໍ່ພາບຮູບເງົາແຕ່ສອງພາບຂຶ້ນໄປສາຍລົງໜ້າຈໍດຽວກັນ
pansemic 	ໝາຍເຖິງຄຳ ຫຼື ຮູບພາບທີ່ມີຄວາມໝາຍໄດ້ຫຼາຍຢ່າງ
paper jam 	ການຕິດຄ້າງຂອງເຈ້ຍ/ເຈ້ຍຕິດຄ້າງ
paper-white B/W VGA monitor 	ມໍນີເຕີແບບ VGA ທີ່ມີຈໍສະແດງຜົນປະມານໄດ້ກັບຄວາມຂາວຂອງເຈ້ຍ, ໃຫ້ຂໍ້ຄວາມສີດຳ ແລະ ມີກຣາບຟິກຢູ່ກັບຂໍ້ຄວາມດ້ວຍ
parabolic antenna 	ສາຍອາກາດແບບປາຣາໂບນລາ
parabolic reflector microphone 	ໄມໂຄຣໂຟນ ຊະນິດຮັບສຽງຮອບທິດທາງສາມາດຮັບສຽງໄລຍະທາງໄກຈາກແຜ່ນສະທ້ອນສຽງ
paradigm shift 	ການປ່ຽນວິທີຄິດ ຫຼື ຂອບເຂດຄວາມຄິດເດີມໄປສູ່ຄວາມຄິດໃໝ່
parallax 	ຂໍ້ແຕກຕ່າງລະຫວ່າງຕຳແໜ່ງຂອງວັດຖຸຕັ້ງ ເມື່ອແນມເບິ່ງຜ່ານຊ່ອງເບິ່ງພາບໄປຫາສາກທີ່ວັດຖຸຕັ້ງຢູ່ ກັບພາບທີ່ຖືກຖ່າຍບັນທຶກລົງໃນຟີມຜ່ານເລນ
parallel cable/parallel port 	ສາຍເຄເບິນໃຊ້ເຊື່ອມຕໍ່ອຸປະກອນພາຍນອກຜ່ານພອດຂະໜານ
parallel communications 	 ການສົ່ງຂໍ້ມູນຈາກຄອມພິວເຕີໄປຫາຄອມພິວເຕີ ຫຼື ຈາກຄອມພິວເຕີໄປຫາອຸປະກອນຕໍ່ພວງ ໂດຍທີ່ທຸກບິດທີ່ປະກອບເປັນຕົວອັກສອນຈະສົ່ງໄປພ້ອມໆກັນ
parent node 	ຈຸດເຊື່ອມຕໍ່/ຂໍ້ຕໍ່ຕົວຫຼັກ
parity check 	ການກວດສອບຄວາມຖືກຕ້ອງຂອງຂໍ້ມູນໃນການສົ່ງ ແລະ ຮັບ
parity error 	ຄວາມຜິດພາດພາຣິຕີ້, ຄວາມຜິດພາດທີ່ກວດພົບໃນການຖ່າຍໂອນຂໍ້ມູນທີ່ໃຊ້ພາຣິຕີ້ກວດສອບ
part time study 	ການຮຽນໃນສະຖາບັນການສຶກສາແບບນອກເວລາປົກກະຕິ
participatory method 	ວິທີການສຶກສາຂອງນັກສຶກສາທີ່ເນັ້ນໃຫ້ນັກສຶກສາມີສ່ວນຮ່ວມໃນກິດຈະກຳທີ່ກ່ຽວຂ້ອງ
passband 	ແຖບຄວາມຖີ່ຜ່ານ
passive 	ອຸປະກອນທີ່ບໍ່ຕ້ອງການແຫຼ່ງໄຟ ຫຼື ຕົວຂະຫຍາຍ
passive device 	ອຸປະກອນ passive
passive hub 	ອຸປະກອນທີ່ເຮັດໜ້າທີ່ເຊື່ອມຕໍ່ຈາກຄອມພິວເຕີ, ອຸປະກອນນີ້ຈະຮັບສົ່ງສັນຍານກັບຄອມພິວເຕີໂດຍບໍ່ມີການຂະຫຍາຍສັນຍານ
password 	ລະຫັດຜ່ານ, ນິຍົມໃຊ້ກັບເຄືອຂ່າຍຄອມພິວເຕີທີ່ຕ້ອງໃຊ້ລະຫັດຜ່ານໃນການເຂົ້າໄປໃນສ່ວນຕ່າງໆ
patch cord 	ສາຍເຄເບິນທີ່ມີຫົວຕໍ່ ຫຼື ຂາປັກສຽບທັງສອງເບື້ອງ ທີ່ໃຊ້ຄູ່ກັບ patch panel
patch panel 	ແຜງສຳລັບໃຊ້ເປັນບ່ອນພັກສາຍກ່ອນທີ່ເຊື່ອມເຂົ້າໃນເຄືອຂ່າຍ
patch name 	ຊື່ເສັ້ນທາງ, ເສັ້ນທາງທີ່ຄອມພິວເຕີເອົາມາໃຊ້ຊອກຫາຟາຍທີ່ຕ້ອງການ ອະທິບາຍໃນລາຍລະອຽດ
pattern 	 ແບບ/ຮູບແບບ/ແບບຢ່າງ
pattern recognition 	ການໃຊ້ຄອມພິວເຕີໃນການຈົດຈຳຮູບແບບ
pay per view 	ຈ່າຍເງິນເພື່ອຮັບຊົມ(ມີໃຊ້ໃນລະບົບ Multimedia ເຊັ່ນ: cable TV)
pdf 	ຮູບແບບຟາຍ pdf (pdf ຫຍໍ້ມາຈາກProtable Document Format) ພັດທະນາໂດຍບໍລິສັດ Adope (ເບິ່ງAcrobat)
peak 	ຍອດ/ສູງສຸດ
peak hour 	ຊົ່ວໂມງທີ່ມີການໃຊ້ສູງສຸດ
peak load 	ປະລິມານທີ່ມີການໃຊ້ສູງສຸດ
peak rate 	ອັດຕາສູງສຸດ
peak to peak 	ໄລຍະຈາກຈຸດສູງສຸດຫາຈຸດຕ່ຳສຸດ
peek 	ຄຳສັ່ງໃນພາສາເບສິກ ທີ່ໃຫ້ຜູ້ໃຊ້ເບິ່ງຂໍ້ມູນໃນໜ່ວຍຄວາມຈຳຕາມຕຳແໜ່ງນັ້ນໄດ້ຕາມຕ້ອງການ
peer 	ຄອມພິວເຕີໃນເຄືອຂ່າຍ ເຊິ່ງເຮັດໜ້າທີ່ໃນລະດັບທີ່ເທົ່າທຽມກັບຄອມພິວເຕີໃນເຄືອຂ່າຍ
peer to peer 	ເທັກໂນໂລຢີເຄືອຂ່າຍທີ່ຄອມພິວເຕີທຸກໃນເຄືອຂ່າຍມີສິດເທົ່າທຽມກັນ
peer teaching 	ການສອນລະຫວ່າງໝູ່ເພື່ອນ
pegasus mail 	ໂປຣແກຣມ e-mail ສຳລັບເຄືອຂ່າຍພີຊີ ແລະ Macintoshເຊິ່ງໃຫ້ໄດ້ໂດຍບໍ່ຄິດຄ່າ
pel 	ຈຸດພາບ, ຫຍໍ້ມາຈາກ picture element
pen plotter 	ເຄື່ອງພະລັອດທີ່ໃຊ້ປາກກາແຕ້ມ
peopleware 	ບຸກຄະລາກອນ/ພາກສ່ວນບຸກຄະລາກອນ
perfect information 	ຂໍ້ມູນທີ່ສາມາດຄາດການໄດ້ເຖິງຜົນທີ່ຈະເກີດຂຶ້ນຢ່າງຖືກຕ້ອງ
perforations 	ຮູສຳລັບແຂ້ວເຟືອງໝູນດຶງຢູ່ໃນດ້ານຂ້າງຂອງຟີມເພື່ອສາມາດເຮັດໃຫ້ຟີມສາມາດກໍ້ໄດ້
performance 	 ສະມັດຕະພາບ, ການກະທຳ, ການປະກອບໜ້າທີ່
performance objective 	ການລະບຸລັກສະນະຈຳເພາະຂອງການຮຽນຮູ້ທີ່ແນ່ນອນ, ການລະບຸວັດຖຸປະສົງທີ່ແນ່ນອນ
performance right 	ສິດທິທີ່ຈະອະນຸຍາດໃຫ້ສະແດງຜົນງານໂດຍການກະທຳ
performance-based Instruction 	ການສອນໂດຍອີງໃສ່ຄວາມສາມາດເປັນກົດເກນ
performance-based teacher education 	ການຝຶກຫັດຄູ ທີ່ເນັ້ນເຖິງການສະແດງອອກດ້ານຄວາມສາມາດຢ່າງຊັດເຈນ
performance-based test 	ການທົດສອບສະມັດທະພາບໂດຍອີງຕາມຄວາມສາມາດ
peripheral equipment 	ອຸປະກອນອ້ອມຂ້າງ ເຊັ່ນ ເຄື່ອງພິມ, ສະແກນນເນີ
peripheralitis 	ການຈັດຄຸນສົມບັດທີ່ບໍ່ເປັນລະບຽບ ໂດຍມີອຸປະກອນປະກອບຫຼາຍເກີນໄປ ແລະ ບໍ່ມີບ່ອນຈະສຽບອຸປະກອນເຂົ້າໄປອີກ
permanent storage 	ອຸປະກອນຈັດເກັບແບບຖາວອນ, ຂໍ້ມູນທີ່ເກັບໄວ້ຈະບໍ່ເສຍໄປເມື່ອປິດເຄື່ອງຄອມພິວເຕີ
permanent virtual circuit 	ວົງຈອນທີ່ຈຳລອງຂຶ້ນມາໃຫ້ຄືຈິງແບບຖາວອນ
permission 	ສິດ, ການໄດ້ຮັບອະນຸຍາດ, ເຊັ່ນ ສິດໃນການໃຊ້ວຽກ ຫຼື ແກ້ໄຂໄດ້
personal communication service 	ບໍລິການສື່ສານສ່ວນບຸກຄົນ
personal communication telephone 	 ໂທລະສັບພື້ນຖານໃຊ້ນອກສະຖານທີ່, ໂທລະສັບພື້ນຖານສວ່ນບຸກຄົນ
personal computer 	ຄອມພິວເຕີສ່ວນບຸກຄົນ, ໃຊ້ຄຳຫຍໍ້ວ່າ pc, ຄອມພິວເຕີທີ່ຖືກອອກແບບມາສຳລັບໃຊ້ພຽງຄົນດຽວ
Personal Computer Memmory Card International Association 	ໃຊ້ຄຳຫຍໍ້ວ່າ PCMCIA, ຊື່ຂອງສະມາຄົມແຜ່ນຄວາມຈຳຄອມພິວເຕີສ່ວນບຸກຄົນລະຫວ່າງປະເທດ
personal cordless telephone 	ໂທລະສັບແບບບໍ່ມີສາຍສ່ວນບຸກຄົນ
personal digital assistant 	ເຄື່ອງຊ່ວຍວຽກສ່ວນບຸກຄົນແບບດິຈິຕອນ
personal digital communication 	ການສື່ສານສ່ວນບຸກຄົນແບບດິຈິຕອນ
Personal Finance Software 	ຊອບແວບໍລິຫານການເງິນສ່ວນບຸກຄົນ, ໃຊ້ຄຳຫຍໍ້ວ່າ PFS ອອກແບບມາເພື່ອໃຊ້ໃນການວາງແຜນ, ການບັນທຶກລາຍຮັບ ແລະ ລາຍຈ່າຍ
personal handy-phone system 	ໃຊ້ຄຳຫຍໍ້ວ່າ PHS, ລະບົບໂທລະສັບແບບບໍ່ມີສາຍສ່ວນບຸກຄົນ
Personal Identification Number 	ລະຫັດປະຈຳຕົວ, ໃຊ້ຄຳຫຍໍ້ວ່າ PIN
Personal Information System 	ລະບົບຂໍ້ມູນຂ່າວສານສ່ວນບຸກຄົນ, ໃຊ້ຄຳຫຍໍ້ວ່າ PIS
personal integer number 	 ລະຫັດຕົວເລກທີ່ໃຊ້ລະບຸຄວາມເປັນເຈົ້າຂອງ
Personalized System of Instruction 	ລະບົບການສອນສ່ວນບຸກຄົນ, ໃຊ້ຄຳຫຍໍ້ວ່າ PSI
Perspective 	ຈຸດຂອງການເບິ່ງ
phase reversal 	ການປີ້ນເຟດ, ການປ່ຽນແປງຮູບແບບ ຫຼື ລັກສະນະຂອງສັນຍານ
phase-change technology 	ເຕັກໂນໂລຊີການປ່ຽນເຟດ
phone card 	ບັດໂທລະສັບ
phone plug 	ບ່ອນເຊື່ອມຕໍ່ຂອງຫູຟັງໂທລະສັບ ຫຼືໄມໂຄຣໂຟນທີ່່ສຽບກັບຂາປັກສຽບໄດ້
photocomposing 	ການປະກອບພາບ
photocopy 	ການຖ່າຍສຳເນົາ
photogrammetry 	ການເຮັດແຜນທີ່ຈາກພາບຖ່າຍທາງອາກາດ
photography 	ການຖ່າຍຮູບ
photo-montage 	ການປະກອບພາບຊ້ອນ
physical device 	ອຸປະກອນຈິງທາງຖ່າຍພາບທີ່ມາພ້ອມກັບເຄື່ອງຄອມພິວເຕີ
physical drive 	ຊ່ອງໃສ່ແຜ່ນດິດທາງຖ່າຍພາບ, ຟະລັອບປີດິດຈິງທີ່ຜູ້ໃຊ້ ໃຊ້ຂຽນ ແລະ ອ່ານ
physical layer 	ເປັນຊັ້ນທຳອິດ ແລະ ຢູ່ລຸ່ມສຸດໃນ 7 ເລເຢີໃນມາດຕະຖານຂອງ ISO/OSI ມີໜ້າທີ່ກຳນົດຂະບວນການທາງກາຍະພາບ, ທາງເອເລັກໂຕຣນິກ, ກົນໄກ ແລະ ໜ້າທີ່ຕ່າງໆ ເພື່ອໃຊ້ເຊື່ອມຕໍ່ອຸປະກອນ
pick tool 	 ຮູບຮ່າງແບບລູກສອນຂອງ mouse
pick-up arm 	ກ້ານຫົວອ່ານເຄື່ອຫຼິ້ນສຽງ ທີ່ປາຍດ້ານໜຶ່ງໝຸນໄດ້ ແລະ ອີກຂ້າງໜຶ່ງຕິດກັບເຂັມທີ່ໄປຕາມຮ່ອງຂອງແຜ່ນສຽງ
picture element 	ຈຸດພາບ
picture phone 	ໂທລະສັບແບບເຫັນພາບພ້ອມ
picture tube 	ຫຼອດພາບ, ເຊິ່ງອອກແບບສຳລັບການສ້າງພາບໃນຈໍໂທລະທັດ
piggyback board 	ແຜ່ນວົງຈອນພິມຂະໜາດນ້ອຍ ທີ່ໃຊ້ສຳລັບເພີ່ມປະສິດທິພາບຂອງແຜ່ນວົງຈອນອື່ນ ໂດຍປະກອບຊ້ອນກັນກັບແຜ່ນວົງຈອນພິມນ້ອຍ
pilot light 	ໄຟສະແດງສະຖານະການ, ແສງໄຟຟ້າທີ່ສະແດງສະຖານະຂອງຕຳແໜ່ງສະວິດ ຫຼື ຕົວຕັດວົງຈອນ ເຊິ່ງສະແດງວ່າໂມເຕີກຳລັງເຮັດວຽກ
pilot system 	ລະບົບນຳທາງ
pin board 	ແຜ່ນສຳລັບສຽບຊິມ, ຄວາມໝາຍດຽວກັບ plug board
pinch rooler 	ກົງລໍ້ຂັບເຄື່ອນເສັ້ນເທັບ
pin 	ໂປຣແກຣມ e-mail ທີ່ສ້າງຂຶ້ນເພື່ອເຜີຍແຜ່ໂດຍບໍ່ຄິດລາຄາ
pin-phone 	ບັດໂທລະສັບຊະນິດໜຶ່ງ
pixel 	ຈຸດພາບ, ຈຸດພາບທີ່ນ້ອຍສຸດທີ່ປາກົດໃນຈໍສະແດງພາບ
pixelate 	ມີຄວາມໝາຍຄືກັບ pixelize
pixelize 	ເຄື່ອງມືໃນໂປຣແກຣມຕົບແຕ່ງຮູບພາບ
plain old telephone service 	ໃຊ້ຄຳຫຍໍ້ວ່າ POTS, ບໍລິການໂທລະສັບແບບພື້ນຖານ
planning programming budgeting system 	 ລະບົບການວາງແຜນ ແລະ ວິທີຄວບຄຸມການປະຕິບັດໂດຍມຸ່ງໝາຍຜົນຜະລິດສູງສຸດ ເພື່ອເໝາະສົມກັບຊັບພະຍາກອນ ແລະ ວິທີທີ່ເລືອກໄວ້ແລ້ວ
platen 	ໃນເຄື່ອງພິມແບບດັອດມາຕຣິກ ແລະ daisy wheel ໝາຍເຖິງລູກລໍ້ຍາວບາງໆ ຈະເປັນຕົວນຳເຈ້ຍເຂົ້າໄປໃນເຄື່ອງພິມ
playback head 	ຫົວອ່ານ, ເປັນອຸປະກອນທີ່ໃຊ້ເຮັດໃຫ້ເກີດສຽງທີ່ັບນທຶກໄວ້ດ້ວຍສິ່ງໃດໜຶ່ງ
plesiochronous 	ເກືອບປະສານຈັງຫວະຂອງເວລາ
plesiochronous digital hierarchy 	ລຳດັບຊັ້ນກາງສົ່ງສັນຍານດິຈິຕອນແບບເກືອບປະສານຈັງຫວະຂອງເວລາ
plotter 	ເຄື່ອງແຕ້ມ/ພລັອດເຕີ, ໝາຍເຖິງອຸປະກອນທີ່ເຮັດວຽກຮ່ວມກັບຄອມພິວເຕີ ຕາມຄຳສັ່ງທີ່ສົ່ງມາໃຫ້, ພລັອດເຕີນີ້ໃຊ້ວຽກໃນການແຕ້ມຮູບກຣາບຟິກ
plug board 	ແຜ່ນສຳລັບສຽບຊິມ
plug-and-play 	ຕໍ່ແລ້ວໃຊ້/ສຽບແລ້ວໃຊ້ວຽກ
plug-in 	ເປັນໂປຣແກຣມ Browser ເຊິ່ງໃຊ້ສຽບຕໍ່ plug-into ເຂົ້າກັບ Web Browser ຂອງຄອມພິວເຕີສ່ວນບຸກຄົນ ເຮັດໃຫ້ມີສະມັດຕະພາບສູງຂຶ້ນ
plug-in program 	ໂປຣແກຣມເສີມ, ໃຊ້ໄວ້ເພີ່ມຄວາມສາມາດຂອງໂປຣແກຣມຫຼັກ
plug-in unit 	ໜ່ວຍຕໍ່ເສີມເຂົ້າ
point of presence 	ຈຸດເຂົ້າລະບົບ
point release 	ການປັບປຸງຊອບແວພຽງເລັກນ້ອຍ
point to point circuit 	ການເຊື່ອມຕໍ່ສັນຍານວິທະຍຸຂອງ ສອງສະຖານີທີ່ມີຕຳແໜ່ງຕາຍຕົວ
pointing device 	ອຸປະກອນຊື້, ອຸປະກອນຮັບຂໍ້ມູນທີ່ເຮັດວຽກແບບ mouse, ຈອຍສະຕິກ ຫຼື ປຸ່ມລູກສອນທີ່ໃຫ້ທ່ານເລື່ອນເຄີເຊີໃນຈໍພາບໄດ້
polarization 	ຂົ້ວທົ່ງໄຟຟ້າແມ່ເຫຼັກ
polarized light 	ແສງທີ່ມີການສັ່ນໃນທິດທາງດຽວກັນເທົ່ານັ້ນ
polling 	 ຂະບວນການທີ່ເຄື່ອງຄອມພິວເຕີສູນກາງສອບຖາມເຄື່ອງ terminal ເພື່ອໃຫ້ສົ່ງຂໍ້ມູນເທື່ອລະ terminal ຕາມລຳດັບວົນກັນໄປເລື້ອຍໆ
polygon 	ຮູບຫຼາຍຫຼ່ຽມ ອາດເປັນຮູບສາມຫຼ່ຽມ, ສີ່ຫຼ່ຽມ, ຫ້າຫຼ່ຽມເປັນຕົ້ນ. ໃນຄອມພິວເຕີກຣາບຟິກຮູບຫຼາຍຫຼ່ຽມສາມາດຕື່ມສີ ແລະ ເຄື່ອນຍ້າຍໄດ້
polyline 	ປະກອບດ້ວຍເສັ້ນຫຼາຍເສັ້ນເຊື່ອມຕໍ່ກັນເປັນເສັ້ນດຽວ ຫຼື ເບິ່ງເຫັນເປັນວັດຖຸອັນດຽວ
polysemic message 	ຂໍ້ຄວາມທີ່ມີຫຼາຍຄວາມໝາຍ ສາມາດມາປະຍຸກໃຊ້ໄດ້ຫຼາຍຮູບແບບ
pop up unility 	ການຝັງໄວ້ກັບໜ່ວຍຄວາມຈຳ
popping 	ໂພງ, ໝາຍເຖິງສ່ວນທາງກາງຂອງແຜ່ນສະໄລໂພງຂຶ້ນມາ ເນື່ອງຈາກຄວາມຮ້ອນ
portability 	ຄວາມສາມາດໃນການໃຊ້ວຽກໄດ້ໃນຫຼາຍລະບົບ
portable digital document 	ຮູບແບບຟາຍເອກະສານທີ່ສາມາດໃຊ້ໄດ້ກັບເຄື່ອງລະບົບ Macintosh
portrait orientation 	ແນວທາງຕິດຕັ້ງ
positive picture 	ພາບທີ່ມີຄຸນຄ່າຂອງແສງ, ເງົາ ແລະ ສີເດີມຂອງວັດຖຸ
positive print 	ພິມພາບ positives, ໝາຍເຖິງຟີມທີ່ມີສີ ຄືກັນກັບສີຂອງວັດຖຸຈິງທຸກປະການ ແລະ ສາມາດນຳມາສາຍໄດ້
positive reinforcer 	ຕົວເສີມແຮງທາງບວກ, ຊ່ວຍກະຕຸ້ນໃຫ້ເກີດການກະທຳຫຼາຍຂຶ້ນ
postal code 	ລະຫັດໄປສະນີ
poster/Billboard model 	ຮູບແບບທຸລະກິດການຄ້າໃນອິນເຕີເນັດ ທີ່ອະນຸຍາດໃຫ້ໃຊ້ສ່ວນຫົວ ແລະ ສ່ວນທ້າຍຂອງ e-mail ໃນການໂຄສະນາທາງດ້ານທຸລະກິດ
postfix 	ຄຳທີ່ຕື່ມໃສ່ດ້ານຫຼັງ
posting 	 ຂະບວນການສົ່ງບົດຄວາມ ຫຼື ຂໍ້ຄວາມໃນ e-mail ຈາກຄົນດຽວໄປຫາກຸ່ມ USENET
postmaster 	ຜູ້ຮັບຜິດຊອບລະບົບຈົດໝາຍເອເລັກໂຕຣນິກທີ່ມີໜ້າທີ່ຕອບບັນຫາແກ່ຜູ້ໃຊ້
postprocessor 	ຕົວປະມວນຜົນຕໍ່, ຕົວປະມວນຜົນທີ່ນຳຜົນໄດ້ຈາກເຄື່ອງຄອມພິວເຕີອື່ນມາປະມວນຜົນຕໍ່
post-synchronization 	ການເຮັດໃຫ້ຈັງຫວະເກີດຄວາມສົມດຸນຂຶ້ນພາຍຫຼັງ
pound key 	ຄີໃນເຄື່ອງໂທລະສັບທີ່ມີເຄື່ອງໝາຍ #
power down 	ປິດກະແສໄຟຟ້າທີ່ຈ່າຍມາຍັງຄອມພິວເຕີ ແລະ ອຸປະກອນອື່ນໆ
power line protection 	ການປ້ອງກັນບັນຫາທີ່ເກີດຈາກ power supply
power supply 	ແຫຼ່ງຈ່າຍໄຟຟ້າ, ສິ່ງທີ່ຢູ່ພາຍໃນຄອມພິວເຕີເຮັດໜ້າທີ່ປ່ຽນໄຟຟ້າກະແສສະຫຼັບເປັນກະແສກົງທີ່ຄອມພິວເຕີເອົາມາໃຊ້ໄດ້
power up 	ເປີດເຄື່ອງຂຶ້ນມາ
power user 	ຜູ້ໃຊ້ທີ່ມີປະສິດທິພາບ, ເປັນຜູ້ຊຳນານໃນການໃຊ້ຄອມພິວເຕີໂດຍບໍ່ຈຳເປັນຕ້ອງແມ່ນໂປຣແກຣມເມີ
PowerPC 	ໄມໂຄຣໂປຣເຊັດເຊີໂມໂຕໂຣລາ ແລະ ໄອບີເອັມໄດ້ພັດທະນາຮ່ວມກັນໃຊ້ເຕັກໂນໂລຊີ ເພື່ອຫຼຸດຊຸດຄຳສັ່ງ RISC (Reduced Instruction Set Computer) ເຮັດໃຫ້ໃຊ້ຄຳສັ່ງງ່າຍຂຶ້ນ
practical period 	ໄລຍະເວລາປະຕິບັດງານ
preamlifier 	ເຄື່ອງຂະຫຍາຍກ່ອນ
precision 	ການລະບຸປະລິມານທີ່ແນ່ນອນ, ຄວາມຖືກຕ້ອງ, ຄວາມຖືກຕ້ອງຂອງຕົວເລກທີ່ສະແດງອອກມາໃນຮູບຂອງຈຳນວນເລກເສດເຊັ່ນ: 3.172593486 ມີຄວາມຖືກຕ້ອງຫຼາຍກວ່າ 3.17
preferences 	 ການກຳນົດລາຍລະອຽດຕ່າງໆ ຂອງໂປຣແກຣມ ຄອມພິວເຕີ
prefix 	ຄຳທີ່ຕື່ມໃສ່ດ້ານໜ້າ
prerequisite objectives 	ຈຸດມຸ່ງໝາຍແບບຕາມພຶດຕິກຳ
presentation application 	ໂປຣແກຣມໃຊ້ໃນການສ້າງວຽກງານເພື່ອນຳສະເໜີ ເຊັ່ນ: ນຳສະເໜີຮູບພາບ, ຕາຕະລາງ, ຮູບວັດຖຸຕ່າງໆ ແລະ ຜົນງານ ໃນການປະຊຸມ ຫຼື ສຳມະນາ
presentation layer 	ເລເຍີທີ 6 ໃນ 7ເລເຍີ ຂອງມາດຕະຖານ ISO/ISO ທີ່ກຳນົດວິທີຈັດຮູບແບບນຳສະເໜີ, ແປງ ແລະ ເຂົ້າລະຫັດຂໍ້ມູນ
press release 	ການນນຳຂ່າວສານອອກເຜີຍແຜ່
presure plate 	ແຜ່ນໜີບຟີມ ຫຼື ກົນໄກໃຊ້ໜີບຟີມໃຫ້ຕິດບໍລິເວນຊ່ອງຮັບແສງຂອງກ້ອງປົກກະຕິເປັນແຜ່ນໂລຫະຕິດກັບໄສ້ເສືອ
pretty good privacy 	ໂປຣແກຣມທີ່ຊ່ວຍໃນການຮັກສາຄວາມປອດໄພໃນການຮັບສົ່ງ e-mail ໂດຍໃຊ້ວິທີການເຂົ້າລະຫັດ ເຊິ່ງຈະຂຶ້ນຢູ່ກັບ 2 ຄີ ຄື: public key ແລະ pivate key
primary key 	ກະແຈຫຼັກ, ໃນລະບົບຈັດການຖານຂໍ້ມູນໃຊ້ກະແຈຫຼັກນີ້ເພື່ອຄົ້ນຫາຂໍ້ມູນໃນຕາຕະລາງໃຫ້ໄວຂຶ້ນ
primary station 	ສະຖານີຫຼັກ/ສະຖານີແມ່
primary storage 	ໜ່ວຍເກັບຂໍ້ມູນຫຼັກ
prime time 	ຊ່ວງເວລາທີ່ໃຊ້ໃນເຄືອຂ່າຍຢ່າງຫຼວງຫຼາຍ
primitive 	ຂໍ້ມູນພື້ນຖານ
print format 	ຮູບແບບການພິມ
print job 	 ຄຳສັ່ງພິມເອກະສານຕາມວິທີການ ແລະ ເວລາທີ່ກຳນົດໄວ້
print out 	ສິ່ງພິມທີ່ອອກ,ສິ່ງບັນທຶກແບບຖາວອນທີ່ຜະລິດອອກມາໂດຍຄອມພິວເຕີ
print piracy 	ລັກລອບສຳເນົາ program, tape ຫຼື video ໂດຍບໍ່ໄດ້ຮັບອະນຸຍາດ
print queue 	ລຳດັບວຽກຂອງການພິມ
print server 	ຄອມພິວເຕີທີ່ໃຫ້ບໍລິການກ່ຽວກັບການພິມໃນລະບົບເຄືອຂ່າຍ ເພື່ອຄວບຄຸມການພິມຂອງຜູ້ໃຊ້ທັງໝົດໃນເຄືອຂ່າຍ
print spooler 	ຊອບແວໃນລະບົບປະຕິບັດການ ຫຼື ລະບົບປະຕິບັດການເຄືອຂ່າຍທີ່ຈັດການກ່ຽວກັບລຳດັບຂອງການພິມ
printed circuit 	ລາຍພິມວົງຈອນ, ໝາຍເຖິງເສັ້ນທີ່ຖືກພິມລົງແຜ່ນບໍ່ນຳໄຟຟ້າ ເພື່ອປະກອບອຸປະກອນເອເລັກໂຕຣນິກໃຫ້ເປັນວົງຈອນ
printed circuit board 	ແຜ່ນລາຍພິມວົງຈອນ, ແຜ່ນວົງຈອນທີ່ໄດ້ຈາກການນຳສ່ວນເອເລັກໂຕຣນິກມາຈັດວາງໃນແຜ່ນຮອງທີ່ເຮັດດ້ວຍ fiber glass ແລ້ວໃຊ້ທອງແດງເປັນຕົວນຳສຳລັບຕໍ່ສ່ວນເຫຼົ່ານີ້
printed materials 	ສິ່ງທີ່ພິມເປັນຫົວ ຫຼື ສະບັບ ເຊັ່ນ ໜັງສືພິມ, ວາລະສານ
printer driver 	ໂປຣແກຣມທີ່ເປັນສື່ລະຫວ່າງລະບົບປະຕິບັດການ ຫຼື ຊອບແວລະບົບງານກັບເຄື່ອງພິມສະເພາະລຸ້ນທີ່ເຮັດຂຶ້ນມາ ເຊິ່ງຕ້ອງການຕິດຕໍ່ນຳກັນ
printer font 	ໃນສະໄໝກ່ອນຟອນທີ່ເຄື່ອງພິມ ພິມອອກມາໄດ້, ແຕ່ຄອມພິວເຕີສະແດງຜົນອອກມາໃນຈໍພາບບໍ່ໄດ້
printer port 	ຕົວສຽບດ້ານຫຼັງຄອມພິວເຕີທີ່ສຽບເຄື່ອງພິມເຂົ້າໄປ, ມັກຈະເອີ້ນວ່າ ພອດຂະໜານ
printing frame 	ຂອບຂອງສິ່ງພິມ, ຂອບຂອງຮູບຖ່າຍເປັນຂອບໄມ້, ໂລຫະ, ຢາງ ເພື່ອກຳນົດຂະໜາດຂອງຮູບຖ່າຍ
priority 	ລຳດັບຄວາມສຳຄັນ
private automatic branch exchange 	ຕູ້ສາຂາສະລັບໝາຍເລກໂທລະສັບແບບອັດຕະໂນມັດ
private data network 	 ເຄືອຂ່າຍຂໍ້ມູນສ່ວນບຸກຄົນ
private key 	ກະແຈໄຂລະຫັດສ່ວນຕົວ, ກະແຈສ່ວນບຸກຄົນໃຊ້ສຳລັບຖອດ ຫຼື ເຂົ້າລະຫັດຂໍ້ຄວາມ
private line 	ສາຍສ່ວນບຸກຄົນ
privatization 	ການແປຮູບຈາກລັດວິສາຫະກິດເປັນເອກະຊົນ, ການເພີ່ມບົດບາດຂອງພາກເອກະຊົນ
probability theory 	ທິດສະດີຄວາມເປັນໄປໄດ້
problem analysis 	ການວິເຄາະບັນຫາ, ກຳມະວິທີການວິເຄາະບັນຫາ
procedure 	ວິທີດຳເນີນການ, ເປັນວິທີດຳເນີນການຂອງຊຸດຄຳສັ່ງ ຫຼື ສ່ວນຂອງໂປຣແກຣມທີ່ປະກອບດ້ວຍຄຳສັ່ງຢ່າງເປັນຂັ້ນຕອນ, ໂປຣແກຣມຍ່ອຍ ທີ່ຈະເຮັດວຽກເມື່ອຖືກເອີ້ນໂດຍ ໂປຣແກຣມຫຼັກ
process 	ຂະບວນການ, ກຳມະວິທີ, ຂັ້ນຕອນການປະມວນຜົນຂອງໂປຣແກຣມໃນລະບົບປະຕິບັດການ
process evaluation 	ເປັນການປະເມີນຂະບວນການ ຫຼື ກຳມະວິທີ
processing 	ການປະມວນ
processor 	ໜ່ວຍປະມວນຜົນ, ໃນຄອມພິວເຕີໂດຍທົ່ວໄປໂປຣເຊັດເຊີໝາຍເຖິງໜ່ວຍປະມວນຜົນກາງ
producer 	ຜູ້ຜະລິດ
product evaluation 	ການປະເມີນຜົນການຜະລິດ
production center 	ສູນກາງຜະລິດ ຫຼື ສູນກາງອຳນວຍຄວາມສະດວກດ້ານອຸປະກອນແກ່ການບັນທຶກສຽງ ຫຼື ຮູບເງົາ
production manager 	ຜູ້ຈັດການຝ່າຍການຜະລິດ
production schedule 	ກຳນົດລາຍການຂອງການຜະລິດ
productivity 	 ການເກີດຜົນ ຫຼື ການປະເມີນຜົນຂອງການຜະລິດ ເມື່ອທຽບກັບສິ່ງທີ່ປ້ອນເຂົ້າໄປ
proficiency test 	ການທົດສອບຄວາມສຳຄັນ, ແມ່ນການທົດສອບນັກຮຽນກ່ອນການຮຽນ
profile 	ຟາຍເກັບຂໍ້ມູນກ່ຽວກັບການທີ່ຜູ້ໃຊ້ຕ້ອງການເຮັດບາງສິ່ງໃຫ້ສຳເລັດ
prognosis test 	ການສອບເສັງແບບຄາດຄະເນ ຫຼື ການທົດສອບທີ່ໃຊ້ການຄາດຄະເນຄວາມສຳເລັດທີ່ຈະຮຽນວິຊາຕໍ່ໄປໃນອານາຄົດ
program generator 	ຕົວສ້າງໂປຣແກຣມ
program instruction 	ຄຳສັ່ງໂປຣແກຣມ
program library 	ບ່ອນເກັບໂປຣແກຣມ, ເປັນບ່ອນ ຫຼື ຄັງສຳລັບເກັບໂປຣແກຣມ ບໍ່ວ່າຈະຢູ່ໃນຮູບແຜ່ນດິດ ຫຼື ຊີດີ
programmer/dissolve 	ອຸປະກອນຄວບຄຸມທີ່ເຮັດວຽກສາມໜ້າທີ່ໃນເຄື່ອງດຽວກັນຄື: programmer, dissolve ແລະ synchronizer
programming 	ການຂຽນໂປຣແກຣມຄອມພິວເຕີ, ຂະບວນການໃນການປະກອບຄຳສັ່ງຕ່າງໆສຳລັບໃຫ້ຄອມພິວເຕີເຮັດວຽກ
programming language 	ພາສາໂປຣແກຣມ
progress chart 	ເສັ້ນສະແດງຄວາມກ້າວໜ້າ, ຕາຕະລາງສະແດງຜົນຄວາມກ້າວໜ້າຂອງການປະຕິບັດງານ
progression factor 	ປັດໃຈທີ່ມີຜົນຕໍ່ຄວາມກ້າວໜ້າ
project Gutenberg 	ໂຄງການນຳເອົາສິ່ງພິມເຂົ້າມາໄວ້ໃນເຄືອຂ່າຍ ໂດຍບໍ່ເສຍຄ່າໃຊ້ຈ່າຍເພື່ອແຈກຈ່າຍການໃຊ້ວຽກຮ່ວມກັນ
project manager 	ໂປຣແກຣມທີ່ຖືກອອກແບບເພື່ອຊ່ວຍໃນການວາງແຜນໂຄງການ ຜູ້ຈັດການໂຄງການ
projection panel 	 ແຜ່ນໃສທີ່ເຊື່ອມກັບຄອມພິວເຕີໂດຍວາງເທິງເຄື່ອງສາຍ Projector
Projector 	ເຄື່ອງສາຍ
propagation 	ການແຜ່ກະຈາຍ
properties 	ຄຸນສົມບັດ, ໝາຍເຖິງການປ່ຽນຄ່າກຳນົດຕ່າງໆ ຂອງອັອບເຈັກໃດໜຶ່ງໃນ OS/2 ແລະ Windows 95
protection 	ການປ້ອງກັນ
protection key 	ປຸ່ມ/ກະແຈປ້ອງກັນ
protector box 	ອຸປະກອນທີ່ເຊື່ອມຕໍ່ກັບສາຍໂທລະສັບ ກ່ອນເຖິງເຄື່ອງຮັບໂທລະສັບ ຫຼື ອຸປະກອນທີ່ກ່ຽວຂ້ອງ ເພື່ອປ້ອງກັນຟ້າຜ່າໃສ່ອຸປະກອນໂທລະສັບ
protocol 	ເກນ/ວິທີການ/ໂປຣໂຕຄອນ
protocol header 	ເປັນສ່ວນຂອງຂ່າວສານທີ່ກຳກັບການເຮັດວຽກປະຈຳໂປຣໂຕຄອນທີ່ປະກອບເຂົ້າກັບຂໍ້ມູນ
prototype 	ຕົ້ນແບບ, ຕົ້ນສະບັບໃຊ້ທົດລອງ ແລະ ປັບປຸງ
provider 	ຜູ້ໃຫ້ບໍລິການ/ຜູ້ຈັດຫາ
proxy server 	ຄອມພິວເຕີທີ່ເຮັດໜ້າທີ່ເປັນອຸປະກອນຮັບຂໍ້ມູນຕ່າງໆຈາກອິນເຕີເນັດ ເຂົ້າມາໄວ້ທີ່ເຄື່ອງຕົນເອງກ່ອນ ເພື່ອກວດສອບຄວາມປອດໄພແລ້ວຈຶ່ງຈັດສົ່ງຕໍ່ໄປຫາເຄື່ອງພາຍໃນເຄືອຂ່າຍ
Public Data Network 	ໃຊ້ຄຳຫຍໍ້ວ່າ PDN, ເຄືອຂ່າຍຂໍ້ມູນສາທາລະນະ
public key 	ກະແຈ/ລະຫັດທີ່ໃຊ້ຮ່ວມກັນໄດ້ ຫຼື ຄີທີ່ຜູ້ຮັບຂໍ້ຄວາມໃຊ້ຖອດລະຫັດ
public switched telephone network 	ເຄືອຂ່າຍໂທລະສັບສາທາລະນະ
public telephone 	ໂທລະສັບສາທາລະນະ
pulse 	ຄື້ນພັນ
Pulse Amplitude Modulation 	 ໃຊ້ຄຳຫຍໍ້ວ່າ PAM, ເປັນການປະສົມສັນຍານທາງຂະໜາດຂອງຄື້ນພັນ
punched card 	ບັດແບບເຈາະຮູ
punched tape 	ເທັບທີ່ເຈາະຮູ, ເຊິ່ງເທັບດັ່ງກ່າວອາດເປັນຕົວນຳເຂົ້າຂໍ້ມູນສູ່ລະບົບເຄື່ອງຄອມພິວເຕີ ຫຼື ລະບົບໂທລະຄົມມະນາຄົມ
push button telephone 	ໂທລະສັບແບບກົດປຸ່ມ
pushdown stack 	ໂຄງສ້າງຂໍ້ມູນທີ່ຂໍ້ມູນສາມາດເຄື່ອນຍ້າຍໄປຢູ່ລຳດັບກົງກັນຂ້າມກັບຕຳແໜ່ງທີ່ມັນຈັດເກັບຢູ່
facing page 	 ໜ້າເຈ້ຍ 2 ໜ້າຕິດກັນໃນເອກະສານເມື່ອເປີດອອກມາໜ້າທີ່ເປັນເລກຄູ່ຢູ່ທາງຊ້າຍມື ສ່ວນເລກຄີກຢູ່ທາງຂວາມື, ໃນໂປຣແກຣມ desktop publishing ແລະ ເວີດໂປຣເຊັດເຊີຈະມີຕົວເລືອກໃຫ້ສະແດງໜ້າຕິດກັນເພື່ອສະແດງໃຫ້ເຫັນວ່າທັງສອງໜ້າເປັນຢ່າງໃດ.
Facsimile 	ແຟັກ/ໂທລະສານ, ໃຊ້ຄຳຫຍໍ້ວ່າ FAX, ການສົ່ງສຳເນົາເອກະສານທາງເອເລັກໂຕຣນິກເພື່ອໃຫ້ກາຍເປັນເອກະສານໃໝ່ທີ່ປາຍທາງ
facsimile transmission - fax 	ລະບົບເອເລັກໂຕຣນິກກວດຈັບສັນຍານພາບກຣາບຟິກ ແລ້ວສົ່ງພາບໄປຕາມສາຍໂທລະສັບ ແລະເຮັດສຳເນົາອອກມາ.
factor analysis 	ການວິເຄາະຕົວປະກອບ.
factorial 	ການນຳເອົາໂຕເລກທຸກໂຕຕັ້ງແຕ່ 1 ໄປຈົນເຖີງເລກທີ່ກຳນົດມາຄູນເຂົ້ານຳກັນຄ່າທີ່ໄດ້ຄືຄ່າ factorial ຂອງຕົວເລກນັ້ນ. ເຊັ່ນ factorial ຂອງ 4 ຄື 4x3x2x1, ສັນຍາລັກແທນຄໍາວ່າ factorial ຂອງຈໍານວນໃດໜື່ງຄືເຄື່ອງໝາຍອັດສະຈັນ ເຊັ່ນ 4!
fade in 	ເພີ່ມສັນຍານເທື່ອລະນ້ອຍ, ມີຄວາມໝາຍວ່າພາບ ແລະ ສຽງຄ່ອຍໆປະກົດແຈ້ງຂື້ນ.
fade out 	ຫຼຸດສັນຍານເທື່ອລະນ້ອຍ, ມີຄວາມໝາຍວ່າພາບ ແລະ ສຽງຄ່ອຍໆຈາງຫາຍໄປ
fading 	ການຈາງຫາຍ, ການຫຼຸດລົງທາງດ້ານກຳລັງຂອງສັນຍານເທື່ອລະນ້ອຍ.
fail 	ຜິດ, ບໍ່ຖືກ
fail-safe 	ອຸປະກອນຫຼືວົງຈອນອີເລັກໂຕຣນິກ ເຊີ່ງໄດ້ຮັບການອອກແບບມາເປັນຢ່າງດີ ເພື່ອຫຼີກເວັ້ນຈາກຂໍ້ຜິດພາດ.
failure 	ຄວາມບໍ່ສຳເລັດ, ລົ້ມແຫຼວ ຫຼື ບໍ່ເຮັດວຽກເລີຍ
false alarm 	ສັນຍານເຕືອນເມື່ອມີຄວາມຜິດພາດເກີດຂື້ນ
fanfold paper 	ເຈ້ຍຕໍ່ເນື່ອງ
FAQ 	ຫຍໍ້ມາຈາກ Frequently Asked Question, ຄຳຖາມທີ່ພົບເລື້ອຍໆຢູ່ໃນເວບໄຊ, ສ່ວນຫຼາຍເປັນການຮວບຮວມຄຳຖາມ ແລະ ຄຳຕອບໃນ ເລື່ອງຕ່າງໆໄວ້.
FARNET 	 ຫຍໍ້ມາຈາກ Federal of American Research Networks, ຄືອົງກອນທີ່ບໍ່ໄດ້ສະແຫວງຫາຜົນກຳໄລ ແລະ ມີນະໂຍບາຍສົ່ງເສີມການໃຊ້ເຄື່ອຂ່າຍຄອມພິວເຕີເພື່ອປັບປຸງການວິໄຈແລະການສຶກສາ
fast ethernet 	ລະບົບອີເທີເນັດຄວາມໄວສູງທີ່ພັດທະນາຂື້ນມາໃໝ່ໃຫ້ສາມາດສົ່ງຜ່ານຂໍ້ມູນໃນອັດຕາ 100 ເມກາບິດຕໍ່ວິນາທີ, ເຊີ່ງອີເທີເນັດປົກະຕິມີຄວາມໄວຢູ່ 10 ເມກາບິດຕໍ່ວິນາທີ
fast motion 	ພາບເຄື່ອນໄຫວໄວ
FAT 	ຫຍໍ້ມາຈາກ File Allocation Table, ຕາຕະລາງການຈັດສັນຟາຍ, ສ່ວນພິເສດຂອງ DOS ໃນດິດທຸກແຜ່ນທຸກປະເພດເພື່ອໃຊ້ເກັບຂະໜາດແລະທີ່ຢູ່ຂອງຟາຍໃນດິດ.
fatal error 	ຄວາມຜິດພາດທີ່ເຮັດໃຫ້ໂປຣແກຣມຢຸດປະຕິບັດການໄປ, ບັນຫາທີ່ເຮັດໃຫ້ໂປຣແກຣມ ຫຼື ຄອມພິວເຕີຢຸດວຽກ ຫຼື ເປ່ເພໄດ້
FatBits 	ໂໝດການເຮັດວຽກໃນ Macpaint ເຊີ່ງຜູ້ໃຊ້ສາມາດແກ້ໄຂແຕ່ລະຈຸດ pixel ໄດ້ໂດຍກົງ
fault 	ຄວາມຜິດພາດ.
fault tolerance 	ທົນທານຕໍ່ຄວາມຜິດພາດ, ທົນທານຕໍ່ຄວາມຜິດປົກະຕິ ຫຼື ເສຍຫາຍ.
fax back 	ໂທລະສານຕອບກັບ
fax modem 	ໂມເດັມແຟັກ, ເປັນແຜ່ນວົງຈອນທີ່ໃສ່ເຂົ້າໄປໃນຊ່ອງສຽບຂະຫຍາຍຂອງພີຊີເພື່ອເຮັດວຽກເປັນເຄື່ອງໂທລະສານໄດ້ຢ່າງສົມບູນ.
fax on demand 	ໂທລະສານຕາມຄໍາຂໍ. ມີຄວາມໝາຍຄືກັບ Fax back.
fax server 	ເຄື່ອງບໍລິການໂທລະສານ ຫລື ຕົວບໍລິການໂທລະສານ.
FDDI 	 ຫຍໍ້ມາຈາກ Fiber Distributed Data Interface, ມາດຕະຖານຂອງການສົ່ງຜ່ານຂໍ້ມູນທີ່ມີຄວາມໄວ 100 Mbps ຜ່ານທາງເຄືອຂ່າຍເສັ້ນໄຍແກ້ວນໍາແສງ
FDM 	ຫຍໍ້ມາຈາກ Frequency Division Multiplexing, ການຮວບຮວມ ສັນຍານແບບແບ່ງຄວາມຖີ່.
FDMA 	ຫຍໍ້ມາຈາກ Frequency Division Multiple Access, ການຮ່ວມໃຊ້ຊ່ອງສັນຍານແບບແບ່ງຄວາມຖີ່.
feasibility study 	ການວິເຄາະບັນຫາໂດຍພາບລວມ ແລະ ການປະເມີນການແກ້ບັນຫາທີ່ເປັນໄປໄດ້
feature 	ຄຸນລັກສະນະການເຮັດວຽກຂອງຊອບແວໃນໜ້າທີ່ຕ່າງໆ.
featuristis 	ການເພີ່ມຄວາມສາມາດຂອງໂປຣແກຣມຢ່າງສະໝໍ່າສະເໝີ ທີ່ຄົນສ່ວນໃຫ່ຍຍັງບໍ່ເຄີຍໃຊ້ເລີຍ, ບໍລິສັດຊອບແວມັກຈະໂຄສະນາເຖິງຄວາມສາມາດທີ່ໂປຣແກຣມຂອງພວກເຂົາມີໃນຂະນະທີ່ໂປຣແກຣມອື່ນບໍ່ມີ.
feed 	ການປ້ອນ, ການນໍາສິ່ງໜຶ່ງເຂົ້າໄປຫາອີກສິ່ງໜຶ່ງມັກໃຊ້ກັບການເລື່ອນເຈ້ຍເຈົ້າໄປຫາເຄື່ອງພິມ.
feed reel 	ມ້ວນເທັບ ແລະ ມ້ວນຟີມເຕັມ.
feedback 	ປ້ອນກັບ, ການນໍາຜົນອອກຂອງລະບົບ ປ້ອນໄປເປັນຂໍ້ມູນຄືນໃຫ້ຂາເຂົ້າລະບົບນັ້ນ, ການນໍາຜົນທີ່ໄດ້ຈາກຂະບວນການໜຶ່ງປ້ອນເຂົ້າໄປຍັງ ອີກຂະບວນການໜຶ່ງ
feeder 	ຕົວປ້ອນ,ມີຄວາມໝາຍຄືກັບ feed.
female connector 	 ປັກສຽບຕົວເມຍ, ປັກສຽບປະເພດໜຶ່ງທີ່ມີຮູຕັ້ງແຕ່ 1 ຮູຂື້ນໄປທີ່ໃຫ້ຫົວສຽບຕົວຜູ້ສຽບເຂົ້າໄປໄດ້. ເບິ່ງ male connector
femto 	ມີຄ່າເທົ່າກັບ 10-15.
femtosecond 	10-15 ວິນາທີ.
fencepost error 	ການເກີດຂໍ້ຜິດພາດໃນໂປຣແກຣມ ເນື່ອງຈາກການເຮັດບາງຢ່າງທີຫລາຍກ່ວາ ຫຼື ໜ້ອຍກ່ວາຫນຶ່ງຢ່າງທີ່ເກີນຄວາມຈໍາເປັນ.
ferric oxide 	ສານແມ່ເຫຼັກທີ່ໃຊ້ເຄືອບຮາດດິດ, ຟະລັອບປີດິດ ແລະ ເທັບກະແຊັດເຮັດໃຫ້ສາມາດບັນທຶກຂໍ້ມູນລົງໄປໄດ້.
fiber optic cable 	ເສັ້ນໄຍແກ້ວນໍາແສງ.
Fiber Optic Transmission System 	ໃຊ້ຄໍາຫຍໍ້ວ່າ FOTS, ລະບົບສົ່ງສັນຍານດ້ວຍເສັ້ນໄຍແກ້ວນໍາແສງ.
fiberphone 	ໂທລະສັບທີ່ໃຊ້ເສັ້ນໄຍແກ້ວນຳແສງ.
fibonacci numbers 	ຮູບແບບຂອງຕົວເລກແບບໜຶ່ງທີ່ຕົວເລກຕົວທີ3 ໄດ້ມາຈາກການນຳຕົວເລກ 2 ຕົວກ່ອນໜ້ານັ້ນມາບວກກັນເຊັ່ນ 4, 8, 12, 20, 32, ຕົວເລກເຫຼົ່ານີ້ໃຊ້ໃນໂປຣແກຣມຄອມພິວເຕີບາງໂປຣແກຣມເພື່ອເຮັດໃຫ້ການຈັດລຽງໄວຂຶ້ນ ແລະຫາຕຳແໜ່ງຂໍ້ມູນໄດ້ຢ່າງໄວວາ.
FidoNet 	ເປັນເຄືອຂ່າຍທີ່ກໍ່ຕັ້ງຂຶ້ນເມື່ອປີ 1984 ສຳລັບເຊື່ອມຄອມພິວເຕີທີ່ໃຊ້ລະບົບປະຕິບັດການ MS-DOS ເຂົ້ານຳກັນພາຍໃຕ້ໂປຣໂຕຣຄອນ Fido, ບໍລິການສຳຄັນໃນພີໂດເນັດເຊິ່ງປະກອບດ້ວຍກະດານຂ່າວ ແລະ ຈົດໝາຍເອເລັກໂຕຣນິກ.
field 	ບໍລິເວນທີ່ໃຊ້ໄວ້ເກັບຂໍ້ມູນຕາມທີ່ກຳນົດໄວ້ໃນໂປຣແກຣມຖານຂໍ້ມູນ.
field effect transistor 	ໃຊ້ຄຳຫຍໍ້ວ່າ FET ເປັນທຣານຊິດສະເຕີທີ່ການໄຫລຂອງກະແສຖືກຄວບຄຸມໂດຍປະຈຸບັນທີ່ສົ່ງໃຫ້ກັບຂາເກດ.
field name 	 ຊື່ field, ຊື່ທີ່ບໍ່ຊ້ຳກັນໃນລະບົບຈັດການຖານຂໍ້ມູນກໍານົດໃຫ້ແກ່ field ຫຼື ຖັນໃນຖານຂໍ້ມູນ. ຊື່ field ຍັງໃຊ້ເພື່ອສະແດງສັນຍາລັກຂອງ ຂໍ້ມູນໃນ field ນັ້ນໄດ້ອີກດ້ວຍ. ໃນລະບົບຖານຂໍ້ມູນບາງລະບົບ ຊື່ field ຕ້ອງເປັນຊຸດ ຕົວອັກສອນຕິດກັນໂດຍບໍ່ມີຊ່ອງຫວ່າງ, ສ່ວນຫຼາຍໃຊ້ເສັ້ນຂີດກ້ອງແທນຊ່ອງຫວ່າງໄດ້ເຊັ່ນ LAST_NAME ຫຼື FIRST_NAME.
field testing 	ການທົດສອບໂດຍການປະຕິບັດຕົວຈິງ.
fifth-generation computers 	ຄອມພິວເຕີ້ລຸ້ນທີ 5, ຄອມພິວເຕີ້ລຸ້ນໃໝ່ທີ່ໄດ້ຮັບແນວຄິດມາຈາກເລື່ອງປັນຍາປະດິດທີ່ຈັດການກັບຂໍ້ມູນໄດ້ຢ່າງມີປະສິດທິພາບ.
filament 	ເສັ້ນລວດນຳໄຟຟ້ານ້ອຍໆ ເຮັດໃຫ້ເກີດມີແສງສະຫວ່າງເມື່ອມີກະແສໄຫຼຜ່ານ.
file 	ຟາຍ/ແຟ້ມ.
file attribute 	ຂໍ້ມູນທີ່ກຳນົດຄຸນສົມບັດຂອງຟາຍ ເຊັ່ນ: ອ່ານໄດ້ຢ່າງດຽວ, ຫ້າມໃຊ້ຫຼື archive ການແກ້ໄຂຄຸນສົມບັດຂອງຟາຍຈະບໍ່ມີຜົນກະທົບຕໍ່ຂໍ້ມູນພາຍໃນຟາຍແຕ່ຈະມີຜົນຕໍ່ການທີ່ຄອມພິວເຕີຈະແກ້ໄຂ ຫຼືເບິ່ງຂໍ້ມູນໃນຟາຍເທົ່ານັ້ນ.
file compression 	ການບີບອັດຟາຍ, ການເຮັດໃຫ້ຂະໜາດຂອງຟາຍນ້ອຍລົງເພື່ອຈະປະຢັດບ່ອນເກັບ ຫຼືໃຊ້ເວລາໃນການໂອນຍ້າຍໜ້ອຍລົງ.
file conversion 	ການແປງຮູບຂອງຟາຍແບບໜື່ງ ຫຼື ໂຄງສ້າງຂອງຟາຍໄປເປັນອີກແບບໜື່ງ.
file format 	ຮູບແບບຟາຍຂໍ້ມູນ.
file handle 	 ລະຫັດເຂົ້າຟາຍຂໍ້ມູນ, ໝາຍເຖິງເລກລະຫັດສັ້ນໆສໍາລັບເອີ້ນຟາຍຄວາມລັບໃຊ້ວຽກ ເຊິ່ງ ຟາຍເຫຼົ່ານີ້ໃຊ້ກັບ DOS, OS/2 ແລະ ໂປຣແກຣມເມີທີ່ຮູ້ຈັກ. ເມື່ອເວລາເປີດຟາຍເຮົາຈະບອກຊື່ໄປ ແລ້ວຄອມພິວເຕີຈະປ່ຽນຊື່ຟາຍໄປເປັນໝາຍເລກທີ່ DOS ນໍາມາໃຊ້ກັບຟາຍໄດ້.
file list 	ລາຍການຟາຍ, ສ່ວນໜຶ່ງຂອງໂປຣແກຣມ DOSSHELL ທີ່ສາມາດຈັດການຟາຍ ເຊິ່ງປົກກະຕິຈະເຮັດຢູ່ເຄື່ອງໝາຍຮັບຄຳສັ່ງຂອງ DOS.
file manager 	ຕົວຈັດການຟາຍຂໍ້ມູນເຊັ່ນ Explorer ໃນ MS Windows.
file name 	ຊື່ຟາຍຂໍ້ມູນ.
file permission 	ສິດທິໃນການເຂົ້າໃຊ້ຟາຍ, ໃນຍູນິກເປັນການກຳນົດສິດທິໃນການເຂົ້າໃຊ້ຟາຍໜື່ງໆ.
file protection 	ການປ້ອງກັນຟາຍ, ວິທີການປ້ອງກັນການຂຽນທັບ ຫຼື ລຶບຂໍ້ມູນໃນຟາຍ.
file recovery 	ການກູ້ຟາຍ, ໝາຍເຖິງການນຳຟາຍທີ່ຖືກລຶບກັບຄືນມາ, ເຊິ່ງອາດເກັບຄືນມາໄດ້ພຽງບາງສ່ວນ ຫຼືທັງໝົດ.
file server 	ຕົວໃຫ້ບໍລິການຟາຍຂໍ້ມູນ, ເປັນຄອມພິວເຕີໃນເຄືອຂ່າຍທີ່ເກັບໂປຣແກຣມ ແລະ ຂໍ້ມູນຂອງຜູ້ໃຊ້ໄວ້ໄນຮາດດີດເຊິ່ງຜູ້ໃຊ້ສາມາດຂໍເຂົ້າມາໃຊ້ວຽກໄດ້.
file sharing 	ການໃຊ້ຟາຍຮ່ວມກັນ.
file size 	ຂະໜາດຟາຍ, ພື້ນທີ່ໃນດີສຟາຍນັ້ນໃຊ້ເກັບຂໍ້ມູນມີໜ່ວຍເປັນໄບ.
file system 	ລະບົບຟາຍ, ໝາຍເຖິງໂຄງສ້າງໃນລະບົບປະຕິບັດການໃຊ້ເພື່ອຈັດເກັບແລະ ຕັ້ງຊື່. ເພາະວ່າລະບົບຟາຍບາງລະບົບມີມາພ້ອມກັບລະບົບປະຕິບັດການ ຂະນະທີ່ຕົວອື້ນໆຍັງບໍ່ໄດ້ຕິດຕັ້ງເຊັ່ນ: OS/2 ໃຊ້ໄດ້ກັບລະບົບຟາຍ ຫຼາຍໆແບບທີ່ຕ່າງກັນ, ລວມທັງລະບົບຟາຍແບບ FAT ລະບົບຟາຍປະສິດທິພາບສູງ ແລະ ລະບົບຟາຍໃນຊີດີຣອມເຊິ່ງຕິດຕັ້ງ ໂດຍໃຊ້ຄຳສັ່ງ ISF ເພື່ອຕໍ່ຊີດີຣອມເຂົ້າໃນລະບົບ.
file transfer 	ການໂອນຍ້າຍຟາຍ.
File Transfer Protocol 	ໃຊ້ຄໍາຫຍໍ້ວ່າ FTP , ໂປຣໂຕຄອນໃຊ້ໂອນຍ້າຍຟາຍຂໍ້ມູນຈາກຄອມພິວເຕີໜຶ່ງໄປຫາຄອມພິວເຕີໜື່ງໂດຍຜ່ານໂມເດັມ ຫຼື ສາຍໂທລະສັບ.
file-name extension 	 ນາມສະກຸນລະບົບຟາຍແບບ FAT ຂອງ DOS ແລະ OS/2 ເປັນຕົວຕໍ່ທ້າຍຊື່ຟາຍ 3 ຕົວອັກສອນເຊິ່ງມີ ຫຼືບໍ່ມີກໍ່ໄດ້ ແລະຈະແຍກຈາກ ຊື່ຟາຍ ດ້ວຍຈໍ້າເມັດ “.” ໂປຣແກຣມລະບົບງານຫຼາຍໆໂປຣແກຣມ ຈະມີນາມສະກຸນທີ່ລະບຸຊະນິດຂອງຟາຍເອງ.
Fill 	ເຮັດໃຫເຕັມ, ເປັນຄຳສັ່ງທາສີໃຫ້ຮູບໃດໜຶ່ງໃນໂປຣແກຣມແຕ້ມຮູບ.
Film 	ຟີມ
Film archive 	ບ່ອນທີ່ເກັບຮວບຮວມຟີມ.
Film chain 	ໝາຍເຖິງລະບົບກ້ອງໂທລະທັດທີ່ຕິດຕັ້ງຕາຍຕົວ ເພື່ອຮັບພາບຈາກເຄື່ອງສາຍໂດຍກົງ.
film emulsion 	ສານເຄືອບໄວແສງຂອງຟີມຖ່າຍຮູບ.
film laboratory 	ຫ້ອງປະຕິບັດການຮູບເງົາ.
film library 	ຫ້ອງສະຫມຸດຟີມ.
film recorder 	ຕົວບັນທຶກຟີມ, ອຸປະກອນໃນການບັນທຶກຮູບພາບທີ່ສ້າງໂດຍເຄື່ອງຄອມພິວເຕີລົງໃນແຜ່ນຟີມ.
film rights 	ລິຂະສິດຮູບເງົາ.
film strip 	ຄວາມຍາວຂອງຟີມເຊິ່ງສາຍພາບລຳດັບເທື່ອລະພາບ.
filter 	ຕົວກອງ, ໝາຍເຖິງຄຳສັ່ງໃນລະບົບປະຕິບັດການທີ່ໃຊ້ປະມວນຜົນເພື່ອຄົ້ນຫາຂໍ້ມູນ ເຊັ່ນ: ຄຳສັ່ງ MORE. FIND. SORT ເປັນຕົ້ນ.
final acceptance test 	ການກວດສອບເພື່ອຍອມຮັບຂັ້ນສຸດທ້າຍ.
final test 	ສອບເສັງຈົບວິຊາ, ການສອບເສັງເມື່ອສອນວິຊາໜື່ງສຳເລັດລົງ.
financial EDI 	ໃຊ້ຄຳຫຍໍ້ວ່າ FEDI, ເປັນລະບົບທີ່ໃຊ້ລະຫວ່າງທຸລະກິດກັບທຸລະກິດເທົ່ານັນ, ກໍ່ຕັ້ງໂດຍທະນາຄານ ແລະ ລູກຄ້າທີ່ເປັນບໍລິສັດເພື່ອໃຫ້ລູກຄ້າສາມາດເຮັດລາຍການຈ່າຍເງີນ ແລະ ໂອນເງີນກັບທະນາຄານໄດ້ໂດຍກົງທາງເອເລັກໂຕຣນິກ.
fine tuning 	ການປັບໃຫ້ຖືກຕ້ອງ, ປັບໃຫ້ລະອຽດ
finger 	ໂປຣແກຣມທີ່ໃຫ້ປະໂຫຍດໃນຍູນິກ ທີ່ມີໃຊ້ຫຼາຍໃນລະບັບໃນອີນເຕີເນັດ ແລະ ຜູ້ໃຫ້ບໍລິການອັອນລາຍ ເຊິ່ງໂປຣມແກຣມດັ່ງກ່າວສາມາດ ສະແດງ ຂໍ້ມູນກ່ຽວກັບຜູ້ໃຊ້ໄດ້ ເຊັ່ນ: ຊື່ເຕັມ, ເວລາໃນລະບົບ ແລະ ທີ່ຢູ່.
firewall 	ລະບົບຮັກສາຄວາມປອດໄພ ເພື່ອປ້ອງກັນການບຸກລຸກ ເຊິ່ງປະກອບດ້ວຍ ຄອມພິວເຕີ ແລະ ຊອບແວ ເຮັດໜ້າທີ່ປົກປ້ອງຂໍ້ມູນ.
FireWire 	ເປັນພອດມາດຕະຖານໃໝ່ຄວາມໄວສູງ ທີ່ພັດທະນາໂດຍບໍລິສັດ Apple and Texas Instruments ໂດຍສາມາດຮອງຮັບການເຊື່ອມຕໍ່ອຸປະກອນ ຕໍ່ພວງໄດ້ຫຼາຍ ກ່ວາ 63 ອຸປະກອນ ແລະ ເປັນມາດຕະຖານ IEEE 1394. ນອກຈາກນີ້ຍັງສາມາດສົ່ງຖ່າຍຂໍ້ມູນໄດ້ໃນລະດັບ 400 ເມຫາບິດ/ວິນາທີ.
first generation computer 	ຄອມພິວເຕີລຸ້ນທີໜື່ງ ສ້າງຂື້ນໃນປີ 1940.
first generation duplicate 	ການສຳເນົາສີ່ງທີ່ສ້າງຂຶ້ນໂດຍກົງຈາກຟີມຕົ້ນສະບັບ.
first in first out 	ເຂົ້າກ່ອນອອກກ່ອນ, ໃຊ້ຄຳຫຍໍ້ວ່າ FIFO ວິທີການເກັບ ແລະ ເອີ້ນຂໍ້ມູນຂອງຄອມພີວເຕີ້ແບບໜື່ງ, ເຊິ່ງຂໍ້ມູນທຳອິດທີ່ຖືກເກັບໄວ້ກ່ອນຈະຖືກເອີ້ນອອກມາໃຊ້ວຽກກ່ອນ.
first release 	ການເຜີຍແຜ່ ແລະ ນຳຮູບເງົາອອກສາຍເປັນຈຳນວນຫຼວງຫຼາຍ.
fisheye 	ເລນຕາປາ, ເປັນເລນທີ່ມີຄວາມຍາວ ໂຟກັສສັ້ນຫຼາຍໃຊ້ສຳຫຼັບຖ່ຍຮູບມູມກ້ວາງ.
fixed disk 	ແຜ່ນດີສທີ່ກຳນົດມາກັບເຄື່ອງ, ເປັນຊື່ອີກຊື່ໜື່ງຂອງຮາດດີສ ແລະ ຈະຍ້າຍດີສນີ້ອອກໄປຈາກເຄື່ອງຄອມພີວເຕີບໍ່ໄດ້.
fixed pitch type 	ຮູບແບບຂອງຕົວພິມທີ່ມີຕົວອັກສອນກ້ວາງເທົ່າກັນໝົດ.
fixed point number 	ຈຳນວນຕົວເລກຫຼັງຈຸດ, ທີ່ສະແດງຕາມຈຳນວນຫຼັກທີ່ກຳນົດໄວ້ຕາຍຕົວຕ່າງຈາກຕົວເລກ floating point ທີ່ສາມາດສະແດງຕົວເລກຫຼັງຈຸດໄດ້ ຫຼາຍເທົ່າທີ່ຕ້ອງການ.
fixed satellite service 	ບໍລິການປະຈຳທີ່ຜ່ານດາວທຽມ.
Flag 	 ຕົວບົ່ງຊີ້, ອາດຈະເປັນຮາດແວຫຼື ຊອບແວທີ່ໃຊ້ປະກອບສະຖານະການເຮັດວຽກແບບຕັກກະສາດ, ເຊັ່ນ ຕົວບົ່ງຊີ້ທີ່ໃຊ້ກວດສອບວ່າໄດ້ຮັບ້ມູນຈາກ ຜູ້ໃຊ້ ຫຼື ບໍ່. ຖ້າໄດ້ຮັບແລ້ວຈະສະແດງຜົນສະຖານະທາງຮາດແວ ຫຼື ຊອບແວກໍ່ໄດ້.
Flame 	ຂໍ້ຄວາມທີ່ບໍ່ສຸພາບ ແລະ ກໍ່ໃຫ້ເກີດຄວາມບໍ່ພໍໃຈລະຫວ່າງຜູ້ໃຊ້ໃນເຄືອຂ່າຍ, ຂໍ້ຄວາມ ຫຼື ການສົ່ງຂ່າວໃນ USENET ຫຼື e-Mail ເຊິ່ງສົ່ງຜົນກະທົບໃນດ້ານລົບ.
Flash 	 1/ ແສງແຟລດທີ່ໃຊ້ປະກອບເຂົ້າໃນການຖ່າຍຮູບ. 2/ ພາບ ຫຼືສຽງຊ້ອນ ຊົ່ວຄາວໃນໂປຣແກຣມ.
Flash bulb 	ຫລອດໄຟຟະແລັດ ໃຊ້ໃນກ້ອງຖ່າຍຮູບ ເປັນຫລອດໄຟທີ່ມີຄວາມເຂັ້ມ ຂອງແສງສູງ ແລະຈະໃຫ້ແສງໃນຊ່ວງເວລາສັ້ນໆ.
Flash memory 	ໜ່ວຍຄວາມຈຳຊະນິດພິເສດທີ່ບໍ່ສະຫລາຍຄວາມຈຳ ແຕ່ຈະລຶບໄດ້ດ້ວຍສັນຍານໄຟຟ້າຂອງຄອມພິວເຕີ.
Flashing signal 	ສັນຍານໄຟຟະແລັດ.
flat fee internet advertising 	ອັດຕາຄ່າບໍລິການທີ່ຄົງທີ່ ສຳລັບຄ່າບໍລິການໂຄສະນາທາງອີນເຕີເນັດ.
flat file 	ຟາຍດ່ຽວ, ຟາຍຂໍ້ມູນທີ່ບໍ່ມີຄວາມສຳພັນ ຫລື ສ່ວນຮ່ວມກັບຟາຍຂໍ້ມູນອື່ນໆເລີຍ.
flat file database 	ໂປຣແກຣມທີ່ເກັບ ຫລື ດຶງຂໍ້ມູນມາໃຊ້, ຖາມຂໍ້ມູນແບບ flat file ນີ້ໃຊ້ຂໍ້ມູນໄດ້ຄັ້ງລະຟາຍດຽວ ແລະຂຽນໂປຣແກຣມບໍ່ໄດ້, ຕ່າງຈາກຂໍ້ມູນແບບສຳພັນໃຊ້ຟາຍຕັ້ງແຕ່ 2ຟາຍຂື້ນໄປໃນເວລາດຽວກັນ ແລະ ໃຫ້ຂຽນໂປຣແກຣມໄດ້.
flat panel display 	ຈໍສະແດງຜົນທີ່ມີລັກສະນະແບນ ຫລື ແປ.
flatbed press 	ເຄື່ອງພິມແບບທາງນອນ.
flatbed scanner 	ສະແກນເນີແບບທາງນອນ, ອຸປະກອນທີ່ໃຊ້ວາງເຈ້ຍຂະໜາດ (8.5x11 ນິ້ວ) ແນບລົງເທິງພື້ນຜິວເພື່ອມາອ່ານແບບເອເລັກໂຕນິກ. ສະແກນເນີທາງນອນມີລັກສະນະຄືເຄື່ອງຖ່າຍເອກະສານ.
flattened organizations 	ການຈັດການທີ່ມີ 2-3 ລະດັບຊັ້ນ ແລະມີໄລຍະຄວບຄຸມທີ່ກວ້າງ.
flexible sehedule 	 ການຈັດລະບຽບການສອນ ເຊີ່ງສາມາດຈັດຂະຫນາດຂອງຊັ້ນຮຽນໄດ້ຫລາຍຂະຫນາດ.
flicker 	ການກະພິບ
flip chart 	ແຜ່ນເຈ້ຍຂະຫນາດໃຫ່ຍຮ້ອຍລວມກັນ, ຕິດຕັ້ງເທິງຂາຕັ້ງເຮັດໃຫ້ສາມາດເປີດຂ້າມກັບໄປມາໄດ້.
flip-flop 	ຟະລິບຟະລັອບ, ວົງຈອນເອເລັກໂຕຮນິກ ທີ່ສາມາດປ່ຽນແປງສະຖານະລະຫວ່າງສອງສະຖານະໄດ້, ເມື່ອໄດ້ຮັບສັນຍານ pulse, ເປັນອົງປະກອບພື້ນຖານຂອງວົງຈອນລຳດັບເວລາທີ່ເປັນພື້ນຖານໃນການພັດທະນາຊີພີຢູ.
floating illustrations 	ຮູບພາບປະກອບບໍ່ຈຳເປັນຕ້ອງຢູ່ກົງພໍດີແຕ່ອາດຈະຢູ່ໃກ້ຄຽງກັນ ເຊັ່ນ ຮູບພາບປະກອບໃນປື້ມ.
floating point 	ຕົວເລກທີ່ມີຫລັງຈຸດ ແລະສາມາດສະແດງຄ່າຕົວເລກຫລັງຈຸດໃຫ້ໄດ້ຫລາຍທີ່ສຸດ ໃນການສະແດງຜົນ.
floating point arithmetic 	ຄະນິດສາດທີ່ກ່ຽວກັບຕົວເລກ ທີ່ມີຈຳນວນຕຳແຫນ່ງຫລັງຈຸດບໍ່ຕາຍຕົວ, ສາມາດປ່ຽນໄປໄດ້, ເລກຊະນິດນີ້ສາມາດເຮັດໃຫ້ເຮົາຄຳນວນເລກຂະຫນາດໃຫ່ຍໆ ຫລື ເລກທີ່ເປັນເສດສ່ວນຂະຫນາດນ້ອຍໆໄດ້ຢ່າງມີປະສິດທິພາບ.
floating point notation 	ເຄື່ອງຫມາຍຈຸດໃນເລກເສດສ່ວນ.
Floodlight 	ຫລອດໄຟແສງກະຈາຍ/ແສງກະຈາຍ, ຫມາຍເຖິງແສງດ່ຽວ ຫລື ແສງກຸ່ມຂອງແສງ ເຊີ່ງບໍ່ສະແດງທິດທາງ ແລະ ຈະໃຫ້ແສງສະຫວ່າງສະເພາະພື້ນທີ່ໂດຍປາສະຈາກເງົາ ຫລືແສງລົບກວນ.
floppy disk 	ຟະລັອບປິດິດ/ແຜ່ນດິດ ເຮັດຈາກແຜ່ນປະລາດສະຕິກເຄືອບແມ່ເຫລັກ ໃຊ້ເກັບຂໍ້ມູນສຳລັບຄອມພິວເຕີ.
floppy disk drive 	ໃຊ້ຄຳຫຍໍ້ວ່າ FDD, ເຄື່ອງມືຊະນິດຫນື່ງທີ່ໃຊ້ຫມູນຟະລັອບປິດິດ ຫລື ແຜ່ນບັນທຶກໃຫ້ແຜ່ນຫົວອ່ານ ຫລື ຫົວບັນທຶກສຳລັບອ່ານຂໍ້ມູນຈາກແຜ່ນ ຫລື ບັນທຶຶກຂໍ້ມູນລົງໃສ່ແຜ່ນບັນທຶກໄດ້.
Flops 	 ຫຍໍ້ມາຈາກ floating foint operations per second, ການຄຳນວນເລກເສດສ່ວນຕົວຕໍ່ວິນາທີ.
Floptical 	ຊື່ທາງການຄ້າສຳລັບດິດທີ່ເກັບຂໍ້ມູນໂດຍໃຊ້ແມ່ເຫລັກ ແລະແສງ, flop-tical ຫມາຍເຖິງຊ່ອງໃສ່ດິດ ແລະດິດ 3.5 ນິ້ວທີ່ໃສ່ເຂົ້າໄປໄດ້. ດິດນີ້ ເກັບຂໍ້ມູນໄດ້ 20 ແລະ 25 ເມກະໄບ ເຊີ່ງກໍ່ຍັງເບິ່ງຄືກັບດິດ 3.5 ນິ້ວມາດຕະຖານ. ນອກຈາກນີ້ຊ່ອງໃສ່ແບບ floptical ຍັງຈະສາມາດອ່ານ ແລະ ຂຽນດິດ 3.5 ນິ້ວມາດຕະຖານໄດ້.
flow 	ໃນເວີດໂປຣເຊັດເຊີ ຫລື desktop publishing ຄືກົນໄກທີ່ໃຫ້ຂໍ້ຄວາມໃສ່ເຂົ້າໄປໃນຖັນທີ່ຕ້ອງການ,ມັກຈະຢູ່ໃກ້ໆກັບພາບກຣາບຟິກ.
flow control 	ເປັນຂັ້ນຕອນສຳຫລັບການຄວບຄຸມການຖ່າຍໂອນຂໍ້ມູນຂ່າວສານໃນເຄືອຂ່າຍ ຂໍ້ມູນຂ່າວສານລະຫວ່າງສອງຈຸດ
flowchart 	ຜັງງານ, ແຜນພາບເພື່ອນຳສະເຫນີການເຮັດວຽກ, ແຜນພາບທີ່ປະກອບໄປດ້ວຍເສັ້ນຊື່ ແລະສີ່ຫລ່ຽມ.
flush 	ລຶບຂໍ້ມູນຕ່າງໆອອກຈາກໂຄງສ້າງຂໍ້ມູນ ຫລື buffer, ຈັດຂໍ້ຄວາມຕິດຊ້າຍ ຫລືຕິດຂວາ.
flutter 	ແບບຮູບຂອງການປະສົມສັນຍານຄວາມຖີ່ທີ່ບໍ່ຕ້ອງການ, ແຕ່ເຂົ້າມາສູ່ສັນຍານທີ່ບັນທຶກ ເນື່ອງຈາກການເຄື່ອນໄຫວຜິດປົກກະຕິຂອງວັດຖຸທີ່ໃຊ້ບັນທຶກ.
FM synthesis 	ເຕັກນິກໃນການແຕ່ງສຽງດົນຕີ ໂດຍໃຊ້ສັນຍານຮູບຄື້ນ
focal axis 	ແກນໂຟກັດ/ແກນສູນກາງ
focal length 	ຄວາມຍາວໂຟກັດ
focus 	ໂຟກັດ, ຈຸດສູນກາງເລນເຊິ່ງແສງຜ່ານຊອດ ເຮັດໃຫ້ເກີດພາບທີ່ຊັດເຊນ. ໃນຫນ້າຈໍຄອມພິວເຕີຫມາຍເຖິງສ່ວນຂອງ Dialog Box ທີ່ພ້ອມຈະຮັບອິນພຸດຈາກຄີບອດ.
folder 	ໂຟນເດີ, ບ່ອນເກັບມ້ຽນຂໍ້ມູນ ຫລື ໂປຣແກຣມໃນດິດ
follow up 	ຕາມມາຈາກຄັ້ງກ່ອນຫນ້ານີ້, ການຂຽນຕອບຂ່າວ ຫລື ສະແດງຄວາມຄິດເຫັນເພີ່ມເຕີມໄປຫາຂ່າວ ຫລື ບົດຄວາມທີ່ຢູ່ກ່ອນຫນ້ານັ້ນໃນຢູສະເນັດ. ຖ້າເປັນການຂຽນຂ່າວໃໝ່ຈະເອີ້ນວ່າ ການສົ່ງຂ່າວ.
font 	 ຟອນ, ຫມາຍເຖິງຊຸດຂອງຕົວເລກ,ຕົວອັກສອນ ແລະ ເຄື່ອງຫມາຍ.
font cartridge 	ອຸປະກອບທີ່ສຽບເຂົ້າໃນເຄື່ອງພິມ ເພື່ອເຮັດໃຫ້ເຄື່ອງພິມຊະນິດນັ້ນພິມຟອນອອກມາໄດ້ຫລາຍແບບຂື້ນ, ຂໍ້ມູນກ່ຽວກັບຟອນຈະຢູ່ໃນຣອມ ທີ່ຢູ່ພາຍໃນ font cartridge.
font family 	ຕະກຸນຟອນປະກອບດ້ວຍກຸ່ມຂອງຟອນທີ່ມີຄວາມສຳພັນກັນ, ໂດຍຈະມີແບບພິມຢູ່ຫລາຍໆແບບ ເຊັ່ນ ຮູບແບບ, ຂະຫນາດ ແລະ ຄວາມເຂັ້ມເປັນຕົ້ນ.
font size 	ຂະຫນາດຟອນ, ຄວາມສູງ ແລະ ຄວາມກວ້າງຂອງຟອນແຕ່ລະຟອນ. ຟອນສ່ວນຫລາຍຈະເບິ່ງເຂົ້າກັນ ແລະ ສວຍງາມເມື່ອມີຂະຫນາດ 10 ຫລື 20 points. ຖ້າສະແດງຟອນໃນຂະຫນາດທີ່ບໍ່ປົກກະຕິ ເຊັ່ນ 11 ຫລື 23 points ພາບທີ່ອອກມາຈະມີຮອຍຫັກ.
font/DA Mover 	ໂປຣແກຣມໃນເຄື່ອງມືໃນເຄື່ອງ Macintosh ມີໄວ້ໃຫ້ຜູ້ໃຊ້ຕື່ມຟອນ ແລະ ດິດແອັກເຊັດຊໍຣີ ເຂົ້າໄປໃນເຄື່ອງຄອມພິວເຕີໄດ້ ແລະຕັ້ງແຕ່ system 7 ເປັນຕົ້ນໄປບໍ່ມີໂປຣແກຣມນີ້ແລ້ວ.
foolscap 	ຂະຫນາດເຈ້ຍຂອງປະເທດອັງກິດ
footage 	ຄວາມຍາວຂອງຟິມເປັນຟຸດ
footer 	ຟຸດເຕີ, ແຖວດຽວ ຫລື ຫລາຍແຖວທີ່ຢູ່ທ້າຍຫນ້າເຈ້ຍເຊັ່ນ: ໃນໂປຣແກຣມເວີດໂປຣເຊັດເຊີ ແລະ desktop publishing, ຟຸດເຕີ ອາດຈະຊ້ຳກັນໃນຫນ້າຕິດກັນ, ຫນ້າເວັ້ນຫນ້າ, ຫນ້າເລກຄີກ ຫລື ຫນ້າເລກຄູ່. ຟຸດເຕີມັກຈະໃຊ້ພິມວັນທີ່ ແລະຫມາຍເລກລຸ້ນຂອງເອກະສານທີ່ແກ້ໄຂ້ຊ້ຳໆ ເຊັ່ນສຳເນົາໂຄສະນາ ຫລືຫນັງສືຕົ້ນສະບັບ.
footprint 	1. ເຂດຂະຫນາດພື້ນທີ່ໃຊ້ວາງວັດຖຸເຊັ່ນ footprint ຂອງຄອມພິວເຕີ ຫລື ເຄື່ອງພິມ. footprint ຂອງຄອມພິວເຕີແບບຕັ້ງໂຕະຈະໃຫ່ຍກວ່າຂອງໂນດບຸກ. 2. ເຂດທີ່ສັນຍານບໍລິການຄອບຄຸມເຖິງ
for 	ເປັນຄຳສັ່ງຫນຶ່ງໃນໂປຣແກຣມທີ່ສັ່ງໃຫ້ເຮັດຊ້ຳ.
foreground 	ເບື້ອງຫນ້າ,ສ່ວນຫນ້າ.
form 	ແບບຟອນໃນຫນ້າຈໍຄອມພິວເຕີທີ່ໃຫ້ຜູ້ໃຊ້ພິມຂໍ້ມູນທີ່ຕ້ອງການແລ້ວກົດ Enter ຫລື OK ເຊັ່ນ ມີໃຊ້ຢູ່ໃນເວັບໄຊສຳຫລັບສົ່ງຂໍ້ມູນໄປຍັງເວັບ ເຊີບເວີ.
form factor 	ຮູບລັກສະນະ.
form feed 	ເລື່ອນໜ້າ, ການເລື່ອນໜ້າຄືການເລື່ອນເຈ້ຍໃນເຄື່ອງພິມໄປເທື່ອລະໜ້າ
formal parameter 	ຊື່ທີ່ເອີ້ນໃຊ້ໃນຟັງຊັ້ນ ຫຼື ໂປຣແກຣມຍ່ອຍສຳລັບຄ່າທີ່ຕ້ອງສົ່ງໄປໃຫ້ໂປຣແກຣມທີ່ເອີ້ນໃຊ້. ກົງກັນຂ້າມກັບ actual parameter
formate 	ການຈັດເກັບຮູບ, ການກະກຽມຟະລັອບປີດິດ ຫຼືຮາດດິດ ເພື່ອໃຫ້ສາມາດເກັບຂໍ້ມູນໄດ້ຕາມປະເພດຂອງຄອມພິວເຕີ.
FORMATE 	ຄຳສັ່ງໃນ DOS ທີ່ໃຊ້ຈັດຮູບແບບດິດ, ລວມທັງການກວດຄວາມຜິດປົກະຕິຂອງດິດທາງກາຍຍະພາບນຳ. ຄຳສັ່ງນີ້ສ້າງ system area ທີ່ເກັບ root record, root directory ແລະ file allocation table ນຳອີກ.
formatting 	ຄຳສັ່ງພິເສດໃນໂປຣແກຣມ Word processing ສຳຫຼັບຈັດຮູບແແບຕົວອັກສອນໃຫ້ປ່ຽນເປັນໂຕເນີ້ງ, ຕົວໜາ, ຂີດກ້ອງ ແລະອື່ນໆ. ຮູບແບບລະຫັດດັ່ງກ່າວຈະຫາຍໄປເມື່ອເຮົາບັນທຶກເປັນASCII text file.
FORTH 	ພາສາໂປຣແກຣມລະດັບສູງພາສາໜຶ່ງສ້າງຂື້ນໂດຍ Charles Morr, ເປັນພາສາໂປຮແກຮມພາສາດຽວ ທີ່ໃຫ້ໂປຣແກຣມເມີກຳນົດປະໂຫຍກຄຳສັ່ງຂອງຕົວເອງຈາກປະໂຫຍກຄຳສັ່ງສາມັນທີ່ມີໄວ້ໃຫ້. ພາສາ FORTH ບໍ່ໄດ້ຖຶກນຳໃຊ້ກວ້າງຂວາງພໍເທົ່າໃດ.
FORTRAN 	ຫຍໍ້ມາຈາກ FORmula TRANslator, ຊື່ຂອງພາສາໂປຣແກຣມລະດັບສູງ
forward 	ການສົ່ງຜ່ານ e-mail ຈາກຜູ້ໃຊ້ຄົນໜຶ່ງໄປຫາຜູ້ໃຊ້ຄົນໜຶ່ງ.
FOSS 	ເບີ່ງ Free Open Source Software.
foundation course 	ໝວດວິຊາພື້ນຖານ.
fountain fill 	ການໃສ່ສີນັບຕັ້ງແຕ່ສອງສີຂື້ນເມືອ.
four track 	ຂະບວນການບັນທຶກສຽງທີ່ແຍກ4ຮ່ອງສຽງ.
fractal 	ຮູບຮ່າງທີ່ປະກອບດ້ວຍລາຍລະອຽດທີ່ບໍ່ສີ້ນສຸດ.
fragmentation 	ການແຕກກະຈາຍ, ການແຍກອອກເປັນສ່ວນໆ.
frame 	ຂອບ, ໃນການສື່ສານໝາຍເຖິງກຸ່ມຂອງບິດທີ່ເຮັດໃຫ້ເກີດເປັນຊຸດຂອງຂໍ້ມູນໜ່ວຍດຽວທີ່ພໍດີ ແລະ ເໝາະສົມໃນການສົ່ງ.
frame doubler 	ຕົວເພີ່ມທະວີຂື້ນສອງເທົ່າຂອງອັດຕາພາບ.
frame grabber 	ແຜນວົງຈອນເສີມທີ່ໃຊ້ໃນການກວດຈັບຮູບພາບຈາກກ້ອງວີດີໂອ
frame relay 	ໄດ້ຮັບການກຳນົດໃຫ້ເປັນມາດຕະຖານສາກົນ ເພີ່ອໃຊ້ໃນການສື່ສານຂໍ້ມູນຄວາມໄວສູງສຳຫຼັບເຄື່ອຂ່າຍ WAN ເປັນເຕັກໂນໂລຊີການສົ່ງ ຂໍ້ມູນແບບແພັກເກດສະວິດຊິງ.
framing 	ການຈັບພາບຂອງກ້ອງຖ່າຍໃນການບໍລິເວນທີ່ຕ້ອງການ
framing error 	 ຄວາມຜິດປົກກະຕິທີ່ເກີດຂື້ນຈາກການສົ່ງອັກສອນທີ່ບໍ່ຕໍ່ເນື່ອງ ຈື່ງເປັນສາເຫດໃຫ້ເກີດມີບິດຂໍ້ມູນຜິດພາດ. ເຊັ່ນໃນ RS-232. ສ່ວນຫຼາຍເກີດຈາກການຮັບສົ່ງຂໍ້ມູນທີ່ມີອັດຕາຄວາມໄວຜິດປົກກະຕິ.
Fred 	ລະບົບອິນເຕີເຟດສຳລັບໃຊ້ບໍລິການໄດເຣັກທໍຣີ X.500 ໃນອີເມວ.
free activities 	ກິດຈະກຳອິດສະລະ.
free memory 	ພື້ນທີ່ວ່າງຂອງໜ່ວຍຄວາມຈຳ
Free Open Source Software 	ໃຊ້ຄຳຫຍໍ້ວ່າ FOSS, ຊອບແວທີ່ອານຸຍາດໃຫ້ສາມາດແກ້ໄຂໂປຣແກຣມໄດ້. ເບີ່ງ Open source
Free Software Foundation 	ໃຊ້ຄຳຫຍໍ້ວ່າ FSF, ອົງກອນພັດທະນາ ແລະ ແຈກຈ່າຍຊອບແວໃຫ້ໃຊ້ໂດຍບໍ່ຄິດລາຄາ.
Freenet 	ເປັນເຄືອຂ່າຍທີ່ຢູ່ພາຍໃຕ້ການເບີ່ງແຍງຂອງ NPTN (National Public Telecomputing Network) ເປັນເຄືອຂ່າຍຂອງອົງກອນທີ່ຈັດບໍລິການໃຫ້ໃຊ້ເຄືອຂ່າຍແກ່ຜູ້ໃຊ້ທົ່ວໄປໂດຍບໍ່ຄິດມູນຄ່າ, ເປັນອົງກອນທີ່ໃຫ້ບໍລິການເຂົ້າໃຊ້ອິນເຕີເນັດ ເຊີ່ງມັກຈະຜ່ານຫ້ອງສະໝຸດສາທາລະນະ ຫຼື ມະຫາວິທະຍາໄລທ້ອງຖີ່ນ.
freespace 	ທີ່ວ່າງ, ສູນຍາກາດ.
freespace loss 	ການສູນເສຍຂອງສັນຍານໃນບ່ອນວ່າງ ຫຼືໃນສູນຍາກາດ.
freeware 	ຊອບແວໃຫ້ລ້າໆໃນອິນເຕີເນັດສາມາດເອົາໃຊ້ໄດ້ ແລະ ແຈກຈ່າຍໄດ້ແຕ່ດັດແປງບໍ່ໄດ້.
Freeze 	ການຢຸດພາບວິດີໂອໃນຂະນະທີ່ພວມສາຍຢູ່ ຫຼືການເຮັດໃຫ້ພາບຢຸດເຄື່ອນທີ່.
Frequency 	ຄວາມຖີ່.
Frequency Band 	ແຖບຄວາມຖີ່/ຊ່ອງຄວາມຖີ່.
Frequency Modulation 	ໃຊ້ຄໍາຫຍໍ້ວ່າ FM, ການປະສົມສັນຍານທາງຄວາມຖີ່ເຊິ່ງໃຊ້ໃນລະບົບວິທະຍຸ FM.
Frequency rang 	ຂອບເຂດຂອງຄວາມຖີ່.
Frequency reuse 	ການໃຊ້ຄວາມຖີ່ຊໍ້າ.
friction feed 	ວິທີການເລື່ອນເຈ້ຍໂດຍການກົດລູກກິ້ງທັບເຈ້ຍ, ການໝູນ friction feed ເປັນວິທີການທີ່ນັກພິມດີດໃຊ້ເລື່ອນເຈ້ຍເທື່ອລະແຖວເຄື່ອງພິມແບບອິງເຈັດ ແລະເລເຊີກໍ່ໃຊ້ວິທີນີ້.
friendly name 	ຊື່ທີນິຍົມໃຊ້ ຫຼືຊື່ທີ່ມີຄວາມຄຸ້ນເຄີຍເຊັ່ນເຄື່ອງພິມໃນລະເຄື່ອງຂ່າຍ \\aisun1\ttyalj4ທີ່ພາຍຫຼັງເອີ້ນວ່າ friendly name .
front end 	 ໂປຣແກຣມ ຫຼືຄອມພິວເຕີທີ່ເຊື່ອງລາຍລະອຽດກ່ຽວກັບໂປຣແກຣມ ຫຼື ຄອມພິວເຕີອື່ນເອົາໄວ້. ຈາກແນວຄິດດັ່ງກ່າວ, ສະຫຼຸບໄດ້ວ່າໂປຣແກຣມທຸກໂປຣແກຣມແມ່ນ front end ທີ່ກັນຜູ້ໃຊ້ບໍ່ໃຫ້ຮູ້ລາຍລະອຽດການເຮັດວຽກທີ່ຊັບຊ້ອນຂອງຄອມພິວເຕີວ່າຈະເປັນແນວໃດ. ໂດຍສ່ວນໃຫຍ່ແລ້ວຕົວ front end ຈະເຮັດໃຫ້ການໃຊ້ຄອມພິວເຕີງ່າຍກ່ວາໂປຣແກຣມສ່ວນຫຼາຍ, ຕົວຢ່າງໜື່ງໄດ້ແກ່ປະເພດທີ່ໃຊ້ເປັນຕົວເຊື່ອມໄປຫາເຄື່ອງເມນເຟຣມ.
front end processed 	ຄອມພິວເຕີ ຫຼືໜ່ວຍການປະມວນຜົນໃດໆເຊິ່ງຜະລິດ ແລະ ຈັດການກ່ຽວກັບຂໍ້ມູນອອກມາ ກ່ອນທີ່ໜ່ວຍປະມວນຜົນອື່ນໆຈະໄດ້ຮັບຂໍ້ມູນນັ້ນ.
front projection 	ການສາຍພາບດ້ານໜ້າ.
FTP mail 	ລະບົບທີ່ຊ່ວຍໃຫ້ຖ່າຍໂອນໂປຣແກຣມຕ່າງໆທາງ e-mail.
FTP server 	ຄອມພິວເຕີທີ່ເກັບຟາຍຂໍ້ມູນ ແລະ ໂປຣແກຣມ ແລະ ເຮັດໜ້າທີ່ເປັນໂຕໃຫ້ບໍລິການຖ່າຍໂອນຂໍ້ມູນໃນລະບົບ FTP.
FTP site 	ສະຖານທີ່ ຫຼື ສູນບໍລິການທີ່ໃຫ້ບໍລິການໃນລະບົບ FTP.
Full adder 	ວົງຈອນບວກເລກຖານສອງແບບສົມບູນ.
Full duplex 	ການສົ່ງຜ່ານຂໍ້ມູນແບບສອງທິດທາງ ໃນເວລາດຽວກັນຢ່າງຕໍ່ເນື່ອງ.
Full height drive 	ຊ່ອງໃສ່ດີສທີ່ມີຄວາມສູງປະມານ 3.25 ນີ້ວ ຫຼື ມີຄວາມສູງເປັນສອງເທົ່າຂອງຊ່ອງໃສ່ແບບ half height drive .
Full motion video 	ເປັນວິດີໂອຜູ້ຊົມສາມາດເບິ່ງໄດ້ຢ່າງຕໍ່ເນື່ອງ ແລະ ສົມບູນແບບ.
full pathname 	ຊື່ເສັ້ນທາງແບບເຕັມ, ໝາຍເຖິງຊື່ຟາຍລວມກັບຊື່ຂອງຊ່ອງໃສ່ດີສ ແລະ ໄດເຣັກທໍຣີທີ່ຟາຍນັ້ນເກັບຢູ່. ຕົວຢ່າງຊື່ເສັ້ນທາງແບບເຕັມໄດ້ແກ່ C:\WINDOWS\SYSTEM\WIN.INI, D:\UTIL\ZIP\PKZIP.EXE A:\HEP\LOST\BYE.BAT.
full rights 	ເປັນພາສາທີ່ບໍ່ເປັນທາງການ ມີຄວາມໝາຍເຊັ່ນດຽວກັນກັບສິດທັງໝົດທີ່ກ່ຽວຂ້ອງກັບລິຂະສິດ.
full screen 	ເຕັມຈໍພາບ.
full screen terminal 	terminal ຄອມພິວເຕີທີ່ຜູ້ໃຊ້ພິມເຄື່ອງໝາຍໃດໜື່ງໃນຈໍສະແດງຜົນ.
full text search 	ການຄົ້ນຫາໂດຍຄົ້ນຫາທຸກຄຳສັບໃນເອກະສານ.
function 	ຟັງຊັນ. ໃນເລື່ອງການຂຽນໂປຣແກຣມ ຄື ໂປຣແກຣມຍ່ອຍຂອງພາສາຄອມພິວເຕີທີ່ເຮັດການຄຳນວນຄ່າ ແລ້ວສົ່ງກັບໄປໃຫ້ໂປຣແກຣມຫຼັກ.
function key 	 ປຸ່ມຟັງຊັນ, ປຸ່ມພິເສດທີ່ຢູ່ສ່ວນເທິງສຸດຫຼືດ້ານຊ້າຍຂອງແປ້ນພິມທີ່ອອກແບບມາເພື່ອສົ່ງຄຳສັ່ງໄປໃຫ້ຄອມພິວເຕີໂດຍສະເພາະ. ແປ້ນຄອມພິວເຕີສ່ວນໃຫຍ່ຈະມີປຸ່ມຟັງຊັນ 12 ປຸ່ມ ຕັ້ງແຕ່ F1 ເຖິງ F12 ປຸ່ມຟັງຊັນເປັນປຸ່ມລັດແທນປຸ່ມອື່ນຫຼາຍໆປຸ່ມເຊັ່ນ: Ctrl-S-D ເຊິ່ງຈະຈື່ໄດ້ງ່າຍກ່ວາ, ແຕ່ໂປຣແກຣມຕ່າງໆກັນຈະໃຊ້ປຸ່ມຟັງຊັນຄົນລະວຽກກັນ.
further training 	ການອົບຮົມຕໍ່ຍອດ.
fuzzy 	ບໍ່ຈະແຈ້ງ.
fuzzy logic 	ຕັກກະສາດແບບບໍ່ຈະແຈ້ງ, ຕັກກະສາດປະເພດໜ້ື່ງທີ່ຫຼີກເວັ້ນການຢັ້ງຢືນຄຳຕອບດຽວ.
Fuzzy wuzzy 	ຄວາມຮູ້ສຶກວິນຫົວເມື່ອງເບິ່ງໜ້າຈໍຄອມພິວເຕີເປັນໄລຍະເວລາດົນ.
gage or gauge 	 ອຸປະກອນໃຊ້ໃນການວັດແທກ.
gain 	ອັດຕາການຂະຫຍາຍສໍາລັບເຄື່ອງຂະຫຍາຍສຽງ ຫຼື ເຄື່ອງຮັບ, ປະລິມານການຂະຫຍາຍຂອງສຽງໂດຍວົງຈອນຂະຫຍາຍສຽງ.
gallium arsenide 	ສັນຍະລັກໃນຕາຕະລາງທາດໃຊ້ GaAs, ເປັນໂລຫະປະສົມທີ່ໃຊ້ໃນການຜະລິດຊິບເຮັດວຽກໄວກ່ວາຊິລິຄອນ, ນອກນັ້ນຍັງທົນຄວາມຮ້ອນ ແລະ ລັງສີໄດ້ດີກ່ວາ ແລະ ໃຊ້ພະລັງງານນ້ອຍກ່ວາ.
Game 	ເກມ, ການຫຼີ້ນ.
game control adapter 	ແຜ່ນວົງຈອນພິເສດ ທີ່ມີພອດສໍາລັບສຽບຈອຍສະຕິກເຂົ້າໄປໃນເຄື່ອງຄອມພິວເຕີ ເພື່ອຫຼີ້ນເກມ.
gang punch 	ການເຈາະຊຸດບັດຄອມພິວເຕີດ້ວຍຂໍ້ມູນຄືກັນ.
Gantt chart 	ແຜນພາບທີ່ມັກໃຊ້ໃນຊອບແວບໍລິຫານໂຄງການທີ່ສາມາດ ສະແດງໄດ້ ຫຼາຍວຽກ, ພ້ອມກຳນົດເວລາທີ່ຈຳເປັນ ຕໍ່ການດຳເນີນງານຂອງໂຄງການ.
Garbage 	ຂີ້ເຫຍື້ອ, ຂໍ້ມູນທີ່ບໍ່ມີປະໂຫຍດ ຫຼື ຖອດລະຫັດອອກມາບໍ່ໄດ້ ຄອມພິວເຕີບາງເຄື່ອງສ້າງຖັງຂີ້ເຫຍື້ອອກມາເອງ, ບາງເຄື່ອງຮັບໄປຈາກຜູ້ໃຊ້.
gas Plasma display 	ຈໍພາບຊະນິດພິເສດທີ່ອອກແບບມາເພື່ອໃຊ້ກັບໂນດບຸກ.
Gate 	ປະຕູສັນຍານ, ວົງຈອນເອເລັກໂຕຣນິກທີ່ມີຊ່ອງຮັບສັນຍານເຂົ້າ ຕັ້ງແຕ່ໜື່ງຊ່ອງຂຶ້ນໄປ ແລະ ມີພຽງຊ່ອງສັນຍານອອກພຽງໜື່ງຊ່ອງເທົ່ານັ້ນ.
Gateway 	ອຸປະກອນເຊື່ອມຕໍ່ທີ່ໃຊ້ຮ່ວມກັນລະຫວ່າງເຄືອຂ່າຍຕ່າງຊະນິດກັນ ຫຼື ເຄືອຂ່າຍ LAN ກັບລະບົບທີ່ໃຫຍ່ກ່ວາ.
Geek 	ຜູ້ມີຄວາມຮູ້ ຫລື ຊ່ຽວຊານເລື່ອງຄອມພິວເຕີ, ເຄືອຂ່າຍ ຫລື ອິນເຕີເນັດເປັນຢ່າງດີ.
geekus maximus 	 ຜູ້ທີ່ມີຄວາມຮູ້ສູງ ແລະຮູ້ກ່ຽວກັບຄອມພິວເຕີຫລາຍເຊັ່ນດຽວກັບ geek, ແຕ່ບໍ່ມີຄົນສົນໃຈ, ເນື່ອງຈາກມະນຸດສຳພັນບໍ່ດີ.
gender bender 	ປັກສຽບພິເສດທີ່ເອີ້ນວ່າ gender changer ກໍ່ໄດ້, ປັກສຽບທີ່ເອົາໄວ້ປ່ຽນສາຍ ຕໍ່ຕົວເມຍໃຫ້ເປັນຕົວຜູ້ ຫລື ຕົວຜູ້ໃຫ້ເປັນຕົວເມຍ ໃນກໍລະນີທີ່ຕ້ອງການຕໍ່ສາຍເຄເບິນ 2 ສາຍທີ່ເປັນຕົວຜູ້ທັງຄູ່ ຫລືຕົວເມຍທັງຄູ່.
general protection fault 	ຄວາມຜິດພາດທີ່ເກີດຂື້ນໃນ Microsoft Windows ເນື່ອງຈາກການພະຍາຍາມເຂົ້າໃຊ້ຫນ່ວຍຄວາມຈຳໃນຕຳແຫນ່ງທີ່ຜິດພາດ ມັກຈະເກີດຈາກການຂຽນຜິດພາດ ຫລື ເກີດຈາກການກຳນົດລາຍລະອຽດຂອງໂປຣແກຣມຜິດພາດ.
general purpose computer 	ຄອມພິວເຕີອະເນກປະສົງ.
general purpose space 	ພື້ນທີ່ອະເນກປະສົງ.
generation 	ຍຸກ, ລຸ້ນ, ການກໍ່ກຳເນີດ.
generator 	ຕົວກຳເນີດ ຫລືຕົວຜະລິດ ເຊັ່ນ ເຄື່ອງກຳເນີດໄຟຟ້າ, ແຫລ່ງກຳເນີດພະລັງງານໄຟຟ້າທີ່ເກີດຈາກການໝູນ ຫລື ໂປຣແກຣມໃໝ່ທີ່ໃຊ້ໃນການສ້າງຫນ້າທີ່ໃຫ່ນເຊັ່ນ ໂປຣແກຣມຍ່ອຍທີ່ໃຊ້ສ້າງແບບລາຍງານ, ໂປຣແກຣມຍ່ອຍທີ່ໃຊ້ສ້າງຂໍ້ມູນເຂົ້າ/ອອກ.
geostationary orbit 	ວົງໂຄຈອນຊະນິດໜື່ງຂອງດາວທຽມ, ເຊິ່ງບາງຄັ້ງເອີ້ນວ່າວົງໂຄຈອນຄ້າງຟ້າ.
germanium 	ທາດເຈມີນຽມ, ໂລຫະຊະນິດທີ່ສອງເຊິ່ງນິຍົມເອົາມາໃຊ້ເຮັດສານເຄິ່ງຕົວນຳ, ຊະນິດທຳອິດຄື ຊິລິຄອນ.
GIF 	 ຫຍໍ້ມາຈາກ Graphics Interchange Format, ຟາຍຮູບພາບທີ່ມີຮູບພາບແບບພິເສດເຊິ່ງພັດທະນາຂື້ນມາໂດຍ compuServe ເພື່ອໃຊ້ເກັບພາບ ກຮາບຟິກ ທີ່ຄອມພິວເຕີທຸກເຄື່ອງໃຊ້ວຽກໄດ້, ມີນາມສະກຸນວ່າ GIF.
Giga 	ກິກາ, 230 ຫລື 109.
gigabyte 	ກິກາໄບ, ໃຊ້ຄຳຫຍໍ້ວ່າ GB, ມີຄ່າປະມານ 1 ພັນລ້ານໄບ ແຕ່ຄວນຈະຕ້ອງນັບເປັນແບບກຳລັງຂອງ 2 ເຊິ່ງກິກະໄບຄື 2 ກຳລັງ 30 ຫລື 1,037,741,824 ໄບ.
glare filler 	ແຜ່ນໃສທີ່ໃຊ້ປິດຫນ້າຈໍຄອມພິວເຕີ ເພື່ອຫລຸດຄວາມເຂັ້ມຂອງແສງ.
glitch 	ສັນຍານລົບກວນທີ່ອາດເຮັດໃຫ້ອຸປະກອບໄຟຟ້າເກີດ ຄວາມເສຍຫາຍໄດ້, ສັນຍານທີ່ບໍ່ຕໍ່ເນື່ອງ ຫລື ຜິດປົກກະຕີເຊິ່ງມີຜົນໃຫ້ເກີດຄວາມຜິດພາດໃນເຄື່ອງຄອມພິວເຕີ, ຊອບແວ ຫລື ໂປຣແກຣມຄອມພິວເຕີ.
global 	ການຄອບຄຸມຢ່າງກວ້າງຂວາງ, ເມື່ອເອົາມາໃຊ້ໃນຄອມພິວເຕີຫມາຍເຖິງລວມທັງຫມົດ.
global positioning system 	ລະບົບດາວທຽມທີ່ສຳລັບໃຊ້ກຳນົດຕຳແຫນ່ງໃນຫນ່ວຍໂລກ ໂດຍມີດາວທຽມໃນທ້ອງຟ້າມີຫລາຍກວ່າ 4 ດວງສົ່ງສັນຍານມາຫາເຄື່ອງຮັບ ເຊິ່ງເຄື່ອງຮັບສັນຍານຈະກຳນົດພິກັດຕຳແຫນ່ງໃນພື້ນໂລກໄດ້.
global regular expression print 	ເປັນຄຳສັ່ງໃນຍູນິກ ເຊິ່ງອອກແບບມາເພື່ອໃຊ້ຄົ້ນຫາຂໍ້ຄວາມພາຍໃນຟາຍ, ແຕ່ຄຳສັ່ງນີ້ມີທາງເລືອກຢູ່ຫລາຍ ເຊິ່ງໂປຣແກຣມເມີນິຍົມໃຊ້ລວມທັງຄຳສັ່ງນີ້ຍັງມີຢູ່ໃນຄອມພິວເຕີເກືອບທຸກຊະນິດ.
global system for mobile communication 	ມາດຕະຖາມລະບົບໂທລະສັບເຄື່ອນທີ່ ເຊິ່ງໃຊ້ກັນຫລາຍໃນເອີຮົບ ຕາມມາດຕະຖານນີ້ລະບົບຈະໃຊ້ຄວາມຖີ່ 900 ແລະ 1800 ເມກະເຮີດ.
global variable 	ຕົວປ່ຽນສ່ວນກາງ, ຕົວປ່ຽນລວມ, ຕົວປ່ຽນທີ່ໃຊ້ຮ່ວມກັນໃນໂປຣແກຣມຫລັກ ແລະ ໂປຣແກຣມຍ່ອຍ.
Google 	ຊື່ເວັບໄຊທີ່ໃຊ້ຄົ້ນຂໍ້ມູນ ເຊີ່ງນິຍົມກັນຫລາຍ, ເພາະສາມາດຄົ້ນຫາໄດ້ດີ, ຈັດຮຽງຂໍ້ມູນເປັນລະບົບ.
gopher 	ໂກເຟີ, ລະບົບງານໃນອີນເຕີເນັດເພື່ອການຄົ້ນຫາ.
gopherspace 	ພື້ນທີ່ ຫລືຊັບພະຍາກອນອິນເຕີເນັດ ທີ່ໂກເຟີເຂົ້າໄປຄົ້ນຫາໄດ້ ຫລືການເຂົ້າໃຊ້ບໍລິການໄດ້.
GOTO 	ຄຳສັ່ງທີ່ມີໃຊ້ໃນພາສາໂປຣແກຣມຫຼາຍພາສາ ແລະ ໃນແບັດຟາຍ, ເຊິ່ງເປັນຄຳສັ່ງບອກໃຫ້ຄອມພິວເຕີປ່ຽນຕຳແໜ່ງການເຮັດວຽກໄປຫາຕຳແໜ່ງອື່ນ.
GPRS 	ຫຍໍ້ມາຈາກ General Packet Radio Service ການເພີ່ມມາດຕະຖານລະບົບໂທລະສັບເຄື່ອນທີ່ GSM ໃຫ້ມີຄວາມສາມາດສົ່ງຂໍ້ມູນຜ່ານດາຕາແພັກເກັດໄດ້ຢ່າງຕໍ່ເນື່ອງ ເຊັ່ນ: ການເບິ່ງຂໍ້ມູນໃນອິນເຕີເນັດ ແລະ ການຮັບສົ່ງ e-mail ເປັນຕົ້ນ.
graceful degradation 	 ການເສື່ອມເທື່ອລະໜ້ອຍ.
gradient paint roller 	ເຄື່ອງມືທີ່ພົບໃນໂປຣແກຣມຕົບແຕ່ງຮູບພາບໂດຍໃສ່ສີຈາກສີໜື່ງໄປຫາອີກສີໜື່ງ.
grading 	ການເຮັດເຄື່ອງໝາຍ ຫຼື ການຈັດລຳດັບ.
grain 	ເມັດ, ຊີ້ນສ່ວນ.
grammar checker 	ໂປຣແກຣມພິເສດ ມີໜ້າທີ່ກວດຫາຄວາມຜິດທາງໄວຍາກອນຈາກຂໍ້ຄວາມໃນເອກະສານ.
gramophone 	ຫີບສຽງ.
graph 	ກຣາບ, ແຜ່ນພາບທີ່ໃຊ້ຈຸດ, ຮູບແທ່ງເສັ້ນ ຫຼືສັນຍະລັກອື່ນໆແທນ ເພື່ອສະແດງໃຫ້ເຫັນຄວາມສຳພັນລະຫວ່າງແກ່ນຕັ້ງ ແລະ ແກນນອນ.
graph plotter 	ເຄື່ອງແຕ້ມແຜ່ນກຣາບ.
graphic layout 	ການອອກແບບຂໍ້ຄວາມ ຫຼືແຜ່ນກຣາບຟິກໃນໜ້າເຈ້ຍ.
graphic materials 	ວັດສະດຸກຣາບຟິກ.
Graphical User Interface 	ໃຊ້ຄຳຫຍໍ້ວ່າ GUI, ວິທີການຕິດຕໍ່ກັບຄອມພິວເຕີແບບກຣາບຟິກໂດຍໃຊ້ mouse ເຮັດວຽກກັບໄອຄອນ ແລະ ວິນໂດ.
graphics 	ຄວາມສາມາດຂອງຄອມພິວເຕີໃນການສະແດງຜົນເປັນພາບນ້ອຍໆສວຍງາມໃນຈໍພາບ ຄອມພິວເຕີລຸ້ນໃໝ່ໆສ່ວນຫຼາຍມີຈໍພາບທີ່ສະແດງຜົນພາບກຣາບຟິກໄດ້. ແຕ່ຄອມພິວເຕີເກົ່າໆບາງລຸ້ນມີຈໍພາບເຮັດບໍ່ໄດ້. ຖ້າພະຍາຍາມໃຊ້ໂປຣແກຣມທີ່ຕ້ອງການກຣາບຟິກ ເຊັ່ນ: ເກມ, ໂປຣແກຣມຈະເຮັດວຽກບໍ່ໄດ້.
graphics accelerator board 	ແຜ່ນວົງຈອນເສີມທີ່ມີໂປຣເຊັດເຊີຊ່ວຍວຽກ ເຊີ່ງເຮັດການປະມວນຜົນກຣາບຟິກ ເຊັ່ນດຽວກັບວົງຈອນທີ່ຢູ່ໃນແຜ່ນວົງຈອນສ່ວນສະແດງຜົນເຮັດໜ້າທີ່ແບ່ງເບົາພາລະໃນເລື່ອງການປະມວນຜົນກຣາບຟິກຈາກໂປຣເຊັດເຊີຫຼັກ ເພື່ອເພີ່ມປະສິດຕິພາບໂດຍລວມຂອງລະບົບ.
graphics adapter 	ຕົວປັບພາບກຣາບຟິກ.
graphics adapter card 	ແຜ່ນວົງຈອນສະແດງຜົນກຣາບຟິກ. ໃຊ້ສຽບເຂົ້າໄປໄນຄອມພິວເຕີເພື່ອໃຊ້ຕໍ່ກັບຈໍພາບ ເຊັ່ນ: CGA. EGA. VGA ແລະ super VGA.
graphics card 	ຄາດສະແດງຜົນ, ຄາດຈໍ.
graphics mode 	ພາວະຂອງແຜ່່ນວົງຈອນສ່ວນສະແດງຜົນ ເຊິ່ງສະແດງຜົນທຸກຢ່າງໃນຈໍພາບເປັນ pixel ຕໍ່ pixel ແຕກຕ່າງຈາກພາວະຂໍ້ຄວາມທີ່ຈະໃຊ້ເປັນຕົວອັກສອນທີ່ສ້າງມາແລ້ວໃນຊຸດຂອງຕົວອັກສອນ.
graphics tablet 	ເຄື່ອງອ່ານຕໍາແໜ່ງກຣາບຟິກ.
graphics terminal 	 ເຄື່ອງ terminal ຫຼື ເຄື່ອງພີຊີທີ່ຈໍພາບມີຄວາມລະອຽດສູງພຽງພໍແກ່ການສະແດງພາບກຣາບໄດ້.
graphing calculator 	ເຄື່ອງຄິດເລກຈໍໃຫຍ່ສາມາດສະແດງກຣາບຟິກທາງຄະນິດສາດ ແລະ ຂໍ້ມູນ.
graphs 	ການນຳສະເໜີຄວາມສຳພັນຂອງຈຳນວນໃຫ້ເປັນພາບເຊັ່ນ: ຄ່າໃຊ້ຈ່າຍ, ໄລຍະທາງ, ຄວາມໄວເປັນຕົ້ນ. ປະເພດຂອງກຣາບທີ່ມັກໃຊ້ກັນໄດ້ແກ່ພາບເສັ້ນພາບ, ວົງກົມ ແລະ ພາບແບບກະຈາຍ. ໂປຣແກຣມ spreadsheet ສ່ວນຫຼາຍຊ່ວຍໃຫ້ສ້າງກຣາບຈາກຂໍ້ມູນໄດ້.
gray scale 	ຄວາມເຂັ້ມຂອງສີເທົາ.
grayed 	ເປັນສີເທົາ, ການສະແດງໂຕເລືອກເປັາສີເທົາ ເພື່ອບອກວ່າໃນເວລານັ້ນບໍ່ສາມາດໃຊ້ຄຳສັ່ງນັ້ນໄດ້.
Greenwich Mean Time 	ໃຊ້ຄຳຫຍໍ້ວ່າ GMT, ເວລາສະເລ່ຍຂອງ ກຣີນນິດ.
grid 	ກຮີດ, ຈຸດລຽນຕໍ່ກັນເພຶ່ອຊ່ວຍໃນການກຳນົດການຕໍາແໜ່ງໃຫ້ຜູ້ໃຊ້ສາມາດແຕ້ມຮູບໃນຈໍພາບໄດ້ຕາມແນວ. ມັກໃຊ້ໃນໂປຣແກຣມ desktop publishing ແລະ ຈັດມູມໄດ້ຢ່ງສົມບູນ.
grid system 	ວິທີໃນການວາງແຜນຂອງໜ້າຕາຂອງເອກະສານທີ່ມີຄວາມກ່ຽວຂ້ອງກັນ.
group 	ການລວມ, ການໂຮມກັນ, ກຸ່ມຂອງ application.
grounding 	ການຕໍ່ສາຍດິນ.
group instruction 	ການສອນແບບກຸ່ມ.
group learning 	ການຮຽນແບບກຸ່ມ.
group license 	ໃບອະນຸຍາດເປັນກຸ່ມ.
group support system 	 ລະບົບທີ່ສະໜັບສະໜູນການເຮັດວຽກ ແລະ ການປະມວນຜົນລະດັບເປັນກຸ່ມ.
group teaching 	ການສອນເປັນກຸ່ມ.
GSM 	ຫຍໍ້ມາຈາກ Global System for Mobile Communication, ມາດຕະຖານລະບົບໂທລະສັບເຄື່ອນທີ່ ເຊິ່ງໃຊ້ກັນຫຼາຍໃນອີຣົບ, ຕາມມາດຕະຖານນີ້ລະບົບຈະໃຊ້ຄວາມຖີ່ 900 ເມກະເຮີດ ແລະ 1800 ເມກະເຮີດ.
guard band 	ແຖບຄວາມຖີ່ກັ້ນ. ໃຊ້ໄວ້ຂັ້ນຊ່ອງສັນຍານໃກ້ກັນ 2 ຊ່ອງຂຶ້ນໄປ.
guest 	ຜູ້ໃຊ້ຊົ່ວຄາວ/ແຂກ, ຊື່ບັນຊີໃນຍູນິກ ເຊິ່ງເປີດສຳລັບຜູ້ເຂົ້າມາໃຊ້ລະບົບຊົ່ວຄາວ.
guided discovery 	ການຄົ້ນພົບໂດຍການແນະນຳ.
guidelines 	ເສັ້ນທີ່ຊ່ວຍໃນການກຳນົດຕຳແໜ່ງຂອງອັກສອນ ແລະ ວັດຖຸອື່ນນໆ.
Gunzip 	ໂປຣແກຣມການບີບອັດຟາຍແບບ gzໃນລະບົບຍູນິກ.
guru 	ຜູ້ທີ່ມີຄວາມຮູ້ຫຼາຍກ່ຽວກັບຄອມພິວເຕີ ສາມາດຊ່ວຍແກ້ບັນຫາ, ຕອບບັນຫາ ແລະ ໃຫ້ຄຳແນະນຳໄດ້.
gutter 	ຂອບດ້ານໃນຫຼືຊ່ອງວ່າງລະຫວ່າງໜ້າທີ່ຕິດກັນ ຫຼື ລະຫວ່າງຖັນໃນໜ້າດຽວກັນໃນໂປຣແກຣມ desktop publishing ແລະ ເວີດໂປຣເຊັດເຊີ.
Hack 	 ແຮັກ, ເຈາະລະບົບ, ການແກ້ໄຂໂປຼແກຼມຢ່າງຜິດກົດໝາຍ.
Hacker 	ແຮັກເກີ, ຜູ້ບຸກລຸກລະບົບຄອມພິວເຕີ.
Hairline 	ເສັ້ນທີ່ມີຂະໜາດນ້ອຍຫຼາຍປະມານ 0.003 ນີ້ວ.
Halation 	ວົງແສງ
half adder 	ວົງຈອນບວກແບບບໍ່ສົມບູນ, ວົງຈອນຕັກກະສາດສຳລັບບວກເລກຖານສອງ 2 ຈຳນວນແບບບໍ່ສົມບູນ
half card 	ແຜ່ນວົງຈອນເພີ່ມທີ່ໃຊ້ພື້ນທີ່ ທີ່ຕ້ອງການພຽງເຄິ່ງໜື່ງຈາກທີ່ໃຊ້ຢູ່ half card ມັກຈະເຮັດ ໜ້າທີ່ພຽງຜູ້ດຽວ ເຊັ່ນ ເພີ່ມ port game ຫຼືໂມເດັມເຂົ້າໄປຫາຄອມພິວເຕີ. ຄອມພິວເຕີລຸ້ນເກົ່າໆ ມີຊ່ອງສຽບ ແຜ່ນວົງຈອນເພິ່ມ ເຊິ່ງ half card ຈະສຽບເຂົ້າໄປໄດ້.
half duplex 	ການສົ່ງຜ່ານຂໍ້ມູນໄດ້ສອງທິດທາງໃນເວລາດຽວກັນ. ບາງຄັ້ງໂປຼແກຼມສື່ສານເອີ້ນວ່າ Echo Off ແທນ, ເຖິງວ່າຈະບໍ່ແມ່ນສີ່ງດຽວກັນ.
half subtractor 	ວົງຈອນລົບແບບບໍ່ສົມບູນ, ວົງຈອນຕັກກະສາດສຳລັບລົບເລກຖານສອງ 2 ຈຳນວນ.
hand off 	ການສົ່ງຕໍ່, ສົ່ງຕໍ່.
hand portable set 	ຊຸດໂທລະສັບມືຖື.
hand tool 	ໃຊ້ເຄື່ອນຍ້າຍໄປມາໃນຈໍສະແດງຜົນ.
handheld 	ມືຖື.
handheld computer 	ຄອມພິວເຕີທີ່ຍ້າຍໄປໃສມາໃສໄດ້ ໂດຍມີຂະໜາດນ້ອຍພຽງພໍທີ່ຈະຖືດ້ວຍມືດຽວ ເຊັ່ນ Pocket PC
handheld satellite phone 	ໂທລະສັບມືຖືຜ່ານດາວທຽມ
handles 	ໃນໂປຼແກຼມກຣາບຟິກ ແລະ desktop publishing ຄືສີ່ຫຼ່ຽມສີ່ດຳນ້ອຍໆ, ເຊິ່ງປະກົດລ້ອມຮອບສີ່ງທີ່ຖືກເລືອກ. ການແກ່ handle ດ້ວຍ mouse ຈະເຮັດສາມາດແກ້ໄຂຂະໜາດ ຫຼື ຕຳແໜ່ງຂອງສິ່ງທີ່ຢູ່ຈໍພາບໄດ້. ໃນທາງກົງກັນຂ້າມຄຳວ່າ handle ເມື່ອໃຊ້ໃນໂມເດັມໝາຍເຖິງຊື່ຂອງຜູ້ໃຊ້.
handouts 	ຂອງແຈກຟຣີ ເຊັ່ນ ໃບປິວ, ສິ່ງຕີພິມ.
handset 	ຫູໂທລະສັບ.
hang 	 ຄ້າງ, ຢຸດເຮັດວຽກຢ່າງກະທັນຫັນ.
hanging indent 	ຫຍໍ້ໜ້າໃໝ່
hard coded 	ຄຳອະທິບາຍເຖິງຊອບແວ ທີ່ຂຽນໃນແບບທີ່ບໍ່ໃຫ້ມີຄວາມຢືດຢຸ່ນ ຫຼື ການເພີ່ມເຕີມໃນອະນາຄົດ ເຊັ່ນ ຕົວປ່ຽນໃນໂປແກຼມ ອາດໃສ່ໄວ້ໃນລະຫັດຕົ້ນສະບັບແທນທີ່ຈະໄດ້ຮັບຂໍ້ມູນມາຈາກຜູ້ໃຊ້.
hand copy 	ຮາດກັອບປີ, ຂໍ້ມູນທີ່ຄອມພິວເຕີພິມອອກມາໃນເຈ້ຍ ຫຼື ຟີມ ເຊິ່ງຕ່າງຈາກຊອບກັອບປີ ບ່ອນວ່າ ຂໍ້ມູນຈະຖືກບັນທຶກລົງໃນດິດ ຫຼື ເທັບ ຫຼື ສະແດງຜົນໃນຈໍພາບ
hard disk 	ຮາດດິດ, ເປັນໂລຫະທີີ່ມີສານແມ່ເຫຼັກ ເຄືອບຢູ່ຢ່າງໜາແໜ້ນໃນກ່ອງ ແລະ ເອົາມາໃຊ້ເພື່ອເກັບຂໍ້ມູນຈຳນວນມະຫາສານ, ບາງຄັ້ງເອີ້ນວ່າ fixed disk, Winchester disk ຫຼື four-letter expletive.
hard page 	ໜ້າເຈ້ຍທີ່ຖືກບັງຄັບວ່າຕ້ອງໄປໜ້າໃໝ່. ໃນ Word processor ເຖິງວ່າໃນເອກະສານນັ້ນຈະເຕັມ ໜ້າ ຫຼື ບໍ່ເຕັມໜ້າກໍ່ຕາມໜ້າເຈ້ຍ ຈະຖືກບັງຄັບໃຫ້ໄປໜ້າໃໝ່ ເຊັ່ນ WordPerfect ການກຳນົດ hard page ໂດຍການກົດປຸ່ມ Ctrl ແລະ ປຸ່ມ Enter.
hard wall 	ພື້ນຜິວຮາບແຂງ
hardware 	ຮາດແວ, ສ່ວນປະກອບເອເລັກໂຕຣນິກທາງກາຍະພາບຂອງຄອມພີວເຕີເຊັ່ນ ເຄື່ອງພິມ, ໂມເດັມ, ໜ້າຈໍ ແລະແປ້ນພິມ. ກົງກັນຂ້າມກັບຊອບແວທີ່ເປັນໂປຣແກຣມ.
hardware interrupt 	ການອິນເທີຣັບຮາດແວ, ການຂັດຈັງວະໃນລະບົບຮາດແວ.
hardware platform 	ລະບົບເຄື່ອງ, ໂຄງສ້າງຂອງຄອມພິວເຕີສະເພາະລະບົບໜຶ່ງ ຈະສາມາດໃຊ້ວຽກຊອບແວທີ່ຂຽນຂື້ນສຳລັບລະບົບເຄື່ອງນັ້ນເທົ່ານັ້ນ.
Harvard architecture 	ຮູບແບບຂອງກສນອອກແບບຄອມພິວເຕີ ເຊີ່ງໂປຣແກຣມ ແລະ ຂໍ້ມູນຈະເກັບຢູ່ໃນໜ່ວຍຄວາມຈຳແບບແຍກອອກມາຈາກ.
hashing 	ວິທີການທີ່ໂປຣແກຮມໃຊ້ເພື່ອເກັບຂໍ້ມູນ ຕາມການຄຳນວນທາງຄະນິດສາດ.
Hayes compatibility 	ໂມເດັມເຊີ່ງອອກແບບໃຫ້ມີຄຸນສົມບັດຟັງຊັນການເຮັດວຽກ ແລະຊຸດຄຳສັ່ງທີ່ເຂົ້າກັນໄດ້ ໂດຍໂມເດັມຂອງ Hayes, ໂດຍໃຊ້ຊຸດຄຳສັ່ງ AT ເຊີ່ງໄດ້ກາຍເປັນມາດຕະຖານອຸດສະຫະກຳໄປແລ້ວ.
head 	ຫົວອ່ານເຮັດໜ້າທີ່ອ່ານຂໍ້ມູນຈາກດິດ.
head end 	ສະຖານີຕົ້ນທາງ, ອຸປະກອນຕົ້ນທາງ.
head mounted display 	ອຸປະກອນສະແດງຜົນທີ່ມີລັກສະນະເປັນໝວກໃຫ້ຜູ້ໃຊ້ໃສ່ ແລະມີຈໍພາບຂະນາດນ້ອຍຖືກກັບຕຳແໜ່ງສາຍຕາ ເມື່ອຜູ້ໃຊ້ຫັນຫົວໄປທາງໃດຄອມພິວເຕີຈະສ້າງພາບຖືກກັຍຕຳແໜ່ງທີ່ສາຍຕາເບີ່ງ.
head sink 	 ວັດຖຸທີ່ດູດຄວາມຮ້ອນ ໂດຍທົ່ວໄປແລ້ວຈະເຮັດຈາກອາລຸມີນຽມ ການລະບາຍຄວາມຮ້ອນສ່ວນຫລາຍ ຈະໃຊ້ອຸປະກອນກ່ຽວກັບເອເລັກໂຕຣນິກ, ນັບວ່າເປັນວິທີການລະບາຍຄວາມຮ້ອນທີ່ປະຢັດທີ່ສຸດ ໂດຍສະເພາະກັບຊິບ ຫຼື ຊີພີຢູ.
header 	ແຖວທີ່ຢູ່ເທີງສຸດຂອງໜ້າເຈ້ຍ.
header label 	ປ້າຍຫົວເລື້ອງ, ຂໍ້ຄວາມ ຫຼື ຂໍ້ມູນທີ່ຢູ່ຕອນເລີ້ມຕົ້ນຂອງຟາຍເຊີ່ງບອກເຖີງເລື່ອງຂອງຟາຍນັ້ນໆ.
headphone; headset 	ໂທລະສັບແບບໂຄ້ງຫົວ, ຫູຟັງແບບໂຄ້ງຫົວ.
help 	ຂໍ້ມູນຊ່ວຍ, ຂໍ້ມູນສຳຫລັບຊ່ວຍເຫລືອຜູ້ໃຊ້.
help system 	ລະບົບຂໍ້ມູນຊ່ວຍ, ການກຳນົດວິທີສະແດງຜົນຂໍ້ມູນຊ່ວຍໃນຈໍພາບໄວ້ກ່ອນ, ໄມໂຄຊອບ Window ມີລະບົບຂໍ້ມູນຊ່ວຍຢູ່ນຳ.
Helvetica 	ຟອນ Sans Serif ທຳມະດາທີ່ເບີ່ງສະອາດແລະຢູ່ໃນລະດັບມືອາຊີບ Windows ແລະ Macintosh ມີຟອນ Helvetica ໃຫ້ມານຳ.
Hercules graphics card 	ຄາດຈໍລຸ້ນທຳອິດສຳຫລັບເຄື່ອງ ໄອບີເອັມ, ໃຊ້ໃນເຄື່ອງຄອມພິວເຕີ ໄອບີເອັມລຸ້ນເກົ່າ. ຄາດນີ້ຫຼືອາເແດບເຕີນີ້ຈະເຮັດໃຫ້ມໍນິເຕີແບບສີດຽວສະແດງຜົນກຣາບຟິກໃນຮູບແບບທີ່ຈຳກັດ ເຊີ່ງມີໄດ້ພຽງສີດຽວເທົ່ານັ້ນອາດຈະເປັນສີຂຽວ ຫຼື ສີສົ້ມ.
hertz 	ໃຊ້ຄຳຫຍໍ້ວ່າ Hz, ຫົວໜ່ວຍວັດແທກຄວາມຖີ່ຂອງກະແສໄຟຟ້າ, ມັກໃຊ້ຫລາຍໃນການວັດແທກຄວາມໄວຂອງຄອມພິວເຕີ. ໃນ 1 ເຮີດຈະມີຄ່າເທົ່າກັບຈຳນວນຮອບຕໍ່ວິນາທີ.
heuristic process 	ການແກ້ບັນຫາແບບລອງຜິດລອງຖືກ ແຕ່ມີການປະເມີນແຕ່ລະຂັ້ນຕອນຈົນສຳເລັດຂອງຂະບວນການ.
heuristics 	ວິທີການແກ້ບັນຫາທີ່ບໍ່ມີທາງອອກຢ່າງຊັດເຈນ ເຊັ່ນການຫຼີ້ນໝາກລຸກ, ການຮູ້ຈຳພາບທີ່ເຫັນ. Heuristic ຈະໃຫ້ຄຳເນາະນຳເທົ່າທີ່ຈຳເປັນແກ່ຄອມພິວເຕີ ເພື່ອໃຫ້ເດົາໄດ້ດີທີ່ສຸດເທົ່າທີ່ຈະເປັນໄປໄດ້.
Hewlett Packard 	ບໍລິສັດຜູ້ຜະລິດເຄື່ອງພິມ ແລະ ອຸປກະກອນໄຟຟ້າຕ່າງໆ ສຳນັກງານໃຫຍ່ຢູ່ທີ່ Palo Alto, California.
hexadecimal 	ໃຊ້ຄຳຫຍໍ້ວ່າ hex, ລະບົບເລກຖານ 16.
hexadecimal number 	ຈຳນວນເລກຖານ 16 ໃຊ້ໂຕເລກ 16 ໂຕ, ເລກຖານ 16.
HF 	ຫຍໍ້ມາຈາກ High Frequency, ຄວາມຖີ່ສູງ
HFC 	ຫຍໍ້ມາຈາກ Hybrid Fiber/Coaxial, ລະບົບເສັ້ນໄຍແກ້ວນຳແສງເຊື່ອມຕໍ່ກັບສາຍແບບໂຄແອັກຊຽນ.
hidden attribute 	ຄຸນສົມບັດເຊື່ອງ, ຄຸນສົມບັດຂອງຟາຍທີ່ມີໃນ DOS ແລະ OS/2 ທີ່ບອກວ່າ ຂໍ້ມູນກ່ຽວກັບຟາຍດັ່ງກ່າວຈະບໍ່ປະກົດໃຫ້ເຫັນໃນການສະແດງລາຍການຟາຍໃນໄດເຣັກທໍຣີ ທົ່ວໄປ.
hidden curriculum 	ຫຼັກສູດແບບທີ່ບໍ່ເປັນທາງການ.
hidden file 	 ຟາຍທີ່ຖືກເຊື່ອງ
hierarchical 	ເປັນລຳດັບຊັ້ນ, ຈັດລຳດັບຫຼຸດລື່ນກັນໂດຍທີ່ ສິ່ງໜຶ່ງຢູ່ເທີງ ອີກສິ່ງໜຶ່ງ, ຟາຍຕ່າງໆທີ່ຢູ່ໃນດິດກໍ່ໃຊ້ລະບົບແບບເປັນລຳດັບນີ້ນຳ.
hierarchical file system 	ລະບົບຟາຍແບບລຳດັບຊັ້ນ.
hierarchical menus 	ເມນູແບບເປັນລຳດັບຊັ້ນ, ເມນູທີ່ສະແດງເມນູຕໍ່ໄປອີກເມື່ອມີການເລືອກຕົວເລືອກໃນເມນູນັ້ນ.
high band standards 	ມາດຕະຖານແຖບຄື້ນຄວາມຖີ່ສູງ, ເປັນການປະສົມສັນຍານແບບໜື່ງທີ່ໃຊ້ສັນຍານຄື້ນພາຄວາມຖີ່ 7.8-10Mz .
high definition television 	ວິທີການສົ່ງ ແລະຮັບສັນຍານໂທລະພາບທີ່ມີຄວາມລະອຽດສູງກ່ວາ 2ເທົ່າຂອງເຕັກໂນໂລຊີປັດຈຸບັນ. ມາດຕະຖານນີ້ຍັງບໍ່ສົມບູນແບບ ແລະ ຍັງຄົງຕ້ອງມີການພັດທະນາໃນຫຼາຍໆປະເທດທົ່ວໂລກພ້ອມກັນ.
high fidelity 	ເປັນການປັບປຸງການບັນທຶກສຽງ ແລະ ການຫຼີ້ນແຜ່ນສຽງ ໂດຍປາສະຈາກສຽງລົບກວນ.
high level language 	ພາສາໂປຣແກຣມລະດັບສູງ.
high pass transducer 	ຕົວແປງສັນຍານແບບຄວາມຖີ່ສູງຜ່ານໄດ້.
High Performance Parallel Interface 	ໃຊ້ຄຳຫຫຍໍ້ວ່າ HPPI, ມາດຕະຖານການເຊື່ອມຕໍ່ແບບຂະໜານທີ່ກຳນົດໂດຍ ANSI ໃຊ້ໃນການເຊື່ອມຕໍ່ຊຸບເປີຄອມພິວເຕີ ກັບອຸປະກອນອື່ນໆ.
high resolution 	ຄວາມລະອຽດ ຫຼື ຄວາມຊັດເຈນສູງ ເຊັ່ນ ຂອງຮູບພາບ, ຈໍພາບ ແລະເຄື່ອງພິມ.
high sierra format 	ຮູບແບບມາດຕະຖານໃນການບັນທຶກຟາຍ ແລະໄດເຣັກທໍຣີໃນຊີດີຣອມ.
high speed camera 	ກ້ອງຖ່າຍຮູບຄວາມໄວສູງ.
high tech 	ຫຍໍ້ມາຈາກ high technology, ເຕັກໂນໂລຊີຊັ້ນສູງ.
higher order questions 	ຄຳຖາມເຊີງເປີດໂອກາດໃຫ້ນັກຮຽນຄິດ ແລະ ສະທ້ອນສິ່ງທີ່ຕົນຮູ້.
higher order thinking 	ຄວາມເຂົ້າໃຈໃນແນວຄິດທີ່ຍາກໆ.
high-level data link control 	ການຄວບຄຸມວິທີເຊື່ອມໂຍງຂໍ້ມູນລະດັບສູງ.
highlight 	ການເນັ້ນ/ການໝາຍໄວ້, ແຖບແຈ້ງໃນຈໍພາບເຊີ່ງໃຊ້ໃນການເລືອກຂໍ້ຄວາມ, ຄຳສັ່ງ, ເມນູ, ການລະບຸພື້ນທີ່ ຫຼື ຂໍ້ຄວາມໃນຈໍພາບໂດຍການທາສີແຖບເນັ້ນເຊີ່ງສະແດງໃຫ້ຮູ້ວ່າ ມີການເລືອກເຮັດວຽກ ສາມາດເຮັດການແກ້ໄຂ, ລຶບ ຫຼື ເຄື່ອນຍ້າຍສ່ວນນັ້ນໆໄດ້.
histogram 	ກຣາບແທ່ງ, ແຜ່ນທີ່ສະແດງໃນແຖບແນວຕັ້ງ ຫຼື ແນວນອນ, ສະແດງສ່ວນຂອງຄ່າ ຫຼື ຂໍ້ມູນທີ່ເກີດຂື້ນ.
hit counter 	ຈຳນວນຄັ້ງທີ່ມີການເຂົ້າຢ້ຽມເບີ່ງເວັບໄຊ ເຊີ່ງເປັນການວັດແທກຄວາມນິຍົມຂອງເວັບນັ້ນໆ.
hold 	ການຢຸດ, ມີຄວາມໝາຍຄືກັບ freeze ຫຼື standby.
holography 	ເຕັກນິກການໃຊ້ເລົາແສງເລເຊີ ບັນທຶກຮູບແບບຂອງຄື້ນລົງເທິງເທັບ ຫຼື ຟີມ.
home directory 	ໄດເຣັກທໍຣີຫຼັກຂອງຜູ້ໃຊ້.
Home key 	ປຸ່ມ Home, ປຸ່ມໃນແປ້ນພິມທີ່ມັກໃຊ້ເລື່ອນເຄີເຊີໄປຫາຕົ້ນແຖວ ຫຼື ສ່ວນເທິງສຸດຂອງເອກະສານຂື້ນຢູ່ກັບໂປຣແກຣມໃນເວລານັ້ນໆ.
home page 	ໂຮມເພດ/ເວັບເພດໜ້າທຳອິດ, ການເລີ້ມຕົ້ນໜ້າທຳອິດໃນເວັບໄຊ. ເປັນຈຸດທີ່ເຊື່ອມຕໍ່ໄປຫາໜ້າອື່ນໆໃນລະບົບໄດ້ຢ່າງ ສະດວກ ສະບາຍ.
homing 	 ການກັບເຂົ້າສູ່ຈຸດເລີ່ມ, ການເຂົ້າຫາຈຸດຕົ້ນທາງ.
hook 	ຈຸດ ຫຼື ຕໍາແໜ່ງໃດໆທີ່ນັກຂຽນໂປຣແກຣມສາມາດເພີ່ມເຕີມແກ້ໄຂໂປຣແກຣມ ຫຼື ປະຕິບັດງານຢ່າງອື່ນເຂົ້າໄປ ເພື່ອແກ້ໄຂຄວາມຜິດພາດຂອງໂປຣແກຣມ ຫຼື ວຽກງານນັ້ນໆ.
hop 	ຈໍານວນຂັ້ນການເດີນທາງຂອງຂໍ້ມູນ ຈາກເຄືອຂ່າຍໜື່ງໄປຍັງອີກເຄື່ອຂ່າຍໜື່ງ.
horizontal 	ທາງຂວາງ/ລວງຂວາງ.
horizontal scroll bar 	ແຖບເລື່ອນ/ທາງຂວາງ/ທາງນອນ.
host 	ແມ່ຂ່າຍ, ຜູ້ກໍ່ຕັ້ງ ຫຼືອົງກອນທີ່ອໍານວຍຄວາມສະດວກໃນການເຂົ້າເຖິງຖານຂໍ້ມູນຜ່ານເຄືອຂ່າຍຄອມພິວເຕີ.
host computer 	ຄອມພິວເຕີແມ່ຂ່າຍ, ຄອມພິວເຕີຫຼັກໃຊ້ຄວບຄຸມ ແລະ ໃຫ້ບໍລິການແກ່ເຄຶອຂ່າຍອື່ນໆໃນເຄືອຂ່າຍ.
host name 	ຊື່ເຄື່ອງທີເປັນແມ່ຂ່າຍໃນເຄືອຂ່າຍອິນເຕີເນັດ.
Host Java 	ເວັບບຣາວເຊີທີ່ພັດທະນາຂຶ້ນໂດຍບໍລິສັດ Sun Microsystem ເພື່ອໃຊ້ກັບພາສາຈາວາໂດຍ Host Java ຈະເຮັດວຽກຮ່ວມກັບພາສາຈາວາທີ່ຢູ່ໃນເອກະສານຂອງເວັບໂດຍກົງ.
hot key 	ປຸ່ມລັດ, ໝາຍເຖິງປຸ່ມດ່ຽວ ຫຼືປຸ່ມປະສົມທີ່ປະຕິບັດໜ້າທີ່ພິເສດໃນໂປຣແກຣມ. ຄໍານີ້ມັກຈະເອົາມາໃຊ້ກັບໂປຣແກຣມແບບຝັງຕົວໃນໜ່ວຍຄວາມຈໍາ ຫຼືເປັນປຸ່ມທີ່ລັດເຂົ້າໄປເລືອກລາຍການໃນເມນູ.
hot link 	ຂໍ້ຄວາມ ຫຼື ຮູບພາບທີ່ສາມາດເຊື່ອມຕໍ່ໄປຫາ Web Page ຫຼື URL ອື່ນໆໃນອິນເຕີເນັດໄດ້.
hot list 	ລາຍຊື ຫຼືຕໍາແໜ່ງທີ່ຢູ່ຂອງເວັບ ຫຼື ຟາຍທີ່ຜູ້ໃຊ້ສົນໃຈ.
hot swap 	ປ່ຽນແປງໂດຍບໍ່ຕ້ອງຢຸດເຄື່ອງ.
Hotmail 	ການໃຫ້ບລິການ e-mail ຟຣີໃນອິນເຕີເນັດ, ບໍລິສັດໄມໂຄຣຊອບ ໄດ້ຊື້ກິດຈະການ Hotmail ເຊິ່ງເປັນຜົນເຮັດໃຫ້ Hotmail ກາຍເປັນການບໍລິການ e-mail ຟຣີ ທີ່ມີການເຕີບໃຫຍ່ໄວທີ່ສຸດ.
hotzone 	ເຄື່ອງໝາຍຂີດຕໍ່ຄຳໃນຕຳແໜ່ງສີ້ນສຸດຂອງແຖວ. ໃຫ້ເບິ່ງ Hyphenation.
HTML 	ເບິ່ງ HyperText Markup Language.
hub 	ອຸປະກອນບໍລິການເຊື່ອມຕໍ່ເຄືອຂ່າຍ.
hum 	ສຽງຫື່ມ, ເປັນສຽງທີ່ບໍ່ຕ້ອງການ ໂດຍທົ່ວໄປຈະເກີດຈາກສາຍໄຟຟ້າ.
human factor 	ປັດໃຈຂອງມະນຸດ.
human machine interface 	ການຕິດຕໍ່ປະສານລະຫວ່າງຄົນກັບເຄື່ອງ.
hybrid computer 	ເຄື່ອງຄອມພິວເຕີທີ່ສາມາດປະມວນຜົນຂໍ້ມູນໄດ້ ທັງຂໍ້ມູນອານາລອກ ແລະຂໍ້ມູນດິຈິຕອນ.
hyper document 	 ຂໍ້ຄວາມທີ່ປະກອບດ້ວຍ ສ່ວນທີ່ສາມາດເຊື່ອມຕໍ່ ໄປຫາເອກະສານອື່ນໆໄດ້. ຂໍ້ມູນອາດເຊື່ອມຕໍ່ຢູ່ໃນແຟ້ມເອກະສາານອັນດຽວກັນ ຫຼື ເຊື່ອມຕໍ່ໄປຍັງແຟ້ມເອກະສານອື່ນໆກໍ່ໄດ້.
Hyper Terminal 	ໂປຣແກຣມສື່ສານທີ່ມີມາໃຫ້ໃນ Windows 95 ໃຊ້ຕິດຕໍ່ໄປຫາຄວມພິວເຕີເຄື່ອງອື່ນໆ ໃນໄລຍະໄກໂດຍໃຊ້ໂມເດັມເປັນຕົວຮັບ-ສົ່ງ.
hyperlink 	ການເຊື່ອມຕໍ່ກັບເອກະສານອື່ນໆຜ່ານທາງພາບ, ປຸ່ມ ຫຼື ຂໍ້ຄວາມອື່ນໆ.
HyperSnap-DX 	ໂປຣແກຣມຈັບພາບໜ້າຈໍຄອມພິວເຕີ ສາມາດຈັບຈໍພາບໄດ້ທັງແບບເຕັມຈໍ, ແບບສະເພາະວິນໂດທີ່ເຮັດວຽກຢູ່ ແລະ ແບບຂອບເຂດທີ່ກຳນົດ. ນອກຈາກນັ້ນຍັງໃຊ້ໃນການເກັບພາບຈາກເກມໄດ້ ແລະ ສາມາດ ເລືອກບັນທຶກຟາຍໄດ້ຕາມຮູບແບບທີ່ຕ້ອງການ.
Hypertext link 	ສ່ວນເຊື່ອມໂຍງເອກະສານໄຮເປີເທັກຈາກເຄື່ຶອງໜື່ງໄປຫາເຄື່ອງອື່ນ.
HyperText Markup Language 	ໃຊ້ຄຳຫຍໍ້ວ່າ HTML, ເປັນພາສາບັນຍາຍແບບໄຮເປີເທັກເຊິ່ງໃຊ້ສ້າງຂໍ້ມູນໃນລະບົບ WWW ແລະ ພາສາ HTML ສາມາດກໍານົດຮູບແບບຂອງໜ້າຈໍ.
HyperText Transfer Protocol 	ໃຊ້ຄຳຫຍໍ້ວ່າ HTTP, ໂປຣໂຕຄອນທີ່ໃຊ້ຈັດການເຊື່ອມໂຍງລະຫວ່າງເອກະສານໄຮເປີເທັກສະບັບໜື່ງກັບສະບັບອື່ນໆ, HTTP ເປັນກົນໄກຂອງ WWW ເຊິ່ງໃຊ້ເປີດເອກະສານທີ່ກ່ຽວຂ້ອງ, ເມື່ອມີການກົດຕົວເຊື່ອມໂຍງໃນໄຮເປີເທັກ ໂດຍບໍ່ສົນໃຈວ່າເອກະສານນັ້ນຢູ່ບ່ອນໃດ.
hyphenation 	ເຄື່ອງໝາຍຂີດຕໍ່ຄວາມ ໃຊ້ໃນການແບ່ງຄໍາຍາວໆໃຫ້ເຫຼືອສ່ວນໜຶ່ງ ແລະ ຂ້າມໄປຕໍ່ໃນແຖວ ໃໝ່ໄດ້, ໃນກໍລະນີທີ່ຄຳນັ້ນບໍ່ສາມາດຂຽນໝົດໃນແຖວດຽວ.
hypnopedia 	ຂະບວນການຮຽນຮູ້ໃນເວລານອນຫຼັບ, ເຊັ່ນ ຮັບສຽງຈາກລໍາໂພງເວລານອນຫຼັບ, ເອີ້ນອີກຢ່າງ ໜື່ງວ່າ sleep learning.
hypothesis 	ສົມມຸດຕິຖານ, ໝາຍເຖິງຂໍ້ບົ່ງຊີ້ທີ່ຕັ້ງໄວ້ລ່ວງໜ້າ ທີ່ສາມາດທົດສອບໄດ້ ເຊິ່ງກ່ຽວຂ້ອງກັບປະກົດການທີ່ໜ້າສົນໃຈ.
hytelnet 	ລະບົບຊ່ວຍໃນການຂໍໃຊ້ບໍລິການຖານຂໍ້ມູນ ຫຼື ສືບຄົ້ນຂໍ້ມູນໜັງສືໃນຫ້ອງສະໝຸດຜ່ານທາງເຄືອຂ່າຍ ໂດຍອາໄສຫຼັກການໄຮເປີເທັກ, ໃນຢູນິກມີໂປຣແກຣມໄຮເທີເນັດສຳລັບໃຊ້ບໍລິການໂດຍສະເພາະ ເຊິ່ງໃຫ້ບໍລິການເຊື່ອມຕໍ່ໄປຫາຫ້ອງສະໝຸດ ຂອງສູນບໍລິການເຄືອຂ່າຍແຫຼ່ງຕ່າງໆ.
Hz 	 ເບິ່ງ hertz.
IAB 	 ຫຍໍ້ມາຈາກ Internet Architecture Board, ເປັນຄະນະກຳມະການປະສານງານການຈັດການໃນອິນເຕີເນັດ ສ້າງຂື້ນໃນປີ 1994. ແຕ່ກ່ອນ IAB ຫຍໍ້ມາຈາກ Internet Activities Board, ເຮັດໜ້າທີ່ເບິ່ງແຍງວຽກງານວິໄຈ ແລະ ພັດທະນາເຕັກໂນໂລຢີອິນເຕີເນັດ, ການພັດທະນາ ແລະ ທິດທາງຂອງອິນເຕີເນັດ ເພື່ອກຳນົດທິດທາງໂດຍ IAB ແລະ ຄະນະອະນຸກຳມະການຫຼັກອີກສອງຄະນະ ໄດ້ແກ່ Internet Engineering Task Force (IETF) ແລະ Internet Research Task Force (IRTF).
I-bean 	ເສັ້ນກະພິບຕາແນວຕັ້ງ ແລະ ພ້ອມທີ່ຈະໃສ່ຂໍ້ຄວາມ ຫຼື ກຣາບຟິກ, ເອີ້ນອີກຢ່າງໜື່ງວ່າ ເຄີເຊີ.
IC 	ໄອຊີ/ວົງຈອນລວມ, ຫຍໍ້ມາຈາກ Internet Circuit, ວົງຈອນສານເຄິ່ງຕົວນໍານ້ອຍໆທີ່ປະກອບດ້ວຍອຸປະກອນເອເລັກໂຕຣນິກຫຼາຍຕົວ.
icon 	ໄອຄອນ, ຮູບພາບ ຫຼືສັນຍາລັກທີ່ໃຊ້ແທນການເລືອກຄຳສັ່ງ.
iconography 	ໝາຍເຖິງການສະແດງວັດຖຸໂດຍຮູບແຕ້ມ ແລະ ຮູບຊົງ.
ICT 	ໄອຊີທີ, ເບິ່ງ Information Communication Technology
Ident 	ຫຍໍ້ມາຈາກ Identification protocol ເປັນໂປຣໂຕຄອນ ໃຊ້ສຳລັບ ກວດສອບ ແລະ ແຍກກບັນຊີຊື່ຜູ້ໃຊ້ວຽກ ເພື່ອປ້ອງກັນການປອມແປງ ຊື່ບັນຊີຜູ້ໃຊ້ໂປຣໂຕຄອນປະຍຸກເຊັ່ນ: TenetF SNMT.
Identification 	ການລະບຸ, ການຊີ້ບອກ.
Identifier 	ຕົວລະບຸ/ຕົວແທນ, ຂໍ້ຄວາມໃດໆທີ່ໃຊ້ເປັນຕົວແທນ ເຂັ່ນ: ຊື່ຂອງຟັງຊັນໂພຊີເຍີ ຫຼື ຕົວປ່ຽນທີ່ໂປຣແກຣມໃຊ້ວຽກ, ຊື່ຊ່ອງໃສ່ຮາດດີສ ຫຼືຟະລັອບປີ້ດີສ.
Idle 	ສະພາວະທິ່ຄອມພິວເຕີ ທີ່ບໍ່ເຮັດວຽກຫຍັງໝົດ.
IEC 	ຫຍໍ້ມາຈາກ International Electro technical commission. ກໍາມະທິການເຕັກນິກໄຟຟ້າສາກົນ.
IEEE 	ຫຍໍ້ມາຈາກ Institute of Electrical and Electronic Engineers. ອົງກອນທີ່ເຮັດໜ້າທີ່ກໍານົດມາດຕະຖານໃນອຸດສາຫະກໍາເອເລັກໂຕຣນິກ.
Illegal operation 	ການປະຕິບັດການທີ່ຜິດກົດເກນ, ຄວາມຜິດພາດທີ່ເຮັດໃຫ້ໂປຣແກຣມທີ່ກຳລັງໃຊ້ວຽກຢູ່ບໍ່ສາມາດເຮັດຕໍ່ໄປໄດ້.
Image 	ຮູບພາບ.
Image processing 	ການປະມວນຜົນຮູບພາບ.
Image setter 	ອຸປະກອນທີ່ສະແດງຜົນທີ່ມີຄຸນນະພາບສູງ ສາມາດໃຊ້ຄວາມລິອຽດເຖິງ 2400 dpi (dots per inch).
Image viewer 	ໂປຣແກຣມທີ່ເຮັດໜ້າທີ່ສະແດງຟາຍຮູບພາບ ເຊັ່ນ: ຟາຍ GIF, JPG…
Impact printer 	ເຄື່ອງພິມແບບທີ່ໃຊ້ຫົວພິນເຕີ ຫຼື ກົດລົງຜ້າມຶກ ເຊິ່ງຜ້າມຶກຈະໄປກະທົບກັບເຈ້ຍເຮັດໃຫ້ເກີດຕົວອັກສອນຂຶ້ນ.
Impedance 	 ຄວາມຕ້ານທານຈໍານວນສົນ, ໝາຍເຖິງຄວາມຕ້ານທານຕໍ່ການໄຫຼຂອງກະແສສະຫຼັບທີ່ມີຫົວ ໜ່ວຍເປັນໂອມ.
Implementation 	ການເຮັດໃຫ້ເປັນຜົນ, ໝາຍເຖິງການເຮັດໃຫ້ແຜນການສຶກສາ ຫຼືແນວຄວາມຄິດເກີດຜົນສຳເລັດ.
Import 	ນໍາເຂົ້າ, ການນຳຂໍ້ມູນຈສກບ່ອນອື່ນເຂົ້າມາ, ການນໍາຟາຍທີ່ສ້າງຂຶ້ນຈາກໂປຣແກຣມອື່ນເຂົ້າມາໃຊ້ວຽກ.
IMUX 	ຫຍໍ້ມາຈາກ Inverse Multiplexers , ເປັນການເຊື່ອມຕໍ່ລະຫວ່າງ ເຄືອຂ່າຍກັບ codec,IMUX ລວມເອົາຊ່ອງສັນຍານຂອງເຄືອຂ່າຍຈໍານວນຫຼາຍ ເຮັດໃຫ້ເກີດການສົ່ງຜ່ານ (Speed call) ໃຫ້ສູງຂຶ້ນ (336/384kbps).
Inactive window 	ຄວາມສາມາດຂອງລະບົບປະຕິບັດການ ຫຼືໂປຣແກຣມລະບົບງານທີ່ໃຫ້ສະແດງຊ່ອງໜ້າຕ່າງໃນຈໍພາບໄດ້ຫຼາຍຊ່ອງ.
Incentives 	ສິ່ງຈູງໃຈ.
Incremental backup 	ການເກັບຂໍ້ມູນໄວ້ສໍາຮອງ, ຂະບວນການເຮັດສໍາເນົາຟາຍຈາກຮາດດີສທີ່ສ້າງຂຶ້ນມາ ຫຼືມີການແກ້ໄຂຫຼັງຈາກການເຮັດສໍາຮອງຟາຍຄັ້ງລ້າສຸດ.
Indent 	ຫຍໍ້ໜ້າ, ການຍະຫວ່າງໃນຫົວແຖວ.
Indentation 	ການຫຍໍ້ໜ້າ, ການຈັດຫຍໍ້ໜ້າພາຍໃນໜ້າເຈ້ຍແຖວທຳອິດຂອງທຸກໆຫຍໍ້ໜ້າ.
Independent study 	ການສຶກສາແບບອິດສະຫຼະ.
Index hole 	ຊ່ອງ ຫຼື ຮູເຈາະທີ່ຜ່ານສະໜາມແມ່ເຫຼັກຊະນິດອ່ອນເພື່ອໃຊ້ບອກຕໍາແໜ່ງຂອງເຊັກເຕີທໍາອິດ, ຊ່ອງທີ່ເຮັດໃຫ້ຄອມພິວເຕີສາມາດ ຫຼື ບັນທຶກຂໍ້ມູນໃນແຜ່ນດີສໄດ້ຖຶກຕ້ອງຕາມການໝູນຂອງແຜ່ນດີສນັ້ນ.
Index mark 	ເຄື່ອງໝາຍບອກຈຸດເລີ່ມຕົ້ນ ແລະຈຸດສິ້ນສຸດຂອງແຕ່ລະ ໃນແຜ່ນຈານແມ່ເຫຼັກ, ຈຸດນີ້ສາມາດອ່ານໄດ້ຈາກອຸປະກອນພິເສດຢູ່ໃນກົນໄກຂອງແຜ່ນຈານແມ່ເຫຼັກ.
Index register 	ຣີຈິດສະເຕີດັດສະນີ, ເຊິ່ງມີຕົວເລກ ທີ່ສາມາດໃຊ້ໃນຕໍາແໜ່ງ ທີ່ຢູ່ຂອງຄໍາສັ່ງໃນຂະນະ ການປະຕິບັດຂອງຄໍາສັ່ງຄອມພິວເຕີໄດ້.
Indicator 	ຕົວຊີ້ບອກ, ອິນດີເຄເຕີ.
Individualization instruction 	ການສອນລາຍບຸກຄົນ, ໝາຍເຖິງການສອນປັບເຂົ້າຫາຄວາມຕ້ອງການຂອງລາຍບຸກຄົນ.
Individually paced Instruction 	ເຕັກນິກກ່ອນສອນ ເຊິ່ງຈັດໄວ້ໃຫ້ຜູ້ຮຽນປະສົບຜົນສຳເລັດຕາມເວລາທີ່ຄາດ ໝາຍໄວ້.
Inductive learning 	ການຮຽນຮູ້ແບບອຸປະໄນ ເປັນນັກຮຽນຮູ້ທີ່ເກີດຈາກການສອນຕົວຢ່າງ ແລະ ຜູ້ຮຽນຮູ້ສາມາດສະຫຼຸບຫຼັກການ ແລະ ທິດສະດີໄດ້.
Industry Standard architecture 	ໂຄງສ້າງມາດຕະຖານແບບບັດ 16 ບິດ.
Infection 	ການຕິດເຊຶ້ອໄວຣັດ, ການປະກົດຂຶ້ນມາຂອງໄວຣັດຄອມພິວເຕີ.
Inference engine 	ສ່ວນຂອງລະບົບຜູ້ຊ່ຽວຊານທີ່ຄຳນວນຜົນຕາມຂໍ້ຖືກຕ້ອງ ແລະ ຂໍ້ມູນທີ່ເກັບໄວ້ເຊິ່ງໄດ້ມາຈາກຜູ້ໃຊ້ລະບົບ.
Infinite loop 	ວົນບໍ່ຮູ້ຈົບ, ຄອມພິວເຕີຈະເຂົ້າໄປຢູ່ໃນສະພາວະເຊັ່ນນີ້ເມື່ອເຮັດວຽກຕາມຄໍາສັ່ງຄືກັນຊ້ຳແລ້ວຊ້ຳອີກ ໂດຍບໍ່ຢຸດ. ບໍ່ວ່າຈະຕັ້ງໃຈ ຫຼື ບໍ່ຕັ້ງໃຈກໍ່ຕາມ ສ່ວນວິທີການຢຸດຄື ຍົກເລີກການເຮັດວຽກ.
Infix 	 ເພີ່ມໃນ, ອົງປະກອບທີ່ແຊກເຂົ້າໄປໄນຄຳ.
Informal knowledge 	ຄວາມຮູ້ທົ່ວໄປ.
Information 	ຂ່າວສານ, ຂໍ້ມູນຂ່າວສານ, ຂໍ້ມູນທີ່ເປັນປະໂຫຍດຕໍ່ຜູ້ຮັບ.
Information communication Technology 	ໃຊ້ຄຳຫຍໍ້ວ່າ ICT , ເຕັກໂນໂລຊີສື່ສານຂ່າວສານ.
Information hiding 	ວິທີ ຫຼື ເຕັກນິກທີ່ຈະເຮັດໃຫ້ໂປຣແກຣມຂຽນ ແລະ ອ່ານງ່າຍຂຶ້ນ.
Information highway 	ທາງດ່ວນຂໍ້ມູນຂ່າວສານ.
Information network system 	ລະບົບເຄືອຂ່າຍຂໍ້ມູນຂ່າວສານ.
Information network retrieval 	ຂະບວນການຄົ້ນຫາຮວບຮວມ ແລະ ນຳຂໍ້ມູນທີ່ເກັບໄວ້ອອກມາສະແດງໃຫ້ປະກົດໂດຍວິທີການທາງເອເລັກໂຕຣນິກ.
Information science 	ວິທະຍາການຂໍ້ມູນຂ່າວສານ.
Information system 	ລະບົບຂໍ້ມູນຂ່າວສານ, ລະບົບທີ່ປະກອບດ້ວຍຄອມພິວເຕີ ແລະ ໂປຣແກຣມນຳໃຊ້ ທີ່ສາມາດຮັບຂໍ້ມູນຕ່າງໆມາບັນທຶກໄວ້ແລ້ວນຳຂໍ້ມູນນັ້ນມາເຮັດເປັນຂໍ້ມູນຂ່າວສານໃຫ້ແກ່ຜູ້ໃຊ້.
Information Technology 	ເຕັກໂນໂລຊີຂໍ້ມູນຂ່າວສານ, ໃຊ້ຄຳຫຍໍ້ວ່າ, ໝາຍເຖິງການນຳໃຊ້ເຕັກໂນໂລຊີຕ່າງໆເຂົ້າມາຈັດການເກັບຂໍ້ມູນ ເຊັ່ນການປະມວນຜົນ, ຈັດເກັບ, ຮວບຮວມ, ເອີ້ນໃຊ້ ແລະ ນຳສະເໜີຂໍ້ມູນດ້ວຍວິທີການທາງເອເລັກໂຕຣນິກ.
Informix 	ຜະລິດຕະພັນລະບົບຈັດການຖານຂໍ້ມູນຂອງບໍລິສັດ , ຊອງແວອັນໄດ້ແກ່ພາສາລຸ້ນທີສີ່ (), ທີ່ຂຶ້ນກັບລະບົບຈັດການຖານຂໍ້ມູນແບບສຳພັນ ແລະ ເຄື່ອງມືໃນການຂຽນໂປຣແກຣມສຳລັບປ້ອນ ເຂົ້າໄປໃນໂປຣແກຣມ.
Infotainment 	ສາລະບັນເທີງ.
Infowar 	ສົ່ງຄາມຂໍ້ມູນຂ່າວສານ, ຫຍໍ້ມາຈາກ , ແຜນການ ຫຼື ຄວາມພະຍາຍາມຂອງຝ່າຍໜື່ງທີ່ຈະລົບກວນ ຫຼື ເຮັດໃຫ້ຄອມພິວເຕີຂອງອີກຝ່າຍໜື່ງສື່ສານບໍ່ໄດ້.
Infrared 	ອິນຟາເຣດ, ແມ່ນຣັງສີຄ້າຍຄືກັບແສງທີ່ມີຄວາມຍາວຄື້ນຫຼາຍກ່ວາຂອງແສງສີແດງ, ໃຊ້ໄວ້ສົ່ງຂໍ້ມູນຜ່ານອາກາດເຊັ່ນ: Mouse, Keyboard ທີ່ບໍ່ໃຊ້ສາຍເປັນຕົ້ນ.
Infrared Photography 	ການຖ່າຍຮູບດ້ວຍແສງອິນຟາເຣດ.
INI file 	ຟາຍມີນາມສະກຸນເປັນ INI.
Initialization files 	ຟາຍໃນໄມໂຄຣຊອບ Windows ທີ່ມີນາມສະກຸນ INI ໃຊ້ໄວ້ເກັບຂໍ້ມູນກ່ຽວກັບໂຄງສ້າງໄມໂຄຣຊອບ Windows ແລະ ໂປຣແກຣມລະບົບງານທີ່ໃຊ້ຕ້ອງມີການເກັບຄ່າທີ່ຕັ້ງໄວ້ໃນຟາຍເຫຼົ່ານີ້.
Inlay 	ຮູບເງົາຂອບດໍາທີ່ເຮັດຂຶ້ນເທິງໜ້າຈໍໂທລະພາບ.
Input/output 	ຂາເຂົ້າ/ຂາອອກ, ການຕິດຕໍ່ລະຫວ່າງຄອມພິວເຕີທຸກເຄື່ອງກັບຜູ້ໃຊ້ທີ່ເຮັດໃຫ້ຂໍ້ມູນຍ້າາຍຈາກສ່ວນໜື່ງໄປຫາອີກສ່ວນໜື່ງ, ການໂອນຍ້າຍຂໍ້ມູນລະຫວ່າງຄອມພິວເຕີແລະ ອຸປະກອນຕໍ່ພວງ ເຊັ່ນ: ຊ່ອງສຳລັບໃສ່ ດີດterminal ແລະ ເຄື່ອງພິມ.
Input/output buffer 	 ຕົວຮັບເຂົ້າ/ຕົວສົ່ງອອກ.
Input/output Device 	ອຸປະກອນຂາເຂົ້າ/ຂາອອກ, ສ່ວນປະກອບຫຼື ອຸປະກອນລະບົບຄອມພິວເຕີທີ່ໃຊ້ສຳລັບນຳຂໍ້ມູນເຂົ້າ ແລະ ສະແດງຜົນຮັບອອກ.
Input/output port 	ຊ່ອງທາງເຂົ້າ/ຊ່ອງທາງອອກ.
Inquiry method 	ວິທີການຮຽນຮູ້ທີ່ຈະຕ້ອງຄົ້ນຫາຄໍາຕອບເອງ ອາດຈະເປັນບັນຫາງ່າຍໆ ຫຼື ຮວບຮວມຂໍ້ມູນມາສະຫຼຸບ.
Inquiry station 	ອຸປະກອນ ຫຼື ໜ່ວຍສອບຖາມຂ່າວສານ.
Insert 	ສອດ, ແຊກເຂົ້າ.
Insert key 	ປຸ່ມ Insert ຫຼື ໃນແປ້ນພິມ, ໜ້າທີ່ຂອງປຸ່ມນີ້ຂຶ້ນຢູ່ກັບລະບົບວຽກທີ່ໃຊ້ຢູ່. ໃນບາງໂປຣແກຣມໃຊ້ສະຫຼັບສະພາວະ Insert ແລະ ປ້ອນທັບໃນໂປແກຣມທີ່ປ້ອນຂໍ້ຄວາມເຂົ້າໄປ.
Insert mode 	ພາວະສອດ, ໂປຣແກຣມຈະມີພາວະໃນການປ້ອນຂໍ້ມູນຢູ່2 ພາວະໄດ້ແກ່ພາວະ Insert ແລະ ພາວະwrite.
Insertion pointer 	ເຄີເຊີແບບໜື່ງທີ່ສະແດງໃຫ້ຮູ້ວ່າ ອັກສອນຕົວທຳອິດຈະເລີ່ມຕົ້ນປະກົດໃນຈໍພາບ, ຈຸດທີ່ຈະສອນຂໍ້ຄວາມເຂົ້າໄປເມື່ອປ້ອນຕົວອັກສອນຕົວຕໍ່ໄປຢູ່ຈຸດນີ້. ໃນ GUI ມັກຈະເຫັນເຄຮເຊີຮູບຕົວ I ທີ່ເປັນເສັ້ນຊື່ຕາມແນວຕັ້ງ.
Insertion sort 	ວິທີການຈັດລຽງຂໍ້ມູນແບບໜື່ງ ເປັນການເກັບຂອງສະມາຊິກອາເຣຈາກຫຼາຍໄປຫາໜ້ອຍ ຫຼື ຈາກ ໜ້ອຍໄປຫາຫຼາຍ.
In-service teacher training 	ການຝຶກອົບຮົມຕໍເນື່ອງໃຫ້ກັບບຸກຄະລາກອນທາງການສຶກສາ ເຊິ່ງມີປະສົບການສູງຢູ່ແລ້ວ.
In-services teacher training 	ການສຶກສາອົບຮົມທີ່ຈັດໃຫ້ກັບພະນັກງານຢ່າງຕໍ່ເນື່ອງ ເພື່ອເພີ່ມທັກສະ ແລະ ຄວາມສາມາດທີ່ກ່ຽວຂ້ອງກັບໜ້າທີ່ວຽກງານ.
Installation 	ການຕິດຕັ້ງ.
Installer utility program 	ເປັນໂປຣແກຣມເຮັດໜ້າທີ່ຕິດຕັ້ງຊອບແວຈາກແຜ່ນບັນທຶກ ຫຼື ຊີດີຣອມລົງຮາດດີດ.
Instance variables 	ຕົວປ່ຽນທີ່ມີຂໍ້ມູນໜຶ່ງດຽວໃນແຕ່ລະອອັບເຈັກ ໃນ Object-Oriented .
Instruction 	ຄໍາສັ່ງ, ປະໂຫຍກຄໍາສັ່ງທີ່ຂຽນໃນພາສາໂປຣແກຣມທີ່ເອົາມາແບ່ງເປັນພາສາເຄື່ອງເພື່ອໃຫ້ຄອມພິວເຕີເຂົ້າໃຈ ແລະເຮັດວຽກໄດ້ ສ່ວນໃຫຍ່ຈະໝາຍເຖິງພາສາແອັດແຊັມບະລີ.
Instruction aids 	ສິ່ງທີ່ຊ່ວຍໃນການສອນ.
Instructional development 	ການພັດທະນາການສອນ.
Instructional developer 	ນັກພັດທະນາການສອນ.
Instructional film 	ຮູບເງົາເພື່ອການສອນ.
Instructional materials 	 ວັດຖຸເພື່ອການສອນ.
Instructional media center 	ໃຊ້ຄຳຫຍໍ້ວ່າ IMC, ສູນສື່ການສອນ.
Instructional module 	ໂມດູນການສອນ, ໝາຍເຖິງຊຸດນັກຮຽນຮູ້ທີ່ສ້າງຂື້ນ ເພື່ອບັນລຸຈຸດປະສົງບາງປະການ.
Instructional pathway 	ທາງເລືອກວິທີການສອນ, ເສັ້ນທາງເຊິ່ງນັກຮຽນຈະຕ້ອງເລືອກໃນຂະບວນການການອອກແບບການສອນ ເພື່ອບັນລຸເປົ້າໝານທີ່ກຳນົດໄວ້.
Instructional product 	ຜະລິດຕະພັນເພື່ອການສອນ.
Instructional program 	ໂປຣແກຣມການສອນ.
Instructional strategy 	ຍຸດທະສາດທາງການສອນ.
Instruction system 	ລະບົບການສອນ.
Instructional technology 	ເຕັກໂນໂລຊີການສອນ.
Instructional television 	ໂທລະພາບເພື່ອການສອນ.
Integer 	ຕົວເລກຈໍານວນເຕັມ, ຕົວເລກທັງໝົດທີ່ມີຄ່າເປັນບວກຫຼື ລົບ, ບໍ່ນັບເລກເສດສ່ວນ.
Integrated circuit 	ໄອຊີ/ວົງຈອນລວມ, ໃຊ້ຄໍາຫຍໍ້ວ່າ IC ວົງຈອນສານເຄີ່ງຕົວນໍານ້ອຍໆທີ່ປະກອບດ້ວຍອຸປະກອນເອເລັກໂຕຣນິກຫຼາຍຕົວ.
Integrated curriculum 	ຫຼັກສູດສໍາເລັດ, ໝາຍເຖິງການຈັດລະບົບເນື້ອໃນ ແລະ ສ່ວນຂອງຫຼັກສູດໄວ້ໃນຮູບແບບທີ່ມີຄວາມໝາຍຊັດເຈນ.
Integrated internet marketing model 	ຮູບແບບຂອງການຮວບຮວມຄວາມສາມາດທາງອິນເຕີເນັດ ເຂົ້າກັບສິນຄ້າ ແລະ ບໍລິການເພື່ອເປັນລະບົບການຄ້າອີກແບບໜື່ງ.
Integrated service Digital Network 	ໃຊ້ຄໍາຫຍໍ້ວ່າ ISDN , ເຄືອຂ່າຍວົງຈອນດີຈິຕອນສາມາດສົ່ງລະບົບສຽງ ແລະລະບົບຂໍ້ມູນທາງໂທລະຄົມລວມກັນໄດ້.
Integrated software 	ໂປຣແກຣມດຽວທີ່ມີຫຼາຍໜ້າທີ່.
Integrity 	ສະພາບທີ່ສົມບູນ, ຄຸນສົມບັດຂອງຂໍ້ມູນ ເຊິ່ງສາມາດທີ່ຈະນໍາກັບຄືນມາໄດ້ໃນກໍລະນີທີ່ຂໍ້ມູນສູນຫາຍໄປເນື່ອງມາຈາກສື່ທີ່ໃຊ້ເກັບຂໍ້ມູນ, ຄວາມຜິດພາດຂອງຜູ້ໃຊ້ ຫຼືການເຮັດວຽກຜິດປົກກະຕິຂອງໂປຣແກຣມ.
Intel 	ບໍລິສັດທີ່ຜະລິດໄມໂຄຣໂປຣເຊັດເຊີສໍາລັບພີຊີ, ຜະລິດຕະພັນຂອງ Intel ມີຕະກູນ 8088, 80x86, Pentium.
Intellectual property 	ສິດທິບຸກຄົນ ຫຼື ອົງກອນທີ່ສາມາດນຳຜົນງານທີ່ມີຢູ່ແລ້ວເອົາມາສະເໜີໃໝ່ໄດ້.
Intelligence quotient 	ຜົນການສະແດງສະຕິປັນຍາ, ໃຊ້ຄຳວ່າ IQ , ໝາຍເຖິງຜົນທີ່ຄຳນວນໄດ້ຈາກການຕັ້ງອາຍຸພັດທະນາການທາງສະໝອງຫານໃຫ້ກັບອາຍຸຈິງ ແລະ ຄູນດວ້ຍໜື່ງຮ້ອຍ.
Intelligence support system 	 ລະບົບທີ່ອອກແບບເພື່ອສະໜັບສະໜູນໃນເລື່ອງຂອງຖານຄວາມຮູ້.
Intelligent shopper 	ເຄື່ອງມືໃນການຄົ້ນຫາລາຍຊື່ບໍລິສັດການຄ້າຕ່າງໆໃນອິນເຕີເນັດ.
Intelligent systems 	ສ່ວນປະກອບທີ່ຮວບນວມຄວາມຮູ້ ເຊັ່ນ: ລະບົບຜູ້ຊ່ຽວຊານ, ລະບົບເຄືອຂ່າຍ.
Intelligent tutoring system 	ລະບົບການສອນພິເສດທາງປັນຍາ.
Intensity 	ຄວາມເຂັ້ມຂອງກະແສໄຟຟ້າຫຼືແມ່ເຫຼັກ.
Inter lock 	ການເຊື່ອມໂຍງລະຫວ່າງລະບົບ ຫຼື ສ່ວນຂອງລະບົບຕັ້ງແຕ່ສອງສ່ວນຂື້ນໄປ.
Interactive 	ແບບໂຕ້ຕອບ.
Interactive processing 	ການປະມວນຜົນແບບໂຕ້ຕອບ.
Interactive television 	ໂທລະພາບແບບໂຕ້ຕອບ.
Interlock gap 	ຕໍາແໜ່ງຫວ່າງໃນເທັບແມ່ເຫຼັກລະຫວ່າງ 2 ບະລອັກທີ່ຢູ່ຕິດກັນ.
Intercom system 	ລະບົບສື່ສານພາຍໃນສະຖານທີ່ໜື່ງໆ ເຊັ່ນ ການສົນທະນາລະຫວ່າງຫ້ອງຄວບຄຸມກັບຫ້ອງສະຕູດີໂອ.
Interface 	ການເຊື່ອມຕໍ່, ເປັນການເຊື່ອມຕໍ່ລະຫວ່າງອຸປະກອນ ຫຼື ລະບົບສອງອັນຂື້ນໄປ.
Interface card 	ແຜ່ນວົງຈອນເຊື່ອມຕໍ່, ໃຊ້ສໍາລັບເຊື່ອມຕໍ່ລະຫວ່າງອຸປະກອນຫຼື ລະບົບສອງອັນຂື້ນໄປ.
Interference 	ການສອດ, ການລົບກວນ.
Interior Gateway Protocol 	ໃຊ້ຄໍາຫຍໍ້ວ່າ IGP, ໂປໂຕຣຄອນຄົ້ນຫາເສັ້ນທາງເຊິ່ງໃຊ້ໃນເຄືອຂ່າຍ LAN.
Interlaced scanning 	ການກວດພາບແບບປະສານ, ເປັນການກວດພາບເສັ້ນຕັ້ງແຕ່ສອງຊຸດເທົ່າໆກັນຂຶ້ນໄປມາປະສານກັນເຮັດໃຫ້ເກີດພາບ.
Intermediate 	ຟີມທີ່ໃຊ້ໄວ້ຄັດສໍາເນົາໂດຍສະເພາະເຊັ່ນ: ພິມຄັດລອກໂປຊີຕິບ ຫຼື ເນກາທີບ ເຊິ່ງຈະບໍ່ແມ່ນຟີມທີ່ໄດ້ມາຈາກ ການຖ່າຍພາບໂດຍກົງ.
Internal command 	ຄໍາສັ່ງພາຍໃນ DOS, ເປັນຄໍາສັ່ງທີ່ຖືກເກັບໄວ້ໃນໜ່ວຍຄວາມຈໍາແຣມແລະຜູ້ໃຊ້ສາມາດເອີ້ນໃຊ້ໄດ້ທັນທີເຊັ່ນ: DIR, COPY, ແລະ ຄໍາສັ່ງດັ່ງກ່າວໄດ້ຖືກເອີ້ນໄປເກັບໄວ້ໃນໜ່ວຍຄວາມຈໍາແຣມໃນເວລາ boot ເຄື່ອງ.
Internal font 	ໂຕພິມແບບທີ່ສາມາດພິມໄດ້ກັບເຄື່ອງພິມ.
Internal hard disk 	ຮາດດີດພາຍໃນ, ຊ່ອງໃສ່ຮາດດີດທີ່ຢູ່ພາຍໃນຕົວເຄື່ອງຄອມພິວເຕີ ແລະ ຕິດເຂົ້າດ້ວຍກັນແທນທີ່ຈະເປັນຊ່ອງໃສ່ຮາດດີດຢູ່ພາຍນອກ ທີ່ມີກັບ, ສາຍ ແລະ ຕົວຈ່າຍໄຟເອງ.
Internal modem 	 ໂມເດັມທີ່ຕິດຢູ່ພາຍໃນເຄື່ອງຄອມພິວເຕີ, ເຊິ່ງເປັນແຜ່ນວົງຈອນເອເລັກໂຕຣນິກທີ່ໃຊ້ສຽບຢູ່ພາຍໃນຄອມພິວເຕີສ່ວນບຸກຄົນ.
Internal rate of return 	ອັດຕາດອກເບ້ຍຂອງການລົງທຶນກັບໂຄງການໜື່ງໆ.
Internet 	ອິນເຕີເນັດ, ແມ່ນການເຊື່ອມຕໍ່ເຄືອຂ່າຍຄອມພິວເຕີຈໍານວນຫຼາຍຈາກທົ່ວໂລກເຂົ້າດ້ວຍກັນ.
Internet access provider 	ຜູ້ໃຫ້ບໍລິການເພື່ອການເຂົ້າເຖິງອິນເຕີເນັດ.
Internet Assigned Number Authority 	ໃຊ້ຄໍາຫຍໍ້ວ່າ IANA, ເປັນກຸ່ມຜູ້ເຮັດໜ້າທີ່ກໍານົດໝາຍເລກມາດຕະຖານສໍາລັບພອດ ແລະ socket.
Internet cafÃ© 	ອິນເຕີເນັດກາເຟ, ລະບົບອິນເຕີເນັດທີ່ເປີດໃຫ້ບໍລິການລູກຄ້າທົ່ວໄປຄິດໄລ່ບໍລິການເປັນຊົ່ວໂມງ, ອິນເຕີເນັດກາເຟນີ້ຈະມີບໍລິການເຄື່ອງດື່ມ ຫຼື ອາຫານຫວ່າງເປັນຫຼັກ ແລະ ມີບໍລິການອິນເຕີເນັດເສີມເຂົ້າມາ.
Internet control message protocol 	ໃຊ້ຄໍາຫຍໍ້ວ່າICMP, ເປັນໂປຣໂຕຣຄອນໃນອິນເຕີເນັດ ເຊິ່ງກໍານົດຂໍ້ຄວາມສະແດງຄວາມຜິດພາດໃນການທົດສອບການສົ່ງ packet.
Internet engineering steering group 	ເປັນກຸ່ມທີ່ຜູ້ເຮັດໜ້າທີ່ບໍລິຫານງານ IETF ແລະ ກວດສອບມາດຕະຖານອິນເຕີເນັດ.
Internet engineering task force 	ໃຊ້ຄໍາຫຍໍ້ວ່າ IETF, ເປັນໜ່ວຍງານເຊິ່ງເຮັດໜ້າທີ່ພັດທະນາມາດຕະຖານ ຕາມເຕັກໂນໂລຊີເພື່ອໃຊ້ໃນອິນເຕີເນັດ, ກຸ່ມຂອງ IETF ຈະຮ່ວມກັນວາງໂຄງການ ຮ່າງຂໍ້ສະເໜີທີ່ຈະກໍານົດມາດຕະຖານເພື່ອສົ່ງໃຫ້ IAB ພິຈາລະນາ ອານຸມັດອີກຂັ້ນໜື່ງ.
Internet Explorer 	ອິນເຕີເນັດເອັກສະໂປເຣີ, ເປັນບຣາວເຊີຂອງໄມໂຄຣຊອບທີ່ໃຊ້ວຽກໃນ Windows 95 ຂື້ນໄປ, ໄມໂຄຣຊອບໄດ້ອອກແບບອິນເຕີເນັດເອັກສະໂປເຣີ ໃຫ້ເຮັດວຽກໄດ້ຢ່າງສໍາພັນກັບ Windows ເຊັ່ນ: ຜູ້ໃຊ້ສາມາດໃຊ້ເປັນໂປຣແກຣມເພື່ອເປີດເອກະສານທີ່ສະແດງໃນບຣາວເຊີ ໄດ້ ເຊິ່ງຟານທີ່ເປີດຕ້ອງມີນາມສະກຸນ .htm, .html, .xml ເປັນຕົ້ນ.
Internet kiosks 	ສະຖານທີ່ ເຊິ່ງຢູ່ໃນຮູບແບບຮ້ານຂະໜາດນ້ອຍໆ ແລະ ໃຫ້ບໍລິການເຂົ້າໃຊ້ອິນເຕີເນັດ.
Internet monthly report 	ໃຊ້ຄໍາຫຍໍ້ວ່າ IMR, ເອກະສານເຕັກນິກທີ່ລາຍງານເຖິງການພັດທະນາອິນເຕີເນັດ.
Internet network information center 	ໃຊ້ຄໍາຫຍໍ້ວ່າ INIC, ເຊິ່ງເປັນສູນບໍລິການຂ່າວສານອິນເຕີເນັດ ແລະ ເຮັດໜ້າທີ່ລົງທະບຽນຊື່ໂດເມນ.
Internet protocol 	ໃຊ້ຄໍາຫຍໍ້ວ່າ IP, ໂປຣໂຕຄອນມາດຕະຖານຂອງອິນເຕີເນັດ.
Internet protocol television 	ໃຊ້ຄໍາຫຍໍ້ວ່າ IP/TV, ຊື່ຜະລິດຕະພັນທີ່ໃຊ້ໃນການສົ່ງຂໍ້ມູນວິດີໂອ ມາຫາເຄື່ອງຄອມພິວເຕີຜ່ານທາງອິນເຕີເນັດ.
Internet registry 	ໃຊ້ຄໍາຫຍໍ້ວ່າ IR, ຖານຂໍ້ມູນກາງເຊິ່ງໃຊ້ເກັບໝາຍເລກເຄືອຂ່າຍ ແລະ ໂດເມນຂອງເຄື່ອງໃນອິນເຕີເນັດໄວ້.
Internet Research Task Force 	ໃຊ້ຄໍາຫຍໍ້ວ່າ IRTF, ໜ່ວຍງານທີ່ເຮັດໜ້າທີ່ພັດທະນາເຕັກໂນໂລຊີໃໝ່ໄລຍະຍາວທີ່ຈະສົ່ງຜົນຕໍ່ອິນເຕີເນັດໃນອານາຄົດ, ວຽກງານຂອງ IRTF ຈຶ່ງກ່ຽວຂ້ອງກັບເຕັກນິກດ້ານເຄືອຂ່າຍຫຼາຍກ່ວາໃນຂະນະທີ່ IETF ຈະກ່ຽວຂ້ອງກັບໂປຣໂຕຣຄອນມາດຕະຖານ.
Internet shopping mall 	ສະຖານທີ່ຮ້ານຄ້າໃນອິນເຕີເນັດ.
Internet studio 	ຊຸດຊອບແວທີ່ຜະລິດໂດຍໄມໂຄຣຊອບ, ສໍາລັບໃຫ້ຜູ້ໃຊ້ເວບ ໃຊ້ຕົບແຕ່ງແລະສ້າງໂຮມເພດ. ພາຍໃນອີນເຕີເນັດສະຕູດີໂອປະກອບດ້ວຍໂປຣແກຣມຈັດການຂໍ້ຄວາມ, ພາບກຣາບຟິກ ຫຼື ສຽງ.
Internet talk radio 	ໃຊ້ຄໍາຫຍໍ້ວ່າ ITR, ບໍລິການຂ່າວໃນສະຫະລັດອາເມລິກາເຊິ່ງຢູ່ໃນຮູບແບບສຽງຄືກັບຂ່າວທາງວິທະຍຸກະຈາຍສຽງ. ແຕ່ສຽງທີ່ໃຫ້ບໍລິການຈະເກັບຢູ່ໃນຮູບແບບຂໍ້ມູນດິຈິຕອນໃຫ້ໂອນໄປຟັງໄດ້.
Internet telephony 	 ການໃຊ້ບໍລິການໂທລະສັບຜ່ານລະບົບອິນເຕີເນັດ.
Internet tool 	ໂປຣແກຣມໃນອິນເຕີເນັດ ເຊັ່ນ: search engine ຈໍາພວກ yahoo, lycos web crawlers.
Internet worm 	ໂປຣແກຣມທີ່ແຜ່ເຂົ້າສູ່ host ຜ່ານອິນເຕີເນັດ ແລະ ເພີ່ມຈໍານວນຕົວໂປຣແກຣມຫຼາຍຂຶ້ນເລື້ອຍໆ ຈົນເຮັດໃຫ້ host ບໍ່ສາມາດເຮັດວຽກໄດ້.
Internetwork enterpride 	ເວັບຂະໜາດໃຫຍ່ທີ່ເຊື່ອມຕໍ່ກັນໄດ້ຫຼາຍລະດັບ.
interNIC 	ຫຍໍ້ມາຈາກ internet network information center ເຊິ່ງເປັນເປັນສູນບໍລິການຂ່າວສານອິນເຕີເນັດ ແລະ ເຮັດໜ້າທີ່ລົງທະບຽນຊື່ໂດເມນ.
interorganizational information system 	ໃຊ້ຄໍາຫຍໍ້ວ່າ IOS, ການແລກປ່ຽນຂອງຂໍ້ມູນລະຫວ່າງອົງກອນ, ວັດຖຸປະສົງເພື່ອເຮັດໃຫ້ການດຳເນີນທຸລະກິດຕ່າງໆ ດຳເນີນໄປຢ່າງມີປະສິດທິພາບ.
Interpreter 	ອິນຕີປຣີດເຕີ, ເປັນໂປຣແກຣມທີ່ອ່ານປະໂຫຍດຄໍາສັ່ງທີ່ຂຽນດ້ວຍພາສາໂປຣແກຣມເຊັ່ນ: Basic ແລ້ວແປງໃຫ້ເປັນພາສາເຄື່ອງ ເພື່ອເຮັດຕາມຄໍາສັ່ງນັ້ນ ໃນເທື່ອລະແຖວທັນທີ.
interrupt service routine 	ຄໍາສັ່ງທີ່ບອກໃຫ້ໄມໂຄຣຊອບຄອມພິວເຕີຢຸດເຮັດວຽກ ທີ່ກໍາລັງເຮັດຢູ່ ຊົ່ວຄາວ ເພື່ອໄປຕອບສະໜອງວຽກບາງຢ່າງ
interruption 	ການຂັດຈັງຫວະ.
Intersection 	ສະມາຊິກຂອງກຸ່ມໜື່ງ ທີ່ເປັນສະມາຊິກຂອງອີກກຸ່ມໜື່ງ ຫຼື ຫຼາຍກຸ່ມເຊັ່ນ: Intersection abc ກັບ cbr ແມ່ນ bc
intrinsic motivation 	 ແຮງຈູງໃຈພາຍໃນ.
Intruder 	 ຜູ້ທີ່ພະຍາຍາມເຂົ້າສູ່ເຄືອຂ່າຍໂດຍບໍ່ໄດ້ຮັບອະນຸຍາດ ຫຼື ບໍ່ມີສິດທິໃນການເຂົ້າໃຊ້ລະບົບເຄືອຂ່າຍ.
Invert 	ການປີ້ນ, ການສັບປ່ຽນ, ເຊັ່ນ ການປີ້ນກັບຂ້າງຂອງຮູບພາບ.
Inverter 	ຕົວປ່ຽນ, ອຸປະກອນການປ່ຽນກະແສກົງໃຫເປັນກະແສສະຫຼັບ.
IP address 	ເລກທີ່ຢູ່ປະຈໍາເຄື່ອງໃນຮູບລະຫັດຕົວເລກ, ຄອມພິວເຕີທຸກເຄື່ອງທີ່ເຊື່ອມຕໍ່ເຂົ້າກັບອິນເຕີເນັດຕ້ອງມີເລກທີ່ຢູ່ປະຈໍາເຄື່ອງ ທີ່ບໍ່ຊໍ້າກັບເຄື່ອງອື່ນໃດ.
IP datagram 	ຊຸດຂໍ້ມູນຂ່າວສານທີ່ສົ່ງຜ່ານອິນເຕີເນັດ. IP datagram ປຽບເໝືອນຮາດແວຂອງເຄືອຂ່າຍປະກອບດ້ວຍທີ່ຢູ່ຕົ້ນທາງ ແລະ ປາຍທາງ ພ້ອມກັບຂໍ້ມູນ. ຂໍ້ຄວາມຂະໜາດໃຫຍ່ຈະຖືກແຍກອອກເປັນຊຸດຍ່ອຍໆ ຕໍ່ເນື່ອງກັນແບບ IP datagram.
IP spoofing 	ການອ້າງເຖິງບຸກຄົນຫຼື ເຄື່ອງ, ເຊັ່ນ: IP spoofing ໝາຍເຖິງການເຊື່ອມຕໍ່ເຂົ້າກັບລະບົບ internet ໂດຍໃຊ້ IP address ຂອງເຄື່ອງເປັນຕົວບອກຂໍ້ແຕກຕ່າງລະຫວ່າງເຄື່ອງ.
ISP 	ຫຍໍ້ມາຈາກ internet service provider , ຜູ້ໃຫ້ບໍລິການອິນເຕີເນັດ.
IT 	ໄອທີ, ເບິ່ງ information technology.
IT outsourcing 	ເປັນຮູບແບບຂອງລະບົບທີ່ໃຊ້ບຸກຄົນ ຫຼືໜ່ວຍງານພາຍນອກອົງກອນສ້າງ, ອອກແບບ, ດູແລລະບົບ ແລະ ສະຖາປັດຕະຍະກໍາຂໍ້ມູນຂ່າວສານ.
IT planning 	ການວາງແຜນງານຂອງອົງກອນ ກ່ຽວກັບເລື່ອງລະບົບເຕັກໂນໂລຊີຂໍ້ມູນຂ່າວສານ.
Italic 	ເນີ້ງ, ງ່ຽງ, ແບບພິມຕົວເນີ້ງ.
Item 	ສິ່ງ, ເລື່ອງ.
Item analysis 	ການວິເຄາະເປັນຫົວຂໍ້,
Item bank 	ທະນາຄານຂໍ້ສອບ, ໝາຍເຖິງແບບທົດສອບທີ່ຈັດໄວ້ໃນລັກສະນະແບ່ງຕາມລໍາດັບຄວາມຍາກ ແລະ ຄວາມທ່ຽງຕົງ.
Iteration 	ການເຮັດຊໍ້າປະໂຫຍກຄໍາສັ່ງໃນໂປຣແກຣມມັກເອີ້ນວ່າ ການວົນຮອບ ຫຼື ຖ້າບາງສິ່ງເຮັດຜິດໄປ, ເອີ້ນວ່າ ການວົນຮອບບໍ່ຮູ້ຈົບ.
Jack 	 ຊ່ອງສຽບສາຍໄຟຟ້າ, ຊ່ອງສໍາລັບແຈກຢາຍໄຟຟ້າ ຫຼືເອີ້ນອີກຢ່າງໜື່ງວ່າປັກໄຟຟ້າ.
Jam 	ຕິດຂັດ, ເຮັດໃຫ້ຕິດຂັດ ສົ່ງສັນຍານລົບກວນ.
Java applets 	ໂປຣແກຣມຂຽນໂດຍພາສາຈາວາ ແລະ ໂປຣແກຣມຈະມີການໂອນຍ້າຍມາຍັງເຄື່ອງທີ່ເປັນ client ເພື່ອແລ່ນໂປຣແກຣມໃນເຄື່ອງຂອງຜູ້ໃຊ້ບໍລິການ.
Jaz disk 	ແຜ່ນດິດປະເພດໜື່ງທີ່ມີຄວາມຈຸຂະໜາດ 1 ກິກະໄບ.
Jcl 	ຫຍໍ້ມາຈາກ job control language, ພາສາໂປຣແກຣມຊະນິດໜື່ງ, ທີ່ໃຫ້ໂປຣແກຣມເມີໃຊ້ຂຽນເພື່ອສັ່ງການ ແລະ ຄວບຄຸມລະບົບປະຕິບັດການ.
Jit 	ຫຍໍ້ມາຈາກ just in time ຮູບພາບຂອງການຈັດການ ແລະ ບໍລິຫານສໍາລັບຊັບພະຍາກອນ
job gueue 	ຄິວງານ, ລໍາດັບຂອງວຽກງານ
Jpeg 	ເຈເພັກ, ຫຍໍ້ມາຈາກ joint photographic Expert Group, ເປັນຟາຍຮູບພາບຊະນິດໜື່ງ.
Junction 	ການເຊື່ອມຕໍ່/ຮອຍຕໍ່.
Junction network 	ຈຸດເຊື່ອມຕໍ່ເຄືອຂ່າຍ.
Junk mail 	ຈົດໝາຍເອເລັກໂຕຣນິກທີ່ສົ່ງມາໂດຍທີ່ຜູ້ຮັບບໍ່ຕ້ອງການ.
Juxtapose 	ການເອົາມາໄວ້ໄກ້ກັນ.
Key disk 	 ແຜ່ນດິດທີ່ເປັນກະແຈໃຊ້ໃນການເປີດໂປຼແກຣມບາງປະເພດ.ດິດຊະນິດນີ້ບໍ່ສາມາດສຳເນົາໄດ້,ຕ້ອງໃສ່ແຜ່ນດິດນີ້ເຂົ້າໄປໃນເຄື່ອງຄອມພິວເຕີ ເພື່ອຈະເອີ້ນໃຊ້ໂປຼແກຣມບາງປະເພດ.
Key image 	ຮູບຫຼັກມີຄວາມສຳຄັນເຮັດໃຫ້ຮູບສ່ວນອື່ນໆປ່ຽນໄປຕາມ.
Key in 	ປ້ອນຂໍ້ມູນ.
Key set 	ເຄື່ອງຮັບໂທລະສັບທີ່ມີຫຼາຍເບີໃນເຄື່ອງດຽວ.
Key system 	ລະບົບອຸປະກອນທີ່ໃຊ້ກັບ Key set
Key verify 	ການໃຊ້ເຄື່ອງກວດສອບການເຈາະບັດເພື່ອກວດສອບຄວາມຖືກຕ້ອງຂອງຂໍ້ມູນທີ່ເຈາະລົງບັດ.
Keyboard 	ແປ້ນພີມ,ອຸປະກອນຄ້າຍເຄື່ອງພີມດີດຕໍ່ເຂົ້າກັບຄອມພີວເຕີເມື່ອໃຊ້ກົດປຸ່ມໃດປຸ່ມໜື່ງແປ້ນພີມຈະສົ່ງສັນຍານໄປຫາຄອມພີວເຕີ.
Keyboarding 	ການພີມ,ການນຳຂໍ້ມູນເຂົ້າຜ່ານທາງແປ້ນພີມ
Keypad 	ແປ້ນແຍກສ່ວນ,ກຸ່ມຂອງປຸ່ມທີ່ສຳພັນກັນ ແລະວາງຢູ່ດ້ວຍກັນເພື່ອຄວາມສະດວກ.ແປ້ນແຍກສ່ວນທີ່ມີໃຊ້ກັນໄດ້ແກ່ແປ້ນສ່ວນຕົວເລກ ແລະແປ້ນສ່ວນເລື່ອນເຄີເຊີ.
Keypunch 	ເຄື່ອງເຈາະບັດ.
Keystroke 	ການກົດແລ້ວປ່ອຍໃນແປ້ນພິມເພື່ອຈະເຮັດຫັຍງຈັກຢ່າງ ຫຼື ປ້ອນຕົວອັກສອນ.
Key-to-disk unit 	ໜວ່ຍບັນທຶກຂໍ້ມູນລົງດິດ.
Key-to-tape system 	ລະບົບການນຳຂໍ້ມູນລົງໃນເທັບ,ເຊີ່ງປະກອບດ້ວຍສະຖານີປ້ອນຂໍ້ມູນຫຼາຍສະຖານີຕໍ່ເຊື່ອມໂຍງຢູ່ກັບໜ່ວຍຄວບຄຸມສ່ວນກາງ,ອາດຈະເປັນເຄື່ອງຄອມພິວເຕີຂະ ໜາດກາງເຊິ່ງຈະຮວບຮວມຂໍ້ມູນຈາກແຕ່ລະສະຖານີລົງໃນເທັບແມ່ເຫຼັກ.
Key-to-tape unit 	ໜ່ວຍບັນທຶກຂໍ້ມູນລົງເທັບ.
Kick 	ໃຊ້ໃນ IRC ຈະໝາຍເຖີງການຖືກຕັດອອກຈາກກຸ່ມສົນທະນາໂດຍຜູ້ຄວບຄຸມກຸ່ມ.
Killer utilities 	ໂປຼແກຣມທີ່ຄາດວ່າຄວນຕ້ອງມີໄວ້ເພື່ອໃຊ້ວຽກ.
Kilo baud 	ກິໂລບອດ.
Kilo bit 	ກິໂລບິດ.
Kilobits per second 	ກິໂລບິດຕໍ່ວິນາທີ,ໃຊ້ຄຳຫຍໍ້ວ່າ Kbps, ຈຳນວນບິດທີ່ສົ່ງຫາກັນໃນຊ່ວງເວລາ 1 ວິນາທີໂດຍວັດຈຳນວນເທົ່າຂອງ 1,024 ບິດຕໍ່ວິນາທີໃຊ້ບອກອັດຕາການສົ່ງຂໍ້ມູນ.
Kilobyte 	ກິໂລໄບ.
Kilohertz 	ກິໂລເຮີດ,ຄຳວ່າກິໂລໝາຍເຖິງ 1,000 ແລະຄຳວ່າເຮີດຄື ຈຳນວນຮອບຕໍ່ວິນາທີ,ດັ່ງນັ້ນ ກິໂລເຮີດຈື່ງໝາຍເຖີງ 1,000 ເຮີດ ຫຼື ເປັນຈຳນວນ 1,000 ຮອບຕໍ່ວິນາທີ.
Knowledge Engineering 	ວິສາວະກອນຄວາມຮູ້, ຜູ້ທີ່ມີໜ້າທີ່ໃນການສະແຫວງຫາຄວາມຮູ້ ແລະ ສ້າງລະບົບຜູ້ຊ່ຽວຊານ.
Knowledge workers 	ບຸກຄະລາກອນທີ່ໃຊ້ຄວາມຮູ້ເປັນສ່ວນສຳຄັນໃນໜ້າທີ່ຮັບຜິດຊອບ.
Knowledge-based 	ຖານຄວາມຮູ້.
Lacing 	 ການໃສ່ຟີມ ຫຼື ເທັບຜ່ານເຄື່ອງຫຼີ້ນ.
Laminate 	ການອັດຊ້ອນ, ການປິດຊ້ອນແຜ່ນໃສເພື່ອປ້ອງກັນພື້ນຜິວຮູບດ້ານດຽວ ຫຼື ສອງດ້ານຂອງຮູບສອງມິຕິ
LAN adapter 	ແຜ່ນວົງຈອນເພື່ອຕິດຕັ້ງລົງໃນຄອມພິວເຕີເພື່ອໃຫ້ເຄື່ອງສາມາດເຊື່ອມຕໍ່ເຂົ້າກັນໄດ້
LAN card 	ແລນຄາດ ຫຼື ເອີ້ນອີກຊື່ໜື່ງວ່າ network interface card,ແຜ່ນວົງຈອນທີ່ຕິດຕັ້ງໃນຄອມພິວເຕີເພື່ອໃຫ້ເຄື່ອງສາມາດເຊື່ອມຕໍ່ເຂົ້າກັບເຄືອຂ່າຍໄດ້.
LAN Workplace 	ຊອບແວນຳໃຊ້ເຄືອຂ່າຍ TCP/IP ຂອງ Novell ສຳລັບໃຊ້ວຽກງານໃນພີຊີ ແລະ Macintosh
Landscape 	ການວາງເຈ້ຍທາງຂວາງ.ວິທີໃນການວາງເຈ້ຍແບບທີ່ມີຄວາມກວ້າງຫຼາຍກວ່າຄວາມສູງ.
Language laboratory 	ຫ້ອງປະຕິບັດທາງພາສາ,ຫ້ອງຝຶກຫັດພາສາ.
Language processor 	ໂປຣແກຣມຄອມພິວເຕີທີ່ເປັນຕົວປະມວນຜົນພາສາຄອມພິວເຕີເຮັດໜ້າທີ່ ເຊັ່ນ ແປພາສາ,ຕີຄວາມໝາຍຂອງພາສາເປັນຕົ້ນ.
LapLink 	ໂປຣແກຣມຖ່າຍໂອນຟາຍສຳລັບລະບົບປະຕິບັດການ Windows.
Laptop computer 	ຄອມພິວເຕີຂະໜາດນ້ອຍທີ່ສາມາດເຄື່ອນຍ້າຍໄປມາສະດວກ, ມີນໍ້າໜັກເບົາ, ມີຈໍພາບ ແລະ ແປ້ນພິມທີ່ພັບເຂົ້າຫາກັນໄດ້ຄືກັບໂນດບຸກຄອມພິວເຕີ.
Large-scale Integrated Circuit 	ວົງຈອນລວມຂະໜາດໃຫ່ຍ,ໃຊ້ຄຳຫໍ້ຍວ່າLSI, ວົງຈອນລວມມີ Logic gate ຫຼາຍກ່ວາ100 ຕົວ.
Laser disc 	ແຜ່ນເລຊີດິດ.
Laser printer 	ເຄື່ອງພີມເລເຊີ.
Laser jet 	ເລເຊີເຈັດ,ເປັນເຄື່ອງມືພີມເລເຊີຕະກູນເຈັດທີ່ໄດ້ຮັບຄວາມນິຍົມສູງ.
LaserWriter 	ຕະກູນເຄື່ອງພິມເລເຊີ.ຜະລິດໃນປີ 1985 ໂດຍບໍລິສັດ Apple ເຊີ່ງໃຊ້ກັບເຄື່ອງ Macintosh.
Launch 	ໃຊ້ຄຳຫຍໍ້ວ່າ LIFO,ເຂົ້າຕາມຫຼັງອອກກ່ອນ
Lavalier microphone 	ໄມໂຄຣໂຟນຊະນິດຫ້ອຍ,ເປັນໄມໂຄຣໂຟນຂະໜາດນ້ອຍມີສາຍລັບຄ້ອງຄໍ.
Layer 	ເລເຢີ,ໃນວົງການຄອມພິວເຕີກຣາບຟິກ ເປັນກະດານແຕ້ມຮູບໜ້າຈໍ,ແຕ່ລະເລເຍີສາ ມາດປັບແຕ່ງໄດ້ ຫຼື ໃນວົງການສື່ສານໝາຍເຖິງຊັ້ນການເຮັດວຽກຂອງໂປຣໂຕຄອນເຊີ່ງເຮັດໜ້າທີ່ເຊື່ອມຕໍ່ກັບໂປຣໂຕຄອນອື່ນ.
Layout 	ເລເອົາ,ການວາງແຜນງານ,ການອອກແບບ ຫຼື ການຈັດຮູບແບບງານທີ່ໄດ້ມາຈາກໂປຣແກຣມ.
Lead in 	 ສາຍຕໍ່.
Learning curve 	ເສັ້ນກຣາບຂອງການຮຽນຮູ້.
Learning objective 	ຈຸດມຸ່ງໝາຍທາງການຮຽນ.
Learning package 	ຊຸດການຮຽນ,ໝາຍເຖິງຊຸດຂອງວັດສະດຸທີ່ກ່ຽວຂອ້ງກັບສະລະວິຊາປະກອບດ້ວຍຄຳແນາະນຳ,ຈຸດປະສົງແລະແບບທົດສອບສຳລັບຜູ້ຮຽນ.
Learning resource 	ແຫຼ່ງການຮຽນ, ໝາຍເຖິງຊັບພະຍາກອນຕ່າງໆລວມມີຂໍ້ມູນ, ມະນຸດ ແລະ ສີ່ງຂອງເປັນຕົ້ນ.
Leased line 	ກົນລະຍຸດການຮຽນ.
Learning strategies 	ສາຍເຊົ່າ, ວົງຈອນການສື່ສານ ຫຼື ສາຍໂທລະສັບທີ່ກັນໄວ້ໃຫ້ລູກຄ້າໃຊ້ຖາວອນ,ອາດເອີ້ນອີກຢ່າງໜື່ງວ່າ ສາຍສ່ວນຕົວ.
LED 	ຫຍໍ້ມາຈາກ Light Emitting Diode,ໄດໂອດເປັ່ງແສງ
Legacy application 	ໂປຼແກຣມນຳໃຊ້ລຸ້ນເກົ່າທີ່ໃຊ້ຢູ່ເດີມ.
Legacy hardware 	ຮາດແວລຸ້ນເກົ່າທີ່ໃຊ້ຢູ່ເດີມ.
Legacy system 	ລະບົບສູນກາງທາງທຸລະກິດແບບເດີມທີ່ ບໍ່ສາມາດປ່ຽນແປງໄດ້ຢ່າງທັນທີທັນໃດ.
Legal size 	ຂະໜາດເຈ້ຍມາດຕະຖານຂອງສາຫາລັດອະເມລິກາ.
Legend 	ຄຳອະທິບາຍພາບໃນແຜນທີ່,ກຣາບ ແລະອື່ນໆ.
Legibility 	ອ່ານງ່າຍ/ຊັດເຈນ.
Leisure time 	ການເຮັດວຽກຕາມເວລາທີ່ຕ້ອງການ.
Lens angel 	ມູມຂອງເລນ, ມູມພາບຂອງເລນຕາມລວງນອນ ແລະ ລວງຕັ້ງບອກໄວ້ເປັນອົງສາ.
Lens barrel 	ບັ້ງເລນ/ທໍ່ບັ້ງທີ່ຕິດຕັ້ງເລນ, ປົກກະຕິຈະມີກົນໄກໃຊ້ໃນການປັບຈຸດຄວາມແຈ້ງດ້ວຍ.
Lettering 	ອັກສອນສຳເລັດ, ໝາຍເຖິງກິດຈະກຳທີ່ນຳເອົາຕົວອັກສອນ ແລະຕົວເລກມາສ້າງເປັນຕຳລາຫຼືຄຳອະທິບາຍພາບ.
Level 	ລະດັບ.
Lexicon 	ພົດຈານຸກົມ.
LF 	 ຫຍໍ້ມາຈາກ Low frequency ,ຄວມຖີ່ຕໍ່າ
Librarian 	ໂປຼແກຣມເກັບຮວບຮວມຂໍ້ມູນ, ໂປຼແກຣມທີ່ເກັບຮວບຮວມໂປຼເກຣມຍອ່ຍຂອງລະບົບດຳເນີນງານ ຫຼື ຂອງຄອມພາຍເລີເພື່ອສ້າງໄລບຣາຣີໂປຼແກຣມ.
Library music 	ຫ້ອງສະໝຸດກັບເພັງ,ຫ້ອງເກັບຮວບຮວມດົນຕີຕ່າງໆ.
License 	ໃບອະນຸຍາດ.
Lifelong education 	ການສືກສາຕະຫຼອດຊີວິດ.
Lift 	ເປັນການບັນທຶກສຽງຈາກຈານສຽງ, ຈາກເທັບ ແລະ ອື່ນໆລົງໃນຟິມຮູບເງົາ.
Light box 	ໂຕະທີ່ມີລັກສະນະໂປ່ງໃສມີຫຼອດໄຟສ່ອງສະຫ່ວາງໃສ່ເພື່ອວຽກສ້າງພາບເໝືອນມີຊີວິດ.
Light table 	ໂຕະຄວບຄຸມແສງສຳລັບວີດີໂອ.
Light video Equipment 	ອຸປະກອນແສງສຳລັບວີດີໂອ.
Lighting console 	ໂຕະຄວບຄຸມແສງ.
Limits of rights 	ຂໍ້ຈຳກັດຂອງສິດທິ.
Limits of computer Power 	ເລື່ອງຂອງການສຶກສາທິດສະດີທີ່ຍັງເຮັດວຽກຢູ່ຢ່າງຕໍ່ເນື່ອງ.
Line cap 	ປາຍສຸດຂອງເສັ້ນ.
Line coding 	ການເຂົ້າລະຫັດສາຍສັນຍານ.
Line doubler 	ຕົວທະວີຄູນເສັ້ນ.
Line darawing 	ການແຕ້ມເສັ້ນ,ການວາດທີ່ເປັນກຸ່ມຂອງເສັ້ນສີດຳໃນສາກຫຼັງສີຂາວ.
Line editor 	ໂປຼແກຣມທີ່ສາມາດແກ້ໄຂຟາຍຂໍ້ຄວາມໄດ້ເທື່ອລະແຖວ, editor ຊະນິດນີ້ໃນDOS ຊື່ EDLIN.
Line frequency 	ຄວາມຖີ່ເສັ້ນ,ຈຳນວນຂອງເສັ້ນທີ່ກວາດໃນໜື່ງວິນາທີ.
Line in/out 	ສ່ວນນຳສັນຍານເຂົ້າ/ສ່ວນສົ່ງສັນຍານອອກ.
Line number 	ໝາຍເລກແຖວ,ຕົວເລກທີ່ໃຊ້ກຳກັບແຖວໃນເອກະສານ ເຊັ່ນ: ແຖວທຳອິດເປັນ ໝາຍເລກ 1 ແຖວທີ 2 ແລະຕໍ່ໆໄປ.
Line spacing 	ການໃສ່ບ່ອນວ່າງພິເສດລະຫວ່າງການພິມແຕ່ລະແຖວ
Line up 	ການປັບໃຫ້ອຸປະກອນທຸກອັນຢູ່ໃນສະພາບພ້ອມເຮັດວຽກ.
Linear fill 	ການໃສ່ສີໃນວັດຖຸ.
Linear programing 	ເປັນບົດຮຽນແບບໂປຣແກຣມທີ່ສ້່າງຂື້ນຈາກທິດສະດີການເສີມແຮ ງເຊັ່ນ: ການແຂ່ງຂັນຄິດຫາຄຳຕອບ,ການປະຕິບັດຊໍ້າຄືນ ແລະ ອື່ນໆ.
Linkage editor 	ໂປຼແກຣມໃຊ້ປະຈຳທີ່ປ່ຽນຜົນທີ່ປ່ຽນຜົນລັບຂອງຕົວແປພາສາແອັດແຊັມບະລີ ແລະ ຄອມພາຍເລີໃຫ້ຢູ່ໃນຮູບແແບບທີ່ສາມາດໃຊ້ປະຕິບັດການໄດ້.
Linked list 	ວິທີການຈັດຂໍ້ມູນຄອມພິວເຕີເພື່ອໃຫ້ສາມາດດຶງມາໃຊ້ວຽກການໄດ້.
Links 	ການເຊື່ອມຕໍ່,ເປັນການເຊື່ອມຕໍ່ຈາກຈຸດໜື່ງ/ສະຖານີໜື່ງໄປຫາອີກຈຸດໜື່ງ ຫຼືຫຼາຍໆຈຸດ.
Linux 	ລີນຸກ,ລະບົບປະຕິບັດການຍູນິກທີ່ໃຊ້ໃນເຄື່ອງພີຊີເລີ່ມຕົ້ນພັດທະນາຂື້ນໂດຍຂື້ນໂດບ Linux Torvald ແລະໄດ້ມີການພັດທະນາຢ່າງຕໍ່ເນື່ອງໂດຍຄວາມຮວ່ມມືຈາກກຸ່ມຜູ້ໃຊ້ອິນເຕີເນັດ ແລະ ໃຫ້ໃຊ້ໂດຍບໍ່ໄດ້ຄິດມູນຄ່າ.
List administrator 	ຜູ້ທີ່ມີໜ້າທີ່ຮັບຜິດຊອບກ່ຽວກັບການດູແລລະບົບການສົນທະນາແບບອອນລາຍ.
Listing 	ສົ່ງພີມລາຍການສະແດງ.
Lists of lists 	 ຂໍ້ມູນລາຍການ,ເຊີ່ງຮວບຮວມແຫຼ່ງບໍລິການຢ່າງໃດຢ່າງໜື່ງໃນອິນເຕີເນັດ.
Lite 	ລຸ້ນທີ່ຂາດຄຸນສົມບັດບາງຢ່າງຈາກລຸ້ນເຕັມຮູບແແບບເຊັ່ນເວີດໂປຣເຊັດເຊີອາດຈະມີລຸ້ນ lite ເຊີ່ງຍັງຄົງໃຊ້ຮ່ວມກັນໄດ້ແຕ່ຍັງຂາດຄວາມສາມາດບາງສ່ວນ ແລະມີລາຄາຖືກກວ່າແບບເຕັມ.
Little endian 	ລະບົບຂອງການກຳນົດຕຳແໜ່ງໜ່ວຍຄວາມຈຳທີ່ມີຈຳນວນຫຼາຍກວ່າ 1 byte.ຈະເກັບຂໍ້ມູນເທື່ອລະ 8 bit ແລະ 8 bit ຕໍ່າສຸດຈະຖືກເກັບໄວ້ທີ່ຕຳແໜ່ງຕໍ່າສຸດ big endian.
Listing center 	ສູນເພື່ອການຮັບຟັງ.
Load 	ໂຫລດ,ການໂອນຍ້າຍຂໍ້ມູນຈາກແຜ່ນດິດ ຫຼື ອຸປະກອນພາຍນອກເຂົ້າສູ່ໜ່ວຍຄວາມຈຳຄອມພີວເຕີເຊີ່ງກົງກັນຂ້າມກັບ save
Load module 	ໂຫລດໂມດູນເຊີ່ງຢູ່ໃນຮູບແບບເໜາະສົມສຳລັບການບັນຈຸເຂົ້າມາໃນໜ່ວຍຄວາມຈຳ ແລະ ປະຕິບັດການໄດ້.
Load der 	ໂປຼແກຣມບັນຈຸ, ໂປແກຣມທີ່ເຮັດໜ້າທີ່ບັນຈຸ ຫຼື ໂຫລດໂປຣແກຣມອື່ນໆເຂົ້າມາສູ່ ໜ່ວຍຄວາມຈຳຕາມຕໍາແໜ່ງທີ່ກໍານົດເອົາໄວ້.
Local area network 	ໃຊ້ຄຳຫຍໍ້ວ່າLAN, ເຄືອຂ່າຍລະດັບທ້ອງຖິ່ນ.
Local loop 	ວົງຈອນທີ່ເຊື່ອມຕໍ່ມີລັກສະນະເປັນວົງຮອບ, ໃນການສື່ສານໝາຍເຖິງເສັ້ນທາງເຊື່ອມຕໍ່ລະຫວ່າງສຳນັກງານ ຫຼື ສະຖານທີ່ໜື່ງໆເຂົ້າກັບຊູມສາຍໂທລະສັບ.
Local system 	ລະບົບຄອມພິວເຕີທີ່ເຮົາກຳລັງໃຊ້ວຽກ ເພື່ອຕິດຕໍ່ກັບຄອມພິວເຕີທີ່ຢູ່ໄລຍະກ່າງອອກໄປໂດຍຜ່ານທາງອິນເຕີເນັດ.
Local talk 	ການເຊື່ອມຕໍ່ສາຍເຄເບີ້ນທີ່ບໍລິສັດ Apple ຄອມພິວເຕີເຮັດຂຶ້້ນເພື່ອໃຊ້ກັບເຄືອຂ່າຍ Apple talk ຈະໃຊ້ຣາດແວເຄືອຂ່າຍທີ່ມີຢູ່ແລ້ວເພື່ອຕິດຕໍ່ກັນ.
Local host 	ເຄື່ອງຄອມພິວເຕີທີ່ຜູ້ໃຊ້ກຳລັງເຮັດວຽກຢູ່.
localization 	ການປັບປ່ຽນຊອບແວເພື່ອງານໂດຍສະເພາະ.
location 	ຕຳແໜ່ງ.
Locator tool 	ອຸປະກອນໃນການເບີ່ງຕຳແໜ່ງຂອງຮູບບິດແມັບ.
Lock in effect 	ປະກົດການທີ່ເກີດບັນຫາການແຂ່ງຂັນເນື່ອງຈາກຄວາມບໍ່ເຂົາໃຈໃນເລື່ອງຄວາມແຕກຕ່າງຂອງສີນຄ້າ.
Long 	ຫຍໍ້ມາຈາກ logarithm, ຟັງຊັ້ນທາງຄະນິດສາດ, ການບັນທຶກການປະຕິບັດການຂອງຄອມພິວເຕີ.
Long file 	ຟາຍລົງບັນທຶກ.
Log in /long out 	ແຈ້ງເຂົ້າລະບົບ/ແຈ້ງອອກລະບົບ, log in ໝາຍເຖິງການແຈ້ງເຂົ້າໃຊ້ຄອມພິວເຕີເພື່ອສະແດງຕົນວ່າເປັນຜູ້ທີ່ມີສິດຖືກຕ້ອງໃນການໃຊ້ວຽກຄອມພິວເຕີ ຫຼື ລະບົບເຄືອຂ່າຍ. ສ່ວນ long out ການແຈ້ງອອກຈາກລະບົບ ຫຼື ການເລີກໃຊ້ຄອມພິວເຕີໃນເຄືອຂ່າຍ.
Logic 	ໂລຊິກ/ຕັກກະສາດ.
Logic bomb 	ໂລຊິກບອມ, ສ່ວນທີ່ເປັນຄວາມລັບຂອງໂປຼແກຣມເຊີ່ງຈະລຶບຟາຍຕ່າງເບີ່ງ virus.
Logic programming 	ວົງຈອນຕະກະສາດ, ວົງຈອນຄອມພິວເຕີສຳລັບປະຕິບັດການທາງໂລຊິກ.
Logical design 	ວິທີການຂຽນໂປຼແກຣມຄອມພິວເຕີໂດຍໃຊ້ການສຶກສາທາງດ້ານຄະນິດສາດ.
Logical diagram 	ການອອກແບບຕາມຕັກກະສາດ.
Logical operator 	ແຜນພາບໂລຊິກ.
Logical operator 	ຕົວປະຕິບັດການທາງໂລຊິກ, ເຄື່ອງໝາຍທີ່ໃຊ້ກັນໃນພາສາໂປຼແກຣມspreadsheet ແລະ ຖານຂໍ້ມູນເພື່ອກຳນົດຄວາມສຳພັນລະຫວ່າງຂອງ2ຢ່າງເຊັ່ນ: ຕົວປະຕິບັດການທາງໂລຊິກໄດ້ແກ່AND,OR ແລະNOT ເປັນຕົ້ນ.
Logical record 	ການບັນທຶກຂໍ້ມູນທາງໂລຊິກ,ກຸ່ມຂອງຂໍ້ມູນທີ່ມີການອ້າງອີງຕຳແໜ່ງທີ່ຢູ່ແລບໂລຊິກ.
Login name 	ຊື່ທີ່ໃຊ້ໃນການບັນທຶກເຂົ້າໃຊ້ເຄື່ອງຄອມພິວເຕີ.
Login script 	ລຳດັບຄຳສັ່ງເຊີ່ງເກັບໄວ້ມນຟາຍຄືກັບ script ເຊີ່ງຄອມພິວເຕີຈະເອົາມາປະຕິບັດການໂດຍອັດຕະໂນມັດທຸກຄັ້ງທີ່ມີຜູ້ຊົມໃຊ້ເຂົ້າສູ່ລະບົບດ້ວຍການ login.
Logistics 	ກຳລັງ, ສີ່ງຂອງຫຼືແຫຼ່ງຊັບພະຍາກອນ ຫຼື ວິທີການທັງໝົດທີ່ນຳມາໃຊ້ໃນກິດຈະກຳນັ້ນເຊັ່ນ ການຈັດຮູບແແບບຂອງກິດຈະກຳທາງການສຶກສາຫຼືການຂົນສົ່ງລະຫວ່າງປະເທດ.
Logoff 	 ແຈ້ງອອກລະບົບ,ເຊັ່ນ ການຍົກເລີກການເຊື່ອມຕໍ່ກັບລະບົບເຄືອຂ່າຍມີຄວາມ ໝາຍກັບການວາງທູໂທລະສັບ.
Long focus lens 	ເລນໂຟກັດຍາວ, ເປັນເລນສຳລັບຖ່າຍພາບວັດຖຸທີ່ຢູ່ໃນໄລຍະໄກ ຫຼື ເພື່ອການຖ່າຍຂະຫຍາຍ.
Long range planning 	ແຜນການໄລຍະຍາວທາງດ້ານຂໍ້ມູນຂ່າວສານ.
Look up table 	ການຄົ້ນຫາຂໍ້ມູນໃນຕາຕາລາງ.
Lookup 	ຄົ້ນຫາ.
Loop back address 	ເລກໝາຍທີ່ຢູ່ຂອງເຄື່ອງຄອມພິວເຕີ,ເຊີ່ງໃຊ້ໃນການທົດສອບຕົວເຄື່ອງຄອມພິວເຕີ. ຄອມພິວເຕີທຸກເຄື່ອງໃນອິນເຕີເນັດຈະໃຊ້ເລກທີ່ຢູ່ 127.0.0.1 ສຳລັບເປັນ loop
Loop projector 	ເຄື່ອງສາຍຟີມລູບ.
Lose a generation 	ການສູນເສຍຄຸນນະພາບ.
Lossless compression 	ການບີບອັດສັນຍານໂດຍທີ່ບໍ່ມີການສູນເສຍບາງສວ່ນ.
Low resolution 	ຄວາມລະອຽດຕໍ່າ,ໃນເຄື່ອງພິມ ຫຼື ຈໍພາບຂອງເຄື່ອງຄອມພິວເຕີສາມາດສະແດງຜົນໄດ້ຢ່າງວ່ອງໄວ, ແຕ່ພາບທີ່ໄດ້ຈະມີຄຸນນະພາບຕໍ່າ ເຊີ່ງມີຜົນເສຍຕໍ່ສາຍຕາ ແລະ ເຮັດໃຫ້ປວດຫົວໃນເວລາໃຊ້ເຄື່ອງ.
Low-band standards 	ມາດຕະຖານຊ່ວງຄວາມຖີ່ຕໍ່າ.
Lower sideband 	ແຖບຄວາມຖີ່ທາງດ້ານຕໍ່າ.
Lowercase 	ຕົວອັກສອນຕົວນ້ອຍເຊັ່ນ a, b ,c…ຄຳນີ້ກົງກັນຂ້າມກັບຕົວອັກສອນຕົວໃຫ່ຍເຊັ່ນ (uppercase )A,B,C
Low-level language 	ພາສາຄອມພິວເຕີລະດັບຕໍ່າ, ເຊັ່ນ ພາສາແອັດແຊັມບະລີ.
Low-pass transducer 	ຕົວແປງສັນຍານແບບຄວາມຖີ່ຕໍ່າຜ່ານ.
Luminance 	ຄວາມສະຫວ່າງ, ແມ່ນການວັດແທກຄວາມເຈີດຈ້າ ໂດຍສະເພາະຂອງສັນຍານໂທລະທັດ.
luminosity 	ສະພາບຄວາມສະຫ່ວາງ.
lurking 	ການຫລອນອ່ານຂ່າວ.
Mac 	 ໂປຣແກຣມສຳລັບແຕ້ມຮູບໃນເຄື່ອງຄອມພິວເຕີສ່ວນບຸກຄົນ
Machine Aided Translation 	ໃຊ້ຄຳຫຍໍ້ວ່າ MAT, ການແປພາສາໂດຍໃຊ້ເຄື່ອງຊ່ວຍ
machine dependent 	ຂຶ້ນຢູ່ກັບເຄື່ອງ, ໂປຣແກຣມ ຫຼື ອຸປະກອນທີ່ໃຊ້ໄດ້ສະເພາະເຄື່ອງບາງຊະນິດເທົ່ານັ້ນ, ໂປຣແກຣມທີ່ເຮັດວຽກໄດ້ສະເພາະເຄື່ອງແບບ ໜຶ່ງ ບໍ່ສາມາດນຳໄປໃຊ້ກັບເຄື່ອງແບບອື່ນໆອີກ
machine dependent program 	ໂປຣແກຣມທີ່ສາມາດເຮັດວຽກໄດ້ແບບສະເພາະເຄື່ອງເທົ່ານັ້ນ
machine independent 	ບໍ່ຂຶ້ນກັບເຄື່ອງ, ໂດຍທົ່ວໄປມັກໃຊ້ອ້າງອີງເຖິງໂປຣແກຣມທີ່ເຮັດວຽກໃນຄອມພິວເຕີເຄື່ອງໃດປະເພດໃດກໍໄດ້ ໂດຍບໍ່ຕ້ອງແກ້ໄຂ ເຊັ່ນ ໂປຣແກຣມທີ່ບໍ່ຂຶ້ນກັບເຄື່ອງ ເຊິ່ງພັດທະນາໃນເຄື່ອງຂອງໄອບີເອັມ
machine independent program 	ໂປຣແກຣມທີ່ສາມາດເຮັດວຽກໄດ້ກັບເຄື່ອງຫຼາຍໆປະເພດ
machine instruction 	ຄຳສັ່ງເຄື່ອງ
machine language 	ພາສາເຄື່ອງ, ພາສາຄອມພິວເຕີລະດັບຕ່ຳ ທີ່ຕິດຕໍ່ໂດຍກົງກັບຮາດແວຂອງຄອມພິວເຕີໄດ້
machine learning 	ກຳມະວິທີ ທີ່ຄອມພິວເຕີສາມາດຮຽນຮູ້ຈາກຂໍ້ມູນຂອງການເຮັດວຽກທີ່ຜ່ານມາ
machine operator 	ຜູ້ຄວບຄຸມເຄື່ອງ
Machine readable 	ສາມາດອ່ານໄດ້ດ້ວຍເຄື່ອງ, ຂໍ້ມູນໃນຮູບແບບທີ່ສາມາດອ່ານໄດດ້ວຍເຄື່ອງຄອມພິວເຕີ ເຊັ່ນ ດິດ, ເທັບ ເປັນຕົ້ນ
Machine readable data 	ຂໍ້ມູນແບບຕ່າງໆທີ່ສາມາດປ້ອນໃຫ້ກັບລະບົບຄອມພິວເຕີ.
Macintosh 	ຄອມພິວເຕີສວ່ນບຸກຄົນທີ່ບໍລິສັດ Apple ຜະລິດອອກມາໃນປີ 1984
Macro assembler 	ເປັນເຄື່ອງມືທີ່ຊວ່ຍໃຫ້ຂຽນໂປຼແກຣມພາສາແອັດແຊັມບະລີໄດ້ງ່າຍຂື້ນ, ໂປຼແກຣມທີ່ສ້າງ ແມໂຄຣພາສາແອັດແຊັມບະລີ. ແມໂຄຣພາສາແອັດແຊັມບະລີເປັນຄຳສັ່ງທີ່ແທນຄຳສັ່ງໄວ້ໃນຄຳສັ່ງດຽວ.
Macro call 	ການເອີ້ນໃຊ້ຄຳສັ່ງແມໂຄຣ/ຄຳສັ່ງພາສາແອັດແຊັມບະລີດເຊີ່ງເຮັດໃຫ້ຕົວປ່ຽນພາສາແອັດແຊັມບະລີເຮັດການປະມວນຜົນຊຸດຄຳສັ່ງທີ່ກຳນົດໄວ້ລ່ວງໜ້າເປັນຊຸດທີ່ກຽມໄວ້ ເຊີ່ງເອີ້ນວ່າ macro definitionຄວາມໝາຍດຽວກັບ macro instruction
Macro definition 	ການຂຽນຄຳສັ່ງແມໂຄຣ/ຄຳສັ່ງພາສາແອັດແຊັມບະລີ, ເຊີ່ງເຮັດໃຫ້ຕົວປ່ຽນພາສາແອັດແຊັມບະລີເຮັດການປະມວນຜົນຊຸດຄຳສັ່ງທີ່ກຳນົດໄວ້ລ່ວງໜ້າເປັນຊຸດທີ່ກຽມໄວ້ເຊີ່ງເອີ້ນວ່າ macro definition ຄວາມ ໝາຍດຽວກັບ macro instruction.
Macro instruction 	ຄຳສັ່ງໃນແຕ່ລະຄຳສັ່ງໃນແມໂຄຣ, ໂປຼແກຣມຄອມພິວເຕີ ເຊີ່ງແທນຄຳສັ່ງແມໂຄຣດ້ວຍລຳດັບຂອງຈຸດຄຳສັ່ງ.
Macro processor 	ຕົວປະເມີນຜົນແມໂຄຣ, ການຮວບຮວມຄຳສັ່ງແມໂຄຣໄວ້ເພື່ອໃຫ້ໄດ້ແມໂຄຣທີ່ສົມບູນ.
Macro zoom lens 	ເລນສຸມຖ່າຍໃກ້.
Magnetic board 	ກະດານແມ່ເຫຼັກ.
Magnetic bubble memory 	ອຸປະກອນໃນການເກັບຂໍ້ມຸນແບບທີ່ບໍ່ສູນຫາຍເມື່ອບໍ່ມີກະແສໄຟຟ້າ.
Magnetic card 	ບັດແມ່ເຫຼັກ,ໃຊ້ຄຳຫໍ້ຍວ່າ MC, ບັດທີ່ເຄືອບດ້ວຍສະໜາມແມ່ເຫຼັກເຊີ່ງໃຊ້ເກັບຂໍ້ມູນໄດ້.
Magnetic drum 	ໝ່ວຍຄວາມຈຳແບບທໍ່ກົມ,ວັດຖຸຮູບຮ່າງທໍ່ກົມເຄືອບຜິວໜ້າດ້ວຍສະໜາມແມ່ເຫຼັກໃຊ້ສຳລັບເກັບຂໍ້ມູນ.
Magnetic film 	ຮູບເງົາລະບົບແມ່ເຫຼັກ.
Magnetic head 	ຫົວອ່ານແມ່ເຫຼັກ, ເປັນອຸປະກອນເອເລັກໂຕນນິກທີ່ໃຊ້ໃນເຄື່ອງຫຼີ້ນວີດີໂອ ຫຼື ເທັບເຊີ່ງຫຼັກການເຮັດວຽກໂດຍການສຳພັດກັບອົກຊິດເຫຼັກທີ່ເຄືອບໃສ່ແຜ່ນພິມແມ່ເຫຼັກ ຫຼື ສາຍເທັບເພື່ອການບັນທຶກ ຫຼື ຫຼີ້ນສຽງພາບ.
Magnetic ink 	ໝຶກແມ່ເຫຼັກ, ໝຶກທີ່ມີສານແມ່ເຫຼັກປະສົມຢູ່.
Magnetic ink character reader 	ໃຊ້ຄຳຫໍ້ຍວ່າ MICR, ເຄື່ອງອ່ານອັກສອນແບບໝຶກແມ່ເຫຼັກ.
Magnetic soundtrack 	ຊ່ອງສຽງແມ່ເຫຼັກ, ສຽງໃນຟີມຂອງລະບົບແມ່ເຫຼັກແມ່ນລະບົບການບັນທຶກສຽງລົງແຜ່ນຟີມຮູບເງົາບໍລິເວນຂອບຂອງຟີມທີ່ຖືກເຄືອບດ້ວຍສານແມ່ເຫຼັກ.
Magnetic tape 	ເທັບແມ່ເຫຼັກ, ເປັນເທັບທີ່ເຄືອບໜ້າດ້ວຍສານແມ່ເຫຼັກ, ສີ່ງສຳລັບການບັນທຶກໃນຮູບຂອງຣິບບອນເຮັດດ້ວຍສານທີ່ບໍ່ມີແມ່ເຫຼັກເຈືອປົນເຄືອບດ້ວຍສານທີ່ເປັນແມ່ເຫຼັກ ເຊີ່ງເປັນສານຕິດເກາະຢ່າງດີ.
Mail address 	 ທີ່ຢູ່ປະຈຳຕົວຂອງຜູ້ໃຊ້ຈົດໝາຍອີເລັກໂຕຣນິກ.
Mail bomb 	ການສົ່ງຂໍ້ຄວາມໃນ e-mail ຈຳນວນຫຼາຍໆໄປຫາທີ່ຢູ່ເຊີ່ງເປັນຜົນໃຫ້ເຄື່ອງ server ຫຼືບ່ອນເກັບ e-mail ຮັບຂໍ້ມູນບໍ່ໄຫວ.
Mail gateway 	ຄອມພິວເຕີເຊີ່ງເຮັດໜ້າທີ່ເປັນຕົວຮັບຈົດໝາຍຂອງເຄືອຂ່າຍແລ້ວສົ່ງຕໍ່ໄປຫາຄອມພິວເຕີເຄື່ອງອື່ນ.
Mail list 	ລະບົບການສົ່ງ e-mail ໃຫ້ສະເພາະກຸ່ມຄັນທີ່ເປັນສະມາຊິກ.
Mail reflector 	ໂປຼແກຣມໃນອິນເຕີເນັດທີ່ໃຊ້ຈັດການລາຍຊື່ທີ່ຈະຈັດສົ່ງ.
Mail bot 	ໂປຼແກຣມທີ່ເຮັດໜ້າທີ່ຕອບຮັບຈົດໝາຍທີ່ໄດ້ຮັບໂດຍອັດຕະໂນມັດ.
Mail-filter 	ຕົວກັ່ນຕອງຈົດໝາຍ.
Main memory 	ໝ່ວຍຄວາມຈຳຫຼັກ.
Main storage 	ໝ່ວຍເກັບຂໍ້ມູນຫຼັກ.
Mainframe computer 	ເຄື່ອງຄອມພິວເຕີຂະນາດໃຫ່ຍ.
Majordomo 	ລະບົບບໍລິການຈົດໝາຍຂ່າວໃນອິນເຕີເນັດ.
Make file 	ຟາຍທີ່ໃຊ້ຄວບຄຸມການໃຊ້ຄຳສັ່ງ make ໃນຍູນິກ.
Management by objectives 	ການຈັດການຕາມຈຸດປະສົງ.
Many-to-many communication relationship 	ການສື່ສານທີ່ໃຊ້ການຕິດຕໍ່ສື່ສານຫຼາຍໆຄົນພ້ອມກັນ.
Mapping software 	ຊອບແວທີ່ໃຫ້ສ້າງແລະເກັບແຜນທີ່ໄດ້, ແຜນທີ່ຈະເອົາມາເບີ່ງຕາມອັດຕາສວ່ນທີ່ແຕກຕ່າງກັນ ແລະ ຕອ້ງການທີ່ວ່າງພໍສົມຄວນໃນແຜ່ນດິດເພື່ອນຳມາໃຊ້ເກັບ.
Margin 	ຂອບ.
Mark sensing 	ຕົວກວດຮູ້ເຄື່ອງໝາຍຫຼືຕົວອັກສອນ.
Marker board 	ກະດານສຳຫຼັບຂຽນດ້ວຍປາກກາ.
Marketing transaction database 	ຖານຂໍ້ມູນທາງການຕະຫຼາດທີ່ເນັ້ນດ້ານການຕິດຕໍ່ຊື້ຂາຍກັບລູກຄ້າ.
Markup language 	ພາສາທີ່ຜູ້ໃຊ້ສາມາດກຳນົດລັກສະນະຕ່າງໆໄດ້.
Marquee select 	ວິທີເລືອກວັດຖຸຫຼາຍກວ່າ1 ຢ່າງໃນເວລາດຽວກັນ.
Mask 	ໃນໂປຼແກຣມແຕ້ມຮູບໝາຍເຖິງການສ້າງວັດຖຸທີ່ໂຄງໃນ.
Mass communication 	ການສື່ສານມວນຊົນ.
Mass media 	ສື່ມວນຊົນ,ໝາຍເຖິງສື່ໃນການສື່ສານທີ່ເຂົ້າເຖິງຄົນເປັນຈຳນວນຫຼາຍດ້ວຍຂ່າວສານດຽວກັນ, ເຊັ່ນ ໜັງສືພິມ, ໂທລະພາບ, ວິທະຍຸ.
Master card 	ບັດຫຼັກ/ບັກຄອມພີວເຕີ,ເຊີ່ງມີຂໍ້ມູນກ່ຽວກັບກຸ່ມຂອງບັດຄອມພິວເຕີ.
Master control room 	ຫ້ອງຄວບຄຸມຫຼັກ, ຫ້ອງທີ່ປະມວນຜົນ ແລະ ຄວບຄຸມສັນຍານຮູບ ແລະ ສຽງ.
Master file 	ຟາຍຂໍ້ມູນຕົ້ນສະບັບ,ຟາຍຂໍ້ມູນທີ່ເປັນຫຼັກໃນງານສະເພາະສວ່ນຫຼາຍມີຫຼັກສະນະທີ່ບັນຈຸຂໍ້ມູນແບບຖາວອນ ແລະ ອາດມີການປ່ຽນແປງຂໍ້ມູນໄດ້.
Master page 	ຮູບແບບຂອງເອກະສານທັງໝົດທຸກໆໜ້າ.
Master record 	ທະບຽນຫຼັກ,ທະບຽນເຊີ່ງໃຊ້ສຳລັບການເຮັດວຽກຄັ້ງຕໍ່ໄປຂອງເຄື່ອງຄອມພິວເຕີ.
Master learning 	ຍຸດທະສາດຂອງການສຶກສາທີ່ສົມມຸດວ່ານັກຮຽນສວ່ນໃຫ່ຍສາມາດຮຽນຮູ້ໄດ້ດີລະບົບການສຶກສານັ້ນ.
Matched action shot 	 ຄວາມຕໍ່ເນື່ອງລະຫວ່າງສາກຂອງການວະແດງຫຼືການຕໍ່ເນື່ອງສອງສາກຂອງພາບທີ່ເຄື່ອນໄຫວ.
Matched group 	ກຳມະວິທີຈັດກຸ່ມຕົວຢ່າງຫຼືຈັດການຄວບຄຸມໃນສອງກຸ່ມມີຈຳນວນເທົ່າກັນ.
Matching 	ການຈັບຄູ່/ເໝາະສົມ.
Material requirements planning 	ໃຊ້ຄຳຫຍໍ້ວ່າ MRP,ການວາງແຜນຄວາມຕ້ອງການທາງດ້ານວັດສະດຸຂະບວນການວາງແຜນທີ່ມີການລວມເລື່ອງຂອງການຜະລິດຄ່າໃຊ້ຈ່າຍແລະການຈັດການສາງຂອງຜົນຜະລິດຄ່າໃຊ້ຈ່າຍແລະການຈັດການສາງຂອງຜົນຜະລິດມາກ່ຽວຂ້ອງ.
Matrix printer 	ເຄື່ອງພີມແບບມາຕຣິກ/ເຄື່ອງພິມແບບເຂັ້ມ,ເຄື່ອງພິມເຊິ່ງສ້າງຕົວອັກສອນໂດຍການໃຊ້ຈຸດຮຽງຕໍ່ກັນ.
Matte 	ແຜ່ນບັງທີ່ສາມາດພິມສອງພາບທີ່ແຍກກັນລົງແຜ່ນພິມດຽວກັນໃນຂະນະພິມ.
MATV 	ຫຍໍ້ມາຈາກ Master Antenna TeleVision, ໂທລະທັດທີ່ມີສາຍອາກາດ.
MD 	ຫຍໍ້ມາຈາກ, ຄຳສັ່ງສ້າງໄດເຣັກທໍຣີ Make Directory, ເປັນລະບົບປະຕິບັດການ ເຊັ່ນ ໃນ DOS,OS/2, ຍູນິກເປັນຕົ້ນ.
Mean time between failures 	ຊ່ວງເວລາສະເລ່ຍຕາມສະຖິຕິຂອງສວ່ນປະກອບຕ່າງໆຂອງລະບົບທີ່ເຮັດວຽກໄວ້ກ່ອນຈະເສຍຫາຍ.
Mean time to repair 	ຊ່ວງເວລາສະເລ່ຍທີ່ໃຊ້ສ້ອມແປງເຄື່ອງທີ່ເສຍຫາຍ.
Measurement 	ການວັດແທກ.
Media access control 	ໃຊ້ຄຳວ່າຫໍ້ຍ MAC, ເປັນໂປຼແກຣມໂປຣໂຕຣຄອນໃນລະບົບເຄືອຂ່າຍທ້ອງຖິ່ນເພື່ອຄວບຄຸມການເຂົ້າເຖິງຄອມພິວເຕີທີ່ໃຊ້ສາຍສື່ສານຮ່ວມກັນ.
Media-based instruction 	ການສອນໂດຍໃຊ້ສື່ເປັນຫຼັກຄືເຕັກນິກການສອນທີ່ມີພື້ນຖານການໃຊ້ສື່ເປັນຫຼັກ
Media-base laboratory 	ຫ້ອງປະຕິບັດການສອນໂດຍໃຊ້ສື່ເປັນຫຼັກ.
Media conversion 	ການແປງ ຫຼື ການຖ່າຍເທຂໍ້ມູນຈາກຊະນິດໜື່ງໄປອີກຊະນິດໜື່ງ.
Media education 	ການສຶກສາຜ່ານສື່ຂອງການສື່ສານ.
Media mobile 	ໜວ່ຍສື່ສານເຄື່ອນທີ່ ຫຼື ລົດບັນທຸກທີ່ອອກແບບໄວ້ສຳລັບນຳສີ່ງຕີພິມແລະບໍ່ແມ່ນສີ່ງຕີພີມໄປແຈກຢາຍ.
Mediated instruction 	ການສອນແບບອີງຕາມສື່ເຊີ່ງມີການສື່ສານລະຫວ່າງຜູ້ຮຽນກັບຜູ້ສອນແບບບໍ່ພົບໜ້າກັນໂດຍກົງແຕ່ຈະສື່ສານຜ່ານສື່ຕ່າງໆ ເຊັ່ນ: ສີ່ງຕີພິມ,ວີດີໂອ, ເທບ, ໂທລະສັບ, ວິທະຍຸ, ໂທລະທັດ ຫຼື ຄອມພິວເຕີ.
Medium scale integration 	ວົງຈອນລວມທີ່ມີວົງຈອນຕັ້ງແຕ່ 10ເຖິງ 100 ວົງຈອນ.
Memorization 	ການຈື່ຈຳ.
Memory address 	ຕຳແໜ່ງໃນໜວ່ຍຄວາມຈຳທີ່ເກັບຂໍ້ມູນ ຫຼື ຄຳສັ່ງຂອງໂປຣແກຣມ.
Memory board 	ແຜ່ນວົງຈອນສຳເລັດທີ່ມີຊິບໜ່ວຍຄວາມຈຳຢູ່.
Memory card 	ບັດໜວ່ຍຄວາມຈຳ,ໜວ່ຍເກັບພາຍນອກຂະໜາດໃຫ່ຍປະກອບດ້ວຍແຖບລຳດັບຕັ້ງສາກຂະໜາດ 960 ບິດໃນບັດ.
Memory chip 	ຊິບໜວ່ຍຄວາມຈຳ, ຊິບທີ່ເກັບຂໍ້ມູນ ຫຼື ຄຳສັ່ງໃນໂປຣແກຣມ,ຊິບ ໜວ່ຍຄວາມຈຳຈະເກັບສີ່ງເຫຼົ່ານີ້ໄວ້ຊົ່ວຄາວເຊັ່ນດຽວກັບແຣມ ຫຼື ເກັບໄວ້ຖາວອນແບບດຽວກັບຣອມ.
Memory dump 	ການສຳເນົາຂໍ້ມູນຊົ່ວຄາວໃນໜວ່ຍຄວາມຈຳ.
Memory leak 	ຄວາມຜິດພາດໃນໜວ່ຍຄວາມຈຳ.
Memory mapped video 	ແຜ່ນວົງຈອນສະແດງຜົນຂອງຄອມພິວເຕີເຊີ່ງເນື້ອໃນຂອງຈໍຖືກຄວບຄຸມໂດຍບະລັອກຂອງໜວ່ຍຄວາມຈຳ.
Memory span 	ຊ່ວງເວລາຂອງການຈື່ຈຳ.
Menu 	ເມນູ,ລາຍຊື່ຄຳສັ່ງ ຫຼື ທາງເລືອກທີ່ຢູ່ພາຍໃນໂປຼແກຣມ, ໝາຍເຖິງລາຍການທີ່ຊຸດຄຳສັ່ງຄອມພີວເຕີນຳສະເໜີຊຸດຄຳສັ່ງເພື່ອໃຫ້ຜູ້ໃຊ້ເລືອກ.
Menu bar 	ເມນູບາ,ແຖບທີ່ສະແດງລາຍການເມນູ,ພື້ນທີ່ມັກຈະຢູ່ເທິງສຸດຂອງຈໍພາບ ເຊີ່ງກັບເມນູຫຼາຍໆເມນູທີ່ລຽນຂວາງໄວ້ມນແຖວດຽວ, ເຊີ່ງເລືອກຄຳສັ່ງຈາກເມນູບາໂດຍໃຊ້ແປ້ນພິມ ຫຼື mouse ກໍ່ໄດ້.
Menu driven 	 ການໃຊ້ເມນູໃນການສັ່ງຄອມພິວເຕີ, ໂປຣແກຣມເຮັດວຽກດ້ວຍລາຍການເລືອກ.
Menu driver program 	ຊຸດຄຳສັ່ງທີ່ເຮັດວຽກດ້ວຍການເລືອກຕາມລາຍການ.
Menu item 	ຄຳສັ່ງແຕ່ລະຄຳສັ່ງ ຫຼື ທາງເລືອກແຕ່ລະທາງເລືອກທີ່ຢູ່ໃນເມນູ.
Menu tree 	ແຜ່ນພາບທີ່ສະແດງໂຄງສ້າງເມນູພາຍໃນໂປຼແກຣມບາງຢ່າງໃນເມນູຈະບໍ່ມີຜົນອອກມາທັນທີແຕ່ແຕກອອກໄປຫາເມນູຍ່ອຍ ຫຼື ຂອບສົນທະນາໄດ້.
merge 	ປະສານ/ເຮັດໃຫ້ລວມຕົວ, ການໃສ່ຂໍ້ມູນຈາກຟາຍໜື່ງໄປຫາເອກະສານທີ່ເປັນອີກຟາຍໜື່ງ, ການໂຮມຂໍ້ມູນທີ່ການຈັດຄືກັນຕັ້ງແຕ່ສອງຊຸດຂື້ນໄປເຂົ້ານໍາກັນ.
merge sort 	ວິທີການຂອງການຈັດລຳດັບຂອງຂໍ້ມູນ
message box 	ຂອບສະແດງຂໍ້ມູນ, ຂອບນ້ອຍໆທີ່ຢູ່ໃນຈໍພາບ ໃຊ້ໄວ້ເພື່ອສະແດງຂໍ້ຄວາມຈາກໂປຣແກຣມ, ຂອບສະແດງຂໍ້ຄວາມຈະປາກົດຜົນຂອງຄຳສັ່ງ ຫຼື ທາງເລືອກທີ່ຖືກເລືອກ ໂດຍຈະບອກເຖິງຂໍ້ຜິດພາດ ຫຼື ຄໍາເຕືອນກ່ຽວກັບສິ່ງທີ່ໄດ້ເຮັດໄປ
message of the day 	ຂໍ້ຄວາມທີ່ຜູ້ດູແລລະບົບຄອມພິວເຕີສ້າງຂຶ້ນ
message sending 	ການນຳສົ່ງຂໍ້ຄວາມ
message switch 	ການສັບປ່ຽນຂ່າວສານ
Metacognition 	ກຳມະວິທີເພື່ອຈັດລະບຽບການຮູ້ຈຳດ້ວຍຕົນເອງ
Metalanguage 	ພາສາທີ່ໃຊ້ໃນການອະທິບາຍພາສາອື່ນໄດ້
Metadata 	ສ່ວນຂອງຂໍ້ມູນທີ່ໃຊ້ຄວບຄຸມຂໍ້ມູນ ມີລັກສະນະບົ່ງບອກໃຫ້ຮູ້ວ່າຂໍ້ມູນນີ້ເປັນປະເພດແນວໃດ, ໃຜເປັນຜູ້ສ້າງ ຫຼື ນຳຂໍ້ມູນໃຊ້ເພື່ອແນວໃດ
Metafile 	ຟາຍໃນຮູບແບບສຳລັບການແລກປ່ຽນຂໍ້ມູນກຣາບຟິກລະຫວ່າງ ໂປຣແກຣມນຳໃຊ້ຄົນລະຊະນິດ
Metamall 	ຮ້ານຄ້າໃນເຄືອຂ່າຍໃຫຍ່ ທີ່ໃຫ້ບໍລິການຮ້ານຄ້າຍ່ອຍໃນເຄືອຂ່າຍ
Method 	ວິທີດຳເນີນການ, ໃນການຂຽນໂປຣແກຣມແບບ Object-Oriented ເປັນຂະບວນການທີ່ມີຄວາມສໍາພັນກັບຊະນິດຂອງອັອບເຈັກ
Methodology 	ລະບຽບວິທີ
MF 	ຫຍໍ້ມາຈາກ , Medium Frequency, ຄວາມຖີ່ປານກາງ
micro image 	ຮູບຖ່າຍຂະໜາດນ້ອຍ
micro program 	ໂປຣແກຣມຂະໜາດນ້ອຍໆ, ໂປຣແກຣມພາສາເຄື່ອງທີ່ຢູ່ໃນໜ່ວຍຄວາມຈຳຊະນິດຣອມ ເພື່ອໃຫ້ຄວບຄຸມການເຮັດວຽກຂອງຮາດແວ
micro projector 	ເຄື່ອງສາຍຂະໜາດນ້ອຍໆ, ເຄື່ອງສາຍຈຸລະທັດ ອຸປະກອນທີ່ອອກແບບ ໄວ້ສໍາລັບສາຍ ແລະ ຂະຫຍາຍພາບຈຸລະທັດ ໃນຮູບຂອງແຜ່ນໃສ
Microchip 	ວົງຈອນຮວມໃນຊິລິຄອມຂະໜາດນ້ອຍໆ.
Microcode 	ຄໍາສັ່ງໃນລະດັບທີ່ຕໍໍ່າສຸດເຊິ່ງກໍານົດວິທີການເຮັດວຽກຂອງໂປຣເຊັດເຊີຕົວນັ້ນໆ ດ້ວຍການລະບຸສິ່ງທີ່ໂປຣເຊັດເຊີຈະເຮັດ ເມື່ອຮັບຄໍາສັ່ງພາສາເຄື່ອງ.
Microcom Networking Protocol 	ໃຊ້ຄໍາຫຍໍ້ວ່າ MNP, ໂປຣໂຕຣຄອນກວດສອບຄວາມຜິດພາດການຮັບສົ່ງຂໍ້ມູນຂອງໂມເດັມ.
microcontroller 	ໄມໂຄຣຄອນໂທນເລີ, ເປັນວົງຈອນຮວມອອກແບບມາເປັນພິເສດເພື່ອໃຊ້ຄວບຄຸມອຸປະກອນ ຕ່າງໆ.
microfilm 	ໄມໂຄຣຟິມ, ຟີມທີ່ໃຊ້ບັນທຶກພາບຂະໜາດນ້ອຍໆ.
microfilm reader 	ເຄື່ອງອ່ານໄມໂຄຣຟີມ.
micropayment 	ການຈ່າຍເງິນຈໍານວນໜ້ອຍສໍາລັບສິນຄ້າ ຫຼື ບໍລິການໃນອິນເຕີເນັດ.
microphone 	ໂມໂກຣໂຟນ, ອຸປະກອນທີ່ແປງສຽງໃຫ້ເປັນຮູບຂອງສັນຍານໄຟຟ້າເພື່ອເຮັດໃຫ້ຂະຫຍາຍ ແລະ ບັນທຶກໃນຂັ້ນຕໍ່ໄປ.
microspacing 	ການໃສ່ຊ່ອງຫວ່າງນ້ອຍໆທີ່ນ້ອຍກ່ວາຕຕົວອັກສອນ 1 ຕົວເຂົ້າໄປລະຫວ່າງຄໍາ, ເພື່ອຊ່ວຍຈັດຊ່ອງຫວາ່ງ.ມີໃຊ້ໃນເຄື່ອງພິມເລເຊີ ແລະ ແບບດ້ອດມາຕຣິກບາງລຸ້ນ.
microteaching 	 ການສອບແບບຈຸລະພາກການຝຶກວິທີການສອນຂອງຄູຝຶກຫັດ.
microwave 	ໄມໂຄຣເວບ.
microwave link 	ການເຊື່ອມຕໍ່ສັນຍານດ້ວຍຄື້ນໄມໂຄຣເວບ.
microwave radio system 	ລະບົບວິທະຍຸໄມໂຄຣເວບ.
Military Network 	ໃຊ້ຄຳຫຍໍ້ວ່າ MILNET, ເຄືອຂ່າຍຂອງກອງທັບສະຫະລັດອະເມລິກາ.
millennium Bug 	ບັນຫາທີ່ເກີດຂຶ້ນໃນລະບົບເອເລັກໂຕຣນິກ ແລະ ຄອມພິວເຕີ.
mimeograph 	ເຄື່ອງາສໍາເນົາເອກະສານດ້ວຍສະຕັງຊິນແບບໝູນ ຫຼື ເຄື່ອງໂຣນຽວ.
mini cassette 	ເຄື່ອງໝາຍທາງການຄ້າຂອງກະແຊັດບັນທຶກສຽງ.
mini laboratory 	ຫ້ອງທົດລອງຂະໜາດນ້ອຍ.
mini phone 	ອຸປະກອນແປງສຽງໃຫ້ເປັນຮູບຂອງສັນຍານໄຟຟ້າຂະໜາດນ້ອຍ.
mini tower case 	ຕົວເຄື່ອງພີຊີຊະນິດໜຶ່ງຕັ້ງຢູ່ເທິງໂຕະຂະໜາດນ້ອຍ.
minicomputer 	ລະບົບຄອມພິວເຕີຂະໜາດກາງທີ່ຈັດການກັບຜູ້ໃຊ້ເກີນ 100 ຄົນໄດ້ພອ້ມໆກັນ, ເໝາະທີ່ຈະໃຊ້ກັບບໍລິສັດຂະໜາດນ້ອຍ ຫຼື ໜ່ວຍງານລັດຖະບານ.
minicourse 	ຊຸດການຝຶກທັກສະການສອນດ້ວຍຕົວເອງ.
MiniFinder 	ຊອບແວສ່ວນໜຶ່ງຂອງ Macintosh ທີ່ເຮັດໃຫ້ຜູ້ໃຊ້ຫາໂປຣແກຣມໄດ້ງ່າຍ, ຜູ້ໃຊ້ຈະເປັນເຄົ້າໂຄງຂອງ minifinder ເພື່ອເຂົ້າໃຊ້ໂປຣແກຣມທີ່ໃຊ້ເລື້ອຍໆ, ໂດຍບໍ່ຕ້ອງຄົ້ນຫາໂປຣແກຣມເຫຼົ່ານັ້ນໃນໂຟນເດີ.
mirror site 	ແຫຼ່ງທີ່ເກັບສໍາເນົາຂໍ້ມູນຄືກັບແຫຼ່ງຕົ້ນສະບັບທຸກຢ່າງ ເພື່ອໃຫ້ຜູ້ໃຊ້ສາມາດເຂົ້າໄປດາວໂຫຼດໄດ້ຫຼາຍກ່ວາໜື່ງແຫ່ງ ເຊິ່ງຈະຊ່ວຍຫຼຸດການຕິດຂັດທາງດ້ານການສື່ສານ ແລະ ເຮັດໃຫ້ການເຊື່ອມຕໍ່ວ່ອງໄວຂື້ນ.
MIS 	ຫຍໍ້ມາຈາກ Management Information system, ໝາຍເຖິງລະບົບຄຸ້ມຄອງ/ຈັດການ ຂໍ້ມູນຂ່າວສານ.
mix 	ການປະສົມສັນຍານທາງໄຟຟ້າ ທີ່ມີລະດັບແຕກຕ່າງກັນຕັ້ງແຕ່ສອງລະບົບຂຶ້ນໄປ.
mixed case 	ການພິມມີທັງຕົວໃຫຍ່ ແລະ ຕົວນ້ອຍປະສົມກັນ.
mixing console 	ໂຕະທີ່ລວມເອົາໜ່ວຍຄວບຄຸມສັນຍານສຽງຈາກຫຼາຍແຫ່ງ ເພື່ອດຳເນີນການປະສົມສັນຍານ.
mobile computing 	ການໃຊ້ຄອມພິວເຕີແບບເຄື່ອນທີ່.
mobile phone 	ໂທລະສັບເຄື່ອນທີ່/ໂທລະສັບມືຖື.
mobile processor 	ເປັນຊີພີຢູທີ່ອອກແບສໍາລັບຄອມພິວເຕີເຄື່ອນທີ່ ເຊິ່ງມີຊຸດຄໍາສັ່ງທີ່ຈັດເກັບຢູ່ໃນຊິບນ້ອຍໆທີ່ເໝືອນກັບຊຸດຄໍາສັ່ງທີ່ເກັບຊຸດຄໍາສັ່ງຂອງຊີພີຢູທົ່ວໆໄປລັກສະນະເດັ່ນກໍ່ຄືປະຢັດພະລັງງານກ່ວາ. ສ່ວນໃຫຍ່ໃຊ້ພະລັງງານເປັນແບັດເຕີຣີ PDA (Intel ລຸ້ນ PXA210, PXA250, Strong Arm ໃຊ້ພະລັງງານແບັດເຕີຣີ PDA)
mobile satellite service 	service ບໍລິການໂທລະສັບເຄື່ອນທີ່ຜ່ານດາວທຽມ.
mobile telephone system 	 ລະບົບໂທລະສັບເຄື່ອນທີ່
mobile wireless 	ເປັນລະບົບຮັບ-ສົ່ງສັນຍານແບບເຄື່ອນທີ່ ໂດຍສັ່ງຄື້ນຈາກສະຖານີສົ່ງເຖິງອຸປະກອນຮັບສັນຍານທີ່ເຄື່ອນໄຫວໄດ້ເຊັ່ນ: ວິທະຍຸສື່ສານຕິດລົດ.
model 	ຕົ້ນແບບ/ແບຈໍາລອງ, ການສ້າງສິ່ງທີ່ຮຽນແບບຂອງຈິງຕາມມາດຕາສ່ວນທີ່ກໍານົດຂຶ້ນ, ຮູບແບບຂອງອຸປະກອນຮາດແວ.
modem 	ໂມເດັມ, ອຸປະກອນສໍາລັບເຂົ້າລະຫັດຂໍ້ມູນ, ອຸປະກອນແປງສັນຍານດິຈິຕອນໄປເປັນສັນຍານແບບອະນາລອັກ ແລະ ໃນທາງກັບກັນສາມາດແປງສັນຍານແບບອະນາລັອກໄປເປັນສັນຍານດິຈິຕອນໄດ້.
modem dialers 	ການເຊື່ອມຕໍ່ຄອມພິວເຕີສ່ວນບຸກຄົນ ເຂົ້າກັບຜູ້ໃຫ້ບໍລິການອິນເຕີເນັດໂດຍການໝູນໝາຍເລກໂທລະສັບແບບອັດຕະໂນມັດ.
modem eliminator 	ອຸປະກອນທີ່ໃຊ້ເຊື່ອມຕໍ່ຄອມພິວເຕີສອງເຄື່ອງເຂົ້າກັນໂດຍບໍ່ຕ້ອງໃຊ້ໂມເດັມ.
modeming 	ການເຮັດວຽກໂດຍໃຊ້ໂມເດັມ, ການເຮັດວຽກກັບການສື່ສານແບບອອນລາຍ.
moderate 	 ການກັ່ນຕອງ ຫຼື ພິຈາລະນາຂໍ້ມູນ ຫຼື ຂ່າວໃຫ້ຢູ່ພາຍໃຕ້ກົດເກນທີ່ກໍານົດ ກ່ອນທີ່ຈະເຜີຍແຜ່ອອກໄປ, ການກວດສອບຂໍ້ຄວາມກ່ອນນໍ່ຂຶ້ນໃນ ກະດານຂ່າວທີ່ໃຊ້ໃນUSENET news ໃນອິນເຕີເນັດ.
moderated mailing list 	ແບບກັ່ນຕອງ.
modifier key 	ປຸ່ມທີ່ເຮັດວຽກກັບປຸ່ມອື່ນໆ ເພືື່ອສົ່ງຄໍາສັ່ງໃຫ້ຄອມພິວເຕີ ເຊັ່ນ ປຸ່ມ Shift, ປຸ່ມ ctrl ແລະ ປຸ່ມ Alt.
modify 	ດັດແປງ.
modular 	ການເຮັດໃຫ້ amplitude, ຄວາມຖີ່ ຫລື phase ຂອງຄື້ນພາປ່ຽນໄປດ້ວຍສັນຍານ.
modulate 	ປະສົມສັນຍານ
modulation 	ປະສົມສັນຍານ, ຂະບວນການໃນເລື່ອງການສື່ສານທີ່ໂມເດັມໃຊ້ໃສ່ສັນຍານດິຈີຕອນເຂົ້າໄປໃນຊ່ອງສັນຍານນຳສົ່ງຂໍ້ມູນ ເພື່ອໃຫ້ສັນຍານນັ້ນສົ່ງຜ່ານໄປຕາມສາຍໂທລະສັບໄດ້, ຄວາມຖີ່ amplitude ຫລື phase ຂອງສັນຍານອາດຈະໄດ້ຮັບການ modulate ເພື່ອແທນສັນຍານດິຈີຕອນ ຫລື ອານາລັອກກໍ່ໄດ້.
modulator 	ຕົວປະສົມສັນຍານ
module 	ສ່ວນຫນື່ງຂອງໂປຣແກຣມຂະຫນາດໃຫ່ຍທີ່ຂຽນຂື້ນມາທົດສອບ ແລະ ຄອມພາຍແຍກອອກມາ ໂດຍທີ່ຕາມປົກກະຕິແລ້ວຈະເຮັດຫນ້າທີ່ໂດຍສະເພາະພຽງຢ່າງດຽວ.
molecular beam epitaxy 	ຂະບວນການສ້າງວົງຈອນທີ່ຕິດຢູ່ໃນຊີລິຄອນ ເພື່ອສ້າງຊິບເຄິ່ງຕົວນຳຂອງຄອມພິວເຕີ.
monadic operation 	ປະຕິບັດການເຊີ່ງເຮັດວຽກກັບຂໍ້ມູນພຽງຕົວດຽວ ເຊັ່ນ ການຫາຈຳນວນລົບ, ຄຳກົງກັນຂ້າມ Dyadic Operation.
monaural 	ສຽງຟັງໄດ້ໂດຍຜ່ານຊ່ອງສັນຍານດຽວ.
monitoring 	ການສັງເກດການ, ການກວດສອບຄຸນນະພາບ, ການຕິດຕາມຄວາມກ້າວຫນ້າຂອງວຽກງານ.
monochrome monitor 	ຈໍສະແດງຜົນມໍນິເຕີຊະນິດຂາວດຳ.
monosemic message 	ຂໍ້ຄວາມທີ່ມີຄວາມຫມາຍດຽວ.
montage 	ພາບທີ່ສ້າງຂື້ນຈາກການໃຊ້ຫລາຍໆພາບມາຮ່ວມກັນ
Motherboard 	ແຜ່ນວົງຈອນແມ່, ແຜ່ນວົງຈອນຫລັກໃນຄອມພິວເຕີທີ່ຕໍ່ອຸປະກອນຕ່າງໆ.
motion picture 	ພາບເຄື່ອນໄຫວ ຫລື ຟິມທີ່ປະກອບດ້ວຍພາບຫລາຍໆພາບທີ່ຕິດຕໍ່ຂະຫນາດຍາວ.
mounting press 	ການເຊືອມຕໍ່ໂດຍການຫນີບ ຫລື ການໃຊ້ຄວາມຮ້ອນຈາກໄຟຟ້າເພື່ອໃຫ້ເກີດການເຊື່ອມຕໍ່.
Mouse 	ອຸປະກອນຂາເຂົ້າຂອງຄອມພິວເຕີໃຊ້ຄວບຄຸມເຄີເຊີ ແລະ ເລືອກຄຳສັ່ງ.
mouse pad 	ແຜ່ນຮອງ Mouse.
mouse pointer 	Mouse ພອຍເຕີ, ບາງຄັ້ງເອີ້ນວ່າ Mouse ເຄີເຊີ, ລັກສະນະທີ່ສະແດງຕຳແຫນ່ງຂອງ Mouse ເຊີ່ງອາດມີຮູບຕ່າງໆເຊັ່ນ ຮູບລູກສອນ.
multi-image show 	ການສະແດງພາບທີ່ແຕກຕ່າງກັນ ສອງພາບຂື້ນໄປໃນຈໍດຽວກັນ.
multicast 	ການສົ່ງຂໍ້ມູນໄປຫາເຄືອຂ່າຍຫລາຍແຫ່ງພ້ອມກັນ ໃນລັກສະນະແບບກະແຈກຂ່າວຈາກບ່ອນຫນື່ງໄປຫາບ່ອນຫນື່ງ, ໄປຫາເປົ້າຫມາຍປາຍທາງທີ່ກຳນົດໄດ້ຫລາຍໆບ່ອນພ້ອມກັນ.
multicast backbone 	ເຄືອຂ່າຍທົດລອງຄວາມໄວສູງ ເພື່ອສົ່ງຂໍ້ມູນແບບກະຈາຍໄປຫາຜູ້ຮັບພ້ອມໆກັນ.
multifunction board 	ແຜ່ນວົງຈອນຫລາຍຫນ້າທີີ່, ແຜ່ນວົງຈອນທີ່ຜະລິດຂື້ນມາໃຫ້ເຮັດຫນ້າໄດ້ຫລາຍຢ່າງ.
multihomed 	ອຸປະກອນທີ່ມີຕັ້ງແຕ່ອິນເຕີເຟດຂື້ນໄປ.
multimedia approach 	ການໃຊ້ສື່ປະສົມ.
multimedia package 	ຊຸດສື່, ປະສົບສື່ທີ່ກ່ຽວຂ້ອງກັບເນື້ອໃນຂອງວິຊາທີ່ຈະຕ້ອງໃຊ້ສື່ຫລາຍກວ່າຫນຶ່ງຢ່າງຂື້ນໄປ ໂດຍທີ່ສື່ແຕ່ລະຊະນິດຈະຕ້ອງໃຊ້ປະກອບກັນໃຊ້ແຍກກັນບໍ່ໄດ້.
multimedia personal computer 	ໃຊ້ຄຳຫຍໍ້ວ່າ MPC, ຄອມພິວເຕີສ່ວນບຸກຄົນແບບມັນຕິມີເດຍ.
multiple choice question 	 ຄຳຖາມແບບໃຫ້ເລືອກຕອບ.
multiple inheritance 	ເທັກນິກໃນ Object Oriented programming ເຊິ່ງ Object type ຖືກກຳນົດໂດຍ type ທີ່ມີຢູ່ແລ້ວຕັ້ງແຕ່ສອງຊະນິດຂື້ນໄປ. ເບີ່ງ Object Oriented programming.
multiple virtual mode 	ເປັນໂຫມດການເຮັດວຽກຂອງເຄື່ອງພີຊີ 80386,80486 ຫລື Pentium ເພື່ອຈຳລອງການເຮັດວຽກຂອງ CPU ແບບ 8088 ຫລາຍໆໂຕ.
multiplex 	ໂຮມສັນຍານ, ເປັນອຸປະກອນອີເລັກໂຕນິກທີ່ໃຊ້ຕໍ່ກັບເຄື່ອງຄອມພິວເຕີ ສາມາດຕໍ່ກັບອຸປະກອນພາຍນອກໄດ້ຫລາຍຊຸດໃນຊ່ອງສັນຍານດຽວກັນ.
multiprocessor 	ເຄຶ່ອງຄອມພິວເຕີທີ່ມີໂຄງສ້າງປະກອບດ້ວຍຫນ່ວຍປະມວນຜົນຕັ້ງແຕ່ 2 ຫນ່ວຍຂື້ນໄປ.
multiprogramming 	ການເຮັດວຽກແບບຫລາຍໂປຣແກຣມ, ຄອມພິວເຕີຫນຶ່ງເຄຶ່ອງສາມາດແລ່ນໂປຣແກຣມຕັ້ງແຕ່ 2 ໂປຣແກຣມຂື້ນໄປພ້ອມກັນ.
multiscan 	ຈໍສະແດງຜົນເຊິ່ງສາມາດ scan ຈໍໄດ້ຫລາຍກວ່າອັດຕາຄວາມໄວດຽວສາມາດສະຫນັບສະຫນູນການສະແດງຜົນໄດ້ຫລາຍແບບ.
multisession CD 	ຄອມແພັກດິດເຊິ່ງບໍ່ໄດ້ຖຶກບັນທຶກໃນຄັ້ງດຽວ.
multispin drive 	ຊ່ອງ CD-ROM ເຊິ່ງຮັບຂໍ້ຄວາມໄວກວ່າມາດຕະຖານ.
multitasking 	ການເຮັດວຽກຫລາຍລາຍການໄດ້ພ້ອມກັນ, ຄວາມສາມາດຂອງເຄຶ່ອງ ເຄຶ່ອງຫນຶ່ງທີ່ເຮັດວຽກໂປຣແກຣມຕັ້ງແຕ່ 2 ໂປຣແກຣມຂື້ນໄປໄດ້ພ້ອມກັນ.
multivarint nanlysis 	ການວິເຄາະຕົວປ່ຽນແບບຫລາຍຕົວປ່ຽນ.
name server 	 ຄອມພິວເຕີໃນເຄືອຂ່າຍອິນເຕີເນັດ ທີ່ຈັດການຖານຂໍ້ມູນ, ຊື່ເຄື່ອງ, ຊື່ໂດເມນ ແລະ ເລກທີ່ຢູ່ໄອພີ.
narration 	ການບັນລະຍາຍການອະທິບາຍແບບສະແດງຄວາມຄິດເຫັນ.
narrow casting 	ການກະຈາຍສຽງໃນວົງແຄບ ຫລື ການແຈກຈ່າຍລາຍການ ຫລື ສັນຍານໄປຍັງຜູ້ຮັບສະເພາະ ທີ່ໄດ້ຄັດເລືອກໄວ້.
narrowband 	ແຖບຄວາມຖີ່ແຄບ, ໃນເລື່ອງການສື່ສານຫມາຍເຖິງ ຊ່ອງທາງສົ່ງສັນຍານໃນລະດັບສັນຍານສຽງທີ່ມີຄວາມໄວບໍ່ເກີນ 2,400 ບິດຕໍ່ວິນາທີ.
national characters 	ໂຕອັກສອນໃນຄອມພິວເຕີທີ່ແຕກຕ່າງໄປຕາມແຕ່ລະປະເທດ.
native file format 	ຮູບແບບຟາຍຂອງແຕ່ລະໂປຮແກຣມນຳໃຊ້.
natural logarithm 	ໂລກາລິດທຶມຖານ e.
natural media 	ຮູບແບບຂອງໂປຣແກຣມຕົບແຕ່ງຮູບພາບສີຈຳລອງ.
needs assessment 	ການສຳຫລວດຄວາມຕ້ອງການ.
negative picture/image 	ພາບຂາວດຳ ຫລື ສີທີ່ປະກົດກົງກັນຂ້າມປົກກະຕິ.
nesting 	ການຊ້ອມໂຄງສ້າງຂອງໂປຣແກຣມຫນື່ງ ໄວ້ໃນພາຍໃນໂປຣແກຣມຫລັກປະເພດດຽວກັນ.
net police 	ຕຳຫລວດເຄືອຂ່າຍ.
net surfing 	ການບໍລິການກ່ຽວກັບຂໍ້ມູນປະເພດຕ່າງໆໃນເຄືອຂ່າຍ.
NetBEUI 	ຫຍໍ້ມາຈາກ NetBIOS Extended User Interface, ດີໄວໄດຣເວີ ຂອງເຄືອຂ່າຍໃນ transport layer ເຊິ່ງມີໃນລະບົບການຈັດການ.
Netiquette 	ຫຍໍ້ມາຈາກ Network etlQUETTE, ມາລະຍາດໃນການໃຊ້ເຄືອຂ່າຍອິນເຕີເນັດ, ກົດ ຫຼື ຈາລິຍະທໍາສໍາລັບຜູ້ໃຊ້ອິນເຕີເນັດ ເຊິ່ງບໍ່ໄດ້ກໍານົດໄວ້ເປັນລາຍລັກອັກສອນ.
Netnews 	ຂ່າວທາງເຄືອຂ່າຍ.
Network access point 	ໃຊ້ຄໍາຫຍໍ້ວ່າ NAP, ຈຸດເຊື່ອມຕໍ່ເຄືອຂ່າຍ.
Network adapter 	ອຸປະກອນຮາດແວ ຫຼື ແຜ່ນວົງຈອນທີ່ເຮັດໃຫ້ຄອມພິວເຕີເຊື່ອມເຂົ້າຫາຄອມພິວເຕີເຄື່ອງອື່ນ. ຄອມພິວເຕີທຸກເຄື່ອງ ໃນເຄືອຂ່າຍຄວນໃຊ້ອະແດັບເຕີທີ່ຕໍ່ເຊື່ອມເຂົ້າໃນເຄືອຂ່າຍຊະນິດຂອງວົງຈອນເຊື່ອມຕໍ່ຂຶ້ນຢູ່ກັບມາດຕະຖານທີ່ໃຊ້.
Network address 	ຕໍາແໜ່ງ/ທີ່ຢູ່ຂອງເຄືອຂ່າຍ, ຊື່ເຄື່ອງຄອມພິວເຕີໃນຮູບຂອງຊື່ໂດເມນຊ່ວຍໃຫ້ຜູ້ໃຊ້ຈົດຈໍາ ແລະ ເອີ້ນໃຊ້ວຽກໄດ້ສະດວກ ແຕ່ໃນຄວາມຈິງຄອມພິວເຕີຈໍາເປັນຕ້ອງໃຊ້ເລກທີ່ຢູ່ປະຈໍາເຄື່ອງ ໃນຮູບແບບລະຫັດຕົວເລກທີ່ມີຄ່າບໍ່ຊໍ້າກັນກັບເຄື່ອງອື່ນ ເຊັ່ນ: 203,144,44,0 (ເບິ່ງ IP address)
Network address translator 	ຕົວປ່ຽນຕໍາແໜ່ງ/ທີ່ຢູ່ຂອງເຄືອຂ່າຍ, ໃຊ້ສໍາລັບປ່ຽນໝາຍເລກໄອພີທີ່ໃຊ້ພາຍໃນເຄືອຂ່າຍອິນເຕີເນັດ ໃຫ້ເປັນໝາຍເລກໄອພີສາກົນທີ່ເຊື່ອມໂຍງກັບເຄືອຂ່າຍອິນເຕີເນັດ.
Network information center 	ໃຊ້ຄໍາຫຍໍ້ວ່າ NIC, ສູນໍລິການຂໍ້ມູນຂ່າວສານຂອງເຄືອຂ່າຍ.
Network information service 	ໃຊ້ຄໍາຫຍໍ້ວ່າ NIS , ລະບົບບໍລິການຂໍ້ມູນຂ່າວສານທາງເຄືອຂ່າຍ, ເຮັດໜ້າທີ່ຈັດກຽມຖານຂໍ້ມູນກາງ ເຊິ່ງເກັບຂໍ້ມູນກ່ຽວກັບ host, ໝາຍເລກໄອພີ, ຊື່ບັນຊີຜູ້ໃຊ້ເພື່ອໃຫ້ host ໄດ້ສາມາດເຂົ້າໃຊ້ບໍລິການຂໍ້ມູນໄດ້.
Network interface card 	ແຜ່ນວົງຈອນສໍາລັບເຊື່ອມຕໍ່ກັບເຄືອຂ່າຍ, ໃຊ້ຄໍາຫຍໍ້ວ່າ NIC, ແຜ່ນວົງຈອນເພີ່ມໃນພີຊີ. ເຮັດວຽກກັບລະບົບປະຕິບັດການເຄືອຂ່າຍເພື່ອຄວບຄຸມການສົ່ງຂໍ້ມູນໃນເຄືອຂ່າຍກັບອຸປະກອນທີ່ເຊື່ອມຕໍ່. NIC ນີ້ຈະຕໍ່ກັບສາຍເຄເບີນເຊັ່ນ: ສາຍກຽວຄູ່, ໂຄແອັກຊຽວ ຫຼື ສາຍໄຍແກ້ວນໍາແສງ.
Network layer 	ເລເຢີທີ3 ໃນ 7 ເລເຢີຂອງການຈັດມາດຕະຖານISO/ISO ສໍາລັບການສື່ສານລະຫວ່າງຄອມພິວເຕີ. ໃນເລເຢີນີ້ຈະກໍານົດໂປຣໂຕຣຄອນໃນການຫາເສັ້ນທາງສົ່ງຂໍ້ມູນ ເພື່ອເຮັດໃຫ້ແນ່ໃຈວ່າຂໍ້ມູນໄປເຖິງການປາຍທາງໄດ້ຢ່າງຖືກຕ້ອງ.
Network management 	ການບໍລິຫານເຄືອຂ່າຍ, ໂປຣແກຣມທີ່ຊ່ວຍໃນການບໍລິຫານເຄືອຂ່າຍເຊັ່ນ: ການກວດ ແລະ ແກ້ໄຂບັນຫາທີ່ເກີດຂຶ້ນໃນເຄືອຂ່າຍ
Network news 	ຂ່າວທາງເຄືອຂ່າຍ, ລະບົບຂ່າວໃນເຄືອຂາ່ຍຄອມພິວເຕີ, ກຸ່ມຂ່າວ USENT.
Network protocol 	ຂໍ້ກຳນົດຮູບແບບເຊື່ອມຕໍ່ໃນເຄືອຂ່າຍ.
Network provider 	ຜູ້ໃຫ້ບໍລິການເຄືອຂ່າຍ.
Network topology 	ຮູບແບບການເຊື່ອມຕໍ່ຂອງເຄືອຂ່າຍ.
Networks news transfer protocol 	ໃຊ້ຄຳຫຍໍ້ວ່າ NNTP, ໂປຣໂຕຣຄອນສຳລັບໃຊ້ແລກປ່ຽນຂ່າວຕາມບໍລິການ USENT.
New command 	ຄຳສັ່ງໃນຊອບແວທີ່ໃຊ້ສ້າງເອກະສານ ຫຼື ຟາຍໃໝ່ ເຊັ່ນ: ຄຳສັ່ງ file New ໃນ Microsoft Word ໂປຣແກຣມສ່ວນຫຼາຍມີຄຳສັ່ງ New ໄວ້ໃຊ້ສ້າງເອກະສານໃໝ່.
New information technology 	 ໃຊ້ຄຳຫຍໍ້ວ່າ NIT, ການນຳໃຊ້ເຕັກໂນໂລຊີເອເລັກໂຕຣນິກ ແລະ ເຕັກໂນໂລຊີອື່ນໆມາຊ່ວຍໃນການຈັດເກັບ,ຄົ້ນຄືນ ແລະ ກະຈາຍຂ່າວສານ.
News administrator 	ຜູ້ທີ່ຮັບຜິດຊອບການບໍລິຫານ ແລະ ຈັດການຂ່າວສານ.
News feed 	ແຫຼ່ງປ້ອນຂ່າວ.
News release 	ການນຳຂ່າວສານອອກເຜີຍແຜ່.
News server 	ເຊີເວີຂ່າວສານ, ຄອມພີວເຕີທີ່ເຮັດໜ້າທີ່ເກັບຂ່າວ ແລະ ປ້ອນຂ່າວໃຫ້ຄອມພິວເຕີເຄື່ອງອື່ນໆ.
Newsgroup 	ກຸ່ມສົນທະນາຕາມຫົວຂໍ້ທີ່ສົນໃຈພົບໃນ USENET News ໃນອິນເຕີເນັດ.
Newsgroup News transport protocol 	ໃຊ້ຄຳຫຍໍ້ວ່າ NNTP, ຂໍ້ກຳນົດວິທີຂົນສົ່ງຂ່າວໃນ USENET.
Newsreader 	ໂປຣແກຣມທີ່ໃຊ້ອ່ານຂ່າວ ແລະສົ່ງຂ່າສພາຍໃນ USENET.
Nightmare file system 	ຊື່ທີ່ຮຽນແບບມາຈາກ Network File System.
Node 	ໂຫນດ/ຈຸດ/ຂໍ້ຕໍ່, ຄອມພິວເຕີ ຫຼື terminal ທີ່ຕິດເຂົ້າມາໃນເຄືອຂ່າຍ.
Noise 	ສັນຍານລົບກວນ, ໃນເລື່ອງການສື່ສານຄືສັນຍານຜິດປົກກະຕິທີ່ເກີດຂຶ້ນໃນຊ່ອງທາງການສື່ສານ, ເຮັດໃຫ້ຄຸນນະພາບແລະ ປະສິດທິພາບຂອງລະບົບສື່ສານຫຼຸດລົງ.
Non-impact printer 	ເຄື່ອງພິມຊະນິດທີ່ບໍ່ໄດ້ສ້າງຕົວອັກສອນ ໂດຍການຕີຫົວອັດລົງໃນແຖບຜ້າມຶກ.
Nonparity 	ບໍ່ເປັນສະພາວະຄູ່ ຫຼື ຄີກ.
Non-print materials 	ເອກະສານທີ່ບໍ່ທັນໄດ້ຕີພິມ.
Non-verbal test 	ແບບທັດສອບເຊິ່ງປະກອບດ້ວຍຮູບພາບ, ສັນຍາລັກ ແລະ ຕົວເລກ. ແຕ່ບໍ່ມີພາສາມາຂຽນອະທິບາຍ.
Non-volatile memory 	memory ໜ່ວຍຄວາມຈຳໃນຄອມພິວເຕີທີ່ເກັບຂໍ້ມູນໄວ້ໄດ້ເຖິງຈະປິດເຄື່ອງຄອມພິວເຕີໄປແລ້ວ ຫຼື ບໍ່ມີກະແສໄຟຟ້າລ້ຽງ. ໜ່ວຍຄວາມຈຳອ່ານຢ່າງດຽວແບບ Non-volatile ເຊັ່ນ: ROM.EPROM ແລະ EEPROM ເປັນຕົ້ນ.
No-op 	ຫຍໍ້ມາຈາກ NO Operation, ຄຳສັ່ງຊະນິດໜຶ່ງໃນຄອມພິວເຕີທີ່ສັ່ງວ່າບໍ່ຕ້ອງເຮັດຫຍັງເລີຍໂດຍໃຊ້ຊີພີຢູລ້າໆໜຶ່ງຈັງຫວະ ມີປະໂຫຍດໃຊ້ສຳລັບໜ່ວງເວລາຊີພີຢູ.
Normal distribution curve 	ເສັ້ນໂຄ້ງການກະຈາຍຕາມປົກກະຕິ.
Normal form 	ຮູບແບບບັນທັດຖານຂອງຖານຂໍ້ມູນ.
Normalize 	ເຮັດໃຫ້ເປັນບັນທັດຖານຂອງຂໍ້ມູນ.
Norm-referenced test 	ການທົດສອບແບບອີງກຸ່ມ, ເປັນການທົດສອບແບບອີງຕາມການປຽບທຽບຄວາມສາມາດ ໃສ່ນັກຮຽນຄົນອື່ນໆໃນກຸ່ມດຽວກັນ.
Norton cleansweep 	ເປັນໂປຣແກຣມທີ່ເຮັດໜ້າທີ່ລຶບ, ຈັດເກັບ, ສຳຮອງ ແລະ ເຄື່ອນຍ້າຍໂປແກຣມຕ່າງໆໃນລະບົບຢ່າງມີປະສິດທິພາບ ຜະລິດໂດຍ Symantic.
Norton Utilities 	ກຸ່ມຂອງໂປຣແກຣມທີ່ໃຊ້ໄດ້ທັງໃນ DOS,Windows ແລະ Macintosh ໜ້າທີ່ສຳຄັນຄື ການກູ້ຟາຍທີ່ລຶບຖິ້ມໄປຄືນມາ ແລະ ບັນຫາຕ່າງໆກ່ຽວກັບດິດ.
Notation 	ສັນຍາລັກໃນລະບົບຄອມພິວເຕີ ໃນວິທະຍາການຄອມພິວເຕີ ເປັນວິທີການ ທີ່ເປັນລະບົບ ແລະ ແບບແຜນໃນການຈັດຕົວແທນຂ່າວສານ ໂດຍໃຊ້ເຄື່ອງໝາຍ ຫຼື ສັນຍາລັກ.
Notpad computer 	ໂນດແຜດຄອມພິວເຕີ/ຄອມພິວເຕີຂະໜາດນ້ອຍ.
Nslookup 	ຄຳສັ່ງທີ່ສາມາດຄົ້ນຫາຊື່ເຄື່ອງ ແລະ ເລກທີ່ຢູ່ໄອພີໄດ້.
NS-lookup 	ວິທີຄົ້ນຫາໂດເມນເທິງອິນເຕີເນັດພ້ອມກັບສະແດງລາຍລະອຽດ.
NT file system 	ໃຊ້ຄໍາຫຍໍ້ວ່າ NTFS, ລະບົບຟາຍທີ່ໃຊ້ກັບ windows NT ນອກຈາກນີ້ windows NT ຍັງໃຊ້ກັບລະບົບຟາຍແບບ file allocation tableແລະ ລະບົບຟາຍແບບ high performance ໃນ OS/2 ດ້ວຍ.
Nuclearization 	ຍຸດທະສາດການຈັດຕັ້ງອົງກອນ ແລະ ການວາງແຜນການໃຫ້ບໍລິການທາງການສຶກສາທາງໃນລະບົບ ແລະ ນອກລະບົບ.
Number crunching 	ການເຮັດວຽກຂອງເຄື່ອງຄິດເລກ ແລະ ການຄໍານວນໃນຄອມພິວເຕີຈໍານວນຫຼາຍ ເຊິ່ງມີໃຊ້ໃນລະບົບການເງິນ ແລະ ວິສະວະກໍາ.
Numbering plan 	ແຜນກໍານົດເລກໝາຍໂທລະສັບ ແລະ ໄອພີ.
Numeric code 	ລະຫັດຕົວເລກ.
Numerical integration 	ການຫາພື້ນທີ່ລຸ່ມໂຄ້ງ ໂດຍແບ່ງບໍລິເວນນັ້ນເປັນສີ່ລ່ຽມນ້ອຍໆ ເປັນຈຳນວນຫຼາຍແລ້ວຈິ່ງຊອກຫາຜົນລວມ.
Object language 	 ພາສາຈຸດໝາຍ/ພາສາເຄື່ອງ, ເປັນພາສາຕົ້ນສະບັບເຊິ່ງໄດ້ຮັບການແປໂດຍຊຸດແປຄໍາສັ່ງ.
Object linking and Embedding 	ໃຊ້ຄໍາຫຍໍ້ວ່າ OLE, ວິທີການໃນການລວມຂໍ້ມູນທີ່ຖືກປະມວນຜົນໂດຍແອັບພະລິເຄຊັນຕ່າງກັນ.
Object program 	ໂປຣແກຣມພາສາຈຸດໝາຍ/ໂປແກຣມພາສາເຄື່ອງ, ໂປຣແກຣມທີ່ຖືກແປເປັນພາສາເຄື່ອງ ແລະ ພ້ອມທີ່ຈະເຮັດວຽກໄດ້, ໂປແກຣມທີ່ຜ່ານການຄອມໄພເລີແລ້ວ.
Object lens 	ເລນທີ່ໄກ້ກັບວັດຖຸ, ເລນຫຼັກທີ່ເຮັດໃຫ້ເກີດພາບໃນເຄື່ອງໝາຍ ຫຼື ລະບົບແສງໃດໜຶ່ງ.
Objective-based test 	ການສອບເສັງແບບປາລະໄນ.
Object-oriented database 	ລະບົບຖານຂໍ້ມູນທີ່ມີຮູບແບບ ແລະ ຈັດການໃນແບບວັດຖຸ.
Object-oriented graphics 	ຮູບກຣາບຟິກທີ່ຢູ່ໃນຮູບແບບຄໍາສັ່ງໃນການແຕ້ມກຣາບຟິກທີ່ຕ້ອງການ.
Object-oriented programming 	ໃຊ້ຄໍາຫຍໍ້ວ່າ OOP, ການຂຽນໂປຣແກຣມແບບວັດຖຸ ຜູ້ຂຽນໂປຣແກຣມສາມາດກໍານັດຊະນິດຂໍ້ມູນ ແລະ ຂະບວນການຕ່າງໆ ທີ່ມີຄວາມສໍາພັນກັນໄດ້.
Octal 	ເລກຖານແປດ, ຖານແປດມີຕົວເລກຫຼັກຕັ້ງແຕ່ 0 ເຖິງ 7.
Octet 	ການສື່ສານໃນອິນເຕີເນັດທີ່ໃຊ້ແທນ 8 ບິດຫຼື 1 ໄບ ເອີ້ນວ່າ 1 ອັອກເຕັດ, ລະບົບຄອມພິວເຕີບາງລະບົບທີ່ຕໍ່ເຂົ້າກັບອິນເຕີເນັດໃຊ້ຈຳນວນຫຼາຍກ່ວາ 8 ບິດແທນ 1 ໄບ ດັງນັ້ນຈິ່ງເກີດຄໍານີ້ຂຶ້ນມາ.
Octothrope 	ເຄື່ອງໝາຍ # ໃຊ້ໃນການເຮັດແຜນທີ່.
Odd-even check 	ການກວດສອບສະພາວະຄູ່ ຫຼື ຄີກ.
OEM character set 	ຊຸດເຄື່ອງໝາຍ ແລະ ຕົວອັກສອນຂອງ IBM PC.
Off-air recording 	ການບັນທຶກສຽງ ຫຼື ພາບຈາກແຫຼ່ງທີ່ອອກອາກາດ.
off- by-one error 	ຄວາມຜິດພາດຂອງການຂຽນໂປຣແກຣມ.
Off-campus study 	ການສຶກສາດໍາເນີນໄປພາຍນອກລະບົບສາມັນສຶກສາ.
Off-hook 	ຍົກຫູໂທລະສັບ.
Office automation system 	ລະບົບທີ່ໃຊ້ເພີ່ມປະສິດທິພາບຂອງພະນັກງານ ແລະ ຄຸນນະພາບຂອງວຽກໃນສໍານັກງານ.
Off-line 	ບໍ່ເຊື່ອມຕໍ່ເຂົ້າໃນລະບົບເຄືອຂ່າຍ, ການເຮັດວຽກຂອງອຸປະກອນທີ່ບໍ່ຢູ່ພາຍໃນການຕິດຕໍ່ ແລະ ຄວບຄຸມຈາກ ຄອມພິວເຕີໂດຍກົງ.
Offline storage 	ໜ່ວຍຄວາມຈໍາທີ່ບໍ່ຢູ່ພາຍໃຕ້ການຄວບຄຸມຂອງຊຸດປະມວນຜົນ.
Offload 	ຖ່າຍໂອນພາລະ, ການຍ້າຍວຽກຈາກຄອມພິວເຕີເຄື່ອງໜຶ່ງໄປເຮັດໜ້າທີ່ເຄື່ອງອື່ນ.
Offprint 	ການນໍາເອົາສ່ວນໜຶ່ງຂອງເອກະສານ ຫຼື ໜັງສືມາພິມຊ້ຳອີກເພື່ອນກາຍເຜີຍແຜ່ພິເສດ.
Offset press 	ການພິມໂດຍໃຊການຖ່າຍແມ່ແບບຂອງການພິມ.
Offset printing 	ວິທີການພິມເຈ້ຍໂດຍໃຊ້ລູກກີ້ງຢາງ.
OLE 	ເບິ່ງ Object Linking and Embedding.
OLE service provider 	ບໍລິສັດທີ່ໃຫ້ບໍລິການ ການເຊື່ອມຕໍ່ເຂົ້າສູ່ລະບົບອິນເຕີເນັດ.
Omni directional antenna 	ສາຍອາກາດຮອບທິດທາງ, ເປັນສາຍອາກາດທີ່ມີຄຸນສົມບັດໃນການເຮັດວຽກໃນທຸກມູມເທົ່າທຽມກັນ.
On-board 	ຊຸດວົງຈອນທີ່ຕິດຕັ້ງມາພ້ອມກັບແຜ່ນ Mother board ຂອງເຄື່ອງຄອມພິວເຕີ.
On-demand 	ຕາມຄໍາຂໍ.
On-hook 	 ວາງຫູໂທລະສັບ.
Online analytical processing 	ການດໍາເນີນຂອງຂໍ້ມູນຢ່າງຕໍ່ເນື່ອງຈົນກ່ວາຈະມີການຕິດຕໍ່ເກີດຂຶ້ນ.
Online auctioneering 	ການປະມູນໃນອິນເຕີເນັດ.
Online data entry 	ການປ້ອນຂໍ້ມູນກັບເຄື່ອງຄອມພິວເຕີໂດຍກົງ ແລະ ຄອມພິວເຕີໂດຍກົງ ແລະ ຄອມພິວເຕີຈະມີການໃຊ້ຂໍ້ມູນນັ້ນທັນທີ.
Online education 	ການສຶກສາຜ່ານທາງລະບົບເຄືອຂ່າຍອິນເຕີເນັດ.
Online training 	ການຝຶກອົບຮົມຜ່ານທາງລະບົບເຄືອຂ່າຍອິນເຕີເນັດ.
Online transaction processing 	ລະບົບປະຕິບັດການຂອງຂໍ້ມູນຢ່າງຕໍ່ເນື່ອງ ຈົນກ່ວາຈະມີການຕິດຕໍ່ເກີດຂຶ້ນ.
On-the-air 	 ຢູ່ໃນກໍາມະວິທີການອອກອາກາດ.
Open caption 	ຄໍາບັນລະຍາຍພາບແບບເປີດ.
Open ended question 	ຄໍາຖາມປາຍເປີດ. ເຕັກນິກການຕັ້ງຄໍາຖາມເພື່ອນໍາໄປສູ່ຄໍາຕອບທີ່ສົມບູນ.
Open learning system 	ລະບົບການຮຽນແບບເປີດ, ເປັນລະບົບການຮຽນຮູ້ທີ່ບໍ່ຈຳກັດຄຸນສົມບັດໃດໆ.
Open reel 	 ຟີມຮູບເງົາທີ່ບັນຈຸໃນມ້ວນທີ່ບໍ່ກັບ.
Open loop system 	ລະບົບທີ່ບໍ່ມີການປ້ອນກັບ ຫຼື ລະບົບວົງເປີດ.
Open software foundation 	ອົງກອນທີ່ເກີດຈາກການລວາມຕົວຂອງ3 ບໍລິສັດຄື IBM, Hewlett-Packard ແລະ DEC.
Open source 	ການພັດທະນາຊອບແວ, ໂດຍຜູ້ຂຽນໂປຣແກຣມຈະເປີດເຜີຍ source-code ໃຫ້ຜູ້ອື່ນຮູ້ນຳ, ເພື່ອທີ່ຈະສາມາດເອົາໄປແກ້ໄຂ ແລະ ພັດທະນາຮ່ວມກັນໃຫ້ໂປຣແກຣມດີຂຶ້ນ ແລະ ເໝາະສົມກ່ວາເກົ່າ.
Open wire 	ສາຍເປືອຍ.
Open-ended activity 	ກິດຈະກໍາແບບປາຍເປີດ, ໝາຍເຖິງຊະນິດຂອງກິດຈະກໍາທີ່ນັກຮຽນ ແລະ ຄູບໍ່ໄດ້ຕັ້ງເປົ້າໝາຍໄວ້ລ່ວງໜ້າ.
Operand conditioning 	ການວາງເງື່ອນໄຂແບບຫານກະທໍາ.
Operating system 	ລະບົບປະຕິບັດການ, ໃຊ້ຄໍາຫຍໍ້ວ່າ, os, ຊອບແວທີ່ເຮັດໜ້າທີ່ຕິດຕໍ່ກັບຜູ້ໃຊ້, ຈັດການລະບົບຟາຍຂໍ້ມູນ, ຈັດການໜ່ວຍຄວາມຈຳ ແລະ ອຸປະກອນປະກອບອື່ນໆ ເຊັ່ນ ເຄື່ອງພິມ, ໂມເດັມ, ໜ້າຈໍ.
Operating system/2 	ໃຊ້ຄໍາຫຍໍ້ວ່າ, os/2, ລະບົບປະຕິບັດການ 32 ບິດ ທີ່ເຮັດໄດ້ຫຼາຍວຽກພ້ອມກັນ ດ້ວຍໄມໂຄຣໂປຣເຊັດເຊີ Intel 80386 ຂຶ້ນໄປ. ເປັນລະບົບທີ່ເກີດມາຈາກການຮ່ວມພັດທະນາຂອງ Microsoft ກັບ IBM ເພື່ອເອົາມາແທນ DOS, ແຕ່ໃນຂະນະດຽວກັນກໍາມີການພັດທະນາ Windows ຂຶ້ນມາ, Microsoft ຈື່ງປ່ຽນໃຊ້ Windows ປ່ອຍໃຫ້ IBM ພັດທະນາ os/2 ຕໍ່ໄປ. ໃນປີ 1992, IBM ໄດ້ສໍາເລັດການພັດທະນາ os/2 ແລະ ໄດ້ເອົາອອກມາ, ເຊິ່ງເປັນທີ່ຍອມຮັບກ້ວາງຂວາງພໍສົມຄວນ.
Operating and maintenance center 	ສູນປະຕິບັດການ ແລະ ບໍາລຸງຮັກສາ.
Operating code 	ລະຫັດດໍາເນີນການ/ລະຫັດປະຕິບັດການ, ໃຊ້ຄໍາຫຍໍ້ວ່າ op code.
Operating research 	ການດໍາເນີນການວິໃຈ/ການດໍາເນີນການຄົ້ນຄ້ວາທາງວິທະຍາສາດ.
Optical character reader 	ອຸປະກອນຮັບຂໍ້ມູນໂດຍການສະແກນຂໍ້ມູນທີ່ເປັນຮູບແບບຕົວອັກສອນ.
Optical character recognition 	ການຮູ້ຈັກອັກສອນດ້ວຍແສງ.
Optical computer 	ຄອມພິວເຕີທີ່ໃຊ້ແສງ.
Optical disc 	ຈານບັນທຶກສຽງ ຫຼື ພາບໂດນກໍາມະວິທີທາງແສງ.
Optical fiber cable 	ສາຍເສັ້ນໄຍແກ້ວນໍາແສງ.
Optical mark reader 	ເຄື່ອງອ່ານສັນຍາລັກດ້ວຍແສງ.
Optical printer 	ເຄື່ອງພິມດ້ວຍແສງ.
Optical reader 	ເຄື່ອງອ່ານດ້ວຍແສງ.
Optical scanners 	 ອຸປະກອນຮັບຂໍ້ມູນທີ່ອ່ານຕົວອັກສອນດ້ວຍແສງ.
Optical sound track 	ຊ່ອງສັນຍານແບບແສງ.
Optical video disc 	ແຜ່ນວິດີໂອທີ່ໃຊ້ແສງໃນການອ່ານ.
Organization transformation 	ການປ່ຽນແປງຂອງອົງກອນທາງດ້ານໂຄງສ້າງ ແລະ ຮູບແບບການເຮັດວຽກຕ່າງໆ.
Original Equipment manufacturer 	ໃຫ້ໃຊ້ຄໍາຫຍໍ້ວ່າ OEM, ຜູ້ຜະລິດອຸປະກອນດັ້ງເດີມ.
Original negative 	ຟີມເນກະຕີບທີ່ເປັນຕົ້ນສະບັບ.
Original version 	ຕົ້ນສະບັບ/ຕົ້ນແບບ.
OS 	ເບິ່ງ Operating system.
OS/2 	ເບິ່ງ Operating system/2.
Out of focus 	ມົວ, ນອກຊ່ວງການປັບຄວາມຊັດເຈນ.
Outage 	ສັນຍານຂາດຫາຍ.
Out dent 	ການກໍານົດແຖວທໍາອິດຂອງຫຍໍ້ໜ້າ ໃຫ້ລື່ນມາທາງຊ້າຍ.
Outgoing profile 	ຄວາມຄາດຫວັງຈາກນັກຮຽນ ຫຼັງຈາກຜ່ານການຮຽນການສອນໃນຂັ້ນຕອນທໍາອິດ.
Outliner software 	ຊອບແວອາວລາຍ, ຊອບແວຊະນິດນີ້ເປັນລະບົບງານທີ່ແຍກມາຈາກເວີດໂປີ້ເຊັດເຊີ.
Out-off-hand signaling 	ການໃຫ້ສັນຍານນອກແຖບ.
Output area 	ພື້ນທີ່ໃນໜ່ວຍຄວາມຈໍາຫຼັກ ເຊິ່ງເກັບຂໍ້ມູນທີສົ່ງອອກມາຈາກ ໜ່ວຍປະມວນຜົນກາງ.
Output bound 	ຂໍ້ຈໍາກັດຂອງຂໍ້ມູນທີ່ສົ່ງອອກ, ການຖືກຈໍາກັດດ້ວຍຄວາມໄວຂອງໜ່ວຍສະແດງຜົນ.
Output buffer 	ຕົວເກັບລໍຖ້າເພື່ອສົ່ງອອກ
Output device 	 ອຸປະກອນຂາອອກ, ອຸປະກອນສະແດງຜົນ ເຊັ່ນ: ເຄື່ອງພິມ, ຈໍພາບເປັນຕົ້ນ.
Output power 	ກຳລັງຂາອອກ, ກຳລັງສົ່ງຂາອອກ ຫຼື ສັນຍານີ້ຖືກນຳສົ່ງໂດຍວົງຈອນ ຫຼື ອຸປະກອນ.
Outreach activity 	ກິດຈະກຳສູ່ພາຍນອກ/ບໍລິການພາຍນອກ.
Outside broadcast 	ການຜະລິດລາຍການນອກຫ້ອງຜະລິດລາຍການ ຫຼື ການຈັດການໄລຍະໄກ.
Outside plant 	ວຽກຂ້າງນອກ ເຊັ່ນ: ການເດີນສາຍຂ້າງນອກ.
Outsourcing 	ການດໍາເນີນງານທີໃຊ້ຮູບແບບຈາການຈັດຈ້າງຜູ້ຊ່ຽວຊານ ຫຼືອົງການພາຍນອກໃຫ້ເປັນຜູ້ດໍາເນີນງານ.
Outtake 	ສ່ວນຂອງຟິມທີ່ຖືກຕັດອອກຕອນບັນນາທິການ ຫຼື ຟິມສະໄລ ເຊິ່ງບໍ່ໄດ້ຮັບເລືອກໄປນຳສະເໜີ.
Over exposed 	ເປີດການຮັບແສງຫຼາຍເກີນໄປ, ຟີມຮັບແສງເກີນກໍານົດ ຫຼື ເກີນປົກກະຕິ.
Over Head projector 	ໃຊ້ຄໍາຫຍໍ້ວ່າ OHP, ເຄື່ອງສາຍພາບ ຫຼື ແຜ່ນໃສ.
Overflow 	ການລົ້ນ/ສ່ວນລົ້ນ/ຫຼາຍເກີນເກັບ.
overlay network 	ເຄືອຂ່າຍຊ້ອນທັບ.
overload 	ບັນຈູຸເກີນ.
overstrike 	ການພິມອັກສອນທີ່ຕ່າງກັນ ຊ້າໃນບ່ອນດຽວກັນ.
overt response 	ການຕອບສະໜອງຢ່າງເປີດເຜີຍ.
overwrite 	ຂຽນທັບ, ໝາຍເຖິງການຂຽນທັບຂໍ້ມູນເດີມ, ການນໍາຂໍ້ມູນໄປເກັບໃນຕໍາແໜ່ງທີ່ມີຢູ່ແລ້ວ ເຊິ່ງເຮັດໃຫ້ຂໍ້ມູນເດີມ ຖືກລຶບອອກໄປ.
owner 	ເຈົ້າຂອງ, ເຊັ່ນ ຜູ້ທີ່ຈ່າຍເງິນຊື້ຊອບແວບໍ່ແມ່ນຜູ້ທີ່ໃຊ້ຊອບແວເຖື່ອນ.
