ben	bdef
à Kempis, Thomas	[author of *The Imitation of Christ*, which is one of the best known Christian books on devotion (c. 1380-1471)] <p-l>ថូម៉ាស អាកែមពីស។</p-l>
Aaron	(brother of Moses and Israel's first high priest) <p-l>អើរ៉ុន</p-l>
Aaronids	(the descendants of Aaron) <p-l>កូនចៅអឺរ៉ុន</p-l>
Abba	(Aramaic "father") <p-l>«អ័ប្បា» (ភាសាអ៊ីរ៉ាម)</p-l>
Abbael, King.../Abban I	(King of Aleppo, in northern Syria from c. 1760 BC) <p-l>ស្ដេច អាប់បាអែល។</p-l>
abbey	(a church building attached to a community of Christian monks governed by an abbot) <p-l>វិហារសាសនា។</p-l>
abbot	(the superior of an abbey of Christian monks) <p-l>ចៅអធិការនៃកុដិគ្រីស្ទបរិស័ទ</p-l>
Abdi-Ashirta	(a ruler of Amurru, southern Syria, in 14th Century BC) <p-l>អាប់ឌី អាស៊ីតា</p-l>
Abdi-Khepa, King...	[a local chieftain of Jerusalem (called Urasalim at that time) during the mid-1330's BC and an author of the Amarna Letters] <p-l>ស្តេចអាប់ឌី ខេប៉ា។</p-l>
Abdi-tirsi	(King of Hazor in 14th Century BC and author of an Amarna Letter) <p-l>ស្ដេច អាប់ឌីទើរស៊ី។</p-l>
Abel	(Adam and Eve's second son) <p-l>អេបិល</p-l>
Abel-keramim	(name of a settlement in Transjordan) <p-l>អេបិល កេរ៉ាមីម</p-l>
Abel-maim	(name of a settlement in Transjordan) <p-l>អេបិល ម៉ែម</p-l>
Abel-mizraim	(name of a settlement in Transjordan) <p-l>អេបិល មីសរ៉ែម</p-l>
Abiathar	<p-l>អ័បៀថើរ</p-l>
Abib	(the first month of the Israelite year, beginning with the new moon after the barley has ripened) <p-l>ខែអាប៊ីប។</p-l>
abide	(vb) (to remain faithful to) <p-l>ស្មោះត្រង់ចំពោះ</p-l>
Abigail	(wife of Nabal, and of King David) <p-l>នាងអីប៊ីកែល</p-l>
Abila, City of...	(an ancient city NW of Damascus, on the Barada River, and the centre of the Abilene region) <p-l>ក្រុងអាប៊ីឡា។</p-l>
Abimael	(son of Joktan, son of Eber) <p-l>អីប៉ីម៉ែល</p-l>
Abimelech	<p-l>អំប៊ីម៉ាឡិច</p-l> (king of Gerar) <p-l>ស្តេចអីប៊ីម៉ាឡិច</p-l>
Abimilki	[mayor of Tyre (Surru) in mid-14th Century BC and an author of the Amarna Letters] <p-l>អាប៊ីមអ៊ីធី។</p-l>
ablution	(ritual washing of a priest's hands and of sacred vessels) <p-l>ពីធីលាងសំអាត</p-l>
abode	(a place where one lives) <p-l>ទីលំនៅ</p-l>
abolish	(vb) (to do away with, to put an end to) <p-l>លុបបំបាត់</p-l> abolition <p-l>ការលុបបំបាត់</p-l>
abomination	(a person or thing that is disgusting or loathsome) <p-l>ការគួរឲ្យស្អប់ខ្ពើម (គ.ប : ការ គួរឲ្យស្អប់ខ្ពើម គ.ខ.ប: អ្នកគួរស្អប់ខ្ពើម)។</p-l>
Aboth	(alternatively known as "Chapters of the Fathers" is a Mishnah tract that is a compendium of practical ethics, consisting mainly of maxims by the Jewish Fathers) <p-l>«អាបូត»។</p-l>
Abraham	(NBD) <p-l>អ័ប្រាហាំ</p-l>
Abraham. Apocalypse of...	(a pseudopigraphic work based on the OT, probably composed 70-150 AD and considered to be Jewish apocalyptic literature) <p-l>ឯកសារ «វិវរណៈនៃអ័ប្រាហាំ»។</p-l>
Abrahamic	(adj) (belonging to Abraham) <p-l>នៃអ័ប្រាហាំ</p-l>
Abrahamic Covenant	(establishes Abraham and his chosen descendants as the inheritors of God's promises) <p-l>សម្ពន្ធមេត្រីរបស់អ័ប្រាហាំ។</p-l>
Abraham's bosom	<p-l>ដើមទ្រូងលោកអ័ប្រាហាំ</p-l>
Abram	(son of Terah) <p-l>អាប់រ៉ាម</p-l>
abrogate	(vb) (to cancel or revoke formally) <p-l>ទុកជាមោឃៈ</p-l> (informal) <p-l>លុបចោល</p-l>
Absalom	(third son of King David) <p-l>អាប់សាឡឹម</p-l>
absolute	(adj) (having unlimited authority) <p-l>ដែលមានអំណាចដាច់ខាត</p-l>
Absolute, the...	(reference to God focusing upon his total authority) <p-l>ព្រះដែលមានអំណាចពេញ លេញ។</p-l>
absolution	(Roman Catholicism: a formal remission of sin, generally pronounced by a priest in the sacrament of penance) <p-l>ការប្រកាសការលើកលែងទោសដោយសង្ឃ។</p-l>
Absolution	(the forgiveness of sin by and through Jesus Christ) <p-l>ការលើកលែងទោសដោយព្រះ យេស៊ូវគ្រីស្ទ។</p-l>
absolve	(vb) (to pronounce not guilty) <p-l>លើកលែងទោស</p-l>
absorb	(vb) (to engage or occupy the interest, attention or time of someone) <p-l>ជក់ចិត្ត</p-l> selfabsorbed <p-l>ជក់ចិត្តនៅតែម្នាក់ឯង។</p-l>
abstinence	(restraint from some action or pleasure) <p-l>ការតម</p-l>
abstract	(adj) (having no reference to material objects or specific examples) <p-l>អរូបី</p-l> (informal) <p-l>ដែលអត់មានរូប។</p-l>
abundance	(a copious supply) <p-l>ភាពពេញបរិបូរ (គ.បៈ : ពេញបរិបូរ គ.ខ.បៈ : ពេញបរិបូរណ៍)</p-l>
Abydos, City of...	(an important Egyptian city predating the Dynastic Period and former capital of Upper Egypt) <p-l>ក្រុងអាប៊ីដូស។</p-l>
abyss, the...	(an immeasurably deep gulf or pit - see Rev. 20:3) <p-l>ជង្ហុកធំ (គ.បៈ : ជង្ហុកធំ គ.ខ.បៈ : ស្ថាននរក-អវិចី)។</p-l>
acacia wood	(a close grained wood well suited for construction) <p-l>ឈើនាងនួន</p-l>
accession	(the act of entering upon) <p-l>ការចូលរួម</p-l>
Acco	(also known as Akko or Acre, a seaport in western Galilee that is one of the oldest inhabited sites in Israel) <p-l>ក្រុងអាកូ។</p-l>
accolade	(strong praise or approval) <p-l>ការសរសើរ</p-l>
account	(a written description or narration of an occurence) <p-l>រឿងរ៉ាវ</p-l>
account	(vb) (to assess, to judge) <p-l>គិតវាយតម្លៃ ប៉ាន់ស្មាន</p-l>
accountability	(n) (action of being held responsible to someone or for some action) <p-l>ភាព</p-l>
អាចទទួលខុសត្រូវ [(គ.បៈ :	<p-l>ជាប់មានទោស ទារពីដៃ រៀបរាប់ប្រាប់) (គ.ខ.ប: ទទួលទោស... ទារ ត្រូវធ្វើរបាយការណ៍)]។</p-l>
accursed	(adj) (subject to a curse, doomed) <p-l>ដែលត្រូវបណ្តាសា</p-l>
accuse	(vb) (to charge with a fault or a crime) <p-l>ចោទប្រកាន់</p-l> accused (n) <p-l>អ្នកដែលគេចោទប្រកាន់</p-l>
accuser	(n) <p-l>អ្នកចោទប្រកាន់។</p-l>
Achaemenid Empire	(also known as the First Persian Empire, founded in 6th Century BC by Cyrus the Great who overthrew the Median Federation and at c. 500 BC extended from the Indus Valley to the border of Greece) <p-l>ចក្រភពអាឃីមែនីដ។</p-l>
Achaia, Country of...	(a Roman province enbracing almost all of Greece) <p-l>ស្រុកអាខៃ</p-l>
Achan	(an Israelite who pillaged goods that were consecrated to the Lord - Joshua 7) <p-l>អេកាន</p-l>
Achish, King...	(two Philistine rulers of Gath) <p-l>ស្តេចអីគីស</p-l>
Achsah	(daughter of Caleb) <p-l>នាងអាកសា</p-l>
Achzib, City of...	(located in Judah, in the lowlands west of Dead Sea) <p-l>ក្រុងអាក់ស៊ីប</p-l>
acknowledge	(vb) (to recognize or admit the existence, truth or reality of) <p-l>ទទួលស្គាល់</p-l>
acquit	(vb) (to deliver and release a person appearing before a court on a charge of crime, as by a finding of not guilty) <p-l>សម្រេចឲ្យរួចទោស</p-l> acquittal (n) <p-l>ការឲ្យរួចខ្លួនជ្រះ ស្រឡះ សេចក្តីសម្រេចគ្មានទោស។</p-l>
acrostic	(a number of lines of writing, such as a poem, certain letters of which form a word) <p-l>បន្ទាត់មួយចំនួនពីកំណាព្យដែលតំណាងពាក្យមួយ។</p-l>
action/act	(an action or deed that is done) (div) <p-l>ព្រះរាជសកម្មភាព</p-l> (short) <p-l>រាជកិច្ច</p-l>
Actium, Battle of...	(the decisive confrontation of the final war of the Roman Republic, enabling Octavian to consolidate power and eventually be awarded the title Augustus by the Senate) <p-l>សង្គ្រាមអាកទាម។</p-l>
active	(adj) (grammar: denoting a voice of verbs used to indicate that the subject of a sentence is performing the action or causing the event or process) <p-l>សកម្ម</p-l> active voice <p-l>វាចកសកម្ម។</p-l>
active	(adj) (...will of God) <p-l>សកម្ម</p-l>
Acts, Book of...	<p-l>កណ្ឌកិច្ចការ</p-l> (abbreviation) <p-l>កិច្ច</p-l>.
Acts of the Apostles	<p-l>កណ្ឌកិច្ចការរបស់ពួកសាវក</p-l> "Acts of Paul and Thecla" (a 2<sup>nd</sup> Century apocryphal story of Paul's influence on a young virgin named Thecla) <p-l>ឯកសារ «កិច្ចការនៃសាវកប៉ុល និងនាងថេកក្លា»។</p-l>
Acts of Peter	(an apocryphal Acts of the Apostles that describes a miracle contest between Peter and Simon Magnus, and the first record of Peter crucified head down) <p-l>ឯកសារ «កិច្ចការសាវកពេត្រុស»។</p-l>
actual author	(literary criticism: the person who wrote the original manuscript) <p-l>អ្នកនិពន្ធដ៏ពិត។</p-l>
AD	(abbreviation for Latin *anno domini*) <p-l>នៃគ.ស. (ឆ្នាំនៃគ្រិស្តសករាជ)</p-l>
ad hoc	(adj) (Latin "something lacking justification”) <p-l>ដែលអត់មានហេតុផល</p-l>
ad loc	(adj) (abbrevation for the Latin phrase *ad locum*, a term used in a citation to indicate the location of a reference) <p-l>នៅកន្លែង។</p-l>
Adad-Shuma-iddina	(the 31<sup>st</sup> king of the 3<sup>rd</sup> Dynasty of Babylon who reigned c. 1222-1217 BC) <p-l>ស្តេចអាដាដ-ស៊ូម៉ា-អ៊ីឌឌីណា។</p-l>
Adah	(wife of Lamech) <p-l>នាងអីដា</p-l>
Adam	(the first man and father of humanity) <p-l>អ័ដាម</p-l>
Adamic	(adj) (belonging to Adam) <p-l>នៃអ័ដាម</p-l>
Adapa	(Babylonian mythical figure from 14<sup>th</sup> Century BC) <p-l>អាដាប៉ា</p-l>
adapt	(vb) (to change or modify to suit a new purpose) <p-l>សម្រួល</p-l> adaption <p-l>ការសម្រួល</p-l>
Adar	(Hebrew calendar: the sixth month of the civil year and the twelth month of the ecclesiastical year) <p-l>ខែអាដា។</p-l>
adapt	(vb) (to fit, change, or modify to suit a different purpose) <p-l>កែសម្រួល</p-l> adaption <p-l>ការ សម្រួល។</p-l>
address	(vb) (to speak to) <p-l>និយាយទៅកាន់</p-l>
address	(a formal speech or written communication) <p-l>សន្ទរកថា</p-l>
addressee	(a person for whom a letter is designated) <p-l>អ្នកទទួល</p-l>
adduce	(vb) (to cite as evidence or proof) <p-l>បង្ហាញហេតុផល</p-l> (... as proof) <p-l>បង្ហាញភស្តុតាង</p-l> (... as evidence)។
Admah, City of...	(Gen. 14:2) <p-l>ក្រុងអាត់ម៉ា</p-l>
administer	(vb) (to manage or distribute, particularly in regard to the Lord's Supper) <p-l>ចាត់ ចែង</p-l> administration <p-l>ការចាត់ចែង (គ.បៈ: ការគ្រប់គ្រង គ.ខ.ប: ការណែនាំ)</p-l> administrator <p-l>អ្នកចាត់ចែង។</p-l>
administer	(vb) (to direct or control) <p-l>ត្រួតត្រា</p-l> administration <p-l>ការត្រួតត្រា</p-l>
admonish	(vb) (to reprove firmly but not harshly) <p-l>ដាស់តឿនរំឭក</p-l> admonitory (adj) <p-l>ដែល ដាស់តឿនរំឭក។</p-l>
Adonai/Adonay	(Hebrew "my Lord”) <p-l>«អាដូណាយ» (ភាសាហេព្រើរ)</p-l>
Adoni-zedek, King...	(king of the Jebusites when the Israelites entered Canaan) <p-l>ស្តេចអីដូ នី-សេដិក។</p-l>
adopt	(vb) (to take another's child as one's own) <p-l>ទទួលជាកូនចិញ្ចឹម</p-l> adoption <p-l>ការទទួលជាកូន ចិញ្ចឹម (គ.ប : ការទទួលជាកូនចិញ្ចឹម (គ.ខ.បៈ: ការធ្វើជាបុត្រា ការឲ្យទៅជាបុត្រា ការរាប់ជាបុត្រា)]</p-l> adoptee <p-l>កូនចិញ្ចឹម។</p-l>
Adoptionism	(a belief proposed by Theodotus of Byzantium, that Jesus was born as a non - divine man and adopted later as "son of God”) <p-l>ការទទួលជាកូនចិញ្ចឹមនិយម។</p-l>
adore	(vb) (to love intensely or deeply) <p-l>ស្រឡាញ់ជាខ្លាំង</p-l> adoration <p-l>សេចក្តីស្រឡាញ់ជាខ្លាំង</p-l>
Adriatic Sea	(a northwest-to-northeast arm of the Mediterranean Sea, separating Italy from the Balkans) <p-l>សមុទ្រអាឌីយ៉ាទិច។</p-l>
adrogation	(a type of adoption under Roman law in which a person is free, and consents to be adopted by another) <p-l>របៀបជួយដើម្បីទទួលជាកូនចិញ្ចឹមតាមច្បាប់រ៉ូម។</p-l>
Adullam, City of...	<p-l>ក្រុងអាឌឡាម</p-l>
adultery	(voluntary sexual intercourse between a married man or woman and partner other than the legal spouse) <p-l>សេចក្តីកំជិត [(គ.បៈ : ជិតគ្នា សេចក្តីកំជិត) គ.ខ.បៈ អំពើជិត ក្បត់]</p-l> adulterer <p-l>ប្រុសសំផឹង</p-l> adulteress <p-l>ស្រីសំផឹង (គ.បៈ : ស្ត្រីផិតក្បត់)។</p-l>
adumbrate	(vb) (to foreshadow) <p-l>បង្ហាញត្រួសៗ</p-l> adumbration <p-l>ការបង្ហាញត្រួសៗ</p-l>
Adummim Pass	(marks a border of Benjamin - Josh. 18:17) <p-l>ផ្លូវកាត់ភ្នំអាឌមីម</p-l>
advent	(an arrival or coming) <p-l>ការយាងមក</p-l>
Advent	(the first season of the liturgical year that begins four Sundays before Christmas and ends on Christmas Eve) <p-l>រដូវកាលនៃការយាងមកដល់របស់អង្គព្រះយេស៊ូវ (រដូវមុនថ្ងៃ ណូអែលដែលនឹកគិតដល់ការប្រសូតនៃព្រះយេស៊ូវ)។</p-l>
adversity	(distress, affiction, hardship) <p-l>វេទនា (គ.បៈ : សេចក្តីអាក្រក់ (គ.ខ.បៈ : វេទនា អាសន្ន)]</p-l> advocate (n) (a person who upholds or defends another) <p-l>អ្នកដ៏ជួយការពារ (គ.ប : ម្នាក់ដ៍ជា ជំនួយ គ.ខ.បៈ : អ្នកដ៏ជួយការពារ)</p-l> (div) <p-l>ព្រះដ៏ជួយការពារ។</p-l>
advocate	(vb) (to speak in favour of) <p-l>ជួយគាំទ្រ</p-l>
Aegean	[a bay within the Mediterranean Sea located between the southern Balkan and Anatolian peninsulas (between Greece and Turkey)] <p-l>សមុទ្រអៃជាន។</p-l>
Ael Capitolina	(a city built by the emperor Hadrian, and occupied as a Roman colony on the site of Jerusalem) <p-l>ក្រុងអេលាកាពីតូលីណា។</p-l>
Aenon	(a place west of Jordan) <p-l>ស្រុកអេណូន</p-l>
aeon	(an immeasurably long time) <p-l>កំឡុងពេលដ៏យូរដែលមិនអាចគិតបាន</p-l> (short) <p-l>យូរង្វែង</p-l>
aetiology	(the philosophy or study of causation) <p-l>ការសិក្សាពីទំនាក់ទំនងរវាងហេតុ និងផល</p-l>
affirm	(vb) (to uphold or confirm a statement of truth) <p-l>បញ្ជាក់</p-l> affirmation <p-l>ការបញ្ជាក់</p-l>
afflict	(vb) (to cause suffering or unhappiness) <p-l>សង្កត់សង្កិន</p-l> affliction (suffering or unhappiness) <p-l>សេចក្តីទុក្ខលំបាក។</p-l>
aforethought	(adj) (premediated) <p-l>ដែលបានគិតទុកមកជាមុន</p-l>
a fortiori	(adv) [Latin abbreviation: argumentum a fortiori "(argument) from the stronger reason"] <p-l>ដោយកម្លាំងយ៉ាងខ្លាំងប្រកបដោយមូលហេតុដ៏ត្រឹមត្រូវ។</p-l>
afraid	(feeling of fear or apprehension) <p-l>ភ័យ</p-l>
afterlife	(life after death) <p-l>ជីវិតក្រោយពេលស្លាប់</p-l>
Agabus, the prophet...	(a Christian prophet in the apostolic age) <p-l>ហោរាអ័ក្តាបុស</p-l>
agape	(Greek "the love of God" or "love of Christ for humanity") <p-l>ភាសាក្រែក «អាហ្គាប៉េ»</p-l>
agape meal	(Greek: certain religious meals among early Christians that were originally closely related to the Lord's Supper) <p-l>អាហារអាហ្គាបេ។</p-l>
age	(a period of history marked by some feature or characteristic) <p-l>កល្ប</p-l>
Agee	(father of Shammah, who was one of David's mighty men, see 2 Sam. 23:11) <p-l>អំកេ</p-l>
agency	(...of God - divine action, power, operation) <p-l>រាជកម្ម</p-l>
Agent, the...	(the divine means of God's action, power and operation; an indirect reference to Jesus) <p-l>អង្គភ្នាក់ងារ។</p-l>
agnosticism	(a belief that knowledge of God cannot be known with certainty) <p-l>ភាពពុំដឹង ច្បាស់-ជាមានព្រះ ឬគ្មាន</p-l> agnostic <p-l>អ្នកដែលពុំដឹងច្បាស់ជាមានព្រះ ឬគ្មាន។</p-l>
Agrippa II, King...	(governor over the tetrarchy of Philip and Lysanias, and last prince of the Herods, before whom the Apostle Paul pleaded his cause) <p-l>ស្តេចអីគ្រីប៉ាទី២។</p-l>
Ahab, King...	(located in Chaldea, where the exiled Jesus assembled under Ezra) <p-l>ស្តេច អំហាប</p-l>
Ahasuerus, King...	(Ancient Greek name for King Xerxes of Persia) <p-l>ស្តេចអីហាស៊ូរុស</p-l>
Ahava, town of...	(located in Chaldea, where the exiled Jews assembled under Ezra) <p-l>ក្រុង អាហារ៉ា។</p-l>
Ahaz, King...	(12th king of Judah) <p-l>ស្តេចអីហាស</p-l>
Ahaziah, King...	(6th king of Judah) <p-l>ស្តេចអីហាស៊ីយ៉ា</p-l>
Ahikam	(an influential official in the court of Josiah - 2 K. 22) <p-l>អំហ៊ីកាម</p-l>
Ahimelech	(son of Ahitub and high priest of Nob - 1 Sam. 22:11-12) <p-l>អំហ៊ីម៉ាលេក</p-l>
Ahlab...	(town of Asher north - west of the Sea of Galilee - Jdg. 1:31) <p-l>ក្រុងអាស់ឡាប់</p-l>
Aholibamah	(a Canaanite wife of Esau, daughter of Beeri the Hittite and Anah the Hivite, see Gen. 36) <p-l>អំហូលីបាម៉ា។</p-l>
Ahzai	(a priest residing in Jerusalem - Neh. 11:13) <p-l>អំហាសាយ</p-l>
Ai	(a Canaanite royal city) <p-l>ក្រុងអៃ</p-l>
Aijalon/ Ajalon, town of...	(first assigned to Dan and later given to the Kohathites) <p-l>ក្រុង អាយ៉ាឡូន។</p-l>
Ajah	(a son of Zibeon the Hivite, see Gen. 36) <p-l>អៃយ៉ា</p-l>
Akeldama	(also known as "the Potter's field) <p-l>វាលអាកិលដាម៉ា</p-l>
Akhetan	(ancient capital of Egypt in 14th Century BC) <p-l>ក្រុងអាខេតាឆេន</p-l>
Akizzi	(local ruler of Quatna in the 14th Century BC and an author of the Amarna Letters) <p-l>អាឃីសហ្ស៊ី។</p-l>
Akkad	(city at the centre of the Akkadian Empire, that preceded the Assyrian and Babylonian empires) <p-l>ទីក្រុងអាកាឌ</p-l> Akkadians <p-l>ពួកអាកាឌ</p-l> Akkadian (...language) <p-l>ភាសា អាកាឌ។</p-l> Kingdom) <p-l>សំបុត្រអាម៉ាណា។</p-l>
Amarna Tablets	(<p-l>សូមមើល</p-l> Amarna Letters) <p-l>ផ្ទាំងថ្មអាម៉ាណា</p-l>
Amasis II/Ahmose II	(a pharaoh of the 26<sup>th</sup> Dynasty, who ruled 570-526 BC and was the last great ruler of Egypt before the Persian conquest) <p-l>ជាធានអាម៉ាស៊ីសទី២។</p-l>
Amaziah, King....	<p-l>ស្ដេចអំម៉ាស៊ីយ៉ា</p-l>
ambiguity	(possibility of interpreting in two or more distinct ways) <p-l>ភាពមានន័យមិនច្បាស់</p-l>
ambivalence	(simultaneous existence of two opposed and conflicting attitudes, emotions, etc.) <p-l>ភាពមានយោបល់ផ្ទុយគ្នា។</p-l>
Ambrose	[Bishop of Milan who became one of the most influential ecclesiastical figures of the 4<sup>th</sup> Century, was one of the four Latin Doctors of the Church and strongly influenced Augustine of Hippo (c. 340-397 AD)] <p-l>អាមប្រុស។</p-l>
Amel-Marduk/Evil-merodach	(the son and successor of Nebuchadnezzar II who released King Jehoiachin from prison after thirty-seven years of captivity) <p-l>ស្ដេចអេវីស មេរ៉ូដាក។</p-l>
amen	(an expression of approval and support, generally placed at the end of a prayer) <p-l>អាម៉ែន។</p-l>
Amenemope	(the fourth pharaoh of the 21<sup>st</sup> Dynasty of Egypt who reigned 1001-992 BC) <p-l>ផារ៉ាន អាម៉េណេណូប៉េ។</p-l>
Amenophis III	(the ninth pharaoh of the 18<sup>th</sup> Dynasty of Egypt who reigned c. 1391-1353 BC) <p-l>ផារ៉ានអាមេណូហ៊្វីសទី៣។</p-l>
Amenophis IV	[the tenth pharaoh of the 18<sup>th</sup> Dynasty of Egypt (also known as Akhenaten) who reigned c. 1353-1336 BC] <p-l>ផារ៉ានអាមេណូហ៊្វីសទី៤។</p-l>
amillennialism	(a view that the millennium is a symbol of the age of the Church, and therefore, Satan was bound by Christ's work on the Cross) <p-l>បដិសហស្សវត្ស និយម។</p-l>
Ammihud	<p-l>អាំមិហ៊ូត</p-l>
Ammon	<p-l>អាំម៉ូន</p-l> Ammonites (people of Ammon) <p-l>សាសន៍អាំម៉ូន</p-l>
Ammunira	(King of Beirut in mid-14<sup>th</sup> Century BC, and an author of the Amarna Letters) <p-l>ស្តេចអាំមូរីរ៉ា។</p-l>
amnesty	(a pardon granted by the Crown or government) <p-l>ការលើកលែងទោសជាសាធារណៈ</p-l>
Amon, King...	<p-l>ស្តេចអាំម៉ូន</p-l>
Amorites	(a people descended from Canaan, son of Ham) <p-l>ពួកអាម៉ូរី</p-l>
Amos, Book of...	<p-l>កណ្ឌអេម៉ុស</p-l>
amplify	(vb) (to expand or enlarge a narrative, text) <p-l>បរិយាយបន្ថែម</p-l>
Amq plain	(located in northern Syria) <p-l>ទំនាបអាំ</p-l>
Amraphel, King...	(Gen. 14) <p-l>ស្តេចអារ៉ាដែល</p-l>
Amram	<p-l>អារ៉ាម</p-l>
Amramites, clan of the...	<p-l>គ្រួសារអារ៉ាម</p-l>
Amraphel, King...	(ruler of Shinar, Gen. 14:1) <p-l>ស្តេចអារ៉ាដែល</p-l>
amulet	(something small worn as protection against evil) <p-l>គ្រឿងវេទមន្ត</p-l>
Anabaptists	(groups from the Reformation period who held that believers' baptism is necessary for salvation) <p-l>អាណាបាទីស្ទ</p-l> (informal) <p-l>ពួកអ្នកដែលបានធ្វើពិធីជ្រមុជទឹកម្តង ទៀតពេលពេញវ័យ។</p-l>
anachronism	(a person or thing that appears to belong to another time) <p-l>វត្ថុឬមនុស្សប្រហែល ជានៅសម័យកាលផ្សេង</p-l> anachronistic <p-l>ដែលកាលវិរុទ្ធ។</p-l>
anagogical sense	(hermeneutics: a sense of understanding Scripture which derived heavenly meaning from earthly things) <p-l>អត្ថន័យដោយអាថ៌កំបាំងអំពីអធិធម្មជាតិ។</p-l>
analogy	(a comparison made to show a similarity) <p-l>ភាពស្រដៀងគ្នា</p-l> analogical (adj) <p-l>ដែល យកតាមគំរូអ្វីមួយ។</p-l>
analytical philosophy	(generic term for a style of philosophy that came to dominate English speaking countries in the 20th Century, characterized by emphasis on clarity, argument and a respect for natural sciences) <p-l>ទស្សនៈវិស័យវិភាគ។</p-l>
analyze	(vb) (to think about something carefully) <p-l>តម្រិះ</p-l>: (div) <p-l>ព្រះតម្រិះ</p-l>
Anamites	(a people descended from Mizraim, son of Ham) <p-l>ពួកអំណាមីម</p-l>
Ananias	<p-l>អាជ្ញានាស</p-l>
Anath	(a Canaanite deity) <p-l>ព្រះអំនា</p-l>
anathema	(a detested person or thing) <p-l>មនុស្ស ឬវត្ថុដែលគេស្អប់បំផុត</p-l>
Anathoth, Town of...	<p-l>ក្រុងអានាថោត</p-l>
Anatolia	(also known as "Asia Minor", the westernmost part of Asia, comprising of most of modern Turkey) <p-l>តំបន់អាណាតូលា។</p-l>
ancestor	(a person from whom another is directly descended, especially someone more distant than a grandparent) <p-l>ឰយុកោ (គ.បឰយុកោ គ.ខ.ប : បុព្វបុរស)</p-l> (pl) <p-l>ពួក ឰយុកោ។</p-l>
anchor	<p-l>យុថ្កា</p-l>
Ancient Near East	[location of ancient civilizations in an area that includes Mesopotamia, Ancient Egypt, Anatolia (modern Turkey) and the Levant (modern Syria, Lebanon, Israel and Jordan), and generally covers the time period from the rise of Sumer (4th Millenium BC) to the conquest of Alexander the Great (4th Century BC)] <p-l>តំបន់ភាគខាងកើតនៃមហាសមុទ្រមេឌីទែរ៉ាណេនាសម័យបុរាណ។</p-l>
Ancient of Days	(an Aramaic term that appears three times in the Book of Daniel, and is used in the sense of God being eternal) <p-l>ព្រះដ៏មានព្រះជន្មពីបុរាណ (គ.បៈ : ព្រះដ៏មានព្រះជន្មពីបុរាណ គ.ខ.បៈ : ព្រះជាម្ចាស់នៃពេលវេលាដែលមានព្រះជន្មាយុយឺនយូរ)។</p-l>¹
ancients, the....	<p-l>ពួកអ្នកសម័យបុរាណ</p-l>
Andrew	<p-l>អនទ្រេ</p-l>
Andronicus and Junius	<p-l>អាន់ត្រូនីក និងយូនាស</p-l>
ANE	(abbreviation "Ancient Near East”) <p-l>តំបន់ភាគខាងកើតនៃមហាសមុទ្រមេឌីទែរ៉ាណេនាសម័យបុរាណ។</p-l>
Aner	(Gen. 14:24) <p-l>អាន់នើរ</p-l>
anew	(adv) (over again, once more) <p-l>ជាថ្មី</p-l>
angel	(a class of spiritual beings attendant upon God) 19<p-l>វតា</p-l>
anger	(feeling of great annoyance or antagonism as the result of some real or supposed grievance) <p-l>កំហឹង (គ.ប : សេចក្តីកំហឹង គ.ខ.ប : កំហឹង)</p-l>² (div) <p-l>សេចក្តីខ្ញាល់ (គ.បៈ សេចក្តីខ្ញាល់ គ.ខ.ប : ព្រះពិរោធ)</p-l> angry (adj) <p-l>មានកំហឹង (គ. ប: ក្តៅក្រហាយ គ. ខ. ប: ក្តៅក្រហាយ)។</p-l>
Anglican Church	(a Protestant denomination with historical connection to the Church of England, that declared its independance from the Roman pontiff at the time of the Elizabethan Religious Settlement of 1559) <p-l>និកាយអង់គ្លីខិន។</p-l>
Anglicanism	(the tradition of the Anglican Church) <p-l>សេចក្តីបង្រៀននៃពួកជំនុំអង់គ្លីខិន</p-l>
Anglo-Catholicism	(a movement within Anglicanism which affirms a Roman Catholic, rather than Protestant, heritage and identity of the Anglican Church) <p-l>ចលនា-អង់គ្លីខិនកាតូលិករ៉ូម៉ាំងនិយម។</p-l>
Anglo-Saxon	(Old English: English language from the 5th Century to 1100 AD) <p-l>ភាសាអង់គ្លេសសម័យបុរាណ។</p-l>
aniconic	(adj) (not portrayed in human or animal form) <p-l>គ្មានរូបសត្វតំណាង</p-l>
animal kingdom	(category of living organisms comprising all animals) <p-l>សត្វលោក</p-l>
ankh	(an ancient Egyptian hieroglyphic character that reads "eternal life”) <p-l>និមិត្តរូបដែល តំណាងជីវិតអស់កល្ប។</p-l>
Anna, the prophetess....	<p-l>ហោរាស្រីអាណ</p-l>
annals	(yearly record of events, generally in chronological order) <p-l>កំណត់ត្រាហេតុការណ៍ប្រចាំ ឆ្នាំ</p-l> (royal) <p-l>កំណត់ត្រាប្រវត្តិសាស្ត្រប្រចាំឆ្នាំ។</p-l>
Annas	<p-l>អាណ</p-l>
Anne, Saint	(according to the Protoevangelium of James, written around 150 AD, she is the mother of Mary, and grandmother of Jesus) <p-l>សន្ត អាណ។</p-l>
annihilation	(total destruction) <p-l>បរិសូន្យ</p-l> (informal) <p-l>ការធ្វើឲ្យសាបសូន្យ</p-l>
annihilationism	(a belief that apart from salvation, the final punishment results in total destruction rather than everlasting torment) <p-l>បរិសូន្យនិយម។</p-l>
annotation	(a note added in explanation) <p-l>ចំណារពន្យល់</p-l>
anoint	(vb) (to rub with oil as a sign) <p-l>ចាក់ប្រេងតាំង</p-l>
Anointed One, the...	(a reference to the expected king, priest or prophet in the intertestamental period) <p-l>អង្គដែលត្រូវបានចាក់ប្រេងតាំង។</p-l>
annul	(vb) (to abolish, to make void) <p-l>លើកចោល</p-l> annulment <p-l>ការលើកចោល</p-l>
Anselm	(philosopher, monk and Archbishop of Canterbury from AD 1093 to 1109) <p-l>អាន់សេម</p-l>
Ant.	(abbreviation *Antiquities of the Jews*) <p-l>«ប្រវត្តិសាស្ត្របុរាណនៃសាសន៍យូដា»</p-l>
antecedent	(an event or circumstance that happens before another) <p-l>អ្វីៗដែលមានពីមុនមក</p-l>
antediluvian	(adj) (belonging to the age before the Flood) <p-l>នៃសម័យមុនទឹកជំនន់ធំ</p-l> antediluvians <p-l>អ្នកសម័យមុនទឹកជំនន់ធំ។</p-l>
ante-Nicene	(adj) (belonging to the period before the Council of Nicaea) <p-l>នៃសម័យមុនក្រុម ប្រឹក្សា ណាសៀ។</p-l>
anthropocentrism	(belief in humanity as the most important and central factor in the universe) <p-l>មនុស្សពន្ធនិយម</p-l> (informal) <p-l>ជំនឿថាមនុស្សលោកសំខាន់ជាងអ្វីៗទាំងអស់។</p-l>
anthropology	(the study of man) <p-l>នរវិទ្យា</p-l> anthropological (adj) <p-l>នៃនរវិទ្យា</p-l>
anthropomorphism	(the attribution of human form or behavior to a deity etc.) <p-l>ពាក្យប្រហែលមនុស្ស (ការរាប់ព្រះមានលក្ខណៈស្រដៀងនឹងមនុស្ស)</p-l> anthropomorphic (adj) <p-l>ដែលរាប់ព្រះ មានលក្ខណៈស្រដៀងនឹងមនុស្ស។</p-l>
Antichrist, the...	<p-l>មេទទឹងព្រះគ្រីស្ទ [(គ.ប : អាទទឹងព្រះគ្រីស្ទ អ្នកទទឹងព្រះគ្រីស្ទ) (គ.ខ.ប : មេប្រឆាំងព្រះ គ្រិស្ត)]។</p-l>
Anti-Lebanon Mountains	(alternately known as the Eastern Lebanon Mountain Range, located between Syria and Lebanon) <p-l>ជួរភ្នំអង់ទីល្បាណូន។</p-l>
antimony	(a metalloid used in ancient times for making certain household articles and plating metal objects) <p-l>អង់ទីមន។</p-l>
Antinomianism	(a belief that under the gospel dispensation of grace, moral law is of no use or obligation because "faith alone" is necessay to salvation) <p-l>ការអះអាងថា ក្រឹត្យវិន័យ សីលធម៌អត់ប្រយោជន៍</p-l> antinomian (adj) <p-l>ដែលអះអាងថា ក្រឹត្យវិន័យសីលធម៌អត់ ប្រយោជន៍។</p-l>
Antioch, City of...	<p-l>ទីក្រុងអាន់ទីយ៉ូក</p-l> Antiochene (adj) (belonging to the City of Antioch) <p-l>នៃ ទីក្រុងអាន់ទីយ៉ូក។</p-l>
Antioch, School of...	(one of the two major centers of the study of biblical exegesis and theology during Late Antiquity) <p-l>ពួកសាស្រ្តវិទូនៅទីក្រុងអាន់ទីយ៉ូក។</p-l>
Antiochus I Soter	(a king of the Hellenistic Seleucid Empire who reigned 281-261 BC) <p-l>ស្តេចអាន់ទីអូគូសទី១ សូធើរ។</p-l>
Antiochus II Theos	(a king of the Hellenistic Seleucid Empire who reigned from 261246 BC) <p-l>ស្តេចអាន់ទីអូគូសទី២ ថេអូស។</p-l>
Antiochus III the Great	[a king of the Hellenistic Seleucid Empire who ruled over Greater Syria and Western Asia 222-187 BC (241-187 BC)] <p-l>ស្តេចអាន់ទីអូគូសទី៣។</p-l>
Antiochus IV Epiphanes	(a king of the Hellenistic Seleucid Empire from 175-164 BC, who sacked Jerusalem and forced the Jews to abandon the customs of their ancestors) <p-l>ស្តេចអាន់ទីអូគូសទី៤ អេពីហ្វេន។</p-l>
Antiochus V Eupator	[a child ruler of the Greek Seleucid Empire 163-161 BC (172-161 BC)] <p-l>ស្តេចអាន់ទីអូគូសទី៥ យូប៉ាទើរ។</p-l>
Antiochus VII Sidetes	(the last great Seleucid king, reigned 138 to 129 BC, who laid siege to Jerusalem in 134 BC, but spared the city after payment of 3000 talents) <p-l>ស្តេចអាន់ទីអូគូសទី៧ ស៊ីដេតេស។</p-l>
Antipas	[nickname of Herod Antipater, Tetrarch of Galilee and Perea at the time of the executions of John the Baptist and Jesus (c.20 BC-39 AD)] <p-l>ស្តេចអាន់ទីប៉ាស។</p-l>
antipathy	(feeling of intense aversion) <p-l>សេចក្តីស្អប់ខ្ពើម</p-l>
Antipatris	[a city built by Herod the Great and named in honour of his father, Antipater II of Judea, is on the road from Caesarea to Jerusalem (Acts 23:31)] <p-l>ក្រុង អាន់ទីប៉ាទ្រីស។</p-l>
antiphonal	(adj) (sung or recited in alternation) <p-l>ដែលច្រៀងចម្រៀងឆ្លើយឆ្លងគ្នា</p-l> "Antiquities of the Jews" (a twenty volume historiographical work composed by Josephus in around 93 AD, containing an account of the history of the Jewish people) <p-l>«ប្រវត្តិសាស្ត្របុរាណនៃសាសន៍យូដា»។</p-l>
antiquity	(the far distant past/people of ancient times) <p-l>សម័យបុរាណ</p-l>
anti-Semitism	(prejudice against, hatred of, or discrimination against Jews) <p-l>ការស្អប់ចំពោះ សាសន៍យូដា។</p-l>
antithesis	(contrast or opposite) <p-l>ប្រតិនិក្ខេបបទ</p-l> (informal) <p-l>ការប្រៀបធៀបដែលមានលក្ខណៈប្រឆាំង</p-l> antitype (person or a thing represented by a type or symbol, especially a character or event in the NT prefigured in the OT) (person) <p-l>បុគ្គលដែលសំរេចនិមិត្តរូប</p-l> (thing) <p-l>វត្ថុ ដែលសម្រេចនិមិត្តរូប។</p-l>
Antonia Tower	(Roman military barracks built by Herod the Great in Jerusalem) <p-l>ប៉មអាន តួនា។</p-l>
aorist/aorist	(adj) (grammar: verb tense in NT Greek and in certain other inflected languages indicating past action without reference to whether the action involved is momentary or continuous) <p-l>អ៊ែររីស</p-l> (informal) <p-l>កាលកិរិយាសព្ទបញ្ជាក់ពីសកម្មភាព មួយដងពីអតីតកាល។</p-l>
Aphek, City of...	<p-l>ក្រុងអាផែក</p-l>
Apiru	<p-l>សូមមើល</p-l> Hapiru
apocalypse	(prophetic disclosure or revelation) <p-l>ព្យាករណ៍</p-l>
apocalypse	(an event of great importance, generally violent) <p-l>ព្រឹត្តិការណ៍មហាវិនាស</p-l>
Apocalypse, the...	(a veiled reference to Revelation) <p-l>កណ្ឌគម្ពីវិវរណៈ</p-l> "Apocalypse of Adam" (a gnostic text written in Coptic discovered at Nag Hammadi in 1945) <p-l>ឯកសារ «វិវរណៈនៃអ័ដាម»។</p-l>
Apocalypse of Baruch	(a Jewish pseudopigraphical text written in the late 1"/early 2nd Century) <p-l>ឯកសារ «វិវរណៈនៃបារួច»។</p-l>
Apocalypse of Ezra	(also known as 2 Edras, on apocalyptic book existing in complete form only in Latin) <p-l>ឯកសារ «វិវរណៈនៃអេសដ្រាស»។</p-l>
apocalyptic	(adj) (of dreams and visions of present spiritual realities and/or the endtimes) <p-l>ដែលបើកសម្តែងពីបច្ចុប្បន្នកាលឬពេលចុងក្រោយ</p-l> (short) <p-l>ដែលបើកសម្តែង។</p-l>
apocalyptic	(reference to apocalyptic language and/or literature) <p-l>ភាសាឬអក្សរសាស្ត្រដែលបើក សម្តែងពីបច្ចុប្បន្នកាលឬពេលចុងក្រោយ</p-l> (short) <p-l>អក្សរសាស្ត្របើកសម្តែង ឬភាសាបើកសម្តែង។</p-l>
apocalypticism	(belief that there will be an apocalypse, more specifically, the world will come to an end time very soon, even within one's own lifetime) <p-l>មហាវិនាស និយម។</p-l>
apocalyptist	(a writer of apocalyptic literature) <p-l>អ្នកនិពន្ធអក្សរសាស្ត្របើកសម្តែង</p-l>
Apocrypha	[14 books of the Latin Vulgate (Bible) not in the Jewish Old Testament] <p-l>ក្រម អាប៉ូគ្រីហ្វា (កណ្ឌគម្ពីរបន្ថែមរបស់និកាយរ៉ូម៉ាំងកាតូលិក)។</p-l>
apocryphal	(adj) (of questionable authenticity) <p-l>ដែលប្រហែលមិនពិត</p-l>
Apocryphon	(Greek term for a genre of Early Christian writings meant to impart "secret teachings" or gnosis that could not be publicly taught) <p-l>ភាសាក្រេក «អាប៉ូគ្រីហ្វុន» (ប្រភេទអក្សរសាស្ត្រពីជនណស្សីស)។</p-l>
apodictic	(adj) (unquestionably true by virtue of demonstration) <p-l>ដែលអះអាងពីអ្វីដែលពិត ប្រាកដ។</p-l>
apodictic laws	(laws characterized by absolute or general commands or prohibitions) <p-l>ច្បាប់អះអាងពីអ្វីដែលពិតប្រាកដ។</p-l>
apodictic method	(philosophy: method of reasoning from premises that are self-evident) <p-l>វិធីសាស្ត្រអះអាងពីអ្វីដែលពិតប្រាកដ។</p-l>
apokalypsis	(Greek “revelation”) <p-l>ការបើកសម្តែង (ភាសាក្រេក)</p-l>
Apollinarism	(the view proposed by Apollinaris of Laodicea; see Apollinaris) <p-l>អាប៉ូលីណារីស និយម។</p-l>
Apollinaris	[Bishop of Laodicea in Syria, who emphasized the deity of Jesus and the unity of his person as far as to deny the existence of a rational human soul, a position condemned by the Synod of Constantinople (d. 390 AD)] <p-l>អភិបាល អប៉ូលីណារីស។</p-l>
Apollos	<p-l>អ័ប៉ុឡូស</p-l>
apologetic	(n) (a defence of the Christian faith in speech or writing) <p-l>ការការពារជំនឿ</p-l>
apologetics	(branch of theology concerned with the defense and rational justification of the Christian faith) <p-l>វិជ្ជាការការពារសេចក្តីជំនឿ។</p-l>
Apologists, the...	[Early Christian writers (c. 120-220 AD) who defended their faith against critics and recommended their faith to outsiders] <p-l>ថ្នាក់ដឹកនាំអភិរក្សក្តី ជំនឿ។</p-l>
apostasy	(abandonment of one's religion or faith) <p-l>ការបោះបង់ជំនឿឬសាសនា</p-l> (OT context) <p-l>ការបោះបង់សាសនា</p-l> (NT context) <p-l>ការបោះបង់ជំនឿ។</p-l>
apostate	(a person who abandons his/her religion) <p-l>អ្នកបោះបង់ជំនឿ ឬសាសនា</p-l>
a posteriori	(adj) (philosophy: Latin "from the later", knowledge or justification dependant on experience or empirical evidence) <p-l>ទិដ្ឋភាព ឬការចេះដឹងដែលអាស្រ័យដោយការ ពិសោធជាក់ស្តែង (ភាសាឡាតាំង)។</p-l>
apostle	<p-l>សាវក (គ.បៈ : សាវក គ.ខ.បៈ : សាវ័ក)</p-l> apostolic (adj) <p-l>របស់ពួកសាវក</p-l> apostleship <p-l>ភាពជា សាវក។</p-l>
Apostles Creed	(an early statement of Christian belief used widely by many denominations for liturgical purposes, but does not address Christological issues defined in the later Nicene Creed) <p-l>គោលជំនឿរបស់ពួកសាវក។</p-l>
apostolate	(the office, authority, or mission of an apostle) (office...) <p-l>តួនាទីសាវក</p-l>, (authority) <p-l>អំណាចសាវក</p-l>, (mission...) <p-l>បេសកកម្មសាវក។</p-l>
Apostolic age	(the time of the Apostles, from their commissioning to the death of the last one) <p-l>សម័យសាវក។</p-l>
Apostolic Church	(Church descended from the Apostles) <p-l>ពួកជំនុំចេញពីពួកសាវក</p-l>
Apostolic Council	(reference to the Council of Jerusalem recorded in Acts 15) <p-l>ក្រុម-ប្រឹក្សា ពួកសាវក។</p-l>
Apostolic Fathers	(a small number of early Christian authors from the second half of the 1st Century to the first half of the 2nd Century, including Clement of Rome, Ignatius of Antioch and Polycarp of Smyrna) <p-l>ពួកបុព្វបុរសសាវក។</p-l>
apotropaic	(adj) (preventing or intended to prevent evil) <p-l>ដែលការពារប្រឆាំងសេចក្ដីអាក្រក់</p-l>
appeal	(vb) (homiletics: to make an earnest request for change) <p-l>សូមធ្វើឲ្យកែប្រែចិត្ត</p-l>
appearance	(the outward or visible aspect of a person or thing) <p-l>ឫកពា (គ.ប : ឫកពា គ.ខ.បៈ សំបកក្រៅ)។</p-l>
appease	(vb) (to calm, pacify or soothe) <p-l>ធ្វើឲ្យស្ងប់ចិត្ត (គ.បៈ រំងាប់ចិត្ត គ.ខ.ប : ធ្វើឲ្យស្ងប់ចិត្ត)</p-l>
appendix	(a body of separate material at the end of a book) <p-l>បរិសិដ្ឋ</p-l>
application	(homiletics: demonstration of the meaning of a biblical text) <p-l>ការអនុវត្ត</p-l>
appoint	(vb) (to assign officially) <p-l>តម្រូវ</p-l>
apposition	(a grammatical construction in which a word or noun phrase is placed after another to modify its meaning) <p-l>ការដាក់ពាក្យ ឬប្រយោគនៅជិតគ្នាដើម្បីពន្យល់ពាក្យ ឬឃ្លា នៅខាងមុខ។</p-l>
approach	(a means adopted in tackling a problem) <p-l>មធ្យោបាយ (របៀបដោះស្រាយ)</p-l>
approbation	(official recognition or approval) <p-l>ការទទួលស្គាល់ជាផ្លូវការ</p-l>
Apries/Hophra	(a pharaoh of the 26th Dynasty who ruled 589-570 BC, who in 588 BC despatched a force to Jerusalem to be defeated by Nebuchadnezzar II) <p-l>ផារ៉ានអាព្រីស។</p-l>
a priori	(adj) (philosophy: Latin "from the earlier", describes knowledge or justification independant of experience) <p-l>ដែលពីទិដ្ឋភាពឬការចេះដឹងដែលអាស្រ័យដោយវិចារណញ្ញាណ (ភាសាឡាតាំង)។</p-l>
Aqhat	(a North Canaanite epic) <p-l>វិរកថា «អាខាត់»</p-l> (name of the main character in the epic) <p-l>អាខាត់។</p-l>
aqueduct	[a man-made channel (e.g. canal, tunnel, pipe, bridge) constructed to carry water] <p-l>ជលមាគ៌ា។</p-l>
Aquila	<p-l>នាងអ័គីឡា</p-l>
Aquinas, Thomas	[an Italian Dominican priest of the Roman Catholic Church, and influential philosopher and theologian in the tradition of scholasticism (1225-1274 AD)] <p-l>ថូម៉ាស អាហ្គីណាស់</p-l> (short) <p-l>អាហ្គីណាស់។</p-l>
Arab	<p-l>សាសន៍អារ៉ាប់</p-l>
Arab.	(abbreviation "Arabic language") <p-l>ភាសាអារ៉ាប់</p-l>
Arabah	(meaning "desolate and dry", a section of the Jordan rift valley between the southern end of the Sea of Galilee and the Gulf of Aquba, and home to the Edomites) <p-l>ស្រុកវាលអារ៉ាបា។</p-l>
Arabia	<p-l>ស្រុកអារ៉ាប់</p-l>
Arabic	(...language) <p-l>ភាសាអារ៉ាប់</p-l>
Arad	<p-l>អើរ៉ាក</p-l> (town of...) <p-l>ក្រុងអើរ៉ាត</p-l>
Aradus	(an island settled in the early 2nd Millennium by the Phoenicians, and is now part of Lebanon) <p-l>កោះអារ៉ាដ។</p-l>
Aram	(son of Shem) <p-l>អើរ៉ាម</p-l> (nation of...) <p-l>ប្រទេសអ៊ីរ៉ាម</p-l>
Aram.	(abbreviation "Aramaic language") <p-l>ភាសាអ៊ីរ៉ាម</p-l>
Aramaeans	(people of Aram) <p-l>សាសន៍អ៊ីរ៉ាម</p-l>
Aramaic	(...language) <p-l>ភាសាអ៊ីរ៉ាម</p-l>
Araunah	<p-l>អំពើណា</p-l>
Ararat, Mount...	(the place where Noah's ark came to rest) <p-l>ភ្នំអារ៉ារ៉ាត់</p-l>
Aratus	[a Greek didactic poet (c. 310-240 BC)] <p-l>អារ៉ាថូស</p-l>
arbitration	(the hearing and determination of a dispute between two parties) <p-l>ការវិនិច្ឆ័យ</p-l> arbitrator/arbiter <p-l>អាជ្ញាកណ្តាល។</p-l>
arbitrium	(adj) (Latin “at will") <p-l>តាមបំណងចិត្ត (ភាសាឡាតាំង)</p-l>
archaeology	<p-l>បុរាណវត្ថុវិទ្យា</p-l> archaeological (adj) <p-l>ខាងបុរាណវត្ថុវិទ្យា</p-l> archaeologist <p-l>អ្នកបុរាណវត្ថុ វិទ្យា។</p-l>
archangel	(a principal angel) <p-l>មហាទេវតា</p-l>
archbishop	(bishop of the highest rank) <p-l>អគ្គអភិបាល</p-l>
Archelaus	(son of Herod the Great, and Ethnarch of Samaria, Judea and Edom from 4 BC to 6 AD) <p-l>ស្តេចអាខេឡូស។</p-l>
archetype	(the original model or pattern) (human) <p-l>បុគ្គលដើមនៃតួយ៉ាងមួយ</p-l> (object) <p-l>វត្ថុដើមនៃ តួយ៉ាង</p-l> archetypal (adj) <p-l>តួយ៉ាង។</p-l>
archiereus	(Greek “bishop") <p-l>អភិបាល (ភាសាក្រេក)</p-l>
Archippus	<p-l>អើឃីព</p-l>
architecture	(the art and science of designing buildings and similar structures) <p-l>ស្ថាបត្យកម្ម និម្មាបនកម្ម។</p-l>
archive	(a place where records are kept) <p-l>កន្លែងទុកឯកសារសំខាន់</p-l>
Areopagus	(in classical times this site functioned as the High Court of Appeal for criminal and civil cases in Athens) <p-l>ភ្នំអេរីយ៉ូស។</p-l>
Aretus IV, King...	(referred to by Paul in 2 Co. 11 as the King who controlled Damascus, inside the territory of the Nabataean Kingdom) <p-l>ស្តេចអើរេតាស។</p-l>
Argos	(a city in southern Greece that rose to prominence in the 7th Century BC) <p-l>ក្រុង អាហួស។</p-l>
argument	(a discussion in which reasons are put forward in support of and against a proposition, proposal or case) <p-l>សំដីអះអាង។</p-l>
Arianism	(teaching attributed to Arius, asserting that the Son of God is subordinate to God the Father) <p-l>អេរាសនិយម។</p-l>
Arimathaea, City of...	<p-l>ក្រុងអើរីម៉ាថេ</p-l>
Arioch, King...	(ruler of Ellasar, Gen. 14) <p-l>ស្តេចអើយ៉ុក</p-l>
Aristarchus	<p-l>អេរីស្តាក</p-l>
Aristobulus I	(the eldest of the five sons of John Hyrcanus, was the first ruler of the Hasmonean Dynasty to call himself "king" who reigned 104-103 BC) <p-l>ស្តេចអារីស្តូប៊ូ លូសទី១។</p-l>
Aristobulus II	(High Priest and King of Judea 66-63 BC from the Hasmonean Dynasty) <p-l>ស្តេចអារីស្តូប៊ូលូសទី២។</p-l>
Aristotelianism	(a philosophical tradition that takes its defining inspiration from the works of Aristotle) <p-l>អារីស្តូតនិយម</p-l> Aristotelian (adj) <p-l>នៃអារីស្តូតនិយម។</p-l>
Aristotelian model	(the world is bounded by celestial spheres, whose magnitude is only finitely multiplicative) <p-l>ទ្រឹស្តីពីសកលរបស់អារីស្តូត។</p-l>
Aristotle	[a Greek philosopher, a student of Plato and teacher of Alexander the Great (384-322 BC)] <p-l>អារីស្តូត។</p-l>
Arius	[a presbyter of Alexandria, Egypt, whose teachings about the Godhead asserted that the Son of God is subordinate to God the Father (c. 250-336 AD)] <p-l>អេរាស</p-l> Arian (adj) (belonging to the teaching of Arius) <p-l>ដែលកាន់តាមអេរាស</p-l> Arians (individuals or groups following the teaching of Arius) <p-l>អ្នកកាន់តាមអេរាស ក្រុម កាន់តាមអេរាស។</p-l>
ark	(the type of floating vessel Noah built) <p-l>ទុកធំ</p-l>
Ark	(... of the Covenant: a chest described in Exodus as containing the stone tablets on which the Ten Commandments were inscribed) <p-l>ហឹប។</p-l>
Arkites	(a people descended from Canaan, son of Ham) <p-l>ពួកអើគី</p-l>
arm	(the upper limb) <p-l>ដៃ</p-l> (div) <p-l>ព្រះហស្ត</p-l>
Armageddon	(the site or time of a final and conclusive battle between the forces of good and evil) <p-l>អើម៉ាគេដូន។</p-l>
armband	(a band of material worn around the arm) <p-l>កងកន់ (កងពាក់នៅដើមដៃ) (គ.បៈ: កងកន់ គ.ខ.ប : ខ្សែដៃ)។</p-l>
Armenia, region of...	<p-l>ស្រុកអាមីនា</p-l>
Armenian	(an Indo-European language with its oldest surviving text being a 5th Century Bible translation) <p-l>ភាសាអាមីនា។</p-l>
Arminianism	(a form of Protestantism that teaches conditional predestination: that this is a predecision on God's part to save the ones who repent and believe) <p-l>អាមីនា និយម។</p-l>
armour	(defensive covering worn by warriors to prevent injury to the body in battle) <p-l>គ្រឿង សឹក (គ.ប : គ្រឿងសឹក គ.ខ.ប : គ្រឿងសាស្ត្រាវុធ)។</p-l>
army	(military land force of a nation or city-state) <p-l>កងទ័ព</p-l>
Arpad, City of...	<p-l>ក្រុងអើជាឌ</p-l>
Arpharxad	(son of Shem) <p-l>អើប៉ាក់សាឌ</p-l>
art	(creation of works of beauty or sigificance) <p-l>«សិល្បៈ»</p-l>
Artaxerxes I	[son of Xerxes I who became the fifth King of Persia 465-424 BC, in whose 20th year inquired after Nehemiah's sadness (Neh. 2)] <p-l>ស្ដេចអីថាស៊ើកសេសទី១។</p-l>
Artaxerxes II Mnemon	[son of Darius II who became King of Persia c. 404-358 ВС (с. 435-358 BC)] <p-l>ស្ដេចអើថាស៊ើកសេសទី២ នេម៉ុន។</p-l>
Artaxerxes III Ochus	[King of Persia, the eleventh Emperor of the Achaemenid Empire and first Pharaoh of the 31th Dynasty of Egypt who reigned 358-338 BC (425338 BC)] <p-l>ស្ដេចអីថាស៊ើកសេសទី៣ អូគូស។</p-l>
Artaxerxes IV Arses	(King of Persia 338-336 BC) <p-l>ស្តេចអើថាស៊ើកសេសទី៤ អាសេស</p-l>
Artemis, the goddess...	(also known as Diana) <p-l>ព្រះឌីអាន</p-l>
article	(grammar: a determiner that lacks independent meaning but may serve to indicate the specifity of reference of the noun phrase with which it occurs) <p-l>គុណនាមម្យ៉ាង ប្រើនៅមុខនាម (ឧ. ភាសាអង់គ្លេស)។</p-l>
article	(a written composition on a subject) <p-l>អត្ថបទ</p-l>
artifice	(skill) <p-l>ភាពជំនាញ</p-l> artificer <p-l>ជាង</p-l>
arts and crafts	<p-l>«សិល្បៈ និងសិប្បកម្ម»</p-l>
Arvad, City of...	(Ez. 27) <p-l>ក្រុងអីវ៉ាឌ</p-l>
Arvadites	(a people descended from Canaan, son of Ham) <p-l>ពួកអីវ៉ាឌីត</p-l>
Aryan	(adj) [a description applied to (Indo-Iranian) languages and their speakers] <p-l>នៃពួក អារីយាង។</p-l>
Asa, King...	<p-l>ស្ដេចអេសា</p-l>
Asaiah	<p-l>អំសាយ៉ា</p-l>
Asaph	<p-l>អេសាភ</p-l>
Ascalon	<p-l>សូមមើល</p-l> Ashkelon
ascension	(the act of going up) <p-l>ការលើកឡើង</p-l>
Ascension, the...	(the return of Jesus to Heaven) <p-l>ការលើកឡើងទៅស្ថានសួគ៌របស់ព្រះយេស៊ូវ</p-l>
Ascension Day	<p-l>សូមមើល</p-l> Ascension Thursday
Ascension Thursday	(Church calendar: commemoration of the bodily ascension of Jesus to Heaven, traditionally celebrated on a Thursday, the fortieth day from Easter Sunday) <p-l>ពិធីបុណ្យដែលរំលឹកពីការលើកឡើងទៅស្ថានសួគ៌របស់ព្រះយេស៊ូវ។</p-l>
ascetic	(a person who practices self-denial and abstains from worldly comforts) <p-l>តាបស</p-l> (informal) <p-l>អ្នកដែលលះចោលនូវតម្រូវការទ្រព្យសម្បត្តិ។</p-l>
asceticism	(the behaviour, discipline or outlook of a person practicing self denial and abstension from worldly comforts) <p-l>ការប្រព្រឹត្តរបស់តាបស។</p-l>
ascribe	(vb) (to attribute as a quality) <p-l>ថាជាគុណសម្បត្តិ</p-l>
ascription	(a statement attributing a quality) <p-l>ការសន្មតិ</p-l> (...concerning ownership) <p-l>ការសន្មតិ</p-l>
ថាពិតជារបស់នរណាម្នាក់ហើយ (...concerning cause and result)	<p-l>ការអាងហេតុផល។</p-l>
ash	(the nonvolative products and residue formed when matter is burnt) <p-l>ផេះ</p-l>
Ash Wednesday	[Church calendar: the first day of Lent that occurs 40 weekdays before Easter (see Lent), named from a practice of placing ash on the forehead as a sign of mourning and repentance towards God] <p-l>ថ្ងៃដំបូងនៃរដូវមុនថ្ងៃព្រះយេស៊ូវគ្រីស្ទ មានព្រះជន្មរស់ឡើងវិញ។</p-l>
Asher	<p-l>អេសើរ</p-l> (tribe of...) <p-l>អំបូរអេសើរ</p-l>
asherah/Asherah	<p-l>ព្រះអាសេរ៉ា [គ.បៈ អ្នកតា (គ.ខ.ប : បង្គោលសក្ការៈ ព្រះអាសេរ៉ា)]</p-l>
Ashkelon	(ancient seaport in Israel dating back to the Neolithic age) <p-l>ក្រុងអាសកាឡូន</p-l>
Ashkenaz	(son of Gomer) <p-l>អសគ្នាស</p-l>
Ashteroth - Karnaim	(a city in the land of Bashan, east of the Jordan River) <p-l>ក្រុងអាស ថារ៉ូត - កើណែម។</p-l>
Ashur	(the second son of Shem, son of Noah) <p-l>អាសស៊ីរ</p-l>
Ashurbanipal	(last strong king of the Neo-Assyrian Empire c. 668-627 BC; famed for amassing a significant collection of cuneiform documents) <p-l>ស្តេចអាស៊ីបាននី ប៉ាល់។</p-l>
Ashur-dan II	(a king of Assyra who reigned c. 935-912 BC) <p-l>ស្តេចអាស៊ីរ-ដាន់ទី២</p-l>
Ashurnasirphal II	(a king of Assyra who reigned c. 883-859 BC) <p-l>ស្តេចអាស៊ីណាសៀប៉ាល់ ទី២។</p-l>
Asia, Roman Province of...	<p-l>ខេត្តអាស៊ី</p-l>
Asia Minor	(area around modern Turkey) <p-l>តំបន់អាស៊ីមីន័រ</p-l>
Asmodeus	(a king of demons; the primary antagonist in the "Book of Tobit”) <p-l>មេអារក្សអា ស្មូ-ដៃយ៉ូស។</p-l>
ass	(a member of the horse family generally considered a low class animal, often referred to as a donkey) <p-l>សត្វលាព្រៃ។</p-l>
assault	(n) (a violent physical or verbal attack) <p-l>ការបំពាន (គ.ប: ការវាយគ្នា គ.ខ.បៈ: ការវាយ គ្នា)។</p-l>
Assemblies of God	(a group of autonomous loosely associated national groupings of churches which together form the world's largest Pentecostal denomination) <p-l>ពួកនិកាយជំនុំព្រះជាម្ចាស់។</p-l>
assembly	(a number of people gathered together) <p-l>ពួកជំនុំ [(គ.បៈ បណ្តាមនុស្ស ពួកជំនុំ បណ្តាជន) គ.ខ.ប : ក្រុមប្រឹក្សា (គ.គ.ខ : អង្គប្រជុំ ពួកអ្នក មនុស្សគ្រប់គ្នា)]។</p-l>
assent	(agreement to a statement, proposal etc.) <p-l>ការយល់ព្រម</p-l>
Asshur	(son of Shem) <p-l>អាសស៊ីរ</p-l>
Asshur	(land associated with a capital city of Assyria) <p-l>ស្រុកអាសស៊ីរ</p-l>
Asshur/Ashur	(an Assyrian god symbolised by a feather robed archer) <p-l>ព្រះអាសស៊ីរ</p-l>
assonance	(the use of the same vowel sound with different consonants or the same consonant with different vowels or stressed syllables, as in a line of verse) <p-l>ភាពដូច គ្នានៃសំឡេង-ស្រៈ ឬព្យញ្ជនៈតែមួយនៃពាក្យពីរបី។</p-l>
Assos	(Acts 20:13 - a small coastal town in Asia Minor) <p-l>ក្រុងអាសុស</p-l>
assumption	(the taking up of a person into Heaven) <p-l>ការយកលើកឡើងទៅស្ថានសួគ៌</p-l> "Assumption of Moses" (a Jewish apocryphal pseudepigraphical work from a 6th Century incomplete Latin manuscript) <p-l>ឯកសារ «ការយកលើកឡើងទៅស្ថានសួគ៌របស់ ម៉ូសេ»។</p-l>
Assur	(a capital of Ancient Assyria, situated on the west bank of the Tigris, occupied from the mid-3rd Millennium BC) <p-l>ក្រុងអាសសើរ។</p-l>
assurance	(doctrine that states that the inner witness of the Holy Spirit allows the justified disciple to know they are saved) <p-l>ការទុកចិត្តមាំមួន (គ.បៈ : ចិត្តដឹងពិតប្រាកដ គ.ខ.ស : ជំនឿមាំមួន គ.ខ.បៈ : ជំនឿមាំមួន)]។</p-l>
Assyr.	(abbreviation "Assyrian") (...language) <p-l>ភាសាអាសសើរ</p-l> (...people) <p-l>ពួកអាសសើរ</p-l>
Assyria	(a kingdom of Mesopotamia in South West Asia) <p-l>នគរអាសសើរ</p-l> Assyrians <p-l>ពួក អាសសើរ។</p-l>
astrology	(the study of heavenly bodies interpreted in terms of human characteristics and activities) <p-l>ហោរាសាស្ត្រ។</p-l>
astronomy	(the scientific study of celestial bodies and of the universe as a whole) <p-l>តារា សាស្ត្រ។</p-l>
asunder	(adv) (into parts or pieces) <p-l>ដាច់ឡែក</p-l>
ASV	(abbrevation "American Standard Version”) <p-l>ព្រះគម្ពីរភាសាអង់គ្លេស</p-l> American Standard
Version	(1901)។
Asyncritus	<p-l>អំស៊ីងគ្រីត</p-l>
Athaliah	<p-l>នាងអីថាលា</p-l>
Athanasius	[Bishop of Alexandria, renowned theologian, Church Father, the chief defender of Trinitarianism against Arianism, and a noted Egyptian Church leader (c. 296-373)] <p-l>អាថាន់ណាសៀស។</p-l>
Athanasius, Creed of...	(statement of belief focused on Trinitarian theology and Christology, used by churches since the Sixth Century) <p-l>គោលជំនឿរបស់លោកអាថាន់ ណាសៀស។</p-l>
atheism	(rejection in belief of God or gods) <p-l>បដិសេធន៍អាទិទេពនិយម</p-l> (informal) <p-l>ការអះអាងថា គ្មានព្រះ ជាពិសេសគ្មានព្រះអាទិករ</p-l> atheist <p-l>ជនបដិសេធអាទិទេព។</p-l>
Athens, City of...	<p-l>ក្រុងអាថែន</p-l> Athenian (adj) <p-l>នៃក្រុងអាថែន</p-l>
Atlas Mountains	(mountain range in N Africa) <p-l>ជួរភ្នំអាត្មាស</p-l>
atone	(vb) (to expiate for an injury or wrong) <p-l>ធួនបាប</p-l> atonement <p-l>យញ្ញបូជាឲ្យធួនបាប [(គ.បៈ ទីសន្តោសប្រោស ថ្វាយដង្វាយឲ្យធូន) (គ.ខ.ស : យញ្ញបូជាសំរាប់លោះ រំដោះ) (គ.ខ.ប : យញ្ញ បូជាសំរាប់លោះ រំដោះ) (គ.គ.ខ : យញ្ញបូជាប្រោសលោះ)]។</p-l>
Atonement, Day of...	(festival of collective guilt in Israel) <p-l>ថ្ងៃបុណ្យឲ្យធួនបាប (គ.បៈ : ថ្ងៃជូន នឹងបាប គ.ខ.បៈ : ថ្ងៃបុណ្យរំដោះបាប)។</p-l>
Atrahasis epic	(an Akkadian epic found on stone tablets from Sumer dated 18th Century BC) <p-l>វីរកថាពីស្តេចអាត្រាហាស៊ីស។</p-l>
attest	(vb) (to affirm the correctness or truth of) <p-l>បញ្ជាក់ឲ្យច្បាស់ ប្រកាសថាពិត</p-l> attestation <p-l>ការ បញ្ជាក់ឲ្យច្បាស់</p-l>
Attic	(a dialect of Greek spoken on the Attic Peninsula) <p-l>ភាសាអាតិក</p-l>
Attica	(a historical region of Greece, centered on the Attic Peninsula which projects into the Aegean Sea, and include the City of Athens) <p-l>តំបន់អាតិចកា</p-l> Attic (adj) <p-l>នៃ តំបន់អាតិចកា។</p-l>
attribute	(a property, quality or feature belonging to or representative of a person or thing) <p-l>លក្ខណសម្បត្តិ។</p-l>
audience	(an opportunity to put one's point of view through a formal interview with a monarch) <p-l>ការក្រាបថ្វាយបង្គំគាល់។</p-l>
audience criticism	(an attempt to establish the original situation a text envisages by looking at the particular audience addressed by the writer) <p-l>ការវិភាគលើអ្នកស្តាប់ដើម</p-l> (informal) <p-l>ការវិភាគដោយគិតពីបំណងនៃអ្នកនិពន្ធចំពោះអ្នកអានឬស្តាប់ដើម។</p-l>
Augustine of Hippo	(bishop and theologian of the Early Church (354-430 AD)] <p-l>អូហ្គាស្ទីន ពី - ក្រុងហ៊ីពប៉ូ</p-l> (short) <p-l>អូហ្គាស្ទីន។</p-l>
Augustus	(a Roman title meaning "worthy of reverence") <p-l>អូគូស្ន</p-l>
Augustus, Caesar	(the first emperor of the Empire of Roman) <p-l>អធិរាជសេសារអូគូស្វ</p-l>
authentic	(adj) (NT studies: of undisputed origin or authorship) <p-l>យថាភូត (ដែលពិតប្រាកដ)</p-l>
authenticity	<p-l>យថាភាព (ភាពជាពិតប្រាកដ)</p-l> authentification <p-l>ការបញ្ជាក់ យថាភាព។</p-l>
Author of Life	[a title given to Jesus by the Apostle Peter (Acts 3:15)] <p-l>«ព្រះអម្ចាស់ជីវិត»</p-l> "Author of Salvation" [a title given to Jesus by the Author of Hebrews (5:9)] <p-l>«មេបង្កើតនៃ សេចក្តីសង្គ្រោះ» (គ.បៈ : មេបង្កើតនៃសេចក្តីសង្គ្រោះ គ.ខ.បៈ : ប្រភពនៃការសង្គ្រោះ)។</p-l>
authority	(the power or right to control, judge or prohibit the actions of others) <p-l>សិទ្ធិអំណាច (គ.ប : អំណាច គ.ខ.បៈ : អំណាច អាជ្ញាធរ ត្រួតត្រា)</p-l> authoritative (adj) <p-l>ដែលមានសិទ្ធិ អំណាច។</p-l>
authority/authorities	(a person/group having the power or right to control, judge or prohibit the actions of others) <p-l>អាជ្ញាធរ [(គ.ប : ពួកនាម៉ឺន មេនគរបាល រាជការ ពួកមាន អំណាច) (គ.ខ.បៈ : អ្នកកាន់អំណាច អ្នកដឹកនាំ ចៅក្រម អាជ្ញាធរ អំណាចនានា)]។</p-l>
authority	(an expert in a particular field) <p-l>អ្នកជំនាញ</p-l>
authorship	(the origin or originator of a written work) <p-l>ភាពជាអ្នកនិពន្ធ</p-l>
auto baileia	[Greek "the kingdom in person" (Origen)] <p-l>នគរព្រះក្នុងអង្គបុគ្គល (ភាសាក្រេក)</p-l>
autograph	(a document handwritten by its author) <p-l>ឯកសារដើម</p-l>
AV	(abbreviation "Authorized Version”) <p-l>ព្រះគម្ពីរភាសាអង់គ្លេស</p-l> Authorized Version (King James 1611)។
avail	(vb) (to be of use, advantage) <p-l>បានប្រយោជន៍</p-l> avail oneself (vb) <p-l>បានប្រយោជន៍ដល់ខ្លួន</p-l>
avenge	(vb) (to inflict punishment in retaliation) <p-l>សងសឹក</p-l> avenger <p-l>អ្នកសងសឹក</p-l>
avenger of blood	(the nearest blood relative of a murdered person) <p-l>អ្នកសងសឹកដោយឈាម</p-l>
aver	(vb) (to state positively) <p-l>អះអាងថា</p-l>
avert	(vb) (to turn away or aside) <p-l>ងាកចេញ</p-l>
avowal	(statement or affirmation) <p-l>ការប្រកាសបញ្ជាក់</p-l>
awe	(overwhelming wonder, admiration, respect or dread) <p-l>សេចក្តីស្វែងខ្លាច [(គ.ប : សេចក្តី ភ័យខ្លាច សេចក្តីអស្ចារ្យ សេចក្តីស្ញែងខ្លាច ចិត្តកោតខ្លាច កោតខ្លាច) (គ.ខ.ប : ស្ញែងខ្លាចជាខ្លាំង កោតស្ញប់ស្ញែង ភ័យខ្លាចជាខ្លាំង ស្ញែងខ្លាច គោរពកោតខ្លាច)]។</p-l>
awesome	(adj) (inspiring or displaying overwhelming wonder, admiration, respect or dread) <p-l>គួរឲ្យស្ញែងខ្លាច [(គ.បៈ : សេចក្តីភ័យខ្លាច សេចក្តីអស្ចារ្យ សេចក្តីស្ញែងខ្លាច ចិត្តកោតខ្លាច កោតខ្លាច) (គ.ខ.ប : ស្ញែងខ្លាចជាខ្លាំង កោតស្ញប់ស្ញែង ភ័យខ្លាចជាខ្លាំង ស្ញែងខ្លាច គោរពកោត ខ្លាច)]</p-l> awesomeness (n) <p-l>ភាពគួរឲ្យស្ញែងខ្លាច។</p-l>
Azariah, the prophet...	<p-l>ហោរាអំសារា</p-l> (... the king) <p-l>ស្តេចអំសារា</p-l>
Azazel	(an enigmatic name used 3 times in the Hebrew Scriptures for the outcast in the desert) <p-l>អាសាអែល (គ.បៈ បំបរបង់ គ.ខ.បៈ : អាសាអែល)។</p-l>
Aziru	[Canaanite ruler of Amurru (modern Lebanon) during 14th Century BC, son of Abdi - Ashirta] <p-l>អាហ្ស៊ីរូ។</p-l>
ight ©	2016
b.	(abbreviation "born in”) <p-l>កើតនៅឆ្នាំ</p-l>...
b.	(abbreviation "born of”) <p-l>កូនរបស់</p-l>
Baal	(title used for various gods) <p-l>ព្រះបាល</p-l>
Baasha, King...	<p-l>ស្ដេចប្លាសា</p-l>
Bab.	(adj) (abbreviation "Babylonian”) <p-l>នៃពួកបាប៊ីឡូន</p-l> (abbreviation "Babylonian language") <p-l>ភាសាពួកបាប៊ីឡូន។</p-l>
Baba Mezia	(Talmudic Aramaic "The Middle Gate" - the second of three Talmudic tracts in the order of Nezikin - discusses civil matters such as property, law and usury) <p-l>ឯកសារ «បាបាមេសយ៉ា»។</p-l>
Babel, City of...	<p-l>ក្រុងបាបិល</p-l>
Babylon, City of...	<p-l>ក្រុងបាប៊ីឡូន</p-l> (Empire of...) <p-l>ចក្រភពបាប៊ីឡូន</p-l>
Babylonia	(an ancient cultural region in central-southern Mesopotamia with Babylon its capital) <p-l>តំបន់បាប៊ីឡូន។</p-l>
Babyloniaka	(a history of Babylon written by Berossus in around 290-278 BC using ancient records) <p-l>«ប្រវត្តសាស្ត្របាប៊ីឡូន»។</p-l>
Babylonian Chronicles	(many series of stone tablets recording major events in Babylonian history from the reign of Nabonassar up to the Parthian period) <p-l>ផ្ទាំងថ្មកាល ប្រវត្តិ-បាប៊ីឡូន។</p-l>
Babylonian Talmud	<p-l>សូមមើល</p-l> Talmud Tavi
background	(the social, historical, or technical circumstances that lead up to or help to explain something) <p-l>ស្ថានភាពដើម ប្រវត្តិ។</p-l>
backslide	(vb) (to lapse from faith) <p-l>ឈប់ជឿ បោះបង់ជំនឿ</p-l>
baked offering	<p-l>ដង្វាយនំដែលចំអិនក្នុងពុម្ព</p-l>
Balaam	<p-l>បាឡាម</p-l>
Balak	<p-l>បាឡាក</p-l>
balance	(n) (a weighing device consisting of a horizontal beam pivoted at its centre, from the ends of which two pans are suspended) <p-l>ជញ្ជឹង។</p-l>
ban	(an official proclamation of prohibition) <p-l>បម្រាម (ការហាមឃាត់)</p-l>
banish	(vb) (to expel from a place by official decee) <p-l>បណ្តេញ</p-l>
banner	(the flag of a nation, army etc. used as a standard or ensign) <p-l>ទង់</p-l>
banquet	(a lavish and sumptuous meal) <p-l>ពិធីជប់លៀង</p-l>
baptise	(vb) (to immerse, typically in water, in order to cleanse) <p-l>ធ្វើជ្រមុជទឹក</p-l> baptism <p-l>ជ្រ</p-l>
មុជទឹក (ceremony of...)	<p-l>ពិធីជ្រមុជទឹក</p-l> baptisand (person who receives baptism) <p-l>អ្នកទទួលជ្រមុជទឹក។</p-l>
Baptist, the...	(title of John the Baptist) <p-l>បាទីស្ទ</p-l>
Baptist, the...	(reference to John the Baptist) <p-l>យ៉ូហាន-បាទីស្ទ</p-l>
Baptist Church	<p-l>និកាយបាទីស្ទ</p-l>
Bar Kokhba	[Jewish leader of a revolt against the Roman Empire in 132 AD, establishing a Jewish state which he ruled for three years (c. 135 AD)] <p-l>បារ កូក្សារ។</p-l>
Barada River	(the main river of Damascus) <p-l>ទន្លេបារ៉ាដេ</p-l>
Barak	<p-l>បារ៉ាក</p-l>
barley	<p-l>ស្រូវឱក [(គ.បៈ : ស្រូវឱក (គ.ខ.បៈ : ស្រូវ ស្រូវស្រាល ស្រូវពោត)]</p-l>
Barnabas	<p-l>បាណាបាស</p-l>
barren	(adj) (physically unable to have a child) <p-l>អារ (ដែលមិនអាចបង្កើតកូន)</p-l>
Barrett, C. K.	[British NT theologian and Professor of Divinity at University of Durham (1917-2011)] <p-l>បណ្ឌិតបារែត។</p-l>
Barth, Karl	[Swiss Reformed theologian who emphasized the sovereignty of God and wrote much of the Barmen Declaration rejecting the influence of Nazism on German Christianity (1886-1968)] <p-l>បណ្ឌិតខាលបាត</p-l> (short) <p-l>បាត។</p-l>
Bartholomew	<p-l>បារថូប៉ូមេ</p-l>
Baruch	(Jer. 45) <p-l>បារួច</p-l>
Baruch, Book of...	(from the Apocrypha) <p-l>កណ្ឌបារួច</p-l>
Baruch, 2nd Book of...	(a Jewish pseudepigraphical text probably written soon after the destruction of the Temple in AD 70, commonly attributed to Baruch, Jeremiah's scribe) <p-l>ឯកសារ «បារួចទី២»។</p-l>
Baruch, 3rd Book of...	(a Jewish pseudopigraphical text probably written after the fall of Jerusalem in 130 AD, commonly attributed to Baruch) <p-l>ឯកសារ «បារួចទី៣»។</p-l>
base	(adj) (devoid of honour or morality) <p-l>អាក្រក់</p-l>
Basil the Great	[Greek bishop of Caesarea Mazaca in Cappodocia, Asia Minor, was an influential theologian and philosopher who supported the Nicene Creed and opposed Arianism (c. 339-379)] <p-l>បាស៊ីលដ៏ឆ្នើម។</p-l>
basin	(a round container open and wide at the top in which liquids are mixed or stored) <p-l>ក្លា (គ.បៈ ក្លា គ.ខ.បៈ អាង)។</p-l>
basis	(something that underlies, supports, or is essential to something else) <p-l>មូលដ្ឋាន</p-l>
basis	(a principle on which something depends or from which something has issued) <p-l>មូល ហេតុ។</p-l>
basket	(container made of interwoven strips) <p-l>កំប្រោង</p-l>
Bathsheba	<p-l>នាងបាតសេបា</p-l>
Bathshua	(alternate spelling of Bathsheba found in most Hebrew manuscripts) <p-l>បាតសេបា</p-l>
batman	(an officer's personal assistant in the armed forces) <p-l>អ្នកបំរើសំរាប់មេទ័ព</p-l>
battery	(action of hitting someone repeatedly with a club) <p-l>ការវាយនឹងដំបង</p-l>
Baur, Ferdinand Christian	[a German theologian and leader of the Tübigen school of theology, arguing that 2<sup>nd</sup> Century Christianity represented the synthesis of Jewish (Petrine) Christianity and Gentile (Pauline) Christianity (1792-1860)] <p-l>បណ្ឌិតបោរ។</p-l>
BC	(abbreviation "Before Christ") <p-l>មុនគ.ស (មុនគ្រីស្ទសករាជ)</p-l>
bear	(vb) (to support or sustain) <p-l>ទ្រាំ</p-l> borne (vb) <p-l>បានបន្តទ្រាំ</p-l>
beast, the...	(in Revelation there are two beasts mentioned who align with the dragon in opposition to God) <p-l>សត្វសាហាវ (គ.ប : សត្វសាហាវ គ.ខ.បៈ : សត្វតិរច្ឆាន)។</p-l>
Beatitudes, the...	(the teachings by Jesus expressed as eight blessings in the Sermon on the Mount in Matthew, and four similar blessings in the Sermon on the Plain in Luke) <p-l>ព្រះពរដែលព្រះយេស៊ូវបានបង្រៀន។</p-l>
Bede, the Venerable...	[an English monk, author and scholar in the Kingdom of Northumbia who wrote the *Ecclesiastical History of the English People* (c. 672-735)] <p-l>លោកសង្ឃប៊ីដ។</p-l>
Bedouin	(the nomadic tribes of Arabs inhabiting the deserts of Arabia, Jordan, Syria and parts of the Sahara) <p-l>ពួកអារ៉ាប់</p-l> bedouin (adj) <p-l>នៃពួកអារ៉ាប់។</p-l>
Beer-lahai-rot, well of...	(Gen. 16:14) <p-l>ក្បាលទឹកឡាហាយ - រយ</p-l>
Beersheba, City of...	<p-l>ក្រុងបៀរ-សេបា</p-l>
beget	(vb) (Old English "to cause or create”) <p-l>បង្កើត</p-l> (div) <p-l>ប្រសូត</p-l> begotten (past participle of "beget”) <p-l>ដែលបានបង្កើត។</p-l>
Behemoth	(a beast mentioned in Job 40:15-24) <p-l>សត្វដំរីទឹក</p-l>
behold	(imp) (to draw attention to something) <p-l>មើល</p-l>
being	(the state or fact of existing) <p-l>អត្ថភាព</p-l>
being	(essential nature of a person) <p-l>ជីវិត</p-l>
being	(something that exists) <p-l>សត្វ</p-l>
Beirut	(capital city of modern Lebanon) <p-l>ក្រុងបែរុត</p-l>
Bel and the Dragon, Book of the Idol...	(from the Apocrypha) <p-l>កណ្ឌរូបព្រះបិល និងនាគរាជ</p-l>
Bela, City of...	(Gen. 14:2) <p-l>ក្រុងបេឡា</p-l>
believe	(vb) (to accept as true) <p-l>ជឿ ទទួលជឿ</p-l> believer (n) <p-l>អ្នកជឿ</p-l> belief (n) <p-l>ជំនឿ</p-l>
believers' baptism	(the baptism of only those who "believe”) <p-l>ពីធីជ្រមុជទឹកឲ្យអ្នកជឿ</p-l>
Beloved/beloved	(a description/reference applied to Jesus) <p-l>ស្ងួនភ្លា (គ.ប : ស្ងួនភ្លា គ.ខ.ប : ទី ស្រឡាញ់)។</p-l>
Belshazzar, King...	<p-l>ស្តេចបេលសាសារ</p-l>
Ben-Ammi	(Gen. 19:38) <p-l>បេន-អាមី</p-l>
Benedicite	(a canticle used in worship using "The Song of The Three Children" verses 35-66) <p-l>បទចម្រៀងបេណេឌីកអែត។</p-l>
Benedict of Nursia	[founded twelve communities for monks at Subiaco, Italy, and developed the "Rule of St Benedict" containing precepts for monks, which became one of the most influential religious rules in western monasticism (c. 480-547)] <p-l>លណេទឹក។</p-l>
benediction	(a calling for divine blessing) <p-l>ការប្រសិទ្ធពរ</p-l>
Benedictus,	(the prophecy of Zechariah in Luke 1:68-79 named from the first word in the Latin version) <p-l>«ទំនាយសាការី»។</p-l>
beneficent	(adj) (charitable, generous) <p-l>ដែលធ្វើអំពើល្អ</p-l> beneficence (n) <p-l>ទង្វើអំពើល្អ</p-l> (div) <p-l>ព្រះ រាជកិច្ចល្អប្រពៃ។</p-l>
benevolence	(inclination to do good to others) <p-l>សុជនភាព (ភាពជាជនដែលប្រព្រឹត្តល្អ)</p-l>
Ben-hadad, King...	(Syrian King of Aram, 885-865 BC) <p-l>ស្តេចបេន ហាដាឌ</p-l>
Ben Hasan	(an Ancient Egyptian cemetery site primarily used during the Middle Kingdom) <p-l>ឈាបនដ្ឋានប៊ែន ហាសាន។</p-l>
Benjamin	<p-l>បេនយ៉ាមីន</p-l> (tribe of...) <p-l>អំបូរបេនយ៉ាមីន</p-l>
Benoni/Ben-oni	<p-l>បេន-អូនី</p-l>
Ben Sirach, Joshua	(a Jew living in Jerusalem in 2nd Century BC, was the author of the deuterocanonical Wisdom of Sirach) <p-l>យ៉ូស្វេ ប៊ែន-ស៊ីរ៉ា។</p-l>
Ben Sirach, The Wisdom...	(a Hebrew work which forms a link between the OT and the Rabbinic writing, also known as Ecclesiasticus) <p-l>ឯកសារ «ប្រាជ្ញានៃប៊ែន-ស៊ីរ៉ា»។</p-l>
Bera, King...	(Gen. 14:2) <p-l>ស្ដេចបេរ៉ា</p-l>
Berea, town of...	<p-l>ក្រុងបេរា</p-l>
Bered	(place name - Gen. 16:14) <p-l>បារែឌ</p-l>
Beriah	<p-l>បេរា</p-l>
Bernice, Queen...	<p-l>ព្រះនាងបេរេនីស</p-l>
Berossus	(a Hellenistic-era Babylonian writer, priest of Bel Marduk and astronomer who wrote a history later used by Eusebius of Alexandria for his *Chronological Canons*) <p-l>បេរ៉ូស៊ីស។</p-l>
bestiality	(sexual activity between a person and an animal) <p-l>ការរួមភេទជាមួយសត្វ</p-l>
bestow	(vb) (to present a gift or confer an honour) <p-l>អោយ</p-l> (div) <p-l>ប្រទានអំណោយទាន</p-l> bestowal <p-l>ការឲ្យទុក។</p-l>
Bethany, village of...	<p-l>ភូមិបេថានី</p-l>
Beth-aven	(the "house of idols", a place in the mountains of Benjamin, east of Bethel) <p-l>ក្រុងបេតអាវេន។</p-l>
Bethel, City of...	<p-l>ក្រុងបេត-អែល</p-l>
Bethlehem, town of...	<p-l>ភូមិបេផ្លេហិម</p-l>
Bethphage, village of...	<p-l>ភូមិបេតផាសេ</p-l>
Bethsaida, City of...	<p-l>ក្រុងបេតសៃដា</p-l>
Beth-shemesh, City of...	<p-l>ក្រុងបេត-សេមែស</p-l>
Beth-shan/Beth-shean, City of...	(located in the northern district of modern Israel, at the junction of the Jordan River Valley and the Jezreel Valley) <p-l>ក្រុងបេតសាន។</p-l>
Bethuel	(Gen. 22:23) <p-l>បេធូអែល</p-l>
Bethulia	(a city whose deliverance by Judith, when besieged by Holofernes, forms the subject of the Book of Judith) <p-l>ក្រុងបេធូលា។</p-l>
betoken	(vb) (to indicate, to signify) <p-l>ជាគ្រឿងសម្គាល់ពន្លឺ បង្ហាញឲ្យឃើញ</p-l>
betray	(vb) (to hand over or expose treacherously to an enemy) <p-l>ក្បត់ (គ.ប : បញ្ជូន គ.ខ.ប : ក្បត់)។</p-l>
betrothal	(a mutual promise to marry) <p-l>ការភ្ជាប់ពាក្យ</p-l>
Beza, Theodore	[a French Protestant theologian who played an important role in the Reformation (1519- 1605)] <p-l>បណ្ឌិត បេហ្សេ។</p-l>
Bezalel	<p-l>បេតសាលាល</p-l>
Bible	(sixty-six books of the canon considered as the inerrant Word of God) <p-l>ព្រះគម្ពីរ</p-l>
Bible, Holy	(<p-l>សូមមើល</p-l> Bible) <p-l>ព្រះគម្ពីរបរិសុទ្ធ</p-l>
Bible commentary	(an explanatory series of notes on the Bible, generally forming a book) <p-l>សៀវភៅអត្ថាធិប្បាយព្រះគម្ពីរ។</p-l>
Bible Society	(an organization devoted to translating, publishing and distributing the Bible, while advocating its credibility and trustworthiness) <p-l>សមាគមព្រះគម្ពីរ។</p-l>
biblical criticism	(the scholarly study and investigation of biblical writings) <p-l>ការវិភាគអំពីព្រះ គម្ពីរ។</p-l>
biblical Greek	(also known as Koine Greek, was the common form of Greek spoken and written during hellenistic and Roman antiquity, developed following the conquests of Alexander the Great) <p-l>ភាសាក្រេកពីសម័យព្រះគម្ពីរសញ្ញាថ្មី។</p-l>
biblical inspiration	(the doctrine concerning the origin of the Bible) <p-l>លទ្ធិនៃការបណ្តាលឲ្យតែង ព្រះគម្ពីរ។</p-l>
biblical scholar	(scholar who undertake the study and investigation of biblical writings) <p-l>សាស្ត្រាចារ្យព្រះគម្ពីរ។</p-l>
biblical setting	(the background or particular original location of a particular passage or text) <p-l>ស្ថានភាពដើមនៃព្រះគម្ពីរ។</p-l>
biblical theology	(study of the Bible from the perspective of a progressive history of God revealing himself to humanity, with a final fulfillment in the life, death, resurrection, ascension and second coming of Jesus Christ) <p-l>ទេវសាស្ត្រនៃព្រះគម្ពីរ។</p-l>
biblical tradition	(teaching focused on the Bible) <p-l>សេចក្តីបង្រៀនដែលសំដៅទៅលើព្រះគម្ពីរ</p-l>
biblical world	(the original situation of biblical events) <p-l>ស្ថានភាពដើមសម័យព្រះគម្ពីរ</p-l>
bibliography	<p-l>ឯកសារ និងសៀវភៅស្រាវជ្រាវ</p-l>
Bichri	<p-l>ប៊ីគ្រី</p-l>
Big Bang theory	(the prevailing cosmological model for the development of the universe whereby the characteristics of the universe can be calculated back in time to extreme temperatures and densities) <p-l>ទ្រឹស្តីប៉ះទង្គិច។</p-l>
Bildad the Shuhite	(one of Job's three friends) <p-l>ប៉ីលដាឧសាសន៍ស៊ូអា</p-l>
Bilhah	<p-l>នាងប៊ីលហា</p-l>
bind	(vb) (to make or become secure) <p-l>ចង (គ.បៈ ចងទុក គ.ខ.ប : ចង)</p-l>
binitarian	(adj) (describing the idea that God exists in two distinct persons) <p-l>នៃទ្វេទេព និយម</p-l>
biology	<p-l>ជីវសាស្ត្រ</p-l> biological (adj) <p-l>នៃជីវសាស្ត្រ</p-l>
Bir Eyyub, spring of...	<p-l>ក្បាលទឹកបៀរអើយប់</p-l>
Biridiya	(ruler of Megiddo in 14th Century BC who authored five of the Amarna Letters) <p-l>ប៊័រឌីយា។</p-l>
Birsha	(king of Gomorrah - Gen. 14:2) <p-l>ស្ដេចប៉ីរសា</p-l>
birth	(the act of bringing into the world) (div) <p-l>ប្រសូត ព្រះរាជកំណើត</p-l>
bishop	(a person who has spiritual and administrative responsibility over a diocese) <p-l>អភិបាល (គ.បៈ : អ្នកត្រួតត្រា គ.ខ.ប : អភិបាល)។</p-l>
Bishop's Bible, the...	(an English translation of the Bible produced under the authority of the Church of England in 1568) <p-l>ព្រះគម្ពីររបស់ពួកអភិបាល។</p-l>
bitter herbs	(vegetables eaten at the Passover) <p-l>រុក្ខជាតិល្វីង</p-l>
bitumen	(a viscuous mixture of naturally accurring hydrocarbons) <p-l>ជ័រ (គ.ប: ជ័រ គ.ខ.ប : ប្រេង)</p-l>
BJ	(Latin abbreviation: *Bellum Judaicum* "the Jewish War”) <p-l>«សង្គ្រាមសាសន៍យូដា»</p-l>
black magic	(the use of supernatural powers for evil and selfish purposes) <p-l>មន្តអាគម អាក្រក់</p-l>
blame	(vb) (to express condemnation) <p-l>បន្ទោស</p-l> (n) <p-l>ការស្តីបន្ទោស</p-l>
blameless	(adj) (free from blame, innocent) <p-l>ឥតកន្លែងបន្ទោស [(គ.ប : គ្រប់លក្ខណ៍ ឥតកន្លែង បន្ទោស ឥតធ្វើឲ្យអ្នកណាអាក់អន់ចិត្ត) (គ.ខ.ប ឥតមានទោសពៃរ៍ ឥតសៅហ្មង ឥតមានកំហុស ឥតកំហុស)]។</p-l>
blasphemy	(showing contempt or disrespect towards God) <p-l>សំដីប្រមាថព្រះជាម្ចាស់</p-l> blasphemer <p-l>អ្នកដែលសំដីប្រមាថព្រះជាម្ចាស់។</p-l>
blemish	(a defect, flaw, stain) <p-l>ភាពមានខ្ចោះ [(គ.បៈ : វិកលវិការ មានស្លាកស្នាម សៅហ្មង) (គ.ខ.បៈ ភាពពិការ ខ្ចោះ)]។</p-l>
bless	(vb) (to render beneficial or prosperous) <p-l>ប្រទានពរ</p-l> blessing <p-l>ព្រះពរ</p-l> blessed (adj) <p-l>ដែល មានពរ។</p-l>
blind	(adj) (without sight) <p-l>ខ្វាក់</p-l>
Blomberg, Craig L.	[an American conservative evangelical NT scholar and Professor of NT at Denver Seminary in Colorado (1957-)] <p-l>បណ្ឌិត ក្រេក ប៊ូមបើក</p-l> (short) <p-l>ប៊ូម បើក។</p-l>
blood	<p-l>ឈាម</p-l> (div) <p-l>ព្រះលោហិត</p-l>
blood-offering	(<p-l>មើល</p-l> blood-offering) (an offering where life has been taken through the spilling of blood) <p-l>ដង្វាយដោយឈាម។</p-l>
blood-sacrifice	<p-l>សូមមើល</p-l> blood-offering
BM	(abbreviation: British Museum) <p-l>សារមន្ទីរជាតិនៃស្រុកអង់គ្លេស</p-l>
Boaz	<p-l>ឬអូស</p-l>
Boanerges	<p-l>បានអើកេ</p-l>
body	(mind vs. body) <p-l>រូបកាយ</p-l>
body	(a corpse) <p-l>សព</p-l> (div) <p-l>ព្រះរាជសព</p-l>
Body of Christ	(literal meaning) <p-l>រូបកាយរបស់ព្រះគ្រីស្ទ</p-l>
boil	(red painful swelling with pus-filled core) <p-l>បូស</p-l>
bondage	(slavery, servitude) <p-l>ទាសភាព (គ.ប : ចំណង គ.ខ.ស : វិនាសអន្តរាយ គ.ខ.ប : វិនាស អន្តរាយ គ.គ.ខ: ភាពជាបាវបំរើ)។</p-l>
bondservice	(work of a slave) <p-l>ការបំរើដូចជាទាសករ</p-l>
Boniface	(known as the apostle of the Germans, was a missionary in the Frankish Empire during the 8th Century, and became the first Archbishop of Mainz) <p-l>បូនីហ្វេស។</p-l>
Book of Common Prayer	(originally published in 1549, was the first prayer book to include the complete forms of service for daily worship in English) <p-l>«សៀវភៅ អធិស្ឋានរួមគ្នា»។</p-l>
book of life	(Rev. 20) <p-l>«បញ្ជីជីវិត»</p-l>
born	(adj) (royal) <p-l>ដែលប្រសូតមក</p-l>
borne	(vb) <p-l>សូមមើល</p-l> bear
bosom	(the chest of a man) <p-l>ដើមទ្រូង</p-l> (div) <p-l>ព្រះឱរា/ឧរា</p-l>
bow	(weapon for shooting arrows) <p-l>ធ្នូ</p-l>
bow	(vb) (to lower one's head one's knee as a sign of respect) <p-l>គ.ប : ក្រាបផ្កាប់មុខ គ.ខ.ប : ក្រាប ចុះ អោនមុខ)។</p-l>
bowels	(innards, entrails) <p-l>ពោះវៀន</p-l>
Branch, the...	(represents the object of prophetic Messianic hope) <p-l>អង្គលំពង់</p-l>
breach	(violation of duty by a person in a position of trust or faith) <p-l>ការបំពាន</p-l>
bread of affliction	(a description of the unleavened bread used in the Passover) <p-l>នំប៉័ងនៃ សេចក្តីវេទនា។</p-l>
bread of life	(a description Jesus gives to himself) <p-l>នំប៉័ងជីវិត</p-l>
bread of the Presence	(Ex. 25:30) <p-l>«នំប៉័ងតាំងទុក» (គ.ប : នំប៉័ងតាំងទុក គ.ខ.ប : នំប៉័ង... ជាតង្វាយ អចិន្ត្រៃយ៍)។</p-l>
breaking of bread, the...	(reference to the dividing of bread that represents the body of Jesus at the celebration of the Lord's Supper) <p-l>«ការកាច់នំប៉័ង»</p-l> (indirect reference to the Lord's Supper) <p-l>ពិធីលៀងព្រះអម្ចាស់។</p-l>
breastpiece of the High Priest”	<p-l>«ប្រដាប់បាំងដើមទ្រូងរបស់សម្តេចសង្ឃ»</p-l>
breastplate	(piece of armour covering the chest) <p-l>ប្រដាប់បាំងដើមទ្រូង</p-l>
breath	(air inhaled or exhaled during respiration) <p-l>ខ្យល់ដង្ហើម (គ.ប : អសាសៈ គ.ខ.បៈ : ព្យុះ សង្ឃរា)។</p-l>
breath of life	(life force) <p-l>ដង្ហើមជីវិត (គ.បៈ ដង្ហើមជីវិត គ.ខ.បៈ : ជីវិត)</p-l>
brethren	(fellow members of a church) <p-l>សមាជិកក្រុមជំនុំខ្លួន</p-l> (informal) <p-l>បងប្អូនខ្លួន</p-l>
brick	(a rectangular block of clay mixed with sand and baked in the sun or a kiln) <p-l>ឥដ្ឋ</p-l> (a roofing tile) <p-l>ក្បឿង។</p-l>
bride	(a woman who is about to be, or has just been married) <p-l>កូនក្រមុំ (គ.ប : ប្រពន្ធថ្មី ប្រពន្ធថ្មោងថ្មី) (គ.ខ.បៈ កូនក្រមុំ ភរិយាថ្មោងថ្មី)]។</p-l>
Bride of Christ	(a figurative reference to the Church) <p-l>កូនក្រមុំរបស់ព្រះគ្រីស្ទ</p-l>
bride price/bridal price	(money or property given by the groom to the family of the bride) <p-l>បណ្តាការ</p-l> (informal) <p-l>តម្លៃកូនក្រមុំ។</p-l>
bridegroom	(a man who is about to be, or just has been married) <p-l>កូនកម្លោះ [គ.ប : ប្តីថ្មោងថ្មី (គ.ខ.បៈ : កូនកម្លោះ ស្វាមីថ្មោងថ្មី)]។</p-l>
bridesmaid	(an unmarried girl or woman who attends to a bride at a wedding) <p-l>អ្នកកំដរស្រី</p-l>
bridle	(headgear for a horse) <p-l>បង្ហោះរ</p-l>
brimstone	(alternative name for sulfur) <p-l>ស្ពាន់ធ័រ</p-l>
broad context	(view of a selected passage from a wider perspective or understanding) <p-l>បរិបទឆ្ងាយ។</p-l>
bronze	(an alloy of copper and tin) <p-l>លង្ហិន សំរឹទ្ធ</p-l>
Bronze Age	(period 3300-1200 BC characterized by the use of bronze as the chief hard material of some implements and weapons) <p-l>យុគសំរឹទ្ធ។</p-l>
brother	(a fellow member of a Christian community) <p-l>បងប្អូនក្នុងព្រះគ្រីស្ទ</p-l>
Bruce, F. F.	[Scottish biblical scholar and one of the founders of the modern evangelical understanding of the Bible (1910-1990)] <p-l>បណ្ឌិតប្រុស។</p-l>
Brunner, Heinrich Emil	[a Swiss Reformed theologian commonly associated with neoorthodoxy (1889-1966)] <p-l>បណ្ឌិត អេមើល ប្រ៊ូណើរ</p-l> (short) <p-l>ប្រ៊ូណើរ។</p-l>
bull	(any male bovine animal that is mature) <p-l>គោឈ្មោល</p-l>
bullock	<p-l>គោស្ទាវ (គ.បៈ គោស្ទាវ គ.ខ.បៈ គោឈ្មោល)</p-l>
Bultmann, Rudolf	[a German theologian of Lutheran background who was Professor of NT Studies at the University of Marburg (1884-1976)] <p-l>បណ្ឌិត រូដូហ្វ ប៊ុលផ្ទាន់</p-l> (short) <p-l>ប៊ុលផ្ទាន់។</p-l>
burden	(something difficult or oppressive to bear) <p-l>បន្ទុក</p-l> "burial and mourning” <p-l>«ការបញ្ចុះសព និងទំនួញសោក»</p-l> Burnaburiash (the first Kassite king to rule over Babylonia, commencing c. 1500 BC) <p-l>ស្តេចបើណាប៊ូជៀសទី១</p-l>
burnt-offering	(an offering consumed by fire and regarded as ascending to God while being consumed) <p-l>ដង្វាយដុត។</p-l>
Byblos	(Greek name of the Phoenician city Gebal, founded around 5000 BC, and commonly believed to be the oldest continuously inhabited city in the world) <p-l>ក្រុង បីបួស។</p-l>
Byblos syllabary	(an undeciphered writing system known from ten inscriptions found in Byblos) <p-l>តារាងតួអក្សរពីក្រុងប៊ីប្លូស។</p-l>
Byzantine	(an empire in southeastern Europe and Asia Minor, formed from the eastern part of the Roman Empire, falling to the Ottoman Turks in 1453 AD) <p-l>ចក្រភព ប៊ីហ្សាន់ ទីន។</p-l>
c.	[abbreviation: *circa* (Latin) “about, approximately”] <p-l>ប្រហែល</p-l>
c.	(abbreviation “concubine”) <p-l>ច. (ប្រពន្ធចុង)</p-l>
Cadmus	(Greek mythology: a Phoenician prince who founded the City of Thebes and introduced the original alphabet to the Greeks who adapted it to form their Greek alphabet) <p-l>ខាត់មុស។</p-l>
Caesar	(title adopted by the Roman emperors) <p-l>អធិរាជសេសារ</p-l>
Caesarea, City of...	(built by Herod the Great to serve as the administrative centre of the Judaean Province) <p-l>ក្រុងសេសារា។</p-l>
Caesarea-Philippi, City of...	<p-l>ក្រុងសេសារា-ភីលីព</p-l>
Caesars, the...	(reference to the Roman emperors) <p-l>ព្រះចៅអធិរាជរ៉ូមទាំងអស់គ្នា</p-l> "Caesar's household" (NBD) (people living together in Caesar's house) <p-l>ក្រុមគ្រួសាររបស់សេសារ</p-l>
Caiaphas	(High Priest at the time of Jesus' condemnation and crucifixion) <p-l>សម្តេចសង្ឃកៃជា។</p-l>
Cain	(Adam and Eve's first son) <p-l>កាអ៊ីន</p-l>
Cainan	(the son of Arpachshad, mentioned in most manuscripts of Luke 3:26, and present in the Septuagint and Samaritan versions of Genesis) <p-l>កៃណាន។</p-l>
Cairo	(capital city of modern Egypt) <p-l>ក្រុងគែរ</p-l>
Cairo Geniza	[a collection of some 210, 000 Jewish manuscript fragments found in the storeroom (or *geniza*) of the Ben Ezra Synagogue in Old Cairo in Egypt] <p-l>ខែហ្គេនីហ្សា។</p-l>
Calah	(city built by Nimrod) <p-l>ក្រុងកាឡាស</p-l>
Caleb	<p-l>កាលែប</p-l>
calendar year	(the period reckoned from January 1 to December 31 according to the Gregorian calendar) <p-l>ឆ្នាំប្រតិទិន។</p-l>
Caligula, Gaius	[Emperor of Rome from 37 to 41AD (12-41AD)] <p-l>អធិរាជកាលីហ្គូឡា</p-l>
call	(vb) (to summon to a specific office or task) <p-l>ត្រាស់ហៅ (គ.បៈ ទ្រង់ហៅ គ.ខ.បៈ : ត្រាស់ហៅ)</p-l> calling <p-l>ការត្រាស់ហៅ។</p-l>
call on/call upon	(vb) (to ask earnestly) <p-l>អំពាវនាវ (គ.បៈ : អំពាវនាវ គ.ខ.ប : គោរបបម្រើ)</p-l>
call	(vb) (to speak loudly so as to attract attention) <p-l>ស្រែក (គ.ប : ស្រែកហៅ គ.ខ.បៈ : ស្រែក)</p-l>
Calneh	(a center of Nimrod's kingdom) <p-l>ក្រុងកាលនេ</p-l>
Calvary	(Latin: the place where Jesus was crucified) <p-l>ភ្នំកាលវ៉ារី</p-l>
Calvin, John	[French Reformer based in Geneva (1509-1564)] <p-l>បណ្ឌិតចន កាលវិន</p-l> (short) <p-l>កាលវិន។</p-l>
Calvinism	(also known as the Reformed tradition, a major branch of the Western Church, following the tradition and practice of several Reformers, but differed with Lutherans on the real presence of Christ in the Lord's Supper) <p-l>កាលវិននិយម</p-l>
Calvinist	(adj) <p-l>នៃពួកកាលវិននិយម</p-l> (n) <p-l>អ្នកកាលវិននិយម។</p-l>
calyx	(any cup shaped cavity or structure) <p-l>ត្របកផ្កា (គ.ខ.ប : ត្របកផ្កា)</p-l>
Cambyses	(son of Cyrus the Great and King of Persia 530-522 BC who captured Pharaoh Psamtik III) <p-l>ស្តេចខាំបីសេស។</p-l>
camel	<p-l>សត្វអូដ្ឋ</p-l>
camp, the...	(a reference to the immediate location where Israel made a place to stay when crossing the Wilderness) <p-l>ជំរំ (គ.ប: ទីដំឡើងត្រសាល គ.ខ.បៈ : ជំរំ)។</p-l>
Cana, village of...	<p-l>ភូមិកាណា</p-l>
Canaan	(son of Ham) <p-l>កាណាន</p-l>
Canaan, Land of...	(the territory between the Mediterranean Sea and the Jordan River and territory east of the Jordan River) <p-l>ស្រុកកាណាន</p-l> Canaanite (adj) <p-l>របស់ពួកសាសន៍ កាណាន</p-l> Canaanites <p-l>ពួកសាសន៍កាណាន។</p-l>
candlestick	(a holder with a spike or socket for a candle) <p-l>ជើងចង្កៀង</p-l>
canon	(list of writings officially recognised as genuine) <p-l>គម្ពីរសាសនបញ្ញត្តិ</p-l> canonical (adj) <p-l>នៃគម្ពីរសាសនបញ្ញត្តិ។</p-l>
Canon, the...	(list of writings officially recognized as the Bible) <p-l>ព្រះគម្ពីរសាសនបញ្ញត្តិ</p-l> “canon of the Old Testament” <p-l>«សាសនបញ្ញត្តិព្រះគម្ពីរសញ្ញាចាស់»</p-l> “canon of the New Testament” <p-l>«សាសនបញ្ញត្តិព្រះគម្ពីរសញ្ញាថ្មី»។</p-l>
Canon of Ptolemy	(list of rulers of ancient Babylonia and the Near East, used by the astronomer Ptolemy of Alexandria to date astronomical phenomena) <p-l>សាសន បញ្ញត្តិ-របស់ចូលេមី។</p-l>
canon	(title of a member of a cathedral chapter, headed by a dean, which is responsible for administering a cathedral) <p-l>កាណុន (អ្នកមានភារកិច្ចយ៉ាងពិសេសជាប់ខ្លួនជាប្រចាំនៅ ក្នុងវិសាលវិហារ)។</p-l>
canonical criticism	(a method of interpreting the Bible that focuses on the text of the biblical canon in its final form) <p-l>ការវិភាគដែលផ្តោតទៅលើសាសនបញ្ញត្តិព្រះគម្ពីរ។</p-l>
canonical Gospels	(the Gospels within the Canon) <p-l>កណ្ឌដំណឹងល្អទាំងបួន</p-l>
canonical prophets	(the prophetic writings within the Canon) <p-l>កណ្ឌពួកហោរានៅក្នុងសាសន បញ្ញត្តិ-ព្រះគម្ពីរ។</p-l>
Canterbury, Province of...	(Anglican Church encompassing thirty of the forty-four dioceses of the Church of England, whose archbishop has precedence of honour over the other Bishops of the Anglican Communion) <p-l>ខេត្តនៃពួកជំនុំយែធើប៊េរី។</p-l>
Canticles, the...	(Song of Solomon) <p-l>បទចំរៀងសាឡូម៉ូន</p-l>
Capernaum, City of...	<p-l>ក្រុងកាពើណិម</p-l>
Caphtorites	(a people descended from Mizraim, son of Ham) <p-l>ពួកកាប់ថោរ៉ឺម</p-l>
capital	(the upper part of a column that supports the frieze or architrave) <p-l>ក្បាច់ក្បាលសសរ</p-l> Cappadocia, country of (a historical region in Central Anatolia, largely in Nevehir Province, in modern Turkey) <p-l>ស្រុកកាប៉ាដូគា។</p-l>
Cappadocian Fathers	[three philosophers (Basil the Great, Gregory of Nyssa, and Gregory of Nanzianzus) who advanced the development of early theology, especially the doctrine of the Trinity] <p-l>ពួកបុព្វបុរសកាប៉ាដូគា។</p-l>
captive	(...of war) <p-l>ឈ្លើយ</p-l> captivity <p-l>ភាពជាឈ្លើយសឹក</p-l>
Captivity Epistles	<p-l>សូមមើល</p-l> Prison Epistles
carcass	(the dead body of an animal) <p-l>សាច់សត្វ (គ.ប : ខ្មោចនៃសត្វ គ.ខ.ប : សាច់សត្វ)</p-l>
Carchemish	(an important ancient capital on the border between modern Turkey and Syria, and the location of a battle between Babylon and Egypt in 605 BC) <p-l>ក្រុង កើកេមីស។</p-l>
Cardinal	(Roman Catholicism: a senior ecclesiastical official, usually an ordained bishop, and prince of "the Church") <p-l>កាឌីណាល់។</p-l>
cardinal number	(a number denoting quantity but not order in a group) <p-l>លេខដែលតំណាងនូវ ចំនួន។</p-l>
Carey, William	[English Baptist missionary known as "the father of modern missions" was a missionary in Serampore, India who translated the Bible into Bengali, Sanskrit and numerous other languages and dialects (1761-1834)] <p-l>វីល្លីយ៉ាំ ការី។</p-l>
Carlsberg Papyri	(ancient Egyptian medical papyrus written in hieratic and demotic, currently residing at the University of Copenhagen, Denmark) <p-l>ប៉ាពីរើស កាល ស្បែក។</p-l>
Carmel, Mt.	(a range of hills extending from the Mediterranean Sea to the plain of Doran, and more specifically, the main ridge at the NW end) <p-l>ភ្នំកើមែល។</p-l>
carnal	(adj) (relating to the passions of the flesh) <p-l>នៃសាច់ឈាម</p-l>
Carthage, City of...	<p-l>ក្រុងកាថ</p-l> Carthaginian <p-l>សាសន៍កាថ</p-l> (adj) <p-l>នៃទីក្រុងកាថ នៃសាសន៍កាថ</p-l>
Carthage tarrif	[stelae (upright stone slab) found in the port of Marseille, originally from the temple of Baal-Saphon in Carthage, detailing payments to the priests for performing sacrifices] <p-l>ពន្ធអាករពីសសរស្តម្ភក្រុងកាថ។</p-l>
case	(evidence offered in a court of law to support a claim) <p-l>បណ្ដឹងក្តី</p-l>
case law	(law established by following judicial decisions given in earlier cases) <p-l>ច្បាប់យុត្តិ សាស្ត្រ</p-l> (informal) <p-l>ច្បាប់ដែលចេញមកពីការបកស្រាយមតិរបស់ចៅក្រមនៅក្នុងបណ្តឹងផ្សេងៗពី មុន។</p-l>
Casluhites	(a people descended from Mizraim, son of Ham) <p-l>ពួកកាសលូហ៊ីម</p-l>
cast lots, to...	(vb) (to draw or choose) <p-l>ចាប់ឆ្នោត</p-l>
casuistic law	(law resulting from the resolution of particular moral dilemmas by careful distinction of the cases as to which general moral principals apply) <p-l>ច្បាប់ដែល ដោះស្រាយបញ្ហាដោយគោលការណ៍សីលធម៌។</p-l>
casuistry	(the resolution of particular moral dilemmas by careful distinction of the cases to which general moral principles apply) <p-l>ការដោះស្រាយបញ្ហាដោយគោលការណ៍សីល ធម៌</p-l> casuistic (adj) <p-l>ដែលដោះស្រាយបញ្ហាដោយគោលការណ៍សីលធម៌។</p-l>
catechesis	(method of oral religious instruction involving questions and answers) การ <p-l>បង្រៀន-ពីគោលជំនឿសំខាន់ៗតាមរបៀបសំណួរចម្លើយ។</p-l>
catechism	(a summary of the principles of Christian faith in the form of questions and answers, used for instruction in the faith) <p-l>សៀវភៅស្តីពីគោលជំនឿសំខាន់ៗតាមរបៀប សំណួរ-ចម្លើយ។</p-l>
cathedral	(the principal church of a diocese) <p-l>វិសាលវិហារ</p-l>
Catholic/Catholick	(adj) (relating to the entire body of Christians, especially before the schism into the *Eastern and Western Churches*) <p-l>នៃពួកអ្នកជឿទាំងមូល។</p-l>
Catholic Church	(reference to the entire body of Christians) <p-l>ពួកជំនុំទាំងមូល</p-l>
Catholic Epistles	(the five NT epistles addressed to the universal church) <p-l>កណ្ឌសំបុត្រចំពោះ ពួកជំនុំ។</p-l>
causation	(the relationship of cause and effect) <p-l>ទំនាក់ទំនងរវាងហេតុ និងផល</p-l>
causative	(adj) (grammar: relating to a form or class of verbs that express the relationship between cause and effect) <p-l>ដែលបង្ហាញពីបុព្វហេតុ។</p-l>
cause	(a person, thing, event, state or action that produces an effect) <p-l>ហេតុ</p-l> (div) <p-l>ព្រះបុព្វ ហេតុ។</p-l>
cause and effect	(reference to the philosophical concept of causality, in which an action or event will produce a certain response) <p-l>ហេតុផល។</p-l>
cedar	(a particular type of wood of very fine quality used in construction of important buildings) <p-l>ឈើតាក្រៅ (គ.ប : ឈើតាក្រៅ គ.ខ.ប : ឈើដ៏មានតម្លៃ) ។</p-l>
celebrate	(vb) (to have a special festival to mark a special event) <p-l>ប្រារព្ធពិធីបុណ្យ</p-l>
celebrate	(vb) (to rejoice) <p-l>អបអរសាទរ</p-l>
celestial	(adj) (heavenly, divine, spiritual) <p-l>នៃស្ថានសួគ៌ ខាងឯវិញ្ញាណ</p-l>
celestial city, the...	<p-l>ទីក្រុងនៅស្ថានសួគ៌</p-l>
celibacy	(abstinence from sexual intercourse) <p-l>ភាពនៅលីវ</p-l> celibate (adj) <p-l>នៅលីវ</p-l> (informal) <p-l>ដែលមិនដែលបានរួមភេទ។</p-l>
censer	(a container for burning incense) <p-l>ចានដុតគ្រឿងក្រអូប (គ.បៈ: កូនចាន ជើងក្រាន ពាន) (គ.ខ.បៈ : ពែង ចង្ក្រាន ពានសំរាប់ដុតគ្រឿងក្រអូប)]។</p-l>
censure	(n) (severe disapproval, harsh criticism) <p-l>ការរិះគន់យ៉ាងខ្លាំង</p-l>
census	<p-l>ជំរឿនប្រជាជន [(គ.បៈ : រាប់ចំនួន ធ្វើបញ្ជីកត់ត្រារាស្ត្រ) គ.ខ.បៈ : ជំរឿនប្រជាជន]</p-l>
cent.	(abbreviation “century”) <p-l>ស.វ</p-l>
centurion	(a commanding officer in the Roman army) <p-l>មេទ័ព១០០នាក់</p-l> (short) <p-l>មេទ័ព</p-l>
cereal offering	<p-l>ដង្វាយម្សៅ</p-l>
ceremonial law	(laws governing ritual observances) <p-l>ក្រឹត្យវិន័យបូជា</p-l>
Cerinthus	(a gnostic who denied that the Supreme God had made the physical world and denied Jesus' divinity) <p-l>ស៊េរិនធូស។</p-l>
cessationism	(the view that the miraculous gifts of the Holy Spirit ceased being practiced early in Christian Church history) <p-l>ទស្សនៈអំណោយទានខាងការអស្ចារ្យបានឈប់ ហើយ។</p-l>
cf.	[abbreviation: *confer* (Latin)] <p-l>ប្រៀបធៀប</p-l>
ch.	(abbreviation “chapter”) <p-l>ដ. (ជំពូក)</p-l>
Ch.	(abbreviation "Book of Chronicles") <p-l>របា</p-l>.
chains	(flexible lengths of metal links, used for confining, typically slaves) <p-l>ច្រវាក់</p-l>
Chalcedon, Council of...	(the last general Church council, held in 451 AD, at Chalcedon in Asia Minor, marked a turning point in the Christological debates to the separation of the church of the Western Roman Empire in the 5th Century) <p-l>មហា សន្និបាត-កាលសេដូន។</p-l>
Chalcolithic Age	(period 5000 to 3300 BC when metallurgists did not yet know to add tin to copper to form bronze, also known as the Copper Age) <p-l>យុគស្ពាន់។</p-l>
Chaldea	(area of southern Babylonia) <p-l>ស្រុកខាល់ដេ</p-l> Chaldees (people of Chaldea) <p-l>សាសន៍ ខាល់ដេ</p-l> Chaldean <p-l>ភាសាខាល់ដេ</p-l> (language) <p-l>សាសនាខាល់ដេ</p-l> (religion) <p-l>ពួកខាល់ដេ</p-l> (people)។
challenge	(vb) (to invite or summon to do something) <p-l>ជំរុញចិត្ត អញ្ជើញឲ្យធ្វើ</p-l> (n) (presents
a ...)	<p-l>បញ្ហា</p-l> (... to their authority) <p-l>បញ្ចេញយោបល់ប្រឆាំង។</p-l>
chance	(the unknown and unpredictable element that causes an event to result in a certain way or another) <p-l>សំណាង។</p-l>
changelessness	(an attribute of God describing His continuing over time without change) <p-l>ភាពមិនប្រែប្រួល។</p-l>
channel	(a means or agency of access) <p-l>បណ្តាញ</p-l>
chaos	(complete disorder, utter confusion) <p-l>កលិយុគ</p-l>
chapel	(a place of Christian worship within a larger building, especially a place set apart) <p-l>កន្លែងថ្វាយបង្គំ។</p-l>
character	(moral force, integrity) <p-l>ចរិតលក្ខណៈ</p-l>
charge	(vb) (to accuse a fault in a court of law) <p-l>ចោទប្រកាន់</p-l>
chariot	(a wheeled horse drawn vehicle used in war) <p-l>រទេះចម្បាំង</p-l>
charis	(Greek “grace”) <p-l>ព្រះគុណ (ភាសាក្រេក)</p-l>
charism/charisma	(a divinely bestowed power or talent, generally prophetic) (relating to power) <p-l>អំណាចដែលបានទទួលពីព្រះជាម្ចាស់ដោយទំនាយ</p-l> (relating to talent) <p-l>ទេពកោសល្យ ដែលបានទទួលពីព្រះជាម្ចាស់។</p-l>
charismata	(Greek "spiritual gifts") <p-l>អំណោយទានខាងវិញ្ញាណ (ភាសាក្រេក)</p-l>
charismatic	(adj) (divinely bestowed with a spiritual gift or talent) <p-l>ដែលបានទទួលទេព កោសល្យពីព្រះជាម្ចាស់។</p-l>
charity	(as a practice: assistance given to those in need) <p-l>កិច្ចការសប្បុរសធម៌</p-l>
charity	(as a virtue: concept of unlimited love and kindness) <p-l>សេចក្តីស្រឡាញ់</p-l>
charm	(a magic spell, love potion, enchantment) <p-l>ស្នេហ៍</p-l> charmer <p-l>អ្នកដាក់ស្នេហ៍</p-l>
charm	(a small object worn or kept for supposed magical powers of protection) <p-l>វត្ថុស័ក្តិ សិទ្ធិ។</p-l>
chasten/chastise	(vb) (to discipline or correct by punishment) <p-l>ធ្វើទណ្ឌកម្មដើម្បីឲ្យកែខ្លួនបាន ល្អ។</p-l>
chastity	(the state of being pure through abstaining from sexual intercourse outside of marriage) <p-l>ព្រហ្មចរិយភាព។</p-l>
chattel	(item of moveable personal property) <p-l>សង្ហារិមទ្រព្យ</p-l> (informal) <p-l>កម្មសិទ្ធិ</p-l>
Chedorlaomer, King...	(ruler of Elan-Gen. 14) <p-l>ស្ដេចកេដូឡាមើរ</p-l>
cheek	(that part of either side of the human face below the eyes) <p-l>កំភ្លៀង</p-l>
cherubim	(a member of the second order of angels) <p-l>ចេរូប៊ុន</p-l>
chesed	(Hebrew "something done for someone else who is inferior, on the basis of a close personal relationship") <p-l>មេត្តាករុណា (ភាសាហេព្រើរ)។</p-l>
Chester Beatty Papyri	(a group of early papyrus manuscripts of biblical texts in Greek and of Christian origin, now housed in the Chester Beatty Library in Dublin, Ireland) <p-l>ប៉ាពីរើស ឈើស្ទើរ បឺតធី។</p-l>
chiasm	(literature: reversal of the order of words or ideas in the second half of a text) <p-l>អត្ថបទដែលមានទម្រង់គំនិត ឬពាក្យបែបខ្វែង (ឧ. ទម្រង់គំនិតរបៀប ក/ខ/ខ/ក)។</p-l>
chief priest	(the priest in charge of the Temple in Jerusalem; RSV: high priest) <p-l>សម្តេចសង្ឃ (គ.បៈ : សង្គ្រោះជ គ.ខ.បៈ នាយកបូជាចារ្យ)</p-l>
child	(a boy or girl between birth and puberty) (div) <p-l>ព្រះឱរស</p-l>
childbearing	(the process of carrying and giving birth to a child) <p-l>វេលាដែលមានផ្ទៃពោះ</p-l> "children of God” <p-l>«កូនព្រះ»</p-l>
chiliasm	<p-l>សូមមើល</p-l> millenarianism
chios/Kios	[a Greek island situated in the Aegean Sea visited by the Apostle Paul (Acts 20:15)] <p-l>កោះយីយ៉ូស។</p-l>
choir	(organized group of singers generally for singing at church services) <p-l>ក្រុមអ្នក ចម្រៀង។</p-l>
Chorazin, City of...	<p-l>ក្រុងឌូរ៉ាស៊ីន</p-l>
chrisma	(oil used for sacramental anointing) <p-l>ប្រេងសម្រាប់ចាក់តាំង</p-l>
Christ, the...	(title given to Jesus <p-l>សូមមើល</p-l> Christos) <p-l>ព្រះគ្រីស្ទ (ព្រះអង្គដែលត្រូវបានចាក់ប្រេងតាំង) (គ.បៈ : ព្រះគ្រីស្ទ គ.ខ.បៈ : ព្រះគ្រិស្ត)។</p-l>
Christ event, the...	(reference to Jesus' ministry, death, resurrection and exaltation as a whole) <p-l>ព័ន្ធកិច្ច ការសុគត ការមានព្រះជន្មរស់ឡើងវិញ និងការលើកតម្កើងព្រះយេស៊ូវ</p-l> (short) <p-l>ព្រឹត្តិការណ៍នៃព្រះគ្រីស្ទ។</p-l>
Christ-centred	(adj) <p-l>ដែលព្រះគ្រីស្ទជាចំណុចកណ្តាល</p-l>
Christian	(a person believing in Jesus Christ) <p-l>គ្រីស្ទបរិស័ទ [(គ.ប : ពួកគ្រីស្ទាន អ្នកគ្រីស្ទាន) គ.ខ.ប : គ្រិស្តបរិស័ទ គ.គ.ខ : គ្រិស្តបរិស័ទ]។</p-l>
Christian circle/s	(Christians who share common interests) <p-l>ក្រុមគ្រីស្ទបរិស័ទ</p-l>
Christianity	(Christian beliefs and practices) <p-l>ជំនឿគ្រីស្ទបរិស័ទ</p-l>
Christ-king	(reference to Jesus emphasising his kingship) <p-l>ព្រះគ្រីស្ទដ៏ជាស្តេច</p-l>
Christmas	(festival commemorating the birth of Jesus Christ) <p-l>បុណ្យណូអែល</p-l>
Christocentric	(adj) (describing theological positions that focus on Jesus Christ) <p-l>ដែលព្រះ គ្រីស្ទជាខ្លឹមសារ។</p-l>
Christology	(study concerned with the nature and person of Jesus Christ as recorded in the Gospels and Epistles) <p-l>ព្រះគ្រីស្តវិទ្យា</p-l> Christological (adj) <p-l>ខាងព្រះគ្រីស្ទវិទ្យា</p-l>
Christologically	(adv) <p-l>ដោយព្រះគ្រីស្ទវិទ្យា។</p-l>
Christos	(Greek "the anointed one”) <p-l>អ្នកដែលត្រូវបានចាក់ប្រេងតាំង (ភាសាក្រេក)</p-l>
chronicle	(vb) (to record events in the proper sequence) <p-l>និពន្ធតាមកាលប្រវត្តិ</p-l>
Chronicler, the...	(the writer of the Book of Chronicles) <p-l>អ្នកនិពន្ធនៃកណ្ឌរបាក្សត្រ</p-l>
Chronicles, Book of...	<p-l>កណ្ឌរបាក្សត្រ</p-l>
chronology	(the arrangement of dates, events, etc. in order of occurrence) <p-l>លំដាប់ប្រវត្តិ ការណ៍</p-l> (informal) <p-l>ការរៀបរៀងតាមកាល</p-l> chronological (adj) (arranged in order of occurrence) <p-l>ដែលរៀបរៀងតាមកាល។</p-l>
chronology of the New Testament”	<p-l>«កាលប្រវត្តិវិទ្យាសញ្ញាថ្មី»</p-l>
chronology of the Old Testament”	<p-l>«កាលប្រវត្តិវិទ្យាសញ្ញាចាស់»</p-l>
Chrysippus	[Greek Stoic philosopher who expanded the doctrines of Zeno of Citrium and initiated the success of Stoicism as one of the most influential philosophical movements in the Greek and Roman world (c. 279-c. 206 BC)] <p-l>ត្រីស៊ីញើស។</p-l>
Chrysostom, John	[Early Church Father and Archbishop of Constantinople (349-407)] <p-l>ចន គ្រីសូសតូម។</p-l>
chs.	(abbreviation "chapters”) <p-l>ជ. (ជំពូក)</p-l>
church	(gathering of believers in one place) <p-l>ក្រុមជំនុំ</p-l> (...building) <p-l>ព្រះវិហារ</p-l>
church	(group of churches forming a denomination) <p-l>និកាយ</p-l>
Church	(collective body of all believers) <p-l>ពួកជំនុំ</p-l>
Church calendar	(marks the cycle of liturgical seasons that determines when feast days are to be observed and which portions of Scripture are to be read in an annual cycle) <p-l>ប្រតិទិនគ្រីស្ទបរិស័ទ។</p-l>
Church of England	(traditional name of the Anglican Church/Communion, and now refers to the officially established church in England and "Mother Church" of the Anglican Communion) <p-l>ក្រុមជំនុំរដ្ឋនៃប្រទេសអង់គ្លេស។</p-l>
Church Fathers	(the influential theologians and bishops of the 2nd to 6th Century) <p-l>ពួកបុព្វ បុរសនៃពួកជំនុំដើម។</p-l>
church government	(the system by which the Church and the local church are ruled) <p-l>ការ គ្រប់គ្រងពួកជំនុំ។</p-l>
Church history	(study of the history of Christianity, and the way the Church has developed since its inception) <p-l>ប្រវត្តិសាស្រ្តពួកជំនុំ។</p-l>
Cilicia	(first conquored by Rome in 103 BC, and organized by into a province by Pompey in 64 BC and later became part of the province Syria-Cilicia-Phoenice) <p-l>ខេត្ត ស៊ីលីស៊ីអា។</p-l>
circle	(a group of people with a shared profession or interest) <p-l>ក្រុម</p-l>
circumambulate	(vb) (move around a sacred object or idol) <p-l>ដើរជុំវិញ</p-l>
circumcision	(removal of the male foreskin) <p-l>ការកាត់ស្បែក</p-l>
circumcision party	(the group in the Early Church seeking to impose circumcision upon Gentile believers) <p-l>ពួកកាត់ស្បែក។</p-l>
cite	(vb) (to quote or refer to) <p-l>យោងទៅលើ</p-l> citation <p-l>សេចក្តីស្រង់</p-l>
citizenship	(the condition or status of a citizen, with its rights and duties) <p-l>ភាពជាពលរដ្ឋ</p-l> city (a large town or populous place, that in ancient times often formed a city-state under a local ruler) <p-l>ទីក្រុង ក្រុង</p-l> (royal) <p-l>រាជធានី។</p-l>
city of refuge	<p-l>ក្រុងពំនាក់ (គ.បៈ: ក្រុងពំនាក់ គ.ខ.បៈ ក្រុងជំរក)</p-l>
city-state	(a state consisting of a city and its dependencies) <p-l>រដ្ឋជាក្រុង</p-l>
civil authority	(the apparatus of state other than military that enforces law and order) <p-l>អំណាចរដ្ឋ។</p-l>
civil code	(... of law) <p-l>ក្រមរដ្ឋប្បវេណី</p-l>
civil court	(...of law) <p-l>តុលាការរដ្ឋប្បវេណី</p-l>
civil law	(legal system whose core principles are codified into a referable system which serves as the primary source of law) <p-l>ច្បាប់រដ្ឋប្បវេណី។</p-l>
civil offence	(a breach of civil law) <p-l>ការដាក់ទោសផ្នែករដ្ឋប្បវេណី</p-l>
civil year	<p-l>សូមមើល</p-l> calendar year
clan	(a group of people interrelated by ancestry or marriage) <p-l>បក្សសម្ព័ន្ធ</p-l>
clarity	(a doctrine of Scripture teaching that Scripture interprets itself) <p-l>ភាពច្បាស់លាស់</p-l>
Classical Greek	(Greek language from the 4th to 5th Century BC) <p-l>ភាសាក្រេកពីសម័យបុរាណ</p-l>
Claudius	(Emperor of Rome, 41-54 AD) <p-l>អធិរាជក្ខខ្មាស</p-l>
clean	(adj) (of persons: free from ceremonial defilement) <p-l>ស្អាត</p-l> cleanliness <p-l>សេចក្តីស្អាត</p-l>
clean	(adj) (of animals: lawful to eat) <p-l>ស្អាត</p-l> cleanliness <p-l>សេចក្តីស្អាត</p-l>
clean	(vb) (to make or become free of dirt, filth etc.) <p-l>សំអាត</p-l> cleanse <p-l>សំអាតយ៉ាងស្អាត</p-l> "clean and unclean” <p-l>«ភាពស្អាត និងភាពមិនស្អាត»</p-l>
cleft	(a fissure or crevice) <p-l>ក្រហែង</p-l>
Clem.	(abbreviation "Epistle of Clement") <p-l>សំបុត្រក្លេមិន</p-l>
Clement, First Epistle of.../1 Clement	(a letter addressed to Christians living in the city of Corinth, one of the earliest extant Christian documents outside the NT dating from the late 1st or early 2nd Century and is part of the Apostolic Fathers collection) <p-l>«សំបុត្រក្លេមិនទី១»។</p-l>
Clement, Second Epistle of.../Clement	(a sermon generally considered to be written around 140-160 AD by an anonymous author and is part of the Apostolic Fathers collection) <p-l>«សំបុត្រក្លេមិនទី២»។</p-l>
Clement of Alexandria	[theologian who united Greek philosophy with Christian doctrine (150-215 AD)] <p-l>ក្លេមិនមកពីក្រុងអំលេក្សានទ្រា។</p-l>
Clement of Rome	[an early Bishop of Rome (92-99 AD) and the first Apostolic Father of the Church] <p-l>ក្លេមិននៃក្រុងរ៉ូម។</p-l>
Clementine Vulgate	(the edition of the Latin Vulgate Bible from 1592, prepared by Pope Clement VII and used by Roman Catholics until the 20th Century) <p-l>ព្រះគម្ពីរ វុលហ្គេត ក្លេមិន</p-l>
clergy	(the collective body of people ordained as religious ministers) <p-l>បព្វជិត</p-l> (informal) <p-l>អ្នកបម្រើព្រះ។</p-l>
client	(a person depending on another's patronage) <p-l>អ្នកក្រោមអំណាចបរិបាល</p-l>
client-king	(the leader of a subservient state, typically under the control of the Roman Republic) <p-l>ស្ដេចក្រោមអំណាច។</p-l>
cloak/clothes	(a wraplike outer garment fastened at the throat and falling from the shoulders) (royal) <p-l>ព្រះពស្ត្រ។</p-l>
co-creator	(the shared role in Creation between the Father and the Son) <p-l>សហព្រះអាទិករ</p-l>
code	(a conventionalized set of principles or rules) <p-l>ក្រម</p-l> "Code of Hammurapi" (a well preserved Babylonian law code, dating to c. 1700-1800 BC) <p-l>«ក្រមច្បាប់ស្ដេចហាំមូរ៉ាពី»។</p-l>
codex	(manuscript of an ancient text) <p-l>ក្បួនអក្សរសរសេរដៃដើម</p-l>
Codex Alexandrinus	(a 5th Century manuscript of the Greek Bible containing the majority of the Septuagint and the NT; one of the four Great uncial codices, residing in Alexandria until the Eastern Orthodox Patriarch Cyril Lucaris brought it to Constaninople) <p-l>ក្បួនអក្សរសរសេរដៃដោយដើមអំលេក្សានឌ្រីនុស។</p-l>
Codex Bezae	(a manuscript of parts of the NT dating from the 5th Century, kept in Lyon until 1562 when it was delivered to the Protestant scholar Theodore Beza) <p-l>ក្បួន អក្សរសរសេរដៃដើមបេហ្សែ។</p-l>
Codex Claromontanus	(a Greek-Latin NT manuscript procured by the Protestant scholar Theodore Beza in the French town of Clermont-en-Beauvaisis) <p-l>ក្បួនអក្សរសរសេរ ដៃដើមក្លារ៉ូម៉ុនតានុស។</p-l>
Codex Sinaiticus	(one of the most valuable ancient Greek NT MSS discovered near Mt. Sinai in 1859, and referred to by scholars as Codex A) <p-l>ក្បួនអក្សរសរសេរដៃដើម ស៊ីណាយ។</p-l>
Codex Vaticanus	(ancient Greek manuscript probably written in the early 4th Century AD, placed in the Vatican library, and referred to by scholars as Codex B) <p-l>ក្បួនអក្សរ សរសេរដៃនាសម័យដើមវ៉ាទីកង់។</p-l>
codices	(plural of codex, a volume of manuscripts of an ancient text) <p-l>ក្រមក្បួនអក្សរសរសេរដៃ នាសម័យដើម។</p-l>
codify	(vb) [to organize into a system (or code)] <p-l>រៀបចំជាក្រុម</p-l>
coerce	(vb) (to compel or restrain by force or authority) <p-l>បង្ខិតបង្ខំ បង្គាប់បញ្ជា</p-l> coercive (adj) <p-l>ដែលបង្ខិតបង្ខំ។</p-l>
coeval	(adj) (of, or belonging to the same age) <p-l>នៅក្នុងសម័យជាមួយគ្នា</p-l>
coffin	(a box in which a body is buried or cremated) <p-l>មឈូស (គ.ប: ក្តារមឈូស ក.ខ.ប : មឈូស)</p-l>"
cognate	(grammar: a word functioning as the object of a verb to which it is etymologically related) <p-l>ពាក្យដែលមានប្រភពមកពីកិរិយាសព្ទ។</p-l>
cognizance	(conscious knowledge or recognition) <p-l>ភាពអាចស្គាល់ ភាពទទួលស្គាល់</p-l>
coin	(metal disc used as money) <p-l>ដួង (ប្រាក់)</p-l>
Col.	(abbreviation "Letter to the Colossians”) <p-l>កូល</p-l>
collection	(sum of money collected) <p-l>ការរៃប្រាក់</p-l>
collective sense	(referring to a group of people or things) <p-l>អត្ថន័យសំដៅទៅលើក្រុមមនុស្ស ឬវត្ថុ</p-l>
college	(an organized body of persons with specific rights and duties) <p-l>ក្រុមអ្នកដែលមាន អំណាច និងភារកិច្ចជាក់លាក់។</p-l>
collegiate	(adj) (composed of members of equal standing-in contrast to an hierarchical structure) <p-l>ដែលមានអ្នកឋានៈដូចគ្នា។</p-l>
colloquial	(adj) (denoting or characterized by informal or conversational idiom or vocabulary) <p-l>នៃភាសាសាមញ្ញ។</p-l>
colloquy	(literary work in the form of a dialogue) <p-l>ការសន្ទនា</p-l>
colophon	(an inscription at the end of a book showing the title, printer, date etc.) <p-l>ឈ្មោះ ឬ និមិត្តរូបរបស់អ្នកបោះពុម្ពផ្សាយដែលបានបោះពុម្ពលើសៀវភៅ។</p-l>
Colossae. City of...	<p-l>ក្រុងកូលិស</p-l>
Colossian Heresy, the...	(the false teachings that occurred in the early church of Colossae, causing Paul to write his Epistle to the Colossians) <p-l>លទ្ធិខុសឆ្គងនៅក្រុមជំនុំ កូលីស។</p-l>
Colossians, Letter to the...	<p-l>សំបុត្រដល់ពួកកូលិស</p-l>
Columba	[a Gaelic Irish missionary monk who worked among the Picts during the Early Medieval period (521-597 AD)] <p-l>ខូឡុមបា។</p-l>
comfort	(vb) (to ease the pain, soothe or cheer) <p-l>កំសាន្តចិត្ត (គ.បៈ: កំសាន្តចិត្ត គ.ខ.ប : សំរាល)</p-l> Coming One (the One coming at the end of the world; an allusion to Jesus] <p-l>ព្រះអង្គដែលនឹង យាងមក។</p-l>
command	(vb) (to order, require or compel) <p-l>បញ្ជា</p-l> (divine) <p-l>ព្រះរាជបញ្ជា</p-l>
commandment	(a command from God) <p-l>បញ្ញត្តិ (គ.បៈ បញ្ញត្ត គ.ខ.បៈ បទបញ្ជា)</p-l>
commend	(vb) (to present or represent as being worthy of confidence, kindness etc.) <p-l>និយាយធានា (គ.បៈ : តាំងផ្ទុកផ្តាក់ គ.ខ.ប តែងតាំង)។</p-l>
commentator	(writer of a Bible commentary) <p-l>អ្នកសរសេរសៀវភៅអត្ថាធិប្បាយ</p-l>
commentary	(book explaining the Bible or a section of it) <p-l>សៀវភៅអត្ថាធិប្បាយ</p-l>
commission	(vb) (to commit a duty or task to a group or a person) <p-l>តែងតាំង</p-l>
commission	(a duty or task committed to a group or person to perform) <p-l>សេចក្តីបង្គាប់ បេសក កម្ម [(គ.ប : សេចក្តីបង្គាប់ ការកាន់កាប់ត្រួតត្រា) (គ.ខ.បៈ: ការអនុញ្ញាត ការចាត់ចែង) គ.គ.ខ : ការអនុញ្ញាត]។</p-l>
commit	(vb) (to charge, entrust) <p-l>ប្តេជ្ញាចិត្ត</p-l> commitment (n) <p-l>ការប្តេជ្ញាចិត្ត</p-l>
common grace	(the grace of God common to all humanity without distinction, as distinguished from "special" or "saving" grace) <p-l>ព្រះគុណធម្មតា។</p-l>
common noun	(a noun that refers to each member of a whole class sharing the features connoted by the noun) <p-l>សាធារណនាម។</p-l>
Common Prayer, Book of...	(published in 1549, the first prayer book to include the complete forms of service for daily and Sunday worship in English) <p-l>«សៀវភៅសេចក្តី អធិស្ឋានសាមញ្ញ»។</p-l>
communal	(adj) (relating to the community as a whole) <p-l>នៃសហគមន៍</p-l>
communal	(adj) (describing different groups within a society) <p-l>ដែលរួមគ្នា</p-l>
commune	(vb) (to experience strong emotional or spiritual feeling) <p-l>ទាក់ទងដោយអារម្មណ៍</p-l>
commune	(vb) (to talk or coverse intimately) <p-l>ចូលរួម</p-l>
communicable attribute	(qualities of God that man can also have) <p-l>លក្ខណសម្បត្តិរបស់ព្រះ ជាម្ចាស់-ដែលទ្រង់ប្រទានឲ្យមនុស្ស។</p-l>
communicant	(a person receiving the Lord's Supper) <p-l>អ្នកទទួលពិធីលៀងព្រះអម្ចាស់</p-l>
communion	(community/federation of churches) <p-l>សហគមន៍ក្រុមជំនុំ</p-l> (...of saints) <p-l>សហគមន៍ គ្រីស្ទបរិស័ទ។</p-l>
communion	(exchange of thoughts and emotions) <p-l>ការប្រកបទាក់ទងគ្នា</p-l>
Communion	(reference to Holy Communion; taking part in the Lord's Supper) <p-l>ពិធីលៀង ព្រះអម្ចាស់។</p-l>
community	(the people living in one locality) <p-l>សហគមន៍</p-l> "Community Rule, the" (also know as "the Manual of Discipline", a sectarian document from the Dead Sea Scrolls) <p-l>ឯកសារ «ច្បាប់សហគមន៍»។</p-l>
compact	(an official contract or agreement) <p-l>កិច្ចសន្យា</p-l>
compassion	(a feeling of distress and pity for the suffering or misfortune of another) <p-l>ចិត្ត មេត្តាករុណា</p-l> (div) <p-l>ព្រះហឫទ័យមេត្តាករុណា (គ.ប : សេចក្តីមេត្តាករុណា គ.ខ.ប : ចិត្តមេត្តា ករុណា)។</p-l>
complementary	(adj) (a description of the relationship between male and female, stressing their inter-dependance) <p-l>ដែលត្រូវពឹងពាក់គ្នាទៅវិញទៅមក។</p-l>
compensate	(vb) (to make amends, especially for loss or injury) <p-l>ទូទាត់</p-l> compensation (n) <p-l>ការទូទាត់ (គ.ប : ដំឡៃលោះ គ.ខ.បៈ : សំណង)។</p-l>
complex	(adj) (literature: made up of various interconnected parts) <p-l>មិស្សភាគ</p-l>
conceive	(vb) (to have an idea of, imagine, think) <p-l>បង្កើតអ្វីមួយក្នុងគំនិត</p-l>
conceive	(vb) (to become pregnant) <p-l>ចាប់មានផ្ទៃពោះ (គ.បៈ : មានទំងន់ គ.ខ.ប : មានផ្ទៃពោះ)</p-l>
concept	(an abstract idea) <p-l>គំនិត</p-l>
conception	(the physical process of the fertilization of an ovum by a sperm and implantation in the womb) <p-l>ការមានគភ៌។</p-l>
conception	(the act of forming notions) <p-l>ទសន្សទាន</p-l>
concomitant	(adj) (existing together) <p-l>ដែលរួមដំណើរ</p-l>, (...of people) <p-l>ដែលទៅជាមួយគ្នា</p-l> (...of things)។
concomitant	(adj) (occuring together) <p-l>សហវត្ត</p-l> (informal) <p-l>ដែលកើតមានឡើងដំណាលគ្នា</p-l>
concord	(agreement or harmony between people or nations) <p-l>ការស្រុះស្រួលគ្នា</p-l>
concordance	(a text that indexes the principle words in a literary work) <p-l>វិជ្ជាសមោធាន</p-l>
concrete	(adj) (relating to, or characteristic of things capable of being perceived by the senses; opposite of abstract) <p-l>រូបី</p-l> (informal) <p-l>វត្ថុមានរូប។</p-l>
concubine	<p-l>ប្រពន្ធចុង [(គ.បៈ : ស្រីអ្នកម្នាង អ្នកម្នាង ប្រពន្ធចុង) (គ.ខ.បៈ ស្រីស្នំ ស្នំ ប្រពន្ធទីពីរ)]</p-l> (royal) <p-l>ស្រីស្នំ។</p-l>
condemn	(vb) (to pronounce judicial sentence) <p-l>កាត់ទោស (គ.ប: កាត់ទោស គ.ខ.ប : ថ្កោល ទោស)</p-l> 12 condemnation <p-l>ការកាត់ទោស</p-l>
condemn	(vb) (to express strong disapproval) <p-l>ផ្តន្ទាទោស</p-l>
condone	(vb) (to overlook or forgive) <p-l>អត់ទោសឲ្យ</p-l>
conduct	(the manner in which a person behaves) <p-l>ចរិយាមាយាទ</p-l>
confer	(vb) (to grant or bestow an honor or gift) confess (vb) (to make an acknowledgment of faith) <p-l>ថ្លែងការណ៍ (ប្រកាសពីសេចក្តីជំនឿ) (គ.ប ប្រាប់)</p-l> confession <p-l>សេចក្តីថ្លែងការណ៍ (ការប្រកាសពីសេចក្តីជំនឿ)។</p-l>
confess	(vb) (to make an admission of sin) <p-l>ទទួលសារភាពអំពើបាប (គ.ប លន់តួ គ.ខ.បៈ ទទួល សារភាព គ.គ.ខ : ទទួលសារភាព)</p-l> confession <p-l>ការសារភាពអំពើបាប។</p-l>
confirm	(vb) <p-l>បញ្ជាក់</p-l> confirmation <p-l>ការបញ្ជាក់</p-l>
Confirmation	(a rite/ceremony in some churches that confirms a baptised person in their faith and admits them to full participation in the church) <p-l>ពិធីបញ្ជាក់ជំនឿ។</p-l>
conform	(vb) (to comply in actions, behaviour etc. with accepted standards) <p-l>ស្របទៅតាម</p-l>
confuse	(vb) (to mix up, to make unclean <p-l>បំភាន់ (គ.ប : បំភាន់ គ.ខ.បៈ : បំបែក)</p-l>
congregation	(a group of persons gathered together) <p-l>ក្រុមជំនុំ [(គ.បៈ ពួកជំនុំ ពួកអ្នកប្រជុំ) គ.ខ.បៈ អង្គប្រជុំ គ.គ.ខ : ការជួបប្រជុំ។</p-l>
Congregational Church	(churches practising governance in which each congregation independantly and autonomously runs its own affairs, mostly descended from the Nonconformist religious movement during the Puritan reformation of the Church of England) <p-l>និកាយខុនហ្គ្រីហ្វេសិនណល។</p-l>
conjecture	(the formation of conclusions from incomplete evidence) <p-l>ការស្មាន</p-l>
conjugate	(vb) (grammar: to set out the completed set of inflections of a verb: for person, number, tense, voice, mood, etc.) <p-l>បំបែកកិរិយាសព្ទ</p-l> conjugation (the completed set of inflexions for a verb) <p-l>កិរិយាវិភាគ។</p-l>
conjuntion	(grammar: any word or group of words, other than a relative pronoun, that connects words, phrases or clauses) <p-l>សន្ធានស័ព្ទ។</p-l>
connotation	(an association or idea suggested by a word or phrase) <p-l>ពាក្យមានន័យបង្កប់</p-l>
Conqueror, the...	(represents the object of prophetic Messianic hope) <p-l>អង្គមានជ័យជម្នះ</p-l>
Conquest, the...	(the invasion of Canaan under Joshua) <p-l>ការដណ្ដើមយកទឹកដីសន្យា</p-l>
conscience	(the sense of right and wrong that influences a persons throughts and actions) <p-l>បញ្ញាចិត្ត (គ.បៈ : បញ្ញាចិត្ត គ.ខ.បៈ : មនសិការ)។</p-l>
consciousness	(state of being aware of one's surroundings, one's own thoughts and motivations) <p-l>មនសិការ។</p-l>
consecrate	(vb) (to make or declare sacred or holy) <p-l>ញែកទុកជាបរិសុទ្ធ</p-l> consecration <p-l>ការញែក ជាបរិសុទ្ធ។</p-l>
consecration	(the dedication of a building, or of a person to a specific role in particular, the ordination of a bishop) <p-l>ពិធីឧទ្ទិសថ្វាយដល់ព្រះ។</p-l>
conservative	(adj) (... attitude, favouring the outlook of the Bible) <p-l>ដែលអភិរក្សសេចក្តីបង្រៀន ពីព្រះគម្ពីរ។</p-l>
conservative	(adj) (...theology, favouring the preservation of the biblical teaching and interpretation of the Church Fathers) <p-l>ដែលអភិរក្សគោលលទ្ធិពួកបុព្វបុរសនៃពួកជំនុំ ដើម។</p-l>
conservative	(adj) (... theology, favouring the preservation of traditional teachings of the
Church)	<p-l>ដែលអភិរក្សគោលលទ្ធិពួកជំនុំ</p-l> (...in general) <p-l>ដែលអភិរក្សគោលលទ្ធិល្អ។</p-l>
console	(vb) (to serve as a source of comfort to someone in disappointment, loss, sadnessetc.) <p-l>កំសាន្តចិត្ត (គ.បៈ រំដោះទុក្ខ ដោះទុក្ខ) (គ.ខ.បៈ : ជួយរំលែកទុក្ខ សំរាលទុក្ខ)]</p-l> ¹³consolation <p-l>ការកំសាន្តចិត្ត។</p-l>
consonantal text	(text without vowels or accents) <p-l>អត្ថបទទៅតាមសំឡេងព្យញ្ជនៈ</p-l>
Constance. Council of...	(the 16th ecumenical council as recognized by the RCC, held from 1414 to 1418, ended the "Three Popes Controversy" by electing Pope Martin V and condemned and executed Jan Hus) <p-l>មហាសន្និបាតនៅក្រុងខុនស្កេន។</p-l>
Constantine	(Emperor of Rome from 306-337 AD. The first Roman emperor to convert to Christianity) <p-l>អធិរាជកុងស្តង់ទីន។</p-l>
Constantinople, Council of...	(also known as the First Council of Constantinople was an Ecumenical Council called by Emperor Theodosius in 381 to deal with the Arian controversy and confirm the Nicene Creed) <p-l>មហាសន្និបាតខុនស្ពាន់ទីណូផល។</p-l>
construction	(an interpretation or explanation) <p-l>ការកាត់ស្រាយ</p-l>
consuetude	(an established custom or usage with legal force) <p-l>ភាពដែលធ្លាប់មានអំណាច</p-l>
consume	(vb) (to destroy by burning) <p-l>ឆេះ</p-l> consummation (reference to the end of the world) <p-l>វិនាសហិនហោច។</p-l>
consummate	(vb) (to bring to completion) <p-l>ធ្វើឲ្យសំរេចទាំងស្រុង</p-l> consummation <p-l>ការធ្វើឲ្យសំរេច ទាំងស្រុង។</p-l>
consummate	(vb) (to bring to perfection) <p-l>ធ្វើឲ្យគ្រប់លក្ខណ៍</p-l> consummation <p-l>ការធ្វើឲ្យគ្រប់ លក្ខណ៍</p-l>
consumerism	(advocacy of a high rate of material consumption) <p-l>ការប្រើនិយម</p-l>
consummate	(vb) (to complete a marriage by sexual intercourse) <p-l>រួមដំណេក</p-l> consummation <p-l>ការរួមដំណេក។</p-l>
contaminate	(vb) (to make impure) <p-l>ធ្វើឲ្យសៅហ្មង (គ.ប : ប្រឡាក់ ដែលមានរោគ) (គ.ខ.ប : សៅ ហ្មង ស្នាម មានដុះស្លែ)]។</p-l>
contempt, look with...	(vb) <p-l>តាំងមើលងាយ</p-l>
contend	(vb) (to argue earnestly for) <p-l>និយាយគាំទ្រ</p-l> (to... that) <p-l>និយាយអះអាងថា</p-l>
content	(...of a book) <p-l>មាតិកា</p-l>
contentment	(a state of mental or emotional satisfaction with things as they are) <p-l>ស្ងប់ចិត្ត (គ.ប : ចិត្តស្កប់ស្កល់ សេចក្តីសន្តោស គ.ខ.ប : ស្កប់ចិត្ត)។</p-l>
context	(the parts of a piece of writing, speech, etc. that precede and follow a word or passage and contribute to its meaning) <p-l>បរិបទ។</p-l>
contextual study	(analysing particular events, both in their own time, and also in relation to the total message of the Bible) <p-l>ការសិក្សាដោយបរិបទ។</p-l>
continuationism	(view that the miraculous gifts of the Holy Spirit have remained available for use by the Church ever since Pentecost) <p-l>ទស្សនៈអំណោយទានខាងការអស្ចារ្យ មិនទាន់ឈប់ហើយ។</p-l>
continuity	(logical sequence or connection) <p-l>និរន្តភាព</p-l>
contra	(Latin "against”) <p-l>ផ្ទុយ (ភាសាឡាតាំង)</p-l>
contract	(n) (a formal agreement) <p-l>កិច្ចសន្យា</p-l>
contrite	(adj) (arising from a sense of shame or guilt) <p-l>ដែលភ្ញាក់ខ្លួន (គ.ប : មានចិត្តសង្រេង)</p-l>
contrition	(n) <p-l>ការភ្ញាក់ខ្លួន (ការស្តាយក្រោយដោយបានធ្វើអ្វីមួយខុស)។</p-l>
controversy	(dispute of a matter about which there is strong disagreement) <p-l>វាទប្បដិវាទ</p-l>
convention	(an accepted usage) <p-l>ទំនៀមទម្លាប់</p-l>
convert	(vb) (to cause someone to change in belief) <p-l>ប្រែចិត្តជឿ</p-l> convert (n) <p-l>អ្នកប្រែចិត្តជឿ (គ.បៈ : អ្នកប្រើចិត្តជឿ អ្នកចូលសាសន៍)</p-l> conversion <p-l>ការប្រែចិត្តជឿ [(គ.ប: អ្នកចូលសាសនា បានប្រែចិត្តជឿ) (គ.ខ.បៈ : អ្នកចូលសាសនា បែរចិត្តមករកព្រះអង្គ) (គ.គ.ខ: អ្នកចូលសាសនា ការប្រែចិត្តជឿ)]។</p-l>
convict	(vb) (to pronounce guilty of an offence) <p-l>កាត់ទោស</p-l> conviction <p-l>ការកាត់ឲ្យជាប់ទោស</p-l>
conviction	(a firmly held belief) <p-l>ចិត្តជឿជាក់ (គ.ប : សេចក្តីជំនឿដ៏មោះមុត)</p-l>
convocation	(a large formal assembly) <p-l>ការកោះប្រជុំ</p-l>
Conzelmann, H.	[German scholar who made many contributions to NT research in the 20th Century (1915-1989)] <p-l>បណ្ឌិតខុនហ្សិលម៉ាន់។</p-l>
Copernicus, Nicolaus	[Renaissance astronomer and the first person to formulate a comprehensive heliocentric cosmology which displaced the Earth from the center of the universe (1473-1543)] <p-l>ឌុបពើនីហ្គោស។</p-l>
Copt.	(abbreviation "Coptic") <p-l>ភាសាអេស៊ីព្ទដើម</p-l>
Coptic	(Egyptian language used from the 1st to the 17th Century, which used the Greek alphabet for writing) <p-l>ភាសាអេស៊ីព្ទដើម (ភាសាអេស៊ីព្ទដែលសរសេរអក្សរក្រិកពីសម័យ បុរាណ)។</p-l>
Coptic version	(Bible translated into an Afro-Asiatic language written in Greek alphabet descended from Ancient Egyptian) <p-l>ព្រះគម្ពីរភាសាអេស៊ីព្ទដើម។</p-l>
Cor.	(abbreviation "Letter to the Corinthians”) <p-l>កូ</p-l>.
corban	<p-l>សូមមើល</p-l> qorban
Corinth, City of...	<p-l>ក្រុងកូរិនថូស</p-l>
Corinthians, Letter to the...	<p-l>សំបុត្រដល់ពួកកូរិនថូស</p-l>
Cornelius	<p-l>កូនេលាស</p-l>
cornerstone	(a stone at the corner of a wall, uniting two intersecting walls) <p-l>ថ្មជ្រុងយ៉ាងឯក [(គ.ខ.ប : គ្រឹះដ៏សំខាន់បំផុត ថ្មជ្រុង) (គ.គ.ខ : ថ្មដ៏ជាសំខាន់នៅតាមជ្រុង ថ្មដ៏សំខាន់)] 15។</p-l>
coronation	(the ceremony of crowning a monarch) <p-l>ពិធីអភិសេក</p-l>
corporate	(adj) (belonging to a united group) <p-l>ដែលរួមគ្នា</p-l> corporately (adv) <p-l>ដោយរួបរួម</p-l>
corporeal	(adj) (nature of the physical body) <p-l>នៃរូបរាងកាយ</p-l>
corpus	(collection or body of writings) <p-l>កម្រងឯកសារ</p-l>
correlate	(n) (grammar: words having a mutual complementary, or reciprocal relationship) <p-l>ពាក្យដែលទាក់ទង។</p-l>
correspond	(vb) (to be similar or analogous in character or function) <p-l>ព្រមព្រៀងគ្នា</p-l> correspondence <p-l>ការព្រមព្រៀងគ្នា។</p-l>
correspond	(vb) (to communicate by letter) <p-l>ទាក់ទងតាមសំបុត្រ</p-l> correspondence <p-l>ការសរសេរ ទាក់ទងគ្នា។</p-l>
corrupt	(vb) (to involve in bribery or other dishonest practices) <p-l>ធ្វើឲ្យពុករលួយ (គ.បៈ : បង្អួច)</p-l> (adj) <p-l>ខូចអាក្រក់ (គ.ប : ខូចអាក្រក់ គ.ខ.ប: អាក្រក់ខូច)</p-l> corruption <p-l>ការពុករលួយ។</p-l>
corrupt	(adj) (describing scribal errors or alterations) <p-l>ដែលកែប្រែ</p-l>
cosmogony	(theory of the origin and development of the universe) <p-l>ទ្រឹស្តីទាក់ទងនឹងប្រវត្តិ សាស្ត្រ-នៃការបង្កើតសកលលោក។</p-l>
cosmology	(philosophical study of the origin and nature of the universe) <p-l>លោកធាតុវិទ្យា</p-l>
Cosmological Argument	(attempt to prove the existence of God through human experience of the world) <p-l>សំដីអំណះអំណាងផ្នែកលោកធាតុវិទ្យា។</p-l>
cosmos	(the universe considered as an ordered system) <p-l>លោកធាតុ</p-l> cosmic (adj) (describing the cosmos) <p-l>នៃលោកធាតុ</p-l> (of cosmic proportions, immeasurable in time and space) <p-l>ដែលមានទំហំលោកធាតុ។</p-l>
Council, Jerusalem...	(a reference to the meeting described in Acts 15, called to debate whether or not male Gentile converts were required to be circumcised) <p-l>ក្រុម ប្រឹក្សា-ក្រុងយេរូសាឡិម (គ.បៈ : ពួកជំនុំទាំងអស់ គ.ខ.បៈ : អង្គប្រជុំទាំងមូល)។</p-l>
counsellor/counselor	(an advisor) <p-l>អ្នកប្រឹក្សា</p-l>
Counsellor	(reference to the Holy Spirit) <p-l>ព្រះដ៏ជាជំនួយ [(គ.បៈ : ព្រះដ៏ជាជំនួយ ព្រះដ៏ជួយគំនិត) គ.ខ.បៈ : ព្រះដ៏ជួយការពារ]។</p-l>
court	(...of the Temple: an area of ground surrounded by walls or buildings) <p-l>ទីលាន</p-l>
court	(...of law: the regular sitting of a tribunal having power to adjudicate in civil, criminal, military or ecclesiastical matters) <p-l>តុលាការ។</p-l>
court	(a sovereign or prince and his retinue, advisers etc.) <p-l>ក្រុមព្រះរាជបរិពារ</p-l>
Court of the Gentiles	(an area within the Temple primarily used as a bazaar, where money-changers exchanged Roman coins for Tyrian coins) <p-l>ទីលាននៃសាសន៍ ដទៃ។</p-l>
covenant	(a binding agreement) <p-l>សម្ព័ន្ធមេត្រី [(គ.ប : សេចក្តីសញ្ញា ចុះសន្យា) គ.ខ.ស : កិច្ចព្រមព្រៀង (គ.ខ.ប : ខសន្យា សម្ពន្ធមេត្រី) គ.គ.ខ : កិច្ចព្រមព្រៀង]។</p-l>
Covenant, Book of the...	(the collection of laws in the book of Exodus that elaborates the Decalogue) <p-l>«គម្ពីរសម្ព័ន្ធមេត្រី» (គ.ប : សៀវភៅសញ្ញា គ.ខ.ប : គម្ពីរនៃសម្ពន្ធមេត្រី) 17។</p-l>
Covenant Code, the...	(see "Covenant, Book of the...") <p-l>ក្រមសម្ព័ន្ធមេត្រី</p-l>
covenant-God, the...	(God who initiated the covenant between himself and humanity) <p-l>ព្រះអម្ចាស់ដែលបង្កើតសម្ព័ន្ធមេត្រី។</p-l>
covenant meal/covenantal meal	(a truce formed over the eating of food) <p-l>ការបរិភោគអាហារ នៃសម្ព័ន្ធមេត្រី។</p-l>
covenant-partner	(a party within a covenant) <p-l>ដៃគូដោយសម្ព័ន្ធមេត្រី</p-l>
Coverdale, Miles	[a 16th Century Bible translator who produced the first complete printed translation of the Bible into English (c. 1488-1569)] <p-l>ម៉ាលស៍ ខូវើដែល។</p-l>
covering	(... of the tabernacle) <p-l>គំរប (គ.បៈ គំរប គ.ខ.បៈ ក្រណាត់បាំងពីលើ)</p-l>
covet	(vb) <p-l>លោភលន់ [គ.បៈ : លោភចង់បាន (គ.ខ.ប : ប៉ុនប៉ងចង់បាន លោភលន់ចង់បាន)]</p-l> covetousness <p-l>ការលោភលន់។</p-l>
crafty	(adj) (skilled in deception) <p-l>ចេះឧបាយកល (គ.បៈ ចេះឧបាយកល គ.ខ.ប : មានកលល្បិច)</p-l>
Cranmer, Thomas	[a leader of the English Reformation and Archbishop of Canterbury, who supported the principle of Royal Supremacy in which the king was considered sovereign over the Church within his realm (1489-1556)] <p-l>អគ្គអភិបាល ថូម៉ាស ក្រេមនើរ។</p-l>
craving	(intense desire) <p-l>ប៉ងប្រាថ្នា (គ.ប : ប៉ងប្រាថ្នា គ.ខ.ប : ចិត្តលោភលន់) <</p-l>sup>18</sup>
created order, the...	(the hierarchy of created beings) <p-l>លំដាប់តំណែងនៃស្នាព្រះហស្ត</p-l>
creatio ex nihilo	(Latin "Creation out of nothing”) <p-l>កិច្ចការបង្កើតចេញពីសូន្យ (ភាសាឡាតាំង)</p-l>
Creation	(the object of God's creating activity) <p-l>ស្នាព្រះហស្ត</p-l>
Creation	(the world around us) <p-l>របស់សព្វសារពើដែលព្រះបានបង្កើត</p-l> (short) <p-l>ការបង្កើត</p-l>
Creation	(God's act of bringing the universe into being) <p-l>ព្រះរាជកិច្ចបង្កើតសកលលោក [(គ.បៈ : កំណើតលោកីយ៍ គ្រប់មនុស្សទាំងអស់) (គ.ខ.ប: កំណើតពិភពលោក មនុស្សលោកទាំងអស់) (គ.គ.ខ : កំណើតពិភពលោក មនុស្សលោកទាំងអស់)]</p-l> (short) <p-l>ការបង្កើត។</p-l>
Creator	(a description of God focusing upon His creating activity) (div) <p-l>ព្រះអាទិករ</p-l>
creature	(something that has been created) <p-l>ស្នាព្រះហស្តទ្រង់</p-l> (a living being) <p-l>សត្វ</p-l>
creaturehood	(the condition of being a creature within creation) <p-l>ភាពជាស្នាព្រះហស្ថទ្រង់</p-l>
credo	(any formal or authorized statement of beliefs, principles or opinions) <p-l>គោលជំនឿ</p-l>
creed/credal statement	(formal statement of beliefs) <p-l>គោលជំនឿ</p-l>
crescent	(a pendant of a moon-image) <p-l>បន្តោងខ្សែ-កដែលមានរាងអឌ្ឍចន្ទ</p-l>
Crete, Island of...	<p-l>កោះក្រេត</p-l>
crime	(an act or omission prohibited by law) <p-l>ឧក្រិដ្ឋកម្ម</p-l> criminal (n) <p-l>ឧក្រិដ្ឋជន</p-l>
crime and punishment”	<p-l>«ឧក្រិដ្ឋកម្ម និងទណ្ឌកម្ម»</p-l>
criminal code	(a compilation of criminal law) <p-l>ក្រមឧក្រិដ្ឋកម្ម</p-l>
criminal law	(body of law relating to acts or omissions) <p-l>ច្បាប់ឧក្រិដ្ឋកម្ម</p-l>
criminal offense	(an act or omission punishable by law) <p-l>ការដាក់ទោសផ្នែកឧក្រិដ្ឋកម្ម</p-l>
Crispus	<p-l>គ្រីសប៉ុស</p-l>
critic	(a professional judge of a subject) <p-l>អ្នកធ្វើវិវេចនា</p-l>
critical edition	(biblical studies: an edition of the Bible printed with critical apparatus for the establishing of the text) <p-l>ព្រះគម្ពីរជាមួយការសិក្សាដោយប្រព័ន្ធចំណេះដឹង។</p-l>
critical study	(study of the Bible as a human creation, drawing upon history, archaeology, literary criticism and philology) <p-l>ការសិក្សាព្រះគម្ពីរដោយប្រព័ន្ធចំណេះដឹង។</p-l>
criticism, biblical...	(an evaluation or analysis of a biblical study) <p-l>វិវេចនាខាងព្រះគម្ពីរ</p-l> criticize (vb) (to judge with disapproval) <p-l>រិះគន់</p-l> criticize (vb) (to evaluate or analyse) <p-l>ធ្វើវិវេចនា</p-l>
Croesus	(King of Lydia from 560 to 547 BC, when he was defeated by the Persians) <p-l>ស្ដេច ក្រូស៊ីស។</p-l>
Cromwell, Thomas	[English lawyer and statesman who served as chief minister to King Henry VIII, and was one of the strongest advocates of the English Reformation (1485-1540)] <p-l>ថូម៉ាស ក្រមវែល។</p-l>
cross	(n) (a structure or symbol consisting of two intersecting lines or pieces at right angles to one another) <p-l>ឈើឆ្កាង។</p-l>
Cross	(reference to the wooden cross upon which Jesus was crucified) <p-l>ឈើឆ្កាងរបស់ព្រះ យេស៊ូវ។</p-l>
cross-bearing	(the action of carrying a wooden cross on the way to one's own crucifixion, either literal or metaphorical) <p-l>ការលីឈើឆ្កាង។</p-l>
cross reference	(a reference within a text to another part of the text) <p-l>លេងយោង (យោងនឹង យោងផ្សេងទៀត)។</p-l>
crowd	(a large number of people gathered together) <p-l>ហ្វូងមនុស្ស (គ.ប: ហ្វូងមនុស្ស គ.ខ.បៈ បណ្តាជន-យ៉ាងច្រើន)។</p-l>
crown	(n) (a headdress denoting sovereignty) <p-l>មកុដ</p-l> (vb) <p-l>ទុកជាមកុដ</p-l>
crown	(the top of something, especially the human head) <p-l>ក្រឃៅ</p-l>
cruciform	(adj) (shaped like a cross) <p-l>ដែលជារាងគំរូនៃឈើឆ្កាង</p-l>
crucify	(vb) (to put to death by nailing or binding to a cross) <p-l>ឆ្កាង</p-l> crucifixion <p-l>ការឆ្កាង ការ ជាប់-លើឈើឆ្កាង។</p-l>
crusade	(an evangelistic mission) <p-l>យុទ្ធនាការផ្សាយដំណឹងល្អទ្រង់ទ្រាយធំ</p-l>
Crusades	(religious military campaigns aimed to restore Christian control of the Holy Land from the 11th to the 13th Century) <p-l>សង្គ្រាមសាសនា</p-l> Crusaders (soldiers who fought...) <p-l>ពួកអ្នកធ្វើសង្គ្រាមសាសនា។</p-l>
Ct.	(abbreviation "Canticles" or "Song of Solomon”) <p-l>បទ</p-l>.
cubit	(an ancient unit of length based on the length of the forearm and in the ANE estimated as 450 mm) <p-l>ហត្ថ។</p-l>
Cullmann, Oscar	[Lutheran theologian and Professor of NT at Basel Reformed Seminary, Germany and Sorbonne, Paris (1902-1999)] <p-l>បណ្ឌិតអូស្ការ ខុលមាន</p-l> (short) <p-l>ខុលមាន។</p-l>
culpability	(deserving censure, blameworthy) <p-l>ភាពគួរបន្ទោស</p-l>
cult/cultus	(specific system of religious worship, especially referring to rites and deity) <p-l>ធម្មការ</p-l> (informal) <p-l>ប្រព័ន្ធសាសនា</p-l> cultic (adj) <p-l>បែបធម្មការ</p-l> (informal) <p-l>នៃប្រព័ន្ធ សាសនា។</p-l>
cultic observance	(action following a specific system of religious worship) <p-l>ពិធីខាង សាសនា។</p-l>
cult-prophet	(a prophet directly associated with the temple-cult in the Temple) <p-l>ហោរា ធម្មការ។</p-l>
cuneiform	(characters or writing used in several ancient languages of Mesopotamia and Persia) <p-l>អក្សរដែលមានសណ្ឋានស្នៀត។</p-l>
cup	(small open container used for drinking) <p-l>ពែង</p-l>
cup, the...	(reference to the cup used in the celebration of the Lord's Supper) <p-l>ពែងនៃពិធី លៀង-ព្រះអម្ចាស់។</p-l>
cup-bearer	<p-l>នាយពិសេសថ្វាយពែង (គ.ប : នាយពិសេសថ្វាយពែង គ.ខ.បៈ : មហាតលិកដែលមាននាទីថ្វាយ ស្រា)។</p-l>
curd	(substance formed from the coagulation of milk by acid) <p-l>ខ្លាញ់ទឹកដោះ (គ.ប : ខ្លាញ់ទឹក ដោះ គ.ខ.ប : ខ្លាញ់)។</p-l>
curse	(vb) (to appeal to supernatural power for harm to come to a specific person, group etc.) <p-l>ផ្តាសា (គ.បៈ : ពោលពាក្យប្រទេចផ្តាសា គ.ខ.ប : ដាក់បណ្តាសា)</p-l> (n) <p-l>បណ្តាសា។</p-l>
curse-bearer	(someone who has to endure a curse) <p-l>អ្នករងបណ្តាសា</p-l> (an animal...) <p-l>សត្វ - រង បណ្តាសា។</p-l>
Cush	(son of Ham) <p-l>គូស</p-l>
Cush	(ancient Nubian state in NE Africa comprising large areas in present-day Egypt and Sudan) <p-l>ស្រុកគូស។</p-l>
cyclical history	(in contrast to linear history, this is a worldview that history continually repeats itself, never drawing to a conclusion) <p-l>ប្រវត្តិសាស្ត្រដែលកើតឡើងដដែល។</p-l>
cynicism	(the attitude or belief of a person who believes the worst about people or the outcome of events) <p-l>ចំអកឡកឡឺនិយម</p-l> cynic <p-l>អ្នកចំអកឡកឡើយ។</p-l>
cut off	(vb) (to disown) <p-l>កាត់កាល់</p-l>
cypress	(any coniferous tree of the northern temperate genus *Cupressus*) (a tree with flexible wood used in the manufacture of furniture and oars) <p-l>មែសាក់ ស្រឡៅ</p-l>
Cyprus, Island of...	<p-l>កោះគឺប្រុស</p-l>
Cyrene, City of...	<p-l>ក្រុងគឺរេន</p-l>
Cyrus, King...	<p-l>ស្ដេចស៊ីរូស</p-l>
D	(abbreviation "Deuteronomist Source") <p-l>ប្រភពដ្យធើរ៉ូណូមីស</p-l>
dabar	(Hebrew "word") <p-l>ពាក្យ (ភាសាហេព្រើរ)</p-l> (div) <p-l>ព្រះបន្ទូល</p-l>
Dallas Theological Seminary	(an evangelical theological seminary located in Dallas, Texas, founded in 1924, known for popularizing Dispensationalism) <p-l>សាលា ទេវសាស្ត្រ-ដាឡាស។</p-l>
Damascus. City of...	<p-l>ក្រុងដាម៉ាស</p-l>
Damascus Document / &quot;Damascus Rule&quot;	(a sectarian work from the Deat Sea Scrolls that expresses an eschatological hope of the restoration of a Davidic monarchy) <p-l>ឯកសារ «ក្រុងដាម៉ាស»។</p-l>
damned, the...	(those condemned by God) <p-l>អ្នកដែលត្រូវបានកាត់ទោស</p-l>
Dan	<p-l>ដាន</p-l> (Tribe of...) <p-l>អំបូរដាន់</p-l>
Dan	(abbreviation "Daniel”) <p-l>ដាន</p-l>.
Dan. City of....	<p-l>ក្រងជាន់</p-l>
Dan Stele	(a fragment of Aramaic stele from 9th Century BC) <p-l>គោលថ្មចារឹកដាន់</p-l>
Daniel, the prophet...	<p-l>ហោរាដានីយ៉ែល</p-l>
Daniel. Book of...	<p-l>កណ្ឌដានីយ៉ែល</p-l>
Danielic	(*adj*) (of the prophet Daniel) <p-l>របស់ហោរាដានីយ៉ែល</p-l>
Danil	(a lesser known deity at the City of Ugarit) <p-l>ព្រះជានីល</p-l>
Danites	(members of the tribe of Daniel) <p-l>ពូជអំបូរដាន់</p-l> Danite (*adj*) <p-l>របស់អំបូរដាន់</p-l>
daric	(name of a gold coin used in the Persian Empire, introduced by Darius I) <p-l>ដារីក</p-l>
Darius 1	[also known as Darius the Great, he reigned 552-486 BC, when the Achaemenid Empire was at its peak, organized the empire into provinces governed by satraps, and made Aramaic the official language of the empire (550-486 BC)] <p-l>ស្តេចជារិយសទី១។</p-l>
Darius II Nothus	(King of Persia 423-405 BC) <p-l>ស្ដេចដារីយុសទី២ ណូធូស</p-l>
Darius III Codomanus	[the last king of the Achaemenid Empire of Persia 336-330 BC who was defeated by Alexander the Great (380-330 BC)] <p-l>ស្ដេចដារីយុសទី៣ កូដូមានុសៗ</p-l>
darkness	(state of little or no light) <p-l>ភាពងងឹត</p-l>
Darwin, Charles	[an English naturalist who published his controversial theory of evolution in his 1859 book *On Origin of Species* (1809-1882)] <p-l>ឆាល ដាវីន។</p-l>
Darwinism	(meaning varies over time and context, but originally included the concept of transmutation of species popularly known as “evolution”) <p-l>លទ្ធិដាវីន។</p-l>
date	(fruit of the date palm) <p-l>ផ្លែសមើរ</p-l>
dative	(grammar: denoting a case of nouns, pronouns and adjectives used to express the indirect object, to identify the recipients, and for other purposes) <p-l>ការបង្ហាញកម្មបទ ប្រយោលក្នុងវេយ្យាករណ៍។</p-l>
David, King...	<p-l>ស្ដេចដាវីឌ ហ្លួងដាវីឌ</p-l>
David, City of...	(reference to Jerusalem) <p-l>ក្រុងរបស់ដាវីឌ</p-l>
Davidic	(adj) (belonging to David) <p-l>របស់ស្ដេចដាវីឌ ដូចស្ដេចដាវីឌ</p-l>
Davidic covenant	(establishes David and his descendants as the rightful kings of Israel) <p-l>សម្ព័ន្ធមេត្រីស្ដេចដាវីឌ។</p-l>
Davidic king	(a king of the line of David) <p-l>ស្ដេចនៃកនរាជវង្សដាវីឌ</p-l>
dawn	(the sky when light first appears) <p-l>អរុណរះ (គ.បៈ អរុណរះ គ.ខ.បៈ : ពេលថ្ងៃរះ)</p-l>
Day of the Lord	(reference to predicted events in a later historical age including the final judgement and the world to come) <p-l>ថ្ងៃរបស់ព្រះអម្ចាស់។</p-l>
day of visition	(reference to the destruction of Jerusalem as described in Luke 19:4144) <p-l>«ពេលដែលព្រះយេស៊ូវនឹងយាងមកប្រោស»។</p-l>
daysman	(Old English "arbiter”) <p-l>អាជ្ញាកណ្តាល</p-l>
deacon	(lay official appointed to assist the minister of a church) <p-l>អ្នកជំនួយ គ្រូជំនួយ</p-l>
dead	(adj) (not alive) <p-l>ស្លាប់</p-l>
dead, the...	(collective description of all people who have died) <p-l>មនុស្សដែលស្លាប់ទៅហើយ</p-l> (short) <p-l>មនុស្សស្លាប់។</p-l>
Dead Sea	<p-l>សមុទ្រស្លាប់</p-l>
Dead Sea Scrolls	(a collection of ancient scrolls discovered in 1946 at Qumran on the bank of the Dead Sea, including the oldest surviving copies of biblical documents) <p-l>រមូរក្រដាសសមុទ្រស្លាប់</p-l> (short "the Scrolls") <p-l>រមូរក្រដាស។</p-l>
dean	(Anglican Church: the head of a chapter of canons and administrator of a cathedral) <p-l>មេអនុរក្សវិសាលវិហារ។</p-l>
death	(permanent end of all functions of life) <p-l>សេចក្តីស្លាប់</p-l> (formal) <p-l>មរណភាព</p-l> (div) <p-l>ការ សុគត។</p-l>
Death	(the power of death) <p-l>អំណាចសេចក្តីស្លាប់</p-l>
debase	(vb) (to lower) (...quality) <p-l>បន្ទាប</p-l> (...value) <p-l>បញ្ចុះ</p-l>
debate	(vb) (to discuss or dispute) <p-l>ជជែកវែកញែក</p-l>
debauchery	(a life of depraved self-indulgence) <p-l>កាមគុណថោកទាប (គ.ប : អាសអាភាស គ.ខ.បៈ : កាមគុណថោកទាប)។</p-l>
Debir, City of	<p-l>ក្រុងដេបៀរ</p-l>
Debate of the three youths	(a Persian story featuring Zerubbabel, a governor under Darius, concerning a debate about the nature of power) <p-l>«ការជជែកវែកញែកនៃយុវជន បីនាក់»។</p-l>
Deborah	<p-l>នាងដេបូរ៉ា</p-l> (... the judge) <p-l>ចៅហ្វាយដេបូរ៉ា</p-l>
debris	(fragments or remnants of something destroyed or broken) <p-l>កម្ទេចថ្ម</p-l>
debt	(something that is owed) <p-l>បំណុល</p-l> debtor <p-l>កូនបំណុល</p-l>
Decalogue, the...	(the Ten Commandments) <p-l>បញ្ញត្តិទាំងដប់ប្រការ</p-l>
Decapolis	(a group of ten cities in Judea and Syria that were centres of Greek and Roman culture) <p-l>ស្រុកដេកាប៉ូល។</p-l>
decay	(to rot as a result of bacteria, fungal or chemical action) <p-l>ភាពពុករលួយ</p-l>
deceive	(vb) (to mislead by deliberate misrepresentation or lies) <p-l>បញ្ឆោត</p-l> deception <p-l>ការ បញ្ឆោត។</p-l>
deceive	(vb) (to delude oneself) <p-l>បំភាន់ខ្លួន</p-l> deception <p-l>ការបំភាន់ខ្លួន</p-l>
decipher	(vb) (to determine the meaning of something obscure) <p-l>បកស្រាយសារសម្ងាត់</p-l>
declare	(vb) (to make clearly known or announce officially) <p-l>ប្រកាស</p-l> declaration <p-l>សេចក្តី ប្រកាស។</p-l>
declaratory	(adj) (stating only the meaning of something) <p-l>ដែលប្រកាស</p-l>
deconsecrate	(vb) (to remove a religious blessing from something previously consecrated) <p-l>ធ្វើមិនការឧទ្ទិស។</p-l>
deconstruct	(vb) (literary studies: to pursue the meaning of a text to the point of exposing the supposed contradictions and internal oppositions upon which it is founded) <p-l>បន្តរើសអត្ថន័យក្នុងអត្ថបទរហូតដល់រកឃើញភាពផ្ទុយគ្នាដែលជាមូលដ្ឋាន។</p-l>
decree	(vb) (to order, adjudge or ordain by decree) <p-l>ចេញក្រឹត្យ</p-l> (informal) <p-l>បញ្ជា</p-l>
decree	(an edict, law made by someone in authority) <p-l>ក្រឹត្យ</p-l> (div) <p-l>ព្រះរាជក្រឹត្យ (គ.បៈ : បញ្ញត្ត ច្បាប់ គ.ខ.ប : ច្បាប់) ។</p-l>
decretive	(adv) (...will of God: the sovereign, efficacious will by which God does whatever he wills by his divine decree) <p-l>ដែលជាព្រះរាជកម្មតាមរយៈព្រះរាជក្រឹត្យ។</p-l>
Dedan	(son of Raamah) <p-l>ដេដាន់</p-l>
Dedan, City of...	<p-l>ក្រុងដេដាន់</p-l>
dedicate	(vb) (to devote wholly to a special purpose) <p-l>ឧទ្ទិស</p-l> dedication <p-l>ការឧទ្ទិស</p-l>
dedication	(the act of consecrating a church or other sacred building) <p-l>ពិធីឧទ្ទិស</p-l>
Dedication Feast of...	(an eight-day Jewish festival commemorating the rededication of the Temple at the time of the Maccabean revolt) <p-l>បុណ្យឆ្លង។</p-l>
deduce	(vb) (to reach a conclusion by reasoning) <p-l>ទាញផលពីវិចារណកិច្ច</p-l> deduction <p-l>ទំនាញ ផល-ពីវិចារណកិច្ច។</p-l>
deed	(something done or performed) (div) <p-l>ព្រះរាជកិច្ច</p-l>
de facto	(Latin: existing in fact, legal or not) <p-l>ជាក់ស្តែង (ភាសាឡាតាំង)</p-l>
defile	(vb) (to pollute, make foul/dirty) <p-l>ធ្វើអោយមិនស្អាត (គ.ប : នាំអោយទៅជាគូរខ្ពើមឆ្នើម គ.ខ.ប : បណ្តោយអោយសៅហ្មង)</p-l> defilement <p-l>ភាពធ្វើឲ្យមិនស្អាត។</p-l>
definite article	(grammar: a determiner that expresses specificity of reference, such as "the" in English) <p-l>គុណនាមម្យ៉ាងប្រៀនៅមុននាមដែលបង្ហាញភាពជាក់លាក់។</p-l>
deism	(belief in the existence of God based solely on natural reason, without reference to revelation) <p-l>ទេវនិយម។</p-l>
Deissmann, Gustav Adolf	[German Protestant theologian, best known for work on the Greek language as used in the NT, professor of theology at University of Heidleberg (1897-1908) and University of Berlin (1908-1935) (1866-1937)] <p-l>បណ្ឌិតដេសម៉ាន់។</p-l>
deity	(god or goddess) <p-l>អាទិទេព</p-l>
Deity	(the state of being divine) <p-l>ភាពជាព្រះជាម្ចាស់</p-l>
de jure	(Latin: concerning law) <p-l>តាមផ្លូវច្បាប់ (ភាសាឡាតាំង)</p-l>
delegate	(vb) (to authorize as an agent or representative) <p-l>ផ្ទេរអំណាច</p-l>
delinquent	(adj) (a failing in, or neglectful of duty or obligation) <p-l>ដែលប្រព្រឹត្តបទល្មើស</p-l>
deliver	(vb) (to release or rescue from captivity, harm, corruption etc.) <p-l>រំដោះ (គ.បៈ រំដោះ គ.ខ.ប : ប្រោសអោយ)</p-l> deliverance <p-l>ការដោះលែង។</p-l>
deliver	*(vb)* (to hand over into captivity, harm etc.) <p-l>បញ្ជូន</p-l>
delta	(the flat alluvial area at the mouth of some rivers where the mainstream splits up into several tributaries) <p-l>ដីសណ្ដ។</p-l>
delude	*(vb)* (to mislead or deceive) <p-l>បញ្ឆោត</p-l> *delusive (adj)* <p-l>ដែលបញ្ឆោត ដែលបោកប្រាស</p-l>
demand	*(vb)* (to claim as a right e.g. demand of the law) <p-l>ទាមទារ</p-l>
Demetrius	<p-l>ដេមេទ្រាស</p-l>
Demetrius I Soter	[a ruler of the Hellenistic Seleucid Empire 161-150 BC who had a military victory over the Maccabees, killing Judas Maccabaeus in 160 BC (185-150 BC)] <p-l>ស្ដេចដេមេទ្រាសទី១។</p-l>
Demetrius of Phalerum	[an Athenian orator, student of Theophrastus and one of the first of the Peripatetics, appointed by King Cassander of Macedonia to govern Athens (c. 350-280 BC)] <p-l>ដេមេទ្រាសពីក្រុងហ្វាលេរួម។</p-l>
demon	(an evil spirit or devil) <p-l>អារក្ស វិញ្ញាណអាក្រក់</p-l>
demonology	(the study of demons or demonic beliefs) <p-l>វិជ្ជាករសិក្សាពីអារក្ស</p-l>
demon possession	(the state of being controlled or dominated by evil spirits) <p-l>អារក្សចូល</p-l>
demonism	(belief in. or worship of demons or devils) <p-l>អារក្សនិយម</p-l>
demotic	*(adj)* (relating to a simplified form of hieroglyphics used in Ancient Egypt by the ordinary literate class outside the priesthood) <p-l>នៃគំនូរអក្សរបែបសាមញ្ញ។</p-l>
demythologize	*(vb)* (to provide an explanation of something, or to present something, in a way which removes any mystery surrounding it) <p-l>សម្តែងដោយបំបាត់ចោលរឿងព្រេង និទាន។</p-l>
denarius	(a small silver coin in the Roman currency system, first minted in 211 BC) <p-l>ប្រាក់ រួម (គ.បៈ ប្រាក់ គ.ខ.បៈ ដួង)។</p-l>
denomination	(a religious group having a distinct interpretation of faith and usually its own organization) <p-l>និកាយ។</p-l>
denounce	*(vb)* (to condemn openly) <p-l>ស្តីបន្ទោស [(គ.បៈ បន្ទោស ប្រកាន់ទោស) (គ.ខ.បៈ ស្តីបន្ទោស រិះគន់) គ.គ. បន្ទោស។</p-l>
de novo	(adj)* (Latin: from the beginning) <p-l>ជាថ្មី (ភាសាឡាតាំង)</p-l>
deny	(to declare an assertion to be untrue) <p-l>បដិសេធ (គ.ប ប្រកែក គ.ខ.ប បដិសេធ)</p-l>
deny	*(vb)* (to refuse to accept of believe) <p-l>មិនទទួលស្គាល់</p-l>
depend on	*(vb)* (to rely on) <p-l>ពឹងពាក់លើ</p-l> *dependent (adj)* <p-l>ដែលនឹងពាក់</p-l>
deplore	(vb) (to express or feel sorrow) <p-l>សម្តែងនូវសេចក្តីសោកស្តាយ</p-l>
deposit	<p-l>សូមមើល</p-l> down-payment
depravity	(state of moral corruption) <p-l>សេចក្តីពុករលួយ ភាពអសីលធម៌ [(គ.បៈ : សេចក្តីព្យាបាទ សេចក្តី ពុករលួយ) គ.ខ.ប : សេចក្តីអន្តរាយគំនិតពោល)។</p-l>
deprive	(vb) (to prevent from possessing or enjoying) <p-l>បង្អត់</p-l> deprivation <p-l>ការបង្អត់</p-l>
Derbe, City of...	<p-l>ក្រុងឌីបេ</p-l>
derivation	(grammar: the source or origin of a word) <p-l>ការក្លាយនៃសព្វវចនៈ</p-l>
derivative	(grammar: word derived from another word) <p-l>ពាក្យក្លាយចេញពីពាក្យផ្សេង</p-l>
Descartes, Rene	[French philosopher, mathematician and writer commonly regarded as "Father of Modern Philosophy" and much subsequent Western philosophy is a response to his writings (1596-1650)] <p-l>វីន ដេស្អាត។</p-l>
descent into Hades”	<p-l>«ការយាងចុះទៅស្ថាននរក»</p-l>
desert	(virtue, merit) <p-l>គុណធម៌</p-l>
desire	(a wish or longing) <p-l>ឆន្ទៈ</p-l>
desire	(craving) <p-l>ប៉ងប្រាថ្នា</p-l> (informal) <p-l>ប្រាថ្នា (គ.បៈ : ប៉ងប្រាថ្នា គ.ខ.គ : ចិត្តលោភលន់)</p-l>
despise	(vb) (to look down on with contempt) <p-l>មើលងាយ (គ.បៈ ខ្ពើម)</p-l>25 despised (adj) <p-l>ដែល គេមើលងាយ។</p-l>
despondency	(state of being discouraged or without hope) <p-l>ការអស់សង្ឃឹម</p-l>
destiny	(future foreordained) <p-l>ជោគវាសនា ចុងបញ្ចប់ផ្លូវជីវិត (គ.ប ចុងបំផុតផ្លូវ (គ.ខ.បៈ ដល់ទីបំផុត ចុងបញ្ចប់)]</p-l> (short) <p-l>វាសនា។</p-l>
Destiny	(description of a god who controls history and the future, but fails to engage personally with this world) <p-l>ព្រះវាសនា។</p-l>
detachment	(indifference to other people or one's surroundings) <p-l>ការផ្តាច់ខ្លួនចេញ</p-l>
determinism	(philosophical doctrine that all events are fully determined by preceding events and states of affairs so that freedom of choice is illusionary) <p-l>បច្ច័យនិយម (ទោះបីយៀងគិតថា មានសិទ្ធជ្រើសរើសមែន ប៉ុន្តែព្រះបានកំណត់អ្វីៗទាំងអស់ហើយ)។</p-l>
Deuteronomic code	(the law code within the Book of Deuteronomy) <p-l>ក្រមច្បាប់ក្នុងកណ្ឌ ចោទិយកថា</p-l>
Deuteronomic law	<p-l>សូមមើល</p-l> Deuteronomic code
Deuteronomist	(the theoretical author of "the Deuteronomistic history") <p-l>អ្នកដែលសាស្ត្រា ចារ្យខ្លះបញ្ជាក់ថាជាអ្នកនិពន្ធកណ្ឌចោទិយកថាដល់ពង្សាវតារក្សត្រ។</p-l>
Deuteronomist	(one of the four major sources of the Torah as postulated by the Documentary Hypothesis) <p-l>ប្រភពដ្យធើរ៉ូណូមីស។</p-l>
Deuteronomistic history	(theory that Deuteronomy, Joshua, Samuel and Kings all come from one source called "the Deuteronomist”) <p-l>ទ្រឹស្តីដែលពោលថាជាអ្នកនិពន្ធម្នាក់បានសរសេរកណ្ឌចោទិយកថាដល់ពង្សាវតារក្សត្រ។</p-l>
Deuteronomy, Book of...	<p-l>កណ្ឌចោទិយកថា (គ.ខ.បៈ : ទុតិយកថា)</p-l>
devil	(an evil spirit) devil, the... (the chief evil spirit, Satan) <p-l>អារក្សសាតាំង</p-l>
devote	(vb) (to apply or dedicate oneself to a cause) <p-l>យកចិត្តទុកដាក់ [(គ.បៈ : ព្យាយាម - មាន សេចក្តីបង្ខំក្នុងចិត្ត ខាងឯសេចក្តីស្រឡាញ់) (គ.ខ.បៈ : ព្យាយាម ចំណាយ ស្រឡាញ់រាប់អានគ្នា) (គ.គ.ខៈ : ជាប់មមាញឹក ស្រឡាញ់គ្នាទៅវិញទៅមក)]</p-l> devotion <p-l>ភក្ដីភាព។</p-l>
devotee	(zealous follower of a religion) <p-l>អ្នកកាន់សាសនាដ៏ស៊ប់</p-l>
devotional	(a short talk of spiritual encouragment) <p-l>ពាក្យសំដីលើកទឹកចិត្តខាងវិញ្ញាណ</p-l>
devour	(vb) (to eat up greedily or voraciously) <p-l>ត្របាក់</p-l>
devout	(adj) (sincere, honest, heartfelt) <p-l>ធម្មនិដ្ឋ</p-l> (informal) <p-l>ដែលមានចិត្តល្អ</p-l>
dew	(tiny drops of water that form on cool surfaces at night) <p-l>សន្សើម</p-l>
de Wette, Wilhelm	[German theologian and biblical scholar (1780-1849)] <p-l>បណ្ឌិតឌីវែត</p-l>
dharma	(Buddhism: the only ultimate reality) <p-l>ធម្ម</p-l>
diachronic	(adj) (concerned with the development of a text or doctrine over time) <p-l>នៃការ ប្តូរអក្សរឬគោលលទ្ធិនៅអំឡុងពេល។</p-l>
diaconate	(the office and status of a deacon) (office...) <p-l>តួនាទីអ្នកជំនួយ</p-l> (status...) <p-l>ឋានៈអ្នក ជំនួយ។</p-l>
diakonos	(Greek "servant”) <p-l>«អ្នកបម្រើ» (ភាសាក្រេក)</p-l>
dialect	(a form of language spoken in a particular geographic location or by members of a particular class, distinguished by its vocabulary, grammar, and pronunciation) <p-l>គ្រាមភាសា។</p-l>
dialectic	(a method of argument for resolving disagreement that has been central to philosophy since antiquity) <p-l>វិចារវិទ្យា តក្កវិជ្ជា។</p-l>
dialectical variant/dialect	(form of language spoken in a particular geographic region) <p-l>គ្រាមភាសា</p-l> (word or term spoken differently within a particular region) <p-l>ពាក្យដែលផ្លាស់ប្តូរនៃគ្រាមភាសា។</p-l>
dialogue	(an exchange of opinions on a particular subject) <p-l>កិច្ចសន្ទនា</p-l>
Diana, the goddess....	<p-l>ព្រះឌីអាន</p-l>
Diaspora	(the dispersion of the Jews after the Babylonian and Roman conquests of Palestine) <p-l>ការបែកខ្ញែកគ្នាទៅប្រទេសជាច្រើនរបស់សាសន៍យូដា។</p-l>
Diaspora	(the Jewish communities outside the Roman provinces of Judaea and Galilee) <p-l>សហគមន៍សាសន៍យូដាជាច្រើនក្រៅស្រុកយូដា និងកាលីឡេ។</p-l>
diatribe	(negative criticism or denunciation) <p-l>ការរិះគន់ជាចំហយ៉ាងខ្លាំង</p-l>
dichotomy	(division into two clearly distinguished or opposed parts) <p-l>ការបែកជាពីរ</p-l>
dictionary	(a reference book that consists of an alphabetical list of words giving information about their meanings and other attributes) <p-l>វចនានុក្រម។</p-l>
dictum	(a formal or authoritative statement) <p-l>សេចក្តីថ្លែងការណ៍</p-l>
didache	(Greek: ethical instruction) <p-l>ការបង្ហាត់បង្រៀនពីសីលធម៌ (ភាសាក្រេក)</p-l>
Didache	(a document that is part of the "Apostolic Fathers", also known as "The Teaching of the Twelve Apostles", is a brief treatise generally dated late 1"/early 2nd Century) <p-l>ឯកសារ «ឌីដអាយី»។</p-l>
didactic method	(method intended for instruction) <p-l>វិធីសាស្ត្រសម្រាប់ការអប់រំ</p-l> "Didascalia" (a Greek work in eight books containing regulations of Church life, claiming to have been written by the Apostles) <p-l>ឯកសារ «ឌីដាស្កាលា»។</p-l>
die	(vb) <p-l>សូមមើល</p-l> death
dignity	(the state or quality of being worthy of honour) <p-l>សេចក្តីខ្ពង់ខ្ពស់ (គ.ប : សេចក្តីខ្ពង់ខ្ពស់ គ.ខ.ប : ភាពឧត្តុង្គឧត្តម)។</p-l>
Diklah	(son of Joktan, son of Eber) <p-l>ឱកឡា</p-l>
dilettante	(a person whose interest in a subject is only superficial) <p-l>អ្នកវក់</p-l>
diminutive	(grammar: an affix added to a word conveying the meaning "small" or "unimportant") <p-l>ពាក្យដែលសម្តែងបន្តិច។</p-l>
Dinah	<p-l>នាងឌីណា</p-l>
Dio Cassius	[a Roman consul and historian who published a history of Rome in 80 volumes covering a period of 1400 years (c. 150-235)] <p-l>ឌីអូកាសៀស។</p-l>
diocese	(district under the jurisdiction of a bishop) <p-l>អភិបាលដ្ឋាន</p-l>
Diocletian, Emperor	[Roman Emperor from 284 to 305 AD, responsible for the edict ordering the destruction of Christian Scriptures and places of worship across the Empire (244-311 AD)] <p-l>អធិរាជឌីយ៉ូក្លេស៊ីយ៉ាំង។</p-l>
Dionysius the Areopagite	(a mystical and Neoplatonic theologian and philosopher of the late 5th to early 6th Century, and author of *Corpus Areopagiticum*) <p-l>ឌីយ៉ូនីសៀស។</p-l>
Dionysius Cult	(a mystery cult commonly throught to have originated in Thrace and spread throughout the Mediterranean region in the Classical Greek period) <p-l>សាសនា-ឌីយ៉ូនីសៀស។</p-l>
disappoint	*(vb)* (to fail to meet certain expectations, hopes, desires or standards) <p-l>ធ្វើអោយ ខកចិត្ត (គ.ប : នាំឲ្យមានសេចក្តីខ្មាស គ.ខ.ប : ធ្វើអោយខកចិត្ត)27។</p-l>
discern	*(vb)* (to recognize or perceive differences) <p-l>ទទួលស្គាល់ភាពខុសគ្នា</p-l>
discharge, bodily...	(an emission of fluid from the sexual organs) (female...)28 <p-l>រដូវ</p-l>
(male...)	<p-l>ទឹកកាម (គ.បៈ : ខ្ទុះហូរចេញពីសាច់ គ.ខ.បៈ : ជំងឺកាមរោគ)។</p-l>
disciple	(personal follower of a teacher) <p-l>សិស្ស</p-l> discipleship <p-l>ភាពជាសិស្ស</p-l>
discipline	*(n)* (the attempt to improve behaviour by punishment) <p-l>ការវាយប្រដៅ [(គ.បៈ វាយ ដំ សេចក្តីផ្ចាញ់ផ្ទាល វាយផ្ទាល) (គ.ខ.ប: ការវាយប្រដៅ ការប្រដៅ វាយប្រដៅ)]។</p-l>
discipline	(systematic training in obedience to regulations and authority) <p-l>ការណែនាំ</p-l>
Discipline. Manual of...	(a document from the Essene community explaining their morals and ideals, and outlining ceremonies, catechical discourse, statutes and hymns) <p-l>«សៀវភៅពីការប្រដៅ»។</p-l>
discord	(lack of agreement or harmony) <p-l>ឈ្លោះប្រកែក (គ.ប : ឈ្លោះប្រកែក គ.ខ.ប : បាក់បែកគ្នា)</p-l>
discourse	(a formal treatment of a subject in speech or writing) <p-l>សេចក្តីថ្លែងបញ្ចេញយោបល់</p-l>
discourse	(talk, conversation) <p-l>ការពិភាក្សា</p-l>
discriminate	*(vb)* [to recognize or understand the difference (between...)] (positively) <p-l>ស្គាល់ខុសត្រូវ (គ.ប : យោគយល់)</p-l> (negatively) <p-l>រើសអើង (ដោយភេទ ពូជសាសន៍ ។ល។)។</p-l>
Dishon	(the youngest son of Seir the Horite, a chief in Edom, see Gen. 36:21) <p-l>ឌីសុន</p-l>
dishonor	(a state of shame or disgrace) <p-l>ភាពអាប់កិត្តិយស សេចក្តីអាប់ឱន (គ.ប : សេចក្តីអាប់ឱន គ.ខ.ប : ដ៏ថោកទាប)។</p-l>
disobey	*(vb)* (to refuse is obey) <p-l>មិនស្តាប់បង្គាប់</p-l> disobedience <p-l>ការមិនស្តាប់បង្គាប់</p-l>
disobedient	(refererence to those who refuse to obey) <p-l>មនុស្សរឹងចចេស</p-l>
dispense	*(vb)* (to distribute something) <p-l>ចែកចាយ</p-l> dispensation (something distributed or
dispensed)	<p-l>ការចែកចាយ</p-l> (div) <p-l>អំណោយទាន។</p-l>
dispensation	(the ordering of life and events by God) <p-l>ការគ្រប់គ្រងលើជីវិត និងហេតុការណ៍ទាំង អស់ដោយព្រះជាម្ចាស់។</p-l>
dispensation	(Dispensationalism: a period within biblical history, generally between the announcement or inauguration of various covenants) <p-l>សម័យផ្សេងៗដែលព្រះជាម្ចាស់ បានបង្កើត ដែលស្ថិតក្រោមសម្ព័ន្ធមេត្រីផ្សេងៗ។</p-l>
Dispensationalism	(theory derived from the idea that biblical history is best understood through a series of successive dispensations, the number typically being three, four, seven or eight) <p-l>ការចាត់ចែងនិយម (ទ្រឹស្តីអំពីសម័យផ្សេងៗដែលព្រះជាម្ចាស់បានបង្កើត ដែលស្ថិតក្រោមសម្ព័ន្ធមេត្រីផ្សេងៗ)</p-l> dispensationalist <p-l>អ្នកជឿការចាត់ចែងនិយម។</p-l>
Dispersion, the...	(Jews scattered throughout the non-Jewish world) <p-l>ការបែកខ្ចាត់ខ្ចាយរបស់ ពួកយូដា (គ.ប : ខ្ចាត់ខ្ចាយ គ.ខ.បៈ បែកខ្ញែកគ្នា គ.គ.ខៈ : ខ្ចាត់ខ្ចាយ)។</p-l>
displeasure	(div) (the condition of being annoyed or offended) <p-l>មិនសព្វព្រះទ័យ</p-l>
disposition	(person's usual temperament or frame of mind) <p-l>អធ្យាស័យ</p-l> (informal) <p-l>អារម្មណ៍ ផ្លូវចិត្ត។</p-l>
dispossess	(vb) (to confiscate) <p-l>រឹបអូស</p-l> dispossession <p-l>ការរឹបអូស</p-l>
dissension	(disagreement leading to a quarrel) <p-l>បាក់បែក (គ.ប : បាក់បែក គ.ខ.ប : ប្រឆាំងគ្នា)</p-l> distributive sense (grammar: referring separately to the individual people or items in a group) <p-l>អត្ថន័យសំដៅទៅលើវត្ថុ/មនុស្សនីមួយៗ។</p-l>
Dives	[a name commonly given to the rich man in the Parable of the rich man and Lazarus (Lk. 16:19-31)] <p-l>អ្នកមាន។</p-l>
divide	(vb) (to separate into groups) <p-l>បាកបែង</p-l> division (n) <p-l>សេចក្តីបាកបែង</p-l>
divine	(vb) (to discover future events or unknown things by supernatural powers) <p-l>ទាយ ហេតុការណ៍ទុកជាមុន</p-l> divination <p-l>ទំនាយដោយមន្តអាគម [(គ.ប: ទាយ របៀនរបស់គ្រូអង្គុយ ធម៌ ការទំនាយ ការមន្តវិជ្ជា ការមន្តអាគម អង្គុយធម៌ ទំនៀមទំលាប់ពីស្រុកខាងកើត ទំនាយតាមរ បៀន) (គ.ខ.ប : ទស្សន៍ទាយ អំពើអំពាន់ ការរកគ្រូទាយ មន្តអាគម ពាក្យទស្សន៍ទាយប្រឌិត មើល ជោគរាសី)]</p-l> diviner <p-l>គ្រូទំនាយដោយមន្តអាគម។</p-l>
divine	(adj) (relating to, or characterizing God) <p-l>របស់ព្រះជាម្ចាស់</p-l>
divinity	(the state of being divine) <p-l>ទេវភាព</p-l>
divorce	(vb) (to dissolve a marriage) <p-l>ដាចសមគ្គសង្វាស</p-l> (informal) <p-l>លែង (គ.បៈ : លែង គ.ឧ.បៈ : លែងលះ) ការដាច់សមគ្គសង្វាស</p-l> (informal) <p-l>ការលែង (រវាងប្តី និងប្រពន្ធ)។</p-l>
Dn.	(abbreviation "Book of Daniel") <p-l>ដា</p-l>.
docetism	(an Early Church heresy that the humanity of Christ, his suffering and his death, were apparent rather than real) <p-l>ទំនងនិយម</p-l> docetic (adj) <p-l>នៃទំនងនិយម។</p-l>
doctrine	(creed or body of teaching presented for acceptence or belief) <p-l>គោលលទ្ធិ [គ.ប : គោលលទ្ធិ (គ.ខ.បៈ : សេចក្តីបង្រៀន គោលលទ្ធិ)]។</p-l>
document	(a piece of paper or parchment containing information) <p-l>ឯកសារ</p-l>
documentary hypothesis, the...	(holds that the Pentateuch was derived from originally independent, parallel and complete narratives, which were subsequently combined into the current form by a series of four redactors) <p-l>សម្មតិកម្មនៃឯកសារទាំង បួន។</p-l>
documentary criticism	(analysis of the Pentateuch based on the documentary hypothesis) <p-l>វិជចនាបញ្ចកណ្ឌដោយសម្មតិកម្មឯកសារទាំងបួន</p-l> documentary critic <p-l>អ្នកសិក្សាបញ្ចកណ្ឌ ដោយសម្មតិកម្មឯកសារទាំងបួន។</p-l>
Dodd, Charles Harold	[Welsh NT scholar and influential Protestant theologian who promoted the belief that Jesus' references to the kingdom of God meant a present reality rather than a future apocalypse (1884-1973)] <p-l>បណ្ឌិតដត។</p-l>
dogma	(religious doctrines or system of doctrines proclaimed by ecclesiastical authority as true) <p-l>សិទ្ធាន។</p-l>
dogmatic	(adj) (as if authoritative and unchallengeable) <p-l>ដែលអះអាងដូចប្រាកដថាត្រូវ</p-l> dogmatism <p-l>និយាយអះអាងដូចប្រាកដថាត្រូវ។</p-l>
dogmatics	(the study of dogma) <p-l>សិទ្ធាន្តវិជ្ជា (ការសិក្សាពីសិទ្ធាន្ត)</p-l>
Dominican Order, the...	(the Roman Catholic Order of Preachers founded by Dominic de Guzman in France and given papal recognition in 1216) <p-l>ក្រុមដូមីនីក។</p-l>
dominion	(rule, authority) <p-l>ការគ្រប់គ្រង អំណាច [(គ.ប: រាជ្យ ពួកមេទាំងប៉ុន្មាន អំណាច) (គ.ខ.ប : រាជ្យ មានបារមីគ្រប់គ្រង អំណាច)]។</p-l>
dominus	(Latin "lord”) <p-l>ព្រះជាម្ចាស់ (ភាសាឡាតាំង)</p-l>
Domitian	[Roman Emperor from 81 to 96 AD, was the third and last emperor of the Flavian Dynasty (51-96 AD)] <p-l>អធិរាជដូមីធាន។</p-l>
Donatism	(a rigorist group holding that the church must be a church of saints, not sinners, and that martyrdom is the supreme Christian virtue) <p-l>ដូនីនិយម។</p-l>
donkey	<p-l>សត្វលា</p-l>
Dor, City of...	<p-l>ក្រុងជោរ</p-l>
Douay Bible	<p-l>សូមមើល</p-l> Rheims Douay Bible
double predestination	(the view that God foreordained who would go to heaven, and who would go to hell, and his decision will infallibly come to pass) <p-l>បុព្វវាសនាពីរផ្លូវ (ទស្សនៈកំណត់វាសនាជាមុនគឺព្រះអម្ចាស់សម្រេចចិត្តថា អ្នកណាទៅនរក ហើយអ្នកណាទៅស្ថាន សួគ៌)។</p-l>
doubt	(n) (uncertainty about the truth) <p-l>មន្ទិល</p-l> (vb) <p-l>សង្ស័យ</p-l> (pass) <p-l>មន្ទិលសង្ស័យ</p-l>
dough	(thick mixture, generally of flour and water, used for making bread) <p-l>ម្សៅលាយមុន ដំបូង។</p-l>
doulos	(Greek "slave") <p-l>«ទាសករ» (ភាសាក្រេក)</p-l>
dove	<p-l>សត្វព្រាប</p-l>
down-payment	(deposit paid on an item purchased on hire purchase, mortgage, etc.) <p-l>បញ្ចាំ ចិត្ត (ប្រាក់លើកដំបូងដើម្បីទិញអ្វីមួយ)។</p-l>
dowry	(the money or property brought by a woman to her husband at marriage) <p-l>បណ្តាការ</p-l>
doxology	(a hymn, verse or group of words in Christian liturgy) <p-l>បទសរសើរតម្កើងព្រះគ្រីស្ទ</p-l>
drachmē/ drachm	(the basic Greek silver coin in the NT period) <p-l>កាក់ប្រាក់ (គ.ប : ប្រាក់ គ.ខ.បៈ : ប្រាក់ដួង)។</p-l>
dram	(<p-l>សូមមើល</p-l> daric) <p-l>ដារីក</p-l>
dream	(n) (a series of events experienced during certain phases of sleep) <p-l>សុបិន</p-l>
dress	(a complete set of clothing) <p-l>សម្លៀកបំពាក់</p-l>
drive	(vb) (to move by force) <p-l>បណ្ដេញ</p-l>
Driver, Samuel Rolles	[an English Hebrew scholar who devoted his life to the textual and critical study of the OT (1846-1914)] <p-l>បណ្ឌិតដោយជីរ។</p-l>
drink-offering	(a form of libation accompanying various sacrifices and offerings) <p-l>ដង្វាយ ផឹក។</p-l>
drunk	(adj) (intoxicated with alcohol to the extent of losing control over normal physical and mental functions) <p-l>ស្រវឹងស្រា</p-l> (short) <p-l>ស្រវឹង</p-l> drunkenness <p-l>ការស្រវឹងស្រា ប្រមឹក</p-l>
drunkard	(a person who is habitually drunk) <p-l>ប្រមឹក។</p-l>
Drusilla	[(daughter of Herod Agrippa I and second wife of Antonius Felix, procurator of Judea (38-79AD)] <p-l>នាងទ្រូស៊ីល។</p-l>
DSS	(abbreviation "Dead Sea Scrolls”) <p-l>រមូរក្រដាសសមុទ្រស្លាប់</p-l>
Dt.	(abbreviation "Book of Deuteronomy") <p-l>ចោទិ</p-l>.
dualism	(the theory that the universe from its origins has been ruled by two conflicting powers, one good and one evil, both existing as equal ultimate first causes) <p-l>ទ្ធិក និយម។</p-l>
Dunn, James	[Professor of Divinity at the University of Durham, U.K. and a leading NT scholar especially associated with the New Perspective on Paul (1939- )] <p-l>បណ្ឌិត យ៉ាកុបដុន</p-l> (short) <p-l>ដុន។</p-l>
duplex ministerium	(Latin "twofold ministry") <p-l>ព័ន្ធកិច្ចពីរផ្លូវ (ភាសាឡាតាំង)</p-l>
dust	(the earth; ground) <p-l>ធូលីដី</p-l>
dust of the earth	(reference to the numerous particles that compose the soil of the ground) <p-l>ធូលីដី។</p-l>
duty	(task or action a person is bound to undertake for moral or legal reasons) <p-l>កាតព្វកិច្ច</p-l>
dwell	(vb) (to live as a permanent resident) <p-l>រស់នៅ</p-l> (div) <p-l>គង់នៅ</p-l>
dwell	(vb) (to come to rest briefly) <p-l>សណ្ឋិត</p-l>
dynamic	(adj) (concerned with forces that produce motion or change) <p-l>ដែលមានថាមពល</p-l>
(...personality)	<p-l>ដែលស្ទាត់ជំនាញ</p-l> (...meaning) <p-l>ដែលមានអំណាចនឹងប៉ះពាល់ចិត្ត។</p-l>
dynamism	(a philosophy or theory that seeks to explain phenomena in terms of force or energy) <p-l>ថាមពលនិយម។</p-l>
dynasty	(a sequence of hereditary rulers) <p-l>សន្តតិវង្ស</p-l>
E	(abbreviation "Elohist source”) <p-l>ប្រភពខាងអេឡូអ៊ីស</p-l>
E.	(abbreviation "East", "eastern") <p-l>ទីខាងកើត</p-l>
Ea	(a god in Sumerian mythology, originally patron god of the city of Eridu) <p-l>ព្រះអៀ</p-l>
Early Bronze Age	(period 3300-2100 BC) <p-l>យុគសំរឹទ្ធដើម</p-l>
Early Church/early church	(the Church from the death of Jesus to 600 AD) <p-l>ពួកជំនុំដើម</p-l>
Early Dynastic Period	(in the Mesopotamian civilizations this refers to a period from 2900 to c. 2334 BC when the Akkadian Empire commenced) <p-l>សម័យដើមសន្តតិ វង្ស។</p-l>
Early Prophets/early prophets	(reference to the historical books from Joshua to 2 Kings) <p-l>កណ្ឌពួកហោរាមុន។</p-l>
earnest	(adj) (sincerity of intention) <p-l>ដែលស្មោះអស់ពីចិត្ត</p-l>
earnest	(adj) (seriousness in mind or intention) <p-l>ដែលពិតប្រាកដ</p-l> "earnest" (the first installment of a gift or payment, put down as a pledge that the rest will follow) <p-l>បញ្ចាំចិត្ត។</p-l>
East, the...	(the continent of Asia as viewed from Europe) <p-l>ទ្វីបអាស៊ី</p-l>
Easter	(festival commemorating the Resurrection) <p-l>បុណ្យព្រះយេស៊ូវមានព្រះជន្មរស់ឡើងវិញ</p-l>
Easter Eve	(Church calendar: the day after Good Friday, and day before Easter Sunday, that commemorates the day that Jesus' body was laid in the tomb) <p-l>មួយថ្ងៃមុនថ្ងៃ ព្រះយេស៊ូវមានព្រះជន្មរស់ឡើងវិញ។</p-l>
Easter Sunday	(Church calendar: the central feast in the liturgical year that celebrates Jesus rising from the dead on the third day after his crucifixion) <p-l>ថ្ងៃអាទិត្យព្រះ យេស៊ូវមានព្រះជន្មរស់ឡើងវិញ។</p-l>
Eastern Church	(the churches that grew from the Hellenistic east of the Roman Empire) <p-l>ពួកជំនុំខាងកើត។</p-l>
Ebal, Mt...	<p-l>ភ្នំអេបាល</p-l>
Eber	(son of Shelah, son of Arphaxad, son of Shem) <p-l>ហេប៉ើរ</p-l>
Ebionites	(a Jewish-Christian sect that followed the requirements of the Law, and did not believe Jesus to be divine) <p-l>ក្រុមអេប៊ីយូណៃ។</p-l>
Ebla, City of...	(ancient city-state located 55 km southwest of Aleppo, Syria, which is the site of the Ebla tablets, an archive of 20,000 cuneiform tablets dating from 2250 BC) <p-l>ក្រុងអ៊ែបឡា។</p-l>
Ec.	(abbreviation "Book of Ecclesiastes") <p-l>សាស</p-l>.
Ecbatana	(a city that was the capital of the Parthian kings) <p-l>ក្រុងអាកបេថាណា</p-l>
Ecclesiastes, Book of...	<p-l>កណ្ឌសាស្តា</p-l>
ecclesiastical	(adj) (relating to the Christian Church) <p-l>នៃពួកជំនុំ</p-l>
Ecclesiastical History	[the first full-length historical narrative written from a Christian point of view, by Eusebius, the bishop of Caesarea (263-339 AD)] <p-l>ឯកសារ «ប្រវត្តិសាស្រ្តពួកជំនុំ»។</p-l>
Ecclesiastical History of the English people	[historical narrative from a Christian perspective, by the Venerable Bede, commencing from Caesar's invasion in 55BC (completed 731 AD)] <p-l>«ប្រវត្តិសាស្រ្តពួកជំនុំរបស់ប្រជាជនអង់គ្លេស»។</p-l>
ecclesiastical office	(a position of trust, responsibility and/or duty within the Christian Church) <p-l>តួនាទីក្នុងពួកជំនុំ។</p-l>
Ecclesiasticus, Book of...	(from the Apocrypha) <p-l>កណ្ឌសាស្តានៃអាប៉ូគ្រីហ្វា</p-l>
ecclesiology	(the study of the Christian Church) <p-l>ពួកជំនុំវិទ្យា</p-l> (informal) <p-l>ការសិក្សាអំពីពួកជំនុំ</p-l>
Ecclus.	(abbreviation "Book of Ecclesiasticus") <p-l>កណ្ឌសាស្តានៃអាប៉ូគ្រីហ្វា</p-l>
ecstacy	(a state of prophetic inspiration) <p-l>ការជ្រមូលចិត្តដោយទំនាយ</p-l> ecstatic (adj) <p-l>នៃការជ្រមុល-ចិត្តដោយទំនាយ។</p-l>
ecumenical church	(general church; the world-wide church) <p-l>ក្រុមជំនុំទូទៅ</p-l>
ecumenism	(initiatives aimed at great Christian unity and/or cooperation) <p-l>សមវាយនិយម</p-l>
ed.	(abbreviation "edited by...”) <p-l>កែសំរួល</p-l>
Eden, Garden of...	<p-l>សួនច្បារនៅស្រុកអេដែន</p-l> (short) <p-l>សួនច្បារអេដែន</p-l>
Edersheim, Alfred	[a Jewish convert and biblical scholar known especially for his book *The Life and Times of Jesus the Messiah* (1883) (1825-1889)] <p-l>បណ្ឌិតអេឌីសៀម។</p-l>
edict	(decree or order issued by an authority) <p-l>បញ្ញត្តិ</p-l> (royal) <p-l>ព្រះរាជបញ្ញត្តិ</p-l>
edify	(vb) (to improve morality or intellect by instruction) <p-l>ប្រៀនប្រដៅ ស្អាងចិត្ត</p-l> edification <p-l>ការប្រៀនប្រដៅ ការស្អាងចិត្ត។</p-l>
edition	(one of a number of printings of a book or other publication, issued at separate times) <p-l>ការពិនិត្យចងក្រង។</p-l>
editor	(a person who prepares written material for publication by checking and improving its accuracy, clarity, etc.) <p-l>អ្នកត្រួតពិនិត្យ។</p-l>
Edom, Land of...	<p-l>ស្រុកអេដំម</p-l>
Edremit	(modern district and city in Turkey, close to the site of Adramyttium) <p-l>ក្រុងអេដរ៉េមីត</p-l>
education	(the process of instruction) <p-l>ការអប់រំ ការសិក្សា</p-l>
Edwards, Jonathan	[preacher and theologian, widely acknowledged to be North America's most important philosophical theologian (1703-1758)] <p-l>បណ្ឌិតយ៉ូណាថានអេដវើដ។</p-l>
effect	(n) (something produced by a cause) <p-l>លទ្ធផល ឥទ្ធិពល</p-l> (cause and...) <p-l>ផល</p-l>
efficacy	(effectiveness as a means to achieve an end) <p-l>ប្រសិទ្ធភាព</p-l> efficacious (adj) <p-l>ដែលមានប្រសិទ្ធភាព។</p-l>
effulgence	(radiance, brilliance) <p-l>ភាពជះពន្លឺស្រឡះ</p-l>
Egyp.	(adj) (abbreviation "Egyptian”) <p-l>នៃស្រុកអេស៊ីព្ទ</p-l> (n) (abbreviation "Egyptian language") <p-l>ភាសាអេស៊ីព្ទ។</p-l>
Egypt, Land of...	<p-l>ស្រុកអេស៊ីព្ទ (គ.បៈ : ស្រុកអេស៊ីព្ទ គ.ខ.ស : ស្រុកអេស៊ីប គ.ខ.បៈ : ស្រុកអេស៊ីប)</p-l>
Egypt, River of...	(the river defining the western border of Israel) <p-l>ទន្លេស្រុកអេស៊ីព្ទ</p-l>
Egyptian	(...language) <p-l>ភាសាអេស៊ីព្ទ</p-l>
Egyptian Execretion Texts	(Ancient Egyptian hieratic texts from the 20<sup>th</sup> to the 16<sup>th</sup> Century BC, listing enemies of the Pharaoh) <p-l>«អត្ថបទបញ្ជីឈ្មោះសត្រូវដែលគួរឲ្យស្អប់ខ្ពើមពីស្រុកអេស៊ីព្ទសម័យបុរាណ»។</p-l>
Egyptians, Gospel of the...	(a Coptic writing discovered at Nag Hammadi giving a gnostic interpretation of Creation) <p-l>«កណ្ឌដំណឹងល្អរបស់សាសន៍អេស៊ីព្ទ»។</p-l>
EH	(abbreviation "Ecclesiastical History”) <p-l>ឯកសារ «ប្រវត្តិសាស្ត្រនៃពួកជំនុំ»</p-l>
Eichhorn, Johann Gottfried	[German Protestant theologian of the Enlightenment and professor of Oriental languages at Jena University (1753-1827)] <p-l>បណ្ឌិតអេចឈន។</p-l>
Eichrodt, Walter	[German Protestant theologian and OT scholar, and professor at Basel University (1890-1978)] <p-l>បណ្ឌិតអេចរដ្ឋ។</p-l>
Eighth/8<sup>th</sup> Century prophets	(the prophets in Israel and Judah in the Eighth Century BC, including Amos, Hosea, Isaiah and Micah) <p-l>ពួកហោរានៅសតវត្សទី៨។</p-l>
eisegesis	(the process of misinterpreting a text in such a way that it introduces one's own ideas, reading them into the text) <p-l>ការពិនិត្យសំយោគ។</p-l>
El	(Hebrew "God") <p-l>«អ៊ែល» (ភាសាហេព្រើរ)</p-l>
El	(the supreme god in Canaanite religion) <p-l>ព្រះអ៊ែល</p-l>
el-Amarna Letters	<p-l>សូមមើល</p-l> Amarna Letters
Elah, King...	<p-l>ស្តេចអាឡា</p-l>
Elam	(son of Shem) <p-l>អេឡាំ</p-l>
Elam	[an ancient civilization (c. 2700-539 BC) located in present-day southwest Iran] <p-l>នគរអេឡា</p-l> Elamite (language of Elam) <p-l>ភាសាអេឡាំ។</p-l>
elder	(senior member of a group, church or tribe who has influence or authority) <p-l>អ្នកចាស់ទុំ (គ.បៈ អ្នកចាស់ទុំ គ.ខ.ប : ព្រឹទ្ធាចារ្យ)។</p-l>
Eleazar	<p-l>អេលាសារ</p-l>
elect, the...	(those predestined by God to receive salvation) <p-l>ពួករើសតាំង (គ.បៈ : ពួករើសតាំង គ.ខ.បៈ : ត្រាស់ហៅ គ.គ.ខ : ការជ្រើសរើស)។</p-l>
election	(doctrine that God chose certain individuals for salvation without reference to works/faith) <p-l>ការរើសតាំង (គ.ប: រើសតាំង គ.ខ.ប: ការជ្រើសរើស គ.គ.ខ : ការជ្រើស រើស)។</p-l>
element	(one of the fundamental components making up a whole) <p-l>ផ្នែកមួយចាំបាច់</p-l>
elements, the...	[the consecrated bread and wine in the Eucharist (Lord's Supper)] <p-l>នំប៉័ង និងស្រាទំពាំងបាយជូរនៃពិធីលៀងព្រះអម្ចាស់។</p-l>
eleos	(Greek "mercy”) <p-l>មេត្តា (ភាសាក្រេក)</p-l>
Elephantine	(an island of southwest Egypt in the Nile River) <p-l>កោះអេឡាហ្វាន់ទីន</p-l>
Elephantine adoption contract	(a contract from the 5<sup>th</sup> Century BC documents found on the Island of Elephantine) <p-l>កិច្ចសន្យានៃការទទួលជាកូនចិញ្ចឹមមកពីកោះអេឡេហ្វាន់ទីន។</p-l>
Eli	<p-l>អេលី</p-l>
Eliakim	<p-l>អេលាគីម</p-l>
Eliezer	(Abraham's original heir, Gen. 15:2) <p-l>អេលាសើរ</p-l>
Eliezer of Damascus	(the head of Abraham's household) <p-l>អេលាស៊ើរជាអ្នកស្រុកដាម៉ាស</p-l>
Eli-hepa	(one of David's mighty men, from Shaalbim - 2 Sam. 23:32) <p-l>អេលីយ៉ាបា</p-l>
Elihu the Buzite	(son of Barakel, and Job's final refuter) <p-l>អេលីហ៊ីវសាសន៍បួស</p-l>
Elijah, the prophet....	<p-l>ហោរាអេលីយ៉ា</p-l>
Eliphaz the temanite	(one of Job's three friends) <p-l>អេលីផាស ជាសាសន៍ថេម៉ាន</p-l>
Elisha, the prophet...	<p-l>ហោរាអេលីសេ</p-l>
Elishah	(son of Javan) <p-l>អេលីសា</p-l>
Elishama	<p-l>អេលីសាម៉ា</p-l>
Elizabeth	<p-l>នាងអេលីសាបិត</p-l>
Elkanah	<p-l>អែលកាណា</p-l>
Ellasar	(the name of the place ruled by King Arioch, one of the confederation of kings who fought Abraham - Gen.14) <p-l>អាធ្យាសារ។</p-l>
Elnathan	(a post-Exilic governor of Judah) <p-l>អែលណាថាន</p-l>
Eloah	(Hebrew "God” or “god") <p-l>«អេឡូអា» (ភាសាហេព្រើរ)</p-l>
Elohim	(Hebrew "the one supreme deity") <p-l>«អេឡូហ៊ីម» (ភាសាហេព្រើរ)</p-l>
Elohist	(one of the four major sources of the Torah as postulated by the Documentary Hypothesis) <p-l>ប្រភពអេឡូវីស។</p-l>
Elon	(a judge from the tribe of Zebulun (Jdg. 12:11), who followed Ibzan, led Israel for ten years, and was buried in Ajalon and was succeeded by Abdon) <p-l>ចៅក្រម អេឡូន។</p-l>
El-paran	(a place in or near the Sinai Peninsula) <p-l>អែល-ប៉ានាន</p-l>
El Shadday	(Hebrew "God Almighty") <p-l>«អែលសាដាយ» (ភាសាហេព្រើរ)</p-l>
elucidate	(vb) (to make clear) <p-l>ធ្វើឲ្យច្បាស់</p-l>
Elyon	(Hebrew "the most high God") <p-l>«អេលីយ៉ូន» (ភាសាហេព្រើរ)</p-l>
emancipate	(vb) (to liberate from bondage) <p-l>ជួយអោយមានសេរីភាព</p-l>
emasculate	(vb) (to remove the testicles) <p-l>ក្រៀវ (គ.ប : កាត់ គ.ខ.ប : ក្រៀវ</p-l>
embody	(vb) (to give a tangible body to an abstract concept) <p-l>រួមជារូបរាង</p-l> embodiment (n) <p-l>ការរួមជារូបរាង។</p-l>
embrace	(vb) (to take in the arms in affection) <p-l>ឱប (គ.ប : ឱប គ.ខ.ប : ឆាក់លើដើមទ្រូង)</p-l>
emend	(vb) (to make corrections or improvements in a text by critical editing) <p-l>កែ តម្រូវ</p-l> emendation <p-l>ការកែតម្រូវ</p-l>
Emim, People of...	(Gen. 14:5) <p-l>ពួកអេមិម</p-l>
eminence	(position of superiority) <p-l>ឧត្តមភាព</p-l>
emissary	(an agent sent on a mission representing a government) <p-l>ទូត</p-l>
Emmaus, town of...	<p-l>ក្រុងអេម៉ោស</p-l>
Emmaus Road	[reference to the post-resurrection appearance of Jesus to two disciples walking along a road (Lk. 24:13-35)] <p-l>ផ្លូវអេម៉ោស។</p-l>
Emmanuel/Immanuel	(Hebrew "God is with us": a title given to Jesus) <p-l>ភាសាហេព្រើរ «អេម៉ាញូអែល»។</p-l>
emperor	(monarch who rules or reigns over an empire) <p-l>ព្រះចៅអធិរាជ (គ.បៈ : មហារាជ គ.ខ.បៈ : ព្រះចៅអធិរាជ)។</p-l>
empirical	(adj) (philosophy: derived from or relating to experience and observation rather than by logic from first principles) <p-l>ដែលសំអាងលើពិសោធន៍។</p-l>
Empiricism	(a theory of knowledge that asserts that knowledge comes only or primarily from sensory experience) <p-l>ពិសោធន៍និយម។</p-l>
empower	(vb) (to authorise, to enable) <p-l>ផ្ទេរអំណាច</p-l>
en Christo	(Greek “in Christ”) <p-l>នៅក្នុងព្រះគ្រីស្ទ (ភាសាក្រេក)</p-l>
enchanter	(a person who casts magic spells) <p-l>គ្រូធ្វើអាគម (គ.ប : គ្រូអង្គុយធម៌ គ.ខ.បៈ : ហោរា)</p-l>
enchantment	(a magic spell) <p-l>ការប្រើអាគម</p-l>
End	(reference to the end of the world/time) <p-l>គ្រាចុងក្រោយ</p-l>
Endor, City of...	<p-l>ក្រុងអេន-ដោរ</p-l>
endow	(vb) (Old English "to provide") <p-l>ផ្តល់</p-l> endowed (pass) <p-l>ត្រូវបានទទួល</p-l> (informal) <p-l>មាន។</p-l>
Eng.	(abbreviation “English”) <p-l>ភាសាអង់គ្លេស</p-l>
England, Church of...	(the officially established Christian church in England that separated from the Roman Catholic Church in 1534, by an Act of Parliament, beginning a series of events known as the English Reformation) <p-l>ពួកជំនុំប្រទេស អង់គ្លេស។</p-l>
English versions	<p-l>ការបកប្រែព្រះគម្ពីរភាសាអង់គ្លេសទូទៅ</p-l>
engrave	(vb) (to inscribe an inscription) <p-l>ធ្លាក់</p-l>
engrave	(vb) (to carve a design) <p-l>ចារ</p-l>
enigma	(person, thing or situation that is mysterious or ambiguous) <p-l>អាថ៌កំបាំង</p-l>
Enki	(a god in Sumerian mythology, originally patron god of the City of Eridu) <p-l>ព្រះ អែនគី។</p-l>
enlighten	(vb) (to give knowledg
ignorance and/or	super
standır that provides freedom	from
enlightenment	(the state of receiving knowledge and/or understanding that provides freedom from ignorance and/or supersition) <p-l>ការត្រាស់ដឹង</p-l> (informal) <p-l>ភាពបានទទួល ចំណេះដឹង។</p-l>
Enlightenment	(an 18th Century philosophical movement stressing the importance of reason and the critical reappraisal of existing ideas and institutions) <p-l>សម័យបំភ្លឺ គំនិត-នៃលោកខាងលិច។</p-l>
En-mishpat	(the chief site of encampment for the Israelites during their wandering in the wilderness of Zin) <p-l>អេន-មីសផាត។</p-l>
enmity	(feeling of hostility between enemies) <p-l>ភាពជាបដិបក្ស</p-l>
Enoch	(son of Jared) <p-l>អេណុក (គ.ប: អេណុក គ.ខ.បៈ : ហេណុក)</p-l>
Enoch, 1st Book of...	(ancient Jewish work ascribed to Enoch, the great-grandfather of Noah) <p-l>ឯកសារ «កណ្ឌអេណុកទី១»។</p-l>
Enoch, 2nd Book of...	(a pseudopigrapic apocalyptic work preserved fully only in Slavonic) <p-l>ឯកសារ «កណ្ឌអេណុកទី២»។</p-l>
Enosh	(son of Seth) <p-l>អេណុស</p-l>
En-rogel	<p-l>កន្លែងអេន-រ៉ូកេល</p-l>
enthrone	(vb) (to honour or exalt) <p-l>ថ្វាយរាជសម្បត្តិ</p-l>
entreat	(vb) (to beg or plead) <p-l>អង្វរ</p-l>
entrust	(vb) (to charge with a duty, responsibility etc.) <p-l>ប្រគល់</p-l>
envoy	(an accredited messenger or representative) <p-l>ទូត</p-l>
Eph.	(abbreviation "Letter to the Ephesians") <p-l>អេ</p-l>.
Ephesians, Letter to the...	<p-l>សំបុត្រដល់ពួកអេភេសូរ</p-l>
Ephesus, City of...	<p-l>ក្រុងអេភេសូរ</p-l>
Ephesus, First Council of...	(third ecumenical of the Early Church, held in 431 in Ephesus, Asia Minor, called amid a dispute over the teachings of Nestorius which emphasized the disunity between Christ's human and divine natures, and condemned by the council as heresy) <p-l>មហាសន្និបាតទី១នៅក្រុងអេភេសូរ។</p-l>
ephod	(an embroided vestment worn by priests in ancient Israel) <p-l>អេជូឧ</p-l>
Ephraim	<p-l>អេប្រាអិម</p-l> (tribe of...) <p-l>អំបូរអេប្រាអិម</p-l> (town of...) <p-l>ក្រុងអេប្រាអិម</p-l> Ephraimites <p-l>ពួក អេប្រាអិម។</p-l>
Ephron	<p-l>អេប្រុន</p-l> (Mount...) <p-l>ភ្នំអេប្រុន</p-l>
epic	(long narrative poem recounting the deeds of a legendary hero) <p-l>វីរកថា</p-l>
Epicureanism	(system of philosophy based on the teachings of Epicurus, an atomic materialist, believing that pleasure is the greatest good) <p-l>អេពីយូរនិយម។</p-l>
epigraphy	(study of ancient inscriptions) <p-l>អក្សរចារឹកសាស្ត្រ</p-l> epigraphic (adj) <p-l>នៃចរឹកសាស្ត្រ</p-l>
epigram	(a witty, often paradoxical remark, concisely expressed) <p-l>ពាក្យនិយាយខ្លីតែសម្តែង គំនិតឈ្លាសវៃ។</p-l>
epiphaneia	(Greek “appearance") <p-l>ការសម្តែង (ភាសាក្រេក)</p-l>
Epiphanius	(a bishop of Salamis, Cyprus at the end of the 4th Century, considered a Church Father and defender of orthodoxy) <p-l>អភិបាលអេពីហ្វានាសពីក្រុងសាឡាបីស។</p-l>
Epiphany	(the celebration of the revelation of God the Son as the person of Jesus Christ, principally to the Magi) <p-l>ពិធីនៃការសំដែងសិរីភាពជាព្រះរបស់ព្រះយេស៊ូវគ្រីស្ទ។</p-l>
Epiphany	[Church calendar: a liturgical period following the Christmas season, begining on the day of Epiphany (typically a Sunday between the 2nd and 8th of January)] <p-l>រដូវនៃការបើកសម្តែងពីព្រះគ្រីស្ទ។</p-l>
Episcopalian Church	(Anglican denomination found mainly in the United States and parts of Europe) <p-l>និកាយអេភីស្តុប៉ាលៀន។</p-l>
episcopate	(the office, status and term of a bishop) (general) <p-l>ការគ្រប់គ្រងរបស់អភិបាល</p-l> (office...) <p-l>តួនាទីអភិបាល</p-l> (status...) <p-l>ឋានៈអភិបាល</p-l> (term...) <p-l>អាណត្តិអភិបាល</p-l> (general) <p-l>ការគ្រប់គ្រងរបស់អភិបាល។</p-l>
Epistles	(the books of the New Testament that are in the form of a letter from an apostle) <p-l>កណ្ឌសំបុត្រទាំងឡាយ។</p-l>
epithet	(descriptive word or phrase added to, or substituting a person's name) <p-l>នាមឬគុណ នាម ដែលគេដាក់ងារឲ្យនរណាម្នាក់។</p-l>
epitomise	(vb) (to typify) <p-l>ធ្វើជាតួយ៉ាង</p-l> (to be a personification) <p-l>ធ្វើជាបដិរូបកម្ម</p-l> epitomist <p-l>អ្នកដែលត្រូវបានធ្វើជាតួយ៉ាង។</p-l>
eponym	(a person or thing, real or fictional, after which something is named) <p-l>អេជូនីម (មនុស្សដែលត្រូវបានយកឈ្មោះ ឬអ្វីៗដែលត្រូវបានយកឈ្មោះ)។</p-l>
equivocal	(adj) (evasive) <p-l>មិនជាក់លាក់</p-l>
Er	<p-l>អើរ</p-l>
Erasmus, Desiderius	[Dutch Renaissance humanist scholar and theologian who prepared important Latin and Greek editions of the NT (1466-1536)] <p-l>បណ្ឌិតអីរ៉ាសម៉ុស។</p-l>
Erech/Uruk	[an ancient city in Mesopotamia, the second city built by Nimrod (Gn. 10:10)] <p-l>ក្រុងអេរេក។</p-l>
Eridu	(an ancient Sumerian city, named as the city of the first kings in the Sumerian King List) <p-l>ក្រុងអេរីតឌូ។</p-l>
err	(vb) (to make a mistake, to be incorrect) <p-l>ធ្វើខុស</p-l>
erstwhile	(adj) (former) <p-l>ពីមុន</p-l>
Esarhaddon	[King of Assyria (681-669 BC) and successor of Sennacherib] <p-l>ស្ដេច អ៊ីសាហាដាន់។</p-l>
Esau	<p-l>អេសាវ</p-l>
eschatological Adam, the...	(the last Adam, a title for Jesus) <p-l>អ័ដាមចុងក្រោយ</p-l>
Eschatological Rule, the...	(also known as "The Rule of the Congregation" is a document from the Dead Sea Scrolls describing an eschatological congregation who have kept the covenant and atoned for the ways of wicked men) <p-l>ឯកសា «ច្បាប់អវសានវិទ្យា»។</p-l>
eschatological expectation	(looking forward to the end of this world) <p-l>ការរំពឹងទុកបែបអវសាន វិទ្យា។</p-l>
eschatological tension	(the tension between Jesus' work "begun" but not yet "complete", between fulfilment and consummation) <p-l>ការតានតឹងខាងអវសានវិទ្យា។</p-l>
eschatology	(theology concerned with the end of this world) <p-l>អវសានវិទ្យា</p-l> eschatological (adj) (concerning eschatology) <p-l>នៃអវសានវិទ្យា</p-l> (concerning the end of this world) <p-l>នាអវសាន។</p-l>
Esdras 1	(an ancient Greek version of the Book of Ezra that is part of the Septuagint, regarded as canonical in the Eastern churches, but apocryphal in the West) <p-l>កណ្ឌអេសដ្រាសទី១។</p-l>
Esdras 2	(an apocalyptic book existing in complete form only in Latin and not part of modern Jewish tradition) <p-l>កណ្ឌអេសដ្រាសទី២។</p-l>
Eshcoll	(Gen. 14:24) <p-l>អែសកុល</p-l>
Eshnunna	(an Ancient Sumerian city and city-state in upper Mesopotamia, conquered by Hammurabi and absorbed into the Old Babylonian Empire) <p-l>ក្រុងអ៊ែសណាន់ណា។</p-l>
Es-Suk, village of...	(a village in Syria built on the ruins of Abila) <p-l>អេស-សុក</p-l>
esoteric	(adj) (intended for an "enlightened" minority) <p-l>ដែលមានតែមនុស្សតិចអាចយល់បាន</p-l>
essence	(intrinsic feature which determines identity) <p-l>សារៈសំខាន់ពីអត្តសញ្ញាណ</p-l>
Essenes, the...	(a Jewish religious group that flourished from the 2<sup>nd</sup> Century BC to the 1<sup>st</sup> Century AD) <p-l>ពួកអ៊ីសសិន។</p-l>
Est.	(abbreviation "Book of Esther") <p-l>អេស</p-l>.
establish	(vb) (to create or set up) <p-l>ប្រតិស្ឋានតាំង (គ.បៈ : ប្រតិស្ឋាន តាំង គ.ខ.ប : ធ្វើចង)</p-l> 32 esteem (vb) (to have great respect or high regard for) <p-l>គោរព</p-l> Esther <p-l>នាងអេសធើរ</p-l>
Esther, Book of...	<p-l>កណ្ឌនាងអេសធើរ</p-l>
Et-Tell	[an archaeological site (mound) on the West Bank that is commonly thought to be the City of Ai] <p-l>ទួលអែតឆែល។</p-l>
et al	[abbreviation: *et alii* (Latin) "and others"] <p-l>និងកន្លែងផ្សេងទៀត</p-l> (references) <p-l>និងអ្នកផ្សេង ទៀត</p-l> (people) (<p-l>ភាសាឡាតាំង)។</p-l>
et passim	(Latin "and everywhere, scattered throughout") <p-l>នៅកន្លែងជាច្រើន (ភាសាឡាតាំង)</p-l>
etc.	(abbreviation of the Latin expression *et cetera*, used to indicate other items of the same class or type that should be considered) <p-l>«។ល។»។</p-l>
eternity	<p-l>អនន្តកាល (អស់កល្បជានិច្ច)</p-l> eternal (adj) <p-l>អនត្ត (អស់កល្បជានិច្ច)</p-l>
Eth.	(abbreviation “Ethiopic”) <p-l>នៃប្រទេសអេធីយ៉ូពី</p-l>
Ethan	<p-l>អេថាន</p-l>
ethereal	(adj) (celestial) <p-l>នៃវេហា</p-l> (spiritual) <p-l>នៃពិភពសួគ៌</p-l>
ethic	(moral principle) <p-l>គោលការណ៍សីលធម៌</p-l> ethical (adj) <p-l>នៃសីលធម៌ ខាងសីលធម៌</p-l> ethics (set of moral values) <p-l>ក្រមសីលធម៌។</p-l>
ethics, biblical...	(set of moral values found in the Bible) <p-l>ក្រមសីលធម៌នៃព្រះគម្ពីរ</p-l>
Ethiopia	(E African country, and source of the Blue Nile) <p-l>ស្រុកអេធីយ៉ូពី</p-l> Ethiopians <p-l>សាសន៍ អេធិយ៉ូពី។</p-l>
Ethiopic	(an ancient South Semitic language that originated in the Horn of Africa) <p-l>ភាសា អេធិយ៉ូពី។</p-l>
Ethiopic Bible	(the Bible written in the Geez laguage, has 45 books of the OT and 35 books of the NT) <p-l>ព្រះគម្ពីរអេធីយ៉ូពី។</p-l>
ethnocentrism	(belief in the intrinsic superiority of the nation, culture, or group to which one belongs, often accompanied by feelings of contempt for other groups) <p-l>ជាតិ ពន្ធនិយម</p-l> (informal) <p-l>ការជឿថាជាជាតិសាសន៍ខ្លួនឧត្តមជាងសាសន៍ដទៃ។</p-l>
ethos	(the distinctive character, spirit and attitudes of a people, culture, era etc.) <p-l>ឥរិយា បទ-នៃក្រុមណាមួយ។</p-l>
etiquette	(the customs or rules governing behaviour regarded as correct or acceptable) <p-l>សុជីវធម៌។</p-l>
opyright ©	2016
Etruscan civilization	(civilization of ancient Italy that endured from the 7<sup>th</sup> Century BC until its assimilation into the Roman Republic in the 1<sup>st</sup> Century BC) <p-l>អរិយធម៌ អេទ្រូសាន់ស៍</p-l> Etruscans <p-l>ពួកអេគ្រួសាន់ស៍។</p-l>
etymology	[study of the sources and development of words and morphemes (basic speech elements that cannot be further divided)] <p-l>និរុត្តិសាស្ត្រ</p-l> (informal) <p-l>វិជ្ជាដើមកំណើតនៃ ពាក្យ។</p-l>
Eucharist	(the sacrament in which the Lord's Supper is commemorated by the "consecration" of bread and wine) <p-l>ពិធីលៀងព្រះអម្ចាស់។</p-l>
Eugnostos the Blessed	(a Gnostic tract discovered at Hag Nammadi in 1945) <p-l>«យូ ណស្វីស - អ្នកដែលបានទទួលពរ»។</p-l>
eunuch	(a man who has been castrated) <p-l>មហាតលិក [(គ.បៈ : មនុស្សខ្នើយ មនុស្សកំរៀវ ក្រមវាំង) (គ.ខ.បៈ : អ្នកមិនអាចរៀបការ មនុស្សកម្រៀវ មហាតលឹក) គ.គ.ខៈ : មនុស្សកម្រៀវ។</p-l>
Euphrates River	<p-l>ទន្លេអើប្រាត</p-l>
Eusebius	(an Early Church historian, Church Father, exegete and polemicist) <p-l>អូសិចៀស</p-l>
evangel	(the good news of Jesus Christ) <p-l>ដំណឹងល្អ</p-l>
evangelic tradition	(tradition rooted in the gospels) <p-l>សេចក្តីបង្រៀនចេញពីកណ្ឌដំណឹងល្អទាំងបួន</p-l> evangelic writing (the Gospels) <p-l>ការសរសេរកណ្ឌដំណឹងល្អទាំងបួន</p-l> evangelical (adj) (based upon, or following from the Gospels) <p-l>មូលដ្ឋានគឺកណ្ឌដំណឹងល្អទាំង បួន។</p-l>
evangelicalism	(a Protestant movement which began in Great Britain in the 1730's and gained popularity in the United States in a series of spiritual "Awakenings" during the 18th and the 19th Century) <p-l>ចលនាដំណឹងល្អនិយម</p-l> evangelical (n) (a member of the evangelical movement) <p-l>អ្នកចលនាដំណឹងល្អ</p-l> evangelical (adj) (belonging to the evangelical movement) <p-l>នៃចលនាដំណឹងល្អ។</p-l>
evangelism	(spreading the gospel) <p-l>ការផ្សាយដំណឹងល្អ</p-l> evangelistic (adj) <p-l>នៃការផ្សាយដំណឹង ល្អ។</p-l>
evangelist	(a preacher of the gospel) <p-l>អ្នកផ្សាយដំណឹងល្អ</p-l>
Evangelist	(the author of John's Gospel) <p-l>សាវកយ៉ូហាន</p-l>
Eve	(the first woman and mother of humanity) <p-l>នាងអេវ៉ា</p-l>
evidence	(ground for belief or disbeliet) <p-l>ភស្តុតាង</p-l>
evil	(adj) (morally wrong or wicked) <p-l>អាក្រក់</p-l>
Evil-merodach	<p-l>សូមមើល</p-l> Amel-Marduk
evil one, the...	(an indirect reference to Satan) <p-l>មេកំណាច (គ.ប : សេចក្តីអាក្រក់ អាកំណាច គ.ខ.បៈ : មារកំណាច)។</p-l>
evil spirit	(a spirit seeking harm) <p-l>វិញ្ញាណអាក្រក់</p-l>
evolution, theory of...	(a theory that gradual change in the characteristics of a population over successive generations accounts for the origin of existing species from ancestors unlike them) <p-l>ទ្រឹស្តីវិវឌ្ឍន៍</p-l> evolutionism <p-l>វិវឌ្ឍននិយម។</p-l>
EVV	(abbreviation “English versions”) <p-l>ការបកប្រែព្រះគម្ពីរភាសាអង់គ្លេសទូទៅ</p-l>
Ex.	(abbreviation "Exodus") <p-l>និក្ខ</p-l>.
ex nihilo	(Latin "out of nothing") <p-l>ចេញពីសូន្យ (ភាសាឡាតាំង)</p-l>
ex opere operato	(Roman Catholicism: a Latin technical phrase used to signify that the sacraments produce grace of themselves, apart and distinct from the grace dependent upon the intention of the person conferring the sacrament) <p-l>អគ្គសញ្ញា មាន-ប្រសិទ្ធភាពដោយខ្លួន (ភាសាឡាតាំង)។</p-l>
exact	(vb) (to force or compel payment) <p-l>ទាមទារឲ្យសង</p-l>
exalt	(vb) (to raise in rank, character or status) <p-l>លើកតម្កើងឡើង</p-l> exaltation <p-l>ការលើកតម្កើង ឡើង</p-l>
exclude	(vb) (to reject or leave out) <p-l>មិនរាប់បញ្ចូល</p-l> exclusiveness <p-l>អបរិយប័ន្នភាព</p-l> (informal) <p-l>ភាពមានផ្តាច់មុខ។</p-l>
exclusivism	(doctrine or belief that Jesus is the only Saviour of the world and that all other proposed means of salvation are false) <p-l>ផ្តាច់មុខនិយម។</p-l>
excommunicate	(vb) (to sentence to exclusion from the community of believers) <p-l>បណ្តេញ ចេញពីពួកជំនុំ</p-l> excommunication <p-l>ការបណ្តេញចេញពីពួកជំនុំ។</p-l>
Execretion Texts	(ancient Egyptic texts, listing enemies of the Pharaoh) <p-l>កំណត់នៃសត្រូវដ៏គួរ ឲ្យខ្ពើម។</p-l>
executive	(adj) (...aspect: relating to the administration of an activity) <p-l>ខាងនីតិប្រតិបត្តិ</p-l>
exegesis	(a critical explanation or interpretation of a biblical text) <p-l>ការពិនិត្យវិភាគ (ការរកន័យ របស់ពាក្យឃ្លាប្រយោជន៍ឲ្យសមទៅតាមសេចក្តីដែលមិនប្រាសចាកសេចក្តីដើម)។</p-l>
exegete	(n) (one who practices exegesis] <p-l>អ្នកពិនិត្យវិភាគ</p-l> exegetical (adj) <p-l>ដែលពិនិត្យវិភាគ</p-l>
exhort	(vb) (to urge or persuade earnestly) <p-l>ដាស់តឿន ជំរុញ</p-l> exhortation (n) <p-l>ការដាស់តឿន ការ ជំរុញ (គ.បៈ : សេចក្តីប្រដៅទូន្មាន គ.ខ.បៈ ពាក្យទូន្មាន)។</p-l>
ex hypothesis	(Latin "from the hypothesis”) <p-l>ចេញពី/តាមសម្មតិកម្ម</p-l> (informal) <p-l>តាមការសន្មតិ (ភាសាឡាតាំង)។</p-l>
exile	(n) (an enforced absence from one's home country) <p-l>និរទេស [គ.ប : និរទេស (គ.ខ.ប : កៀរយក-ទៅធ្វើជាឈ្លើយ កៀរ) គ.គ.ខ : និរទេស]</p-l> the exiles <p-l>ពួកនិរទេស</p-l> (vb) (to expel from one's native land by official decree) <p-l>និរទេស។</p-l>
Exile, the...	(the Babylonian captivity of the Jews) <p-l>និរទេសបាប៊ីឡូន</p-l>
exilic period	(time of the exile in Babylon) <p-l>សម័យនិរទេស</p-l>
existence	(the fact or state of being) <p-l>អត្ថិភាព</p-l> (informal) <p-l>វត្តមានគង់នៅ</p-l>
existential	(adj) (philosophy: pertaining to what exists and is thus known by experience) <p-l>ដែលប្រាកដជាដោយអត្ថិភាព។</p-l>
existentialism	(philosophical movement stressing the importance of personal experience and responsibility, where man is a free agent in a deterministic and seemingly meaningless universe) <p-l>អត្ថិភាពនិយម។</p-l>
existential reality	(philosophy: the state of things as they exist as determined by human experience) <p-l>ភាពប្រាកដប្រជាដោយអត្ថិភាព។</p-l>
exodus	(the act of going out) <p-l>ការចេញទៅ</p-l>
Exodus, Book of...	<p-l>កណ្ឌនិក្ខមនំ (គ.ខ.ស : កណ្ឌសេរីភាព)</p-l>
Exodus, the...	(the departure of Israel from slavery in Egypt) <p-l>ការចាកចេញពីស្រុកអេស៊ីព្ទ (ការ រំដោះចេញពីការគ្រប់គ្រងរបស់ស្រុកអេស៊ីព្ទ)។</p-l>
exonerate	(vb) (to clear from blame or criminal charge) (...from blame) <p-l>ប្រកាសឲ្យរួចពីការ</p-l>
ចោទប្រកាន់ (...from criminal charge)	<p-l>ប្រកាសឲ្យរួចទោស។</p-l>
ex opere operator	(Latin "from the work worked" referring to the efficacy of the Sacraments deriving from the action of the Sacrament as opposed to the merits or holiness of the priest or participant) <p-l>គំនិតថា អគ្គសញ្ញាមានប្រសិទ្ធភាពដោយខ្លួន «ភាសា ឡាតាំង»។</p-l>
exorcise	(vb) (to attempt to expel one or more evil spirits from a person) <p-l>បណ្តេញវិញ្ញាណ អាក្រក់ ឬខ្មោចចេញ</p-l> *exorcism* <p-l>ការបណ្តេញវិញ្ញាណអាក្រក់ឬខ្មោចចេញ</p-l> *exorcist* (person who attempts to expel evil spirits) <p-l>អ្នកបណ្តេញវិញ្ញាណអាក្រក់ឬខ្មោចចេញ។</p-l>
expanse	(an uninterrupted surface of something that extends over a wide area) <p-l>លំហ (គ.បៈ : ប្រឡោះ គ.ខ.បៈ : លំហ)។</p-l>
experience	(n) (a direct personal participation or observation) <p-l>បទពិសោធ</p-l> (vb) <p-l>ពិសោធ</p-l>
expiate	(vb) (to atone or redress for sin) <p-l>ដោះបាប (គ.បៈ ទីសន្តោសប្រោស គ.ខ.បៈ លោះ គ.គ.ខៈ យញ្ញបូជាប្រោសលោះ)</p-l> *expiation* (the procession of expiating) <p-l>ការដោះបាបដោយយញ្ញ បូជា</p-l> *expiatory* (adj) <p-l>ដែលយញ្ញបូជាប្រោសលោះ។</p-l>
exposition	(a systematic explanation or commentary upon a specific subject) <p-l>ការអធិប្បាយ សេចក្តីពន្យល់</p-l> expository (adj) <p-l>ដែលអធិប្បាយព្រះគម្ពីរ ដែលពន្យល់ព្រះគម្ពីរ។</p-l>
expositor	[a person who explains (expounds) the meaning of Scripture] <p-l>អ្នកពន្យល់បទគម្ពីរ</p-l>
expository preaching	(preaching that seeks to systematically explain a section of the Bible and make it useful in the mind and life of the listeners) <p-l>ការអធិប្បាយដែល ពន្យល់ និងអនុវត្តព្រះគម្ពីរ។</p-l>
expound	(vb) (to explain an argument in detail) <p-l>បរិយាយ</p-l>
expression	(a particular phrase used conventionally to show/indicate something) <p-l>សំនួន ជាហារ។</p-l>
extant	(adj) (surviving. still in existence) <p-l>ដែលគង់នៅ</p-l> extant letters <p-l>សំបុត្រដែលគង់នៅ</p-l>
extispicy	(divination by inspecting the entrails of an animal) <p-l>ទំនាយមន្តអាគមដោយពោះវៀន សត្វ។</p-l>
extol	(vb) (to exalt. praise lavishly) <p-l>លើកតម្កើង</p-l>
extrabiblical	(adj) (outside the Bible) <p-l>ក្រៅព្រះគម្ពីរ</p-l>
Extreme Unction	(Roman Catholicism: a sacrament also known as "Anointing of the Sick™ is administered to a member approaching death through illness or old age) <p-l>អគ្គសញ្ញា-លាបប្រេងអ្នកជំងឺ។</p-l>
extrinsic	(adj) (originating, or acting from outside) <p-l>ដែលមកពីក្រៅ</p-l>
eye on	(div) <p-l>ព្រះនេត្រ</p-l>
eye-witness	(person present at an event who can describe what happened) <p-l>សាក្សី (អ្នកឃើញ ហេតុការណ៍ផ្ទាល់ភ្នែក)។</p-l>
Ezekiel. Book of...	<p-l>កណ្ឌអេសេគាល</p-l>
Ezekiel	(the prophet) <p-l>ហោរាអេសេគាល (គ.ខ.ស : អេសេគឺអែល)</p-l>
Ezer	(a son of Sen the Horite, a chief in Edom - Gen. 36:21) <p-l>អេស៊ីរ</p-l>
Ezk	(abbreviation "Book of Ezekiel") <p-l>អសេ</p-l>
Ezz.	(abbreviation "Book of Ezra") іны.
Ezra	<p-l>អែស</p-l>
Ezra, Book of	<p-l>កណ្ឌអែសរ៉ា</p-l>
Ezra, 4	(an apocalyptic book commonly reckoned among the apocrypha, originally written in Hebrew, but exists in complete form only in Latin) <p-l>ឯកសារ «អែសរ៉ាទី</p-l> ८٠٦
f.	(abbreviation "and the following verse") ...
face	(the front of the head from the forehead to the lower jaw) <p-l>មុខ</p-l> (div) <p-l>ព្រះភក្ត្រ</p-l>
facet	(an aspect of a subject) <p-l>លក្ខណៈ</p-l>
facsimile	(an exact copy or reproduction) <p-l>សំណៅ</p-l>
fact	(something that has actually occurred or is really the case) <p-l>ហេតុការណ៍ ភាពពិត</p-l>
factions	(strife or dissension within a group causing minority groups to form) <p-l>ប្រកាន់បក្ស ពួក។</p-l>
Fair Havens	[a port in southern Crete where the Apostle Paul took temporary refuge on his way to Rome (Acts 27:8)] <p-l>ទ្វារសមុទ្រលំអ។</p-l>
faith	(trust in God, in his actions and promises) <p-l>ជំនឿ (គ.បៈ : សេចក្តីជំនឿ គ.ខ.បៈ : ជំនឿ)</p-l> faithfulness <p-l>សេចក្តីស្មោះត្រង់។</p-l>
faith alone, by...	(doctrine that asserts God's pardon for guilty sinners is granted to and received through trust in God's good purposes, excluding all "works") <p-l>តាមរយៈ ជំនឿតែប៉ុណ្ណោះ។</p-l>
faithful, the...	(reference to Christian believers) <p-l>អ្នកស្មោះត្រង់</p-l>
faithless	(adj) (absence of faith) <p-l>ភាពខ្វះជំនឿ</p-l>
Fall, the...	(the transition of humanity from a state of innocence to a state of guilt before God that occurred in the Garden of Eden) <p-l>ការធ្លាក់ចុះក្នុងធាតុមានបាបដំបូង (គ.ប រង្គើ ធ្លាក់ ខ្វះ ដួល) (គ.ខ.ប : បរាជ័យ ជំពប់ដួល ដាច់ គ្មាន បែរជាធ្លាក់)]</p-l> (short) <p-l>ការធ្លាក់ចុះ។</p-l>
fallen	(adj) (... into sin: describing that which has experienced the effects of the Fall) <p-l>ដែលបានធ្លាក់ចុះក្នុងធាតុមានបាប</p-l> the fallen <p-l>អ្នកដែលបានធ្លាក់ចុះក្នុងធាតុមានបាប។</p-l>
fallen	(adj) (... in battle) <p-l>ដែលបានស្លាប់</p-l> the fallen <p-l>អ្នកដែលបានស្លាប់</p-l>
false	(adv) (to be... towards someone intending to be misleading or deceptive) <p-l>ដែលប្រព្រឹត្ត ខុស។</p-l>
false doctrine	(teaching that is not in accordance with truth or facts) <p-l>គោលលទ្ធិខុសឆ្គង</p-l>
false teacher	(someone who does not instruct in accordance with truth or facts) <p-l>គ្រូក្លែង ក្លាយ។</p-l>
false witness, to bear...	(vb) (to speak untruthfully or lie) <p-l>ធ្វើបន្ទាល់ក្លែង</p-l> false witness (n)
(person who is a...)	<p-l>សួរបន្ទាល់ក្លែងក្លាយ។</p-l>
falsehood	(the quality of being untrue) <p-l>ភាពមិនពិតប្រាកដ</p-l>
family	(primary social group consisting of husband, wife and any offspring) <p-l>គ្រួសារ</p-l>
famine	(severe shortage of food) <p-l>ទុរភិក្ស [(គ.ប: អំណត់អត់បាយ អំណត់អត់) គ.ខ.ប : ទុរភិក្ស គ.គ.ខ : រកអាហារមិនសោះ)។</p-l>
Farah, City of...	<p-l>ក្រុងហ្វារ៉ា</p-l>
Farah Tablets	(a collection of clay tablets found at Shurrapak, a Sumerian city) <p-l>ផ្ទាំងដីឥដ្ឋ ហ្វារ៉ា។</p-l>
Farewell Discourse, the...	(Jesus' discussion with his disciples after the conclusion of the Last Supper, as recorded in John's Gospel, chapters 13 to 17) <p-l>ការពិភាក្សាពីការលា គ្នា។</p-l>
farthing	(the smallest coin available) <p-l>កន្លះសេន (គ.បៈ កន្លះសេន គ.ខ.ប : មួយសេន)</p-l>
fast	(vb) (to abstain from eating) <p-l>តម (គ.បៈ តម គ.ខ.បៈ : តមអាហារ គ.គ.ខ : តមអាហារ)</p-l>
fast	(adj) (firmly, tightly, hold...) <p-l>នៅជាប់</p-l>
fatal	(adj) (resulting in, or capable of causing death) <p-l>ដែលធ្វើឲ្យស្លាប់</p-l> fatality <p-l>មហន្តរាយដល់ ជីវិត។</p-l>
fatalism	(doctrine that all events are pre-determined so that man is powerless to alter his destiny) <p-l>កម្មផលនិយម។</p-l>
fate	(the inevitable fortune that befalls) <p-l>វាសនា</p-l>
Father, the...	(the first person of the Trinity) <p-l>ព្រះវរបិតា (គ.បៈ : ព្រះវរបិតា គ.ខ.បៈ : ព្រះបិតា)</p-l>
Fatherhood	(metaphor used to speak of God focusing upon his role as Father) <p-l>ភាពជាព្រះវរ បិតា។</p-l>
fatherhood	(the state of being a father) <p-l>បិតុភាព</p-l>
Fathers, the...	(abbreviation "the Church Fathers”) <p-l>ពួកបុព្វបុរសនៃពួកជំនុំដើម</p-l>
fault	(an offence, misdeed) <p-l>កំហុស</p-l>
faultless	(adj) (blameless) <p-l>គ្មានកំហុស</p-l>
favour/favor	[...of God (RV): an approving attitude] <p-l>គាប់ព្រះហឫទ័យ [(គ.បៈ : ព្រះគុណ សព្វព្រះ ហឫទ័យ ប្រោស ប្រោសប្រាណ សេចក្តីមេត្តាប្រោស សេចក្តីសប្បុរស ប្រោសមេត្តា) (គ.ខ.បៈ ព្រះ ហឫទ័យមេត្តាករុណា ប្រណីសន្តោស ប្រោស គាប់ព្រះហឫទ័យ)]។</p-l>
favour/favor	(vb) [...done by one person to another (RV)] <p-l>អនុគ្រោះ (គ.បៈ បំណាច់ គ.ខ.បៈ យក ចិត្ត អនុគ្រោះ)។</p-l>
f.c.	(adj) (abbreviation "forthcoming") <p-l>ដែលនឹងមកដល់</p-l>
fear	(vb) (to revere, respect) <p-l>គោរព</p-l>
feast	(a large and sumptuous meal) <p-l>ពិធីស៊ីលៀង ពិធីជបលៀង</p-l> feast-day <p-l>ថ្ងៃពិធីបុណ្យ</p-l>
Fee, Gordon	[American-Canadian theologian and AOG pastor currently serving as Professor Emeritus of NT studies at Regent College, Vancouver, Canada (1934-)] <p-l>បណ្ឌិតហ្វី។</p-l>
feet	(div) <p-l>ព្រះបាទ</p-l>
Felix, Governor...	<p-l>ចៅហ្វាយអេលីច</p-l>
fellow man	(companion, comrade, associate) <p-l>អ្នកដទៃ</p-l>
fellowship	(mutual trust and charity between Christians) <p-l>ការប្រកបគ្នា (គ.ប : សេចក្តីប្រកបគ្នា គ.ខ.ប : រួមរស់ជាមួយគ្នា គ.គ.ខ : ការប្រកបគ្នា)។</p-l>
feminine	(adj) (grammar: denoting a gender of nouns occurring in many inflected languages, that includes different referents) <p-l>ដូចស្ត្រី។</p-l>
feminism	(a movement seeking gender equality) <p-l>ស្រ្តីនិយម</p-l> feminist <p-l>អ្នកស្រ្តីនិយម</p-l>
feminist theology	(theology considered from a feminist perspective) <p-l>ទេវសាស្ត្រស្រ្តីនិយម</p-l>
fertility cult	(the practice in some agricultural communities of performing religious or magical rites in an attempt to ensure good weather, a good harvest or perpetuity of the tribe) <p-l>ធម្មការជីវជាតិ។</p-l>
fertility religion	(a formal or institutional expression of magical rites in an attempt to ensure good weather, good harvest or perpetuity of the tribe) <p-l>សាសនាជីវជាតិ។</p-l>
festal/festive	(adj) (characteristic of a celebration or feasting of particular significance) <p-l>នៃ ពិធីបុណ្យ។</p-l>
festal calendar	(calendar marking the special days of religious significance) <p-l>ប្រតិទិននៃពិធី បុណ្យ។</p-l>
festival	(a period set aside for a celebration of religious significance) <p-l>ពិធីបុណ្យ</p-l>
Festschrift	(German: a book honoring a respected person, especially an academic, and presented during their lifetime) <p-l>សៀវភៅពិសេសដែលត្រូវបានធ្វើឡើងដើម្បីគោរពគាត់ (ភាសាអាឡឺម៉ង់)។</p-l>
Festus, Governor Porcius	<p-l>ចៅហ្វាយព័រគាសភេស្តុស</p-l>
ff.	(abbreviation "and the following verses")...
fiat	(official sanction) <p-l>អនុញ្ញាត</p-l>
fidelity	(faithfulness to one's spouse) <p-l>ស្វាមីភក្តិ</p-l>
fig tree	(a tropical and subtropical tree whose fruit has sweet flesh containing numerous seedlike structures) <p-l>ដើមល្វា (គ.ប : ដើមល្វា គ.ខ.ប : ដើមឧទុម្ពរ)។</p-l>
fig.	(abbreviation “figuratively”) <p-l>អត្ថបដិរូប</p-l>
figurative/figuratively	(adj) (involving a figure of speech; not literal; metaphorical) <p-l>ដែល ជានិមិត្តរូប។</p-l>
figurative sense/figurativeness	<p-l>អត្ថបដិរូប</p-l> (informal) (understanding that is metaphorical rather than literal) <p-l>ភាពប្រៀបធៀប។</p-l>
figure	(...of speech an expression of language, such as smile, metaphor or personification, by which the usual or literal meaning of a word is not employed) <p-l>ពាក្យប្រៀប ធៀប។</p-l>
figure	(a notable person) <p-l>មនុស្សសំខាន់</p-l>
figure	(an amount expressed numerically) <p-l>លេខ</p-l>
figure	(a written symbol) <p-l>និមិត្តរូបដែលត្រូវបានសរសេរ</p-l>
filial	(adj) (suitable to a son or a daughter) <p-l>នៃភាពជាកូន</p-l>
Filioque	(Latin "and from the Son") <p-l>«ចេញមកពីព្រះរាជបុត្រា» (ភាសាឡាតាំង)</p-l>
fillet	(a narrow band between two adjacent flutings on the shaft of a column) <p-l>លំអរវាងចង្អុរ ពីរនៅសសរ។</p-l>
finality	(the condition or quality of being finally settled) <p-l>ភាពប្រាកដប្រជា</p-l>
finality	(the doctrine of the efficacy of final causes) <p-l>អវសានភាព</p-l>
finger	(div) <p-l>ព្រះអង្គុលី</p-l>
finis	(Latin "the end" normally to indicate the end of life) <p-l>ជីវិតចប់ហើយ (ភាសាឡាតាំង)</p-l>
firepan	(a metal container for a fire in a room) <p-l>ជើងក្រាន (គ.បៈ : ជើងក្រាន គ.ខ.ប ភាជន៍)</p-l>
firmament	(the expanse of the sky/heavens) <p-l>ប្រឡោះ (គ.បៈ : ប្រឡោះ គ.ខ.បៈ : លំហ)</p-l>
first Adam	(the first man who represents sinful humanity) <p-l>អ័ដាមទីមួយ</p-l>
first-born	(the eldest child in a family) <p-l>កូនច្បង</p-l>
firstfruits	(the fruit that ripens first) <p-l>ផលដំបូង</p-l>
Firstfruits, Feast of...	(a Jewish feast that falls on Nisan 16, the first day of the Festival of Unleavened Bread) <p-l>បុណ្យផលដំបូង។</p-l>
first installment	<p-l>សូមមើល</p-l> down-payment
firstling	(first offspring) <p-l>សត្វកើតឡើងជាដំបូង</p-l>
first person	(grammar: category of pronouns and verbs used when referring to the speaker) <p-l>បឋមបុរិសសៈ</p-l> (informal) <p-l>បុរសទី១។</p-l>
first portion	(the first part set aside for a particular purpose) <p-l>ចំណែកទីមួយ</p-l>
First Revolt	(also known as "the Great Revolt", was the first of three major rebellions by the Jews of the Judean Province against the Roman Empire, from 67 to 73 BC) <p-l>ការបះបោរទី១របស់ពួកយូដា។</p-l>
First Temple	(constructed by Solomon in Jerusalem and destroyed by the Babylonians in 586 BC) <p-l>ព្រះវិហារដំបូង។</p-l>
fish spear	(a weapon with a long shaft and a pointed end used for catching fish) <p-l>ស្វ</p-l>
flagon	(a large two handled jar for storing wine) <p-l>ប៉ាន់ (គ.ប : ប៉ាន់ គ.ខ.បៈ : បានគោម)</p-l>*
flax	(plant used to produce thread and woven into fabric) <p-l>ដើមផ្ទៃ (គ.បៈ ដើមខ្លូតទេស គ.ខ.បៈ ដើមផ្ទៃ)។</p-l>
flesh	(humanity in general) <p-l>មនុស្ស</p-l>
flesh, the...	(the human body and its physical and sensual nature as opposed to the soul or spirit) <p-l>សាច់ឈាម។</p-l>
flesh, the...	(humanity in its weakness, perishability and dependance on God) <p-l>សាច់ឈាម</p-l>
flock	(a group of animals of one kind) <p-l>ហ្វូងសត្វ</p-l>
flood	(the inundation of land that is normally dry through the overflowing of a body of water) <p-l>ទឹកជំនន់។</p-l>
flood	(indirect reference to Noah's flood) <p-l>ទឹកជំនន់ធំ</p-l>
Flood	(direct reference to Noah's flood) <p-l>ទឹកជំនន់ជំនាន់ណូអេ</p-l>
floodgate	(a gate in a sluice that is used to control the flow of water) <p-l>ទ្វារទំនប់</p-l>
florilegium	(Latin "a compilation of excerpts from other writings") <p-l>ការប្រមូលការសរសេរខ្លី ដែល-ដកស្រង់ពីឯកសារជាច្រើន (ភាសាឡាតាំង)។</p-l>
flute	(a wind musical instrument consisting of an open cylinder having holes in the side) <p-l>ខ្លុយ (គ.បៈ ខ្លុយ គ.ខ.បៈ ចាប៉ី)។</p-l>
fold	(a flock of sheep) <p-l>ហ្វូងចៀម</p-l>
folio	(a book or manuscript made up of sheets of paper folded in half) <p-l>សន្លឹកក្រដាសធំបត់ជា ពីរ។</p-l>
folly	(a foolish action) <p-l>អំពើចំកួត (គ.បៈ : អំពើចំកួត គ.ខ.ប : គំនិតលីលា)</p-l> 37
food	(substance containing nutrients necessary for sustaining life) <p-l>អាហារ</p-l>
foolish	(adj) (unwise, weak-minded) <p-l>ឆោតល្ងង់ (គ.ប : ឆោតល្ងង់ គ.ខ.ប : មិនដឹងខុសត្រូវ)</p-l> 38
foot	(the part of the leg below the ankle joint) <p-l>បាទ</p-l> (div) <p-l>ព្រះបាទ</p-l>
footstool	(a low stool used for supporting or resting the feet of a seated person) <p-l>កំណល់ កល់ជើង។</p-l>
forbear	(vb) (to tolerate or endure) <p-l>អត់ទ្រាំ</p-l> forbearance <p-l>ការអត់ទ្រាំ</p-l>
forbid	(vb) (to prohibit in a forceful or authorative manner) <p-l>ហាមឃាត់</p-l> forbade (past tense "forbid”) <p-l>បានហាមឃាត់។</p-l>
forebear	(ancestor, forefather) <p-l>ឰយុកោ</p-l>
forebode	(vb) (to warn or indicate in advance) <p-l>ព្រមាន</p-l> foreboding <p-l>ការព្រមាន</p-l>
forefather	(a male ancestor) <p-l>ឰយុកោ (គ.បៈ ឰយុកោ គ.ខ.បៈ : បុព្វបុរស)</p-l>
foreigner	(a person from another country) <p-l>សាសន៍ដទៃ (គ.បៈ : សាសន៍ដទៃ គ.ខ.បៈ : អ្នកដទៃ)</p-l>
foreknow	(vb) (to know in advance) <p-l>ស្គាល់ជាមុន [គ.ប : ស្គាល់ជាមុន (គ.ខ.ប : បានជ្រើសតាំង ជ្រើសរើសទុកជាមុន) គ.គ.ខ : ស្គាល់ជាមុន]</p-l> (div) <p-l>ជ្រាបជាមុន។</p-l>
foreknowledge	(knowledge or awareness of something before its existence or occurrence; Acts 2:23) <p-l>បព្វញាណ (គ.ប : បព្វញាណ គ.ខ.ប ញាណជាមុន) (ការស្គាល់ជា មុន)។</p-l>
forensic	(adj) (relating to, or used in a court of law) (relating to...) <p-l>នៃនិតិសាស្ត្រ</p-l> (used in...) <p-l>នៃការស្វែងរកនិតិកម្មតាមច្បាប់។</p-l>
foreordain	(vb) (to determine events in the future) <p-l>តាំងជាមុន</p-l> foreordination <p-l>ការតាំងជា មុន។</p-l>
foreshadow	(vb) (to show or indicate in advance) <p-l>ធ្វើអោយស្រមោលនៃអ្វីៗដែលនឹងកើតឡើង [(គ.ប : ស្រមោល-នៃការដែលត្រូវមក ស្រមោលពីសេចក្តីល្អដែលត្រូវមក) (គ.ខ.ប : ស្រមោលនៃ អ្វីៗដែលនឹងកើតឡើង ស្រមោលនៃសម្បត្តិនៅលោកខាងមុខ)]</p-l> (informal) <p-l>បង្ហាញទុកជាមុន។</p-l>
foresight	(ability to predict the future) <p-l>ការឃើញហេតុការណ៍មុន</p-l>
foreskin	(the retractable fold of skin covering the tip of the penis) <p-l>ស្រោមចុងស្វាស</p-l>
foretaste	(an early but limited experience of something to come) <p-l>ការភ្លក់មើលមុន</p-l>
foretell	(vb) (to predict) <p-l>ប្រាប់ហេតុការណ៍ជាមុន</p-l> foretold (vb) (was predicted) <p-l>បានប្រាប់-ហេតុ ការណ៍ជាមុន។</p-l>
forgive	(vb) (to grant pardon for a mistake, wrongdoing, etc.) <p-l>អត់ទោស</p-l> forgiveness <p-l>ការ អត់ទោស [(គ.ប : ផ្តាច់បាប ប្រយោជន៍អោយបាបរួច ប្រោសអោយរួច អោយបានរួច) គ.ខ.ប : លើកលែងទោស គ.គ.ខ : ការលើកលែងទោស]។</p-l>
forgiveness of sins	(divine pardon for wrongdoing) <p-l>សេចក្តីប្រោសឲ្យរួចពីបាប (គ.ប : សេចក្តី ប្រោសឲ្យរួចពីបាប គ.ខ.បៈ : លើកលែងទោសរួចពីបាប)</p-l> 19 fork (a metal inplement consisting of two to four long prongs on the end of a handle, used for lifting food to the mouth or for cooking) <p-l>សម។</p-l>
form	(vb) (to bring into existence) <p-l>ធ្វើអោយមានរូបរាង</p-l> (informal) <p-l>សូន (គ.ប កើត សូន គ.ខ.បៈ : បង្កើតសួន)។</p-l>
form	(the particular mode or appearance in which a thing or person manifests itself) <p-l>ទ្រង់ ទ្រាយទម្រង់។</p-l>
form criticism	(method of Bible study that classifies units of Scripture by literary pattern and then attempts to trace each type to its period of oral transmission) <p-l>ការវិភាគ ទម្រង់។</p-l>
Former Prophets	(the narrative books of Joshua through to Kings) <p-l>ពួកកណ្ឌហោរាមុន</p-l>
formless	(without definite shape or form) <p-l>គ្មានរូបរាង (គ.ប : ខូច គ.ខ.ប : គ្មានរូបរាង)</p-l>
formula	(an established form or set of words, as used in religious ceremonies) <p-l>របៀបថ្លែង</p-l>
formulate	(vb) (to express in systematic terms) <p-l>រៀបចំដោយពាក្យប្រព័ន្ធ</p-l> formulation <p-l>ការរៀបចំ ដោយពាក្យប្រព័ន្ធ។</p-l>
formulary	(a collection of models for official writings) <p-l>ទម្រង់បែបបទ</p-l>
fornication	(voluntary sexual intercourse outside marriage) <p-l>ការសហាយស្មន់ ការកំជិត</p-l>
forsake	(vb) (to abandon) <p-l>បោះបង់ចោល</p-l>
forsee	(vb) (to see the future) <p-l>ឃើញហេតុការណ៍មុន</p-l>
forsook	(vb) (past tense "forsake”) <p-l>បានបោះបង់ចោល</p-l>
fortification	(a place that can be defended) <p-l>កំពែងការពារ</p-l>
fortification	(the act of strengthening) <p-l>យុទ្ធសាស្រ្តការពារ</p-l> "Fortification and Siegecraft" (NBD) <p-l>«កំពែងការពារ និងសិល្បះឡោមព័ន្ធវាយប្រហារ»</p-l>
fortress	(a place or source of refuge) <p-l>បន្ទាយ</p-l>
foundation deposit	(ritual mudbrick lined pits or holes at specific points under Ancient Egyptian temples or tombs, which were filled with ceremonial objects, and were supposed to prevent the building from falling into ruin) <p-l>ការបញ្ចុះគ្រឿងមន្ត អាគមក្នុងគ្រឹះ។</p-l>
fountain	(a natural spring of water) <p-l>ប្រភពទឹក</p-l>
fountainhead	(the divine principle or original source) <p-l>ប្រភពដើម</p-l>
Fourth Gospel	(reference to the Gospel according to John) <p-l>កណ្ឌដំណឹងល្អទីបួន</p-l>
fragment	(a piece broken off or detached, particularly a piece of manuscript) <p-l>អំបែង</p-l>
frankincense	(an aromatic gum resin) <p-l>កំញាន (គ.បៈ កំញាន គ.ខ.ប : គ្រឿងក្រអូប)</p-l>
free	(adj) (describing the love of God) <p-l>ឥតគិតថ្លៃ (គ.បៈ ទទេ គ.ខ.បៈ ដោយឥតបង់ថ្លៃ ដោយឥត គិតថ្លៃ គ.គ.ខ : ដោយឥតគិតថ្លៃ)។</p-l>
free	(adj) (describing a translation that is not literal or exact) <p-l>ដែលបញ្ជីតបញ្ចាំង</p-l>
freedom	(deliverance from bondage) <p-l>សេរីភាព</p-l>
freeman	(a person who is not a slave) <p-l>អ្នកមានសេរីភាព</p-l>
free-will	(ability to make choices that are not externally determined) <p-l>ឆន្ទៈសេរី</p-l>
free-will offering	(a voluntary sacrifice, as opposed to one in consequence of a vow, or in expiation of an offence) <p-l>ដង្វាយស្ម័គ្រចិត្ត។</p-l>
Friends, Society of...	(a group of religious movements, also know as Quakers, whose distinctive doctrine is the priesthood of all believers) <p-l>មិត្តភក្តិក្នុងសង្គម។</p-l>
friendship	(relationship between two people holding mutual affection for one another) <p-l>មិត្តភាព។</p-l>
frustration	(the condition of being hindered or prevented - Rom. 9:20) <p-l>សេចក្តីឥតប្រយោជន៍ (គ.បៈ : សេចក្តីឥតប្រយោជន៍ គ.ខ.បៈ : ឥតន័យ)</p-l> fulfill (vb) (to bring about completion) <p-l>សម្រេច បំពេញសម្រេច</p-l> fulfilment (n) <p-l>ការសម្រេច [គ.ប : ត្រូវសំរេច (គ.ខ.ប : ស្របតាម ឬសំរេចសព្វគ្រប់ ធ្វើឲ្យបានពេញលក្ខណៈ) គ.គ.ខ : ការ សំរេច)។</p-l>
Fuller Theological Seminary	(an influential institution for training students in theology, founded in 1965, located in California, U.S.A, organized into three schools: School of Theology; School of Psychology; and School of Intercultural Studies) <p-l>សាលាទេវសាស្ត្រហ្វីលើរ។</p-l>
fullness	(the quantity or state of an abundant supply) <p-l>ភាពពេញលេញ</p-l>
function	(intended purpose of a person or thing) <p-l>មុខងារ</p-l>
functional	(adj) (practical rather than theoretical) <p-l>ដែលអាចធ្វើបានសំដៅទៅលើអ្វីដែលមាន ប្រយោជន៍</p-l>
functionary	(person acting in an official capacity) <p-l>អ្នកមានតួនាទីផ្លូវការ</p-l>
furnace	(an enclosed chamber in which heat is produced) <p-l>គុក (គ.បៈ គុក គ.ខ.បៈ ឡ)</p-l>
furrow	(a long groove made in the ground by a plough) <p-l>គន្លង (គ.ប: គន្លង គ.ខ.ប : គន្លង នង្គ័ល)។</p-l>
futility	(lack of purpose or meaning) (formal) <p-l>អសារភាព</p-l> (informal) <p-l>ភាពគ្មានប្រយោជន៍</p-l>
future	(the time yet to come) <p-l>អនាគត</p-l> (adj) <p-l>នៃអនាគត</p-l> futurist (adj) (relating to some future time) <p-l>នៃពេលអនាគត។</p-l>
future tense	(grammar: verb form indicating that an event is yet to happen or will happen) <p-l>អនាគតកាល។</p-l>
futurism	(eschatology: a view that interprets portions of Daniel and Revelation as future events in a literal, physical, apocalyptic and global context) <p-l>ទស្សនៈទំនាយពី ព្រឹត្តិការណ៍នៅអនាគតកាល។</p-l>
Gabriel, the angel...	<p-l>ទេវតាកាព្រីយ៉ែល</p-l>
Gad	<p-l>កាន់</p-l> (tribe of...) <p-l>អំបូរកាឌ</p-l> Gadites <p-l>ពួកកាឌ់</p-l>
Gadara, region of...	<p-l>ស្រុកគេរ៉ាស៊ីន</p-l>
Gaius	<p-l>កៃយុស</p-l>
Gaius	(Emperor of Rome 37-41 AD, also known as Caligula) <p-l>អធិរាជកយុស</p-l>
Gal.	(abbreviation "Letter to the Galatians") <p-l>កា</p-l>.
Galatia, Province of...	<p-l>ស្រុកកាឡាទី</p-l>
Galatians, Letter to the...	<p-l>សំបុត្រដល់ពួកកាឡាទី</p-l>
Galilean ministry, the...	(the period of Jesus' ministry in the Province of Galilee) <p-l>ព័ន្ធកិច្ច ព្រះយេស៊ូវនៅស្រុកកាលីឡេ។</p-l>
Galilee, Province of...	<p-l>ស្រុកកាលីឡេ</p-l> Galilean <p-l>អ្នកស្រុកកាលីឡេ</p-l> Galilean (adj) <p-l>នៃស្រុក កាលីឡេ។</p-l>
Galilee, Sea of...	<p-l>សមុទ្រកាលីឡេ</p-l>
Gallio	(Roman senator and brother of the writer Seneca who as proconsul gave a judgment in a legal case involving Paul in Corinth) <p-l>កាលីយ៉ូ។</p-l>
Gallio, Junius Arnaeus	(proconsul of Achaea c. 51-53 AD) <p-l>កាលីយ៉ូ</p-l>
Gamaliel I, Rabban	(a leading authority in the Sanhedrin in the mid-1st Century AD, commonly regarded as the Gamaliel who spoke in favour of the arrested apostles, and the Jewish teacher of Paul) <p-l>កាម៉ាលាស។</p-l>
garden	(a fertile and beautiful region) <p-l>សួនច្បារ (គ.បៈ : សួនច្បារ គ.ខ.បៈ : សួនឧទ្យាន)</p-l>
Garden, the...	(a reference to the Garden of Eden) <p-l>សួនច្បារអេដែន</p-l>
garment	(div) (an article of clothing) <p-l>ព្រះពស្ត្រ</p-l>
gatekeeper	(a person who has charge of a gate and controls who may pass through it) <p-l>អ្នក ឆ្នាំទ្វារ</p-l>
Gath, City of...	<p-l>ក្រុងកាថ</p-l>
Gaza, City of...	<p-l>ក្រុងកាសា</p-l>
Gebal, City of...	<p-l>ក្រុងកេបាល</p-l>
Gedaliah	<p-l>កេដាលា</p-l>
Gehenna	(Greek "hell") <p-l>ភាសាក្រេក «ហ្គោហេណ្ណា»</p-l> (informal) <p-l>នរក</p-l> "Gemara" (a written discussion of subjects related to the Mishna that is part of the Talmud, from around 500 AD) <p-l>«កេម៉ារ៉ា»។</p-l>
gematria/gimatria	(Hebrew: a Jewish system of assigning numerical value to a word or phrase, in the belief that words or phrases with identical numerical values bear some relation to each other, or bear some relation to the number itself as it may apply to a person's age, the calendar year, etc.) <p-l>ប្រព័ន្ធកាត់ស្រាយដោយលេខម្យ៉ាងរបស់ សាសន៍យូដា។</p-l>
Gen.	(abbreviation "Genesis") <p-l>លោក</p-l>.
genealogy	(the direct descent of an individual or group from an ancestor) <p-l>ពង្សាវតារ [គ.ប : ពង្សាវតារ (គ.ខ.ប : បញ្ជីរាយនាមព្រះឰយុកោ វង្សត្រកូល)]។</p-l>
General Epistles, the...	(the NT letters whose intended audience seems to be Christians in general rather than individual persons or churches) <p-l>កណ្ឌសំបុត្រទូទៅ។</p-l>
general revelation	(universal knowledge of God discovered by natural means) <p-l>ការបើក សម្តែងទូទៅ។</p-l>
generate	(vb) (trinitarian theology: to produce or bring into being) <p-l>បង្កើត</p-l> generation <p-l>ការ បង្កើត។</p-l>
generation	(a successive stage in natural descent ) <p-l>ជំនាន់ (គ ប : ដំណ គ ខ ប: ជំនាន់)</p-l>
generative	(adj) (relating to the production of offspring, parts etc) <p-l>នៃការបង្កើត</p-l>
generous	(adj) (willing to give away one's money, time etc.) <p-l>សប្បុរស</p-l> generosity <p-l>ភាព សប្បុរស។</p-l>
Genesis, Book of...	<p-l>កណ្ឌលោកុប្បត្តិ (គ.ខ.ស : កំណើតពិភពលោក)</p-l>
Geneva	(the Swiss City that was the centre of John Calvin's Reformation activities) <p-l>ក្រុង ហ្សឺណែវ។</p-l>
Geneva Bible	(English Bible produced by Protestant scholars who fled England to Geneva under Calvin, first appeared in 1560 with Calvinist and Puritan annotations) <p-l>ព្រះគម្ពីរភាសាអង់គ្លេសហ្សឺណែវ។</p-l>
genitive	(adj) (denoting a case of nouns, pronouns and adjectives in inflected languages used to indicate a relationship of ownership or association) <p-l>ដែលបង្ហាញនូវភាព ជាម្ចាស់។</p-l>
Gennesaret, City of...	<p-l>ក្រុងគេនេសារ៉ែត</p-l> (area surrounding...) <p-l>ស្រុកគេនេសារ៉ែត</p-l>
genre	(category of literature) <p-l>ប្រភេទអក្សរសាស្ត្រ</p-l>
Gentile Christianity	(Christianity of a Gentile origin, as distinguished from a Jewish origin) <p-l>ជំនឿគ្រីស្ទបរិស័ទពីប្រភពសាសន៍ដទៃ។</p-l>
Gentiles	(non-Israelite people or nations) <p-l>សាសន៍ដទៃ</p-l>
Genubath	<p-l>កេនូបាត</p-l>
geography	(the study of the natural features of the earth's surface) <p-l>ភូមិសាស្ត្រ</p-l>
geology	(the study of the origin, structure and composition of the earth) <p-l>ភូគព្ភសាស្ត្រ</p-l>
Ger.	(abbreviation "German language") <p-l>ភាសាអាឡឺម៉ង់</p-l>
Gerar, City of...	(Gen. 20) <p-l>ក្រុងកេរ៉ា</p-l>
Gerasa	(an ancient Greco-Roman city that was part of the Roman Province of Syria) <p-l>ក្រុង កេរ៉ាសា។</p-l>
Gergesa	(also known as the country of the Gergesenes, is located on the eastern side of the Sea of Galilee) <p-l>ស្រុកគេរ៉ាស៊ីន។</p-l>
Gerizim, Mt...	<p-l>ភ្នំកេរិស៊ីម</p-l>
Gershom	<p-l>តើសុម</p-l>
Gershon	<p-l>គេសុន</p-l>
Gether	(son of Aram, son of Shem ) <p-l>កេធើរ</p-l>
Gethsemane, Garden of...	<p-l>ច្បារគេតសេម៉ានី</p-l>
Gezer	(Canaanite city-state in Palestine) <p-l>ក្រុងកេសើរ</p-l>
Giants, Book of...	(a pseudepigraphical Jewish work from 3<sup>rd</sup> Century BC based on the *Book of Enoch*) <p-l>ឯកសារ «សៀវភៅយក្ស»។</p-l>
Gibeah, City of...	<p-l>ក្រុងគឺបៀរ</p-l>
Gibeon, City of...	<p-l>ក្រុងគឺបៀន</p-l>
Gibeonites	<p-l>ពួកក្រុងគឺបៀរ</p-l>
Gideon	<p-l>គេឌាន</p-l>
gift	(ministry... a talent received from God for the purpose of serving his people) <p-l>អំណោយ ទាន។</p-l>
Gihon	(a river coming out of Eden) <p-l>ទន្លេគីហុន</p-l>
Gilgamesh	[a Sumerian king, the fifth king of the line of Uruk (c. 2500 BC) and the central character in the "Epic of Gilgamesh"] <p-l>ស្ដេចហ្វីលហ្គាមេស។</p-l>
Gilgamesh, Epic of...	(a poem from Mesopotamia amongst the earliest surviving works of literature, dating from the 18th Century BC) <p-l>ឯកសារ «វរកថាអំពីស្តេចហ្គីលហ្គា មេស»។</p-l>
Girgashites	(a people descended from Canaan, son of Ham) <p-l>ពួកតើកាស៊ី</p-l>
give	(to deliver voluntarily something to the permanent possession of another) (div) <p-l>ប្រទាន។</p-l>
Gk.	(abbreviation: Greek language) <p-l>ភាសាក្រេក</p-l>
glacier	(a slowly moving mass of ice) <p-l>ផ្ទាំងទឹកកក</p-l>
glorify	(vb) (to worship, exalt, adore) <p-l>ថ្វាយសិរីល្អ</p-l> (something worthy of worship, exaltation, adoration glory <p-l>សិរីល្អ (គ.ប : សិរីល្អ សរសើរដំកើង គ.ខ.បៈ សិរីរុងរឿង)</p-l> glorification <p-l>ការថ្វាយសិរីល្អ។</p-l>
glorify	(vb) (to make more splendid) <p-l>លើកឡើង</p-l>
gloss	(a short explanation or interpretation of a word or expression located in the margin of a manuscript) <p-l>ឃ្លារឹមទំព័រដែលពន្យល់អត្ថន័យ។</p-l>
glossary	(an alphabetic list of terms peculiar to a field of knowledge with definitions or explanations) <p-l>អក្ខរានុក្រមពិសេស។</p-l>
glossolalia	(speaking in "tongues”) <p-l>ការនិយាយភាសាដទៃ</p-l>
gluttony	(the act or practice of eating to excess) <p-l>ការបរិភោគច្រើនហួសប្រមាណ</p-l> glutton <p-l>មនុស្ស ល្មោភស៊ី។</p-l>
Gn.	(abbreviation "Book of Genesis") <p-l>លោក</p-l>.
GNB	(abbreviation "Good News Bible”) <p-l>ព្រះគម្ពីរភាសាអង់គ្លេស</p-l> Good News Bible (1976)
gnosis	(Greek: supposed revealed knowledge of spiritual truths, especially that possessed by the ancient Gnostics) <p-l>ណស៊ីស</p-l> (informal) <p-l>ភាសាក្រេក «តម្រិះអាថ៌កំបាំងខាង-ព្រលឹង វិញ្ញាណ»។</p-l>
gnostic	(adj) (relating to esoteric spiritual knowledge) <p-l>ខាងណស្វីស</p-l> (informal) <p-l>នៃតម្រិះអាថ៌ កំបាំងខាងព្រលឹងវិញ្ញាណ។</p-l>
Gnostic	(a person adhering to or believing in Gnosticism) <p-l>ជនណស្ស៊ីស</p-l> (informal) <p-l>អ្នក ប្រកាន់តម្រិះអាថ៌កំបាំងខាងព្រលឹងវិញ្ញាណ។</p-l>
Gnosticism	(a religious movement characterised by a belief in gnosis, through which Man's spirit could be released from its bondage to matter) <p-l>ណស្ស៊ីសនិយម។</p-l>
god	(a supernatural being) <p-l>ព្រះ ទេវតា អាទិទេព</p-l> goddess <p-l>ទេវកញ្ញា ទេពកញ្ញា ទេវកន្យា (ព្រះស្រី)</p-l> God (the sole Supreme Being, eternal, spiritual and transcendent, who is Creator and ruler of all, and is infinite in all attributes) <p-l>ព្រះជាម្ចាស់។</p-l>
God names of	<p-l>«ព្រះនាមរបស់ព្រះជាម្ចាស់</p-l>
godchild	(a child sponsored by adults at baptism) <p-l>កូនធម៌</p-l>
Godfearer	(a Gentile sympathizer to Second Temple Judaism) <p-l>អ្នកកោតខ្លាចដល់ព្រះ (គ.ប អ្នក កោតខ្លាចដល់ព្រះ គ.ខ.ប អ្នកកោតខ្លាចព្រះជាម្ចាស់)។</p-l>
Godhead	(trinitarian theology the essential nature and condition of being God) <p-l>ភាពជាព្រះ ជាម្ចាស់</p-l>
godlessness	(impiety by virtue of lacking reverence for God) <p-l>ភាពមិនគោរពព្រះជាម្ចាស់</p-l>
godliness	(piety in virtue of having great reverence for God) <p-l>ភាពគោរពព្រះជាម្ចាស់</p-l> (adj)
godly	<p-l>ដែលគោរពព្រះជាម្ចាស់។</p-l>
godparent	(a person who stands as sponsor to a child at baptism) <p-l>ឪពុកម្តាយធម៌</p-l>
Godward	(adv. for God, towards God) <p-l>ចំពោះព្រះអម្ចាស់</p-l>
Gogue, Maurice	(Dean of the Faculty of Protestant Theology in Paris, director of studies at the Ecole Pratique de Hautes Etudes, and professor at the Sorbonne (18801955) <p-l>បណ្ឌិតធ្វើសហ្វាយ្យអែល</p-l> (short) <p-l>បណ្ឌិតហូយ្យអិល។</p-l>
Gozan	(a probable reference to the Gutians, a tribe from the Zagros mountains that overran southern Mesopotamia at the collapse of the Abbadian empire. Gen 14.1) golden calf (an idol worshipped by the Hebrews during the Exodus, and during the reign of Jeroboam, king of Israel) <p-l>រូបគោមាស។</p-l>
Golgotha	(the place of the skull) <p-l>គល់កូថា</p-l>
Goliath	<p-l>គលីយ៉ាត</p-l>
Gomer	(son of Japheth) <p-l>គូមើរ</p-l>
Gomorrah	(with of the prophetic books) <p-l>កូម៉ូរ៉ា</p-l>
Gomorrhal	(city of) <p-l>កូម៉ូរ៉ា</p-l>
good	(moral, excellent, virtuous, holy, (adj) 
good	(happiness, good fortune, prosperity) <p-l>សុភមង្គល សេចក្តីល្អ សេចក្តីសុខ។</p-l>
good deeds	(actions that are moral, excellent) <p-l>កុសលកម្ម</p-l>
Good Friday	(lit. "good" Friday; the Friday preceding Easter Sunday; the day on which a commemorative service, sometimes also called a "three" day or "good" service, is held; hence, something that is truly excellent) <p-l>ថ្ងៃសុក្រល្អ</p-l> Good Samaritan, the (the central character of Jesus' parable) <p-l>សាវម៉ារីល្អ</p-l> Good Samaritan, Parable of the <p-l>រឿងប្រៀបប្រដូចសាសន៍សាម៉ារីចិត្តល្អ</p-l>
goodwill	(feeling of benevolence, approval, and kindly interest) <p-l>សេចក្តីស អានុគ្រោះ។</p-l>
good works	(a person's exterior actions or deeds that appear morally excellent) <p-l>កាព័ត ល្អ។</p-l>
goodness	(the state or quality of being morally excellent) <p-l>សេចក្តីសប្បុរស</p-l>
gospel, the...	(the good news of salvation in Jesus Christ) <p-l>ដំណឹងល្អ</p-l>
Gospels, the...	(the four NT books: Matthew, Mark, Luke and John) <p-l>កណ្ឌដំណឹងល្អទាំងបួន</p-l>
gossip	(vb) (to converse using malicious chatter or rumours about other people) <p-l>និយាយ</p-l>
government	(system or mechanism by which something is organized) <p-l>រដ្ឋាភិបាល ឬ ភិបាល។</p-l>
governor	(the ruler or chief magistrate of a province) <p-l>រាជរដ្ឋាភិបាល គ.ម ហ្វាយ គ. ភិបាល។</p-l>
grace	(the free and unmerited favour of God shown towards humanity) <p-l>ព្រះគុណ គណ (គ.ន.បៈ ព្រះគុណ ព្រះហឫទ័យប្រណីសន្តោស)។</p-l>
grace	(a short prayer said before a meal to give thanks to God for the food) <p-l>អធិដ្ឋាន ព្រះគុណមុនពេលទទួលទានអាហារ។</p-l>
Graeco-Roman world	(the region directly influenced by the language, culture, government and religion of the Ancient Greeks and Romans) <p-l>វប្បធម៌ក្រិកនិងរ៉ូម បុរាណ។</p-l>
Graham, Billy	(American evangelist and ordained Baptist minister who is noted for his revivals and crusades (1918) <p-l>ឆ្នាំ ដែលល្បីល្បាញ។</p-l>
grammatico-historical method	(hermeneutics. a process that seeks to discover the original intended meaning in the text through examination of the grammatical and syntactical aspects, the historical background and theological concerns) <p-l>ការបក ស្រាយតាមរយៈ វិធីសាស្រ្តវេយ្យាករណ៍ ប្រវត្តិសាស្ត្រ និងទេវសាស្ត្រ។</p-l>
grandfather	(the father of one's father or mother) <p-l>ជីតា</p-l>
gratitude	(feeling of thankfulness) <p-l>អំណរគុណ</p-l> (informal) (<p-l>សេចក្តីដឹងគុណ)</p-l>
gross image	(pejorative term for an idol) <p-l>រូបព្រះ</p-l>
Great Awakening, the...	(the first of several periods of Christian revitalization that swept Protestant Europe and British America in the 1730's and 1740's, leaving a lasting impact on American Christianity) <p-l>ការជាសវិញ្ញាណឲ្យរស់ឡើងវិញដ៏អស្ចារ្យ។</p-l>
Great Bible, the...	[published in 1525, the *first* authorized (by King Henry VIII) English Bible, known by its large size] <p-l>ព្រះគម្ពីរអង់គ្លេសធំ (1525)។</p-l>
“Great Commission, the...”	(the instruction of Jesus to his disciples to spread the Good News to all the world) <p-l>«មហាបេសកកម្ម»។</p-l>
Greece	(an area divided into a number of small self governing communities and citystates, where every island, valley and plain is cut off from its neighbours by sea or mountain ranges) <p-l>តំបន់ក្រេក។</p-l>
greed	(excessive desire for wealth or power) <p-l>សេចក្តីលោភ</p-l>
Greek	(a person of Greek ancestory or a Gentile) <p-l>សាសន៍ត្រេក (គ.ប : សាសន៍ក្រេក គ.ខ.បៈ : សាសន៍ក្រេក)។</p-l>
Greek	(...language at the time of the composition of the NT) <p-l>ភាសាក្រេកសម័យសញ្ញាថ្មី</p-l> (short) <p-l>ភាសាក្រេក</p-l> secular Greek <p-l>ភាសាត្រេកដែលមិនទាក់ទងនឹងព្រះគម្ពីរ។</p-l>
greet	(vb) (to send a message of friendship) <p-l>ជំរាបសួរ</p-l>
greet	(vb) (to meet or receive with expression of gladness or welcome) <p-l>ជំរាបសួរ ទទួល</p-l>
Gregory of Nanzianzus	[Archbishop of Constantinople, theologian, philosopher and one of the Cappadocean Fathers who greatly influenced Trinitarian theology (c. 329-390 AD)] <p-l>អគ្គអភិបាលហ្គោហ្គូរីពីណាល្បឿនល្មើស។</p-l>
Gregory of Nyssa	[Bishop of Nyssa, theologian influenced by Origen, one of the Cappadocean Fathers, and a significant contributor to the doctrine of the Trinity (c. 335-395)] <p-l>អភិបាលហ្គោហ្គូរីពីនីស្សា។</p-l>
Gregory I	[Roman Catholic pope (590-604) well known for his writings (540-604)] <p-l>សម្តេច ប៉ាបហ្គោហ្គូរីទី១។</p-l>
Griesbach, Johann Jakob	[(a German textual critic whose work in NT criticism inaugurated a new epoch in understanding the synoptic problem (1745-1812)] <p-l>បណ្ឌិត គ្រីសបាច់។</p-l>
grieve	(vb) (to feel great sorrow) <p-l>ស្តាយ</p-l>
griffin	(a mythical creature with the body of a lion, and head and wings of an eagle) 191 <p-l>រូបប្រាំហ្វឺន។</p-l>
groom	(abbreviation “bridegroom”) <p-l>កូនកំលោះ</p-l>
grounds	(reason, justification) <p-l>មូលដ្ឋាន ហេតុផល</p-l>
growl	(vb) (to utter sounds in a low inarticulate manner) <p-l>គ្រហឹម</p-l>
guidance	(leadership, instruction or direction) <p-l>ការណែនាំ</p-l>
guilt	(the fact of wrong-doing) <p-l>ពិរុទ្ធភាព (គ.បៈ ទំលាក់ទោស ការកាត់ទោស ការជាប់មានបាប គ.ខ.បៈ ទំលាក់កំហុស កាត់ទោស ការជាប់បាប គ.គ.ខ : កាត់ទោស)</p-l> the guilty <p-l>អ្នកដែលមានកំហុស។</p-l>
guilt	(awareness of wrong doing) <p-l>ភាពដឹងកំហុស</p-l> the guilty <p-l>អ្នកដែលបង្ហាញពីកំហុស</p-l>
guilt-offering	(type of sacrifice made as a compensation payment) <p-l>ដង្វាយសម្រាប់ការរំលង</p-l>
Gundry, Robert H.	(biblical scholar and the prominent member of the Evangelical Theological Society who signed their statement affirming biblical inerrancy) <p-l>បណ្ឌិត ហុនឌ្រី។</p-l>
Hab.	(abbreviation "Book of Habbakuk") <p-l>ហាបា</p-l>.
Habakkuk, Book of...	<p-l>កណ្ឌហាបាគុក</p-l>
Habiru	<p-l>សូមមើល</p-l> Hapiru
haburah/Chavurah	(Hebrew "fellowship": a small group of Jews who assemble to facilitate the Sabbath and holiday prayer services) <p-l>ភាសាហេព្រើរ «ហាប៊ូរ៉ា»។</p-l>
Hadad	(title used for many ancient gods including Baal) <p-l>ព្រះហាដាត</p-l>
Hades	(the abode of the dead, parallel of the Hebrew Sheol) <p-l>ស្ថានឃុំព្រលឹងមនុស្សស្លាប់ (គ.បៈ ស្ថានឃុំព្រលឹងមនុស្សស្លាប់ គ.ខ.បៈ ស្ថាននរក)។</p-l>
Hadorsan	(son of Joktan, son of Eber) <p-l>ហាដូរ៉ាម</p-l>
Hadrian, Emperor...	(Emperor of Rome, 117-138 AD) <p-l>អធិរាជហាគ្រាន</p-l>
Hagar	(Sarah's servant girl) <p-l>នាងហាការ</p-l>
Haggadah	(a Jewish text, compiled during the Mishnaic and Talmudic periods, that sets out the order of the Passover) <p-l>ឯកសារអត្ថបទ «ហាហ្គាដា»។</p-l>
Haggai, Book of...	<p-l>កណ្ឌហាកាយ</p-l>
hagiography	(a biography that idolizes its subject) <p-l>ជីវប្រវត្តិនៃវីរជន</p-l>
hagios	(Greek "holy”) <p-l>បរិសុទ្ធ (ភាសាក្រេក)</p-l>
hail	(pellets of frozen rain which fall in showers) <p-l>ព្រិល (គ.បៈ : ព្រិល គ.ខ.បៈ : ព្រឹល)</p-l>
Halab, City of...	(a city continuously inhabited since the 6<sup>th</sup> Millennium BC, located in modern Syria) <p-l>ក្រុងហ៊ែឡែប។</p-l>
Halakhah	(Hebrew: the collective body of religious laws for Jesus, including biblical law and later talmudic and rabbinic law, as well as customs and traditions) <p-l>«ហាលេកា»។</p-l>
Hallel	(Hebrew: a collection of Psalms from 113 to 118) <p-l>«ហាលេ» (ភាសាហេព្រើរ)</p-l>
hallelujah	(Hebrew "praise God") <p-l>ហាលេលូយ៉ា</p-l>
hallmark	(a mark or sign of authenticity) <p-l>ត្រាសម្គាល់ថាពិត</p-l> (a mark of excellence) <p-l>ត្រាសម្គាល់ ថាល្អ។</p-l>
hallow	(vb) (to set apart as sacred) <p-l>រាប់ជាបរិសុទ្ធ</p-l>
halo	(a disc or ring of light) <p-l>ឆព្វណ្ណរង្សី</p-l>
Ham	(middle son of Noah) <p-l>ហាំ</p-l> (place) <p-l>ស្រុកហាំ</p-l>
hamartias	(Greek “sins") <p-l>«ហាម៉ាធាស» (ភាសាក្រេក)</p-l>
Hamath	(the northern most city and region of the hills of Palestine) <p-l>ក្រុងហាម៉ាត ស្រុក ហាម៉ាត។</p-l>
Hamathites	(a people descended from Canaan, son of Ham) <p-l>ពួកហាម៉ាធីត</p-l>
Hamites	(the descendants of Ham) <p-l>ពួកកូនចៅហាំ</p-l>
Hammurapi/Hammurabi	(first king of the Babylonian Empire who reigned from 1792 1750 BC) <p-l>ស្ដេចហាមូរ៉ាពី។</p-l>
hand	(the part of the body at the end of the arm) <p-l>ដែដៃ</p-l> (div) <p-l>ព្រះហស្ត</p-l>
handicapped	(adj) (physically disabled) <p-l>ដែលពិការ</p-l>
Hannah	<p-l>នាងហាណា</p-l>
Hanukkah	(Hebrew "festival of Dedication) <p-l>សូមមើល</p-l> Dedication, Feast of ...
hapax legomenon	(Greek "something said only once”) <p-l>ពាក្យសរសេរតែម្តង (ភាសាក្រេក)</p-l>
hapax legomena	(pl)។
Hapiru	(a group of nomadic invaders from northeastern Mesopotamia, came to Canaan 1800-1100 BC) <p-l>ប្រជាជនហាពីរូ។</p-l>
Haran	(son of Terah, father of Lot) <p-l>ហារ៉ាន</p-l>
harbinger	(a person or thing that announces or indicates the approach of something) <p-l>ប្រផ្នូល។</p-l>
hard	(adj) (unkind, intolerant, unwilling to acknowledge God's, or Christ's lordship) <p-l>រឹង ទទឹង [(គ.បៈ រឹងទទឹង រឹងរូស) គ.ខ.បៈ រឹងរូស]។</p-l>
hark	(vb) (Old English "to listen, to pay attention") <p-l>ស្តាប់</p-l> “hark back” (vb) <p-l>រំលឹកនិយាយ ពីអនុស្សាវរីយ៍។</p-l>
harlotry	(actions of a prostitute) <p-l>ការប្រព្រឹត្តសេចក្តីកំជិត</p-l>
harmonize	(vb) (to collate material of parallel narratives, especially the four Gospels) <p-l>ធ្វើ លំដាប់លំដោយឲ្យស៊ីគ្នា</p-l> (n) harmonization <p-l>ការធ្វើលំដាប់លំដោយឲ្យស៊ីគ្នា។</p-l>
harmony	(agreement in opinion) <p-l>ការយល់ព្រមគ្នា</p-l>
harmony	(order or congruity of parts to their whole or to one another) <p-l>ភាពស៊ីគ្នា</p-l>
Harnack, Adolf von	[German theologian and church historian who rejected the historicity of John's Gospel and promoted the Social Gospel (1851-1930)] <p-l>បណ្ឌិត ហាណាក់។</p-l>
harp	(a large triangular plucked stringed musical instrument) <p-l>ពិណ (គ.ប : ស៊ឹង គ.ខ.បៈ : ពិណ)។</p-l>
harpoon	(a barbed spear attached to a long rope) <p-l>ចៀក (គ.ប : ចៀក) គ.ខ.បៈ : ជនួញ)</p-l> Job 41:7
Harran/Haran	(a major city in upper Mesopotamia) <p-l>ក្រុងហារ៉ាន</p-l>
harsh	(adj) (stern, severe or cruel) <p-l>តឹងរ៉ឹង</p-l>
Hasidaeans	(a Jewish religious party involved in political life during the Maccabean wars) <p-l>ពួកហាស៊ីដៀន។</p-l>
Hasmonaeans	(the ruling dynasty of Judah from 140-37 BC) <p-l>ពួកហាសម៉ូនៀន</p-l>
hate	(vb) (to dislike intensely) <p-l>ស្អប់</p-l> hatred (n) <p-l>សេចក្តីស្អប់ (គ.ប : សំអប់គ្នា គ.ខ.ប : ឈ្លោះប្រកែក គ្នា)។</p-l>
Hattusilis III	[King of the Hittite Empire (1267-1237 BC)] <p-l>ស្ដេចហាទូសីលីសទីបី</p-l>
Havilah	(son of Cush; son of Joktan) <p-l>ហាវីឡា</p-l>
Havilah	(a land near Edan) <p-l>ស្រុកហាវីឡា</p-l>
Hazael, King...	<p-l>ស្ដេចហាសែល</p-l>
Hazarmaveth	(son of Joktan, son of Eber) <p-l>ហាសាម៉ារែត</p-l>
Hazazon-tamar	(an Amorites city overcome by Chedorlaomer in his war against the cities of the plain - Gen. 14:7) <p-l>ហាសាសូន - តាម៉ារ។</p-l>
Hazor	(ancient city in Palestine) <p-l>ក្រុងហាសោរ</p-l>
head	(upper most part of the human body) <p-l>ក្បាល</p-l> (div) <p-l>ព្រះសិរ</p-l>
head	(the person commanding most authority within a group) <p-l>មេ</p-l>
head	(vb) (to lead) <p-l>ដឹកនាំ</p-l> (adj) <p-l>ដែលជាក្បាលដឹកនាំ</p-l>
Head	(a description applied to Jesus) <p-l>សិរសា</p-l>
headship	(the position or state of being a leader) <p-l>ភាពជាក្បាលដឹកនាំ</p-l>
headwaters	(the tributary streams of a river in the area in which it rises) <p-l>ក្បាលទឹក</p-l>
heal	(vb) (to restore to health) <p-l>ប្រោសឲ្យជា</p-l> healing <p-l>ការប្រោសឲ្យជា</p-l>
health	(the general condition of body and mind) <p-l>សុខភាព</p-l>
hearing	(investigation of a matter by a court of law) <p-l>សវនាការ</p-l>
hearken	(vb) (archaic: to listen to) <p-l>ស្តាប់តាម</p-l>
heart	(organ of the body) <p-l>បេះដូង</p-l>
heart	(the spirit of a person) <p-l>ចិត្ត</p-l>
heathen	(n) (person who does not acknowledge the God of Christianity, Judaism or Islam) <p-l>មនុស្សមិនស្គាល់ព្រះជាម្ចាស់</p-l> (adj) <p-l>នៃមនុស្សមិនស្គាល់ព្រះជាម្ចាស់។</p-l>
heaven	(the abode of God and the angels) <p-l>ស្ថានសួគ៌ (គ.ប : ស្ថានសួគ៌ គ.ខ.ប : ស្ថានបរមសុខ)</p-l>
heaven	(the sky, space surrounding the earth) <p-l>មេឃ</p-l>
heavenly session	<p-l>សូមមើល</p-l> “Session of Christ"
heavens, the...	(the sky) <p-l>ផ្ទៃមេឃ</p-l>
Heb.	(abbreviation "Letter to the Hebrews") <p-l>ហេ</p-l>.
Heb.	(abbreviation "Hebrew language") <p-l>ភាសាហេព្រើរ</p-l> (abbreviation "Hebrew people") <p-l>ពួកហេព្រើរ</p-l> (abbreviation "Hebrew nationality") <p-l>សាសន៍ហេព្រើរ។</p-l>
Heber	<p-l>ហាបើរ</p-l>
Hebraist	(a person who studies the Hebrew language and culture) <p-l>អ្នកសិក្សាភាសា និងវប្បធម៌ ហេព្រើរ។</p-l>
Hebraist	(people who speak Hebrew and follow Jewish customs and cultures) <p-l>ពួកយូដា</p-l>
Hebrew	(...language) <p-l>ភាសាហេព្រើរ</p-l>
Hebrew Scriptures	(the Scriptures used by Jesus in the synagogue and referred to by the Apostles) <p-l>ព្រះគម្ពីរហេព្រើរ។</p-l>
Hebrews	(Abraham's descendants in Egypt) <p-l>ពួកហេព្រើរ</p-l> (Abraham's descendants after they leave Egypt) <p-l>សាសន៍ហេព្រើរ។</p-l>
Hebrews, Letter to the...	<p-l>សំបុត្រទៅពួកសាសន៍ហេព្រើរ (គ.បៈ ហេព្រើរ គ.ខ.បៈ ហេប្រឺ គ.ខ.សៈ ហេប្រឺ)។</p-l>
Hebron, City of...	<p-l>ក្រុងហេប្រុន</p-l>
heed	(vb) (to pay close attention) <p-l>យកចិត្តទុកដាក់</p-l>
heel	(back part of the human foot) <p-l>កែងជើង</p-l>
Hegel, George	[German philosopher whose historicist and idealist account of reality as a whole revolutionized European philosophy and was a precursor to Marxism (1770-1831)] <p-l>បណ្ឌិតហេហ្គែល។</p-l>
Hegelian dialectic	(a method of argument for resolving disagreement usually presented in a threefold manner: a thesis, giving rise to an antithesis, and the tension between the two resolved by synthesis) <p-l>វិចារវិទ្យាហេហ្គែល។</p-l>
heifer	(a youg cow) <p-l>សត្វគោញី</p-l>
heilsgeschichte	(German "salvation history”) <p-l>ប្រវត្តិសាស្ត្រសេចក្តីសង្គ្រោះ (ភាសាអាឡឺម៉ង់)</p-l> heinous sins (sins of a particularly atrocious nature) <p-l>អំពើបាបយង់ឃ្នង អំពើបាបជូរជាតិ</p-l>
heir	(person legally succeeding to all property of a deceased person) <p-l>ទាយាទ</p-l> (informal) <p-l>អ្នកទទួលមរតក</p-l> heirship <p-l>ភាពជាអ្នកទទួលមរតក។</p-l>
Heli	<p-l>ហេលី</p-l>
hell	(the place of eternal punishment of the wicked after the final judgement) <p-l>ស្ថាននរក</p-l> (informal) <p-l>នរក។</p-l>
Hellenism	(devotion to or imitation of Ancient Greek thought, customs or styles) <p-l>ហេលេន និយម។</p-l>
hellenistic Greek	[(the universal dialect of the Greek language spoken throughout postClassical Antiquity (300 BC-300 AD)] <p-l>ភាសាក្រេកពីសម័យហេលេន។</p-l>
Hellenists	(people who spoke Greek and adopted the Ancient Greek way of life) <p-l>ពួក ហេលេន</p-l> (informal) <p-l>ជននិយមវប្បធម៌ត្រេក (គ.បៈ : ពួកហេលេន គ.ខ.ប: ជាតិយូដាដែល និយាយភាសាក្រេក)</p-l> Hellenistic world <p-l>ពិភពហេលេន</p-l> Hellenistic Jews <p-l>សាសន៍យូដា ហេលេន</p-l> Hellenistic Judaism (the Jewish religion practiced within the hellenistic environment) <p-l>សាសនាយូដាបែបហេលេន។</p-l>
hellenize	(vb) (to make or become like the Ancient Greeks) <p-l>បង្ខំឲ្យធ្វើតាមហេលេននិយម</p-l>
hellenization	<p-l>ការបង្ខំឲ្យធ្វើតាមហេលេននិយម។</p-l>
Hellenizer	(a person who seeks to get others to conform to Hellenism) <p-l>អ្នកឲ្យប្តូរកាន់ហេលេន និយម។</p-l>
helmet	(protective armour for the head) <p-l>មួកសឹក</p-l>
helper	(someone who assists) <p-l>អ្នកជំនួយ</p-l>
Heman	<p-l>ហេម៉ាន</p-l>
Hengel, Martin	[German historian of religion focusing upon the "Hellenistic Period" of early Judaism (1926-2009)] <p-l>បណ្ឌិតម៉ាទីនហេងហ្គែល</p-l> (short) <p-l>ហេងហ្គែល។</p-l>
Henry VIII	[King of England from 1509 till his death, who played a significant role in the separation of the Church of England from the Roman Catholic Church (1491-1547)] <p-l>ស្ដេចហេនរីទី៨។</p-l>
hepatoscopy	(divination by examining the liver of an animal) <p-l>ទំនាយមន្តអាគមដោយថ្លើមសត្វ</p-l>
herald	(vb) (to precede or usher in) <p-l>នាំដំណឹង</p-l> (n) <p-l>អ្នកនាំដំណឹង</p-l>
Hereford, Nicholas	(an English theological scholar and advocate of the English reform movement within the Roman Church) (d. 1420) <p-l>នីកូឡាស ហៀហ្វដ។</p-l>
heresy	(beliefs contrary to the established teachings of the Church) (formal) <p-l>អញ្ញមត្តិ</p-l> (informal) <p-l>លទ្ធិខុសឆ្គង</p-l> heretic (a person holding heretical beliefs) <p-l>បុគ្គលមានជំនឿ ខុសឆ្គង</p-l> heretical (adj) <p-l>ដែលខុសឆ្គង។</p-l>
hermeneutic	(a particular method of interpretation) <p-l>វិធីកាត់ស្រាយ</p-l>
hermeneutics	(branch of theology dealing with the principles and methodology of exegesis) <p-l>វិទ្យាសាស្រ្តកាត់ស្រាយអត្ថបទ។</p-l>
Hermetic Literature, the...	(a collection of Egyptian documents written in Greek from the 1st to 3rd Century AD in the form of a dialogue containing philosophical ideas about Gnosticism and Neoplatonism) <p-l>អក្សរសិល្ប៍ហើម៉េតិក។</p-l>
Hermon, Mount...	<p-l>ភ្នំហើម៉ូន</p-l>
Herod, King...	[also known as Herod Agrippa, or King of the Jews, was grandson of Herod the Great, and son Aristobulus IV and Bernice, ruled from 37 to 4 BC and whose territory comprised of most of Israel including Iudaea, Galilee, Batanaea and Perea (10 BC-44 AD)] <p-l>ស្ដេចហេរ៉ូឌទី១។</p-l>
Herod Agrippa I	<p-l>សូមមើល</p-l> Herod, King...
Herod Agrippa II	[the seventh and last of the Herodian kings, before whom Paul pleaded his cause in AD 59 (c. 27-100 AD)] <p-l>ស្ដេចហេរ៉ូឌអ័គ្រីប៉ាទី២។</p-l>
Herod Antipas	(a 1ª Century ruler of Galilee and Perea, and son of Herod the Great) <p-l>ស្ដេចហេរ៉ូឌអាន់ទីប៉ាស។</p-l>
Herod the Great	<p-l>សូមមើល</p-l> Herod, King...
Herod Philip/Herod II	[son of Herod the Great and first husband of Herodias (25 BCafter 30 AD)] <p-l>ហេរ៉ូឌ ភីលីព ហេរ៉ូឌទី២។</p-l>
Herodian	(a member of Herod the Great's household) <p-l>អ្នកនៅដំណាក់ហេរ៉ូឌ</p-l>
Herodian Temple	(a massive expansion of the Second Temple by King Herod the Great, commencing c. 19 BC) <p-l>ទីក្រុងយេរូសាឡិមដែលស្ដេចហេរ៉ូឌដ៏ឆ្នើមបានសាងសង់ឡើងវិញ</p-l> (informal) <p-l>ព្រះវិហារនៃហេរ៉ូឌ។</p-l>
Herodians	(a Jewish political party separate to the Pharisees and Sadducees) <p-l>ពួកហេរ៉ូឌ</p-l>
Herodias	<p-l>ហេរ៉ូឌាស</p-l>
Herodotus	[an ancient Greek historian called the "Father of History" since he was the first historian to collect materials systematically, test for accuracy and arrange in a well-constructed narrative (484-425 BC)] <p-l>អ្នកប្រវត្តិសាស្រ្តក្រិក ហេរ៉ូឌីទើស សូម មើល</p-l> "Histories" of Herodotus។
hesed	(Hebrew "mercy”) <p-l>«មេត្តា» (ភាសាហេព្រើរ)</p-l>
Hesiod	(Greek oral poet active between sometime 750 and 650 BC, who is a major source on Greek mythology) <p-l>ហេស៊ីអូដ។</p-l>
heterodox	(adj) (holding unorthodox doctrines or opinions) <p-l>អញ្ញប្បដិប័ន្ន</p-l> (informal) <p-l>មាន មតិដែលនៅក្រៅសាសនា ដែលវង្វេងជំនឿ។</p-l>
heterogeneous	(adj) (composed of unrelated elements) <p-l>វិសភាគ</p-l>
heterosexual	(person sexually attracted to a member of the opposite sex) <p-l>រួមភេទផ្ទុយគ្នា</p-l>
Hezekiah, King...	<p-l>ស្ដេចហេសេគា</p-l>
Hezron	<p-l>ហេគ្រុន</p-l>
Hg.	(abbreviation "Book of Haggai") <p-l>ហា</p-l>.
hide	(vb) (to conceal from view or discovery) <p-l>ពួន</p-l>
hiera grammata	(Latin "sacred writings") <p-l>សំណេរបរិសុទ្ធ (ភាសាឡាតាំង)</p-l>
hierarchical	(adj) (describing government by an organized priesthood) <p-l>ដែលតាមឋានានុ ក្រម។</p-l>
hierodule	(Greek: a temple slave in the service of a specific deity) <p-l>ទាសករព្រះវិហារ (ភាសាក្រេក)</p-l>
hieratic	(adj) (relating to a cursive form of hieroglyphics used by priests in Ancient Egypt) <p-l>នៃគំនូរអក្សរបែបសង្ឃ។</p-l>
hieroglyph	(picture symbol used in writing) <p-l>គំនូរអក្សរ</p-l>
hieroglyphics	(form of writing in which pictures or symbols are used to represent objects, concepts or sounds) <p-l>ការសរសេរដោយគំនូរអក្សរ។</p-l>
high Christology	(the study of Christ stressing his divinity at the cost of his humanity) <p-l>ព្រះគ្រីស្ទវិទ្យាដែលសំដៅទៅលើទេវភាពទ្រង់</p-l> (short) <p-l>ព្រះគ្រីស្ទវិទ្យាដ៏ខ្ពង់ខ្ពស់។</p-l>
high place	(place, typically on a mountain, used for worship) <p-l>ទីខ្ពស់</p-l>
high priest	(Judaism: the priest of highest rank who alone was permitted to enter the holy of holies of the Tabernacle and Temple) <p-l>សម្តេចសង្ឃ (គ.ប : សំដេចសង្ឃ គ.ខ.បៈ មហាបូជាចារ្យ)។</p-l>
High Priest	(a title given to Jesus) <p-l>អង្គសម្តេចសង្ឃ</p-l>
high-priesthood	(the office of a high-priest) <p-l>ការងារជាសម្តេចសង្ឃ</p-l>
higher sense	(hermeneutics: the spiritual sense, a deeper sense of understanding Scripture that is not self evident/literal) <p-l>អត្ថន័យដោយព្រះវិញ្ញាណ។</p-l>
Hilkiah	<p-l>ហ៊ីលគីយ៉ា</p-l>
Hillel, School of...	(a school of early 1st Century AD Jewish thought that debated with the School of Shammai upon matters of ritual practice, ethics and theology) <p-l>ពួក ហ៊ីលឡែល។</p-l>
Hinnom	<p-l>ហ៊ុនណឹម</p-l> (Valley of...) <p-l>ជ្រលងហ៊ុនណឹម</p-l>
Hippolytus of Rome	[a 3rd Century theologian (170-236 AD)] <p-l>ហ៊ីបប៉ូលីទុសមកពីទីក្រុងរ៉ូម</p-l>
Hiram, King...	<p-l>ស្តេចហ៊ីរ៉ាម</p-l>
historic premillennialism	(view that the millennium of Rev. 20 is a further stage in the achievement of Christ's kingdom, an interim between the age of the Church and the age to come) <p-l>មុនសហស្សវត្សនិយមខាងប្រវត្តិសាស្ត្រ។</p-l>
Historical Books	(these books include Joshua, Judges, 1, 2 Samuel, 1, 2 Kings, 1, 2 Chronicles, Esther, Ezra and Nehemiah) <p-l>កណ្ឌព្រះគម្ពីរខាងប្រវត្តិសាស្ត្រ។</p-l>
historical context	(the situation that the selected passage was written in, and written for) <p-l>បរិបទប្រវត្តិសាស្ត្រ។</p-l>
historical criticism	(a branch of literary analysis that investigates the origin of a text) <p-l>ការវិភាគប្រវត្តិសាស្ត្រអត្ថបទ</p-l> historical critics <p-l>អ្នកវិភាគប្រវត្តិសាស្ត្រអត្ថបទ។</p-l>
historical exegesis	(textual criticism that includes the study of the historical and cultural backgrounds for the author, the text, and the original audience) <p-l>ការរកផល ប្រយោជន៍-ប្រវត្តិសាស្ត្រអត្ថបទព្រះគម្ពីរ។</p-l>
historical inquiry	(the process of investigation in order to understand the past) <p-l>ការស្វែងរក ខាង-ប្រវត្តិសាស្ត្រ។</p-l>
historical Jesus, the...	(scholarly reconstructions of portraits of the life of Jesus of Nazareth based on historical methods) <p-l>ការបង្ហាញពីជីវិតព្រះយេស៊ូវដោយការវិភាគប្រវត្តិ សាស្ត្រ។</p-l>
historical objectivism	(doctrine that reality is objective, and that data from the senses corresponds with reality) <p-l>យថានិយមចំពោះប្រវត្តិសាស្ត្រ។</p-l>
historical setting	(all the previous activities which form the context of the event) <p-l>ស្ថានភាព ប្រវត្តិសាស្ត្រ។</p-l>
historicism	(eschatology: view that associates biblical prophecies with actual historical events and identifies symbolic beings with historical persons or institutions) <p-l>ទស្សនៈទំនាយបានកើតឡើងក្នុងប្រវត្តិសាស្ត្រ។</p-l>
historicity/historical sense	(historical authenticity) <p-l>ភាពជាប្រវត្តិសាស្ត្រ</p-l> "Histories" of Herodotus/Herodotus (a record of the ancient traditions, politics, geography, and clashes of culture around the Mediterranean and Western Asia, written c. 450 to 420 BC in the Ionic dialect of Classical Greek) <p-l>«ប្រវត្តិសាស្ត្រសរសេរ ដោយហេរ៉ូឌីទើស»។</p-l>
historiography	(the writing of history) <p-l>ការសរសេរប្រវត្តិសាស្ត្រ</p-l>
history	(a record, often chronological, of past events) <p-l>ប្រវត្តិសាស្ត្រ</p-l> historian <p-l>ប្រវត្តិវិទូ</p-l> "History of Religions" School (a 19th Century German school of thought that depicted religions as evolving with human culture, from primitive polytheism to ethical monotheism) <p-l>ពួក «ប្រវត្តិសាស្ត្រនៃសាសនាទាំងមូល»</p-l> (short) <p-l>ពួកប្រវត្តិសាស្រ្តសាសនា។</p-l>
Hittites	(the second of the twelve Canaanite nations, descended from Heth, son of Canaan) <p-l>ពួកហេត សាសន៍ហេត។</p-l>
Hivites	(a people descended from Canaan, son of Ham) <p-l>ពួកហេវី</p-l>
Ho.	(abbreviation "Book of Hosea") <p-l>ហូ</p-l>.
Hobah	(the place where Abraham rescued lot - Gen. 14) <p-l>ហូបា</p-l>
Hofmann, Johann Christian Conrad von	[a German Lutheran theologian and historian (1810-1877)] <p-l>បណ្ឌិតហហ្វម៉ាន់។</p-l>
holiness	(the state of being associated with or set apart for God) <p-l>សេចក្តីបរិសុទ្ធ (គ.បៈ : សេចក្តី បរិសុទ្ធ គ.ខ.បៈ : ភាពវិសុទ្ធ)។</p-l>
Holiness Code, the...	(reference to Leviticus 17-26, due to its repeated use of the word “holy”) <p-l>«ក្រមច្បាប់នៃសេចក្តីបរិសុទ្ធ» (លេវី. ១៧-២៦)។</p-l>
Holofernes	(Book of Judith: a general of Nebuchadnezzar, dispatched to take vengeance on the nations of the west that withheld assistance to his reign) <p-l>មេទ័ព ហូឡូហ្វីណេស។</p-l>
holy, the...	(a description applied to that which is set apart for God) <p-l>អ្វីៗដែលបរិសុទ្ធ</p-l>
Holy City, the...	(indirect reference to Jerusalem) <p-l>ទីក្រុងបរិសុទ្ធ</p-l>
Holy Club, the...	(an organization at Christchurch, Oxford, set up by John and Charles Wesley in 1729, whose members were derisively called "methodists") <p-l>ហូលីក្លិប។</p-l>
Holy Communion	(the partaking of consecrated bread and wine that represents the body and blood of Christ) <p-l>ពិធីលៀងព្រះអម្ចាស់ ពិធីសម្ពន្ធមេត្រីដ៏វិសុទ្ធ។</p-l>
holy of holies	(the innermost compartment of the Tabernacle, and later the part of the Temple that enshrined the Ark) <p-l>ទីបរិសុទ្ឋបំផុត។</p-l>
Holy One	(reference to God) <p-l>ព្រះដ៏បរិសុទ្ធ</p-l>
Holy One of God	(a description of Jesus) <p-l>ព្រះអង្គបរិសុទ្ធនៃព្រះអម្ចាស់ (គ.បៈ : ព្រះអង្គបរិសុទ្ធនៃព្រះ គ.ខ.បៈ : ព្រះដ៏វិសុទ្ធដែលមកពីព្រះជាម្ចាស់)។</p-l>
Holy Orders	<p-l>សូមមើល</p-l> Orders
Holy Sepulchre, Church of the...	(a 4<sup>th</sup> Century church within the Old City of Jerusalem, venerated as Golgotha, and said to contain the place where Jesus' body was placed) <p-l>ព្រះវិហារផ្នូរបរិសុទ្ធ។</p-l>
Holy Spirit	(the third person of the Trinity) <p-l>ព្រះវិញ្ញាណបរិសុទ្ធ (គ.បៈ : ព្រះវិញ្ញាណបរិសុទ្ធ គ.ខ.បៈ : ព្រះវិញ្ញាណដ៏វិសុទ្ធ គ.គ.ខៈ : ព្រះវិញ្ញាណបរិសុទ្ធ)។</p-l>
Holy Trinity	<p-l>សូមមើលពាក្យ</p-l> Trinity <p-l>ព្រះត្រៃឯក</p-l>
holy war	(war fought by God for his people) <p-l>សង្គ្រាមបរិសុទ្ធ</p-l>
Holy Week	(liturgical calendar: the days between Palm Sunday and Holy Saturday before Easter) <p-l>សប្តាហ៍វិសុទ្ធ។</p-l>
homage	(a public show of respect or honour towards someone or something) <p-l>ការគោរព</p-l> "pay homage” <p-l>គោរព។</p-l>
homage	(something done in acknowledgement of vassalage) <p-l>សក្ការបូជា</p-l>
Homer	(Greek poet of 8<sup>th</sup> Century BC) <p-l>ហូមមើរ</p-l>
homicide	(killing of another person by a human being) <p-l>ឃាតកម្ម (ហេតុការណ៍ឃាត)</p-l>
homily	(a sermon or discourse on a moral or religious topic) <p-l>ធម្មទេសនា</p-l>
homoousion	(trinitarian theology: Greek "the same substance") <p-l>«សារធាតុដូចគ្នា» (ភាសា ក្រេក)។</p-l>
homosexuality	(sexual relations with persons of the same sex) <p-l>ការរួមភេទដូចគ្នា (គ.ប : ការ លេងកូនដឹង គ.ខ.បៈ : ការរួមសង្វាសនឹងភេទដូចគ្នា)</p-l> homosexual <p-l>មនុស្សរួមភេទដូចគ្នា។</p-l>
honey	<p-l>ទឹកឃ្មុំ</p-l>
honour	(vb) (to hold in respect or esteem) <p-l>គោរព</p-l>
honour	(vb) (to keep one's promise) <p-l>រក្សាពាក្យសន្យា</p-l>
honour	(n) (personal integrity) <p-l>កិត្តិយស (គ.បៈ កេរ្តិ៍ឈ្មោះ គ.ខ.បៈ កិត្តិយស)</p-l>
Hooker, Morna D.	[British theologian and NT scholar (1931-)] <p-l>បណ្ឌិតហ៊ូឈីរ</p-l>
hope	(vb) (a feeling of desire for something and confidence in the possibility of its fulfilment) <p-l>សង្ឃឹម</p-l> (n) <p-l>សេចក្តីសង្ឃឹម។</p-l>
Horace	[full name Quintus Horatius Flaccus, was the leading Roman lyric poet at the time of Augustus (65-8 BC)] <p-l>ហូរ៉េស។</p-l>
Horeb, Mount...	<p-l>ភ្នំហូរែប</p-l>
Horites	(a people inhabiting areas around Mt. Seir in Canaan) <p-l>ពួកហូរី</p-l> "horns of the altar" (these were grasped by someone seeking sanctuary or protection when charged by a serious offence) <p-l>ស្នែងអាសនា។</p-l>
Hort, Fenton J. A.	[Irish theologian, and biblical and Greek scholar (1826-1892)] <p-l>បណ្ឌិត ហត។</p-l>
Horus child	(Egyptian mythology: child of Isis and Osiris who took up the battle against Set, commonly depicted with his mother Isis in a pose that become iconic for the Virgin Mary and infant Jesus) <p-l>កុមារហូរុស។</p-l>
hosanna	(Hebrew "a shout of praise or adoration") <p-l>«ហូសាណា» (ភាសាហេព្រើរ)</p-l>
Hosea, the Prophet...	<p-l>ហោរាហូសេ</p-l>
Hosea, Book of...	<p-l>កណ្ឌហូសេ</p-l>
Hoshea, King...	<p-l>ស្ដេចហូសេ</p-l>
hospitality	(kindness to welcoming strangers or guests) <p-l>សេចក្តីចៅវ៉ៅ (គ.ប : សេចក្តីចៅវ៉ៅ គ.ខ.បៈ : ទទួលភ្ញៀវដោយរាក់ទាក់)។</p-l>
host	(great number, multitude) <p-l>បរិវារ</p-l> hosts (pl) <p-l>ពួកបរិវារ</p-l>
host	(archaic English “army") <p-l>កងទ័ព</p-l>
house	(dwelling) <p-l>ផ្ទះ</p-l>
house	[the descendants of a notable person (normally David)] <p-l>ពូជ</p-l> (royal) <p-l>ដំណើរវង្សាព្រះវង្ស (គ.ប : ដំណើរវង្សា គ.ខ.បៈ : ក្រុមគ្រួសារ)។</p-l>
house	(household) (royal) <p-l>ព្រះរាជដំណាក់ (គ.បៈ : ព្រះរាជដំណាក់ គ.ខ.បៈ : ព្រះញាតិវង្ស)</p-l> "House of Life" (name for an Ancient Egyptian library for papyrus scrolls) <p-l>«ផ្ទះនៃជីវិត»</p-l>
household	(people living collectively in one place) <p-l>ក្រុមគ្រួសារ (គ.ប : ពួកផ្ទះ គ.ខ.បៈ: កូន ចៅ</p-l>
household of faith	(Christian family) <p-l>គ្រួសារគ្រីស្ទបរិសុទ្ធ</p-l>
hover	(*vb*) (to remain suspended in one place) <p-l>រេរា</p-l>
Hugo of St. Victor	[a medieval theologian, probably born in France, whose writings include works of mysticism, philosophy and the arts (c. 1096-1141)] <p-l>បណ្ឌិតហ៊ូហ្គោ នៃវិកទើរ។</p-l>
Hul	(son of Aram, son of Shem) <p-l>ហ៊ុល</p-l>
Huldah, the Prophetess.....	<p-l>ហោរាស្រីហ៊ុលដា</p-l>
Huleh, Lake...	(a lake in northern Israel, drained in the 1950's) <p-l>បឹងហ្វាបេ</p-l>
humanism	(belief there is no power or moral value superior to ht
43	<p-l>ក្នុងភាសាខ្មែរ ឈ្មោះ</p-l> Hosies <p-l>និង</p-l> Hosce <p-l>បកប្រែថា ស្តេចប</p-l>
Gen	18:19
humanitarianism	(doctrine that it is one's duty to strive to promote human welfare) <p-l>ទ្រឹស្តី ដែលមានបំណងធ្វើមនុស្សជាតិឲ្យផុតពីទុក្ខទោស។</p-l>
humanity	(the human race) <p-l>មនុស្សជាតិ</p-l>
humanity	(the state of being human) <p-l>ភាពជាមនុស្ស</p-l>
humble	(vb) (to cause to become conscious of one's failings) <p-l>បន្ទាប</p-l> (adj) <p-l>សុភាពរាបសា</p-l>
humble, the...	(n) (person/s conscious of their own failings) <p-l>មនុស្សរាបសា [(គ.ប : មនុស្ស ទាល់ក្រ មនុស្សរាបទាប មនុស្សរាបសា) (គ.ខ.បៈ : មនុស្សទន់ខ្សោយ មនុស្សទន់ទាប)]។</p-l>
humiliate	(vb) (to lower or hurt the dignity or pride) <p-l>បន្ទាបបន្ថោក</p-l>
humility	(the state or quality of being humble) <p-l>ភាពបន្ទាបខ្លួន</p-l>
hunter	(someone who seeks out and kills or captures game) <p-l>ព្រាន (គ.បៈ : ព្រាន គ.ខ.ប : ប្រមាញ់)</p-l>
Hupsu	(citizens who belonged to low social orders in the 2nd Millennium BC Near East) <p-l>ហ៊ុបស៊ូ។</p-l>
Hur	<p-l>ហើរ</p-l>
Hurrians	(a people of the Ancient Near-East) <p-l>ពួកហើរ</p-l>
Hyksos period	(a period in Ancient Egypt from the 12th to thel 7th Dynasty when an Asiatic people, the Hyksos, came to power over parts of Egypt) <p-l>សម័យហ៊ឹកសុស</p-l> Hyksos people <p-l>ពួកហុកសុស។</p-l>
hymn	(Christian song of praise) <p-l>ចម្រៀងសរសើរតម្កើង</p-l> hymnic (adj) <p-l>នៃចម្រៀងសរសើរតម្កើង</p-l>
hyperbole	(a deliberate exaggeration used for effect) <p-l>ការបំផ្លើសសំដី</p-l>
hypocrisy	(the practice of professing standards, beliefs etc., contrary to one's real character or actual behaviour) <p-l>ការលាក់ពុត</p-l> hypocrite <p-l>មនុស្សលាក់ពុត (គ.បៈ : អ្នកមានពុត មនុស្សកំពុត គ.ខ.បៈ : អ្នកមានពុត គ.គ.ខៈ អ្នកមានពុត)។</p-l>
hypostasis	(Greek "the shared experience of spiritual beings") <p-l>វត្តមានរួមគ្នា (ភាសាក្រេក)</p-l>
hypostatize	(vb) (to embody or personify) <p-l>ធ្វើបដិរូបកម្ម</p-l> hypostatization <p-l>បដិរូបកម្ម</p-l>
hypothesis	(suggested explanation for a group of facts or phenomena) <p-l>សម្មតិកម្ម</p-l>
Hyrcanus I, John	(a Hasmonaean leader whose story is told in 1 and 2 Maccabees) <p-l>ចន បើកានុសទី១។</p-l>
Hyrcanus II	(a member of the Hasmonaean Dynasty, was High Priest and King of Judea briefly in 67 BC) <p-l>ស្តេចហ៊ីកានុសទី២។</p-l>
hyssop	(plant used for sprinkling in the ritual practices of the Hebrews) <p-l>ហ៊ីសុប</p-l>
Ibal-pi-El	(a king of Eshnunna at the time of Hammurapi) <p-l>ស្តេចអ៊ីបាល់-ពី-អ៊ែល</p-l>
ibid	[abbreviation *ibidem* (Latin) "the same work"] <p-l>ការសរសេរដដែល (ភាសាឡាតាំង)</p-l>
ICC	(abbreviation for Biblical commentary series "*International Critical Commentary*") <p-l>សេរីសៀវភៅអត្ថាធិប្បាយព្រះគម្ពីរ ឈ្មោះថា</p-l> *International Critical Commentary* (ICC)។
Ichabod	<p-l>អ៊ីកាបូឌ</p-l>
Iconium, City of...	<p-l>ក្រុងអ៊ីកូនាម</p-l>
iconoclasm	(belief that icons are idols and should be destroyed) <p-l>ជំនឿពីការកំទេចរូបចម្លាក់</p-l>
ideal	(conception of something that is perfect) <p-l>ឧត្តមគតិ</p-l>
idealism	(philosophy: the view that reality, or reality as we can know it, is fundamentally mental, mentally constructed, or otherwise immaterial) <p-l>មនោនិយម។</p-l>
idem	(Latin "the same author”) <p-l>អ្នកនិពន្ធដដែល (ភាសាឡាតាំង)</p-l>
ideogram	(a sign or symbol, used in writing systems that directly represents a concept, idea or thing) <p-l>សញ្ញាតាមរូបឃើញ។</p-l>
ideological criticism	(method of biblical study that acknowledges that preconceptions affect the reading of the text, and that these preconceptions should be fully acknowledged and explored) <p-l>ការវិភាគខាងមនោគមវិជ្ជា</p-l> ideological critic <p-l>អ្នកវិភាគ ខាងមនោគមវិជ្ជានិយម។</p-l>
ideology	(set of beliefs by which an individual, group or society order reality so as to render it intelligible) <p-l>មនោគមវិជ្ជា</p-l> ideological (adj) <p-l>នៃមនោគមវិជ្ជា។</p-l>
idiom	(a group of words whose collective meaning cannot be predicted from the meanings of the constituent words) <p-l>សំនួនវោហា</p-l> (informal) <p-l>ឃ្លាមានន័យផ្សេងពីន័យត្រង់</p-l>
idiomatic	(adj) <p-l>ដែលមានន័យដោយឡែក។</p-l>
idle	(adj) (not wanting to work) <p-l>ដែលមានដៃទំនេរ</p-l>
idol	(anything or any being other than God to which divins
idolatry	(the worship of idols) <p-l>ការថ្វាយបង្គំរូបព្រះ គ ក្លែងក្លាយ)</p-l> idolatrous (adj) <p-l>ដែបេច្ចា</p-l>"
idols, meat offered to...	<p-l>«អាហារថ្វាយដល់</p-l>
Idrimi	(son of a king of Aleppo, made King of Alalah in the 15th Century BC) <p-l>ស្ដេចអ៊ីដរីមី</p-l> Idumaea (also known as Edom, an area between the Dead Sea and the Gulf of Aqaba) <p-l>ស្រុកអ៊ីឧមាន។</p-l>
i.e.	(abbreviation _id est_ (Latin) - "to say in other words") <p-l>គឺ គឺជា ដូចជា</p-l>
Ignatius	(1ª Century Bishop of Antioch and early Christian martyr) <p-l>អ៊ីកណាធាស</p-l>
ignorance	(the lack of knowledge, information) <p-l>ភាពអត់ចេះដឹង</p-l> ignorant (adj) <p-l>ដែលអត់ចេះ ដឹង។</p-l>
ignorance	(lack of education) <p-l>ភាពមិនអប់រំ</p-l> ignorant (adj) <p-l>ដែលមិនអប់រំ</p-l>
ignorance	(lack of wisdom) <p-l>ភាពអវិជ្ជា</p-l> (informal) <p-l>ភាពល្ងងខ្លៅ</p-l> ignorant (adj) <p-l>ល្ងងខ្លៅ</p-l>
illumination	(spiritual enlightenment) <p-l>ការពន្យល់បំភ្លឺ (ភាពបានទទួលចំណេះដឹងខាងវិញ្ញាណ)</p-l>
illusion	(a deceptive appearance of reality) <p-l>មាយាការ</p-l>
illusory	(adj) (based on an illusion) <p-l>ដែលបញ្ឆោតភ្នែក</p-l>
illustration	(homiletics: demonstration of the meaning of a text) <p-l>ការពន្យល់បង្ហាញពីអត្ថន័យអត្ថបទ។</p-l>
image	(a representation or likeness of a person, good or thing) <p-l>រូប រូបឆ្លុះ រូបបដិមា រូបភាព រូប តំណាង [(គ.ប : ឆ្លាក់ រូប គំរូ) (គ.ខ.បៈ តំណាង ទ្រង់ទ្រាយ រូប)]</p-l> (div) <p-l>រូបអង្គ។</p-l>
imagery	(figurative or descriptive language) <p-l>ភាសាប្រៀបប្រដូច</p-l>
imago	(Latin "image") <p-l>រូប (ភាសាឡាតាំង)</p-l>
Immaculate Conception	[teaching of the Roman Catholic Church that from her conception, Mary (Jesus' mother) was free from "original sin" and filled with "sanctifying grace"] <p-l>នាងម៉ារីគ្មានជំពាក់បាប និងគិលេសតណ្ហាណាមួយ តាំងពីពេលនាងចាប់ផ្ទៃ មក។</p-l>
immanence	(existing, operating or remaining within the world) (div) <p-l>វត្តមាននៅក្នុង លោកិយ។</p-l>
Immanuel	(Hebrew "God is with us”) <p-l>អេម៉ាញអែល (ភាសាហេព្រើរ)</p-l>
immaterial	(adj) (not formed of matter) <p-l>អរូប (គ្មានរូបរាង)</p-l>
immediate context	(the text immediately before and after a selected passage) <p-l>បរិបទជិត</p-l>
immerse	(vb) (to plunge or dip into liquid) <p-l>ជ្រមុជ</p-l> immersion <p-l>ការជ្រមុជ</p-l>
imminence	(liable to happen soon) <p-l>ភាពជិតមកដល់</p-l>
immorality	(the state of transgressing accepted moral rules) <p-l>ភាពអសីលធម៌</p-l>
nmortal	(adj) <p-l>ដែលមិនចេះស្លាប់</p-l> immortality (n) <p-l>អមតភាព</p-l> (informal) <p-l>ជីវិតដែលមិនចេះស្លាប់ (គ.ប : សេចក្តីមិនចេះស្លាប់ គ.ខ.បៈ : ជីវិតអមតៈ)។</p-l>
immutable	(adj) (unchanging through time) <p-l>ដែលមិនប្រែប្រួល</p-l>
impart	(to give or bestow) <p-l>អោយ</p-l> (div) <p-l>ប្រទាន</p-l>
impartial	(adj) (not prejudiced towards or against any particular side or party) <p-l>ដែលមិន លំអៀង។</p-l>
impasse	(deadlock, impassable difficulty) <p-l>ភាពទាល់ច្រក</p-l>
impeccable	(adj) (theology: incapable of sinning) <p-l>ដែលមិនអាចធ្វើបាបបាន</p-l> impeccability <p-l>ភាពគ្មានកំហុស។</p-l>
impenitent	(adj) (not sorry or penitent) <p-l>ដែលគ្មានការនឹកស្តាយ</p-l> (n) (the...) <p-l>អ្នកដែលគ្មានការនឹក ស្តាយ។</p-l>
imperative	(adj) (grammar: denoting a mood of verbs used in giving orders, making requests etc.) <p-l>បែបបង្គាប់បញ្ជា</p-l> (n) <p-l>ពាក្យបង្គាប់បញ្ជា។</p-l>
imperative	(n) (an order or command) <p-l>ពាក្យបញ្ជា (ពាក្យបញ្ជាដែលបដិសេធពុំបានដាច់ខាត)</p-l>
imperfect	(adj) (grammar: denoting a tense of verbs commonly describing continuing or repeated past actions or events) <p-l>ដែលបង្ហាញនូវអំពើមិនទាន់ចប់។</p-l>
imperfect	(adj) (characterised by faults, mistakes) <p-l>អសុក្រឹត</p-l> (informal) <p-l>មិនទាន់ត្រឹមត្រូវ</p-l> imperfection <p-l>អសុក្រឹតភាព។</p-l>
imperial cult	(a form of state religion in which the emperor is worshipped as a deity) <p-l>ធម្មការមហារាជ។</p-l>
imperishable	(adj) (not subject to decay or deterioration) <p-l>មិនចេះសូន្យ (គ.បៈ : មិនចេះសូន្យ គ.ខ.បៈ : មិនចេះសាបសូន្យ)។</p-l>
impiety	(opposite of “piety”) <p-l>ការខ្វះសេចក្តីគោរពចំពោះព្រះជាម្ចាស់</p-l>
implied author	(literary criticism: the character a reader may attribute to as the author based on the way a literary work is written, which may differ considerably from the author's true personality) <p-l>អ្នកនិពន្ធដែលបង្ហាញឲ្យឃើញ។</p-l>
importunate	(adj) (persistent, insistent) <p-l>ដែលសុំហើយសុំទៀត</p-l> importunity <p-l>ការទទូចសុំ</p-l> "imposition of hands" (also known as "laying on of hands", a religious ritual which often symbolizes the action of establishing someone to be obeyed) <p-l>ពិធីដាក់ដៃលើ។</p-l>
imposter/impostor	(a person who deceives others, especially by assuming a false identity) <p-l>អ្នកឆបោក (គ.ប : ឆបោក គ.ខ.បៈ : បោកប្រាស)។</p-l>
impurity	(the quality of being ritually unclean) <p-l>ភាពមិនបរិសុទ្ធ (គ.បៈ : សេចក្តីខ្ពើមឆ្នើមស្មោកគ្រោក គ.ខ.ប: អំពើសៅហ្មង)</p-l>
impute	(vb) (theology: to attribute or ascribe something to a person, particularly sin or righteousness) <p-l>ផ្ទេរ។</p-l>
imputed righteousness	(the concept that God accepts believes because the righteousness of Christ is attributed to them and their sin attributed to Him,) see also justify/ justification <p-l>ការរាប់ជាសុចរិត។</p-l>
inaugurate	(vb) (to commence officially or formally) <p-l>សម្ពោធ</p-l> (informal) <p-l>ឡើង</p-l> inaugura- tion <p-l>សម្ពោធន៍</p-l> (informal) <p-l>ការចាប់ផ្តើម។</p-l>
inaugurated eschatology	[belief that the "end times" (Kingdom of God) were inaugurated in the life, death and resurrection of Jesus] <p-l>អវសានវិទ្យាដែលឡើងក្នុងព្រះយេស៊ូវ។</p-l>
incantation	(ritual recitation of magic words or sounds) <p-l>មន្តគាថា</p-l>
incarnation	(the taking on of a human body) <p-l>ការយកនិស្ស័យជាមនុស្ស</p-l> incarnate (adj) <p-l>ក្នុង និស្ស័យជាមនុស្ស។</p-l>
incense	(aromatic substances burnt for a fragrant odour) <p-l>ធូប (គ.ប: កំញាន គ.ខ.ប : គ្រឿង ក្រអូប)។</p-l>
incest	(sexual intercourse between two persons too closely related to marry) <p-l>អំពើស្មន់ក្នុង គ្រួសារ (គ.ប : ការកំជិត)។</p-l>
inchoate	(adj) (just beginning, undeveloped, immature) <p-l>ដែលផ្តើម</p-l>
incommunicable attribute	(those qualities of God that belong to God alone) <p-l>លក្ខណសម្បត្តិ- របស់ព្រះជាម្ចាស់ដែលទ្រង់មិនប្រទានឲ្យមនុស្ស។</p-l>
incorporeal	(adj) (without material form, body or substance) <p-l>ដែលគ្មានរូបកាយ</p-l>
inculcate	(vb) (to instil by insistent repetition) <p-l>បណ្តុះគំនិតដោយទន្ទេញ</p-l>
incur	(vb) [to bring upon oneself (something undesirable)] <p-l>នាំមកនូវ</p-l>
indeterminism	(the philosophical doctrine that behaviour is not entirely determined by motives) <p-l>អបច្ចយនិយម។</p-l>
index	(an alphabetical list of persons, places, subjects etc. mentioned in the text of a printed work, usually at the back, and indicating where in the work they are referred to) <p-l>សទ្ទានុក្រម។</p-l>
indicative	(adj) (grammar: a mood of verbs used chiefly to make statements) <p-l>ដែលប្រាកដ ប្រជា។</p-l>
indict	(vb) [to make a formal written charge (accusation) of crime] <p-l>ចោទប្រកាន់</p-l> indict- ment <p-l>ការចោទប្រកាន់។</p-l>
indifference	(lack of care or concern) <p-l>ភាពមិនយកចិត្តទុកដាក់</p-l>
individualism	(the action or principle of asserting one's independance and individuality apart from groups) <p-l>ឯកត្តនិយម។</p-l>
Indo-European languages	(a family of several hundred related languages and dialects including most major current languages of Europe, the Iranian plateau and Indian Subcontinent) <p-l>ក្រុមភាសាឥណ្ឌា-អឺរ៉ុប។</p-l>
induct	(vb) (to initiate in knowledge) <p-l>នាំឲ្យចូលរៀន</p-l> inductive (adj) <p-l>ដែលនាំឲ្យចូលរៀន</p-l>
indulgence	(Roman Catholicism: the full or partial remission of temporal punishment due for sins as granted by the Church, specifically for good works and prayers) <p-l>គ្រឿងលោះបាប។</p-l>
indwell	(vb) (to inhabit) <p-l>រស់នៅ</p-l> (div) <p-l>គង់នៅ</p-l> indwelling (n) (div) <p-l>ការគង់នៅ</p-l> indwelling (adj) (div) <p-l>ដែលមានព្រះជន្មគង់នៅ។</p-l>
ineffable	(adj) (too great or too intense to express in words) <p-l>ដែលហួសនឹងពិពណ៌នា</p-l>
inerrant	(adj) (without error) <p-l>គ្មានកំហុស</p-l>
inerrancy	(a doctrine of Seripture meaning free from error) <p-l>ភាពគ្មានកំហុស</p-l>
inexactitude	(a lack of precision concerning facts) <p-l>ភាពមិនពិតប្រាកដ</p-l>
infallible	(adj) (not liable to error) <p-l>មិនចេះខុស</p-l>
infallibility	(historically, a doctrine of Scripture similar to "inerrancy" but developed to mean incapable of failing to achieve a goal) <p-l>ភាពមិនបរាជ័យក្នុងការសម្រេច-គោល បំណង</p-l> (short) <p-l>ភាពគ្មានអ្វីខុស។</p-l>
infancy narratives	(the biblical accounts of Jesus as a baby and as a small child) <p-l>និទានកថា អំពីទារកព្រះយេស៊ូវ។</p-l>
infant baptism	(the rite of admission into the body of Christian believers as applied to babies and small children) <p-l>ពិធីជ្រមុជទឹកឲ្យទារក។</p-l>
infinite	(adj) (having no limits or boundaries in time, space, extent or magnitude) <p-l>អនន្ត</p-l> (informal) <p-l>គ្មានកំណត់</p-l> infinity (n) <p-l>ភាពអនន្ត។</p-l>
inflexion, grammatical...	(change in the form of a word, usually a modification signalling change in tense, voice, mood, person, gender, number or case) <p-l>ការប្រែប្រួលតាម វេយ្យាករណ៍។</p-l>
infraction	(a violation or breaking of a law or agreement) <p-l>បទល្មើស</p-l>
infused righteousness	(the Roman Catholic basis for its doctrine of justification, that throught the keeping of Christ's commands, confession to a priest, penance, and receiving the "sacraments," God's righteousness is "infused" in the faithful) <p-l>ការប្រោសបានសុចរិត។</p-l>
Ingathering, Feast of...	<p-l>សូមមើល</p-l> Tabernacles, Feast of...
ingratitude	(thanklessness) <p-l>ភាពអកតញ្ញូ</p-l>
inherent	(adj) (existing as an inseparable part) <p-l>ដែលមានជាប់ជាមួយ</p-l>
inherit	(vb) (to receive by succession or under a will) <p-l>ទទួលមរតក</p-l> inheritance <p-l>មរតក (គ.ប : មរដក កេរ្តិ៍អាករ គ.ខ.បៈ : មត៌ក) ។</p-l>
inimical	(adj) (unfriendly, hostile) <p-l>ដែលជាសត្រូវ</p-l>
iniquity	(wickedness/lack of justice) <p-l>អំពើទុច្ចរិត សេចក្តីទុច្ចរិត</p-l>
initiate	(n) (a beginner or novice) <p-l>សមាជិកថ្មី</p-l>
initiate	(n) (a person who has been accepted into an organization or religious order) <p-l>សមាជិក។</p-l>
initiation	(a ceremony, often secret, accepting new members into an organization or formal religion) <p-l>ពិធីបញ្ចូលសមាជិកថ្មីក្នុងសមាគម/ក្រុមជំនុំ/ធម្មការ។</p-l>
injunction	(an instruction or order issued by a court to a party to an action) <p-l>អធិបញ្ជា</p-l>
injustice	(the condition or practice of being unfair) <p-l>អយុត្តិធម៌</p-l>
ink	(fluid or paste used for printing, writing, and drawing) <p-l>ទឹកខ្មៅ</p-l>
inkhorn	(a small portable container for ink, usually made from horn) <p-l>ដបទឹកខ្មៅ (គ.ប ដប ទឹកខ្មៅ គ.ខ.ប : ប្រដាប់ប្រដាសំរាប់សរសេរ)។</p-l>
innocence	(...of the accused) <p-l>ដំណើរគ្មានទោស</p-l>
inquisition	(a deep or searching inquiry) <p-l>ការស៊ើបអង្កេតយ៉ាងហ្មត់ចត់</p-l>
Inquisition	(Roman Catholicism: a group of decentralized institutions within the justice system of the Church whose aim was to combat heretics) <p-l>ការធ្វើទារុណកម្មក្នុង-ការ សួរចម្លើយ (ការបង្ក្រាបអ្នកវង្វេងជំនឿ)។</p-l>
inscribe	(vb) (to carve or engrave on a coin, tomb etc.) <p-l>ចារឹកអក្សរ</p-l> inscription <p-l>ការចារឹកអក្សរ</p-l> inscrutable (adj) (incomprehensible, mysterious, enigmatic) <p-l>ដែលមិនអាចយល់ជម្រៅគំនិត បាន។</p-l>
insider	(a member of a specified group) <p-l>អ្នកខាងក្នុងសង្គម</p-l>
insight	(ability to perceive clearly or deeply) <p-l>ការយល់ដឹងជ្រៅជ្រះ</p-l>
in situ	(Latin "in the natural or original position") <p-l>ស្ថានភាពដើម (ភាសាឡាតាំង)</p-l>
inspire	(vb) [literally the act or process of inhaling (breathing in); used to describe the doctrine concerned with the origin of the Bible] <p-l>បណ្តាលឲ្យតែង (គ.បៈ : បញ្ចេញព្រះ វិញ្ញាណបណ្តាលឲ្យតែង គ.ខ.ប : ប្រទានព្រះវិញ្ញាណមកបំភ្លឺ)</p-l> (div) <p-l>ព្រះវិញ្ញាណបណ្តាលឲ្យតែង</p-l>
inspiration	(n) <p-l>ការបណ្តាលឲ្យតែង។</p-l>
inspiration	(stimulation of the mind/feelings to a special activity or creativity) <p-l>ការជម្រុល ចិត្ត។</p-l>
institute	(vb) (to establish a rule, custom or precedent) <p-l>ស្ថាបនា</p-l> institution <p-l>ការស្ថាបនា</p-l>
institution	[the creation of a sacrament by Jesus, especially the Eucharist (Lord's Supper)] <p-l>ការបង្កើតអគ្គសញ្ញាដោយព្រះយេស៊ូវ។</p-l>
institution	(an ecclesiastical office or pastoral charge) <p-l>តួនាទីផ្លូវការចំពោះភាពដឹកនាំក្រុមជំនុំ ឬពួក ជំនុំឬនិកាយ។</p-l>
instruction	(the process of imparting knowledge, teaching, education) <p-l>ការបង្ហាត់បង្រៀន (គ.បៈ : សេចក្តីបង្រៀន គ.ខ.បៈ : បង្រៀន)។</p-l>
instruction	(a direction or an order) <p-l>ការបង្គាប់ ការបង្គាប់បញ្ជា</p-l>
instrumental	(adj) (serving as a means or influence) <p-l>ជួយធ្វើអោយកើតមានឡើង</p-l>
instrumental sense	(grammar: a case of nouns/adjectives in certain inflected languages indicating the instrument used in performing an action) <p-l>ពាក្យដែលបង្ហាញពីឧបករណ៍ មួយ។</p-l>
integrity	(adherence to moral principles, honesty) <p-l>សេចក្តីសុចរិត (គ.ប : លក្ខណះខ្លួន គ.ខ.ប : ទៀងត្រង់) ។</p-l>
Intelligent Design theory	(a belief that certain features of the universe and of living things are best explained by an intelligent cause, rather than an undirected process) <p-l>ទ្រឹស្តរិះរកការបង្កើតដោយប្រាជ្ញា។</p-l>
intercede	(vb) (to come between parties as an advocate or mediator) <p-l>ទូលអង្វរ [(គ.បៈ ជួយ អង្វរ អធិស្ឋានទូលអង្វរ) (គ.ខ.ប : មេត្តាជួយនិយាយ រកខុសត្រូវ ទូលអង្វរ)]</p-l> intercession (n) <p-l>ការទូលអង្វរ</p-l> intercessor <p-l>អ្នកទូលអង្វរ</p-l> (div) <p-l>អង្គទូលអង្វរ។</p-l>
intermediary	(a person who acts as mediator between parties) <p-l>អ្នកសង្រួបសង្រួម</p-l>
intermediate state, the...	(a person's existence between death and resurrection from the dead) <p-l>ស្ថានភាពកណ្តាល។</p-l>
interpolate	(vb) (to insert a passage into a text) <p-l>ជ្រៀតវគ្គចូល</p-l> interpolation <p-l>ការជ្រៀតវគ្គចូល</p-l> interpret (vb) (to clarify or explain the meaning of) <p-l>កាត់ស្រាយ</p-l> interpretation (n) <p-l>ការកាត់ ស្រាយ</p-l> biblical interpretation <p-l>ការកាត់ស្រាយដោយព្រះគម្ពីរ។</p-l>
intertestamental period	(the time between the OT and the NT when there were no prophets) <p-l>អំឡុងចន្លោះរវាងសញ្ញាចាស់ និងសញ្ញាថ្មី។</p-l>
Intervarsity Fellowship	(an international student-led ministry which for the past 70 years has been involved in establing a Christian witness on university and college campuses) <p-l>អង្គការមេត្រីភាពអ៊ុនធើវ៉ាស៊ីធី.។</p-l>
intimate	(vb) (to hint, suggest) <p-l>ប្រកាស</p-l>
intonation	(the sound pattern of phrases and sentences produced by pitch variation in the voice) <p-l>បន្លឺសំឡេង។</p-l>
intransitive	(grammar: denoting a verb when it does not require a direct object) <p-l>កិរិយាសព្ទ អសកម្ម។</p-l>
intrinsic	(adj) (relating to the essential nature of the thing) <p-l>ដែលមានជាប់</p-l>
invest	(vb) (to provide power or authority) <p-l>ប្រគល់អំណាច</p-l>
inviolability	(state of something that cannot be transgressed, dishonoured or broken) <p-l>ភាព មិនគួរបំពាន។</p-l>
invisible	(adj) (an attribute of God's presence) <p-l>អរូបី</p-l> (informal) <p-l>ដែលមើលមិនឃើញ</p-l>
invoke/invocate	(vb) (to call upon God for help) <p-l>អំពាវនាវ</p-l> invocation <p-l>ការអំពាវនាវ</p-l>
Ionia	(an ancient region of central coastal Anatolia located in present-day Turkey) <p-l>តំបន់ អាយូនៀ។</p-l>
Ionian Sea	(an arm of the Mediterranean Sea, south of the Adriatic Sea) <p-l>សមុទ្រអយូនៀ</p-l>
Ir<sup>48</sup>	(a city built by Nimrod) <p-l>ក្រុងអៀរ</p-l>
Irad	<p-l>អ៊ីរ៉ាឌ</p-l>
Irenaeus	(Early Church Father and apologist from 2<sup>nd</sup> Century AD) <p-l>អ៊ីរ៉ែននាស</p-l>
Irkabtum	(son of King Yarimlim of Aleppo) <p-l>ស្តេចអើកាប់ទឹម</p-l>
Iron Age	(period 1200 BC to 500 AD marked by the prevalent use of iron) <p-l>យុគដែក</p-l>
irony	(the humorous or mildly sarcastic use of words to imply the opposite of what they normally mean to draw attention to some incongruity or irrationality) <p-l>អត្ថន័យ ផ្ទុយ-ពីពាក្យនិយាយចំ។</p-l>
Irrid, town of...	(ancient town in northern Syria) <p-l>ក្រុងអៀរីដ</p-l>
Is.	(abbreviation "Book of Isaiah") <p-l>អេសា</p-l>.
Isaac	<p-l>អ៊ីសាក</p-l>
Isaiah, the Prophet...	<p-l>ហោរាអេសាយ</p-l>
<sup>48</sup>. missing in	<p-l>គ.ប</p-l> and <p-l>គ.ខ.ប</p-l> - Gen. 10:11
Isaiah, Book of...	<p-l>កណ្ឌអេសាយ</p-l>
Isaianic	(adj) (belonging to the prophet Isaiah) <p-l>របស់ហោរាអេសាយ</p-l> (belonging to the Book of Isaiah) <p-l>នៃកណ្ឌអេសាយ។</p-l>
Iscah	(daughter of Haran - Gen. 11:29) <p-l>នាងយីសកា</p-l>
Ishbosheth	<p-l>អ៊ីស-បូសែត</p-l>
Ishmael	<p-l>អ៊ីសម៉ាអែល</p-l>
Isin	(an ancient city-state of lower Mesopotamia occupied from the middle 3rd millenium BC) <p-l>ក្រុងអីស៊ីន។</p-l>
Islam	[the religion of Muslims, having the Koran as its sacred scripture and teaching that there is only one God and that Mohammed (570-632 AD) is his prophet] <p-l>សាសនាអ៊ីស្លាម។</p-l>
Israel	(reference to the combined descendants of Jacob) <p-l>ពួកអ៊ីស្រាអែល</p-l> (people of...)
សាសន៍អ៊ីស្រាអែល (Nation of...)	<p-l>ប្រទេសអ៊ីស្រាអែល</p-l> Israelite <p-l>សាសន៍អ៊ីស្រាអែល</p-l> Israelites <p-l>ពួកអ៊ីស្រាអែល។</p-l>
Israel of God	(name of God's people from Gal. 6:16) <p-l>អ៊ីស្រាអែលរបស់ព្រះអង្គ (គ.បៈ សាសន៍អីស្រាអែល-នៃព្រះ គ.ខ.បៈ : ប្រជារាស្ត្រអ៊ីស្រាអែលរបស់ព្រះអង្គ)។</p-l>
Issachar	<p-l>អ៊ីសាខារ</p-l> (tribe of...) <p-l>អំបូរអ៊ីសាខារ</p-l>
isthmus	(a narrow strip of land with sea on either side, linking two larger areas of land) <p-l>ដីដុះជាកោះស្ពាន។</p-l>
Ithamar	<p-l>អ៊ីថាម៉ារ</p-l>
itinerant	(adj) (working for a short time in various places) <p-l>ដែលធ្វើដំណើរពីកន្លែងមួយទៅកន្លែង មួយ។</p-l>
Iturea, region of...	[a late Hellenistic and early Roman region (Abilene) on the northern border of Palestine, conquered in 105 BC by Aristobulus, King of Judaea, and united to the Roman Province of Syria c. 50 AD] <p-l>តំបន់អ៊ីទូរេ។</p-l>
Iye-Abarim	(Hebrew "Ruins of Abarim", a place Israel stopped at during the Exodus) <p-l>ភាសាហេព្រើរ «អ៊ីយេ-អាបារីម»។</p-l>
Izharites, clan of the...	<p-l>គ្រួសារយឺតសារ</p-l>
J	(abbreviation "Yahwist source”) <p-l>ប្រភពយ៉ាវីស</p-l>
Jaazaniah	<p-l>ឃ្លាសានា</p-l>
Jabal	(son of Lamech) <p-l>យ៉ាបាល</p-l>
Jabbok	<p-l>ស្ទឹងយ៉ាបុក</p-l>
Jabin	<p-l>យ៉ាប៊ីន</p-l>
Jacob	<p-l>យ៉ាកុប</p-l>
Jael	<p-l>យ៉ាអែល</p-l>
Jahaziel	<p-l>យ៉ាហាសៀល</p-l>
jailer	(person in charge of prisoners) <p-l>ឆ្នាំគុក (គ.បៈ : មេភូមិឃុំ គ.ខ.បៈ ឆ្នាំគុក)</p-l>
Jairus	<p-l>យេរីស</p-l>
Jambres	<p-l>យ៉ាមប្រេស</p-l>
James, the Apostle...	<p-l>សាវកយ៉ាកុប</p-l>
James	(brother of Jesus) <p-l>យ៉ាកុប (ជាប្អូនព្រះយេស៊ូវ)</p-l>
James, Letter of...	<p-l>សំបុត្ររបស់យ៉ាកុប</p-l>
Jamnia, Council of...	(a hypothetical late 1st Century council at which the canon of the Hebrew Bible was alleged to have been finalized) <p-l>ក្រុមប្រឹក្សាយ៉ាំនា។</p-l>
Jannaeus, Alexander	(King of Judah from 103 to 76 BC, and son of John Hyrcanus) <p-l>ស្ដេច អាឡិចសានឌ័រផ្សែននើស។</p-l>
Jannes	<p-l>យ៉ានេស</p-l>
Japheth	(youngest son of Noah) <p-l>យ៉ាផែត</p-l>
Japhethites	(the descendants of Japheth) <p-l>ពួកកូនចៅយ៉ាឆែត</p-l>
Jared	(son of Mahalalel) <p-l>យ៉ារេឌ</p-l>
Jas.	(abbreviation "Letter of James") <p-l>យ៉ា</p-l>.
Jason of Cyrene	(a Hellenistic Jew who lived about 100 BC and wrote a history of the Maccabees down to the victory of Nicanor, which is said to form the basis of 2 Maccabees) <p-l>យ៉ាសុនពីស្រុកគីរេន។</p-l>
Javan	(son of Japheth) <p-l>យ៉ាវ៉ាន</p-l>
JB	(abbreviation "Jerusalem Bible”) <p-l>ព្រះគម្ពីរភាសាអង់គ្លេស</p-l> Jerusalem Bible (1966)
Jb.	(abbreviation "Book of Job") <p-l>យ៉ុប</p-l>
Jdg.	(abbreviation "Book of Judges") <p-l>ចៅ</p-l>.
Je.	(abbreviation "Book of Jeremiah") <p-l>យេ</p-l>.
jealous	(adj) (suspicious or fearful of being displaced by a rival) <p-l>ប្រចណ្ឌច្រណែន</p-l> (div) <p-l>មាន សេចក្តីប្រចណ្ឌ។</p-l>
Jealous	(a name for God emphasizing the requirement for worship to Him alone) <p-l>ព្រះ ប្រចណ្ឌ។</p-l>
Jebus	[a name for the Canaanite (Jebusite) City of Jerusalem prior to its conquest by King David] <p-l>ក្រុងយេប៊ូស។</p-l>
Jebusites	(a people descended from Cannan, son of Ham) <p-l>ពួកយេប៊ូស</p-l>
Jeconiah	<p-l>យេកូនាស</p-l>
Jeduthun	<p-l>យេឌូថីន</p-l>
Jehoahaz, King...	<p-l>ស្ដេចយ៉ូអាហាស</p-l>
Jehoash, King...	<p-l>ស្ដេចយ៉ូអាស</p-l>
Jehohanan	<p-l>យ៉ូហាណាន</p-l>
Jehoiachin, King...	<p-l>ស្ដេចយ៉ូយ៉ាគីន</p-l>
Jehoiada	<p-l>យេហូយ៉ាដា</p-l>
Jehoiakim, King....	<p-l>ស្ដេចយេហូយ៉ាគីម</p-l>
Jehoram, King...	<p-l>ស្ដេចយ៉ូរ៉ាម<</p-l>sup>49</sup>
Jehoshaphat, King...	<p-l>ស្ដេចយ៉ូសាផាត</p-l>
Jehovah	("the Lord" from Hebrew "Yahweh") <p-l>យេហូវ៉ា</p-l>
Jehovah - Jireh	(Hebrew "the Lord provides”) <p-l>ភាសាហេព្រើ «យេហូវ៉ា-យីរ៉េ»</p-l>
Jehovah's Witnesses	(a millenarian restorationist Christian sect with nontrinitarian beliefs who use their own translation of the Bible, *the New World Translation of the Holy Scriptures*) <p-l>ក្រុមសួរបន្ទាល់នៃព្រះយេហូវ៉ា។</p-l>
Jehu, King...	<p-l>ស្ដេចយេហ៊ូវ</p-l> (... the prophet) <p-l>ហោរាយេហូវ</p-l>
Jemdet Nasr	(a settlement mound in modern Iraq that was occupied during the Ubaid, Uruk and Dynastic I periods) <p-l>ទួលដែមខែតណែស។</p-l>
Jephthah	<p-l>បែបថា</p-l>
<sup>49</sup>	<p-l>ក្នុងភាសាខ្មែរ ឈ្មោះ</p-l> Jehoram <p-l>និង</p-l> Joram <p-l>បកប្រែថា ស្ដេចយ៉ូរ៉ាម</p-l>
Copyright ©	2016*
Jerah	(son of Jokan, son of Eber) <p-l>យេរ៉ា</p-l>
Jeremiah, Book of...	<p-l>កណ្ឌយេរេមា</p-l>
Jeremiah, Letter of...	(a deuterocanonical book of the OT that purports to have been written by Jeremiah to the Jews who were about to be carried away as captives to Babylon by Nebuchadnezzar) <p-l>«សំបុត្រយេរេមា»។</p-l>
Jeremias, Joachim	[German Lutheran theologian, scholar of Near Eastern Studies and university professor of NT studies at Gottingen and Tübingen (1900-1979)] <p-l>បណ្ឌិត យ៉ូអាឈីមយេរេមាស</p-l> (short) <p-l>យេរេមាស។</p-l>
Jeremy, Epistle of....	<p-l>សូមមើល</p-l>
Jericho, City of...	<p-l>ក្រុងយេរីខូ</p-l>
Jeroboam I, King...	(first king of the northern Israelite kingdom of Israel) <p-l>ស្ដេចយេរ៉ូបោម ទី១។</p-l>
Jeroboam II, King...	(succeeded Jehoash to become the fourteenth king of Israel) <p-l>ស្ដេច យេរ៉ូបោមទី២។</p-l>
Jerome	[Early Church Father and Bible translator (Vulgate) (347-420 AD)] <p-l>ជីរួម</p-l>
Jerusalem Bible	(a Roman Catholic Bible, that includes the deuterocanonical books, published in 1966) <p-l>ព្រះគម្ពីរយេរូសាឡិម។</p-l>
Jerusalem, City of...	<p-l>ក្រុងយេរូសាឡិម</p-l> Jerusalemite <p-l>អ្នកក្រុងយេរូសាឡិម</p-l>
Jerusalem Council, the...	<p-l>សូមអាន</p-l> “Council, Jerusalem..."
Jerusalem Rite, the...	(reference to the Lord's Supper in the Early Church) <p-l>ពិធីលៀងព្រះអ ម្ចាស់នៅពួកជំនុំដើម។</p-l>
Jesse	(father of David) <p-l>អ៊ីសាយ</p-l>
jest	(vb) (to act or speak in an amusing, teasing or frivolous way) <p-l>និយាយលេង</p-l>
Jesuism	(the teachings of Jesus) <p-l>ការបង្រៀនរបស់ព្រះយេស៊ូវ</p-l>
Jesuits	(also known as "The Society of Jesus", a religious order of the Roman Catholic Church founded by Ignatius of Loyola in 1534) <p-l>ក្រុមជេស៊ូត។</p-l>
Jesus	(Greek "Joshua”) <p-l>ភាសាក្រេក «យ៉ូស្វេ»៖ យេស៊ូវ (គ.ប យេស៊ូវ គ.ខ.ប : យេស៊ូ)</p-l>
Jesus Christ	<p-l>ព្រះយេស៊ូវគ្រីស្ទ (គ.បៈ : ព្រះយេស៊ូវគ្រីស្ទ គ.ខ.បៈ : ព្រះយេស៊ូគ្រិស្ត)</p-l>
Jesus Christ, Life and Teaching of...	(NBD) <p-l>«ការរស់នៅ និងសេចក្តីបង្រៀននៃព្រះយេស៊ូវគ្រីស្ទ»</p-l>
Jesus Christ, Titles of...	(NBD) <p-l>«ឋានៈព្រះយេសូវគ្រីស្ទ»</p-l>
Jew/Jews	(member/s of the people descended from the ancient Israelites) <p-l>សាសន៍យូដា 50 ពួក ដឹកនាំសាសន៍យូធា</p-l> (member/s of the kingdom of Judah) <p-l>ពួកយូធា</p-l> Jewish (adj) (of the Jews) <p-l>របស់សាសន៍យូដា របស់ពួកយូដា។</p-l>
Jewess	(a female Jew) <p-l>ស្ត្រីសាសន៍យូដា</p-l>
Jewish Christianity	(Christianity of a Jewish origin, as distinguished from a Gentile origin) <p-l>ជំនឿគ្រីស្ទបរិស័ទពីប្រភពយូដា។</p-l>
Jewish Temple	<p-l>សូមមើល</p-l> Second Temple
Jewish War, the...	(also known as the Great Revolt, was the first of three major rebellions of the Jews of Judea (66-70AD)] <p-l>សង្គ្រាមសាសន៍យូដា។</p-l>
Jewish War, the or &quot;The Wars of the Jews&quot;	(a seven volume account written by Josephus in Greek, beginning with the period of the Maccabees and concludes with the fall of Jerusalem and the subsequent Roman celebrations) <p-l>«សង្គ្រាមសាសន៍ យូដា»។</p-l>
Jewry	(Jews collectively) <p-l>ពួកសាសន៍យូដា</p-l>
Jezebel	<p-l>នាងយេសិបិល</p-l>
Jezreel, area of...	<p-l>តំបន់យេសរាល</p-l>
Jihad	(Islam: a term meaning "struggle", refers to an important religious duty of Muslims) <p-l>ជីហាដ (ភាសាអារ៉ាប់)។</p-l>
Jn.	(abbreviation "Gospel of John" or "Letter of John”) <p-l>យួន</p-l>.
Joab	<p-l>យ៉ូអាប់</p-l>
Joash, King...	<p-l>ស្ដេចយ៉ូអាស</p-l>
Job, Book of...	<p-l>កណ្ឌយ៉ូប</p-l>
Jobab	(son of Joktan, son of Eber) <p-l>យ៉ូបាប</p-l>
Jochebed	<p-l>នាងយំក៏បិត</p-l>
Joel, Book of...	<p-l>កណ្ឌយ៉ូអែល</p-l>
Johanine/Johannine	(adj) (belonging to the apostle John) <p-l>របស់សាវកយ៉ូហាន</p-l>
John	(reference to the writings of the Apostle John) <p-l>ការសរសេរសាវកយ៉ូហាន</p-l>
John, the Apostle...	<p-l>សាវកយ៉ូហាន</p-l>
John the Baptist	<p-l>យ៉ូហាន-បាទីស្ទ</p-l>
John, Gospel according to....	<p-l>ដំណឹងល្អតាមសាវកយ៉ូហាន</p-l> (short) <p-l>កណ្ឌយ៉ូហាន</p-l>
John, Letter of ...	<p-l>សំបុត្ររបស់សាវកយ៉ូហាន</p-l>
John Mark	<p-l>យ៉ូហានម៉ាកុស</p-l>
Joktan	(son of Eber, son of Shelah) <p-l>យ៉ុកថាន</p-l>
Jon.	(abbreviation "Book of Jonah") <p-l>យ៉ូណា</p-l>.
Jonah, the prophet...	<p-l>ហោរាយ៉ូណាស</p-l>
Jonah, Book of...	<p-l>កណ្ឌយ៉ូណាស</p-l>
Jonathan	<p-l>យ៉ូណាថាន</p-l>
Joppa, City of...	<p-l>ក្រុងយ៉ុបប៉េ</p-l>
Joram, King...	<p-l>ស្ដេចយ៉ូរ៉ាម</p-l>
Jordan, River...	<p-l>ទន្លេយ័រដាន់</p-l> (... Valley) <p-l>ជ្រលងយ័រដាន់</p-l>
Jos.	(abbreviation "Book of Joshua") <p-l>យ៉ូស</p-l>.
Jos.	(abbreviation “Josephus”) <p-l>យ៉ូសែបហ្វឺស</p-l>
Joseph	<p-l>យ៉ូសែប</p-l>
Joseph of Arimathaea	<p-l>យ៉ូសែបពីស្រុកអើរីម៉ាថេ</p-l>
Josephus	(Jewish historian of the 1st Century AD) <p-l>យ៉ូសែបហ្វឺស</p-l>
Joshua	(name meaning "Yahweh is salvation”) <p-l>យ៉ូស្វេ (គ.ខ.បៈ : យ៉ូស៊ូអា)</p-l>
Joshua, Book of...	<p-l>កណ្ឌយ៉ូស្វេ</p-l>
Josiah, King...	<p-l>ស្ដេចយ៉ូសៀស</p-l>
Jotham, King...	<p-l>ស្ដេចយ៉ូថាម</p-l>
journal	(a collection of scholarly works periodically published) <p-l>ទស្សនាវដ្ដី</p-l>
joy	(deep feeling or condition of happiness or contentment) <p-l>អំណរ សេចក្តីអំណរ (គ.ប : សេចក្តី អំណរ គ.ខ.ប : អំណរ)។</p-l>
Jubal	(a son of Lamech) <p-l>យូបាល</p-l>
Jubilee	(according to the Law a time or season for rejoicing) <p-l>ឆ្នាំសោមនស្ស (គ.ប : ឆ្នាំ សោមនស្ស គ.ខ.ប : ឆ្នាំមេត្តាករុណា)។</p-l>
Jubilees, Book of...	(an ancient Jewish religious work, generally considered one of the Pseudopigrapha, but no complete Hebrew, Greek or Latin version has survived) <p-l>ឯកសារ «កណ្ឌសោមនស្ស»។</p-l>
Judaea/Judea, Province of...	<p-l>ស្រុកយូដា</p-l>
Judah	<p-l>យូដា</p-l> (the southern kingdom after the divison) <p-l>នគរយូដា</p-l> (tribe of...) <p-l>អំបូរយូដា</p-l> Judahites <p-l>ពួកយូដា។</p-l>
Judahite	(adj) <p-l>នៃអំបូរយូដា</p-l> (member of the tribe of Judah) <p-l>សមាជិកអំបូរយូដា</p-l>
Judaism	(religion of the Jews) <p-l>សាសនាយូដា</p-l> (a corporate reference to the Jews as identified by their birthright, and cultural and religious heritage) <p-l>ពួកយូដា។</p-l>
Judaizer	(a Gentile who seeks to conform to Judaism) <p-l>អ្នកដទៃប្តូរមកកាន់សាសនាយូដា</p-l>
Judas of Galilee	(led a failed revolt against the Roman census in AD 6) <p-l>យូដាសពីស្រុក កាលីឡេ។</p-l>
Judas Iscariot	<p-l>យូដាស-អ៊ីស្តារីយ៉ុត</p-l>
Judas Maccabee	(a Jewish warrior who led the Maccabean revolt against the Seleucids, 167-160 BC) <p-l>យូដាសម៉ាកកាប៊ី។</p-l>
Jude, Letter of...	<p-l>សំបុត្ររបស់យូដាស</p-l>
Jude	(abbreviation "Letter of Jude") <p-l>យូដ</p-l>.
judge	(vb) (to hear and decide a case by a court of law) <p-l>កាត់ក្តី</p-l> judgement (hearing), <p-l>ការ កាត់ក្តី</p-l> (condemnation) (pass) <p-l>ត្រូវជាប់កាត់ក្ដី (គ.ប: ត្រូវជាជំនុំជំរុះគ.ខ.ប: ត្រូវផ្តន្ទាទោស)។</p-l>
judge	(vb) (to hear and decide a case by a divine/heavenly court) <p-l>វិនិច្ឆ័យ</p-l> judgement (hearing) <p-l>ការវិនិច្ឆ័យ</p-l> (condemnation) <p-l>ការវិនិច្ឆ័យកាត់ទោស។</p-l>
judge	(vb) (to consult and form a decision by consensus) <p-l>ជំនុំជម្រះ</p-l> judgement <p-l>ការជំនុំជម្រះ</p-l> judge (vb) (to discern, to appraise critically) <p-l>សម្រេច ទទួលស្គាល់ ដឹង</p-l> judgement <p-l>ការដឹងខុស ត្រូវ។</p-l>
judge	(vb) (to sentence) <p-l>កាត់ទោស</p-l> judgement <p-l>ការកាត់ទោស</p-l>
judge	(vb) (to administer justice) <p-l>គ្រប់គ្រង (គ.ប: គ្រប់គ្រងវិនិច្ឆ័យរឿង គ.ខ.ប: គ្រប់គ្រងកាត់ក្តី)</p-l> judge (a public official with authority to hear cases in a court of law and pronounce judgement upon them) <p-l>ចៅក្រម។</p-l>
judge	(an Ancient Israelite leader who settles disputes, but is primarily a political and military leader) <p-l>ចៅហ្វាយ។</p-l>
Judge	(a divine title for God and Jesus) <p-l>ព្រះចៅក្រម</p-l>
judgment seat	(div) (the raised platform where a Roman magistrate or ruler sat to make decisions and pass sentence) <p-l>កន្លែងរវិនិច្ឆ័យ (គ.បៈ ទីជំនុំជំរះ គ.ខ.បៈ តុលការ)។</p-l>
Judges, Book of...	<p-l>កណ្ឌពួកចៅហ្វាយ (គ.ខ.បៈ : វីរបុរស)</p-l>
judicial sense	(meaning related to the administration of justice) <p-l>តាមន័យច្បាប់</p-l>
judiciary	(the judges collectively) <p-l>ពួកចៅក្រម</p-l>
judicious	(adj) (having or proceeding from good discernment) <p-l>ដែលមានការដឹងខុសត្រូវល្អ</p-l>
Judith, Book of...	(from the Apocrypha) <p-l>កណ្ឌយូឌីត</p-l>
Judson, Adoniram	[American Baptist missionary who served in Burma for almost 40 years, translated the Bible into Burmese, and established Baptist churches in Burma (1788-1850)] <p-l>អាដូនីរ៉ាម ចាន់សុន។</p-l>
Julian calendar	(a reform of the Roman calendar introduced by Julius Caesar in 46 BC and was predominant in most of the West until it was superseded by the Gregorian calender in 1582) <p-l>ប្រតិទិនជូលាន។</p-l>
Julius Africanus	(Christian traveller and historian of the late 2nd and early 3rd Century AD) <p-l>យូលាស អាហ្វ្រិកានុស។</p-l>
Julius Caesar	[Roman general and statesman who played an important role in the transformation of the Roman Republic into the Roman Empire (100-44 BC)] <p-l>សេសារ-យូលាស។</p-l>
Jung, Carl	(famous Swiss psychologist and founder of analytical psychology) <p-l>បណ្ឌិត ខាលយុង</p-l> (short) <p-l>យុង។</p-l>
Junias	(an early Christian worker) <p-l>យូនាស</p-l>
Jupiter Capitolinus	[one of three deities (also Mars and Quirinus) worshipped in Ancient Rome on Capitoline Hill] <p-l>ផ្កាយព្រះហស្បតិ៍កាពីតូលីនុស។</p-l>
juridical	(adj) (relating to the administration of the law) <p-l>នៃការផ្តល់ឲ្យដោយច្បាប់</p-l>
jurisdiction	(the right or power to administer justice and to apply laws) <p-l>អំណាចច្បាប់</p-l>
jurisprudence	(the science or philosophy of law) <p-l>វិទ្យាសាស្រ្តច្បាប់</p-l>
juristic	(adj) (relating to the study of the law) <p-l>នៃការស្រាវជ្រាវច្បាប់</p-l>
just	(adj) (fair or impartial in action or judgement) <p-l>ដែលមានយុត្តិធម៌ [(គ.ប : យុត្តិធម៌ សុច រិត) (គ.ខ.ប : យុត្តិធម៌ សុចរិត)]។</p-l>
just, the...	(those people who are honest) <p-l>អ្នកស្មោះត្រង់</p-l>
justice	(the quality of being fair or impartial in action or judgement) <p-l>យុត្តិធម៌ [(គ.បៈ : សេចក្តី យុត្តិធម៌ សេចក្តីសុចរិត សេចក្តីទៀងត្រង) (គ.ខ.ប សិទ្ធិ យុត្តិធម៌ ច្បាប់ ទទួលទោស)]។</p-l>
justify	(vb) (to account or declare righteous by the imputation of Jesus' merit to the sinner) <p-l>រាប់ជាសុចរិត [(គ.ប : បានរាប់ជាសុចរិត បានរាប់ទុកជាសុចរិត បានសុចរិត) គ.ខ.សៈ បាន សុចរិត (គ.ខ.ប : បានសុចរិត ប្រោសឲ្យបានសុចរិត ការប្រោសលោះ ឲ្យបានសុចរិត) គ.គ.ខ : រាប់ ជាសុចរិត]</p-l> justification <p-l>ការរាប់ជាសុចរិត</p-l> justified (adj) <p-l>បានទទួលការរាប់ជាសុចរិត។</p-l>
justify	(vb) (to prove or show to be valid) <p-l>បង្ហាញនូវការសមហេតុសមផល</p-l> justification <p-l>ការ បង្ហាញនូវការសមហេតុសមផល។</p-l>
justify	(vb) (to prove or show to be just) <p-l>បង្ហាញភស្តុតាងត្រឹមត្រូវ</p-l> justification <p-l>ការបង្ហាញភស្តុ តាង-ត្រឹមត្រូវ។</p-l>
Justin Martyr	[early Christian apologist (103-165 AD)] <p-l>ជីស្ទីនម៉ាធើរ</p-l>
Juvenal	(full name Decimus Iunius Iuvenalis, was a Roman poet in the late 1<sup>st</sup> and early 2<sup>nd</sup> Century AD, and author of the *Satires*)។
juxtapose	(vb) (to place close together or side by side) <p-l>ផ្គូរគ្នា</p-l> juxtaposition <p-l>ការផ្គូរគ្នា</p-l> K
Kadesh	(an ancient city of the Levant located near the headwaters of the Orontes River) <p-l>ក្រុងកាដេស។</p-l>
Kadesh-barnea	(the chief site of encampment for the Israelites during their wanderings in the wilderness of Zin) <p-l>កាដេស-បារនា។</p-l>
Kadmonites	(tribe inhabiting the north-eastern part of Israel in the time of Abraham, Gen. 15:19) <p-l>ពួកកាត់ប៉ូនី។</p-l>
Kant, Immanuel	[German philosopher at the end of the Enlightenment who aimed to unite reason with experience (1724-1804)] <p-l>បណ្ឌិតអេម៉ាញអែលខាន់ថ៍</p-l> (short) <p-l>ខាន់ថ៍។</p-l>
Karatash	(a modern village in Turkey, on the site of the ancient harbour of Adramyttium) <p-l>ភូមិការ៉ាតាស។</p-l>
Käsemann, Ernst	[German Lutheran theologian and Professor of New Testament (19061998)] <p-l>បណ្ឌិតអ៊ីនបែសម៉ាន់</p-l> (short) <p-l>យែសម៉ាន់។</p-l>
Kassite Dynasty	(an obscure mountain tribe who conquored Babylon in 1750 BC and became rulers of northern Babylonia, and went on to dominate Mesopotamia to the 12th Century BC) <p-l>សន្តតិវង្សខាស្សាយ។</p-l>
Kedron Valley	<p-l>ជ្រលងកេជ្រន</p-l>
Kelim, Tractate...	(the largest tractate in the Mishnah that discusses the laws of ritual purity pertaining to all types of vessels) <p-l>រឿងខ្លីៗ «ខេលីម»។</p-l>
Kenan	(son of Enosh) <p-l>កៃណាន</p-l>
Kenites	(a Midianite tribe) <p-l>សាសន៍កែន ពួកកែន</p-l>
Kenizzites	(a people living in the Negev desert, Gen. 15:19) <p-l>ពួកគេននិស៊ីត</p-l>
kenosis	(Greek: Jesus' voluntary renunciation of certain divine attributes in order to identify himself with humanity) <p-l>ការលះបង់កេតនភណ្ឌជាព្រះ (ភាសាក្រេក)</p-l> kenotic (adj) <p-l>ដែលលះបង់កេតនភណ្ឌជាព្រះ។</p-l>
Keret, Epic of King...	(Ugaritic text found on clay tablets at Ugarit) <p-l>«រឿងនិទានពីស្តេច គេរ៉េត»។</p-l>
Kerioth, City of...	<p-l>ក្រុងកេរីយ៉ុត</p-l>
kerygma	(Greek "preaching" or "proclamation”) <p-l>ការអធិប្បាយ (ភាសាក្រេក)</p-l> kerygmatic (adj) <p-l>ដែលបានអធិប្បាយ</p-l> (the essence of apostolic preaching) <p-l>ការអធិប្បាយនៃពួកជំនុំ ដើម។</p-l>
kerygmatic theology	(study of God from an understanding that when Jesus' death and resurrection is preached, the saving event is the proclaiming act in the present) <p-l>ទេវសាស្ត្រពីទស្សនៈសំដៅលើការអធិប្បាយ។</p-l>
Keturah	<p-l>កេទូរ៉ា</p-l>
key	(adj) (describing something crucial in providing an explanation or interpretation) <p-l>សំខាន់។</p-l>
Keys of the Kingdom	(these were given to Peter and the other apostles by Jesus in Matthew 16 and 18) <p-l>«កូនសោនៃនគរ-ស្ថានសួគ៌» (គ.ខ.ប: កូនសោរព្រះរាជ្យនៃស្ថានបរម សុខ)។</p-l>
khirbet Qumran	(the settlement nearest to the caves in which the Dead Sea Scrolls were hidden) <p-l>ការតាំងទីលំនៅឈ្មោះថា</p-l>...?
Ki.	(abbreviation "Book of Kings") <p-l>ពង្ស</p-l>.
kid	(a baby goat) <p-l>សត្វកូនពពែ</p-l>
Kiddushin	(the third order of the Mishnah, containing the Laws related to women and family life) <p-l>«ឃីដ-ដូស៊ីន»។</p-l>
kidney	<p-l>តម្រងនោម</p-l>
Kidron Valley	<p-l>ជ្រលងកេជ្រុន</p-l>
Kim, Seyoon	(Korean biblical scholar and a professor of NT at Fuller Theological Seminary) <p-l>បណ្ឌិតសេយួនខឹម។</p-l>
kindness	(practice or quality of being helpful to others) <p-l>ភាពសប្បុរស</p-l>
kindred	(a person's relatives collectively) <p-l>ញាតិសណ្តាន</p-l>
kin/kinfolk	(a person's relatives collectively) <p-l>ញាតិសន្តាន</p-l>
king	(a male sovereign who is the official ruler of an independant state) <p-l>ស្តេច មហាក្សត្រ ហ្លួង។</p-l>
King, the...	(a divine title of God and Jesus) <p-l>ព្រះមហាក្សត្រ</p-l>
King Jr., Martin Luther	[American clergyman and prominent leader in the AfricanAmerican Civil Rights Movement (1929-1968)] <p-l>ម៉ាទីន លូធើរ ឃីង ជូនៀ។</p-l>
kingdom, the...	(reference to "the Kingdom of God") <p-l>នគរព្រះ</p-l>
Kingdom of God	<p-l>ព្រះរាជរបស់ព្រះ (គ.បៈ នគរព្រះ គខប ព្រះរាជ្យរបស់ព្រះ)</p-l> (informal) <p-l>នគរព្រះ</p-l>
Kingdom of Heaven	<p-l>នគរស្ថានសួគ៌</p-l>
King of Israel	(a description of Jesus) <p-l>ស្ដេចនៃសាសន៍អ៊ីស្រាអែល</p-l>
Kings, Book of...	<p-l>កណ្ឌពង្សាវតារក្សត្រ</p-l>
Kings Valley	(Gen. 14) <p-l>ច្រកភ្នំស្ដេច</p-l>
kingship	(position or authority of a king) <p-l>ភាពជាមហាក្សត្រ ភាពជាស្តេច មហាក្សត្រភាព</p-l>
kinsman	(a male blood relation or a relation by marriage) <p-l>ញាតិសន្តានប្រុស</p-l>
kinsman redeemer	(a male relative who rescues or delivers) <p-l>សាច់ញាតិសន្តានដែលមានច្បាប់ នឹងលោះ (គ.ខ.ប : សាច់ញាតិដែលមានភារកិច្ចទទួលបន្ទុកថែរក្សា)។</p-l>
kinswoman	(a female blood relation or a relation by marriage) <p-l>ញាតិសន្តានស្រី</p-l>
Kios	<p-l>សូមមើល</p-l> Chios
Kish	<p-l>គីស</p-l> (City of...) <p-l>ក្រុងគីស</p-l> (Island of...) <p-l>កោះគឺស</p-l>
Kittim	(a people descended from Javan, son of Japheth) <p-l>ពួកគីទីម</p-l>
Kittim, the...	(name sometimes applied to the Seleucid Greeks, or to the Romans) <p-l>ពួក គីទីម។</p-l>
KJV	(abbreviation "King James Version”) <p-l>ព្រះគម្ពីរភាសាអង់គ្លេស</p-l> King James Version (1611)។
Kline, Meredith G.	[American theologian and OT scholar specializing in Assyriology and Egyptology (1922-2007)] <p-l>បណ្ឌិតឃ្លីណេ។</p-l>
know	(vb) (to be certain of the truth or accuracy of a fact) (div) <p-l>ជ្រាប</p-l>
know	(vb) (to be acquainted or familiar with) <p-l>ស្គាល់ (គ.ប : ស្គាល់ គ.ខ.ប : រួមដំណេក)</p-l>
knowledge	(facts known) <p-l>ចំណេះដឹង</p-l>
knowledge of God	(understanding that brings about a right-relationship with God) <p-l>ការ ស្គាល់ព្រះ។</p-l>
Knox, John	[Scottish clergyman and a leader of the Protestant Reformation who brought reformation to the church in Scotland (1514-1572)] <p-l>ចន ណក្ស។</p-l>
Kohath	<p-l>កេហាត់</p-l>
Kohathites	(the descendants of Kohath) <p-l>ពួកកហាត់</p-l>
koinonia	(Greek "communion/fellowship") <p-l>«ខូអ៊ីនណូនា» (ភាសាក្រេក) (ការប្រកបគ្នា)</p-l>
Koran	(the sacred book of Islam, believed by Muslims to be the infallible word of God dictated to their prophet Mohammed through the medium of the angel Gabriel) <p-l>គម្ពីរកូរ៉ាន់។</p-l>
kosmos	(Greek “Universe”) <p-l>សកលលោក (ភាសាក្រេក)</p-l>
kudurru stones	(a type of stone document used as boundary stones and as records of land grants to vassals by the Kaasites in ancient Babylonia between the 16th and 12th Century BC) <p-l>ផ្ទាំងថ្មយូខួរ។</p-l>
Kurigalzu I	[17th king of the Kassite dynasty that ruled over Babylon, who was responsible for the most extensive building programs for which evidence has survived (x-1375 BC)] <p-l>ស្ដេចគូរីហ្គាល់ហ្ស៊ីទី១។</p-l>
Kurigalzu II	(the 22nd king of the Kassite or 3rd Dynasty that ruled over Babylon, who ruled c. 1332-1308 BC) <p-l>ស្តេចគូរីហ្គាល់បក្សីទី២។</p-l>
Kyrios	(Greek "lord") <p-l>«គិរីយ៉ូស» (ភាសាក្រេក)</p-l> (voc) kyrie <p-l>«គិរីយេ»</p-l>
L	(historical critical analysis: the L source is an inferred oral tradition used by Luke when composing his gospel) <p-l>«អ៊ិល»។</p-l>
La.	(abbreviation "Book of Lamentations”) <p-l>បរិ</p-l>.
Laadan	<p-l>ឡាអាដាន</p-l>
Laban	<p-l>ឡាបាន់</p-l>
Labashi-Marduk	(King of Babylon 556 BC who was murdered in a conspiracy nine months after his inauguration) <p-l>ស្តេចឡាបាស្សី-ម៉ាដុក។</p-l>
Lab'ayu	(a Habiru warlord who controlled Shechem in 14th Century BC and authored some of the Amarna letters) <p-l>ឡាប់អាយុ។</p-l>
labour	(productive work, especially physical work) <p-l>ការធ្វើ (គ.ប: ការធ្វើ គ.ខ.បៈ : ទុក្ខលំបាក)</p-l>
Lachish	(Canaanite town in ancient Israel between Mt. Hebron and the Philistine coastal plain) <p-l>ក្រុងឡាគីស។</p-l>
Lachish ostraca/letters	(letters sent by an officer to the governor of Lachish just before the destruction of the First Temple in 586 BC) <p-l>សំបុត្រដល់ចៅហ្វាយក្រុងឡាគីស។</p-l>
Lactantius	[an early Christian author who became an advisor to Emperor Constantine I, guiding his religious policy as it developed (c. 240-c. 320)] <p-l>ឡាក់ថាន់ធាស។</p-l>
laity	(Christian lay people as distinguished from the clergy or pastorate) <p-l>គ្រីស្ទបរិស័ទទូទៅ</p-l>
Lamb/Lamb of God	(a description of Jesus) <p-l>កូនចៀម/កូនចៀមរបស់ព្រះ</p-l>
Lamb's book of life	(the "book of life" containing the names of all those saved by the blood of the Lamb) <p-l>«បញ្ជីជីវិតរបស់កូនចៀម»។</p-l>
Lamech	(son of Methuselah; son of Methushael) <p-l>ឡាមេក</p-l>
lament	(vb) (to feel or express sorrow) <p-l>ទួញសោក</p-l> (n) <p-l>ការទួញសោក</p-l>
Lamentations, Book of...	<p-l>កណ្ឌបរិទេវ (គ.ខ.ស. សំណោក)</p-l>
land	(country, region, area) <p-l>ស្រុក ទឹកដី</p-l> (ground, particularly with reference to quantity) <p-l>ផ្ទៃដី។</p-l>
Land	(an indirect reference to the Promised Land of Israel) <p-l>ទឹកដីសន្យា (គ.ប : ស្រុក (គ.ខ.បៈ : ទឹកដី ស្រុកទេស)]។</p-l>
language	(system for the expression of thoughts and feelings by the use of spoken sounds or conventional symbols) <p-l>ភាសា។</p-l>
language	(specialized vocabulary used by a particular group) <p-l>ពាក្យពេចន៍</p-l>
language of the Apocrypha	(NBD) <p-l>«ភាសានៃក្រមអាប៉ូគ្រីហ្វា»</p-l>
language of the New Testament”	(NBD) <p-l>«ភាសានៅក្នុងព្រះគម្ពីរសញ្ញាថ្មី»</p-l>
language of the Old Testament”	(NBD) <p-l>«ភាសានៅក្នុងព្រះគម្ពីរសញ្ញាចាស់»</p-l>
languish	(vb) (RV: to be listless with desire) <p-l>ស្រយុតស្រយង់</p-l>
Laodicea, City of...	<p-l>ក្រុងឡៅឌីសេ</p-l> Laodiceans (members of the church of...) <p-l>ក្រុមជំនុំក្រុង ឡៅឌីសេ។</p-l>
lapse	(a moral decline or fall) <p-l>ការធ្លោយ</p-l> the lapsed <p-l>អ្នកធ្លោយ</p-l>
Larsa	(an important city of ancient Sumer, the center of the cult of the sun god Utu, located 25 km southeast of Uruk in modern Iraq) <p-l>ក្រុងឡាសារ។</p-l>
Lasha, City of...	<p-l>ក្រុងឡាសា</p-l>
last Adam	(an indirect reference to Jesus) <p-l>លោកអ័ដាមក្រោយបង្អស់</p-l>
last days	(reference to the period immediately preceding the end of the world - Acts 2:17) <p-l>«ថ្ងៃជាន់ក្រោយបង្អស់» (គ.បៈ : ថ្ងៃជាន់ក្រោយបង្អស់ គ.ខ.ប : គ្រាចុងក្រោយបង្អស់)។</p-l>
last meal	<p-l>សូមមើល</p-l> "Last Supper"
Last Supper	(the final meal Jesus shared with his disciples) <p-l>ការសោយអាហារចុងក្រោយ- របស់ ព្រះយេស៊ូវមុនការសុគត។</p-l>
Lat.	(abbreviation "Latin") <p-l>ភាសាឡាតាំង</p-l>
Late Bronze Age	(period 1550-1200 BC) <p-l>យុគសំរឹទ្ធក្រោយ</p-l>
Latin	(language of Ancient Rome and the Roman Empire, and of the educated in medieval Europe) <p-l>ភាសាឡាតាំង</p-l> Latinate (adj) <p-l>នៃភាសាឡាតាំង។</p-l>
Latinism	(a word, idiom or phrase borrowed from Latin) <p-l>ពាក្យភាសាឡាតាំង សំនួនភាសា ឡាតាំង។</p-l>
Latter Prophets/Later Prophets	(the Major Prophets and the Minor Prophets; the prophetic books of Isaiah through to Malachi) <p-l>ពួកកណ្ឌហោរាក្រោយ។</p-l>
laud	(vb) (to praise or glorify) <p-l>សរសើរតម្កើង</p-l>
laugh	(vb) (to express mirth or amusement) <p-l>សើច</p-l> (n) <p-l>សំណើច</p-l>
laver	(a large basin of water used by OT priests for ritual ablutions) <p-l>ស្តាំ (គ.បៈ ក្លា គ.ខ.បៈ អាង)។</p-l>
law	(set of rules normally enforceable by a court) <p-l>ច្បាប់</p-l>
Law, the...	(a reference to the first five books of the Old Testament) <p-l>កណ្ឌក្រឹត្យវិន័យ (គ.ប : ក្រិត្យវិន័យ គ.ខ.បៈ វិន័យ)។</p-l>
law-breaker	(person who does not conform with legal standards) <p-l>ជនល្មើសច្បាប់ (គ.បៈ អ្នក ប្រព្រឹត្តរំលងក្រិត្យវិន័យ គ.ខ.បៈ អ្នកប្រព្រឹត្តល្មើសវិន័យ)។</p-l>
law code	(a conventionalized set of rules) <p-l>នីតិក្រម</p-l>
Lawgiver	(reference to God emphasizing his role as source of the Law) <p-l>ព្រះអង្គផ្តល់ក្រឹត្យ វិន័យ (គ.ប: អ្នកតែងច្បាប់ឲ្យ គ.ខ.បៈ : ព្រះអង្គប្រទានច្បាប់)។</p-l>
law-keeper	(person who conforms with legal standards) <p-l>អ្នកកាន់ច្បាប់ អ្នករក្សាច្បាប់</p-l>
lawless one, the...	(a reference to Satan) <p-l>អាទទឹងច្បាប់ (គ.ប: អាទទឹងច្បាប់ គ.ខ.ប : មេប្រឆាំង សាសនា)។</p-l>
lawlessness	(a state of no enforceable rules) <p-l>ការទទឹងច្បាប់</p-l>
lawlessness, man of...	(2 Thess. 2:3) <p-l>មេប្រឆាំងសាសនា (គ.បៈ : មនុស្សដែលជាតូបាប គ.ខ.ប : មេ ប្រឆាំងសាសនា)។</p-l>
lawsuit	(a proceeding in a court of law brought by one party against another) <p-l>បណ្ដឹង</p-l>
lay hands	(vb) (to raise a hand or hands as a symbolic method of invoking the Holy Spirit) <p-l>ដាក់ដៃលើ</p-l> laying on of hands (n) <p-l>ការដាក់ដៃលើ។</p-l>
layman	[a person who is not a priest (OT), or is not a member of the clergy (church history/ministry)] <p-l>គ្រហស្ថ។</p-l>
Lazarus	<p-l>ឡាសារ</p-l>
Leah	<p-l>នាងលេអា</p-l>
leaven	(substance producing fermentation in dough, such as yeast, causing it to rise) <p-l>ដំបែរ។</p-l>
Lebanon	(country of...) <p-l>ស្រុកល្យាណូន</p-l>
lecanomancy	(a form of divination where a diviner drops stones in a cup or basin and the sound of dropping along with the shape of the ripples formed are interpreted) <p-l>ទំនាយដោយឧបករណ៍។</p-l>
lectern	(a reading desk in a church building) <p-l>តុសម្រាប់អានព្រះគម្ពីរ</p-l>
lection	(a reading from Scripture in Liturgy) <p-l>អំណានពីព្រះគម្ពីរ</p-l>
lectionary	(a book containing readings appointed to be read at church "services") <p-l>សៀវភៅ - បញ្ជីអំណាន។</p-l>
lector-priest	(an Ancient Egyptian priestly title, literally meaning "Who is under the Ritual Scroll") <p-l>សង្ឃគ្រូមន្តអាគម។</p-l>
leg	(the lower limb) <p-l>ជើង</p-l>
legacy	(something to be handed down or received from an ancestor or predecessor) <p-l>កេរដំណែល។</p-l>
legalism	(an overemphasis on the discipline of conduct and adherence to law combined with ignorance of grace) <p-l>ក្រឹត្យវិន័យនិយម</p-l> legalist <p-l>អ្នកក្រឹត្យវិន័យនិយម។</p-l>
legate	(a general in the Roman army, appointed by the emperor to command a legion, and could also act as provincial governor if that was the only legion stationed there) <p-l>មេទ័ពសាសន៍រ៉ូម។</p-l>
legislation	(the act or process of making laws) <p-l>នីតិកម្ម</p-l>
legislative sense	(meaning related to the enactment of law) <p-l>ន័យដែលតែងច្បាប់</p-l>
Lehabites	(a people descended from Mizraim, son of Ham) <p-l>ពួកលេហាប៉ីម</p-l>
Lent	(liturgical calendar: the season of preparation for Easter, beginning on Ash Wednesday and lasting for forty days not including Sundays) <p-l>រដូវមុនថ្ងៃព្រះយេស៊ូវគ្រីស្ទ មានព្រះជន្មរស់ឡើងវិញ។</p-l>
leprosy	(a chronic infectious disease) <p-l>ឃ្លង់</p-l> leper <p-l>មនុស្សឃ្លង់</p-l>
Lesbos	(a Greek island in the northeast Aegean Sea) <p-l>កោះឡេសបួស</p-l> "letter of the law" (the literal interpretation of the words of the law) <p-l>«ក្រឹត្យវិន័យសរសេរជា លាយលក្ខណ៍អក្សរ» [(គ.ប : គម្ពីរ ពាក្យ) (គ.ខ.ប : វិន័យសរសេរជាលាយលក្ខណ៍អក្សរ ក្រឹត្យវិន័យ សរសេរ-ជាលាយលក្ខណ៍អក្សរ)]។</p-l>
letter of recommendation	(letter vouching for its bearer) <p-l>សំបុត្រអនុសាសន៍</p-l>
Levant, the...	(an area of the East Mediterranean, now occupied by Lebanon, Syria and Israel) <p-l>តំបន់ភាគខាងកើតសមុទ្រមេឌីទែរ៉ាណេ។</p-l>
level	(archaeology: a particular depth of an excavation, generally indicating the location of artifacts from a particular era) <p-l>ជាន់។</p-l>
Levi	<p-l>លេវី</p-l> (tribe of...) <p-l>អំបូរលេវី</p-l>
Levi, Testament of...	(part of the "Testaments of the Twelve Patriarchs", a pseudepigraphic work comprising the dying commands of the twelve sons of Jacob) <p-l>«សំបុត្រ-បណ្តាំចំពោះលេវី»។</p-l>
Leviathan	(a sea monster) <p-l>ស្ដេចក្រពើ (គ.ប: ក្រពើ គ.ខ.ប : ស្ដេចក្រពើរ)</p-l>
levirate marriage	(practice of marrying the widow of one's brother) <p-l>អាពាហ៍ពិពាហ៍ដើម្បីស្នង ត្រកូលឲ្យបងប្អូន។</p-l>
Levite	(a member of the tribe of Levi) <p-l>អ្នកអំបូរលេវី (គ.បៈ របស់ពួកលេវី គ.ខ.បៈ ក្នុងកុលសម្ព័ន្ធ លេវី)</p-l> Levites (reference to the tribe of Levi) <p-l>ពួកលេវី។</p-l>
levitical	(adj) (relating to the Book of Leviticus) <p-l>នៃកណ្ឌលេវីវិន័យ</p-l>
levitical	(adj) (relating to the priesthood of OT Israel) <p-l>នៃពួកលេវី</p-l>
Leviticus, Book of...	<p-l>កណ្ឌលេវីវិន័យ (គ.ប : លេវីវិន័យ គ.ខ.ប លេវីវិន័យ)</p-l>
Lewis, C. S.	[an Irish novelist, academic, theologian and apologist (1898-1963)] <p-l>បណ្ឌិត លូអ៊ីស។</p-l>
lex talionis	(Latin "the law of talion" meaning a retaliation authorized by law in which the punishment corresponds in kind and degree to the injury sustained) <p-l>ច្បាប់ ទណ្ឌកម្មជូននឹងកំហុស (ភាសាឡាតាំង)។</p-l>
lexicon	(dictionary of an ancient language) <p-l>សន្ទានុក្រម</p-l> lexical (adj) (relating to terms of vocabulary in a language) <p-l>នៃវាក្យសព្ទនៃសន្ទានុក្រម។</p-l>
liability	(the state of being legally obliged or responsible) <p-l>ភាពទទួលខុសត្រូវ</p-l>
libation	(the pouring out of a special liquid such as wine in honour of a deity) <p-l>ការចាក់ស្រា ឬប្រេងលែន។</p-l>
liberal	(adj) (giving and generous in behaviour) <p-l>ដែលផ្តល់ដោយចិត្តសប្បុរស</p-l>
liberal	(adj) (a characteristic willingness to interpret Scripture without any preconcieved notion of the inerrancy of Scripture) <p-l>ដែលជាគោលលទ្ធិអត់ត្រឹមត្រូវ។</p-l>
liberal theology	(a movement in modern Protestantism that rejects the authority of the Bible) <p-l>ទេវសាស្ត្រសេរីនិយម។</p-l>
liberation theology	(a Christian movement in political theology which interprets Jesus teaching in terms of liberation from unjust economic, political or social conditions) <p-l>ទេវសាស្ត្ររំដោះនិយម។</p-l>
liberalism	(a movement that rejects the supreme authority of the Bible in favour of some other authority such as human reason, or perceived leading of the Spirit) <p-l>សេរី និយម</p-l> liberal (a member of the movement) <p-l>អ្នកលេវីនិយម។</p-l>
liberty	(the power of choosing, thinking and acting for oneself, freedom from control) <p-l>សេរីភាព។</p-l>
Libya	(name given by the Greeks referring to the African continent, and by the Romans to the region of NW. Africa, that is now a country in N. Africa) <p-l>ស្រុកលីប៊ី។</p-l>
lice	(plural of louse, a wingless blood sucking insect) <p-l>សត្វចៃ</p-l>
lie	(vb) (to speak untruthfully with intent to mislead or deceive) <p-l>និយាយកុហក</p-l> (n) <p-l>ពាក្យ កុហក។</p-l>
lie	(vb) (to have sexual intercourse with) <p-l>ស្គាល់ (គ.ប : ស្គាល់ គ.ខ.ប : រួមរស់)</p-l>
Lietzmann, Hans	[German theologian and church historian, Professor of Church History at the University of Jena and successor to Adolf Von Harnack (1875-1942)] <p-l>បណ្ឌិត ហាន លីតស្មាន់</p-l> (short) <p-l>លីតស្មាន់។</p-l>
life	(the state or quality that distinguishes from death) <p-l>ជីវិត</p-l>
light	(illumination that makes sight possible) <p-l>ពន្លឺ</p-l>
Lightfoot, Joseph Barber	[English theologian, Bible commentator and Anglican Bishop of Durham (1828-1889)] <p-l>បណ្ឌិតឡែតហ្វិត។</p-l>
lightning	(a natural electrical discharge of very short duration and high voltage between a cloud and the ground) <p-l>ផ្លេកបន្ទោរ។</p-l>
likeness	(the condition of possessing the same characteristics) <p-l>លក្ខណៈដូចគ្នា (គ.បៈ : មានភាព មើលដូចជា គ.ខ.បៈ : មានលក្ខណៈដូច)។</p-l>
limmu	(an appointed royal official who would preside over the New Year festival at the Assyrian capital, and whose name is used to designate the year on official documents) <p-l>មន្ត្រីលីម្អ។</p-l>
Lindisfarne Gospels	(a decorated manuscript gospel book from c. 700 AD found in a monastry off the coast of Northumberland at Lindisfarne) <p-l>ឯកសារ «កណ្ឌដំណឹងល្អ ពីលីនឌីសហ្វាន»។</p-l>
line	(an ancestral series of people as listed in a genealogy) <p-l>បញ្ជីពង្សាវតារ</p-l>
line	(a chronological series of people) <p-l>ពូជពង្ស</p-l>
lineage	(direct descent from an ancestor) <p-l>ខ្សែស្រឡាយ</p-l> (royal...) <p-l>រាជវង្ស</p-l>
linear history	(in contrast to cyclical history, this is a worldview that history has a beginning and is drawing towards a conclusion) <p-l>ប្រវត្តិសាស្ត្រដែលដូចជាបន្ទាត់។</p-l>
linen	(hard wearing fabric woven from the spun fibres of flax) <p-l>អំបោះផ្ទៃ (គ.ប : ខ្លូតទេស គ.ខ.បៈ : អំបោះផ្ទៃ)។</p-l>
linger	(vb) (to delay or prolong departure) <p-l>បង្អែរបង្អង់ (គ.ប : បង្អែរបង្អង់ គ.ខ.បៈ : បង្អែរបង្អង់ )</p-l>56
linguistics	(the scientific study of languages) <p-l>ភាសាសាស្ត្រ</p-l> linguistic (adj) <p-l>ខាងភាសា</p-l>
lintel	(the horizontal beam over a door, that is covered with blood in the Passover) <p-l>ផ្ទឹម</p-l>
lion	<p-l>សត្វសិង្ហ</p-l>
Lipit-Ishtar	(the fifth ruler of the first dynasty of Isin, an Ancient Sumerian city state, who ruled from 1934-1924 BC, and a legal code was written in his name) <p-l>ស្តេចលីភីត អ៊ីសតារ។</p-l>
listen	(vb) (to take heed) (div) <p-l>ជ្រាប</p-l>
lit.	(abbreviation "literally”) <p-l>អត្ថន័យដោយត្រង់ៗ</p-l>
literal equivalence	(attempts to render a text word-for-word) <p-l>ការបកប្រែពាក្យមួយៗ</p-l>
literal interpretation	(explanation of the meaning of a text based on the exact wording of the original text) <p-l>ការកាត់ស្រាយត្រង់ៗ។</p-l>
literal sense	(meaning in exact accordance with, or limited to, the explicit meaning of a word or text) <p-l>អត្ថន័យដោយត្រង់ៗ។</p-l>
literalist	(a person disposed to take words and sentences in exact according with their expat meaning) <p-l>អ្នកដែលបកតាមន័យដោយត្រង់ៗ។</p-l>
literalistic interpretation	(explanation of a text limited to its explicit meaning) <p-l>ការកាត់ ស្រាយតាមពាក្យនីមួយៗ។</p-l>
literalistic sense	(meaning in accordance with or limited to the primary or explicit meaning of a word or text) <p-l>អត្ថន័យដោយពាក្យមួយ។</p-l>
literalistic translation	(a text rendered from one language to another "word for word" rather than conveying the sense/meaning of the original) <p-l>ការបកប្រែពាក្យមួយៗ។</p-l>
literary	(adj) (characteristic of good literature or scholarly writing) <p-l>តាមបែបបទអក្សរសាស្ត្រ ខ្ពស់។</p-l>
literary criticism	(the analysis, evaluation and interpretation of literature) <p-l>វិវេចនាអក្សរសាស្ត្រ ទូទៅ។</p-l>
literary-historical criticism	(evaluation or analysis of a biblical passage in the light of historical evidence or based on the context in which it was written) <p-l>វិវេចនាអក្សរ សាស្ត្រតាម-ប្រវត្តិសាស្ត្រ ឬបរិបទដើម។</p-l>
litigant	(a person engaged in the process of bringing or contesting a lawsuit) <p-l>គូក្តី</p-l> (informal) <p-l>អ្នកដែលចូលរួមក្នុងរឿងក្តី។</p-l>
litigation	(the act or process of bringing or contesting a lawsuit) <p-l>ក្តីទំនាស់</p-l>
liturgical procession	(the formal entrance into a church by the clergy from the rear door to the front) <p-l>ក្បួនសាសនា។</p-l>
liturgy	(form of public service prescribed by the Church) <p-l>តម្រាអានពេលថ្វាយបង្គំ</p-l> liturgical (adj) <p-l>នៃតម្រាអានពេលថ្វាយបង្គំ។</p-l>
liver	<p-l>ថ្លើម</p-l>
livestock	(domesticated animals) <p-l>បសុសត្វ</p-l> (informal) <p-l>សត្វស្រុក</p-l>
Livia	(mother of Emperor Tiberius) <p-l>នាងលីវា</p-l>
living, the...	(collective description of all people who are alive) <p-l>មនុស្សដែលរស់នៅ</p-l>
Lk.	(abbreviation "Gospel according to Luke") <p-l>លូ</p-l>.
Lliya	[the Arabic name for Jerusalem during the Umayyad Dynasty (660-750 AD)] <p-l>ទីក្រុង លីយ៉ា។</p-l>
loan word/loanword	(a word borrowed from a donor language and incorporated into a recipient language) <p-l>ពាក្យកម្ចី។</p-l>
loc. cit.	[abbreviation: loco citato (Latin) "in the place already quoted"] <p-l>ដូចដែលបានស្រង់ សំអាងខាងលើ។</p-l>
local ordination	(the process by which individuals are set apart to perform various duties, expecially leading, teaching, and conducting the Lord's Supper, within a particular local church) <p-l>ពិធីតែងតាំងជាអ្នកបម្រើក្នុងក្រុមជំនុំតែមួយ។</p-l>
Locke, John	[English philosopher and physician regarded as one of the most influential Enlightenment thinkers (1632-1704)] <p-l>ចន ឡុក។</p-l>
logos	(Greek "the message of the Gospel”) <p-l>ព្រះបន្ទូល (ភាសាក្រេក)</p-l>
Logos	(Greek: a reference to Jesus as represented by "the Word" in the Prologue of John's Gospel) <p-l>ភាសាក្រេក «ឡូហ្គូស» (ព្រះបន្ទូល)។</p-l>
loins	(the hips and inner surface of the legs where they join the trunk of the body) <p-l>ត្រង់ ចង្កេះ។</p-l>
Lollards	(members of a religious movement that existed from the mid-14th Century to the English Reformation who followed the teachings of John Wycliffe) <p-l>ចលនា ឡលឡាដ។</p-l>
Lombard, Peter	[a scholastic theologian, bishop and author of *Four Books of Sentences* which became the standard textbook of theology (c. 1096-1164)] <p-l>ភីធើរ លុម បាត។</p-l>
loose	(vb) (to release from confinement) <p-l>ស្រាយ</p-l>
lord	(person who has power or authority over others) Lord (div) <p-l>ព្រះអម្ចាស់ (គ.បៈ ព្រះយេ ហូវ៉ា គ.ខ.បៈ : ព្រះអម្ចាស់)</p-l> Lordship <p-l>ភាពជាព្រះអម្ចាស់។</p-l>
Lord	(indirect reference to Jesus) <p-l>ព្រះអម្ចាស់ព្រះយេស៊ូវ</p-l>
Lord God	(title emphasizing God's power and authority) <p-l>ព្រះជាម្ចាស់ (គ.ប : ព្រះយេហូវ៉ា គ.ខ.បៈ : ព្រះជាម្ចាស់)។</p-l>
Lord of hosts	(reference to God as a mighty military commander) <p-l>ព្រះយេហូវ៉ានៃពួកបរិវារ</p-l>
Lord of lords	(a reference to God emphasising his divine authority) <p-l>ព្រះអម្ចាស់លើអស់ទាំង ព្រះអម្ចាស់។</p-l>
Lord's Day, the...	(the day of communal Christian worship) <p-l>ថ្ងៃនៃព្រះអម្ចាស់</p-l>
Lord's Prayer	(prayer taught by Jesus to his disciples) <p-l>សេចក្តីអធិស្ឋានរបស់ព្រះអម្ចាស់</p-l>
Lordship	(the position and authority of Christ as ruler over this world) <p-l>ភាពជាម្ចាស់</p-l>
Lord's Supper	(NBD) (celebration of the last meal Jesus shared with his disciples) <p-l>ពិធីលៀងព្រះអម្ចាស់ (គ.ប: លៀងបរិសុទ្ធនៃព្រះអម្ចាស់ គ.ខ.ប ពិធីជួបលៀងរបស់ព្រះ អម្ចាស់)។</p-l>
Lord's Table, the...	(Protestant reference to Holy Communion) <p-l>តុនៃពិធីលៀងព្រះអម្ចាស់</p-l>
lost	(adj) (eternally damned) <p-l>ដែលបាត់បង់ជីវិតអស់កល្បជានិច្ច</p-l>
Lost Son, Parable of the...	(Luke 15:11-33) <p-l>រឿងប្រៀបប្រដូចពីកូនពៅវង្វេង</p-l>
lot	(any object such as a straw or slip of paper, drawn from others at random to make a selection or choice) <p-l>បោះឆ្នោត។</p-l>
lot	(destiny, fortune) <p-l>សំណាង វាសនា</p-l>
Lot	(son of Haran, son of Terah) <p-l>ឡុត</p-l>
love	(vb) (a great attachment to and affection for) <p-l>ស្រឡាញ់</p-l> (n) <p-l>សេចក្តីស្រឡាញ់</p-l>
love	(Hebrew *hesed*: something done for someone else on the basis of a close relationship; the one who receives this "love" is always inferior to the one who shows it) <p-l>សេចក្តីមេត្តាការុណា (គ.ប : សេប្តីមេត្តាការុណា គ.ខ.ប : ព្រះហឫទ័យមេត្តាករុណា)។</p-l>
love feast	(a fellowship meal of the Early Church) <p-l>អាហារនៃការប្រកបគ្នារបស់ពួកជំនុំដើម</p-l> (informal) <p-l>ពិធីជប់លៀងនៃក្តីស្រឡាញ់។</p-l>
loving-kindness	(practice or quality of being helpful through showing affection on the basis of God's covenantal love) <p-l>សេចក្តីសប្បុរសដោយសេចក្តីស្រឡាញ់។</p-l>
low Christology	(the study of Christ stressing his humanity at the cost of his divinity) <p-l>ព្រះ: គ្រីស្ទវិទ្យាដែលសំដៅទៅលើ-មនុស្សធម៌ទ្រង់</p-l> (short) <p-l>ព្រះគ្រីស្ទវិទ្យាយ៉ាងទាប។</p-l>
lower region	(hell) <p-l>នរក</p-l>
loyalty	(the state or quality of having or showing continuing allegiance) <p-l>ភក្ដីភាព</p-l>
Loyola, Ignatius	[Spanish knight, priest and theologian who founded the Jesuits and emerged as a leader during the Counter-Reformation (1491-1556)] <p-l>អ៊ីញ៉ាស ឡូយ៉ូឡា។</p-l>
Lucian of Antioch	[a presbyter, theologian and martyr noted for his scholarship and ascetic piety (c. 240-312 AD)] <p-l>លូសៀនពីក្រុងអាន់ទីយ៉ូក។</p-l>
Lucianic recension	(the revision of the Septuagint and Greek NT, allegedly by Lucian of Antioch) <p-l>ការកែប្រែសិបធូជីន និងព្រះគម្ពីរសញ្ញាថ្មីជាភាសាក្រេករបស់លោកលូសៀន</p-l> (short) <p-l>ការកែប្រែរបស់លូសៀន។</p-l>
Lud	(son of Shem) <p-l>លូឌ</p-l>
Ludites	(a people descended from Mizraim) <p-l>ពួកលូឌីម</p-l>
Luke	<p-l>លូកា</p-l>
Luke, Gospel according to...	<p-l>ដំណឹងល្អតាមលោកលូកា</p-l> (short) <p-l>កណ្ឌលូកា</p-l>
Lukan/Lucan	(adj) (belonging to Luke's Gospel) <p-l>នៃកណ្ឌលូកា</p-l>
lunar calendar	(a calendar based on cycles of the lunar phase) <p-l>ប្រតិទិនចន្ទ</p-l>
lust	(a strong desire for sexual gratification) <p-l>តណ្ហា</p-l>
lustrate	(vb) (to purify by means of religious ceremonies or rituals) <p-l>បោកសំអាតដោយពិធី សាសនា</p-l> lustration <p-l>ការបោកសំអាតដោយពិធីសាសនា។</p-l>
Luther, Martin...	[German biblical scholar who initiated the Protestant Reformation (1483-1546)] <p-l>បណ្ឌិតម៉ាទីនលូធើរ</p-l> (short) <p-l>លូធើរ</p-l> Lutheran (adj) <p-l>នៃបណ្ឌិតលូធើរ។</p-l>
Lutheran Church	(a major branch of Protestant Christianity that identifies with the theology of Martin Luther) <p-l>និកាយលូធីរ៉ាន។</p-l>
Lv.	(abbreviation "Book of Leviticus") <p-l>លេវី</p-l>.
LXX	(symbol for the Septuagint) <p-l>ព្រះគម្ពីរសិបធូជីន</p-l> (short) <p-l>សិបធូជីន</p-l>
Lycus Valley	(the river valley where Colossae, Laodicea and Hierapolis were located) <p-l>ជ្រលងភ្នំឡៃគុស។</p-l>
Lydia	<p-l>នាងលីឌា</p-l>
Lydia, Kingdom of...	(an Iron Age kingdom of western Asia Minor, generally located east of ancient Ionia in modern Turkey, and was later the name of a Roman province) <p-l>នគរលីឌា។</p-l>
Lysanías I	[mentioned in Luke 3:1, son of Ptolemy (Mennaeus), Tetrarch of Iturea/ Abilene c. 40-36 BC] <p-l>ស្ដេចលីសានាសទី១។</p-l>
Lysimachus	(possible author of the apocryphal additions to Esther) <p-l>លីស៊ីម៉ាគូស</p-l>
Lystra, town of...	<p-l>ក្រុងលីស្ត្រ</p-l>
m.	(abbreviation “married”) <p-l>រ. (រៀបការ)</p-l>
M	(historical critical analysis: a hypothetical textual source for the Gospel of Matthew) <p-l>អ៊ឹម។</p-l>
Ma.	(abbreviation "Book of Malachi") <p-l>ម៉ាឡ</p-l>.
Maacah	<p-l>ម៉ាកា</p-l>
Macc.	(abbreviation "Book of Maccabees”) <p-l>កណ្ឌម៉ាកកាប៊ី</p-l>
Maccabean Period	(period from the rise of Antiochus Epiphanes in 175 BC to Pompey's conquest of the Promised Land in 63 BC) <p-l>សម័យពួកម៉ាកកាប៊ី។</p-l>
Maccabaeus, Jonathan	(the youngest of the five sons of Mattathias, he led the Hasmonean Dynasty from 161-143 BC, fought against the Seleucids and was appointed High Priest in 153 BC) <p-l>យ៉ូណាថាន ម៉ាកាប៊ី។</p-l>
Maccabaeus, Judas	(also known as Judah Maccabee, a Jewish warrior who led the Maccabean revolt against the Seleucids, 167-160 BC) <p-l>យូដាសម៉ាកកាប៊ី។</p-l>
Maccabaeus, Simon	(took part in the Jewish revolt against the Seleucid Empire, became the first prince of the Hasmonean Dynasty, and reigned from 142 to 135 BC) <p-l>ស៊ីម៉ូន- ម៉ាកកាប៊ី។</p-l>
Maccabees, the...	(the family that led the Jewish revolt that took control of Judea, which had been a client state of the Seleucid Empire, and founded the Hasmonean Dynasty which ruled from c. 140 to 63 BC) <p-l>ពួកម៉ាកកាបី</p-l> Maccabean (adj) <p-l>នៃពួកម៉ាកកាប៊ី។</p-l>
Maccabees, First Book of...	(describes how Antiochus IV Epiphanes attempts to suppress the practice of basic Jewish law, resulting in a Jewish revolt against Seleucid rule. The Greek translation is contained in the Septuagint) <p-l>កណ្ឌម៉ាកកាប៊ីទី១។</p-l>
Maccabees, Second Book of...	(a deuterocanonical book which focuses on the Jewish revolt against Antiochus IV Epiphanes and concludes with the defeat of the Syrian general Nicanor in 161 BC by Judas Maccabaeus) <p-l>កណ្ឌម៉ាកកាប៊ីទី២។</p-l>
Maccabees, Third Book of...	[tells the story of persecution of the Jews under Ptolemy Philopater (222-205 BC), and is regarded as non-Canonical by Protestants and Roman Catholics] <p-l>ឯកសារ «ម៉ាកកាប៊ីទី៣»។</p-l>
Maccabees, Fourth Book of...	(a homily or philosophic discourse praising the supremacy of pious reason over passion using examples drawn from 2 Maccabees) <p-l>ឯកសារ «ម៉ាកកាប៊ីទី៤»។</p-l>
Macedonia, Province of...	<p-l>ស្រុកម៉ាសេដូន</p-l>
Machpelah, field.of...	<p-l>វាលម៉ាកពេឡា</p-l>
Madai	(son of Japheth) <p-l>ម៉ាដាយ</p-l>
Magdala/Magadan	(region of...) <p-l>ស្រុកម៉ាកាដាន់</p-l>
Magi/Magian	(a follower of Zoroaster, who had the ability to read the stars, and manipulate the fate the stars foretold) <p-l>ហោរាចារ្យ</p-l> (informal) <p-l>ហោរពីខាងកើត (គ.ប : ហោរ គ.ខ.ប : ហោរាចារ្យ)។</p-l>
magic/magic arts	(the use of spells to invoke supernatural powers or influence events) <p-l>មន្តអាគម (គ.បៈ : វិជ្ជាប្លែកៗ គ.ខ.បៈ : អំពើអាបធ្មប់)</p-l> magician <p-l>គ្រូមន្តអាគម។</p-l>
magic and sorcery”	<p-l>«មន្តអាគម និងធ្មប់»</p-l>
Magnificat, the...	(the prophecy of Mary in Lk. 1:46-55, taking its name from the Latin Vulgate) <p-l>«ទំនាយនាងម៉ារា»។</p-l>
Magog	(son of Japheth) <p-l>ម៉ាកុក</p-l>
Mahalalel	(son of Kenan) <p-l>ម៉ាលេលាល</p-l>
Maher-shalal-hash-baz	(name of the second mentioned son of the prophet Isaiah, meaning "hurry to spoil") <p-l>ម៉ាហេសាឡាលហាសបាស។</p-l>
maid	(a female servant, who in biblical times was effectively a slave) <p-l>បាវស្រី (គ.ប : បាវស្រី គ.ខ.ប : ស្រីបំរើ)។</p-l>
make	(vb) (to bring into being by shaping, changing or combining materials, ideas, etc.) <p-l>បង្កើត។</p-l>
Maker	(div) (title for God focusing upon his role as Creator) <p-l>ព្រះដែលបានបង្កើត</p-l> (short) <p-l>អង្គបង្កើត។</p-l>
majesty	(supreme power or authority) <p-l>អំណាចចុងក្រោយ</p-l>
majesty	(great dignity of bearing) <p-l>ចេស្តា</p-l> (div) <p-l>ព្រះចេស្តា (គ.ប : សិរីល្អសេចក្តីរុងរឿង ឬទានុភាព តេជានុភាព) (គ.ខ.ប: កិត្តិនាម សិរីរុងរឿង ភាពថ្កុំថ្កើង ភាពថ្កុំថ្កើងរុងរឿង)]។</p-l>
Majesty	(title used to refer to the sovereign God) <p-l>ព្រះអម្ចាស់ (គ.ប: ឫទានុភាពព្រះអម្ចាស់ (គ.ខ.ប : ព្រះដ៏ឧត្តុង្គឧត្តម ព្រះជាម្ចាស់ដ៏ឧត្តុង្គឧត្តម ព្រះមហាក្សត្រាធិរាជ បារមីឧត្តុងឧត្តម)]។</p-l>
Major Prophets	(reference to the books of Joshua, Judges, Samuel and Kings) <p-l>កណ្ឌហោរា ធំ។</p-l>
maketh	(vb) (archaic English "to make") <p-l>បង្កើត</p-l>
Mal.	(abbreviation "Book of Malachi") <p-l>ម៉ាឡ</p-l>.
Malachi, Book of...	<p-l>កណ្ឌម៉ាឡាគី</p-l>
Malta, Island of...	<p-l>កោះមេលីត</p-l>
Mamilla Pool	<p-l>អាងម៉ាមើលឡា</p-l>
Maimonides	[full name: Moses ben-Maimon, was a preeminent medieval Jewish philosopher and Torah scholar (1135-1204)] <p-l>ម៉ៃម៉ូនីដេស។</p-l>
Mamre	(a modern site by this name lies halfway between Halhul and Hebron) <p-l>កន្លែង ម៉ាមរេ។</p-l>
Mamre, oaks of...	<p-l>ដើមម៉ែសាក់របស់ម៉ាមរេ</p-l>
man	(an adult male human being) <p-l>មនុស្សប្រុស</p-l>
Man	(a human being considered as a representative of mankind) <p-l>មនុស្សលោក</p-l>
Man	(an indirect reference to Jesus, as God in human form) <p-l>អង្គមនុស្ស</p-l>
man of God	(title of respect applied to prophets and beloved religious leaders of Israel) <p-l>អ្នកសំណព្វរបស់ព្រះ (គ.បៈ អ្នកសំណប់របស់ព្រះ គ.ខ.បៈ : អ្នកជំនិតរបស់ព្រះជាម្ចាស់)។</p-l>
man of war	(a man reknown for his participation in battle) <p-l>អ្នកចម្បាំង</p-l>
manager	(a person who directs an estate or organization) <p-l>អ្នកជំរួត (គ.ប : អ្នកធំរួត គ.ខ.ប : អ្នក បំរើ)។</p-l>
Manasseh	<p-l>ម៉ានាសេ</p-l> (tribe of...) <p-l>អំបូរម៉ានាសេ</p-l> (...King of Judah) <p-l>ស្ដេចម៉ានាំសេ</p-l>
Manasseh, Prayer of...	(Apocrypha) <p-l>«កណ្ឌសេចក្តីអធិស្ឋាននៃម៉ាន៉ាសេ»</p-l>
Mandaeism	(an early monotheistic religion with a dualistic world view) <p-l>សាសនាម៉ាន់ដៃ</p-l>
mandate	(an official or authoritative instruction) (div) <p-l>ព្រះរាជបញ្ជា</p-l>
Manetho	[an Egyptian historian and priest from Sebennytos in Ancient Egypt who lived during the Ptolemaic era (c. 3rd Century BC) whose work is used as evidence for the chronology of the reign of the pharaohs] <p-l>ម៉ានេថូ។</p-l>
manger	(a trough in a stable or barn from which horses or cattle feed) <p-l>ស្មុកសត្វ</p-l>
manhood	(the state of being human) <p-l>ភាពជាមនុស្ស</p-l>
manhood	(the state of being a man) <p-l>ប្រុសពេញវ័យ</p-l>
Mani	[Iranian prophet and founder of Manichaeism (c. 216-276 AD)] <p-l>ម៉ានី</p-l>
Manichaeism	[an Iranian gnostic religion based on the writings of the prophet Mani (216-276 AD), who taught a cosmology describing the struggle between a good spiritual world of light, and an evil, material world of darkness] <p-l>ម៉ែនណរយី និយម។</p-l>
manifest	(vb) (to show plainly; reveal or display) <p-l>បើកសម្តែង</p-l> (adj) <p-l>ច្បាស់លាស់ ជាក់ស្តែង</p-l>
manifestation	<p-l>ការសម្តែងលេចមក។</p-l>
manifold	(adj) (having several different forms, features or elements) <p-l>ច្រើន</p-l>
mankind	(human beings collectively) <p-l>មនុស្សជាតិ</p-l>
manna	(the miraculous food which sustained the Israelites while in the Wilderness) <p-l>នំ ម៉ានា។</p-l>
manner	(way of doing something) <p-l>របៀប</p-l>
Manoah	<p-l>ម៉ាណូអា</p-l>
manslaughter	(the unlawful killing of one human being by another without malice or forethought) <p-l>ស្លាប់ដោយអចេតនា។</p-l>
manumission	(freedom from slavery) <p-l>ការដោះលែងពីទាសភាព</p-l>
manuscript	(a document written by hand) <p-l>ឯកសារសរសេរដោយដៃ</p-l> (short) <p-l>ឯកសារដៃ</p-l>
manuscript	(the original handwritten or typed version of an article, book etc., as submitted by an author for publication) <p-l>និពន្ធមិនទាន់បោះពុម្ព។</p-l>
manward	(adv) (towards humanity) <p-l>ចំពោះមនុស្សលោក</p-l>
Maranatha	(Aramaic "Our Lord, come") <p-l>ភាសាអ៊ីរ៉ាម «ម៉ារ៉ាណាថា»</p-l> (informal) <p-l>ព្រះអម្ចាស់សូម យាងមក។</p-l>
Marcion	[heretic of Early Christianity who taught that the God of the OT was not the true God and rejected the Hebrew Bible (85-160 AD)] <p-l>ម៉ាសៀន។</p-l>
Marcion Prologues, the...	(Latin prologues to the Pauline epistles found in various manuscripts attributed to Marcion) <p-l>បុរេកថាម៉ាសៀន។</p-l>
Marcionism	(an early Christian dualistic belief system that originated in the teachings of Marcion of Sinope at Rome; see Marcion) <p-l>ម៉ាសៀននិយម។</p-l>
Marcus Aurelius	[Roman Emperor from 161-180 AD and an important Stoic philosopher (121-181 AD)] <p-l>អធិរាជម៉ាគុសអូរ៉េលាស។</p-l>
Marduk	(Babylonian god who became head of the Babylonian pantheon) <p-l>ព្រះម៉ាដុក</p-l>
marginalised, the...	(those people the world regards as unimportant) <p-l>មនុស្សដែលពិភពលោក គិតថាមិនមានតម្លៃ។</p-l>
Mari	(an ancient Sumerian and Amorite city located on the Middle Euphrates River in modern Syria) <p-l>ក្រុងម៉ារី។</p-l>
Mari tablets	(more than 25,000 clay tablets in Akkadian language written in cuneiform found at Mari) <p-l>ផ្ទាំងថ្មម៉ារី។</p-l>
marjoram	(a Mediterranean plant) <p-l>ជីរនាងវង</p-l>
mark	(a visual inpression) <p-l>ចំណាំ (គ.ប : ចំណាំ គ.ខ.ប : សញ្ញា)</p-l>
Mark	<p-l>ម៉ាកុស</p-l>
Mark, Gospel according to...	<p-l>ដំណឹងល្អតាមលោកម៉ាកុស</p-l> (short) <p-l>កណ្ឌម៉ាកុស</p-l>
Markan	(adj) (belonging to Mark's Gospel) <p-l>នៃកណ្ឌម៉ាកុស</p-l>
marriage	(the state or formal relationship of a man and a woman being husband and wife) <p-l>អាពាហ៍ពិពាហ៍</p-l> (...ceremony) <p-l>ពិធីរៀបការ ពិធីអាពាហ៍ពិពាហ៍</p-l> (ceremony taking place at the home of the groom) <p-l>អាវាហៈ</p-l> (ceremony taking place at the bride's home) <p-l>វិវាហៈ</p-l> marry (vb) <p-l>រៀបការ</p-l> marital (adj) <p-l>រវាងប្តីប្រពន្ធ។</p-l>
martyr	(vb) (to kill someone who fails to renounce his/her religious beliefs) <p-l>ធ្វើឲ្យទៅជាទុក្ករកម្ម។</p-l>
Mars Hill	(or Areopagus) <p-l>ភ្នំអេរីយ៉ូស</p-l>
Marshall, I.H.	[Professor Emeritus of NT exegesis at University of Aberdeen, Scotland and author of numerous publications focussing on NT theology (1934-)] <p-l>បណ្ឌិតម៉ាសល។</p-l>
Martin, R.P.	[British NT scholar who wrote commentaries on Mark, Romans, Philippians and James (1925-2013)] <p-l>បណ្ឌិតម៉ាទីន។</p-l>
martyr	(person who suffers death rather than renounce his/her belief) <p-l>ទុក្ករបុគ្គល (រងទុក្ខដោយព្រោះជំនឿ)</p-l> martyrdom <p-l>ទុក្ករកម្ម។</p-l>
Martyrdom of Isaiah	(the first five chapters of the book "Ascension of Isaiah" from the Pseudepigrapha, which recounts and expands on the events of 2 Kings 21) <p-l>«ទុក្ករកម្មនៃហោរាអេសាយ»។</p-l>
Mary	<p-l>នាងម៉ារា</p-l>
Mary, Gospel of...	(an apocryphal manuscript discovered in Cairo in 1896) <p-l>«កណ្ឌដំណឹងល្អនាងម៉ារា»។</p-l>
Mary Magdalene	<p-l>ម៉ារាពីស្រុកម៉ាក់ដាឡា</p-l>
Maryanu	(a caste of chariot-mounted warrior nobility which dominated many Middle East societies during the Bronze Age) <p-l>វីរជនម៉ារីអាន។</p-l>
Marxism	(the economic and political theory and practice that actions and human institutions are economically determined, and class struggle is the agency of change) <p-l>ម៉ាក្សនិយម</p-l> Marxist <p-l>អ្នកកាន់ទ្រឹស្តីម៉ាក្ស។</p-l>
Masada	(an ancient fortification on top of an isolated rock plateau on the eastern edge of the Judaean Desert) <p-l>ម៉ាសាដា។</p-l>
masculine	(adj) (grammar: denoting a gender of nouns occurring in many inflected languages, that include different referents) <p-l>ដូចប្រុស។</p-l>
Mass	(Roman Catholicism: the central act of worship in the Roman Catholic Church where it is believed that the bread and wine of the Eucharist are "converted" into Christ's body and blood) <p-l>ពិធីអរព្រះគុណព្រះជាម្ចាស់។</p-l>
masseka	(Hebrew "a cast image”) <p-l>សូនរូបលោហធាតុ (ភាសាហេព្រើរ)</p-l>
Massoretes	(members of the school of rabbis who produced the Masora, a text of the Hebrew Bible revised between the 6th and 10th Century AD) <p-l>ពួកម៉ាសសូរ៉េត។</p-l>
Massoretic text	(the authoritative Hebrew text of the Jewish Bible that defines the books of the Jewish canon and the precise letter-text of the biblical books, primarily copied and distributed by a group of Jews called the Massoretes) <p-l>ព្រះគម្ពីរ ម៉ាសសួត។</p-l>
Master	(title used for Jesus by his disciples) <p-l>លោកម្ចាស់ (គ.បៈ : លោកគ្រូ គ.ខ.បៈ : ព្រះគ្រូ)</p-l> material/materialistic (adj) (composed of, or relating to matter as opposed to form)
istuar	(informal) <p-l>ដែលមានរូបរាង។</p-l>
materialism	(theory/philosophy that matter is the only reality and that the mind is only a function of matter) <p-l>សម្ភារនិយម</p-l> materialist <p-l>ជនសម្ភារនិយម។</p-l>
materialize	(vb) (to take a tangible form) <p-l>ធ្វើឲ្យមានរូបរាងជាក់ស្តែង</p-l> materialization <p-l>សម្ភារកម្ម</p-l> (informal) <p-l>ការធ្វើឲ្យកើតជារូបរាងជាក់ស្តែង។</p-l>
matriarchy	(a form of social organization in which the female is the head of the family and kinship is traced through the female line) <p-l>មាត្យកា</p-l> (informal) <p-l>ស្ត្រីជាមេគ្រួសារ ឬកុលសម្ព័ន្ធ។</p-l>
matrilocal	(adj) (residence referring to the social system where a married couple resides with the wife's parents) <p-l>មាតុដ្ឋាន</p-l> (informal) <p-l>នៃរស់នៅញាតិសន្តានខាងម្តាយ។</p-l>
Matrimony	(Roman Catholicism: the sacrament of marriage between a man and a woman, freely entered into and consummated, and not to be dissolved, made in the presence of a priest and at least two witnesses) <p-l>អគ្គសញ្ញាអាពាហ៍ពិពាហ៍។</p-l>
Mattathias ben Johanan	(a Jewish priest who inspired a revolt against the Syrian Greeks) as related in the Books of Maccabees) <p-l>ម៉ាត្រាធាស។</p-l>
matter	(n) (object that occupies space and has mass) <p-l>រូបធាតុ</p-l>
Matthan	<p-l>ម៉ាថាន</p-l>
Matthat	<p-l>ម៉ាត់ថាត់</p-l>
Matthean	(adj) (belonging to Matthew's Gospel) <p-l>នៃដំណឹងល្អតាមសាវកម៉ាថាយ</p-l>
Matthew	<p-l>ម៉ាថាយ</p-l> (the Apostle...) <p-l>សាវកម៉ាថាយ</p-l>
Matthew, Gospel according to...	<p-l>ដំណឹងល្អតាមសាវកម៉ាថាយ</p-l> (short) <p-l>កណ្ឌម៉ាថាយ</p-l>
Matthew Bible	(an English Bible published in 1537 by John Rogers, under the pseudonym "Thomas Matthew”) <p-l>ព្រះគម្ពីរអង់គ្លេសតាមលោកម៉ាថាយ។</p-l>
Matthias, the Apostle...	<p-l>សាវកមាត់ធាស</p-l>
maturity	(state of being relatively advanced physically) <p-l>ភាពពេញវ័យ</p-l> (state of being relatively advanced mentally, emotionally and/or moraily) <p-l>ភាពពេញខ្នាតគ្របលក្ខណៈ របស់មនុស្ស-ពេញវ័យ (គ.ប ពេញខ្នាត គ.ខ.ប : គ្រប់លក្ខណៈរបស់មនុស្សពេញវ័យ)</p-l> (adj) <p-l>ពេញខ្នាត។</p-l>
Maundy Thursday	(Church calendar: feast or holy day on the Thursday before Easter) <p-l>ថ្ងៃ ព្រហស្បតិ៍មុនថ្ងៃព្រះយេស៊ូវមានព្រះជន្មរស់ឡើងវិញ។</p-l>
Mauritania	(former Berber Kingdom and province of the Roman Empire, and a presentday W African country on the western edge of the Sahara Desert) <p-l>នគរម៉ូរីតានី ខេត្ត ម៉ូរីតានី។</p-l>
maxim	(a brief expression of a general truth) <p-l>ពាក្យទំនៀម</p-l>
Mazdaeism	(another name for Zoroastrianism) <p-l>ម៉ាសេដនិយម</p-l>
McGready, James	[Presbyterian minister and revivalist who was an important figure of the Second Great Awakening on the American frontier (1763-1817) <p-l>ចេមស ម៉ាក់ហ្វ្រេឌី។</p-l>
meadow	(piece of grassland, often used for the production of hay) <p-l>វាលស្មៅ</p-l>
meal-offering	(a general sacrifice) <p-l>ដង្វាយយញ្ញបូជា</p-l>
meaning	(significance of a word, sentence, symbol, etc.) <p-l>អត្ថន័យ</p-l>
measure	(n) (measuring tool) <p-l>ផ្ទាល</p-l>
meat-offering	(animal sacrifice) <p-l>ដង្វាយ យញ្ញបូជា</p-l>
Mecca	(Islam: the birthplace of Muhammad, Islam's holicat city, and a pilgrimage to id known as the Hajj is obligatory for all able Muslims) (<p-l>ក្រុងមេកា។</p-l>
Media	(ancient Iranian kingdom that dominated the Mesopotamian region c. 610-550 BC with territory from north-eastern Iran to the Halys River in Anatolia) <p-l>នគរមេឌី។</p-l>
mediacy	(the position of bringing about agreement between parties in a dispute) <p-l>តួនាទីជា-អ្នកសម្រុះសម្រួល</p-l> (div) <p-l>តួនាទីជាអង្គសម្រុះសម្រួល។</p-l>
mediaeval/medieval	(adj) [describes the period between the fall of the Western Roman Empire and the Renaissance (c. 476-1453 AD)] <p-l>នៃនាមជ្ឈិមសម័យ</p-l> (informal) <p-l>នៃសតវត្សទី៥ ដល់១៥។</p-l>
mediate	(vb) (to intervene between parties in a dispute in order to bring about agreement) <p-l>សម្រុះសម្រួល</p-l> mediation <p-l>ការសម្រុះសម្រួល</p-l> mediatorial (adj) <p-l>នៃការសម្រុះសម្រួល</p-l> mediator <p-l>អ្នកសម្រុះសម្រួល [(គ.បៈ : អ្នកសម្របសម្រួល អ្នកកណ្តាល អ្នកសង្រួបសង្រួម) (គ.ខ.បៈ មនុស្សម្នាក់ដែល ធ្វើអន្តរាគមន៍ ស្ពានមេត្រី ស្ពាន)]។</p-l>
mediate	(vb) (to serve as a medium for causing a result) <p-l>ទាក់ទងនឹងប្រយោជន៍</p-l>
Mediator	(div) (title for Jesus emphasizing his role as medium between God and humanity) <p-l>ព្រះអង្គសម្រុះសម្រួល</p-l> Mediatorship <p-l>ភាពជាអង្គសម្រុះសម្រួល។</p-l>
Medina	(the second holiest city in Islam after Mecca and the burial place of Muhammad) <p-l>ក្រុងម៉េឌីណា។</p-l>
meditate	(vb) (to think deeply about/upon something) <p-l>រំពឹងគិត នឹកជញ្ជឹង រិះគិត ពិចារណា [(គ.បៈ : រំពឹងគិត នឹកជញ្ជឹង នឹករំពឹង) (គ.ខ.បៈ សញ្ជឹងគិត រិះគិត ពិចារណា)]។</p-l>
Mediterranean Sea	<p-l>សមុទ្រមេឌីទែរ៉ាណេ</p-l>
medium	(a person used as a spiritual intermediary between the dead and the living) <p-l>គ្រូខាប (គ.បៈ គ្រូខាប គ.ខ.ប : គ្រូអន្ទងខ្មោច)។</p-l>
meeting	(n) (an encounter or coming together) <p-l>ការប្រជុំ (គ.បៈ ប្រជុំ គ.ខ.បៈ : ការប្រជុំ)</p-l>
Megiddo, City of...	<p-l>ក្រុងមេគឺដោ</p-l>
Mehujael	<p-l>មហ្វីយ៉ែល</p-l>
Melanchthon, Philip	[German reformer, first systematic theologian of the Protestant Reformation, and intellectual leader of the Lutheran Reformation (1497-1560)] <p-l>បណ្ឌិតភីលីព មីលេនថុន។</p-l>
Melchizedek	<p-l>មើលគីស្សាដែក</p-l>
member	(a part of the body such as a limb) <p-l>អវយវៈ</p-l>:
memorial	(place serving as a remembrance) <p-l>វត្ថុរំឭក</p-l> (...ceremony) <p-l>ពិធីរំឭក</p-l>
Memphis, City of...	(2) Ki. 15) <p-l>ក្រុងណូព</p-l>
Menahem, King...	<p-l>ស្តេចមណាហិម</p-l>
Menahoth, Tractate...	(section of the Talmud dealing with the laws of Temple flour offerings) <p-l>រឿងខ្លីៗ «ម៉េណាហត់»។</p-l>
Mennonites	[a Protestant group based around the church communities of the Anabaptist denominations named after Menno Simons (1496-1561) of Friesland who formalized the teachings of earlier Swiss founders] <p-l>មីណូណៃ។</p-l>
Merari	(one of the sons of Levi) <p-l>ម៉ារី</p-l>
mercy	(compassionate treatment of, or attitude towards an offender) <p-l>សេចក្តីមេត្តាករុណា (គ.បៈ : មេត្តាប្រណី គ.ខ.ប : សព្វព្រះហឫទ័យ)</p-l>
mercy seat	(the gold platform covering the Ark, regarded as the throne of God) <p-l>ទីប្រណី សន្តោស (គ.បៈ : ទីសន្តោសប្រោស គ.ខ.ប : គំរបហិប)។</p-l>
Merenptah	(fourth pharaoh of the 19th Dynasty of Egypt, who ruled 1213 to 1203 BC) <p-l>ជាប៉ានម៉េរែនតា។</p-l>
merit	(spiritual credit granted or received for good works) <p-l>កុសល</p-l> meritorious (adj) <p-l>ដែល ជាកុសល។</p-l>
merit	(vb) (to be worthy; to deserve) <p-l>សមនឹងទទួល</p-l>
merit theology	(the systematic study of God and his nature from the perspective that spiritual credit is received or granted for good works) <p-l>ទេវសាស្ត្រសលនិយម។</p-l>
Meroë	(Nubian capital of Cush in present day Sudan, from where the "Ethiopian eunuch" of Acts 8:27... came from) <p-l>ក្រុងមេរូ។</p-l>
Mesha	(a place in Gen. 10:30) <p-l>មេសា</p-l>
Mesha, King...	(a king of Moab) <p-l>ស្តេចមេសា</p-l>
Meshech	(son of Japeth) <p-l>មែសេក</p-l>
Meshech	(son of Aram, son of Shem <p-l>ម៉ាស</p-l>
mesolithic	(adj) (archeology: the culture between paleolithic and neolithic, and is generally used to describe material from the Levant dated 20,000 to 9,500 BC) <p-l>នៃ យុគ្គសម័យកណ្តាល។</p-l>
Mesopotamia, the area of...	(the area of the Tigris-Euphrates river system) <p-l>តំបន់មេសូប៉ូតាមា</p-l> Mesopotamians <p-l>ពួកមេសូប៉ូតាមា។</p-l>
message	(communication from one person or group to another) <p-l>សារ</p-l> (div) <p-l>ព្រះរាជសារ</p-l>
messenger	(a person who takes messages from one person or group to another) <p-l>ទូត</p-l>
Messiah, the...	(the awaited King of the Jews) <p-l>ព្រះមែសី (ព្រះដែលបានចាក់ប្រេងតាំង)</p-l> Messianic (adj) <p-l>របស់ព្រះមែសី</p-l> Messiahship (role of the Messiah) <p-l>ព្រះមែសីភាព។</p-l>
Messianism	(belief in a messiah, saviour or redeemer) <p-l>ព្រះមែស៊ីនិយម</p-l>
metaphor	(figure of speech in which a word or phrase is applied to an object or action that it does not literally denote) <p-l>ឧបមា</p-l> metaphorically (adv) <p-l>ដោយឧបមា។</p-l>
metaphysical distinction	(a distinction concerning the system of first principles underlying an enquiry or theory) <p-l>ភាពខុសគ្នាបែបអរូបី។</p-l>
metaphysics	(the branch of philosophy dealing with first principles) <p-l>បរមត្ថវិជ្ជា</p-l> metaphysical (adj) <p-l>នៃបរមត្ថវិជ្ជា។</p-l>
meter	(prosody: indicating a verse having a specified number of groups of two or more syllables in which one syllable has the major stress) <p-l>បទកំណាព្យ</p-l> metrical (adj) <p-l>ដែលមានបទកំណាព្យ។</p-l>
Methodism	(a Protestant movement represented by a number of denominations and organizations, tracing their roots to John Wesley's revival movement within Anglicanism in 18th Century England and Wales) <p-l>ចលនាមេតូឌីស្ទ។</p-l>
Methuselah	(son of Enoch) <p-l>មធូសាឡា</p-l>
Methushael	<p-l>មទូសែល</p-l>
mg.	(abbreviation “margin”) <p-l>រឹមទំព័រ</p-l>
Mi.	(abbreviation "Book of Micah") <p-l>មី</p-l>.
Micah	<p-l>មីកា</p-l>
Micah, Book of...	<p-l>កណ្ឌមីកា</p-l>
Michaelis, Johann David	[German biblical scholar and teacher (1706-1757)] <p-l>បណ្ឌិត ម៉ៃខលលីស។</p-l>
Michal	<p-l>មីកាល</p-l>
Michmash	(meaning "Concealed Place", a town of Benjamin, east of Bethel) <p-l>ក្រុង មឹកម៉ាស។</p-l>
middle	[Greek grammar: voice of a verb that describes the relationship between the action and the participants (subject, object) where the subject has elements of both agent and object] <p-l>វាចេះរវាងសកម្ម និងអកម្ម។</p-l>
Middle Ages	[period between the fall of the Western Roman Empire and the Renaissance (c. 476-1453 AD)] <p-l>មជ្ឈិមសម័យ (សតវត្សទី៥-១៥)។</p-l>
Middle Assyria	(the Assyrian Kingdom from the 15th to 10th Century BC) <p-l>មជ្ឈឹមសម័យ អាសសើរ។</p-l>
Middle Bronze Age	(period 2100-1550 BC) <p-l>យុគសំរិទ្ធមជ្ឈឹម</p-l>
Middle East	(area immediately east of the Mediterranean Sea, especially Israel and the Arabic countries from Turkey to North Africa, and west to Iran) <p-l>តំបន់មជ្ឈឹម បូព៌ា។</p-l>
Middle English	(the dialects of the English language from the late 12th to late 15th Century) <p-l>ភាសាអង់គ្លេសមជ្ឈិមសម័យ។</p-l>
Middle Kingdom	(Ancient Egypt from the establishment of the Eleventh Dynasty to the end of the Fourteenth Dynasty, 2055-1650 BC) <p-l>សម័យមជ្ឈឹមព្រះរាជាណាចក្រ អេស៊ីព្ទ។</p-l>
Midian	<p-l>ម៉ាឌាន</p-l> (land of...) <p-l>ស្រុកម៉ាបាន</p-l>
Midianites	<p-l>សាសន៍ម៉ាឌាន</p-l>
midrash	(a homily on a passage of Scripture derived by traditional Jewish exegetical methods and consisting usually of embellishments of the scriptural narrative) <p-l>ការអធិប្បាយរបស់សាសន៍យូដា។</p-l>
might	(power, force, or vigour, especially of a great or supreme kind) <p-l>ឥទ្ធិឫទ្ធិ (គ.បៈ ឥទ្ធិឫទ្ធិ គ.ខ.បៈ : ឫទ្ធិបារមី)។</p-l>
Milcah	(Nahor's wife; Gen. 11:29) <p-l>មើលកា</p-l>
Miletus, port of...	<p-l>ក្រុងមីលេត</p-l>
milieu	(surroundings, location or setting) <p-l>មជ្ឈដ្ឋាន</p-l>
Milkila	(mayor or ruler of Gezer in mid-14th Century BC, and author of 5 of the Amarna Letters to the Pharaoh of Egypt) <p-l>មើលគីលូ។</p-l>
millennialism/millenarianism	(the view that there will be a future period of ideal peace and happiness) <p-l>សហស្សវត្សនិយម។</p-l>
millennium	(a period of one thousand years) <p-l>សហស្សវត្ស</p-l> millennia (pl)
millennium, the...	(period of one thousand years of peace of Rev. 20) <p-l>សហស្សវត្សសន្តិភាព</p-l>
Millo, the...	(a stone structure in Jerusalem, recorded as having been built by Solomon and repaired by Hezekiah) <p-l>មីឡូរ។</p-l>
mind	(n) (the human faculty to which thought and feeling are ascribed) <p-l>ចិត្តគំនិត</p-l>
minion	(a servile agent) <p-l>អ្នកជំនួយការ</p-l>
monarchic	(adj) (concerning the rule of someone in high authority) <p-l>ដែលគ្រប់គ្រងដោយមហាក្សត្រ។</p-l>
monarchy	(a form of government in which supreme authority is vested in a single and usually hereditary figure) <p-l>រាជាធិបតេយ្យ។</p-l>
Monarchy, the...	(reference to the establishment of kings who ruled over Israel and Judah) <p-l>រាជាធិបតេយ្យ។</p-l>
Monarchy, the...	(reference to the period of the kings in Israel and Judah, from Saul to the commencement of the Exile) <p-l>រជ្ជកាលស្តេចសូលដល់និរទេស</p-l> (short) <p-l>រជ្ជកាលស្តេច ច្រើន។</p-l>
monastery	(the buildings of a community of Christian monks) <p-l>កុដិគ្រីស្ទបរិស័ទ</p-l>
monastic	(adj) (relating to Christian monasteries) <p-l>នៃកុដិគ្រីស្ទបរិស័ទ</p-l> (relating to Christian monks etc.) <p-l>នៃលោកសង្ឃគ្រីស្ទបរិស័ទ។</p-l>
money	(medium of exchange that functions as legal tender) <p-l>ប្រាក់កាស</p-l>
money-changer	(person engaged in the business of exchanging currencies) <p-l>អ្នកដូរប្រាក់</p-l>
monk	(male member of a religious community bound by vows of poverty, chastity and obedience) <p-l>លោកសង្ឃ។</p-l>
monogamy	(the state or practice of having only one spouse over a period of time) <p-l>ឯកពន្ធ ភាព</p-l> (informal) <p-l>ការនិយមឲ្យមានប្រពន្ធ ឬប្តីតែម្នាក់។</p-l>
monograph	(an academic paper, book or work concerned with a single subject) <p-l>ឯក លេខនា។</p-l>
Monophysitism	(a belief that Christ's divinity dominates and overwhelms his humanity) <p-l>និស្ស័យតែមួយនិយម។</p-l>
monotheism	(belief there is only one god) <p-l>ឯកទេពនិយម</p-l>
Montanism	(a prophetic movement that broke out in Phrygia in Asia Minor at around 172 AD, and condemned by various Church synods) <p-l>ចលនាម៉ុនថានុសនិយម។</p-l>
Montanus	[a recent convert who began prophesying (c.135-177 AD) claiming inspiration from the Holy Spirit, and urged his followers to fast and pray so they might share these revelations, sparking a movement (Montanism) that threatened to split the Church] <p-l>ម៉ុនថានុស។</p-l>
monument	(an obelisk, stature, building etc. erected in commemoration of a person, event or in celebration of something) <p-l>វិមាន។</p-l>
mood	(grammar: a category of verb or verbal inflection that expresses semantic and grammatical differences, including the indicative, subjective and imperative forms) <p-l>ប្រភេទកិរិយាសព្ទដែលបញ្ជាក់ពីគម្រោងនៃប្រធាន។</p-l>
Moody Bible Institute	(Christian institute of higher education for Christian workers founded by Dwight L. Moody in 1886, the main campus in Chicago, USA) <p-l>វិទ្យាស្ថានព្រះគម្ពីរមូឌី។</p-l>
Moody, Dwight Lyman	[American evangelist and publisher who founded the Moody Bible Institute and Moody Publishers (1837-1899)] <p-l>ឌីអិលមូឌី។</p-l>
Morah, oak of...	(Gen. 12:6) <p-l>ដើមម៉ៃសាក់របស់ម៉ូរេ</p-l>
moral	(a principle of behaviour in accordance with standards of right and wrong) <p-l>សីលធម៌។</p-l>
moral	(adj) (concerned with human behaviour, especially the distinction between right and wrong behaviour) <p-l>ដោយសីលធម៌។</p-l>
moralist	(person who seeks to regulate the morals of others, or imbue others with a sense of morality) <p-l>អ្នកសីលធម៌និយម</p-l> moralistic (adj) <p-l>ខាងសីលធម៌និយម។</p-l>
moral law	(laws governing morality) <p-l>ក្រឹត្យវិន័យសីលធម៌</p-l> (general) <p-l>ច្បាប់សីលធម៌</p-l>
moral philosophy	(area of philosophy concerned with theories of ethics) <p-l>ទស្សនវិជ្ជាខាងផ្នែក សីលធម៌។</p-l>
moral sense	(a sense of right and wrong according to conscience) <p-l>វិចារណញ្ញាណ</p-l>
moral sense	(hermeneutics: a sense of understanding Scripture that draws lessons from everyday life and behaviour) <p-l>អត្ថន័យដោយសីលធម៌។</p-l>
Moravians	(members of a Protestant denomination whose name comes from exiles escaping persecution in Moravia, and settling in Saxony in 1722) <p-l>ពួកម៉ារ៉ាជ្យ។</p-l>
Mordecai	<p-l>ម៉ាដេកាយ</p-l>
Moriah, land of...	<p-l>ស្រុកម៉ូរីយ៉ា</p-l> (Mount...) <p-l>ភ្នំម៉ូរីយ៉ា</p-l>
Mormonism	(the religious tradition of the Latter Day Saints movement, founded by Joseph Smith Jr. in the United States in the 1820's) <p-l>សាសនាមរមន។</p-l>
Morris, Leon	[Australian NT scholar (1914-2006)] <p-l>បណ្ឌិតម៉ូរីស។</p-l>
mortality	(the condition of being subject to death) <p-l>មរណធម៌</p-l> (informal) <p-l>ភាពអាចនឹងស្លាប់</p-l>
mortal	(adj) <p-l>ដែលនឹងស្លាប់ (គ.បៈ : សាច់ឈាមប៉ុណ្ណោះ គ.ខ.បៈ : លោកីយ៍)។</p-l>
mortar	(a mixture used as a bond between bricks or stones) <p-l>បាយអ</p-l>
mortify	(vb) (to subdue and bring under control) <p-l>បង្ក្រាប</p-l>
Mosaic	(adj) (of Moses) <p-l>របស់ម៉ូសេ ដូចម៉ូសេ</p-l>
Mosaic Covenant	(the covenant between God and the nation of Israel established at Mt. Sinai) <p-l>សម្ព័ន្ធមេត្រីម៉ូសេ។</p-l>
Mosaic Law	(the Pentateuch) <p-l>ក្រឹត្យវិន័យម៉ូសេ</p-l>
Mosaic Prophet	(the Jews believed that Moses predicted this prophet to arrive at the "end times") <p-l>ហោរាពិសេសដែលម៉ូសេបានទាយ។</p-l>
Moses	<p-l>ម៉ូសេ</p-l>
Moses, The Testament of...	(a Jewish apocryphal pseudepigraphical work, known from a single incomplete Latin manuscript) <p-l>ឯកសារ «សញ្ញារបស់លោកម៉ូសេ»។</p-l>
Moses, Assumption of...”	<p-l>សូមមើល</p-l> “Assumption of Moses"
mosque	(a Muslim place of worship) <p-l>វិហារអ៊ីស្លាម</p-l>
Mosque Al-Aqsa	(a mosque located in the Old City of Jerusalem on the Temple Mount, the place where the Temple is generally accepted to have stood) <p-l>វិហារអ៊ីស្លាមអិល អក្សា។</p-l>
Most High, the...	(a reference to God focusing upon his supremity) <p-l>ព្រះដ៏ខ្ពស់បំផុត (គ.បៈ ព្រះដ៏ខ្ពស់បំផុត គ.ខ.បៈ ព្រះដ៏ខ្ពង់ខ្ពស់បំផុត)។</p-l>
mother-church	(the original church of a country or region) <p-l>ក្រុមជំនុំដើម</p-l>
motif	(a theme elaborated in a document/piece of literature) <p-l>សេចក្តីសំខាន់ គំនិតសំខាន់ គំនិត ដ៏ជាខ្លឹមសារ។</p-l>
motif	(a recurring shape or design in a pattern) <p-l>គំរូសម្រាប់តុបតែងលំអ</p-l>
motive	(reason for a certain course of action) <p-l>បំណងចិត្ត</p-l>
Moule, C. F. D.	[a leading New Testament scholar and Professor of Divinity at Cambridge University from 1951 to 1976 (1908-2009)] <p-l>បណ្ឌិត មូឡេ</p-l> (short) <p-l>មូឡេ។</p-l>
mourn	(vb) (to grieve over loss or misfortune) <p-l>យំសោក</p-l>
mouth	(the opening through which humans make vocal sounds) <p-l>មាត់</p-l> (div) <p-l>ព្រះឱស្ឋ</p-l>
MS	(abbreviation "manuscript") <p-l>ឯកសារសរសេរដោយដៃ</p-l> MSS (pl)
Mt.	(abbreviation "Gospel of Matthew") <p-l>ម៉ាថ</p-l>.
Mt.	(abbreviation "mount" / "mountain") <p-l>ភ្នំ</p-l>
MT	(abbreviation "Massoretic text”) <p-l>ព្រះគម្ពីរម៉ាស់សូរទឹក</p-l>
Mukish	(an ancient district in Syria, associated with Alalah) <p-l>ក្រុងមូគីស្ស</p-l>
multculturalism	(cultural diversity and demographic make-up of a specific place) <p-l>ពហុ វប្បធម៌។</p-l>
multitude	(a large gathering of people) <p-l>ហ្វូងយ៉ាងធំ (គ.បៈ ហ្វូងយ៉ាងធំ គ.ខ.បៈ : មហាជនដ៏ច្រើន)</p-l>
multitude	(a large group of people beyond measure) <p-l>សន្ធឹកឥតគណនា (គ.បៈ : សន្ធឹកឥតគណនា គ.ខ.ប : ច្រើនឥតគណនា) ។</p-l>
Muratorian Canon	[an 8th Century Latin manuscript discovered by L. A. Muratori (16721750), presumed to be a Western text composed in Greek about 200 AD] <p-l>«ក្រុម ឯកសារមូរ៉ាតួរាន»។</p-l>
murder	(vb) (the unlawful pre-meditated killing of one human being by another) <p-l>ធ្វើឃាត</p-l>
murder	(n) <p-l>ឃាតកម្ម</p-l> murderer <p-l>ឃាតករ។</p-l>
murmur	(vb) (to complain, grumble) <p-l>រអ៊ូរទាំ [(គ.ប : ត្អូញត្អែរ ឌុកដាន់ រទូរទាំ ខ្សឹបខ្សៀវ) (គ.ខ.បៈ : រអ៊ូរទាំ ខ្សឹបខៀវ)]</p-l> (short) <p-l>រអ៊ូ។</p-l>
Mursili I	(a Hittite king c. 1556-1526 BC) <p-l>ស្តេចមើស៊ីលីទី១</p-l>
Mursili III	(a Hittite king c. 1272-1265 BC) <p-l>ស្តេចមើស៊ីលីទី៣</p-l>
music	(art form consisting of sequences of sounds in time, especially tones of definite pitch organized melodically, harmonically, and rhythmically) <p-l>ភ្លេង តន្ត្រី។</p-l>
music and musical instruments	[NBD] <p-l>«តន្ត្រី និងឧបករណ៍តន្ត្រីទាំងឡាយ»</p-l>
musical instrument	(device created or adapted for making musical sounds) <p-l>ឧបករណ៍តន្ត្រី</p-l>
Muslim	(a follower of the religion of Islam) <p-l>មូស្លីម (អ្នកកាន់សាសនាអ៊ីស្លាម)</p-l>
mustard seed	(a type of small seed) <p-l>គ្រាប់ពូជម្យ៉ាងដ៏ល្អិត</p-l>
mutatis mutandis	(Latin: phrase meaning "changing only those things which need to to be changed") <p-l>ដោយមានការផ្លាស់ប្តូរសមរម្យ (ភាសាឡាតាំង)។</p-l>
mutilate	(vb) (to dismember or damage) <p-l>កាយវិកល</p-l> mutilation <p-l>កាយវិកលកម្ម (គ.បៈ កាត់ស្បែកក្លែងក្លាយ កាត់ គ.ខ.ប : ការកាត់ស្បែកក្លែងក្លាយ ភ្ញៀវ)។</p-l>
Mycenae	(a military stronghold that was one of the major centres of Greek civilization in the Second Millennium BC) <p-l>ក្រុងមីគេណៃ។</p-l>
Mycanaean Period	(the period of Greek history from 1600 to 1100 BC) <p-l>សម័យមីគេណៃ</p-l>
Myra	[a coastal town in Asia Minor where the Apostle Paul changed ships on his way to Rome (Acts 27:5)] <p-l>ក្រុងមីរ៉ា។</p-l>
myrrh	(resin obtained from several burseraceous trees and shrubs that exude an aromatic resin) <p-l>ជ័រល្វីងទេស។</p-l>
myrtle	(an evergreen shrub) <p-l>រុក្ខជាតិយីថោ</p-l>
Mysia	(a region northwest of ancient Asia Minor, between Bithynia and Lydia) <p-l>តំបន់ មីសៀ។</p-l>
mystery	(an unexplained event, phenomenon, etc.) <p-l>អាថ៌កំបាំង (គ.បៈ: ការអាថ៌កំបាំង គ.ខ.បៈ : គំរោងដ៏លាក់កំបាំង)។</p-l>
mystery cults	<p-l>សូមមើល</p-l> mystery religions
mystery religions	(religious cults of the Greco-Roman world characterised by secrecy associated with the particulars of initiation and cult practice) <p-l>សាសនាអាថ៌ កំបាំង។</p-l>
mystic	(a person who claims mystical experience, being an experience of divine significance outside of normal human experience) <p-l>អ្នកស្វែងរកពិសោធន៍អធិធម្មជាតិ</p-l> mystical (adj) <p-l>នៃពិសោធន៍អធិធម្មជាតិ។</p-l>
mysticism	(the knowledge of, and especially the personal experience of, states of consciousness beyond normal human perception, including experience of, and communion with God) <p-l>អាថ៌កំបាំងនិយម។</p-l>
mysticism	(the belief that knowledge of God and of truth can be found through prayer and meditation rather than through the Bible) <p-l>ការនិយមស្វែងរកពិសោធន៍អធិ ធម្មជាតិ។</p-l>
myth	(supernatural stories of an earlier age) <p-l>រឿងព្រេង រឿងអាទិទេព និងវិរបុរសបុរាណកាល</p-l> "myth and ritual school" (name given to a series of authors who has focused their philological studies on the "ritual purposes of myths”) <p-l>ពួកសិក្សារឿងព្រេង និងប្រារព្ធពិធី។</p-l>
mythology	(the study or collecting of supernatural stories of an earlier age) <p-l>ទេវកថាវិទ្យា</p-l>
mythologize	(vb) <p-l>ធ្វើឲ្យក្លាយជាទេវកថា។</p-l>
N	(abbreviation "north", "northern") <p-l>ទិសខាងជើង</p-l>
Na.	(abbreviation "Book of Nahum") <p-l>ណា</p-l>.
Naamah	(daughter of Lamech) <p-l>នាងនាំអាម៉ា</p-l>
Naaman	<p-l>ណាម៉ាន់</p-l>
Naassenes	(a gnostic sect from around 100 AD) <p-l>ក្រុមណាសស៊ីន</p-l>
Nabal	<p-l>ណាបាល</p-l>
Nabataea, Kingdom of...	(political state of the Nabataeans, located between the Sinai Peninsula and the Arabian Peninsula, south of Judea, conquered by Rome in AD 106) <p-l>នគរណាបាទា។</p-l>
Nabonidus, King...	(the last king of the Neo-Babylonian Empire, reigning from 556-539 BC) <p-l>ស្តេចណាបូណាយឌីស។</p-l>
Nabopolasser	[King of Babylonia c. 625-605 BC who played a key role in the demise of the Assyrian Empire (658-605 BC)] <p-l>ស្តេចណាបូប៉ូឡាស្សារ។</p-l>
Naboth	<p-l>ណាបោត</p-l>
Nadab, King...	<p-l>ស្តេចណាដាប</p-l>
Nag Hammadi	(an Upper Egyptian town where early Christian gnostic texts were discovered) <p-l>ក្រុងណាក់ហាំម៉ាឌី។</p-l>
Nahor	(son of Serug, son of Reu; son of Jerah) <p-l>ណាឃរ</p-l>
Nahum, Book of...	<p-l>កណ្ឌណាហ៊ុម</p-l>
Nain, the town of...	<p-l>ក្រុងណាអ៊ីន</p-l>
naked	(adj) (having the body completly unclothed) <p-l>អាក្រាតេ (គ.ប : អាក្រាត ខ្លួនទទេ គ.ខ.ប : ខ្លួន ទទេ)។</p-l>
name	(word or term by which a person or thing is commonly and distinctively known) <p-l>ឈ្មោះ នាម</p-l> (div) <p-l>ព្រះនាម</p-l> naming (n) <p-l>ការដាក់ឈ្មោះ។</p-l>
names of God	[NBD] <p-l>«ព្រះនាមរបស់ព្រះជាម្ចាស់»</p-l>
Naomi	<p-l>នាងនាអូមី</p-l>
Naphtali	<p-l>ណែបថាលី</p-l> (tribe of...) <p-l>អំបូរណែបថាលី</p-l>
Naphtali, Testament of...	(a document with apocalyptic elements discovered at Qumran among the Dead Sea Scrolls) <p-l>«ឯកសារសញ្ញានៃណែបថាលី»។</p-l>
Naphtuhites	(a people descended from Mizraim, son of Ham) <p-l>ពួកណាបធូហ៊ីម</p-l>
narrative	(the part of a literary work that relates events) <p-l>និទានកថា</p-l> narrator <p-l>អ្នកនិទាន</p-l> narration <p-l>ការនិទាន។</p-l>
NASB	(abbreviation "New American Standard Version”) <p-l>ព្រះគម្ពីរភាសាអង់គ្លេស</p-l> New American Standard Version (1963)។
Nash Papyrus	(a collection of four early Hebrew papyrus manuscripts acquired in Egypt by W. L. Nash) <p-l>ប៉ាពីរើសណាស់។</p-l>
Nathan	<p-l>ហោរាណាថាន់</p-l>
nations, the...	(all the peoples of the world) <p-l>ប្រជាជាតិទាំងឡាយ (គ.បៈ : ពួកសាសន៍ដទៃ គ.ខ.បៈ ប្រជាជាតិនានា)។</p-l>
natural law	(any system of law which is purportedly determined by nature, and thus universal) <p-l>ក្រមច្បាប់ធម្មជាតិ។</p-l>
natural man	(the typical member of humanity who cannot understand the spiritual nature of the Gospel) <p-l>មនុស្សសាច់ឈាម (មនុស្សធម្មតា)។</p-l>
natural order	(the natural relations of beings to one another, in the absence of law) <p-l>លំដាប់ ធម្មជាតិ។</p-l>
natural order	(philosophy: the moral source from which natural law seeks to derive its authority) <p-l>លំដាប់លំដោយធម្មជាតិ។</p-l>
natural revelation	(God as he reveals himself through his creation, and the belief that at least some truths about God can be learned by studying nature) <p-l>ការបើក-សម្តែង តាមរយៈធម្មជាតិ។</p-l>
natural theology	(a program of inquiry into the existence and attributes of God without referring or appealing to divine revelation) <p-l>ទេវសាស្ត្រធម្មជាតិ។</p-l>
natural world	(the physical or material world) <p-l>ពិភពលោកធម្មជាតិ</p-l>
nature	(the fundamental qualities of a person or thing) <p-l>និស្ស័យ</p-l>
nature religion	(different forms of nature worship that are primarily pantheistic and/or animistic where deities are viewed as an embodiment of natural forces) <p-l>សាសនា ធម្មជាតិ។</p-l>
Naxos, Island of...	(a Greek island located in the Aegean Sea) <p-l>កោះណាក់សុស</p-l>
Nazarene	(person from the vicinity of Nazareth) <p-l>អ្នកស្រុកណាសារ៉ែត (គ.បៈ : អ្នកស្រុកណាសារ៉ែត គ.ខ.បៈ : ពួកខាងគណៈណាសារ៉ែត គ.គ.ខ : គណៈណាសារ៉ែត)។</p-l>
Nazareth, town of...	<p-l>ភូមិណាសារ៉ែត។</p-l>
Nazirite	(one who voluntarily took a vow described in Num. 6:1-21) <p-l>អ្នកនាំសារឹត</p-l>
NCB	(abbreviation "New Century Bible") <p-l>ព្រះគម្ពីរភាសាអង់គ្លេស</p-l> New Century Bible (1986)។
Ne.	(abbreviation "Book of Nehemiah") 18.
NE	(abbreviation "northeast”) <p-l>ទិសឦសាន</p-l>
Near East	(term applied variably over time, often refers to that part of Asia closest to Europe, as distinguished from the "Far East") <p-l>តំបន់ភាគខាងកើតនៃមហាសមុទ្រមេឌីទែរ៉ាណេ។</p-l>
NEB	(abbreviation "New English Bible”) <p-l>ព្រះគម្ពីរភាសាអង់គ្លេស</p-l> New English Bible (1970)
Nebo, Mount...	<p-l>ភ្នំនេបូ</p-l>
Nebuchadnezzar I	(the fourth king of the 4th Dynasty of Babylon who ruled c. 1126-1103 BC and is best known for his victory over Elam and the recovery of the cult of Marduk) <p-l>ស្តេចនេប៊ូក្លេសាទី១។</p-l>
Nebuchadnezzar II	[a king of the Neo-Babylonian Empire (c. 605-562 BC) who conquered Judah and Jerusalem, destroyed the Temple and exiled the Jews (c. 634-562 BC)] <p-l>ស្ដេចនេប៊ូក្លេសាទី២។</p-l>
Nebuchadrezzar	(alternate spelling of Nebuchadnezzar originating from the Hebrew text - Jer. 12:2) <p-l>ស្ដេចនេប៊ូក្មេសា។</p-l>
Neco, Pharaoh	[otherwise known as Necho II, was a king of the 26th Dynasty of Egypt, who killed King Josiah at the battle of Megiddo (610-595 BC)] <p-l>ផាធាននេកូទី២។</p-l>
needy	(those in need of support) <p-l>អ្នកខ្វះខាត</p-l>
Negeb/Negev, region of the...	<p-l>ស្រុកត្បូង</p-l>
negligence	(a lack of care resulting in injury) <p-l>ការធ្វេសប្រហែល</p-l>
Nehemiah, Book of...	<p-l>កណ្ឌនេហេមា</p-l>
nemesis	(a downfall caused by retributive justice, named after Nemesis, the Greek goddess of retribution and vengeance) <p-l>ទណ្ឌកម្មមិនអាចចៀសរួច</p-l> (the agent or cause of this downfall) <p-l>អ្នកដាក់ទណ្ឌកម្មមិនអាចចៀសរួច (អាទិទេព ឬមនុស្ស)។</p-l>
Neo-Babylonian Empire	(a period of Mesopotamian history from 626 to 539 BC, beginning with the reign of Nabopolassar, finishing with Nabonidus, and including Nebuchadnezzar 11) <p-l>ចក្រភពបាប៊ីឡូនថ្មី។</p-l>
neo-orthodoxy	(an approach to theology as a reaction to 19th Century liberal theology and a re-evaluation of the teachings of the Reformation) <p-l>ទេវសាស្ត្រអូថូដុក្សបែបថ្មី។</p-l>
neolithic	(adj) (archaeology: describing the new stone age period, begining around 10,000 BC and ending between 4,500 and 2,000 BC) <p-l>នៃយុគ្គសម័យក្រោយ។</p-l>
Neoplatonism	(school of mystical philosophy formed in the 3rd Century AD, based on the teachings of Plato and early Platonists) <p-l>នីអូប្លាតូនិយម។</p-l>
Nephilim	(the offspring of the "sons of God" and the "daughters of men") <p-l>មនុស្សរូបធំសំបើម (គ.ប : មនុស្សរូបធំសំបើម គ.ខ.ប : មនុស្សមាឌធំៗ)។</p-l>
Nergal	(a deity in Babylon) <p-l>ព្រះនើកាល</p-l>
Neriglissar	[a high ranking officer of Nebuchadnezzar (Jer. 39:12) who became King of Babylon 560-556 BC] <p-l>ស្ដេចនើកាល-សារេស៊ីរ។</p-l>
Nero	(Emperor of Rome from 54 to 68 AD) <p-l>អធិរាជនេរ៉ូ</p-l> Neronian (adj) <p-l>របស់អធិរាជនេរ៉ូ</p-l>
Nestorianism	(the doctrine that Christ was two distinct persons, divine and human) <p-l>ណេសសូរៀននិយម។</p-l>
Nestorius	[Archbishop of Constantinople (428-431) who rejected the title of *Theotokos* for Mary and was condemned for heresy at the first Council of Ephesus (431) and whose name was given to the Eastern Church (c. 386-451)] <p-l>ណេស្កូវៀស។</p-l>
neuter	(adj) (grammar: belonging to a gender of nouns which generally does not specify the sex of their referents) <p-l>នបុំសកលិង្គ [អានថា នៈប៉ុង-សៈ កៈលិង មានន័យថា ភេទកណ្តាល គឺមិនមែនប្រុសមិនមែនស្រី (ពាក្យសម្រាប់ប្រើក្នុងវេយ្យាករណ៍)]។</p-l>
New Age	(referance to the period after the Second Coming) <p-l>សករាជថ្មី</p-l>
New Creation	(the Creation that will replace this world after the Second Coming) <p-l>ស្នាព្រះហស្ត-ថ្មី ផ្ទៃមេឃថ្មី និងផែនដីថ្មី។</p-l>
New Criticism	(a literary theory that emphasizes close reading of a text to discover how a work of literature functioned as a self-contained, self-referential aesthetic object) <p-l>ការវិភាគថ្មីៗ</p-l> new critics <p-l>អ្នកវិភាគថ្មីៗនិយម។</p-l>
New Exodus	(an indirect reference to the release of Christians from the bondage of this world at the Second Coming) <p-l>ការចាកចេញជាថ្មី (ការរំដោះចេញពីការគ្រប់គ្រងរបស់ពិភព លោកនៅពេលទ្រង់មកវិញជាលើកទីពីរ)។</p-l>
New Israel	(the people of God after the establishment of the Church) <p-l>សាសន៍អ៊ីស្រាអែលថ្មី</p-l>
New Jerusalem	(the object of Ezekiel's prophetic vision of a city to be established to the south of the Temple Mount that will be inhabited by the Twelve Tribes in the Messianic era) <p-l>ក្រុងយេរូសាឡិមថ្មី។</p-l>
New Kingdom	(Egypt's most prosperous time and marked the peak of its power c. 15501069 BC) <p-l>សម័យរាជាណាចក្រថ្មី។</p-l>
New Moon	(the phase of the Moon when it lies closest to the Sun in the sky as seen from Earth, and is normally invisible) <p-l>ថ្ងៃចូលខែ (គ.ប ថ្ងៃចូលខែ គ.ខ.ប : ថ្ងៃបុណ្យដើម ខែ)។</p-l>
New Testament	(the second major division of the Canon, the first division being the Old Testament) <p-l>គណ្ឌគម្ពីរសញ្ញាថ្មី</p-l> (short) <p-l>សញ្ញាថ្មី (គ.បៈ: សញ្ញាថ្មី គ.ខ.បៈ សម្ព័ន្ធមេត្រីថ្មី)។</p-l>
New Testament Apocrypha	(non-canonical works attributed to, or puporting to give information about Christ or the apostles) <p-l>ក្រមអាប៉ូគ្រីហ្វានៃសញ្ញាថ្មី។</p-l>
n.f.	[abbreviation "*neue Folge*" (German) - “new series"] <p-l>អនុក្រមថ្មី</p-l>
Nicaea, Council of...	(a council of bishops convened in Nicaea, Bithynia by Emporer Constantine in AD 325, to settle the Trinitarian issue, the calculation of Easter, and promulgation of early canon law) <p-l>ក្រុមប្រឹក្សាណាយសៀ។</p-l>
Nicanor	[a Syrian Seleucid general under Antiochus Epiphanes (died c. 161 BC)] <p-l>មេទ័ពនីកា-ណរ។</p-l>
Nicene Creed	(the profession of faith most widely used in Christian liturgy, forming the definition of Christianity for most Christians, adopted by the Council of Nicaea) <p-l>គោលជំនឿណាយស៊ីន។</p-l>
Nicodemus	<p-l>នីកូដេម</p-l>
Nicopolis	(city on the west coast of Greece founded by Octavian in memory of his victory over Antony and Cleopatra) <p-l>ក្រុងនីកូប៉ូល។</p-l>
Niebuhr, Richard	[an American Christian theological-ethicist of the neo-orthodox theological school within American Protestantism, whose ideas have been one of the main sources of post-liberal theology (1894-1962)] <p-l>បណ្ឌិតរីឆាដ នីប៊ុស</p-l> (short) <p-l>នីប៊ុស។</p-l>
Nile River	<p-l>ទន្លេនីល</p-l>
Nimrod	(son of Cush) <p-l>នីមរ៉ដ</p-l>
Nimrod	(an ancient Assyrian city, formerly called Kalhu, located south on the River Tigris in modern Iraq) <p-l>ក្រុងនីមរុដ។</p-l>
Nineveh, City of...	<p-l>ទីក្រុងនីនីវេ</p-l>
Nippur	(one of the oldest Sumerian cities, located in modern Iraq) <p-l>ក្រុងនីបផើរ</p-l>
Nisan	(Hebrew calendar: the first month of the ecclesiastical year and the seventh month of the civil year) <p-l>ខែនីសាន់។</p-l>
Nisir, Mount...	<p-l>ភ្នំនីសៀ</p-l>
NIV	(abbreviation "New International Version”) <p-l>ព្រះគម្ពីរភាសាអង់គ្លេស</p-l> New International
Version	(1978)។
Noah	(son of Lamech, son of Methuselah) <p-l>ណូអេ</p-l> Noahic (adj) (belonging to Noah) <p-l>របស់ លោកណូអេ។</p-l>
Noah, Book of...	(a non-extant OT pseudepigraphical work attributed to Noah, quoted in 1 Enoch and mentioned in Jubilees) <p-l>«កណូណូអេ»</p-l> Noahic (adj) (belonging to Noah) <p-l>របស់ណូអេ</p-l>
Noahic Covenant	(covenant God made with Noah, sealed with the sign of a rainbow, that he would never again destroy the earth with a flood) <p-l>សម្ព័ន្ធមេត្រីរបស់ណូអេ។</p-l>
nomos	(Greek "law”) <p-l>ណូម៉ូស (ច្បាប់) (ភាសាក្រេក)</p-l>
non-being	(the state or fact of not existing) <p-l>គ្មានអត្ថិភាព</p-l>
non-blood offering	(an offering where no life has been taken through the spilling of blood) <p-l>ដង្វាយអត់ឈាម។</p-l>
non-Christian	(a person not believing in Jesus Christ) <p-l>អគ្រីស្ទបរិស័ទ</p-l> (informal) <p-l>អ្នកមិនជឿ</p-l>
non-elect, the...	(those predestined by God to not receive salvation) <p-l>ពួកមិនរើសតាំង</p-l>
non-Jew	(somebody who is not a Jew) <p-l>សាសន៍ដទៃ</p-l>
Non-Juror	(a reference to those Anglican clergy who would not accept William of Orange as Regent) <p-l>បព្វជិតនិកាយអង់គ្លីខិនដែលមិនបានទទួលស្តេចវីលៀម។</p-l>
non-religious	(adj) (not connected to any formal or institutionalized expression of belief) <p-l>ដែលមិនទាក់ទងជាមួយសាសនា។</p-l>
non-trinitarianism	(monotheistic belief systems which reject the doctrine of the Trinity) <p-l>អត្រៃឯកនិយម</p-l> (informal) <p-l>ប្រឆាំងនឹងព្រៃឯកនិយម។</p-l>
norm	(a standard of achievement or viewpoint that is required or designated as typical) <p-l>បទដ្ឋាន។</p-l>
normative	(adj) (grammar: implying, creating or prescribing a standard) <p-l>ដែលកើតជាបទដ្ឋាន ត្រឹមត្រូវ។</p-l>
normative	(adj) (prescribing a standard) <p-l>ពិតប្រាកដ</p-l>
nostril	(an external opening of the nose) (div) <p-l>ព្រះនាសា</p-l>
Noth, Martin	[German scholar of the Hebrew Bible who specialized in the pre-Exilic history, and helped pioneer the traditional-historical approach to biblical studies (1902-1968)] <p-l>បណ្ឌិតម៉ាទីនណុត</p-l> (short) <p-l>បណ្ឌិតណុត។</p-l>
n.s.	(abbreviation “new series”) <p-l>អនុក្រមថ្មី</p-l>
NT	(abbreviation "New Testament”) <p-l>សញ្ញាថ្មី</p-l>
Nu.	(abbreviation "Book of Numbers") <p-l>ជន</p-l>.
nuance	(a subtle difference in meaning) <p-l>ន័យខុសគ្នាបន្តិចបន្តួច</p-l>
Nubia	(a region along the Nile river located in modern northern Sudan and southern Egypt) <p-l>តំបន់នូបៀរ។</p-l>
number	(concept of a quantity that can be derived from a single unit) <p-l>លេខ ចំនួន</p-l>
Numbers, Book of...	<p-l>កណ្ឌជនគណនា (គ.ខ.បៈ : ជំរឿនប្រជាជន)</p-l>
Numidia	[former Berber kingdom (3<sup>rd</sup> to 1<sup>st</sup> Century BC) and province of the Roman Empire in N Africa (modern-day Algeria and Tunisia)] <p-l>ស្រុកនូមីទីយ៉ា ខេត្ត នូមីទីយ៉ា។</p-l>
numinous	(adj) (denoting, being, or relating to God) (div) <p-l>របស់ព្រះជាម្ចាស់</p-l>
Nun	<p-l>នុន</p-l>
Nunc Dimittis	(the prophecy of Simeon in Luke 2:29-35, that expressed the messianic hope of Judaism, named after its first words in Latin, meaning "Now dismiss...") <p-l>ទំនាយស៊ីមាន (ភាសាឡាតាំង)។</p-l>
Nuzi, City of...	(an Ancient Mesopotamian city founded during the Akkadian Empire) <p-l>ក្រុងនូស៊ី។</p-l>
Nuzi documents	(5000 tablets recovered from the City of Nuzi, mainly from the Hurrian period) <p-l>ផ្ទាំងថ្មក្រុងនូស៊ី។</p-l>
NW	(abbreviation "northwest”) <p-l>ទិសពាយព្យ</p-l>
Nymphas/Nympha	<p-l>នឹមជាស</p-l>
oath	(solemn pronouncement to affirm the truth of a statement, or to pledge a person to some course of action) <p-l>សម្បថ។</p-l>
oath, to take an...	(vb) <p-l>លើកដៃស្បថ</p-l>
Ob.	(abbreviation "Book of Obadiah") <p-l>អូបា</p-l>.
Obadiah, Book of...	<p-l>កណ្ឌអូបាឌា</p-l>
Obal	(son of Joktan, son of Eber) <p-l>អូបាល</p-l>
obelisk	(a tall four-sided, narrow tapering monument which ends in a pyramid shape at the top) <p-l>សិលាស្តម្ភ។</p-l>
obey	(vb) (to carry out instructions or comply with demands) <p-l>ស្តាប់បង្គាប់</p-l> obedience <p-l>ការ ស្តាប់បង្គាប់។</p-l>
object	(end, purpose) <p-l>គោលបំណង</p-l>
object	(grammar: a noun, pronoun or noun phrase whose referent is the recipient of the action of a verb) <p-l>កម្ម។</p-l>
objective	(adj) (the nature of the object under consideration existing independently of perception) <p-l>ដែលពិត ដែលមិនលំអៀង។</p-l>
objective genetive	(grammar: a use of the genetive case to express an objective relationship) <p-l>ពាក្យដែលបង្ហាញភាពជាម្ចាស់ដែលមិនលំអៀង។</p-l>
objectivism	(doctrine that reality is objective, and that data from the senses corresponds with reality) <p-l>យថានិយម។</p-l>
oblation	(an offering made for religious purpose) <p-l>ការបូជា</p-l>
observe	(vb) (to comply with a law, custom, practice etc.) <p-l>ប្រតិបត្តិ ប្រារព្ធ</p-l> observance <p-l>ការប្រតិបត្តិ ការប្រារព្ធ។</p-l>
occult	(magical, mystical or supernatural arts) <p-l>រហស្សវិជ្ជា</p-l>
Octavian	[the first emperor of the Roman Empire, which he ruled in the name Gaius Julius Caesar Augustus from 27 BC to his death (69 BC-14 AD)] <p-l>អធិរាជ អុកតាវីយ៉ង់។</p-l>
ode	(a lyric poem, typically addressed to a particular subject) <p-l>កាព្យឃ្លោង</p-l> "Odes of Solomon" (a collection of 42 odes attributed to Solomon, the earliest extant manuscript from the end of the 3rd Century thought to be from a Christian source) <p-l>ឯកសារ កាព្យឃ្លោងរបស់សាឡូម៉ូន ។</p-l>
offence	(a violation of law or custom) <p-l>ការប្រព្រឹត្តល្មើស</p-l>
offering	(n) (a sacrifice to a deity) <p-l>តង្វាយ</p-l>
Offering	(Jesus in his role as sacrifice) <p-l>អង្គុយញ្ញបូជា</p-l>
offertory	(the offerings of worshippers at a meeting) <p-l>ប្រាក់ដង្វាយ</p-l>
office	(a position of trust, responsibility and/or duty) <p-l>តំណែង</p-l>
officer	(a person appointed or elected to a position of responsibility or authority) <p-l>នាយក</p-l>
offspring	(the immediate descendant or descendants) <p-l>ពូជ (គ.ប : ពូជ គ.ខ.ប : ពូជពង្ស)</p-l>
Og	(an Amorite king of Bashan who was slain by Israel under Moses at the battle of Edrei) <p-l>ស្តេចអុក។</p-l>
Old Age	(referance to the period before the Second Coming characterised by human rebellion) <p-l>សករាជចាស់។</p-l>
Old English	(an early form of the English language spoken and written by Anglo-Saxons in the period between the mid-5th Century and the 12th Century) <p-l>ភាសាអង់គ្លេស បុរាណ។</p-l>
Old Israel, the...	(Israel that entered the Promised Land and their descendants until Jesus' death and resurrection) <p-l>ពួកសាសន៍អ៊ីស្រាអែលចាស់។</p-l>
Old Lat.	(abbreviation "Old Latin") <p-l>ភាសាឡាតាំងបុរាណ</p-l>
Old Latin	(Latin language of the period before Classical Latin, before 75 BC) <p-l>ភាសាឡា តាំងបុរាណ។</p-l>
Old Testament	(the first major division of the Canon, the second division being the New Testament) <p-l>គណ្ឌគម្ពីរសញ្ញាចាស់</p-l> (short) <p-l>សញ្ញាចាស់ (គ.ប : សញ្ញាចាស់ គ.ខ.ប : សម្ព័ន្ធ មេត្រីចាស់)។</p-l>
olive tree	<p-l>ដើមអូលីវ</p-l>
Olives, Mount of...	<p-l>ភ្នំដើមអូលីវ</p-l>
Olivet	(the Mount of Olives) <p-l>ភ្នំដើមអូលីវ</p-l>
Olivet discourse	(passage found in Mark 13, Matthew 24 and Luke 21 where Jesus describes the end times using apocalyptic language) <p-l>សេចក្តីថ្លែងនៅលើភ្នំដើមអូលីវ។</p-l>
omen	(an occurrence regarded as a sign of future happiness or disaster) <p-l>បុព្វនិមិត្ត</p-l>
omnipotence	(having unlimited power) <p-l>សព្វានុភាព</p-l> (div) <p-l>ព្រះរាជសព្វានុភាព</p-l> (informal) <p-l>អំណាចដ៏គ្មានកម្រិត</p-l> *omnipotent* (adj) <p-l>ដែលប្រកបដោយសព្វានុភាព។</p-l>
omnipresence	(the presence of a deity in all places at the same time) <p-l>សព្វវត្តមាន</p-l> (informal) <p-l>គង់នៅគ្រប់កន្លែង។</p-l>
omniscience	(possession of unlimited knowledge and understanding) <p-l>សព្វញ្ញុតភាព</p-l> (informal) <p-l>ចំណេះដឹងគ្រប់ការទាំងអស់។</p-l>
Omri, King...	<p-l>ស្ដេចអរី</p-l>
Omrides	(the house of King Omri and his descendants) <p-l>ដំណើរវង្សាអំរី</p-l>
Onan	<p-l>អូណាន់</p-l>
oneness	(trinitarian theology: the state or quality of being one, commonly attributed to God) <p-l>ភាពជាតែមួយ។</p-l>
Onesimus	<p-l>អូនេស៊ីម</p-l>
Onesiphorus	<p-l>អូនសំណើរ</p-l>
Onias III	(Jewish High Priest at the time of Antiochus IV Epiphanes) <p-l>សម្តេចសង្ឃអូនាសទី ៣។</p-l>
ontology	(the branch of metaphysics that deals with the nature of being) <p-l>ប្រាណវិទ្យា</p-l> ontological (adj) <p-l>នៃប្រាណវិទ្យា។</p-l>
op. cit	(abbreviation: Latin *opus citatum est* "the work has been cited" referring the reader to the name of the work, publication or book referenced in the footnote) <p-l>ក្នុងសៀវភៅដដែល។</p-l>
Ophel	(Hebrew name for a fortified hill or elevated area within a settlement) <p-l>អូហ្វេល</p-l>
Ophir	(son of Joktan, son of Eber) <p-l>អូការ</p-l>
Ophir, region of...	<p-l>ស្រុកអូការ</p-l>
Ophrah, City of...	<p-l>ក្រុងអូប្រា</p-l>
optimism	(to expect the best and see the best in all things) <p-l>សុទិដ្ឋិនិយម</p-l>
oracle	(a prophecy that is often obscure or allegorical) <p-l>ពាក្យ</p-l>
oracle	(a message from God) <p-l>ព្រះបន្ទូល ព្យាករណ៍</p-l>
oral teaching	(teaching through discussion) <p-l>សេចក្តីបង្រៀនផ្ទាល់មាត់</p-l>
oral tradition	(material transmitted orally from from one generation to another) <p-l>សេចក្តី បង្រៀនដែលប្រគល់ដោយមាត់ឆ្លងជំនាន់។</p-l>
orator	[a public speaker (especially someone trained in the art of rhetoric)] <p-l>វាគ្លីន</p-l> (informal) <p-l>អ្នកសូត្រសុន្ទរកថា។</p-l>
ordain	(vb) (to decree) <p-l>ចេញក្រឹត្យ</p-l>
ordain	(vb) (to appoint, to order, establish or enact with authority) <p-l>តែងតាំង</p-l>
ordain	(vb) (to formally confer/receive a person into Christian ministry) <p-l>តែងតាំង</p-l> ordination (... ceremony) <p-l>ពិធីតែងតាំង។</p-l>
Orders	(Roman Catholicism: abbreviation for "Holy Orders", a sacrament by which a bishop ordains a priest so he may "celebrate" the sacraments" and other liturgical acts, and is also used in the ordination of bishops and deacons) <p-l>អគ្គសញ្ញាចាក់ ប្រេងតាំង។</p-l>
ordinal number	(a number denoting relative position in a sequence) <p-l>លេខដែលជាចំនួនបូរណ សន្យា។</p-l>
ordinance	(an authoritative regulation, decree, law) <p-l>បញ្ញត្តិ បទបញ្ញត្តិ</p-l>
ordinance	(reference to a sacrament, especially the Lord's Supper) <p-l>អត្តសញ្ញា</p-l>
ordination	(the process by which individuals are set apart to perform various duties, especially leading, teaching, and conducting the Lord's Supper, within the Church) <p-l>ពិធីតែងតាំងជាអ្នកបម្រើ។</p-l>
orgy	(a wild gathering marked by promiscuous sexual activity, excessive drinking etc.) <p-l>ស៊ីផឹកជ្រុល។</p-l>
Orient, the...	(the eastern hemisphere, countries east of the Mediterranean Sea) <p-l>តំបនពើស៊ី</p-l>
oriental	(adj) <p-l>នៃតំបន់ពើស៊ី (ទស្សនៈអ្នកនិពន្ធ)។</p-l>
Origen	[scholar and theologian of the Early Church in Alexandria who believed in the pre-existence and transmigration of souls (c. 184-253 AD)] <p-l>អូរីហ្គិន។</p-l>
origin	(the primary source or beginning of something) <p-l>ប្រភពដើម</p-l>
original audience	(the person or people whom the author intended to write to) <p-l>អ្នកស្តាប ដើម។</p-l>
original context	(the parts of a piece of writing, speech etc. that proceed and follow the original occurence of a word or passage and contribute to its meaning) <p-l>បរិបទ ដើម។</p-l>
original setting	(the surroundings in which something first occurs) <p-l>ស្ថានភាពដើម</p-l>
original sin	(state of fallen humanity as the descendants of Adam and Eve) <p-l>បាបតាំងពី កំណើត។</p-l>
original text	(text written by the ongmal author prior to any re-editing or copying errors) <p-l>អត្ថបទដើម។</p-l>
Orontes, River...	(a river of Lebanon, Syria and Turkey) <p-l>ទន្លេអូរ៉ុនថេស</p-l>
Orosius	[priest, historian, theologian and student of Augustine of Hippo, whose most important work is *History Against the Pagans* (c.375-after 418)] <p-l>អូរ៉ូសៀស</p-l> orphan [NBD] (a child where one or both parents are dead) <p-l>ក្មេងកំព្រា</p-l> Orr, James [Scottish Presbyterian minister, professor of church history and theology, and an influential defender of evangelical doctrine (1844-1913)] <p-l>បណ្ឌិតជែម អរ</p-l> (short) <p-l>បណ្ឌិតអរ។</p-l>
orthodox	(adj) (conforming to the Christian faith as established by the Early Church) (formal) <p-l>ដែលជាសម្មាមតិ</p-l> (informal) <p-l>ដែលជាគោលលទ្ធិត្រឹមត្រូវ។</p-l>
Orthodox Church	(officially called "the Orthodox Catholic Church" is composed of several self-governing ecclesial bodies, each geographically and nationally distinct but theologically unified) <p-l>និកាយអុកតូដុក។</p-l>
Orthodox Judaism	(form of Judaism characterized by allegiance to the traditional interpretation and to strict observance of the Mosaic Law as interpreted in the Talmud) <p-l>សាសនាយូដាដែលគោរពក្រឹត្យវិន័យ។</p-l>
orthodoxy	(belief or practice conforming with established or accepted standards, especially the Christian faith as established by the Early Church) <p-l>សម្មាតិ។</p-l>
Osorkon I	(the second pharaoh of Egypt's 22nd Dynasty who ruled c. 922-887 BC) <p-l>ជាប៉ាន អូ-សខុនទី១។</p-l>
Osorkon IV	(the last pharaoh of Egypt's 22nd Dynasty who ruled c. 730-716 BC, and received an appeal for help from Hoshea the King of Israel against the attack of Shalmaneser King of Assyria) <p-l>ផារ៉ាន អូ-សខុនទី៥។</p-l>
ossuary	(container for the burial of human bones) <p-l>កោដ្ឋ</p-l> (informal) <p-l>ប្រអប់ទុកឆ្អឹង</p-l>
ostracon	(Greek στρακον: piece of pottery that may contain inscriptions) <p-l>បំណែកកុលាល ភាជន៍</p-l> *ostraca* (pl) <p-l>ចំនួនបំណែកកុលាលភាជន៍ (គ្រឿងចានឆ្នាំងក្អម)។</p-l>
OT	(abbreviation "Old Testament”) <p-l>សញ្ញាចាស់</p-l>
ousia	(Greek "substance, essence") <p-l>ធាតុ (ភាសាក្រេក)</p-l>
outcast	(adj) (person rejected or excluded from the group) <p-l>ដែលបានបំបរបង់ (គ.បៈ : បំបរបង់ គ.ខ.ប : ដែលគេបង់ចោល)។</p-l>
outcry	(a widespread or vehement protest) <p-l>សម្រែក</p-l>
outpour	(vb) (the act of flowing or pouring out) <p-l>ចាក់ផ្ទេរចេញ</p-l>
outreach	(the act or process of reaching out) <p-l>របៀបឈោងដៃចាប់</p-l> (div) <p-l>រាជកិច្ចឈោងព្រះហស្ត ចាប់។</p-l>
outreach	(act of reaching out with the Gospel) <p-l>ការនាំដំណឹងល្អទៅអ្នកដទៃ</p-l> (short) <p-l>ការឈោង ចាប់។</p-l>
outsider	(person who is not a member of a group) <p-l>ជនក្រៅសង្គម</p-l>
overseer	(a person who watches over and directs others) <p-l>អ្នកត្រួតត្រា (គ.ប: អ្នកត្រួតត្រា គ.ខ.បៈ : អភិបាល)។</p-l>
owe	(vb) (to be under an obligation to pay) <p-l>ជំពាក់</p-l>
ox	(an adult castrated male of any domesticated species of cattle) <p-l>សត្វគោ</p-l>
Oxyrhynchus Papyri	(a large number of manuscripts discovered by archaeologists at an ancient rubbish tip near Oxyrhynchus in Egypt, in around 1896, the manuscripts dating from 1<sup>st</sup> to 6<sup>th</sup> Century AD) <p-l>ប៉ាពីរើស អុកស៊ីរីនគូស។</p-l>
P	(abbreviation "Priestly source”) <p-l>ប្រភពខាងសង្ឃ</p-l>
Padan Aram	(an early Aramean kingdom in Mesopotamia) <p-l>នគរប៉ាដាន់-អើរ៉ាម</p-l>
paedobaptism	[the baptizing of infants (infant baptism)] <p-l>ការជ្រមុជទឹកអោយទារក</p-l>
paedobaptist	(someone who practices paedo-baptism) <p-l>អ្នកកាន់តាមពីធីជ្រមុជទឹកអោយទារក</p-l>
pagan	[adherent of a religion that is not a mainstream biblical religion (Christian, Muslim, Jew)] <p-l>អ្នកកាន់សាសនាដទៃ</p-l> (those of no religious belief) <p-l>អ្នកក្រៅសាសនា។</p-l>
paganism	[religion that is not a mainstream biblical religion (Christianity, Islam, Judaism)] <p-l>សាសនាដទៃ។</p-l>
pain	(sensation of acute physical hurt or discomfort) <p-l>ព្រួយលំបា ទុក្ខលំបាក</p-l>
palaeograpy	(the study of the handwritings of the past, and often the manuscripts as well, so that they may be dated, read etc., and may serve as historical and literary sources) <p-l>ការសិក្សាពីអក្សរដៃ និងឯកសារពីបុរាណ។</p-l>
Paleo-Hebrew	(an offshoot of the ancient Sernitic alphabet dating to the 10th Century BC used by Israel and the Jews until 5th Century BC when they adopted the Aramaic alphabet as the writing system for Hebrew) <p-l>អក្ខរក្រមភាសាហេព្រើរដើម។</p-l>
Palestine, Territory of...	(territory between the Mediterranean Sea and the Jordan River) <p-l>ស្រុកភីលីស្ទីន។</p-l>
palistrophe	<p-l>សូមមើល</p-l> chiasm
Palm Sunday	(Church calendar: feast day that commemorates Jesus' triumphal entry into Jerusalem; falls on the Sunday before Easter) <p-l>ថ្ងៃអាទិត្យមុនថ្ងៃដែលព្រះយេស៊ូវមានព្រះ ជន្មរស់ឡើងវិញ។</p-l>
Palmyra	(an ancient city in central Syria, located in an oasis 215 kilometres northeast of Damascus) <p-l>ក្រុងផាល់មីរ៉ា។</p-l>
palpable	(adj) (perceived by the senses or mind) <p-l>ដែលអាចដឹងដោយញាណឬដោយស្ទាប</p-l>
Pamphylia	(a Roman province in the south of Asia Minor extending from the Mediterranean Sea to Mount Taurus) <p-l>ខេត្តប៉ាមភីលា។</p-l>
Pan-Babylonian movement	(a school of thought within Assyriology and religious studies that considers the Hebrew Bible and Judaism as directly derived from Mesopotamian mythology) <p-l>ចលនាចក្រភពបាប៊ីឡូនទាំងមូល។</p-l>
panegyric	(a formal public commendation) <p-l>ពាក្យសរសើរ។</p-l>
pantheism	(doctrine that God is the transcendent reality; that God is identical with the universe) <p-l>ជំនឿលើអ្វីៗទាំងអស់ជាព្រះអាទិទេព</p-l> (worship of ancestral gods) <p-l>ជំនឿលើអ្វីៗ ទាំងអស់មានធាតុព្រះ។</p-l>
papal infallibility	(Roman Catholicism: a teaching that the Pope is preserved from the possibility of error when in exercise of his office as shepherd and teacher of all Christians) <p-l>ភាពគ្មានកំហុសរបស់សម្តេចប៉ាប។</p-l>
Paphos	(a coastal city in the southwest of Cyprus, where Saul of Tarsus effectively became leader, and from then on was called Paul) <p-l>ក្រុងប៉ាផុស។</p-l>
papyri/papyrus	(ancient document written on paper made from the papyrus plant) <p-l>ប៉ាពីរើស (ឯកសារដែលចារិកទុកនឹងក្រដាសដែលធ្វើពីដើមប៉ាពីរើស)។</p-l>
papyri and ostraca”	<p-l>ប៉ាពីរើស និងបំណែកកុលាលភាជន៍</p-l>
par.	(abbreviation “paragraph”) <p-l>កថាខណ្ឌ</p-l>
par.	(abbreviation "and parallel/s" meaning similar verses or passages, typically in the other Synoptic Gospels) <p-l>ខស្រដៀងគ្នា អត្ថបទស្រដៀងគ្នា។</p-l>
par excellence	(adj) (French "beyond comparison”) <p-l>ដែលជាពិសេសបំផុត (ភាសាបារាំង)</p-l>
parable	(a short story using familiar events to illustrate) <p-l>រឿងប្រៀបប្រដូច [(គ.បៈ : ពាក្យប្រៀប ប្រដូចគំរូ ក្បួន) (គ.ខ.សៈ : ប្រស្នា ពាក្យប្រស្នា) (គ.ខ.ប: រឿងប្រៀបប្រដូច ពាក្យប្រស្នា)]។</p-l>
parachurch ministries/organizations	(faith-based organizations that work outside of and across denominations to engage in evangelism and social welfare) <p-l>ព័ន្ធកិច្ចចម្រុះ ពួកជំនុំ។</p-l>
Paraclete	(the Holy Spirit as comforter or advocate) <p-l>ព្រះដ៏ជាជំនួយ (គ.បៈ ព្រះដ៏ជាជំនួយ គ.ខ.បៈ ព្រះដ៏ជួយការពារ)។</p-l>
Paraclete Discourse, the...	(Jesus' discussion with his disciples in Jn. 14-16) <p-l>ការពិភាក្សាពី ព្រះដ៏ជាជំនួយ។</p-l>
paradigm	(a typical example) <p-l>ឧទាហរណ៍ខ្លឹមសារ</p-l>
Paradise	(place associated with the Garden of Eden that will be the perfect state restored at the Second Coming) <p-l>ស្ថានបរមសុខ</p-l> paradisial (adj) <p-l>លក្ខខណ្ឌស្ថានសួគ៌។</p-l>
paradosis	(Greek "the act of giving up, giving over") <p-l>ការឲ្យ ការផ្តល់ (ភាសាក្រេក)</p-l>
paradox	(a seemingly absurd or self-contradictory statement that contains two apparent truths) <p-l>ប្រតិមតិ។</p-l>
Parah, Tractate...	(a section of the Mishnah concerned with animal sacrifces) <p-l>រឿងខ្លីៗ ផារ៉ា ។</p-l>
parallelism	(the repetition of an expression in successive sentences for rhetorical effect) <p-l>ការប្រើសំនួនសេចក្តីស្រដៀងៗគ្នាបន្ទាប់ពីគ្នា។</p-l>
paralysis	(impairment or voluntary loss of muscle function) <p-l>ខ្វិនដៃជើង</p-l>
paraphrase	(an expression of a statement or text in different words in order to clarify meaning) <p-l>ការសម្រួលប្រយោគ (សរសេរដោយពាក្យផ្សេងទៀត)។</p-l>
Paraphrase of Shem	(a gnostic writing discovered at Nag Hammadi in 1945) <p-l>ឯកសារ«សេចក្តីបកស្រាយពីសិម»។</p-l>
parchment	(the skin of certain animals treated to form a durable material used for manuscripts) <p-l>ផ្ទាំងស្បែកសម្រាប់សរសេរអក្សរ</p-l> (short) <p-l>ឯកសារស្បែក។</p-l>
pardon	(vb) (to excuse or forgive a person for an offence or mistake) <p-l>អត់ទោស</p-l> (n) <p-l>ការ អភ័យទោស។</p-l>
parents	(mother and father) <p-l>ឪពុកម្តាយ</p-l>
Paris Psalter, The...	(a 10 th Century Byzantine illuminated manuscript) <p-l>ឯកសារ «កណ្ឌ ទំនុកដំកើងក្រុងប៉ារីស»។</p-l>
parity-treaty	(a treaty between equals) <p-l>សន្ធានសញ្ញាភាពស្មើគ្នា</p-l>
Parker, Matthew	[Archbishop of Canterbury (1559-1575), an influential theologian, and one of the primary architects of the "Thirty - Nine Articles" of the Church of England (1504-1575)] <p-l>អគ្គអភិបាលម៉ាថាយផាកឃើរ។</p-l>
parousia	(Greek "arrival, coming, presence" - the anticipated return of Jesus from Heaven to Earth) <p-l>ការយាងមកជាលើកទីពីរនៃព្រះយេស៊ូវ (ភាសាក្រេក)។</p-l>
part	(vb) (to divide or separate from one another) <p-l>ញែកចេញពីគ្នា</p-l>
partake	(vb) (archaic: to share in) <p-l>ចូលរួមក្នុង</p-l> partaker <p-l>អ្នកចូលរួមក្នុង</p-l>
Parthian Empire	(a major Iranian political and cultural power in Ancient Persia, 247 BC224 AD) <p-l>ចក្រភពផារផុស។</p-l>
participate	(vb) (to take part or become actively involved) <p-l>ចូលរួម</p-l>
participationist	(adj) (describing a view that incorporation in the Messiah is the basis for righteousness) <p-l>នៃការចូលរួមនិយម។</p-l>
participle	(grammar: a non-finite form of verb used adjectivally) <p-l>គុណនាមដែលក្លាយចេញពី កិរិយាសព្ទ។</p-l>
partnership	(the state or condition of being an ally or companion) <p-l>រួមចំណែក (គ.ប : រាល់គ្នា ជួយគ្នា គ.ខ.បៈ រួមចំណែក)។</p-l>
Parvaim, region of...	(place from which Solomon obtained gold for the Temple) <p-l>ស្រុក ជាវែម។</p-l>
Paschal feast/meal/supper	(the meal of the Jewish Passover) <p-l>អាហារនៃពិធីបុណ្យរំលង</p-l>
paschal lamb	(a lamb sacrificed and eaten on the first day of the Passover) <p-l>កូន-ចៀមនៃបុណ្យ រំលង។</p-l>
passage	(a section of a written work of moderate length) <p-l>អត្ថបទ</p-l>
passim	<p-l>សូមមើល</p-l> *et passim*
Passion/passion, the...	(Jesus' suffering from the time of the Last Supper to his death on the Cross) <p-l>ការរងទុក្ខរបស់ព្រះយេស៊ូវ។</p-l>
passion, sin of...	(sin resulting from sexual love between a man and a woman outside of marriage) <p-l>អំពើបាបតណ្ហា។</p-l>
Passion Week	<p-l>សូមមើល</p-l> Holy Week
passive	(grammar: denoting a voice of verbs in sentences in which the grammatical subject is not the logical subject but rather the recipient of the action described by the verb) <p-l>វាចកអកម្ម</p-l> (divine passive) <p-l>វាចកុអកម្មដោយព្រះ។</p-l>
Passover Festival	(Jewish festival commemorating the sparing of the Israelites in Egypt when God smote the Egytian first born) <p-l>ពិធីបុណ្យរំលង (គ.ប : បុណ្យរំលង គ.ខ.ប : បុណ្យចម្លង)។</p-l>
past tense	(grammar: verb form indicating a completed action or past situation) <p-l>ទម្រង់ កិរិយាសព្ទអតីតកាល (វេយ្យាករណ៍)។</p-l>
pastor	(a person in charge of a congregation) <p-l>គ្រូគង្វាល</p-l>
Pastoral Epistles	(Paul's letters to Timothy and Titus, containing advice about care to those in their churches) <p-l>សំបុត្រថែរក្សាក្រុមជំនុំ។</p-l>
pastoral ministry	(in contrast to preaching ministry) <p-l>ព័ន្ធកិច្ចថែរក្សាក្រុមជំនុំ</p-l>
Pastorals, the...	<p-l>សូមមើល</p-l> Pastoral Epistles
Patara	[a coastal city in Asia Minor where the Apostle Paul and Luke changed ships (Acts 21:1)] <p-l>ក្រុងប៉ាតារ៉ា។</p-l>
paterfamilias	(the male head of a household) <p-l>បិតាជាមេគ្រួសារ</p-l>
paternity	(the state of being a father) <p-l>បិតុភាព</p-l>
Pathrusites	(a people descended from Mizraim, son of Ham) <p-l>ពួកប៉ាទ្រូស៊ឹម</p-l>
patient	*(adj)* (enduring trying circumstances with even temper) <p-l>អត់ធ្មត់</p-l> patience <p-l>សេចក្តីអត់ធ្មត់។</p-l>
Patmos	(a small Greek island in the Aegean Sea, and the location where the Apostle John received a vision of Jesus) <p-l>កោះប៉ាត់មុំស។</p-l>
Patripassianism	(belief that the Father and the Son are not two distinct persons) <p-l>ទស្សនៈថា ព្រះវរបិតា និងព្រះរាជចបុត្រាដូចគ្នា។</p-l>
patriarch	(person regarded as a father of the human race) <p-l>ឰយុកោ (គ.ប : ឰយុកោ គ.ខ.ប បុព្វបុរស)</p-l> patriarchal *(adj)* <p-l>របស់ពួក-ឰយុកោ។</p-l>
patriarchal age	(the period from Abraham to Jacob) <p-l>សម័យត្រៃឰយុកោ</p-l>
patriarchal covenant	(the covenant between God and Abraham) <p-l>សម្ព័ន្ធមេត្រីរបស់ត្រៃឰយុកោ</p-l>
patriarchal period	<p-l>សូមមើល</p-l> patriarchal age
Patriarchs, the...	(Abraham, Isaac and Jacob are the three Patriarchs of Israel) <p-l>ត្រៃឰយុកោ</p-l> Patriarchal *(adj)* <p-l>របស់ត្រៃឰយុកោ។</p-l>
patriarchy	(a form of social organization in which the male is the head of the family, and kinship is traced through the male line) <p-l>ប្រុសជាមេគ្រួសារឬកុលសម្ព័ន្ធ។</p-l>
patrilocal residence	(the social system where a married couple resides with the husband's parents) <p-l>បិតុដ្ឋាន</p-l> (informal) <p-l>លំនៅញាតិសន្តានខាងឪពុក។</p-l>
Patristic	*(adj)* (relating to the Fathers of the early Christian Church or to their writings) <p-l>របស់ពួកបុព្វបុរសនៃពួកជំនុំដើម។</p-l>
Patristics/patrology	(the study of the early Christian writers who are designated Church Fathers) <p-l>ការសិក្សាពីពួកបុព្វបុរសនៃពួកជំនុំដើម។</p-l>
patron	(a protector or benefactor) <p-l>បរិបាល</p-l>
patron deity	(a spirit who is a guardian or protector of a particular place, person, lineage, nation, culture or occupation) <p-l>អាទិទេពបរិបាល។</p-l>
patronage	(the material support given by a patron) <p-l>ការគាំទ្រ</p-l> (the political support given by a patron) <p-l>សិទ្ធិចាត់តាំង។</p-l>
patronymic	*(adj)* (of a name derived from the father) <p-l>ដែលដាក់តាមឈ្មោះឪពុក</p-l>
pattern	(the arrangement of repeated occurrences in a narrative or in history) <p-l>គំរូ និមិត្តរូប បែបបទ (គ.ប : គំរូ គ.ខ.ប : និមិតរូប គំរូ)។</p-l>
Paul	(reference to the writings of the Apostle Paul) <p-l>សំណេររបស់សាវកប៉ុល</p-l>
Paul, the Apostle....	<p-l>សាវកប៉ុល (គ.ប ប៉ុល គ.ខ.ម ប៉ូល)</p-l>
Pauline	*(adj)* (belonging to the Apostle Paul) <p-l>របស់សាវកប៉ុល</p-l>
Pauline corpus	(the collection of Paul's writings) <p-l>កម្រងការសរសេរបស់សាវកប៉ុល</p-l>
Pauline Epistles, the...	(the NT Letters ascribed to the Apostle Paul) <p-l>សំបុត្រសាវកប៉ុល</p-l>
Pauline thought	(the study of the writings of the Apostle Paul) <p-l>ការសិក្សាគំនិតសាវកប៉ុល</p-l>
Paulinism	(the system of Pauline thought) <p-l>បែបបទការសិក្សាគំនិតសាវកប៉ុល</p-l>
pax	(Latin "peace", is often used to refer to the state of the Roman Empire in its prime) <p-l>សន្តិភាពរ៉ូម (ភាសាឡាតាំង)។</p-l>
Pax Romana	(Latin "Roman Peace" refers to the long period of relative peace experienced by the Roman Empire in the 1 and 2nd Century AD) <p-l>សន្តិភាពរ៉ូម (ភាសា ឡាតាំង)។</p-l>
peace	(state existing during the absence of war) <p-l>សន្តិភាព មេត្រីភាព សេចក្តីសុខសាន្ត</p-l>
peace-offering	(Judaism: a sacrificial meal between the offerer and God) <p-l>ដង្វាយមេត្រី</p-l>
pedestal	(a base that supports a statue or column) <p-l>ជើងទ្រ</p-l>
pejorative	*(adj)* (connotes negativity and expresses contempt) <p-l>ដែលមើលងាយ</p-l>
Pekah, King...	(2 Ki. 15) <p-l>ស្តេចពេកា</p-l>
Pekahiah, King...	(2 Ki. 15) <p-l>ស្តេចពេកាហ៊ា</p-l>
Pelagianism	(heretical belief that original sin did not taint human nature and that the mortal human will is capable of choosing between good and evil without special Divine assistance) <p-l>អញ្ញមត្តិភីឡាហ្គោសនិយម។</p-l>
Pelagius	[a Celtic monk delared a heretic at the Council of Carthage in 418 AD (354420/440 AD)] <p-l>កីឡាហៀស</p-l> Pelagians <p-l>ពួកអញ្ញមតិភីឡាហ្គោសនិយម។</p-l>
Pelagianism	(a belief named after Pelagius, that original sin did not taint human nature and that mortal will is still capable of correctly choosing between good and evil without Divine assistance) <p-l>កីឡាហ្គោសនិយម។</p-l>
Peleg	(son of Eber, son of Shelah) <p-l>ផាលេក</p-l>
Pella	(a city of the Decapolis located in the northern Jordan Valley foothills, and the place of refuge for many persecuted Christians fleeing Jerusalem) <p-l>ក្រុងពេទ្យ។</p-l>
penal	*(adj)* [payable as a penalty (doctrine of penal substitution)] <p-l>ដែលពិន័យ</p-l>
penal law	(law relating to crime and it's punishment) <p-l>ច្បាប់ព្រហ្មទណ្ឌ</p-l>
penal satisfaction	(also know as "Anselmian satisfaction"; a theory of the atonement that Christ's death brings great honour to God, and this surplus of merit can therefore repay our deficit) <p-l>ព្រហ្មទណ្ឌដោយព្រះហឫទ័យ។</p-l>
penal substitution	(Calvinist view of the atonement that sees Christ's death paying the penalty of sin that has always been the moral consequence for sin) <p-l>ព្រហ្មទ័ណ្ឌ ដោយជំនួស។</p-l>
Penance	(Roman Catholicism: a sacrament also known as Reconciliation, involves Contrition, Confession, Absolution and Satisfaction) <p-l>អគ្គសញ្ញាចិត្តនឹកស្តាយ។</p-l>
penalty	(a legal or official punishment) <p-l>ទណ្ឌកម្ម</p-l>
Peniel, City of...	<p-l>ក្រុងកេនីយ៉ែល</p-l>
Peninnah	<p-l>ពេនីណា</p-l>
penitence	(the feeling of regret for one's sins) <p-l>វិប្បដិសារៈ (សេចក្តីនឹកស្តាយក្រោយ)</p-l> penitent (adj) <p-l>ដែលមានវិប្បដិសារៈ</p-l> the penitent <p-l>អ្នកសារភាពទោស</p-l> (male) (n) <p-l>វិប្បដិសារី (អ្នកដែល មានវិប្បដិសារៈជាប្រុស)</p-l> (female) <p-l>វិប្បដិសារិនី (អ្នកដែលមានវិប្បដិសារៈជាស្រី)។</p-l>
penitential psalm	(a psalm that expresses feeling of regret for one's sins) <p-l>ទំនុកតម្កើងវិប្ប ដិសារៈ។</p-l>
Pentateuch	(Greek: the first five books of the Old Testament, from Genesis to Deuteronomy) <p-l>បញ្ចកណ្ឌ</p-l> Pentateuchal (adj) <p-l>នៃបញ្ចកណ្ឌ។</p-l>
Pentecost, Festival of...	(Christianity: festival occurring on Whit Sunday commemorating the descent of the Holy Spirit on the apostles. Judaism: the harvest festival celebrated 50 days after the second day of Passover) <p-l>បុណ្យថ្ងៃទី៥០។</p-l>
pentecostal	(adj) (describing a feature related to the original Feast of Pentecost and the arrival of the Holy Spirit) <p-l>នៃបុណ្យថ្ងៃទី៥០។</p-l>
Pentecostal Church	(a description given to the approximately 700 Pentecostal denominations and independant churches that emerged from the late 19th Century evangelical revival movements in America and Great Britain) <p-l>និកាយពេនទីកុស្ត។</p-l>
Pentecostalism	(a movement that places special emphasis on a direct personal experience of God through a "baptism in the Holy Spirit") <p-l>ចលនាពេនទីកុស្ត</p-l> Pentecostal (a member of the movement) <p-l>សមាជិកនៃចលនាពេនទីកុស្ត។</p-l>
people of God	(OT: Israel, NT: Christians) <p-l>ប្រជានុរាស្ត្ររបស់ព្រះជាម្ចាស់</p-l>
Peraea, District of...	<p-l>ស្រុកពើរា</p-l>
perdition	(final spiritual ruin) <p-l>សេចក្តីហិនវិនាស</p-l> (hell) <p-l>នរក</p-l>
Perez	<p-l>ពេវេស</p-l>
perfect	(vb) (to improve to one's satisfaction) <p-l>ធ្វើឲ្យគ្រប់លក្ខណ៍</p-l>
perfect	(adj) (unblemished, faultless) <p-l>ដែលគ្រប់លក្ខណ៍ ដែលឥតខ្ចោះ</p-l> perfection <p-l>ល្អឥតខ្ចោះ</p-l>
perfect	(adj) (grammar: denoting a tense of verbs used to describe an action completed by the subject) <p-l>ភើហ្វិច</p-l> (informal) <p-l>ដែលបង្ហាញអំពើដែលបានចប់ហើយ។</p-l>
perfecter	(a description applied to the one who completes or removes all blemishes) <p-l>មេសំរេច (គ.បៈ មេសំរេច គ.ខ.បៈ អ្នកបានគ្រប់លក្ខណៈ)។</p-l>
perfection	(the quality of being unblemished, faultless) <p-l>ភាពគ្រប់លក្ខណ៍</p-l>
Perga	(ancient Greek city in Anatolia and the capital of Pamphylia) <p-l>ក្រុងពើកា</p-l>
Pergamum, City of...	<p-l>ក្រុងពើកាម៉ុស</p-l>
perichoresis	[trinitarian theology: a Greek word that describes the relationship between each person of the triune God (Father, Son and Holy Spirit)] <p-l>គង់នៅក្នុងគ្នាទៅវិញទៅមក (ភាសាក្រេក)។</p-l>
pericope	(a passage selected from the Bible) <p-l>អត្ថបទពីព្រះគម្ពីរ</p-l>
periphrasis	(a roundabout way of expressing something) <p-l>និយាយបរិប្រយោគ</p-l>
perish	(vb) (to be destroyed in an untimely manner) <p-l>វិនាសូន្យ (គ.ប : ស្លាប់បង់ គ.ខ.ប : វិនាស សូន្យ)</p-l>
perishable	(adj) (liable to rot or wither) <p-l>ដែលពុករលួយ (គ.ប : ដែលពុករលួយ គ.ខ.ប : រមែងតែងតែ រលួយ) 56 ។</p-l>
Perizzites	(the dwellers of the open country, a Canaanite nation that dwelt in the region south and south-west of Mt. Carmel) <p-l>សាសន៍ពេរិស៊ីត។</p-l>
permanent	(adj) (existing for an indefinite period) <p-l>ជាអចិន្ត្រៃយ៍</p-l>
permissive	(adj) (...will of God) <p-l>ដែលអនុញ្ញាតឲ្យកើតឡើង</p-l>
per se	(adj) (Latin “by or in itself”) <p-l>ដោយខ្លួនវា (ភាសាឡាតាំង)</p-l>
persecute	(vb) (to oppress, harass, maltreat, or persistently bother) <p-l>បៀតបៀន</p-l> persecution <p-l>ការបៀតបៀន។</p-l>
Persepolis	(ceremonial capital of the Archaemenid Empire c. 550-330 BC) <p-l>ក្រុងពើសេប៉ូល</p-l> "Persepolis Treasury Texts" (clay administrative archives found in Persepolis dating to the Persian Achaemenid Empire, giving data from 509 to 457 BC, from the reign of Darius I to Artaxerxes) <p-l>ឯកសារ «រតនាគារទីក្រុងពើសេប៉ូល»។</p-l>
perseverance	(continued steady belief or efforts, withstanding discouragement or difficulty) <p-l>សេចក្តីខ្ជាប់ខ្ជួន [(គ.ប : សេចក្តីទ្រាំទ្រ ការអត់ធន់ សេចក្តីខ្ជាប់ខ្ជួន) (គ.ខ.ប : អត់ធ្មត់ ចេះ ស៊ូទ្រាំ ចិត្តស៊ូទ្រាំ)]។</p-l>
Persia	<p-l>ប្រទេសពីសី (គ.បៈ តើសី គ.ខ.បៈ ពែរ្ស)</p-l> Persian Empire <p-l>ចក្រភពពើសី</p-l>
Persius	[a Roman poet and satirist whose poems and satires show Stoic wisdom and a strong criticism, for the abuses of his contemporaries (34-62 AD)] <p-l>ពើសៀស។</p-l>
Person	(Christology of Christ: focusses upon Christ's characteristics as an individual being) <p-l>អង្គបុគ្គល។</p-l>
Person	(Christology of Christ: as characterized by his body and being) <p-l>អង្គបុគ្គលភាព</p-l>
Person	(Trinitarian Doctrine: that which distinguishes each part of the God head) <p-l>អង្គ</p-l>
personhood	(the status of being a person) <p-l>ភាពជាបុគ្គល</p-l>
personify	(vb) (to give human characteristics to things/ideas) <p-l>ធ្វើបដិរូបកម្ម</p-l> personification <p-l>បដិរូបកម្ម។</p-l>
perspicuity	<p-l>សូមមើល</p-l> clarity
persuasion	(religious outlook) <p-l>ជំនឿ</p-l>
pervert	(vb) <p-l>ធ្វើឲ្យខូច (គ.បៈ បង្វែរ គ.ខ.បៈ : បង្វែរ បង្អួច)</p-l>
perversity	(state of deviating from what is normal, good, or proper) <p-l>ភាពធ្វើឲ្យខិលខូច</p-l>
Pesahim	(the third tractate of the Mishnah and Talmud, concerned mainly with the laws of the Passover) <p-l>ឯកសាររឿងខ្លីៗ ភីសាហ៊ីម ។</p-l>
Pesh.	(abbreviation “Peshitta”) <p-l>ព្រះគម្ពីរភាសាសិរី</p-l>
pesher	(Hebrew "interpretation": from a theory of scriptural interpretation based on the premise that Scripture is written in two levels, the surface for ordinary readers with limited knowledge, the concealed one for specialists with higher knowledge) (pl) <p-l>ភីសា</p-l> pesherin។
Peshitta	(standard version of the Syriac Bible) <p-l>ព្រះគម្ពីរភាសាសឺរី</p-l>
pessimism	(the tendency to expect the worst and see the worst in all things) <p-l>ទុទិដ្ឋិនិយម</p-l>
pestilence	(any epidemic outbreak of a deadly and highly infectious disease) <p-l>ជំងឺអាសន្ន រោគ។</p-l>
Pet.	(abbreviation "Letter of Peter") <p-l>ពេ</p-l>.
Peter, the Apostle...	<p-l>សាវកពេត្រុស (គ.ខ.ស : ពេត្រុស/សិលា)</p-l>
Peter, Gospel of...	(a non-Canonical gospel rejected by the Church Fathers and the Church synods of Carthage and Rome) <p-l>ដំណឹងល្អតាមរយៈសាវកពេត្រុស (ដែល ប្រហែលមិនពិត)។</p-l>
Peter, Letter of...	<p-l>សំបុត្ររបស់ពេត្រុស (គ.ខ.ប : សំបុត្រពេត្រុស/សិលា)</p-l>
Pethor, City of...	<p-l>ក្រុងពេចោរ</p-l>
petition	(vb) (to seek by a formal request) <p-l>ប្តឹងសុំ</p-l> (div) <p-l>ទូលអង្វរ</p-l> (n) <p-l>ការទូលអង្វរ</p-l>
petition	(n) (formal written request) <p-l>បដ្ឋនាលិខិត</p-l> (informal) <p-l>លិខិតអំពាវនាវផ្ញើជូនអាជ្ញាធរ</p-l> (a formal application to a court of law asking for some specific judicial action) <p-l>ពាក្យបណ្តឹង។</p-l>
Petrine	(adj) (belonging to the Apostle Peter) <p-l>របស់សាវកពេត្រុស</p-l>
Pharaoh	(the title of Ancient Egyptian kings) <p-l>ផារ៉ាន</p-l>
pharaonic	(adj) (of the age of the Egyptian Pharaohs) <p-l>នៃសម័យជាធានទូទៅ</p-l>
Pharisee	(a member of the Pharisees, a Jewish religious and political party) <p-l>ផារិស៊ី</p-l>
Pharisees, the...	<p-l>ពួកផារិស៊ី (គ.បៈ : ពួកផារិស៊ី គ.ខ.បៈ : ពួកខាងគណៈផារីស៊ី)</p-l>
Pharisee and the Tax Collector, Parable of the...	<p-l>រឿងប្រៀបប្រដូចពីអ្នកជារីសី និងអ្នកយកពន្ធ</p-l>
Phasael, Tower of...	(one of three towers which protected the main entrance to Jerusalem during Roman rule) <p-l>ប៉មផាសាអេល។</p-l>
phenomenon	(something real perceived by the senses) <p-l>បាតុភូត</p-l> (informal) <p-l>ហេតុដែលកើតមានឡើង យ៉ាងប្រាកដជាក់ស្តែង។</p-l>
phenomenon	(any remarkable occurrence or person) <p-l>ឧប្បាទធម៌</p-l>
Phil.	(abbreviation "Letter to the Philippians") <p-l>ភីល</p-l>.
Philadelphia, City of...	<p-l>ក្រុងភីឡាដិលភា</p-l>
Philemon	<p-l>ភីលេម៉ូន</p-l>
Philemon, Letter to...	<p-l>សំបុត្រដល់ភីលេម៉ូន</p-l>
phileō	(Greek: describing intimate affection, and of liking to do things which are pleas-ant) <p-l>«ហ្វីលេអូ» (ភាសាក្រេក)។</p-l>
Philip	<p-l>ភីលីព</p-l>
Philip, Gospel of...	(a collection of 3rd Century gnostic teachings and reflections discovered at Nag Hammadi in 1945) <p-l>«កណ្ឌដំណឹងល្អភីលីព»។</p-l>
Philippi, City of...	<p-l>ក្រុងភីលីព</p-l>
Philippians, Letter to the....	<p-l>សំបុត្រដល់ពួកភីលីព</p-l>
Philistines	[part of the sea peoples who appeared in the southern coastal area of Canaan at the beginning of the Iron Age (c. 1175 BC)] <p-l>សាសន៍ភីលីស្ទីន ពួកភីលីស្ទីន។</p-l>
Philistia	<p-l>សូមមើល</p-l> Palestine
Phillips, J. B.	[an English clergyman who paraphrased the New Testament in modern English: *The New Testament in Modern English* (1906-1982)] <p-l>បណ្ឌិតហ្វីលីព្យ។</p-l>
Phillips	(The New Testament in Modern English as translated by J.B. Phillips) <p-l>ការបកប្រែ ព្រះគម្ពីរដោយបណ្ឌិតហ្វីលីព្យ (1958)។</p-l>
Philo	(Jewish writer from Alexandria soon after time of Christ) <p-l>ហ្វីឡូ</p-l>
Philologus	(Rom. 16:15) <p-l>ភីឡូឡូក</p-l>
philology	(the scientific analyis of written records and literary texts) <p-l>និរុត្តិសាស្ត្រ</p-l> philologist <p-l>អ្នកនិរុត្តិសាស្ត្រ។</p-l>
philosophy	(the academic discipline concerned with making explicit the nature and significance of beliefs and investigating the intelligibility of concepts by means of rational argument concerning their presuppositions, implications and interrelationships) <p-l>ទស្សនវិជ្ជា។</p-l>
Phinehas	<p-l>ភនេហាស</p-l>
Phm.	(abbreviation "Letter to Philemon”) <p-l>ភី</p-l>.
Phoebe	(Rom. 16:1) <p-l>ភីបេ</p-l>
Phoenicia, Territory of...	<p-l>ស្រុកភេនីស</p-l> Phoenician (language) <p-l>ភាសាភេនីស</p-l> Phoenicians (people) <p-l>ពួកភេនីស។</p-l>
phonetic	(adj) (denoting any perceptible distinction between one speech sound and another) <p-l>ខាងសូរស័ព្ទ។</p-l>
phonetics	(the science concerned with the study of speech processes, including the production, perception and analysis of speech sounds) <p-l>សន្ទសាស្ត្រ។</p-l>
phraseology	(the manner in which words or phrases are used) <p-l>របៀបធ្វើប្រយោគ</p-l>
Phrygia	(a kingdom in the central west part of Anatolia) <p-l>ស្រុកព្រីគា</p-l>
physical	(adj) (as distinct from spiritual) <p-l>ខាងផ្នែកសាច់ឈាម</p-l>
physical	(adj) (as relating to the body, as distinct from mind and spirit) <p-l>ខាងរូបរាង</p-l>
physical	(adj) (as relating to, or resembling material things or nature) <p-l>នៃធម្មជាតិ</p-l>
pictograph	(a picture or symbol standing for a word or group of words) <p-l>រូបភាពដែលជាតំ ណាង-គំនិត។</p-l>
Piel	(Hebrew: a verbal form used to express an intensive type of action) <p-l>ទម្រង់កិរិយាសព្ទដែលបង្ហាញសកម្មភាព (ភាសារហេព្រើរ)។</p-l>
pietism/Pietism	(a reform movement commencing in the German Lutheran Church during the 17 and 18º Century that sought to renew the devotional ideal) <p-l>សេចក្តី គោរពនិយម</p-l> pietist <p-l>អ្នកកាន់សេចក្តីគោរពនិយម។</p-l>
piety	(dutiful devotion to God and observance of religious principles) <p-l>សេចក្តីគោរពចំពោះព្រះជាម្ចាស់។</p-l>
pigeon	<p-l>សត្វព្រាប</p-l>
Pilate	<p-l>សូមមើល</p-l> Pontius Pilate
pilgrim	(person taking a journey to a sacred place, or as an act of religious devotion) <p-l>អ្នកធម្មយាត្រា</p-l> (informal) <p-l>អ្នកធ្វើដំណើរទៅថ្វាយបង្គំព្រះ។</p-l>
pilgrimage	(journey to a sacred place) <p-l>ធម្មយាត្រា</p-l> (informal) <p-l>ការធ្វើដំណើរទៅថ្វាយបង្គំព្រះ</p-l>
pillar	(an upright structure that supports a superstructure) <p-l>បង្គោល បង្គោលសសរ</p-l>
pillory	(n) (a wooden framework into which offenders were locked by the neck and wrists and exposed to public abuse and ridicule) <p-l>បង្គោលចងអ្នកទោសនៅទីសាធារណៈ។</p-l>
Pioneer	(title given to Jesus) <p-l>អង្គត្រួសត្រាយផ្លូវ [(គ.ប : មេ មេផ្តើម) (គ.ខ.ប : ម្ចាស់ ដើមកំណើត)]</p-l>
pious, the...	(people expressing reverence for God) <p-l>អ្នកមានសេចក្តីគោរពចំពោះព្រះជាម្ចាស់</p-l>
Pi-Rameses	(the capital city built by Pharaoh Rameses II of the 19th Dynasty of Egypt) <p-l>ទីក្រុងពី-រ៉ាមស៊ី។</p-l>
Pirathon, City of...	<p-l>ក្រុងពីរ៉ាជូន</p-l>
Pishon	(one of the four rivers out of Eden) <p-l>ទន្លេពិសុន</p-l>
Pisidian Antioch, City of...	<p-l>ក្រុងអាន់ទីយ៉ូកនៅស្រុកពីស៊ីឌា</p-l>
Pit,	the...(a very deep hole which is commonly believed to be Satan's abode) <p-l>ជង្ហុកធំ</p-l>
pitch	(a heavy dark viscid substance obtained as a residue from the distillation of tars) <p-l>ជ័រ67។</p-l>
pitch a tent	(vb) (to set up a temporary shelter) <p-l>ដំឡើងត្រសាល (គ.ប : ដំឡើងត្រលាល គ.ខ.ប : បោះជំរំ)។</p-l>
Pithom, City of...	(ancient Egyptian city mentioned in Ex. 1:11) <p-l>ក្រុងពីជំ</p-l>
plague	<p-l>អាសន្នរោគ</p-l>
plagues of Egypt”	<p-l>អាសន្នរោគជាច្រើននៅស្រុកអេស៊ីព្ទ</p-l>
plain	(a level tract of country) <p-l>វាល ស្រុកវាល វាលរាប</p-l>
plain, cities of the...	<p-l>ទីក្រុងនៅស្រុកវាល</p-l>
plateau	(area of highland, usually flat) <p-l>ខ្ពង់រាប</p-l>
Plato	[a Classical Greek philosopher, mathematician, student of Socrates, writer of philosophical dialogues and founder of the Academy in Athens (424/423-348/347 BC)] <p-l>ប្លាតូ</p-l> Platonic (adj) (relating to Plato) <p-l>នៃប្លាតូ។</p-l>
Platonism	(philosophical systems derived from the philosophy of Plato, which have had profound effect upon Western thought, and many notions adopted by the Christian Church) <p-l>ប្លាតូនិយម។</p-l>
pledge	(vb) (to promise formally or solemnly) <p-l>បញ្ចាំ (គ.បៈ : បញ្ចាំចិត្ត គ.ខ.បៈ : បញ្ចាំ)</p-l>
pledge	(a formal promise or agreement) <p-l>ពាក្យសន្យា</p-l>
pledge	(collateral for the performance of an obligation) <p-l>របស់ដែលប្រកាន់ទុកដើម្បីឲ្យធ្វើតាមសន្យា។</p-l>
plenitude	(condition of being full or complete) <p-l>បុណ្ណភាព</p-l> (informal) <p-l>ភាពពេញបរិបូណ៍</p-l>
Pliny	(lawyer, author and magistrate in Ancient Rome under Emperor Trajan) <p-l>ផ្លាយនី</p-l>
plot	(the story or plan of a narrative) <p-l>ដំណើររឿង</p-l>
plural	(grammar: denoting a word indicating more than one referent is being described) <p-l>ពាក្យពហុវចនៈ។</p-l>
plurality	(the state of being more than one) <p-l>ពហុភាព</p-l>
pluriform	(several forms/mode; of appearance etc) <p-l>ពហុទ្រង់ទ្រាយទម្រង់</p-l>
pneuma	(Greek "breath”or“spirit") <p-l>ភាសាក្រេក ឆ្នើម៉ា (ខ្យល់ ព្រះវិញ្ញាណ វិញ្ញាណ)</p-l>
pneumata	(Greek "spirits”) <p-l>វិញ្ញាណទាំងឡាយ (ភាសាក្រេក)</p-l>
pneumatology	(theology: the study of the Holy Spirit) <p-l>ការសិក្សាព្រះវិញ្ញាណបរិសុទ្ធ</p-l>
pneumatika	(Greek “spiritual things”) <p-l>វត្ថុខាងវិញ្ញាណ (ភាសាក្រេក)</p-l>
Po, River...	(river that flows eastward across northern Italy) <p-l>ទន្លេប៉ូ</p-l>
poetry	(literature in metrical form) <p-l>កំណាព្យ</p-l>
pogrom	(an organized persecution or extermination of an ethnic group, especially of Jews) <p-l>ចលនាសម្លាប់បំបាត់ប្រជាជនពពួកណាមួយ។</p-l>
polemic	(n) (an argument over a doctrine or belief) <p-l>សង្រ្គាមប៉ាកាឬពាក្យសម្តី</p-l>
pollute	(vb) (to contaminate) <p-l>ធ្វើអោយស្លោកគ្រោក (គ.ប : ធ្វើអោយទៅជាស្មោកគ្រោក គ.ខ.បៈ : ធ្វើ អោយជាសៅហ្មង)។</p-l>
polyandry	(the practice or condition of being married to more than one husband at the same time) <p-l>ការមានប្តីច្រើនជាងមួយ។</p-l>
Polybius	[Greek historian of the Hellenistic period, noted for *The Histories* covering in detail the period 220-146 BC (200-118 BC)] <p-l>ផូលីប៊ីអាស។</p-l>
Polycarp	[2nd Century Bishop of Smyrna who died a martyr, burnt at the stake (69-155 AD)] <p-l>ប៉ូលីខាព។</p-l>
polygamy	(the practice of having more than one spouse at a time) <p-l>ពហុពន្ធភាព</p-l> (informal) <p-l>ភាពមានប្រពន្ធឬប្តីច្រើន។</p-l>
polygyny	(the practice or condition of being married to more than one wife at the same time) <p-l>ការមានប្រពន្ធច្រើនជាងមួយ។</p-l>
polytheism	(worship or belief in more than one god) <p-l>ពហុទេពនិយម</p-l> polytheist <p-l>អ្នកពហុទេពនិយម</p-l> (informal) <p-l>អ្នកកាន់ព្រះច្រើន។</p-l>
pomegranate	<p-l>ផ្លែទទឹម</p-l>
Pompey	(a military and political leader of the late Roman Republic, who joined his rival Marcus Licinus Crassus and his ally Julius Caesar in the alliance known as the First Triumvirate, and in 63 BC intervened in a war between Hyracanus II and Aristobulus II, and conquered Jerusalem, bringing Judaea under Roman control) <p-l>មេទ័ពប៉មពី។</p-l>
Pontius Pilate	<p-l>ប៉ុនទាស-ពីឡាត់</p-l>
Pope	(title given to the Roman Catholic Bishop of Rome and leader of the Roman Catholic Church) <p-l>សម្តេចប៉ាប។</p-l>
portent	(a sign or indication of a future event, especially a momentous or calamitous one) <p-l>ប្រផ្នូល។</p-l>
portico	(a covered entrance to a building) <p-l>ដំបូលផ្លូវដើរ</p-l>
Posidonius	[Greek Stoic philosopher, politician, astronomer, geographer, historian and teacher (c. 135-51 BC)] <p-l>ប៉ូស៊ីដូនៀស។</p-l>
posit	(vb) (to put forward as fact or the factual basis for an argument) <p-l>ដាក់ជាឧបធារណ៍</p-l> (informal) <p-l>សន្មតិថាពិត។</p-l>
position	(point of view) <p-l>យោបល់</p-l>
possess	(vb) (to gain control over or dominate, especially with regard to the action of spirits upon human subjects) <p-l>ចូលគ្រប់គ្រង</p-l> possession <p-l>ការចូលគ្រប់គ្រង។</p-l>
Possessor of heaven and earth	(a reference to God as owner and sovereign - Gen. 14:23) <p-l>ម្ចាស់នៃស្ថានសួគ៌ និងផែនដី (គ.ប : ម្ចាស់នៃស្ថានសួគ៌នឹង ផែនដី គ.ខ.ប ព្រះករុណាមានរាជ ឱង្ការ)។</p-l>
post-apostolic period	(period of history immediately after the Apostles) <p-l>សម័យក្រោយពួក សាវក។</p-l>
postdiluvian	(adj) (belonging to the age after the Flood) <p-l>នៃសម័យក្រោយទឹកជំនន់ធំ</p-l>
post-exilic period	(period of history immediately after the Exile) <p-l>សម័យក្រោយនិរទេស</p-l>
post-exilic prophets	[prophets from the period after the Exile (c. 538-332 BC)] <p-l>ហោរាពី សម័យក្រោយនិរទេស។</p-l>
posterity	(future generations) <p-l>បច្ឆាសន្តាន</p-l>
postmillennialism	(the doctrine or belief that the thousand years of Rev. 20 is a period of success for the Gospel before the coming of Christ) <p-l>ក្រោយសហស្សវត្សរ៍និយម (ទស្សនៈថា ព្រះយេស៊ូវនឹងត្រឡប់មកផែនដីក្រោយកំឡុងសន្តិភាពមួយពាន់ឆ្នាំ)។</p-l>
postmodernism	(a school of thought that rejects modernism) <p-l>គំនិតប្រឆាំងនឹងទំនើបនិយម</p-l>
postmodernist	<p-l>អ្នកប្រឆាំងនឹង ទំនើបនិយម។</p-l>
postulate	(something assumed as the basis of an argument) <p-l>ឧបធារណ៍</p-l> (informal) <p-l>សន្មតិថា ពិត។</p-l>
pot	(a container made of earthenware) <p-l>គុក</p-l>
potsherd	(a broken fragment of pottery) <p-l>អំបែងឆ្នាំង</p-l>
Potter's Field	[land bought by the chief priests with Judas' betrayal money (Mt. 27:7-10; cf. Zc. 11:13)] <p-l>វាលជាងស្ងួន។</p-l>
Potter's House	[place where Jeremiah was given a message from the Lord concerning
Judah	(Je. 18:2...)] <p-l>ផ្ទះជាងស្មូន។</p-l>
pottery	(vessels made from earthenware and baked in a kiln) <p-l>កុលាលភាជន៍ (គ្រឿងក្អមឆ្នាំង ពាង)។</p-l>
pound	(monetary unit of considerable value) <p-l>ណែន</p-l>
pour out	(vb) (to cause to flow in a stream issuing from a particular source) <p-l>ចាក់បង្ហូរ (គ.បៈ ចាក់ គ.ខ.ប : ចាក់បង្ហូរ)។</p-l>
poverty	(the condition of being without adequate food, money, etc.) <p-l>ភាពក្រីក្រ [(គ.ប: ការក្រ ក្រីក្រ សេចក្តីកម្រ សេចក្តីកំសត់ សេចក្តីខ្វះខាត សេចក្តីកំសត់ទុគ៌ត សេចក្តីទាល់ក្រ ក្រលំបាក ក្រខ្សត់) (គ.ខ.ប ខ្វះខាត ភាពទុគ៌ត ក្រ ក្រពេក ភាពក្រីក្រ ក្រតោកយ៉ាក កំសត់ទុគ៌ត)]។</p-l>
power	(control or dominion, or a position of control, dominion or authority) <p-l>អំណាច ឥទ្ធិឫទ្ធិ</p-l> (div) <p-l>ព្រះចេស្តា (គ.ប.ព្រះចេត្តា គ.ខ.ប ឫទានុភាព)</p-l> powers (the people or beings who have power) <p-l>ពួកមានអំណាច។</p-l>
Power of the Keys	(alleged power given to the Apostle Peter by Christ to admit or exclude from Church membership according to Roman Catholic interpretation of Mt 16:19) <p-l>អំណាចកូនសោរស្ថានសួគ៌ ។</p-l>
Pr.	(abbreviation "Book of Proverbs") <p-l>សុ</p-l>.
practical application	(the act of applying to everyday life) <p-l>ការអនុវត្តនៅក្នុងជីវិតប្រចាំថ្ងៃ</p-l>
practice	(n) (a customary action or proceeding) <p-l>ទម្លាប់</p-l>
Praetorian Guard	(the force of bodyguards used by the Roman emperors) <p-l>ក្រុមកងរក្សាអង្គ</p-l>
Praetorium	(term used for the Roman emperor's headquarters and other large residential buildings or palaces) <p-l>សាលាជំនុំ។</p-l>
pragmatism	(the doctrine that truth consists only in successful coherence with experience) <p-l>ហេតុការណ៍និយម។</p-l>
praise	(vb) (the rendering of homage and gratitude to a deity) <p-l>សរសើរតម្កើងព្រះ</p-l> (short) <p-l>សរសើរ</p-l> (n) <p-l>ការសរសើរតម្កើងព្រះ</p-l> (short) <p-l>ការសរសើរ។</p-l>
praxis	(the process by which a theory, lesson or skill is enacted, practiced, embodied or realized) <p-l>ការអនុវត្ត។</p-l>
pray	(vb) (to make an earnest entreaty to God) <p-l>អធិស្ឋាន</p-l> prayer <p-l>ការអធិស្ឋាន</p-l>
prayer book	(a book containing prayers and devotional readings for private or communal use, and may contain the liturgy of religious services) <p-l>សៀវភៅអធិស្ឋាន</p-l>
Prayer of Azariah	(a penitential prayer that appears after Dan. 3:23 in the Septuagint) <p-l>សេចក្តីអធិស្ឋានរបស់អំសារា ។</p-l>
Prayer of Manasseh	(from the Apocrypha) <p-l>កណ្ឌសេចក្តីអធិស្ឋាននៃម៉ានាំសេ</p-l>
Prayer of Nabonidus	(name given to three Aramaic Dead Sea Scrolls, describing a Babylonian king afflicted by God with a disease lasting seven years) <p-l>សេចក្តីអ ធិស្ឋាននៃ-ស្តេចណាបូណាឌីស ។</p-l>
preach	(vb) (to make truth known and exhort) <p-l>អធិប្បាយ [(គ.បៈ : ផ្សាយ ប្រកាស ប្រាប់ បង្រៀន ប្រកាសប្រាប់ និយាយ ប្រដៅ ថ្លែងប្រាប់) (គ.ខ.ប: ផ្សាយ ប្រកាស នាំ និយាយ ប្រកាសប្រាប់ជូន ហាមផ្សព្វផ្សាយ)]</p-l> preaching <p-l>ការអធិប្បាយ</p-l> preacher <p-l>អ្នកអធិប្បាយ។</p-l>
Preacher, the...	(the name used by the author of Ecclesiastes to identify himself) <p-l>គ្រូប្រដៅ (គ.ប : គ្រូប្រដៅ គ.ខ.ប សាស្តា)។</p-l>
precative	(adj) (relating to or expressing entreaty or supplication) <p-l>ដែលអង្វរករ</p-l>
precedent	(an example used to justify a later occurrence) <p-l>គំរូដែលធ្លាប់មានពីមុន</p-l>
precept	(a principle for action) <p-l>ការប្រៀនប្រដៅ បញ្ញត្ត</p-l> (div) <p-l>ព្រះឱវាទ (គ.ប. បញ្ញត្ត គ.ខ៥.ប ព្រះ ឱវាទ)</p-l> 70
preceptive will of God	(God's will as revealed through the law) <p-l>បំណងព្រះហ្មទ័យដែលបង្ហាញ តាមរយៈក្រឹត្យវិន័យ។</p-l>
pre-Christian period	(period before the birth of the Church) <p-l>មុនសម័យគ្រីស្ទបរិស័ទ</p-l>
predestine	(vb) (to foreordain) <p-l>សំរេចដោយវាសនា</p-l>
predestination	(the act of God foreordaining every event from eternity) <p-l>បុព្វវាសនា</p-l> (informal) <p-l>កំណត់វាសនាជាមុនគឺព្រះអម្ចាស់សម្រេចចិត្តថាអ្នកណាទៅស្ថានសួគ៌ (គ.ប : ដំរូវទុកជាមុន គ.ខ.បៈ តំរូវទុកជាមុន)។</p-l>
predicate	(grammar: the part of a sentence in which something is asserted or denied of the subject) <p-l>សព្ទបរិវារ ឃ្លាបញ្ជាក់។</p-l>
predicate	(vb) (to base or found an argument) <p-l>ប្រកាសពាក្យមូលការណ៍</p-l>
pre-exilic period	(period immediately before the Exile) <p-l>សម័យមុននិរទេស</p-l>
pre-exilic prophets	(prophets from the period before the Exile) <p-l>ហោរាពីសម័យមុននិរទេស</p-l>
pre-existent	(adj) (exists before Creation) <p-l>ដែលមានជីវិតពីមុនពិភពលោក (គ.ខ.បៈ ដែលមានជីវិត ពីមុនមក)</p-l> pre-existence <p-l>ជីវិតពីមុនពិភពលោក។</p-l>
pre-fallen	(adj) (describing the state of humanity/creation before the Fall) <p-l>នៃគ្រាមុនការធ្លាក់ ចុះទៅក្នុងបាប</p-l> (short) <p-l>នៃគ្រាមុនការធ្លាក់ចុះ។</p-l>
prefect	(formal title of many low to high ranking military or civil officials in the Roman Empire) <p-l>ប្រធានការិយាល័យរដ្ឋបាលនៃនាយកដ្ឋានណាមួយ</p-l> (informal) <p-l>ប្រធាន។</p-l>
prefigure	(vb) (to represent or suggest in advance) <p-l>បង្ហាញមុន</p-l> prefigurement <p-l>ការបង្ហាញមុន</p-l>
prefix	(grammar: an affix that precedes the stem to which it is attached) <p-l>បុព្វបទ</p-l>
pregnant	(carrying a fetus or fetuses within the womb) <p-l>មានផ្ទៃពោះ (គ.ប : មានទំងន់ គ.ខ.ប : មានផ្ទៃពោះ)។</p-l>
prehistoric	(adj) (before the era of recorded history) <p-l>នៃបុរេប្រវត្តិ</p-l> (informal) <p-l>នៃសម័យមុនប្រវត្តិ សាស្ត្រ។</p-l>
pre-incarnate	(adj) (before taking on human form) <p-l>ដែលនៅមុនពេលយកនិស្ស័យជាមនុស្ស</p-l>
premillennialism	(the doctrine or belief that the thousand years of Rev. 20 is a period between the Second Coming and the Final Judgement) <p-l>មុនសហស្សវត្សរ៍និយម (ទស្សនៈថាព្រះយេស៊ូវនឹងត្រឡប់មកផែនដីមុនកំឡុងសន្តិភាពមួយពាន់ឆ្នាំ)។</p-l>
premise	(a statement that is assumed to be true for the purpose of an argument from which a conclusion is drawn) <p-l>សម្តីដំបូង</p-l>
preordain	(vb) (to appoint beforehand) <p-l>តែងតាំងមុន</p-l>
preposition	(grammar: a word or group of words used before a noun pronouns to relate it grammatically or semantically to other constituents of a sentence) <p-l>អាយតនិបាត (ពាក្យសម្រាប់ភ្ជាប់)</p-l>(short) <p-l>ពាក្យភ្ជាប់។</p-l>
prerequisite	(something required as a prior condition) <p-l>តម្រូវការជាមុន</p-l>
prerogative	(an exclusive privilege or right exercised by someone holding a particular office or hereditary rank) <p-l>បុព្វសិទ្ធិ។</p-l>
presbyter	(alternatively “elder”) <p-l>អ្នកចាស់ទុំ (គ.បៈ អ្នកចាស់ មនុស្សចាស់ៗ) (គ.ខ.បៈ អ្នកចាស់ទុំ មនុស្សចាស់)]។</p-l>
presbyterate	(the status or office of a presbyter) (status...) <p-l>ឋានអ្នកចាស់ទុំ</p-l> (office...) <p-l>តួនា ទីអ្នក-ចាស់ទុំ</p-l> (a group of presbyters) <p-l>ពួកអ្នកចាស់ទុំ។</p-l>
Presbyterian Church	(a branch of the Protestant Church that adheres to the Calvinist theological tradition) <p-l>និកាយព្រឹសបេធើរាន។</p-l>
presbyteroi	(Greek "elder”) <p-l>អ្នកចាស់ទុំ (ភាសាក្រេក)</p-l>
prescribe	(vb) (to lay down a rule or directive) <p-l>បង្គាប់</p-l> prescription (n) <p-l>ការបង្គាប់</p-l>
Presence	(the proximity of God) <p-l>ព្រះវត្តមាន</p-l>
present/present tense	(grammar: verb form indicating continuity) <p-l>ទម្រង់កិរិយាសព្ទបច្ចុប្បន្នកាល (វេយ្យាករណ៍)។</p-l>
preside	(vb) (to hold a position of authority over a meeting) <p-l>ធ្វើជាប្រធាន ធ្វើជាអធិបតី</p-l>
president	(the person who leads the service/celebration of the Lord's Supper) <p-l>អតិបតី</p-l>
presume	(vb) (to take something for granted) <p-l>ស្មានជាមុន</p-l> presumption <p-l>ការស្មានជាមុន</p-l>
presumption	(belief or assumption based on reasonable evidence) <p-l>សច្ចធារណ៍</p-l> (informal) <p-l>ការសន្មតិថា។</p-l>
presupposition	(a necessary prior condition required to be satisfied for a statement to be true or false) <p-l>ការប៉ាន់ស្មានមុន។</p-l>
pre-temporal	(adj) (an indirect description of things that existed prior to this world) <p-l>មុនសម័យ-លោកិយ។</p-l>
preterism	(eschatology: a view that interprets bibical prophecies as events which have already happened) <p-l>ទស្សនះទំនាយបានកើតឡើងហើយ។</p-l>
prevail	(vb) (to prove superior) <p-l>យកឈ្នះ</p-l>
prevenience	(state of coming before) <p-l>ការមានមកជាមុន</p-l>
prevenient grace	(grace that precedes, or is anticipated) <p-l>ព្រះគុណដែលមកជាមុន</p-l>
pride	(excessive self esteem; conceit) <p-l>សេចក្តីអំនួត</p-l>
priest	(OT: a man appointed by God to act as mediator between God and the people of Israel) <p-l>សង្ឃ។</p-l>
priest	(Judaism: a descendant of the family of Aaron who had certain privileges in the Temple) <p-l>សង្ឃ [គ.ប : សង្ឃ (គ.ខ.បៈ : បូជាចារ្យ លោកបូជាចារ្យ) គ.គ.ខ: សង្ឃ]</p-l> priestly (adj) <p-l>បែបសង្ឃ។</p-l>
Priest	(Jesus in his priestly role) <p-l>អង្គសង្ឃ</p-l>
priesthood	(the office of a priest) <p-l>ការងារជាសង្ឃ (គ.ប: ការងារជាសង្ឃ គ.ខ.ប : មុខងារជា បូជាចារ្យ)។</p-l>
priesthood	(a group of priests) <p-l>ពួកសង្ឃ (គ.បៈ ដំណែងងារជាសង្ឃ គ.ខ.បៈ : តំណែងជាបូជាចារ្យ)។</p-l>
priest-king	(roles of the Messiah) <p-l>សង្ឃជាមហាក្សត្រ</p-l>
Priestly Code, the...	(the body of Laws in the Torah which do not form part of the Holiness Code, the Covenant Code, the Ritual Decalogue, or the Ethical Decalogue) <p-l>ក្រមសង្ឃ។</p-l>
priestly religion	(religion under the direction and authority of the priests) <p-l>សាសនាតាមរយៈ ពួកសង្ឃ។</p-l>
Priestly source	(one of the four major sources of the Torah, as postulated by "The Documentary Hypothesis”) <p-l>ប្រភពខាងសង្ឃ។</p-l>
priests and levites”	<p-l>ពួកសង្ឃ និងពួកលេវ</p-l>
prima facie	(adj) (Latin "at first sight" or "as it first seems”) <p-l>ពេលមើលគ្នាជាលើក ដំបូង (ភាសាឡាតាំង)។</p-l>
primacy	(the state of being first in rank) <p-l>បឋមភាពល្អដាច់គេ/បឋមកំពូល</p-l>
primary	(state of being first in rank) <p-l>អំណាចកំពូល</p-l>
primary source	(material, generally written, that is closest to the person, information, period, or idea being studied) <p-l>ឯកសារដើម។</p-l>
primer	(a Christian devotional book popular among Christians of Northern Europe during the Middle Ages) <p-l>សៀវភៅអធិស្ឋាន។</p-l>
primitive	(adj) (belonging to the Church of the Apostles) <p-l>នៃពួកជំនុំដំបូងរបស់ពួកសាវក</p-l>
primitive church	(Church of the Apostles) <p-l>ពួកជំនុំដំបូងរបស់ពួកសាវក</p-l>
primitive community	(a reference to one of the groups/communities who are the alleged intended audience of each of the gospels) <p-l>សហគមន៍ដើមដែលគួរទទួលកណ្ឌដំណឹងល្អ</p-l> (short) <p-l>សហគមន៍ដើម</p-l>
prince	(anon-reigning male member of a sovereign family) <p-l>នាម៉ឺន ចៅហ្វាយ (គ.បៈ នាម៉ឺន ចៅហ្វាយ គ.ខ.បៈ : មន្ត្រី)។</p-l>
prince of the/this world	(indirect reference to Satan) <p-l>ចៅហ្វាយរបស់លោកិយនេះ</p-l>
priority	(the condition of being before e.g. "Markan priority" is the theory that Mark is the first gospel) <p-l>ភាពកើតមុន។</p-l>
Prisca	<p-l>ព្រីស៊ីល</p-l>
Priscilla	<p-l>នាងព្រីស៊ីល</p-l>
prison	(a place of confinement) <p-l>គុក (គ.ប : គុក គ.ខ.ប : មន្ទីរឃុំឃាំង)</p-l>
Prison Epistles, the...	(the letters written by Paul while he was in prison) <p-l>សំបុត្រដែលប៉ូលបាន សរសេរនៅក្នុងគុក</p-l> (short) <p-l>សំបុត្រគុក។</p-l>
privation	(hardship resulting from lack of the necessities of life) <p-l>ការខ្វះនូវភាពចាំបាច់នៃជីវិត</p-l>
proceed	(vb) (to emerge or to originate) (div) <p-l>យាងមក</p-l> procession <p-l>ការយាងមក</p-l>
process	(a series of actions that produce change) <p-l>ដំណើរការ</p-l>
process theology	(theology proceeding from the foundation that it is an essential attribute of God to affect and be affected by temporal processes) <p-l>ទេវសាស្ត្រដំណើរការ។</p-l>
proclaim	(vb) (to announce publicly) <p-l>ប្រកាស</p-l> proclamation <p-l>សេចក្តីប្រកាស (គ.ខ.បៈ : ពាក្យ ដែលប្រកាស)</p-l>
proconsul	(a governor of a province of Ancient Rome) <p-l>អ្នកតំណាងសាសន៍រ៉ូម [(គ.ប អ្នក តំណាងជាតិរ៉ូម អ្នកតំណាងសាសន៍រ៉ូម) គ.ខ.ប: រាជប្រតិភូរបស់ព្រះចៅអធិរាជរ៉ូមាំង]</p-l> proconsulship <p-l>ភាពជាតំណាងសាសន៍រ៉ូម។</p-l>
Proconsular Africa	(Roman province, comprising present-day northern Tunisia and the coast of Western Libya) <p-l>ខេត្តអាហ្វ្រិកនៃរាជប្រតិភូ។</p-l>
procreate	(vb) (to beget offspring) <p-l>បង្កើតកូន</p-l> procreation <p-l>ការបង្កើតកូន</p-l>
procurator	(civil official of the emperor's administration, usually employed in a minor province) <p-l>រដ្ឋអាជ្ញា។</p-l>
Prodigal Son, Parable of the...	<p-l>រឿងប្រៀបប្រដូចកូនពៅវង្វេង</p-l>
profane	(vb) (to show irreverence or disrespect for God/a god or something sacred) <p-l>បង្អាប់។</p-l>
profane	(adj) (not designed or used for religious purposes) <p-l>ក្រៅសាសនា</p-l>
profane, the...	(a reference to those things which are not holy, that is, not set apart for God) <p-l>អ្វីៗដែលអត់បរិសុទ្ធ។</p-l>
profess	(vb) (to affirm or announce a particular belief) <p-l>ទទួលស្គាល់ជាសាធារណៈ</p-l>: profession <p-l>ការទទួលស្គាល់ជាសាធារណៈ។</p-l>
profound	(adj) (penetrating deeply into subjects or ideas, often used to describe an attribute of God) <p-l>ជ្រាលជ្រៅ</p-l> profundity (n) <p-l>ភាពជ្រាលជ្រៅ។</p-l>
progeny	(the immediate descendants of a person or animal) <p-l>កូនចៅ លទ្ធផល</p-l>
progressive revelation	(concept that the sections of the Bible that were written later contain a fuller revelation of God compared to the earlier sections) <p-l>ជំហាននៃការបើក សម្តែង។</p-l>
prohibit	(vb) (to forbid by law or other authority) <p-l>ហាមឃាត់</p-l> prohibition (vb) <p-l>ការហាមឃាត់ បម្រាម</p-l> prohibitive (adj) (tending to prohibit) <p-l>បែបបម្រាម។</p-l>
prolegomena	(a preliminary discussion introducing a work of considerable length or complexity) <p-l>បុព្វយោគ</p-l> (informal) <p-l>ពាក្យចាប់ផ្តើម។</p-l>
prologue	(an introductory scene in which a narrator summarizes the main action of the work) <p-l>បុរេកថា។</p-l>
promise	(vb) (to give an assurance to undertake something in the future) <p-l>សន្យា</p-l> (n) <p-l>សេចក្តី សន្យា។</p-l>
Promise to Fulfillment	(the title of the sixth subject of the Moore Theological College Correspondence Course) <p-l>«ពីការសន្យាទៅដល់ការសម្រេច»។</p-l>
Promised Land	(the Land of Canaan, promised by God to Abraham and his heirs) <p-l>ទឹកដី សន្យា។</p-l>
promissory	(adj) (containing, relating to, or having the nature of a promise) <p-l>ដែលសន្យា ដែលមានលក្ខណៈនៃសេចក្តីសន្យា ដែលមានទម្រង់នៃសេចក្តីសន្យា។</p-l>
promulgate	(vb) (to put a law or decree into effect) <p-l>ប្រកាសអោយប្រើ</p-l>
pronounce	(to proclaim officially and solemnly, especially in relation to the words of prophets) <p-l>ប្រកាស។</p-l>
proof	(statements that establish the truth of a proposition) <p-l>សេចក្តីអះអាង សម្រាយបញ្ជាក់</p-l>
proof	(evidence that helps to establish the truth or validity of something) <p-l>ភស្តុតាង តឹកតាង</p-l>
proof	(printing: a trial impression made from composed type for the correction of errors) <p-l>សំណៅ។</p-l>
proper noun	(the name of a specific person, place or object) <p-l>អសាធារណៈនាម</p-l>
prophecy	(prophetic literature found in the Bible) <p-l>អក្សរសាស្ត្របែបទំនាយ</p-l>
prophecy	(gift of) <p-l>អំយមានខាងទំនាយ</p-l>
prophesy	(vb) (to reveal or foretell by divine inspiration) <p-l>ទាយ</p-l> prophecy (n) <p-l>ទំនាយ</p-l>
prophetic	(adj) <p-l>ដែលទាយទុកជាមុន។</p-l>
prophet	(someone who speaks by divine inspiration) <p-l>ហោរា (គ.ប: ហោរា គ.ខ.បៈ : ព្យាការី)</p-l>
prophetess	<p-l>ហោរាស្រី។</p-l>
Prophet, the...	(a description of Jesus based on a reference to Deut. 18:18) <p-l>ព្រះហោរា (គ.ប : ហោរា គ.ខ.ប : ព្យាការី)។</p-l>
Prophetic Books	(consist of the Major and Minor Prophets) <p-l>កណ្ឌព្រះគម្ពីរខាងហោរា</p-l>
prophetic circles	(groups of people who consider prophets to be active and have a significant role in the contemporary Church) <p-l>មនុស្សដែលគិតថា ហោរាមានតួនាទីសំខាន់ ក្នុងពួកជំនុំបច្ចុប្បន្ន។</p-l>
prophetic religion	(religion under the direction and authority of the prophets) <p-l>សាសនាតាមរយៈ-ពួកហោរា។</p-l>
Prophets	(the recognized writings of the OT prophets; the OT apart from the Writings) <p-l>គម្ពីរពួកហោរា។</p-l>
propitiate	(vb) (to turn away wrath by an offering) <p-l>ថ្វាយតង្វាយឲ្យរួចពីសេចក្តីក្រោធ</p-l> propitiation <p-l>ការថ្វាយតង្វាយឲ្យរួចពីសេចក្តីក្រោធ (គ.បៈ : ទឹសន្តោសប្រោស ថ្វាយដង្វាយឲ្យធួន ដង្វាយ ធួន) (គ.ខ.ប : យញ្ញបូជាសំរាប់លោះ រំដោះឲ្យរួច ការបូជាព្រះជន្មដើម្បីលោះ)]</p-l> propitiatory (adj) <p-l>នៃការថ្វាយតង្វាយឲ្យរួចពីសេចក្តីក្រោធ។</p-l>
propitious	(adj) (favourable, auguring well) <p-l>ដែលអំណោយផលល្អ</p-l>
proposition	(the content of a statement that affirms or denies something and is capable of being true or false) <p-l>សេចក្តីអះអាង</p-l> propositional (adj) <p-l>ដោយសេចក្ដីអះអាង។</p-l>
propriety	(the quality or state of being appropriate rationally or fitting) <p-l>បែបបទ</p-l> (concerning morality) <p-l>ភាពមានហេតុផល</p-l> (concerning a situation) <p-l>ភាពសម។</p-l>
prose	(written languages in ordinary usage, distinguished from poetry) <p-l>ពាក្យរាយ</p-l>
prosecutor	(a person who conducts legal proceedings, especially in a criminal court) <p-l>រាជ អាជ្ញា។</p-l>
proselyte	(a person newly converted to a religious faith or sect) <p-l>អ្នកចូលសាសនាថ្មី [(គ.បៈ មនុស្ស ចូលកាន់សាសនា អ្នកចូលសាសន៍ គ.ខ.បៈ : មនុស្សចូលសាសនា)]។</p-l>
prosody	(the patterns of stress and intonation in a language) <p-l>របៀបសង្កត់សំឡេង និងបន្លំ សំឡេង។</p-l>
prosperity	(the condition of success or wealth) <p-l>ភាពចម្រុងចម្រើន (គ.បៈ : សេចក្តីចំរើន)</p-l>
prosperity theology	(doctrine that material blessing is the will of God for Christians) <p-l>ទេវសាស្រ្តចំរុងចម្រើន។</p-l>
prostitute	(a woman who engages in sexual intercourse for money) <p-l>ស្ត្រីពេស្យា (គ.ប : ស្រី សំផឹង គ.ខ.ប : ស្ត្រីពេស្យា)។</p-l>
protagonist	(the principal person) <p-l>តួអង្គសំខាន់ជាងគេ</p-l>
Protector	(div) (a description applied to God emphasizing his role in defending from trouble, harm, attack, etc.) <p-l>ព្រះអង្គការពារ។</p-l>
Protestant	(adj) (describing that belonging to the part of Western Christendom that separated from the Roman Catholic Church in the 16th Century) <p-l>នៃគណប្រូតេស្តង់។</p-l>
prothesis	(linguistics: a process in the development of a language by which a phoneme or syllable is prefixed to a word to facilitate pronunciatiation) <p-l>ការបន្ថែមសទ្ទខាង ដើមពាក្យ។</p-l>
prothesis	(grammar: the antecedent of a conditional statement) <p-l>ពាក្យឬឃ្លាដែលមាននៅខាង ដើមនៃការថ្លែងដែលមានលក្ខខណ្ឌ។</p-l>
protoevangelium	(a messianic interpretation of a text, that reveals man's ultimate triumph over sin through a coming Savior) <p-l>ការកាត់ស្រាយអត្ថបទដែលបង្ហាញជ័យជំនះ របស់មនុស្សលោកលើបាបដោយព្រះអង្គសង្គ្រោះ។</p-l>
Proto-Sinaitic script	(a Middle Bronze Age script attested in a small number of inscriptions at Serabit el-Khadim in the Sinai Peninsula) <p-l>អក្ខរៈសីណាយដំបូង។</p-l>
prototype	(a person or a thing that serves as an example of a type) (person...) <p-l>បុគ្គលគំរូដើម</p-l>
(thing...)	<p-l>គំរូដើម។</p-l>
proud	(adj) (pleased or satisfied, as with oneself, one's possessions, achievements, etc.) <p-l>មានឫកខ្ពស់ (គ.ប : មានឫកខ្ពស់ ឆ្មើងឆ្មៃ គ.ខ.ប : មានអំនួត)។</p-l>
provenance	(place of origin) <p-l>កន្លែងដើមដំណើត</p-l>
Proverbs, Book of...	<p-l>កណ្ឌសុភាសិត</p-l>
providence	(God's foreseeing protection and care of his creatures) <p-l>ទិព្វញ្ញាណនៃព្រះជាម្ចាស់</p-l> (short) <p-l>ទិព្វញ្ញាណ</p-l> (informal) <p-l>ការថែរក្សា និងឧបត្ថម្ភនៃព្រះជាម្ចាស់</p-l> (short) <p-l>ការផ្គត់ផ្គង់។</p-l>
province, ecclesiastical...	(a large jurisdiction of religious government, led by an archbishop) <p-l>ខេត្តនៃពួកជំនុំ។</p-l>
provision	(the act of supplying or providing for) <p-l>ការផ្គត់ផ្គង់</p-l> (div) <p-l>ព្រះរាជទាន</p-l>
provision	(law: a stipulation or condition formally incorporated in a document) <p-l>លក្ខខណ្ឌ</p-l>
provisions	(food and other necessities) <p-l>ស្បៀងអាហារ</p-l>
prowl	(to move stealthily around as if in search of prey or plunder) <p-l>ក្រវែល</p-l>
prudence	(caution in practical affairs) <p-l>គំនិតវាងវៃ (គ.ប : គំនិតវាងវៃ គ.ខ.បៈ: ការពិចារណា)</p-l>
Ps./Pss.	(abbreviation "Book of Psalms”) <p-l>ទំនុក. (គ.ប: ទំនុកដំកើង គ.ខ.បៈ : ទំនុកតម្កើង)</p-l>
psalm	(any of the songs, poems and prayers that constitute the Book of Psalms) <p-l>ទំនុក ដំកើង។</p-l>
Psalmist, the...	(an author of the Psalms) <p-l>អ្នកនិពន្ធកណ្ឌទំនុកដំកើង</p-l>
Psalms, Book of...	<p-l>កណ្ឌទំនុកដំកើង</p-l>
Psalms of Solomon	(a group of eighteen psalms from the Pseudepigrapha that are not part of any scriptural canon) <p-l>ទំនុកដំកើងរបស់សាឡូម៉ូន ។</p-l>
Psalter, the...	(the Book of Psalms) <p-l>កណ្ឌទំនុកដំកើង</p-l>
Psammetichus I	(a pharaoh of the 26th Dynasty of Egypt, who ruled 664-610 BC, won Egypt's independance from the Assyrian Empire and restored Egypt's prosperity) <p-l>ផាធាន សាំម៉េទីគូសទី១។</p-l>
Psammetichus II	(a pharaoh of the 26th Dynasty of Egypt, who ruled 595-589 BC, when he launched a military expedition into Palestine to quell a general revolt against the Babylonians that involved King Zedekiah of Judah) <p-l>ជាធាន សាំម៉េទីគូសទី២។</p-l>
Psammetichus III	(the last pharaoh of the 26th Dynasty of Egypt who ruled 526-525 BC when he was defeated by the Persians) <p-l>ផារ៉ាន សាំម៉េទីគូសទី៣។</p-l>
Pseudepigrapha	(numerous works of Jewish religious literature written c. 200 BC to 200 AD) <p-l>ក្រមស៊ូដេភីក្រាហ្វា។</p-l>
pseudonym	(fictitious name adopted by an author) <p-l>នាមក្លែង</p-l> pseudonymity <p-l>ការប្រើនាមក្លែង</p-l>
pseudonymous	(adj) <p-l>ដែលប្រែនាមក្លែង។</p-l>
Psusennes I	(the third pharaoh of the 21st Dynasty of Egypt who ruled from Tanis 10471001 BC) <p-l>ផារោន ស៊ូស៊ែននីសទី១។</p-l>
Psusennes II	(the last pharaoh of the 21" Dynasty of Egypt who ruled 967-943 BC) <p-l>ជា ប៉ានស៊ូស៊ែននីសទី២។</p-l>
psyche	(Greek "the totality of the human mind, conscious and unconscious”) <p-l>ព្រលឹង (ភាសាក្រេក)។</p-l>
psychoanalysis	(a method of studying the mind and treating mental and emotional disorders based on the role of the unconscious mind) <p-l>មនោវិភាគ។</p-l>
psychology	(the scientific study of behaviour) <p-l>ចិត្តសាស្ត្រ</p-l> psychological (adj) <p-l>នៃចិត្ត សាស្ត្រ។</p-l>
psychosomatic	(adj) (relating to disorders, thought to be caused or aggravated by psychological factors) <p-l>នៃជំងឺដែលបណ្តាលមកពីចិត្តរោគ។</p-l>
psychosomatic unity	(view that man is a unitary being, that the physical, mental and spiritual aspects of humanity are interwoven) <p-l>ទស្សនៈថា រូបកាយ គំនិត និងវិញ្ញាណ របស់មនុស្ស-បញ្ចូលគ្នា។</p-l>
psychotherapy	(the treatment of mental disorder by psychological rather than medical means) <p-l>ចិត្តសាស្ត្រ។</p-l>
Ptolemaic dynasty	(Greek royal family who ruled the Ptolemaic Empire in Egypt during the Hellenistic period, 305-30 BC) <p-l>សន្តតិវង្សថូលេមី។</p-l>
Ptolemy	(name of 14 Macedonian kings who ruled in Egypt) <p-l>ផារ៉ាន ថុលេមី</p-l>
Ptolemy I Soter	(a Macedonian general under Alexander the Great who became ruler of Egypt 323-283 BC and founder of the Ptolemaic Kingdom and Ptolemaic Dynasty who took the title of Pharaoh in c. 304 BC) <p-l>ជាប៉ាន ថូលេមីទី១ សូធើរ។</p-l>
Ptolemy II Philadelphus	(the second ruler of Ptolemaic Egypt, ruling from 283-246 BC) <p-l>ផារោនចូលេមីទី២ កីឡាដែលហ៊ូស។</p-l>
Ptolemy III Euergetes	(the third ruler of Ptolemaic Egypt, ruling from 246-222 BC) <p-l>ផាធានចូលមីទី៣ យូអើហ្គីធីស។</p-l>
Ptolemy IV Philopater	(fourth pharaoh of Ptolemaic Egypt, ruling from 221-205 BC when the decline of the Ptolemaic Kingdom began) <p-l>ផារ៉ានថូលេមីទី៤ ភីឡូប៉ាធើរ។</p-l>
Ptolemy V Epiphanes	(son of Ptolemy IV Philopater, the fifth pharaoh of the Ptolemaic Dynasty who ruled 204-181 BC) <p-l>ផាប៉ានថូលេមីទី៥ អេពីហ្វេន។</p-l>
Ptolemy VII Euergetes	[actually the eighth pharaoh of the Ptolemaic Dynasty (c. 184-117 BC)] <p-l>ផាធានចូលេមីទី៧ យូអ៊ីហ្គីធីស។</p-l>
Ptolemy, son of Mennaeus	(Tetrarch of Iturea and Chalcis c. 85-40 BC) <p-l>ស្តេចចូលេមីមេណាអៀស។</p-l>
Ptolemaic Egypt	(Egypt under the rule of the Ptolemaic Dynasty) <p-l>ស្រុកអេស៊ីព្ទក្រោមអំណាច សន្តតិវង្សថូទេបមី។</p-l>
puberty rite	(ceremony marking adolescence) <p-l>ពិធីគ្រប់អាយុ</p-l>
publican	(Ancient Rome: a public contractor who often farmed the taxes of a province) <p-l>អ្នកយកពន្ធ។</p-l>
Pugat	(a character in the North Canaanite epic *Aqhat*) <p-l>ពូហ្គាត</p-l>
Punic	(N African civilization, based in Carthage, 5<sup>th</sup>-2<sup>nd</sup> Century BC) <p-l>អារ្យធម៌ភូនីក</p-l>
punishment	(penalty giver for crine or offence) <p-l>ទណ្ឌកម្ម (គ.បៈ : ទោស គ.ខ.ប : ទោស)</p-l>
punitive	(adj) (relating to the intention of inflicting punishment) <p-l>សំរាប់ដាក់ទណ្ឌកម្ម</p-l>
Purgatory	(Roman Catholicism: a place in which the souls of those who have died in a state of grace are believed to undergo a limited amount of suffering to expiate their venial sins and be purified of the effects of mortal sins) <p-l>ស្ថានជំរះបាប។</p-l>
purify	(vb) [to make clean (from sin or guilt)] <p-l>សំអាតឲ្យបរិសុទ្ធ [(គ.បៈ បានសំអាត ញែកជាបរិសុទ្ឋ សំអាត) (គ.ខ.បៈ : អោយបានវិសុទ្ឋ ជំរះអោយបរិសុទ្ធ ជំរះ)]</p-l> purification <p-l>ការសំអាតឲ្យបរិសុទ្ធ</p-l>
purificatory	(adj) <p-l>ដែលសំអាតឲ្យបរិសុទ្ធ។</p-l>
Puritans	(a significant group of English Protestants in the 16th and the 17th Century) <p-l>ក្រុម ពូរីតាន់។</p-l>
purity	(free from moral taint or defilement) <p-l>ចិត្តស្អាត</p-l> pure (adj) <p-l>សុទ្ធ បរិសុទ្ធ</p-l> purest (adj) <p-l>វិសុទ្ធ។</p-l>
purity	(state of being free from tainting or polluting matter) <p-l>ភាពបរិសុទ្ធ</p-l>
purpose	(fixed intention in doing something) <p-l>គោលបំណង</p-l> (div) <p-l>ព្រះរាជបំណង (គ.បៈ : ព្រះដំរិះ គ.ខ.បៈ : ព្រះតំរិះ) ។</p-l>
Put	(son of Ham) <p-l>ពូត</p-l>
Put	(N African province associated with ancient Libya) <p-l>ខេត្តពូត</p-l>
Q	(a hypothetical written source for the Gospel of Matthew and the Gospel of Luke) <p-l>ប្រភព- យ្យ» (ឯកសារសាស្ត្រាចារ្យខ្លះបញ្ជាក់ថា ជាប្រភពនៃកណ្ឌដំណឹងល្អម៉ាថាយ និងលូកា)។</p-l>
Qarqar, town of...	(site of one of the most important battles of the ancient world, when in 853 BC the army of Assyria fought an alliance of twelve kings including Israel) <p-l>ក្រុងកាការ។</p-l>
Qatna	(an archaeological site in the Wadi il-Aswad, a tributary of the Orentes River, in modern Syria) <p-l>តំបន់កាត់ណា។</p-l>
QH	(abbreviation "Qumran Hebrew Scrolls”) <p-l>រមូរក្រដាសសមុទ្រស្លាប់ភាសាហេព្រើរ</p-l>
Qiddush/kiddush	(literally Hebrew for "sanctification": a blessing recited over wine to sanctify the Sabbath and Jewish holidays) <p-l>ហ្គីតឌូស (ភាសាហេព្រើរ)។</p-l>
qorban	(Hebrew "that which is brought near") <p-l>គ័របាន (ភាសាហេព្រើរ)</p-l>
QS	(abbreviation "Qumran Scrolls" or "Dead Sea Scrolls") <p-l>រមូរក្រដាសសមុទ្រស្លាប់</p-l>
quail	<p-l>សត្វក្រូច</p-l>
qualify	(vb) (to add additional information in order to clarify a statement) <p-l>ដាក់ព្រំដែន</p-l>
qualitative	(adj) (involving or relating to distinction of quality) <p-l>ដែលទាក់ទងជាមួយគុណភាព</p-l>
quantitative	(adj) (involving or relating to considerations of amount or size ) <p-l>ដែលទាក់ទង ជាមួយបរិមាណ ឬចំនួន</p-l> (short) <p-l>ខាងបរិមាណ ឬចំនួន។</p-l>
Quaternary	(a subdivision of geological time which follows the Tertiary period and covers approximately the last 2.5 million years up to the present day) <p-l>យុគហ្គាត ធើរណេរី។</p-l>
Quatna	(also known as Tel el-Mishrife, an archaeological site in Syria) <p-l>ខាត់ណា</p-l>
queen	(female sovereign who may be ruler of an independant state) <p-l>មហាក្សត្រី (គ.បៈ : មហាក្សត្រី គ.ខ.បៈ : ព្រះមហាក្សត្រិយានី)</p-l>
quick	(adj) (Old English "alive, living") <p-l>មានជីវិត</p-l>
quicken	(vb) (to make or become alive) <p-l>ធ្វើឲ្យឡើង</p-l>
quid pro quo	(Latin "a reciprocal exchange”) <p-l>អ្វីប្តូរស្មើគ្នា (ភាសាឡាតាំង)</p-l>
Quirinius, Publius Sulpicius	[a Roman aristocrat appointed legate governor of Syria, to which the province of Judaea had been added for the purpose of a census (c. 51BC-21AD)] <p-l>ចៅហ្វាយគឺរេនាស។</p-l>
Qumran	( archaeological site of a settlement nearest to the caves where the Dead Sea Scrolls were discovered) <p-l>គុមរ៉ាន់</p-l> Qumran sect <p-l>ពួកគុមរ៉ាន់។</p-l>
Qumran	(the point of view as presented in the scrolls found at this place) <p-l>រមូរក្រដាស គុមរ៉ាន់។</p-l>
quote	(vb) (to take from a source) <p-l>ស្រង់យក</p-l> quotation (n) <p-l>ការស្រង់ ខយោងស្រង់</p-l>
Qur'an	<p-l>សូមមើល</p-l> Koran <p-l>គម្ពីរកូរ៉ាន</p-l>
q.v.	(Latin abbreviation *quod vide*: used after a term or phrase that should be looked up elsewhere in the current document) <p-l>ចូលមើល (ភាសាឡាតាំង)។</p-l>
R.	(abbreviation "Rabbi") <p-l>លោកគ្រូសាសនាយូដា</p-l>
Raamah	(son of Cush) <p-l>រ៉ាម៉ា</p-l>
Ra'amses, City of...	<p-l>ក្រុងរ៉ាមសេស</p-l>
Rabbi	(Hebrew "teacher”) <p-l>រ៉ាប៊ី (ភាសាហេព្រើរ លោកគ្រូ )</p-l>
rabbi	(Judaism: a man qualified to teach in accordance with traditional religious law) <p-l>លោកគ្រូសាសនាយូដា</p-l> (vocative "teacher”) <p-l>លោកគ្រូ (គ.ប: លោកគ្រូ គ.ខ.ប : ព្រះគ្រូ)</p-l>
rabbinic/rabbinical	(adj) <p-l>របស់ពួកគ្រួសាសនាយូដា។</p-l>
rabbinic/rabbinical	(adj) (<p-l>សូមមើល</p-l> rabbinism) <p-l>នៃរ៉ាប៊ីនិយម</p-l>
rabbinical schools	(places where learned Jewish men gathered to study and discuss the Law) <p-l>សាលារ៉ាប៊ីនិយម។</p-l>
Rabbinism Rabbinic Judaism	(the mainstream form of Judaism since 6th Century AD, after the codification of the Talmud, that places emphasis upon the Oral Law as transmitted to Moses at Mt. Sinai at the same time as the written Law) <p-l>រ៉ាប៊ីនិយម។</p-l>
Rachel	<p-l>នាងរ៉ាជែល</p-l>
radical	(adj) (tending towards extreme or fundamental change) <p-l>អច្ឆន្តិ</p-l> (informal) <p-l>ដែលប្តូរផ្លាស់យ៉ាងធំទូលាយ។</p-l>
radical	(linguistics: another word for "root") <p-l>មូលសព្វ</p-l>
radicalism	(a movement favouring or tending to produce extreme or fundamental changes in political, economic or social conditions, institutions or human habits) <p-l>មូល វិរដ្ឋនិយម។</p-l>
Rahab	<p-l>រ៉ាហាប</p-l>
Rahner, Karl	[influential Roman Catholic theologian who made an impact upon the Second Vatican Council (1904-1984)] <p-l>បណ្ឌិតខាលរ៉ានើរ</p-l> (short) <p-l>រ៉ានើរ។</p-l>
rainbow	(a bow shaped display in the sky of the colours of the spectrum) <p-l>ឥន្ធធនូ</p-l>
ram	<p-l>សត្វចៀមឈ្មោល</p-l>
Kamcacs, City of	<p-l>ក្រុងកាំចាតកា</p-l>
Rameses I	(founding pharaoh of Egypt's 19th Dynasty who ruled briefly 1292/12901295/1294 BC) <p-l>ផារ៉ានរ៉ាមសេសទី១។</p-l>
Rameses II, Pharaoh...	(the third pharaoh of the 19th Dynasty, commonly regarded as the greatest of the pharaohs, and may have been the pharaoh at the time of Moses
and the plagues)	<p-l>ផារ៉ានរ៉ាមសេសទី២</p-l> (district of...) <p-l>ស្រុករ៉ាមសេស។</p-l>
Ramsay, Sir William	[Scottish archaeologist and NT scholar, who was the foremost authority on the history of Asia Minor (1851-1939)] <p-l>បណ្ឌិតវីលៀមរ៉ាមសេ</p-l> (short) <p-l>បណ្ឌិត- រ៉ាមសេ។</p-l>
ransom	(vb) (the release of captured prisoners or property on payment of a stipulated price) <p-l>បង់ថ្លៃលោះ</p-l> ransom (n) <p-l>ថ្លៃលោះ [(គ.បៈ ថ្លៃលោះ ការថ្លៃលោះ ប្រោសលោះ) គ.ខ.បៈ ថ្លៃលោះ]។</p-l>
rape	(the offence of forcing a person to submit to sexual intercourse against that person's will) <p-l>រំលោភសេពសន្ថវៈ។</p-l>
Raphael	(an archangel mentioned in the apochyphal Book of Tobit) <p-l>មហាទេវតារ៉ាហ្វល</p-l>
Rapture, the...	(reference to the end-time transportation of Christians described in I Thess. 4:17) <p-l>ការលើកឡើងទៅក្នុងពពក។</p-l>
rapture	(the act of transportting a person from one sphere of existence to another) <p-l>សេចក្តី អណ្តែតអណ្តូង។</p-l>
Ras Shamra	(the location of the ancient city of Ugarit in modern Syria) <p-l>កន្លែងរ៉ាស់សាមរ៉ា</p-l>
ratify	(vb) (to give formal approval) <p-l>ឲ្យសច្ចានុមតិ</p-l> ratification <p-l>សច្ចានុមតិ</p-l>
rational	(adj) (capable of reason or logical thought) <p-l>សនិទានីយ</p-l> (informal) <p-l>ដែលប្រកបដោយ វិចារណញ្ញាណ។</p-l>
rationalism	(philosophy: doctrine that all human knowledge can be encompassed within a single philosophical system) <p-l>សនិទាននិយម</p-l> rationalist <p-l>អ្នកកាន់សនិទាននិយម។</p-l>
rationality	(the quality of being rational) <p-l>សនិទានភាព</p-l> (informal) <p-l>សមត្ថភាពដែលប្រកបដោយ វិចារណញ្ញាណ។</p-l>
raven	<p-l>សត្វក្អែក</p-l>
ravine	[a steep-sided valley (smaller than a canyon, but larger than a gully) eroded by water flow] <p-l>ជ្រលងជ្រោះ។</p-l>
realise/realize	(vb) (to bring a plan to fruition, to make something concrete) <p-l>ធ្វើអោយក្លាយ ទៅជាការពិត</p-l> realisation <p-l>ទង្វើឲ្យក្លាយទៅជាការពិត។</p-l>
realism	(awareness or acceptance of the physical universe as it is, as opposed to the abstract or ideal) <p-l>ប្រាកដនិយម។</p-l>
realism	(awareness and acceptance of the facts and necessities of everyday life) <p-l>ហេតុការណ៍ និយម។</p-l>
reality	(the state of things as they are, independant of human awareness) <p-l>ភាពប្រាកដប្រជា</p-l>
realized	(adj) (eschatology: something brought to fruition in the current age) <p-l>ដែលក្លាយទៅ ជាការពិតនៅសម័យនេះ។</p-l>
realized eschatology	(theory holding that the eschatological NT passages do not refer to the future, but to the ministry of Jesus and his lasting legacy) <p-l>អវសានវិទ្យាដែល ព័ន្ធកិច្ចព្រះយេស៊ូវឲ្យក្លាយទៅជាការពិតនៅសម័យនេះ</p-l> (short) <p-l>អវសានវិទ្យាសំរេចហើយ។</p-l>
realm	(field of interest, study) <p-l>វិស័យ</p-l>
reason	(a cause or motive for a belief, action, etc.) <p-l>ហេតុផល មូលហេតុ</p-l>
reason	(premise of an argument supporting that belief) <p-l>មូលហេតុ</p-l>
reason	(the faculty of rational argument, deduction and adjustment etc.) <p-l>វិចារណញ្ញាណ</p-l> (div) <p-l>ព្រះតម្រិះ។</p-l>
Reason	(Classical philosophy: something linking humans with nature, linking an immortal part of the human mind with the divine order of the cosmos) <p-l>ហេតុផល សកល។</p-l>
Rebekah	<p-l>នាងរេបិកា</p-l>
rebel	(vb) (to resist or rise up against authority) <p-l>បះបោរ</p-l> rebellion (n) <p-l>ការបះបោរ</p-l> rebellious (adj) <p-l>ដែលបះបោរ។</p-l>
reborn	(adj) (having undergone spiritual regeneration) <p-l>ដែលបានកើតជាថ្មី</p-l>
rebuke	(vb) (to scold or reprimand) <p-l>បន្ទោស (គ.បៈ : ផ្ចាញ់ផ្ទាល គ.ខ.បៈ : បន្ទោស)</p-l>
recapitulate	(vb) (to restate the main points) <p-l>សរុបខ្លឹមសារសំខាន់</p-l>
recension	(important revision of a literary work) <p-l>ការកែប្រែឯកសារ</p-l> (revised literary work) <p-l>ឯកសារដែលគេបានកែប្រែ។</p-l>
Rechab	<p-l>រេកាប</p-l>
Rechabites	(the descendants of Rechab, belonging to the Kenites who accompanied Israel into the Land) <p-l>ពួករេកាប។</p-l>
recite	(vb) (to repeat a poem or passage aloud from memory before an audience) <p-l>សូត្រ</p-l>
recitation	<p-l>ការសូត្រ។</p-l>
reckon	(vb) (to calculate the cost, generally of sin) <p-l>រាប់</p-l>
reckon	(vb) (to consider or regard) <p-l>រាប់ (គ.ប. : រាប់ គ.ខ.ប : ប្រោស)</p-l>"
reckoning	(retribution for one's actions) <p-l>ការទទួលនូវផល</p-l>
recline	(vb) (to rest in a leaning position, typical of the way people sat at tables in Roman times) <p-l>ទម្រេត។</p-l>
recognize	(vb) [to accept or be aware of... (God's sovereignty, lordship etc)] <p-l>ទទួលស្គាល់</p-l>
reconcile	(vb) (to settle a quarrel or difference) <p-l>ផ្សះផ្សា</p-l> reconciliation <p-l>ការផ្សះផ្សា [(គ.បៈ : បានជាមេត្រី ជាសេចក្តីមេត្រី ផ្សះផ្សា) គ.ខ.បៈ : បានសំរុះសំរួលអោយជានា (គ.គ.ខ : ការទទួល ការផ្សះផ្សា សេចក្តីផ្សះផ្សា)]។</p-l>
reconcile	(vb) (to make two apparently conflicting ideas consistent with each other) <p-l>ធ្វើ ឲ្យត្រូវគ្នាវិញ។</p-l>
reconstruction	(a picture of a past event formed by piecing together evidence) <p-l>គំនិតច្នៃ ប្រឌិតឡើងជាថ្មី ការព្យាយាមព្រឹត្តការណ៍ដើមឡើងវិញ។</p-l>
record	(vb) (to set down in permanent form) <p-l>កត់ត្រា</p-l>
recorder	(the role of a person who causes one to remember) <p-l>អ្នកតែង (គ.បៈ អ្នកតែង គ.ខ.បៈ អ្នកនាំពាក្យ)។</p-l>
records	(an account in permanent form) (historical...) <p-l>ឯកសារ</p-l> (archival...) <p-l>បណ្ណសារ</p-l>
rectitude	(moral or religious correctness) <p-l>ភាពត្រង់</p-l>
recto	(the front of a sheet of paper) <p-l>ខាងមុខដុំក្រដាស</p-l>
Red Sea	(a seawater inlet lying between Africa and Asia) <p-l>សមុទ្រក្រហម</p-l>
redaction criticism	[critical method of Bible study that regards the author of a text as editor (redactor) of his source material] <p-l>ការវិភាគពីអ្នកតែងសេចក្តី។</p-l>
redactor	(a person who puts a literary work into a suitable form for dissemination or publication) <p-l>អ្នកតែងសេចក្តី</p-l> redactional (adj) <p-l>ដែលតែងសេចក្តី។</p-l>
redeem	(vb) (to recover from captivity by payment) <p-l>ប្រោសលោះ</p-l> (short) <p-l>លោះ</p-l>
redeemed, the...	(those who have been recovered from the captivity of Sin and Death) <p-l>ពួក អ្នកដែលបានទទួលសេចក្តីប្រោសលោះហើយ។</p-l>
Redeemer	(div) (title of Jesus as having brought redemption to humanity) <p-l>អង្គប្រោសលោះ [(គ.ប : អ្នកនឹងលោះ អ្នកដែលលោះ អ្នកប្រោសលោះ) (គ.ខ.បៈ : ព្រះដែលលោះ ព្រះដែល ការពារ)]។</p-l>
redemption	(deliverance from Sin through the incarnation, suffering and death of Jesus) <p-l>សេចក្តីប្រោសលោះ [គ.ប : សេចក្តីប្រោសលោះ (គ.ខ.ប: ការប្រោសលោះ លោះ) (គ.គ.ខ ការ ប្រោសលោះ សេចក្តីប្រោសលោះ)]</p-l> redemptive (adj) <p-l>ដែលប្រោសលោះ។</p-l>
reduction	(the understanding of a complex idea in terms of its simpler parts or components) <p-l>ការនាំទៅដល់លក្ខខណ្ឌនីមួយៗពិតប្រាកដ។</p-l>
redivivus	(adj) (Latin “revived”) <p-l>ដែលថ្មីឡើងវិញ (ភាសាឡាតាំង)</p-l>
refer	(vb) (to make mention of) <p-l>យោង</p-l>
reference	(a book or passage referred to) <p-l>ឯកសារយោង ខយោង</p-l>
reflect	(vb) (to form an image of something by reflection) <p-l>ឆ្លុះបញ្ចាំង</p-l>
reflect	(vb) (to think, meditate, or ponder) <p-l>ជញ្ជឹងគិត</p-l> (n) <p-l>តម្រិះ</p-l> (div) <p-l>ព្រះតម្រិះ</p-l>
reflexive	(adj) (grammar: denoting a class of pronouns that refer back to the subject of a sentence or clause) <p-l>ដែលបកទៅប្រធានវិញ។</p-l>
reformation	(the act of improving by alteration or correction of abuses) <p-l>ការកែសាសនា</p-l>
Reformation	(movement of the 16th Century in Europe seeking to reform the Roman Catholic Church and founding the Protestant churches) <p-l>ចលនាកំណែទម្រង់ជំនឿ គ្រីស្ទបរិស័ទ</p-l> (short) <p-l>ចលនាកំណែទម្រង់ជំនឿ។</p-l>
Reformed	(adj) (related to the Calvinist arm of the Reformation) <p-l>រីហ្វម</p-l> Reformed Church <p-l>ពួកជំនុំរីហ្គេម។</p-l>
Reformers, the...	(the theologians, churchmen and statesmen whose written works and actions brought about the Protestant Reformation of the 16th Century) <p-l>ពួកអ្នកកែ ទម្រង់ជំនឿ</p-l> (short) <p-l>ពួកអ្នកកែទម្រង់។</p-l>
refrain	(a much repeated saying or idea) <p-l>គំនិតបន្ទរ</p-l>
refuge	(something offering protection, help or relief) <p-l>ពំនាក់</p-l>
refuge, city of...	(cities set aside to offer sanctuary to thos who kill unintentionally) <p-l>ក្រុងពំនាក់ (គ.ប : ក្រុងពំនាក់ គ.ខ.ប : ក្រុងជំរុក)។</p-l>
regenerate	(adj) (having undergone spiritual renewal) <p-l>ដែលវិញ្ញាណកើតឡើងវិញ</p-l>
regeneration	(restoration of an individual, or of all things) <p-l>ការកើតជាថ្មី [(គ.ប : គ្រាកែជាថ្មីឡើង វិញ សេចក្តីកើតជាថ្មី) (គ.ខ.បៈ : ភាពជាថ្មី បានកើតជាថ្មី) គ.គ.ខ : សករាជថ្មី]។</p-l>
Rehoboam, King...	(son of Solomon and the first king of Judah) <p-l>ស្តេចរេហូបោម</p-l>
regnal	(adj) (of a sovereign, reign, or kingdom) <p-l>នៃស្តេច នៃរជ្ជការ នៃនគរ</p-l>
Rehoboth	(a city built by Nimrod) <p-l>ក្រុងរេហូបូត</p-l>
reign	(vb) (to exercise the power and authority of a sovereign) <p-l>រាជ្យ</p-l>
reign	(the period during which a monarch is the official ruler of a country) <p-l>រជ្ជកាល</p-l>
reinterpret	(vb) (to again clarify or explain the meaning after receiving new insight or additional information) <p-l>ការកាត់ស្រាយឡើងវិញ។</p-l>
reiterate	(vb) (to do again or repeatedly) <p-l>ធ្វើម្តងទៀត</p-l> (to say again or repeatedly) <p-l>និយាយ ម្តងទៀត។</p-l>
reject	(vb) (to refuse to acknowledge, accept or believe) <p-l>បដិសេធ មិនទទួលស្គាល់</p-l>
rejoice	(vb) (to make glad, to celebrate an event) <p-l>មានសេចក្តីអំណរ (គ.ប : មានសេចក្តីអំណរ គ.ខ.ប : មានចិត្តរីករាយ)។</p-l>
relationship	(the state of being connected) <p-l>ទំនាក់ទំនង</p-l>
relative pronoun	(grammar: a pronoun used to mark a relative clause, and having the same referent as the element of the main clause which the relative clause modifies) <p-l>សព្វនាមដែលភ្ជាប់អនុប្រយោគ។</p-l>
relativism	(any theory holding that truth or moral value is not universal or absolute but may differ between individuals or cultures) <p-l>សាបេក្ខនិយម</p-l> (informal) <p-l>ការចេះដឹងមិន ទៀង អាចប្រែប្រួលតាមកាលៈទេសៈ។</p-l>
reliable	(adj) (predictable or dependable) <p-l>អាចពឹងពាក់បាន</p-l>
relic	(an object that has survived from the past) <p-l>វត្ថុពីសម័យបុរាណ</p-l>
relic	(Roman Catholicism: part of the body of a "saint" or another type of ancient religious object preserved for veneration) <p-l>វត្ថុស័ក្តិសិទ្ធិ។</p-l>
religio-historical school, the...	(a school of study that applied the historical method to the study of religion) <p-l>ពួកសិក្សាសាសនាបែបប្រវត្តិសាស្ត្រ។</p-l>
religion	(any formal or institutionalized expression of belief in, or worship of supernatural power) <p-l>សាសនា</p-l> religious (adj) <p-l>ដែលកាន់សាសនា បែបសាសនា។</p-l>
Religionsgeschichte	(German) <p-l>សូមមើល</p-l> "History of Religions” (<p-l>ភាសាអាឡឺម៉ង់)</p-l>
religiosity	(extremely pious religion) <p-l>ជំនឿកាន់សាសនា</p-l>
remember	(vb) (to bring back to one's consciousness) <p-l>នឹកចាំ (គ.ប : នឹកចាំ គ.ខ.ប : នឹក)</p-l>
remembrance	(the act of bringing back to one's consciousness) <p-l>ការចងចាំ</p-l>
remit	(vb) (Old English: to pardon or forgive) <p-l>អត់ទោសបាប</p-l> remission (n) <p-l>ការអត់ទោស បាប។</p-l>
remnant	(that which is surviving or left over) <p-l>ពួកដែលនៅសេសសល់ [(គ.ប : សំណល់ ពួក សំណល់ សំណល់សល់) (គ.ខ.ប : ដែលនៅសល់ ដែលនៅសេសសល់ សល់មនុស្សមួយចំនួន)]</p-l> (short) <p-l>ពួកសំណល់។</p-l>
Renaissance, the...	(period of European history marking the waning of the Middle Ages and the rise of the modern world; generally regarded as starting in 14th Century Italy) <p-l>សម័យវុឌ្ឍសិល្បៈនៅទ្វីបអឺរ៉ុប។</p-l>
render	(vb) (to cause to become) <p-l>ធ្វើឲ្យ</p-l>
render	(vb) (to translate into another language or form) <p-l>បកប្រែ</p-l>
renew	(vb) (to be made new) <p-l>កែជាថ្មីឡើង [(គ.ប : កែឲ្យត្រឹមត្រូវឡើង បានកែប្រែជាថ្មីឡើង) (គ.ខ.ប : ប្រទានអ្វីថ្មីដ៏រឹងប៉ឹង ប្រែអោយបានថ្មីឡើង) ]</p-l>" renewed (pass) <p-l>ត្រូវបានកែជាថ្មីឡើង</p-l> renewal (n) <p-l>ការកែជាថ្មីឡើង។</p-l>
renounce	(vb) (to give up a claim or a right) <p-l>លះបង់ចោល</p-l> renunciation (n) <p-l>ការលះបង់ចោល</p-l>
renounce	(vb) (to repudiate) <p-l>ប្រកែកពុំទទួលស្គាល់</p-l>
repent	(vb) (to feel remorse and turn away from sin) <p-l>ប្រែចិត្ត</p-l> repentance (n) <p-l>ការប្រែចិត្ត</p-l> Rephah <p-l>រេផា</p-l>
Rephaim, people of....	<p-l>ពួករេផែម</p-l>
represent	(vb) (to stand as an equivalent of) <p-l>តំណាង</p-l> representative (person who represents) <p-l>អ្នកតំណាង</p-l> representation <p-l>ការតំណាង</p-l> representatively (adv) <p-l>ដោយ តំណាង។</p-l>
reprobate	(adj) (destined or condemned to eternal punishment in Hell) <p-l>ដែលនឹងឲ្យធ្លាក់នរក</p-l>
the reprobate	<p-l>មនុស្សដែលនឹងឲ្យធ្លាក់នរក</p-l> reprobation <p-l>ការកាត់ទោសឲ្យធ្លាក់នរក។</p-l>
reproof	(an expression or act of rebuke or censure) <p-l>ការស្តីបន្ទោស</p-l>
repudiate	(vb) (to reject the authority or validity of...) <p-l>បដិសេធ បោះបង់ចោល</p-l>
reputation	(the reputation in which a person or thing is hold) <p-l>កិត្តិសព្ទ</p-l>
Resen	(a city built by Nimrod) <p-l>ក្រុងវេសែន</p-l>
reserved sacrament	(a Roman Catholic and Anglo Catholic ritual whereby a portion of the consecrated elements are stored for later use when a "priest" is unavailable to celebrate the Eucharist")*2 <p-l>អគ្គសញ្ញាដែលត្រៀមទុក។</p-l>
Resheph	<p-l>ផសែប</p-l>
resin	(a compound obtained directly from certain plants) <p-l>ជ័រ (គ.ប : ប្តេល្លាម គ.ខ.ប : ជ័រ ប្តេល្លាម)</p-l>
respond	(vb) (to state or utter in reply) <p-l>ឆ្លើយតប</p-l>
rest	(vb) (to relax from exertion or labour) <p-l>ឈប់សម្រាក [(គ.ប : ឈប់ផ្អាកសំរាក ឈប់សម្រាក</p-l>
ឈប់សំរាក)	<p-l>គ.ខ.ប : ឈប់សំរាកបញ្ចប់កិច្ចការ]</p-l> (n) <p-l>សេចក្តីឈប់សម្រាក។</p-l>
restitution	(act of giving back something stolen) (formal) <p-l>បដិទាន</p-l> (informal) <p-l>ការប្រគល់ឲ្យ វិញ</p-l> (act of restoring something damaged) <p-l>ការសងវិញ។</p-l>
restore	(vb) (to return a structure to original condition) <p-l>ស្អាងឡើងវិញ</p-l> restoration <p-l>ការស្អាង ឡើងវិញ</p-l> restorer <p-l>អ្នកស្អាងឡើងវិញ។</p-l>
restore	(vb) (to return a relationship to original condition) <p-l>ស្តារឡើងវិញ</p-l> restoration <p-l>ការស្តារ ឡើងវិញ</p-l> restorer <p-l>អ្នកស្ដារឡើងវិញ។</p-l>
Restoration, the...	(the return of Judah to the Promised Land following the Exile in Babylon) <p-l>ការស្អាងឡើងវិញក្រោយនិរទេសបាប៊ីឡូន។</p-l>
resurrection	(the act or instance of a dead person coming back to life) <p-l>សេចក្តីរស់ឡើងវិញ</p-l> (div) <p-l>ការមានព្រះជន្មរស់ឡើងវិញ។</p-l>
Resurrection, the...	(resurrection of Jesus) <p-l>ការមានព្រះជន្មរស់ឡើងវិញនៃព្រះយេស៊ូវគ្រីស្ទ</p-l>
resurrection-life	(physical life after the general resurrection) <p-l>ជីវិតរស់ពីស្លាប់ឡើងវិញទូទៅ</p-l>
retainer	(a supporter or long serving servant) <p-l>អ្នករក្សាទុក</p-l>
retribution	(punishment or vengeance for wrong-doing, sin or injury) <p-l>សំណងយុត្តិធម៌</p-l> retributive (adj) <p-l>នៃសំណងយុត្តិធម៌។</p-l>
Return, the...	(return of Jesus at the end of this age) <p-l>ការយាងត្រឡប់មកវិញនៃព្រះយេស៊ូវគ្រីស្ទ</p-l>
Reu	(son of peleg, son of Eber) <p-l>រេហូវ</p-l>
Reuben	<p-l>រូបេន</p-l> (tribe of...) <p-l>អំបូររូបេន</p-l>
Reumah	(Gen. 22:24) <p-l>នាងរេយូម៉ា</p-l>
Rev.	(abbreviation "Book of Revelation") <p-l>វិវរ</p-l>.
revelation	(God's disclosure of his own nature and his purpose for humanity) <p-l>ការបើក សម្តែងរបស់ព្រះអម្ចាស់</p-l> revelatory (adj) <p-l>ដែលបើកសម្តែង។</p-l>
Revelation, Book of...	<p-l>កណ្ឌវិវរណៈនៃព្រះយេស៊ូវគ្រីស្ទ</p-l> (short) <p-l>វិវរណៈ</p-l>
revenge	(the act of retaliation for wrongs or injury received) <p-l>ការសងសឹក</p-l>
revere	(vb) (to respect profoundly) <p-l>គោរព (គ.បៈ: កោតខ្លាច គ.ខ.ប : គោរព)</p-l> reverence (n) <p-l>ការ គោរព។</p-l>
revival	(a general reawakening of faith or renewal of commitment to religion) <p-l>ចលនាធ្វើ ឲ្យ-រស់វិញខាងវិញ្ញាណ។</p-l>
Rheims Douay Bible	(a Bible translation from the Latin Vulgate into English by members of English College, Douai for the Roman Catholic Church) <p-l>ព្រះគម្ពីររ៉េមស៍ខូអេ</p-l> (short) <p-l>ព្រះគម្ពីរខូអេ។</p-l>
rhēma	(Greek “the message of the Gospel”) <p-l>ព្រះបន្ទូល (ភាសាក្រេក)</p-l>
Rhesa	<p-l>រេសា</p-l>
rhetoric	(the art of using speech to persuade or influence) <p-l>វោហារសាស្ត្រ</p-l>
rhetorical criticism	(the analysis of words, phrases, images, gestures, performances and discourses in general to show how they instruct, inform, move, convince and generally persuade their audience) <p-l>ការវិភាគខាងវោហារសាស្ត្រ</p-l> rhetorical critics <p-l>អ្នកវិភាគខាង វោហារសាស្ត្រនិយម។</p-l>
rib	(any of the curved elastic arches of bone that together form the chest wall) <p-l>ឆ្អឹងជំនីរ</p-l>
Rib-haddi	(a king of Byblos during mid-14th Century BC) <p-l>ស្តេចរឹបហាដឌី</p-l>
rich man	(a person well supplied with wealth, property etc.) <p-l>អ្នកមាន (គ.ប : អ្នកមាន គ.ខ.ប : សេដ្ឋី)។</p-l>
Ridderbos, Herman	[Reformed Dutch Professor of NT studies at the Free University of Amsterdam, and one of the most important NT theologians of the 20th Century because of his emphasis on biblical theology (1909-2007)] <p-l>បណ្ឌិតហើម៉ានរិឌីបុស</p-l> (short) <p-l>បណ្ឌិតរិឌីបុស។</p-l>
right	(adj) (in accordance with facts, reason or truth) <p-l>ត្រូវ</p-l>
right	(entitlement to a particilar privilege) <p-l>សិទ្ធិ</p-l> (div) <p-l>ព្រះរាជសិទ្ធិ</p-l>
righteous	(adj) (in accordance with God's standard of morality, justice and uprightness) <p-l>ដែលសុចរិត</p-l> “the righteous” <p-l>មនុស្សសុចរិត</p-l> righteousness <p-l>សេចក្តីសុចរិត។</p-l>
Righteous One, the...	(a Messianic title) <p-l>អ្នកដ៏សុចរិត</p-l>
Righteousness, Teacher of...	(a figure found in some Dead Sea Scrolls extolled as having proper understanding of the Torah and being the one through whom God would reveal God's will to the community) <p-l>គ្រូនៃសេចក្តីសុចរិត។</p-l>
Rim-Sin L, King...	[ruled the city-state of Larsha from 1758-1699 BC (short chronology) or 1822-1763 BC (middle chronology)] <p-l>ស្ដេចរឹម-ស៊ីនទី១។</p-l>
ring	(circular band, usually of precious metal, generally worn upon a finger) <p-l>ចញ្ចៀន</p-l>
Riphath	(son of Gomer) <p-l>រីផាត</p-l>
rite	(act or procedure in a religious ceremony) <p-l>ពិធីបុណ្យក្នុងសាសនា</p-l>
rite of aversion	(religious procedure used to purge evil influences) <p-l>ពិធីសាសនាចំពោះការដោះចេញសេចក្តីអាក្រក់។</p-l>
Ritschl, Albrecht	(a German theologian who developed a system where faith was underritual stood to be irreduceable to other experiences, beyond the scope of reason (1822-1889)] <p-l>បណ្ឌិតរឹតសិល។</p-l>
ritual	(prescribed form of religious ceremony) <p-l>ពិធី</p-l>
ritual	(a formal act or procedure) <p-l>ក្បួនរីត</p-l>
riot	(disturbance made by an unruly mob) <p-l>ការបះបោរ</p-l>
ritualism	(exaggerated emphasis on the importance of rites and ceremonies) <p-l>ការប្រកាន់ ពិធី។</p-l>
Robinson, J.A.T.	[New Testament scholar and Anglican Bishop of Woolwich, England, considered a major force in shaping liberal theology and a believer in universal salvation (1919-1983)] <p-l>បណ្ឌិតយ៉ូហាន រ៉ូប៊ីនសុន</p-l> (short) <p-l>រ៉ូប៊ីនសុន។</p-l>
Robinson, Henry W.	[English Baptist theologian and OT scholar (1872-1945)] <p-l>បណ្ឌិត ហេនីរ៉ូប៊ីនសុន។</p-l>
rock	(a hard mass of consolidated mineral matter; Matt. 16:18) <p-l>ថ្មដា (គ.ប : ថ្មដា គ.ខ.ប : ផ្ទាំង សិល)។</p-l>
rod	(cane) <p-l>រំពាត់</p-l>
rod	(staff) <p-l>ដំបង</p-l>
Rodanim	(a people descended from Javan, son of Japheth) <p-l>ពួកដូដានីម</p-l>
Rolle, Richard	[an English religious writer and Bible translator (1290-1349)] <p-l>វិឆាដរ៉ូល</p-l>
Rom.	(abbreviation "Letter to the Romans") <p-l>រ៉ូម</p-l>
Rom.	(adj) (abbreviation "Roman"; belonging to the Roman Empire) <p-l>នៃចក្រភពរ៉ូម</p-l>
Roman Catholic Church	(the denomination over which the Pope presides, with denomination headquarters in Rome) <p-l>និកាយរ៉ូម៉ាំងកាតូលិក</p-l> Roman Catholic (adj) is <p-l>កាតូលិករ៉ូម៉ាំង</p-l> (n) <p-l>សមាជិកនិកាយរ៉ូម៉ាំងកាតូលិក។</p-l>
Roman Catholicism	(the beliefs, practices and system of government of the Roman Catholic Church) <p-l>រ៉ូមាំងកាតូលិកនិយម។</p-l>
Roman Church	(reference to the "Roman Catholic Church") <p-l>និកាយរ៉ូម៉ាំងកាតូលិក</p-l>
Romanism	(a derogatory term for Roman Catholicism) <p-l>រ៉ូម៉ាំងកាតូលិកនិយម</p-l> Romanist <p-l>សមាជិកនិកាយរ៉ូម៉ាំងកាតូលិក។</p-l>
Romans, Letter to the...	<p-l>សំបុត្រដល់ពួករ៉ូម</p-l>
Rome, City of...	<p-l>ក្រុងរ៉ូម</p-l> (Empire of...) <p-l>ចក្រភពរ៉ូម</p-l>
root word	(grammar: the form of a word that remains after removal of all affixes) <p-l>មូល សព្ទ។</p-l>
Rosetta Stone	(an ancient Egyptian granodiorite stele inscribed with a decree issued at Memphis in 196 BC on behalf of King Ptolemy V) <p-l>ដុំថ្មរ៉ូសេត្តា។</p-l>
Rosh Hashanah	(Hebrew "Jewish New Year”) <p-l>ពិធីបុណ្យ រ៉ូស្សហាស្សាណា (ភាសាហេព្រើរ)</p-l> (informal) <p-l>ពិធីបុណ្យចូលឆ្នាំថ្មីសាសន៍យូដា។</p-l>
royal Psalms	(psalms emphasising how God works through the office of king) <p-l>ទំនុកតម្កើង ស្តេច។</p-l>
RSV	(abbreviation "Revised Standard Version”) <p-l>ព្រះគម្ពីរភាសាអង់គ្លេស</p-l> Revised Standard
Version	(1952)។
Ru.	(abbreviation "Book of Ruth”) <p-l>រស់</p-l>.
rule	(vb) (to exercise controlling authority) <p-l>ត្រួតត្រា (គ.ប : បង្ក្រាបត្រួតត្រា គ.ខ.ប : ត្រួតត្រាធ្វើ ជាម្ចាស់)។</p-l>
ruler	(person who exercises governmental authority) <p-l>អ្នកគ្រប់គ្រង</p-l> Ruler (div) <p-l>អង្គគ្រប់គ្រង</p-l>
runner	(a person who moves on foot at a rapid pace) <p-l>អ្នករត់</p-l>
Rushalimum	(name first appearing in the Egyptian Execration Texts) <p-l>រូសា-លីម៉ុម</p-l>
Rushworth Gospels	(a manuscript of the Latin Vulgate version of the four Gospels, written about 800AD) <p-l>កណ្ឌដំណឹងល្អរួសជីដ។</p-l>
Ruth, Book of...	<p-l>កណ្ឌនាងរស់ (គ.ខ.ស : នាងរួថ)</p-l>
RV	(abbreviation "Revised Version”) <p-l>ព្រះគម្ពីរភាសាអង់គ្លេស</p-l> Revised Version (1885)
S.	(abbreviation "South”, “Southern”) <p-l>ទិសខាងត្បូង</p-l>
Sa.	(abbreviation "Book of Samuel”) <p-l>សាំ</p-l>.
Sabbath	(Judaism: the seventh day of the week devoted to worship and rest from work) <p-l>ថ្ងៃឈប់សម្រាក (គ.ប : ថ្ងៃឈប់សំរាក គ.ខ.ប : ថ្ងៃឈប់សំរាក គ.គ.ខ : ថ្ងៃសប្បីទ)</p-l> sabbatic/
sabbatical	(adj) <p-l>នៃថ្ងៃឈប់សម្រាក។</p-l>
sabbatical year	(year during which the land was to be left uncultivated, debts annulled, etc.) <p-l>ឆ្នាំឈប់សម្រាក។</p-l>
Sabeans	(an ancient people who lived in mordern day Yemen, in the SW of the Arabian Peninsula) <p-l>សាសន៍សេបា។</p-l>
Sabellianism	(the belief that the Father, Son and Holy Spirit are only different aspects of one divine Person, but there is no permanent distinction) <p-l>សាបេលាសនិយម។</p-l>
Sabellius	(3rd Century bishop and theologian who taught that God is indivisible, with Father, Son and Holy Spirit being three modes or manifestations of one divine Person) <p-l>អភិបាលសាបេលាស។</p-l>
Sabtah	(son of Cush) <p-l>សាប់តា</p-l>
Sabteca	(son of Cush) <p-l>សាប់តិកា</p-l>
sacerdotal	(adj) (relating to, or characteristic, of priests) <p-l>នៃសង្ឃ</p-l>
sacrament	[an outward sign (Baptism and Lord's Supper) combined with a prescribed form of words] <p-l>អគ្គសញ្ញាគ្រីស្ទបរិស័ទ</p-l> (short) <p-l>អគ្គសញ្ញា</p-l> sacramental (adj) <p-l>នៃអគ្គ សញ្ញា-គ្រីស្ទបរិស័ទ</p-l> (short) <p-l>នៃអគ្គសញ្ញា</p-l> (informal) <p-l>ពិធីបុរិសុទ្ធ។</p-l>
sacramentalism	(doctrine asserting that observance of the sacraments is necessary for salvation and can confer grace) <p-l>អគ្គសញ្ញាគ្រីស្ទបរិសុទ្ធនិយម</p-l> (short) <p-l>អគ្គសញ្ញានិយម។</p-l>
sacramental theology	(teaching concerning the relationship between the nature of God and the sacraments) <p-l>ទេវសាស្ត្រនៃអគ្គសញ្ញាគ្រីស្ទបរិសុទ្ធ</p-l> (short) <p-l>ទេវសាស្ត្រនៃអគ្គសញ្ញា។</p-l>
sacred	(adj) (regarded with reverence, awe, or respect) <p-l>សក្ការៈ</p-l>
sacred history	(theology: those parts of the Exodus Torah narrative that resemble normal historical writing) <p-l>ប្រវត្តិសាស្រ្តពីនិក្ខមន់។</p-l>
sacrifice	(vb) (to ritually kill an animal or make as offering with the intention of propitiating or pleasing the deity) <p-l>ថ្វាយយញ្ញបូជា [(គ.បៈ យញ្ញបូជា ថ្វាយយញ្ញបូជា) (គ.ខ.បៈ យញ្ញបូជា ថ្វាយតង្វាយ) (គ.គ.ខៈ យញ្ញបូជា ថ្វាយតង្វាយ ថ្វាយយញ្ញបូជា)]</p-l> (n) (action of sacrifice) <p-l>ការថ្វាយយញ្ញបូជា</p-l> (n) (object sacrificed) <p-l>យញ្ញបូជា។</p-l>
sacrifice and offering”	<p-l>«ការថ្វាយយញ្ញបូជា និងតង្វាយ»</p-l>
sacrificial meal	(general reference to the Passover meal) <p-l>ពិធីបុណ្យរំលង</p-l>
sacrificial system, the...	(system of sacrifices prescribed in the Law) <p-l>ប្រព័ន្ធថ្វាយយញ្ញបូជា</p-l> sacrificial victim (the animal to be killed in a sacrifice) <p-l>សត្វដែលត្រូវថ្វាយយញ្ញបូជា</p-l>
Sadducees	(Judaism: the sect who denied the resurrection of the dead) <p-l>ពួកសាឌសី</p-l>
sage	(a man revered for his profound wisdom) <p-l>អ្នកប្រាជ្ញ</p-l>
saint	(person who is righteous in God's sight) <p-l>អ្នកបរិសុទ្ធ</p-l> saints (the...) <p-l>ពួកបរិសុទ្ធ (គ.បៈ ពួកបរិសុទ្ធ គ.ខ.ប : ប្រជារាស្ត្រដ៏បរិសុទ្ធ គ.គ.ខ : ពួកបរិសុទ្ធ)។</p-l>
Saints' Days	(Church calendar: days set aside for the celebration of the work of notable Christians) <p-l>ថ្ងៃរំឭកគ្រីស្ទបរិស័ទពិសេស។</p-l>
Salamis	(an ancient Greek city-state on the east coast of Cyprus, and part of the Roman province of Cilicia) <p-l>ក្រុងសាឡាមីស។</p-l>
Salem/Shalem, City of...	<p-l>ក្រុងសាឡិម</p-l>
Salim, village of...	<p-l>ភូមិសាលិម</p-l>
Salome Alexandra, Queen...	(the only Jewish ruling queen who reigned from 76-67 BC and was the last ruler of ancient Judaea to die as ruler of an independant kingdom) <p-l>រាជនីសាឡូម៉េ អីលេក្សានទ្រា។</p-l>
salt	(sodium chloride, generally together with impurities, used for seasoning and preserving food) <p-l>អំបិល។</p-l>
Salt Sea	(Gen. 14:3) <p-l>សមុទ្រអំបិល</p-l>
salutation	(a form of words used as an opening to a speech or letter) <p-l>វន្ទនាការ គារវកិច្ច</p-l> (informal) <p-l>ពាក្យគួរសម។</p-l>
salvation	(deliverance by redemption from the power of Sin and Death) <p-l>សេចក្តីសង្គ្រោះ</p-l>
salvation history	(the history of the redemption of humanity from the power of Sin and Death, through both the Old and the New Testament) <p-l>ប្រវត្តសាស្ត្រសេចក្តីសង្គ្រោះ។</p-l>
Samaria	(area surrounding the City of...) <p-l>ស្រុកសាម៉ារី</p-l> (City of...) <p-l>ក្រុងសាម៉ារី</p-l> Samaritans <p-l>សាសន៍សាម៉ារី។</p-l>
Samaritan Pentateuch	(a variation of the Pentateuch as used by the Samaritans) <p-l>គម្ពីរ បញ្ចកណ្ឌ-របស់ពួកសាម៉ារី។</p-l>
Samson	<p-l>សាំសុន</p-l>
Samuel, the Prophet...	<p-l>ហោរាសាំយូអែល</p-l>
Samuel, Book of...	<p-l>កណ្ឌសាំយូអែល</p-l>
sanctify	(vb) (to make holy) <p-l>ញែកជាបរិសុទ្ធ (គ.បៈ : ញែកជាបរិសុទ្ធ គ.ខ.ប : ប្រោសឲ្យបានបរិសុទ្ធ)</p-l>
sanctification	(n) <p-l>ការញែកជាបរិសុទ្ធ</p-l> sanctifier <p-l>អ្នកញែកជាបរិសុទ្ធ។</p-l>
sanction	(vb) (to give permission, authorization) <p-l>ផ្តល់សិទ្ធិ</p-l> sanction (n) <p-l>ការឲ្យផ្តល់សិទ្ធិ</p-l>
sanction	(the penalty laid down in a law for contravention of its provisions) <p-l>ទណ្ឌកម្ម</p-l>
sanctity	(holiness) <p-l>ភាពបរិសុទ្ធ</p-l>
sanctity	(anything regarded as holy) <p-l>លក្ខណៈឧត្តុង្គឧត្តម</p-l>
sanctuary	(a holy place) <p-l>ទីបរិសុទ្ធ (គ.ប : ទីបរិសុទ្ធ គ.ខ.ប : ទីសក្ការៈ)</p-l>
Sanders, E.P.	[NT scholar and a principal proponent of the New Perspective on Paul (1937-)] <p-l>បណ្ឌិតសានដើរ</p-l> (short) <p-l>សានដើរ។</p-l>
Sanhedrin	(the supreme judicial, ecclesiastical, and administrative council of the Jews) <p-l>ក្រុមប្រឹក្សាកំពូលសាសនាយូដា (គ.បៈ : ពួកក្រុមជំនុំ គ.ខ.បៈ អង្គប្រជុំ គ.គ.ខៈ: ក្រុមប្រឹក្សាកំពូល)</p-l> (short) <p-l>ក្រុមប្រឹក្សាយូដា។</p-l>
Sapphira	(Acts 5) <p-l>នាងសាភីរ៉ា</p-l>
Sarah	(Abraham's wife) <p-l>នាងសារ៉ា</p-l>
Sarai	(Abram's wife) <p-l>នាងសារ៉ាយ</p-l>
Sardis, City of...	(capital of the ancient kingdom of Lydia, one of the important cities of the Persian Empire, and location of one of the seven churches of Asia addressed in Revelation) <p-l>ក្រុងសើដេស។</p-l>
Sarepta, City of...	<p-l>ក្រុងសារិបតា</p-l>
Sargon I	(Akkadian emperor who reigned c. 2270-2215 BC) <p-l>អធិរាជសាហុនទី១</p-l>
Sargon II	[an Assyrian king who became the sole ruler of Babylonia after the death of Shalmaneser V until 705 BC, whose name appears at the capture of Ashdod in 711 BC (Is. 20:1)] <p-l>អធិរាជសាប្អូនទី២។</p-l>
sarx	(Greek "flesh") <p-l>ភាសាក្រេក «សាក» (សាច់ឈាមមនុស្ស)</p-l>
Satan	(the Devil, adversary of God, and tempter of humanity) <p-l>សាតាំង (គ.ប : សាតាំង គ.ឧ.ប មារលាតាំង)</p-l>
Saturninus	<p-l>សាធើនីនុស</p-l>
Saul	<p-l>សូល</p-l> (first king of Israel) <p-l>ស្តេចសូល</p-l>
savant	(a man of great learning) <p-l>អ្នកប្រាជ្ញ</p-l>
save	(vb) (to rescue, preserve or guard from the power of sin and death) <p-l>សង្គ្រោះ</p-l> saviour (one who saves) <p-l>អ្នកសង្គ្រោះ។</p-l>
Saviour	(a description applied to Jesus) <p-l>ព្រះអង្គសង្គ្រោះ</p-l>
saying	(n) (expression of a general truth) <p-l>ពាក្យទំនៀម</p-l>
sc	(abbreviation for *scilicet*: Latin "it is permitted to know") <p-l>ជាន័យ (ភាសាឡាតាំង)</p-l>
scapegoat	[goat used in the ritual of Yom Kippur (Lev. 16), symbolically laden with the sins of the people and sent into the Wilderness to be destroyed] <p-l>ពពែរងទោសជំនួស (គ.បៈ : ពពែបំបរបង់ គ.ខ.បៈ : ពពែអោយអាសាអែល)។</p-l>
scarab	(a type of beetle regarded by the Ancient Egyptians as divine, and represented in hieroglyphics as a symbol of the solar deity) <p-l>សត្វអណ្តើកមាស (ប្រភេទសត្វដូច កំភេម)។</p-l>
scarabeus	(a representation of a scarab beetle) <p-l>រូបតំណាងសត្វអណ្តើកមាស</p-l>
scatter	(vb) <p-l>បែកគ្នាសុសាយ (គ.ប : បែកគ្នាសុលាយ ខ្ចាត់ខ្ចាយកំចាត់កំចាយ គ.ខ.ប : បែកខ្ញែកគ្នា)</p-l>
scepticism	(the habitual doubt of accepted beliefs or authority) <p-l>ការសង្ស័យច្រើន</p-l> sceptic <p-l>មនុស្សមានការសង្ស័យច្រើន។</p-l>
sceptre	(a ceremonial staff held by a monarch as the symbol of authority) <p-l>ដំបងរាជ្យ (គ.បៈ ដំបងរាជ្យ គ.ខ.បៈ : ព្រះខ័នរាជ្យ)។</p-l>
Sceva	(Acts 19:14) <p-l>ស្ថេវ៉ា</p-l>
schism	(division of a group into opposing factions) <p-l>ធម្មភេទ</p-l>
schismatic	(adj) (relating to, or promoting schism) - (of ideas, opinion) <p-l>នៃដំណើរបែកមតិ</p-l>
Schlatter, Adolf	[evangelical theologian and professor specializing in NT and systematics at Greifswald, Berlin and Tübingen (1852-1938)] <p-l>បណ្ឌិតអាដូហ្វស្ងួតធើរ</p-l> (short) <p-l>ស្ងួតធើរ។</p-l>
Schleiermacher, Friedrich	[German theologian and philosopher known for his attempts to reconcile the criticisms of the Enlightenment with traditional Protestant orthodoxy, often called "the Father of Modern Liberal Theology" (1768-1834)] <p-l>បណ្ឌិតសឈើអីម៉ាឈើរ។</p-l>
scholar, biblical...	<p-l>សាស្ត្រាចារ្យព្រះគម្ពីរ</p-l> (short) <p-l>សាស្ត្រាចារ្យ</p-l>
scholarship	(learning, academic achievements) <p-l>ភាពមានវិជ្ជាជ្រៅជ្រះ</p-l>
Scholasticism	(a method of critical thought which dominated teaching by the academics of medieval universities of Europe, that emphasises dialectical reasoning to extend knowledge by inference, and to resolve contradictions) <p-l>ទស្សនវិជ្ជាទំនើប</p-l>
scholastic	(n) <p-l>អ្នកទស្សនវិទូទំនើប</p-l> (adj) <p-l>តាមទស្សនវិជ្ជាទំនើប។</p-l>
school	(theology: a body of people adhering to a certain set of principles, doctrines or methods) <p-l>ពួកអ្នក (ពួកសិក្សាមួយក្រុម)។</p-l>
Schweitzer, Albert	[an Alsatian Lutheran theologian, philosopher, organist, physician and medical missionary who depicted Jesus as one who erroneously believed the end of the world was coming in his own lifetime and himself to be a world saviour (1875-1965)] <p-l>បណ្ឌិតអាល់ប៊ើតស្វេតហៀរ</p-l> (short) <p-l>ស្វេតហៀរ។</p-l>
Scofield Reference Bible	(a widely circulated study Bible using the King James text and annotated by the American C.I. Scofield, that popularized dispensationalism at the beginning of the 20th Century) <p-l>ព្រះគម្ពីរស្រាវជ្រាជភាសាអង់គ្លេស</p-l> Scofield (1917)។
scorn	(vb) (open contempt or disdain for a person or thing) <p-l>មើលងាយ ត្មះតិះដៀល [(គ.បៈ ត្មះតិះដៀល សេចក្តីដំនៀល) (គ.ខ.បៈ : ជេរប្រមាថ មើលងាយ)] ។</p-l>
scornful, the...	<p-l>អ្នកប្រមាថ អ្នកមើលងាយ</p-l>
Scotism	(the philosophical and theological system or school named after John Duns Scotus) <p-l>ស្លុតទីសនិយម។</p-l>
scourge	(vb) (to whip or flog repeatedly) <p-l>វាយដំ</p-l>
screen	(the partition inside the Tabernacle) <p-l>វាំងនន</p-l>
scribe	(a recognized scholar and teacher of the Jewish Law) <p-l>អាចារ្យ [(គ.ប : ស្មៀន អាចារ្យ) (គ.ខ.ប : លេខា បណ្ឌិតខាងវិន័យ អាចារ្យ)]។</p-l>
script	(the letters, characters, or figures used in writing by hand) <p-l>អក្ខរៈ</p-l>
Scripture	(the OT and NT) <p-l>ព្រះគម្ពីរ</p-l>
scripture	(a quotation from the Bible) <p-l>បទគម្ពីរ</p-l>
scroll	(roll of parchment inscribed with writing) <p-l>រមូរផ្ទាំងស្បែកសម្រាប់សរសេរអក្សរ</p-l> (infomal) <p-l>ក្រាំង។</p-l>
SE	(abbreviation “south east”) <p-l>ទិសអាគ្នេយ៍</p-l>
seal	(vb) (to affix a seal to, as proof of authenticity) <p-l>បោះត្រា</p-l>
seal	(device impressed on a piece of wax, moist clay, etc. fixed to a document as a mark of authenticity) <p-l>ត្រា</p-l> (royal) <p-l>ប្រថាប់ត្រា។</p-l>
seance	(a meeting at which a spiritualist attempts to receive messages from the spirits of the dead) <p-l>ពិធីហៅខ្មោច។</p-l>
seat	(the centre in which something is located) <p-l>មជ្ឈមណ្ឌល</p-l>
seat	(elevated area that may serve as a bed or a place to sit upon) <p-l>កៅអី</p-l> (royal) <p-l>ព្រះទែន</p-l>
Seba	(son of Cush) <p-l>សេបា</p-l>
Second Adam	(title given to Jesus in the NT) <p-l>អ័ដាមទីពីរ</p-l>
Second Advent	<p-l>សូមមើល</p-l> Second Coming
Second Coming	(the prophesied return of Jesus Christ to earth at the Last Judgment) <p-l>ការយាង-មកជាលើកទីពីរ។</p-l>
Second Death	(eschatological concept related to punishment after a first, natural death) <p-l>សេចក្តីស្លាប់ទីពីរ។</p-l>
Second Exodus	(a description applied to the eschatological event when the faithful will leave this earth) <p-l>ការចាកចេញទីពីរ។</p-l>
second person	(grammar: category of pronouns and verbs used when referring to or describing the individual/s being addressed) <p-l>ទុតិយា</p-l> (informal) <p-l>បុរសទីពីរ។</p-l>
Second Revolt	(also known as "the Kitos War," was the second of the Jewish-Roman wars, where there were many revolts by diasporic Jews, from 115 to 117 AD) <p-l>ការបះបោរទី២របស់ពួកយូដា។</p-l>
Second Temple	(first constructed on the Temple Mount in Jerusalem c. 515 BC and destroyed by the Romans 70 AD) <p-l>ព្រះវិហារទីក្រុងយេរូសាឡឹមទីពីរ។</p-l>
Second Temple Judaism	[the religion of Judaism between the construction of the Second Temple (515 BC) and its destruction by the Romans (70 AD)] <p-l>សាសនាយូដានៅ សម័យព្រះវិហារទីពីរ។</p-l>
secret	(kept hidden from the knowledge of others) <p-l>អាថ៌កំបាំង</p-l>
secret arts	(reference to magic) <p-l>មន្តអាគម (គ.ប: របៀន គ.ខ.បៈ : មន្តអាគម)</p-l>
sect	(a sub-group of a larger religious group) <p-l>ក្រុមគណៈនិកាយ</p-l> sectarian (adj) (belonging or relating to a sect) <p-l>នៃក្រុមគណៈនិកាយ។</p-l>
sect	(a group deviating from orthodox tradition) <p-l>គណៈខុសឆ្គង</p-l>
sectarian interest	(relating to the interest of a particular sect or group) <p-l>ផលប្រយោជន៍ចំពោះ ក្រុមគណនិកាយមួយ។</p-l>
sectary	(member of a sect) <p-l>សមាជិកគណៈនិកាយ</p-l>
secular	(adj) (relating to worldly as opposed to sacred things) (positively) <p-l>ខាងផ្លូវលោកិយ</p-l> (negatively) <p-l>ដែលមិនទាក់ទងនឹងសាសនា។</p-l>
secular	(adj) (non-priestly) <p-l>ដែលអត់ជាសង្ឃ</p-l>
secular Greek	<p-l>សូមមើល</p-l> Greek
secular humanism	(a philosophy embracing human reason, ethics, social justice and philosophical naturalism, while specifically rejecting religious dogma, supernaturalism or superstition as the basis of morality and decision making) <p-l>មនុស្ស និយម។</p-l>
secularism	(doctrine that rejects religion) <p-l>អសាសនានិយម</p-l>
sedition	(an offence undermining the authority of the state) <p-l>ការនាំបំបះបំបោរ</p-l>
seduce	(vb) (to persuade to engage in sexual intercourse) <p-l>បញ្ចុះបញ្ចូលអោយរួមតំណេក</p-l>
seed	(offspring or descendants) <p-l>ពូជ</p-l>
seer	(a person who supposedly can see into the future) <p-l>អ្នកមើលឆុត (គ.បៈ អ្នកមើលឆុត គ.ខ.បៈ គ្រូទាយ)។</p-l>
Sefire	(reference to three stele containing Aramaic descriptions dating back to the mid8th Century BC) <p-l>សសរស្តម្ភស៊ីហ្វា។</p-l>
Seir	(hill country of...) <p-l>ភ្នំសៀរ</p-l>
Sejanus	(prefect of the Praetorium Guard, probably appointed Pontius Pilate to be governor of Judaea) <p-l>សេចានូស។</p-l>
Seleucid Empire	(a division of the former Macedonian Empire of Alexander the Great, established in 312 BC and overrun by the Roman Empire in 63 BC) <p-l>ចក្រភព សេលូស៊ីដ។</p-l>
Seleucidic Syria	(Syria under the rule of the Seleucidic Dynasty) <p-l>ស្រុកស៊ីរីក្រោមអំណាចសន្តតិវង្សលេលូស៊ីដ។</p-l>
Seleucids	(the family descended from Seleucus, one of Alexander's generals, who ruled the Seleucid Empire) <p-l>ពួកសេលូស៊ីដ។</p-l>
Seleucus I Nicator	[a leading officer of Alexander the Great who established the Seleucid Dynasty and the Seleucid Empire, reigning 305-281 BC (c. 358-281)] <p-l>អធិរាជ សេលូគូសទី១ នីកាទើរ។</p-l>
Seleucus II Callinicus	(ruler of the Hellenistic Seleucid Empire, who reigned 246-225 BC) <p-l>អធិរាជសេសូគូសទី២ កាលីនីគុស។</p-l>
Seleucus III Soter	[ruler of the Hellenistic Seleucid Empire, who reigned briefly 225-223 BC before being assassinated (c. 243-223 BC)] <p-l>ស្ដេចសេលូគីសទី៣ សូធើរ។</p-l>
Seleucus IV Philopator	(ruler of the Hellenistic Seleucid Empire 187-175 BC, who in an effort to pay the Romans war-indemnity, sent a minister to Jerusalem to seize the Temple treasury) <p-l>ស្ដេចសេលូគីសទី៤ ហ្វីឡូប៉ាទើរ។</p-l>
self	(the distinct individuality or identity of a person) <p-l>អាត្មា</p-l>
self-control	(n) (the ability to exercise restraint over one's feelings, emotions, reactions, etc.) <p-l>សេចក្តីដឹងខ្នាត ការគ្រប់គ្រងខ្លួនឯង [(គ.បៈ សេចក្តីដឹងខ្នាត អត់ទ្រាំ ដឹងខ្លួន ដឹងខ្នាត ចេះទប់ ចិត្ត មានចិត្តធ្ងន់ធ្ងរ សេចក្តីធ្ងន់ធ្ងរ) (គ.ខ.បៈ : ការទប់ចិត្តនឹងតណ្ហា ទ្រាំបាន ភ្ញាក់ខ្លួន មានចិត្តធ្ងន់ ចេះទប់ចិត្ត ការចេះទប់ចិត្ត ទប់ចិត្ត)]។</p-l>
self-examination	(scrutiny of one's own conduct, motives, desires, etc.) <p-l>ការពិចារណាមើលខ្លួនឯង។</p-l>
selfhood	(the state of having a distinct identity) <p-l>ភាពជាទ្រង់ទ្រាយរបស់ខ្លួនឯង</p-l>
selfish	(adj) (chiefly concerned with one's own interest, advantage, etc.) <p-l>អាត្មានិយម</p-l>
self-revelation	(God's self-revelation to man) <p-l>ការបើកសម្តែងរបស់ព្រះដោយអង្គទ្រង់ផ្ទាល់</p-l>
self-righteous	(adj) (having or showing an exaggerated awareness of one's own virtuousness) <p-l>ដែលសុចរិតផ្ទាល់ខ្លួន។</p-l>
Sem.	(abbreviation “Semitic”) <p-l>នៃពួកសាសន៍សេមីត</p-l>
semantic	(adj) (of or relating to meaning or arising from distinctions between the meanings of different words) <p-l>នៃនិហ្គាសាស្ត្រ</p-l> (informal) <p-l>ដែលទាក់ទងនឹងន័យរបស់ភាសា។</p-l>
semen	(fluid containing spermatozoa) <p-l>ទឹកកាម [(គ.បៈ : ជីវិត ទឹកកាម) គ.ខ.បៈ : ទឹកកាម]</p-l>
seminal	(adj) (highly original, influential and important) <p-l>ដែលបង្កើតគំនិតសំខាន់មួយ</p-l>
semi-Pelagianism	(theology: a compromise between Pelagianism and the teaching of the Church Fathers on the understanding of salvation) <p-l>អញ្ញមតិពាក់កណ្តាលកីឡាហៀស និយម។</p-l>
Semites	(descendants of Shem, including those people who speak the Semitic languages: Jews, Arabs, Babylonians, Syrians & Phoenicians) <p-l>ពួកសាសន៍សេមីត។</p-l>
Semitic	(adj) (belonging to the group of languages including Hebrew, Arabic & Aramaic) <p-l>នៃពួកសាសន៍សេមីត។</p-l>
Semitism	(palaeolinguistics: grammar or syntax in a language revealing the influence of a Semitic language) <p-l>ឥទ្ធិពលនៃភាសាសេមីត។</p-l>
Semler, Johann Salomo	[a German a critic of biblical and ecclesiastical documents and of the history of dogmas, and sometimes called "the father of German rationalism" (1725-1791)] <p-l>បណ្ឌិតស៊ែមលើរ។</p-l>
send	(vb) (to cause or order someone to be taken or directed to another place) <p-l>បញ្ជូន</p-l> (div) <p-l>ចាត់។</p-l>
Sennacherib	(King of Assyria 705-631 BC, son of Sargon II, and conqueror of Babylon) <p-l>ស្តេចសានហេរីប។</p-l>
sentence	(judgment formally pronounced upon a person convicted in criminal proceedings) <p-l>ការកាត់សេចក្តី។</p-l>
Sephar	(a place in Gen. 10:30) <p-l>សេផា</p-l>
Septuagint	(the Greek version of the OT including the Apocrypha) <p-l>ព្រះគម្ពីរសិបធូជីន</p-l> (short) <p-l>សិបធូជីន។</p-l>
Serabit el-Khadim	(a locality in the south-west Sinai Peninsula where the Ancient Egyptians mined turquoise extensively) <p-l>តំបន់សេរ៉ាប៊ីត អ៊ែល-ខាឌីម។</p-l>
sermon	(an address of exhortation, generally based on a Bible passage) <p-l>សេចក្តីអធិប្បាយ</p-l> "Sermon on the Mount" (Jesus' teaching in Matt. chapters 5-7) <p-l>សេចក្តីអធិប្បាយលើភ្នំ</p-l> "Sermon on the Plain" (Jesus' teaching in Lk. 6:20-49) <p-l>សេចក្តីអធិប្បាយនៅកន្លែងរៀបស្មើ</p-l>
serpent	(a snake, or a manifestation of Satan as a guileful tempter) <p-l>សត្វពស់</p-l>
Serug	(son of Reu, son of Peleg) <p-l>សេរូក</p-l>
servant	(person employed to work for another) <p-l>អ្នកបម្រើ (គ.ប : ទាសាទាសី+បាវព្រាវ គ.ខ.ប : អ្នក បំរើ)។</p-l>
Servant, the...	(an individual featuring in the Book of Isaiah, chosen by God, who is identified as a future Messianic figure) <p-l>អ្នកបម្រើ។</p-l>
Servant, the...	(title used to refer to Jesus) <p-l>អង្គបម្រើ</p-l> "Servant of the Lord” <p-l>អ្នកបម្រើព្រះអម្ចាស់</p-l> (div) <p-l>អង្គបម្រើព្រះអម្ចាស់</p-l>
Servant Songs, the...	(the songs in the Book of Isaiah about someone identified as a future Messianic figure) <p-l>បទចម្រៀងទាំងឡាយរបស់អ្នកបម្រើ។</p-l>
servanthood	(the state of being a servant) <p-l>ភាពជាអ្នកបម្រើ</p-l>
serve	(vb) (to pay homege) <p-l>ចុះចូល</p-l>
serve	(vb) (to help) <p-l>បម្រើ</p-l>
service	(...of worship/church...) <p-l>កម្មវិធីថ្វាយបង្គំ</p-l> (short) <p-l>កម្មវិធី</p-l>
service	(the state, position or duties of a servant) <p-l>ការបម្រើ</p-l> "Session of Christ" (doctrine that Jesus is seated at the right hand of the Father in Heaven) <p-l>គោលលទ្ធិ ព្រះយេស៊ូវនៅព្រះហស្តស្តាំនៃព្រះវរបិតា ។</p-l>
Setnakht	[the first pharaoh of the 20th Dynasty of Egypt, who ruled 1189-1186 BC] <p-l>ជាប៉ានសេតណាក់។</p-l>
Seth	(the third son of Adam and Eve) <p-l>សេត</p-l>
Sethos I	(a pharaoh of the 19th Dynasty of Egypt, who ruled c. 1290-1279 BC) <p-l>ផារ៉ាន សេថូសទី១។</p-l>
Seti I	[a pharaoh of the New Kingdom 19th Dynasty of Egypt, the son of Rameses I and Queen Sitre, and father of Ramesses II (reign c. 1290-1279 BC)] <p-l>ផារ៉ានសេទី ទី១។</p-l>
setting	(the surroundings in which something is placed) <p-l>ស្ថានភាព</p-l>
Settlement, the...	(reference to the period of Israel's settling into the Land which began under Joshua) <p-l>សម័យការតាំងទីលំនៅ។</p-l>
Seven, the...	(reference to the seven men chosen to "serve tables" in Acts 6:3) <p-l>ពួក៧នាក់</p-l>
Seven Words, the...	(... of Jesus on the Cross) <p-l>«ព្រះបន្ទូលប្រាំពីរប្រការ»</p-l>
Sextus, Sentences of...	(a Hellenistic Pythagorian text mentioned by Origen and partially recovered at Hag Nammadi) <p-l>«ប្រយោគទាំងឡាយនៃសិចទុស»។</p-l>
sexual immorality	(the state of transgressing accepted standards of behaviour concerning sexuality and sexual relationships) <p-l>ភាពអសីលធម៌ផ្លូវភេទ [(គ.ប : សេចក្តីកំជិត សហាយ ស្មន់) គ.ខ.ប : ប្រាសចាកសីលធម៌]។</p-l>
Shabako Shabaka	(a Kushite pharaoh of the 25th Dynasty of Egypt, who ruled c. 721-707 BC) <p-l>ជាប៉ាន សាបាកូ។</p-l>
Shabbath. Tractate...	(the first tractate in the Mishnaic section of the Mishnah and Talmud, dealing with the laws related to the Jewish Sabbath) <p-l>រឿងខ្លីៗ សប្បីទ ។</p-l>
shade	(a ghost) <p-l>ខ្មោច</p-l>
Shallum, King...	(15 king of Israel) <p-l>ស្ដេចសាលូម</p-l>
Shalmaneser I	(a king of Assyria who ruled c. 1265-1235 BC, who according to his anals conquered eight countries in the northwest) <p-l>ស្ដេចសាលម៉ានេស៊ីរទី១។</p-l>
Shalmaneser III	(a king of Assyria 859-824 BC, who persevered to subjugate Israel) <p-l>ស្ដេចសាលម៉ានេស៊ីរទី៣។</p-l>
Shalmaneser V	(a king of Assyria who ruled from 727-722 BC, who conquered Samaria and sent its inhabitants into exile) <p-l>ស្ដេចសាលម៉ានេស៊ីរទី៥។</p-l>
shalom	(Hebrew "peace") <p-l>ភាសាហេព្រើរ សាឡិម (សន្តិភាព)</p-l>
shame	(painful emotion resulting from an awareness of having done something dishonourable, unworthy, degrading etc.) <p-l>សេចក្តីអៀនខ្មាស។</p-l>
Shamgar	<p-l>សាំកើរ</p-l>
Shammai, School of...	(a school of early 1st Century AD Jewish thought that debated with the School of Hillel upon matters of ritual practice, ethics and theology) <p-l>ពួក សាម៉ាយ។</p-l>
shard	(a broken piece of pottery) <p-l>បំណែកកុលាលភាជន៍</p-l>
Shaveh, Valley of...	(Gen.14) <p-l>ច្រកភ្នំសាវេ</p-l>
Shaveh-kiriathaim	(Gen.14:5) <p-l>វាលសាវា-គារយ៉ាថែម</p-l>
sheaf	(a bundle of reaped but unthreshed corn) <p-l>កណ្តាប់</p-l>
Shealtiel	<p-l>សាលធាល</p-l>
Shearjashub	(Is. 7:3 the name of a son of the Prophet Isaiah) <p-l>ស្នា-យ៉ាស៊ូប</p-l>
Sheba	(son of Raamah; son of Joktan) <p-l>សេបា</p-l>
Shebitku/Shabataka	(the third pharaoh of the 25th Dynasty of Egypt, who ruled c. 707690 BC) <p-l>ផារ៉ាន សេបឺតគូ។</p-l>
Shebna	<p-l>សេបណា</p-l>
Shechem	<p-l>ស៊ីគែម</p-l> (town of...) <p-l>ក្រុងសីគែម</p-l>
shed	(vb) [to cause to pour (blood)] <p-l>បង្ហូរ (គ.ប : ចាយ គ.ខ.ប : បង្ហូរ)</p-l>
shekel	(the chief silver coin of the Hebrews, as well as being a unit of weight, before the advent of coins, equal to 20 gerahs) <p-l>រៀល (គ.បៈ រៀល (គ.ខ.បៈ : ប្រាក់សុទ្ធ បួនតម្លឹង ណែន)]។</p-l>
Shelah	(son of Arphaxad, son of Shem) <p-l>សេឡា</p-l>
Sheleph	(son of Joktan, son of Eber) <p-l>សេលែប</p-l>
Shem	(eldest son of Noah) <p-l>សិម</p-l>
Shema	<p-l>សេម៉ា</p-l>
Shema, the...	[term referring to the whole part of the daily prayer of observant Jews that commences with Shema Yisrael ("Hear, O Israel") and comprises of Deut. 6:4-9; 11:13-21 & Num. 15:37-41] <p-l>ការអធិស្ឋាន សេម៉ា ។</p-l>
Shemeber, King...	(Gen. 14:2) <p-l>ស្ដេចសេមេប៉ើរ</p-l>
Sheol	(Hebrew name for the abode of the dead) <p-l>ស្ថានឃុំព្រលឹងមនុស្សស្លាប់</p-l>
Shephelah	(Judean lowland between Mt. Hebron and the coastal plains of Philistia) <p-l>ស្រុក ទំនាបស៊ីហ្វិឡាស។</p-l>
shepherd	(a person who tends sheep) <p-l>អ្នកគង្វាល</p-l>
Shepherd	(Jesus in his role as divine carer of sheep) <p-l>អង្គគង្វាល</p-l>
sherd	<p-l>សូមមើល</p-l> shard
Sheshbazzar	<p-l>សេសបាសារ</p-l>
Sheshonq I	(a Meshwesh Berber pharaoh of Egypt and founder of the 22nd Dynasty who ruled c. 943-922 BC) <p-l>ជារៀន សេស្យុងទី១។</p-l>
Sheshonq V	(final pharaoh of the 22nd Dynasty of Egypt who ruled c. 778-740 BC when the kingdom disintegrated into various city-states) <p-l>ផារ៉ាន សេស្យុងទី៥។</p-l>
Shiloh, area of...	<p-l>តំបន់ស៊ីឡូរ</p-l>
Shimei	<p-l>ស៊ីម៉ាយ</p-l>
Shinab, King...	(Gen. 14:2) <p-l>ស្ដេចស៊ីណាប</p-l>
Shinar, land of...	<p-l>ស្រុកស៊ីណើរ</p-l>
shoot	(the first aerial part of a plant to develop from a germinating seed) <p-l>លំពង់ (គ.ប : លំពង់ គ.ខ.ប : ខ្នែង)។</p-l>
shovel	(an instrument for lifting or scooping loose material such as earth, coal or excrement) <p-l>ចបជីក (គ.ប : ចបជីក គ.ខ.ប : ចប)</p-l>
showbread/shewbread	(the cakes or loaves of bread which were always present on a specially dedicated table in the Temple, as an offering to the Lord) <p-l>នំប៉័ងតាំងទុក [គ.ប : នំប៉័ងតាំងទុក (គ.ខ.បៈ នំប៉័ងជាតង្វាយអចិន្ត្រៃយ៍ នំប៉័ងដែលគេទាំងថ្វាយព្រះអម្ចាស់)]។</p-l>
shrewd	(adj) (astute, often with regard to business) <p-l>ឆ្លៀវឆ្លាត (គ.ប : ឆ្លៀវឆ្លាត គ.ខ.ប : ប៊ុន ប្រសប់)</p-l>
shrine	(place of worship associated with a sacred person or object) <p-l>ទីសក្ការៈ ចេតិយ (គ.បៈ ព្រះវិហារ គ.ខ.ប : កន្លែងថ្វាយបង្គំព្រះ)។</p-l>
shroud	(garment or piece of cloth used to wrap a dead body) <p-l>ស្អប</p-l>
Shur	(probably an arable strip of land on the east-side of the Nile Delta) <p-l>ស្រុកសើរ</p-l>
Shuruppak	(an ancient Sumerian city dating from 3000 BC and abandoned c. 2000 BC, located 50 km south of Nippur on the banks of the Euphrates River) <p-l>ក្រុងស៊ូរួ ជាក។</p-l>
Shuwardata	(mayor of Hebron district in mid-14th Century BC, and an author of the Amarna Letters) <p-l>ស៊ូរ៉ាជាតា។</p-l>
Siamun	(the sixth pharaoh of the 21" Dynasty of Egypt who ruled 986-967 BC, and is probably the pharaoh who took Gezer and gave it as a dowry to his daughter, Solomon's wife) <p-l>ផាធាន សៀម៉ុន។</p-l>
Sibylline Oracles, the...	(a collection of oracular utterances written in Greek hexameters ascribed to the Sibyls, prophetesses who uttered divine revelations in a frenzied state. Probably composed or edited between the 2nd Century BC and the 5th Century AD) <p-l>ក្រមឯកសារ ព្យាករណ៍ស៊ីប៊ីលែន ។</p-l>
Sibyls	<p-l>សូមមើល</p-l> “Sibylline Oracles, the...” <p-l>ពួកហោរាស្រីស៊ីប៊ីស</p-l>
sickle	(an implement for cutting grass, wheat etc.) <p-l>កណ្ដៀវ</p-l>
Siddim, Valley of...	(Gen.14:3) <p-l>វាលច្រកស៊ីឌីម</p-l>
side	(either half of the human body) (div) <p-l>ឌា</p-l>
Sidon	(son of Canaan) <p-l>ស៊ីដូន</p-l>
Sidon, City of...	<p-l>ក្រុងស៊ីដូន</p-l> Sidonians/Zidonians <p-l>ពួកស៊ីដូន</p-l>
siegecraft	(the art of carrying out the offensive operations to capture a fortified place by surrounding, isolating, and deploying weapons) <p-l>សិល្បៈឡោមព័ទ្ធវាយប្រហារ។</p-l>
sift	(vb) (to use a device for separating lumps from powered material, straining liquids, grading particles etc.) <p-l>វែង។</p-l>
sight	(the faculty of perception by the eyes) <p-l>ការមើលឃើញ (គ.ប : បានភ្លឺ គ.ខ.ប : មើលឃើញ)</p-l>
sign	(something that indicates or acts as a token of a fact that is not outwardly observable) <p-l>ទីសំគាល់ (គ.ប : ទីសំគាល់ គ.ខ.ប : សញ្ញាសំគាល់)។</p-l>
sign	(an indication) <p-l>ប្រផ្នូស</p-l>
significat	(Latin: the idea that is intended) <p-l>ន័យដែលត្រឹមត្រូវ (ភាសាឡាតាំង)</p-l>
signify	(vb) (to stand as a symbol or sign) <p-l>ធ្វើសញ្ញាប្រាប់/តំណាង/បង្ហាញ</p-l>
Sihon	(an Amorite king who refused to allow the Israelites to pass through his country) <p-l>ស្តេចស៊ីហុន។</p-l>
Siloam Inscription	(ancient Hebrew inscription found on the Siloam conduit) <p-l>អក្សរចារឹក ស៊ីឡោម។</p-l>
Siloam, Pool of...	<p-l>អាងស៊ីឡោម</p-l> (...valley) <p-l>ជ្រលងស៊ីឡោម</p-l>
Silvanus/Silas	<p-l>ស៊ីលវ៉ាន</p-l>
Silvanus, Teachings of...	(early Christian text found at Hag Nammadi dated to approximately 150 AD) <p-l>ឯកសារ សេចក្តីបង្រៀនរបស់ស៊ីលវ៉ាន ។</p-l>
Simeon	<p-l>សីមាន</p-l> (tribe of...) <p-l>អំបូរសីមាន</p-l>
Similitudes of Enoch	<p-l>សូមមើល</p-l> “Enoch, Book of..."
Simon	<p-l>ស៊ីម៉ូន</p-l>
Simon II	[a Jewish high priest (219-199 BC) during the Second Temple, mentioned in 3 Maccabees 2] <p-l>សម្តេចសង្ឃស៊ីម៉ូនទី២។</p-l>
Simon the Zealot	<p-l>ស៊ីម៉ូនជាអ្នកជាតិនិយម (គ.ប : ស៊ីម៉ូនជាសាសន៍កាណាន គ.ខ.ប : ស៊ីម៉ូនជាអ្នកជាតិ និយម)។</p-l>
simony	(the practice of buying or selling spiritual or Church benefits such as pardons, relics etc.) <p-l>ការទិញលក់វត្ថុស័ក្តិសិទ្ធិ។</p-l>
Simpson, A. B.	[Canadian preacher, theologian and founder of the Christian and Missionary Alliance (C&MA) (1843-1919)] <p-l>បណ្ឌិត អេ.ប៊ី.ស៊ឹមសុន។</p-l>
sin	(transgression of God's known will as embodied in the Bible) <p-l>អំពើបាប</p-l> (vb) <p-l>ធ្វើអំពើបាប (គ.ប : ធ្វើសៅហ្មង គ.ខ.ប : ប្រព្រឹត្តអំពើបាន)</p-l> sinful (adj) <p-l>មានបាប</p-l> sinner <p-l>បាបជន</p-l> (informal) <p-l>មនុស្សមានបាប</p-l> sinfulness <p-l>ភាពមានបាប។</p-l>
Sin	(the state of fallen humanity) <p-l>សភាពបាប</p-l>
sin-offering	<p-l>ដង្វាយលោះបាប (គ.ប : ដង្វាយលោះបាប គ.ខ.បៈ យញ្ញបូជារំដោះបាប)</p-l>
Sinai, Desert	<p-l>ទីរហោស្ថានស៊ីណាយ</p-l> Mount Sinai <p-l>ភ្នំស៊ីណាយ</p-l>
Sinaitic Code	(the complete system of laws given to Israel while in the Sinai) <p-l>ក្រឹត្យច្បាប់ដែលពួកអ៊ីស្រាអែលទទួលនៅសីណាយ។</p-l>
Sinaitic Covenant/Sinai Covenant	(the covenant between God and Israel and given to Moses at Mt. Sinai, as described in Ex. 24) <p-l>សម្ពុទ្ធមេត្រីស៊ីណាយ។</p-l>
sine qua non	(Latin: reference to an indispensable and essential action, condition or ingredient) <p-l>លក្ខខណ្ឌចាំបាច់ដែលត្រូវតែធ្វើតាម (ភាសាឡាតាំង)។</p-l>
sinew	(a literary word for muscle that describes a source of strength or power) <p-l>សរសៃ</p-l>
singular	(grammar: denoting a word indicating only one referent is being described) <p-l>ពាក្យ ឯកវចនៈ។</p-l>
Sinites	(a people descended from Canaan, son of Ham) <p-l>ពួកស៊ីនី និយាយដើម (គ.ប : និន្ទា គ.ខ.ប : និយាយដើម)។</p-l>
sinless	(adj) (having not transgressed God's known will) <p-l>គ្មានអំពើបាប</p-l> sinlessness (state of...) <p-l>ភាពគ្មានបាប។</p-l>
Sippar	(an Ancient Near Eastern city on the east bank of the Euphrates River, 60 km N of Babylon and 30 km SE of Bagdad) <p-l>ក្រុងស៊ីបប៉ា។</p-l>
sky	(the expanse extending upwards from the horizon) <p-l>ផ្ទៃមេឃ</p-l>
slander	(false words spoken about a person) <p-l>និយាយដើម (គ.ប. និន្នា គ.ប.ខ : និយាយដើម)</p-l>
slave	<p-l>ទាសករ</p-l> (person forced to work for another against his/her will) slavery <p-l>ទាសភាព</p-l>
Slavonic	(the primary liturgical language of the Orthodox Church in Russia, Ukraine and Belarus, derived from Old Church Slavonic) <p-l>ភាសាស្លាវីនឹក។</p-l>
sleep	(period of rest when consciousness is suspended) (royal) <p-l>ផ្ទះ</p-l>
smell	(vb) (to perceive an odour by means of the olfactory nerves) <p-l>ធំ</p-l>
smite	(vb) (to strike with a heavy blow or blows) <p-l>កំទេច</p-l>
Smyrna, City of...	<p-l>ក្រុងស្មីនា</p-l>
Smyrnaeans/ “Letter to the Smyrnaeans”	(letter written by Ignatius of Antioch around 110 AD to the early Christians in Smyrna) <p-l>សំបុត្រពួកស្មីនា ។</p-l>
snow	(atmospheric water vapour frozen into ice crystals and falling in light white flakes) <p-l>ហិម:។</p-l>
snuffer	(a cone shaped implement for extinguishing candles) <p-l>កែព្រៃសំរាប់កាត់ប្រឆេះចង្កៀង</p-l>
Socoh, town of...	<p-l>ក្រុងសូគរ</p-l>
social action	(action that seeks to resolve social problems) <p-l>សកម្មភាពជួយសង្គម</p-l>
social gospel, the...	(a post-millennialist Protestant intellectual movement in the early 20th Century, that sought to apply Christian ethics to social problems) <p-l>ដំណឹងល្អ ចំពោះសង្គម</p-l> social gospel movement <p-l>ចលនាដំណឹងល្អចំពោះសង្គម។</p-l>
social justice	(the idea of creating a society that is based on the principles of equity and solidarity, that understands and values human rights, and that recognizes the dignity of every human being) <p-l>យុត្តិធម៌នៅក្នុងសង្គម</p-l> (short) <p-l>យុត្តិធម៌សង្គម</p-l> social injustice <p-l>អយុត្តិធម៌នៅក្នុងសង្គម។</p-l>
Socinianism	(a form of Nontrinitarianism that rejects the divinity of Christ, that originated in the Italian Anabaptist movement of the 1540s) <p-l>សូសីនៀននិយម។</p-l>
sociology	(study of the development, organization, functioning and classification of human society) <p-l>សង្គមវិទ្យា។</p-l>
Sodom, City of...	<p-l>ក្រុងសូដុំម</p-l>
sodomite	(a man who practices anal sex) <p-l>មនុស្សរួមភេទដូចគ្នា</p-l>
soil	(land where plants grow) <p-l>ស្រែចំការ</p-l>
sojourn	(vb) (to stay or reside temporarily) <p-l>សំណាក់ (គ.ប : សំណាក់ ស្នាក់នៅ គ.ខ.ប : ស្នាក់ នៅ)</p-l> sojourner <p-l>អ្នកសំណាក់។</p-l>
sola fide	(Latin"by faith alone") <p-l>ភាសាឡាតាំង«តាមរយះជំនឿតែប៉ុណ្ណោះ»</p-l>
solar calendar	(a calendar whose dates indicate the position of the earth on its revolution around the sun) <p-l>ប្រតិទិនសុរិយគតិ។</p-l>
sole	(the underside of the foot) <p-l>បាតជើង (គ.ប : បាតជើង គ.ខ.ប : ចុងជើង)<</p-l>sup>91</sup>
solecism	(non-standard use of a grammatical construction) <p-l>ការប្រព្រឹត្តវេយ្យាករណ៍ខុសធម្មតា</p-l>
solemn	(adj) (characterized by seriousness or sincerity) <p-l>ម៉ឺងម៉ាត់</p-l>
solidarity	(unity of interests, sympathies etc.) <p-l>សាមគ្គីភាព</p-l>
Solomon, King...	<p-l>ស្ដេចសាឡូម៉ូន</p-l>
soma	(Greek "body") <p-l>ភាសាក្រេក «សូម៉ា» (រូបកាយ)</p-l>
Son, the...	(a title of Jesus) <p-l>ព្រះរាជបុត្រា</p-l>
Son of David	(a title of Jesus) <p-l>ព្រះរាជបុត្រានៃហ្លួងដាវីឌ</p-l>
Son of God	(a title of Jesus) <p-l>ព្រះរាជបុត្រានៃព្រះវរបិតា</p-l>
Son of Man	(a title of Jesus) <p-l>កូនមនុស្ស</p-l>
Song of Moses	(Deut. 32:1-43) <p-l>បទចម្រៀងម៉ូសេ</p-l>
Song of Moses and the Lamb	(Rev. 15:3-8) <p-l>បទចម្រៀងម៉ូសេ និងកូនចៀម</p-l>
Song of Solomon, The...	<p-l>កណ្ឌបទចំរៀងសាឡូម៉ូន</p-l>
Song of Susanna	(from the Apocrypha) <p-l>«កណ្ឌបទចម្រៀងនៃស៊ូសាន់ណា»</p-l>
Song of the Three Children	(from the Apocrypha) <p-l>«កណ្ឌបទចម្រៀងនៃក្មេងទាំងបី»</p-l>
Songs, the...	(abbreviation "the Servant Songs”) <p-l>បទចម្រៀងទាំងឡាយរបស់អ្នកបម្រើ</p-l>
sons of God”	<p-l>កូនព្រះ</p-l>
sonship	(the state of being a male offspring) <p-l>ភាពជាកូនប្រុស (គ.ប : ភាពជាកូនចិញ្ចឹម គ.ខ.បៈ : ភាពជាបុត្ររបស់ព្រះជាម្ចាស់)។</p-l>
Sonship	(div) (the state of being the second person of the Trinity) <p-l>ភាពជាបុត្រា</p-l>
sop	(food soaked in liquid before being eaten) <p-l>នំប៉័ង ជ្រលក់</p-l>
Sopater	(Acts 20:4) <p-l>សូប៉ាត្រុស</p-l>
sophia	(Greek "wisdom”) <p-l>ប្រាជ្ញា (ភាសាក្រេក)</p-l>
Sophia of Jesus Christ	(a gnostic tract discovered at Hag Nammadi in 1945) <p-l>«សូហៀ របស់ព្រះយេស៊ូវគ្រីស្ទ»។</p-l>
<sup>91</sup>. Job	2:7
sorcery	(the practice of magic, especially black magic in order to harness evil spirits) <p-l>ធ្មប់</p-l> sorceror <p-l>គ្រូធ្មប់។</p-l>
sore	(a painful or sensitive wound) <p-l>ដំបៅ</p-l>
soter	(Greek “saviour, deliverer” a title of liberators, and of Jesus) <p-l>អ្នកសង្គ្រោះ អង្គសង្គ្រោះ (ភាសាក្រេក)។</p-l>
soteriology	(the doctrine of salvation) <p-l>សេចក្តីសង្គ្រោះវិទ្យា</p-l> soteriological (adj) <p-l>ខាងសេចក្តី សង្គ្រោះវិទ្យា។</p-l>
soul	(the spirit of a person, capable of redemption from the power of sin through divine grace) <p-l>ព្រលឹង [(គ.បៈ ជីវិត ព្រលឹង ព្រលឹងវិញ្ញាណ ចិត្ត) (គ.ខ.បៈ ជីវិត ព្រលឹង ចិត្ត វិញ្ញាណក្ខន្ធ អ្នកជាប់ ជាឈ្លើយ គ.គ.ខៈ : ជីវិត)]។</p-l>
soul-life	(life of the soul) <p-l>ព្រលឹង</p-l>
Source, the...	(an indirect reference to God from whom everything originates) <p-l>ព្រះអង្គដែល ជាប្រភពសកល។</p-l>
source criticism	(the attempt to establish the sources used by the author and/or redactor of the final text) <p-l>ការវិភាគប្រភពអត្ថបទ</p-l> source critics <p-l>អ្នកវិភាគប្រភពអត្ថបទ។</p-l>
source-material	(original materials from which information is obtained) <p-l>ប្រភពឯកសារ</p-l>
sovereign	(adj) (a person exercising supreme authority, especially a monarch) <p-l>ដ៏ជាម្ចាស់ [គ.ប : ដ៏ជាម្ចាស់ (គ.ខ.ប : បពិត្រ អម្ចាស់ ជាចៅហ្វាយ)]</p-l> Sovereign (div) <p-l>ព្រះអធិបតី (គ.បៈ : ស្តេចចក្រ គ.ខ.បៈ : ព្រះមហាក្សត្រ)។</p-l>
sovereignty	(supreme and unrestricted power) <p-l>អធិបតីភាព</p-l>
sower	(a person who scatter or places seeds) <p-l>អ្នកព្រោះពូជ</p-l>
Sower, Parable of the...	<p-l>រឿងប្រៀបប្រដូចពីអ្នកព្រោះពូជ</p-l>
SP	(abbreviation “Samaritan Pentateuch”) <p-l>«គម្ពីរប៉ង់ថាធើចរបស់សាសន៍សាម៉ារី»</p-l>
spatial	(adj) (relating to the expanse in which all material objects are located) <p-l>នៃទំហំ</p-l>
spear	(weapon consisting of a long shaft with a sharp pointed end) <p-l>លំពែង</p-l>
special grace	(the grace by which God redeems, sanctifies and glorifies his people) <p-l>ព្រះ: គុណពិសេស។</p-l>
special revelation	(the more specific truths that can be known about God through supernatural means, including Scripture) <p-l>ការបើកសម្តែងពិសេស។</p-l>
species	(any of the taxonomic groups into which a genus is divided) <p-l>ប្រភេទ</p-l>
speculative	(adj) (characterized by conjecture without knowing the complete facts) <p-l>ដែល មិនប្រាកដប្រជា។</p-l>
speech	(the faculty of communicating in words) <p-l>ពាក្យសំដី (គ.ប : សំដី គ.ខ.ប : ពាក្យសំដី)</p-l>
spell	(verbal formula considered as having magical force) <p-l>អំពើ (គ.ប: អំពើ បន្តអាគម)</p-l>
sphinx	(a mythical creature with the body of a lion, and head of a human or cat) <p-l>ទេវរូប ស្ទឹង្ស។</p-l>
spice	(a variety of aromatic vegetable substances) <p-l>គ្រឿងក្រអូប</p-l>
spirit	(the fundamental, emotional and activation principle of a person) <p-l>សតិអារម្មណ៍</p-l>
spirit	(a being or state of having no material substance) <p-l>វិញ្ញាណ</p-l>
spirit	(temperament or disposition) <p-l>អធ្យាស្រ័យ</p-l>
Spirit	(reference to the Spirit of God) <p-l>ព្រះវិញ្ញាណ</p-l>
Spirit, the...	(reference to the Holy Spirit) <p-l>ព្រះវិញ្ញាណបរិសុទ្ធ</p-l>
spiritual	(adj) (relating to the spirit or soul and not to physical nature) <p-l>ខាងព្រលឹងវិញ្ញាណ</p-l> spiritual gift (endowments given by the Holy Spirit) <p-l>អំណោយទានខាងវិញ្ញាណ</p-l> spirituality (the state or quality of being dedicated to God or religion, as contrasted with material or temporal values) <p-l>ភាពឧទ្ទិសចំពោះព្រះ ឬភាពឧទ្ទិសចំពោះសាសនា។</p-l>
spiritualize	(vb) (to infuse with spiritual content) <p-l>ឲ្យន័យខាងសាសនា</p-l>
spiritual sense	(related to the mind and spirit, as distinct from the body) <p-l>អត្ថន័យខាងព្រលឹង វិញ្ញាណ។</p-l>
spiritual sense	(hermeneutics: a deeper sense of understanding Scripture revealing spiritual things that are not self-evident/literal) <p-l>អត្ថន័យដោយព្រះវិញ្ញាណ។</p-l>
splendour	(the state or quality of shining brightly) <p-l>សិរីល្អ សិរីរុងរឿង</p-l>
spokesman	(person authorized to speak on behalf of another person) <p-l>អ្នកនាំពាក្យ</p-l>
spring	(a natural outflow of groundwater, forming the source of a stream) <p-l>ប្រភពទឹក (គ.បៈ ក្បាលទឹក គ.ខ.បៈ : ប្រភពទឹក)។</p-l>
springs of the deep	(source of subterranean water) <p-l>រន្ធទឹក (គ.ប : រន្ធទឹក គ.ខ.ប : ប្រភភពទឹក ដែលផុសចេញពីទីជំរៅ)។</p-l>
sprinkle	(vb) (to scatter in tiny droplets) <p-l>ប្រោះ</p-l>
Ss.	(abbreviation "Song of Songs"/ "Song of Solomon”) <p-l>បទ</p-l>.
staff	(long stick used for support representing authority) <p-l>ដំបូង</p-l>
standpoint	(the position from which things are viewed) <p-l>ទស្សនៈ</p-l>
star	(any of a vast number of celestial objects visible in the clear night sky) <p-l>ផ្កាយ</p-l>
state	(the condition of a person or thing with regard to attributes) <p-l>សភាព ឋាមវ័ន្ត</p-l>
state	(a sovereign political power, often contrasted with the Church) <p-l>រដ្ឋ</p-l>
static	(adj) (concerning forces that do not produce movement or change) <p-l>ដែលស្ថិតស្ថេរ</p-l>
stature	(intellectual and/or moral greatness) <p-l>កេរ្តិ៍ឈ្មោះ</p-l>
status	(position, condition or standing to which varying degrees of responsibility, privilege and esteem are attached) <p-l>ឋានៈ។</p-l>
status quo	(Latin "the current or existing state of affairs) <p-l>ស្ថានភាពនៅដដែល</p-l>
statute	(a permanent rule made by a body or institution for the government of its internal affairs) <p-l>ច្បាប់ លក្ខន្តិកៈ។</p-l>
statute law	(a law enacted by a legislative body) <p-l>ក្រមលក្ខន្តិកៈច្បាប់</p-l>
steadfast	(adj) (unwavering or determined in purpose/loyalty) <p-l>ដែលមិនប្រែប្រួល [(គ.ប: តាំង ឲ្យមាំមួនឡើងក្នុងការរងទុក្ខ ដែលទ្រាំទ្រ) (គ.ខ.ប: ឥតរង្គើ ដែលចេះស៊ូទ្រាំ)]</p-l> steadfastness (n) <p-l>ភាពមិនប្រែប្រួល (គ.ប : សេចក្តីអត់ធន់ គ.ខ.ប: ស៊ូទ្រាំ)។</p-l>
steadfast love	(an unwavering attachment and affection) <p-l>សេចក្តីសប្បុសរស (គ.ប : សេចក្តីសប្បុរស គ.ខ.ប : សេចក្តីស្រឡាញ់ដែលនៅសេសសល)។</p-l>
stele/stelae	(an upright stone slab or column decorated with figures or inscriptions) <p-l>សសរ ស្តម្ភ។</p-l>
Stephanas	<p-l>ស្នេផានាស</p-l>
Stephanus, Robert	(a 16th Century printer and classical scholar who is the first to print the Bible divided into standard numbered verse (1503-1559)] <p-l>បណ្ឌិតស្នេហ្វានុស។</p-l>
Stephen	<p-l>ស្នេផាន</p-l>
steward	(a person who helps to supervise some event or proceedings in an official capacity) <p-l>អ្នកកាន់កាប់ប្រុស [(គ.បៈ អ្នកឧកញ៉ា មហាតលិក) (គ.ខ.បៈ : មន្ត្រីមើលខុសត្រូវ មហា តលិក)]</p-l> stewardship <p-l>ភាពជាអ្នកកាន់កាប់។</p-l>
steward	(a person who administers the property of another) <p-l>អ្នករ៉ាប់រង</p-l>
sting	(a sharp pointed organ of an animal or insect by which poison can be injected into the prey) <p-l>ទ្រនិច។</p-l>
stipend	(a fixed or regular amount of money paid as a salary or allowance to a church worker) <p-l>ប្រាក់ឧបត្ថម្ភ។</p-l>
stipulation	(term/condition of a formal agreement) <p-l>ការចុះកិច្ចសន្យា លក្ខខណ្ឌកិច្ចសន្យា</p-l> (... of an informal agreement) <p-l>លក្ខខណ្ឌពិសេស។</p-l>
Stoicism	(an ancient school of Greek philosophy holding that virtue and happiness can only be attained by submission to destiny and natural law) stoic (adj) <p-l>នៃសូអ៊ុក និយម សូអ៊ីកនិយម</p-l> Stoic (a person who adheres to this philosophy) <p-l>អ្នកសូអ៊ីក។</p-l>
stoning	(a form of capital punishment whereby a group throws stones at a person until that person dies) <p-l>ការចោលនឹងដុំថ្ម។</p-l>
stranger	(person who is new to a particular locality, from another region, town etc.) <p-l>អ្នកដទៃ [(គ.ប: អ្នកដទៃ អ្នកប្រទេសក្រៅ) គ.ខ.ប: ជនបរទេស]។</p-l>
stratum	(distinctive layers of an archaelogical excavation) <p-l>ស្រទាប់</p-l>
Strauss, David Friedrich	[a German theologian who portrayed the "historical Jesus" and denied his divine nature (1808-1874)] <p-l>បណ្ឌិតដាវីឌស្ត្រាស។</p-l>
stress	(emphasis placed upon a syllable by pronouncing it more loudly than those surrounding it) <p-l>សង្កត់សំឡេង។</p-l>
stricken	(adj) (wounded or injured) <p-l>ដែលត្រូវរបួស</p-l>
stricture	(a severe criticism) <p-l>ការរិះគន់</p-l>
strike	(vb) (to make an attack) <p-l>ចឹក</p-l> (snake)
structuralism	(literary theory that textual features express deep structures that characterize all communication) <p-l>ការវិភាគរចនាសម្ព័ន្ធ</p-l> structuralist <p-l>អ្នកវិភាគរចនាសម្ព័ន្ធ។</p-l>
stumble	(vb) (to trip or fall) <p-l>ចំពប់ជើង</p-l> (short) <p-l>ចំពប់ (គ.ប : ជំពប់ គ.ខ.ប : ធ្វើខុល**)</p-l>
style	(literature: distinctive format) <p-l>រចនាបថ</p-l>
subdue	(vb) (to bring under control) <p-l>ពង្រាប</p-l>
subject	(grammar: a word or phrase about which something is predicated or stated in a sentence) <p-l>ប្រធាន។</p-l>
subjective	(adj) (proceeding from, relating to the mind of the thinking subject, and not the nature of object being considered) <p-l>ដែលជាទស្សនៈដែលជាអារម្មណ៍បុគ្គល។</p-l>
subjective genetive	(grammar: where the modifying noun is an agent in the action described) <p-l>ពាក្យដែលបង្ហាញភាពជាម្ចាស់ដែលជាទស្សនៈ។</p-l>
sublimation	(the process of making pure) <p-l>ការធ្វើឲ្យប្រែទៅជាវិសុទ្ធ</p-l>
submit	(vb) (to yield oneself to the will of another) <p-l>ចុះចូល (គ.ប : ចុះចូល គ.គ.ខ. ចុះចូល គ.ខ.ប : ស្តាប់បង្គាប់)</p-l> submission (n) <p-l>ការចុះចូល។</p-l>
subordinate	(adj) (under the control or authority of another) <p-l>ដែលនៅក្រោមបង្គាប់បញ្ជា</p-l> subordination <p-l>ការចាត់ទុកក្នុងបង្គាប់បញ្ជា។</p-l>
subordinate	(adj) (of lesser, order or importance) <p-l>ដែលមានឋាន:ទាបជាង</p-l>
subordinationism	(trinitarian theology: a belief that the Son and the Holy Spirit are subordinate to God the Father) <p-l>ជំនឿថាព្រះរាជបុត្រា និងព្រះវិញ្ញាណបរិសុទ្ធមានឋាន:ទាបជាង ព្រះវរបិតា។</p-l>
substance	(philosophy: essence, meaning) <p-l>ខ្លឹមសារ</p-l>
substance	(trinitarian theology: the "essence" or "very being" of God) <p-l>សារធាតុ</p-l>
substantive	(adj) (grammer: denoting, relating to, or standing in place of a noun) <p-l>ដែលជា នាមសព្វ។</p-l>
substantive	(a noun or pronoun used in place of a noun) <p-l>នាមសព្ទ</p-l>
substantive	(adj) (relating to the mind or perception of the thinking subject rather than the nature of the object considered) <p-l>ដែលជាគំនិតនៃជនណាម្នាក់។</p-l>
substitute	(vb) (to serve in place of another person or thing) <p-l>ជំនួស (គ.បៈ ផ្លាស់ប្តូរ គ.ខ.បៈ ដោះដូរ)</p-l> (n) (person) <p-l>អ្នកជំនួស</p-l> (animal) <p-l>សត្វជំនួស</p-l> (div) <p-l>អង្គជំនួស</p-l> substitution <p-l>ការជំនួស</p-l> substitionary (adj) <p-l>ដែលជំនួស។</p-l>
substitution theory	(idea that the sacrificial victim dies as a substitute for the worshipper) <p-l>ទ្រឹស្តីសត្វជំនួស។</p-l>
Succoth, town of...	<p-l>ក្រុងសិកូត</p-l>
succour	(help or assistance in times of difficulty) <p-l>ជំនួយសង្គ្រោះ</p-l>
Suetonius	[Roman historian who wrote during the early Imperial era whose most important work is a set of biographies of twelve successive rulers from Julius Caesar to Domition (c. 69-after122) ] <p-l>សូអុភូអៀស។</p-l>
Suffering Servant, the...	(title of Jesus emphasizing his role as the Servant prophesied by Isaiah) <p-l>អង្គបម្រើដែលរងទុក្ខវេទនា។</p-l>
sufficiency	(a doctrine of Scripture that describes the Bible's complete adequacy to equip for faith and service) <p-l>ភាពគ្រប់គ្រាន់។</p-l>
suffix	(grammar: an affix that follows the stem to which it is attached) <p-l>បច្ច័យ</p-l>
suicide	(the act of killing oneself intentionally) <p-l>ការសម្លាប់ខ្លួនឯង</p-l>
Suleiman the Magnificent	(a prominent Sultan of the Ottoman Empire, reigned 15201566) <p-l>ស្តេចស៊ូលេម៉ាន់ដ៏ប្រសើរលើសលុប។</p-l>
sulphur	(an allotropic nonmetallic element, occurring free in volcanic regions) <p-l>ស្ពាន់ធ័រ</p-l>
sultan	(a Muslim monarch) <p-l>ស្តេច</p-l>
Sumeria/Sumer	(area of a region in southern Mesopotamia, also known as Babylonia, where the Sumerian civilization flourished during the Early Bronze Age c. 4000-2000 BC) <p-l>ស្រុកស៊ូម័រ</p-l> the Sumerians <p-l>ពួកស៊ូមើរ។</p-l>
summon	(vb) (to order to come, send for) <p-l>ហៅ</p-l>
summons	(court order to attend, generally as a witness) <p-l>ដីកាកោះហៅអោយធ្វើសាក្សី</p-l>
supererogate	(vb) (to do more than is required) <p-l>ចាយក្រៅថែមទៀត</p-l> supererogatory (adj) <p-l>ដែលចាយក្រៅថែមទៀត។</p-l>
supernatural	(adj) (of, or relating to things that cannot be explained according to natural laws) <p-l>ដែលជាអធិធម្មជាតិ។</p-l>
supernatural world	(the spiritual realm) <p-l>ពិភពអធិធម្មជាតិ</p-l>
superstition	(irrational belief usually founded on ignorance or fear) <p-l>ជំនឿដែលគ្មានអ្វីជាមូល ដ្ឋាន</p-l> (short) <p-l>ជំនឿឆ្វេង។</p-l>
supersubstantial	(adj) (having to do with the very essence of things rather than their tangible nature) <p-l>ដែលហួសវិស័យធម្មជាតិ។</p-l>
Supper, the...	<p-l>សូមមើល</p-l> Lord's Supper <p-l>ពិធីលៀងព្រះអម្ចាស់</p-l>
Suppiluliumas I	(king of the Hittites, c. 1344-1322 BC who challenged the then dominant Egyptian Empire for control of land between the Mediterranean Sea and the Euphrates River) <p-l>ស្ដេចសុភីលូលីម៉ាទី១។</p-l>
suppl.	(abbreviation "supplementary volume”) <p-l>សៀវភៅបន្ថែម</p-l>
supplant	(vb) (to take the place of) <p-l>ជំនួស ចូលជំនួស</p-l>
supplicate	(vb) (to make a humble request) <p-l>អង្វរករ</p-l> supplication (n) <p-l>ការអង្វរករ</p-l> supplicant (person who makes supplication) <p-l>អ្នកអង្វរករ។</p-l>
suprajudicial	(adj) (of a meaning over and above "judicial”) <p-l>ដែលមានន័យលើសជាងន័យតាម ច្បាប់។</p-l>
supremacy	(doctrine of Scripture that the Bible is the ultimate, if not the only source of truth) <p-l>អធ្យោត្តម (មានអំណាចខ្ពស់បំផុត)។</p-l>
survey	(vb) (to view literature in a comprehensive way) <p-l>ពិនិត្យ</p-l>
Susa, City of...	(an ancient city of the Elamite, Persian and Parthian empires, east of the Tigris River, dating back to before 5000 BC) <p-l>ក្រុងស៊ូសាន។</p-l>
Susanna	(an apocryphal addition to the Book of Daniel as chapter 13) <p-l>រឿង ស៊ូសាន់ ណា ។</p-l>
sustain	(vb) (to hold up, maintain or prolong) <p-l>ទ្រទ្រង់</p-l> sustenance (n) <p-l>ការទ្រទ្រង់</p-l>
suzerain	(state exercising dominion) <p-l>ប្រទេសជាម្ចាស់</p-l> (sovereign exercising dominion) <p-l>ស្ដេច ជាម្ចាស់។</p-l>
s.v.	(Latin abbreviation *sub voce* that refers to a dictionary entry) <p-l>អត្ថបទ</p-l>
SW	(abbreviation “south west”) <p-l>ទិសនីរតី</p-l>
swear	(vb) (to declare or affirm as true) <p-l>ស្បថ</p-l>
sweat	(vb) (the process of secreting fluid from the sweat glands, especially during strenuous activity) <p-l>បែកញើស (គ.ប : បែកញើស គ.ខ.ប : បង្ហូរញើស។</p-l>
sword	(a weapon with a long blade having one or two cutting edges) <p-l>ដាវ</p-l>
Sychar, town of...	<p-l>ក្រុងស៊ូខារ</p-l>
syllabary	(a table or list of syllables) <p-l>តារាងព្យាង្គ បញ្ជីព្យាង្គ</p-l>
syllable	(a combination or set of one or more units of sound in a language) <p-l>ព្យាង្គ</p-l>
symbol	(something that represents something else) <p-l>និមិត្តរូប</p-l> symbolic (adj) <p-l>ដែលជានិមិត្តរូប</p-l>
symbolize	(vb) <p-l>ធ្វើជានិមិត្តរូប [(គ.បៈ : ស្លាក ទីសំគាល់ ទីរំឭក គំរូ) (គ.ខ.ប : សញ្ញាសំគាល់ ស្រាប់ សញ្ញា ប្រផ្នូល និមិត្តរូប)]</p-l> symbolism (n) <p-l>ការប្រែជានិមិត្តរូប។</p-l>
symbol	(a letter, figure or sign) <p-l>សញ្ញា</p-l>
sympathize	(vb) (to feel or express compassion) <p-l>អាណិតអាសូរ</p-l> sympathy <p-l>ការអាណិតអាសូរ</p-l>
sympathize	(vb) (to share aims and/or ideals) <p-l>មានចិត្តមេត្តា</p-l> sympathizer <p-l>អ្នកមានចិត្តមេត្តា</p-l>
symposium	(a collection of scholarly contributions, usually published together, on a given subject) <p-l>ក្រុមអត្ថបទដោយអ្នកជំនាញខាងអ្វីមួយ។</p-l>
synagogue	(a building for Jewish religious services and instruction) <p-l>សាលាប្រជុំ</p-l>
synchronic	(adj) (concerned with particular events at a particular period) <p-l>ដែលមានឡើងក្នុង ពេលតែមួយ។</p-l>
syncretism	(tendency to combine the characteristic teachings and beliefs of different religions) <p-l>ការរួបរួមសាសនាផ្សេងៗចូលគ្នា</p-l> (...of different philosophies) <p-l>ការរូបរួមទស្សន វិជ្ជាផ្សេងៗចូលគ្នា</p-l> syncretistic (adj) <p-l>ដែលរូបរួមទស្សនវិជ្ជាផ្សេងៗចូលគ្នា។</p-l>
synergism	(the doctrine that the human will co-operates with the Holy Spirit and with divine grace, especially in conversion or regeneration) <p-l>សហនិយម។</p-l>
synonym	(a word that means the same or nearly the same as another word) <p-l>សទិសន័យ</p-l> (informal) <p-l>ពាក្យដែលមានន័យដូចគ្នា។</p-l>
Synoptic Gospels/Synoptics	(the three Gospels that contain many stories in common: Matt. Mk. & Lk.) <p-l>ត្រៃកណ្ឌដំណឹងល្អ</p-l> (informal) <p-l>កណ្ឌដំណឹងល្អស្រប។</p-l>
Synoptic Jesus	(the description and teaching of Jesus as found in the Synoptic Gospels) <p-l>ការបង្រៀនរបស់ព្រះយេស៊ូវនៅក្នុងត្រៃកណ្ឌដំណឹងល្អ។</p-l>
Synoptic problem	(the attempt to explain how the Gospels of Matthew, Mark and Luke are the same, yet differ in content, wording and order to determine the precise relationships between the first three Gospels) <p-l>បញ្ហាត្រៃកណ្ឌដំណឹងល្អ។</p-l>
synthesis	(philosophy: the unification of one concept with another not contained in it) <p-l>សំយោគគំនិត។</p-l>
synthetic	(adj) (philosophy: of a proposition having a truth value that is not determined by the meaning of the words) <p-l>ដែលមានន័យសំយោគ។</p-l>
Syr.	(abbreviation "Syriac") <p-l>ភាសាសិរី</p-l>
Syr.	(abbreviation "Syriac Version”) <p-l>ព្រះគម្ពីរភាសាសិរី</p-l>
Syria	(an early Roman province, annexed by Pompey in 64BC, and merged with Judaea Province in 135AD to create the large province of Syria) <p-l>ខេត្តស៊ីរី។</p-l>
Syriac	(a dialect of Aramaic spoken in Syria until the 13th Century A.D. and still in use as a liturgical language) <p-l>ភាសាសិរី។</p-l>
Syriac Church	(the Church descended from the Christian community established in Antioch by Peter) <p-l>ក្រុមជំនុំសិរី។</p-l>
Syriac Sinaiticus	(4th Century manuscript of a translation of the four canonical Gospels into Syriac) <p-l>ឯកសារ សិរីស៊ីណាទីគុស (ឯកសារដើមនៃព្រះគម្ពីរកណ្ឌដំណឹងល្អទាំងបួន ដែលបកប្រែជាភាសាសិរីតាំងពីសតវត្សរ៍ទី៤នៃគ.ស.)</p-l>
Syriac Version	(the version of the Bible in Aramaic as used in the Syriac Church) <p-l>ព្រះគម្ពីរ ភាសាសិរី។</p-l>
Syro-Palestine	(an area that includes ancient southern-central Syria and Palestine, including areas both west and east of the Jordan River) <p-l>ស្រុកសិរីខាងត្បូង និង ប៉ាឡេស្ទីន។</p-l>
systematic theology	(a theological discipline that seeks to formulate an orderly, rational and coherent account of Christian faith and beliefs) <p-l>ទេវសាស្ត្រយថាក្រង (ទេវសាស្ត្រ តាមលំដាប់លំដោយ)។</p-l>
Tabernacle	(the portable sanctuary in the form of a tent which contained the Ark of the Covenant) <p-l>រោងឧបោសថ (គ.បៈ រោងឧបោសថ គ.ខ.បៈ ព្រះពន្លា)។</p-l>
Tabernacles, Feast of...	(also known as the Feast of Booths, is one of the three mandated festivals when Hebrew men were commanded to go to the Temple in order to remember the 40 years of sojourn in the Wilderness at the Exodus) <p-l>ពិធីបុណ្យ បារាំ។</p-l>
Tabitha	<p-l>តេប៊ីថា</p-l>
Table	<p-l>សូមមើល</p-l> Lord's Table
table-fellowship	(the practice of eating in the company of others) <p-l>ការប្រកបគ្នាញាំបាយ</p-l>
tablet	(slab of stone used for inscriptions) <p-l>ផ្ទាំងថ្ម</p-l>
taboo	(ritual restriction or prohibition, especially of something considered unclean) <p-l>ប្រពៃណី ឬសាសនាដែលហាមប៉ះពាល់។</p-l>
Tabrimmon	(2 Ki. 15:18) <p-l>ថាបរីម៉ូន</p-l>
Tadmor, City of...	(2 Ch. 8:4) <p-l>ក្រុងថាត់ម៉ោរ</p-l>
Tahan	<p-l>ថាហាន</p-l>
Tacitus	[(Roman senator and historian, whose major works are the *Annals* and *Histories*) (56-117 AD)] <p-l>តាស៊ីធើស។</p-l>
Taharqa/Tirhakah	(a pharaoh of the 25th Dynasty who ruled Egypt and the Kingdom of Kush 690-664 BC) <p-l>ផារោន តាហាកា។</p-l>
Takeloth I	(a pharaoh of the 22nd Dynasty who ruled Egypt c. 885-872 BC) <p-l>ជាផានថាគេឡូដ ទី១។</p-l>
talent	(ability, aptitude or faculty) <p-l>ទេពកោសល្យ</p-l>
talent	(an ancient unit of mass, which in OT times was approximately 30 kg, and the common talent used in NT times was 58.9 kilograms) บาน ((<p-l>គ.ប ពាន់ ហាប) គ.ខ.ប : ណែន]។</p-l>
talic	(Latin "a punishment equal to the injury sustained") <p-l>ទណកម្មជូននឹងកំហុស (ភាសា ឡាតាំង)។</p-l>
Talmud	(a text of mainstream Judaism concerning ethics, philosophy, custom, history and Jewish law from 200 to 500 AD) <p-l>ឯកសារ «គាល់មុដ»</p-l> Talmudic (adj) <p-l>នៃឯក សារ «តាល់មុដ»។</p-l>
Talmud Bavli	[documents compiled over Late Antiquity (3rd to 5th Century BC) comprising the Mishnah and the Babylonian Gemara] <p-l>តាល់មុដបាប៊ីឡូន។</p-l>
Talmudic	(adj) (taken from the Talmud) <p-l>នៃឯកសារ «តាល់មុដ»</p-l>
Talmudic	(Hebrew language as found in the Talmud) <p-l>ភាសាហេព្រើរនៅក្នុងឯកសារ «តាល់មុដ»</p-l>
tamarisk	(type of tree) <p-l>ដើមម៉ៃសាក់</p-l>
Tammuz	(a Sumerian and Babylonian god) <p-l>ព្រះតាំមុស</p-l>
Taanach, City of...	<p-l>ក្រុងតាណាក់</p-l>
tantamount	(adj) (equivalent in effect to) <p-l>ដូចគ្នានឹង</p-l>
Tanwetamani/Tanutamen	(a pharaoh of the 25th Dynasty of Egypt and the Kingdom of Kush who ruled 664-656 BC) <p-l>ជាធាន តាន់វេតាម៉ានី។</p-l>
tare	(a troublesome weed) <p-l>ស្រង (រុក្ខជាតិតូចៗឥតប្រយោជន៍)</p-l>
Targum	(an Aramaic translation, usually as an extended paraphrase of various sections of the Old Testament) <p-l>ព្រះគម្ពីរតាហ្គាំ។</p-l>
Tarshish	(son of Javan) <p-l>តើស៊ីល</p-l>
Tarsus, City of...	<p-l>ក្រុងតើសុស</p-l>
Taurus mountains	(located in southern Turkey, dividing the Mediterranean coastal region of southern Turkey form the central Anatolian Plateau) <p-l>ជួរភ្នំតើរុស។</p-l>
tax-collector	(Ancient Rome: a public contractor who often farmed the taxes of a province) <p-l>អ្នកទារពន្ធ។</p-l>
taxis	(trinitarian theology: a Greek word use to express the fact that persons are not interchangeable) <p-l>លំដាប់លំដោយ (ភាសាក្រេក)។</p-l>
Tb.	(abbreviation “Tobit”) <p-l>កណ្ឌថូប៊ីក</p-l>
technical	(adj) (hermeneutics: existing by virtue of a strict application of the rules, or a strict interpretation of the wording) <p-l>ដែលកាត់ស្រាយយ៉ាងហ្មត់ចត់។</p-l>
Tekoa, town of...	<p-l>ក្រុងតួអា</p-l>
Telah	<p-l>ចេឡា</p-l>
Teleological Argument	(attempt to prove the existence of God from the human experience of the world and the perception that the world is planned) <p-l>សំដីអះអាងនៃទូរ បាតុភូតសាស្ត្រ</p-l>
teleology	(philosophy: the theory that there is evidence of purpose or design in the universe, and that this provides proof of the existence of a designer) <p-l>ទូរបាតុភូត សាស្ត្រ</p-l> teleological (adj) <p-l>នៃទូរបាតុភូតសាស្ត្រ។</p-l>
tell	(a large mound resulting from the accumulation of debris on a long-settled site) <p-l>ពំនូក កម្ទេចធំ</p-l> (short) <p-l>ទួល។</p-l>
Tell Abil	(site of a modern settlement in northern Israel, close to Lebanon) <p-l>ទួលអាប៊ីល</p-l>
Tell Asana	(site of an ancient city-state in southern Turkey) <p-l>ទួលអាសាណា</p-l>
Tell Beit Mirsim	(site of an ancient Judaean town) <p-l>ទួលបេតមើស៊ីម</p-l>
Tell ed-Dweir	(site of the City of Hazor) <p-l>ទួលអ៊ែដ-ឌូវារ</p-l>
Tell Sheba	(site of an ancient city in Palestine) <p-l>ទួលសេបា</p-l>
temple	(building or place dedicated to the worship of a deity or deities) <p-l>ព្រះវិហារ</p-l>
Temple	(the temple in Jerusalem) <p-l>ព្រះវិហារនៅក្រុងយេរូសាឡិម</p-l>
Temple precinct	(the area within the boundary surrounding the central Temple building) <p-l>បរិវេណព្រះវិហារ។</p-l>
Temple Scroll, The...	(a Dead Sea Scroll describing a Jewish temple which has never been built along with extensive detailed regulations about sacrifices and temple practices) <p-l>ឯកសារ «រមូរពីព្រះវិហារ»</p-l>
temporal	(adj) (relating to time) <p-l>កាលិក (នៃពេលវេលា)</p-l>
temporal	(adj) (an indirect description of the things of this world that last only for a short time in comparison with eternity) <p-l>ដែលនៅក្នុងលោកិយ។</p-l>
temporary	(adj) (not permanent) <p-l>បណ្តោះអាសន្ន</p-l>
tempt	(vb) (to attempt to persuade or entice to do something, especially something morally wrong or unwise) <p-l>ល្បង</p-l> temptation <p-l>សេចក្តីល្បង។</p-l>
Ten Commandments	(also known as the Decalogue, a set of laws inscribed by God on two stone tablets given to Moses on Mt. Sinai) <p-l>បញ្ញត្តិទាំងដប់ប្រការ។</p-l>
tendentious	(adj) (having an intentional bias) <p-l>ដែលលំអៀង</p-l>
tense	(grammer: a verb category or inflection that expresses the temporal relations between what is reported and the time of its utterance) <p-l>កាល។</p-l>
tension	<p-l>សូមមើល</p-l> "eschatological tension"
tent	(a temporary, moveable dwelling) <p-l>ត្រសាល (គ.បៈ ត្រសាល គ.ខ.បៈ : ជំរំ)</p-l>
tent	(reference to the temporary structure that contained the Ark of the Covenant) <p-l>រោង ឧបោសថ (គ.បៈ រោងឧបោសថ គ.ខ.បៈ ព្រះពន្លា)។</p-l>
tent-group	(clan, people interrelated by ancestry or marriage) <p-l>ក្រុមត្រសាល</p-l>
tent of meeting	(the portable dwelling place that represented God's presence from the Exodus to the Conquest) <p-l>ត្រសាលជំនុំ (គ.ប : ត្រសាលជំនុំ គ.ខ.ប : ពន្លាជួបព្រះ អម្ចាស់)។</p-l>
Terah	(son of Nahor, son of Serug) <p-l>ថេរ៉ា</p-l>
teraphim	(various small household gods or images venerated by ancient Semitic peoples) <p-l>ទេវរូប។</p-l>
term	(word used to describe the conditions of an agreement) <p-l>ល័ក្ខខ័ណ្ឌ</p-l>
terminology	(the body of specialized words relating to a particular subject) <p-l>សារព័ន្ធសព្ទ</p-l>
terminus a quo	(Latin: the lower limit of dating, as of the earliest plausible date at which a fact could have occurred or a document written) <p-l>កាលបរិច្ឆេទដែលចាស់ជាងគេ (ភាសាឡាតាំង)។</p-l>
terminus ad quem	[Latin: the latest possible date of a non-punctual event (period, era etc.)] <p-l>កំណត់អាយុព្រឹត្តិការណ៍ចុងក្រោយគេ (ភាសាឡាតាំង)។</p-l>
terrace	[a piece of flat ground: (1) built next to a building; (2) made on a slope, e.g. for cultivation; or (3) a natural shelf-like formation] <p-l>ផ្ទៃរាប។</p-l>
terain	(the physical character of a piece of ground) <p-l>លក្ខណ:ភូមិសាស្ត្រនៃដី</p-l>
Tertius	(Rom. 16:22) <p-l>ទើទោស</p-l>
Tertullian	[an Early Church Father and prolific Christian author from Carthage in the Roman Province of Africa (160-220 AD)] <p-l>ធីទូលាន។</p-l>
testament	(an affirmation to correctness or truth) <p-l>សញ្ញា</p-l>
testament	(a covenant instituted between God and man) <p-l>សម្ព័ន្ធមេត្រី</p-l>
Testament	(either of the two main parts of the Bible) <p-l>កណ្ឌគម្ពីរ (សញ្ញាចាស់/សញ្ញាថ្មី)</p-l>
Testaments of the Twelve Patriarchs, the...	(a pseudopigraphical apocalyptic work comprising of the dying commands of the twelve sons of Jacob) <p-l>ឯកសារ «សញ្ញា ទាំងឡាយនៃឮយុកោទាំង១២»។</p-l>
testify	(vb) (to state as a declaration of fact) <p-l>ផ្តល់ភស្តុតាង</p-l>
testify	(vb) (to declare, or give evidence under oath) <p-l>ធ្វើជាសាក្សី</p-l>
testimony	(a declaration of truth) <p-l>សេចក្តីបន្ទាល់</p-l> (informal) <p-l>ទីបន្ទាល់ [(គ.ប : សេចក្តីបន្ទាល់ ទីបន្ទាល់) គ.ខ.បៈ : សក្ខីភាព]។</p-l>
testimony	(evidence) <p-l>ភស្តុតាង</p-l>
Testimony	(another name for mercy seat) <p-l>ទីប្រណិសន្តោស (គ.ប: ទីសន្តោសប្រោស គ.ខ.ប : គំរបហិម) ។</p-l>
tetradrachm	(a coin minted by the City of Athens from around the middle of the 5th Century BC onwards) <p-l>កាក់ប្រាក់ពីក្រុងអាថែន។</p-l>
tetragram	(a word having 4 letters) <p-l>ពាក្យដែលមានបួនអក្សរ</p-l>
Tetragrammaton/Tetragram	(the Hebrew name for God revealed to Moses on Mount Sinai, consisting of the four consonants YHWH) <p-l>ពាក្យភាសាហេព្រើរ ព្រះយាវ៉េ ដែល អត់មានស្រៈ។</p-l>
tetrarch	(ruler of a fourth part) <p-l>ស្តេចអនុរាជ</p-l>
TEV	(abbreviation "Today's English Version”) <p-l>ព្រះគម្ពីរភាសាអង់គ្លេស</p-l> Today's English Version (1976)។
text	(the original exact wording of a work, especially the Bible) <p-l>អត្ថបទ</p-l>
text	(the words of a written document) <p-l>ឯកសារអត្ថបទ</p-l> "Texts and Versions” <p-l>«អត្ថបទ និងការបកប្រែ»</p-l> textual criticism (a branch of literary criticism concerned with the identification and removal of transcription errors from manuscripts) <p-l>ការវិភាគអត្ថបទ។</p-l>
Thaddaeus	<p-l>ថាដេ</p-l>
thank	(vb) (to convey feelings or expessions of gratitude) <p-l>អរគុណ</p-l> thankfulness <p-l>កតញ្ញូ</p-l>
thanksgiving	(the act of expressing appreciation or gratitude to God) <p-l>ការអរព្រះគុណ</p-l>
Thanksgiving, The Hymn of...	(one of the first seven Dead Sea Scrolls discovered in 1947, designated 1QH) <p-l>«បទចម្រៀងនៃការសរសើរតម្កើងពីព្រះគុណ»។</p-l>
thank-offering	(an optional offering under the Law of Moses) <p-l>ដង្វាយអរព្រះគុណ</p-l>
Thebes, City of...	<p-l>ក្រុងនរអាម៉ូន</p-l>
theft	(the dishonest taking of property belonging to another) <p-l>ចោរកម្ម</p-l>
theism	(a belief in God as creator and sustainer of the universe) <p-l>អាទិករនិយម</p-l>
theme	(an idea or topic that is expanded) <p-l>ផ្ទៃរឿង</p-l>
theocentric	(adj) (having God as the focal point) <p-l>ដែលមានព្រះជាម្ចាស់ជាចំណុចកណ្តាល</p-l>
theocracy	(government by a deity and the deity's representatives) <p-l>របបទេវាធិបតេយ្យ</p-l>
theodicy	(a branch of theology dealing with the defense of the attributes of God against objections resulting from physical and moral evil) <p-l>វិជ្ជាការការពារលក្ខណសម្បត្តិព្រះ អម្ចាស់។</p-l>
Theodoret of Cyrus	(an influential author, theologian and Bishop of Cyrus, Syria (423457 AD)] <p-l>ថេអូដូរិតពីក្រុងស៊ីរូស។</p-l>
Theodore of Mopsuestia	[also known as "Theodore the Interpeter" and "Theodore of Antioch" was Bishop of Mopsuestia, and is the best known representative of the middle School of Antioch of hermeneutics (c. 350-428)] <p-l>ថេអូដូរពីក្រុងម៉ប់ ស៊ូអែស្មៅ។</p-l>
Theodotian	(a Hellenistic Jewish scholar who in c. 150 AD translated the Hebrew Bible into Greek) <p-l>ថេអូដូស្សិន។</p-l>
theology	(the systematic study of the existence and nature of God and his relationship to and influence upon other beings) <p-l>ទេវសាស្ត្រ</p-l> theological/theologically (adj) <p-l>ខាង ទេវសាស្ត្រ</p-l> theologian <p-l>ទេវវិទូ។</p-l>
theophany	(manifestation of a deity) <p-l>ការបង្ហាញអង្គព្រះជាម្ចាស់</p-l>
Theopilus	(the named recipient of Luke and Acts) <p-l>ថេវភីល</p-l>
theophoric name	(embeds the name of a god, both invoking and displaying the protection of that deity) <p-l>ឈ្មោះដែលត្រូវបានបញ្ចុះព្រះនាម។</p-l>
theory	(abstract knowledge or reasoning) <p-l>ទ្រឹស្តី</p-l>
theos	(Greek "god") <p-l>ព្រះ ទេវតា អាទិទេព (ភាសាក្រេក)</p-l>
Thera. Island of...	(located in the southern Agean Sea, 200 km southeast from the Greek mainland) <p-l>កោះថេរ៉ា។</p-l>
theriomorphic	(adj) (possessing or depicted in the form of a beast) <p-l>ដូចសត្វ</p-l>
Thes.	(abbreviation "Letter to the Thessalonians") <p-l>ថែស</p-l>.
thesis	(theory, idea, or doctrine maintained or promoted in a discussion/argument) <p-l>ទ្រឹស្តី</p-l>
thesis	(philosophy: first stage of a philosophical dialectic) <p-l>និក្ខេបបទ</p-l>
thesis	(scholarly dissertation) <p-l>សារណា</p-l>
Thessalonians, Letter to the...	<p-l>សំបុត្រដល់ពួករថែស្សាឡូនិច</p-l>
Thessalonica	(the principal city of Macedonia) <p-l>ក្រុងថែស្សាឡូនិច</p-l>
third person	(grammar: category of pronouns and verbs used when referring to objects or individuals other than the speaker and his/her addressee/s) <p-l>បុរសទី៣។</p-l>
Thirty-Nine Articles	(historically defining statements of the Church of England with respect to the controversies of the English Reformation, first established in 1563) <p-l>មាត្រាទាំង៣៩។</p-l>
thistle	(a plant with prickly edged leaves and feathery hairs on the seeds) <p-l>អញ</p-l>
Thomas	<p-l>ថូម៉ាស</p-l>
Thomas, Gospel of...	(a non-Canonical gospel found at Nag Hammadi in 1945) <p-l>«កណ្ឌ ដំណឹងល្អថូម៉ាស ។</p-l>
Thomasius, Gottfried	[German theologian and professor of dogmatics at the University of Erlangen who introduced the concept of kenotic Christology into Germany (1802-1875)] <p-l>បណ្ឌិតហួតហៀល ថូម៉ាសសៀស</p-l> (short) <p-l>ថូម៉ាសសៀស។</p-l>
thorn	(a shrub with sharp pointed woody extensions) <p-l>បន្លា</p-l>
three decker universe	(a worldview proposed by Aristotelian astronomy, proposing a three level universe with the earth at the centre and all the spheres going around it) <p-l>ទស្សនវិស័យលោកថា «សកលលោកបីជាន់»។</p-l>
threeness	(trinitarian theology: the state or quality of being three, commonly attributed to God) <p-l>ភាពជាបី។</p-l>
threshing-floor	(a specially flattened surface where a farmer would thresh the grain harvest and then winnow) <p-l>លានបោកស្រូវ (គ.បៈ : លានស្រូវ គ.ខ.ប លានបោកស្រូវ)។</p-l>
threshold	(doorway or entrance) <p-l>ធរណីទ្វារ</p-l>
throne	(the ceremonial seat occupied by a monarch on occasions of state) <p-l>បល្ល័ង្ក រាជបល្ល័ង្ក</p-l>
throne-room	(the location of the throne inside a building) <p-l>មហាមន្ទីរ</p-l>
throughout	(adj) (through the whole of something e.g the Bible) <p-l>ដោយរហូត</p-l>
thunder/thunderbolt	(a loud rumbling or crashing noise heard after a lightning flash) <p-l>រន្ទះ</p-l>
thwart	(to oppose successfully or prevent) <p-l>ឃាត់</p-l>
Thyatira, City of...	<p-l>ក្រុងធាទេរ៉ា</p-l>
Tiberius	(Emperor of Rome from 14 to 37 AD) <p-l>អធិរាជទីបើរ</p-l>
Tiberius, City of...	<p-l>ក្រុងទីបើរ</p-l>
Tibni	(1 Ki. 16) <p-l>ធីបនី</p-l>
Tidal	(king of Goiim - Gen.14:1) <p-l>ស្តេចធីដាល</p-l>
tidings	(Old English: information, news) <p-l>ដំណឹង</p-l>
Tiglath-Pileser I	[King of Assyria, 1114-1076 BC, when Assyria became the leading power of the Middle East] <p-l>ស្ដេចទឹកឡាតពីឡេស៊ីរទី១។</p-l>
Tiglath-Pileser III	(King of Assyria, 745-727 BC, widely regarded as founder of the Neo-Assyrian Empire) <p-l>ស្តេចទឹកឡាត ពីឡេស៊ីរទី៣។</p-l>
Tigris River 	<p-l>មាន្តហ៊ីដេតែល</p-l>
96. the Khmer is based on the KJV name for this river: Hiddekel Tikulti-Ninurta I	(succeeded Shalmaneser I as King of Assyria, he reigned 1243-1207 BC and captured the rival city of Babylon to ensure full Assyrian supremacy over Mesopotamia) <p-l>ស្តេចទូគុលទី-នីនើរថាទី១។</p-l>
Tim.	(abbreviation "Letter to Timothy") <p-l>ធី</p-l>.
time	(the continuous passage of existence in which events pass from a state of potentiality in the future, through the present, to a state of finality in the past) <p-l>ពេល វេលា។</p-l>
Timothy, Letter to...	<p-l>សំបុត្រដល់ធីម៉ូថេ</p-l>
Timnah, City of...	(one of the Philistine cities) <p-l>ក្រុងធមណា</p-l>
Timnathites	(the inhabitants of the Philistine City of Timnah) <p-l>សាសន៍ធមណា</p-l>
Tiras	(son of Japheth) <p-l>ទីរ៉ាស</p-l>
Tit.	(abbreviation "Letter to Titus") <p-l>ទីត</p-l>.
tithe	(a levy, generally of one tenth, raised for charitable or religious purposes) <p-l>១ភាគក្នុង ១០ (គ.បៈ ១ភាគក្នុង១០ គ.ខ.បៈ មួយភាគដប់)។</p-l>
title	(a name signifying rank, office or function) <p-l>ងារ ឋានៈ</p-l> "Titles of Jesus Christ” (NBD) <p-l>«ឋានៈទាំងឡាយរបស់ព្រះគ្រីស្ទយេស៊ូវ»</p-l> titular (adj) (relating to the nature of a title) <p-l>ដែលមានយសតែក្នុងនាម</p-l> Titus (a Roman military commander who served in Judea, and later became Emperor, of
Rome AD 79-81)	(General...) <p-l>មេទ័ពទីតុស</p-l> (Emperor...) <p-l>អធិរាជទីតុស។</p-l>
Titus' Arch	(an honorific arch constructed in c. 82 AD. by Emperor Domitian to commemorate Titus's victories, including the Siege of Jerusalem in 70 AD) <p-l>ទ្វារក្រុង របស់មេទ័ពទីតុល។</p-l>
Titus, Letter to...	<p-l>សំបុត្រដល់ទីតុស</p-l>
Tobiah	<p-l>ថូប៊ីយ៉ា</p-l>
Tobias	(the son of Tobit in the Book of Tobit) <p-l>ថូប៊ីយ៉ាស</p-l>
Tobit, Book of...	(from the Apocrypha) <p-l>កណ្ឌថូបឺត</p-l>
Togarmah	(son of Gomer) <p-l>តួកាម៉ា</p-l>
Toi/Tou	(a king of Hamath, a city in Syria) <p-l>ស្តេចថូអ៊ី</p-l>
toil	(hard work for sustenance) <p-l>ការងារធ្ងន់ (គ.ប : សេចក្តីនឿយហត់ គ.ខ.ប : ការនឿហត់)</p-l>
token	(a symbol or representation of something) <p-l>និមិត្តរូប</p-l>
tolerate	(vb) (to treat with liberality or forbearance) <p-l>ត្រាប្រណី</p-l> tolerance <p-l>សេចក្តីត្រាប្រណី</p-l> Copyri
tone	(general aspect, quality or style) <p-l>ទស្សនៈ</p-l> (aspect), <p-l>លក្ខណៈ</p-l> (quality), <p-l>បែបបទ</p-l> (style)
tongues	(spoken sounds that resemble a different language) <p-l>ភាសាចំឡែក</p-l> (foreign languages) <p-l>ភាសាដទៃ (គ.បៈ ភាសាដទៃ គ.ខ.បៈ ភាសាចំឡែក)97។</p-l>
Torah/tora	(Hebrew "the Jewish Law": may refer more specifically to the Pentateuch, more generally to the whole body of Jewish traditional teaching) <p-l>បញ្ចកណ្ឌក្រឹត្យ វិន័យគម្ពីរគូរ៉ា</p-l> (short) <p-l>តូរ៉ា (ភាសាហេព្រើរ)។</p-l>
Torrey, Charles C.	[an American historian, archaeologist and scholar who presented manuscriptural evidence to support alternate views on Christian origins (18631956)] <p-l>បណ្ឌិតឆាលស៍ ធើរី</p-l> (short) <p-l>ធើររី។</p-l>
total depravity	(doctrine teaching that, as a consequence of the Fall, every person born into the world is enslaved to the service of sin, and apart from God's grace, is utterly unable to choose to follow God, refrain from evil, or accept God's gift of salvation) <p-l>សេចក្តីពុករលួយទាំងស្រុង។</p-l>
touch	(vb) (to come into contact) <p-l>ប៉ះពាល់</p-l>
tower	(a tall, usually square or circular structure) <p-l>ប៉ម</p-l>
Tower of David	(a citadel built to strengthen Jerusalem's defences during the 2nd Century BC) <p-l>ប៉មស្តេចដាវីឌ។</p-l>
tr.	(abbreviation "translated", "translation") <p-l>ការបកប្រែ</p-l>
Tractarians	(a name for the Oxford Movement, a group of High Church Anglicans, associated with Oxford University, who argued for the reinstatement of Roman Catholic traditions into Anglican liturgy and theology) <p-l>ពួកនិយមលទ្ធិត្រាក់តា។</p-l>
tractate	(a short pamphlet) <p-l>ខិត្តប័ណ្ណ</p-l>
traditio-historical basis	(biblical studies that focussed on the development of OT texts from communicated messages to the biblical text) <p-l>មូលដ្ឋាននៃប្រវត្តិសាស្ត្រ និង ប្រពៃណី។</p-l>
tradition	(a specific custom or practice of long standing) <p-l>ទំនៀមទម្លាប់ ប្រពៃណីបវេណី</p-l>
tradition	(the written body of customs, thought, practices etc., belonging to a particular group) <p-l>អក្សរសាស្ត្រ។</p-l>
tradition	(general: teaching handed down from a teacher to his disciples) <p-l>សេចក្តីបង្រៀនទូទៅ</p-l> (informal) <p-l>សេចក្តីបង្រៀនរបស់គ្រូបង្រៀនចំពោះសិស្សគាត់។</p-l>
tradition	(the handing down from generation to generation of beliefs etc. by word of mouth) <p-l>សេចក្តីបង្រៀនដែលប្រគល់ដោយមាត់ពីជំនាន់មួយដល់ជំនាន់មួយ។</p-l>
tradition	(a body of doctrines regarded as established by the Apostles and their successors but not contained in Scripture) <p-l>សេចក្តីបង្រៀននៃពួកជំនុំដើម។</p-l>
transcendence	(having existence outside the created world) <p-l>ភាពលើសពី</p-l> (div) <p-l>វត្តមានក្រោយ ពីលោកិយ</p-l> transcendent (adj) <p-l>ដែលលើសពីលោកិយ</p-l> (div) <p-l>ដែលមានវត្តមានក្រៅពីលោកិយ។</p-l>
transcript	(a reproduction or copy) <p-l>ប្រតិចារឹត</p-l>
transfigure	(vb) (to change or cause to change in appearance) <p-l>ផ្លាស់រូប</p-l> transfiguration <p-l>ការ ផ្លាស់រូប ការប្រែទ្រង់ទ្រាយ។</p-l>
transform	(vb) (to alter radically in form, function, etc.) <p-l>ផ្លាស់ប្រែ ត្រឡប់ទៅជា</p-l> transformation <p-l>ការផ្លាស់ប្រែ</p-l> transformed (pass) <p-l>ត្រូវបានផ្លាស់ប្រែ។</p-l>
transgress	(vb) (to go beyond or overstep a limit) <p-l>ធ្វើរំលង</p-l> transgression <p-l>អំពើរំលង សេចក្ដី រំលង។</p-l>
transience	(a quality of only existing for a short period of time) <p-l>ភាពមិនឋិតថេរ ភាពមិនទៀង ត្រង់។</p-l>
transitive	(adj) (grammar: denoting the occurence of a verb when it requires a direct object) <p-l>កិរិយាសព្ទសកម្ម។</p-l>
transitory	(adj) (of short duration, transient, ephemeral) <p-l>មិនស្ថិតស្ថេរ</p-l>
Transjordan	(land east of the Jordan River, allocated to the tribes of Reuben, Gad and the half-tribe Manasseh) <p-l>ទឹកដីនៅខាងកើតទន្លេយ័រដាន់។</p-l>
translate	(vb) (to express in another language) <p-l>បកប្រែ</p-l> translation (the process of expressing in another language) <p-l>ការបកប្រែ</p-l> translation (a document that has been expressed in another language) <p-l>ឯកសារដែលបានបកប្រែ។</p-l>
translate literally	(vb) (to render a text from one language to another "word for word") <p-l>បកប្រែពាក្យមួយៗ។</p-l>
transliterate	(vb) (to transcribe from one alphabet into corresponding letters of another alphabet) <p-l>សរសេរអក្សរភាសាមួយដោយប្រើអក្សរភាសាផ្សេងទៀត។</p-l>
transubstantiation	(Roman Catholic theology: the doctrine that the whole substance of the bread and wine changes into the substance of the body and blood of Christ when consecrated in the Eucharist) <p-l>លទ្ធិទស្សនវិជ្ជារ៉ូម៉ាំងកាតូលិកពីការផ្លាស់ប្តូរធាតុ។</p-l>
travail	(Old English "the pangs of childbirth") <p-l>សម្រាល</p-l>
tray	[a thin flat board or plate, usually with a raised edge, on which objects (for worship) can be carried] <p-l>កន្ថោរ (គ.បៈ: កន្ថោរ គ.ខ.ប: កន្លែងស៊ក)។</p-l>
treasury	(a storage place for treasure) <p-l>រតនាគារ</p-l>
treatise	(a formal written word on a subject) <p-l>អភិប្រាយ</p-l>
treaty	(a formal agreement or contract between two or more states) <p-l>សន្ធិសញ្ញា</p-l>
treaty-covenant	(a pattern found in Scripture, where a treaty is made in the form of a covenant eg. Ex. 20-24, Jos. 24) <p-l>សន្ធិសញ្ញាដែលមានទ្រង់ទ្រាយដូចសម្ព័ន្ធមេត្រី។</p-l>
tree of life	<p-l>«ដើមជីវិត»</p-l>
tree of the knowledge of good and evil”	<p-l>ដើមសម្រាប់ដឹងខុសត្រូវ</p-l>
Trent, Council of...	(a council of the Roman Catholic Church convened in Trent, Italy between 1545 and 1563 in order to condemn the Protestants and define Roman Catholic teaching) <p-l>ក្រុមប្រឹក្សត្រែននៃនិកាយរ៉ូម៉ាំងកាតូលិក។</p-l>
trespass	(a sin or offence) <p-l>ការរំលង</p-l>
trespass-offering	(also known as a guilt offering, is a sacrifice made as a compensation payment) <p-l>ដង្វាយសម្រាប់ការរំលង។</p-l>
trial	(n) (a determination of a person's guilt or innocence, normally after examining evidence and a judicial examination of the issues involved) <p-l>ការជំនុំជម្រះក្តី។</p-l>
trial	(trouble or grief) <p-l>ដំណើរក្រហល់ក្រហាយ</p-l> "trial of Jesus" <p-l>ការជំនុំជម្រះក្តីនៃព្រះយេស៊ូវ</p-l>
tribe	(a division of a people in terms of descent and territory) <p-l>អំបូរ កុលសម្ព័ន្ធ (គ.បៈ : ពូជអំបូរ គ.ខ.បៈ : កុលសម្ព័ន្ធ)</p-l> tribal (adj) <p-l>នៃអំបូរ នៃកុលសម្ព័ន្ធ។</p-l>
tribulation	(a state of suffering or distress) <p-l>ការកើតទុក្ខវេទនា (គ.ប : គ្រាវេទនា គ.ខ.បៈ : កើតទុក្ខ វេទនា)។</p-l>
tribunal	(a special court convened by the government to inquire into a specific matter) <p-l>សាលាក្តី។</p-l>
tribute	(a payment by one ruler or state to another) <p-l>សួយសារអាករ [(គ.បៈ : ពន្ធខ្លួន ពន្ធដារ សួយ អាករ) (គ.ខ.បៈ : លុយសារអាករ ពន្ធដារ តង្វាយ)]។</p-l>
Trinitarian theology	(an approach to systematic theology that understands the Trinity to be the foundational doctrine, as opposed to one point of doctrine in systematics) <p-l>ទេវសាស្ត្រពីព្រះត្រៃឯក។</p-l>
trinitarianism	(the doctrine that God, although being one, exists in three distinct persons, known as the Holy Trinity) <p-l>ត្រៃឯកនិយម។</p-l>
Trinity	(the union of three persons, the Father, Son and Holy Spirit, in one Godhead) <p-l>ព្រះត្រៃឯក</p-l> Trinitarian (adj) <p-l>នៃព្រះត្រៃឯក។</p-l>
Trinity Sunday	(Church calendar: the first Sunday after Pentecost) <p-l>ថ្ងៃអាទៀតបន្ទាប់ពីបុណ្យថ្ងៃ ទី៥០។</p-l>
trisagion, the...	(an ancient prayer in Christianity based on the angelic cry in Revelation 4:8) <p-l>ត្រៃសេជីយ៉ូន។</p-l>
tritheism	(belief in three distinct gods) <p-l>លទ្ធិកាន់ព្រះបីអង្គ</p-l>
triumphalist	(someone regularly exultant from victories or major achievements) <p-l>មនុស្ស ដែលអបអរញឹកញាប់តាមរយៈការទទួលជោគជ័យ។</p-l>
triune	(adj) (constituting three in one) <p-l>បើក្នុងមួយ</p-l>
Triune God	(the three persons in one God of the Trinity) <p-l>ព្រះត្រៃឯក</p-l>
Troas, City of...	<p-l>ក្រុងទ្រអាស</p-l>
Trogyllium	[(the rocky extremity of Mycale, opposite Samos (Acts 20:15)] <p-l>ក្រុងទ្រគីលាម</p-l>
Trophimus	<p-l>ទ្រភីម</p-l>
truism	(an obvious truth) <p-l>សេចក្តីពិតច្បាស់លាស់</p-l>
trumpet	(musical instrument) <p-l>គ្រែ</p-l>
trust	(vb) (reliance on and confidence in the truth, reliability, etc. of a person or thing) <p-l>ទុកចិត្ត (៣) ទំនុកចិត្ត ការទុកចិត្ត។</p-l>
Truth, Gospel of...	(a gnostic homily discovered at Hag Nammadi) <p-l>«កណ្ឌដំណឹងល្អនៃ សេចក្តីពិត»។</p-l>
Tubal	(son of Japheth) <p-l>ទូបាល</p-l>
Tubal-Cain	(son of Lamech) <p-l>ទូបាល-កាអ៊ីន</p-l>
Tübingen School	(located at Tübingen University, Germany, is the beliefs and disciples of F. C. Baur which initiated the historical analysis of biblical texts, also known as higher criticism) <p-l>ពួកធូបឹងហ្គិន។</p-l>
Turin Papyrus of Kings/&quot;Turin King List&quot;	(an Egyptian hieratic papyrus thought to date from Rameses II containing the most extensive list available of Egyptian kings, now housed in Turin) <p-l>ប៉ាពីរើសពីពង្សាវតារក្សត្រពីក្រុងទូរីន ។</p-l>
Turk.	(abbreviation “Turkey”) <p-l>ប្រទេសទួរគី</p-l>
turtledove	(an Old World dove with a brown plumage, speckled wings and a long dark tail) <p-l>សត្វលលក។</p-l>
Tushratta	(King of Mitanni during the late 14th Century BC) <p-l>ស្តេចធូស្សរ៉ាតា</p-l>
Tychicus	<p-l>ទីឃីកុស</p-l>
Tyndale, William	[English scholar and martyr who became a leading figure in Protestant reform, well known for his translation of the Bible into English (1494-1536)] <p-l>បណ្ឌិតវីល្លាម ធីនដេល។</p-l>
Tyndale Fellowship	(a fellowship of Christians, including evangelical scholars from around the word, engaged in biblical and theological research) <p-l>អង្គការមេត្រីភាព ធិនដេល (សម្រាប់ការស្រាវជ្រាវព្រះគម្ពីរ)។</p-l>
type	(a figure, episode or symbolic factor resembling a future reality so as to foreshadow it) <p-l>គំរូ និមិត្តរូប (គ.ប : គំរូ គ.ខ.ប : និមិត្តរូប)</p-l> (figure) <p-l>បុគ្គលដែលតួយ៉ាង</p-l> (symbol) <p-l>វត្ថុដែល តួយ៉ាង</p-l> (episode) <p-l>ហេតុការណ៍ដែលតួយ៉ាង។</p-l>
typify	(vb) (to symbolize or represent completely) <p-l>ធ្វើជាតួយ៉ាង</p-l>
typology	(study of types and of the relationship between them and the reality they typify) <p-l>វិជ្ជានៃតួយ៉ាង។</p-l>
typological interpretation	(the process of explaining the meaning of a text by the study of a type and the relationship between it and the reality it typifies) <p-l>ការកាត់ស្រាយ ដោយវិជ្ជានៃតួយ៉ាង</p-l> typologically (adv) <p-l>ដោយការកាត់ស្រាយដោយវិជ្ជានៃតួយ៉ាង។</p-l>
Tyre	(an ancient Phoenician city in present-day Lebanon) <p-l>ក្រុងទីរ៉ុស</p-l> Tyrian (adj) <p-l>នៃក្រុង ទីរុស។</p-l>
Tyropoeon Valley	(name given by Josephus to the ravine in the Old City of Jerusalem that in ancient times separated Mt. Moriah from Mt. Zion) <p-l>ជ្រលងថាយរ៉ូភីន។</p-l>
Twelve, the...	(a reference to Jesus' twelve disciples) <p-l>ពួកសិស្ស១២នាក់</p-l>
two ages, the...	(the understanding that history is divided into two ages: the period up until the Consumation and the period following) <p-l>សម័យកាលទាំងពីរ។</p-l>
Ubaid Period	(historical period in early Mesopotamia from 6500 to 4000 BC characterized by large village settlements) <p-l>សម័យយូបេឧ។</p-l>
Ugarit	(name of an ancient Syrian city-state) <p-l>ក្រុងយូហ្គារីត</p-l>
Ugaritic	(extinct Semitic language of northern Syria) <p-l>ភាសាយូហ្គារីត</p-l>
Ugaritic Texts	(collection of writings found at the ruined city of Ugarit in an ancient NW Semitic language) <p-l>«ឯកសារក្រុងយូហ្គារីត»។</p-l>
ultra-Tübingen School, the	(part of the Tübingen School that concluded that most if not all of Paul's letters were not written by the Apostle Paul) <p-l>ផ្នែកពួកធូបឹងហ្គិនដែល វង្វេងជាង។</p-l>
umbrella concept	(general system for a group of concepts) <p-l>គំនិតសម្ព័ន្ធភាព</p-l>
unauthentic	(adj) (NT studies: of disputed origin or authorship) <p-l>មិនពិតប្រាកដ</p-l>
unbelief	(failure to accept as true) <p-l>ភាពខ្វះជំនឿ</p-l>
unbeliever	(a person who does not believe) <p-l>អ្នកមិនជឿ</p-l>
understand	(vb) (to know and comprehend the nature or meaning of something) <p-l>យល់ដឹង</p-l>
understanding	<p-l>ការយល់ដឹង។</p-l>
underworld	(a region deep underground where many believe is the place of the souls of those who have died) <p-l>ទីជម្រៅនៃផែនដី។</p-l>
undeserving / undeserved	(adj) (not entitled to, unworthy of merit) <p-l>ដែលមិនសមនឹងទទួល</p-l>
unfaithful	(adj) (not true to a wife or husband, especially in having sexual intercourse with someone else) <p-l>ដែលមិនស្មោះត្រង់</p-l> unfaithfulness <p-l>ភាពមិនស្មោះត្រង់។</p-l>
unfathomable	(adj) (incomprehensible) <p-l>មិនអាចយល់បាន</p-l>
unfold	(vb) (to gradually reveal or expand) <p-l>លាតត្រដាង</p-l>
ungodliness	(wickedness, sinfulness) <p-l>សេចក្តីល្មើសចំពោះព្រះ [(គ.ប : សេចក្តីទមិលល្មើស សេចក្តី ល្មើសចំពោះព្រះ) (គ.ខ.ប : អំពើទុច្ចរិត ការមិនគោរពប្រណិប័តន៍ព្រះអង្គ)]។</p-l>
ungodly, the...	(those who are wicked, sinful) <p-l>ទមិឡ</p-l>
union	(the condition of being united) <p-l>ការរួបរួមគ្នា</p-l>
unipersonal	(adj) (existing in the form of only one person or being) <p-l>ឯកបុគ្គល</p-l> (div) <p-l>ឯក អង្គបុគ្គល។</p-l>
uniqueness	(the condition of being the only one of a particular type) <p-l>ភាពតែមួយ</p-l>
unity	(the state or quality of being one, generally through mutual agreement) <p-l>ភាពរូបរួម ឯកភាព (គ.ប : រូបរួម គ.ខ.ប : រួមគ្នា) 100។</p-l>
Unitarianism	(a religious theological movement named for its understanding of God as one person, in contrast to Trinitarianism) <p-l>ពួកឯកនិយម។</p-l>
universal	(adj) (relating to the universe) <p-l>នៅគ្រប់ទីកន្លែង</p-l> (relating to a general principle) <p-l>ទូទៅ។</p-l>
universal church	(the whole of the Christian Church) <p-l>ពួកជំនុំសកល</p-l>
universal gospel	(gospel available to all the nations) <p-l>ដំណឹងល្អសកល</p-l>
universal salvation	(the idea that everyone will receive salvation) <p-l>សេចក្តីសង្គ្រោះសកល</p-l>
universalize	(vb) (to provide with features typically of the whole of humanity or of creation) <p-l>ធ្វើឲ្យកើតជាទូទៅ។</p-l>
universalism	(the condition of being typical of the whole of humanity) <p-l>ភាពជាសម្រាប់សាសន៍យូដា និងសាសន៍ដទៃ។</p-l>
universalism	(a feature relating to, or typical of the whole of humanity or nature) <p-l>ភាពជា សកល។</p-l>
Universalism	(a belief that everyone is predestined for salvation) <p-l>សកលនិយម</p-l>
universality	(the state of being universal) <p-l>សកលភាព</p-l>
unleavened bread	(bread made without yeast so that the dough does not rise) <p-l>ឡ នំប៉័ងអត់ ដំបែរ។</p-l>
Unleavened Bread, Feast of...	(name of the Passover Festival in the Hebrew Bible) <p-l>ពិធី បុណ្យនំប៉័ងអត់ដំបែរ។</p-l>
unorthodox	(adj) (not conventional in belief) <p-l>ដែលមិនធម្មតាទេ</p-l> (of ideas) <p-l>អសម្មាមតិ</p-l> (of doctrine) <p-l>ដែលខុសពីគោលលទ្ធិត្រឹមត្រូវ។</p-l>
unregenerate	(adj) (failed to undergo spiritual renewal) <p-l>ដែលអត់ទាន់កើតជាថ្មី</p-l>
unrighteous	(adj) (sinful, wicked) <p-l>ដែលទុច្ចរិត</p-l> unrighteousness (n) <p-l>សេចក្តីទុច្ចរិត</p-l> the unrighteous (n) <p-l>មនុស្សទុច្ចរិត។</p-l>
unveil	(vb) (to uncover one's face) <p-l>បើកស្បៃគ្របមុខ</p-l>
unveil	(vb) [(to make something (previously concealed) known] <p-l>បញ្ចេញឲ្យឃើញ</p-l>
unwitting	(adj) (not intentional, inadvertant) <p-l>ដែលមិនទាន់ដឹងខ្លួន</p-l>
upbuild	(vb) (to build up, increase) <p-l>ពង្រឹង</p-l>
uphold	(vb) (to maintain, affirm, or defend against, difficulty opposition or challenge) <p-l>គាំទ្រ (គ.បៈ : ទប់ទល់ គ.ខ.ប : គាំទ្រ)។</p-l>
Upper Room	(reference to the place where Jesus shared the Passover with his disciples) <p-l>បន្ទប់ខាងលើ។</p-l>
upright	(adj) (honest, honourable or just) <p-l>ទៀងត្រង់</p-l> uprightness <p-l>សេចក្តីទៀងត្រង់</p-l>
Ur, City of...	<p-l>ក្រុងអើរ</p-l>
Ur-Nammu	(founder of the 3rd Dynastry of Ur in Sumeria) <p-l>ស្តេចអើរណាំមូ</p-l>
uraeus	(stylized upright form of an Egyptian cobra, used as a symbol of royalty and deity) <p-l>ទេវរូបពស់ទេពមានស្លាប។</p-l>
Urartu, Mount...	<p-l>ភ្នំយូរ៉ាធូ</p-l>
Uri	<p-l>យូរី</p-l>
Uriel	(name of one of the archangels of post-Exilic Rabbinic tradition) <p-l>មហាទេវតាអ៊ូរាល</p-l>
Urijah/Uriah	<p-l>អ៊ូរីយ៉ា</p-l>
Urim and Thummim	(a provision made by God to give guidance to the people of Israel through the office of the high priest) <p-l>យូរីម និងធូមីម។</p-l>
Ussher, Archbishop James	(Archbishop of the Church of Ireland who formulated a history of the world from a literal reading of the Bible) <p-l>អគ្គអភិបាលអាស្ទើរ។</p-l>
usurp	(vb) (to seize, take over, or appropriate without authority) <p-l>ដណ្តើម</p-l>
usury	(the act or practice of loaning money at an exorbitant rate of interest) <p-l>ព្រឹទ្ធិកម្ម</p-l> (informal) <p-l>ការចងការអាករ។</p-l>
Utanapishtim	(the name of the survivor of the great flood in the Babylonian "Gilgamesh Epic") <p-l>យូថាណាភីសធីម។</p-l>
utopia	(a community or society possessing highly desirable or perfect qualities) <p-l>សង្គម ក្សេមក្សាន្ត។</p-l>
utopianism	(belief in a perfect or ideal existence) <p-l>ក្សេមក្សាន្តនិយម</p-l>
utterance	(an audible expression, often to make something publicly known) <p-l>ពាក្យសម្តី</p-l>
Uz	(son of Aram, son of Shem) <p-l>អ៊ុស</p-l>
Uzal	(son of Joktan, son of Eber) <p-l>អូសាល</p-l>
Uzziah, King...	<p-l>ស្ដេចអូសៀស</p-l>
v./vv.	(abbreviation "verse/s") ខ
Valentinus	(early Christian gnostic theologian who founded a school in Rome, and his followers are known as the Valentinians) <p-l>វ៉ាលេនទីល។</p-l>
Valentinianism	(a gnostic movement founded by Valentinus in the 2<sup>nd</sup> Century AD) <p-l>វ៉ាលេន-ទីននិយម</p-l> Valentinians <p-l>ក្រុមវ៉ាលេនទីន។</p-l>
valley	(a long depression in the land surface, usually containing a river, formed by erosion or movements in the earth's crusth) <p-l>ជ្រលង (គ.ប : វាលច្រក គ.ខ.បៈ : ជ្រលង ភ្នំ)។</p-l>
valley of dry bones	(Ez. 37:1) <p-l>ច្រកភ្នំ១ ដែលពេញដោយឆ្អឹងខ្មោច (គ.ខ.បៈ : ជ្រលងភ្នំ១ ដែល មាន-ឆ្អឹងខ្មោច)។</p-l>
value/values	(the moral principles and beliefs or accepted standards of a person or social group) <p-l>ទស្សនវិស័យ។</p-l>
variant reading	(different recordings found in different ancient manuscripts of the same original text) <p-l>ការសរសេរខុសពីអត្ថបទមួយទៀត។</p-l>
Varus, Publius Quinctilius	[a general under Emperor Augustus, who when governor of Syria, crushed a Messianic revolt in Judaea creating much anti-Roman sentiment (46BC-9AD)] <p-l>មេទ័ពវ៉ារុស។</p-l>
vassal	(a person, colony, or nation in a subordinate or dependent position relative to another) (...nation) <p-l>ប្រទេសចំណុះ</p-l> (...colony) <p-l>ស្រុកចំណុះ</p-l> (...person) <p-l>អ្នកចំណុះ។</p-l>
vassal treaty	(the means by which a great king regulates relationships with lesser rulers) <p-l>សន្ធិសញ្ញាចំណុះ។</p-l>
vassalage	(the condition of being a vassal) <p-l>ភាពនៅក្នុងចំណុះ</p-l>
Vatican City	(a city-state ruled by the Roman Catholic Pope) <p-l>ក្រុងវ៉ាទីកង់</p-l>
vegetation	(plant life as a whole) <p-l>តិណជាតិ</p-l>
veil	(a piece of material usually attached to a headdress to conceal or protect the face) <p-l>ស្បៃបាំងមុខ។</p-l>
veil	(vb) (to cover one's face) <p-l>ទទួរមុខ</p-l>
venerate	(vb) (to hold in deep respect) <p-l>ធ្វើសក្ការៈ</p-l> veneration <p-l>ការធ្វើសក្ការៈ</p-l>
vengeance	(the act or desire of undertaking retaliation for wrongs or injury received) <p-l>ការ សងសឹក [(គ.បៈ ត្រូវទោស សងសឹក) (គ.ខ.បៈ : សងសឹក វាយប្រហារ)]។</p-l>
veracity	(truthfulness or honesty) <p-l>សច្ចសីលភាព</p-l> (informal) <p-l>ការប្រកាន់ខ្ជាប់នូវសេចក្តីពិត</p-l>
verbal inspiration	(the doctrine concerning the divine origin of all of the Bible) <p-l>ទ្រឹស្តីនៃការបណ្តាលឲ្យតែងពាក្យទាំងមូលរបស់ព្រះគម្ពីរដោយព្រះវិញ្ញាណតាមរយៈព្រះបន្ទូល។</p-l>
verbatim	(adv) (using exactly the same words) <p-l>ត្រង់ៗតាមពាក្យ</p-l>
Vercelli manuscript	(contains the "Acts of Peter", a non-canonical writing, originally written in Greek but only surviving in Latin) <p-l>ឯកសារ «រើសែលលី»។</p-l>
verdict	(any decision, judgment or conclusion) <p-l>សាលក្រម</p-l> (informal) <p-l>សេចក្តីសម្រេច</p-l>
vernacular	(the commonly spoken language or dialect of a particular people or place) <p-l>គ្រាមភាសា។</p-l>
version	(translation of the Bible or biblical text from one language to another) <p-l>ឯកសារដែល បានបកប្រែ។</p-l>
verso	(the back of a sheet of paper) <p-l>ខាងក្រោយដុំក្រដាស</p-l>
Vespasian	[a Roman general who participated in the subjugation of Judaea during the Jewish rebellion of 66 AD, was Roman Emperor from 69 to 79 AD, and founded the Flavian dynasty (9-79 AD)] (General...) <p-l>មេទ័ពវេសផាសៀន</p-l> (Emperor...) <p-l>អធិរាជ-វេសផាសៀន។</p-l>
Vespansian Psalter, The...	(an Anglo-Saxon book of Psalms produced in the 8th Century; is the oldest extant English translation of any portion of the Bible) <p-l>ឯកសា «កណ្ឌទំនុកដំកើងអធិរាជជសផាសៀន»។</p-l>
vessel	(an object used as a container) <p-l>ភាជន៍</p-l>
vest	(vb) (to put on clothes) <p-l>ស្លៀកពាក់</p-l>
vestment	(a garment or robe denoting office, authority, or rank) <p-l>សម្លៀកបំពាក់ផ្លូវការ</p-l>
vetitive	(adj) (expressing a wish to forbid or veto) <p-l>ដែលបង្ហាញថាមិនចង់ឲ្យកើតឡើង</p-l>
vicarious	(adj) (suffered/done as a substitute for another) <p-l>ដែលទុក្ខជំនួស</p-l>
vice	(an immoral, wicked or evil habit, action or trait) <p-l>ទម្លាប់អាក្រក់</p-l> (habit), <p-l>សេចក្តីអាក្រក់</p-l> (action), <p-l>គុណវិបត្តិ</p-l> (trait)។
vice-regent/vicegerent	(person appointed to exercise the authority of another) <p-l>អ្នកគ្រប់គ្រង ជំនួស។</p-l>
vice versa	(Latin phrase "the other way around") <p-l>ផ្ទុយទៅវិញ (ភាសាឡាតាំង)</p-l>
victim	(a living animal sacrificed in a religious rite) <p-l>សត្វដែលគេយកទៅបូជា</p-l>
vindicate	(vb) (to exonerate from an accusation) <p-l>រំដោះឲ្យរួចពីទោស</p-l> vindication <p-l>ការរំដោះឲ្យរួច ពីទោស។</p-l>
vindictive	(adj) (disposed to seek revenge) <p-l>ដែលចងគំនុំ</p-l> vindictiveness <p-l>ការចងគំនុំ</p-l>
vine	(typically refers to the grapevine, having long flexible stems that cling to a support and produce grapes) <p-l>ដើមទំពាំងបាយជូរ។</p-l>
vineyard	(a plantation of grapevines for the production of wine) <p-l>ចំការទំពាំងបាយជូរ</p-l>
virgin	(general) (a person who has never had sexual intercourse) <p-l>អ្នកដែលមិនទាន់បានរួមភេទ</p-l> (female) <p-l>ព្រហ្មចារិនី10 [(គ.ប : នាងព្រហ្មចារី ស្ត្រីព្រហ្មចារី ស្ត្រីក្រមុំ) (គ.ខ.ប : ស្ត្រីព្រហ្មចារី ស្ត្រីក្រមុំ ស្ត្រីក្រមុំព្រហ្មចារី អ្នកដែលមិនទាន់មានគូស្រករ)]។</p-l>
virgin birth	(human conception without fertilization by a male) <p-l>កំណើតពីព្រហ្មចារិនី</p-l> (div) <p-l>ប្រសូតពីព្រហ្មចារិនី។</p-l>
Virgin Birth	(the doctrine that Jesus Christ had no human father but was conceived solely by the direct intervention of the Holy Spirit) <p-l>គោលលទ្ធិនៃការប្រសូត្រពីព្រហ្ម ចារិនី។</p-l>
virginity	(the condition or fact of never having sexual intercourse) <p-l>ព្រហ្មចារិយភាព</p-l>
virtue	(the quality or practice of excellence or righteousness) <p-l>គុណធម៌</p-l>
vis à vis	(French phrase "face to face" often used as "in relation to”) <p-l>ទាក់ទងនឹង ប្រៀបធៀប នឹង (ភាសាបារាំង)។</p-l>
vision	(a mystical experience of seeing through the eyes of a supernatural being) <p-l>និមិត្ត (គ.បៈ : ការជាក់ស្តែង គ.ខ.ប : ការអស្ចារ្យ និមិត្តឃើញ គ.គ.ខ : ការជាក់ស្តែង) 102។</p-l>
vista	(comprehensive mental view of a distant time or a lengthy series of events) <p-l>ការ ប្រមើល។</p-l>
viz.	(abbreviation "videlicet" from Latin videre licet - used to specify items, examples, etc.) <p-l>គឺ (ភាសាឡាតាំង)។</p-l>
vizier	(title of a high official in certain Muslim countries) <p-l>មន្ត្រីថ្នាក់ខ្ពស់</p-l>
vocative	(adj) (grammar: denoting a case of nouns used when the referent of the noun is being addressed) <p-l>ពាក្យសម្រាប់និយាយឆ្ពោះទៅរក។</p-l>
voice	(sound made by vibration of the vocal cords) <p-l>សៀង</p-l> (div) <p-l>ព្រះសៀង (គ.បៈ : ព្រះសៀង គ.ខ.បៈ : ព្រះបន្ទូល)</p-l> 1034
voice	[grammar: category of the verb (or verbal inflection) that expresses whether the relation between the subject and the verb is that of agent and action, action and recipient, or some other relation] <p-l>វាចក។</p-l>
vol.	(abbreviation "volume") <p-l>ភាគ</p-l>
Voltaire	(French Enlightenment writer, historian and philosopher whose works and ideas influenced important thinkers of the American and French Revolution) <p-l>វិលទែរ។</p-l>
von Rad, Gerhard	[German Luteran pastor, university professor and OT scholar (19011971)] <p-l>បណ្ឌិតវិនរ៉ាដ។</p-l>
vorlage	(a prior version or manifestation of a text under consideration) <p-l>ឯកសារដើមជាង</p-l>
votive offering	(things vowed or dedicated God with no intention of recovery for personal use) <p-l>សូមមើល</p-l> freewill offering <p-l>ដង្វាយបួងសួង។</p-l>
vouchsafe	(vb) (to bestow as a favour) <p-l>ធ្វើអំណោយ</p-l>
vow	(vb) (to make a solemn or earnest pledge to God binding the person to perform a specific act or behave in a certain way) <p-l>សច្ចា សន្យា</p-l> (n) <p-l>បំណន់។</p-l>
vow-offering	(<p-l>សូមមើល</p-l> freewill offering) <p-l>ដង្វាយលាបំណន់</p-l>
vss	(abbreviation "volumes”) <p-l>របៀបបកស្រាយ</p-l>
Vulg.	(abbreviation “Vulgate”) <p-l>ព្រះគម្ពីរភាសាឡាតាំងវុលហ្គេត</p-l>
vulgar	(adj) (denoting a form of language current among common people, especially at a period when the formal language is archaic) <p-l>សាមញ្ញ។</p-l>
Vulgate	(a 4th Century Latin version of the Bible produced by the monk Jerome) <p-l>ព្រះគម្ពីរ ភាសាឡាតាំងដុលហេត</p-l> (short) <p-l>ព្រះគម្ពីរវុលហ្គេត។</p-l>
W	(abbreviation "West", "western") <p-l>ទិសខាងលិច</p-l>
Wadi	(Arabic "valley”) <p-l>ជ្រលង</p-l>
Wadi-al Rababi	<p-l>ជ្រលងវ៉ាឌីអល់រ៉ាបាប៊ី</p-l>
Wadi ed-Daliyeh	(a valley 25km N of the Dead Sea) <p-l>ជ្រលងអ៊ែង - ដាលីយេ</p-l>
wanderer	(a person who travels about without any definite purpose or destination) <p-l>អនាថា។</p-l>
war	(open armed conflict between two or more parties, nations, or states) <p-l>សង្គ្រាម (គ.ប : ចំបាំង គ.ខ.ប : ប្រយុទ្ធ) 104។</p-l>
War Rule, the...	(name used for various Dead Sea Scrolls including: "War of the Messiah" and "War of the Sons of Light againt the Sons of Darkness.") <p-l>ឯកសារ «ច្បាប់ សង្គ្រាម»។</p-l>
Warfield, Benjamin B.	[Professor of Theology at Princeton Seminary, U.S.A from 18871921 (1851-1921)] <p-l>បណ្ឌិតបេនយ៉ាមីន វ៉ហៀល</p-l> (short) <p-l>វិហៀល។</p-l>
Wars of the Lord, Book of the...	(Nu. 21:14) <p-l>សៀវភៅដែលនិទានពីចំបាំងផងព្រះយេហូវ៉ា</p-l>
waste	(vb) (to expend thoughlessly, carelessly or to no benefit) <p-l>ចាយបង្វិនបង្អោច (គ.ប : ចាយ បង្ហិនបង្អោច គ.ខ.ប : ចាយបង្វិនបង្អោច)</p-l>
watch	(n) (a period of time during the night, in the NT equal to three hours) <p-l>យាម</p-l>
wave-offering	(an offering made by the priests in token of a solemn special presentation to God) <p-l>តង្វាយគ្រវី (គ.ប : ដង្វាយគ្រវី) ។</p-l>
way	(something that one wants in a particular determined manner) <p-l>បំណងចិត្ត</p-l> (div) <p-l>ព្រះ ហឫទ័យ។</p-l>
way	(a course of life) <p-l>ផ្លូវ (គ.បៈ ផ្លូវ គ.ខ.បៈ : មាគ៌ា)</p-l> 105
Way, the...	(name given to the early Christians) <p-l>ក្រុមមាគ៌ា [(គ.បៈ អ្នកខ្លះដែលប្រតិបត្តិតាមផ្លូវ ផ្លូវ) (គ.ខ.បៈ : អ្នកខ្លះដែលដើរតាមមាគ៌ារបស់ព្រះអម្ចាស់ មាគ៌ារបស់ព្រះអម្ចាស់) (គ.គ.ខៈ អ្នកនៅខាង មាគ៌ា មាគ៌ា)]។</p-l>
wayward	(adj) (capricous, erratic or unpredictable) <p-l>ដែលពិបាកគ្រប់គ្រង</p-l>
wedding	(the celebration of a marriage) <p-l>ពិធីអាពាហ៍ពិពាហ៍ មង្គលការ</p-l> (royal) <p-l>ពិធីរាជាភិសេក</p-l>
Weeks, Festival of...	(commemorating the day on which the Torah was revealed by God to Israel at Mount Sinai, and is connected to the season of grain harvest which lasted seven weeks) <p-l>បុណ្យថ្ងៃទី៥០។</p-l>
weep	(vb) (to shed tears as an expression of grief or unhappiness) (royal) <p-l>ព្រះកន្សែង</p-l>
weight	(a system of units used to measure weight on a balance) <p-l>កូនជញ្ជីង</p-l> "Weights and Measures" (NBD) <p-l>កូនជញ្ជាំង និងរង្វាស់</p-l> Weiss, Johannes [German theologian and biblical exegete instrumental in the development of NT biblical criticism (1863-1914)] <p-l>បណ្ឌិតយ៉ូហានវេស្ស</p-l> (short) <p-l>វេស្ស។</p-l>
well	(a water source) <p-l>អណ្តូង</p-l>
Wellhausen, Julius	[German biblical scholar (1844-1918)] <p-l>បណ្ឌិតយូលៀស វ៉ែលហួសសិន</p-l> (short) <p-l>វ៉ែលហុសសិន។</p-l>
Wellhausen school	(those scholars who adhere to the views of Julius Wellhausen) <p-l>ពួក វែលហុសិន។</p-l>
Wenham, Gordon	[English OT scholar and author (1943-)] <p-l>បណ្ឌិតវិនហាំ</p-l>
Wesley, John	[an Anglican cleric and theologian who with his brother Charles founded the Methodist movement (1703-1791)] <p-l>លោកគ្រូចនវៃស្ពឺ។</p-l>
Westcott, Brook	[English theologian, Bible translator and Bishop of Durham (18251901)] <p-l>បណ្ឌិតប្រ៊ូកវែសខូត</p-l> (short) <p-l>វែសខូត។</p-l>
Western Church	(the churches that grew from the Latinate west of the Roman Empire) <p-l>ពួកជំនុំខាងលិច។</p-l>
Western Fathers	(Early Church theologians from the Latin Church, they include Martin of Tours, Augustine of Hippo and Ambrose; also known as "The Latin Fathers”) <p-l>បុព្វបុរសភាគខាងលិច។</p-l>
Western Text	(the term given to the predominant form of the New Testament text as witnessed in the Old Latin translation from the Greek, and in quotations from Cyprian, Tertullian and Irenaeus) <p-l>អត្ថបទព្រះគម្ពីរដែលបានទទួលពីឯកសារភាសាឡាតាំងបុរាណ។</p-l>
Westminster Confession of Faith	(a Reformed confession of faith in the Calvinist theological tradition drawn up by the 1646 Westminster Assembly, and has been influential within Presbyterian Churches worldwide) <p-l>សេចក្តីថ្លែងការណ៍ពីជំនឿនៅ វេសមិនស្ទ័រ ។</p-l>
wheat	<p-l>ស្រូវសាលី</p-l>
Whitfield/Whitefield, George	[English Anglican ordained minister and renown preacher who was instrumental in spreading the Great Awakening in Britain to the North American colonies (1714-1770)] <p-l>ចច វ៉ាយហៀល។</p-l>
Whitsunday	[Church calendar: the Sunday of the feast of Whitsun (observed seven weeks after Easter, also known as Pentecost)] <p-l>ថ្ងៃបុណ្យទី៥០។</p-l>
whole person	(the body and the soul) <p-l>តួមនុស្សទាំងមូល</p-l>
wicked, the...	(those people morally bad in principle or practice) <p-l>ទុច្ចរិតជន មនុស្សទុច្ចរិត (គ.ប : ពួកអាក្រក់ គ.ខ.ប : មនុស្សអាក្រក់)</p-l> wickedness (with reference to human nature) <p-l>ទុច្ចរិតភាព</p-l> (with reference to action) <p-l>អំពើទុច្ចរិត។</p-l>
widow	(woman who has survived her husband) <p-l>មេម៉ាយ</p-l>
Wilberforce, William	[an evangelical Christian English politician who led the movement to abolish the slave trade (1759-1833)] <p-l>វិលប័រហ្វេស។</p-l>
wild animal	(an undomesticated animal) <p-l>សត្វព្រៃ</p-l>
wilderness	(a wild, uninhabited and uncultivated region) <p-l>ទីរហោស្ថាន</p-l>
will	(the faculty of conscious and deliberate choice of action) <p-l>ឆន្ទៈ</p-l> (div) <p-l>ព្រះហឫទ័យ</p-l>
willow tree	(a particular type of tree that grows near water) <p-l>ដើមចាក</p-l>106
wind	(current of air) <p-l>ខ្យល់</p-l>
wine	(an alcoholic drink produced by the fermenting of grapes) <p-l>ស្រាទំពាំងបាយជូរ</p-l> "wine and strong drink” <p-l>ស្រា និងភេសជ្ជៈខ្លាំង</p-l>
wine-bibber	(a person who drinks lots of wine) <p-l>អ្នកផឹកស្រាជាច្រើន</p-l>
winepress	(equipment used for squeezing the juice from grapes in order to make wine) <p-l>ធុងឃ្នាបទំពាំងបាយជូរ</p-l> (short) <p-l>ធុងឃ្នាប។</p-l>
winnow	(vb) (to separate grain from chaff) <p-l>បក់ (គ.បៈ រោយ គ.ខ.បៈ : កំចាត់កំចាយ បក់)</p-l>
winnowing fan/pan	(an agricultural implement used to separate wheat from chaff) <p-l>បង្កើ</p-l>
wisdom	<p-l>ប្រាជ្ញា</p-l> (the ability or result of an ability to think and act utilizing knowledge, experience, understanding, commonsense and insight) (div) <p-l>ព្រះប្រាជ្ញាញាណ។</p-l>
Wisdom	(a personification of wisdom that is part of God) <p-l>ព្រះប្រាជ្ញាញាណ</p-l>
Wisdom, Book of...	(from the Apocrypha) <p-l>កណ្ឌប្រាជ្ញា</p-l>
Wisdom Books	(those books of the Bible that deal with human struggles and real-life experiences; including Job, Psalms, Proverbs, Ecclesiastes and Song of Songs) <p-l>កណ្ឌប្រាជ្ញាទាំងឡាយ។</p-l>
Wisdom of Solomon	(a Greek manuscript describing a period of moral degradation and persecution under unrighteous rulers who are threatened with judgment) <p-l>ឯកសារ ប្រាជ្ញានៃហ្លួងសាឡូម៉ូន ។</p-l>
Wisdom Literature	(a genre of Scripture characterized by wisdom sayings offering insight and wisdom about nature and reality) <p-l>អក្សរសាស្ត្រប្រាជ្ញា។</p-l>
wise man	(expert in astrology) <p-l>ហោរាចារ្យ (គ.បៈ ហោរា គ.ខ.បៈ ហោរាចារ្យ)</p-l>
witch	(a female who practises magic or sorcery) <p-l>ស្រីអាបធ្មប់</p-l>
witchcraft	(the art or power of bringing magical power to bear, or the practice of attempting to do so) <p-l>អំពើអាបធ្មប់</p-l> (short) <p-l>ធ្មប់។</p-l>
witness	(vb) (to see, be present at, or know at first hand) <p-l>ធ្វើជាសក្សី ធ្វើបន្ទាល់ (1) សាក្សី បន្ទាល់</p-l> (legal term) <p-l>សួរបន្ទាល់ (គ.បៈ ទីបន្ទាល់ គ.ខ.បៈ បន្ទាល់)។</p-l>
Wittenberg	(German city that held the seat of the Elector of Saxony and the home of Martin Luther) <p-l>ក្រុងវីតធិនបើក។</p-l>
woe	(intense grief or misery) <p-l>ទុក្ខសោក</p-l>
womb	(a place where life is conceived) <p-l>ផ្ទៃ</p-l>
wonder	(vb) (to feel excited by something strange) <p-l>នឹកប្លែក</p-l>
wonder	(n) (something that causes a feeling of wonder, such as a miracle) <p-l>ឫទ្ធិបាដិហារិយ៍ (គ.ប : ការអស្ចារ្យ គ.ខ.ប : ប្ញទ្ធិបាដិហារិយ៍ គ.គ.ខ : ការអស្ចារ្យ)។</p-l>
wonder	(vb) (to speculate about something) <p-l>រិះគិត</p-l>
word	(an utterance, news, information) (div) <p-l>ព្រះបន្ទូល</p-l>
Word	(a reference to Scripture eg. "word and sacrament”) <p-l>ព្រះគម្ពីរ</p-l>
Word	(a direct reference to the words spoken by God, and an indirect reference to Jesus) <p-l>ព្រះបន្ទូល។</p-l>
word of knowledge	(a spiritual gift listed in 1 Co. 12:8) <p-l>ពាក្យសម្តីនៃចំណេះចេះស្ទាត់</p-l>
word of wisdom	(a spiritual gift listed in 1 Co. 12:8) <p-l>ពាក្យសម្តីនៃប្រាជ្ញាវាងវៃ</p-l>
work	(effort or activity directed towards production or accomplishment) <p-l>ការងារ កិច្ចការ</p-l>
work	(vb) (to cause to labour or toil) <p-l>ភ្ជួររាស់</p-l>
works	(moral deeds performed as religious acts) <p-l>ការប្រព្រឹត្ត (គ.បៈ: ការ ធ្វើការ គ.ខ.ប : អំពើ</p-l>
កិច្ចការ)	(div) <p-l>ព្រះរាជកិច្ច</p-l> (...of the law) <p-l>ការប្រព្រឹត្តតាមក្រឹត្យវិន័យ។</p-l>
world	(the human environment) <p-l>ផែនដី លោកីយ៍</p-l> (short) <p-l>លោក</p-l>
worldliness	(an absorption or overarching concern with material things or matters that are immediately relevant) <p-l>ទស្សនៈសំដៅទៅលើលោកីយ៍នេះប៉ុណ្ណោះ។</p-l>
worldly wisdom	(understanding and insight concerned only with material things or matters immediately relevant) <p-l>ប្រាជ្ញារបស់លោកីយ៍នេះ។</p-l>
world religion	(a religion that is not based in one place or country, and is not limited to one people group) <p-l>សាសនាពិភព។</p-l>
worldview	(a comprehensive or personal philosophy of life and the universe) <p-l>ទស្សនវិស័យ លោក។</p-l>
worship	(vb) (to adore or venerate, and to express that feeling) <p-l>ថ្វាយបង្គំ</p-l> (n) <p-l>ការថ្វាយបង្គំ (គ.ប : គោរព គ.ខ.ប : គោរពបំរើ) <</p-l>sup>107</sup> worshipper <p-l>អ្នកថ្វាយបង្គំ។</p-l>
worthy	(adj) (having worth or value) <p-l>ដែលមានតម្លៃ</p-l> worthily (adv) <p-l>ដោយរបៀបមានតម្លៃ</p-l>
wrath	(angry, violent or stern indignation) <p-l>កំហឹងខ្លាំង</p-l>
wrath	(div) (divine vengeance or retribution) <p-l>សេចក្តីក្រោធ (គ.បៈ : សេចក្តីក្រោធ សេចក្តីខ្ញាល់) គ.ខ.បៈ : ព្រះពិរោធ]។</p-l>
writing	(a group of letters or symbols written or marked on a surface as a means of communicating ideas) <p-l>ការនិពន្ធ សំណេរ។</p-l>
Writings	(the rest of the OT, apart from the Law and the Prophets consisting of history, songs, poetry and wisdom literature) <p-l>គម្ពីរកំណាព្យ។</p-l>
wrong-doing	(immoral or illegal activity) <p-l>កិច្ចការអាក្រក់</p-l>
wrought	(vb) (Old English: past tense and past participle of "work") <p-l>បានធ្វើ</p-l>
wrung	(vb) (past tense and past participle of "wring") <p-l>បានច្របាច់</p-l>
Wundergeschichten	(German: wonder stories) <p-l>រឿងអស្ចារ្យ (ភាសាអាឡឺម៉ង់)</p-l>
Wycliffe Bible Translators	(an international organization seeking to make a translation of the Bible in every living language in the world) <p-l>ក្រុមអ្នកបកប្រែព្រះគម្ពីរវិគ្លីហ្វ។</p-l>
Wycliffe, John	[English Scholastic philosopher, theologian, lay preacher, reformer and university teacher who was an early advocate for Bible translation into the vernacular, and translated the Vulgate into English (c. 1320-1384)] <p-l>ចន វីគ្លីហ្វ។</p-l>
Xerxes, King	[the fourth king of the Archaemenid Empire, also known as Ahasuerus (519-465 BC)] <p-l>ស្ដេចអំហាស៊ីរុស។</p-l>
Yahweh	(vocalization of the Hebrew word for God) <p-l>ព្រះយ៉ាជី (ភាសាហេព្រើរ)</p-l>
Yahwism	(the worship of Yahweh) <p-l>ការថ្វាយបង្គំព្រះយ៉ាជំនិយម</p-l>
Yahwist	(a worshipper of Yahweh) <p-l>អ្នកថ្វាយបង្គំព្រះយ៉ាវើ</p-l>
Yahwist	(one of the four major sources of the Torah, as postulated by the Documentary Hypothesis) <p-l>ប្រភពយ៉ាវីស។</p-l>
Yamkhad	(an ancient Amorite kingdom located in modern day Aleppo that was powerful in the period 1800-1600 BC) <p-l>នគរយ៉ាំខាត់។</p-l>
Yanhamu	(Egyptian commissioner of the Amarna Letters correspondence) <p-l>យ៉ាន់ហាមូ</p-l>
Yarimlim I	(the second king of the ancient Amorite kingdom of Yamkhad, who reigned c. 1780-1764 BC) <p-l>ស្ដេចយ៉ារឹមលីមទី១។</p-l>
Yarimlim III	(King of Aleppo, northern Syria, from c. 1720 BC) <p-l>ស្ដេចយ៉ារីមលីមទី៣</p-l>
year	(related to age of an animal) <p-l>ខួប</p-l>
yearn	(vb) (to have an intense desire or longing for) <p-l>ចង់បានយ៉ាងខ្លាំង</p-l>
Yehoezer	(a post-exilic governor of Judah c. 490-470 BC) <p-l>យេហូសើរ</p-l>
yoke	(a wooden frame consisting of a collar-like piece at either end for attaching to the necks of a pair of draught animals so they can work as a team) <p-l>នឹម។</p-l>
Yom Kippur	(Hebrew "Day of Atonement" is the holiest day of the year for the Jews) <p-l>ពិធី បុណ្យយ៉ុមគីពូរ។</p-l>
Zabdi	<p-l>សាប់ឌី</p-l>
Zacchaeus	<p-l>សាខេ</p-l>
Zadok	<p-l>សាដុក</p-l>
Zakkur	(King of Hamath in central Syria during the early 8th Century BC) <p-l>ស្ដេចហ្សាគ្គីរ</p-l>
Zarephath, town of...	<p-l>ក្រុងសារិបតា</p-l>
Zarethan, village of...	<p-l>ភូមិសារថាន</p-l>
Zarhites/Zerahites	(clan of...) <p-l>ញាតិសន្តានសេរ៉ាស</p-l>
Zc.	(abbreviation "Book of Zechariah") <p-l>សាក</p-l>.
zeal	(fervent or enthusiastic devotion) <p-l>សេចក្តីឧស្សាហ៍ [(គ.ប: សេចក្តីឧស្សាហ៍ សេចក្តីឧស្សាហ៍ខ្ញុំខ្នាត) (គ.ខ.បៈ : ជាប់ចិត្ត បានខ្នះខ្នែង មានចិត្ត ខ្នះខ្នែង ឧស្សាហ៍ខ្នះខ្នែង)]។</p-l>
Zealot	(member of a political movement in 1 Century Judaism which sought to incite the people of Judaea to rebel against the Roman government) <p-l>អ្នកជាតិនិយម [(គ.បៈ : សាសន៍កាណាន ពួកឧស្សាហ៍) គ.ខ.បៈ អ្នកជាតិនិយម គ.គ.ខៈ : អ្នកជាតិនិយម ]</p-l> Zealots <p-l>ពួកជាតិនិយម។</p-l>
Zebedee	<p-l>សេបេដេ</p-l>
Zeboiim, City of...	(Gen. 14:2) <p-l>ក្រុងសេបោម</p-l>
Zebulun	<p-l>សាប់យូលីន</p-l> (tribe of...) <p-l>អំបូរសាប់យូប៉ូន</p-l>
Zechariah	<p-l>សាការី</p-l>
Zechariah, Book of...	<p-l>កណ្ឌសាការី</p-l>
Zedekiah, King...	<p-l>ស្ដេចសេដេគា</p-l>
Zelophehad	<p-l>ស្លូធិហាត</p-l>
Zemarites	(a people descended from Canaan, son of Ham) <p-l>ពួកសេម៉ារឹត</p-l>
Zeno of Citium	[Greek language philosopher, who was the founder of the Stoic school of philosophy which he taught in Athens (c. 334-262 BC)] <p-l>ហ្សេណូពីក្រុងស៊ីទៀម។</p-l>
Zephaniah, Book of...	<p-l>កណ្ឌសេផានា</p-l>
Zered	(name of a brook crossed by Israel in the Wilderness) <p-l>ស្ទឹងសេរេត</p-l>
Zerubbabel	(the second last king of Judah).... <p-l>សូរ៉ូបាបិល</p-l>
Zeus	(Greek mythology: "the father of gods and men" who ruled the Olympians of Mt. Olympus) <p-l>ព្រះសេយូស។</p-l>
Zidonians/Sidonians	(inhabitants of the Phoenician city-state Sidon) <p-l>ពួកស៊ីដូន</p-l>
ziggurat	(a type of rectangular temple tower or tiered mound erected by the Sumerians, Akkadians and Babylonians in Mesopotamia) <p-l>ប៉មហ្ស៊ីកគូរ៉ាត។</p-l>
Zillah	(a wife of Lamech) <p-l>នាងស៊ីឡា</p-l>
Zilpah	<p-l>នាងស៊ីលផា</p-l>
Zimri, King...	<p-l>ស្ដេចស៊ឹមរី</p-l>
Zinzendorf, Nicholas von	[German religious reformer and bishop of the Moravian Church (1700-1760)] <p-l>នីកូឡាស ហ្សីនហ្សិនដហ្វ។</p-l>
Zion	[a Hebrew name for Jerusalem, or a specific mountain near Jerusalem (Mount Zion); since applied to Solomon's Temple, the land of Israel and the future Promised Land) <p-l>ស៊ីយ៉ូន។</p-l>
Zionism	(a form of nationalism of Jews and Jewish culture that supports a Jewish nation state in the Land of Israel) <p-l>ស៊ីយ៉ូននិយម។</p-l>
Ziph, City of...	<p-l>ក្រុងស៊ីភ</p-l>
Ziusudra, King...	(listed on the Sumerian king list as the last king of Sumer prior to the great flood) <p-l>ស្តេចស៊ីអ៊ូស៊ូដ្រា។</p-l>
Zoan, City of...	<p-l>ក្រុងសូអាន</p-l>
Zoar, City of...	(Gen. 19:22) <p-l>ក្រុងសូអារ</p-l>
zodiacial signs	[signs named after the stellar constellations (groups of stars) which lie within the part of the sky the planets appear to move within] <p-l>សញ្ញាតារាសាស្ត្រទាំង ១២។</p-l>
zoe	(Greek "physical life") <p-l>ជីវិត (ភាសាក្រេក)</p-l>
Zophar the Naamathite	(one of Job's three friends) <p-l>សូផារសាសន៍នាអាម៉ា</p-l>
Zoroastrianism	(a dualistic religion founded by the Persian prophet Zoroaster in the late 7th/early 6th Century BC, based on the continuous struggle between the god of creation and the spirit of evil and darkness) <p-l>សាសនាហ្សូរ៉ូអាស្មៀន។</p-l>
Zp.	(abbreviation "Book of Zephaniah") <p-l>សេជា</p-l>.
Zuzim, people of...	<p-l>ពួកស៊ូស៊ឹម</p-l>
Zwingli, Ulrich	[a leader of the Reformation in Switzerland who introduced a common liturgy to replace the mass, and formed an alliance of Reformed cantons (14841531)] <p-l>បណ្ឌិត អាល់រិច វីងលី។</p-l>
