បាន	11163.864 / (119234)	1.11% / 1.11%	1
ការ	8972.176 / (95826)	0.89% / 2.01%	2
មាន	8164.431 / (87199)	0.81% / 2.83%	3
ជា	8091.119 / (86416)	0.8% / 3.63%	4
នៅ	7782.889 / (83124)	0.77% / 4.41%	5
និង	7169.801 / (76576)	0.71% / 5.13%	6
ដែល	6902.3 / (73719)	0.69% / 5.82%	7
ក្នុង	6344.641 / (67763)	0.63% / 6.45%	8
នេះ	6123.955 / (65406)	0.61% / 7.07%	9
ថា	5693.07 / (60804)	0.56% / 7.64%	10
ទៅ	5603.56 / (59848)	0.56% / 8.2%	11
ពី	5049.084 / (53926)	0.5% / 8.7%	12
មិន	4589.923 / (49022)	0.45% / 9.16%	13
របស់	4462.867 / (47665)	0.44% / 9.61%	14
ទី	4435.527 / (47373)	0.44% / 10.05%	15
មក	4293.678 / (45858)	0.42% / 10.48%	16
ឲ្យ	3987.415 / (42587)	0.39% / 10.88%	17
នោះ	3957.828 / (42271)	0.39% / 11.27%	18
ហើយ	3938.259 / (42062)	0.39% / 11.67%	19
តែ	3831.521 / (40922)	0.38% / 12.05%	20
សម	3794.35 / (40525)	0.37% / 12.43%	21
លោក	3759.613 / (40154)	0.37% / 12.81%	22
ដោយ	3578.252 / (38217)	0.35% / 13.16%	23
មួយ	3490.053 / (37275)	0.34% / 13.51%	24
អ្នក	3400.636 / (36320)	0.34% / 13.85%	25
យក	3387.528 / (36180)	0.33% / 14.19%	26
ថ្ងៃ	3284.255 / (35077)	0.32% / 14.52%	27
នឹង	3125.365 / (33380)	0.31% / 14.83%	28
ខែ	3123.773 / (33363)	0.31% / 15.15%	29
ត្រូវ	3017.222 / (32225)	0.3% / 15.45%	30
ធ្វើ	3014.694 / (32198)	0.3% / 15.75%	31
គេ	2919.753 / (31184)	0.29% / 16.04%	32
ក៏	2883.144 / (30793)	0.28% / 16.33%	33
រប	2828.09 / (30205)	0.28% / 16.61%	34
ខ្ញុំ	2824.626 / (30168)	0.28% / 16.89%	35
ឆ្នាំ	2740.827 / (29273)	0.27% / 17.17%	36
មន	2472.952 / (26412)	0.24% / 17.42%	37
រក	2446.829 / (26133)	0.24% / 17.66%	38
បង	2402.917 / (25664)	0.24% / 17.9%	39
ទេ	2348.986 / (25088)	0.23% / 18.14%	40
តាម	2336.158 / (24951)	0.23% / 18.37%	41
ជន	2332.601 / (24913)	0.23% / 18.6%	42
គឺ	2293.65 / (24497)	0.22% / 18.83%	43
ពេល	2228.671 / (23803)	0.22% / 19.05%	44
កម	2219.496 / (23705)	0.22% / 19.28%	45
សង	2213.035 / (23636)	0.22% / 19.5%	46
បក	2188.223 / (23371)	0.21% / 19.72%	47
ខ្មែរ	2187.381 / (23362)	0.21% / 19.94%	48
នក	2146.932 / (22930)	0.21% / 20.15%	49
ដល់	2137.101 / (22825)	0.21% / 20.36%	50
ទាំង	2133.169 / (22783)	0.21% / 20.58%	51
កម្ពុជា	2117.345 / (22614)	0.21% / 20.79%	52
លើ	2112.57 / (22563)	0.21% / 21%	53
បន	2083.264 / (22250)	0.2% / 21.21%	54
ទៀត	2008.641 / (21453)	0.2% / 21.41%	55
យើង	1884.675 / (20129)	0.18% / 21.6%	56
គ្នា	1848.253 / (19740)	0.18% / 21.78%	57
រស	1821.475 / (19454)	0.18% / 21.96%	58
នៃ	1802.655 / (19253)	0.18% / 22.14%	59
ដើម្បី	1767.076 / (18873)	0.17% / 22.32%	60
ប្រទេស	1693.67 / (18089)	0.16% / 22.49%	61
អាច	1691.049 / (18061)	0.16% / 22.66%	62
ដែរ	1689.363 / (18043)	0.16% / 22.83%	63
ដឹង	1629.534 / (17404)	0.16% / 22.99%	64
គម	1580.565 / (16881)	0.15% / 23.15%	65
ឡើង	1505.474 / (16079)	0.15% / 23.3%	66
បើ	1488.153 / (15894)	0.14% / 23.45%	67
រម	1486.561 / (15877)	0.14% / 23.6%	68
អន	1469.989 / (15700)	0.14% / 23.74%	69
ខ្លួន	1386.564 / (14809)	0.13% / 23.88%	70
ដាក់	1365.685 / (14586)	0.13% / 24.02%	71
ចូល	1327.858 / (14182)	0.13% / 24.15%	72
រហ	1324.207 / (14143)	0.13% / 24.29%	73
ឱ្យ	1317.934 / (14076)	0.13% / 24.42%	74
ចេញ	1277.298 / (13642)	0.12% / 24.54%	75
ដូច	1269.995 / (13564)	0.12% / 24.67%	76
ណា	1269.621 / (13560)	0.12% / 24.8%	77
តម	1247.711 / (13326)	0.12% / 24.92%	78
យ៉ាង	1228.704 / (13123)	0.12% / 25.05%	79
រង	1222.15 / (13053)	0.12% / 25.17%	80
ផង	1221.308 / (13044)	0.12% / 25.29%	81
ទទួល	1197.338 / (12788)	0.11% / 25.41%	82
ព្រះ	1193.874 / (12751)	0.11% / 25.53%	83
គាត់	1190.222 / (12712)	0.11% / 25.65%	84
ច្រើន	1177.957 / (12581)	0.11% / 25.77%	85
វា	1177.302 / (12574)	0.11% / 25.88%	86
វិញ	1176.084 / (12561)	0.11% / 26%	87
ស្រុក	1166.815 / (12462)	0.11% / 26.12%	88
ឯង	1165.691 / (12450)	0.11% / 26.24%	89
បត	1154.549 / (12331)	0.11% / 26.35%	90
ចំនួន	1150.711 / (12290)	0.11% / 26.47%	91
ចង	1131.797 / (12088)	0.11% / 26.58%	92
និយាយ	1122.06 / (11984)	0.11% / 26.69%	93
ភាព	1108.39 / (11838)	0.11% / 26.8%	94
ឃើញ	1099.87 / (11747)	0.1% / 26.91%	95
ទង	1098.746 / (11735)	0.1% / 27.02%	96
រយ	1087.885 / (11619)	0.1% / 27.13%	97
ខាង	1086.574 / (11605)	0.1% / 27.24%	98
ច្បាប់	1069.908 / (11427)	0.1% / 27.35%	99
នូវ	1065.32 / (11378)	0.1% / 27.45%	100
ពួក	1044.722 / (11158)	0.1% / 27.56%	101
មនុស្ស	1041.164 / (11120)	0.1% / 27.66%	102
ជាតិ	1039.478 / (11102)	0.1% / 27.77%	103
ប្រើ	1019.348 / (10887)	0.1% / 27.87%	104
រឿង	980.866 / (10476)	0.09% / 27.97%	105
កន	965.885 / (10316)	0.09% / 28.06%	106
ក្រុម	953.994 / (10189)	0.09% / 28.16%	107
ខេត្ត	930.306 / (9936)	0.09% / 28.25%	108
គណ	926.186 / (9892)	0.09% / 28.34%	109
នាក់	925.531 / (9885)	0.09% / 28.44%	110
ព័ត៌មាន	917.479 / (9799)	0.09% / 28.53%	111
សម្រាប់	914.482 / (9767)	0.09% / 28.62%	112
ថៃ	896.974 / (9580)	0.08% / 28.71%	113
ឈ្មោះ	895.569 / (9565)	0.08% / 28.8%	114
ផល	889.577 / (9501)	0.08% / 28.89%	115
ចុះ	888.079 / (9485)	0.08% / 28.98%	116
ករ	874.128 / (9336)	0.08% / 29.06%	117
មុខ	869.727 / (9289)	0.08% / 29.15%	118
បញ្ហា	856.245 / (9145)	0.08% / 29.24%	119
សីហា	854.653 / (9128)	0.08% / 29.32%	120
ព្រោះ	849.691 / (9075)	0.08% / 29.41%	121
លើក	848.661 / (9064)	0.08% / 29.49%	122
ពាក្យ	843.792 / (9012)	0.08% / 29.58%	123
មើល	843.137 / (9005)	0.08% / 29.66%	124
ជាមួយ	832.275 / (8889)	0.08% / 29.74%	125
កាល	829.841 / (8863)	0.08% / 29.83%	126
ឡើយ	829.654 / (8861)	0.08% / 29.91%	127
អស់	820.197 / (8760)	0.08% / 29.99%	128
ប៉ុន្តែ	818.325 / (8740)	0.08% / 30.07%	129
សូម	812.707 / (8680)	0.08% / 30.15%	130
គ្មាន	811.209 / (8664)	0.08% / 30.24%	131
ចក	809.055 / (8641)	0.08% / 30.32%	132
អង្គការ	807.089 / (8620)	0.08% / 30.4%	133
អំពី	799.599 / (8540)	0.07% / 30.48%	134
ស្ត្រី	794.355 / (8484)	0.07% / 30.56%	135
ចិត្ត	793.045 / (8470)	0.07% / 30.64%	136
នាំ	781.809 / (8350)	0.07% / 30.71%	137
ថ្មី	780.498 / (8336)	0.07% / 30.79%	138
ចាប់	778.532 / (8315)	0.07% / 30.87%	139
លក	777.97 / (8309)	0.07% / 30.95%	140
គណបក្ស	769.731 / (8221)	0.07% / 31.02%	141
ចំពោះ	762.615 / (8145)	0.07% / 31.1%	142
នាង	756.248 / (8077)	0.07% / 31.18%	143
កក្កដា	755.78 / (8072)	0.07% / 31.25%	144
អ្វី	754.656 / (8060)	0.07% / 31.33%	145
ម្នាក់	749.132 / (8001)	0.07% / 31.4%	146
របប	745.481 / (7962)	0.07% / 31.48%	147
ចង់	742.204 / (7927)	0.07% / 31.55%	148
ដី	734.526 / (7845)	0.07% / 31.62%	149
ផ្លូវ	726.848 / (7763)	0.07% / 31.7%	150
រដ្ឋាភិបាល	726.755 / (7762)	0.07% / 31.77%	151
ណាស់	723.384 / (7726)	0.07% / 31.84%	152
ប្រាសាទ	713.085 / (7616)	0.07% / 31.91%	153
អង	700.07 / (7477)	0.07% / 31.98%	154
អោយ	699.789 / (7474)	0.06% / 32.05%	155
ជាង	695.763 / (7431)	0.06% / 32.12%	156
រួម	693.89 / (7411)	0.06% / 32.19%	157
ស្រី	691.643 / (7387)	0.06% / 32.26%	158
រូប	684.528 / (7311)	0.06% / 32.33%	159
ល្អ	677.131 / (7232)	0.06% / 32.4%	160
គ្រប់	672.168 / (7179)	0.06% / 32.46%	161
ក្រោយ	660.277 / (7052)	0.06% / 32.53%	162
កូន	656.532 / (7012)	0.06% / 32.6%	163
កង	651.663 / (6960)	0.06% / 32.66%	164
កាន់	649.884 / (6941)	0.06% / 32.73%	165
ជួយ	649.416 / (6936)	0.06% / 32.79%	166
មិថុនា	643.705 / (6875)	0.06% / 32.86%	167
ក្រុង	640.615 / (6842)	0.06% / 32.92%	168
លេខ	640.147 / (6837)	0.06% / 32.98%	169
ទឹក	634.623 / (6778)	0.06% / 33.05%	170
មុន	630.878 / (6738)	0.06% / 33.11%	171
បើក	629.38 / (6722)	0.06% / 33.17%	172
កំពុង	628.818 / (6716)	0.06% / 33.24%	173
ទើប	627.601 / (6703)	0.06% / 33.3%	174
ការងារ	604.942 / (6461)	0.06% / 33.36%	175
អំពើ	602.601 / (6436)	0.06% / 33.42%	176
ផ្សេង	596.796 / (6374)	0.05% / 33.48%	177
ផត	593.707 / (6341)	0.05% / 33.54%	178
អាន	590.617 / (6308)	0.05% / 33.6%	179
ប្រធាន	587.621 / (6276)	0.05% / 33.66%	180
ភ្នំពេញ	585.561 / (6254)	0.05% / 33.72%	181
ផ្ទះ	585.28 / (6251)	0.05% / 33.77%	182
យល់	583.033 / (6227)	0.05% / 33.83%	183
សង្គម	581.347 / (6209)	0.05% / 33.89%	184
ទុក	580.973 / (6205)	0.05% / 33.95%	185
ថល	576.853 / (6161)	0.05% / 34.01%	186
ប្រកាស	573.108 / (6121)	0.05% / 34.06%	187
បន្ត	569.644 / (6084)	0.05% / 34.12%	188
ធំ	567.771 / (6064)	0.05% / 34.18%	189
រដ្ឋ	559.906 / (5980)	0.05% / 34.23%	190
ឃុំ	549.888 / (5873)	0.05% / 34.29%	191
គួរ	547.828 / (5851)	0.05% / 34.34%	192
សារ	547.079 / (5843)	0.05% / 34.4%	193
កើត	545.674 / (5828)	0.05% / 34.45%	194
មីនា	542.023 / (5789)	0.05% / 34.51%	195
ភូមិ	541.742 / (5786)	0.05% / 34.56%	196
យស	539.401 / (5761)	0.05% / 34.61%	197
រួច	537.809 / (5744)	0.05% / 34.67%	198
ដ៏	537.248 / (5738)	0.05% / 34.72%	199
សិទ្ធិ	534.626 / (5710)	0.05% / 34.78%	200
ប្រើប្រាស់	531.817 / (5680)	0.05% / 34.83%	201
គិត	531.068 / (5672)	0.05% / 34.88%	202
ហេតុ	530.6 / (5667)	0.05% / 34.94%	203
ចត	529.008 / (5650)	0.05% / 34.99%	204
ក្រសួង	524.889 / (5606)	0.05% / 35.04%	205
ក្រោម	519.645 / (5550)	0.05% / 35.09%	206
កុំ	519.177 / (5545)	0.05% / 35.14%	207
ហ្នឹង	514.589 / (5496)	0.05% / 35.2%	208
ពីរ	505.226 / (5396)	0.05% / 35.25%	209
ចម	503.822 / (5381)	0.05% / 35.3%	210
ព្រះវិហារ	499.328 / (5333)	0.04% / 35.35%	211
សែន	498.953 / (5329)	0.04% / 35.4%	212
បញ្ជាក់	496.519 / (5303)	0.04% / 35.45%	213
ប្រាប់	493.803 / (5274)	0.04% / 35.5%	214
ខ្លះ	493.523 / (5271)	0.04% / 35.54%	215
បទ	492.024 / (5255)	0.04% / 35.59%	216
លក់	488.935 / (5222)	0.04% / 35.64%	217
សេ	487.811 / (5210)	0.04% / 35.69%	218
ប្រជាពលរដ្ឋ	483.785 / (5167)	0.04% / 35.74%	219
តំបន់	483.036 / (5159)	0.04% / 35.79%	220
រយៈ	477.886 / (5104)	0.04% / 35.84%	221
មែន	477.605 / (5101)	0.04% / 35.88%	222
ពុំ	471.707 / (5038)	0.04% / 35.93%	223
ប្រសាសន៍	470.864 / (5029)	0.04% / 35.98%	224
អត់	469.272 / (5012)	0.04% / 36.03%	225
ពិត	468.336 / (5002)	0.04% / 36.07%	226
ហ៊ុន	468.242 / (5001)	0.04% / 36.12%	227
បង្កើត	466.089 / (4978)	0.04% / 36.17%	228
កាសែត	464.029 / (4956)	0.04% / 36.21%	229
បោះឆ្នោត	461.782 / (4932)	0.04% / 36.26%	230
១០	452.887 / (4837)	0.04% / 36.3%	231
អន្តរជាតិ	448.674 / (4792)	0.04% / 36.35%	232
ប្រាក់	447.457 / (4779)	0.04% / 36.39%	233
ដក	445.959 / (4763)	0.04% / 36.44%	234
សម្ដេច	444.835 / (4751)	0.04% / 36.48%	235
ឆ្នោត	444.367 / (4746)	0.04% / 36.53%	236
ផ្នែក	443.618 / (4738)	0.04% / 36.57%	237
បែប	440.528 / (4705)	0.04% / 36.61%	238
រាល់	440.434 / (4704)	0.04% / 36.66%	239
ពិភាក្សា	439.779 / (4697)	0.04% / 36.7%	240
នយោបាយ	439.124 / (4690)	0.04% / 36.75%	241
ឈើ	435.94 / (4656)	0.04% / 36.79%	242
ស៊ី	435.098 / (4647)	0.04% / 36.83%	243
ថ្លៃ	435.098 / (4647)	0.04% / 36.88%	244
ប្រឆាំង	431.259 / (4606)	0.04% / 36.92%	245
កំណត់	430.322 / (4596)	0.04% / 36.96%	246
កិច្ច	430.229 / (4595)	0.04% / 37.01%	247
សំរាប់	426.858 / (4559)	0.04% / 37.05%	248
ឧសភា	426.015 / (4550)	0.04% / 37.09%	249
តើ	424.985 / (4539)	0.04% / 37.13%	250
អី	424.798 / (4537)	0.04% / 37.18%	251
ដើម	421.147 / (4498)	0.04% / 37.22%	252
សំខាន់	417.776 / (4462)	0.04% / 37.26%	253
សុំ	416.278 / (4446)	0.04% / 37.3%	254
បុរស	411.971 / (4400)	0.04% / 37.34%	255
មេសា	410.286 / (4382)	0.04% / 37.38%	256
របរ	410.005 / (4379)	0.04% / 37.43%	257
តម្លៃ	407.477 / (4352)	0.04% / 37.47%	258
មេ	404.481 / (4320)	0.04% / 37.51%	259
សរសេរ	403.544 / (4310)	0.04% / 37.55%	260
ដូច្នេះ	402.514 / (4299)	0.04% / 37.59%	261
បោះ	400.267 / (4275)	0.04% / 37.63%	262
ខ្លាំង	398.395 / (4255)	0.03% / 37.67%	263
លង	396.99 / (4240)	0.03% / 37.71%	264
ដឹក	394.462 / (4213)	0.03% / 37.75%	265
ទាំងអស់	394.088 / (4209)	0.03% / 37.79%	266
លុយ	392.87 / (4196)	0.03% / 37.83%	267
គោល	391.56 / (4182)	0.03% / 37.86%	268
ធន	389.032 / (4155)	0.03% / 37.9%	269
កាត់	388.283 / (4147)	0.03% / 37.94%	270
ពល	387.721 / (4141)	0.03% / 37.98%	271
មន្ត្រី	387.44 / (4138)	0.03% / 38.02%	272
បរ	387.159 / (4135)	0.03% / 38.06%	273
រហូត	385.848 / (4121)	0.03% / 38.1%	274
ដៃ	385.193 / (4114)	0.03% / 38.14%	275
ប្រជាជន	383.414 / (4095)	0.03% / 38.17%	276
រល	382.946 / (4090)	0.03% / 38.21%	277
ថ្នាក់	380.699 / (4066)	0.03% / 38.25%	278
ខុស	379.669 / (4055)	0.03% / 38.29%	279
ភាសា	379.575 / (4054)	0.03% / 38.33%	280
ចរ	378.92 / (4047)	0.03% / 38.36%	281
ជូន	377.047 / (4027)	0.03% / 38.4%	282
តាំង	376.86 / (4025)	0.03% / 38.44%	283
ផ្សាយ	376.766 / (4024)	0.03% / 38.48%	284
រត	375.174 / (4007)	0.03% / 38.51%	285
ធ្នូ	374.987 / (4005)	0.03% / 38.55%	286
កន្លែង	370.68 / (3959)	0.03% / 38.59%	287
ចេះ	370.493 / (3957)	0.03% / 38.63%	288
មករា	369.837 / (3950)	0.03% / 38.66%	289
ព្រម	366.092 / (3910)	0.03% / 38.7%	290
រន	363.752 / (3885)	0.03% / 38.74%	291
ផ្ដល់	363.283 / (3880)	0.03% / 38.77%	292
ចាំ	360.381 / (3849)	0.03% / 38.81%	293
តុលា	360.287 / (3848)	0.03% / 38.84%	294
ទាន់	358.321 / (3827)	0.03% / 38.88%	295
បង្ហាញ	358.227 / (3826)	0.03% / 38.92%	296
ចំ	357.478 / (3818)	0.03% / 38.95%	297
ព្រឹក	356.168 / (3804)	0.03% / 38.99%	298
បី	355.512 / (3797)	0.03% / 39.02%	299
សាលា	355.512 / (3797)	0.03% / 39.06%	300
លន	352.89 / (3769)	0.03% / 39.09%	301
ដើរ	351.58 / (3755)	0.03% / 39.13%	302
យម	350.456 / (3743)	0.03% / 39.16%	303
ស្លាប់	348.864 / (3726)	0.03% / 39.2%	304
ជួប	346.711 / (3703)	0.03% / 39.23%	305
ចូលរួម	345.681 / (3692)	0.03% / 39.27%	306
មតិ	343.996 / (3674)	0.03% / 39.3%	307
ប្រជា	343.715 / (3671)	0.03% / 39.34%	308
បាត់	343.34 / (3667)	0.03% / 39.37%	309
ក្រៅ	343.247 / (3666)	0.03% / 39.41%	310
អភិវឌ្ឍន៍	342.498 / (3658)	0.03% / 39.44%	311
ឯកសារ	342.029 / (3653)	0.03% / 39.47%	312
កម្មវិធី	341.468 / (3647)	0.03% / 39.51%	313
គ្រួសារ	339.782 / (3629)	0.03% / 39.54%	314
អត្ថបទ	339.221 / (3623)	0.03% / 39.58%	315
ប៉ុណ្ណោះ	339.221 / (3623)	0.03% / 39.61%	316
ព្រៃ	338.003 / (3610)	0.03% / 39.64%	317
បន្ថែម	338.003 / (3610)	0.03% / 39.68%	318
នានា	335.194 / (3580)	0.03% / 39.71%	319
ដំណើរ	335.101 / (3579)	0.03% / 39.74%	320
ជាប់	331.73 / (3543)	0.03% / 39.78%	321
តុលាការ	331.449 / (3540)	0.03% / 39.81%	322
ដុល្លារ	330.794 / (3533)	0.03% / 39.84%	323
ហៅ	326.019 / (3482)	0.03% / 39.88%	324
រៀបចំ	323.678 / (3457)	0.03% / 39.91%	325
ចុច	323.023 / (3450)	0.03% / 39.94%	326
សៀម	319.09 / (3408)	0.03% / 39.97%	327
ម៉ោង	318.996 / (3407)	0.03% / 40.01%	328
បញ្ចេញ	318.435 / (3401)	0.03% / 40.04%	329
ចំណែក	316.562 / (3381)	0.03% / 40.07%	330
ពិភពលោក	315.719 / (3372)	0.03% / 40.1%	331
នា	314.783 / (3362)	0.03% / 40.13%	332
តត	314.783 / (3362)	0.03% / 40.16%	333
ទាក់	312.911 / (3342)	0.03% / 40.19%	334
កន្លង	311.225 / (3324)	0.03% / 40.23%	335
ប៉ូលិស	311.038 / (3322)	0.03% / 40.26%	336
ដូចជា	308.978 / (3300)	0.03% / 40.29%	337
បំផុត	308.604 / (3296)	0.03% / 40.32%	338
រៀន	306.263 / (3271)	0.03% / 40.35%	339
ទិញ	306.169 / (3270)	0.03% / 40.38%	340
អា	305.701 / (3265)	0.03% / 40.41%	341
រាជ	304.109 / (3248)	0.03% / 40.44%	342
បន្ទាប់	300.926 / (3214)	0.03% / 40.47%	343
សួរ	300.926 / (3214)	0.03% / 40.5%	344
២០	299.896 / (3203)	0.02% / 40.53%	345
ម្ចាស់	299.615 / (3200)	0.02% / 40.56%	346
អង្គ	296.9 / (3171)	0.02% / 40.59%	347
ពលរដ្ឋ	296.9 / (3171)	0.02% / 40.62%	348
សព	296.338 / (3165)	0.02% / 40.65%	349
រៀប	295.589 / (3157)	0.02% / 40.68%	350
ក្រុមហ៊ុន	295.214 / (3153)	0.02% / 40.71%	351
កញ្ញា	294.653 / (3147)	0.02% / 40.74%	352
ពិនិត្យ	293.716 / (3137)	0.02% / 40.77%	353
ប្រពន្ធ	292.593 / (3125)	0.02% / 40.8%	354
ករណី	291.75 / (3116)	0.02% / 40.83%	355
វាយ	291.469 / (3113)	0.02% / 40.86%	356
សម្រេច	290.533 / (3103)	0.02% / 40.88%	357
ជម	289.503 / (3092)	0.02% / 40.91%	358
ជិត	288.38 / (3080)	0.02% / 40.94%	359
រវាង	288.38 / (3080)	0.02% / 40.97%	360
យោបល់	287.443 / (3070)	0.02% / 41%	361
រស់	286.413 / (3059)	0.02% / 41.03%	362
នាយក	286.32 / (3058)	0.02% / 41.06%	363
អនុវត្ត	286.132 / (3056)	0.02% / 41.09%	364
អាយុ	284.915 / (3043)	0.02% / 41.11%	365
តប	284.915 / (3043)	0.02% / 41.14%	366
ម្ដង	282.855 / (3021)	0.02% / 41.17%	367
បញ្ចូល	282.574 / (3018)	0.02% / 41.2%	368
ធ្លាប់	280.234 / (2993)	0.02% / 41.23%	369
ប្រេង	278.455 / (2974)	0.02% / 41.25%	370
កាលពី	277.518 / (2964)	0.02% / 41.28%	371
ការពារ	277.331 / (2962)	0.02% / 41.31%	372
ផ្សារ	276.582 / (2954)	0.02% / 41.34%	373
អាជ្ញាធរ	276.114 / (2949)	0.02% / 41.37%	374
ពន	273.867 / (2925)	0.02% / 41.39%	375
គ្រឿង	273.586 / (2922)	0.02% / 41.42%	376
វេលា	272.088 / (2906)	0.02% / 41.45%	377
ទ្រង់	271.807 / (2903)	0.02% / 41.47%	378
ប្រុស	270.964 / (2894)	0.02% / 41.5%	379
រណ	270.683 / (2891)	0.02% / 41.53%	380
សិក្សា	270.309 / (2887)	0.02% / 41.56%	381
ទស្សនៈ	269.841 / (2882)	0.02% / 41.58%	382
ពុករលួយ	269.466 / (2878)	0.02% / 41.61%	383
នព	267.126 / (2853)	0.02% / 41.64%	384
ស្គាល់	266.845 / (2850)	0.02% / 41.66%	385
អាមេរិក	266.283 / (2844)	0.02% / 41.69%	386
សុខ	265.908 / (2840)	0.02% / 41.72%	387
ពិសេស	265.534 / (2836)	0.02% / 41.74%	388
ជើង	263.287 / (2812)	0.02% / 41.77%	389
គ្រាន់	262.912 / (2808)	0.02% / 41.8%	390
មហា	260.103 / (2778)	0.02% / 41.82%	391
បំណង	259.916 / (2776)	0.02% / 41.85%	392
ធ្វើការ	259.729 / (2774)	0.02% / 41.87%	393
វេទិកា	259.167 / (2768)	0.02% / 41.9%	394
នុ	257.482 / (2750)	0.02% / 41.93%	395
លាន	257.294 / (2748)	0.02% / 41.95%	396
ជីវិត	257.201 / (2747)	0.02% / 41.98%	397
ភាគ	255.89 / (2733)	0.02% / 42%	398
ទាហាន	253.456 / (2707)	0.02% / 42.03%	399
ខ្ពស់	253.362 / (2706)	0.02% / 42.05%	400
ពេញ	250.647 / (2677)	0.02% / 42.08%	401
រដ្ឋមន្ត្រី	249.055 / (2660)	0.02% / 42.1%	402
ប្រភព	246.995 / (2638)	0.02% / 42.13%	403
គ្រោះ	245.965 / (2627)	0.02% / 42.15%	404
ប្អូន	245.123 / (2618)	0.02% / 42.18%	405
តំណាង	243.344 / (2599)	0.02% / 42.2%	406
ទោះ	243.344 / (2599)	0.02% / 42.23%	407
កុមារ	242.126 / (2586)	0.02% / 42.25%	408
ប្រមាណ	241.377 / (2578)	0.02% / 42.27%	409
រាប់	240.722 / (2571)	0.02% / 42.3%	410
កុម្ភៈ	239.879 / (2562)	0.02% / 42.32%	411
វិស័យ	239.317 / (2556)	0.02% / 42.35%	412
បច្ចុប្បន្ន	239.13 / (2554)	0.02% / 42.37%	413
អំណាច	238.288 / (2545)	0.02% / 42.39%	414
ដង	238.194 / (2544)	0.02% / 42.42%	415
៣០	238.194 / (2544)	0.02% / 42.44%	416
គ្រូ	238.1 / (2543)	0.02% / 42.47%	417
រក្សា	237.351 / (2535)	0.02% / 42.49%	418
ច្បាស់	235.479 / (2515)	0.02% / 42.51%	419
សកម្មភាព	235.385 / (2514)	0.02% / 42.54%	420
សេរី	235.198 / (2512)	0.02% / 42.56%	421
អប់រំ	234.636 / (2506)	0.02% / 42.58%	422
សមាជិក	234.168 / (2501)	0.02% / 42.61%	423
ម៉ូតូ	233.793 / (2497)	0.02% / 42.63%	424
ប្រហែល	232.67 / (2485)	0.02% / 42.65%	425
ខែកុម្ភៈ	232.295 / (2481)	0.02% / 42.68%	426
ប្រកប	231.733 / (2475)	0.02% / 42.7%	427
សិន	230.797 / (2465)	0.02% / 42.72%	428
តូច	230.516 / (2462)	0.02% / 42.75%	429
ជំរុញ	229.58 / (2452)	0.02% / 42.77%	430
ថ្លែង	229.112 / (2447)	0.02% / 42.79%	431
ប្រជុំ	228.176 / (2437)	0.02% / 42.81%	432
ចុង	228.082 / (2436)	0.02% / 42.84%	433
ក្មេង	227.239 / (2427)	0.02% / 42.86%	434
ហិង្សា	226.677 / (2421)	0.02% / 42.88%	435
សា	226.584 / (2420)	0.02% / 42.91%	436
កម្លាំង	226.303 / (2417)	0.02% / 42.93%	437
ព្រំដែន	226.303 / (2417)	0.02% / 42.95%	438
លក្ខណៈ	225.741 / (2411)	0.02% / 42.97%	439
អាស៊ី	225.273 / (2406)	0.02% / 43%	440
វត្ត	224.618 / (2399)	0.02% / 43.02%	441
មិត្ត	224.43 / (2397)	0.02% / 43.04%	442
សត្វ	223.588 / (2388)	0.02% / 43.06%	443
វិទ្យុ	223.494 / (2387)	0.02% / 43.09%	444
សេដ្ឋកិច្ច	223.4 / (2386)	0.02% / 43.11%	445
ត្រង់	222.558 / (2377)	0.02% / 43.13%	446
លេង	221.434 / (2365)	0.02% / 43.15%	447
ប្រចាំ	221.06 / (2361)	0.02% / 43.17%	448
ថយ	220.498 / (2355)	0.02% / 43.2%	449
ត្រឹម	219.468 / (2344)	0.02% / 43.22%	450
យប់	218.625 / (2335)	0.02% / 43.24%	451
អញ្ជើញ	216.94 / (2317)	0.02% / 43.26%	452
សោះ	216.94 / (2317)	0.02% / 43.28%	453
ដដែល	216.472 / (2312)	0.02% / 43.3%	454
អប	216.004 / (2307)	0.02% / 43.33%	455
ចំណុច	215.723 / (2304)	0.02% / 43.35%	456
បង់	215.535 / (2302)	0.02% / 43.37%	457
ចោទ	215.255 / (2299)	0.02% / 43.39%	458
គ្រប់គ្រង	214.786 / (2294)	0.02% / 43.41%	459
ប្រសិន	214.318 / (2289)	0.02% / 43.43%	460
ខែកញ្ញា	214.037 / (2286)	0.02% / 43.46%	461
ស្ថិត	213.85 / (2284)	0.02% / 43.48%	462
នារី	213.569 / (2281)	0.02% / 43.5%	463
ឆ្លើយ	212.633 / (2271)	0.02% / 43.52%	464
នប	212.539 / (2270)	0.02% / 43.54%	465
លទ្ធផល	210.667 / (2250)	0.02% / 43.56%	466
រំលោភ	210.573 / (2249)	0.02% / 43.58%	467
ចៅ	209.918 / (2242)	0.02% / 43.6%	468
ប្រព័ន្ធ	208.794 / (2230)	0.02% / 43.62%	469
រថយន្ត	208.513 / (2227)	0.02% / 43.65%	470
ចាត់	208.326 / (2225)	0.02% / 43.67%	471
ប្រាស់	207.858 / (2220)	0.02% / 43.69%	472
ចប	207.577 / (2217)	0.02% / 43.71%	473
បរទេស	206.734 / (2208)	0.02% / 43.73%	474
សត	206.266 / (2203)	0.02% / 43.75%	475
ដំបូង	206.172 / (2202)	0.02% / 43.77%	476
តែង	205.704 / (2197)	0.02% / 43.79%	477
ចាស់	205.33 / (2193)	0.02% / 43.81%	478
ដូរ	205.236 / (2192)	0.02% / 43.83%	479
១៧	205.236 / (2192)	0.02% / 43.85%	480
បារាំង	204.674 / (2186)	0.02% / 43.87%	481
ស្ដី	204.487 / (2184)	0.02% / 43.89%	482
បង្ក	204.019 / (2179)	0.02% / 43.91%	483
ឥត	203.738 / (2176)	0.02% / 43.93%	484
សមត្ថកិច្ច	202.989 / (2168)	0.02% / 43.95%	485
វិទ្យាស្ថាន	202.427 / (2162)	0.02% / 43.97%	486
សំ	202.427 / (2162)	0.02% / 43.99%	487
យូរ	201.397 / (2151)	0.02% / 44.01%	488
ខ្សែ	200.742 / (2144)	0.02% / 44.03%	489
អក្សរ	200.648 / (2143)	0.02% / 44.05%	490
ចុះឈ្មោះ	199.618 / (2132)	0.01% / 44.07%	491
ទីក្រុង	199.525 / (2131)	0.01% / 44.09%	492
ដោយសារ	198.869 / (2124)	0.01% / 44.11%	493
ដោះស្រាយ	198.776 / (2123)	0.01% / 44.13%	494
គម្រោង	198.682 / (2122)	0.01% / 44.15%	495
យុវជន	198.401 / (2119)	0.01% / 44.17%	496
រៀល	196.903 / (2103)	0.01% / 44.19%	497
គាំទ្រ	196.622 / (2100)	0.01% / 44.21%	498
ប្រមូល	196.248 / (2096)	0.01% / 44.23%	499
តា	194.656 / (2079)	0.01% / 44.25%	500
ឪពុក	194.281 / (2075)	0.01% / 44.27%	501
មរ	193.72 / (2069)	0.01% / 44.29%	502
ហ៊ាន	193.252 / (2064)	0.01% / 44.31%	503
ផ្សព្វផ្សាយ	192.877 / (2060)	0.01% / 44.33%	504
ទាំងឡាយ	192.69 / (2058)	0.01% / 44.35%	505
លុះ	192.596 / (2057)	0.01% / 44.37%	506
យួន	192.128 / (2052)	0.01% / 44.39%	507
បឿន	191.379 / (2044)	0.01% / 44.41%	508
វៀតណាម	191.004 / (2040)	0.01% / 44.43%	509
នរណា	190.255 / (2032)	0.01% / 44.44%	510
ចែក	190.068 / (2030)	0.01% / 44.46%	511
ខែវិច្ឆិកា	189.975 / (2029)	0.01% / 44.48%	512
ប៉ុន្មាន	189.787 / (2027)	0.01% / 44.5%	513
ប្រ	189.694 / (2026)	0.01% / 44.52%	514
រត់	189.694 / (2026)	0.01% / 44.54%	515
ពិធី	189.413 / (2023)	0.01% / 44.56%	516
ត្រឡប់	188.57 / (2014)	0.01% / 44.58%	517
ប្រាកដ	188.476 / (2013)	0.01% / 44.6%	518
ភ្នំ	187.821 / (2006)	0.01% / 44.62%	519
បិទ	187.353 / (2001)	0.01% / 44.63%	520
ខណ្ឌ	186.136 / (1988)	0.01% / 44.65%	521
ប្រភេទ	185.48 / (1981)	0.01% / 44.67%	522
ទោស	184.544 / (1971)	0.01% / 44.69%	523
បន្តិច	184.357 / (1969)	0.01% / 44.71%	524
ប្រឈម	184.263 / (1968)	0.01% / 44.73%	525
វិធី	184.263 / (1968)	0.01% / 44.74%	526
ទស	184.169 / (1967)	0.01% / 44.76%	527
ក្រហម	183.701 / (1962)	0.01% / 44.78%	528
ប្លាក	183.046 / (1955)	0.01% / 44.8%	529
ទឹម	182.671 / (1951)	0.01% / 44.82%	530
តិច	182.578 / (1950)	0.01% / 44.84%	531
១៦	181.922 / (1943)	0.01% / 44.85%	532
សិស្ស	181.829 / (1942)	0.01% / 44.87%	533
វិទ្យា	181.829 / (1942)	0.01% / 44.89%	534
ប្រយោជន៍	181.173 / (1935)	0.01% / 44.91%	535
ងរ	180.986 / (1933)	0.01% / 44.93%	536
ជនជាតិ	180.799 / (1931)	0.01% / 44.95%	537
ទាក់ទង	180.705 / (1930)	0.01% / 44.96%	538
នរ	180.143 / (1924)	0.01% / 44.98%	539
អញ	179.769 / (1920)	0.01% / 45%	540
ថាមពល	179.582 / (1918)	0.01% / 45.02%	541
ចោល	179.488 / (1917)	0.01% / 45.04%	542
ងាយ	179.301 / (1915)	0.01% / 45.05%	543
ភ្លាម	179.02 / (1912)	0.01% / 45.07%	544
ម្ដាយ	178.833 / (1910)	0.01% / 45.09%	545
ទូលាយ	177.803 / (1899)	0.01% / 45.11%	546
ចិន	177.803 / (1899)	0.01% / 45.12%	547
លែង	177.709 / (1898)	0.01% / 45.14%	548
រយៈពេល	177.334 / (1894)	0.01% / 45.16%	549
សម័យ	175.649 / (1876)	0.01% / 45.18%	550
បញ្ជូន	175.275 / (1872)	0.01% / 45.2%	551
កម្ម	174.9 / (1868)	0.01% / 45.21%	552
សេចក្តី	174.619 / (1865)	0.01% / 45.23%	553
ភាគី	174.619 / (1865)	0.01% / 45.25%	554
ខ្លាច	174.526 / (1864)	0.01% / 45.27%	555
អម	174.245 / (1861)	0.01% / 45.28%	556
ឥឡូវ	173.87 / (1857)	0.01% / 45.3%	557
មិនមែន	173.496 / (1853)	0.01% / 45.32%	558
លោកអ្នក	173.308 / (1851)	0.01% / 45.33%	559
សកល	173.215 / (1850)	0.01% / 45.35%	560
ផ្ទាល់	172.84 / (1846)	0.01% / 45.37%	561
ខំ	172.747 / (1845)	0.01% / 45.39%	562
កែ	172.466 / (1842)	0.01% / 45.4%	563
ដឹកនាំ	171.529 / (1832)	0.01% / 45.42%	564
ទូរស័ព្ទ	171.249 / (1829)	0.01% / 45.44%	565
ភេទ	171.155 / (1828)	0.01% / 45.46%	566
ត្រី	170.687 / (1823)	0.01% / 45.47%	567
បញ្ជី	170.687 / (1823)	0.01% / 45.49%	568
សព្វ	170.406 / (1820)	0.01% / 45.51%	569
ជិះ	169.844 / (1814)	0.01% / 45.52%	570
សង្កាត់	169.844 / (1814)	0.01% / 45.54%	571
ស្រួល	169.75 / (1813)	0.01% / 45.56%	572
មានការ	169.657 / (1812)	0.01% / 45.57%	573
សាធារណៈ	169.657 / (1812)	0.01% / 45.59%	574
រៀង	169.189 / (1807)	0.01% / 45.61%	575
ចំណាយ	169.001 / (1805)	0.01% / 45.62%	576
មូល	169.001 / (1805)	0.01% / 45.64%	577
គោរព	168.814 / (1803)	0.01% / 45.66%	578
របៀប	168.814 / (1803)	0.01% / 45.68%	579
ក្លាយ	168.721 / (1802)	0.01% / 45.69%	580
សភា	168.346 / (1798)	0.01% / 45.71%	581
ឆ្ពោះ	168.252 / (1797)	0.01% / 45.73%	582
កើន	167.971 / (1794)	0.01% / 45.74%	583
បរទ	167.597 / (1790)	0.01% / 45.76%	584
កោះ	167.129 / (1785)	0.01% / 45.78%	585
ក្បាល	166.848 / (1782)	0.01% / 45.79%	586
អារម្មណ៍	166.099 / (1774)	0.01% / 45.81%	587
ថែម	165.163 / (1764)	0.01% / 45.83%	588
ប្រព្រឹត្ត	164.882 / (1761)	0.01% / 45.84%	589
ឆាប់	164.601 / (1758)	0.01% / 45.86%	590
ឱកាស	164.601 / (1758)	0.01% / 45.88%	591
ភ្លើង	164.414 / (1756)	0.01% / 45.89%	592
កាប់	164.133 / (1753)	0.01% / 45.91%	593
ពាក់	164.039 / (1752)	0.01% / 45.92%	594
រើស	162.822 / (1739)	0.01% / 45.94%	595
អះអាង	162.541 / (1736)	0.01% / 45.96%	596
ដប	162.541 / (1736)	0.01% / 45.97%	597
អរគុណ	162.447 / (1735)	0.01% / 45.99%	598
សក	162.354 / (1734)	0.01% / 46.01%	599
របក	161.698 / (1727)	0.01% / 46.02%	600
ប្រកួត	160.949 / (1719)	0.01% / 46.04%	601
ចរាចរណ៍	160.575 / (1715)	0.01% / 46.05%	602
រស់នៅ	160.387 / (1713)	0.01% / 46.07%	603
គំនិត	159.545 / (1704)	0.01% / 46.09%	604
ខាងលើ	159.17 / (1700)	0.01% / 46.1%	605
ធ្លាក់	158.796 / (1696)	0.01% / 46.12%	606
គជ	158.421 / (1692)	0.01% / 46.13%	607
បាយ	158.234 / (1690)	0.01% / 46.15%	608
សប	156.642 / (1673)	0.01% / 46.17%	609
ថវិកា	156.642 / (1673)	0.01% / 46.18%	610
លយ	156.174 / (1668)	0.01% / 46.2%	611
សមាគម	155.893 / (1665)	0.01% / 46.21%	612
ឥទ្ធិពល	155.144 / (1657)	0.01% / 46.23%	613
ជំនួយ	154.863 / (1654)	0.01% / 46.24%	614
ឆ្លង	154.208 / (1647)	0.01% / 46.26%	615
ទាញ	153.646 / (1641)	0.01% / 46.27%	616
គរ	153.459 / (1639)	0.01% / 46.29%	617
ពម	153.178 / (1636)	0.01% / 46.3%	618
ល្ងាច	152.523 / (1629)	0.01% / 46.32%	619
អនុញ្ញាត	152.523 / (1629)	0.01% / 46.34%	620
ខរ	152.429 / (1628)	0.01% / 46.35%	621
ឈ្មួញ	152.335 / (1627)	0.01% / 46.37%	622
សៀវភៅ	151.961 / (1623)	0.01% / 46.38%	623
ហប	151.774 / (1621)	0.01% / 46.4%	624
សហ	151.774 / (1621)	0.01% / 46.41%	625
ឡាន	151.68 / (1620)	0.01% / 46.43%	626
រទង	151.586 / (1619)	0.01% / 46.44%	627
សម្លាប់	150.931 / (1612)	0.01% / 46.46%	628
ពេក	150.182 / (1604)	0.01% / 46.47%	629
ស្ថាប័ន	149.807 / (1600)	0.01% / 46.49%	630
មាត់	148.309 / (1584)	0.01% / 46.5%	631
ឆ្ងាយ	148.216 / (1583)	0.01% / 46.52%	632
សុទ្ធ	147.747 / (1578)	0.01% / 46.53%	633
ស្ថានភាព	147.56 / (1576)	0.01% / 46.55%	634
ច្រក	147.467 / (1575)	0.01% / 46.56%	635
ពុក	147.186 / (1572)	0.01% / 46.58%	636
ជ័យ	146.343 / (1563)	0.01% / 46.59%	637
ឈប់	146.249 / (1562)	0.01% / 46.6%	638
ព្រះអង្គ	145.968 / (1559)	0.01% / 46.62%	639
មូលដ្ឋាន	145.5 / (1554)	0.01% / 46.63%	640
និយម	145.5 / (1554)	0.01% / 46.65%	641
ណាមួយ	144.845 / (1547)	0.01% / 46.66%	642
ស្រឡាញ់	144.751 / (1546)	0.01% / 46.68%	643
នី	144.751 / (1546)	0.01% / 46.69%	644
ម៉េច	144.751 / (1546)	0.01% / 46.71%	645
ទំព័រ	144.564 / (1544)	0.01% / 46.72%	646
អភិបាល	143.628 / (1534)	0.01% / 46.74%	647
មករ	143.16 / (1529)	0.01% / 46.75%	648
ជំនាញ	143.066 / (1528)	0.01% / 46.76%	649
ប្រកាន់	142.598 / (1523)	0.01% / 46.78%	650
សីហ	142.223 / (1519)	0.01% / 46.79%	651
ជួញ	141.287 / (1509)	0.01% / 46.81%	652
ក្តី	141.1 / (1507)	0.01% / 46.82%	653
ជ្រើស	139.414 / (1489)	0.01% / 46.83%	654
ស្វាយ	139.414 / (1489)	0.01% / 46.85%	655
គឺជា	139.227 / (1487)	0.01% / 46.86%	656
កម្មករ	139.227 / (1487)	0.01% / 46.88%	657
រដ្ឋបាល	138.853 / (1483)	0.01% / 46.89%	658
លិខិត	138.665 / (1481)	0.01% / 46.9%	659
យើងខ្ញុំ	138.572 / (1480)	0.01% / 46.92%	660
ធម្មតា	138.384 / (1478)	0.01% / 46.93%	661
ជំងឺ	137.823 / (1472)	0.01% / 46.95%	662
លួច	137.729 / (1471)	0.01% / 46.96%	663
ដេក	137.635 / (1470)	0.01% / 46.97%	664
អង្គុយ	137.167 / (1465)	0.01% / 46.99%	665
រី	137.074 / (1464)	0.01% / 47%	666
ខៀវ	136.605 / (1459)	0.01% / 47.01%	667
បញ្ចាំង	136.512 / (1458)	0.01% / 47.03%	668
ដោះ	136.418 / (1457)	0.01% / 47.04%	669
ថត	136.044 / (1453)	0.01% / 47.06%	670
របួស	136.044 / (1453)	0.01% / 47.07%	671
ស្នើ	135.95 / (1452)	0.01% / 47.08%	672
សំដី	135.856 / (1451)	0.01% / 47.1%	673
សង្ឃឹម	135.763 / (1450)	0.01% / 47.11%	674
បាញ់	135.763 / (1450)	0.01% / 47.12%	675
ស៊ីវិល	135.669 / (1449)	0.01% / 47.14%	676
ភ្ជាប់	135.669 / (1449)	0.01% / 47.15%	677
កញ្ចក់	135.482 / (1447)	0.01% / 47.16%	678
ល័ក្ខខ័ណ្ឌ	135.295 / (1445)	0.01% / 47.18%	679
រសក	135.295 / (1445)	0.01% / 47.19%	680
ឈរ	135.201 / (1444)	0.01% / 47.2%	681
បណ្ដាល	135.014 / (1442)	0.01% / 47.22%	682
អតីត	134.92 / (1441)	0.01% / 47.23%	683
កែវ	134.733 / (1439)	0.01% / 47.24%	684
អង់គ្លេស	134.546 / (1437)	0.01% / 47.26%	685
ភ្នែក	134.452 / (1436)	0.01% / 47.27%	686
បញ្ចប់	134.358 / (1435)	0.01% / 47.29%	687
កណ្ដាល	134.171 / (1433)	0.01% / 47.3%	688
ខ្លឹមសារ	133.984 / (1431)	0.01% / 47.31%	689
អត	133.984 / (1431)	0.01% / 47.33%	690
ដំបង	133.89 / (1430)	0.01% / 47.34%	691
ទម	133.797 / (1429)	0.01% / 47.35%	692
ប្រគល់	133.703 / (1428)	0.01% / 47.37%	693
បន្ថយ	133.703 / (1428)	0.01% / 47.38%	694
នាទី	133.328 / (1424)	0.01% / 47.39%	695
ម៉ឺន	132.673 / (1417)	0.01% / 47.41%	696
សំណុំ	132.579 / (1416)	0.01% / 47.42%	697
ឆ្លុះ	132.299 / (1413)	0.01% / 47.43%	698
សហគមន៍	131.924 / (1409)	0.01% / 47.45%	699
ការណ៍	131.83 / (1408)	0.01% / 47.46%	700
ចន្ទ	131.737 / (1407)	0.01% / 47.47%	701
ជម្លោះ	131.269 / (1402)	0.01% / 47.48%	702
ចាក់	131.269 / (1402)	0.01% / 47.5%	703
ខណៈ	131.269 / (1402)	0.01% / 47.51%	704
អាហារ	131.081 / (1400)	0.01% / 47.52%	705
យុត្តិធម៌	130.8 / (1397)	0.01% / 47.54%	706
ប្រសើរ	130.8 / (1397)	0.01% / 47.55%	707
អាទិភាព	130.051 / (1389)	0.01% / 47.56%	708
រលួយ	129.021 / (1378)	0.01% / 47.58%	709
ញន	128.928 / (1377)	0.01% / 47.59%	710
ស្ដេច	128.834 / (1376)	0.01% / 47.6%	711
ន៏	128.741 / (1375)	0.01% / 47.61%	712
យោង	128.647 / (1374)	0.01% / 47.63%	713
ពន្ធ	128.46 / (1372)	0.01% / 47.64%	714
សៀមរាប	128.085 / (1368)	0.01% / 47.65%	715
ប្រឡង	127.523 / (1362)	0.01% / 47.67%	716
ទំនង	127.055 / (1357)	0.01% / 47.68%	717
ដូច្នោះ	126.868 / (1355)	0.01% / 47.69%	718
ផលិត	126.213 / (1348)	0.01% / 47.7%	719
ដាច់	126.213 / (1348)	0.01% / 47.72%	720
ស្រង់	126.213 / (1348)	0.01% / 47.73%	721
កសាង	126.025 / (1346)	0.01% / 47.74%	722
ផ្ទុយ	126.025 / (1346)	0.01% / 47.75%	723
នៅតែ	125.932 / (1345)	0.01% / 47.77%	724
កំពង់	125.651 / (1342)	0.01% / 47.78%	725
រាជរដ្ឋាភិបាល	125.37 / (1339)	0.01% / 47.79%	726
ពាក់ព័ន្ធ	125.37 / (1339)	0.01% / 47.8%	727
សិទ្ធ	124.995 / (1335)	0.01% / 47.82%	728
ជាន់	124.995 / (1335)	0.01% / 47.83%	729
បឹង	124.714 / (1332)	0.01% / 47.84%	730
ស្កាត់	124.621 / (1331)	0.01% / 47.85%	731
ចំណូល	124.34 / (1328)	0.01% / 47.87%	732
ទំនិញ	124.246 / (1327)	0.01% / 47.88%	733
នាយករដ្ឋមន្ត្រី	124.059 / (1325)	0.01% / 47.89%	734
ដទៃ	123.965 / (1324)	0.01% / 47.9%	735
ក្រីក្រ	123.872 / (1323)	0.01% / 47.92%	736
ហេ	123.872 / (1323)	0.01% / 47.93%	737
កីឡា	123.778 / (1322)	0.01% / 47.94%	738
ការិយាល័យ	123.216 / (1316)	0.01% / 47.95%	739
លី	123.123 / (1315)	0.01% / 47.97%	740
គណៈ	122.842 / (1312)	0.01% / 47.98%	741
ចំណោម	122.561 / (1309)	0.01% / 47.99%	742
អនុម័ត	122.28 / (1306)	0.01% / 48%	743
ស្ដាប់	121.999 / (1303)	0.01% / 48.01%	744
សមរម្យ	121.812 / (1301)	0.01% / 48.03%	745
រាជធានី	121.625 / (1299)	0.01% / 48.04%	746
សុខភាព	121.437 / (1297)	0.01% / 48.05%	747
គោ	121.25 / (1295)	0.01% / 48.06%	748
លាវ	121.25 / (1295)	0.01% / 48.08%	749
លុប	121.157 / (1294)	0.01% / 48.09%	750
អញ្ចឹង	120.969 / (1292)	0.01% / 48.1%	751
រដ្ឋសភា	120.969 / (1292)	0.01% / 48.11%	752
ភ្ញៀវ	120.782 / (1290)	0.01% / 48.12%	753
ស្រប	120.782 / (1290)	0.01% / 48.14%	754
សន្តិភាព	120.408 / (1286)	0.01% / 48.15%	755
រឡ	119.19 / (1273)	0.01% / 48.16%	756
អង្កេត	119.003 / (1271)	0.01% / 48.17%	757
បុណ្យ	118.348 / (1264)	0.01% / 48.18%	758
ទាមទារ	118.067 / (1261)	0.01% / 48.2%	759
បំពេញ	117.786 / (1258)	0.01% / 48.21%	760
ន័យ	117.692 / (1257)	0.01% / 48.22%	761
មាស	117.692 / (1257)	0.01% / 48.23%	762
តុ	117.505 / (1255)	0.01% / 48.24%	763
ដែន	117.411 / (1254)	0.01% / 48.25%	764
ថ្នូរ	117.224 / (1252)	0.01% / 48.27%	765
រីក	117.13 / (1251)	0.01% / 48.28%	766
គេច	117.037 / (1250)	0.01% / 48.29%	767
ជឿ	116.85 / (1248)	0.01% / 48.3%	768
កងទ័ព	116.007 / (1239)	0.01% / 48.31%	769
វប្បធម៌	115.164 / (1230)	0.01% / 48.32%	770
សម្បត្តិ	115.071 / (1229)	0.01% / 48.34%	771
សូវ	114.509 / (1223)	0.01% / 48.35%	772
សាច់	114.228 / (1220)	0.01% / 48.36%	773
ទប់	114.134 / (1219)	0.01% / 48.37%	774
សល់	113.947 / (1217)	0.01% / 48.38%	775
ប្រែ	113.573 / (1213)	0.01% / 48.39%	776
ពុធ	113.198 / (1209)	0.01% / 48.4%	777
ស្រាវជ្រាវ	113.198 / (1209)	0.01% / 48.42%	778
ម៉ា	113.011 / (1207)	0.01% / 48.43%	779
បងប្អូន	112.168 / (1198)	0.01% / 48.44%	780
ជះ	111.887 / (1195)	0.01% / 48.45%	781
ផ្ទៃ	111.887 / (1195)	0.01% / 48.46%	782
តម្រូវ	111.794 / (1194)	0.01% / 48.47%	783
ជុំវិញ	111.606 / (1192)	0.01% / 48.48%	784
លំបាក	111.606 / (1192)	0.01% / 48.49%	785
ហាក់	111.232 / (1188)	0.01% / 48.51%	786
យោធា	111.232 / (1188)	0.01% / 48.52%	787
នាយ	111.138 / (1187)	0.01% / 48.53%	788
មន្ទីរ	110.857 / (1184)	0.01% / 48.54%	789
សប្បាយ	110.764 / (1183)	0.01% / 48.55%	790
ស្រែ	110.764 / (1183)	0.01% / 48.56%	791
ស្រាប់	110.764 / (1183)	0.01% / 48.57%	792
ព័ន្ធ	110.764 / (1183)	0.01% / 48.58%	793
កំពស់	110.67 / (1182)	0.01% / 48.59%	794
ស្រាយ	110.67 / (1182)	0.01% / 48.6%	795
នឹក	110.576 / (1181)	0.01% / 48.62%	796
សមភាព	110.483 / (1180)	0.01% / 48.63%	797
គ្រាប់	110.389 / (1179)	0.01% / 48.64%	798
របាយការណ៍	110.295 / (1178)	0.01% / 48.65%	799
រ៉ា	109.64 / (1171)	0.01% / 48.66%	800
និពន្ធ	109.64 / (1171)	0.01% / 48.67%	801
ត្រឹមត្រូវ	109.172 / (1166)	0.01% / 48.68%	802
ជ្រើសរើស	109.172 / (1166)	0.01% / 48.69%	803
ដាំ	108.985 / (1164)	0.01% / 48.7%	804
អើយ	108.985 / (1164)	0.01% / 48.71%	805
គោក	108.704 / (1161)	0.01% / 48.73%	806
រស្មី	108.61 / (1160)	0.01% / 48.74%	807
ប៉ះពាល់	107.955 / (1153)	0.01% / 48.75%	808
ល្មើស	107.955 / (1153)	0.01% / 48.76%	809
កសិកម្ម	107.58 / (1149)	0.01% / 48.77%	810
បណ្ឌិត	107.206 / (1145)	0.01% / 48.78%	811
ពេលវេលា	106.457 / (1137)	0.01% / 48.79%	812
ស៊ើប	106.363 / (1136)	0.01% / 48.8%	813
ជៀស	106.363 / (1136)	0.01% / 48.81%	814
ឈ្នះ	106.269 / (1135)	0.01% / 48.82%	815
ស្ទឹង	106.269 / (1135)	0.01% / 48.83%	816
ឯក	106.176 / (1134)	0.01% / 48.84%	817
កុំព្យូទ័រ	106.176 / (1134)	0.01% / 48.85%	818
បេតិកភណ្ឌ	106.176 / (1134)	0.01% / 48.86%	819
អង្ករ	106.176 / (1134)	0.01% / 48.88%	820
ទន់	105.708 / (1129)	0.01% / 48.89%	821
យោ	105.614 / (1128)	0.01% / 48.9%	822
តួនាទី	105.427 / (1126)	0.01% / 48.91%	823
គណៈកម្មាធិការ	105.333 / (1125)	0.01% / 48.92%	824
អាវុធ	105.052 / (1122)	0.01% / 48.93%	825
ចប់	104.865 / (1120)	0.01% / 48.94%	826
ទម្រង់	104.678 / (1118)	0.01% / 48.95%	827
មជ្ឈមណ្ឌល	104.49 / (1116)	0.01% / 48.96%	828
ប្រាស្រ័យ	104.397 / (1115)	0.01% / 48.97%	829
សរ	104.21 / (1113)	0.01% / 48.98%	830
គង់	104.21 / (1113)	0.01% / 48.99%	831
ទូរទស្សន៍	104.116 / (1112)	0.01% / 49%	832
បញ្ជា	103.929 / (1110)	0.01% / 49.01%	833
ក្បែរ	103.741 / (1108)	0.01% / 49.02%	834
វី	103.554 / (1106)	0.01% / 49.03%	835
សុក្រ	103.461 / (1105)	0.01% / 49.04%	836
ពាណិជ្ជកម្ម	103.086 / (1101)	0.01% / 49.05%	837
វាង	102.992 / (1100)	0.01% / 49.06%	838
ព្យាយាម	102.992 / (1100)	0.01% / 49.07%	839
ស្អាត	102.899 / (1099)	0.01% / 49.08%	840
សហរដ្ឋ	102.805 / (1098)	0.01% / 49.09%	841
បន្ទាយ	102.805 / (1098)	0.01% / 49.1%	842
ចំហ	102.805 / (1098)	0.01% / 49.11%	843
សំណាក់	102.711 / (1097)	0.01% / 49.12%	844
ខ្មៅ	102.618 / (1096)	0.01% / 49.13%	845
ផុត	102.431 / (1094)	0.01% / 49.15%	846
កម្រិត	102.337 / (1093)	0.01% / 49.16%	847
ផ្ទាល់ខ្លួន	102.337 / (1093)	0.01% / 49.17%	848
សន្តិវិធី	102.243 / (1092)	0.01% / 49.18%	849
សេវា	102.056 / (1090)	0.01% / 49.19%	850
ជាដើម	101.213 / (1081)	0.01% / 49.2%	851
គុណ	101.213 / (1081)	0.01% / 49.21%	852
គូ	100.933 / (1078)	0.01% / 49.22%	853
អគ្គិសនី	100.652 / (1075)	0.01% / 49.23%	854
សមត្ថភាព	100.558 / (1074)	0.01% / 49.24%	855
ជ្រាប	100.464 / (1073)	0.01% / 49.25%	856
ប្រវត្តិសាស្ត្រ	100.464 / (1073)	0.01% / 49.26%	857
ព្រះសង្ឃ	100.371 / (1072)	0.01% / 49.27%	858
ទស្សនា	100.371 / (1072)	0.01% / 49.28%	859
ផ្ដើម	100.277 / (1071)	0.01% / 49.29%	860
សេរីភាព	100.277 / (1071)	0.01% / 49.3%	861
បាទ	100.183 / (1070)	0.01% / 49.31%	862
ជាច្រើន	100.09 / (1069)	0.01% / 49.32%	863
អង្គារ	99.903 / (1067)	0% / 49.33%	864
មណ្ឌល	99.715 / (1065)	0% / 49.34%	865
ផ្ញើ	99.622 / (1064)	0% / 49.35%	866
ហួស	99.341 / (1061)	0% / 49.36%	867
អង្គរ	99.247 / (1060)	0% / 49.37%	868
បរិស្ថាន	99.06 / (1058)	0% / 49.38%	869
បង្រៀន	98.966 / (1057)	0% / 49.39%	870
សាសនា	98.966 / (1057)	0% / 49.4%	871
គណនី	98.873 / (1056)	0% / 49.41%	872
កិច្ចការ	98.779 / (1055)	0% / 49.42%	873
ប៉ា	98.592 / (1053)	0% / 49.43%	874
បាច់	98.404 / (1051)	0% / 49.44%	875
ក្រុមប្រឹក្សា	98.404 / (1051)	0% / 49.45%	876
នគរបាល	98.217 / (1049)	0% / 49.46%	877
មាន់	98.03 / (1047)	0% / 49.47%	878
លោកស្រី	98.03 / (1047)	0% / 49.47%	879
ដីធ្លី	97.936 / (1046)	0% / 49.48%	880
ឡាយ	97.843 / (1045)	0% / 49.49%	881
ប្រឹក្សា	97.843 / (1045)	0% / 49.5%	882
នាម	97.749 / (1044)	0% / 49.51%	883
ពិចារណា	97.655 / (1043)	0% / 49.52%	884
ប្រអប់	97.468 / (1041)	0% / 49.53%	885
តួ	97.468 / (1041)	0% / 49.54%	886
ពិបាក	97.375 / (1040)	0% / 49.55%	887
ធានា	97 / (1036)	0% / 49.56%	888
អាទិត្យ	96.813 / (1034)	0% / 49.57%	889
ទេសចរណ៍	96.719 / (1033)	0% / 49.58%	890
ឯករាជ្យ	95.97 / (1025)	0% / 49.59%	891
មានជ័យ	95.97 / (1025)	0% / 49.6%	892
បង្កើន	95.97 / (1025)	0% / 49.61%	893
ឈឺ	95.783 / (1023)	0% / 49.62%	894
រាយការណ៍	95.689 / (1022)	0% / 49.63%	895
សរុប	95.689 / (1022)	0% / 49.64%	896
ចោរ	95.689 / (1022)	0% / 49.65%	897
សហការ	95.596 / (1021)	0% / 49.66%	898
ខាន	95.502 / (1020)	0% / 49.67%	899
ធម៌	95.408 / (1019)	0% / 49.68%	900
ប្រវត្តិ	95.315 / (1018)	0% / 49.69%	901
បំផ្លាញ	95.315 / (1018)	0% / 49.7%	902
ជំនួស	95.221 / (1017)	0% / 49.71%	903
រងគ្រោះ	95.221 / (1017)	0% / 49.72%	904
រចនា	95.127 / (1016)	0% / 49.73%	905
គ្រាន់តែ	95.034 / (1015)	0% / 49.73%	906
ក្រម	94.94 / (1014)	0% / 49.74%	907
ជុំ	94.94 / (1014)	0% / 49.75%	908
ទ្រព្យ	94.847 / (1013)	0% / 49.76%	909
ដែលជា	94.847 / (1013)	0% / 49.77%	910
ម៉ែត្រ	94.753 / (1012)	0% / 49.78%	911
សង្ស័យ	94.566 / (1010)	0% / 49.79%	912
ស្រុកខ្មែរ	94.472 / (1009)	0% / 49.8%	913
សូត្រ	94.285 / (1007)	0% / 49.81%	914
ម៉ាក	94.285 / (1007)	0% / 49.82%	915
ជំលោះ	94.191 / (1006)	0% / 49.83%	916
ស្រែក	94.191 / (1006)	0% / 49.84%	917
ស្មើ	93.817 / (1002)	0% / 49.85%	918
ចរាចរ	93.629 / (1000)	0% / 49.86%	919
ខ្វះ	93.629 / (1000)	0% / 49.87%	920
តម្លា	93.629 / (1000)	0% / 49.88%	921
ព្រហស្បតិ៍	93.536 / (999)	0% / 49.89%	922
ទូទៅ	93.068 / (994)	0% / 49.9%	923
សំឡេង	92.974 / (993)	0% / 49.9%	924
តវ៉ា	92.599 / (989)	0% / 49.91%	925
ភ្លេច	92.599 / (989)	0% / 49.92%	926
អាណត្តិ	92.225 / (985)	0% / 49.93%	927
នីមួយ	92.225 / (985)	0% / 49.94%	928
ចិញ្ចឹម	91.757 / (980)	0% / 49.95%	929
រូបភាព	91.757 / (980)	0% / 49.96%	930
ភាគរយ	91.663 / (979)	0% / 49.97%	931
ពេច	91.57 / (978)	0% / 49.98%	932
វែង	91.57 / (978)	0% / 49.99%	933
ជាពិសេស	91.382 / (976)	0% / 50%	934
គ្រោះថ្នាក់	91.382 / (976)	0% / 50.01%	935
ជីវភាព	91.382 / (976)	0% / 50.01%	936
ឈាម	91.289 / (975)	0% / 50.02%	937
យ៉ាងណា	91.101 / (973)	0% / 50.03%	938
និស្សិត	90.914 / (971)	0% / 50.04%	939
ក្រ	90.914 / (971)	0% / 50.05%	940
ទាប	90.914 / (971)	0% / 50.06%	941
មាត្រា	90.727 / (969)	0% / 50.07%	942
ងារ	90.633 / (968)	0% / 50.08%	943
ស្រូវ	90.633 / (968)	0% / 50.09%	944
ធនធាន	90.259 / (964)	0% / 50.1%	945
ស្វែង	90.165 / (963)	0% / 50.11%	946
ដំណឹង	90.165 / (963)	0% / 50.11%	947
ទូទាំង	90.071 / (962)	0% / 50.12%	948
បុគ្គលិក	89.791 / (959)	0% / 50.13%	949
ប៉ិច	89.791 / (959)	0% / 50.14%	950
លើស	89.135 / (952)	0% / 50.15%	951
ភ័យ	89.135 / (952)	0% / 50.16%	952
ទន្លេ	89.135 / (952)	0% / 50.17%	953
ស្នាម	88.667 / (947)	0% / 50.18%	954
សន្យា	88.667 / (947)	0% / 50.19%	955
ដ្ឋាន	88.667 / (947)	0% / 50.19%	956
បណ្ដា	88.573 / (946)	0% / 50.2%	957
ទុក្ខ	88.573 / (946)	0% / 50.21%	958
ពួកគេ	88.573 / (946)	0% / 50.22%	959
ពេទ្យ	88.386 / (944)	0% / 50.23%	960
នេសាទ	88.386 / (944)	0% / 50.24%	961
ថ្ម	88.386 / (944)	0% / 50.25%	962
សង្កេត	88.292 / (943)	0% / 50.26%	963
ជប៉ុន	88.012 / (940)	0% / 50.27%	964
នាគ	87.824 / (938)	0% / 50.27%	965
ជាក់	87.45 / (934)	0% / 50.28%	966
ថ្នាំ	87.45 / (934)	0% / 50.29%	967
ធនាគារ	87.45 / (934)	0% / 50.3%	968
កាយ	87.356 / (933)	0% / 50.31%	969
បារម្ភ	86.982 / (929)	0% / 50.32%	970
ចាំបាច់	86.982 / (929)	0% / 50.33%	971
ប្ដឹង	86.794 / (927)	0% / 50.34%	972
ឃាត់	86.701 / (926)	0% / 50.34%	973
ម៉ាស៊ីន	86.607 / (925)	0% / 50.35%	974
ទ័ព	86.233 / (921)	0% / 50.36%	975
អាក្រក់	86.233 / (921)	0% / 50.37%	976
ចំណេះ	86.233 / (921)	0% / 50.38%	977
ខ្លី	86.233 / (921)	0% / 50.39%	978
ទាល់	86.045 / (919)	0% / 50.4%	979
បម្រើ	86.045 / (919)	0% / 50.4%	980
របង	85.952 / (918)	0% / 50.41%	981
ហាង	85.296 / (911)	0% / 50.42%	982
ហត្ថលេខា	84.922 / (907)	0% / 50.43%	983
ស្ដីពី	84.828 / (906)	0% / 50.44%	984
ពូកែ	84.735 / (905)	0% / 50.45%	985
ខែត្រ	84.735 / (905)	0% / 50.46%	986
វិច្ឆិកា	84.454 / (902)	0% / 50.46%	987
សញ្ញា	84.36 / (901)	0% / 50.47%	988
វិល	84.266 / (900)	0% / 50.48%	989
ព្រះរាជ	84.266 / (900)	0% / 50.49%	990
ពុទ្ធ	84.266 / (900)	0% / 50.5%	991
ទ្វារ	84.173 / (899)	0% / 50.51%	992
រាង	84.079 / (898)	0% / 50.51%	993
បន្ទប់	83.892 / (896)	0% / 50.52%	994
ម្យ៉ាង	83.798 / (895)	0% / 50.53%	995
សម្រួល	83.705 / (894)	0% / 50.54%	996
យន្ត	83.517 / (892)	0% / 50.55%	997
សម្ព័ន្ធ	83.424 / (891)	0% / 50.56%	998
បែក	83.236 / (889)	0% / 50.56%	999
ឯកជន	83.049 / (887)	0% / 50.57%	1000
អ៊ីចឹង	83.049 / (887)	0% / 50.58%	1001
ធ្ងន់ធ្ងរ	82.956 / (886)	0% / 50.59%	1002
ទាំងនោះ	82.675 / (883)	0% / 50.6%	1003
សៅរ៍	82.487 / (881)	0% / 50.61%	1004
កាន់តែ	82.3 / (879)	0% / 50.61%	1005
រង់ចាំ	82.3 / (879)	0% / 50.62%	1006
ចម្រើន	82.207 / (878)	0% / 50.63%	1007
វគ្គ	82.019 / (876)	0% / 50.64%	1008
ចាញ់	82.019 / (876)	0% / 50.65%	1009
លឿន	81.738 / (873)	0% / 50.66%	1010
ពង្រឹង	81.551 / (871)	0% / 50.66%	1011
ព្រួយ	81.457 / (870)	0% / 50.67%	1012
នគរ	81.457 / (870)	0% / 50.68%	1013
ទំនាក់	81.457 / (870)	0% / 50.69%	1014
៥០	81.083 / (866)	0% / 50.7%	1015
វិភាគ	80.989 / (865)	0% / 50.7%	1016
យុទ្ធនាការ	80.989 / (865)	0% / 50.71%	1017
បែរ	80.989 / (865)	0% / 50.72%	1018
គ្រង	80.708 / (862)	0% / 50.73%	1019
បុគ្គល	80.615 / (861)	0% / 50.74%	1020
ជម្រាប	80.334 / (858)	0% / 50.74%	1021
ពត៌មាន	80.147 / (856)	0% / 50.75%	1022
ឈាន	80.147 / (856)	0% / 50.76%	1023
បក្ស	79.585 / (850)	0% / 50.77%	1024
បណ្ដាញ	79.304 / (847)	0% / 50.78%	1025
គណៈកម្មការ	79.21 / (846)	0% / 50.78%	1026
ពណ៌	79.023 / (844)	0% / 50.79%	1027
មកពី	78.929 / (843)	0% / 50.8%	1028
ត្រៀម	78.929 / (843)	0% / 50.81%	1029
ធ្ងន់	78.836 / (842)	0% / 50.82%	1030
ពាន់	78.836 / (842)	0% / 50.82%	1031
ទីនេះ	78.742 / (841)	0% / 50.83%	1032
ឧបត្ថម្ភ	78.742 / (841)	0% / 50.84%	1033
ទិវា	78.742 / (841)	0% / 50.85%	1034
បន្ទុក	78.742 / (841)	0% / 50.86%	1035
វិនិយោគ	78.649 / (840)	0% / 50.86%	1036
អូរ	78.649 / (840)	0% / 50.87%	1037
ស្ទើរ	78.649 / (840)	0% / 50.88%	1038
ដែក	78.555 / (839)	0% / 50.89%	1039
គំរាម	78.461 / (838)	0% / 50.89%	1040
អក	78.461 / (838)	0% / 50.9%	1041
សុវត្ថិភាព	78.274 / (836)	0% / 50.91%	1042
មេត្តា	78.087 / (834)	0% / 50.92%	1043
ស៊ិន	77.993 / (833)	0% / 50.93%	1044
ពោល	77.993 / (833)	0% / 50.93%	1045
អនាគត	77.9 / (832)	0% / 50.94%	1046
បាក់	77.806 / (831)	0% / 50.95%	1047
ខាត	77.525 / (828)	0% / 50.96%	1048
កូរ៉េ	77.338 / (826)	0% / 50.96%	1049
ស្ថានទូត	77.244 / (825)	0% / 50.97%	1050
ទាន	77.057 / (823)	0% / 50.98%	1051
ត្រួត	77.057 / (823)	0% / 50.99%	1052
ស្ថាន	76.963 / (822)	0% / 51%	1053
ចម្រៀង	76.87 / (821)	0% / 51%	1054
ព្រឹត្តិបត្រ	76.776 / (820)	0% / 51.01%	1055
កក់	76.682 / (819)	0% / 51.02%	1056
តាំងពី	76.682 / (819)	0% / 51.03%	1057
សន្តិសុខ	76.682 / (819)	0% / 51.03%	1058
ប្រយុទ្ធ	76.495 / (817)	0% / 51.04%	1059
ហាហា	76.401 / (816)	0% / 51.05%	1060
បន្ទាប់ពី	75.559 / (807)	0% / 51.06%	1061
ខ្មែរក្រហម	75.091 / (802)	0% / 51.06%	1062
សឹង	74.997 / (801)	0% / 51.07%	1063
បច្ចេកទេស	74.903 / (800)	0% / 51.08%	1064
យាយ	74.903 / (800)	0% / 51.09%	1065
ដេញ	74.623 / (797)	0% / 51.09%	1066
នរោត្តម	74.435 / (795)	0% / 51.1%	1067
អគ្គ	74.342 / (794)	0% / 51.11%	1068
ទឹកដី	74.061 / (791)	0% / 51.12%	1069
ទល់	73.967 / (790)	0% / 51.12%	1070
កំពូល	73.78 / (788)	0% / 51.13%	1071
ធម្មជាតិ	73.686 / (787)	0% / 51.14%	1072
ដំរី	73.686 / (787)	0% / 51.15%	1073
ខឹង	73.593 / (786)	0% / 51.15%	1074
ជញ្ជូន	73.593 / (786)	0% / 51.16%	1075
ពន្យល់	73.499 / (785)	0% / 51.17%	1076
កត់	73.405 / (784)	0% / 51.18%	1077
ខូច	73.405 / (784)	0% / 51.18%	1078
មិនបាន	73.312 / (783)	0% / 51.19%	1079
ពីព្រោះ	73.218 / (782)	0% / 51.2%	1080
ផែនការ	73.218 / (782)	0% / 51.2%	1081
ពូជ	73.218 / (782)	0% / 51.21%	1082
កំណើត	73.218 / (782)	0% / 51.22%	1083
បាត់បង់	72.937 / (779)	0% / 51.23%	1084
វិបត្តិ	72.844 / (778)	0% / 51.23%	1085
អូន	72.75 / (777)	0% / 51.24%	1086
រៀបរាប់	72.75 / (777)	0% / 51.25%	1087
សម្គាល់	72.469 / (774)	0% / 51.26%	1088
រីករាយ	72.469 / (774)	0% / 51.26%	1089
អូ	72.469 / (774)	0% / 51.27%	1090
ទោះបី	72.469 / (774)	0% / 51.28%	1091
ហេតុផល	72.375 / (773)	0% / 51.28%	1092
បន្ទាន់	72.282 / (772)	0% / 51.29%	1093
ជំរាបសួរ	72.282 / (772)	0% / 51.3%	1094
ផ្លែ	72.188 / (771)	0% / 51.31%	1095
រោងចក្រ	71.626 / (765)	0% / 51.31%	1096
សង្គ្រាម	71.345 / (762)	0% / 51.32%	1097
រឹង	71.065 / (759)	0% / 51.33%	1098
ទីតាំង	71.065 / (759)	0% / 51.33%	1099
អនុវត្តន៍	70.784 / (756)	0% / 51.34%	1100
គ្រោង	70.784 / (756)	0% / 51.35%	1101
តំណែង	70.69 / (755)	0% / 51.36%	1102
ភ្លៀង	70.596 / (754)	0% / 51.36%	1103
ប្រៀប	70.503 / (753)	0% / 51.37%	1104
ថ្វាយ	70.035 / (748)	0% / 51.38%	1105
ដំណើរការ	69.847 / (746)	0% / 51.38%	1106
ពង	69.847 / (746)	0% / 51.39%	1107
អភិវឌ្ឍ	69.847 / (746)	0% / 51.4%	1108
សរសើរ	69.754 / (745)	0% / 51.41%	1109
វិធានការ	69.754 / (745)	0% / 51.41%	1110
ណែនាំ	69.66 / (744)	0% / 51.42%	1111
តាមរយៈ	69.566 / (743)	0% / 51.43%	1112
យំ	69.566 / (743)	0% / 51.43%	1113
ស្នេហា	69.286 / (740)	0% / 51.44%	1114
កូនខ្មែរ	69.286 / (740)	0% / 51.45%	1115
ប្រឹង	69.098 / (738)	0% / 51.45%	1116
រសៀល	69.005 / (737)	0% / 51.46%	1117
ប្លក់	68.724 / (734)	0% / 51.47%	1118
តទៅ	68.63 / (733)	0% / 51.47%	1119
ស្វែងរក	68.537 / (732)	0% / 51.48%	1120
របោះ	68.443 / (731)	0% / 51.49%	1121
ប្រសិទ្ធ	68.443 / (731)	0% / 51.49%	1122
សាំង	68.443 / (731)	0% / 51.5%	1123
កំណើន	68.443 / (731)	0% / 51.51%	1124
ទំហំ	68.256 / (729)	0% / 51.52%	1125
ខិតខំ	68.162 / (728)	0% / 51.52%	1126
ប្ដូរ	68.068 / (727)	0% / 51.53%	1127
បួន	68.068 / (727)	0% / 51.54%	1128
ស្នាដៃ	68.068 / (727)	0% / 51.54%	1129
ប្រទេសខ្មែរ	67.975 / (726)	0% / 51.55%	1130
អនុ	67.975 / (726)	0% / 51.56%	1131
រណឫទ្ធិ	67.881 / (725)	0% / 51.56%	1132
កសិករ	67.788 / (724)	0% / 51.57%	1133
បុរាណ	67.788 / (724)	0% / 51.58%	1134
ការពិត	67.694 / (723)	0% / 51.58%	1135
មិញ	67.413 / (720)	0% / 51.59%	1136
ចែង	67.413 / (720)	0% / 51.6%	1137
ជី	67.413 / (720)	0% / 51.6%	1138
បដិសេធ	67.319 / (719)	0% / 51.61%	1139
អ្នកស្រី	67.319 / (719)	0% / 51.62%	1140
សភាព	67.319 / (719)	0% / 51.62%	1141
ផឹក	67.319 / (719)	0% / 51.63%	1142
សមុទ្រ	67.226 / (718)	0% / 51.64%	1143
រដ្ឋធម្មនុញ្ញ	66.851 / (714)	0% / 51.64%	1144
ចរចា	66.851 / (714)	0% / 51.65%	1145
លទ្ធភាព	66.851 / (714)	0% / 51.66%	1146
រោង	66.758 / (713)	0% / 51.66%	1147
ប៉ះ	66.57 / (711)	0% / 51.67%	1148
ថាស	66.57 / (711)	0% / 51.68%	1149
ម៉ែ	66.57 / (711)	0% / 51.68%	1150
តស៊ូ	66.57 / (711)	0% / 51.69%	1151
ផ្លាស់	66.477 / (710)	0% / 51.7%	1152
មិនទាន់	66.196 / (707)	0% / 51.7%	1153
ជំនាន់	66.102 / (706)	0% / 51.71%	1154
ក្បាច់	66.009 / (705)	0% / 51.72%	1155
ត្រូវតែ	65.915 / (704)	0% / 51.72%	1156
ឈុត	65.821 / (703)	0% / 51.73%	1157
រាំង	65.728 / (702)	0% / 51.74%	1158
គូរ	65.634 / (701)	0% / 51.74%	1159
ជួល	65.634 / (701)	0% / 51.75%	1160
ពលកម្ម	65.447 / (699)	0% / 51.76%	1161
ធ្វើឲ្យ	65.447 / (699)	0% / 51.76%	1162
សង្ឃ	65.26 / (697)	0% / 51.77%	1163
អាស្រ័យ	65.166 / (696)	0% / 51.78%	1164
ស្អី	65.166 / (696)	0% / 51.78%	1165
អឺរ៉ុប	64.979 / (694)	0% / 51.79%	1166
សន្សំ	64.885 / (693)	0% / 51.8%	1167
វិចារ	64.885 / (693)	0% / 51.8%	1168
សំណាង	64.791 / (692)	0% / 51.81%	1169
បំភ្លឺ	64.791 / (692)	0% / 51.81%	1170
ខ្នង	64.604 / (690)	0% / 51.82%	1171
ព្យាបាល	64.51 / (689)	0% / 51.83%	1172
សំដៅ	64.417 / (688)	0% / 51.83%	1173
អំពាវនាវ	64.136 / (685)	0% / 51.84%	1174
កង់	64.042 / (684)	0% / 51.85%	1175
តែងតែ	64.042 / (684)	0% / 51.85%	1176
កំណែ	64.042 / (684)	0% / 51.86%	1177
សន្លឹក	64.042 / (684)	0% / 51.87%	1178
បណ្ដុះបណ្ដាល	64.042 / (684)	0% / 51.87%	1179
ប្រទះ	63.949 / (683)	0% / 51.88%	1180
វត្ថុ	63.855 / (682)	0% / 51.89%	1181
ក្រែង	63.761 / (681)	0% / 51.89%	1182
ព្រែក	63.668 / (680)	0% / 51.9%	1183
សាក	63.668 / (680)	0% / 51.9%	1184
ហុង	63.668 / (680)	0% / 51.91%	1185
ចាក	63.574 / (679)	0% / 51.92%	1186
ញ៉ាំ	63.574 / (679)	0% / 51.92%	1187
បណ្ដឹង	63.481 / (678)	0% / 51.93%	1188
ព្រះរាជាណាចក្រ	63.481 / (678)	0% / 51.94%	1189
សព្វថ្ងៃ	63.481 / (678)	0% / 51.94%	1190
ខ្លា	63.293 / (676)	0% / 51.95%	1191
វចនានុក្រម	63.293 / (676)	0% / 51.96%	1192
ប្លន់	63.293 / (676)	0% / 51.96%	1193
ទាំងពីរ	63.2 / (675)	0% / 51.97%	1194
សំដែង	63.2 / (675)	0% / 51.97%	1195
ហាម	63.2 / (675)	0% / 51.98%	1196
ព្រមទាំង	63.106 / (674)	0% / 51.99%	1197
រាជការ	63.106 / (674)	0% / 51.99%	1198
រកស៊ី	63.012 / (673)	0% / 52%	1199
មុនី	63.012 / (673)	0% / 52.01%	1200
ទូក	63.012 / (673)	0% / 52.01%	1201
ផ្ទុះ	62.919 / (672)	0% / 52.02%	1202
វិទ្យាល័យ	62.919 / (672)	0% / 52.02%	1203
ចេញពី	62.825 / (671)	0% / 52.03%	1204
បាតុកម្ម	62.825 / (671)	0% / 52.04%	1205
ស្នាក់	62.825 / (671)	0% / 52.04%	1206
សង់	62.638 / (669)	0% / 52.05%	1207
ជួន	62.544 / (668)	0% / 52.06%	1208
កម្ពស់	62.544 / (668)	0% / 52.06%	1209
ជោគជ័យ	62.451 / (667)	0% / 52.07%	1210
ប្រតិបត្តិ	62.451 / (667)	0% / 52.07%	1211
វិជ្ជា	62.451 / (667)	0% / 52.08%	1212
ឧស្សាហកម្ម	62.357 / (666)	0% / 52.09%	1213
យ៉ា	62.357 / (666)	0% / 52.09%	1214
ខន	62.17 / (664)	0% / 52.1%	1215
ឧបករណ៍	62.17 / (664)	0% / 52.11%	1216
ទំនាក់ទំនង	62.17 / (664)	0% / 52.11%	1217
សំណួរ	61.982 / (662)	0% / 52.12%	1218
មនសិការ	61.889 / (661)	0% / 52.12%	1219
អាជីវកម្ម	61.795 / (660)	0% / 52.13%	1220
ទេសចរ	61.702 / (659)	0% / 52.14%	1221
ប្រជាធិបតេយ្យ	61.702 / (659)	0% / 52.14%	1222
សណ្ឋាគារ	61.327 / (655)	0% / 52.15%	1223
ប្រក្រតី	61.327 / (655)	0% / 52.16%	1224
ត្រា	61.233 / (654)	0% / 52.16%	1225
ផ្ទាំង	61.14 / (653)	0% / 52.17%	1226
ហើយក៏	61.14 / (653)	0% / 52.17%	1227
ភព	61.046 / (652)	0% / 52.18%	1228
ឫស	60.953 / (651)	0% / 52.19%	1229
បោក	60.953 / (651)	0% / 52.19%	1230
ជាស	60.859 / (650)	0% / 52.2%	1231
ខ្មែរយើង	60.859 / (650)	0% / 52.2%	1232
អនុសាសន៍	60.859 / (650)	0% / 52.21%	1233
ប្រដាប់	60.765 / (649)	0% / 52.22%	1234
សហប្រជាជាតិ	60.672 / (648)	0% / 52.22%	1235
លាង	60.672 / (648)	0% / 52.23%	1236
ទិស	60.578 / (647)	0% / 52.23%	1237
អ្នកណា	60.484 / (646)	0% / 52.24%	1238
គោលដៅ	60.391 / (645)	0% / 52.25%	1239
អ៊ី	60.391 / (645)	0% / 52.25%	1240
ឡែក	60.297 / (644)	0% / 52.26%	1241
សុទ្ធតែ	60.297 / (644)	0% / 52.26%	1242
ទារ	60.204 / (643)	0% / 52.27%	1243
ព្រឹត្តិការណ៍	60.204 / (643)	0% / 52.28%	1244
បន្ទាត់	60.11 / (642)	0% / 52.28%	1245
ចាយ	60.016 / (641)	0% / 52.29%	1246
បំបាត់	59.923 / (640)	0% / 52.29%	1247
ស្រេច	59.642 / (637)	0% / 52.3%	1248
បង្ក្រាប	59.548 / (636)	0% / 52.31%	1249
បាត	59.548 / (636)	0% / 52.31%	1250
មាតា	59.548 / (636)	0% / 52.32%	1251
កង្វល់	59.454 / (635)	0% / 52.32%	1252
សិល្បៈ	59.267 / (633)	0% / 52.33%	1253
ឆ្ងល់	59.174 / (632)	0% / 52.34%	1254
បកស្រាយ	59.08 / (631)	0% / 52.34%	1255
ទាំងនេះ	59.08 / (631)	0% / 52.35%	1256
កំពុងតែ	58.986 / (630)	0% / 52.35%	1257
កា	58.799 / (628)	0% / 52.36%	1258
សូម្បី	58.705 / (627)	0% / 52.37%	1259
ច្បាស់លាស់	58.705 / (627)	0% / 52.37%	1260
រាយ	58.612 / (626)	0% / 52.38%	1261
ពិតជា	58.612 / (626)	0% / 52.38%	1262
ចាន់	58.518 / (625)	0% / 52.39%	1263
ធ្លី	58.518 / (625)	0% / 52.4%	1264
ព្រះបាទ	58.518 / (625)	0% / 52.4%	1265
ទេស	58.331 / (623)	0% / 52.41%	1266
គ្រប់គ្រាន់	58.237 / (622)	0% / 52.41%	1267
រិះគន់	58.144 / (621)	0% / 52.42%	1268
រង្វង់	58.05 / (620)	0% / 52.42%	1269
បង្ខំ	57.956 / (619)	0% / 52.43%	1270
មហាក្សត្រ	57.956 / (619)	0% / 52.44%	1271
ចចក	57.488 / (614)	0% / 52.44%	1272
កំពង់ចាម	57.395 / (613)	0% / 52.45%	1273
ផ្អែក	57.207 / (611)	0% / 52.45%	1274
ប្រារព្ធ	57.114 / (610)	0% / 52.46%	1275
លាស់	57.02 / (609)	0% / 52.46%	1276
ទ្រូង	56.926 / (608)	0% / 52.47%	1277
ព្រាង	56.926 / (608)	0% / 52.48%	1278
ជនបទ	56.926 / (608)	0% / 52.48%	1279
យន្តហោះ	56.833 / (607)	0% / 52.49%	1280
បា	56.833 / (607)	0% / 52.49%	1281
រូបថត	56.739 / (606)	0% / 52.5%	1282
ទួល	56.739 / (606)	0% / 52.5%	1283
ទូល	56.739 / (606)	0% / 52.51%	1284
មេដៃ	56.646 / (605)	0% / 52.52%	1285
លាក់	56.552 / (604)	0% / 52.52%	1286
រាស្ត្រ	56.552 / (604)	0% / 52.53%	1287
ខ្លួនឯង	56.552 / (604)	0% / 52.53%	1288
សំបុត្រ	56.552 / (604)	0% / 52.54%	1289
លិច	56.552 / (604)	0% / 52.54%	1290
ពិភព	56.552 / (604)	0% / 52.55%	1291
ជល	56.458 / (603)	0% / 52.56%	1292
ទ្រទ្រង់	56.365 / (602)	0% / 52.56%	1293
មិត្រ	56.271 / (601)	0% / 52.57%	1294
ដេរ	56.271 / (601)	0% / 52.57%	1295
អត្រា	56.177 / (600)	0% / 52.58%	1296
រីឯ	56.177 / (600)	0% / 52.58%	1297
ស្ពាន	56.084 / (599)	0% / 52.59%	1298
ហិរញ្ញវត្ថុ	56.084 / (599)	0% / 52.59%	1299
ខាងក្រោម	55.99 / (598)	0% / 52.6%	1300
ចក្រ	55.803 / (596)	0% / 52.61%	1301
លំដាប់	55.803 / (596)	0% / 52.61%	1302
ព្រមព្រៀង	55.803 / (596)	0% / 52.62%	1303
សំរេច	55.803 / (596)	0% / 52.62%	1304
សាង	55.522 / (593)	0% / 52.63%	1305
ចម្លើយ	55.428 / (592)	0% / 52.63%	1306
វ័យ	55.428 / (592)	0% / 52.64%	1307
ហេតុអ្វី	55.335 / (591)	0% / 52.64%	1308
បង្គោល	55.241 / (590)	0% / 52.65%	1309
ប៉ុស្តិ៍	55.241 / (590)	0% / 52.66%	1310
ជំទាវ	55.147 / (589)	0% / 52.66%	1311
សើច	55.147 / (589)	0% / 52.67%	1312
ជំនុំ	55.054 / (588)	0% / 52.67%	1313
ក្សត្រ	54.96 / (587)	0% / 52.68%	1314
អាង	54.96 / (587)	0% / 52.68%	1315
ហូរ	54.773 / (585)	0% / 52.69%	1316
យថា	54.586 / (583)	0% / 52.69%	1317
ពិន័យ	54.398 / (581)	0% / 52.7%	1318
មូលហេតុ	54.398 / (581)	0% / 52.71%	1319
ឯកភាព	54.398 / (581)	0% / 52.71%	1320
ផ្កា	54.398 / (581)	0% / 52.72%	1321
សហរដ្ឋអាមេរិក	54.398 / (581)	0% / 52.72%	1322
ពន្ធនាគារ	54.398 / (581)	0% / 52.73%	1323
ហោ	54.305 / (580)	0% / 52.73%	1324
ចលនា	54.305 / (580)	0% / 52.74%	1325
ស្រា	54.305 / (580)	0% / 52.74%	1326
លំនៅ	54.118 / (578)	0% / 52.75%	1327
ញៀន	54.118 / (578)	0% / 52.75%	1328
ទេព	54.118 / (578)	0% / 52.76%	1329
ប្រទេសកម្ពុជា	54.024 / (577)	0% / 52.76%	1330
មធ្យោបាយ	54.024 / (577)	0% / 52.77%	1331
សាកល	53.93 / (576)	0% / 52.78%	1332
បោះពុម្ព	53.837 / (575)	0% / 52.78%	1333
ស្មាន	53.743 / (574)	0% / 52.79%	1334
ឃោសនា	53.649 / (573)	0% / 52.79%	1335
នួន	53.649 / (573)	0% / 52.8%	1336
កម្មសិទ្ធិ	53.556 / (572)	0% / 52.8%	1337
វិធាន	53.556 / (572)	0% / 52.81%	1338
ស្រស់	53.369 / (570)	0% / 52.81%	1339
ខ្ចី	53.369 / (570)	0% / 52.82%	1340
ផែន	53.275 / (569)	0% / 52.82%	1341
រំលឹក	53.275 / (569)	0% / 52.83%	1342
ដូចគ្នា	53.275 / (569)	0% / 52.83%	1343
ទៅវិញ	53.088 / (567)	0% / 52.84%	1344
ក្ដៅ	52.994 / (566)	0% / 52.85%	1345
អធិការ	52.994 / (566)	0% / 52.85%	1346
សោ	52.9 / (565)	0% / 52.86%	1347
ចូលចិត្ត	52.9 / (565)	0% / 52.86%	1348
បើកបរ	52.9 / (565)	0% / 52.87%	1349
ព្រះមហាក្សត្រ	52.807 / (564)	0% / 52.87%	1350
ពរ	52.713 / (563)	0% / 52.88%	1351
មេរោគ	52.713 / (563)	0% / 52.88%	1352
កំលាំង	52.619 / (562)	0% / 52.89%	1353
កត្តា	52.619 / (562)	0% / 52.89%	1354
ស៊ាន	52.432 / (560)	0% / 52.9%	1355
ស្ងាត់	52.339 / (559)	0% / 52.9%	1356
ណាំ	52.339 / (559)	0% / 52.91%	1357
បុក	52.245 / (558)	0% / 52.91%	1358
យុទ្ធសាស្ត្រ	52.245 / (558)	0% / 52.92%	1359
ប័ណ្ណ	52.151 / (557)	0% / 52.92%	1360
ស្រលាញ់	52.151 / (557)	0% / 52.93%	1361
ល្មម	52.151 / (557)	0% / 52.93%	1362
ក៏បាន	52.151 / (557)	0% / 52.94%	1363
លា	52.058 / (556)	0% / 52.94%	1364
អធិប្បាយ	51.964 / (555)	0% / 52.95%	1365
កើតឡើង	51.964 / (555)	0% / 52.96%	1366
ជាម	51.964 / (555)	0% / 52.96%	1367
រាជា	51.87 / (554)	0% / 52.97%	1368
រាគ	51.87 / (554)	0% / 52.97%	1369
ជ្រូក	51.87 / (554)	0% / 52.98%	1370
ចៅក្រម	51.777 / (553)	0% / 52.98%	1371
ជំនឿ	51.777 / (553)	0% / 52.99%	1372
តំណ	51.683 / (552)	0% / 52.99%	1373
រង្វាន់	51.683 / (552)	0% / 53%	1374
នវ	51.59 / (551)	0% / 53%	1375
សកម្ម	51.59 / (551)	0% / 53.01%	1376
ក្លឹប	51.496 / (550)	0% / 53.01%	1377
គ្រា	51.496 / (550)	0% / 53.02%	1378
ផ្ដុំ	51.402 / (549)	0% / 53.02%	1379
ដៅ	51.402 / (549)	0% / 53.03%	1380
ទាំងអស់គ្នា	51.309 / (548)	0% / 53.03%	1381
ហេង	51.215 / (547)	0% / 53.04%	1382
ក្រឡេក	51.215 / (547)	0% / 53.04%	1383
ឌុប	51.215 / (547)	0% / 53.05%	1384
ក្រប	51.121 / (546)	0% / 53.05%	1385
ត្រូវការ	51.028 / (545)	0% / 53.06%	1386
ប្រជាជាតិ	51.028 / (545)	0% / 53.06%	1387
កំហុស	50.934 / (544)	0% / 53.07%	1388
ជាទី	50.934 / (544)	0% / 53.07%	1389
កន្លះ	50.934 / (544)	0% / 53.08%	1390
ផែនទី	50.934 / (544)	0% / 53.08%	1391
អស្ចារ្យ	50.747 / (542)	0% / 53.09%	1392
ខ្មោច	50.747 / (542)	0% / 53.09%	1393
ទំនាស់	50.56 / (540)	0% / 53.1%	1394
សន្និសីទ	50.56 / (540)	0% / 53.1%	1395
គូស	50.466 / (539)	0% / 53.11%	1396
មង	50.372 / (538)	0% / 53.11%	1397
រំលាយ	50.372 / (538)	0% / 53.12%	1398
កាត	50.372 / (538)	0% / 53.12%	1399
ពូ	50.372 / (538)	0% / 53.13%	1400
សីលធម៌	50.372 / (538)	0% / 53.13%	1401
វ៉ា	50.185 / (536)	0% / 53.14%	1402
គុក	50.185 / (536)	0% / 53.14%	1403
ឥណ្ឌា	49.998 / (534)	0% / 53.15%	1404
សំណង់	49.904 / (533)	0% / 53.15%	1405
អំឡុង	49.904 / (533)	0% / 53.16%	1406
ត្បូង	49.811 / (532)	0% / 53.16%	1407
ពីនេះពីនោះ	49.811 / (532)	0% / 53.17%	1408
មធ្យម	49.811 / (532)	0% / 53.17%	1409
ប្រពៃណី	49.717 / (531)	0% / 53.18%	1410
គុណភាព	49.717 / (531)	0% / 53.18%	1411
ម្ដេច	49.717 / (531)	0% / 53.19%	1412
តភ្ជាប់	49.623 / (530)	0% / 53.19%	1413
ឈឺចាប់	49.623 / (530)	0% / 53.2%	1414
ដកស្រង់	49.249 / (526)	0% / 53.2%	1415
ក្បួន	49.249 / (526)	0% / 53.21%	1416
កក	49.155 / (525)	0% / 53.21%	1417
រហើយ	49.155 / (525)	0% / 53.22%	1418
មរកត	49.062 / (524)	0% / 53.22%	1419
ដា	48.968 / (523)	0% / 53.23%	1420
ទ្រ	48.968 / (523)	0% / 53.23%	1421
ហិកតា	48.968 / (523)	0% / 53.24%	1422
កំណាព្យ	48.874 / (522)	0% / 53.24%	1423
បំរើ	48.874 / (522)	0% / 53.25%	1424
រដូវ	48.874 / (522)	0% / 53.25%	1425
បេក្ខជន	48.781 / (521)	0% / 53.26%	1426
ដុត	48.781 / (521)	0% / 53.26%	1427
ច្រៀង	48.593 / (519)	0% / 53.27%	1428
បំពាន	48.593 / (519)	0% / 53.27%	1429
ហូប	48.5 / (518)	0% / 53.28%	1430
ក្រោយពី	48.5 / (518)	0% / 53.28%	1431
ផ្លូវការ	48.219 / (515)	0% / 53.29%	1432
ប្រាំ	48.219 / (515)	0% / 53.29%	1433
មាំ	48.219 / (515)	0% / 53.3%	1434
មេដឹកនាំ	48.219 / (515)	0% / 53.3%	1435
បញ្ឈប់	48.219 / (515)	0% / 53.31%	1436
ភាគច្រើន	48.125 / (514)	0% / 53.31%	1437
ការបោះឆ្នោត	48.125 / (514)	0% / 53.32%	1438
ចំណេញ	48.032 / (513)	0% / 53.32%	1439
អន្តរាគមន៍	47.938 / (512)	0% / 53.33%	1440
ព្រឹទ្ធសភា	47.844 / (511)	0% / 53.33%	1441
សុខាភិបាល	47.844 / (511)	0% / 53.34%	1442
សំណើ	47.751 / (510)	0% / 53.34%	1443
បរិវេណ	47.563 / (508)	0% / 53.34%	1444
ប្រហែលជា	47.563 / (508)	0% / 53.35%	1445
ដំឡើង	47.47 / (507)	0% / 53.35%	1446
គំរូ	47.47 / (507)	0% / 53.36%	1447
វង្ស	47.376 / (506)	0% / 53.36%	1448
នាំគ្នា	47.189 / (504)	0% / 53.37%	1449
កិត្តិយស	47.002 / (502)	0% / 53.37%	1450
យុទ្ធ	47.002 / (502)	0% / 53.38%	1451
គោលបំណង	47.002 / (502)	0% / 53.38%	1452
ប្រៀបធៀប	47.002 / (502)	0% / 53.39%	1453
អគ្គលេខាធិការ	47.002 / (502)	0% / 53.39%	1454
ជជែក	47.002 / (502)	0% / 53.4%	1455
សិក្ខាសាលា	46.908 / (501)	0% / 53.4%	1456
សំចៃ	46.908 / (501)	0% / 53.41%	1457
អង្គភាព	46.721 / (499)	0% / 53.41%	1458
ភ្ញាក់	46.534 / (497)	0% / 53.42%	1459
សហប្រតិបត្តិការ	46.534 / (497)	0% / 53.42%	1460
ល្បី	46.534 / (497)	0% / 53.42%	1461
ប្រហារ	46.534 / (497)	0% / 53.43%	1462
ពិការ	46.534 / (497)	0% / 53.43%	1463
ទំនើប	46.534 / (497)	0% / 53.44%	1464
គី	46.534 / (497)	0% / 53.44%	1465
ភាសាខ្មែរ	46.44 / (496)	0% / 53.45%	1466
ស្មារតី	46.159 / (493)	0% / 53.45%	1467
ថោក	46.159 / (493)	0% / 53.46%	1468
ជាដំបូង	46.159 / (493)	0% / 53.46%	1469
ភី	45.972 / (491)	0% / 53.47%	1470
ឧទាហរណ៍	45.878 / (490)	0% / 53.47%	1471
ប្រការ	45.691 / (488)	0% / 53.48%	1472
ហេតុការណ៍	45.597 / (487)	0% / 53.48%	1473
មា	45.597 / (487)	0% / 53.48%	1474
ឈប	45.504 / (486)	0% / 53.49%	1475
រលង	45.504 / (486)	0% / 53.49%	1476
សង្កត់	45.41 / (485)	0% / 53.5%	1477
ឯណា	45.41 / (485)	0% / 53.5%	1478
ទីប្រជុំ	45.41 / (485)	0% / 53.51%	1479
សសរ	45.316 / (484)	0% / 53.51%	1480
ម្ល៉េះ	45.316 / (484)	0% / 53.52%	1481
ប្លែក	45.223 / (483)	0% / 53.52%	1482
ក្រមុំ	45.129 / (482)	0% / 53.53%	1483
ភ្លឺ	45.129 / (482)	0% / 53.53%	1484
ដុះ	45.035 / (481)	0% / 53.53%	1485
ចាប់ផ្ដើម	45.035 / (481)	0% / 53.54%	1486
វណ	45.035 / (481)	0% / 53.54%	1487
មហាផ្ទៃ	44.848 / (479)	0% / 53.55%	1488
ការចាំបាច់	44.848 / (479)	0% / 53.55%	1489
ខ្វែង	44.755 / (478)	0% / 53.56%	1490
ប្រណីត	44.661 / (477)	0% / 53.56%	1491
ទីនោះ	44.661 / (477)	0% / 53.57%	1492
ចំរើន	44.661 / (477)	0% / 53.57%	1493
រវិ	44.661 / (477)	0% / 53.57%	1494
ភស្តុតាង	44.661 / (477)	0% / 53.58%	1495
បរម	44.567 / (476)	0% / 53.58%	1496
ស្រវឹង	44.567 / (476)	0% / 53.59%	1497
ល្បែង	44.567 / (476)	0% / 53.59%	1498
ចន្លោះ	44.474 / (475)	0% / 53.6%	1499
មូលនិធិ	44.474 / (475)	0% / 53.6%	1500
ជេរ	44.38 / (474)	0% / 53.61%	1501
គំរោង	44.286 / (473)	0% / 53.61%	1502
ប្រព្រឹត្តទៅ	44.286 / (473)	0% / 53.61%	1503
អាណិត	44.193 / (472)	0% / 53.62%	1504
ថ្នល់	44.099 / (471)	0% / 53.62%	1505
វិជ្ជាជីវៈ	44.006 / (470)	0% / 53.63%	1506
ប៉ោយ	44.006 / (470)	0% / 53.63%	1507
រំពឹង	44.006 / (470)	0% / 53.64%	1508
ម្សិលមិញ	44.006 / (470)	0% / 53.64%	1509
ត្រែង	43.912 / (469)	0% / 53.65%	1510
ងាប់	43.818 / (468)	0% / 53.65%	1511
ជ្រៅ	43.818 / (468)	0% / 53.65%	1512
វិចារណកថា	43.818 / (468)	0% / 53.66%	1513
តាកែវ	43.725 / (467)	0% / 53.66%	1514
ស្នេហ៍	43.725 / (467)	0% / 53.67%	1515
ឯណោះ	43.725 / (467)	0% / 53.67%	1516
រងា	43.631 / (466)	0% / 53.68%	1517
រា	43.631 / (466)	0% / 53.68%	1518
ជាតិខ្មែរ	43.537 / (465)	0% / 53.68%	1519
ចម្លង	43.444 / (464)	0% / 53.69%	1520
មនោសញ្ចេតនា	43.35 / (463)	0% / 53.69%	1521
គមនាគមន៍	43.35 / (463)	0% / 53.7%	1522
ហោះ	43.257 / (462)	0% / 53.7%	1523
ប្រាថ្នា	43.257 / (462)	0% / 53.71%	1524
សេង	43.257 / (462)	0% / 53.71%	1525
បញ្ញា	43.257 / (462)	0% / 53.72%	1526
ស៊ូ	43.163 / (461)	0% / 53.72%	1527
រឹត	43.163 / (461)	0% / 53.72%	1528
ដាន	43.163 / (461)	0% / 53.73%	1529
រវល់	43.163 / (461)	0% / 53.73%	1530
ទន្សាយ	43.163 / (461)	0% / 53.74%	1531
ជនរងគ្រោះ	43.069 / (460)	0% / 53.74%	1532
ល្បឿន	43.069 / (460)	0% / 53.75%	1533
កាំភ្លើង	42.976 / (459)	0% / 53.75%	1534
ស្វា	42.976 / (459)	0% / 53.75%	1535
ខាងក្រៅ	42.788 / (457)	0% / 53.76%	1536
វរ	42.788 / (457)	0% / 53.76%	1537
បូរ	42.788 / (457)	0% / 53.77%	1538
លោកគ្រូ	42.788 / (457)	0% / 53.77%	1539
ព្រហ្មទណ្ឌ	42.788 / (457)	0% / 53.78%	1540
ថង	42.601 / (455)	0% / 53.78%	1541
ខុសត្រូវ	42.601 / (455)	0% / 53.78%	1542
ទង្វើ	42.601 / (455)	0% / 53.79%	1543
ទុន	42.507 / (454)	0% / 53.79%	1544
សង្ឃរាជ	42.507 / (454)	0% / 53.8%	1545
ថៅកែ	42.507 / (454)	0% / 53.8%	1546
អូស	42.507 / (454)	0% / 53.81%	1547
បិតា	42.507 / (454)	0% / 53.81%	1548
ទ្រាំ	42.507 / (454)	0% / 53.81%	1549
ឯកសិទ្ធិ	42.414 / (453)	0% / 53.82%	1550
ចម្ការ	42.32 / (452)	0% / 53.82%	1551
ភរិយា	42.32 / (452)	0% / 53.83%	1552
សេវាកម្ម	42.227 / (451)	0% / 53.83%	1553
រំ	42.227 / (451)	0% / 53.83%	1554
បង្គំ	42.133 / (450)	0% / 53.84%	1555
ភ្នាក់ងារ	42.039 / (449)	0% / 53.84%	1556
ក្រដាស	42.039 / (449)	0% / 53.85%	1557
ស្ថានីយ	41.946 / (448)	0% / 53.85%	1558
សមត្ថ	41.946 / (448)	0% / 53.86%	1559
កំពត	41.852 / (447)	0% / 53.86%	1560
ចូរ	41.852 / (447)	0% / 53.86%	1561
រឺ	41.852 / (447)	0% / 53.87%	1562
តោន	41.758 / (446)	0% / 53.87%	1563
ក្រៅពីនោះ	41.665 / (445)	0% / 53.88%	1564
នីតិវិធី	41.665 / (445)	0% / 53.88%	1565
ជាន់ខ្ពស់	41.665 / (445)	0% / 53.89%	1566
យល់ថា	41.665 / (445)	0% / 53.89%	1567
មេធាវី	41.665 / (445)	0% / 53.89%	1568
ជម្ងឺ	41.665 / (445)	0% / 53.9%	1569
តំរូវ	41.571 / (444)	0% / 53.9%	1570
សម្ដី	41.571 / (444)	0% / 53.91%	1571
តាមដាន	41.478 / (443)	0% / 53.91%	1572
ធាតុ	41.478 / (443)	0% / 53.91%	1573
ពីក្រោយ	41.384 / (442)	0% / 53.92%	1574
ធម្មនុញ្ញ	41.384 / (442)	0% / 53.92%	1575
ដោះលែង	41.384 / (442)	0% / 53.93%	1576
ឃឹម	41.29 / (441)	0% / 53.93%	1577
ជានិច្ច	41.29 / (441)	0% / 53.93%	1578
អនុប្រធាន	41.29 / (441)	0% / 53.94%	1579
ទៅលើ	41.197 / (440)	0% / 53.94%	1580
ដំណោះស្រាយ	41.197 / (440)	0% / 53.95%	1581
យាង	41.197 / (440)	0% / 53.95%	1582
ញញឹម	41.103 / (439)	0% / 53.96%	1583
ដូចនេះ	41.103 / (439)	0% / 53.96%	1584
គយ	41.009 / (438)	0% / 53.96%	1585
ជួរ	40.916 / (437)	0% / 53.97%	1586
ចំណង	40.822 / (436)	0% / 53.97%	1587
ម៉ៅ	40.822 / (436)	0% / 53.98%	1588
មិនមាន	40.822 / (436)	0% / 53.98%	1589
ភារកិច្ច	40.822 / (436)	0% / 53.98%	1590
ថាបើ	40.728 / (435)	0% / 53.99%	1591
ខ្យល់	40.728 / (435)	0% / 53.99%	1592
វិវាទ	40.728 / (435)	0% / 54%	1593
ប៉ុណ្ណឹង	40.728 / (435)	0% / 54%	1594
ក្របី	40.728 / (435)	0% / 54%	1595
ក្រោក	40.728 / (435)	0% / 54.01%	1596
វ៉ែប	40.635 / (434)	0% / 54.01%	1597
រដក	40.635 / (434)	0% / 54.02%	1598
កណ្ដាប់	40.635 / (434)	0% / 54.02%	1599
បាលី	40.541 / (433)	0% / 54.02%	1600
ក៏ដោយ	40.541 / (433)	0% / 54.03%	1601
សាកល្បង	40.541 / (433)	0% / 54.03%	1602
អ្នកពិនិត្យ	40.541 / (433)	0% / 54.04%	1603
ចូលចុះ	40.448 / (432)	0% / 54.04%	1604
បន្លែ	40.448 / (432)	0% / 54.05%	1605
រយះ	40.448 / (432)	0% / 54.05%	1606
រ៉ាវ	40.448 / (432)	0% / 54.05%	1607
ហើយដែល	40.354 / (431)	0% / 54.06%	1608
ស្ដាយ	40.354 / (431)	0% / 54.06%	1609
រាប់អាន	40.26 / (430)	0% / 54.07%	1610
ស្រះ	40.073 / (428)	0% / 54.07%	1611
ហៅថា	39.886 / (426)	0% / 54.07%	1612
សុភា	39.886 / (426)	0% / 54.08%	1613
ពេជ្រ	39.886 / (426)	0% / 54.08%	1614
យាន	39.699 / (424)	0% / 54.09%	1615
គត់	39.605 / (423)	0% / 54.09%	1616
ខ្ជះខ្ជាយ	39.605 / (423)	0% / 54.09%	1617
គុន	39.605 / (423)	0% / 54.1%	1618
អាសន្ន	39.605 / (423)	0% / 54.1%	1619
រហូតដល់	39.605 / (423)	0% / 54.1%	1620
ច្រឡំ	39.511 / (422)	0% / 54.11%	1621
ជក់	39.511 / (422)	0% / 54.11%	1622
បរិភោគ	39.418 / (421)	0% / 54.12%	1623
វ៉ូ	39.418 / (421)	0% / 54.12%	1624
បានជា	39.418 / (421)	0% / 54.12%	1625
ផ្ទុក	39.324 / (420)	0% / 54.13%	1626
ទន្ទឹម	39.324 / (420)	0% / 54.13%	1627
ធី	39.324 / (420)	0% / 54.14%	1628
ជំហរ	39.23 / (419)	0% / 54.14%	1629
ជ្រៅជ្រះ	39.23 / (419)	0% / 54.14%	1630
ស្វាគមន៍	39.23 / (419)	0% / 54.15%	1631
ក្រចេះ	39.137 / (418)	0% / 54.15%	1632
បំពាក់	39.137 / (418)	0% / 54.16%	1633
ឡាវ	39.137 / (418)	0% / 54.16%	1634
មីង	39.137 / (418)	0% / 54.16%	1635
ជ្រួត	39.043 / (417)	0% / 54.17%	1636
អាវ	39.043 / (417)	0% / 54.17%	1637
ឧស្ម័ន	39.043 / (417)	0% / 54.18%	1638
ឆន្ទៈ	39.043 / (417)	0% / 54.18%	1639
កិច្ចប្រជុំ	38.95 / (416)	0% / 54.18%	1640
ផលិតផល	38.856 / (415)	0% / 54.19%	1641
ល្បង	38.856 / (415)	0% / 54.19%	1642
រក្ស	38.856 / (415)	0% / 54.2%	1643
បាប	38.762 / (414)	0% / 54.2%	1644
ប្រញាប់	38.575 / (412)	0% / 54.2%	1645
ម៉ាក់	38.481 / (411)	0% / 54.21%	1646
បបួល	38.481 / (411)	0% / 54.21%	1647
ទម្ងន់	38.388 / (410)	0% / 54.21%	1648
ងាយស្រួល	38.388 / (410)	0% / 54.22%	1649
ម្ខាង	38.294 / (409)	0% / 54.22%	1650
កាន់កាប់	38.294 / (409)	0% / 54.23%	1651
ទេវតា	38.294 / (409)	0% / 54.23%	1652
ដុំ	38.2 / (408)	0% / 54.23%	1653
ពិសោធន៍	38.2 / (408)	0% / 54.24%	1654
ពោះ	38.2 / (408)	0% / 54.24%	1655
ពុម្ព	38.2 / (408)	0% / 54.24%	1656
ល្បិច	38.107 / (407)	0% / 54.25%	1657
សាងសង់	38.013 / (406)	0% / 54.25%	1658
គាំ	38.013 / (406)	0% / 54.26%	1659
ត្រពាំង	38.013 / (406)	0% / 54.26%	1660
ជម្រះ	37.92 / (405)	0% / 54.26%	1661
ដណ្ដឹង	37.826 / (404)	0% / 54.27%	1662
បណ្ដុះ	37.826 / (404)	0% / 54.27%	1663
គោលការណ៍	37.826 / (404)	0% / 54.28%	1664
ចំការ	37.732 / (403)	0% / 54.28%	1665
ឈ្លានពាន	37.732 / (403)	0% / 54.28%	1666
ចំណី	37.639 / (402)	0% / 54.29%	1667
ស្លឹក	37.639 / (402)	0% / 54.29%	1668
ប៉ែត	37.639 / (402)	0% / 54.29%	1669
សុវណ្ណ	37.545 / (401)	0% / 54.3%	1670
ញាតិ	37.451 / (400)	0% / 54.3%	1671
អនាម័យ	37.451 / (400)	0% / 54.31%	1672
ស្លាក	37.358 / (399)	0% / 54.31%	1673
ពឹង	37.264 / (398)	0% / 54.31%	1674
ស្រាប់តែ	37.264 / (398)	0% / 54.32%	1675
ប្រិយ	37.264 / (398)	0% / 54.32%	1676
ដូចម្ដេច	37.264 / (398)	0% / 54.32%	1677
រិះ	37.264 / (398)	0% / 54.33%	1678
ឆ្លៀត	37.264 / (398)	0% / 54.33%	1679
ខេមរ	37.171 / (397)	0% / 54.34%	1680
រទាំង	37.171 / (397)	0% / 54.34%	1681
អាសនៈ	37.171 / (397)	0% / 54.34%	1682
ប្រយ័ត្ន	37.077 / (396)	0% / 54.35%	1683
សុខា	37.077 / (396)	0% / 54.35%	1684
សម្រាក	37.077 / (396)	0% / 54.35%	1685
ស្ទះ	37.077 / (396)	0% / 54.36%	1686
រាជ្យ	36.983 / (395)	0% / 54.36%	1687
ខាងត្បូង	36.983 / (395)	0% / 54.36%	1688
ព្រមាន	36.983 / (395)	0% / 54.37%	1689
ប្រតិកម្ម	36.89 / (394)	0% / 54.37%	1690
ផ្កាយ	36.89 / (394)	0% / 54.38%	1691
បដិបក្ខ	36.796 / (393)	0% / 54.38%	1692
ម្យ៉ាងទៀត	36.796 / (393)	0% / 54.38%	1693
អត្ថន័យ	36.702 / (392)	0% / 54.39%	1694
សេដ្ឋី	36.609 / (391)	0% / 54.39%	1695
លេច	36.609 / (391)	0% / 54.39%	1696
ទាក់ទិន	36.609 / (391)	0% / 54.4%	1697
ឈ្លោះ	36.515 / (390)	0% / 54.4%	1698
ធ្នាប់	36.422 / (389)	0% / 54.41%	1699
ទម្លាប់	36.422 / (389)	0% / 54.41%	1700
ប្រដាល់	36.422 / (389)	0% / 54.41%	1701
ព្រំ	36.422 / (389)	0% / 54.42%	1702
សង្គ្រោះ	36.422 / (389)	0% / 54.42%	1703
ឆ្កែ	36.328 / (388)	0% / 54.42%	1704
លោត	36.234 / (387)	0% / 54.43%	1705
សូ	36.141 / (386)	0% / 54.43%	1706
បន្លំ	36.047 / (385)	0% / 54.43%	1707
សំណូមពរ	35.953 / (384)	0% / 54.44%	1708
យ៉ាប់	35.953 / (384)	0% / 54.44%	1709
មកដល់	35.86 / (383)	0% / 54.45%	1710
អួត	35.766 / (382)	0% / 54.45%	1711
ម្ហូប	35.766 / (382)	0% / 54.45%	1712
មានតែ	35.766 / (382)	0% / 54.46%	1713
ឧកញ៉ា	35.766 / (382)	0% / 54.46%	1714
សម្ភារៈ	35.766 / (382)	0% / 54.46%	1715
ពារ	35.672 / (381)	0% / 54.47%	1716
ទស្សនកិច្ច	35.672 / (381)	0% / 54.47%	1717
ខាំ	35.672 / (381)	0% / 54.47%	1718
មេឃ	35.672 / (381)	0% / 54.48%	1719
មេគង្គ	35.672 / (381)	0% / 54.48%	1720
កេង	35.672 / (381)	0% / 54.48%	1721
ចម្ងាយ	35.672 / (381)	0% / 54.49%	1722
គិរី	35.672 / (381)	0% / 54.49%	1723
ប្រាជ្ញា	35.672 / (381)	0% / 54.5%	1724
សេនា	35.672 / (381)	0% / 54.5%	1725
មី	35.672 / (381)	0% / 54.5%	1726
សត្រូវ	35.579 / (380)	0% / 54.51%	1727
សោយ	35.579 / (380)	0% / 54.51%	1728
ស្ដាំ	35.579 / (380)	0% / 54.51%	1729
ប្តី	35.579 / (380)	0% / 54.52%	1730
ថែរក្សា	35.579 / (380)	0% / 54.52%	1731
គន់	35.579 / (380)	0% / 54.52%	1732
សាលារៀន	35.579 / (380)	0% / 54.53%	1733
ខ្វល់	35.579 / (380)	0% / 54.53%	1734
ជីក	35.485 / (379)	0% / 54.53%	1735
សំលេង	35.485 / (379)	0% / 54.54%	1736
កំហែង	35.392 / (378)	0% / 54.54%	1737
កម្មការ	35.392 / (378)	0% / 54.54%	1738
អាចម៍ផ្កាយ	35.298 / (377)	0% / 54.55%	1739
អាត្មា	35.298 / (377)	0% / 54.55%	1740
ញម	35.204 / (376)	0% / 54.56%	1741
ប្រជែង	35.204 / (376)	0% / 54.56%	1742
ផាក	35.204 / (376)	0% / 54.56%	1743
ការបរទេស	35.204 / (376)	0% / 54.57%	1744
ឆាក	35.111 / (375)	0% / 54.57%	1745
ដំណាំ	35.111 / (375)	0% / 54.57%	1746
ស្បែក	35.111 / (375)	0% / 54.58%	1747
ហោច	35.017 / (374)	0% / 54.58%	1748
រាត្រី	35.017 / (374)	0% / 54.58%	1749
ពង្រីក	34.923 / (373)	0% / 54.59%	1750
រៀងរាល់	34.923 / (373)	0% / 54.59%	1751
ឲ្យបាន	34.83 / (372)	0% / 54.59%	1752
ដីកា	34.83 / (372)	0% / 54.6%	1753
វិហារ	34.83 / (372)	0% / 54.6%	1754
ចំណាត់	34.83 / (372)	0% / 54.6%	1755
ណោះ	34.736 / (371)	0% / 54.61%	1756
រំលែក	34.736 / (371)	0% / 54.61%	1757
ចុងក្រោយ	34.643 / (370)	0% / 54.61%	1758
ភ័ក្ត្រ	34.549 / (369)	0% / 54.62%	1759
ប្រឹងប្រែង	34.455 / (368)	0% / 54.62%	1760
ដួល	34.455 / (368)	0% / 54.63%	1761
សំណង	34.362 / (367)	0% / 54.63%	1762
ស្វាយរៀង	34.268 / (366)	0% / 54.63%	1763
បោះបង់	34.268 / (366)	0% / 54.64%	1764
សើ	34.174 / (365)	0% / 54.64%	1765
ឆ្លើយតប	34.174 / (365)	0% / 54.64%	1766
ស្បៀង	34.174 / (365)	0% / 54.65%	1767
ពៅ	34.174 / (365)	0% / 54.65%	1768
រលំ	34.081 / (364)	0% / 54.65%	1769
ក្រុមព្រះ	33.987 / (363)	0% / 54.66%	1770
តំណាងរាស្ត្រ	33.8 / (361)	0% / 54.66%	1771
បណ្ដោយ	33.8 / (361)	0% / 54.66%	1772
សហជីព	33.8 / (361)	0% / 54.67%	1773
រៈ	33.8 / (361)	0% / 54.67%	1774
ឃ្លា	33.8 / (361)	0% / 54.67%	1775
ស្ថាបនា	33.8 / (361)	0% / 54.68%	1776
សិក្ខា	33.8 / (361)	0% / 54.68%	1777
រទេះ	33.706 / (360)	0% / 54.68%	1778
ត្រជាក់	33.706 / (360)	0% / 54.69%	1779
គ្រូពេទ្យ	33.706 / (360)	0% / 54.69%	1780
សាក្សី	33.613 / (359)	0% / 54.69%	1781
សូរ	33.519 / (358)	0% / 54.7%	1782
អរ	33.519 / (358)	0% / 54.7%	1783
មោទនភាព	33.519 / (358)	0% / 54.7%	1784
បន្ទូល	33.425 / (357)	0% / 54.71%	1785
ធៀប	33.425 / (357)	0% / 54.71%	1786
សេនីយ៍	33.425 / (357)	0% / 54.71%	1787
វត្តមាន	33.332 / (356)	0% / 54.72%	1788
អ្នកមាន	33.238 / (355)	0% / 54.72%	1789
សម្បើម	33.238 / (355)	0% / 54.72%	1790
ស្រាល	33.238 / (355)	0% / 54.73%	1791
សុធី	33.238 / (355)	0% / 54.73%	1792
រារាំង	33.238 / (355)	0% / 54.73%	1793
ត្បិត	33.144 / (354)	0% / 54.74%	1794
តែងតាំង	33.051 / (353)	0% / 54.74%	1795
ស្វាមី	33.051 / (353)	0% / 54.74%	1796
ខ្សោយ	32.957 / (352)	0% / 54.75%	1797
ចោទប្រកាន់	32.957 / (352)	0% / 54.75%	1798
សមស្រប	32.957 / (352)	0% / 54.75%	1799
នៅឡើយ	32.864 / (351)	0% / 54.76%	1800
កៅស៊ូ	32.77 / (350)	0% / 54.76%	1801
អាជ្ញា	32.77 / (350)	0% / 54.76%	1802
ពន្លឺ	32.77 / (350)	0% / 54.77%	1803
ពេលនេះ	32.77 / (350)	0% / 54.77%	1804
អបអរ	32.77 / (350)	0% / 54.77%	1805
មិនា	32.676 / (349)	0% / 54.78%	1806
តារា	32.676 / (349)	0% / 54.78%	1807
បង្គាប់	32.676 / (349)	0% / 54.78%	1808
កាត់បន្ថយ	32.676 / (349)	0% / 54.79%	1809
និមួយ	32.676 / (349)	0% / 54.79%	1810
ក្មួយ	32.676 / (349)	0% / 54.79%	1811
ចៅហ្វាយ	32.676 / (349)	0% / 54.8%	1812
រហ័ស	32.676 / (349)	0% / 54.8%	1813
ងាក	32.676 / (349)	0% / 54.8%	1814
បាងកក	32.583 / (348)	0% / 54.81%	1815
ទាស់	32.583 / (348)	0% / 54.81%	1816
រាំ	32.583 / (348)	0% / 54.81%	1817
សម្តែង	32.489 / (347)	0% / 54.82%	1818
ពិន្ទុ	32.489 / (347)	0% / 54.82%	1819
កាត់ទោស	32.489 / (347)	0% / 54.82%	1820
យឺត	32.489 / (347)	0% / 54.82%	1821
សប្តាហ៍	32.395 / (346)	0% / 54.83%	1822
ផា	32.395 / (346)	0% / 54.83%	1823
អនុសញ្ញា	32.395 / (346)	0% / 54.83%	1824
សាសន	32.395 / (346)	0% / 54.84%	1825
ឃុប	32.302 / (345)	0% / 54.84%	1826
ស្ទុះ	32.302 / (345)	0% / 54.84%	1827
ធុង	32.208 / (344)	0% / 54.85%	1828
ផ្សំ	32.208 / (344)	0% / 54.85%	1829
ណា៎	32.208 / (344)	0% / 54.85%	1830
សាស្ត្រាចារ្យ	32.208 / (344)	0% / 54.86%	1831
រើ	32.208 / (344)	0% / 54.86%	1832
ឫស្សី	32.208 / (344)	0% / 54.86%	1833
សយ	32.115 / (343)	0% / 54.87%	1834
កុង	32.021 / (342)	0% / 54.87%	1835
បទពិសោធន៍	32.021 / (342)	0% / 54.87%	1836
ត្រ	32.021 / (342)	0% / 54.88%	1837
ទុកដាក់	32.021 / (342)	0% / 54.88%	1838
តិចតួច	31.927 / (341)	0% / 54.88%	1839
ឆ្វេង	31.927 / (341)	0% / 54.89%	1840
ជលផល	31.927 / (341)	0% / 54.89%	1841
មុត	31.927 / (341)	0% / 54.89%	1842
សាស្ត្រ	31.834 / (340)	0% / 54.9%	1843
កុមារី	31.834 / (340)	0% / 54.9%	1844
ឆក់	31.834 / (340)	0% / 54.9%	1845
វៀង	31.74 / (339)	0% / 54.91%	1846
ឧបសគ្គ	31.74 / (339)	0% / 54.91%	1847
បង្ហូរ	31.74 / (339)	0% / 54.91%	1848
វាល	31.74 / (339)	0% / 54.91%	1849
រដែ	31.646 / (338)	0% / 54.92%	1850
ព្រហ្ម	31.646 / (338)	0% / 54.92%	1851
ចាប់ពី	31.646 / (338)	0% / 54.92%	1852
កម្សាន្ត	31.646 / (338)	0% / 54.93%	1853
រង់	31.646 / (338)	0% / 54.93%	1854
ឈូក	31.646 / (338)	0% / 54.93%	1855
ផ្លាស់ប្ដូរ	31.646 / (338)	0% / 54.94%	1856
ភាពយន្ត	31.646 / (338)	0% / 54.94%	1857
ចិត្រ	31.553 / (337)	0% / 54.94%	1858
រោគ	31.553 / (337)	0% / 54.95%	1859
ភិក្ខុ	31.459 / (336)	0% / 54.95%	1860
នីតិ	31.459 / (336)	0% / 54.95%	1861
បកប្រែ	31.366 / (335)	0% / 54.96%	1862
គួរតែ	31.366 / (335)	0% / 54.96%	1863
កុសល	31.272 / (334)	0% / 54.96%	1864
នាយកដ្ឋាន	31.272 / (334)	0% / 54.96%	1865
កេរ្តិ៍	31.272 / (334)	0% / 54.97%	1866
ដំណាក់	31.272 / (334)	0% / 54.97%	1867
បាល	31.085 / (332)	0% / 54.97%	1868
លាយ	31.085 / (332)	0% / 54.98%	1869
ក្រៅពី	31.085 / (332)	0% / 54.98%	1870
រចនាបថ	31.085 / (332)	0% / 54.98%	1871
បញ្ជាការ	31.085 / (332)	0% / 54.99%	1872
ត្រលប់	31.085 / (332)	0% / 54.99%	1873
បូជា	31.085 / (332)	0% / 54.99%	1874
ឈ្នួល	30.991 / (331)	0% / 55%	1875
អាជីវករ	30.991 / (331)	0% / 55%	1876
មន្ទីរពេទ្យ	30.897 / (330)	0% / 55%	1877
កន្លងមក	30.804 / (329)	0% / 55.01%	1878
ស្រាវ	30.804 / (329)	0% / 55.01%	1879
ស្រណោះ	30.804 / (329)	0% / 55.01%	1880
ដកឃ្លា	30.804 / (329)	0% / 55.01%	1881
អំណោយ	30.804 / (329)	0% / 55.02%	1882
ប្រែង	30.71 / (328)	0% / 55.02%	1883
អូខេ	30.71 / (328)	0% / 55.02%	1884
បេះដូង	30.616 / (327)	0% / 55.03%	1885
ខិត	30.616 / (327)	0% / 55.03%	1886
ជ្រុង	30.616 / (327)	0% / 55.03%	1887
ខ្សាច់	30.616 / (327)	0% / 55.04%	1888
បើសិនជា	30.616 / (327)	0% / 55.04%	1889
ក្រាប	30.616 / (327)	0% / 55.04%	1890
មេបញ្ជាការ	30.523 / (326)	0% / 55.05%	1891
កីឡាករ	30.429 / (325)	0% / 55.05%	1892
ឆាយ	30.429 / (325)	0% / 55.05%	1893
ឋានៈ	30.336 / (324)	0% / 55.05%	1894
ដែលគេ	30.242 / (323)	0% / 55.06%	1895
ប៉ាន់	30.242 / (323)	0% / 55.06%	1896
ផ្ដោត	30.242 / (323)	0% / 55.06%	1897
បានទេ	30.148 / (322)	0% / 55.07%	1898
បញ្ចុះ	30.148 / (322)	0% / 55.07%	1899
ទោះជា	30.148 / (322)	0% / 55.07%	1900
ហ្លួង	30.148 / (322)	0% / 55.08%	1901
របាយ	30.148 / (322)	0% / 55.08%	1902
ទិន្នន័យ	30.148 / (322)	0% / 55.08%	1903
សតវត្ស	30.055 / (321)	0% / 55.08%	1904
បានហើយ	30.055 / (321)	0% / 55.09%	1905
បឋម	29.961 / (320)	0% / 55.09%	1906
យល់ព្រម	29.961 / (320)	0% / 55.09%	1907
មេដាយ	29.867 / (319)	0% / 55.1%	1908
ទារក	29.867 / (319)	0% / 55.1%	1909
អគារ	29.867 / (319)	0% / 55.1%	1910
ឡើងវិញ	29.867 / (319)	0% / 55.11%	1911
មង្គល	29.867 / (319)	0% / 55.11%	1912
ផ្អើល	29.867 / (319)	0% / 55.11%	1913
អត្ថាធិប្បាយ	29.867 / (319)	0% / 55.11%	1914
ទោះបីជា	29.774 / (318)	0% / 55.12%	1915
ឆេះ	29.774 / (318)	0% / 55.12%	1916
កម្ពុជាក្រោម	29.774 / (318)	0% / 55.12%	1917
ប្រកែក	29.774 / (318)	0% / 55.13%	1918
ជំហាន	29.68 / (317)	0% / 55.13%	1919
សួស្តី	29.68 / (317)	0% / 55.13%	1920
យាម	29.68 / (317)	0% / 55.14%	1921
កាំបិត	29.68 / (317)	0% / 55.14%	1922
អន់	29.68 / (317)	0% / 55.14%	1923
គំនូរ	29.587 / (316)	0% / 55.14%	1924
ជ្រំ	29.587 / (316)	0% / 55.15%	1925
ពាល់	29.587 / (316)	0% / 55.15%	1926
បទល្មើស	29.587 / (316)	0% / 55.15%	1927
សោក	29.587 / (316)	0% / 55.16%	1928
ភូមា	29.587 / (316)	0% / 55.16%	1929
ណែ	29.587 / (316)	0% / 55.16%	1930
គ្រឿងញៀន	29.493 / (315)	0% / 55.16%	1931
ឧត្តម	29.493 / (315)	0% / 55.17%	1932
ស្អែក	29.493 / (315)	0% / 55.17%	1933
គួរឲ្យ	29.399 / (314)	0% / 55.17%	1934
ទៅកាន់	29.399 / (314)	0% / 55.18%	1935
ដណ្ដើម	29.399 / (314)	0% / 55.18%	1936
សង្កេតការណ៍	29.306 / (313)	0% / 55.18%	1937
ដូង	29.306 / (313)	0% / 55.19%	1938
សេនាបតី	29.306 / (313)	0% / 55.19%	1939
ឧប	29.118 / (311)	0% / 55.19%	1940
ព្រៃឈើ	29.118 / (311)	0% / 55.19%	1941
ហោង	29.118 / (311)	0% / 55.2%	1942
ផ្សព្វ	29.118 / (311)	0% / 55.2%	1943
មិនសូវ	29.118 / (311)	0% / 55.2%	1944
ក៏មាន	29.118 / (311)	0% / 55.21%	1945
លាប់	29.025 / (310)	0% / 55.21%	1946
ស្មោះ	29.025 / (310)	0% / 55.21%	1947
វេទនា	29.025 / (310)	0% / 55.21%	1948
គិតថា	29.025 / (310)	0% / 55.22%	1949
សក់	29.025 / (310)	0% / 55.22%	1950
កោត	29.025 / (310)	0% / 55.22%	1951
រៀបការ	29.025 / (310)	0% / 55.23%	1952
អីចឹង	29.025 / (310)	0% / 55.23%	1953
កំរិត	29.025 / (310)	0% / 55.23%	1954
ឆ្នាំង	29.025 / (310)	0% / 55.23%	1955
ពន្ធដារ	28.931 / (309)	0% / 55.24%	1956
សាកលវិទ្យាល័យ	28.931 / (309)	0% / 55.24%	1957
ចេះតែ	28.931 / (309)	0% / 55.24%	1958
ស្ដែង	28.744 / (307)	0% / 55.25%	1959
ផ្អាក	28.744 / (307)	0% / 55.25%	1960
មហាជន	28.744 / (307)	0% / 55.25%	1961
ថែ	28.744 / (307)	0% / 55.26%	1962
ដូន	28.744 / (307)	0% / 55.26%	1963
ទៅតាម	28.744 / (307)	0% / 55.26%	1964
ខួប	28.65 / (306)	0% / 55.26%	1965
ម្សិល	28.557 / (305)	0% / 55.27%	1966
លក្ខខណ្ឌ	28.557 / (305)	0% / 55.27%	1967
ក្រពើ	28.557 / (305)	0% / 55.27%	1968
បូរាណ	28.557 / (305)	0% / 55.28%	1969
ចាប់អារម្មណ៍	28.463 / (304)	0% / 55.28%	1970
អំពើពុករលួយ	28.463 / (304)	0% / 55.28%	1971
សម្បូរណ៍	28.463 / (304)	0% / 55.28%	1972
សឹក	28.369 / (303)	0% / 55.29%	1973
ចម្បង	28.369 / (303)	0% / 55.29%	1974
អាចម៍	28.369 / (303)	0% / 55.29%	1975
ទាំងមូល	28.369 / (303)	0% / 55.29%	1976
បូ	28.369 / (303)	0% / 55.3%	1977
ស្រុង	28.369 / (303)	0% / 55.3%	1978
គណបក្សប្រជាជន	28.369 / (303)	0% / 55.3%	1979
មីន	28.369 / (303)	0% / 55.31%	1980
វ៉ៃ	28.276 / (302)	0% / 55.31%	1981
បែង	28.276 / (302)	0% / 55.31%	1982
អាជ្ញាប័ណ្ណ	28.276 / (302)	0% / 55.31%	1983
កប	28.182 / (301)	0% / 55.32%	1984
សំនួរ	28.182 / (301)	0% / 55.32%	1985
ទូ	28.182 / (301)	0% / 55.32%	1986
បាល់ទាត់	28.182 / (301)	0% / 55.33%	1987
ទា	28.182 / (301)	0% / 55.33%	1988
ទែន	28.088 / (300)	0% / 55.33%	1989
សុផល	28.088 / (300)	0% / 55.33%	1990
ស្អប់	28.088 / (300)	0% / 55.34%	1991
អាកាស	28.088 / (300)	0% / 55.34%	1992
រាន	28.088 / (300)	0% / 55.34%	1993
ប្រមុខ	27.995 / (299)	0% / 55.35%	1994
សាល	27.901 / (298)	0% / 55.35%	1995
តែម្ដង	27.901 / (298)	0% / 55.35%	1996
កាំ	27.901 / (298)	0% / 55.35%	1997
ប្រសិនបើ	27.901 / (298)	0% / 55.36%	1998
បរិយាកាស	27.808 / (297)	0% / 55.36%	1999
ជាក់ស្ដែង	27.808 / (297)	0% / 55.36%	2000
ថ្ងៃនេះ	27.808 / (297)	0% / 55.37%	2001
សន្និដ្ឋាន	27.808 / (297)	0% / 55.37%	2002
បុត្រ	27.714 / (296)	0% / 55.37%	2003
សួន	27.714 / (296)	0% / 55.37%	2004
គីឡូម៉ែត្រ	27.714 / (296)	0% / 55.38%	2005
អប់	27.714 / (296)	0% / 55.38%	2006
រដោះ	27.714 / (296)	0% / 55.38%	2007
តានតឹង	27.714 / (296)	0% / 55.38%	2008
កំពង់ធំ	27.62 / (295)	0% / 55.39%	2009
មកា	27.527 / (294)	0% / 55.39%	2010
ចម្លាក់	27.527 / (294)	0% / 55.39%	2011
ចម្រុះ	27.527 / (294)	0% / 55.4%	2012
ពួកគាត់	27.527 / (294)	0% / 55.4%	2013
ទម្លាក់	27.527 / (294)	0% / 55.4%	2014
អក្សរខ្មែរ	27.527 / (294)	0% / 55.4%	2015
សម្រប	27.527 / (294)	0% / 55.41%	2016
ថ្លា	27.433 / (293)	0% / 55.41%	2017
តួច	27.433 / (293)	0% / 55.41%	2018
ខាងជើង	27.433 / (293)	0% / 55.41%	2019
ស្ងៀម	27.433 / (293)	0% / 55.42%	2020
ច្បាំង	27.433 / (293)	0% / 55.42%	2021
គល់	27.339 / (292)	0% / 55.42%	2022
ទៅជា	27.339 / (292)	0% / 55.43%	2023
សម្រាល	27.339 / (292)	0% / 55.43%	2024
មុខរបរ	27.246 / (291)	0% / 55.43%	2025
ថយក្រោយ	27.246 / (291)	0% / 55.43%	2026
ជោគ	27.246 / (291)	0% / 55.44%	2027
រថ	27.246 / (291)	0% / 55.44%	2028
ចាម	27.152 / (290)	0% / 55.44%	2029
យក្ស	27.152 / (290)	0% / 55.44%	2030
កូនស្រី	27.152 / (290)	0% / 55.45%	2031
បារី	27.152 / (290)	0% / 55.45%	2032
ករុណា	27.152 / (290)	0% / 55.45%	2033
វិចិត្រ	27.059 / (289)	0% / 55.46%	2034
ប្រកបដោយ	27.059 / (289)	0% / 55.46%	2035
កោះកុង	27.059 / (289)	0% / 55.46%	2036
ពហុ	26.965 / (288)	0% / 55.46%	2037
ចារ	26.965 / (288)	0% / 55.47%	2038
ស្ម័គ្រ	26.965 / (288)	0% / 55.47%	2039
ថែទាំ	26.965 / (288)	0% / 55.47%	2040
សម្លឹង	26.965 / (288)	0% / 55.47%	2041
វិទ្យាសាស្ត្រ	26.871 / (287)	0% / 55.48%	2042
ថ្វី	26.871 / (287)	0% / 55.48%	2043
ធម្ម	26.871 / (287)	0% / 55.48%	2044
រលាយ	26.871 / (287)	0% / 55.49%	2045
លទ្ធិ	26.871 / (287)	0% / 55.49%	2046
ព្រោះថា	26.871 / (287)	0% / 55.49%	2047
ខោ	26.871 / (287)	0% / 55.49%	2048
គេង	26.778 / (286)	0% / 55.5%	2049
ភរ	26.778 / (286)	0% / 55.5%	2050
សព្វថ្ងៃនេះ	26.778 / (286)	0% / 55.5%	2051
ដំ	26.778 / (286)	0% / 55.5%	2052
ត្រាស់	26.684 / (285)	0% / 55.51%	2053
ទាក់ទាញ	26.684 / (285)	0% / 55.51%	2054
ប្រជារាស្ត្រ	26.59 / (284)	0% / 55.51%	2055
សោត	26.59 / (284)	0% / 55.51%	2056
បំបែក	26.403 / (282)	0% / 55.52%	2057
ការចរចា	26.403 / (282)	0% / 55.52%	2058
កាម	26.403 / (282)	0% / 55.52%	2059
សង្ខេប	26.403 / (282)	0% / 55.53%	2060
ទំលាក់	26.309 / (281)	0% / 55.53%	2061
សប្បុរស	26.309 / (281)	0% / 55.53%	2062
ទៀង	26.309 / (281)	0% / 55.53%	2063
ត្រឹមតែ	26.216 / (280)	0% / 55.54%	2064
ត្រួតពិនិត្យ	26.216 / (280)	0% / 55.54%	2065
អាចារ្យ	26.216 / (280)	0% / 55.54%	2066
ព្រះពុទ្ធ	26.216 / (280)	0% / 55.54%	2067
ទាត់	26.122 / (279)	0% / 55.55%	2068
បណ្ដើរ	26.122 / (279)	0% / 55.55%	2069
ព្រឹក្សា	26.029 / (278)	0% / 55.55%	2070
ធូរ	26.029 / (278)	0% / 55.55%	2071
រះ	26.029 / (278)	0% / 55.56%	2072
ទាំងស្រុង	26.029 / (278)	0% / 55.56%	2073
អក្សរសាស្ត្រ	26.029 / (278)	0% / 55.56%	2074
ឃ្លាំង	26.029 / (278)	0% / 55.56%	2075
អន្តរ	26.029 / (278)	0% / 55.57%	2076
រៃ	25.935 / (277)	0% / 55.57%	2077
សិទ្ធិមនុស្ស	25.935 / (277)	0% / 55.57%	2078
ដៃគូ	25.935 / (277)	0% / 55.58%	2079
អតិថិជន	25.935 / (277)	0% / 55.58%	2080
ដង្ហែ	25.841 / (276)	0% / 55.58%	2081
សវនាការ	25.841 / (276)	0% / 55.58%	2082
ឥឡូវនេះ	25.841 / (276)	0% / 55.59%	2083
ជ្រាវ	25.841 / (276)	0% / 55.59%	2084
អន្លង់	25.748 / (275)	0% / 55.59%	2085
ចេតនា	25.748 / (275)	0% / 55.59%	2086
គាល់	25.748 / (275)	0% / 55.6%	2087
ចរិត	25.748 / (275)	0% / 55.6%	2088
ហា	25.748 / (275)	0% / 55.6%	2089
ម៉ាឡេស៊ី	25.654 / (274)	0% / 55.6%	2090
វប្រ	25.654 / (274)	0% / 55.61%	2091
ប្រាណ	25.654 / (274)	0% / 55.61%	2092
សារភាព	25.56 / (273)	0% / 55.61%	2093
កាហ្វេ	25.56 / (273)	0% / 55.61%	2094
ប្រែប្រួល	25.56 / (273)	0% / 55.62%	2095
បណ្ណាល័យ	25.56 / (273)	0% / 55.62%	2096
ម៉ៃ	25.467 / (272)	0% / 55.62%	2097
ឃាតករ	25.467 / (272)	0% / 55.62%	2098
កញ្ជ្រោង	25.467 / (272)	0% / 55.63%	2099
ទំនុក	25.467 / (272)	0% / 55.63%	2100
រិទ្ធិ	25.467 / (272)	0% / 55.63%	2101
ក្រោយមក	25.467 / (272)	0% / 55.63%	2102
លេខា	25.373 / (271)	0% / 55.64%	2103
របៀង	25.373 / (271)	0% / 55.64%	2104
កៅអី	25.373 / (271)	0% / 55.64%	2105
មែ	25.373 / (271)	0% / 55.64%	2106
បម្រុង	25.28 / (270)	0% / 55.65%	2107
អារ	25.28 / (270)	0% / 55.65%	2108
សាទរ	25.28 / (270)	0% / 55.65%	2109
ផ្គត់ផ្គង់	25.186 / (269)	0% / 55.65%	2110
ទំនេរ	25.186 / (269)	0% / 55.66%	2111
ដោយសារតែ	25.186 / (269)	0% / 55.66%	2112
មជ្ឈដ្ឋាន	25.186 / (269)	0% / 55.66%	2113
រដាក់	25.186 / (269)	0% / 55.66%	2114
ពិតប្រាកដ	25.186 / (269)	0% / 55.67%	2115
លឹម	25.186 / (269)	0% / 55.67%	2116
ជ្រុល	25.092 / (268)	0% / 55.67%	2117
ជញ្ជាំង	25.092 / (268)	0% / 55.67%	2118
ឬទេ	24.999 / (267)	0% / 55.68%	2119
ប៉ុន	24.999 / (267)	0% / 55.68%	2120
គីឡូក្រាម	24.905 / (266)	0% / 55.68%	2121
តែមួយ	24.905 / (266)	0% / 55.68%	2122
ដរាប	24.905 / (266)	0% / 55.69%	2123
ការប្រើប្រាស់	24.905 / (266)	0% / 55.69%	2124
រើសអើង	24.905 / (266)	0% / 55.69%	2125
សង្សារ	24.905 / (266)	0% / 55.69%	2126
តោង	24.905 / (266)	0% / 55.7%	2127
សេពសន្ថវៈ	24.905 / (266)	0% / 55.7%	2128
សារៈ	24.811 / (265)	0% / 55.7%	2129
សម្បទាន	24.811 / (265)	0% / 55.7%	2130
សាប	24.811 / (265)	0% / 55.71%	2131
ទឹកប្រាក់	24.718 / (264)	0% / 55.71%	2132
ធ្មេញ	24.718 / (264)	0% / 55.71%	2133
ស្នងការ	24.718 / (264)	0% / 55.71%	2134
លំអិត	24.718 / (264)	0% / 55.72%	2135
លីត្រ	24.718 / (264)	0% / 55.72%	2136
ច្នៃ	24.624 / (263)	0% / 55.72%	2137
ក្រី	24.624 / (263)	0% / 55.72%	2138
គតិ	24.624 / (263)	0% / 55.73%	2139
កែប្រែ	24.624 / (263)	0% / 55.73%	2140
កល	24.624 / (263)	0% / 55.73%	2141
មានបំណង	24.624 / (263)	0% / 55.73%	2142
ខាងមុខ	24.531 / (262)	0% / 55.74%	2143
ម្ដុំ	24.531 / (262)	0% / 55.74%	2144
ក្លាហាន	24.531 / (262)	0% / 55.74%	2145
ទូត	24.531 / (262)	0% / 55.74%	2146
ពាន	24.437 / (261)	0% / 55.75%	2147
មួយទៀត	24.437 / (261)	0% / 55.75%	2148
បន្ទោស	24.437 / (261)	0% / 55.75%	2149
កើតហេតុ	24.437 / (261)	0% / 55.75%	2150
ធក	24.343 / (260)	0% / 55.76%	2151
ជាំ	24.343 / (260)	0% / 55.76%	2152
ក្រៃ	24.343 / (260)	0% / 55.76%	2153
ស្លៀក	24.343 / (260)	0% / 55.76%	2154
ឆ្លាត	24.25 / (259)	0% / 55.77%	2155
មិនដែល	24.25 / (259)	0% / 55.77%	2156
ស្ទួយ	24.156 / (258)	0% / 55.77%	2157
ការដែល	24.156 / (258)	0% / 55.77%	2158
ស្ទាក់	24.156 / (258)	0% / 55.78%	2159
រកា	24.156 / (258)	0% / 55.78%	2160
កាលណា	24.156 / (258)	0% / 55.78%	2161
ទ្វីប	24.156 / (258)	0% / 55.78%	2162
ជំនួប	24.156 / (258)	0% / 55.78%	2163
សំអាង	24.156 / (258)	0% / 55.79%	2164
ប្រាជ្ញ	24.062 / (257)	0% / 55.79%	2165
ប្រតិបត្តិការ	24.062 / (257)	0% / 55.79%	2166
អះ	24.062 / (257)	0% / 55.79%	2167
ល្ងង់	24.062 / (257)	0% / 55.8%	2168
តេជគុណ	24.062 / (257)	0% / 55.8%	2169
ខ្វះខាត	24.062 / (257)	0% / 55.8%	2170
សាមញ្ញ	24.062 / (257)	0% / 55.8%	2171
អាណា	24.062 / (257)	0% / 55.81%	2172
ផ្ដាច់	24.062 / (257)	0% / 55.81%	2173
កិរិយា	23.969 / (256)	0% / 55.81%	2174
ទឹកចិត្ត	23.969 / (256)	0% / 55.81%	2175
ឆ្កួត	23.875 / (255)	0% / 55.82%	2176
អូស្ត្រាលី	23.875 / (255)	0% / 55.82%	2177
រាប	23.875 / (255)	0% / 55.82%	2178
សម្ភាសន៍	23.875 / (255)	0% / 55.82%	2179
ញត្តិ	23.875 / (255)	0% / 55.83%	2180
បេសកកម្ម	23.781 / (254)	0% / 55.83%	2181
រដ្ឋលេខាធិការ	23.781 / (254)	0% / 55.83%	2182
ពលករ	23.781 / (254)	0% / 55.83%	2183
ម៉ាត់	23.688 / (253)	0% / 55.84%	2184
សាលាក្រុង	23.688 / (253)	0% / 55.84%	2185
ធ្វើជា	23.688 / (253)	0% / 55.84%	2186
តាក់ស៊ី	23.594 / (252)	0% / 55.84%	2187
កំប្លែង	23.594 / (252)	0% / 55.84%	2188
ង៉ៃ	23.594 / (252)	0% / 55.85%	2189
ហាត់	23.594 / (252)	0% / 55.85%	2190
កំពង់ស្ពឺ	23.501 / (251)	0% / 55.85%	2191
ឧក្រិដ្ឋ	23.501 / (251)	0% / 55.85%	2192
សាយ	23.501 / (251)	0% / 55.86%	2193
ចំណាស់	23.501 / (251)	0% / 55.86%	2194
ថ្លែងការណ៍	23.501 / (251)	0% / 55.86%	2195
សាមគ្គី	23.501 / (251)	0% / 55.86%	2196
ទទួលស្គាល់	23.501 / (251)	0% / 55.87%	2197
ទៀតហើយ	23.501 / (251)	0% / 55.87%	2198
តែប៉ុណ្ណោះ	23.501 / (251)	0% / 55.87%	2199
ដង្ហើម	23.407 / (250)	0% / 55.87%	2200
សំគាល់	23.407 / (250)	0% / 55.88%	2201
មាតិកា	23.407 / (250)	0% / 55.88%	2202
បរិមាណ	23.407 / (250)	0% / 55.88%	2203
វីរ	23.407 / (250)	0% / 55.88%	2204
សារធាតុ	23.407 / (250)	0% / 55.88%	2205
ខម	23.313 / (249)	0% / 55.89%	2206
មើលទៅ	23.313 / (249)	0% / 55.89%	2207
សម្អាត	23.313 / (249)	0% / 55.89%	2208
ចតុ	23.313 / (249)	0% / 55.89%	2209
តៃ	23.313 / (249)	0% / 55.9%	2210
រ៉ែ	23.313 / (249)	0% / 55.9%	2211
ពោធិ៍សាត់	23.313 / (249)	0% / 55.9%	2212
អំពិល	23.22 / (248)	0% / 55.9%	2213
ឋាន	23.22 / (248)	0% / 55.91%	2214
សាសន៍	23.22 / (248)	0% / 55.91%	2215
ក្លែង	23.126 / (247)	0% / 55.91%	2216
បូម	23.032 / (246)	0% / 55.91%	2217
វេជ្ជបណ្ឌិត	23.032 / (246)	0% / 55.91%	2218
ព្រះរាជអាជ្ញា	23.032 / (246)	0% / 55.92%	2219
កំចាត់	23.032 / (246)	0% / 55.92%	2220
ទីលំនៅ	23.032 / (246)	0% / 55.92%	2221
អាល្លឺម៉ង់	23.032 / (246)	0% / 55.92%	2222
ចំណងជើង	23.032 / (246)	0% / 55.93%	2223
ឃាតកម្ម	23.032 / (246)	0% / 55.93%	2224
ហ៊ូ	22.939 / (245)	0% / 55.93%	2225
ធារី	22.939 / (245)	0% / 55.93%	2226
ព្រឹត្តិការ	22.939 / (245)	0% / 55.94%	2227
អៀង	22.939 / (245)	0% / 55.94%	2228
ជំទាស់	22.939 / (245)	0% / 55.94%	2229
យ៉ាងម៉េច	22.939 / (245)	0% / 55.94%	2230
ប្រតិភូ	22.939 / (245)	0% / 55.94%	2231
ឆ្អឹង	22.845 / (244)	0% / 55.95%	2232
សំណើច	22.845 / (244)	0% / 55.95%	2233
ចៀស	22.845 / (244)	0% / 55.95%	2234
កុន	22.752 / (243)	0% / 55.95%	2235
ប្រឡាយ	22.752 / (243)	0% / 55.96%	2236
គណនេយ្យ	22.752 / (243)	0% / 55.96%	2237
លំ	22.658 / (242)	0% / 55.96%	2238
ជូត	22.658 / (242)	0% / 55.96%	2239
ផេង	22.658 / (242)	0% / 55.97%	2240
បារាំងសែស	22.658 / (242)	0% / 55.97%	2241
ប្រយោគ	22.658 / (242)	0% / 55.97%	2242
សម្បូរ	22.658 / (242)	0% / 55.97%	2243
អំបិល	22.658 / (242)	0% / 55.97%	2244
ជីដូន	22.658 / (242)	0% / 55.98%	2245
ល្បីល្បាញ	22.564 / (241)	0% / 55.98%	2246
ក្រឡា	22.564 / (241)	0% / 55.98%	2247
ជាមួយនឹង	22.564 / (241)	0% / 55.98%	2248
វាំង	22.564 / (241)	0% / 55.99%	2249
បន្តួច	22.564 / (241)	0% / 55.99%	2250
បាំង	22.564 / (241)	0% / 55.99%	2251
វាសនា	22.471 / (240)	0% / 55.99%	2252
សហភាព	22.471 / (240)	0% / 55.99%	2253
អឺ	22.471 / (240)	0% / 56%	2254
ស្ថិតិ	22.377 / (239)	0% / 56%	2255
ទីប្រឹក្សា	22.377 / (239)	0% / 56%	2256
សុំទោស	22.377 / (239)	0% / 56%	2257
ឥន្ធនៈ	22.377 / (239)	0% / 56.01%	2258
ប្រដៅ	22.377 / (239)	0% / 56.01%	2259
រលោក	22.283 / (238)	0% / 56.01%	2260
រំឭក	22.283 / (238)	0% / 56.01%	2261
សំណាក	22.283 / (238)	0% / 56.01%	2262
ញឹក	22.283 / (238)	0% / 56.02%	2263
ខ្មាស	22.19 / (237)	0% / 56.02%	2264
ភ្លេង	22.19 / (237)	0% / 56.02%	2265
ដំណោះ	22.19 / (237)	0% / 56.02%	2266
បៀ	22.19 / (237)	0% / 56.03%	2267
ដងរែក	22.19 / (237)	0% / 56.03%	2268
អេក្រង់	22.096 / (236)	0% / 56.03%	2269
សំណូម	22.096 / (236)	0% / 56.03%	2270
វិជ្ជមាន	22.096 / (236)	0% / 56.03%	2271
សិប	21.909 / (234)	0% / 56.04%	2272
ដួង	21.909 / (234)	0% / 56.04%	2273
ប្រតិ	21.909 / (234)	0% / 56.04%	2274
សាធារណរដ្ឋ	21.909 / (234)	0% / 56.04%	2275
បណ្ដេញ	21.909 / (234)	0% / 56.05%	2276
ព្រួយបារម្ភ	21.815 / (233)	0% / 56.05%	2277
ខ្នាត	21.815 / (233)	0% / 56.05%	2278
អ្នកមើល	21.815 / (233)	0% / 56.05%	2279
ស្ករ	21.815 / (233)	0% / 56.05%	2280
ប្រធានាធិបតី	21.815 / (233)	0% / 56.06%	2281
ស្នង	21.815 / (233)	0% / 56.06%	2282
ប្រមាថ	21.722 / (232)	0% / 56.06%	2283
បានតែ	21.722 / (232)	0% / 56.06%	2284
កែប	21.722 / (232)	0% / 56.07%	2285
កាក់	21.722 / (232)	0% / 56.07%	2286
ទូច	21.722 / (232)	0% / 56.07%	2287
រ័ត្ន	21.722 / (232)	0% / 56.07%	2288
ពិគ្រោះ	21.722 / (232)	0% / 56.07%	2289
របាំ	21.722 / (232)	0% / 56.08%	2290
ត្រេកអរ	21.722 / (232)	0% / 56.08%	2291
ខូចខាត	21.628 / (231)	0% / 56.08%	2292
ឃាត់ខ្លួន	21.628 / (231)	0% / 56.08%	2293
សម្ពោធ	21.628 / (231)	0% / 56.08%	2294
រថា	21.628 / (231)	0% / 56.09%	2295
អណ្ដូង	21.628 / (231)	0% / 56.09%	2296
ហើយនៅ?	21.628 / (231)	0% / 56.09%	2297
ស្តង់	21.628 / (231)	0% / 56.09%	2298
អង្គរវត្ត	21.628 / (231)	0% / 56.1%	2299
គប្បី	21.628 / (231)	0% / 56.1%	2300
ដប់	21.534 / (230)	0% / 56.1%	2301
ញឹកញាប់	21.534 / (230)	0% / 56.1%	2302
ហូត	21.534 / (230)	0% / 56.1%	2303
ងងឹត	21.534 / (230)	0% / 56.11%	2304
សណ្ដាប់	21.534 / (230)	0% / 56.11%	2305
លេស	21.534 / (230)	0% / 56.11%	2306
គ្រែ	21.534 / (230)	0% / 56.11%	2307
ជាងគេ	21.534 / (230)	0% / 56.11%	2308
បូក	21.441 / (229)	0% / 56.12%	2309
បណ្ដោះ	21.441 / (229)	0% / 56.12%	2310
ក៏ប៉ុន្តែ	21.441 / (229)	0% / 56.12%	2311
អគ្គនាយក	21.441 / (229)	0% / 56.12%	2312
វស្សា	21.441 / (229)	0% / 56.13%	2313
ទុំ	21.347 / (228)	0% / 56.13%	2314
មេឃុំ	21.347 / (228)	0% / 56.13%	2315
ព័ទ្ធ	21.347 / (228)	0% / 56.13%	2316
មេរៀន	21.253 / (227)	0% / 56.13%	2317
មហាវិទ្យាល័យ	21.253 / (227)	0% / 56.14%	2318
អង្វរ	21.253 / (227)	0% / 56.14%	2319
ជំរឿន	21.253 / (227)	0% / 56.14%	2320
ទ្រព្យសម្បត្តិ	21.253 / (227)	0% / 56.14%	2321
ងើប	21.253 / (227)	0% / 56.14%	2322
សរសៃ	21.253 / (227)	0% / 56.15%	2323
រតនគិរី	21.253 / (227)	0% / 56.15%	2324
មុង	21.16 / (226)	0% / 56.15%	2325
ទៅដល់	21.16 / (226)	0% / 56.15%	2326
ចាប់ខ្លួន	21.16 / (226)	0% / 56.16%	2327
អតិផរណា	21.16 / (226)	0% / 56.16%	2328
ប៉ែន	21.16 / (226)	0% / 56.16%	2329
ចំរៀង	21.16 / (226)	0% / 56.16%	2330
ខក	21.16 / (226)	0% / 56.16%	2331
ដែនដី	21.16 / (226)	0% / 56.17%	2332
ទីកន្លែង	21.16 / (226)	0% / 56.17%	2333
ទូរគមនាគមន៍	21.066 / (225)	0% / 56.17%	2334
វង់	21.066 / (225)	0% / 56.17%	2335
អធិបតីភាព	21.066 / (225)	0% / 56.17%	2336
ទំនៀម	21.066 / (225)	0% / 56.18%	2337
ផលិតកម្ម	21.066 / (225)	0% / 56.18%	2338
ស្លៀកពាក់	20.973 / (224)	0% / 56.18%	2339
គង	20.973 / (224)	0% / 56.18%	2340
ដោយមាន	20.879 / (223)	0% / 56.18%	2341
ជួនកាល	20.879 / (223)	0% / 56.19%	2342
ឆៅ	20.879 / (223)	0% / 56.19%	2343
កម្រ	20.879 / (223)	0% / 56.19%	2344
សៀវ	20.879 / (223)	0% / 56.19%	2345
បេះ	20.879 / (223)	0% / 56.2%	2346
អ្នកកាសែត	20.879 / (223)	0% / 56.2%	2347
មិត្តភាព	20.879 / (223)	0% / 56.2%	2348
ខុសច្បាប់	20.879 / (223)	0% / 56.2%	2349
ជំរើស	20.785 / (222)	0% / 56.2%	2350
សិរី	20.785 / (222)	0% / 56.21%	2351
សំរោង	20.785 / (222)	0% / 56.21%	2352
សេះ	20.785 / (222)	0% / 56.21%	2353
ទាម	20.785 / (222)	0% / 56.21%	2354
ទ្វេ	20.785 / (222)	0% / 56.21%	2355
កុហក	20.785 / (222)	0% / 56.22%	2356
បរិ	20.785 / (222)	0% / 56.22%	2357
ស្និទ្ធ	20.785 / (222)	0% / 56.22%	2358
ទម្រាំ	20.785 / (222)	0% / 56.22%	2359
ហិប	20.692 / (221)	0% / 56.22%	2360
បទដ្ឋាន	20.692 / (221)	0% / 56.23%	2361
ផ្ទេរ	20.692 / (221)	0% / 56.23%	2362
ទាយ	20.692 / (221)	0% / 56.23%	2363
សុភាព	20.692 / (221)	0% / 56.23%	2364
បេ	20.692 / (221)	0% / 56.23%	2365
ទាល់តែ	20.598 / (220)	0% / 56.24%	2366
អ៊ូ	20.598 / (220)	0% / 56.24%	2367
ការសិក្សា	20.598 / (220)	0% / 56.24%	2368
ទំនប់	20.598 / (220)	0% / 56.24%	2369
លុកលុយ	20.598 / (220)	0% / 56.25%	2370
ធាន	20.598 / (220)	0% / 56.25%	2371
ជនល្មើស	20.598 / (220)	0% / 56.25%	2372
ឧបនាយក	20.598 / (220)	0% / 56.25%	2373
តឹង	20.504 / (219)	0% / 56.25%	2374
ក្ងោក	20.504 / (219)	0% / 56.26%	2375
ស៊ីសុវត្ថិ	20.411 / (218)	0% / 56.26%	2376
នំ	20.411 / (218)	0% / 56.26%	2377
កំហឹង	20.411 / (218)	0% / 56.26%	2378
អាពាហ៍ពិពាហ៍	20.411 / (218)	0% / 56.26%	2379
សាហាវ	20.411 / (218)	0% / 56.27%	2380
សំពត់	20.317 / (217)	0% / 56.27%	2381
ធានី	20.317 / (217)	0% / 56.27%	2382
ឃុន	20.317 / (217)	0% / 56.27%	2383
ក្នុងចំណោម	20.317 / (217)	0% / 56.27%	2384
ទិន	20.317 / (217)	0% / 56.28%	2385
តាមមើល	20.317 / (217)	0% / 56.28%	2386
ពីលើ	20.317 / (217)	0% / 56.28%	2387
សន្ធិសញ្ញា	20.317 / (217)	0% / 56.28%	2388
ទៃ	20.224 / (216)	0% / 56.28%	2389
ទៅនឹង	20.224 / (216)	0% / 56.29%	2390
បរិច្ឆេទ	20.224 / (216)	0% / 56.29%	2391
បែរជា	20.224 / (216)	0% / 56.29%	2392
រាជាណាចក្រ	20.224 / (216)	0% / 56.29%	2393
កំព្រា	20.224 / (216)	0% / 56.29%	2394
ចម្លែក	20.224 / (216)	0% / 56.3%	2395
ឃ្លាត	20.224 / (216)	0% / 56.3%	2396
រំខាន	20.224 / (216)	0% / 56.3%	2397
ទិសដៅ	20.13 / (215)	0% / 56.3%	2398
អត្តសញ្ញាណ	20.13 / (215)	0% / 56.3%	2399
កោណ	20.13 / (215)	0% / 56.31%	2400
វក	20.13 / (215)	0% / 56.31%	2401
ពូក	20.036 / (214)	0% / 56.31%	2402
អរិយធម៌	20.036 / (214)	0% / 56.31%	2403
ពុំបាន	20.036 / (214)	0% / 56.31%	2404
អើ	20.036 / (214)	0% / 56.32%	2405
ហាន	20.036 / (214)	0% / 56.32%	2406
កប់	20.036 / (214)	0% / 56.32%	2407
ស្ដីការ	19.943 / (213)	0% / 56.32%	2408
ប្រសិទ្ធិភាព	19.943 / (213)	0% / 56.32%	2409
ចាកចេញ	19.943 / (213)	0% / 56.33%	2410
សំពៅ	19.943 / (213)	0% / 56.33%	2411
ជំរាប	19.849 / (212)	0% / 56.33%	2412
សតវត្សរ៍	19.849 / (212)	0% / 56.33%	2413
ជប់	19.849 / (212)	0% / 56.33%	2414
កំណាត់	19.849 / (212)	0% / 56.34%	2415
សៅ	19.849 / (212)	0% / 56.34%	2416
លាន់	19.849 / (212)	0% / 56.34%	2417
អ្នកខ្លះ	19.849 / (212)	0% / 56.34%	2418
ហង្ស	19.849 / (212)	0% / 56.34%	2419
យ៉ាងនេះ	19.755 / (211)	0% / 56.35%	2420
ហាមឃាត់	19.755 / (211)	0% / 56.35%	2421
កាច	19.755 / (211)	0% / 56.35%	2422
លូតលាស់	19.755 / (211)	0% / 56.35%	2423
ស្ងប់	19.755 / (211)	0% / 56.35%	2424
ស្រឡះ	19.755 / (211)	0% / 56.36%	2425
ភូមិន្ទ	19.755 / (211)	0% / 56.36%	2426
ហត្ថ	19.662 / (210)	0% / 56.36%	2427
រលើ	19.662 / (210)	0% / 56.36%	2428
ធុន	19.662 / (210)	0% / 56.36%	2429
ចងចាំ	19.662 / (210)	0% / 56.37%	2430
ស្អុយ	19.662 / (210)	0% / 56.37%	2431
សូន្យ	19.662 / (210)	0% / 56.37%	2432
បាសាក់	19.568 / (209)	0% / 56.37%	2433
អយុត្តិធម៌	19.568 / (209)	0% / 56.37%	2434
ជំពូក	19.568 / (209)	0% / 56.38%	2435
សន្ទុះ	19.568 / (209)	0% / 56.38%	2436
ជឿជាក់	19.475 / (208)	0% / 56.38%	2437
សេក	19.475 / (208)	0% / 56.38%	2438
លប	19.475 / (208)	0% / 56.38%	2439
កាបូប	19.475 / (208)	0% / 56.39%	2440
រង្សី	19.381 / (207)	0% / 56.39%	2441
ញោម	19.381 / (207)	0% / 56.39%	2442
ចុក	19.381 / (207)	0% / 56.39%	2443
អន្តោ	19.381 / (207)	0% / 56.39%	2444
អនាធិបតេយ្យ	19.381 / (207)	0% / 56.39%	2445
ពីមុន	19.381 / (207)	0% / 56.4%	2446
លម្អ	19.381 / (207)	0% / 56.4%	2447
តិ	19.381 / (207)	0% / 56.4%	2448
អតីតកាល	19.381 / (207)	0% / 56.4%	2449
វេន	19.381 / (207)	0% / 56.4%	2450
សន្លប់	19.381 / (207)	0% / 56.41%	2451
លឺ	19.287 / (206)	0% / 56.41%	2452
ល្ខោន	19.287 / (206)	0% / 56.41%	2453
ព្រេង	19.287 / (206)	0% / 56.41%	2454
កិន	19.287 / (206)	0% / 56.41%	2455
មើល៍	19.287 / (206)	0% / 56.42%	2456
របស់យើង	19.287 / (206)	0% / 56.42%	2457
កុប្បកម្ម	19.287 / (206)	0% / 56.42%	2458
ព្រះរាជា	19.287 / (206)	0% / 56.42%	2459
ត្រចៀក	19.287 / (206)	0% / 56.42%	2460
ឈមមុខ	19.287 / (206)	0% / 56.43%	2461
រំលង	19.287 / (206)	0% / 56.43%	2462
ព្រលប់	19.287 / (206)	0% / 56.43%	2463
ជំរិត	19.287 / (206)	0% / 56.43%	2464
បំរែបំរួល	19.287 / (206)	0% / 56.43%	2465
ខ្ជិល	19.287 / (206)	0% / 56.44%	2466
ស្ពឺ	19.287 / (206)	0% / 56.44%	2467
ត្រកូល	19.194 / (205)	0% / 56.44%	2468
សម្របសម្រួល	19.194 / (205)	0% / 56.44%	2469
សាធារណជន	19.194 / (205)	0% / 56.44%	2470
ដាស់	19.194 / (205)	0% / 56.45%	2471
វីតាមីន	19.194 / (205)	0% / 56.45%	2472
ធ្លាយ	19.194 / (205)	0% / 56.45%	2473
ដារ	19.194 / (205)	0% / 56.45%	2474
ជីវៈ	19.194 / (205)	0% / 56.45%	2475
ប្រឌិត	19.194 / (205)	0% / 56.45%	2476
អន្ទាក់	19.194 / (205)	0% / 56.46%	2477
ចំណាប់	19.194 / (205)	0% / 56.46%	2478
ស្មៅ	19.194 / (205)	0% / 56.46%	2479
ក្លែងក្លាយ	19.194 / (205)	0% / 56.46%	2480
កំសត់	19.194 / (205)	0% / 56.46%	2481
សាកសួរ	19.194 / (205)	0% / 56.47%	2482
ទីមួយ	19.1 / (204)	0% / 56.47%	2483
ឃ្លាំ	19.1 / (204)	0% / 56.47%	2484
ពីដើម	19.1 / (204)	0% / 56.47%	2485
ខួរ	19.1 / (204)	0% / 56.47%	2486
បួងសួង	19.1 / (204)	0% / 56.48%	2487
បន្ទាប់មក	19.006 / (203)	0% / 56.48%	2488
កិច្ចសន្យា	19.006 / (203)	0% / 56.48%	2489
ឆ្លងតាម	19.006 / (203)	0% / 56.48%	2490
ក្លា	19.006 / (203)	0% / 56.48%	2491
ព្រៃវែង	19.006 / (203)	0% / 56.49%	2492
ឈូស	19.006 / (203)	0% / 56.49%	2493
កង្វះ	19.006 / (203)	0% / 56.49%	2494
បានដឹង	18.913 / (202)	0% / 56.49%	2495
សារសំខាន់	18.913 / (202)	0% / 56.49%	2496
ជំ	18.913 / (202)	0% / 56.49%	2497
រួចហើយ	18.913 / (202)	0% / 56.5%	2498
កម្រៃ	18.913 / (202)	0% / 56.5%	2499
ជំរំ	18.913 / (202)	0% / 56.5%	2500
ការដ្ឋាន	18.913 / (202)	0% / 56.5%	2501
បង្ការ	18.913 / (202)	0% / 56.5%	2502
ប្រុង	18.913 / (202)	0% / 56.51%	2503
អាវុធហត្ថ	18.913 / (202)	0% / 56.51%	2504
អុក	18.819 / (201)	0% / 56.51%	2505
ស្ងួត	18.819 / (201)	0% / 56.51%	2506
សំរាម	18.819 / (201)	0% / 56.51%	2507
ស្វែងយល់	18.819 / (201)	0% / 56.52%	2508
កម្មាធិការ	18.819 / (201)	0% / 56.52%	2509
ខ្ទង់	18.819 / (201)	0% / 56.52%	2510
សណ្តាប់	18.819 / (201)	0% / 56.52%	2511
ចេក	18.725 / (200)	0% / 56.52%	2512
វិមាន	18.725 / (200)	0% / 56.52%	2513
ភូ	18.725 / (200)	0% / 56.53%	2514
យី	18.725 / (200)	0% / 56.53%	2515
បរាជ័យ	18.725 / (200)	0% / 56.53%	2516
សំណល់	18.725 / (200)	0% / 56.53%	2517
ខឿន	18.725 / (200)	0% / 56.53%	2518
កាង	18.725 / (200)	0% / 56.54%	2519
អង្គាស	18.725 / (200)	0% / 56.54%	2520
គ្រប	18.725 / (200)	0% / 56.54%	2521
ជួសជុល	18.632 / (199)	0% / 56.54%	2522
នាយិកា	18.632 / (199)	0% / 56.54%	2523
មែនទែន	18.632 / (199)	0% / 56.55%	2524
ការលំបាក	18.632 / (199)	0% / 56.55%	2525
បានឃើញ	18.632 / (199)	0% / 56.55%	2526
ថ្លើម	18.632 / (199)	0% / 56.55%	2527
យល់ស្រប	18.538 / (198)	0% / 56.55%	2528
ប៉ុណ្ណេះ	18.538 / (198)	0% / 56.55%	2529
សឹម	18.538 / (198)	0% / 56.56%	2530
រួបរួម	18.538 / (198)	0% / 56.56%	2531
បុរី	18.538 / (198)	0% / 56.56%	2532
ទស្សនិកជន	18.538 / (198)	0% / 56.56%	2533
វិនិច្ឆ័យ	18.445 / (197)	0% / 56.56%	2534
គណៈរដ្ឋមន្ត្រី	18.445 / (197)	0% / 56.57%	2535
និស្ស័យ	18.351 / (196)	0% / 56.57%	2536
អាស្រូវ	18.351 / (196)	0% / 56.57%	2537
ចេញទៅ	18.351 / (196)	0% / 56.57%	2538
បែងចែក	18.351 / (196)	0% / 56.57%	2539
រ៉េ	18.351 / (196)	0% / 56.58%	2540
ឆ្លងកាត់	18.351 / (196)	0% / 56.58%	2541
ភោជនីយដ្ឋាន	18.351 / (196)	0% / 56.58%	2542
ទីពីរ	18.351 / (196)	0% / 56.58%	2543
ឧទ្ធរណ៍	18.351 / (196)	0% / 56.58%	2544
ទិដ្ឋភាព	18.351 / (196)	0% / 56.58%	2545
ស្លា	18.351 / (196)	0% / 56.59%	2546
លៈ	18.257 / (195)	0% / 56.59%	2547
បន្តបន្ទាប់	18.257 / (195)	0% / 56.59%	2548
អធិបតី	18.257 / (195)	0% / 56.59%	2549
ប៉ៃលិន	18.257 / (195)	0% / 56.59%	2550
ទូលំទូលាយ	18.257 / (195)	0% / 56.6%	2551
ព្រះពុទ្ធសាសនា	18.257 / (195)	0% / 56.6%	2552
បោស	18.257 / (195)	0% / 56.6%	2553
លំអ	18.164 / (194)	0% / 56.6%	2554
ទស្សនាវដ្ដី	18.164 / (194)	0% / 56.6%	2555
អាការ	18.164 / (194)	0% / 56.6%	2556
ឃាត	18.164 / (194)	0% / 56.61%	2557
ស្រដៀង	18.164 / (194)	0% / 56.61%	2558
រេ	18.164 / (194)	0% / 56.61%	2559
ប្រគេន	18.164 / (194)	0% / 56.61%	2560
មាតុភូមិ	18.164 / (194)	0% / 56.61%	2561
ចាន	18.164 / (194)	0% / 56.62%	2562
ធន់	18.164 / (194)	0% / 56.62%	2563
ឆ្លាក់	18.07 / (193)	0% / 56.62%	2564
ចៀសវាង	18.07 / (193)	0% / 56.62%	2565
សូក	18.07 / (193)	0% / 56.62%	2566
និន្នាការ	18.07 / (193)	0% / 56.62%	2567
ប្រលង	18.07 / (193)	0% / 56.63%	2568
អារក្ស	18.07 / (193)	0% / 56.63%	2569
រាជវង្ស	17.976 / (192)	0% / 56.63%	2570
លឿង	17.976 / (192)	0% / 56.63%	2571
អៀន	17.976 / (192)	0% / 56.63%	2572
លើកឡើង	17.976 / (192)	0% / 56.64%	2573
កប៉ាល់	17.976 / (192)	0% / 56.64%	2574
ព្រលឹង	17.976 / (192)	0% / 56.64%	2575
ឃ្លាន	17.976 / (192)	0% / 56.64%	2576
តាង	17.883 / (191)	0% / 56.64%	2577
មុំ	17.883 / (191)	0% / 56.64%	2578
ខ្ពង់ខ្ពស់	17.883 / (191)	0% / 56.65%	2579
ធំធេង	17.883 / (191)	0% / 56.65%	2580
កម្លោះ	17.883 / (191)	0% / 56.65%	2581
អាហារូបករណ៍	17.883 / (191)	0% / 56.65%	2582
អើង	17.789 / (190)	0% / 56.65%	2583
ប្រោស	17.789 / (190)	0% / 56.65%	2584
ផលប្រយោជន៍	17.789 / (190)	0% / 56.66%	2585
សញ្ជាតិ	17.789 / (190)	0% / 56.66%	2586
ធ្វើអ្វី	17.789 / (190)	0% / 56.66%	2587
វរ្ម័ន	17.789 / (190)	0% / 56.66%	2588
អាយ	17.696 / (189)	0% / 56.66%	2589
ច្រាន	17.696 / (189)	0% / 56.67%	2590
រឿយ	17.696 / (189)	0% / 56.67%	2591
ផ្អែម	17.696 / (189)	0% / 56.67%	2592
លើកលែង	17.696 / (189)	0% / 56.67%	2593
ចរិយា	17.696 / (189)	0% / 56.67%	2594
អស់ហើយ	17.696 / (189)	0% / 56.67%	2595
វាចា	17.696 / (189)	0% / 56.68%	2596
ត្រើយ	17.696 / (189)	0% / 56.68%	2597
គណៈប្រតិភូ	17.602 / (188)	0% / 56.68%	2598
ស្ទាវ	17.602 / (188)	0% / 56.68%	2599
អ្នកនិពន្ធ	17.602 / (188)	0% / 56.68%	2600
គ្រឹះ	17.602 / (188)	0% / 56.68%	2601
ឧបនាយករដ្ឋមន្ត្រី	17.508 / (187)	0% / 56.69%	2602
ត្នោត	17.508 / (187)	0% / 56.69%	2603
តុល	17.508 / (187)	0% / 56.69%	2604
រជ្ជ	17.508 / (187)	0% / 56.69%	2605
ចំណាំ	17.508 / (187)	0% / 56.69%	2606
គន្លឹះ	17.508 / (187)	0% / 56.7%	2607
គាប់	17.508 / (187)	0% / 56.7%	2608
ឆ្គង	17.508 / (187)	0% / 56.7%	2609
អនុស្សាវរីយ៍	17.508 / (187)	0% / 56.7%	2610
មួក	17.508 / (187)	0% / 56.7%	2611
ពស់	17.415 / (186)	0% / 56.7%	2612
ស្រមៃ	17.415 / (186)	0% / 56.71%	2613
ពិព័រណ៍	17.415 / (186)	0% / 56.71%	2614
ចង់បាន	17.415 / (186)	0% / 56.71%	2615
ទេវា	17.415 / (186)	0% / 56.71%	2616
អាឡេវ	17.415 / (186)	0% / 56.71%	2617
សេដ្ឋ	17.321 / (185)	0% / 56.71%	2618
កាណាដា	17.321 / (185)	0% / 56.72%	2619
ភាក់	17.321 / (185)	0% / 56.72%	2620
សែស	17.321 / (185)	0% / 56.72%	2621
សកម្មជន	17.321 / (185)	0% / 56.72%	2622
កញ្ចប់	17.321 / (185)	0% / 56.72%	2623
រួចរាល់	17.321 / (185)	0% / 56.72%	2624
អ៊ំ	17.321 / (185)	0% / 56.73%	2625
នៅផ្ទះ	17.321 / (185)	0% / 56.73%	2626
ព្រះនាង	17.321 / (185)	0% / 56.73%	2627
តួលេខ	17.321 / (185)	0% / 56.73%	2628
គិតគូរ	17.321 / (185)	0% / 56.73%	2629
គិតថ្លៃ	17.321 / (185)	0% / 56.74%	2630
វិញ្ញាសា	17.227 / (184)	0% / 56.74%	2631
បណ្ដោះអាសន្ន	17.227 / (184)	0% / 56.74%	2632
បក្សី	17.227 / (184)	0% / 56.74%	2633
ឱសថ	17.227 / (184)	0% / 56.74%	2634
ស្ថានការណ៍	17.227 / (184)	0% / 56.74%	2635
សញ្ញាប័ត្រ	17.227 / (184)	0% / 56.75%	2636
អេង	17.227 / (184)	0% / 56.75%	2637
ផែ	17.227 / (184)	0% / 56.75%	2638
ជាយ	17.227 / (184)	0% / 56.75%	2639
វិនាស	17.227 / (184)	0% / 56.75%	2640
កន្ទុយ	17.227 / (184)	0% / 56.75%	2641
ខ្លឹម	17.227 / (184)	0% / 56.76%	2642
ប្រាស	17.227 / (184)	0% / 56.76%	2643
ហាវ	17.134 / (183)	0% / 56.76%	2644
រៀនសូត្រ	17.134 / (183)	0% / 56.76%	2645
កថា	17.134 / (183)	0% / 56.76%	2646
វិបុល	17.134 / (183)	0% / 56.76%	2647
គ្រប់គ្នា	17.134 / (183)	0% / 56.77%	2648
ឱប	17.134 / (183)	0% / 56.77%	2649
កាតព្វកិច្ច	17.134 / (183)	0% / 56.77%	2650
ញយ	17.134 / (183)	0% / 56.77%	2651
ផ្ដន្ទាទោស	17.134 / (183)	0% / 56.77%	2652
អគ្គីស	17.134 / (183)	0% / 56.77%	2653
ឆ្នេរ	17.134 / (183)	0% / 56.78%	2654
យកទៅ	17.04 / (182)	0% / 56.78%	2655
គីឡូ	17.04 / (182)	0% / 56.78%	2656
ចល័ត	17.04 / (182)	0% / 56.78%	2657
អ្នកគ្រូ	17.04 / (182)	0% / 56.78%	2658
ហែ	17.04 / (182)	0% / 56.79%	2659
ចំណុះ	17.04 / (182)	0% / 56.79%	2660
ពិសិដ្ឋ	17.04 / (182)	0% / 56.79%	2661
លាប	16.947 / (181)	0% / 56.79%	2662
ហិរញ្ញ	16.947 / (181)	0% / 56.79%	2663
មិនចេះ	16.947 / (181)	0% / 56.79%	2664
ជឿនលឿន	16.947 / (181)	0% / 56.8%	2665
ប្រទេសជាតិ	16.947 / (181)	0% / 56.8%	2666
បួស	16.947 / (181)	0% / 56.8%	2667
មឿង	16.853 / (180)	0% / 56.8%	2668
ក្បត់	16.853 / (180)	0% / 56.8%	2669
ផ្ដួចផ្ដើម	16.853 / (180)	0% / 56.8%	2670
គូលែន	16.853 / (180)	0% / 56.81%	2671
រុន	16.853 / (180)	0% / 56.81%	2672
រលូន	16.853 / (180)	0% / 56.81%	2673
មេភូមិ	16.853 / (180)	0% / 56.81%	2674
សាន	16.853 / (180)	0% / 56.81%	2675
លះ	16.853 / (180)	0% / 56.81%	2676
ប្រទាន	16.853 / (180)	0% / 56.82%	2677
រមែង	16.759 / (179)	0% / 56.82%	2678
សិក្ខាកាម	16.759 / (179)	0% / 56.82%	2679
កំសាន្ត	16.759 / (179)	0% / 56.82%	2680
អ្នកស្រុក	16.759 / (179)	0% / 56.82%	2681
បារមី	16.759 / (179)	0% / 56.82%	2682
អាពុក	16.666 / (178)	0% / 56.83%	2683
ធរមាន	16.666 / (178)	0% / 56.83%	2684
ជាមុន	16.666 / (178)	0% / 56.83%	2685
សង្គមកិច្ច	16.666 / (178)	0% / 56.83%	2686
ឆា	16.666 / (178)	0% / 56.83%	2687
ទីភ្នាក់ងារ	16.666 / (178)	0% / 56.83%	2688
អក្ខរាវិរុទ្ធ	16.666 / (178)	0% / 56.84%	2689
ប្រលោមលោក	16.666 / (178)	0% / 56.84%	2690
អភិរក្ស	16.666 / (178)	0% / 56.84%	2691
មិនបាច់	16.572 / (177)	0% / 56.84%	2692
ដូនពេញ	16.572 / (177)	0% / 56.84%	2693
អ៊ឹម	16.572 / (177)	0% / 56.84%	2694
សភាពការណ៍	16.572 / (177)	0% / 56.85%	2695
ប្រវែង	16.572 / (177)	0% / 56.85%	2696
ស្ដុក	16.572 / (177)	0% / 56.85%	2697
គ្រប់រូប	16.572 / (177)	0% / 56.85%	2698
រឿងរ៉ាវ	16.572 / (177)	0% / 56.85%	2699
យាត្រា	16.572 / (177)	0% / 56.85%	2700
អ្នកដឹកនាំ	16.572 / (177)	0% / 56.86%	2701
ច្បារ	16.572 / (177)	0% / 56.86%	2702
ខ្វាក់	16.572 / (177)	0% / 56.86%	2703
លូ	16.572 / (177)	0% / 56.86%	2704
តូប	16.572 / (177)	0% / 56.86%	2705
តម្កល់	16.478 / (176)	0% / 56.86%	2706
កន្លងទៅ	16.478 / (176)	0% / 56.87%	2707
គន	16.478 / (176)	0% / 56.87%	2708
ហត់	16.478 / (176)	0% / 56.87%	2709
បងស្រី	16.478 / (176)	0% / 56.87%	2710
បង្ហើប	16.478 / (176)	0% / 56.87%	2711
រៀងរាល់ថ្ងៃ	16.478 / (176)	0% / 56.87%	2712
មេទ័ព	16.478 / (176)	0% / 56.88%	2713
ជុតិមា	16.478 / (176)	0% / 56.88%	2714
សុខចិត្ត	16.478 / (176)	0% / 56.88%	2715
សារៈសំខាន់	16.478 / (176)	0% / 56.88%	2716
ប្រាក់ខែ	16.385 / (175)	0% / 56.88%	2717
កាច់	16.385 / (175)	0% / 56.88%	2718
បន្សល់	16.385 / (175)	0% / 56.89%	2719
ជួបប្រទះ	16.385 / (175)	0% / 56.89%	2720
ជំពាក់	16.385 / (175)	0% / 56.89%	2721
ក្រសួងមហាផ្ទៃ	16.385 / (175)	0% / 56.89%	2722
ពីមុខ	16.385 / (175)	0% / 56.89%	2723
បត់	16.385 / (175)	0% / 56.89%	2724
ឬក៏	16.385 / (175)	0% / 56.89%	2725
លទ្ធិប្រជាធិបតេយ្យ	16.385 / (175)	0% / 56.9%	2726
ស្លូត	16.385 / (175)	0% / 56.9%	2727
ជាថ្មី	16.291 / (174)	0% / 56.9%	2728
និទាន	16.291 / (174)	0% / 56.9%	2729
គាស់	16.291 / (174)	0% / 56.9%	2730
ប្រលោម	16.291 / (174)	0% / 56.9%	2731
ទទឹង	16.291 / (174)	0% / 56.91%	2732
ច្បាស់ជា	16.291 / (174)	0% / 56.91%	2733
ពេញលេញ	16.291 / (174)	0% / 56.91%	2734
អំពាវ	16.291 / (174)	0% / 56.91%	2735
ដំបូល	16.291 / (174)	0% / 56.91%	2736
សម្ងាត់	16.197 / (173)	0% / 56.91%	2737
សិល្ប៍	16.197 / (173)	0% / 56.92%	2738
អវិជ្ជមាន	16.197 / (173)	0% / 56.92%	2739
សែ	16.197 / (173)	0% / 56.92%	2740
ឯកអគ្គរដ្ឋទូត	16.104 / (172)	0% / 56.92%	2741
លេញ	16.104 / (172)	0% / 56.92%	2742
វិមជ្ឈការ	16.104 / (172)	0% / 56.92%	2743
ភ្ញាក់ផ្អើល	16.104 / (172)	0% / 56.93%	2744
ស្នើសុំ	16.01 / (171)	0% / 56.93%	2745
ព្រះករុណា	16.01 / (171)	0% / 56.93%	2746
គួរសម	16.01 / (171)	0% / 56.93%	2747
ទេពី	16.01 / (171)	0% / 56.93%	2748
ស្នួល	16.01 / (171)	0% / 56.93%	2749
មុខងារ	16.01 / (171)	0% / 56.94%	2750
កំឡុង	15.917 / (170)	0% / 56.94%	2751
ទសវត្សរ៍	15.917 / (170)	0% / 56.94%	2752
សីល	15.917 / (170)	0% / 56.94%	2753
លុក	15.917 / (170)	0% / 56.94%	2754
ត្អូញត្អែរ	15.917 / (170)	0% / 56.94%	2755
រំដោះ	15.917 / (170)	0% / 56.94%	2756
ធីតា	15.917 / (170)	0% / 56.95%	2757
ជ្រោយ	15.917 / (170)	0% / 56.95%	2758
ក្លិន	15.917 / (170)	0% / 56.95%	2759
មានឈ្មោះ	15.917 / (170)	0% / 56.95%	2760
វេច	15.917 / (170)	0% / 56.95%	2761
ប្រពៃ	15.917 / (170)	0% / 56.95%	2762
ស្ម័គ្រចិត្ត	15.823 / (169)	0% / 56.96%	2763
បូព៌ា	15.823 / (169)	0% / 56.96%	2764
តេជ	15.823 / (169)	0% / 56.96%	2765
ហាយ	15.823 / (169)	0% / 56.96%	2766
ពង្ស	15.823 / (169)	0% / 56.96%	2767
សារី	15.823 / (169)	0% / 56.96%	2768
ស្លែង	15.823 / (169)	0% / 56.97%	2769
សតិ	15.823 / (169)	0% / 56.97%	2770
រូបរាង	15.823 / (169)	0% / 56.97%	2771
សូម្បីតែ	15.823 / (169)	0% / 56.97%	2772
ពុម្ពអក្សរ	15.823 / (169)	0% / 56.97%	2773
បរមនាថ	15.823 / (169)	0% / 56.97%	2774
ទះ	15.729 / (168)	0% / 56.98%	2775
បញ្ជ្រាប	15.729 / (168)	0% / 56.98%	2776
សុរិន្ទ	15.729 / (168)	0% / 56.98%	2777
វាយប្រហារ	15.729 / (168)	0% / 56.98%	2778
នភា	15.729 / (168)	0% / 56.98%	2779
តារាង	15.636 / (167)	0% / 56.98%	2780
សៀង	15.636 / (167)	0% / 56.98%	2781
បំពង់	15.636 / (167)	0% / 56.99%	2782
ការបាន	15.636 / (167)	0% / 56.99%	2783
ជម្រៅ	15.636 / (167)	0% / 56.99%	2784
ច្រាំង	15.636 / (167)	0% / 56.99%	2785
ទីណា	15.636 / (167)	0% / 56.99%	2786
មើលឃើញ	15.636 / (167)	0% / 56.99%	2787
ជុច	15.636 / (167)	0% / 57%	2788
ទទូច	15.636 / (167)	0% / 57%	2789
ពន្យារ	15.542 / (166)	0% / 57%	2790
និច្ច	15.542 / (166)	0% / 57%	2791
រមណីយដ្ឋាន	15.542 / (166)	0% / 57%	2792
ប្លុក	15.542 / (166)	0% / 57%	2793
យមរាជ	15.542 / (166)	0% / 57%	2794
លប់	15.542 / (166)	0% / 57.01%	2795
ប្រមាញ់	15.542 / (166)	0% / 57.01%	2796
ពាសពេញ	15.542 / (166)	0% / 57.01%	2797
ពុល	15.542 / (166)	0% / 57.01%	2798
គ្រូបង្រៀន	15.542 / (166)	0% / 57.01%	2799
គាប	15.542 / (166)	0% / 57.01%	2800
ត្រង់នេះ	15.448 / (165)	0% / 57.02%	2801
ហ្មង	15.448 / (165)	0% / 57.02%	2802
បំណែក	15.448 / (165)	0% / 57.02%	2803
សាលក្រម	15.448 / (165)	0% / 57.02%	2804
ឯទៀត	15.448 / (165)	0% / 57.02%	2805
ពានរង្វាន់	15.448 / (165)	0% / 57.02%	2806
ដំណាក់កាល	15.448 / (165)	0% / 57.02%	2807
នរក	15.448 / (165)	0% / 57.03%	2808
ចរន្ត	15.448 / (165)	0% / 57.03%	2809
ផ្សេងទៀត	15.448 / (165)	0% / 57.03%	2810
រូបតំណាង	15.355 / (164)	0% / 57.03%	2811
លេប	15.355 / (164)	0% / 57.03%	2812
រួប	15.355 / (164)	0% / 57.03%	2813
និមិត្ត	15.355 / (164)	0% / 57.04%	2814
សាខា	15.355 / (164)	0% / 57.04%	2815
ស្អាង	15.355 / (164)	0% / 57.04%	2816
សម្ភាស	15.355 / (164)	0% / 57.04%	2817
របើក	15.355 / (164)	0% / 57.04%	2818
ព្រះនាម	15.355 / (164)	0% / 57.04%	2819
រលាក	15.261 / (163)	0% / 57.04%	2820
តាមពិត	15.261 / (163)	0% / 57.05%	2821
កំពង់ឆ្នាំង	15.261 / (163)	0% / 57.05%	2822
ជម្រើស	15.261 / (163)	0% / 57.05%	2823
សុធា	15.261 / (163)	0% / 57.05%	2824
តាខ្មៅ	15.261 / (163)	0% / 57.05%	2825
មេម៉ាយ	15.261 / (163)	0% / 57.05%	2826
យុវវ័យ	15.261 / (163)	0% / 57.06%	2827
សំស្ក្រឹត	15.168 / (162)	0% / 57.06%	2828
ហែល	15.168 / (162)	0% / 57.06%	2829
ជួបជុំ	15.168 / (162)	0% / 57.06%	2830
ធ្យូង	15.168 / (162)	0% / 57.06%	2831
ជួស	15.168 / (162)	0% / 57.06%	2832
ប៉ាវ	15.168 / (162)	0% / 57.06%	2833
បាយ័ន	15.168 / (162)	0% / 57.07%	2834
ហឫទ័យ	15.074 / (161)	0% / 57.07%	2835
ផែនដី	15.074 / (161)	0% / 57.07%	2836
ស្ថិតនៅ	15.074 / (161)	0% / 57.07%	2837
វិសោធនកម្ម	15.074 / (161)	0% / 57.07%	2838
កូនចៅ	15.074 / (161)	0% / 57.07%	2839
ហ៊ី	15.074 / (161)	0% / 57.08%	2840
ជាទូទៅ	15.074 / (161)	0% / 57.08%	2841
រតនា	15.074 / (161)	0% / 57.08%	2842
មោ	15.074 / (161)	0% / 57.08%	2843
អាំង	14.98 / (160)	0% / 57.08%	2844
មុននឹង	14.98 / (160)	0% / 57.08%	2845
បឺត	14.98 / (160)	0% / 57.08%	2846
កម្មការិនី	14.98 / (160)	0% / 57.09%	2847
ថ្កោល	14.98 / (160)	0% / 57.09%	2848
អប្សរា	14.98 / (160)	0% / 57.09%	2849
អំបាញ់មិញ	14.98 / (160)	0% / 57.09%	2850
សាវយុត	14.98 / (160)	0% / 57.09%	2851
ទុកជាមុន	14.98 / (160)	0% / 57.09%	2852
ថ្លៃថ្នូរ	14.98 / (160)	0% / 57.09%	2853
ធ្វើឡើង	14.887 / (159)	0% / 57.1%	2854
ពីសំណាក់	14.887 / (159)	0% / 57.1%	2855
សុភមង្គល	14.887 / (159)	0% / 57.1%	2856
ល្អិត	14.887 / (159)	0% / 57.1%	2857
ពួន	14.887 / (159)	0% / 57.1%	2858
សង្កេតឃើញ	14.887 / (159)	0% / 57.1%	2859
ញាក់	14.887 / (159)	0% / 57.11%	2860
តឹងតែង	14.887 / (159)	0% / 57.11%	2861
ក្រៀម	14.887 / (159)	0% / 57.11%	2862
រួមចំណែក	14.793 / (158)	0% / 57.11%	2863
លួង	14.793 / (158)	0% / 57.11%	2864
ស្មោះត្រង់	14.793 / (158)	0% / 57.11%	2865
ជាខ្មែរ	14.793 / (158)	0% / 57.11%	2866
សន្ទនា	14.793 / (158)	0% / 57.12%	2867
ហ្ន៎	14.793 / (158)	0% / 57.12%	2868
ប្រកួតប្រជែង	14.793 / (158)	0% / 57.12%	2869
ឱវាទ	14.699 / (157)	0% / 57.12%	2870
ហើរ	14.699 / (157)	0% / 57.12%	2871
ខុសគ្នា	14.699 / (157)	0% / 57.12%	2872
ចង្អុល	14.699 / (157)	0% / 57.12%	2873
សុង	14.699 / (157)	0% / 57.13%	2874
រុញ	14.606 / (156)	0% / 57.13%	2875
ចាត់ចែង	14.606 / (156)	0% / 57.13%	2876
រជ្ជកាល	14.606 / (156)	0% / 57.13%	2877
កាស	14.606 / (156)	0% / 57.13%	2878
ឥរិយាបថ	14.606 / (156)	0% / 57.13%	2879
អំណរគុណ	14.606 / (156)	0% / 57.13%	2880
រតន	14.606 / (156)	0% / 57.14%	2881
ជំនួញ	14.606 / (156)	0% / 57.14%	2882
បង្អស់	14.606 / (156)	0% / 57.14%	2883
ក្រាល	14.606 / (156)	0% / 57.14%	2884
ឲ្យដឹង	14.606 / (156)	0% / 57.14%	2885
ស្នៀត	14.606 / (156)	0% / 57.14%	2886
ធុញ	14.512 / (155)	0% / 57.14%	2887
ច្រណែន	14.512 / (155)	0% / 57.15%	2888
សិង្ហបុរី	14.512 / (155)	0% / 57.15%	2889
បន់	14.512 / (155)	0% / 57.15%	2890
អិន	14.512 / (155)	0% / 57.15%	2891
ចា	14.512 / (155)	0% / 57.15%	2892
សកលវិទ្យាល័យ	14.512 / (155)	0% / 57.15%	2893
បំផុស	14.512 / (155)	0% / 57.15%	2894
ឋិតនៅ	14.512 / (155)	0% / 57.16%	2895
ពូថៅ	14.512 / (155)	0% / 57.16%	2896
និមន្ត	14.512 / (155)	0% / 57.16%	2897
លាភ	14.512 / (155)	0% / 57.16%	2898
រអា	14.512 / (155)	0% / 57.16%	2899
កោសល្យ	14.512 / (155)	0% / 57.16%	2900
ហិន	14.512 / (155)	0% / 57.17%	2901
កេងប្រវ័ញ្ច	14.512 / (155)	0% / 57.17%	2902
វិថី	14.419 / (154)	0% / 57.17%	2903
មានន័យថា	14.419 / (154)	0% / 57.17%	2904
ពុំទាន់	14.419 / (154)	0% / 57.17%	2905
បង្ហាត់	14.419 / (154)	0% / 57.17%	2906
ពួង	14.419 / (154)	0% / 57.17%	2907
ជ្រះ	14.419 / (154)	0% / 57.18%	2908
អាគ្នេយ៍	14.419 / (154)	0% / 57.18%	2909
នាវ	14.419 / (154)	0% / 57.18%	2910
អន្តោប្រវេសន៍	14.419 / (154)	0% / 57.18%	2911
អម្ចាស់	14.325 / (153)	0% / 57.18%	2912
ហ្វូង	14.325 / (153)	0% / 57.18%	2913
ព្យាករណ៍	14.325 / (153)	0% / 57.18%	2914
ទៀន	14.325 / (153)	0% / 57.19%	2915
ហោប៉ៅ	14.325 / (153)	0% / 57.19%	2916
យកមក	14.325 / (153)	0% / 57.19%	2917
ផ្ដាំ	14.325 / (153)	0% / 57.19%	2918
ស្ទង់	14.325 / (153)	0% / 57.19%	2919
អនុក្រឹត្យ	14.325 / (153)	0% / 57.19%	2920
បូរណភាព	14.231 / (152)	0% / 57.19%	2921
សម្លាញ់	14.231 / (152)	0% / 57.2%	2922
អាជីព	14.231 / (152)	0% / 57.2%	2923
មិនថា	14.231 / (152)	0% / 57.2%	2924
យកឈ្នះ	14.231 / (152)	0% / 57.2%	2925
ប៊ី	14.231 / (152)	0% / 57.2%	2926
ត្រួតត្រា	14.138 / (151)	0% / 57.2%	2927
ដោយឡែក	14.138 / (151)	0% / 57.2%	2928
ក្មេក	14.138 / (151)	0% / 57.21%	2929
ប៉ង	14.138 / (151)	0% / 57.21%	2930
ឃុំឃាំង	14.138 / (151)	0% / 57.21%	2931
កំលោះ	14.138 / (151)	0% / 57.21%	2932
សំពះ	14.138 / (151)	0% / 57.21%	2933
បង្រួម	14.138 / (151)	0% / 57.21%	2934
ស្មុគស្មាញ	14.044 / (150)	0% / 57.21%	2935
ស៊ុន	14.044 / (150)	0% / 57.22%	2936
ចំងាយ	14.044 / (150)	0% / 57.22%	2937
ម៉្យាង	14.044 / (150)	0% / 57.22%	2938
លះបង់	14.044 / (150)	0% / 57.22%	2939
ពិសោធ	14.044 / (150)	0% / 57.22%	2940
គូប	14.044 / (150)	0% / 57.22%	2941
សាក់	14.044 / (150)	0% / 57.22%	2942
វ៉ែត	13.95 / (149)	0% / 57.22%	2943
ឈ្មោះថា	13.95 / (149)	0% / 57.23%	2944
ចែកចាយ	13.95 / (149)	0% / 57.23%	2945
ក្រសាំង	13.95 / (149)	0% / 57.23%	2946
ថើប	13.95 / (149)	0% / 57.23%	2947
សំលៀកបំពាក់	13.95 / (149)	0% / 57.23%	2948
នឿយ	13.95 / (149)	0% / 57.23%	2949
រួមគ្នា	13.95 / (149)	0% / 57.23%	2950
ឃ្លាំមើល	13.95 / (149)	0% / 57.24%	2951
ចាត់ការ	13.95 / (149)	0% / 57.24%	2952
លង់	13.857 / (148)	0% / 57.24%	2953
សំណូក	13.857 / (148)	0% / 57.24%	2954
រាងកាយ	13.857 / (148)	0% / 57.24%	2955
ពង្រាយ	13.857 / (148)	0% / 57.24%	2956
ឧក្រឹដ្ឋ	13.857 / (148)	0% / 57.24%	2957
និយមន័យ	13.857 / (148)	0% / 57.25%	2958
សាធារណការ	13.857 / (148)	0% / 57.25%	2959
ឡប់	13.857 / (148)	0% / 57.25%	2960
ពោធិ	13.857 / (148)	0% / 57.25%	2961
នទី	13.857 / (148)	0% / 57.25%	2962
សន្ធិ	13.857 / (148)	0% / 57.25%	2963
សករាជ	13.857 / (148)	0% / 57.25%	2964
អ្នកតា	13.857 / (148)	0% / 57.26%	2965
សិប្ប	13.857 / (148)	0% / 57.26%	2966
ព្រាហ្មណ៍	13.857 / (148)	0% / 57.26%	2967
អ្វីមួយ	13.857 / (148)	0% / 57.26%	2968
រឹតតែ	13.857 / (148)	0% / 57.26%	2969
ផ្សែង	13.763 / (147)	0% / 57.26%	2970
ទំរង់	13.763 / (147)	0% / 57.26%	2971
បាតុករ	13.763 / (147)	0% / 57.27%	2972
ឲ្យតែ	13.763 / (147)	0% / 57.27%	2973
រថភ្លើង	13.763 / (147)	0% / 57.27%	2974
បើមិន	13.763 / (147)	0% / 57.27%	2975
រាម	13.763 / (147)	0% / 57.27%	2976
តៈ	13.763 / (147)	0% / 57.27%	2977
និព្វាន	13.763 / (147)	0% / 57.27%	2978
ប្រាង្គ	13.763 / (147)	0% / 57.27%	2979
ភ្នាក់	13.763 / (147)	0% / 57.28%	2980
ផ្ដិត	13.763 / (147)	0% / 57.28%	2981
ឃុបឃិត	13.763 / (147)	0% / 57.28%	2982
ហេតុនេះ	13.669 / (146)	0% / 57.28%	2983
ណាត់	13.669 / (146)	0% / 57.28%	2984
ក្រា	13.669 / (146)	0% / 57.28%	2985
ផ្លែឈើ	13.669 / (146)	0% / 57.28%	2986
បានឲ្យ	13.669 / (146)	0% / 57.29%	2987
ចំការមន	13.669 / (146)	0% / 57.29%	2988
ខុន	13.669 / (146)	0% / 57.29%	2989
ថែមទាំង	13.669 / (146)	0% / 57.29%	2990
មានន័យ	13.669 / (146)	0% / 57.29%	2991
កែង	13.669 / (146)	0% / 57.29%	2992
ជរា	13.669 / (146)	0% / 57.29%	2993
ផ្លាក	13.669 / (146)	0% / 57.3%	2994
ផ្តោត	13.576 / (145)	0% / 57.3%	2995
វៃ	13.576 / (145)	0% / 57.3%	2996
កុំឲ្យ	13.576 / (145)	0% / 57.3%	2997
ចលាចល	13.576 / (145)	0% / 57.3%	2998
ដែនសមុទ្រ	13.576 / (145)	0% / 57.3%	2999
ទុច្ចរិត	13.482 / (144)	0% / 57.3%	3000
ទ្រង់ទ្រាយ	13.482 / (144)	0% / 57.3%	3001
ប៉េកាំង	13.482 / (144)	0% / 57.31%	3002
វិន័យ	13.482 / (144)	0% / 57.31%	3003
និច	13.482 / (144)	0% / 57.31%	3004
ជង្គង់	13.482 / (144)	0% / 57.31%	3005
កូដកម្ម	13.482 / (144)	0% / 57.31%	3006
បដិមា	13.482 / (144)	0% / 57.31%	3007
ផ្ទៃក្នុង	13.482 / (144)	0% / 57.31%	3008
ធើ	13.482 / (144)	0% / 57.32%	3009
ទំ	13.482 / (144)	0% / 57.32%	3010
ពាស	13.482 / (144)	0% / 57.32%	3011
បិណ្ឌ	13.482 / (144)	0% / 57.32%	3012
គុយ	13.482 / (144)	0% / 57.32%	3013
យមក	13.389 / (143)	0% / 57.32%	3014
បញ្ញត្តិ	13.389 / (143)	0% / 57.32%	3015
សែល	13.389 / (143)	0% / 57.33%	3016
សោម	13.389 / (143)	0% / 57.33%	3017
ខ្ទេច	13.389 / (143)	0% / 57.33%	3018
យា	13.389 / (143)	0% / 57.33%	3019
បច្ច័យ	13.389 / (143)	0% / 57.33%	3020
អស់លោកអ្នក	13.389 / (143)	0% / 57.33%	3021
និយោជក	13.389 / (143)	0% / 57.33%	3022
ណេះ	13.295 / (142)	0% / 57.33%	3023
ស្លាប	13.295 / (142)	0% / 57.34%	3024
ដូនតា	13.295 / (142)	0% / 57.34%	3025
ដោត	13.295 / (142)	0% / 57.34%	3026
ឯករាជ	13.295 / (142)	0% / 57.34%	3027
សំអាត	13.295 / (142)	0% / 57.34%	3028
វាស់	13.295 / (142)	0% / 57.34%	3029
ភាសាបារាំង	13.295 / (142)	0% / 57.34%	3030
ដំឡូង	13.295 / (142)	0% / 57.35%	3031
ឱន	13.295 / (142)	0% / 57.35%	3032
ព្យុះ	13.295 / (142)	0% / 57.35%	3033
ចំបង	13.295 / (142)	0% / 57.35%	3034
មិច	13.295 / (142)	0% / 57.35%	3035
ភក់	13.295 / (142)	0% / 57.35%	3036
អាមេរិកាំង	13.295 / (142)	0% / 57.35%	3037
ក្រាស់	13.295 / (142)	0% / 57.35%	3038
ចិញ្ចើម	13.295 / (142)	0% / 57.36%	3039
អាណិកជន	13.295 / (142)	0% / 57.36%	3040
ឫទ្ធិ	13.201 / (141)	0% / 57.36%	3041
ពាល	13.201 / (141)	0% / 57.36%	3042
ជូនដំណឹង	13.201 / (141)	0% / 57.36%	3043
សងខាង	13.201 / (141)	0% / 57.36%	3044
ប្រហុក	13.201 / (141)	0% / 57.36%	3045
សែង	13.201 / (141)	0% / 57.36%	3046
គគ្រេង	13.201 / (141)	0% / 57.37%	3047
គគុក	13.201 / (141)	0% / 57.37%	3048
នាវា	13.201 / (141)	0% / 57.37%	3049
គគ្រឹក	13.201 / (141)	0% / 57.37%	3050
ដូចតទៅ	13.201 / (141)	0% / 57.37%	3051
វត្ស	13.201 / (141)	0% / 57.37%	3052
ប្រល័យ	13.201 / (141)	0% / 57.37%	3053
ស្រុត	13.201 / (141)	0% / 57.38%	3054
មហាយាន	13.108 / (140)	0% / 57.38%	3055
ឃ្មុំ	13.108 / (140)	0% / 57.38%	3056
ហួរ	13.108 / (140)	0% / 57.38%	3057
ល្វែង	13.108 / (140)	0% / 57.38%	3058
ឡូ	13.108 / (140)	0% / 57.38%	3059
សារមន្ទីរ	13.108 / (140)	0% / 57.38%	3060
ពុះ	13.108 / (140)	0% / 57.38%	3061
បញ្ឆោត	13.108 / (140)	0% / 57.39%	3062
ខេ	13.108 / (140)	0% / 57.39%	3063
សំរួល	13.108 / (140)	0% / 57.39%	3064
តម្រង់	13.108 / (140)	0% / 57.39%	3065
ដើម្បីឲ្យ	13.014 / (139)	0% / 57.39%	3066
វ៉ាត់	13.014 / (139)	0% / 57.39%	3067
កងកម្លាំង	13.014 / (139)	0% / 57.39%	3068
ឥណទាន	13.014 / (139)	0% / 57.4%	3069
ប៉ុនប៉ង	13.014 / (139)	0% / 57.4%	3070
ទំងន់	13.014 / (139)	0% / 57.4%	3071
រំភើប	13.014 / (139)	0% / 57.4%	3072
ក្របខ័ណ្ឌ	13.014 / (139)	0% / 57.4%	3073
សមាន	13.014 / (139)	0% / 57.4%	3074
ការទូត	13.014 / (139)	0% / 57.4%	3075
បង្អែក	13.014 / (139)	0% / 57.4%	3076
ទីក្រុងភ្នំពេញ	13.014 / (139)	0% / 57.41%	3077
ញ័រ	13.014 / (139)	0% / 57.41%	3078
គំរាមកំហែង	13.014 / (139)	0% / 57.41%	3079
យីហោ	12.92 / (138)	0% / 57.41%	3080
ទៅទៀត	12.92 / (138)	0% / 57.41%	3081
អចិន្ត្រៃយ៍	12.92 / (138)	0% / 57.41%	3082
ផ្ដាសាយ	12.92 / (138)	0% / 57.41%	3083
សន្និបាត	12.92 / (138)	0% / 57.41%	3084
យានយន្ត	12.92 / (138)	0% / 57.42%	3085
អស់នេះ	12.92 / (138)	0% / 57.42%	3086
បុប្ផា	12.92 / (138)	0% / 57.42%	3087
ខ្ចប់	12.92 / (138)	0% / 57.42%	3088
ញាប់	12.92 / (138)	0% / 57.42%	3089
លូក	12.92 / (138)	0% / 57.42%	3090
សិល្បករ	12.92 / (138)	0% / 57.42%	3091
ម្នា	12.92 / (138)	0% / 57.42%	3092
វិវត្តន៍	12.92 / (138)	0% / 57.43%	3093
ចំណាក	12.827 / (137)	0% / 57.43%	3094
អធ្យាស្រ័យ	12.827 / (137)	0% / 57.43%	3095
ចង្កេះ	12.827 / (137)	0% / 57.43%	3096
សិស្សានុសិស្ស	12.827 / (137)	0% / 57.43%	3097
ចំហៀង	12.827 / (137)	0% / 57.43%	3098
ខាងឆ្វេង	12.827 / (137)	0% / 57.43%	3099
ខ្លាញ់	12.827 / (137)	0% / 57.44%	3100
កេរ	12.827 / (137)	0% / 57.44%	3101
រុងរឿង	12.827 / (137)	0% / 57.44%	3102
សណ្ដាប់ធ្នាប់	12.827 / (137)	0% / 57.44%	3103
ស័ក	12.827 / (137)	0% / 57.44%	3104
ទីស្នាក់ការ	12.827 / (137)	0% / 57.44%	3105
បទបញ្ជា	12.827 / (137)	0% / 57.44%	3106
ម្ដងទៀត	12.827 / (137)	0% / 57.44%	3107
ចង្ហាន់	12.733 / (136)	0% / 57.45%	3108
ទំលាប់	12.733 / (136)	0% / 57.45%	3109
ប៉ាន់ស្មាន	12.733 / (136)	0% / 57.45%	3110
អំណរ	12.733 / (136)	0% / 57.45%	3111
សំណ	12.733 / (136)	0% / 57.45%	3112
នឹងបាន	12.733 / (136)	0% / 57.45%	3113
អីវ៉ាន់	12.733 / (136)	0% / 57.45%	3114
ស្ថិរភាព	12.733 / (136)	0% / 57.45%	3115
ស្រូប	12.733 / (136)	0% / 57.46%	3116
សង្ក្រាន្ត	12.733 / (136)	0% / 57.46%	3117
របា	12.733 / (136)	0% / 57.46%	3118
ម្រាម	12.733 / (136)	0% / 57.46%	3119
អនីតិជន	12.64 / (135)	0% / 57.46%	3120
តម្រួត	12.64 / (135)	0% / 57.46%	3121
ពុទ្ធោ	12.64 / (135)	0% / 57.46%	3122
អាហ្វ្រិក	12.64 / (135)	0% / 57.46%	3123
ថាត្រូវ	12.64 / (135)	0% / 57.47%	3124
តុល្យភាព	12.64 / (135)	0% / 57.47%	3125
ឱម	12.64 / (135)	0% / 57.47%	3126
ក្លាយទៅជា	12.64 / (135)	0% / 57.47%	3127
ព្រះរាម	12.64 / (135)	0% / 57.47%	3128
ប្រាំង	12.64 / (135)	0% / 57.47%	3129
ឧស្សាហ៍	12.64 / (135)	0% / 57.47%	3130
បន្លឺ	12.64 / (135)	0% / 57.47%	3131
ទ្រី	12.64 / (135)	0% / 57.48%	3132
មកនេះ	12.64 / (135)	0% / 57.48%	3133
ប្លង់	12.64 / (135)	0% / 57.48%	3134
ច្រមុះ	12.546 / (134)	0% / 57.48%	3135
ជម្នះ	12.546 / (134)	0% / 57.48%	3136
ឯកអគ្គរាជទូត	12.546 / (134)	0% / 57.48%	3137
បៃតង	12.546 / (134)	0% / 57.48%	3138
ក្រោល	12.546 / (134)	0% / 57.48%	3139
ផ្សា	12.546 / (134)	0% / 57.49%	3140
ភ្នាល់	12.546 / (134)	0% / 57.49%	3141
ភិន	12.546 / (134)	0% / 57.49%	3142
បន្តិចបន្តួច	12.546 / (134)	0% / 57.49%	3143
ក្រាម	12.452 / (133)	0% / 57.49%	3144
នៅសល់	12.452 / (133)	0% / 57.49%	3145
ដោះស្រាយបញ្ហា	12.452 / (133)	0% / 57.49%	3146
រម្យ	12.452 / (133)	0% / 57.49%	3147
កវី	12.452 / (133)	0% / 57.5%	3148
គ្រុន	12.452 / (133)	0% / 57.5%	3149
លាត	12.359 / (132)	0% / 57.5%	3150
ត្រូវធ្វើ	12.359 / (132)	0% / 57.5%	3151
ព្រងើយ	12.359 / (132)	0% / 57.5%	3152
ធាក់	12.359 / (132)	0% / 57.5%	3153
ផុស	12.359 / (132)	0% / 57.5%	3154
ទទួលការ	12.359 / (132)	0% / 57.5%	3155
ស្ដារ	12.359 / (132)	0% / 57.51%	3156
បំរុង	12.359 / (132)	0% / 57.51%	3157
វិសេស	12.359 / (132)	0% / 57.51%	3158
ទៅវិញទៅមក	12.265 / (131)	0% / 57.51%	3159
បបរ	12.265 / (131)	0% / 57.51%	3160
កំបាំង	12.265 / (131)	0% / 57.51%	3161
បៀវត្សរ៍	12.265 / (131)	0% / 57.51%	3162
ក្បៀស	12.265 / (131)	0% / 57.51%	3163
សិលា	12.265 / (131)	0% / 57.52%	3164
សំបុក	12.265 / (131)	0% / 57.52%	3165
បដិវត្ត	12.265 / (131)	0% / 57.52%	3166
ស្រមោល	12.265 / (131)	0% / 57.52%	3167
រលក	12.265 / (131)	0% / 57.52%	3168
សេស	12.265 / (131)	0% / 57.52%	3169
ក្នុងស្រុក	12.265 / (131)	0% / 57.52%	3170
ទីបំផុត	12.265 / (131)	0% / 57.52%	3171
សមិទ្ធផល	12.265 / (131)	0% / 57.53%	3172
អាសយដ្ឋាន	12.265 / (131)	0% / 57.53%	3173
និមល	12.265 / (131)	0% / 57.53%	3174
សហគ្រាស	12.265 / (131)	0% / 57.53%	3175
សោភ័ណ	12.265 / (131)	0% / 57.53%	3176
ចាងហ្វាង	12.265 / (131)	0% / 57.53%	3177
បក្ខ	12.265 / (131)	0% / 57.53%	3178
ល្បុក្កតោ	12.265 / (131)	0% / 57.53%	3179
ណី	12.265 / (131)	0% / 57.54%	3180
ជាក់លាក់	12.171 / (130)	0% / 57.54%	3181
កុក	12.171 / (130)	0% / 57.54%	3182
ធ្វើដំណើរ	12.171 / (130)	0% / 57.54%	3183
ទង់	12.171 / (130)	0% / 57.54%	3184
មេត្រី	12.171 / (130)	0% / 57.54%	3185
ទណ្ឌ	12.171 / (130)	0% / 57.54%	3186
ដាវ	12.171 / (130)	0% / 57.54%	3187
ភណ្ឌ	12.171 / (130)	0% / 57.55%	3188
រីកចំរើន	12.171 / (130)	0% / 57.55%	3189
ឆ្ងាញ់	12.171 / (130)	0% / 57.55%	3190
ប្រណាំង	12.171 / (130)	0% / 57.55%	3191
វិសាមញ្ញ	12.171 / (130)	0% / 57.55%	3192
ពាណិជ	12.171 / (130)	0% / 57.55%	3193
រក្សាទុក	12.171 / (130)	0% / 57.55%	3194
ហ្វឹកហ្វឺន	12.171 / (130)	0% / 57.55%	3195
នីតិកាល	12.171 / (130)	0% / 57.55%	3196
តណ្ហា	12.171 / (130)	0% / 57.56%	3197
ស្រ	12.078 / (129)	0% / 57.56%	3198
ស្ដើង	12.078 / (129)	0% / 57.56%	3199
ឆ្មប	12.078 / (129)	0% / 57.56%	3200
អ្នកក្រ	12.078 / (129)	0% / 57.56%	3201
ដង្កោ	12.078 / (129)	0% / 57.56%	3202
អារាម	12.078 / (129)	0% / 57.56%	3203
ហុច	12.078 / (129)	0% / 57.56%	3204
ស័ក្តិ	12.078 / (129)	0% / 57.57%	3205
ទូរ	11.984 / (128)	0% / 57.57%	3206
ដាល	11.984 / (128)	0% / 57.57%	3207
ធ្លាក់ចុះ	11.984 / (128)	0% / 57.57%	3208
ភក្តិ	11.984 / (128)	0% / 57.57%	3209
ប្រួល	11.984 / (128)	0% / 57.57%	3210
កាក	11.984 / (128)	0% / 57.57%	3211
បំណុល	11.984 / (128)	0% / 57.57%	3212
រឹម	11.984 / (128)	0% / 57.58%	3213
កូនប្រុស	11.984 / (128)	0% / 57.58%	3214
ខាន់	11.984 / (128)	0% / 57.58%	3215
ពេញចិត្ត	11.89 / (127)	0% / 57.58%	3216
អនុរដ្ឋលេខាធិការ	11.89 / (127)	0% / 57.58%	3217
វន	11.89 / (127)	0% / 57.58%	3218
ថែមទៀត	11.89 / (127)	0% / 57.58%	3219
ថេរ	11.89 / (127)	0% / 57.58%	3220
ស្ពាន់	11.89 / (127)	0% / 57.58%	3221
ជ្រក	11.89 / (127)	0% / 57.59%	3222
ត្របែក	11.89 / (127)	0% / 57.59%	3223
ទេសនា	11.89 / (127)	0% / 57.59%	3224
តន្ត្រី	11.89 / (127)	0% / 57.59%	3225
ប្រព្រឹត្តិ	11.797 / (126)	0% / 57.59%	3226
ចម្បាំង	11.797 / (126)	0% / 57.59%	3227
ប្រសាទ	11.797 / (126)	0% / 57.59%	3228
ស័ព្ទ	11.797 / (126)	0% / 57.59%	3229
សិប្បកម្ម	11.797 / (126)	0% / 57.6%	3230
ព្រះអង្គម្ចាស់	11.797 / (126)	0% / 57.6%	3231
ហេតុអី	11.797 / (126)	0% / 57.6%	3232
លោម	11.797 / (126)	0% / 57.6%	3233
ពួកយើង	11.797 / (126)	0% / 57.6%	3234
ទុកចិត្ត	11.797 / (126)	0% / 57.6%	3235
មែក	11.797 / (126)	0% / 57.6%	3236
ពពក	11.797 / (126)	0% / 57.6%	3237
ឧក្រិដ្ឋកម្ម	11.797 / (126)	0% / 57.6%	3238
ភិត	11.703 / (125)	0% / 57.61%	3239
ខាត់	11.703 / (125)	0% / 57.61%	3240
មន្ត	11.703 / (125)	0% / 57.61%	3241
ចង្កូត	11.703 / (125)	0% / 57.61%	3242
ស្មៀន	11.703 / (125)	0% / 57.61%	3243
បង្ហោះ	11.703 / (125)	0% / 57.61%	3244
ស្បថ	11.703 / (125)	0% / 57.61%	3245
នាហ្មឺន	11.703 / (125)	0% / 57.61%	3246
ការសាកល្បង	11.703 / (125)	0% / 57.62%	3247
ចង្រៃ	11.703 / (125)	0% / 57.62%	3248
អ្នកប្រើប្រាស់	11.703 / (125)	0% / 57.62%	3249
ជីតា	11.703 / (125)	0% / 57.62%	3250
អាណាចក្រ	11.61 / (124)	0% / 57.62%	3251
មែនហើយ	11.61 / (124)	0% / 57.62%	3252
វារី	11.61 / (124)	0% / 57.62%	3253
រុង	11.61 / (124)	0% / 57.62%	3254
អត់មាន	11.61 / (124)	0% / 57.62%	3255
លុះដល់	11.61 / (124)	0% / 57.63%	3256
ពិសា	11.61 / (124)	0% / 57.63%	3257
ខ្សឹប	11.61 / (124)	0% / 57.63%	3258
រុះរើ	11.61 / (124)	0% / 57.63%	3259
ទិវង្គត	11.61 / (124)	0% / 57.63%	3260
ច្បង	11.61 / (124)	0% / 57.63%	3261
ដំណាល	11.61 / (124)	0% / 57.63%	3262
កែលំអ	11.61 / (124)	0% / 57.63%	3263
នោម	11.61 / (124)	0% / 57.64%	3264
ភិរម្យ	11.61 / (124)	0% / 57.64%	3265
ខាងមុខនេះ	11.61 / (124)	0% / 57.64%	3266
និរន្តរភាព	11.61 / (124)	0% / 57.64%	3267
ខ្ទឹម	11.61 / (124)	0% / 57.64%	3268
គ្រឹះស្ថាន	11.61 / (124)	0% / 57.64%	3269
កត់សំគាល់	11.516 / (123)	0% / 57.64%	3270
ឆាន់	11.516 / (123)	0% / 57.64%	3271
គីមី	11.516 / (123)	0% / 57.64%	3272
ម្លូ	11.516 / (123)	0% / 57.65%	3273
ទេសរដ្ឋមន្ត្រី	11.516 / (123)	0% / 57.65%	3274
សព្ទ	11.516 / (123)	0% / 57.65%	3275
ពាណិជ្ជករ	11.516 / (123)	0% / 57.65%	3276
កុះករ	11.516 / (123)	0% / 57.65%	3277
ម៉ាន	11.516 / (123)	0% / 57.65%	3278
បំភ្លេច	11.516 / (123)	0% / 57.65%	3279
គេហដ្ឋាន	11.516 / (123)	0% / 57.65%	3280
ឡូយ	11.516 / (123)	0% / 57.65%	3281
អហិង្សា	11.516 / (123)	0% / 57.66%	3282
ជិតខាង	11.516 / (123)	0% / 57.66%	3283
ទាន់បាន	11.516 / (123)	0% / 57.66%	3284
តួអង្គ	11.422 / (122)	0% / 57.66%	3285
កុដិ	11.422 / (122)	0% / 57.66%	3286
សក្ការៈ	11.422 / (122)	0% / 57.66%	3287
រែក	11.422 / (122)	0% / 57.66%	3288
ភ័យខ្លាច	11.422 / (122)	0% / 57.66%	3289
ការចូលរួម	11.422 / (122)	0% / 57.67%	3290
ច្រូត	11.422 / (122)	0% / 57.67%	3291
សង្វៀន	11.422 / (122)	0% / 57.67%	3292
បែកបាក់	11.422 / (122)	0% / 57.67%	3293
ទំហឹង	11.422 / (122)	0% / 57.67%	3294
អរជុន	11.422 / (122)	0% / 57.67%	3295
ដល់ពេល	11.422 / (122)	0% / 57.67%	3296
វិញ្ញាណ	11.422 / (122)	0% / 57.67%	3297
ពន់	11.422 / (122)	0% / 57.67%	3298
ដៃដល់	11.422 / (122)	0% / 57.68%	3299
តុង	11.329 / (121)	0% / 57.68%	3300
រ៉ូវ	11.329 / (121)	0% / 57.68%	3301
មើលងាយ	11.329 / (121)	0% / 57.68%	3302
ស្ថាពរ	11.329 / (121)	0% / 57.68%	3303
កុម្មុយនិស្ត	11.329 / (121)	0% / 57.68%	3304
បរិច្ចាគ	11.329 / (121)	0% / 57.68%	3305
បង្គន់	11.329 / (121)	0% / 57.68%	3306
ក្រៃលែង	11.329 / (121)	0% / 57.68%	3307
សាកសព	11.329 / (121)	0% / 57.69%	3308
កែច្នៃ	11.329 / (121)	0% / 57.69%	3309
រុក	11.329 / (121)	0% / 57.69%	3310
ងូត	11.329 / (121)	0% / 57.69%	3311
រលីង	11.329 / (121)	0% / 57.69%	3312
ឆ្លើយឆ្លង	11.329 / (121)	0% / 57.69%	3313
វែក	11.329 / (121)	0% / 57.69%	3314
សំណេរ	11.329 / (121)	0% / 57.69%	3315
ពុទ្ធសាសនបណ្ឌិត្យ	11.329 / (121)	0% / 57.69%	3316
សម្បែង	11.329 / (121)	0% / 57.7%	3317
មិនព្រម	11.235 / (120)	0% / 57.7%	3318
អផ្សុក	11.235 / (120)	0% / 57.7%	3319
ញី	11.235 / (120)	0% / 57.7%	3320
បូរី	11.235 / (120)	0% / 57.7%	3321
ខ្លាំងក្លា	11.235 / (120)	0% / 57.7%	3322
ចំរាស់	11.235 / (120)	0% / 57.7%	3323
នៅពេលដែល	11.235 / (120)	0% / 57.7%	3324
ចាប	11.235 / (120)	0% / 57.7%	3325
បើកទូលាយ	11.235 / (120)	0% / 57.71%	3326
សៈ	11.235 / (120)	0% / 57.71%	3327
ទិន្នផល	11.235 / (120)	0% / 57.71%	3328
ប្រជាកសិករ	11.235 / (120)	0% / 57.71%	3329
ទេវី	11.235 / (120)	0% / 57.71%	3330
ប្រឡាក់	11.235 / (120)	0% / 57.71%	3331
អំពៅ	11.235 / (120)	0% / 57.71%	3332
អណ្ដើក	11.141 / (119)	0% / 57.71%	3333
ដំណាច់	11.141 / (119)	0% / 57.71%	3334
សុវត្ថិ	11.141 / (119)	0% / 57.72%	3335
រន្ធត់	11.141 / (119)	0% / 57.72%	3336
អ្នកបើក	11.141 / (119)	0% / 57.72%	3337
ជនបរទេស	11.141 / (119)	0% / 57.72%	3338
រាវ	11.141 / (119)	0% / 57.72%	3339
ផ្ទៃដី	11.141 / (119)	0% / 57.72%	3340
ខាងលិច	11.141 / (119)	0% / 57.72%	3341
ទូរគម	11.048 / (118)	0% / 57.72%	3342
ដាច់ខាត	11.048 / (118)	0% / 57.72%	3343
បច្ចុប្បន្ននេះ	11.048 / (118)	0% / 57.73%	3344
លម្អិត	11.048 / (118)	0% / 57.73%	3345
គ្រួ	11.048 / (118)	0% / 57.73%	3346
វង្វេង	11.048 / (118)	0% / 57.73%	3347
លេខាធិការ	11.048 / (118)	0% / 57.73%	3348
ជិន	11.048 / (118)	0% / 57.73%	3349
ក្រហាយ	11.048 / (118)	0% / 57.73%	3350
បរិសុទ្ធ	11.048 / (118)	0% / 57.73%	3351
ឆបោក	11.048 / (118)	0% / 57.73%	3352
ប្រទល់	11.048 / (118)	0% / 57.74%	3353
ខ្ញី	11.048 / (118)	0% / 57.74%	3354
ចាប់តាំង	11.048 / (118)	0% / 57.74%	3355
ពញា	11.048 / (118)	0% / 57.74%	3356
ក្រូច	11.048 / (118)	0% / 57.74%	3357
វិន	10.954 / (117)	0% / 57.74%	3358
វិវត្ត	10.954 / (117)	0% / 57.74%	3359
ខាងកើត	10.954 / (117)	0% / 57.74%	3360
ការរិះគន់	10.954 / (117)	0% / 57.74%	3361
ហើយនិង	10.954 / (117)	0% / 57.75%	3362
ហ្នឹងហើយ	10.954 / (117)	0% / 57.75%	3363
ព្រះជន្ម	10.954 / (117)	0% / 57.75%	3364
លក្ខណ៍	10.954 / (117)	0% / 57.75%	3365
ជាមួយគ្នា	10.954 / (117)	0% / 57.75%	3366
តាមច្បាប់	10.954 / (117)	0% / 57.75%	3367
គ្រុនចាញ់	10.954 / (117)	0% / 57.75%	3368
ឡង់	10.954 / (117)	0% / 57.75%	3369
ច្រើនជាង	10.954 / (117)	0% / 57.75%	3370
ទទេ	10.954 / (117)	0% / 57.76%	3371
អ្វីខ្លះ	10.954 / (117)	0% / 57.76%	3372
ជម្រក	10.954 / (117)	0% / 57.76%	3373
ប្រេងកាត	10.954 / (117)	0% / 57.76%	3374
ដំណេក	10.861 / (116)	0% / 57.76%	3375
កំឡោះ	10.861 / (116)	0% / 57.76%	3376
ចំណាត់ថ្នាក់	10.861 / (116)	0% / 57.76%	3377
ស្រោច	10.861 / (116)	0% / 57.76%	3378
ប៉ុណ្ណា	10.861 / (116)	0% / 57.76%	3379
ឥដ្ឋ	10.861 / (116)	0% / 57.77%	3380
ឃាំង	10.861 / (116)	0% / 57.77%	3381
ពាក្យបណ្ដឹង	10.861 / (116)	0% / 57.77%	3382
សម្ល	10.861 / (116)	0% / 57.77%	3383
ក្រង	10.861 / (116)	0% / 57.77%	3384
ប្រចាំថ្ងៃ	10.861 / (116)	0% / 57.77%	3385
ទូលំ	10.767 / (115)	0% / 57.77%	3386
គ្រប់បែបយ៉ាង	10.767 / (115)	0% / 57.77%	3387
កាំជ្រួច	10.767 / (115)	0% / 57.77%	3388
ធ្វើបុណ្យ	10.767 / (115)	0% / 57.78%	3389
ឡើងថ្លៃ	10.767 / (115)	0% / 57.78%	3390
នែក	10.767 / (115)	0% / 57.78%	3391
វណ្ណៈ	10.767 / (115)	0% / 57.78%	3392
រម្លឹក	10.767 / (115)	0% / 57.78%	3393
ស្អាតស្អំ	10.767 / (115)	0% / 57.78%	3394
ក្រាំង	10.767 / (115)	0% / 57.78%	3395
សាច់ញាតិ	10.767 / (115)	0% / 57.78%	3396
លោកតា	10.767 / (115)	0% / 57.78%	3397
ពោត	10.767 / (115)	0% / 57.78%	3398
សាមណេរ	10.767 / (115)	0% / 57.79%	3399
ចុះផ្សាយ	10.767 / (115)	0% / 57.79%	3400
គូថ	10.767 / (115)	0% / 57.79%	3401
មានរឿង	10.767 / (115)	0% / 57.79%	3402
ហាក់ដូចជា	10.767 / (115)	0% / 57.79%	3403
ទាំ	10.673 / (114)	0% / 57.79%	3404
អ្នកអាន	10.673 / (114)	0% / 57.79%	3405
ភារៈ	10.673 / (114)	0% / 57.79%	3406
ចៃដន្យ	10.673 / (114)	0% / 57.79%	3407
ហាន់	10.673 / (114)	0% / 57.8%	3408
ទឹកភ្នែក	10.673 / (114)	0% / 57.8%	3409
តាក់តែង	10.673 / (114)	0% / 57.8%	3410
កម្ចី	10.673 / (114)	0% / 57.8%	3411
លេខទោ	10.673 / (114)	0% / 57.8%	3412
ផ្លុំ	10.673 / (114)	0% / 57.8%	3413
អន្ទិត	10.673 / (114)	0% / 57.8%	3414
បក់	10.673 / (114)	0% / 57.8%	3415
បាល់	10.673 / (114)	0% / 57.8%	3416
ឧទ្ទិស	10.58 / (113)	0% / 57.81%	3417
ស្រក់	10.58 / (113)	0% / 57.81%	3418
វិសាល	10.58 / (113)	0% / 57.81%	3419
អណ្ដែត	10.58 / (113)	0% / 57.81%	3420
ចុះទៅ	10.58 / (113)	0% / 57.81%	3421
សុក	10.58 / (113)	0% / 57.81%	3422
ភ្លៅ	10.58 / (113)	0% / 57.81%	3423
ទេតើ	10.58 / (113)	0% / 57.81%	3424
សំឡាញ់	10.58 / (113)	0% / 57.81%	3425
មិនសម	10.58 / (113)	0% / 57.81%	3426
កម្ពុជាប្រជាធិបតេយ្យ	10.58 / (113)	0% / 57.82%	3427
ល្អណាស់	10.486 / (112)	0% / 57.82%	3428
ពហិការ	10.486 / (112)	0% / 57.82%	3429
ប្តេជ្ញា	10.486 / (112)	0% / 57.82%	3430
អាស័យ	10.486 / (112)	0% / 57.82%	3431
ប្រុងប្រយ័ត្ន	10.486 / (112)	0% / 57.82%	3432
ប្រា	10.486 / (112)	0% / 57.82%	3433
ភេរវកម្ម	10.486 / (112)	0% / 57.82%	3434
ជួនណា	10.486 / (112)	0% / 57.82%	3435
គភ៌	10.486 / (112)	0% / 57.83%	3436
ស្ល	10.486 / (112)	0% / 57.83%	3437
អឹម	10.486 / (112)	0% / 57.83%	3438
ម្នាក់ទៀត	10.486 / (112)	0% / 57.83%	3439
ចុះហត្ថលេខា	10.486 / (112)	0% / 57.83%	3440
ពីរោះ	10.486 / (112)	0% / 57.83%	3441
ទណ្ឌកម្ម	10.486 / (112)	0% / 57.83%	3442
លទ្ធ	10.486 / (112)	0% / 57.83%	3443
ព្រំប្រទល់	10.392 / (111)	0% / 57.83%	3444
មាឃ	10.392 / (111)	0% / 57.83%	3445
បរិហារ	10.392 / (111)	0% / 57.84%	3446
ការិនី	10.392 / (111)	0% / 57.84%	3447
លម	10.392 / (111)	0% / 57.84%	3448
ឈឹង	10.392 / (111)	0% / 57.84%	3449
ក្សត្រិយ៍	10.392 / (111)	0% / 57.84%	3450
ពីណា	10.392 / (111)	0% / 57.84%	3451
ឱង្ការ	10.392 / (111)	0% / 57.84%	3452
អត្ថប្រយោជន៍	10.392 / (111)	0% / 57.84%	3453
មាននៅ	10.392 / (111)	0% / 57.84%	3454
តំរាប់	10.392 / (111)	0% / 57.85%	3455
ញញើត	10.392 / (111)	0% / 57.85%	3456
ម៉ូតូឌុប	10.392 / (111)	0% / 57.85%	3457
ផ្ទៃពោះ	10.299 / (110)	0% / 57.85%	3458
ឥស្សរជន	10.299 / (110)	0% / 57.85%	3459
ហ្វា	10.299 / (110)	0% / 57.85%	3460
បក្សពួក	10.299 / (110)	0% / 57.85%	3461
បិទបាំង	10.299 / (110)	0% / 57.85%	3462
រាលដាល	10.299 / (110)	0% / 57.85%	3463
រុករក	10.299 / (110)	0% / 57.85%	3464
ស្រទាប់	10.299 / (110)	0% / 57.86%	3465
កន្ទេល	10.299 / (110)	0% / 57.86%	3466
ជ័រ	10.299 / (110)	0% / 57.86%	3467
បៀតបៀន	10.299 / (110)	0% / 57.86%	3468
ញាណ	10.299 / (110)	0% / 57.86%	3469
មរតក	10.299 / (110)	0% / 57.86%	3470
រុក្ខា	10.299 / (110)	0% / 57.86%	3471
អង្គការសហប្រជាជាតិ	10.299 / (110)	0% / 57.86%	3472
ដទៃទៀត	10.299 / (110)	0% / 57.86%	3473
មកវិញ	10.299 / (110)	0% / 57.86%	3474
ផ្លូវវៀច	10.299 / (110)	0% / 57.87%	3475
រៀបរៀង	10.205 / (109)	0% / 57.87%	3476
សណ្ឋាន	10.205 / (109)	0% / 57.87%	3477
ជំនិះ	10.205 / (109)	0% / 57.87%	3478
បំប៉ន	10.205 / (109)	0% / 57.87%	3479
អាសូរ	10.205 / (109)	0% / 57.87%	3480
មហាសេដ្ឋី	10.205 / (109)	0% / 57.87%	3481
រដ្ឋប្បវេណី	10.205 / (109)	0% / 57.87%	3482
ណាខ្លះ	10.205 / (109)	0% / 57.87%	3483
អធិការដ្ឋាន	10.205 / (109)	0% / 57.87%	3484
តុះ	10.205 / (109)	0% / 57.88%	3485
មែនទេ	10.205 / (109)	0% / 57.88%	3486
ត្រូវហើយ	10.205 / (109)	0% / 57.88%	3487
ស្មា	10.205 / (109)	0% / 57.88%	3488
ក្រួច	10.205 / (109)	0% / 57.88%	3489
សន្ធឹក	10.205 / (109)	0% / 57.88%	3490
ការគោរព	10.112 / (108)	0% / 57.88%	3491
ថាតាម	10.112 / (108)	0% / 57.88%	3492
លូត	10.112 / (108)	0% / 57.88%	3493
តម្កើង	10.112 / (108)	0% / 57.89%	3494
ជ្រៃ	10.112 / (108)	0% / 57.89%	3495
ពុទ្ធសាសនា	10.112 / (108)	0% / 57.89%	3496
ទំរាំ	10.112 / (108)	0% / 57.89%	3497
ការអប់រំ	10.112 / (108)	0% / 57.89%	3498
បរិស័ទ	10.112 / (108)	0% / 57.89%	3499
ជានា	10.112 / (108)	0% / 57.89%	3500
រិត	10.112 / (108)	0% / 57.89%	3501
សំបក	10.112 / (108)	0% / 57.89%	3502
ឆ្លើយតបនឹង	10.112 / (108)	0% / 57.89%	3503
ខ្មុំ	10.112 / (108)	0% / 57.9%	3504
លន់ណុល	10.112 / (108)	0% / 57.9%	3505
ឧត្តរមានជ័យ	10.112 / (108)	0% / 57.9%	3506
មហិមា	10.112 / (108)	0% / 57.9%	3507
ហ្វឹកហាត់	10.112 / (108)	0% / 57.9%	3508
ខិល	10.112 / (108)	0% / 57.9%	3509
រោម	10.018 / (107)	0% / 57.9%	3510
ភ្លាត់	10.018 / (107)	0% / 57.9%	3511
វិបាក	10.018 / (107)	0% / 57.9%	3512
ច្រើនណាស់	10.018 / (107)	0% / 57.9%	3513
រឹបអូស	10.018 / (107)	0% / 57.91%	3514
វេស្សន្តរ	10.018 / (107)	0% / 57.91%	3515
ចាញ់បោក	10.018 / (107)	0% / 57.91%	3516
កំពែង	10.018 / (107)	0% / 57.91%	3517
វយា	10.018 / (107)	0% / 57.91%	3518
គប់	10.018 / (107)	0% / 57.91%	3519
ច្រើនតែ	10.018 / (107)	0% / 57.91%	3520
សួនច្បារ	10.018 / (107)	0% / 57.91%	3521
បក្ខពួក	10.018 / (107)	0% / 57.91%	3522
រឹប	10.018 / (107)	0% / 57.91%	3523
ដឹកជញ្ជូន	10.018 / (107)	0% / 57.92%	3524
ស្អំ	10.018 / (107)	0% / 57.92%	3525
ខ្វិន	10.018 / (107)	0% / 57.92%	3526
ពុង	10.018 / (107)	0% / 57.92%	3527
ជណ្ដើរ	10.018 / (107)	0% / 57.92%	3528
ខ្លះទៀត	10.018 / (107)	0% / 57.92%	3529
ប៉ែ	10.018 / (107)	0% / 57.92%	3530
ថ្ងៃអាទិត្យ	9.924 / (106)	0% / 57.92%	3531
មរណៈ	9.924 / (106)	0% / 57.92%	3532
អន្តរាយ	9.924 / (106)	0% / 57.92%	3533
ប្អូនស្រី	9.924 / (106)	0% / 57.93%	3534
ឆ្អែត	9.924 / (106)	0% / 57.93%	3535
រណា	9.924 / (106)	0% / 57.93%	3536
ស្នូល	9.924 / (106)	0% / 57.93%	3537
យកតំរាប់តាម	9.924 / (106)	0% / 57.93%	3538
ពោធិ៍	9.924 / (106)	0% / 57.93%	3539
សោយរាជ្យ	9.924 / (106)	0% / 57.93%	3540
ម្សៅ	9.924 / (106)	0% / 57.93%	3541
កេត	9.924 / (106)	0% / 57.93%	3542
ការរៀបចំ	9.924 / (106)	0% / 57.93%	3543
បឋមសិក្សា	9.924 / (106)	0% / 57.94%	3544
សញ្ញាបត្រ	9.924 / (106)	0% / 57.94%	3545
ណាម	9.924 / (106)	0% / 57.94%	3546
បូជនីយដ្ឋាន	9.924 / (106)	0% / 57.94%	3547
អត្ត	9.924 / (106)	0% / 57.94%	3548
សម្ពាធ	9.924 / (106)	0% / 57.94%	3549
ចាប់តាំងពី	9.924 / (106)	0% / 57.94%	3550
ត្រូល	9.924 / (106)	0% / 57.94%	3551
ប៉ាស៊ីហ្វិក	9.831 / (105)	0% / 57.94%	3552
ស៊ូត	9.831 / (105)	0% / 57.94%	3553
ប្រជាប្រិយភាព	9.831 / (105)	0% / 57.95%	3554
រង្វាស់	9.831 / (105)	0% / 57.95%	3555
គាំង	9.831 / (105)	0% / 57.95%	3556
ហេតុអ្វីបានជា	9.831 / (105)	0% / 57.95%	3557
ស្វិត	9.831 / (105)	0% / 57.95%	3558
បិត	9.831 / (105)	0% / 57.95%	3559
ឯណេះ	9.831 / (105)	0% / 57.95%	3560
ក្ដារ	9.831 / (105)	0% / 57.95%	3561
អាកាសធាតុ	9.831 / (105)	0% / 57.95%	3562
រាប់ពាន់	9.831 / (105)	0% / 57.95%	3563
កើតមាន	9.831 / (105)	0% / 57.95%	3564
ផ្គង់	9.831 / (105)	0% / 57.96%	3565
អាថ៌កំបាំង	9.831 / (105)	0% / 57.96%	3566
ថាឲ្យ	9.831 / (105)	0% / 57.96%	3567
សាមី	9.831 / (105)	0% / 57.96%	3568
សំណុំរឿង	9.737 / (104)	0% / 57.96%	3569
ដើមឈើ	9.737 / (104)	0% / 57.96%	3570
សោកស្ដាយ	9.737 / (104)	0% / 57.96%	3571
កិកិ	9.737 / (104)	0% / 57.96%	3572
សាច់រឿង	9.737 / (104)	0% / 57.96%	3573
បង្វែរ	9.737 / (104)	0% / 57.96%	3574
កាលនោះ	9.737 / (104)	0% / 57.97%	3575
ម៉ម	9.737 / (104)	0% / 57.97%	3576
ផ្កាយព្រឹក	9.737 / (104)	0% / 57.97%	3577
អាម៉ាស់	9.737 / (104)	0% / 57.97%	3578
ជើងឯក	9.737 / (104)	0% / 57.97%	3579
ហៃ	9.737 / (104)	0% / 57.97%	3580
ឆែក	9.737 / (104)	0% / 57.97%	3581
ការរំលោភ	9.737 / (104)	0% / 57.97%	3582
អគតិ	9.737 / (104)	0% / 57.97%	3583
តាក់	9.737 / (104)	0% / 57.97%	3584
ស្មានថា	9.643 / (103)	0% / 57.98%	3585
បន្លា	9.643 / (103)	0% / 57.98%	3586
គ្រុឌ	9.643 / (103)	0% / 57.98%	3587
ម្នាល	9.643 / (103)	0% / 57.98%	3588
ស្រេចហើយ	9.643 / (103)	0% / 57.98%	3589
បុត្រី	9.643 / (103)	0% / 57.98%	3590
ជ្រុះ	9.643 / (103)	0% / 57.98%	3591
លោ	9.643 / (103)	0% / 57.98%	3592
បាតដៃ	9.643 / (103)	0% / 57.98%	3593
ពាក់កណ្ដាល	9.643 / (103)	0% / 57.98%	3594
ដ្បិត	9.643 / (103)	0% / 57.98%	3595
កាល់	9.643 / (103)	0% / 57.99%	3596
ធូប	9.643 / (103)	0% / 57.99%	3597
វរសេនីយ៍	9.55 / (102)	0% / 57.99%	3598
ឡើងជា	9.55 / (102)	0% / 57.99%	3599
ភូមិសាស្ត្រ	9.55 / (102)	0% / 57.99%	3600
វណ្ណ	9.55 / (102)	0% / 57.99%	3601
សី	9.55 / (102)	0% / 57.99%	3602
សីមា	9.55 / (102)	0% / 57.99%	3603
រូ	9.55 / (102)	0% / 57.99%	3604
ប្រាកដជា	9.55 / (102)	0% / 57.99%	3605
សាធារណ	9.55 / (102)	0% / 58%	3606
រំដួល	9.55 / (102)	0% / 58%	3607
ព្រា	9.55 / (102)	0% / 58%	3608
កម្ដៅ	9.55 / (102)	0% / 58%	3609
មាលា	9.55 / (102)	0% / 58%	3610
តង	9.55 / (102)	0% / 58%	3611
កៀនស្វាយ	9.55 / (102)	0% / 58%	3612
ស្រួច	9.55 / (102)	0% / 58%	3613
ចោម	9.55 / (102)	0% / 58%	3614
បទសម្ភាសន៍	9.55 / (102)	0% / 58%	3615
ដង្កូវ	9.55 / (102)	0% / 58.01%	3616
ឆ្មា	9.55 / (102)	0% / 58.01%	3617
ឆៀង	9.55 / (102)	0% / 58.01%	3618
បងប្រុស	9.456 / (101)	0% / 58.01%	3619
សម្ដេចព្រះសង្ឃរាជ	9.456 / (101)	0% / 58.01%	3620
សេព	9.456 / (101)	0% / 58.01%	3621
អង្វែង	9.456 / (101)	0% / 58.01%	3622
លំអៀង	9.456 / (101)	0% / 58.01%	3623
លោកយាយ	9.456 / (101)	0% / 58.01%	3624
ជំនះ	9.456 / (101)	0% / 58.01%	3625
ដំបូក	9.456 / (101)	0% / 58.01%	3626
ទារុណកម្ម	9.456 / (101)	0% / 58.02%	3627
រ៉ៃ	9.456 / (101)	0% / 58.02%	3628
ពេញប្រទេស	9.456 / (101)	0% / 58.02%	3629
ឫស្សីកែវ	9.456 / (101)	0% / 58.02%	3630
ជ័យវរ្ម័ន	9.456 / (101)	0% / 58.02%	3631
បច្ចេកវិជ្ជា	9.456 / (101)	0% / 58.02%	3632
ស្ទាត់	9.456 / (101)	0% / 58.02%	3633
ញឹម	9.456 / (101)	0% / 58.02%	3634
ទាត់បាល់	9.456 / (101)	0% / 58.02%	3635
បានន័យ	9.456 / (101)	0% / 58.02%	3636
រួចមក	9.456 / (101)	0% / 58.02%	3637
ជ័យជំនះ	9.456 / (101)	0% / 58.03%	3638
ឧបាយ	9.456 / (101)	0% / 58.03%	3639
យ៉ាងណាមិញ	9.456 / (101)	0% / 58.03%	3640
ឡាក់	9.362 / (100)	0% / 58.03%	3641
ពេញដោយ	9.362 / (100)	0% / 58.03%	3642
ហារ	9.362 / (100)	0% / 58.03%	3643
ទូទាត់	9.362 / (100)	0% / 58.03%	3644
ផ្គត់	9.362 / (100)	0% / 58.03%	3645
អាណានិគម	9.362 / (100)	0% / 58.03%	3646
ផ្ដែរ	9.362 / (100)	0% / 58.03%	3647
សង្កែ	9.362 / (100)	0% / 58.04%	3648
អូត	9.362 / (100)	0% / 58.04%	3649
កិច្ចព្រមព្រៀង	9.362 / (100)	0% / 58.04%	3650
ភូមិភាគ	9.362 / (100)	0% / 58.04%	3651
ពួកម៉ាក	9.362 / (100)	0% / 58.04%	3652
ជជុះ	9.362 / (100)	0% / 58.04%	3653
ខំប្រឹង	9.362 / (100)	0% / 58.04%	3654
ព្យួរ	9.362 / (100)	0% / 58.04%	3655
ធ្លាប់តែ	9.362 / (100)	0% / 58.04%	3656
រលុប	9.362 / (100)	0% / 58.04%	3657
ហុយ	9.362 / (100)	0% / 58.04%	3658
តៃកុង	9.362 / (100)	0% / 58.05%	3659
ភិក	9.362 / (100)	0% / 58.05%	3660
ធា	9.269 / (99)	0% / 58.05%	3661
យុវតី	9.269 / (99)	0% / 58.05%	3662
អង្គប្រជុំ	9.269 / (99)	0% / 58.05%	3663
មានកូន	9.269 / (99)	0% / 58.05%	3664
បង្កប់	9.269 / (99)	0% / 58.05%	3665
បៀវត្ស	9.269 / (99)	0% / 58.05%	3666
ស្រោម	9.269 / (99)	0% / 58.05%	3667
លួស	9.269 / (99)	0% / 58.05%	3668
ជនជាប់ចោទ	9.269 / (99)	0% / 58.05%	3669
ជៀសវាង	9.269 / (99)	0% / 58.06%	3670
វិទូ	9.269 / (99)	0% / 58.06%	3671
មរណភាព	9.269 / (99)	0% / 58.06%	3672
ស៊ាំ	9.269 / (99)	0% / 58.06%	3673
អាណាព្យាបាល	9.269 / (99)	0% / 58.06%	3674
រលត់	9.269 / (99)	0% / 58.06%	3675
អាល	9.269 / (99)	0% / 58.06%	3676
យឺតយ៉ាវ	9.269 / (99)	0% / 58.06%	3677
ស៊យ	9.269 / (99)	0% / 58.06%	3678
ស្នាក់ការ	9.269 / (99)	0% / 58.06%	3679
បោកប្រាស់	9.269 / (99)	0% / 58.07%	3680
អាប់	9.269 / (99)	0% / 58.07%	3681
បរិបូណ៌	9.175 / (98)	0% / 58.07%	3682
កេងកង	9.175 / (98)	0% / 58.07%	3683
ប្រៃសណីយ៍	9.175 / (98)	0% / 58.07%	3684
ទាល	9.175 / (98)	0% / 58.07%	3685
ស្ងប់ស្ងាត់	9.175 / (98)	0% / 58.07%	3686
ឆេង	9.175 / (98)	0% / 58.07%	3687
សទ្ធា	9.175 / (98)	0% / 58.07%	3688
មិនគួរ	9.175 / (98)	0% / 58.07%	3689
ពោរពេញ	9.175 / (98)	0% / 58.07%	3690
អនុរក្ស	9.175 / (98)	0% / 58.08%	3691
យួរ	9.175 / (98)	0% / 58.08%	3692
កំណត់ហេតុ	9.175 / (98)	0% / 58.08%	3693
ស្នងការដ្ឋាន	9.175 / (98)	0% / 58.08%	3694
ដាយ	9.082 / (97)	0% / 58.08%	3695
ឆ្នៃ	9.082 / (97)	0% / 58.08%	3696
ខាងក្រោយ	9.082 / (97)	0% / 58.08%	3697
មួយនេះ	9.082 / (97)	0% / 58.08%	3698
ប្រចាំការ	9.082 / (97)	0% / 58.08%	3699
អកុសល	9.082 / (97)	0% / 58.08%	3700
បេក្ខភាព	9.082 / (97)	0% / 58.08%	3701
សមាជ	9.082 / (97)	0% / 58.09%	3702
រាក់	9.082 / (97)	0% / 58.09%	3703
ស្លុត	8.988 / (96)	0% / 58.09%	3704
រំពេច	8.988 / (96)	0% / 58.09%	3705
បាក់តេរី	8.988 / (96)	0% / 58.09%	3706
ទ័យ	8.988 / (96)	0% / 58.09%	3707
ស្នា	8.988 / (96)	0% / 58.09%	3708
ការី	8.988 / (96)	0% / 58.09%	3709
បន្លាយ	8.988 / (96)	0% / 58.09%	3710
កត	8.988 / (96)	0% / 58.09%	3711
ការណែនាំ	8.988 / (96)	0% / 58.09%	3712
បុព្វបុរស	8.988 / (96)	0% / 58.1%	3713
ឆ្លុះបញ្ចាំង	8.988 / (96)	0% / 58.1%	3714
ព្រះអាទិត្យ	8.988 / (96)	0% / 58.1%	3715
មិនដឹងជា	8.988 / (96)	0% / 58.1%	3716
អារ្យធម៌	8.988 / (96)	0% / 58.1%	3717
ការយល់	8.988 / (96)	0% / 58.1%	3718
ណៃ	8.988 / (96)	0% / 58.1%	3719
តោ	8.988 / (96)	0% / 58.1%	3720
សមិទ្ធិ	8.988 / (96)	0% / 58.1%	3721
ស្បើយ	8.988 / (96)	0% / 58.1%	3722
ក្សាន្ត	8.894 / (95)	0% / 58.1%	3723
អភិសេក	8.894 / (95)	0% / 58.1%	3724
សហការី	8.894 / (95)	0% / 58.11%	3725
ទរ	8.894 / (95)	0% / 58.11%	3726
ខ្ទម	8.894 / (95)	0% / 58.11%	3727
ចារឹក	8.894 / (95)	0% / 58.11%	3728
បំពុល	8.894 / (95)	0% / 58.11%	3729
ហេតុភេទ	8.894 / (95)	0% / 58.11%	3730
យោគយល់	8.894 / (95)	0% / 58.11%	3731
ទៅលេង	8.894 / (95)	0% / 58.11%	3732
ទទួលយក	8.894 / (95)	0% / 58.11%	3733
មិនត្រឹមតែ	8.894 / (95)	0% / 58.11%	3734
ជាតា	8.894 / (95)	0% / 58.11%	3735
ទឹកឃ្មុំ	8.894 / (95)	0% / 58.12%	3736
ឈ្លាសវៃ	8.894 / (95)	0% / 58.12%	3737
ពិភាក្សាគ្នា	8.894 / (95)	0% / 58.12%	3738
ទៅណា	8.894 / (95)	0% / 58.12%	3739
វិសមភាព	8.894 / (95)	0% / 58.12%	3740
ទៀងទាត់	8.894 / (95)	0% / 58.12%	3741
ពួកវា	8.894 / (95)	0% / 58.12%	3742
កាលៈទេសៈ	8.894 / (95)	0% / 58.12%	3743
ត្រឡប់មក	8.894 / (95)	0% / 58.12%	3744
ដកហូត	8.894 / (95)	0% / 58.12%	3745
ប្រវ័ញ្ច	8.894 / (95)	0% / 58.12%	3746
វិវឌ្ឍន៍	8.894 / (95)	0% / 58.13%	3747
ឯកទេស	8.894 / (95)	0% / 58.13%	3748
ពេលណា	8.894 / (95)	0% / 58.13%	3749
ខណ្ឌសញ្ញា	8.801 / (94)	0% / 58.13%	3750
ប្រទេសជិតខាង	8.801 / (94)	0% / 58.13%	3751
ដូចដែល	8.801 / (94)	0% / 58.13%	3752
គម្ពីរ	8.801 / (94)	0% / 58.13%	3753
និរទេស	8.801 / (94)	0% / 58.13%	3754
ចក្រី	8.801 / (94)	0% / 58.13%	3755
ល្អាង	8.801 / (94)	0% / 58.13%	3756
អែ	8.801 / (94)	0% / 58.13%	3757
ការពិភាក្សា	8.801 / (94)	0% / 58.14%	3758
បោល	8.801 / (94)	0% / 58.14%	3759
វ៉េ	8.801 / (94)	0% / 58.14%	3760
រអិល	8.801 / (94)	0% / 58.14%	3761
អ្នកភូមិ	8.801 / (94)	0% / 58.14%	3762
អង់	8.801 / (94)	0% / 58.14%	3763
វាតទី	8.801 / (94)	0% / 58.14%	3764
ហ្អេះ	8.801 / (94)	0% / 58.14%	3765
ទង្គិច	8.801 / (94)	0% / 58.14%	3766
អង្រែ	8.801 / (94)	0% / 58.14%	3767
ម្លប់	8.707 / (93)	0% / 58.14%	3768
កម្រើក	8.707 / (93)	0% / 58.14%	3769
មាតាបិតា	8.707 / (93)	0% / 58.15%	3770
ចង់ឲ្យ	8.707 / (93)	0% / 58.15%	3771
ហើយនឹង	8.707 / (93)	0% / 58.15%	3772
មានចិត្ត	8.707 / (93)	0% / 58.15%	3773
ទន្លេសាប	8.707 / (93)	0% / 58.15%	3774
សមធម៌	8.707 / (93)	0% / 58.15%	3775
បៀរ	8.707 / (93)	0% / 58.15%	3776
ចក្រភព	8.707 / (93)	0% / 58.15%	3777
ក៏ដូចជា	8.707 / (93)	0% / 58.15%	3778
សារពត៌មាន	8.707 / (93)	0% / 58.15%	3779
សុន្ទរកថា	8.707 / (93)	0% / 58.15%	3780
យុទ្ធជន	8.707 / (93)	0% / 58.16%	3781
សម្រុក	8.707 / (93)	0% / 58.16%	3782
ចៃ	8.707 / (93)	0% / 58.16%	3783
នៅមុខ	8.707 / (93)	0% / 58.16%	3784
អភ័យ	8.707 / (93)	0% / 58.16%	3785
ចងក្រង	8.707 / (93)	0% / 58.16%	3786
ឡូត៍	8.707 / (93)	0% / 58.16%	3787
ភទ្របទ	8.707 / (93)	0% / 58.16%	3788
ទីលាន	8.707 / (93)	0% / 58.16%	3789
ត្រេក	8.707 / (93)	0% / 58.16%	3790
ឆ្នើម	8.707 / (93)	0% / 58.16%	3791
ម៉ិច	8.707 / (93)	0% / 58.16%	3792
ត្របក	8.613 / (92)	0% / 58.17%	3793
ប៉ិន	8.613 / (92)	0% / 58.17%	3794
ចួន	8.613 / (92)	0% / 58.17%	3795
តនឹង	8.613 / (92)	0% / 58.17%	3796
ខុទ្ទកាល័យ	8.613 / (92)	0% / 58.17%	3797
ណឹង	8.613 / (92)	0% / 58.17%	3798
បិសាច	8.613 / (92)	0% / 58.17%	3799
ខ្វាយ	8.613 / (92)	0% / 58.17%	3800
បុព្វ	8.613 / (92)	0% / 58.17%	3801
អធិបតេយ្យភាព	8.613 / (92)	0% / 58.17%	3802
ពុទ្ធរស្មី	8.613 / (92)	0% / 58.17%	3803
មហាវិថី	8.613 / (92)	0% / 58.18%	3804
គីង្គក់	8.613 / (92)	0% / 58.18%	3805
ក្រចក	8.613 / (92)	0% / 58.18%	3806
ទៀប	8.613 / (92)	0% / 58.18%	3807
មនោ	8.52 / (91)	0% / 58.18%	3808
ចំឡែក	8.52 / (91)	0% / 58.18%	3809
ត្រដាង	8.52 / (91)	0% / 58.18%	3810
យក្ខ	8.52 / (91)	0% / 58.18%	3811
អាគារ	8.52 / (91)	0% / 58.18%	3812
លំនាំ	8.52 / (91)	0% / 58.18%	3813
ថង់	8.52 / (91)	0% / 58.18%	3814
រំឮក	8.52 / (91)	0% / 58.18%	3815
មហារីក	8.52 / (91)	0% / 58.19%	3816
កម្រង	8.52 / (91)	0% / 58.19%	3817
សុនខ	8.52 / (91)	0% / 58.19%	3818
ថ្ងៃមួយ	8.52 / (91)	0% / 58.19%	3819
វិធីសាស្ត្រ	8.52 / (91)	0% / 58.19%	3820
តឿន	8.52 / (91)	0% / 58.19%	3821
ជំរក	8.52 / (91)	0% / 58.19%	3822
ល្បាត	8.52 / (91)	0% / 58.19%	3823
ភ្លែត	8.52 / (91)	0% / 58.19%	3824
ព្រំដែនខ្មែរ	8.52 / (91)	0% / 58.19%	3825
បុត្រា	8.426 / (90)	0% / 58.19%	3826
ខ្ទើយ	8.426 / (90)	0% / 58.19%	3827
ឥណ្ឌូណេស៊ី	8.426 / (90)	0% / 58.2%	3828
អបអរសាទរ	8.426 / (90)	0% / 58.2%	3829
ការបាត់បង់	8.426 / (90)	0% / 58.2%	3830
សម្បុរ	8.426 / (90)	0% / 58.2%	3831
ឃោរឃៅ	8.426 / (90)	0% / 58.2%	3832
ថាន	8.426 / (90)	0% / 58.2%	3833
គគីរ	8.426 / (90)	0% / 58.2%	3834
ព្រលឹម	8.426 / (90)	0% / 58.2%	3835
ដាក់គុក	8.426 / (90)	0% / 58.2%	3836
បរិយាយ	8.426 / (90)	0% / 58.2%	3837
ស៊ុប	8.426 / (90)	0% / 58.2%	3838
កម្ចាត់	8.426 / (90)	0% / 58.2%	3839
អនុវិទ្យាល័យ	8.426 / (90)	0% / 58.21%	3840
កម្សត់	8.426 / (90)	0% / 58.21%	3841
ថ្វីបើ	8.426 / (90)	0% / 58.21%	3842
គំ	8.426 / (90)	0% / 58.21%	3843
គ្រាប់បែក	8.426 / (90)	0% / 58.21%	3844
កាយវិការ	8.426 / (90)	0% / 58.21%	3845
ជាប់ចោទ	8.426 / (90)	0% / 58.21%	3846
លូន	8.426 / (90)	0% / 58.21%	3847
ខ្ញុំបាទ	8.426 / (90)	0% / 58.21%	3848
សុរា	8.426 / (90)	0% / 58.21%	3849
ណាយ	8.426 / (90)	0% / 58.21%	3850
សមាធិ	8.426 / (90)	0% / 58.21%	3851
ឧបាសក	8.426 / (90)	0% / 58.22%	3852
បញ្ចៀស	8.426 / (90)	0% / 58.22%	3853
ពាម	8.426 / (90)	0% / 58.22%	3854
រលឹក	8.426 / (90)	0% / 58.22%	3855
រំលូត	8.333 / (89)	0% / 58.22%	3856
រូបិយវត្ថុ	8.333 / (89)	0% / 58.22%	3857
ចាង	8.333 / (89)	0% / 58.22%	3858
បាត់បង់ជីវិត	8.333 / (89)	0% / 58.22%	3859
ចំណាន	8.333 / (89)	0% / 58.22%	3860
សប្បាយចិត្ត	8.333 / (89)	0% / 58.22%	3861
បណ្ឌិត្យ	8.333 / (89)	0% / 58.22%	3862
មជ្ឈ	8.333 / (89)	0% / 58.22%	3863
កែតម្រូវ	8.333 / (89)	0% / 58.23%	3864
គុំ	8.333 / (89)	0% / 58.23%	3865
ស្ទើរតែ	8.333 / (89)	0% / 58.23%	3866
និយោជិត	8.333 / (89)	0% / 58.23%	3867
វិស្វកម្ម	8.333 / (89)	0% / 58.23%	3868
លាលែង	8.333 / (89)	0% / 58.23%	3869
ហូរហែ	8.333 / (89)	0% / 58.23%	3870
សមុទ្ទ	8.333 / (89)	0% / 58.23%	3871
សំណេះសំណាល	8.239 / (88)	0% / 58.23%	3872
និត	8.239 / (88)	0% / 58.23%	3873
តប់	8.239 / (88)	0% / 58.23%	3874
ម៉ុង	8.239 / (88)	0% / 58.23%	3875
ខ្នើយ	8.239 / (88)	0% / 58.24%	3876
ខេមរភូមិន្ទ	8.239 / (88)	0% / 58.24%	3877
អត្ថ	8.239 / (88)	0% / 58.24%	3878
ណ្ហើយ	8.239 / (88)	0% / 58.24%	3879
គ្រឿងទេស	8.239 / (88)	0% / 58.24%	3880
ជ្រលក់	8.239 / (88)	0% / 58.24%	3881
នង្គ័ល	8.239 / (88)	0% / 58.24%	3882
រាល	8.239 / (88)	0% / 58.24%	3883
របាំង	8.239 / (88)	0% / 58.24%	3884
ជ្រាលជ្រៅ	8.239 / (88)	0% / 58.24%	3885
កំប៉ុង	8.239 / (88)	0% / 58.24%	3886
ព្រះទ័យ	8.239 / (88)	0% / 58.24%	3887
ចេញផ្សាយ	8.239 / (88)	0% / 58.25%	3888
តាច	8.239 / (88)	0% / 58.25%	3889
សំណាប	8.239 / (88)	0% / 58.25%	3890
ទប់ទល់	8.239 / (88)	0% / 58.25%	3891
ចំរុះ	8.239 / (88)	0% / 58.25%	3892
ឧទ្យាន	8.145 / (87)	0% / 58.25%	3893
កំទេច	8.145 / (87)	0% / 58.25%	3894
មាឌ	8.145 / (87)	0% / 58.25%	3895
រុំ	8.145 / (87)	0% / 58.25%	3896
បាង	8.145 / (87)	0% / 58.25%	3897
ភៀស	8.145 / (87)	0% / 58.25%	3898
សរីរាង្គ	8.145 / (87)	0% / 58.25%	3899
ស្លាបព្រា	8.145 / (87)	0% / 58.26%	3900
សិច	8.145 / (87)	0% / 58.26%	3901
ប៉ុនណា	8.145 / (87)	0% / 58.26%	3902
ស្ពាយ	8.145 / (87)	0% / 58.26%	3903
ក្រឡុក	8.145 / (87)	0% / 58.26%	3904
៨២	8.145 / (87)	0% / 58.26%	3905
រាជវាំង	8.145 / (87)	0% / 58.26%	3906
ក្រវាត់	8.145 / (87)	0% / 58.26%	3907
លក់ដូរ	8.145 / (87)	0% / 58.26%	3908
គង់វង្ស	8.145 / (87)	0% / 58.26%	3909
បន្តឹង	8.145 / (87)	0% / 58.26%	3910
បូរណភាពទឹកដី	8.145 / (87)	0% / 58.26%	3911
បំណាច់	8.145 / (87)	0% / 58.27%	3912
ចាំង	8.145 / (87)	0% / 58.27%	3913
ម្ចាស់ផ្ទះ	8.145 / (87)	0% / 58.27%	3914
ដោយហេតុ	8.145 / (87)	0% / 58.27%	3915
ពេលខ្លះ	8.145 / (87)	0% / 58.27%	3916
អាកាសចរណ៍	8.145 / (87)	0% / 58.27%	3917
ទេសភាព	8.052 / (86)	0% / 58.27%	3918
ព្រោះអី	8.052 / (86)	0% / 58.27%	3919
តាបស	8.052 / (86)	0% / 58.27%	3920
ពូជសាសន៍	8.052 / (86)	0% / 58.27%	3921
កោង	8.052 / (86)	0% / 58.27%	3922
រដ្ឋធានី	8.052 / (86)	0% / 58.27%	3923
រាល់ថ្ងៃ	8.052 / (86)	0% / 58.27%	3924
វាយលេខ	8.052 / (86)	0% / 58.28%	3925
តង់	8.052 / (86)	0% / 58.28%	3926
លោភ	8.052 / (86)	0% / 58.28%	3927
ច្រានចោល	8.052 / (86)	0% / 58.28%	3928
ប្រណី	8.052 / (86)	0% / 58.28%	3929
ប្រហោង	8.052 / (86)	0% / 58.28%	3930
កីឡដ្ឋាន	8.052 / (86)	0% / 58.28%	3931
សូមជំរាប	8.052 / (86)	0% / 58.28%	3932
គម្រាម	8.052 / (86)	0% / 58.28%	3933
សីតុណ្ហភាព	8.052 / (86)	0% / 58.28%	3934
គំនរ	8.052 / (86)	0% / 58.28%	3935
រាជសម្បត្តិ	8.052 / (86)	0% / 58.28%	3936
ធាត់	8.052 / (86)	0% / 58.29%	3937
សវនកម្ម	8.052 / (86)	0% / 58.29%	3938
ឫក	8.052 / (86)	0% / 58.29%	3939
អាកប្បកិរិយា	8.052 / (86)	0% / 58.29%	3940
ភ្ជួរ	8.052 / (86)	0% / 58.29%	3941
ប្រហែស	8.052 / (86)	0% / 58.29%	3942
អាត់	8.052 / (86)	0% / 58.29%	3943
ភាគតិច	8.052 / (86)	0% / 58.29%	3944
អង្គរក្ស	7.958 / (85)	0% / 58.29%	3945
ថាម៉េច	7.958 / (85)	0% / 58.29%	3946
ឆោម	7.958 / (85)	0% / 58.29%	3947
រ៉ឺត្រែត	7.958 / (85)	0% / 58.29%	3948
នែ	7.958 / (85)	0% / 58.29%	3949
ជូនពរ	7.958 / (85)	0% / 58.3%	3950
ចោរប្លន់	7.958 / (85)	0% / 58.3%	3951
ផឹកស៊ី	7.958 / (85)	0% / 58.3%	3952
លោកនាយក	7.958 / (85)	0% / 58.3%	3953
ប្រៃ	7.958 / (85)	0% / 58.3%	3954
ផ្ដួច	7.958 / (85)	0% / 58.3%	3955
អ៊ុយ	7.958 / (85)	0% / 58.3%	3956
ជាវ	7.958 / (85)	0% / 58.3%	3957
ទ្វេភាគី	7.958 / (85)	0% / 58.3%	3958
ហាល	7.958 / (85)	0% / 58.3%	3959
ពុទ្ធបរិស័ទ	7.958 / (85)	0% / 58.3%	3960
ខ្សែក្រវាត់	7.958 / (85)	0% / 58.3%	3961
ផ្ទួន	7.958 / (85)	0% / 58.31%	3962
ចូលក្នុង	7.958 / (85)	0% / 58.31%	3963
អមតៈ	7.958 / (85)	0% / 58.31%	3964
ឡៅ	7.958 / (85)	0% / 58.31%	3965
សណ្ដែក	7.958 / (85)	0% / 58.31%	3966
លែងលះ	7.958 / (85)	0% / 58.31%	3967
បាវ	7.958 / (85)	0% / 58.31%	3968
នៅកន្លែង	7.958 / (85)	0% / 58.31%	3969
ការរស់នៅ	7.864 / (84)	0% / 58.31%	3970
ស្រយាល	7.864 / (84)	0% / 58.31%	3971
ផ្ដួល	7.864 / (84)	0% / 58.31%	3972
កើតជា	7.864 / (84)	0% / 58.31%	3973
សមាហរណ	7.864 / (84)	0% / 58.31%	3974
អុំ	7.864 / (84)	0% / 58.32%	3975
ហនុមាន	7.864 / (84)	0% / 58.32%	3976
ទុតិយ	7.864 / (84)	0% / 58.32%	3977
ហ្នុង	7.864 / (84)	0% / 58.32%	3978
ពេចន៍	7.864 / (84)	0% / 58.32%	3979
ទូន្មាន	7.864 / (84)	0% / 58.32%	3980
រុយ	7.864 / (84)	0% / 58.32%	3981
ធ្វើបាប	7.864 / (84)	0% / 58.32%	3982
ការប្រជុំ	7.864 / (84)	0% / 58.32%	3983
សង្ហា	7.864 / (84)	0% / 58.32%	3984
ដួស	7.864 / (84)	0% / 58.32%	3985
ទំនងជា	7.864 / (84)	0% / 58.32%	3986
សុទ្ធសាធ	7.864 / (84)	0% / 58.33%	3987
សួគ៌	7.864 / (84)	0% / 58.33%	3988
ឆ្លូង	7.864 / (84)	0% / 58.33%	3989
រោច	7.864 / (84)	0% / 58.33%	3990
អសមត្ថភាព	7.771 / (83)	0% / 58.33%	3991
ក្រឡាប់	7.771 / (83)	0% / 58.33%	3992
បណ្ដាលឲ្យ	7.771 / (83)	0% / 58.33%	3993
បថ	7.771 / (83)	0% / 58.33%	3994
ទិដ្ឋាការ	7.771 / (83)	0% / 58.33%	3995
ឥស្លាម	7.771 / (83)	0% / 58.33%	3996
កំដរ	7.771 / (83)	0% / 58.33%	3997
ភូត	7.771 / (83)	0% / 58.33%	3998
ព្រោះតែ	7.771 / (83)	0% / 58.33%	3999
ចំណែកខ្ញុំ	7.771 / (83)	0% / 58.34%	4000
យ៉ាវ	7.771 / (83)	0% / 58.34%	4001
បសុព្យាបាល	7.771 / (83)	0% / 58.34%	4002
លើកទីមួយ	7.771 / (83)	0% / 58.34%	4003
រដ្ឋប្រហារ	7.771 / (83)	0% / 58.34%	4004
ត្រឡោក	7.771 / (83)	0% / 58.34%	4005
ម៉ូយ	7.771 / (83)	0% / 58.34%	4006
ជុល	7.771 / (83)	0% / 58.34%	4007
ជាហេតុ	7.771 / (83)	0% / 58.34%	4008
មហន្តរាយ	7.771 / (83)	0% / 58.34%	4009
វិការ	7.771 / (83)	0% / 58.34%	4010
ទស្សន	7.771 / (83)	0% / 58.34%	4011
ទើបនឹង	7.771 / (83)	0% / 58.34%	4012
បានការ	7.771 / (83)	0% / 58.35%	4013
អវិជ្ជា	7.771 / (83)	0% / 58.35%	4014
តាមខ្ញុំ	7.771 / (83)	0% / 58.35%	4015
អ្នកវិភាគ	7.771 / (83)	0% / 58.35%	4016
សុទិដ្ឋិនិយម	7.771 / (83)	0% / 58.35%	4017
ឈើទាល	7.771 / (83)	0% / 58.35%	4018
បួល	7.771 / (83)	0% / 58.35%	4019
នឹងជា	7.771 / (83)	0% / 58.35%	4020
សុទ្ធិ	7.677 / (82)	0% / 58.35%	4021
រាវរក	7.677 / (82)	0% / 58.35%	4022
រមាំង	7.677 / (82)	0% / 58.35%	4023
ជំនន់	7.677 / (82)	0% / 58.35%	4024
ទេឬ	7.677 / (82)	0% / 58.35%	4025
ដល់ហើយ	7.677 / (82)	0% / 58.36%	4026
ទំនោរ	7.677 / (82)	0% / 58.36%	4027
រូបគេ	7.677 / (82)	0% / 58.36%	4028
លង្កា	7.677 / (82)	0% / 58.36%	4029
ពឹត	7.677 / (82)	0% / 58.36%	4030
កំរោល	7.677 / (82)	0% / 58.36%	4031
ទន់ខ្សោយ	7.677 / (82)	0% / 58.36%	4032
ព្រះចៅ	7.677 / (82)	0% / 58.36%	4033
សំណេះ	7.677 / (82)	0% / 58.36%	4034
ផ្ទះសម្បែង	7.677 / (82)	0% / 58.36%	4035
ឡំ	7.677 / (82)	0% / 58.36%	4036
ចំណង់	7.677 / (82)	0% / 58.36%	4037
អោ	7.677 / (82)	0% / 58.36%	4038
ប្រឡូក	7.677 / (82)	0% / 58.37%	4039
ឬមួយ	7.677 / (82)	0% / 58.37%	4040
កោតសរសើរ	7.677 / (82)	0% / 58.37%	4041
តាន់	7.677 / (82)	0% / 58.37%	4042
ប៉ែក	7.677 / (82)	0% / 58.37%	4043
ព្រួញ	7.677 / (82)	0% / 58.37%	4044
យ៉ង	7.677 / (82)	0% / 58.37%	4045
ឃ្វាល	7.677 / (82)	0% / 58.37%	4046
ពើ	7.584 / (81)	0% / 58.37%	4047
ទទួលទាន	7.584 / (81)	0% / 58.37%	4048
ការុង	7.584 / (81)	0% / 58.37%	4049
គឺថា	7.584 / (81)	0% / 58.37%	4050
ផ្នត់	7.584 / (81)	0% / 58.37%	4051
កោសិកា	7.584 / (81)	0% / 58.38%	4052
អារ៉ាប់	7.584 / (81)	0% / 58.38%	4053
ទឹកមុខ	7.584 / (81)	0% / 58.38%	4054
ពពួក	7.584 / (81)	0% / 58.38%	4055
ណែន	7.584 / (81)	0% / 58.38%	4056
ឆ្អិន	7.584 / (81)	0% / 58.38%	4057
ប្រសូត	7.584 / (81)	0% / 58.38%	4058
ពោធិសត្វ	7.584 / (81)	0% / 58.38%	4059
ទទួលរង	7.584 / (81)	0% / 58.38%	4060
តមក	7.584 / (81)	0% / 58.38%	4061
ទោ	7.584 / (81)	0% / 58.38%	4062
ស៊ុត	7.584 / (81)	0% / 58.38%	4063
ប្រសា	7.584 / (81)	0% / 58.38%	4064
ជល់	7.584 / (81)	0% / 58.39%	4065
មើម	7.584 / (81)	0% / 58.39%	4066
ខ្សែភាពយន្ត	7.584 / (81)	0% / 58.39%	4067
កម្ទេច	7.584 / (81)	0% / 58.39%	4068
ធម្មទេសនា	7.584 / (81)	0% / 58.39%	4069
អគុណ	7.584 / (81)	0% / 58.39%	4070
ស្វះស្វែង	7.584 / (81)	0% / 58.39%	4071
រូង	7.49 / (80)	0% / 58.39%	4072
មមាញឹក	7.49 / (80)	0% / 58.39%	4073
សំលៀក	7.49 / (80)	0% / 58.39%	4074
មួយថ្ងៃ	7.49 / (80)	0% / 58.39%	4075
បាច	7.49 / (80)	0% / 58.39%	4076
ពន្លឿន	7.49 / (80)	0% / 58.39%	4077
តាំងតែពី	7.49 / (80)	0% / 58.39%	4078
វិភាគទាន	7.49 / (80)	0% / 58.4%	4079
ម្ទេស	7.49 / (80)	0% / 58.4%	4080
បរិញ្ញាបត្រ	7.49 / (80)	0% / 58.4%	4081
យុវនារី	7.49 / (80)	0% / 58.4%	4082
ប្រជាធិបតេយ្យសេរី	7.49 / (80)	0% / 58.4%	4083
ខ្ទប់	7.49 / (80)	0% / 58.4%	4084
ខ្ពើម	7.49 / (80)	0% / 58.4%	4085
ខួរក្បាល	7.49 / (80)	0% / 58.4%	4086
ផ្តួច	7.49 / (80)	0% / 58.4%	4087
សមាសភាព	7.49 / (80)	0% / 58.4%	4088
អ្នកនាំពាក្យ	7.49 / (80)	0% / 58.4%	4089
ការកំណត់	7.49 / (80)	0% / 58.4%	4090
អំបូរ	7.49 / (80)	0% / 58.4%	4091
រតនៈ	7.49 / (80)	0% / 58.41%	4092
ស្ថេរ	7.49 / (80)	0% / 58.41%	4093
លើកស្ទួយ	7.49 / (80)	0% / 58.41%	4094
កុមារា	7.49 / (80)	0% / 58.41%	4095
សោមនស្ស	7.49 / (80)	0% / 58.41%	4096
មានបាន	7.49 / (80)	0% / 58.41%	4097
ព័ន្ធដំណើរ	7.49 / (80)	0% / 58.41%	4098
ញ៉ាំង	7.49 / (80)	0% / 58.41%	4099
ក្ស័យ	7.396 / (79)	0% / 58.41%	4100
ពីរបី	7.396 / (79)	0% / 58.41%	4101
កល្ប	7.396 / (79)	0% / 58.41%	4102
អធិបតេយ្យ	7.396 / (79)	0% / 58.41%	4103
លន់	7.396 / (79)	0% / 58.41%	4104
ផេះ	7.396 / (79)	0% / 58.42%	4105
បទឧក្រិដ្ឋ	7.396 / (79)	0% / 58.42%	4106
ថតរូប	7.396 / (79)	0% / 58.42%	4107
តូចតាច	7.396 / (79)	0% / 58.42%	4108
ផ្ទុយទៅវិញ	7.396 / (79)	0% / 58.42%	4109
ប្រសិទ្ធិ	7.396 / (79)	0% / 58.42%	4110
ពិធីបុណ្យ	7.396 / (79)	0% / 58.42%	4111
ទ្រាយ	7.396 / (79)	0% / 58.42%	4112
គណនា	7.396 / (79)	0% / 58.42%	4113
ក្រំ	7.396 / (79)	0% / 58.42%	4114
ចក់	7.396 / (79)	0% / 58.42%	4115
ស្រៈ	7.396 / (79)	0% / 58.42%	4116
ប៉ុន្មានទេ	7.396 / (79)	0% / 58.42%	4117
វិចិត្រករ	7.396 / (79)	0% / 58.42%	4118
កង្កែប	7.396 / (79)	0% / 58.43%	4119
ស្របតាម	7.396 / (79)	0% / 58.43%	4120
ចង្អៀត	7.396 / (79)	0% / 58.43%	4121
អចេតនា	7.396 / (79)	0% / 58.43%	4122
មានអី	7.396 / (79)	0% / 58.43%	4123
សឹងតែ	7.396 / (79)	0% / 58.43%	4124
មហេសី	7.396 / (79)	0% / 58.43%	4125
បង្អួច	7.396 / (79)	0% / 58.43%	4126
ច្របល់	7.396 / (79)	0% / 58.43%	4127
ព្រាត់	7.303 / (78)	0% / 58.43%	4128
អាងថា	7.303 / (78)	0% / 58.43%	4129
ឆ្ពោះទៅ	7.303 / (78)	0% / 58.43%	4130
គូទ	7.303 / (78)	0% / 58.43%	4131
កណ្ដុរ	7.303 / (78)	0% / 58.44%	4132
អ៊ុ	7.303 / (78)	0% / 58.44%	4133
សាច់ដុំ	7.303 / (78)	0% / 58.44%	4134
ដល់ទៅ	7.303 / (78)	0% / 58.44%	4135
ចុះបើ	7.303 / (78)	0% / 58.44%	4136
បន្ទះ	7.303 / (78)	0% / 58.44%	4137
រកការ	7.303 / (78)	0% / 58.44%	4138
ជាជាង	7.303 / (78)	0% / 58.44%	4139
ចេតិយ	7.303 / (78)	0% / 58.44%	4140
ឈ្លើយ	7.303 / (78)	0% / 58.44%	4141
កែន	7.303 / (78)	0% / 58.44%	4142
វារៈ	7.303 / (78)	0% / 58.44%	4143
អុជ	7.303 / (78)	0% / 58.44%	4144
អគ្គលេខាធិការដ្ឋាន	7.303 / (78)	0% / 58.44%	4145
លាតត្រដាង	7.303 / (78)	0% / 58.45%	4146
ក្រោយពេល	7.303 / (78)	0% / 58.45%	4147
សូមទោស	7.303 / (78)	0% / 58.45%	4148
រហូតមកដល់	7.209 / (77)	0% / 58.45%	4149
រុក្ខជាតិ	7.209 / (77)	0% / 58.45%	4150
មានប្រសាសន៍	7.209 / (77)	0% / 58.45%	4151
ឋិត	7.209 / (77)	0% / 58.45%	4152
ទន់ភ្លន់	7.209 / (77)	0% / 58.45%	4153
ថី	7.209 / (77)	0% / 58.45%	4154
ប្រកបមុខរបរ	7.209 / (77)	0% / 58.45%	4155
ឥវ៉ាន់	7.209 / (77)	0% / 58.45%	4156
ទេដឹង	7.209 / (77)	0% / 58.45%	4157
សាមគ្គីភាព	7.209 / (77)	0% / 58.45%	4158
ស្រស់ស្រូប	7.209 / (77)	0% / 58.45%	4159
ទៅទល់នឹង	7.209 / (77)	0% / 58.46%	4160
អ្នកដំណើរ	7.209 / (77)	0% / 58.46%	4161
ដំបៅ	7.209 / (77)	0% / 58.46%	4162
សារជាតិ	7.209 / (77)	0% / 58.46%	4163
មិត្តភក្តិ	7.209 / (77)	0% / 58.46%	4164
មហិច្ឆតា	7.209 / (77)	0% / 58.46%	4165
ទៅមុខ	7.209 / (77)	0% / 58.46%	4166
ផ្ទះសំណាក់	7.209 / (77)	0% / 58.46%	4167
បញ្ចេញមតិ	7.209 / (77)	0% / 58.46%	4168
គោះ	7.115 / (76)	0% / 58.46%	4169
នរូ	7.115 / (76)	0% / 58.46%	4170
រសជាតិ	7.115 / (76)	0% / 58.46%	4171
កើតមក	7.115 / (76)	0% / 58.46%	4172
មានគំនិត	7.115 / (76)	0% / 58.46%	4173
មង្គលការ	7.115 / (76)	0% / 58.47%	4174
វាគ្មិន	7.115 / (76)	0% / 58.47%	4175
រ៉ាត់	7.115 / (76)	0% / 58.47%	4176
សំណាល	7.115 / (76)	0% / 58.47%	4177
វេយ្យាករណ៍	7.115 / (76)	0% / 58.47%	4178
សម្រស់	7.115 / (76)	0% / 58.47%	4179
នេត្រ	7.115 / (76)	0% / 58.47%	4180
វិស្វករ	7.115 / (76)	0% / 58.47%	4181
ផ្លូវជាតិ	7.115 / (76)	0% / 58.47%	4182
ហ្លួងព្រះបាង	7.115 / (76)	0% / 58.47%	4183
ការឈ្លានពាន	7.115 / (76)	0% / 58.47%	4184
ផាត់	7.115 / (76)	0% / 58.47%	4185
ចតុមុខ	7.115 / (76)	0% / 58.47%	4186
ប្រហាក់ប្រហែល	7.115 / (76)	0% / 58.47%	4187
ទ្រុង	7.115 / (76)	0% / 58.48%	4188
ដិតដល់	7.115 / (76)	0% / 58.48%	4189
ស្រេង	7.115 / (76)	0% / 58.48%	4190
ក្រអូប	7.115 / (76)	0% / 58.48%	4191
ស្គរ	7.115 / (76)	0% / 58.48%	4192
របួសធ្ងន់	7.115 / (76)	0% / 58.48%	4193
ទុកជា	7.115 / (76)	0% / 58.48%	4194
សាត់	7.022 / (75)	0% / 58.48%	4195
ពូន	7.022 / (75)	0% / 58.48%	4196
ដិត	7.022 / (75)	0% / 58.48%	4197
ទៅផ្ទះ	7.022 / (75)	0% / 58.48%	4198
លិង្គ	7.022 / (75)	0% / 58.48%	4199
សិតសក់	7.022 / (75)	0% / 58.48%	4200
សច្ចាប័ន	7.022 / (75)	0% / 58.48%	4201
តាន	7.022 / (75)	0% / 58.49%	4202
បង្វិល	7.022 / (75)	0% / 58.49%	4203
កាន់អំណាច	7.022 / (75)	0% / 58.49%	4204
អែង	7.022 / (75)	0% / 58.49%	4205
គាត	7.022 / (75)	0% / 58.49%	4206
រករឿង	7.022 / (75)	0% / 58.49%	4207
មជ្ឈការ	7.022 / (75)	0% / 58.49%	4208
សំនៀង	7.022 / (75)	0% / 58.49%	4209
ពង្សាវតារ	7.022 / (75)	0% / 58.49%	4210
ការប្រកាស	7.022 / (75)	0% / 58.49%	4211
កន្សែង	7.022 / (75)	0% / 58.49%	4212
ប្រាសាទអង្គរ	7.022 / (75)	0% / 58.49%	4213
ផៃ	7.022 / (75)	0% / 58.49%	4214
ស៊ីសង	7.022 / (75)	0% / 58.49%	4215
ទិព្វ	7.022 / (75)	0% / 58.5%	4216
អ្វីក៏	6.928 / (74)	0% / 58.5%	4217
សួ	6.928 / (74)	0% / 58.5%	4218
វះ	6.928 / (74)	0% / 58.5%	4219
ប្រទាក់	6.928 / (74)	0% / 58.5%	4220
ទម្លាក់គ្រាប់បែក	6.928 / (74)	0% / 58.5%	4221
ជន្ម	6.928 / (74)	0% / 58.5%	4222
ត្រសក់	6.928 / (74)	0% / 58.5%	4223
យោធពល	6.928 / (74)	0% / 58.5%	4224
បះបោរ	6.928 / (74)	0% / 58.5%	4225
នាងខ្ញុំ	6.928 / (74)	0% / 58.5%	4226
ចម្រាញ់	6.928 / (74)	0% / 58.5%	4227
អុញ	6.928 / (74)	0% / 58.5%	4228
អ៊ីតាលី	6.928 / (74)	0% / 58.5%	4229
ក្រពះ	6.928 / (74)	0% / 58.5%	4230
សម្ផស្ស	6.928 / (74)	0% / 58.51%	4231
ជូរ	6.928 / (74)	0% / 58.51%	4232
ដក់	6.928 / (74)	0% / 58.51%	4233
អាទិទេព	6.928 / (74)	0% / 58.51%	4234
ព្រាន	6.928 / (74)	0% / 58.51%	4235
អនាមិក	6.928 / (74)	0% / 58.51%	4236
រូបសំណាក	6.928 / (74)	0% / 58.51%	4237
អន្លើ	6.928 / (74)	0% / 58.51%	4238
បំបាក់	6.928 / (74)	0% / 58.51%	4239
លោកជំទាវ	6.928 / (74)	0% / 58.51%	4240
បដិ	6.928 / (74)	0% / 58.51%	4241
ព្រៃផ្សៃ	6.928 / (74)	0% / 58.51%	4242
លិ	6.928 / (74)	0% / 58.51%	4243
នៅដើម	6.928 / (74)	0% / 58.51%	4244
ឡាំង	6.928 / (74)	0% / 58.52%	4245
ចៀន	6.928 / (74)	0% / 58.52%	4246
កិប	6.928 / (74)	0% / 58.52%	4247
ម៉ឺងម៉ាត់	6.928 / (74)	0% / 58.52%	4248
គួយ	6.928 / (74)	0% / 58.52%	4249
អង្កាល់	6.834 / (73)	0% / 58.52%	4250
ភួង	6.834 / (73)	0% / 58.52%	4251
ម្នាក់ឯង	6.834 / (73)	0% / 58.52%	4252
កកាយ	6.834 / (73)	0% / 58.52%	4253
ឳពុក	6.834 / (73)	0% / 58.52%	4254
មុខជា	6.834 / (73)	0% / 58.52%	4255
បានផល	6.834 / (73)	0% / 58.52%	4256
បាតុភាព	6.834 / (73)	0% / 58.52%	4257
ស្វ័យ	6.834 / (73)	0% / 58.52%	4258
រៀបរយ	6.834 / (73)	0% / 58.52%	4259
ហួត	6.834 / (73)	0% / 58.53%	4260
ពាណិជ្ជ	6.834 / (73)	0% / 58.53%	4261
គ្រញូង	6.834 / (73)	0% / 58.53%	4262
ព្រាងច្បាប់	6.834 / (73)	0% / 58.53%	4263
ឧណ្ណាលោម	6.834 / (73)	0% / 58.53%	4264
សុចរិត	6.834 / (73)	0% / 58.53%	4265
អនុគ្រោះ	6.834 / (73)	0% / 58.53%	4266
ឧបមា	6.834 / (73)	0% / 58.53%	4267
ជីវប្រវត្តិ	6.834 / (73)	0% / 58.53%	4268
អ្នកដទៃ	6.834 / (73)	0% / 58.53%	4269
កំរ	6.834 / (73)	0% / 58.53%	4270
សុពលភាព	6.834 / (73)	0% / 58.53%	4271
ទឹកត្រី	6.834 / (73)	0% / 58.53%	4272
ឆមាស	6.834 / (73)	0% / 58.53%	4273
រដឹក	6.834 / (73)	0% / 58.54%	4274
សន្លឹកឆ្នោត	6.834 / (73)	0% / 58.54%	4275
ហ៊ឺ	6.834 / (73)	0% / 58.54%	4276
ហាស	6.741 / (72)	0% / 58.54%	4277
មានគ្រោះថ្នាក់	6.741 / (72)	0% / 58.54%	4278
បង្គា	6.741 / (72)	0% / 58.54%	4279
រំលំ	6.741 / (72)	0% / 58.54%	4280
នាថ	6.741 / (72)	0% / 58.54%	4281
នុះ	6.741 / (72)	0% / 58.54%	4282
ក្ដាម	6.741 / (72)	0% / 58.54%	4283
សញ្ញាណ	6.741 / (72)	0% / 58.54%	4284
អនេក	6.741 / (72)	0% / 58.54%	4285
រុស្សី	6.741 / (72)	0% / 58.54%	4286
ម៉ូត	6.741 / (72)	0% / 58.54%	4287
ពង់	6.741 / (72)	0% / 58.54%	4288
ធម្មការ	6.741 / (72)	0% / 58.55%	4289
តារាភាពយន្ត	6.741 / (72)	0% / 58.55%	4290
បែបបទ	6.741 / (72)	0% / 58.55%	4291
មុជ	6.741 / (72)	0% / 58.55%	4292
ទង់ជាតិ	6.741 / (72)	0% / 58.55%	4293
រីង	6.741 / (72)	0% / 58.55%	4294
ទ្រឹស្ដី	6.741 / (72)	0% / 58.55%	4295
ល្ហុង	6.741 / (72)	0% / 58.55%	4296
ហាណូយ	6.741 / (72)	0% / 58.55%	4297
សារបាន	6.741 / (72)	0% / 58.55%	4298
មុនីវង្ស	6.741 / (72)	0% / 58.55%	4299
សំរាក	6.741 / (72)	0% / 58.55%	4300
មេក្រុម	6.741 / (72)	0% / 58.55%	4301
ហង	6.741 / (72)	0% / 58.55%	4302
សន្ធាប់	6.741 / (72)	0% / 58.55%	4303
កៀក	6.741 / (72)	0% / 58.56%	4304
វ៉ាស៊ីនតោន	6.741 / (72)	0% / 58.56%	4305
សក្តិ	6.741 / (72)	0% / 58.56%	4306
ស្រេក	6.741 / (72)	0% / 58.56%	4307
ល្អជា	6.647 / (71)	0% / 58.56%	4308
តិក	6.647 / (71)	0% / 58.56%	4309
ក្រណាត់	6.647 / (71)	0% / 58.56%	4310
ឈោង	6.647 / (71)	0% / 58.56%	4311
លោះ	6.647 / (71)	0% / 58.56%	4312
បង់ពន្ធ	6.647 / (71)	0% / 58.56%	4313
តាមរបៀប	6.647 / (71)	0% / 58.56%	4314
មិនខាន	6.647 / (71)	0% / 58.56%	4315
ពពែ	6.647 / (71)	0% / 58.56%	4316
ស្របក់	6.647 / (71)	0% / 58.56%	4317
ឥន្ទ្រី	6.647 / (71)	0% / 58.56%	4318
អស់ទាំង	6.647 / (71)	0% / 58.57%	4319
ចរក	6.647 / (71)	0% / 58.57%	4320
អភ័យទោស	6.647 / (71)	0% / 58.57%	4321
ទំនាយ	6.647 / (71)	0% / 58.57%	4322
មួល	6.647 / (71)	0% / 58.57%	4323
សកលលោក	6.647 / (71)	0% / 58.57%	4324
វិសុទ្ធ	6.647 / (71)	0% / 58.57%	4325
ប័ត្រ	6.647 / (71)	0% / 58.57%	4326
ស្បោង	6.554 / (70)	0% / 58.57%	4327
ខ្ចោះ	6.554 / (70)	0% / 58.57%	4328
នេះឯង	6.554 / (70)	0% / 58.57%	4329
កោ	6.554 / (70)	0% / 58.57%	4330
រតែង	6.554 / (70)	0% / 58.57%	4331
កំសាក	6.554 / (70)	0% / 58.57%	4332
មន្ទិល	6.554 / (70)	0% / 58.57%	4333
អាក់	6.554 / (70)	0% / 58.58%	4334
អម្ពិល	6.554 / (70)	0% / 58.58%	4335
មហាអំណាច	6.554 / (70)	0% / 58.58%	4336
ដើមកំណើត	6.554 / (70)	0% / 58.58%	4337
ស្បូវ	6.554 / (70)	0% / 58.58%	4338
កិលេស	6.554 / (70)	0% / 58.58%	4339
ស្នំ	6.554 / (70)	0% / 58.58%	4340
ស៊ឹង	6.554 / (70)	0% / 58.58%	4341
រលក់	6.554 / (70)	0% / 58.58%	4342
កខ្វក់	6.554 / (70)	0% / 58.58%	4343
ប្រសព្វ	6.554 / (70)	0% / 58.58%	4344
ការ៉េ	6.554 / (70)	0% / 58.58%	4345
ច្រត់	6.554 / (70)	0% / 58.58%	4346
សុខុម	6.554 / (70)	0% / 58.58%	4347
កងពល	6.554 / (70)	0% / 58.58%	4348
សួស	6.554 / (70)	0% / 58.58%	4349
ធុរៈ	6.554 / (70)	0% / 58.59%	4350
ព្រៃនគរ	6.554 / (70)	0% / 58.59%	4351
ដំបូន្មាន	6.554 / (70)	0% / 58.59%	4352
អសកម្ម	6.554 / (70)	0% / 58.59%	4353
អម្បាល	6.554 / (70)	0% / 58.59%	4354
ឦសាន	6.554 / (70)	0% / 58.59%	4355
ង៉ែត	6.554 / (70)	0% / 58.59%	4356
តុបតែង	6.46 / (69)	0% / 58.59%	4357
តម្បាញ	6.46 / (69)	0% / 58.59%	4358
សុខសាន្ត	6.46 / (69)	0% / 58.59%	4359
បំភ្លៃ	6.46 / (69)	0% / 58.59%	4360
កុងស៊ុល	6.46 / (69)	0% / 58.59%	4361
ថ្នម	6.46 / (69)	0% / 58.59%	4362
ឆី	6.46 / (69)	0% / 58.59%	4363
ប្រជាប្រិយ	6.46 / (69)	0% / 58.59%	4364
ប្រែជា	6.46 / (69)	0% / 58.6%	4365
រឿ	6.46 / (69)	0% / 58.6%	4366
រឿងព្រេង	6.46 / (69)	0% / 58.6%	4367
សន្មត	6.46 / (69)	0% / 58.6%	4368
ទត	6.46 / (69)	0% / 58.6%	4369
ម៉ង់	6.46 / (69)	0% / 58.6%	4370
អនាចារ	6.46 / (69)	0% / 58.6%	4371
ផលវិបាក	6.46 / (69)	0% / 58.6%	4372
ត្បាញ	6.46 / (69)	0% / 58.6%	4373
មកកាន់	6.46 / (69)	0% / 58.6%	4374
ធូរធារ	6.46 / (69)	0% / 58.6%	4375
ពណ៌នា	6.46 / (69)	0% / 58.6%	4376
ទទួលខុសត្រូវ	6.46 / (69)	0% / 58.6%	4377
អគ្គមហាសេនា	6.46 / (69)	0% / 58.6%	4378
កន្តើយ	6.46 / (69)	0% / 58.6%	4379
នាំឲ្យ	6.366 / (68)	0% / 58.61%	4380
គុយទាវ	6.366 / (68)	0% / 58.61%	4381
ល្បាញ	6.366 / (68)	0% / 58.61%	4382
ពក	6.366 / (68)	0% / 58.61%	4383
ឱនភាព	6.366 / (68)	0% / 58.61%	4384
រុះ	6.366 / (68)	0% / 58.61%	4385
ខ្លោច	6.366 / (68)	0% / 58.61%	4386
ថូ	6.366 / (68)	0% / 58.61%	4387
មួយសន្ទុះ	6.366 / (68)	0% / 58.61%	4388
ប្រវេ	6.366 / (68)	0% / 58.61%	4389
ឆើត	6.366 / (68)	0% / 58.61%	4390
មារ	6.366 / (68)	0% / 58.61%	4391
គ្មានអ្វី	6.366 / (68)	0% / 58.61%	4392
ភាពជា	6.366 / (68)	0% / 58.61%	4393
បញ្ឈរ	6.366 / (68)	0% / 58.61%	4394
ស្បៃ	6.366 / (68)	0% / 58.61%	4395
សមាជិកា	6.366 / (68)	0% / 58.62%	4396
មាគ៌ា	6.366 / (68)	0% / 58.62%	4397
ចត់	6.366 / (68)	0% / 58.62%	4398
ត្រាំ	6.366 / (68)	0% / 58.62%	4399
អិស្លាម	6.366 / (68)	0% / 58.62%	4400
ក្រុមតន្ត្រី	6.366 / (68)	0% / 58.62%	4401
ប្រកបរបរ	6.366 / (68)	0% / 58.62%	4402
បន្ធូរ	6.366 / (68)	0% / 58.62%	4403
ក្នុងនាម	6.366 / (68)	0% / 58.62%	4404
ចាត់តាំង	6.366 / (68)	0% / 58.62%	4405
ហានិភ័យ	6.366 / (68)	0% / 58.62%	4406
ឆែកឆេរ	6.366 / (68)	0% / 58.62%	4407
បារាយណ៍	6.366 / (68)	0% / 58.62%	4408
រន្ធ	6.366 / (68)	0% / 58.62%	4409
អ៊ុត	6.366 / (68)	0% / 58.62%	4410
រអ៊ូ	6.366 / (68)	0% / 58.62%	4411
ភ័ស្តុតាង	6.366 / (68)	0% / 58.63%	4412
ថ្ងៃអង្គារ	6.273 / (67)	0% / 58.63%	4413
ព្រឹត្តិ	6.273 / (67)	0% / 58.63%	4414
គីឡូវ៉ាត់	6.273 / (67)	0% / 58.63%	4415
កោងកាង	6.273 / (67)	0% / 58.63%	4416
សុខសប្បាយ	6.273 / (67)	0% / 58.63%	4417
និវត្តន៍	6.273 / (67)	0% / 58.63%	4418
ថ្មើរ	6.273 / (67)	0% / 58.63%	4419
រាជសីហ៍	6.273 / (67)	0% / 58.63%	4420
ត្រួស	6.273 / (67)	0% / 58.63%	4421
បណ្ដែត	6.273 / (67)	0% / 58.63%	4422
ឆាំង	6.273 / (67)	0% / 58.63%	4423
ទិតៀន	6.273 / (67)	0% / 58.63%	4424
ទៅចុះ	6.273 / (67)	0% / 58.63%	4425
ដើរតួ	6.273 / (67)	0% / 58.63%	4426
អំពើអាក្រក់	6.273 / (67)	0% / 58.63%	4427
អាល័យ	6.273 / (67)	0% / 58.64%	4428
ឧកាស	6.273 / (67)	0% / 58.64%	4429
ស្គម	6.273 / (67)	0% / 58.64%	4430
ដើរលេង	6.273 / (67)	0% / 58.64%	4431
យល់ឃើញ	6.273 / (67)	0% / 58.64%	4432
ឪពុកក្មេក	6.273 / (67)	0% / 58.64%	4433
ហែក	6.273 / (67)	0% / 58.64%	4434
អុល	6.273 / (67)	0% / 58.64%	4435
មេមត់	6.273 / (67)	0% / 58.64%	4436
ថ្ងៃក្រោយ	6.273 / (67)	0% / 58.64%	4437
នឹងគេ	6.273 / (67)	0% / 58.64%	4438
អត្តឃាត	6.273 / (67)	0% / 58.64%	4439
អនុស្សរណៈ	6.273 / (67)	0% / 58.64%	4440
ឥស្សរិយយស	6.273 / (67)	0% / 58.64%	4441
រំកិល	6.273 / (67)	0% / 58.64%	4442
ប្រៀន	6.179 / (66)	0% / 58.64%	4443
លាមក	6.179 / (66)	0% / 58.65%	4444
ផ្ទៀង	6.179 / (66)	0% / 58.65%	4445
សំរុក	6.179 / (66)	0% / 58.65%	4446
មួយនោះ	6.179 / (66)	0% / 58.65%	4447
នៅនឹង	6.179 / (66)	0% / 58.65%	4448
យ៉ាងណាក៏ដោយ	6.179 / (66)	0% / 58.65%	4449
ដឹងខ្លួន	6.179 / (66)	0% / 58.65%	4450
ទេពកោសល្យ	6.179 / (66)	0% / 58.65%	4451
ផ្គរ	6.179 / (66)	0% / 58.65%	4452
ចារិក	6.179 / (66)	0% / 58.65%	4453
បច្ចុប្បន្នភាព	6.179 / (66)	0% / 58.65%	4454
ឥសូរ	6.179 / (66)	0% / 58.65%	4455
អន្ធពាល	6.179 / (66)	0% / 58.65%	4456
រៀម	6.179 / (66)	0% / 58.65%	4457
ដងលើ	6.179 / (66)	0% / 58.65%	4458
ឡាក	6.179 / (66)	0% / 58.65%	4459
តាំងនៅ	6.179 / (66)	0% / 58.66%	4460
ក្រឡ	6.179 / (66)	0% / 58.66%	4461
លទ្ធកម្ម	6.179 / (66)	0% / 58.66%	4462
ណឺង	6.179 / (66)	0% / 58.66%	4463
អឺងកង	6.179 / (66)	0% / 58.66%	4464
ប្រសារ	6.179 / (66)	0% / 58.66%	4465
ក្រោយនេះ	6.179 / (66)	0% / 58.66%	4466
ងងុយ	6.179 / (66)	0% / 58.66%	4467
ទុកឲ្យ	6.179 / (66)	0% / 58.66%	4468
ស្ទូង	6.179 / (66)	0% / 58.66%	4469
ច្របាច់	6.179 / (66)	0% / 58.66%	4470
សត្ត	6.179 / (66)	0% / 58.66%	4471
អ៊ូអរ	6.179 / (66)	0% / 58.66%	4472
ឧក្រិដ្ឋជន	6.179 / (66)	0% / 58.66%	4473
បាឡាត់	6.179 / (66)	0% / 58.66%	4474
ឆ្មារ	6.179 / (66)	0% / 58.66%	4475
ទន្ទឹង	6.179 / (66)	0% / 58.67%	4476
ទោចក្រយាន	6.179 / (66)	0% / 58.67%	4477
ថាទៅ	6.085 / (65)	0% / 58.67%	4478
ចចាមអារ៉ាម	6.085 / (65)	0% / 58.67%	4479
មានឱកាស	6.085 / (65)	0% / 58.67%	4480
ផ្សឹក	6.085 / (65)	0% / 58.67%	4481
លុបបំបាត់	6.085 / (65)	0% / 58.67%	4482
ណុប	6.085 / (65)	0% / 58.67%	4483
មនុស្សជាតិ	6.085 / (65)	0% / 58.67%	4484
នឹម	6.085 / (65)	0% / 58.67%	4485
កំផែង	6.085 / (65)	0% / 58.67%	4486
ផ្កាយរណប	6.085 / (65)	0% / 58.67%	4487
ការស្រាវជ្រាវ	6.085 / (65)	0% / 58.67%	4488
ញក	6.085 / (65)	0% / 58.67%	4489
ឆ្មក់	6.085 / (65)	0% / 58.67%	4490
លីន	6.085 / (65)	0% / 58.67%	4491
អនិច្ចា	6.085 / (65)	0% / 58.68%	4492
ស្ងោរ	6.085 / (65)	0% / 58.68%	4493
ព្រឹទ្ធ	6.085 / (65)	0% / 58.68%	4494
ប៉ះទង្គិច	6.085 / (65)	0% / 58.68%	4495
ញុះញង់	6.085 / (65)	0% / 58.68%	4496
ខិលខូច	6.085 / (65)	0% / 58.68%	4497
ពិស	6.085 / (65)	0% / 58.68%	4498
ផ្កាប់	6.085 / (65)	0% / 58.68%	4499
ដំកល់	6.085 / (65)	0% / 58.68%	4500
លៃ	6.085 / (65)	0% / 58.68%	4501
ភ្ជង់	6.085 / (65)	0% / 58.68%	4502
ផ្ដេសផ្ដាស	5.992 / (64)	0% / 58.68%	4503
ទេសកាល	5.992 / (64)	0% / 58.68%	4504
ប្រថាប់	5.992 / (64)	0% / 58.68%	4505
សារពើ	5.992 / (64)	0% / 58.68%	4506
វេជ្ជសាស្ត្រ	5.992 / (64)	0% / 58.68%	4507
អាគម	5.992 / (64)	0% / 58.68%	4508
មនុស្សម្នាក់	5.992 / (64)	0% / 58.69%	4509
ថ្កើង	5.992 / (64)	0% / 58.69%	4510
សោហ៊ុយ	5.992 / (64)	0% / 58.69%	4511
សើរើ	5.992 / (64)	0% / 58.69%	4512
ដោយហេតុថា	5.992 / (64)	0% / 58.69%	4513
ពុះពារ	5.992 / (64)	0% / 58.69%	4514
ប៉ៅ	5.992 / (64)	0% / 58.69%	4515
ជ្រោះ	5.992 / (64)	0% / 58.69%	4516
រណប	5.992 / (64)	0% / 58.69%	4517
លីវ	5.992 / (64)	0% / 58.69%	4518
បាគង	5.992 / (64)	0% / 58.69%	4519
បង្កាន់	5.992 / (64)	0% / 58.69%	4520
អ្នកបង្កើត	5.992 / (64)	0% / 58.69%	4521
គួប	5.992 / (64)	0% / 58.69%	4522
សង្គ្រាមលោក	5.992 / (64)	0% / 58.69%	4523
គ្រវី	5.992 / (64)	0% / 58.69%	4524
ព្រឺ	5.992 / (64)	0% / 58.69%	4525
សិង្ហ	5.992 / (64)	0% / 58.7%	4526
មុខមាត់	5.992 / (64)	0% / 58.7%	4527
ក្ដាប់	5.992 / (64)	0% / 58.7%	4528
ដៀល	5.992 / (64)	0% / 58.7%	4529
ពីរដង	5.992 / (64)	0% / 58.7%	4530
សុគន្ធ	5.992 / (64)	0% / 58.7%	4531
រូបមន្ត	5.992 / (64)	0% / 58.7%	4532
មកុដ	5.992 / (64)	0% / 58.7%	4533
ខ្ញុំប្របាទ	5.992 / (64)	0% / 58.7%	4534
ជំទង់	5.898 / (63)	0% / 58.7%	4535
ទន្ទ្រាន	5.898 / (63)	0% / 58.7%	4536
ព្រះបាទនរោត្តម	5.898 / (63)	0% / 58.7%	4537
យ៉ាងតិច	5.898 / (63)	0% / 58.7%	4538
ធ្វេស	5.898 / (63)	0% / 58.7%	4539
វិត	5.898 / (63)	0% / 58.7%	4540
រមាស	5.898 / (63)	0% / 58.7%	4541
ហ៊ុមព័ទ្ធ	5.898 / (63)	0% / 58.7%	4542
ឌីត	5.898 / (63)	0% / 58.71%	4543
និគម	5.898 / (63)	0% / 58.71%	4544
គ្រាន់បើ	5.898 / (63)	0% / 58.71%	4545
ព្រាប	5.898 / (63)	0% / 58.71%	4546
សៃ	5.898 / (63)	0% / 58.71%	4547
ថ្ងៃមុន	5.898 / (63)	0% / 58.71%	4548
ឥណ្ឌូចិន	5.898 / (63)	0% / 58.71%	4549
ប្រជាមានិត	5.898 / (63)	0% / 58.71%	4550
សើម	5.898 / (63)	0% / 58.71%	4551
ហួសហេតុ	5.898 / (63)	0% / 58.71%	4552
កសិផល	5.898 / (63)	0% / 58.71%	4553
ឧប្បត្តិហេតុ	5.898 / (63)	0% / 58.71%	4554
ពោរ	5.898 / (63)	0% / 58.71%	4555
ឆែម	5.898 / (63)	0% / 58.71%	4556
គូរផែនទី	5.898 / (63)	0% / 58.71%	4557
ធ្វើពី	5.898 / (63)	0% / 58.71%	4558
គន្លង	5.898 / (63)	0% / 58.72%	4559
អាថ៌	5.898 / (63)	0% / 58.72%	4560
នគរភ្នំ	5.898 / (63)	0% / 58.72%	4561
ច្រាស	5.805 / (62)	0% / 58.72%	4562
ត្អូញ	5.805 / (62)	0% / 58.72%	4563
សូរស័ព្ទ	5.805 / (62)	0% / 58.72%	4564
អ្នកនាង	5.805 / (62)	0% / 58.72%	4565
លៀង	5.805 / (62)	0% / 58.72%	4566
លេខាធិការដ្ឋាន	5.805 / (62)	0% / 58.72%	4567
ព័ណ៌	5.805 / (62)	0% / 58.72%	4568
ផ្សង	5.805 / (62)	0% / 58.72%	4569
ជញ្ជីង	5.805 / (62)	0% / 58.72%	4570
សន្ធឹកសន្ធាប់	5.805 / (62)	0% / 58.72%	4571
ដាច់ស្រយាល	5.805 / (62)	0% / 58.72%	4572
ព្រួត	5.805 / (62)	0% / 58.72%	4573
សុខទុក្ខ	5.805 / (62)	0% / 58.72%	4574
ខ្វល់ខ្វាយ	5.805 / (62)	0% / 58.72%	4575
ហ៊ុយ	5.805 / (62)	0% / 58.72%	4576
ច្នៃប្រឌិត	5.805 / (62)	0% / 58.73%	4577
ហោម	5.805 / (62)	0% / 58.73%	4578
សំបួរ	5.805 / (62)	0% / 58.73%	4579
ប្រូ	5.805 / (62)	0% / 58.73%	4580
សួគ៌ា	5.805 / (62)	0% / 58.73%	4581
អស់នោះ	5.805 / (62)	0% / 58.73%	4582
នឹកឃើញ	5.805 / (62)	0% / 58.73%	4583
ទណ្ឌិត	5.805 / (62)	0% / 58.73%	4584
សាន្ត	5.805 / (62)	0% / 58.73%	4585
អ្នកលេង	5.805 / (62)	0% / 58.73%	4586
ការវិវត្តន៍	5.805 / (62)	0% / 58.73%	4587
អូវ	5.805 / (62)	0% / 58.73%	4588
លង្វែក	5.805 / (62)	0% / 58.73%	4589
ម្ល៉ោះ	5.805 / (62)	0% / 58.73%	4590
ហ្អី	5.805 / (62)	0% / 58.73%	4591
គំនុំ	5.805 / (62)	0% / 58.73%	4592
បបែល	5.805 / (62)	0% / 58.73%	4593
គ្រប់ពេល	5.711 / (61)	0% / 58.74%	4594
បំភាន់	5.711 / (61)	0% / 58.74%	4595
សួង	5.711 / (61)	0% / 58.74%	4596
បញ្ញវន្ត	5.711 / (61)	0% / 58.74%	4597
នរា	5.711 / (61)	0% / 58.74%	4598
រ៉ាប់	5.711 / (61)	0% / 58.74%	4599
តួអក្សរ	5.711 / (61)	0% / 58.74%	4600
តាមដែល	5.711 / (61)	0% / 58.74%	4601
សន្ទរកថា	5.711 / (61)	0% / 58.74%	4602
វារ	5.711 / (61)	0% / 58.74%	4603
អាទិ៍	5.711 / (61)	0% / 58.74%	4604
ចែករំលែក	5.711 / (61)	0% / 58.74%	4605
ញែក	5.711 / (61)	0% / 58.74%	4606
ផ្លូវគោក	5.711 / (61)	0% / 58.74%	4607
ធេង	5.711 / (61)	0% / 58.74%	4608
ខ្ពង់	5.711 / (61)	0% / 58.74%	4609
គម្រប់	5.711 / (61)	0% / 58.74%	4610
ស្មាញ	5.711 / (61)	0% / 58.75%	4611
ចាប់បាន	5.711 / (61)	0% / 58.75%	4612
គ្រហស្ថ	5.711 / (61)	0% / 58.75%	4613
ឆាប់រហ័ស	5.711 / (61)	0% / 58.75%	4614
ខ្វាវ	5.711 / (61)	0% / 58.75%	4615
ហ៊ីង	5.711 / (61)	0% / 58.75%	4616
ខ្មែរក្រោម	5.711 / (61)	0% / 58.75%	4617
ពន់ពេក	5.711 / (61)	0% / 58.75%	4618
ប្រថុយ	5.711 / (61)	0% / 58.75%	4619
មូរ	5.711 / (61)	0% / 58.75%	4620
អើពើ	5.711 / (61)	0% / 58.75%	4621
តម្រិះ	5.617 / (60)	0% / 58.75%	4622
ធ្វើអាជីវកម្ម	5.617 / (60)	0% / 58.75%	4623
ផ្តាំ	5.617 / (60)	0% / 58.75%	4624
រសាត់	5.617 / (60)	0% / 58.75%	4625
ស្ដួច	5.617 / (60)	0% / 58.75%	4626
ហោជាង	5.617 / (60)	0% / 58.75%	4627
ម៉ដ្ឋ	5.617 / (60)	0% / 58.75%	4628
អស់លោក	5.617 / (60)	0% / 58.76%	4629
សង្គមនិយម	5.617 / (60)	0% / 58.76%	4630
អូយ	5.617 / (60)	0% / 58.76%	4631
បពិត្រ	5.617 / (60)	0% / 58.76%	4632
ផ្ដន្ទា	5.617 / (60)	0% / 58.76%	4633
លើកទឹកចិត្ត	5.617 / (60)	0% / 58.76%	4634
ទន្លេមេគង្គ	5.617 / (60)	0% / 58.76%	4635
ហ្មត់ចត់	5.617 / (60)	0% / 58.76%	4636
មរណ	5.617 / (60)	0% / 58.76%	4637
ដំណំ	5.617 / (60)	0% / 58.76%	4638
ថ្ងូរ	5.617 / (60)	0% / 58.76%	4639
ចំអក	5.617 / (60)	0% / 58.76%	4640
ឧត្តរ	5.617 / (60)	0% / 58.76%	4641
ឡិច	5.617 / (60)	0% / 58.76%	4642
ចាំយាម	5.617 / (60)	0% / 58.76%	4643
ជោក	5.617 / (60)	0% / 58.76%	4644
ថ្កោលទោស	5.617 / (60)	0% / 58.76%	4645
វត្សរ៍	5.617 / (60)	0% / 58.76%	4646
ខេមរៈ	5.617 / (60)	0% / 58.77%	4647
ទំនៀមទម្លាប់	5.617 / (60)	0% / 58.77%	4648
សគុណ	5.617 / (60)	0% / 58.77%	4649
កឋិន	5.617 / (60)	0% / 58.77%	4650
ហ៊ោ	5.617 / (60)	0% / 58.77%	4651
វង្សា	5.617 / (60)	0% / 58.77%	4652
បសុ	5.617 / (60)	0% / 58.77%	4653
ពិសាខ	5.617 / (60)	0% / 58.77%	4654
ឡោម	5.617 / (60)	0% / 58.77%	4655
ឡែ	5.617 / (60)	0% / 58.77%	4656
វិនាទី	5.617 / (60)	0% / 58.77%	4657
មហោស្រព	5.617 / (60)	0% / 58.77%	4658
ឥតមាន	5.617 / (60)	0% / 58.77%	4659
ទោះជាយ៉ាងណា	5.617 / (60)	0% / 58.77%	4660
គំហុក	5.617 / (60)	0% / 58.77%	4661
ថ្ងៃសៅរ៍	5.617 / (60)	0% / 58.77%	4662
បង់លុយ	5.617 / (60)	0% / 58.77%	4663
ជ្រែក	5.617 / (60)	0% / 58.77%	4664
ពិពណ៌នា	5.524 / (59)	0% / 58.78%	4665
ឯកសណ្ឋាន	5.524 / (59)	0% / 58.78%	4666
តឿ	5.524 / (59)	0% / 58.78%	4667
ស្ថាបត្យកម្ម	5.524 / (59)	0% / 58.78%	4668
កៀន	5.524 / (59)	0% / 58.78%	4669
សេន	5.524 / (59)	0% / 58.78%	4670
វ៉	5.524 / (59)	0% / 58.78%	4671
ត្រីឆ្អើរ	5.524 / (59)	0% / 58.78%	4672
វែកញែក	5.524 / (59)	0% / 58.78%	4673
ក្រែល	5.524 / (59)	0% / 58.78%	4674
បំភ័ន្ត	5.524 / (59)	0% / 58.78%	4675
រង្គាល	5.524 / (59)	0% / 58.78%	4676
ប៉ូល	5.524 / (59)	0% / 58.78%	4677
ព្រ័ត្រ	5.524 / (59)	0% / 58.78%	4678
ខោអាវ	5.524 / (59)	0% / 58.78%	4679
កកើត	5.524 / (59)	0% / 58.78%	4680
ទំពាំង	5.524 / (59)	0% / 58.78%	4681
រាក់ទាក់	5.524 / (59)	0% / 58.78%	4682
រសើប	5.524 / (59)	0% / 58.79%	4683
អភិ	5.524 / (59)	0% / 58.79%	4684
ពីព្រលឹម	5.524 / (59)	0% / 58.79%	4685
ចាល	5.524 / (59)	0% / 58.79%	4686
កោស	5.524 / (59)	0% / 58.79%	4687
រំភើយ	5.524 / (59)	0% / 58.79%	4688
ផ្ទាត់	5.524 / (59)	0% / 58.79%	4689
ផួយ	5.524 / (59)	0% / 58.79%	4690
ស្មុគ	5.524 / (59)	0% / 58.79%	4691
ជិតស្និទ្ធ	5.524 / (59)	0% / 58.79%	4692
ក្រួស	5.524 / (59)	0% / 58.79%	4693
អធិការកិច្ច	5.524 / (59)	0% / 58.79%	4694
វេរ	5.524 / (59)	0% / 58.79%	4695
បំបិទ	5.524 / (59)	0% / 58.79%	4696
ថ្កុំថ្កើង	5.524 / (59)	0% / 58.79%	4697
ត្រៃ	5.524 / (59)	0% / 58.79%	4698
ស្មើគ្នា	5.524 / (59)	0% / 58.79%	4699
ហើម	5.524 / (59)	0% / 58.79%	4700
ថ្មីទៀត	5.524 / (59)	0% / 58.8%	4701
ប៉ោង	5.43 / (58)	0% / 58.8%	4702
ធ្វើតាម	5.43 / (58)	0% / 58.8%	4703
ចង្ក្រាន	5.43 / (58)	0% / 58.8%	4704
វៀច	5.43 / (58)	0% / 58.8%	4705
សោភា	5.43 / (58)	0% / 58.8%	4706
លែក	5.43 / (58)	0% / 58.8%	4707
រុក្ខ	5.43 / (58)	0% / 58.8%	4708
មេព្រៃ	5.43 / (58)	0% / 58.8%	4709
សម្បា	5.43 / (58)	0% / 58.8%	4710
ពាក្យសំដី	5.43 / (58)	0% / 58.8%	4711
ព្រះបរមរាជវាំង	5.43 / (58)	0% / 58.8%	4712
បាក់បែក	5.43 / (58)	0% / 58.8%	4713
ទ្រាន់	5.43 / (58)	0% / 58.8%	4714
នៅចន្លោះ	5.43 / (58)	0% / 58.8%	4715
លៀម	5.43 / (58)	0% / 58.8%	4716
និក្ខេបបទ	5.43 / (58)	0% / 58.8%	4717
និយាយទៅ	5.43 / (58)	0% / 58.8%	4718
កាព្យ	5.43 / (58)	0% / 58.81%	4719
តទៅទៀត	5.43 / (58)	0% / 58.81%	4720
ប៉េអិម	5.43 / (58)	0% / 58.81%	4721
យុគ	5.43 / (58)	0% / 58.81%	4722
ខ្លៅ	5.43 / (58)	0% / 58.81%	4723
ស្បែកជើង	5.43 / (58)	0% / 58.81%	4724
ក្រៀមក្រំ	5.43 / (58)	0% / 58.81%	4725
រទូ	5.43 / (58)	0% / 58.81%	4726
កេះ	5.43 / (58)	0% / 58.81%	4727
បង្អង់	5.43 / (58)	0% / 58.81%	4728
អុំទូក	5.336 / (57)	0% / 58.81%	4729
យោគ	5.336 / (57)	0% / 58.81%	4730
ទើស	5.336 / (57)	0% / 58.81%	4731
ធំដុំ	5.336 / (57)	0% / 58.81%	4732
ស្រងាត់	5.336 / (57)	0% / 58.81%	4733
មត៌ក	5.336 / (57)	0% / 58.81%	4734
បំពង	5.336 / (57)	0% / 58.81%	4735
បង្រួបបង្រួម	5.336 / (57)	0% / 58.81%	4736
ចាត់ទុកថា	5.336 / (57)	0% / 58.81%	4737
គ្រឿងម៉ាស៊ីន	5.336 / (57)	0% / 58.82%	4738
ឆាយា	5.336 / (57)	0% / 58.82%	4739
ភ្លឹក	5.336 / (57)	0% / 58.82%	4740
ផ្ដៅ	5.336 / (57)	0% / 58.82%	4741
លោកបង	5.336 / (57)	0% / 58.82%	4742
តក់	5.336 / (57)	0% / 58.82%	4743
អុស	5.336 / (57)	0% / 58.82%	4744
គាំពារ	5.336 / (57)	0% / 58.82%	4745
ស្វីស	5.336 / (57)	0% / 58.82%	4746
ផ្សេងគ្នា	5.336 / (57)	0% / 58.82%	4747
គ្រូទាយ	5.336 / (57)	0% / 58.82%	4748
ដើរទៅ	5.336 / (57)	0% / 58.82%	4749
រន្ទះ	5.336 / (57)	0% / 58.82%	4750
គុម្ព	5.336 / (57)	0% / 58.82%	4751
ប្រស្នា	5.336 / (57)	0% / 58.82%	4752
ក្អក	5.336 / (57)	0% / 58.82%	4753
ផលិតភាព	5.336 / (57)	0% / 58.82%	4754
អឺយ	5.336 / (57)	0% / 58.82%	4755
រណ្ដៅ	5.336 / (57)	0% / 58.82%	4756
លើកយក	5.336 / (57)	0% / 58.83%	4757
លុង	5.336 / (57)	0% / 58.83%	4758
មានខ្លឹមសារ	5.336 / (57)	0% / 58.83%	4759
រំជួល	5.336 / (57)	0% / 58.83%	4760
ចំណត	5.336 / (57)	0% / 58.83%	4761
សារាយ	5.336 / (57)	0% / 58.83%	4762
កាត់ក្តី	5.336 / (57)	0% / 58.83%	4763
ឈ្លាន	5.243 / (56)	0% / 58.83%	4764
មានច្បាប់	5.243 / (56)	0% / 58.83%	4765
តាំងយូ	5.243 / (56)	0% / 58.83%	4766
ការលើកលែង	5.243 / (56)	0% / 58.83%	4767
ម៉ាស៊ីនថតរូប	5.243 / (56)	0% / 58.83%	4768
នាម៉ឺន	5.243 / (56)	0% / 58.83%	4769
គំនូស	5.243 / (56)	0% / 58.83%	4770
ក្អែក	5.243 / (56)	0% / 58.83%	4771
វាត	5.243 / (56)	0% / 58.83%	4772
ទីប្រជុំជន	5.243 / (56)	0% / 58.83%	4773
ជើ	5.243 / (56)	0% / 58.83%	4774
ជួបគ្នា	5.243 / (56)	0% / 58.83%	4775
ដំណុះ	5.243 / (56)	0% / 58.84%	4776
កន្លែងធ្វើការ	5.243 / (56)	0% / 58.84%	4777
សិល្ប	5.243 / (56)	0% / 58.84%	4778
មីក្រូ	5.243 / (56)	0% / 58.84%	4779
ប៉ិ	5.243 / (56)	0% / 58.84%	4780
ពោះវៀន	5.243 / (56)	0% / 58.84%	4781
មកឃើញ	5.243 / (56)	0% / 58.84%	4782
អធ្រាត្រ	5.243 / (56)	0% / 58.84%	4783
ហិរញ្ញប្បទាន	5.243 / (56)	0% / 58.84%	4784
ឯកា	5.243 / (56)	0% / 58.84%	4785
យកជា	5.243 / (56)	0% / 58.84%	4786
សុរិយា	5.243 / (56)	0% / 58.84%	4787
សួរនាំ	5.243 / (56)	0% / 58.84%	4788
ពិសី	5.243 / (56)	0% / 58.84%	4789
ហែង	5.243 / (56)	0% / 58.84%	4790
ថោកទាប	5.243 / (56)	0% / 58.84%	4791
ស្ពៃ	5.243 / (56)	0% / 58.84%	4792
ខាតបង់	5.243 / (56)	0% / 58.84%	4793
ពីសម័យ	5.243 / (56)	0% / 58.84%	4794
គោរពច្បាប់	5.243 / (56)	0% / 58.85%	4795
ប្រសប់	5.243 / (56)	0% / 58.85%	4796
អគ្គស្នងការ	5.243 / (56)	0% / 58.85%	4797
កំណប់	5.243 / (56)	0% / 58.85%	4798
រឭក	5.243 / (56)	0% / 58.85%	4799
ដឺ	5.243 / (56)	0% / 58.85%	4800
ក្បោះក្បាយ	5.243 / (56)	0% / 58.85%	4801
សម្ងំ	5.243 / (56)	0% / 58.85%	4802
គិតទៅ	5.243 / (56)	0% / 58.85%	4803
ពីឆ្វេង	5.243 / (56)	0% / 58.85%	4804
ណយ	5.149 / (55)	0% / 58.85%	4805
មុនគេ	5.149 / (55)	0% / 58.85%	4806
ក្រឹត្យ	5.149 / (55)	0% / 58.85%	4807
មោង	5.149 / (55)	0% / 58.85%	4808
មេខលា	5.149 / (55)	0% / 58.85%	4809
រាស់	5.149 / (55)	0% / 58.85%	4810
តុក្កតា	5.149 / (55)	0% / 58.85%	4811
ងឿង	5.149 / (55)	0% / 58.85%	4812
វរសេនីយ៍ត្រី	5.149 / (55)	0% / 58.85%	4813
ទើបបាន	5.149 / (55)	0% / 58.86%	4814
ឯកឧត្តម	5.149 / (55)	0% / 58.86%	4815
មេជើង	5.149 / (55)	0% / 58.86%	4816
ចោ	5.149 / (55)	0% / 58.86%	4817
យើ	5.149 / (55)	0% / 58.86%	4818
អភិសិទ្ធិ	5.149 / (55)	0% / 58.86%	4819
មែនមាន	5.149 / (55)	0% / 58.86%	4820
បំផ្លិចបំផ្លាញ	5.149 / (55)	0% / 58.86%	4821
តុលាការអន្តរជាតិ	5.149 / (55)	0% / 58.86%	4822
ពោ	5.149 / (55)	0% / 58.86%	4823
ត្រូវឲ្យ	5.149 / (55)	0% / 58.86%	4824
ប្រាក់ចំណូល	5.149 / (55)	0% / 58.86%	4825
ចិត្តនឹង	5.149 / (55)	0% / 58.86%	4826
ប្រេស៊ីល	5.149 / (55)	0% / 58.86%	4827
រំពង	5.149 / (55)	0% / 58.86%	4828
ប៉ាង	5.149 / (55)	0% / 58.86%	4829
ទេពធីតា	5.149 / (55)	0% / 58.86%	4830
ញាត់	5.149 / (55)	0% / 58.86%	4831
សង្វេគ	5.149 / (55)	0% / 58.86%	4832
រូបិយប័ណ្ណ	5.149 / (55)	0% / 58.87%	4833
គ្រប់យ៉ាង	5.149 / (55)	0% / 58.87%	4834
កូរ	5.149 / (55)	0% / 58.87%	4835
កាលបើ	5.149 / (55)	0% / 58.87%	4836
សុបិន	5.149 / (55)	0% / 58.87%	4837
បល្ល័ង្ក	5.149 / (55)	0% / 58.87%	4838
អង់អាច	5.149 / (55)	0% / 58.87%	4839
ជាហូរហែ	5.056 / (54)	0% / 58.87%	4840
ស្បូន	5.056 / (54)	0% / 58.87%	4841
សេសសល់	5.056 / (54)	0% / 58.87%	4842
ដោល	5.056 / (54)	0% / 58.87%	4843
ឧតុនិយម	5.056 / (54)	0% / 58.87%	4844
ក្លៀវក្លា	5.056 / (54)	0% / 58.87%	4845
រិះរក	5.056 / (54)	0% / 58.87%	4846
សន្តាន	5.056 / (54)	0% / 58.87%	4847
ខ្ជាប់	5.056 / (54)	0% / 58.87%	4848
ធ្លាប់ស្គាល់	5.056 / (54)	0% / 58.87%	4849
កៀរ	5.056 / (54)	0% / 58.87%	4850
មុខវិជ្ជា	5.056 / (54)	0% / 58.87%	4851
សាបសូន្យ	5.056 / (54)	0% / 58.87%	4852
អង្គរធំ	5.056 / (54)	0% / 58.88%	4853
ចូលឆ្នាំ	5.056 / (54)	0% / 58.88%	4854
ម៉ឺង	5.056 / (54)	0% / 58.88%	4855
និរោធ	5.056 / (54)	0% / 58.88%	4856
ចាស	5.056 / (54)	0% / 58.88%	4857
ពង្រត់	5.056 / (54)	0% / 58.88%	4858
ពេលបោះឆ្នោត	5.056 / (54)	0% / 58.88%	4859
មាំមួន	5.056 / (54)	0% / 58.88%	4860
ស្នាមមេដៃ	5.056 / (54)	0% / 58.88%	4861
ទួទៅ	5.056 / (54)	0% / 58.88%	4862
អង្រឹង	5.056 / (54)	0% / 58.88%	4863
ជំរះ	5.056 / (54)	0% / 58.88%	4864
ទន្ទេញ	5.056 / (54)	0% / 58.88%	4865
ឬនៅ	5.056 / (54)	0% / 58.88%	4866
ពាលី	5.056 / (54)	0% / 58.88%	4867
ជាតិបារាំង	5.056 / (54)	0% / 58.88%	4868
ឈ្មោល	5.056 / (54)	0% / 58.88%	4869
នាឡិកា	5.056 / (54)	0% / 58.88%	4870
ធរណី	5.056 / (54)	0% / 58.88%	4871
ចែ	5.056 / (54)	0% / 58.88%	4872
បំភ័យ	5.056 / (54)	0% / 58.89%	4873
មិនអីទេ	5.056 / (54)	0% / 58.89%	4874
កំឡាំង	5.056 / (54)	0% / 58.89%	4875
មិនធ្លាប់	5.056 / (54)	0% / 58.89%	4876
ប៊ិច	5.056 / (54)	0% / 58.89%	4877
សារាចរ	5.056 / (54)	0% / 58.89%	4878
កោន	5.056 / (54)	0% / 58.89%	4879
ឆ័ត្រ	5.056 / (54)	0% / 58.89%	4880
កត់ត្រា	5.056 / (54)	0% / 58.89%	4881
ពាំ	4.962 / (53)	0% / 58.89%	4882
បោច	4.962 / (53)	0% / 58.89%	4883
សំឡូត	4.962 / (53)	0% / 58.89%	4884
ខ្នុរ	4.962 / (53)	0% / 58.89%	4885
ភាន់	4.962 / (53)	0% / 58.89%	4886
ផ្ទឹម	4.962 / (53)	0% / 58.89%	4887
ស្អប់ខ្ពើម	4.962 / (53)	0% / 58.89%	4888
អនុសេនីយ៍ឯក	4.962 / (53)	0% / 58.89%	4889
ត្រីងៀត	4.962 / (53)	0% / 58.89%	4890
ហិត	4.962 / (53)	0% / 58.89%	4891
ប្រេះ	4.962 / (53)	0% / 58.89%	4892
រាក	4.962 / (53)	0% / 58.9%	4893
តតាំង	4.962 / (53)	0% / 58.9%	4894
វិលត្រឡប់	4.962 / (53)	0% / 58.9%	4895
ពាង	4.962 / (53)	0% / 58.9%	4896
កញ្ចាស់	4.962 / (53)	0% / 58.9%	4897
ដោយក្រុម	4.962 / (53)	0% / 58.9%	4898
សងសឹក	4.962 / (53)	0% / 58.9%	4899
លួងលោម	4.962 / (53)	0% / 58.9%	4900
អាក្រាត	4.962 / (53)	0% / 58.9%	4901
ពិតមែន	4.962 / (53)	0% / 58.9%	4902
ជឿន	4.962 / (53)	0% / 58.9%	4903
ញើស	4.962 / (53)	0% / 58.9%	4904
លើទឹក	4.962 / (53)	0% / 58.9%	4905
ជាស្រេច	4.962 / (53)	0% / 58.9%	4906
ដើមទុន	4.962 / (53)	0% / 58.9%	4907
ស៊ីញ៉េ	4.962 / (53)	0% / 58.9%	4908
មនុស្សធម៌	4.962 / (53)	0% / 58.9%	4909
មួរ	4.962 / (53)	0% / 58.9%	4910
មានលទ្ធភាព	4.962 / (53)	0% / 58.9%	4911
រុករាន	4.962 / (53)	0% / 58.9%	4912
វិហារកាល	4.962 / (53)	0% / 58.91%	4913
មគ្គុទ្ទេសក៍	4.962 / (53)	0% / 58.91%	4914
ព្នង	4.962 / (53)	0% / 58.91%	4915
អព្យាក្រឹត	4.962 / (53)	0% / 58.91%	4916
កៈ	4.962 / (53)	0% / 58.91%	4917
រាតត្បាត	4.962 / (53)	0% / 58.91%	4918
រំសាយ	4.962 / (53)	0% / 58.91%	4919
ពីព្រឹក	4.962 / (53)	0% / 58.91%	4920
របូត	4.962 / (53)	0% / 58.91%	4921
អលង្ការ	4.962 / (53)	0% / 58.91%	4922
ជួបនឹង	4.962 / (53)	0% / 58.91%	4923
សច្ចា	4.962 / (53)	0% / 58.91%	4924
ភ័ន្ត	4.962 / (53)	0% / 58.91%	4925
ហ្ម	4.962 / (53)	0% / 58.91%	4926
និត្យ	4.962 / (53)	0% / 58.91%	4927
ចាស់ទុំ	4.962 / (53)	0% / 58.91%	4928
ស្ងួន	4.868 / (52)	0% / 58.91%	4929
ទៅមក	4.868 / (52)	0% / 58.91%	4930
មានចំណេះ	4.868 / (52)	0% / 58.91%	4931
ក្សត្រា	4.868 / (52)	0% / 58.91%	4932
នាំចេញ	4.868 / (52)	0% / 58.92%	4933
បក្សា	4.868 / (52)	0% / 58.92%	4934
លលក	4.868 / (52)	0% / 58.92%	4935
ល្បះ	4.868 / (52)	0% / 58.92%	4936
មឈូស	4.868 / (52)	0% / 58.92%	4937
ខណៈនោះ	4.868 / (52)	0% / 58.92%	4938
មានកំរិត	4.868 / (52)	0% / 58.92%	4939
ចាត់វិធានការ	4.868 / (52)	0% / 58.92%	4940
ឪឡឹក	4.868 / (52)	0% / 58.92%	4941
ឌឺ	4.868 / (52)	0% / 58.92%	4942
សមរភូមិ	4.868 / (52)	0% / 58.92%	4943
សំពោង	4.868 / (52)	0% / 58.92%	4944
ទៅរួច	4.868 / (52)	0% / 58.92%	4945
ភ្លន់	4.868 / (52)	0% / 58.92%	4946
សង្ខារ	4.868 / (52)	0% / 58.92%	4947
តំរង់	4.868 / (52)	0% / 58.92%	4948
ខន្តី	4.868 / (52)	0% / 58.92%	4949
ជាតិសាសន៍	4.868 / (52)	0% / 58.92%	4950
អត់ធ្មត់	4.868 / (52)	0% / 58.92%	4951
អយុធ្យា	4.868 / (52)	0% / 58.92%	4952
លម្អៀង	4.868 / (52)	0% / 58.92%	4953
និន្ទា	4.868 / (52)	0% / 58.93%	4954
ម៉ត់ចត់	4.868 / (52)	0% / 58.93%	4955
រាសី	4.868 / (52)	0% / 58.93%	4956
នៈ	4.868 / (52)	0% / 58.93%	4957
ដេញដោល	4.868 / (52)	0% / 58.93%	4958
មានកម្ម	4.868 / (52)	0% / 58.93%	4959
អត់ទេ	4.868 / (52)	0% / 58.93%	4960
គណៈរដ្ឋ	4.868 / (52)	0% / 58.93%	4961
ដុនដាប	4.868 / (52)	0% / 58.93%	4962
តទល់	4.868 / (52)	0% / 58.93%	4963
ខាងស្ដាំ	4.868 / (52)	0% / 58.93%	4964
រាជានុញ្ញាត	4.868 / (52)	0% / 58.93%	4965
ប្រមើល	4.868 / (52)	0% / 58.93%	4966
ខ្លោងទ្វារ	4.868 / (52)	0% / 58.93%	4967
គំនាប	4.868 / (52)	0% / 58.93%	4968
ទំនាប	4.868 / (52)	0% / 58.93%	4969
វល្លិ	4.868 / (52)	0% / 58.93%	4970
កោដិ	4.868 / (52)	0% / 58.93%	4971
មានទំលាប់	4.868 / (52)	0% / 58.93%	4972
កាលណោះ	4.868 / (52)	0% / 58.93%	4973
ចែវ	4.868 / (52)	0% / 58.94%	4974
បាក់ឌុប	4.868 / (52)	0% / 58.94%	4975
ប្រមឹក	4.775 / (51)	0% / 58.94%	4976
រលោង	4.775 / (51)	0% / 58.94%	4977
មាយា	4.775 / (51)	0% / 58.94%	4978
សមរ	4.775 / (51)	0% / 58.94%	4979
វុន	4.775 / (51)	0% / 58.94%	4980
សិរីសោភ័ណ	4.775 / (51)	0% / 58.94%	4981
ធារា	4.775 / (51)	0% / 58.94%	4982
ណៈ	4.775 / (51)	0% / 58.94%	4983
ពេលថ្ងៃ	4.775 / (51)	0% / 58.94%	4984
ថ្ងៃសុក្រ	4.775 / (51)	0% / 58.94%	4985
អ្នកនយោបាយ	4.775 / (51)	0% / 58.94%	4986
ច្រវាក់	4.775 / (51)	0% / 58.94%	4987
បែន	4.775 / (51)	0% / 58.94%	4988
លោហិត	4.775 / (51)	0% / 58.94%	4989
ក្បួនខ្នាត	4.775 / (51)	0% / 58.94%	4990
ខាងចុង	4.775 / (51)	0% / 58.94%	4991
កន្លែងណា	4.775 / (51)	0% / 58.94%	4992
មិនជា	4.775 / (51)	0% / 58.94%	4993
ស្រុកបារាំង	4.775 / (51)	0% / 58.94%	4994
ក្រេប	4.775 / (51)	0% / 58.95%	4995
ស្លូតត្រង់	4.775 / (51)	0% / 58.95%	4996
ខ័ន	4.775 / (51)	0% / 58.95%	4997
អាយ៉ង	4.775 / (51)	0% / 58.95%	4998
បាភ្នំ	4.775 / (51)	0% / 58.95%	4999
កើតមានឡើង	4.775 / (51)	0% / 58.95%	5000
ធ្លក	4.775 / (51)	0% / 58.95%	5001
បដា	4.775 / (51)	0% / 58.95%	5002
ការផ្សាយ	4.775 / (51)	0% / 58.95%	5003
កសិដ្ឋាន	4.775 / (51)	0% / 58.95%	5004
ពេលព្រឹក	4.775 / (51)	0% / 58.95%	5005
ចង្វាក់	4.775 / (51)	0% / 58.95%	5006
ឆ្នាំនេះ	4.775 / (51)	0% / 58.95%	5007
ចេ	4.775 / (51)	0% / 58.95%	5008
ពេលយប់	4.775 / (51)	0% / 58.95%	5009
ចំណាប់អារម្មណ៍	4.775 / (51)	0% / 58.95%	5010
អ្នកជា	4.775 / (51)	0% / 58.95%	5011
តម្លឹង	4.775 / (51)	0% / 58.95%	5012
រៀងខ្លួន	4.775 / (51)	0% / 58.95%	5013
មានមុខ	4.775 / (51)	0% / 58.95%	5014
ប៉ុក	4.775 / (51)	0% / 58.95%	5015
ផ្អែកលើ	4.775 / (51)	0% / 58.96%	5016
កល្យាណ	4.775 / (51)	0% / 58.96%	5017
ភឿន	4.775 / (51)	0% / 58.96%	5018
បព្វជិត	4.775 / (51)	0% / 58.96%	5019
មាត់ជ្រូក	4.775 / (51)	0% / 58.96%	5020
សុភាសិត	4.775 / (51)	0% / 58.96%	5021
ធូរស្រាល	4.775 / (51)	0% / 58.96%	5022
អនុលោម	4.775 / (51)	0% / 58.96%	5023
បញ្ចុះបញ្ចូល	4.775 / (51)	0% / 58.96%	5024
ព្រះរាជសារ	4.775 / (51)	0% / 58.96%	5025
មានយោបល់	4.775 / (51)	0% / 58.96%	5026
នាគា	4.775 / (51)	0% / 58.96%	5027
រពុក	4.775 / (51)	0% / 58.96%	5028
ផ្លេក	4.775 / (51)	0% / 58.96%	5029
ខកខាន	4.775 / (51)	0% / 58.96%	5030
ដុ	4.775 / (51)	0% / 58.96%	5031
ត្រូវជា	4.681 / (50)	0% / 58.96%	5032
ព្យាង្គ	4.681 / (50)	0% / 58.96%	5033
ព័រ	4.681 / (50)	0% / 58.96%	5034
សោកនាដកម្ម	4.681 / (50)	0% / 58.96%	5035
ព្រះរាជាណាចក្រកម្ពុជា	4.681 / (50)	0% / 58.96%	5036
សិរិ	4.681 / (50)	0% / 58.97%	5037
សរសេរខុស	4.681 / (50)	0% / 58.97%	5038
សំងាត់	4.681 / (50)	0% / 58.97%	5039
ស្លោក	4.681 / (50)	0% / 58.97%	5040
អាសាញ់	4.681 / (50)	0% / 58.97%	5041
ស្រពោន	4.681 / (50)	0% / 58.97%	5042
ពឹងផ្អែក	4.681 / (50)	0% / 58.97%	5043
ថប់	4.681 / (50)	0% / 58.97%	5044
បេង	4.681 / (50)	0% / 58.97%	5045
អយ្យការ	4.681 / (50)	0% / 58.97%	5046
លុយកាក់	4.681 / (50)	0% / 58.97%	5047
កាលពីដើម	4.681 / (50)	0% / 58.97%	5048
ភ្ជុំ	4.681 / (50)	0% / 58.97%	5049
សាឡាង	4.681 / (50)	0% / 58.97%	5050
នាំមុខ	4.681 / (50)	0% / 58.97%	5051
ផ្ទៃមុខ	4.681 / (50)	0% / 58.97%	5052
ញាំ	4.681 / (50)	0% / 58.97%	5053
យោធពលខេមរភូមិន្ទ	4.681 / (50)	0% / 58.97%	5054
សំណៅ	4.681 / (50)	0% / 58.97%	5055
ទឹកកក	4.681 / (50)	0% / 58.97%	5056
ឥន្ទ្រ	4.681 / (50)	0% / 58.97%	5057
ងៀត	4.681 / (50)	0% / 58.98%	5058
អំនួត	4.681 / (50)	0% / 58.98%	5059
ហក់	4.681 / (50)	0% / 58.98%	5060
បើដូច្នេះ	4.681 / (50)	0% / 58.98%	5061
កុំថាឡើយ	4.681 / (50)	0% / 58.98%	5062
អ្នកប្រដាល់	4.681 / (50)	0% / 58.98%	5063
ដុន	4.681 / (50)	0% / 58.98%	5064
ឆេ	4.681 / (50)	0% / 58.98%	5065
កាត់ត	4.681 / (50)	0% / 58.98%	5066
ជយោ	4.681 / (50)	0% / 58.98%	5067
ធ្មេញឈើ	4.681 / (50)	0% / 58.98%	5068
គរុកោសល្យ	4.681 / (50)	0% / 58.98%	5069
វរុណ	4.681 / (50)	0% / 58.98%	5070
សំឡឹង	4.681 / (50)	0% / 58.98%	5071
អ្នកប្រាជ្ញ	4.681 / (50)	0% / 58.98%	5072
ប្រេត	4.681 / (50)	0% / 58.98%	5073
ហស្ត	4.681 / (50)	0% / 58.98%	5074
ស្តាដ	4.681 / (50)	0% / 58.98%	5075
ដណ្ដប់	4.681 / (50)	0% / 58.98%	5076
ការដឹកនាំ	4.681 / (50)	0% / 58.98%	5077
ផ្លូវថ្នល់	4.681 / (50)	0% / 58.98%	5078
សុរិយ	4.681 / (50)	0% / 58.98%	5079
ត្រង់ណា	4.681 / (50)	0% / 58.99%	5080
កូសាំងស៊ីន	4.587 / (49)	0% / 58.99%	5081
ហើយពី	4.587 / (49)	0% / 58.99%	5082
ព័ទ្ធជុំវិញ	4.587 / (49)	0% / 58.99%	5083
ប្រញាល់	4.587 / (49)	0% / 58.99%	5084
ង៉ាំ	4.587 / (49)	0% / 58.99%	5085
អានុភាព	4.587 / (49)	0% / 58.99%	5086
លឹង	4.587 / (49)	0% / 58.99%	5087
មាត់ទន្លេ	4.587 / (49)	0% / 58.99%	5088
ទីទៃ	4.587 / (49)	0% / 58.99%	5089
ស្និទ្ធស្នាល	4.587 / (49)	0% / 58.99%	5090
សម្រុង	4.587 / (49)	0% / 58.99%	5091
បង្ហើយ	4.587 / (49)	0% / 58.99%	5092
នីតិកម្ម	4.587 / (49)	0% / 58.99%	5093
ណឺ	4.587 / (49)	0% / 58.99%	5094
សុខុមាលភាព	4.587 / (49)	0% / 58.99%	5095
ធ្លោ	4.587 / (49)	0% / 58.99%	5096
សម្បទា	4.587 / (49)	0% / 58.99%	5097
កុ	4.587 / (49)	0% / 58.99%	5098
ភ្លោះ	4.587 / (49)	0% / 58.99%	5099
អច្ឆរិយ	4.587 / (49)	0% / 58.99%	5100
អេះ	4.587 / (49)	0% / 58.99%	5101
សៀវភៅសរសេរ	4.587 / (49)	0% / 59%	5102
នៅចាំ	4.587 / (49)	0% / 59%	5103
ខួង	4.587 / (49)	0% / 59%	5104
រកមើល	4.587 / (49)	0% / 59%	5105
តឹងរ៉ឹង	4.587 / (49)	0% / 59%	5106
ការស្វែងរក	4.587 / (49)	0% / 59%	5107
សារុង	4.587 / (49)	0% / 59%	5108
និយាយលេង	4.587 / (49)	0% / 59%	5109
ខ្លោចផ្សា	4.587 / (49)	0% / 59%	5110
អាប៉ោង	4.587 / (49)	0% / 59%	5111
មារយាទ	4.587 / (49)	0% / 59%	5112
ព្រោងព្រាត	4.587 / (49)	0% / 59%	5113
សំពីង	4.587 / (49)	0% / 59%	5114
ប្រចាំខែ	4.587 / (49)	0% / 59%	5115
អប្បបរមា	4.587 / (49)	0% / 59%	5116
បបូរ	4.587 / (49)	0% / 59%	5117
មុតមាំ	4.587 / (49)	0% / 59%	5118
រន្ទះបាញ់	4.587 / (49)	0% / 59%	5119
កូនក្មេង	4.587 / (49)	0% / 59%	5120
ឧត្តមសេនីយ៍	4.587 / (49)	0% / 59%	5121
មេអំបៅ	4.587 / (49)	0% / 59%	5122
ថ្ងៃខែ	4.587 / (49)	0% / 59.01%	5123
ថ្ងៃពុធ	4.587 / (49)	0% / 59.01%	5124
ផ្លូវលំ	4.587 / (49)	0% / 59.01%	5125
តក់ស្លុត	4.587 / (49)	0% / 59.01%	5126
ជាមិនខាន	4.587 / (49)	0% / 59.01%	5127
គ្របដណ្ដប់	4.494 / (48)	0% / 59.01%	5128
ចង្វា	4.494 / (48)	0% / 59.01%	5129
និកាយ	4.494 / (48)	0% / 59.01%	5130
សិលាចារឹក	4.494 / (48)	0% / 59.01%	5131
ឲ្យឃើញ	4.494 / (48)	0% / 59.01%	5132
មហានគរ	4.494 / (48)	0% / 59.01%	5133
សះ	4.494 / (48)	0% / 59.01%	5134
ទ្វា	4.494 / (48)	0% / 59.01%	5135
ម្រះ	4.494 / (48)	0% / 59.01%	5136
គោលជំហរ	4.494 / (48)	0% / 59.01%	5137
រវើក	4.494 / (48)	0% / 59.01%	5138
សេរ	4.494 / (48)	0% / 59.01%	5139
ខាងក្នុង	4.494 / (48)	0% / 59.01%	5140
មហានិកាយ	4.494 / (48)	0% / 59.01%	5141
វាយោ	4.494 / (48)	0% / 59.01%	5142
ត្រាច	4.494 / (48)	0% / 59.01%	5143
ស្ដីទី	4.494 / (48)	0% / 59.01%	5144
កំហិត	4.494 / (48)	0% / 59.02%	5145
ទីបេ	4.494 / (48)	0% / 59.02%	5146
អោន	4.494 / (48)	0% / 59.02%	5147
លុត	4.494 / (48)	0% / 59.02%	5148
ក្នុងរយៈពេល	4.494 / (48)	0% / 59.02%	5149
អន្ទង	4.494 / (48)	0% / 59.02%	5150
ឲ្យសោះ	4.494 / (48)	0% / 59.02%	5151
ស្រួលបួល	4.494 / (48)	0% / 59.02%	5152
កើ	4.494 / (48)	0% / 59.02%	5153
ប៉	4.494 / (48)	0% / 59.02%	5154
សំពង	4.494 / (48)	0% / 59.02%	5155
អភ័ព្វ	4.494 / (48)	0% / 59.02%	5156
តំណាល	4.494 / (48)	0% / 59.02%	5157
បវរកញ្ញា	4.494 / (48)	0% / 59.02%	5158
ព្រី	4.494 / (48)	0% / 59.02%	5159
អើត	4.494 / (48)	0% / 59.02%	5160
រំសេវ	4.494 / (48)	0% / 59.02%	5161
ឈប់ឈរ	4.494 / (48)	0% / 59.02%	5162
លោកអ៊ំ	4.494 / (48)	0% / 59.02%	5163
សិក្សាស្រាវជ្រាវ	4.494 / (48)	0% / 59.02%	5164
ខ្សែបន្ទាត់	4.494 / (48)	0% / 59.02%	5165
មៈ	4.494 / (48)	0% / 59.02%	5166
រឹងប៉ឹង	4.494 / (48)	0% / 59.02%	5167
ស្ថាបនិក	4.494 / (48)	0% / 59.03%	5168
វាទ	4.494 / (48)	0% / 59.03%	5169
ប៉េង	4.494 / (48)	0% / 59.03%	5170
វ៉ុល	4.494 / (48)	0% / 59.03%	5171
ទល់មុខ	4.494 / (48)	0% / 59.03%	5172
ពិស្តារ	4.494 / (48)	0% / 59.03%	5173
វឹង	4.494 / (48)	0% / 59.03%	5174
ខាវ	4.494 / (48)	0% / 59.03%	5175
ចុះបញ្ជី	4.494 / (48)	0% / 59.03%	5176
ត្រឡប់ទៅ	4.494 / (48)	0% / 59.03%	5177
ធ្វើអំពើ	4.494 / (48)	0% / 59.03%	5178
រហាម	4.4 / (47)	0% / 59.03%	5179
ដើមត្នោត	4.4 / (47)	0% / 59.03%	5180
ក្មេងប្រុស	4.4 / (47)	0% / 59.03%	5181
នែ៎	4.4 / (47)	0% / 59.03%	5182
អគ្គនាយកដ្ឋាន	4.4 / (47)	0% / 59.03%	5183
ជ្រួល	4.4 / (47)	0% / 59.03%	5184
កំហូច	4.4 / (47)	0% / 59.03%	5185
ស្អិត	4.4 / (47)	0% / 59.03%	5186
ទិសទី	4.4 / (47)	0% / 59.03%	5187
បដិវត្តន៍	4.4 / (47)	0% / 59.03%	5188
ខ្សែកាប	4.4 / (47)	0% / 59.03%	5189
អតិ	4.4 / (47)	0% / 59.04%	5190
ប្រទាញ	4.4 / (47)	0% / 59.04%	5191
អាសអាភាស	4.4 / (47)	0% / 59.04%	5192
ចេញចូល	4.4 / (47)	0% / 59.04%	5193
ច្របូក	4.4 / (47)	0% / 59.04%	5194
វីឡា	4.4 / (47)	0% / 59.04%	5195
ប៉័ង	4.4 / (47)	0% / 59.04%	5196
ឈូង	4.4 / (47)	0% / 59.04%	5197
ជុក	4.4 / (47)	0% / 59.04%	5198
ធារាសាស្ត្រ	4.4 / (47)	0% / 59.04%	5199
សម្បក	4.4 / (47)	0% / 59.04%	5200
ឆេវឆាវ	4.4 / (47)	0% / 59.04%	5201
ខ្នោះ	4.4 / (47)	0% / 59.04%	5202
បំបួស	4.4 / (47)	0% / 59.04%	5203
ម្នាស់	4.4 / (47)	0% / 59.04%	5204
សាធ	4.4 / (47)	0% / 59.04%	5205
ឡាំ	4.4 / (47)	0% / 59.04%	5206
អនាថា	4.4 / (47)	0% / 59.04%	5207
បិដក	4.4 / (47)	0% / 59.04%	5208
សូកប៉ាន់	4.4 / (47)	0% / 59.04%	5209
ស្ទាប	4.4 / (47)	0% / 59.04%	5210
អាម៉ាក	4.4 / (47)	0% / 59.04%	5211
ដំណាង	4.4 / (47)	0% / 59.04%	5212
អាស្រម	4.4 / (47)	0% / 59.05%	5213
ចម្រូង	4.4 / (47)	0% / 59.05%	5214
ក៏ដូច	4.4 / (47)	0% / 59.05%	5215
លំនៅឋាន	4.4 / (47)	0% / 59.05%	5216
ពន្លក	4.4 / (47)	0% / 59.05%	5217
ជំទប់	4.4 / (47)	0% / 59.05%	5218
តាមបង្គាប់	4.4 / (47)	0% / 59.05%	5219
វែងឆ្ងាយ	4.4 / (47)	0% / 59.05%	5220
ដង់ស៊ីតេ	4.4 / (47)	0% / 59.05%	5221
ភេ	4.4 / (47)	0% / 59.05%	5222
ខ្វាត់	4.4 / (47)	0% / 59.05%	5223
បម្រះ	4.4 / (47)	0% / 59.05%	5224
តួយ៉ាង	4.4 / (47)	0% / 59.05%	5225
បើកទ្វារ	4.4 / (47)	0% / 59.05%	5226
កំពឹស	4.4 / (47)	0% / 59.05%	5227
ឆ្នាំមុន	4.4 / (47)	0% / 59.05%	5228
ឯកស័ក	4.4 / (47)	0% / 59.05%	5229
ដំបន់	4.306 / (46)	0% / 59.05%	5230
ក្បត់ជាតិ	4.306 / (46)	0% / 59.05%	5231
បំផ្លើស	4.306 / (46)	0% / 59.05%	5232
វត្តអារាម	4.306 / (46)	0% / 59.05%	5233
តន់	4.306 / (46)	0% / 59.05%	5234
លក្ខន្តិកៈ	4.306 / (46)	0% / 59.05%	5235
ទោមនស្ស	4.306 / (46)	0% / 59.06%	5236
ម៉ៅការ	4.306 / (46)	0% / 59.06%	5237
សេនីយ	4.306 / (46)	0% / 59.06%	5238
គំលាត	4.306 / (46)	0% / 59.06%	5239
ពេស្យាចារ	4.306 / (46)	0% / 59.06%	5240
ខកចិត្ត	4.306 / (46)	0% / 59.06%	5241
ចាប៉ី	4.306 / (46)	0% / 59.06%	5242
ឆ្អើរ	4.306 / (46)	0% / 59.06%	5243
ហ៏	4.306 / (46)	0% / 59.06%	5244
ងប់	4.306 / (46)	0% / 59.06%	5245
ធ្វើស្រែ	4.306 / (46)	0% / 59.06%	5246
យកពេល	4.306 / (46)	0% / 59.06%	5247
ខ្លោង	4.306 / (46)	0% / 59.06%	5248
ហា៎	4.306 / (46)	0% / 59.06%	5249
សោះតែ	4.306 / (46)	0% / 59.06%	5250
លេងភ្លេង	4.306 / (46)	0% / 59.06%	5251
ឆាប	4.306 / (46)	0% / 59.06%	5252
លើកលែងតែ	4.306 / (46)	0% / 59.06%	5253
ស្រាត	4.306 / (46)	0% / 59.06%	5254
អង្អែល	4.306 / (46)	0% / 59.06%	5255
ជម្លៀស	4.306 / (46)	0% / 59.06%	5256
សម្រុះ	4.306 / (46)	0% / 59.06%	5257
ក្អម	4.306 / (46)	0% / 59.06%	5258
វះកាត់	4.306 / (46)	0% / 59.07%	5259
ទេវ	4.306 / (46)	0% / 59.07%	5260
ប្រដេញ	4.306 / (46)	0% / 59.07%	5261
សន្សឹម	4.306 / (46)	0% / 59.07%	5262
មួង	4.306 / (46)	0% / 59.07%	5263
ភោគ	4.306 / (46)	0% / 59.07%	5264
សូមស្វាគមន៍	4.306 / (46)	0% / 59.07%	5265
ច្រាល	4.306 / (46)	0% / 59.07%	5266
យកចិត្តទុកដាក់	4.306 / (46)	0% / 59.07%	5267
ទំពូង	4.306 / (46)	0% / 59.07%	5268
ស្ពឹក	4.306 / (46)	0% / 59.07%	5269
ផង់	4.306 / (46)	0% / 59.07%	5270
បវរ	4.306 / (46)	0% / 59.07%	5271
សាវតារ	4.306 / (46)	0% / 59.07%	5272
អានេះ	4.306 / (46)	0% / 59.07%	5273
តិះដៀល	4.306 / (46)	0% / 59.07%	5274
ល្វា	4.306 / (46)	0% / 59.07%	5275
ព្រមទេ?	4.306 / (46)	0% / 59.07%	5276
ឲ្យទៅ	4.306 / (46)	0% / 59.07%	5277
នាំចូល	4.306 / (46)	0% / 59.07%	5278
ល្មោភ	4.306 / (46)	0% / 59.07%	5279
ខុសគេ	4.306 / (46)	0% / 59.07%	5280
បដិភាគ	4.306 / (46)	0% / 59.07%	5281
វ៉ី	4.213 / (45)	0% / 59.08%	5282
ល្អិតល្អន់	4.213 / (45)	0% / 59.08%	5283
វល់	4.213 / (45)	0% / 59.08%	5284
កលល្បិច	4.213 / (45)	0% / 59.08%	5285
ម្ភៃ	4.213 / (45)	0% / 59.08%	5286
ហី	4.213 / (45)	0% / 59.08%	5287
ឆក	4.213 / (45)	0% / 59.08%	5288
ស្វាង	4.213 / (45)	0% / 59.08%	5289
តែម	4.213 / (45)	0% / 59.08%	5290
ស្រុះស្រួល	4.213 / (45)	0% / 59.08%	5291
អ្នកចេះ	4.213 / (45)	0% / 59.08%	5292
បុព្វហេតុ	4.213 / (45)	0% / 59.08%	5293
លក្ខណ	4.213 / (45)	0% / 59.08%	5294
ចីរភាព	4.213 / (45)	0% / 59.08%	5295
ដំកើង	4.213 / (45)	0% / 59.08%	5296
ជោរ	4.213 / (45)	0% / 59.08%	5297
វង	4.213 / (45)	0% / 59.08%	5298
ដំណែង	4.213 / (45)	0% / 59.08%	5299
ប្រកាច់	4.213 / (45)	0% / 59.08%	5300
ឆោត	4.213 / (45)	0% / 59.08%	5301
សមាមាត្រ	4.213 / (45)	0% / 59.08%	5302
ឆ្នាំទៅ	4.213 / (45)	0% / 59.08%	5303
បង្អាប់	4.213 / (45)	0% / 59.08%	5304
វៈ	4.213 / (45)	0% / 59.08%	5305
ស្លាបព្រាបាយ	4.213 / (45)	0% / 59.09%	5306
កិត្តិនាម	4.213 / (45)	0% / 59.09%	5307
ខ្មាំង	4.213 / (45)	0% / 59.09%	5308
ទាសករ	4.213 / (45)	0% / 59.09%	5309
ល្អជាងគេ	4.213 / (45)	0% / 59.09%	5310
ឧបាយកល	4.213 / (45)	0% / 59.09%	5311
រាជទូត	4.213 / (45)	0% / 59.09%	5312
ពត់	4.213 / (45)	0% / 59.09%	5313
ហួសចិត្ត	4.213 / (45)	0% / 59.09%	5314
កំណាច	4.213 / (45)	0% / 59.09%	5315
ចាញ់ក្ដី	4.213 / (45)	0% / 59.09%	5316
ស្យាម	4.213 / (45)	0% / 59.09%	5317
អនុជ	4.213 / (45)	0% / 59.09%	5318
សាជីវកម្ម	4.213 / (45)	0% / 59.09%	5319
សមណស័ក្តិ	4.213 / (45)	0% / 59.09%	5320
កំរើក	4.213 / (45)	0% / 59.09%	5321
ខ្វៃ	4.213 / (45)	0% / 59.09%	5322
គូប្រកួត	4.213 / (45)	0% / 59.09%	5323
ម្លិះ	4.213 / (45)	0% / 59.09%	5324
ប្រណិប័តន៍	4.213 / (45)	0% / 59.09%	5325
ការចោទប្រកាន់	4.213 / (45)	0% / 59.09%	5326
តែឯង	4.213 / (45)	0% / 59.09%	5327
ជ្រើសតាំង	4.213 / (45)	0% / 59.09%	5328
ច្រើនពេក	4.213 / (45)	0% / 59.09%	5329
ទឹកជំនន់	4.213 / (45)	0% / 59.1%	5330
បន្ធូរបន្ថយ	4.213 / (45)	0% / 59.1%	5331
មហាសង្ក្រាន្ត	4.213 / (45)	0% / 59.1%	5332
ពុំមែន	4.213 / (45)	0% / 59.1%	5333
ទឹកដោះគោ	4.119 / (44)	0% / 59.1%	5334
ពីសា	4.119 / (44)	0% / 59.1%	5335
បង្ខាំង	4.119 / (44)	0% / 59.1%	5336
មហាសុមេធាធិបតី	4.119 / (44)	0% / 59.1%	5337
យោធភូមិភាគ	4.119 / (44)	0% / 59.1%	5338
ទ្រឹង	4.119 / (44)	0% / 59.1%	5339
សម្ភារ	4.119 / (44)	0% / 59.1%	5340
ឈ្លក់	4.119 / (44)	0% / 59.1%	5341
អង់តែន	4.119 / (44)	0% / 59.1%	5342
រណារ	4.119 / (44)	0% / 59.1%	5343
ព្រហើន	4.119 / (44)	0% / 59.1%	5344
មួយវិញទៀត	4.119 / (44)	0% / 59.1%	5345
ទាល់តែសោះ	4.119 / (44)	0% / 59.1%	5346
ធ្លុះ	4.119 / (44)	0% / 59.1%	5347
រដូវវស្សា	4.119 / (44)	0% / 59.1%	5348
ប្រញ៉ាប់	4.119 / (44)	0% / 59.1%	5349
រក៍	4.119 / (44)	0% / 59.1%	5350
បៀត	4.119 / (44)	0% / 59.1%	5351
ជ្វា	4.119 / (44)	0% / 59.1%	5352
តិរច្ឆាន	4.119 / (44)	0% / 59.1%	5353
ក្រយា	4.119 / (44)	0% / 59.11%	5354
ស្មើនឹង	4.119 / (44)	0% / 59.11%	5355
ហូបចុក	4.119 / (44)	0% / 59.11%	5356
រួចស្រេច	4.119 / (44)	0% / 59.11%	5357
សាលដីកា	4.119 / (44)	0% / 59.11%	5358
នៅក្បែរ	4.119 / (44)	0% / 59.11%	5359
កកែប	4.119 / (44)	0% / 59.11%	5360
ឆ្នេរសមុទ្ទ	4.119 / (44)	0% / 59.11%	5361
នីតិប្បញ្ញត្តិ	4.119 / (44)	0% / 59.11%	5362
បោយ	4.119 / (44)	0% / 59.11%	5363
កូវ	4.119 / (44)	0% / 59.11%	5364
ត្រួយ	4.119 / (44)	0% / 59.11%	5365
ក្លើ	4.119 / (44)	0% / 59.11%	5366
លើកដី	4.119 / (44)	0% / 59.11%	5367
ទទឹក	4.119 / (44)	0% / 59.11%	5368
ទល់នឹង	4.119 / (44)	0% / 59.11%	5369
ដាក់ឲ្យ	4.119 / (44)	0% / 59.11%	5370
វ័យក្មេង	4.119 / (44)	0% / 59.11%	5371
នគរខ្មែរ	4.119 / (44)	0% / 59.11%	5372
អ្នកស្រាវជ្រាវ	4.119 / (44)	0% / 59.11%	5373
ស្ដេចស្រី	4.119 / (44)	0% / 59.11%	5374
សាលាបឋមសិក្សា	4.119 / (44)	0% / 59.11%	5375
មកលេង	4.119 / (44)	0% / 59.11%	5376
ក្រោធ	4.119 / (44)	0% / 59.11%	5377
គិតដល់	4.119 / (44)	0% / 59.12%	5378
ម៉្យាងទៀត	4.119 / (44)	0% / 59.12%	5379
រ៉ាប់រង	4.119 / (44)	0% / 59.12%	5380
រែង	4.119 / (44)	0% / 59.12%	5381
អស់ពី	4.119 / (44)	0% / 59.12%	5382
ប៉ាត	4.119 / (44)	0% / 59.12%	5383
ឧបជ្ឈាយ៍	4.119 / (44)	0% / 59.12%	5384
សប់	4.119 / (44)	0% / 59.12%	5385
អ្នកឯង	4.119 / (44)	0% / 59.12%	5386
រៀបចំឡើង	4.119 / (44)	0% / 59.12%	5387
កាវ	4.119 / (44)	0% / 59.12%	5388
ម្ចាស់ការ	4.119 / (44)	0% / 59.12%	5389
ប្អូនប្រុស	4.119 / (44)	0% / 59.12%	5390
ទីតាំងនៅ	4.119 / (44)	0% / 59.12%	5391
មជ្ឈិម	4.119 / (44)	0% / 59.12%	5392
លេខរៀង	4.119 / (44)	0% / 59.12%	5393
ម្ហូបអាហារ	4.119 / (44)	0% / 59.12%	5394
ចិត	4.119 / (44)	0% / 59.12%	5395
ពេញវ័យ	4.119 / (44)	0% / 59.12%	5396
ប៉ាក់	4.026 / (43)	0% / 59.12%	5397
ទួត	4.026 / (43)	0% / 59.12%	5398
ក៏បានដែរ	4.026 / (43)	0% / 59.12%	5399
ប្រះ	4.026 / (43)	0% / 59.12%	5400
អុ	4.026 / (43)	0% / 59.12%	5401
វាត់	4.026 / (43)	0% / 59.12%	5402
ខ្វាយខ្វល់	4.026 / (43)	0% / 59.13%	5403
ទាំងប៉ុន្មាន	4.026 / (43)	0% / 59.13%	5404
មានប្រសាសន៍ថា	4.026 / (43)	0% / 59.13%	5405
ចុងខែ	4.026 / (43)	0% / 59.13%	5406
ស្ងើច	4.026 / (43)	0% / 59.13%	5407
មួយភ្លែត	4.026 / (43)	0% / 59.13%	5408
ហិណ្ឌូ	4.026 / (43)	0% / 59.13%	5409
ការចែក	4.026 / (43)	0% / 59.13%	5410
ជាប់គ្នា	4.026 / (43)	0% / 59.13%	5411
ស្រួយ	4.026 / (43)	0% / 59.13%	5412
ទំលាយ	4.026 / (43)	0% / 59.13%	5413
រថយន្តក្រុង	4.026 / (43)	0% / 59.13%	5414
ចិត្តបាន	4.026 / (43)	0% / 59.13%	5415
នាត	4.026 / (43)	0% / 59.13%	5416
ពុទ្ធិក	4.026 / (43)	0% / 59.13%	5417
យតិ	4.026 / (43)	0% / 59.13%	5418
ភ័ក្តិ	4.026 / (43)	0% / 59.13%	5419
បន់ស្រន់	4.026 / (43)	0% / 59.13%	5420
ថ្ងាស	4.026 / (43)	0% / 59.13%	5421
ស្មាច់	4.026 / (43)	0% / 59.13%	5422
ទីរួមខេត្ត	4.026 / (43)	0% / 59.13%	5423
ខ្លែង	4.026 / (43)	0% / 59.13%	5424
ជាប់គុក	4.026 / (43)	0% / 59.13%	5425
ហេតុដូចម្តេច	4.026 / (43)	0% / 59.13%	5426
តុងទីន	4.026 / (43)	0% / 59.14%	5427
ម្យ៉ាងវិញទៀត	4.026 / (43)	0% / 59.14%	5428
ហោះហើរ	4.026 / (43)	0% / 59.14%	5429
ថ្លឹង	4.026 / (43)	0% / 59.14%	5430
ត្រកួន	4.026 / (43)	0% / 59.14%	5431
ពិបាកចិត្ត	4.026 / (43)	0% / 59.14%	5432
ពួរ	4.026 / (43)	0% / 59.14%	5433
ក្លែម	4.026 / (43)	0% / 59.14%	5434
វ័ន	4.026 / (43)	0% / 59.14%	5435
យៀកណាម	4.026 / (43)	0% / 59.14%	5436
ធ្វេសប្រហែស	4.026 / (43)	0% / 59.14%	5437
ចិត្តជា	4.026 / (43)	0% / 59.14%	5438
មិនធម្មតា	4.026 / (43)	0% / 59.14%	5439
ចំណោទ	4.026 / (43)	0% / 59.14%	5440
ហត្ថលេខី	4.026 / (43)	0% / 59.14%	5441
ដុស	4.026 / (43)	0% / 59.14%	5442
ក្រវាញ	4.026 / (43)	0% / 59.14%	5443
គ្រាំ	4.026 / (43)	0% / 59.14%	5444
ព្រើត	4.026 / (43)	0% / 59.14%	5445
ពេលក្រោយ	4.026 / (43)	0% / 59.14%	5446
ត្រង់ថា	4.026 / (43)	0% / 59.14%	5447
ឧបាសិកា	4.026 / (43)	0% / 59.14%	5448
ខែល	3.932 / (42)	0% / 59.14%	5449
ច្រូច	3.932 / (42)	0% / 59.14%	5450
កំដៅ	3.932 / (42)	0% / 59.14%	5451
សាលាក្តី	3.932 / (42)	0% / 59.15%	5452
សិទ្ឋិ	3.932 / (42)	0% / 59.15%	5453
អៀនខ្មាស	3.932 / (42)	0% / 59.15%	5454
មេខ្លោង	3.932 / (42)	0% / 59.15%	5455
ផ្ងារ	3.932 / (42)	0% / 59.15%	5456
ព្រឹក្ស	3.932 / (42)	0% / 59.15%	5457
បង្អុរ	3.932 / (42)	0% / 59.15%	5458
អែក	3.932 / (42)	0% / 59.15%	5459
អាគុយ	3.932 / (42)	0% / 59.15%	5460
ដន្លង	3.932 / (42)	0% / 59.15%	5461
ថ្នាក់លើ	3.932 / (42)	0% / 59.15%	5462
មានគុណ	3.932 / (42)	0% / 59.15%	5463
មិនដល់	3.932 / (42)	0% / 59.15%	5464
ដាល់	3.932 / (42)	0% / 59.15%	5465
បង្ខូច	3.932 / (42)	0% / 59.15%	5466
ព្រះហស្ត	3.932 / (42)	0% / 59.15%	5467
កម្ពុជ	3.932 / (42)	0% / 59.15%	5468
និយាយលើ	3.932 / (42)	0% / 59.15%	5469
ស្មើភាព	3.932 / (42)	0% / 59.15%	5470
សង្ឃ័រ	3.932 / (42)	0% / 59.15%	5471
ឯកោ	3.932 / (42)	0% / 59.15%	5472
ភាសាបរទេស	3.932 / (42)	0% / 59.15%	5473
ភ្ញី	3.932 / (42)	0% / 59.15%	5474
បង្កាត់	3.932 / (42)	0% / 59.15%	5475
ឆ្នាំក្រោយ	3.932 / (42)	0% / 59.15%	5476
ពែង	3.932 / (42)	0% / 59.15%	5477
កូឡា	3.932 / (42)	0% / 59.16%	5478
ចម្អិន	3.932 / (42)	0% / 59.16%	5479
បារ	3.932 / (42)	0% / 59.16%	5480
មួ	3.932 / (42)	0% / 59.16%	5481
វិមានឯករាជ្យ	3.932 / (42)	0% / 59.16%	5482
ល្អក់	3.932 / (42)	0% / 59.16%	5483
សុំទាន	3.932 / (42)	0% / 59.16%	5484
យឺន	3.932 / (42)	0% / 59.16%	5485
បរា	3.932 / (42)	0% / 59.16%	5486
កុលសម្ព័ន្ធ	3.932 / (42)	0% / 59.16%	5487
គូរស្រករ	3.932 / (42)	0% / 59.16%	5488
មណី	3.932 / (42)	0% / 59.16%	5489
លើសលប់	3.932 / (42)	0% / 59.16%	5490
ពន្លត់	3.932 / (42)	0% / 59.16%	5491
គ្រឹង	3.932 / (42)	0% / 59.16%	5492
បណ្ដាក់	3.932 / (42)	0% / 59.16%	5493
ជំនាញការ	3.932 / (42)	0% / 59.16%	5494
ជាល	3.932 / (42)	0% / 59.16%	5495
តាំងតែ	3.932 / (42)	0% / 59.16%	5496
វរសេនីយ៍ទោ	3.932 / (42)	0% / 59.16%	5497
តម្រា	3.932 / (42)	0% / 59.16%	5498
ភស្ដុ	3.932 / (42)	0% / 59.16%	5499
សមគួរ	3.932 / (42)	0% / 59.16%	5500
តែថា	3.932 / (42)	0% / 59.16%	5501
រត់ទៅ	3.932 / (42)	0% / 59.16%	5502
ជាបន្ទាន់	3.932 / (42)	0% / 59.17%	5503
សំណាងល្អ	3.932 / (42)	0% / 59.17%	5504
ចារកម្ម	3.932 / (42)	0% / 59.17%	5505
វេះ	3.932 / (42)	0% / 59.17%	5506
កញ្ជើ	3.838 / (41)	0% / 59.17%	5507
ចេះដឹង	3.838 / (41)	0% / 59.17%	5508
អារក	3.838 / (41)	0% / 59.17%	5509
ដុះដាល	3.838 / (41)	0% / 59.17%	5510
ស្លូតបូត	3.838 / (41)	0% / 59.17%	5511
កេស	3.838 / (41)	0% / 59.17%	5512
រួស	3.838 / (41)	0% / 59.17%	5513
ថ្ងៃណាមួយ	3.838 / (41)	0% / 59.17%	5514
ការខូចខាត	3.838 / (41)	0% / 59.17%	5515
ក្រឡេកមើល	3.838 / (41)	0% / 59.17%	5516
តាមមើលទៅ	3.838 / (41)	0% / 59.17%	5517
ជាឯក	3.838 / (41)	0% / 59.17%	5518
ពុត	3.838 / (41)	0% / 59.17%	5519
សមណ	3.838 / (41)	0% / 59.17%	5520
ភ្លុក	3.838 / (41)	0% / 59.17%	5521
ស្និត	3.838 / (41)	0% / 59.17%	5522
លំហាត់	3.838 / (41)	0% / 59.17%	5523
កុងត្រា	3.838 / (41)	0% / 59.17%	5524
ផ្ទះសំបែង	3.838 / (41)	0% / 59.17%	5525
គង់តែ	3.838 / (41)	0% / 59.17%	5526
មានសមត្ថកិច្ច	3.838 / (41)	0% / 59.17%	5527
សះស្បើយ	3.838 / (41)	0% / 59.17%	5528
អានន្ទ	3.838 / (41)	0% / 59.18%	5529
ឡប់សតិ	3.838 / (41)	0% / 59.18%	5530
មនុស្សម្នា	3.838 / (41)	0% / 59.18%	5531
ប្រូតេអ៊ីន	3.838 / (41)	0% / 59.18%	5532
សំយោគ	3.838 / (41)	0% / 59.18%	5533
ជាគោល	3.838 / (41)	0% / 59.18%	5534
បាយបិណ្ឌ	3.838 / (41)	0% / 59.18%	5535
កាត់សេចក្តី	3.838 / (41)	0% / 59.18%	5536
ត្រឡាច	3.838 / (41)	0% / 59.18%	5537
ថ្ងៃត្រង់	3.838 / (41)	0% / 59.18%	5538
ស្ដីបន្ទោស	3.838 / (41)	0% / 59.18%	5539
រាន់	3.838 / (41)	0% / 59.18%	5540
រនាស់	3.838 / (41)	0% / 59.18%	5541
មានកំណើត	3.838 / (41)	0% / 59.18%	5542
វិទ្យាការ	3.838 / (41)	0% / 59.18%	5543
តំឡើង	3.838 / (41)	0% / 59.18%	5544
ឆ្ពោះទៅកាន់	3.838 / (41)	0% / 59.18%	5545
ព្រីង	3.838 / (41)	0% / 59.18%	5546
ស្រុកកំណើត	3.838 / (41)	0% / 59.18%	5547
អាពាធ	3.838 / (41)	0% / 59.18%	5548
ខាងដើម	3.838 / (41)	0% / 59.18%	5549
អន្លក់	3.838 / (41)	0% / 59.18%	5550
ចំពាម	3.838 / (41)	0% / 59.18%	5551
បំបៅ	3.838 / (41)	0% / 59.18%	5552
ដកទ័ព	3.838 / (41)	0% / 59.18%	5553
រាជបណ្ឌិត	3.838 / (41)	0% / 59.18%	5554
ភាវនា	3.838 / (41)	0% / 59.19%	5555
ឫកពា	3.838 / (41)	0% / 59.19%	5556
កីឡាបាល់ទាត់	3.838 / (41)	0% / 59.19%	5557
សាស្នា	3.838 / (41)	0% / 59.19%	5558
តាមលំដាប់	3.838 / (41)	0% / 59.19%	5559
យេ	3.838 / (41)	0% / 59.19%	5560
រាហូ	3.838 / (41)	0% / 59.19%	5561
ក្រញាំ	3.838 / (41)	0% / 59.19%	5562
ប្រាំពីរ	3.838 / (41)	0% / 59.19%	5563
ពិឃាត	3.838 / (41)	0% / 59.19%	5564
កុំអី	3.838 / (41)	0% / 59.19%	5565
គ្រប់កន្លែង	3.838 / (41)	0% / 59.19%	5566
ឆ្លាស់	3.838 / (41)	0% / 59.19%	5567
អរហន្ត	3.838 / (41)	0% / 59.19%	5568
ខ្ពង់រាប	3.838 / (41)	0% / 59.19%	5569
មេត្រីភាព	3.745 / (40)	0% / 59.19%	5570
ប្រយោល	3.745 / (40)	0% / 59.19%	5571
សង់ផ្ទះ	3.745 / (40)	0% / 59.19%	5572
បណ្ណាគារ	3.745 / (40)	0% / 59.19%	5573
សិន្ធុ	3.745 / (40)	0% / 59.19%	5574
ស្រាពណ៍	3.745 / (40)	0% / 59.19%	5575
ករី	3.745 / (40)	0% / 59.19%	5576
ចូលព្រៃ	3.745 / (40)	0% / 59.19%	5577
មហាសាល	3.745 / (40)	0% / 59.19%	5578
គម្រប	3.745 / (40)	0% / 59.19%	5579
ជានិច្ចកាល	3.745 / (40)	0% / 59.19%	5580
ឃ្នាប	3.745 / (40)	0% / 59.19%	5581
ទ្រនាប់	3.745 / (40)	0% / 59.2%	5582
ក្រមា	3.745 / (40)	0% / 59.2%	5583
ជាលំដាប់	3.745 / (40)	0% / 59.2%	5584
រួញ	3.745 / (40)	0% / 59.2%	5585
រិស	3.745 / (40)	0% / 59.2%	5586
ញ៉ែ	3.745 / (40)	0% / 59.2%	5587
រដ្ឋមន្ត្រីក្រសួងការបរទេស	3.745 / (40)	0% / 59.2%	5588
ចង្កៀង	3.745 / (40)	0% / 59.2%	5589
ការខុសឆ្គង	3.745 / (40)	0% / 59.2%	5590
វៀរ	3.745 / (40)	0% / 59.2%	5591
យុង	3.745 / (40)	0% / 59.2%	5592
ពែ	3.745 / (40)	0% / 59.2%	5593
នារាយណ៍	3.745 / (40)	0% / 59.2%	5594
មាណព	3.745 / (40)	0% / 59.2%	5595
បាត់ខ្លួន	3.745 / (40)	0% / 59.2%	5596
ដើមទ្រូង	3.745 / (40)	0% / 59.2%	5597
អាកាសយានដ្ឋាន	3.745 / (40)	0% / 59.2%	5598
សុវណ្ណភូមិ	3.745 / (40)	0% / 59.2%	5599
មតិមហាជន	3.745 / (40)	0% / 59.2%	5600
យៈ	3.745 / (40)	0% / 59.2%	5601
យុត្តិ	3.745 / (40)	0% / 59.2%	5602
ចេត្រ	3.745 / (40)	0% / 59.2%	5603
រោយ	3.745 / (40)	0% / 59.2%	5604
ស្ងៀមស្ងាត់	3.745 / (40)	0% / 59.2%	5605
អស់រលីង	3.745 / (40)	0% / 59.2%	5606
សន្ទស្សន៍	3.745 / (40)	0% / 59.2%	5607
ភ្លូក	3.745 / (40)	0% / 59.21%	5608
កោះហៅ	3.745 / (40)	0% / 59.21%	5609
ធូលី	3.745 / (40)	0% / 59.21%	5610
កំភួន	3.745 / (40)	0% / 59.21%	5611
មិនតែប៉ុណ្ណោះ	3.745 / (40)	0% / 59.21%	5612
ឈ្ងុយ	3.745 / (40)	0% / 59.21%	5613
ល្ហែម	3.745 / (40)	0% / 59.21%	5614
មហាសន្និបាត	3.745 / (40)	0% / 59.21%	5615
ហុងកុង	3.745 / (40)	0% / 59.21%	5616
សម្អាង	3.745 / (40)	0% / 59.21%	5617
លក្ខ	3.745 / (40)	0% / 59.21%	5618
អាឯង	3.745 / (40)	0% / 59.21%	5619
ត្រាប់	3.745 / (40)	0% / 59.21%	5620
កូនប្រសា	3.745 / (40)	0% / 59.21%	5621
ចចេញ	3.745 / (40)	0% / 59.21%	5622
ប៉ារីស៍	3.745 / (40)	0% / 59.21%	5623
ទក	3.745 / (40)	0% / 59.21%	5624
ហ៊ឹម	3.745 / (40)	0% / 59.21%	5625
ថ្ងៃបុណ្យ	3.745 / (40)	0% / 59.21%	5626
ហ្វីលីព្ពីន	3.745 / (40)	0% / 59.21%	5627
ណាស់ណា	3.745 / (40)	0% / 59.21%	5628
ទាន់សម័យ	3.745 / (40)	0% / 59.21%	5629
ក្នុងអំឡុង	3.745 / (40)	0% / 59.21%	5630
ម្នីម្នា	3.745 / (40)	0% / 59.21%	5631
វន្ត	3.745 / (40)	0% / 59.21%	5632
ឆោឡោ	3.745 / (40)	0% / 59.21%	5633
បដិសេធន៍	3.745 / (40)	0% / 59.21%	5634
សែត	3.651 / (39)	0% / 59.22%	5635
អប្ប	3.651 / (39)	0% / 59.22%	5636
ផ្ទៀងផ្ទាត់	3.651 / (39)	0% / 59.22%	5637
ជាយដែន	3.651 / (39)	0% / 59.22%	5638
អាមួយ	3.651 / (39)	0% / 59.22%	5639
វាស	3.651 / (39)	0% / 59.22%	5640
សូវៀត	3.651 / (39)	0% / 59.22%	5641
ដឹងរឿង	3.651 / (39)	0% / 59.22%	5642
អាករ	3.651 / (39)	0% / 59.22%	5643
ចាក់សោ	3.651 / (39)	0% / 59.22%	5644
គណបក្សប្រឆាំង	3.651 / (39)	0% / 59.22%	5645
ហួយ	3.651 / (39)	0% / 59.22%	5646
ចិញ្ចឹមជីវិត	3.651 / (39)	0% / 59.22%	5647
ឧស	3.651 / (39)	0% / 59.22%	5648
ទាំងសងខាង	3.651 / (39)	0% / 59.22%	5649
ស្លេះ	3.651 / (39)	0% / 59.22%	5650
បិទទ្វារ	3.651 / (39)	0% / 59.22%	5651
កំពង់ផែ	3.651 / (39)	0% / 59.22%	5652
ផ្សះផ្សា	3.651 / (39)	0% / 59.22%	5653
លាយឡំ	3.651 / (39)	0% / 59.22%	5654
មើលតែ	3.651 / (39)	0% / 59.22%	5655
ម៉ឹង	3.651 / (39)	0% / 59.22%	5656
ឡុក	3.651 / (39)	0% / 59.22%	5657
ការ៉ូ	3.651 / (39)	0% / 59.22%	5658
កំបុត	3.651 / (39)	0% / 59.22%	5659
សស្រាក់	3.651 / (39)	0% / 59.22%	5660
កូនសោ	3.651 / (39)	0% / 59.22%	5661
គាថា	3.651 / (39)	0% / 59.23%	5662
ទាក់ទាញអារម្មណ៍	3.651 / (39)	0% / 59.23%	5663
កំពង់សោម	3.651 / (39)	0% / 59.23%	5664
ក្សេមក្សាន្ត	3.651 / (39)	0% / 59.23%	5665
អគ្គរដ្ឋទូត	3.651 / (39)	0% / 59.23%	5666
ពេលល្ងាច	3.651 / (39)	0% / 59.23%	5667
តាមធម្មតា	3.651 / (39)	0% / 59.23%	5668
លោភលន់	3.651 / (39)	0% / 59.23%	5669
គីប	3.651 / (39)	0% / 59.23%	5670
បណ្ដាំ	3.651 / (39)	0% / 59.23%	5671
និមិត្តរូប	3.651 / (39)	0% / 59.23%	5672
ប្រាម	3.651 / (39)	0% / 59.23%	5673
រវាងប្រទេស	3.651 / (39)	0% / 59.23%	5674
ម្រេច	3.651 / (39)	0% / 59.23%	5675
សំងំ	3.651 / (39)	0% / 59.23%	5676
យោល	3.651 / (39)	0% / 59.23%	5677
សេចក្ដីរាយការណ៍	3.651 / (39)	0% / 59.23%	5678
រញ្ជួយ	3.651 / (39)	0% / 59.23%	5679
រោល	3.651 / (39)	0% / 59.23%	5680
ចិន្តា	3.651 / (39)	0% / 59.23%	5681
ប៉ោម	3.651 / (39)	0% / 59.23%	5682
កាប	3.651 / (39)	0% / 59.23%	5683
អ្នកចូលរួម	3.651 / (39)	0% / 59.23%	5684
ប្រាំបួន	3.651 / (39)	0% / 59.23%	5685
សុត	3.651 / (39)	0% / 59.23%	5686
គាបសង្កត់	3.651 / (39)	0% / 59.23%	5687
ទ្រាំទ្រ	3.651 / (39)	0% / 59.23%	5688
គោម	3.651 / (39)	0% / 59.23%	5689
យប់មិញ	3.651 / (39)	0% / 59.24%	5690
លោកខែ	3.651 / (39)	0% / 59.24%	5691
បរិបូរណ៍	3.651 / (39)	0% / 59.24%	5692
អ្នកគ្រប់គ្រង	3.651 / (39)	0% / 59.24%	5693
ទំនុកបំរុង	3.651 / (39)	0% / 59.24%	5694
ជន់	3.651 / (39)	0% / 59.24%	5695
សាលី	3.651 / (39)	0% / 59.24%	5696
ទេរ	3.651 / (39)	0% / 59.24%	5697
ត្រាវ	3.651 / (39)	0% / 59.24%	5698
ជ្រៀតជ្រែក	3.651 / (39)	0% / 59.24%	5699
នៅតាមផ្លូវ	3.651 / (39)	0% / 59.24%	5700
វាយដំ	3.651 / (39)	0% / 59.24%	5701
ល្អមើល	3.651 / (39)	0% / 59.24%	5702
ភៀសខ្លួន	3.557 / (38)	0% / 59.24%	5703
សាត	3.557 / (38)	0% / 59.24%	5704
បន្លាច	3.557 / (38)	0% / 59.24%	5705
ភ្នំស្រួច	3.557 / (38)	0% / 59.24%	5706
រ៉ឹង	3.557 / (38)	0% / 59.24%	5707
នីតិសម្បទា	3.557 / (38)	0% / 59.24%	5708
ថ្នាំជក់	3.557 / (38)	0% / 59.24%	5709
ជ្រាយ	3.557 / (38)	0% / 59.24%	5710
ការទាក់ទង	3.557 / (38)	0% / 59.24%	5711
ចន្ទី	3.557 / (38)	0% / 59.24%	5712
សង្ឃដីកា	3.557 / (38)	0% / 59.24%	5713
អ្នកគាំទ្រ	3.557 / (38)	0% / 59.24%	5714
ជាតិនិយម	3.557 / (38)	0% / 59.24%	5715
ចិញ្ច្រាំ	3.557 / (38)	0% / 59.24%	5716
ស្គាល់គ្នា	3.557 / (38)	0% / 59.24%	5717
និល	3.557 / (38)	0% / 59.25%	5718
សក្តានុពល	3.557 / (38)	0% / 59.25%	5719
ឈឺក្បាល	3.557 / (38)	0% / 59.25%	5720
ទាំងយប់	3.557 / (38)	0% / 59.25%	5721
សឿង	3.557 / (38)	0% / 59.25%	5722
អណ្ដាត	3.557 / (38)	0% / 59.25%	5723
វិប្បដិសារី	3.557 / (38)	0% / 59.25%	5724
ស្មោះស្ម័គ្រ	3.557 / (38)	0% / 59.25%	5725
ព្រាត	3.557 / (38)	0% / 59.25%	5726
ព្យញ្ជនៈ	3.557 / (38)	0% / 59.25%	5727
គួរគប្បី	3.557 / (38)	0% / 59.25%	5728
ថ្គាម	3.557 / (38)	0% / 59.25%	5729
ហាមប្រាម	3.557 / (38)	0% / 59.25%	5730
អស្ស	3.557 / (38)	0% / 59.25%	5731
បង្ខិត	3.557 / (38)	0% / 59.25%	5732
បង្វឹក	3.557 / (38)	0% / 59.25%	5733
វាស់វែង	3.557 / (38)	0% / 59.25%	5734
រ៉ង	3.557 / (38)	0% / 59.25%	5735
សាប៊ូ	3.557 / (38)	0% / 59.25%	5736
សំរឹទ្ធិ	3.557 / (38)	0% / 59.25%	5737
ស្រដី	3.557 / (38)	0% / 59.25%	5738
ច្រើនដង	3.557 / (38)	0% / 59.25%	5739
នឹកស្មាន	3.557 / (38)	0% / 59.25%	5740
ថ្ងៃជា	3.557 / (38)	0% / 59.25%	5741
កណ្ដូប	3.557 / (38)	0% / 59.25%	5742
កង្វះខាត	3.557 / (38)	0% / 59.25%	5743
ក្រាញ់	3.557 / (38)	0% / 59.25%	5744
ហូល	3.557 / (38)	0% / 59.25%	5745
ល្វើយ	3.557 / (38)	0% / 59.26%	5746
ភ័ព្វ	3.557 / (38)	0% / 59.26%	5747
តុប	3.557 / (38)	0% / 59.26%	5748
អង្គការសង្គម	3.557 / (38)	0% / 59.26%	5749
ខ្ចាយ	3.557 / (38)	0% / 59.26%	5750
របេង	3.557 / (38)	0% / 59.26%	5751
ទឹកដោះ	3.557 / (38)	0% / 59.26%	5752
បោះពុម្ពផ្សាយ	3.557 / (38)	0% / 59.26%	5753
ទីបី	3.557 / (38)	0% / 59.26%	5754
ដាក់ឈ្មោះ	3.557 / (38)	0% / 59.26%	5755
កម្ពុ	3.557 / (38)	0% / 59.26%	5756
ពង្រាង	3.557 / (38)	0% / 59.26%	5757
ជាប់ឃុំឃាំង	3.557 / (38)	0% / 59.26%	5758
ស្រុះ	3.557 / (38)	0% / 59.26%	5759
ត្បែង	3.557 / (38)	0% / 59.26%	5760
បួង	3.557 / (38)	0% / 59.26%	5761
ត្រល់	3.557 / (38)	0% / 59.26%	5762
ជននី	3.557 / (38)	0% / 59.26%	5763
ព្រៃឈរ	3.557 / (38)	0% / 59.26%	5764
ទទួលបន្ទុក	3.557 / (38)	0% / 59.26%	5765
ជ្រោមជ្រែង	3.557 / (38)	0% / 59.26%	5766
មណ្ឌលគិរី	3.557 / (38)	0% / 59.26%	5767
វឹកវរ	3.557 / (38)	0% / 59.26%	5768
មាក	3.557 / (38)	0% / 59.26%	5769
សន្សំសំចៃ	3.557 / (38)	0% / 59.26%	5770
ពន្យារពេល	3.464 / (37)	0% / 59.26%	5771
ដំណែល	3.464 / (37)	0% / 59.26%	5772
ស្វ័យប្រវត្តិ	3.464 / (37)	0% / 59.26%	5773
មមើ	3.464 / (37)	0% / 59.27%	5774
ផ្ទះនៅ	3.464 / (37)	0% / 59.27%	5775
កោរ	3.464 / (37)	0% / 59.27%	5776
ក្រឡាញ់	3.464 / (37)	0% / 59.27%	5777
នាំមក	3.464 / (37)	0% / 59.27%	5778
ហើយបានជា	3.464 / (37)	0% / 59.27%	5779
វិញ្ញាណក្ខន្ធ	3.464 / (37)	0% / 59.27%	5780
ទីពឹង	3.464 / (37)	0% / 59.27%	5781
នៅត្រង់	3.464 / (37)	0% / 59.27%	5782
ចាំតែ	3.464 / (37)	0% / 59.27%	5783
ទំនៀមទំលាប់	3.464 / (37)	0% / 59.27%	5784
នឹកដល់	3.464 / (37)	0% / 59.27%	5785
គណបក្សប្រជាធិបតេយ្យ	3.464 / (37)	0% / 59.27%	5786
សូត	3.464 / (37)	0% / 59.27%	5787
គុណសម្បត្តិ	3.464 / (37)	0% / 59.27%	5788
តម្រាប់	3.464 / (37)	0% / 59.27%	5789
រនោច	3.464 / (37)	0% / 59.27%	5790
សំណាញ់	3.464 / (37)	0% / 59.27%	5791
ទុក្ខសោក	3.464 / (37)	0% / 59.27%	5792
ម្កាល	3.464 / (37)	0% / 59.27%	5793
ស្រ័យ	3.464 / (37)	0% / 59.27%	5794
ននៀល	3.464 / (37)	0% / 59.27%	5795
បន្ទោរ	3.464 / (37)	0% / 59.27%	5796
ជ្រៀត	3.464 / (37)	0% / 59.27%	5797
បន្សល់ទុក	3.464 / (37)	0% / 59.27%	5798
ប្រមុខរដ្ឋ	3.464 / (37)	0% / 59.27%	5799
ខ្លាំងពូកែ	3.464 / (37)	0% / 59.27%	5800
ដោយសេរី	3.464 / (37)	0% / 59.27%	5801
ឃោស	3.464 / (37)	0% / 59.27%	5802
ពាយ័ព្យ	3.464 / (37)	0% / 59.28%	5803
កុរ	3.464 / (37)	0% / 59.28%	5804
ភាយ	3.464 / (37)	0% / 59.28%	5805
សេចក្តីប្រកាស	3.464 / (37)	0% / 59.28%	5806
ការសង្កេត	3.464 / (37)	0% / 59.28%	5807
លើកដំបូង	3.464 / (37)	0% / 59.28%	5808
ខន្ធ	3.464 / (37)	0% / 59.28%	5809
ដើរចូល	3.464 / (37)	0% / 59.28%	5810
ស្ដា	3.464 / (37)	0% / 59.28%	5811
ជីវជាតិ	3.464 / (37)	0% / 59.28%	5812
វៀតកុង	3.464 / (37)	0% / 59.28%	5813
កេរដំណែល	3.464 / (37)	0% / 59.28%	5814
ឥន្ទ	3.464 / (37)	0% / 59.28%	5815
ត្រឹមត្រូវតាម	3.464 / (37)	0% / 59.28%	5816
សមាសធាតុ	3.464 / (37)	0% / 59.28%	5817
ទំនើង	3.464 / (37)	0% / 59.28%	5818
បំប៉ោង	3.464 / (37)	0% / 59.28%	5819
សារប្រយោជន៍	3.464 / (37)	0% / 59.28%	5820
ជ្រះថ្លា	3.464 / (37)	0% / 59.28%	5821
រ៉	3.464 / (37)	0% / 59.28%	5822
ត្រាំកក់	3.464 / (37)	0% / 59.28%	5823
ព្រនង់	3.464 / (37)	0% / 59.28%	5824
យ៉ាងដូច	3.464 / (37)	0% / 59.28%	5825
ពិធីការ	3.464 / (37)	0% / 59.28%	5826
បន្តុប	3.464 / (37)	0% / 59.28%	5827
រូបវិទ្យា	3.464 / (37)	0% / 59.28%	5828
ដើរបាត់	3.464 / (37)	0% / 59.28%	5829
ម្រឹត	3.464 / (37)	0% / 59.28%	5830
ក្បូន	3.464 / (37)	0% / 59.28%	5831
អ្នកសង្កេត	3.464 / (37)	0% / 59.29%	5832
ប្រព្រឹត្តិកម្ម	3.464 / (37)	0% / 59.29%	5833
គង់នៅ	3.464 / (37)	0% / 59.29%	5834
ប្រណិត	3.464 / (37)	0% / 59.29%	5835
ដកដង្ហើម	3.464 / (37)	0% / 59.29%	5836
វិញ្ញាបនបត្រ	3.464 / (37)	0% / 59.29%	5837
ហិកតារ	3.464 / (37)	0% / 59.29%	5838
កាលពីមុន	3.464 / (37)	0% / 59.29%	5839
អពមង្គល	3.464 / (37)	0% / 59.29%	5840
ស្ដ	3.464 / (37)	0% / 59.29%	5841
ម៉េចក៏	3.464 / (37)	0% / 59.29%	5842
រោទ៍	3.464 / (37)	0% / 59.29%	5843
ជាធំ	3.464 / (37)	0% / 59.29%	5844
សម្ពុទ្ធ	3.37 / (36)	0% / 59.29%	5845
ចូលរៀន	3.37 / (36)	0% / 59.29%	5846
មកដល់ពេលនេះ	3.37 / (36)	0% / 59.29%	5847
ឥរិយា	3.37 / (36)	0% / 59.29%	5848
ពេញទាំង	3.37 / (36)	0% / 59.29%	5849
មកពីណា?	3.37 / (36)	0% / 59.29%	5850
វិសេសវិសាល	3.37 / (36)	0% / 59.29%	5851
យ៉ាងសកម្ម	3.37 / (36)	0% / 59.29%	5852
រួមរក្ស	3.37 / (36)	0% / 59.29%	5853
ធុំ	3.37 / (36)	0% / 59.29%	5854
ព្រះរាជវាំង	3.37 / (36)	0% / 59.29%	5855
ពេស្យា	3.37 / (36)	0% / 59.29%	5856
ម៉ក់	3.37 / (36)	0% / 59.29%	5857
ត្រដរ	3.37 / (36)	0% / 59.29%	5858
រខក	3.37 / (36)	0% / 59.29%	5859
ឲ្យអស់	3.37 / (36)	0% / 59.29%	5860
ថែវ	3.37 / (36)	0% / 59.3%	5861
រោងល្ខោន	3.37 / (36)	0% / 59.3%	5862
ខ្សត់	3.37 / (36)	0% / 59.3%	5863
មុខសញ្ញា	3.37 / (36)	0% / 59.3%	5864
គយគន់	3.37 / (36)	0% / 59.3%	5865
ស្ទាក់ស្ទើរ	3.37 / (36)	0% / 59.3%	5866
ប្រមែប្រមូល	3.37 / (36)	0% / 59.3%	5867
អចល	3.37 / (36)	0% / 59.3%	5868
យកចិត្ត	3.37 / (36)	0% / 59.3%	5869
ក្ដោប	3.37 / (36)	0% / 59.3%	5870
ពាហនៈ	3.37 / (36)	0% / 59.3%	5871
អធិរាជ	3.37 / (36)	0% / 59.3%	5872
ម្នាង	3.37 / (36)	0% / 59.3%	5873
គោយន្ត	3.37 / (36)	0% / 59.3%	5874
គ្នាឯង	3.37 / (36)	0% / 59.3%	5875
អាចឲ្យ	3.37 / (36)	0% / 59.3%	5876
ស្រែកហៅ	3.37 / (36)	0% / 59.3%	5877
សន្សើម	3.37 / (36)	0% / 59.3%	5878
មនុស្សលោក	3.37 / (36)	0% / 59.3%	5879
វឌ្ឍនភាព	3.37 / (36)	0% / 59.3%	5880
ព្រាយ	3.37 / (36)	0% / 59.3%	5881
បាតុភូត	3.37 / (36)	0% / 59.3%	5882
មធ្យមសិក្សា	3.37 / (36)	0% / 59.3%	5883
អរុណ	3.37 / (36)	0% / 59.3%	5884
ញឹកញយ	3.37 / (36)	0% / 59.3%	5885
អំណត់	3.37 / (36)	0% / 59.3%	5886
ប្រដូច	3.37 / (36)	0% / 59.3%	5887
ប៉ម	3.37 / (36)	0% / 59.3%	5888
បានសំរេច	3.37 / (36)	0% / 59.3%	5889
អ្នកធំ	3.37 / (36)	0% / 59.3%	5890
សក្ខីភាព	3.37 / (36)	0% / 59.31%	5891
មីក្រុប	3.37 / (36)	0% / 59.31%	5892
ភូមិបាល	3.37 / (36)	0% / 59.31%	5893
ថ្ងៃស្អែក	3.37 / (36)	0% / 59.31%	5894
វិទ្យុទូរទស្សន៍	3.37 / (36)	0% / 59.31%	5895
សំរបសំរួល	3.37 / (36)	0% / 59.31%	5896
សាំ	3.37 / (36)	0% / 59.31%	5897
ស្ទួន	3.37 / (36)	0% / 59.31%	5898
រាមកេរ្តិ៍	3.37 / (36)	0% / 59.31%	5899
ដើមហេតុ	3.37 / (36)	0% / 59.31%	5900
បើមិនដូច្នោះទេ	3.37 / (36)	0% / 59.31%	5901
ជាតក	3.37 / (36)	0% / 59.31%	5902
ប្រដាប់ដោយ	3.37 / (36)	0% / 59.31%	5903
ឥតឈប់ឈរ	3.37 / (36)	0% / 59.31%	5904
ថ្កាន	3.37 / (36)	0% / 59.31%	5905
ប្រើស	3.37 / (36)	0% / 59.31%	5906
ថិត	3.37 / (36)	0% / 59.31%	5907
អួល	3.37 / (36)	0% / 59.31%	5908
នព្វស័ក	3.37 / (36)	0% / 59.31%	5909
លក្ខខ័ណ្ឌ	3.37 / (36)	0% / 59.31%	5910
អំពើល្អ	3.37 / (36)	0% / 59.31%	5911
កក្រើក	3.37 / (36)	0% / 59.31%	5912
ផឹកស្រា	3.37 / (36)	0% / 59.31%	5913
ក្អួត	3.37 / (36)	0% / 59.31%	5914
ក្រោមអំណាច	3.37 / (36)	0% / 59.31%	5915
ដាក់បញ្ចូល	3.37 / (36)	0% / 59.31%	5916
រលះ	3.37 / (36)	0% / 59.31%	5917
ស្រវា	3.277 / (35)	0% / 59.31%	5918
ត្មះ	3.277 / (35)	0% / 59.31%	5919
បម្រាម	3.277 / (35)	0% / 59.32%	5920
សមនឹង	3.277 / (35)	0% / 59.32%	5921
ការពិបាក	3.277 / (35)	0% / 59.32%	5922
បែកក្បាល	3.277 / (35)	0% / 59.32%	5923
រដ្ឋកម្ពុជា	3.277 / (35)	0% / 59.32%	5924
បាពួន	3.277 / (35)	0% / 59.32%	5925
កំប៉ិក	3.277 / (35)	0% / 59.32%	5926
មិនទៅ	3.277 / (35)	0% / 59.32%	5927
សិក	3.277 / (35)	0% / 59.32%	5928
មន្តអាគម	3.277 / (35)	0% / 59.32%	5929
មើលងាយមើលថោក	3.277 / (35)	0% / 59.32%	5930
ព្រះជន្មាយុ	3.277 / (35)	0% / 59.32%	5931
ហ្អែង	3.277 / (35)	0% / 59.32%	5932
ផ្អៀង	3.277 / (35)	0% / 59.32%	5933
ទិច	3.277 / (35)	0% / 59.32%	5934
សូមអភ័យទោស	3.277 / (35)	0% / 59.32%	5935
ប្រតិទិន	3.277 / (35)	0% / 59.32%	5936
ជួយជ្រោមជ្រែង	3.277 / (35)	0% / 59.32%	5937
ពៀរ	3.277 / (35)	0% / 59.32%	5938
គ្រួស	3.277 / (35)	0% / 59.32%	5939
នាយទាហាន	3.277 / (35)	0% / 59.32%	5940
វត្តភ្នំ	3.277 / (35)	0% / 59.32%	5941
ទស្សនីយភាព	3.277 / (35)	0% / 59.32%	5942
ប្រប	3.277 / (35)	0% / 59.32%	5943
ភេសជ្ជៈ	3.277 / (35)	0% / 59.32%	5944
ភាតរភាព	3.277 / (35)	0% / 59.32%	5945
ភារ	3.277 / (35)	0% / 59.32%	5946
សុភ	3.277 / (35)	0% / 59.32%	5947
បានឮ	3.277 / (35)	0% / 59.32%	5948
ទម្លាយ	3.277 / (35)	0% / 59.32%	5949
លំហ	3.277 / (35)	0% / 59.32%	5950
វាលស្រែ	3.277 / (35)	0% / 59.33%	5951
អ៊ឺ	3.277 / (35)	0% / 59.33%	5952
ចំណតរថយន្ត	3.277 / (35)	0% / 59.33%	5953
តៅ	3.277 / (35)	0% / 59.33%	5954
ទោណ	3.277 / (35)	0% / 59.33%	5955
ផ្សៃ	3.277 / (35)	0% / 59.33%	5956
សាប់	3.277 / (35)	0% / 59.33%	5957
បម	3.277 / (35)	0% / 59.33%	5958
មូស	3.277 / (35)	0% / 59.33%	5959
ផ្គាប់	3.277 / (35)	0% / 59.33%	5960
ស្នាល	3.277 / (35)	0% / 59.33%	5961
ប្រមាទ	3.277 / (35)	0% / 59.33%	5962
សុខដុម	3.277 / (35)	0% / 59.33%	5963
អាហារូបត្ថម្ភ	3.277 / (35)	0% / 59.33%	5964
ប្រេងឥន្ធនៈ	3.277 / (35)	0% / 59.33%	5965
កៀប	3.277 / (35)	0% / 59.33%	5966
ដោយខ្លួនឯង	3.277 / (35)	0% / 59.33%	5967
វីរបុរស	3.277 / (35)	0% / 59.33%	5968
ផុង	3.277 / (35)	0% / 59.33%	5969
បំព្រង	3.277 / (35)	0% / 59.33%	5970
អំពើឃោរឃៅ	3.277 / (35)	0% / 59.33%	5971
ទ័ល	3.277 / (35)	0% / 59.33%	5972
ស្រោចស្រព	3.277 / (35)	0% / 59.33%	5973
ក្បឿង	3.277 / (35)	0% / 59.33%	5974
ទេសាភិបាល	3.277 / (35)	0% / 59.33%	5975
ច្បារអំពៅ	3.277 / (35)	0% / 59.33%	5976
តែម្នាក់	3.277 / (35)	0% / 59.33%	5977
ប្រែក្លាយ	3.277 / (35)	0% / 59.33%	5978
រាជាធិបតេយ្យ	3.277 / (35)	0% / 59.33%	5979
លីង	3.277 / (35)	0% / 59.33%	5980
អាយុកាល	3.277 / (35)	0% / 59.34%	5981
គូស្រករ	3.277 / (35)	0% / 59.34%	5982
អព្យា	3.277 / (35)	0% / 59.34%	5983
ដាម	3.277 / (35)	0% / 59.34%	5984
ថ្លង់	3.277 / (35)	0% / 59.34%	5985
អ្នកធ្វើ	3.277 / (35)	0% / 59.34%	5986
ស្វះ	3.277 / (35)	0% / 59.34%	5987
អសុរោះ	3.183 / (34)	0% / 59.34%	5988
គេឯង	3.183 / (34)	0% / 59.34%	5989
ចាយវាយ	3.183 / (34)	0% / 59.34%	5990
ផ្ដាច់ការ	3.183 / (34)	0% / 59.34%	5991
ម៉ត់	3.183 / (34)	0% / 59.34%	5992
ងើយ	3.183 / (34)	0% / 59.34%	5993
វ៉ាក់សាំង	3.183 / (34)	0% / 59.34%	5994
អ៊ីចេះ	3.183 / (34)	0% / 59.34%	5995
ម៉ុល	3.183 / (34)	0% / 59.34%	5996
ភ្លាំង	3.183 / (34)	0% / 59.34%	5997
កាលបរិច្ឆេទ	3.183 / (34)	0% / 59.34%	5998
ប្រេងសាំង	3.183 / (34)	0% / 59.34%	5999
អូសទាញ	3.183 / (34)	0% / 59.34%	6000
ទុង	3.183 / (34)	0% / 59.34%	6001
គួបផ្សំ	3.183 / (34)	0% / 59.34%	6002
ពុំសូវ	3.183 / (34)	0% / 59.34%	6003
ពង្រ	3.183 / (34)	0% / 59.34%	6004
បះ	3.183 / (34)	0% / 59.34%	6005
ស្រណុក	3.183 / (34)	0% / 59.34%	6006
បើកភ្លើង	3.183 / (34)	0% / 59.34%	6007
តួឯក	3.183 / (34)	0% / 59.34%	6008
មិនទាំង	3.183 / (34)	0% / 59.34%	6009
យក៍	3.183 / (34)	0% / 59.34%	6010
ក្នុងរយៈ	3.183 / (34)	0% / 59.34%	6011
បង្ហាប់	3.183 / (34)	0% / 59.34%	6012
ប្រាង	3.183 / (34)	0% / 59.35%	6013
ឆាបឆេះ	3.183 / (34)	0% / 59.35%	6014
តានី	3.183 / (34)	0% / 59.35%	6015
បូល	3.183 / (34)	0% / 59.35%	6016
វៃយរាពណ៍	3.183 / (34)	0% / 59.35%	6017
ទឹកភ្លៀង	3.183 / (34)	0% / 59.35%	6018
ជានុ	3.183 / (34)	0% / 59.35%	6019
ថ្លឹងថ្លែង	3.183 / (34)	0% / 59.35%	6020
ធ្វើអំពី	3.183 / (34)	0% / 59.35%	6021
ឧបសម្បទា	3.183 / (34)	0% / 59.35%	6022
លាយលក្ខណ៍	3.183 / (34)	0% / 59.35%	6023
អ្នកទិញ	3.183 / (34)	0% / 59.35%	6024
សម្រក់	3.183 / (34)	0% / 59.35%	6025
លើកលែងទោស	3.183 / (34)	0% / 59.35%	6026
ឲ្យឈ្មោះ	3.183 / (34)	0% / 59.35%	6027
អ្នកស្នេហាជាតិ	3.183 / (34)	0% / 59.35%	6028
ក្ដាន់	3.183 / (34)	0% / 59.35%	6029
សូមជូនពរ	3.183 / (34)	0% / 59.35%	6030
ថ្នាល	3.183 / (34)	0% / 59.35%	6031
អរិយ	3.183 / (34)	0% / 59.35%	6032
ប្រក់	3.183 / (34)	0% / 59.35%	6033
រស់រាន	3.183 / (34)	0% / 59.35%	6034
ត្រក	3.183 / (34)	0% / 59.35%	6035
មាត្រ	3.183 / (34)	0% / 59.35%	6036
អុច	3.183 / (34)	0% / 59.35%	6037
ធញ្ញជាតិ	3.183 / (34)	0% / 59.35%	6038
ផល្គុន	3.183 / (34)	0% / 59.35%	6039
ក្រែក	3.183 / (34)	0% / 59.35%	6040
អន្តរកាល	3.183 / (34)	0% / 59.35%	6041
បំផុល	3.183 / (34)	0% / 59.35%	6042
សហប្រតិបត្តិ	3.183 / (34)	0% / 59.35%	6043
ពុំដែល	3.183 / (34)	0% / 59.36%	6044
ត្រីមាស	3.183 / (34)	0% / 59.36%	6045
ព្រហ្មវិហារ	3.183 / (34)	0% / 59.36%	6046
ចម្រាស	3.183 / (34)	0% / 59.36%	6047
បន្ទន់	3.183 / (34)	0% / 59.36%	6048
ប្លោក	3.183 / (34)	0% / 59.36%	6049
ការប្រែប្រួល	3.183 / (34)	0% / 59.36%	6050
ត្រឡប់ទៅជា	3.183 / (34)	0% / 59.36%	6051
ចេញដំណើរ	3.183 / (34)	0% / 59.36%	6052
អស់សង្ឃឹម	3.183 / (34)	0% / 59.36%	6053
បរិញ្ញា	3.183 / (34)	0% / 59.36%	6054
យកពាក្យ	3.183 / (34)	0% / 59.36%	6055
ហ្ន	3.183 / (34)	0% / 59.36%	6056
ពិរុទ្ធ	3.183 / (34)	0% / 59.36%	6057
អីណា	3.183 / (34)	0% / 59.36%	6058
ក្រសាល	3.183 / (34)	0% / 59.36%	6059
សាសង	3.183 / (34)	0% / 59.36%	6060
តាមតែ	3.183 / (34)	0% / 59.36%	6061
រត់ការ	3.183 / (34)	0% / 59.36%	6062
ធ្លោយ	3.183 / (34)	0% / 59.36%	6063
ប្រស្រ័យ	3.183 / (34)	0% / 59.36%	6064
សង្ហារ	3.183 / (34)	0% / 59.36%	6065
បំផ្លិច	3.183 / (34)	0% / 59.36%	6066
ទែង	3.183 / (34)	0% / 59.36%	6067
ហេតុតែ	3.183 / (34)	0% / 59.36%	6068
ភាំង	3.183 / (34)	0% / 59.36%	6069
សៅហ្មង	3.183 / (34)	0% / 59.36%	6070
សិត	3.183 / (34)	0% / 59.36%	6071
សាស	3.183 / (34)	0% / 59.36%	6072
រួសរាយ	3.183 / (34)	0% / 59.36%	6073
នឿយហត់	3.183 / (34)	0% / 59.36%	6074
ប្រផ្នូល	3.183 / (34)	0% / 59.37%	6075
ភូម	3.183 / (34)	0% / 59.37%	6076
វីត	3.089 / (33)	0% / 59.37%	6077
សុជីវធម៌	3.089 / (33)	0% / 59.37%	6078
យារ	3.089 / (33)	0% / 59.37%	6079
បន្ទប់ទឹក	3.089 / (33)	0% / 59.37%	6080
រយៈកាល	3.089 / (33)	0% / 59.37%	6081
ជ្រាល	3.089 / (33)	0% / 59.37%	6082
ម៉ូដ	3.089 / (33)	0% / 59.37%	6083
សុក្រឹត	3.089 / (33)	0% / 59.37%	6084
លោកសង្ឃ	3.089 / (33)	0% / 59.37%	6085
កន្ទួត	3.089 / (33)	0% / 59.37%	6086
បន្ទរ	3.089 / (33)	0% / 59.37%	6087
ឃា	3.089 / (33)	0% / 59.37%	6088
វេជ្ជ	3.089 / (33)	0% / 59.37%	6089
វរជន	3.089 / (33)	0% / 59.37%	6090
យានជំនិះ	3.089 / (33)	0% / 59.37%	6091
ខ្ទេចខ្ទី	3.089 / (33)	0% / 59.37%	6092
វាងវៃ	3.089 / (33)	0% / 59.37%	6093
អារញ្ញ	3.089 / (33)	0% / 59.37%	6094
កេរ្តិ៍ឈ្មោះ	3.089 / (33)	0% / 59.37%	6095
ស្រូល	3.089 / (33)	0% / 59.37%	6096
វនា	3.089 / (33)	0% / 59.37%	6097
ដង្វាយ	3.089 / (33)	0% / 59.37%	6098
ឱរស	3.089 / (33)	0% / 59.37%	6099
គន្ធ	3.089 / (33)	0% / 59.37%	6100
សូន	3.089 / (33)	0% / 59.37%	6101
និម្មិត	3.089 / (33)	0% / 59.37%	6102
ដៃជើង	3.089 / (33)	0% / 59.37%	6103
រលែង	3.089 / (33)	0% / 59.37%	6104
ផ្ចិតផ្ចង់	3.089 / (33)	0% / 59.37%	6105
ឥលូវ	3.089 / (33)	0% / 59.37%	6106
បាឡី	3.089 / (33)	0% / 59.37%	6107
របស់របរ	3.089 / (33)	0% / 59.38%	6108
បុស្ស	3.089 / (33)	0% / 59.38%	6109
អាមាត្យ	3.089 / (33)	0% / 59.38%	6110
ពន្លិច	3.089 / (33)	0% / 59.38%	6111
កម្រាស់	3.089 / (33)	0% / 59.38%	6112
ខែង	3.089 / (33)	0% / 59.38%	6113
ផ្សិត	3.089 / (33)	0% / 59.38%	6114
រសាក	3.089 / (33)	0% / 59.38%	6115
អិ	3.089 / (33)	0% / 59.38%	6116
ការរុករក	3.089 / (33)	0% / 59.38%	6117
បុល	3.089 / (33)	0% / 59.38%	6118
ឲ្យការ	3.089 / (33)	0% / 59.38%	6119
កាន់ព្រះពុទ្ធសាសនា	3.089 / (33)	0% / 59.38%	6120
បើជា	3.089 / (33)	0% / 59.38%	6121
ដម្លូង	3.089 / (33)	0% / 59.38%	6122
ប្រមូលផ្ដុំ	3.089 / (33)	0% / 59.38%	6123
ស៊ីឈ្នួល	3.089 / (33)	0% / 59.38%	6124
ចិញ្ចៀន	3.089 / (33)	0% / 59.38%	6125
យង់	3.089 / (33)	0% / 59.38%	6126
ឃ្នង	3.089 / (33)	0% / 59.38%	6127
យាយី	3.089 / (33)	0% / 59.38%	6128
ជេដ្ឋា	3.089 / (33)	0% / 59.38%	6129
ក្រសែ	3.089 / (33)	0% / 59.38%	6130
គក	3.089 / (33)	0% / 59.38%	6131
កួន	3.089 / (33)	0% / 59.38%	6132
អ្នកបំរើ	3.089 / (33)	0% / 59.38%	6133
អ្នកតំណាង	3.089 / (33)	0% / 59.38%	6134
កួត	3.089 / (33)	0% / 59.38%	6135
ចង្កូម	3.089 / (33)	0% / 59.38%	6136
ខ្ទាត	3.089 / (33)	0% / 59.38%	6137
តឹក	3.089 / (33)	0% / 59.38%	6138
គណៈបក្ស	3.089 / (33)	0% / 59.38%	6139
ប្រច័ណ្ឌ	3.089 / (33)	0% / 59.39%	6140
រថក្រោះ	3.089 / (33)	0% / 59.39%	6141
ធ្លុង	3.089 / (33)	0% / 59.39%	6142
ប្រាវ	3.089 / (33)	0% / 59.39%	6143
ប្រាសាទអង្គរវត្ត	3.089 / (33)	0% / 59.39%	6144
ច្រំ	3.089 / (33)	0% / 59.39%	6145
គិតពី	3.089 / (33)	0% / 59.39%	6146
អក្ខរកម្ម	3.089 / (33)	0% / 59.39%	6147
ទូរស័ព្ទចល័ត	3.089 / (33)	0% / 59.39%	6148
ជនភៀសខ្លួន	3.089 / (33)	0% / 59.39%	6149
កំរៃ	3.089 / (33)	0% / 59.39%	6150
ជាទីបំផុត	3.089 / (33)	0% / 59.39%	6151
សប្តិ	3.089 / (33)	0% / 59.39%	6152
អភ័យឯកសិទ្ធិ	3.089 / (33)	0% / 59.39%	6153
សូមឲ្យ	3.089 / (33)	0% / 59.39%	6154
ការរអាក់រអួល	3.089 / (33)	0% / 59.39%	6155
រាជាធិបតី	3.089 / (33)	0% / 59.39%	6156
ភិរុណ	3.089 / (33)	0% / 59.39%	6157
សង្វាក់	3.089 / (33)	0% / 59.39%	6158
ស្រករ	3.089 / (33)	0% / 59.39%	6159
ទោច	2.996 / (32)	0% / 59.39%	6160
បរិក្ខារ	2.996 / (32)	0% / 59.39%	6161
អង្ក	2.996 / (32)	0% / 59.39%	6162
អីចេះ	2.996 / (32)	0% / 59.39%	6163
មានអំណាច	2.996 / (32)	0% / 59.39%	6164
តំកល់	2.996 / (32)	0% / 59.39%	6165
ខ្មី	2.996 / (32)	0% / 59.39%	6166
ត្រីកោណ	2.996 / (32)	0% / 59.39%	6167
បើអញ្ចឹង	2.996 / (32)	0% / 59.39%	6168
ក្រឡឹង	2.996 / (32)	0% / 59.39%	6169
និរតី	2.996 / (32)	0% / 59.39%	6170
តោកយ៉ាក	2.996 / (32)	0% / 59.39%	6171
ចង់តែ	2.996 / (32)	0% / 59.39%	6172
ខ្វង	2.996 / (32)	0% / 59.4%	6173
ក្អេងក្អាង	2.996 / (32)	0% / 59.4%	6174
ពើង	2.996 / (32)	0% / 59.4%	6175
មមែ	2.996 / (32)	0% / 59.4%	6176
បើកភ្នែក	2.996 / (32)	0% / 59.4%	6177
យ៉ាងហោចណាស់	2.996 / (32)	0% / 59.4%	6178
ម្នេញ	2.996 / (32)	0% / 59.4%	6179
លោកិយ	2.996 / (32)	0% / 59.4%	6180
កក់ក្ដៅ	2.996 / (32)	0% / 59.4%	6181
ហ៊ុម	2.996 / (32)	0% / 59.4%	6182
ជោកជាំ	2.996 / (32)	0% / 59.4%	6183
អ្នកនោះ	2.996 / (32)	0% / 59.4%	6184
មានចិត្តចង់	2.996 / (32)	0% / 59.4%	6185
បញ្ញវ័ន្ត	2.996 / (32)	0% / 59.4%	6186
រហែក	2.996 / (32)	0% / 59.4%	6187
យង់ឃ្នង	2.996 / (32)	0% / 59.4%	6188
ត្រែ	2.996 / (32)	0% / 59.4%	6189
ធ័រ	2.996 / (32)	0% / 59.4%	6190
ម៉ាង	2.996 / (32)	0% / 59.4%	6191
ប្រគំ	2.996 / (32)	0% / 59.4%	6192
ប្រុងប្រៀប	2.996 / (32)	0% / 59.4%	6193
ផ្លូវច្បាប់	2.996 / (32)	0% / 59.4%	6194
ក្រិត្យ	2.996 / (32)	0% / 59.4%	6195
សម័យកាល	2.996 / (32)	0% / 59.4%	6196
មេន	2.996 / (32)	0% / 59.4%	6197
ឥតគណនា	2.996 / (32)	0% / 59.4%	6198
ព្រហ្មលិខិត	2.996 / (32)	0% / 59.4%	6199
ទៀបភ្លឺ	2.996 / (32)	0% / 59.4%	6200
ប្រាក់កាស	2.996 / (32)	0% / 59.4%	6201
អ្ហែង	2.996 / (32)	0% / 59.4%	6202
ដាក់លើ	2.996 / (32)	0% / 59.4%	6203
រំលេច	2.996 / (32)	0% / 59.4%	6204
ចន្ទគតិ	2.996 / (32)	0% / 59.4%	6205
ហៃអើ	2.996 / (32)	0% / 59.41%	6206
ចៅអធិការ	2.996 / (32)	0% / 59.41%	6207
សាលាឧទ្ធរណ៍	2.996 / (32)	0% / 59.41%	6208
រណសិរ្ស	2.996 / (32)	0% / 59.41%	6209
អ៊ឹ	2.996 / (32)	0% / 59.41%	6210
រ៉ាំរ៉ៃ	2.996 / (32)	0% / 59.41%	6211
សម្បារ	2.996 / (32)	0% / 59.41%	6212
ហឺ	2.996 / (32)	0% / 59.41%	6213
កុងត្រូល	2.996 / (32)	0% / 59.41%	6214
គជា	2.996 / (32)	0% / 59.41%	6215
ផ្ដាស	2.996 / (32)	0% / 59.41%	6216
ប្រវត្តិរូប	2.996 / (32)	0% / 59.41%	6217
ឆ្មាំ	2.996 / (32)	0% / 59.41%	6218
ធឺ	2.996 / (32)	0% / 59.41%	6219
ជាអាទិ	2.996 / (32)	0% / 59.41%	6220
សុភ័គ	2.996 / (32)	0% / 59.41%	6221
សម្បថ	2.996 / (32)	0% / 59.41%	6222
កាកបាទ	2.996 / (32)	0% / 59.41%	6223
កប្បាស	2.996 / (32)	0% / 59.41%	6224
ក្រោលគោ	2.996 / (32)	0% / 59.41%	6225
ឫសី	2.996 / (32)	0% / 59.41%	6226
ធ្វើទស្សនកិច្ច	2.996 / (32)	0% / 59.41%	6227
លើសលុប	2.996 / (32)	0% / 59.41%	6228
មេសោ	2.996 / (32)	0% / 59.41%	6229
ស្រក	2.902 / (31)	0% / 59.41%	6230
សន្តិ	2.902 / (31)	0% / 59.41%	6231
តាំងទីលំនៅ	2.902 / (31)	0% / 59.41%	6232
សំរប	2.902 / (31)	0% / 59.41%	6233
វ៉ាង	2.902 / (31)	0% / 59.41%	6234
មួន	2.902 / (31)	0% / 59.41%	6235
ព្រោង	2.902 / (31)	0% / 59.41%	6236
ដណ្ដាំ	2.902 / (31)	0% / 59.41%	6237
ខាប់	2.902 / (31)	0% / 59.41%	6238
ហៀន	2.902 / (31)	0% / 59.41%	6239
ហែម	2.902 / (31)	0% / 59.42%	6240
ឲ្យហើយ	2.902 / (31)	0% / 59.42%	6241
សាធុ	2.902 / (31)	0% / 59.42%	6242
សាវ	2.902 / (31)	0% / 59.42%	6243
ឃាង	2.902 / (31)	0% / 59.42%	6244
សិលាចារិក	2.902 / (31)	0% / 59.42%	6245
ទ្រោម	2.902 / (31)	0% / 59.42%	6246
ការយល់ឃើញ	2.902 / (31)	0% / 59.42%	6247
សម្មា	2.902 / (31)	0% / 59.42%	6248
ជនានុជន	2.902 / (31)	0% / 59.42%	6249
ផូរផង់	2.902 / (31)	0% / 59.42%	6250
ការពិនិត្យ	2.902 / (31)	0% / 59.42%	6251
ចន្ទ្រា	2.902 / (31)	0% / 59.42%	6252
យោជន៍	2.902 / (31)	0% / 59.42%	6253
ភ្នក	2.902 / (31)	0% / 59.42%	6254
សភាជាតិ	2.902 / (31)	0% / 59.42%	6255
ម្ចាស់ក្សត្រី	2.902 / (31)	0% / 59.42%	6256
ជនពាល	2.902 / (31)	0% / 59.42%	6257
រោងពុម្ព	2.902 / (31)	0% / 59.42%	6258
សមាស	2.902 / (31)	0% / 59.42%	6259
ជម្រុះ	2.902 / (31)	0% / 59.42%	6260
ឧដុង្គ	2.902 / (31)	0% / 59.42%	6261
ចចុច	2.902 / (31)	0% / 59.42%	6262
ហាក់បីដូចជា	2.902 / (31)	0% / 59.42%	6263
ស័ង្ខ	2.902 / (31)	0% / 59.42%	6264
ឌិន	2.902 / (31)	0% / 59.42%	6265
រអ៊ូរទាំ	2.902 / (31)	0% / 59.42%	6266
រវៀង	2.902 / (31)	0% / 59.42%	6267
គ្រងរាជ្យ	2.902 / (31)	0% / 59.42%	6268
ហេវ	2.902 / (31)	0% / 59.42%	6269
កិត	2.902 / (31)	0% / 59.42%	6270
ប៉ោ	2.902 / (31)	0% / 59.42%	6271
ដង្កាប់	2.902 / (31)	0% / 59.42%	6272
បាបកម្ម	2.902 / (31)	0% / 59.42%	6273
វោហារ	2.902 / (31)	0% / 59.43%	6274
អូតែល	2.902 / (31)	0% / 59.43%	6275
រាជសី	2.902 / (31)	0% / 59.43%	6276
ក្មេងវត្ត	2.902 / (31)	0% / 59.43%	6277
ព្រហ្មចារី	2.902 / (31)	0% / 59.43%	6278
មិនមែនទេ	2.902 / (31)	0% / 59.43%	6279
រួចខ្លួន	2.902 / (31)	0% / 59.43%	6280
វាក្យ	2.902 / (31)	0% / 59.43%	6281
ភើ	2.902 / (31)	0% / 59.43%	6282
ពិនិត្យមើល	2.902 / (31)	0% / 59.43%	6283
កាកបាទក្រហម	2.902 / (31)	0% / 59.43%	6284
អ្នកមីង	2.902 / (31)	0% / 59.43%	6285
ជីវ៉ា	2.902 / (31)	0% / 59.43%	6286
វាយនភណ្ឌ	2.902 / (31)	0% / 59.43%	6287
អេតចាយ	2.902 / (31)	0% / 59.43%	6288
លមើល	2.902 / (31)	0% / 59.43%	6289
ធារ	2.902 / (31)	0% / 59.43%	6290
កំពូលភ្នំ	2.902 / (31)	0% / 59.43%	6291
ហរិ	2.902 / (31)	0% / 59.43%	6292
សំរឹទ្ធ	2.902 / (31)	0% / 59.43%	6293
កុលបុត្រ	2.902 / (31)	0% / 59.43%	6294
លុះត្រាតែ	2.902 / (31)	0% / 59.43%	6295
អាជ្ញាកណ្ដាល	2.902 / (31)	0% / 59.43%	6296
អ្នកសង្កេតការណ៍	2.902 / (31)	0% / 59.43%	6297
ត្រៃបិដក	2.902 / (31)	0% / 59.43%	6298
ថ្ពាល់	2.902 / (31)	0% / 59.43%	6299
សណ្ឋិត	2.902 / (31)	0% / 59.43%	6300
សណ្តែក	2.902 / (31)	0% / 59.43%	6301
ស្រុកស្រែ	2.902 / (31)	0% / 59.43%	6302
យ័ន្ត	2.902 / (31)	0% / 59.43%	6303
គណកម្មការ	2.808 / (30)	0% / 59.43%	6304
នន្ត	2.808 / (30)	0% / 59.43%	6305
ទាំងពួង	2.808 / (30)	0% / 59.43%	6306
កិច្ចកល	2.808 / (30)	0% / 59.43%	6307
នឹងគ្នា	2.808 / (30)	0% / 59.43%	6308
កម្មផល	2.808 / (30)	0% / 59.44%	6309
ណង់	2.808 / (30)	0% / 59.44%	6310
វ៉ើយ	2.808 / (30)	0% / 59.44%	6311
តាមផ្លូវ	2.808 / (30)	0% / 59.44%	6312
ស្វិតស្វាញ	2.808 / (30)	0% / 59.44%	6313
ធ្វើការងារ	2.808 / (30)	0% / 59.44%	6314
ទោល	2.808 / (30)	0% / 59.44%	6315
រដ្ឋាករ	2.808 / (30)	0% / 59.44%	6316
ថ្មភ្នំ	2.808 / (30)	0% / 59.44%	6317
ខ្ញាល់	2.808 / (30)	0% / 59.44%	6318
មេគោ	2.808 / (30)	0% / 59.44%	6319
សង្គមជាតិ	2.808 / (30)	0% / 59.44%	6320
ទំនួល	2.808 / (30)	0% / 59.44%	6321
ឋានន្តរ	2.808 / (30)	0% / 59.44%	6322
សៅកែ	2.808 / (30)	0% / 59.44%	6323
អួន	2.808 / (30)	0% / 59.44%	6324
ភក្ត្រ	2.808 / (30)	0% / 59.44%	6325
អន់ថយ	2.808 / (30)	0% / 59.44%	6326
កុយ	2.808 / (30)	0% / 59.44%	6327
សុខោទ័យ	2.808 / (30)	0% / 59.44%	6328
យ៉	2.808 / (30)	0% / 59.44%	6329
បង្គួរ	2.808 / (30)	0% / 59.44%	6330
តម្រាស់	2.808 / (30)	0% / 59.44%	6331
ស្រាក់	2.808 / (30)	0% / 59.44%	6332
មន្ទីរឃុំឃាំង	2.808 / (30)	0% / 59.44%	6333
រសាយ	2.808 / (30)	0% / 59.44%	6334
ជីគីមី	2.808 / (30)	0% / 59.44%	6335
ប៉ី	2.808 / (30)	0% / 59.44%	6336
បានសុខ	2.808 / (30)	0% / 59.44%	6337
សព្វគ្រប់	2.808 / (30)	0% / 59.44%	6338
ខ្នាញ់	2.808 / (30)	0% / 59.44%	6339
ក្របខណ្ឌ	2.808 / (30)	0% / 59.44%	6340
ប្រើការ	2.808 / (30)	0% / 59.44%	6341
មេស	2.808 / (30)	0% / 59.44%	6342
សាជាថ្មី	2.808 / (30)	0% / 59.44%	6343
ឆ្លាម	2.808 / (30)	0% / 59.44%	6344
កែវភ្នែក	2.808 / (30)	0% / 59.45%	6345
ហាប់	2.808 / (30)	0% / 59.45%	6346
ឪកាស	2.808 / (30)	0% / 59.45%	6347
រួចក៏	2.808 / (30)	0% / 59.45%	6348
បង់ថ្លៃ	2.808 / (30)	0% / 59.45%	6349
ពោធិវ័ង្ស	2.808 / (30)	0% / 59.45%	6350
ធ្លា	2.808 / (30)	0% / 59.45%	6351
តិកាល	2.808 / (30)	0% / 59.45%	6352
ដោយធ្វើ	2.808 / (30)	0% / 59.45%	6353
ការត្រួតត្រា	2.808 / (30)	0% / 59.45%	6354
បំណះ	2.808 / (30)	0% / 59.45%	6355
តោក	2.808 / (30)	0% / 59.45%	6356
ឥស្សរ	2.808 / (30)	0% / 59.45%	6357
តបត	2.808 / (30)	0% / 59.45%	6358
មហាក្សត្រី	2.808 / (30)	0% / 59.45%	6359
គំរប់	2.808 / (30)	0% / 59.45%	6360
អាស្រ័យហេតុនេះ	2.808 / (30)	0% / 59.45%	6361
សៀក	2.808 / (30)	0% / 59.45%	6362
ស៊ីក្លូ	2.808 / (30)	0% / 59.45%	6363
គង្គា	2.808 / (30)	0% / 59.45%	6364
អគ្គីភ័យ	2.808 / (30)	0% / 59.45%	6365
ស្រេកឃ្លាន	2.808 / (30)	0% / 59.45%	6366
នៅចំពោះមុខ	2.808 / (30)	0% / 59.45%	6367
ស្ថានីយអយស្ម័យយាន	2.808 / (30)	0% / 59.45%	6368
បញ្ចេញយោបល់	2.808 / (30)	0% / 59.45%	6369
រជុំ	2.808 / (30)	0% / 59.45%	6370
បំរើការ	2.808 / (30)	0% / 59.45%	6371
ស្លឹកឈើ	2.808 / (30)	0% / 59.45%	6372
ពុទ្ធសករាជ	2.808 / (30)	0% / 59.45%	6373
ជីវសាស្ត្រ	2.808 / (30)	0% / 59.45%	6374
សន្ធឹង	2.808 / (30)	0% / 59.45%	6375
អ្ហើយ	2.808 / (30)	0% / 59.45%	6376
ដាក់ពាក្យ	2.808 / (30)	0% / 59.45%	6377
ទទួលទានដំណេក	2.808 / (30)	0% / 59.45%	6378
ច្រឹង	2.808 / (30)	0% / 59.45%	6379
តម្រុយ	2.808 / (30)	0% / 59.46%	6380
នាំទៅ	2.808 / (30)	0% / 59.46%	6381
អិត	2.808 / (30)	0% / 59.46%	6382
ផ្លូវចូល	2.808 / (30)	0% / 59.46%	6383
អែប	2.808 / (30)	0% / 59.46%	6384
ធុរកិច្ច	2.808 / (30)	0% / 59.46%	6385
ខាងសេដ្ឋកិច្ច	2.808 / (30)	0% / 59.46%	6386
គក់	2.808 / (30)	0% / 59.46%	6387
បាទី	2.808 / (30)	0% / 59.46%	6388
យល់ច្បាស់	2.808 / (30)	0% / 59.46%	6389
ក្លោង	2.808 / (30)	0% / 59.46%	6390
អាទិ	2.808 / (30)	0% / 59.46%	6391
ថ្លុក	2.808 / (30)	0% / 59.46%	6392
ឯកឯង	2.808 / (30)	0% / 59.46%	6393
អ្នករាល់គ្នា	2.808 / (30)	0% / 59.46%	6394
ក្រិត	2.808 / (30)	0% / 59.46%	6395
រលា	2.808 / (30)	0% / 59.46%	6396
ខេមរភាសា	2.808 / (30)	0% / 59.46%	6397
ភ្លេងពិណពាទ្យ	2.808 / (30)	0% / 59.46%	6398
ពោន	2.808 / (30)	0% / 59.46%	6399
អសាធារណនាម	2.808 / (30)	0% / 59.46%	6400
កំផ្លៀង	2.808 / (30)	0% / 59.46%	6401
កំប៉ុក	2.808 / (30)	0% / 59.46%	6402
ជញ្ជក់	2.808 / (30)	0% / 59.46%	6403
ភិនភាគ	2.808 / (30)	0% / 59.46%	6404
ប្រវេសន៍	2.808 / (30)	0% / 59.46%	6405
បាញ់សម្លាប់	2.808 / (30)	0% / 59.46%	6406
បែបយ៉ាង	2.808 / (30)	0% / 59.46%	6407
ជាបន្តបន្ទាប់	2.808 / (30)	0% / 59.46%	6408
នៅឯណា	2.808 / (30)	0% / 59.46%	6409
អធិកមាស	2.808 / (30)	0% / 59.46%	6410
ព្រោះហេតុនេះ	2.808 / (30)	0% / 59.46%	6411
ពីង	2.808 / (30)	0% / 59.46%	6412
ន៉ា	2.808 / (30)	0% / 59.46%	6413
ពុំខាន	2.715 / (29)	0% / 59.46%	6414
សង្កិន	2.715 / (29)	0% / 59.46%	6415
បេតុង	2.715 / (29)	0% / 59.47%	6416
ស្លន់ស្លោ	2.715 / (29)	0% / 59.47%	6417
នៅក្នុងផ្ទះ	2.715 / (29)	0% / 59.47%	6418
អគ្គមហេសី	2.715 / (29)	0% / 59.47%	6419
ខ្យង	2.715 / (29)	0% / 59.47%	6420
រម្ងាប់	2.715 / (29)	0% / 59.47%	6421
គិតតែ	2.715 / (29)	0% / 59.47%	6422
ពើប	2.715 / (29)	0% / 59.47%	6423
ភួយ	2.715 / (29)	0% / 59.47%	6424
ត្រាក់ទ័រ	2.715 / (29)	0% / 59.47%	6425
មែនឬទេ	2.715 / (29)	0% / 59.47%	6426
កូនកាត់	2.715 / (29)	0% / 59.47%	6427
ស្រពន់	2.715 / (29)	0% / 59.47%	6428
ស្ញេញ	2.715 / (29)	0% / 59.47%	6429
រងចាំ	2.715 / (29)	0% / 59.47%	6430
ប្រទង់	2.715 / (29)	0% / 59.47%	6431
បង្អែម	2.715 / (29)	0% / 59.47%	6432
កន្ត្រាក់	2.715 / (29)	0% / 59.47%	6433
គគ្រឹកគគ្រេង	2.715 / (29)	0% / 59.47%	6434
កាមរោគ	2.715 / (29)	0% / 59.47%	6435
ល្បួង	2.715 / (29)	0% / 59.47%	6436
ខំរៀន	2.715 / (29)	0% / 59.47%	6437
សភាគ	2.715 / (29)	0% / 59.47%	6438
ឆ្អាល	2.715 / (29)	0% / 59.47%	6439
រសោះ	2.715 / (29)	0% / 59.47%	6440
សម្មតិកម្ម	2.715 / (29)	0% / 59.47%	6441
កំជិល	2.715 / (29)	0% / 59.47%	6442
សុភាទន្សាយ	2.715 / (29)	0% / 59.47%	6443
ទឹកធំ	2.715 / (29)	0% / 59.47%	6444
សង្កត់ធ្ងន់	2.715 / (29)	0% / 59.47%	6445
ថោ	2.715 / (29)	0% / 59.47%	6446
លាចាក	2.715 / (29)	0% / 59.47%	6447
សាស្ត្រា	2.715 / (29)	0% / 59.47%	6448
ឧបជ្ឈា	2.715 / (29)	0% / 59.47%	6449
កាយា	2.715 / (29)	0% / 59.47%	6450
ទស្សន៍	2.715 / (29)	0% / 59.47%	6451
អស្ថិរភាព	2.715 / (29)	0% / 59.47%	6452
ជយ	2.715 / (29)	0% / 59.48%	6453
ទេវៈ	2.715 / (29)	0% / 59.48%	6454
ម្ជូរ	2.715 / (29)	0% / 59.48%	6455
ស្លឹករឹត	2.715 / (29)	0% / 59.48%	6456
ឯតទគ្គកម្ម	2.715 / (29)	0% / 59.48%	6457
ឆ្ការ	2.715 / (29)	0% / 59.48%	6458
សាច	2.715 / (29)	0% / 59.48%	6459
ស្រឡៅ	2.715 / (29)	0% / 59.48%	6460
ពឹងពាក់	2.715 / (29)	0% / 59.48%	6461
ទេវរាជ	2.715 / (29)	0% / 59.48%	6462
ទារុណ	2.715 / (29)	0% / 59.48%	6463
សរីរៈ	2.715 / (29)	0% / 59.48%	6464
តែខ្លួន	2.715 / (29)	0% / 59.48%	6465
លួចលាក់	2.715 / (29)	0% / 59.48%	6466
ជោគវាសនា	2.715 / (29)	0% / 59.48%	6467
បទុម	2.715 / (29)	0% / 59.48%	6468
ព្រះពោធិសត្វ	2.715 / (29)	0% / 59.48%	6469
រាបសា	2.715 / (29)	0% / 59.48%	6470
មិនកើត	2.715 / (29)	0% / 59.48%	6471
ក្រសែភ្នែក	2.715 / (29)	0% / 59.48%	6472
សវ	2.715 / (29)	0% / 59.48%	6473
វិច	2.715 / (29)	0% / 59.48%	6474
ត្រូវនឹង	2.715 / (29)	0% / 59.48%	6475
វិចារណញ្ញាណ	2.715 / (29)	0% / 59.48%	6476
គិតតែពី	2.715 / (29)	0% / 59.48%	6477
ចោទសួរ	2.715 / (29)	0% / 59.48%	6478
កាលពីព្រេងនាយ	2.715 / (29)	0% / 59.48%	6479
ជ្រៀង	2.715 / (29)	0% / 59.48%	6480
ពុន	2.715 / (29)	0% / 59.48%	6481
បន្ទាប	2.715 / (29)	0% / 59.48%	6482
ជាយថាហេតុ	2.715 / (29)	0% / 59.48%	6483
ប្រថពី	2.715 / (29)	0% / 59.48%	6484
ទស្សន៍ទាយ	2.715 / (29)	0% / 59.48%	6485
តថាគត	2.715 / (29)	0% / 59.48%	6486
ស្លែ	2.715 / (29)	0% / 59.48%	6487
ម៉ាស់	2.715 / (29)	0% / 59.48%	6488
រួមរ័ក	2.715 / (29)	0% / 59.48%	6489
វចនា	2.715 / (29)	0% / 59.49%	6490
នូន	2.715 / (29)	0% / 59.49%	6491
ឯកច្ឆន្ទ	2.715 / (29)	0% / 59.49%	6492
ចាប់កំណើត	2.715 / (29)	0% / 59.49%	6493
សេនាធិការ	2.715 / (29)	0% / 59.49%	6494
បញ្ញើ	2.715 / (29)	0% / 59.49%	6495
ប្លាទីន	2.715 / (29)	0% / 59.49%	6496
ស្រាក	2.715 / (29)	0% / 59.49%	6497
ធុញទ្រាន់	2.715 / (29)	0% / 59.49%	6498
គែម	2.715 / (29)	0% / 59.49%	6499
ពណ៌ក្រហម	2.715 / (29)	0% / 59.49%	6500
អ្នកទោស	2.715 / (29)	0% / 59.49%	6501
មានទុក្ខ	2.715 / (29)	0% / 59.49%	6502
រឿងក្តី	2.715 / (29)	0% / 59.49%	6503
នឹកក្នុងចិត្ត	2.715 / (29)	0% / 59.49%	6504
ចឹក	2.715 / (29)	0% / 59.49%	6505
មេខ្យល់	2.715 / (29)	0% / 59.49%	6506
ចុងចោទ	2.715 / (29)	0% / 59.49%	6507
ព្រះតេជព្រះគុណ	2.715 / (29)	0% / 59.49%	6508
អត្តសញ្ញាណប័ណ្ណ	2.715 / (29)	0% / 59.49%	6509
ការស៊ើបអង្កេត	2.715 / (29)	0% / 59.49%	6510
សឺ	2.715 / (29)	0% / 59.49%	6511
ស្ទែរ	2.621 / (28)	0% / 59.49%	6512
ក្រាន	2.621 / (28)	0% / 59.49%	6513
រយ៉ា	2.621 / (28)	0% / 59.49%	6514
រាករូស	2.621 / (28)	0% / 59.49%	6515
ចរណៃ	2.621 / (28)	0% / 59.49%	6516
អ្ងែង	2.621 / (28)	0% / 59.49%	6517
ដាប់	2.621 / (28)	0% / 59.49%	6518
ខ្ញែក	2.621 / (28)	0% / 59.49%	6519
ស្រងូត	2.621 / (28)	0% / 59.49%	6520
ម្ដាយមីង	2.621 / (28)	0% / 59.49%	6521
កុងទ័រ	2.621 / (28)	0% / 59.49%	6522
រាជសារ	2.621 / (28)	0% / 59.49%	6523
ហឹរ	2.621 / (28)	0% / 59.49%	6524
ប្រកាសសង្គ្រាម	2.621 / (28)	0% / 59.49%	6525
ជាការស្រេច	2.621 / (28)	0% / 59.49%	6526
ទៅដើរ	2.621 / (28)	0% / 59.5%	6527
ឧម្មង្គ	2.621 / (28)	0% / 59.5%	6528
កម្រាល	2.621 / (28)	0% / 59.5%	6529
យ៉ាក	2.621 / (28)	0% / 59.5%	6530
មហោរី	2.621 / (28)	0% / 59.5%	6531
ពុទ្រា	2.621 / (28)	0% / 59.5%	6532
យំសោក	2.621 / (28)	0% / 59.5%	6533
លតា	2.621 / (28)	0% / 59.5%	6534
ផិត	2.621 / (28)	0% / 59.5%	6535
សៀ	2.621 / (28)	0% / 59.5%	6536
ពេញទៅដោយ	2.621 / (28)	0% / 59.5%	6537
វៀន	2.621 / (28)	0% / 59.5%	6538
ច្នោះ	2.621 / (28)	0% / 59.5%	6539
ថ្នាំញៀន	2.621 / (28)	0% / 59.5%	6540
ឧត្តមសេនីយ	2.621 / (28)	0% / 59.5%	6541
លំពែង	2.621 / (28)	0% / 59.5%	6542
មេក	2.621 / (28)	0% / 59.5%	6543
ក្រឡៃ	2.621 / (28)	0% / 59.5%	6544
បង្សុកូល	2.621 / (28)	0% / 59.5%	6545
ថ្នាំពេទ្យ	2.621 / (28)	0% / 59.5%	6546
អំបាល	2.621 / (28)	0% / 59.5%	6547
នគររាជ	2.621 / (28)	0% / 59.5%	6548
របែង	2.621 / (28)	0% / 59.5%	6549
សុជាតា	2.621 / (28)	0% / 59.5%	6550
ផ្ចាញ់	2.621 / (28)	0% / 59.5%	6551
តថ្លៃ	2.621 / (28)	0% / 59.5%	6552
កាឡូ	2.621 / (28)	0% / 59.5%	6553
អែម	2.621 / (28)	0% / 59.5%	6554
រៀបអាពាហ៍ពិពាហ៍	2.621 / (28)	0% / 59.5%	6555
លន់នល់	2.621 / (28)	0% / 59.5%	6556
កិត្យានុភាព	2.621 / (28)	0% / 59.5%	6557
សាវក	2.621 / (28)	0% / 59.5%	6558
ម៉ាំង	2.621 / (28)	0% / 59.5%	6559
សុខដុមរមនា	2.621 / (28)	0% / 59.5%	6560
មេការ	2.621 / (28)	0% / 59.5%	6561
ប្លាយ	2.621 / (28)	0% / 59.5%	6562
សហប្រធាន	2.621 / (28)	0% / 59.5%	6563
មានប្រយោជន៍	2.621 / (28)	0% / 59.5%	6564
សមានការ	2.621 / (28)	0% / 59.51%	6565
ឡោ	2.621 / (28)	0% / 59.51%	6566
ទទួលគ្រោះថ្នាក់	2.621 / (28)	0% / 59.51%	6567
រូបលោក	2.621 / (28)	0% / 59.51%	6568
អាជីវ	2.621 / (28)	0% / 59.51%	6569
យាគូ	2.621 / (28)	0% / 59.51%	6570
ឈ្លូស	2.621 / (28)	0% / 59.51%	6571
លួត	2.621 / (28)	0% / 59.51%	6572
រ៉ាំ	2.621 / (28)	0% / 59.51%	6573
ផ្លែផ្កា	2.621 / (28)	0% / 59.51%	6574
ឯកតោ	2.621 / (28)	0% / 59.51%	6575
របេះ	2.621 / (28)	0% / 59.51%	6576
បទភ្លេង	2.621 / (28)	0% / 59.51%	6577
ជាចុងក្រោយ	2.621 / (28)	0% / 59.51%	6578
យក់	2.621 / (28)	0% / 59.51%	6579
ក្រោយដែល	2.621 / (28)	0% / 59.51%	6580
ឈ្នានីស	2.621 / (28)	0% / 59.51%	6581
ភ្នាក់ងារសំងាត់	2.621 / (28)	0% / 59.51%	6582
ដាក់លេខ	2.621 / (28)	0% / 59.51%	6583
ខុសប្លែក	2.621 / (28)	0% / 59.51%	6584
ថ្វីត្បិតតែ	2.621 / (28)	0% / 59.51%	6585
អោប	2.621 / (28)	0% / 59.51%	6586
ទស្សនវិជ្ជា	2.621 / (28)	0% / 59.51%	6587
កូនសិស្ស	2.621 / (28)	0% / 59.51%	6588
ឈ្លោះប្រកែក	2.621 / (28)	0% / 59.51%	6589
សិក្ខ	2.621 / (28)	0% / 59.51%	6590
មគ្គុទេសក៍	2.621 / (28)	0% / 59.51%	6591
យ៉ាងល្អ	2.621 / (28)	0% / 59.51%	6592
សន្ថវៈ	2.621 / (28)	0% / 59.51%	6593
ជាចាំបាច់	2.621 / (28)	0% / 59.51%	6594
ប្រណិធាន	2.621 / (28)	0% / 59.51%	6595
ព្រេច	2.621 / (28)	0% / 59.51%	6596
កុះ	2.621 / (28)	0% / 59.51%	6597
ប្រញាប់ប្រញាល់	2.621 / (28)	0% / 59.51%	6598
ការចាប់អារម្មណ៍	2.621 / (28)	0% / 59.51%	6599
សតិសម្បជញ្ញៈ	2.621 / (28)	0% / 59.51%	6600
សំរាល	2.621 / (28)	0% / 59.51%	6601
ទេអី	2.621 / (28)	0% / 59.51%	6602
លំនឹង	2.621 / (28)	0% / 59.52%	6603
រលាំង	2.621 / (28)	0% / 59.52%	6604
រួត	2.621 / (28)	0% / 59.52%	6605
ពុទ្ធសាសនិក	2.528 / (27)	0% / 59.52%	6606
ស្រមោច	2.528 / (27)	0% / 59.52%	6607
រងទុក្ខវេទនា	2.528 / (27)	0% / 59.52%	6608
ជំរាល	2.528 / (27)	0% / 59.52%	6609
ស៊ន	2.528 / (27)	0% / 59.52%	6610
ប៊ុត	2.528 / (27)	0% / 59.52%	6611
បន្ទំ	2.528 / (27)	0% / 59.52%	6612
ស្គាល់ឈ្មោះ	2.528 / (27)	0% / 59.52%	6613
អុំអង្ករ	2.528 / (27)	0% / 59.52%	6614
ពាលា	2.528 / (27)	0% / 59.52%	6615
យ៉ាងណាក្តី	2.528 / (27)	0% / 59.52%	6616
រវល់តែ	2.528 / (27)	0% / 59.52%	6617
យូរលង់	2.528 / (27)	0% / 59.52%	6618
ឆេវ	2.528 / (27)	0% / 59.52%	6619
នេន	2.528 / (27)	0% / 59.52%	6620
អារ្យ	2.528 / (27)	0% / 59.52%	6621
សំបើម	2.528 / (27)	0% / 59.52%	6622
តាមពេលវេលា	2.528 / (27)	0% / 59.52%	6623
ស្ថាប័នរដ្ឋ	2.528 / (27)	0% / 59.52%	6624
ប៉ាត់	2.528 / (27)	0% / 59.52%	6625
អតីតភាព	2.528 / (27)	0% / 59.52%	6626
ចំណតអាកាសយាន	2.528 / (27)	0% / 59.52%	6627
ឈ្លាស	2.528 / (27)	0% / 59.52%	6628
ស្វយ័ត	2.528 / (27)	0% / 59.52%	6629
ពូល	2.528 / (27)	0% / 59.52%	6630
ទ្រលោម	2.528 / (27)	0% / 59.52%	6631
ផងទៅ	2.528 / (27)	0% / 59.52%	6632
អសារ	2.528 / (27)	0% / 59.52%	6633
គម្លង់	2.528 / (27)	0% / 59.52%	6634
ជង់	2.528 / (27)	0% / 59.52%	6635
កដៃ	2.528 / (27)	0% / 59.52%	6636
ដកថយ	2.528 / (27)	0% / 59.52%	6637
ទ្រព្យរបស់	2.528 / (27)	0% / 59.52%	6638
ក្តាប់	2.528 / (27)	0% / 59.52%	6639
ហ័ន	2.528 / (27)	0% / 59.52%	6640
គ្រោះជា	2.528 / (27)	0% / 59.52%	6641
នីតិសាស្ត្រ	2.528 / (27)	0% / 59.52%	6642
ទ្រវែង	2.528 / (27)	0% / 59.53%	6643
កាំភ្លើងខ្លី	2.528 / (27)	0% / 59.53%	6644
ត្រឡប់ទៅវិញ	2.528 / (27)	0% / 59.53%	6645
ខៀន	2.528 / (27)	0% / 59.53%	6646
អស់ហ្នឹង	2.528 / (27)	0% / 59.53%	6647
អំណះអំណាង	2.528 / (27)	0% / 59.53%	6648
អង្សា	2.528 / (27)	0% / 59.53%	6649
ក្រទាំង	2.528 / (27)	0% / 59.53%	6650
រងាវ	2.528 / (27)	0% / 59.53%	6651
ខ្ចាត់	2.528 / (27)	0% / 59.53%	6652
សំណើម	2.528 / (27)	0% / 59.53%	6653
យូរអង្វែង	2.528 / (27)	0% / 59.53%	6654
ស្លាបព្រាកាហ្វេ	2.528 / (27)	0% / 59.53%	6655
ជង្ហុក	2.528 / (27)	0% / 59.53%	6656
សូចនា	2.528 / (27)	0% / 59.53%	6657
ជលសាស្ត្រ	2.528 / (27)	0% / 59.53%	6658
ជំនូន	2.528 / (27)	0% / 59.53%	6659
ពុទ្ធរូប	2.528 / (27)	0% / 59.53%	6660
ថ្លៃថ្លា	2.528 / (27)	0% / 59.53%	6661
សភាវៈ	2.528 / (27)	0% / 59.53%	6662
សន្ត	2.528 / (27)	0% / 59.53%	6663
ចូលឆ្នាំខ្មែរ	2.528 / (27)	0% / 59.53%	6664
នេត្រា	2.528 / (27)	0% / 59.53%	6665
គគោក	2.528 / (27)	0% / 59.53%	6666
រោងកុន	2.528 / (27)	0% / 59.53%	6667
រួមផ្សំ	2.528 / (27)	0% / 59.53%	6668
កុលាប	2.528 / (27)	0% / 59.53%	6669
អាភៀន	2.528 / (27)	0% / 59.53%	6670
ខ្ចៅ	2.528 / (27)	0% / 59.53%	6671
ខ្ទី	2.528 / (27)	0% / 59.53%	6672
ដាប	2.528 / (27)	0% / 59.53%	6673
ឧសភរាជ	2.528 / (27)	0% / 59.53%	6674
កើយ	2.528 / (27)	0% / 59.53%	6675
ចានឆ្នាំង	2.528 / (27)	0% / 59.53%	6676
យួនហាណូយ	2.528 / (27)	0% / 59.53%	6677
ព្រិល	2.528 / (27)	0% / 59.53%	6678
រូស	2.528 / (27)	0% / 59.53%	6679
ដល់កន្លែង	2.528 / (27)	0% / 59.53%	6680
រ័ក	2.528 / (27)	0% / 59.53%	6681
វែនតា	2.528 / (27)	0% / 59.54%	6682
បង្កបង្កើន	2.528 / (27)	0% / 59.54%	6683
មើ	2.528 / (27)	0% / 59.54%	6684
ប្រដែប្រដៅ	2.528 / (27)	0% / 59.54%	6685
ស្រង	2.528 / (27)	0% / 59.54%	6686
គណៈអធិបតី	2.528 / (27)	0% / 59.54%	6687
និយាយប្រាប់	2.528 / (27)	0% / 59.54%	6688
លំដាប់លំដោយ	2.528 / (27)	0% / 59.54%	6689
អ្នកមួយ	2.528 / (27)	0% / 59.54%	6690
ទីបញ្ជាការ	2.528 / (27)	0% / 59.54%	6691
ចងការ	2.528 / (27)	0% / 59.54%	6692
ចំឡង	2.528 / (27)	0% / 59.54%	6693
សុមេរុ	2.528 / (27)	0% / 59.54%	6694
សហស្សវត្ស	2.528 / (27)	0% / 59.54%	6695
ធ្មត់	2.528 / (27)	0% / 59.54%	6696
ខេមរជន	2.528 / (27)	0% / 59.54%	6697
ផ្ចង់	2.528 / (27)	0% / 59.54%	6698
យ៉ាងហោចណាស់ក៏	2.528 / (27)	0% / 59.54%	6699
ត្រៀបត្រា	2.528 / (27)	0% / 59.54%	6700
និទ្ទេស	2.528 / (27)	0% / 59.54%	6701
ឃ្លោង	2.528 / (27)	0% / 59.54%	6702
ទ្រុឌទ្រោម	2.528 / (27)	0% / 59.54%	6703
មោះមុត	2.528 / (27)	0% / 59.54%	6704
នៅក្មេង	2.528 / (27)	0% / 59.54%	6705
គ្រិស្ត	2.528 / (27)	0% / 59.54%	6706
រួសរាន់	2.528 / (27)	0% / 59.54%	6707
ការនាំចេញ	2.528 / (27)	0% / 59.54%	6708
ក្រុមជំរើសជាតិ	2.528 / (27)	0% / 59.54%	6709
បង្ខិតបង្ខំ	2.528 / (27)	0% / 59.54%	6710
ហោរា	2.528 / (27)	0% / 59.54%	6711
ជិះជាន់	2.434 / (26)	0% / 59.54%	6712
ព្រះរាជក្រឹត្យ	2.434 / (26)	0% / 59.54%	6713
ប៉ិនប្រសប់	2.434 / (26)	0% / 59.54%	6714
ស្នេហាជាតិ	2.434 / (26)	0% / 59.54%	6715
ចូលគ្នា	2.434 / (26)	0% / 59.54%	6716
ព្រឹទ្ធាចារ្យ	2.434 / (26)	0% / 59.54%	6717
បង្ហួស	2.434 / (26)	0% / 59.54%	6718
ឋានសួគ៌	2.434 / (26)	0% / 59.54%	6719
ជប់លៀង	2.434 / (26)	0% / 59.54%	6720
ក្រោយគេ	2.434 / (26)	0% / 59.54%	6721
ឈ្មោះខ្ញុំ	2.434 / (26)	0% / 59.55%	6722
អង្កា	2.434 / (26)	0% / 59.55%	6723
កំរិតជីវភាព	2.434 / (26)	0% / 59.55%	6724
មេមាន់	2.434 / (26)	0% / 59.55%	6725
អង្គុយលេង	2.434 / (26)	0% / 59.55%	6726
សម្រែក	2.434 / (26)	0% / 59.55%	6727
រហស្សនាម	2.434 / (26)	0% / 59.55%	6728
ឆេរ	2.434 / (26)	0% / 59.55%	6729
ចប់ហើយ	2.434 / (26)	0% / 59.55%	6730
អ្នកទេសចរ	2.434 / (26)	0% / 59.55%	6731
គ្មានន័យ	2.434 / (26)	0% / 59.55%	6732
សមាទាន	2.434 / (26)	0% / 59.55%	6733
ស្ញែង	2.434 / (26)	0% / 59.55%	6734
ថ្មើរជើង	2.434 / (26)	0% / 59.55%	6735
ស្នែង	2.434 / (26)	0% / 59.55%	6736
ភ្លើ	2.434 / (26)	0% / 59.55%	6737
រនាប	2.434 / (26)	0% / 59.55%	6738
ពេញអង្គ	2.434 / (26)	0% / 59.55%	6739
សង់ទីម៉ែត្រ	2.434 / (26)	0% / 59.55%	6740
ខ្វេះ	2.434 / (26)	0% / 59.55%	6741
ឥតផ្ទឹម	2.434 / (26)	0% / 59.55%	6742
ទំពា	2.434 / (26)	0% / 59.55%	6743
ដៀមដាម	2.434 / (26)	0% / 59.55%	6744
មិត	2.434 / (26)	0% / 59.55%	6745
លំដោយ	2.434 / (26)	0% / 59.55%	6746
ភោជនាហារ	2.434 / (26)	0% / 59.55%	6747
ព្រហាម	2.434 / (26)	0% / 59.55%	6748
ដូនជី	2.434 / (26)	0% / 59.55%	6749
ចោរឆក់	2.434 / (26)	0% / 59.55%	6750
ប៉យ	2.434 / (26)	0% / 59.55%	6751
ទីចាត់ការ	2.434 / (26)	0% / 59.55%	6752
សន្តានចិត្ត	2.434 / (26)	0% / 59.55%	6753
រវើរវាយ	2.434 / (26)	0% / 59.55%	6754
ឆាត	2.434 / (26)	0% / 59.55%	6755
អង្កាល	2.434 / (26)	0% / 59.55%	6756
វាលវង់	2.434 / (26)	0% / 59.55%	6757
សក្យមុនី	2.434 / (26)	0% / 59.55%	6758
ល្ងង់ខ្លៅ	2.434 / (26)	0% / 59.55%	6759
ព្រះមហាក្សត្រិយានី	2.434 / (26)	0% / 59.55%	6760
បទវិចារណកថា	2.434 / (26)	0% / 59.55%	6761
ដែង	2.434 / (26)	0% / 59.55%	6762
ឈ្លប	2.434 / (26)	0% / 59.56%	6763
ព្រាត់ប្រាស	2.434 / (26)	0% / 59.56%	6764
បង្ហាញមុខ	2.434 / (26)	0% / 59.56%	6765
រងទុក្ខ	2.434 / (26)	0% / 59.56%	6766
ខំធ្វើ	2.434 / (26)	0% / 59.56%	6767
ហំ	2.434 / (26)	0% / 59.56%	6768
ផ្ទះខ្មែរ	2.434 / (26)	0% / 59.56%	6769
មិនចាញ់	2.434 / (26)	0% / 59.56%	6770
រូបិយ	2.434 / (26)	0% / 59.56%	6771
មាន់ទា	2.434 / (26)	0% / 59.56%	6772
វេរា	2.434 / (26)	0% / 59.56%	6773
ញាំញី	2.434 / (26)	0% / 59.56%	6774
ហ្វ្រាំង	2.434 / (26)	0% / 59.56%	6775
ល្ង	2.434 / (26)	0% / 59.56%	6776
ជញ្ជឹង	2.434 / (26)	0% / 59.56%	6777
ក្លាយមកពី	2.434 / (26)	0% / 59.56%	6778
ប្រមែ	2.434 / (26)	0% / 59.56%	6779
វើយ	2.434 / (26)	0% / 59.56%	6780
ស្មោះចំពោះ	2.434 / (26)	0% / 59.56%	6781
ដុល	2.434 / (26)	0% / 59.56%	6782
បន្ទាយមាស	2.434 / (26)	0% / 59.56%	6783
ឧបភោគ	2.434 / (26)	0% / 59.56%	6784
ខ្ទះ	2.434 / (26)	0% / 59.56%	6785
កិច្ចការពារ	2.434 / (26)	0% / 59.56%	6786
ស៊ីប	2.434 / (26)	0% / 59.56%	6787
ភ្លេចខ្លួន	2.434 / (26)	0% / 59.56%	6788
ដូចដើម	2.434 / (26)	0% / 59.56%	6789
យន្តកម្ម	2.434 / (26)	0% / 59.56%	6790
កន្ទក់	2.434 / (26)	0% / 59.56%	6791
ឡូឡា	2.434 / (26)	0% / 59.56%	6792
សក្ការ	2.434 / (26)	0% / 59.56%	6793
មាតុ	2.434 / (26)	0% / 59.56%	6794
មក៍	2.434 / (26)	0% / 59.56%	6795
រវច	2.434 / (26)	0% / 59.56%	6796
ជំនិត	2.434 / (26)	0% / 59.56%	6797
ផ្អក	2.434 / (26)	0% / 59.56%	6798
ទោះយ៉ាងណា	2.434 / (26)	0% / 59.56%	6799
ត្បាល់	2.434 / (26)	0% / 59.56%	6800
បំពង់ក	2.434 / (26)	0% / 59.56%	6801
មានះ	2.434 / (26)	0% / 59.56%	6802
វរសេនីយ៍ឯក	2.434 / (26)	0% / 59.56%	6803
តាក	2.434 / (26)	0% / 59.57%	6804
ការធានា	2.434 / (26)	0% / 59.57%	6805
គ្រឿងអលង្ការ	2.434 / (26)	0% / 59.57%	6806
យន្តហោះប្រតិកម្ម	2.434 / (26)	0% / 59.57%	6807
ជូរចត់	2.434 / (26)	0% / 59.57%	6808
ពីព្រេងនាយ	2.434 / (26)	0% / 59.57%	6809
ដកចេញ	2.434 / (26)	0% / 59.57%	6810
ប្រវត្តិវិទ្យា	2.434 / (26)	0% / 59.57%	6811
ប្រឈួន	2.434 / (26)	0% / 59.57%	6812
ល្បីឈ្មោះ	2.434 / (26)	0% / 59.57%	6813
ហោរ	2.434 / (26)	0% / 59.57%	6814
យុទ្ធនា	2.434 / (26)	0% / 59.57%	6815
សង្ខាង	2.434 / (26)	0% / 59.57%	6816
ស្ទាបស្ទង់	2.434 / (26)	0% / 59.57%	6817
ធំធាត់	2.434 / (26)	0% / 59.57%	6818
អែន	2.34 / (25)	0% / 59.57%	6819
ផ្សារភ្ជាប់	2.34 / (25)	0% / 59.57%	6820
ច្រៀក	2.34 / (25)	0% / 59.57%	6821
បុណ្យអុំទូក	2.34 / (25)	0% / 59.57%	6822
មួយកន្លែង	2.34 / (25)	0% / 59.57%	6823
ក្នុងឆ្នាំនេះ	2.34 / (25)	0% / 59.57%	6824
បៀម	2.34 / (25)	0% / 59.57%	6825
វង់ភ្លេង	2.34 / (25)	0% / 59.57%	6826
ផាមួង	2.34 / (25)	0% / 59.57%	6827
អ្នកផង	2.34 / (25)	0% / 59.57%	6828
សូទ្រ	2.34 / (25)	0% / 59.57%	6829
អាសំគម	2.34 / (25)	0% / 59.57%	6830
យុវនី	2.34 / (25)	0% / 59.57%	6831
គ្រាដំបូង	2.34 / (25)	0% / 59.57%	6832
អភិបាលស្រុក	2.34 / (25)	0% / 59.57%	6833
ពីក្រោម	2.34 / (25)	0% / 59.57%	6834
ប្រជុំជន	2.34 / (25)	0% / 59.57%	6835
ស្រន់	2.34 / (25)	0% / 59.57%	6836
បៅ	2.34 / (25)	0% / 59.57%	6837
ដាក់គ្នា	2.34 / (25)	0% / 59.57%	6838
ការ៉ុត	2.34 / (25)	0% / 59.57%	6839
មេបា	2.34 / (25)	0% / 59.57%	6840
សោះឡើយ	2.34 / (25)	0% / 59.57%	6841
ហិច	2.34 / (25)	0% / 59.57%	6842
សាដៀវ	2.34 / (25)	0% / 59.57%	6843
ឃ្លាំងមឿង	2.34 / (25)	0% / 59.57%	6844
បទបញ្ជាផ្ទៃក្នុង	2.34 / (25)	0% / 59.57%	6845
ចក្ខុវិស័យ	2.34 / (25)	0% / 59.57%	6846
មគ្គ	2.34 / (25)	0% / 59.58%	6847
ត្រគាក	2.34 / (25)	0% / 59.58%	6848
ឆើតឆាយ	2.34 / (25)	0% / 59.58%	6849
ខុសឆ្គង	2.34 / (25)	0% / 59.58%	6850
ការសង្ស័យ	2.34 / (25)	0% / 59.58%	6851
រំលើង	2.34 / (25)	0% / 59.58%	6852
សវនា	2.34 / (25)	0% / 59.58%	6853
ហ៊	2.34 / (25)	0% / 59.58%	6854
ត្រិះរិះ	2.34 / (25)	0% / 59.58%	6855
អាក់ខាន	2.34 / (25)	0% / 59.58%	6856
ដោយចេតនា	2.34 / (25)	0% / 59.58%	6857
ធិរាជ	2.34 / (25)	0% / 59.58%	6858
ហ្ឫទ័យ	2.34 / (25)	0% / 59.58%	6859
ប្រែត	2.34 / (25)	0% / 59.58%	6860
លេងល្បែង	2.34 / (25)	0% / 59.58%	6861
ទក្សិណ	2.34 / (25)	0% / 59.58%	6862
ក្រឡែត	2.34 / (25)	0% / 59.58%	6863
អសន្តិសុខ	2.34 / (25)	0% / 59.58%	6864
សូមជ្រាប	2.34 / (25)	0% / 59.58%	6865
ចុះចូល	2.34 / (25)	0% / 59.58%	6866
អាកាសចរ	2.34 / (25)	0% / 59.58%	6867
បន្ទាយស្រី	2.34 / (25)	0% / 59.58%	6868
យោធិន	2.34 / (25)	0% / 59.58%	6869
ជនភាគតិច	2.34 / (25)	0% / 59.58%	6870
និទ្ទណ្ឌភាព	2.34 / (25)	0% / 59.58%	6871
សុច្ឆន្ទៈ	2.34 / (25)	0% / 59.58%	6872
ស្រោមអនាម័យ	2.34 / (25)	0% / 59.58%	6873
អក្ខរ	2.34 / (25)	0% / 59.58%	6874
បញ្ចុក	2.34 / (25)	0% / 59.58%	6875
កើតទុក្ខ	2.34 / (25)	0% / 59.58%	6876
គំហើញ	2.34 / (25)	0% / 59.58%	6877
គ្រ	2.34 / (25)	0% / 59.58%	6878
សប្បាយរីករាយ	2.34 / (25)	0% / 59.58%	6879
ស៊ប់	2.34 / (25)	0% / 59.58%	6880
បងប្អូនរួមជាតិ	2.34 / (25)	0% / 59.58%	6881
លលើ	2.34 / (25)	0% / 59.58%	6882
ពេញទី	2.34 / (25)	0% / 59.58%	6883
កាំជណ្ដើរ	2.34 / (25)	0% / 59.58%	6884
នុយ	2.34 / (25)	0% / 59.58%	6885
កី	2.34 / (25)	0% / 59.58%	6886
កកូរ	2.34 / (25)	0% / 59.58%	6887
បង្អាក់	2.34 / (25)	0% / 59.58%	6888
ត្រិះ	2.34 / (25)	0% / 59.59%	6889
រិល	2.34 / (25)	0% / 59.59%	6890
យូរយារ	2.34 / (25)	0% / 59.59%	6891
មានត	2.34 / (25)	0% / 59.59%	6892
ក្អាកក្អាយ	2.34 / (25)	0% / 59.59%	6893
សម្ពន្ធ	2.34 / (25)	0% / 59.59%	6894
កៀង	2.34 / (25)	0% / 59.59%	6895
សាកលលោក	2.34 / (25)	0% / 59.59%	6896
ក្រើន	2.34 / (25)	0% / 59.59%	6897
អ្នកបញ្ជា	2.34 / (25)	0% / 59.59%	6898
ត្រណម	2.34 / (25)	0% / 59.59%	6899
ប្រទាល	2.34 / (25)	0% / 59.59%	6900
ប៉េងប៉ោះ	2.34 / (25)	0% / 59.59%	6901
ចំពោះរឿង	2.34 / (25)	0% / 59.59%	6902
អៀវ	2.34 / (25)	0% / 59.59%	6903
ពន្លឹក	2.34 / (25)	0% / 59.59%	6904
ជួលផ្ទះ	2.34 / (25)	0% / 59.59%	6905
ហត់នឿយ	2.34 / (25)	0% / 59.59%	6906
ជន្មាយុ	2.34 / (25)	0% / 59.59%	6907
នាយរង	2.34 / (25)	0% / 59.59%	6908
ដីគោក	2.34 / (25)	0% / 59.59%	6909
សាវា	2.34 / (25)	0% / 59.59%	6910
ហុប	2.34 / (25)	0% / 59.59%	6911
អព្យាក្រឹត្យ	2.34 / (25)	0% / 59.59%	6912
ខូចចិត្ត	2.34 / (25)	0% / 59.59%	6913
អម្បូរ	2.34 / (25)	0% / 59.59%	6914
ឆាវ	2.34 / (25)	0% / 59.59%	6915
ផ្គើន	2.34 / (25)	0% / 59.59%	6916
ព្រេងនាយ	2.34 / (25)	0% / 59.59%	6917
កម្ពុជរដ្ឋ	2.34 / (25)	0% / 59.59%	6918
ស៊ុម	2.34 / (25)	0% / 59.59%	6919
ងា	2.34 / (25)	0% / 59.59%	6920
មួយរំពេច	2.34 / (25)	0% / 59.59%	6921
បាត្រ	2.34 / (25)	0% / 59.59%	6922
សំទុះ	2.34 / (25)	0% / 59.59%	6923
បរលោក	2.34 / (25)	0% / 59.59%	6924
កាត់សក់	2.34 / (25)	0% / 59.59%	6925
សួយ	2.34 / (25)	0% / 59.59%	6926
សហស្ស	2.34 / (25)	0% / 59.59%	6927
ទៅជាមួយ	2.34 / (25)	0% / 59.59%	6928
ចក្ខុ	2.34 / (25)	0% / 59.59%	6929
ដូចសព្វថ្ងៃ	2.34 / (25)	0% / 59.59%	6930
តស៊ូប្រឆាំង	2.34 / (25)	0% / 59.59%	6931
វិសាលភាព	2.34 / (25)	0% / 59.6%	6932
ជាប់សង្ស័យ	2.34 / (25)	0% / 59.6%	6933
ត្រួសត្រាយ	2.34 / (25)	0% / 59.6%	6934
កងពលតូច	2.34 / (25)	0% / 59.6%	6935
អធិកអធម	2.34 / (25)	0% / 59.6%	6936
ទាង	2.34 / (25)	0% / 59.6%	6937
អ៊ំស្រី	2.34 / (25)	0% / 59.6%	6938
បន្ទោបង់	2.34 / (25)	0% / 59.6%	6939
ខ្សែភ្លើង	2.34 / (25)	0% / 59.6%	6940
ហេតុដូច្នេះ	2.34 / (25)	0% / 59.6%	6941
ស្អែកឡើង	2.34 / (25)	0% / 59.6%	6942
ដាំដំណាំ	2.34 / (25)	0% / 59.6%	6943
បរិវារ	2.34 / (25)	0% / 59.6%	6944
ឆូត	2.247 / (24)	0% / 59.6%	6945
បំភិត	2.247 / (24)	0% / 59.6%	6946
ការឃោសនា	2.247 / (24)	0% / 59.6%	6947
មុននេះ	2.247 / (24)	0% / 59.6%	6948
ចុះចេញ	2.247 / (24)	0% / 59.6%	6949
សាកមើល	2.247 / (24)	0% / 59.6%	6950
ខោល	2.247 / (24)	0% / 59.6%	6951
ដោយប្រយោល	2.247 / (24)	0% / 59.6%	6952
ផុយ	2.247 / (24)	0% / 59.6%	6953
លេណដ្ឋាន	2.247 / (24)	0% / 59.6%	6954
ការប្រុងប្រយ័ត្ន	2.247 / (24)	0% / 59.6%	6955
សម្បូរសប្បាយ	2.247 / (24)	0% / 59.6%	6956
កូនតឹង	2.247 / (24)	0% / 59.6%	6957
ចំណិត	2.247 / (24)	0% / 59.6%	6958
អួតខ្លួន	2.247 / (24)	0% / 59.6%	6959
ក្រៅតែ	2.247 / (24)	0% / 59.6%	6960
ទទួលភ្ញៀវ	2.247 / (24)	0% / 59.6%	6961
ឧត្តមភាព	2.247 / (24)	0% / 59.6%	6962
ការទទួលខុសត្រូវ	2.247 / (24)	0% / 59.6%	6963
កល់	2.247 / (24)	0% / 59.6%	6964
អតិបរមា	2.247 / (24)	0% / 59.6%	6965
បំបាំង	2.247 / (24)	0% / 59.6%	6966
ជំនុំជំរះ	2.247 / (24)	0% / 59.6%	6967
ព្នៅ	2.247 / (24)	0% / 59.6%	6968
ស្រាប់ហើយ	2.247 / (24)	0% / 59.6%	6969
ក្រមព្រហ្មទណ្ឌ	2.247 / (24)	0% / 59.6%	6970
រដ្ឋប្រហារយោធា	2.247 / (24)	0% / 59.6%	6971
ឈូ	2.247 / (24)	0% / 59.6%	6972
ព្រះរាជបុត្រ	2.247 / (24)	0% / 59.6%	6973
ស្រុកយួន	2.247 / (24)	0% / 59.6%	6974
ដាស	2.247 / (24)	0% / 59.6%	6975
ក្រឹត្យក្រម	2.247 / (24)	0% / 59.61%	6976
ហិមពាន្ត	2.247 / (24)	0% / 59.61%	6977
រកលុយ	2.247 / (24)	0% / 59.61%	6978
អ្នកនាំ	2.247 / (24)	0% / 59.61%	6979
ផ្សះ	2.247 / (24)	0% / 59.61%	6980
បេតិ	2.247 / (24)	0% / 59.61%	6981
ចៅសង្កាត់	2.247 / (24)	0% / 59.61%	6982
វិហារៈ	2.247 / (24)	0% / 59.61%	6983
ផ្អែមល្ហែម	2.247 / (24)	0% / 59.61%	6984
ខ្លួនខ្ញុំផ្ទាល់	2.247 / (24)	0% / 59.61%	6985
វូ	2.247 / (24)	0% / 59.61%	6986
នៅខ្វះ	2.247 / (24)	0% / 59.61%	6987
រទាំ	2.247 / (24)	0% / 59.61%	6988
ដឹងផង	2.247 / (24)	0% / 59.61%	6989
ខ្មែរលើ	2.247 / (24)	0% / 59.61%	6990
ដល់តែ	2.247 / (24)	0% / 59.61%	6991
អត្ថិភាព	2.247 / (24)	0% / 59.61%	6992
វែកមុខ	2.247 / (24)	0% / 59.61%	6993
សេដ្ឋកិច្ចសង្គម	2.247 / (24)	0% / 59.61%	6994
កញ្ឆក់	2.247 / (24)	0% / 59.61%	6995
ធ្នង់	2.247 / (24)	0% / 59.61%	6996
ត្របាក់	2.247 / (24)	0% / 59.61%	6997
ញាប់ញ័រ	2.247 / (24)	0% / 59.61%	6998
សក្តិភូមិ	2.247 / (24)	0% / 59.61%	6999
រេច	2.247 / (24)	0% / 59.61%	7000
ការបែងចែក	2.247 / (24)	0% / 59.61%	7001
ភ្លើតភ្លើន	2.247 / (24)	0% / 59.61%	7002
ច្រអូស	2.247 / (24)	0% / 59.61%	7003
រលាក់	2.247 / (24)	0% / 59.61%	7004
ពេញជា	2.247 / (24)	0% / 59.61%	7005
ស្យា	2.247 / (24)	0% / 59.61%	7006
ស្រុកនាយ	2.247 / (24)	0% / 59.61%	7007
អវត្តមាន	2.247 / (24)	0% / 59.61%	7008
នាយទុន	2.247 / (24)	0% / 59.61%	7009
ស្រៀវ	2.247 / (24)	0% / 59.61%	7010
បង្កង	2.247 / (24)	0% / 59.61%	7011
ខ្លាំងពេក	2.247 / (24)	0% / 59.61%	7012
ធ្វើសកម្មភាព	2.247 / (24)	0% / 59.61%	7013
លំអាន	2.247 / (24)	0% / 59.61%	7014
អបាយមុខ	2.247 / (24)	0% / 59.61%	7015
ស្រព	2.247 / (24)	0% / 59.61%	7016
អាំ	2.247 / (24)	0% / 59.61%	7017
យូគី	2.247 / (24)	0% / 59.61%	7018
ថ្លោះ	2.247 / (24)	0% / 59.61%	7019
អាច់	2.247 / (24)	0% / 59.62%	7020
កាណូត	2.247 / (24)	0% / 59.62%	7021
បង្គាប់បញ្ជា	2.247 / (24)	0% / 59.62%	7022
ឫស្យា	2.247 / (24)	0% / 59.62%	7023
ដើម្បីនឹង	2.247 / (24)	0% / 59.62%	7024
ការយល់ព្រម	2.247 / (24)	0% / 59.62%	7025
ចំហុយ	2.247 / (24)	0% / 59.62%	7026
ទេវបុត្ត	2.247 / (24)	0% / 59.62%	7027
សុផាត	2.247 / (24)	0% / 59.62%	7028
រដ្ឋទូត	2.247 / (24)	0% / 59.62%	7029
ព្រះរាជអាណាចក្រ	2.247 / (24)	0% / 59.62%	7030
កើប	2.247 / (24)	0% / 59.62%	7031
ឧទ្ទេសនាម	2.247 / (24)	0% / 59.62%	7032
ពិណពាទ្យ	2.247 / (24)	0% / 59.62%	7033
ថ្កូវ	2.247 / (24)	0% / 59.62%	7034
អារក្ខ	2.247 / (24)	0% / 59.62%	7035
រកចំណូល	2.247 / (24)	0% / 59.62%	7036
គង្គ	2.247 / (24)	0% / 59.62%	7037
អំពើព្រៃផ្សៃ	2.247 / (24)	0% / 59.62%	7038
គ្រោងទុក	2.247 / (24)	0% / 59.62%	7039
រាថយ	2.247 / (24)	0% / 59.62%	7040
កឹង	2.247 / (24)	0% / 59.62%	7041
ឧបោសថ	2.247 / (24)	0% / 59.62%	7042
ខេមរយានកម្ម	2.247 / (24)	0% / 59.62%	7043
ពុំអាច	2.247 / (24)	0% / 59.62%	7044
ប្រទីប	2.247 / (24)	0% / 59.62%	7045
ណែម	2.247 / (24)	0% / 59.62%	7046
បវេណី	2.247 / (24)	0% / 59.62%	7047
អនាគតកាល	2.247 / (24)	0% / 59.62%	7048
ភោគទ្រព្យ	2.247 / (24)	0% / 59.62%	7049
រំពាត់	2.247 / (24)	0% / 59.62%	7050
ក្សេម	2.247 / (24)	0% / 59.62%	7051
បញ្ចាំ	2.247 / (24)	0% / 59.62%	7052
អប្រិយ	2.247 / (24)	0% / 59.62%	7053
ក្ដឿង	2.247 / (24)	0% / 59.62%	7054
រពាក់	2.247 / (24)	0% / 59.62%	7055
ចេញរួច	2.247 / (24)	0% / 59.62%	7056
ចិត្តគិត	2.247 / (24)	0% / 59.62%	7057
ដើម្បីកុំឲ្យ	2.247 / (24)	0% / 59.62%	7058
ចិត្តសាស្ត្រ	2.247 / (24)	0% / 59.62%	7059
ចេនឡា	2.247 / (24)	0% / 59.62%	7060
អុកឡុក	2.153 / (23)	0% / 59.62%	7061
កន្ទោង	2.153 / (23)	0% / 59.62%	7062
ទ្រហោ	2.153 / (23)	0% / 59.62%	7063
ជាប់ឆ្នោត	2.153 / (23)	0% / 59.62%	7064
ខ្ទរ	2.153 / (23)	0% / 59.63%	7065
ត្រយឹង	2.153 / (23)	0% / 59.63%	7066
ម្សិលម្ង៉ៃ	2.153 / (23)	0% / 59.63%	7067
បញ្ច្រាស	2.153 / (23)	0% / 59.63%	7068
ស្ងប់ស្ងៀម	2.153 / (23)	0% / 59.63%	7069
ផលិតករ	2.153 / (23)	0% / 59.63%	7070
ដីស្រែ	2.153 / (23)	0% / 59.63%	7071
កំណាន់	2.153 / (23)	0% / 59.63%	7072
មានប្រសិទ្ធិភាព	2.153 / (23)	0% / 59.63%	7073
សម័យប្រជុំ	2.153 / (23)	0% / 59.63%	7074
ទួញ	2.153 / (23)	0% / 59.63%	7075
សុទ្ធសឹងតែ	2.153 / (23)	0% / 59.63%	7076
ឧទ្ធម្ភាគចក្រ	2.153 / (23)	0% / 59.63%	7077
មិនគ្រាន់	2.153 / (23)	0% / 59.63%	7078
ចក្រពត្តិ	2.153 / (23)	0% / 59.63%	7079
ចីពរ	2.153 / (23)	0% / 59.63%	7080
កោដ្ឋ	2.153 / (23)	0% / 59.63%	7081
បារ៉ាស់	2.153 / (23)	0% / 59.63%	7082
និយាយត្រូវ	2.153 / (23)	0% / 59.63%	7083
ពលី	2.153 / (23)	0% / 59.63%	7084
ស្ថិតស្ថេរ	2.153 / (23)	0% / 59.63%	7085
ឆុត	2.153 / (23)	0% / 59.63%	7086
ជប	2.153 / (23)	0% / 59.63%	7087
ធ្វើពិធី	2.153 / (23)	0% / 59.63%	7088
រណៈ	2.153 / (23)	0% / 59.63%	7089
ចុងក្រោយបំផុត	2.153 / (23)	0% / 59.63%	7090
ល្អី	2.153 / (23)	0% / 59.63%	7091
ក្រាញ	2.153 / (23)	0% / 59.63%	7092
វីរភាព	2.153 / (23)	0% / 59.63%	7093
សង្ឃនាយក	2.153 / (23)	0% / 59.63%	7094
សម្ពន្ធភាព	2.153 / (23)	0% / 59.63%	7095
ផាវ	2.153 / (23)	0% / 59.63%	7096
ពៃ	2.153 / (23)	0% / 59.63%	7097
ភ្ញាស់	2.153 / (23)	0% / 59.63%	7098
សៀត	2.153 / (23)	0% / 59.63%	7099
ការកំសាន្ត	2.153 / (23)	0% / 59.63%	7100
សំបែង	2.153 / (23)	0% / 59.63%	7101
រួមភេទ	2.153 / (23)	0% / 59.63%	7102
ឆែ	2.153 / (23)	0% / 59.63%	7103
ភ្ជុំបិណ្ឌ	2.153 / (23)	0% / 59.63%	7104
ត្រាយ	2.153 / (23)	0% / 59.63%	7105
កាប់ព្រៃ	2.153 / (23)	0% / 59.63%	7106
យ៉ៃ	2.153 / (23)	0% / 59.63%	7107
វិសាខ	2.153 / (23)	0% / 59.63%	7108
ខឹងសម្បា	2.153 / (23)	0% / 59.63%	7109
ខ្នះខ្នែង	2.153 / (23)	0% / 59.63%	7110
ខ្សត់ខ្សោយ	2.153 / (23)	0% / 59.63%	7111
ជ្រេ	2.153 / (23)	0% / 59.64%	7112
ភាស៊ី	2.153 / (23)	0% / 59.64%	7113
ត្បៀត	2.153 / (23)	0% / 59.64%	7114
ល្ហក	2.153 / (23)	0% / 59.64%	7115
ភិតភ័យ	2.153 / (23)	0% / 59.64%	7116
ហៀរ	2.153 / (23)	0% / 59.64%	7117
ទៅបរទេស	2.153 / (23)	0% / 59.64%	7118
ង៉ា	2.153 / (23)	0% / 59.64%	7119
អំពល់	2.153 / (23)	0% / 59.64%	7120
ប្រឡែង	2.153 / (23)	0% / 59.64%	7121
តាំងពីដើមមក	2.153 / (23)	0% / 59.64%	7122
លើកទ័ព	2.153 / (23)	0% / 59.64%	7123
ចិត្តរីករាយ	2.153 / (23)	0% / 59.64%	7124
ថ្ករ	2.153 / (23)	0% / 59.64%	7125
ហិនហោច	2.153 / (23)	0% / 59.64%	7126
ស្លាកស្នាម	2.153 / (23)	0% / 59.64%	7127
ច្នេះ	2.153 / (23)	0% / 59.64%	7128
ខៃ	2.153 / (23)	0% / 59.64%	7129
រហូតមក	2.153 / (23)	0% / 59.64%	7130
ប្លុង	2.153 / (23)	0% / 59.64%	7131
ហ្សឺណែវ	2.153 / (23)	0% / 59.64%	7132
ប៉ាន	2.153 / (23)	0% / 59.64%	7133
មានដៃ	2.153 / (23)	0% / 59.64%	7134
លៀន	2.153 / (23)	0% / 59.64%	7135
មានផល	2.153 / (23)	0% / 59.64%	7136
ពេលទំនេរ	2.153 / (23)	0% / 59.64%	7137
កតញ្ញូ	2.153 / (23)	0% / 59.64%	7138
រោគសញ្ញា	2.153 / (23)	0% / 59.64%	7139
លិខិតឆ្លងដែន	2.153 / (23)	0% / 59.64%	7140
នាងកញ្ញា	2.153 / (23)	0% / 59.64%	7141
លំអង	2.153 / (23)	0% / 59.64%	7142
គរុ	2.153 / (23)	0% / 59.64%	7143
សួត	2.153 / (23)	0% / 59.64%	7144
ហារី	2.153 / (23)	0% / 59.64%	7145
បិន	2.153 / (23)	0% / 59.64%	7146
ញ៉ាំបាយ	2.153 / (23)	0% / 59.64%	7147
ត្រីវិស័យ	2.153 / (23)	0% / 59.64%	7148
គូកន	2.153 / (23)	0% / 59.64%	7149
ទស្សនវិស័យ	2.153 / (23)	0% / 59.64%	7150
ស្នូក	2.153 / (23)	0% / 59.64%	7151
បង្អត់	2.153 / (23)	0% / 59.64%	7152
គុណធម៌	2.153 / (23)	0% / 59.64%	7153
ពន្លា	2.153 / (23)	0% / 59.64%	7154
សជន	2.153 / (23)	0% / 59.64%	7155
ផ្គុំ	2.153 / (23)	0% / 59.64%	7156
គ្រោតគ្រាត	2.153 / (23)	0% / 59.64%	7157
គិតជា	2.153 / (23)	0% / 59.65%	7158
តំរុយ	2.153 / (23)	0% / 59.65%	7159
ជារូបរាង	2.153 / (23)	0% / 59.65%	7160
ពុំដែលបាន	2.153 / (23)	0% / 59.65%	7161
ជម្ពូ	2.153 / (23)	0% / 59.65%	7162
រ៉ឺម៉ក	2.153 / (23)	0% / 59.65%	7163
តាមវិទ្យុ	2.153 / (23)	0% / 59.65%	7164
ព្រឹកមិញ	2.153 / (23)	0% / 59.65%	7165
សើយ	2.153 / (23)	0% / 59.65%	7166
អំបែង	2.153 / (23)	0% / 59.65%	7167
ចេញដីកា	2.153 / (23)	0% / 59.65%	7168
ទូង	2.153 / (23)	0% / 59.65%	7169
ឈ្លី	2.153 / (23)	0% / 59.65%	7170
ច្រឡោត	2.153 / (23)	0% / 59.65%	7171
បំភិតបំភ័យ	2.153 / (23)	0% / 59.65%	7172
ដល់ម៉ោង	2.153 / (23)	0% / 59.65%	7173
របៀបណា	2.153 / (23)	0% / 59.65%	7174
ត្រេះ	2.153 / (23)	0% / 59.65%	7175
ព្រែ	2.153 / (23)	0% / 59.65%	7176
ឯងនេះ	2.153 / (23)	0% / 59.65%	7177
ព្យាបាទ	2.153 / (23)	0% / 59.65%	7178
ជើងក្រាន	2.153 / (23)	0% / 59.65%	7179
អាគាំង	2.153 / (23)	0% / 59.65%	7180
ក្បាន	2.153 / (23)	0% / 59.65%	7181
វក់	2.153 / (23)	0% / 59.65%	7182
លាក់ខ្លួន	2.153 / (23)	0% / 59.65%	7183
អ្នកតូច	2.153 / (23)	0% / 59.65%	7184
ឮសូរ	2.153 / (23)	0% / 59.65%	7185
វិស្ណុ	2.153 / (23)	0% / 59.65%	7186
ត្រាច់	2.153 / (23)	0% / 59.65%	7187
រយោង	2.153 / (23)	0% / 59.65%	7188
មុខតំណែង	2.153 / (23)	0% / 59.65%	7189
អួតអាង	2.153 / (23)	0% / 59.65%	7190
ញុះ	2.153 / (23)	0% / 59.65%	7191
ត្រង	2.153 / (23)	0% / 59.65%	7192
មាក់ងាយ	2.153 / (23)	0% / 59.65%	7193
ជាលំដាប់លំដោយ	2.153 / (23)	0% / 59.65%	7194
ផោម	2.153 / (23)	0% / 59.65%	7195
ដេកលក់	2.153 / (23)	0% / 59.65%	7196
ស័ង្កសី	2.153 / (23)	0% / 59.65%	7197
សម្លាប់ចោល	2.153 / (23)	0% / 59.65%	7198
កាឡៃ	2.153 / (23)	0% / 59.65%	7199
រលូត	2.153 / (23)	0% / 59.65%	7200
អ៊ិ	2.153 / (23)	0% / 59.65%	7201
វិច័យ	2.153 / (23)	0% / 59.65%	7202
រាល់គ្នា	2.153 / (23)	0% / 59.65%	7203
ភោគផល	2.153 / (23)	0% / 59.66%	7204
ទ្រហឹង	2.153 / (23)	0% / 59.66%	7205
ស្របគ្នា	2.059 / (22)	0% / 59.66%	7206
ចំអាម	2.059 / (22)	0% / 59.66%	7207
សេចក្តីរីករាយ	2.059 / (22)	0% / 59.66%	7208
ណាន់	2.059 / (22)	0% / 59.66%	7209
ពីនេះទៅ	2.059 / (22)	0% / 59.66%	7210
ក្រអៅ	2.059 / (22)	0% / 59.66%	7211
បូកសរុប	2.059 / (22)	0% / 59.66%	7212
ខ្សឹកខ្សួល	2.059 / (22)	0% / 59.66%	7213
អាត	2.059 / (22)	0% / 59.66%	7214
ចម្ប៉ា	2.059 / (22)	0% / 59.66%	7215
សុធារស	2.059 / (22)	0% / 59.66%	7216
ពហុភាគី	2.059 / (22)	0% / 59.66%	7217
រន្ទឺ	2.059 / (22)	0% / 59.66%	7218
ពីកាលណា	2.059 / (22)	0% / 59.66%	7219
សង្ហារិម	2.059 / (22)	0% / 59.66%	7220
គតិបណ្ឌិត	2.059 / (22)	0% / 59.66%	7221
តុត	2.059 / (22)	0% / 59.66%	7222
លិទ្ធ	2.059 / (22)	0% / 59.66%	7223
យកតួ	2.059 / (22)	0% / 59.66%	7224
គិរីរម្យ	2.059 / (22)	0% / 59.66%	7225
ក្ដុកក្ដួល	2.059 / (22)	0% / 59.66%	7226
អដ្ឋស័ក	2.059 / (22)	0% / 59.66%	7227
ប៉ាយ	2.059 / (22)	0% / 59.66%	7228
តួឯកកុន	2.059 / (22)	0% / 59.66%	7229
កង្ហារ	2.059 / (22)	0% / 59.66%	7230
លត	2.059 / (22)	0% / 59.66%	7231
មួយម៉ាត់	2.059 / (22)	0% / 59.66%	7232
ត្រូវរ៉ូវ	2.059 / (22)	0% / 59.66%	7233
បីដូច	2.059 / (22)	0% / 59.66%	7234
អ៊ីស្រាអែល	2.059 / (22)	0% / 59.66%	7235
រារែក	2.059 / (22)	0% / 59.66%	7236
ចង្កា	2.059 / (22)	0% / 59.66%	7237
ដើមខែ	2.059 / (22)	0% / 59.66%	7238
ប្រទេច	2.059 / (22)	0% / 59.66%	7239
សហសេវិក	2.059 / (22)	0% / 59.66%	7240
ត្រកាល	2.059 / (22)	0% / 59.66%	7241
ច្រូង	2.059 / (22)	0% / 59.66%	7242
សំឡុត	2.059 / (22)	0% / 59.66%	7243
កំណាញ់	2.059 / (22)	0% / 59.66%	7244
ការពិចារណា	2.059 / (22)	0% / 59.66%	7245
សញ្ចេតនា	2.059 / (22)	0% / 59.66%	7246
លៀប	2.059 / (22)	0% / 59.66%	7247
វាយលុក	2.059 / (22)	0% / 59.66%	7248
បុរាណកាល	2.059 / (22)	0% / 59.66%	7249
ប្រវត្តិវិទូ	2.059 / (22)	0% / 59.66%	7250
មេរុ	2.059 / (22)	0% / 59.66%	7251
ការផ្លាស់ប្ដូរ	2.059 / (22)	0% / 59.66%	7252
ធ្វើការវិភាគ	2.059 / (22)	0% / 59.67%	7253
អនុសេនីយ៍ទោ	2.059 / (22)	0% / 59.67%	7254
ចោះ	2.059 / (22)	0% / 59.67%	7255
ផ្គង	2.059 / (22)	0% / 59.67%	7256
ប៉ូវ	2.059 / (22)	0% / 59.67%	7257
អ្នកស្ម័គ្រចិត្ត	2.059 / (22)	0% / 59.67%	7258
ង៉ក់	2.059 / (22)	0% / 59.67%	7259
សព្វាវុធ	2.059 / (22)	0% / 59.67%	7260
ពាយ	2.059 / (22)	0% / 59.67%	7261
ថ្ងៃឈប់	2.059 / (22)	0% / 59.67%	7262
មិត្រភាព	2.059 / (22)	0% / 59.67%	7263
បញ្ចុះសព	2.059 / (22)	0% / 59.67%	7264
លស់	2.059 / (22)	0% / 59.67%	7265
ជាប់នឹង	2.059 / (22)	0% / 59.67%	7266
កុំបី	2.059 / (22)	0% / 59.67%	7267
មានផ្ទៃ	2.059 / (22)	0% / 59.67%	7268
ធ្លុះធ្លាយ	2.059 / (22)	0% / 59.67%	7269
ហ៊ិ	2.059 / (22)	0% / 59.67%	7270
រដ្ឋអំណាច	2.059 / (22)	0% / 59.67%	7271
ទាក់ទងគ្នា	2.059 / (22)	0% / 59.67%	7272
សារណា	2.059 / (22)	0% / 59.67%	7273
ចៅពញា	2.059 / (22)	0% / 59.67%	7274
គ្រឿងចក្រ	2.059 / (22)	0% / 59.67%	7275
បីបាច់	2.059 / (22)	0% / 59.67%	7276
ចិត្តល្អ	2.059 / (22)	0% / 59.67%	7277
សិប្បនិម្មិត	2.059 / (22)	0% / 59.67%	7278
សព្វដង	2.059 / (22)	0% / 59.67%	7279
ប្រែពាក្យ	2.059 / (22)	0% / 59.67%	7280
ទាសី	2.059 / (22)	0% / 59.67%	7281
ទោសខ្ញុំ	2.059 / (22)	0% / 59.67%	7282
រ៉ស់	2.059 / (22)	0% / 59.67%	7283
ជាតិសៀម	2.059 / (22)	0% / 59.67%	7284
ប្រាកដហើយ	2.059 / (22)	0% / 59.67%	7285
ស៊ីម៉ងត៍	2.059 / (22)	0% / 59.67%	7286
ជ្រុងជ្រោយ	2.059 / (22)	0% / 59.67%	7287
ខ្មាសអៀន	2.059 / (22)	0% / 59.67%	7288
រលីងរលោង	2.059 / (22)	0% / 59.67%	7289
សិល	2.059 / (22)	0% / 59.67%	7290
និករ	2.059 / (22)	0% / 59.67%	7291
ទូលព្រះបង្គំ	2.059 / (22)	0% / 59.67%	7292
ពលៈ	2.059 / (22)	0% / 59.67%	7293
បុណ្យចូលឆ្នាំ	2.059 / (22)	0% / 59.67%	7294
យ៉ាងសំខាន់	2.059 / (22)	0% / 59.67%	7295
ដៃឆ្វេង	2.059 / (22)	0% / 59.67%	7296
រស់រវើក	2.059 / (22)	0% / 59.67%	7297
អាទិត្យក្រោយ	2.059 / (22)	0% / 59.67%	7298
ឈប់សំរាក	2.059 / (22)	0% / 59.67%	7299
ស្លុង	2.059 / (22)	0% / 59.67%	7300
បោសសំអាត	2.059 / (22)	0% / 59.67%	7301
ញ៉ុក	2.059 / (22)	0% / 59.68%	7302
អំបោះ	2.059 / (22)	0% / 59.68%	7303
ដើរមើល	2.059 / (22)	0% / 59.68%	7304
បើកឆាក	2.059 / (22)	0% / 59.68%	7305
រំពា	2.059 / (22)	0% / 59.68%	7306
ភ្លក់	2.059 / (22)	0% / 59.68%	7307
បាខែង	2.059 / (22)	0% / 59.68%	7308
កងយោធា	2.059 / (22)	0% / 59.68%	7309
ឆ្អែតឆ្អន់	2.059 / (22)	0% / 59.68%	7310
ក្មេងកំព្រា	2.059 / (22)	0% / 59.68%	7311
របត់	2.059 / (22)	0% / 59.68%	7312
ជនរួមជាតិ	2.059 / (22)	0% / 59.68%	7313
ខ្មែរដើម	2.059 / (22)	0% / 59.68%	7314
អនុសេនីយ៍	2.059 / (22)	0% / 59.68%	7315
ការថែទាំ	2.059 / (22)	0% / 59.68%	7316
រប៉ិលរប៉ូច	2.059 / (22)	0% / 59.68%	7317
ស្មោកគ្រោក	2.059 / (22)	0% / 59.68%	7318
អធិក	2.059 / (22)	0% / 59.68%	7319
ពោធិព្រឹក្ស	2.059 / (22)	0% / 59.68%	7320
ស្នូរ	2.059 / (22)	0% / 59.68%	7321
ស៊ក	2.059 / (22)	0% / 59.68%	7322
សត្រា	2.059 / (22)	0% / 59.68%	7323
បង្វែងដាន	2.059 / (22)	0% / 59.68%	7324
រពឹសដៃ	2.059 / (22)	0% / 59.68%	7325
ស្បង់	2.059 / (22)	0% / 59.68%	7326
ល្វីង	2.059 / (22)	0% / 59.68%	7327
អន្តជាតិ	2.059 / (22)	0% / 59.68%	7328
បំបែកបំបាក់	1.966 / (21)	0% / 59.68%	7329
ក្រាហ្វិក	1.966 / (21)	0% / 59.68%	7330
ណុង	1.966 / (21)	0% / 59.68%	7331
តាមចិត្តចង់	1.966 / (21)	0% / 59.68%	7332
បណ្ដូល	1.966 / (21)	0% / 59.68%	7333
ឆ្នាំមុខ	1.966 / (21)	0% / 59.68%	7334
រសេច	1.966 / (21)	0% / 59.68%	7335
ឡូរី	1.966 / (21)	0% / 59.68%	7336
សិក្ខាបទ	1.966 / (21)	0% / 59.68%	7337
ក្រញូង	1.966 / (21)	0% / 59.68%	7338
កំចាយ	1.966 / (21)	0% / 59.68%	7339
កោះសូទិន	1.966 / (21)	0% / 59.68%	7340
សន្ធរ	1.966 / (21)	0% / 59.68%	7341
ផ្ចិត	1.966 / (21)	0% / 59.68%	7342
ឯនាយ	1.966 / (21)	0% / 59.68%	7343
បះជើង	1.966 / (21)	0% / 59.68%	7344
ខិត្តប័ណ្ណ	1.966 / (21)	0% / 59.68%	7345
ទ្រេត	1.966 / (21)	0% / 59.68%	7346
ផ្សងព្រេង	1.966 / (21)	0% / 59.68%	7347
រៀវ	1.966 / (21)	0% / 59.68%	7348
ឆ្គាំឆ្គង	1.966 / (21)	0% / 59.68%	7349
តាមការពិត	1.966 / (21)	0% / 59.68%	7350
ម៉ាន់	1.966 / (21)	0% / 59.69%	7351
ត្រឡប់មកវិញ	1.966 / (21)	0% / 59.69%	7352
ព្រើល	1.966 / (21)	0% / 59.69%	7353
ថ្នាក់ក្រោម	1.966 / (21)	0% / 59.69%	7354
លុបចោល	1.966 / (21)	0% / 59.69%	7355
ជ្រួញ	1.966 / (21)	0% / 59.69%	7356
ប្រដា	1.966 / (21)	0% / 59.69%	7357
អាណិតអាសូរ	1.966 / (21)	0% / 59.69%	7358
ទទួលមរណភាព	1.966 / (21)	0% / 59.69%	7359
ផ្ទះប៉ិត	1.966 / (21)	0% / 59.69%	7360
ប្រោះ	1.966 / (21)	0% / 59.69%	7361
មើលកុន	1.966 / (21)	0% / 59.69%	7362
លត់	1.966 / (21)	0% / 59.69%	7363
វត្ថុបំណង	1.966 / (21)	0% / 59.69%	7364
និស្សិតមហាវិទ្យាល័យ	1.966 / (21)	0% / 59.69%	7365
ភាសាវិទូ	1.966 / (21)	0% / 59.69%	7366
រំជើបរំជួល	1.966 / (21)	0% / 59.69%	7367
សាឡុង	1.966 / (21)	0% / 59.69%	7368
កាលពីក្មេង	1.966 / (21)	0% / 59.69%	7369
និរាស	1.966 / (21)	0% / 59.69%	7370
តែខំ	1.966 / (21)	0% / 59.69%	7371
ជាដាច់ខាត	1.966 / (21)	0% / 59.69%	7372
ស៊ីអ៊ីវ	1.966 / (21)	0% / 59.69%	7373
លើកក្រោយ	1.966 / (21)	0% / 59.69%	7374
សំឡី	1.966 / (21)	0% / 59.69%	7375
ត្រេច	1.966 / (21)	0% / 59.69%	7376
អាជិ	1.966 / (21)	0% / 59.69%	7377
រឹងរូស	1.966 / (21)	0% / 59.69%	7378
ក្សេត្រ	1.966 / (21)	0% / 59.69%	7379
រត្ន	1.966 / (21)	0% / 59.69%	7380
ទំពុន	1.966 / (21)	0% / 59.69%	7381
ចម្រៀក	1.966 / (21)	0% / 59.69%	7382
ធួន	1.966 / (21)	0% / 59.69%	7383
ស្រែចំការ	1.966 / (21)	0% / 59.69%	7384
សមណៈ	1.966 / (21)	0% / 59.69%	7385
កករ	1.966 / (21)	0% / 59.69%	7386
វណ្ណកម្ម	1.966 / (21)	0% / 59.69%	7387
ទ្រុឌ	1.966 / (21)	0% / 59.69%	7388
ពំនូក	1.966 / (21)	0% / 59.69%	7389
អាស	1.966 / (21)	0% / 59.69%	7390
សាស្តា	1.966 / (21)	0% / 59.69%	7391
ប្រទក្សិណ	1.966 / (21)	0% / 59.69%	7392
រង្គសាល	1.966 / (21)	0% / 59.69%	7393
អចលនវត្ថុ	1.966 / (21)	0% / 59.69%	7394
រកម	1.966 / (21)	0% / 59.69%	7395
ច្រាង	1.966 / (21)	0% / 59.69%	7396
ដូចគេដូចឯង	1.966 / (21)	0% / 59.69%	7397
រាគៈ	1.966 / (21)	0% / 59.69%	7398
តម្រង	1.966 / (21)	0% / 59.69%	7399
មួយគូ	1.966 / (21)	0% / 59.69%	7400
ចង់និយាយ	1.966 / (21)	0% / 59.69%	7401
វ័ណ្ឌ	1.966 / (21)	0% / 59.7%	7402
ជាងទង	1.966 / (21)	0% / 59.7%	7403
ចុះឡើង	1.966 / (21)	0% / 59.7%	7404
ចំជា	1.966 / (21)	0% / 59.7%	7405
ជុះ	1.966 / (21)	0% / 59.7%	7406
ដួងចិត្ត	1.966 / (21)	0% / 59.7%	7407
បស្ចិមប្រទេស	1.966 / (21)	0% / 59.7%	7408
សំរឹទ្ធិស័ក	1.966 / (21)	0% / 59.7%	7409
ត្បូងឃ្មុំ	1.966 / (21)	0% / 59.7%	7410
ប្រវេណី	1.966 / (21)	0% / 59.7%	7411
ទូរសារ	1.966 / (21)	0% / 59.7%	7412
ម្តងនេះ	1.966 / (21)	0% / 59.7%	7413
រំលត់	1.966 / (21)	0% / 59.7%	7414
បង្កាច់	1.966 / (21)	0% / 59.7%	7415
លីលា	1.966 / (21)	0% / 59.7%	7416
ភាសាសៀម	1.966 / (21)	0% / 59.7%	7417
កញ្ចឹង	1.966 / (21)	0% / 59.7%	7418
គន្លាស់	1.966 / (21)	0% / 59.7%	7419
ទាន់ពេល	1.966 / (21)	0% / 59.7%	7420
លើមេឃ	1.966 / (21)	0% / 59.7%	7421
ថ្នាក់ទី	1.966 / (21)	0% / 59.7%	7422
លាឈប់	1.966 / (21)	0% / 59.7%	7423
ពាក្យពេចន៍	1.966 / (21)	0% / 59.7%	7424
សម្ពោធន៍	1.966 / (21)	0% / 59.7%	7425
គំនាប់	1.966 / (21)	0% / 59.7%	7426
អីហ្នឹង?	1.966 / (21)	0% / 59.7%	7427
ជម្រាល	1.966 / (21)	0% / 59.7%	7428
ហៅអី	1.966 / (21)	0% / 59.7%	7429
សត្វលោក	1.966 / (21)	0% / 59.7%	7430
បាក់ជើង	1.966 / (21)	0% / 59.7%	7431
ទំនុកច្រៀង	1.966 / (21)	0% / 59.7%	7432
ជួ	1.966 / (21)	0% / 59.7%	7433
ខ្យល់ព្យុះ	1.966 / (21)	0% / 59.7%	7434
មេក្លោង	1.966 / (21)	0% / 59.7%	7435
ព្រលយ	1.966 / (21)	0% / 59.7%	7436
ពោងពាយ	1.966 / (21)	0% / 59.7%	7437
ស្ងាត់ឈឹង	1.966 / (21)	0% / 59.7%	7438
អ៊ូច	1.966 / (21)	0% / 59.7%	7439
លេខមួយ	1.966 / (21)	0% / 59.7%	7440
លុបអក្សរ	1.966 / (21)	0% / 59.7%	7441
រាងចាល	1.966 / (21)	0% / 59.7%	7442
ប្លង់ដី	1.966 / (21)	0% / 59.7%	7443
ខើច	1.966 / (21)	0% / 59.7%	7444
អម្ពរ	1.966 / (21)	0% / 59.7%	7445
អៀ	1.966 / (21)	0% / 59.7%	7446
ការគួរ	1.966 / (21)	0% / 59.7%	7447
ពើត	1.966 / (21)	0% / 59.7%	7448
រុល	1.966 / (21)	0% / 59.7%	7449
បញ្ចោរ	1.966 / (21)	0% / 59.7%	7450
ឧបេក្ខា	1.966 / (21)	0% / 59.7%	7451
បស្ចិម	1.966 / (21)	0% / 59.7%	7452
ងក់	1.966 / (21)	0% / 59.71%	7453
ដោក	1.966 / (21)	0% / 59.71%	7454
ទីនាំង	1.966 / (21)	0% / 59.71%	7455
សូង	1.966 / (21)	0% / 59.71%	7456
គំរប	1.966 / (21)	0% / 59.71%	7457
កូនទាហាន	1.966 / (21)	0% / 59.71%	7458
ចំពោះមុខ	1.966 / (21)	0% / 59.71%	7459
មានជម្ងឺ	1.966 / (21)	0% / 59.71%	7460
តង្វាយ	1.966 / (21)	0% / 59.71%	7461
ស្ងាត់ស្ងៀម	1.966 / (21)	0% / 59.71%	7462
សារុងសូត្រ	1.966 / (21)	0% / 59.71%	7463
សូរសៀង	1.966 / (21)	0% / 59.71%	7464
ព្រះរាជទាន	1.966 / (21)	0% / 59.71%	7465
បួរ	1.966 / (21)	0% / 59.71%	7466
ស្រវាំង	1.966 / (21)	0% / 59.71%	7467
ដូចនោះ	1.966 / (21)	0% / 59.71%	7468
អត្តចរិត	1.966 / (21)	0% / 59.71%	7469
តៅហ៊ូ	1.966 / (21)	0% / 59.71%	7470
ឡាតាំង	1.966 / (21)	0% / 59.71%	7471
ដម	1.966 / (21)	0% / 59.71%	7472
តែម្នាក់ឯង	1.966 / (21)	0% / 59.71%	7473
ទឹកទន្លេ	1.966 / (21)	0% / 59.71%	7474
រាជបណ្ឌិតសភា	1.966 / (21)	0% / 59.71%	7475
សង្កត់សង្កិន	1.966 / (21)	0% / 59.71%	7476
បោះផ្សាយ	1.966 / (21)	0% / 59.71%	7477
សហាយ	1.966 / (21)	0% / 59.71%	7478
ភេរវជន	1.966 / (21)	0% / 59.71%	7479
ចោរលួច	1.872 / (20)	0% / 59.71%	7480
ស្រងូតស្រងាត់	1.872 / (20)	0% / 59.71%	7481
បញ្ចាល	1.872 / (20)	0% / 59.71%	7482
ប្រជ្រៀត	1.872 / (20)	0% / 59.71%	7483
អាប់អួ	1.872 / (20)	0% / 59.71%	7484
សុខុមាល	1.872 / (20)	0% / 59.71%	7485
ស្រងាំ	1.872 / (20)	0% / 59.71%	7486
សេចក្ដីជូនដំណឹង	1.872 / (20)	0% / 59.71%	7487
កូនក្រមុំ	1.872 / (20)	0% / 59.71%	7488
មើលតាម	1.872 / (20)	0% / 59.71%	7489
ប៉ាន់ប្រមាណ	1.872 / (20)	0% / 59.71%	7490
យកលេស	1.872 / (20)	0% / 59.71%	7491
ម្ខាងទៀត	1.872 / (20)	0% / 59.71%	7492
អវយវៈ	1.872 / (20)	0% / 59.71%	7493
យល់ជា	1.872 / (20)	0% / 59.71%	7494
ឥណ្ឌៀ	1.872 / (20)	0% / 59.71%	7495
លេងកំសាន្ត	1.872 / (20)	0% / 59.71%	7496
យប់ហើយ	1.872 / (20)	0% / 59.71%	7497
ម្ដងណា	1.872 / (20)	0% / 59.71%	7498
ម្ដាយក្មេក	1.872 / (20)	0% / 59.71%	7499
លោកា	1.872 / (20)	0% / 59.71%	7500
អគ្គី	1.872 / (20)	0% / 59.71%	7501
អាសាធ	1.872 / (20)	0% / 59.71%	7502
តដៃ	1.872 / (20)	0% / 59.71%	7503
ស្ថាបត្យករ	1.872 / (20)	0% / 59.71%	7504
ខៀវដិត	1.872 / (20)	0% / 59.72%	7505
ពណ្ណរាយ	1.872 / (20)	0% / 59.72%	7506
ច្របូកច្របល់	1.872 / (20)	0% / 59.72%	7507
ចាប់ចិត្ត	1.872 / (20)	0% / 59.72%	7508
សហព័ទ្ធ	1.872 / (20)	0% / 59.72%	7509
ធ្វើល្អ	1.872 / (20)	0% / 59.72%	7510
ប្រកិត	1.872 / (20)	0% / 59.72%	7511
ចំណារ	1.872 / (20)	0% / 59.72%	7512
មីរ	1.872 / (20)	0% / 59.72%	7513
យុទ្ធវិធី	1.872 / (20)	0% / 59.72%	7514
ប្រហែលគ្នា	1.872 / (20)	0% / 59.72%	7515
សុចិ	1.872 / (20)	0% / 59.72%	7516
ផ្ដាច់ព្រ័ត្រ	1.872 / (20)	0% / 59.72%	7517
លើកំពូល	1.872 / (20)	0% / 59.72%	7518
គ្រវែង	1.872 / (20)	0% / 59.72%	7519
ស្រាង	1.872 / (20)	0% / 59.72%	7520
ដោយសន្តិវិធី	1.872 / (20)	0% / 59.72%	7521
រំងាប់	1.872 / (20)	0% / 59.72%	7522
ពុ	1.872 / (20)	0% / 59.72%	7523
ម៉ាគី	1.872 / (20)	0% / 59.72%	7524
ជិះកង់	1.872 / (20)	0% / 59.72%	7525
សាកវប្បកម្ម	1.872 / (20)	0% / 59.72%	7526
ខ្សាវ	1.872 / (20)	0% / 59.72%	7527
ហុត	1.872 / (20)	0% / 59.72%	7528
លីប	1.872 / (20)	0% / 59.72%	7529
ក្រសួងការបរទេស	1.872 / (20)	0% / 59.72%	7530
ឥតប្រយោជន៍	1.872 / (20)	0% / 59.72%	7531
ចម្រុង	1.872 / (20)	0% / 59.72%	7532
សំបូរណ៍	1.872 / (20)	0% / 59.72%	7533
ការវាយប្រហារ	1.872 / (20)	0% / 59.72%	7534
អ្នកចេះដឹង	1.872 / (20)	0% / 59.72%	7535
ធ្វើបាតុកម្ម	1.872 / (20)	0% / 59.72%	7536
ស្គារ	1.872 / (20)	0% / 59.72%	7537
បិណ្ឌបាត	1.872 / (20)	0% / 59.72%	7538
ជាការល្អ	1.872 / (20)	0% / 59.72%	7539
ដល់ក	1.872 / (20)	0% / 59.72%	7540
កាន់ជើង	1.872 / (20)	0% / 59.72%	7541
បេឡា	1.872 / (20)	0% / 59.72%	7542
ស្លាបចក្រ	1.872 / (20)	0% / 59.72%	7543
បោះពួយ	1.872 / (20)	0% / 59.72%	7544
សម្រាំង	1.872 / (20)	0% / 59.72%	7545
អត្តភាព	1.872 / (20)	0% / 59.72%	7546
លឿនស្លេវ	1.872 / (20)	0% / 59.72%	7547
គោបាល	1.872 / (20)	0% / 59.72%	7548
ប្រិមប្រិយ	1.872 / (20)	0% / 59.72%	7549
សម្ភព	1.872 / (20)	0% / 59.72%	7550
អគារសិក្សា	1.872 / (20)	0% / 59.72%	7551
កងយោធពល	1.872 / (20)	0% / 59.72%	7552
កុំអាល	1.872 / (20)	0% / 59.72%	7553
ព្រហ្មញ្ញ	1.872 / (20)	0% / 59.72%	7554
អ្នកចំរៀង	1.872 / (20)	0% / 59.72%	7555
វេទ	1.872 / (20)	0% / 59.72%	7556
ស្ទង់មតិ	1.872 / (20)	0% / 59.72%	7557
ទូរសព្ទ	1.872 / (20)	0% / 59.73%	7558
សោះសូន្យ	1.872 / (20)	0% / 59.73%	7559
វ៉ែន	1.872 / (20)	0% / 59.73%	7560
ធ្នើរ	1.872 / (20)	0% / 59.73%	7561
ពិន	1.872 / (20)	0% / 59.73%	7562
សៀន	1.872 / (20)	0% / 59.73%	7563
របៀបរៀបរយ	1.872 / (20)	0% / 59.73%	7564
ក្នុងមួយថ្ងៃ	1.872 / (20)	0% / 59.73%	7565
ព្រះរាជក្រម	1.872 / (20)	0% / 59.73%	7566
ជុំគ្នា	1.872 / (20)	0% / 59.73%	7567
រឹល	1.872 / (20)	0% / 59.73%	7568
ឆុង	1.872 / (20)	0% / 59.73%	7569
ហ៊ុំ	1.872 / (20)	0% / 59.73%	7570
ពលទោ	1.872 / (20)	0% / 59.73%	7571
លែ	1.872 / (20)	0% / 59.73%	7572
អាឡោះ	1.872 / (20)	0% / 59.73%	7573
បរិយត្តិ	1.872 / (20)	0% / 59.73%	7574
វិលមុខ	1.872 / (20)	0% / 59.73%	7575
ឆាង	1.872 / (20)	0% / 59.73%	7576
មួម៉ៅ	1.872 / (20)	0% / 59.73%	7577
រ៉ី	1.872 / (20)	0% / 59.73%	7578
ពិការភាព	1.872 / (20)	0% / 59.73%	7579
វិធីការ	1.872 / (20)	0% / 59.73%	7580
ទេវបុត្រ	1.872 / (20)	0% / 59.73%	7581
យោគាវចរ	1.872 / (20)	0% / 59.73%	7582
ដាំបាយ	1.872 / (20)	0% / 59.73%	7583
ផាយ	1.872 / (20)	0% / 59.73%	7584
ក្អាង	1.872 / (20)	0% / 59.73%	7585
កន្លែងផ្សេង	1.872 / (20)	0% / 59.73%	7586
ប៉ូឡូញ	1.872 / (20)	0% / 59.73%	7587
ខ្ទាស់	1.872 / (20)	0% / 59.73%	7588
ចន្ទ្រ	1.872 / (20)	0% / 59.73%	7589
ខ្មាន់	1.872 / (20)	0% / 59.73%	7590
ខាងក្រៅប្រទេស	1.872 / (20)	0% / 59.73%	7591
អ្នកប្រយុទ្ធ	1.872 / (20)	0% / 59.73%	7592
ថ្នាក់ថ្នម	1.872 / (20)	0% / 59.73%	7593
រយឺត	1.872 / (20)	0% / 59.73%	7594
អ្នកចាំទី	1.872 / (20)	0% / 59.73%	7595
ឆ្នាំកុរ	1.872 / (20)	0% / 59.73%	7596
ស្លឹង	1.872 / (20)	0% / 59.73%	7597
ម្ករ	1.872 / (20)	0% / 59.73%	7598
រំលីង	1.872 / (20)	0% / 59.73%	7599
កៀត	1.872 / (20)	0% / 59.73%	7600
នៅមុន	1.872 / (20)	0% / 59.73%	7601
ឆ្មើង	1.872 / (20)	0% / 59.73%	7602
ឈឺឆ្អាល	1.872 / (20)	0% / 59.73%	7603
ថាំ	1.872 / (20)	0% / 59.73%	7604
គ្រូបង្ហាត់	1.872 / (20)	0% / 59.73%	7605
កួយ	1.872 / (20)	0% / 59.73%	7606
ស្រូត	1.872 / (20)	0% / 59.73%	7607
កូនសំណប់	1.872 / (20)	0% / 59.73%	7608
យានដ្ឋាន	1.872 / (20)	0% / 59.73%	7609
អ្នកប្រវត្តិសាស្ត្រ	1.872 / (20)	0% / 59.73%	7610
នាកាល	1.872 / (20)	0% / 59.73%	7611
បទបញ្ញត្តិ	1.872 / (20)	0% / 59.74%	7612
ច្រើនយ៉ាង	1.872 / (20)	0% / 59.74%	7613
ប្រយែង	1.872 / (20)	0% / 59.74%	7614
ត្រូវរបួស	1.872 / (20)	0% / 59.74%	7615
ក្រយៅ	1.872 / (20)	0% / 59.74%	7616
សល្យ	1.872 / (20)	0% / 59.74%	7617
កិនស្រូវ	1.872 / (20)	0% / 59.74%	7618
ភ្ជិត	1.872 / (20)	0% / 59.74%	7619
ផ្នួស	1.872 / (20)	0% / 59.74%	7620
អំបូរភាសា	1.872 / (20)	0% / 59.74%	7621
អែស	1.872 / (20)	0% / 59.74%	7622
ទីឯណោះ	1.872 / (20)	0% / 59.74%	7623
កណ្ដាប់ដៃ	1.872 / (20)	0% / 59.74%	7624
តម្រឹម	1.872 / (20)	0% / 59.74%	7625
មានដល់	1.872 / (20)	0% / 59.74%	7626
តំរៀប	1.872 / (20)	0% / 59.74%	7627
អ្នកមានអំណាច	1.872 / (20)	0% / 59.74%	7628
កាលដែល	1.872 / (20)	0% / 59.74%	7629
ស៊ីង	1.872 / (20)	0% / 59.74%	7630
រាជសេនា	1.872 / (20)	0% / 59.74%	7631
ជាប្រចាំ	1.872 / (20)	0% / 59.74%	7632
រវាត	1.872 / (20)	0% / 59.74%	7633
អនុសាស	1.872 / (20)	0% / 59.74%	7634
ផ្លិត	1.872 / (20)	0% / 59.74%	7635
បែលហ្សិក	1.872 / (20)	0% / 59.74%	7636
ទាំងចាស់ទាំងក្មេង	1.872 / (20)	0% / 59.74%	7637
ពូជពង្ស	1.872 / (20)	0% / 59.74%	7638
ជារី	1.872 / (20)	0% / 59.74%	7639
អាសា	1.872 / (20)	0% / 59.74%	7640
បដិសន្ធិ	1.872 / (20)	0% / 59.74%	7641
អ្នកឲ្យ	1.872 / (20)	0% / 59.74%	7642
ផ្ទៃក្នុងប្រទេស	1.872 / (20)	0% / 59.74%	7643
ស្រោចស្រង់	1.872 / (20)	0% / 59.74%	7644
ច្បាប់ស្រី	1.872 / (20)	0% / 59.74%	7645
ភ្លក្ស	1.872 / (20)	0% / 59.74%	7646
មួយម៉ោង	1.872 / (20)	0% / 59.74%	7647
របឹង	1.872 / (20)	0% / 59.74%	7648
យន់	1.872 / (20)	0% / 59.74%	7649
អ្នកច្រៀង	1.872 / (20)	0% / 59.74%	7650
បរិពារ	1.872 / (20)	0% / 59.74%	7651
ល្វែងម៉ោង	1.778 / (19)	0% / 59.74%	7652
ម្ជុល	1.778 / (19)	0% / 59.74%	7653
សិរសា	1.778 / (19)	0% / 59.74%	7654
ប្រសាច	1.778 / (19)	0% / 59.74%	7655
បន្លប់	1.778 / (19)	0% / 59.74%	7656
ប៉ុណ្ណោះទេ	1.778 / (19)	0% / 59.74%	7657
រខិត	1.778 / (19)	0% / 59.74%	7658
បុត្ត	1.778 / (19)	0% / 59.74%	7659
មហាសង្ឃរាជ	1.778 / (19)	0% / 59.74%	7660
អន្តរា	1.778 / (19)	0% / 59.74%	7661
រាំវង់	1.778 / (19)	0% / 59.74%	7662
ចំណេរ	1.778 / (19)	0% / 59.74%	7663
ថ្នាំង	1.778 / (19)	0% / 59.74%	7664
មរណទុក្ខ	1.778 / (19)	0% / 59.74%	7665
ពេញទំហឹង	1.778 / (19)	0% / 59.75%	7666
សៀវភៅរឿង	1.778 / (19)	0% / 59.75%	7667
ភាតា	1.778 / (19)	0% / 59.75%	7668
ទានបារមី	1.778 / (19)	0% / 59.75%	7669
ផាំង	1.778 / (19)	0% / 59.75%	7670
ជួង	1.778 / (19)	0% / 59.75%	7671
សំលៀង	1.778 / (19)	0% / 59.75%	7672
មានផ្ទៃពោះ	1.778 / (19)	0% / 59.75%	7673
ម៉ុម	1.778 / (19)	0% / 59.75%	7674
តាមទម្លាប់	1.778 / (19)	0% / 59.75%	7675
រលាប	1.778 / (19)	0% / 59.75%	7676
សម្រាន្ត	1.778 / (19)	0% / 59.75%	7677
អស់ទៅហើយ	1.778 / (19)	0% / 59.75%	7678
គួច	1.778 / (19)	0% / 59.75%	7679
ស្វាហាប់	1.778 / (19)	0% / 59.75%	7680
ផលការ	1.778 / (19)	0% / 59.75%	7681
បែកគ្នា	1.778 / (19)	0% / 59.75%	7682
នព្វន្ត	1.778 / (19)	0% / 59.75%	7683
ជើត	1.778 / (19)	0% / 59.75%	7684
ខណ្ឌសីមា	1.778 / (19)	0% / 59.75%	7685
អរសាទរ	1.778 / (19)	0% / 59.75%	7686
ឆ្លងឆ្លើយ	1.778 / (19)	0% / 59.75%	7687
ស្ដៅ	1.778 / (19)	0% / 59.75%	7688
មាតុភាព	1.778 / (19)	0% / 59.75%	7689
ពងមាន់	1.778 / (19)	0% / 59.75%	7690
កុម្ម៉ង់	1.778 / (19)	0% / 59.75%	7691
ពំនាក់	1.778 / (19)	0% / 59.75%	7692
សាបព្រោះ	1.778 / (19)	0% / 59.75%	7693
ស្រងាក	1.778 / (19)	0% / 59.75%	7694
ទៀ	1.778 / (19)	0% / 59.75%	7695
ស្កា	1.778 / (19)	0% / 59.75%	7696
រិះគិត	1.778 / (19)	0% / 59.75%	7697
លក់ដាច់	1.778 / (19)	0% / 59.75%	7698
ការប្រព្រឹត្ត	1.778 / (19)	0% / 59.75%	7699
ក្រៀល	1.778 / (19)	0% / 59.75%	7700
លេចធ្លោ	1.778 / (19)	0% / 59.75%	7701
តម្រៀប	1.778 / (19)	0% / 59.75%	7702
ចាស់ហើយ	1.778 / (19)	0% / 59.75%	7703
លលេង	1.778 / (19)	0% / 59.75%	7704
ស្រអែម	1.778 / (19)	0% / 59.75%	7705
ជ្រីវ	1.778 / (19)	0% / 59.75%	7706
សំណព្វ	1.778 / (19)	0% / 59.75%	7707
បោះចោល	1.778 / (19)	0% / 59.75%	7708
ឥស្សរៈ	1.778 / (19)	0% / 59.75%	7709
យាមកាម	1.778 / (19)	0% / 59.75%	7710
សុរិយោដី	1.778 / (19)	0% / 59.75%	7711
ក្បូរក្បាច់	1.778 / (19)	0% / 59.75%	7712
ជរាពាធ	1.778 / (19)	0% / 59.75%	7713
ជាអកុសល	1.778 / (19)	0% / 59.75%	7714
ចោមរោម	1.778 / (19)	0% / 59.75%	7715
ហ្នឹងឯង	1.778 / (19)	0% / 59.75%	7716
រឿងហេតុ	1.778 / (19)	0% / 59.75%	7717
គៃ	1.778 / (19)	0% / 59.75%	7718
ហ៊ា	1.778 / (19)	0% / 59.75%	7719
ចិត្តគំនិត	1.778 / (19)	0% / 59.75%	7720
ធ្វើឃាត	1.778 / (19)	0% / 59.75%	7721
តាំងខ្លួន	1.778 / (19)	0% / 59.76%	7722
ឆ្លៀតឱកាស	1.778 / (19)	0% / 59.76%	7723
អត់អី	1.778 / (19)	0% / 59.76%	7724
ខាតពេល	1.778 / (19)	0% / 59.76%	7725
ឃ្លៀង	1.778 / (19)	0% / 59.76%	7726
កុមារភាព	1.778 / (19)	0% / 59.76%	7727
សុំច្បាប់	1.778 / (19)	0% / 59.76%	7728
ធ្វើពើ	1.778 / (19)	0% / 59.76%	7729
សំរេចចិត្ត	1.778 / (19)	0% / 59.76%	7730
ពិល	1.778 / (19)	0% / 59.76%	7731
ឈ្វេង	1.778 / (19)	0% / 59.76%	7732
ប្រាំបី	1.778 / (19)	0% / 59.76%	7733
សមតែ	1.778 / (19)	0% / 59.76%	7734
អ្នកស្រែ	1.778 / (19)	0% / 59.76%	7735
តុងកឹង	1.778 / (19)	0% / 59.76%	7736
ឆ្វេងដៃ	1.778 / (19)	0% / 59.76%	7737
នាគរាជ	1.778 / (19)	0% / 59.76%	7738
រាជវង្សានុវង្ស	1.778 / (19)	0% / 59.76%	7739
ឈាបនដ្ឋាន	1.778 / (19)	0% / 59.76%	7740
ព្រិច	1.778 / (19)	0% / 59.76%	7741
កងទ័ពអាកាស	1.778 / (19)	0% / 59.76%	7742
សម្មាសម្ពុទ្ធ	1.778 / (19)	0% / 59.76%	7743
សន្លាក់	1.778 / (19)	0% / 59.76%	7744
ក្រគរ	1.778 / (19)	0% / 59.76%	7745
បូណ៌មី	1.778 / (19)	0% / 59.76%	7746
ដាង	1.778 / (19)	0% / 59.76%	7747
សេដ្ឋា	1.778 / (19)	0% / 59.76%	7748
យកជាការ	1.778 / (19)	0% / 59.76%	7749
ចំបាប់	1.778 / (19)	0% / 59.76%	7750
ប៉ែង	1.778 / (19)	0% / 59.76%	7751
ពិពាហ៍	1.778 / (19)	0% / 59.76%	7752
ភ្នំស្រុក	1.778 / (19)	0% / 59.76%	7753
ដំឡៃ	1.778 / (19)	0% / 59.76%	7754
ងងិត	1.778 / (19)	0% / 59.76%	7755
ក្រញូវ	1.778 / (19)	0% / 59.76%	7756
អវសាន	1.778 / (19)	0% / 59.76%	7757
អុង	1.778 / (19)	0% / 59.76%	7758
ដរាបណា	1.778 / (19)	0% / 59.76%	7759
ស៊ីផឹក	1.778 / (19)	0% / 59.76%	7760
សច្ចៈ	1.778 / (19)	0% / 59.76%	7761
បង្ហូត	1.778 / (19)	0% / 59.76%	7762
ស្លេកស្លាំង	1.778 / (19)	0% / 59.76%	7763
សព្វមួយដង	1.778 / (19)	0% / 59.76%	7764
សន្និសីទកាសែត	1.778 / (19)	0% / 59.76%	7765
សុជាត	1.778 / (19)	0% / 59.76%	7766
ផ្ទំ	1.778 / (19)	0% / 59.76%	7767
អត់បើ	1.778 / (19)	0% / 59.76%	7768
ជើងស្រុក	1.778 / (19)	0% / 59.76%	7769
ដឹងឮ	1.778 / (19)	0% / 59.76%	7770
ទៈ	1.778 / (19)	0% / 59.76%	7771
ទៅក្រៅ	1.778 / (19)	0% / 59.76%	7772
ចឺម	1.778 / (19)	0% / 59.76%	7773
ទំនប់ទឹក	1.778 / (19)	0% / 59.76%	7774
សង្វាត	1.778 / (19)	0% / 59.76%	7775
ផើង	1.778 / (19)	0% / 59.76%	7776
មានស្រាប់	1.778 / (19)	0% / 59.76%	7777
ចាមៈ	1.778 / (19)	0% / 59.77%	7778
ញញែម	1.778 / (19)	0% / 59.77%	7779
ខ្លុង	1.778 / (19)	0% / 59.77%	7780
មច្ឆា	1.778 / (19)	0% / 59.77%	7781
កណ្ដៀង	1.778 / (19)	0% / 59.77%	7782
បង្គ្រប់	1.778 / (19)	0% / 59.77%	7783
កន្តាំង	1.778 / (19)	0% / 59.77%	7784
លៃលក	1.778 / (19)	0% / 59.77%	7785
ប្រលែង	1.778 / (19)	0% / 59.77%	7786
ជន្លេន	1.778 / (19)	0% / 59.77%	7787
ផ្លុង	1.778 / (19)	0% / 59.77%	7788
សូត្រធម៌	1.685 / (18)	0% / 59.77%	7789
ស្តួចស្តើង	1.685 / (18)	0% / 59.77%	7790
សុពល	1.685 / (18)	0% / 59.77%	7791
ឋានានុក្រម	1.685 / (18)	0% / 59.77%	7792
រនាម	1.685 / (18)	0% / 59.77%	7793
ធំសម្បើម	1.685 / (18)	0% / 59.77%	7794
ការឈឺចាប់	1.685 / (18)	0% / 59.77%	7795
អន្ទង់	1.685 / (18)	0% / 59.77%	7796
រាជកិច្ច	1.685 / (18)	0% / 59.77%	7797
កិច្ចពិភាក្សា	1.685 / (18)	0% / 59.77%	7798
អណ្តែត	1.685 / (18)	0% / 59.77%	7799
យឹត	1.685 / (18)	0% / 59.77%	7800
ប្រទេសក្រៅ	1.685 / (18)	0% / 59.77%	7801
ខ្លោចចិត្ត	1.685 / (18)	0% / 59.77%	7802
ខ្លួនខ្ញុំនេះ	1.685 / (18)	0% / 59.77%	7803
ប្លាស្ទិក	1.685 / (18)	0% / 59.77%	7804
ធ្វើទារុណកម្ម	1.685 / (18)	0% / 59.77%	7805
ទ្រាំមិនបាន	1.685 / (18)	0% / 59.77%	7806
ទឹកនោមផ្អែម	1.685 / (18)	0% / 59.77%	7807
អមនុស្សធម៌	1.685 / (18)	0% / 59.77%	7808
កេណ្ឌ	1.685 / (18)	0% / 59.77%	7809
បណ្ដាសា	1.685 / (18)	0% / 59.77%	7810
ម៉ាដាម	1.685 / (18)	0% / 59.77%	7811
ស្លេក	1.685 / (18)	0% / 59.77%	7812
មួយស្របក់	1.685 / (18)	0% / 59.77%	7813
ទោចក្រយានយន្ត	1.685 / (18)	0% / 59.77%	7814
គុម្ពោត	1.685 / (18)	0% / 59.77%	7815
សេនានុព័ន្ធ	1.685 / (18)	0% / 59.77%	7816
រិតតែ	1.685 / (18)	0% / 59.77%	7817
ទាស់តែ	1.685 / (18)	0% / 59.77%	7818
ស្រពិល	1.685 / (18)	0% / 59.77%	7819
ជាប់រវល់	1.685 / (18)	0% / 59.77%	7820
សំចត	1.685 / (18)	0% / 59.77%	7821
ជែង	1.685 / (18)	0% / 59.77%	7822
ហើយឬនៅ?	1.685 / (18)	0% / 59.77%	7823
អាកប្ប	1.685 / (18)	0% / 59.77%	7824
ឧបទ្រពចង្រៃ	1.685 / (18)	0% / 59.77%	7825
ក្រៅផ្លូវការ	1.685 / (18)	0% / 59.77%	7826
តើន	1.685 / (18)	0% / 59.77%	7827
គ្រេច	1.685 / (18)	0% / 59.77%	7828
ខ្សែស្រឡាយ	1.685 / (18)	0% / 59.77%	7829
ភាសិត	1.685 / (18)	0% / 59.77%	7830
ថៈ	1.685 / (18)	0% / 59.77%	7831
សន្ទូង	1.685 / (18)	0% / 59.77%	7832
សាច់ប្រាក់	1.685 / (18)	0% / 59.77%	7833
ប្រទេសភូមា	1.685 / (18)	0% / 59.77%	7834
គុណប្រយោជន៍	1.685 / (18)	0% / 59.77%	7835
ផ្សំផ្គុំ	1.685 / (18)	0% / 59.77%	7836
និរន្ត	1.685 / (18)	0% / 59.78%	7837
កូនគោ	1.685 / (18)	0% / 59.78%	7838
តឹកតាង	1.685 / (18)	0% / 59.78%	7839
ឲ្យបាយ	1.685 / (18)	0% / 59.78%	7840
មេគយ	1.685 / (18)	0% / 59.78%	7841
ស្ដូក	1.685 / (18)	0% / 59.78%	7842
រៀបតែ	1.685 / (18)	0% / 59.78%	7843
សម្បូណ៌	1.685 / (18)	0% / 59.78%	7844
រកតែ	1.685 / (18)	0% / 59.78%	7845
តាមវិធី	1.685 / (18)	0% / 59.78%	7846
ការរើសអើង	1.685 / (18)	0% / 59.78%	7847
ជាប្រក្រតី	1.685 / (18)	0% / 59.78%	7848
លលា	1.685 / (18)	0% / 59.78%	7849
រមាស់	1.685 / (18)	0% / 59.78%	7850
ការទាក់ទងគ្នា	1.685 / (18)	0% / 59.78%	7851
លែងនិយាយ	1.685 / (18)	0% / 59.78%	7852
ថ្នេរ	1.685 / (18)	0% / 59.78%	7853
អាធ្រាត្រ	1.685 / (18)	0% / 59.78%	7854
ត្បាល់បុក	1.685 / (18)	0% / 59.78%	7855
ជ្រលង	1.685 / (18)	0% / 59.78%	7856
និវត្ត	1.685 / (18)	0% / 59.78%	7857
ក្រុមសាមគ្គី	1.685 / (18)	0% / 59.78%	7858
ខ្ញុំគេ	1.685 / (18)	0% / 59.78%	7859
ផៅ	1.685 / (18)	0% / 59.78%	7860
ហ៊ឹង	1.685 / (18)	0% / 59.78%	7861
ដីសម្បទាន	1.685 / (18)	0% / 59.78%	7862
បោះបង្គោល	1.685 / (18)	0% / 59.78%	7863
វាលទំនាប	1.685 / (18)	0% / 59.78%	7864
ដោយពេល	1.685 / (18)	0% / 59.78%	7865
សមជា	1.685 / (18)	0% / 59.78%	7866
ហៀប	1.685 / (18)	0% / 59.78%	7867
គ្នាយើង	1.685 / (18)	0% / 59.78%	7868
ស្វាគមន៏	1.685 / (18)	0% / 59.78%	7869
សម្រុះសម្រួល	1.685 / (18)	0% / 59.78%	7870
វរៈ	1.685 / (18)	0% / 59.78%	7871
ក្លោងទ្វារ	1.685 / (18)	0% / 59.78%	7872
ក្អេង	1.685 / (18)	0% / 59.78%	7873
រឹទ្ធិ	1.685 / (18)	0% / 59.78%	7874
យកដៃ	1.685 / (18)	0% / 59.78%	7875
តាមចំណូលចិត្ត	1.685 / (18)	0% / 59.78%	7876
ចចេស	1.685 / (18)	0% / 59.78%	7877
ផុល	1.685 / (18)	0% / 59.78%	7878
សាច់គោ	1.685 / (18)	0% / 59.78%	7879
យកគំនិត	1.685 / (18)	0% / 59.78%	7880
អ្នកធ្វើការ	1.685 / (18)	0% / 59.78%	7881
រអាក់រអួល	1.685 / (18)	0% / 59.78%	7882
ប្រថុយប្រថាន	1.685 / (18)	0% / 59.78%	7883
ចៃឆ្កែ	1.685 / (18)	0% / 59.78%	7884
ជាយក្រុង	1.685 / (18)	0% / 59.78%	7885
គ្នី	1.685 / (18)	0% / 59.78%	7886
ស្វាយចន្ទី	1.685 / (18)	0% / 59.78%	7887
សេដា	1.685 / (18)	0% / 59.78%	7888
យេស៊ូ	1.685 / (18)	0% / 59.78%	7889
ពន្លះ	1.685 / (18)	0% / 59.78%	7890
មូលធន	1.685 / (18)	0% / 59.78%	7891
បាកាន	1.685 / (18)	0% / 59.78%	7892
ព្រលឹត	1.685 / (18)	0% / 59.78%	7893
ទសកៈ	1.685 / (18)	0% / 59.78%	7894
លាក	1.685 / (18)	0% / 59.78%	7895
ប្រៀនប្រដៅ	1.685 / (18)	0% / 59.79%	7896
អាសាឍ	1.685 / (18)	0% / 59.79%	7897
សន្ធំ	1.685 / (18)	0% / 59.79%	7898
គ្រឿន	1.685 / (18)	0% / 59.79%	7899
ភ្នែន	1.685 / (18)	0% / 59.79%	7900
ហូរហៀរ	1.685 / (18)	0% / 59.79%	7901
ឃើញច្បាស់	1.685 / (18)	0% / 59.79%	7902
ម៉ាំ	1.685 / (18)	0% / 59.79%	7903
ពីងពាង	1.685 / (18)	0% / 59.79%	7904
គ្រោត	1.685 / (18)	0% / 59.79%	7905
ផ្ដាច់មុខ	1.685 / (18)	0% / 59.79%	7906
សូភី	1.685 / (18)	0% / 59.79%	7907
ស្រលះ	1.685 / (18)	0% / 59.79%	7908
សមូហភាព	1.685 / (18)	0% / 59.79%	7909
ច្រើនមុខ	1.685 / (18)	0% / 59.79%	7910
ហង់	1.685 / (18)	0% / 59.79%	7911
សម្លុក	1.685 / (18)	0% / 59.79%	7912
រាប់អានបងប្អូន	1.685 / (18)	0% / 59.79%	7913
ល្អង	1.685 / (18)	0% / 59.79%	7914
ជួយការ	1.685 / (18)	0% / 59.79%	7915
ខ្សោះ	1.685 / (18)	0% / 59.79%	7916
លង់ទឹក	1.685 / (18)	0% / 59.79%	7917
គោរមងារ	1.685 / (18)	0% / 59.79%	7918
សម្នាក់	1.685 / (18)	0% / 59.79%	7919
ជោះ	1.685 / (18)	0% / 59.79%	7920
ដោយស្មោះស្ម័គ្រ	1.685 / (18)	0% / 59.79%	7921
ឈាបនកិច្ច	1.685 / (18)	0% / 59.79%	7922
យូរណាស់	1.685 / (18)	0% / 59.79%	7923
កងទ័ពជើងទឹក	1.685 / (18)	0% / 59.79%	7924
អៃ	1.685 / (18)	0% / 59.79%	7925
លូច	1.685 / (18)	0% / 59.79%	7926
ដើម្បីអ្វី	1.685 / (18)	0% / 59.79%	7927
វៀចវេរ	1.685 / (18)	0% / 59.79%	7928
លាក់លៀម	1.685 / (18)	0% / 59.79%	7929
រដ្ឋសង្គមនិយម	1.685 / (18)	0% / 59.79%	7930
តាជី	1.685 / (18)	0% / 59.79%	7931
អាណោចអាធ័ម	1.685 / (18)	0% / 59.79%	7932
តាំងពីតូច	1.685 / (18)	0% / 59.79%	7933
រត់ប្រណាំង	1.685 / (18)	0% / 59.79%	7934
ស្រួលខ្លួន	1.685 / (18)	0% / 59.79%	7935
មានទោស	1.685 / (18)	0% / 59.79%	7936
កូលាប	1.685 / (18)	0% / 59.79%	7937
ស្រុកទេស	1.685 / (18)	0% / 59.79%	7938
មាតុប្រទេស	1.685 / (18)	0% / 59.79%	7939
ធនូ	1.685 / (18)	0% / 59.79%	7940
ត្បាល់កិន	1.685 / (18)	0% / 59.79%	7941
អើបើ	1.685 / (18)	0% / 59.79%	7942
ជីដូនជីតា	1.685 / (18)	0% / 59.79%	7943
ត្រកង	1.685 / (18)	0% / 59.79%	7944
សត្វព្រៃ	1.685 / (18)	0% / 59.79%	7945
ចំអិន	1.685 / (18)	0% / 59.79%	7946
ដើរមក	1.685 / (18)	0% / 59.79%	7947
សច្ច	1.685 / (18)	0% / 59.79%	7948
ទីវត្ត	1.685 / (18)	0% / 59.79%	7949
មេផ្ទះ	1.685 / (18)	0% / 59.79%	7950
អព្ភូត	1.685 / (18)	0% / 59.79%	7951
មិនដាច់	1.685 / (18)	0% / 59.79%	7952
សុភាពរាបសារ	1.685 / (18)	0% / 59.79%	7953
ចចាប់	1.685 / (18)	0% / 59.79%	7954
និទានរឿង	1.685 / (18)	0% / 59.79%	7955
អំណោយផល	1.685 / (18)	0% / 59.8%	7956
រ៉ាយរ៉ាប់	1.685 / (18)	0% / 59.8%	7957
លេចឮ	1.685 / (18)	0% / 59.8%	7958
អនុមោទនា	1.685 / (18)	0% / 59.8%	7959
ទាន់ចិត្ត	1.685 / (18)	0% / 59.8%	7960
អន់ខ្សោយ	1.685 / (18)	0% / 59.8%	7961
ជៃ	1.685 / (18)	0% / 59.8%	7962
រលប់	1.685 / (18)	0% / 59.8%	7963
ក្បូរ	1.685 / (18)	0% / 59.8%	7964
ព័ត	1.685 / (18)	0% / 59.8%	7965
រីងរៃ	1.685 / (18)	0% / 59.8%	7966
លោកេស្វរៈ	1.685 / (18)	0% / 59.8%	7967
ម៉ៅសេទុង	1.685 / (18)	0% / 59.8%	7968
ព្រះអគ្គមហេសី	1.685 / (18)	0% / 59.8%	7969
ជ្រក់	1.685 / (18)	0% / 59.8%	7970
ដួងតារា	1.685 / (18)	0% / 59.8%	7971
គ្រង់	1.591 / (17)	0% / 59.8%	7972
រំពៃ	1.591 / (17)	0% / 59.8%	7973
អំណឹះ	1.591 / (17)	0% / 59.8%	7974
រាល់យប់	1.591 / (17)	0% / 59.8%	7975
ក្រឡាបញ្ជី	1.591 / (17)	0% / 59.8%	7976
ត្រាញ់	1.591 / (17)	0% / 59.8%	7977
ខ្ជាយ	1.591 / (17)	0% / 59.8%	7978
គ្រឿងដែក	1.591 / (17)	0% / 59.8%	7979
មុខការ	1.591 / (17)	0% / 59.8%	7980
ទឹកលិច	1.591 / (17)	0% / 59.8%	7981
មានដំណឹង	1.591 / (17)	0% / 59.8%	7982
សាសនិក	1.591 / (17)	0% / 59.8%	7983
ភិក្ខុសង្ឃ	1.591 / (17)	0% / 59.8%	7984
ព្រឹកនេះ	1.591 / (17)	0% / 59.8%	7985
សំឡក់	1.591 / (17)	0% / 59.8%	7986
ចុះចាញ់	1.591 / (17)	0% / 59.8%	7987
ដាស់តឿន	1.591 / (17)	0% / 59.8%	7988
វង្វាន់	1.591 / (17)	0% / 59.8%	7989
មិនយូរប៉ុន្មាន	1.591 / (17)	0% / 59.8%	7990
ត្រឡោកដូង	1.591 / (17)	0% / 59.8%	7991
ស្លាក់	1.591 / (17)	0% / 59.8%	7992
ថ្មដា	1.591 / (17)	0% / 59.8%	7993
អស់ចិត្ត	1.591 / (17)	0% / 59.8%	7994
ឆ្លូញ	1.591 / (17)	0% / 59.8%	7995
ឆ្នាំច	1.591 / (17)	0% / 59.8%	7996
ខ្លួនប្រាណ	1.591 / (17)	0% / 59.8%	7997
ក្រខ្សត់	1.591 / (17)	0% / 59.8%	7998
សំកុក	1.591 / (17)	0% / 59.8%	7999
កម្មវិធីសិក្សា	1.591 / (17)	0% / 59.8%	8000
ខ្នែង	1.591 / (17)	0% / 59.8%	8001
ជើងព្រៃ	1.591 / (17)	0% / 59.8%	8002
បុស	1.591 / (17)	0% / 59.8%	8003
បង្អួត	1.591 / (17)	0% / 59.8%	8004
ល្អៀង	1.591 / (17)	0% / 59.8%	8005
សម្ពាយ	1.591 / (17)	0% / 59.8%	8006
រូបឆោម	1.591 / (17)	0% / 59.8%	8007
ឈ្នាន់	1.591 / (17)	0% / 59.8%	8008
ពេញបូណ៌មី	1.591 / (17)	0% / 59.8%	8009
មានជីវិត	1.591 / (17)	0% / 59.8%	8010
ស្វាយព្រៃ	1.591 / (17)	0% / 59.8%	8011
រេរា	1.591 / (17)	0% / 59.8%	8012
ចំបក់	1.591 / (17)	0% / 59.8%	8013
ជាអនេក	1.591 / (17)	0% / 59.8%	8014
តំណក់	1.591 / (17)	0% / 59.8%	8015
អត្តនោម័តិ	1.591 / (17)	0% / 59.8%	8016
ថ្ងៃមុខ	1.591 / (17)	0% / 59.8%	8017
អាហារដ្ឋាន	1.591 / (17)	0% / 59.81%	8018
ជក់បារី	1.591 / (17)	0% / 59.81%	8019
ប្រាសចាក	1.591 / (17)	0% / 59.81%	8020
ប្រេសិត	1.591 / (17)	0% / 59.81%	8021
ខ្មេះ	1.591 / (17)	0% / 59.81%	8022
ត្រាណ	1.591 / (17)	0% / 59.81%	8023
ទឹកថ្លា	1.591 / (17)	0% / 59.81%	8024
ស្ដាប់បាន	1.591 / (17)	0% / 59.81%	8025
អ្នកជិតខាង	1.591 / (17)	0% / 59.81%	8026
មគ្គផល	1.591 / (17)	0% / 59.81%	8027
ពួកក្មេង	1.591 / (17)	0% / 59.81%	8028
ចង្អុលបង្ហាញ	1.591 / (17)	0% / 59.81%	8029
ប្រចណ្ឌ	1.591 / (17)	0% / 59.81%	8030
របៀន	1.591 / (17)	0% / 59.81%	8031
រក្សាទ្រព្យ	1.591 / (17)	0% / 59.81%	8032
សេចក្តីត្រេកអរ	1.591 / (17)	0% / 59.81%	8033
មិត្តភ័ក្តិ	1.591 / (17)	0% / 59.81%	8034
ចោរកម្ម	1.591 / (17)	0% / 59.81%	8035
ណាក៏ដោយ	1.591 / (17)	0% / 59.81%	8036
ហួសពេល	1.591 / (17)	0% / 59.81%	8037
សំរាយ	1.591 / (17)	0% / 59.81%	8038
សង្ឃរាជា	1.591 / (17)	0% / 59.81%	8039
ជាលើកដំបូង	1.591 / (17)	0% / 59.81%	8040
រកហេតុផល	1.591 / (17)	0% / 59.81%	8041
ស្អាតបាត	1.591 / (17)	0% / 59.81%	8042
ចិរភាព	1.591 / (17)	0% / 59.81%	8043
ផ្កាភ្ញី	1.591 / (17)	0% / 59.81%	8044
សង្គហធម៌	1.591 / (17)	0% / 59.81%	8045
បំប្លែង	1.591 / (17)	0% / 59.81%	8046
បររទេះ	1.591 / (17)	0% / 59.81%	8047
កម្មាភិបាល	1.591 / (17)	0% / 59.81%	8048
ថ្វាយបង្គំ	1.591 / (17)	0% / 59.81%	8049
ចងក	1.591 / (17)	0% / 59.81%	8050
ចំឡើង	1.591 / (17)	0% / 59.81%	8051
ដរ	1.591 / (17)	0% / 59.81%	8052
ចចុះ	1.591 / (17)	0% / 59.81%	8053
ស្រទន់	1.591 / (17)	0% / 59.81%	8054
ប៉ងប្រាថ្នា	1.591 / (17)	0% / 59.81%	8055
សុស	1.591 / (17)	0% / 59.81%	8056
គ្រប់ពេលវេលា	1.591 / (17)	0% / 59.81%	8057
សិទ្ធី	1.591 / (17)	0% / 59.81%	8058
មនុស្សចាស់	1.591 / (17)	0% / 59.81%	8059
ឃ្វាលគោ	1.591 / (17)	0% / 59.81%	8060
សំរាន្ត	1.591 / (17)	0% / 59.81%	8061
វឌ្ឍនៈ	1.591 / (17)	0% / 59.81%	8062
ម៉េចទៅ	1.591 / (17)	0% / 59.81%	8063
ស្រអាប់	1.591 / (17)	0% / 59.81%	8064
ខ្មេរ	1.591 / (17)	0% / 59.81%	8065
រូបឆោមសង្ហា	1.591 / (17)	0% / 59.81%	8066
ប្រធានរដ្ឋសភា	1.591 / (17)	0% / 59.81%	8067
សូរ្យ	1.591 / (17)	0% / 59.81%	8068
វាល់	1.591 / (17)	0% / 59.81%	8069
ជំនីរ	1.591 / (17)	0% / 59.81%	8070
ព្រែកជីក	1.591 / (17)	0% / 59.81%	8071
ដាក់ជា	1.591 / (17)	0% / 59.81%	8072
អយ	1.591 / (17)	0% / 59.81%	8073
ព្រះហស្តលេខា	1.591 / (17)	0% / 59.81%	8074
បាទា	1.591 / (17)	0% / 59.81%	8075
មុទ្រៈ	1.591 / (17)	0% / 59.81%	8076
ធំអស្ចារ្យ	1.591 / (17)	0% / 59.81%	8077
ខែក	1.591 / (17)	0% / 59.81%	8078
ជាស្ថាពរ	1.591 / (17)	0% / 59.81%	8079
រហូរ	1.591 / (17)	0% / 59.82%	8080
ចួប	1.591 / (17)	0% / 59.82%	8081
ហាក់ដូច	1.591 / (17)	0% / 59.82%	8082
ដើមបណ្ដឹង	1.591 / (17)	0% / 59.82%	8083
សីហនាទ	1.591 / (17)	0% / 59.82%	8084
លើឆាកអន្តរជាតិ	1.591 / (17)	0% / 59.82%	8085
មានឈ្មោះល្បីល្បាញ	1.591 / (17)	0% / 59.82%	8086
ហាមាត់	1.591 / (17)	0% / 59.82%	8087
ហ្មត់	1.591 / (17)	0% / 59.82%	8088
ទ័យា	1.591 / (17)	0% / 59.82%	8089
សាធារណរដ្ឋបារាំង	1.591 / (17)	0% / 59.82%	8090
ត្រចះត្រចង់	1.591 / (17)	0% / 59.82%	8091
ចំបាំង	1.591 / (17)	0% / 59.82%	8092
ព្រះរោគ	1.591 / (17)	0% / 59.82%	8093
បង្ហូរទឹក	1.591 / (17)	0% / 59.82%	8094
ស្រោង	1.591 / (17)	0% / 59.82%	8095
នាដកម្ម	1.591 / (17)	0% / 59.82%	8096
អាម៉ាស់មុខ	1.591 / (17)	0% / 59.82%	8097
ទុរយស	1.591 / (17)	0% / 59.82%	8098
ខុសទេ	1.591 / (17)	0% / 59.82%	8099
ហេវហត់	1.591 / (17)	0% / 59.82%	8100
របៀបវារៈ	1.591 / (17)	0% / 59.82%	8101
រកនឹក	1.591 / (17)	0% / 59.82%	8102
មិនបានសោះ	1.591 / (17)	0% / 59.82%	8103
មានហេតុ	1.591 / (17)	0% / 59.82%	8104
រាំរែក	1.591 / (17)	0% / 59.82%	8105
ខ្លុយ	1.591 / (17)	0% / 59.82%	8106
សមានចិត្ត	1.591 / (17)	0% / 59.82%	8107
កតិកា	1.591 / (17)	0% / 59.82%	8108
រេហ៍ពល	1.591 / (17)	0% / 59.82%	8109
សង្រួម	1.591 / (17)	0% / 59.82%	8110
ខ្ទមអ្នកតា	1.591 / (17)	0% / 59.82%	8111
ស្រមើ	1.591 / (17)	0% / 59.82%	8112
ទីស្តីការ	1.591 / (17)	0% / 59.82%	8113
លេចឡើង	1.591 / (17)	0% / 59.82%	8114
ចៅអធិការវត្ត	1.591 / (17)	0% / 59.82%	8115
ភ្លាំងភ្លាត់	1.591 / (17)	0% / 59.82%	8116
លលាដ៍	1.591 / (17)	0% / 59.82%	8117
ឲ្យយោបល់	1.591 / (17)	0% / 59.82%	8118
ណាទៀត	1.591 / (17)	0% / 59.82%	8119
បូកគោ	1.591 / (17)	0% / 59.82%	8120
មានខ្លួន	1.591 / (17)	0% / 59.82%	8121
និរន្តរ៍	1.591 / (17)	0% / 59.82%	8122
មនោគមវិជ្ជា	1.591 / (17)	0% / 59.82%	8123
មៀន	1.591 / (17)	0% / 59.82%	8124
ពលិកម្ម	1.591 / (17)	0% / 59.82%	8125
បំពារ	1.591 / (17)	0% / 59.82%	8126
ឃរាវាស	1.591 / (17)	0% / 59.82%	8127
រង្វើល	1.591 / (17)	0% / 59.82%	8128
បរបាញ់	1.591 / (17)	0% / 59.82%	8129
ស្កឹមស្កៃ	1.591 / (17)	0% / 59.82%	8130
នប់	1.591 / (17)	0% / 59.82%	8131
ស្កូវ	1.591 / (17)	0% / 59.82%	8132
ប្រណម្យ	1.591 / (17)	0% / 59.82%	8133
លេងកុន	1.591 / (17)	0% / 59.82%	8134
អត់ទ្រាំ	1.591 / (17)	0% / 59.82%	8135
កញ្ជះ	1.591 / (17)	0% / 59.82%	8136
ច្រវ៉ា	1.591 / (17)	0% / 59.82%	8137
គ្រិស្តសករាជ	1.591 / (17)	0% / 59.82%	8138
ប្រថាន	1.591 / (17)	0% / 59.82%	8139
ក្មេងស្រី	1.591 / (17)	0% / 59.82%	8140
ទេពតា	1.591 / (17)	0% / 59.82%	8141
ឡើងអ្នកតា	1.591 / (17)	0% / 59.82%	8142
សក្ខី	1.591 / (17)	0% / 59.83%	8143
កិល	1.591 / (17)	0% / 59.83%	8144
រាគី	1.498 / (16)	0% / 59.83%	8145
សីហ៍	1.498 / (16)	0% / 59.83%	8146
កវីនិពន្ធ	1.498 / (16)	0% / 59.83%	8147
នរិន្ទ	1.498 / (16)	0% / 59.83%	8148
លើកដៃ	1.498 / (16)	0% / 59.83%	8149
ខត្តិយ	1.498 / (16)	0% / 59.83%	8150
ឆ្នាំងបាយ	1.498 / (16)	0% / 59.83%	8151
ពាក្យបណ្ដៅ	1.498 / (16)	0% / 59.83%	8152
ល្វឹងល្វើយ	1.498 / (16)	0% / 59.83%	8153
រាជាភិសេក	1.498 / (16)	0% / 59.83%	8154
ឆែប	1.498 / (16)	0% / 59.83%	8155
ប្រល័យពូជសាសន៍	1.498 / (16)	0% / 59.83%	8156
ថាវ	1.498 / (16)	0% / 59.83%	8157
លើកគ្នា	1.498 / (16)	0% / 59.83%	8158
ជាគ្រាប់	1.498 / (16)	0% / 59.83%	8159
ចេត	1.498 / (16)	0% / 59.83%	8160
គ្រប់ទិសទី	1.498 / (16)	0% / 59.83%	8161
លិចលង់	1.498 / (16)	0% / 59.83%	8162
គិតពិចារណា	1.498 / (16)	0% / 59.83%	8163
បណ្ដាលឲ្យមាន	1.498 / (16)	0% / 59.83%	8164
អង្កាំ	1.498 / (16)	0% / 59.83%	8165
អន្ធការ	1.498 / (16)	0% / 59.83%	8166
គ្រុនឈាម	1.498 / (16)	0% / 59.83%	8167
ដាសស្បែក	1.498 / (16)	0% / 59.83%	8168
សន្ទូច	1.498 / (16)	0% / 59.83%	8169
លុបលាង	1.498 / (16)	0% / 59.83%	8170
ទ្រាប	1.498 / (16)	0% / 59.83%	8171
វររាជ	1.498 / (16)	0% / 59.83%	8172
ឥតឧបមា	1.498 / (16)	0% / 59.83%	8173
ជេស	1.498 / (16)	0% / 59.83%	8174
ត្រចង់	1.498 / (16)	0% / 59.83%	8175
អល់អែក	1.498 / (16)	0% / 59.83%	8176
ស៊ីសំណូក	1.498 / (16)	0% / 59.83%	8177
រួចផុត	1.498 / (16)	0% / 59.83%	8178
រឿងអាស្រូវ	1.498 / (16)	0% / 59.83%	8179
ដងទង់	1.498 / (16)	0% / 59.83%	8180
គាប្បី	1.498 / (16)	0% / 59.83%	8181
ខ្លួនខ្ញុំ	1.498 / (16)	0% / 59.83%	8182
ជ្រួតជ្រាប	1.498 / (16)	0% / 59.83%	8183
គឃ្លើន	1.498 / (16)	0% / 59.83%	8184
ដ៏រាប	1.498 / (16)	0% / 59.83%	8185
ឱឡារិក	1.498 / (16)	0% / 59.83%	8186
មេភ្លើង	1.498 / (16)	0% / 59.83%	8187
ការប៉ុនប៉ង	1.498 / (16)	0% / 59.83%	8188
អ្នកឈ្នះ	1.498 / (16)	0% / 59.83%	8189
គ្រប់មុខ	1.498 / (16)	0% / 59.83%	8190
លលាដ៏	1.498 / (16)	0% / 59.83%	8191
ក្រុមមឿង	1.498 / (16)	0% / 59.83%	8192
ងោក	1.498 / (16)	0% / 59.83%	8193
ធ្នឹម	1.498 / (16)	0% / 59.83%	8194
ពេលជាមួយគ្នា	1.498 / (16)	0% / 59.83%	8195
កងអាកាសចរណ៍	1.498 / (16)	0% / 59.83%	8196
បន្សំ	1.498 / (16)	0% / 59.83%	8197
បន្ទោះ	1.498 / (16)	0% / 59.83%	8198
ក្បាលជង្គង់	1.498 / (16)	0% / 59.83%	8199
ទេព្តា	1.498 / (16)	0% / 59.83%	8200
ច្បាប់អន្តរជាតិ	1.498 / (16)	0% / 59.83%	8201
ឱរា	1.498 / (16)	0% / 59.83%	8202
កណ្ដៀត	1.498 / (16)	0% / 59.83%	8203
លើកកំពស់	1.498 / (16)	0% / 59.83%	8204
ខារ	1.498 / (16)	0% / 59.83%	8205
រោ	1.498 / (16)	0% / 59.83%	8206
សិនទៅ	1.498 / (16)	0% / 59.83%	8207
ជួយឧបត្ថម្ភ	1.498 / (16)	0% / 59.83%	8208
ម្រាមដៃ	1.498 / (16)	0% / 59.83%	8209
អស្សុជ	1.498 / (16)	0% / 59.84%	8210
ប្រជាភិថុតិ	1.498 / (16)	0% / 59.84%	8211
ស្រពិចស្រពិល	1.498 / (16)	0% / 59.84%	8212
គ្រប់បែប	1.498 / (16)	0% / 59.84%	8213
អាណោច	1.498 / (16)	0% / 59.84%	8214
រលាស់	1.498 / (16)	0% / 59.84%	8215
មានដំណើរ	1.498 / (16)	0% / 59.84%	8216
អសុរកាយ	1.498 / (16)	0% / 59.84%	8217
ចេស្ដា	1.498 / (16)	0% / 59.84%	8218
ង៉ោង	1.498 / (16)	0% / 59.84%	8219
តូចចិត្ត	1.498 / (16)	0% / 59.84%	8220
ជាតី	1.498 / (16)	0% / 59.84%	8221
រលុង	1.498 / (16)	0% / 59.84%	8222
ទន្តពេទ្យ	1.498 / (16)	0% / 59.84%	8223
ត្រចះ	1.498 / (16)	0% / 59.84%	8224
បង្ហាត់បង្រៀន	1.498 / (16)	0% / 59.84%	8225
ញាតិមិត្ត	1.498 / (16)	0% / 59.84%	8226
ឥស្សរាធិបតី	1.498 / (16)	0% / 59.84%	8227
ទេវលោក	1.498 / (16)	0% / 59.84%	8228
ស្រក់ទឹក	1.498 / (16)	0% / 59.84%	8229
មានសន្ទុះ	1.498 / (16)	0% / 59.84%	8230
អរុណរស្មី	1.498 / (16)	0% / 59.84%	8231
ប៉ឹង	1.498 / (16)	0% / 59.84%	8232
ប៉ប្រិច	1.498 / (16)	0% / 59.84%	8233
តាត	1.498 / (16)	0% / 59.84%	8234
បន្ទះឬស្សី	1.498 / (16)	0% / 59.84%	8235
នឹកគិត	1.498 / (16)	0% / 59.84%	8236
ព្រឺក	1.498 / (16)	0% / 59.84%	8237
កងមាស	1.498 / (16)	0% / 59.84%	8238
រំលូតកូន	1.498 / (16)	0% / 59.84%	8239
ត្រៀប	1.498 / (16)	0% / 59.84%	8240
ជនី	1.498 / (16)	0% / 59.84%	8241
ចិក	1.498 / (16)	0% / 59.84%	8242
វឹក	1.498 / (16)	0% / 59.84%	8243
ប្រាំមួយ	1.498 / (16)	0% / 59.84%	8244
តាំងចិត្ត	1.498 / (16)	0% / 59.84%	8245
ស្កប់ស្កល់	1.498 / (16)	0% / 59.84%	8246
អាវ៉ាសែ	1.498 / (16)	0% / 59.84%	8247
បទុមវតី	1.498 / (16)	0% / 59.84%	8248
កិង	1.498 / (16)	0% / 59.84%	8249
ឧទុម្ពរ	1.498 / (16)	0% / 59.84%	8250
ពាក	1.498 / (16)	0% / 59.84%	8251
រក្សាសិទ្ធិ	1.498 / (16)	0% / 59.84%	8252
កួច	1.498 / (16)	0% / 59.84%	8253
កណ្ដឹង	1.498 / (16)	0% / 59.84%	8254
ហេះ	1.498 / (16)	0% / 59.84%	8255
ហេតុនោះ	1.498 / (16)	0% / 59.84%	8256
អ្នកបង្ហាត់	1.498 / (16)	0% / 59.84%	8257
អ្នកចំណូលថ្មី	1.498 / (16)	0% / 59.84%	8258
ក្លឹង	1.498 / (16)	0% / 59.84%	8259
រត់ចោល	1.498 / (16)	0% / 59.84%	8260
គ្រុប	1.498 / (16)	0% / 59.84%	8261
ធ្វើសង្គ្រាម	1.498 / (16)	0% / 59.84%	8262
ព្រលះ	1.498 / (16)	0% / 59.84%	8263
ផើម	1.498 / (16)	0% / 59.84%	8264
កឹប	1.498 / (16)	0% / 59.84%	8265
ហេដ្ឋារចនាសម្ពន្ធ	1.498 / (16)	0% / 59.84%	8266
ឧបសម្ពន្ធ	1.498 / (16)	0% / 59.84%	8267
ផ្ចាល	1.498 / (16)	0% / 59.84%	8268
សំរិត	1.498 / (16)	0% / 59.84%	8269
ចិញ្ចែង	1.498 / (16)	0% / 59.84%	8270
នួនល្អង	1.498 / (16)	0% / 59.84%	8271
ចិត្តត្រេកអរ	1.498 / (16)	0% / 59.84%	8272
ឆត្រយោង	1.498 / (16)	0% / 59.84%	8273
ល្បងមើល	1.498 / (16)	0% / 59.84%	8274
ខាងណា	1.498 / (16)	0% / 59.84%	8275
ដល់ណា	1.498 / (16)	0% / 59.84%	8276
ការយោគយល់	1.498 / (16)	0% / 59.85%	8277
ជយវរ្ម័ន	1.498 / (16)	0% / 59.85%	8278
ទ្រម	1.498 / (16)	0% / 59.85%	8279
អស់កម្លាំង	1.498 / (16)	0% / 59.85%	8280
គុំគួន	1.498 / (16)	0% / 59.85%	8281
អនិច្ចកម្ម	1.498 / (16)	0% / 59.85%	8282
កុត	1.498 / (16)	0% / 59.85%	8283
ផ្សោត	1.498 / (16)	0% / 59.85%	8284
ច្បាប់ព្រហ្មទណ្ឌ	1.498 / (16)	0% / 59.85%	8285
ស្ដូកស្ដឹង	1.498 / (16)	0% / 59.85%	8286
ក្ដោង	1.498 / (16)	0% / 59.85%	8287
ចង្កឹះ	1.498 / (16)	0% / 59.85%	8288
អណ្ដាតភ្លើង	1.498 / (16)	0% / 59.85%	8289
ថ្មពិល	1.498 / (16)	0% / 59.85%	8290
ការប្រមាថ	1.498 / (16)	0% / 59.85%	8291
ស្នោ	1.498 / (16)	0% / 59.85%	8292
ប៊ិក	1.498 / (16)	0% / 59.85%	8293
ទារិកា	1.498 / (16)	0% / 59.85%	8294
បដិសណ្ឋារកិច្ច	1.498 / (16)	0% / 59.85%	8295
ផ្លូវចិត្ត	1.498 / (16)	0% / 59.85%	8296
អាទិត្យមុន	1.498 / (16)	0% / 59.85%	8297
ការផ្ទេរ	1.498 / (16)	0% / 59.85%	8298
ការសាកសួរ	1.498 / (16)	0% / 59.85%	8299
កាំមីញ៉ុង	1.498 / (16)	0% / 59.85%	8300
ខេត្តមណ្ឌលគីរី	1.498 / (16)	0% / 59.85%	8301
លើកតំកើង	1.498 / (16)	0% / 59.85%	8302
ចង្អល់	1.498 / (16)	0% / 59.85%	8303
ប្រតិស្ឋាន	1.498 / (16)	0% / 59.85%	8304
ឲ្យឆាប់	1.498 / (16)	0% / 59.85%	8305
ជាឧទាហរណ៍	1.498 / (16)	0% / 59.85%	8306
សុគត	1.498 / (16)	0% / 59.85%	8307
កាត់តាម	1.498 / (16)	0% / 59.85%	8308
ម្ល៉ឹង	1.498 / (16)	0% / 59.85%	8309
សស្រាំ	1.498 / (16)	0% / 59.85%	8310
ម្រឹគ	1.498 / (16)	0% / 59.85%	8311
ចុះលោក	1.498 / (16)	0% / 59.85%	8312
សាលាស្រុក	1.498 / (16)	0% / 59.85%	8313
ក្រែងលោ	1.498 / (16)	0% / 59.85%	8314
ក្រវិល	1.498 / (16)	0% / 59.85%	8315
ពន្យុះ	1.498 / (16)	0% / 59.85%	8316
ដឹងការ	1.498 / (16)	0% / 59.85%	8317
អស្សតរ	1.498 / (16)	0% / 59.85%	8318
ប៉ើង	1.498 / (16)	0% / 59.85%	8319
ពាក់អាវ	1.498 / (16)	0% / 59.85%	8320
អីវ៉ែអីវ៉ាន់	1.498 / (16)	0% / 59.85%	8321
យុទ្ធនាការឃោសនា	1.498 / (16)	0% / 59.85%	8322
កម្រៀវ	1.498 / (16)	0% / 59.85%	8323
បើកាលណា	1.498 / (16)	0% / 59.85%	8324
ងងល់	1.498 / (16)	0% / 59.85%	8325
ជ្រែង	1.498 / (16)	0% / 59.85%	8326
ចែស	1.498 / (16)	0% / 59.85%	8327
ឆត្រ	1.498 / (16)	0% / 59.85%	8328
ធ្មេច	1.498 / (16)	0% / 59.85%	8329
បង្គី	1.498 / (16)	0% / 59.85%	8330
កំពប់	1.498 / (16)	0% / 59.85%	8331
បណ្ណាការ	1.498 / (16)	0% / 59.85%	8332
អេម	1.498 / (16)	0% / 59.85%	8333
ទំពាំងបាយជូរ	1.498 / (16)	0% / 59.85%	8334
លេងសើច	1.498 / (16)	0% / 59.85%	8335
ស្ទូច	1.498 / (16)	0% / 59.85%	8336
ឈើខ្លឹម	1.498 / (16)	0% / 59.85%	8337
តាមទាន់	1.498 / (16)	0% / 59.85%	8338
សត្យា	1.498 / (16)	0% / 59.85%	8339
បត់បែន	1.498 / (16)	0% / 59.85%	8340
ការប្រកួតប្រជែង	1.498 / (16)	0% / 59.85%	8341
ជួយសង្គ្រោះ	1.498 / (16)	0% / 59.85%	8342
កតិកាសញ្ញា	1.498 / (16)	0% / 59.86%	8343
ហេម	1.498 / (16)	0% / 59.86%	8344
ធ្លាប់ធ្វើ	1.498 / (16)	0% / 59.86%	8345
ការធ្វើដំណើរ	1.404 / (15)	0% / 59.86%	8346
រមៀល	1.404 / (15)	0% / 59.86%	8347
ប្រយោជន៍ផ្ទាល់ខ្លួន	1.404 / (15)	0% / 59.86%	8348
អង្គជា	1.404 / (15)	0% / 59.86%	8349
ឈឺផ្សា	1.404 / (15)	0% / 59.86%	8350
បច្ចុប្បន្នកាល	1.404 / (15)	0% / 59.86%	8351
គង្ហីង	1.404 / (15)	0% / 59.86%	8352
ល្គឹក	1.404 / (15)	0% / 59.86%	8353
អាចយ	1.404 / (15)	0% / 59.86%	8354
អំណាន	1.404 / (15)	0% / 59.86%	8355
អ្នកបោះឆ្នោត	1.404 / (15)	0% / 59.86%	8356
អ្នកណាម្នាក់	1.404 / (15)	0% / 59.86%	8357
សាលាឃុំ	1.404 / (15)	0% / 59.86%	8358
ហួង	1.404 / (15)	0% / 59.86%	8359
ដាក់ទោស	1.404 / (15)	0% / 59.86%	8360
បង្រួប	1.404 / (15)	0% / 59.86%	8361
ឧបដ្ឋាន	1.404 / (15)	0% / 59.86%	8362
ប្រហារជីវិត	1.404 / (15)	0% / 59.86%	8363
អវតារ	1.404 / (15)	0% / 59.86%	8364
វិស្សកម្ម	1.404 / (15)	0% / 59.86%	8365
វិញ្ញាបនប័ត្រ	1.404 / (15)	0% / 59.86%	8366
ត្រដោក	1.404 / (15)	0% / 59.86%	8367
លាតសន្ធឹង	1.404 / (15)	0% / 59.86%	8368
ស្ញើប	1.404 / (15)	0% / 59.86%	8369
ប្រវ័ញ្ចន៍	1.404 / (15)	0% / 59.86%	8370
ល្ហើយ	1.404 / (15)	0% / 59.86%	8371
អ៊ីចុះ	1.404 / (15)	0% / 59.86%	8372
កិត្តិគុណ	1.404 / (15)	0% / 59.86%	8373
ក្បាយ	1.404 / (15)	0% / 59.86%	8374
កន្ធែក	1.404 / (15)	0% / 59.86%	8375
បុរីរម្យ	1.404 / (15)	0% / 59.86%	8376
ចំបែង	1.404 / (15)	0% / 59.86%	8377
បន្ទោ	1.404 / (15)	0% / 59.86%	8378
ជើងល្អ	1.404 / (15)	0% / 59.86%	8379
ហួសសម័យ	1.404 / (15)	0% / 59.86%	8380
ញ៉ាម	1.404 / (15)	0% / 59.86%	8381
ស្រមូម	1.404 / (15)	0% / 59.86%	8382
ចានដែក	1.404 / (15)	0% / 59.86%	8383
នឹងន	1.404 / (15)	0% / 59.86%	8384
ទាំងបួន	1.404 / (15)	0% / 59.86%	8385
អង្គនា	1.404 / (15)	0% / 59.86%	8386
ព្រៃតូច	1.404 / (15)	0% / 59.86%	8387
ចុះសន្ធិសញ្ញា	1.404 / (15)	0% / 59.86%	8388
រាំងខែ	1.404 / (15)	0% / 59.86%	8389
ប៉ាប៉ា	1.404 / (15)	0% / 59.86%	8390
ខូង	1.404 / (15)	0% / 59.86%	8391
ច្បិច	1.404 / (15)	0% / 59.86%	8392
ដើរតាម	1.404 / (15)	0% / 59.86%	8393
ញ៉ុម	1.404 / (15)	0% / 59.86%	8394
ការឃោសនាបោះឆ្នោត	1.404 / (15)	0% / 59.86%	8395
ខ្សួល	1.404 / (15)	0% / 59.86%	8396
ចាប់ចង	1.404 / (15)	0% / 59.86%	8397
មេធំ	1.404 / (15)	0% / 59.86%	8398
ចោត	1.404 / (15)	0% / 59.86%	8399
នាស	1.404 / (15)	0% / 59.86%	8400
ការរារាំង	1.404 / (15)	0% / 59.86%	8401
រាជអាជ្ញា	1.404 / (15)	0% / 59.86%	8402
ដៃស្ដាំ	1.404 / (15)	0% / 59.86%	8403
បំរាម	1.404 / (15)	0% / 59.86%	8404
កាលសម័យ	1.404 / (15)	0% / 59.86%	8405
បេះបិទ	1.404 / (15)	0% / 59.86%	8406
ស្អា	1.404 / (15)	0% / 59.86%	8407
ស្មោះសរ	1.404 / (15)	0% / 59.86%	8408
ជាប្រតិកម្ម	1.404 / (15)	0% / 59.86%	8409
ស្ញប់ស្ញែង	1.404 / (15)	0% / 59.86%	8410
អប្សរ	1.404 / (15)	0% / 59.86%	8411
កូប	1.404 / (15)	0% / 59.86%	8412
នគរវត្ត	1.404 / (15)	0% / 59.86%	8413
ព្រលិត	1.404 / (15)	0% / 59.87%	8414
ថ្ងៃរះ	1.404 / (15)	0% / 59.87%	8415
ងំ	1.404 / (15)	0% / 59.87%	8416
វ៉េវ	1.404 / (15)	0% / 59.87%	8417
ក្រមួន	1.404 / (15)	0% / 59.87%	8418
ឃ្លុប	1.404 / (15)	0% / 59.87%	8419
ភគវតី	1.404 / (15)	0% / 59.87%	8420
បរមេន្ទ្រ	1.404 / (15)	0% / 59.87%	8421
នីតិប្រតិបត្តិ	1.404 / (15)	0% / 59.87%	8422
ពោង	1.404 / (15)	0% / 59.87%	8423
ខ្នារ	1.404 / (15)	0% / 59.87%	8424
សហគ្រិន	1.404 / (15)	0% / 59.87%	8425
សុគ្រីព	1.404 / (15)	0% / 59.87%	8426
ឈ្ងោក	1.404 / (15)	0% / 59.87%	8427
អៈ	1.404 / (15)	0% / 59.87%	8428
អវ	1.404 / (15)	0% / 59.87%	8429
បំពោក	1.404 / (15)	0% / 59.87%	8430
គំរោងការ	1.404 / (15)	0% / 59.87%	8431
ឆ្វាច	1.404 / (15)	0% / 59.87%	8432
ខ្នើត	1.404 / (15)	0% / 59.87%	8433
រឿងប្រលោមលោក	1.404 / (15)	0% / 59.87%	8434
ជិតដិត	1.404 / (15)	0% / 59.87%	8435
ឆ្កុយ	1.404 / (15)	0% / 59.87%	8436
ម្យ៉ាងដែរ	1.404 / (15)	0% / 59.87%	8437
ដាក់ចុះ	1.404 / (15)	0% / 59.87%	8438
ឆឹង	1.404 / (15)	0% / 59.87%	8439
យ៉ាប់យ៉ឺន	1.404 / (15)	0% / 59.87%	8440
កាត់ចោល	1.404 / (15)	0% / 59.87%	8441
ម៉ាយ	1.404 / (15)	0% / 59.87%	8442
ថាំង	1.404 / (15)	0% / 59.87%	8443
អាប	1.404 / (15)	0% / 59.87%	8444
មេទាហាន	1.404 / (15)	0% / 59.87%	8445
ប្រែក្រឡា	1.404 / (15)	0% / 59.87%	8446
អារម្ភ	1.404 / (15)	0% / 59.87%	8447
អគ្គសេនាធិការ	1.404 / (15)	0% / 59.87%	8448
រឹតត្បិត	1.404 / (15)	0% / 59.87%	8449
ថេរៈ	1.404 / (15)	0% / 59.87%	8450
ផ្នត់គំនិត	1.404 / (15)	0% / 59.87%	8451
បោះបោក	1.404 / (15)	0% / 59.87%	8452
ធ្វើខុស	1.404 / (15)	0% / 59.87%	8453
ជើងភ្នំ	1.404 / (15)	0% / 59.87%	8454
សតិបញ្ញា	1.404 / (15)	0% / 59.87%	8455
ផ្នូរ	1.404 / (15)	0% / 59.87%	8456
ប្រក្រតិទិន	1.404 / (15)	0% / 59.87%	8457
សន្ធប់	1.404 / (15)	0% / 59.87%	8458
លលៃ	1.404 / (15)	0% / 59.87%	8459
មេប្រយោគ	1.404 / (15)	0% / 59.87%	8460
មានសណ្ដាប់ធ្នាប់	1.404 / (15)	0% / 59.87%	8461
សែស្រឡាយ	1.404 / (15)	0% / 59.87%	8462
ភារធារី	1.404 / (15)	0% / 59.87%	8463
ព្យាធិ	1.404 / (15)	0% / 59.87%	8464
គំហក	1.404 / (15)	0% / 59.87%	8465
បាយអ	1.404 / (15)	0% / 59.87%	8466
អត់ឃ្លាន	1.404 / (15)	0% / 59.87%	8467
តែងខ្លួន	1.404 / (15)	0% / 59.87%	8468
បែកញើស	1.404 / (15)	0% / 59.87%	8469
ឃ្លៀងឃ្លាត	1.404 / (15)	0% / 59.87%	8470
រលួស	1.404 / (15)	0% / 59.87%	8471
ប៊	1.404 / (15)	0% / 59.87%	8472
អៃយ៉ូយ	1.404 / (15)	0% / 59.87%	8473
ឆ្ការព្រៃ	1.404 / (15)	0% / 59.87%	8474
នាវី	1.404 / (15)	0% / 59.87%	8475
ប្រាយ	1.404 / (15)	0% / 59.87%	8476
រំយោល	1.404 / (15)	0% / 59.87%	8477
អនុត្តរភាព	1.404 / (15)	0% / 59.87%	8478
វិសុទ្ធិ	1.404 / (15)	0% / 59.87%	8479
រហាត់ទឹក	1.404 / (15)	0% / 59.87%	8480
មោះ	1.404 / (15)	0% / 59.87%	8481
ជាតិទឹក	1.404 / (15)	0% / 59.87%	8482
បង្កហេតុ	1.404 / (15)	0% / 59.87%	8483
និស្សារណកម្ម	1.404 / (15)	0% / 59.87%	8484
ឆួល	1.404 / (15)	0% / 59.87%	8485
ញ៉ិល	1.404 / (15)	0% / 59.88%	8486
តិចណាស់	1.404 / (15)	0% / 59.88%	8487
កងយោធពលខេមរភូមិន្ទ	1.404 / (15)	0% / 59.88%	8488
ឥសី	1.404 / (15)	0% / 59.88%	8489
ខ្សែក	1.404 / (15)	0% / 59.88%	8490
ប្រហើរ	1.404 / (15)	0% / 59.88%	8491
សប្ប	1.404 / (15)	0% / 59.88%	8492
ទឹកជា	1.404 / (15)	0% / 59.88%	8493
អ្នកនេះ	1.404 / (15)	0% / 59.88%	8494
ពពេល	1.404 / (15)	0% / 59.88%	8495
លំបិន	1.404 / (15)	0% / 59.88%	8496
ថ្នាំដុសធ្មេញ	1.404 / (15)	0% / 59.88%	8497
ឡើងភ្នំ	1.404 / (15)	0% / 59.88%	8498
ជ្រាំ	1.404 / (15)	0% / 59.88%	8499
លើកពេល	1.404 / (15)	0% / 59.88%	8500
ទៅពេទ្យ	1.404 / (15)	0% / 59.88%	8501
ធួ	1.404 / (15)	0% / 59.88%	8502
ស្រើប	1.404 / (15)	0% / 59.88%	8503
ជ្រកកោន	1.404 / (15)	0% / 59.88%	8504
ឈម	1.404 / (15)	0% / 59.88%	8505
ដៀវ	1.404 / (15)	0% / 59.88%	8506
បបូរមាត់	1.404 / (15)	0% / 59.88%	8507
ស្លាយ	1.404 / (15)	0% / 59.88%	8508
ព្រះសាសនមុនី	1.404 / (15)	0% / 59.88%	8509
ល័ក្ខណ៍	1.404 / (15)	0% / 59.88%	8510
ថ្ងៃចន្ទ	1.404 / (15)	0% / 59.88%	8511
ផុលផុស	1.404 / (15)	0% / 59.88%	8512
សមិទ្ធ	1.404 / (15)	0% / 59.88%	8513
កម្មដ្ឋាន	1.404 / (15)	0% / 59.88%	8514
រដ្ឋការ	1.404 / (15)	0% / 59.88%	8515
សុដន់	1.404 / (15)	0% / 59.88%	8516
សុវត្តិភាព	1.404 / (15)	0% / 59.88%	8517
សេត	1.404 / (15)	0% / 59.88%	8518
ភ្ញាក់ខ្លួន	1.404 / (15)	0% / 59.88%	8519
មនុស្សជា	1.404 / (15)	0% / 59.88%	8520
ហ្គាស៍	1.404 / (15)	0% / 59.88%	8521
សិនិទ្ធពល	1.404 / (15)	0% / 59.88%	8522
ហោរាសាស្ត្រ	1.404 / (15)	0% / 59.88%	8523
អម្បាញ់មិញ	1.404 / (15)	0% / 59.88%	8524
បាស	1.404 / (15)	0% / 59.88%	8525
ក្រៅអំពី	1.404 / (15)	0% / 59.88%	8526
បង្អោង	1.404 / (15)	0% / 59.88%	8527
បង្ហើរ	1.404 / (15)	0% / 59.88%	8528
អ្នកកាន់កាប់	1.404 / (15)	0% / 59.88%	8529
នាំការ	1.404 / (15)	0% / 59.88%	8530
បើកឡាន	1.404 / (15)	0% / 59.88%	8531
ប្រទូសរ៉ាយ	1.404 / (15)	0% / 59.88%	8532
គោលគំនិត	1.404 / (15)	0% / 59.88%	8533
ទាយក	1.404 / (15)	0% / 59.88%	8534
ចំប៉ា	1.31 / (14)	0% / 59.88%	8535
ហឹប	1.31 / (14)	0% / 59.88%	8536
ម៏	1.31 / (14)	0% / 59.88%	8537
ទីធ្លា	1.31 / (14)	0% / 59.88%	8538
ចងកំហឹង	1.31 / (14)	0% / 59.88%	8539
ព្រួច	1.31 / (14)	0% / 59.88%	8540
ជ័រកៅស៊ូ	1.31 / (14)	0% / 59.88%	8541
ចារបុរស	1.31 / (14)	0% / 59.88%	8542
អណ្តែង	1.31 / (14)	0% / 59.88%	8543
ធ្វើព្រងើយ	1.31 / (14)	0% / 59.88%	8544
មិត្តសម្លាញ់	1.31 / (14)	0% / 59.88%	8545
អណ្ដែង	1.31 / (14)	0% / 59.88%	8546
សព្វព្រះទ័យ	1.31 / (14)	0% / 59.88%	8547
ចរន្តអគ្គិសនី	1.31 / (14)	0% / 59.88%	8548
សមសួន	1.31 / (14)	0% / 59.88%	8549
ពុំនោះ	1.31 / (14)	0% / 59.88%	8550
ទ្រាំង	1.31 / (14)	0% / 59.88%	8551
ប៉ៃ	1.31 / (14)	0% / 59.88%	8552
ទៀតសោត	1.31 / (14)	0% / 59.88%	8553
យោធ	1.31 / (14)	0% / 59.88%	8554
កេរមរតក	1.31 / (14)	0% / 59.88%	8555
ជីដូនមួយ	1.31 / (14)	0% / 59.88%	8556
ពិតហើយ	1.31 / (14)	0% / 59.88%	8557
ចុយ	1.31 / (14)	0% / 59.89%	8558
វប្បកម្ម	1.31 / (14)	0% / 59.89%	8559
បើកយន្តហោះ	1.31 / (14)	0% / 59.89%	8560
ប្រជាមតិ	1.31 / (14)	0% / 59.89%	8561
ថ្នាក់រៀន	1.31 / (14)	0% / 59.89%	8562
កំប៉េះ	1.31 / (14)	0% / 59.89%	8563
ស្មូម	1.31 / (14)	0% / 59.89%	8564
ស្នឹង	1.31 / (14)	0% / 59.89%	8565
ព្រះប្រធាន	1.31 / (14)	0% / 59.89%	8566
ការបោន	1.31 / (14)	0% / 59.89%	8567
ដំបូងបង្អស់	1.31 / (14)	0% / 59.89%	8568
ព្រេន	1.31 / (14)	0% / 59.89%	8569
ផលា	1.31 / (14)	0% / 59.89%	8570
ពេញមាត់	1.31 / (14)	0% / 59.89%	8571
ខ្វង់	1.31 / (14)	0% / 59.89%	8572
ភេទប្រុស	1.31 / (14)	0% / 59.89%	8573
រាប់បាត្រ	1.31 / (14)	0% / 59.89%	8574
បះសក់	1.31 / (14)	0% / 59.89%	8575
មួយជាតិ	1.31 / (14)	0% / 59.89%	8576
កណ្ដៀវ	1.31 / (14)	0% / 59.89%	8577
ឲ្យការណ៍	1.31 / (14)	0% / 59.89%	8578
ឆ្មៃ	1.31 / (14)	0% / 59.89%	8579
អាវទ្រនាប់	1.31 / (14)	0% / 59.89%	8580
បានព្រឹកខ្វះល្ងាច	1.31 / (14)	0% / 59.89%	8581
ស្លាំង	1.31 / (14)	0% / 59.89%	8582
ទន្លាប់	1.31 / (14)	0% / 59.89%	8583
យកនំ	1.31 / (14)	0% / 59.89%	8584
ពញាក្រែក	1.31 / (14)	0% / 59.89%	8585
វត្តិ	1.31 / (14)	0% / 59.89%	8586
ពហុកីឡាដ្ឋាន	1.31 / (14)	0% / 59.89%	8587
រមាត់	1.31 / (14)	0% / 59.89%	8588
មច្ចុរាជ	1.31 / (14)	0% / 59.89%	8589
ជាន់ថ្នាក់	1.31 / (14)	0% / 59.89%	8590
ក្សិណ	1.31 / (14)	0% / 59.89%	8591
មែនពិត	1.31 / (14)	0% / 59.89%	8592
បោកខោអាវ	1.31 / (14)	0% / 59.89%	8593
បង់លេខ	1.31 / (14)	0% / 59.89%	8594
ពោលថា	1.31 / (14)	0% / 59.89%	8595
ធុងសំរាម	1.31 / (14)	0% / 59.89%	8596
ចង្កោម	1.31 / (14)	0% / 59.89%	8597
គ្រាមភាសា	1.31 / (14)	0% / 59.89%	8598
ដួច	1.31 / (14)	0% / 59.89%	8599
ធ្លាក់ខ្លួន	1.31 / (14)	0% / 59.89%	8600
កមនុស្ស	1.31 / (14)	0% / 59.89%	8601
លោហធាតុ	1.31 / (14)	0% / 59.89%	8602
រឹ	1.31 / (14)	0% / 59.89%	8603
ព្រះពន្លា	1.31 / (14)	0% / 59.89%	8604
រនាត	1.31 / (14)	0% / 59.89%	8605
អុរ	1.31 / (14)	0% / 59.89%	8606
ហ៊ឺហា	1.31 / (14)	0% / 59.89%	8607
ទិដ្ឋិ	1.31 / (14)	0% / 59.89%	8608
រោងម៉ាស៊ីន	1.31 / (14)	0% / 59.89%	8609
រហោ	1.31 / (14)	0% / 59.89%	8610
ធម្មសាស្ត្រ	1.31 / (14)	0% / 59.89%	8611
គីឡូវ៉ាត់ម៉ោង	1.31 / (14)	0% / 59.89%	8612
សំប៉ាន	1.31 / (14)	0% / 59.89%	8613
ឃោរ	1.31 / (14)	0% / 59.89%	8614
មនោរម្យ	1.31 / (14)	0% / 59.89%	8615
ជេស្ឋ	1.31 / (14)	0% / 59.89%	8616
ផ្ទក់	1.31 / (14)	0% / 59.89%	8617
អនត្តា	1.31 / (14)	0% / 59.89%	8618
អំពីខ្ញុំ	1.31 / (14)	0% / 59.89%	8619
ស្រាន្ត	1.31 / (14)	0% / 59.89%	8620
ព្រូន	1.31 / (14)	0% / 59.89%	8621
ជ្រប់	1.31 / (14)	0% / 59.89%	8622
បម្រាស់	1.31 / (14)	0% / 59.89%	8623
ហៈ	1.31 / (14)	0% / 59.89%	8624
ការរចនា	1.31 / (14)	0% / 59.89%	8625
មូត	1.31 / (14)	0% / 59.89%	8626
ស្ករគ្រាប់	1.31 / (14)	0% / 59.89%	8627
ដើមឫស្សី	1.31 / (14)	0% / 59.89%	8628
វើត	1.31 / (14)	0% / 59.89%	8629
ឆ្អន់	1.31 / (14)	0% / 59.89%	8630
លំហែ	1.31 / (14)	0% / 59.89%	8631
អគ្គសេនាធិការដ្ឋាន	1.31 / (14)	0% / 59.89%	8632
ដេញថ្លៃ	1.31 / (14)	0% / 59.89%	8633
ដាក់បិណ្ឌ	1.31 / (14)	0% / 59.89%	8634
បង្ហិន	1.31 / (14)	0% / 59.9%	8635
មនុស្សសត្វ	1.31 / (14)	0% / 59.9%	8636
បដិមាករ	1.31 / (14)	0% / 59.9%	8637
តេជះ	1.31 / (14)	0% / 59.9%	8638
បួ	1.31 / (14)	0% / 59.9%	8639
ករណីយកិច្ច	1.31 / (14)	0% / 59.9%	8640
ការព្រមាន	1.31 / (14)	0% / 59.9%	8641
ល្អន់	1.31 / (14)	0% / 59.9%	8642
អត់ឱន	1.31 / (14)	0% / 59.9%	8643
សច្ចំ	1.31 / (14)	0% / 59.9%	8644
ឆ្នូត	1.31 / (14)	0% / 59.9%	8645
សត្វស្លាប	1.31 / (14)	0% / 59.9%	8646
ជើងទេរ	1.31 / (14)	0% / 59.9%	8647
នារ	1.31 / (14)	0% / 59.9%	8648
លែបខាយ	1.31 / (14)	0% / 59.9%	8649
ពិតតែ	1.31 / (14)	0% / 59.9%	8650
វេហាស៍	1.31 / (14)	0% / 59.9%	8651
បុរិន្ទ	1.31 / (14)	0% / 59.9%	8652
ហូរចេញ	1.31 / (14)	0% / 59.9%	8653
ស័ក្តិសិទ្ធិ	1.31 / (14)	0% / 59.9%	8654
ធាង	1.31 / (14)	0% / 59.9%	8655
នំអ៊ី	1.31 / (14)	0% / 59.9%	8656
ជ្រាវរក	1.31 / (14)	0% / 59.9%	8657
ពណ៌ខៀវ	1.31 / (14)	0% / 59.9%	8658
តម្បុត	1.31 / (14)	0% / 59.9%	8659
ចេះតែថា	1.31 / (14)	0% / 59.9%	8660
ដោយដៃ	1.31 / (14)	0% / 59.9%	8661
ក្អែប	1.31 / (14)	0% / 59.9%	8662
បុរោហិត	1.31 / (14)	0% / 59.9%	8663
មហាសមុទ្រ	1.31 / (14)	0% / 59.9%	8664
ត្រសេក	1.31 / (14)	0% / 59.9%	8665
សមោសរ	1.31 / (14)	0% / 59.9%	8666
ដូចមុន	1.31 / (14)	0% / 59.9%	8667
ពុទ្ធិ	1.31 / (14)	0% / 59.9%	8668
កម្មវត្ថុ	1.31 / (14)	0% / 59.9%	8669
ហ៊ឹ	1.31 / (14)	0% / 59.9%	8670
គឹល	1.31 / (14)	0% / 59.9%	8671
របើរ	1.31 / (14)	0% / 59.9%	8672
មកទល់	1.31 / (14)	0% / 59.9%	8673
រងំ	1.31 / (14)	0% / 59.9%	8674
ចិញ្ចើមថ្នល់	1.31 / (14)	0% / 59.9%	8675
កិត្តិ	1.31 / (14)	0% / 59.9%	8676
ចេញក្រៅ	1.31 / (14)	0% / 59.9%	8677
ឱសានវាទ	1.31 / (14)	0% / 59.9%	8678
ថ្វីដៃ	1.31 / (14)	0% / 59.9%	8679
ស្នាព្រះហស្ត	1.31 / (14)	0% / 59.9%	8680
ផ្គូផ្គង	1.31 / (14)	0% / 59.9%	8681
ឆរ	1.31 / (14)	0% / 59.9%	8682
គ្រឿងភ្លេង	1.31 / (14)	0% / 59.9%	8683
ក្រមាល់	1.31 / (14)	0% / 59.9%	8684
នេត	1.31 / (14)	0% / 59.9%	8685
ដឹងឬ	1.31 / (14)	0% / 59.9%	8686
កន្និដ្ឋា	1.31 / (14)	0% / 59.9%	8687
ប៉ែស្ត	1.31 / (14)	0% / 59.9%	8688
សាគរ	1.31 / (14)	0% / 59.9%	8689
សួរសុខទុក្ខ	1.31 / (14)	0% / 59.9%	8690
អនុផល	1.31 / (14)	0% / 59.9%	8691
ធម៌ព្រះពុទ្ធ	1.31 / (14)	0% / 59.9%	8692
តខ្សែ	1.31 / (14)	0% / 59.9%	8693
គុណនាម	1.31 / (14)	0% / 59.9%	8694
បំណាំ	1.31 / (14)	0% / 59.9%	8695
ជីង	1.31 / (14)	0% / 59.9%	8696
សមគំនិត	1.31 / (14)	0% / 59.9%	8697
កិត្តិសព្ទ	1.31 / (14)	0% / 59.9%	8698
សម្បជញ្ញៈ	1.31 / (14)	0% / 59.9%	8699
កាន់លទ្ធិ	1.31 / (14)	0% / 59.9%	8700
អ្នកជំងឺ	1.31 / (14)	0% / 59.9%	8701
អឹង	1.31 / (14)	0% / 59.9%	8702
ដាច់ចិត្ត	1.31 / (14)	0% / 59.9%	8703
ស្រែកខ្លាំង	1.31 / (14)	0% / 59.9%	8704
ឡើ	1.31 / (14)	0% / 59.9%	8705
ចង្អើរ	1.31 / (14)	0% / 59.9%	8706
អង្គទូត	1.31 / (14)	0% / 59.9%	8707
ផ្ទះកន្តាំង	1.31 / (14)	0% / 59.9%	8708
លង់លក់	1.31 / (14)	0% / 59.9%	8709
គាំងបេះដូង	1.31 / (14)	0% / 59.9%	8710
ក្បិន	1.31 / (14)	0% / 59.91%	8711
មុទិតា	1.31 / (14)	0% / 59.91%	8712
ចំរាញ់	1.31 / (14)	0% / 59.91%	8713
ប្រតប់	1.31 / (14)	0% / 59.91%	8714
ស្ថានីយវិទ្យុ	1.31 / (14)	0% / 59.91%	8715
ហ្មឺន	1.31 / (14)	0% / 59.91%	8716
ចុល្លភាព	1.31 / (14)	0% / 59.91%	8717
ងងើល	1.31 / (14)	0% / 59.91%	8718
ពន្លាត	1.31 / (14)	0% / 59.91%	8719
ឆ្លៀតពេល	1.31 / (14)	0% / 59.91%	8720
ស្រដៀងគ្នា	1.31 / (14)	0% / 59.91%	8721
អៀម	1.31 / (14)	0% / 59.91%	8722
វិមល	1.31 / (14)	0% / 59.91%	8723
ដំដែក	1.31 / (14)	0% / 59.91%	8724
យថាកម្ម	1.31 / (14)	0% / 59.91%	8725
ដេរដាស	1.31 / (14)	0% / 59.91%	8726
រនាំង	1.31 / (14)	0% / 59.91%	8727
អស់សំណើច	1.31 / (14)	0% / 59.91%	8728
បណ្ដែតបណ្ដោយ	1.31 / (14)	0% / 59.91%	8729
រាជបុត្រ	1.31 / (14)	0% / 59.91%	8730
បាតទន្លេ	1.31 / (14)	0% / 59.91%	8731
វិទ្យុជាតិ	1.31 / (14)	0% / 59.91%	8732
រលាត	1.31 / (14)	0% / 59.91%	8733
លុបឈ្មោះ	1.31 / (14)	0% / 59.91%	8734
សក្ក	1.31 / (14)	0% / 59.91%	8735
ហាត់ប្រាណ	1.31 / (14)	0% / 59.91%	8736
រមូល	1.31 / (14)	0% / 59.91%	8737
ពន្លៃ	1.31 / (14)	0% / 59.91%	8738
ក្រអឺត	1.31 / (14)	0% / 59.91%	8739
ភ្លើងអគ្គិសនី	1.31 / (14)	0% / 59.91%	8740
ល្មើសច្បាប់	1.31 / (14)	0% / 59.91%	8741
បំពួន	1.31 / (14)	0% / 59.91%	8742
ម្ដងម្កាល	1.31 / (14)	0% / 59.91%	8743
អសុភ	1.31 / (14)	0% / 59.91%	8744
យថាហេតុ	1.31 / (14)	0% / 59.91%	8745
នំចំណី	1.31 / (14)	0% / 59.91%	8746
ត្រប់	1.31 / (14)	0% / 59.91%	8747
ចាកប្រធាន	1.217 / (13)	0% / 59.91%	8748
តិចតែ	1.217 / (13)	0% / 59.91%	8749
ចត្វាស័ក	1.217 / (13)	0% / 59.91%	8750
ម្ដេចក៏	1.217 / (13)	0% / 59.91%	8751
ស្អែកនេះ	1.217 / (13)	0% / 59.91%	8752
មៀង	1.217 / (13)	0% / 59.91%	8753
បោកបក់	1.217 / (13)	0% / 59.91%	8754
ធ្វើនយោបាយ	1.217 / (13)	0% / 59.91%	8755
រាជិនី	1.217 / (13)	0% / 59.91%	8756
បីតិ	1.217 / (13)	0% / 59.91%	8757
សំពាធ	1.217 / (13)	0% / 59.91%	8758
ចំអន់	1.217 / (13)	0% / 59.91%	8759
មួយលាន	1.217 / (13)	0% / 59.91%	8760
ក្រអួន	1.217 / (13)	0% / 59.91%	8761
បាក់មុខ	1.217 / (13)	0% / 59.91%	8762
លោកម្ចាស់	1.217 / (13)	0% / 59.91%	8763
ហ៎ះ	1.217 / (13)	0% / 59.91%	8764
គ្រប់តែ	1.217 / (13)	0% / 59.91%	8765
ពិរុទ្ធជន	1.217 / (13)	0% / 59.91%	8766
ផឹកទឹក	1.217 / (13)	0% / 59.91%	8767
ខួបកំណើត	1.217 / (13)	0% / 59.91%	8768
រំលស់	1.217 / (13)	0% / 59.91%	8769
សារពើពន្ធ	1.217 / (13)	0% / 59.91%	8770
ប៉ះចំ	1.217 / (13)	0% / 59.91%	8771
វៀតមិញ	1.217 / (13)	0% / 59.91%	8772
ទូរលេខ	1.217 / (13)	0% / 59.91%	8773
បញ្ឈឺ	1.217 / (13)	0% / 59.91%	8774
សហេតុ	1.217 / (13)	0% / 59.91%	8775
ផ្លាន	1.217 / (13)	0% / 59.91%	8776
ភុជង្គនាគ	1.217 / (13)	0% / 59.91%	8777
ខែក្រោយ	1.217 / (13)	0% / 59.91%	8778
ឯកតា	1.217 / (13)	0% / 59.91%	8779
ការប្រាក់	1.217 / (13)	0% / 59.91%	8780
វត្ថុធាតុ	1.217 / (13)	0% / 59.91%	8781
ដោយបង្ខំ	1.217 / (13)	0% / 59.91%	8782
កៃលាស	1.217 / (13)	0% / 59.91%	8783
មួយជួរ	1.217 / (13)	0% / 59.91%	8784
អគ្គទេសាភិបាល	1.217 / (13)	0% / 59.91%	8785
ជិះឡាន	1.217 / (13)	0% / 59.91%	8786
ស្ដោះ	1.217 / (13)	0% / 59.91%	8787
អង្គត់	1.217 / (13)	0% / 59.91%	8788
កណ្ដែង	1.217 / (13)	0% / 59.91%	8789
ស្រងេះស្រងោច	1.217 / (13)	0% / 59.92%	8790
យកកូន	1.217 / (13)	0% / 59.92%	8791
វេហា	1.217 / (13)	0% / 59.92%	8792
ប្រតិព័ទ្ធ	1.217 / (13)	0% / 59.92%	8793
គ្រឿងក្នុង	1.217 / (13)	0% / 59.92%	8794
វិលវល់	1.217 / (13)	0% / 59.92%	8795
ឆ្កែចចក	1.217 / (13)	0% / 59.92%	8796
ប្រតិស្ឋ	1.217 / (13)	0% / 59.92%	8797
ចាវ	1.217 / (13)	0% / 59.92%	8798
បូស	1.217 / (13)	0% / 59.92%	8799
ថ្នាំពុល	1.217 / (13)	0% / 59.92%	8800
កោះត្រល់	1.217 / (13)	0% / 59.92%	8801
មយូរា	1.217 / (13)	0% / 59.92%	8802
តាំងរបស់	1.217 / (13)	0% / 59.92%	8803
ប្រវា	1.217 / (13)	0% / 59.92%	8804
ត្រដែត	1.217 / (13)	0% / 59.92%	8805
ចំពាក់	1.217 / (13)	0% / 59.92%	8806
គ្រឿងយន្ត	1.217 / (13)	0% / 59.92%	8807
តារ	1.217 / (13)	0% / 59.92%	8808
ក្រុមបាល់ទាត់	1.217 / (13)	0% / 59.92%	8809
ក្បាលពោះ	1.217 / (13)	0% / 59.92%	8810
វាន់	1.217 / (13)	0% / 59.92%	8811
សោភ័ន	1.217 / (13)	0% / 59.92%	8812
ចំក្បាល	1.217 / (13)	0% / 59.92%	8813
ការគាបសង្កត់	1.217 / (13)	0% / 59.92%	8814
ក្បោះ	1.217 / (13)	0% / 59.92%	8815
ពសុធា	1.217 / (13)	0% / 59.92%	8816
ហើប	1.217 / (13)	0% / 59.92%	8817
កៃ	1.217 / (13)	0% / 59.92%	8818
ឮដំណឹង	1.217 / (13)	0% / 59.92%	8819
ឆវី	1.217 / (13)	0% / 59.92%	8820
រកមុខ	1.217 / (13)	0% / 59.92%	8821
អ្នកដឹង	1.217 / (13)	0% / 59.92%	8822
ឧទ្ទាម	1.217 / (13)	0% / 59.92%	8823
ប្រទើស	1.217 / (13)	0% / 59.92%	8824
រាជានុភាព	1.217 / (13)	0% / 59.92%	8825
រលំរលាយ	1.217 / (13)	0% / 59.92%	8826
វ៉ាល់	1.217 / (13)	0% / 59.92%	8827
មុនដំបូង	1.217 / (13)	0% / 59.92%	8828
អគ្គរាជទូត	1.217 / (13)	0% / 59.92%	8829
ធ្វើទុក្ខបុកម្នេញ	1.217 / (13)	0% / 59.92%	8830
ប្រយ័ត្នប្រយែង	1.217 / (13)	0% / 59.92%	8831
ប្រជាសាស្ត្រ	1.217 / (13)	0% / 59.92%	8832
ហៀ	1.217 / (13)	0% / 59.92%	8833
បំណិន	1.217 / (13)	0% / 59.92%	8834
ពេលា	1.217 / (13)	0% / 59.92%	8835
បង្អន់	1.217 / (13)	0% / 59.92%	8836
ព្រះអាទិទេព	1.217 / (13)	0% / 59.92%	8837
ទ្រគោះ	1.217 / (13)	0% / 59.92%	8838
ពិឃាដ	1.217 / (13)	0% / 59.92%	8839
គ្រានោះ	1.217 / (13)	0% / 59.92%	8840
លោកមា	1.217 / (13)	0% / 59.92%	8841
វិបុលភាព	1.217 / (13)	0% / 59.92%	8842
រម៉េច	1.217 / (13)	0% / 59.92%	8843
ត្មាត	1.217 / (13)	0% / 59.92%	8844
ស៊ើបសួរ	1.217 / (13)	0% / 59.92%	8845
សំឫទ្ធិ	1.217 / (13)	0% / 59.92%	8846
ពុទ្ធកាល	1.217 / (13)	0% / 59.92%	8847
ទៅណាមកណា	1.217 / (13)	0% / 59.92%	8848
យោធានិយម	1.217 / (13)	0% / 59.92%	8849
ល្បាក់	1.217 / (13)	0% / 59.92%	8850
ការស្ថាបនា	1.217 / (13)	0% / 59.92%	8851
មិគសិរ	1.217 / (13)	0% / 59.92%	8852
រវេ	1.217 / (13)	0% / 59.92%	8853
សេចក្តីព្រាង	1.217 / (13)	0% / 59.92%	8854
ត្រូវគ្នា	1.217 / (13)	0% / 59.92%	8855
ឃ្លង់	1.217 / (13)	0% / 59.92%	8856
និពន្ធដោយ	1.217 / (13)	0% / 59.92%	8857
ក្នុងពេលជាមួយគ្នា	1.217 / (13)	0% / 59.92%	8858
សិស្សសាលា	1.217 / (13)	0% / 59.92%	8859
ការបញ្ឈប់	1.217 / (13)	0% / 59.92%	8860
ពុំនោះទេ	1.217 / (13)	0% / 59.92%	8861
លាន់មាត់	1.217 / (13)	0% / 59.92%	8862
ជីជាតិ	1.217 / (13)	0% / 59.92%	8863
ជរ	1.217 / (13)	0% / 59.92%	8864
ស៊ីរ៉ែន	1.217 / (13)	0% / 59.92%	8865
អំពូល	1.217 / (13)	0% / 59.92%	8866
ស្រាំ	1.217 / (13)	0% / 59.92%	8867
ប្រទាំង	1.217 / (13)	0% / 59.92%	8868
ឯករាជ្យជាតិ	1.217 / (13)	0% / 59.92%	8869
ស៊ូទ្រាំ	1.217 / (13)	0% / 59.92%	8870
ឈ្លោះប្រកែកគ្នា	1.217 / (13)	0% / 59.92%	8871
បើកផ្លូវ	1.217 / (13)	0% / 59.93%	8872
ព្រះហរិ	1.217 / (13)	0% / 59.93%	8873
ចុងក្រោយបង្អស់	1.217 / (13)	0% / 59.93%	8874
បញ្ឆេះ	1.217 / (13)	0% / 59.93%	8875
អមាត្យ	1.217 / (13)	0% / 59.93%	8876
សំវាស	1.217 / (13)	0% / 59.93%	8877
រូបរាងកាយ	1.217 / (13)	0% / 59.93%	8878
ព្រះសម្មាសម្ពុទ្ធ	1.217 / (13)	0% / 59.93%	8879
ទ្រខ្មែរ	1.217 / (13)	0% / 59.93%	8880
មួហ្មង	1.217 / (13)	0% / 59.93%	8881
ខែមុន	1.217 / (13)	0% / 59.93%	8882
ក្បាច់រចនា	1.217 / (13)	0% / 59.93%	8883
លំទោន	1.217 / (13)	0% / 59.93%	8884
អនុភាព	1.217 / (13)	0% / 59.93%	8885
លុកចូល	1.217 / (13)	0% / 59.93%	8886
ខែចេត្រ	1.217 / (13)	0% / 59.93%	8887
បំបាត់ចោល	1.217 / (13)	0% / 59.93%	8888
ដងទឹក	1.217 / (13)	0% / 59.93%	8889
លំពង់	1.217 / (13)	0% / 59.93%	8890
កើតកូន	1.217 / (13)	0% / 59.93%	8891
ទឹកមាត់	1.217 / (13)	0% / 59.93%	8892
ព្រះឥន្ទ្រ	1.217 / (13)	0% / 59.93%	8893
ដល់ពេលណា	1.217 / (13)	0% / 59.93%	8894
ឆ្នាំជូត	1.217 / (13)	0% / 59.93%	8895
អ៊ីដ្រូហ្សែន	1.217 / (13)	0% / 59.93%	8896
កម្លុង	1.217 / (13)	0% / 59.93%	8897
កឺ	1.217 / (13)	0% / 59.93%	8898
ជួយគិត	1.217 / (13)	0% / 59.93%	8899
អាត្មាភាព	1.217 / (13)	0% / 59.93%	8900
ពូជខ្មែរ	1.217 / (13)	0% / 59.93%	8901
ស្ត្រា	1.217 / (13)	0% / 59.93%	8902
តាប់	1.217 / (13)	0% / 59.93%	8903
ស្កន់	1.217 / (13)	0% / 59.93%	8904
ស្បថស្បែ	1.217 / (13)	0% / 59.93%	8905
នឹកភ្នក	1.217 / (13)	0% / 59.93%	8906
ញ៉ែង	1.217 / (13)	0% / 59.93%	8907
វាយកំទេច	1.217 / (13)	0% / 59.93%	8908
បត់ជើង	1.217 / (13)	0% / 59.93%	8909
ស្រីកែវ	1.217 / (13)	0% / 59.93%	8910
ដោយហេតុនេះ	1.217 / (13)	0% / 59.93%	8911
កន្សៃ	1.217 / (13)	0% / 59.93%	8912
ផលកម្ម	1.217 / (13)	0% / 59.93%	8913
ការរៀនសូត្រ	1.217 / (13)	0% / 59.93%	8914
អ័រម៉ូន	1.217 / (13)	0% / 59.93%	8915
ឧក	1.217 / (13)	0% / 59.93%	8916
បញ្ចស័ក	1.217 / (13)	0% / 59.93%	8917
ជីវភាពរស់នៅ	1.217 / (13)	0% / 59.93%	8918
ប្រញឹក	1.217 / (13)	0% / 59.93%	8919
ចុះចត	1.217 / (13)	0% / 59.93%	8920
ខ្លាឃ្មុំ	1.217 / (13)	0% / 59.93%	8921
ធ្វើខ្លួន	1.217 / (13)	0% / 59.93%	8922
មិច្ឆាទិដ្ឋិ	1.217 / (13)	0% / 59.93%	8923
ប្រកូកប្រកាស	1.217 / (13)	0% / 59.93%	8924
ពារាណសី	1.217 / (13)	0% / 59.93%	8925
ល័ក្ខ	1.217 / (13)	0% / 59.93%	8926
ការតែងតាំង	1.217 / (13)	0% / 59.93%	8927
យន្តូបនីយកម្ម	1.217 / (13)	0% / 59.93%	8928
ថ្នឹក	1.217 / (13)	0% / 59.93%	8929
តះ	1.217 / (13)	0% / 59.93%	8930
ព្រះនេត្រ	1.217 / (13)	0% / 59.93%	8931
ទទឹម	1.217 / (13)	0% / 59.93%	8932
ទ្រាប់	1.217 / (13)	0% / 59.93%	8933
ពញ្ញាក់	1.217 / (13)	0% / 59.93%	8934
ក្រោយទៅ	1.217 / (13)	0% / 59.93%	8935
គ្រៃ	1.217 / (13)	0% / 59.93%	8936
ជាឯកច្ឆន្ទ	1.217 / (13)	0% / 59.93%	8937
ដោយខ្លួន	1.217 / (13)	0% / 59.93%	8938
ប្រដាល់សេរី	1.217 / (13)	0% / 59.93%	8939
ផុតលេខ	1.217 / (13)	0% / 59.93%	8940
ចំកណ្ដាល	1.217 / (13)	0% / 59.93%	8941
មានផ្លូវ	1.217 / (13)	0% / 59.93%	8942
បណ្ដោយឲ្យ	1.217 / (13)	0% / 59.93%	8943
អញ្ចាញ	1.217 / (13)	0% / 59.93%	8944
រាប់រក	1.217 / (13)	0% / 59.93%	8945
រតនាគារ	1.217 / (13)	0% / 59.93%	8946
បេតី	1.217 / (13)	0% / 59.93%	8947
ថ្មីស្រឡាង	1.217 / (13)	0% / 59.93%	8948
រដូវប្រាំង	1.217 / (13)	0% / 59.93%	8949
បន្ទាល់	1.217 / (13)	0% / 59.93%	8950
ខ្យល់បក់	1.217 / (13)	0% / 59.93%	8951
រណែល	1.217 / (13)	0% / 59.93%	8952
ឆស័ក	1.217 / (13)	0% / 59.93%	8953
មនុស្សយើង	1.217 / (13)	0% / 59.93%	8954
បំព្រួញ	1.217 / (13)	0% / 59.94%	8955
ដង្ខៅ	1.217 / (13)	0% / 59.94%	8956
សមាជជាតិ	1.217 / (13)	0% / 59.94%	8957
មានវិបត្តិ	1.217 / (13)	0% / 59.94%	8958
សង្កេតមើល	1.217 / (13)	0% / 59.94%	8959
កំប៉ិកកំប៉ុក	1.217 / (13)	0% / 59.94%	8960
ញាតិញោម	1.217 / (13)	0% / 59.94%	8961
ទាសភាព	1.217 / (13)	0% / 59.94%	8962
កជើង	1.217 / (13)	0% / 59.94%	8963
រណ្ដំ	1.217 / (13)	0% / 59.94%	8964
ស្គាំងស្គម	1.217 / (13)	0% / 59.94%	8965
ខ្ជាប់ខ្ជួន	1.217 / (13)	0% / 59.94%	8966
ទុគ៌ត	1.217 / (13)	0% / 59.94%	8967
ព្រះខែ	1.217 / (13)	0% / 59.94%	8968
អកុសលកម្ម	1.217 / (13)	0% / 59.94%	8969
មានកាល	1.217 / (13)	0% / 59.94%	8970
ជ្រីវជ្រួញ	1.217 / (13)	0% / 59.94%	8971
ក្រដាសប្រាក់	1.217 / (13)	0% / 59.94%	8972
ដឹងគុណ	1.217 / (13)	0% / 59.94%	8973
ល្បាយ	1.217 / (13)	0% / 59.94%	8974
អព្យាក្រឹតភាព	1.217 / (13)	0% / 59.94%	8975
ទឹកអំពៅ	1.217 / (13)	0% / 59.94%	8976
ដិតជាប់	1.217 / (13)	0% / 59.94%	8977
ក្រអាញ	1.217 / (13)	0% / 59.94%	8978
ប្រាក	1.217 / (13)	0% / 59.94%	8979
អបាយ	1.217 / (13)	0% / 59.94%	8980
សុនក	1.217 / (13)	0% / 59.94%	8981
ទុក្ខវេទនា	1.217 / (13)	0% / 59.94%	8982
ញីវយ៉ក	1.217 / (13)	0% / 59.94%	8983
ពួយ	1.217 / (13)	0% / 59.94%	8984
ជ្រោក	1.217 / (13)	0% / 59.94%	8985
ឆ្នួន	1.217 / (13)	0% / 59.94%	8986
គ្រាប់បែកផ្សែង	1.217 / (13)	0% / 59.94%	8987
ដីស	1.217 / (13)	0% / 59.94%	8988
រមិល	1.217 / (13)	0% / 59.94%	8989
ប្រទូស្ត	1.217 / (13)	0% / 59.94%	8990
ការពារប្រទេស	1.217 / (13)	0% / 59.94%	8991
ក្លើម្រាក់	1.217 / (13)	0% / 59.94%	8992
លោកប៉ា	1.217 / (13)	0% / 59.94%	8993
ក្នុងរង្វង់	1.217 / (13)	0% / 59.94%	8994
សែក	1.217 / (13)	0% / 59.94%	8995
បណ្ដាលមកពី	1.217 / (13)	0% / 59.94%	8996
ស្រេចតែ	1.217 / (13)	0% / 59.94%	8997
ស្ន	1.217 / (13)	0% / 59.94%	8998
នំអន្សម	1.123 / (12)	0% / 59.94%	8999
បែកចាកគ្នា	1.123 / (12)	0% / 59.94%	9000
ក្រសួងកសិកម្ម	1.123 / (12)	0% / 59.94%	9001
ផ្លោះ	1.123 / (12)	0% / 59.94%	9002
ទោស័ក	1.123 / (12)	0% / 59.94%	9003
គុនដំបង	1.123 / (12)	0% / 59.94%	9004
ក្រែម	1.123 / (12)	0% / 59.94%	9005
ចំពីមុខ	1.123 / (12)	0% / 59.94%	9006
ដោះសា	1.123 / (12)	0% / 59.94%	9007
អ្នកចាំ	1.123 / (12)	0% / 59.94%	9008
កុសលកម្ម	1.123 / (12)	0% / 59.94%	9009
គោចរ	1.123 / (12)	0% / 59.94%	9010
បណីត	1.123 / (12)	0% / 59.94%	9011
ចំណីអាហារ	1.123 / (12)	0% / 59.94%	9012
កញ្ចក់ទូរទស្សន៍	1.123 / (12)	0% / 59.94%	9013
មួយអាទិត្យ	1.123 / (12)	0% / 59.94%	9014
បារត	1.123 / (12)	0% / 59.94%	9015
កោះប្រជុំ	1.123 / (12)	0% / 59.94%	9016
ទឹប	1.123 / (12)	0% / 59.94%	9017
អ្នកដើរ	1.123 / (12)	0% / 59.94%	9018
ឡាញ់	1.123 / (12)	0% / 59.94%	9019
ស្រឡាំងកាំង	1.123 / (12)	0% / 59.94%	9020
ភស្តុ	1.123 / (12)	0% / 59.94%	9021
របារ	1.123 / (12)	0% / 59.94%	9022
សម្រាត	1.123 / (12)	0% / 59.94%	9023
ទុរគត	1.123 / (12)	0% / 59.94%	9024
រោក	1.123 / (12)	0% / 59.94%	9025
យកឈ្មោះ	1.123 / (12)	0% / 59.94%	9026
អរហំ	1.123 / (12)	0% / 59.94%	9027
ហ្លាយ	1.123 / (12)	0% / 59.94%	9028
ប្រជៀវ	1.123 / (12)	0% / 59.94%	9029
មហាក្សត្រិយ៍	1.123 / (12)	0% / 59.94%	9030
ឆ្នេរសមុទ្រ	1.123 / (12)	0% / 59.94%	9031
ក្រឹត	1.123 / (12)	0% / 59.94%	9032
សីហៈ	1.123 / (12)	0% / 59.94%	9033
ផូង	1.123 / (12)	0% / 59.94%	9034
ខ្មាញ់	1.123 / (12)	0% / 59.94%	9035
ព្រុស	1.123 / (12)	0% / 59.94%	9036
ក្រហល់	1.123 / (12)	0% / 59.94%	9037
ឫសគល់	1.123 / (12)	0% / 59.94%	9038
មីនុត	1.123 / (12)	0% / 59.94%	9039
ងូតទឹក	1.123 / (12)	0% / 59.95%	9040
ខ្លប	1.123 / (12)	0% / 59.95%	9041
រយ៉ៃ	1.123 / (12)	0% / 59.95%	9042
អ្នករងគ្រោះ	1.123 / (12)	0% / 59.95%	9043
ជាតិពន្ធុ	1.123 / (12)	0% / 59.95%	9044
មាត់សមុទ្រ	1.123 / (12)	0% / 59.95%	9045
លាចាកលោកនេះ	1.123 / (12)	0% / 59.95%	9046
ហ៊ើយ	1.123 / (12)	0% / 59.95%	9047
ទឹកផុស	1.123 / (12)	0% / 59.95%	9048
សន្ធោសន្ធៅ	1.123 / (12)	0% / 59.95%	9049
បបោស	1.123 / (12)	0% / 59.95%	9050
អ្នកកាន់អំណាច	1.123 / (12)	0% / 59.95%	9051
ពីសង្គម	1.123 / (12)	0% / 59.95%	9052
ងាករេ	1.123 / (12)	0% / 59.95%	9053
ចូលជាតិ	1.123 / (12)	0% / 59.95%	9054
តឹងរឹង	1.123 / (12)	0% / 59.95%	9055
រមណីយ	1.123 / (12)	0% / 59.95%	9056
ត្រអាល	1.123 / (12)	0% / 59.95%	9057
យល់គ្នា	1.123 / (12)	0% / 59.95%	9058
អាចារ	1.123 / (12)	0% / 59.95%	9059
ធ្នះ	1.123 / (12)	0% / 59.95%	9060
នគរធំ	1.123 / (12)	0% / 59.95%	9061
សុក្រឹតការ	1.123 / (12)	0% / 59.95%	9062
កោយ	1.123 / (12)	0% / 59.95%	9063
ទៅដេក	1.123 / (12)	0% / 59.95%	9064
ត្លុក	1.123 / (12)	0% / 59.95%	9065
សេរីសោភ័ណ្ឌ	1.123 / (12)	0% / 59.95%	9066
នាយការិយាល័យ	1.123 / (12)	0% / 59.95%	9067
ទិសខាងជើង	1.123 / (12)	0% / 59.95%	9068
ជ្រើម	1.123 / (12)	0% / 59.95%	9069
ទឹកល្អក់	1.123 / (12)	0% / 59.95%	9070
ចុកពោះ	1.123 / (12)	0% / 59.95%	9071
រូត	1.123 / (12)	0% / 59.95%	9072
ខ្នយ	1.123 / (12)	0% / 59.95%	9073
គុហា	1.123 / (12)	0% / 59.95%	9074
ថានៈ	1.123 / (12)	0% / 59.95%	9075
សណ្ដោង	1.123 / (12)	0% / 59.95%	9076
លើដំបូល	1.123 / (12)	0% / 59.95%	9077
តយ	1.123 / (12)	0% / 59.95%	9078
បង្កឡើង	1.123 / (12)	0% / 59.95%	9079
ភាវ	1.123 / (12)	0% / 59.95%	9080
ជំហររឹង	1.123 / (12)	0% / 59.95%	9081
ភោ	1.123 / (12)	0% / 59.95%	9082
ចាក់ថ្នាំ	1.123 / (12)	0% / 59.95%	9083
វចន	1.123 / (12)	0% / 59.95%	9084
ទិញដូរ	1.123 / (12)	0% / 59.95%	9085
ក្លាវ	1.123 / (12)	0% / 59.95%	9086
សាលាបង្រៀន	1.123 / (12)	0% / 59.95%	9087
កត្រង់	1.123 / (12)	0% / 59.95%	9088
ត្រជាក់ស្រួល	1.123 / (12)	0% / 59.95%	9089
ងឿងឆ្ងល់	1.123 / (12)	0% / 59.95%	9090
វ៉ែនតា	1.123 / (12)	0% / 59.95%	9091
វាលស្មៅ	1.123 / (12)	0% / 59.95%	9092
គិរីវង់	1.123 / (12)	0% / 59.95%	9093
លាក់មុខ	1.123 / (12)	0% / 59.95%	9094
រន្ធត់ចិត្ត	1.123 / (12)	0% / 59.95%	9095
ប្រកបការងារ	1.123 / (12)	0% / 59.95%	9096
កន្ទុយលេខ	1.123 / (12)	0% / 59.95%	9097
ចេញមុខ	1.123 / (12)	0% / 59.95%	9098
ប្រសិនជា	1.123 / (12)	0% / 59.95%	9099
សម័យនេះ	1.123 / (12)	0% / 59.95%	9100
ចាំទុក	1.123 / (12)	0% / 59.95%	9101
ឈឺពោះ	1.123 / (12)	0% / 59.95%	9102
ត្លែ	1.123 / (12)	0% / 59.95%	9103
ក្របៅ	1.123 / (12)	0% / 59.95%	9104
ស្វរៈ	1.123 / (12)	0% / 59.95%	9105
របួសស្រាល	1.123 / (12)	0% / 59.95%	9106
មុខក្រៀម	1.123 / (12)	0% / 59.95%	9107
អាណត្ត	1.123 / (12)	0% / 59.95%	9108
ក្មេងម្នាក់	1.123 / (12)	0% / 59.95%	9109
រៀបនឹង	1.123 / (12)	0% / 59.95%	9110
ធនធានធម្មជាតិ	1.123 / (12)	0% / 59.95%	9111
ពន់ប្រមាណ	1.123 / (12)	0% / 59.95%	9112
ប្រពល	1.123 / (12)	0% / 59.95%	9113
ទីស្រឡាញ់	1.123 / (12)	0% / 59.95%	9114
កម្រោល	1.123 / (12)	0% / 59.95%	9115
រវៃ	1.123 / (12)	0% / 59.95%	9116
នៅពេលអនាគត	1.123 / (12)	0% / 59.95%	9117
គុណូបការៈ	1.123 / (12)	0% / 59.95%	9118
ពិតមែនតែ	1.123 / (12)	0% / 59.95%	9119
ជនក	1.123 / (12)	0% / 59.95%	9120
ខ្ចាត់ខ្ចាយ	1.123 / (12)	0% / 59.95%	9121
ប្រួត	1.123 / (12)	0% / 59.95%	9122
វលី	1.123 / (12)	0% / 59.95%	9123
វិបុលសុខ	1.123 / (12)	0% / 59.95%	9124
ញោច	1.123 / (12)	0% / 59.95%	9125
អនុមាន	1.123 / (12)	0% / 59.95%	9126
ខ្ជីខ្ជា	1.123 / (12)	0% / 59.95%	9127
គោះទ្វារ	1.123 / (12)	0% / 59.95%	9128
ក្រហែង	1.123 / (12)	0% / 59.96%	9129
មង្គលបុរី	1.123 / (12)	0% / 59.96%	9130
ផ្សាយបន្តផ្ទាល់	1.123 / (12)	0% / 59.96%	9131
ក្រអឺតក្រទម	1.123 / (12)	0% / 59.96%	9132
ផុក	1.123 / (12)	0% / 59.96%	9133
កូនព្រៃ	1.123 / (12)	0% / 59.96%	9134
ក្ដាំ	1.123 / (12)	0% / 59.96%	9135
បណ្ដុំ	1.123 / (12)	0% / 59.96%	9136
សំគម	1.123 / (12)	0% / 59.96%	9137
ខ្ជួន	1.123 / (12)	0% / 59.96%	9138
ពពោះ	1.123 / (12)	0% / 59.96%	9139
អសោចិ៍	1.123 / (12)	0% / 59.96%	9140
វិឡា	1.123 / (12)	0% / 59.96%	9141
ថ្ងៃខួប	1.123 / (12)	0% / 59.96%	9142
កាយពល	1.123 / (12)	0% / 59.96%	9143
កំរង	1.123 / (12)	0% / 59.96%	9144
ទន្តជៈ	1.123 / (12)	0% / 59.96%	9145
តាមចិត្ត	1.123 / (12)	0% / 59.96%	9146
រោងទង	1.123 / (12)	0% / 59.96%	9147
មានគ្នាច្រើន	1.123 / (12)	0% / 59.96%	9148
ជីវ័ន	1.123 / (12)	0% / 59.96%	9149
ត្រង់កន្លែង	1.123 / (12)	0% / 59.96%	9150
កញ្ចុះ	1.123 / (12)	0% / 59.96%	9151
កាយសម្បទា	1.123 / (12)	0% / 59.96%	9152
បន្សាប	1.123 / (12)	0% / 59.96%	9153
រោគា	1.123 / (12)	0% / 59.96%	9154
ផ្ដល់ឲ្យ	1.123 / (12)	0% / 59.96%	9155
ក្នាញ់	1.123 / (12)	0% / 59.96%	9156
ចាក់ទឹក	1.123 / (12)	0% / 59.96%	9157
រដូក	1.123 / (12)	0% / 59.96%	9158
សិទ្ធិពលរដ្ឋ	1.123 / (12)	0% / 59.96%	9159
រហ័សរហួន	1.123 / (12)	0% / 59.96%	9160
សំណែន	1.123 / (12)	0% / 59.96%	9161
ធម្មកថិក	1.123 / (12)	0% / 59.96%	9162
និច្ចកាល	1.123 / (12)	0% / 59.96%	9163
ឲ្យដំណឹង	1.123 / (12)	0% / 59.96%	9164
ពិសពុល	1.123 / (12)	0% / 59.96%	9165
ច្បា	1.123 / (12)	0% / 59.96%	9166
ថោះ	1.123 / (12)	0% / 59.96%	9167
ដើរកំសាន្ត	1.123 / (12)	0% / 59.96%	9168
អាយុជីវិត	1.123 / (12)	0% / 59.96%	9169
ជីតាទួត	1.123 / (12)	0% / 59.96%	9170
ធំស្កឹមស្កៃ	1.123 / (12)	0% / 59.96%	9171
អុយ	1.123 / (12)	0% / 59.96%	9172
សុពណ៌	1.123 / (12)	0% / 59.96%	9173
ទឹកក្រូច	1.123 / (12)	0% / 59.96%	9174
សង្គ្រាមជ័យ	1.123 / (12)	0% / 59.96%	9175
ចំណងមិត្តភាព	1.123 / (12)	0% / 59.96%	9176
ទោះជាយ៉ាងណាក៏ដោយ	1.123 / (12)	0% / 59.96%	9177
អ្នកកីឡា	1.123 / (12)	0% / 59.96%	9178
ឮជា	1.123 / (12)	0% / 59.96%	9179
ស្មេរ	1.123 / (12)	0% / 59.96%	9180
ញ៉ម	1.123 / (12)	0% / 59.96%	9181
វិកល	1.123 / (12)	0% / 59.96%	9182
ផ្លូវដើរ	1.123 / (12)	0% / 59.96%	9183
រូពី	1.123 / (12)	0% / 59.96%	9184
ទស្សនកិច្ចជាផ្លូវការ	1.123 / (12)	0% / 59.96%	9185
ក្រូចឆ្មារ	1.123 / (12)	0% / 59.96%	9186
បោរ	1.123 / (12)	0% / 59.96%	9187
ម្លូព្រៃ	1.123 / (12)	0% / 59.96%	9188
ដើរចេញ	1.123 / (12)	0% / 59.96%	9189
ស្មន់	1.123 / (12)	0% / 59.96%	9190
អរិ	1.123 / (12)	0% / 59.96%	9191
ប័ត	1.123 / (12)	0% / 59.96%	9192
ឃ្លុំ	1.123 / (12)	0% / 59.96%	9193
រួញរា	1.123 / (12)	0% / 59.96%	9194
ទុតិយាសាឍ	1.123 / (12)	0% / 59.96%	9195
ឆ្អៅ	1.123 / (12)	0% / 59.96%	9196
គ្រវាត់	1.123 / (12)	0% / 59.96%	9197
ចន្លុះ	1.123 / (12)	0% / 59.96%	9198
បាក់ដៃ	1.123 / (12)	0% / 59.96%	9199
ទោសៈ	1.123 / (12)	0% / 59.96%	9200
ពុទ្ធដីកា	1.123 / (12)	0% / 59.96%	9201
កប៉ាល់ហោះ	1.123 / (12)	0% / 59.96%	9202
ខ្ជាក់	1.123 / (12)	0% / 59.96%	9203
មិនដឹងខ្លួន	1.123 / (12)	0% / 59.96%	9204
ស្ញប់	1.123 / (12)	0% / 59.96%	9205
មាំទាំ	1.123 / (12)	0% / 59.96%	9206
ចំណតយន្តហោះ	1.123 / (12)	0% / 59.96%	9207
និះ	1.123 / (12)	0% / 59.96%	9208
ហរៈ	1.123 / (12)	0% / 59.96%	9209
ការប្រកួតកីឡា	1.123 / (12)	0% / 59.96%	9210
ប្រត្យក្ស	1.123 / (12)	0% / 59.96%	9211
ទ្រដោយ	1.123 / (12)	0% / 59.96%	9212
ទឹកអប់	1.123 / (12)	0% / 59.96%	9213
ដងខ្លួន	1.123 / (12)	0% / 59.96%	9214
ទាយាទ	1.123 / (12)	0% / 59.96%	9215
ឡូតូ	1.123 / (12)	0% / 59.96%	9216
ផ្ទុយពី	1.123 / (12)	0% / 59.96%	9217
អាវាសែ	1.123 / (12)	0% / 59.97%	9218
អដ្ឋកថា	1.123 / (12)	0% / 59.97%	9219
សារថី	1.123 / (12)	0% / 59.97%	9220
ល្បក	1.123 / (12)	0% / 59.97%	9221
តាយ	1.123 / (12)	0% / 59.97%	9222
រយាង	1.123 / (12)	0% / 59.97%	9223
មានសក្តា	1.123 / (12)	0% / 59.97%	9224
ស្រយង់	1.123 / (12)	0% / 59.97%	9225
ឆ្វាក់	1.123 / (12)	0% / 59.97%	9226
ល្វឹង	1.123 / (12)	0% / 59.97%	9227
ហាសិប	1.123 / (12)	0% / 59.97%	9228
ជីវា	1.123 / (12)	0% / 59.97%	9229
ទេវនាគរី	1.123 / (12)	0% / 59.97%	9230
ប្រែខែ	1.123 / (12)	0% / 59.97%	9231
មនុ	1.123 / (12)	0% / 59.97%	9232
បដិបត្តិ	1.123 / (12)	0% / 59.97%	9233
ឈ្វេងយល់	1.123 / (12)	0% / 59.97%	9234
យុថ្កា	1.123 / (12)	0% / 59.97%	9235
នៅកណ្ដាល	1.123 / (12)	0% / 59.97%	9236
ព្រះរាជពិធី	1.123 / (12)	0% / 59.97%	9237
ព្រះរាជវង្សានុវង្ស	1.123 / (12)	0% / 59.97%	9238
សិកា	1.123 / (12)	0% / 59.97%	9239
ដឹកនាំនយោបាយ	1.123 / (12)	0% / 59.97%	9240
ប្រកាន់យក	1.123 / (12)	0% / 59.97%	9241
យឺនយូរ	1.123 / (12)	0% / 59.97%	9242
មានបើ	1.123 / (12)	0% / 59.97%	9243
អាណិតអាណោច	1.123 / (12)	0% / 59.97%	9244
ឡាន់	1.123 / (12)	0% / 59.97%	9245
នាក	1.123 / (12)	0% / 59.97%	9246
សម្លុត	1.029 / (11)	0% / 59.97%	9247
ទំនើបកម្ម	1.029 / (11)	0% / 59.97%	9248
ជញ្ជ្រាំង	1.029 / (11)	0% / 59.97%	9249
ពុំគួរ	1.029 / (11)	0% / 59.97%	9250
រំលោក	1.029 / (11)	0% / 59.97%	9251
ជាដរាប	1.029 / (11)	0% / 59.97%	9252
ភ្លេចឈ្មោះ	1.029 / (11)	0% / 59.97%	9253
ក្របួច	1.029 / (11)	0% / 59.97%	9254
នីតិបញ្ញត្តិ	1.029 / (11)	0% / 59.97%	9255
ផ្អូម	1.029 / (11)	0% / 59.97%	9256
ជៈ	1.029 / (11)	0% / 59.97%	9257
មុក	1.029 / (11)	0% / 59.97%	9258
ស្វាយចេក	1.029 / (11)	0% / 59.97%	9259
ប្រសូតិ	1.029 / (11)	0% / 59.97%	9260
ក្រិត្យក្រម	1.029 / (11)	0% / 59.97%	9261
ពួកចោរ	1.029 / (11)	0% / 59.97%	9262
ញាំង	1.029 / (11)	0% / 59.97%	9263
បក្សាបក្សី	1.029 / (11)	0% / 59.97%	9264
អាក់អន់	1.029 / (11)	0% / 59.97%	9265
វិសម	1.029 / (11)	0% / 59.97%	9266
អ្នកការ	1.029 / (11)	0% / 59.97%	9267
ការឧបត្ថម្ភ	1.029 / (11)	0% / 59.97%	9268
យោលទៅតាម	1.029 / (11)	0% / 59.97%	9269
មមី	1.029 / (11)	0% / 59.97%	9270
លោកពូ	1.029 / (11)	0% / 59.97%	9271
ចំទាល	1.029 / (11)	0% / 59.97%	9272
ពភ្លា	1.029 / (11)	0% / 59.97%	9273
ម្សាញ់	1.029 / (11)	0% / 59.97%	9274
ផ្ដេក	1.029 / (11)	0% / 59.97%	9275
ខិតមក	1.029 / (11)	0% / 59.97%	9276
ផ្ទះបាយ	1.029 / (11)	0% / 59.97%	9277
ពីម្សិលមិញ	1.029 / (11)	0% / 59.97%	9278
សំនួន	1.029 / (11)	0% / 59.97%	9279
ស្រកា	1.029 / (11)	0% / 59.97%	9280
ឌឺដង	1.029 / (11)	0% / 59.97%	9281
ខ្យល់គរ	1.029 / (11)	0% / 59.97%	9282
ទើរ	1.029 / (11)	0% / 59.97%	9283
ជ្រមុជ	1.029 / (11)	0% / 59.97%	9284
តាល	1.029 / (11)	0% / 59.97%	9285
ក្ដៅក្រហាយ	1.029 / (11)	0% / 59.97%	9286
ទាំងគូ	1.029 / (11)	0% / 59.97%	9287
ចម្រូងចម្រាស	1.029 / (11)	0% / 59.97%	9288
មរណា	1.029 / (11)	0% / 59.97%	9289
កំប្លេ	1.029 / (11)	0% / 59.97%	9290
ជាន់ក	1.029 / (11)	0% / 59.97%	9291
ទឹកតែ	1.029 / (11)	0% / 59.97%	9292
រាប់ទាំង	1.029 / (11)	0% / 59.97%	9293
ផ្អាវ	1.029 / (11)	0% / 59.97%	9294
បំបែរ	1.029 / (11)	0% / 59.97%	9295
ជ្រែ	1.029 / (11)	0% / 59.97%	9296
សរសៃសក់	1.029 / (11)	0% / 59.97%	9297
ផ្ដិល	1.029 / (11)	0% / 59.97%	9298
ឧត្តមគតិ	1.029 / (11)	0% / 59.97%	9299
រំជួលចិត្ត	1.029 / (11)	0% / 59.97%	9300
មានបុណ្យ	1.029 / (11)	0% / 59.97%	9301
ដកខ្លួន	1.029 / (11)	0% / 59.97%	9302
ទាស់ទែង	1.029 / (11)	0% / 59.97%	9303
ជាក់ច្បាស់	1.029 / (11)	0% / 59.97%	9304
ប៊ីចេង	1.029 / (11)	0% / 59.97%	9305
បថម	1.029 / (11)	0% / 59.97%	9306
កញ្ឆា	1.029 / (11)	0% / 59.97%	9307
ជាបឋម	1.029 / (11)	0% / 59.97%	9308
ក្ដុក	1.029 / (11)	0% / 59.97%	9309
កាត់ថ្លៃ	1.029 / (11)	0% / 59.97%	9310
ប្រលានយន្តហោះ	1.029 / (11)	0% / 59.97%	9311
ណែនណាន់	1.029 / (11)	0% / 59.97%	9312
គណប្រតិភូ	1.029 / (11)	0% / 59.98%	9313
ក្រសួងសេដ្ឋកិច្ច	1.029 / (11)	0% / 59.98%	9314
ចំពុះ	1.029 / (11)	0% / 59.98%	9315
ប្រាកដប្រជា	1.029 / (11)	0% / 59.98%	9316
ប៉ុន្មានដង?	1.029 / (11)	0% / 59.98%	9317
ច្របាច់ក	1.029 / (11)	0% / 59.98%	9318
ម៉ក	1.029 / (11)	0% / 59.98%	9319
រលាស់ដៃ	1.029 / (11)	0% / 59.98%	9320
ក្រសួងសុខាភិបាល	1.029 / (11)	0% / 59.98%	9321
ខ្នោះដៃ	1.029 / (11)	0% / 59.98%	9322
គិតឃើញ	1.029 / (11)	0% / 59.98%	9323
អ្នកជំនាញការ	1.029 / (11)	0% / 59.98%	9324
សម្បុក	1.029 / (11)	0% / 59.98%	9325
ឫក្ស	1.029 / (11)	0% / 59.98%	9326
ខុសផ្លូវ	1.029 / (11)	0% / 59.98%	9327
រគាំង	1.029 / (11)	0% / 59.98%	9328
ដូចធម្មតា	1.029 / (11)	0% / 59.98%	9329
អន្លាយ	1.029 / (11)	0% / 59.98%	9330
អីសោះ	1.029 / (11)	0% / 59.98%	9331
គន្ថធុរៈ	1.029 / (11)	0% / 59.98%	9332
សាធុការ	1.029 / (11)	0% / 59.98%	9333
ការសងសឹក	1.029 / (11)	0% / 59.98%	9334
ឱនលំទោន	1.029 / (11)	0% / 59.98%	9335
ឃាតកៈ	1.029 / (11)	0% / 59.98%	9336
កហាបណៈ	1.029 / (11)	0% / 59.98%	9337
សិក្សាការ	1.029 / (11)	0% / 59.98%	9338
សមតុល្យ	1.029 / (11)	0% / 59.98%	9339
ហៅក្រៅ	1.029 / (11)	0% / 59.98%	9340
អធម	1.029 / (11)	0% / 59.98%	9341
ឧត្តុង្គ	1.029 / (11)	0% / 59.98%	9342
ដាច់អហង្ការ	1.029 / (11)	0% / 59.98%	9343
ជួរភ្នំ	1.029 / (11)	0% / 59.98%	9344
ហូបបាយ	1.029 / (11)	0% / 59.98%	9345
ក្រេវ	1.029 / (11)	0% / 59.98%	9346
ឡេវ	1.029 / (11)	0% / 59.98%	9347
រដូវក្ដៅ	1.029 / (11)	0% / 59.98%	9348
ស៊ែ	1.029 / (11)	0% / 59.98%	9349
ឆ្កឹះ	1.029 / (11)	0% / 59.98%	9350
មានសាច់	1.029 / (11)	0% / 59.98%	9351
អន្ទោល	1.029 / (11)	0% / 59.98%	9352
ព្រះឥសូរ	1.029 / (11)	0% / 59.98%	9353
អូសយក	1.029 / (11)	0% / 59.98%	9354
តាមបំណង	1.029 / (11)	0% / 59.98%	9355
កៀបសង្កត់	1.029 / (11)	0% / 59.98%	9356
ធំឡើង	1.029 / (11)	0% / 59.98%	9357
ទេសឯក	1.029 / (11)	0% / 59.98%	9358
អយ្យិកា	1.029 / (11)	0% / 59.98%	9359
បសុពេទ្យ	1.029 / (11)	0% / 59.98%	9360
ខ្ចរខ្ចាយ	1.029 / (11)	0% / 59.98%	9361
ទូទឹកកក	1.029 / (11)	0% / 59.98%	9362
គ្រាម	1.029 / (11)	0% / 59.98%	9363
ជីវពល	1.029 / (11)	0% / 59.98%	9364
ត្រឹមនេះ	1.029 / (11)	0% / 59.98%	9365
ទឹកសាប	1.029 / (11)	0% / 59.98%	9366
រាយការ	1.029 / (11)	0% / 59.98%	9367
សាលាខេត្ត	1.029 / (11)	0% / 59.98%	9368
ងាប់ហើយ	1.029 / (11)	0% / 59.98%	9369
សិរ	1.029 / (11)	0% / 59.98%	9370
បុស្បា	1.029 / (11)	0% / 59.98%	9371
ធម្មទាន	1.029 / (11)	0% / 59.98%	9372
រម្ងាស់	1.029 / (11)	0% / 59.98%	9373
លេះ	1.029 / (11)	0% / 59.98%	9374
ជាតិភូមា	1.029 / (11)	0% / 59.98%	9375
សំណាត់	1.029 / (11)	0% / 59.98%	9376
កេសា	1.029 / (11)	0% / 59.98%	9377
ឆ្កា	1.029 / (11)	0% / 59.98%	9378
ឧបការី	1.029 / (11)	0% / 59.98%	9379
ស្ការ	1.029 / (11)	0% / 59.98%	9380
អន្តេវាសិកដ្ឋាន	1.029 / (11)	0% / 59.98%	9381
នមស្សការ	1.029 / (11)	0% / 59.98%	9382
និរន្តរ	1.029 / (11)	0% / 59.98%	9383
អនិច្ច	1.029 / (11)	0% / 59.98%	9384
ដាក់បាត្រ	1.029 / (11)	0% / 59.98%	9385
គេហ៍	1.029 / (11)	0% / 59.98%	9386
ត្រីស័ក	1.029 / (11)	0% / 59.98%	9387
ចំប្រប់	1.029 / (11)	0% / 59.98%	9388
កញ្ជ្រោល	1.029 / (11)	0% / 59.98%	9389
តំកើង	1.029 / (11)	0% / 59.98%	9390
ត្បិតត្បៀត	1.029 / (11)	0% / 59.98%	9391
ពាក្យស្លោក	1.029 / (11)	0% / 59.98%	9392
ឥស្សរភាព	1.029 / (11)	0% / 59.98%	9393
នារីផល	1.029 / (11)	0% / 59.98%	9394
ទំលាក់កំហុស	1.029 / (11)	0% / 59.98%	9395
ធំបំផុត	1.029 / (11)	0% / 59.98%	9396
កូនក្តី	1.029 / (11)	0% / 59.98%	9397
ពីក្មេង	1.029 / (11)	0% / 59.98%	9398
តាមសម័យ	1.029 / (11)	0% / 59.98%	9399
ម៉ាញ៉េ	1.029 / (11)	0% / 59.98%	9400
ស្ទៀង	1.029 / (11)	0% / 59.98%	9401
សោយទិវង្គត	1.029 / (11)	0% / 59.98%	9402
វឌ្ឍន	1.029 / (11)	0% / 59.98%	9403
អ្នកច្បាប់	1.029 / (11)	0% / 59.98%	9404
សំរុះសំរួល	1.029 / (11)	0% / 59.98%	9405
ញញ័រ	1.029 / (11)	0% / 59.98%	9406
សន្សំប្រាក់	1.029 / (11)	0% / 59.98%	9407
មេត្តាធម៌	1.029 / (11)	0% / 59.98%	9408
យកប្រពន្ធ	1.029 / (11)	0% / 59.98%	9409
ស៊ីគ្នា	1.029 / (11)	0% / 59.99%	9410
ផ្លូច	1.029 / (11)	0% / 59.99%	9411
តំបូង	1.029 / (11)	0% / 59.99%	9412
ផ្ទុះឡើង	1.029 / (11)	0% / 59.99%	9413
ព្រហ្មញ្ញសាសនា	1.029 / (11)	0% / 59.99%	9414
ផ្ទាល់ដៃ	1.029 / (11)	0% / 59.99%	9415
រតនត្រ័យ	1.029 / (11)	0% / 59.99%	9416
ឯធា	1.029 / (11)	0% / 59.99%	9417
ស៊ីសុផុន	1.029 / (11)	0% / 59.99%	9418
វិជ្ជាការ	1.029 / (11)	0% / 59.99%	9419
អតិសុខុម	1.029 / (11)	0% / 59.99%	9420
រលាត់	1.029 / (11)	0% / 59.99%	9421
ព្រះអនុជ	1.029 / (11)	0% / 59.99%	9422
ព្រឺរោម	1.029 / (11)	0% / 59.99%	9423
អាប្រុស	1.029 / (11)	0% / 59.99%	9424
ជាប់លេខ	1.029 / (11)	0% / 59.99%	9425
ញាត	1.029 / (11)	0% / 59.99%	9426
យៅ	1.029 / (11)	0% / 59.99%	9427
បព្វជ្ជា	1.029 / (11)	0% / 59.99%	9428
ផ្ទប់	1.029 / (11)	0% / 59.99%	9429
សភាវគតិ	1.029 / (11)	0% / 59.99%	9430
ព្រមតាម	1.029 / (11)	0% / 59.99%	9431
អាឆ្កែ	1.029 / (11)	0% / 59.99%	9432
ប្រហិត	1.029 / (11)	0% / 59.99%	9433
តៀម	1.029 / (11)	0% / 59.99%	9434
ឯនេះ	1.029 / (11)	0% / 59.99%	9435
បរិបូរ	1.029 / (11)	0% / 59.99%	9436
ទទួលខុស	1.029 / (11)	0% / 59.99%	9437
ព្រួតគ្នា	1.029 / (11)	0% / 59.99%	9438
ត្រើយម្ខាង	1.029 / (11)	0% / 59.99%	9439
ស្ងើចសរសើរ	1.029 / (11)	0% / 59.99%	9440
ពរជ័យ	1.029 / (11)	0% / 59.99%	9441
ស្អក	1.029 / (11)	0% / 59.99%	9442
វីរិយ	1.029 / (11)	0% / 59.99%	9443
ទន្ត	1.029 / (11)	0% / 59.99%	9444
កន្លុកកន្លៀត	1.029 / (11)	0% / 59.99%	9445
ផ្លូវទឹក	1.029 / (11)	0% / 59.99%	9446
ឋាននរក	1.029 / (11)	0% / 59.99%	9447
អាងហែលទឹក	1.029 / (11)	0% / 59.99%	9448
មានភ័ព្វ	1.029 / (11)	0% / 59.99%	9449
ចំរើនរុងរឿង	1.029 / (11)	0% / 59.99%	9450
កណ្ដោច	1.029 / (11)	0% / 59.99%	9451
ខ្មូត	1.029 / (11)	0% / 59.99%	9452
ហត្ថា	1.029 / (11)	0% / 59.99%	9453
សុវណ្ណគត	1.029 / (11)	0% / 59.99%	9454
មានការងារ	1.029 / (11)	0% / 59.99%	9455
ការិយាធិបតេយ្យ	1.029 / (11)	0% / 59.99%	9456
ជាយូរមកហើយ	1.029 / (11)	0% / 59.99%	9457
អញ្ញត្រសព្ទ	1.029 / (11)	0% / 59.99%	9458
នាយសេនាធិការ	1.029 / (11)	0% / 59.99%	9459
រសាប់រសល់	1.029 / (11)	0% / 59.99%	9460
ពីរៀន	1.029 / (11)	0% / 59.99%	9461
ព្រះស្ដែង	1.029 / (11)	0% / 59.99%	9462
បាតាល	1.029 / (11)	0% / 59.99%	9463
ពិតមែនហើយ	1.029 / (11)	0% / 59.99%	9464
លាំង	1.029 / (11)	0% / 59.99%	9465
អម្បាលម៉ាន	1.029 / (11)	0% / 59.99%	9466
កួរ	1.029 / (11)	0% / 59.99%	9467
អ្នកជាតិនិយម	1.029 / (11)	0% / 59.99%	9468
យមបាល	1.029 / (11)	0% / 59.99%	9469
រអៀស	1.029 / (11)	0% / 59.99%	9470
ជានិរន្តរ៍	1.029 / (11)	0% / 59.99%	9471
បារាយ	1.029 / (11)	0% / 59.99%	9472
វិវឌ្ឍ	1.029 / (11)	0% / 59.99%	9473
ទុក្ខទោស	1.029 / (11)	0% / 59.99%	9474
លោកធំ	1.029 / (11)	0% / 59.99%	9475
សាឡាត់	1.029 / (11)	0% / 59.99%	9476
ចេញប្រកាស	1.029 / (11)	0% / 59.99%	9477
លង្ហិន	1.029 / (11)	0% / 59.99%	9478
ម៉ែឳ	1.029 / (11)	0% / 59.99%	9479
កន្លង់	1.029 / (11)	0% / 59.99%	9480
ដកពិសោធ	1.029 / (11)	0% / 59.99%	9481
វិញទៀត	1.029 / (11)	0% / 59.99%	9482
ត្រូវមាត់	1.029 / (11)	0% / 59.99%	9483
សេអ៊ូល	1.029 / (11)	0% / 59.99%	9484
ពេបជ្រាយ	1.029 / (11)	0% / 59.99%	9485
ការអនុញ្ញាត	1.029 / (11)	0% / 59.99%	9486
ឆ្នាំឆ្លូវ	1.029 / (11)	0% / 59.99%	9487
ក្រៅពីហ្នឹង	1.029 / (11)	0% / 59.99%	9488
សំរន់	1.029 / (11)	0% / 59.99%	9489
ប្រមល់	1.029 / (11)	0% / 59.99%	9490
មួយម៉ឺន	1.029 / (11)	0% / 59.99%	9491
សាវ៉ា	1.029 / (11)	0% / 59.99%	9492
នៅទីបំផុត	1.029 / (11)	0% / 59.99%	9493
ភ្លឹង	1.029 / (11)	0% / 59.99%	9494
ថ្កើងថ្កាន	1.029 / (11)	0% / 59.99%	9495
សច្ចាប្រណិធាន	1.029 / (11)	0% / 59.99%	9496
ស្មុំ	1.029 / (11)	0% / 59.99%	9497
កញ្ជ្រឹល	1.029 / (11)	0% / 59.99%	9498
ព្រះបន្ទូល	1.029 / (11)	0% / 59.99%	9499
គង់វង់	1.029 / (11)	0% / 59.99%	9500
អ្នកនេសាទ	1.029 / (11)	0% / 59.99%	9501
លាត់	1.029 / (11)	0% / 59.99%	9502
សាហាវយង់ឃ្នង	1.029 / (11)	0% / 59.99%	9503
ពង្វាង	1.029 / (11)	0% / 59.99%	9504
ស្នប់	1.029 / (11)	0% / 59.99%	9505
នឹកស្រុក	1.029 / (11)	0% / 59.99%	9506
ជាងគំនូរ	1.029 / (11)	0% / 60%	9507
គំរោះ	1.029 / (11)	0% / 60%	9508
ធ្មប់	1.029 / (11)	0% / 60%	9509
គ្រានេះ	1.029 / (11)	0% / 60%	9510
ចម្រឹង	1.029 / (11)	0% / 60%	9511
កំហាត	1.029 / (11)	0% / 60%	9512
លេចចេញ	1.029 / (11)	0% / 60%	9513
ពលំ	1.029 / (11)	0% / 60%	9514
មានសំណាង	1.029 / (11)	0% / 60%	9515
ចេញដីកាកោះ	0.936 / (10)	0% / 60%	9516
ប្រសិទ្ធី	0.936 / (10)	0% / 60%	9517
ភាគទាន	0.936 / (10)	0% / 60%	9518
បង្កាត់ពូជ	0.936 / (10)	0% / 60%	9519
ទីប	0.936 / (10)	0% / 60%	9520
លាលោក	0.936 / (10)	0% / 60%	9521
ទូរៈ	0.936 / (10)	0% / 60%	9522
ផ្ទាប់	0.936 / (10)	0% / 60%	9523
ចាប់ស្លាក	0.936 / (10)	0% / 60%	9524
វេញ	0.936 / (10)	0% / 60%	9525
ថ្ងៃលិច	0.936 / (10)	0% / 60%	9526
ចិត្តសប្បុរស	0.936 / (10)	0% / 60%	9527
រដ្ឋមន្ត្រីការបរទេស	0.936 / (10)	0% / 60%	9528
រវែង	0.936 / (10)	0% / 60%	9529
ហីនយាន	0.936 / (10)	0% / 60%	9530
ការពិសោធន៍	0.936 / (10)	0% / 60%	9531
ស្រប់	0.936 / (10)	0% / 60%	9532
កម្សោយ	0.936 / (10)	0% / 60%	9533
ពាយព្យ	0.936 / (10)	0% / 60%	9534
ខាំង	0.936 / (10)	0% / 60%	9535
ម្កាក់	0.936 / (10)	0% / 60%	9536
តង្ករ	0.936 / (10)	0% / 60%	9537
កកិត	0.936 / (10)	0% / 60%	9538
ក្រាបទូល	0.936 / (10)	0% / 60%	9539
មុទ្ធជៈ	0.936 / (10)	0% / 60%	9540
សហករណ៍	0.936 / (10)	0% / 60%	9541
កាត់យល់	0.936 / (10)	0% / 60%	9542
ដើមពេល	0.936 / (10)	0% / 60%	9543
រំជា	0.936 / (10)	0% / 60%	9544
កំបោរ	0.936 / (10)	0% / 60%	9545
ច្រំដែល	0.936 / (10)	0% / 60%	9546
ថេរវាទ	0.936 / (10)	0% / 60%	9547
សមាសភាគ	0.936 / (10)	0% / 60%	9548
កាឡា	0.936 / (10)	0% / 60%	9549
ខ្ទុះ	0.936 / (10)	0% / 60%	9550
បណ្ដាក់ទុន	0.936 / (10)	0% / 60%	9551
រំពារ	0.936 / (10)	0% / 60%	9552
ភ្នំដងរែក	0.936 / (10)	0% / 60%	9553
បង្រុះ	0.936 / (10)	0% / 60%	9554
បន្តក់	0.936 / (10)	0% / 60%	9555
បាយទឹក	0.936 / (10)	0% / 60%	9556
ពោធិចិនតុង	0.936 / (10)	0% / 60%	9557
អំពីអ្វី	0.936 / (10)	0% / 60%	9558
ឥទ្ធិ	0.936 / (10)	0% / 60%	9559
ឈឺចិត្ត	0.936 / (10)	0% / 60%	9560
វាច	0.936 / (10)	0% / 60%	9561
អ្នករក	0.936 / (10)	0% / 60%	9562
តិះ	0.936 / (10)	0% / 60%	9563
កាលានុវត្ត	0.936 / (10)	0% / 60%	9564
ចៅហ្វាយខេត្ត	0.936 / (10)	0% / 60%	9565
សមូហកម្ម	0.936 / (10)	0% / 60%	9566
ពិច័យ	0.936 / (10)	0% / 60%	9567
នៅក្នុងបន្ទប់	0.936 / (10)	0% / 60%	9568
ថមថយ	0.936 / (10)	0% / 60%	9569
បង្រួញ	0.936 / (10)	0% / 60%	9570
ច្រឹប	0.936 / (10)	0% / 60%	9571
ម្ង៉ៃ	0.936 / (10)	0% / 60%	9572
ហេតុនេះហើយបានជា	0.936 / (10)	0% / 60%	9573
ផ្លេកបន្ទោរ	0.936 / (10)	0% / 60%	9574
សសិត	0.936 / (10)	0% / 60%	9575
កូនច្បង	0.936 / (10)	0% / 60%	9576
សុន្ទរ	0.936 / (10)	0% / 60%	9577
បូព៌	0.936 / (10)	0% / 60%	9578
អន្សង	0.936 / (10)	0% / 60%	9579
ខាម	0.936 / (10)	0% / 60%	9580
សាញ	0.936 / (10)	0% / 60%	9581
រួន	0.936 / (10)	0% / 60%	9582
ពុទ្ធចក្រ	0.936 / (10)	0% / 60%	9583
វិច្ឆេទកម្ម	0.936 / (10)	0% / 60%	9584
កន្ទ្រាញ	0.936 / (10)	0% / 60%	9585
និយាយកាត់	0.936 / (10)	0% / 60%	9586
ដីកាសម្រេច	0.936 / (10)	0% / 60%	9587
ករណីយ	0.936 / (10)	0% / 60%	9588
រាជពិធី	0.936 / (10)	0% / 60%	9589
អង្គការលើ	0.936 / (10)	0% / 60%	9590
បង្កក	0.936 / (10)	0% / 60%	9591
សំយាប	0.936 / (10)	0% / 60%	9592
ពិចារ	0.936 / (10)	0% / 60%	9593
មីនាង	0.936 / (10)	0% / 60%	9594
កេតុមាលា	0.936 / (10)	0% / 60%	9595
ថ្ងៃកំណើត	0.936 / (10)	0% / 60%	9596
ប៉ាតណាប៉ាតណី	0.936 / (10)	0% / 60%	9597
ចាក់សាំង	0.936 / (10)	0% / 60%	9598
ចាក់ធ្មេញ	0.936 / (10)	0% / 60%	9599
រ័ត	0.936 / (10)	0% / 60%	9600
ទិនានុប្បវត្តិ	0.936 / (10)	0% / 60%	9601
ផ្សារណាត់	0.936 / (10)	0% / 60%	9602
មច្ឆជាតិ	0.936 / (10)	0% / 60%	9603
កំណែទំរង់	0.936 / (10)	0% / 60%	9604
ស្គី	0.936 / (10)	0% / 60%	9605
ចូលលេង	0.936 / (10)	0% / 60%	9606
ស្រោចទឹក	0.936 / (10)	0% / 60%	9607
បូជនីយកិច្ច	0.936 / (10)	0% / 60%	9608
បាន់	0.936 / (10)	0% / 60%	9609
ជោតិ	0.936 / (10)	0% / 60%	9610
ឆក់ប្លន់	0.936 / (10)	0% / 60%	9611
ឈ្ងប់	0.936 / (10)	0% / 60%	9612
ឫស្សីពក	0.936 / (10)	0% / 60.01%	9613
ទូលបង្គំ	0.936 / (10)	0% / 60.01%	9614
សាជី	0.936 / (10)	0% / 60.01%	9615
ខ្វាន់	0.936 / (10)	0% / 60.01%	9616
ចំណេះវិជ្ជា	0.936 / (10)	0% / 60.01%	9617
គំរើយ	0.936 / (10)	0% / 60.01%	9618
ត្រឹង	0.936 / (10)	0% / 60.01%	9619
តុកៅអី	0.936 / (10)	0% / 60.01%	9620
ព្រះព្រហ្ម	0.936 / (10)	0% / 60.01%	9621
សមាជិកភាព	0.936 / (10)	0% / 60.01%	9622
សារលិខិត	0.936 / (10)	0% / 60.01%	9623
កំអែល	0.936 / (10)	0% / 60.01%	9624
ហ៊ុនទៀន	0.936 / (10)	0% / 60.01%	9625
ណាគ្រី	0.936 / (10)	0% / 60.01%	9626
មនុស្សកុះករ	0.936 / (10)	0% / 60.01%	9627
យ៉ាងហោច	0.936 / (10)	0% / 60.01%	9628
កមល	0.936 / (10)	0% / 60.01%	9629
កសិណ	0.936 / (10)	0% / 60.01%	9630
ល្មើយ	0.936 / (10)	0% / 60.01%	9631
រំលៀក	0.936 / (10)	0% / 60.01%	9632
ត្បាញសំពត់	0.936 / (10)	0% / 60.01%	9633
លន្លោច	0.936 / (10)	0% / 60.01%	9634
គាវ	0.936 / (10)	0% / 60.01%	9635
តម្អូញ	0.936 / (10)	0% / 60.01%	9636
ទទួលយល់ព្រម	0.936 / (10)	0% / 60.01%	9637
អភិប្រាយ	0.936 / (10)	0% / 60.01%	9638
ប្រទាញប្រទង់	0.936 / (10)	0% / 60.01%	9639
ដំនៀល	0.936 / (10)	0% / 60.01%	9640
អង្រួន	0.936 / (10)	0% / 60.01%	9641
ត្រាក់	0.936 / (10)	0% / 60.01%	9642
គ្នីគ្នា	0.936 / (10)	0% / 60.01%	9643
ផាង	0.936 / (10)	0% / 60.01%	9644
តុល្យ	0.936 / (10)	0% / 60.01%	9645
ភាប	0.936 / (10)	0% / 60.01%	9646
វង្សានុវង្ស	0.936 / (10)	0% / 60.01%	9647
បន្តិចមក	0.936 / (10)	0% / 60.01%	9648
ធ្យាន	0.936 / (10)	0% / 60.01%	9649
ក្រចែះ	0.936 / (10)	0% / 60.01%	9650
មួយភាគធំ	0.936 / (10)	0% / 60.01%	9651
ក្រាប់	0.936 / (10)	0% / 60.01%	9652
វាំងនន	0.936 / (10)	0% / 60.01%	9653
ក្រឡោត	0.936 / (10)	0% / 60.01%	9654
រមៀត	0.936 / (10)	0% / 60.01%	9655
មេណាម	0.936 / (10)	0% / 60.01%	9656
អក្ខរា	0.936 / (10)	0% / 60.01%	9657
ខែន	0.936 / (10)	0% / 60.01%	9658
ពិដាន	0.936 / (10)	0% / 60.01%	9659
វ៉ាស៊ីងតោន	0.936 / (10)	0% / 60.01%	9660
ចំឡាក់	0.936 / (10)	0% / 60.01%	9661
និសា	0.936 / (10)	0% / 60.01%	9662
ថ្ងាន់	0.936 / (10)	0% / 60.01%	9663
មាលី	0.936 / (10)	0% / 60.01%	9664
ក្បាំង	0.936 / (10)	0% / 60.01%	9665
លូកដៃ	0.936 / (10)	0% / 60.01%	9666
ទីទ័លក្រ	0.936 / (10)	0% / 60.01%	9667
បញ្ជូនទាហាន	0.936 / (10)	0% / 60.01%	9668
ការសំរេច	0.936 / (10)	0% / 60.01%	9669
តួយ៉ាងដូចជា	0.936 / (10)	0% / 60.01%	9670
ការលុកលុយ	0.936 / (10)	0% / 60.01%	9671
ស្វាធ្យាយ	0.936 / (10)	0% / 60.01%	9672
គុល	0.936 / (10)	0% / 60.01%	9673
គ្រហើ	0.936 / (10)	0% / 60.01%	9674
ច្រកល្ហក	0.936 / (10)	0% / 60.01%	9675
ប្រមាត់	0.936 / (10)	0% / 60.01%	9676
ប្រូច	0.936 / (10)	0% / 60.01%	9677
គណបក្សកុម្មុយនិស្ត	0.936 / (10)	0% / 60.01%	9678
ភ្លើងរលាក	0.936 / (10)	0% / 60.01%	9679
អ្នកជួយ	0.936 / (10)	0% / 60.01%	9680
ម៉ុងហ្គោលី	0.936 / (10)	0% / 60.01%	9681
ផ្លូវបំបែក	0.936 / (10)	0% / 60.01%	9682
ជាលិកា	0.936 / (10)	0% / 60.01%	9683
ផ្លោង	0.936 / (10)	0% / 60.01%	9684
ទទួលតាម	0.936 / (10)	0% / 60.01%	9685
កំបាក់	0.936 / (10)	0% / 60.01%	9686
ជួបជុំគ្នា	0.936 / (10)	0% / 60.01%	9687
លួសបន្លា	0.936 / (10)	0% / 60.01%	9688
ហាងបាយ	0.936 / (10)	0% / 60.01%	9689
មមៃ	0.936 / (10)	0% / 60.01%	9690
ទង់ជ័យ	0.936 / (10)	0% / 60.01%	9691
អដ្ឋិសង្ខលិក	0.936 / (10)	0% / 60.01%	9692
រូបអ្នកតា	0.936 / (10)	0% / 60.01%	9693
កម្លាំងចិត្ត	0.936 / (10)	0% / 60.01%	9694
ឆ្អឹងខ្នង	0.936 / (10)	0% / 60.01%	9695
យានិក	0.936 / (10)	0% / 60.01%	9696
មិនទៀង	0.936 / (10)	0% / 60.01%	9697
វយ	0.936 / (10)	0% / 60.01%	9698
ហ្មឺង	0.936 / (10)	0% / 60.01%	9699
ទោរ	0.936 / (10)	0% / 60.01%	9700
ព្រះចន្ទ	0.936 / (10)	0% / 60.01%	9701
មូលបត្រ	0.936 / (10)	0% / 60.01%	9702
អស់គេ	0.936 / (10)	0% / 60.01%	9703
ទះកំផ្លៀង	0.936 / (10)	0% / 60.01%	9704
ខ្យល់គ	0.936 / (10)	0% / 60.01%	9705
ដូច្នេះទេឬ?	0.936 / (10)	0% / 60.01%	9706
បូករួម	0.936 / (10)	0% / 60.01%	9707
ចម្បែង	0.936 / (10)	0% / 60.01%	9708
ថ្វាត់	0.936 / (10)	0% / 60.01%	9709
កាណ៌	0.936 / (10)	0% / 60.01%	9710
សម័យថ្មី	0.936 / (10)	0% / 60.01%	9711
ពៅពន្លក	0.936 / (10)	0% / 60.01%	9712
អត់ឲ្យ	0.936 / (10)	0% / 60.01%	9713
កកកុញ	0.936 / (10)	0% / 60.01%	9714
រយាន	0.936 / (10)	0% / 60.01%	9715
ទ្រៀល	0.936 / (10)	0% / 60.01%	9716
ពង្វក់	0.936 / (10)	0% / 60.01%	9717
អស់អ្នក	0.936 / (10)	0% / 60.01%	9718
ថ្មសំលៀង	0.936 / (10)	0% / 60.02%	9719
ដុក	0.936 / (10)	0% / 60.02%	9720
សាំញ៉ាំ	0.936 / (10)	0% / 60.02%	9721
ល្ហល្ហេវ	0.936 / (10)	0% / 60.02%	9722
ឯនោះ	0.936 / (10)	0% / 60.02%	9723
ស្រាច់	0.936 / (10)	0% / 60.02%	9724
ចាប់ដៃ	0.936 / (10)	0% / 60.02%	9725
ជាតិអឺរ៉ុប	0.936 / (10)	0% / 60.02%	9726
ជាលា	0.936 / (10)	0% / 60.02%	9727
មេឃា	0.936 / (10)	0% / 60.02%	9728
វស្សានរដូវ	0.936 / (10)	0% / 60.02%	9729
ធាតុអាកាស	0.936 / (10)	0% / 60.02%	9730
ប្រគល់ឲ្យ	0.936 / (10)	0% / 60.02%	9731
អយ្យកោ	0.936 / (10)	0% / 60.02%	9732
ជក់ចិត្ត	0.936 / (10)	0% / 60.02%	9733
អ័ព្ទ	0.936 / (10)	0% / 60.02%	9734
មានអាសន្ន	0.936 / (10)	0% / 60.02%	9735
អង្វរករ	0.936 / (10)	0% / 60.02%	9736
ម៉ូដែល	0.936 / (10)	0% / 60.02%	9737
អ្នកលើ	0.936 / (10)	0% / 60.02%	9738
ត្រូវចិត្ត	0.936 / (10)	0% / 60.02%	9739
ឌីប្លូម	0.936 / (10)	0% / 60.02%	9740
សុវណ្ណកោដ្ឋ	0.936 / (10)	0% / 60.02%	9741
ភ័ព្វសំណាង	0.936 / (10)	0% / 60.02%	9742
ក្រាសសិតសក់	0.936 / (10)	0% / 60.02%	9743
ពន្ធគយ	0.936 / (10)	0% / 60.02%	9744
អន្លូង	0.936 / (10)	0% / 60.02%	9745
មិនអស់ចិត្ត	0.936 / (10)	0% / 60.02%	9746
ច្រូតកាត់	0.936 / (10)	0% / 60.02%	9747
ស្លាប់រស់	0.936 / (10)	0% / 60.02%	9748
ណាណី	0.936 / (10)	0% / 60.02%	9749
អ្ហ	0.936 / (10)	0% / 60.02%	9750
ស្ទាត់ជំនាញ	0.936 / (10)	0% / 60.02%	9751
ប្រចាប់	0.936 / (10)	0% / 60.02%	9752
ក្ដួល	0.936 / (10)	0% / 60.02%	9753
កំភ្លាញ	0.936 / (10)	0% / 60.02%	9754
ស្តូប	0.936 / (10)	0% / 60.02%	9755
ម៉េចក៏មិន	0.936 / (10)	0% / 60.02%	9756
នយោបាយសេដ្ឋកិច្ច	0.936 / (10)	0% / 60.02%	9757
បើសិនណា	0.936 / (10)	0% / 60.02%	9758
ព្រះធម៌	0.936 / (10)	0% / 60.02%	9759
អាត្មានិយម	0.936 / (10)	0% / 60.02%	9760
ហានក្លា	0.936 / (10)	0% / 60.02%	9761
ទំពែក	0.936 / (10)	0% / 60.02%	9762
វប្ប	0.936 / (10)	0% / 60.02%	9763
មានរាយ	0.936 / (10)	0% / 60.02%	9764
រដូវរងា	0.936 / (10)	0% / 60.02%	9765
រេចរឹល	0.936 / (10)	0% / 60.02%	9766
អតីតប្រធាន	0.936 / (10)	0% / 60.02%	9767
កាតូលិក	0.936 / (10)	0% / 60.02%	9768
លាហើយ	0.936 / (10)	0% / 60.02%	9769
សោកសៅ	0.936 / (10)	0% / 60.02%	9770
ចាត់ទុកជា	0.936 / (10)	0% / 60.02%	9771
ឧត្តមស្នងការ	0.936 / (10)	0% / 60.02%	9772
មួយផ្សេងទៀត	0.936 / (10)	0% / 60.02%	9773
ជាគ្នា	0.936 / (10)	0% / 60.02%	9774
នាគព័ន្ធ	0.936 / (10)	0% / 60.02%	9775
ធ្វើអំណោយ	0.936 / (10)	0% / 60.02%	9776
យល់ចិត្ត	0.936 / (10)	0% / 60.02%	9777
ផល់	0.936 / (10)	0% / 60.02%	9778
កម្ពឹស	0.936 / (10)	0% / 60.02%	9779
រួមការ	0.936 / (10)	0% / 60.02%	9780
តាវកាលិក	0.936 / (10)	0% / 60.02%	9781
មានកល	0.936 / (10)	0% / 60.02%	9782
មហារាជ	0.936 / (10)	0% / 60.02%	9783
ពិតាន	0.936 / (10)	0% / 60.02%	9784
ច្រហ	0.936 / (10)	0% / 60.02%	9785
សន្ធោ	0.936 / (10)	0% / 60.02%	9786
ពានរ	0.936 / (10)	0% / 60.02%	9787
សម្រាយ	0.936 / (10)	0% / 60.02%	9788
តបស្នង	0.936 / (10)	0% / 60.02%	9789
កាលពីប៉ុន្មាន	0.936 / (10)	0% / 60.02%	9790
បាត់ដាន	0.936 / (10)	0% / 60.02%	9791
ឱសាហ៍	0.936 / (10)	0% / 60.02%	9792
អន្ទះអន្ទែង	0.936 / (10)	0% / 60.02%	9793
របស់ក្រ	0.936 / (10)	0% / 60.02%	9794
ផ្លូន	0.936 / (10)	0% / 60.02%	9795
រួយ	0.936 / (10)	0% / 60.02%	9796
ស៊ីនួន	0.936 / (10)	0% / 60.02%	9797
ចន្ទន៍	0.936 / (10)	0% / 60.02%	9798
បំពេញបេសកកម្ម	0.936 / (10)	0% / 60.02%	9799
អ្នកចូលចិត្ត	0.936 / (10)	0% / 60.02%	9800
ស្គា	0.936 / (10)	0% / 60.02%	9801
ស្មូន	0.936 / (10)	0% / 60.02%	9802
គំរោះគំរើយ	0.936 / (10)	0% / 60.02%	9803
គំនាល់	0.936 / (10)	0% / 60.02%	9804
មានស្នាម	0.936 / (10)	0% / 60.02%	9805
នំនែក	0.936 / (10)	0% / 60.02%	9806
បតិ	0.936 / (10)	0% / 60.02%	9807
នាច	0.936 / (10)	0% / 60.02%	9808
កីឡាដ្ឋាន	0.936 / (10)	0% / 60.02%	9809
ឆោតល្ងង់	0.936 / (10)	0% / 60.02%	9810
ខ្ទិះ	0.936 / (10)	0% / 60.02%	9811
ចៀម	0.936 / (10)	0% / 60.02%	9812
ថិរវេលា	0.936 / (10)	0% / 60.02%	9813
បឋមាសាឍ	0.936 / (10)	0% / 60.02%	9814
សត្វសាហាវ	0.936 / (10)	0% / 60.02%	9815
មេកុង	0.936 / (10)	0% / 60.02%	9816
ស្រាកស្រាន្ត	0.936 / (10)	0% / 60.02%	9817
សាធារណរដ្ឋប្រជាមានិត	0.936 / (10)	0% / 60.02%	9818
ធ្វើមិនដឹង	0.936 / (10)	0% / 60.02%	9819
អុចអាល	0.842 / (9)	0% / 60.02%	9820
កូនបង	0.842 / (9)	0% / 60.02%	9821
ឃ្នើស	0.842 / (9)	0% / 60.02%	9822
បឹងបួ	0.842 / (9)	0% / 60.02%	9823
ទីទាល់	0.842 / (9)	0% / 60.02%	9824
ពុះកញ្ជ្រោល	0.842 / (9)	0% / 60.02%	9825
ហៅយក	0.842 / (9)	0% / 60.02%	9826
មកយឺត	0.842 / (9)	0% / 60.03%	9827
តពូជ	0.842 / (9)	0% / 60.03%	9828
ប្រកា	0.842 / (9)	0% / 60.03%	9829
កម្មសិក្សា	0.842 / (9)	0% / 60.03%	9830
ជើងទឹក	0.842 / (9)	0% / 60.03%	9831
ដកម៉ៃ	0.842 / (9)	0% / 60.03%	9832
យះ	0.842 / (9)	0% / 60.03%	9833
រញ៉ាំ	0.842 / (9)	0% / 60.03%	9834
បើខ្លាច	0.842 / (9)	0% / 60.03%	9835
ល្បាប់	0.842 / (9)	0% / 60.03%	9836
មុខនឹង	0.842 / (9)	0% / 60.03%	9837
រម្យទម	0.842 / (9)	0% / 60.03%	9838
ញាប់ដៃញាប់ជើង	0.842 / (9)	0% / 60.03%	9839
ចំបើង	0.842 / (9)	0% / 60.03%	9840
សិក្សាធិការ	0.842 / (9)	0% / 60.03%	9841
ហួសពី	0.842 / (9)	0% / 60.03%	9842
ពញាឮ	0.842 / (9)	0% / 60.03%	9843
មាយ	0.842 / (9)	0% / 60.03%	9844
រមួល	0.842 / (9)	0% / 60.03%	9845
ដំអក់	0.842 / (9)	0% / 60.03%	9846
រត់ចោលស្រុក	0.842 / (9)	0% / 60.03%	9847
ទេព្រក្ស	0.842 / (9)	0% / 60.03%	9848
អត់ធន់	0.842 / (9)	0% / 60.03%	9849
បើទុកជា	0.842 / (9)	0% / 60.03%	9850
បដិញ្ញា	0.842 / (9)	0% / 60.03%	9851
ក្រពុំ	0.842 / (9)	0% / 60.03%	9852
កសាងជាតិ	0.842 / (9)	0% / 60.03%	9853
រោលរាល	0.842 / (9)	0% / 60.03%	9854
លេបថ្នាំ	0.842 / (9)	0% / 60.03%	9855
ពពាយ	0.842 / (9)	0% / 60.03%	9856
ឧទាន	0.842 / (9)	0% / 60.03%	9857
ឆ្នាំមមែ	0.842 / (9)	0% / 60.03%	9858
ចោរហារយ	0.842 / (9)	0% / 60.03%	9859
កន្លែងនៅ	0.842 / (9)	0% / 60.03%	9860
ឡាំប៉ា	0.842 / (9)	0% / 60.03%	9861
ដាច	0.842 / (9)	0% / 60.03%	9862
មុនម៉ោង	0.842 / (9)	0% / 60.03%	9863
អនុសេនីយ៍ត្រី	0.842 / (9)	0% / 60.03%	9864
បដិសណ្ឋារៈ	0.842 / (9)	0% / 60.03%	9865
ស៊ីញេ	0.842 / (9)	0% / 60.03%	9866
ព្រះរាជបុត្រី	0.842 / (9)	0% / 60.03%	9867
ចានក្បាន	0.842 / (9)	0% / 60.03%	9868
ព្រះវស្សា	0.842 / (9)	0% / 60.03%	9869
អង្ករសំរូប	0.842 / (9)	0% / 60.03%	9870
យល់សប្តិ	0.842 / (9)	0% / 60.03%	9871
ខុសធ្លោយ	0.842 / (9)	0% / 60.03%	9872
រួចពី	0.842 / (9)	0% / 60.03%	9873
រ៉ាដា	0.842 / (9)	0% / 60.03%	9874
តាំងខ្លួនជា	0.842 / (9)	0% / 60.03%	9875
ចៅហ្វាយនាយ	0.842 / (9)	0% / 60.03%	9876
ត្រេកត្រអាល	0.842 / (9)	0% / 60.03%	9877
កាលវិភាគ	0.842 / (9)	0% / 60.03%	9878
រចនាប័ទ្ម	0.842 / (9)	0% / 60.03%	9879
ស្វាមីភរិយា	0.842 / (9)	0% / 60.03%	9880
ស្រពាប់ស្រពោន	0.842 / (9)	0% / 60.03%	9881
ផ្កាប់មុខ	0.842 / (9)	0% / 60.03%	9882
មោហៈ	0.842 / (9)	0% / 60.03%	9883
ម្ចាស់ទ្រព្យ	0.842 / (9)	0% / 60.03%	9884
ចំហាយ	0.842 / (9)	0% / 60.03%	9885
តែន	0.842 / (9)	0% / 60.03%	9886
ចេះចាំ	0.842 / (9)	0% / 60.03%	9887
ឆើយ	0.842 / (9)	0% / 60.03%	9888
ប្រសិទ្ធពរ	0.842 / (9)	0% / 60.03%	9889
ពិជ័យ	0.842 / (9)	0% / 60.03%	9890
ភត្តាហារ	0.842 / (9)	0% / 60.03%	9891
ទទួលខ្លួន	0.842 / (9)	0% / 60.03%	9892
ម្សៅស៊ុប	0.842 / (9)	0% / 60.03%	9893
ហឺត	0.842 / (9)	0% / 60.03%	9894
ភ្លេងភ្លាត់	0.842 / (9)	0% / 60.03%	9895
ដង្ហោយ	0.842 / (9)	0% / 60.03%	9896
លើគោក	0.842 / (9)	0% / 60.03%	9897
គ្រឿងផ្ទុះ	0.842 / (9)	0% / 60.03%	9898
អង្រុត	0.842 / (9)	0% / 60.03%	9899
ខ្យា	0.842 / (9)	0% / 60.03%	9900
ហ្វឹក	0.842 / (9)	0% / 60.03%	9901
នារីរ័ត្ន	0.842 / (9)	0% / 60.03%	9902
គោតម	0.842 / (9)	0% / 60.03%	9903
ហៀបនឹង	0.842 / (9)	0% / 60.03%	9904
ខនិជ	0.842 / (9)	0% / 60.03%	9905
ភយន្តរាយ	0.842 / (9)	0% / 60.03%	9906
នាវិក	0.842 / (9)	0% / 60.03%	9907
ប្រទះឃើញ	0.842 / (9)	0% / 60.03%	9908
ខ្ចរ	0.842 / (9)	0% / 60.03%	9909
វិបស្សនា	0.842 / (9)	0% / 60.03%	9910
ព្រះលោហិត	0.842 / (9)	0% / 60.03%	9911
មើលមិនឃើញ	0.842 / (9)	0% / 60.03%	9912
ពីតូច	0.842 / (9)	0% / 60.03%	9913
វិសាខបូជា	0.842 / (9)	0% / 60.03%	9914
មិនខ្ចី	0.842 / (9)	0% / 60.03%	9915
ប៉ុននោះ	0.842 / (9)	0% / 60.03%	9916
រញង់	0.842 / (9)	0% / 60.03%	9917
ឃ្លេ	0.842 / (9)	0% / 60.03%	9918
ខាងយើង	0.842 / (9)	0% / 60.03%	9919
ចុកចាប់	0.842 / (9)	0% / 60.03%	9920
ចាស់ដៃ	0.842 / (9)	0% / 60.03%	9921
រ៉ាង	0.842 / (9)	0% / 60.03%	9922
ដំណាំស្រូវ	0.842 / (9)	0% / 60.03%	9923
រូបគំនូរ	0.842 / (9)	0% / 60.03%	9924
ក្លស់	0.842 / (9)	0% / 60.03%	9925
អន្ទះសា	0.842 / (9)	0% / 60.03%	9926
ស្គុះ	0.842 / (9)	0% / 60.03%	9927
រាជបុត្រី	0.842 / (9)	0% / 60.03%	9928
ថ្នាក់ខ្ពស់	0.842 / (9)	0% / 60.03%	9929
ប្រឡោះ	0.842 / (9)	0% / 60.03%	9930
វត្ថុបុរាណ	0.842 / (9)	0% / 60.03%	9931
បញ្ច	0.842 / (9)	0% / 60.03%	9932
មគ្គនាយិកា	0.842 / (9)	0% / 60.03%	9933
ឆ្នុក	0.842 / (9)	0% / 60.03%	9934
ដែនដីខ្មែរ	0.842 / (9)	0% / 60.03%	9935
ព្យួរក	0.842 / (9)	0% / 60.03%	9936
យប់ងងឹត	0.842 / (9)	0% / 60.03%	9937
សៃយ៉ឺន	0.842 / (9)	0% / 60.03%	9938
ស្រឡូន	0.842 / (9)	0% / 60.03%	9939
បំលាស់	0.842 / (9)	0% / 60.03%	9940
ក្រមការ	0.842 / (9)	0% / 60.03%	9941
អគ្គិភ័យ	0.842 / (9)	0% / 60.03%	9942
បុណ្យណូអែល	0.842 / (9)	0% / 60.03%	9943
ទ្រុត	0.842 / (9)	0% / 60.03%	9944
ស៊ើបការណ៍	0.842 / (9)	0% / 60.03%	9945
ទ្រុប	0.842 / (9)	0% / 60.04%	9946
ក្រត	0.842 / (9)	0% / 60.04%	9947
ក្រោមអធិបតីភាព	0.842 / (9)	0% / 60.04%	9948
ផាឌិប	0.842 / (9)	0% / 60.04%	9949
វាយឆ្មក់	0.842 / (9)	0% / 60.04%	9950
អនុស្សារ	0.842 / (9)	0% / 60.04%	9951
អ្នកជំនួញ	0.842 / (9)	0% / 60.04%	9952
ថែន	0.842 / (9)	0% / 60.04%	9953
ចិញ្ចាច	0.842 / (9)	0% / 60.04%	9954
ភ្នំភ្លើង	0.842 / (9)	0% / 60.04%	9955
កក្រោះ	0.842 / (9)	0% / 60.04%	9956
កំចី	0.842 / (9)	0% / 60.04%	9957
មន្ទិលសង្ស័យ	0.842 / (9)	0% / 60.04%	9958
មិល្លីក្រាម	0.842 / (9)	0% / 60.04%	9959
ឬអ្វី	0.842 / (9)	0% / 60.04%	9960
ហាលថ្ងៃ	0.842 / (9)	0% / 60.04%	9961
ពេលរសៀល	0.842 / (9)	0% / 60.04%	9962
វាយស្គរ	0.842 / (9)	0% / 60.04%	9963
អាវយឺត	0.842 / (9)	0% / 60.04%	9964
ស្អុយរលួយ	0.842 / (9)	0% / 60.04%	9965
នៅពីក្រោយខ្នង	0.842 / (9)	0% / 60.04%	9966
បារាំ	0.842 / (9)	0% / 60.04%	9967
បាឋកថា	0.842 / (9)	0% / 60.04%	9968
ធ្នាក់	0.842 / (9)	0% / 60.04%	9969
ឧទ្ទេស	0.842 / (9)	0% / 60.04%	9970
ប៉ោឡែ	0.842 / (9)	0% / 60.04%	9971
រួមបញ្ចូល	0.842 / (9)	0% / 60.04%	9972
កំភួនជើង	0.842 / (9)	0% / 60.04%	9973
សង្គ្រាមស៊ីវិល	0.842 / (9)	0% / 60.04%	9974
ចុះក្រែង	0.842 / (9)	0% / 60.04%	9975
បុកអង្ករ	0.842 / (9)	0% / 60.04%	9976
ឆ្កៀល	0.842 / (9)	0% / 60.04%	9977
ទម្រន់	0.842 / (9)	0% / 60.04%	9978
បរាមុខ	0.842 / (9)	0% / 60.04%	9979
ល្អឯក	0.842 / (9)	0% / 60.04%	9980
សាវម៉ាវ	0.842 / (9)	0% / 60.04%	9981
ជាអំណោយ	0.842 / (9)	0% / 60.04%	9982
ក្លំ	0.842 / (9)	0% / 60.04%	9983
គុណវិបត្តិ	0.842 / (9)	0% / 60.04%	9984
ចតុម្មុខ	0.842 / (9)	0% / 60.04%	9985
ជាត	0.842 / (9)	0% / 60.04%	9986
អន្តេវាសិក	0.842 / (9)	0% / 60.04%	9987
គរុសិស្ស	0.842 / (9)	0% / 60.04%	9988
ក្រលំបាក	0.842 / (9)	0% / 60.04%	9989
វេចា	0.842 / (9)	0% / 60.04%	9990
អនុគណ	0.842 / (9)	0% / 60.04%	9991
ស្រមុក	0.842 / (9)	0% / 60.04%	9992
បន្ទាយឆ្មារ	0.842 / (9)	0% / 60.04%	9993
ការគួរសម	0.842 / (9)	0% / 60.04%	9994
គ្រហឹម	0.842 / (9)	0% / 60.04%	9995
រាបទាប	0.842 / (9)	0% / 60.04%	9996
ឥណ្ឌូ	0.842 / (9)	0% / 60.04%	9997
សរសេរសំបុត្រ	0.842 / (9)	0% / 60.04%	9998
លាគ្នា	0.842 / (9)	0% / 60.04%	9999
ទ្រហោយំ	0.842 / (9)	0% / 60.04%	10000
កត្តិក	0.842 / (9)	0% / 60.04%	10001
នាយសំពៅ	0.842 / (9)	0% / 60.04%	10002
ស្កក	0.842 / (9)	0% / 60.04%	10003
ជាតិពុល	0.842 / (9)	0% / 60.04%	10004
ឆ្លូវ	0.842 / (9)	0% / 60.04%	10005
ព្រឹកស្អែក	0.842 / (9)	0% / 60.04%	10006
បិទមុខ	0.842 / (9)	0% / 60.04%	10007
ច្រើនលើស	0.842 / (9)	0% / 60.04%	10008
ស្ទូឌីយោ	0.842 / (9)	0% / 60.04%	10009
គ្រប់ប្រការ	0.842 / (9)	0% / 60.04%	10010
ម៉េចបានជា	0.842 / (9)	0% / 60.04%	10011
ប្រុយ	0.842 / (9)	0% / 60.04%	10012
បបរមាន់	0.842 / (9)	0% / 60.04%	10013
គោញី	0.842 / (9)	0% / 60.04%	10014
ធនធានមនុស្ស	0.842 / (9)	0% / 60.04%	10015
កងទ័ពជើងគោក	0.842 / (9)	0% / 60.04%	10016
ស្ថិរ	0.842 / (9)	0% / 60.04%	10017
ប្រឡងជាប់	0.842 / (9)	0% / 60.04%	10018
គគ្រិច	0.842 / (9)	0% / 60.04%	10019
ខ្ទេចខ្ទាំ	0.842 / (9)	0% / 60.04%	10020
ខ្លូត	0.842 / (9)	0% / 60.04%	10021
ខ្លួននេះ	0.842 / (9)	0% / 60.04%	10022
លោហៈ	0.842 / (9)	0% / 60.04%	10023
ភ័ព្វវាសនា	0.842 / (9)	0% / 60.04%	10024
បង្កាប់	0.842 / (9)	0% / 60.04%	10025
គុណវុឌ្ឍិ	0.842 / (9)	0% / 60.04%	10026
អ្នកវិនិយោគទុន	0.842 / (9)	0% / 60.04%	10027
ស្រុកចិន	0.842 / (9)	0% / 60.04%	10028
ចំណងដៃ	0.842 / (9)	0% / 60.04%	10029
ពេលសំរាក	0.842 / (9)	0% / 60.04%	10030
ហ្វេ	0.842 / (9)	0% / 60.04%	10031
អុំស្រូវ	0.842 / (9)	0% / 60.04%	10032
ស្ងាប	0.842 / (9)	0% / 60.04%	10033
គូគ្រង	0.842 / (9)	0% / 60.04%	10034
ស្ទៃអង្ករ	0.842 / (9)	0% / 60.04%	10035
តំរិះ	0.842 / (9)	0% / 60.04%	10036
ទទូរ	0.842 / (9)	0% / 60.04%	10037
មធុបាយាស	0.842 / (9)	0% / 60.04%	10038
បុគ្គលិកលក្ខណៈ	0.842 / (9)	0% / 60.04%	10039
ក្រសោប	0.842 / (9)	0% / 60.04%	10040
ពុទ្ធសាសនិកជន	0.842 / (9)	0% / 60.04%	10041
ដល់កំរិត	0.842 / (9)	0% / 60.04%	10042
តម្លោះ	0.842 / (9)	0% / 60.04%	10043
អាព្រើល	0.842 / (9)	0% / 60.04%	10044
ខុសវិន័យ	0.842 / (9)	0% / 60.04%	10045
កាពិ	0.842 / (9)	0% / 60.04%	10046
សារធម្ម	0.842 / (9)	0% / 60.04%	10047
ស៊ីសាច់	0.842 / (9)	0% / 60.04%	10048
ពិកា	0.842 / (9)	0% / 60.04%	10049
វីរជន	0.842 / (9)	0% / 60.04%	10050
កិនអង្ករ	0.842 / (9)	0% / 60.04%	10051
ហានិយភ័យ	0.842 / (9)	0% / 60.04%	10052
ដោច	0.842 / (9)	0% / 60.04%	10053
មាត្រដ្ឋាន	0.842 / (9)	0% / 60.04%	10054
ច្រោក	0.842 / (9)	0% / 60.04%	10055
កៅសិប	0.842 / (9)	0% / 60.04%	10056
កន្ថោរ	0.842 / (9)	0% / 60.04%	10057
ចា៎ះ	0.842 / (9)	0% / 60.04%	10058
និន្ទ្រា	0.842 / (9)	0% / 60.04%	10059
កែសំរួល	0.842 / (9)	0% / 60.04%	10060
ជាទំងន់	0.842 / (9)	0% / 60.04%	10061
អុបទិក	0.842 / (9)	0% / 60.04%	10062
សង្រេង	0.842 / (9)	0% / 60.04%	10063
ចុតហ្មាយ	0.842 / (9)	0% / 60.05%	10064
វោ	0.842 / (9)	0% / 60.05%	10065
ស្បៀងអាហារ	0.842 / (9)	0% / 60.05%	10066
ក្រេវក្រោធ	0.842 / (9)	0% / 60.05%	10067
ខ្វិត	0.842 / (9)	0% / 60.05%	10068
ទូកង	0.842 / (9)	0% / 60.05%	10069
ស័ក្តិសម	0.842 / (9)	0% / 60.05%	10070
ក្រឡាច់	0.842 / (9)	0% / 60.05%	10071
ស្មឹង	0.842 / (9)	0% / 60.05%	10072
រ៉ែត	0.842 / (9)	0% / 60.05%	10073
ដាច់ស្រេច	0.842 / (9)	0% / 60.05%	10074
ជ្រងំ	0.842 / (9)	0% / 60.05%	10075
រ៉ូម៉ាំង	0.842 / (9)	0% / 60.05%	10076
នព្វ	0.842 / (9)	0% / 60.05%	10077
ចន្ទាស	0.842 / (9)	0% / 60.05%	10078
វ៉ាល	0.842 / (9)	0% / 60.05%	10079
ក្ដោបក្ដាប់	0.842 / (9)	0% / 60.05%	10080
អាចារ្យវត្ត	0.842 / (9)	0% / 60.05%	10081
ជំរៅ	0.842 / (9)	0% / 60.05%	10082
សម្លសម្លុក	0.842 / (9)	0% / 60.05%	10083
មេធា	0.842 / (9)	0% / 60.05%	10084
ប្រឈមមុខនឹង	0.842 / (9)	0% / 60.05%	10085
អន់ចិត្ត	0.842 / (9)	0% / 60.05%	10086
កូនភ្លោះ	0.842 / (9)	0% / 60.05%	10087
ចំពោះតែ	0.842 / (9)	0% / 60.05%	10088
បំរះ	0.842 / (9)	0% / 60.05%	10089
ផើយ	0.842 / (9)	0% / 60.05%	10090
លើកយកមកនិយាយ	0.842 / (9)	0% / 60.05%	10091
សំប៉ែត	0.842 / (9)	0% / 60.05%	10092
ស្លន់	0.842 / (9)	0% / 60.05%	10093
សាទុក្ខ	0.842 / (9)	0% / 60.05%	10094
ធាតុផ្សំ	0.842 / (9)	0% / 60.05%	10095
យន្តហោះកង្ហារ	0.842 / (9)	0% / 60.05%	10096
មាននិស្ស័យ	0.842 / (9)	0% / 60.05%	10097
បួនដប់	0.842 / (9)	0% / 60.05%	10098
ឈ្លើង	0.842 / (9)	0% / 60.05%	10099
យូរឆ្នាំ	0.842 / (9)	0% / 60.05%	10100
ការប្រហារ	0.842 / (9)	0% / 60.05%	10101
ប្ដឹងផ្ដល់	0.842 / (9)	0% / 60.05%	10102
រំចេក	0.842 / (9)	0% / 60.05%	10103
រៀមច្បង	0.842 / (9)	0% / 60.05%	10104
បាយខែ	0.842 / (9)	0% / 60.05%	10105
ត្រឡិន	0.842 / (9)	0% / 60.05%	10106
លើង	0.842 / (9)	0% / 60.05%	10107
តាន់តាប់	0.842 / (9)	0% / 60.05%	10108
បាក់ស្បាត	0.842 / (9)	0% / 60.05%	10109
ធ្វើមាន	0.842 / (9)	0% / 60.05%	10110
ព្រៃធំ	0.842 / (9)	0% / 60.05%	10111
មេគណ	0.842 / (9)	0% / 60.05%	10112
កើង	0.842 / (9)	0% / 60.05%	10113
ត្រីរ៉ស់	0.842 / (9)	0% / 60.05%	10114
សុគតិ	0.842 / (9)	0% / 60.05%	10115
អន្សម	0.842 / (9)	0% / 60.05%	10116
ផ្អង	0.842 / (9)	0% / 60.05%	10117
កេសរ	0.842 / (9)	0% / 60.05%	10118
មើលផ្លូវ	0.842 / (9)	0% / 60.05%	10119
បូណ៌	0.842 / (9)	0% / 60.05%	10120
លើកតែ	0.842 / (9)	0% / 60.05%	10121
ដើមឡើយ	0.842 / (9)	0% / 60.05%	10122
ក្បាក់	0.842 / (9)	0% / 60.05%	10123
អាងតែ	0.842 / (9)	0% / 60.05%	10124
កាមគុណ	0.842 / (9)	0% / 60.05%	10125
ប្រផេះ	0.842 / (9)	0% / 60.05%	10126
ព្រាងទុក	0.842 / (9)	0% / 60.05%	10127
ត្រាណត្រើយ	0.842 / (9)	0% / 60.05%	10128
ជ័យស្រី	0.842 / (9)	0% / 60.05%	10129
ប្រណម	0.842 / (9)	0% / 60.05%	10130
ជង	0.842 / (9)	0% / 60.05%	10131
កន្ទួល	0.842 / (9)	0% / 60.05%	10132
វីវរ	0.842 / (9)	0% / 60.05%	10133
ធុំក្លិន	0.842 / (9)	0% / 60.05%	10134
ថ្លាង	0.842 / (9)	0% / 60.05%	10135
រាជទាន	0.842 / (9)	0% / 60.05%	10136
គតិយុត្ត	0.842 / (9)	0% / 60.05%	10137
អព្យាក្រិតភាព	0.842 / (9)	0% / 60.05%	10138
មានប្រៀប	0.842 / (9)	0% / 60.05%	10139
ដូចតែ	0.842 / (9)	0% / 60.05%	10140
រពឹស	0.842 / (9)	0% / 60.05%	10141
ពងទឹក	0.842 / (9)	0% / 60.05%	10142
អនក្ខរភាព	0.842 / (9)	0% / 60.05%	10143
ពនេចរ	0.842 / (9)	0% / 60.05%	10144
ថេរានុត្ថេរៈ	0.842 / (9)	0% / 60.05%	10145
សទិស	0.842 / (9)	0% / 60.05%	10146
ខ្សៀ	0.842 / (9)	0% / 60.05%	10147
ឧបតោភាគី	0.842 / (9)	0% / 60.05%	10148
នាដករ	0.842 / (9)	0% / 60.05%	10149
ជរាភាព	0.842 / (9)	0% / 60.05%	10150
ស្រែង	0.842 / (9)	0% / 60.05%	10151
កែខ្លួន	0.842 / (9)	0% / 60.05%	10152
ស្ងោ	0.842 / (9)	0% / 60.05%	10153
ចាប់ហួយ	0.842 / (9)	0% / 60.05%	10154
ឆ្នាល់	0.842 / (9)	0% / 60.05%	10155
រលឹម	0.842 / (9)	0% / 60.05%	10156
មីនី	0.842 / (9)	0% / 60.05%	10157
អស់រឿង	0.749 / (8)	0% / 60.05%	10158
ទាន់ហន់	0.749 / (8)	0% / 60.05%	10159
ទស្សនាការ	0.749 / (8)	0% / 60.05%	10160
ពេញមួយថ្ងៃ	0.749 / (8)	0% / 60.05%	10161
គ្រូសូត្រស្ដាំ	0.749 / (8)	0% / 60.05%	10162
គ្រាប់កាំភ្លើង	0.749 / (8)	0% / 60.05%	10163
កុញ	0.749 / (8)	0% / 60.05%	10164
ផាស៊ី	0.749 / (8)	0% / 60.05%	10165
ត្រង់សេ	0.749 / (8)	0% / 60.05%	10166
ត្រាន	0.749 / (8)	0% / 60.05%	10167
ស្លស្លុក	0.749 / (8)	0% / 60.05%	10168
ម៉ានីល	0.749 / (8)	0% / 60.05%	10169
រវីរវល់	0.749 / (8)	0% / 60.05%	10170
ពេញបន្ទុក	0.749 / (8)	0% / 60.05%	10171
បង្ហាញខ្លួន	0.749 / (8)	0% / 60.05%	10172
គ្រឿងសំណង់	0.749 / (8)	0% / 60.05%	10173
និទ្រា	0.749 / (8)	0% / 60.05%	10174
ថៃឡង់ដ៍	0.749 / (8)	0% / 60.05%	10175
បញ្ជរ	0.749 / (8)	0% / 60.05%	10176
កំហិល	0.749 / (8)	0% / 60.05%	10177
ចំរេះ	0.749 / (8)	0% / 60.05%	10178
អ្នកអង្គម្ចាស់	0.749 / (8)	0% / 60.05%	10179
មុនបន្ទាប់	0.749 / (8)	0% / 60.05%	10180
បញ្ញត្ត	0.749 / (8)	0% / 60.05%	10181
ត្រឹមណា	0.749 / (8)	0% / 60.05%	10182
សង្រែក	0.749 / (8)	0% / 60.05%	10183
បែកកង់	0.749 / (8)	0% / 60.05%	10184
សំណប់	0.749 / (8)	0% / 60.05%	10185
ឬអី	0.749 / (8)	0% / 60.06%	10186
សីតា	0.749 / (8)	0% / 60.06%	10187
ឆ្លងផ្លូវ	0.749 / (8)	0% / 60.06%	10188
បិតរ	0.749 / (8)	0% / 60.06%	10189
បែរមុខ	0.749 / (8)	0% / 60.06%	10190
ខ្ទួយ	0.749 / (8)	0% / 60.06%	10191
ទេសន្តរប្រវេសក៍	0.749 / (8)	0% / 60.06%	10192
អរញ្ញ	0.749 / (8)	0% / 60.06%	10193
ស្លាបកាត់	0.749 / (8)	0% / 60.06%	10194
ដើមទី	0.749 / (8)	0% / 60.06%	10195
ចែងចាំង	0.749 / (8)	0% / 60.06%	10196
ឲ្យអស់ចិត្ត	0.749 / (8)	0% / 60.06%	10197
សេវនកិច្ច	0.749 / (8)	0% / 60.06%	10198
ក្នុងគុក	0.749 / (8)	0% / 60.06%	10199
ជីដូនទួត	0.749 / (8)	0% / 60.06%	10200
ផ្គាំ	0.749 / (8)	0% / 60.06%	10201
គគ្រើម	0.749 / (8)	0% / 60.06%	10202
សម្ភោរ	0.749 / (8)	0% / 60.06%	10203
សម្មត	0.749 / (8)	0% / 60.06%	10204
ក្លែប	0.749 / (8)	0% / 60.06%	10205
ទស្សនាទាន	0.749 / (8)	0% / 60.06%	10206
បាគូ	0.749 / (8)	0% / 60.06%	10207
ឈានជើង	0.749 / (8)	0% / 60.06%	10208
សូមទានជ្រាប	0.749 / (8)	0% / 60.06%	10209
រាត់	0.749 / (8)	0% / 60.06%	10210
ព្រះជាម្ចាស់	0.749 / (8)	0% / 60.06%	10211
ប្រី	0.749 / (8)	0% / 60.06%	10212
ថ្ងៃព្រហស្បតិ៍	0.749 / (8)	0% / 60.06%	10213
សាមាន្យ	0.749 / (8)	0% / 60.06%	10214
ចាមរី	0.749 / (8)	0% / 60.06%	10215
ឡឥដ្ឋ	0.749 / (8)	0% / 60.06%	10216
ជំពប់	0.749 / (8)	0% / 60.06%	10217
សឺត	0.749 / (8)	0% / 60.06%	10218
បាសក	0.749 / (8)	0% / 60.06%	10219
ប៉ែតសិប	0.749 / (8)	0% / 60.06%	10220
អ្ហូ	0.749 / (8)	0% / 60.06%	10221
ប្លាធូ	0.749 / (8)	0% / 60.06%	10222
បន្ថោក	0.749 / (8)	0% / 60.06%	10223
សំរស់	0.749 / (8)	0% / 60.06%	10224
ហើបមាត់	0.749 / (8)	0% / 60.06%	10225
ត្រឈៃ	0.749 / (8)	0% / 60.06%	10226
កន្លះម៉ោង	0.749 / (8)	0% / 60.06%	10227
រណ្ដាប់	0.749 / (8)	0% / 60.06%	10228
ជឹង	0.749 / (8)	0% / 60.06%	10229
បានសម្រេចដូចបំណង	0.749 / (8)	0% / 60.06%	10230
ទាស	0.749 / (8)	0% / 60.06%	10231
ចន្ទោល	0.749 / (8)	0% / 60.06%	10232
ប្រតាយ	0.749 / (8)	0% / 60.06%	10233
សញ្ជឹង	0.749 / (8)	0% / 60.06%	10234
រុញច្រាន	0.749 / (8)	0% / 60.06%	10235
មហាព្រហ្ម	0.749 / (8)	0% / 60.06%	10236
ឆែល	0.749 / (8)	0% / 60.06%	10237
សមាជិកសភា	0.749 / (8)	0% / 60.06%	10238
ល្បែងស៊ីសង	0.749 / (8)	0% / 60.06%	10239
វាវ	0.749 / (8)	0% / 60.06%	10240
កូប្រា	0.749 / (8)	0% / 60.06%	10241
ចំពោះខ្លួន	0.749 / (8)	0% / 60.06%	10242
ឈ្ងោកមុខ	0.749 / (8)	0% / 60.06%	10243
ប្រពន្ធដើម	0.749 / (8)	0% / 60.06%	10244
បង្កើយ	0.749 / (8)	0% / 60.06%	10245
បន្តិចទៀត	0.749 / (8)	0% / 60.06%	10246
ផន់	0.749 / (8)	0% / 60.06%	10247
សណ្ដំ	0.749 / (8)	0% / 60.06%	10248
អំពើខុស	0.749 / (8)	0% / 60.06%	10249
ពុតត្បុត	0.749 / (8)	0% / 60.06%	10250
កងពលធំ	0.749 / (8)	0% / 60.06%	10251
ការទាស់ទែង	0.749 / (8)	0% / 60.06%	10252
ទ្វារមាស	0.749 / (8)	0% / 60.06%	10253
ភូមិគ្រឹះ	0.749 / (8)	0% / 60.06%	10254
អរុណោទ័យ	0.749 / (8)	0% / 60.06%	10255
ថ្លែងប្រាប់	0.749 / (8)	0% / 60.06%	10256
ភគវា	0.749 / (8)	0% / 60.06%	10257
វិហារធម៌	0.749 / (8)	0% / 60.06%	10258
ពុទ្ធបដិមាករ	0.749 / (8)	0% / 60.06%	10259
វាំងជា	0.749 / (8)	0% / 60.06%	10260
ចាស់ជរា	0.749 / (8)	0% / 60.06%	10261
គោលិកា	0.749 / (8)	0% / 60.06%	10262
រដាច់	0.749 / (8)	0% / 60.06%	10263
ពិនិត្យពិចារណា	0.749 / (8)	0% / 60.06%	10264
រាល់រូប	0.749 / (8)	0% / 60.06%	10265
រវិច	0.749 / (8)	0% / 60.06%	10266
ស្រួចស្រាល់	0.749 / (8)	0% / 60.06%	10267
ម្រោម	0.749 / (8)	0% / 60.06%	10268
បើកុំតែ	0.749 / (8)	0% / 60.06%	10269
ភ័ស្តុ	0.749 / (8)	0% / 60.06%	10270
ផ្លូវទូត	0.749 / (8)	0% / 60.06%	10271
ស្រឡៃ	0.749 / (8)	0% / 60.06%	10272
តុកកែ	0.749 / (8)	0% / 60.06%	10273
អ្ហេះ	0.749 / (8)	0% / 60.06%	10274
អស់ពីចិត្ត	0.749 / (8)	0% / 60.06%	10275
គ្រប់ជ្រុងជ្រោយ	0.749 / (8)	0% / 60.06%	10276
លៀត	0.749 / (8)	0% / 60.06%	10277
ធ្វើគត	0.749 / (8)	0% / 60.06%	10278
ស្រីញី	0.749 / (8)	0% / 60.06%	10279
រំពេចនោះ	0.749 / (8)	0% / 60.06%	10280
សាសព្ទ	0.749 / (8)	0% / 60.06%	10281
ច្រង៉ាង	0.749 / (8)	0% / 60.06%	10282
រៀនចប់	0.749 / (8)	0% / 60.06%	10283
ញញឹមដាក់	0.749 / (8)	0% / 60.06%	10284
រាជធន	0.749 / (8)	0% / 60.06%	10285
ជីវី	0.749 / (8)	0% / 60.06%	10286
ដើមក	0.749 / (8)	0% / 60.06%	10287
អំលុង	0.749 / (8)	0% / 60.06%	10288
ស្ទោង	0.749 / (8)	0% / 60.06%	10289
ពុទ្ធឃោសាចារ្យ	0.749 / (8)	0% / 60.06%	10290
ទក្ខិណានុប្បទាន	0.749 / (8)	0% / 60.06%	10291
ស្រិល	0.749 / (8)	0% / 60.06%	10292
ចង់ងាប់	0.749 / (8)	0% / 60.06%	10293
កាណុង	0.749 / (8)	0% / 60.06%	10294
ប្រកល់	0.749 / (8)	0% / 60.06%	10295
ហក	0.749 / (8)	0% / 60.06%	10296
ផ្លែសន្ទូច	0.749 / (8)	0% / 60.06%	10297
នែប	0.749 / (8)	0% / 60.06%	10298
ក្របាស	0.749 / (8)	0% / 60.06%	10299
ក្រោយខ្នង	0.749 / (8)	0% / 60.06%	10300
កន្លែងដេក	0.749 / (8)	0% / 60.06%	10301
មានភិន	0.749 / (8)	0% / 60.06%	10302
សន្ធៅ	0.749 / (8)	0% / 60.06%	10303
យ៉ាងដូចម្ដេច	0.749 / (8)	0% / 60.06%	10304
បង្កាន់ដៃ	0.749 / (8)	0% / 60.06%	10305
តូង	0.749 / (8)	0% / 60.06%	10306
តលិក	0.749 / (8)	0% / 60.06%	10307
ជ្រួលច្របល់	0.749 / (8)	0% / 60.06%	10308
ពួកចៅ	0.749 / (8)	0% / 60.06%	10309
វត្ថុធាតុដើម	0.749 / (8)	0% / 60.06%	10310
សរជាតិ	0.749 / (8)	0% / 60.06%	10311
ល្ហិត	0.749 / (8)	0% / 60.06%	10312
មោក	0.749 / (8)	0% / 60.06%	10313
អ្នកកាន់ពុទ្ធសាសនា	0.749 / (8)	0% / 60.06%	10314
ទីដៅ	0.749 / (8)	0% / 60.06%	10315
ប្រាប់ឲ្យដឹង	0.749 / (8)	0% / 60.06%	10316
ហួសប្រមាណ	0.749 / (8)	0% / 60.06%	10317
ភូតភរ	0.749 / (8)	0% / 60.06%	10318
ព្រះវ	0.749 / (8)	0% / 60.06%	10319
សាច់ឈាម	0.749 / (8)	0% / 60.07%	10320
វត្ថិ	0.749 / (8)	0% / 60.07%	10321
ទទួលពាក្យ	0.749 / (8)	0% / 60.07%	10322
ដង្គុំ	0.749 / (8)	0% / 60.07%	10323
លើកទំនប់	0.749 / (8)	0% / 60.07%	10324
ប៊ីដុង	0.749 / (8)	0% / 60.07%	10325
បល្លង្ក	0.749 / (8)	0% / 60.07%	10326
ពឺត	0.749 / (8)	0% / 60.07%	10327
ប្រដាប់ប្រដា	0.749 / (8)	0% / 60.07%	10328
ឧកញ៉ាមហាវិនិច្ឆ័យ	0.749 / (8)	0% / 60.07%	10329
ប្ដូរផ្ដាច់	0.749 / (8)	0% / 60.07%	10330
តាមទំនើងចិត្ត	0.749 / (8)	0% / 60.07%	10331
វ៉ាលីស	0.749 / (8)	0% / 60.07%	10332
មមាច	0.749 / (8)	0% / 60.07%	10333
ទ្រនំ	0.749 / (8)	0% / 60.07%	10334
ទឹកត្នោតជូរ	0.749 / (8)	0% / 60.07%	10335
ច្បាប់ជាធរមាន	0.749 / (8)	0% / 60.07%	10336
ជិះទូក	0.749 / (8)	0% / 60.07%	10337
ព្រះនេត្រព្រះ	0.749 / (8)	0% / 60.07%	10338
លោកស្នងការ	0.749 / (8)	0% / 60.07%	10339
តៀមស្រា	0.749 / (8)	0% / 60.07%	10340
អ្នកជំទាស់	0.749 / (8)	0% / 60.07%	10341
ដើមទង	0.749 / (8)	0% / 60.07%	10342
បន្ទាប់គ្នា	0.749 / (8)	0% / 60.07%	10343
រយីករយាក	0.749 / (8)	0% / 60.07%	10344
ចចែក	0.749 / (8)	0% / 60.07%	10345
មានមន្ទិល	0.749 / (8)	0% / 60.07%	10346
ដីកាចាប់ខ្លួន	0.749 / (8)	0% / 60.07%	10347
សត្យ	0.749 / (8)	0% / 60.07%	10348
អស់ឆ្ងល់	0.749 / (8)	0% / 60.07%	10349
រកប្រពន្ធ	0.749 / (8)	0% / 60.07%	10350
ភក្សាហារ	0.749 / (8)	0% / 60.07%	10351
ផ្សែ	0.749 / (8)	0% / 60.07%	10352
ធ្វើមេ	0.749 / (8)	0% / 60.07%	10353
ជាន់គ្នា	0.749 / (8)	0% / 60.07%	10354
សមុដ្ឋាន	0.749 / (8)	0% / 60.07%	10355
ធ្វើដែល	0.749 / (8)	0% / 60.07%	10356
សារវន្ត	0.749 / (8)	0% / 60.07%	10357
ផ្លុំស្រឡៃ	0.749 / (8)	0% / 60.07%	10358
ថ្លែងពី	0.749 / (8)	0% / 60.07%	10359
បានដឹងបានឮ	0.749 / (8)	0% / 60.07%	10360
ឃ្លោក	0.749 / (8)	0% / 60.07%	10361
ឆ្លងទន្លេ	0.749 / (8)	0% / 60.07%	10362
ដោយចិត្ត	0.749 / (8)	0% / 60.07%	10363
សេចក្តីទុក្ខ	0.749 / (8)	0% / 60.07%	10364
ពីត្រឹម	0.749 / (8)	0% / 60.07%	10365
នាល	0.749 / (8)	0% / 60.07%	10366
ល្ហិតល្ហៃ	0.749 / (8)	0% / 60.07%	10367
ធៈ	0.749 / (8)	0% / 60.07%	10368
ជីរ	0.749 / (8)	0% / 60.07%	10369
អួ	0.749 / (8)	0% / 60.07%	10370
ស៊ុក	0.749 / (8)	0% / 60.07%	10371
បន្ថែ	0.749 / (8)	0% / 60.07%	10372
ដោះស្រី	0.749 / (8)	0% / 60.07%	10373
ធ្មឹង	0.749 / (8)	0% / 60.07%	10374
អាន់	0.749 / (8)	0% / 60.07%	10375
អដ្ឋិ	0.749 / (8)	0% / 60.07%	10376
លលាដ៍ក្បាល	0.749 / (8)	0% / 60.07%	10377
សូមទាន	0.749 / (8)	0% / 60.07%	10378
ពេប	0.749 / (8)	0% / 60.07%	10379
រសាប់	0.749 / (8)	0% / 60.07%	10380
ត្រសក់ស្រូវ	0.749 / (8)	0% / 60.07%	10381
រអើម	0.749 / (8)	0% / 60.07%	10382
ល្អោច	0.749 / (8)	0% / 60.07%	10383
ចង់ថា	0.749 / (8)	0% / 60.07%	10384
ពងទា	0.749 / (8)	0% / 60.07%	10385
ពាក្យចាស់	0.749 / (8)	0% / 60.07%	10386
វាយគង	0.749 / (8)	0% / 60.07%	10387
ការចាត់ចែង	0.749 / (8)	0% / 60.07%	10388
ជលសា	0.749 / (8)	0% / 60.07%	10389
មូលី	0.749 / (8)	0% / 60.07%	10390
ឲ្យវិញ	0.749 / (8)	0% / 60.07%	10391
ហត្ថកម្ម	0.749 / (8)	0% / 60.07%	10392
ទទួលទោស	0.749 / (8)	0% / 60.07%	10393
ជញ្ជួន	0.749 / (8)	0% / 60.07%	10394
លេខទូរស័ព្ទ	0.749 / (8)	0% / 60.07%	10395
បរមគ្រូ	0.749 / (8)	0% / 60.07%	10396
ច្រងាង	0.749 / (8)	0% / 60.07%	10397
ទាសា	0.749 / (8)	0% / 60.07%	10398
ពុកមាត់	0.749 / (8)	0% / 60.07%	10399
ខ្វាក់មាន់	0.749 / (8)	0% / 60.07%	10400
រាប់មិនអស់	0.749 / (8)	0% / 60.07%	10401
សេដ្ឋកិច្ចកសិកម្ម	0.749 / (8)	0% / 60.07%	10402
អ្នកជំនាញ	0.749 / (8)	0% / 60.07%	10403
ដោះគោ	0.749 / (8)	0% / 60.07%	10404
ផាស	0.749 / (8)	0% / 60.07%	10405
ពុទ្ធប្រវត្តិ	0.749 / (8)	0% / 60.07%	10406
ខ្មុក	0.749 / (8)	0% / 60.07%	10407
ពិចារណាមើល	0.749 / (8)	0% / 60.07%	10408
មនិល	0.749 / (8)	0% / 60.07%	10409
សក់រួញ	0.749 / (8)	0% / 60.07%	10410
ឆែវ	0.749 / (8)	0% / 60.07%	10411
ឃាត់ឃាំង	0.749 / (8)	0% / 60.07%	10412
ដក់ជាប់	0.749 / (8)	0% / 60.07%	10413
ភ័ស្ដុ	0.749 / (8)	0% / 60.07%	10414
ត្រោក	0.749 / (8)	0% / 60.07%	10415
ហ៊ឹក	0.749 / (8)	0% / 60.07%	10416
គ្រប់ទិស	0.749 / (8)	0% / 60.07%	10417
កូតទ្រ	0.749 / (8)	0% / 60.07%	10418
សហជីវិន	0.749 / (8)	0% / 60.07%	10419
វិបត្តិសេដ្ឋកិច្ច	0.749 / (8)	0% / 60.07%	10420
សសេះ	0.749 / (8)	0% / 60.07%	10421
ចេញលុយ	0.749 / (8)	0% / 60.07%	10422
បញ្ជោរ	0.749 / (8)	0% / 60.07%	10423
គម្រក់	0.749 / (8)	0% / 60.07%	10424
សន្លឹម	0.749 / (8)	0% / 60.07%	10425
អប្បយស	0.749 / (8)	0% / 60.07%	10426
រទេះគោ	0.749 / (8)	0% / 60.07%	10427
បង្វេច	0.749 / (8)	0% / 60.07%	10428
ចៅហ្វា	0.749 / (8)	0% / 60.07%	10429
ជាកំពូល	0.749 / (8)	0% / 60.07%	10430
យោក	0.749 / (8)	0% / 60.07%	10431
ត្របាញ់	0.749 / (8)	0% / 60.07%	10432
ចង្អុលដៃ	0.749 / (8)	0% / 60.07%	10433
បាឡែន	0.749 / (8)	0% / 60.07%	10434
ចេស	0.749 / (8)	0% / 60.07%	10435
លម្ហែ	0.749 / (8)	0% / 60.07%	10436
យាចក	0.749 / (8)	0% / 60.07%	10437
រន្ថាន់	0.749 / (8)	0% / 60.07%	10438
បាត់មុខ	0.749 / (8)	0% / 60.07%	10439
សំដៅចំ	0.749 / (8)	0% / 60.07%	10440
អស់កំលាំង	0.749 / (8)	0% / 60.07%	10441
បន្តិចក្រោយមក	0.749 / (8)	0% / 60.07%	10442
ថ្មកែវ	0.749 / (8)	0% / 60.07%	10443
ស្ថានឯកអគ្គរាជទូត	0.749 / (8)	0% / 60.07%	10444
មេអណ្ដើក	0.749 / (8)	0% / 60.07%	10445
ប្រវឹក	0.749 / (8)	0% / 60.07%	10446
អធិដ្ឋាន	0.749 / (8)	0% / 60.07%	10447
សេពគប់	0.749 / (8)	0% / 60.07%	10448
ឆ្លៅ	0.749 / (8)	0% / 60.07%	10449
នាងក្រមុំ	0.749 / (8)	0% / 60.07%	10450
សម្រង់	0.749 / (8)	0% / 60.07%	10451
វុឌ្ឍិ	0.749 / (8)	0% / 60.07%	10452
ស្រមាម	0.749 / (8)	0% / 60.08%	10453
កំប៉ាង	0.749 / (8)	0% / 60.08%	10454
ព្រះមហេសី	0.749 / (8)	0% / 60.08%	10455
លោហជាតិ	0.749 / (8)	0% / 60.08%	10456
នៅទីបញ្ចប់	0.749 / (8)	0% / 60.08%	10457
ននោង	0.749 / (8)	0% / 60.08%	10458
យោធភូមិ	0.749 / (8)	0% / 60.08%	10459
កាសិត	0.749 / (8)	0% / 60.08%	10460
មើលពីចំហៀង	0.749 / (8)	0% / 60.08%	10461
អាធ័ម	0.749 / (8)	0% / 60.08%	10462
មិនបានការ	0.749 / (8)	0% / 60.08%	10463
ងុយ	0.749 / (8)	0% / 60.08%	10464
កូនង៉ា	0.749 / (8)	0% / 60.08%	10465
ថ្លាថ្លែង	0.749 / (8)	0% / 60.08%	10466
បាត់មុខបាត់មាត់	0.749 / (8)	0% / 60.08%	10467
ជ្រលម	0.749 / (8)	0% / 60.08%	10468
សូកូឡា	0.749 / (8)	0% / 60.08%	10469
ហួងហែង	0.749 / (8)	0% / 60.08%	10470
តាមចំណាំ	0.749 / (8)	0% / 60.08%	10471
នាយខុទ្ទកាល័យ	0.749 / (8)	0% / 60.08%	10472
គងពិសី	0.749 / (8)	0% / 60.08%	10473
បេសកជន	0.749 / (8)	0% / 60.08%	10474
ខានមិនបាន	0.749 / (8)	0% / 60.08%	10475
ផ្លូវត្រូវ	0.749 / (8)	0% / 60.08%	10476
ឡក	0.749 / (8)	0% / 60.08%	10477
ញយដង	0.749 / (8)	0% / 60.08%	10478
រឹតខ្សែ	0.749 / (8)	0% / 60.08%	10479
ព្រាននារី	0.749 / (8)	0% / 60.08%	10480
ត្របកភ្នែក	0.749 / (8)	0% / 60.08%	10481
សុច	0.749 / (8)	0% / 60.08%	10482
បិទភ្នែក	0.749 / (8)	0% / 60.08%	10483
គិលានុបដ្ឋាក	0.749 / (8)	0% / 60.08%	10484
តតប	0.749 / (8)	0% / 60.08%	10485
ដុំរទេះ	0.749 / (8)	0% / 60.08%	10486
រាជទេវី	0.749 / (8)	0% / 60.08%	10487
រាជទ្រព្យ	0.749 / (8)	0% / 60.08%	10488
បង្អែបង្អង់	0.749 / (8)	0% / 60.08%	10489
ចៅប្រុស	0.749 / (8)	0% / 60.08%	10490
វឺ	0.749 / (8)	0% / 60.08%	10491
វីរនារី	0.749 / (8)	0% / 60.08%	10492
អំបុក	0.749 / (8)	0% / 60.08%	10493
សុះសាយ	0.749 / (8)	0% / 60.08%	10494
រសញ្ញា	0.749 / (8)	0% / 60.08%	10495
ត្រស្តិ	0.749 / (8)	0% / 60.08%	10496
មុខតែ	0.749 / (8)	0% / 60.08%	10497
ក្រុមជំនុំ	0.749 / (8)	0% / 60.08%	10498
រឹងរឹត	0.749 / (8)	0% / 60.08%	10499
ចូលគេង	0.749 / (8)	0% / 60.08%	10500
អបាយភូមិ	0.749 / (8)	0% / 60.08%	10501
លាញ	0.749 / (8)	0% / 60.08%	10502
អឺត	0.749 / (8)	0% / 60.08%	10503
គូររូប	0.749 / (8)	0% / 60.08%	10504
ជាពិធី	0.749 / (8)	0% / 60.08%	10505
ដើមផ្កា	0.749 / (8)	0% / 60.08%	10506
រូបល្អ	0.749 / (8)	0% / 60.08%	10507
ពេលបាយ	0.749 / (8)	0% / 60.08%	10508
រដូករណែល	0.749 / (8)	0% / 60.08%	10509
របររកស៊ី	0.749 / (8)	0% / 60.08%	10510
សង្កូវ	0.749 / (8)	0% / 60.08%	10511
មែកឈើ	0.749 / (8)	0% / 60.08%	10512
ច្បាប់ក្រម	0.749 / (8)	0% / 60.08%	10513
បរិបូណ៍	0.749 / (8)	0% / 60.08%	10514
ប៊ិះ	0.749 / (8)	0% / 60.08%	10515
នឹកនា	0.749 / (8)	0% / 60.08%	10516
អ្នកទស្សនា	0.749 / (8)	0% / 60.08%	10517
វឹប	0.749 / (8)	0% / 60.08%	10518
មានទ្រព្យ	0.749 / (8)	0% / 60.08%	10519
ដំណ	0.749 / (8)	0% / 60.08%	10520
ឆ្អេះឆ្អាប	0.749 / (8)	0% / 60.08%	10521
មហាមិត្ត	0.749 / (8)	0% / 60.08%	10522
បឹងទន្លេសាប	0.749 / (8)	0% / 60.08%	10523
ពហុព្យាង្គ	0.749 / (8)	0% / 60.08%	10524
ទម្លុះ	0.749 / (8)	0% / 60.08%	10525
ត្រណោត	0.749 / (8)	0% / 60.08%	10526
រុត	0.749 / (8)	0% / 60.08%	10527
ទឹកត្នោត	0.749 / (8)	0% / 60.08%	10528
ប្រិត	0.749 / (8)	0% / 60.08%	10529
បវេសនកាល	0.749 / (8)	0% / 60.08%	10530
អ្នកឧកញ៉ា	0.749 / (8)	0% / 60.08%	10531
ប៉ូង	0.749 / (8)	0% / 60.08%	10532
ថ្កាត់	0.749 / (8)	0% / 60.08%	10533
អយ្យ	0.749 / (8)	0% / 60.08%	10534
ពិធីសារ	0.749 / (8)	0% / 60.08%	10535
ចូលកាន់	0.749 / (8)	0% / 60.08%	10536
តាមគំនិតខ្ញុំ	0.749 / (8)	0% / 60.08%	10537
រូបា	0.749 / (8)	0% / 60.08%	10538
ចំពូក	0.749 / (8)	0% / 60.08%	10539
រាក់ជ្រៅ	0.749 / (8)	0% / 60.08%	10540
ប្លម	0.749 / (8)	0% / 60.08%	10541
ត្រីចក្រយានយន្ត	0.749 / (8)	0% / 60.08%	10542
ក្ដាំង	0.749 / (8)	0% / 60.08%	10543
ឡិន	0.749 / (8)	0% / 60.08%	10544
ដងភ្នំ	0.749 / (8)	0% / 60.08%	10545
ណូន	0.749 / (8)	0% / 60.08%	10546
ប្រាក់បៀវត្សរ៍	0.749 / (8)	0% / 60.08%	10547
ផ្នួង	0.749 / (8)	0% / 60.08%	10548
ស្ទើរគ្រប់	0.749 / (8)	0% / 60.08%	10549
ព្យុហយាត្រា	0.749 / (8)	0% / 60.08%	10550
រូប៉ា	0.749 / (8)	0% / 60.08%	10551
ធម្មាចារ្យ	0.749 / (8)	0% / 60.08%	10552
សព្វសារពើ	0.749 / (8)	0% / 60.08%	10553
ការប្រកាន់ពូជ	0.749 / (8)	0% / 60.08%	10554
ប៉ាច់	0.749 / (8)	0% / 60.08%	10555
ពពាក់ពពូន	0.749 / (8)	0% / 60.08%	10556
ហ៊ីវ	0.749 / (8)	0% / 60.08%	10557
គោរពវិន័យ	0.749 / (8)	0% / 60.08%	10558
គែ	0.749 / (8)	0% / 60.08%	10559
បញ្ញាញាណ	0.749 / (8)	0% / 60.08%	10560
ឲ្យទាន	0.749 / (8)	0% / 60.08%	10561
គ្មានចិត្ត	0.749 / (8)	0% / 60.08%	10562
បរមត្ថ	0.749 / (8)	0% / 60.08%	10563
ចំណុក	0.749 / (8)	0% / 60.08%	10564
មហាសាគរ	0.749 / (8)	0% / 60.08%	10565
ក្រចាប់	0.749 / (8)	0% / 60.08%	10566
ស៊ីបាយ	0.749 / (8)	0% / 60.08%	10567
វូប	0.749 / (8)	0% / 60.08%	10568
ដល់មុន	0.749 / (8)	0% / 60.08%	10569
ខាល	0.749 / (8)	0% / 60.08%	10570
ពាក្យគន្លឹះ	0.749 / (8)	0% / 60.08%	10571
ធ្វើទុក្ខ	0.749 / (8)	0% / 60.08%	10572
នាងស្រី	0.749 / (8)	0% / 60.08%	10573
ទោម្នេញ	0.749 / (8)	0% / 60.08%	10574
កណ្ឌ	0.749 / (8)	0% / 60.08%	10575
ទទួលចុះចាញ់	0.749 / (8)	0% / 60.08%	10576
ម្ហា	0.749 / (8)	0% / 60.08%	10577
ម៉ាស៊ីនត្រជាក់	0.749 / (8)	0% / 60.08%	10578
ល្ហែ	0.749 / (8)	0% / 60.08%	10579
រាប់បញ្ចូល	0.749 / (8)	0% / 60.08%	10580
បំពេញចិត្ត	0.749 / (8)	0% / 60.08%	10581
ក្រាស	0.749 / (8)	0% / 60.08%	10582
ស្រស់ប្រិមប្រិយ	0.749 / (8)	0% / 60.08%	10583
ស្រូវប្រាំង	0.749 / (8)	0% / 60.08%	10584
ពន្ធភាព	0.749 / (8)	0% / 60.08%	10585
សតិអារម្មណ៍	0.749 / (8)	0% / 60.08%	10586
តប់ប្រមល់	0.749 / (8)	0% / 60.09%	10587
សារូ	0.749 / (8)	0% / 60.09%	10588
រង្វល់	0.749 / (8)	0% / 60.09%	10589
ឆដា	0.749 / (8)	0% / 60.09%	10590
បញ្ជាក់ឲ្យដឹង	0.655 / (7)	0% / 60.09%	10591
អុញន៏	0.655 / (7)	0% / 60.09%	10592
រខាក	0.655 / (7)	0% / 60.09%	10593
មឹក	0.655 / (7)	0% / 60.09%	10594
មួយអន្លើ	0.655 / (7)	0% / 60.09%	10595
កន្ត្រក	0.655 / (7)	0% / 60.09%	10596
ត្រៀមចាំ	0.655 / (7)	0% / 60.09%	10597
សេរ៉ូម	0.655 / (7)	0% / 60.09%	10598
ចតុប្បាទ	0.655 / (7)	0% / 60.09%	10599
ស្វេតច្ឆត្រ	0.655 / (7)	0% / 60.09%	10600
អត់ច្បាប់	0.655 / (7)	0% / 60.09%	10601
មង្ឃុត	0.655 / (7)	0% / 60.09%	10602
សព្វវចនាធិប្បាយ	0.655 / (7)	0% / 60.09%	10603
រាប់មើល	0.655 / (7)	0% / 60.09%	10604
ឲ្យប្រាក់	0.655 / (7)	0% / 60.09%	10605
ឆប	0.655 / (7)	0% / 60.09%	10606
អស់ចិត្តអស់ថ្លើម	0.655 / (7)	0% / 60.09%	10607
សទិសសព្ទ	0.655 / (7)	0% / 60.09%	10608
សួរមើល	0.655 / (7)	0% / 60.09%	10609
សមភាគ	0.655 / (7)	0% / 60.09%	10610
ម៉ែត្រការ៉េ	0.655 / (7)	0% / 60.09%	10611
អមនុស្ស	0.655 / (7)	0% / 60.09%	10612
ជៀវ	0.655 / (7)	0% / 60.09%	10613
ផ្ដាំផ្ញើ	0.655 / (7)	0% / 60.09%	10614
ដាក់ភ្នែក	0.655 / (7)	0% / 60.09%	10615
លិឍ	0.655 / (7)	0% / 60.09%	10616
ផ្ចឹក	0.655 / (7)	0% / 60.09%	10617
កាមទេព	0.655 / (7)	0% / 60.09%	10618
អភិវឌ្ឍន៍សង្គម	0.655 / (7)	0% / 60.09%	10619
យឹតយោង	0.655 / (7)	0% / 60.09%	10620
ស្កះ	0.655 / (7)	0% / 60.09%	10621
ផ្អឹប	0.655 / (7)	0% / 60.09%	10622
ដងដោយ	0.655 / (7)	0% / 60.09%	10623
ស្តរា	0.655 / (7)	0% / 60.09%	10624
លីសែង	0.655 / (7)	0% / 60.09%	10625
បរមាណូ	0.655 / (7)	0% / 60.09%	10626
លន់តួ	0.655 / (7)	0% / 60.09%	10627
ធ្វើម្ហូប	0.655 / (7)	0% / 60.09%	10628
បែកការ	0.655 / (7)	0% / 60.09%	10629
អាហារកិច្ច	0.655 / (7)	0% / 60.09%	10630
សាធារណមតិ	0.655 / (7)	0% / 60.09%	10631
ទាយិកា	0.655 / (7)	0% / 60.09%	10632
ក្រហូង	0.655 / (7)	0% / 60.09%	10633
បានចិត្ត	0.655 / (7)	0% / 60.09%	10634
របស់អ្នកណា	0.655 / (7)	0% / 60.09%	10635
តំរា	0.655 / (7)	0% / 60.09%	10636
បន្តវិជ្ជា	0.655 / (7)	0% / 60.09%	10637
បញ្ជិកា	0.655 / (7)	0% / 60.09%	10638
តែសព្វថ្ងៃ	0.655 / (7)	0% / 60.09%	10639
ពាក្យសុំ	0.655 / (7)	0% / 60.09%	10640
ផ្ងូត	0.655 / (7)	0% / 60.09%	10641
តម្កាត់	0.655 / (7)	0% / 60.09%	10642
មោឃៈ	0.655 / (7)	0% / 60.09%	10643
អាឡោះអាល័យ	0.655 / (7)	0% / 60.09%	10644
ឆ្នាស	0.655 / (7)	0% / 60.09%	10645
បូត	0.655 / (7)	0% / 60.09%	10646
កើតមុន	0.655 / (7)	0% / 60.09%	10647
ទាល់ច្រក	0.655 / (7)	0% / 60.09%	10648
លាម	0.655 / (7)	0% / 60.09%	10649
បុព្វការី	0.655 / (7)	0% / 60.09%	10650
ស្ប៉ត	0.655 / (7)	0% / 60.09%	10651
ពន្លូត	0.655 / (7)	0% / 60.09%	10652
គោកធ្លក	0.655 / (7)	0% / 60.09%	10653
របូតមាត់	0.655 / (7)	0% / 60.09%	10654
ចំប៉ី	0.655 / (7)	0% / 60.09%	10655
ថ្ងៃអាទិត្យខាងមុខនេះ	0.655 / (7)	0% / 60.09%	10656
ចិត្តអំណត់	0.655 / (7)	0% / 60.09%	10657
បារាជិក	0.655 / (7)	0% / 60.09%	10658
ថ្វាយព្រះ	0.655 / (7)	0% / 60.09%	10659
ទុទ្ទិដ្ឋិនិយម	0.655 / (7)	0% / 60.09%	10660
ចងចិត្ត	0.655 / (7)	0% / 60.09%	10661
ខ្លួនមនុស្ស	0.655 / (7)	0% / 60.09%	10662
ទេវិ	0.655 / (7)	0% / 60.09%	10663
ញញឹមញញែម	0.655 / (7)	0% / 60.09%	10664
អីតើ	0.655 / (7)	0% / 60.09%	10665
កណ្ដាស់	0.655 / (7)	0% / 60.09%	10666
ស្រួត	0.655 / (7)	0% / 60.09%	10667
ស្រាន	0.655 / (7)	0% / 60.09%	10668
ស្ថានកុងស៊ុល	0.655 / (7)	0% / 60.09%	10669
ដាច់ខ្យល់	0.655 / (7)	0% / 60.09%	10670
វរមិត្រ	0.655 / (7)	0% / 60.09%	10671
សិល្ប៍វិជ្ជា	0.655 / (7)	0% / 60.09%	10672
ល្វត	0.655 / (7)	0% / 60.09%	10673
យោគី	0.655 / (7)	0% / 60.09%	10674
ការពង្រីក	0.655 / (7)	0% / 60.09%	10675
វិភាជន៍	0.655 / (7)	0% / 60.09%	10676
មហារដ្ឋ	0.655 / (7)	0% / 60.09%	10677
កេរអាករ	0.655 / (7)	0% / 60.09%	10678
រវាំង	0.655 / (7)	0% / 60.09%	10679
ចិត្តខ្លាំង	0.655 / (7)	0% / 60.09%	10680
តុសិត	0.655 / (7)	0% / 60.09%	10681
កាត់ទទឹង	0.655 / (7)	0% / 60.09%	10682
ម៉្យាងវិញទៀត	0.655 / (7)	0% / 60.09%	10683
អវកាស	0.655 / (7)	0% / 60.09%	10684
បត់ស្ដាំ	0.655 / (7)	0% / 60.09%	10685
និយាយពីនេះពីនោះ	0.655 / (7)	0% / 60.09%	10686
ក្រវល់	0.655 / (7)	0% / 60.09%	10687
ឆ្នាំងដី	0.655 / (7)	0% / 60.09%	10688
ពព្រិច	0.655 / (7)	0% / 60.09%	10689
ផលទុន	0.655 / (7)	0% / 60.09%	10690
ផ្លាស់មក	0.655 / (7)	0% / 60.09%	10691
បែកឈាម	0.655 / (7)	0% / 60.09%	10692
ថាមពលអគ្គិសនី	0.655 / (7)	0% / 60.09%	10693
ជាច្រើនលើក	0.655 / (7)	0% / 60.09%	10694
សក្ការបូជា	0.655 / (7)	0% / 60.09%	10695
លោកេ	0.655 / (7)	0% / 60.09%	10696
ត្រសែត	0.655 / (7)	0% / 60.09%	10697
អង្កត់	0.655 / (7)	0% / 60.09%	10698
ទេវរូប	0.655 / (7)	0% / 60.09%	10699
ងាវ	0.655 / (7)	0% / 60.09%	10700
សោភណភាព	0.655 / (7)	0% / 60.09%	10701
លេខាធិការរង	0.655 / (7)	0% / 60.09%	10702
បង្កូក	0.655 / (7)	0% / 60.09%	10703
ទឹកខ្មេះ	0.655 / (7)	0% / 60.09%	10704
គ្រប់ផ្លូវ	0.655 / (7)	0% / 60.09%	10705
សេរីកា	0.655 / (7)	0% / 60.09%	10706
កញ្ច្រែង	0.655 / (7)	0% / 60.09%	10707
ក្រឲ្យ	0.655 / (7)	0% / 60.09%	10708
បរិសទ្យ	0.655 / (7)	0% / 60.09%	10709
រន្ទាល	0.655 / (7)	0% / 60.09%	10710
ក្ដឹប	0.655 / (7)	0% / 60.09%	10711
ពីចិត្ត	0.655 / (7)	0% / 60.09%	10712
វិមានរដ្ឋ	0.655 / (7)	0% / 60.09%	10713
ទីឃ	0.655 / (7)	0% / 60.09%	10714
រលើង	0.655 / (7)	0% / 60.09%	10715
សោច	0.655 / (7)	0% / 60.09%	10716
រង្គ	0.655 / (7)	0% / 60.09%	10717
វិត្ត	0.655 / (7)	0% / 60.09%	10718
រម៉ក	0.655 / (7)	0% / 60.09%	10719
ពូត	0.655 / (7)	0% / 60.09%	10720
ជាជួរ	0.655 / (7)	0% / 60.09%	10721
ព្រូស	0.655 / (7)	0% / 60.09%	10722
ជើងម្ខាង	0.655 / (7)	0% / 60.09%	10723
សំបកឈើ	0.655 / (7)	0% / 60.09%	10724
មហាសន្និបាតអង្គការសហប្រជាជាតិ	0.655 / (7)	0% / 60.09%	10725
រទូរ	0.655 / (7)	0% / 60.09%	10726
ក្រុងទេព	0.655 / (7)	0% / 60.09%	10727
ហៅភ្ញៀវ	0.655 / (7)	0% / 60.09%	10728
ព្រះសូរ	0.655 / (7)	0% / 60.09%	10729
ប្លែង	0.655 / (7)	0% / 60.09%	10730
នុំ	0.655 / (7)	0% / 60.09%	10731
ហែកហួរ	0.655 / (7)	0% / 60.09%	10732
សិល្បការ	0.655 / (7)	0% / 60.09%	10733
បញ្ចូលរូប	0.655 / (7)	0% / 60.09%	10734
មច្ឆាជាតិ	0.655 / (7)	0% / 60.09%	10735
ប៉ិល	0.655 / (7)	0% / 60.09%	10736
ពាយុ	0.655 / (7)	0% / 60.09%	10737
វិរិយ	0.655 / (7)	0% / 60.09%	10738
រញឹក	0.655 / (7)	0% / 60.1%	10739
ទមិឡ	0.655 / (7)	0% / 60.1%	10740
បឋវី	0.655 / (7)	0% / 60.1%	10741
ដើរកាត់	0.655 / (7)	0% / 60.1%	10742
តាមន័យ	0.655 / (7)	0% / 60.1%	10743
កប្ប	0.655 / (7)	0% / 60.1%	10744
រាជរោង	0.655 / (7)	0% / 60.1%	10745
បិយ	0.655 / (7)	0% / 60.1%	10746
បរិនិព្វាន	0.655 / (7)	0% / 60.1%	10747
នែបនិត្យ	0.655 / (7)	0% / 60.1%	10748
មាលតី	0.655 / (7)	0% / 60.1%	10749
បាញ់កាញ់	0.655 / (7)	0% / 60.1%	10750
ពិណ	0.655 / (7)	0% / 60.1%	10751
បទេស	0.655 / (7)	0% / 60.1%	10752
គោក្របី	0.655 / (7)	0% / 60.1%	10753
តានតឹងឡើង	0.655 / (7)	0% / 60.1%	10754
នាទ	0.655 / (7)	0% / 60.1%	10755
ត្រដែ	0.655 / (7)	0% / 60.1%	10756
ផ្ដាំហើយផ្ដាំទៀត	0.655 / (7)	0% / 60.1%	10757
ផែនទីពិភពលោក	0.655 / (7)	0% / 60.1%	10758
ខណៈនេះ	0.655 / (7)	0% / 60.1%	10759
ដម្លើង	0.655 / (7)	0% / 60.1%	10760
ល្ពៅ	0.655 / (7)	0% / 60.1%	10761
ផ្សារផ្សោ	0.655 / (7)	0% / 60.1%	10762
ពេញរូបពេញរាង	0.655 / (7)	0% / 60.1%	10763
គ្រប់សព្វ	0.655 / (7)	0% / 60.1%	10764
ការបន្ទាប់បន្សំ	0.655 / (7)	0% / 60.1%	10765
ងងុល	0.655 / (7)	0% / 60.1%	10766
ទំនឹម	0.655 / (7)	0% / 60.1%	10767
បច្ឆិម	0.655 / (7)	0% / 60.1%	10768
បណ្ណាធិការ	0.655 / (7)	0% / 60.1%	10769
រទេះភ្លើង	0.655 / (7)	0% / 60.1%	10770
លែងឲ្យ	0.655 / (7)	0% / 60.1%	10771
រៀបចំខ្លួន	0.655 / (7)	0% / 60.1%	10772
ធ្លាក់ឈាម	0.655 / (7)	0% / 60.1%	10773
ត្រូវពេល	0.655 / (7)	0% / 60.1%	10774
ឧស្សាហូបនីយកម្ម	0.655 / (7)	0% / 60.1%	10775
បាយសី	0.655 / (7)	0% / 60.1%	10776
អនោតត្ត	0.655 / (7)	0% / 60.1%	10777
តាំងទី	0.655 / (7)	0% / 60.1%	10778
អត់បាយ	0.655 / (7)	0% / 60.1%	10779
ប្រជានុរាស្ត្រ	0.655 / (7)	0% / 60.1%	10780
ច្រោះ	0.655 / (7)	0% / 60.1%	10781
មហាម៉ាត់	0.655 / (7)	0% / 60.1%	10782
ដល់គ្នា	0.655 / (7)	0% / 60.1%	10783
សាច់ជ្រូក	0.655 / (7)	0% / 60.1%	10784
កេតនភណ្ឌ	0.655 / (7)	0% / 60.1%	10785
ជីកព្រែក	0.655 / (7)	0% / 60.1%	10786
ស្ករត្នោត	0.655 / (7)	0% / 60.1%	10787
ឆ្អឹងឆ្អែង	0.655 / (7)	0% / 60.1%	10788
បញ្ជាន់	0.655 / (7)	0% / 60.1%	10789
រត់មក	0.655 / (7)	0% / 60.1%	10790
ព្រលឹមឡើង	0.655 / (7)	0% / 60.1%	10791
រូបឆោមលោមពណ៌	0.655 / (7)	0% / 60.1%	10792
កណ្ដុរប្រែង	0.655 / (7)	0% / 60.1%	10793
សំរាត	0.655 / (7)	0% / 60.1%	10794
ដំណក់	0.655 / (7)	0% / 60.1%	10795
កាំរស្មី	0.655 / (7)	0% / 60.1%	10796
ម្ទេសខ្មាំង	0.655 / (7)	0% / 60.1%	10797
មហោឡារិក	0.655 / (7)	0% / 60.1%	10798
គួរណាស់តែ	0.655 / (7)	0% / 60.1%	10799
ខ្ពប	0.655 / (7)	0% / 60.1%	10800
រំអា	0.655 / (7)	0% / 60.1%	10801
ឡើងជណ្ដើរ	0.655 / (7)	0% / 60.1%	10802
កូនសម្លាញ់	0.655 / (7)	0% / 60.1%	10803
ហោមពិធី	0.655 / (7)	0% / 60.1%	10804
នក្សត្រ	0.655 / (7)	0% / 60.1%	10805
ភាក	0.655 / (7)	0% / 60.1%	10806
ស្រក់ទឹកមាត់	0.655 / (7)	0% / 60.1%	10807
បរិធាន	0.655 / (7)	0% / 60.1%	10808
ចុងជើង	0.655 / (7)	0% / 60.1%	10809
ដូចចាក់ទឹកលើក្បាលទា	0.655 / (7)	0% / 60.1%	10810
ទីឋាន	0.655 / (7)	0% / 60.1%	10811
លតាវល្លិ	0.655 / (7)	0% / 60.1%	10812
ម៉ារីន	0.655 / (7)	0% / 60.1%	10813
ឲ្យស្បៀង	0.655 / (7)	0% / 60.1%	10814
ឆៃយ៉ាំ	0.655 / (7)	0% / 60.1%	10815
ថ្កុំ	0.655 / (7)	0% / 60.1%	10816
រាប់ខុស	0.655 / (7)	0% / 60.1%	10817
សទា	0.655 / (7)	0% / 60.1%	10818
ខ្លុះ	0.655 / (7)	0% / 60.1%	10819
ជើងសា	0.655 / (7)	0% / 60.1%	10820
ជើងចាស់	0.655 / (7)	0% / 60.1%	10821
តាំងឆាយ	0.655 / (7)	0% / 60.1%	10822
ខមាទោស	0.655 / (7)	0% / 60.1%	10823
ជន្មា	0.655 / (7)	0% / 60.1%	10824
ខ្ញាក	0.655 / (7)	0% / 60.1%	10825
ក្នុងពេលនោះ	0.655 / (7)	0% / 60.1%	10826
ទើបតែនឹង	0.655 / (7)	0% / 60.1%	10827
ទ្រមក់	0.655 / (7)	0% / 60.1%	10828
ប្រពលវប្បកម្ម	0.655 / (7)	0% / 60.1%	10829
ភ្លេចរបស់	0.655 / (7)	0% / 60.1%	10830
ការសំរេចចិត្ត	0.655 / (7)	0% / 60.1%	10831
ដើរថយក្រោយ	0.655 / (7)	0% / 60.1%	10832
ចាកចោល	0.655 / (7)	0% / 60.1%	10833
អ្នករៀន	0.655 / (7)	0% / 60.1%	10834
ហ្រ្វង់	0.655 / (7)	0% / 60.1%	10835
កូនឈើ	0.655 / (7)	0% / 60.1%	10836
ជំនួយមនុស្សធម៌	0.655 / (7)	0% / 60.1%	10837
រានហាល	0.655 / (7)	0% / 60.1%	10838
រ៉េវ	0.655 / (7)	0% / 60.1%	10839
ខ្ល	0.655 / (7)	0% / 60.1%	10840
ឱស	0.655 / (7)	0% / 60.1%	10841
ទួង	0.655 / (7)	0% / 60.1%	10842
ទ្រនិច	0.655 / (7)	0% / 60.1%	10843
វិកលចរិត	0.655 / (7)	0% / 60.1%	10844
ទស្សនាចរ	0.655 / (7)	0% / 60.1%	10845
ភោជន	0.655 / (7)	0% / 60.1%	10846
សង្គមរាស្ត្រនិយម	0.655 / (7)	0% / 60.1%	10847
សំរូប	0.655 / (7)	0% / 60.1%	10848
ទ្រមាក់	0.655 / (7)	0% / 60.1%	10849
ស្អូច	0.655 / (7)	0% / 60.1%	10850
ថ្ងួច	0.655 / (7)	0% / 60.1%	10851
នាងពៅ	0.655 / (7)	0% / 60.1%	10852
ស្រពាប់	0.655 / (7)	0% / 60.1%	10853
សស្ងាច	0.655 / (7)	0% / 60.1%	10854
បោះជំហាន	0.655 / (7)	0% / 60.1%	10855
ព្រឺព្រួច	0.655 / (7)	0% / 60.1%	10856
គន្ធពិដោរ	0.655 / (7)	0% / 60.1%	10857
តុល្យការ	0.655 / (7)	0% / 60.1%	10858
អកតញ្ញូ	0.655 / (7)	0% / 60.1%	10859
ហទ័យ	0.655 / (7)	0% / 60.1%	10860
អញ្ចុះ	0.655 / (7)	0% / 60.1%	10861
ភពផែន	0.655 / (7)	0% / 60.1%	10862
បង្អើល	0.655 / (7)	0% / 60.1%	10863
សាស័ព្ទ	0.655 / (7)	0% / 60.1%	10864
តក្ក	0.655 / (7)	0% / 60.1%	10865
សព្វសាយ	0.655 / (7)	0% / 60.1%	10866
ប្អូនជីដូនមួយ	0.655 / (7)	0% / 60.1%	10867
ហេងស៊យ	0.655 / (7)	0% / 60.1%	10868
គៀង	0.655 / (7)	0% / 60.1%	10869
រហាល	0.655 / (7)	0% / 60.1%	10870
មនុស្សឃាត	0.655 / (7)	0% / 60.1%	10871
ហាងឆេង	0.655 / (7)	0% / 60.1%	10872
ក្រវៀន	0.655 / (7)	0% / 60.1%	10873
បួនជ្រុង	0.655 / (7)	0% / 60.1%	10874
ដង្កៀប	0.655 / (7)	0% / 60.1%	10875
ប៉ោត	0.655 / (7)	0% / 60.1%	10876
ចេរ	0.655 / (7)	0% / 60.1%	10877
ឯក្រោយ	0.655 / (7)	0% / 60.1%	10878
ល្មោភកាម	0.655 / (7)	0% / 60.1%	10879
ទោង	0.655 / (7)	0% / 60.1%	10880
ប្រមុខរដ្ឋាភិបាល	0.655 / (7)	0% / 60.1%	10881
មុខជំនាញ	0.655 / (7)	0% / 60.1%	10882
បាតិមោក្ខ	0.655 / (7)	0% / 60.1%	10883
អតីតជាតិ	0.655 / (7)	0% / 60.1%	10884
ដងរ៉ែក	0.655 / (7)	0% / 60.1%	10885
ធ្វើមុខ	0.655 / (7)	0% / 60.1%	10886
មុខម្ហូប	0.655 / (7)	0% / 60.1%	10887
ពែន	0.655 / (7)	0% / 60.1%	10888
ទំនាញ	0.655 / (7)	0% / 60.1%	10889
ធ្វើអន្តរាគមន៍	0.655 / (7)	0% / 60.1%	10890
អ្នកបច្ចេកទេស	0.655 / (7)	0% / 60.11%	10891
វិះ	0.655 / (7)	0% / 60.11%	10892
ពិធីជប់លៀង	0.655 / (7)	0% / 60.11%	10893
ច្រវាត់	0.655 / (7)	0% / 60.11%	10894
មេស្រុក	0.655 / (7)	0% / 60.11%	10895
ក្ដាត់	0.655 / (7)	0% / 60.11%	10896
សត្វមានជីវិត	0.655 / (7)	0% / 60.11%	10897
ភក្តី	0.655 / (7)	0% / 60.11%	10898
ការសំខាន់	0.655 / (7)	0% / 60.11%	10899
ព្រៅ	0.655 / (7)	0% / 60.11%	10900
ការពិសោធ	0.655 / (7)	0% / 60.11%	10901
កន្ត្រៃ	0.655 / (7)	0% / 60.11%	10902
ម៉ាឡាយូ	0.655 / (7)	0% / 60.11%	10903
តែលតោល	0.655 / (7)	0% / 60.11%	10904
កឹងកន្ត្រៃ	0.655 / (7)	0% / 60.11%	10905
ផ្កាឈូក	0.655 / (7)	0% / 60.11%	10906
រឹងត្អឹង	0.655 / (7)	0% / 60.11%	10907
ការនឿយហត់	0.655 / (7)	0% / 60.11%	10908
អណ្តើក	0.655 / (7)	0% / 60.11%	10909
សេវ	0.655 / (7)	0% / 60.11%	10910
មិនគ្រាន់តែ	0.655 / (7)	0% / 60.11%	10911
បបួលគ្នា	0.655 / (7)	0% / 60.11%	10912
សំរួម	0.655 / (7)	0% / 60.11%	10913
រលី	0.655 / (7)	0% / 60.11%	10914
ឈាមរាវ	0.655 / (7)	0% / 60.11%	10915
ឫសដូងបាត	0.655 / (7)	0% / 60.11%	10916
ទុកមុន	0.655 / (7)	0% / 60.11%	10917
មហស្ចារ្យ	0.655 / (7)	0% / 60.11%	10918
ដើររក	0.655 / (7)	0% / 60.11%	10919
ក្បុង	0.655 / (7)	0% / 60.11%	10920
ទាហានជើងទឹក	0.655 / (7)	0% / 60.11%	10921
ជិះសេះ	0.655 / (7)	0% / 60.11%	10922
ខ្សឹបខ្សៀវ	0.655 / (7)	0% / 60.11%	10923
ខ្មៅដៃ	0.655 / (7)	0% / 60.11%	10924
សោតាបន្ន	0.655 / (7)	0% / 60.11%	10925
គ្នាវា	0.655 / (7)	0% / 60.11%	10926
ចាប់ភ្លឹក	0.655 / (7)	0% / 60.11%	10927
លោង	0.655 / (7)	0% / 60.11%	10928
បាត់ទៅណា?	0.655 / (7)	0% / 60.11%	10929
សង្គហៈ	0.655 / (7)	0% / 60.11%	10930
សៅម៉ង	0.655 / (7)	0% / 60.11%	10931
ក្ដួច	0.655 / (7)	0% / 60.11%	10932
អភិធម្ម	0.655 / (7)	0% / 60.11%	10933
ក្ស័យធន	0.655 / (7)	0% / 60.11%	10934
ក្រៀមក្រោះ	0.655 / (7)	0% / 60.11%	10935
ក្អី	0.655 / (7)	0% / 60.11%	10936
រវិល	0.655 / (7)	0% / 60.11%	10937
មកណេះ	0.655 / (7)	0% / 60.11%	10938
មេសរាសី	0.655 / (7)	0% / 60.11%	10939
ដំណើរការណ៍	0.655 / (7)	0% / 60.11%	10940
កំណ	0.655 / (7)	0% / 60.11%	10941
ទីន័ង	0.655 / (7)	0% / 60.11%	10942
វិក្កយបត្រ	0.655 / (7)	0% / 60.11%	10943
ក្រោកឈរ	0.655 / (7)	0% / 60.11%	10944
ព្រះពុទ្ធរូប	0.655 / (7)	0% / 60.11%	10945
តេឡេហ្វូន	0.655 / (7)	0% / 60.11%	10946
មើលទៅដូចជា	0.655 / (7)	0% / 60.11%	10947
ស្រឡេត	0.655 / (7)	0% / 60.11%	10948
បោះពាក្យ	0.655 / (7)	0% / 60.11%	10949
តែទោះជាយ៉ាងណាក៏ដោយ	0.655 / (7)	0% / 60.11%	10950
លើករួច	0.655 / (7)	0% / 60.11%	10951
មើលកូន	0.655 / (7)	0% / 60.11%	10952
ខិម	0.655 / (7)	0% / 60.11%	10953
សាវឡិក	0.655 / (7)	0% / 60.11%	10954
វាតា	0.655 / (7)	0% / 60.11%	10955
កភូមិ	0.655 / (7)	0% / 60.11%	10956
ឮគេថា	0.655 / (7)	0% / 60.11%	10957
មាត់ធំ	0.655 / (7)	0% / 60.11%	10958
ចន្ទោភាស	0.655 / (7)	0% / 60.11%	10959
រំអិល	0.655 / (7)	0% / 60.11%	10960
ភាន់ច្រឡំ	0.655 / (7)	0% / 60.11%	10961
ស្គាំង	0.655 / (7)	0% / 60.11%	10962
ជាប់ជំពាក់	0.655 / (7)	0% / 60.11%	10963
បង្ហា	0.655 / (7)	0% / 60.11%	10964
មាន់គក	0.655 / (7)	0% / 60.11%	10965
បង្វក់	0.655 / (7)	0% / 60.11%	10966
សក្តា	0.655 / (7)	0% / 60.11%	10967
នខា	0.655 / (7)	0% / 60.11%	10968
ខោខ្លី	0.655 / (7)	0% / 60.11%	10969
ផ្លែស្វាយ	0.655 / (7)	0% / 60.11%	10970
មើលលែងស្គាល់	0.655 / (7)	0% / 60.11%	10971
កណ្ដុរល្មែះ	0.655 / (7)	0% / 60.11%	10972
មានគ្រួសារ	0.655 / (7)	0% / 60.11%	10973
ជំទាល	0.655 / (7)	0% / 60.11%	10974
មុសា	0.655 / (7)	0% / 60.11%	10975
ស្រេចបាច់	0.655 / (7)	0% / 60.11%	10976
មានកម្លាំង	0.655 / (7)	0% / 60.11%	10977
សែនចេញ	0.655 / (7)	0% / 60.11%	10978
ដាក់ទាន	0.655 / (7)	0% / 60.11%	10979
សាហេតុ	0.655 / (7)	0% / 60.11%	10980
ញញី	0.655 / (7)	0% / 60.11%	10981
វិចារណ៍	0.655 / (7)	0% / 60.11%	10982
ប្រមៀល	0.655 / (7)	0% / 60.11%	10983
បង្អោន	0.655 / (7)	0% / 60.11%	10984
ខ្មាំងសត្រូវ	0.655 / (7)	0% / 60.11%	10985
ល្ងៀង	0.655 / (7)	0% / 60.11%	10986
ស្របទៅតាម	0.655 / (7)	0% / 60.11%	10987
មកបន្ទាប់ពី	0.655 / (7)	0% / 60.11%	10988
ខុសធម្មតា	0.655 / (7)	0% / 60.11%	10989
របាទ	0.655 / (7)	0% / 60.11%	10990
គ្នាស្មើ	0.655 / (7)	0% / 60.11%	10991
ក្សាន	0.655 / (7)	0% / 60.11%	10992
ជ្រូកព្រៃ	0.655 / (7)	0% / 60.11%	10993
គណៈកម្មាធិការមជ្ឈិម	0.655 / (7)	0% / 60.11%	10994
ឧបនិស្ស័យ	0.655 / (7)	0% / 60.11%	10995
ស្រះស្រង់	0.655 / (7)	0% / 60.11%	10996
អធិប	0.655 / (7)	0% / 60.11%	10997
ទេល	0.655 / (7)	0% / 60.11%	10998
រៀបចំបាយ	0.655 / (7)	0% / 60.11%	10999
កែត	0.655 / (7)	0% / 60.11%	11000
សង្កា	0.655 / (7)	0% / 60.11%	11001
ទិដ្ឋានុគតិ	0.655 / (7)	0% / 60.11%	11002
ព្រះស្ដេច	0.655 / (7)	0% / 60.11%	11003
ច្រាំងទន្លេ	0.655 / (7)	0% / 60.11%	11004
ស៊ីវិល័យ	0.655 / (7)	0% / 60.11%	11005
ច្រកចេញ	0.655 / (7)	0% / 60.11%	11006
ពព្រាយ	0.655 / (7)	0% / 60.11%	11007
ច្រៀប	0.655 / (7)	0% / 60.11%	11008
បទចោទប្រកាន់	0.655 / (7)	0% / 60.11%	11009
វសុធា	0.655 / (7)	0% / 60.11%	11010
តម្កល់ទុក	0.655 / (7)	0% / 60.11%	11011
ចូលខ្លួន	0.655 / (7)	0% / 60.11%	11012
ឋបនីយភណ្ឌ	0.655 / (7)	0% / 60.11%	11013
សេវកា	0.655 / (7)	0% / 60.11%	11014
ចចាមអារាម	0.655 / (7)	0% / 60.11%	11015
ជ្រួស	0.655 / (7)	0% / 60.11%	11016
ប៉ក់	0.655 / (7)	0% / 60.11%	11017
ត្រមង់ត្រមោច	0.655 / (7)	0% / 60.11%	11018
ភ្លើន	0.655 / (7)	0% / 60.11%	11019
ពារាំង	0.655 / (7)	0% / 60.11%	11020
ជយមង្គល	0.655 / (7)	0% / 60.11%	11021
ម៉ោច	0.655 / (7)	0% / 60.11%	11022
ព្យាម	0.655 / (7)	0% / 60.11%	11023
ស្រស់បំព្រង	0.655 / (7)	0% / 60.11%	11024
រឹក	0.655 / (7)	0% / 60.11%	11025
ត្រូវលើ	0.655 / (7)	0% / 60.11%	11026
រវាងគ្នានឹងគ្នា	0.655 / (7)	0% / 60.11%	11027
គ្នាន់	0.655 / (7)	0% / 60.11%	11028
គ្រប់ជាន់ថ្នាក់	0.655 / (7)	0% / 60.11%	11029
ការប្រតិបត្តិ	0.655 / (7)	0% / 60.11%	11030
ត្រសង	0.655 / (7)	0% / 60.11%	11031
មហិទ្ធិឫទ្ធិ	0.655 / (7)	0% / 60.11%	11032
គ្រូគុន	0.655 / (7)	0% / 60.11%	11033
អស្តា	0.655 / (7)	0% / 60.11%	11034
យើងទាំងឡាយ	0.655 / (7)	0% / 60.11%	11035
បច្ចាមិត្រ	0.655 / (7)	0% / 60.11%	11036
ជាវកាសែត	0.655 / (7)	0% / 60.11%	11037
ស្រស់ស្រី	0.655 / (7)	0% / 60.11%	11038
ជាយា	0.655 / (7)	0% / 60.11%	11039
ទិសាបាមោក្ខ	0.655 / (7)	0% / 60.11%	11040
ត្បុល	0.655 / (7)	0% / 60.11%	11041
ស្ងាត់ជ្រងំ	0.655 / (7)	0% / 60.11%	11042
បន្ទាយទាហាន	0.655 / (7)	0% / 60.11%	11043
រ៉ូណេអូ	0.655 / (7)	0% / 60.12%	11044
ជំនាង	0.655 / (7)	0% / 60.12%	11045
មានសតិ	0.655 / (7)	0% / 60.12%	11046
ភស្តុភារ	0.655 / (7)	0% / 60.12%	11047
ណាត់គ្នា	0.655 / (7)	0% / 60.12%	11048
ការក្រ	0.655 / (7)	0% / 60.12%	11049
ក្រៃពេក	0.655 / (7)	0% / 60.12%	11050
រង្កៀស	0.655 / (7)	0% / 60.12%	11051
ភ្លឺស្វាង	0.655 / (7)	0% / 60.12%	11052
អតិរេក	0.655 / (7)	0% / 60.12%	11053
រតនវត្ថុ	0.655 / (7)	0% / 60.12%	11054
ទាក់ចិត្ត	0.655 / (7)	0% / 60.12%	11055
មូសុង	0.655 / (7)	0% / 60.12%	11056
ប៉ាកកា	0.655 / (7)	0% / 60.12%	11057
ចោលចេញ	0.655 / (7)	0% / 60.12%	11058
ពពិល	0.655 / (7)	0% / 60.12%	11059
ចៅទួត	0.655 / (7)	0% / 60.12%	11060
ថ្មោង	0.655 / (7)	0% / 60.12%	11061
ឆ្លេឆ្លា	0.655 / (7)	0% / 60.12%	11062
ព្រះពុទ្ធអង្គ	0.655 / (7)	0% / 60.12%	11063
យ៉ាងហ្នឹង	0.655 / (7)	0% / 60.12%	11064
យោងទៅតាម	0.655 / (7)	0% / 60.12%	11065
ហ៊ុប	0.655 / (7)	0% / 60.12%	11066
ឲ្យកាន់ការ	0.655 / (7)	0% / 60.12%	11067
ដូចអូសឫស្សីបញ្ច្រាសចុង	0.655 / (7)	0% / 60.12%	11068
ការភាន់ច្រឡំ	0.655 / (7)	0% / 60.12%	11069
សំរែក	0.655 / (7)	0% / 60.12%	11070
វ៉ាលិស	0.655 / (7)	0% / 60.12%	11071
នឿយណាយ	0.655 / (7)	0% / 60.12%	11072
ភ្លេងខ្មែរ	0.655 / (7)	0% / 60.12%	11073
អរិយវង្ស	0.655 / (7)	0% / 60.12%	11074
ចិនសែ	0.655 / (7)	0% / 60.12%	11075
ទល់ដែន	0.561 / (6)	0% / 60.12%	11076
វ៉ង់	0.561 / (6)	0% / 60.12%	11077
ក្រោយគេបង្អស់	0.561 / (6)	0% / 60.12%	11078
អាបាន	0.561 / (6)	0% / 60.12%	11079
ចាហួយ	0.561 / (6)	0% / 60.12%	11080
អហង្ការ	0.561 / (6)	0% / 60.12%	11081
បន្តូច	0.561 / (6)	0% / 60.12%	11082
សញ្ជ័យ	0.561 / (6)	0% / 60.12%	11083
នាសម័យនោះ	0.561 / (6)	0% / 60.12%	11084
មុជទឹក	0.561 / (6)	0% / 60.12%	11085
តំរួត	0.561 / (6)	0% / 60.12%	11086
ពើបប្រទះ	0.561 / (6)	0% / 60.12%	11087
រាជបិតា	0.561 / (6)	0% / 60.12%	11088
ការសំរប	0.561 / (6)	0% / 60.12%	11089
កលា	0.561 / (6)	0% / 60.12%	11090
ព័ស្តុតាង	0.561 / (6)	0% / 60.12%	11091
ភ្លឺហើយ	0.561 / (6)	0% / 60.12%	11092
ចំអកឡក	0.561 / (6)	0% / 60.12%	11093
ពេលមុន	0.561 / (6)	0% / 60.12%	11094
វ័ត	0.561 / (6)	0% / 60.12%	11095
ដំណាច់ខែឧសភា	0.561 / (6)	0% / 60.12%	11096
ព្រះកាណ៌	0.561 / (6)	0% / 60.12%	11097
កើតការ	0.561 / (6)	0% / 60.12%	11098
សិស្សគណ	0.561 / (6)	0% / 60.12%	11099
ប្រជល់	0.561 / (6)	0% / 60.12%	11100
រាជសព្ទ	0.561 / (6)	0% / 60.12%	11101
គ្រក់	0.561 / (6)	0% / 60.12%	11102
ភុជង្គ	0.561 / (6)	0% / 60.12%	11103
ទៅត្រង់	0.561 / (6)	0% / 60.12%	11104
នែអ្នក	0.561 / (6)	0% / 60.12%	11105
សាលាមធ្យមសិក្សា	0.561 / (6)	0% / 60.12%	11106
ផ្ដាសា	0.561 / (6)	0% / 60.12%	11107
កម្មវិបាក	0.561 / (6)	0% / 60.12%	11108
លក្ខណា	0.561 / (6)	0% / 60.12%	11109
ដុតផ្ទះ	0.561 / (6)	0% / 60.12%	11110
ព្រះសិរ	0.561 / (6)	0% / 60.12%	11111
ដល់កាលណា	0.561 / (6)	0% / 60.12%	11112
អស្សាសៈបស្សាសៈ	0.561 / (6)	0% / 60.12%	11113
ចុតិ	0.561 / (6)	0% / 60.12%	11114
អ្នកយាម	0.561 / (6)	0% / 60.12%	11115
ចន្ទល់	0.561 / (6)	0% / 60.12%	11116
អ្ហា	0.561 / (6)	0% / 60.12%	11117
វដ្ដ	0.561 / (6)	0% / 60.12%	11118
បុព្វសិទ្ធិ	0.561 / (6)	0% / 60.12%	11119
កាន់ដំបង	0.561 / (6)	0% / 60.12%	11120
ចំពួក	0.561 / (6)	0% / 60.12%	11121
តែមាត់	0.561 / (6)	0% / 60.12%	11122
អាភាស	0.561 / (6)	0% / 60.12%	11123
ជីប	0.561 / (6)	0% / 60.12%	11124
គង់មាន	0.561 / (6)	0% / 60.12%	11125
ច្រកែងទួយ	0.561 / (6)	0% / 60.12%	11126
ល្វន់	0.561 / (6)	0% / 60.12%	11127
រងៀម	0.561 / (6)	0% / 60.12%	11128
មនុស្សល្ងង់	0.561 / (6)	0% / 60.12%	11129
លិខិតអនុញ្ញាត	0.561 / (6)	0% / 60.12%	11130
គ្រើម	0.561 / (6)	0% / 60.12%	11131
ប្រេងម៉ាស៊ីន	0.561 / (6)	0% / 60.12%	11132
ស្អុះស្អាប់	0.561 / (6)	0% / 60.12%	11133
កិច្ចប្រឹងប្រែង	0.561 / (6)	0% / 60.12%	11134
ភគវន្តមុនី	0.561 / (6)	0% / 60.12%	11135
ព្យញ្ជន	0.561 / (6)	0% / 60.12%	11136
គ្រាប់មីន	0.561 / (6)	0% / 60.12%	11137
ត្រង់នោះ	0.561 / (6)	0% / 60.12%	11138
រួមដៃ	0.561 / (6)	0% / 60.12%	11139
ជំរឹត	0.561 / (6)	0% / 60.12%	11140
គតិធម៌	0.561 / (6)	0% / 60.12%	11141
ជើងគោក	0.561 / (6)	0% / 60.12%	11142
ឧបយុវរាជ	0.561 / (6)	0% / 60.12%	11143
ធ្វើសំណូមពរ	0.561 / (6)	0% / 60.12%	11144
អាឃាត	0.561 / (6)	0% / 60.12%	11145
ស្គុត	0.561 / (6)	0% / 60.12%	11146
ក្អិត	0.561 / (6)	0% / 60.12%	11147
បាត់ឈឺ	0.561 / (6)	0% / 60.12%	11148
មានគភ៌	0.561 / (6)	0% / 60.12%	11149
ងើបឡើង	0.561 / (6)	0% / 60.12%	11150
រដូវភ្លៀង	0.561 / (6)	0% / 60.12%	11151
ម៉ៃសាក់	0.561 / (6)	0% / 60.12%	11152
ខ្សែភ្នែក	0.561 / (6)	0% / 60.12%	11153
ការដំឡើង	0.561 / (6)	0% / 60.12%	11154
ឡាម	0.561 / (6)	0% / 60.12%	11155
ស្កប់	0.561 / (6)	0% / 60.12%	11156
ត្រុយ	0.561 / (6)	0% / 60.12%	11157
ត្រីសូល៍	0.561 / (6)	0% / 60.12%	11158
វន្ទា	0.561 / (6)	0% / 60.12%	11159
កោតខ្លាច	0.561 / (6)	0% / 60.12%	11160
ប្រគំតន្ត្រី	0.561 / (6)	0% / 60.12%	11161
ក្នក់	0.561 / (6)	0% / 60.12%	11162
រាងរៅ	0.561 / (6)	0% / 60.12%	11163
ស្បាត	0.561 / (6)	0% / 60.12%	11164
ប្រជាករ	0.561 / (6)	0% / 60.12%	11165
ដងស្ទឹង	0.561 / (6)	0% / 60.12%	11166
កិរិយាសព្ទ	0.561 / (6)	0% / 60.12%	11167
ដុសខាត់	0.561 / (6)	0% / 60.12%	11168
ភ្នំក្រវាញ	0.561 / (6)	0% / 60.12%	11169
ខ្លាចក្រែង	0.561 / (6)	0% / 60.12%	11170
គ្រឹប	0.561 / (6)	0% / 60.12%	11171
ធ្យូងថ្ម	0.561 / (6)	0% / 60.12%	11172
រលះរលាំង	0.561 / (6)	0% / 60.12%	11173
ប្រវាយប្រតប់	0.561 / (6)	0% / 60.12%	11174
ប្រិតប្រៀង	0.561 / (6)	0% / 60.12%	11175
ចោលត្រូវ	0.561 / (6)	0% / 60.12%	11176
ឥតមន្ទិល	0.561 / (6)	0% / 60.12%	11177
សំហារិម	0.561 / (6)	0% / 60.12%	11178
ប្រកៀក	0.561 / (6)	0% / 60.12%	11179
នឹកចង់	0.561 / (6)	0% / 60.12%	11180
សូមអនុញ្ញាត	0.561 / (6)	0% / 60.12%	11181
ផ្សំនឹង	0.561 / (6)	0% / 60.12%	11182
ទាំងស្រស់	0.561 / (6)	0% / 60.12%	11183
ប្អូនថ្លៃ	0.561 / (6)	0% / 60.12%	11184
ប្រជុំកោះ	0.561 / (6)	0% / 60.12%	11185
អ្នកចាត់ការ	0.561 / (6)	0% / 60.12%	11186
អារាធនា	0.561 / (6)	0% / 60.12%	11187
ជាអាទិ៍	0.561 / (6)	0% / 60.12%	11188
ផូស	0.561 / (6)	0% / 60.12%	11189
ចៈ	0.561 / (6)	0% / 60.12%	11190
មានទាស់	0.561 / (6)	0% / 60.12%	11191
ចំអកឡកឡឺយ	0.561 / (6)	0% / 60.12%	11192
ជាងឡាន	0.561 / (6)	0% / 60.12%	11193
វិជ្ជាឋាន	0.561 / (6)	0% / 60.12%	11194
ជាលី	0.561 / (6)	0% / 60.12%	11195
ការបំរើ	0.561 / (6)	0% / 60.12%	11196
ពាក្យទ្រគោះ	0.561 / (6)	0% / 60.12%	11197
គន្ធ័ព្វ	0.561 / (6)	0% / 60.12%	11198
ដោះចេញ	0.561 / (6)	0% / 60.12%	11199
សុំសរសើរ	0.561 / (6)	0% / 60.12%	11200
សំរួលការ	0.561 / (6)	0% / 60.12%	11201
រអែង	0.561 / (6)	0% / 60.12%	11202
ស្អេក	0.561 / (6)	0% / 60.12%	11203
មានអំបូរ	0.561 / (6)	0% / 60.12%	11204
ដឹងក្ដី	0.561 / (6)	0% / 60.12%	11205
ចប់ចុងចប់ដើម	0.561 / (6)	0% / 60.12%	11206
ប្រវាយ	0.561 / (6)	0% / 60.12%	11207
បច្ឆិមវ័យ	0.561 / (6)	0% / 60.12%	11208
ក្ដិច	0.561 / (6)	0% / 60.12%	11209
ប្រពូន	0.561 / (6)	0% / 60.12%	11210
នគរគោកធ្លក	0.561 / (6)	0% / 60.12%	11211
កុប	0.561 / (6)	0% / 60.12%	11212
ប្រគាប	0.561 / (6)	0% / 60.12%	11213
ថ្កើងរុងរឿង	0.561 / (6)	0% / 60.12%	11214
ស្លដែក	0.561 / (6)	0% / 60.12%	11215
វចីកម្ម	0.561 / (6)	0% / 60.12%	11216
រមិលគុណ	0.561 / (6)	0% / 60.13%	11217
វរបុរស	0.561 / (6)	0% / 60.13%	11218
មហាសាមគ្គី	0.561 / (6)	0% / 60.13%	11219
បទុមរាគ	0.561 / (6)	0% / 60.13%	11220
អាមួយនេះ	0.561 / (6)	0% / 60.13%	11221
សណ្ដាន់	0.561 / (6)	0% / 60.13%	11222
អគ្គលេខាបក្ស	0.561 / (6)	0% / 60.13%	11223
ឋិតថេរ	0.561 / (6)	0% / 60.13%	11224
ព្រឹត្តិប័ត្រ	0.561 / (6)	0% / 60.13%	11225
គ្រងរាជ	0.561 / (6)	0% / 60.13%	11226
ថ្វីត្បិត	0.561 / (6)	0% / 60.13%	11227
រង៉ូវ	0.561 / (6)	0% / 60.13%	11228
ផ្លា	0.561 / (6)	0% / 60.13%	11229
អត្តពលកម្ម	0.561 / (6)	0% / 60.13%	11230
និយាម	0.561 / (6)	0% / 60.13%	11231
ចឹប	0.561 / (6)	0% / 60.13%	11232
វិសមិតភាព	0.561 / (6)	0% / 60.13%	11233
លម្អង	0.561 / (6)	0% / 60.13%	11234
សម្មតិ	0.561 / (6)	0% / 60.13%	11235
ជើងខោ	0.561 / (6)	0% / 60.13%	11236
អបរាជ័យ	0.561 / (6)	0% / 60.13%	11237
ទេពនិករ	0.561 / (6)	0% / 60.13%	11238
បុរាណវត្ថុ	0.561 / (6)	0% / 60.13%	11239
ជាទីបញ្ចប់	0.561 / (6)	0% / 60.13%	11240
អ្នករកឃើញ	0.561 / (6)	0% / 60.13%	11241
ស្រគំ	0.561 / (6)	0% / 60.13%	11242
បំណន់	0.561 / (6)	0% / 60.13%	11243
វិបស្សនាធុរៈ	0.561 / (6)	0% / 60.13%	11244
វីក	0.561 / (6)	0% / 60.13%	11245
ជួយលើកទឹកចិត្ត	0.561 / (6)	0% / 60.13%	11246
រាជធម៌	0.561 / (6)	0% / 60.13%	11247
សេដ្ឋសាស្ត្រ	0.561 / (6)	0% / 60.13%	11248
ផ្ទះល្វែង	0.561 / (6)	0% / 60.13%	11249
ស្វ័យភាព	0.561 / (6)	0% / 60.13%	11250
ហ៊ឺយ	0.561 / (6)	0% / 60.13%	11251
ទំនួញ	0.561 / (6)	0% / 60.13%	11252
ឮគេនិយាយ	0.561 / (6)	0% / 60.13%	11253
សម្រន់	0.561 / (6)	0% / 60.13%	11254
សំណំ	0.561 / (6)	0% / 60.13%	11255
លោះព្រលឹង	0.561 / (6)	0% / 60.13%	11256
សម្រិតសម្រាំង	0.561 / (6)	0% / 60.13%	11257
អធិករណ៍	0.561 / (6)	0% / 60.13%	11258
ក្រើក	0.561 / (6)	0% / 60.13%	11259
សោភី	0.561 / (6)	0% / 60.13%	11260
តឺនុយ	0.561 / (6)	0% / 60.13%	11261
ហែហម	0.561 / (6)	0% / 60.13%	11262
អ្នករៀបរៀង	0.561 / (6)	0% / 60.13%	11263
រលូក	0.561 / (6)	0% / 60.13%	11264
ស្ករស	0.561 / (6)	0% / 60.13%	11265
នីត្យានុកូល	0.561 / (6)	0% / 60.13%	11266
មានមនសិការ	0.561 / (6)	0% / 60.13%	11267
រមទម	0.561 / (6)	0% / 60.13%	11268
ប្រវាស់	0.561 / (6)	0% / 60.13%	11269
ឆ្លេ	0.561 / (6)	0% / 60.13%	11270
រួចចាក	0.561 / (6)	0% / 60.13%	11271
មេនំ	0.561 / (6)	0% / 60.13%	11272
សម្មាទិដ្ឋិ	0.561 / (6)	0% / 60.13%	11273
បុព្វបទ	0.561 / (6)	0% / 60.13%	11274
យឺតយូរ	0.561 / (6)	0% / 60.13%	11275
ភ្ញោច	0.561 / (6)	0% / 60.13%	11276
បូពិត	0.561 / (6)	0% / 60.13%	11277
ច្បាប់រដ្ឋធម្មនុញ្ញ	0.561 / (6)	0% / 60.13%	11278
ពុទ្ធិកសិក្សា	0.561 / (6)	0% / 60.13%	11279
តុញ	0.561 / (6)	0% / 60.13%	11280
រជយ	0.561 / (6)	0% / 60.13%	11281
ជជីក	0.561 / (6)	0% / 60.13%	11282
យោក្ប័ត្រ	0.561 / (6)	0% / 60.13%	11283
ព្រះអង្គដួង	0.561 / (6)	0% / 60.13%	11284
សុំលាចាក	0.561 / (6)	0% / 60.13%	11285
ខ្ចាស់	0.561 / (6)	0% / 60.13%	11286
អស្សុជល	0.561 / (6)	0% / 60.13%	11287
រលើប	0.561 / (6)	0% / 60.13%	11288
វីរិយភាព	0.561 / (6)	0% / 60.13%	11289
ផាត់ពណ៌	0.561 / (6)	0% / 60.13%	11290
ដៃអាវ	0.561 / (6)	0% / 60.13%	11291
សំណាយ	0.561 / (6)	0% / 60.13%	11292
ពួកស្ទាវ	0.561 / (6)	0% / 60.13%	11293
សុកាន្ត	0.561 / (6)	0% / 60.13%	11294
ព័ន្ធុ	0.561 / (6)	0% / 60.13%	11295
ចំតិត	0.561 / (6)	0% / 60.13%	11296
ចាមរ	0.561 / (6)	0% / 60.13%	11297
ដាក់ពាក្យសុំ	0.561 / (6)	0% / 60.13%	11298
សព្វតែ	0.561 / (6)	0% / 60.13%	11299
ឆ្គង់	0.561 / (6)	0% / 60.13%	11300
ឡាក់ឋាន	0.561 / (6)	0% / 60.13%	11301
កកោះ	0.561 / (6)	0% / 60.13%	11302
កេតុ	0.561 / (6)	0% / 60.13%	11303
បង្កក់	0.561 / (6)	0% / 60.13%	11304
ក្រុត	0.561 / (6)	0% / 60.13%	11305
ឆ្លងផុត	0.561 / (6)	0% / 60.13%	11306
ហួសកម្លាំង	0.561 / (6)	0% / 60.13%	11307
សក្កទេវរាជ	0.561 / (6)	0% / 60.13%	11308
ទីវាល	0.561 / (6)	0% / 60.13%	11309
ប្ញ	0.561 / (6)	0% / 60.13%	11310
បុណ្យទាន	0.561 / (6)	0% / 60.13%	11311
ខ្មោចលង	0.561 / (6)	0% / 60.13%	11312
លានជាង	0.561 / (6)	0% / 60.13%	11313
នយោបាយក្រៅប្រទេស	0.561 / (6)	0% / 60.13%	11314
ស្ងាច	0.561 / (6)	0% / 60.13%	11315
ត្រូវឆ្នោត	0.561 / (6)	0% / 60.13%	11316
គ្រឹហា	0.561 / (6)	0% / 60.13%	11317
ប្រណាំងសេះ	0.561 / (6)	0% / 60.13%	11318
លោប	0.561 / (6)	0% / 60.13%	11319
ឡោមព័ទ្ធ	0.561 / (6)	0% / 60.13%	11320
ទប់ទឹក	0.561 / (6)	0% / 60.13%	11321
ផ្អាប់	0.561 / (6)	0% / 60.13%	11322
ក្នុងពេលដែល	0.561 / (6)	0% / 60.13%	11323
មហាសែន	0.561 / (6)	0% / 60.13%	11324
ក្មេងខ្ចី	0.561 / (6)	0% / 60.13%	11325
ខ្មីឃ្មាត	0.561 / (6)	0% / 60.13%	11326
ទ្រនាប់ជើង	0.561 / (6)	0% / 60.13%	11327
តាមលំអាន	0.561 / (6)	0% / 60.13%	11328
ក្រមរដ្ឋប្បវេណី	0.561 / (6)	0% / 60.13%	11329
គ្រប់ការ	0.561 / (6)	0% / 60.13%	11330
ភត្តានុមោទនា	0.561 / (6)	0% / 60.13%	11331
អ្នកមានទ្រព្យ	0.561 / (6)	0% / 60.13%	11332
ខ្វក់	0.561 / (6)	0% / 60.13%	11333
ស្រល់	0.561 / (6)	0% / 60.13%	11334
អារម្ភកថា	0.561 / (6)	0% / 60.13%	11335
កតញ្ញុតា	0.561 / (6)	0% / 60.13%	11336
ចចើង	0.561 / (6)	0% / 60.13%	11337
សូប	0.561 / (6)	0% / 60.13%	11338
វិតក្ក	0.561 / (6)	0% / 60.13%	11339
កំផែល	0.561 / (6)	0% / 60.13%	11340
រំភើបចិត្ត	0.561 / (6)	0% / 60.13%	11341
ការរវល់	0.561 / (6)	0% / 60.13%	11342
ចំណាកស្រុក	0.561 / (6)	0% / 60.13%	11343
នាវាចំបាំង	0.561 / (6)	0% / 60.13%	11344
រលើបរលង់	0.561 / (6)	0% / 60.13%	11345
ភាវៈ	0.561 / (6)	0% / 60.13%	11346
ជាប់ចិត្ត	0.561 / (6)	0% / 60.13%	11347
ក្រៅក្រុង	0.561 / (6)	0% / 60.13%	11348
ប្រមោយ	0.561 / (6)	0% / 60.13%	11349
មានឯណា	0.561 / (6)	0% / 60.13%	11350
ផ្កាយក្រពើ	0.561 / (6)	0% / 60.13%	11351
បើមិនទាន់	0.561 / (6)	0% / 60.13%	11352
ស្រគាល	0.561 / (6)	0% / 60.13%	11353
ឲ្យលើស	0.561 / (6)	0% / 60.13%	11354
វិហា	0.561 / (6)	0% / 60.13%	11355
កថាខណ្ឌ	0.561 / (6)	0% / 60.13%	11356
ប្រធានមន្ទីរ	0.561 / (6)	0% / 60.13%	11357
អំណើះ	0.561 / (6)	0% / 60.13%	11358
ស្ដាយស្រណោះ	0.561 / (6)	0% / 60.13%	11359
ហាហៅ	0.561 / (6)	0% / 60.13%	11360
ការអត់ឃ្លាន	0.561 / (6)	0% / 60.13%	11361
ផាសុកភាព	0.561 / (6)	0% / 60.13%	11362
រេខា	0.561 / (6)	0% / 60.13%	11363
ភ្ងា	0.561 / (6)	0% / 60.13%	11364
មាណវី	0.561 / (6)	0% / 60.13%	11365
កំប្លង់	0.561 / (6)	0% / 60.13%	11366
ទប់ខ្លួន	0.561 / (6)	0% / 60.13%	11367
ម៉េញ	0.561 / (6)	0% / 60.13%	11368
រ័តន៍	0.561 / (6)	0% / 60.13%	11369
អន្ធករ	0.561 / (6)	0% / 60.13%	11370
រូងភ្នំ	0.561 / (6)	0% / 60.13%	11371
ឃោសនាការ	0.561 / (6)	0% / 60.13%	11372
ក្រទី	0.561 / (6)	0% / 60.13%	11373
ត្រាទុក	0.561 / (6)	0% / 60.13%	11374
ចុងឈើ	0.561 / (6)	0% / 60.13%	11375
អ្នកយកពត៌មាន	0.561 / (6)	0% / 60.13%	11376
សម្បត្តិធម្មជាតិ	0.561 / (6)	0% / 60.13%	11377
ខែកន្លងទៅ	0.561 / (6)	0% / 60.13%	11378
ជ្រួយ	0.561 / (6)	0% / 60.13%	11379
ចាញ់កល	0.561 / (6)	0% / 60.13%	11380
អស់ខុស	0.561 / (6)	0% / 60.13%	11381
សយនា	0.561 / (6)	0% / 60.13%	11382
ច្រឡឺម	0.561 / (6)	0% / 60.13%	11383
អំមិញ	0.561 / (6)	0% / 60.13%	11384
ពុរ	0.561 / (6)	0% / 60.13%	11385
ណូអែល	0.561 / (6)	0% / 60.13%	11386
រឿងប្រឌិត	0.561 / (6)	0% / 60.13%	11387
ហាងអ៊ុតសក់	0.561 / (6)	0% / 60.13%	11388
ស្កាក	0.561 / (6)	0% / 60.13%	11389
វណ្ណយុត្ត	0.561 / (6)	0% / 60.13%	11390
ខ្វាច់	0.561 / (6)	0% / 60.13%	11391
លាំ	0.561 / (6)	0% / 60.13%	11392
មបាត	0.561 / (6)	0% / 60.13%	11393
អាណាខេត្ត	0.561 / (6)	0% / 60.13%	11394
រាជាគណៈ	0.561 / (6)	0% / 60.14%	11395
កាលានុវត្តន៍	0.561 / (6)	0% / 60.14%	11396
ចុងបំផុត	0.561 / (6)	0% / 60.14%	11397
សុន្ទរ៍ទាន	0.561 / (6)	0% / 60.14%	11398
ស្ដីប្រដៅ	0.561 / (6)	0% / 60.14%	11399
អនុស្សាវរីយ	0.561 / (6)	0% / 60.14%	11400
អ្នករក្សា	0.561 / (6)	0% / 60.14%	11401
ថ្វីមាត់	0.561 / (6)	0% / 60.14%	11402
បោះជំរំ	0.561 / (6)	0% / 60.14%	11403
សិខណ្ឌិន	0.561 / (6)	0% / 60.14%	11404
មើលការខុសត្រូវ	0.561 / (6)	0% / 60.14%	11405
បើករថយន្ត	0.561 / (6)	0% / 60.14%	11406
និយាយដើម	0.561 / (6)	0% / 60.14%	11407
ពួកកម្មករ	0.561 / (6)	0% / 60.14%	11408
ច្បាប់ទំលាប់	0.561 / (6)	0% / 60.14%	11409
ម៉ាស៊ីនបូមដី	0.561 / (6)	0% / 60.14%	11410
ឱស្ឋ	0.561 / (6)	0% / 60.14%	11411
វិវឌ្ឍនិយម	0.561 / (6)	0% / 60.14%	11412
គិតលុយ	0.561 / (6)	0% / 60.14%	11413
ចុងបូព៌ា	0.561 / (6)	0% / 60.14%	11414
ជីតាជីដូន	0.561 / (6)	0% / 60.14%	11415
ខ្ជឹប	0.561 / (6)	0% / 60.14%	11416
ជ្រុលជ្រួស	0.561 / (6)	0% / 60.14%	11417
គ្រប់ខែ	0.561 / (6)	0% / 60.14%	11418
ឋានមនុស្ស	0.561 / (6)	0% / 60.14%	11419
ជាប់ឃុំ	0.561 / (6)	0% / 60.14%	11420
សារីរិកធាតុ	0.561 / (6)	0% / 60.14%	11421
ល្អឥតខ្ចោះ	0.561 / (6)	0% / 60.14%	11422
ទ្រលុក	0.561 / (6)	0% / 60.14%	11423
រហេងរហាង	0.561 / (6)	0% / 60.14%	11424
កាន់ការ	0.561 / (6)	0% / 60.14%	11425
ត្រងោល	0.561 / (6)	0% / 60.14%	11426
យាមឃោស	0.561 / (6)	0% / 60.14%	11427
គគ្រាត	0.561 / (6)	0% / 60.14%	11428
ឃ្មឹក	0.561 / (6)	0% / 60.14%	11429
ធ្វើឫក	0.561 / (6)	0% / 60.14%	11430
សម្លក់	0.561 / (6)	0% / 60.14%	11431
អ្នកឯកទេសខាង	0.561 / (6)	0% / 60.14%	11432
ព្រាម	0.561 / (6)	0% / 60.14%	11433
ឆ្អឹងជំនីរ	0.561 / (6)	0% / 60.14%	11434
យីអ៊ុន	0.561 / (6)	0% / 60.14%	11435
ត្រីក្រាញ់	0.561 / (6)	0% / 60.14%	11436
កាន់បិណ្ឌ	0.561 / (6)	0% / 60.14%	11437
ព្រឹទ្ធសមាជិក	0.561 / (6)	0% / 60.14%	11438
សមមិត្ត	0.561 / (6)	0% / 60.14%	11439
ធីង	0.561 / (6)	0% / 60.14%	11440
បន្តុះ	0.561 / (6)	0% / 60.14%	11441
ជំងឺបេះដូង	0.561 / (6)	0% / 60.14%	11442
អសុរ	0.561 / (6)	0% / 60.14%	11443
វេរភត្ត	0.561 / (6)	0% / 60.14%	11444
នាំង	0.561 / (6)	0% / 60.14%	11445
ប្រិយភាព	0.561 / (6)	0% / 60.14%	11446
ក្លៀវ	0.561 / (6)	0% / 60.14%	11447
រហា	0.561 / (6)	0% / 60.14%	11448
ជាន់ឈ្លី	0.561 / (6)	0% / 60.14%	11449
អស្ថេរភាព	0.561 / (6)	0% / 60.14%	11450
ថ្លោស	0.561 / (6)	0% / 60.14%	11451
ផ្ទី	0.561 / (6)	0% / 60.14%	11452
សូលី	0.561 / (6)	0% / 60.14%	11453
បន្លាស់	0.561 / (6)	0% / 60.14%	11454
ផ្គាក់	0.561 / (6)	0% / 60.14%	11455
ដោយសមភាព	0.561 / (6)	0% / 60.14%	11456
បង្ខាត	0.561 / (6)	0% / 60.14%	11457
ចម្អែត	0.561 / (6)	0% / 60.14%	11458
អាជីវៈ	0.561 / (6)	0% / 60.14%	11459
សោកា	0.561 / (6)	0% / 60.14%	11460
កូនលោក	0.561 / (6)	0% / 60.14%	11461
ទាំងស្រីទាំងប្រុស	0.561 / (6)	0% / 60.14%	11462
ព្រួស	0.561 / (6)	0% / 60.14%	11463
អគ្គរាជ	0.561 / (6)	0% / 60.14%	11464
ក្រមៅ	0.561 / (6)	0% / 60.14%	11465
រនុក	0.561 / (6)	0% / 60.14%	11466
បញ្ជិះ	0.561 / (6)	0% / 60.14%	11467
ពើក	0.561 / (6)	0% / 60.14%	11468
កន្ទក់កន្ទេញ	0.561 / (6)	0% / 60.14%	11469
គ្រាអាសន្ន	0.561 / (6)	0% / 60.14%	11470
លោកប្អូន	0.561 / (6)	0% / 60.14%	11471
ភេត្រា	0.561 / (6)	0% / 60.14%	11472
មច្ចុសង្គ្រាម	0.561 / (6)	0% / 60.14%	11473
រាច	0.561 / (6)	0% / 60.14%	11474
កំហាក	0.561 / (6)	0% / 60.14%	11475
ម្តងនោះ	0.561 / (6)	0% / 60.14%	11476
ល្បើក	0.561 / (6)	0% / 60.14%	11477
ភ្លើងឆេះ	0.561 / (6)	0% / 60.14%	11478
ពេញទីក្រុង	0.561 / (6)	0% / 60.14%	11479
ស្រីសញ្ជ័យ	0.561 / (6)	0% / 60.14%	11480
បញ្ចុះតម្លៃ	0.561 / (6)	0% / 60.14%	11481
មណ្ឌលកីឡា	0.561 / (6)	0% / 60.14%	11482
តាប	0.561 / (6)	0% / 60.14%	11483
ស្រម៉	0.561 / (6)	0% / 60.14%	11484
ទាក	0.561 / (6)	0% / 60.14%	11485
កុំតែ	0.561 / (6)	0% / 60.14%	11486
យុត្ត	0.561 / (6)	0% / 60.14%	11487
ច្រឡឹង	0.561 / (6)	0% / 60.14%	11488
ព្រៀងលាន	0.561 / (6)	0% / 60.14%	11489
ស្លាបប្រចៀវ	0.561 / (6)	0% / 60.14%	11490
ស្រីចោរ	0.561 / (6)	0% / 60.14%	11491
បីកូន	0.561 / (6)	0% / 60.14%	11492
សង្គមសាស្ត្រ	0.561 / (6)	0% / 60.14%	11493
ញញើម	0.561 / (6)	0% / 60.14%	11494
ប្រេះឆា	0.561 / (6)	0% / 60.14%	11495
គុំកួន	0.561 / (6)	0% / 60.14%	11496
ស្គរដៃ	0.561 / (6)	0% / 60.14%	11497
តែអុង	0.561 / (6)	0% / 60.14%	11498
ស្ដេចត្រាញ់	0.561 / (6)	0% / 60.14%	11499
ភ្លៀងមួយមេ	0.561 / (6)	0% / 60.14%	11500
ថ្លាន់	0.561 / (6)	0% / 60.14%	11501
ទ្រើស	0.561 / (6)	0% / 60.14%	11502
ប៉ីអ	0.561 / (6)	0% / 60.14%	11503
ព្រមគ្នា	0.561 / (6)	0% / 60.14%	11504
មនុស្សា	0.561 / (6)	0% / 60.14%	11505
ទទួលបរាជ័យ	0.561 / (6)	0% / 60.14%	11506
រួល	0.561 / (6)	0% / 60.14%	11507
ស្បាន់	0.561 / (6)	0% / 60.14%	11508
គុណានុភាព	0.561 / (6)	0% / 60.14%	11509
អាវុធបរមាណូ	0.561 / (6)	0% / 60.14%	11510
មុខស្រពោន	0.561 / (6)	0% / 60.14%	11511
សម្រេចការ	0.561 / (6)	0% / 60.14%	11512
អ្នកស្រុកអាយ	0.561 / (6)	0% / 60.14%	11513
ពិដោរ	0.561 / (6)	0% / 60.14%	11514
ពណ៌ផ្ទៃមេឃ	0.561 / (6)	0% / 60.14%	11515
ជាកុសល	0.561 / (6)	0% / 60.14%	11516
កាលដើមឡើយ	0.561 / (6)	0% / 60.14%	11517
តមាត់	0.561 / (6)	0% / 60.14%	11518
ហុកសិប	0.561 / (6)	0% / 60.14%	11519
ស្មូត	0.561 / (6)	0% / 60.14%	11520
ក្រាយ	0.561 / (6)	0% / 60.14%	11521
នគរោបនីយកម្ម	0.561 / (6)	0% / 60.14%	11522
ឃ្លាតចាក	0.561 / (6)	0% / 60.14%	11523
កលយុទ្ធ	0.561 / (6)	0% / 60.14%	11524
ខ្វេរ	0.561 / (6)	0% / 60.14%	11525
គ្រលាស់	0.561 / (6)	0% / 60.14%	11526
អភិជន	0.561 / (6)	0% / 60.14%	11527
វិវាទកម្ម	0.561 / (6)	0% / 60.14%	11528
លូកលាន់	0.561 / (6)	0% / 60.14%	11529
បង់សំណាញ់	0.561 / (6)	0% / 60.14%	11530
ដងជញ្ជីង	0.561 / (6)	0% / 60.14%	11531
ជង្រុក	0.561 / (6)	0% / 60.14%	11532
បញ្ច្រក	0.561 / (6)	0% / 60.14%	11533
បន្សាំ	0.561 / (6)	0% / 60.14%	11534
ខួច	0.561 / (6)	0% / 60.14%	11535
មូលមតិគ្នា	0.561 / (6)	0% / 60.14%	11536
ថាប់	0.561 / (6)	0% / 60.14%	11537
រក្ខ	0.561 / (6)	0% / 60.14%	11538
ទំពួន	0.561 / (6)	0% / 60.14%	11539
ខ្វែវ	0.561 / (6)	0% / 60.14%	11540
បក្ខសម្ព័ន្ធ	0.561 / (6)	0% / 60.14%	11541
ស្រឹម	0.561 / (6)	0% / 60.14%	11542
ម្ទេសប្លោក	0.561 / (6)	0% / 60.14%	11543
ហេមពាន្ត	0.561 / (6)	0% / 60.14%	11544
រួចមកហើយនេះ	0.561 / (6)	0% / 60.14%	11545
ត្រដុស	0.561 / (6)	0% / 60.14%	11546
ចុះថោក	0.561 / (6)	0% / 60.14%	11547
រហោស្ថាន	0.561 / (6)	0% / 60.14%	11548
ស្រកស្រុត	0.561 / (6)	0% / 60.14%	11549
តបស្នងមកវិញ	0.561 / (6)	0% / 60.14%	11550
ខ្នងភ្នំ	0.561 / (6)	0% / 60.14%	11551
ស្ញាញ	0.561 / (6)	0% / 60.14%	11552
អាល់ហ្សេរី	0.561 / (6)	0% / 60.14%	11553
ស្រឡក់	0.561 / (6)	0% / 60.14%	11554
ត្រូវអាបត្តិ	0.561 / (6)	0% / 60.14%	11555
ទ្រូងផ្លូវ	0.561 / (6)	0% / 60.14%	11556
មេវត្ត	0.561 / (6)	0% / 60.14%	11557
ឆៈ	0.561 / (6)	0% / 60.14%	11558
ទឹកបាក់	0.561 / (6)	0% / 60.14%	11559
លក់ទំនិញ	0.561 / (6)	0% / 60.14%	11560
កណ្ដក់	0.561 / (6)	0% / 60.14%	11561
សិល្បសាស្រ្ត	0.561 / (6)	0% / 60.14%	11562
យកល្អ	0.561 / (6)	0% / 60.14%	11563
ដៀម	0.561 / (6)	0% / 60.14%	11564
ចុល្ល	0.561 / (6)	0% / 60.14%	11565
អាវ៉ា	0.561 / (6)	0% / 60.14%	11566
កម្មបថ	0.561 / (6)	0% / 60.14%	11567
ច្រោង	0.561 / (6)	0% / 60.14%	11568
ព្រះធម្មទេសនា	0.561 / (6)	0% / 60.14%	11569
តំរង	0.561 / (6)	0% / 60.14%	11570
ទ្រយឹង	0.561 / (6)	0% / 60.14%	11571
ខ្វាង	0.561 / (6)	0% / 60.14%	11572
ពាក្យកាព្យ	0.561 / (6)	0% / 60.15%	11573
ជាអចិន្ត្រៃយ៍	0.561 / (6)	0% / 60.15%	11574
ចំហេះ	0.561 / (6)	0% / 60.15%	11575
ប្រើឲ្យ	0.561 / (6)	0% / 60.15%	11576
មាឃបូជា	0.561 / (6)	0% / 60.15%	11577
ខៅ	0.561 / (6)	0% / 60.15%	11578
គូភាគី	0.561 / (6)	0% / 60.15%	11579
អរូប	0.561 / (6)	0% / 60.15%	11580
រ៉ុយ	0.561 / (6)	0% / 60.15%	11581
សែនដូនតា	0.561 / (6)	0% / 60.15%	11582
ស្រណោក	0.561 / (6)	0% / 60.15%	11583
ងីងើ	0.561 / (6)	0% / 60.15%	11584
វជិរ	0.561 / (6)	0% / 60.15%	11585
សេចក្តីថ្លែង	0.561 / (6)	0% / 60.15%	11586
ទទួលសារភាព	0.561 / (6)	0% / 60.15%	11587
វាយបក	0.561 / (6)	0% / 60.15%	11588
ប៉ះប៉ូវ	0.561 / (6)	0% / 60.15%	11589
ច្បាប់ក្បួន	0.561 / (6)	0% / 60.15%	11590
ព្រាល	0.561 / (6)	0% / 60.15%	11591
ហីន	0.561 / (6)	0% / 60.15%	11592
បរិស្ថានវិទ្យា	0.561 / (6)	0% / 60.15%	11593
ឆ្លាតវៃ	0.561 / (6)	0% / 60.15%	11594
គ្រាន់នឹង	0.561 / (6)	0% / 60.15%	11595
បិច	0.561 / (6)	0% / 60.15%	11596
ផ្លោត	0.561 / (6)	0% / 60.15%	11597
សរុបទៅ	0.561 / (6)	0% / 60.15%	11598
បង្កបង្កើត	0.561 / (6)	0% / 60.15%	11599
ឧបដ្ឋាក	0.561 / (6)	0% / 60.15%	11600
ពិន្ទុសរុប	0.561 / (6)	0% / 60.15%	11601
ក្រសួងសង្គមកិច្ច	0.561 / (6)	0% / 60.15%	11602
រើសមុខ	0.561 / (6)	0% / 60.15%	11603
ជន្ល	0.561 / (6)	0% / 60.15%	11604
ដែនដីសណ្ដ	0.561 / (6)	0% / 60.15%	11605
គែន	0.561 / (6)	0% / 60.15%	11606
ក្រុមក្នុង	0.561 / (6)	0% / 60.15%	11607
ផ្លែដូង	0.561 / (6)	0% / 60.15%	11608
ការទាល់ច្រក	0.561 / (6)	0% / 60.15%	11609
រង្គើ	0.561 / (6)	0% / 60.15%	11610
ក្រាល់	0.561 / (6)	0% / 60.15%	11611
ខ្ជិលច្រអូស	0.561 / (6)	0% / 60.15%	11612
ជម្រេញ	0.561 / (6)	0% / 60.15%	11613
ប្រធានគណៈកម្មការ	0.561 / (6)	0% / 60.15%	11614
ទ្រោល	0.561 / (6)	0% / 60.15%	11615
ព្រះទីនាំង	0.561 / (6)	0% / 60.15%	11616
ប្រាក់សំណង	0.561 / (6)	0% / 60.15%	11617
ស្មែ	0.561 / (6)	0% / 60.15%	11618
សុរ	0.561 / (6)	0% / 60.15%	11619
ចាក់រុក	0.561 / (6)	0% / 60.15%	11620
សោយសោក	0.561 / (6)	0% / 60.15%	11621
ស្កាំ	0.468 / (5)	0% / 60.15%	11622
បំពារបំពាន	0.468 / (5)	0% / 60.15%	11623
សន្ធិយា	0.468 / (5)	0% / 60.15%	11624
ប្រឹថពី	0.468 / (5)	0% / 60.15%	11625
ខាងនយោបាយ	0.468 / (5)	0% / 60.15%	11626
អង្គឺ	0.468 / (5)	0% / 60.15%	11627
ព្រះរាជទ្រព្យ	0.468 / (5)	0% / 60.15%	11628
វិស្សុត	0.468 / (5)	0% / 60.15%	11629
ដាំង	0.468 / (5)	0% / 60.15%	11630
កាកសំណល់	0.468 / (5)	0% / 60.15%	11631
អស្មិមានះ	0.468 / (5)	0% / 60.15%	11632
ខ្ទាំ	0.468 / (5)	0% / 60.15%	11633
ពោះម៉ាយ	0.468 / (5)	0% / 60.15%	11634
កំភួនដៃ	0.468 / (5)	0% / 60.15%	11635
ក្រាក	0.468 / (5)	0% / 60.15%	11636
បកស្បែក	0.468 / (5)	0% / 60.15%	11637
ព្រះត្រពាំង	0.468 / (5)	0% / 60.15%	11638
និយាយត្រង់	0.468 / (5)	0% / 60.15%	11639
ជើងដៃ	0.468 / (5)	0% / 60.15%	11640
ថេរសភា	0.468 / (5)	0% / 60.15%	11641
ប្រលោះ	0.468 / (5)	0% / 60.15%	11642
មានធម៌	0.468 / (5)	0% / 60.15%	11643
វេទី	0.468 / (5)	0% / 60.15%	11644
ពេន	0.468 / (5)	0% / 60.15%	11645
និវេសន៍	0.468 / (5)	0% / 60.15%	11646
ច្រើនហួស	0.468 / (5)	0% / 60.15%	11647
ព្រះហឫទ័យ	0.468 / (5)	0% / 60.15%	11648
ខ្វែងគំនិត	0.468 / (5)	0% / 60.15%	11649
អូម	0.468 / (5)	0% / 60.15%	11650
មួយទឹក	0.468 / (5)	0% / 60.15%	11651
ខ្សែអាត់	0.468 / (5)	0% / 60.15%	11652
ពន្លាក	0.468 / (5)	0% / 60.15%	11653
ប្រកួតប្រជែងកីឡា	0.468 / (5)	0% / 60.15%	11654
អនុគណស្រុក	0.468 / (5)	0% / 60.15%	11655
ចេតនារម្មណ៍	0.468 / (5)	0% / 60.15%	11656
ក្បុស	0.468 / (5)	0% / 60.15%	11657
ព្យោមា	0.468 / (5)	0% / 60.15%	11658
បែកចេញ	0.468 / (5)	0% / 60.15%	11659
ចែកឋាន	0.468 / (5)	0% / 60.15%	11660
ពិម្ព	0.468 / (5)	0% / 60.15%	11661
គួរខ្លាច	0.468 / (5)	0% / 60.15%	11662
ម៉្យាងដែរ	0.468 / (5)	0% / 60.15%	11663
កែតំរូវ	0.468 / (5)	0% / 60.15%	11664
មុខរបួស	0.468 / (5)	0% / 60.15%	11665
រត់ឡើង	0.468 / (5)	0% / 60.15%	11666
គូសង្សារ	0.468 / (5)	0% / 60.15%	11667
ទឹកឡើង	0.468 / (5)	0% / 60.15%	11668
គ្រវាស	0.468 / (5)	0% / 60.15%	11669
ខ្វាន	0.468 / (5)	0% / 60.15%	11670
ក្សីណ	0.468 / (5)	0% / 60.15%	11671
ចាំគេ	0.468 / (5)	0% / 60.15%	11672
លែងកើត	0.468 / (5)	0% / 60.15%	11673
ស្ទក់	0.468 / (5)	0% / 60.15%	11674
វិលខួរ	0.468 / (5)	0% / 60.15%	11675
មេសូត្រ	0.468 / (5)	0% / 60.15%	11676
ខុប	0.468 / (5)	0% / 60.15%	11677
ជាធរមាន	0.468 / (5)	0% / 60.15%	11678
សំរុង	0.468 / (5)	0% / 60.15%	11679
តឹងទ្រូង	0.468 / (5)	0% / 60.15%	11680
ជិតំ	0.468 / (5)	0% / 60.15%	11681
ត្រដាងស្លាប	0.468 / (5)	0% / 60.15%	11682
ប៉មទឹក	0.468 / (5)	0% / 60.15%	11683
ឧបទ្រព	0.468 / (5)	0% / 60.15%	11684
តិថី	0.468 / (5)	0% / 60.15%	11685
រហេតរហូត	0.468 / (5)	0% / 60.15%	11686
បង្ហិនបង្ហោច	0.468 / (5)	0% / 60.15%	11687
អញ្ចេះ	0.468 / (5)	0% / 60.15%	11688
បណ្ដាក់គ្នា	0.468 / (5)	0% / 60.15%	11689
កម្មពៀរ	0.468 / (5)	0% / 60.15%	11690
រត់បណ្ដាក់	0.468 / (5)	0% / 60.15%	11691
ថតកុន	0.468 / (5)	0% / 60.15%	11692
ស្រុស	0.468 / (5)	0% / 60.15%	11693
ធ្វើនាយ	0.468 / (5)	0% / 60.15%	11694
ភិក្ខុភាព	0.468 / (5)	0% / 60.15%	11695
ទឹកនោម	0.468 / (5)	0% / 60.15%	11696
ព្រាវ	0.468 / (5)	0% / 60.15%	11697
វិប្បដិសារៈ	0.468 / (5)	0% / 60.15%	11698
ស្របាល	0.468 / (5)	0% / 60.15%	11699
ម្រាមជើង	0.468 / (5)	0% / 60.15%	11700
មុះមុត	0.468 / (5)	0% / 60.15%	11701
សំបោរ	0.468 / (5)	0% / 60.15%	11702
ទិនករ	0.468 / (5)	0% / 60.15%	11703
ពុទ្ធទំនាយ	0.468 / (5)	0% / 60.15%	11704
ប្រាប	0.468 / (5)	0% / 60.15%	11705
ព្រឹកល្ងាច	0.468 / (5)	0% / 60.15%	11706
អ្នកមានបុណ្យ	0.468 / (5)	0% / 60.15%	11707
ច្រវា	0.468 / (5)	0% / 60.15%	11708
កំសោយ	0.468 / (5)	0% / 60.15%	11709
ព្រះវិស្ណុ	0.468 / (5)	0% / 60.15%	11710
ពេកពន់	0.468 / (5)	0% / 60.15%	11711
ត្រឡប់ត្រឡិន	0.468 / (5)	0% / 60.15%	11712
ហិមាល័យ	0.468 / (5)	0% / 60.15%	11713
នៅក្រៅផ្ទះ	0.468 / (5)	0% / 60.15%	11714
បិតុលា	0.468 / (5)	0% / 60.15%	11715
កញ្ចក់ឆ្លុះ	0.468 / (5)	0% / 60.15%	11716
តុរង្គ	0.468 / (5)	0% / 60.15%	11717
ពង្រាត់	0.468 / (5)	0% / 60.15%	11718
មុខស្រងូត	0.468 / (5)	0% / 60.15%	11719
តម្លៃថោក	0.468 / (5)	0% / 60.15%	11720
លុះដោយ	0.468 / (5)	0% / 60.15%	11721
ស្រូវសា	0.468 / (5)	0% / 60.15%	11722
ស្រួលមិនស្រួល	0.468 / (5)	0% / 60.15%	11723
អាម	0.468 / (5)	0% / 60.15%	11724
ដុតរោល	0.468 / (5)	0% / 60.15%	11725
វរោត្តម	0.468 / (5)	0% / 60.15%	11726
ចំអែត	0.468 / (5)	0% / 60.15%	11727
ពិព័ណ៌	0.468 / (5)	0% / 60.15%	11728
បកសំបក	0.468 / (5)	0% / 60.15%	11729
មានមនុស្សជាច្រើន	0.468 / (5)	0% / 60.15%	11730
រគេង	0.468 / (5)	0% / 60.15%	11731
កកាត	0.468 / (5)	0% / 60.15%	11732
សុភាចារបុរស	0.468 / (5)	0% / 60.15%	11733
រើសើ	0.468 / (5)	0% / 60.15%	11734
ម្ចាស់ដី	0.468 / (5)	0% / 60.15%	11735
ខេមា	0.468 / (5)	0% / 60.15%	11736
កប់ខ្មោច	0.468 / (5)	0% / 60.15%	11737
ព្រះរាជឱង្ការ	0.468 / (5)	0% / 60.15%	11738
ជួត	0.468 / (5)	0% / 60.15%	11739
ក្លិង្គ	0.468 / (5)	0% / 60.15%	11740
ប្រដំ	0.468 / (5)	0% / 60.15%	11741
បំបោរ	0.468 / (5)	0% / 60.15%	11742
យីន	0.468 / (5)	0% / 60.15%	11743
រាជ្យសម្បត្តិ	0.468 / (5)	0% / 60.15%	11744
ឆ្វៀល	0.468 / (5)	0% / 60.15%	11745
ចៀប	0.468 / (5)	0% / 60.15%	11746
ស្រពេចស្រពិល	0.468 / (5)	0% / 60.15%	11747
ដេកមុង	0.468 / (5)	0% / 60.15%	11748
ខ្វាប់	0.468 / (5)	0% / 60.15%	11749
ខ្មោចព្រាយ	0.468 / (5)	0% / 60.15%	11750
ប៉ៃឡាំ	0.468 / (5)	0% / 60.15%	11751
ក្រិក	0.468 / (5)	0% / 60.15%	11752
រ៉ែដែក	0.468 / (5)	0% / 60.15%	11753
ប្រអូស	0.468 / (5)	0% / 60.15%	11754
ក្រញី	0.468 / (5)	0% / 60.15%	11755
អ្នកវិទ្យាសាស្ត្រ	0.468 / (5)	0% / 60.15%	11756
បទមជ្ឈិម	0.468 / (5)	0% / 60.15%	11757
ជាសកម្ម	0.468 / (5)	0% / 60.15%	11758
តួន	0.468 / (5)	0% / 60.15%	11759
ផ្លូវរដ្ឋ	0.468 / (5)	0% / 60.15%	11760
អនុជន	0.468 / (5)	0% / 60.15%	11761
មឃវា	0.468 / (5)	0% / 60.15%	11762
ឆន្ទ	0.468 / (5)	0% / 60.15%	11763
មិស្ស	0.468 / (5)	0% / 60.15%	11764
ច្បាប់ព្រៃ	0.468 / (5)	0% / 60.15%	11765
អរគុណណាស់	0.468 / (5)	0% / 60.15%	11766
អស់មួយជីវិត	0.468 / (5)	0% / 60.15%	11767
ស្រទប	0.468 / (5)	0% / 60.15%	11768
ញាស់	0.468 / (5)	0% / 60.15%	11769
វៀតណាមូបនីយកម្ម	0.468 / (5)	0% / 60.15%	11770
ឡោក	0.468 / (5)	0% / 60.15%	11771
ព្រមព្រៀងគ្នា	0.468 / (5)	0% / 60.15%	11772
យាយជី	0.468 / (5)	0% / 60.15%	11773
ពិរោធ	0.468 / (5)	0% / 60.15%	11774
ស្លត	0.468 / (5)	0% / 60.15%	11775
កុសល់	0.468 / (5)	0% / 60.16%	11776
លោកប្រវត្តិ	0.468 / (5)	0% / 60.16%	11777
ផ្ទុញ	0.468 / (5)	0% / 60.16%	11778
ព្រះគ្រូចៅអធិការ	0.468 / (5)	0% / 60.16%	11779
តាមផ្លូវគោក	0.468 / (5)	0% / 60.16%	11780
ចុងភៅ	0.468 / (5)	0% / 60.16%	11781
ស្ទាប់	0.468 / (5)	0% / 60.16%	11782
យថាភាព	0.468 / (5)	0% / 60.16%	11783
សារីរិក	0.468 / (5)	0% / 60.16%	11784
រងកម្ម	0.468 / (5)	0% / 60.16%	11785
ផើត	0.468 / (5)	0% / 60.16%	11786
កន្លាត	0.468 / (5)	0% / 60.16%	11787
រោងការ	0.468 / (5)	0% / 60.16%	11788
អ្នកចរចា	0.468 / (5)	0% / 60.16%	11789
ល្មែះ	0.468 / (5)	0% / 60.16%	11790
ឱជារស	0.468 / (5)	0% / 60.16%	11791
បំពេ	0.468 / (5)	0% / 60.16%	11792
កង់រទេះ	0.468 / (5)	0% / 60.16%	11793
រញា	0.468 / (5)	0% / 60.16%	11794
វេជ្ជបញ្ជា	0.468 / (5)	0% / 60.16%	11795
សម្រើប	0.468 / (5)	0% / 60.16%	11796
កើក	0.468 / (5)	0% / 60.16%	11797
បង្អោងត្នោត	0.468 / (5)	0% / 60.16%	11798
ដំឡូងមី	0.468 / (5)	0% / 60.16%	11799
ទ្រព្យា	0.468 / (5)	0% / 60.16%	11800
ហ៊្វីលីពីន	0.468 / (5)	0% / 60.16%	11801
បាវព្រាវ	0.468 / (5)	0% / 60.16%	11802
ភ្លឺស្រែ	0.468 / (5)	0% / 60.16%	11803
រកខ្យល់	0.468 / (5)	0% / 60.16%	11804
ប្រគ្រីវ	0.468 / (5)	0% / 60.16%	11805
អម្រឹត	0.468 / (5)	0% / 60.16%	11806
អន្ទងចិត្ត	0.468 / (5)	0% / 60.16%	11807
ប្រពាន់	0.468 / (5)	0% / 60.16%	11808
រវល់ការ	0.468 / (5)	0% / 60.16%	11809
ស្រឹង្គារ	0.468 / (5)	0% / 60.16%	11810
ឡះ	0.468 / (5)	0% / 60.16%	11811
មានហ្មង	0.468 / (5)	0% / 60.16%	11812
ត្រសៀក	0.468 / (5)	0% / 60.16%	11813
ថ្ងៃម្សិលមិញ	0.468 / (5)	0% / 60.16%	11814
ស៊ីជំរៅ	0.468 / (5)	0% / 60.16%	11815
វើក	0.468 / (5)	0% / 60.16%	11816
មេចោរ	0.468 / (5)	0% / 60.16%	11817
បញ្ជាទិញ	0.468 / (5)	0% / 60.16%	11818
ខានស្អែក	0.468 / (5)	0% / 60.16%	11819
យុត្តាធិការ	0.468 / (5)	0% / 60.16%	11820
ត្រូវប៉ាន់	0.468 / (5)	0% / 60.16%	11821
រត់មាត់	0.468 / (5)	0% / 60.16%	11822
ក្រជីង	0.468 / (5)	0% / 60.16%	11823
សាមសិប	0.468 / (5)	0% / 60.16%	11824
អគ្គបញ្ជាការ	0.468 / (5)	0% / 60.16%	11825
របបគ្រប់គ្រង	0.468 / (5)	0% / 60.16%	11826
រំលោភបំពាន	0.468 / (5)	0% / 60.16%	11827
សត្យានុម័ត	0.468 / (5)	0% / 60.16%	11828
មាតុភូមិនិវត្តន៍	0.468 / (5)	0% / 60.16%	11829
រដុប	0.468 / (5)	0% / 60.16%	11830
ក្រសួងសិក្សាធិការ	0.468 / (5)	0% / 60.16%	11831
ប៉ប៉ាច់ប៉ប៉ោច	0.468 / (5)	0% / 60.16%	11832
លោកគ្រូពេទ្យ	0.468 / (5)	0% / 60.16%	11833
ការប្រពន្ធ	0.468 / (5)	0% / 60.16%	11834
ត្រជាក់ត្រជុំ	0.468 / (5)	0% / 60.16%	11835
បង្ហោច	0.468 / (5)	0% / 60.16%	11836
កៀស	0.468 / (5)	0% / 60.16%	11837
ទុរ្ភិក្ស	0.468 / (5)	0% / 60.16%	11838
កូនបង្កើត	0.468 / (5)	0% / 60.16%	11839
ឫទ្ធានុភាព	0.468 / (5)	0% / 60.16%	11840
ទម្រេត	0.468 / (5)	0% / 60.16%	11841
បានប្រៀប	0.468 / (5)	0% / 60.16%	11842
បាំងមុខ	0.468 / (5)	0% / 60.16%	11843
ខ្លបខ្លាច	0.468 / (5)	0% / 60.16%	11844
ប្រុងនឹងទៅ	0.468 / (5)	0% / 60.16%	11845
កូនខ្ចី	0.468 / (5)	0% / 60.16%	11846
វិសិដ្ឋ	0.468 / (5)	0% / 60.16%	11847
ឧត្តុង្គឧត្តម	0.468 / (5)	0% / 60.16%	11848
រាស	0.468 / (5)	0% / 60.16%	11849
សទ្ធម្ម	0.468 / (5)	0% / 60.16%	11850
សណ្ដូក	0.468 / (5)	0% / 60.16%	11851
យៀកកុង	0.468 / (5)	0% / 60.16%	11852
រំជួយ	0.468 / (5)	0% / 60.16%	11853
ប្រពន្ធគាត់	0.468 / (5)	0% / 60.16%	11854
កាត់កាល់	0.468 / (5)	0% / 60.16%	11855
ការសម្ងាត់	0.468 / (5)	0% / 60.16%	11856
ក្រវើន	0.468 / (5)	0% / 60.16%	11857
ការស្មាន	0.468 / (5)	0% / 60.16%	11858
ពិធីមង្គល	0.468 / (5)	0% / 60.16%	11859
សំឡាប់	0.468 / (5)	0% / 60.16%	11860
នភាកាស	0.468 / (5)	0% / 60.16%	11861
លឿនឡើង	0.468 / (5)	0% / 60.16%	11862
ពុទ្ធិកបឋមសិក្សា	0.468 / (5)	0% / 60.16%	11863
អុកស៊ីហ្សែន	0.468 / (5)	0% / 60.16%	11864
សិប្បករ	0.468 / (5)	0% / 60.16%	11865
ស្រើបស្រាល	0.468 / (5)	0% / 60.16%	11866
ភ្លើងក្រហម	0.468 / (5)	0% / 60.16%	11867
ក្រមច្បាប់	0.468 / (5)	0% / 60.16%	11868
ស្ដាប់គ្នា	0.468 / (5)	0% / 60.16%	11869
ជ្រៀតចូល	0.468 / (5)	0% / 60.16%	11870
ផ្ទៃក្រឡា	0.468 / (5)	0% / 60.16%	11871
ឧឡារិក	0.468 / (5)	0% / 60.16%	11872
កន្ទុយភ្នែក	0.468 / (5)	0% / 60.16%	11873
សង្រៃ	0.468 / (5)	0% / 60.16%	11874
បងថ្លៃ	0.468 / (5)	0% / 60.16%	11875
កញ្ញាឯក	0.468 / (5)	0% / 60.16%	11876
រកាំ	0.468 / (5)	0% / 60.16%	11877
ខ្នាយ	0.468 / (5)	0% / 60.16%	11878
រគោល	0.468 / (5)	0% / 60.16%	11879
សារិកា	0.468 / (5)	0% / 60.16%	11880
លើកជើង	0.468 / (5)	0% / 60.16%	11881
បាវចនា	0.468 / (5)	0% / 60.16%	11882
ព្រះឥន្ទ	0.468 / (5)	0% / 60.16%	11883
សេចក្ដីអញ្ជើញ	0.468 / (5)	0% / 60.16%	11884
ជីទួត	0.468 / (5)	0% / 60.16%	11885
សំពេះ	0.468 / (5)	0% / 60.16%	11886
រាំក្បាច់	0.468 / (5)	0% / 60.16%	11887
ពុទ្ធពរ	0.468 / (5)	0% / 60.16%	11888
នាមប័ណ្ណ	0.468 / (5)	0% / 60.16%	11889
កញ្ឆែត	0.468 / (5)	0% / 60.16%	11890
សាវត្ថី	0.468 / (5)	0% / 60.16%	11891
ឧត្បាត	0.468 / (5)	0% / 60.16%	11892
អាបេ	0.468 / (5)	0% / 60.16%	11893
ផ្ទាល់មាត់	0.468 / (5)	0% / 60.16%	11894
សាក្យ	0.468 / (5)	0% / 60.16%	11895
ប្រចាក់	0.468 / (5)	0% / 60.16%	11896
ក្រសួងមានសមត្ថកិច្ច	0.468 / (5)	0% / 60.16%	11897
ប្រយោជន៍អ្វី	0.468 / (5)	0% / 60.16%	11898
គិតស្មាន	0.468 / (5)	0% / 60.16%	11899
ភ្លាវ	0.468 / (5)	0% / 60.16%	11900
ស្រែអំបិល	0.468 / (5)	0% / 60.16%	11901
គំនូរជីវចល	0.468 / (5)	0% / 60.16%	11902
ចាំចិត្ត	0.468 / (5)	0% / 60.16%	11903
គ្រាប់បែកដៃ	0.468 / (5)	0% / 60.16%	11904
អក្សរខម	0.468 / (5)	0% / 60.16%	11905
ពោធិល្យំ	0.468 / (5)	0% / 60.16%	11906
ស្មោញ	0.468 / (5)	0% / 60.16%	11907
អាយុយឺនយូរ	0.468 / (5)	0% / 60.16%	11908
រខេករខាក	0.468 / (5)	0% / 60.16%	11909
ពន្លើស	0.468 / (5)	0% / 60.16%	11910
ស្ងប់ចិត្ត	0.468 / (5)	0% / 60.16%	11911
អ្នករបួស	0.468 / (5)	0% / 60.16%	11912
ទាក់ក	0.468 / (5)	0% / 60.16%	11913
ស្បេត	0.468 / (5)	0% / 60.16%	11914
មាល័យ	0.468 / (5)	0% / 60.16%	11915
តំរែតំរង់	0.468 / (5)	0% / 60.16%	11916
មាន់អាំង	0.468 / (5)	0% / 60.16%	11917
អាធម្ម	0.468 / (5)	0% / 60.16%	11918
វរបិតា	0.468 / (5)	0% / 60.16%	11919
ចម្ពាម	0.468 / (5)	0% / 60.16%	11920
ដកព	0.468 / (5)	0% / 60.16%	11921
វិរុទ្ធ	0.468 / (5)	0% / 60.16%	11922
ឥន្ទធនូ	0.468 / (5)	0% / 60.16%	11923
ល្ហឹម	0.468 / (5)	0% / 60.16%	11924
វិគ្គហៈ	0.468 / (5)	0% / 60.16%	11925
អធម្ម	0.468 / (5)	0% / 60.16%	11926
សម័យប្រជុំពេញអង្គ	0.468 / (5)	0% / 60.16%	11927
ជីងចក់	0.468 / (5)	0% / 60.16%	11928
កណ្ដាលស្ទឹង	0.468 / (5)	0% / 60.16%	11929
ប្រកូក	0.468 / (5)	0% / 60.16%	11930
រងាប់	0.468 / (5)	0% / 60.16%	11931
ប្រស់	0.468 / (5)	0% / 60.16%	11932
ថ្នក់	0.468 / (5)	0% / 60.16%	11933
ក្បថ	0.468 / (5)	0% / 60.16%	11934
ជំទែង	0.468 / (5)	0% / 60.16%	11935
រោគសាស្ត្រ	0.468 / (5)	0% / 60.16%	11936
ឈឺធ្មេញ	0.468 / (5)	0% / 60.16%	11937
ឈើច្រត់	0.468 / (5)	0% / 60.16%	11938
វាសរ	0.468 / (5)	0% / 60.16%	11939
ការវិនិច្ឆ័យ	0.468 / (5)	0% / 60.16%	11940
តទៅមុខ	0.468 / (5)	0% / 60.16%	11941
ធម្មយុត្តិ	0.468 / (5)	0% / 60.16%	11942
កាត់មុខ	0.468 / (5)	0% / 60.16%	11943
បន្លែបង្ការ	0.468 / (5)	0% / 60.16%	11944
ទើបសម	0.468 / (5)	0% / 60.16%	11945
ដាច់ខែ	0.468 / (5)	0% / 60.16%	11946
វិសម្ពាធ	0.468 / (5)	0% / 60.16%	11947
គុណបុណ្យ	0.468 / (5)	0% / 60.16%	11948
ឡកឡឺយ	0.468 / (5)	0% / 60.16%	11949
ឃើញស្រាប់	0.468 / (5)	0% / 60.16%	11950
ញោមញាតិ	0.468 / (5)	0% / 60.16%	11951
អ្នកក្រុង	0.468 / (5)	0% / 60.16%	11952
គ្រាស	0.468 / (5)	0% / 60.16%	11953
ព្រះថោង	0.468 / (5)	0% / 60.16%	11954
រាជនិពន្ធ	0.468 / (5)	0% / 60.16%	11955
វាស្នា	0.468 / (5)	0% / 60.16%	11956
ការបាត់បង់ជីវិត	0.468 / (5)	0% / 60.16%	11957
ជល់គ្នា	0.468 / (5)	0% / 60.16%	11958
រង្គោះរង្គើ	0.468 / (5)	0% / 60.16%	11959
រេញ	0.468 / (5)	0% / 60.16%	11960
ធៀបគ្នា	0.468 / (5)	0% / 60.16%	11961
ល៉ា	0.468 / (5)	0% / 60.16%	11962
កង្ខា	0.468 / (5)	0% / 60.16%	11963
ឆ្មើងកន្ទ្រើង	0.468 / (5)	0% / 60.16%	11964
ស្រដៀងនឹង	0.468 / (5)	0% / 60.16%	11965
អ្នកផ្ទះ	0.468 / (5)	0% / 60.16%	11966
ខ្ញុំព្រះករុណា	0.468 / (5)	0% / 60.16%	11967
តំណម	0.468 / (5)	0% / 60.16%	11968
ទេវស្ថាន	0.468 / (5)	0% / 60.16%	11969
ហន់	0.468 / (5)	0% / 60.16%	11970
ហូរច្រោះ	0.468 / (5)	0% / 60.16%	11971
ឧស្សាហៈ	0.468 / (5)	0% / 60.16%	11972
ទទួលដឹង	0.468 / (5)	0% / 60.16%	11973
បិណ្ឌមួយ	0.468 / (5)	0% / 60.16%	11974
ដំឡា	0.468 / (5)	0% / 60.16%	11975
រហាក់	0.468 / (5)	0% / 60.16%	11976
ពេលរៀន	0.468 / (5)	0% / 60.16%	11977
ឈួល	0.468 / (5)	0% / 60.16%	11978
ខ្មួល	0.468 / (5)	0% / 60.16%	11979
បាក់ទ័ព	0.468 / (5)	0% / 60.16%	11980
ឆៃថាវ	0.468 / (5)	0% / 60.16%	11981
ប្រកបដោយជោគជ័យ	0.468 / (5)	0% / 60.16%	11982
ភ្នក់	0.468 / (5)	0% / 60.16%	11983
សុទិន	0.468 / (5)	0% / 60.16%	11984
រងើក	0.468 / (5)	0% / 60.16%	11985
ឧបសម្បទាចារ្យ	0.468 / (5)	0% / 60.16%	11986
ទឹកក្ដៅ	0.468 / (5)	0% / 60.16%	11987
ស្បែង	0.468 / (5)	0% / 60.16%	11988
បង្ហួរ	0.468 / (5)	0% / 60.16%	11989
កម្លា	0.468 / (5)	0% / 60.17%	11990
ខ្ទរខ្ទារ	0.468 / (5)	0% / 60.17%	11991
ក្រអូម	0.468 / (5)	0% / 60.17%	11992
ប៉ុន្មានថ្ងៃនេះ	0.468 / (5)	0% / 60.17%	11993
ទំរាំតែ	0.468 / (5)	0% / 60.17%	11994
ទេឬអី?	0.468 / (5)	0% / 60.17%	11995
បិដក់	0.468 / (5)	0% / 60.17%	11996
វិលទៅផ្ទះវិញ	0.468 / (5)	0% / 60.17%	11997
ពាំង	0.468 / (5)	0% / 60.17%	11998
កងរយ	0.468 / (5)	0% / 60.17%	11999
ក្ដុល	0.468 / (5)	0% / 60.17%	12000
សមហេតុសមផល	0.468 / (5)	0% / 60.17%	12001
ទុកជាឯក	0.468 / (5)	0% / 60.17%	12002
រូបធាតុ	0.468 / (5)	0% / 60.17%	12003
ងឹត	0.468 / (5)	0% / 60.17%	12004
តក្កមា	0.468 / (5)	0% / 60.17%	12005
រុក្ខទេវតា	0.468 / (5)	0% / 60.17%	12006
អត់ប្រយោជន៍	0.468 / (5)	0% / 60.17%	12007
ពិកល	0.468 / (5)	0% / 60.17%	12008
បបរស	0.468 / (5)	0% / 60.17%	12009
គំរិះ	0.468 / (5)	0% / 60.17%	12010
ល្វេង	0.468 / (5)	0% / 60.17%	12011
ចិតសិប	0.468 / (5)	0% / 60.17%	12012
ទំលុះ	0.468 / (5)	0% / 60.17%	12013
ឥតភ្លឹក	0.468 / (5)	0% / 60.17%	12014
ម៉ប	0.468 / (5)	0% / 60.17%	12015
ទាក់ទិនទៅនឹង	0.468 / (5)	0% / 60.17%	12016
វាក	0.468 / (5)	0% / 60.17%	12017
ទាំងដុល	0.468 / (5)	0% / 60.17%	12018
ច្បាប់ពលរដ្ឋ	0.468 / (5)	0% / 60.17%	12019
ល្អះ	0.468 / (5)	0% / 60.17%	12020
រើរុះ	0.468 / (5)	0% / 60.17%	12021
ពុំងា	0.468 / (5)	0% / 60.17%	12022
ធ្វើពាក្យ	0.468 / (5)	0% / 60.17%	12023
ក្សីរ	0.468 / (5)	0% / 60.17%	12024
ស្រឿង	0.468 / (5)	0% / 60.17%	12025
ទស្សនាចរណ៍	0.468 / (5)	0% / 60.17%	12026
ពោល្យំ	0.468 / (5)	0% / 60.17%	12027
ទេវធីតា	0.468 / (5)	0% / 60.17%	12028
ខ្វៀន	0.468 / (5)	0% / 60.17%	12029
ហិរិ	0.468 / (5)	0% / 60.17%	12030
ធម្មបទ	0.468 / (5)	0% / 60.17%	12031
បណ្ដាលមក	0.468 / (5)	0% / 60.17%	12032
ទីង	0.468 / (5)	0% / 60.17%	12033
រាត្រីសិល្បៈ	0.468 / (5)	0% / 60.17%	12034
បុរេប្រវត្តិ	0.468 / (5)	0% / 60.17%	12035
លោកអ្នកអាន	0.468 / (5)	0% / 60.17%	12036
ស្រោប	0.468 / (5)	0% / 60.17%	12037
វក់វី	0.468 / (5)	0% / 60.17%	12038
លាស	0.468 / (5)	0% / 60.17%	12039
លន្លង់	0.468 / (5)	0% / 60.17%	12040
ផ្ទុយគ្នា	0.468 / (5)	0% / 60.17%	12041
របុក	0.468 / (5)	0% / 60.17%	12042
តែងកំណាព្យ	0.468 / (5)	0% / 60.17%	12043
ម៉ាស៊ីនភ្លើង	0.468 / (5)	0% / 60.17%	12044
រៀបស្រេច	0.468 / (5)	0% / 60.17%	12045
ខ្ញង់	0.468 / (5)	0% / 60.17%	12046
ផ្ទៃមេឃ	0.468 / (5)	0% / 60.17%	12047
គ្រែង	0.468 / (5)	0% / 60.17%	12048
រូបសម្បត្តិ	0.468 / (5)	0% / 60.17%	12049
បរិភោក្តា	0.468 / (5)	0% / 60.17%	12050
ចេកអំបូង	0.468 / (5)	0% / 60.17%	12051
កក់សក់	0.468 / (5)	0% / 60.17%	12052
កាកគតិ	0.468 / (5)	0% / 60.17%	12053
អង្គុយសញ្ជប់សញ្ជឹង	0.468 / (5)	0% / 60.17%	12054
ខ្វែ	0.468 / (5)	0% / 60.17%	12055
ដោយស្វ័យប្រវត្តិ	0.468 / (5)	0% / 60.17%	12056
កំពីងរាជ	0.468 / (5)	0% / 60.17%	12057
មាសា	0.468 / (5)	0% / 60.17%	12058
ឃោសនិក	0.468 / (5)	0% / 60.17%	12059
អាណិក	0.468 / (5)	0% / 60.17%	12060
ក្រសួងអប់រំជាតិ	0.468 / (5)	0% / 60.17%	12061
បុ័ង	0.468 / (5)	0% / 60.17%	12062
លាក់បាំង	0.468 / (5)	0% / 60.17%	12063
ហើយគ្នា	0.468 / (5)	0% / 60.17%	12064
ថ្វែ	0.468 / (5)	0% / 60.17%	12065
កែម	0.468 / (5)	0% / 60.17%	12066
ពិរុណ	0.468 / (5)	0% / 60.17%	12067
អ៊ុតសក់	0.468 / (5)	0% / 60.17%	12068
អញឯង	0.468 / (5)	0% / 60.17%	12069
ច្រែះ	0.468 / (5)	0% / 60.17%	12070
ទីវ	0.468 / (5)	0% / 60.17%	12071
ព្រុយ	0.468 / (5)	0% / 60.17%	12072
ជាត់	0.468 / (5)	0% / 60.17%	12073
ហ្វារ	0.468 / (5)	0% / 60.17%	12074
ចិត្តខ្មៅ	0.468 / (5)	0% / 60.17%	12075
បរិមណ្ឌល	0.468 / (5)	0% / 60.17%	12076
កញ្ឆោត	0.468 / (5)	0% / 60.17%	12077
កងកេង	0.468 / (5)	0% / 60.17%	12078
ទីភ្នាក់ងារពត៌មាន	0.468 / (5)	0% / 60.17%	12079
កតវេទី	0.468 / (5)	0% / 60.17%	12080
លាងមុខ	0.468 / (5)	0% / 60.17%	12081
កាលមុន	0.468 / (5)	0% / 60.17%	12082
ចង្រិត	0.468 / (5)	0% / 60.17%	12083
ចក្រពត្តិនិយម	0.468 / (5)	0% / 60.17%	12084
រងគ្រោះថ្នាក់	0.468 / (5)	0% / 60.17%	12085
ទសក័ណ្ឋ	0.468 / (5)	0% / 60.17%	12086
ខ្មួលខ្មាញ់	0.468 / (5)	0% / 60.17%	12087
ស្គន់	0.468 / (5)	0% / 60.17%	12088
សារភណ្ឌ	0.468 / (5)	0% / 60.17%	12089
ត្រប់វែង	0.468 / (5)	0% / 60.17%	12090
វីវក់	0.468 / (5)	0% / 60.17%	12091
ទំលាប់ខ្លួន	0.468 / (5)	0% / 60.17%	12092
រាជតេជះ	0.468 / (5)	0% / 60.17%	12093
នៅអម	0.468 / (5)	0% / 60.17%	12094
បន្ទើរ	0.468 / (5)	0% / 60.17%	12095
មូលធននិយម	0.468 / (5)	0% / 60.17%	12096
ឌុន	0.468 / (5)	0% / 60.17%	12097
ការវះកាត់	0.468 / (5)	0% / 60.17%	12098
អសន្យាណូ	0.468 / (5)	0% / 60.17%	12099
ពយ	0.468 / (5)	0% / 60.17%	12100
ក្ដ	0.468 / (5)	0% / 60.17%	12101
អគ្រ	0.468 / (5)	0% / 60.17%	12102
ដន្លាប់	0.468 / (5)	0% / 60.17%	12103
បបររាវ	0.468 / (5)	0% / 60.17%	12104
ម្រ័ក្សណ៍	0.468 / (5)	0% / 60.17%	12105
ចៅហ៊្វា	0.468 / (5)	0% / 60.17%	12106
ចូលបុណ្យ	0.468 / (5)	0% / 60.17%	12107
បែបផែន	0.468 / (5)	0% / 60.17%	12108
មានសំដី	0.468 / (5)	0% / 60.17%	12109
សំណាងអាក្រក់	0.468 / (5)	0% / 60.17%	12110
ផ្លូវដី	0.468 / (5)	0% / 60.17%	12111
គ្លី	0.468 / (5)	0% / 60.17%	12112
ខ្សាន	0.468 / (5)	0% / 60.17%	12113
តេឡេក្រាម	0.468 / (5)	0% / 60.17%	12114
បិទផ្សាយ	0.468 / (5)	0% / 60.17%	12115
ធ្វើជំនួញ	0.468 / (5)	0% / 60.17%	12116
ពុទ្ធានុញ្ញាត	0.468 / (5)	0% / 60.17%	12117
វៀរលែង	0.468 / (5)	0% / 60.17%	12118
ពន្លូតកូន	0.468 / (5)	0% / 60.17%	12119
បញ្ឆៀង	0.468 / (5)	0% / 60.17%	12120
សង្កថា	0.468 / (5)	0% / 60.17%	12121
ដោយសំងាត់	0.468 / (5)	0% / 60.17%	12122
ឆ្លាស	0.468 / (5)	0% / 60.17%	12123
សេចក្តីប្រាថ្នា	0.468 / (5)	0% / 60.17%	12124
កុងតឺន័រ	0.468 / (5)	0% / 60.17%	12125
ញាតិវង្ស	0.468 / (5)	0% / 60.17%	12126
ចង្អេរ	0.468 / (5)	0% / 60.17%	12127
បាត់សង្ឃឹម	0.468 / (5)	0% / 60.17%	12128
តាមត្រូវ	0.468 / (5)	0% / 60.17%	12129
បព្វតា	0.468 / (5)	0% / 60.17%	12130
អាខ្យាត	0.468 / (5)	0% / 60.17%	12131
បន្តវេន	0.468 / (5)	0% / 60.17%	12132
ភូមិឋាន	0.468 / (5)	0% / 60.17%	12133
ព្រឹម	0.468 / (5)	0% / 60.17%	12134
ស្រងោច	0.468 / (5)	0% / 60.17%	12135
រត់លឿន	0.468 / (5)	0% / 60.17%	12136
អោបរឹត	0.468 / (5)	0% / 60.17%	12137
អ្នកស្ដាប់	0.468 / (5)	0% / 60.17%	12138
រាល់តែ	0.468 / (5)	0% / 60.17%	12139
កណ្ដាលចំណោម	0.468 / (5)	0% / 60.17%	12140
លក្ខណសម្បត្តិ	0.468 / (5)	0% / 60.17%	12141
រឹងទទឹង	0.468 / (5)	0% / 60.17%	12142
លក់ខ្លួន	0.468 / (5)	0% / 60.17%	12143
ជំលៀស	0.468 / (5)	0% / 60.17%	12144
មកខែ	0.468 / (5)	0% / 60.17%	12145
អាកោ	0.468 / (5)	0% / 60.17%	12146
ការត្រឹមត្រូវ	0.468 / (5)	0% / 60.17%	12147
ប្លា	0.468 / (5)	0% / 60.17%	12148
មុខស្ងួត	0.468 / (5)	0% / 60.17%	12149
លាភសក្ការៈ	0.468 / (5)	0% / 60.17%	12150
សាច់ការ	0.468 / (5)	0% / 60.17%	12151
ចិញ្ចឹមសត្វ	0.468 / (5)	0% / 60.17%	12152
ថ្លោះធ្លោយ	0.468 / (5)	0% / 60.17%	12153
វ៉ោយ	0.468 / (5)	0% / 60.17%	12154
ត្រួតពល	0.468 / (5)	0% / 60.17%	12155
សាវ័ក	0.468 / (5)	0% / 60.17%	12156
លទ្ធិពុទ្ធ	0.468 / (5)	0% / 60.17%	12157
ស្រវេស្រវា	0.468 / (5)	0% / 60.17%	12158
ធ្ងន់ទៅលើ	0.468 / (5)	0% / 60.17%	12159
ពេញក្រមុំ	0.468 / (5)	0% / 60.17%	12160
តាមផ្លូវអាកាស	0.468 / (5)	0% / 60.17%	12161
ស្លៅ	0.468 / (5)	0% / 60.17%	12162
អត្តខាត់	0.468 / (5)	0% / 60.17%	12163
រសី	0.468 / (5)	0% / 60.17%	12164
ធ្វើនឹង	0.468 / (5)	0% / 60.17%	12165
ភូមិកំណើត	0.468 / (5)	0% / 60.17%	12166
បាក់ចិត្ត	0.468 / (5)	0% / 60.17%	12167
រុករ	0.468 / (5)	0% / 60.17%	12168
សក្យវង្ស	0.468 / (5)	0% / 60.17%	12169
ប៉ុននេះ	0.468 / (5)	0% / 60.17%	12170
ប៉ុនហ្នឹង	0.468 / (5)	0% / 60.17%	12171
កូនចាប	0.468 / (5)	0% / 60.17%	12172
សារទូរលេខ	0.468 / (5)	0% / 60.17%	12173
ប្រឡង់	0.468 / (5)	0% / 60.17%	12174
ស្ដាប់ឮ	0.468 / (5)	0% / 60.17%	12175
ខេន	0.468 / (5)	0% / 60.17%	12176
រហៀក	0.468 / (5)	0% / 60.17%	12177
វាទី	0.468 / (5)	0% / 60.17%	12178
សំយុង	0.468 / (5)	0% / 60.17%	12179
ខ្នះ	0.468 / (5)	0% / 60.17%	12180
តំណាំង	0.468 / (5)	0% / 60.17%	12181
បំរុងការ	0.468 / (5)	0% / 60.17%	12182
មគធភាសា	0.468 / (5)	0% / 60.17%	12183
ពំនូត	0.468 / (5)	0% / 60.17%	12184
តំណពូជ	0.468 / (5)	0% / 60.17%	12185
ឡើងចុះ	0.468 / (5)	0% / 60.17%	12186
សំបុត្រស្នាម	0.468 / (5)	0% / 60.17%	12187
មុះ	0.468 / (5)	0% / 60.17%	12188
ខួ	0.468 / (5)	0% / 60.17%	12189
ទឹកហូរ	0.468 / (5)	0% / 60.17%	12190
ក្ដៅហែង	0.468 / (5)	0% / 60.17%	12191
លបស្ដាប់	0.468 / (5)	0% / 60.17%	12192
យកស្រួល	0.468 / (5)	0% / 60.17%	12193
ប្រទល់ដែន	0.468 / (5)	0% / 60.17%	12194
ទះដៃ	0.468 / (5)	0% / 60.17%	12195
កន្សោម	0.468 / (5)	0% / 60.17%	12196
ក្វែន	0.468 / (5)	0% / 60.17%	12197
ធៀបប្រៀប	0.468 / (5)	0% / 60.17%	12198
សេចក្តីសង្ឃឹម	0.468 / (5)	0% / 60.17%	12199
សត្តនិករ	0.468 / (5)	0% / 60.17%	12200
តិចតួចស្ដួចស្ដើង	0.468 / (5)	0% / 60.17%	12201
គួរណា	0.468 / (5)	0% / 60.17%	12202
ក្រោមម្លប់	0.468 / (5)	0% / 60.17%	12203
ពីសី	0.468 / (5)	0% / 60.18%	12204
វិភត្តិ	0.468 / (5)	0% / 60.18%	12205
យុទ្ធភូមិ	0.468 / (5)	0% / 60.18%	12206
ទឹកមាស	0.468 / (5)	0% / 60.18%	12207
មិនផេះទេ	0.468 / (5)	0% / 60.18%	12208
ថ្មីថ្មោង	0.468 / (5)	0% / 60.18%	12209
ប្រកែ	0.468 / (5)	0% / 60.18%	12210
ស្រឹប	0.468 / (5)	0% / 60.18%	12211
បាញ	0.468 / (5)	0% / 60.18%	12212
ខូចឈ្មោះ	0.468 / (5)	0% / 60.18%	12213
ម៉ាស៊ុត	0.468 / (5)	0% / 60.18%	12214
មេកង	0.468 / (5)	0% / 60.18%	12215
ពញាសួគ៌ាលោក	0.468 / (5)	0% / 60.18%	12216
ថ្លើមធំ	0.468 / (5)	0% / 60.18%	12217
រណាត់	0.468 / (5)	0% / 60.18%	12218
ពាក្យសន្យា	0.468 / (5)	0% / 60.18%	12219
អាប់ឱន	0.468 / (5)	0% / 60.18%	12220
រជុច	0.468 / (5)	0% / 60.18%	12221
អូដ្ឋ	0.468 / (5)	0% / 60.18%	12222
តាមយោបល់ខ្ញុំ	0.468 / (5)	0% / 60.18%	12223
ក្ឌុក	0.468 / (5)	0% / 60.18%	12224
រីត	0.468 / (5)	0% / 60.18%	12225
រលង់រលើប	0.468 / (5)	0% / 60.18%	12226
ដោយចៃដន្យ	0.468 / (5)	0% / 60.18%	12227
ជំនួន	0.468 / (5)	0% / 60.18%	12228
នាវាចរណ៍	0.468 / (5)	0% / 60.18%	12229
មូលកច្ចាយនៈ	0.468 / (5)	0% / 60.18%	12230
សំរក់	0.468 / (5)	0% / 60.18%	12231
ស្រមើស្រមៃ	0.468 / (5)	0% / 60.18%	12232
ចាប់ឆ្នោត	0.468 / (5)	0% / 60.18%	12233
ច្រងេង	0.468 / (5)	0% / 60.18%	12234
ប្រកដប្រជា	0.468 / (5)	0% / 60.18%	12235
ចរិយាសម្បត្តិ	0.468 / (5)	0% / 60.18%	12236
ចូក	0.468 / (5)	0% / 60.18%	12237
ឈិង	0.468 / (5)	0% / 60.18%	12238
ត្រងត្រាប់	0.468 / (5)	0% / 60.18%	12239
ការចេះដឹង	0.468 / (5)	0% / 60.18%	12240
ស្វាស	0.468 / (5)	0% / 60.18%	12241
បុណ្យភ្ជុំបិណ្ឌ	0.468 / (5)	0% / 60.18%	12242
ត្រុដិ	0.468 / (5)	0% / 60.18%	12243
លំហើយ	0.468 / (5)	0% / 60.18%	12244
អាល់កុល	0.468 / (5)	0% / 60.18%	12245
ទុក្ខធុរៈ	0.468 / (5)	0% / 60.18%	12246
ធម្មាធិបតេយ្យ	0.468 / (5)	0% / 60.18%	12247
និរាករណ៍	0.468 / (5)	0% / 60.18%	12248
កូត	0.468 / (5)	0% / 60.18%	12249
ចិត្តទូលាយ	0.468 / (5)	0% / 60.18%	12250
សេពកាម	0.468 / (5)	0% / 60.18%	12251
ប្រាសាទបុរាណ	0.468 / (5)	0% / 60.18%	12252
ត្មោង	0.468 / (5)	0% / 60.18%	12253
ទល់មុខគ្នា	0.468 / (5)	0% / 60.18%	12254
រកខុសត្រូវ	0.468 / (5)	0% / 60.18%	12255
គិតខុស	0.468 / (5)	0% / 60.18%	12256
ក្រញាង	0.468 / (5)	0% / 60.18%	12257
ថ្កល់	0.468 / (5)	0% / 60.18%	12258
កែវពុំងា	0.468 / (5)	0% / 60.18%	12259
ល្អល្អះ	0.468 / (5)	0% / 60.18%	12260
កម្រាប	0.468 / (5)	0% / 60.18%	12261
ឃោសៈ	0.468 / (5)	0% / 60.18%	12262
ព្រមពេល	0.468 / (5)	0% / 60.18%	12263
ធូររលុង	0.468 / (5)	0% / 60.18%	12264
បង្អែរបង្អង់	0.468 / (5)	0% / 60.18%	12265
សព្ទសាធុការ	0.468 / (5)	0% / 60.18%	12266
ឱកាសល្អ	0.468 / (5)	0% / 60.18%	12267
សង្វែង	0.468 / (5)	0% / 60.18%	12268
ចុងចួន	0.468 / (5)	0% / 60.18%	12269
ត្បាញអាយ	0.468 / (5)	0% / 60.18%	12270
បញ្ចក្ខន្ធ	0.468 / (5)	0% / 60.18%	12271
ឡាយព្រះហស្តលេខា	0.468 / (5)	0% / 60.18%	12272
នរេស	0.468 / (5)	0% / 60.18%	12273
លិង	0.468 / (5)	0% / 60.18%	12274
កន្ទួតស្រុក	0.468 / (5)	0% / 60.18%	12275
ផ្ទុះគ្រាប់បែក	0.468 / (5)	0% / 60.18%	12276
ក្រសួងគយ	0.468 / (5)	0% / 60.18%	12277
ស្ដាប់បង្គាប់	0.468 / (5)	0% / 60.18%	12278
វាលរាប	0.468 / (5)	0% / 60.18%	12279
ក្សិណក្ស័យ	0.468 / (5)	0% / 60.18%	12280
ផ្ទះថ្ម	0.468 / (5)	0% / 60.18%	12281
វចី	0.374 / (4)	0% / 60.18%	12282
ប្រឡងប្រជែង	0.374 / (4)	0% / 60.18%	12283
អកម្ម	0.374 / (4)	0% / 60.18%	12284
កោសខ្យល់	0.374 / (4)	0% / 60.18%	12285
ពលទេព	0.374 / (4)	0% / 60.18%	12286
បុថុជ្ជន	0.374 / (4)	0% / 60.18%	12287
អាវក្រោះ	0.374 / (4)	0% / 60.18%	12288
គ្រេង	0.374 / (4)	0% / 60.18%	12289
មុខក្រាស់	0.374 / (4)	0% / 60.18%	12290
តួរាយរង	0.374 / (4)	0% / 60.18%	12291
កងរំពង	0.374 / (4)	0% / 60.18%	12292
កោលាហល	0.374 / (4)	0% / 60.18%	12293
ភោជនីយ	0.374 / (4)	0% / 60.18%	12294
លក្ស្មី	0.374 / (4)	0% / 60.18%	12295
បាតអណ្ដូង	0.374 / (4)	0% / 60.18%	12296
ថ្ងៃចូលឆ្នាំ	0.374 / (4)	0% / 60.18%	12297
ប៉ប្រក	0.374 / (4)	0% / 60.18%	12298
កុសិនារា	0.374 / (4)	0% / 60.18%	12299
ហួតហែង	0.374 / (4)	0% / 60.18%	12300
ព្រឹកព្រាង	0.374 / (4)	0% / 60.18%	12301
បុត	0.374 / (4)	0% / 60.18%	12302
ឆ្ពិន	0.374 / (4)	0% / 60.18%	12303
បានសេចក្តីថា	0.374 / (4)	0% / 60.18%	12304
មែនណាស់	0.374 / (4)	0% / 60.18%	12305
ដ្បិតតែ	0.374 / (4)	0% / 60.18%	12306
កម្មពល	0.374 / (4)	0% / 60.18%	12307
មានរវល់	0.374 / (4)	0% / 60.18%	12308
ទីប៉ុន្មាន	0.374 / (4)	0% / 60.18%	12309
សញ្ជប់	0.374 / (4)	0% / 60.18%	12310
ក្រហមខ្ចី	0.374 / (4)	0% / 60.18%	12311
ឡាង	0.374 / (4)	0% / 60.18%	12312
ពាលោ	0.374 / (4)	0% / 60.18%	12313
ឥន្ទ្រាធិរាជ	0.374 / (4)	0% / 60.18%	12314
លឿម	0.374 / (4)	0% / 60.18%	12315
ម៉ាចាន	0.374 / (4)	0% / 60.18%	12316
វេលាណា	0.374 / (4)	0% / 60.18%	12317
ងងក់	0.374 / (4)	0% / 60.18%	12318
សង់ស្ពាន	0.374 / (4)	0% / 60.18%	12319
កំប្លោក	0.374 / (4)	0% / 60.18%	12320
ខ្លាចចិត្ត	0.374 / (4)	0% / 60.18%	12321
អ្នកកាន់ជើង	0.374 / (4)	0% / 60.18%	12322
សិល្បកម្ម	0.374 / (4)	0% / 60.18%	12323
អាភរណៈ	0.374 / (4)	0% / 60.18%	12324
គហបតី	0.374 / (4)	0% / 60.18%	12325
គ្រូខ្មែរ	0.374 / (4)	0% / 60.18%	12326
ក្រហមច្រាល	0.374 / (4)	0% / 60.18%	12327
ក្រុងកម្ពុជាធិបតី	0.374 / (4)	0% / 60.18%	12328
ជាយព្រៃ	0.374 / (4)	0% / 60.18%	12329
កញ្ឆេង	0.374 / (4)	0% / 60.18%	12330
អ្នកជាប់ចោទ	0.374 / (4)	0% / 60.18%	12331
ទើសទាល់	0.374 / (4)	0% / 60.18%	12332
អោបអរសាទរ	0.374 / (4)	0% / 60.18%	12333
តាមផ្លូវច្បាប់	0.374 / (4)	0% / 60.18%	12334
របស់បន្តិច	0.374 / (4)	0% / 60.18%	12335
សូម៉ុង	0.374 / (4)	0% / 60.18%	12336
ភេទស្ត្រី	0.374 / (4)	0% / 60.18%	12337
ទូលទុក្ខ	0.374 / (4)	0% / 60.18%	12338
កាត់ចិត្ត	0.374 / (4)	0% / 60.18%	12339
ស្រស់ស្រាយ	0.374 / (4)	0% / 60.18%	12340
មហាមគ្គ	0.374 / (4)	0% / 60.18%	12341
ត្រាប់តាម	0.374 / (4)	0% / 60.18%	12342
មូរ៉ា	0.374 / (4)	0% / 60.18%	12343
លុបមុខ	0.374 / (4)	0% / 60.18%	12344
ផ្តេក	0.374 / (4)	0% / 60.18%	12345
បរិចារិកា	0.374 / (4)	0% / 60.18%	12346
រលេ	0.374 / (4)	0% / 60.18%	12347
ខោក្នុង	0.374 / (4)	0% / 60.18%	12348
ជីពចរ	0.374 / (4)	0% / 60.18%	12349
មិនថាតែ	0.374 / (4)	0% / 60.18%	12350
ឡើយណា	0.374 / (4)	0% / 60.18%	12351
រដ្ឋមណ្ឌល	0.374 / (4)	0% / 60.18%	12352
ពពុះ	0.374 / (4)	0% / 60.18%	12353
បស្ចិមបូរី	0.374 / (4)	0% / 60.18%	12354
ទិសា	0.374 / (4)	0% / 60.18%	12355
ប្រាក់ដុល្លារ	0.374 / (4)	0% / 60.18%	12356
ធូរទ្រូង	0.374 / (4)	0% / 60.18%	12357
មួយចំណែកទៀត	0.374 / (4)	0% / 60.18%	12358
អភេទ	0.374 / (4)	0% / 60.18%	12359
អញខ្ញុំ	0.374 / (4)	0% / 60.18%	12360
ជនដទៃ	0.374 / (4)	0% / 60.18%	12361
ក្សេត្រាធិការ	0.374 / (4)	0% / 60.18%	12362
ទស្សនវិទូ	0.374 / (4)	0% / 60.18%	12363
ខ្វិច	0.374 / (4)	0% / 60.18%	12364
គុយបា	0.374 / (4)	0% / 60.18%	12365
ការខ្ចី	0.374 / (4)	0% / 60.18%	12366
បរិត្ត	0.374 / (4)	0% / 60.18%	12367
ចិត្តស្មោះ	0.374 / (4)	0% / 60.18%	12368
ថ្នាក់ជាន់ខ្ពស់	0.374 / (4)	0% / 60.18%	12369
ជ្រងោ	0.374 / (4)	0% / 60.18%	12370
ពួច	0.374 / (4)	0% / 60.18%	12371
ដំរេះ	0.374 / (4)	0% / 60.18%	12372
សុមេធ	0.374 / (4)	0% / 60.18%	12373
សុភអក្សរ	0.374 / (4)	0% / 60.18%	12374
រាបសារ	0.374 / (4)	0% / 60.18%	12375
ប្រជាធិបតី	0.374 / (4)	0% / 60.18%	12376
កនិដ្ឋា	0.374 / (4)	0% / 60.18%	12377
អៀនអន់	0.374 / (4)	0% / 60.18%	12378
ស្ដឹង	0.374 / (4)	0% / 60.18%	12379
កញ្ជ្រៀច	0.374 / (4)	0% / 60.18%	12380
សូទ្រនិគម	0.374 / (4)	0% / 60.18%	12381
ត្រចាប់	0.374 / (4)	0% / 60.18%	12382
ស្ថាប័នជាតិ	0.374 / (4)	0% / 60.18%	12383
ងើយមើល	0.374 / (4)	0% / 60.18%	12384
ភាន់ភាំង	0.374 / (4)	0% / 60.18%	12385
រួមដំណេក	0.374 / (4)	0% / 60.18%	12386
ដោយសារអ្វី	0.374 / (4)	0% / 60.18%	12387
ច្រងាប់ច្រងិល	0.374 / (4)	0% / 60.18%	12388
ចុងការ	0.374 / (4)	0% / 60.18%	12389
កណ្ដៀរ	0.374 / (4)	0% / 60.18%	12390
នៅពីតូច	0.374 / (4)	0% / 60.18%	12391
ពាក្យសច្ចៈ	0.374 / (4)	0% / 60.18%	12392
គគ្រាំ	0.374 / (4)	0% / 60.18%	12393
ខ្ញាំ	0.374 / (4)	0% / 60.18%	12394
គ្មានប្រយោជន៍	0.374 / (4)	0% / 60.18%	12395
រឹះ	0.374 / (4)	0% / 60.18%	12396
ចែចង់	0.374 / (4)	0% / 60.18%	12397
អត្រានុកូលដ្ឋាន	0.374 / (4)	0% / 60.18%	12398
រអុជ	0.374 / (4)	0% / 60.18%	12399
អធឹក	0.374 / (4)	0% / 60.18%	12400
ខ្លោត	0.374 / (4)	0% / 60.18%	12401
កំព្រើល	0.374 / (4)	0% / 60.18%	12402
មួយខាង	0.374 / (4)	0% / 60.18%	12403
ត្រមោច	0.374 / (4)	0% / 60.18%	12404
មានត្រឹមតែ	0.374 / (4)	0% / 60.18%	12405
សមថ	0.374 / (4)	0% / 60.18%	12406
ទៅយូរ	0.374 / (4)	0% / 60.18%	12407
ភោក្តា	0.374 / (4)	0% / 60.18%	12408
ភាពគ្រោតគ្រាត	0.374 / (4)	0% / 60.18%	12409
កកេរ	0.374 / (4)	0% / 60.18%	12410
ហ្គីតា	0.374 / (4)	0% / 60.18%	12411
កំពល់	0.374 / (4)	0% / 60.18%	12412
មួយក្ដាប់	0.374 / (4)	0% / 60.18%	12413
ធាក់ស៊ីក្លូ	0.374 / (4)	0% / 60.18%	12414
សំបារ	0.374 / (4)	0% / 60.18%	12415
ឆ្អឹងដងកាំបិត	0.374 / (4)	0% / 60.18%	12416
ពុះពោរ	0.374 / (4)	0% / 60.18%	12417
ជូជក	0.374 / (4)	0% / 60.18%	12418
និរុត្តិ	0.374 / (4)	0% / 60.18%	12419
ដង្កាត់	0.374 / (4)	0% / 60.18%	12420
និទានថា	0.374 / (4)	0% / 60.18%	12421
បែកញើសហូរញើស	0.374 / (4)	0% / 60.18%	12422
វិទ្យាធរ	0.374 / (4)	0% / 60.18%	12423
ផ្លូវជាតិលេខ	0.374 / (4)	0% / 60.18%	12424
រុកកួន	0.374 / (4)	0% / 60.18%	12425
អីក៏មិន	0.374 / (4)	0% / 60.18%	12426
ផ្គាប់ចិត្ត	0.374 / (4)	0% / 60.18%	12427
ដរាបមក	0.374 / (4)	0% / 60.18%	12428
ភៈ	0.374 / (4)	0% / 60.18%	12429
ដេកចាំ	0.374 / (4)	0% / 60.18%	12430
អស្មិ	0.374 / (4)	0% / 60.18%	12431
កុងសែ	0.374 / (4)	0% / 60.18%	12432
ដឺគ្រេ	0.374 / (4)	0% / 60.18%	12433
ឡាប	0.374 / (4)	0% / 60.18%	12434
ពិម្ពិសារ	0.374 / (4)	0% / 60.18%	12435
បឋមកប្ប	0.374 / (4)	0% / 60.18%	12436
គេហស្ថាន	0.374 / (4)	0% / 60.18%	12437
ញាប់ឡើង	0.374 / (4)	0% / 60.18%	12438
រិប	0.374 / (4)	0% / 60.18%	12439
អ្នកទទួល	0.374 / (4)	0% / 60.18%	12440
លះលែង	0.374 / (4)	0% / 60.18%	12441
អិដ្ឋ	0.374 / (4)	0% / 60.18%	12442
ធនាគារិក	0.374 / (4)	0% / 60.18%	12443
ប្រែគំនិត	0.374 / (4)	0% / 60.18%	12444
អ្នកថ្លៃ	0.374 / (4)	0% / 60.18%	12445
លិចទឹក	0.374 / (4)	0% / 60.18%	12446
គ្រាំគ្រា	0.374 / (4)	0% / 60.18%	12447
កែវកង	0.374 / (4)	0% / 60.18%	12448
អ្នកសារពត៌មាន	0.374 / (4)	0% / 60.18%	12449
អាណានិគមនិយម	0.374 / (4)	0% / 60.18%	12450
ឆ្មើងឆ្មៃ	0.374 / (4)	0% / 60.19%	12451
ស្បើម	0.374 / (4)	0% / 60.19%	12452
អ្នកស្រុកដើម	0.374 / (4)	0% / 60.19%	12453
ក្បាលរឹង	0.374 / (4)	0% / 60.19%	12454
ឆែកមើល	0.374 / (4)	0% / 60.19%	12455
ពកូន	0.374 / (4)	0% / 60.19%	12456
កុមារាកុមារី	0.374 / (4)	0% / 60.19%	12457
ដំរៀប	0.374 / (4)	0% / 60.19%	12458
ជីទួតមួយ	0.374 / (4)	0% / 60.19%	12459
ភូឈួយ	0.374 / (4)	0% / 60.19%	12460
ផ្សំសាច់	0.374 / (4)	0% / 60.19%	12461
ចែត្រ	0.374 / (4)	0% / 60.19%	12462
អង្គុយបញ្ឈរជង្គង់	0.374 / (4)	0% / 60.19%	12463
ភវនីយភាព	0.374 / (4)	0% / 60.19%	12464
ម៉េចក៏ដោយ	0.374 / (4)	0% / 60.19%	12465
ដង្គត់	0.374 / (4)	0% / 60.19%	12466
រាសីចក្រ	0.374 / (4)	0% / 60.19%	12467
ឥរាវ័ត	0.374 / (4)	0% / 60.19%	12468
ល្ខោនបាសាក់	0.374 / (4)	0% / 60.19%	12469
ភ្លាត់ស្នៀត	0.374 / (4)	0% / 60.19%	12470
យុគថ្ម	0.374 / (4)	0% / 60.19%	12471
ខាងគេ	0.374 / (4)	0% / 60.19%	12472
ស្តម្ភ	0.374 / (4)	0% / 60.19%	12473
សុរិយគតិ	0.374 / (4)	0% / 60.19%	12474
ឆ្អឹងដើមដៃ	0.374 / (4)	0% / 60.19%	12475
អបគមន៍	0.374 / (4)	0% / 60.19%	12476
បំបោល	0.374 / (4)	0% / 60.19%	12477
ធ្វើពលកម្ម	0.374 / (4)	0% / 60.19%	12478
ថ្មបាយក្រៀម	0.374 / (4)	0% / 60.19%	12479
កាយឫទ្ធិ	0.374 / (4)	0% / 60.19%	12480
សត្វពាហនៈ	0.374 / (4)	0% / 60.19%	12481
ជម្ងឺឆ្លង	0.374 / (4)	0% / 60.19%	12482
ស្អេកស្កះ	0.374 / (4)	0% / 60.19%	12483
ការបោះបង់	0.374 / (4)	0% / 60.19%	12484
រាស្ត្រនិយម	0.374 / (4)	0% / 60.19%	12485
បើប្រសិនជា	0.374 / (4)	0% / 60.19%	12486
ចំនួនជា	0.374 / (4)	0% / 60.19%	12487
វិស្សមកាល	0.374 / (4)	0% / 60.19%	12488
វិជ្ជាធរ	0.374 / (4)	0% / 60.19%	12489
តាមអ្វី​?	0.374 / (4)	0% / 60.19%	12490
មានរបួស	0.374 / (4)	0% / 60.19%	12491
ជំនាងផ្ទះ	0.374 / (4)	0% / 60.19%	12492
កែខៃ	0.374 / (4)	0% / 60.19%	12493
ត្រោះ	0.374 / (4)	0% / 60.19%	12494
សង្សារវដ្ដ	0.374 / (4)	0% / 60.19%	12495
មយា	0.374 / (4)	0% / 60.19%	12496
ឯវំ	0.374 / (4)	0% / 60.19%	12497
ថប់តែ	0.374 / (4)	0% / 60.19%	12498
សោះនឹង	0.374 / (4)	0% / 60.19%	12499
វាំងហ្លួង	0.374 / (4)	0% / 60.19%	12500
ម្រះព្រៅ	0.374 / (4)	0% / 60.19%	12501
កាលពីឆ្នាំមុន	0.374 / (4)	0% / 60.19%	12502
ខ្មែរសេរី	0.374 / (4)	0% / 60.19%	12503
បានទ្រព្យ	0.374 / (4)	0% / 60.19%	12504
ការផ្សងព្រេង	0.374 / (4)	0% / 60.19%	12505
សហភាពសូវៀត	0.374 / (4)	0% / 60.19%	12506
ដុប	0.374 / (4)	0% / 60.19%	12507
សំយោគសញ្ញា	0.374 / (4)	0% / 60.19%	12508
ម្សៀ	0.374 / (4)	0% / 60.19%	12509
ប្រហែលមាន	0.374 / (4)	0% / 60.19%	12510
មាត់ទទេ	0.374 / (4)	0% / 60.19%	12511
ទឹកស្លាប់	0.374 / (4)	0% / 60.19%	12512
លុន	0.374 / (4)	0% / 60.19%	12513
តាដុង	0.374 / (4)	0% / 60.19%	12514
អ្នកបួស	0.374 / (4)	0% / 60.19%	12515
ពាលពៅ	0.374 / (4)	0% / 60.19%	12516
រកាំរកូស	0.374 / (4)	0% / 60.19%	12517
ស្លក់	0.374 / (4)	0% / 60.19%	12518
សត្តឃាត	0.374 / (4)	0% / 60.19%	12519
អាខ្លះ	0.374 / (4)	0% / 60.19%	12520
លន្លឹម	0.374 / (4)	0% / 60.19%	12521
ចង្អោរ	0.374 / (4)	0% / 60.19%	12522
លន្លង់លន្លោច	0.374 / (4)	0% / 60.19%	12523
ស្រទំ	0.374 / (4)	0% / 60.19%	12524
សោតា	0.374 / (4)	0% / 60.19%	12525
សាមន្តរាជ	0.374 / (4)	0% / 60.19%	12526
សន្ធៃ	0.374 / (4)	0% / 60.19%	12527
ឆ្លាស់គ្នា	0.374 / (4)	0% / 60.19%	12528
មិត្តជិតដិត	0.374 / (4)	0% / 60.19%	12529
ស្វាន	0.374 / (4)	0% / 60.19%	12530
ភ័យរន្ធត់	0.374 / (4)	0% / 60.19%	12531
ធ្មង់	0.374 / (4)	0% / 60.19%	12532
ធម្មិក	0.374 / (4)	0% / 60.19%	12533
សេចក្តីអធិប្បាយ	0.374 / (4)	0% / 60.19%	12534
ស្ដាប់ការ	0.374 / (4)	0% / 60.19%	12535
ក្រឡក	0.374 / (4)	0% / 60.19%	12536
ចាកសិក្ខាបទ	0.374 / (4)	0% / 60.19%	12537
តតួ	0.374 / (4)	0% / 60.19%	12538
ឡៃឡុង	0.374 / (4)	0% / 60.19%	12539
បនល្បែង	0.374 / (4)	0% / 60.19%	12540
រិះរេ	0.374 / (4)	0% / 60.19%	12541
មិនសុខចិត្ត	0.374 / (4)	0% / 60.19%	12542
ខ្យងស័ង្ខ	0.374 / (4)	0% / 60.19%	12543
ភ្លឺត្រចះ	0.374 / (4)	0% / 60.19%	12544
រលេះ	0.374 / (4)	0% / 60.19%	12545
ក្តីក្តាំ	0.374 / (4)	0% / 60.19%	12546
ស្ទុង	0.374 / (4)	0% / 60.19%	12547
រោងដំរី	0.374 / (4)	0% / 60.19%	12548
សាឡី	0.374 / (4)	0% / 60.19%	12549
អ៊ូយ	0.374 / (4)	0% / 60.19%	12550
តុម	0.374 / (4)	0% / 60.19%	12551
ទ័ពអាកាស	0.374 / (4)	0% / 60.19%	12552
រដ្ឋអាជ្ញា	0.374 / (4)	0% / 60.19%	12553
មនោគម	0.374 / (4)	0% / 60.19%	12554
រីនឹង	0.374 / (4)	0% / 60.19%	12555
ម្ដងម្នាក់	0.374 / (4)	0% / 60.19%	12556
អង្គើយ	0.374 / (4)	0% / 60.19%	12557
អ័ក្ស	0.374 / (4)	0% / 60.19%	12558
អនាគតជាតិ	0.374 / (4)	0% / 60.19%	12559
ត្រប់ស្រួយ	0.374 / (4)	0% / 60.19%	12560
អោបដៃ	0.374 / (4)	0% / 60.19%	12561
ជ្រួលជ្រើម	0.374 / (4)	0% / 60.19%	12562
ខែកត្តិក	0.374 / (4)	0% / 60.19%	12563
ដេកមិនលក់	0.374 / (4)	0% / 60.19%	12564
រជួល	0.374 / (4)	0% / 60.19%	12565
រតិ	0.374 / (4)	0% / 60.19%	12566
រួមដៃគ្នា	0.374 / (4)	0% / 60.19%	12567
ជាតិក្រោយ	0.374 / (4)	0% / 60.19%	12568
រំលាង	0.374 / (4)	0% / 60.19%	12569
មានឋានៈជា	0.374 / (4)	0% / 60.19%	12570
មាយាត	0.374 / (4)	0% / 60.19%	12571
ត្វា	0.374 / (4)	0% / 60.19%	12572
ឧបកិច្ច	0.374 / (4)	0% / 60.19%	12573
ទុតិយាសាធ	0.374 / (4)	0% / 60.19%	12574
តម្រេក	0.374 / (4)	0% / 60.19%	12575
អរហត្ត	0.374 / (4)	0% / 60.19%	12576
នាវាចរ	0.374 / (4)	0% / 60.19%	12577
ពាក់មួក	0.374 / (4)	0% / 60.19%	12578
ប្រាកដនិយម	0.374 / (4)	0% / 60.19%	12579
ដងកាំបិត	0.374 / (4)	0% / 60.19%	12580
ស្រាប	0.374 / (4)	0% / 60.19%	12581
ប័ណ្ណទិញ	0.374 / (4)	0% / 60.19%	12582
ច្រាស់	0.374 / (4)	0% / 60.19%	12583
ខុល	0.374 / (4)	0% / 60.19%	12584
មាត់ទ្វារ	0.374 / (4)	0% / 60.19%	12585
ប្រែសំដី	0.374 / (4)	0% / 60.19%	12586
ព្រូ	0.374 / (4)	0% / 60.19%	12587
សមប្រកប	0.374 / (4)	0% / 60.19%	12588
សំភី	0.374 / (4)	0% / 60.19%	12589
ម្សៀត	0.374 / (4)	0% / 60.19%	12590
មានអំពើ	0.374 / (4)	0% / 60.19%	12591
គ្រុម	0.374 / (4)	0% / 60.19%	12592
ទ្វិ	0.374 / (4)	0% / 60.19%	12593
អនក្ខរជន	0.374 / (4)	0% / 60.19%	12594
កាកី	0.374 / (4)	0% / 60.19%	12595
ខែលើក	0.374 / (4)	0% / 60.19%	12596
អភិញ្ញា	0.374 / (4)	0% / 60.19%	12597
ក្រពេញ	0.374 / (4)	0% / 60.19%	12598
ថ្លើមថ្លៃ	0.374 / (4)	0% / 60.19%	12599
រហ៊ុម	0.374 / (4)	0% / 60.19%	12600
បីបើ	0.374 / (4)	0% / 60.19%	12601
ឆ្លើយដាក់	0.374 / (4)	0% / 60.19%	12602
អូ៎	0.374 / (4)	0% / 60.19%	12603
ពិទ្យាធរ	0.374 / (4)	0% / 60.19%	12604
ឈឺចុក	0.374 / (4)	0% / 60.19%	12605
អាកាសយាន	0.374 / (4)	0% / 60.19%	12606
ដល់ពេលហើយ	0.374 / (4)	0% / 60.19%	12607
ជើងពេល	0.374 / (4)	0% / 60.19%	12608
ខុសពេល	0.374 / (4)	0% / 60.19%	12609
រម្លំ	0.374 / (4)	0% / 60.19%	12610
បូជាសព	0.374 / (4)	0% / 60.19%	12611
ចងស្លាបសេក	0.374 / (4)	0% / 60.19%	12612
អកអំបុក	0.374 / (4)	0% / 60.19%	12613
ចំមុខ	0.374 / (4)	0% / 60.19%	12614
ឆ្លងស្ទឹង	0.374 / (4)	0% / 60.19%	12615
ទាត់ចោល	0.374 / (4)	0% / 60.19%	12616
សុំលាលែង	0.374 / (4)	0% / 60.19%	12617
សើយលាត់	0.374 / (4)	0% / 60.19%	12618
លក្ស	0.374 / (4)	0% / 60.19%	12619
ក្បិតក្បៀត	0.374 / (4)	0% / 60.19%	12620
ល្វីងជូរចត់	0.374 / (4)	0% / 60.19%	12621
ខ្ចីប្រាក់	0.374 / (4)	0% / 60.19%	12622
ទសជាតក	0.374 / (4)	0% / 60.19%	12623
កូនសិស្សលោក	0.374 / (4)	0% / 60.19%	12624
គន្លឹះទ្វារ	0.374 / (4)	0% / 60.19%	12625
ភាជន៍	0.374 / (4)	0% / 60.19%	12626
ចៅមហា	0.374 / (4)	0% / 60.19%	12627
សត្វល្អិត	0.374 / (4)	0% / 60.19%	12628
សណ្តូក	0.374 / (4)	0% / 60.19%	12629
ត្រសុំ	0.374 / (4)	0% / 60.19%	12630
ទឹង	0.374 / (4)	0% / 60.19%	12631
ក្ស័យជីវិត	0.374 / (4)	0% / 60.19%	12632
ខ្សឺត	0.374 / (4)	0% / 60.19%	12633
ធ្វើកូន	0.374 / (4)	0% / 60.19%	12634
តិលក	0.374 / (4)	0% / 60.19%	12635
ស្មុកស្មាញ	0.374 / (4)	0% / 60.19%	12636
ផ្លែង	0.374 / (4)	0% / 60.19%	12637
បរិយោសាន	0.374 / (4)	0% / 60.19%	12638
រហេម	0.374 / (4)	0% / 60.19%	12639
អង្ក្រង	0.374 / (4)	0% / 60.19%	12640
សែប	0.374 / (4)	0% / 60.19%	12641
ចុះទុន	0.374 / (4)	0% / 60.19%	12642
រក្សាសីល	0.374 / (4)	0% / 60.19%	12643
សំពាយ	0.374 / (4)	0% / 60.19%	12644
ដង្ហក់	0.374 / (4)	0% / 60.19%	12645
រង្គោះ	0.374 / (4)	0% / 60.19%	12646
រសាវ	0.374 / (4)	0% / 60.19%	12647
លោកេស្វរ	0.374 / (4)	0% / 60.19%	12648
ខ្ទាំង	0.374 / (4)	0% / 60.19%	12649
គ្រឿងប្រដាប់	0.374 / (4)	0% / 60.19%	12650
ញៀច	0.374 / (4)	0% / 60.19%	12651
មានចិត្តជា	0.374 / (4)	0% / 60.19%	12652
អ្នកទទួលភ្ញៀវ	0.374 / (4)	0% / 60.19%	12653
ក្សត្រិយានី	0.374 / (4)	0% / 60.19%	12654
ស្មិងស្មាធិ៍	0.374 / (4)	0% / 60.19%	12655
ខ្លុក	0.374 / (4)	0% / 60.19%	12656
ឡុល	0.374 / (4)	0% / 60.19%	12657
បាក់ឆ្អឹង	0.374 / (4)	0% / 60.19%	12658
វណ៌	0.374 / (4)	0% / 60.19%	12659
តាមកាល	0.374 / (4)	0% / 60.19%	12660
ជាន់ឡើង	0.374 / (4)	0% / 60.19%	12661
ដៀលត្មះ	0.374 / (4)	0% / 60.19%	12662
សងខាងផ្លូវ	0.374 / (4)	0% / 60.19%	12663
ពស់វែក	0.374 / (4)	0% / 60.19%	12664
គ្រក	0.374 / (4)	0% / 60.19%	12665
អូប៉ាល័រ	0.374 / (4)	0% / 60.19%	12666
សោកសង្រេង	0.374 / (4)	0% / 60.19%	12667
អាទិច្ចវង្ស	0.374 / (4)	0% / 60.19%	12668
គ្របគ្រង	0.374 / (4)	0% / 60.19%	12669
និន្នាការនយោបាយ	0.374 / (4)	0% / 60.19%	12670
រូបកាយ	0.374 / (4)	0% / 60.19%	12671
លស់ព្រលឹង	0.374 / (4)	0% / 60.19%	12672
លែងតែ	0.374 / (4)	0% / 60.19%	12673
ចួនជា	0.374 / (4)	0% / 60.19%	12674
ចាក់ពុម្ព	0.374 / (4)	0% / 60.19%	12675
ការដាក់រាជ្យ	0.374 / (4)	0% / 60.19%	12676
ដន់ត្រី	0.374 / (4)	0% / 60.19%	12677
អាគមគាថា	0.374 / (4)	0% / 60.19%	12678
កុសលផល	0.374 / (4)	0% / 60.19%	12679
ជើងម៉ា	0.374 / (4)	0% / 60.19%	12680
អាយ៉ៃ	0.374 / (4)	0% / 60.19%	12681
ចំណង់ចំណូលចិត្ត	0.374 / (4)	0% / 60.19%	12682
ប៉ៈ	0.374 / (4)	0% / 60.19%	12683
ឈរឈ្មោះ	0.374 / (4)	0% / 60.19%	12684
ច្បូត	0.374 / (4)	0% / 60.19%	12685
ប្រពាយ	0.374 / (4)	0% / 60.19%	12686
ចក្រពត្រាធិរាជ	0.374 / (4)	0% / 60.19%	12687
កូនជ្រូក	0.374 / (4)	0% / 60.19%	12688
ដេកពួន	0.374 / (4)	0% / 60.19%	12689
វៀងជ័យ	0.374 / (4)	0% / 60.19%	12690
បង្គុយ	0.374 / (4)	0% / 60.19%	12691
បន្លែស្រស់	0.374 / (4)	0% / 60.19%	12692
ទើត	0.374 / (4)	0% / 60.19%	12693
ចាច់	0.374 / (4)	0% / 60.19%	12694
ខ្ទារ	0.374 / (4)	0% / 60.19%	12695
មនុស្សពូកែ	0.374 / (4)	0% / 60.19%	12696
ទឹកលុយ	0.374 / (4)	0% / 60.19%	12697
សេរីរដ្ឋ	0.374 / (4)	0% / 60.19%	12698
សាយភាយ	0.374 / (4)	0% / 60.19%	12699
សំវិធាន	0.374 / (4)	0% / 60.19%	12700
កាលពីតូច	0.374 / (4)	0% / 60.19%	12701
កំប៉ោង	0.374 / (4)	0% / 60.19%	12702
ប្រាក់កាក់	0.374 / (4)	0% / 60.19%	12703
បណ្ឌិតសភា	0.374 / (4)	0% / 60.19%	12704
រអែក	0.374 / (4)	0% / 60.19%	12705
យកទុក	0.374 / (4)	0% / 60.19%	12706
ថែប	0.374 / (4)	0% / 60.19%	12707
ច្រាម	0.374 / (4)	0% / 60.19%	12708
ភាតរ	0.374 / (4)	0% / 60.19%	12709
កុង្សីយ៍	0.374 / (4)	0% / 60.19%	12710
រាយប៉ាយ	0.374 / (4)	0% / 60.19%	12711
កាច់ក	0.374 / (4)	0% / 60.19%	12712
រាជសំណាក់	0.374 / (4)	0% / 60.19%	12713
ពន្លួញ	0.374 / (4)	0% / 60.19%	12714
ទសពិធ	0.374 / (4)	0% / 60.19%	12715
ឡើងឡាន	0.374 / (4)	0% / 60.19%	12716
កំលុង	0.374 / (4)	0% / 60.19%	12717
កោងកាច	0.374 / (4)	0% / 60.2%	12718
រហែ	0.374 / (4)	0% / 60.2%	12719
សាធុជន	0.374 / (4)	0% / 60.2%	12720
យសោវរ្ម័ន	0.374 / (4)	0% / 60.2%	12721
ស្ទុះស្ទា	0.374 / (4)	0% / 60.2%	12722
អាម៉េរិកាំង	0.374 / (4)	0% / 60.2%	12723
ទន្ទិញ	0.374 / (4)	0% / 60.2%	12724
ប្រកាប់	0.374 / (4)	0% / 60.2%	12725
រហាស់	0.374 / (4)	0% / 60.2%	12726
ជាពន្លឹក	0.374 / (4)	0% / 60.2%	12727
កាន់លុយ	0.374 / (4)	0% / 60.2%	12728
នរៈ	0.374 / (4)	0% / 60.2%	12729
ដើរសំដៅទៅ	0.374 / (4)	0% / 60.2%	12730
ឯណាមួយ	0.374 / (4)	0% / 60.2%	12731
យុគថ្មរំលីង	0.374 / (4)	0% / 60.2%	12732
សម័យនិយម	0.374 / (4)	0% / 60.2%	12733
ស្រឡេវ	0.374 / (4)	0% / 60.2%	12734
ក្រុងរាពណ៍	0.374 / (4)	0% / 60.2%	12735
រាជធីតា	0.374 / (4)	0% / 60.2%	12736
ផ្ទាប់នឹង	0.374 / (4)	0% / 60.2%	12737
សិល្បៈគំនូរ	0.374 / (4)	0% / 60.2%	12738
ការផ្សំ	0.374 / (4)	0% / 60.2%	12739
ម្ហូបមួយមុខ	0.374 / (4)	0% / 60.2%	12740
ស៊ីសាំង	0.374 / (4)	0% / 60.2%	12741
កខឹក	0.374 / (4)	0% / 60.2%	12742
អាចប	0.374 / (4)	0% / 60.2%	12743
តយុទ្ធ	0.374 / (4)	0% / 60.2%	12744
អន្តរប្រទេស	0.374 / (4)	0% / 60.2%	12745
ក្រិស	0.374 / (4)	0% / 60.2%	12746
និវេសនដ្ឋាន	0.374 / (4)	0% / 60.2%	12747
នីល	0.374 / (4)	0% / 60.2%	12748
ត្រាំត្រែង	0.374 / (4)	0% / 60.2%	12749
សង្អារ	0.374 / (4)	0% / 60.2%	12750
ក្នុងករណីនេះ	0.374 / (4)	0% / 60.2%	12751
គ្នេរ	0.374 / (4)	0% / 60.2%	12752
សាល់	0.374 / (4)	0% / 60.2%	12753
ញាក់មុខ	0.374 / (4)	0% / 60.2%	12754
បួយ	0.374 / (4)	0% / 60.2%	12755
ទៅច្បាំង	0.374 / (4)	0% / 60.2%	12756
ទាំងព្រឹកទាំងល្ងាច	0.374 / (4)	0% / 60.2%	12757
ប៉ុន្មានទៀត	0.374 / (4)	0% / 60.2%	12758
កីឡាបាល់ទះ	0.374 / (4)	0% / 60.2%	12759
គំនិតរឹងប៉ឹង	0.374 / (4)	0% / 60.2%	12760
គោលិកាក្រហម	0.374 / (4)	0% / 60.2%	12761
ដៀង	0.374 / (4)	0% / 60.2%	12762
ជើងវត្ត	0.374 / (4)	0% / 60.2%	12763
ណែនណាន់តាន់តាប់	0.374 / (4)	0% / 60.2%	12764
ប្រជាធិបតេយ្យប្រជាមានិត	0.374 / (4)	0% / 60.2%	12765
ឥតការ	0.374 / (4)	0% / 60.2%	12766
មានប្រៀបលើ	0.374 / (4)	0% / 60.2%	12767
ខ្នោះជើង	0.374 / (4)	0% / 60.2%	12768
រលាញ	0.374 / (4)	0% / 60.2%	12769
អង្គុយសំកុក	0.374 / (4)	0% / 60.2%	12770
ហត្ថី	0.374 / (4)	0% / 60.2%	12771
ភូគោល	0.374 / (4)	0% / 60.2%	12772
ឆាឆៅ	0.374 / (4)	0% / 60.2%	12773
ភឹប	0.374 / (4)	0% / 60.2%	12774
ល្អូក	0.374 / (4)	0% / 60.2%	12775
ដំរូវ	0.374 / (4)	0% / 60.2%	12776
ជាប់ច្រវាក់	0.374 / (4)	0% / 60.2%	12777
បំរែ	0.374 / (4)	0% / 60.2%	12778
ជុំជិត	0.374 / (4)	0% / 60.2%	12779
ឈូរ	0.374 / (4)	0% / 60.2%	12780
ស្គាយ	0.374 / (4)	0% / 60.2%	12781
មេក្រមី	0.374 / (4)	0% / 60.2%	12782
សម្បត្តិគុណ	0.374 / (4)	0% / 60.2%	12783
ម៉ាច់	0.374 / (4)	0% / 60.2%	12784
នាសា	0.374 / (4)	0% / 60.2%	12785
អ៊ែន	0.374 / (4)	0% / 60.2%	12786
ខាងម្ដាយ	0.374 / (4)	0% / 60.2%	12787
ស្មាត	0.374 / (4)	0% / 60.2%	12788
គម្រង់	0.374 / (4)	0% / 60.2%	12789
ធ្លាប់ទៅ	0.374 / (4)	0% / 60.2%	12790
ឆ្ដោ	0.374 / (4)	0% / 60.2%	12791
ភាពស្ត្រី	0.374 / (4)	0% / 60.2%	12792
ពូជនិយម	0.374 / (4)	0% / 60.2%	12793
មុខប្រហែល	0.374 / (4)	0% / 60.2%	12794
អនុម័តិ	0.374 / (4)	0% / 60.2%	12795
រ៉ក	0.374 / (4)	0% / 60.2%	12796
ពលិការ	0.374 / (4)	0% / 60.2%	12797
ស្ត្រីភេទ	0.374 / (4)	0% / 60.2%	12798
ដកដង្ហើមធំ	0.374 / (4)	0% / 60.2%	12799
យកជាតិ	0.374 / (4)	0% / 60.2%	12800
ប្ដឹងតវ៉ា	0.374 / (4)	0% / 60.2%	12801
ទាស់ចិត្ត	0.374 / (4)	0% / 60.2%	12802
ភោជន៍	0.374 / (4)	0% / 60.2%	12803
អ្នកការពារ	0.374 / (4)	0% / 60.2%	12804
ចាប់ដី	0.374 / (4)	0% / 60.2%	12805
រជោ	0.374 / (4)	0% / 60.2%	12806
សមមុខ	0.374 / (4)	0% / 60.2%	12807
អ្នកស្រែចំការ	0.374 / (4)	0% / 60.2%	12808
ឧប្បត្តិ	0.374 / (4)	0% / 60.2%	12809
គឹកកង	0.374 / (4)	0% / 60.2%	12810
ទ្វីបអាស៊ី	0.374 / (4)	0% / 60.2%	12811
ទ្រាស	0.374 / (4)	0% / 60.2%	12812
យ៉ឺ	0.374 / (4)	0% / 60.2%	12813
វិសោធន	0.374 / (4)	0% / 60.2%	12814
ខ្វៀល	0.374 / (4)	0% / 60.2%	12815
ព្រះធរណី	0.374 / (4)	0% / 60.2%	12816
ស្លើត	0.374 / (4)	0% / 60.2%	12817
អាស្រ័យហេតុ	0.374 / (4)	0% / 60.2%	12818
ព្រះខ័នរាជ្យ	0.374 / (4)	0% / 60.2%	12819
សង្ក្រាន្តិ	0.374 / (4)	0% / 60.2%	12820
ស្គមស្គាំង	0.374 / (4)	0% / 60.2%	12821
ព្រះរាជសម្ភារ	0.374 / (4)	0% / 60.2%	12822
ខ្នល់	0.374 / (4)	0% / 60.2%	12823
ពពាយនាយ	0.374 / (4)	0% / 60.2%	12824
ចំរូងចំរាស	0.374 / (4)	0% / 60.2%	12825
ក្រចកជើង	0.374 / (4)	0% / 60.2%	12826
បញ្ចេះ	0.374 / (4)	0% / 60.2%	12827
ក្រនៀវ	0.374 / (4)	0% / 60.2%	12828
ញេញ	0.374 / (4)	0% / 60.2%	12829
ឥន្ទបត្ត	0.374 / (4)	0% / 60.2%	12830
ឆាយដី	0.374 / (4)	0% / 60.2%	12831
អាសនា	0.374 / (4)	0% / 60.2%	12832
ច្រណែននិន្ទា	0.374 / (4)	0% / 60.2%	12833
កុបកម្ម	0.374 / (4)	0% / 60.2%	12834
អ្នកស៊ើប	0.374 / (4)	0% / 60.2%	12835
ភ្លេចភ្លាំង	0.374 / (4)	0% / 60.2%	12836
ចោលផ្ទះ	0.374 / (4)	0% / 60.2%	12837
ភ័ស្តុភារ	0.374 / (4)	0% / 60.2%	12838
មាសម៉ុម	0.374 / (4)	0% / 60.2%	12839
ចីរ	0.374 / (4)	0% / 60.2%	12840
បាត់ស្រមោល	0.374 / (4)	0% / 60.2%	12841
ក្សេត្រារក្ស	0.374 / (4)	0% / 60.2%	12842
ជាងកាត់សក់	0.374 / (4)	0% / 60.2%	12843
តេះតះ	0.374 / (4)	0% / 60.2%	12844
ឃុំគ្រង	0.374 / (4)	0% / 60.2%	12845
ពេទ្យស្ថាន	0.374 / (4)	0% / 60.2%	12846
បាយក្រៀម	0.374 / (4)	0% / 60.2%	12847
មន្ទីរសម្ភព	0.374 / (4)	0% / 60.2%	12848
ប្រឡាក់ឈាម	0.374 / (4)	0% / 60.2%	12849
ជើងធូប	0.374 / (4)	0% / 60.2%	12850
ជួយរែក	0.374 / (4)	0% / 60.2%	12851
ស្លោ	0.374 / (4)	0% / 60.2%	12852
ម្ហូបចំណី	0.374 / (4)	0% / 60.2%	12853
ចាប់ថ្នាក់	0.374 / (4)	0% / 60.2%	12854
ប្រាក់ឈ្នួល	0.374 / (4)	0% / 60.2%	12855
ចំរៀក	0.374 / (4)	0% / 60.2%	12856
យាវ	0.374 / (4)	0% / 60.2%	12857
រំអុក	0.374 / (4)	0% / 60.2%	12858
តាមយន្តហោះ	0.374 / (4)	0% / 60.2%	12859
ដាច់គេ	0.374 / (4)	0% / 60.2%	12860
មតក	0.374 / (4)	0% / 60.2%	12861
គ្រហែម	0.374 / (4)	0% / 60.2%	12862
ហូតពន្ធ	0.374 / (4)	0% / 60.2%	12863
ក្និច	0.374 / (4)	0% / 60.2%	12864
អហោសិកម្ម	0.374 / (4)	0% / 60.2%	12865
ទំពាំងស្នងឫស្សី	0.374 / (4)	0% / 60.2%	12866
ស្រមណ៍	0.374 / (4)	0% / 60.2%	12867
ក្ទម្ព	0.374 / (4)	0% / 60.2%	12868
កាក់កប	0.374 / (4)	0% / 60.2%	12869
ផ្លើស	0.374 / (4)	0% / 60.2%	12870
គង់នឹង	0.374 / (4)	0% / 60.2%	12871
ត្រែះ	0.374 / (4)	0% / 60.2%	12872
ក្រវ៉ាត់ក	0.374 / (4)	0% / 60.2%	12873
ហ្មាយ	0.374 / (4)	0% / 60.2%	12874
លាច	0.374 / (4)	0% / 60.2%	12875
ដោយមុខ	0.374 / (4)	0% / 60.2%	12876
ហុយផ្សែង	0.374 / (4)	0% / 60.2%	12877
អ្ហ៎	0.374 / (4)	0% / 60.2%	12878
គិតរក	0.374 / (4)	0% / 60.2%	12879
ទាំងហ្វូង	0.374 / (4)	0% / 60.2%	12880
រង្គាត់	0.374 / (4)	0% / 60.2%	12881
លេងស្រី	0.374 / (4)	0% / 60.2%	12882
សត្រី	0.374 / (4)	0% / 60.2%	12883
ក្អមឆ្នាំង	0.374 / (4)	0% / 60.2%	12884
ការហោះហើរ	0.374 / (4)	0% / 60.2%	12885
ធ្វើសន្និសីទ	0.374 / (4)	0% / 60.2%	12886
ត្រូវចោរប្លន់	0.374 / (4)	0% / 60.2%	12887
ឃ្លេងឃ្លោង	0.374 / (4)	0% / 60.2%	12888
ដីល្បប់	0.374 / (4)	0% / 60.2%	12889
នាយទាហានរង	0.374 / (4)	0% / 60.2%	12890
ធ្វើតាមបង្គាប់	0.374 / (4)	0% / 60.2%	12891
មហាលោតផ្លោះ	0.374 / (4)	0% / 60.2%	12892
ក្រោះ	0.374 / (4)	0% / 60.2%	12893
បាត់ស្មារតី	0.374 / (4)	0% / 60.2%	12894
បំបែកចេញ	0.374 / (4)	0% / 60.2%	12895
លឿងទុំ	0.374 / (4)	0% / 60.2%	12896
ព្រះអង្គម្ចាស់ក្សត្រី	0.374 / (4)	0% / 60.2%	12897
ស្ពោត	0.374 / (4)	0% / 60.2%	12898
ដោយស្ងាត់	0.374 / (4)	0% / 60.2%	12899
ថ្នល់ទទឹង	0.374 / (4)	0% / 60.2%	12900
ព្រះពន្លាជ័យ	0.374 / (4)	0% / 60.2%	12901
អនុមតិ	0.374 / (4)	0% / 60.2%	12902
ខ្សុល	0.374 / (4)	0% / 60.2%	12903
សម្លោក	0.374 / (4)	0% / 60.2%	12904
ស្រីចង្រៃ	0.374 / (4)	0% / 60.2%	12905
ក៏ហីទៅ	0.374 / (4)	0% / 60.2%	12906
ក្អាត់	0.374 / (4)	0% / 60.2%	12907
យាក	0.374 / (4)	0% / 60.2%	12908
ប៉ោល	0.374 / (4)	0% / 60.2%	12909
ឆ្កើះ	0.374 / (4)	0% / 60.2%	12910
បង្ខំចិត្ត	0.374 / (4)	0% / 60.2%	12911
គ្រាក់	0.374 / (4)	0% / 60.2%	12912
ផឹង	0.374 / (4)	0% / 60.2%	12913
របើករបាញ	0.374 / (4)	0% / 60.2%	12914
មាល	0.374 / (4)	0% / 60.2%	12915
ត្រៀមលក្ខណៈ	0.374 / (4)	0% / 60.2%	12916
ស៊ីលៀប	0.374 / (4)	0% / 60.2%	12917
ជម្ពូទ្វីប	0.374 / (4)	0% / 60.2%	12918
ក្រលៀន	0.374 / (4)	0% / 60.2%	12919
ស្ដាប់វិទ្យុ	0.374 / (4)	0% / 60.2%	12920
ឆ្លា	0.374 / (4)	0% / 60.2%	12921
ចំរុង	0.374 / (4)	0% / 60.2%	12922
នៅលើគោក	0.374 / (4)	0% / 60.2%	12923
បរមបពិត្រ	0.374 / (4)	0% / 60.2%	12924
ក្លៀក	0.374 / (4)	0% / 60.2%	12925
សាបាន	0.374 / (4)	0% / 60.2%	12926
រកហេតុ	0.374 / (4)	0% / 60.2%	12927
ចិត្តស្នេហា	0.374 / (4)	0% / 60.2%	12928
ស្រុកក្រៅ	0.374 / (4)	0% / 60.2%	12929
គ្រោះអាសន្ន	0.374 / (4)	0% / 60.2%	12930
ក្រហល់ក្រហាយ	0.374 / (4)	0% / 60.2%	12931
ក្រឡង់	0.374 / (4)	0% / 60.2%	12932
ឧន	0.374 / (4)	0% / 60.2%	12933
អ្នកឆ្លើយ	0.374 / (4)	0% / 60.2%	12934
ចេញថ្លៃ	0.374 / (4)	0% / 60.2%	12935
នៅតែមិនទាន់	0.374 / (4)	0% / 60.2%	12936
កន្លុះ	0.374 / (4)	0% / 60.2%	12937
បឋមសិលា	0.374 / (4)	0% / 60.2%	12938
មហាករុណា	0.374 / (4)	0% / 60.2%	12939
ក្រាបថ្វាយបង្គំ	0.374 / (4)	0% / 60.2%	12940
ផ្ទាល់នឹងភ្នែក	0.374 / (4)	0% / 60.2%	12941
អ្នកថតរូប	0.374 / (4)	0% / 60.2%	12942
ទ្រុល	0.374 / (4)	0% / 60.2%	12943
ក្សេត្រាជីវកម្ម	0.374 / (4)	0% / 60.2%	12944
រាយរង	0.374 / (4)	0% / 60.2%	12945
រយំ	0.374 / (4)	0% / 60.2%	12946
ទុក្ខបុកម្នេញ	0.374 / (4)	0% / 60.2%	12947
ថែមទៅទៀត	0.374 / (4)	0% / 60.2%	12948
ទ្រុស្ដ	0.374 / (4)	0% / 60.2%	12949
ស្នេហ៍ស្នង	0.374 / (4)	0% / 60.2%	12950
តិចក្តីច្រើនក្តី	0.374 / (4)	0% / 60.2%	12951
ទម្រ	0.374 / (4)	0% / 60.2%	12952
ប្រយ័ត	0.374 / (4)	0% / 60.2%	12953
រៀនសាឡើងវិញ	0.374 / (4)	0% / 60.2%	12954
អនិច្ចធម្ម	0.374 / (4)	0% / 60.2%	12955
ប្រកែប្រកាន់	0.374 / (4)	0% / 60.2%	12956
ដីចំការ	0.374 / (4)	0% / 60.2%	12957
សន្និវាស	0.374 / (4)	0% / 60.2%	12958
ច្រើនអន្លើ	0.374 / (4)	0% / 60.2%	12959
តាមដំណើរ	0.374 / (4)	0% / 60.2%	12960
វិភាគជាតិ	0.374 / (4)	0% / 60.2%	12961
ជេរប្រមាថ	0.374 / (4)	0% / 60.2%	12962
មីនរាសី	0.374 / (4)	0% / 60.2%	12963
ទោសោ	0.374 / (4)	0% / 60.2%	12964
ស្រាតននល	0.374 / (4)	0% / 60.2%	12965
ទ្វាទសមាស	0.374 / (4)	0% / 60.2%	12966
ស្អុះ	0.374 / (4)	0% / 60.2%	12967
ការជិះជាន់	0.374 / (4)	0% / 60.2%	12968
ក្មេងកំលោះ	0.374 / (4)	0% / 60.2%	12969
អេតាស៊ីវិល	0.374 / (4)	0% / 60.2%	12970
ក្មាង	0.374 / (4)	0% / 60.2%	12971
រលុះ	0.374 / (4)	0% / 60.2%	12972
រឿងស្រី	0.374 / (4)	0% / 60.2%	12973
ផុតពូជ	0.374 / (4)	0% / 60.2%	12974
ពន្លឺភ្លើង	0.374 / (4)	0% / 60.2%	12975
គ្រាន់បើដែរ	0.374 / (4)	0% / 60.2%	12976
ការឈ្វេងយល់	0.374 / (4)	0% / 60.2%	12977
កិច	0.374 / (4)	0% / 60.2%	12978
ខ្តត	0.374 / (4)	0% / 60.2%	12979
រើក	0.374 / (4)	0% / 60.2%	12980
ដើមដំបូង	0.374 / (4)	0% / 60.2%	12981
សំពះព្រះខែ	0.374 / (4)	0% / 60.2%	12982
ខ្សាយ	0.374 / (4)	0% / 60.2%	12983
ស្គមរីង	0.374 / (4)	0% / 60.2%	12984
ពាក្យញុះញង់	0.374 / (4)	0% / 60.21%	12985
តើក	0.374 / (4)	0% / 60.21%	12986
សេចក្តីត្រូវ	0.374 / (4)	0% / 60.21%	12987
គ្រលុក	0.374 / (4)	0% / 60.21%	12988
អត់ងងុយ	0.374 / (4)	0% / 60.21%	12989
ច្បាប់ដើម	0.374 / (4)	0% / 60.21%	12990
ដូងយួន	0.374 / (4)	0% / 60.21%	12991
បងប្អូនបង្កើត	0.374 / (4)	0% / 60.21%	12992
ចូលទិវង្គត	0.374 / (4)	0% / 60.21%	12993
ថ្ងៃល្ងាច	0.374 / (4)	0% / 60.21%	12994
បទកាកគតិ	0.374 / (4)	0% / 60.21%	12995
ទំពក់	0.374 / (4)	0% / 60.21%	12996
ខែភ្លឺ	0.374 / (4)	0% / 60.21%	12997
ជាគ្រួសារ	0.374 / (4)	0% / 60.21%	12998
ថែមពីលើ	0.374 / (4)	0% / 60.21%	12999
ដើមដៃ	0.374 / (4)	0% / 60.21%	13000
បង្ខំឲ្យ	0.374 / (4)	0% / 60.21%	13001
បុះ	0.374 / (4)	0% / 60.21%	13002
ជាតៈ	0.374 / (4)	0% / 60.21%	13003
អភព្វ	0.374 / (4)	0% / 60.21%	13004
អង្គ្រង	0.374 / (4)	0% / 60.21%	13005
ខ្មោះ	0.374 / (4)	0% / 60.21%	13006
ខ្នាន	0.374 / (4)	0% / 60.21%	13007
ឡើងក	0.374 / (4)	0% / 60.21%	13008
ចៀរ	0.374 / (4)	0% / 60.21%	13009
អានិសង្ស	0.374 / (4)	0% / 60.21%	13010
ព្រាក	0.374 / (4)	0% / 60.21%	13011
ឃ្នាង	0.374 / (4)	0% / 60.21%	13012
ដោយចង់	0.374 / (4)	0% / 60.21%	13013
សស្រាក់សស្រាំ	0.374 / (4)	0% / 60.21%	13014
ដីខ្សាច់	0.374 / (4)	0% / 60.21%	13015
ឧបជ្ឈាយាចារ្យ	0.374 / (4)	0% / 60.21%	13016
ពេលណាក៏ដោយ	0.374 / (4)	0% / 60.21%	13017
វាក់	0.374 / (4)	0% / 60.21%	13018
និម្មល	0.374 / (4)	0% / 60.21%	13019
ល្អឆើត	0.374 / (4)	0% / 60.21%	13020
គណៈវិនិច្ឆ័យ	0.374 / (4)	0% / 60.21%	13021
យាស	0.374 / (4)	0% / 60.21%	13022
ស្រែវស្សា	0.374 / (4)	0% / 60.21%	13023
ធ្វើពុតជា	0.374 / (4)	0% / 60.21%	13024
លលប	0.374 / (4)	0% / 60.21%	13025
មគ្គនាយក	0.374 / (4)	0% / 60.21%	13026
បាញ់រះ	0.374 / (4)	0% / 60.21%	13027
ព្រែកឯង	0.374 / (4)	0% / 60.21%	13028
អភិនីហារ	0.374 / (4)	0% / 60.21%	13029
អង្កាញ់	0.374 / (4)	0% / 60.21%	13030
សោមវង្ស	0.374 / (4)	0% / 60.21%	13031
រើផ្ទះ	0.374 / (4)	0% / 60.21%	13032
ចម្កួត	0.374 / (4)	0% / 60.21%	13033
មានព្រលឹង	0.374 / (4)	0% / 60.21%	13034
ខ្លឺត	0.374 / (4)	0% / 60.21%	13035
ភ្លាត់មាត់	0.374 / (4)	0% / 60.21%	13036
វរមាតា	0.374 / (4)	0% / 60.21%	13037
ជំនោរ	0.374 / (4)	0% / 60.21%	13038
ហរទ័យ	0.374 / (4)	0% / 60.21%	13039
លៀស	0.374 / (4)	0% / 60.21%	13040
កុំឲ្យគេថា	0.374 / (4)	0% / 60.21%	13041
ពះ	0.374 / (4)	0% / 60.21%	13042
ស្រែះ	0.374 / (4)	0% / 60.21%	13043
បាក់ទឹកចិត្ត	0.374 / (4)	0% / 60.21%	13044
មើលល្ខោន	0.374 / (4)	0% / 60.21%	13045
ពោធិ៍ធំ	0.374 / (4)	0% / 60.21%	13046
សង្ខុញ	0.374 / (4)	0% / 60.21%	13047
ចប់តែ	0.374 / (4)	0% / 60.21%	13048
ងងុយដេក	0.374 / (4)	0% / 60.21%	13049
ឯជើង	0.374 / (4)	0% / 60.21%	13050
ស្រុកលើ	0.374 / (4)	0% / 60.21%	13051
ហួសពេក	0.374 / (4)	0% / 60.21%	13052
ជ្រុលដៃ	0.374 / (4)	0% / 60.21%	13053
បទនិពន្ធ	0.374 / (4)	0% / 60.21%	13054
ពាណិជ្ជការ	0.374 / (4)	0% / 60.21%	13055
សេដ្ឋកិច្ចដុនដាប	0.374 / (4)	0% / 60.21%	13056
សាលាសង្កាត់	0.374 / (4)	0% / 60.21%	13057
ផែត	0.374 / (4)	0% / 60.21%	13058
ដូចគ្នានឹង	0.374 / (4)	0% / 60.21%	13059
ចុះថយ	0.374 / (4)	0% / 60.21%	13060
អត្តទត្ថបុគ្គល	0.374 / (4)	0% / 60.21%	13061
ឆ្នេរខ្សាច់	0.374 / (4)	0% / 60.21%	13062
សែនសប្បាយ	0.374 / (4)	0% / 60.21%	13063
លើកដាក់	0.374 / (4)	0% / 60.21%	13064
ត្រចៀកថ្លង់	0.374 / (4)	0% / 60.21%	13065
អេះអុញ	0.374 / (4)	0% / 60.21%	13066
ផ្ដែ	0.374 / (4)	0% / 60.21%	13067
អ្ហូ៎	0.374 / (4)	0% / 60.21%	13068
វត្ថ	0.374 / (4)	0% / 60.21%	13069
អេស្ប៉ាញ៉ុល	0.374 / (4)	0% / 60.21%	13070
ច្រាប	0.374 / (4)	0% / 60.21%	13071
ថ្នល់កែង	0.374 / (4)	0% / 60.21%	13072
តែងលំអ	0.374 / (4)	0% / 60.21%	13073
អ្វីខ្លះទៀត	0.374 / (4)	0% / 60.21%	13074
កូនពៅ	0.374 / (4)	0% / 60.21%	13075
ឯមុខ	0.374 / (4)	0% / 60.21%	13076
ឆៀងចូល	0.374 / (4)	0% / 60.21%	13077
ទង់ដែង	0.374 / (4)	0% / 60.21%	13078
ប្រសិទ្ធិពរ	0.374 / (4)	0% / 60.21%	13079
គគ្រោក	0.374 / (4)	0% / 60.21%	13080
ត្រីភាគី	0.374 / (4)	0% / 60.21%	13081
មានទំនុក	0.374 / (4)	0% / 60.21%	13082
ផ្លូវលោក	0.374 / (4)	0% / 60.21%	13083
កុហក់	0.374 / (4)	0% / 60.21%	13084
លិចទៅ	0.374 / (4)	0% / 60.21%	13085
ផ្ដេកផ្ដិត	0.374 / (4)	0% / 60.21%	13086
វិជ័យ	0.374 / (4)	0% / 60.21%	13087
បាល់បោះ	0.374 / (4)	0% / 60.21%	13088
ដីឥដ្ឋ	0.374 / (4)	0% / 60.21%	13089
ប្រមេះ	0.374 / (4)	0% / 60.21%	13090
កន្លៀត	0.374 / (4)	0% / 60.21%	13091
ឲ្យគង់	0.374 / (4)	0% / 60.21%	13092
មេឃងងឹត	0.374 / (4)	0% / 60.21%	13093
ពាក្យសួរ	0.374 / (4)	0% / 60.21%	13094
ស្ដីឲ្យ	0.374 / (4)	0% / 60.21%	13095
ទស្សនកិច្ចក្រៅផ្លូវការ	0.374 / (4)	0% / 60.21%	13096
របបចាស់	0.374 / (4)	0% / 60.21%	13097
មានសំឡេង	0.374 / (4)	0% / 60.21%	13098
ម្នោម្នេញ	0.374 / (4)	0% / 60.21%	13099
រង្វាន់លួងចិត្ត	0.374 / (4)	0% / 60.21%	13100
ឆន្ទា	0.374 / (4)	0% / 60.21%	13101
មធ្យ័ត	0.374 / (4)	0% / 60.21%	13102
អថ័ន	0.374 / (4)	0% / 60.21%	13103
កូនហ៊ុន	0.374 / (4)	0% / 60.21%	13104
ប៉ាណូ	0.374 / (4)	0% / 60.21%	13105
រិម	0.374 / (4)	0% / 60.21%	13106
ព្រះអធិបតី	0.374 / (4)	0% / 60.21%	13107
សំបកខ្យង	0.374 / (4)	0% / 60.21%	13108
ប្រតែង	0.374 / (4)	0% / 60.21%	13109
ផិន	0.374 / (4)	0% / 60.21%	13110
មោក្ខ	0.374 / (4)	0% / 60.21%	13111
យក្សា	0.374 / (4)	0% / 60.21%	13112
កងដៃ	0.374 / (4)	0% / 60.21%	13113
អន្សមចេក	0.374 / (4)	0% / 60.21%	13114
កែកុន	0.374 / (4)	0% / 60.21%	13115
អចល័ត	0.374 / (4)	0% / 60.21%	13116
បញ្ញាសជាតក	0.374 / (4)	0% / 60.21%	13117
រញ៉ែ	0.374 / (4)	0% / 60.21%	13118
ហ៊ិះ	0.374 / (4)	0% / 60.21%	13119
កន្លេង	0.374 / (4)	0% / 60.21%	13120
ទ្វី	0.374 / (4)	0% / 60.21%	13121
ផ្លាប់	0.374 / (4)	0% / 60.21%	13122
ទ្រលន់	0.374 / (4)	0% / 60.21%	13123
បៀក	0.374 / (4)	0% / 60.21%	13124
យកចំណេះ	0.374 / (4)	0% / 60.21%	13125
ការណាត់ជួប	0.374 / (4)	0% / 60.21%	13126
ចោលការ	0.374 / (4)	0% / 60.21%	13127
ក្សណៈ	0.374 / (4)	0% / 60.21%	13128
ចំណែកខាង	0.374 / (4)	0% / 60.21%	13129
វប្បមង្គល	0.374 / (4)	0% / 60.21%	13130
ញ៉ែស្រី	0.374 / (4)	0% / 60.21%	13131
រជ្ជទាយាទ	0.374 / (4)	0% / 60.21%	13132
ឋា	0.374 / (4)	0% / 60.21%	13133
ការស្រេកឃ្លាន	0.374 / (4)	0% / 60.21%	13134
ក្អែល	0.374 / (4)	0% / 60.21%	13135
រមាស់មាត់	0.374 / (4)	0% / 60.21%	13136
ក្រមាច់	0.374 / (4)	0% / 60.21%	13137
ពួតដៃគ្នា	0.374 / (4)	0% / 60.21%	13138
ឆ្នាំថោះ	0.28 / (3)	0% / 60.21%	13139
សភាតំណាងប្រជាជនកម្ពុជា	0.28 / (3)	0% / 60.21%	13140
ខ្សែត្រៀម	0.28 / (3)	0% / 60.21%	13141
ថ្នោល	0.28 / (3)	0% / 60.21%	13142
ហេរញ្ញិក	0.28 / (3)	0% / 60.21%	13143
អក្ខរក្រម	0.28 / (3)	0% / 60.21%	13144
ក៏កេះ	0.28 / (3)	0% / 60.21%	13145
អវីចី	0.28 / (3)	0% / 60.21%	13146
មាត់ច្រាំង	0.28 / (3)	0% / 60.21%	13147
ទំរន់	0.28 / (3)	0% / 60.21%	13148
អា៎	0.28 / (3)	0% / 60.21%	13149
សំដីសំដៅ	0.28 / (3)	0% / 60.21%	13150
ឈូឆរ	0.28 / (3)	0% / 60.21%	13151
ធេងធោង	0.28 / (3)	0% / 60.21%	13152
ដឹងខ្មែរ	0.28 / (3)	0% / 60.21%	13153
ចក្រវាល	0.28 / (3)	0% / 60.21%	13154
ទៅកាត់	0.28 / (3)	0% / 60.21%	13155
ពេលធ្វើការ	0.28 / (3)	0% / 60.21%	13156
រាយរាប់	0.28 / (3)	0% / 60.21%	13157
ហិរញ្ញិក	0.28 / (3)	0% / 60.21%	13158
ហួច	0.28 / (3)	0% / 60.21%	13159
អាទីនវ	0.28 / (3)	0% / 60.21%	13160
បំពាន់	0.28 / (3)	0% / 60.21%	13161
អ្នកប្រមាញ់	0.28 / (3)	0% / 60.21%	13162
យុជា	0.28 / (3)	0% / 60.21%	13163
ប្រជែក	0.28 / (3)	0% / 60.21%	13164
មិនថ្វីទេ	0.28 / (3)	0% / 60.21%	13165
សាស្ត្រចារ្យ	0.28 / (3)	0% / 60.21%	13166
ផ្នែករឿង	0.28 / (3)	0% / 60.21%	13167
យីអើ	0.28 / (3)	0% / 60.21%	13168
សម្រូត	0.28 / (3)	0% / 60.21%	13169
ធ្វើកាយវិការ	0.28 / (3)	0% / 60.21%	13170
មូលមិត្រ	0.28 / (3)	0% / 60.21%	13171
ថ្លែន	0.28 / (3)	0% / 60.21%	13172
ទុព្វល	0.28 / (3)	0% / 60.21%	13173
និវត្តជន	0.28 / (3)	0% / 60.21%	13174
សណ្ដ	0.28 / (3)	0% / 60.21%	13175
ផ្សែផ្សំ	0.28 / (3)	0% / 60.21%	13176
ឮមាត់	0.28 / (3)	0% / 60.21%	13177
រំហើយ	0.28 / (3)	0% / 60.21%	13178
ឆ្ងក់	0.28 / (3)	0% / 60.21%	13179
កាប់គាស់	0.28 / (3)	0% / 60.21%	13180
ធ្លាក់ទឹក	0.28 / (3)	0% / 60.21%	13181
ចំណោល	0.28 / (3)	0% / 60.21%	13182
គំរោងការណ៍	0.28 / (3)	0% / 60.21%	13183
ពេញមុខ	0.28 / (3)	0% / 60.21%	13184
ពានា	0.28 / (3)	0% / 60.21%	13185
លុតក្រាប	0.28 / (3)	0% / 60.21%	13186
គុណបទ	0.28 / (3)	0% / 60.21%	13187
ឈ្ងុយឆ្ងាញ់	0.28 / (3)	0% / 60.21%	13188
ចារកិច្ច	0.28 / (3)	0% / 60.21%	13189
ជនជាតិភាគតិច	0.28 / (3)	0% / 60.21%	13190
កលកិច្ច	0.28 / (3)	0% / 60.21%	13191
ប្រណិបត្តិ	0.28 / (3)	0% / 60.21%	13192
ស្រែស	0.28 / (3)	0% / 60.21%	13193
ដែកគោល	0.28 / (3)	0% / 60.21%	13194
មសូរ	0.28 / (3)	0% / 60.21%	13195
ផ្លាញ	0.28 / (3)	0% / 60.21%	13196
អំពើឈ្លានពាន	0.28 / (3)	0% / 60.21%	13197
ធុតង្គ	0.28 / (3)	0% / 60.21%	13198
អកយំ	0.28 / (3)	0% / 60.21%	13199
គ្រូក	0.28 / (3)	0% / 60.21%	13200
ដូចយ៉ាង	0.28 / (3)	0% / 60.21%	13201
កងរថក្រោះ	0.28 / (3)	0% / 60.21%	13202
ជ្រោង	0.28 / (3)	0% / 60.21%	13203
ព្រត	0.28 / (3)	0% / 60.21%	13204
សិល្បការិនី	0.28 / (3)	0% / 60.21%	13205
ព្រហ្មចរិយ	0.28 / (3)	0% / 60.21%	13206
ខ្ទឹមស	0.28 / (3)	0% / 60.21%	13207
ក្រែងចិត្ត	0.28 / (3)	0% / 60.21%	13208
មោនភាព	0.28 / (3)	0% / 60.21%	13209
ឆឺយ	0.28 / (3)	0% / 60.21%	13210
ត្រាស់បង្គាប់	0.28 / (3)	0% / 60.21%	13211
ព្រឹល	0.28 / (3)	0% / 60.21%	13212
កាមតណ្ហា	0.28 / (3)	0% / 60.21%	13213
រត់ចេញ	0.28 / (3)	0% / 60.21%	13214
ទោសាគតិ	0.28 / (3)	0% / 60.21%	13215
នាដក	0.28 / (3)	0% / 60.21%	13216
កំពូលស្រួច	0.28 / (3)	0% / 60.21%	13217
ក្រឹម	0.28 / (3)	0% / 60.21%	13218
លោកបទ	0.28 / (3)	0% / 60.21%	13219
មួយចំណែក	0.28 / (3)	0% / 60.21%	13220
បច្ចិម	0.28 / (3)	0% / 60.21%	13221
ស្លៀកពាក់ស្អាតបាត	0.28 / (3)	0% / 60.21%	13222
អេចអូច	0.28 / (3)	0% / 60.21%	13223
ប្រឹងរក	0.28 / (3)	0% / 60.21%	13224
អាសន្នកាល	0.28 / (3)	0% / 60.21%	13225
ស្ពាន់ធ័រ	0.28 / (3)	0% / 60.21%	13226
ពពូន	0.28 / (3)	0% / 60.21%	13227
ទក់	0.28 / (3)	0% / 60.21%	13228
ហូតជីវិត	0.28 / (3)	0% / 60.21%	13229
ខ្ញុំកញ្ជះ	0.28 / (3)	0% / 60.21%	13230
ហៅឈ្មោះ	0.28 / (3)	0% / 60.21%	13231
ប្លង់តុង	0.28 / (3)	0% / 60.21%	13232
ក្លិនក្រអូប	0.28 / (3)	0% / 60.21%	13233
និម៌ល	0.28 / (3)	0% / 60.21%	13234
ស្រស់បស់	0.28 / (3)	0% / 60.21%	13235
អាហរ័ណនីហរ័ណ	0.28 / (3)	0% / 60.21%	13236
ទឹកបាន	0.28 / (3)	0% / 60.21%	13237
ថូន	0.28 / (3)	0% / 60.21%	13238
ថាមពលបរមាណូ	0.28 / (3)	0% / 60.21%	13239
ឈ្ងុយឈ្ងប់	0.28 / (3)	0% / 60.21%	13240
ឃ្មត់	0.28 / (3)	0% / 60.21%	13241
ពែត	0.28 / (3)	0% / 60.21%	13242
តាវ៉ៅ	0.28 / (3)	0% / 60.21%	13243
អាច្រមក់	0.28 / (3)	0% / 60.21%	13244
ស្រីអា	0.28 / (3)	0% / 60.21%	13245
ប៉ោក	0.28 / (3)	0% / 60.21%	13246
សាសនូបត្ថម្ភក៍	0.28 / (3)	0% / 60.21%	13247
គេហជន	0.28 / (3)	0% / 60.21%	13248
ត្លែត	0.28 / (3)	0% / 60.21%	13249
ជត	0.28 / (3)	0% / 60.21%	13250
អនីតិ	0.28 / (3)	0% / 60.21%	13251
ជាប់ពន្ធនាគារ	0.28 / (3)	0% / 60.21%	13252
របស់ប្រើប្រាស់	0.28 / (3)	0% / 60.21%	13253
បាល់ទះ	0.28 / (3)	0% / 60.21%	13254
ឲ្យទឹក	0.28 / (3)	0% / 60.21%	13255
ខាត់ណា	0.28 / (3)	0% / 60.21%	13256
អនុវត្តិ	0.28 / (3)	0% / 60.21%	13257
ត្រីមុខ	0.28 / (3)	0% / 60.21%	13258
ម្សេវ	0.28 / (3)	0% / 60.21%	13259
កម្មវិស័យ	0.28 / (3)	0% / 60.21%	13260
ចក្ក	0.28 / (3)	0% / 60.21%	13261
ផ្លោក	0.28 / (3)	0% / 60.21%	13262
ឥតស្រាក	0.28 / (3)	0% / 60.21%	13263
ឈឹប	0.28 / (3)	0% / 60.21%	13264
ត្រឹមហ្នឹង	0.28 / (3)	0% / 60.21%	13265
ថ្លាឈ្វេង	0.28 / (3)	0% / 60.21%	13266
ចិនសុទ្ធ	0.28 / (3)	0% / 60.21%	13267
ពភីង	0.28 / (3)	0% / 60.21%	13268
កម្មន្ត	0.28 / (3)	0% / 60.21%	13269
ចោលខ្មោច	0.28 / (3)	0% / 60.21%	13270
នភី	0.28 / (3)	0% / 60.21%	13271
ស្កល់	0.28 / (3)	0% / 60.21%	13272
ពេលកំណត់	0.28 / (3)	0% / 60.21%	13273
ល្មមតែ	0.28 / (3)	0% / 60.21%	13274
រាងដូចជា	0.28 / (3)	0% / 60.21%	13275
អុងម៉ុង្គ	0.28 / (3)	0% / 60.21%	13276
សើចក្នុងពោះ	0.28 / (3)	0% / 60.21%	13277
កន្ធាយ	0.28 / (3)	0% / 60.21%	13278
ទ្រព្យធន	0.28 / (3)	0% / 60.21%	13279
លកលៃ	0.28 / (3)	0% / 60.21%	13280
នេតិបណ្ឌិត	0.28 / (3)	0% / 60.21%	13281
ប៉ប៉ាច់	0.28 / (3)	0% / 60.21%	13282
សហជីពកម្មករ	0.28 / (3)	0% / 60.21%	13283
ឧតុ	0.28 / (3)	0% / 60.21%	13284
មឹន	0.28 / (3)	0% / 60.21%	13285
ភូមិផងរបងជាមួយ	0.28 / (3)	0% / 60.21%	13286
សន្សំទុក	0.28 / (3)	0% / 60.21%	13287
អ្នកឯកទេស	0.28 / (3)	0% / 60.21%	13288
អំបែងក្បាល	0.28 / (3)	0% / 60.21%	13289
អ្នកមានគុណ	0.28 / (3)	0% / 60.22%	13290
រពុយ	0.28 / (3)	0% / 60.22%	13291
ទង្គឹះ	0.28 / (3)	0% / 60.22%	13292
អានាធិបតេយ្យ	0.28 / (3)	0% / 60.22%	13293
ហេរ	0.28 / (3)	0% / 60.22%	13294
វិទ្ធង្សនា	0.28 / (3)	0% / 60.22%	13295
សែសិប	0.28 / (3)	0% / 60.22%	13296
អាជ្ញាសឹក	0.28 / (3)	0% / 60.22%	13297
មសិ	0.28 / (3)	0% / 60.22%	13298
អំពង់	0.28 / (3)	0% / 60.22%	13299
ចំអេះ	0.28 / (3)	0% / 60.22%	13300
ពាក្យបុរាណ	0.28 / (3)	0% / 60.22%	13301
ទុគ្គត	0.28 / (3)	0% / 60.22%	13302
និបាត	0.28 / (3)	0% / 60.22%	13303
បង្កួយ	0.28 / (3)	0% / 60.22%	13304
សំរក	0.28 / (3)	0% / 60.22%	13305
ឥឡូវហ្នឹង	0.28 / (3)	0% / 60.22%	13306
អាត្រាក់	0.28 / (3)	0% / 60.22%	13307
បូញ	0.28 / (3)	0% / 60.22%	13308
អាភេទ	0.28 / (3)	0% / 60.22%	13309
វ៉ូត	0.28 / (3)	0% / 60.22%	13310
ព្រះកែវមរកត	0.28 / (3)	0% / 60.22%	13311
ទាក់ទាម	0.28 / (3)	0% / 60.22%	13312
សព្វញ្ញូ	0.28 / (3)	0% / 60.22%	13313
កង្វក់	0.28 / (3)	0% / 60.22%	13314
ដាច់ជើង	0.28 / (3)	0% / 60.22%	13315
វៀងចន្ទន៍	0.28 / (3)	0% / 60.22%	13316
ចន្ទាស់	0.28 / (3)	0% / 60.22%	13317
ក្រិន	0.28 / (3)	0% / 60.22%	13318
ស៊ីក្នុង	0.28 / (3)	0% / 60.22%	13319
ស្នាយ	0.28 / (3)	0% / 60.22%	13320
អៀនប្រៀន	0.28 / (3)	0% / 60.22%	13321
កោសី	0.28 / (3)	0% / 60.22%	13322
ជីរនាងវង	0.28 / (3)	0% / 60.22%	13323
គុនល្បុក្កតោ	0.28 / (3)	0% / 60.22%	13324
អីថា	0.28 / (3)	0% / 60.22%	13325
ប្រាក់ការ	0.28 / (3)	0% / 60.22%	13326
កក់លុយ	0.28 / (3)	0% / 60.22%	13327
រារង់	0.28 / (3)	0% / 60.22%	13328
ជុំរុំ	0.28 / (3)	0% / 60.22%	13329
បន្លំយក	0.28 / (3)	0% / 60.22%	13330
ពិភ័ក្តិ	0.28 / (3)	0% / 60.22%	13331
ច្រិមច្រុម	0.28 / (3)	0% / 60.22%	13332
គ្រឿងបរិក្ខារ	0.28 / (3)	0% / 60.22%	13333
មន្តគាថា	0.28 / (3)	0% / 60.22%	13334
រឡូ	0.28 / (3)	0% / 60.22%	13335
សម្ពឹក	0.28 / (3)	0% / 60.22%	13336
ក្អឹក	0.28 / (3)	0% / 60.22%	13337
ខុសទាំងស្រុង	0.28 / (3)	0% / 60.22%	13338
សង្ឃការី	0.28 / (3)	0% / 60.22%	13339
បរិកម្ម	0.28 / (3)	0% / 60.22%	13340
ខាន់ស្លាក់	0.28 / (3)	0% / 60.22%	13341
ធម្មយុត្តិកនិកាយ	0.28 / (3)	0% / 60.22%	13342
សំរាំង	0.28 / (3)	0% / 60.22%	13343
ចូលវស្សា	0.28 / (3)	0% / 60.22%	13344
បដិរូប	0.28 / (3)	0% / 60.22%	13345
ភ្លីភ្លើ	0.28 / (3)	0% / 60.22%	13346
សាមន្ត	0.28 / (3)	0% / 60.22%	13347
បែកសាមគ្គី	0.28 / (3)	0% / 60.22%	13348
សម្រេក	0.28 / (3)	0% / 60.22%	13349
សាណ	0.28 / (3)	0% / 60.22%	13350
កំពីកកំពក	0.28 / (3)	0% / 60.22%	13351
យល់សប្តិឃើញ	0.28 / (3)	0% / 60.22%	13352
រូបខ្មោច	0.28 / (3)	0% / 60.22%	13353
មោទនា	0.28 / (3)	0% / 60.22%	13354
វណ្ណនា	0.28 / (3)	0% / 60.22%	13355
យ៉ាងទៀតទាត់	0.28 / (3)	0% / 60.22%	13356
រហស្ស	0.28 / (3)	0% / 60.22%	13357
ខ្ទ័រ	0.28 / (3)	0% / 60.22%	13358
ឃ្លី	0.28 / (3)	0% / 60.22%	13359
ធ្វើជាឈឺ	0.28 / (3)	0% / 60.22%	13360
ប្រឡាំងកាស	0.28 / (3)	0% / 60.22%	13361
វៀល	0.28 / (3)	0% / 60.22%	13362
ទុកចោល	0.28 / (3)	0% / 60.22%	13363
គាង	0.28 / (3)	0% / 60.22%	13364
គ្រាំង	0.28 / (3)	0% / 60.22%	13365
ស្ទូចត្រី	0.28 / (3)	0% / 60.22%	13366
ច្រម៉ក់	0.28 / (3)	0% / 60.22%	13367
ប្លែកភ្នែក	0.28 / (3)	0% / 60.22%	13368
ឧបរាជ	0.28 / (3)	0% / 60.22%	13369
អាយស្មា	0.28 / (3)	0% / 60.22%	13370
លឹប	0.28 / (3)	0% / 60.22%	13371
រុញរា	0.28 / (3)	0% / 60.22%	13372
ខ្សែភ្លើងឆក់	0.28 / (3)	0% / 60.22%	13373
ទេសន្តរប្រវេសន៍	0.28 / (3)	0% / 60.22%	13374
ជាមធ្យម	0.28 / (3)	0% / 60.22%	13375
រូបារម្មណ៍	0.28 / (3)	0% / 60.22%	13376
បានអ្វី	0.28 / (3)	0% / 60.22%	13377
ណែ៎	0.28 / (3)	0% / 60.22%	13378
ធ្លុងមួយ	0.28 / (3)	0% / 60.22%	13379
ធ្វើយោធា	0.28 / (3)	0% / 60.22%	13380
អាស្ថាន	0.28 / (3)	0% / 60.22%	13381
បែបជា	0.28 / (3)	0% / 60.22%	13382
លាសិនហើយ	0.28 / (3)	0% / 60.22%	13383
ញញួរ	0.28 / (3)	0% / 60.22%	13384
បីបម	0.28 / (3)	0% / 60.22%	13385
លេខបូក	0.28 / (3)	0% / 60.22%	13386
ធ្មុង	0.28 / (3)	0% / 60.22%	13387
ឧត្តរា	0.28 / (3)	0% / 60.22%	13388
អសារក	0.28 / (3)	0% / 60.22%	13389
រាជបន្ទូល	0.28 / (3)	0% / 60.22%	13390
ភោគី	0.28 / (3)	0% / 60.22%	13391
អូ៎យ	0.28 / (3)	0% / 60.22%	13392
ត្រោស	0.28 / (3)	0% / 60.22%	13393
ដល់ស្លាប់	0.28 / (3)	0% / 60.22%	13394
ប្រុះ	0.28 / (3)	0% / 60.22%	13395
បាដាល	0.28 / (3)	0% / 60.22%	13396
ឯកើត	0.28 / (3)	0% / 60.22%	13397
កន្លែងត្រូវ	0.28 / (3)	0% / 60.22%	13398
ប្រកាំ	0.28 / (3)	0% / 60.22%	13399
ធ្វើធំ	0.28 / (3)	0% / 60.22%	13400
បូជាជីវិត	0.28 / (3)	0% / 60.22%	13401
ឪពុកចុង	0.28 / (3)	0% / 60.22%	13402
ចង្កាក់	0.28 / (3)	0% / 60.22%	13403
លោកីយ	0.28 / (3)	0% / 60.22%	13404
ទៅអេះ?	0.28 / (3)	0% / 60.22%	13405
ឫក្សពារ	0.28 / (3)	0% / 60.22%	13406
សិតា	0.28 / (3)	0% / 60.22%	13407
វាំងនាំ	0.28 / (3)	0% / 60.22%	13408
មុម	0.28 / (3)	0% / 60.22%	13409
កោរជុក	0.28 / (3)	0% / 60.22%	13410
មាលាការ	0.28 / (3)	0% / 60.22%	13411
ចាក់ចោល	0.28 / (3)	0% / 60.22%	13412
បស្សាវៈ	0.28 / (3)	0% / 60.22%	13413
រៃលុយ	0.28 / (3)	0% / 60.22%	13414
បញ្ចាំងកុន	0.28 / (3)	0% / 60.22%	13415
អង្គញ់	0.28 / (3)	0% / 60.22%	13416
ភារា	0.28 / (3)	0% / 60.22%	13417
ស្រៀវស្រាញ	0.28 / (3)	0% / 60.22%	13418
ម៉ោងជាង	0.28 / (3)	0% / 60.22%	13419
បុព្វជន	0.28 / (3)	0% / 60.22%	13420
ព្រៃស្បាត	0.28 / (3)	0% / 60.22%	13421
ខ្សែទីមួយ	0.28 / (3)	0% / 60.22%	13422
តម្លង់	0.28 / (3)	0% / 60.22%	13423
ជាដុំកំភួន	0.28 / (3)	0% / 60.22%	13424
អស់បែប	0.28 / (3)	0% / 60.22%	13425
ព្រឹស	0.28 / (3)	0% / 60.22%	13426
ប្រស្រី	0.28 / (3)	0% / 60.22%	13427
អង្គា	0.28 / (3)	0% / 60.22%	13428
ងុប	0.28 / (3)	0% / 60.22%	13429
ចុំ	0.28 / (3)	0% / 60.22%	13430
អក្សរពុម្ព	0.28 / (3)	0% / 60.22%	13431
ងើបមុខ	0.28 / (3)	0% / 60.22%	13432
អាក់អួល	0.28 / (3)	0% / 60.22%	13433
ទន្ទេង	0.28 / (3)	0% / 60.22%	13434
ស៊ីការ	0.28 / (3)	0% / 60.22%	13435
របស់កំប៉ិកកំប៉ុក	0.28 / (3)	0% / 60.22%	13436
ភ្នាស	0.28 / (3)	0% / 60.22%	13437
មូលមតិ	0.28 / (3)	0% / 60.22%	13438
កងបញ្ជាការ	0.28 / (3)	0% / 60.22%	13439
សំដីសុភាព	0.28 / (3)	0% / 60.22%	13440
សំពះគ្រូ	0.28 / (3)	0% / 60.22%	13441
ល្គង	0.28 / (3)	0% / 60.22%	13442
ល្វាសល្វន់	0.28 / (3)	0% / 60.22%	13443
ចង្វាយ	0.28 / (3)	0% / 60.22%	13444
ដាច់សាច់	0.28 / (3)	0% / 60.22%	13445
ខះ	0.28 / (3)	0% / 60.22%	13446
ស្រីខូច	0.28 / (3)	0% / 60.22%	13447
បង្គង	0.28 / (3)	0% / 60.22%	13448
វិរាគ	0.28 / (3)	0% / 60.22%	13449
សជី	0.28 / (3)	0% / 60.22%	13450
តបសំបុត្រ	0.28 / (3)	0% / 60.22%	13451
ខ្ញុំប្រុស	0.28 / (3)	0% / 60.22%	13452
ក្តន់	0.28 / (3)	0% / 60.22%	13453
យប់ស្ងាត់	0.28 / (3)	0% / 60.22%	13454
តបនឹង	0.28 / (3)	0% / 60.22%	13455
ឮឈ្មោះ	0.28 / (3)	0% / 60.22%	13456
ជដា	0.28 / (3)	0% / 60.22%	13457
ភ្លើត	0.28 / (3)	0% / 60.22%	13458
សុំខមាទោស	0.28 / (3)	0% / 60.22%	13459
ត្រកួញ	0.28 / (3)	0% / 60.22%	13460
ចៅស្រី	0.28 / (3)	0% / 60.22%	13461
ឃ្មោះ	0.28 / (3)	0% / 60.22%	13462
ប្រអប់ដៃ	0.28 / (3)	0% / 60.22%	13463
ចៅហ្វាយស្រុក	0.28 / (3)	0% / 60.22%	13464
ទេស្នា	0.28 / (3)	0% / 60.22%	13465
និយាយប៉ាត	0.28 / (3)	0% / 60.22%	13466
នរេសូរ	0.28 / (3)	0% / 60.22%	13467
ដូរផ្ទះ	0.28 / (3)	0% / 60.22%	13468
ប្រុងនឹង	0.28 / (3)	0% / 60.22%	13469
បន្ទាយលង្វែក	0.28 / (3)	0% / 60.22%	13470
រឹងក្បាល	0.28 / (3)	0% / 60.22%	13471
ក្រក្រី	0.28 / (3)	0% / 60.22%	13472
ម៉ាស៊ីនបូម	0.28 / (3)	0% / 60.22%	13473
សិល្បសាស្ត្រ	0.28 / (3)	0% / 60.22%	13474
ភ្នំទឹក	0.28 / (3)	0% / 60.22%	13475
ជើងកាព្យ	0.28 / (3)	0% / 60.22%	13476
សាឡង់	0.28 / (3)	0% / 60.22%	13477
ត្បូងចប	0.28 / (3)	0% / 60.22%	13478
រង្វះ	0.28 / (3)	0% / 60.22%	13479
ពុំបានឡើយ	0.28 / (3)	0% / 60.22%	13480
ប្រាក់សុទ្ធ	0.28 / (3)	0% / 60.22%	13481
កនបន	0.28 / (3)	0% / 60.22%	13482
សំឡេះ	0.28 / (3)	0% / 60.22%	13483
ស្មាធិ	0.28 / (3)	0% / 60.22%	13484
កំឡាច	0.28 / (3)	0% / 60.22%	13485
សម្បួរ	0.28 / (3)	0% / 60.22%	13486
សក់ស្កូវ	0.28 / (3)	0% / 60.22%	13487
តបឆ្លើយ	0.28 / (3)	0% / 60.22%	13488
អស់កើត	0.28 / (3)	0% / 60.22%	13489
ចារនារី	0.28 / (3)	0% / 60.22%	13490
ពៃរ៍	0.28 / (3)	0% / 60.22%	13491
ឆាបឆួល	0.28 / (3)	0% / 60.22%	13492
អាមួយហ្នឹង	0.28 / (3)	0% / 60.22%	13493
សន្តិបាល	0.28 / (3)	0% / 60.22%	13494
ម្ដេចម្ដា	0.28 / (3)	0% / 60.22%	13495
ច្បាម	0.28 / (3)	0% / 60.22%	13496
ម្រែង	0.28 / (3)	0% / 60.22%	13497
ខោស្លីប	0.28 / (3)	0% / 60.22%	13498
គ្រោងការណ៍	0.28 / (3)	0% / 60.22%	13499
អ្នកឈ្លានពាន	0.28 / (3)	0% / 60.22%	13500
មេនាង	0.28 / (3)	0% / 60.22%	13501
ចោរសមុទ្រ	0.28 / (3)	0% / 60.22%	13502
ទម្រាំតែ	0.28 / (3)	0% / 60.22%	13503
មោឃភាព	0.28 / (3)	0% / 60.22%	13504
ជេដ្ឋ	0.28 / (3)	0% / 60.22%	13505
ម្តេចក្តី	0.28 / (3)	0% / 60.22%	13506
រន្ថើន	0.28 / (3)	0% / 60.22%	13507
សម្បូរទៅដោយ	0.28 / (3)	0% / 60.22%	13508
អនុក្រិត្យ	0.28 / (3)	0% / 60.22%	13509
នាងស	0.28 / (3)	0% / 60.22%	13510
បោកបញ្ឆោត	0.28 / (3)	0% / 60.22%	13511
ក្រសួងព្រះ	0.28 / (3)	0% / 60.22%	13512
វិវាហ	0.28 / (3)	0% / 60.22%	13513
ព្រលាំ	0.28 / (3)	0% / 60.22%	13514
យោបល់ល្អ	0.28 / (3)	0% / 60.22%	13515
ព្រះចន្ទ្រ	0.28 / (3)	0% / 60.22%	13516
ឧរា	0.28 / (3)	0% / 60.22%	13517
ល្ងីល្ងើ	0.28 / (3)	0% / 60.22%	13518
សប្ត	0.28 / (3)	0% / 60.22%	13519
អនុសារណៈ	0.28 / (3)	0% / 60.22%	13520
ព្រះបដិមា	0.28 / (3)	0% / 60.22%	13521
រលូង	0.28 / (3)	0% / 60.22%	13522
វារិ	0.28 / (3)	0% / 60.22%	13523
ថាច្បាស់	0.28 / (3)	0% / 60.22%	13524
ទំនងការ	0.28 / (3)	0% / 60.22%	13525
បរិកប្បី	0.28 / (3)	0% / 60.22%	13526
ម្ចាស់បំណុល	0.28 / (3)	0% / 60.22%	13527
ក្រឡឺម	0.28 / (3)	0% / 60.22%	13528
ពេញការ	0.28 / (3)	0% / 60.22%	13529
ក្រាញននៀល	0.28 / (3)	0% / 60.22%	13530
កាមា	0.28 / (3)	0% / 60.22%	13531
វិលាល័យ	0.28 / (3)	0% / 60.22%	13532
ខោទ្រនាប់	0.28 / (3)	0% / 60.22%	13533
សារព័ន	0.28 / (3)	0% / 60.22%	13534
បង់ជីវិត	0.28 / (3)	0% / 60.22%	13535
រសាធារ	0.28 / (3)	0% / 60.22%	13536
ត្រឈឹង	0.28 / (3)	0% / 60.22%	13537
ប្រោក	0.28 / (3)	0% / 60.22%	13538
ទ្រលាន់	0.28 / (3)	0% / 60.22%	13539
រោគាពាធ	0.28 / (3)	0% / 60.22%	13540
អភិសេកព្រះ	0.28 / (3)	0% / 60.22%	13541
សម្រូប	0.28 / (3)	0% / 60.22%	13542
សព្វមុខ	0.28 / (3)	0% / 60.22%	13543
អហំការ	0.28 / (3)	0% / 60.22%	13544
បុណ្យចំរើនព្រះជន្ម	0.28 / (3)	0% / 60.22%	13545
អច្ឆរា	0.28 / (3)	0% / 60.22%	13546
បំពត់	0.28 / (3)	0% / 60.22%	13547
សេចក្ដីថ្លៃថ្នូរ	0.28 / (3)	0% / 60.22%	13548
កលហ	0.28 / (3)	0% / 60.22%	13549
វត្តនី	0.28 / (3)	0% / 60.22%	13550
ក្រសួងហិរញ្ញវត្ថុ	0.28 / (3)	0% / 60.22%	13551
នាដ	0.28 / (3)	0% / 60.22%	13552
ម្ចាស់ជីវិត	0.28 / (3)	0% / 60.22%	13553
មនុស្សចិត្ត	0.28 / (3)	0% / 60.22%	13554
កាលានុវត្តនភាព	0.28 / (3)	0% / 60.22%	13555
សឺរ៉ាំង	0.28 / (3)	0% / 60.22%	13556
ជាញជ័យ	0.28 / (3)	0% / 60.22%	13557
ម៉ាញ់	0.28 / (3)	0% / 60.22%	13558
ប្រៃសណីយបត្រ	0.28 / (3)	0% / 60.22%	13559
យកតម្រាប់	0.28 / (3)	0% / 60.22%	13560
ទីពិសោធន៍	0.28 / (3)	0% / 60.22%	13561
ហ្សាការតា	0.28 / (3)	0% / 60.22%	13562
ស្ថានសួគ៌	0.28 / (3)	0% / 60.22%	13563
ប្រឡូស	0.28 / (3)	0% / 60.22%	13564
ប៉ុនគ្នា	0.28 / (3)	0% / 60.22%	13565
សសៀរ	0.28 / (3)	0% / 60.22%	13566
អត់អាហារ	0.28 / (3)	0% / 60.22%	13567
អាមិស	0.28 / (3)	0% / 60.22%	13568
អ្នកម៉ែ	0.28 / (3)	0% / 60.22%	13569
កៀនកោះ	0.28 / (3)	0% / 60.22%	13570
យ៉ាងហោចក៏	0.28 / (3)	0% / 60.22%	13571
មនុស្សព្រៃ	0.28 / (3)	0% / 60.22%	13572
ដូចសព្វដង	0.28 / (3)	0% / 60.22%	13573
ប្រៀបផ្ទឹម	0.28 / (3)	0% / 60.22%	13574
សំអិត	0.28 / (3)	0% / 60.22%	13575
កំបុតកំបុយ	0.28 / (3)	0% / 60.22%	13576
នរបតី	0.28 / (3)	0% / 60.22%	13577
មហាក្សត្រិយានី	0.28 / (3)	0% / 60.22%	13578
ព្រឺស	0.28 / (3)	0% / 60.22%	13579
បានខាង	0.28 / (3)	0% / 60.22%	13580
ញ៉ាច់	0.28 / (3)	0% / 60.22%	13581
សិទ្ធត្ថ	0.28 / (3)	0% / 60.22%	13582
ខ្នាប់	0.28 / (3)	0% / 60.22%	13583
ឧបទ្ទវ	0.28 / (3)	0% / 60.22%	13584
ភុល	0.28 / (3)	0% / 60.22%	13585
ងឿ	0.28 / (3)	0% / 60.22%	13586
ខ្នងជើង	0.28 / (3)	0% / 60.22%	13587
ស្រែកយំ	0.28 / (3)	0% / 60.22%	13588
ក្រវែល	0.28 / (3)	0% / 60.22%	13589
ដើរតាមគន្លង	0.28 / (3)	0% / 60.22%	13590
នួននាង	0.28 / (3)	0% / 60.22%	13591
ទំនើបនិយម	0.28 / (3)	0% / 60.22%	13592
ខ្មាញ់ខ្មៅ	0.28 / (3)	0% / 60.22%	13593
កែក	0.28 / (3)	0% / 60.22%	13594
តាមឡាន	0.28 / (3)	0% / 60.22%	13595
ចំអាស	0.28 / (3)	0% / 60.22%	13596
ឧបោសថសីល	0.28 / (3)	0% / 60.22%	13597
ដឹកដៃ	0.28 / (3)	0% / 60.22%	13598
ច្បាប់ប្រុស	0.28 / (3)	0% / 60.22%	13599
ពូជអំបូរ	0.28 / (3)	0% / 60.22%	13600
ល្វីងមុខ	0.28 / (3)	0% / 60.22%	13601
ស្បែប	0.28 / (3)	0% / 60.22%	13602
ព្រងើយកន្តើយ	0.28 / (3)	0% / 60.22%	13603
ជាសះស្បើយ	0.28 / (3)	0% / 60.22%	13604
ចង្អៀតចង្អល់	0.28 / (3)	0% / 60.22%	13605
ខានធ្វើ	0.28 / (3)	0% / 60.22%	13606
សម្អុយ	0.28 / (3)	0% / 60.22%	13607
ទីទ័ល	0.28 / (3)	0% / 60.22%	13608
ត្រដឹម	0.28 / (3)	0% / 60.22%	13609
សំបួរមាស	0.28 / (3)	0% / 60.22%	13610
ម៉ុងហ្គោល	0.28 / (3)	0% / 60.22%	13611
មិនចេះចប់មិនចេះហើយ	0.28 / (3)	0% / 60.22%	13612
ក្នុងឋានៈជា	0.28 / (3)	0% / 60.22%	13613
ចុះសំរុង	0.28 / (3)	0% / 60.22%	13614
ទទុង	0.28 / (3)	0% / 60.22%	13615
ការផ្ទះ	0.28 / (3)	0% / 60.22%	13616
អាប័ណ	0.28 / (3)	0% / 60.22%	13617
ម៉ោក	0.28 / (3)	0% / 60.22%	13618
ក្រមួនស	0.28 / (3)	0% / 60.22%	13619
រងៃ	0.28 / (3)	0% / 60.22%	13620
លីឡា	0.28 / (3)	0% / 60.22%	13621
បង្អូស	0.28 / (3)	0% / 60.22%	13622
ល្បាស់	0.28 / (3)	0% / 60.22%	13623
ខ្ពើមរអើម	0.28 / (3)	0% / 60.22%	13624
សគ្គ	0.28 / (3)	0% / 60.22%	13625
ជាដក	0.28 / (3)	0% / 60.22%	13626
អសមត្ថ	0.28 / (3)	0% / 60.22%	13627
ពិម្ពា	0.28 / (3)	0% / 60.22%	13628
ពុធជន	0.28 / (3)	0% / 60.22%	13629
បង្ហាត់បង្ហាញ	0.28 / (3)	0% / 60.22%	13630
មួយផ្នែកទៀត	0.28 / (3)	0% / 60.22%	13631
អស់សាំង	0.28 / (3)	0% / 60.22%	13632
កោតញញើត	0.28 / (3)	0% / 60.22%	13633
អត់ពូជ	0.28 / (3)	0% / 60.22%	13634
ស្មូត្រ	0.28 / (3)	0% / 60.22%	13635
នាឡិ	0.28 / (3)	0% / 60.22%	13636
ប្រទង់ប្រទាញ	0.28 / (3)	0% / 60.22%	13637
មីល	0.28 / (3)	0% / 60.22%	13638
កាឡកណ្ណី	0.28 / (3)	0% / 60.22%	13639
ស្រលេត	0.28 / (3)	0% / 60.22%	13640
អរូបី	0.28 / (3)	0% / 60.22%	13641
អញ្ជលី	0.28 / (3)	0% / 60.22%	13642
ជំនឿស៊ប់	0.28 / (3)	0% / 60.22%	13643
ឧបមេយ្យ	0.28 / (3)	0% / 60.22%	13644
វ៉ាកង	0.28 / (3)	0% / 60.22%	13645
មានជោគ	0.28 / (3)	0% / 60.23%	13646
គ្រុនផ្ដាសាយ	0.28 / (3)	0% / 60.23%	13647
ហុតទឹកសម្លឹងកាក	0.28 / (3)	0% / 60.23%	13648
ជាប់ទាក់ទង	0.28 / (3)	0% / 60.23%	13649
បណ្ដាច់	0.28 / (3)	0% / 60.23%	13650
ជាងចម្លាក់	0.28 / (3)	0% / 60.23%	13651
ប្រលូក	0.28 / (3)	0% / 60.23%	13652
លេខសង	0.28 / (3)	0% / 60.23%	13653
ចាគី	0.28 / (3)	0% / 60.23%	13654
ស្អប់គ្នា	0.28 / (3)	0% / 60.23%	13655
ឧទ័យ	0.28 / (3)	0% / 60.23%	13656
ផ្គុំគ្នា	0.28 / (3)	0% / 60.23%	13657
ឃាត់ទុក	0.28 / (3)	0% / 60.23%	13658
ជំងឺរបេង	0.28 / (3)	0% / 60.23%	13659
អង្គប់	0.28 / (3)	0% / 60.23%	13660
កោមល	0.28 / (3)	0% / 60.23%	13661
សក្ខីកម្ម	0.28 / (3)	0% / 60.23%	13662
ច្រេស	0.28 / (3)	0% / 60.23%	13663
បាញ់ឆែវ	0.28 / (3)	0% / 60.23%	13664
មនុស្សច្រើនរាប់មិនអស់	0.28 / (3)	0% / 60.23%	13665
ផែះ	0.28 / (3)	0% / 60.23%	13666
ស្អិតល្មួត	0.28 / (3)	0% / 60.23%	13667
សព៌ាង្គ	0.28 / (3)	0% / 60.23%	13668
ប្រ៊ុចសែល	0.28 / (3)	0% / 60.23%	13669
ត្រយូង	0.28 / (3)	0% / 60.23%	13670
រៅ	0.28 / (3)	0% / 60.23%	13671
កាន់ខែ	0.28 / (3)	0% / 60.23%	13672
ព្រៀប	0.28 / (3)	0% / 60.23%	13673
ស្លឹកគ្រៃ	0.28 / (3)	0% / 60.23%	13674
រកឫសគល់	0.28 / (3)	0% / 60.23%	13675
លំហាច	0.28 / (3)	0% / 60.23%	13676
ពង្រោះ	0.28 / (3)	0% / 60.23%	13677
តែវ៉ែ	0.28 / (3)	0% / 60.23%	13678
សម្ញែង	0.28 / (3)	0% / 60.23%	13679
អ្នកបង្រៀន	0.28 / (3)	0% / 60.23%	13680
សង្គ្រាជ	0.28 / (3)	0% / 60.23%	13681
ថាមវន្ត	0.28 / (3)	0% / 60.23%	13682
ដោយបទ	0.28 / (3)	0% / 60.23%	13683
ទៅរាប់	0.28 / (3)	0% / 60.23%	13684
បូមឈាម	0.28 / (3)	0% / 60.23%	13685
ដង្ហែក្បួន	0.28 / (3)	0% / 60.23%	13686
របៀបរៀបចំ	0.28 / (3)	0% / 60.23%	13687
ច្រនៀង	0.28 / (3)	0% / 60.23%	13688
ស្រយុត	0.28 / (3)	0% / 60.23%	13689
រហ៊ឹះ	0.28 / (3)	0% / 60.23%	13690
ផ្គុន	0.28 / (3)	0% / 60.23%	13691
បំបត់	0.28 / (3)	0% / 60.23%	13692
ឋិតិ	0.28 / (3)	0% / 60.23%	13693
ឆ្អែង	0.28 / (3)	0% / 60.23%	13694
កំញើញ	0.28 / (3)	0% / 60.23%	13695
ថាតាមពិត	0.28 / (3)	0% / 60.23%	13696
ច្យុត	0.28 / (3)	0% / 60.23%	13697
ត្រៃត្រឹង្ស	0.28 / (3)	0% / 60.23%	13698
លើករឿង	0.28 / (3)	0% / 60.23%	13699
ភាពស្មើគ្នា	0.28 / (3)	0% / 60.23%	13700
ល្បោះ	0.28 / (3)	0% / 60.23%	13701
ប៉ុស	0.28 / (3)	0% / 60.23%	13702
ច្រមក់	0.28 / (3)	0% / 60.23%	13703
អ្នកកណ្ដាល	0.28 / (3)	0% / 60.23%	13704
ប្រទូស	0.28 / (3)	0% / 60.23%	13705
គថ្លង់	0.28 / (3)	0% / 60.23%	13706
បាយកក	0.28 / (3)	0% / 60.23%	13707
ដាក់ចិត្ត	0.28 / (3)	0% / 60.23%	13708
គិតវែងឆ្ងាយ	0.28 / (3)	0% / 60.23%	13709
ពងស្វាស	0.28 / (3)	0% / 60.23%	13710
បដិភាណ	0.28 / (3)	0% / 60.23%	13711
គ្រឿងឧបភោគបរិភោគ	0.28 / (3)	0% / 60.23%	13712
វ័យចាស់	0.28 / (3)	0% / 60.23%	13713
ឆ្វាក	0.28 / (3)	0% / 60.23%	13714
អ៊ំប្រុស	0.28 / (3)	0% / 60.23%	13715
លលកស	0.28 / (3)	0% / 60.23%	13716
ជាទីស្នេហា	0.28 / (3)	0% / 60.23%	13717
មហាទេព	0.28 / (3)	0% / 60.23%	13718
លេងបៀ	0.28 / (3)	0% / 60.23%	13719
រូបដូច	0.28 / (3)	0% / 60.23%	13720
ប្រឡេះ	0.28 / (3)	0% / 60.23%	13721
គណនេយ្យករ	0.28 / (3)	0% / 60.23%	13722
ឆាយាល័ក្ខណ៍	0.28 / (3)	0% / 60.23%	13723
អស់ពីដួងចិត្ត	0.28 / (3)	0% / 60.23%	13724
តំរូវឲ្យ	0.28 / (3)	0% / 60.23%	13725
ពាធា	0.28 / (3)	0% / 60.23%	13726
ច្រម	0.28 / (3)	0% / 60.23%	13727
រម្យទំ	0.28 / (3)	0% / 60.23%	13728
បង្ហៀរ	0.28 / (3)	0% / 60.23%	13729
អធិស្ឋាន	0.28 / (3)	0% / 60.23%	13730
បញ្ចេញស្នាដៃ	0.28 / (3)	0% / 60.23%	13731
បុព្វកាល	0.28 / (3)	0% / 60.23%	13732
រឹតរួត	0.28 / (3)	0% / 60.23%	13733
លាបលន	0.28 / (3)	0% / 60.23%	13734
ច្រក់	0.28 / (3)	0% / 60.23%	13735
ពិព័ណ៌នា	0.28 / (3)	0% / 60.23%	13736
ស្រុះគ្នា	0.28 / (3)	0% / 60.23%	13737
សម្លឹងមុខ	0.28 / (3)	0% / 60.23%	13738
ឈូករ័ត្ន	0.28 / (3)	0% / 60.23%	13739
បំប៉នចំណី	0.28 / (3)	0% / 60.23%	13740
កលិយុគ	0.28 / (3)	0% / 60.23%	13741
បណ្ដាជន	0.28 / (3)	0% / 60.23%	13742
អាញ់	0.28 / (3)	0% / 60.23%	13743
សំរាលកូន	0.28 / (3)	0% / 60.23%	13744
ពេញពាស	0.28 / (3)	0% / 60.23%	13745
បោះឆ្នោតជ្រើសរើស	0.28 / (3)	0% / 60.23%	13746
ព្រះលាន	0.28 / (3)	0% / 60.23%	13747
បែកគំនិត	0.28 / (3)	0% / 60.23%	13748
សើស្បែក	0.28 / (3)	0% / 60.23%	13749
ហង្សា	0.28 / (3)	0% / 60.23%	13750
ដំណើររឿង	0.28 / (3)	0% / 60.23%	13751
សមាបត្តិ	0.28 / (3)	0% / 60.23%	13752
សិរីមន្ត	0.28 / (3)	0% / 60.23%	13753
ភ្នំបូកគោ	0.28 / (3)	0% / 60.23%	13754
ម៉ូង	0.28 / (3)	0% / 60.23%	13755
តំណឹង	0.28 / (3)	0% / 60.23%	13756
ខ្វារ	0.28 / (3)	0% / 60.23%	13757
ចំណាក់	0.28 / (3)	0% / 60.23%	13758
មហាទាន	0.28 / (3)	0% / 60.23%	13759
រលង់	0.28 / (3)	0% / 60.23%	13760
និយាយរួម	0.28 / (3)	0% / 60.23%	13761
បំផ្លាស់	0.28 / (3)	0% / 60.23%	13762
ដឹកទំនិញ	0.28 / (3)	0% / 60.23%	13763
ភាណ	0.28 / (3)	0% / 60.23%	13764
គណេស	0.28 / (3)	0% / 60.23%	13765
ត្រឡប់ជា	0.28 / (3)	0% / 60.23%	13766
ឆុល	0.28 / (3)	0% / 60.23%	13767
គន្លងធម៌	0.28 / (3)	0% / 60.23%	13768
កន្ទោក	0.28 / (3)	0% / 60.23%	13769
ចាប់បដិសន្ធិ	0.28 / (3)	0% / 60.23%	13770
ទុល	0.28 / (3)	0% / 60.23%	13771
កាត់ផ្ដាច់	0.28 / (3)	0% / 60.23%	13772
គុរុ	0.28 / (3)	0% / 60.23%	13773
ញ៉ែប៉ប្រែ	0.28 / (3)	0% / 60.23%	13774
ដូរលុយ	0.28 / (3)	0% / 60.23%	13775
សំឡ	0.28 / (3)	0% / 60.23%	13776
បាចទឹក	0.28 / (3)	0% / 60.23%	13777
អ្នកអង្កេត	0.28 / (3)	0% / 60.23%	13778
រាជប្រវត្តិ	0.28 / (3)	0% / 60.23%	13779
ចង់បើ	0.28 / (3)	0% / 60.23%	13780
សារពាង្គ	0.28 / (3)	0% / 60.23%	13781
តក់ក្រហល់	0.28 / (3)	0% / 60.23%	13782
ចោលស្រុក	0.28 / (3)	0% / 60.23%	13783
លហុ	0.28 / (3)	0% / 60.23%	13784
ស្ទោះ	0.28 / (3)	0% / 60.23%	13785
តំកល់ទុក	0.28 / (3)	0% / 60.23%	13786
រេរាំ	0.28 / (3)	0% / 60.23%	13787
ល្អែង	0.28 / (3)	0% / 60.23%	13788
ស្មោះហើយ	0.28 / (3)	0% / 60.23%	13789
យុរ	0.28 / (3)	0% / 60.23%	13790
ងីវ	0.28 / (3)	0% / 60.23%	13791
ទច់	0.28 / (3)	0% / 60.23%	13792
ផ្ដេកផ្ដួល	0.28 / (3)	0% / 60.23%	13793
មហាតថៃ	0.28 / (3)	0% / 60.23%	13794
ចាម្ប៉ា	0.28 / (3)	0% / 60.23%	13795
សណ្ដាយ	0.28 / (3)	0% / 60.23%	13796
ផ្សាយដំណឹង	0.28 / (3)	0% / 60.23%	13797
ដើរមុខ	0.28 / (3)	0% / 60.23%	13798
ថយចេញ	0.28 / (3)	0% / 60.23%	13799
ភូមរា	0.28 / (3)	0% / 60.23%	13800
វេទមន្ត	0.28 / (3)	0% / 60.23%	13801
ឥន្ទ្រិយ	0.28 / (3)	0% / 60.23%	13802
ស្ញាប់	0.28 / (3)	0% / 60.23%	13803
ប្រកាសនីយ	0.28 / (3)	0% / 60.23%	13804
ប្រមូលចងក្រង	0.28 / (3)	0% / 60.23%	13805
អាងយ៉ាង	0.28 / (3)	0% / 60.23%	13806
ដូចដឹងស្រាប់	0.28 / (3)	0% / 60.23%	13807
អស់ឯង	0.28 / (3)	0% / 60.23%	13808
គន្ថនិទ្ទេស	0.28 / (3)	0% / 60.23%	13809
និរុត្តិសាស្ត្រ	0.28 / (3)	0% / 60.23%	13810
យកការណ៍	0.28 / (3)	0% / 60.23%	13811
អ្នកណែនាំ	0.28 / (3)	0% / 60.23%	13812
អនិច្ចំ	0.28 / (3)	0% / 60.23%	13813
ប្រកែកដាច់អហង្ការ	0.28 / (3)	0% / 60.23%	13814
សណ្ដក	0.28 / (3)	0% / 60.23%	13815
រំលត់ទុក្ខ	0.28 / (3)	0% / 60.23%	13816
សាស្ត្រាស្លឹករឹត	0.28 / (3)	0% / 60.23%	13817
គោត្រ	0.28 / (3)	0% / 60.23%	13818
មិនជាអ្វីទេ	0.28 / (3)	0% / 60.23%	13819
ព្រះរាជហឫទ័យ	0.28 / (3)	0% / 60.23%	13820
ទៅមិញ	0.28 / (3)	0% / 60.23%	13821
ច្បូក	0.28 / (3)	0% / 60.23%	13822
កណ្ដោល	0.28 / (3)	0% / 60.23%	13823
ប្រាក់ចំណេញ	0.28 / (3)	0% / 60.23%	13824
មិនកាន់ជើងខាងណាទេ	0.28 / (3)	0% / 60.23%	13825
ល្ហ	0.28 / (3)	0% / 60.23%	13826
រអាង	0.28 / (3)	0% / 60.23%	13827
មិត្តរួមជាតិ	0.28 / (3)	0% / 60.23%	13828
ព្រះវិហារព្រះកែវមរកត	0.28 / (3)	0% / 60.23%	13829
ក្ររហេមរហាម	0.28 / (3)	0% / 60.23%	13830
តត្រុក	0.28 / (3)	0% / 60.23%	13831
ទាសកម្មករ	0.28 / (3)	0% / 60.23%	13832
ត្បូងពេជ្រ	0.28 / (3)	0% / 60.23%	13833
ទើសភ្នែក	0.28 / (3)	0% / 60.23%	13834
ទឹកពុះ	0.28 / (3)	0% / 60.23%	13835
លេបទឹកមាត់	0.28 / (3)	0% / 60.23%	13836
មុខរីក	0.28 / (3)	0% / 60.23%	13837
រាជអាណាចក្រ	0.28 / (3)	0% / 60.23%	13838
ភូគព្ភសាស្ត្រ	0.28 / (3)	0% / 60.23%	13839
ភៃ	0.28 / (3)	0% / 60.23%	13840
ស្វាធ្យាយធម៌	0.28 / (3)	0% / 60.23%	13841
ក្ងាន	0.28 / (3)	0% / 60.23%	13842
ល្វេងល្វើយ	0.28 / (3)	0% / 60.23%	13843
ទសពិធរាជធម៌	0.28 / (3)	0% / 60.23%	13844
ចាក់សម្លាប់	0.28 / (3)	0% / 60.23%	13845
អុជអាល	0.28 / (3)	0% / 60.23%	13846
ប៉ប់	0.28 / (3)	0% / 60.23%	13847
បុព្វកម្ម	0.28 / (3)	0% / 60.23%	13848
វង់ភក្ត្រ	0.28 / (3)	0% / 60.23%	13849
រឯង	0.28 / (3)	0% / 60.23%	13850
អៅ	0.28 / (3)	0% / 60.23%	13851
រលួត	0.28 / (3)	0% / 60.23%	13852
ផ្ដា	0.28 / (3)	0% / 60.23%	13853
ឡឺត	0.28 / (3)	0% / 60.23%	13854
អស់អំណាច	0.28 / (3)	0% / 60.23%	13855
កាមារម្មណ៍	0.28 / (3)	0% / 60.23%	13856
លលេ	0.28 / (3)	0% / 60.23%	13857
ត្រាតែ	0.28 / (3)	0% / 60.23%	13858
តមកទៀត	0.28 / (3)	0% / 60.23%	13859
សុំច្បាប់ឈប់	0.28 / (3)	0% / 60.23%	13860
សេល	0.28 / (3)	0% / 60.23%	13861
ក៏អញ្ចឹងដែរ	0.28 / (3)	0% / 60.23%	13862
កម្ជិល	0.28 / (3)	0% / 60.23%	13863
ឯកទត្ត	0.28 / (3)	0% / 60.23%	13864
បន្លឹម	0.28 / (3)	0% / 60.23%	13865
ដំបែ	0.28 / (3)	0% / 60.23%	13866
ក្រាស់ក្រៃ	0.28 / (3)	0% / 60.23%	13867
ដាក់ខ្នោះ	0.28 / (3)	0% / 60.23%	13868
ស្រងែ	0.28 / (3)	0% / 60.23%	13869
សាលាដំបូង	0.28 / (3)	0% / 60.23%	13870
ក្ដារខៀន	0.28 / (3)	0% / 60.23%	13871
ស្រមេម	0.28 / (3)	0% / 60.23%	13872
ផ្នែកការ	0.28 / (3)	0% / 60.23%	13873
ភ្នែកខ្វាក់	0.28 / (3)	0% / 60.23%	13874
ធម្មបាល	0.28 / (3)	0% / 60.23%	13875
ហស្ស	0.28 / (3)	0% / 60.23%	13876
អភិរក្សនិយម	0.28 / (3)	0% / 60.23%	13877
មិនទំនង	0.28 / (3)	0% / 60.23%	13878
ធូរេន	0.28 / (3)	0% / 60.23%	13879
ខ្វែក	0.28 / (3)	0% / 60.23%	13880
ល្បងប្រាជ្ញា	0.28 / (3)	0% / 60.23%	13881
សង្កៀត	0.28 / (3)	0% / 60.23%	13882
ព្រមដោយ	0.28 / (3)	0% / 60.23%	13883
ឈ្មូស	0.28 / (3)	0% / 60.23%	13884
ចេរកាល	0.28 / (3)	0% / 60.23%	13885
កូដករ	0.28 / (3)	0% / 60.23%	13886
សឲ្យឃើញថា	0.28 / (3)	0% / 60.23%	13887
អនត្តសញ្ញា	0.28 / (3)	0% / 60.23%	13888
ភត្ត	0.28 / (3)	0% / 60.23%	13889
ប៉ផាប់	0.28 / (3)	0% / 60.23%	13890
ខុសវេលា	0.28 / (3)	0% / 60.23%	13891
រឡាក់	0.28 / (3)	0% / 60.23%	13892
តោតតូង	0.28 / (3)	0% / 60.23%	13893
ស្រេះ	0.28 / (3)	0% / 60.23%	13894
ចើក	0.28 / (3)	0% / 60.23%	13895
ពេញផ្ទះ	0.28 / (3)	0% / 60.23%	13896
យ៉ាងតិចណាស់	0.28 / (3)	0% / 60.23%	13897
បង្កៃ	0.28 / (3)	0% / 60.23%	13898
បុណ្យខួប	0.28 / (3)	0% / 60.23%	13899
បង្កបង្កើនផល	0.28 / (3)	0% / 60.23%	13900
ចិត្តរន្ធត់	0.28 / (3)	0% / 60.23%	13901
រាំច្រៀង	0.28 / (3)	0% / 60.23%	13902
ពុំនោះសោត	0.28 / (3)	0% / 60.23%	13903
ចំអើត	0.28 / (3)	0% / 60.23%	13904
មែរ	0.28 / (3)	0% / 60.23%	13905
ឆែត	0.28 / (3)	0% / 60.23%	13906
ត្រូពិក	0.28 / (3)	0% / 60.23%	13907
ស្លេស្ម	0.28 / (3)	0% / 60.23%	13908
ញ័រមាត់	0.28 / (3)	0% / 60.23%	13909
ត្រើយសុខ	0.28 / (3)	0% / 60.23%	13910
នឹងថា	0.28 / (3)	0% / 60.23%	13911
ពិភេក	0.28 / (3)	0% / 60.23%	13912
បក់កន្ទុយ	0.28 / (3)	0% / 60.23%	13913
ឯខ្ញុំ	0.28 / (3)	0% / 60.23%	13914
ដៃសមុទ្រ	0.28 / (3)	0% / 60.23%	13915
ព្រះពាយ	0.28 / (3)	0% / 60.23%	13916
តាយហោង	0.28 / (3)	0% / 60.23%	13917
កំណែន	0.28 / (3)	0% / 60.23%	13918
ជោតក	0.28 / (3)	0% / 60.23%	13919
នេប	0.28 / (3)	0% / 60.23%	13920
មន្ទីរអប់រំ	0.28 / (3)	0% / 60.23%	13921
អ្នកផ្ដល់	0.28 / (3)	0% / 60.23%	13922
មូត្រ	0.28 / (3)	0% / 60.23%	13923
បញ្ញាក់	0.28 / (3)	0% / 60.23%	13924
ឃ្លាំងសាំង	0.28 / (3)	0% / 60.23%	13925
ពីណាពីណី	0.28 / (3)	0% / 60.23%	13926
ព្រះស្រី	0.28 / (3)	0% / 60.23%	13927
ឆ្នាំមមី	0.28 / (3)	0% / 60.23%	13928
ក្រូស	0.28 / (3)	0% / 60.23%	13929
ដំណើប	0.28 / (3)	0% / 60.23%	13930
បន្សុទ្ធ	0.28 / (3)	0% / 60.23%	13931
សញ្ញាប័ត្រថ្នាក់បណ្ឌិត	0.28 / (3)	0% / 60.23%	13932
ទទាក់	0.28 / (3)	0% / 60.23%	13933
ចងដៃ	0.28 / (3)	0% / 60.23%	13934
ស្អាន	0.28 / (3)	0% / 60.23%	13935
បែកខ្ញែក	0.28 / (3)	0% / 60.23%	13936
ហ៊ែ	0.28 / (3)	0% / 60.23%	13937
ឃុំពល	0.28 / (3)	0% / 60.23%	13938
ស្ងាត់បាត់	0.28 / (3)	0% / 60.23%	13939
ប៉ិត	0.28 / (3)	0% / 60.23%	13940
សំញែង	0.28 / (3)	0% / 60.23%	13941
បាយស្រា	0.28 / (3)	0% / 60.23%	13942
រប៉ាត់រប៉ាយ	0.28 / (3)	0% / 60.23%	13943
កោះធ្វើ	0.28 / (3)	0% / 60.23%	13944
ត្បុរ	0.28 / (3)	0% / 60.23%	13945
រាយមាយ	0.28 / (3)	0% / 60.23%	13946
ត្រីក្អិត	0.28 / (3)	0% / 60.23%	13947
អង្កន់	0.28 / (3)	0% / 60.23%	13948
ប្រទាស់	0.28 / (3)	0% / 60.23%	13949
ដោយសេចក្តីរាប់អាន	0.28 / (3)	0% / 60.23%	13950
ដំឡូងជ្វា	0.28 / (3)	0% / 60.23%	13951
ពន្ធនាការ	0.28 / (3)	0% / 60.23%	13952
រាជរថ	0.28 / (3)	0% / 60.23%	13953
យូរប៉ុន្មាន	0.28 / (3)	0% / 60.23%	13954
ចូលវាយលុក	0.28 / (3)	0% / 60.23%	13955
មៀម	0.28 / (3)	0% / 60.23%	13956
អៃយ៉ា	0.28 / (3)	0% / 60.23%	13957
ព្រឹត្តិន័យ	0.28 / (3)	0% / 60.23%	13958
ស្គាល់ផ្លូវ	0.28 / (3)	0% / 60.23%	13959
ត្រូវស្នេហ៍	0.28 / (3)	0% / 60.23%	13960
ស្រីសួគ៌	0.28 / (3)	0% / 60.23%	13961
អនន្ត	0.28 / (3)	0% / 60.23%	13962
គរុភណ្ឌ	0.28 / (3)	0% / 60.23%	13963
អសោច	0.28 / (3)	0% / 60.23%	13964
ឈ្លេច	0.28 / (3)	0% / 60.23%	13965
ក្ដារប្រកាស	0.28 / (3)	0% / 60.23%	13966
រណោង	0.28 / (3)	0% / 60.23%	13967
សម្រិត	0.28 / (3)	0% / 60.23%	13968
ចងខ្សែ	0.28 / (3)	0% / 60.23%	13969
ឃរ	0.28 / (3)	0% / 60.23%	13970
ត្រដិត	0.28 / (3)	0% / 60.23%	13971
កូនមាន់	0.28 / (3)	0% / 60.23%	13972
បើសិនជាបាន	0.28 / (3)	0% / 60.23%	13973
ល្ងឹតល្ងង់	0.28 / (3)	0% / 60.23%	13974
ជំរត់	0.28 / (3)	0% / 60.23%	13975
នភាល័យ	0.28 / (3)	0% / 60.23%	13976
កម្លៅ	0.28 / (3)	0% / 60.23%	13977
ឈឺខ្លាំង	0.28 / (3)	0% / 60.23%	13978
អទិន្នាទាន	0.28 / (3)	0% / 60.23%	13979
ជើងកប	0.28 / (3)	0% / 60.23%	13980
សាបរលាប	0.28 / (3)	0% / 60.23%	13981
ចំអាប	0.28 / (3)	0% / 60.23%	13982
សញ្ចរ	0.28 / (3)	0% / 60.23%	13983
ចេញចោល	0.28 / (3)	0% / 60.23%	13984
អារម្មណ៍ល្អ	0.28 / (3)	0% / 60.23%	13985
អនាថ	0.28 / (3)	0% / 60.23%	13986
ទសភរិយា	0.28 / (3)	0% / 60.23%	13987
រាប់មិនឈ្នះ	0.28 / (3)	0% / 60.23%	13988
ចិត្តច្រើន	0.28 / (3)	0% / 60.23%	13989
នុ៎ះ	0.28 / (3)	0% / 60.23%	13990
អន្យតិរ្ថិយ	0.28 / (3)	0% / 60.23%	13991
ជិតដល់	0.28 / (3)	0% / 60.23%	13992
សូរ្យសែង	0.28 / (3)	0% / 60.23%	13993
កូនកំលោះ	0.28 / (3)	0% / 60.23%	13994
គ្រមាម	0.28 / (3)	0% / 60.23%	13995
អ៊ែម	0.28 / (3)	0% / 60.23%	13996
ច្រងេងច្រងាង	0.28 / (3)	0% / 60.23%	13997
ចំការកៅស៊ូ	0.28 / (3)	0% / 60.23%	13998
ក្រាបសំពះ	0.28 / (3)	0% / 60.23%	13999
កញ្ជ្រៀវ	0.28 / (3)	0% / 60.23%	14000
ប្រមោក	0.28 / (3)	0% / 60.23%	14001
នាដការី	0.28 / (3)	0% / 60.24%	14002
សិទ្ធិជ័យ	0.28 / (3)	0% / 60.24%	14003
កូឡាប	0.28 / (3)	0% / 60.24%	14004
បុរេនិច្ឆ័យ	0.28 / (3)	0% / 60.24%	14005
ឧស្សាហ៍ឈឺ	0.28 / (3)	0% / 60.24%	14006
ដាច់ដោយឡែក	0.28 / (3)	0% / 60.24%	14007
រំលោង	0.28 / (3)	0% / 60.24%	14008
បោក្ខរណី	0.28 / (3)	0% / 60.24%	14009
ដាក់ទំនាយ	0.28 / (3)	0% / 60.24%	14010
កញ្ចែ	0.28 / (3)	0% / 60.24%	14011
ស័ក្តិធំ	0.28 / (3)	0% / 60.24%	14012
រកអ្វីប្រៀបពុំបាន	0.28 / (3)	0% / 60.24%	14013
សញ្ញាសំគាល់	0.28 / (3)	0% / 60.24%	14014
ស៊ូស្លាប់	0.28 / (3)	0% / 60.24%	14015
រួបរឹត	0.28 / (3)	0% / 60.24%	14016
ម្ចាស់ទឹកម្ចាស់ដី	0.28 / (3)	0% / 60.24%	14017
កំពូជ	0.28 / (3)	0% / 60.24%	14018
ស្រាល់	0.28 / (3)	0% / 60.24%	14019
ខ្វាក	0.28 / (3)	0% / 60.24%	14020
ជួយអរ	0.28 / (3)	0% / 60.24%	14021
ការសន្ទនា	0.28 / (3)	0% / 60.24%	14022
ព្រឹកព្រលឹម	0.28 / (3)	0% / 60.24%	14023
កៀរគរ	0.28 / (3)	0% / 60.24%	14024
ឃើញមុន	0.28 / (3)	0% / 60.24%	14025
លាជ	0.28 / (3)	0% / 60.24%	14026
សសរទ្រូង	0.28 / (3)	0% / 60.24%	14027
ហ្ស៊ីប	0.28 / (3)	0% / 60.24%	14028
ចែត	0.28 / (3)	0% / 60.24%	14029
ទោសប្រហារជីវិត	0.28 / (3)	0% / 60.24%	14030
ថាម្ដេច	0.28 / (3)	0% / 60.24%	14031
អសុ	0.28 / (3)	0% / 60.24%	14032
កញ្ឆេរ	0.28 / (3)	0% / 60.24%	14033
មនុស្សដទៃ	0.28 / (3)	0% / 60.24%	14034
គួរទុកចិត្ត	0.28 / (3)	0% / 60.24%	14035
មុសាវាទ	0.28 / (3)	0% / 60.24%	14036
រត់រប៉ាត់រប៉ាយ	0.28 / (3)	0% / 60.24%	14037
បន្ថែមចំនួន	0.28 / (3)	0% / 60.24%	14038
រូតរះ	0.28 / (3)	0% / 60.24%	14039
សង្គាយនា	0.28 / (3)	0% / 60.24%	14040
ត្រដាបត្រដួស	0.28 / (3)	0% / 60.24%	14041
ផ្លូវត្រង់	0.28 / (3)	0% / 60.24%	14042
បក្សពួកនិយម	0.28 / (3)	0% / 60.24%	14043
សង្គ្រាមត្រជាក់	0.28 / (3)	0% / 60.24%	14044
ខ្សែដៃ	0.28 / (3)	0% / 60.24%	14045
អាកុល	0.28 / (3)	0% / 60.24%	14046
ក្តុក	0.28 / (3)	0% / 60.24%	14047
សប្បុរិស	0.28 / (3)	0% / 60.24%	14048
កុំឲ្យតែ	0.28 / (3)	0% / 60.24%	14049
អនុសំវច្ឆរ	0.28 / (3)	0% / 60.24%	14050
ទទឹកជោក	0.28 / (3)	0% / 60.24%	14051
រលែក	0.28 / (3)	0% / 60.24%	14052
ល្ខោនស្បែក	0.28 / (3)	0% / 60.24%	14053
រឿងកាកី	0.28 / (3)	0% / 60.24%	14054
ដាំទឹក	0.28 / (3)	0% / 60.24%	14055
ធឹង	0.28 / (3)	0% / 60.24%	14056
ចំនួនពិត	0.28 / (3)	0% / 60.24%	14057
ថ្លស់	0.28 / (3)	0% / 60.24%	14058
ឋាមពល	0.28 / (3)	0% / 60.24%	14059
ក្រៀវ	0.28 / (3)	0% / 60.24%	14060
យ៉ាងខ្លាំងក្លា	0.28 / (3)	0% / 60.24%	14061
ភ្លើងកំហឹង	0.28 / (3)	0% / 60.24%	14062
កាញ់	0.28 / (3)	0% / 60.24%	14063
បុន	0.28 / (3)	0% / 60.24%	14064
ខាតវេលា	0.28 / (3)	0% / 60.24%	14065
ដោះប្រស្នា	0.28 / (3)	0% / 60.24%	14066
រូបស័ព្ទ	0.28 / (3)	0% / 60.24%	14067
យកជីវិត	0.28 / (3)	0% / 60.24%	14068
យន្តការី	0.28 / (3)	0% / 60.24%	14069
សណ្ដា	0.28 / (3)	0% / 60.24%	14070
ទារពន្ធ	0.28 / (3)	0% / 60.24%	14071
មិនរាប់	0.28 / (3)	0% / 60.24%	14072
ដើរលឿន	0.28 / (3)	0% / 60.24%	14073
មនុស្សឆ្វេង	0.28 / (3)	0% / 60.24%	14074
ភាពសមរម្យ	0.28 / (3)	0% / 60.24%	14075
អន្តរការី	0.28 / (3)	0% / 60.24%	14076
ទន្សា	0.28 / (3)	0% / 60.24%	14077
ចាល់	0.28 / (3)	0% / 60.24%	14078
ទិព្យ	0.28 / (3)	0% / 60.24%	14079
បរមសុខ	0.28 / (3)	0% / 60.24%	14080
ខ្នាច	0.28 / (3)	0% / 60.24%	14081
អ្នកត្រួត	0.28 / (3)	0% / 60.24%	14082
សមតា	0.28 / (3)	0% / 60.24%	14083
ពិបាកធ្វើ	0.28 / (3)	0% / 60.24%	14084
ជ្វាលា	0.28 / (3)	0% / 60.24%	14085
បន្តោង	0.28 / (3)	0% / 60.24%	14086
សាលោហិត	0.28 / (3)	0% / 60.24%	14087
សច្ចធម៌	0.28 / (3)	0% / 60.24%	14088
មគ្គទេសក៍	0.28 / (3)	0% / 60.24%	14089
សប៊ូ	0.28 / (3)	0% / 60.24%	14090
កំណាយ	0.28 / (3)	0% / 60.24%	14091
អន់ចង់	0.28 / (3)	0% / 60.24%	14092
ទៀងតែ	0.28 / (3)	0% / 60.24%	14093
លុះតែ	0.28 / (3)	0% / 60.24%	14094
កសិណសាក្សី	0.28 / (3)	0% / 60.24%	14095
ជិះរថយន្ត	0.28 / (3)	0% / 60.24%	14096
ដេកពេទ្យ	0.28 / (3)	0% / 60.24%	14097
រណែង	0.28 / (3)	0% / 60.24%	14098
សិខា	0.28 / (3)	0% / 60.24%	14099
មិនបានប្រយោជន៍	0.28 / (3)	0% / 60.24%	14100
ខ្ញម	0.28 / (3)	0% / 60.24%	14101
ភ្ញៀវកិត្តិយស	0.28 / (3)	0% / 60.24%	14102
ស្រឡប់	0.28 / (3)	0% / 60.24%	14103
ហ្វូសហ្វ័រ	0.28 / (3)	0% / 60.24%	14104
ឈ្មុល	0.28 / (3)	0% / 60.24%	14105
មេដែក	0.28 / (3)	0% / 60.24%	14106
ធ្វើឲ្យខូច	0.28 / (3)	0% / 60.24%	14107
បំពក់	0.28 / (3)	0% / 60.24%	14108
យល់តាម	0.28 / (3)	0% / 60.24%	14109
គារវកិច្ច	0.28 / (3)	0% / 60.24%	14110
អ៊ីញ	0.28 / (3)	0% / 60.24%	14111
ត្រីខ	0.28 / (3)	0% / 60.24%	14112
ល្ខោនខោល	0.28 / (3)	0% / 60.24%	14113
ឧបការៈ	0.28 / (3)	0% / 60.24%	14114
រនោង	0.28 / (3)	0% / 60.24%	14115
ឃ្លះ	0.28 / (3)	0% / 60.24%	14116
វេចអន្សម	0.28 / (3)	0% / 60.24%	14117
មុខក្រសួង	0.28 / (3)	0% / 60.24%	14118
តាមដោយ	0.28 / (3)	0% / 60.24%	14119
ពិស្ណុលោក	0.28 / (3)	0% / 60.24%	14120
ស្រយ៉ូវ	0.28 / (3)	0% / 60.24%	14121
តែងច្បាប់	0.28 / (3)	0% / 60.24%	14122
រលាម	0.28 / (3)	0% / 60.24%	14123
បង្អាប់បន្ថោក	0.28 / (3)	0% / 60.24%	14124
ឆុរ	0.28 / (3)	0% / 60.24%	14125
ក្របែល	0.28 / (3)	0% / 60.24%	14126
គម្រាំង	0.28 / (3)	0% / 60.24%	14127
សម្លកកូរ	0.28 / (3)	0% / 60.24%	14128
ឡូញ	0.28 / (3)	0% / 60.24%	14129
ក្រឡុកក្រលៀត	0.28 / (3)	0% / 60.24%	14130
ទឹកកាម	0.28 / (3)	0% / 60.24%	14131
ការចាយវាយ	0.28 / (3)	0% / 60.24%	14132
សួររក	0.28 / (3)	0% / 60.24%	14133
ប្រសិទ្ឋភាព	0.28 / (3)	0% / 60.24%	14134
ឆ្វែល	0.28 / (3)	0% / 60.24%	14135
បន្ទច់បង្អាក់	0.28 / (3)	0% / 60.24%	14136
ស្រាក្រហម	0.28 / (3)	0% / 60.24%	14137
អង្គុយតុ	0.28 / (3)	0% / 60.24%	14138
ខ្សែលួស	0.28 / (3)	0% / 60.24%	14139
ផលាផល	0.28 / (3)	0% / 60.24%	14140
គីត	0.28 / (3)	0% / 60.24%	14141
ឆោមឆាយ	0.28 / (3)	0% / 60.24%	14142
មិនដែលដាច់	0.28 / (3)	0% / 60.24%	14143
រាប់ប្រាប់	0.28 / (3)	0% / 60.24%	14144
ប្រឆេះ	0.28 / (3)	0% / 60.24%	14145
ខ្លាត្រី	0.28 / (3)	0% / 60.24%	14146
បញ្ហាផ្ទៃក្នុង	0.28 / (3)	0% / 60.24%	14147
ច្រវ៉ាក់	0.28 / (3)	0% / 60.24%	14148
មត្តេយ្យសាលា	0.28 / (3)	0% / 60.24%	14149
ក្រែប	0.28 / (3)	0% / 60.24%	14150
ដប់មួយ	0.28 / (3)	0% / 60.24%	14151
សែនព្រេន	0.28 / (3)	0% / 60.24%	14152
សុខប្រធាន	0.28 / (3)	0% / 60.24%	14153
សំវេគ	0.28 / (3)	0% / 60.24%	14154
ច្រួល	0.28 / (3)	0% / 60.24%	14155
កង់ឡាន	0.28 / (3)	0% / 60.24%	14156
រតាយ	0.28 / (3)	0% / 60.24%	14157
ពិសែស	0.28 / (3)	0% / 60.24%	14158
បូជាយញ្ញ	0.28 / (3)	0% / 60.24%	14159
កែស	0.28 / (3)	0% / 60.24%	14160
អក្ខរជន	0.28 / (3)	0% / 60.24%	14161
គ្រឿងស្រវឹង	0.28 / (3)	0% / 60.24%	14162
ជោរជន់	0.28 / (3)	0% / 60.24%	14163
ស្រោត	0.28 / (3)	0% / 60.24%	14164
ភាពបុរស	0.28 / (3)	0% / 60.24%	14165
បែរខ្នង	0.28 / (3)	0% / 60.24%	14166
ក្លង	0.28 / (3)	0% / 60.24%	14167
សង្ឃា	0.28 / (3)	0% / 60.24%	14168
ពិធីសម្ពោធ	0.28 / (3)	0% / 60.24%	14169
ប្រចក្ស	0.28 / (3)	0% / 60.24%	14170
ពាក្យកាត់	0.28 / (3)	0% / 60.24%	14171
ភ្លៅកង្កែប	0.28 / (3)	0% / 60.24%	14172
សង្កិលេស	0.28 / (3)	0% / 60.24%	14173
ជតា	0.28 / (3)	0% / 60.24%	14174
ចងចិញ្ចើម	0.28 / (3)	0% / 60.24%	14175
សោតាបត្តិផល	0.28 / (3)	0% / 60.24%	14176
ទីឃនិកាយ	0.28 / (3)	0% / 60.24%	14177
ទិសខាងកើត	0.28 / (3)	0% / 60.24%	14178
ក្អាក	0.28 / (3)	0% / 60.24%	14179
ពាក្យត្រូវ	0.28 / (3)	0% / 60.24%	14180
ពូឯង	0.28 / (3)	0% / 60.24%	14181
វិបត្តិស្នេហា	0.28 / (3)	0% / 60.24%	14182
រយាយ	0.28 / (3)	0% / 60.24%	14183
ទោសៈមោហៈ	0.28 / (3)	0% / 60.24%	14184
ដប់ប្រាំ	0.28 / (3)	0% / 60.24%	14185
ធំដឹងក្តី	0.28 / (3)	0% / 60.24%	14186
បោសច្រាស	0.28 / (3)	0% / 60.24%	14187
ឡូស	0.28 / (3)	0% / 60.24%	14188
ទឡ្ហីកម្ម	0.28 / (3)	0% / 60.24%	14189
ជាប់ចំណង	0.28 / (3)	0% / 60.24%	14190
វិបល្លាស	0.28 / (3)	0% / 60.24%	14191
រញី	0.28 / (3)	0% / 60.24%	14192
កម្ពោជ	0.28 / (3)	0% / 60.24%	14193
ជំទើរ	0.28 / (3)	0% / 60.24%	14194
ដំរង់	0.28 / (3)	0% / 60.24%	14195
រាប់រៀប	0.28 / (3)	0% / 60.24%	14196
សុខក្សេមក្សាន្ត	0.28 / (3)	0% / 60.24%	14197
សន្លាង	0.28 / (3)	0% / 60.24%	14198
រំងាស់	0.28 / (3)	0% / 60.24%	14199
សមបើ	0.28 / (3)	0% / 60.24%	14200
ឥណ្ឌូស៊ីន	0.187 / (2)	0% / 60.24%	14201
ច្រើនលើកច្រើនសា	0.187 / (2)	0% / 60.24%	14202
ខ្សៀវ	0.187 / (2)	0% / 60.24%	14203
ខែត្រកណ្ដាល	0.187 / (2)	0% / 60.24%	14204
ទោសានុទោស	0.187 / (2)	0% / 60.24%	14205
ភ្លុង	0.187 / (2)	0% / 60.24%	14206
តាមត្រង់	0.187 / (2)	0% / 60.24%	14207
របៀបរបប	0.187 / (2)	0% / 60.24%	14208
ចោទឡើង	0.187 / (2)	0% / 60.24%	14209
ត្រសូល	0.187 / (2)	0% / 60.24%	14210
សៀរ	0.187 / (2)	0% / 60.24%	14211
ច្បាប់រដ្ឋប្បវេណី	0.187 / (2)	0% / 60.24%	14212
ទុគ្គតិភព	0.187 / (2)	0% / 60.24%	14213
សើចស្ញេញ	0.187 / (2)	0% / 60.24%	14214
គ្រោះកាច	0.187 / (2)	0% / 60.24%	14215
ចំឡក	0.187 / (2)	0% / 60.24%	14216
ទៅមុខដើរ	0.187 / (2)	0% / 60.24%	14217
ចិត្តអាណិតអាសូរ	0.187 / (2)	0% / 60.24%	14218
ក្រេស	0.187 / (2)	0% / 60.24%	14219
បដិញ្ញាណ	0.187 / (2)	0% / 60.24%	14220
បោះតង់	0.187 / (2)	0% / 60.24%	14221
ចេតសិក	0.187 / (2)	0% / 60.24%	14222
ពលីកម្ម	0.187 / (2)	0% / 60.24%	14223
រាជបល្ល័ង្ក	0.187 / (2)	0% / 60.24%	14224
រក្សាខ្លួន	0.187 / (2)	0% / 60.24%	14225
ម្លប់ត្រជាក់	0.187 / (2)	0% / 60.24%	14226
រូបការ	0.187 / (2)	0% / 60.24%	14227
ធ្វើទាន	0.187 / (2)	0% / 60.24%	14228
ភាន	0.187 / (2)	0% / 60.24%	14229
រឿងល្ខោន	0.187 / (2)	0% / 60.24%	14230
ឡើងឈរ	0.187 / (2)	0% / 60.24%	14231
ប្រកាន់ខ្ជាប់	0.187 / (2)	0% / 60.24%	14232
គ្រាប់ពោត	0.187 / (2)	0% / 60.24%	14233
ឈើបុក	0.187 / (2)	0% / 60.24%	14234
អានោះ	0.187 / (2)	0% / 60.24%	14235
សំរើប	0.187 / (2)	0% / 60.24%	14236
មានថ្មី	0.187 / (2)	0% / 60.24%	14237
អឺងអាប់	0.187 / (2)	0% / 60.24%	14238
មជ្ជ	0.187 / (2)	0% / 60.24%	14239
ស្លឹកត្រចៀក	0.187 / (2)	0% / 60.24%	14240
ស្លូតស្លាប់	0.187 / (2)	0% / 60.24%	14241
ជីតាមីង	0.187 / (2)	0% / 60.24%	14242
ងាកឆ្វេង	0.187 / (2)	0% / 60.24%	14243
តេន	0.187 / (2)	0% / 60.24%	14244
ភូបាល	0.187 / (2)	0% / 60.24%	14245
គ្រូអាចារ្យ	0.187 / (2)	0% / 60.24%	14246
ដេកយល់សប្តិ	0.187 / (2)	0% / 60.24%	14247
ជំនេរ	0.187 / (2)	0% / 60.24%	14248
រចល់	0.187 / (2)	0% / 60.24%	14249
ទទួលជោគជ័យ	0.187 / (2)	0% / 60.24%	14250
ពស់កេងកង	0.187 / (2)	0% / 60.24%	14251
ងោះ	0.187 / (2)	0% / 60.24%	14252
ស្បត់	0.187 / (2)	0% / 60.24%	14253
ញក់ញី	0.187 / (2)	0% / 60.24%	14254
ពាប់	0.187 / (2)	0% / 60.24%	14255
ជន្លេញ	0.187 / (2)	0% / 60.24%	14256
ប្រែក	0.187 / (2)	0% / 60.24%	14257
មិនត្រូវទៅ	0.187 / (2)	0% / 60.24%	14258
សាវកែ	0.187 / (2)	0% / 60.24%	14259
ការប្រព្រឹត្តិ	0.187 / (2)	0% / 60.24%	14260
ដាក់អន្ទាក់	0.187 / (2)	0% / 60.24%	14261
ក្រែងរអែង	0.187 / (2)	0% / 60.24%	14262
ជំនួយបរទេស	0.187 / (2)	0% / 60.24%	14263
ងែង	0.187 / (2)	0% / 60.24%	14264
សិវៈ	0.187 / (2)	0% / 60.24%	14265
សុវិទ្យា	0.187 / (2)	0% / 60.24%	14266
រៀបមង្គលការ	0.187 / (2)	0% / 60.24%	14267
ចចូត	0.187 / (2)	0% / 60.24%	14268
រោមសត្វ	0.187 / (2)	0% / 60.24%	14269
អធ្យោគ	0.187 / (2)	0% / 60.24%	14270
ខូចការ	0.187 / (2)	0% / 60.24%	14271
ប្រយូរវង្ស	0.187 / (2)	0% / 60.24%	14272
រៀងមក	0.187 / (2)	0% / 60.24%	14273
មេដំបូល	0.187 / (2)	0% / 60.24%	14274
ផ្គាប់ផ្គុន	0.187 / (2)	0% / 60.24%	14275
ឡូកឡំ	0.187 / (2)	0% / 60.24%	14276
ខ្ជោល	0.187 / (2)	0% / 60.24%	14277
តទប់	0.187 / (2)	0% / 60.24%	14278
រាជហង្ស	0.187 / (2)	0% / 60.24%	14279
ពល់	0.187 / (2)	0% / 60.24%	14280
ធ្វើកម្មករ	0.187 / (2)	0% / 60.24%	14281
ចាំផ្ទះ	0.187 / (2)	0% / 60.24%	14282
ឆ្អើរត្រី	0.187 / (2)	0% / 60.24%	14283
ក្រចកដៃ	0.187 / (2)	0% / 60.24%	14284
អស់អញ	0.187 / (2)	0% / 60.24%	14285
ផ្លុំកញ្ចែ	0.187 / (2)	0% / 60.24%	14286
ឆ្អឹងជំនីរផុត	0.187 / (2)	0% / 60.24%	14287
គោព្រោះ	0.187 / (2)	0% / 60.24%	14288
ចំកួត	0.187 / (2)	0% / 60.24%	14289
ការខ្វះចន្លោះ	0.187 / (2)	0% / 60.24%	14290
វិនិច្ឆយ	0.187 / (2)	0% / 60.24%	14291
បន្តជាប់	0.187 / (2)	0% / 60.24%	14292
ប៊ីយែរ	0.187 / (2)	0% / 60.24%	14293
ភ្នំព្រះសុមេរុ	0.187 / (2)	0% / 60.24%	14294
ជួបពិភាក្សា	0.187 / (2)	0% / 60.24%	14295
បន្សាត់	0.187 / (2)	0% / 60.24%	14296
អតិថិ	0.187 / (2)	0% / 60.24%	14297
រាជបល្លង្ក	0.187 / (2)	0% / 60.24%	14298
ក្រញុល	0.187 / (2)	0% / 60.24%	14299
ផលានិសង្ស	0.187 / (2)	0% / 60.24%	14300
ល្បឿនអតិបរិមា	0.187 / (2)	0% / 60.24%	14301
សាសនាព្រាហ្មណ៍	0.187 / (2)	0% / 60.24%	14302
ទំរេត	0.187 / (2)	0% / 60.24%	14303
កម្មវាចា	0.187 / (2)	0% / 60.24%	14304
បាញ់អាប៉ោង	0.187 / (2)	0% / 60.24%	14305
ព្រហ្មចារ្យ	0.187 / (2)	0% / 60.24%	14306
ខ្នោសកោសដូង	0.187 / (2)	0% / 60.24%	14307
ចិញ្ចាចចិញ្ចែង	0.187 / (2)	0% / 60.24%	14308
ស្ដីប្រពន្ធ	0.187 / (2)	0% / 60.24%	14309
ដឹងមុន	0.187 / (2)	0% / 60.24%	14310
ទីស្ថាន	0.187 / (2)	0% / 60.24%	14311
ផុតដង្ហើម	0.187 / (2)	0% / 60.24%	14312
រាគា	0.187 / (2)	0% / 60.24%	14313
មនុស្សសាវា	0.187 / (2)	0% / 60.24%	14314
សម្ប័ទ	0.187 / (2)	0% / 60.24%	14315
សារាណីយ	0.187 / (2)	0% / 60.24%	14316
ដើមចោទ	0.187 / (2)	0% / 60.24%	14317
យប់ជ្រៅ	0.187 / (2)	0% / 60.24%	14318
រាជធិតា	0.187 / (2)	0% / 60.24%	14319
ឧត្តរិភង្គ	0.187 / (2)	0% / 60.24%	14320
ដំឡឹង	0.187 / (2)	0% / 60.24%	14321
ជេតពន	0.187 / (2)	0% / 60.24%	14322
បន្លែង	0.187 / (2)	0% / 60.24%	14323
ពុទ្ធភាសិត	0.187 / (2)	0% / 60.24%	14324
សំសារ	0.187 / (2)	0% / 60.24%	14325
មោគ្គល្លាន	0.187 / (2)	0% / 60.24%	14326
ចំរូង	0.187 / (2)	0% / 60.24%	14327
ស្រែកច្រៀង	0.187 / (2)	0% / 60.24%	14328
ឆ្កួតជ្រូក	0.187 / (2)	0% / 60.24%	14329
នីត្យានុកូលភាព	0.187 / (2)	0% / 60.24%	14330
បង្វែង	0.187 / (2)	0% / 60.24%	14331
វោហារសាស្ត្រ	0.187 / (2)	0% / 60.24%	14332
ហ៊ឹកហ៊ាក់	0.187 / (2)	0% / 60.24%	14333
ជាតិមុន	0.187 / (2)	0% / 60.24%	14334
បន្ទាប់បន្សំ	0.187 / (2)	0% / 60.24%	14335
ឆៀប	0.187 / (2)	0% / 60.24%	14336
កែងដៃ	0.187 / (2)	0% / 60.24%	14337
ជ្រុលខ្លួន	0.187 / (2)	0% / 60.24%	14338
ចុងកាល់	0.187 / (2)	0% / 60.24%	14339
ថ្នាក់ទី១	0.187 / (2)	0% / 60.24%	14340
អ្នករាជការ	0.187 / (2)	0% / 60.24%	14341
ផស	0.187 / (2)	0% / 60.24%	14342
សេរីការ	0.187 / (2)	0% / 60.24%	14343
កំណាត់ផ្លូវ	0.187 / (2)	0% / 60.24%	14344
ឧបទ្ទវហេតុ	0.187 / (2)	0% / 60.24%	14345
ខ្មោចបិសាច	0.187 / (2)	0% / 60.24%	14346
ចូលលុក	0.187 / (2)	0% / 60.24%	14347
រាជក្រឹត្យ	0.187 / (2)	0% / 60.24%	14348
ឧបក្កិលេស	0.187 / (2)	0% / 60.24%	14349
លើករាសី	0.187 / (2)	0% / 60.24%	14350
តៈខេ	0.187 / (2)	0% / 60.24%	14351
រម្លប់	0.187 / (2)	0% / 60.24%	14352
បំបង់	0.187 / (2)	0% / 60.24%	14353
ពុទ្ធមន្ត	0.187 / (2)	0% / 60.24%	14354
អ្នកដូន	0.187 / (2)	0% / 60.24%	14355
គ្រាហ៍	0.187 / (2)	0% / 60.24%	14356
អ្នកត្រួតពិនិត្យ	0.187 / (2)	0% / 60.24%	14357
រហង់	0.187 / (2)	0% / 60.24%	14358
ក្នុងបុរាណកាល	0.187 / (2)	0% / 60.24%	14359
ការសំដែង	0.187 / (2)	0% / 60.24%	14360
ពីងពង់	0.187 / (2)	0% / 60.24%	14361
អមិតា	0.187 / (2)	0% / 60.24%	14362
លួចចូល	0.187 / (2)	0% / 60.24%	14363
រប៉ាយ	0.187 / (2)	0% / 60.24%	14364
ស្រមើល	0.187 / (2)	0% / 60.24%	14365
បំព្រាង	0.187 / (2)	0% / 60.24%	14366
នឿយព្រួយ	0.187 / (2)	0% / 60.24%	14367
ឈ្នះហើយ	0.187 / (2)	0% / 60.24%	14368
យកទោស	0.187 / (2)	0% / 60.24%	14369
ស្ម័គ្រស្មោះ	0.187 / (2)	0% / 60.24%	14370
រហឹម	0.187 / (2)	0% / 60.24%	14371
ឆ្ការដៃ	0.187 / (2)	0% / 60.24%	14372
ហ្មដំរី	0.187 / (2)	0% / 60.24%	14373
ជន្មជីព	0.187 / (2)	0% / 60.24%	14374
ទៀងពេល	0.187 / (2)	0% / 60.24%	14375
ហីទៅ	0.187 / (2)	0% / 60.24%	14376
ខ៣	0.187 / (2)	0% / 60.24%	14377
ផាហ៊ុម	0.187 / (2)	0% / 60.24%	14378
អាវាស	0.187 / (2)	0% / 60.24%	14379
ទៅខាងមុខ	0.187 / (2)	0% / 60.24%	14380
ឡើយនៃ	0.187 / (2)	0% / 60.24%	14381
យកបែប	0.187 / (2)	0% / 60.24%	14382
គ្រឿងទូរស័ព្ទ	0.187 / (2)	0% / 60.24%	14383
ប្រសេចប្រសាច	0.187 / (2)	0% / 60.24%	14384
អាសគ្រាម	0.187 / (2)	0% / 60.24%	14385
ទៀវ	0.187 / (2)	0% / 60.24%	14386
ថាវរ	0.187 / (2)	0% / 60.24%	14387
ពាសវាលពាសកាល	0.187 / (2)	0% / 60.24%	14388
មួយម្ដង	0.187 / (2)	0% / 60.24%	14389
ដឹងសេចក្តី	0.187 / (2)	0% / 60.24%	14390
ញៀត	0.187 / (2)	0% / 60.24%	14391
ផ្សែងភ្លើង	0.187 / (2)	0% / 60.24%	14392
ទាស់គ្នា	0.187 / (2)	0% / 60.24%	14393
កៀវ	0.187 / (2)	0% / 60.24%	14394
ខ្វោកខ្វាក	0.187 / (2)	0% / 60.24%	14395
សទិសន័យ	0.187 / (2)	0% / 60.24%	14396
រឿងនិទាន	0.187 / (2)	0% / 60.24%	14397
អវិចី	0.187 / (2)	0% / 60.24%	14398
ចូលមកធ្វើការ	0.187 / (2)	0% / 60.24%	14399
លោមា	0.187 / (2)	0% / 60.24%	14400
ដោះដៃ	0.187 / (2)	0% / 60.24%	14401
បន្សាយ	0.187 / (2)	0% / 60.24%	14402
ប្រេងខ្យល់	0.187 / (2)	0% / 60.24%	14403
ព្រមនឹង	0.187 / (2)	0% / 60.24%	14404
ស្វាក់	0.187 / (2)	0% / 60.24%	14405
ឆ្គាំ	0.187 / (2)	0% / 60.24%	14406
តាំងម៉ែ	0.187 / (2)	0% / 60.24%	14407
ជជ្រក	0.187 / (2)	0% / 60.24%	14408
ឆិត	0.187 / (2)	0% / 60.24%	14409
ដឹងចិត្ត	0.187 / (2)	0% / 60.24%	14410
គង្វាល	0.187 / (2)	0% / 60.24%	14411
ប្រឡាំប្រកូវ	0.187 / (2)	0% / 60.24%	14412
ដើរប៉ះ	0.187 / (2)	0% / 60.24%	14413
មជ្ឈិមបូព៌ា	0.187 / (2)	0% / 60.24%	14414
ប្រកាន់បក្សពួក	0.187 / (2)	0% / 60.24%	14415
បម្រាស	0.187 / (2)	0% / 60.24%	14416
អារ្យប្រទេស	0.187 / (2)	0% / 60.24%	14417
អក្សរដៃ	0.187 / (2)	0% / 60.24%	14418
រៀនចំណេះ	0.187 / (2)	0% / 60.24%	14419
អ្នកក្រោមបង្គាប់	0.187 / (2)	0% / 60.24%	14420
ដុតដៃដុតជើង	0.187 / (2)	0% / 60.24%	14421
ច្រឡូក	0.187 / (2)	0% / 60.24%	14422
យាងយាស	0.187 / (2)	0% / 60.24%	14423
បញ្ហានយោបាយ	0.187 / (2)	0% / 60.24%	14424
ខាតចំណេញ	0.187 / (2)	0% / 60.24%	14425
តជើង	0.187 / (2)	0% / 60.24%	14426
ឡើងជិះ	0.187 / (2)	0% / 60.24%	14427
គំនិតរវើរវាយ	0.187 / (2)	0% / 60.24%	14428
កំសួល	0.187 / (2)	0% / 60.24%	14429
សង្គមវិទូ	0.187 / (2)	0% / 60.24%	14430
ជីតាខាងម្ដាយ	0.187 / (2)	0% / 60.24%	14431
ទសភាគ	0.187 / (2)	0% / 60.24%	14432
វៀរចាក	0.187 / (2)	0% / 60.24%	14433
អារកាត់	0.187 / (2)	0% / 60.24%	14434
វ៉ឺ	0.187 / (2)	0% / 60.24%	14435
ដុសលាង	0.187 / (2)	0% / 60.24%	14436
ថ្លៃឈ្នួល	0.187 / (2)	0% / 60.25%	14437
កុលធីតា	0.187 / (2)	0% / 60.25%	14438
បវារណា	0.187 / (2)	0% / 60.25%	14439
ប្រសេច	0.187 / (2)	0% / 60.25%	14440
គះ	0.187 / (2)	0% / 60.25%	14441
វាយអង្គុលីលេខ	0.187 / (2)	0% / 60.25%	14442
នឹងអាល	0.187 / (2)	0% / 60.25%	14443
វិមុត្តិ	0.187 / (2)	0% / 60.25%	14444
លលើក	0.187 / (2)	0% / 60.25%	14445
ពន្លឺព្រះអាទិត្យ	0.187 / (2)	0% / 60.25%	14446
សិថិល	0.187 / (2)	0% / 60.25%	14447
ប៉ផ្ដក់	0.187 / (2)	0% / 60.25%	14448
កន្ទ្រើង	0.187 / (2)	0% / 60.25%	14449
ចំណាំង	0.187 / (2)	0% / 60.25%	14450
គិលានដ្ឋាន	0.187 / (2)	0% / 60.25%	14451
មាត់ច្រើន	0.187 / (2)	0% / 60.25%	14452
តានា	0.187 / (2)	0% / 60.25%	14453
ក្ដក់	0.187 / (2)	0% / 60.25%	14454
ដំរា	0.187 / (2)	0% / 60.25%	14455
ចេះគិតគូរ	0.187 / (2)	0% / 60.25%	14456
ឈឺធ្ងន់	0.187 / (2)	0% / 60.25%	14457
ខ្វោះ	0.187 / (2)	0% / 60.25%	14458
កណ្ដាលអធ្រាត្រ	0.187 / (2)	0% / 60.25%	14459
សុមាលី	0.187 / (2)	0% / 60.25%	14460
អាញី	0.187 / (2)	0% / 60.25%	14461
ប្រូង	0.187 / (2)	0% / 60.25%	14462
វិយោគ	0.187 / (2)	0% / 60.25%	14463
ក្រពុលមុខ	0.187 / (2)	0% / 60.25%	14464
វិហារស្ថាន	0.187 / (2)	0% / 60.25%	14465
ស្មង	0.187 / (2)	0% / 60.25%	14466
សម្ព័ន្ឋ	0.187 / (2)	0% / 60.25%	14467
សត្តម	0.187 / (2)	0% / 60.25%	14468
ហេប	0.187 / (2)	0% / 60.25%	14469
វធូ	0.187 / (2)	0% / 60.25%	14470
អ្នកប្រឆាំង	0.187 / (2)	0% / 60.25%	14471
ទេសន៍	0.187 / (2)	0% / 60.25%	14472
ខាងនេះ	0.187 / (2)	0% / 60.25%	14473
ជាងដែក	0.187 / (2)	0% / 60.25%	14474
ល្អក់កករ	0.187 / (2)	0% / 60.25%	14475
ល្គាយ	0.187 / (2)	0% / 60.25%	14476
វចនៈ	0.187 / (2)	0% / 60.25%	14477
បង់ចិត្ត	0.187 / (2)	0% / 60.25%	14478
គ្រំ	0.187 / (2)	0% / 60.25%	14479
ក្រហេង	0.187 / (2)	0% / 60.25%	14480
ស្គុស	0.187 / (2)	0% / 60.25%	14481
យកចេញ	0.187 / (2)	0% / 60.25%	14482
កតញ្ញុតាធម៌	0.187 / (2)	0% / 60.25%	14483
ទន់ទោរ	0.187 / (2)	0% / 60.25%	14484
មនុស្សច្បាប់	0.187 / (2)	0% / 60.25%	14485
ចុះកាសែត	0.187 / (2)	0% / 60.25%	14486
សាធារណ៍	0.187 / (2)	0% / 60.25%	14487
សាច់ក្រក	0.187 / (2)	0% / 60.25%	14488
ស្រូវពូជ	0.187 / (2)	0% / 60.25%	14489
ព្រាច	0.187 / (2)	0% / 60.25%	14490
ចរី	0.187 / (2)	0% / 60.25%	14491
ទំរោម	0.187 / (2)	0% / 60.25%	14492
ដើរចុះ	0.187 / (2)	0% / 60.25%	14493
តាមសន្យា	0.187 / (2)	0% / 60.25%	14494
អំណាចតុលាការ	0.187 / (2)	0% / 60.25%	14495
លំបាកចិត្ត	0.187 / (2)	0% / 60.25%	14496
ជនស៊ីវិល	0.187 / (2)	0% / 60.25%	14497
ព្រះរាជធីតា	0.187 / (2)	0% / 60.25%	14498
ឆ្កូត	0.187 / (2)	0% / 60.25%	14499
ស្ទិល	0.187 / (2)	0% / 60.25%	14500
ព្រះពិស្ណុការ	0.187 / (2)	0% / 60.25%	14501
ជាវប្រចាំ	0.187 / (2)	0% / 60.25%	14502
ហិបឆ្នោត	0.187 / (2)	0% / 60.25%	14503
ឥតញញើតដៃ	0.187 / (2)	0% / 60.25%	14504
អ្នករ៉ាប់រង	0.187 / (2)	0% / 60.25%	14505
វត្ថា	0.187 / (2)	0% / 60.25%	14506
ឥណ	0.187 / (2)	0% / 60.25%	14507
រទើស	0.187 / (2)	0% / 60.25%	14508
មានវិញ្ញាណ	0.187 / (2)	0% / 60.25%	14509
ធ្នោះ	0.187 / (2)	0% / 60.25%	14510
ការពឹងពាក់	0.187 / (2)	0% / 60.25%	14511
ជំនាន់ដើម	0.187 / (2)	0% / 60.25%	14512
ប្រហក	0.187 / (2)	0% / 60.25%	14513
ពន្លាត់	0.187 / (2)	0% / 60.25%	14514
ដែនទឹក	0.187 / (2)	0% / 60.25%	14515
ជាល្បែង	0.187 / (2)	0% / 60.25%	14516
ចងពៀរ	0.187 / (2)	0% / 60.25%	14517
រាប់ញាតិ	0.187 / (2)	0% / 60.25%	14518
ផ្កាចារ	0.187 / (2)	0% / 60.25%	14519
សៀវភៅមើល	0.187 / (2)	0% / 60.25%	14520
ទោម	0.187 / (2)	0% / 60.25%	14521
សុធម្ម	0.187 / (2)	0% / 60.25%	14522
ស៊ីសុវត្ថិ៍	0.187 / (2)	0% / 60.25%	14523
គំរង់	0.187 / (2)	0% / 60.25%	14524
កាថា	0.187 / (2)	0% / 60.25%	14525
បាញ់កាំភ្លើង	0.187 / (2)	0% / 60.25%	14526
បន្លៀក	0.187 / (2)	0% / 60.25%	14527
អាចម៍គោ	0.187 / (2)	0% / 60.25%	14528
ថ្លើងបះ	0.187 / (2)	0% / 60.25%	14529
ពន្លត់ភ្លើង	0.187 / (2)	0% / 60.25%	14530
ចួនកាល	0.187 / (2)	0% / 60.25%	14531
ឃុបឃិតជាមួយ	0.187 / (2)	0% / 60.25%	14532
បំបិទមាត់	0.187 / (2)	0% / 60.25%	14533
សារូប	0.187 / (2)	0% / 60.25%	14534
លក់រាយ	0.187 / (2)	0% / 60.25%	14535
សាកេ	0.187 / (2)	0% / 60.25%	14536
កតវេទិតា	0.187 / (2)	0% / 60.25%	14537
ត្រៈ	0.187 / (2)	0% / 60.25%	14538
ទ្រើង	0.187 / (2)	0% / 60.25%	14539
គ្រាង	0.187 / (2)	0% / 60.25%	14540
សារតាំង	0.187 / (2)	0% / 60.25%	14541
ទ្រាប់អង្គុយ	0.187 / (2)	0% / 60.25%	14542
ត្រសាយ	0.187 / (2)	0% / 60.25%	14543
សុរិល	0.187 / (2)	0% / 60.25%	14544
ជ្រាបស្រាប់	0.187 / (2)	0% / 60.25%	14545
លោភាគតិ	0.187 / (2)	0% / 60.25%	14546
មរដក	0.187 / (2)	0% / 60.25%	14547
ចិត្តលុះ	0.187 / (2)	0% / 60.25%	14548
គិលានសង្គ្រោះ	0.187 / (2)	0% / 60.25%	14549
ច្រាច់	0.187 / (2)	0% / 60.25%	14550
ស្មូនឆ្នាំង	0.187 / (2)	0% / 60.25%	14551
កូនទោល	0.187 / (2)	0% / 60.25%	14552
រ៉ៈ	0.187 / (2)	0% / 60.25%	14553
អសាធារណ	0.187 / (2)	0% / 60.25%	14554
ទទ័រ	0.187 / (2)	0% / 60.25%	14555
រយាល	0.187 / (2)	0% / 60.25%	14556
សម្មាន	0.187 / (2)	0% / 60.25%	14557
ឈ្មុសឈ្មុល	0.187 / (2)	0% / 60.25%	14558
ប្លោត	0.187 / (2)	0% / 60.25%	14559
រដ្ឋបំរើ	0.187 / (2)	0% / 60.25%	14560
ផ្លូវធម៌	0.187 / (2)	0% / 60.25%	14561
ផ្លូវដែក	0.187 / (2)	0% / 60.25%	14562
វិញ្ញូជន	0.187 / (2)	0% / 60.25%	14563
សើចចំអក	0.187 / (2)	0% / 60.25%	14564
កុង្សីយ	0.187 / (2)	0% / 60.25%	14565
អន្ធ	0.187 / (2)	0% / 60.25%	14566
ព្រះពរ	0.187 / (2)	0% / 60.25%	14567
ធ្វើតាមច្បាប់	0.187 / (2)	0% / 60.25%	14568
ដំបូងដៃ	0.187 / (2)	0% / 60.25%	14569
យ៉ូយ	0.187 / (2)	0% / 60.25%	14570
ឥតងាករេ	0.187 / (2)	0% / 60.25%	14571
ភើច	0.187 / (2)	0% / 60.25%	14572
រៀងទៅ	0.187 / (2)	0% / 60.25%	14573
អាវាហមង្គល	0.187 / (2)	0% / 60.25%	14574
ចង់ល្បី	0.187 / (2)	0% / 60.25%	14575
ចាស់ស្រុក	0.187 / (2)	0% / 60.25%	14576
អ្នកខ្លៅ	0.187 / (2)	0% / 60.25%	14577
អាភ្លើ	0.187 / (2)	0% / 60.25%	14578
ហ្មឺងហ្មាត់	0.187 / (2)	0% / 60.25%	14579
ស្រងេវ	0.187 / (2)	0% / 60.25%	14580
ប្រពន្ធចុង	0.187 / (2)	0% / 60.25%	14581
បរមាភិសម្ពោធិ	0.187 / (2)	0% / 60.25%	14582
ច្រងុក	0.187 / (2)	0% / 60.25%	14583
ឥត្ថី	0.187 / (2)	0% / 60.25%	14584
លេងលេង	0.187 / (2)	0% / 60.25%	14585
គូប្រជែង	0.187 / (2)	0% / 60.25%	14586
រគើម	0.187 / (2)	0% / 60.25%	14587
អនុព័ន្ធ	0.187 / (2)	0% / 60.25%	14588
ខ្ចក	0.187 / (2)	0% / 60.25%	14589
បរេ	0.187 / (2)	0% / 60.25%	14590
រអែ	0.187 / (2)	0% / 60.25%	14591
អភយ	0.187 / (2)	0% / 60.25%	14592
អត់ចិត្ត	0.187 / (2)	0% / 60.25%	14593
ខាក	0.187 / (2)	0% / 60.25%	14594
គោមួយ	0.187 / (2)	0% / 60.25%	14595
សជាត	0.187 / (2)	0% / 60.25%	14596
ព្រែកត្នោត	0.187 / (2)	0% / 60.25%	14597
សម្ពោធិ	0.187 / (2)	0% / 60.25%	14598
អីយ៉ូយ	0.187 / (2)	0% / 60.25%	14599
ពស្រ្ដ	0.187 / (2)	0% / 60.25%	14600
ចុះដី	0.187 / (2)	0% / 60.25%	14601
ដុះឡើង	0.187 / (2)	0% / 60.25%	14602
បុប្ផ	0.187 / (2)	0% / 60.25%	14603
ឆុក	0.187 / (2)	0% / 60.25%	14604
ភស្តា	0.187 / (2)	0% / 60.25%	14605
សំកុល	0.187 / (2)	0% / 60.25%	14606
ទួន	0.187 / (2)	0% / 60.25%	14607
ពពាក់	0.187 / (2)	0% / 60.25%	14608
ចាក់ចេញ	0.187 / (2)	0% / 60.25%	14609
ប្រញិបប្រញាប់	0.187 / (2)	0% / 60.25%	14610
បុរាណវត្ថុវិទ្យា	0.187 / (2)	0% / 60.25%	14611
និយំ	0.187 / (2)	0% / 60.25%	14612
ជិប	0.187 / (2)	0% / 60.25%	14613
បេះបួយ	0.187 / (2)	0% / 60.25%	14614
ពូនភ្នំ	0.187 / (2)	0% / 60.25%	14615
សាលាគរុវិជ្ជា	0.187 / (2)	0% / 60.25%	14616
អាបត្តិ	0.187 / (2)	0% / 60.25%	14617
រើចេញ	0.187 / (2)	0% / 60.25%	14618
បញ្ជោះ	0.187 / (2)	0% / 60.25%	14619
លៀនអណ្ដាត	0.187 / (2)	0% / 60.25%	14620
លលក់	0.187 / (2)	0% / 60.25%	14621
បង់គំនិត	0.187 / (2)	0% / 60.25%	14622
សម្រក	0.187 / (2)	0% / 60.25%	14623
ស្រគត់ស្រគំ	0.187 / (2)	0% / 60.25%	14624
បាចសាច	0.187 / (2)	0% / 60.25%	14625
បំបែកអក្សរ	0.187 / (2)	0% / 60.25%	14626
ប្រពន្ធក្រោយ	0.187 / (2)	0% / 60.25%	14627
យំខ្សឹកខ្សួល	0.187 / (2)	0% / 60.25%	14628
ចំពប់	0.187 / (2)	0% / 60.25%	14629
បាញ់ថ្នាំ	0.187 / (2)	0% / 60.25%	14630
អួទីនួ	0.187 / (2)	0% / 60.25%	14631
មូលណិល	0.187 / (2)	0% / 60.25%	14632
ឆ្អាបមាត់	0.187 / (2)	0% / 60.25%	14633
ចុន	0.187 / (2)	0% / 60.25%	14634
នីតិជន	0.187 / (2)	0% / 60.25%	14635
ស៊កសៀត	0.187 / (2)	0% / 60.25%	14636
បើកវាំងនន	0.187 / (2)	0% / 60.25%	14637
ស្ងោយ	0.187 / (2)	0% / 60.25%	14638
រោយរាយ	0.187 / (2)	0% / 60.25%	14639
ផលបុណ្យ	0.187 / (2)	0% / 60.25%	14640
ក្រាត	0.187 / (2)	0% / 60.25%	14641
វាយសម្លាប់	0.187 / (2)	0% / 60.25%	14642
កាតាលីកម្ម	0.187 / (2)	0% / 60.25%	14643
ជម្លើយ	0.187 / (2)	0% / 60.25%	14644
គ្រាវ	0.187 / (2)	0% / 60.25%	14645
ទិដ្ឋិនិយម	0.187 / (2)	0% / 60.25%	14646
ចំរុងចំរើន	0.187 / (2)	0% / 60.25%	14647
យកមុខយកមាត់	0.187 / (2)	0% / 60.25%	14648
កូនជាង	0.187 / (2)	0% / 60.25%	14649
វេចបង្វេច	0.187 / (2)	0% / 60.25%	14650
គំហ៊ក	0.187 / (2)	0% / 60.25%	14651
ឥន្ធន	0.187 / (2)	0% / 60.25%	14652
ធម៌ក្ដៅ	0.187 / (2)	0% / 60.25%	14653
ឰដ៏	0.187 / (2)	0% / 60.25%	14654
ជាសាកល	0.187 / (2)	0% / 60.25%	14655
ខែរះ	0.187 / (2)	0% / 60.25%	14656
មាត	0.187 / (2)	0% / 60.25%	14657
តើយ	0.187 / (2)	0% / 60.25%	14658
ភេរី	0.187 / (2)	0% / 60.25%	14659
ខ្នោស	0.187 / (2)	0% / 60.25%	14660
កើតរោគ	0.187 / (2)	0% / 60.25%	14661
ជ្រង	0.187 / (2)	0% / 60.25%	14662
អ្នកប្រាជ្ញបណ្ឌិត	0.187 / (2)	0% / 60.25%	14663
ជ័រលុប	0.187 / (2)	0% / 60.25%	14664
ភិយ្យោ	0.187 / (2)	0% / 60.25%	14665
លេងសប្បាយ	0.187 / (2)	0% / 60.25%	14666
ស្រមេះ	0.187 / (2)	0% / 60.25%	14667
ល្វាស្រុក	0.187 / (2)	0% / 60.25%	14668
កន្ទុយពាក្យ	0.187 / (2)	0% / 60.25%	14669
ខ្វាច	0.187 / (2)	0% / 60.25%	14670
សង្កៀរ	0.187 / (2)	0% / 60.25%	14671
ខែលិច	0.187 / (2)	0% / 60.25%	14672
កោសដូង	0.187 / (2)	0% / 60.25%	14673
ពហុកោណ	0.187 / (2)	0% / 60.25%	14674
ផ្តត់	0.187 / (2)	0% / 60.25%	14675
នំបុ័ង	0.187 / (2)	0% / 60.25%	14676
ទ្រង់រាជ	0.187 / (2)	0% / 60.25%	14677
ទុរា	0.187 / (2)	0% / 60.25%	14678
ថ្លាយង់	0.187 / (2)	0% / 60.25%	14679
មើលបំណាំ	0.187 / (2)	0% / 60.25%	14680
ល្ងើ	0.187 / (2)	0% / 60.25%	14681
ផគ្គុណ	0.187 / (2)	0% / 60.25%	14682
ខ្ពស់សន្លឹម	0.187 / (2)	0% / 60.25%	14683
អារម្ភបទ	0.187 / (2)	0% / 60.25%	14684
ថ្ងៃរសៀល	0.187 / (2)	0% / 60.25%	14685
មេថុន	0.187 / (2)	0% / 60.25%	14686
បើកប្រាក់ខែ	0.187 / (2)	0% / 60.25%	14687
ជញ្ជាប	0.187 / (2)	0% / 60.25%	14688
វ៉ឺយ	0.187 / (2)	0% / 60.25%	14689
ថ្នាំងថ្នាក់	0.187 / (2)	0% / 60.25%	14690
ប្រីជា	0.187 / (2)	0% / 60.25%	14691
សេចក្តីពេញចិត្ត	0.187 / (2)	0% / 60.25%	14692
វឌ្ឍនាការ	0.187 / (2)	0% / 60.25%	14693
ត្រជំ	0.187 / (2)	0% / 60.25%	14694
ស្ពៃក្ដោប	0.187 / (2)	0% / 60.25%	14695
ទុកដាក់កូនចៅ	0.187 / (2)	0% / 60.25%	14696
អានាង	0.187 / (2)	0% / 60.25%	14697
របះ	0.187 / (2)	0% / 60.25%	14698
លុះដល់ល្ងាច	0.187 / (2)	0% / 60.25%	14699
ឧបទេស	0.187 / (2)	0% / 60.25%	14700
កុំបីខាន	0.187 / (2)	0% / 60.25%	14701
ភូសា	0.187 / (2)	0% / 60.25%	14702
រណកម្ម	0.187 / (2)	0% / 60.25%	14703
ឃើញសព្វ	0.187 / (2)	0% / 60.25%	14704
ពិស្ណុ	0.187 / (2)	0% / 60.25%	14705
បងបង្កើត	0.187 / (2)	0% / 60.25%	14706
ងងឹតមុខ	0.187 / (2)	0% / 60.25%	14707
ត្រើង	0.187 / (2)	0% / 60.25%	14708
អញ្ចឹងឬ	0.187 / (2)	0% / 60.25%	14709
នាយកវិទ្យាល័យ	0.187 / (2)	0% / 60.25%	14710
វិរាគធម៌	0.187 / (2)	0% / 60.25%	14711
ប្រយោជន៍ទូទៅ	0.187 / (2)	0% / 60.25%	14712
សាមន្តរដ្ឋ	0.187 / (2)	0% / 60.25%	14713
ក្ដិត	0.187 / (2)	0% / 60.25%	14714
ដាក់កុង	0.187 / (2)	0% / 60.25%	14715
លញ់	0.187 / (2)	0% / 60.25%	14716
បច្ចិមទិស	0.187 / (2)	0% / 60.25%	14717
សូន្យឈឹង	0.187 / (2)	0% / 60.25%	14718
ចង្កើះ	0.187 / (2)	0% / 60.25%	14719
តំបន់ជនបទ	0.187 / (2)	0% / 60.25%	14720
គ្រឹះស្ថានសិក្សា	0.187 / (2)	0% / 60.25%	14721
ផ្ទៃក្នុងបក្ស	0.187 / (2)	0% / 60.25%	14722
លបលាក់	0.187 / (2)	0% / 60.25%	14723
ខត្ត	0.187 / (2)	0% / 60.25%	14724
វិសជ្ជនា	0.187 / (2)	0% / 60.25%	14725
គន់មើល	0.187 / (2)	0% / 60.25%	14726
ធនិត	0.187 / (2)	0% / 60.25%	14727
គគ្រុំ	0.187 / (2)	0% / 60.25%	14728
វណ្ណយុត្តិ	0.187 / (2)	0% / 60.25%	14729
បឋមវ័យ	0.187 / (2)	0% / 60.25%	14730
ប៉ះពារ	0.187 / (2)	0% / 60.25%	14731
ទញ់	0.187 / (2)	0% / 60.25%	14732
កណ្ដៀតក្អម	0.187 / (2)	0% / 60.25%	14733
ចិត្តសុភាព	0.187 / (2)	0% / 60.25%	14734
អនែក	0.187 / (2)	0% / 60.25%	14735
ការនាំចូល	0.187 / (2)	0% / 60.25%	14736
កែទំរង់	0.187 / (2)	0% / 60.25%	14737
រយៈពាក្យ	0.187 / (2)	0% / 60.25%	14738
ពាក់ចិញ្ចៀន	0.187 / (2)	0% / 60.25%	14739
លុះអាយុ	0.187 / (2)	0% / 60.25%	14740
ភូមី	0.187 / (2)	0% / 60.25%	14741
ជំងឺចិត្ត	0.187 / (2)	0% / 60.25%	14742
ជាចុងក្រោយនេះ	0.187 / (2)	0% / 60.25%	14743
គ្រើល	0.187 / (2)	0% / 60.25%	14744
កិច្ចប្រតិបត្តិ	0.187 / (2)	0% / 60.25%	14745
គ្រឿងប្រាក់	0.187 / (2)	0% / 60.25%	14746
ស៊ីលុយ	0.187 / (2)	0% / 60.25%	14747
ហ្មងសៅ	0.187 / (2)	0% / 60.25%	14748
ថ្ងៃមិញ	0.187 / (2)	0% / 60.25%	14749
ភូគព្ភវិទូ	0.187 / (2)	0% / 60.25%	14750
វុឌ្ឍិធម៌	0.187 / (2)	0% / 60.25%	14751
ឆន្ទានុសិទ្ធិ	0.187 / (2)	0% / 60.25%	14752
ធ្លាក់រណ្ដៅ	0.187 / (2)	0% / 60.25%	14753
សញ្ញី	0.187 / (2)	0% / 60.25%	14754
ផ្អរ	0.187 / (2)	0% / 60.25%	14755
ឡឹប	0.187 / (2)	0% / 60.25%	14756
ស្អិតស្អាង	0.187 / (2)	0% / 60.25%	14757
ក្រុមហុន	0.187 / (2)	0% / 60.25%	14758
ដំឡើងម៉ាស៊ីន	0.187 / (2)	0% / 60.25%	14759
បូរបាច់	0.187 / (2)	0% / 60.25%	14760
ជួជាតិ	0.187 / (2)	0% / 60.25%	14761
បាត់មាត់	0.187 / (2)	0% / 60.25%	14762
ជំនំ	0.187 / (2)	0% / 60.25%	14763
អនិរន្តរ៍	0.187 / (2)	0% / 60.25%	14764
វ័ង	0.187 / (2)	0% / 60.25%	14765
កៅណ្ឌិន្យ	0.187 / (2)	0% / 60.25%	14766
ល្ងឹត	0.187 / (2)	0% / 60.25%	14767
អស្សុ	0.187 / (2)	0% / 60.25%	14768
រត់រក	0.187 / (2)	0% / 60.25%	14769
កិន្នរ	0.187 / (2)	0% / 60.25%	14770
បីខែ	0.187 / (2)	0% / 60.25%	14771
អយ្យកា	0.187 / (2)	0% / 60.25%	14772
កាត់ឲ្យខ្លី	0.187 / (2)	0% / 60.25%	14773
សីហបញ្ជរ	0.187 / (2)	0% / 60.25%	14774
ពំនឹង	0.187 / (2)	0% / 60.25%	14775
ទុំជោរ	0.187 / (2)	0% / 60.25%	14776
កាទឹក	0.187 / (2)	0% / 60.25%	14777
ប្រណាំងប្រជែង	0.187 / (2)	0% / 60.25%	14778
ក្រូម៉េ	0.187 / (2)	0% / 60.25%	14779
បង្ខុស	0.187 / (2)	0% / 60.25%	14780
សំរុកចូល	0.187 / (2)	0% / 60.25%	14781
កូនឡាន	0.187 / (2)	0% / 60.25%	14782
ប៉ប្រិម	0.187 / (2)	0% / 60.25%	14783
ល្បៈ	0.187 / (2)	0% / 60.25%	14784
ក្អែ	0.187 / (2)	0% / 60.25%	14785
ពីក្រោយខ្នង	0.187 / (2)	0% / 60.25%	14786
ចំរុះគ្នា	0.187 / (2)	0% / 60.25%	14787
ទៅបត់ជើង	0.187 / (2)	0% / 60.25%	14788
ស្រយាក	0.187 / (2)	0% / 60.25%	14789
ក្រចេ	0.187 / (2)	0% / 60.25%	14790
ក្រអី	0.187 / (2)	0% / 60.25%	14791
ព្រះរាជធានី	0.187 / (2)	0% / 60.25%	14792
សិង្គាល	0.187 / (2)	0% / 60.25%	14793
បង្អៅ	0.187 / (2)	0% / 60.25%	14794
ពស់ថ្លាន់	0.187 / (2)	0% / 60.25%	14795
ដីល្បាប់	0.187 / (2)	0% / 60.25%	14796
សួរដេញដោល	0.187 / (2)	0% / 60.25%	14797
វគ្គសិក្សា	0.187 / (2)	0% / 60.25%	14798
ស្មោក	0.187 / (2)	0% / 60.25%	14799
សង្កត់ក	0.187 / (2)	0% / 60.25%	14800
អ្នកតែង	0.187 / (2)	0% / 60.25%	14801
ឧទកភ័យ	0.187 / (2)	0% / 60.25%	14802
អមរ	0.187 / (2)	0% / 60.25%	14803
និមិត	0.187 / (2)	0% / 60.25%	14804
មួយដង	0.187 / (2)	0% / 60.25%	14805
ជីកដី	0.187 / (2)	0% / 60.25%	14806
ជេរប្រទេច	0.187 / (2)	0% / 60.25%	14807
ភុង	0.187 / (2)	0% / 60.25%	14808
ទទួលអំណោយ	0.187 / (2)	0% / 60.25%	14809
ចិត្តជឿ	0.187 / (2)	0% / 60.25%	14810
សន្ទិះ	0.187 / (2)	0% / 60.25%	14811
សាងផ្នួស	0.187 / (2)	0% / 60.25%	14812
កំរៀវ	0.187 / (2)	0% / 60.25%	14813
សម្មាបដិបត្តិ	0.187 / (2)	0% / 60.25%	14814
ភ្ងារ	0.187 / (2)	0% / 60.25%	14815
នីតិបុគ្គល	0.187 / (2)	0% / 60.25%	14816
រកាដែក	0.187 / (2)	0% / 60.25%	14817
ដើមបុណ្យ	0.187 / (2)	0% / 60.25%	14818
ថ្លែងសុន្ទរកថា	0.187 / (2)	0% / 60.25%	14819
ព្រឹទ្ធបុរស	0.187 / (2)	0% / 60.25%	14820
ប៉ូលិសក្រុង	0.187 / (2)	0% / 60.25%	14821
បញ្ជក់	0.187 / (2)	0% / 60.25%	14822
ការខុសត្រូវ	0.187 / (2)	0% / 60.25%	14823
ឪពុកធម៌	0.187 / (2)	0% / 60.25%	14824
ពង្រីង	0.187 / (2)	0% / 60.25%	14825
អាត្ម័ន	0.187 / (2)	0% / 60.25%	14826
ហេតុហ្នឹងហើយបានជា	0.187 / (2)	0% / 60.25%	14827
ដង្កូវនាង	0.187 / (2)	0% / 60.25%	14828
សែនចូល	0.187 / (2)	0% / 60.25%	14829
រត្តិ	0.187 / (2)	0% / 60.25%	14830
កិរិយាមារយាទ	0.187 / (2)	0% / 60.25%	14831
មូលគ្នា	0.187 / (2)	0% / 60.25%	14832
អក្សរពុម	0.187 / (2)	0% / 60.25%	14833
បាធ្យាយ	0.187 / (2)	0% / 60.25%	14834
ជ្រះស្រឡះ	0.187 / (2)	0% / 60.25%	14835
ភ្ជួរស្រែ	0.187 / (2)	0% / 60.25%	14836
ស្រីពេស្យា	0.187 / (2)	0% / 60.25%	14837
ធីដា	0.187 / (2)	0% / 60.25%	14838
ឆ្កឹះឆ្កៀល	0.187 / (2)	0% / 60.25%	14839
ព្នាយ	0.187 / (2)	0% / 60.25%	14840
គូព្រេង	0.187 / (2)	0% / 60.25%	14841
កូនគោល	0.187 / (2)	0% / 60.25%	14842
ស្រាំង	0.187 / (2)	0% / 60.25%	14843
ដ៏កំពូល	0.187 / (2)	0% / 60.25%	14844
បេនឡាន	0.187 / (2)	0% / 60.25%	14845
កញ្ចូញ	0.187 / (2)	0% / 60.25%	14846
កខូច	0.187 / (2)	0% / 60.25%	14847
ឯលើ	0.187 / (2)	0% / 60.25%	14848
សំរឹង	0.187 / (2)	0% / 60.25%	14849
ទយ	0.187 / (2)	0% / 60.25%	14850
ទន្សោង	0.187 / (2)	0% / 60.25%	14851
វិត្ថារ	0.187 / (2)	0% / 60.25%	14852
សំនួនវោហារ	0.187 / (2)	0% / 60.25%	14853
បុំលិង្គ	0.187 / (2)	0% / 60.25%	14854
ចន្ទមណ្ឌល	0.187 / (2)	0% / 60.25%	14855
អង្គកាយ	0.187 / (2)	0% / 60.25%	14856
ចួង	0.187 / (2)	0% / 60.25%	14857
ត្មា	0.187 / (2)	0% / 60.25%	14858
ពួត	0.187 / (2)	0% / 60.25%	14859
ស្រឿ	0.187 / (2)	0% / 60.25%	14860
ស្មារតីទទួលខុសត្រូវ	0.187 / (2)	0% / 60.25%	14861
ចក្រពង្ស	0.187 / (2)	0% / 60.25%	14862
ស្រីសាវា	0.187 / (2)	0% / 60.25%	14863
ត្រុក	0.187 / (2)	0% / 60.25%	14864
គុម្ពឫស្សី	0.187 / (2)	0% / 60.25%	14865
សង្វរ	0.187 / (2)	0% / 60.25%	14866
គារវៈ	0.187 / (2)	0% / 60.25%	14867
ណាំង	0.187 / (2)	0% / 60.25%	14868
ពុំសូវល្អ	0.187 / (2)	0% / 60.25%	14869
វិជ្ជាស្ថាន	0.187 / (2)	0% / 60.25%	14870
ជឿស៊ប់	0.187 / (2)	0% / 60.25%	14871
សុទ្ធោទន	0.187 / (2)	0% / 60.25%	14872
សុំចិត្ត	0.187 / (2)	0% / 60.25%	14873
ស្គាល់ចិត្ត	0.187 / (2)	0% / 60.25%	14874
ឈង	0.187 / (2)	0% / 60.25%	14875
វង្វេងស្មារតី	0.187 / (2)	0% / 60.25%	14876
រម៉ង់	0.187 / (2)	0% / 60.25%	14877
ចាប់គូ	0.187 / (2)	0% / 60.25%	14878
ចំហុត	0.187 / (2)	0% / 60.25%	14879
ច្បាស់ក្រឡែត	0.187 / (2)	0% / 60.25%	14880
ខ្នល់ខ្នើយ	0.187 / (2)	0% / 60.25%	14881
មាគ៌	0.187 / (2)	0% / 60.25%	14882
ទីងមោង	0.187 / (2)	0% / 60.25%	14883
បែកមែក	0.187 / (2)	0% / 60.25%	14884
បង្កាន់ដៃស្ពាន	0.187 / (2)	0% / 60.25%	14885
សំអប់	0.187 / (2)	0% / 60.25%	14886
កង្កាញ់	0.187 / (2)	0% / 60.25%	14887
គន្ធព្វ	0.187 / (2)	0% / 60.25%	14888
វ៉ាស	0.187 / (2)	0% / 60.25%	14889
ប្រុងខ្លួន	0.187 / (2)	0% / 60.25%	14890
ស្ទោក	0.187 / (2)	0% / 60.25%	14891
កោរសក់	0.187 / (2)	0% / 60.25%	14892
រំពើក	0.187 / (2)	0% / 60.25%	14893
រ៉ិ	0.187 / (2)	0% / 60.25%	14894
សួរសាក	0.187 / (2)	0% / 60.25%	14895
យកជ័យ	0.187 / (2)	0% / 60.25%	14896
ថាទៀត	0.187 / (2)	0% / 60.25%	14897
អង្កាម	0.187 / (2)	0% / 60.25%	14898
សម្ភារៈនិយម	0.187 / (2)	0% / 60.25%	14899
មនុស្សក្រៅ	0.187 / (2)	0% / 60.25%	14900
ចុងមាត់	0.187 / (2)	0% / 60.25%	14901
ចិត្តអាក្រក់	0.187 / (2)	0% / 60.25%	14902
ស៊ើបរក	0.187 / (2)	0% / 60.25%	14903
ព្រះបត់	0.187 / (2)	0% / 60.25%	14904
ឧបទ្វីប	0.187 / (2)	0% / 60.25%	14905
ក្របូប	0.187 / (2)	0% / 60.25%	14906
រ៉ុក្កែត	0.187 / (2)	0% / 60.25%	14907
ឥណទេយ្យ	0.187 / (2)	0% / 60.25%	14908
វែងអន្លាយ	0.187 / (2)	0% / 60.25%	14909
បញ្ឆិត	0.187 / (2)	0% / 60.25%	14910
ឱទ្យាន	0.187 / (2)	0% / 60.25%	14911
ឆ្វង់	0.187 / (2)	0% / 60.25%	14912
មានព្រះអង្គ	0.187 / (2)	0% / 60.25%	14913
សូល	0.187 / (2)	0% / 60.25%	14914
វិជ្ឈមាត្រ	0.187 / (2)	0% / 60.25%	14915
អមត	0.187 / (2)	0% / 60.25%	14916
ពាក្យមួយម៉ាត់	0.187 / (2)	0% / 60.25%	14917
នីឡុង	0.187 / (2)	0% / 60.25%	14918
និរន័យ	0.187 / (2)	0% / 60.25%	14919
ដេកដួល	0.187 / (2)	0% / 60.25%	14920
ក្រមុំចាស់	0.187 / (2)	0% / 60.25%	14921
ដោះខ្លួន	0.187 / (2)	0% / 60.25%	14922
ព្រះកេស	0.187 / (2)	0% / 60.25%	14923
ស្រៀវធ្មេញ	0.187 / (2)	0% / 60.25%	14924
អរិភាព	0.187 / (2)	0% / 60.25%	14925
ដុសធ្មេញ	0.187 / (2)	0% / 60.25%	14926
ដងនោះ	0.187 / (2)	0% / 60.25%	14927
ពន្ឋនាគារ	0.187 / (2)	0% / 60.25%	14928
ថិតថេរ	0.187 / (2)	0% / 60.25%	14929
ចុះអាចម៍	0.187 / (2)	0% / 60.25%	14930
ពណ៌បៃតង	0.187 / (2)	0% / 60.25%	14931
ស៊ីម៉ង់	0.187 / (2)	0% / 60.25%	14932
ពុទ្ធវចនៈ	0.187 / (2)	0% / 60.25%	14933
ស្ទេញ	0.187 / (2)	0% / 60.25%	14934
អាស្រូវភាស	0.187 / (2)	0% / 60.25%	14935
ទឹល	0.187 / (2)	0% / 60.25%	14936
អង្គុយចោងហោង	0.187 / (2)	0% / 60.25%	14937
ទោរទន់	0.187 / (2)	0% / 60.25%	14938
បាក់ដង	0.187 / (2)	0% / 60.25%	14939
អត់ទោស	0.187 / (2)	0% / 60.25%	14940
ខ្សែបូ	0.187 / (2)	0% / 60.25%	14941
សេចក្តីកក់ក្តៅ	0.187 / (2)	0% / 60.25%	14942
ដីកាកោះ	0.187 / (2)	0% / 60.25%	14943
បុព្វេ	0.187 / (2)	0% / 60.25%	14944
បីបាច់រក្សា	0.187 / (2)	0% / 60.25%	14945
ធ្វើលេខ	0.187 / (2)	0% / 60.25%	14946
គ្រោក	0.187 / (2)	0% / 60.25%	14947
ដីទួល	0.187 / (2)	0% / 60.25%	14948
មេជាង	0.187 / (2)	0% / 60.25%	14949
ទ្រុម	0.187 / (2)	0% / 60.25%	14950
ប៊័រ	0.187 / (2)	0% / 60.25%	14951
បោះគោល	0.187 / (2)	0% / 60.25%	14952
ផែល	0.187 / (2)	0% / 60.25%	14953
អានរក	0.187 / (2)	0% / 60.25%	14954
ដោយអាង	0.187 / (2)	0% / 60.25%	14955
យុវភាព	0.187 / (2)	0% / 60.25%	14956
ជីកស្រះ	0.187 / (2)	0% / 60.25%	14957
អនាថបិណ្ឌិក	0.187 / (2)	0% / 60.25%	14958
ចីវរ	0.187 / (2)	0% / 60.25%	14959
សង្វារ	0.187 / (2)	0% / 60.25%	14960
ជាតិពណ៌	0.187 / (2)	0% / 60.25%	14961
ចូលចិត្តជាង	0.187 / (2)	0% / 60.25%	14962
អារក្ខា	0.187 / (2)	0% / 60.25%	14963
ក្រមុំព្រហ្មចារី	0.187 / (2)	0% / 60.25%	14964
បង្ហើបទ្វារ	0.187 / (2)	0% / 60.25%	14965
យុគល	0.187 / (2)	0% / 60.25%	14966
លាងចាន	0.187 / (2)	0% / 60.25%	14967
ទេពា	0.187 / (2)	0% / 60.25%	14968
នៅទំនេរ	0.187 / (2)	0% / 60.25%	14969
លំអងផ្កា	0.187 / (2)	0% / 60.25%	14970
ឡានទឹក	0.187 / (2)	0% / 60.26%	14971
រាំងរា	0.187 / (2)	0% / 60.26%	14972
ប្រតាយប្រតប់	0.187 / (2)	0% / 60.26%	14973
ភាពក្ដៅ	0.187 / (2)	0% / 60.26%	14974
កាំភ្លោះ	0.187 / (2)	0% / 60.26%	14975
ទាក់ទាញចិត្ត	0.187 / (2)	0% / 60.26%	14976
ផ្លូវជំនួញ	0.187 / (2)	0% / 60.26%	14977
ប្រទាក់ប្រទង	0.187 / (2)	0% / 60.26%	14978
ផ្លូវរស់	0.187 / (2)	0% / 60.26%	14979
ថ្លើង	0.187 / (2)	0% / 60.26%	14980
ជីវគីមី	0.187 / (2)	0% / 60.26%	14981
អច្ចេក	0.187 / (2)	0% / 60.26%	14982
ពីក្រៅ	0.187 / (2)	0% / 60.26%	14983
ស្រេចតែចិត្ត	0.187 / (2)	0% / 60.26%	14984
ហេតុម្ដេចបានជា	0.187 / (2)	0% / 60.26%	14985
វិទ្យុសកម្ម	0.187 / (2)	0% / 60.26%	14986
សកុណា	0.187 / (2)	0% / 60.26%	14987
បព្វជ្ជាចារ្យ	0.187 / (2)	0% / 60.26%	14988
ខ្ញុំម្ចាស់	0.187 / (2)	0% / 60.26%	14989
ដំកាត់	0.187 / (2)	0% / 60.26%	14990
អ្នកបើកឡាន	0.187 / (2)	0% / 60.26%	14991
វង់ក្រចក	0.187 / (2)	0% / 60.26%	14992
ស្ងាត់កំបាំង	0.187 / (2)	0% / 60.26%	14993
យសស័ក្តិ	0.187 / (2)	0% / 60.26%	14994
តូចល្មម	0.187 / (2)	0% / 60.26%	14995
មានចិត្តល្អ	0.187 / (2)	0% / 60.26%	14996
ព្រៃហេមពាន្ត	0.187 / (2)	0% / 60.26%	14997
ថវិកាជាតិ	0.187 / (2)	0% / 60.26%	14998
ស្វ័យប្រវត្តិកម្ម	0.187 / (2)	0% / 60.26%	14999
ជាតិដី	0.187 / (2)	0% / 60.26%	15000
ត្អឹង	0.187 / (2)	0% / 60.26%	15001
គោឧសភរាជ	0.187 / (2)	0% / 60.26%	15002
រឿងលើក	0.187 / (2)	0% / 60.26%	15003
ចោលសំរាម	0.187 / (2)	0% / 60.26%	15004
ច្រត់ព្រះនង្គ័ល	0.187 / (2)	0% / 60.26%	15005
បោះឆ្នោតសកល	0.187 / (2)	0% / 60.26%	15006
រំលែកទុក្ខ	0.187 / (2)	0% / 60.26%	15007
អង្កុញជើង	0.187 / (2)	0% / 60.26%	15008
ភួងមាលា	0.187 / (2)	0% / 60.26%	15009
ល្វក់	0.187 / (2)	0% / 60.26%	15010
ចាញ់ប្រៀប	0.187 / (2)	0% / 60.26%	15011
ផងគ្នា	0.187 / (2)	0% / 60.26%	15012
មានបាប	0.187 / (2)	0% / 60.26%	15013
ច្រឡោតខឹង	0.187 / (2)	0% / 60.26%	15014
ទួទ័រ	0.187 / (2)	0% / 60.26%	15015
ច្រងូវ	0.187 / (2)	0% / 60.26%	15016
បំរាស	0.187 / (2)	0% / 60.26%	15017
ដឹងក្តី	0.187 / (2)	0% / 60.26%	15018
ស្រ៊ឹប	0.187 / (2)	0% / 60.26%	15019
បើមិនអញ្ចឹងទេ	0.187 / (2)	0% / 60.26%	15020
ដូរដោះ	0.187 / (2)	0% / 60.26%	15021
មិល្លីម៉ែត្រ	0.187 / (2)	0% / 60.26%	15022
កាខ្នងសំបុត្រ	0.187 / (2)	0% / 60.26%	15023
រយាក	0.187 / (2)	0% / 60.26%	15024
ទីទើរ	0.187 / (2)	0% / 60.26%	15025
ផ្អើលឆោឡោ	0.187 / (2)	0% / 60.26%	15026
បណ្ដើរគ្នា	0.187 / (2)	0% / 60.26%	15027
អាចម៍កុក	0.187 / (2)	0% / 60.26%	15028
ជាអតិបរិមា	0.187 / (2)	0% / 60.26%	15029
ព្រះសុរិយា	0.187 / (2)	0% / 60.26%	15030
ស្មី	0.187 / (2)	0% / 60.26%	15031
ស៊ីឡឹប	0.187 / (2)	0% / 60.26%	15032
បុណ្យសក្តិ	0.187 / (2)	0% / 60.26%	15033
កថិន	0.187 / (2)	0% / 60.26%	15034
ស្រឡាប	0.187 / (2)	0% / 60.26%	15035
ព្រះចិន្តា	0.187 / (2)	0% / 60.26%	15036
តម្ពក់	0.187 / (2)	0% / 60.26%	15037
ត្រាំទឹក	0.187 / (2)	0% / 60.26%	15038
ពាក្យចួន	0.187 / (2)	0% / 60.26%	15039
ម៉ល់	0.187 / (2)	0% / 60.26%	15040
ពិធីច្រត់ព្រះនង្គ័ល	0.187 / (2)	0% / 60.26%	15041
មានជីជាតិ	0.187 / (2)	0% / 60.26%	15042
រហើប	0.187 / (2)	0% / 60.26%	15043
កន្ទប	0.187 / (2)	0% / 60.26%	15044
អណ្ដាប់	0.187 / (2)	0% / 60.26%	15045
លើកសព	0.187 / (2)	0% / 60.26%	15046
ប្ដូរជីវិត	0.187 / (2)	0% / 60.26%	15047
មូលា	0.187 / (2)	0% / 60.26%	15048
អម្រស់	0.187 / (2)	0% / 60.26%	15049
បង្អែ	0.187 / (2)	0% / 60.26%	15050
ចិត្តស្រឡាញ់	0.187 / (2)	0% / 60.26%	15051
ច្បាប់សង្គម	0.187 / (2)	0% / 60.26%	15052
អាយុវែង	0.187 / (2)	0% / 60.26%	15053
ព្រះមកុដ	0.187 / (2)	0% / 60.26%	15054
ស្យង់	0.187 / (2)	0% / 60.26%	15055
ដងទន្លេ	0.187 / (2)	0% / 60.26%	15056
ញញើតដៃ	0.187 / (2)	0% / 60.26%	15057
ប្រចៀវ	0.187 / (2)	0% / 60.26%	15058
រំលាយសព	0.187 / (2)	0% / 60.26%	15059
ក្ដៅស្លឹកត្រចៀក	0.187 / (2)	0% / 60.26%	15060
រួចជាស្រេច	0.187 / (2)	0% / 60.26%	15061
បរពត	0.187 / (2)	0% / 60.26%	15062
ចោលម្សៀត	0.187 / (2)	0% / 60.26%	15063
រាប់រាយ	0.187 / (2)	0% / 60.26%	15064
ថ្នាំសង្កូវ	0.187 / (2)	0% / 60.26%	15065
ភ្លេចបាត់	0.187 / (2)	0% / 60.26%	15066
មនុស្សចេះដឹង	0.187 / (2)	0% / 60.26%	15067
មរណកាល	0.187 / (2)	0% / 60.26%	15068
ជូរអែម	0.187 / (2)	0% / 60.26%	15069
សុបសៅ	0.187 / (2)	0% / 60.26%	15070
ល្មួត	0.187 / (2)	0% / 60.26%	15071
ទុរាចារ	0.187 / (2)	0% / 60.26%	15072
ឃ្វាង	0.187 / (2)	0% / 60.26%	15073
ចារទុក	0.187 / (2)	0% / 60.26%	15074
ងាកមើល	0.187 / (2)	0% / 60.26%	15075
នំប៉ាវ	0.187 / (2)	0% / 60.26%	15076
រាជបក្សី	0.187 / (2)	0% / 60.26%	15077
ខសន្យា	0.187 / (2)	0% / 60.26%	15078
ងប់ងុល	0.187 / (2)	0% / 60.26%	15079
កំរាស់	0.187 / (2)	0% / 60.26%	15080
ទៈបាន	0.187 / (2)	0% / 60.26%	15081
ផុតរលត់	0.187 / (2)	0% / 60.26%	15082
សមិទ្ធកម្ម	0.187 / (2)	0% / 60.26%	15083
ជម្ពូពាន	0.187 / (2)	0% / 60.26%	15084
រអោក	0.187 / (2)	0% / 60.26%	15085
ពងបែក	0.187 / (2)	0% / 60.26%	15086
សិរ្ស	0.187 / (2)	0% / 60.26%	15087
អភិវឌ្ឍន៍សមាគមន៍	0.187 / (2)	0% / 60.26%	15088
រត់រួច	0.187 / (2)	0% / 60.26%	15089
អ្នកការទូត	0.187 / (2)	0% / 60.26%	15090
អដ្ឋ	0.187 / (2)	0% / 60.26%	15091
ប្រែរូប	0.187 / (2)	0% / 60.26%	15092
ប្រូស	0.187 / (2)	0% / 60.26%	15093
ល្វោ	0.187 / (2)	0% / 60.26%	15094
អាយូស	0.187 / (2)	0% / 60.26%	15095
ចៀសមិនរួច	0.187 / (2)	0% / 60.26%	15096
ចង្វែក	0.187 / (2)	0% / 60.26%	15097
ឡាយឡុង	0.187 / (2)	0% / 60.26%	15098
អ្នកជនបទ	0.187 / (2)	0% / 60.26%	15099
បិទមាត់	0.187 / (2)	0% / 60.26%	15100
តបៈ	0.187 / (2)	0% / 60.26%	15101
ញាន	0.187 / (2)	0% / 60.26%	15102
ញ៉ែងញ៉ង	0.187 / (2)	0% / 60.26%	15103
កក្លាក់	0.187 / (2)	0% / 60.26%	15104
កល្យាណមិត្រ	0.187 / (2)	0% / 60.26%	15105
ខ្មាសគេ	0.187 / (2)	0% / 60.26%	15106
មនុស្សសាមញ្ញ	0.187 / (2)	0% / 60.26%	15107
មេខា	0.187 / (2)	0% / 60.26%	15108
កន្យា	0.187 / (2)	0% / 60.26%	15109
ឆ្អឹងភ្លៅ	0.187 / (2)	0% / 60.26%	15110
ស្រីស្រស់	0.187 / (2)	0% / 60.26%	15111
ស្លាធម៌	0.187 / (2)	0% / 60.26%	15112
ផ្ចាញ់ផ្ចាល	0.187 / (2)	0% / 60.26%	15113
ផ្សងសំណាង	0.187 / (2)	0% / 60.26%	15114
ផ្លូវសួន	0.187 / (2)	0% / 60.26%	15115
មហាអស្ចារ្យ	0.187 / (2)	0% / 60.26%	15116
ទាសៈ	0.187 / (2)	0% / 60.26%	15117
ឆ្អឹងស្មង	0.187 / (2)	0% / 60.26%	15118
សូរសព្ទ	0.187 / (2)	0% / 60.26%	15119
អដ្ឋិធាតុ	0.187 / (2)	0% / 60.26%	15120
ហប់	0.187 / (2)	0% / 60.26%	15121
បបោសអង្អែល	0.187 / (2)	0% / 60.26%	15122
ចូលហ៊ុន	0.187 / (2)	0% / 60.26%	15123
សាធុការពរ	0.187 / (2)	0% / 60.26%	15124
ចិត្តបុណ្យ	0.187 / (2)	0% / 60.26%	15125
ទប់ចិត្ត	0.187 / (2)	0% / 60.26%	15126
ភិសម័យ	0.187 / (2)	0% / 60.26%	15127
បន្លុង	0.187 / (2)	0% / 60.26%	15128
សង្កត់ចិត្ត	0.187 / (2)	0% / 60.26%	15129
អគ្គាធិការ	0.187 / (2)	0% / 60.26%	15130
ធម្មក្ខន្ធ	0.187 / (2)	0% / 60.26%	15131
ឆ្វាយ	0.187 / (2)	0% / 60.26%	15132
ឧមា	0.187 / (2)	0% / 60.26%	15133
សោធន	0.187 / (2)	0% / 60.26%	15134
បូកបញ្ជី	0.187 / (2)	0% / 60.26%	15135
ពាក្យចចាមអារ៉ាម	0.187 / (2)	0% / 60.26%	15136
មួយខណៈ	0.187 / (2)	0% / 60.26%	15137
លាក់ការ	0.187 / (2)	0% / 60.26%	15138
បាញ់សត្វ	0.187 / (2)	0% / 60.26%	15139
សភាធម្មនុញ្ញ	0.187 / (2)	0% / 60.26%	15140
ដិប	0.187 / (2)	0% / 60.26%	15141
ថិរៈ	0.187 / (2)	0% / 60.26%	15142
ខៈ	0.187 / (2)	0% / 60.26%	15143
មួយពាន់	0.187 / (2)	0% / 60.26%	15144
មូលភាព	0.187 / (2)	0% / 60.26%	15145
ជីព	0.187 / (2)	0% / 60.26%	15146
ចូលពួក	0.187 / (2)	0% / 60.26%	15147
ម្ជុលចាក់	0.187 / (2)	0% / 60.26%	15148
ក្រុមចំរុះ	0.187 / (2)	0% / 60.26%	15149
កណ្ដាលផ្លូវ	0.187 / (2)	0% / 60.26%	15150
ភ្ជាប់ពាក្យ	0.187 / (2)	0% / 60.26%	15151
ឈរខាង	0.187 / (2)	0% / 60.26%	15152
អ្នកទទួលការ	0.187 / (2)	0% / 60.26%	15153
ទាញចិត្ត	0.187 / (2)	0% / 60.26%	15154
ទ្រនុង	0.187 / (2)	0% / 60.26%	15155
ឫសធ្មេញ	0.187 / (2)	0% / 60.26%	15156
សេនាប្រមុខ	0.187 / (2)	0% / 60.26%	15157
ជ្រាក	0.187 / (2)	0% / 60.26%	15158
ពុំបានគិត	0.187 / (2)	0% / 60.26%	15159
ឥតន័យ	0.187 / (2)	0% / 60.26%	15160
ទិសឦសាន	0.187 / (2)	0% / 60.26%	15161
ឆ្លើយតបទៅនឹង	0.187 / (2)	0% / 60.26%	15162
បណ្ដាការ	0.187 / (2)	0% / 60.26%	15163
សូមលោកមេត្តា	0.187 / (2)	0% / 60.26%	15164
អន្តេ	0.187 / (2)	0% / 60.26%	15165
ពាក្យដោះសា	0.187 / (2)	0% / 60.26%	15166
យកបុណ្យ	0.187 / (2)	0% / 60.26%	15167
ននល	0.187 / (2)	0% / 60.26%	15168
ខ្យងខ្ចៅ	0.187 / (2)	0% / 60.26%	15169
ថ្មកំបោរ	0.187 / (2)	0% / 60.26%	15170
ប្រមាថកាតទាន	0.187 / (2)	0% / 60.26%	15171
តាសក់	0.187 / (2)	0% / 60.26%	15172
សិនេរុ	0.187 / (2)	0% / 60.26%	15173
របៀបរស់នៅ	0.187 / (2)	0% / 60.26%	15174
ដួងកែវ	0.187 / (2)	0% / 60.26%	15175
លបចូល	0.187 / (2)	0% / 60.26%	15176
ផ្លួច	0.187 / (2)	0% / 60.26%	15177
ក្រសួងការងារ	0.187 / (2)	0% / 60.26%	15178
ទទះ	0.187 / (2)	0% / 60.26%	15179
ឆោមឆ្លៅ	0.187 / (2)	0% / 60.26%	15180
តាមណា	0.187 / (2)	0% / 60.26%	15181
ភយ	0.187 / (2)	0% / 60.26%	15182
ពេជ្ឈឃាដ	0.187 / (2)	0% / 60.26%	15183
កំហាប់	0.187 / (2)	0% / 60.26%	15184
ប្រពាត	0.187 / (2)	0% / 60.26%	15185
ចុះសំរុងគ្នា	0.187 / (2)	0% / 60.26%	15186
អ្នកទាំងឡាយ	0.187 / (2)	0% / 60.26%	15187
មួយភាគរយ	0.187 / (2)	0% / 60.26%	15188
ភាពកណ្ដាល	0.187 / (2)	0% / 60.26%	15189
ទឺង	0.187 / (2)	0% / 60.26%	15190
ហាលងៀត	0.187 / (2)	0% / 60.26%	15191
ក្រៀក	0.187 / (2)	0% / 60.26%	15192
អប្បបរិមាណ	0.187 / (2)	0% / 60.26%	15193
ស្ប៉ែត	0.187 / (2)	0% / 60.26%	15194
ស៊ង	0.187 / (2)	0% / 60.26%	15195
ភ្ញាក់ព្រើត	0.187 / (2)	0% / 60.26%	15196
ទោសកំហុស	0.187 / (2)	0% / 60.26%	15197
កំណត់ពេល	0.187 / (2)	0% / 60.26%	15198
រនុកទ្វារ	0.187 / (2)	0% / 60.26%	15199
ក្រមិចក្រមើម	0.187 / (2)	0% / 60.26%	15200
មហាលាភ	0.187 / (2)	0% / 60.26%	15201
នបុំសកលិង្គ	0.187 / (2)	0% / 60.26%	15202
គិតការ	0.187 / (2)	0% / 60.26%	15203
រក្សាថែ	0.187 / (2)	0% / 60.26%	15204
ស្លុយ	0.187 / (2)	0% / 60.26%	15205
គិតក្នុងចិត្ត	0.187 / (2)	0% / 60.26%	15206
អម្បាយ	0.187 / (2)	0% / 60.26%	15207
សរូប	0.187 / (2)	0% / 60.26%	15208
ដើរទេស	0.187 / (2)	0% / 60.26%	15209
ឧបសម្ប័ទ	0.187 / (2)	0% / 60.26%	15210
ខ្យល់កួច	0.187 / (2)	0% / 60.26%	15211
សំយុត្តនិកាយ	0.187 / (2)	0% / 60.26%	15212
រកគ្នា	0.187 / (2)	0% / 60.26%	15213
បញ្ជាក់ឲ្យឃើញថា	0.187 / (2)	0% / 60.26%	15214
រតនាគារជាតិ	0.187 / (2)	0% / 60.26%	15215
ត្រ័យ	0.187 / (2)	0% / 60.26%	15216
គ្មានខួរ	0.187 / (2)	0% / 60.26%	15217
រឡប់	0.187 / (2)	0% / 60.26%	15218
ខាំមាត់	0.187 / (2)	0% / 60.26%	15219
ភ្លេចស្រឡះ	0.187 / (2)	0% / 60.26%	15220
ត្រៃភព	0.187 / (2)	0% / 60.26%	15221
ឧបធិ	0.187 / (2)	0% / 60.26%	15222
ស្បែកជើងបាតា	0.187 / (2)	0% / 60.26%	15223
នាងខ្មៅ	0.187 / (2)	0% / 60.26%	15224
ត្រាប្រណី	0.187 / (2)	0% / 60.26%	15225
គតិយុត្តិធម៌	0.187 / (2)	0% / 60.26%	15226
ស្លាត	0.187 / (2)	0% / 60.26%	15227
វិបុលកម្ម	0.187 / (2)	0% / 60.26%	15228
ដុំកំភួន	0.187 / (2)	0% / 60.26%	15229
ក្រញុះ	0.187 / (2)	0% / 60.26%	15230
ទទើស	0.187 / (2)	0% / 60.26%	15231
ក្មួយស្រី	0.187 / (2)	0% / 60.26%	15232
សម្រាកសម្រាន្ត	0.187 / (2)	0% / 60.26%	15233
ញញោច	0.187 / (2)	0% / 60.26%	15234
ឆ្អល់	0.187 / (2)	0% / 60.26%	15235
ចបជីក	0.187 / (2)	0% / 60.26%	15236
រហាត់	0.187 / (2)	0% / 60.26%	15237
ដង្គោល	0.187 / (2)	0% / 60.26%	15238
ដាក់ខ្លួន	0.187 / (2)	0% / 60.26%	15239
ថ្លាថ្លៃ	0.187 / (2)	0% / 60.26%	15240
ដាក់ពាក្យបណ្ដឹង	0.187 / (2)	0% / 60.26%	15241
បិទផ្លូវ	0.187 / (2)	0% / 60.26%	15242
ឡែម	0.187 / (2)	0% / 60.26%	15243
ឥស្សា	0.187 / (2)	0% / 60.26%	15244
ល័ក្ត	0.187 / (2)	0% / 60.26%	15245
លបមើល	0.187 / (2)	0% / 60.26%	15246
ការសាធារណៈ	0.187 / (2)	0% / 60.26%	15247
ទម្រង់ការ	0.187 / (2)	0% / 60.26%	15248
គិតក្រោយ	0.187 / (2)	0% / 60.26%	15249
បុព្វកថា	0.187 / (2)	0% / 60.26%	15250
យោជក	0.187 / (2)	0% / 60.26%	15251
ការសំរាក	0.187 / (2)	0% / 60.26%	15252
ត្រីដំរី	0.187 / (2)	0% / 60.26%	15253
ប្រសាសនោបាយ	0.187 / (2)	0% / 60.26%	15254
ទិញទុក	0.187 / (2)	0% / 60.26%	15255
ដោម	0.187 / (2)	0% / 60.26%	15256
ធ្វើពីឈើ	0.187 / (2)	0% / 60.26%	15257
បក្សសម្ព័ន្ធ	0.187 / (2)	0% / 60.26%	15258
ឆ្អើម	0.187 / (2)	0% / 60.26%	15259
ភព្វ	0.187 / (2)	0% / 60.26%	15260
បើកសេរីភាព	0.187 / (2)	0% / 60.26%	15261
គែល	0.187 / (2)	0% / 60.26%	15262
ចាប់ជាតិ	0.187 / (2)	0% / 60.26%	15263
សិប្បិយការ	0.187 / (2)	0% / 60.26%	15264
ក្រាក់	0.187 / (2)	0% / 60.26%	15265
ទទ្រើត	0.187 / (2)	0% / 60.26%	15266
មនុស្សឆ្កួត	0.187 / (2)	0% / 60.26%	15267
ស្លឺ	0.187 / (2)	0% / 60.26%	15268
អង្គបរិច្ចាគ	0.187 / (2)	0% / 60.26%	15269
ខៀវស្រងាត់	0.187 / (2)	0% / 60.26%	15270
អញ្ញត្រ	0.187 / (2)	0% / 60.26%	15271
អរិយសច្ច	0.187 / (2)	0% / 60.26%	15272
មឹង	0.187 / (2)	0% / 60.26%	15273
គ្រាក	0.187 / (2)	0% / 60.26%	15274
បកអាក្រាត	0.187 / (2)	0% / 60.26%	15275
ឯកតោភាគី	0.187 / (2)	0% / 60.26%	15276
ទ្វារបាល	0.187 / (2)	0% / 60.26%	15277
ពោធិញាណ	0.187 / (2)	0% / 60.26%	15278
កន្សៃសារពេជ្ញ	0.187 / (2)	0% / 60.26%	15279
ក្រេបរសជាតិ	0.187 / (2)	0% / 60.26%	15280
ការដង្ហែក្បួន	0.187 / (2)	0% / 60.26%	15281
អាក់អន់ចិត្ត	0.187 / (2)	0% / 60.26%	15282
រាជាធិរាជ	0.187 / (2)	0% / 60.26%	15283
ភាណវារ	0.187 / (2)	0% / 60.26%	15284
អគ្គិសនីភាវូបនីយកម្ម	0.187 / (2)	0% / 60.26%	15285
អណ្ដែតអណ្ដូង	0.187 / (2)	0% / 60.26%	15286
ដកទង	0.187 / (2)	0% / 60.26%	15287
យកមុខ	0.187 / (2)	0% / 60.26%	15288
ទេពនិម្មិត	0.187 / (2)	0% / 60.26%	15289
ក្រញិច	0.187 / (2)	0% / 60.26%	15290
តែមប្រិ៍	0.187 / (2)	0% / 60.26%	15291
រលាកភ្លើង	0.187 / (2)	0% / 60.26%	15292
ធ្ងន់ជាង	0.187 / (2)	0% / 60.26%	15293
ទន្ទ្រាំ	0.187 / (2)	0% / 60.26%	15294
ធម្មលិខិត	0.187 / (2)	0% / 60.26%	15295
គ្រូបា	0.187 / (2)	0% / 60.26%	15296
សំលៀងកាំបិត	0.187 / (2)	0% / 60.26%	15297
ច្រេះ	0.187 / (2)	0% / 60.26%	15298
ពិសម័យ	0.187 / (2)	0% / 60.26%	15299
មល្ល	0.187 / (2)	0% / 60.26%	15300
កិច្ចធានា	0.187 / (2)	0% / 60.26%	15301
ថ្នាក់បណ្ឌិត	0.187 / (2)	0% / 60.26%	15302
លោតែ	0.187 / (2)	0% / 60.26%	15303
ព្រៃកប្បាស	0.187 / (2)	0% / 60.26%	15304
ត្រឈឹងត្រឈៃ	0.187 / (2)	0% / 60.26%	15305
សភាចារបុរស	0.187 / (2)	0% / 60.26%	15306
តៀង	0.187 / (2)	0% / 60.26%	15307
ព្រឹប	0.187 / (2)	0% / 60.26%	15308
ក្រញោន	0.187 / (2)	0% / 60.26%	15309
ទ្រទូង	0.187 / (2)	0% / 60.26%	15310
ពុទ្ធាភិសេក	0.187 / (2)	0% / 60.26%	15311
ធ្វើសហការ	0.187 / (2)	0% / 60.26%	15312
ប្រលេះ	0.187 / (2)	0% / 60.26%	15313
ច្បាប់ទម្លាប់	0.187 / (2)	0% / 60.26%	15314
ជើងមេឃ	0.187 / (2)	0% / 60.26%	15315
ភោជនាគារ	0.187 / (2)	0% / 60.26%	15316
រថពាសដែក	0.187 / (2)	0% / 60.26%	15317
ជាប់ពិរុទ្ធ	0.187 / (2)	0% / 60.26%	15318
វេទនាចិត្ត	0.187 / (2)	0% / 60.26%	15319
ស្ទាក់ផ្លូវ	0.187 / (2)	0% / 60.26%	15320
ត្បិតអី	0.187 / (2)	0% / 60.26%	15321
គគ្រុក	0.187 / (2)	0% / 60.26%	15322
ជ្រួក	0.187 / (2)	0% / 60.26%	15323
មាសសុទ្ធ	0.187 / (2)	0% / 60.26%	15324
បើកលុយ	0.187 / (2)	0% / 60.26%	15325
រាជាសនៈ	0.187 / (2)	0% / 60.26%	15326
ចក្រយាន	0.187 / (2)	0% / 60.26%	15327
ព្យគ្ឃ	0.187 / (2)	0% / 60.26%	15328
អម្រ	0.187 / (2)	0% / 60.26%	15329
សន្ទះ	0.187 / (2)	0% / 60.26%	15330
អ្នកសេដ្ឋកិច្ច	0.187 / (2)	0% / 60.26%	15331
ចំណងទាក់ទង	0.187 / (2)	0% / 60.26%	15332
ឈាវ	0.187 / (2)	0% / 60.26%	15333
សុត្ត	0.187 / (2)	0% / 60.26%	15334
សូរេច	0.187 / (2)	0% / 60.26%	15335
មនុស្សខ្វាក់	0.187 / (2)	0% / 60.26%	15336
ហទយ	0.187 / (2)	0% / 60.26%	15337
រដឺន	0.187 / (2)	0% / 60.26%	15338
ក្រមម	0.187 / (2)	0% / 60.26%	15339
ពាក្យរាយ	0.187 / (2)	0% / 60.26%	15340
កញ្ចោង	0.187 / (2)	0% / 60.26%	15341
វង្វេងផ្លូវ	0.187 / (2)	0% / 60.26%	15342
ខ្ញៀវ	0.187 / (2)	0% / 60.26%	15343
និម	0.187 / (2)	0% / 60.26%	15344
ចង់ណាស់	0.187 / (2)	0% / 60.26%	15345
មានធុរៈ	0.187 / (2)	0% / 60.26%	15346
ឱដ្ឋ	0.187 / (2)	0% / 60.26%	15347
យមុនា	0.187 / (2)	0% / 60.26%	15348
យកលំនាំតាម	0.187 / (2)	0% / 60.26%	15349
រៀបចំរចនាសម្ព័ន្ធ	0.187 / (2)	0% / 60.26%	15350
ឪម៉ាល់	0.187 / (2)	0% / 60.26%	15351
មិត្រស្និទ្ធ	0.187 / (2)	0% / 60.26%	15352
ឥច្ឆា	0.187 / (2)	0% / 60.26%	15353
ប្រាត់	0.187 / (2)	0% / 60.26%	15354
ពេលវែង	0.187 / (2)	0% / 60.26%	15355
មនុស្យ	0.187 / (2)	0% / 60.26%	15356
យកចិត្តគេ	0.187 / (2)	0% / 60.26%	15357
ផ្លៀង	0.187 / (2)	0% / 60.26%	15358
អនុសំវច្ឆរៈ	0.187 / (2)	0% / 60.26%	15359
មិច្ឆាចារ	0.187 / (2)	0% / 60.26%	15360
ខ្យល់រំភើយ	0.187 / (2)	0% / 60.26%	15361
សួគ៌នាយ	0.187 / (2)	0% / 60.26%	15362
លក្សណ៍	0.187 / (2)	0% / 60.26%	15363
រចនាសម័្ពន្ធ	0.187 / (2)	0% / 60.26%	15364
ហេតុរូប	0.187 / (2)	0% / 60.26%	15365
គោលោត	0.187 / (2)	0% / 60.26%	15366
គុនដាវ	0.187 / (2)	0% / 60.26%	15367
តូរ្យតន្ត្រី	0.187 / (2)	0% / 60.26%	15368
បោះពុម្ពសៀវភៅ	0.187 / (2)	0% / 60.26%	15369
មរណ៍	0.187 / (2)	0% / 60.26%	15370
ក្រពឹត	0.187 / (2)	0% / 60.26%	15371
រុះរោយ	0.187 / (2)	0% / 60.26%	15372
ពលីការ	0.187 / (2)	0% / 60.26%	15373
កូនក្មួយ	0.187 / (2)	0% / 60.26%	15374
ស្លុក	0.187 / (2)	0% / 60.26%	15375
ទេពច្យុត	0.187 / (2)	0% / 60.26%	15376
លុតជង្គង់	0.187 / (2)	0% / 60.26%	15377
ចង្កេះភ្នំ	0.187 / (2)	0% / 60.26%	15378
ខាងម្ខាង	0.187 / (2)	0% / 60.26%	15379
បុណ្យផ្កា	0.187 / (2)	0% / 60.26%	15380
អន្សា	0.187 / (2)	0% / 60.26%	15381
សន្តោស	0.187 / (2)	0% / 60.26%	15382
អង្គុលី	0.187 / (2)	0% / 60.26%	15383
ល្អល្អាច់	0.187 / (2)	0% / 60.26%	15384
បន្ថើរ	0.187 / (2)	0% / 60.26%	15385
ដៀ	0.187 / (2)	0% / 60.26%	15386
វិនាសកម្ម	0.187 / (2)	0% / 60.26%	15387
ឳពុកម្ដាយ	0.187 / (2)	0% / 60.26%	15388
ប៉េងប៉ោង	0.187 / (2)	0% / 60.26%	15389
ច្រូតស្មៅ	0.187 / (2)	0% / 60.26%	15390
និយតកម្ម	0.187 / (2)	0% / 60.26%	15391
ផ្គូ	0.187 / (2)	0% / 60.26%	15392
ក្ដៀប	0.187 / (2)	0% / 60.26%	15393
បរុស	0.187 / (2)	0% / 60.26%	15394
ធ្វើសឹក	0.187 / (2)	0% / 60.26%	15395
រាជកុមារី	0.187 / (2)	0% / 60.26%	15396
ងុយដេក	0.187 / (2)	0% / 60.26%	15397
តតាត់	0.187 / (2)	0% / 60.26%	15398
វដ្ដសង្សារ	0.187 / (2)	0% / 60.26%	15399
ឧទរ	0.187 / (2)	0% / 60.26%	15400
បុព្វោ	0.187 / (2)	0% / 60.26%	15401
ទន្លេធំ	0.187 / (2)	0% / 60.26%	15402
កើតចេញមកពី	0.187 / (2)	0% / 60.26%	15403
ជតារាសី	0.187 / (2)	0% / 60.26%	15404
ខ្មែរូបនីយកម្ម	0.187 / (2)	0% / 60.26%	15405
ឆ្អាប	0.187 / (2)	0% / 60.26%	15406
មធុរកថា	0.187 / (2)	0% / 60.26%	15407
មធូរ	0.187 / (2)	0% / 60.26%	15408
ការលុបចោល	0.187 / (2)	0% / 60.26%	15409
ក្រញៅ	0.187 / (2)	0% / 60.26%	15410
មេរ័យ	0.187 / (2)	0% / 60.26%	15411
អតិមូល	0.187 / (2)	0% / 60.26%	15412
ទឹកជោរ	0.187 / (2)	0% / 60.26%	15413
ល្ហួត	0.187 / (2)	0% / 60.26%	15414
អធម៌	0.187 / (2)	0% / 60.26%	15415
ចិត្តលោភ	0.187 / (2)	0% / 60.26%	15416
ត្បក	0.187 / (2)	0% / 60.26%	15417
ម៉េចខ្លះ	0.187 / (2)	0% / 60.26%	15418
មួយរយៈពេល	0.187 / (2)	0% / 60.26%	15419
សរីរកាយ	0.187 / (2)	0% / 60.26%	15420
ឆ្នាល់មាន់	0.187 / (2)	0% / 60.26%	15421
ពោរពាស	0.187 / (2)	0% / 60.26%	15422
កាន់តែទ្វេឡើង	0.187 / (2)	0% / 60.26%	15423
ថានានុក្រម	0.187 / (2)	0% / 60.26%	15424
អ្នកផឹក	0.187 / (2)	0% / 60.26%	15425
មោក្ខធម៌	0.187 / (2)	0% / 60.26%	15426
ចារិត	0.187 / (2)	0% / 60.26%	15427
មុខមាត់ស្រស់បស់	0.187 / (2)	0% / 60.26%	15428
ស្រីអប្សរ	0.187 / (2)	0% / 60.26%	15429
ម្ភៃប្រាំ	0.187 / (2)	0% / 60.26%	15430
ដណ្ដើមយក	0.187 / (2)	0% / 60.26%	15431
វឌ្ឍនី	0.187 / (2)	0% / 60.26%	15432
សិង	0.187 / (2)	0% / 60.26%	15433
សម្ទាយ	0.187 / (2)	0% / 60.26%	15434
កណ្ដប	0.187 / (2)	0% / 60.26%	15435
ស្លាបប៉ាកកា	0.187 / (2)	0% / 60.26%	15436
គំរក់	0.187 / (2)	0% / 60.26%	15437
ស្អីហ្នឹង?	0.187 / (2)	0% / 60.26%	15438
ការហ្វឹកហាត់	0.187 / (2)	0% / 60.26%	15439
បាទទេ	0.187 / (2)	0% / 60.26%	15440
ត្បុត	0.187 / (2)	0% / 60.26%	15441
ទឹកអសុចិ	0.187 / (2)	0% / 60.26%	15442
ព្រះរាមា	0.187 / (2)	0% / 60.26%	15443
គ្រឿងផ្សំ	0.187 / (2)	0% / 60.26%	15444
គិតតែខ្លួនឯង	0.187 / (2)	0% / 60.26%	15445
ចាប់កាន់	0.187 / (2)	0% / 60.26%	15446
យោន	0.187 / (2)	0% / 60.26%	15447
ថ្គោល	0.187 / (2)	0% / 60.26%	15448
ផាសុក	0.187 / (2)	0% / 60.26%	15449
លំនាច	0.187 / (2)	0% / 60.26%	15450
ពាក្យចំ	0.187 / (2)	0% / 60.26%	15451
សំពង់	0.187 / (2)	0% / 60.26%	15452
ពុទ្ធោវាទ	0.187 / (2)	0% / 60.26%	15453
យុទ្ធជ័យ	0.187 / (2)	0% / 60.26%	15454
អសន្យាណូវិទ្យា	0.187 / (2)	0% / 60.26%	15455
ប្របេះ	0.187 / (2)	0% / 60.26%	15456
ចង្អុលខ្មោច	0.187 / (2)	0% / 60.26%	15457
កោតតែ	0.187 / (2)	0% / 60.26%	15458
នាឡិកាដៃ	0.187 / (2)	0% / 60.26%	15459
លោហកម្ម	0.187 / (2)	0% / 60.26%	15460
នាមរូប	0.187 / (2)	0% / 60.26%	15461
ធម្មាធិការ	0.187 / (2)	0% / 60.26%	15462
នាងរង	0.187 / (2)	0% / 60.26%	15463
សីលប្រាំ	0.187 / (2)	0% / 60.26%	15464
ក្រង់ស្រូវ	0.187 / (2)	0% / 60.26%	15465
វិវិត្ត	0.187 / (2)	0% / 60.26%	15466
ស្ដាំដៃ	0.187 / (2)	0% / 60.26%	15467
ហ៊ឺក	0.187 / (2)	0% / 60.26%	15468
ផរុសវាទ	0.187 / (2)	0% / 60.26%	15469
ហ៊ឹះ	0.187 / (2)	0% / 60.26%	15470
ចំនៀរ	0.187 / (2)	0% / 60.26%	15471
ទើសមុខ	0.187 / (2)	0% / 60.26%	15472
បាគោ	0.187 / (2)	0% / 60.26%	15473
ទិសនិរតី	0.187 / (2)	0% / 60.26%	15474
សិរីសួស្តី	0.187 / (2)	0% / 60.26%	15475
ប្រជួស	0.187 / (2)	0% / 60.26%	15476
ផ្កាប់ផ្ងារ	0.187 / (2)	0% / 60.26%	15477
ថ្នល់ជាតិ	0.187 / (2)	0% / 60.26%	15478
បារគូ	0.187 / (2)	0% / 60.26%	15479
ម្លប់ឈើ	0.187 / (2)	0% / 60.26%	15480
តេជានុភាព	0.187 / (2)	0% / 60.26%	15481
ជែក	0.187 / (2)	0% / 60.26%	15482
កាលនៅតូច	0.187 / (2)	0% / 60.26%	15483
កំណល់	0.187 / (2)	0% / 60.26%	15484
ដើរកាត់មុខ	0.187 / (2)	0% / 60.26%	15485
ខៀវចាស់	0.187 / (2)	0% / 60.26%	15486
ស៊ីដាច់	0.187 / (2)	0% / 60.26%	15487
អម្រា	0.187 / (2)	0% / 60.26%	15488
អស់ទំហឹង	0.187 / (2)	0% / 60.26%	15489
មូលបទ	0.187 / (2)	0% / 60.26%	15490
ពណ៌ស្វាយ	0.187 / (2)	0% / 60.26%	15491
សង្គមវិជ្ជា	0.187 / (2)	0% / 60.26%	15492
សមបំណង	0.187 / (2)	0% / 60.26%	15493
ទទ្រើក	0.187 / (2)	0% / 60.26%	15494
ធម្មយុត្ត	0.187 / (2)	0% / 60.26%	15495
ឆ្អេះ	0.187 / (2)	0% / 60.26%	15496
ស្កៀបរមាស់	0.187 / (2)	0% / 60.26%	15497
មិគ	0.187 / (2)	0% / 60.26%	15498
អង្គធាតុ	0.187 / (2)	0% / 60.26%	15499
ផ្ទញ់	0.187 / (2)	0% / 60.26%	15500
ភឹង	0.187 / (2)	0% / 60.26%	15501
ចានទាប	0.187 / (2)	0% / 60.26%	15502
ស្វាយមាស	0.187 / (2)	0% / 60.26%	15503
អាជានេយ្យ	0.187 / (2)	0% / 60.26%	15504
យោគិន	0.187 / (2)	0% / 60.27%	15505
អ្នកស៊ើបការណ៍	0.187 / (2)	0% / 60.27%	15506
គ្រូសូត្រឆ្វេង	0.187 / (2)	0% / 60.27%	15507
ធ្លាក់ព្រិល	0.187 / (2)	0% / 60.27%	15508
សុមេរុ៍	0.187 / (2)	0% / 60.27%	15509
តុមូល	0.187 / (2)	0% / 60.27%	15510
ស្រូវវស្សា	0.187 / (2)	0% / 60.27%	15511
ខែត្រមាត់ជ្រូក	0.187 / (2)	0% / 60.27%	15512
ឋបនីយ	0.187 / (2)	0% / 60.27%	15513
មិនបានជា	0.187 / (2)	0% / 60.27%	15514
ឥធលោក	0.187 / (2)	0% / 60.27%	15515
ខ្សុក	0.187 / (2)	0% / 60.27%	15516
រាល់តែថ្ងៃ	0.187 / (2)	0% / 60.27%	15517
មេលំ	0.187 / (2)	0% / 60.27%	15518
ឆោមឆើត	0.187 / (2)	0% / 60.27%	15519
អ្នកកំប្លែង	0.187 / (2)	0% / 60.27%	15520
ខ្លឹមចិត្ត	0.187 / (2)	0% / 60.27%	15521
ហែប	0.187 / (2)	0% / 60.27%	15522
កំហល់	0.187 / (2)	0% / 60.27%	15523
ជ្រហម	0.187 / (2)	0% / 60.27%	15524
បង្ហើយការ	0.187 / (2)	0% / 60.27%	15525
សន្មតិ	0.187 / (2)	0% / 60.27%	15526
វិវិធ	0.187 / (2)	0% / 60.27%	15527
សាលសន្និសីទ	0.187 / (2)	0% / 60.27%	15528
រួមសុខទុក្ខ	0.187 / (2)	0% / 60.27%	15529
ទ្រូងព្រៃ	0.187 / (2)	0% / 60.27%	15530
ភ្ញីផ្កា	0.187 / (2)	0% / 60.27%	15531
ដើមពោធិ៍	0.187 / (2)	0% / 60.27%	15532
តរៀងទៅ	0.187 / (2)	0% / 60.27%	15533
អង្គាដី	0.187 / (2)	0% / 60.27%	15534
ប្រចែង	0.187 / (2)	0% / 60.27%	15535
ប្រឈមមុខគ្នា	0.187 / (2)	0% / 60.27%	15536
មគ៌ា	0.187 / (2)	0% / 60.27%	15537
ទ្រនល់	0.187 / (2)	0% / 60.27%	15538
ញ៉េះញ៉ោះ	0.187 / (2)	0% / 60.27%	15539
ម្ដា	0.187 / (2)	0% / 60.27%	15540
ព្រឹត	0.187 / (2)	0% / 60.27%	15541
ភានុ	0.187 / (2)	0% / 60.27%	15542
អ្ហា៎	0.187 / (2)	0% / 60.27%	15543
ទូទឹម	0.187 / (2)	0% / 60.27%	15544
ស្នាច	0.187 / (2)	0% / 60.27%	15545
ប៊ីត	0.187 / (2)	0% / 60.27%	15546
សក់កាន្ត	0.187 / (2)	0% / 60.27%	15547
សមីការ	0.187 / (2)	0% / 60.27%	15548
វិវឌ្ឍនៈ	0.187 / (2)	0% / 60.27%	15549
មួយដុំ	0.187 / (2)	0% / 60.27%	15550
ពេបមាត់	0.187 / (2)	0% / 60.27%	15551
រម្លើង	0.187 / (2)	0% / 60.27%	15552
ផងក៏មានដែរ	0.187 / (2)	0% / 60.27%	15553
គណៈកម្មការព្រំដែន	0.187 / (2)	0% / 60.27%	15554
អសនី	0.187 / (2)	0% / 60.27%	15555
អច្ឆរិយវត្ថុ	0.187 / (2)	0% / 60.27%	15556
ដំរេក	0.187 / (2)	0% / 60.27%	15557
ក្លាំ	0.187 / (2)	0% / 60.27%	15558
មាតុលៈ	0.093 / (1)	0% / 60.27%	15559
គ្រហរ	0.093 / (1)	0% / 60.27%	15560
ទឹកស៊ុប	0.093 / (1)	0% / 60.27%	15561
អនុជា	0.093 / (1)	0% / 60.27%	15562
ប្រកក់	0.093 / (1)	0% / 60.27%	15563
អស់ក្បាច់	0.093 / (1)	0% / 60.27%	15564
បាត់ចង់បាន	0.093 / (1)	0% / 60.27%	15565
សាយសុស	0.093 / (1)	0% / 60.27%	15566
វាយបែក	0.093 / (1)	0% / 60.27%	15567
ដោយឈ្មោល	0.093 / (1)	0% / 60.27%	15568
កូកាអ៊ីន	0.093 / (1)	0% / 60.27%	15569
ក្រលុក	0.093 / (1)	0% / 60.27%	15570
ជូរខ្លាំង	0.093 / (1)	0% / 60.27%	15571
ពង្រួម	0.093 / (1)	0% / 60.27%	15572
មួយអន្លើដោយ	0.093 / (1)	0% / 60.27%	15573
ដឺដង	0.093 / (1)	0% / 60.27%	15574
រំងក	0.093 / (1)	0% / 60.27%	15575
ប្រកាន់បក្ស	0.093 / (1)	0% / 60.27%	15576
ហាមមិនឲ្យ	0.093 / (1)	0% / 60.27%	15577
គូលី	0.093 / (1)	0% / 60.27%	15578
កៅអីសាឡុង	0.093 / (1)	0% / 60.27%	15579
ភ្ជល់	0.093 / (1)	0% / 60.27%	15580
តំរិះវិជ្ជា	0.093 / (1)	0% / 60.27%	15581
អ៊ូញ	0.093 / (1)	0% / 60.27%	15582
បែកផ្សែង	0.093 / (1)	0% / 60.27%	15583
ពេញច្បាប់	0.093 / (1)	0% / 60.27%	15584
គ្មានសោះ	0.093 / (1)	0% / 60.27%	15585
ពិភាល់	0.093 / (1)	0% / 60.27%	15586
ឧបការ	0.093 / (1)	0% / 60.27%	15587
មួយម្នាក់	0.093 / (1)	0% / 60.27%	15588
នាយអាយ	0.093 / (1)	0% / 60.27%	15589
ពោតស្ងោរ	0.093 / (1)	0% / 60.27%	15590
មហោសថ	0.093 / (1)	0% / 60.27%	15591
រមណី	0.093 / (1)	0% / 60.27%	15592
អោបក្រសោប	0.093 / (1)	0% / 60.27%	15593
ភ្ញីទៀន	0.093 / (1)	0% / 60.27%	15594
តិកៈ	0.093 / (1)	0% / 60.27%	15595
រោយរៀវ	0.093 / (1)	0% / 60.27%	15596
ទធាក់	0.093 / (1)	0% / 60.27%	15597
ឆត្ររួត	0.093 / (1)	0% / 60.27%	15598
មូលក្លុំ	0.093 / (1)	0% / 60.27%	15599
អត់ផ្លូវ	0.093 / (1)	0% / 60.27%	15600
មុច្ឆា	0.093 / (1)	0% / 60.27%	15601
ក្រោយដែលបាន	0.093 / (1)	0% / 60.27%	15602
នីតិន័យ	0.093 / (1)	0% / 60.27%	15603
គឃរ	0.093 / (1)	0% / 60.27%	15604
អន្តរធាន	0.093 / (1)	0% / 60.27%	15605
ចៅហ្វាយក្រុង	0.093 / (1)	0% / 60.27%	15606
ក្រញេង	0.093 / (1)	0% / 60.27%	15607
បុកម្នេញ	0.093 / (1)	0% / 60.27%	15608
ក្រោធពិរោធ	0.093 / (1)	0% / 60.27%	15609
ដើមរឿង	0.093 / (1)	0% / 60.27%	15610
ស្រោះ	0.093 / (1)	0% / 60.27%	15611
រកខុសរកត្រូវ	0.093 / (1)	0% / 60.27%	15612
រងល់	0.093 / (1)	0% / 60.27%	15613
ទទួលអារម្មណ៍	0.093 / (1)	0% / 60.27%	15614
ក្រមក	0.093 / (1)	0% / 60.27%	15615
សហលក្ខន្តិកៈ	0.093 / (1)	0% / 60.27%	15616
មធុរស	0.093 / (1)	0% / 60.27%	15617
ចិត្តក្ដៅ	0.093 / (1)	0% / 60.27%	15618
បន្ទាបបន្ថោក	0.093 / (1)	0% / 60.27%	15619
ស្មរ	0.093 / (1)	0% / 60.27%	15620
ជិតខាងគ្នា	0.093 / (1)	0% / 60.27%	15621
ភ្លឹប	0.093 / (1)	0% / 60.27%	15622
មហាត	0.093 / (1)	0% / 60.27%	15623
ច្រឡៃ	0.093 / (1)	0% / 60.27%	15624
ញញាក់	0.093 / (1)	0% / 60.27%	15625
ល្អដាច់គេ	0.093 / (1)	0% / 60.27%	15626
អ្នកចៅ	0.093 / (1)	0% / 60.27%	15627
សងវិញ	0.093 / (1)	0% / 60.27%	15628
ស្នួ	0.093 / (1)	0% / 60.27%	15629
ចលន	0.093 / (1)	0% / 60.27%	15630
យ៉ាងហ្នឹងហើយ	0.093 / (1)	0% / 60.27%	15631
ស្រលៀង	0.093 / (1)	0% / 60.27%	15632
អន្ត	0.093 / (1)	0% / 60.27%	15633
ទៀនគោល	0.093 / (1)	0% / 60.27%	15634
កោសិយ	0.093 / (1)	0% / 60.27%	15635
ថនា	0.093 / (1)	0% / 60.27%	15636
ប្អូនស្រីខ្ញុំ	0.093 / (1)	0% / 60.27%	15637
អង្គប្រាណ	0.093 / (1)	0% / 60.27%	15638
ផ្ចុងផ្ដើម	0.093 / (1)	0% / 60.27%	15639
ឧបការគុណ	0.093 / (1)	0% / 60.27%	15640
ដរាបរៀងទៅ	0.093 / (1)	0% / 60.27%	15641
អ៎	0.093 / (1)	0% / 60.27%	15642
ព្យាធិ៍	0.093 / (1)	0% / 60.27%	15643
ចំអែតពោះ	0.093 / (1)	0% / 60.27%	15644
មូលទ្រវែង	0.093 / (1)	0% / 60.27%	15645
អត់ខ្មាស	0.093 / (1)	0% / 60.27%	15646
សង្វាស	0.093 / (1)	0% / 60.27%	15647
មុខអុតស៊ីសុស	0.093 / (1)	0% / 60.27%	15648
បុណ្យស័ក្តិ	0.093 / (1)	0% / 60.27%	15649
ត្រូវអំពើ	0.093 / (1)	0% / 60.27%	15650
សុសសាយ	0.093 / (1)	0% / 60.27%	15651
ពុំប្រសើរ	0.093 / (1)	0% / 60.27%	15652
ប្រោះព្រំ	0.093 / (1)	0% / 60.27%	15653
វិនាសអន្តរាយ	0.093 / (1)	0% / 60.27%	15654
ម៉ាហ៊ឹក	0.093 / (1)	0% / 60.27%	15655
ចណ្ឌ	0.093 / (1)	0% / 60.27%	15656
អាក្រពើ	0.093 / (1)	0% / 60.27%	15657
គន្លោង	0.093 / (1)	0% / 60.27%	15658
មេឃស្រអាប់	0.093 / (1)	0% / 60.27%	15659
ស្រិត	0.093 / (1)	0% / 60.27%	15660
ប៉ិក	0.093 / (1)	0% / 60.27%	15661
ក្រសួងឃោសនាការ	0.093 / (1)	0% / 60.27%	15662
ណែវ	0.093 / (1)	0% / 60.27%	15663
បញ្ចា	0.093 / (1)	0% / 60.27%	15664
ពុទ្ធោអរហំ	0.093 / (1)	0% / 60.27%	15665
ឯកអគ្គ	0.093 / (1)	0% / 60.27%	15666
លេងធំ	0.093 / (1)	0% / 60.27%	15667
ម៉ាស៊ីនដេរ	0.093 / (1)	0% / 60.27%	15668
ខ្ពាក	0.093 / (1)	0% / 60.27%	15669
ក្បាច់ក្បូរ	0.093 / (1)	0% / 60.27%	15670
ទ្រួស	0.093 / (1)	0% / 60.27%	15671
ជជើល	0.093 / (1)	0% / 60.27%	15672
ក្បាលចិត្ត	0.093 / (1)	0% / 60.27%	15673
ទេវកថា	0.093 / (1)	0% / 60.27%	15674
យប់យន់	0.093 / (1)	0% / 60.27%	15675
ឲ្យថ្លៃ	0.093 / (1)	0% / 60.27%	15676
ប៉ាហាំង	0.093 / (1)	0% / 60.27%	15677
រើចោល	0.093 / (1)	0% / 60.27%	15678
ចតុស្តម្ភ	0.093 / (1)	0% / 60.27%	15679
លោតឆ័ត្រ	0.093 / (1)	0% / 60.27%	15680
ជវន	0.093 / (1)	0% / 60.27%	15681
អ្នកគ្រប់គ្នា	0.093 / (1)	0% / 60.27%	15682
កើតទៅជា	0.093 / (1)	0% / 60.27%	15683
អក្សរចារឹក	0.093 / (1)	0% / 60.27%	15684
ក្រមាច	0.093 / (1)	0% / 60.27%	15685
ភ្លាត់ភ្លាំង	0.093 / (1)	0% / 60.27%	15686
ក្មេងក្មាង	0.093 / (1)	0% / 60.27%	15687
ព្រហ្មជាតិ	0.093 / (1)	0% / 60.27%	15688
រាជបុរស	0.093 / (1)	0% / 60.27%	15689
កម្មសិក្សាការី	0.093 / (1)	0% / 60.27%	15690
បារមីតា	0.093 / (1)	0% / 60.27%	15691
ល្បប់	0.093 / (1)	0% / 60.27%	15692
ប្រកបតាម	0.093 / (1)	0% / 60.27%	15693
ភ្នង	0.093 / (1)	0% / 60.27%	15694
អង្គេស	0.093 / (1)	0% / 60.27%	15695
ទល់លាមក	0.093 / (1)	0% / 60.27%	15696
គុនប្រដាល់	0.093 / (1)	0% / 60.27%	15697
រញ៉ាំរញ៉ូវ	0.093 / (1)	0% / 60.27%	15698
ក្រោមទឹក	0.093 / (1)	0% / 60.27%	15699
ត្រីឆ្លាម	0.093 / (1)	0% / 60.27%	15700
ជៅ	0.093 / (1)	0% / 60.27%	15701
ស្អាប់	0.093 / (1)	0% / 60.27%	15702
ខ្ទាត់	0.093 / (1)	0% / 60.27%	15703
ថ្កាប់	0.093 / (1)	0% / 60.27%	15704
អភិលក្ខិតកាល	0.093 / (1)	0% / 60.27%	15705
ភិក្ខុនី	0.093 / (1)	0% / 60.27%	15706
អប្បនាសមាធិ	0.093 / (1)	0% / 60.27%	15707
នៅក្នុងបន្ទុក	0.093 / (1)	0% / 60.27%	15708
បទអត្ថាធិប្បាយ	0.093 / (1)	0% / 60.27%	15709
ខាំអណ្ដាត	0.093 / (1)	0% / 60.27%	15710
សមត្ថកម្ម	0.093 / (1)	0% / 60.27%	15711
បញ្ហាកើតមានឡើង	0.093 / (1)	0% / 60.27%	15712
ទោះបីបើ	0.093 / (1)	0% / 60.27%	15713
សុសាន	0.093 / (1)	0% / 60.27%	15714
រទីសរទាស	0.093 / (1)	0% / 60.27%	15715
គួរនា	0.093 / (1)	0% / 60.27%	15716
វិបរិត	0.093 / (1)	0% / 60.27%	15717
គ្រញេច	0.093 / (1)	0% / 60.27%	15718
សំណក	0.093 / (1)	0% / 60.27%	15719
ពាត	0.093 / (1)	0% / 60.27%	15720
កប់ភក់	0.093 / (1)	0% / 60.27%	15721
ឈឺង	0.093 / (1)	0% / 60.27%	15722
មហានគរខ្មែរ	0.093 / (1)	0% / 60.27%	15723
ខឹងសំបា	0.093 / (1)	0% / 60.27%	15724
តាងនាម	0.093 / (1)	0% / 60.27%	15725
ព្រះញាតិវង្ស	0.093 / (1)	0% / 60.27%	15726
មនុស្សចំណូលថ្មី	0.093 / (1)	0% / 60.27%	15727
សំបុកឃ្មុំ	0.093 / (1)	0% / 60.27%	15728
បោសលាន	0.093 / (1)	0% / 60.27%	15729
ស្តីលើ	0.093 / (1)	0% / 60.27%	15730
ពោធិកាល	0.093 / (1)	0% / 60.27%	15731
ល្អាច់	0.093 / (1)	0% / 60.27%	15732
ស្ទុះភ្លែត	0.093 / (1)	0% / 60.27%	15733
អាត្ម	0.093 / (1)	0% / 60.27%	15734
មំសំ	0.093 / (1)	0% / 60.27%	15735
ជីធម្មជាតិ	0.093 / (1)	0% / 60.27%	15736
សម្លម្ជូរ	0.093 / (1)	0% / 60.27%	15737
ខ្ចីគំនិត	0.093 / (1)	0% / 60.27%	15738
អុត	0.093 / (1)	0% / 60.27%	15739
ដាក់មុខ	0.093 / (1)	0% / 60.27%	15740
ផ្ចុក	0.093 / (1)	0% / 60.27%	15741
ដំណាលគ្នា	0.093 / (1)	0% / 60.27%	15742
ពិមាន	0.093 / (1)	0% / 60.27%	15743
អ្នកឯទៀត	0.093 / (1)	0% / 60.27%	15744
ឆ្លៀវ	0.093 / (1)	0% / 60.27%	15745
ឈាមជ័រ	0.093 / (1)	0% / 60.27%	15746
ក្រុងឧដុង្គ	0.093 / (1)	0% / 60.27%	15747
ដួន	0.093 / (1)	0% / 60.27%	15748
ឈឺថ្កាត់	0.093 / (1)	0% / 60.27%	15749
ក្រឺត	0.093 / (1)	0% / 60.27%	15750
បងធម៌	0.093 / (1)	0% / 60.27%	15751
ព្រហ្មចារិនី	0.093 / (1)	0% / 60.27%	15752
ផ្ដេច	0.093 / (1)	0% / 60.27%	15753
អ្នកផ្លូវ	0.093 / (1)	0% / 60.27%	15754
មិកស៊ិក	0.093 / (1)	0% / 60.27%	15755
តំអូញ	0.093 / (1)	0% / 60.27%	15756
ភិក្ខវោ	0.093 / (1)	0% / 60.27%	15757
មិនគឺ	0.093 / (1)	0% / 60.27%	15758
ឯករាជ្យម្ចាស់ការ	0.093 / (1)	0% / 60.27%	15759
ត្រយង់	0.093 / (1)	0% / 60.27%	15760
ឆ្កួតវង្វេង	0.093 / (1)	0% / 60.27%	15761
សង្ឃឹក	0.093 / (1)	0% / 60.27%	15762
ឱត្តប្ប	0.093 / (1)	0% / 60.27%	15763
គេជាច្រើន	0.093 / (1)	0% / 60.27%	15764
ស្រមឹក	0.093 / (1)	0% / 60.27%	15765
ទើសទែង	0.093 / (1)	0% / 60.27%	15766
របរការ	0.093 / (1)	0% / 60.27%	15767
សុត្តនិបាត	0.093 / (1)	0% / 60.27%	15768
ទ្រេល	0.093 / (1)	0% / 60.27%	15769
ប្រថាប់ត្រា	0.093 / (1)	0% / 60.27%	15770
លំចង់	0.093 / (1)	0% / 60.27%	15771
មហាតលិក	0.093 / (1)	0% / 60.27%	15772
ប្លី	0.093 / (1)	0% / 60.27%	15773
ឲ្យខាងតែ	0.093 / (1)	0% / 60.27%	15774
ដំងើច	0.093 / (1)	0% / 60.27%	15775
អំបោស	0.093 / (1)	0% / 60.27%	15776
សំពត់ហូល	0.093 / (1)	0% / 60.27%	15777
ចាប់ចុងចួន	0.093 / (1)	0% / 60.27%	15778
គិលាន	0.093 / (1)	0% / 60.27%	15779
អំពើឧក្រិដ្ឋ	0.093 / (1)	0% / 60.27%	15780
មិនឈប់ឈរ	0.093 / (1)	0% / 60.27%	15781
កាត់ចេញ	0.093 / (1)	0% / 60.27%	15782
ខក់	0.093 / (1)	0% / 60.27%	15783
ហេតុដូច្នេះហើយ	0.093 / (1)	0% / 60.27%	15784
អ្នកស៊ីឈ្នួល	0.093 / (1)	0% / 60.27%	15785
ទុកពុកមាត់	0.093 / (1)	0% / 60.27%	15786
សព្រាត	0.093 / (1)	0% / 60.27%	15787
ខ្វើក	0.093 / (1)	0% / 60.27%	15788
រៀនធ្វើការ	0.093 / (1)	0% / 60.27%	15789
ក្រោយផ្ទះ	0.093 / (1)	0% / 60.27%	15790
សៅយុត	0.093 / (1)	0% / 60.27%	15791
ចង្អូរ	0.093 / (1)	0% / 60.27%	15792
ខ្ជិលរវល់	0.093 / (1)	0% / 60.27%	15793
ស្រិច	0.093 / (1)	0% / 60.27%	15794
អង្គ្លេស	0.093 / (1)	0% / 60.27%	15795
ទន្លា	0.093 / (1)	0% / 60.27%	15796
ការសំងាត់	0.093 / (1)	0% / 60.27%	15797
ចំណែង	0.093 / (1)	0% / 60.27%	15798
ផ្លប់	0.093 / (1)	0% / 60.27%	15799
អាណាប្រជា	0.093 / (1)	0% / 60.27%	15800
រតោង	0.093 / (1)	0% / 60.27%	15801
គ្រវីក្បាល	0.093 / (1)	0% / 60.27%	15802
ចិនឡា	0.093 / (1)	0% / 60.27%	15803
នឿក	0.093 / (1)	0% / 60.27%	15804
ដាក់ពីលើ	0.093 / (1)	0% / 60.27%	15805
ឥតបានការ	0.093 / (1)	0% / 60.27%	15806
អស់អង្គ	0.093 / (1)	0% / 60.27%	15807
ពេជ្ឈឃាត	0.093 / (1)	0% / 60.27%	15808
ឱះឱ	0.093 / (1)	0% / 60.27%	15809
រុករើ	0.093 / (1)	0% / 60.27%	15810
រនល	0.093 / (1)	0% / 60.27%	15811
ស្លាប់តៃហោង	0.093 / (1)	0% / 60.27%	15812
រលូតកូន	0.093 / (1)	0% / 60.27%	15813
សម្រុត	0.093 / (1)	0% / 60.27%	15814
សំរកទំងន់	0.093 / (1)	0% / 60.27%	15815
សម្ភី	0.093 / (1)	0% / 60.27%	15816
រម្អិល	0.093 / (1)	0% / 60.27%	15817
បីត្រកង	0.093 / (1)	0% / 60.27%	15818
ដំរីសារ	0.093 / (1)	0% / 60.27%	15819
សុមនា	0.093 / (1)	0% / 60.27%	15820
អនិដ្ឋារម្មណ៍	0.093 / (1)	0% / 60.27%	15821
ទ្រង់ទតព្រះនេត្រ	0.093 / (1)	0% / 60.27%	15822
រឱក	0.093 / (1)	0% / 60.27%	15823
អសារបង់	0.093 / (1)	0% / 60.27%	15824
គូសវាស	0.093 / (1)	0% / 60.27%	15825
ទិញក្បាល	0.093 / (1)	0% / 60.27%	15826
សំរេចប្រយោជន៍	0.093 / (1)	0% / 60.27%	15827
ស្គាល់ផ្ទះ	0.093 / (1)	0% / 60.27%	15828
សូរស៊ាន	0.093 / (1)	0% / 60.27%	15829
ប៉ឺតប៉ោង	0.093 / (1)	0% / 60.27%	15830
បញ្ឆុក	0.093 / (1)	0% / 60.27%	15831
រលាយកំហឹង	0.093 / (1)	0% / 60.27%	15832
ពស្ត្រា	0.093 / (1)	0% / 60.27%	15833
ធ្វើគំរូ	0.093 / (1)	0% / 60.27%	15834
មយី	0.093 / (1)	0% / 60.27%	15835
មានរបប	0.093 / (1)	0% / 60.27%	15836
ធម្មបទដ្ឋកថា	0.093 / (1)	0% / 60.27%	15837
ជនផង	0.093 / (1)	0% / 60.27%	15838
បុ័ងតោ	0.093 / (1)	0% / 60.27%	15839
រំសាយកំហឹង	0.093 / (1)	0% / 60.27%	15840
រួមសង្ឃកម្ម	0.093 / (1)	0% / 60.27%	15841
បន្ទុំ	0.093 / (1)	0% / 60.27%	15842
ភ្លា	0.093 / (1)	0% / 60.27%	15843
តាមមតិខ្ញុំ	0.093 / (1)	0% / 60.27%	15844
កំប្រុក	0.093 / (1)	0% / 60.27%	15845
សមាជិករដ្ឋាភិបាល	0.093 / (1)	0% / 60.27%	15846
មាសស្នេហ៍	0.093 / (1)	0% / 60.27%	15847
គ្រាប់រំសេវ	0.093 / (1)	0% / 60.27%	15848
កំឡាំងចិត្ត	0.093 / (1)	0% / 60.27%	15849
តួជើង	0.093 / (1)	0% / 60.27%	15850
ហស្តិន	0.093 / (1)	0% / 60.27%	15851
មុនក្រោយ	0.093 / (1)	0% / 60.27%	15852
ភ្លឹបភ្លែត	0.093 / (1)	0% / 60.27%	15853
ឧបវាទ	0.093 / (1)	0% / 60.27%	15854
សត្វតិរច្ឆាន	0.093 / (1)	0% / 60.27%	15855
លាក់សុំ	0.093 / (1)	0% / 60.27%	15856
សៃយ	0.093 / (1)	0% / 60.27%	15857
ទេត្យ	0.093 / (1)	0% / 60.27%	15858
វិមតិសង្ស័យ	0.093 / (1)	0% / 60.27%	15859
រ៉ិត	0.093 / (1)	0% / 60.27%	15860
ស៊ីរាក់	0.093 / (1)	0% / 60.27%	15861
ចលនវត្ថុ	0.093 / (1)	0% / 60.27%	15862
អ្នកថ្មើរជើង	0.093 / (1)	0% / 60.27%	15863
ទ្រៀវ	0.093 / (1)	0% / 60.27%	15864
សម័យថ្ងៃមួយ	0.093 / (1)	0% / 60.27%	15865
បើកព្រះនេត្រ	0.093 / (1)	0% / 60.27%	15866
ថួន	0.093 / (1)	0% / 60.27%	15867
តាមការគួរ	0.093 / (1)	0% / 60.27%	15868
អលង្ករណ៍	0.093 / (1)	0% / 60.27%	15869
ខ្ពុរមាត់	0.093 / (1)	0% / 60.27%	15870
ឆ្ពុង	0.093 / (1)	0% / 60.27%	15871
ធ្លុញ	0.093 / (1)	0% / 60.27%	15872
គំលាន	0.093 / (1)	0% / 60.27%	15873
មិច្ឆា	0.093 / (1)	0% / 60.27%	15874
ប្រួម	0.093 / (1)	0% / 60.27%	15875
សំដែងខ្លួន	0.093 / (1)	0% / 60.27%	15876
សាមីខ្លួន	0.093 / (1)	0% / 60.27%	15877
រពាយ	0.093 / (1)	0% / 60.27%	15878
មេធី	0.093 / (1)	0% / 60.27%	15879
ខ្ញារ	0.093 / (1)	0% / 60.27%	15880
ប្លប់	0.093 / (1)	0% / 60.27%	15881
នំលត	0.093 / (1)	0% / 60.27%	15882
ច្រឡោងខាម	0.093 / (1)	0% / 60.27%	15883
ត្រុំ	0.093 / (1)	0% / 60.27%	15884
រកក្រៅ	0.093 / (1)	0% / 60.27%	15885
ពាក្យពាល	0.093 / (1)	0% / 60.27%	15886
អ្នកមានចំណេះ	0.093 / (1)	0% / 60.27%	15887
ឆ្លើយទៅនឹងសំនួរ	0.093 / (1)	0% / 60.27%	15888
ជម្ងឺស្លាប់	0.093 / (1)	0% / 60.27%	15889
ប្រាការ	0.093 / (1)	0% / 60.27%	15890
មិនដឹងសោះ	0.093 / (1)	0% / 60.27%	15891
អបលក្ខណ៍	0.093 / (1)	0% / 60.27%	15892
ក្រាស់ក្រែល	0.093 / (1)	0% / 60.27%	15893
ត្រេង	0.093 / (1)	0% / 60.27%	15894
វិវេក	0.093 / (1)	0% / 60.27%	15895
អន្តោគ្រាម	0.093 / (1)	0% / 60.27%	15896
ភោគៈ	0.093 / (1)	0% / 60.27%	15897
ថូផ្កា	0.093 / (1)	0% / 60.27%	15898
រសិក	0.093 / (1)	0% / 60.27%	15899
មហាលោតផ្លោះមហាអស្ចារ្យ	0.093 / (1)	0% / 60.27%	15900
សេនាសនៈ	0.093 / (1)	0% / 60.27%	15901
ខ្វក	0.093 / (1)	0% / 60.27%	15902
មគធៈ	0.093 / (1)	0% / 60.27%	15903
ខយ	0.093 / (1)	0% / 60.27%	15904
បច្ចន្ត	0.093 / (1)	0% / 60.27%	15905
រជើប	0.093 / (1)	0% / 60.27%	15906
អនុស័យ	0.093 / (1)	0% / 60.27%	15907
មើលឆ្ងាយ	0.093 / (1)	0% / 60.27%	15908
អនេកអនន្ត	0.093 / (1)	0% / 60.27%	15909
ហែហៃ	0.093 / (1)	0% / 60.27%	15910
កំប៉ិច	0.093 / (1)	0% / 60.27%	15911
បន្សោក	0.093 / (1)	0% / 60.27%	15912
គគាត	0.093 / (1)	0% / 60.27%	15913
បាល័ដ្ឋ	0.093 / (1)	0% / 60.27%	15914
សស្រាញ់	0.093 / (1)	0% / 60.27%	15915
និវេទន៍	0.093 / (1)	0% / 60.27%	15916
ជាគុណប្រយោជន៍ដល់	0.093 / (1)	0% / 60.27%	15917
ឧទាហរណ	0.093 / (1)	0% / 60.27%	15918
ខុសកាល	0.093 / (1)	0% / 60.27%	15919
ផ្លូវឡាន	0.093 / (1)	0% / 60.27%	15920
ប្រាជ្ញាវាងវៃ	0.093 / (1)	0% / 60.27%	15921
រមូរ	0.093 / (1)	0% / 60.27%	15922
រហោឋាន	0.093 / (1)	0% / 60.27%	15923
ក៏ទេ	0.093 / (1)	0% / 60.27%	15924
ទីណាត់ទីណែង	0.093 / (1)	0% / 60.27%	15925
ស្រស	0.093 / (1)	0% / 60.27%	15926
ទុព្ភិក្ខភ័យ	0.093 / (1)	0% / 60.27%	15927
យុទ្ធការ	0.093 / (1)	0% / 60.27%	15928
ធ្វើគ	0.093 / (1)	0% / 60.27%	15929
គង្គាន	0.093 / (1)	0% / 60.27%	15930
ឈ្នាប់	0.093 / (1)	0% / 60.27%	15931
ល្ងាចយំ	0.093 / (1)	0% / 60.27%	15932
ចំទែង	0.093 / (1)	0% / 60.27%	15933
ឆាល់	0.093 / (1)	0% / 60.27%	15934
ជ្រក់ជ្រេញ	0.093 / (1)	0% / 60.27%	15935
មាដា	0.093 / (1)	0% / 60.27%	15936
ខ្វិល	0.093 / (1)	0% / 60.27%	15937
ធាតុទឹក	0.093 / (1)	0% / 60.27%	15938
អគ្គបុគ្គល	0.093 / (1)	0% / 60.27%	15939
ចាប់ឃុំឃាំង	0.093 / (1)	0% / 60.27%	15940
ពំនោល	0.093 / (1)	0% / 60.27%	15941
ឡើងបាយ	0.093 / (1)	0% / 60.27%	15942
តក្កៈ	0.093 / (1)	0% / 60.27%	15943
សម្ភោជ	0.093 / (1)	0% / 60.27%	15944
កន្លែងរាំ	0.093 / (1)	0% / 60.27%	15945
កាន់គ្នាទៅវិញទៅមក	0.093 / (1)	0% / 60.27%	15946
បារ៉ា	0.093 / (1)	0% / 60.27%	15947
កំលា	0.093 / (1)	0% / 60.27%	15948
បិទភ្លើង	0.093 / (1)	0% / 60.27%	15949
កាន់សាសនា	0.093 / (1)	0% / 60.27%	15950
ដានជើង	0.093 / (1)	0% / 60.27%	15951
នាសន	0.093 / (1)	0% / 60.27%	15952
គិតឆ្ងាយ	0.093 / (1)	0% / 60.27%	15953
ជលធី	0.093 / (1)	0% / 60.27%	15954
ថ្ងៃកើត	0.093 / (1)	0% / 60.27%	15955
មើលគំនិត	0.093 / (1)	0% / 60.27%	15956
ទាសភរិយា	0.093 / (1)	0% / 60.27%	15957
បកចេក	0.093 / (1)	0% / 60.27%	15958
បំផុង	0.093 / (1)	0% / 60.27%	15959
យកតែមែនទែន	0.093 / (1)	0% / 60.27%	15960
ចម្រុងចម្រើន	0.093 / (1)	0% / 60.27%	15961
ពិជិតមារ	0.093 / (1)	0% / 60.27%	15962
លែះ	0.093 / (1)	0% / 60.27%	15963
រញិករញុក	0.093 / (1)	0% / 60.27%	15964
យុក	0.093 / (1)	0% / 60.27%	15965
មតកសាសន៍	0.093 / (1)	0% / 60.27%	15966
នក្ខត្ត	0.093 / (1)	0% / 60.27%	15967
បែកអារម្មណ៍	0.093 / (1)	0% / 60.27%	15968
សស្លាំង	0.093 / (1)	0% / 60.27%	15969
ទឹកទំ	0.093 / (1)	0% / 60.27%	15970
យុគន្ធរ	0.093 / (1)	0% / 60.27%	15971
បរបទ	0.093 / (1)	0% / 60.27%	15972
ពាហា	0.093 / (1)	0% / 60.27%	15973
ត្រលុច	0.093 / (1)	0% / 60.27%	15974
រៀនដដែល	0.093 / (1)	0% / 60.27%	15975
វង្វេងទិស	0.093 / (1)	0% / 60.27%	15976
បុណ្យចូលវស្សា	0.093 / (1)	0% / 60.27%	15977
ជ្រឹង	0.093 / (1)	0% / 60.27%	15978
ត្រូវបែប	0.093 / (1)	0% / 60.27%	15979
ចិត្តវិបរិត	0.093 / (1)	0% / 60.27%	15980
ជិតនឹង	0.093 / (1)	0% / 60.27%	15981
សញ្ញាការ	0.093 / (1)	0% / 60.27%	15982
ចំអេង	0.093 / (1)	0% / 60.27%	15983
របបនយោបាយ	0.093 / (1)	0% / 60.27%	15984
ក្អឿក	0.093 / (1)	0% / 60.27%	15985
ខែងរ៉ែង	0.093 / (1)	0% / 60.27%	15986
គ្រជីវ	0.093 / (1)	0% / 60.27%	15987
មិនខ្មេះ	0.093 / (1)	0% / 60.27%	15988
គ្មានផ្លូវទេ	0.093 / (1)	0% / 60.27%	15989
ប្រសិនណាជា	0.093 / (1)	0% / 60.27%	15990
តម្ពែក	0.093 / (1)	0% / 60.27%	15991
ស្រងៅ	0.093 / (1)	0% / 60.27%	15992
មុខព្រួញ	0.093 / (1)	0% / 60.27%	15993
រំលំផ្ទះ	0.093 / (1)	0% / 60.27%	15994
ផ្គរលាន់	0.093 / (1)	0% / 60.27%	15995
ពោប	0.093 / (1)	0% / 60.27%	15996
វគ្គន្ត	0.093 / (1)	0% / 60.27%	15997
សេចក្តីទុកចិត្ត	0.093 / (1)	0% / 60.27%	15998
ទីពោ	0.093 / (1)	0% / 60.27%	15999
ស៊ុបទ្រុប	0.093 / (1)	0% / 60.27%	16000
ស្ដីថា	0.093 / (1)	0% / 60.27%	16001
ស្ងាវ	0.093 / (1)	0% / 60.27%	16002
ឱត	0.093 / (1)	0% / 60.27%	16003
ការចាត់តាំង	0.093 / (1)	0% / 60.27%	16004
ទែក	0.093 / (1)	0% / 60.27%	16005
ប្រិតប្រៀន	0.093 / (1)	0% / 60.27%	16006
ជលាល័យ	0.093 / (1)	0% / 60.27%	16007
មមាល	0.093 / (1)	0% / 60.27%	16008
ឈ្នក់	0.093 / (1)	0% / 60.27%	16009
មានស្នេហ៍	0.093 / (1)	0% / 60.27%	16010
កខ្វិក	0.093 / (1)	0% / 60.27%	16011
សង់ខ្យា	0.093 / (1)	0% / 60.27%	16012
ឃ្មាតខ្មី	0.093 / (1)	0% / 60.27%	16013
ព្រាបស	0.093 / (1)	0% / 60.27%	16014
ចំទាំង	0.093 / (1)	0% / 60.27%	16015
ថាដូចម្តេច	0.093 / (1)	0% / 60.27%	16016
សារិកាកែវ	0.093 / (1)	0% / 60.27%	16017
ពុតធ្វើជា	0.093 / (1)	0% / 60.27%	16018
ជជែកវែក	0.093 / (1)	0% / 60.27%	16019
តាមអំពើចិត្ត	0.093 / (1)	0% / 60.27%	16020
កំរាល	0.093 / (1)	0% / 60.27%	16021
ឱង្កា	0.093 / (1)	0% / 60.27%	16022
សង្ឃគុណ	0.093 / (1)	0% / 60.27%	16023
ប្រាបប្រាម	0.093 / (1)	0% / 60.27%	16024
ស្ងើន	0.093 / (1)	0% / 60.27%	16025
ចានស្រាក់	0.093 / (1)	0% / 60.27%	16026
វិភង្គ	0.093 / (1)	0% / 60.27%	16027
កល្បាវសាន	0.093 / (1)	0% / 60.27%	16028
នៅកំលោះ	0.093 / (1)	0% / 60.27%	16029
រាជសាសន៍	0.093 / (1)	0% / 60.27%	16030
សំបា	0.093 / (1)	0% / 60.27%	16031
កម្មន្តសាល	0.093 / (1)	0% / 60.27%	16032
កញ្ចូញគូទ	0.093 / (1)	0% / 60.27%	16033
កាមាវចរ	0.093 / (1)	0% / 60.27%	16034
សៅសោក	0.093 / (1)	0% / 60.27%	16035
អញាណ	0.093 / (1)	0% / 60.27%	16036
ការ៉ង់	0.093 / (1)	0% / 60.27%	16037
ស្វាយស	0.093 / (1)	0% / 60.27%	16038
សេតវិមាន	0.093 / (1)	0% / 60.27%	16039
វ៉ក	0.093 / (1)	0% / 60.27%	16040
ពិសាល	0.093 / (1)	0% / 60.27%	16041
រេរក	0.093 / (1)	0% / 60.27%	16042
អ្នកភូមិសាស្ត្រ	0.093 / (1)	0% / 60.27%	16043
ឆ្លូក	0.093 / (1)	0% / 60.27%	16044
មុខក្រញូវ	0.093 / (1)	0% / 60.27%	16045
អ៊ីយ៉ូដ	0.093 / (1)	0% / 60.27%	16046
កាលពីឆ្នាំទៅ	0.093 / (1)	0% / 60.27%	16047
របាប់	0.093 / (1)	0% / 60.27%	16048
និតិសាស្ត្រ	0.093 / (1)	0% / 60.27%	16049
បំរោស	0.093 / (1)	0% / 60.27%	16050
ឯកជនូបនីយកម្ម	0.093 / (1)	0% / 60.27%	16051
ទីទុយ	0.093 / (1)	0% / 60.27%	16052
សង្កើច	0.093 / (1)	0% / 60.27%	16053
កន្លែងចុះ	0.093 / (1)	0% / 60.27%	16054
បណ្ឌិត្យសភា	0.093 / (1)	0% / 60.27%	16055
សំឡឹងមុខ	0.093 / (1)	0% / 60.27%	16056
កំឡាំងកាយ	0.093 / (1)	0% / 60.27%	16057
សមន្តរាជ	0.093 / (1)	0% / 60.27%	16058
សហាយស្មន់	0.093 / (1)	0% / 60.27%	16059
សាស្ត្រាល្បែង	0.093 / (1)	0% / 60.27%	16060
មុខមន្ត្រី	0.093 / (1)	0% / 60.27%	16061
ជាប់ខ្នោះ	0.093 / (1)	0% / 60.27%	16062
ដុតភ្លើង	0.093 / (1)	0% / 60.27%	16063
មើលបន្ថែ	0.093 / (1)	0% / 60.27%	16064
សេទោ	0.093 / (1)	0% / 60.27%	16065
បន្ទារ	0.093 / (1)	0% / 60.27%	16066
វិលមកវិញ	0.093 / (1)	0% / 60.27%	16067
អនន្តគុណ	0.093 / (1)	0% / 60.27%	16068
អាសន្នរោគ	0.093 / (1)	0% / 60.27%	16069
មើលជំងឺ	0.093 / (1)	0% / 60.27%	16070
កិន្នរី	0.093 / (1)	0% / 60.27%	16071
ប្រើឧបាយ	0.093 / (1)	0% / 60.27%	16072
ក្លិប	0.093 / (1)	0% / 60.27%	16073
ជីកដំឡូង	0.093 / (1)	0% / 60.27%	16074
សូន្យសុង	0.093 / (1)	0% / 60.27%	16075
ដេញចោល	0.093 / (1)	0% / 60.27%	16076
ហ៊ុត	0.093 / (1)	0% / 60.27%	16077
អាមក	0.093 / (1)	0% / 60.27%	16078
បញ្ញើក្អែក	0.093 / (1)	0% / 60.27%	16079
ថ្មារ	0.093 / (1)	0% / 60.27%	16080
មេគុណ	0.093 / (1)	0% / 60.27%	16081
ភ័ន	0.093 / (1)	0% / 60.27%	16082
ចូលនិវត្តន៍	0.093 / (1)	0% / 60.27%	16083
ឥន្ទ្រីយ៍	0.093 / (1)	0% / 60.27%	16084
វិហឹសា	0.093 / (1)	0% / 60.27%	16085
កុំឃើញ	0.093 / (1)	0% / 60.27%	16086
ខ្យងសោក	0.093 / (1)	0% / 60.27%	16087
ចបកាប់	0.093 / (1)	0% / 60.27%	16088
សម្បត្តិមនុស្ស	0.093 / (1)	0% / 60.27%	16089
ចិត្តខឹង	0.093 / (1)	0% / 60.27%	16090
ឧបាទាន	0.093 / (1)	0% / 60.27%	16091
ខ្ញុំរាជការ	0.093 / (1)	0% / 60.27%	16092
បើកឱកាសឲ្យ	0.093 / (1)	0% / 60.27%	16093
ចាត់បញ្ជូន	0.093 / (1)	0% / 60.27%	16094
កំពីងពួយ	0.093 / (1)	0% / 60.27%	16095
ក៏ម្យ៉ាងដែរ	0.093 / (1)	0% / 60.27%	16096
មណ្ឌលគរុកោសល្យ	0.093 / (1)	0% / 60.27%	16097
សម្រេង	0.093 / (1)	0% / 60.27%	16098
ធ្វើមិនត្រូវ	0.093 / (1)	0% / 60.27%	16099
ស្តោក	0.093 / (1)	0% / 60.27%	16100
យូយ	0.093 / (1)	0% / 60.27%	16101
ពាក់កណ្ដាលផ្លូវ	0.093 / (1)	0% / 60.27%	16102
ប៉ប្រះ	0.093 / (1)	0% / 60.27%	16103
ព្រះចក្រី	0.093 / (1)	0% / 60.27%	16104
មិនយូរមិនឆាប់	0.093 / (1)	0% / 60.27%	16105
ច្រូងច្រាង	0.093 / (1)	0% / 60.27%	16106
រំលោភលើច្បាប់	0.093 / (1)	0% / 60.27%	16107
ផ្អោប	0.093 / (1)	0% / 60.27%	16108
ព្រះវរបិតា	0.093 / (1)	0% / 60.27%	16109
ស្លង់	0.093 / (1)	0% / 60.27%	16110
កាត់ទៅរក	0.093 / (1)	0% / 60.27%	16111
ពៈ	0.093 / (1)	0% / 60.27%	16112
ខឹងដល់ក	0.093 / (1)	0% / 60.27%	16113
ឃ្លៀច	0.093 / (1)	0% / 60.27%	16114
យមៈ	0.093 / (1)	0% / 60.27%	16115
រាត្រីកាល	0.093 / (1)	0% / 60.27%	16116
សមសារ	0.093 / (1)	0% / 60.27%	16117
ថតតុ	0.093 / (1)	0% / 60.27%	16118
ស្ករមួយដុំ	0.093 / (1)	0% / 60.27%	16119
អឃោសៈ	0.093 / (1)	0% / 60.27%	16120
ឧបមាថា	0.093 / (1)	0% / 60.27%	16121
ពាក្យបញ្ចើចបញ្ចើ	0.093 / (1)	0% / 60.27%	16122
ធ្វើអាណានិគម	0.093 / (1)	0% / 60.27%	16123
ក្បួនសឹក	0.093 / (1)	0% / 60.27%	16124
កណ្ដាច	0.093 / (1)	0% / 60.27%	16125
កេល	0.093 / (1)	0% / 60.27%	16126
បុណ្យកាន់បិណ្ឌ	0.093 / (1)	0% / 60.27%	16127
ស្រេចនឹង	0.093 / (1)	0% / 60.27%	16128
សរសៃឈាម	0.093 / (1)	0% / 60.27%	16129
ក្លិនស្អុយ	0.093 / (1)	0% / 60.27%	16130
វាយចំណែក	0.093 / (1)	0% / 60.27%	16131
សក់ពោត	0.093 / (1)	0% / 60.27%	16132
សង្គីតិកាចារ្យ	0.093 / (1)	0% / 60.27%	16133
ពាទ្យ	0.093 / (1)	0% / 60.27%	16134
ចិត្តស្រាល	0.093 / (1)	0% / 60.27%	16135
ក្រែងតែ	0.093 / (1)	0% / 60.27%	16136
អ្នកនៅរស់	0.093 / (1)	0% / 60.27%	16137
ប្រជ្រៀតគ្នា	0.093 / (1)	0% / 60.27%	16138
បច្ចាមិត្ត	0.093 / (1)	0% / 60.27%	16139
កើតជំងឺ	0.093 / (1)	0% / 60.27%	16140
បំឡាស់	0.093 / (1)	0% / 60.27%	16141
ភ្នំដូនពេញ	0.093 / (1)	0% / 60.27%	16142
បំបាត់មាត់	0.093 / (1)	0% / 60.27%	16143
នរនាថ	0.093 / (1)	0% / 60.27%	16144
រាជោវាទ	0.093 / (1)	0% / 60.27%	16145
អស់យ៉ាង	0.093 / (1)	0% / 60.27%	16146
វាទៈ	0.093 / (1)	0% / 60.27%	16147
ពាហុ	0.093 / (1)	0% / 60.27%	16148
ដំអូញ	0.093 / (1)	0% / 60.27%	16149
កែវហ្វ៊ា	0.093 / (1)	0% / 60.27%	16150
ឫសកែវ	0.093 / (1)	0% / 60.27%	16151
បញ្ញាភា	0.093 / (1)	0% / 60.27%	16152
ទុក្ខំ	0.093 / (1)	0% / 60.27%	16153
វិវាហមង្គល	0.093 / (1)	0% / 60.27%	16154
មាត់ឆៅ	0.093 / (1)	0% / 60.27%	16155
វេរម្ភវាត	0.093 / (1)	0% / 60.27%	16156
ក្រឡាភ្លើង	0.093 / (1)	0% / 60.27%	16157
ដើរតាមផ្លូវ	0.093 / (1)	0% / 60.27%	16158
ជាប់មាត់	0.093 / (1)	0% / 60.27%	16159
ធីប	0.093 / (1)	0% / 60.27%	16160
ទ័ន	0.093 / (1)	0% / 60.27%	16161
មរកដ	0.093 / (1)	0% / 60.27%	16162
ប៉ូច	0.093 / (1)	0% / 60.27%	16163
អនុប្រធានសមាគម	0.093 / (1)	0% / 60.27%	16164
ក្នុងមណ្ឌល	0.093 / (1)	0% / 60.27%	16165
ឥត្ថីធុត្តៈ	0.093 / (1)	0% / 60.27%	16166
គេចកែ	0.093 / (1)	0% / 60.27%	16167
ស្ងៀមទៅ	0.093 / (1)	0% / 60.27%	16168
បូជនិយកិច្ច	0.093 / (1)	0% / 60.27%	16169
អ្នកម្នាង	0.093 / (1)	0% / 60.27%	16170
លក់ខាត	0.093 / (1)	0% / 60.27%	16171
ផ្សំថ្នាំ	0.093 / (1)	0% / 60.27%	16172
និយាយត្រឹមត្រូវ	0.093 / (1)	0% / 60.27%	16173
ជាប់ដៃ	0.093 / (1)	0% / 60.27%	16174
ធ្វើរួចហើយ	0.093 / (1)	0% / 60.27%	16175
រតនសម្បត្តិ	0.093 / (1)	0% / 60.27%	16176
យាំង	0.093 / (1)	0% / 60.27%	16177
ចំរឹង	0.093 / (1)	0% / 60.27%	16178
បោកអ៊ុត	0.093 / (1)	0% / 60.27%	16179
ឫទ្ធា	0.093 / (1)	0% / 60.27%	16180
អ្នកយើង	0.093 / (1)	0% / 60.27%	16181
រកគ្រោះ	0.093 / (1)	0% / 60.27%	16182
មហាវិហារ	0.093 / (1)	0% / 60.27%	16183
កោសេយ្យ	0.093 / (1)	0% / 60.27%	16184
ព្យូហ៍	0.093 / (1)	0% / 60.27%	16185
ងើបពីសន្លប់	0.093 / (1)	0% / 60.27%	16186
ធ្វើត្រី	0.093 / (1)	0% / 60.27%	16187
ការបន្តពូជ	0.093 / (1)	0% / 60.27%	16188
ឆ្កួតលីលា	0.093 / (1)	0% / 60.27%	16189
សេរីនិយម	0.093 / (1)	0% / 60.27%	16190
បាយបត្តបូរ	0.093 / (1)	0% / 60.27%	16191
ជដិល	0.093 / (1)	0% / 60.27%	16192
ពាណិជ្ជសាស្ត្រ	0.093 / (1)	0% / 60.27%	16193
កាន់ទុក្ខ	0.093 / (1)	0% / 60.27%	16194
អាក្រោស	0.093 / (1)	0% / 60.27%	16195
អដ្ឋង្គិក	0.093 / (1)	0% / 60.27%	16196
តោះតើយ	0.093 / (1)	0% / 60.27%	16197
នីតិភាព	0.093 / (1)	0% / 60.27%	16198
យ៉ើ	0.093 / (1)	0% / 60.27%	16199
ឲ្យខ្ចី	0.093 / (1)	0% / 60.27%	16200
បន្ទច់	0.093 / (1)	0% / 60.27%	16201
មហាយក្ស	0.093 / (1)	0% / 60.27%	16202
បុង	0.093 / (1)	0% / 60.27%	16203
ជ្រោកជ្រាក	0.093 / (1)	0% / 60.27%	16204
សំគិះ	0.093 / (1)	0% / 60.27%	16205
ឆ្វាត់ឆ្វែង	0.093 / (1)	0% / 60.27%	16206
រយីក	0.093 / (1)	0% / 60.27%	16207
បក់ដៃហៅ	0.093 / (1)	0% / 60.27%	16208
ទន្ទប	0.093 / (1)	0% / 60.27%	16209
ក្បត់ចិត្ត	0.093 / (1)	0% / 60.27%	16210
សង្ខើញ	0.093 / (1)	0% / 60.27%	16211
សហចារី	0.093 / (1)	0% / 60.27%	16212
ត្រីស័ព្ទ	0.093 / (1)	0% / 60.27%	16213
ឫសដូង	0.093 / (1)	0% / 60.27%	16214
ស្នុំ	0.093 / (1)	0% / 60.27%	16215
ព្រះទិនករ	0.093 / (1)	0% / 60.27%	16216
សញ្ញាប័ណ្ណ	0.093 / (1)	0% / 60.27%	16217
សំពីងសំពោង	0.093 / (1)	0% / 60.27%	16218
រត្តិចរ	0.093 / (1)	0% / 60.27%	16219
ស្ទឹម	0.093 / (1)	0% / 60.27%	16220
ឈានមួយជំហាន	0.093 / (1)	0% / 60.27%	16221
កាត់ស្មាន	0.093 / (1)	0% / 60.27%	16222
បង់ខាត	0.093 / (1)	0% / 60.27%	16223
ញាតិបក្សនិយម	0.093 / (1)	0% / 60.27%	16224
សេវកាមាត្យ	0.093 / (1)	0% / 60.27%	16225
ថប់បារម្ភ	0.093 / (1)	0% / 60.27%	16226
ភីលៀង	0.093 / (1)	0% / 60.27%	16227
រ៉ុកកែត	0.093 / (1)	0% / 60.27%	16228
ទេវកញ្ញា	0.093 / (1)	0% / 60.27%	16229
ហ្វៅ	0.093 / (1)	0% / 60.27%	16230
ស្នាក់អាស្រ័យ	0.093 / (1)	0% / 60.27%	16231
វ៉ាលីស៍	0.093 / (1)	0% / 60.27%	16232
រតឹង	0.093 / (1)	0% / 60.27%	16233
សេវកៈ	0.093 / (1)	0% / 60.27%	16234
ការ៉ាត	0.093 / (1)	0% / 60.27%	16235
ការស្នេហាជាតិ	0.093 / (1)	0% / 60.27%	16236
ម្ល៉េះសម	0.093 / (1)	0% / 60.27%	16237
ផ្គួប	0.093 / (1)	0% / 60.27%	16238
ជាប់ជុច	0.093 / (1)	0% / 60.27%	16239
ព្រះរាជបញ្ជា	0.093 / (1)	0% / 60.27%	16240
ឳម៉ាល់	0.093 / (1)	0% / 60.27%	16241
វិន័យធម្ម	0.093 / (1)	0% / 60.27%	16242
គគាច	0.093 / (1)	0% / 60.27%	16243
ដាក់ទណ្ឌកម្ម	0.093 / (1)	0% / 60.27%	16244
ថ្ងៃធ្វើការ	0.093 / (1)	0% / 60.27%	16245
ទៀងត្រង់	0.093 / (1)	0% / 60.27%	16246
មិត្តភ្ងា	0.093 / (1)	0% / 60.27%	16247
ទឹស	0.093 / (1)	0% / 60.27%	16248
ឃូរ	0.093 / (1)	0% / 60.27%	16249
កៀកកើយ	0.093 / (1)	0% / 60.27%	16250
អត្តពលិក	0.093 / (1)	0% / 60.27%	16251
ទឹកផឹក	0.093 / (1)	0% / 60.27%	16252
សុសសាច់	0.093 / (1)	0% / 60.27%	16253
ក្រឡាត	0.093 / (1)	0% / 60.27%	16254
អត្តទត្ថ	0.093 / (1)	0% / 60.27%	16255
តុណ្ហីភាព	0.093 / (1)	0% / 60.27%	16256
ពាក្យចំពោះ	0.093 / (1)	0% / 60.27%	16257
ខ្មែរឥស្លាម	0.093 / (1)	0% / 60.27%	16258
ប្រដាក់	0.093 / (1)	0% / 60.27%	16259
ទឹកស៊ីអ៊ីវ	0.093 / (1)	0% / 60.27%	16260
ចាំផ្លូវ	0.093 / (1)	0% / 60.27%	16261
ស្មងជើង	0.093 / (1)	0% / 60.27%	16262
ចាក់ក្រឡេក	0.093 / (1)	0% / 60.27%	16263
មូទូ	0.093 / (1)	0% / 60.27%	16264
បន្ទប់ទទួលភ្ញៀវ	0.093 / (1)	0% / 60.27%	16265
ជាក់ជា	0.093 / (1)	0% / 60.27%	16266
វាយគ្នា	0.093 / (1)	0% / 60.27%	16267
ពីភាល់	0.093 / (1)	0% / 60.27%	16268
ទាបថោក	0.093 / (1)	0% / 60.27%	16269
ដាក់លក្ខខ័ណ្ឌ	0.093 / (1)	0% / 60.27%	16270
ក្បួនតម្រា	0.093 / (1)	0% / 60.27%	16271
ស៊ីចុក	0.093 / (1)	0% / 60.27%	16272
បរម្បរា	0.093 / (1)	0% / 60.27%	16273
ត្មះតិះដៀល	0.093 / (1)	0% / 60.27%	16274
អយស្ម័យយាន	0.093 / (1)	0% / 60.27%	16275
ក្រហែងដី	0.093 / (1)	0% / 60.27%	16276
ការបន្ទាន់	0.093 / (1)	0% / 60.27%	16277
សុរិ	0.093 / (1)	0% / 60.27%	16278
សៀវភៅបញ្ជី	0.093 / (1)	0% / 60.27%	16279
ត្រួសត្រាយផ្លូវ	0.093 / (1)	0% / 60.27%	16280
ព្យូ	0.093 / (1)	0% / 60.27%	16281
ឈាមខ្មៅ	0.093 / (1)	0% / 60.27%	16282
ដែកកេះ	0.093 / (1)	0% / 60.27%	16283
ម៉ៅនិយម	0.093 / (1)	0% / 60.27%	16284
ថ្ពក់	0.093 / (1)	0% / 60.27%	16285
បញ្ចេញវាចា	0.093 / (1)	0% / 60.27%	16286
នាំឲ្យស្គាល់	0.093 / (1)	0% / 60.27%	16287
រលកអាកាស	0.093 / (1)	0% / 60.27%	16288
ឡេះឡះ	0.093 / (1)	0% / 60.27%	16289
ទន្ថើន	0.093 / (1)	0% / 60.27%	16290
ជំរុះ	0.093 / (1)	0% / 60.27%	16291
បង្អាត	0.093 / (1)	0% / 60.27%	16292
ជំហរតែ	0.093 / (1)	0% / 60.27%	16293
នាមត្រកូល	0.093 / (1)	0% / 60.27%	16294
ឈ្លេម	0.093 / (1)	0% / 60.27%	16295
ពេលណាក៏បាន	0.093 / (1)	0% / 60.27%	16296
ពាក្យកំប្លែង	0.093 / (1)	0% / 60.27%	16297
ស៊ីរូង	0.093 / (1)	0% / 60.27%	16298
ផួង	0.093 / (1)	0% / 60.27%	16299
ហោត	0.093 / (1)	0% / 60.27%	16300
រដ្ឋាភិបាលចំរុះ	0.093 / (1)	0% / 60.27%	16301
ឆ្មៀង	0.093 / (1)	0% / 60.27%	16302
ឆាយ៉ា	0.093 / (1)	0% / 60.27%	16303
ភក្សា	0.093 / (1)	0% / 60.27%	16304
កូនឈ្នួល	0.093 / (1)	0% / 60.27%	16305
សណ្ឋានភាព	0.093 / (1)	0% / 60.27%	16306
ដំរាប់	0.093 / (1)	0% / 60.27%	16307
តវៀង	0.093 / (1)	0% / 60.27%	16308
មហាសត្វ	0.093 / (1)	0% / 60.27%	16309
ជ្រុះសក់	0.093 / (1)	0% / 60.27%	16310
ប្រគរ	0.093 / (1)	0% / 60.27%	16311
អក្ខរៈ	0.093 / (1)	0% / 60.27%	16312
ឆ័ត្ត	0.093 / (1)	0% / 60.27%	16313
ក្រឡាគំនាល់	0.093 / (1)	0% / 60.27%	16314
មនុស្សខ្ទើយ	0.093 / (1)	0% / 60.27%	16315
ជំពាក់បំណុលគេ	0.093 / (1)	0% / 60.27%	16316
ពាក្យសោ	0.093 / (1)	0% / 60.27%	16317
ចិត្តតូច	0.093 / (1)	0% / 60.27%	16318
លួចមើល	0.093 / (1)	0% / 60.27%	16319
ចេញស្តី	0.093 / (1)	0% / 60.27%	16320
ពរសព្ទសាធុការ	0.093 / (1)	0% / 60.27%	16321
ស្រោក	0.093 / (1)	0% / 60.27%	16322
តតិយជន	0.093 / (1)	0% / 60.27%	16323
ឆ្លៀវឆ្លាស	0.093 / (1)	0% / 60.27%	16324
តាមបែបបទ	0.093 / (1)	0% / 60.27%	16325
រកពុទ្ធោ	0.093 / (1)	0% / 60.27%	16326
កុំខាន	0.093 / (1)	0% / 60.27%	16327
ចាំងភ្នែក	0.093 / (1)	0% / 60.27%	16328
បរានុម័ត	0.093 / (1)	0% / 60.27%	16329
ឆ្លៀវឆ្លាត	0.093 / (1)	0% / 60.27%	16330
ដោរ	0.093 / (1)	0% / 60.27%	16331
លោកុត្តរ	0.093 / (1)	0% / 60.27%	16332
ផុងខ្លួន	0.093 / (1)	0% / 60.27%	16333
សំឡោក	0.093 / (1)	0% / 60.27%	16334
កំហុសអក្ខរាវិរុទ្ធ	0.093 / (1)	0% / 60.27%	16335
ដំណើរពាក្យ	0.093 / (1)	0% / 60.27%	16336
កំបង់	0.093 / (1)	0% / 60.27%	16337
សំអុយ	0.093 / (1)	0% / 60.27%	16338
បិតុច្ឆា	0.093 / (1)	0% / 60.27%	16339
ងាប់ឥឡូវ	0.093 / (1)	0% / 60.27%	16340
ផ្អើលភ្ញាក់	0.093 / (1)	0% / 60.27%	16341
ក៏ទេដែរ	0.093 / (1)	0% / 60.27%	16342
ចង្អាម	0.093 / (1)	0% / 60.27%	16343
ហាយន	0.093 / (1)	0% / 60.27%	16344
ពិសុទ្ធ	0.093 / (1)	0% / 60.27%	16345
ស្នាមរបួស	0.093 / (1)	0% / 60.27%	16346
រាជស្ថាន	0.093 / (1)	0% / 60.27%	16347
ម៉ៈ	0.093 / (1)	0% / 60.27%	16348
ភាពយន្តឯកសារ	0.093 / (1)	0% / 60.27%	16349
បារគូបុរោហិត	0.093 / (1)	0% / 60.27%	16350
ចិត្តជ្រះថ្លា	0.093 / (1)	0% / 60.27%	16351
ទិវាចរ	0.093 / (1)	0% / 60.27%	16352
ពោធិសម្ភារ	0.093 / (1)	0% / 60.27%	16353
អសត្យ	0.093 / (1)	0% / 60.27%	16354
ស្បែកជើងផ្ទាត់	0.093 / (1)	0% / 60.27%	16355
កំព្រឹង	0.093 / (1)	0% / 60.27%	16356
បំពោរ	0.093 / (1)	0% / 60.27%	16357
ត្រសុស	0.093 / (1)	0% / 60.27%	16358
ព្រះអគ្គី	0.093 / (1)	0% / 60.27%	16359
អាបធ្មប់	0.093 / (1)	0% / 60.27%	16360
ប៉ប៉ាប់	0.093 / (1)	0% / 60.27%	16361
ក្រឡាចត្រង្គ	0.093 / (1)	0% / 60.27%	16362
ពព្រូស	0.093 / (1)	0% / 60.27%	16363
ខ្នួច	0.093 / (1)	0% / 60.27%	16364
បររថយន្ត	0.093 / (1)	0% / 60.27%	16365
ជួយគ្នាទៅវិញទៅមក	0.093 / (1)	0% / 60.27%	16366
ច្រប៉ុក	0.093 / (1)	0% / 60.27%	16367
រណរង្គ	0.093 / (1)	0% / 60.27%	16368
អារាមភូមិ	0.093 / (1)	0% / 60.27%	16369
អនុស្សាវនា	0.093 / (1)	0% / 60.27%	16370
រប៉េះរប៉ោះ	0.093 / (1)	0% / 60.27%	16371
សុនី	0.093 / (1)	0% / 60.27%	16372
កោសរូស	0.093 / (1)	0% / 60.27%	16373
គូរមុខ	0.093 / (1)	0% / 60.27%	16374
ទិវារាត្រី	0.093 / (1)	0% / 60.27%	16375
កំណប់រ៉ែ	0.093 / (1)	0% / 60.27%	16376
សរុបសេចក្តីទៅ	0.093 / (1)	0% / 60.27%	16377
វរលក្ខណ៍	0.093 / (1)	0% / 60.27%	16378
សៃយសាស្រ្ត	0.093 / (1)	0% / 60.27%	16379
កងខេមរភូមិន្ទ	0.093 / (1)	0% / 60.27%	16380
លត់ដំ	0.093 / (1)	0% / 60.27%	16381
រលេច	0.093 / (1)	0% / 60.27%	16382
រពីង	0.093 / (1)	0% / 60.27%	16383
លើដាក់	0.093 / (1)	0% / 60.27%	16384
ជ្រកភ្លៀង	0.093 / (1)	0% / 60.27%	16385
អុះ	0.093 / (1)	0% / 60.27%	16386
លិញ	0.093 / (1)	0% / 60.27%	16387
ឆាយាលក្ស	0.093 / (1)	0% / 60.27%	16388
ក្លាក់	0.093 / (1)	0% / 60.27%	16389
ត្រចៀកកាំ	0.093 / (1)	0% / 60.27%	16390
ទុក្ករកម្ម	0.093 / (1)	0% / 60.27%	16391
យ៉ាដ	0.093 / (1)	0% / 60.27%	16392
សម្លាក	0.093 / (1)	0% / 60.27%	16393
យីកេ	0.093 / (1)	0% / 60.27%	16394
យូរឆ្នាំហើយ	0.093 / (1)	0% / 60.27%	16395
រាជបញ្ជា	0.093 / (1)	0% / 60.27%	16396
ការសំរុះសំរួល	0.093 / (1)	0% / 60.27%	16397
ខន់	0.093 / (1)	0% / 60.27%	16398
ទេវទត្ត	0.093 / (1)	0% / 60.27%	16399
ស្ញុល	0.093 / (1)	0% / 60.27%	16400
ចងគំនុំ	0.093 / (1)	0% / 60.27%	16401
រហៀង	0.093 / (1)	0% / 60.27%	16402
ស្រីឆ្នាស់	0.093 / (1)	0% / 60.27%	16403
ច្រាវ	0.093 / (1)	0% / 60.27%	16404
យប់ស្អែក	0.093 / (1)	0% / 60.27%	16405
គុណូបការ	0.093 / (1)	0% / 60.27%	16406
ព្រេងវាសនា	0.093 / (1)	0% / 60.27%	16407
បានឱកាស	0.093 / (1)	0% / 60.27%	16408
អាវែក	0.093 / (1)	0% / 60.27%	16409
រ៉ឺស៊ុយ	0.093 / (1)	0% / 60.27%	16410
សួរដំណឹង	0.093 / (1)	0% / 60.27%	16411
ទៅមើលកុន	0.093 / (1)	0% / 60.27%	16412
យន្តវិទ្យា	0.093 / (1)	0% / 60.27%	16413
ព្រួល	0.093 / (1)	0% / 60.27%	16414
មីក្រូទស្សន៍	0.093 / (1)	0% / 60.27%	16415
អ្នកចម្លង	0.093 / (1)	0% / 60.27%	16416
ដែនអាកាស	0.093 / (1)	0% / 60.27%	16417
ក្រឡះ	0.093 / (1)	0% / 60.27%	16418
កំអួត	0.093 / (1)	0% / 60.27%	16419
ទងផ្ចិត	0.093 / (1)	0% / 60.27%	16420
ជំងឺតំកាត់	0.093 / (1)	0% / 60.27%	16421
ឯកត្តភាព	0.093 / (1)	0% / 60.27%	16422
ប្រញិប	0.093 / (1)	0% / 60.27%	16423
រាជដំណាក់	0.093 / (1)	0% / 60.27%	16424
រាយដំណើរ	0.093 / (1)	0% / 60.27%	16425
កច្ចាយនៈ	0.093 / (1)	0% / 60.27%	16426
ធ្វើសាក្សី	0.093 / (1)	0% / 60.27%	16427
មហានទី	0.093 / (1)	0% / 60.27%	16428
បែបចង់	0.093 / (1)	0% / 60.27%	16429
បង្អក	0.093 / (1)	0% / 60.27%	16430
ដកកមើល	0.093 / (1)	0% / 60.27%	16431
ភ្លយ	0.093 / (1)	0% / 60.27%	16432
ជ្រិះ	0.093 / (1)	0% / 60.27%	16433
បង្កិន	0.093 / (1)	0% / 60.27%	16434
ដួងចៃ	0.093 / (1)	0% / 60.27%	16435
សាវឡឹក	0.093 / (1)	0% / 60.27%	16436
ច្រើនប្រការ	0.093 / (1)	0% / 60.27%	16437
ទៃយ	0.093 / (1)	0% / 60.27%	16438
ចិត្តស៊ូ	0.093 / (1)	0% / 60.27%	16439
ក្ទម្ពទេស	0.093 / (1)	0% / 60.27%	16440
ដំណាំរួមផ្សំ	0.093 / (1)	0% / 60.27%	16441
ជ្រេញ	0.093 / (1)	0% / 60.27%	16442
អត្តៈ	0.093 / (1)	0% / 60.27%	16443
សច្ចបាន	0.093 / (1)	0% / 60.27%	16444
ផ្ដិតមេដៃ	0.093 / (1)	0% / 60.27%	16445
អាវុសោ	0.093 / (1)	0% / 60.27%	16446
យប់ណាស់ហើយ	0.093 / (1)	0% / 60.27%	16447
រហើត	0.093 / (1)	0% / 60.27%	16448
ពាក់ស	0.093 / (1)	0% / 60.27%	16449
រត្នត្រៃ	0.093 / (1)	0% / 60.27%	16450
ភ្នែកស	0.093 / (1)	0% / 60.27%	16451
កន្តុប	0.093 / (1)	0% / 60.27%	16452
សួគ៌ាល័យ	0.093 / (1)	0% / 60.27%	16453
ពួយលំពែង	0.093 / (1)	0% / 60.27%	16454
សរទរដូវ	0.093 / (1)	0% / 60.27%	16455
ចំអិនអាហារ	0.093 / (1)	0% / 60.27%	16456
បន្ទប់ដេក	0.093 / (1)	0% / 60.27%	16457
ក្ដុងក្ដាំង	0.093 / (1)	0% / 60.27%	16458
ប៉ាឆា	0.093 / (1)	0% / 60.27%	16459
កន្ថោក	0.093 / (1)	0% / 60.27%	16460
ភេសជ្ជ	0.093 / (1)	0% / 60.27%	16461
រាជទេពី	0.093 / (1)	0% / 60.27%	16462
សំណប៉ាហាំង	0.093 / (1)	0% / 60.27%	16463
ឈ្លេចឈ្លី	0.093 / (1)	0% / 60.27%	16464
អាហ្សូត	0.093 / (1)	0% / 60.27%	16465
សូហ្វ័រ	0.093 / (1)	0% / 60.27%	16466
សំណង់ផ្ទះ	0.093 / (1)	0% / 60.27%	16467
ពិន្ទ	0.093 / (1)	0% / 60.27%	16468
ខែរនោច	0.093 / (1)	0% / 60.27%	16469
មន្ទីរសង្គមកិច្ច	0.093 / (1)	0% / 60.27%	16470
ស្លាប់ចិត្ត	0.093 / (1)	0% / 60.27%	16471
អេក	0.093 / (1)	0% / 60.27%	16472
អនិច្ចានុបស្សី	0.093 / (1)	0% / 60.27%	16473
សបាយ	0.093 / (1)	0% / 60.27%	16474
បញ្ជីជាតិ	0.093 / (1)	0% / 60.27%	16475
សើន	0.093 / (1)	0% / 60.27%	16476
ពុទ្ធបដិមា	0.093 / (1)	0% / 60.27%	16477
ក្រឡិត	0.093 / (1)	0% / 60.27%	16478
រាំងភ្នំ	0.093 / (1)	0% / 60.27%	16479
ក្រមី	0.093 / (1)	0% / 60.27%	16480
វច្ចមគ្គ	0.093 / (1)	0% / 60.27%	16481
អំពើកម្ម	0.093 / (1)	0% / 60.27%	16482
សេនាមាត្យ	0.093 / (1)	0% / 60.27%	16483
ដល់អញ្ចឹង	0.093 / (1)	0% / 60.27%	16484
ពោះវៀនធំ	0.093 / (1)	0% / 60.27%	16485
សម្ពោធិញ្ញាណ	0.093 / (1)	0% / 60.27%	16486
មូលមតិគ្នាជាឯកឆន្ទ	0.093 / (1)	0% / 60.27%	16487
ល្អៀក	0.093 / (1)	0% / 60.27%	16488
ទ្រនេស	0.093 / (1)	0% / 60.27%	16489
ឡើងខ្លួន	0.093 / (1)	0% / 60.27%	16490
កាចា	0.093 / (1)	0% / 60.27%	16491
ប្រផុត	0.093 / (1)	0% / 60.27%	16492
ឋៈ	0.093 / (1)	0% / 60.27%	16493
អាកញ្ចាស់	0.093 / (1)	0% / 60.27%	16494
ថ្មោងថ្មី	0.093 / (1)	0% / 60.27%	16495
កញ្ឆៀវ	0.093 / (1)	0% / 60.27%	16496
ព្រេងសំណាង	0.093 / (1)	0% / 60.27%	16497
ប្រញាយ	0.093 / (1)	0% / 60.27%	16498
សង៉ា	0.093 / (1)	0% / 60.27%	16499
ច្បាប់សេដ្ឋកិច្ច	0.093 / (1)	0% / 60.27%	16500
រកក្តី	0.093 / (1)	0% / 60.27%	16501
វ័ធ	0.093 / (1)	0% / 60.27%	16502
សិរីមង្គល	0.093 / (1)	0% / 60.27%	16503
បរិបថ	0.093 / (1)	0% / 60.27%	16504
វញ្ច	0.093 / (1)	0% / 60.27%	16505
រដូវរំហើយ	0.093 / (1)	0% / 60.27%	16506
ណ្ហើយចុះ	0.093 / (1)	0% / 60.27%	16507
ទេសភាសា	0.093 / (1)	0% / 60.27%	16508
លួម	0.093 / (1)	0% / 60.27%	16509
រម្លស់	0.093 / (1)	0% / 60.27%	16510
ច្រង់	0.093 / (1)	0% / 60.27%	16511
ស្នាប់	0.093 / (1)	0% / 60.27%	16512
តំរឹម	0.093 / (1)	0% / 60.27%	16513
រាទៅ	0.093 / (1)	0% / 60.27%	16514
ព្រះកេតុមាលា	0.093 / (1)	0% / 60.27%	16515
ខូចខិល	0.093 / (1)	0% / 60.27%	16516
អាវកត្រង់	0.093 / (1)	0% / 60.27%	16517
ប្រច្រៀត	0.093 / (1)	0% / 60.27%	16518
វាយឫក	0.093 / (1)	0% / 60.27%	16519
ណាសោត	0.093 / (1)	0% / 60.28%	16520
ដូរដេញ	0.093 / (1)	0% / 60.28%	16521
សើចរយះមាត់	0.093 / (1)	0% / 60.28%	16522
វិស្សាសៈ	0.093 / (1)	0% / 60.28%	16523
គ្រលែង	0.093 / (1)	0% / 60.28%	16524
បែរបន់	0.093 / (1)	0% / 60.28%	16525
ញ័ររន្ធត់	0.093 / (1)	0% / 60.28%	16526
ត្រងាល	0.093 / (1)	0% / 60.28%	16527
លែងយក	0.093 / (1)	0% / 60.28%	16528
ព្រហូត	0.093 / (1)	0% / 60.28%	16529
សង្ការ	0.093 / (1)	0% / 60.28%	16530
ចាកស្រុកកំណើត	0.093 / (1)	0% / 60.28%	16531
សម្បាច់	0.093 / (1)	0% / 60.28%	16532
សិសិររដូវ	0.093 / (1)	0% / 60.28%	16533
ថ្វាង	0.093 / (1)	0% / 60.28%	16534
មច្ចុ	0.093 / (1)	0% / 60.28%	16535
សកវាទិ៍	0.093 / (1)	0% / 60.28%	16536
ពីគ្រប់ទិស	0.093 / (1)	0% / 60.28%	16537
ពេលរយាល	0.093 / (1)	0% / 60.28%	16538
អវសានកាល	0.093 / (1)	0% / 60.28%	16539
ជើងថ្មី	0.093 / (1)	0% / 60.28%	16540
ប្រឹស្ឋ	0.093 / (1)	0% / 60.28%	16541
ធ្វើថ្លង់	0.093 / (1)	0% / 60.28%	16542
ពង្រូល	0.093 / (1)	0% / 60.28%	16543
ការបៀតបៀន	0.093 / (1)	0% / 60.28%	16544
ប្រែភាសា	0.093 / (1)	0% / 60.28%	16545
ត្រីប្រា	0.093 / (1)	0% / 60.28%	16546
ចាប់ត្រី	0.093 / (1)	0% / 60.28%	16547
អហំ	0.093 / (1)	0% / 60.28%	16548
ផ្ដុង	0.093 / (1)	0% / 60.28%	16549
សេចក្តីស្នេហា	0.093 / (1)	0% / 60.28%	16550
ប្រាជ្ញក្នុង	0.093 / (1)	0% / 60.28%	16551
សាក្យមុនី	0.093 / (1)	0% / 60.28%	16552
មណ្ឌលសុខភាព	0.093 / (1)	0% / 60.28%	16553
ពោះវៀនពោះតាំង	0.093 / (1)	0% / 60.28%	16554
ថ្កំ	0.093 / (1)	0% / 60.28%	16555
កន្លើត	0.093 / (1)	0% / 60.28%	16556
ផ្ទះលក់បាយ	0.093 / (1)	0% / 60.28%	16557
អំរែក	0.093 / (1)	0% / 60.28%	16558
ប្រទេសកំណើត	0.093 / (1)	0% / 60.28%	16559
ឈ្នាន	0.093 / (1)	0% / 60.28%	16560
រឿងរះ	0.093 / (1)	0% / 60.28%	16561
សហ័ស	0.093 / (1)	0% / 60.28%	16562
ទារពន្ធដារ	0.093 / (1)	0% / 60.28%	16563
ក្នុងពេលកំណត់	0.093 / (1)	0% / 60.28%	16564
និយាយពិត	0.093 / (1)	0% / 60.28%	16565
សំយាក	0.093 / (1)	0% / 60.28%	16566
ឆាប់ឡើង	0.093 / (1)	0% / 60.28%	16567
សុញ	0.093 / (1)	0% / 60.28%	16568
ស្លប	0.093 / (1)	0% / 60.28%	16569
យកគ្នា	0.093 / (1)	0% / 60.28%	16570
កំឡា	0.093 / (1)	0% / 60.28%	16571
ប្រពាក់	0.093 / (1)	0% / 60.28%	16572
ក្រឡោ	0.093 / (1)	0% / 60.28%	16573
ញ៉ឹង	0.093 / (1)	0% / 60.28%	16574
ចាគៈ	0.093 / (1)	0% / 60.28%	16575
ខមា	0.093 / (1)	0% / 60.28%	16576
ជីពុក	0.093 / (1)	0% / 60.28%	16577
សង្ឃរា	0.093 / (1)	0% / 60.28%	16578
មានស្មារតី	0.093 / (1)	0% / 60.28%	16579
រផាត់	0.093 / (1)	0% / 60.28%	16580
ល្បក់	0.093 / (1)	0% / 60.28%	16581
ត្រកាប់	0.093 / (1)	0% / 60.28%	16582
តូចតន់	0.093 / (1)	0% / 60.28%	16583
លេបការ	0.093 / (1)	0% / 60.28%	16584
ផ្នូក	0.093 / (1)	0% / 60.28%	16585
សន្លឹង	0.093 / (1)	0% / 60.28%	16586
វីរុសហ៊ីវ	0.093 / (1)	0% / 60.28%	16587
បំព្រំ	0.093 / (1)	0% / 60.28%	16588
អ្នកថែទាំ	0.093 / (1)	0% / 60.28%	16589
ស្រាស់	0.093 / (1)	0% / 60.28%	16590
ឥតសមហេតុផល	0.093 / (1)	0% / 60.28%	16591
ផ្ទល់	0.093 / (1)	0% / 60.28%	16592
មាត់ទឹក	0.093 / (1)	0% / 60.28%	16593
អន្លង	0.093 / (1)	0% / 60.28%	16594
ល្ងាចមិញ	0.093 / (1)	0% / 60.28%	16595
ក្រសារ	0.093 / (1)	0% / 60.28%	16596
រឹទ្ធានុភាព	0.093 / (1)	0% / 60.28%	16597
របាញ	0.093 / (1)	0% / 60.28%	16598
ថ្វាយព្រះពរ	0.093 / (1)	0% / 60.28%	16599
មិត្តរួមជំនាន់	0.093 / (1)	0% / 60.28%	16600
ជាន់ទី	0.093 / (1)	0% / 60.28%	16601
បុកគ្នា	0.093 / (1)	0% / 60.28%	16602
សំដីព្រហើន	0.093 / (1)	0% / 60.28%	16603
មិនគ្រប់ដប់	0.093 / (1)	0% / 60.28%	16604
អន្តរប្បញ្ញតិ	0.093 / (1)	0% / 60.28%	16605
កន្ធាត់	0.093 / (1)	0% / 60.28%	16606
ប្រឈ្លោះ	0.093 / (1)	0% / 60.28%	16607
ក្ង	0.093 / (1)	0% / 60.28%	16608
ថ្ពិន	0.093 / (1)	0% / 60.28%	16609
ប្រទះគ្នា	0.093 / (1)	0% / 60.28%	16610
អគ្គហេរញ្ញិក	0.093 / (1)	0% / 60.28%	16611
យ៉ើរ	0.093 / (1)	0% / 60.28%	16612
សម្មាកម្មន្តៈ	0.093 / (1)	0% / 60.28%	16613
អ្នកប្រុស	0.093 / (1)	0% / 60.28%	16614
ដោះទុក្ខ	0.093 / (1)	0% / 60.28%	16615
ពាលាអាវ៉ាសែ	0.093 / (1)	0% / 60.28%	16616
អារក្សព្រៃ	0.093 / (1)	0% / 60.28%	16617
គូក	0.093 / (1)	0% / 60.28%	16618
គងអន្ទាក់ខ្លា	0.093 / (1)	0% / 60.28%	16619
ថ្គាមទាល់	0.093 / (1)	0% / 60.28%	16620
ទទា	0.093 / (1)	0% / 60.28%	16621
រនះ	0.093 / (1)	0% / 60.28%	16622
ពេលថ្ងៃរះ	0.093 / (1)	0% / 60.28%	16623
ធម្មជាត	0.093 / (1)	0% / 60.28%	16624
និវាស	0.093 / (1)	0% / 60.28%	16625
ចេញឈាម	0.093 / (1)	0% / 60.28%	16626
អន្តររដ្ឋាភិបាល	0.093 / (1)	0% / 60.28%	16627
ពេញលក្ខណៈ	0.093 / (1)	0% / 60.28%	16628
វស្សន្ត	0.093 / (1)	0% / 60.28%	16629
បដិការ	0.093 / (1)	0% / 60.28%	16630
ជេះ	0.093 / (1)	0% / 60.28%	16631
គម្រោះ	0.093 / (1)	0% / 60.28%	16632
ទ្វារធំ	0.093 / (1)	0% / 60.28%	16633
មច្ឆរិយៈ	0.093 / (1)	0% / 60.28%	16634
បុស្បុក	0.093 / (1)	0% / 60.28%	16635
ឆ្នាំវក	0.093 / (1)	0% / 60.28%	16636
ចំកន្លែង	0.093 / (1)	0% / 60.28%	16637
តែមួយមុខ	0.093 / (1)	0% / 60.28%	16638
បុគ្គលិកភាព	0.093 / (1)	0% / 60.28%	16639
បើកចំហ	0.093 / (1)	0% / 60.28%	16640
បង់ទ្រព្យ	0.093 / (1)	0% / 60.28%	16641
សាលាវត្ត	0.093 / (1)	0% / 60.28%	16642
ប្រគំភ្លេង	0.093 / (1)	0% / 60.28%	16643
វរវឹក	0.093 / (1)	0% / 60.28%	16644
រសូវ	0.093 / (1)	0% / 60.28%	16645
សន្លិន	0.093 / (1)	0% / 60.28%	16646
បោង	0.093 / (1)	0% / 60.28%	16647
ពាក្យឆ្លើយ	0.093 / (1)	0% / 60.28%	16648
អ៊ិស្លាម	0.093 / (1)	0% / 60.28%	16649
រង្វិល	0.093 / (1)	0% / 60.28%	16650
បានតែមាត់	0.093 / (1)	0% / 60.28%	16651
អប្បលក្ខណ៍	0.093 / (1)	0% / 60.28%	16652
អំពិលអំពែក	0.093 / (1)	0% / 60.28%	16653
អាដែង	0.093 / (1)	0% / 60.28%	16654
សមគ្គ	0.093 / (1)	0% / 60.28%	16655
យុត្តិការ	0.093 / (1)	0% / 60.28%	16656
ព្យគ្ឃរាជ	0.093 / (1)	0% / 60.28%	16657
ចេះស្ទាត់	0.093 / (1)	0% / 60.28%	16658
កុងស៊ី	0.093 / (1)	0% / 60.28%	16659
ហួសហើយ	0.093 / (1)	0% / 60.28%	16660
ឆ្កែកាច	0.093 / (1)	0% / 60.28%	16661
ចៅឯង	0.093 / (1)	0% / 60.28%	16662
ខាន់ខៅ	0.093 / (1)	0% / 60.28%	16663
ត្រងិល	0.093 / (1)	0% / 60.28%	16664
ជឿស្ដាប់	0.093 / (1)	0% / 60.28%	16665
ទ្រជើង	0.093 / (1)	0% / 60.28%	16666
វង្វេងវង្វាន់	0.093 / (1)	0% / 60.28%	16667
ទាហានថ្មើរជើង	0.093 / (1)	0% / 60.28%	16668
អាយុតិច	0.093 / (1)	0% / 60.28%	16669
ធ្វើត្រាប់	0.093 / (1)	0% / 60.28%	16670
ដើរខុស	0.093 / (1)	0% / 60.28%	16671
បាក់សាច់	0.093 / (1)	0% / 60.28%	16672
ខ្មោចអាប	0.093 / (1)	0% / 60.28%	16673
ស្រងាកចិត្ត	0.093 / (1)	0% / 60.28%	16674
លញ្ច	0.093 / (1)	0% / 60.28%	16675
លើកទុក	0.093 / (1)	0% / 60.28%	16676
សុខយាន	0.093 / (1)	0% / 60.28%	16677
ដន្ត្រី	0.093 / (1)	0% / 60.28%	16678
ប្រយោជន៍ដើម្បី	0.093 / (1)	0% / 60.28%	16679
ប្រឡាក់ប្រឡូស	0.093 / (1)	0% / 60.28%	16680
ក្រុមភ្លេង	0.093 / (1)	0% / 60.28%	16681
ផោដ្ឋព្វៈ	0.093 / (1)	0% / 60.28%	16682
អរជូន	0.093 / (1)	0% / 60.28%	16683
កណ្ដាលថ្ងៃ	0.093 / (1)	0% / 60.28%	16684
អើតមើល	0.093 / (1)	0% / 60.28%	16685
កថាមុខ	0.093 / (1)	0% / 60.28%	16686
សម្រួច	0.093 / (1)	0% / 60.28%	16687
បាក់ធ្មេញ	0.093 / (1)	0% / 60.28%	16688
ហត្ថពល	0.093 / (1)	0% / 60.28%	16689
ការហាត់ប្រាណ	0.093 / (1)	0% / 60.28%	16690
យកទៅកសាង	0.093 / (1)	0% / 60.28%	16691
អស់ផ្លូវ	0.093 / (1)	0% / 60.28%	16692
បែបដូចជា	0.093 / (1)	0% / 60.28%	16693
កន្ទ្រាក់	0.093 / (1)	0% / 60.28%	16694
ឧត្តមសេនីយ៍ទោ	0.093 / (1)	0% / 60.28%	16695
បង្អូន	0.093 / (1)	0% / 60.28%	16696
សើចស្ងួត	0.093 / (1)	0% / 60.28%	16697
មេឃស្រកានាគ	0.093 / (1)	0% / 60.28%	16698
ស្រពាប	0.093 / (1)	0% / 60.28%	16699
ហ្វូណន	0.093 / (1)	0% / 60.28%	16700
ស្លាត្រួយ	0.093 / (1)	0% / 60.28%	16701
ក្រែងគេថា	0.093 / (1)	0% / 60.28%	16702
កាតាប	0.093 / (1)	0% / 60.28%	16703
ទំរាំដល់	0.093 / (1)	0% / 60.28%	16704
ទុរភិក្ស	0.093 / (1)	0% / 60.28%	16705
ជ្រែករាជ្យ	0.093 / (1)	0% / 60.28%	16706
ស្របក	0.093 / (1)	0% / 60.28%	16707
គ្រប់ទឹក	0.093 / (1)	0% / 60.28%	16708
ចម្អាប	0.093 / (1)	0% / 60.28%	16709
ម៉េ្លះ	0.093 / (1)	0% / 60.28%	16710
ទាយា	0.093 / (1)	0% / 60.28%	16711
សម្រាស់	0.093 / (1)	0% / 60.28%	16712
សកម្មករ	0.093 / (1)	0% / 60.28%	16713
ចុះមូលដ្ឋាន	0.093 / (1)	0% / 60.28%	16714
អនុបាល	0.093 / (1)	0% / 60.28%	16715
សាធុរូប	0.093 / (1)	0% / 60.28%	16716
បិតបាំង	0.093 / (1)	0% / 60.28%	16717
បបុស	0.093 / (1)	0% / 60.28%	16718
ក្លន	0.093 / (1)	0% / 60.28%	16719
សុខសួស្តី	0.093 / (1)	0% / 60.28%	16720
មិនដឹងជាស្អីទេ	0.093 / (1)	0% / 60.28%	16721
តំរេក	0.093 / (1)	0% / 60.28%	16722
កំដរដៃ	0.093 / (1)	0% / 60.28%	16723
រៀងរាយ	0.093 / (1)	0% / 60.28%	16724
សុំអត់ទោស	0.093 / (1)	0% / 60.28%	16725
ទទួលបញ្ជា	0.093 / (1)	0% / 60.28%	16726
ប្លង់ផ្ទះ	0.093 / (1)	0% / 60.28%	16727
សូញសាញ	0.093 / (1)	0% / 60.28%	16728
ទទួលអនិច្ចកម្ម	0.093 / (1)	0% / 60.28%	16729
សំណោក	0.093 / (1)	0% / 60.28%	16730
ទ្រនូល	0.093 / (1)	0% / 60.28%	16731
បដិញាណ	0.093 / (1)	0% / 60.28%	16732
លាក់របស់	0.093 / (1)	0% / 60.28%	16733
អង្កោល	0.093 / (1)	0% / 60.28%	16734
ជិនណាយ	0.093 / (1)	0% / 60.28%	16735
អម្ឫត	0.093 / (1)	0% / 60.28%	16736
លសិកា	0.093 / (1)	0% / 60.28%	16737
អាល័យតែ	0.093 / (1)	0% / 60.28%	16738
ជាំភ្នែក	0.093 / (1)	0% / 60.28%	16739
ជាគំរប់	0.093 / (1)	0% / 60.28%	16740
បណ្ណារក្ស	0.093 / (1)	0% / 60.28%	16741
តារារណប	0.093 / (1)	0% / 60.28%	16742
ទាស់សំដី	0.093 / (1)	0% / 60.28%	16743
ប៉ផ្ដិត	0.093 / (1)	0% / 60.28%	16744
រ៉ឺណូត៍	0.093 / (1)	0% / 60.28%	16745
ត្រៃបិតក	0.093 / (1)	0% / 60.28%	16746
អ្នកស្នើ	0.093 / (1)	0% / 60.28%	16747
ទុគ្គតិ	0.093 / (1)	0% / 60.28%	16748
អាញត្តិ	0.093 / (1)	0% / 60.28%	16749
កំភូត	0.093 / (1)	0% / 60.28%	16750
ស៊ីលេង	0.093 / (1)	0% / 60.28%	16751
ចំណោត	0.093 / (1)	0% / 60.28%	16752
ននះ	0.093 / (1)	0% / 60.28%	16753
រងាន់	0.093 / (1)	0% / 60.28%	16754
ជលាស័យ	0.093 / (1)	0% / 60.28%	16755
មោះហ្មង	0.093 / (1)	0% / 60.28%	16756
ទ្រនង់	0.093 / (1)	0% / 60.28%	16757
សុវិចិត្រ	0.093 / (1)	0% / 60.28%	16758
គាប់ប្រសើរ	0.093 / (1)	0% / 60.28%	16759
បញ្ច្រាសផ្លូវ	0.093 / (1)	0% / 60.28%	16760
ផ្ទាស់	0.093 / (1)	0% / 60.28%	16761
សុភវិនិច្ឆ័យ	0.093 / (1)	0% / 60.28%	16762
បោយដៃ	0.093 / (1)	0% / 60.28%	16763
រង្កៀក	0.093 / (1)	0% / 60.28%	16764
ចមពង្ស	0.093 / (1)	0% / 60.28%	16765
រាជកុមារ	0.093 / (1)	0% / 60.28%	16766
ជួយគ្នា	0.093 / (1)	0% / 60.28%	16767
ស័ក្តិយស	0.093 / (1)	0% / 60.28%	16768
ហ៊្វា	0.093 / (1)	0% / 60.28%	16769
បច្ឆា	0.093 / (1)	0% / 60.28%	16770
មួកសំបុក	0.093 / (1)	0% / 60.28%	16771
ថ្នាំសម្លាប់សត្វល្អិត	0.093 / (1)	0% / 60.28%	16772
ជាឯកតោភាគី	0.093 / (1)	0% / 60.28%	16773
ថាម្តេច?	0.093 / (1)	0% / 60.28%	16774
ប្រជាពលករ	0.093 / (1)	0% / 60.28%	16775
ទោន	0.093 / (1)	0% / 60.28%	16776
កាយសិក្សា	0.093 / (1)	0% / 60.28%	16777
ទើសទាក់	0.093 / (1)	0% / 60.28%	16778
មើលស្រាល	0.093 / (1)	0% / 60.28%	16779
ខ្លែងស្រាក	0.093 / (1)	0% / 60.28%	16780
ស្រែប្រាំង	0.093 / (1)	0% / 60.28%	16781
ធំមុខ	0.093 / (1)	0% / 60.28%	16782
ទន្ទាប	0.093 / (1)	0% / 60.28%	16783
គិលានុបដ្ឋាយិកា	0.093 / (1)	0% / 60.28%	16784
បែរបែក	0.093 / (1)	0% / 60.28%	16785
ដាក់ជាមួយ	0.093 / (1)	0% / 60.28%	16786
ហាត់ទាហាន	0.093 / (1)	0% / 60.28%	16787
អសារទ្រព្យ	0.093 / (1)	0% / 60.28%	16788
សម្ញេញ	0.093 / (1)	0% / 60.28%	16789
ទូទ័រ	0.093 / (1)	0% / 60.28%	16790
ច្រើនគ្រា	0.093 / (1)	0% / 60.28%	16791
បារៀន	0.093 / (1)	0% / 60.28%	16792
វិវឌ្ឍនភាព	0.093 / (1)	0% / 60.28%	16793
កំណត់ន័យ	0.093 / (1)	0% / 60.28%	16794
ស្ញោរ	0.093 / (1)	0% / 60.28%	16795
គូកំណាន់	0.093 / (1)	0% / 60.28%	16796
កថាខ័ណ្ឌ	0.093 / (1)	0% / 60.28%	16797
អញ្ចោះ	0.093 / (1)	0% / 60.28%	16798
សក់ជ្រង	0.093 / (1)	0% / 60.28%	16799
រៀបអភិសេក	0.093 / (1)	0% / 60.28%	16800
សមាជិកព្រឹទ្ធសភា	0.093 / (1)	0% / 60.28%	16801
សូភាព	0.093 / (1)	0% / 60.28%	16802
សណ្ដែកបាយ	0.093 / (1)	0% / 60.28%	16803
អ្នកសាង	0.093 / (1)	0% / 60.28%	16804
ព្រួក	0.093 / (1)	0% / 60.28%	16805
សត្វពាហណៈ	0.093 / (1)	0% / 60.28%	16806
ទូរន់	0.093 / (1)	0% / 60.28%	16807
បំពានច្បាប់	0.093 / (1)	0% / 60.28%	16808
មឺត	0.093 / (1)	0% / 60.28%	16809
ឧទរិយំ	0.093 / (1)	0% / 60.28%	16810
ក្រញឹង	0.093 / (1)	0% / 60.28%	16811
អសប្បុរស	0.093 / (1)	0% / 60.28%	16812
ចោមចាប់	0.093 / (1)	0% / 60.28%	16813
រលត់ខន្ធ	0.093 / (1)	0% / 60.28%	16814
តារាវិថី	0.093 / (1)	0% / 60.28%	16815
ត្រូវពិត	0.093 / (1)	0% / 60.28%	16816
គំរាំង	0.093 / (1)	0% / 60.28%	16817
ល្ហក់	0.093 / (1)	0% / 60.28%	16818
ខ្ញុំករុណា	0.093 / (1)	0% / 60.28%	16819
សំយេះ	0.093 / (1)	0% / 60.28%	16820
ហាក់នឹង	0.093 / (1)	0% / 60.28%	16821
ពហុបច្ចេកទេស	0.093 / (1)	0% / 60.28%	16822
ភ័ព្វព្រេង	0.093 / (1)	0% / 60.28%	16823
បង្ហុយ	0.093 / (1)	0% / 60.28%	16824
មណ្ឌប	0.093 / (1)	0% / 60.28%	16825
អ្នកទស្សន៍ទាយ	0.093 / (1)	0% / 60.28%	16826
ក្រៅច្បាប់	0.093 / (1)	0% / 60.28%	16827
ចណ្ឌាល	0.093 / (1)	0% / 60.28%	16828
ព្រះពិរុណ	0.093 / (1)	0% / 60.28%	16829
រំលេម	0.093 / (1)	0% / 60.28%	16830
កំពាង	0.093 / (1)	0% / 60.28%	16831
សមុច្ឆេទប្បហាន	0.093 / (1)	0% / 60.28%	16832
បដិបទា	0.093 / (1)	0% / 60.28%	16833
ស្រូតរូត	0.093 / (1)	0% / 60.28%	16834
រលម	0.093 / (1)	0% / 60.28%	16835
វានេះ	0.093 / (1)	0% / 60.28%	16836
ញ៉ុកមាត់	0.093 / (1)	0% / 60.28%	16837
ចងការប្រាក់	0.093 / (1)	0% / 60.28%	16838
ប្រីតា	0.093 / (1)	0% / 60.28%	16839
ទឹកគ្រឿង	0.093 / (1)	0% / 60.28%	16840
ប្រទីបជ្វាលា	0.093 / (1)	0% / 60.28%	16841
ក្សេត្រសាស្ត្រ	0.093 / (1)	0% / 60.28%	16842
អនេកប្បការ	0.093 / (1)	0% / 60.28%	16843
អ្នកមានសីល	0.093 / (1)	0% / 60.28%	16844
សុត្តន្តបិដក	0.093 / (1)	0% / 60.28%	16845
ត្រស់	0.093 / (1)	0% / 60.28%	16846
ក្រង់	0.093 / (1)	0% / 60.28%	16847
រាជឱង្ការ	0.093 / (1)	0% / 60.28%	16848
យៅវ	0.093 / (1)	0% / 60.28%	16849
ពាជី	0.093 / (1)	0% / 60.28%	16850
ខ្វោក	0.093 / (1)	0% / 60.28%	16851
បុញ្ញានុភាព	0.093 / (1)	0% / 60.28%	16852
ចំទួយ	0.093 / (1)	0% / 60.28%	16853
ព្រៃម៉ាគី	0.093 / (1)	0% / 60.28%	16854
ក្ឌូង	0.093 / (1)	0% / 60.28%	16855
វិភាព	0.093 / (1)	0% / 60.28%	16856
ឱត្តប្បៈ	0.093 / (1)	0% / 60.28%	16857
សព៌ាង្គកាយ	0.093 / (1)	0% / 60.28%	16858
ខិង	0.093 / (1)	0% / 60.28%	16859
និគ្រោធ	0.093 / (1)	0% / 60.28%	16860
ចាំបណ្ដាំ	0.093 / (1)	0% / 60.28%	16861
ស្បែកជើងកង់ឡាន	0.093 / (1)	0% / 60.28%	16862
បដិកូល	0.093 / (1)	0% / 60.28%	16863
សញ្ញាប័ត្រកិត្តិយស	0.093 / (1)	0% / 60.28%	16864
មាន់ប្រជល់	0.093 / (1)	0% / 60.28%	16865
សុទ្ធចិត្ត	0.093 / (1)	0% / 60.28%	16866
រងើ	0.093 / (1)	0% / 60.28%	16867
វិតក្កចរិត	0.093 / (1)	0% / 60.28%	16868
ស្តាយជីវិត	0.093 / (1)	0% / 60.28%	16869
ច្រហោង	0.093 / (1)	0% / 60.28%	16870
អធន	0.093 / (1)	0% / 60.28%	16871
ង៉េមង៉ាម	0.093 / (1)	0% / 60.28%	16872
រទីស	0.093 / (1)	0% / 60.28%	16873
ព្រះចៅអធិរាជ	0.093 / (1)	0% / 60.28%	16874
នឹមនួន	0.093 / (1)	0% / 60.28%	16875
ជ្រនីក	0.093 / (1)	0% / 60.28%	16876
ការតឹងតែង	0.093 / (1)	0% / 60.28%	16877
សង្គមូបនីយកម្ម	0.093 / (1)	0% / 60.28%	16878
ប្រណាំងទូក	0.093 / (1)	0% / 60.28%	16879
ដួលបះជើង	0.093 / (1)	0% / 60.28%	16880
ដើមទាល់	0.093 / (1)	0% / 60.28%	16881
ពូជស្រូវ	0.093 / (1)	0% / 60.28%	16882
នឹករលឹកដល់	0.093 / (1)	0% / 60.28%	16883
សាយកូន	0.093 / (1)	0% / 60.28%	16884
មោហ៍	0.093 / (1)	0% / 60.28%	16885
វនស្បតិ	0.093 / (1)	0% / 60.28%	16886
ស្ទើត	0.093 / (1)	0% / 60.28%	16887
គេហកិច្ច	0.093 / (1)	0% / 60.28%	16888
ត្រៃវេទ	0.093 / (1)	0% / 60.28%	16889
ឈ្លៀស	0.093 / (1)	0% / 60.28%	16890
អមិត្រ	0.093 / (1)	0% / 60.28%	16891
កញ្ចុំ	0.093 / (1)	0% / 60.28%	16892
រៀនអក្សរ	0.093 / (1)	0% / 60.28%	16893
ស្កុន	0.093 / (1)	0% / 60.28%	16894
ស្ងួនគ្រង	0.093 / (1)	0% / 60.28%	16895
ប្រាក់ចំណាយ	0.093 / (1)	0% / 60.28%	16896
រាប់ថាជា	0.093 / (1)	0% / 60.28%	16897
ប្រាយប្រាប់	0.093 / (1)	0% / 60.28%	16898
រាជយាន	0.093 / (1)	0% / 60.28%	16899
វៀះ	0.093 / (1)	0% / 60.28%	16900
យំយែក	0.093 / (1)	0% / 60.28%	16901
គិតងាយ	0.093 / (1)	0% / 60.28%	16902
ឆ្កឹង	0.093 / (1)	0% / 60.28%	16903
ឱហាត	0.093 / (1)	0% / 60.28%	16904
ខាតដើម	0.093 / (1)	0% / 60.28%	16905
បុប្ផាជាតិ	0.093 / (1)	0% / 60.28%	16906
លំបាកលំបិន	0.093 / (1)	0% / 60.28%	16907
ជ្វីស	0.093 / (1)	0% / 60.28%	16908
ទប់ទំនប់	0.093 / (1)	0% / 60.28%	16909
សៃយាសន៍	0.093 / (1)	0% / 60.28%	16910
ហិង្គុល	0.093 / (1)	0% / 60.28%	16911
សាហ័ស	0.093 / (1)	0% / 60.28%	16912
បិទប្រកាស	0.093 / (1)	0% / 60.28%	16913
ធ្វើចំការ	0.093 / (1)	0% / 60.28%	16914
ប្រឹងតែ	0.093 / (1)	0% / 60.28%	16915
ឲ្យឈឹង	0.093 / (1)	0% / 60.28%	16916
ប្រិច	0.093 / (1)	0% / 60.28%	16917
ចេញឈ្មោះ	0.093 / (1)	0% / 60.28%	16918
ខិតចូល	0.093 / (1)	0% / 60.28%	16919
សម្រែ	0.093 / (1)	0% / 60.28%	16920
កន្ទិន	0.093 / (1)	0% / 60.28%	16921
វិជិតមារ	0.093 / (1)	0% / 60.28%	16922
យានកម្ម	0.093 / (1)	0% / 60.28%	16923
គគឹក	0.093 / (1)	0% / 60.28%	16924
លហុភណ្ឌ	0.093 / (1)	0% / 60.28%	16925
កូនកំព្រា	0.093 / (1)	0% / 60.28%	16926
ឆីឆ	0.093 / (1)	0% / 60.28%	16927
អវមាន	0.093 / (1)	0% / 60.28%	16928
មុខស្អាត	0.093 / (1)	0% / 60.28%	16929
បូញមាត់	0.093 / (1)	0% / 60.28%	16930
ទិសស្លោក	0.093 / (1)	0% / 60.28%	16931
ផ្សិង	0.093 / (1)	0% / 60.28%	16932
អាលុយមីញ៉ូម	0.093 / (1)	0% / 60.28%	16933
ស្ប៉ាប	0.093 / (1)	0% / 60.28%	16934
គោង	0.093 / (1)	0% / 60.28%	16935
ផ្ងំ	0.093 / (1)	0% / 60.28%	16936
គ្រូពេទ្យធ្មេញ	0.093 / (1)	0% / 60.28%	16937
បុញ្ញ	0.093 / (1)	0% / 60.28%	16938
ប្រយូរ	0.093 / (1)	0% / 60.28%	16939
ល្មមទៅ	0.093 / (1)	0% / 60.28%	16940
ពីអង្កាល់	0.093 / (1)	0% / 60.28%	16941
ធម្មនិយាម	0.093 / (1)	0% / 60.28%	16942
ហេតុម៉េច	0.093 / (1)	0% / 60.28%	16943
ជាតិគីមី	0.093 / (1)	0% / 60.28%	16944
ឥស្សរិយ	0.093 / (1)	0% / 60.28%	16945
ប្រកាសន៍	0.093 / (1)	0% / 60.28%	16946
មនោរថ	0.093 / (1)	0% / 60.28%	16947
កទ័ព	0.093 / (1)	0% / 60.28%	16948
អសាធារណៈ	0.093 / (1)	0% / 60.28%	16949
នាគេន្ទ្រ	0.093 / (1)	0% / 60.28%	16950
រួតរឹត	0.093 / (1)	0% / 60.28%	16951
ហោត្រ័យ	0.093 / (1)	0% / 60.28%	16952
ស្លេវ	0.093 / (1)	0% / 60.28%	16953
ចិញ្ចឹមខ្លួន	0.093 / (1)	0% / 60.28%	16954
អំពល់ទុក្ខ	0.093 / (1)	0% / 60.28%	16955
កង្កួញ	0.093 / (1)	0% / 60.28%	16956
បោះត្រា	0.093 / (1)	0% / 60.28%	16957
កខុប	0.093 / (1)	0% / 60.28%	16958
ចាក់ចុច	0.093 / (1)	0% / 60.28%	16959
ប្រជ្រុយ	0.093 / (1)	0% / 60.28%	16960
យាមា	0.093 / (1)	0% / 60.28%	16961
សុណិសា	0.093 / (1)	0% / 60.28%	16962
ប្រកាសប្រាប់	0.093 / (1)	0% / 60.28%	16963
វាជី	0.093 / (1)	0% / 60.28%	16964
ល្ហាច	0.093 / (1)	0% / 60.28%	16965
ផ្ទះចិន	0.093 / (1)	0% / 60.28%	16966
អន្តិច	0.093 / (1)	0% / 60.28%	16967
គ្រលួច	0.093 / (1)	0% / 60.28%	16968
រូបវន្តបុគ្គល	0.093 / (1)	0% / 60.28%	16969
អធិការបតី	0.093 / (1)	0% / 60.28%	16970
ពិភពនាគ	0.093 / (1)	0% / 60.28%	16971
អាក្រក់ក៏ដោយ	0.093 / (1)	0% / 60.28%	16972
សិនិទ្ធភាព	0.093 / (1)	0% / 60.28%	16973
ស្រឡឺកឺ	0.093 / (1)	0% / 60.28%	16974
ឥទ្ធានុភាព	0.093 / (1)	0% / 60.28%	16975
ពហូ	0.093 / (1)	0% / 60.28%	16976
គគ្រាំគគ្រេង	0.093 / (1)	0% / 60.28%	16977
មានចិត្តលើ	0.093 / (1)	0% / 60.28%	16978
អភិណ្ហ	0.093 / (1)	0% / 60.28%	16979
ក្បាលទូក	0.093 / (1)	0% / 60.28%	16980
លក់ថ្លៃ	0.093 / (1)	0% / 60.28%	16981
ប្រឋពី	0.093 / (1)	0% / 60.28%	16982
តបះ	0.093 / (1)	0% / 60.28%	16983
សេចក្តីអំណរ	0.093 / (1)	0% / 60.28%	16984
ប្រសិទ្ធិនាម	0.093 / (1)	0% / 60.28%	16985
សង្ឃទាន	0.093 / (1)	0% / 60.28%	16986
ស្ពៅ	0.093 / (1)	0% / 60.28%	16987
មានវិបរិត	0.093 / (1)	0% / 60.28%	16988
ប្រភាស	0.093 / (1)	0% / 60.28%	16989
ប្រក់ផ្ទះ	0.093 / (1)	0% / 60.28%	16990
ច្រើនអនេក	0.093 / (1)	0% / 60.28%	16991
ឆ្មូល	0.093 / (1)	0% / 60.28%	16992
រក្សសី	0.093 / (1)	0% / 60.28%	16993
ហាលអាវ	0.093 / (1)	0% / 60.28%	16994
ងក់ក្បាល	0.093 / (1)	0% / 60.28%	16995
អែបអប	0.093 / (1)	0% / 60.28%	16996
ក្ដៅស្អុះ	0.093 / (1)	0% / 60.28%	16997
មេកាព្យ	0.093 / (1)	0% / 60.28%	16998
រូបអាក្រក់	0.093 / (1)	0% / 60.28%	16999
កន្តែរ៉ែ	0.093 / (1)	0% / 60.28%	17000
សម្គម	0.093 / (1)	0% / 60.28%	17001
ថ្នាំលេប	0.093 / (1)	0% / 60.28%	17002
ជំពាក់ប្រាក់គេ	0.093 / (1)	0% / 60.28%	17003
បណ្ដាលហេតុ	0.093 / (1)	0% / 60.28%	17004
ជ្រាបចូល	0.093 / (1)	0% / 60.28%	17005
ចូឡាមណី	0.093 / (1)	0% / 60.28%	17006
ខ្នាន់	0.093 / (1)	0% / 60.28%	17007
ខោក	0.093 / (1)	0% / 60.28%	17008
ស្រមើង	0.093 / (1)	0% / 60.28%	17009
ប្រជានិករ	0.093 / (1)	0% / 60.28%	17010
ឆ្កែឆ្កួត	0.093 / (1)	0% / 60.28%	17011
ដលោក	0.093 / (1)	0% / 60.28%	17012
ជង្ឃា	0.093 / (1)	0% / 60.28%	17013
ស៊ីតូច	0.093 / (1)	0% / 60.28%	17014
យ៉ាដាំ	0.093 / (1)	0% / 60.28%	17015
ទុក្កដ	0.093 / (1)	0% / 60.28%	17016
ព្រឹកព្រហាម	0.093 / (1)	0% / 60.28%	17017
ប្លូច	0.093 / (1)	0% / 60.28%	17018
សញ្ញានិរោធ	0.093 / (1)	0% / 60.28%	17019
វិសុទ្ធមគ្គ	0.093 / (1)	0% / 60.28%	17020
សមណគោតម	0.093 / (1)	0% / 60.28%	17021
ប្រមុំ	0.093 / (1)	0% / 60.28%	17022
របាល	0.093 / (1)	0% / 60.28%	17023
ដែលថាមិន	0.093 / (1)	0% / 60.28%	17024
សកទាគាមិ	0.093 / (1)	0% / 60.28%	17025
ជាប់ការ	0.093 / (1)	0% / 60.28%	17026
សុគតិភព	0.093 / (1)	0% / 60.28%	17027
បាតជើង	0.093 / (1)	0% / 60.28%	17028
អាសិរពិស	0.093 / (1)	0% / 60.28%	17029
ណូរី	0.093 / (1)	0% / 60.28%	17030
រោគភាព	0.093 / (1)	0% / 60.28%	17031
ស្រណោះស្រណោក	0.093 / (1)	0% / 60.28%	17032
រដ្ឋបុរស	0.093 / (1)	0% / 60.28%	17033
សំព្រុះ	0.093 / (1)	0% / 60.28%	17034
លើកបាយ	0.093 / (1)	0% / 60.28%	17035
កត់ទុក	0.093 / (1)	0% / 60.28%	17036
ដាក់ដៃ	0.093 / (1)	0% / 60.28%	17037
ហៀរសំបោរ	0.093 / (1)	0% / 60.28%	17038
ប្រយ័ត្នក្រែង	0.093 / (1)	0% / 60.28%	17039
ច្រើនម្ល៉េះ	0.093 / (1)	0% / 60.28%	17040
យំទួញ	0.093 / (1)	0% / 60.28%	17041
កុំថាអី	0.093 / (1)	0% / 60.28%	17042
ម្ញែក	0.093 / (1)	0% / 60.28%	17043
អ្នករំលោភអំណាច	0.093 / (1)	0% / 60.28%	17044
រអៀសខ្លួន	0.093 / (1)	0% / 60.28%	17045
ដើរលេងសប្បាយ	0.093 / (1)	0% / 60.28%	17046
ក្រអូបសាយ	0.093 / (1)	0% / 60.28%	17047
រំសាយកន្ទុយ	0.093 / (1)	0% / 60.28%	17048
ឧសា	0.093 / (1)	0% / 60.28%	17049
ឧភតោ	0.093 / (1)	0% / 60.28%	17050
បាត់ឈ្មោះ	0.093 / (1)	0% / 60.28%	17051
ស្មសាន	0.093 / (1)	0% / 60.28%	17052
កុឡា	0.093 / (1)	0% / 60.28%	17053
ពាក្យជួន	0.093 / (1)	0% / 60.28%	17054
ចំណូលចិត្ត	0.093 / (1)	0% / 60.28%	17055
ឲ្យរង្វាន់	0.093 / (1)	0% / 60.28%	17056
លុយរាយ	0.093 / (1)	0% / 60.28%	17057
រស្ស	0.093 / (1)	0% / 60.28%	17058
ឡើងប្រាក់ខែ	0.093 / (1)	0% / 60.28%	17059
ផ្ដែផ្ដាំ	0.093 / (1)	0% / 60.28%	17060
ច្រកភ្នំ	0.093 / (1)	0% / 60.28%	17061
មានត្រកូល	0.093 / (1)	0% / 60.28%	17062
វាលខ្សាច់	0.093 / (1)	0% / 60.28%	17063
ញាក់ភ្នែក	0.093 / (1)	0% / 60.28%	17064
ដោយគូ	0.093 / (1)	0% / 60.28%	17065
យូដូ	0.093 / (1)	0% / 60.28%	17066
វិមតិ	0.093 / (1)	0% / 60.28%	17067
ខ្ជោក	0.093 / (1)	0% / 60.28%	17068
ស្រលាំងកាំង	0.093 / (1)	0% / 60.28%	17069
ព្រួយចិត្ត	0.093 / (1)	0% / 60.28%	17070
ក្រេបជញ្ជក់	0.093 / (1)	0% / 60.28%	17071
សព្វរោគ	0.093 / (1)	0% / 60.28%	17072
ដុំឥដ្ឋ	0.093 / (1)	0% / 60.28%	17073
មកសួរសុខទុក្ខ	0.093 / (1)	0% / 60.28%	17074
អាខ្មៅ	0.093 / (1)	0% / 60.28%	17075
បិយវាចា	0.093 / (1)	0% / 60.28%	17076
សុខក្សេម	0.093 / (1)	0% / 60.28%	17077
សន្ធ្យា	0.093 / (1)	0% / 60.28%	17078
ម៉ូក	0.093 / (1)	0% / 60.28%	17079
វិធិ	0.093 / (1)	0% / 60.28%	17080
យោនី	0.093 / (1)	0% / 60.28%	17081
តេឡេ	0.093 / (1)	0% / 60.28%	17082
ថ្នាំត្រជាក់	0.093 / (1)	0% / 60.28%	17083
បង្កើច	0.093 / (1)	0% / 60.28%	17084
អ្នកចេះអក្សរ	0.093 / (1)	0% / 60.28%	17085
កម្មអកុសល	0.093 / (1)	0% / 60.28%	17086
និយាយឲ្យខ្លី	0.093 / (1)	0% / 60.28%	17087
គាប់ចិត្ត	0.093 / (1)	0% / 60.28%	17088
សំពត់ចងក្បិន	0.093 / (1)	0% / 60.28%	17089
ប្រសិទ្ធិ៍	0.093 / (1)	0% / 60.28%	17090
រីរា	0.093 / (1)	0% / 60.28%	17091
ស្មេញ	0.093 / (1)	0% / 60.28%	17092
រាជហឫទ័យ	0.093 / (1)	0% / 60.28%	17093
អក្ខរវិធី	0.093 / (1)	0% / 60.28%	17094
កំរើប	0.093 / (1)	0% / 60.28%	17095
ពិតទូល	0.093 / (1)	0% / 60.28%	17096
ទូងស្គរ	0.093 / (1)	0% / 60.28%	17097
ទន្ទាំ	0.093 / (1)	0% / 60.28%	17098
សព្វញ្ញុពុទ្ធ	0.093 / (1)	0% / 60.28%	17099
កំលុងពេល	0.093 / (1)	0% / 60.28%	17100
តក្កវិជ្ជា	0.093 / (1)	0% / 60.28%	17101
អវគ្គ	0.093 / (1)	0% / 60.28%	17102
ដើរដំណើរ	0.093 / (1)	0% / 60.28%	17103
សសួរ	0.093 / (1)	0% / 60.28%	17104
ស្បិត	0.093 / (1)	0% / 60.28%	17105
ផ្លាក់	0.093 / (1)	0% / 60.28%	17106
ក្រសែត	0.093 / (1)	0% / 60.28%	17107
បព្វាជនីយកម្ម	0.093 / (1)	0% / 60.28%	17108
បង្គរ	0.093 / (1)	0% / 60.28%	17109
ក្រសួងធម្មការ	0.093 / (1)	0% / 60.28%	17110
អំបូង	0.093 / (1)	0% / 60.28%	17111
សាយភោជន	0.093 / (1)	0% / 60.28%	17112
បត់ជើងតូច	0.093 / (1)	0% / 60.28%	17113
ក្រេម	0.093 / (1)	0% / 60.28%	17114
សព្វជាតិ	0.093 / (1)	0% / 60.28%	17115
ចំហៀវ	0.093 / (1)	0% / 60.28%	17116
ជក់ដៃ	0.093 / (1)	0% / 60.28%	17117
លឿនរូ	0.093 / (1)	0% / 60.28%	17118
ស្នែហា	0.093 / (1)	0% / 60.28%	17119
បាចា	0.093 / (1)	0% / 60.28%	17120
ក្រខ្វក់	0.093 / (1)	0% / 60.28%	17121
ប្រចុបប្រចែង	0.093 / (1)	0% / 60.28%	17122
ដូរ្យតន្ត្រី	0.093 / (1)	0% / 60.28%	17123
អ្នកបំភ្លឺ	0.093 / (1)	0% / 60.28%	17124
អ្ហង	0.093 / (1)	0% / 60.28%	17125
ចិញ្ចែងចិញ្ចាច	0.093 / (1)	0% / 60.28%	17126
ចិត្តតិច	0.093 / (1)	0% / 60.28%	17127
សម្រួលការ	0.093 / (1)	0% / 60.28%	17128
រឹតចំណង	0.093 / (1)	0% / 60.28%	17129
សំរេចវាសនា	0.093 / (1)	0% / 60.28%	17130
បកតិ	0.093 / (1)	0% / 60.28%	17131
ពិសេសពិសុទ្ធ	0.093 / (1)	0% / 60.28%	17132
ប្រើអំណាច	0.093 / (1)	0% / 60.28%	17133
ហិចហើរ	0.093 / (1)	0% / 60.28%	17134
ឆ្នាំទៅមិញ	0.093 / (1)	0% / 60.28%	17135
បន្សុត	0.093 / (1)	0% / 60.28%	17136
ឯកភាពជាតិ	0.093 / (1)	0% / 60.28%	17137
ស្មារតីរឹង	0.093 / (1)	0% / 60.28%	17138
មេទឹក	0.093 / (1)	0% / 60.28%	17139
កំចាយមារ	0.093 / (1)	0% / 60.28%	17140
ប្រព្រឹត្តិការណ៍	0.093 / (1)	0% / 60.28%	17141
ដកងារ	0.093 / (1)	0% / 60.28%	17142
ជំនឿន	0.093 / (1)	0% / 60.28%	17143
កុំថាតែ	0.093 / (1)	0% / 60.28%	17144
រាជគជេន្ទ្រ	0.093 / (1)	0% / 60.28%	17145
លំដាប់នោះ	0.093 / (1)	0% / 60.28%	17146
ចិត្តសឿង	0.093 / (1)	0% / 60.28%	17147
ហូរកាត់	0.093 / (1)	0% / 60.28%	17148
ឆ្នាំខាល	0.093 / (1)	0% / 60.28%	17149
ពេទ្យសត្វ	0.093 / (1)	0% / 60.28%	17150
ទ្រមឹង	0.093 / (1)	0% / 60.28%	17151
អ្នកគ្រាន់បើ	0.093 / (1)	0% / 60.28%	17152
សមចិត្ត	0.093 / (1)	0% / 60.28%	17153
ទ្មិល	0.093 / (1)	0% / 60.28%	17154
លក់ឈ្មោះ	0.093 / (1)	0% / 60.28%	17155
ចាយប្រាក់	0.093 / (1)	0% / 60.28%	17156
ស្មេ	0.093 / (1)	0% / 60.28%	17157
ទង្គុក	0.093 / (1)	0% / 60.28%	17158
អ្នករុករក	0.093 / (1)	0% / 60.28%	17159
កាមកិលេស	0.093 / (1)	0% / 60.28%	17160
មនុស្សពាល	0.093 / (1)	0% / 60.28%	17161
មាសស្ងួន	0.093 / (1)	0% / 60.28%	17162
បរិសា	0.093 / (1)	0% / 60.28%	17163
ជឿចិត្ត	0.093 / (1)	0% / 60.28%	17164
ស្នែ	0.093 / (1)	0% / 60.28%	17165
បាយថ្ងៃត្រង់	0.093 / (1)	0% / 60.28%	17166
រលកធាតុអាកាស	0.093 / (1)	0% / 60.28%	17167
ពួកកុម្មុយនិស្ត	0.093 / (1)	0% / 60.28%	17168
រល់	0.093 / (1)	0% / 60.28%	17169
ប្រៀបប្រដូច	0.093 / (1)	0% / 60.28%	17170
ព្រហ្មគីតិ	0.093 / (1)	0% / 60.28%	17171
គគ្រឹម	0.093 / (1)	0% / 60.28%	17172
រួចអស់ហើយ	0.093 / (1)	0% / 60.28%	17173
ល្ងើពកថ្ងាស	0.093 / (1)	0% / 60.28%	17174
ជិវ្ហា	0.093 / (1)	0% / 60.28%	17175
ជលយាន	0.093 / (1)	0% / 60.28%	17176
តបតរក	0.093 / (1)	0% / 60.28%	17177
ឆ្លងព្រះវិហារ	0.093 / (1)	0% / 60.28%	17178
ចាប់គ្នា	0.093 / (1)	0% / 60.28%	17179
ធម្មាធិដ្ឋាន	0.093 / (1)	0% / 60.28%	17180
តយង៉យ	0.093 / (1)	0% / 60.28%	17181
ដិល	0.093 / (1)	0% / 60.28%	17182
អាណុង	0.093 / (1)	0% / 60.28%	17183
ដើមចម	0.093 / (1)	0% / 60.28%	17184
អញ្ញាត	0.093 / (1)	0% / 60.28%	17185
អាចម	0.093 / (1)	0% / 60.28%	17186
ញាតិសន្តាន	0.093 / (1)	0% / 60.28%	17187
អាយុដំណាលគ្នា	0.093 / (1)	0% / 60.28%	17188
ដាក់ខែ	0.093 / (1)	0% / 60.28%	17189
កល្យាណី	0.093 / (1)	0% / 60.28%	17190
ចោរព្រៃ	0.093 / (1)	0% / 60.28%	17191
ទេពអប្សរ	0.093 / (1)	0% / 60.28%	17192
ពេចពិល	0.093 / (1)	0% / 60.28%	17193
អាយុ៥០ឆ្នាំ	0.093 / (1)	0% / 60.28%	17194
ទទួលទានទឹក	0.093 / (1)	0% / 60.28%	17195
ភារត	0.093 / (1)	0% / 60.28%	17196
ងោកងុយ	0.093 / (1)	0% / 60.28%	17197
បត្យាប័ន	0.093 / (1)	0% / 60.28%	17198
យុវរាជ	0.093 / (1)	0% / 60.28%	17199
ព្រះករុណាជាអម្ចាស់ជីវិតលើត្បូង	0.093 / (1)	0% / 60.28%	17200
ការលូតលាស់	0.093 / (1)	0% / 60.28%	17201
មុនិន្ទ	0.093 / (1)	0% / 60.28%	17202
ព្រល	0.093 / (1)	0% / 60.28%	17203
លុះណាតែ	0.093 / (1)	0% / 60.28%	17204
រាមសូរ	0.093 / (1)	0% / 60.28%	17205
ខ្នប់	0.093 / (1)	0% / 60.28%	17206
វិសមិត	0.093 / (1)	0% / 60.28%	17207
អតិសុខុមប្រាណ	0.093 / (1)	0% / 60.28%	17208
ភ្នក់ភ្លើងទាំងបី	0.093 / (1)	0% / 60.28%	17209
ផរុស	0.093 / (1)	0% / 60.28%	17210
ក្រសាវ	0.093 / (1)	0% / 60.28%	17211
អាភរណ៍	0.093 / (1)	0% / 60.28%	17212
ត្រឡាំង	0.093 / (1)	0% / 60.28%	17213
បាយាប	0.093 / (1)	0% / 60.28%	17214
ត្រឡុង	0.093 / (1)	0% / 60.28%	17215
សុញ្ញាគារ	0.093 / (1)	0% / 60.28%	17216
លទ្ធិព្រាហ្មណ៍	0.093 / (1)	0% / 60.28%	17217
វរចក្រ	0.093 / (1)	0% / 60.28%	17218
ដល់ថ្នាក់ហ្នឹងហើយ	0.093 / (1)	0% / 60.28%	17219
ចុះមួល	0.093 / (1)	0% / 60.28%	17220
ថ្និតថ្នម	0.093 / (1)	0% / 60.28%	17221
គ្រឿងឧបភោគ	0.093 / (1)	0% / 60.28%	17222
ប្រមង់	0.093 / (1)	0% / 60.28%	17223
សភានាយក	0.093 / (1)	0% / 60.28%	17224
រែងតែ	0.093 / (1)	0% / 60.28%	17225
រាជលញ្ឆករ	0.093 / (1)	0% / 60.28%	17226
ឧច្ចារៈ	0.093 / (1)	0% / 60.28%	17227
ក្លាស់	0.093 / (1)	0% / 60.28%	17228
ចង្ក្រានបាយ	0.093 / (1)	0% / 60.28%	17229
ជើងទាន	0.093 / (1)	0% / 60.28%	17230
ស្រែកអបអរសាទរ	0.093 / (1)	0% / 60.28%	17231
ហ្នា៎	0.093 / (1)	0% / 60.28%	17232
បច្ចេកស័ព្ទ	0.093 / (1)	0% / 60.28%	17233
ស្លាបក្ដោង	0.093 / (1)	0% / 60.28%	17234
ទាបមុខ	0.093 / (1)	0% / 60.28%	17235
រូបអង្គ	0.093 / (1)	0% / 60.28%	17236
ហ៊ៅ	0.093 / (1)	0% / 60.28%	17237
មើលខ្លួន	0.093 / (1)	0% / 60.28%	17238
ថុច	0.093 / (1)	0% / 60.28%	17239
ពេលប្រជុំ	0.093 / (1)	0% / 60.28%	17240
សាមញ្ញជន	0.093 / (1)	0% / 60.28%	17241
ខ្ចីឲ្យ	0.093 / (1)	0% / 60.28%	17242
ស្រេចតែលើ	0.093 / (1)	0% / 60.28%	17243
ចង្គ្រាង	0.093 / (1)	0% / 60.28%	17244
ខុយ	0.093 / (1)	0% / 60.28%	17245
តែងកាព្យ	0.093 / (1)	0% / 60.28%	17246
ឥតស្បើយ	0.093 / (1)	0% / 60.28%	17247
ប្រួញ	0.093 / (1)	0% / 60.28%	17248
បាក់បប	0.093 / (1)	0% / 60.28%	17249
ទឹកសន្សើម	0.093 / (1)	0% / 60.28%	17250
បាយឡុកបាយឡ	0.093 / (1)	0% / 60.28%	17251
ទទ្រាក់	0.093 / (1)	0% / 60.28%	17252
សម្លូត	0.093 / (1)	0% / 60.28%	17253
រលឿ	0.093 / (1)	0% / 60.28%	17254
ខាប	0.093 / (1)	0% / 60.28%	17255
វនាល័យ	0.093 / (1)	0% / 60.28%	17256
កតញ្ញូតា	0.093 / (1)	0% / 60.28%	17257
យកតម្រាប់តាម	0.093 / (1)	0% / 60.28%	17258
មេត្តាប្រោស	0.093 / (1)	0% / 60.28%	17259
ដល់អាយុ	0.093 / (1)	0% / 60.28%	17260
ចង្អុលមុខ	0.093 / (1)	0% / 60.28%	17261
ណិល	0.093 / (1)	0% / 60.28%	17262
រាជបណ្ណាល័យ	0.093 / (1)	0% / 60.28%	17263
ភ្លេចមុខ	0.093 / (1)	0% / 60.28%	17264
ចាក់ដោត	0.093 / (1)	0% / 60.28%	17265
ចង់ភ្លៀង	0.093 / (1)	0% / 60.28%	17266
ព្យុះសង្ឃរា	0.093 / (1)	0% / 60.28%	17267
សន្តិភាវូបនីយកម្ម	0.093 / (1)	0% / 60.28%	17268
តោល	0.093 / (1)	0% / 60.28%	17269
កំណកំណើត	0.093 / (1)	0% / 60.28%	17270
ដកដៃ	0.093 / (1)	0% / 60.28%	17271
អស់ចង់	0.093 / (1)	0% / 60.28%	17272
មេទោ	0.093 / (1)	0% / 60.28%	17273
គ័រ	0.093 / (1)	0% / 60.28%	17274
ភិម	0.093 / (1)	0% / 60.28%	17275
មេថុនធម្ម	0.093 / (1)	0% / 60.28%	17276
អមច្ចា	0.093 / (1)	0% / 60.28%	17277
ននលគក	0.093 / (1)	0% / 60.28%	17278
ប្រចុប	0.093 / (1)	0% / 60.28%	17279
ជ្រលួស	0.093 / (1)	0% / 60.28%	17280
ត្របោម	0.093 / (1)	0% / 60.28%	17281
ស្រីស្នំ	0.093 / (1)	0% / 60.28%	17282
ស្មាធិ៍	0.093 / (1)	0% / 60.28%	17283
ចេញមុន	0.093 / (1)	0% / 60.28%	17284
អាម៉ីអាថោង	0.093 / (1)	0% / 60.28%	17285
ភ័ក	0.093 / (1)	0% / 60.28%	17286
កំសាន	0.093 / (1)	0% / 60.28%	17287
ស្នាមប្រេះ	0.093 / (1)	0% / 60.28%	17288
គន់គូរ	0.093 / (1)	0% / 60.28%	17289
អធោ	0.093 / (1)	0% / 60.28%	17290
ភ្លេចគុណ	0.093 / (1)	0% / 60.28%	17291
គ្រប់មាត់	0.093 / (1)	0% / 60.28%	17292
ធ្វើថ្មី	0.093 / (1)	0% / 60.28%	17293
ឆ្កាង	0.093 / (1)	0% / 60.28%	17294
លោកវិទូ	0.093 / (1)	0% / 60.28%	17295
ចិត្តត្រង់	0.093 / (1)	0% / 60.28%	17296
កុសុម	0.093 / (1)	0% / 60.28%	17297
អាប់រាសី	0.093 / (1)	0% / 60.28%	17298
ទទើសទទែង	0.093 / (1)	0% / 60.28%	17299
និយាយពីរបីម៉ាត់	0.093 / (1)	0% / 60.28%	17300
ហោព្រះ	0.093 / (1)	0% / 60.28%	17301
ពិតពិល	0.093 / (1)	0% / 60.28%	17302
ល្អាន	0.093 / (1)	0% / 60.28%	17303
បន្សារ	0.093 / (1)	0% / 60.28%	17304
សន្ថិត	0.093 / (1)	0% / 60.28%	17305
កំចាត់បង់	0.093 / (1)	0% / 60.28%	17306
សេចក្តីពិត	0.093 / (1)	0% / 60.28%	17307
គ្រូបឋមសិក្សា	0.093 / (1)	0% / 60.28%	17308
ថ្នាំបង្ការ	0.093 / (1)	0% / 60.28%	17309
មតិភាគច្រើន	0.093 / (1)	0% / 60.28%	17310
បញ្ចើច	0.093 / (1)	0% / 60.28%	17311
កណ្ដាលយប់	0.093 / (1)	0% / 60.28%	17312
សំរុត	0.093 / (1)	0% / 60.28%	17313
ទុក្ករកិរិយា	0.093 / (1)	0% / 60.28%	17314
គោបា	0.093 / (1)	0% / 60.28%	17315
និក្ខេប	0.093 / (1)	0% / 60.28%	17316
សណ្ឋានដី	0.093 / (1)	0% / 60.28%	17317
ត្រថុក	0.093 / (1)	0% / 60.28%	17318
រមឹល	0.093 / (1)	0% / 60.28%	17319
វាក្យសព្ទ	0.093 / (1)	0% / 60.28%	17320
ត្រីចង្វា	0.093 / (1)	0% / 60.28%	17321
ស្រអ័ព្ទ	0.093 / (1)	0% / 60.28%	17322
ងងឹតងងល់	0.093 / (1)	0% / 60.28%	17323
ភ្លេងជាតិ	0.093 / (1)	0% / 60.28%	17324
គៈ	0.093 / (1)	0% / 60.28%	17325
អ្នកខ្លាច	0.093 / (1)	0% / 60.28%	17326
កណ្ដៀ	0.093 / (1)	0% / 60.28%	17327
ម្រាក់	0.093 / (1)	0% / 60.28%	17328
ចត្វា	0.093 / (1)	0% / 60.28%	17329
សេចក្តីចំរើន	0.093 / (1)	0% / 60.28%	17330
លៀវ	0.093 / (1)	0% / 60.28%	17331
អាហ្ស៊ី	0.093 / (1)	0% / 60.28%	17332
ជ្រង់	0.093 / (1)	0% / 60.28%	17333
ប្រខាំ	0.093 / (1)	0% / 60.28%	17334
សាវិកា	0.093 / (1)	0% / 60.28%	17335
អកុសលធម៌	0.093 / (1)	0% / 60.28%	17336
ធម្មទូត	0.093 / (1)	0% / 60.28%	17337
បញ្ជាប់	0.093 / (1)	0% / 60.28%	17338
អន្ទងត្បាញ	0.093 / (1)	0% / 60.28%	17339
ប្រល័យជីវិត	0.093 / (1)	0% / 60.28%	17340
រោងគោ	0.093 / (1)	0% / 60.28%	17341
បន្ទាប់ពីនេះ	0.093 / (1)	0% / 60.28%	17342
គុម្ពត្រចៀក	0.093 / (1)	0% / 60.28%	17343
ដាច់មុខ	0.093 / (1)	0% / 60.28%	17344
គៃបន្លំ	0.093 / (1)	0% / 60.28%	17345
ធម្មានុរូប	0.093 / (1)	0% / 60.28%	17346
ខាំមាត់សង្កត់ចិត្ត	0.093 / (1)	0% / 60.28%	17347
ទឹកអម្រឹត	0.093 / (1)	0% / 60.28%	17348
ពួននឹង	0.093 / (1)	0% / 60.28%	17349
មធុរ	0.093 / (1)	0% / 60.28%	17350
សភាសមាជិក	0.093 / (1)	0% / 60.28%	17351
បង្កើល	0.093 / (1)	0% / 60.28%	17352
ក្បំ	0.093 / (1)	0% / 60.28%	17353
ក្ដារក្រាល	0.093 / (1)	0% / 60.28%	17354
មីកា	0.093 / (1)	0% / 60.28%	17355
រោងភាពយន្ត	0.093 / (1)	0% / 60.28%	17356
ចេកណាំវ៉ា	0.093 / (1)	0% / 60.28%	17357
និរទុក្ខ	0.093 / (1)	0% / 60.28%	17358
អង្គុយច្រហោង	0.093 / (1)	0% / 60.28%	17359
គក់ច្របាច់	0.093 / (1)	0% / 60.28%	17360
ពលព្រះ	0.093 / (1)	0% / 60.28%	17361
ឥតនឿយណាយ	0.093 / (1)	0% / 60.28%	17362
ភ្នែកស្រវាំង	0.093 / (1)	0% / 60.28%	17363
អន្ទោក	0.093 / (1)	0% / 60.28%	17364
បំផាយ	0.093 / (1)	0% / 60.28%	17365
ដណ្ដាំស្ល	0.093 / (1)	0% / 60.28%	17366
ជាំមុខ	0.093 / (1)	0% / 60.28%	17367
រួមចិត្ត	0.093 / (1)	0% / 60.28%	17368
លុយដើម	0.093 / (1)	0% / 60.28%	17369
គរហា	0.093 / (1)	0% / 60.28%	17370
ជំនា	0.093 / (1)	0% / 60.28%	17371
ច្រុង	0.093 / (1)	0% / 60.28%	17372
កូរពោះ	0.093 / (1)	0% / 60.28%	17373
ក្រហមឆ្អិនឆ្អៅ	0.093 / (1)	0% / 60.28%	17374
រពុះ	0.093 / (1)	0% / 60.28%	17375
បានដៃ	0.093 / (1)	0% / 60.28%	17376
ទឹកដម	0.093 / (1)	0% / 60.28%	17377
វិចិត្រសាល	0.093 / (1)	0% / 60.28%	17378
ក្រឡាស់	0.093 / (1)	0% / 60.28%	17379
ខ្លួនខ្មោច	0.093 / (1)	0% / 60.28%	17380
ភ័យភ្នែកស	0.093 / (1)	0% / 60.28%	17381
ឧបមៃយ	0.093 / (1)	0% / 60.28%	17382
ដល់ណាដល់ណី	0.093 / (1)	0% / 60.28%	17383
ដូម	0.093 / (1)	0% / 60.28%	17384
យកមែន	0.093 / (1)	0% / 60.28%	17385
សកាយទិដ្ឋិ	0.093 / (1)	0% / 60.28%	17386
សំរាល់	0.093 / (1)	0% / 60.28%	17387
ប្រីជាញាណ	0.093 / (1)	0% / 60.28%	17388
លោកីយ៍	0.093 / (1)	0% / 60.28%	17389
ការុញ្ញភាព	0.093 / (1)	0% / 60.28%	17390
បំពេញសេចក្តី	0.093 / (1)	0% / 60.28%	17391
សស្លើត	0.093 / (1)	0% / 60.28%	17392
រដ្ឋធម្មនូញ	0.093 / (1)	0% / 60.28%	17393
ងាំង	0.093 / (1)	0% / 60.28%	17394
ឆ្មេញ	0.093 / (1)	0% / 60.28%	17395
រាគតណ្ហា	0.093 / (1)	0% / 60.28%	17396
ភិយ្យោភាព	0.093 / (1)	0% / 60.28%	17397
អៃរ៉ា	0.093 / (1)	0% / 60.28%	17398
ងោង	0.093 / (1)	0% / 60.28%	17399
ថ្ងៃខាងមុខ	0.093 / (1)	0% / 60.28%	17400
គ្រងរាជសម្បត្តិ	0.093 / (1)	0% / 60.28%	17401
សេយ្យា	0.093 / (1)	0% / 60.28%	17402
អ្នកបង	0.093 / (1)	0% / 60.28%	17403
កំចោក	0.093 / (1)	0% / 60.28%	17404
សន្លាក់ដៃ	0.093 / (1)	0% / 60.28%	17405
មានមារយាទ	0.093 / (1)	0% / 60.28%	17406
កំព្រីកំព្រា	0.093 / (1)	0% / 60.28%	17407
អ្នកពិឃាដ	0.093 / (1)	0% / 60.28%	17408
ឲ្យណាណី	0.093 / (1)	0% / 60.28%	17409
គ្រាប់ភ្នែក	0.093 / (1)	0% / 60.28%	17410
ភ្លើងឆេះព្រៃ	0.093 / (1)	0% / 60.28%	17411
វិប្បយោគ	0.093 / (1)	0% / 60.28%	17412
របបប្រល័យពូជសាសន៍	0.093 / (1)	0% / 60.28%	17413
ប៉ប្រុន	0.093 / (1)	0% / 60.28%	17414
រង្វាល់	0.093 / (1)	0% / 60.28%	17415
មុប	0.093 / (1)	0% / 60.28%	17416
អណ្ដឺតអណ្ដក	0.093 / (1)	0% / 60.28%	17417
បំណែង	0.093 / (1)	0% / 60.28%	17418
ពងអា	0.093 / (1)	0% / 60.28%	17419
អដ្ឋសីល	0.093 / (1)	0% / 60.28%	17420
សំរេង	0.093 / (1)	0% / 60.28%	17421
ឈ្ងោកមើល	0.093 / (1)	0% / 60.28%	17422
សមុទ័យ	0.093 / (1)	0% / 60.28%	17423
ត្រដាច	0.093 / (1)	0% / 60.28%	17424
ម្ដេង	0.093 / (1)	0% / 60.28%	17425
ពិសាខបូជា	0.093 / (1)	0% / 60.28%	17426
ក្រុមទាហាន	0.093 / (1)	0% / 60.28%	17427
រអុច	0.093 / (1)	0% / 60.28%	17428
មុខព្រះលាន	0.093 / (1)	0% / 60.28%	17429
វគ្គច	0.093 / (1)	0% / 60.28%	17430
មាតុគ្រាម	0.093 / (1)	0% / 60.28%	17431
សង្គតិ	0.093 / (1)	0% / 60.28%	17432
និយាយខ្លាំង	0.093 / (1)	0% / 60.28%	17433
ឆ្នាំទៅមួយ	0.093 / (1)	0% / 60.28%	17434
ឃ្លាតពី	0.093 / (1)	0% / 60.28%	17435
វាស់ព្រឹក	0.093 / (1)	0% / 60.28%	17436
ដកប្រាក់	0.093 / (1)	0% / 60.28%	17437
សក្យ	0.093 / (1)	0% / 60.28%	17438
បែរចិត្ត	0.093 / (1)	0% / 60.28%	17439
បបរគ្រឿង	0.093 / (1)	0% / 60.28%	17440
ទ្រមម	0.093 / (1)	0% / 60.28%	17441
ល្បោយ	0.093 / (1)	0% / 60.28%	17442
ការប្រញាប់	0.093 / (1)	0% / 60.28%	17443
រមាត	0.093 / (1)	0% / 60.28%	17444
ចុល្លសករាជ	0.093 / (1)	0% / 60.28%	17445
របើស	0.093 / (1)	0% / 60.28%	17446
ស្ពុល	0.093 / (1)	0% / 60.28%	17447
គំលង់	0.093 / (1)	0% / 60.28%	17448
ង៉ាវ	0.093 / (1)	0% / 60.28%	17449
អូច	0.093 / (1)	0% / 60.28%	17450
មកតែខ្លួន	0.093 / (1)	0% / 60.28%	17451
ញង	0.093 / (1)	0% / 60.28%	17452
ទ្រង់សីល	0.093 / (1)	0% / 60.28%	17453
លោះខ្ញុំ	0.093 / (1)	0% / 60.28%	17454
គុណស្រ័យ	0.093 / (1)	0% / 60.28%	17455
ផាត់ចោល	0.093 / (1)	0% / 60.28%	17456
មមាយ	0.093 / (1)	0% / 60.28%	17457
អគ្គិ	0.093 / (1)	0% / 60.28%	17458
សមត្ត	0.093 / (1)	0% / 60.28%	17459
បាដា	0.093 / (1)	0% / 60.28%	17460
ភ្នំមេរុ	0.093 / (1)	0% / 60.28%	17461
ខាងជើងឆៀងខាងកើត	0.093 / (1)	0% / 60.28%	17462
ចីរកាល	0.093 / (1)	0% / 60.28%	17463
មនុស្សកណ្ដាល	0.093 / (1)	0% / 60.28%	17464
ប៉ាន់តែ	0.093 / (1)	0% / 60.28%	17465
លំនាំដើម	0.093 / (1)	0% / 60.28%	17466
ឡើងដៃ	0.093 / (1)	0% / 60.28%	17467
បង្ហែ	0.093 / (1)	0% / 60.28%	17468
រតែក	0.093 / (1)	0% / 60.28%	17469
សកុណជាតិ	0.093 / (1)	0% / 60.28%	17470
អក្សរឆ្លាក់	0.093 / (1)	0% / 60.28%	17471
ខែដាច់	0.093 / (1)	0% / 60.28%	17472
ដង្គុម	0.093 / (1)	0% / 60.28%	17473
ស្នែងក្របី	0.093 / (1)	0% / 60.28%	17474
ដើរក្រោយ	0.093 / (1)	0% / 60.28%	17475
រតោក	0.093 / (1)	0% / 60.28%	17476
អ្នកអប់រំ	0.093 / (1)	0% / 60.28%	17477
ទក្ខិណាព័ត៌	0.093 / (1)	0% / 60.28%	17478
បំផ្លែង	0.093 / (1)	0% / 60.28%	17479
ក្បាលម៉ាស៊ីន	0.093 / (1)	0% / 60.28%	17480
មោរ៉ា	0.093 / (1)	0% / 60.28%	17481
មានពូជ	0.093 / (1)	0% / 60.28%	17482
ដូចប្រាថ្នា	0.093 / (1)	0% / 60.28%	17483
ម្លប់ត្រឈឹងត្រឈៃ	0.093 / (1)	0% / 60.28%	17484
យ៉ៈ	0.093 / (1)	0% / 60.28%	17485
ដកធ្មេញ	0.093 / (1)	0% / 60.28%	17486
ឆ្ងៀម	0.093 / (1)	0% / 60.28%	17487
ច្រែះស៊ី	0.093 / (1)	0% / 60.28%	17488
វាយជួង	0.093 / (1)	0% / 60.28%	17489
សញ្ច័យ	0.093 / (1)	0% / 60.28%	17490
វេទនាណាស់	0.093 / (1)	0% / 60.28%	17491
អង្គុយតែ	0.093 / (1)	0% / 60.28%	17492
ឆ្លៀតយក	0.093 / (1)	0% / 60.28%	17493
ភាច	0.093 / (1)	0% / 60.28%	17494
ឆោង	0.093 / (1)	0% / 60.28%	17495
ប៊ីយ៉ា	0.093 / (1)	0% / 60.28%	17496
វិះតែ	0.093 / (1)	0% / 60.28%	17497
ចែកអំណាច	0.093 / (1)	0% / 60.28%	17498
ឥតល្ហើយ	0.093 / (1)	0% / 60.28%	17499
សន្និសីទអន្តរជាតិ	0.093 / (1)	0% / 60.28%	17500
ផ្ទាន់	0.093 / (1)	0% / 60.28%	17501
ដាក់រាជ	0.093 / (1)	0% / 60.28%	17502
សុរិយេ	0.093 / (1)	0% / 60.28%	17503
ខ្លៀក	0.093 / (1)	0% / 60.28%	17504
ជួយស្រោចស្រង់	0.093 / (1)	0% / 60.28%	17505
ក្នុងថ្ងៃនេះ	0.093 / (1)	0% / 60.28%	17506
កនយើង	0.093 / (1)	0% / 60.28%	17507
សាសនូបត្ថម្ភ	0.093 / (1)	0% / 60.28%	17508
លូកចូល	0.093 / (1)	0% / 60.28%	17509
រោគវិនិច្ឆ័យ	0.093 / (1)	0% / 60.28%	17510
ប្រយ័ត្នខ្លួន	0.093 / (1)	0% / 60.28%	17511
ប្រាក់ខាន់ស្លា	0.093 / (1)	0% / 60.28%	17512
ឆ្នែង	0.093 / (1)	0% / 60.28%	17513
សេចក្តីរំភើប	0.093 / (1)	0% / 60.28%	17514
បុណ្យជាតិ	0.093 / (1)	0% / 60.28%	17515
ផ្អូក	0.093 / (1)	0% / 60.28%	17516
ព្រះរតនត្រ័យ	0.093 / (1)	0% / 60.28%	17517
អបលោក	0.093 / (1)	0% / 60.28%	17518
ធ្វើគុណ	0.093 / (1)	0% / 60.28%	17519
បច្ចន្តគ្រាម	0.093 / (1)	0% / 60.28%	17520
ជញ្ជាប់	0.093 / (1)	0% / 60.28%	17521
ដៃស្វា	0.093 / (1)	0% / 60.28%	17522
ភីង	0.093 / (1)	0% / 60.28%	17523
អស់សង្ស័យ	0.093 / (1)	0% / 60.28%	17524
រាប់ថា	0.093 / (1)	0% / 60.28%	17525
គ្រាះ	0.093 / (1)	0% / 60.28%	17526
ក្បាលដោះ	0.093 / (1)	0% / 60.28%	17527
មុខស្អុយ	0.093 / (1)	0% / 60.28%	17528
សុក្រឹតភាព	0.093 / (1)	0% / 60.28%	17529
លោជា	0.093 / (1)	0% / 60.28%	17530
ស្វាមីភ័ក្តិ	0.093 / (1)	0% / 60.28%	17531
ដាច់ខ្យល់ស្លាប់	0.093 / (1)	0% / 60.28%	17532
មួយចាប់	0.093 / (1)	0% / 60.28%	17533
ប្រតោង	0.093 / (1)	0% / 60.28%	17534
វិវាហៈ	0.093 / (1)	0% / 60.28%	17535
គូសបន្ទាត់	0.093 / (1)	0% / 60.28%	17536
រោះរាយ	0.093 / (1)	0% / 60.28%	17537
បុញ្ញរាសី	0.093 / (1)	0% / 60.28%	17538
ទ្រាល	0.093 / (1)	0% / 60.28%	17539
ល្អិតល្អោច	0.093 / (1)	0% / 60.28%	17540
រំពើន	0.093 / (1)	0% / 60.28%	17541
ចំរាស	0.093 / (1)	0% / 60.28%	17542
ពិចិត្រ	0.093 / (1)	0% / 60.28%	17543
ប្រាក់ដួង	0.093 / (1)	0% / 60.28%	17544
អ្នកបដិវត្ត	0.093 / (1)	0% / 60.28%	17545
វិចារណៈ	0.093 / (1)	0% / 60.28%	17546
បរិបាល	0.093 / (1)	0% / 60.28%	17547
ថ្នាក់ឧត្តម	0.093 / (1)	0% / 60.28%	17548
គ្រួសារនិយម	0.093 / (1)	0% / 60.28%	17549
ជំនួយស្មារតី	0.093 / (1)	0% / 60.28%	17550
សិល្ប៍សាស្ត្រ	0.093 / (1)	0% / 60.28%	17551
គ្រប់តំបន់	0.093 / (1)	0% / 60.28%	17552
អភិវន្ទនាការ	0.093 / (1)	0% / 60.28%	17553
សិង្ហបូរី	0.093 / (1)	0% / 60.28%	17554
ត្រេះរិះ	0.093 / (1)	0% / 60.28%	17555
កើតឡើងវិញ	0.093 / (1)	0% / 60.28%	17556
ឈើគូស	0.093 / (1)	0% / 60.28%	17557
ព្រៃរនាម	0.093 / (1)	0% / 60.28%	17558
ទិសានុទិស	0.093 / (1)	0% / 60.28%	17559
បែកចែក	0.093 / (1)	0% / 60.28%	17560
មហាឥសី	0.093 / (1)	0% / 60.28%	17561
ទៀនជ័យ	0.093 / (1)	0% / 60.28%	17562
ខ្ចីបុល	0.093 / (1)	0% / 60.28%	17563
សំប៉ាត	0.093 / (1)	0% / 60.28%	17564
ជិនស្រី	0.093 / (1)	0% / 60.28%	17565
យូរយារណាស់មកហើយ	0.093 / (1)	0% / 60.28%	17566
ម្រេញ	0.093 / (1)	0% / 60.28%	17567
ជាដុំ	0.093 / (1)	0% / 60.28%	17568
ឱង្ការព្រះ	0.093 / (1)	0% / 60.28%	17569
បសាទ	0.093 / (1)	0% / 60.28%	17570
វេទយិត	0.093 / (1)	0% / 60.28%	17571
ចូលស៊ុប	0.093 / (1)	0% / 60.28%	17572
សណ្ដង់	0.093 / (1)	0% / 60.28%	17573
បរិវត្តន៍	0.093 / (1)	0% / 60.28%	17574
អង្គបញ្ញត្តិ	0.093 / (1)	0% / 60.28%	17575
អកាល	0.093 / (1)	0% / 60.28%	17576
បង្ខំខ្លួន	0.093 / (1)	0% / 60.28%	17577
ខ្ទើត	0.093 / (1)	0% / 60.28%	17578
រឹងរឹតតែ	0.093 / (1)	0% / 60.28%	17579
ស្មុក	0.093 / (1)	0% / 60.28%	17580
ការន្ត	0.093 / (1)	0% / 60.28%	17581
ពាក្យទន់	0.093 / (1)	0% / 60.28%	17582
បរិវិតក្ក	0.093 / (1)	0% / 60.28%	17583
បែកចិត្ត	0.093 / (1)	0% / 60.28%	17584
សម្ពន្ធមិត្ត	0.093 / (1)	0% / 60.28%	17585
ហាហាការ	0.093 / (1)	0% / 60.28%	17586
ចិរ	0.093 / (1)	0% / 60.28%	17587
ផែង	0.093 / (1)	0% / 60.29%	17588
មានលាភ	0.093 / (1)	0% / 60.29%	17589
ធ្វើទាហាន	0.093 / (1)	0% / 60.29%	17590
សុំអញ្ជើញ	0.093 / (1)	0% / 60.29%	17591
គន្ធរស	0.093 / (1)	0% / 60.29%	17592
ទទោក	0.093 / (1)	0% / 60.29%	17593
ធ្វើពុត	0.093 / (1)	0% / 60.29%	17594
តាមមិនទាន់	0.093 / (1)	0% / 60.29%	17595
អ្នកច្បាំង	0.093 / (1)	0% / 60.29%	17596
ខត្រី	0.093 / (1)	0% / 60.29%	17597
ទិព្វវិមាន	0.093 / (1)	0% / 60.29%	17598
ស្តែក	0.093 / (1)	0% / 60.29%	17599
ថ្កៀប	0.093 / (1)	0% / 60.29%	17600
បកភាសា	0.093 / (1)	0% / 60.29%	17601
ចំហមាត់	0.093 / (1)	0% / 60.29%	17602
ចតុរង្គ	0.093 / (1)	0% / 60.29%	17603
មធុ	0.093 / (1)	0% / 60.29%	17604
កន្ធរ	0.093 / (1)	0% / 60.29%	17605
ពភឹប	0.093 / (1)	0% / 60.29%	17606
កែងកោង	0.093 / (1)	0% / 60.29%	17607
ក្និចក្នក់	0.093 / (1)	0% / 60.29%	17608
ភេត	0.093 / (1)	0% / 60.29%	17609
ណានុ៎ះ	0.093 / (1)	0% / 60.29%	17610
មេជី	0.093 / (1)	0% / 60.29%	17611
ភ្លេចស្មារតី	0.093 / (1)	0% / 60.29%	17612
ពៃរី	0.093 / (1)	0% / 60.29%	17613
ល្គឹកណា	0.093 / (1)	0% / 60.29%	17614
ចេះច្បាស់	0.093 / (1)	0% / 60.29%	17615
ឆ្អឹងខ្ចី	0.093 / (1)	0% / 60.29%	17616
ទៅមកទៅមក	0.093 / (1)	0% / 60.29%	17617
ក្រូចសើច	0.093 / (1)	0% / 60.29%	17618
រើប	0.093 / (1)	0% / 60.29%	17619
ផ្សឹង	0.093 / (1)	0% / 60.29%	17620
វេត្រាណូ	0.093 / (1)	0% / 60.29%	17621
ទំនូល	0.093 / (1)	0% / 60.29%	17622
ផ្កាក្រអូប	0.093 / (1)	0% / 60.29%	17623
ឧណ្ហ	0.093 / (1)	0% / 60.29%	17624
ចិត្តអន្យតិរ្ថិយ	0.093 / (1)	0% / 60.29%	17625
កហាបណ	0.093 / (1)	0% / 60.29%	17626
សឹកសត្រូវ	0.093 / (1)	0% / 60.29%	17627
ប្រាក់កំរៃ	0.093 / (1)	0% / 60.29%	17628
ផ្ទះស្បូវ	0.093 / (1)	0% / 60.29%	17629
ជំរុញលើកទឹកចិត្ត	0.093 / (1)	0% / 60.29%	17630
ភ្ជាប់នឹង	0.093 / (1)	0% / 60.29%	17631
ទន្ត្រំ	0.093 / (1)	0% / 60.29%	17632
គម្រិះ	0.093 / (1)	0% / 60.29%	17633
ដារាប	0.093 / (1)	0% / 60.29%	17634
ពិពិត	0.093 / (1)	0% / 60.29%	17635
គួរកោត	0.093 / (1)	0% / 60.29%	17636
រ៉ូង	0.093 / (1)	0% / 60.29%	17637
ដើមប្រាសាទ	0.093 / (1)	0% / 60.29%	17638
ឡើងទៅលើគោក	0.093 / (1)	0% / 60.29%	17639
សាច់ជូរ	0.093 / (1)	0% / 60.29%	17640
បាមោក្ខ	0.093 / (1)	0% / 60.29%	17641
ប្រគង	0.093 / (1)	0% / 60.29%	17642
ចូឡា	0.093 / (1)	0% / 60.29%	17643
អសុចិ	0.093 / (1)	0% / 60.29%	17644
ប្រែក្រឡាស់	0.093 / (1)	0% / 60.29%	17645
វរមិត្ត	0.093 / (1)	0% / 60.29%	17646
ទ្រោប	0.093 / (1)	0% / 60.29%	17647
ជេន	0.093 / (1)	0% / 60.29%	17648
ព្រះទំរង់	0.093 / (1)	0% / 60.29%	17649
ស្រមៀន	0.093 / (1)	0% / 60.29%	17650
សំយោជនៈ	0.093 / (1)	0% / 60.29%	17651
ម្ចាស់ក្រុមហ៊ុន	0.093 / (1)	0% / 60.29%	17652
សសូល	0.093 / (1)	0% / 60.29%	17653
ឰរាវ័ណ	0.093 / (1)	0% / 60.29%	17654
ម៉ានិល	0.093 / (1)	0% / 60.29%	17655
ចក្រភពអង់គ្លេស	0.093 / (1)	0% / 60.29%	17656
រជ្ជប្បវេណី	0.093 / (1)	0% / 60.29%	17657
ទាំងគ្រប់	0.093 / (1)	0% / 60.29%	17658
ភគិនី	0.093 / (1)	0% / 60.29%	17659
តំណាងដោយ	0.093 / (1)	0% / 60.29%	17660
ខ្ទិះដូង	0.093 / (1)	0% / 60.29%	17661
មរណភ័យ	0.093 / (1)	0% / 60.29%	17662
មិនបាច់ទេ	0.093 / (1)	0% / 60.29%	17663
ចំអែ	0.093 / (1)	0% / 60.29%	17664
គុណសព្ទ	0.093 / (1)	0% / 60.29%	17665
កំពង់ទូក	0.093 / (1)	0% / 60.29%	17666
ធ្វើបុណ្យរំលឹក	0.093 / (1)	0% / 60.29%	17667
កាត់ខោអាវ	0.093 / (1)	0% / 60.29%	17668
គណៈមេប្រយោគ	0.093 / (1)	0% / 60.29%	17669
ហីនជាតិ	0.093 / (1)	0% / 60.29%	17670
កសាងខ្លួន	0.093 / (1)	0% / 60.29%	17671
សម្រឹង	0.093 / (1)	0% / 60.29%	17672
យកនយោបាយ	0.093 / (1)	0% / 60.29%	17673
ទម្លុះទម្លាយ	0.093 / (1)	0% / 60.29%	17674
រត់លូន	0.093 / (1)	0% / 60.29%	17675
រោងចក្រអគ្គិសនី	0.093 / (1)	0% / 60.29%	17676
កេវ	0.093 / (1)	0% / 60.29%	17677
ក្ដៅខ្លួន	0.093 / (1)	0% / 60.29%	17678
យំសោកបោកខ្លួន	0.093 / (1)	0% / 60.29%	17679
កុម្មុយនិស្តនិយម	0.093 / (1)	0% / 60.29%	17680
សុភនិច្ឆ័យ	0.093 / (1)	0% / 60.29%	17681
ពុកឆ្មា	0.093 / (1)	0% / 60.29%	17682
អ្នកជាប់គុក	0.093 / (1)	0% / 60.29%	17683
កកិល	0.093 / (1)	0% / 60.29%	17684
ភាវរូប	0.093 / (1)	0% / 60.29%	17685
ទងវង	0.093 / (1)	0% / 60.29%	17686
ភាគិនេយ្យ	0.093 / (1)	0% / 60.29%	17687
ចម្រោះ	0.093 / (1)	0% / 60.29%	17688
និរោធសមាបត្តិ	0.093 / (1)	0% / 60.29%	17689
បង្ខាន	0.093 / (1)	0% / 60.29%	17690
រេពល	0.093 / (1)	0% / 60.29%	17691
លុយទឹក	0.093 / (1)	0% / 60.29%	17692
សំរេចការ	0.093 / (1)	0% / 60.29%	17693
ព្រះជាយា	0.093 / (1)	0% / 60.29%	17694
អាចម្កួត	0.093 / (1)	0% / 60.29%	17695
អើក៏	0.093 / (1)	0% / 60.29%	17696
ប្របផ្លូវ	0.093 / (1)	0% / 60.29%	17697
សង្វិត	0.093 / (1)	0% / 60.29%	17698
អង្សាកំណើត	0.093 / (1)	0% / 60.29%	17699
ជាប់ទោស	0.093 / (1)	0% / 60.29%	17700
ចចៅ	0.093 / (1)	0% / 60.29%	17701
ហ្វូស្វ័រ	0.093 / (1)	0% / 60.29%	17702
អមិត្តភាព	0.093 / (1)	0% / 60.29%	17703
ស្រវាំងភ្នែក	0.093 / (1)	0% / 60.29%	17704
របោរ	0.093 / (1)	0% / 60.29%	17705
សម្ភារបារមី	0.093 / (1)	0% / 60.29%	17706
ហឺយ	0.093 / (1)	0% / 60.29%	17707
ប្រឡំ	0.093 / (1)	0% / 60.29%	17708
ស្រណុខ	0.093 / (1)	0% / 60.29%	17709
ចូលចាក់	0.093 / (1)	0% / 60.29%	17710
វច្ច	0.093 / (1)	0% / 60.29%	17711
ពូជអម្បូរ	0.093 / (1)	0% / 60.29%	17712
តែងតោង	0.093 / (1)	0% / 60.29%	17713
ដឹងការណ៍	0.093 / (1)	0% / 60.29%	17714
ធ្វើពិសាខបូជា	0.093 / (1)	0% / 60.29%	17715
បញ្ចេញមតិខ្លួន	0.093 / (1)	0% / 60.29%	17716
ននាល	0.093 / (1)	0% / 60.29%	17717
មនុស្សរាប់ពាន់	0.093 / (1)	0% / 60.29%	17718
សន្និធិ	0.093 / (1)	0% / 60.29%	17719
កូនដើម	0.093 / (1)	0% / 60.29%	17720
ទឹកអនាម័យ	0.093 / (1)	0% / 60.29%	17721
កំលៅ	0.093 / (1)	0% / 60.29%	17722
សួព្រ័ត្រ	0.093 / (1)	0% / 60.29%	17723
ទន្សង	0.093 / (1)	0% / 60.29%	17724
ត្របែង	0.093 / (1)	0% / 60.29%	17725
ឱនថយ	0.093 / (1)	0% / 60.29%	17726
សោយក្រយា	0.093 / (1)	0% / 60.29%	17727
នីកែល	0.093 / (1)	0% / 60.29%	17728
តន្ត្រំ	0.093 / (1)	0% / 60.29%	17729
ល្ហេវ	0.093 / (1)	0% / 60.29%	17730
ស្ដន	0.093 / (1)	0% / 60.29%	17731
ម្ល៉េះតើ	0.093 / (1)	0% / 60.29%	17732
សំញេញ	0.093 / (1)	0% / 60.29%	17733
និយាយលើក	0.093 / (1)	0% / 60.29%	17734
ក្រែងថា	0.093 / (1)	0% / 60.29%	17735
ចំអៀក	0.093 / (1)	0% / 60.29%	17736
ប៉ប៉ោច	0.093 / (1)	0% / 60.29%	17737
នាំអាទិ៍	0.093 / (1)	0% / 60.29%	17738
ឧត្តរកុរុទ្វីប	0.093 / (1)	0% / 60.29%	17739
កណិការ	0.093 / (1)	0% / 60.29%	17740
ចិត្តរឹង	0.093 / (1)	0% / 60.29%	17741
បាណាតិបាត	0.093 / (1)	0% / 60.29%	17742
រុជា	0.093 / (1)	0% / 60.29%	17743
អាវភ្លៀង	0.093 / (1)	0% / 60.29%	17744
ការសំដែងសិល្បៈ	0.093 / (1)	0% / 60.29%	17745
រាជបណ្ឌិត្យសភា	0.093 / (1)	0% / 60.29%	17746
ប្រវេប្រវា	0.093 / (1)	0% / 60.29%	17747
រោស	0.093 / (1)	0% / 60.29%	17748
ជាប់អន្ទាក់	0.093 / (1)	0% / 60.29%	17749
តៀន	0.093 / (1)	0% / 60.29%	17750
ព្រះពុទ្ធជាម្ចាស់	0.093 / (1)	0% / 60.29%	17751
សំដិល	0.093 / (1)	0% / 60.29%	17752
ស៊ីពេល	0.093 / (1)	0% / 60.29%	17753
រដាក់រដុប	0.093 / (1)	0% / 60.29%	17754
កំពង់ចំឡង	0.093 / (1)	0% / 60.29%	17755
ខ្ទីង	0.093 / (1)	0% / 60.29%	17756
ជញ្ជាត់	0.093 / (1)	0% / 60.29%	17757
ថ្ងៃពេញបូណ៌មី	0.093 / (1)	0% / 60.29%	17758
រជ្ជសម័យ	0.093 / (1)	0% / 60.29%	17759
កំសត់ទុគ៌ត	0.093 / (1)	0% / 60.29%	17760
បង្អាច	0.093 / (1)	0% / 60.29%	17761
លទ្ធផលជាក់	0.093 / (1)	0% / 60.29%	17762
អាភៀស	0.093 / (1)	0% / 60.29%	17763
អេប	0.093 / (1)	0% / 60.29%	17764
ប្រយោជន៍ជាតិ	0.093 / (1)	0% / 60.29%	17765
ជើងការ	0.093 / (1)	0% / 60.29%	17766
វាយផ្ដាច់	0.093 / (1)	0% / 60.29%	17767
ទក្ខិណ	0.093 / (1)	0% / 60.29%	17768
ជំរាបលា	0.093 / (1)	0% / 60.29%	17769
ច្បាស់ប្រាកដ	0.093 / (1)	0% / 60.29%	17770
និយាយនឹង	0.093 / (1)	0% / 60.29%	17771
ការលែងលះ	0.093 / (1)	0% / 60.29%	17772
ក្ដៀន	0.093 / (1)	0% / 60.29%	17773
រមិញ	0.093 / (1)	0% / 60.29%	17774
សេដ្ឋកិច្ចគ្រួសារ	0.093 / (1)	0% / 60.29%	17775
ង៉យ	0.093 / (1)	0% / 60.29%	17776
ភាពទាល់ច្រក	0.093 / (1)	0% / 60.29%	17777
តួរង	0.093 / (1)	0% / 60.29%	17778
មត់	0.093 / (1)	0% / 60.29%	17779
នឹកអាល័យ	0.093 / (1)	0% / 60.29%	17780
ថាវរៈ	0.093 / (1)	0% / 60.29%	17781
លយកន្ទោង	0.093 / (1)	0% / 60.29%	17782
មៅ	0.093 / (1)	0% / 60.29%	17783
ដាក់ថ្វាយ	0.093 / (1)	0% / 60.29%	17784
អង្គុយបត់ជើង	0.093 / (1)	0% / 60.29%	17785
គណិតសាស្ត្រ	0.093 / (1)	0% / 60.29%	17786
រាជជននី	0.093 / (1)	0% / 60.29%	17787
ពពាន	0.093 / (1)	0% / 60.29%	17788
ទ្រឹស្ដិ	0.093 / (1)	0% / 60.29%	17789
អាចិន	0.093 / (1)	0% / 60.29%	17790
ជាងធ្មេញ	0.093 / (1)	0% / 60.29%	17791
ប្រកាសនីយបត្រ	0.093 / (1)	0% / 60.29%	17792
ផ្កាយចោរ	0.093 / (1)	0% / 60.29%	17793
សម្ដេចឳ	0.093 / (1)	0% / 60.29%	17794
មេឃស្រទុំ	0.093 / (1)	0% / 60.29%	17795
កង្វេរ	0.093 / (1)	0% / 60.29%	17796
បទសមាស	0.093 / (1)	0% / 60.29%	17797
អ្នកក្តី	0.093 / (1)	0% / 60.29%	17798
មាសថ្លៃ	0.093 / (1)	0% / 60.29%	17799
ពេលដេក	0.093 / (1)	0% / 60.29%	17800
ដល់តែម្ដង	0.093 / (1)	0% / 60.29%	17801
ឥស	0.093 / (1)	0% / 60.29%	17802
បណ្ដៅ	0.093 / (1)	0% / 60.29%	17803
ញើញ	0.093 / (1)	0% / 60.29%	17804
គម្ដែង	0.093 / (1)	0% / 60.29%	17805
ប៉ន់	0.093 / (1)	0% / 60.29%	17806
ហុតឈាម	0.093 / (1)	0% / 60.29%	17807
ធិញ	0.093 / (1)	0% / 60.29%	17808
មិល្លី	0.093 / (1)	0% / 60.29%	17809
អ្នកបកស្រាយ	0.093 / (1)	0% / 60.29%	17810
ប្រវ៉ាស់	0.093 / (1)	0% / 60.29%	17811
ខ្ញុំព្រះអង្គ	0.093 / (1)	0% / 60.29%	17812
រទាស	0.093 / (1)	0% / 60.29%	17813
ស្ទូងស្រូវ	0.093 / (1)	0% / 60.29%	17814
ឱជា	0.093 / (1)	0% / 60.29%	17815
ពៀប	0.093 / (1)	0% / 60.29%	17816
ជ្រកនៅ	0.093 / (1)	0% / 60.29%	17817
គោដំ	0.093 / (1)	0% / 60.29%	17818
អាសន៍	0.093 / (1)	0% / 60.29%	17819
អង្កួញ	0.093 / (1)	0% / 60.29%	17820
វឹល	0.093 / (1)	0% / 60.29%	17821
ពុប	0.093 / (1)	0% / 60.29%	17822
អាសាបង់	0.093 / (1)	0% / 60.29%	17823
សាកច្ចា	0.093 / (1)	0% / 60.29%	17824
សឹងគ្រប់គ្នា	0.093 / (1)	0% / 60.29%	17825
កាប៉ូ	0.093 / (1)	0% / 60.29%	17826
វត្តឧណ្ណាលោម	0.093 / (1)	0% / 60.29%	17827
ប៉ាវគង	0.093 / (1)	0% / 60.29%	17828
បរដំរី	0.093 / (1)	0% / 60.29%	17829
មារាធិរាជ	0.093 / (1)	0% / 60.29%	17830
ដៅទុក	0.093 / (1)	0% / 60.29%	17831
វនិតា	0.093 / (1)	0% / 60.29%	17832
គ្រុយ	0.093 / (1)	0% / 60.29%	17833
បុគ្គលាធិដ្ឋាន	0.093 / (1)	0% / 60.29%	17834
រវះរវាម	0.093 / (1)	0% / 60.29%	17835
តតិយលោក	0.093 / (1)	0% / 60.29%	17836
មជ្ឈត្តកម្ម	0.093 / (1)	0% / 60.29%	17837
សិរមាន់	0.093 / (1)	0% / 60.29%	17838
យុវជនគំរូ	0.093 / (1)	0% / 60.29%	17839
ចរិតលក្ខណៈ	0.093 / (1)	0% / 60.29%	17840
រ៉ែង	0.093 / (1)	0% / 60.29%	17841
និយាយឡើង	0.093 / (1)	0% / 60.29%	17842
ខ្ទឹមបារាំង	0.093 / (1)	0% / 60.29%	17843
រោគរបេង	0.093 / (1)	0% / 60.29%	17844
ប្រលាន	0.093 / (1)	0% / 60.29%	17845
កេរកាល	0.093 / (1)	0% / 60.29%	17846
ធារនា	0.093 / (1)	0% / 60.29%	17847
ហេមន្ត	0.093 / (1)	0% / 60.29%	17848
អ្នករិះគន់	0.093 / (1)	0% / 60.29%	17849
តមូល	0.093 / (1)	0% / 60.29%	17850
គុណបំណាច់	0.093 / (1)	0% / 60.29%	17851
ប៉ះលើ	0.093 / (1)	0% / 60.29%	17852
កញ្ជះកញ្ជាយ	0.093 / (1)	0% / 60.29%	17853
មាននិស្ស័យនឹង	0.093 / (1)	0% / 60.29%	17854
សំរូត	0.093 / (1)	0% / 60.29%	17855
ប៉ុង	0.093 / (1)	0% / 60.29%	17856
ពិគ្រោះពិភាក្សា	0.093 / (1)	0% / 60.29%	17857
ភោគវតី	0.093 / (1)	0% / 60.29%	17858
សមរមិត្រ	0.093 / (1)	0% / 60.29%	17859
អ្នកគ្រូពេទ្យ	0.093 / (1)	0% / 60.29%	17860
សុធម្មា	0.093 / (1)	0% / 60.29%	17861
កន្តឹប	0.093 / (1)	0% / 60.29%	17862
ទុយយោ	0.093 / (1)	0% / 60.29%	17863
គ្នាន់ក្នាញ់	0.093 / (1)	0% / 60.29%	17864
ការដាស់តឿន	0.093 / (1)	0% / 60.29%	17865
រួមស្នេហា	0.093 / (1)	0% / 60.29%	17866
គេងលក់	0.093 / (1)	0% / 60.29%	17867
សម្ពន្ធជាតិ	0.093 / (1)	0% / 60.29%	17868
បើកប្រាក់	0.093 / (1)	0% / 60.29%	17869
សេយ្យាសន៍	0.093 / (1)	0% / 60.29%	17870
វិមុត្ត	0.093 / (1)	0% / 60.29%	17871
អាស្រ័យផល	0.093 / (1)	0% / 60.29%	17872
រវៀស	0.093 / (1)	0% / 60.29%	17873
ទេវទូត	0.093 / (1)	0% / 60.29%	17874
ពើបពះ	0.093 / (1)	0% / 60.29%	17875
បាត់មាត់បាត់ក	0.093 / (1)	0% / 60.29%	17876
បោសសំរាម	0.093 / (1)	0% / 60.29%	17877
ដោយសង្ខេប	0.093 / (1)	0% / 60.29%	17878
សេចក្តីសំរេចចិត្ត	0.093 / (1)	0% / 60.29%	17879
អសប្បុរិស	0.093 / (1)	0% / 60.29%	17880
និយាយទាក់ទង	0.093 / (1)	0% / 60.29%	17881
វរោកាស	0.093 / (1)	0% / 60.29%	17882
ឲ្យផល	0.093 / (1)	0% / 60.29%	17883
ដូច្នោះឯង	0.093 / (1)	0% / 60.29%	17884
សម្ភារៈសំណង់	0.093 / (1)	0% / 60.29%	17885
កាត់ទៅ	0.093 / (1)	0% / 60.29%	17886
ម៉ាក់ប៉ា	0.093 / (1)	0% / 60.29%	17887
ឈឺជុះ	0.093 / (1)	0% / 60.29%	17888
ពេញកំឡោះ	0.093 / (1)	0% / 60.29%	17889
ភ្ញាក់កំណើត	0.093 / (1)	0% / 60.29%	17890
យាក់	0.093 / (1)	0% / 60.29%	17891
ស័ត្យ	0.093 / (1)	0% / 60.29%	17892
រកកល់	0.093 / (1)	0% / 60.29%	17893
បញ្ចើ	0.093 / (1)	0% / 60.29%	17894
សរភញ្ញ	0.093 / (1)	0% / 60.29%	17895
ម៉ែត្រគីប	0.093 / (1)	0% / 60.29%	17896
អគ្គសេនាបតី	0.093 / (1)	0% / 60.29%	17897
ឆេញ	0.093 / (1)	0% / 60.29%	17898
ការសូត្រ	0.093 / (1)	0% / 60.29%	17899
លំអងធូលី	0.093 / (1)	0% / 60.29%	17900
បើកឲ្យ	0.093 / (1)	0% / 60.29%	17901
ថីមិន	0.093 / (1)	0% / 60.29%	17902
ម្ហូបម្ហា	0.093 / (1)	0% / 60.29%	17903
វិសុទ្ធិមគ្គ	0.093 / (1)	0% / 60.29%	17904
ខ្ពស់ត្រដែត	0.093 / (1)	0% / 60.29%	17905
សន្ទាប់	0.093 / (1)	0% / 60.29%	17906
ខុសដៃ	0.093 / (1)	0% / 60.29%	17907
មិគៈសេ	0.093 / (1)	0% / 60.29%	17908
ហេហា	0.093 / (1)	0% / 60.29%	17909
នាបី	0.093 / (1)	0% / 60.29%	17910
កិច្ចសិក្សា	0.093 / (1)	0% / 60.29%	17911
កុំបាច់	0.093 / (1)	0% / 60.29%	17912
ធានាអះអាង	0.093 / (1)	0% / 60.29%	17913
មាត់ក	0.093 / (1)	0% / 60.29%	17914
បសុសត្វ	0.093 / (1)	0% / 60.29%	17915
កម្មិក	0.093 / (1)	0% / 60.29%	17916
កាន់គំនិត	0.093 / (1)	0% / 60.29%	17917
កន្ទុយនាគ	0.093 / (1)	0% / 60.29%	17918
ប្រាជ្ញប្រាយ	0.093 / (1)	0% / 60.29%	17919
សាយ័ណ្ហ	0.093 / (1)	0% / 60.29%	17920
