ខ្លុងក្រហម	(a/ var. tuberculatus ), @ខ្លុង ស b/ var.grandifolius (Teijsm. ex Miq.) Craib @ខ្លុង, @ខ្លុងស្លឹកធំ c/ var. tomentosus Kerr @ខ្លុង, @ខ្លុងមមិះ 	DIPTEROCARPUS (Dipterocarpaceae)	Dipterocarpus tuberculatus Roxb. 	<ul><li>a/ var. tuberculatus Tree, 15-25 m tall, of clear forests of plain and of altitudes up to 800-1000 m, met in Bangladesh, Burma, Thailand, Cambodia and Laos. The leaves are used sometimes for covering huts. The wood, resisting to bad weather, is used to make beams, boards and for the manufacture of boats.b/ var.grandifolius (Teijsm. ex Miq.) Craib This variety differ from the previous one by its larger and longer leaves, up to 50 cms, hairless as well as the inflorescences. Variety met in Burma, Thailand, Cambodia, Laos and Vietnam, in the clear forests of low altitude, often in pure stocking. The leaves are of use to packagings, and to cover the huts. The roots are used in traditional medicine to cure fractures.c/ var. tomentosus KerrDiffer from the two previous varieties by the presence of a tomentum on the twigs, petiols and both faces of the limbs. Variety found only in Thailand, Cambodia and Laos. Same uses as the other varieties. 	</li><li>a/ var. tuberculatusព្រឹក្សម្យ៉ាង កំពស់ ១៥-២៥ម ដុះក្នុងព្រៃស្រោងលើដីទំនាប ឬលើភ្នំខ្ពស់រហូតដល់ ៨០០-១០០០ម មាននៅប្រទេសជាច្រើន Bangladesh ភូមា ថៃ លាវ កម្ពុជា ។ គេយកស្លឹកប្រក់ដំបូលខ្ទមបាន ។ ឈើជាប់ល្អសម្រាប់ធ្វើក្តារងឿ កា្ដរសង់ផ្ទះ និង ទូក ។b/ var.grandifolius (Teijsm. ex Miq.) Craib ដើមនេះមានស្លឹកធំៗ និងវែងជាងខ្លុងក្រហម ស្លឹកខ្លុងនេះវែងដល់ ៥០ស.ម គ្មានរោមនៅស្លឹក ឬនៅផ្កាឡើយ។ មានដុះនៅក្នុងប្រទេសភូមា ខ្មែរ លាវ និងវៀតណាម ក្នុងព្រៃស្រោងលើដីទំនាប ច្រើនដុះផ្ដុំៗគ្នាជាច្រើន ។ គេប្រើស្លឹកខ្លុងធំនេះ ខ្ចប់ឥវ៉ាន់លក់ និងប្រក់ខ្ទម ។ ឬសជាថ្នាំព្យាបាលដំណើរបាក់ឆ្អឹង ។c/ var. tomentosus Kerrដើមនេះ ខុសអំពី (ក) និង (ខ) ដោយមានមមិះលើទងស្លឹក លើស្លឹកទាំងសងខាង និងលើមែកធាង ។ (គ) នេះមានដុះនៅប្រទេសខ្មែរ លាវ និងថៃ ។ ប្រើការបានដូចប្រភេទទាំងពីរខាងលើ ។	</li><li><p-n>More Information	a/ var. tuberculatus</p-n></li></ul>
ត្បែងបាយស្រា	(a/ var. obtusifolius), @ត្បែងស្នែងb/ var.subnudus Ryan &amp; Kerr @ត្បែង	DIPTEROCARPUS (Dipterocarpaceae)	Dipterocarpus obtusifolius Teijsm. ex Miq. 	<ul><li>a/ var. obtusifoliusTree, 10-15 m tall, of clear forests in low regions and altitude, up to 1200 m, common in the whole Southeast Asia. Resin of the trunk is used to make torches. The young cut stalks give sufficient drinking water to quench a traveler. The wood, red brown, give boards used in non lasting construction.b/ var.subnudus Ryan &amp; KerrThis variety has the same biologic type and the same ecology that the previous one. It differs by its twigs and its completely hairless leaves, and its distribution exclusively in the South of Cambodia, Vietnam and Thailand. Same uses as &quot;obtusifolius&quot;.	</li><li>a/ var. obtusifoliusឈ្មោះព្រឹក្សមួយប្រភេទ កំពស់ ១០-១៥ម ដុះក្នុងព្រៃស្រោង លើដីទំនាប និងលើភ្នំខ្ពស់រហូត ១២០០ម នៃទ្វីប អាស៊ីផ្នែកអាគ្នេយ៍ ។ ជ័រនៃដើម សម្រាប់ធ្វើចន្លុះ ។ ដើមខ្ចីបើកាត់ វាអាចបញ្ចេញទឹកល្អ អ្នកដំណើរមួយនាក់ផឹកឆ្អែត ។ ឈើពណ៌ក្រហមខ្មៅ ប្រើការធ្វើក្តារក្រាលរោងបណ្ដោះអាសន្នបាន ។b/ ar.subnudus Ryan &amp; Kerrដើមឈើប្រភេទនេះ មានកំពស់ដូចត្បែងបាយស្រា ដុះក្នុងព្រៃស្រោងដូចគ្នា តែខុសគ្នាត្រង់ត្បែងនេះគ្មានរោមលើមែក ឬស្លឹកឡើយ ។ ត្បែងនេះ ដុះក្នុងប្រទេសខ្មែរខាងត្បូង ប្រទេសវៀតណាម និងថៃ ។ ជ័រ និងដើមឈើប្រើការបានដូចគ្នា ។	</li><li><p-n>More Information	a/ var. obtusifolius</p-n></li></ul>
កក់	CYPERUS (Cyperaceae)	Cyperus cyperoides (L.) Kuntze	<ul><li>Herb of the wet places, 1-3 m tall, met in all the tropical regions of the world. The fibers are textiles, very appreciated to make mats.	</li><li>ឈ្មោះស្មៅដុះក្នុងទឹកបឹង ឬលើដីសើមៗ មានកំពស់ ១-៣ម ដុះគ្រប់ស្រុកក្តៅសកលោក ។ សរសៃដើមគេប្រើ សម្រាប់ត្បាញកន្ទេល ។	</li><li><p-n>More Information	NF : jonc</p-n></li></ul>
កក់ក្រចៅ	JUNCUS (Juncaceae)	Juncus effusus L.	<ul><li>Sturdy herb, 0.40-1.20 m tall, of the wet places, in tropical and temperate regions, sometimes cultivated. The marrow of stalks is used to make locks of lamp in the countryside. The stalks are of use to the preparation of the mats and in basketwork.	</li><li>កក់ក្រចៅជាស្មៅធំមួយប្រភេទកំពស់ ០,៤០-១,២០ម ដុះលើដីសើមៗ នៃប្រទេសក្ដៅ និងត្រជាក់មធ្យម គេច្រើនដាំវាជារុក្ខជាតិមានប្រយោជន៍ ។ បណ្តូលដើមកក់ក្រចៅអាចប្រើធ្វើប្រឆេះចង្កៀងប្រេងនៅស្រុកស្រែ ។ ដើមកក់ក្រចៅ               សំរាប់ត្បាញធ្វើជាកន្ទេល ឬ ធ្វើជាកញ្ច្រែង ល្អី ចង្អេរ ។ល។	</li><li><p-n>More Information	NK &nbsp;: kâk krâchao (jonc jute) &nbsp;កក់ក្រចៅ	NOTE	ពេលមានពាក្យ (វល្លិ) (ស្មៅ) (ដើម) ក្នុងវង់ក្រចកខាងក្រោយនាម រុក្ខជាតិ ត្រូវអានពាក្យនោះខាងមុខនាមវិញ។</p-n></li></ul>
កក់ទុង	CROTALARIA (Leguminosae-Papilionoideae) 	Crotalaria juncea L.	<ul><li>Sub-shrub, 0.30-1 m tall, cultivated or spontaneous all over Indochina. The fibers are textiles, little used. Fodder plant. The roasted seeds can replace coffee. In Southern Vietnam, the plant is used in traditional medicine for the treatment of the nettle rash.	</li><li>ឈ្មោះចុល្លព្រឹក្សតូចមួយប្រភេទ កំពស់ពី ០,៣០ ទៅ ១ម ដុះឯងឬគេដាំនៅប្រទេសឥណ្ឌូចិន ។ សរសៃសំបកអាច ត្បាញបានតែគេមិននិយមប្រើ ។ ដើមកក់ទុង ជាចំណីសត្វពាហនៈ ។ គ្រាប់លីងអាចកិនហើយឆុងផឹកជំនួសកាហ្វេបាន ។ នៅប្រទេសវៀតណាមខាងត្បូង គេប្រើដើមនេះ សម្រាប់ធ្វើថ្នាំព្យាបាលកន្ទាលត្រអាក ។	</li><li><p-n>More Information	NK : kâk’ tung’ (jonc du pélican) &nbsp;កក់ទុង	NOTE	ពេលមានពាក្យ (វល្លិ) (ស្មៅ) (ដើម) ក្នុងវង់ក្រចកខាងក្រោយនាម រុក្ខជាតិ ត្រូវអានពាក្យនោះខាងមុខនាមវិញ។</p-n></li></ul>
កក់បបុស	JUNCELLUS (Cyperaceae) 	Juncellus serotinus (Rottler) C.B. Clarke	<ul><li>Sturdy herb of the wet places, 0.40-1 m tall, of tropical Asia. The stalks are used for the preparation of the coloured luxurious mats.	</li><li>កក់បបុស ជាស្មៅរឹងមួយប្រភេទកំពស់ ០,៤០-១ម ដុះនៅក្នុងដីសើមៗនៃទ្វីបអាស៊ីផ្នែកក្ដៅ ។ ដើមកក់បបុស                សំរាប់ប្រើធ្វើកន្ទេលក្រហមល្អប្រណិត ។ 	</li><li><p-n>More Information	Syn. &nbsp;: Cyperus serotinus Rottler</p-n></li></ul>
កកោះ	SINDORA (Leguminosae-Caesalpinioideae)	Sindora siamensis Teijsm. ex Miq., var. siamensis	<ul><li>Tree, 6-10 m tall, of the clear Dipterocarpus forests and secondary formations of the Indochinese and Malay Peninsula. The fruits are edible and chewed sometimes with the betel. The roasted seeds are used to make a tealike drink and is part of some desserts. Wood, graded 1st category, in demand for the constructions where it gives excellent floors, beams and columns. The by-products of wood give a good coal. The bark is used to dyeing fishing nets.	</li><li>ព្រឹក្សមួយពួក កំពស់ ៦-១០ម ដុះក្នុងព្រៃស្រោងជាមួយសន្ដានខ្លុង ត្បែង និងព្រៃល្បោះនៃឧបទ្វីបឥណ្ឌូចិន និងជ្វា ។ ផ្លែអាចបរិភោគបានពេលខ្លះ គេស៊ីជាមួយស្លាម្លូ ។ គេអាចលីងគ្រាប់ដាំទឹកផឹក ដូចតែ ឬធ្វើចំណីផ្សេងៗ ។ ឈើកកោះ មានតំលៃណាស់ សំរាប់ធ្វើគ្រឿងផ្ទះ ដូចជា រនូត សរសរ ។ សំណល់ឈើ អាចប្រើធ្វើជាធ្យូងបាន ។ សំបកសំរាប់ធ្វើ ថ្នាំជ្រលក់សំណាញ់ ។	</li><li><p-n>More Information	Syn. &nbsp;: Sindora cochinchinensis Baill.</p-n></li></ul>
កកោះស្បែក	SINDORA (Leguminosae-Caesalpinioideae)	Sindora siamensis Teijsm. ex Miq., var. maritima (Pierre) K. &amp; S. S. Larsen 	<ul><li>Tree, 10-15 m tall, of the secondary coastal forests of Southeast Asia. It differs from the previous variety by thornless fruits. These are also edible. Wood of bad quality used only for heating.	</li><li>ឈ្មោះព្រឹក្សមួយ កំពស់ ១០-១៥ម ដុះក្នុងព្រៃល្បោះក្បែរមាត់សមុទ្រនៃទ្វីបអាស៊ីផ្នែកអាគ្នេយ៍ ។ ផ្លែ កកោះស្បែក គ្មានបន្លា ដូចផ្លែកកោះធម្មតាទេ អាចបរិភោគបានដូចគ្នា ។ ឈើមិនល្អឡើយ គេប្រើសំរាប់ធ្វើអុសដុត ។ 	</li><li><p-n>More Information	NK &nbsp;: kâkâh sbaèk, kâkâh prê:k &nbsp;កកោះស្បែក, កកោះព្រែក	NOTE	ពេលមានពាក្យ (វល្លិ) (ស្មៅ) (ដើម) ក្នុងវង់ក្រចកខាងក្រោយនាម រុក្ខជាតិ ត្រូវអានពាក្យនោះខាងមុខនាមវិញ។</p-n></li></ul>
កកោះស្បែក	SINDORA (Leguminosae-Caesalpinioideae)	Sindora siamensis Teijsm. ex Miq., var. maritima (Pierre) K. &amp; S. S. Larsen 	<ul><li>Tree, 10-15 m tall, of the secondary coastal forests of Southeast Asia. It differs from the previous variety by thornless fruits. These are also edible. Wood of bad quality used only for heating.	</li><li>ឈ្មោះព្រឹក្សមួយ កំពស់ ១០-១៥ម ដុះក្នុងព្រៃល្បោះក្បែរមាត់សមុទ្រនៃទ្វីបអាស៊ីផ្នែកអាគ្នេយ៍ ។ ផ្លែ កកោះស្បែក គ្មានបន្លា ដូចផ្លែកកោះធម្មតាទេ អាចបរិភោគបានដូចគ្នា ។ ឈើមិនល្អឡើយ គេប្រើសំរាប់ធ្វើអុសដុត ។ 	</li><li><p-n>More Information	NK &nbsp;: kâkâh sbaèk, kâkâh prê:k &nbsp;កកោះស្បែក, កកោះព្រែក	NOTE	ពេលមានពាក្យ (វល្លិ) (ស្មៅ) (ដើម) ក្នុងវង់ក្រចកខាងក្រោយនាម រុក្ខជាតិ ត្រូវអានពាក្យនោះខាងមុខនាមវិញ។</p-n></li></ul>
កង្ហារ	OROPHEA (Annonaceae) 	Orophea polycarpa A. DC. 	<ul><li>Shrub, 5-8 m tall, of the dense and secondary formations of Malaysia, Cambodia, Southern Vietnam and Andaman islands (India). Rather hard wood used for the small construction works.	</li><li>ឈ្មោះចុល្លព្រឹក្សមួយពួក កំពស់ ៥-៨ម ដុះក្នុងព្រៃធំ ឬព្រៃស្រោងក្នុងប្រទេសជ្វា កម្ពុជា វៀតណាមខាងត្បូង និងលើកោះ Andaman ប្រទេសឥណ្ឌា ។ ឈើរឹងគួរសម គេអាចប្រើធ្វើ គ្រឿងផ្ទះរាយរងបាន ។ 	</li><li><p-n>More Information	NK &nbsp;&nbsp;: kânghar &nbsp;កង្ហារ	NOTE	ពេលមានពាក្យ (វល្លិ) (ស្មៅ) (ដើម) ក្នុងវង់ក្រចកខាងក្រោយនាម រុក្ខជាតិ ត្រូវអានពាក្យនោះខាងមុខនាមវិញ។</p-n></li></ul>
កញ្ចុះដង្កូវ	LITSEA (Lauraceae) 	Litsea umbellata (Lour.) Merr.	<ul><li>Small tree, 5-15 m tall, of the dense and secondary formations of Indian regions, Malaysia and Indochina. The trunks are often used as pickets for fences. The boiled leaves are used as poultice against the sprains.	</li><li>កញ្ចុះដង្កូវ ជាព្រឹក្សតូចមួយប្រភេទកំពស់ ៥-១៥ម ដុះក្នុងព្រៃក្រាស់ និងក្រាស់មធ្យមនៃប្រទេសឥណ្ឌា ជ្វា និង ឥណ្ឌូចិន ។ ដើមច្រើន សំរាប់ប្រើធ្វើជាបង្គោលរបង ។ ស្លឹកស្ងោរអាចប្រើធ្វើជាថ្នាំបំពោកលើជើង ដៃដែលគ្រេច ។	</li><li><p-n>More Information	NK &nbsp;: &nbsp;kânh chôhs dângkow &nbsp;កញ្ចុះដង្កូវ	NOTE	ពេលមានពាក្យ (វល្លិ) (ស្មៅ) (ដើម) ក្នុងវង់ក្រចកខាងក្រោយនាម រុក្ខជាតិ ត្រូវអានពាក្យនោះខាងមុខនាមវិញ។</p-n></li></ul>
កញ្ឆា	CANNABIS (Cannabidaceae)	Cannabis sativa L. subsp. indica (Lam.) Small &amp; Cronquist	<ul><li>Annual herbaceous plant, originating from temprate Asia, grown all over the world. In Indochina, it is cultivated mainly on the highlands of Laos and Nothern Vietnam. The flowering tips give a drug, the &quot;hashish&quot;, a resinous brown paste, smoked like opium. All parts of the plant are intoxicating: dried leaves give a light euphoria at an early stage. In Cambodia, another sub-species is also cultivated (subsp. sativa) in some gardens ; leaves are taken to flavour dishes, particularly chicken &quot;soup&quot;. As a medicine, Indian hemp is prescribed as a sedative for people suffering stomach ulcers, cancer and digestion troubles.	</li><li>កញ្ឆាជា តិណជាតិប្រចាំឆ្នាំ មានដើមកំណើតក្នុងទ្វីបអាស៊ីត្រជាក់មធ្យម គេយកមកដាំគ្រប់ប្រទេស ។ នៅឥណ្ឌូចិន ស្រុកដែលដាំកញ្ឆាច្រើនជាងគេ គឺលាវ និងវៀតណាម ដាំលើភ្នំ ។ គ្រឿងស្រវឹងគឺនៅចុងធាងផ្កា ។ តាមពិត ដើមទាំងមូល អាចធ្វើអោយស្រវឹងខ្លាំងបាន តែគេតែងយកស្លឹកស្ងួតជក់ដូចថ្នាំ ។ ពេលជក់ដំបូង កញ្ឆាធ្វើឱ្យមានការសប្បាយចិត្ត បើជក់ច្រើន ការសប្បាយចិត្តនោះបាត់ទៅវិញ អ្នកខ្លះអាចទ្រហោយំក៏មានដែរ ។ នៅស្រុកខ្មែរ យើងមានដាំពូជរង ម្យ៉ាងសំរាប់ដាក់មាន់ស្ងោរ ជាគ្រឿងទេស និងធ្វើអោយមានការស្រវឹងស្រាលៗបន្តិចផង ។ ក្នុងផ្នែកវិធីព្យាបាលរោគ គ្រូពេទ្យតែងកញ្ឆាសម្រាប់ធ្វើថ្នាំបង្អន់ មិនអោយឈឺចាប់ខ្លាំង ដល់អ្នកជម្ងឺដំបៅក្រពះបាយ ឬមហារីក និងជម្ងឺក្នុងការរំលាយអាហារ ។	</li><li><p-n>More Information	NA : marihuana (employé au Mexique), Indian hemp (terme général)</p-n></li></ul>
កញ្ឆែត	NEPTUNIA (Leguminosae-Mimosoideae) 	Neptunia oleracea Lour. 	<ul><li>Aquatic herb, of stagnant waters, with raised horizontal and aerial stalk. The floating part is provided with spongy white ballcocks, placed in muff around every inter-node. At the level of every node, bundles of roots arise towards the water, and twigs with leaves and floral peduncles towards the air. Tropical species of the two hemispheres. Young stalks and young leaves eaten as vegetables. Often cultivated, because of the edible use of these organs.	</li><li>ឈ្មោះ តិណជាតិដុះក្នុងទឹកមួយប្រភេទ ដើមមានភាពផ្ដេក តែចុងដុះឡើងលើផុតទឹក ។ ដើមដែលអណ្តែតលើទឹក មានកោសិកាភ្លាយទៅជាវត្ថុម្យ៉ាងស្ពោត រាងដូចកំសួល រុំជុំវិញចន្លោះថ្នាំងនៃដើម ។ ឬសក្នុងទឹក ដុះចេញពីថ្នាំងនីមួយៗ ឯមែក និងស្លឹកព្រមទាំងផ្កា ដុះផុតទឹកក៏ចេញពីថ្នាំងដដែលនេះដែរ ។ ដើមកញ្ឆែតមានដុះនៅគ្រប់ប្រទេសក្ដៅសកលលោក មែក ស្លឹក ខ្ចីៗគេប្រើធ្វើអន្លក់ ។ ស្រុកខ្លះដាំកញ្ឆែតជាច្រើនសម្រាប់បរិភោគជាអាហារ ។	</li><li><p-n>More Information</p-n></li></ul>
កញ្ជើបាយដាច	CAPPARIS (Capparidaceae) 	Capparis micracantha DC.	<ul><li>4 to 5 m tall thorny bush, of thickets and secondary formations in tropical Asia. Fruits are edibles. Wood, seed and roots are used by local pharmacopoeia. The rasped and dried wood is mixed up with tobacco to make cigarettes which are said to heal ulceration of the nasal mucous membrane. Roasted seeds’ infusion are taken against cough. Roots have diuretic properties.	</li><li>ជាចុល្លព្រឹក្ស កំពស់ ៤-៥ម មានបន្លា ដុះក្នុងព្រៃគុម្ពោត ឬព្រៃស្រោង នៃអាស៊ីក្តៅ ។ ផ្លែអាចបរិភោគបាន ។ ឈើគ្រាប់ ឬសសម្រាប់ធ្វើឱសថ ។ ពេលមានដំបៅច្រមុះ គ្រូថ្នាំតែងអោយជក់ឈើកាត់ល្អិតៗ លាយជាមួយថ្នាំជក់ ។ គេស្ងោរ គ្រាប់លីងផឹក ដើម្បីព្យាបាលក្អក ។ ឬសកញ្ជើបាយដាច អាចផ្សំធ្វើថ្នាំឱ្យនោមច្រើន ។	</li><li><p-n>More Information	NK : kânh chë ba:y da:ch (panier de riz troué) កញ្ជើបាយដាច	NOTE	ពេលមានពាក្យ (វល្លិ) (ស្មៅ) (ដើម) ក្នុងវង់ក្រចកខាងក្រោយនាម រុក្ខជាតិ ត្រូវអានពាក្យនោះខាងមុខនាមវិញ។</p-n></li></ul>
កញ្ជ្រោល	GLUTA (Anacardiaceae)	Gluta cambodiana Pierre	<ul><li>Shrub or small tree, 4-10 m tall, of the secondary formations of the Malay peninsula, Cambodia and Laos. The stalks are often used as pickets. The twigs are used as firewood.	</li><li>ដើមកញ្ជ្រោល ជាចុល្លព្រឹក្ស ឬព្រឹក្សតូចមួយប្រភេទ កំពស់ ៤-១០ម ដុះក្នុងព្រៃស្រោងនៅឧបទ្វីបជ្វា និង ឥណ្ឌូចិន (ខ្មែរ លាវ) ។ ដើមសម្រាប់ធ្វើបង្គោលរបង ។ មែកតូចៗគេយកដុតធ្វើអុស ។ 	</li><li><p-n>More Information	NK &nbsp;: kânh chhrôôl​​ &nbsp;កញ្ជ្រោល	NOTE	ពេលមានពាក្យ (វល្លិ) (ស្មៅ) (ដើម) ក្នុងវង់ក្រចកខាងក្រោយនាម រុក្ខជាតិ ត្រូវអានពាក្យនោះខាងមុខនាមវិញ។</p-n></li></ul>
កណ្ដឹងដំរី 	KHAYA (Meliaceae)	Khaya senegalensis A. Juss.	<ul><li>Large tree, 8-30 m tall, originating from western Africa, introduced into numerous tropical countries. In Cambodia, the tree is planted in some big cities as decorative. It is met in particular along the large avenues of Phnom Penh.	</li><li>កណ្ដឹងដំរី ជាព្រឹក្សធំមួយប្រភេទកំពស់ ៨-៣០ម ដុះក្នុងទ្វីបអាហ្វ្រិកខាងលិច គេនាំមកដាជាលំអ និងសំរាប់ជាម្លប់ក្នុង និង ប្រទេសក្តៅជាច្រើន ។ នៅស្រុកខ្មែរ គេដាំតាមវិថីខ្លះនៅភ្នំពេញ និង ក្រុងធំៗ ដទៃទៀត ។ 	</li><li><p-n>More Information	NA &nbsp;: african mahogany</p-n></li></ul>
កណ្ដៀង - ក្រពេនទឹក	SPHENOCLEA (Sphenocleaceae)	Sphenoclea zeylanica Gaertn.	<ul><li>20-60 cm tall herb of the marshy grounds, paddy fields, lakes and puddles, of African origin, naturalized in all the warm regions of the world. Young shoots eaten as vegetables. In traditional medicine, the leaves are used in poultice against the stings of venomous animals and to cure the ulcers.	</li><li>ឈ្មោះតិណជាតិ កំពស់ ២០-៦០ស.ម ដុះលើដីមានភក់ល្បាប់, ក្នុងស្រែ ក្នុងបឹង ស្រៈ ដើមកំណើតក្នុងទ្វីបអាហ្រ្វិក តែគេនាំមកដាំគ្រប់ប្រទេសក្ដៅសកលលោក ។ មែក, ស្លឹក ខ្ចីៗ អាចបរិភោគជាបន្លែ ឬអន្លក់ ។ តាមក្បួនឱសថបុរាណ ស្លឹកចាស់ៗ គេបុកធ្វើថ្នាំបំពោក មុខរបួស ដោយសត្វមានពិសចឹក ឬខាំ និងសំរាប់ព្យាបាលដំបៅរលួយ ។	</li><li><p-n>More Information	NA &nbsp;: gooseweed</p-n></li></ul>
កណ្ដោល	CAREYA (Lecythidaceae)	Careya arborea Roxb.	<ul><li>Small tree, 7 to 15 m tall, from open formations or clear forests, in India, Sri Lanka; Malaysia, Thailand, Cambodia, Laos and Vietnam. Young leaves are consumed as uncooked vegetables. Barks make saddlecloth for elephants. Black dye from the bark is used to wash and bandage ulcerated wounds; also taken against diarrhoea. Wood used in building.	</li><li>កណ្ដោលជាព្រឹក្សតូចមួយប្រភេទកំពស់ ៧-១៥ម ដុះក្នុងព្រៃស្រោង ឬព្រៃល្បោះនៃប្រទេសឥណ្ឌា សេរីលង្កា ជ្វា និង ឥណ្ឌូចិន ។ ស្លឹកខ្ចីៗអាចធ្វើបន្លែ ឬរបោយបាន ។ សំបកដើមសម្រាប់ធ្វើអានដំរី ។ ជ័រពណ៌ខ្មៅចេញពីសំបក គេប្រើធ្វើថ្នាំលាងដំបៅឱ្យឆាប់ ឬជាថ្នាំរាគ ។ ឈើសំរាប់សង់ផ្ទះ ។	</li><li><p-n>More Information	Syn. : Careya sphoerica Roxb.</p-n></li></ul>
កណ្តាប់ចង្អេរ	POUZOLZIA (Urticaceae)	Pouzolzia zeylanica (L.) Benn. 	<ul><li>Herb, ruderal and of the edges of dense forest, 10-70 cm tall, more or less lying, branching, common in the Far East. Cambodians consider it as medicinal : in mixture with another plant of clear forest. &quot;chkaè sraèng&quot; (Cananga latifolia), it makes an infusion believed to be anticancerous. Mixed with an homonym herb (Christia vespertilionis), it makes an infusion against the tuberculosis. 	</li><li>ឈ្មោះស្មៅមួយប្រភេទកំពស់ ១០-៧០ស.ម ស្ទើរវារ ដុះមាត់ផ្លូវ និងមាត់ព្រៃធំ នៃមជ្ឈិមបូព៌ាប្រទេស ។ ក្នុងក្បួន            ឱសថបុរាណខ្មែរ ដើមនេះសំខាន់ណាស់ គេយកមែក ស្លឹក លាយជាមួយសំបកឆ្កែស្រែង ហើយឆុងផឹកព្យាបាលជំងឺមហារីក បើលាយជាមួយដើមមុខឈ្នាង គេបានថ្នាំម្យ៉ាងទៀត ព្យាបាលជំងឺរបេង ។	</li><li><p-n>More Information	Syn. : Pouzolzia indica (L.) Gaudich.</p-n></li></ul>
កន្ទាំងបាយ ស	SIDA (Malvaceae)	Sida acuta Brum. f., subsp. acuta	<ul><li>Sub-shrub, 0.80-1 m tall, met along the roads of the tropical regions. Bark used as link. The twigs are of use to the preparation of brooms. The decoction of the plant is used, in traditional medicine, to treat dysentery. The leaves crushed with sticky rice are used as poultice applied on boils. 	</li><li>ឈ្មោះគុម្ពព្រឹក្សតូចមួយប្រភេទ កំពស់ ០,៨០-១ម ដុះតាមមាត់ផ្លូវនៃប្រទេសក្តៅសកលលោក ។ ដើម និងមែក ប្រើធ្វើជាអំបោស មានសំបកវេញខ្សែបាន ។ គ្រូថ្នាំបុរាណ ដើមធ្វើថ្នាំព្យាបាលជំងឺមួល ។ ស្លឹកបុកជាមួយអង្ករដំណើប អាចធ្វើថ្នាំបំពោកលើបូសទ្រនិច ។ 	</li><li><p-n>More Information	NA &nbsp;: broom-weed</p-n></li></ul>
កន្ទាំងបាយស ញី	SIDA (Malvaceae)	Sida rhombifolia L.	<ul><li>Sub-shrub, 1-1.50 m tall, very hairy, met along the roads of tropical Asia. Species used in popular medicine: the roasted leaves are used to make a soft drink. The fresh mucilaginous leaves, crushed with sticky rice are used as poultice to provoke the maturation of abscess.	</li><li>គុម្ពព្រឹក្សតូចមួយប្រភេទ កំពស់ ១-១,៥០ម មានរោមច្រើន ដុះតាមមាត់ផ្លូវនៃអាស៊ីផ្នែកក្ដៅ ។ តាមក្បួនឱសថ            បុរាណ គេស្ងោរស្លឹកដែលរោលភ្លើងហើយ ធ្វើជាថ្នាំត្រជាក់ ។ គេបុកស្លឹកស្រស់ជាមួយអង្ករដំណើប បិទលើមុខបូសឱ្យឆាប់ធ្លាយ ។ 	</li><li><p-n>More Information	NK &nbsp;: kântèang ba:y sânhi &nbsp;កន្ទាំងបាយសញី	NOTE	ពេលមានពាក្យ (វល្លិ) (ស្មៅ) (ដើម) ក្នុងវង់ក្រចកខាងក្រោយនាម រុក្ខជាតិ ត្រូវអានពាក្យនោះខាងមុខនាមវិញ។</p-n></li></ul>
កន្ទាំងហែផ្លែបីជ្រុង	POLYGONUM (Polygonaceae)	Polygonum barbatum L.	<ul><li>Erected sturdy herb, 1-2 m tall, perennial, common in the open and wet places of Southeast Asia. Non edible plant. Seeds used in traditional medicine against dysentery and cholera. 	</li><li>ឈ្មោះស្មៅម្យ៉ាង ដុះត្រង់ទៅលើ មែករឹង រស់បានច្រើនឆ្នាំ កំពស់១-២ម ដុះលើដីវាលសើមៗ នៃអាស៊ីផ្នែកអាគ្នេយ៍ ដើមនេះបរិភោគមិនបានទេ ។ គេប្រើគ្រាប់ធ្វើថ្នាំរំងាប់រោគមួល និង អាសន្នរោគ ។	</li><li><p-n>More Information	NK &nbsp;: kantèang haè phlaè bèi chrung (polygonum à fruits trigones) &nbsp;កន្ទាំងហែផ្លែ បីជ្រុង	NOTE	ពេលមានពាក្យ (វល្លិ) (ស្មៅ) (ដើម) ក្នុងវង់ក្រចកខាងក្រោយនាម រុក្ខជាតិ ត្រូវអានពាក្យនោះខាងមុខនាមវិញ។</p-n></li></ul>
កន្ទុយក្រពើ	TAMARIX (Tamaricaceae)	Tamarix chinensis Lour.	<ul><li>Shrub with reddish twigs, pink flowers, of Chinese origin, introduced and naturalized in the United States, cultivated in the warm and temperate countries as decorative plant. It should be underlined that the manna of the Hebrew would come from the sap of the species T. mannifera Ehrenb., very sweet sap made supernaturally by the sting of insects.	</li><li>គុម្ពព្រឹក្សមួយប្រភេទ មែកធាងពណ៌ក្រហមភ្លាវ ផ្កាពណ៌កុលាប ដើមកំណើតក្នុងប្រទេសចិន នាំចេញដាំដំបូងនៅទ្វីបអាមេរិកខាងជើង គេដាំក្រោយមកនៅគ្រប់ស្រុកក្ដៅ និងត្រជាក់មធ្យមសកលលោក ជារុក្ខជាតិលំអ ។ កំណត់៖ ក្នុងគុម្ពីគ្រិស្តសាសនា ពួក Hébreux ដែលរត់ពីប្រទេស Egypt មកទើក្នុងវាលរហោឋានចំនួន៤០ឆ្នាំ មាន អាហារបរិភោគ (manne) ដោយជ័រផ្អែមម្យ៉ាង ចេញពីដើមសន្តានកន្ទុយក្រពើ (ឈ្មោះ Tamarix mannifera) ពេលមានសត្វល្អិតទិចរៀងរាល់ថ្ងៃ ដែលជាអព្ភូតហេតុអស្ចារ្យ មិនដែលមានពីរដងឡើយ ។ 	</li><li><p-n>More Information	NA &nbsp;: tamarisk</p-n></li></ul>
កន្ទុយដំរី	AGAVE (Agavaceae)	Agave sisalana (Engelm.) J.R. Drumm. &amp; Prain	<ul><li>Sisal is an hard herb which has its origin in Mexique cultivated in Asia as ornamental. The leave may give strong textile fiber.	</li><li>ជាស្មៅដែលមានកំណើតក្នុងស្រុក Mexique ខាងកើត គេយកដាំពាសពេញប្រទេសអាស៊ី ជារុក្ខជាតិលំអដោយស្លឹកស្រួចដូចកន្ទុយដំរី ។ ស្លឹកកន្ទុយដំរី ក៏គេយកទៅធ្វើអំបោះដែរ ហើយជាប់ជាងអំបោះម្ចាស់បារាំងផង ។	</li><li><p-n>More Information	NA : sisal</p-n></li></ul>
កន្ទុយដំរី (ដើម)	THUJA (Cupressaceae, Gymnospermes) 	Thuja orientalis L. 	<ul><li>Shrub, 2-8 m tall, originating from Central Asia, cultivated as decorative in the warm and temperate regions. The leaves would have medicinal properties, as febrifuge and antidysenteric.	</li><li>ចុល្លព្រឹក្សមួយប្រភេទ កំពស់ ២-៨ម ដើមកំណើតក្នុងអាស៊ីកណ្ដាល គេដាំនៅប្រទេសក្ដៅ និងត្រជាក់មធ្យម ជា          រុក្ខជាតិលំអ ។ ស្លឹកអាចធ្វើថ្នាំព្យាបាលជម្ងឺគ្រុន និង រាគ ។	</li><li><p-n>More Information	Syn. &nbsp;: Biota orientalis Endl.</p-n></li></ul>
កន្ទុយត្រកួត	@ស្រកាបង្កួយ	PHYLLODIUM (Leguminosae-Papilionoideae)	Phyllodium elegans (Lour.) Desv. 	<ul><li>Shrub, 1-2 m tall, of the undergrowth of the dense and clear forests of Cambodia, Laos, Vietnam, Thailand, Southern China and Java. The twigs with leaves are generally used to cover laying places. The infusions of flowers have curative properties for the respiratory diseases. In Kampot, the roots are used to treat the oedemas of the newborn children.	</li><li>ចុល្លព្រឹក្សម្យ៉ាងកំពស់ ១-២ម ដុះក្រោមឈើធំៗ ក្នុងព្រៃធំ ឬស្រោង នៃប្រទេសកម្ពុជា, លាវ, វៀតណាម, ថៃ, ចិនខាងត្បូង និងលើកោះ Java ។ មែកមានស្លឹកសំរាប់ប្រើធ្វើសំបុកឱ្យមាន់ពង ។ គេស្ងោរផ្កាផឹកព្យាបាលជំងឺគ្រឿងដកដង្ហើម ។ នៅកំពត គេប្រើឬសធ្វើថ្នាំរម្ងាប់រោគហើម នៃកូនខ្ចី ។	</li><li><p-n>More Information	Syn. : Desmodium elegans (Lour.) Benth.</p-n></li></ul>
កន្ទុយវេ	NEOLITSEA (Lauraceae)	Neolitsea zeylanica Merr.	<ul><li>Shrub or small tree, 4-10 m tall, of the secondary and dense formations of the Indochinese and Malay Peninsula, Southern China, Indian regions and tropical Australia. The barks, nice-smelling, make incense sticks.	</li><li>ឈ្មោះចុល្លព្រឹក្សឬព្រឹក្សតូចម្យ៉ាងកំពស់៤-១០ម ដុះក្នុងព្រៃក្រាស់ និងព្រៃល្បោះ នៃឧបទ្វីបឥណ្ឌូចិន, ជ្វា, ប្រទេសចិនខាងត្បូង ឥណ្ឌា និង អូស្ត្រាលី ផ្នែកក្ដៅ ។ សំបកមានក្លិនក្រអូប គេប្រើសំរាប់ធ្វើធូប។	</li><li><p-n>More Information	NK &nbsp;: &nbsp;kântuy vé &nbsp;&nbsp;កន្ទុយវេ	NOTE	ពេលមានពាក្យ (វល្លិ) (ស្មៅ) (ដើម) ក្នុងវង់ក្រចកខាងក្រោយនាម រុក្ខជាតិ ត្រូវអានពាក្យនោះខាងមុខនាមវិញ។</p-n></li></ul>
កន្ទួត	PHYLLANTHUS (Euphorbiaceae)	Phyllanthus acidus (L.) Skeels	<ul><li>Shrub, 2-8 m tall, of the open formations of tropical Asia, naturalized in the New World and in Madagascar. The acid fruits are edible. They may be found on markets. In traditional medicine, the milky juice pouring from the incised stalks, is used as emetic. In Indonesia, the leaves are used in poultice against the lumbago and sciatica. The roots would be medicinal.	</li><li>ឈ្មោះចុលព្រឹក្សមួយប្រភេទកំពស់ ២-៨ម ដុះក្នុងព្រៃស្រោងនៃប្រទេសអាស៊ីក្ដៅ គេនាំទៅដាំនៅអាមេរិក និង Madagascar ។ ផ្លែមានរសជាតិជូរអែម អាចបរិភោគបាន ផ្លែនេះច្រើនមានលក់ក្នុងផ្សារ ។ តាមក្បួនឱសថបុរាណ ជ័រ ដែលហូរពីមែកកាត់ សំរាប់ធ្វើថ្នាំក្អួត  ។ នៅប្រទេសឥណ្ឌូនេស៊ី គេប្រើស្លឹកធ្វើថ្នាំបំពោក ព្យាបាលជម្ងឺចុកចង្កេះ និងឈឺសរសៃជើង ។ ឬស ក៏ជាថ្នាំរម្ងាប់រោគដែរ ។ 	</li><li><p-n>More Information	Syn. &nbsp;: Phyllanthus distichus Müll. Arg.</p-n></li></ul>
កន្ទួតព្រៃ 	PHYLLANTHUS (Euphorbiaceae)	Phyllanthus emblica L.	<ul><li>Shrub, 2-8 m tall, of the clear forests of the Far East. In Cambodia, the species abounds especially in Kompong Speu province, most of all near Kirirom. The acid fruits, rich in C vitamin, are eaten either fresh, or as condiments. Eaten fresh, they have a sweet taste. The bark, leaves and fruits give a yellow dye. In traditional medicine, the infusion of the bark is well known as effective against diarrhea.	</li><li>ឈ្មោះចុល្លព្រឹក្សកំពស់ ២-៨ម ដុះក្នុងព្រៃស្រោងនៃមជ្ឈិមបូព៌ាប្រទេស ។ ក្នុងប្រទេសខ្មែរ កន្ទួតព្រៃសម្បូរណាស់ ក្នុងខេត្តកំពង់ស្ពឺ និងភ្នំ Kirirom ។ ផ្លែរសជូរមាន វីតាមីន C ច្រើនអាចបរិភោគស្រស់ ឬជាគ្រឿងទេសសម្ល ។ បើបរិភោគស្រស់ ផ្លែនេះឱ្យរសជាតិផ្អែមក្នុងមាត់ ។ សំបក, ស្លឹក, ផ្លែជាថ្នាំជ្រលក់សំពត់ឱ្យពណ៌លឿង ។ គេស្ងោរសំបកផឹក ព្យាបាលជំងឺរាគ ។	</li><li><p-n>More Information	NK &nbsp;: &nbsp;kântuët préi &nbsp;កន្ទួតព្រៃ	NOTE	ពេលមានពាក្យ (វល្លិ) (ស្មៅ) (ដើម) ក្នុងវង់ក្រចកខាងក្រោយនាម រុក្ខជាតិ ត្រូវអានពាក្យនោះខាងមុខនាមវិញ។</p-n></li></ul>
កន្ទេចអាល	CHAETOCARPUS (Euphorbiaceae)	Chaetocarpus castanicarpus (Roxb.) Thwaites 	<ul><li>Shrub. 1-5 m tall, of the dense forests of tropical Asia. Young leaves consumed as vegetables. Good lumber and fire wood. The leaves’ morphology looks like that of a stinging herb of the same name &quot;smau kânté:ch a:1&quot;.	</li><li>ដើមកន្ទេចអាលមានកំពស់ ១ទៅ៥ម ច្រើនដុះក្នុងព្រៃជ្រៅនៅអាស៊ីផ្នែកក្ដៅ ។ ស្លឹកខ្ចីៗ (មានរាងរៅស្រដៀង ស្មៅ           កន្ទេចកាល តែមិនរោលរមាស់ ក្រហាយដូចស្មៅនេះទេ) គេប្រើជាបន្លែ បរិភោគឆៅ ឬក្នុងសម្ល ។ ឈើដើមកន្ទេចអាល អាចសង់ផ្ទះតូចតាចបាន តែគេនិយមយកធ្វើអុសដុត ។	</li><li><p-n>More Information	NK : (daëm) kânté:ch a:l &nbsp;(ដើម) កន្ទេចអាល	NOTE	ពេលមានពាក្យ (វល្លិ) (ស្មៅ) (ដើម) ក្នុងវង់ក្រចកខាងក្រោយនាម រុក្ខជាតិ ត្រូវអានពាក្យនោះខាងមុខនាមវិញ។</p-n></li></ul>
កន្ទេចអាល	BOEHMERIA (Urticaceae) 	Boehmeria interrupta Guill.	<ul><li>Creeping herb growing in moist places in South East Asia. Medicinal plant. The young leaves are pounded whit water have to be applied as poultices on the ulcers previously washed.	</li><li>ដើមនេះជាស្មៅម្យ៉ាង វារលើដីមានរោមរោល ដូចដើម Ortie ដែរដុះលើដីសើម នៃស៊ីផ្នែកអាគ្នេយ៍ ។ ជារុក្ខជាតិ សម្រាប់ធ្វើឱសថ ។ ដើម្បីឱ្យឆាប់ជាដំបៅ គេយកស្លឹកកន្ទេចអាលបុកអោយម៉ត់ ហើយលាយទឹកបន្តិចៗ មកលាបពីលើ ។	</li><li><p-n>More Information	NK : kanté:ch â:1 កន្ទេចអាល	NOTE	ពេលមានពាក្យ (វល្លិ) (ស្មៅ) (ដើម) ក្នុងវង់ក្រចកខាងក្រោយនាម រុក្ខជាតិ ត្រូវអានពាក្យនោះខាងមុខនាមវិញ។</p-n></li></ul>
កន្ទោងរោយ	@ប៉ាង់កាចាក់	ENGELHARDIA (Juglandaceae)	Engelhardia roxburghiana Lindl. ex Wall. 	<ul><li>Tree, 20-25 m tall, of wet dense forests or of pine forests between 700 and 1000 m, met in Indochina, India, China, Borneo and Sumatra. The leaves and the barks are used to stun fishes and may keep leeches away.	</li><li>ឈ្មោះព្រឹក្សមួយប្រភេទ កំពស់២០-២៥ម ដុះក្នុងព្រៃត្រជាក់ ឬព្រៃស្រល់លើភ្នំដែលខ្ពស់ពី ៧០០ ទៅ ១០០០ម នៃទ្វីបឥណ្ឌូចិន ឥណ្ឌា ចិន និង នៅកោះ Borneo និង Sumatra, ស្លឹក និងសំបកសំរាប់ធ្វើឱ្យត្រីឱ្យស្ពឹក ឬស្រវឹងមុននឹង នេសាទ ឬ សម្រាប់ដេញឈ្លើង ។ 	</li><li><p-n>More Information	NK &nbsp;: &nbsp;kântô:ng rô:y, pang’ kachak’ &nbsp;កន្ទោងរោយ, ប៉ាង់កាចាក់	NOTE	ពេលមានពាក្យ (វល្លិ) (ស្មៅ) (ដើម) ក្នុងវង់ក្រចកខាងក្រោយនាម រុក្ខជាតិ ត្រូវអានពាក្យនោះខាងមុខនាមវិញ។</p-n></li></ul>
កន្ទ្រាំងហែ	POLYGONUM (Polygonaceae)	Polygonum tomentosum Willd. 	<ul><li>Perennial herb, 0.50-1.50 m tall, of the wet places of tropical Asia. The young shoots are edible, eaten in salad and in &quot;sâmlâ:&quot;. The complete plant, crushed or calcined, is used to make a washing water.	</li><li>ឈោ្មះស្មៅរស់យូរឆ្នាំមួយប្រភេទ កំពស់ ០.៥០-១,៥០ម ដុះលើដីមានទឹក ឬក្នុងទឹកនៃអាស៊ីផ្នែកក្ដៅ ។ ត្រួយសំរាប់ ប្រើជាអន្លក់ ឬជាបន្លែស្លម្ជូរមានរសពិសារ ។ ដើមស្ងួតអាចដុតធ្វើទឹកក្បុង សំរាប់បោកលាងសំលៀកបំពាក់ ។ 	</li><li><p-n>More Information	NK &nbsp;: kantèang haè &nbsp;កន្ទាំងហែ	NOTE	ពេលមានពាក្យ (វល្លិ) (ស្មៅ) (ដើម) ក្នុងវង់ក្រចកខាងក្រោយនាម រុក្ខជាតិ ត្រូវអានពាក្យនោះខាងមុខនាមវិញ។</p-n></li></ul>
កន្ទ្រាំធារី	STEPHANIA (Menispermaceae) 	Stephania pierrei Diels	<ul><li>Herbaceous liana, 5-10 m long, of the clear formations, lawns or wet places of tropical Asia. Stalk and tubers used in traditional medicine. The decoction of the stalk would be effective against different diseases: fevers, dysentery, tuberculosis and asthma. The tubers would be used against the headaches and heart diseases.	</li><li>ឈ្មោះវល្លិឆ្មារម្យ៉ាង ប្រវែង ៥-១០ម ដុះក្នុងព្រៃស្រោង លើវាលស្មៅ រឺលើដីសើមៗ នៃទ្វីបអាស៊ីក្ដៅ ។ ក្នុងក្បួនឱសថ បុរាណ គេស្ងោរដើម ព្យាបាលជំងឺជាច្រើន គឺ គ្រុន មួល របេង និងរោគហឺត ។ មើមជាថ្នាំឈឺក្បាល និងព្យាបាលរោគ          បេះដូង ។ 	</li><li><p-n>More Information	NK &nbsp;: kântroâm thiëri​ &nbsp;កន្ទ្រាំធារី	NOTE	ពេលមានពាក្យ (វល្លិ) (ស្មៅ) (ដើម) ក្នុងវង់ក្រចកខាងក្រោយនាម រុក្ខជាតិ ត្រូវអានពាក្យនោះខាងមុខនាមវិញ។</p-n></li></ul>
កន្ទ្រោក	@កន្ទ្រោកសម្ល	MURRAYA (Rutaceae)	Murraya koenigii (L.) Spreng.	<ul><li>Shrub, 1-2 m tall, growing by bundles, in the sunny places, in the secondary formations and the undergrowth of Cambodia, Laos, India, Yunnan and Java, introduced into the other countries of Southeast Asia: often cultivated in the gardens. Leaves used as condiments to flavor some dishes, in particular &quot;sâmlâ&quot; (Cambodia) and the curry in India and Sri Lanka. In traditional medicine, the bark, the root and the leaves are considered as invigorating and tonic. The decoctions of leaves are given in bath to the children affected by scabies.	</li><li>ចុល្លព្រឹក្សម្យ៉ាងកំពស់១-២ម ដុះជាគុម្ព លើដីវាលឬក្នុងព្រៃល្បោះ ឬព្រៃគុម្ពោតនៃប្រទេសកម្ពុជា លាវ ឥណ្ឌា ចិនខាងត្បូង, កោះយ៉ាវ៉ា (Java), គេនាំចូលក្នុងស្រុកឯទៀតៗនៅអាស៊ីផ្នែកអាគ្នេយ៍ ពេលខ្លះគេដាំជាលំអក្នុងសួន ។ ស្លឹក ផ្លែមានក្លិនប្រហើរប្រើធ្វើគ្រឿងសម្ល នៅឥណ្ឌាគេប្រើសំរាប់ ដាក់ក្នុងការី ។ តាមគ្រូហ្មបុរាណ សំបក ឬស នឹងស្លឹក ជាថ្នាំលើកកំលាំង និងធ្វើអោយក្លៀវក្លាផង ។ គេដាំស្លឹកអោយក្មេងកើតជំងឺកមរមាស់ងូត ។	</li><li><p-n>More Information	NA &nbsp;&nbsp;: curry leaf</p-n></li></ul>
កន្ទ្រោកខ្មោច 	CLAUSENA (Rutaceae)	Clausena excavata Burm. f., var. villosa Hook. 	<ul><li>Shrub, 1-2 m tall, of secondary undergrowth of Indochina. Very hairy plant in all the parts, with slightly aromatic leaves, very rarely used in cooking. In traditional medicine, they are used in fumigation against the nasal ulcerations. 	</li><li>កន្រ្ទោកខ្មោចជាគុម្ពព្រឹក ឬចុល្លព្រឹក្សតូច កំពស់១-២ម ដុះក្នុងព្រៃគុម្ពោតនៃឥណ្ឌូចិន ។ ដើមនេះមានរោមច្រើនណាស់ ស្លឹកធំក្រអូប តែគេមិន និយមប្រើសម្រាប់បង់សម្លឡើយ លើកលែងតែពេលមានទុរិ្ភក្ស ដោយគេគ្មានកន្ទ្រោបសម្លនៅជិតដៃ ។ គ្រូថ្នាំខ្លះយកស្លឹកកន្រ្ទោកខ្មោចសម្រាប់ ឱ្យអ្នកដំបៅច្រមុះ ទុកស្ពុង ។	</li><li><p-n>More Information	NK : kântrôôk khmaô:ch &nbsp;កន្ទ្រោកខ្មោច	NOTE	ពេលមានពាក្យ (វល្លិ) (ស្មៅ) (ដើម) ក្នុងវង់ក្រចកខាងក្រោយនាម រុក្ខជាតិ ត្រូវអានពាក្យនោះខាងមុខនាមវិញ។</p-n></li></ul>
កន្ទ្រោកដំរី 	CLAUSENA (Rutaceae)	Clausena excavata Burm. f., var. excavata	<ul><li>Shrub, 1-4 m tall, of secondary and open formations of Southeast Asia. The leaves, little hairy, when dried out, can be smoked as tobacco. The infusions of stalks are absorbed in case of stomach pains. The roots are used in traditional medicine against fever and headaches. 	</li><li>ឈ្មោះចុល្លព្រឹក្សមួយប្រភេទ កំពស់១-៤ម ដុះក្នុងព្រៃស្រោង នៃទ្វីបអាស៊ីផ្នែកអាគ្នេយ៍ ។ ស្លឹកមានរោម តែខាងក្រោម ពេលហាលស្ងួតអាចជក់ជំនួសថ្នាំបាន ។ គ្រូថ្នាំតែងយកមែកស្ងោរឱ្យអ្នកចុកពោះផឹក ។ ឬសគេអាចប្រើសម្រាប់ព្យាបាលជម្ងឺគ្រុន ឬឈឺក្បាល ។	</li><li><p-n>More Information	NK : kântrôôk dâmrèi &nbsp;កន្ទ្រោកដំរី	NOTE	ពេលមានពាក្យ (វល្លិ) (ស្មៅ) (ដើម) ក្នុងវង់ក្រចកខាងក្រោយនាម រុក្ខជាតិ ត្រូវអានពាក្យនោះខាងមុខនាមវិញ។</p-n></li></ul>
កន្ទ្រោករលាយខួរ	MICROMELUM (Rutaceae)	Micromelum minutum (G. Forst.) Wight &amp; Arn. 	<ul><li>Shrub, 1-4 m tall, of the open places and undergrowth of Indochina and Indian peninsula. In traditional medicine, the leaves are used for the regulation of menstruation. They are used also to protect the wounds from infection and insects. Formerly in Vietnam, sap was of use to the lacquering of teeth.	</li><li>ចុលព្រឹក្ស ឬ គុម្ពព្រឹក្សម្យ៉ាង កំពស់ ១-៤ម ដុះលើដីវាល និងក្នុងព្រៃគុម្ពោត នៃឥណ្ឌូចិន និងនៅឧបទ្វីបឥណ្ឌា ។ ស្លឹកសម្រាប់ប្រើជា ថ្នាំបុរាណព្យាបាលអោយរដូវស្រ្ដីបានទៀងទាត់ ។ គេប្រើ ស្លឹកដដែលនេះ ការពារកុំអោយដំបៅក្លាយ និងឃាត់សត្វល្អិតកុំអោយខាំ ។	</li><li><p-n>More Information	Syn. : Micromelum falcalum (Lour.) Tanaka</p-n></li></ul>
កន្លង់រេស	SYZYGIUM (Myrtaceae)	Syzygium samarangense (Blume) Merr. &amp; L.M. Perry 	<ul><li>Shrub, 3-8 m tall, of the dense formations of moderate altitude in India, Indochinese Peninsula and Indonesia. Edible fruits. Good firewood.	</li><li>កន្លង់រេសជាចុល្លព្រឹក្សកំពស់ ៣-៨ម ដុះក្នុងព្រៃក្រាស់នៅឧបទ្វីបឥណ្ឌូចិន ប្រទេសឥណ្ឌា និងឥណ្ឌូណេស៊ី ។ ផ្លែ អាចបរិភោគបាន ។ ឈើគេច្រើនប្រើសំរាប់ដុតកំដៅ ។ 	</li><li><p-n>More Information	Syn. &nbsp;: Eugenia javanica Lam.</p-n></li></ul>
កន្លើតចចក	VERNONIA (Compositae)	Vernonia elliptica DC.	<ul><li>Shrub, 1-4 m tall, often climbing, of the dense and secondary formations of Southeast Asia. The wood, finely grated, dried in the sun, is smoked in cigarettes in mixture with tobacco to treat diseases of the nose (rhinitises with ulcerations of the mucous membranes). It is also part of an infusion against the bronchitis.	</li><li>ឈ្មោះចុល្លព្រឹក្សមួយប្រភេទកំពស់១-៤ម ស្ទើរវារដុះក្នុងព្រៃក្រាស់ឬល្បោះនៃអាស៊ីផ្នែកអាគ្នេយ៍ ។ ជារុក្ខជាតិឱសថ ។ គេឈូសឈើស្ដើងៗ កិនអោយម៉ត់ហាលថ្ងៃអោយស្ងួតលាយជាមួយថ្នាំជក់ សំរាប់ព្យាបាលជំងឺដំបៅច្រមុះ ។ ឈើអាចផ្សំធ្វើថ្នាំទឹកសំរាប់ផឹករម្ងាប់រោគទងស្ងួត ។ 	</li><li><p-n>More Information	Syn. : Vernonia elaegnifolia DC.</p-n></li></ul>
កន្សែង	@ពុំសែន	XANTHOPHYLLUM (Xanthophyllaceae)	Xanthophyllum glaucum Wall. 	<ul><li>Tree, 8-15 m tall, of the wet formations of India and the Indochinese Peninsula. The leaves can replace hop in beer-making. The infusion of the bark is effective against chicken pox. Firewood. 	</li><li>ព្រឹក្សមួយប្រភេទ កំពស់ ៨-១៥ម ដុះក្នុងព្រៃធំត្រជាក់ នៃប្រទេសឥណ្ឌា និងឧបទ្វីបឥណ្ឌូចិន ។ ស្លឹកគេប្រើជំនួសដើមហ៊ូប្លុងសម្រាប់អប់ស្រាប៊ីយែរ ។ សំបកអាចឆុងផឹករម្ងាប់រោគអុតស្វាយ ។ មែកធាងសម្រាប់ធ្វើអុស ។ 	</li><li><p-n>More Information	NK &nbsp;: kânsaèng, pumsaèn &nbsp;កន្សែង, ពុំសែន	NOTE	ពេលមានពាក្យ (វល្លិ) (ស្មៅ) (ដើម) ក្នុងវង់ក្រចកខាងក្រោយនាម រុក្ខជាតិ ត្រូវអានពាក្យនោះខាងមុខនាមវិញ។</p-n></li></ul>
កបូ៍រ	CINNAMOMUM (Lauraceae)	Cinnamomum camphora (L.) J. Presl	<ul><li>Tree, 10-15 m tall, of the forests of Japan and China, cultivated in the gardens in North Vietnam. In Cambodia, only the crystallized camphor (kâbô:) is known, used by the Cambodians in inhalation against the cold and headaches. The camphor is a product resulting from the distillation of the roots, of wood or of green leaves of the camphor laurel.	</li><li>ឈ្មោះជ័រមួយយ៉ាង មានក្លិនប្រហើរឆួល សម្រាប់ប្រើជាថ្នាំឈឺក្បាល វិលមុខ តឹងច្រមុះ ។ ជ័រនេះគេស្រង់ចេញពីស្លឹក ឬស និងមែកនៃដើមឈើ មួយប្រភេទក្នុងសន្ដានទេពទារូ កំពស់ ១០-១៥ម ដុះក្នុងព្រៃស្រុកជប៉ុន និងចិន ។ វៀតណាម ខាងត្បូងមាននាំមកដាំ ។	</li><li><p-n>More Information	NA : camphor</p-n></li></ul>
កប្បាស	GOSSYPIUM (Malvaceae)	Gossypium herbaceum L.	<ul><li>Small shrub, 1-2 m tall, probably native from Africa, cultivated in the whole Indochina. The white-gray cotton is detachable from the seed with difficulty. It is used especially for the filling of mattress and pillows. The plant is considered as having medicinal virtues. The decoction of the stalks is prescribed for malaria and other fevers. That of leaves and the flowers would be effective against breast diseases. In external use, the same organs, after concentrated maceration are applied to inflammations.	</li><li>ដើមកប្បាស ជាចុល្លព្រឹក្សតូចកំពស់ ១-២ម ប្រហែលមានដើមកំណើតនៅទ្វីបអាហ្វ្រិក គេដាំនៅឥណ្ឌូចិន ។ សរសៃ សម្បុរសក្រមៅ ជាប់ជាមួយគ្រាប់ ពិបាកយកគ្រាប់ចេញណាស់ ហេតុនេះគេប្រើការសម្រាប់ញាត់ពូកខ្នើយ ។ គ្រូថ្នាំទុកដើម កប្បាសជារុក្ខជាតិឱសថ គាត់ស្ងោរដើម និងមែកឱ្យផឹកពេលគ្រុនធម្មតា និងគ្រុនចាញ់ ។ គាត់ស្ងោរផ្កា និងស្លឹក ឱ្យផឹកដើម្បីរម្ងាប់រោគឈើដើមទ្រូង ។ មែក ស្លឹក ផ្កាអាចធ្វើថ្នាំបំពោកលើកន្លែងហើមផ្សេងៗ ។ 	</li><li><p-n>More Information	NF &nbsp;&nbsp;: cotonnier</p-n></li></ul>
កប្បាសព្នង	GOSSYPIUM (Malvaceae)	Gossypium hirsutum L. 	<ul><li>Shrub, 2-4 m tall, of American origin, introduced into some rural villages as decorative. The mountain dwellers use the cotton for the weaving.	</li><li>ឈ្មោះចុល្លព្រឹក្សមួយប្រភេទ កំពស់ ២-៤ម មានដើមកំណើតក្នុងទ្វីបអាមេរិក គេនាំចូលក្នុងភូមិខ្លះជាលំអ ។ ពួកព្នង យកសរសៃផ្លែដើមនេះ សម្រាប់ត្បាញសំលៀកបំពាក់ ។	</li><li><p-n>More Information	NK &nbsp;: &nbsp;kabbahs phnô:ng (coton des montagnards) កប្បាសព្នង	NOTE	ពេលមានពាក្យ (វល្លិ) (ស្មៅ) (ដើម) ក្នុងវង់ក្រចកខាងក្រោយនាម រុក្ខជាតិ ត្រូវអានពាក្យនោះខាងមុខនាមវិញ។</p-n></li></ul>
កប្បាសព្រៃ	COCHLOSPERMUM (Cochlospermaceae)	Cochlospermum religiosum (L.) Alston	<ul><li>Shrub, 6-10 m tall, of open formations of Indochina and of India. Fuits have their seeds wrapped with a cotton ; harvested and used in the same conditions as silk cotton (filling of mattress, pillows). The wood may be used to make paper mass. 	</li><li>ឈ្មោះចុល្លព្រឹក្សមួយកំពស់ ៦-១០ម ដុះក្នុងព្រៃរបោះ នៃស្រុកឥណ្ឌា និងឥណ្ឌូចិន ។ គ្រាប់មានសសៃកប្បាសវែងៗ  គេប្រើដូចគ ឬកប្បាស គឺសម្រាប់ញាត់ពូកខ្នើយ ។ សំបកគេអាចយកទៅធ្វើក្រដាសបាន ។	</li><li><p-n>More Information	Syn. : Cochlospermum gossypium (L.) Alston</p-n></li></ul>
កប្បាសព្រៃរនាម	MALLOTUS (Euphorbiaceae)	Mallotus floribundus (Blume) Müll. Arg. 	<ul><li>Shrub, 2-10 m tall, of the secondary formations of Vietnam and flooded forests of Cambodia. The infusion of leaves can be drunk as the tea. Twigs used as firewood.	</li><li>ឈោ្មះចុល្លព្រឹក្សមួយប្រភេទកំពស់ ២-១០ម ដុះក្នុងព្រៃល្បោះនៃប្រទេសវៀតណាម និងព្រៃរនាម ប្រទេសកម្ពុជា។ ស្លឹក គេប្រើឆុងផឹកដូចតែ ។ មែកធាងតូចៗ គេរើសធ្វើអុសដុត ។ 	</li><li><p-n>More Information	Syn. &nbsp;&nbsp;: Coelodiscus anamiticus (Kuntze) Gagnep.</p-n></li></ul>
កប្បាសល័ក្ខ	ACALYPHA (Euphorbiaceae)	Acalypha wilkesiana Müll. Arg.	<ul><li>Subshrub with decorative leaves, native to Oceanic areas, cultivated in Cambodia as ornamental.	</li><li>គុម្ពព្រឹក្សតូចមួយប្រភេទ មានដើមកំណើតក្នុងស្រុក ដែលនៅជុំវិញមហាសមុទ្រអូសេអានី ។ ដើមនេះមានស្លឹក មាន ពណ៌ចំរុះ គេតែងដាំក្នុងសួនអោយល្អមើល។ 	</li><li><p-n>More Information	NK : kâbba:hs lèak (cotonnier multicolore) កប្បាសល័ក្ខ	NOTE	ពេលមានពាក្យ (វល្លិ) (ស្មៅ) (ដើម) ក្នុងវង់ក្រចកខាងក្រោយនាម រុក្ខជាតិ ត្រូវអានពាក្យនោះខាងមុខនាមវិញ។</p-n></li></ul>
កប្បាសហាប់	GOSSYPIUM (Malvaceae)	Gossypium arboreum L.	<ul><li>Shrub, 2-8 m tall, originating from India, cultivated for its staples textiles, used for the weaving of fabrics, in particular &quot;krama:&quot; (Cambodian slings).	</li><li>ឈ្មោះចុល្លព្រឹក្ស កំពស់ ២-៨ម ប្រហែលមានដើមកំណើតក្នុងប្រទេសឥណ្ឌា គេដាំសម្រាប់យកសរសៃត្បាញសំពត់ ។ នៅប្រទេសខ្មែរយើងច្រើនត្បាញធ្វើក្រមា ។	</li><li><p-n>More Information	NA &nbsp;: tree cotton</p-n></li></ul>
កំប្រុក	@អង្រុត, @ស្រុន	ERIOBOTRYA (Rosaceae)	Eriobotrya bengalensis (Roxb.) Hook.f.	<ul><li>Shrub or small tree, 5-9 m tall, with evergreen leaves, met in the dense or clear forests of the Himalayan regions himalayennes (Assam, Sikkim), the Indochinese and Malay Peninsula, and in Sumatra and Borneo. The wood is used in Cambodia to build the boats or to make conical traps that the fishermen hold by a small circular opening on the top.	</li><li>ឈ្មោះចុល្លព្រឹក្សឬព្រឹក្សតូច កំពស់៥-៩ម មានស្លឹកឥតជ្រុះដុះក្នុងព្រៃក្រាស់ ព្រៃស្រោងនៃប្រទេសដែលនៅជុំវិញភ្នំ himalayennes, (Assam, Sikkim) ក្នុងឧបទ្វីបឥណ្ឌូចិន និងជ្វា និងលើកោះ Sumatra និង Borneo ។ ដើមសម្រាប់ប្រើធ្វើទូក នាវា ឬសម្រាប់ធ្វើអង្រុតចាប់ត្រី ។	</li><li><p-n>More Information	NK &nbsp;: kâmprôk’ (écureuil), angrüt (nasse en forme de cône), srôn’ &nbsp;កំប្រុក, អង្រុត, ស្រុន	NOTE	ពេលមានពាក្យ (វល្លិ) (ស្មៅ) (ដើម) ក្នុងវង់ក្រចកខាងក្រោយនាម រុក្ខជាតិ ត្រូវអានពាក្យនោះខាងមុខនាមវិញ។</p-n></li></ul>
កំប្លោក	EICHHORNIA (Pontederiaceae) 	Eichhornia crassipes (C. Mart.) Solms	<ul><li>Herb, 30-49 cm tall, often aquatic and floating, originating from tropical America, introduced as decorative, and naturalized in all the warm and temperate regions of the world. Its extremely fast reproduction makes it an invasive plant that, in some countries, one tries to suppress. This species can be used to feed the pigs and also as green manure. In Cambodia, the flowers are eaten uncooked as vegetables.	</li><li>កំបោ្លកជាស្មៅម្យ៉ាងកំពស់ ៣០–៤៩ស.ម ច្រើនដុះក្នុងទឹក និងអណ្តែត មានដើមកំណើតក្នុងទ្វីបអាមេរិកក្ដៅ គេនាំចូលមកដាំជារុក្ខជាតិលំអ ក្នុងប្រទេសក្តៅនិងត្រជាក់មធ្យមសកលលោក ។ ដើមនេះបែកតាមមែកឱ្យកូនដើមរហ័សជាទីបំផុត ធ្វើឱ្យទឹកខ្លះមានដុះតែកំបោ្លកមួយមុខប៉ុណ្ណោះហេតុនេះស្រុកខ្លះ គេកំពុងរកមធ្យោបាយបំផ្លាញដើមនេះចោល ។ នៅស្រុកខ្មែរ កំបោ្លកសម្រាប់ផ្សំធ្វើបាយជ្រូក ឬធ្វើជីរស្រស់ ។ ផ្កាកំបោ្លក យើងនិយមបរិភោគជាបន្លែ ។ 	</li><li><p-n>More Information	NA &nbsp;&nbsp;: water hyacinth</p-n></li></ul>
កំពាន	ACORUS (Araceae)	Acorus calamus L.	<ul><li>Swampy or riverside herb commonly found in all tropical and temperate regions. The young root may be used against hoarseness and dyspepsia.	</li><li>ស្មៅមួយប្រភេទ ដុះក្នុងព្រៃធំ នៅប្រទេសក្ដៅ និងប្រទេសរងាបង្គួរនៃសកលលោក ។ ឫសខ្ចីអាចបរិភោគដូចខ្ញីបាន ស្លឹក និងឫសចាស់ៗ កិនឱ្យម៉ត់ គេយកទៅធ្វើថ្នាំកំចាត់សត្វល្អិត។ ឫសជាថ្នាំជាស់ និងថ្នាំលើកកំលាំង ពូកែរំងាប់រោគចុកពោះ និងរោគប្រគ្រីវ។ គេទំពារឫសសំរាប់ការពារឆ្អល់ពោះ និងស្អក ក។ 	</li><li><p-n>More Information	NA : sweet flag&nbsp;</p-n></li></ul>
កំពីងដូង	BUCHANANIA (Anacardiaceae)	Buchanania arborescens Blume	<ul><li>8 to 25 m tall tree, from dense formations in Indochina and Malayan archipelago (Indonesia, Philippines). Gives building wood. Fruits kernels are edible.	</li><li>កំពីងដូងជាព្រឹក្សកំពស់ពី ៨ ទៅ ២៥ម ដុះក្នុងព្រៃជ្រៅនៃទ្វីបឥណ្ឌូចិន និងជ្វា ។ សាច់របស់ផ្លែគេនិយមបរិភោគ ណាស់ ។ ឈើជាប់ល្អសម្រាប់សង់ផ្ទះ ។	</li><li><p-n>More Information	NK : kâmpi:nh dôô:ng &nbsp;កំពីងដូង	NOTE	ពេលមានពាក្យ (វល្លិ) (ស្មៅ) (ដើម) ក្នុងវង់ក្រចកខាងក្រោយនាម រុក្ខជាតិ ត្រូវអានពាក្យនោះខាងមុខនាមវិញ។</p-n></li></ul>
កំពីងពួយ	LUDWIGIA (Onagraceae)	Ludwigia adscendens (L.) Hara 	<ul><li>Herb of the stagnant waters growing often in association with &quot;kânh chhaèt&quot; (Neptunia oleracea Lour.) and provided, as this last species, with a horizontal floating stalk and a raised and aerial extremity, met in the puddles of tropical Asia. The young shoots are eaten raw with fish sauces. The complete plant is used to feed pigs. In traditional medicine, the leaves are used as a remedy against the diseases of the scalp. In Malaysia, the leaves are used as poultice to cure the wounds of the skin.	</li><li>ឈ្មោះស្មៅមួយប្រភេទដុះក្នុងទឹកបឹងត្រពាំង ច្រើនដុះលាយជាមួយដើមកញ្ឆែត មានដើមវាអណ្តែតលើទឹកដូច                    កញែ្ឆតដែរ មានចុងដុះឡើងផុតពីទឹក ។ គេប្រទេះឃើញកំពីងពួយនៅគ្រប់ប្រទេសក្នុងទ្វីបអាស៊ីផ្នែកក្ដៅ ។ ត្រួយខ្ចីៗសំរាប់បរិភោគជាបន្លែ ។ ដើមទាំងមូលអាចប្រើជាចំណី សត្វជ្រូក ឬលាយបាយជ្រូក ។ ក្នុងក្បួនសថបុរាណ ស្លឹកគេយកធ្វើជាថ្នាំព្យាបាល ជំងឺស្បែកក្បាល ។ នៅប្រទេសជ្វា គេប្រើស្លឹកធ្វើថ្នាំបំពោកលើរបួសផ្សេងៗ ។	</li><li><p-n>More Information	Syn. &nbsp;: Jussiaea repens L.</p-n></li></ul>
កំភា្នង	APORUSA (Euphorbiaceae)	Aporusa dioica Müll. Arg.	<ul><li>Shrub, 1-4m tall found in evergreen forest in topical Asia, the fruit is edible. The bark is a component of a remedy for the relief of toothache. Roots mixed with other drugs are used against women diseases after delivery. 	</li><li>ចុល្លព្រឹក្សនេះមានកំពស់ ១ - ៤ ម ដុះក្នុងព្រៃធំត្រជាក់នៃអាស៊ីផ្នែកក្ដៅ។ ផ្លែកំភ្នាង អាចបរិភោគបាន។ សំបកអាច ផ្សំធ្វើថ្នាំសំរាប់ឈឺធ្មេញ។ ឫសលាយនឹងរុក្ខជាតិដទៃទៀត សំរាប់ធ្វើថ្នាំព្យាបាលជំងឺទាស់ជាដើម។	</li><li><p-n>More Information	Syn. &nbsp;: Aporusa microcalyx Hassk.</p-n></li></ul>
កំភ្លឹង	CRINUM (Liliaceae)	Crinum asiaticum L.	<ul><li>Herb, 0,50-1,50 m tall, known in the cultivated form in the whole tropical Asia. It is cultivated in the public gardens for its beautiful leaves, 1-1.20 m long, and especially for the great white flowers, nice-smelling in the evening, grouped in umbel and carried by a long peduncle commum, 40-60 cm in length. In Cambodia, the warmed leaves are used for wrapping the ill parts, in particular the swelled limbs. The roots are used to cure bites of venomous animals.	</li><li>ឈ្មោះប្រទាលមួយប្រភេទកំពស់ ០,៥០-១,៥០ម ស្លឹកធំវែងក្រាស រៀងចុងដូចស្លឹកម្ចាស់តែឥតបន្លា គេស្គាល់តែ ក្នុងភាពជាដំណាំ គេដាំជាលំអ ក្នុងសួនសាធារណៈ នៃទ្វីបអាស៊ីក្ដៅ ។ ស្លឹកមានប្រវែង ១-១,២០ម ។ ផ្កាពណ៌ស មានក្លិនក្រអូបពេលល្ងាច ដុះជាកញ្ចុំ ឧច្ជត្តសណ្ឋានលើទងមួយវែង ពី ៤០ ទៅ ៦០ស.ម ។ នៅប្រទេសខ្មែរ គ្រូបុរាណតែងយកស្លឹកកំភ្លឹងរោលភ្លើង សម្រាប់ស្អំដៃជើងដែលហើម ។ ឬសសម្រាប់ផ្សំថ្នាំព្យាបាលស្នាមសត្វខាំ ឬចឹក ។ 	</li><li><p-n>More Information	NK : kâmploë:ng &nbsp;កំភ្លឹង	NOTE	ពេលមានពាក្យ (វល្លិ) (ស្មៅ) (ដើម) ក្នុងវង់ក្រចកខាងក្រោយនាម រុក្ខជាតិ ត្រូវអានពាក្យនោះខាងមុខនាមវិញ។</p-n></li></ul>
កំភ្លៅនាង	HOMALIUM (Flacourtiaceae)	Homalium tomensosum(Vent.) Benth.	<ul><li>Tree, 5-40 m tall, of the secondary formations on clay and sandy soils, in the Indochinese and Malay​ Peninsula and Indian regions. Heavy and yellow or brown hard wood; used generally to make matches.	</li><li>ឈ្មោះព្រឹក្សមួយប្រភេទ មានសំបកស ដូចប្រាក់ កំពស់ ៥-៤០ម ដុះក្នុងព្រៃល្បោះលើដីឥដ្ឋ លាយខ្សាច់នៃឧបទ្វីប ឥណ្ឌូចិន ជ្វា និងក្នុងប្រទេសឥណ្ឌា ។ ឈើមានពណ៌លឿង ឬដាំដែង រឹង ធ្ងន់ សម្រាប់ធ្វើឈើគូស។	</li><li><p-n>More Information	NK : &nbsp;kâmphlow niëng (cuisse de demoiselle, allusion à l’écorce argentée, très lisse) &nbsp;កំភ្លៅនាង	NOTE	ពេលមានពាក្យ (វល្លិ) (ស្មៅ) (ដើម) ក្នុងវង់ក្រចកខាងក្រោយនាម រុក្ខជាតិ ត្រូវអានពាក្យនោះខាងមុខនាមវិញ។</p-n></li></ul>
កំរើកគុម្ព	@ខ្លុនខាប	CLITORIA (Leguminosae-Papilionoideae)	Clitoria hanceana Hemsl., var. laureola Gagnep.	<ul><li>Shrub, 1-2 m tall, of open formations of Indochina. Rhizome is used to preparing a tonic decoction. 	</li><li>ឈ្មោះពុម្ពព្រឹក្ស កំពស់១-២ម ដុះត្រង់ឡើងលើ ក្នុងព្រៃរបោះនៃឥណ្ឌូចិន ។ មើមកំរើកគុម្ព គេប្រើសំរាប់ស្ងោរផឹកជាថ្នាំលើកកម្លាំង ។	</li><li><p-n>More Information	NK : kâmrëk kum, khlôn’ kha:b &nbsp;កំរើកគុម្ព-ខ្លុនខាប	NOTE	ពេលមានពាក្យ (វល្លិ) (ស្មៅ) (ដើម) ក្នុងវង់ក្រចកខាងក្រោយនាម រុក្ខជាតិ ត្រូវអានពាក្យនោះខាងមុខនាមវិញ។</p-n></li></ul>
កាណា	CANARIUM (Burseraceae)	Camarium pimela Leenh.	<ul><li>A 8 to 15 m tall tree met in dense forests of Southeast Asia. Fruits are eaten fresh or crystallized. Under this later form they are sold on markets in Cambodia and come mostly from Vietnam	</li><li>កាណាជាព្រឹក្សកំពស់ ៨-១៥ម ដុះក្នុងព្រៃក្រាស់ នៃអាស៊ីផ្នែកអាគ្នេយ៍ ។ ផ្លែកាណាគេបរិភោគស្រស់ ឬក្រៀម ឬ               ជ្រក់ ។ ផ្លែលក់ក្នុងផ្សារស្រុកខ្មែរ ច្រើនតែយកពីប្រទេសវៀតណាមមក ។	</li><li><p-n>More Information	NA : chinese olive</p-n></li></ul>
កាំរទេះដង	IXORA (Rubiaceae) 	Ixora flavescens Pierre, var. cambodiana Pit.	<ul><li>Shrub, 2-3 m tall, of the undergrowth of dense forests of Southeast Asia. The wood is used to make the beams of cart wheels. The infusion of leaves and flowers would be effective against the stomach pains.	</li><li>ចុល្លព្រឹក្សម្យ៉ាង កំពស់ ២-៣ម ដុះក្រោមម្លប់ឈើធំៗ ក្នុងព្រៃក្រាស់ នៃអាស៊ីផ្នែកអាគ្នេយ៍ ។ ដើមប្រើការសម្រាប់ ធ្វើកាំរទេះគោ ។ គេឆុងផ្កា និងស្លឹក ផឹកពេលចុកពោះ ។ 	</li><li><p-n>More Information	NK &nbsp;: &nbsp;kam rôtéhs dâ:ng (bois pour rayons de roue) ​ កាំរទេះដង	NOTE	ពេលមានពាក្យ (វល្លិ) (ស្មៅ) (ដើម) ក្នុងវង់ក្រចកខាងក្រោយនាម រុក្ខជាតិ ត្រូវអានពាក្យនោះខាងមុខនាមវិញ។</p-n></li></ul>
កាំរទេះធំ	@ជាយស្បៃ	SARACA (Leguminosae-Caesalpinioideae)	Saraca declinata (Jack) Miq. 	<ul><li>Tree, 8-10 m tall, of the dense forests of the Indochinese and Malay Peninsula, Sumatra, Java and Borneo. Plant often cultivated in the gardens as decorative and for shade. Wood used to make cart wheels. Young edible leaves. Their decoction would be febrifuge. The barks are believed to counter evil spells.	</li><li>ឈ្មោះឈើព្រឹក្សពួកមួយកំពស់ ៨-១០ម ដុះក្នុងព្រៃក្រាស់នៃឧបទ្វីបឥណ្ឌូចិន ជ្វា និងកោះ Sumatra, Java. Bornéo ។ គេច្រើនដាំជាដើមលំអ និងសំរាប់ម្លប់ក្នុងសួននានា ។ ឈើសំរាប់ធ្វើកង់ និង កាំរទេះ ។ ស្លឹកខ្ចីបរិភោគជាអន្លក់ បាន ។ តាមក្បួនឱសថបុរាណ ស្លឹកចាស់ៗ គេស្ងោរផឹកព្យាបាលជំងឺគ្រុន ។ សំបកគេទុកជាវត្ថុការពារអំពើអំពាន់ ។	</li><li><p-n>More Information	NK &nbsp;&nbsp;: kam’ rôtéhs thôm, chiëy sbai &nbsp;កាំរទេះធំ, ជាយស្បៃ	NOTE	ពេលមានពាក្យ (វល្លិ) (ស្មៅ) (ដើម) ក្នុងវង់ក្រចកខាងក្រោយនាម រុក្ខជាតិ ត្រូវអានពាក្យនោះខាងមុខនាមវិញ។</p-n></li></ul>
កាំរទេះ	@ផ្កាឈាមអន្ទង់ 	IXORA (Rubiaceae) 	Ixora chinensis Lour. 	<ul><li>Shrub. 0.50-2 m tall, of the undergrowth of the dense forests of Southeast Asia. Species often cultivated for the beauty of its flowers generally pink or red, rarely white or yellowish. The fruits are edible. The decoction of leaves and flowers would be effective against headache and troubles of womb.	</li><li>គុម្ពព្រឹក្សមួយប្រភេទ កំពស់ ០,៥០-២ម ដុះក្រោមឈើព្រៃធំ នៃអាស៊ីអាគ្នេយ៍ គេនិយមដាំក្នុងផើងមុខផ្ទះជាលំអ ផ្កាតូចៗជាច្រើនដុះកញ្ចុំ ដូចកង់រទេះ ពណ៌ផ្កាឈូក ឬក្រហម កម្រមានពណ៌ស ឬលឿងណាស់ ។ ផ្លែទុំអាចបរិភោគបាន។ គេស្ងោរស្លឹក និងផ្កាវាផឹក ដើម្បីព្យាបាលជម្ងឺឈឺក្បាល ឬ ចុកពោះ ។ 	</li><li><p-n>More Information	Syn. &nbsp;&nbsp;: Ixora stricta Roxb.</p-n></li></ul>
កាហ្វេ	COFFEA (Rubiaceae)	Coffea arabica L.	<ul><li>Shrub, 1-2 m tall, native of tropical Africa, cultivated in the warm regions for its seeds which give the coffee, drink universally known and used. The cultivation of the coffee in Cambodia (before 1975) was done in altitude, in particular in Kirirom (700 m).	</li><li>ឈ្មោះចុល្លព្រឹក្សមួយប្រភេទ នាំពីស្រុកអាហ្វ្រិកក្ដៅ មកដាំក្នុងប្រទេសក្តៅសកលលោក ដើម្បីយកគ្រាប់លីងធ្វើ      កាហ្វេ ។ កាហ្វេជាភេសជ្ជៈ ដែលគេនិយមផឹក ជាច្រើនក្នុងសកលលោក ។ នៅប្រទេសខ្មែរ គេតែងដាំកាហ្វេ (មុនឆ្នាំ១៩៧៥) នៅលើភ្នំ ដូចជាភ្នំ Kirirom ជាដើម ។ 	</li><li><p-n>More Information	NA : arabica coffee</p-n></li></ul>
កុកម៉ាយ	URARIA (Leguminosac-Papilionoideae)	Uraria acaulis Schindl	<ul><li>Hard, 10-30 cm tall herb, almost devoid of stalk, of the open formations on riversides in Cambodia, Laos, Vietnam and Thailand. Species in demand as decorative for the flowers grouped in the very dense terminal inflorescences. 	</li><li>តិណជាតិរឹងមួយប្រភេទ កំពស់១០–៣០ស.ម ស្ទើរគ្មានដើម ដុះក្នុងព្រៃស្រោង ជិតមាត់ទឹក នៃប្រទេសខ្មែរ លាវ វៀតណាម និង ថៃ ។ ផ្កាដុះផ្តុំគ្នា យ៉ាងច្រើន រាងដូចកន្ទុយឆ្មា គេនិយមដាំកុកម៉ាយក្នុងសួនជាលំអ ។ 	</li><li><p-n>More Information	NK &nbsp;: kok ma:y &nbsp;កុកម៉ាយ	NOTE	ពេលមានពាក្យ (វល្លិ) (ស្មៅ) (ដើម) ក្នុងវង់ក្រចកខាងក្រោយនាម រុក្ខជាតិ ត្រូវអានពាក្យនោះខាងមុខនាមវិញ។</p-n></li></ul>
កុមារពេជ្យ	STEPHANIA (Menispermaceae) 	Stephania rotunba Lour.	<ul><li>Herbaceous liana with a 5-15 m long stalk, growing on calcareous cliffs of Cambodia, Laos and Vietnam, plentiful especially in Northern Vietnam. The big tubers, more or less round, fawn coloured, 1 to 20 kg heavy, are in demand for traditional medicine: they would have tonic and antispasmodic virtues in particular on the digestive tract.	</li><li>ឈ្មោះវល្លិឆ្មារម្យ៉ាងប្រវែង ៥-១៥ម ដុះលើដំបូកមានជាតិកំបោរនៅប្រទេសកម្ពុជា ឡាវ និងវៀតណាម ច្រើនមាន ក្នុងវៀតណាមខាងជើង ។ មើមមានទំហំធំៗ រាងមូលពណ៌ត្នោត អាចមានទំងន់ដល់២០គីឡូក្រាម ។ តាមក្បួនឱសថបុរាណ មើមនេះជាថ្នាំលើកកំលាំង និងសម្រាប់ព្យាបាល ជម្ងឺកន្ត្រាក់ញាក់សាច់ដុំ ជាពិសេសសាច់ដុំនៃគ្រឿងរំលាយអាហារ ។	</li><li><p-n>More Information	NK &nbsp;: koma péch &nbsp;កុមារពេជ្យ	NOTE	ពេលមានពាក្យ (វល្លិ) (ស្មៅ) (ដើម) ក្នុងវង់ក្រចកខាងក្រោយនាម រុក្ខជាតិ ត្រូវអានពាក្យនោះខាងមុខនាមវិញ។</p-n></li></ul>
កុលាប	ROSA (Rosaceae)	Rosa Spp.	<ul><li>All the cultivated rosebushes are issued from hybridation. They are mush numerous. The flowers can be of white, pink, red, yellow colour... They are ornamental plants.	</li><li>ដើមផ្កាកុលាប គេដាំគឺជាពូជបង្កាត់ទាំងអស់ មានពូជបង្កាត់នេះច្រើនរយពាន់មុខណាស់ ។ ផ្កាអាចមានពណ៌កុលាប ពណ៌ក្រហម លឿង ស ។ល។ ជាដើមគេដាំយកផ្កាជាលំអ ។	</li><li><p-n>More Information	NA et NF : roses</p-n></li></ul>
កុលាបភ្នំ 	PAVONIA (Malvaceae) 	Pavonia rigida (Wall. ex Mast.) Hochr.	<ul><li>Sub-shrub, 0.50-2 m tall, branching at bottom, of the clear formations of Southeast Asia. In Cambodia. it is met in abundance on the Kirirom mountain towards 700 m. The staples of the bark are used as links. The roots are used in traditional medicine, against the dislocations of limbs. 	</li><li>ឈ្មោះគុម្ពព្រឹក្សតូចមួយប្រភេទ កំពស់ ០,៥០-២ម ស្ទើវារនៅគល់ ដុះក្នុងព្រៃស្រោងនៃអាស៊ីផ្នែកអាគ្នេយ៍ ។ នៅ ប្រទេសខ្មែរ ដើមច្រើនមានលើភ្នំ Kirirom ដែលមានកម្ពស់ប្រហែល ៧០០ម ។ សសៃសំបកគេប្រើធ្វើជាចំណង ។ ឬស គេប្រើធ្វើថ្នាំព្យាបាលដំណើរគ្រេចដៃជើង ។ 	</li><li><p-n>More Information	Syn. &nbsp;: Urena rigida Wall. ex Mast.</p-n></li></ul>
កូនដៃបណ្ឌិត,ក្រចកចាស់	TADEHAGI (Leguminosae-Papilionoideae)	Tadehagi triquetrum (L.) H. Ohashi, subsp. triquetrum	<ul><li>Erected sub-shrub, 0.5-2 m tall, of the caducifoliate formations, or on the bank of the paddy fields, widely spread in Sri Lanka, India, China, the Indochinese and Malay Peninsula, tropical Australia, New Caledonia and the Pacific islands. Considered as medicinal roots. They are used in internal use in decoction to get fat, in external use to cure the sprains, and as antifeverish. 	</li><li>កូនដៃបណ្ឌិតជាគុម្ពព្រឹក្សតូចកំពស់ពី០,៥០ ទៅ ២ម ដុះក្នុងព្រៃជ្រុះស្លឹករដូវប្រាំង ឬលើភ្លឺស្រែ នៅប្រទេសជាច្រើនសេរីលង្កា, ឥណ្ឌា, ចិន, ឧបទ្វីបឥណ្ឌូចិន, ជ្វា, ប្រទេសអូស្ត្រាលីក្ដៅ, នៅ nouvelle-Calédonie និងលើកោះជាច្រើន នៅជិតសមុទ្រប៉ាស៊ីហ្វិក ។ គ្រូថ្នាំបុរាណប្រើឬសជាថ្នាំគ្រុន ឬលាប កន្លែងគេ្រច ឬមួយស្ងោរអោយមនុស្សស្គមផឹកអោយធាត់។	</li><li><p-n>More Information	Syn. &nbsp;: Desmodium triquetrum (L.) DC.</p-n></li></ul>
កែស	MANILKARA (Sapotaceae) 	Manilkara hexandra (Roxb.) Dubard	<ul><li>Tree, 8-35 m tall, of the dense forests of Indian and Indochinese peninsula, and Hainan. Ripe fruits edible. Wood used in construction.	</li><li>ព្រឹក្សម្យ៉ាងកំពស់ ៨-៣៥ម ដុះក្នុងព្រៃក្រាស់នៃឧបទ្វីបឥណ្ឌា ឥណ្ឌូចិន និង លើកោះហៃណាំ ។ ផ្លែទុំ មានរសផ្អែម អាចបរិភោគជាចំណី ។ ឈើ សំរាប់សង់ផ្ទះ ។	</li><li><p-n>More Information	NK &nbsp;&nbsp;: &nbsp;kaèks &nbsp;កែស	NOTE	ពេលមានពាក្យ (វល្លិ) (ស្មៅ) (ដើម) ក្នុងវង់ក្រចកខាងក្រោយនាម រុក្ខជាតិ ត្រូវអានពាក្យនោះខាងមុខនាមវិញ។</p-n></li></ul>
កោងកាង	RHIZOPHORA (Rhizophoraceae)	Rhizophora mucronata Poir. 	<ul><li>Tree or shrub, 2-8 m tall, often growing in mixture with the previous species, in the mangroves of tropical regions of the world. The barks, rich in tannins, are used for the dyeing and the tanning of skins. 	</li><li>ព្រឹក្ស ឬចុល្លព្រឹក្សម្យ៉ាង កំពស់ ២-៨ម មានផ្លែវែងជាងផ្លែកោងកាងញី ច្រើនដុះលាយកោងកាងញី តាមឆ្នេរសមុទ្រ មានភក់នៃប្រទេសក្តៅសកលលោក ។ សំបកសំរាប់សំលាប់ស្បែក ។	</li><li><p-n>More Information	NF &nbsp;: palétuvier</p-n></li></ul>
កោងកាងញី	RHIZOPHORA (Rhizophoraceae)	Rhizophora apiculata Blume	<ul><li>Shrub, 2-8 m tall, of the mangroves, common on the muddy coasts of tropical Asia. The bark is used for dyeing fabrics and fishing nets. In traditional Khmer medicine, it is used against diarrhoea.	</li><li>ឈ្មោះចុល្លព្រឹក្សមួយប្រភេទ កំពស់ ២-៨ម ដុះក្នុងព្រៃកោងកាងមាត់សមុទ្រលើឆ្នេរ ដែលមានភក់នៃអាស៊ីផ្នែកក្តៅ។ គេប្រើសំបកធ្វើជាថ្នាំជ្រលក់សំពត់ និងសំណាញ់នេសាទ ។ នៅប្រទេសខ្មែរ សំបកជាថ្នាំរាគ ។ 	</li><li><p-n>More Information	Syn. &nbsp;: Rhizophora conjugata auct non L.</p-n></li></ul>
កោងកាងភ្នំ	RHAPHIOLEPIS (Rosaceae)	Rhaphiolepis indica (L.) Lindl. ex Ker Gawl.	<ul><li>Shrub, 2-8 m tall, of the wet dense coastal forests of the Indochinese Peninsula and China. The inflorescences are often sold on markets. Cultivated as decorative plant in Europe and North America. In Asian traditional medicine, the bitter and astringent bark is recommended against diarrhoeas and severe colds.	</li><li>ឈ្មោះចុល្លព្រឹក្ស កំពស់ ២-៨ម ដុះក្នុងព្រៃត្រជាក់ឆ្នេរសមុទ្រ និងលើភ្នំនៃឧបទ្វីបឥណ្ឌូចិន និងប្រទេសចិន ។ គេអាចឃើញផ្កាលក់ក្នុងផ្សារ ។ ដើមនេះ គេនិយមដាំជាលំអ នៅទ្វីបអឺរ៉ុប និងអាមេរិកខាងជើង ។ ក្នុងក្បួនឱសថអាស៊ី សំបករសចត់ សំរាប់ធ្វើថ្នាំទប់កុំឱ្យរាគ ឬថ្នាំព្យាបាលផា្ដសាយធំ ។ 	</li><li><p-n>More Information	NK &nbsp;: kaông ka:ng phnôm (palétuvier de montagne) &nbsp;កោងកាងភ្នំ	NOTE	ពេលមានពាក្យ (វល្លិ) (ស្មៅ) (ដើម) ក្នុងវង់ក្រចកខាងក្រោយនាម រុក្ខជាតិ ត្រូវអានពាក្យនោះខាងមុខនាមវិញ។</p-n></li></ul>
កោតព្រំ	@ថ្នឹង (វល្លិ)	AGANONERION (Apocynaceae)	Aganonerion polymorphum Pierre	<ul><li>Liana found in dense or secondary forest in Cambodia and South Vietnam. The leaves and fruit acidic are used fresh in cooking as a substitute for lemon. Elastic stem used as a string.	</li><li>កោតព្រំ ជាវល្លិវារឡើងដើមឈើ ច្រើនដុះក្នុងព្រៃស្រោង និងព្រៃល្បោះ នៃប្រទេសកម្ពុជា និងវៀតណាមខាងត្បូង។ យើងនិយមបេះស្លឹកថ្នឹងស្លម្ជូរគ្រឿង និងបេះផ្លែបុកជាមួយត្រីឆ្អើរ។ វល្លិថ្នឹងគេប្រើជាចំណង ចងអ្វីៗក៏បាន។	</li><li><p-n>More Information	NK : kaôt prum’, thnöng (voër) កោតព្រំ, ថ្នឹង (វល្លិ)	NOTE	ពេលមានពាក្យ (វល្លិ) (ស្មៅ) (ដើម) ក្នុងវង់ក្រចកខាងក្រោយនាម រុក្ខជាតិ ត្រូវអានពាក្យនោះខាងមុខនាមវិញ។</p-n></li></ul>
កៅស៊ូ	HEVEA (Euphorbiaceae)	Hevea brasiliensis (Willd, ex A.L. Juss.) Müll. Arg,	<ul><li>Tree, 10-20 m tall, originating from the valley of the Amazon, introduced in Southeast Asia since late 19-th century. The hevea is especially cultivated for its latex which supplies the rubber, a well known raw material with a major importance in industry. In Cambodia, hevea cultivation, mainly in Kompong Cham province, provided, before 1970, 60.000 tons of rubber. In modern medicine, the latex is used for the manufacture of surgical devices, gloves, waterproof fabrics and bandage. The addition of a small quantity of latex to the anti-rabic vaccine improves its efficiency. The seeds give an oil used in dyeing and for the manufacture of soaps. The cakes constitute an excellent fodder for the cattle, if not given in large quantities, which may prove dangerous.	</li><li>ព្រឹក្សមួយប្រភេទ កំពស់ ១០–២០ម ដើមកំណើតពីប្រទេសអាមេរិកខាងត្បូង ដែលនៅជុំវិញទន្លេ Amazone គេនាំ មកដាំក្នុងទ្វីបអាស៊ីផ្នែកអាគ្នេយ៍ នៅចុងសតវត្សទី១៩ ។ គេដាំកៅស៊ូសម្រាប់យកជ័រធ្វើកៅស៊ូ រូបធាតុដើមសំខាន់បំផុតខាងផ្នែកឧស្សាហកម្ម ។ នៅប្រទេសខ្មែរ ចំការកៅស៊ូច្រើន មានក្នុងខេត្តកំពង់ចាម ។ មុនឆ្នាំ១៩៧០ គេយកជ័របានក្នុង ១ឆ្នាំ ជិត ៦ម៉ឺនតោន ។ ជ័រកៅស៊ូ អាចប្រើធ្វើប្រដាប់ប្រដាពេទ្យវះកាត់ ធ្វើស្រោមដៃ ធ្វើសំពត់មិនជ្រាបទឹក និង ធ្វើរបស់រុំដំបៅ ។ បើគេបន្ថែមជ័រកៅស៊ូរបន្ដិចជាមួយវ៉ាក់សាំងព្យាបាលរោគឆ្កែឆ្កួតខាំ វ៉ាក់សាំងនេះ នឹងមានប្រសិទ្ឋិភាពលើសដើម ។ គ្រាប់ដើមកៅស៊ូ ឱ្យប្រេងសម្រាប់ប្រើធ្វើថ្នាំគូររូប និង ធ្វើសាប៊ូ ។ កាកប្រេងអាចជាអាហារបស់សត្វបានខ្លះៗ ពីព្រោះបើឱ្យស៊ីច្រើនពេកអាចមានគ្រោះថ្នាក់ដល់សត្វ ។	</li><li><p-n>More Information	NA &nbsp;: &nbsp;para rubber</p-n></li></ul>
ក្ងោកបារាំង	DELONIX (Leguminosae-Caesalpinioideae)	Delonix regia (Hook.) Raf.	<ul><li>Tree, 10-25 m tall, originating from Madagascar, cultivated everywhere for its beautiful red flowers, and its large leaves made of numerous sepals (up to 1000). It is a plant offering shade, common along streets. In Cambodia, the young leaves are sometimes consumed as vegetables; they would have antirheumatic virtues.	</li><li>ព្រឹក្សម្យ៉ាងកំពស់ ១០-២៥ម មានដើមកំណើតនៅស្រុក Madagascar គេនាំមកដាំជាលំអគ្រប់ប្រទេសក្ដៅ ។ ដើមនេះមានស្លឹកចែកជាស្លឹកតូចៗ ច្រើនណាស់មានចំនួនរហូតទៅដល់ ១ពាន់កូនសន្លឹក មានផ្កាក្រហមធំៗ គេនិយមដាំធ្វើម្លប់ ឬលំអតាមវិថីនានា។ ស្លឹកខ្ចីៗ អាចបរិភោគជាអន្លក់បាន គេចំណាំថា ស្លឹកអាចជាថ្នាំរម្ងាប់រោគសន្លាក់ឆ្អឹងផង ។	</li><li><p-n>More Information	NA : flame tree, peacock flower</p-n></li></ul>
ក្ងោកហោះ	@ក្ងោកខ្មែរ, @ក្ងោកតូច	CAESALPINIA (Leguminosae-Caesalpinioideae) 	Caesalpinia pulcherrima (L.) Sw.	<ul><li>A bush, 2 to 4 m tall, thorny or thornless, originating from tropical America, grown in tropical regions. In Cambodia, its large yellow or orange flowers makes it and ornemental tree grown on cities avenues. Flowers, barks and roots are used in local pharmacopoeia. Flowers infusions are said to be efficient against cough and worms. Barks are known to regulate menstruations. Root dust are given to convulsing children.	</li><li>ក្ងោកហោះ ចុល្លព្រឹក្សមួយកំពស់ ២-៤ម មាន ឬគ្មានបន្លាលើធាង មានដើមកំណើតក្នុងស្រុកអាមេរិកក្ដៅ គេដាំដើមនេះគ្រប់ស្រុកក្ដៅនៃសកលលោក ។ នៅស្រុកខ្មែរយើង និយមដាំដើមនេះលើវិថីនានា ក្នុងក្រុងធំៗនៃប្រទេស សម្រាប់លំអដោយផ្កាធំៗ ពណ៌លឿង ឬក្រហមភាវ ។ ផ្កា ស្លឹក សំបក ឬស សម្រាប់ធ្វើថ្នាំ ។ គេស្ងោរផ្កាផឹក ដើម្បីអោយបាត់ក្អក ឬមួយបញ្ចុះព្រូនចេញ ។ ស្លឹកជាថ្នាំបញ្ចុះ ឬសម្រាប់រលូតកូន ។ សំបកជាថ្នាំ ធ្វើខែរដូវស្រ្តីឱ្យទៀងទាត់ ។ ឬសកិនល្អិតដូចម្សៅ សម្រាប់ព្យាបាលរោគស្កន់កូនក្មេង ។	</li><li><p-n>More Information	Syn. : Poinciana pulcherrima L.</p-n></li></ul>
ក្ដាំងងា	CANANGA (Annonaceae)	Cananga odorata (Lam.) Hook. f. &amp; Thomson 	<ul><li>Climbing, sometimes erected tree or bush, grown all over tropical Asia and Australia for its white yellowish and highly fragrant flowers. The oil from flowers is used in perfumery and hair cosmetics.	</li><li>ក្ដាំងងាជាចុល្លព្រឹក្សស្ទើវារ គេដាំគ្រប់ប្រទេសអាស៊ី និងអូស្ត្រាលីក្ដៅ ជាលំអដោយផ្កាមានក្លិនក្រអូបណាស់ ។ ផ្កាក្ដាំងងា គេយកចម្រាញ់ធ្វើទឹកអប់ និងគ្រឿងលាបសក់ ។	</li><li><p-n>More Information	NA : Ylang Ylang</p-n></li></ul>
ក្ដាំងបាយ	GUIOA (Sapindaceae)	Guioa cambodiana Pierre	<ul><li>Shrub or small tree, 4-10 m tall, of the dense and secondary formations of Cambodia. Wood used for small constructions. The decoction of roots makes a remedy against gonorrhea.	</li><li>ក្ដាំងបាយ ជាចុល្លព្រឹក្ស ឬព្រឹក្សតូច កំពស់ ៤-១០ម ដុះក្នុងព្រៃក្រាស់ និងព្រៃស្រោង នៃប្រទេសកម្ពុជា ។ ឈើ សម្រាប់សង់ផ្ទះតូចតាច ។ គេស្ងោរឬស សម្រាប់ព្យាបាលជម្ងឺប្រមេះ ។	</li><li><p-n>More Information	NK &nbsp;: &nbsp;kdang’ ba:y (croûte de riz) ក្ដាំងបាយ	NOTE	ពេលមានពាក្យ (វល្លិ) (ស្មៅ) (ដើម) ក្នុងវង់ក្រចកខាងក្រោយនាម រុក្ខជាតិ ត្រូវអានពាក្យនោះខាងមុខនាមវិញ។</p-n></li></ul>
ក្ដុល	NAUCLEA (Rubiaceae) 	Nauclea orientalis (L.) L.	<ul><li>Tree, 10-20 m tall, of the secondary and clear formations of plain, widely spread in Sri Lanka, in the Indochinese and Malay Peninsula, down to New Guinea and the North of Australia.Light yellow wood, graded 3rd category in demand for construction.	</li><li>ឈ្មោះព្រឹក្សមួយប្រភេទ សណ្ឋានប្រហែលនិងថ្កូវកំពស់ ១០-២០ម ដុះក្នុងព្រៃស្រោង និងល្បោះលើដីទំនាប នៃប្រទេស Srilanka, ឧបទ្វីបឥណ្ឌូចិន, ជ្វា រហូតដល់ប្រទេស Nouvelle Guinee និង Australie ខាងជើង ។ ឈើពណ៌លឿងខ្ចី, ជាឈើលេខ៣ សំរាប់សង់ផ្ទះ។	</li><li><p-n>More Information	Syn. &nbsp;: Sarcocephalus cordatus Miq.</p-n></li></ul>
ក្ដួច	DIOSCOREA (Dioscoreaceae)	Dioscorea hispida Dennst. 	<ul><li>Liana of the dense forests met from Southeast Asia to New Guinea. The farinaceous tubers contain alkaloids of which dioscorin, a violent poison. Prepared without care, they provoke fatal poisonings. To be edible, they must be cut in small strips, dipped during 2-3 days into running water of a river or of a source, then cooked a long time. Species in demand only in times of famine (between 1975-1979, under the Khmer Rouge regime). In veterinary medecine, the tubers, reduced to paste, are used for curing some diseases of the cattle. Formerly, to kill tigers, they were given game mixed with those tubers.	</li><li>វល្លិធំម្យ៉ាងដុះក្នុងព្រៃក្រាស់ នៃប្រទេសជាច្រើន ពីទ្វីបអាស៊ីផ្នែកអាគ្នេយ៍ រហូតដល់ Nouvelle Guinée ។ មើមធាតុម្សៅមានជាតិ dioscorine ដែលជាជាតិពុលមួយខ្លាំង ។ គេពុំអាចបរិភោគឥតប្រុងប្រៀបមុនបានឡើយ ពីព្រោះជាតិពុល អាចធ្វើឱ្យស្លាប់ក៏មាន ។ គេត្រូវចិតមើមស្ដើងៗ ហើយត្រាំទឹក ២-៣ថ្ងៃ មុននឹងស្ងោរចំអិនយ៉ាងយូរ ។ មើមនេះគេបរិភោគ តែពេលទុរឹ្ភក្ស ដូចកាលជំនាន់ខ្មែរក្រហមប៉ុលពត (១៩៧៥-១៩៧៩) ។ ពេទ្យសត្វព្យាបាលជម្ងឺខ្លះនៃសត្វពាហនៈ ដោយយកមើមក្ដួចកិនឱ្យម៉ត់ឱ្យសត្វស៊ី ។ កាលពីអតីតកាល ពេលមានខ្លាច្រើនពេក គេសម្លាប់ខ្លាខ្លះៗដោយឱ្យវាស៊ី សត្វដែលគេបរបាញ់ លាយជាមួយមើមក្ដួច ។	</li><li><p-n>More Information	Syn. &nbsp;: D. cylindrica Burm.</p-n></li></ul>
ក្តាត	COLOCASIA (Araceae)	Colocasia esculenta (L.) Schott, var. antiquorum (Schott) F.T. Hubb. &amp; Rehder	<ul><li>Decorative variety with purple veined petioles. Non edible tubers. Stalks and petioles can be consumed after a long cooking.	</li><li>ឈ្មោះដំណាំពូជជាមួយត្រាវ គេច្រើនដាំជាលំអ ធាងមានសម្បុរស្វាយបន្តិច ។ មើមនឹងធាងប្រើជាបន្លែ ឬអន្លក់បាន តែត្រូវស្ងោរជាយូរសិន កុំឱ្យជ័រកាត់មាត់ ។	</li><li><p-n>More Information	NK : kda:t &nbsp;&nbsp;ក្ដាត	NOTE	ពេលមានពាក្យ (វល្លិ) (ស្មៅ) (ដើម) ក្នុងវង់ក្រចកខាងក្រោយនាម រុក្ខជាតិ ត្រូវអានពាក្យនោះខាងមុខនាមវិញ។</p-n></li></ul>
ក្ទម្ពទឹក	NAUCLEA (Rubiaceae)	Nauclea officinalis (Pierre ex Pit.) Merr. &amp; Chun	<ul><li>Shrub or small tree, 5-10 m tall, of the secondary and clear formations near the rivers, of the Indochinese and Malay Peninsula, Southern China (Hainan), Sumatra and Borneo. Very bitter orange-coloured wood, used sometimes to make cups for drinking water​ ; the latter becomes much bitter and is considered as febrifuge. Yellow strips of wood and bark of this species are sold in traditional Chinese pharmacies of Cambodia.	</li><li>ឈ្មោះព្រឹក្សឬព្រឹក្សតូចមួយប្រភេទកំពស់៥-១០ម ដុះក្នុងព្រៃស្រោងឬព្រៃល្បោះ ជិតមាត់ទឹក នៃឧបទ្វីបឥណ្ឌូចិន, ជ្វា​,ប្រទេសចិនខាងត្បូង, លើកោះ Sumatra និង Borneo ។ ឈើសម្បុរលឿងភាវ រសល្វីង គេច្រើនប្រើសំរាប់ធ្វើជាកែវដាក់ទឹកផឹក ទឹកមានរសចត់ល្វីងនេះអាចរម្ងាប់រោគគ្រុន ។ គេតែងឃើញបន្ទះឈើក្ទម្ពទឹកលក់ក្នុងឱសថដ្ឋានចិន នៅប្រទេសខ្មែរ។	</li><li><p-n>More Information	Syn. : Sarcocephalus officinalis Pierre ex Pit.</p-n></li></ul>
ក្ទុមគោក	CEPHALANTHUS (Rubiaceae) 	Cephalanthus angustifolius Lour.	<ul><li>Shrub, 3-4 m tall, of open formations, along the rivers; met in Cambodia, Laos and Vietnam. The barks are used in traditional medicine; they would be astringent.	</li><li>ក្ទុមគោក ចុល្លព្រឹក្សកំពស់ ៣-៤ម ដុះក្នុងព្រៃវាល តាមមាត់ទឹក ក្នុងប្រទេសខ្មែរ លាវ និងវៀតណាម ។ សំបក សម្រាប់ធ្វើថ្នាំទប់ ឬឃាត់ (មិនឱ្យរាគជាដើម) ។	</li><li><p-n>More Information	Syn.: Cephalanthus stellatus Lour.</p-n></li></ul>
ក្ទុម្ពទឹក	MITRAGYNA (Rubiaceae) 	Mitragyna speciosa (Korth.) Havil. 	<ul><li>Tree, 8-15 m tall, of the secondary formations, along the rivers of Indochina and Indian regions. The green, very bitter leaves, are edible as vegetables. They would have the property to incite the appetite. Yellow wood, of inferior quality used for minor works.	</li><li>ព្រឹក្សម្យ៉ាងកំពស់៨-១៥ម ដុះក្នុងព្រៃល្បោះតាមមាត់ទឹក នៃប្រទេសឥណ្ឌា និងឥណ្ឌូចិន ។ ស្លឹកមានរសចត់ល្វីង តែអាចបរិភោគជាបន្លែបាន ។ គ្រូបុរាណអោយអ្នកស្គមពេកស៊ីស្លឹកនេះដើម្បីអោយពិសាបាយបានច្រើន ។ ឈើពណ៌លឿង មិនសូវមានតំលៃទេ តែអាចប្រើធ្វើជាគ្រឿងផ្ទះរាយរងបាន ។	</li><li><p-n>More Information	Syn. &nbsp;: Stephegyne parvifolia Korth.</p-n></li></ul>
ក្បកដំរី	CHLORANTHUS (Chloranthaceae)	Chloranthus erectus (Buch.-Ham.) Verd.	<ul><li>Shrub, 1-4 m tall, of the dense forests of Indochina and Java. Before the appearance of real tea &quot;Camellia sinensis&quot;, the leaves of this species were used as a drink in Java. In Cambodia, the leaves are used as febrifuge.	</li><li>ឈ្មោះគុម្ពព្រឹក្សមួយប្រភេទកំពស់ ១ទៅ៤ម ដុះក្នុងព្រៃជ្រៅ ក្នុងប្រទេសជ្វា និងឥណ្ឌូចិន ។ កាលពីជំនាន់ដើម ពេលគេពុំទាន់នាំតែពីស្រុកចិនមក គេស្ងោរក្បកដំរីផឹកដូចតែ ។ គ្រូខ្មែរស្ងោរស្លឹកក្បកដំរីព្យាបាលជម្ងឺគ្រុន ។	</li><li><p-n>More Information	Syn. : Chloranthus officinalis Blume</p-n></li></ul>
ក្បង់	DENDROCNIDE (Urticaceae) 	Dendrocnide urentissima (Gagnep.) Chew 	<ul><li>Shrub, 2-6 m tall, of dense and semi-dense formations of Cambodia (Kompong Cham) and of Vietnam. Extremely stinging species, from its the leaves and inflorescences, much feared, even by animals. Flowers Sometimes used for a criminal purpose. Some ethnic groups make infusions with the leaves to heal fever. 	</li><li>ក្បង់ជាចុល្លព្រឹក្សមួយប្រភេទកំពស់ ២ទៅ៦ម ដុះក្នុងព្រៃក្រាស់មធ្យម ឬព្រៃជ្រៅ នៃប្រទេសខ្មែរ (មានច្រើនក្នុង ខេត្តកំពង់ចាម) និងប្រទេសវៀតណាម ។ ស្លឹកព្រមទាំងផ្កាអាចរោលស្បែកធ្វើអោយមានគ្រោះថ្នាក់ ។ មនុស្ស និងសត្វមិនសូវហ៊ានប៉ះឡើយ ។ មនុស្សអាក្រក់ខ្លះមិនញញើតនិងយកផ្កាទៅបំពុលគេឡើយ ។ ខ្មែរលើប្រើស្លឹកស្ងោរផឹក ដើម្បីព្យាបាល ជម្ងឺគ្រុន ។	</li><li><p-n>More Information	Syn. : Laportea urentissima Gagnep.</p-n></li></ul>
ក្បាលរុយ	SCOPARIA (Scrophulariaceae)	Scoparia dulcis L.	<ul><li>Herb, ligneous at bottom, 30-80 cm tall, imported from tropical America, become spontaneous along the roads of the warm regions. In traditional Cambodian medicine, the fresh plant is used to make a potion against cough; it is also part of a remedy against aerophagie. The decoction of roots is used against fever and the digestive troubles. Dried out, this hard herb is used to make brooms.	</li><li>ឈ្មោះតិណជាតិ ភាពរឹងមួយប្រភេទ កំពស់ ៣០-៨០ស.ម ដើមកំណើតក្នុងប្រទេសអាមេរិកក្តៅ ដុះឯងៗតាមមាត់ផ្ទះនៃប្រទេសក្តៅសកលលោក។ គ្រូថ្នាំបុរាណប្រើដើមស្រស់សំរាប់ធ្វើថ្នាំក្អក ឬសគេស្ងោរធ្វើថ្នាំគ្រុន និងថ្នាំរំងាប់រោគគ្រឿង រំលាយអាហារ ។ គេហាលដើមអោយស្ងួត សំរាប់ធ្វើអំបោស ។ 	</li><li><p-n>More Information	NF &nbsp;: herbe à balai</p-n></li></ul>
ក្បិតជូន	PORTULACA (Portulacaceae) 	Portulaca oleracea L.	<ul><li>Annual herb, more or less lying, branching out, 10-30 cm tall, with reddish. fleshy stalk. of uncultivated places, in the neighborhood of houses in the tropical and temperate regions. Edible plant usually, it is given to pigs.The decoction of leaves is absorbed against diarrhoea. Plundered, they are used in poultices on the ill eyes. 	</li><li>ស្មៅពួកផ្កាម៉ោងដប់ ច្រើនស្ទើរវារ ឬវារ កំពស់ ១០-៣០ស.ម មានដើមពណ៌ក្រហមភ្លាវ ដុះលើដីវាលជិតផ្ទះនៃ ប្រទេសក្ដៅ និង ត្រជាក់មធ្យមសកលលោក ។ ត្រួយអាចធ្វើបន្លែបានពេលទុរិ្ភក្ស ពេលធម្មតា គេប្រើសំរាប់ធ្វើបាយជ្រូក ។ គេស្ងោរស្លឹកផឹកជាថ្នាំរាគ ដើម្បីព្យាបាលជំងឺភ្នែក គេបុកស្លឹកជាថ្នាំបំពោក ។	</li><li><p-n>More Information	NF &nbsp;&nbsp;: pourpier</p-n></li></ul>
ក្បិតជូនធំ	DICHROCEPHALA (Compositae)	Dichrocephala latifolia DC.	<ul><li>Ligneous herb, 10-60 cm tall, erected, of abandoned paddy fields of Indochina and the whole Far East. The young shoots and leaves, crushed with papaya seeds, are used to treat stings and bites of venomous insects. They are also a component of a remedy against women gonorrhea.	</li><li>ឈ្មោះតិណជាតិគល់រឹងមួយប្រភេទកំពស់ ១០-៦០ស.ម ដុះត្រង់ឡើងលើក្នុងស្រែឧទ្ទាមនៃឥណ្ឌូចិន និងចុងបូព៌ាប្រទេស ។ ត្រួយខ្ចីៗ និងស្លឹកបុកជាមួយគ្រាប់ល្ហុង  សម្រាប់ព្យាបាលស្នាមទីចដោយសត្វល្អិតមានពិស ។ គ្រូថ្នាំខ្មែរអាច យកត្រួយខ្ចីៗនេះ និងស្លឹក ផ្សំធ្វើថ្នាំកែរោគប្រមេះស្តី្រ ។	</li><li><p-n>More Information	NK &nbsp;: kbët chu:n thôm’ &nbsp;ក្បិតជូនធំ	NOTE	ពេលមានពាក្យ (វល្លិ) (ស្មៅ) (ដើម) ក្នុងវង់ក្រចកខាងក្រោយនាម រុក្ខជាតិ ត្រូវអានពាក្យនោះខាងមុខនាមវិញ។</p-n></li></ul>
ក្រកី	CENOLOPHON (Zingiberaceae)	Cenolophon oxymitrum Holttum	<ul><li>Herb of the undergrowth of wet dense forests of the Indochinese Peninsula, looked often for decorative cultivation. Seeds used in traditional medicine against different diseases. The alcoholic paint of the flowers is used against rheumatisms.	</li><li>ក្រកី តិណជាតិមួយប្រភេទ ដុះក្នុងព្រៃក្រាស់ត្រជាក់ក្រោមដើមឈើធំៗ នៃឧព្វេធឥណ្ឌូចិន។ គេនិយមយកដើមនេះ ទៅដាំក្នុងសួនជាលំអ។ គ្រាប់ក្រកីសម្រាប់ធ្វើថ្នាំរម្ងាប់រោគផ្សេងៗ។ ផ្កាគេត្រាំស្រា ដើម្បីព្យាបាលរោគសន្លាក់ឆ្អឹង ។	</li><li><p-n>More Information	Syn. : Alpinia oxymitra Schum.</p-n></li></ul>
	ឧទាហរណ៏៖&nbsp;		<ul><li>	</li><li>					</li></ul>
ក្រកោស្បាត	ELETTARIA (Zingiberaceae) 	Elettaria cardamomum (L.) Maton	<ul><li>Short herb, 0.50-1.50 m, habit of graminaceous, of the dense forests of India and Indochina; species widely cultivated in tropical Asia for its seeds used as spices. They would also have therapeutic properties. In external use, they are a component of a remedy against the uterine tumors.	</li><li>ស្មៅមានស្លឹកវែងតូចៗស្រដៀងស្លឹកស្រូវ មានដើមកំណើតនៅវៀតណាមខាងជើង គេដាំក្នុងស្រុកក្ដៅជាច្រើន ដើម្បី យកគ្រាប់ធ្វើគ្រឿងទេស លាយជាមួយគ្រឿងការីជាដើម ឬសនិងផ្លែយើងធ្វើឱសថផ្សេងៗ ឬសត្រាំស្រាផឹក ដើម្បីលើកកម្លាំងឬ សម្រាប់ឱ្យបត់ជើងធំស្រួល ។ ផ្លែគេផ្សំថ្នាំព្យាបាលជម្ងឺ ពកក្នុងស្បូន ។	</li><li><p-n>More Information	Syn. &nbsp;: Amomum repens Sonn.</p-n></li></ul>
ក្រខុប	MUNTINGIA (Elaeocarpaceae)	Muntingia calabura L.	<ul><li>Shrub, 3-8 m tall, originating from tropical America, cultivated near houses for its shade, decoration, and its small edible fruits, diameter about 1 cm. Dead leaves sometimes used by the children as tobacco. The crushed fresh leaves are applied to the bites of bees and wasps. Roots are a component of a medicine against some diseases of the liver.	</li><li>ចុល្លព្រឹក្សមួយប្រភេទកំពស់៣-៨ម កំណើតនៅប្រទេសអាមេរិកផ្នែកក្ដៅ គេនាំមកដុះជាលំអនិងយកម្លប់ នៅជិតផ្ទះនៃអាស៊ីផ្នែកអាគ្នេយ៍ ។ ផ្លែតូចៗមូលៗមានវិជ្ឈមាត្រប្រហែល១ស.ម អាចបរិភោគបាន ។ ក្មេងៗខ្លះយកស្លឹកក្រខុបជក់ជំនួសថ្នាំ ។ ពេលឃ្មុំឬឱម៉ាល់ទិច គេតែងយកស្លឹកស្រស់ៗ មកបុកបិទលើស្នាមទិច ។ គ្រូថ្នាំបុរាណប្រើឬសផ្សំធ្វើថ្នាំព្យាបាលជំងឺថ្លើម ។	</li><li><p-n>More Information	NA &nbsp;&nbsp;: calabura, Jamaican cherry</p-n></li></ul>
ក្រខុបខ្មែរ	FLACOURTIA (Flacourtiaceae)	Flacourtia jangomas (Lour.) Rausch.	<ul><li>Shrub or small tree, 5-10 m tall, spontaneous in the clear forests of tropical Asia, often cultivated around the villages. The ripe fruits are edible. One can make compotes of it and jams. The young shoots are used in traditional medicine as tonic, astringent and to failitate digestion. Wood, white or reddish, used to make columns and pestles of rice.	</li><li>ឈ្មោះព្រឹក្ស ឬគុម្ពព្រឹក្សមួយប្រភេទ កំពស់ ៥-១០ម ដុះឯងក្នុងព្រៃល្បោះ នៃអាស៊ីផ្នែកក្ដៅ គេតែងដាំជាលំអក្នុង            ភូមិ ។ ផ្លែទុំអាចបរិភោគបាន គេតែងយកផ្លែទុំ ឆឹងស្ករ និងធ្វើតំណាប់ ។ ដើមខ្ចីៗសម្រាប់ធ្វើថ្នាំកម្លាំង ព្យាបាលជម្ងឺក្រពះ ឬជាថ្នាំទប់ ឬឃាត់មិនឱ្យរាគជាដើម ។ ឈើពណ៌ស ឬក្រហមភាវ សម្រាប់ប្រើធ្វើសរសផ្ទះ និងធ្វើអង្រែបុកស្រូវ ។	</li><li><p-n>More Information	NK &nbsp;: krâkhôb’ khmêr &nbsp;&nbsp;ក្រខុបខ្មែរ	NOTE	ពេលមានពាក្យ (វល្លិ) (ស្មៅ) (ដើម) ក្នុងវង់ក្រចកខាងក្រោយនាម រុក្ខជាតិ ត្រូវអានពាក្យនោះខាងមុខនាមវិញ។</p-n></li></ul>
ក្រខុបញី	FLACOURTIA (Flacourtiaceae)	Flacourtia indica (Burm.f.) Merr.	<ul><li>Shrub or small tree, 2-15 m tall, of the clear forests, around the villages, near the roads, rivers or seasides, spread in the tropical regions of Asia and Africa. Edible fruits. Roasted leaves, barks and fruits used in traditional medicine to make tonic drinks prescribed to young mothers. The infusions are also considered as effective against the troubles of womb. The wood, not affected by termites is used to make columns of houses, pestles for rice and axe handles.	</li><li>ក្រខុបញី ជាព្រឹក្សតូច ឬគុម្ពព្រឹក្សម្យ៉ាងកំពស់ ២-១៥ម ដុះក្នុងព្រៃល្បោះឬជុំវិញភូមិនាៗ ជិតផ្លូវមាត់ទឹកសាប មាត់សមុទ្រ នៃប្រទេសអាស៊ី និងអាហ្វ្រិកក្ដៅ ។ ផ្លែអាចបរិភោគបាន ។ គ្រូថ្នាំតែងស្ងោរស្លឹកសំបក និងផ្លែធ្វើថ្នាំកម្លាំងឱ្យ នារីទើបសម្រាលកូនផឹក ។  ទឹកស្ងោរនេះអាចព្យាបាលជម្ងឺចុកពោះដែរ ។ ឈើសត្វខ្មូតស៊ីមិនដាច់ សម្រាប់ធ្វើសសរផ្ទះ ធ្វើអង្រែបុកស្រូវ និងដងពូថៅ ។	</li><li><p-n>More Information	Syn. &nbsp;: Flacourtia balansae Gagnep.</p-n></li></ul>
ក្រខុបព្រែក	SCOLOPIA (Flacourtiaceae)	Scolopia macrophylla (Wight &amp; Arn.) Clos	<ul><li>Shrub or small tree, 6-10 m tall, of the wet places and flooded forests of Cambodia, Vietnam, Thailand and Malaysia. Ripe fruits, orangy, are edible.	</li><li>ឈ្មោះចុល្លព្រឹក្ស ឬព្រឹក្សតូចមួយប្រភេទ កំពស់ ៦-១០ម ដុះលើដីសើមៗ និងក្នុងព្រៃរនាមនៃប្រទេសកម្ពុជា               វៀតណាម ថៃ និង ជ្វា ។ ផ្លែទុំរសផ្អែម ពណ៌លឿងភ្លាវ អាចបរិភោគជាចំណី ។	</li><li><p-n>More Information	NK &nbsp;: krâkhô’b praèk ក្រខុបព្រែក	NOTE	ពេលមានពាក្យ (វល្លិ) (ស្មៅ) (ដើម) ក្នុងវង់ក្រចកខាងក្រោយនាម រុក្ខជាតិ ត្រូវអានពាក្យនោះខាងមុខនាមវិញ។</p-n></li></ul>
ក្រខុបព្រៃ	SCOLOPIA (Flacourtiaceae)	Scolopia spinosa (Roxb.) Warb.	<ul><li>Shrub or small tree, 5-15 m tall, of the dense forests and open formations of plain and altitude, up to 1200 m. The ripe fruits, greenish, the size of a cherry, are edible. The wood is in demand in construction. Species of Southeast Asia. 	</li><li>ឈ្មោះព្រឹក្សតូចម្យ៉ាង កំពស់ ៥-១៥ម ដុះក្នុងព្រៃក្រាស់ ឬព្រៃល្បោះលើដីទំនាប ឬលើភ្នំដែលខ្ពស់រហូត ១២០០ម។ ផ្លែទុំពណ៌បៃតងភ្លាវ រសផ្អែម អាចបរិភោគជាចំណីបាន ។ ឈើមានតំលៃណាស់ សំរាប់ធ្វើគ្រឿងផ្ទះ ។ ជាពូជមានដុះក្នុងទ្វីបអាស៊ីផ្នែកអាគ្នេយ៍ ។	</li><li><p-n>More Information	Syn. &nbsp;: Scolopia roxburghii Clos</p-n></li></ul>
ក្រចកអណ្ដើក	@ចាន់ក្រុង	LEPISANTHES (Sapindaceae)	Lepisanthes tetraphylla Radlk.	<ul><li>Shrub, 2-8 m tall, of the semi-dense formations of India and Indochina. The fruits are edible, Wood sometimes used in construction.	</li><li>ឈ្មោះចុល្លព្រឹក្សម្យ៉ាងកំពស់ ២-៨ម ដុះក្នុងព្រៃក្រាស់មធ្យមនៃប្រទេសឥណ្ឌា និងឥណ្ឌូចិន ។ ផ្លែអាចបរិភោគបាន។ ឈើវាគេតែងប្រើជាឈើសំរាប់សង់ផ្ទះ ។	</li><li><p-n>More Information	NK &nbsp;: krâchâk ânndaëk (ongles de tortue), chan’ krông &nbsp;ក្រចកអណ្ដើក, ចាន់ក្រុង	NOTE	ពេលមានពាក្យ (វល្លិ) (ស្មៅ) (ដើម) ក្នុងវង់ក្រចកខាងក្រោយនាម រុក្ខជាតិ ត្រូវអានពាក្យនោះខាងមុខនាមវិញ។</p-n></li></ul>
ក្រចាប់ដី	TRIBULUS (Zygophyllaceae)	Tribulus terrestris L.	<ul><li>Slender herb, 0.30-0.60 m tall, with twigs spread over the wet ground of the tropical and temperate regions. In America, this species is very invasive and is considered as a pestilence. In Indochina, the plant makes an excellent fodder. The seeds are edible. The fruits would be abortive.	</li><li>តិណជាតិឆ្មារមួយប្រភេទកំពស់០,៣០-០,៦០ម មានមែកវារលើដីសើមៗនៃប្រទេសក្តៅ និងត្រជាក់មធ្យមសកលលោក ។ នៅទ្វីបអាមេរិក ស្មៅនេះដុះច្រើនពេក គេរកមធ្យោបាយកំចាត់វាចោល ។ នៅឥណ្ឌូចិន ស្មៅក្រចាប់ដី គេអោយ គោ ក្របី ស៊ីជាអាហារ ។ គ្រាប់អាចបរិភោគបាន ។ ផ្លែវាអាចធ្វើអោយរលូតកូន ។	</li><li><p-n>More Information	NA &nbsp;: devil’ thorn</p-n></li></ul>
ក្រចាប់ (ស្នែងបួន)	TRAPA (Trapaceae)	Trapa incisa Siebold &amp; Zucc.	<ul><li>Small aquatic floating herb, of the stagnant waters of tropical Asia. Rare in Cambodia. Fruits have with 4 pointed horns. The farinaceous fruits are edible boiled or roasted.	</li><li>ក្រចាប់ស្នែងបួន ជាសេវាលជាតិតូច វារលើទឹកដូចកញ្ឆែត ផ្លែមានបន្លា៤ស្រួចដូចស្នែង ដុះក្នុងទឹកមិនហូរ នៅអាស៊ីក្តៅ នៅប្រទេសខ្មែរ ដើមនេះមិនសូវមានច្រើនទេ ។ គ្រាប់ មានជាតិម្សៅអាចបរិភោគបានស្ងោរ ឬ លីង ។	</li><li><p-n>More Information	NF &nbsp;: chataigne d’eau à 4 cornes</p-n></li></ul>
ក្រចាប់ (ស្នែងពីរ)	TRAPA (Trapaceae)	Trapa bicornis Osbeck, var. cochinchinensis (Lour.) Glück ex Steenis	<ul><li>Floating herb with very short stalk, of ponds, puddles and lakes of tropical Asia and Africa. Species very frequently cultivated for its two horned farinaceous edible fruits. The hard pericarpe of fruit, in infusion, is considered as tonic and febrifuge.	</li><li>ក្រចាប់មានធាតុជាសេវាលជាតិ ដុះក្នុងទឹកបឹង ស្រះ ត្រពាំងនៅទ្វីបអាហ្វ្រិក និងអាស៊ីក្ដៅ ។ ជាដើមគេដាំសំរាប់បរិភោគ ផ្លែដែលមានស្នែងពីរជាអាហារ ។ សំបករឹងរបស់ផ្លែ អាចឆុងទឹកជាថ្នាំគ្រុន និង លើកកំលាំង ។	</li><li><p-n>More Information	Syn. : Trapa cochinchinensis Lour.</p-n></li></ul>
ក្រចៅ	CORCHORUS (Tiliaceae)	Corchorus capsularis L.	<ul><li>Annual herb, 1-3 m tall, introduced from China, widely cultivated in Asia. The young shoots are edible. In Cambodia, the species became subspontaneous. The fibers are used as textiles to make links and especially bags. In traditional medicine, the infusions of leaves would be tonic for the children; they are also considered to be efficient against cough. The bitter seeds, toxic for the cattle, contain cardiotonic heterosides. Decoction from the bark would be antifeverish.	</li><li>ឈ្មោះស្មៅប្រចាំឆ្នាំមួយប្រភេទ កំពស់ ១-៣ម នាំពីស្រុកចិនមកដាំគ្រប់ប្រទេសក្នុងទ្វីបអាស៊ី ។ ត្រួយគេបរិភោគជា បន្លែបាន ។ នៅប្រទេសខ្មែរ ពូជក្រចៅអាចដុះឯងៗខ្លះៗ ។ គេយកសរសៃសំបកសម្រាប់ត្បាញធ្វើខ្សែ និងធ្វើបាវការ៉ុង ។ គ្រូថ្នាំបុរាណ ប្រើស្លឹកឆុងឱ្យក្មេងៗផឹក ជាថ្នាំលើកកម្លាំង ។ ស្លឹកគេប្រើសម្រាប់ព្យាបាលជម្ងឺក្អកដែរ ។ គ្រាប់មានរសជាតិល្វីង អាចបំពុលគោ ក្របី មានជាតិ &quot;Hetérosides&quot; ម្យ៉ាងជាថ្នាំធ្វើឱ្យបេះដូងដើរស្រួល ។ គេស្ងោរ សំបកផឹកឱ ្យបាត់គ្រុន ។ 	</li><li><p-n>More Information	NA : jute</p-n></li></ul>
ក្រជៀប	PENTAPETES (Sterculiaceae)	Pentapetes phoenica L.	<ul><li>Herb variously branching at bottom, 0.50-1.50 m tall. of the wet places of tropical Asia, plentiful in the flooded forests of Cambodia. Plant often cultivated as decorative for its large purple red flowers, 3-3.5 cm wide. The roots are a component of a remedy against the coryza.	</li><li>ឈ្មោះស្មៅស្ទើវារមួយប្រភេទកំពស់ ០,៥០-១,៥០ម ដុះលើដីសើមៗនៃអាស៊ីផ្នែកក្ដៅ ច្រើនមានក្នុងព្រៃរនាម ប្រទេសខ្មែរ ។ គេនិយមដាំជាលំអ ដោយផ្កាពណ៌ក្រហម ឬស្វាយភ្លាវធំៗទំហំ៣-៣.៥០ស.ម ឬសគេផ្សំធ្វើថ្នាំព្យាបាលជំងឺផ្ដាសាយធំ ។	</li><li><p-n>More Information	NK &nbsp;: krâchiëb ​ &nbsp;ក្រជៀប	NOTE	ពេលមានពាក្យ (វល្លិ) (ស្មៅ) (ដើម) ក្នុងវង់ក្រចកខាងក្រោយនាម រុក្ខជាតិ ត្រូវអានពាក្យនោះខាងមុខនាមវិញ។</p-n></li></ul>
ក្រញឹបក្រហម	@ស្តំ	LUMNITZERA (Combretaceae)	Lumnitzera littorea (Jack) Voigt	<ul><li>Tree, 10-30 m tall, of the mangrove formations, adapted to muddy-sandy soils, at about 5 m over the high waters, common from the coasts of the Pacific, to those of Eastern Africa. Red flowers, accounting for its khmer name.Wood used for the construction of the bridges and enbankments because it supports dumping well. In traditional medicine, the leaves would be effective in the treatment of sprue (chronic disease of the bowel showing itself in a greasy diarrhoea). The decoction of the root is well known as febrifuge in case of eruptive fever.	</li><li>ឈ្មោះព្រឹក្សកំពស់ ១០-៣០ម ដុះនៅក្នុងព្រៃកោងកាង លើដីភក់លាយខ្សាច់ មានកំពស់លើសទឹកជំនោរធំបំផុត ប្រហែល ៥ម ។ ដើមនេះមានតាមសមុទ្រប៉ាស៊ីហ្វិក រហូតដល់ប្រទេសអាហ្វ្រិចខាងកើត ។ ផ្កាពណ៌ក្រហម ។ ឈើគេច្រើន ប្រើសំរាប់សង់ផែកប៉ាល់ ។ ពីព្រោះឈើជាប់ល្អពេលត្រូវទឹក ។ តាមក្បួនឱសថបុរាណ ស្លឹកក្រញឹបក្រហម សំរាប់ព្យាបាល ជំងឺរាគរាំរ៉ៃ ។ គេស្ងោរឬសផឹករម្ងាប់រោគគ្រុន ធម្មតា និងគ្រុន មានចេញពិសលើស្បែក ។ 	</li><li><p-n>More Information	Syn. &nbsp;: Lumnitzera coccinea Wight &amp; Arn.</p-n></li></ul>
ក្រញឹបស	LUMNITZERA (Combretaceae)	Lumnitzera racemosa Willd.	<ul><li>Tree, 5-10 m tall, growing in mangroves, in association with the previous species. Cream white flowers which give its Khmer name. Wood used especially for heating or to make coal. Sometimes used also for the construction of bridges and enbankments. Distribution: Eastern Africa, Haïnan, South Korea, Kwantung, Western Madagascar coast, India, Thailand, Cambodia, Vietnam, Taiwan, Malay Peninsula, the Philippines, Indonesia, the northeast of Australia, New Caledonia, New Guinea.	</li><li>ក្រញឹបស ជាព្រឹក្សកំពស់ ៥-១០ម តែដុះលាយជាមួយក្រញឹបក្រហមក្នុងព្រៃកោងកាង។ ផ្កាមានពណ៌ ពងមាន់គឺស លាយលឿងបន្តិចៗ ។ ឈើគេច្រើនប្រើសំរាប់ដុតកំដៅ ឬធ្វើធ្យូង ។ គេប្រើម្តងមួយកាល សំរាប់សង់ផ្នែកប៉ាល់ ឬធ្វើស្ពាន ។ ដើមនេះមានដុះនៅច្រើនប្រទេសណាស់ : អាហ្វ្រិចខាងកើត, Madasgacar ខាងលិច, កូរ៉េខាងត្បូង, ចិនខាងត្បូង, កោះ Formose ,ឧបទ្វីបជ្វា និងឥណ្ឌូចិន, ឥណ្ឌូណេស៊ី, អូស្ត្រាលីផ្នែកឦសាន Nouvelle calédonie, Nouvelle-Guinée ។	</li><li><p-n>More Information	NK &nbsp;: &nbsp;krâ:nhöb sâ: &nbsp;ក្រញឹបស	NOTE	ពេលមានពាក្យ (វល្លិ) (ស្មៅ) (ដើម) ក្នុងវង់ក្រចកខាងក្រោយនាម រុក្ខជាតិ ត្រូវអានពាក្យនោះខាងមុខនាមវិញ។</p-n></li></ul>
ក្រញូងឈាមមាន់	@ក្រញូងស្នែង	DALBERGIA (Leguminosae-Papilionoideae) 	Dalbergia cochinchinensis Pierre	<ul><li>Tree, 8-30 m tall, of mixed decideous forests up to 500 m, met in Thailand, Cambodia, Laos and Vietnam. Red wood, with dark and clear stripes, becoming blackish when old, dense and hard but easy to work, very popular for the manufacture of luxury furniture and of joints. In Cambodia, it was formely restricted to the king’s needs.	</li><li>ឈ្មោះព្រឹក្សមួយប្រភេទ កំពស់ ៨ទៅ៣០ម ដុះក្នុងព្រៃជ្រៅ នៅប្រទេសថៃ កម្ពុជា និងវៀតណាមខាងត្បូង ។ ឈើ         ក្រញូងឈាមមាន់ មានពណ៌ក្រហមឆ្នូតលាយជាមួយពណ៌ស ឬក្រមៅ ធាតុរឹង សាច់មត់ គេនិយមប្រើសម្រាប់ធ្វើវត្ថុ ឈើ ផ្សេងដូចជា តុ ទូ ប្រណិត និងមុខតំណជាដើម ។ ពីអតីតកាល ក្រញូងស្នែង គេទុកសម្រាប់តែសេចក្តីត្រូវការ នៃមហាក្សត្រ ។	</li><li><p-n>More Information	Syn. : Dalbergia cambodiana Pierre</p-n></li></ul>
ក្រញូងស្វា	DALBERGIA (Leguminosae-Papilionoideae) 	Dalbergia cultrata Graham ex Benth. 	<ul><li>Shrub or small tree, 4-20 m tall, of mixed decideous forests between 100 and 2300 m, met in the Indochinese Peninsula (Burma, Thailand, Cambodia, Laos, Vietnam). Blackish red wood used in woodwork, of little demand in cabinetmaking because of its small dimensions.	</li><li>ក្រញូងស្វា ជាចុល្លព្រឹក្ស ឬព្រឹក្សធំមធ្យម កំពស់ពី ៤ ទៅ២០ម ដុះក្នុងព្រៃស្រោង មានខ្លុង ត្បែង ឬក្នុងព្រៃស្រល់ លើភ្នំ ឧព្វេធរហូតដល់ ១៥០០ម នៃប្រទេសកម្ពុជា លាវ និងវៀតណាម ។ ឈើមានពណ៌ក្រមៅ គេអាចប្រើធ្វើក្តារ ក្រាលផ្ទះ ។	</li><li><p-n>More Information	Syn. : Dalbergia fusca Pierre</p-n></li></ul>
ក្រទុំថេត	@ក្ទម្ពទេស	LEUCAENA (Leguminosae-Mimosoideae)	Leucaena leucocephala (Lam.) de Wit	<ul><li>Shrub, 2-8 m tall, of American origin, introduced and naturalized in all the regions of Southeast Asia. In Cambodia, it is cultivated near the houses especially to make quickset hedges. In coffee trees gardens, it is used for shade. The young leaves are consumed as vegetables. The foliage is grazed by cattle.	</li><li>ក្រទុំថេត ឬក្ទម្ពទេស ចុល្លព្រឹក្សម្យ៉ាងកំពស់ ២-៨ម ដុះក្នុងទ្វីបអាមេរិកក្ដៅ គេនាំគ្រាប់មកដាំជាយូរណាស់មកហើយ នៅទ្វីបអាស៊ីផ្នែកអាគ្នេយ៍ ។ នៅប្រទេសខ្មែរ គេច្រើនដាំវាជិតផ្ទះធ្វើជារបងឈើរស់ ព្រោះជាឈើរស់ជាប់បានយូរ ឬដាំក្នុង ចំការកាហ្វេជាម្លប់ ។ ស្លឹកខ្ចីៗ សំរាប់ធ្វើបន្លែ និង របោយ ។ ស្លឹកចាស់ និងខ្ចី ជាចំណីគោ ក្របី ។ 	</li><li><p-n>More Information	Syn. : Leucaena glauca (Willd.) Benth.</p-n></li></ul>
ក្រទុំថេតព្រៃ	@អង្កាញ់ព្រៃ	CASSIA (Leguminosae-Caesalpinioideae)	Cassia timoriensis DC.	<ul><li>Shrub or small tree, 6-15 m tall, of decideous Dipterocarpus forests especially on calcareous soils, met from Ceylon, through the Southeast Asia up to the North of Australia.The wood resists well to the bad weather and to the insects; it is looked for the construction and is suitable to make ordinary cases and planks. The young leaves and flowers are edible. The raw fruits are said to be vermifuge (against the Ascaris).	</li><li>ដើមនេះជាចុល្លព្រឹក្ស ឬជាព្រឹក្សតូច កំពស់ ៦-១៥ម ដុះក្នុងព្រៃជ្រុះស្លឹកដែលមានដើម ត្រាចឈើទាល ។ល។ លើដី មានជាតិកំបោរ ។ ដើមនេះ មាននៅចាប់ពីស្រុកសេរីលង្កា កាត់តាមអាស៊ីផ្នែកអាគ្នេយ៍ ទៅដល់អូស្រ្តាលីខាងជើង ។ ឈើក្រទុំថេតព្រៃ ជាប់ល្អណាស់ មិនអាចសត្វស៊ីបាន អាចត្រូវ ទឹកហាលថ្ងៃមិនចេះខូច គេនិយមប្រើសម្រាប់សង់ផ្ទះ និងធ្វើហិប ឬប្រដាប់ប្រដារធម្មតា ។ ស្លឹកខ្ចីៗអាចបរិភ  ោគបាន ។ គេស៊ីផ្លែឆៅឱ្យធ្លាក់ព្រូន ។ 	</li><li><p-n>More Information	NK : krâtum thét préi, ângkanh’ préi (bois perdix sauvage) &nbsp;ក្រទុំថេតព្រៃ, អង្កាញ់ព្រៃ	NOTE	ពេលមានពាក្យ (វល្លិ) (ស្មៅ) (ដើម) ក្នុងវង់ក្រចកខាងក្រោយនាម រុក្ខជាតិ ត្រូវអានពាក្យនោះខាងមុខនាមវិញ។</p-n></li></ul>
ក្របៅ	HYDNOCARPUS (Flacourtiaceae)	Hydnocarpus annamensis Lescot &amp; Sleumer	<ul><li>Tree, 8-10 m tall. of the secondary formations of Cambodia and Vietnam. Wood graded 3rd category. used to make coal and short lasting constructions.	</li><li>ក្របៅជាព្រឹក្ស កំពស់ ៨-១០ម ដុះក្នុងព្រៃល្បោះនៃប្រទេសកម្ពុជា និង វៀតណាម ។ ឈើ “ លេខ៣ ”សម្រាប់ធ្វើធ្យូង និងសង់រោងបណ្ដោះអាសន្ន។	</li><li><p-n>More Information	Syn. &nbsp;: Taraktogenos annamensis Gagnep.</p-n></li></ul>
ក្របៅញី	@ក្របៅស្វា​	HYDNOCARPUS (Flacourtiaceae)	Hydnocarpus saigonensis Pierre ex Gagnep.	<ul><li>Tree, 7-10 m tall, of the secondary formations of Cambodia and Southern Vietnam. Wood used to make coal and sometimes for short lasting constructions.	</li><li>ព្រឹក្សមួយប្រភេទកំពស់ ៧-១០ម ដុះក្នុងព្រៃល្បោះ នៃប្រទេសកម្ពុជា និងវៀតណាមខាងត្បូង ។ ឈើសម្រាប់ប្រើធ្វើធ្យូង ឬសង់រោងបណ្តោះអាសន្ន។	</li><li><p-n>More Information	NK &nbsp;&nbsp;: &nbsp;krâbau nhi, krâbau sva: &nbsp;ក្របៅញី, ក្របៅស្វា	NOTE	ពេលមានពាក្យ (វល្លិ) (ស្មៅ) (ដើម) ក្នុងវង់ក្រចកខាងក្រោយនាម រុក្ខជាតិ ត្រូវអានពាក្យនោះខាងមុខនាមវិញ។</p-n></li></ul>
ក្របៅផ្លែតូច	HYDNOCARPUS (Flacourtiaceae)	Hydnocarpus kurzii (King) Warb.	<ul><li>Shrub or tree, 5-15 m tall, rarely up to 30 m, of the dense formations of Indochina and Indian regions. Often cultivated for the seeds which are at present the main source of chaulmoogrique acid, a remedy against leprosy. Some animals (fishes, wild pigs...) fed by the pulp of fruits and seeds become inedible because their flesh provokes sicknesses and vomits. White, light wood, not resistant to termites, used to make boards.	</li><li>ព្រឹក្ស ឬចុល្លព្រឹក្ស កំពស់ ៥-១៥ម មិនសូវខ្ពស់ដល់ ៣០ម ទេដុះក្នុងព្រៃក្រាស់ នៃឥណ្ឌូចិន និងប្រទេសឥណ្ឌា ។ គេច្រើនដាំសម្រាប់យកគ្រាប់ប្រើធ្វើឱសថសំខាន់ ព្យាបាលជម្ងឺឃ្លង់ ។ សត្វខ្លះដូចជាត្រីព្រលូង ជ្រូកព្រៃ ។ល។ ដែលស៊ីគ្រាប់ក្របៅផ្លែតូចនេះទៅជាពុល យើងពុំអាចបរិភោគសត្វនេះបានឡើយ ពេលណាគេបរិភោគវា គេក៏ពុលដែរ ទៅជាឈឺ ក្អួតពុំខាន ។ ឈើមានពណ៌ស ស្រាល សត្វល្អិតស៊ីបាន ប្រើសម្រាប់ធ្វើ  ក្តារបន្ទះ។	</li><li><p-n>More Information	Syn. &nbsp;: Taraktogenos kurzii King</p-n></li></ul>
ក្របៅផ្លែធំ	HYDNOCARPUS (Flacourtiaceae)	Hydnocarpus anthelminthica Pierre	<ul><li>Tree, 7-30 m tall, of the dense forests on sandy and rocky soils near water, in Cambodia, Southern Vietnam and Thailand. Called in French &quot;leprosy tree&quot;, it gives seeds which oil. &quot;huile chaulmoogrique&quot;, is used in the treatment of the leprosy and other dermatosis, against the tuberculosis and as vermifuge. The bark would be effective against incontinence. The pulp of the fruit is edible, but tasteless. Yellow to reddish wood, resistant. not affected by insects, used to make columns and boards. Often cultivated as decorative species. 	</li><li>ព្រឹក្សមួយប្រភេទ កំពស់ ៧-៣០ម ដុះក្នុងព្រៃក្រាស់ លើដីមានខ្សាច់ ឬថ្ម តាមមាត់ទឹក នៃប្រទេសកម្ពុជា វៀត-   ណាមខាងត្បូង និងថៃ ។ គ្រាប់រុក្ខជាតិនេះ មានប្រេងម្យ៉ាងគេអាចប្រើសម្រាប់ព្យាបាលជម្ងឺឃ្លង់ ជម្ងឺស្បែកគ្រប់យ៉ាង ជម្ងឺរបេង និងធ្វើថ្នាំព្រូន ។ សំបកសម្រាប់ធ្វើថ្នាំព្យាបាលរោគនោមមិនដឹងខ្លួន ។ សាច់នៃផ្លែអាចបរិភោគបាន តែមិនសូវឆ្ងាញ់ទេ ។ ឈើមានពណ៌លឿង ឬក្រហមភាវ ជាប់សត្វល្អិតស៊ីមិនដាច់ សម្រាប់ប្រើធ្វើសសរផ្ទះ និងក្តារបន្ទះ  ។ គេនិយមដាំ ក្របៅផ្លែធំជាលំអ។	</li><li><p-n>More Information	NK &nbsp;&nbsp;: krâbau phlaè thôm &nbsp;ក្របៅផ្លែធំ	NOTE	ពេលមានពាក្យ (វល្លិ) (ស្មៅ) (ដើម) ក្នុងវង់ក្រចកខាងក្រោយនាម រុក្ខជាតិ ត្រូវអានពាក្យនោះខាងមុខនាមវិញ។</p-n></li></ul>
ក្របៅភ្នំ	HYDNOCARPUS (Flacourtiaceae)	Hydnocarpus ilicifolia King	<ul><li>Tree, 6-30 m tall, of the dense or secondary forests until 800 m. The oil of the seeds is used for the treatment of the leprosy and scabies. It is used also for the manufacture of the soap. Species of the Indochinese Peninsula.	</li><li>ព្រឹក្សមួយកំពស់ ៦-៣០ម ដុះក្នុងព្រៃ លើដីទួល ឬភ្នំដែលមានកម្ពស់រហូត៨០០ម នៃប្រទេសកម្ពុជា លាវ វៀត- ណាម និងជ្វា។ ប្រេងដែលគេស្រង់ចេញពីគ្រាប់ អាចធ្វើឱសថព្យាបាលជម្ងឺឃ្លង់ និង កមរមាស់ ។ គេអាចប្រើប្រេងនេះធ្វើសាប៊ូ។	</li><li><p-n>More Information	Syn. &nbsp;: Taraktogenos ilicifolia Kerr</p-n></li></ul>
ក្រពាត់ជ្រូក	SIDA (Malvaceae)	Sida cordifolia L. 	<ul><li>Sub-shrub, 0.50-0.80 m tall, growing near the towns tropical regions. The bark is used to make ropes. The root is used, in popular medicine, for the treatment of kidney troubles.	</li><li>គុម្ពព្រឹក្សតូចម្យ៉ាង កំពស់ ០,៥០-០,៨០ម ដុះជិតផ្ទះអ្នកស្រុកនៃអាស៊ីនៅសកលលោក ។ សំបកវេញជាខ្សែបាន ។ គេប្រើឬសផ្សំថ្នាំព្យាបាលជំងឺតំរងទឹកនោម ។	</li><li><p-n>More Information	NK &nbsp;: krâpoët chru:k &nbsp;ក្រពាត់ជ្រូក	NOTE	ពេលមានពាក្យ (វល្លិ) (ស្មៅ) (ដើម) ក្នុងវង់ក្រចកខាងក្រោយនាម រុក្ខជាតិ ត្រូវអានពាក្យនោះខាងមុខនាមវិញ។</p-n></li></ul>
ក្រពុលបាយ	LITSEA (Lauraceae) 	Litsea glutinosa (Lour.) C. Rob.	<ul><li>Tree, 6-15 m tall, of the dense and secondary formations of tropical Asia. In traditional Khmer medicine, the crushed bark is used for the treatment of the furunculosis. The leaves can be as fodder.	</li><li>ក្រពុលបាយ ជាព្រឹក្សកំពស់ ៦-១៥ម ដុះក្នុងព្រៃធំ និងក្រាស់មធ្យមនៃទ្វីបអាស៊ីផ្នែកក្តៅ ។ ក្នុងក្បួនឱសថបុរាណខ្មែរ សំបកបុកលំអិត គេប្រើសំរាប់ព្យាបាលបូសរយ ។ ស្លឹកអាចធ្វើជាចំណីគោ ក្របីបាន ។	</li><li><p-n>More Information	NK &nbsp;&nbsp;: &nbsp;krâpul ba:y &nbsp;ក្រពុលបាយ	NOTE	ពេលមានពាក្យ (វល្លិ) (ស្មៅ) (ដើម) ក្នុងវង់ក្រចកខាងក្រោយនាម រុក្ខជាតិ ត្រូវអានពាក្យនោះខាងមុខនាមវិញ។</p-n></li></ul>
ក្រពើរោទិ៍	POIKILOSPERMUM (Urticaceae) 	Poikilospermum suaveolens Merr.	<ul><li>Ligneous liana of the undergrowth of dense forests of Indochina. The stalk is used to make links.	</li><li>ឈ្មោះវល្លិម្យ៉ាងដុះក្រោមឈើធំៗ ក្នុងព្រៃក្រាស់នៃឥណ្ឌូចិន ។ មែកគេប្រើសំរាប់ធ្វើចំណង ។	</li><li><p-n>More Information	NK &nbsp;: krâpë rô (crocodile gémissant, allusion à la forme des infloresences évoquant un crocodile à bouche ouvertes) &nbsp;ក្រពើរោទិ៍	NOTE	ពេលមានពាក្យ (វល្លិ) (ស្មៅ) (ដើម) ក្នុងវង់ក្រចកខាងក្រោយនាម រុក្ខជាតិ ត្រូវអានពាក្យនោះខាងមុខនាមវិញ។</p-n></li></ul>
ក្រពេនទឹក	@ទៀន	HYDROLEA (Hydrophyllaceae)	Hydrolea zeylanica Vahl	<ul><li>Annual herb. 10-60 cm tall, of paddy fields or wet grounds of the Indochinese and Malay Peninsula and Indian regions. The young shoots are consumed as vegetables, sometimes sold on markets. In traditional Cambodian medicine, the leaves are prescribed for intestinal ulcers.	</li><li>ស្មៅប្រចាំឆ្នាំម្យ៉ាង កំពស់ ១០-៦០ស.ម ដុះក្នុងស្រែ ឬលើដីសើម នៃឧបទ្វីបឥណ្ឌូចិន ជ្វា និងប្រទេសឥណ្ឌា ។ ត្រួយខ្ចីៗគេបរិភោគជាបន្លែ ពេលខ្លះ មានលក់ក្នុងទីផ្សារ ។ គ្រូថ្នាំបុរាណប្រើស្លឹកធ្វើថ្នាំរម្ងាប់រោគដំបៅរលួយពោះវៀន។	</li><li><p-n>More Information	NK : &nbsp;krâpén tük, tiën (ce dernier nom signifie « bougie ») &nbsp;ក្រពេនទឹក, ទៀន	NOTE	ពេលមានពាក្យ (វល្លិ) (ស្មៅ) (ដើម) ក្នុងវង់ក្រចកខាងក្រោយនាម រុក្ខជាតិ ត្រូវអានពាក្យនោះខាងមុខនាមវិញ។</p-n></li></ul>
ក្រមរ	ELAEOCARPUS (Elaeocarpaceae)	Elaeocarpus thorelii Pierre	<ul><li>Tree, 10-15 m tall, of the dense forests, endemic of Cambodia, met especially in Kompong’s Speu and Kompong Chhnang provinces. The wood is used in construction and as firewood.	</li><li>ព្រឹក្សកំពស់ ១០ – ១៥ ម ដុះក្នុងព្រៃជ្រៅតែក្នុងប្រទេសកម្ពុជាមួយទេ គេតែងឃើញដើមនេះនៅខេត្តកំពង់ស្ពឺ និង កំពង់ឆ្នាំង ។ សំបកមានភាពគគ្រេតគគ្រាតដូចក្រមរ ។ ឈើសម្រាប់សង់ផ្ទះឬធ្វើអុសដុត ។	</li><li><p-n>More Information	NK &nbsp;: krâmâr (allusion à l’écorce rugueuse) ក្រមរ	NOTE	ពេលមានពាក្យ (វល្លិ) (ស្មៅ) (ដើម) ក្នុងវង់ក្រចកខាងក្រោយនាម រុក្ខជាតិ ត្រូវអានពាក្យនោះខាងមុខនាមវិញ។</p-n></li></ul>
ក្រមួនចំបក់	SAPIUM (Euphorbiaceae) 	Sapium sebiferum (L.) Roxb. 	<ul><li>Tree, 16-25 m tall, of the open formations of tropical Asia, introduced in the United States as decorative and utilitarian. The young twigs with leaves are used for dyeing the fabrics into black. The seeds known as &quot;tallow nut&quot; are used, in China, Japan and the United States, to make soap and candles.	</li><li>ឈ្មោះព្រឹក្សមួយប្រភេទកំពស់ ១៦-២៥ម ដុះក្នុងព្រៃស្រោងនៃទ្វីបអាស៊ីក្ដៅ, គេនាំទៅដាំនៅអាមេរិកខាងជើង ជាដើមលំអ និងមានប្រយោជន៍ ។ មែកខ្ចីៗ ជាថ្នាំជ្រលក់សំពត់ពណ៌ខ្មៅ ។ គ្រាប់សំរាប់ចំរាញ់យកប្រេងធ្វើសាប៊ូ និងទៀន ។ 	</li><li><p-n>More Information	NA : tallow-tree</p-n></li></ul>
ក្រវក់	TRIUMFETTA (Tiliaceae) 	Triumfetta bartramia L.	<ul><li>Sub-shrub, 1-2 m tall, of the dense forests of tropical Asia. The barks are used to make very strong and lasting links. 	</li><li>ឈ្មោះគុម្ពព្រឹក្សតូចមួយប្រភេទ កំពស់១-២ម ដុះក្នុងព្រៃធំនៃអាស៊ីផ្នែកក្ដៅ ។ គេតែងប្រើសំបកធ្វើជាខ្សែ និងចំណងផ្សេងៗ ពីព្រោះជាប់ល្អ ។ 	</li><li><p-n>More Information	NK &nbsp;: krâvâk’ &nbsp;ក្រវក់	NOTE	ពេលមានពាក្យ (វល្លិ) (ស្មៅ) (ដើម) ក្នុងវង់ក្រចកខាងក្រោយនាម រុក្ខជាតិ ត្រូវអានពាក្យនោះខាងមុខនាមវិញ។</p-n></li></ul>
ក្រសាំងទំហំ	POLYGONUM (Polygonaceae)	Polygonum odoratum Lour.	<ul><li>Annual herb, with running stalk at bottom and radicante*** at knots. Species endemic of Cambodia, Laos, and Vietnam, cultivated in the nearby countries. Plant very appreciated as a condiment especially with the boiled brooded duck eggs, which according to the Chinese of Cambodia, would be aphrodisiac. 	</li><li>តិណជាតិប្រចាំឆ្នាំមួយប្រភេទស្ទើរវារ មានដុះឬសតូចៗ តាមថ្នាំង ។ ដើមនេះ កើតក្នុងប្រទេសខ្មែរ លាវ និង              វៀតណាម ស្រុកដទៃទៀតនាំទៅដាំ ។  ជាដើមសំរាប់ធ្វើគ្រឿងទេស គេនិយមបរិភោគជាមួយពងទាកូន ។ ពួកចិនៗ នៅ ប្រទេសកម្ពុជា តែងនិយាយថា ពងទាកូនស្ងោរជាថ្នាំប៉ូវ ។	</li><li><p-n>More Information	NF &nbsp;: polygone odorante</p-n></li></ul>
ក្រសាំងទាប	PEPEROMIA (Piperaceae)	Peperomia pellucida (L.) Kunth	<ul><li>Herb, 10-30 cm tall, of American origin, naturalized in the warm regions of the world. It is met in the wet and shaded places around houses. Plant in demand to be eaten fresh as vegetable. It can be sometimes found on markets.	</li><li>ឈ្មោះតិណជាតិមួយប្រភេទកំពស់ ១០-៣០ស.ម ដើមកំណើតនៅស្រុកអាមេរិក គេដាំជាយូរណាស់ហើយក្នុងប្រទេសក្តៅសកលលោក។ ដើមនេះច្រើនដុះលើដីសើម ក្នុងម្លប់ជិតផ្ទះអ្នកស្រុក ។ គេប្រើធ្វើជាអន្លក់ជំនួសសាឡាតបាន ។ ដើមនេះ អាចមានលក់ក្នុងផ្សារ ។	</li><li><p-n>More Information	NK   :  krâsang’ tiëb   ក្រសាំងទាប	NOTE	ពេលមានពាក្យ (វល្លិ) (ស្មៅ) (ដើម) ក្នុងវង់ក្រចកខាងក្រោយនាម រុក្ខជាតិ ត្រូវអានពាក្យនោះខាងមុខនាមវិញ។</p-n></li></ul>
ក្រសាំងភ្នំ	GIRONNIERA (Ulmaceae)	Gironniera subaequalis Planch. 	<ul><li>Small tree, 7-20 m tall, of the dense coastal forests, widely distributed in China, India, Indochina and the Malay archipelago. Wood used in constructions.	</li><li>ឈ្មោះព្រឹក្សមួយប្រភេទ កំពស់ពី ៧ទៅ២០ម ដុះក្នុងព្រៃទួលធំមាត់សមុទ្រក្នុងប្រទេសជាច្រើន នៃអាស៊ីក្ដៅ ។ នៅស្រុកខ្មែរ គេប្រើដើមក្រសាំងភ្នំ ធ្វើគ្រឿងផ្ទះ ។ 	</li><li><p-n>More Information	NK &nbsp;: krâsang’ phnum’ &nbsp;ក្រសាំងភ្នំ	NOTE	ពេលមានពាក្យ (វល្លិ) (ស្មៅ) (ដើម) ក្នុងវង់ក្រចកខាងក្រោយនាម រុក្ខជាតិ ត្រូវអានពាក្យនោះខាងមុខនាមវិញ។</p-n></li></ul>
ក្រសាំងស៊ីផ្លែ	@ក្រសាំងពុល	FERONIELLA (Rutaceae)	Feroniella lucida (Scheff.) Swingle	<ul><li>Small tree, 6-15 m tall, with or without throns of the dense forests in the secondary undergrowth of Indochina and Java (Indonesia), often cultivated for its fruits. These fruits, the thickness of a mandarin, are used as acid element in Cambodian culinary preparations, &quot;sâmlâ mchu:&quot; for example. The flowers are also used as vegetables or to prepare some dishes. The bark is used to make incense sticks. Two varieties should be distinguished: the &quot; krâsang’ if phlè &quot;, white inside, and the &quot; krâsang’ pul &quot;, yellow inside. This last variety is very rare ; it is recognized because no herb grows under it.	</li><li>ឈ្មោះព្រឹក្សតូចម្យ៉ាងកំពស់ ៦ ទៅ ១៥ម មាន ឬ គ្មានបន្លា ដុះក្នុងព្រៃគម្ពោតពេលខ្លះដុះក្នុងព្រៃជ្រៅ នៅឥណ្ឌូចិន និងកោះយ៉ាវ៉ា (Java) ។ គេនិយមដាំជិតផ្ទះ ឬជិតស្រែ សម្រាប់យកផ្លែធ្វើគ្រឿងទេស ។ ខ្មែរ ប្រើជាម្ជូរសម្រាប់ស្លម្ជូរជាដើម ។ ផ្កាក្រសាំងយើងប្រើជាបន្លែស្ល ។ សំបកក្រសាំងអាចធ្វើធូបបាន ។ ក្រសាំងមានពីរយ៉ាង ម្យ៉ាងមានគ្រាប់ ស ឬ លឿងភាវ  ជាក្រសាំងស៊ីផ្លែ ម្យ៉ាងទៀតមានគ្រាប់លឿងឆ្អៅ ជាក្រសាំងពុល ។ ក្រសាំងពុលកម្រមាន ណាស់ យើងអាច សំគាល់បានដោយគ្មានស្មៅដុះនៅក្រោមម្លប់ ។ 	</li><li><p-n>More Information	NK &nbsp;: krâsang’ si phlè, krâksang’ pul &nbsp;ក្រសាំងស៊ីផ្លែ, ក្រសាំងពុល	NOTE	ពេលមានពាក្យ (វល្លិ) (ស្មៅ) (ដើម) ក្នុងវង់ក្រចកខាងក្រោយនាម រុក្ខជាតិ ត្រូវអានពាក្យនោះខាងមុខនាមវិញ។</p-n></li></ul>
ក្រសាលស្រូវ	ELAEOCARPUS (Elaeocarpaceae)	Elaeocarpus petiolatus (Jack) Wall. ex Kurz	<ul><li>Tree, 10-12 m tall, of the dense forests of Cambodia and China (Hainan). The twigs are often ended by a reddish resin. The wood is appreciated in construction.	</li><li>ព្រឹក្សកំពស់១០-១២ម ដុះក្នុងព្រៃក្រាស់នៃប្រទេសខ្មែរ និងចិន (ហៃណាម) ។ មែកក្រសាលស្រូវ តែងមានជ័រពណ៌ក្រហមភា្លវនៅខាងចុង ។ ឈើ មានតម្លៃសម្រាប់សង់ផ្ទះ ។	</li><li><p-n>More Information	NK &nbsp;: &nbsp;krâsal srow &nbsp;ក្រសាលស្រូវ	NOTE	ពេលមានពាក្យ (វល្លិ) (ស្មៅ) (ដើម) ក្នុងវង់ក្រចកខាងក្រោយនាម រុក្ខជាតិ ត្រូវអានពាក្យនោះខាងមុខនាមវិញ។</p-n></li></ul>
ក្រឡកទឹក	HOMALIUM (Flacourtiaceae)	Homalium caryophyllaceum (Zucc. &amp; Moritzi) Benth.	<ul><li>Shrub or small tree, 5-15 m tall, of the wet dense forests generally along the rivers or on grounds periodically flooded during the monsoon, in Cambodia, Thailand and the Malaysia. Hard and heavy wood, used in construction.	</li><li>ក្រឡកទឹក ជាព្រឹក្ស ឬព្រឹក្សតូច កំពស់ ៥-១៥ម ដុះក្នុងព្រៃធំត្រជាក់ តាមមាត់ទឹក លើដី ដែលទឹកលិចទៀងកំណត់ពេលខ្យល់រដូវ នៃប្រទេសកម្ពុជា ថៃ និងជ្វា ។ ដើមរឹងជាប់ល្អ សម្រាប់សង់ផ្ទះ។	</li><li><p-n>More Information	NK &nbsp;: &nbsp;krâlâ:k tük (remuer l’eau) &nbsp;ក្រឡកទឹក	NOTE	ពេលមានពាក្យ (វល្លិ) (ស្មៅ) (ដើម) ក្នុងវង់ក្រចកខាងក្រោយនាម រុក្ខជាតិ ត្រូវអានពាក្យនោះខាងមុខនាមវិញ។</p-n></li></ul>
ក្រឡាញ់	DIALIUM (Leguminosae-Caesalpinioideae) 	Dialium cochinchinense Pierre	<ul><li>Tree, 15-25 m tall, of dense and clear forests of Indochina (Cambodia, Laos, Vietnam, Thailand). The ripe fruits are edible, sold on the markets in rainy season. The bark, thick, red, often replaces areca nut in betel quid; it can also be used to make a brown dye for clothes and fishing nets. The wood is appreciated for pillars and joists of short length; mostly, it is used for the manufacture of pulleys, rice mills and carts; it is particularly used to make hubs, as transversal piece connecting the 2 hubs or as rail frame.	</li><li>ឈ្មោះចុល្លព្រឹក្សមួយប្រភេទ កំពស់ ១៥-២៥ម ដុះក្នុងព្រៃក្រាស់ ឬស្រោង នៃឥណ្ឌូចិន ខ្មែរ លាវ វៀតណាម ថៃ ។ ផ្លែទុំគេចូលចិត្តបរិភោគណាស់ មានលក់ក្នុងទីផ្សារដូវភ្លៀង ។ សំបកអាចជំនួសស្លាសម្រាប់ស៊ីម្លូ ។ គេយកសំបកធ្វើថ្នាំជ្រលក់ សំពត់ អាវ នឹងសំណាញ់ ។ ដើមក្រឡាញ់ឱ្យឈើជាប់ ល្អណាស់ សម្រាប់ធ្វើសសរផ្ទះ និងរនូត តែឈើនេះទុកមិនបានយូរ ហួស ៥០-១០០ឆ្នាំឡើយ ។ គេនិយមយកឈើក្រឡាញ់ធ្វើរ៉ក ធ្វើត្បាល់កិនស្រូវ និងរទេះគោ ដូចជាធ្វើដុំរទះ ខ្នល់រទេះ និង ក្  រងអន្ទាររទេះ ។	</li><li><p-n>More Information	NK &nbsp;&nbsp;: krâllanh’ &nbsp;ក្រឡាញ់	NOTE	ពេលមានពាក្យ (វល្លិ) (ស្មៅ) (ដើម) ក្នុងវង់ក្រចកខាងក្រោយនាម រុក្ខជាតិ ត្រូវអានពាក្យនោះខាងមុខនាមវិញ។</p-n></li></ul>
ក្រឡាំពែ	@ត្រឡាំពែ	AGANOSMA (Apocynaceae)	Aganosma marginata (Roxb.) G. Don	<ul><li>Climber tree commonly found in secondary forest in South East Asia. In time of shortage under Khmer Rouge regime, young leaves and stems had been eaten. In ordinary time, leaves, fruits, flowers used in traditional medicine, their decoction would be digestive and diuretic. Root decoction has the reputation to be efficient against urinary diseases, fewer and menstruation “disease”.	</li><li>ជារុក្ខជាតិវល្លិវារឡើងដើមឈើ ឬវារលើដី ដុះក្នុងព្រៃស្រោង និងល្បោះនៃអាស៊ីផ្នែកអាគ្នេយ៍។ ពេលជំនាន់ទុរ្ភិក្ស ក្នុងរបបប៉ុល ពត ពួកយើងខំស្វែងរកដើមក្រឡាំពែ មកស្ងោរលាយបបរណាស់។ ក្នុងពេលធម្មតាសម័យមុនសង្គ្រាម គ្រូថ្នាំយកស្លឹកផ្លែ និងផ្កាក្រឡាំពែទៅស្ងោរ សំរាប់ជាឱសថរំលាយអាហារ និងឱ្យនោមច្រើន ។ ឫសជាឱសថនៃជំងឺទឹកមូត្រ គ្រុន និងកែរដូវ ឱ្យបានទៀងទាត់វិញ ។	</li><li><p-n>More Information	NK : krâllam’paè, trallam’ paè, ក្រឡាំពែ, ត្រឡាំពែ	NOTE	ពេលមានពាក្យ (វល្លិ) (ស្មៅ) (ដើម) ក្នុងវង់ក្រចកខាងក្រោយនាម រុក្ខជាតិ ត្រូវអានពាក្យនោះខាងមុខនាមវិញ។</p-n></li></ul>
ក្រអើម	DYSOXYLUM (Meliaceae)	Dysoxylum cauliflorum Hiern	<ul><li>Tree, 20-35 m tall, of wet dense forests of Southeast Asia. The barks are used to stun fishes.	</li><li>ឈ្មោះព្រឹក្សមួយប្រភេទ កំពស់ ២០-៣៥ម ដុះក្នុងព្រៃជ្រៅត្រជាក់លើភ្នំនៃទ្វីបអាស៊ីផ្នែកអាគ្នេយ៍ ។ សំបកសម្រាប់ធ្វើត្រី ឱ្យសន្លប់មុននេសាទ ។	</li><li><p-n>More Information	NK &nbsp;&nbsp;: krâ aëm &nbsp;ក្រអើម	NOTE	ពេលមានពាក្យ (វល្លិ) (ស្មៅ) (ដើម) ក្នុងវង់ក្រចកខាងក្រោយនាម រុក្ខជាតិ ត្រូវអានពាក្យនោះខាងមុខនាមវិញ។</p-n></li></ul>
ក្រាក	RUBUS (Rosaceae)	Rubus alceifolius Poir.	<ul><li>Climbing shrub or liana, of the secondary undergrowth of altitude, between 500 and 1800 m, met in the Indochinese Peninsula, Indonesia, China and Japan, introduced into warm regions where it sometimes becomes very invasive. Edible fruits.	</li><li>ឈ្មោះគុម្ពព្រឹក្សស្ទើរវារមួយប្រភេទ ដុះក្នុងព្រៃគម្ពោតលើភ្នំមានឧព្វេធពី ៥០០ ទៅ ១៨០០ម នៃឧបទ្វីបឥណ្ឌូចិន ប្រទេសឥណ្ឌូណេស៊ី ចិន និងជប៉ុន ។ គេនាំទៅដាំក្នុងប្រទេសក្តៅខ្លះ តែដើមនេះ សាយកូនច្រើនពេក ក្លាយជាដើមអាក្រក់ ដែលគេរកមធ្យោបាយកំទេចចោល ។ ផ្លែអាចបរិភោគជាចំណីស្រស់បាន ។	</li><li><p-n>More Information	NF &nbsp;&nbsp;: vigne marronne</p-n></li></ul>
ក្រាមរមាស 	GARCINIA (Guttiferae)	Garcinia harmandii Pierre	<ul><li>Tree, 6-10 m tall, of the dense and secondary forests of Cambodia, Laos and Southern Vietnam. The barks can replace areca nut in betel quid. The sweet fruits are edible. The barks are a component of a remedy against diarrhoea. Wood used for the construction of huts.	</li><li>ក្រាមរមាស ជាព្រឹក្សកំពស់ ៦-១០ម ដុះក្នុងព្រៃក្រាស់ និងព្រៃស្រោង និងប្រទេសកម្ពុជា លាវ និងវៀតណាម ។ សំបកអាចប្រើជំនួសសា្ល ពេលស៊ីម្លូ ។ ផ្លែមានរស់ផ្អែម បរិភោគជាចំណីបាន ។ គ្រូថ្នាំខ្មែរតែងយកសំបកផ្សំធ្វើថ្នាំព្យាបាល    ជម្ងឺរាគ ។ ឈើសម្រាប់សង់ផ្ទះ ។	</li><li><p-n>More Information	NK &nbsp;: &nbsp;kra:m rômïehs &nbsp;ក្រាមរមាស	NOTE	ពេលមានពាក្យ (វល្លិ) (ស្មៅ) (ដើម) ក្នុងវង់ក្រចកខាងក្រោយនាម រុក្ខជាតិ ត្រូវអានពាក្យនោះខាងមុខនាមវិញ។</p-n></li></ul>
ក្រាយ	POLYALTHIA (Annonaceae) 	Polyalthia cerasoides Benth. &amp; Hook.	<ul><li>Small tree, 6-10 m tall, of the dense or secondary formations of India and Indochina. Wood used for minor inside works. 	</li><li>ព្រឹក្សតូចមួយប្រភេទកំពស់ ៦-១០ម ដុះក្នុងព្រៃក្រាស់ ឬល្បោះនៃប្រទេសឥណ្ឌា និងឥណ្ឌូចិន ។ ឈើអាចប្រើជា គ្រឿងផ្ទះរាយរងបាន ។	</li><li><p-n>More Information	NK &nbsp;: &nbsp;kra:y &nbsp;ក្រាយ	NOTE	ពេលមានពាក្យ (វល្លិ) (ស្មៅ) (ដើម) ក្នុងវង់ក្រចកខាងក្រោយនាម រុក្ខជាតិ ត្រូវអានពាក្យនោះខាងមុខនាមវិញ។</p-n></li></ul>
ក្រាយ ក្រហម	XYLOPIA (Annonaceae)	Xylopia vielana Pierre	<ul><li>Tree, 5-15 m tall, of the wet dense formations of Indochina. Often cultivated as decorative. Reddish or yellowish wood, hard and flexible, used in construction and in cabinetwork.	</li><li>ព្រឹក្សម្យ៉ាងកំពស់ ៥-១៥ម ដុះក្នុងព្រៃធំត្រជាក់ នៃឥណ្ឌូចិន ។ គេច្រើនដាំដើមនេះជាលំអ ។ ឈើមានពណ៌ក្រហម ភាវ ឬលឿងភាវ រឹងពត់បាន សម្រាប់ធ្វើគ្រឿងផ្ទះ និងតុ ទូ ។ 	</li><li><p-n>More Information	NK &nbsp;: kra:y krâhâ:m (krâhâ:m : rouge, allusion au bois) &nbsp;ក្រាយក្រហម	NOTE	ពេលមានពាក្យ (វល្លិ) (ស្មៅ) (ដើម) ក្នុងវង់ក្រចកខាងក្រោយនាម រុក្ខជាតិ ត្រូវអានពាក្យនោះខាងមុខនាមវិញ។</p-n></li></ul>
ក្រាយចេកទុំ	POLYALTHIA (Annonaceae) 	Polyalthia thorelii Finet &amp; Gagnep.	<ul><li>Tree, 8-12 m tall, rarely more, of the dense formations of Cambodia and Southern Vietnam. Often cultivated as decorative. The wood was formerly much in demand to make fireworks powder. It is also used to make boards. The bitter bark is prescribed in the stomach upset. 	</li><li>ឈ្មោះព្រឹក្សមួយកំពស់៨-១២ម ដុះក្នុងព្រៃធំនៃប្រទេសកម្ពុជា និងវៀតណាមខាងត្បូង។ គេនិយមដាំជាឈើលំអ។ ដើមនេះគេប្រើពីជំនាន់ដើមសំរាប់ធ្វើកាំជ្រួច។ គេអាចប្រើធ្វើក្តារក្រាលផ្ទះ ។ សំបករស់ចត់ល្វីង សំរាប់ធ្វើថ្នាំរំលាយអាហារ។	</li><li><p-n>More Information	NK &nbsp;&nbsp;: &nbsp;kray, chék, tum’ &nbsp;ក្រាយ, ចេកទុំ	NOTE	ពេលមានពាក្យ (វល្លិ) (ស្មៅ) (ដើម) ក្នុងវង់ក្រចកខាងក្រោយនាម រុក្ខជាតិ ត្រូវអានពាក្យនោះខាងមុខនាមវិញ។</p-n></li></ul>
ក្រាយ-ស	@កាឡាវ	XYLOPIA (Annonaceae)	Xylopia pierrei Hance	<ul><li>Tree, 8-15 m tall, of the secondary formations of plain, in Cambodia and Southern Vietnam. Often planted as decorative. Bark is gray outside, red inside, and may replace arec in betel quid. Yellowish wood, hard and light, used in internal works and as pendulums, stretchers of car, bows, tools handles.	</li><li>ព្រឹក្សមួយប្រភេទ កំពស់ ៨-១៥ម ដុះក្នុងព្រៃល្បោះលើទីទំនាប នៃប្រទេសខ្មែរ និង វៀតណាមខាងត្បូង ។ គេច្រើនដាំជាដើមលំអ ។ សំបកពណ៌ប្រផេះខាងក្រៅ, ក្រហមខាងក្នុង អាចស៊ីជាមួយម្លូជំនួសស្លាបាន ។ ឈើពណ៌លឿងភ្លាវរឹង តែស្រាល គេអាចប្រើបានច្រើនយ៉ាង ធ្វើជាគ្រឿងផ្ទះរាយរង ធ្វើជាប៉ោល ជាស្នែងរទេះ ធ្នូ និង ដងកាំបិត ពូថៅជាដើម ។	</li><li><p-n>More Information	NK &nbsp;: kra:y sâ: kâlaw &nbsp;ក្រាយស - កាឡាវ	NOTE	ពេលមានពាក្យ (វល្លិ) (ស្មៅ) (ដើម) ក្នុងវង់ក្រចកខាងក្រោយនាម រុក្ខជាតិ ត្រូវអានពាក្យនោះខាងមុខនាមវិញ។</p-n></li></ul>
ក្រាស	@ក្រ	QUASSIA (Simaroubaceae)	Quassia harmandiana (Pierre) Noot. 	<ul><li>Shrub, 5-8 m tall, of the mangroves and back - mangroves on the banks of Tonle Sap and in the Mekong valleys in Indochina. The branches constitute an excellent firewood. It seems that the species would contain a bactericidal principle.	</li><li>ឈ្មោះចុល្លព្រឹក្សពួកមួយ កំពស់ ៥-៨ម ដុះក្នុងព្រៃកោងកាង និងព្រៃស្មាច់ តាមឆ្នេរទន្លេសាប និងជ្រោះទន្លេមេគង្គ នៃឥណ្ឌូចិន ។ មែកតូចៗ ប្រើធ្វើអុស ។ តាមការស្រាវជ្រាវពេលថ្មីៗ ដើមនេះមានធាតុមួយ អាចសំលាប់មេរោគ ។	</li><li><p-n>More Information	Syn. &nbsp;: Samandura harmandii Pierre</p-n></li></ul>
ក្រូចឃ្វិច	@ក្រូចចងសក់	CITRUS (Rutaceae)	Citrus reticulata Blanco	<ul><li>Tree, 5-15 m tall, originating from China and India, cultivated in the warm regions for its sweet or slightly acid fruits.	</li><li>ក្រូចឃ្វិច ជាព្រឹក្សកំពស់ ១០-១៥ម គេនាំពូជពីស្រុកចិន ឬឥណ្ឌាមកដាំ សម្រាប់យកផ្លែ ជូរឬផ្អែម ជាអាហារ ។	</li><li><p-n>More Information	NA : tangerine, mandarin</p-n></li></ul>
ក្រូចឆ្មារខ្មែរ	CITRUS (Rutaceae)	Citrus aurantifolia (Christm. &amp; Panz) Swingle	<ul><li>Shrub, originating from India, introduced since long in Cambodia where it is cultivated for its fruits, used as condiments. These fruits can be candied and used to flavor poultry-meat dishes. 	</li><li>ឈើចុល្លព្រឹក្សមួយប្រភេទ គេនាំពូជពីស្រុកឥណ្ឌាមកដាំសម្រាប់យកផ្លែបរិភោគជាគ្រឿងទេស។ ផ្លែក្រូចឆ្មារខ្មែរគេនិយម យកទៅត្រាំទឹកអំបិលទុកបានយូរ សម្រាប់ធ្វើស្ងោរ “ ងាំងូវ ” មាន់ ឬ ទា ។ 	</li><li><p-n>More Information	NA : lime</p-n></li></ul>
ក្រូចឆ្មារបារាំង	@ក្រូចឆ្មារវែង	CITRUS (Rutaceae)	Citrus limon (L.) Burm. f.	<ul><li>Shrub, 4-8 m tall, probably hybrid, cultivated mainly in temperate regions. The fruits are exported as condiments everywhere.	</li><li>ឈ្មោះចុល្លព្រឹក្សម្យ៉ាង កំពស់ ៤-៨ម ប្រហែលជាពូជកាត់គេច្រើន ដាំនៅប្រទេសរងារបង្គួរ ។ ផ្លែគេនាំយកទៅលក់គ្រប់ប្រទេស ជាគ្រឿងទេស ជូរ ។	</li><li><p-n>More Information	Syn. : Citrus medica L., var. limon L.</p-n></li></ul>
ក្រូចថ្លុង	CITRUS (Rutaceae)	Citrus maxima (Burm. f.) Merr.	<ul><li>Tree, 10-15 m tall, originating from the Malayan Peninsula, and cultivated in warm regions for its fruits, eaten fresh in culinary preparations.	</li><li>ឈ្មោះព្រឹក្សម្យ៉ាងកំពស់ ១០-១៥ម ដុះក្នុងប្រទេសជា្វ គេនាំពូជមកដាំក្នុងស្រុកក្ដៅ ។ ផ្លែក្រូចផ្លុងធំៗ ជិតប្រហែល ផ្លែឪឡឹក គេអាចប្រើធ្វើញាំក៏បាន ឬបរិភោគផ្លែជាអាហារក៏បាន មានរសជាតិជូរ ឬផ្អែមដោយពូជ ។	</li><li><p-n>More Information	Syn. : Citrus grandis (L.) Osbeck</p-n></li></ul>
ក្រូចពោធិសាត់ 	CITRUS (Rutaceae)	Citrus sinensis Osbeck	<ul><li>Small tree, 4-10 m tall, originating from India and Burma, cultivated in Cambodia for its fruits, especially in Pursat province.	</li><li>ក្រូចពោធិសាត់ជាព្រឹក្សតូចមានកំពស់ ៤-១០ម ដើមកំណើតក្នុងប្រទេសឥណ្ឌា និងជា្វ យើងនាំពូជមកដាំយ៉ាងច្រើន ក្នុងខេត្តពោធិសាត់ ដើម្បីយកផ្លែបរិភោគជាអាហារ ។	</li><li><p-n>More Information	Syn. : Citrus aurantium L. var. sinensis L.</p-n></li></ul>
	<ul><li>	</li><li>					</li></ul>
ក្រូចល្វីង	CITRUS (Rutaceae)	Citrus aurantium L.	<ul><li>Hybrid shrub, cultivated for its fruits, in the warm and moderate regions. The leaves and flowers, in infusion, are considered as soothing for the nervous system. The bark would be vermifuge.	</li><li>ឈ្មោះឈើតូច ពូជកាត់មួយប្រភេទ ដែលគេដាំក្នុងប្រទេសក្ដៅ និងរងារបង្គួរ ។ គេយកស្លឹក និងផ្កាស្ងួត ផឹកជាថ្នាំ សរសៃប្រសាទ ។ សំបកជាថ្នាំសម្រាប់បញ្ចុះព្រូន ។	</li><li><p-n>More Information	NA : bigarade</p-n></li></ul>
ក្រូចសើច	CITRUS (Rutaceae)	Citrus hystrix DC. 	<ul><li>Shrub, 5-10 m tall, of Malay origin, cultivated in the warm regions. The leaves and the peel of the fruit make condiments. They are sold in all Asian groceries shops of the world. The complete fruits are eaten crystallized. Cut in slices, the fruit is mixed with the lustral water in religious ceremonies. The fruit is used rarely as shampoo.	</li><li>ក្រូចសើចជាចុល្លព្រឹក្ស កំពស់ ៥-១០ម គេនាំពូជពីស្រុកជ្វាមកដាំគ្រប់ប្រទេសក្តៅ ។ ស្លឹក និងផ្លែមានលក់ក្នុងផ្សារអាស៊ីសកលលោក ។ ផ្លែអាចជ្រក់បាន ។ គេប្រើស្លឹក និងផ្កាជាគ្រឿងទេស ។ គេតែងកាត់ផ្លែក្រូចសើចស្ដើងៗ ដាក់ក្នុងទឹកមន្ត ។ ពេលខ្លះគេប្រើផ្លែក្រូចសើចសម្រាប់កក់សក់ ។	</li><li><p-n>More Information	NF : citron combera, citron ridé</p-n></li></ul>
ក្លន	TARENNA (Rubiaceae)	Tarenna vanpruckii Craib	<ul><li>Shrub, 1-4 m tall, of the undergrowth of the dense forests of moderate altitude in Cambodia and Vietnam. The roots are a component of a remedy against the diseases of bones and nerves.	</li><li>ក្លនជាចុល្លព្រឹក្ស កំពស់១-៤ម ដុះក្រោមឈើធំៗក្នុងព្រៃក្រាស់នៅលើភ្នំខ្ពស់ល្មមៗ នៃប្រទេសកម្ពុជា និងវៀតណាម ។ គ្រូបុរាណប្រើធ្វើថ្នាំក្លនជម្ងឺឆ្អឹង និង សសៃ ។	</li><li><p-n>More Information	NK &nbsp;: klâ:n (une maladie des nerfs) &nbsp;ក្លន	NOTE	ពេលមានពាក្យ (វល្លិ) (ស្មៅ) (ដើម) ក្នុងវង់ក្រចកខាងក្រោយនាម រុក្ខជាតិ ត្រូវអានពាក្យនោះខាងមុខនាមវិញ។</p-n></li></ul>
ក្លាំពូ	@ខាន់ភូ	SYZYGIUM (Myrtaceae)	Syzygium aromaticum (L.) Merr. &amp; L.M. Perry	<ul><li>Tree or shrub of the dense formations of the Moluccas islands. The flowers, in the form of dried buds, are exported as condiments in all countries. Species cultivated in an extensive way in Black Africa. The cloves imported in Cambodia came probably from Zanzibar.	</li><li>ព្រឹក្សមួយប្រភេទកំពស់១០-២០ម  ដុះក្នុងព្រៃធំ នៅកោះ Moluques ។ ពន្លកផ្កាស្ងួត គេឃើញមានលក់ជាគ្រឿងទេស គ្រប់ប្រទេសក្នុងសកលលោក ។ ប្រទេសអាហ្វ្រិកជាច្រើនដាំក្លាំពូសម្រាប់លក់ ។ ក្លាំពូដែលលក់ក្នុងផ្សារខ្មែរ គេនាំពីស្រុក Zanzibar មក ។	</li><li><p-n>More Information	NA &nbsp;: cloves</p-n></li></ul>
ក្លើទៀន ទន្ទ្រានព្រៃ	HARRISSONIA (Simaroubaceae)	Harrissonia perforata (Blanco) Merr.	<ul><li>Shrub, 2-4 m tall, of the dense forests, abounding in the undergrowth where it propagates very quickly, met in the Indochinese and Malay Peninsula, in Indonesia, China and the Philippines. The stalks are used in basketwork to make the skeleton of baskets. In traditional medicine, the fruits are used for the care of foot soles.	</li><li>ឈ្មោះចុល្លព្រឹក្សម្យ៉ាងកំពស់ ២-៤ម ដុះក្នុងព្រៃធំ ឬព្រៃគុម្ពោត ដុះរហ័សណាស់ក្នុងព្រៃគុម្ពោត នៃឧបទ្វីបឥណ្ឌូចិន និងជា្វ ប្រទេសឥណ្ឌូណេស៊ី ចិន និង ភីលីពីន ។ គេប្រើដើមក្លើទៀន សម្រាប់ធ្វើកញ្ច្រែង ល្អី ចង្អេរ ។ តាមរបៀបគ្រូបុរាណ ផ្លែដើមនេះ ជាថ្នាំព្យាបាលជម្ងឺឈឺបាតជើង ។	</li><li><p-n>More Information	Syn. &nbsp;: Feroniella pubescens Tanaka</p-n></li></ul>
ខេម៉ា 	POUTERIA (Sapotaceae)	Pouteria campechiana (Kunth) Bachni	<ul><li>Tree, 6-15 m tall, imported from Central America, as decorative and for fruits. The ripe fruits are eaten fresh.	</li><li>ព្រឹកមួយប្រភេទកំពស់ ៦-១៥ម គេនាំពីទ្វីបអាមេរិកណ្ដាលមកដាំជាលំអ និងជាដើមដំណាំឱ្យផ្លែបរិភោគបាន ។ 	</li><li><p-n>More Information	Syn. &nbsp;: Richardella campechiana (Humb., Bonpl. &amp; Kunth) Pierre</p-n></li></ul>
ខោស	@ក្រាំង	LITHOCARPUS (Fagaceae)	Lithocarpus elegans (Blame) Hatus ex Soepadmo	<ul><li>Small evergreen tree, 4-10 m tall, of the dense forests of plain and average altitude up to 700 m, in Cambodia, Laos and Vietnam. Fruits edible but little appreciated (acorns). Wood used in construction.	</li><li>ឈ្មោះព្រឹក្សតូចមិនជ្រុះស្លឹកមួយប្រភេទកំពស់ ៤-១០ម ដុះក្នុងព្រៃធំលើដីទំនាប និងលើភ្នំដែលមានឧព្វេតដល់ ៧០០ម នៃប្រទេសខ្មែរ លាវ និងវៀតណាម ។ សាច់ខាងក្នុងនៃផ្លែ គេអាចបុកលំអិតជាម្សៅធ្វើជាអាហារបាន ។ ឈើសំរាប់សង់ផ្ទះ ។	</li><li><p-n>More Information	Syn. &nbsp;: Lithocarpus cambodiensis A. Camus</p-n></li></ul>
ខោសជ្រូក	CASTANOPSIS (Fagaceae)	Castanopsis cambodiana A. Chev.	<ul><li>Small tree, 5-10 m tall, of altitude dense forests of Cambodia, plentiful in Popokvil (Bokor). The farinaceous fruits are edible in the cooked state. The wood may be used in construction.	</li><li>ជាដើមឈើកំពស់ ៥-១០ម ដុះក្នុងព្រៃត្រជាក់លើភ្នំស្រុកខ្មែរ គេតែងប្រទះឃើញខោសជ្រូកដុះជាច្រើនលើភ្នំបូកគោ ។ ផ្លែមានជាតិម្សៅ អាចស្ងោរបរិភោគបាន ។ គេអាចប្រើឈើសម្រាប់សង់ផ្ទះ ។	</li><li><p-n>More Information	NF : chêne tropical</p-n></li></ul>
ខោសបាយគ្រៀម	CASTANOPSIS (Fagaceae)	Castanopsis pierrei Hance 	<ul><li>Shrub, or small tree, 5-10 m tall, of open formations in low regions, under 200 m, met in Southeast Asia. In Cambodia, it is especially plentiful in Siemreap and Preah Vihear provinces. It is met sometimes along the roads around Phnom Penh. The farinaceous fruits cooked under the ash are rather good to eat. Species supplying a good firewood.	</li><li>ចុល្លព្រឹក្ស ឬព្រឹក្ស កំពស់ ៥-១០ម ដុះក្នុងព្រៃល្បោះលើដីទំនាបមាន ឧព្វេធមិនលើសពី ២០០ម ។ ជាពូជមួយដុះក្នុងអាស៊ីផ្នែកអាគ្នេយ៍ ។ នៅស្រុកកម្ពុជា ខោសបាយគ្រៀមច្រើនដុះក្នុងខេត្តសៀមរាប និងព្រះវិហារ ។ គេអាចប្រទះដើមនេះមួយៗ នៅខេត្តជុំវិញភ្នំពេញ ។ មែក ធាង ឈើ ធ្វើអុសដុត ។	</li><li><p-n>More Information	NF : chêne tropical de plaine</p-n></li></ul>
ខោសភ្នំ	LITHOCARPUS (Fagaceae)	Lithocarpus elephantum (Hickel &amp; A. Camus) A. Camus	<ul><li>Tree. 12-18 m tall, of the dense formations of Cambodia and Vietnam. Abounding on the Bokor mountain, towards 900 m. Edible acorns. Wood used for skeleton.	</li><li>ខោសភ្នំជាព្រឹក្សកំពស់ ១២-១៨ម ច្រើនដុះក្នុងព្រៃភ្នំនៃប្រទេសកម្ពុជា និង វៀតណាម ។ ក្នុងស្រុកខ្មែរខោសភ្នំ មាន ជាច្រើនលើភ្នំបូកគោ ដែលមានឧព្វេតប្រហែល ៩០០ម លើបូកគោ រុក្ខជាតិនេះមានកំពស់តែត្រឹម ២-៤ម ប៉ុណ្ណោះទេ ។ ផ្លែគេអាចលីងបរិភោគបាន ។ ឈើ សំរាប់ប្រើធ្វើជាគ្រឿងដំបូលផ្ទះ ។ 	</li><li><p-n>More Information	NK &nbsp;&nbsp;: &nbsp;khaôhs phnôm &nbsp;ខោសភ្នំ	NOTE	ពេលមានពាក្យ (វល្លិ) (ស្មៅ) (ដើម) ក្នុងវង់ក្រចកខាងក្រោយនាម រុក្ខជាតិ ត្រូវអានពាក្យនោះខាងមុខនាមវិញ។</p-n></li></ul>
ខ្ចាស់	DIOSPYROS (Ebenaceae) 	Diospyros sylvatica Roxb.	<ul><li>Tree, 10-20 m tall, of secondary formations of Southeast Asia. Edible seeds. The short lasting wood is used for temporary buildings and first of all to make charcoal.	</li><li>ខ្ចាស់ជាព្រឹក្ស កំពស់ ១០-២០ម ដុះក្នុងព្រៃស្រោងនៅអាស៊ីអាគ្នេយ៍ ។ គ្រាប់ខ្ចាស់អាចបរិភោគបាន ។ ឈើខ្ចាស់ឆាប់ផុយណាស់ ទុកមិនបានយូរទេ គេអាចប្រើសម្រាប់សង់រោងបណ្តោះអាសន្ន ឬជាពិសេសសម្រាប់ធ្វើធ្យូង ។	</li><li><p-n>More Information	NK &nbsp;: kchahs &nbsp;ខ្ចាស់	NOTE	ពេលមានពាក្យ (វល្លិ) (ស្មៅ) (ដើម) ក្នុងវង់ក្រចកខាងក្រោយនាម រុក្ខជាតិ ត្រូវអានពាក្យនោះខាងមុខនាមវិញ។</p-n></li></ul>
ខ្ចូវ	@ផ្ចឹកឧត្តម 	SHOREA (Dipterocarpaceae)	Shorea thorelii Pierre	<ul><li>Tree, 30-40 m tall, of the dry dense forests between 50 and 300 m and secondary formations of the Indochinese Peninsula. Wood, graded 2nd category, used for the small inside works. The resin of the trunk is harvested for the caulking of boats. The bark mixed in the food would make sterile the sows. The same is said of women.	</li><li>ព្រឹក្សមួយប្រភេទ កំពស់ ៣០-៤០ម ដុះក្នុងព្រៃធំស្ងួត ដែលមានឧព្វេធពី ៥០ ទៅ ៣០០ម និងដុះក្នុងព្រៃល្បោះ នៃឧបទ្វីបឥណ្ឌូចិន ។ ឈើលេខ២ សំរាប់ធ្វើគ្រឿងរាយរង សង់ផ្ទះ ។ ជ័រដើមគេត្រងសំរាប់បិទនៀវនាវា ។ បើគេលាយជ័រនេះជាមួយបាយជ្រូកៗញី នឹងទៅជា អា ។ គេស្មានថាប្រហែលជ័រនេះ អាចធ្វើឱ្យនារីទៅជាអាដែរ ។ 	</li><li><p-n>More Information	NK &nbsp;: khchô:w, phchök öwdâm &nbsp;ខ្ចូវ, ផ្ចឹកឧត្តម	NOTE	ពេលមានពាក្យ (វល្លិ) (ស្មៅ) (ដើម) ក្នុងវង់ក្រចកខាងក្រោយនាម រុក្ខជាតិ ត្រូវអានពាក្យនោះខាងមុខនាមវិញ។</p-n></li></ul>
ខ្ជាយ	BOESENBERGIA (Zingiberaceae)	Boesenbergia rotunda (L.) Mansf.	<ul><li>An herb, 0.5 to 1 m tall; its tasteful finger sized rhizomes are appreciated for cooking. They are a must in some Cambodian dishes like “sâmlâ kâkô” for example. The species may be originating from Malaysia, and was early introduced and grown in almost all rural gardens. In some localities, leaves are also used as pickles. “Khchiëy” is grown in the whole of tropical Asia for its medicinal virtues. 	</li><li>ខ្ជាយជាស្មៅកំពស់ ០.៥០-១ម មានមើមក្នុងដីជាច្រើនដុះជាចង្កោមប៉ុនម្រាមដៃ ក្លិនឈ្ងុយ គេប្រើជាគ្រឿងទេស ដើម្បីស្លកកូរជាដើម ឬស្លនំបញ្ចុក ។ល។ ពូជខ្ជាយមានដើមកំណើតប្រហែលក្នុងប្រទេសជ្វា គេនាំចូលជាយូរណាស់មក         ហើយ ។ គេតែងដាំខ្ជាយជិតផ្ទះ ស្ទើរគ្រប់ៗគ្នា ជាពិសេស នៅស្រុកស្រែ ស្រុកខ្លះគេយកស្លឹកសំរាប់ស្ល ។ គេដាំក្នុងទ្វីបអាស៊ីក្ដៅ ។ ប្រទេសខ្លះ គេដាំសម្រាប់ធ្វើឱសថផ្សេងៗ ។	</li><li><p-n>More Information	Syn. : Kaempferia pandurata Roxb.</p-n></li></ul>
ខ្ជឹង	CALOPHYLLUM (Guttiferae)	Calophyllum inophyllum L.	<ul><li>A 5 to 10 m tall tree of tropical sandy beaches, commonly cultivated as a street plant, particularly in Phnom Penh. Lasting wood, resistant to insects, used to build boats, poles and houses. In pharmacopoeia, leaves are inhalated to treat headache and dizziness. Oil from the seeds is mixed with another oil from &quot;Hydnocarpus kurzii&quot; against leprosy. 	</li><li>ខ្ជឹងជាព្រឹក្សមួយប្រភេទ កំពស់ ៥-១០ម ដុះលើឆ្នេរសមុទ្រ ដែលមានដីខ្សាច់ នៃប្រទេសក្តៅ ។ គេនិយមដាំខ្ជឹង តាមវិថីនានា នៅភ្នំពេញជាដើម ។ ឈើខ្ជឹងជាប់ល្អណាស់ សត្វខ្មូតស៊ីមិនបាន គេប្រើសំរាប់ធ្វើទូក ធើ្វដងក្ដោង និងសង់ផ្ទះ ។ គេយកស្លឹកខ្ជឹងស្ពុងឱ្យបាត់ឈឺក្បាល វិលមុខ ។ ប្រេងនៃគ្រាប់លាយជាមួយប្រេងក្របៅ គេប្រើសំរាប់ព្យាបាលជំងឺឃ្លង់ ។	</li><li><p-n>More Information	NA : Alexandrian laurel</p-n></li></ul>
ខ្ញែរ	MUCUNA (Leguminosae-Papilionoideae)	Mucuna pruriens (L.) DC.	<ul><li>Annual voluble liana, of clear forests, swamps, bamboo hedgeso, widely spread in all the tropical regions of the world. The stiff hairs of the fruit grip to the skin causing strong itches; in the eyes, they can provoke painful and dangerous ophtalmias. These hairs, mixed in the mucus of slugs, are sometimes used in Indochina in a criminal purpose. But in India, the fruits are used in traditional    medicine as vermifuge; boiled, they would have aphrodisiac virtues.	</li><li>ឈ្មោះវល្លិប្រចាំឆ្នាំមួយប្រភេទវារលើដីឬលើរុក្ខជាតិជិតខាង, ដុះក្នុងទីវាល, ព្រៃស្រោងវាលភក់ល្បាប់, នៃប្រទេសក្ដៅ ក្នុងសកលលោក ។ ផ្លែមានមមីសរមាស់ណាស់ ធ្លាក់ចូលភ្នែក ធ្វើអោយមានគ្រោះថ្នាក់ដល់ភ្នែក នៅឥណ្ឌូចិនមនុស្សខ្លះ ប្រព្រឹត្តបទឧក្រិដ្ឋ ដោយប្រើរោមផ្លែខ្ញែរលាយជាមួយធាតុរំអិលខ្យង នៅប្រទេសឥណ្ឌា, ផ្លែគេអាចប្រើសំរាប់ធ្វើថ្នាំព្រូន ។ ផ្លែស្ងោរហើយ អ្នកខ្លះជឿថាអាចធ្វើអោយប៉ូវដល់បុរស។ 	</li><li><p-n>More Information	NA &nbsp;: cow itch</p-n></li></ul>
ខ្ទីង	CALOPHYLLUM (Guttiferae)	Calophyllum dryobalanoides Pierre	<ul><li>A tree, 15 to 30 m tall, of dense forests in Cambodia and Southern Vietnam. Wood used in building. Barks are used to make seals and baskets of all sizes.	</li><li>ខ្ទីងជាព្រឹក្សមួយប្រភេទកំពស់ ១៥-៣០ម ដុះក្នុងព្រៃក្រាស់នៅប្រទេសកម្ពុជា និងប្រទេសវៀតណាមខាងត្បូង ។ ឈើសំរាប់សង់ផ្ទះ ។ សសៃសំបកសំរាប់ធ្វើធុង កញ្ជើ ល្អី តូច ធំ ។ល។	</li><li><p-n>More Information	NK : khti:ng &nbsp;ខ្ទីង	NOTE	ពេលមានពាក្យ (វល្លិ) (ស្មៅ) (ដើម) ក្នុងវង់ក្រចកខាងក្រោយនាម រុក្ខជាតិ ត្រូវអានពាក្យនោះខាងមុខនាមវិញ។</p-n></li></ul>
	ពេលមានពាក្យ (វល្លិ) (ស្មៅ) (ដើម) ក្នុងវង់ក្រចកខាងក្រោយនាម រុក្ខជាតិ ត្រូវអានពាក្យនោះខាងមុខនាមវិញ។		<ul><li>	</li><li>					</li></ul>
	ពេលមានពាក្យ (វល្លិ) (ស្មៅ) (ដើម) ក្នុងវង់ក្រចកខាងក្រោយនាម រុក្ខជាតិ ត្រូវអានពាក្យនោះខាងមុខនាមវិញ។		<ul><li>	</li><li>					</li></ul>
ខ្នាយមាន់	@ស្រគំ	MADHUCA (Sapotaceae)	Madhuca elliptica (Dubard) H.J. Lam	<ul><li>Tree or shrub, 8-15 m tall, of the dense and semi-dense dry forests of Indochina. Wood used for temporary buildings. The latex of the stalks is used to cauterize wounds.	</li><li>ឈ្មោះព្រឹក្ស ឬចុល្លព្រឹក្សមួយប្រភេទកំពស់ ៨-១៥ម ដុះក្នុងព្រៃក្រាស់ស្ងួត ឬស្រោងនៃឥណ្ឌូចិន ។  ជ័ររបស់ដើមខ្នាយមាន់ គេប្រើសំរាប់ព្យាបាលរោគដំបៅ ។	</li><li><p-n>More Information	Syn. &nbsp;: Payena elliptica (Pierre ex Dubard) Lecomte</p-n></li></ul>
ខ្នុរ	ARTOCARPUS (Moraceae)	Artocarpus heterophyllus Lam.	<ul><li>Small tree native to Malaya cultivated everywhere in the tropic for its edible fruits which may he sold on markets fresh or in preserve. Seeds rich in fecule are edible boiled or fried. Jack wood is used for furniture and for manufacture of music instruments.	</li><li>ខ្នុរ ជាដើមឈើតូចមានដើមកំណើតនៅប្រទេសជ្វា គេតែងដាំរុក្ខជាតិនេះពាសពេញប្រទេសអាស៊ីផ្នែកក្ដៅ ។ ផ្លែខ្នុរមានរសជាតិឆ្ងាញ់ណាស់ ។ មានដាក់លក់ក្នុងផ្សារស្រុកខ្មែរ គេលក់ផ្លែទាំងមូល ឬចិតជាចំណិត ។ នៅបរទេស មានសាច់ខ្នុរលក់ ជាអាហារប្រអប់ ។ ដើមខ្នុរ គេយកធ្វើ តុ ទូ និងគ្រឿងភ្លេង ។	</li><li><p-n>More Information	Syn. : -Artocarpus integrifolia mult. auct., non L. f.</p-n></li></ul>
ខ្នុរព្រៃ	ARTOCARPUS (Moraceae)	Artocarpus rigidus Blume	<ul><li>Tree, 6-15m, tall occurring in dense or mixed forests in Indochina. Wood very sought after for furniture. The roots yield a beautiful yellowish stain.	</li><li>ដើមនេះមានកំពស់ ៦ - ១៥ ម ដុះក្នុងព្រៃធំ ឬព្រៃស្រោងនៃឥណ្ឌូចិន ។ ឈើខ្នុរព្រៃមានតំលៃដូចឈើសំព័រដែរ     សំរាប់ធ្វើ តុ ទូ ។ សំបកខ្នុរព្រៃអាចឱ្យថ្នាំជ្រលក់ពណ៌លឿងរមៀត ។	</li><li><p-n>More Information	Syn. &nbsp;: Artocarpus asperula Gagnep.</p-n></li></ul>
	NK &nbsp;: -khtüm k’châl’ (khtüm : tous les allium ; k’châl’ : air) &nbsp;ខ្ទឹមខ្យល់		<ul><li>	</li><li>					</li></ul>
ខ្មាញ់	ECLIPTA (Compositae)	Eclipta prostrata (L.) L.	<ul><li>Ligneous herb, erected or diffuse, 10-80 cm tall, originating from tropical America, introduced and in the open places of all tropical regions of the world where it is known for its numerous uses and where it became spontaneous. The juice of the green leaves is used to dye hairs in dark black or for tattooing. In traditional medicine, the plant is used against numerous diseases, in particular asthma and bronchitis. The crushed leaves would stop bleedings. Their decoctions would be used to make hairs grow again.	</li><li>ឈ្មោះស្មៅរឹងមួយប្រភេទ ដុះត្រង់ឬស្ទើរវារ កំពស់ ១០-៨០ស.ម មានដើមកំណើតក្នុងទ្វីបអាមេរិកក្តៅ នាំចូលប្រទេសដទៃ ឥឡូវដុះឯងៗ លើដីវាលក្នុងប្រទេសក្តៅសកលលោក ។ រុក្ខជាតិមានប្រយោជន៍ច្រើនមុខ ។ ស្លឹកវាសម្រាប់ធ្វើ ថ្នាំលាបសក់ឱ្យខ្មៅ ឬសម្រាប់សាក់ ។ គ្រូថ្នាំបុរាណប្រើដើមនេះផ្សំ ធ្វើជាឱសថជាច្រើនព្យាបាលរោគផ្សេងៗដូចជាជម្ងឺហឺត និងឈឺទងសួតជាដើម ។ គេយកស្លឹកបុកឱ្យល្អិត បិទស្នាមមុតដើម្បីឃាត់ឈាម ។ ទឹកស្ងោរនៃស្លឹក គេជឿថា អាចធ្វើអោយ ដុះសក់ឡើងវិញ ។	</li><li><p-n>More Information	Syn. &nbsp;: Eclipta alba Hassk., Eclipta erecta Lam.</p-n></li></ul>
ខ្លាញ់ក្តាម ព្រះធ្លក  ស្រម៉ស្បាត 	ELLIPANTHUS (Connaraceae) 	Ellipanthus tomentosus Kurz	<ul><li>Shrub or small tree, ree, 6-10 m tall, of wet dense forests up to 500 m, met in the Indochinese and Malay Peninsula, and in Sumatra (Indonesia). Inferior white wood, used in construction as skeleton or to build huts. The infusions of roots are drunk to facilitate deliveries and to stop bleedings. 	</li><li>ឈ្មោះព្រឹក្សមួយប្រភេទកំពស់ ៦–១០ម ដុះក្នុងព្រៃត្រជាក់ក្នុងទីរាប និងទួលខ្ពស់រហូតដល់៥០០ម នៃឧបទ្វីបឥណ្ឌូចិន ជ្វា និងប្រទេសឥណ្ឌូណេស៊ី ក្នុងកោះស៊ូម៉ាត្រា ។ ឈើមានពណ៌ស មិនសូវជាប់ទេ អាចប្រើគ្រឿងដំបូលផ្ទះបានឬសង់ខ្ទម ។ គេស្ងោរ ឬឆុងឬសខ្លាញ់ក្តាមឱ្យនារីកំពុងសម្រាលកូនផឹក ដើម្បីឱ្យសម្រាលបានឆាប់ និងសម្រាប់ឃាត់  ឈាម។	</li><li><p-n>More Information	Syn. &nbsp;: Ellipanthus cinereus Pierre</p-n></li></ul>
ខ្លែងគង់	WRIGHTIA (Apocynaceae)	Wrightia pubescens R. Br.	<ul><li>Tree, 20-35 m tall, of the dense and semi-dense forests of Indochina, Sri Lanka and the Malay Archipelago. Wood used in woodwork. In traditional medicine, the roots and the barks are used in poultice to treat furunculosis and rheumatism. 	</li><li>ឈ្មោះព្រឹក្សម្យ៉ាងកំពស់ ២០-៣៥ម ដុះក្នុងព្រៃធំត្រជាក់ ឬធំមធ្យម នៃអាស៊ីផ្នែកអាគ្នេយ៍ ។ ដើមគេអាចប្រើ សម្រាប់ធ្វើគ្រឿងឈើផ្សេងៗបាន ។ តាមក្បួនឱសថបុរាណខ្មែរ ឬស និងសំបកខ្លែងគង់ គេប្រើជាថ្នាំបំពោកព្យាបាលជម្ងឺ បូសរយ និងរោគសន្លាក់ឆ្អឹង ។	</li><li><p-n>More Information	Syn. : Wrightia tomentosa Roem. &amp; Schult, var. cochinchinensis Pierre ex Pit</p-n></li></ul>
ខ្លែងគង់	@ស្រឡី	WRIGHTIA (Apocynaceae)	Wrightia arborea (Dennst.) Mabb.	<ul><li>Shrub or small tree, 4-15 m tall, of the dense and clear formations of Southeast Asia. The white, strong and light wood, is of use to the manufacture of bows and oars.	</li><li>ចុល្លព្រឹក្ស ឬព្រឹក្សតូច កំពស់ ៤-១៥ម ដុះក្នុងព្រៃធំ និងព្រៃស្រោងនៃអាស៊ីផ្នែកអាគ្នេយ៍ ។ ឈើពណ៌សជាប់ល្អស្រាល គេប្រើសំរាប់ធ្វើជាធ្នូ និងច្រវាទូក ។	</li><li><p-n>More Information	Syn. &nbsp;: Wrightia tomentosa (Roxb.) Roem. &amp; Schult.</p-n></li></ul>
ខ្លែងពណ៌	BAUHINIA (Leguminosae-Caesalpinioideae)	Bauhinia pulla Craib	<ul><li>Liana with spiral hooks, climbing on the trees up to 5m hight, growing in the edges of forest, in thicket along roadsides restricted to the lowlands in Cambodia and Thailand. The strong stems are used for the preparation of solid strings.	</li><li>រុក្ខជាតិខ្លែងពណ៌ជាវល្លិមួយធំ មានទំពក់ក្បាច់ហៀនគូទខ្យង សម្រាប់វារលើដើមជិតខាងរហូតដល់កំពស់ ៥ម ពីដី។ ដើមនេះដុះតាមមាត់ព្រៃ ឬមាត់ផ្លូវដើរក្នុងព្រៃគុម្ពោតមានបន្លា លើដីទំនាប ។ ពូជនេះមានក្នុងប្រទេសថៃ និងប្រទេសខ្មែរ ។ ដើមជាប់ល្អណាស់ សម្រាប់ធ្វើខ្សែប្រើការផ្សេងៗ ។	</li><li><p-n>More Information	NK : (voër) khlaèng poë (liane cerf volant de couleur) ខ្លែងពណ៌	NOTE	ពេលមានពាក្យ (វល្លិ) (ស្មៅ) (ដើម) ក្នុងវង់ក្រចកខាងក្រោយនាម រុក្ខជាតិ ត្រូវអានពាក្យនោះខាងមុខនាមវិញ។</p-n></li></ul>
ខ្លែងពណ៌ភ្នំ	BAUHINIA (Leguminosae-Caesalpinioideae)	Bauhinia saigonensis Pierre ex Gagnep. var. gagnepainiana K. &amp; S. Larsen	<ul><li>Liana with spiral hooks growing in dense or open forest up to 1500m altitude, found in east Thailand. South Laos and north Cambodia. The staples are of use to the preparation of the mats and the strings.	</li><li>ដើមនេះក៏ដូចដើមខ្លែងពណ៌ខាងលើដែរ គឺជាវល្លិវារលើរុក្ខជាតិជិតខាងដោយមានទំពក់ក្បាច់ហៀនគូទខ្យងផង តែខ្លែងពណ៌ភ្នំតែងដុះលើដីទួល និងក្នុងព្រៃភ្នំ ដែលមានកំពស់សមុទ្ររហូតដល់ ១៥០០ម មានដុះក្នុងប្រទេសថៃខាងកើត ក្នុងប្រទេសលាវខាងត្បូង និងក្នុងប្រទេសខ្មែរខាងជើង ។ សំបក សម្រាប់វេញខ្សែពួរ និងត្បាញកន្ទេល ។	</li><li><p-n>More Information	Syn. : Bauhinia comosa Gagnep.</p-n></li></ul>
ខ្វាវ	HALDINA (Rubiaceae) 	Haldina cordifolia (Roxb.) Ridsdale	<ul><li>Tree, 7-20 m tall, of the dense forests of Southern China, India and Indochinese Peninsula: Cambodia, Laos, Vietnam, Thailand. Yellow wood, darkening on dry parts, used to make boards. The infusions of roots are used in traditional medicine, to treat diarrhoeas and dysentery.	</li><li>ខ្វាវជាព្រឹក្ស កំពស់ ៧-២០ម ដុះក្នុងព្រៃធំ នៃប្រទេសចិនខាងត្បូង ប្រទេសឥណ្ឌា និងឧបទ្វីបឥណ្ឌូចិន កម្ពុជា លាវ វៀតណាម ថៃ ។ ឈើមានពណ៌លឿង តែបើស្ងួតមានពណ៌ក្រមៅ គេប្រើសម្រាប់ធ្វើបន្ទះក្ដារ ។ គ្រូបុរាណតែងស្ងោរឬស ខ្វាវ សម្រាប់ព្យាបាលជម្ងឺរាគមួល។	</li><li><p-n>More Information	Syn. &nbsp;: &nbsp;Adina cordifolia Hook.f. ex Brandis</p-n></li></ul>
ខ្វាវបបរ	@ខ្វាវបន្លា 	CAESALPINIA (Leguminosae-Caesalpinioideae) 	Caesalpinia digyna Rottler	<ul><li>Thorny, slightly climbing bush, 2 to 6 m tall, of open forests and cleared land, under 1200 m in tropical Asia. Grown for the ornementation of fences and hedges. Edible fruits, cooked in ashes are much appreciated by Khmer Leu. Leaves infusions are drunk to cure “yellow eyes”.	</li><li>ចុល្លព្រឹក្សមួយប្រភេទ ស្ទើវារកំពស់ ២ - ៦ ម ដុះក្នុងព្រៃល្បោះ និងគុម្ពោតលើដីទំនាប ដែលមានឧព្វេធក្រោម ១២០០ម នៃអាស៊ីក្តៅ ។ គេនិយមដាំដើមនេះធ្វើរបងជាលំអ ។ ផ្លែបរិភោគបាន ។ ខ្មែរលើចូលចិត្តដុតផ្លែក្រោមផេះក្តៅ អោយឆ្អិន ។ គេស្ងោរស្លឹកផឹក ដើម្បីព្យាបាលជំងឺភ្នែកក្រហម ។	</li><li><p-n>More Information	NK​ : khvaw bâbâ:, khvaw bânla: &nbsp;ខ្វាវបបរ, ខ្វាវបន្លា	NOTE	ពេលមានពាក្យ (វល្លិ) (ស្មៅ) (ដើម) ក្នុងវង់ក្រចកខាងក្រោយនាម រុក្ខជាតិ ត្រូវអានពាក្យនោះខាងមុខនាមវិញ។</p-n></li></ul>
ខ្វិត	LIMONIA (Rutaceae)	Limonia acidissima L.	<ul><li>Small tree, 4-15 m tall, originating from India, cultivated in Cambodia, Laos and Vietnam as utilitarian plant. In Cambodia, the tree is the support of the stick-lake insect. The ripe fruit is edible; it has the reputation to be refreshing, tonic and to constitute an effective remedy against the salivation and ulcers of the mouth. In traditional Khmer medicine, the thorns crushed in association with those of the other species, are used to make an infusion used as hemostatic in métrorragies. The bark of the trunk, chopped with that of &quot;rèang&quot; (Barringtonia) is used against the stings of venomous insects. It is used also in the treatment of sicknesses. 	</li><li>ខ្វិតជាព្រឹក្សតូចមួយប្រភេទ កំពស់ ៤-១៥ម ដុះក្នុងព្រៃនៃប្រទេសឥណ្ឌា គេនាំចូលមកដាំជាដើមឈើមានប្រយោជន៍ ក្នុងប្រទេសកម្ពុជា លាវ និងវៀតណាម ។ នៅស្រុកខ្មែរ ដើមខ្វិតសំរាប់ចិញ្ចឹមសត្វ ធ្វើល័ក្ខជ្រលក់សូត ។ ផ្លែទុំបរិភោគបាន ជាផ្លែត្រជាក់ និងលើកកំលាំង ព្រមទាំងជាថ្នាំឃាត់ទឹកមាត់ច្រើន និងព្យាបាលដំបៅមាត់ ។ ក្នុងក្បួនឱសថបុរាណខ្មែរ បន្លាខ្វិតកិនជាមួយបន្លាដើមដទៃទៀត ខ្លះសំរាប់ស្ងោរផឹក ដើម្បីឃាត់ឈាមជំងឺស្បូន ។ សំបកដើមខ្វិតកាត់  តូចៗ លាយជាមួយសំបកដើមរាំង គេប្រើជាថ្នាំបំពោកលើដំបៅ ដែលសត្វមានពិសខាំ ឬ ចឹក និងជាថ្នាំក្អូត ។	</li><li><p-n>More Information	Syn. &nbsp;: Feronia elephantum Corrêa</p-n></li></ul>
ខ្សៀវ	@ត្របែកជូរ	TERMINALIA (Combretaceae) 	Terminalia pierrei Gagnep.	<ul><li>Tree, 10-15 m tall, of the secondary coastal formations at hills feet in Cambodia and Southern Vietnam. Wood used to make houses pillars, skeletons, floor boards, partitions, oars and cart wheels.	</li><li>ព្រឹក្សម្យ៉ាង កំពស់១០-១៥ម ដុះក្នុងព្រៃល្បោះមាត់សមុទ្រជិតជើងភ្នំ នៃប្រទេសកម្ពុជា និងវៀតណាមខាងត្បូង ។ ឈើគេប្រើសម្រាប់ធ្វើសសរផ្ទះ គ្រឿងដំបូលផ្ទះ ក្តារក្រាល, ក្ដារជញ្ជាំង, ច្រវា និងកង់រទេះ ។ 	</li><li><p-n>More Information	Syn. &nbsp;: Terminalia darfeuillana Pierre ex Gagnep.</p-n></li></ul>
គគីខ្សាច់	HOPEA (Dipterocarpaceae)	Hopea pierrei Hance	<ul><li>Tree, 15-30 m tall, with a trunk supported by 4-5 air roots, of the dense coastal forests of Cambodia. Laos, Vietnam, Thailand and the Malay peninsula. Valuable wood, not affected by the insects, in demand for the constructions. The smooth, light brown bark, is used to make circles, vases, ropes and papers.	</li><li>ព្រឹក្សកំពស់ ១៥-៣០ម គល់មានឬសធំបួនប្រាំ ចេញខាងក្រៅដុះក្នុងព្រៃក្រាស់មាត់សមុទ្រ នៃប្រទេសកម្ពុជា លាវ វៀតណាម ថៃ និងក្នុងឧបទ្វីបជ្វា ។ ឈើគគីខ្សាច់មានតម្លៃណាស់ សត្វល្អិតពុំអាចស៊ីបាន សម្រាប់សង់ផ្ទះ ។ សំបករលីង មានពណ៌ត្នោតខ្ចី គេប្រើធ្វើកណ្តាប់ ធ្វើផើង ខ្សែ និងធ្វើក្រដាស។	</li><li><p-n>More Information	NK : &nbsp;kôki khsach’ គគីខ្សាច់	NOTE	ពេលមានពាក្យ (វល្លិ) (ស្មៅ) (ដើម) ក្នុងវង់ក្រចកខាងក្រោយនាម រុក្ខជាតិ ត្រូវអានពាក្យនោះខាងមុខនាមវិញ។</p-n></li></ul>
គគី	@គគីម្សៅ	HOPEA (Dipterocarpaceae)	Hopea odorata Roxb.	<ul><li>Tree, 20-35 m tall, of the dense forests, much cultivated as avenue and shade tree, in the Indochinese and Malay Peninsula and Andaman islands. Almost sacred essence, to be planted only by a king or a monk. Durable wood much in demand for the shipbuildings and houses. Used especially to make Cambodian pirogues. Following the rarefaction, due to extensive exploitation, it has been replaced by the wood of &quot;Phchek&quot; (Shorea obtusa Wallich). Bark, rich in tannins, used to treat diarrhoea. It can also replace areca nut in betel quid. It is part of a remedy for the treatment of inflammations of the gums and incontinence.	</li><li>ឈ្មោះព្រឹក្សមួយកំពស់ ២០-៣៥ម ដុះក្នុងព្រៃក្រាស់ នៃឧបទ្វីបឥណ្ឌូចិន ជ្វា និងលើកោះ Andaman ។ គេនិយម ដាំដើមគគីតាមដងផ្លូវ ក្នុងក្រុង និងស្រុកជាលំអ និង សម្រាប់ឱ្យមានម្លប់ ។ ពូជគគី ហាក់ដូចរុក្ខជាតិពិសិដ្ឋ ពីព្រោះនៅ ប្រទេសខ្មែរពីដើមមានតែមហាក្សត្រ ឬភិក្ខុសង្ឃទេដែលដាំដើមគគីបាន ។ ឈើសម្រាប់ធ្វើទូកង ពេលមិនសូវមានដើមគគី ដោយគេកាប់ច្រើនពេក គេយកឈើផឹ្ចកធ្វើទូកងវិញ ។ សំបកមានជាតិចត់ ជាថ្នាំរម្ងាប់រោគរាក សំបកអាចជំនួសស្លាបានសម្រាប់ស៊ីជាមួយម្លូ ។ គ្រូថ្នាំប្រើសំបកគគី ផ្សំធ្វើថ្នាំរាក់ស៊ីធ្មេញ និងព្យាបាលជម្ងឺនោមមិនដឹងខ្លួន។	</li><li><p-n>More Information	NK &nbsp;&nbsp;: &nbsp;kôki, kôki msau &nbsp;គគី, គគីម្សៅ	NOTE	ពេលមានពាក្យ (វល្លិ) (ស្មៅ) (ដើម) ក្នុងវង់ក្រចកខាងក្រោយនាម រុក្ខជាតិ ត្រូវអានពាក្យនោះខាងមុខនាមវិញ។</p-n></li></ul>
គគីដែក	@ផ្ឌៀកក្រហម	HOPEA (Dipterocarpaceae)	Hopea​ helferi (Dyer) Brandis	<ul><li>Tree, 3-25 m tall, of the decideous forests of plain and average altitude, up to 1000 m, in Southeast Asia. often cultivated in the Mekong delta and in the Malay peninsula. Rather hard, brown grey or yellowish brown. easy to work and not spliting. It makes constructions which last 7-8 years and boats up to 30 years. Resin much in demand for the manufacture of varnish.	</li><li>គគីដែកជាព្រឹក្ស កំពស់៣-២៥ម ដុះក្នុងព្រៃជ្រុះស្លឹកលើដីទំនាប ឬលើភ្នំទាប ដែលកម្ពស់មិនលើសពី ១០០០ម នៃអាស៊ីផ្នែកអាគ្នេយ៍ ។ គេច្រើនដាំដើមនេះ ក្នុងដិលតា (delta) ទន្លេមេគង្គ និងនៅឧបទ្វីបជ្វា ។ ឈើមានពណ៌ត្នោតភាវ ឬ ត្នោតលឿងភាវ រឹងល្មម ស្រួលអារ មិនប្រេះឆារ សម្រាប់សង់ផ្ទះបានយូរប្រហែល៧-៨ឆ្នាំ ឬសង់នាវាជាប់យូររហូត ៣០ ឆ្នាំ ។ ជ័រគគីដែកមានតម្លៃ គេប្រើសម្រាប់ធ្វើថ្នាំលាបរលោង។	</li><li><p-n>More Information	Syn. &nbsp;: Hopea dealbata Hance</p-n></li></ul>
គគីថ្ម	HOPEA (Dipterocarpaceae)	Hopea ferrea Laness.	<ul><li>Large tree, 25-35 m tall, of the dense plain forests, often on riversides in degraded vegetation. Gregarious species, often in small, almost pure stockings in Southeast Asia and continental Asia. Long lasting wood, red or brown colour, not affected by the insects, is very much in demand for the construction, to make boards, beams, columns and boats.	</li><li>ឈ្មោះព្រឹក្សធំមួយកំពស់ ២៥-៣៥ម ដុះក្នុងព្រៃក្រាស់លើដីទំនាប ច្រើនដុះតាមមាត់ទឹក ដែលមានព្រៃស្រោង ។ ជាពូជ ដុះផ្ដុំគ្នាដោយចំនួនមិនសូវច្រើន នៃទ្វីបអាស៊ីផ្នែកអាគ្នេយ៍ និងអាស៊ី ដែលឆ្ងាយពីសមុទ្រ ។ ឈើជាប់បានយូរណាស់ មានពណ៌ ក្រហម ឬសម្បុរត្នោត សត្វល្អិតស៊ីមិនបាន មានតម្លៃសម្រាប់ធ្វើបន្ទះក្តារ កា្ដរងឿ ធ្វើសសរផ្ទះ និងសង់នាវា។	</li><li><p-n>More Information	NK &nbsp;: &nbsp;kôki thmâ: គគីថ្ម	NOTE	ពេលមានពាក្យ (វល្លិ) (ស្មៅ) (ដើម) ក្នុងវង់ក្រចកខាងក្រោយនាម រុក្ខជាតិ ត្រូវអានពាក្យនោះខាងមុខនាមវិញ។</p-n></li></ul>
គគីព្នង	@កំញាន, @ផ្ដៀកក្រហម, លឿង 	SHOREA (Dipterocarpaceae)	Shorea hypochra Hance 	<ul><li>Tree, 25-40 m tall, 1 m in diameter, of the wet dense coastal or mountain forests of the Indochinese and Malay Peninsula. Dark yellow wood, graded 2nd category, used for shipbuilding and houses. The tree let pour a sound resin, of yellow colour, hardening along the trunk to give rather voluminous &quot;tears&quot;, sold on the market under the name of &quot;choërchông&quot;.	</li><li>ឈ្មោះព្រឹក្សម្យ៉ាង កំពស់ ២៥-៤០ម មានវិជ្ឈមាត្រ ១ម ដុះក្នុងព្រៃត្រជាក់មាត់សមុទ្រ ឬលើភ្នំនៃឧបទ្វីបឥណ្ឌូចិន និងជ្វា ។ ឈឺសម្បុរលឿងក្រមៅ ជាឈើលេខ ២ សំរាប់សង់នាវា និងផ្ទះ ។ ដើមនេះ មានជ័រហូរច្រើន ហើយកកដុំៗ ធំៗ សណ្ឋានដូចទឹកភ្នែក ។ នៅក្នុងទីផ្សារ គេហៅវាជា “ ជ័រចុង ” ដែរ ។	</li><li><p-n>More Information	NK &nbsp;: kôki: pnô:ng, kâmnha:n, phdiëk krâhâ:m, phdiëk luëng គគីព្នង, កំញាន, ផ្ដៀកក្រហម, &nbsp;ផ្ដៀកលឿង	NOTE	ពេលមានពាក្យ (វល្លិ) (ស្មៅ) (ដើម) ក្នុងវង់ក្រចកខាងក្រោយនាម រុក្ខជាតិ ត្រូវអានពាក្យនោះខាងមុខនាមវិញ។</p-n></li></ul>
គគីភ្នំគូលេន	HOPEA (Dipterocarpaceae)	Hopea reticulata Tardieu	<ul><li>Small tree, 10-15 m tall, of the evergreen forests of low altitude, 200-500 m, in Cambodia (only on Phnom Kulén), Laos and Northeastern Thailand. Wood used for the local constructions.	</li><li>ព្រឹក្សតូច កំពស់ ១០-១៥ម ដុះក្នុងព្រៃក្រាស់មិនជ្រុះស្លឹក លើភ្នំទាប ដែលខ្ពស់ត្រឹម ២០០-៥០០ម នៃប្រទេសខ្មែរ (ភ្នំគូលេន) លាវ និងថៃខាងឥសាន ។ ឈើសម្រាប់សង់ផ្ទះ។	</li><li><p-n>More Information	Syn. &nbsp;: Hopea thorelii Pierre</p-n></li></ul>
គរ	CEIBA (Bombacaceae)	Ceiba pentandra (L.) Gaertn.	<ul><li>Tree, 4-15 m tall, originating from the America or tropical Africa, cultivated in the warm regions of the world. The kapok, obtained from the ripe seeds, serves for stuffing mattress and pillows; in times of war, it is used as textile. Young flowers and fruits consumed as vegetables; resin from the trunk is sold on the markets; dilated into water and sweetened, it constitutes a delicious tonic dessert, tonic and antifeverish. The young leaves crushed with rice, sticky or not, are used as poultices to apply on the forehead. Bark of the tree would heal diarrhoea. The wood is used to make matches’ sticks and its fibers to make ropes.	</li><li>ដើមគរជាព្រឹក្សមួយប្រភេទកំពស់ ៤-១៥ម មានដើមកំណើតប្រទេសអាមេរិកក្ដៅ ឬអាហ្វ្រិកក្តៅ គេដាំនៅប្រទេសក្តៅ ក្នុងសកលលោក ។ គរសំរាប់ញាត់ពូក ខ្នើយ ។ ពេលមានសង្រ្គាម គេយកគរត្បាញធ្វើផួយ ខោ អាវ ។ ផ្កា ផ្លែខ្ចីៗ គេអាចបរិភោគធ្វើបន្លែបាន ។ ជ័រនៃដើមគរមានដាក់លក់តាមផ្សារ ។ គេយកជ័រនេះ ត្រាំទឹកឲ្យរីក ហើយលាយស្ករបរិភោគ ជាថ្នាំលើកកំលាំង និងថ្នាំគ្រុន ។ ស្លឹកគរបុកជាមួយអង្ករ សម្រាប់បំពោកលើថ្ងាសអ្នកឈឺ ។ សំបកគរជាថ្នាំរម្ងាប់ជម្ងឺរាគ ។ ដើមគរគេយកធ្វើឈើគូស ។ សរសៃសំបក សម្រាប់វេញខ្សែពួរ ។	</li><li><p-n>More Information	Syn. : Eriodendron anfractuosum DC.</p-n></li></ul>
គុមក្វាត់	TRIPHASIA (Rutaceae)	Triphasia trifolia (Burm.f.) P. Wilson	<ul><li>Shrub, 1-4 m tall, thorny, cultivated in the tropical regions. The ripe, red, 1 cm in diameter fruits, are edible ; they are generally kept in syrup or cooked to make jams. In traditional medicine, the leaves are used for the treatment of the diseases of the respiratory tracts.	</li><li>ឈ្មោះចុល្លព្រឹក្សពួកមួយ កំពស់ ១-៤ម មានបន្លាគេដាំក្នុងប្រទេសក្ដៅ ។ ផ្លែទុំពណ៌ក្រហមរាងមូលមានវិជ្ឈមាត្រ ប្រហែល ១ ស.ម គេតែងធ្វើតំណាប់ទុកបរិភោគ ។ គ្រូបុរាណប្រើស្លឹកធ្វើថ្នាំព្យាបាលជំងឺគ្រឿងដកដង្ហើម ។	</li><li><p-n>More Information	NA &nbsp;: limeberry</p-n></li></ul>
	ឧទាហរណ៏៖&nbsp;		<ul><li>	</li><li>					</li></ul>
គូទស្លា	BLECHNUM (Blechnaceae, Fougères) 	Blechnum orientale L.	<ul><li>Erect fern, 50-80cm tall, growing in undergrowth of dense forest in Cambodia, Laos and Vietnam. It is much in demand for cultivation plant for its long leaves up to 40cm wide and 1 m long.	</li><li>ដើមគូទស្លាជាបណ្ណង្គជាតិមួយប្រភេទកំពស់ ៥០-៨០ស.ម ដុះក្រោមដើមឈើព្រៃក្រាស់ នៃប្រទេសខ្មែរ លាវ វៀត- ណាម ។ ស្លឹកវែង រហូតដល់១ម មានបណ្ដោយ ២០-៤០ស.ម មានឆែកៗបន្តិចៗល្អណាស់ គេនិយមយកដើមនេះដាំលំអផ្ទះ គេចូលចិត្តដាំ នៅគល់ដើមស្លា ។	</li><li><p-n>More Information	NK : kout sla: (base de la noix d’arec) គូទស្លា	NOTE	ពេលមានពាក្យ (វល្លិ) (ស្មៅ) (ដើម) ក្នុងវង់ក្រចកខាងក្រោយនាម រុក្ខជាតិ ត្រូវអានពាក្យនោះខាងមុខនាមវិញ។</p-n></li></ul>
គូលែន	LITCHI (Sapindaceae)	Litchi chinensis Sonn.	<ul><li>Tree, 8-10 m tall, originating from Southern China and Northern Vietnam, introduced for cultivation in Malaysia towards 1500 B.C. In Cambodia, it is found in the spontaneous state on Phnom Kulen. Tree cultivated for its almost free arillus fruit. The fresh fruits are rich in A and B vitamins not found in dried fruits. The seed is used, in traditional medicine, against intestinal diseases. The green fruit is used against the smallpox. The decoctions of the flowers, barks and roots, would be effective against the diseases of the throat. 	</li><li>ឈ្មោះព្រឹក្សមួយប្រភេទកំពស់ ៨-១០ម ដុះនៅប្រទេសចិនខាងត្បូង និងវៀតណាមខាងជើង ពួកជ្វានាំមកដាំជាយូរណាស់ហើយ គឺ ១៥ សតវត្សមុនគ.ស ។ នៅប្រទេសខ្មែរគេឃើញដើមគូលែនដុះឯងៗ តែលើភ្នំគូលែនទេ ។ គេតែងដាំ  សំរាប់យកផ្លែជាអាហារ ផ្លែស្រស់មានជីវជាតិ A និង B ជាច្រើន តែផ្លែគ្រាមគ្មានជីវជាតិនេះទេ ផ្លែខ្ចីគេប្រើធ្វើថ្នាំអុតធំ ។ គ្រាប់ជាថ្នាំពោះវៀន ។ គ្រូថ្នាំបុរាណស្ងោរផ្កា សំបក និង ឬសគូលែនព្យាបាលជំងឺបំពង់ក ។ 	</li><li><p-n>More Information	NA &nbsp;: lychee, litchi</p-n></li></ul>
គោមួយ	EUONYMUS (Celastraceae)	Euonymus cochinchinensis Pierre	<ul><li>Shrub, 5-8 m tall, of dense and secondary formations of Indochina. The barks macerated in rice alcohol give an appetizer. The decoction of roots would be fortifying, being able to give &quot;the strength of an ox&quot;.	</li><li>ឈ្មោះចុល្លព្រឹក្សមួយប្រភេទកំពស់៥-៨ម ដុះក្នុងព្រៃក្រាស់ និងព្រៃស្រោងនៃឥណ្ឌូចិន ។ គេត្រាំសំបកក្នុងស្រាផឹកដើម្បី ឱ្យបរិភោគបាយបាន ។ ឬស ស្ងោរផឹក ជាថ្នាំធ្វើឱ្យមានកម្លាំងប្រហែលគោមួយ ។	</li><li><p-n>More Information	NK &nbsp;&nbsp;: kôô muëy (un bœut) គោមួយ	NOTE	ពេលមានពាក្យ (វល្លិ) (ស្មៅ) (ដើម) ក្នុងវង់ក្រចកខាងក្រោយនាម រុក្ខជាតិ ត្រូវអានពាក្យនោះខាងមុខនាមវិញ។</p-n></li></ul>
គោល	ALBIZIA (Leguminosae-Mimosoideae) 	Albizia chinensis (Osbeck) Merr.	<ul><li>Tree, 10-20 m tall, found in open and semi-dense forest of tropical Asia, often cultivated as shade-tree in coffee plantation. Young stem appreciated as stakes for palisade.	</li><li>ជាដើមឈើមានកំពស់ ១០ - ២០ ម ដុះក្នុងព្រៃស្រោង និងល្បោះនៃប្រទេសអាស៊ីផ្នែកក្ដៅ។ គេច្រើនដាំដើមគោល ធ្វើម្លប់ក្នុងចំការដើមតែ និងកាហ្វេ ។ ដើមតូចៗ គេកាប់ធ្វើបង្គោលរបង។	</li><li><p-n>More Information	NK : kôôl (pieu) &nbsp;គោល	NOTE	ពេលមានពាក្យ (វល្លិ) (ស្មៅ) (ដើម) ក្នុងវង់ក្រចកខាងក្រោយនាម រុក្ខជាតិ ត្រូវអានពាក្យនោះខាងមុខនាមវិញ។</p-n></li></ul>
គ្ដឿង	TREMA (Ulmaceae)	Trema angustifolia Blume	<ul><li>Tree, 8-20 m tall, of the secondary formations of moderate altitude, between 400 and 700 m, in Southern China, the Indochinese and Malay Peninsula. The cooked young leaves are eaten as vegetables. Wood used for the small works of construction.	</li><li>គ្ដឿងជាព្រឹក្សកំពស់៨-២០ម ដុះក្នុងព្រៃល្បោះលើភ្នំទាបៗ ដែលមានឧព្វេធពី៤០០-៧០០ម នៅប្រទេសចិនខាងត្បូង ឧបទ្វីបឥណ្ឌូចិន និងជ្វា ។ ស្លឹកខ្ចីៗបរិភោគជាបន្លែឆ្អិនបាន ។ ឈើសំរាប់ធ្វើគ្រឿងផ្ទះ ។ 	</li><li><p-n>More Information	NK &nbsp;: khduëng &nbsp;គ្ដឿង	NOTE	ពេលមានពាក្យ (វល្លិ) (ស្មៅ) (ដើម) ក្នុងវង់ក្រចកខាងក្រោយនាម រុក្ខជាតិ ត្រូវអានពាក្យនោះខាងមុខនាមវិញ។</p-n></li></ul>
គ្រាប់បែក	SWIETENIA (Meliaceae) 	Swietenia macrophylla King 	<ul><li>Tree, 20-35 m tall, imported from Central America to Asia where it is cultivated along avenues or in the gardens as ornemental and shadow plant.	</li><li>ព្រឹក្សម្យ៉ាងកំពស់២០-៣៥ម គេនាំពីប្រទេសអាមេរិកកណ្ដាល មកដាំនៅទ្វីបអាស៊ីជាលំអវិថីនានា ក្នុងក្រុង និងក្នុងសួនសាធារណៈ និងសម្រាប់ជាម្លប់ផង ។ 	</li><li><p-n>More Information	NA &nbsp;: Mexican mahogany</p-n></li></ul>
គ្រុង	@គ្រុងក្រហម, @គ្រុងវាល	APORUSA (Euphorbiaceae)	Aporusa filicifolia Baill.	<ul><li>Shrub, 2-8m tall restricted to the lowland of open forest or in pine forest up to 700m altitude, found in Cambodia, Laos and Vietnam. The boughs make an excellent fire wood. Rood used in local medicine against sexual diseases.	</li><li>ចុល្លព្រឹក្សកំពស់ ២ - ៨ ម ដុះក្នុងព្រៃល្បោះលើដីរាប ឬដុះលើភ្នំទាប ក្នុងព្រៃស្រល់ក្រុងគិរីរម្យ។ ដើមនេះមាន នៅប្រទេសខ្មែរ លាវ និងវៀតណាម។ ឫសវាសំរាប់ធ្វើថ្នាំ ស្វាយប្រមេះ។	</li><li><p-n>More Information	Syn. &nbsp;: Aporusa sphoerosperma Gagnep.</p-n></li></ul>
គ្រុមពូក	TAMILNADIA (Rubiaceae)	Tamilnadia uliginosa (Retz.) Tirveng. &amp; Sartre 	<ul><li>Shrub or tree, 4-10 m tall, of the wet dense forests of Indochina (Cambodia, Laos and Vietnam). The fruits and leaves, colouring, may be eaten after cooking. Wood used in construction.	</li><li>គ្រុមពូកកំពស់៤-១០ម ដុះក្នុងព្រៃត្រជាក់ ឥតជ្រុះស្លឹករដូវប្រាំង នៅប្រទេសខ្មែរ, លាវ និងវៀតណាម ។ ផ្លែ និងស្លឹក មានជាតិ “ តាណាំង ” អាចបរិភោគបាន ពេលចំអិនហើយ ។ ឈើគ្រុមពូកអាចប្រើសង់ផ្ទះបាន ។	</li><li><p-n>More Information	Syn. &nbsp;: Randia uliginosa (Retz.) DC.</p-n></li></ul>
គ្រើល ម្រ័ក្សណ៍	GLUTA (Anacardiaceae)	Gluta laccifera (Pierre) Ding Hou	<ul><li>Tree, 25-30 m tall, of the clear forests of the Indochinese Peninsula. The trunk and the branches produce a lacquer that can be extracted, by section of the bark, to varnish the objects of basketwork and make them waterproof. The wood. very resistant, is in demand to make the pillars of house and for luxury cabinetwork. The barks would be astringent.	</li><li>ដើមគ្រើល (ដើមរស់) ឬម្រ័ក្សណ៍ (ដើមកាប់ហើយ) ជាព្រឹក្សធំកំពស់ ២៥-៣០ម ដុះក្នុងព្រៃស្រោង នៃឧបទ្វីបឥណ្ឌូចិន ។ មែក និងដើម មានជ័រម្យ៉ាង ដែលគេអាចយកចេញដោយកាត់ នឹងកាំបិត ឬដុត ។ ជ័រឬម្រ័ក្សណ៍នេះសម្រាប់ លាបវត្ថុផ្សេងៗ ដូចជាកញ្ជើ ល្អី ។ល។ ដើម្បីធ្វើមិនឱ្យជ្រាបទឹក ។ ឈើជាប់ល្អ មានតម្លៃ គេប្រើធ្វើសរសផ្ទះ តុ ទូ ល្អប្រណិត ។ សំបកគ្រើល សម្រាប់ធ្វើថ្នាំទប់ ឬឃាត់មិនឱ្យរាគជាដើម ។	</li><li><p-n>More Information	Syn. : Melanorrhoea laccifera Pierre</p-n></li></ul>
ឃ្មត់	@ច្រអាស, @ដង្ហក់	MACHILUS (Lauraceae)	Machilus odoratissima Nees 	<ul><li>Tree, 8-25 m tall, of the secondary forests of the Indochinese and Malay Peninsula and Indian regions. The tree is remarkable by its pleasant smell). The barks are used to make incense sticks.	</li><li>ឃ្មត់ជាព្រឹក្សធំមានកំពស់ ៨-២៥ម ដុះក្នុងព្រៃល្បោះក្នុងឧបទ្វីបជ្វា ឥណ្ឌូចិន និង ឥណ្ឌា ។ ដើមនេះ ច្រើនទាញ អារម្មណ៍ អ្នកដើរព្រៃ ដោយបញ្ចេញក្លិនក្រអូប ។ គេប្រើសំបកសំរាប់ធ្វើធូប ។	</li><li><p-n>More Information	NK &nbsp;: &nbsp;khmuët-, chrâ ahs, danghâk &nbsp;ឃ្មត់, ច្រអាស, ដង្ហក់	NOTE	ពេលមានពាក្យ (វល្លិ) (ស្មៅ) (ដើម) ក្នុងវង់ក្រចកខាងក្រោយនាម រុក្ខជាតិ ត្រូវអានពាក្យនោះខាងមុខនាមវិញ។</p-n></li></ul>
ឃ្លោក	LAGENARIA (Cucurbitaceae)	Lagenaria siceraria (Molina) Standl.	<ul><li>Creeper, cultivated in the warm regions of the world. The young fruits are consumed in various culinary preparations. The ripe, emptied and dried fruits are used as water containers. The seeds are said to be to vermifuge. The oil of the seeds is used in veterinary.	</li><li>ជាដំណាំវារមួយប្រភេទ គេដាំនៅគ្រប់ប្រទេសក្តៅក្នុងសកលលោក ។ ផ្លែឃ្លោកជាបន្លែសំរាប់ប្រើធ្វើម្ហូបច្រើនមុខ ។ ផ្លែទុំដែលគេហាលស្ងួត អាចប្រើជំនួសត្រឡោកដួសទឹកបាន ។ គ្រាប់ឃ្លោកគេច្រើនប្រើធ្វើជាថ្នាំព្រូន។ ពេទ្យសត្វ តែងប្រើប្រេងនៃគ្រាប់ សំរាប់រំងាប់រោគផ្សេងៗ ដែលមានចំពោះសត្វ ។	</li><li><p-n>More Information	NA &nbsp;: calabash, bottle gourd</p-n></li></ul>
ងប់	SAUROPUS (Euphorbiaceae) 	Sauropus androgynus (L.) Merr. 	<ul><li>Shrub, 0.80-2 m tall, of the secondary formations and deforested places of Southeast Asia. The leaves are used as culinary spices. They are generally singed before being added to liquid dishes or &quot;sâmlâ&quot; to flavor them. The fruits are edible ; they are used, in some countries, to make jams. In traditional medicine, the roots are used in decoction as febrifuge.	</li><li>ងប់ជាគុម្ពព្រឹក្ស កំពស់ ០,៨០-២ម ដុះក្នុងព្រៃល្បោះ និងលើដីគ្មានឈើនៃអាស៊ីផ្នែកអាគ្នេយ៍ ។ ស្លឹកគេប្រើជាគ្រឿងទេស សំរាប់បង់សម្ល គេច្រើនយករោលភ្លើងជាមុនសិន មុននឹងដាក់ក្នុងសម្ល ។ ផ្លែអាចបរិភោគបាន ស្រុកខ្លះយកផ្លែ ធ្វើតំណាប់ ។ តាមគ្រូថ្នាំបុរាណ ឬសអាចស្ងោរផឹករំងាប់កំហាយគ្រុនក្ដៅ ។	</li><li><p-n>More Information	NA &nbsp;: star gooseberry</p-n></li></ul>
ចក	PISTIA (Araceae)	Pistia stratiotes L. 	<ul><li>Aquatic herb, floating, with leaves in bow, looking like a miniaturized lettuce, diameter lower than 8 cm. known since the beginning of the Christian era, in the puddles of the tropical regions. In Cambodia, the plant feeds pigs.	</li><li>សេវាលមួយប្រភេទ មានស្លឹកសណ្ឋានស្រដៀងជាស្ពៃ ស ក្ដោបតូច វិជ្ឈមាត្រក្រោម៨ស.ម ។ គេស្គាល់ចក តាំងពីឆ្នាំដំបូងនៃ គ.ស ម្លេះ ។ ចកដុះក្នុងស្រះ បឹង គ្រប់ប្រទេសក្តៅសកលលោក ។ នៅប្រទេសខ្មែរគេប្រើចក ធ្វើបាយជ្រូក ។	</li><li><p-n>More Information	NA &nbsp;: water lettuce</p-n></li></ul>
ចកតូច	SALVINIA (Salviniaceae, Fougères)	Salvinia natans (L.) All.	<ul><li>Fern floating on the ponds and puddles of the Eurasian continent and North Africa. Sometimes cultivated as decorative species. In Cambodia, the plant is used to feed pigs.	</li><li>ឈ្មោះបណ្ណង្គជាតិមួយប្រភេទ អណ្តែតលើទឹកបឹង ស្រៈ ត្រពាំង នៃទ្វីបអឺរ៉ុប អាស៊ី និងអាហ្វ្រិកខាងជើង ។ ប្រទេសខ្លះគេដាំជាលំអទឹក នៅប្រទេសកម្ពុជា គេប្រើចកសំរាប់ធ្វើចំណីសត្វជ្រូក ។ 	</li><li><p-n>More Information	Syn. : Salvinia cucullata Roxb.</p-n></li></ul>
ចកទា	LEMNA (Lemnaceae)	Lemna minor L.	<ul><li>Tiny plant, floating on stagnant waters. It is used as food for poultry. In traditional medicine, it is used to cure the gonorrhea of woman and muscular pains.	</li><li>ឈ្មោះដើមលិ្អតអណ្តែតលើទឹកត្រពាំង និងថ្លុក គេដងសំរាប់អោយ មាន់ ទា ស៊ីជាអាហារ ។ ក្នុងក្បួនឱសថបុរាណ ខ្មែរ ដើមចកទា សំរាប់ធ្វើថ្នាំ រំងាប់រោគប្រមេះស្រ្តី និងជាថ្នាំបំពោគលើជំងឺសាច់ដុំ ។	</li><li><p-n>More Information	NK &nbsp;&nbsp;: châ:k tië (nourriture de canard) &nbsp;ចកទា	NOTE	ពេលមានពាក្យ (វល្លិ) (ស្មៅ) (ដើម) ក្នុងវង់ក្រចកខាងក្រោយនាម រុក្ខជាតិ ត្រូវអានពាក្យនោះខាងមុខនាមវិញ។</p-n></li></ul>
ចង្ក្រង់ត្មាត	@ចងខ្នងប្រម៉ាត់	CROTALARIA (Leguminosae-Papilionoideae) 	Crotalaria verrucosa L.	<ul><li>Annual herb, rather ligneous, 0.50-1 m tall, with simple leaves, blue flowers, on waste lands, river road sides, up to 1200 m. Species of the tropical regions of the world. In traditional medicine, the plant is part of a remedy for the treatment of liver diseases, womb troubles and against fever.	</li><li>ឈ្មោះស្មៅប្រចាំឆ្នាំ ភាពរឹងបន្តិច កំពស់ ០.៥០-១ម មានកូនស្លឹកតែមួយ ផ្កាពណ៌ខៀវ ដុះលើដីវាល តាមមាត់ទឹក មាត់ផ្លូវដើរ លើដីទំនាប ឬលើភ្នំ ដែលមានកម្ពស់រហូតដល់ ១២០០ម។ រុក្ខជាតិនេះមានដុះនៅគ្រប់ប្រទេសក្តៅលើសកលលោក ។ គ្រូថ្នាំយកដើមចង្ក្រង់ត្មាតផ្សំជាមួយដើមដទៃទៀត ធ្វើឱសថព្យាបាលរោគឈឺថ្លើម ឈឺពោះ និងកំចាត់ជម្ងឺគ្រុន ។	</li><li><p-n>More Information	NK : &nbsp;chângkrâ:ng thma:t (grelot du vautour), châ:ng khnâ:ng prâmat’ (ligature de la vésicule biliaire) ចង្ក្រង់ត្មាត, ចងខ្នងប្រម៉ាត់	NOTE	ពេលមានពាក្យ (វល្លិ) (ស្មៅ) (ដើម) ក្នុងវង់ក្រចកខាងក្រោយនាម រុក្ខជាតិ ត្រូវអានពាក្យនោះខាងមុខនាមវិញ។</p-n></li></ul>
ចង្ក្រង់ស្វាតូច 	CROTALARIA (Leguminosae-Papilionoideae) 	Crotalaria chinensis L.	<ul><li>Strong ruderal herb, 50-70 cm tall, met sometimes in the undergrowth of the clear forests of tropical Asia. The flowers are edible. 	</li><li>ឈ្មោះស្មៅរឹងមួយប្រភេទ កំពស់ ៥០-៧០ស.ម ដុះតាមមាត់ផ្លូវ ពេលខ្លះដុះក្រោមដើមឈើក្នុងព្រៃស្រោង នៃអាស៊ី ក្ដៅ ។ ផ្កាអាចបរិភោគធ្វើបន្លែបាន ។	</li><li><p-n>More Information	NK : &nbsp;chângkrâ:ng’ sva: tô:ch (petit grelot du singe) &nbsp;ចង្រ្កង់ស្វាតូច	NOTE	ពេលមានពាក្យ (វល្លិ) (ស្មៅ) (ដើម) ក្នុងវង់ក្រចកខាងក្រោយនាម រុក្ខជាតិ ត្រូវអានពាក្យនោះខាងមុខនាមវិញ។</p-n></li></ul>
ចង្ក្រង់ស្វាធំ	@ចង្ក្រង់ស្វាស្លឹកប្រាំ	CROTALARIA (Leguminosae-Papilionoideae) 	Crotalaria quinquefolia L.	<ul><li>Shrub, 2-4 m tall, of uncultivated fields, paddy fields, swampy places, or under clear forest up to 300 m; species of the Indochinese Peninsula, the Philippines and New Guinea. The flowers are edible. The fruits, cylindrical, compressed, 5-6 x 1-2 cms, are used in traditional medicine to cure the bites of scolopendrids and snakes.	</li><li>ឈ្មោះគុម្ពព្រឹក្សម្យ៉ាងកំពស់ ២-៤ម ដុះក្នុងដីចំការគ្មានដំណាំក្នុងស្រែច្រូតហើយ ក្នុងវាលភក់ល្បាប់ ឬក្រោមដើមឈើព្រៃស្រោង លើដីទំនាប ឬទួល ដែលមានឧព្វេធមិនលើសពី៣០០ម ។ រុក្ខជាតិនេះមានក្នុងឧបទ្វីបឥណ្ឌូចិន ប្រទេស         ភីលីពីន និងប្រទេស Nouvelle-Guinée ។ ផ្កាអាចធ្វើអន្លក់របោយបាន ។ ផ្លែរាងបំពង់សំប៉ែត ប្រវែង ៥-៦ ស.ម ទទឹង ១-២ ស.ម សម្រាប់ធ្វើថ្នាំព្យាបាលស្នាមក្អែប ឬពស់ចឹក ។ 	</li><li><p-n>More Information	NK : chângkrâ:ng’ sva: thôm, chângkrâ:ng sva: slök pram’, grand grelot du signe, grelet du singe à 5 folioles) &nbsp;ចង្ក្រង់ស្វាធំ, ចង្ក្រង់ស្វាស្លឹកប្រាំ	NOTE	ពេលមានពាក្យ (វល្លិ) (ស្មៅ) (ដើម) ក្នុងវង់ក្រចកខាងក្រោយនាម រុក្ខជាតិ ត្រូវអានពាក្យនោះខាងមុខនាមវិញ។</p-n></li></ul>
ចង្ក្រង់ស្វា	@សណ្ដែកគួយ	CROTALARIA (Leguminosae-Papilionoideae) 	Crotalaria pallida Aiton	<ul><li>Annual herb, erected, 1-2 m tall, of uncultivated places and roads edges; tropical species. The flowers, in yellow clusters, are consumed as vegetables. The young fruits are consumed by the &quot;kuëy&quot;. The roots can be chewed with betel. The roasted seeds constitute a surrogate of coffee.	</li><li>ឈ្មោះស្មៅប្រចាំឆ្នាំមួយប្រភេទ ដុះត្រង់ឡើងលើ កំពស់ ១-២ម ក្នុងដីវាល ឬតាមមាត់ផ្លូវ នៃទ្វីបអាស៊ីក្តៅ។ ផ្កាពណ៌លឿងជាចង្កោម អាចបរិភោគជាបន្លែ ឬរបាយបាន ។ ផ្លែខ្ចីៗពួកគួយ គេតែងបរិភោគដូចសណ្ដែកធម្មតា ។ ឬអាចស៊ីជំនួស ស្លាបាន ។ គ្រាប់ទុំលីង ហើយអាចកិន ហើយឆុងផឹក ជំនួសកាហ្វេបាន ។ 	</li><li><p-n>More Information	Syn. : Crotalaria striata DC.</p-n></li></ul>
ចំណង	DIOSPYROS (Ebenaceae) 	Diospyros buxifolia (Blume) Hiern	<ul><li>Tree, 15-25 m tall, of the dense forests of Indochina, India, Java and of Malacca Peninsula. Strong barks, used to make cords and links.	</li><li>ឈ្មោះព្រឹក្សម្យ៉ាង កំពស់ ១៥-២៥ម ដុះក្នុងព្រៃធំ នៃឥណ្ឌូចិន ឥណ្ឌា កោះ Java និងទៀបកោះម៉ាឡាកា ។ សំបកមាំណាស់ គេប្រើធ្វើ កន្ទុយខ្សែ និង ចំណងផ្សេងៗ ។	</li><li><p-n>More Information	NK &nbsp;: châmnâ:g (lien) &nbsp;ចំណង	NOTE	ពេលមានពាក្យ (វល្លិ) (ស្មៅ) (ដើម) ក្នុងវង់ក្រចកខាងក្រោយនាម រុក្ខជាតិ ត្រូវអានពាក្យនោះខាងមុខនាមវិញ។</p-n></li></ul>
ច័ន្ទក្រស្នា	AQUILARIA (Thymeleaceae)	Aquilaria crassna Pierre 	<ul><li>Tree, 30-40m tall restricted to the lowland evergreen forest up to 400m altitude, found in Cambodia and in center of Vietnam. Wood very fragrant used as incense for funereal ceremonial. In traditional medicine, the wood mixed with other drugs is used against paludism.	</li><li>ដើមនេះជាឈើធំកំពស់ ៣០ - ៤០ ម ដុះក្នុងព្រៃធំត្រជាក់លើដីរាបក្រោម ៤០០ម នៃប្រទេសខ្មែរ និងវៀតណាមខាងត្បូង ។ ខ្លឹមក្រអូបណាស់ គេប្រើពេលធ្វើបុណ្យខ្មោច គេចំលាក់ជារូបផ្កាក្នុងខ្លឹម ដែលគេកាត់ស្តើងៗ ហើយដុតពេលបូជាសព ។ ខ្លឹមក្រអូបធ្វើឱ្យស្រវឹងបន្តិចៗ ។ គ្រូថ្នាំ យកខ្លឹមច័ន្ទនេះ ទៅធ្វើថ្នាំព្យាបាលគ្រុនចាញ់ ។	</li><li><p-n>More Information	NF &nbsp;: bois d’aigle, bois d’aloès</p-n></li></ul>
ចន្ទល់ភ្នំ	@វល្លិថ្ពាល់ត្រី	MARSILEA (Marsileaceae, Fougères)	Marsilea quadrifolia L.	<ul><li>Long crawling fern of the wet places of Cambodia, Laos and Vietnam. The young shoots, sometimes sold on the market, are eaten raw as vegetables.	</li><li>ឈ្មោះបណ្ណង្គជាតិ ជាវល្លិមួយប្រភេទវារលើដីសើមៗ ។ ដើមនេះមានកូនសន្លឹកបួន អាចដុះបានវែងណាស់ មាននៅឧបទ្វីបឥណ្ឌូចិន ។ ត្រួយខ្ចីៗ ខ្មែរយើងប្រើជាអន្លក់ ពេលខ្លះមានលក់ក្នុងផ្សារ ។ 	</li><li><p-n>More Information	NK &nbsp;: chântuël phnôm, (voër) thpoël trèi (ce dernier nom signifie « liane joue de poisson) ចន្ទល់ភ្នំ, (វល្លិ) ថ្ពាល់ត្រី	NOTE	ពេលមានពាក្យ (វល្លិ) (ស្មៅ) (ដើម) ក្នុងវង់ក្រចកខាងក្រោយនាម រុក្ខជាតិ ត្រូវអានពាក្យនោះខាងមុខនាមវិញ។</p-n></li></ul>
ច័ន្ធូ	POLIANTHES (Agavaceae) 	Polianthes tuberosa L.	<ul><li>Herb, 0.50-1 m tall, of Mexican origin, cultivated in the tropical regions as decorative. White, nice-smelling flowers, sold on markets. In Cambodia, there is a traditional song in which the loved woman is identified with the flower of this species “ the most beautiful of all flowers ”.	</li><li>ឈ្មោះតិណជាតិកំពស់ ០,៥០-១ម គេនាំពីប្រទេស Mexique មកដាំគ្រប់ប្រទេសក្ដៅ ជាដើមលំអដោយផ្កាពណ៌ស ក្លិនក្រអូប ។ ផ្កាចន្ធូតែងមានលក់ក្នុងផ្សារ ។ នៅប្រទេសខ្មែរ មានចំរៀងប្រជាប្រិយមួយ ក្នុងនោះបុរសប្រដូចគូរសង្សា និងផ្កាចន្ធូ “ ចន្ធូ អូនល្អលើសបុប្ផា...” ។	</li><li><p-n>More Information	NA &nbsp;: tuberose</p-n></li></ul>
ចំបក់ 	IRVINGIA (Simaroubaceae)	Irvingia malayana Oliv. ex Benn.	<ul><li>Tree, 15-20 m tall, of the open formations of Southeast Asia. The fruits are looked by cervids. The kernel of the seed is edible and is as appreciated as that of the anacardier ***. One can extract from it wax to make candles. Wood used in construction.	</li><li>ព្រឹក្សមួយប្រភេទ កំពស់ ១៥-២០ម ដុះក្នុងព្រៃសោង នៃអាស៊ីផ្នែកអាគ្នេយ៍ ។ ផ្លែចំបក់សត្វមានស្នែងចូលចិត្តស៊ី ណាស់ ។ សាច់ក្នុងគ្រាប់ត្រាំ ទឹកអំបិលលីងប្រើជាអាហារក៏បាន ឆ្ងាញ់ប្រហែលគ្រាប់ស្វាយចន្ទីដែរ គេអាចបុកចម្រាញ់សូនធ្វើទៀនអុជក៏បាន ។ ឈើប្រើការធ្វើគ្រឿងសង់ផ្ទះ ។	</li><li><p-n>More Information	Syn. &nbsp;&nbsp;: Irvingia oliveri Pierre ; Irvingia harmandiana Pierre</p-n></li></ul>
ចំបក់បារាំង	TERMINALIA (Combretaceae) 	Terminalia catappa L.	<ul><li>Deciduous tree, 6-25 m tall, originating from the Malayan peninsula, cultivated in tropical regions as street tree, sometimes grown along beaches. The fresh crushed leaves applied in poultice to the articulations would be effective against rheumatisms. The kernels of the fruit are edible.	</li><li>ព្រឹក្សមួយប្រភេទកំពស់៦-២៥ម ដុះក្នុងប្រទេសជ្វា ផ្នែកឧបទ្វីបគេនាំទៅដាំនៅគ្រប់ប្រទេសក្រៅសកលលោក ជាដើមលំអតាមវិថីនានា ពេលខ្លះ ដាំលើដីខ្សាច់មាត់សមុទ្រ ។ គ្រាប់អាចបរិភោគបាន ។ ស្លឹកស្រស់ៗ អាចកិនអោយម៉ត់ធ្វើជាថ្នាំបំពោកលើសន្លាក់ដៃ ជើង ដែលឈឺ ។	</li><li><p-n>More Information	NF &nbsp;: badamier</p-n></li></ul>
ចំបក់ប្រាង	@រំដេញក្អែក	ELAEOCARPUS (Elaeocarpaceae)	Elaeocarpus hygrophilus Kurz	<ul><li>Tree, 10-25 m tall, of flooded or dense forests, endemic of Indochina (Cambodia, Laos, Vietnam). The infusions of the barks, believed to be tonic and purifying are given to drink to the young mothers. White wood, used to make small domestic objects.	</li><li>ឈោ្មះព្រឹក្សមួយប្រភេទកំពស់១០–២៥ម ដុះក្នុងព្រៃរនាម ឬព្រៃក្រាស់នៃប្រទេសឥណ្ឌូចិន កម្ពុជា លាវ វៀតណាម ។ សំបករំដេញក្អែក គេស្ងោរឬឆុងឱ្យនារី ទើបសម្រាលកូនហើយផឹក សម្រាប់សំអាតឈាម និងឱ្យមានកម្លាំង ។ ឈើពណ៌ស គេប្រើដើម្បីធ្វើរបស់តូចតាច ប្រើប្រាស់ក្នុងផ្ទះ ។	</li><li><p-n>More Information	Syn. &nbsp;: Elaeocarpus madopetalus Pierre</p-n></li></ul>
ចំប៉ីក្រហម	PLUMERIA (Apocynaceae)	Plumeria rubra L. 	<ul><li>Shrub, 2-8 m tall, of American origin, cultivated in the tropical regions for its beautiful red flowers. Edible flowers in fritters. As those of the previous species, these flowers are used to make necklaces to be offered to deities or for decorating coffins. The leaves are used for the care of the sores and to prepare soothing infusions.	</li><li>ឈ្មោះចុល្លព្រឹក្ស កំពស់ ២-៨ម គេនាំពីទ្វីបអាមេរិកមកដាំប្រទេសក្តៅសកលលោក ដោយមានផ្កាពណ៌ក្រហមល្អ ។ ផ្កាចៀនបរិភោគបាន ដូចផ្កាចំប៉ីសដែរ និងធ្វើជាកម្រងបូជាព្រះ ឬលំអមឈូស ។ ស្លឹកជាថ្នាំព្យាបាលស្រែង និងសំរាប់ឆុងផឹក ដើម្បីឱ្យស្ងប់ចិត្ត ។ 	</li><li><p-n>More Information	NA &nbsp;&nbsp;: frangipani</p-n></li></ul>
ចំប៉ីព្រៃ	PSYCHOTRIA (Rubiaceae)	Psychotria adenophylla Wall.	<ul><li>Shrub, 1-2 m tall, of the undergrowth of dense forests of Southeast Asia. The leaves are used to treat the colds on chest. The infusion of the small white flowers would be tonic.	</li><li>ចុល្លព្រឹក្សមួយប្រភេទកំពស់ ១-២ម ដុះក្រោមឈើធំៗ ក្នុងព្រៃក្រាស់នៃអាស៊ីផ្នែកអាគ្នេយ៍ ។ គេប្រើស្លឹកធ្វើថ្នាំឈឺ ដើមទ្រូង ។ ផ្កាស្ងួតសំរាប់ឆុងផឹក ជាថ្នាំលើកកំលាំង ។	</li><li><p-n>More Information	NK &nbsp;: châmpéi préi (frangipanier sauvage) &nbsp;ចំប៉ីព្រៃ	NOTE	ពេលមានពាក្យ (វល្លិ) (ស្មៅ) (ដើម) ក្នុងវង់ក្រចកខាងក្រោយនាម រុក្ខជាតិ ត្រូវអានពាក្យនោះខាងមុខនាមវិញ។</p-n></li></ul>
ចំប៉ី ស	PLUMERIA (Apocynaceae)	Plumeria alba L.	<ul><li>Shrub, 2-8 m tall, of American origin, cultivated as decorative, especially in the pagodae. The white flowers are a part of ritual offerings to the deities; necklaces are sometimes made out of it to decorate the coffins. They are edible, under the form of fritters. The heart of the wood is part of a remedy vermifuge or laxative.	</li><li>ឈ្មោះចុល្លព្រឹក្សមួយ កំពស់ ២ - ៨ម កំណើតក្នុងទ្វីបអាមេរិក គេនាំមកដាំជាលំអ ក្នុងវត្តអារាម ឬសួននានា ។ ផ្កា ស ជាគ្រឿងបូជាថ្វាយព្រះ ឬធ្វើកំរងលំអមឈូស ។ គេអាចចៀនផ្កាបរិភោគបាន ។ បណ្ដូលឈើសំរាប់ផ្សំធ្វើថ្នាំព្រូន និងសំអាតឈាម ។	</li><li><p-n>More Information	NF &nbsp;&nbsp;: frangipanier à fleurs blanches</p-n></li></ul>
ចំប៉ីសៀម	ADENIUM (Apocynaceae) 	Adenium obesum (Forssk.) Roem. &amp; Schult.	<ul><li>The plant has its origin in Africa or South Arabia, cultivated in public and private garden; the ornamental value of the shrub and its big and rosy flowers are prized.	</li><li>ចំប៉ីសៀម មានដើមកំណើតក្នុងស្រុកអាហ្វ្រិក និងអារ៉ាប៊ី មិនមែនស្រុកសៀមទេ តែយើងយកវាពីស្រុកសៀមមកដាំ  លំអរសួនច្បារ ដោយផ្កាវាមានមាធំៗ ពណ៌ផ្កាឈូក ល្អមើលណាស់។	</li><li><p-n>More Information	NA : desert rose&nbsp;</p-n></li></ul>
ចំប៉ីស្លឹកទាល	PLUMERIA (Apocynaceae)	Plumeria obtusa L. 	<ul><li>Shrub, 5-10 m tall, originating from tropical America, introduced and cultivated as decorative in the warm regions of the world. Flowers used to make necklaces and in the offerings to the deities. In traditional medicine, the decoctions of the bark is used, in varying doses, either as purgative, or as a remedy against oedemas.	</li><li>ចំប៉ីស្លឹកទាល ជាចុល្លព្រឹក្សកំពស់ ៥-១០ម គេនាំពីទ្វីបអាមេរិកក្ដៅ មកដាំគ្រប់ប្រទេសក្តៅសកលលោក ជាដើមលំអ។ ផ្កាគេប្រើជាគ្រឿងបូជា ឬធ្វើកំរង ។ ផ្កាអាចបរិភោគបាន ។ គ្រូថ្នាំបុរាណស្ងោរសំបកធ្វើថ្នាំព្យាបាលជំងឺហើម ឬពេលខ្លះជាថ្នាំបញ្ចុះ ។ 	</li><li><p-n>More Information	NK &nbsp;&nbsp;: &nbsp;châmpéi slük tiel &nbsp;&nbsp;ចំប៉ីស្លឹកទាល	NOTE	ពេលមានពាក្យ (វល្លិ) (ស្មៅ) (ដើម) ក្នុងវង់ក្រចកខាងក្រោយនាម រុក្ខជាតិ ត្រូវអានពាក្យនោះខាងមុខនាមវិញ។</p-n></li></ul>
ចម្ប៉ាខ្ចី	CORDIA (Boraginaceae) 	Cordia obliqua Willd.	<ul><li>Tree, or shrub, 2-8 m tall, with whitish twigs, native in Asia, cultivated in cities as ornemental, because of its large soft-green yellowish-green leaves, of great dimensions (7-15 x 5-8 cms). The fruit, mucilaginous, gives birdlime, but which loses its adhesivity after some days. In traditional medicine, the barks are considered tonic. and seeds able to heal sores.	</li><li>ឈ្មោះព្រឹក្ស ឬចុល្លព្រឹក្ស កំពស់ ២-៨ម មានមែកធាង សម្បុរ ស កើតក្នុងទ្វីបអាស៊ី ច្រើនដាំក្នុងក្រុងជាលំអ ដោយ ដើមនេះ មានស្លឹកធំៗ ពណ៌បៃតងខ្ចី ឬពណ៌បៃតងភាវ ។ ផ្លែមានជ័រសម្រាប់ធ្វើកាវ ឬជ័របាម តែជាប់បានតែពីរបី ថ្ងៃប៉ុណ្ណោះ ។ សំបកជាថ្នាំលើកកម្លាំង គ្រាប់អាចធ្វើឱសថព្យាបាលស្រែង ។	</li><li><p-n>More Information	Syn. : Cordia latifolia Roxb.</p-n></li></ul>
ចម្ប៉ា លឿង	MICHELIA (Magnoliaceae)	Michelia champaca L.	<ul><li>Tree, 6-25 m tall, of Asian origin, cultivated as decorative in tropical Asia th and Oceania, for the fragrant flowers used as the previous one. In India, the flowers are used for scenting oil for the hairs: the bark is used in traditional medicine as febrifuge.	</li><li>ព្រឹក្សតូចម្យ៉ាងកំពស់ ៦-២៥ម មានដើមកំនើតជាមួយចម្ប៉ា ស គេដាំជាលំអនៅទ្វីបក្តៅ នៃអាស៊ី និង អូសេអានី ។ ផ្កាពណ៌លឿងមានក្លិន ក្រអូបដូចចម្ប៉ា ស គេប្រើធ្វើជាកម្រង ក និងពាក់លើសក់លេង ។ នៅប្រទេសឥណ្ឌា គេប្រើផ្កា សម្រាប់អប់ប្រេងលាបសក់ សំបកគេប្រើធ្វើថ្នាំបុរាណ ព្យាបាលជម្ងឺគ្រុន ។ 	</li><li><p-n>More Information	NK &nbsp;&nbsp;: &nbsp;châmpa luëng (châmpa à fleurs jaunes) &nbsp;ចម្ប៉ាលឿង	NOTE	ពេលមានពាក្យ (វល្លិ) (ស្មៅ) (ដើម) ក្នុងវង់ក្រចកខាងក្រោយនាម រុក្ខជាតិ ត្រូវអានពាក្យនោះខាងមុខនាមវិញ។</p-n></li></ul>
ចម្ប៉ា ស	MICHELIA (Magnoliaceae)	Michelia alba DC.	<ul><li>Tree, 4-15 m tall, of Asian origin, cultivated in tropical Asia for its fragrant flowers, used to make necklaces. The girls like hanging one or two flowers in the hairs.	</li><li>ព្រឹក្សតូចមួយប្រភេទ កំពស់ ៤-១៥ម កំនើតក្នុងទ្វីបអាស៊ី គេដាំជាលំអគ្រប់ប្រទេសក្ដៅនៃទ្វីបអាស៊ី ។ ផ្កាធំល្មមមានក្លិនក្រអូបឈ្ងប់ គេនិយមចងជាកម្រង ក ។ ខ្មែរនិយមយកផ្កាចងសក់ លេង ។ 	</li><li><p-n>More Information	NK &nbsp;: châmpa sâ (châmpa à fleurs blanches) &nbsp;ចម្ប៉ា-ស	NOTE	ពេលមានពាក្យ (វល្លិ) (ស្មៅ) (ដើម) ក្នុងវង់ក្រចកខាងក្រោយនាម រុក្ខជាតិ ត្រូវអានពាក្យនោះខាងមុខនាមវិញ។</p-n></li></ul>
ចម្ព្រេញ (ឬចំព្រេញ)	CYNOMETRA (Leguminosae-Caesalpinioideae)	Cynometra ramiflora L.	<ul><li>Tree, 20-30 m tall, of flooded or back-mangrove forests, met in Asia and the Pacific. The wood is used for temporary constructions. Excellent firewood.	</li><li>ឈ្មោះព្រឹក្សមួយប្រភេទ កំពស់ ២០-៣០ម ដុះក្នុងព្រៃរនាម ឬព្រៃស្មាច់នៃទ្វីបអាស៊ី និងស្រុកជុំវិញសមុទ្រប៉ាស៊ីហ្វីក (pacifique) ។ ឈើចំពេ្រញ អាចប្រើសម្រាប់សង់រោងបណ្តោះអាសន្នបាន ឬសម្រាប់ធ្វើអុសដុត ។	</li><li><p-n>More Information	NK : châmpré:nh ចម្ព្រេញ (ឬចំពេ្រញ)	NOTE	ពេលមានពាក្យ (វល្លិ) (ស្មៅ) (ដើម) ក្នុងវង់ក្រចកខាងក្រោយនាម រុក្ខជាតិ ត្រូវអានពាក្យនោះខាងមុខនាមវិញ។</p-n></li></ul>
	ឧទាហរណ៏៖&nbsp;		<ul><li>	</li><li>					</li></ul>
	ពេលមានពាក្យ (វល្លិ) (ស្មៅ) (ដើម) ក្នុងវង់ក្រចកខាងក្រោយនាម រុក្ខជាតិ ត្រូវអានពាក្យនោះខាងមុខនាមវិញ។		<ul><li>	</li><li>					</li></ul>
	ឧទាហរណ៏៖&nbsp;		<ul><li>	</li><li>					</li></ul>
ចាក	NYPA (Palmae)	Nypa fruticans Wurmb 	<ul><li>Palm tree, 2 to 10 m tall, growing in the salt or brackish water of the mangroves of Asia and Oceania. The leaves are used for wrapping cakes, such as &quot;num katâm&quot; and to cover roofs. The inflorescences can be used, as those of the sugar palm tree, to make sugar, vinegar and alcohol.	</li><li>ចាកជាតាលព្រឹក្ស កំពស់ ២-១០ម ដុះក្នុងទឹកប្រៃសមុទ្រ ឬទឹកដែលមានរសប្រហែល និងទឹកសមុទ្រ ក្នុងព្រៃកោងកាង នៃទ្វីបអាស៊ី និងអូសេអានី ។ ស្លឹកគេប្រើសម្រាប់ខ្ទប់រំនំកាតំ ឬសម្រាប់ប្រក់ផ្ទះ ។ ផ្កាគេអាចប្រើ ដូចផ្កាត្នោតក៏បានដែរ គឺកៀបចំរាញ់ ធ្វើស្ករ ទឹកខ្មេះ និងស្រាជាដើម ។	</li><li><p-n>More Information	NA : Nipa palm&nbsp;</p-n></li></ul>
ចាក់ក្រលីក	CANTHIUM (Rubiaceae)	Canthium parviflorum Roxb.	<ul><li>Small tree. 4 to 10 m, of open Dipterocarpus forests; species of Southeast Asia. Fruits are edible ; they are eaten peeled, as skin has a sour taste. The hard reddish wood is sought for to make curios and tool handles.	</li><li>ដើមនេះជាព្រឹក្សមួយតូចកំពស់ ៤-១០ម ដុះក្នុងព្រៃល្បោះ ដែលមានខ្លុងត្បែង នៃអាស៊ីផ្នែកអាគ្នេយ៍ ។ ផ្លែដើមមេកង អាចបរិភោគបាន តែគេត្រូវបកសំបកចេញ ព្រោះសំបកផ្លែមានជាតិល្វីងខ្លាំង ។ ឈើពណ៌ក្រហមរឹងណាស់ សម្រាប់ធ្វើវត្ថុ តាំងផ្ទះ និងធ្វើដងកាំបិត ពូថៅ ចប ។ល។	</li><li><p-n>More Information	NK : chak’ krâli:k (chatouillement) &nbsp;ចាក់ក្រលីក	NOTE	ពេលមានពាក្យ (វល្លិ) (ស្មៅ) (ដើម) ក្នុងវង់ក្រចកខាងក្រោយនាម រុក្ខជាតិ ត្រូវអានពាក្យនោះខាងមុខនាមវិញ។</p-n></li></ul>
ចាកតូច	PHOENIX (Palmae)	Phoenix paludosa Roxb.	<ul><li>Palm tree, 2-6 m tall, of the formations of back - mangrove and along the banks of Southeast Asia. The leaves are used to cover roofs. The green fruits are used as vegetables. The terminal bud is very appreciated as palm cabbage. 	</li><li>ចាកជាតាលព្រឹក្សកំពស់ ២-៦ម ដុះក្នុងព្រៃស្មាច់ និងតាមច្រាំងទន្លេនៃអាស៊ីផ្នែកអាគ្នេយ៍ ។ ផ្លែខ្ចីៗសម្រាប់ធ្វើបន្លែ ។ គេនិយមបរិភោគគមចាកណាស់ ។ 	</li><li><p-n>More Information	NK &nbsp;: &nbsp;cha:k tôch, pa:ëng (flotter) &nbsp;ចាកតូច, ប៉ើង	NOTE	ពេលមានពាក្យ (វល្លិ) (ស្មៅ) (ដើម) ក្នុងវង់ក្រចកខាងក្រោយនាម រុក្ខជាតិ ត្រូវអានពាក្យនោះខាងមុខនាមវិញ។</p-n></li></ul>
ចាន់កោះ	MYRISTICA (Myristicaceae)	Myristica iners Blume	<ul><li>Tree, 8-15 m tall, of the semi-dense formations along the rivers of Cambodia and Southern Vietnam. Valued timber.	</li><li>ជាព្រឹក្សកំពស់ ៨-១៥ម ដុះក្នុងព្រៃក្រាស់មធ្យមតាមមាត់ទឹកទន្លេ នៃប្រទេសកម្ពុជា និង វៀតណាមខាងត្បូង ។ ឈើមានតំលៃណាស់សំរាប់សង់ផ្ទះ ។	</li><li><p-n>More Information	Syn. &nbsp;: Myristica heritieraefolia Pierre ex Lecomte</p-n></li></ul>
ចាន់ត្រី	ADENANTHERA (Leguminosae-Mimosoideae)	Adenanthera pavonina L.var. pavonina 	<ul><li>Tree up to 8-15 m tall; bark yellowish inside; found in sunny areas up to 900m altitude; it grows wild in India, Sri Lanka and Burma. It may be cultivated in Cambodia. The timber is used for temporary construction. The barks yield an yellow oil used for staining.	</li><li>ជាដើមព្រឹក្សមួយមានកំពស់ ៨ ទៅ ១៥ ម មានសំបកក្នុងពណ៌លឿង ច្រើនដុះក្នុងព្រៃវាល និងលើភ្នំដែលខ្ពស់មិន លើសពី៩០០ម នៃឧបទ្វីបជ្វា គេនាំចូលសំរាប់ដាំក្នុងប្រទេសក្ដៅសកលលោក។ ឈើមិនសូវជាប់ល្អទេ តែអាចប្រើបណ្តោះ​អាសន្នបាន។ សំបក់ចាន់ត្រី មានជាតិថ្នាំពណ៌លឿង ប្រើជាថ្នាំជ្រលក់សំពត់អាវបាន។	</li><li><p-n>More Information	NK : chan’ tréi ចាន់ត្រី	NOTE	ពេលមានពាក្យ (វល្លិ) (ស្មៅ) (ដើម) ក្នុងវង់ក្រចកខាងក្រោយនាម រុក្ខជាតិ ត្រូវអានពាក្យនោះខាងមុខនាមវិញ។</p-n></li></ul>
ចាន់ទំពាំង	PTEROCYMBIUM (Sterculiaceae)	Pterocymbium tinctorium (Blanco) Merr., var. javanicum (R.Br.) Kosterm.	<ul><li>Tree, 6-15 m tall, of the dense and secondary formations of tropical Asia. White, very soft wood, used to make matches. The bark would be colouring.	</li><li>ឈ្មោះព្រឹក្សមួយពួក កំពស់ ៦-១៥ម ដុះក្នុងព្រៃក្រាស់ ឬ ល្បោះនៃទ្វីបអាស៊ីក្ដៅ ។ ឈើពណ៌ស ឆាប់បាក់ ទន់              សំរាប់ធ្វើឈើគូស ។ សំបកជាថ្នាំជ្រលក់ ។	</li><li><p-n>More Information	NK &nbsp;: chan tumpèang &nbsp;ចាន់ទំពាំង	NOTE	ពេលមានពាក្យ (វល្លិ) (ស្មៅ) (ដើម) ក្នុងវង់ក្រចកខាងក្រោយនាម រុក្ខជាតិ ត្រូវអានពាក្យនោះខាងមុខនាមវិញ។</p-n></li></ul>
ចាន់ទំពាំង (ធំ)	STERCULIA (Sterculiaceae)	Sterculia alata Roxb.	<ul><li>Tree, 15-30 m tall, of the dense and secondary formations of Southeast Asia. Wood, graded 3rd category. used for toys and packagings. The edible seeds, are eaten especially by some ethnic groups of the highlands (Moï) in spite of the itch and the slumber they cause.	</li><li>ព្រឹក្សមួយប្រភេទ កំពស់១៥-៣០ម ដុះក្នុងព្រៃធំឬព្រៃស្រោង នៃអាស៊ីផ្នែកអាគ្នេយ៍។ ឈើជាឈើរលេខ៣ សម្រាប់ ធ្វើប្រដាប់ក្មេងលេង និងធ្វើជាប្រអប់ផ្សេងៗ ។ គ្រាប់អាចបរិភោគបានតែអាចធ្វើអោយស្កៀបកឬ អោយងងុយដេក ច្រើនតែ ពួកក្មងទ ដលបរិភោគវា ។	</li><li><p-n>More Information	NK &nbsp;: chan’ tô’mpèang’ (thôm’) &nbsp;ចាន់ទំពាំង(ធំ)	NOTE	ពេលមានពាក្យ (វល្លិ) (ស្មៅ) (ដើម) ក្នុងវង់ក្រចកខាងក្រោយនាម រុក្ខជាតិ ត្រូវអានពាក្យនោះខាងមុខនាមវិញ។</p-n></li></ul>
ចាន់	@ ប៉ែន	DIOSPYROS (Ebenaceae) 	Diospyros decandra Lour.	<ul><li>Tree or shrub, 5-10 m tall, of the dense forests of the Indochinese Peninsula, cultivated around the houses for its fragrant yellow of gold fruits, edible. Flattened fruits (paèn) when the tree is young, and rounded off (chan’) when the plant is older. Very hard wood, used in cabinetwork and for the manufacture of toys. Leaves, roots and fruits used in traditional medicine. Crushed, the leaves are used as poultice applied on ulcers. The roots are a component of a remedy against the plague and venereal diseases. The fruits would be vermifuge.	</li><li>ឈ្មោះព្រឹក្ស ឬចុល្លព្រឹក្សម្យ៉ាង កំពស់ ៥-១០ម ដុះក្នុងព្រៃធំ នៃឧបទ្វីបឥណ្ឌូចិន គេដាំជិតផ្ទះ សម្រាប់យក ផ្លែពណ៌មាស មានក្លិនក្រអូប បរិភោគឆ្ងាញ់ពិសា ។ ពេលដើមនៅតូច ផ្លែចេញមករាងសំប៉ែត (ប៉ែន) ដល់ដើមចាស់បន្តិច ផ្លែ           មូលៗ ( ចាន់ )។ ឈើរឹងសម្រាប់ធ្វើតុ ទូ ឬគ្រឿងលំអ ។ គ្រូថ្នាំខ្មែរ ប្រើស្លឹក ឬស និងផ្លែផ្សំធ្វើថ្នាំ ។ ស្លឹកបុកអោយម៉ត់ ជាថ្នាំបំពោកលើដំបៅរលួយ ឬសលាយជាមួយដើមផ្សេងទៀតផ្សំជាឱសថព្យាបាលជម្ងឺ រោគប៉ែស្ដ និង រោគស្តី្រ ផ្លែជាថ្នាំព្រូន។	</li><li><p-n>More Information	NF &nbsp;: pomme d’or</p-n></li></ul>
ចាន់សមុទ្រ	AGLAIA (Meliaceae) 	Aglaia pyramida Hance	<ul><li>Tree, 15-25 m tall, found in dense forest of Cambodia, especially in Kampot Province and in South Vietnam. The fruit is edible, appreciate enough. The stem yield by incision a dark resin which gives a pleasant smell when burnt. Light and good wood, reddish, solid, used as furniture and in construction.	</li><li>ឈ្មោះដើមឈើមួយកំពស់ ១៥ ទៅ ២៥ ម ដុះក្នុងព្រៃក្រាស់នៃប្រទេសកម្ពុជា ច្រើនដុះក្នុងខេត្តកំពត និងក្នុងប្រទេសវៀតណាមខាងត្បូង ។ ផ្លែទុំ គេចូលចិត្តបរិភោគដែរ ។ ជ័រដែលបាន មកដោយកាត់គល់បន្តិចនឹងកាំបិត ជាជ័រដែលបង្ហុយក្លិនក្រអូប ពេលយើងដុតវា ។ ឈើចាន់សមុទ្រមានខ្លឹមល្អ ពណ៌ក្រហមជាប់យូរ អាចប្រើការសំរាប់ធ្វើតុ ទូ និងសង់ផ្ទះ ។	</li><li><p-n>More Information	NK &nbsp;: chan’ sâmot(r) (« chan » de mer) &nbsp;ចាន់សមុទ្រ	NOTE	ពេលមានពាក្យ (វល្លិ) (ស្មៅ) (ដើម) ក្នុងវង់ក្រចកខាងក្រោយនាម រុក្ខជាតិ ត្រូវអានពាក្យនោះខាងមុខនាមវិញ។</p-n></li></ul>
ចាន់ ស	@ម្រះព្រៅភ្នំ, @ស្ដៅភ្នំ 	DYSOXYLUM (Meliaceae)	Dysoxylum loureiri Pierre	<ul><li>Tree, 20-35 m tall, of wet dense forests of low altitude, abounding especially near the coast. Species endemic of Cambodia and Southern Vietnam. Wood, light yellow, very nice-smelling, incorruptible but splitting under the influence of high temperatures. It is of use to the preparation of luxury furniture and coffins. It is also burned in the Buddhist temples. The essential oil is used traditional medicine as diuretic and cardiotonic.	</li><li>ឈ្មោះព្រឹក្សមួយប្រភេទ កំពស់ ២០-៣៥ម ដុះក្នុងព្រៃក្រាស់ត្រជាក់ច្រើនមានលើដីទំនាប និងជិតមាត់សមុទ្រ នៃប្រទេសកម្ពុជា និងវៀតណាមខាងត្បូង ។ ឈើពណ៌លឿងភាវក្លិនក្រអូបណាស់ មិនចេះរលួយតែអាចបែកក្រហែង ពេលក្តៅខ្លាំងពេក ។ គេប្រើឈើនេះសម្រាប់ធ្វើតុ ទូ ដែលមានតម្លៃ និងធ្វើមឈូសប្រណិត ។ ពេលខ្លះគេយកឈើចិតស្តើងៗ ដុត ថ្វាយព្រះ ។ ប្រេងក្រអូបសម្រាប់ធ្វើថ្នាំព្យាបាលជម្  ងឺស្ទះនោម និងបេះដូងខ្សោយ ។	</li><li><p-n>More Information	NA &nbsp;: santalwood</p-n></li></ul>
ចាព្លូ	PIPER (Piperaceae)	Piper lolot C. DC.	<ul><li>50-80 cm tall herb cultivated as condiment in Cambodia, Laos and Vietnam. The leaves of lolot, as those of the betel, are sold in the Asian grocer’s shops of Europe and even America. They bear such a resemblance that they are easily mistaken one for the other. In traditional medicine, the root of lolot is well known as antidysenteric. It is one of the components of a remedy against cough.	</li><li>ឈ្មោះតិណជាតិមួយប្រភេទកំពស់ ៥០-៨០ស.ម ដាំក្នុងប្រទេសខ្មែរ លាវ និងវៀតណាម ជាគ្រឿងទេស ។ ស្លឹកសណ្ឋានស្រដៀងនឹងម្លូ ហេតុនេះ ពួកបរទេស ឬខ្មែរកើតក្រៅស្រុកតែងច្រឡំម្លូ និងចាព្លូ ។ ស្លឹកម្លូ និងស្លឹកចាព្លូ មានលក់ក្នុងហាងចិន ទ្វីបអឺរ៉ុប ឬទ្វីបអាមេរិកផង តាមក្បួនឱសថបុរាណ ឬសចាព្លូ ជាថ្នាំរម្ងាប់រោគមួល ។ គេប្រើឬសផ្សំធ្វើថ្នាំក្អក ។ 	</li><li><p-n>More Information	NF &nbsp;: lolot</p-n></li></ul>
ចារ	BUTEA (Leguminosae-Papilionoideae)	Butea monosperma (Lam.) Taub.	<ul><li>A tree, 8 to 10 m tall, of secondary formations, plentyful around dwellings. A species of tropical Asia. Red-orange flowers coming before the leaves are very ornemental. In Cambodia, leaves are commonly used to hold mangoe jam drying under sun. Young roots are edible. The wood is valued for construction. Bark staples make shoes and ropes. The red juice that comes out from the incised trunk becomes hard when exposed to air. It treats diarroeas and gives bandages. &quot;Char&quot; seeds are considered purgative.	</li><li>ដើមចារជាព្រឹក្សកំពស់ ៨ ទៅ ១០ម ដុះក្នុងព្រៃស្រោង ឬទីវាលជិតផ្ទះនៅ ។ ពូជនេះមានក្នុងទ្វីបអាស៊ីក្ដៅ ។ ផ្កាពណ៌ក្រហមភាវ ចេញមុនស្លឹក ។ ក្នុងប្រទេសខ្មែរយើងគេនិយមចាក់ផែនស្វាយលើស្លឹកចារទុកហាលថ្ងៃអោយស្ងួត ។ ឬសខ្ចីៗ អាចស្ងោរបរិភោគបាន ។ ឈើចារសម្រាប់សង់ផ្ទះ ។ សរសៃសំបកចារ ច្រើនគេវេញធ្វើខ្សែពួរ និងធ្វើស្បែកជើងសង្រែក ។ ពេលគេកាត់ដើម គេសង្កេតឃើញមានជ័រពណ៌ក្រហមហូរចេញមកក្រៅ ។ ហើយកកភ្លាមៗ ជ័រនេះ គ្រូថ្នាំប្រើសម្រាប់ព្យាបាលដំបៅ ឬជំងឺរាគ ។ គ្រាប់ប្រើជាថ្នាំបញ្ចុះ ។	</li><li><p-n>More Information	Syn. : Butea frondosa Roxb. ex Willd.</p-n></li></ul>
ចាហួយ	@ផ្កាក្រចក	CURCUMA (Zingiberaceae)	Curcuma alismatifolia Gagnep.	<ul><li>Herb, 20-50 cm tall, of the undergrowth of clear Dipterocarpus forest, with purple flowers, white stripped, hidden by the rose or reddish bracts, met in Thailand, Cambodia and Laos. The flowers are sold on the market in rainy season.	</li><li>ឈ្មោះប្រទាលមួយប្រភេទ កំពស់ ២០-៥០ស.ម ដុះក្រោមដើមឈើ ព្រៃស្រោងដែលមានត្បែង ខ្លុង ផ្កាពណ៌ស្វាយ លាយស បាំងដោយស្លឹកទ្រនាប់ រាងដូចក្រចក ពណ៌ផ្កាឈូក ឬក្រហមភាវ ។ មានដុះក្នុងស្រុកខ្មែរ ថៃ និង លាវ ។ រដូវ ភ្លៀង គេប្រទះឃើញផ្កានេះមានលក់ក្នុងផ្សារ ។	</li><li><p-n>More Information	NK : chahuëy-phka krâchâ:k (le dernier nom signifie, fleurs-ongles, allusion à la forme des bractées florales) &nbsp;ចាហ៊ួយ, ផ្កាក្រចក	NOTE	ពេលមានពាក្យ (វល្លិ) (ស្មៅ) (ដើម) ក្នុងវង់ក្រចកខាងក្រោយនាម រុក្ខជាតិ ត្រូវអានពាក្យនោះខាងមុខនាមវិញ។</p-n></li></ul>
ចុងអង្ករ	RAPHISTEMMA (Asclepiadaceae) 	Raphistemma hooperianum Decken	<ul><li> Herbaceous liana climbing on the trees of the secondary undergrowth near houses of the Indochinese and Malay Peninsula. The young leaves, flowers and fruits are edible in the cooked state, much in demand in times of scarcity (1975-1979). 	</li><li>ឈ្មោះវល្លិឆ្មារមួយប្រភេទ វារឡើងឈើធំ ឬកូនឈើក្នុងព្រៃគម្ពោតក្បែរភូមិ ឬជិតផ្ទះអ្នកស្រុក នៃឧបទ្វីបឥណ្ឌូចិន និងជា្វ ស្លឹកផ្កា និងផ្លែខ្ចីៗ ប្រើធ្វើសម្លបរិភោគបាន ។ ដើមនេះគេប្រើសំរាប់លាយបបរ ពេលទុរ្ភិក្សឆ្នាំ ១៩៧៥-១៩៧៩ ។	</li><li><p-n>More Information	NK &nbsp;: chông ângkâ (brisure de riz, allusion aux petites fleurs) &nbsp;ចុងអង្ករ	NOTE	ពេលមានពាក្យ (វល្លិ) (ស្មៅ) (ដើម) ក្នុងវង់ក្រចកខាងក្រោយនាម រុក្ខជាតិ ត្រូវអានពាក្យនោះខាងមុខនាមវិញ។</p-n></li></ul>
ចូលហុក	@កន្ទុយក្ងោក	URARIA (Leguminosac-Papilionoideae)	Uraria crinita (L.) Desv. ex DC.	<ul><li>Sub-shrub, 0.50-2 m tall, of the open formations, shrubby savannas, in the edges of the dense forests or in the bamboo forests of tropical Asia. Sometimes cultivated as decorative and medicinal species. The decoction of roots would be effective against fever of the children, intestinal worms and tightness of the chest.	</li><li>គុម្ពព្រឹក្សយ៉ាងតូចម្យ៉ាងកំពស់០,៥០-២ម ដុះក្នុងព្រៃស្រោងឬមាត់ព្រៃធំ ឬក្នុងព្រៃឬស្សីនៃទ្វីបអាស៊ីផ្នែកក្ដៅ ។ គេនិយមដាំដើមនេះជាលំអ និង ជារុក្ខជាតិឱសថ ។ គ្រូបុរាណស្ងោរឬស ធ្វើថ្នាំព្យាបាលជំងឺគ្រុនកូនក្មេង ជំងឺកើតព្រូន និងជំងឺដកដង្ហើមមិនស្រួល ។	</li><li><p-n>More Information	NK &nbsp;: chô:l hok, kântuy ka ngaôk (queue de paon) &nbsp;ចូលហុក, កន្ទុយក្ងោក	NOTE	ពេលមានពាក្យ (វល្លិ) (ស្មៅ) (ដើម) ក្នុងវង់ក្រចកខាងក្រោយនាម រុក្ខជាតិ ត្រូវអានពាក្យនោះខាងមុខនាមវិញ។</p-n></li></ul>
ចេក	MUSA (Musaceae) 	Musa L.	<ul><li>All the cultivated banana trees are hybrids, repeated natural crossings the parents of which became not recognizable. The first wild banana trees, with fruits full of seeds, are numerous. The main of these are Musa acuminata Colla, born somewhere in Southeast Asia, Musa balbisiana Colla, born in the oriental part of India. the Musa halabanensis Meijer, born in the western part of Sumatra, and Musa salaccensis Zoll. native either of Sumatra or Java.In Cambodia, there is a very large number of cultivated species: &quot;chék nam’va&quot;, &quot;chék pô:ng moën&quot; (hen’s egg banana tree), &quot;chék âmbô:ng&quot;, &quot;chék nuon&quot;, &quot;chék snab muk&quot;. &quot;chék chhvië&quot; (Malay banana tree). This last one has fruits still provided with seeds but edible, while those of the wild banana trees are not.The leaves of banana trees are used as packaging: to wrap goods, various cakes, rice etc. The trunk, is edible as well as the tree stumps. At normal time, they are used to feed pigs. The young inflorescences &quot;trâyô:ng chék&quot;, freed of their large coloured bracts, are much valued as vegetables.	</li><li>ចេកដែលជាដំណាំជាពូជបង្កាត់ច្រើនតំណណាស់ ហើយយើងពុំអាចអោយឈ្មោះវិជ្ជាសាស្រ្តបានឡើយ ។ ពូជដើមដុះក្នុងព្រៃ មានផ្លែក្នុងគ្រាប់ជាច្រើន បរិភោគមិនបានទេ មានដុះនៅអាស៊ីផ្នែកអាគ្នេយ៍ ក្នុងប្រទេសឥណ្ឌាខាងកើត លើកោះស៊ូម៉ាត្រា, លើកោះយ៉ាវ៉ា ។ នៅប្រទេសខ្មែរ មានចេកពូជបង្កាត់ច្រើនមុខណាស់ ចេកណាំវ៉ា, ចេកពងមាន់, ចេកស្នាប់មុខ, ចេកជ្វា ។ល។ ចេកជ្វា មានគ្រាប់តែបរិភោគបាន គ្រាប់ពូជដើមមានភាពរឹងណាស់ ។ ស្លឹកចេក គេប្រើសំរាប់ខ្ចប់ឥវ៉ាន់ ខ្ចប់ បាយ ខ្ចប់នំផ្សេងៗ ។ល។ ទងស្លឹក អាចធ្វើខ្សែចងរបស់បាន ។ ដើមចេក និង គល់គេច្រើនប្រើជាចំណីជ្រូក តែមនុស្សក៏បរិភោគបានដែរ ។ ផ្កា (ត្រយូងចេក) ប្រើធ្វើបន្លែ ឬ អន្លក់ ។ល។ 	</li><li><p-n>More Information	NA &nbsp;: banana</p-n></li></ul>
ចេកទុំ ផ្កា ស	@កន្ទុយល្វេ, @ថ្លាញ-ឆ្វាង	CINNAMOMUM (Lauraceae)	Cinnamomum iners Reinw. ex Blume	<ul><li>Shrub, 1-5 m tall. of the dense coastal forests of Southeast Asia. Nice-smelling white flowers. Very popular barks for the manufacture of incense sticks and in traditional medicine. They would calm the stomach pains when chewed. In infusions, they would constitute a laxative.	</li><li>ឈ្មោះឈើតូចមួយប្រភេទ ជាចុល្លព្រឹក្ស កំពស់ ១-៥ម ដុះក្នុងព្រៃក្រាស់ជិតមាត់សមុទ្រ នៃអាស៊ីផ្នែកអាគ្នេយ៍ ។ មានផ្កាពណ៌ស ក្លិនក្រអូបណាស់ ។ សំបកក៏មានក្លិនក្រអូបដែរ គេច្រើនប្រើធ្វើធូប និងធ្វើថ្នាំរម្ងាប់រោគ ។ គេទំពារសំបកដើម្បី ឱ្យបាត់ចុកពោះ ។ ទឹកស្ងោរសំបកអាចផឹកជាថ្នាំបញ្ចុះ ។ 	</li><li><p-n>More Information	NK : chék tum phka sâ:, kântuy lvé, thla:nh-chhva:ng &nbsp;ចេកទុំផ្កា-ស, កន្ទុយល្វេ, ថ្លាញ-ឆ្វាង	NOTE	ពេលមានពាក្យ (វល្លិ) (ស្មៅ) (ដើម) ក្នុងវង់ក្រចកខាងក្រោយនាម រុក្ខជាតិ ត្រូវអានពាក្យនោះខាងមុខនាមវិញ។</p-n></li></ul>
ចេកផ្លិត	@ចេកកាល 	RAVENALA (Strelitziaceae)	Ravenala madagascariensis Sonn.	<ul><li>Giant herb, 2-3 m tall, originating from Madagascar, cultivated in the warm countries. The leaves, similar to those of the banana tree, are fan-shaped. Its English and French name comes from the water contained at the petioles bottom, that may be drunk by travelers. In Cambodia, it is planted in Phnom Penh, along avenues and in the gardens, for its ornamental value.	</li><li>ឈ្មោះតិណជាតិយ៉ាងធំពួកមួយ កំពស់ ២-៣ម គេនាំពីប្រទេស Madagasear (ទ្វីបអាហ្វ្រិក) មកដាំក្នុងស្រុកក្ដៅ ជារុក្ខជាតិលំអ ។ ស្លឹកដូចស្លឹកចេកធម្មតា តែសណ្ឋានទូទៅស្រដៀងផ្លិត ។ នៅគល់ទងស្លឹក មានទឹកអាចអ្នកដំណើរ ផឹកបានមួយចំអែត ។ នៅស្រុកខ្មែរ គេដាំចេកផ្លិតមួយៗក្នុងសួនសាធារណៈ ឬតាមវិថីនានា នៃទីក្រុងភ្នំពេញ ។	</li><li><p-n>More Information	NA &nbsp;: traveller’ plant</p-n></li></ul>
ចេកមាស 	HELICONIA (Heliconiaceae)	Heliconia bihai L.f.	<ul><li>Herb having the shape of a small banana tree, originating from tropical America and cultivated in the gardens as decorative for its very ornamental inflorescences. In the temperate countries, the cultivation is done in the greenhouses and the inflorescences are sold to the florists everywhere.	</li><li>ដើមចេកមាស មានកំណើតនៅអាមេរិកក្តៅ គេនាំមកដាំជាលំអ គ្រប់ប្រទេសសកលលោក ។ ផ្កាពណ៌ក្រហម ឬលឿងដូចមាស ។ នៅស្រុកត្រជាក់ គេដាំចេកមាសក្នុងបន្ទប់កញ្ចក់ ហើយដាក់លក់ពាសពេញផ្ទះលក់ផ្កាគ្រប់រដូវ ។	</li><li><p-n>More Information	NF &nbsp;: balisier</p-n></li></ul>
ចេកសំពោច	UVARIA (Annonaceae) 	Uvaria purpurea Blume	<ul><li>Large liana with red hairy twigs, hairless afterwards, 5-10 m long, of the dense and secondary formations of tropical Asia. The fruits, with light yellow flesh, are edible. They are much in demand by the chives, which gave their khmer name.	</li><li>វល្លិធំមួយពួកមែកធាងពណ៌ទង់ដែងប្រវែង៥-១០ម ដុះក្នុងព្រៃធំ និងព្រៃល្បោះនៃអាស៊ីផ្នែកក្ដៅ ។ ផ្លែមានសាច់ពណ៌លឿងខ្ចីអាចបរិភោគបាន ។ សត្វសំពោច ចូលចិត្តស៊ីផ្លែនេះណាស់ ។	</li><li><p-n>More Information	NK &nbsp;: ché:k sâmpôch (banane des civettes) &nbsp;ចេកសំពោច	NOTE	ពេលមានពាក្យ (វល្លិ) (ស្មៅ) (ដើម) ក្នុងវង់ក្រចកខាងក្រោយនាម រុក្ខជាតិ ត្រូវអានពាក្យនោះខាងមុខនាមវិញ។</p-n></li></ul>
ចែង	MAERUA (Capparidaceae) 	Maerua mucronata F.N. Williams	<ul><li>Slender shrub, 2-4 m tall, of the open places of Cambodia and Thailand. The leaves are of use to the preparation of plasters.	</li><li>ចែងជាចុល្លព្រឹក្សតូច កំពស់ ២-៤ម ដុះលើដីវាលនៃប្រទេសកម្ពុជា និងថៃ ។ គេប្រើស្លឹកចែងសំរាប់ធ្វើកៅយក់ ។	</li><li><p-n>More Information	NK &nbsp;: &nbsp;chaèng &nbsp;ចែង	NOTE	ពេលមានពាក្យ (វល្លិ) (ស្មៅ) (ដើម) ក្នុងវង់ក្រចកខាងក្រោយនាម រុក្ខជាតិ ត្រូវអានពាក្យនោះខាងមុខនាមវិញ។</p-n></li></ul>
ច្រត់ឥសី	@កំប៉ុញ, @លំពាន់	AGLAONEMA (Araceae)	Aglaonema tenuipes Engl.	<ul><li>Herb, 30-60 cm tall, found in undergrowth of primary forest in Indochina. Often cultivated as ornamental. The decoction from the stem would be laxative.	</li><li>ឈ្មោះស្មៅតូចម្យ៉ាងក្នុងសន្តានដើមក្តាត ដុះក្រោមដើមឈើក្នុងព្រៃក្រាស់ ឬព្រៃស្រាងត្រជាក់នៃប្រទេសឥណ្ឌូចិន។ គេនិយមដាំដើមនេះជិតផ្ទះ ឬក្នុងសួនជាលំអ។ មែកធាង គេយកស្ងោរផឹក ដើម្បីបន្ទន់លាមក ។	</li><li><p-n>More Information	Syn. &nbsp;: -Aglaonema siamense Engl.</p-n></li></ul>
ច្រនៀង	DOLICHANDRONE (Bignoniaceae) 	Dolichandrone columnaris Santisuk	<ul><li>Tree, 10-25 m tall, of clear forests of the low peninsular Thailand, of Cambodia, and Southern Vietnam. Excellent firewood. The flowers are sometimes used to make necklaces.	</li><li>ច្រនៀងជាព្រឹក្សមានកំពស់ ពី ១០ ទៅ ២៥ ម ដុះក្នុងព្រៃល្បោះលើដីទំនាប នៅប្រទេសថៃខាងត្បូង ខ្មែរ និងវៀតណាមខាងត្បូង ។ មែកធាងស្ងួត គេរើសធ្វើអុសដុត ។ ផ្កាគេនិយមចងជាកម្រងលំអ ។	</li><li><p-n>More Information	NK &nbsp;: chrâniëng &nbsp;ច្រនៀង	NOTE	ពេលមានពាក្យ (វល្លិ) (ស្មៅ) (ដើម) ក្នុងវង់ក្រចកខាងក្រោយនាម រុក្ខជាតិ ត្រូវអានពាក្យនោះខាងមុខនាមវិញ។</p-n></li></ul>
ច្រនៀងទឹក	DOLICHANDRONE (Bignoniaceae) 	Dolichandrone spathacea (L.f.) K. Schum. 	<ul><li>Tree or shrub, 4-20 m tall, of back - mangrove formations and of estuaries’ edges, met in the tropical regions of Asia and Oceania. Often cultivated near the houses as decorative. Twigs used as firewood.	</li><li>ច្រនៀងទឹកមានកំពស់ ៤ ទៅ ២០ ម ដុះក្នុងព្រៃស្មាច់ និងមាត់ដៃសមុទ្រ នៅអាស៊ី និងអូសេអានីផ្នែកក្ដៅ ។ គេនិយម ដាំច្រនៀងទឹកជិតគេហដ្ឋានជាលំអ ។ មែកតូចស្ងួត គេរើសធ្វើអុសដុត ។ 	</li><li><p-n>More Information	Syn. &nbsp;: D. rheedii (Spreng.) Seem.</p-n></li></ul>
ច្រម៉ាស់	VATICA (Dipterocarpaceae) 	Vatica odorata (Griff.) Symington	<ul><li>Tree, 20-25 m tall, of the wet dense forests of plain and ridges up to 500 m in Cambodia, Vietnam and Hainan. The wood is used to make house pillars. 	</li><li>ព្រឹក្សម្យ៉ាងមានកំពស់២០-២៥ម ដុះក្នុងព្រៃធំត្រជាក់លើដីទំនាប និងលើកំពូលភ្នំទាបៗ ដែលខ្ពស់មិនហួស ៥០០ម នៃប្រទេសកម្ពុជា, វៀតណាម និង ចិន (ហៃណាំ) ។ ឈើគេច្រើនប្រើសំរាប់ធ្វើជាសសរផ្ទះ ។ 	</li><li><p-n>More Information	NK &nbsp;: chrâmahs​​’​ &nbsp;ច្រម៉ាស់	NOTE	ពេលមានពាក្យ (វល្លិ) (ស្មៅ) (ដើម) ក្នុងវង់ក្រចកខាងក្រោយនាម រុក្ខជាតិ ត្រូវអានពាក្យនោះខាងមុខនាមវិញ។</p-n></li></ul>
ច្រម៉ាសក្ដួច	@ត្រប់ទុំ, @ស្តុករាជ 	XANTHOPHYLLUM (Xanthophyllaceae)	Xanthophyllum excelsum Blume	<ul><li>Tree, 20-30 m tall, of the dense forests of plain and moderate altitude in Cambodia, Laos and Vietnam. Wood used in construction.	</li><li>ច្រម៉ាសក្ដួចជាព្រឹក្សធំម្យ៉ាង ដុះក្នុងព្រៃក្រាស់លើដីទំនាប ឬ លើភ្នំតូចល្មម នៃប្រទេសខ្មែរ ឡាវ និងវៀតណាម ។ គេប្រើឈើសម្រាប់សង់ផ្ទះ ។	</li><li><p-n>More Information	NK &nbsp;: chrâmah kduoch, trâp tum’, sdok riêch &nbsp;ច្រម៉ាសក្ដួច, ត្រប់ទុំ, ស្ដុករាជ	NOTE	ពេលមានពាក្យ (វល្លិ) (ស្មៅ) (ដើម) ក្នុងវង់ក្រចកខាងក្រោយនាម រុក្ខជាតិ ត្រូវអានពាក្យនោះខាងមុខនាមវិញ។</p-n></li></ul>
ច្រម៉ាស់ទឹក	@ច្រម៉ាស់ម្សៅ	VATICA (Dipterocarpaceae) 	Vatica harmandiana Pierre 	<ul><li>Tree, 15-20 m tall, of the wet dense forests of plain and low altitude, below 600 m, in the Indochinese and Malay Peninsula. The wood is used to make posts for inscriptions inside monuments, and in construction.	</li><li>ព្រឹក្សមួយប្រភេទកំពស់១៥-២០ម ដុះក្នុងព្រៃធំត្រជាក់លើដីទំនាបនឹងលើភ្នំដែលទាបជាង៧០០ម នៃឧបទ្វីបឥណ្ឌូចិន និង ជ្វា ។ ឈើសំរាប់ធ្វើជា បង្គោលឆ្លាក់អក្សរក្នុងបូជនីយដ្ឋាន និងសំរាប់សង់ផ្ទះ ។	</li><li><p-n>More Information	Syn. &nbsp;: Vatica cinerea King</p-n></li></ul>
ច្រាច់	MONOCHORIA (Pontederiaceae)	Monochoria vaginalis (Burm. f.) Kunth	<ul><li>Aquatic herb, 5-35 cm tall, probably from India, introduced in China, Japan, Fiji Islands and Northern Australia. At present, the plant is naturalized in America and even in Europe (Italy). It is often cultivated as decorative. In Cambodia, this species, as the previous one, gives food. The leaves can be eaten raw as vegetables. The juice from leaves is used in traditional medicine against cough.	</li><li>ឈ្មោះស្មៅទឹកមួយប្រភេទកំពស់ ៥-៣៥ស.ម. កំណើតប្រហែលនៅប្រទេសឥណ្ឌា គេនាំទៅដាំប្រទេសចិន ជប៉ុន, កោះ Fiji និង ទ្វីបអូស្ត្រាលីក្តៅ ។ ឥឡូវគេដាំគ្រប់ប្រទេស ទ្វីបអាមេរិកនឹងអឺរ៉ុបផង ពេលខ្លះដាំជាលំអ ។ នៅស្រុកខ្មែរច្រាច់ ដុះក្នុងថ្លុក ត្រពាំង វាលស្រែ ប្រើជាបន្លែឬជាអន្លក់ក៏បាន ។ គេច្របាច់ទឹកអំពីស្លឹក បុកធ្វើជាថ្នាំព្យាបាលជំងឺក្អក ។ 	</li><li><p-n>More Information	NA &nbsp;: oval-leaved pondweed</p-n></li></ul>
	ឧទាហរណ៏៖&nbsp;		<ul><li>	</li><li>					</li></ul>
ឆាំឆា-ខ្លឹមចន្ទន៍	TOONA (Meliaceae)	Toona sureni (Blume) Merr.	<ul><li>Tree, 20-40 m tall, of the dense coastal formations of Southeast Asia. The wood has a smell of sandalwood, that protects it from the attack of insects. It is much in demand for cabinetwork and construction. The infusion of the flowers would be antispasmodic. The decoctions of the barks and roots would be febrifuge and antidysenteric. 	</li><li>ព្រឹក្សម្យ៉ាងកំពស់ ២០-៤០ម ដុះក្នុងព្រៃធំមាត់សមុទ្រ នៃអាស៊ីផ្នែកអាគ្នេយ៍ ។ ឈើមានក្លិនក្រអូបដូចខ្លឹមចន្ទន៍ ធ្វើ អោយសត្វល្អិតរត់ឆ្ងាយ ។ ឈើមានតម្លៃណាស់ សម្រាប់ធ្វើជា តុ ទូ និងគ្រឿងផ្ទះ ។ គេស្ងោរសំបក និង ឬសផឹកជាថ្នាំ រម្ងាប់រោគគ្រុន និង រាគ ។	</li><li><p-n>More Information	Syn. &nbsp;: Toona febrifuga M. Roem.</p-n></li></ul>
ឆាំឆា	@ទឹកដោះស្បាត	NAGEIA (Podocarpaceae, Gymnospermes)	Nageia wallichiana (J. Presl) Kuntze	<ul><li>Tree, 30-35 m tall, sometimes less, of the wet dense coastal or altitude forests, up to 2100 m, widely spread in the Indochinese and Malay Peninsula, in the Philippines, Java, Sulawesi, the Moluccas and New Guinea. Grey, aromatic wood, much in demand for the constructions.	</li><li>ឈ្មោះព្រឹក្សម្យ៉ាង៣០-៣៥ម ពេលខ្លះទាបជាង៣០ម ដុះក្នុងព្រៃត្រជាក់ក្បែរមាត់សមុទ្រ ឬលើភ្នំដែលមានកម្ពស់ រហូតដល់២១០០ម, នៃប្រទេស ជាច្រើន គឺ ឧបទ្វីបឥណ្ឌូចិន, ជ្វា, ប្រទេសភីលីពីន, កោះ Java, Célèles, Moluques និង Nouvellle Guiuée ។ ឈើមានពណ៌ប្រផេះ ក្លិនក្រអូប មានតំលៃណាស់សំរាប់ប្រើសង់ជាគ្រឿងផ្ទះ។	</li><li><p-n>More Information	Syn. &nbsp;: Podocarpus wallichianus J. Presl</p-n></li></ul>
ឆៃថាវ	@ឆៃប៉ូវ	RAPHANUS (Cruciferae)	Raphanus sativus L., var. raphanistroides Makino	<ul><li>Herb of China and Japan, already known 450 years B.C., cultivated in Indochina for the roots which may reach 50-100 cms long. The Chinese of Cambodia use them to make crystallized vegetables, kept in salt during several months before being sold as &quot;chay pëw&quot;. 	</li><li>ឈ្មោះស្មៅជាដំណាំស្រុកចិន និងជប៉ុន គេដាំប្រមាណជា ៤៥០ឆ្នាំ មុនគ.ស គេនាំមកដាំនៅឥណ្ឌូចិន ដើម្បីប្រើមើម ធ្វើអាហារ មើមនេះអាចមានប្រវែង ៥០-១០០ស.ម ។ ពួកចិនៗ នៅប្រទេសខ្មែរ ប្រើមើមធ្វើឆៃប៉ូវលក់ ។ 	</li><li><p-n>More Information	NF &nbsp;: radis chinois, navet</p-n></li></ul>
ឆ្កែស្រែង	CANANGA (Annonaceae)	Cananga latifolia (Hook. f. &amp; Thomson) Finet &amp; Gagnep.	<ul><li>A 8 to 15 m tall tree of clear and semi-dense forests of Indochina and Malayan Peninsula. Fragrant flowers sometimes used to make necklaces. Short-lasting wood, used for temporary structures. Wood’s infusion are considered febrifuge. The bark is one of the components of a remedy against dizziness.	</li><li>ឆ្កែស្រែងជាដើមឈើ កំពស់៨-១៥ម ដុះក្នុងព្រៃល្បោះ ឬព្រៃក្រាស់មធ្យម នៃឥណ្ឌូចិន និងឧបទ្វីបជ្វា ។ ផ្កាមានក្លិន ក្រអូប ពេលខ្លះគេយកផ្ញើខ្សែ ក ពាក់លេង ។ ឈើមិនសូវជាប់ទេ គេអាចសង់រោងបណ្ដោះអាសន្នបាន ។ ឈើកាត់កង់សម្រាប់ស្ងោរផឹក ឱ្យបាត់គ្រុន ។ សំបកគេយកលាយនឹងថ្នាំឯទៀត ជក់កែរោគឬសដូងខ្យល់ ។	</li><li><p-n>More Information	NK : chkè sraèng ឆ្កែស្រែង	NOTE	ពេលមានពាក្យ (វល្លិ) (ស្មៅ) (ដើម) ក្នុងវង់ក្រចកខាងក្រោយនាម រុក្ខជាតិ ត្រូវអានពាក្យនោះខាងមុខនាមវិញ។</p-n></li></ul>
ឆ្ដោទន់	@លាជផ្ទុះ	LASIANTHUS (Rubiaceae)	Lasianthus hoensis Pierre ex Pit.	<ul><li>Shrub, 1-2 m tall, of the undergrowth of the dense forests of Cambodia, Laos and Vietnam. Species used in traditional Khmer medicine. The leaves and the roots are used as painkillers for the children. The infusions of roots would be effective against the pains and especially against the aches.	</li><li>ឈ្មោះចុល្លព្រឹក្សម្យ៉ាងកំពស់ ១-២ម ដុះក្រោមឈើធំៗក្នុងព្រៃធំនៃប្រទេសកម្ពុជា លាវ និងវៀតណាម ។ ដើមនេះ គេប្រើធ្វើឱសថ ។ ស្លឹក និងឬស ប្រើជាថ្នាំរំងាប់ជំងឺឈឺក្បាលកូនក្មេង ។ គេស្ងោរឬសផឹកដើម្បីព្យាបាលជំងឺឈឺចាប់ខ្លាំង ជាពិសេស ជំងឺចុកខ្លួនប្រាណ ។	</li><li><p-n>More Information	NK &nbsp;: &nbsp;chhdaô tuën, léach phtuhs (ce dernier nom signifie « riz grillé éclaté ») &nbsp;ឆ្ដោទន់, លាជផ្ទុះ	NOTE	ពេលមានពាក្យ (វល្លិ) (ស្មៅ) (ដើម) ក្នុងវង់ក្រចកខាងក្រោយនាម រុក្ខជាតិ ត្រូវអានពាក្យនោះខាងមុខនាមវិញ។</p-n></li></ul>
ឆ្នាលមន	@ខ្នាយមាន់ស្បាត, @វល្លិឆ្នាលមាន់ 	DALBERGIA (Leguminosae-Papilionoideae) 	Dalbergia entadoides Pierre ex Gagnep.	<ul><li>Ligneous strong liana, climbing, sometimes erected shrub of the swampy forests by rivers, or by sea on soils exposed to tides; species met in Thailand, Cambodia, Laos and Vietnam. The young leaves are consumed as vegetables. Wood used for temporary buildings. The roots are used in traditional medicine against fever.	</li><li>ឈ្មោះវល្លិធំមួយប្រភេទ វារឡើងដើមឈើ ពេលខ្លះជាចុល្លព្រឹក្សដុះត្រង់ទៅលើ ច្រើនដុះក្នុងព្រៃមាត់សមុទ្រលើដីមានភក់ល្បាប់ នៃប្រទេសថៃ លាវ ខ្មែរ និងវៀតណាម ។ ក្នុងប្រទេសលាវ ដើមនេះដុះតាមមាត់ទឹកសាប ។ ស្លឹកខ្ចី អាចប្រើធ្វើអន្លក់របោយ ។ គ្រូថ្នាំបុរាណយកឬសដាំផឹក រម្ងាប់រោគគ្រុន ។	</li><li><p-n>More Information	NK : chhma:1 mô:n &nbsp;ឆ្មាលមន</p-n></li></ul>
ឆ្នុកត្មាតបាត	@ជម្ពូព្រៃ	ARDISIA (Myrsinaceae)	Ardisia helferiana Kurz	<ul><li>Shrub, 1-3m, tall with grouped leaves at the top of stem, found in littoral dense forest in South East Asia. The fruit is edible. Stems and boughs used as fire-wood.	</li><li>ឈ្មោះចុល្លព្រឹក្សមួយប្រភេទកំពស់ពី ១ ទៅ ៣ ម មានស្លឹកដុះជាកញ្ចុំនៅខាងលើដើម ជារុក្ខជាតិដែលគេប្រទះក្នុងព្រៃក្រាស់មាត់សមុទ្រ ក្នុងប្រទេសជាច្រើននៃអាស៊ីផ្នែកអាគ្នេយ៍។ ផ្លែគេអាចបរិភោគបាន។ មែកធាងគេប្រើធ្វើអុសដុត។	</li><li><p-n>More Information	NK &nbsp;: chhnôk thma:t ba:t, chum’pu: préi (ce dernier nom signifie « pomme-rose sauvage ») &nbsp;&nbsp;&nbsp;ឆ្នុកត្មាតបាត,ជម្ពូព្រៃ	NOTE	ពេលមានពាក្យ (វល្លិ) (ស្មៅ) (ដើម) ក្នុងវង់ក្រចកខាងក្រោយនាម រុក្ខជាតិ ត្រូវអានពាក្យនោះខាងមុខនាមវិញ។</p-n></li></ul>
ឆ្លាយ	@ដួងចែមទឹក	HERITIERA (Sterculiaceae) 	Heritiera littoralis Aiton	<ul><li>Tree with evergreen leaves, 7-25 m tall, of the dense coastal forests of tropical Asia, Australia and Africa. Hard wood used to make fences, piles and skeletons. The bitter seeds are edible. They give an oil used to make frictions against rheumatisms. The juice of leaves would be laxative.	</li><li>ជាព្រឹក្ស ដែលមិនដែលជ្រុះស្លឹក កំពស់ ៧-២៥ម ដុះក្នុងព្រៃក្រាស់មាត់សមុទ្រ នៃទ្វីបអាស៊ី អូស្ត្រាលី និងអាហ្វ្រិកផ្នែកក្ដៅ ។ ឈើរឹងល្អសម្រាប់ធ្វើរបងចម្រឹង សសរចន្ទល់ និងគ្រឿងដំបូលផ្ទះ ។ គ្រាប់មានជាតិល្វីងចត់​ អាចបរិភោគបាន ។ ប្រេងចម្រាញ់ពីគ្រាប់ សម្រាប់រឹតកន្លែងឈឺរោគសន្លាក់ឆ្អឹង ។ ទឹកដមស្លឹកជាថ្នាំបញ្ចុះ ។	</li><li><p-n>More Information	NA &nbsp;: looking glass tree</p-n></li></ul>
ឆ្វែស	@ឈើរមាស់	SAPIUM (Euphorbiaceae) 	Sapium insigne Benth.	<ul><li>Tree, 8-15 m tall, of the open formations of Southeast Asia. The milky juice from leaves and barks is part of a poisonous coat for arrows. The meat game killed by these arrows remains edible as far as the part around the arrow is removed. The antidote would be the meat of crab applied to the wound. This tree would provoke itches if touched to closely.	</li><li>ឈ្មោះព្រឹក្សមួយប្រភេទកំពស់ ៨-១៥ម ដុះក្នុងព្រៃសោងនៃអាស៊ីផ្នែកអាគ្នេយ៍ ។ ជ័រស្លឹក និងសំបកគេផ្សំធ្វើទឹកថ្នាំខាប់សំរាប់លាបបំពុលព្រួញបាញ់សត្វ ។ សត្វដែលបាញ់ស្លាប់ អាចបរិភោគបាន តែត្រូវកាត់សាច់ដែលត្រូវព្រួញចោលសិន ឬមួយត្រូវបន្សាបពិសជ័រនេះ ដោយយកសាច់ក្តាមបិទលើស្នាមរបួស ។ ដើមឆ្វែស-ឈើរមាស់ អាចធ្វើឱ្យមានរមាស់ នៅខ្លួន ដល់ជនណាដែលស្ទាបវាយូរ ។	</li><li><p-n>More Information	NK &nbsp;: chhvèhs, chhë romoâhs (bois démangeaison) &nbsp;ឆ្វែស, ឈើរមាស់	NOTE	ពេលមានពាក្យ (វល្លិ) (ស្មៅ) (ដើម) ក្នុងវង់ក្រចកខាងក្រោយនាម រុក្ខជាតិ ត្រូវអានពាក្យនោះខាងមុខនាមវិញ។</p-n></li></ul>
ឆ្អឹងពស់	@ទេវតាប្រាំបីទិស	EUPHORBIA (Euphorbiaceae)	Euphorbia milii Des Moul.	<ul><li>Shrub with very thorny stalks. 0.50-1.50 m tall, originating from Madagascar, cultivated everywhere both by horticulturists and the private individuals as decorative for its bright red flowers carried by long peduncles.	</li><li>ឈ្មោះគុម្ពព្រឹក្សម្យ៉ាង មែកមានបន្លាស្រួចៗជាច្រើន កំពស់ ០,៥ ទៅ១.៥ម ដើមកំណើតនៅប្រទេស Madagascar គេនាំចូលមកដាំជាលំអ ឬ សម្រាប់លក់ដូរ គ្រប់ប្រទេសក្តៅសកលលោក ។ នៅស្រុកខ្មែរ គេច្រើនដាំក្នុងផើងជិតផ្ទះ ។ ផ្កាពណ៌ក្រហមឆ្អៅ ពេលខ្លះដុះជុំវិញមែក អ្នកខ្លះជឿថាដើមនេះ ធ្វើអោយអ្នកដាំចំរុងចំរើនពេលណាមានផ្កា ។	</li><li><p-n>More Information	NF &nbsp;: épine du Christ, euphorbe Splendida</p-n></li></ul>
ឆ្អឹងពស់ភ្នំ 	JASMINUM (Oleaceae)	Jasminum anastomasans Wall.	<ul><li>Shrub, 1-3 m tall, much climbing, of the dense forests of average altitude, between 400 and 1000 m, in the Indochinese Peninsula and India. The plant is used to make a liquid that one applies to snake bites.	</li><li>ឈ្មោះចុល្លព្រឹក្សមួយប្រភេទ កំពស់ ១-៣ម ស្ទើវារ ដុះក្នុងព្រៃក្រាស់លើភ្នំដែលមានកំពស់ពី ៤០០ ទៅ ១០០០ម នៃឧបទ្វីបឥណ្ឌូចិន និង ប្រទេសឥណ្ឌា ។ គ្រូថ្នាំបុរាណប្រើដើមនេះ សំរាប់ធ្វើជាថ្នាំទឹកព្យាបាលរបួសពស់ចឹក ។ 	</li><li><p-n>More Information	NK &nbsp;: &nbsp;chha’ ë:ng puëhs phnom (squelette de serpent de montagne) &nbsp;ឆ្អឹងពស់ភ្នំ	NOTE	ពេលមានពាក្យ (វល្លិ) (ស្មៅ) (ដើម) ក្នុងវង់ក្រចកខាងក្រោយនាម រុក្ខជាតិ ត្រូវអានពាក្យនោះខាងមុខនាមវិញ។</p-n></li></ul>
ឆ្អឹងពស់ស្វា	@វល្លិឃ្នក់ 	JASMINUM (Oleaceae)	Jasminum funale Decne.	<ul><li>Climbing shrub, 2-4 m tall, of the secondary formations of Indochina, Java and Timor. Stalk used in basketwork to make fish traps and different links. It gives also an antifeverish drink.	</li><li>ឆ្អឹងពស់ស្វា ជាចុល្លព្រឹក្សវារតោងដើមជិតខាង មានប្រវែង ២-៤ម ដុះក្នុងព្រៃល្បោះនៃឥណ្ឌូចិន លើកោះ Java និង Timor ។ ដើមវាគេប្រើសំរាប់ធ្វើលប និង ធ្វើចំណងផ្សេងៗ ។ គេអាចយកដើមកាត់តូចៗ ស្ងោរផឹកព្យាបាលជំងឺគ្រុន ។	</li><li><p-n>More Information	NK &nbsp;: chha’ ë:ng puëhs sva: (squelette de serpent de singe) ឆ្អឹងពស់ស្វា, វល្លិឃ្នក់	NOTE	ពេលមានពាក្យ (វល្លិ) (ស្មៅ) (ដើម) ក្នុងវង់ក្រចកខាងក្រោយនាម រុក្ខជាតិ ត្រូវអានពាក្យនោះខាងមុខនាមវិញ។</p-n></li></ul>
ជក់	@ដូងព្រៃ, @ត្នោតជ្រែ 	ARENGA (Palmae)	Arenga pinnata (Wurmb) Merr.	<ul><li>Palm, 7-10m tall, occurring in lowland forest up to 500m altitude in topical Asia. In Cambodia wild sugar-palm may be seen in elephant mountain or in cultivation. Fiber used to make cordage: in other countries. the palm sop is used for manufacture of sugar.	</li><li>ដើមនេះរាងដូចដើមដូង ដុះក្នុងព្រៃទួលក្រោមកំពស់ ៥០០ម នៃអាស៊ីផ្នែកក្ដៅ ។ នៅប្រទេសខ្មែរយើង គេអាចប្រទះដើមនេះ តាមផ្លូវឡើងភ្នំបូកគោ ។ យើងតែងយកសរសៃដើមជក់ធ្វើខ្សែពួរ ។ នៅស្រុកដទៃៗ ដើមជក់សំបូរណាស់ គេកាត់ដាំដើម្បីធ្វើស្ករ ដូចខ្មែរយើងយកត្នោតធ្វើស្ករដូច្នោះដែរ ។	</li><li><p-n>More Information	Syn. &nbsp;: Arenga saccharifera Labill.</p-n></li></ul>
ជង្គង់ប្រើស	@ជង្គង់រមាំង	BOERHAVIA (Nyctaginaceae)	Boerhavia chinensis (L.) Asch. &amp; Schweinf.	<ul><li>A more or less creeping herb growing on debris in tropical and subtropical regions. Leaves are used to feed pigs. In time of shortage, they are cooked and eaten by men. In some neighbouring areas, young stalks and leaves are commonly eaten as vegetables.	</li><li>រុក្ខជាតិនេះជាស្មៅតូច វារលើដី មែកខ្លះតូចៗបញ្ឈរឡើងលើរាងដូចជង្គង់ប្រើស ឬរមាំង ដុះនៅស្រុកក្ដៅ និងក្តៅ មធ្យមតាមដងផ្លូវ ។ ធម្មតា ដើមទាំងមូលគេយកទុកលាយបាយជ្រូក តែពេលមានទុរិ្ភក្ស មនុស្សក៏អាចបរិភោគដើមនេះបានដែរ ។ នៅស្រុកដ៏ទៃ ក្រៅពីស្រុកខ្មែរ គេតែងបរិភោគដើម ជង្គង់ប្រើស ជារៀងរាល់ថ្ងៃជាបន្លែឆ្អិន ។	</li><li><p-n>More Information	NK : chungkuëng prëhs (genou de cerf), chungkuëng rômèang (genou de daim), ជង្គងប្រើស, &nbsp;ជង្គងរមាំង	NOTE	ពេលមានពាក្យ (វល្លិ) (ស្មៅ) (ដើម) ក្នុងវង់ក្រចកខាងក្រោយនាម រុក្ខជាតិ ត្រូវអានពាក្យនោះខាងមុខនាមវិញ។</p-n></li></ul>
ជង្គង់ប្រើស (ថ្នាំ-ក)	TRIANTHEMA (Aizoaceae) 	Trianthema portulacastrum L.	<ul><li>Fat herb, 0.20-0.60 m tall, crawling along footpaths and in the dried out paddy fields of the tropical regions of Asia and Oceania. At normal time, this herb is used to feed pigs ; in times of scarcity, it can be eaten by the human beings. In traditional medicine, the plant, dried out and reduced to powder, is part of a remedy againt the throat troubles. 	</li><li>ឈ្មោះតិណជាតិម្យ៉ាងមានសាច់ច្រើន កំពស់០,២០-០,៦០ម, វារលើដីតាមមាត់ផ្លូវ និងក្នុងស្រែរដូវប្រាំង នៃទ្វីបអាស៊ី និងអូសេអានីក្ដៅ ។ ពេលធម្មតា គេប្រើស្មៅនេះសំរាប់លាយបាយជ្រូក, ក្នុងពេលទុរ្ភិក្ស មនុស្សក៏បរិភោគស្មៅនេះដែរ ។ តាមក្បួនឱសថបុរាណ គេហាលដើមអោយស្ងួតហើយបុកជាម្សៅ ផ្សំធ្វើថ្នាំរម្ងាប់រោគឈឺបំពងក ។ 	</li><li><p-n>More Information	NA &nbsp;: horse purslane</p-n></li></ul>
ជង្គង់អណ្ដើក	ANTIDESMA (Euphorbiaceae)	Antidesma cambodiana Gagnep.	<ul><li>Winding shrub, 1-2m tall, found in secondary forest in Indochina. Fruit edible. Stems and boughs make an excellent fire-wood.	</li><li>ចុល្លព្រឹក្សដុះវៀចវ៉ចមួយប្រភេទ មានកំពស់ ១ - ២ម គេប្រទះក្នុងព្រៃស្រោងនៃឥណ្ឌូចិន ។ ផ្លែគបរិភោគបាន ។ គេនិយមយកមែកធាងធ្វើឧសដុត ។	</li><li><p-n>More Information	NK &nbsp;: chungkuë:ng ândoëk’ («​ genou » de la tortue)​ &nbsp;ជង្គង់អណ្តើក	NOTE	ពេលមានពាក្យ (វល្លិ) (ស្មៅ) (ដើម) ក្នុងវង់ក្រចកខាងក្រោយនាម រុក្ខជាតិ ត្រូវអានពាក្យនោះខាងមុខនាមវិញ។</p-n></li></ul>
ជញ្ជាំង	GARUGA (Burseraceae)	Garuga pierrei Guill.	<ul><li>Shrub, 6-8 m tall, of the dense forests of Cambodia and Southern Vietnam. The wood is used for sculpture. The barks are said to be to febrifuge.	</li><li>ដើមជញ្ជាំងជាចុល្លព្រឹក្សមួយមានកំពស់ ៦-៨ម ដុះក្នុងព្រៃក្រាស់នៃប្រទេសកម្ពុជា និងវៀតណាមខាងត្បូង ។ ខ្លឹមឈើគេប្រើសម្រាប់ធ្វើរូបចម្លាក់ ។ គ្រូថ្នាំយកសំបកធ្វើថ្នាំគ្រុន ។ 	</li><li><p-n>More Information	NK &nbsp;: &nbsp;chunnchië:ng (mur) &nbsp;ជញ្ជាំង	NOTE	ពេលមានពាក្យ (វល្លិ) (ស្មៅ) (ដើម) ក្នុងវង់ក្រចកខាងក្រោយនាម រុក្ខជាតិ ត្រូវអានពាក្យនោះខាងមុខនាមវិញ។</p-n></li></ul>
ជណ្ដើស្វាតូច	BAUHINIA (Leguminosae-Caesalpinioideae)	Bauhinia curtisi Prain	<ul><li>Shrub, 2-6 m tall, more or less scandent or ligneous liana growing in the edges of dry forest up to 500m altitude. In the clearings, the species may become an erect shrub. It is found in the Peninsular Indochina. The stalks make solid strings and are also used in traditional pharmacopoeia against dysentery. 	</li><li>ចុល្លព្រឹក្សនេះមានកំពស់ ២-៦ម មានមែកបែកសាខា ឬមួយជាវល្លិវារឡើងលើរុក្ខជាតិជិតខាង ដុះមាត់ព្រៃ ឬក្នុងព្រៃជ្រុះស្លឹកលើដីរាប ឬទួល មានកំពស់ត្រឹម៥០០ម យ៉ាងច្រើន ។ ពេលដុះតាមចន្លោះ ព្រៃដើមនេះអាចក្លាយជាចុល្លព្រឹក្សវិញ។ គេប្រទះឃើញដើមជណ្តើស្វាតូចក្នុងឧបទ្វីបឥណ្ឌូចិន ។ សំបកដើម សម្រាប់វិញខ្សែ ជាប់ល្អណាស់។ ដើមកាត់កង់ៗ គេយក ស្ងោរផឹកព្យាបាលជម្ងឺមួល ។ 	</li><li><p-n>More Information	NK : chudaë sva: tô:ch (petit escalier de signe) ជណ្ដើស្វាតូច	NOTE	ពេលមានពាក្យ (វល្លិ) (ស្មៅ) (ដើម) ក្នុងវង់ក្រចកខាងក្រោយនាម រុក្ខជាតិ ត្រូវអានពាក្យនោះខាងមុខនាមវិញ។</p-n></li></ul>
ជណ្តើស្វា	@ខ្លែងពណ៌	BAUHINIA (Leguminosae-Caesalpinioideae)	Bauhinia bracteata (Benth.) Baker	<ul><li>Big ligneous liana with spiral hooks found along forest edges, roadsides and around villages in Peninsular Indochina. The bark’s infusions serve as antidote in case of poisoning by a fish called “Tréi prâlurng”. The bark’s staples are of use to the preparation of the cordages, strings, fishing nets. The tea from the stem is drunk against diarrhea.	</li><li>ដើមនេះជាវល្លិធំណាស់មានទំពក់ជាក្បាច់ហៀនគូទខ្យង សម្រាប់វារលើដើមឈើជិតខាង ដុះក្នុងព្រៃល្បោះ ឬតាមមាត់ព្រៃ មាត់ផ្លូវ ឬជុំវិញភូមិនានា នៃឧបទ្វីបឥណ្ឌូចិន ។ ពេលពុល ត្រីព្រលូង (ដែលវាស៊ីគ្រាប់ពុល) គេអាចបន្សាប ដោយ ផឹកទឹកស្ងោរសំបកជណ្តើស្វា ។ គេយកសំបកទៅវេញខ្សែពួរ ធ្វើចំណង ត្បាញសំណាញ់ ។ល។ មែកកាត់កង់ៗ អាចស្ងោរ ផឹកព្យាបាលជម្ងឺរាគ ។	</li><li><p-n>More Information	Syn. : Bauhinia harmandiana Pierre ex Gagnep.</p-n></li></ul>
ជន្លង់	BASELLA (Basellaceae)	Basella alba L.	<ul><li>Climber herb probably native to India, cultivated all over the tropics for its fruits and stems used in cooking like spinach. The seeds yield a juice used to color cake or as eye-salve. The tea from                     the leaves or from the whole plant is drunk as child laxative and for making easy the delivery (childbirth).	</li><li>ជន្លង់ជាវល្លិវារឡើងទ្រើង មានដើមកំណើតប្រហែលក្នុងស្រុកឥណ្ឌា គេដាំគ្រប់ប្រទេសក្ដៅ ដើម្បីបរិភោគក្នុងស្ងោរ ឬឆា ។ល។ គ្រាប់ឱ្យទឹកដមម្យ៉ាងពណ៌ក្រហម សម្រាប់ដាក់នំឱ្យមានពណ៌ល្អ ។ គ្រូថ្នាំគេយកទឹកដមនេះផ្សំជាថ្នាំដាក់ភ្នែក ។ ក្នុងស្រុកខ្មែរយើង គេតែងស្ងោរដើមជន្លង់ឱ្យក្មេង ផឹកកុំឱ្យទល់លាមកឬមួយឱ្យស្ត្រីកំពុងសម្រាលកូន ដើម្បីឱ្យកូនចេញ            ឆាប់ៗ ។	</li><li><p-n>More Information	Syn. : Basella rubra L.</p-n></li></ul>
ជន្លាត់	@ម្ជូរព្រឹក្សផ្កា	EUPHORBIA (Euphorbiaceae)	Euphorbia ligularia Roxb.	<ul><li>Shrub, originating from the Deccan (India), cultivated in the gardens as decorative. The juice of leaves is well known as effective against the troubles of ears.	</li><li>ឈ្មោះចុល្លព្រឹក្សមួយប្រភេទកំពស់ ១ទៅ៤ម ដាំជាលំអគ្រប់ប្រទេសក្តៅ មានដើមកំណើតក្នុងប្រទេសឥណ្ឌា (Deccan) ស្លឹកជន្លាត់ គេប្រើជាឱសថ គេច្របាច់យកទឹកស្លឹក ព្យាបាលជម្ងឺត្រចៀក ។	</li><li><p-n>More Information	Syn. &nbsp;: Euphorbia neriifolia auct. non L.</p-n></li></ul>
ជន្លូស	@ដូនកាយ	LEPISANTHES (Sapindaceae)	Lepisanthes rubiginosa (Roxb). Leenh.	<ul><li>Shrub, 1-3 m of the secondary tropical formations of Asia and Australia. Edible fruits, eaten especially by the children. Wood used to make tools handles and ploughing implements and also as firewood. The young eaten buds would calm the sleeplessness The decoction of roots would be febrifuge. The roots are a component of a remedy against dysentery and uterine diseases.	</li><li>ជន្លូស ជាចុល្លព្រឹក្សកំពស់ ១-៣ម ដុះក្នុងព្រៃល្បោះនៃទ្វីបអាស៊ី និងអូស្ត្រាលីផ្នែកក្ដៅ ។ ផ្លែអាចបរិភោគបាន តែច្រើនតែពួកក្មេងៗទេ ដែលស៊ីវា ។ ឈើគេប្រើសំរាប់ធ្វើដងកាំបិត ពូថៅ ។ល។ និងធ្វើប្រដាប់សំរាប់កសិកម្ម ។ មែក ធាង  តូចៗ អាចធ្វើអុសដុត ។ ក្នុងក្បួនឱសថបុរាណខ្មែរ គេស៊ីត្រួយខ្ចីៗដើម្បីអោយដេកលក់ស្រួល ។ ឬសគេស្ងោរផឹករំងាប់ជំងឺគ្រុន ។ គ្រូថ្នាំបុរាណប្រើឫសផ្សំជាមួយរុក្ខជាតិដទៃទៀត ធ្វើ  ជាថ្នាំព្យាបាល រាគ មួល និងជំងឺស្បូន ។	</li><li><p-n>More Information	Syn. &nbsp;: Erioglossum rubiginosum Roxb.</p-n></li></ul>
ជម្ពូក្រហម	SYZYGIUM (Myrtaceae)	Syzygium malaccense (L.) Merr. &amp; L.M. Perry 	<ul><li>Small tree, 6-15 m tall, originating from the Malay peninsula and cultivated in Southeast Asia, often in the gardens as decorative and for the red fruits, sometimes pink, edible. All the parts of the plant are used in popular medicine in Cambodia. Fruits and leaves considered as antifeverish. Roots known as diuretic. Seeds are a part of a remedy against eruptive fevers.	</li><li>ជម្ពូក្រហមមានកំពស់ ពី៦ ទៅ១៥ម ដុះក្នុងប្រទេសជ្វា គេនាំគ្រាប់មកដាំក្នុងប្រទេសជាច្រើននៅអាស៊ីអាគ្នេយ៍ ដាំក្នុងសួនជិតផ្ទះជាលំអ និងសំរាប់ប្រើផ្លែជាចំណី ផ្លែពណ៌ក្រហមឬផ្កាឈូក ។ គ្រូថ្នាំបុរាណប្រើស្លឹកជាមួយផ្លែជាថ្នាំគ្រុន ប្រើឫសធ្វើថ្នាំ អោយនោមច្រើន គ្រាប់ធ្វើថ្នាំគ្រុនពិសស្បែក ។	</li><li><p-n>More Information	Syn. : Eugenia malaccensis L.</p-n></li></ul>
ជម្ពូជ្រលក់ 	BIXA (Bixaceae)	Bixa orellana L.	<ul><li>Shrub, 2-8m tall, native to tropical America, introduced to Cambodia cultivated near dwelling as decorative plant. The seeds yield a red colouring used as stain. In traditional medicine, the leaves have the reputation, in external use as lotions or baths, to beeing effective against paludism, eruptive fever, and other forms of fever.	</li><li>ដើមនេះជាចុល្លព្រឹក្សមានកំពស់ ២-៨ម គេនាំពីស្រុកអាមេរិកក្ដៅ យកមកដាំជុំវិញគេហដ្ឋានឱ្យល្អមើល ។ គ្រាប់ជម្ពូ  ជ្រលក់មានជាតិជ្រលក់ពណ៌ក្រហម លាយពណ៌លឿងភាវ សម្រាប់ជ្រលក់សំពត់អាវ ឬរបស់ផ្សេងៗ ។ ស្លឹកគេយកដាំទឹកងូត ឬត្រាំពេលកើតជម្ងឺគ្រុនចាញ់ គ្រុនមានពិសស្បែក ឬគ្រុនក្ដៅផ្សេងៗ ។	</li><li><p-n>More Information	NA : roucou</p-n></li></ul>
ជម្ពូជ្រលក់ព្រៃ	@ឆ្កែង, @ច្រកែងទួយ	MALLOTUS (Euphorbiaceae)	Mallotus anisopodus (Gagnep.) Airy shaw	<ul><li>Tree or shrub, 5-15 m tall, of secondary formations, abounding especially along the rivers and in flooded forests of Great Lakes. Colouring bark. Wood appreciated in construction. Species endemic of Cambodia.	</li><li>ឈ្មោះចុល្លព្រឹក្សម្យ៉ាងកំពស់ ៥-១៥ម ដុះតែក្នុងស្រុកខ្មែរទេ តាមមាត់ទឹកក្នុងព្រៃរនាមជុំវិញទន្លេសាប ។ ឈើជាប់ល្អ សំរាប់ធ្វើគ្រឿងសង់ផ្ទះ ។ សំបកប្រើសំរាប់ជ្រលក់សំពត់ ។ 	</li><li><p-n>More Information	Syn. &nbsp;: Coccoceras anisopodum Gagnep.</p-n></li></ul>
ជម្ពូព្រែក	@ថ្បុន	XYLOCARPUS (Meliaceae)	Xylocarpus molluccensis (Lam.) Roem. 	<ul><li>Shrub, 4-5 m tall, of the formations of mangrove and back- mangrove of India, Indochinese and Malay Peninsula, Indonesia and the Philippines. The decoction of the bark would be antidysenteric. The oil extracted from the seed is used for burning and in cosmetic industry. 	</li><li>ចុល្លព្រឹក្សម្យ៉ាង កំពស់ ៤-៥ម ដុះក្នុងព្រៃស្មាច់ នៃប្រទេសឥណ្ឌា, ឧបទ្វីបឥណ្ឌូចិន, ជ្វា និង ប្រទេសឥណ្ឌូណេស៊ី ។ គេស្ងោរសំបករម្ងាប់រោគរាគ ។ ប្រេងចំរាញ់ពីគ្រាប់ អាចប្រើសម្រាប់អុជចង្កៀង និងធ្វើថ្នាំថែមុខ-ខ្លួន និង សក់ ។	</li><li><p-n>More Information	Syn. :Carapa molluccensis Blume</p-n></li></ul>
ជម្ពូ ស 	SYZYGIUM (Myrtaceae)	Syzygium jambos (L.) Alston	<ul><li>Small tree, 6-15 m tall, originating from the Indo-Malay regions and cultivated in Southeast Asia for its edible fruits. In Cambodia, the water produced by the maceration of leaves is considered as antifeverish. The pulverized leaves are rubbed on the body in the case of smallpox.	</li><li>ឈ្មោះព្រឹក្សតូចមួយប្រភេទកំពស់៦-១៥ម ដើមកំណើតក្នុងឧបទ្វីបឥណ្ឌូចិន ជា្វ គេនាំមកដាំនៅអាស៊ីអាគ្នេយ៍ ដើម្បីយកផ្លែជាចំណី ។ នៅស្រុកខ្មែរ គេតែងតែបេះស្លឹកត្រាំទឹកផឹកជាថ្នាំគ្រុន ។ គ្រូថ្នាំកំទេចស្លឹកក្នុងមាត់អោយល្អិត ព្រួសលើខ្លួនអ្នកមានជម្ងឺអុតធំៗ ។	</li><li><p-n>More Information	Syn. &nbsp;: Eugenia jambos L.</p-n></li></ul>
ជ័យភ្លា	ROUREOPSIS (Connaraceae)	Roureopsis stenopetala (Griff.) Schellenb. 	<ul><li>Liana climbing very high in the trees of low altitude dense forests and secondary formations in the Indochinese and Malay Peninsula. The infusion of leaves and stalks is well known as fortifying.	</li><li>ឈ្មោះវល្លិមួយប្រភេទវារតោងឈើខ្ពស់ៗ ក្នុងព្រៃធំ និងព្រៃល្បោះលើដីទំនាបនៃឧបទ្វីបឥណ្ឌូចិន និងជ្វា ។ គេស្ងោរមែក និងស្លឹកផឹកជាថ្នាំកំលាំង ។ 	</li><li><p-n>More Information	NK &nbsp;: chéy phlië &nbsp;ជ័យភ្លា	NOTE	ពេលមានពាក្យ (វល្លិ) (ស្មៅ) (ដើម) ក្នុងវង់ក្រចកខាងក្រោយនាម រុក្ខជាតិ ត្រូវអានពាក្យនោះខាងមុខនាមវិញ។</p-n></li></ul>
ជ័រចុង	@កំឡែង, @ផ្ចឹកភ្នំ	SHOREA (Dipterocarpaceae)	Shorea guiso (Blanco) Blume	<ul><li>Tree, 20-40 m tall, of the mixed Dipterocarpus forests or dense hill forests up to 600 m. Reddish grey, inferior wood, used for the inside works. The resin, called &quot;chörchông&quot;, is used to varnish boats, furniture or for the preparation of the torches.	</li><li>ព្រឹក្សមួយប្រភេទ កំពស់ ២០-៤០ម ដុះក្នុងព្រៃស្ទើធំ ឬព្រៃធំលើដីទួល និងភ្នំទាបៗ ដែលខ្ពស់ត្រឹម ៦០០ម ។ ឈើពណ៌ប្រផេះ លាយក្រហមភា្លវ មិនសូវជាប់ទេ តែអាចប្រើជាគ្រឿងផ្ទះរាយរងបាន ។ ជ័រនៃដើមនេះ ហៅថា &quot; ជ័រចុង &quot;                សំរាប់លាប តុ ទូ ឬសំរាប់ធ្វើចន្លុះ ។	</li><li><p-n>More Information	Syn. &nbsp;: Shorea vulgaris Pierre</p-n></li></ul>
ជ័រនី	@លំបោ	SHOREA (Dipterocarpaceae)	Shorea farinosa C. E.C. Fisch. 	<ul><li>Tree, 30-45 m tall, of the dense forests of plain of Cambodia, Thailand and Southern Burma, cultivated in Vietnam. Wood in demand for constructions. Trunk may reach 2 m in circumference. 	</li><li>ឈ្មោះព្រឹក្សមួយប្រភេទ កំពស់ ៣០-៤៥ម ដុះក្នុងព្រៃធំនៃប្រទេសកម្ពុជា ថៃ ភូមា ខាងត្បូង គេដាំនៅវៀតណាម ។ ដើមអាចមានវណ្ឌមណ្ឌលដល់ទៅ ២ម ឈើមានតំលៃណាស់សំរាប់សង់ផ្ទះ ។ 	</li><li><p-n>More Information	NK : choërni:, lumbaô &nbsp;ជ័រនី, លំបោ	NOTE	ពេលមានពាក្យ (វល្លិ) (ស្មៅ) (ដើម) ក្នុងវង់ក្រចកខាងក្រោយនាម រុក្ខជាតិ ត្រូវអានពាក្យនោះខាងមុខនាមវិញ។</p-n></li></ul>
ជ័រនី	@សណ្តាស	PALAQUIUM (Sapotaceae) 	Palaquium obovatum (Griff.) Engl.	<ul><li>Tree, 12-40 m tall, reaching 1-1.50 m in diameter, of the dense and secondary formations of the Malay and Indochinese peninsula, and the Sunda islands. The bark contains a latex which, after coagulation, produces a kind of gutta - percha (plastic and insulating substance). The rose grey wood, hard, is in demand for the constructions.	</li><li>ឈ្មោះព្រឹក្សមួយប្រភេទ កំពស់ ១២-៤០ម មានវិជ្ឈមាត្រពី ១ ទៅ ១,៥០ម ដុះក្នុងព្រៃធំ ឬព្រៃល្បោះ នៃឧបទ្វីបជា្វ ឥណ្ឌូចិន និងលើកោះ មួយចំនួន នៅប្រទេសឥណ្ឌូណេស៊ី (Iles de la sonde) ។ សំបកមានជ័រម្យ៉ាង អាចកក ហើយ ក្លាយជាសារជាតិសម្រាប់ប៉ាន់រូប និងមិនចម្លងកំដៅ ។ ឈើរឹងមានពណ៌ផ្កាឈូកភ្លាវ ឬក្រមៅ ជាឈើល្អសម្រាប់សង់ផ្ទះ ។	</li><li><p-n>More Information	NK &nbsp;: choë(r) ni:, sânnda:hs &nbsp;ជ័រនី, សណ្ដាស	NOTE	ពេលមានពាក្យ (វល្លិ) (ស្មៅ) (ដើម) ក្នុងវង់ក្រចកខាងក្រោយនាម រុក្ខជាតិ ត្រូវអានពាក្យនោះខាងមុខនាមវិញ។</p-n></li></ul>
ជ័របាញ់	@ជ័រឆក់	ANTIARIS (Moraceae) 	Antiaris toxicaria (Pers.) Lesch.	<ul><li>Tree with smooth and whitish bark, 8-20m tall, found in dense or semi-dense forest in Indochina, Malay Peninsular, Philippines and Indonesia. The bark may make thick clothes. The tree yields an solid latex used to poison the venison’s arrow. In Indochina the latex is mixed with pimento pepper, garlic and siamese ginger the mixture heated on fire is similar to the Java “ antiar ”.	</li><li>ជ័របាញ់ជាដើមឈើមានសំបក ស រលើប កំពស់ ៨ - ២០ ម ដុះក្នុងព្រៃធំ ឬព្រៃស្រោងនៃប្រទេសជ្វា និងឥណ្ឌូចិន ។ សំបកវា ពួកខ្មែរលើ យកទៅធ្វើសំលៀកបំពាក់បាន ។ ជ័រ គេសំរាប់លាបព្រួញ បាញ់សត្វធំៗដូចជាខា្ល ដំរី ។ល។ នៅឥណ្ឌូចិន គេច្រើនយកជ័រលាយវត្ថុជាច្រើន ដូចជាម្ទេស ម្រេច រំដេង ខ្ទឹមស ដើម្បីធ្វើឱ្យសត្វងាប់ញាប់ៗ ។ ពួកជ្វា (Java) គេនិយមបាញ់សត្វជារឿយៗ ដោយប្រើជ័រនេះ ។ ជ័រនេះពេលផឹកឥតធ្វើឱ្យពុលទេ តែបើគេចាក់ចូលឈាម គឺធ្វើឱ្យស្លាប់  ភ្លាមៗ ។ 	</li><li><p-n>More Information	NA &nbsp;: Upas tree</p-n></li></ul>
ជីរតាំងឱ	APIUM (Umbelliferae)	Apium graveolens L. var. dulcis (Mill.) Pers. 	<ul><li>Herb native to South America, introduced and cultivated all over the tropics for its leaves used as condiment. 	</li><li>ជីរនេះ ជាស្មៅម៉្យាង គេយកមកដាំសំរាប់យកស្លឹកធ្វើគ្រឿងទេស។ ដើមកំណើតដំបូង ជីរនេះ គឺ នៅស្រុកអាមេរិក ខាងត្បូង ។ ស្លឹកជីរតាំងឱ តូចជាងជីរ Celeri ។ 	</li><li><p-n>More Information	NA : celery</p-n></li></ul>
ជីរថ្ពាល់ត្រី	@ជីរយាបកា	HOUTTUYNIA (Saururaceae)	Houttuynia cordata Thunb.	<ul><li>Herb, 10-30 cm tall, slightly climbing, cultivated in Asia for its leaves, generally used inCambodia to​ flavor dishes of raw fish.	</li><li>ឈ្មោះ តិណជាតិ មួយមានកំពស់ ១០-៣០ស.ម. ច្រើនជារុក្ខជាតិស្មើវារ ដាំក្នុងទ្វីបអាស៊ី សម្រាប់ស្លឹក ប្រើធ្វើគ្រឿងទេស ជាពិសេស ពេលធ្វើភ្លា ។	</li><li><p-n>More Information	NF : houttuynie</p-n></li></ul>
ជីរនាងវង 	OCIMUM (Labiatae)	Ocimum basilicum L. 	<ul><li>Condiment herb, cultivated everywhere in tropical and even temperate regions. The mucilaginous seeds mixed with water make a soft drink, drunk generally sweetened.  	</li><li>ជីរនាងវង ជាគ្រឿងទេស ធាតុ តិណជាតិ ដែលគេដាំនៅគ្រប់ប្រទេសក្ដៅ ឬត្រជាក់មធ្យម ។ គ្រាប់ជីរនាងវង អាចត្រាំទឹកដាក់ស្ករបរិភោគ ជាភេសជ្ជៈ ធ្វើឱ្យត្រជាក់ ។ 	</li><li><p-n>More Information	NA &nbsp;: basil</p-n></li></ul>
ជីរបារាំង ជីរបន្លា	ERYNGIUM (Umbelliferae)	Eryngium foetidum L.	<ul><li>Herb with toothed leaves, originating from tropical America, introduced and cultivated as condiment. The possibly chopped leaves are generally consumed raw in some dishes.	</li><li>ជីរនេះមានស្លឹកបន្លា ដើមកំណើតក្នុងប្រទេសអាមេរិកក្តៅ គេនាំចូលមកដាំសម្រាប់ធ្វើគ្រឿងទេស ។ ស្លឹកកាត់ល្អិតៗឬ នៅទាំងមូលយើងតែងបរិភោគឆៅ ជាមួយម្ហូបខ្លះៗ ។	</li><li><p-n>More Information	NF &nbsp;: &nbsp;panicaut</p-n></li></ul>
ជីរប្រហើរ	OCIMUM (Labiatae)	Ocimum gratissimum L. 	<ul><li>Condiment herb, with generally reddish green leaves, cultivated in tropical and temperate regions; leaves eaten raw or cooked in different soups or &quot;sâmlâ&quot;.	</li><li>ឈោ្មះ តិណជាតិជាគ្រឿងទេសមួយប្រភេទ ស្លឹកច្រើនមានពណ៌ក្រហមភ្លាវ លាយបៃតង គេដាំនៅគ្រប់ប្រទេសក្ដៅ និងត្រជាក់មធ្យម ។ ស្លឹកអាចបរិភោគឆៅ ឬសម្រាប់បង់ក្នុងសម្ល ។	</li><li><p-n>More Information	NF &nbsp;: basilic de Ceylan</p-n></li></ul>
ជីរស្លឹកក្រាស់	@ជីរក្រអូប, @ជីរត្រចៀកជ្រូក 	COLEUS (Labiatae)	Coleus amboinicus Lour.	<ul><li>Herb, originating from the Moluccas, cultivated for its its aromatic leaves in aromatic smell, and condiments. It contains a volatile oil (carvacrol) which gives its aroma. In traditional medicine, the juice of leaves, sweetened, is given to the children to protect them from the cold. In external use, applications of leaves are made on the lips.	</li><li>ឈ្មោះស្មៅមួយប្រភេទ នាំចូលពីប្រទេស Moluques មកដាំនៅអាស៊ីផ្នែកអាគ្នេយ៍ ។ ជាដើមមានក្លិនក្រអូបប្រហើ ដោយមានជាតិក្រអូបម្យ៉ាងក្នុងស្លឹក ។ គេប្រើជាគ្រឿងទេស ។ គ្រូពេទ្យបុរាណតែងច្របាច់ស្លឹកជីរក្រាស់ជាមួយទឹក ហើយដាក់ស្ករ ឱ្យក្មេងៗផឹក ដើម្បីការពារកុំឱ្យផ្តាសាយ ។ ស្លឹកបុកជាថ្នាំ លាបលើបបូរមាត់កុំឱ្យប្រេះ ។	</li><li><p-n>More Information	Syn. : Coleus aromaticus (Roxb.) Benth.</p-n></li></ul>
ជីរអង្កាម	MENTHA (Labiatae)	Mentha arvensis L.	<ul><li>Herb with ascending or lying stalks. 10-60 cm long, cultivated in the gardens as condiment. In traditional Khmer medicine, the stalks and the leaves are considered as tonic. There are numerous cultivated hybrids of mint in the world.	</li><li>ឈ្មោះស្មៅគ្រឿងទេស គេច្រើនដាំនៅប្រទេសខ្មែរលើដីសើមៗមានអង្កាម ។ ជីរអង្កាមមានដុះពេញសកលលោក ។ ពូជខ្លះនៅអឺរ៉ុបជាពូជបង្កាត់ ។ មានពូជច្រើនមុខណាស់ តែយើងដាំតែពូជមួយមុខទេ ។ គ្រូថ្នាំខ្មែរប្រើស្លឹកជាថ្នាំលើក                កំលាំង ។	</li><li><p-n>More Information	NF &nbsp;: menthe</p-n></li></ul>
ជុចស	@វល្លិស្នែងគោ	STREPTOCAULON (Asclepiadaceae)	Streptocaulon juventas (Lour.) Merr.	<ul><li>Ligneous liana climbing on the trees of the dense forests of Cambodia, Laos, Vietnam and Thailand. The infusion of root would restore the old to young. It is admitted that the root is a remedy for loins, blood circulation as well as a darkener for white hairs.	</li><li>ឈ្មោះវល្លិរឹងម្យ៉ាងវារឡើងឈើធំៗ ក្នុងប្រទេសថៃ ខ្មែរ និង វៀតណាម ។ ជាច្រើនជឿថាឬសជុចស អាចធ្វើឱ្យសាច់ ចាស់ត្រឡប់ទៅជាសាច់ក្មេងវិញ ពេលណាគេឆុងផឹក ។ តាមពិតឬសគេប្រើធ្វើថ្នាំអោយទម្រង់ទឹកនោមដើរល្អ អោយឈាមហូរស្រួល និងអោយសក់ស ត្រឡប់ទៅខ្មៅវិញ ។ 	</li><li><p-n>More Information	NF &nbsp;&nbsp;: liane de rajeunissement</p-n></li></ul>
ជុច	@អង្កត់, @(វល្លិ)គោមួយ 	PARAMERIA (Apocynaceae) 	Parameria loevigata (Juss.) Moldenke	<ul><li>Ligneous climbing liana, 5-10 m long, of the dense formations of Southeast Asia. The plant secretes a large quantity a latex which, warmed, gives a rubber sometimes used to make shoes. The latex is commonly used in traditional medicine, against the troubles of stomach, the fever and as tonic. The fragments of bark and small branches are often sold on markets. They are a component of a remedy against the malaria.	</li><li>វល្លិធំមួយប្រភេទ វារឡើងឈើធំៗ ប្រវែង ៥-១០ម ដុះក្នុងព្រៃធំនៃអាស៊ីផ្នែកអាគ្នេយ៍ ។ ជ័រវល្លិនេះអាចប្រើធ្វើ  កៅស៊ូស្បែកជើង ។ តាមក្បួនឱសថបុរាណ គេប្រើជ័រសំរាប់ធ្វើថ្នាំរំងាប់ជំងឺក្រពះ គ្រុន និង ជាថ្នាំកំលាំង ។ សំបក និង មែកតូចៗ តែងមានលក់ក្នុងផ្សារ ។ គេប្រើផ្សំធ្វើថ្នាំប្រឆាំងជំងឺគ្រុនចាញ់ ។ 	</li><li><p-n>More Information	Syn &nbsp;: Parameria glandulifera (DC.) Benth.</p-n></li></ul>
ជូរព្រឹក	@សង្កុង 	EMBELIA (Myrsinaceae)	Embelia ribes Burm. f. 	<ul><li>Shrub, 1-2 m tall, with purple or red stalks, bushy or climbing of the clear forests of tropical Asia. In Cambodia, it is met especially in the pine forest of Kirirom, towards 700 m. The ripe fruits are edible: first sweet, they then become acid and paralyze somehow the tongue. The seeds are used as vermifuges.	</li><li>ឈ្មោះគុម្ពព្រឹក្សម្យ៉ាង កំពស់១-២ម មានដើមពណ៌ស្វាយឬក្រហម មែកសាខាឬវារលើរុក្ខជាតិជិតខាងក្នុងព្រៃស្រោង នៃទ្វីបអាស៊ីក្ដៅ ។ នៅប្រទេសខ្មែរដើមនេះ ច្រើនដុះក្នុងព្រៃស្រស់លើភ្នំ Kirirom ដែលមានកំពស់ប្រហែល៧០០ម ។ ផ្លែជូរព្រឹកទុំ អាចបរិភោគបាន មានជាតិផ្អែម រួចជូរធ្វើឱ្យអណ្ដាតស្ពឹកបន្ដិច ។ គ្រាប់សម្រាប់ធ្វើថ្នាំព្រូន ។ 	</li><li><p-n>More Information	NK &nbsp;: chu: prëk, sangkông &nbsp;ជូរព្រឹក, សង្កុង	NOTE	ពេលមានពាក្យ (វល្លិ) (ស្មៅ) (ដើម) ក្នុងវង់ក្រចកខាងក្រោយនាម រុក្ខជាតិ ត្រូវអានពាក្យនោះខាងមុខនាមវិញ។</p-n></li></ul>
ជើងគោ	BAUHINIA (Leguminosae-Caesalpinioideae)	Bauhinia variegata L.	<ul><li>Shrub or small tree, 4-15 m tall with white or sometimes whitish flowers in deciduous forest between 500 and 1500 m altitude found in South East Asia. The flowers are edible when fried. In local medicine, the barks are used to cure wounds. The tea from any part of the plant is drunk against dysentery.	</li><li>ជើងគោជាចុល្លព្រឹក្ស ឬជាព្រឹក្សតូចមានកំពស់ ៤-១៥ម មានផ្កាពណ៌ស្វាយ ឬពណ៌ស ដុះក្នុងព្រៃជ្រុះស្លឹកលើដីទួល ចាប់ ពី៥០០ម ទៅ ១៥០០ម ខ្ពស់លើសពីសមុទ្រ ។ ដើមនេះមានក្នុងទ្វីបអាស៊ីផ្នែកអាគ្នេយ៍ ។ នៅស្រុកខ្មែរយើង និយមដាំដើមជើងគោជាលំអវិថីនានាក្នុងទីក្រុង ជាពិសេសក្រុងភ្នំពេញ ។ ផ្កាជើងគោ គេអាចចៀនបរិភោគបាន ។ សំបកសម្រាប់ធ្វើថ្នាំ ព្យាបាលរបួស ។ ដើមទាំងមូល (ធាង ស្លឹក ឬស ផ្លែផ្កា ។ល។) គេតែងប្រើការធ្វើឱសថរម្ងាប់ជម្ងឺមួល ដោយផឹកទឹកស្ងោរ ។	</li><li><p-n>More Information	NA : Orchid Tree</p-n></li></ul>
ជើងគោ-ដោះគន់	TETRACERA (Dilleniaceae)	Tetracera scandens (L.) Merr.	<ul><li>Climbing shrub or climbing liana of the secondary formations and the edges of dense forests in Cambodia, Laos, Vietnam, Thailand and Northern Malaysia. Often cultivated as decorative on fences. The supple stalks give strong links to join scaffolds parts. The rough leaves can be used for polishing tools. The young twigs with leaves and the roots are used in popular medicine to treat ulcerous wounds.	</li><li>ឈ្មោះចុល្លព្រឹក្សមួយប្រភេទស្ទើរវារ ឬវល្លិវារលើឈើធំៗក្នុងព្រៃល្បោះ ឬមាត់ព្រៃក្រាស់ នៃប្រទេសកម្ពុជា ឡាវ            វៀតណាម ថៃ និង ជ្វាខាងជើង ។ គេនិយមដាំលើរបងជាដើមលំអ។ មែកជាប់ល្អទន់ហើយ ពត់បាន, គេប្រើសម្រាប់ធ្វើចំណងចងរន្ទា ។ ស្លឹកគគ្រាតអាចប្រើខាត់ប្រដាប់ប្រដាផ្សេងៗអោយរលោង ។ គ្រូថ្នាំបុរាណប្រើមែកមានស្លឹក និងឬសធ្វើ ជាថ្នាំរម្ងាប់រោគដំបៅរលួយ ។	</li><li><p-n>More Information	Syn. &nbsp;: Tetracera sarmentosa Vahl</p-n></li></ul>
ជើងគោផ្កា-ស	BAUHINIA (Leguminosae-Caesalpinioideae)	Bauhinia hirsuta Weinm. 	<ul><li>Shrub, 1-3 m tall in lowland deciduous forest, sometimes in evergreen forest widely distributed: Java, Malay Peninsular, Cambodia, Laos, Vietnam, South China (yunnan). In Cambodia, the staples are of use to whiten raw silk. The leave are used to treat skin diseases, in particular the mange.	</li><li>ដើមនេះជាចុល្លព្រឹក្សកំពស់ ១-៣ម ដុះក្នុងព្រៃជ្រុះស្លឹកលើដីទំនាបនៃប្រទេសជ្វា ឧបទ្វីបជ្វា(Péninsule malaise) ចិនខាងត្បូង (Yunnan) និងឥណ្ឌូចិន (ថៃ កម្ពុជា លាវ វៀតណាម)។ នៅប្រទេសខ្មែរយើង គេយកសំបកជើងគោផ្កា-ស នេះ ស្ងោរសូត្រអោយបាន ស ល្អ ។ ស្លឹកសម្រាប់ព្យាបាលជម្ងឺរមាស់ ។ 	</li><li><p-n>More Information	Syn. : Bauhinia parvula Gagnep.</p-n></li></ul>
ជើងគោព្រៃ	@ជើងដំរី 	BAUHINIA (Leguminosae-Caesalpinioideae)	Bauhinia pottsii G. Don var. subsessilis (Craib) de Wit	<ul><li>Shrub more or less branchy, 1-3 m. growing in open forests, along roadsides or in the edges of littoral forest in Cambodia. In Malay Peninsula and in Thailand, the species grows in forest far from the sea. Leaves used as cigarettes paper, the staks are of use to make solid strings.	</li><li>ដើមនេះជាចុល្លព្រឹក្សស្ទើរវារ មានកំពស់ ១-៣ម ដុះនៅព្រៃល្បោះតាមមាត់ផ្លូវ មាត់ព្រៃសមុទ្រ ក្នុងប្រទេសកម្ពុជា ។ នៅប្រទេសដទៃទៀត ជើងគោព្រៃដុះឆ្ងាយពីមាត់សមុទ្រ ។ ស្លឹកអាចមូរបារីជក់បាន ។ មែក និងសំបកគេធ្វើខ្សែពួរ ។ 	</li><li><p-n>More Information	NK : chë:ng kôô préi (sabot de bœuf sauvage); chë:ng dâmrèi ជើងគោព្រៃ, ជើងដំរី	NOTE	ពេលមានពាក្យ (វល្លិ) (ស្មៅ) (ដើម) ក្នុងវង់ក្រចកខាងក្រោយនាម រុក្ខជាតិ ត្រូវអានពាក្យនោះខាងមុខនាមវិញ។</p-n></li></ul>
ជើងគោ ស	BAUHINIA (Leguminosae-Caesalpinioideae)	Bauhinia acuminata L.	<ul><li>Shrub, 2-3 m tall, native to Indonesia or Philippines and naturalized in Indochina. It is cultivated near dwelling as decorative plant. The crushed leaves are used as poultices to be applied one nose’s ulceration. Their decoction would be effective against cough.	</li><li>ដើមនេះជាចុល្លព្រឹក្សមានកំពស់ ២-៣ម មានកំណើតក្នុងប្រទេសឥណ្ឌូណេស៊ី ឬហ្វីលីពីន ដាំយូរណាស់ហើយ ក្នុង ឥណ្ឌូចិនសព្វថ្ងៃដុះឯងៗ ។ គេតែងដាំជិតផ្ទះជាលំអ ។ ស្លឹកកិនឱ្យម៉ត់សម្រាប់ព្យាបាលជម្ងឺដំបៅច្រមុះ ។ គេអោយស្ងោរស្លឹកផឹក ដើម្បីអោយបាត់ក្អក ។	</li><li><p-n>More Information	NK : chë:ng kôô sâ: (sabot blanc de bœuf) ជើងគោ ស	NOTE	ពេលមានពាក្យ (វល្លិ) (ស្មៅ) (ដើម) ក្នុងវង់ក្រចកខាងក្រោយនាម រុក្ខជាតិ ត្រូវអានពាក្យនោះខាងមុខនាមវិញ។</p-n></li></ul>
ជើងចាប	DASYMASCHALON (Annonaceae) 	Dasymaschalon lomentaceum Finet et Gagnep.	<ul><li>Shrub. 1-4 m tall, of secondary formations and edges of dense forests. Ripe fruits are edible. Leaves often used as cigarette paper. Species of Southeast Asia. 	</li><li>ចុល្លព្រឹក្សតូចមួយប្រភេទ កំពស់ ១-៤ម ដុះក្នុងព្រៃស្រោង ឬជាយព្រៃក្រាស់ ក្នុងទ្វីបអាស៊ីផ្នែកអាគ្នេយ៍ ។ ផ្លែធំអាចបរិភោគជាចំណី ។ ស្លឹកគេ អាចប្រើសម្រាប់មូរបារី ។	</li><li><p-n>More Information	NK : chë:ng cha:p (pattes d’oiseau) &nbsp;ជើងចាប	NOTE	ពេលមានពាក្យ (វល្លិ) (ស្មៅ) (ដើម) ក្នុងវង់ក្រចកខាងក្រោយនាម រុក្ខជាតិ ត្រូវអានពាក្យនោះខាងមុខនាមវិញ។</p-n></li></ul>
ជើងចាបធំ	DASYMASCHALON (Annonaceae) 	Dasymaschalon macrocalyx Finet et Gagnep.	<ul><li>Shrub, 2-5 m tall, growing in the same conditions as the previous species. The fruits are torulate while those of the previous one are choked between the articles. They are edible when mature. Wood sometimes used to make pickets. Species of Southeast Asia. This plant inspired a popular riddle: “ What is the name of the being with paws stuck on the ground and the wings in the air ? ”	</li><li>ចុល្លព្រឹក្សម្យ៉ាងកំពស់ ២-៥ម ដុះលាយជាមួយជើងចាបធម្មតា ក្នុងព្រៃស្រោង ឬមាត់ព្រៃក្រាស់ ក្នុងទ្វីបអាស៊ីផ្នែក អាគ្នេយ៍ ។ ផ្លែខុសផ្លែជើងចាបធម្មតាបន្តិច គឺមិនដាច់តាមគ្រាប់ឡើយ គ្រាន់តែឆែកបន្តិច ពីគ្រាប់មួយទៅគ្រាប់មួយ ផ្លែទុំអាចធ្វើចំណីបាន ។ ជើងចាបធំ ជាដើមដែលអ្នកស្រុកស្រែ តែងកាប់ធ្វើរបង ។ មានប្រស្នាមួយស្ដីអំពីដើមនេះ “ ធាតុវាជាបក្សី ជើងជាប់នៅដីស្លាបហើរលើមេឃ ” ។	</li><li><p-n>More Information	NK : chë:ng chap thôm (grandes pattes d’oiseau) &nbsp;ជើងចាប់ធំ	NOTE	ពេលមានពាក្យ (វល្លិ) (ស្មៅ) (ដើម) ក្នុងវង់ក្រចកខាងក្រោយនាម រុក្ខជាតិ ត្រូវអានពាក្យនោះខាងមុខនាមវិញ។</p-n></li></ul>
ជើងចាបធំ	@សួយ	ANOGEISSUS (Combretaceae)	Anogeissus acuminata (Roxb. ex DC.) Guill. &amp; Perry	<ul><li>Tree, 15-20 m tall, found in mixed caducifolious forests or in undergrowth dense Dipterocarp forests in Indochina s.1 and in India. The wood of big size reaching 1 m diameter is sought after for making house’s pillars.	</li><li>ដើមឈើកំពស់ ១៥-២០ម ដុះក្នុងព្រៃជ្រៅ ឬព្រៃស្រោង ឬក្នុងជាន់ក្រោមនៃព្រៃក្រាស់ ដែលមានដើមតំណាងសន្ដាន Dipterocarpacées ច្រើន ។  ឈើដើមសួយញី មានវិជ្ឈមាត្រផ្លែរហូតដល់ ១ម គេនិយមយកឈើនេះ ទៅធ្វើសសរផ្ទះ ។	</li><li><p-n>More Information	Syn. &nbsp;: Anogeissus harmandii Pierre</p-n></li></ul>
ជើង តុកែ (ស្មៅ)	COLDENIA (Boraginaceae)	Coldenia procumbens L. 	<ul><li>Short herb, lying down on the ground, with whitish prostrate stalk, more or less hairy, rough by the touch, met especially in fallow paddy fields or on river banks’s sand; species of Southeast Asia. The plant is part of a remedy against the boils.	</li><li>ឈ្មោះស្មៅមួយប្រភេទ ទាបក្រាបលើដី មានសម្បុរប្រផេះ មានរោមបន្តិចៗ ស្ទាបទៅគ្រោតគ្រាតដោយដី ដុះលើដី វាលក្នុងស្រែ ឬលើដីខ្សាច់ មាត់ស្ទឹង ។ ដើមនេះមានក្នុងទ្វីបអាស៊ីអាគ្នេយ៍ ។ គ្រូពេទ្យខ្មែរបុរាណប្រើដើមតុកែ លាយជាមួយ ដើមឯទៀត ខ្លះធ្វើថ្នាំព្យាបាលជម្ងឺបូសទ្រនិច ។ 	</li><li><p-n>More Information	NK : chë:ng tokaè (smau) (pattes de gecko, allusion à la forma basse de la plante et à sa couleur) &nbsp;ជើងតុកែ (ស្មៅ)	NOTE	ពេលមានពាក្យ (វល្លិ) (ស្មៅ) (ដើម) ក្នុងវង់ក្រចកខាងក្រោយនាម រុក្ខជាតិ ត្រូវអានពាក្យនោះខាងមុខនាមវិញ។</p-n></li></ul>
	ឧទាហរណ៏៖&nbsp;		<ul><li>	</li><li>					</li></ul>
ជ្រួយ	CASEARIA (Flacourtiaceae)	Casearia grewiaefolia Vent.	<ul><li>A 8 to 10 m shrub, met mostly on riversides in Indochinese Peninsula, India and Indonesia. The roots are used in Cambodian medicine to treat various diseases: dirrhoea, metritis... In herb tea they are prescribed mostly to young mothers as tonic and purifying. 	</li><li>ដើមជ្រួយជាចុល្លព្រឹក្សមួយប្រភេទកំពស់ ៨-១០ម ដុះក្បែរមាត់ស្ទឹងនៃឧបទ្វីបឥណ្ឌូចិន ប្រទេសឥណ្ឌា និងឥណ្ឌូ        នេស៊ី ។ ឬសសម្រាប់ធ្វើថ្នាំរម្ងាប់រោគផ្សេងៗ ដូចជារាគ រលាកស្បូន ។ល។ គេស្ងោរឬសឱ្យស្រ្តីទើបសម្រាលកូន ហើយផឹកដើម្បីជាថ្នាំលើកកម្លាំង និងសំអាតឈាម ។	</li><li><p-n>More Information	NK : chrû:ëy &nbsp;ជ្រួយ	NOTE	ពេលមានពាក្យ (វល្លិ) (ស្មៅ) (ដើម) ក្នុងវង់ក្រចកខាងក្រោយនាម រុក្ខជាតិ ត្រូវអានពាក្យនោះខាងមុខនាមវិញ។</p-n></li></ul>
ជ្រួយភ្នំ	@ត្រគាកប្រើស	CASEARIA (Flacourtiaceae)	Casearia graveolens Dalzell	<ul><li>A 7 to 10 m tall tree, of dense or open forests of India, Cambodia and Laos. Fruits are used as stupefacients for fishes. Excellent firewood.	</li><li>ដើមនេះមានកំពស់ ៧-១០ម ដុះក្នុងព្រៃ នៃស្រុកឥណ្ឌា ខ្មែរ និងលាវ ។ ផ្លែសម្រាប់បំពុលត្រី ឱ្យសន្លប់មុននឹងនេសាទវា ។ មែក ធាង ធ្វើអុសដុតល្អណាស់ ។ 	</li><li><p-n>More Information	NK : chrû:ey phnôm, trâkiëk prëhs (hanche du cerf, allusion aux ramifications) &nbsp;ជ្រួយភ្នំ, &nbsp;ត្រគាកប្រើស	NOTE	ពេលមានពាក្យ (វល្លិ) (ស្មៅ) (ដើម) ក្នុងវង់ក្រចកខាងក្រោយនាម រុក្ខជាតិ ត្រូវអានពាក្យនោះខាងមុខនាមវិញ។</p-n></li></ul>
ជ្រៃកាំរទេះ	@ ស្នាយដែល	FICUS (Moraceae)	Ficus variolosa Lindl ex Benth.	<ul><li>Shrub, 2-8 m tall, of the semi-dense forests of Cambodia and Central Vietnam. The boiled roots are used as a remedy against malaria.	</li><li>ឈ្មោះគុម្ពព្រឹក្សមួយប្រភេទ កំពស់ ២-៨ម ដុះក្នុងព្រៃក្រាស់មធ្យម នៃប្រទេសខ្មែរ និងវៀតណាមផ្នែកកណ្តាល ។   ឬសស្ងោរហើយសម្រាប់ធ្វើថ្នាំគ្រុនចាញ់ ។ 	</li><li><p-n>More Information	Syn. &nbsp;: Ficus langbianensis Gagnepain</p-n></li></ul>
ជ្រៃកៅស៊ូ	FICUS (Moraceae)	Ficus elastica Roxb. ex Hornem.	<ul><li>Shrub, 1.50-6 m tall, originating from India, introduced as decorative for its stiff shining green leaves, in all regions of the world where it is especially cultivated in jars inside houses.	</li><li>ឈ្មោះគុម្ពព្រឹក្សកំពស់ ១,៥០-៦ម មានដើមកំណើតនៅស្រុកឥណ្ឌា ឬឧបទ្វីបជ្វា គេនាំមកដាំជាលំអផ្ទះ ដោយដើមនេះមានស្លឹករឹង និង រលោង គេដាំនៅគ្រប់ប្រទេសសកលលោក ក្នុងផើង ក្នុងគេហដ្ឋាន ។	</li><li><p-n>More Information	NA &nbsp;: rubber plant</p-n></li></ul>
ជ្រៃក្រហម	FICUS (Moraceae)	Ficus curtipes Corner	<ul><li>Tree, 20-30 m tall, of the mixed or secondary dense forests, widely distributed in Southeast Asia. Brown yellow wood, used in woodwork. The trunk is usually used all of a piece to make a boat. 	</li><li>ឈ្មោះព្រឹក្សម្យ៉ាង មានសំបកពណ៌ក្រហមភាវ កំពស់ ២០ទៅ៣០ម ដុះក្នុងព្រៃជ្រៅ ឬស្រោងនៅអាស៊ីអាគ្នេយ៍ ។ ឈើពណ៌ក្រហមក្រមៅសម្រាប់ ធ្វើតុ ទូ ឬគ្រឿងផ្ទះ ។ គេនិយមយកដើមទាំងមូលធ្វើទូក ។ 	</li><li><p-n>More Information	NK &nbsp;&nbsp;: &nbsp;chréi krâhâ:m (figuier rouge) &nbsp;ជ្រៃក្រហម	NOTE	ពេលមានពាក្យ (វល្លិ) (ស្មៅ) (ដើម) ក្នុងវង់ក្រចកខាងក្រោយនាម រុក្ខជាតិ ត្រូវអានពាក្យនោះខាងមុខនាមវិញ។</p-n></li></ul>
ជ្រៃក្រឹម 	FICUS (Moraceae)	Ficus benjamina L.	<ul><li>Tree, probably from India, cultivated in the villages or indoor as decorative. The numerous adventitious roots hanging along the branches when the tree is old are used for treating the wounds by poisoned arrows. The barks would be febrifuge and used also to protect the foeti. The white latex, mixed with rice alcohol, is prescribed to depressed persons following knocks or falls.	</li><li>ឈ្មោះព្រឹក្សមួយប្រភេទ មានដើមកំណើតប្រហែលក្នុងឧបទ្វីបឥណ្ឌា ជា្វ គេនិយមនាំមកដាំក្នុងភូមិនានាជាលំអ ។ ជ្រៃក្រឹមមានឬសជាច្រើនដូច សរសៃចេសសំយុងចុះពីធាងនានា ឬសនេះសម្រាប់ព្យាបាលដំបៅ ដែលមានឡើងដោយត្រូវព្រួញពុល ។ សំបកជាថ្នាំត្រជាក់ និងថែគភ៌កុំឱ្យរលូត ។ ជ័រពណ៌ស លាយ និងស្រា ស ជាឱសថសម្រាប់ព្យាបាលមនុស្សថយកម្លាំង កាយ ឬចិត្ដ ផឹក ឬមនុស្សដែលគេវាយ ឬដែលធ្លាក់ពីលើផ្ទះ ឬមនុស្សដែលដួលខ្លាំង ។	</li><li><p-n>More Information	NA &nbsp;: Benjamin tree</p-n></li></ul>
ជ្រៃ	@ជ្រៃ-ស	FICUS (Moraceae)	Ficus rumphii Blume	<ul><li>Tree, 15-25 m tall, of the dense or secondary forests of Southeast Asia, often cultivated near the houses as decorative and for shade. The toxic latex can provoke vomits. In India, it would be used as vermifuge.	</li><li>ជ្រៃ ស ជាព្រឹក្សកំពស់ ១៥-២៥ម ដុះក្នុងព្រៃក្រាស់ ឬព្រៃស្រោង នៃអាស៊ីផ្នែកអាគ្នេយ៍ គេច្រើនដាំជាលំអជិតគេហដ្ឋាន និងសម្រាប់យកម្លប់ ។ ជ័រមានជាតិពុល អាចធ្វើឱ្យក្អួត ។ នៅប្រទេសឥណ្ឌាគេប្រើជ័រនេះជាថ្នាំព្រូន ។	</li><li><p-n>More Information	NK &nbsp;: chréi, chréi sâ: &nbsp;ជ្រៃ, ជ្រៃ-ស	NOTE	ពេលមានពាក្យ (វល្លិ) (ស្មៅ) (ដើម) ក្នុងវង់ក្រចកខាងក្រោយនាម រុក្ខជាតិ ត្រូវអានពាក្យនោះខាងមុខនាមវិញ។</p-n></li></ul>
ជ្រៃទឹក	FICUS (Moraceae)	Ficus subppiformis Hook. &amp; Aru.	<ul><li>Shrub, 2-6 m tall, of the periodically flooded forests or riversides, met in China, in Indochina, in the Malay peninsula and in the some Himalayan regions. Little appreciated edible fruits. Inferior wood, used however for skeletons.	</li><li>ឈ្មោះចុល្លព្រឹក្សមួយប្រភេទ កំពស់ ២ទៅ៦ម ដុះក្នុងព្រៃរនាមនៅប្រទេសខ្មែរ ឬព្រៃលិចទឹក នៅអាស៊ីក្ដៅ ឬត្រជាក់មធ្យម ។ ផ្លែអាចបរិភោគបាន ។ ឈើគេប្រើជាគ្រឿងដំបូលផ្ទះ ។	</li><li><p-n>More Information	NK &nbsp;: &nbsp;chréi, tük &nbsp;ជ្រៃទឹក	NOTE	ពេលមានពាក្យ (វល្លិ) (ស្មៅ) (ដើម) ក្នុងវង់ក្រចកខាងក្រោយនាម រុក្ខជាតិ ត្រូវអានពាក្យនោះខាងមុខនាមវិញ។</p-n></li></ul>
ជ្រៃផ្នូរ	@ត្រាង	FICUS (Moraceae)	Ficus altissima Blume	<ul><li>Tree, 8-25 m tall, of the clear forests of Indochina, Malay peninsula and India; cultivated often in the cemeteries. The latex, rich in resin, is used to treat various skin diseases.	</li><li>ជ្រៃផ្នូរ ជាព្រឹក្សមួយប្រភេទ កំពស់ ៨ទៅ២៨ម ពេលខ្លះជាវល្លិធំដុះក្នុងព្រៃល្បោះនៅឥណ្ឌូចិន ឧបទ្វីបជ្វា និង ប្រទេសឥណ្ឌា ។ គេនិយមដាំជាលំអ នៅក្នុងផ្នូរ ។ ជ័រជ្រៃផ្នូរ ឬត្រាងអាចប្រើធ្វើថ្នាំរម្ងាប់រោគជម្ងឺស្បែក ។ 	</li><li><p-n>More Information	NK &nbsp;: chréi phnô (figuier des tombes), tra:ng &nbsp;&nbsp;ជ្រៃផ្នូរ, ត្រាង	NOTE	ពេលមានពាក្យ (វល្លិ) (ស្មៅ) (ដើម) ក្នុងវង់ក្រចកខាងក្រោយនាម រុក្ខជាតិ ត្រូវអានពាក្យនោះខាងមុខនាមវិញ។</p-n></li></ul>
ឈាមសង្កែ	ILEX (Aquifoliaceae)	ILEX cymosa Pierre	<ul><li>Tree, 8-15 m tall, of the wet dense or decideous forests, met in Cambodia and Southern Vietnam. Grey or white, rather dense wood, used in woodwork to make rafters, tools handles or as lumber.	</li><li>ឈ្មោះព្រឹក្សម្យ៉ាងកំពស់ ៨-១៥ម ដុះក្នុងព្រៃធំ ដែលជ្រុះ ឬមិនជ្រុះស្លឹករដូវប្រាំង នៅប្រទេសកម្ពុជា និង វៀតណាមខាងត្បូង។ ឈើឈាមសង្កែមានពណ៌ ស ឬប្រផេះ សាច់ម៉ត់ល្អ គេប្រើសម្រាប់ធ្វើ តុ ទូ ផ្លាន ដងកាំបិត ពូថៅ និង គ្រឿងផ្ទះផ្សេងៗ ។ 	</li><li><p-n>More Information	Syn. &nbsp;: I. thorelii Pierre</p-n></li></ul>
ឈូក	NELUMBO (Nelumbonaceae)	Nelumbo nucifera Gaertn.	<ul><li>Aquatic herb, provided with an underground stem, rhizome, called in khmer &quot;mëm chhouk&quot;. From this stalk, sunken in the mud, comes out petioles and floral peduncles ; the leaves grow over the surface of water. Species cultivated as decorative all over the world, especially in tropical Asia and in North America. Young floral peduncles, rhizomes, young ovaries and seeds are all edible. The fruits are eaten raw when they are green, or cooked in the water when they are ripe. The very ripe with black envelopes, cut lengthwise in two halves, then roasted, make candies. They can also be crystallized ; they are sold on markets.The flowers of lotus are among those offered to deities. The flour extracted from the rhizome is well known as nourishing and is recommended to the convalescents. The ripe seeds are also considered as fortifying. In traditional medicine, the green embryo of the seed, is used especially by the Chinese of Cambodia, as a medicine against fever and the cholera and sometimes as a sleeping drug. The infusions of dried petals, in mixture or not with the stamens, are absorbed against fever, and the liver diseases, those of the embryos against diarrhoeas. This species would be originating from Egypt.	</li><li>ឈោ្មះតិណជាតិដុះក្នុងទឹក ដើមកប់ក្នុងភក់(មើមឈូក) ។ ទងស្លឹកនឹងទងផ្កាដុះចេញពីមើមនេះ ។ ស្លឹកធំកំពាងលេចឡើងលើទឹក ។ ជារុក្ខជាតិគេដាំជាលំអ នៅគ្រប់ប្រទេសសកលលោក ជាពិសេសនៅអាស៊ីផ្នែកក្ដៅ និង ទ្វីបអាមេរិកខាងជើង ។ ផ្លែខ្ចីគេបរិភោគឆៅ ផ្លែទុំគេស្ងោរអោយឆ្អិនសិន មុនបរិភោគ ។ គ្រាប់ទុំ(ផ្លែ)ពណ៌ខ្មៅ គេអាចកាត់ជាពីរតាមបណ្តោយហើយ លីងធ្វើជាចំណី ។ គេអាចទុកធ្វើតំណាប់ក៏បាន តំណាប់នេះមានលក់ក្នុងផ្សារអាស៊ី ។ ក្រអៅ មើម និងឥណ្ឌាស័យខ្ចីៗ ប្រើជាអាហារបានច្រើនយ៉ាង ។ ផ្កាគេច្រើនប្រើជាគ្រឿងបូជា ។ ម្សៅនៃមើមមានឱជារសណាស់ គេអាចអោយអ្នកងើបពីឈឺបរិភោគ ដើម្បីឆាប់មានកំលាំង​ ។ តាមក្បួនឱសថបុរាណ ពន្លកពណ៌បៃតងក្នុងគ្រាប់ ពួកចិនៗនៅប្រទេសខ្មែរ ប្រើជាថ្នាំរម្ងាប់រោគគ្រុន ជំងឺអាសន្នរោគ ឬជាថ្នាំធ្វើអោយឆាប់ដេកលក់ ។ គេឆុងត្របកផ្កាគ្រៀមលាយជាមួយទងលំអង ផ្កាឈ្មោល ឬមិនបាច់លាយសំរាប់ផឹកឱ្យបាត់គ្រុន និងព្យាបាលជំងឺថ្លើម ។ គេឆុងពន្លកគ្រាប់ ផឹកព្យាបាលជំងឺរាគ ។ ឈូក ប្រហែលមាន ដើមកំណើតក្នុងប្រទេស Egypte។	</li><li><p-n>More Information	NA &nbsp;: sacred lotus</p-n></li></ul>
ឈូករ័ត្ន	HELIANTHUS (Compositae)	Helianthus annuus L. 	<ul><li>Annual herb with large yellow flowers, originating from North America, cultivated almost everywhere around the world. In Cambodia, the cultivation of the species is done in a decorative purpose. The dried flowers are used to make a infusion prescribed to the women during their pregnancy. In certain other countries, the seeds are of use to the manufacture of edible oil.	</li><li>ឈូករ័ត្ន ជាស្មៅធំប្រចាំឆ្នាំ មានផ្កាលឿងធំៗ ដើមកំណើតនៅទ្វីបអាមេរិកខាងជើង គេនាំមកដាំគ្រប់សកលលោក ។ នៅប្រទេសខ្មែរ គេដាំឈូករ័ត្នជាលំអ ។ ផ្កាក្រៀម អាចឆុងផឹក ជាពិសេសសម្រាប់នារីមានគភ៌ ដើម្បីឱ្យមានសុខភាពល្អ ។ នៅប្រទេសខ្លះគ្រាប់ឈូករ័ត្ន សម្រាប់ធ្វើប្រេងជាអាហារ។	</li><li><p-n>More Information	NA &nbsp;: &nbsp;sunflowers&nbsp;</p-n></li></ul>
ឈូករ័ត្នព្រៃ	@ព្រះទាលអន្ទង់, @ផ្កាក្រចក 	CURCUMA (Zingiberaceae)	Curcuma sparganifolia Gagnep.	<ul><li>Herb, 30-40 cm tall, with linear leaves, pink or purple inflorescences almost as high as the leaves, met in the undergrowth of clear forest of Cambodia where it is endemic. The inflorescences are sold on markets in rainy season. In traditional medicine, the decoction of the plant, laced with spirits, is said to be effective against the sudden chill.	</li><li>ឈ្មោះប្រទាលមួយប្រភេទ កំពស់ ៣០-៤០ស.ម មានស្លឹកតូចដូចស្លឹកស្រូវវែងៗ ផ្កាពណ៌ស្វាយដុះជាបែបភាព មានកំពស់ប្រហែលស្លឹក ។ ប្រទាល នេះមានដុះក្រោមដើមឈើ ព្រៃល្បោះក្នុងប្រទេសកម្ពុជា គ្មានដុះនៅប្រទេសដទៃឡើយ ។ គេឃើញផ្កាឈូករ័ត្នព្រៃលក់ក្នុងផ្សារ ពេលរដូវភ្លៀង ។ គ្រូថ្នាំបុរាណ ស្ងោរដើមនេះអ្នកមានជម្ងឺអតិសីតភាពផឹកលាយជាមួយ អូ ដឺ វី (សុរា)។	</li><li><p-n>More Information	NK : chhu:k râth préi (tounesol sauvage), preah tiël ântung’-phka krâchâk (fleurs-ongles) ឈូក រ័ត្នព្រៃ ព្រះទាលអន្ទង់, ផ្កាក្រចក	NOTE	ពេលមានពាក្យ (វល្លិ) (ស្មៅ) (ដើម) ក្នុងវង់ក្រចកខាងក្រោយនាម រុក្ខជាតិ ត្រូវអានពាក្យនោះខាងមុខនាមវិញ។</p-n></li></ul>
ឈើកែវ	MURRAYA (Rutaceae)	Murraya paniculata (L.) Jack	<ul><li>Shrub, 2-3 m tall, of the dense forests of Southeast Asia. Often cultivated near towns for the very nice-smelling white flowers. Flowers often used to scent the tea. Wood used to make knickknacks. In traditional medicine, the leaves and the fruits, astringent, are used as remedy against different diseases: diarrhoea. dysentery, fever.	</li><li>ចុល្លព្រឹក្សមួយប្រភេទកំពស់២-៣ម ដុះក្នុងព្រៃធំនៃអាស៊ីផ្នែកអាគ្នេយ៍ ។ គេនិយមដាំក្នុងទីក្រុងជាលំអ ដោយផ្កាពណ៌ ស មានក្លិនក្រអូប ។ ផ្កាអាចប្រើសំរាប់លាយជាមួយតែ ។ ឈើអាចប្រើការធ្វើជាវត្ថុសំរាប់តាំងផ្ទះ ។ 	</li><li><p-n>More Information	Syn, &nbsp;: Murraya exotica L.</p-n></li></ul>
ឈើក្រុងស្វា	@ត្រាចគល់	CROTALARIA (Leguminosae-Papilionoideae) 	Crotalaria retusa L.	<ul><li>Annual herb, erected, 0,50-1 m tall, with simple leaves, of lawns, riversides, beaches, at low altitude, in tropical regions. The seeds are edible. In traditional medicine, the plant is part of a remedy for the treatment of lung diseases.	</li><li>ឈ្មោះស្មៅប្រចាំឆ្នាំ ដុះត្រង់ឡើងលើ កំពស់ ០,៥០-១ម កូនស្លឹកមានតែមួយ ដុះលើវាលស្មៅ តាមមាត់ទឹក មាត់        សមុទ្រ លើដីទំនាប នៃប្រទេសអាស៊ីក្តៅ ។ គ្រាប់អាចបរិភោគបាន ។ គ្រូបុរាណប្រើដើមឈើក្រុងស្វា ផ្សំជាមួយ ដើមដទៃទៀតធ្វើថ្នាំ សម្រាប់ព្យាបាលជម្ងឺឈឺសួត ។	</li><li><p-n>More Information	NK : chhë krông sva:, tra:ch kuël &nbsp;ឈើក្រុងស្វា, ត្រាចគល់	NOTE	ពេលមានពាក្យ (វល្លិ) (ស្មៅ) (ដើម) ក្នុងវង់ក្រចកខាងក្រោយនាម រុក្ខជាតិ ត្រូវអានពាក្យនោះខាងមុខនាមវិញ។</p-n></li></ul>
ឈើខ្មៅ	DIOSPYROS (Ebenaceae) 	Diospyros odoratissima Lecomte, var. oblonga Lecomte 	<ul><li>Tree, 7-10 m tall, very much branching out, blackish bark, of semi-dense formations of Cambodia from which it is endemic, met only in Kompong’s Cham province. White, very nice-smelling flowers, often picked to make bunches. The wood which produces ebony is in demand to make knickknacks. 	</li><li>ឈើខ្មៅជាព្រឹក្ស កំពស់ ៧-១០ម បែកមែកជាច្រើនសំបកក្រៅពណ៌ខ្មៅប្រផេះ ដុះក្នុងព្រៃក្រាស់មធ្យមនៅកម្ពុជា ជាពិសេសក្នុងខេត្តកំពង់ចាម ។ ផ្កាស ក្លិនក្រអូបគេនិយមបេះដាក់ថូជាលំអផ្ទះ ។ ឈើក្លាយជាឈើខ្មៅស្រិល មានតម្លៃណាស់ សម្រាប់ធ្វើវត្ថុលំអ ។	</li><li><p-n>More Information	NK &nbsp;: chhë khmau (bois noir) &nbsp;ឈើខ្មៅ	NOTE	ពេលមានពាក្យ (វល្លិ) (ស្មៅ) (ដើម) ក្នុងវង់ក្រចកខាងក្រោយនាម រុក្ខជាតិ ត្រូវអានពាក្យនោះខាងមុខនាមវិញ។</p-n></li></ul>
ឈើជ័រ	EXCOECARIA (Euphorbiaceae)	Excoecaria agallocha L.	<ul><li>Small tree, 6-10 m tall, of the coastal forests of tropical Asia. Very bitter, hard and heavy wood, brown- reddish, spreading a pleasant smell when burned. The trunk, when cut, lets pour a latex irritating for the skin and the eyes; but the latex is localized only in the bark. So the lumberjacks husk the trunk before bringing it down. The husked wood is used in construction. The leaves, also toxic, can be used to stun fishes. The roots, less poisonous, are used in traditional medicine to treat swelling of hands and feet.	</li><li>ឈ្មោះព្រឹក្សតូចមួយ កំពស់ ៦-១០ម ដុះក្នុងព្រៃមាត់សមុទ្រ នៃអាស៊ីក្ដៅ ។ ឈើមានភាពរឹង ធ្ងន់ ពណ៌ក្រហមភាវមានជាតិល្វីង បើដុតអាចឱ្យក្លិនក្រអូប ។ ពេលគេកាត់ដើម និងកាំបិត គេឃើញជ័រចេញជាច្រើន ធ្វើឱ្យក្រហាយបើប៉ះ ស្បែក ឬភ្នែក ។ តែជ័រនេះមានក្នុងសំបកប៉ុណ្ណោះ ហេតុនេះគេបកសំបកចោល មុននឹងកាប់ដើមសម្រាប់សង់ផ្ទះ ។ ស្លឹកពុល តិចៗ អាចប្រើធ្វើឱ្យត្រីសន្លប់មុននេសាទ ។ ឬសមិនសូវពុល ។ គ្រាប់ធ្វើថ្នាំព្យាបាលជំងឺហើមជើង ដៃ ។ 	</li><li><p-n>More Information	NF &nbsp;: bois aveuglant, faux bois d’aigle</p-n></li></ul>
ឈើជ័រធំ	@ពាលពេច	CERBERA (Apocynaceae)	Cerbera manghas L. ex Gaertn.	<ul><li>Shrub or tree, 5-10 m tall, met on the coast of the tropical regions of the Ancient World. Red fruits which toxic seeds stupefiate fishes. Wood used for temporary constructions.	</li><li>ឈ្មោះចុល្លព្រឹក្ស ឬព្រឹក្សមួយប្រភេទកំពស់ពី ៥ទៅ១០ម ដុះក្នុងព្រៃមាត់សមុទ្រក្នុងប្រទេសក្តៅទ្វីបអាស៊ី អាហ្វ្រិក  អូស្ត្រាលី គ្មានដុះក្នុងទ្វីបអាមេរិកទេ ។ ផ្លែក្រហម ។ គ្រាប់មានជាតិពុល គេប្រើសម្រាប់បំពុលត្រីមុននេសាទ ។ ឈើអាចប្រើសង់រោងបណ្ដោះអាសន្នបាន ។	</li><li><p-n>More Information	NK : chhë choë thôm’, piël péch &nbsp;ឈើជ័រធំ, ពាលពេច	NOTE	ពេលមានពាក្យ (វល្លិ) (ស្មៅ) (ដើម) ក្នុងវង់ក្រចកខាងក្រោយនាម រុក្ខជាតិ ត្រូវអានពាក្យនោះខាងមុខនាមវិញ។</p-n></li></ul>
ឈើដៃខ្លា	WRIGHTIA (Apocynaceae)	Wrightia annamensis Eberh. &amp; Dubard	<ul><li>Shrub, 3-4 m tall, of the dense formations of Cambodia and Vietnam. The wood is used to make stamps and hoofs. The latex gives a locally exploited rubber. The oil seeds are used in cooking.	</li><li>ព្រឹក្សមួយប្រភេទ កំពស់ ៣-៤ម ដុះក្នុងព្រៃធំ ប្រទេសកម្ពុជា និង វៀតណាម ។ ឈើគេប្រើសម្រាប់ធ្វើជាត្រា និងទ្រនាប់ជើង ។ ជ័រអាចប្រើធ្វើជាកៅស៊ូបាន ។ គ្រាប់មានជាតិប្រេង គេប្រើធ្វើជាអាហារ ។ 	</li><li><p-n>More Information	NK &nbsp;: chhë: dai khla: (bois griffle de tigre, allusion à l’usage) &nbsp;ឈើដៃខ្លា	NOTE	ពេលមានពាក្យ (វល្លិ) (ស្មៅ) (ដើម) ក្នុងវង់ក្រចកខាងក្រោយនាម រុក្ខជាតិ ត្រូវអានពាក្យនោះខាងមុខនាមវិញ។</p-n></li></ul>
ឈើតូច	CLAOXYLON (Euphorbiaceae)	Claoxylon indicum Hassk.	<ul><li>Shrub, 4-6 m tall, of deforested grounds of Indochina. Wood used for the temporary constructions. 	</li><li>ឈ្មោះចុល្លព្រឹក្សម្យ៉ាង កំពស់ ៤-៦ម ដុះក្នុងទីវាលនៃឥណ្ឌូចិន ។ ដើមមិនជាប់ល្អទេ តែគេតែងប្រើប្រាស់ សម្រាប់ សង់រោងចណ្តោះអាសន្ន ។	</li><li><p-n>More Information	NK : chhë tô:ch (bois petit) &nbsp;ឈើតូច	NOTE	ពេលមានពាក្យ (វល្លិ) (ស្មៅ) (ដើម) ក្នុងវង់ក្រចកខាងក្រោយនាម រុក្ខជាតិ ត្រូវអានពាក្យនោះខាងមុខនាមវិញ។</p-n></li></ul>
ឈើត្បាល់	@ឈើភ្នំ	DILLENIA (Dilleniaceae)	Dillenia obovata (Blume) Hoogland	<ul><li>Tree, 20-35 m tall, with deciduous leaves, trunk 70 cm thick, of the clear forests of low altitude or on hills up to 1800 m; species of Indochina, Malay peninsula and Indonesia (Java, Sumatra). The fruits are eaten in the curry. The wood is used, in Cambodia, to make mills, to husk the rice and in construction.	</li><li>ព្រឹក្សម្យ៉ាងកំពស់ ២០-៣៥ម ជ្រុះស្លឹកពេលរដូវប្រាំង មានគល់ក្រាស់ដល់៧០ស.ម វិជ្ឈមាត្រ ដុះក្នុងព្រៃស្រោង លើដីរាប ឬលើភ្នំកំពស់ ១៨០០ម នៃឥណ្ឌូចិន ឧបទ្វីបជ្វា និងប្រទេសឥណ្ឌូនេស៊ី (Java Sumatra)។ ផ្លែទុំគេធ្វើគ្រឿងការី ។ នៅប្រទេសខ្មែរ ដើមឈើនេះសម្រាប់ធ្វើត្បាល់កិនស្រូវ និងសង់ផ្ទះ ។	</li><li><p-n>More Information	Syn. : D. harmandii Gagnep.</p-n></li></ul>
ឈើថ្ម	@ ក្បាលកន្លង់	DIOSPYROS (Ebenaceae) 	Diospyros castanea (Craib) Fletcher 	<ul><li>Tree, 8-15 m tall, of clear and mixed forests, met in Thailand, Cambodia and Laos. Trunk supplying ebony, much appreciated in cabinetwork. Barks used in traditional medicine as fortifying.	</li><li>ឈ្មោះព្រឹក្សមួយប្រភេទ កំពស់ ៨-១៥ម ដុះក្នុងព្រៃល្បោះ ឬក្នុងព្រៃស្ទើរក្រាស់ នៃប្រទេសកម្ពុជា លាវ និងថៃ ។ ឈើរឹងខ្មៅស្រិល គេនិយមប្រើសម្រាប់ធ្វើ តុ ទូ និងវត្ថុលំអផ្សេងៗ ។ សំបកសម្រាប់ធ្វើថ្នាំលើកកម្លាំង ។	</li><li><p-n>More Information	Syn. &nbsp;: Maba castanea Craib</p-n></li></ul>
ឈើថ្មលឿង	WALSURA (Meliaceae)	Walsura elata Pierre	<ul><li>Tree, 10-25 m tall, of the dense formations of Cambodia and Vietnam. Yellow wood, in demand for the constructions of houses. The fruits and the barks, rich in tannins, are used in decoction against diarrhoeas and dysentery.	</li><li>ព្រឹក្សមួយប្រភេទ កំពស់ ១០-២៥ម ដុះក្នុងព្រៃធំ នៃប្រទេសកម្ពុជា និងវៀតណាម ។ ឈើពណ៌លឿងមានតម្លៃ សម្រាប់សង់គ្រឿងផ្ទះ ។ ផ្លែ និងគ្រាប់រសចត់ច្រើន គេប្រើសម្រាប់ស្ងោរ ធ្វើថ្នាំរាកមួល ។	</li><li><p-n>More Information	NK : chhë: thmâ: luë:ng (bois roc, allusion à sa dureté) &nbsp;ឈើថ្មលឿង	NOTE	ពេលមានពាក្យ (វល្លិ) (ស្មៅ) (ដើម) ក្នុងវង់ក្រចកខាងក្រោយនាម រុក្ខជាតិ ត្រូវអានពាក្យនោះខាងមុខនាមវិញ។</p-n></li></ul>
ឈើទា	DUABANGA (Sonneratiaceae)	Duabanga grandiflora (Roxb. ex DC.) Walp.	<ul><li>Tree, 15-30 m tall, of wet dense forests and mangroves, met in the Indochinese and Malay Peninsula, as well as in India and China. Very widespread species thanks to the numerous seeds easily scattered by the wind and very appreciated by ducks. Wood valued for the construction of houses and boats.	</li><li>ឈើទាជាព្រឹក្ស កំពស់ ១៥-៣០ម ដុះក្នុងព្រៃធំត្រជាក់ និងព្រៃស្មាច់ នៃឧបទ្វីបឥណ្ឌូចិន ជ្វា ក្នុងប្រទេសឥណ្ឌា និងចិន ។ ដើមនេះអាចដុះបានច្រើន ដោយមានគ្រាប់តូចៗអាចហើរតាមខ្យល់ សត្វទាចូលចិត្តស៊ីគ្រាប់នេះណាស់ ។ ឈើមាន តម្លៃសម្រាប់សង់គេហដ្ឋាន និងទូក ។	</li><li><p-n>More Information	NK : chhë tië (bois canard) &nbsp;ឈើទា	NOTE	ពេលមានពាក្យ (វល្លិ) (ស្មៅ) (ដើម) ក្នុងវង់ក្រចកខាងក្រោយនាម រុក្ខជាតិ ត្រូវអានពាក្យនោះខាងមុខនាមវិញ។</p-n></li></ul>
ឈើទាលដង	DIPTEROCARPUS (Dipterocarpaceae)	Dipterocarpus turbinatus C.F. Gaertn.	<ul><li>Tree, 30-45 m tall, of wet dense forests, met in some points on sandy, clayey soils and on red soils. Widely distributed species: Bangladesh, Andaman islands, Burma, Thailand, Cambodia, Laos, Vietnam. Resin, almost solid, is of use especially to the preparation of torches. The wood, red brown, is in demand for sawing, woodwork and cabinetwork.	</li><li>ឈ្មោះព្រឹក្សម្យ៉ាង កំពស់ ៣០-៤៥ម ដុះក្នុងព្រៃជ្រៅត្រជាក់នៅលើដីមានខ្សាច់ ដីឥដ្ឋ និងដីក្រហម ។ ប្រភេទនេះ មានច្រើនប្រទេសណាស់, Bangladesh, កោះ Andaman ភូមា ថៃ លាវ កម្ពុជា វៀតណាម ។ ជ័រស្ទើររឹងសម្រាប់ធ្វើចន្លុះ ឈើពណ៌ក្រហមក្រមៅមានតម្លៃណាស់ សំរាប់អារធ្វើក្តារ ធ្វើតុ ទូ និងប្រដាប់តាំងលំអ ។	</li><li><p-n>More Information	Syn. &nbsp;: D. jourdainii Pierre</p-n></li></ul>
ឈើទាលត្រាង	THYRSANTHERA (Euphorbiaceae) 	Thyrsanthera suborbicularis Pierre ex Gagnep.	<ul><li>Shrub, 1-4 m tall, sometimes climbing, with many whitish hairs, of the open formations or in edges of dense forests of Cambodia and Southern Vietnam. The decoctions of twigs with leaves are of use to wash the delivered women. The infusion of roots is well known as effective against the malaria.	</li><li>ជាគុម្ពព្រឹក្សម្យ៉ាងកំពស់ ១-៤ម ពេលខ្លះស្ទើវារ មានរោមជាច្រើនពណ៌សប្រផេះ ដុះក្នុងព្រៃស្រោង ឬមាត់ព្រៃធំៗ នៃប្រទេសកម្ពុជា និង វៀតណាមខាងត្បូង ។ គេតែងប្រើមែកដែលមានស្លឹក សម្រាប់សំអាតស្រី្ដទើបសម្រាលកូនហើយ ។ គ្រូថ្នាំបុរាណឆុង ឬស រម្ងាប់រោគគ្រុនចាញ់ ។	</li><li><p-n>More Information	NK &nbsp;: chhëtiël tra:ng &nbsp;ឈើទាលត្រាង	NOTE	ពេលមានពាក្យ (វល្លិ) (ស្មៅ) (ដើម) ក្នុងវង់ក្រចកខាងក្រោយនាម រុក្ខជាតិ ត្រូវអានពាក្យនោះខាងមុខនាមវិញ។</p-n></li></ul>
ឈើទាលនាងដែង	@ឈើទាលបង្គួយ, @នាងដែងក្រហម	DIPTEROCARPUS (Dipterocarpaceae)	Dipterocarpus costatus G. Don	<ul><li>Tree, 25-40 m tall, of mixed dense decideous or half - decideous forests of plain and wet dense altitude forests, up to 1200 m, on well drained rich grounds. Species of the Indochinese and Malay Peninsula. Resin is used especially for the caulking of boats and the preparation of torches. Wood used for works not exposed to the elements. 	</li><li>ជាព្រឹក្សកំពស់ ២០-៤០ម ដុះក្នុងព្រៃក្រាស់ក្លាយ ឬព្រៃក្រាស់មធ្យមជ្រុះស្លឹកតិច ឬច្រើនលើដីរាប ឬលើភ្នំខ្ពស់រហូត ១២០០ម លើដីជីជាតិ និងទឹកសម្រេងល្អ ។ ដើមនេះមានក្នុងឧបទ្វីបឥណ្ឌូចិន និងជ្វា ។ ជ័រសម្រាប់ប្រើការបិទទូក និងធ្វើ ចន្លុះ ។ ឈើអាចប្រើធ្វើគ្រឿងផ្ទះដែលនៅម្លប់ ។	</li><li><p-n>More Information	Syn. &nbsp;: D. insularis Hance</p-n></li></ul>
ឈើទាលបាយ	@ឈើទាលទឹក, @ឈើទាលធំ	DIPTEROCARPUS (Dipterocarpaceae)	Dipterocarpus alatus Roxb. ex G. Don	<ul><li>Tree, 25-40 m tall, of the dense evergreen or mixed dense forests, between 300 and 900 m, common in the Indochinese and Malay Peninsula. Wood much valued in construction and in cabinetwork, when not exploited for its oily resin. Generally, resin is collected for different uses : wood lacquering, boat’s draught proofing and traditional medicine. Mixed with the wax of bee, it is used in the bandages of ulcerated wounds. Barks of the young trees, provided with 2-4 leaves, are believed to have medicinal virtues: against rheumatism, diseases of the liver... They would also stimulate the appetite of cattle.	</li><li>       ឈ្មោះព្រឹក្សមួយប្រភេទកំពស់ ២៥-៤០ម ដុះក្នុងព្រៃត្រជាក់ ឬព្រៃក្រាស់មធ្យម ក្នុងចន្លោះឧព្វេធ ៣០០ទៅ ៩០០ម នៃឧបទ្វីបឥណ្ឌូចិន និងជ្វា។ ឈើមានតម្លៃណាស់សម្រាប់សង់ផ្ទះ ឬធ្វើប្រដាប់តាំងលំអពេលណា គេមិនចំរាញ់យកជ័រពីដើម តែជារឿយៗ គេចំរាញ់ជ័រពីដើម សម្រាប់ប្រើការផ្សេង ដូចជា លាបទូកឈើ បិទទូក ឬទុកធ្វើថ្នាំរម្ងាប់រោគ ។ គ្រូថ្នាំខ្មែរយកជ័រឈើទាលបាយ លាយជាមួយក្រមួនធ្វើថ្នាំបំពោកលើដំបៅរលួយ។ សំបកដើមតូចៗ ទើបទងមានស្លឹក២-៤គេប្រើជា ថ្នាំព្យាបាលជម្ងឺ សន្លាក់ឆ្អឹង ថ្លើម ។ល។ ពេទ្យសត្វស្ងោរសំបកឱ្យសត្វពាហនៈផឹក ដើម្បីឱ្យវាស៊ីស្មៅបានច្រើនឆាប់ធំធាត់។ 	</li><li><p-n>More Information	NK &nbsp;: chhë tiël ba:y, chhë tiël tük, chhë tiël thôm ​​ ឈើទាលបាយ, ឈើទាលទឹក, ឈើទាលធំ	NOTE	ពេលមានពាក្យ (វល្លិ) (ស្មៅ) (ដើម) ក្នុងវង់ក្រចកខាងក្រោយនាម រុក្ខជាតិ ត្រូវអានពាក្យនោះខាងមុខនាមវិញ។</p-n></li></ul>
ឈើទាលប្រេង	DIPTEROCARPUS (Dipterocarpaceae)	Dipterocarpus retusus Blume	<ul><li>Tree, 20-30 m tall, of the dense forests of plain, common on the hillsides and along the rivers and in forests of altitude between 800 and 1500 m, met in the Indochinese and Malay Peninsula, as well as in the Philippines and Java. Resin, collected by the mountain dwellers, is used to make torches and candles. The wood is used in construction to make columns and boards.	</li><li>ឈ្មោះព្រឹក្សមួយប្រភេទ កំពស់ ២០-៣០ម ដុះក្នុងព្រៃជ្រៅ លើដីទំនាប ឬដីទួលជិតមាត់ទឹក ឬមួយដុះក្នុងព្រៃភ្នំដែលមានឧព្វេធពី ៨០០ ទៅ ១៥០០ម ។ មានដើមកំណើតក្នុងទ្វីបឥណ្ឌូចិន ជា្វ ប្រទេសហ្វីលីពីន និងកោះ java ។ ជ័រប្រេង ចម្រាញ់ដោយពួកព្នង សម្រាប់ធ្វើទៀន និងចន្លុះ ឈើសម្រាប់ធ្វើសសរផ្ទះ និងក្តារ ។	</li><li><p-n>More Information	Syn. &nbsp;: D. tonkinensis A. Chev.</p-n></li></ul>
ឈើទិព្វ	RAUVOLFIA (Apocynaceae)	Rauvolfia verticillata (Lour.) Baill.	<ul><li>Shrub, 1-2 m tall, sometimes climbing liana, 20-30 m long, of the dense or semi-dense forests of Indochina and China. Often cultivated as decorative species. In traditional medicine, the barks of the root are used for the treatment of high blood pressure.	</li><li>គុម្ពព្រឹក្សពួកមួយ កំពស់ ១ - ២ ម ដុះដុំគ្នាក្នុងព្រៃជ្រៅនៃប្រទេសកម្ពុជា លាវ និង វៀតណាម ។ គេនិយមដាំ ជា           រុក្ខជាតិលំអ ។ គ្រូខ្មែរបុរាណប្រើឬសឆុង ឬស្ងោរឱ្យអ្នកជំងឺដែលឡើងឈាមខ្លាំងផឹក ដើម្បីឱ្យឈាមចុះវិញ ។	</li><li><p-n>More Information	Syn. &nbsp;: Rauvolfia cambodiana Pierre ex Pit.</p-n></li></ul>
ឈើពួរ	DYSOXYLUM (Meliaceae)	Dysoxylum gobara (Buch. Ham.) Merr.	<ul><li>Shrub, 6-7 m tall, of the dense forests of the Indochinese Peninsula and India. The leaves are used on magic purposes by the inhabitants of Cambodian Southwest. The trunk is used to make boards.	</li><li>ឈ្មោះចុល្លព្រឹក្សមួយប្រភេទ កំពស់ ៦-៧ម ដុះក្នុងព្រៃធំនៃឧបទ្វីបឥណ្ឌូចិន និងប្រទេសឥណ្ឌា។ អ្នកស្រុកនៅខេត្តខាងនិរតីនៃប្រទេសខ្មែរ តែងប្រើស្លឹកឈើពួរ ក្នុងពិធីសូត្រមន្តអាគម ។ ឈើគេប្រើសម្រាប់ធ្វើកា្ដរផ្ទះ ។	</li><li><p-n>More Information	Syn. &nbsp;: Dysoxylum procerum Hiern ex Hook.</p-n></li></ul>
ឈើមាស	@ឈើកាប៉ាយ	MILIUSA (Annonaceae) 	Miliusa baillonii Pierre	<ul><li>Tree, 30-35 m tall, of the dense forests of Cambodia and Southern Vietnam. Golden yellow or yellowish wood, vulnerable to insects, used to make yokes, axles, stretchers and bows.	</li><li>ព្រឹក្សធំមួយប្រភេទ កំពស់ ៣០-៣៥ម ដុះក្នុងព្រៃធំ នៃប្រទេសកម្ពុជា និង វៀតណាមខាងត្បូង ។ ឈើពណ៌មាស ឬលឿងភា្លវ, សត្វល្អិតស៊ីបាន, ប្រើសម្រាប់ធ្វើនឹម ភ្លៅរទេះ, សែ្នងសែង អ្នករបួស និង ធ្នូ ។	</li><li><p-n>More Information	NK &nbsp;: chhëmiëhs (bois d’or, allusion à sa couleur), chhë kapa:y &nbsp;ឈើមាស, ឈើកាប៉ាយ	NOTE	ពេលមានពាក្យ (វល្លិ) (ស្មៅ) (ដើម) ក្នុងវង់ក្រចកខាងក្រោយនាម រុក្ខជាតិ ត្រូវអានពាក្យនោះខាងមុខនាមវិញ។</p-n></li></ul>
ឈើ-ស	KMERIA (Magnoliaceae) 	Kmeria duperreana (Pierre) Dandy	<ul><li>Tree, 20-30 m tall, of the dense or semi-dense forests of Cambodia and Southern Vietnam. Often cultivated as decorative. White, light easy to work wood, used to make boards and boats. In traditional medicine. the barks are considered as febrifuge.	</li><li>ឈើ-ស ជាព្រឹក្សកំពស់ ២០-៣០ម ដុះក្នុងព្រៃក្រាស់ ឬស្ទើរក្រាស់នៃប្រទេសខ្មែរ និងវៀតណាមខាងត្បូង ។ ដើមនេះគេច្រើនដាំជាលំអ ។ ឈើពណ៌ស ស្រាល ស្រួលអារ សំរាប់ធ្វើជាក្តារក្រាលផ្ទះ និង កាណូត ។ សំបកវា គេ ប្រើជាថ្នាំគ្រុន ។	</li><li><p-n>More Information	Syn. &nbsp;: Magnolia duperreana Pierre</p-n></li></ul>
ឈើស្រូលក្រហម	CALLICARPA (Verbenaceae)	Callicarpa cana L.	<ul><li>1 to 3 m tall bush of denses formations of tropical Asia. Wood used in carpentry. Leaves are said to be stupefacient on fishes. Stalk decoctions, having apetizing qualities, are prescribed to young mothers.	</li><li>ដើមនេះជាគុម្ពព្រឹក្សមួយប្រភេទ កំពស់ ១-៣ម ដុះក្នុងព្រៃក្រាស់ នៃអាស៊ីផ្នែកក្ដៅ ។ ឈើពណ៌ក្រហម សម្រាប់ធ្វើ ប្រដាប់ប្រដាប្រើប្រាស់បានគ្រប់យ៉ាង ។ ស្លឹកអាចធ្វើអោយត្រីសន្លប់ ។ គេស្ងោរដើម ស្លឹក ឬឬសឱ្យនារីទើបសម្រាលកូនហើយផឹកឱ្យបរិភោគបាយបានច្រើន ។	</li><li><p-n>More Information	NK : chhë srô:l krâhâ:m &nbsp;ឈើស្រូលក្រហម	NOTE	ពេលមានពាក្យ (វល្លិ) (ស្មៅ) (ដើម) ក្នុងវង់ក្រចកខាងក្រោយនាម រុក្ខជាតិ ត្រូវអានពាក្យនោះខាងមុខនាមវិញ។</p-n></li></ul>
ឈ្លីក	@នាងផ្អែក	TERMINALIA (Combretaceae) 	Terminalia alata F. Heyne ex Roth 	<ul><li>Tree, 8-20 m tall, of the clear forests of India and Indochina. Wood used for the small inside works of construction. Bark used in traditional medicine against some diseases of the nerve cells.	</li><li>ព្រឹក្សម្យ៉ាងកំពស់ ៨-២០ម ដុះក្នុងព្រៃស្រោងនៃប្រទេសឥណ្ឌា និងឥណ្ឌូចិន ។ ឈើជាប់ល្អសម្រាប់ធ្វើគ្រឿងក្នុងនៃផ្ទះ ។ គ្រូថ្នាំបុរាណប្រើសំបក ធ្វើជាថ្នាំព្យាបាលជម្ងឺកោសិកាខ្លះៗ ដែលមានក្នុងសរសៃប្រសាទ ។ 	</li><li><p-n>More Information	NA : Indian laurel</p-n></li></ul>
ឈ្លីកពក	BRIDELIA (Euphorbiaceae)	Bridelia retusa Spreng.	<ul><li>A tree, 8 to 15 m tall, of open formations; on rocky and nearly flooded lands everywhere in Southeast Asia. The wood, resistant to insects and climatic hazards, is much sought for building pillars. The bark gives a latex, the “kino”, a fishing poison.	</li><li>ជាដើមឈើធំ កំពស់៨-១៥ម ដុះព្រៃល្បោះលើដីមានថ្មច្រើន និងលើដីជាយទឹក នៃប្រទេសអាស៊ីផ្នែកអាគ្នេយ៍ ។ ឈើឈ្លីកពក គេនិយមប្រើណាស់ ពីព្រោះឈើនេះ មិនងាយពុក និងរឹង សត្វស៊ីមិនបាន គេយកធ្វើសសរផ្ទះ ។ សំបកវាអោយជ័រម្យ៉ាង សម្រាប់ធ្វើត្រីអោយសន្លប់ ។	</li><li><p-n>More Information	NK : chhli:k po:k &nbsp;ឈ្លីកពក	NOTE	ពេលមានពាក្យ (វល្លិ) (ស្មៅ) (ដើម) ក្នុងវង់ក្រចកខាងក្រោយនាម រុក្ខជាតិ ត្រូវអានពាក្យនោះខាងមុខនាមវិញ។</p-n></li></ul>
ញក្លាយ	@ឃ្លេ	MACLURA (Moraceae)	Maclura cochinchinensis (Lour.) Corner 	<ul><li>Climbing shrub with thorny twigs of the secondary formations and flooded forests of Indochina. Leaves and roots used in traditional medicine. The crushed fresh leaves are applied to the wounds to hasten their cure. The decoction of roots would be effective against the oedemas and rheumatisms. Wood used to dye the silk.	</li><li>ឈ្មោះព្រឹក្សមួយប្រភេទ មានបន្លាច្រើនវារឡើងលើដើមជិតខាងក្នុងព្រៃរនាមឥណ្ឌូចិន ។ ស្លឹក និងឬសជាឱសថ ស្លឹកអាចបុកបំពោកលើដំបៅឱ្យឆាប់ជា ឯឬសគេស្ងោរផឹកដើម្បីរំងាប់រោគហើម និងសន្លាក់ឆ្អឹង ។ ខ្លឹមឈើអាចស្ងោរជ្រលក់សូត្រ។	</li><li><p-n>More Information	Syn. &nbsp;: Cudrania cambodiana Gagnep.</p-n></li></ul>
ញព្រៃ	@ញធំ 	MORINDA (Rubiaceae)	Morinda tomentosa Roth	<ul><li>Shrub or small tree, 4-12 m tall, of the sunny places and clear forests of Southeast Asia. In traditional Khmer medicine, the roots grated in the alcohol give a drink which stops the vomits, especially in the cases of cholera.	</li><li>ចុល្លព្រឹក្ស ឬព្រឹក្សតូចម្យ៉ាងកំពស់ ៤-១២ម ដុះលើដីវាលឬក្នុងព្រៃស្រោងនៃអាស៊ីផ្នែកអាគ្នេយ៍ ។ គ្រូថ្នាំបុរាណខ្មែរ ប្រើឬសដែលកោសលំអិតហើយ ត្រាំស្រា ស សំរាប់អោយមនុស្សក្អូតដោយអាសន្នរោគផឹក ។	</li><li><p-n>More Information	Syn. : Morinda tinctoria Roxb.</p-n></li></ul>
ញស្បាត	@ញទឹក	MORINDA (Rubiaceae)	Morinda persicaefolia Ham.	<ul><li>Sub-shrub, 0.50-1 m tall, of the wet or flooded places of Southeast Asia. The plant is used to feed pigs, and eaten in times of scarcity by humans.	</li><li>គុម្ពព្រឹក្សតូចមួយប្រភេទកំពស់ ០.៥០-១ម ក្នុងព្រៃលិចទឹកឬលើដីសើមៗ នៃអាស៊ីផ្នែកអាគ្នេយ៍ ។ គេប្រើដើម      សំរាប់លាយបាយជ្រូក តែពេលទុរ្ភិក្ស មនុស្សស្ងោរដើមញទឹកបរិភោគ ។ 	</li><li><p-n>More Information	NK &nbsp;: nhô sba:t, nhô tük &nbsp;ញស្បាត, ញទឹក	NOTE	ពេលមានពាក្យ (វល្លិ) (ស្មៅ) (ដើម) ក្នុងវង់ក្រចកខាងក្រោយនាម រុក្ខជាតិ ត្រូវអានពាក្យនោះខាងមុខនាមវិញ។</p-n></li></ul>
ញ ស្រុក	MORINDA (Rubiaceae)	Morinda citrifolia L.	<ul><li>Shrub, 4-10 m tall, of the clear forests of tropical Asia. Often cultivated near houses. Edible, leaves often eaten as vegetables in a special dish, &quot;amôk&quot;. Ripe fruits eaten with some salt. In traditional medicine, the roots are used as a hypotensive medicine.	</li><li>ចុល្លព្រឹក្សម្យ៉ាងកំពស់ ៤–១០ម ដុះក្នុងព្រៃស្រោងនៃអាស៊ីផ្នែកក្តៅ គេច្រើនដាំជិតផ្ទះ ។ ស្លឹកប្រើជាអាហារបាន ខ្មែរយើងនិយម ប្រើស្លឹក ញ ឬ ស្លឹកកន្ទួត សំរាប់ធ្វើម្ហូបម្យ៉ាងឈោ្មះ (amok) ។ ផ្លែទុំបរិភោគជាមួយអំបិលបាន ។ គ្រូថ្នាំបុរាណប្រើឬស ធ្វើថ្នាំព្យាបាលរោគឡើងឈាម ។	</li><li><p-n>More Information	NK &nbsp;&nbsp;: &nbsp;nhô srôk &nbsp;ញស្រុក	NOTE	ពេលមានពាក្យ (វល្លិ) (ស្មៅ) (ដើម) ក្នុងវង់ក្រចកខាងក្រោយនាម រុក្ខជាតិ ត្រូវអានពាក្យនោះខាងមុខនាមវិញ។</p-n></li></ul>
ញិញបាត	@មុង្គ្រេ, @មុង្គ្រី	MELASTOMA (Melastomaceae) 	Melastoma saigonense (Kuntze) Merr.	<ul><li>Shrub, 1-3 m tall, with reddish twigs, of the open places of the Indochinese Peninsula. The leaves and the flowers are used in traditional medicine as astringent, in particular for the treatment of diarrhoeas and leucorrhoea. Leaves used to make torches.	</li><li>គុម្ពព្រឹក្សមួយប្រភេទកំពស់ ១-៣ម មានមែកធាងពណ៌ក្រហមភ្លាវ ដុះលើដីគ្មានព្រៃនៃឧបទ្វីបឥណ្ឌូចិន។ ស្លឹក និង ផ្កា សំរាប់ធ្វើថ្នាំបុរាណ សំរាប់ឃាត់ ជាពិសេស រំងាប់រោគរាគ និងធ្លាក់ស ។ ស្លឹកប្រើប្រឡាក់ជ័រទឹកធ្វើចន្លុះបាន ។ 	</li><li><p-n>More Information	Syn. &nbsp;: Melastoma villosum Lodd.</p-n></li></ul>
ដកខិម	IXORA (Rubiaceae) 	Ixora coccinea L.	<ul><li>Shrub, 1-4 m tall, of the undergrowth of the dense forests of India, Indochina, and Malaysia, often cultivated as decorative for its pink flowers. The infusion of roots would clarify the urin. In alcoholic dye, the root is used against dysentery.	</li><li>ចុល្លព្រឹក្សមួយប្រភេទ កំពស់ ១-៤ម ដុះក្នុងព្រៃក្រាស់នៃឥណ្ឌូចិន ប្រទេសឥណ្ឌា និងជ្វា គេច្រើនដាំជាលំអ ក្នុងសួន ឬក្នុងផើង ផ្កាមានពណ៌ ផ្កាឈូក ពេលខ្លះក្រហម ឬលឿង ។ គេឆុងឬសដកខិមផឹក ដើម្បីឱ្យថ្លាទឹកនោម ។ ឬសនេះ គេយកប្រើសម្រាប់ត្រាំស្រាធ្វើថ្នាំមួល ។	</li><li><p-n>More Information	NK &nbsp;&nbsp;: &nbsp;dâ:k khëm &nbsp;ដកខិម	NOTE	ពេលមានពាក្យ (វល្លិ) (ស្មៅ) (ដើម) ក្នុងវង់ក្រចកខាងក្រោយនាម រុក្ខជាតិ ត្រូវអានពាក្យនោះខាងមុខនាមវិញ។</p-n></li></ul>
ដកខិមផ្កា ស	@ចន្ទនា	IXORA (Rubiaceae) 	Ixora krewanhensis Pit., var. polita Pierre ex Pit.	<ul><li>Shrub, 2-4 m tall, of the undergrowth of the dense forests of Cambodia and Southern Vietnam, sometimes cultivated for its white flowers. Wood used for the construction of the boxes or to make pickets. 	</li><li>ចុល្លព្រឹក្សមួយប្រភេទ កំពស់ ២-៤ម ដុះក្រោមម្លប់ឈើធំៗ ក្នុងព្រៃក្រាស់ នៃប្រទេសខ្មែរ និងវៀតណាម ។ គេនិយមដាំវាក្នុងសួន ឬក្នុងផើង ជាលំអ ផ្កាតូចៗមានពណ៌ស ។ ឈើសម្រាប់ប្រើធ្វើជាប្រអប់ និង ជាបង្គោលរបង ។	</li><li><p-n>More Information	NK &nbsp;: dâ:k khëm phka sâ:, chan’te:nië: &nbsp;&nbsp;ដកខិមផ្កា-ស, ច័ន្ទនា	NOTE	ពេលមានពាក្យ (វល្លិ) (ស្មៅ) (ដើម) ក្នុងវង់ក្រចកខាងក្រោយនាម រុក្ខជាតិ ត្រូវអានពាក្យនោះខាងមុខនាមវិញ។</p-n></li></ul>
ដក់ចាន់	@ភ្លូ-ល្វៀង 	DILLENIA (Dilleniaceae)	Dillenia indica L.	<ul><li>Tree, up to 20 m tall, with thick trunk, up to 1.20 m, of dense or mixed formations, of Indochina, Malay peninsula, and Indonesia (Java, Borneo, Sumatra). Spherical fruits, about 10 cms in diameter, that may be eaten uncooked; they can also make compote. Yellow wood used for the manufacture of combs and in pottery work. 	</li><li>ព្រឹក្សម្យ៉ាងកំពស់ដល់ ២០ម មានគល់ធំរហូតមានវិជ្ឈមាត្រដល់ ១,២០ម ដុះក្នុងព្រៃក្រាស់ ឬក្រាស់លាយស្រោង នៃឥណ្ឌូចិន ឧបទ្វីបជ្វា និងប្រទេសឥណ្ឌូនេស៊ី (Java Bornéo Sumatra) ។ ផ្លែមូលវិជ្ឈមាត្រប្រហែល ១០ស.ម អាច បរិភោគឆៅបានជាចំណី ឬសម្រាប់ធ្វើដំណាប់ឆឹងស្ករ ។ ឈើប្រើសម្រាប់ធ្វើក្រាស់ និងក្រឡឹងជារបស់ផ្សេងៗ ។	</li><li><p-n>More Information	NK &nbsp;: dâk’ chan, phlu-l’viëng &nbsp;&nbsp;ដក់ចាន់​​ ភ្លូ-ល្វៀង	NOTE	ពេលមានពាក្យ (វល្លិ) (ស្មៅ) (ដើម) ក្នុងវង់ក្រចកខាងក្រោយនាម រុក្ខជាតិ ត្រូវអានពាក្យនោះខាងមុខនាមវិញ។</p-n></li></ul>
ដកដាវ	@ដាក់ដោក	SPATHOLOBUS (Leguminosae-Papilionoideae)	Spatholobus parviflorus (Roxb.) Kuntze 	<ul><li>Shrub or small tree, 6-18 m tall, of the clear forests of riversides, on granitic soil in plain or low altitude, below 800 m. The tree becomes sometimes a large ligneous liana. Wood used for internal construction. Edible fruits. Species of India and the Indochinese Peninsula. 	</li><li>ឈ្មោះចុល្លព្រឹក្ស ឬ ព្រឹក្សតូចម្យ៉ាង កំពស់ ៦-១៨ម ដុះក្នុងព្រៃស្រោង តាមមាត់ស្ទឹង លើដីមានជាតិកណសិលា ទំនាប ឬលើភ្នំទាបៗ នៃប្រទេសឥណ្ឌា និងឧបទ្វីបឥណ្ឌូចិន ។ រុក្ខជាតិនេះ អាចក្លាយជាវល្លិធំបាន ។ ឈើសំរាប់សង់ផ្ទះ ធ្វើគ្រឿងក្នុង ផ្លែបរិភោគបាន ។	</li><li><p-n>More Information	Syn. &nbsp;: Spatholobus roxburghii Benth.</p-n></li></ul>
ដកព	MARKHAMIA (Bignoniaceae)	Markhamia stipulacea (Wall.) Seem. ex K. Schum., var pierrei (Dop) Santisuk	<ul><li>Tree, 7-30 m tall, on edges of dense forests and secondary formations of Cambodia, Southern Vietnam and Southeastern Thailand. White, light wood, not affected by termites, used to make knickknacks. 	</li><li>ព្រឹក្សម្យ៉ាងមានកំពស់ ៧-៣០ម ដុះតាមជាយព្រៃក្រាស់ និងព្រៃល្បោះនៃប្រទេសកម្ពុជា វៀតណាមខាងត្បូង និង ថៃខាងអាគ្នេយ៍ ។ ឈើពណ៌ស ស្រាល ជាប់ សត្វល្អិតស៊ីមិនដាច់ សំរាប់ធ្វើជាវត្ថុផ្សេងៗ តាំងលំអផ្ទះ ។	</li><li><p-n>More Information	Syn. &nbsp;: Markhamia pierrei Dop</p-n></li></ul>
ដកហ៊ាន	@ស្ដៅខ្មោច, @ស្ដៅជប៉ុន	MELIA (Meliaceae) 	Melia azedarach L. 	<ul><li>Tree, 25-30 m tall, originating from Japan or China, cultivated in all tropical, subtropical or even temperate regions as decorative and shade plant. The fruits, toxic to man, are eaten with impunity by birds and sheeps. In Java, they would be sometimes used in a criminal purpose. The oil extracted from the seeds are used to make soap. In traditional medicine, the poisonous fruit is used as vermifuge. The leaves are used against the cutaneous diseases. Reddish or whitish wood, valued for fine cabinetwork.	</li><li>ព្រឹក្សម្យ៉ាងកំពស់ ២៥-៣០ម កំណើតក្នុងប្រទេសចិន ឬជប៉ុន គេដាំនៅគ្រប់ប្រទេសក្តៅ ក្តៅមធ្យម និងត្រជាក់មធ្យម ជាដើមលំអ ហើយនិងសំរាប់ជាម្លប់ ។ ផ្លែពុល សំរាប់មនុស្ស តែសត្វស្លាប និងចៀមស៊ីបាន ។ នៅប្រទេសជ្វា មនុស្សខ្លះ ប្រព្រឹត្តបទឧក្រិដ្ឋដោយយកផ្លែបំពុលគេ ។ ប្រេងដែលចំរាញ់ពីគ្រាប់ គេធ្វើជាសាប៊ូ ។ គ្រូថ្នាំបុរាណប្រើផ្លែធ្វើថ្នាំព្រូន ។ ស្លឹកសំរាប់ព្យាបាលជំងឺស្បែក ។ ឈើពណ៌ក្រហមភ្លាវ ឬ សភា្លវ មានតំលៃសំរាប់ប្រើ  ធ្វើជា តុ ទូ ល្អប្រណិត ។	</li><li><p-n>More Information	NF &nbsp;: lilas du Japon</p-n></li></ul>
ដងិ្ហតឈ្នាង	@ដង្ហិតខ្មោច	CASSIA (Leguminosae-Caesalpinioideae)	Cassia tora L.	<ul><li>Strong herb or sub-shrub, 1 m tall, of vague origin but probably from South America, naturalized in all the tropical regions of the world. It is met along the roads, and on waste lands. The green seeds give eye drops for the eyes; the ripe, roasted and ground seeds, can be used as surrogate of coffee or tea. They would constitute also a good mordant fo blue dye. The decoctions of young leaves and branches would be purgative and tonic, often used also to treat cutaneous diseases.	</li><li>ជាស្មៅរឹង អាចមានកំពស់រហូត ១ម មានដើមកំណើតប្រហែលនៅប្រទេសអាមេរិកខាងត្បូង គេនាំទៅដាំនៅគ្រប់ ប្រទេសក្តៅក្នុងសកល ។ ឥឡូវអាចដុះឯងៗតាមមាត់ផ្លូវ និងលើដីវាល ។ គេយកទឹកគ្រាប់ខ្ចីៗធ្វើថ្នាំដាក់ភ្នែក ។ គ្រាប់ទុំលីងហើយកិនឱ្យម៉ត់អាចឆុងផឹកជំនួសកាហ្វ ឬតែបាន ។ មុននឹងជ្រលក់ សំពត់ជាពណ៌ខៀវ គេតែងយកសំពត់នេះត្រាំក្នុងទឹកស្ងោរគ្រាប់ ដង្ហិតខ្មោច ដើម្បីឲ្យពណ៌ខៀវជាប់ល្អ ។ ទឹកស្ងោរ ស្លឹកខ្ចី ឬមែកជាថ្នាំបញ្ចុះ ឬជាថ្នាំលើក ម្លាំង ។ គេយកទឹកស្ងោរដដែលនេះព្យាបាលជម្ងឺស្បែក ។	</li><li><p-n>More Information	NK : dânghët chhniëng (dartrier épuisette), dânghët khmaô:ch (dartrier fantôme, dartrier sauvage) &nbsp;ដង្ហិតឈ្នាង, ដង្ហិតខ្មោច	NOTE	ពេលមានពាក្យ (វល្លិ) (ស្មៅ) (ដើម) ក្នុងវង់ក្រចកខាងក្រោយនាម រុក្ខជាតិ ត្រូវអានពាក្យនោះខាងមុខនាមវិញ។</p-n></li></ul>
ដង្កៀបក្ដាម	ANTIDESMA (Euphorbiaceae)	Antidesma ghaesembilla Gaertn.	<ul><li>Shrub, 2-8m tall, found in open forest or along edge dense forest in topical Asia and Australia. The fruit, small and acid, is edible fresh or pickled. In traditional medicine, the young boughs mixed with papaya’s roots make a remedy to regulate menstruation. Bark mixed with tobacco is used to dress some wounds. The crushed leaves are applied on the head of baby newly born to prevent him from cold in the head.	</li><li>ចុល្លព្រឹក្សកំពស់ ២ - ៨ ម ដុះក្នុងព្រៃស្រោង ឬមាត់ព្រៃធំនៃអាស៊ីផ្នែកអគ្នេយ៍។ ផ្លែជូរគេបរិភោគឆៅ ឬជ្រក់ជាគ្រឿងទេស។ ស្លឹក និងសំបកសំរាប់ធ្វើថ្នាំរំងាប់រោគផ្សេងៗ : ស្លឹកបុកបិទបង្ហើយក្មេងៗ ដើម្បីព្យាបាលរោគផ្ដាសាយ និងគ្រុនក្តៅ។សំបកលាយនិងថ្នាំជក់ សំរាប់បិទរបួស។ គេអាចយកសំបកទៅលាយជាមួយដើមដទៃទៀត ធ្វើឱសថជំងឺរាគ ។	</li><li><p-n>More Information	NK : dângkiëp k’da:m (pinces de crabe, allusion à la forme du fruit) &nbsp;តង្កៀបក្ដាម	NOTE	ពេលមានពាក្យ (វល្លិ) (ស្មៅ) (ដើម) ក្នុងវង់ក្រចកខាងក្រោយនាម រុក្ខជាតិ ត្រូវអានពាក្យនោះខាងមុខនាមវិញ។</p-n></li></ul>
ដង្កោ	DIOSPYROS (Ebenaceae) 	Diospyros malabarica (Desr.) Kostel.	<ul><li>Tree, 10-12 m tall, of dense or mixed forests of Indochina, India and Indonesia. The ripe fruits are edible. Green or ripe, the fruits give a slightly dark brown dye used to dye the fishing nets, the cotton or different baskets. The infusions of green fruits are considered a remedy against diarrhoeas and dysentery. The infusions of the bark are used for dyeing leather. The wood, white streaked with black, is much valued in cabinetwork.	</li><li>ដង្កោជាព្រឹក្សកំពស់ ១០-១២ម ដុះក្នុងព្រៃធំ ឬស្ទើរធំនៅប្រទេសឥណ្ឌា ឥណ្ឌូនេស៊ី និងឧបទ្វីបឥណ្ឌូចិន ។ ផ្លែទុំ បរិភោគជាចំណីបាន ។ ផ្លែខ្ចី និងទុំ មានជាតិថ្នាំពណ៌ក្រមៅ សម្រាប់ជ្រលក់សំពត់ សំណាញ់ អំបោះ ឬកញ្ច្រែង ល្អី ចង្អេរ ។ ផ្លែខ្ចីៗ គេស្ងោរផឹកជាថ្នាំរាគមួល ។ សំបកស្ងោរសម្រាប់ជ្រលក់ស្បែក ។ ឈើពណ៌សឆ្នូតខ្មៅមានតម្លៃណាស់ គេប្រើធ្វើវត្ថុតាំងលំអ ។	</li><li><p-n>More Information	Syn. &nbsp;: D. embryopteris Pers.</p-n></li></ul>
ដង្កោខ្មោច	DIOSPYROS (Ebenaceae) 	Diospyros montana Roxb.	<ul><li>Tree, 7-15 m tall, with a blackish bark, of dense and secondary formations of Indochina and India. Trunk often provided with thorns. Yellow or whitish, hard and flexible wood, fairly in demand to make knickknacks and in construction.	</li><li>ឈ្មោះព្រឹក្សមួយប្រភេទ កំពស់ ៧-១៥ម សំបកក្រៅពណ៌ខ្មៅភាវដុះក្នុងព្រៃធំ ឬព្រៃល្បោះនៅឥណ្ឌូចិន និងប្រទេសឥណ្ឌា។ ដង្កោខ្មោចច្រើន មានបន្លាវែងនៅដើម។ ឈើពណ៌សភាវ ឬលឿង រឹងពត់បានគេប្រើធ្វើគ្រឿងផ្ទះ និងវត្ថុតាំងលំអ។	</li><li><p-n>More Information	Syn. &nbsp;: D. cordifolia Roxb.</p-n></li></ul>
ដង្ខឹម	GLINUS (Molluginaceae)	Glinus oppositifolia (L.) DC. 	<ul><li>Annual herb, 10-60 cm tall, on periodically flooded tall of tropical Asia, Australia and Africa, often cultivated as vegetables. The bitter leaves, are eaten cooked with meat or fish. In traditional medicine, the leaves are used to treat headaches and flu as well as troubles of the digestive system.	</li><li>ដង្ខឹមជាស្មៅប្រចាំឆ្នាំ កំពស់ ១០-៦០ស.ម ដុះលើដីទំនាប់ដែលមានទឹកលិចម្តងៗ ដោយទៀងកំណត់ពេល នៅទ្វីបអាស៊ី  អាហ្វ្រិក និង អូស្ត្រាលីផ្នែកក្ដៅ ពេលខ្លះជាដំណាំគេដាំជាបន្លែ ។ ស្លឹកមានរស់ជាតិល្វីង សម្រាប់ស្លជាមួយត្រី ឬសាច់ ។ គ្រូថ្នាំយកស្លឹកធ្វើថ្នាំព្យាបាលជម្ងឺឈឺក្បាល ឬគ្រុនផ្ដាសាយ ឬមួយរម្ងាប់រោគ គ្រឿងរំលាយអាហារ ។	</li><li><p-n>More Information	Syn. : Mollugo oppositifolia L.</p-n></li></ul>
ដង្ហិត	CASSIA (Leguminosae-Caesalpinioideae)	Cassia alata L.	<ul><li>A small shrub, about 1.5 m tall, originating in South America, cultivated near houses as ornemental and utilitarian. The clusters of large yellow saffron flowers bloom during rainy season and fall during dry season, inspiring a popular riddle: &quot;prang’ sëk, kândëk buöhs&quot; (&quot;defrocked in dry season, monk during monsoon&quot;). The crushed leaves mixed with quicklime and water treat sores and eczemas. The plant is toxic, sometimes killing cattle. Roots are purgative.	</li><li>ដង្ហិតជាចុល្លព្រឹក្សតូចមួយប្រភេទ កំពស់ប្រហែល ១,៥០ម មានដើមកំណើតនៅអាមេរិកខាងត្បូង គេដាំក្បែរផ្ទះនៅ សម្រាប់ល្អមើលផង សម្រាប់ប្រើធ្វើថ្នាំផង ។ រដូវភ្លៀង ដង្ហិតមានផ្កាលឿង ជាចង្កោម ល្អមើលណាស់ តែពេលខែប្រាំង ផ្កាជ្រុះអស់ ហេតុនេះខ្មែរយើងតែងធ្វើប្រស្នាមួយថា “ប្រាំងសឹក កន្ដិកបួស” ។ ស្លឹកដង្ហិត បុកម៉ត់លាយជាមួយទឹក និងកំបោរសម្រាប់ធ្វើថ្នាំព្យាបាល ជម្ងឺស្បែក ដូចជាស្រែង និងត្រអក ។ ដើមដង្ហិតជាដើមពុល គោក្របី ដែលស៊ីស្លឹក អាចស្លាប ់បាន ។ ពេលខ្លះគេប្រើឬសជាថ្នាំបញ្ចុះ ។	</li><li><p-n>More Information	NA : ringworm cassia, craw-craw</p-n></li></ul>
ដង្ហើម	CRESCENTIA (Bignoniaceae)	Crescentia cujete L.	<ul><li>Shrub, 2-6 m tall, originating from tropical America, cultivated as decorative. The fruit, peeled, gives a juice which, absorbed, would favor the breath and the blood circulation. The pulp of the green fruit and the juice would be laxative. The hollowed out fruit can are used as a mud or as tool to boil water.	</li><li>ដង្ហើមជាចុល្លព្រឹក្សកំពស់ ២ទៅ៦ម មានដើមកំណើតនៅប្រទេសអាមេរិកក្ដៅ គេនាំយកទៅដាំជាលំអ ក្នុងប្រទេសក្តៅនានាសកលលោក ។ ផ្លែ ដែលបកសំបកហើយអាចអោយទឹកដមសម្រាប់ផឹកជាថ្នាំដកដង្ហើមស្រួល និងនាំឈាមដើរ         អោយស្រួលផង ។ សាច់នៃផ្លែខ្ចី និងទឹកដម គេប្រើជាថ្នាំបញ្ចុះលាមក សំបកនៃផ្លែទុំដែលលុងហើយ គេអាចប្រើធ្វើកំសៀវដាំទឹកពុះបាន ។	</li><li><p-n>More Information	NA : calebash-tree</p-n></li></ul>
ដំបងយក្ស	LEMAIREOCEREUS (Cactaceae) 	Lemaireocereus marginatus (DC.) Backeb. &amp; F. Knuth 	<ul><li>Cactus introduced since long from Mexico into all the tropical countries of the world. In Cambodia, it is cultivated especially to make quickset hedges. The fruits are edible but little popular.	</li><li>ដំបងយក្សម្យ៉ាងនេះ គេនាំពីប្រទេស Mexique ជាយូរសតវត្សមកហើយ មានដាំគ្រប់ប្រទេសក្ដៅក្នុងសកលលោក។ នៅប្រទេសខ្មែរ គេនិយមដាំធ្វើរបង ។ ផ្លែបរិភោគបាន តែយើងមិនសូវចូលចិត្តវាទេ ។	</li><li><p-n>More Information	NK &nbsp;: &nbsp;dâmbâ:ng yiëak (bâton du géant) &nbsp;ដំបកយក្ស	NOTE	ពេលមានពាក្យ (វល្លិ) (ស្មៅ) (ដើម) ក្នុងវង់ក្រចកខាងក្រោយនាម រុក្ខជាតិ ត្រូវអានពាក្យនោះខាងមុខនាមវិញ។</p-n></li></ul>
ដំរីប្រាំដក	PLOIARIUM (Theaceae)	Ploiarium alternifolium (Vahl) Melch.	<ul><li>Shrub, 1-3 m tall, with thick trunk, of the clear forests of the Indochinese and Malay Peninsula and Borneo. The infusions of roots are said to be to fortifying. 	</li><li>ឈ្មោះចុល្លព្រឹក្សមួយប្រទេស កំពស់១-៣ម មែកធំក្រាស់ ដុះក្នុងព្រៃស្រោងនៃឧបទ្វីបឥណ្ឌូចិន ជា្វ និងលើកោះ Bornéo ។ គេតែងឆុងឬស ផឹកជាថ្នាំលើកកម្លាំង ។	</li><li><p-n>More Information	Syn. &nbsp;: Archytea vahlii Choisy</p-n></li></ul>
ដំឡូងជា្វព្រៃ	DIOSCOREA (Dioscoreaceae)	Dioscorea esculenta (Lour.) Burkill 	<ul><li>Climbing, thorny liana, with numerous tubers, arranged in bundle; spontaneous species, cultivated in all tropical regions. The tubers are of the thickness of a potato, with delicate white flesh, eaten cooked.	</li><li>ឈ្មោះវល្លិមានបន្លាមួយប្រភេទ មានមើមជាច្រើនដុះជាសំណុំ ដើមនេះដុះឯងៗ ឬដាំនៅគ្រប់ប្រទេសក្តៅ ។ មើមធំដូច ដំឡូងបារាំងសាច់ម៉ត់ស សម្រាប់ស្ងោរបរិភោគ ។	</li><li><p-n>More Information	NA &nbsp;: potato yam</p-n></li></ul>
ដំឡូងជ្រូក	DIOSCOREA (Dioscoreaceae)	Dioscorea oryzetorum Prain &amp; Burkill	<ul><li>Liana of the open formations of paddy fields plains of Cambodia and Thailand. The tubers, numerous, with white flesh, are used uncooked to feed pigs. Human beings may eat them cooked.	</li><li>ឈ្មោះវល្លិមួយប្រភេទ ដុះក្នុងព្រៃល្បោះ លើដីរាបសម្រាប់ស្រែនៃប្រទេសខ្មែរ និងថៃ ។ មើមមានច្រើនសាច់ស គេប្រើសម្រាប់ធ្វើបាយជ្រូកក្នុងភាពឆៅ ។ មនុស្សក៏បរិភោគមើមនេះបាន តែត្រូវចំអិនជាមុនសិន ។	</li><li><p-n>More Information	NF &nbsp;: yam de porc</p-n></li></ul>
ដំឡូងជ្វា	IPOMOEA (Convolvulaceae)	Ipomoea batatas (L.) Lam.	<ul><li>Herb with a red or white root, of American origin, cultivated in all tropical regions for its edible tubers. In Cambodia, the young leaves and stalks are consumed cooked as vegetables. The tubers also enter numerous culinary preparations. Eaten raw, they could treat the seasickness. The boiled sweet potatoes are recommended to the convalescents and to the children of the first age. The summit of the stalks of the red variety which, it appears, contains a principle similar to the insulin, is given to eat to the diabetics. 	</li><li>តិណជាតិ មានឬសក្រហម ឬ ស ដុះក្នុងទ្វីបអាមេរិកក្ដៅ គេនាំមកដាំគ្រប់ប្រទេសក្តៅ សកលលោក សម្រាប់យកមើមប្រើជាអាហារ ។ នៅស្រុកខ្មែរ ត្រួយអាចបរិភោគជាបន្លែ ។ មើមគេប្រើធ្វើម្ហូប ឬបង្អែមក៏បាន ។ ពេលមានការពុល រលក គេយកមើមដំឡូងមកបរិភោគនៅឱ្យបាត់ពុល ។ ម្សៅ ដំឡូងជ្វាជាអាហារកម្លាំងសម្រាប់កូនខ្ចី និងមនុស្សងើបពីឈឺ។ ត្រួយដំឡូងដែលមើមក្រហម មានសារជាតិម្យ៉ាងដូច Insuline គេច្រើនឱមនុស្សទឹកនោមផ្អែម បរិភោគ ។	</li><li><p-n>More Information	NA &nbsp;: sweet potato</p-n></li></ul>
ដំឡូងឈាមមាន់	@ដំឡូងភ្លុក	DIOSCOREA (Dioscoreaceae)	Dioscorea alata L.	<ul><li>Lengthily climbing plant, cultivated in all tropical regions of the world for its voluminous tubers which constitute a nourishing food. They are particularly recommended to the patients suffering lungs diseases. They would have also healing virtues in loins and spleen’s troubles. 	</li><li>ឈ្មោះដើមមែកវែងវារលើរុក្ខជាតិជិតខាង គេដាំក្នុងប្រទេសក្ដៅលើសកលលោក ដើម្បីយកមើមធំៗ បរិភោគជាអាហារ ។ មើមដំឡូងភ្លុកសម្រាប់ ឱ្យអ្នកឈឺសួតបរិភោគជួយលើកម្លាំង ។ មើមនេះ គ្រូខ្មែរធ្វើថ្នាំព្យាបាលជម្ងឺតម្រងទឹកនោម និងផាល ។	</li><li><p-n>More Information	NA &nbsp;: water yam, white yam, Guyane arrowroot</p-n></li></ul>
ដំឡូងទឹក	DIOSCOREA (Dioscoreaceae)	Dioscorea pentaphylla L.	<ul><li>Climbing liana of the dense forests, near the rivers, met from the Southeast Asia to the Pacific. The single tubers, farinaceous, are edible after cooking. 	</li><li>ដំឡូងទឹកជាវល្លិវារឡើងដើមឈើដុះក្នុងព្រៃធំ ជិតមាត់ទឹក ក្នុងប្រទេសជាច្រើន ពីអាស៊ីផ្នែកអាគ្នេយ៍ រហូតដល់ខាងកើតប៉ាស៊ីហ្វីក ។ មើមដុះគោល មានជាតិម្សៅច្រើន អាចបរិភោគជាអាហារបានពេលចំអិនហើយ ។ 	</li><li><p-n>More Information	NK &nbsp;: dâmllôô:ng tûk (patate d’eau) &nbsp;ដំឡូងទឹក	NOTE	ពេលមានពាក្យ (វល្លិ) (ស្មៅ) (ដើម) ក្នុងវង់ក្រចកខាងក្រោយនាម រុក្ខជាតិ ត្រូវអានពាក្យនោះខាងមុខនាមវិញ។</p-n></li></ul>
ដំឡូងទៀន	DIOSCOREA (Dioscoreaceae)	Dioscorea brevipetiolata Prain et Burkill	<ul><li>Climbing liana of the undergrowth of clear or dense forests, common in Cambodia, Laos, Vietnam and Thailand. Tubers usually single, sunk in the soil, of the size of a small candle, with a white flesh, edible after cooking.	</li><li>ឈោ្មះវល្លិវារលើដើមជិតខាងមួយប្រភេទ ដុះក្រោមដើមឈើធំៗ ក្នុងព្រៃក្រាស់ ឬព្រៃស្រោង នៃប្រទេស ខ្មែរ លាវ   វៀតណាម និងថៃ ។ មើមរាងដូចទៀន ច្រើនដុះជាទោលក្នុងដី សាច់ពណ៌ស គេស្ងោរបរិភោគជាមួយស្ករ ។ 	</li><li><p-n>More Information	NK : dämlôô:ng tiën (patate bougie, allusion à la forme allongée et cylindrique des tubercules)ដំឡូងទៀន	NOTE	ពេលមានពាក្យ (វល្លិ) (ស្មៅ) (ដើម) ក្នុងវង់ក្រចកខាងក្រោយនាម រុក្ខជាតិ ត្រូវអានពាក្យនោះខាងមុខនាមវិញ។</p-n></li></ul>
ដំឡូងមី	@ដំឡូងឈើ 	MANIHOT (Euphorbiaceae)	Manihot esculenta Crantz	<ul><li>Shrub, 1-2 m tall, originating from Western Africa, cultivated in the tropical regions to make quickset hedges and moreover for its edible tubers. There are two varieties: a bitter one and a sweet one. The tubers of the first contain a strong quantity of toxin (manihotoxine) and are edible only after a special preparation : those of second are eaten in the natural state after cooking. Tapioca is made from the flour of these tubers.	</li><li>ឈ្មោះគុម្ពព្រឹក្សម្យ៉ាងកំពស់ ១-២ម ដុះក្នុងស្រុកអាហ្វ្រិកខាងលិច គេនាំចូលគ្រប់ប្រទេសក្ដៅលើសកលលោក ពេលខ្លះ គេដាំធ្វើរបង តែច្រើនដាំដើម្បីយកមើមធ្វើជាអាហារ ។ មានដំឡូងឈើពីរយ៉ាង ម្យ៉ាងដំឡូងធម្មតា ម្យ៉ាងទៀតជាដំឡូងពុល ដោយមានធាតុពុលច្រើនពេក គេមិនអាចបរិភោគដំឡូងទីពីរនេះទេ លើកលែងតែគេលាងច្រើនដងដើម្បីយកជាតិពុលចេញសិន ។ ម្សៅសាតូ (Tapioca) គេធើ្វពីមើមដំឡូងឈើ ។	</li><li><p-n>More Information	Syn. : Manihot utilissima Pohl</p-n></li></ul>
ដីប្លី	PIPER (Piperaceae)	Piper retrofractum Vahl. 	<ul><li>Climbing shrub, 5-10 m long, of the dense formations of Cambodia, Laos, Vietnam, Thailand and Indonesia, sometimes cultivated, particularly in Malaysia. The fruits can be used as spices. In traditional Khmer medicine, they are used in external use, against rheumatisms, headaches and for the bandage of the boils and adenites. Used internally against the diseases of liver with jaundice and against oedemas.	</li><li>ឈ្មោះវល្លិរឹងមួយពួកប្រវែង ៥–១០ម វារឡើងឈើជិតខាង ដុះក្នុងព្រៃធំនៃប្រទេសកម្ពុជា លាវ វៀតណាម និង ឥណ្ឌូណេស៊ី ពេលខ្លះគេដាំវាឱ្យតោងជន្លង់ ដូចនៅប្រទេសជ្វាជាដើម ។ ផ្លែមូលទ្រវែងប្រើដូចម្រេច គឺជាគ្រឿងហឺរ ឬគ្រឿងសម្ល ។ ផ្លែដីប្លីធ្វើថ្នាំបានច្រើនមុខថ្នាំបំពោក ព្យាបាលជម្ងឺសន្លាក់ឆ្អឹង ឈឺក្បាល រុំបូសទ្រនិច និងរោគកូនកណ្តុរ ឬថ្នាំផឹកព្យាបាលជម្ងឺខាន់លឿង និងហើមខ្លួន ។	</li><li><p-n>More Information	NA &nbsp;: long pepper</p-n></li></ul>
ដឹសព្រៃ	@វល្លិស្តំព្រៃ	DIOSCOREA (Dioscoreaceae)	Dioscorea bulbifera L.	<ul><li>Climbing liana of the dense or clear forests. Solitary tubers, renewed every year at the top of previous years’ tuber, spherical or pear shaped, with short roots. In the armpit of the upper leaves, bulbils are often formed, egg-shaped or spherical. Bulbils and tubers contain a toxic constituent which disappears after repeated washes and cooking. By cultivation, they lose their toxicity and become edible. Species originating from Asia but cultivated in all tropical regions. In traditional medicine, bulbils of the wild species are applied to the ulcers to hasten their cure.	</li><li>ឈ្មោះវល្លិវារលើដើមឈើមួយប្រភេទ ដុះក្នុងព្រៃក្រាស់ ឬព្រៃស្រោង ។ មើមទោលដុះឡើងមួយឆ្នាំម្តង លើមើមចាស់ រាងមូល ឬរាងផ្លែព័រមានឫសខ្ចីៗ។ នៅគល់ស្លឹកលើបង្អស់ មានដុះពន្លកធាតុម្សៅ រាងពងក្រពើ ឬរាងជាគោល ។ ពន្លកគល់ស្លឹក ឬមើមក្នុងដី មានធាតុពុលម្យ៉ាង ត្រូវលាងទឹកច្រើនដង មុននឹងចំអិន ទើបបំបាត់ធាតុពុលនេះ ។ ដើមគេដាំគា្មនជាតិពុលទេ យើងអាចបរិភោគមើម និងពន្លកគល់ស្លឹកបាន ។ ដើមនេះដើមកំណើតក្នុង ទ្វីបអាស៊ី គេនាំទៅដាំជាដំណាំគ្រប់ស្រុកក្ដៅលើសកលលោក ។ គ្រូថ្នាំយកពន្លកគល់ស្លឹក ដើមដឹសព្រៃ ធ្វើថ្នាំបំពោកលើដំបៅរលួយ ឱ្យឆាប់ជា ។	</li><li><p-n>More Information	NK &nbsp;: dëhs préi, voër sdâm préi &nbsp;ដឹសព្រៃ, វល្លិស្តំព្រៃ	NOTE	ពេលមានពាក្យ (វល្លិ) (ស្មៅ) (ដើម) ក្នុងវង់ក្រចកខាងក្រោយនាម រុក្ខជាតិ ត្រូវអានពាក្យនោះខាងមុខនាមវិញ។</p-n></li></ul>
ដូង	COCOS (Palmae)	Cocos nucifera L.	<ul><li>Tree, 2-30 m tall, monocaulous, of Asian origin, cultivated at present in the warm countries of the world. It appeared some 4000 years ago (the 1st mention of a coconut palm in China is found in a Chinese poem of the 20th century B.C.). There are numerous varieties or cultivated forms. All the parts of the coconut palm are useful. The leaves are used for covering the houses or for decorating climbing frames and meeting rooms. The flowers are sometimes used in the wedding ceremonies. The most used part is the fruit, or coconut which water (liquid albumen) makes a soft drink. The copra (solid albumen) gives an oil with multiple uses (cooking. cosmetic...). The fibrous envelope of the fruit is used generally to make brooms. In traditional medicine, the roots of the coconut palm are said to be to effective against dysentery. The nut, freed of its fibers, burned on warm ashes, let exudate an oily material used to calm dental pains.	</li><li>ឈ្មោះព្រឹក្សម្យ៉ាង សន្តានស្លា ត្នោត កំពស់ ២-៣០ម មានដើមកំណើតក្នុងទ្វីបអាស៊ី គេស្គាល់ដូងជិត៤ពាន់ឆ្នាំហើយ នៅប្រទេសចិន (ក្នុងកំណាព្យចិនមួយ គេឃើញមានឈ្មោះដូង កំណាព្យសរសេរប្រហែល ២ពាន់ឆ្នាំមុន ព្រះយេស៊ូ)។ដូងមានច្រើនប្រភេទណាស់ តែឈ្មោះវិទ្យាសាស្ត្រនៅដដែល មានដូងភ្លើង ដូងតុកកែ ដូងខ្ទិះ ដូងសម្ល ។ល។ ដើមដូង មានប្រយោជន៍ណាស់ ស្លឹកសម្រាប់ធ្វើដំបូលផ្ទះឬសង់រោងធ្វើបុណ្យ ។ល។ ផ្កាដូងពេលខ្លះគេប្រើបាចជំនួស ផ្កាសា្ល ក្នុងពិធីអាពាហ៍ពិពាហ៍ ។ ផ្លែគេប្រើបានច្រើនប្រភេទណាស់ ទឹកដូងជា ភេសជ្ជៈល្អណាស់ សាច់ដូងខ្ចីគេបរិភោគជាមួយទឹក សាច់ចាស់ ច្របាច់យកខ្ទិះស្ល ធ្វើបង្អែមផ្សេងៗ ឬស្ងោរធ្វើប្រេង ។ ស្រកីដូងគេតែងយកធ្វើអំបោស ។ ពេទ្យបុរាណ ប្រើឬសដូង សម្រាប់ផ្សំថ្នាំព្យាបាលជម្ងឺរាគមួល ។ ត្រឡោកដូង គេដុតក្នុងផ្ទះក្ដៅឱ្យចេញជ័រ ជ័រនេះប្រើសំរាប់លាបឱ្យបាត់ឈឺធ្មេញ ។	</li><li><p-n>More Information	NA : coconut</p-n></li></ul>
ដូងប្រេង	ELAEIS (Palmae) 	Elaeis guineensis Jacq. 	<ul><li>High palm tree, 4-15 m tall, originating from Western Africa, introduced as decorative in the public gardens. The oil from the fruits can be used for the manufacture of candles and soaps, that extracted from seeds is used in cooking.	</li><li>ដូងប្រេងមានកំពស់ ៤-១៥ម ដើមកំណើតក្នុងទ្វីបអាហ្វ្រិកខាងលិច គេនាំចូលមកដាំជាលំអក្នុងសួនសាធារណៈ ។ ផ្លែអាច ឱ្យប្រេងម្យ៉ាងសំរាប់ធ្វើទៀនដុត ឬសាប៊ូ ។ ប្រេងនៃគ្រាប់អាចប្រើក្នុងអាហាររូបត្ថម្ភបាន ។	</li><li><p-n>More Information	NA &nbsp;: oil palm</p-n></li></ul>
	ឧទាហរណ៏៖&nbsp;		<ul><li>	</li><li>					</li></ul>
ដូងស្បាត	MOLINERIA (Liliaceae) 	Molineria latifolia Herbich ex Kurz	<ul><li>Herb, 60-80 cm tall, of the clear forests of the Indochinese Peninsula and Indian regions. Edible fruits. In traditional medicine, the flowers and the roots are used against the diseases of the urinary tracts.	</li><li>តិណជាតិមួយប្រភេទកំពស៦០-៨០ស.ម ដុះក្នុងព្រៃស្រោងនៃឧបទ្វីបឥណ្ឌូចិន និងឥណ្ឌា ។ ផ្លែអាចបរិភោគបាន ។ គ្រូថ្នាំបុរាណប្រើផ្កា និង ឬសធ្វើ ជាថ្នាំរម្ងាប់ជំងឺគ្រឿងនោម ។ 	</li><li><p-n>More Information	Syn. &nbsp;: Cucurligo latifolia Dryand.</p-n></li></ul>
ដូនចែម	@ដូងចែម,ស្ពុងបីសន្លឹក	HERITIERA (Sterculiaceae)	Heritiera javanica (Blume) Kosterm.	<ul><li>Tree, 30-40 m tall, with very very straight trunk of the dense forests of Cambodia and Southern Vietnam. Light, durable wood, easy to work, used for the construction of houses and especially of boats.	</li><li>ឈ្មោះព្រឹក្សម្យ៉ាង កំពស់ ៣០-៤០ម មានមែកត្រង់ល្អ ដុះក្នុងព្រៃក្រាស់នៃប្រទេសកម្ពុជា និង វៀតណាមខាងត្បូង។ ឈើស្រាល ជាប់ណាស់ ស្រួលអារ សម្រាប់សង់ផ្ទះ និងធ្វើទូក ។	</li><li><p-n>More Information	Syn. &nbsp;: Tarrietia cochinchinensis Pierre</p-n></li></ul>
(ដើម) ក្អួត	CAESALPINIA (Leguminosae-Caesalpinioideae) 	Caesalpinia major (Medik.) Dandy &amp; exell	<ul><li>A ligneous thorny liana of spoiled formations or sea shores in tropical regions. Its strong throny bough makes defensive hedges. Roasted and ground seeds are used to treat several diseases, particularly nausea and tightness of the chest.	</li><li>ដើមនេះជាវល្លិរឹងមានបន្លា ដុះក្នុងព្រៃវាល ជិតមាត់សមុទ្រ នៃទ្វីបអាស៊ីក្ដៅ ។ គេតែងដាំដើមក្អួតសម្រាប់ធ្វើរបង ការពារគេហដ្ឋាន ពីព្រោះរុក្ខជាតិនេះមានមែកធាងមាំល្អ ហើយមានបន្លាទៀត ។ គេយកគ្រាប់ ដែលលីងហើយកិនល្អិត ផឹកដើម្បីរម្ងាប់រោគផ្សេងៗ ដូចជាជម្ងឺចង់ក្អួត និងតឹងដើមទ្រូង ។	</li><li><p-n>More Information	NK : k’uët (vomissement) (ដើម) ក្អួត	NOTE	ពេលមានពាក្យ (វល្លិ) (ស្មៅ) (ដើម) ក្នុងវង់ក្រចកខាងក្រោយនាម រុក្ខជាតិ ត្រូវអានពាក្យនោះខាងមុខនាមវិញ។</p-n></li></ul>
(ដើម) ចេកទុំ	CINNAMOMUM (Lauraceae)	Cinnamomum polydelphum (Lour.) Kosterm. 	<ul><li>Small tree, 6-20 m tall, of the dense forests of tropical Asia. The wood, classified 3rd category, fully resistant to insects, is looked for cabinetwork and construction. It is used also to make incense sticks. The bark would be medicinal.	</li><li>ឈ្មោះឈើមួយប្រភេទ ជាព្រឹក្សតូចល្មម កំពស់ ៦-២០ម ដុះក្នុងព្រៃក្រាស់ ក្នុងទ្វីបអាស៊ីក្តៅ ។ ឈើមានខ្លឹមជាប់ល្អ ឈើលេខ៣ សត្វល្អិតស៊ីមិនដាច់ គេប្រើសម្រាប់ធ្វើតុ ទូ និងសង់ផ្ទះ ។ សំបកមានក្លិនប្រហើរ សម្រាប់ធ្វើធូប និងថ្នាំរម្ងាប់រោគ ។ 	</li><li><p-n>More Information	Syn. : Cinnamomum litsaefolium Thwaites</p-n></li></ul>
(ដើម) តែ	CAMELLIA (Theaceae)	Camellia sinensis (L.) Kuntze 	<ul><li>A bush originating from China, grown in altitude in Cambodia (Kirirum, Mondulkiri...) and consumed locally. Infusions of fresh and dried leaves are drunk several times a day. They are believe to stimulate nervous system.	</li><li>តែជាចុល្លព្រឹក្សមួយប្រភេទមានដើមកំណើតនៅប្រទេសចិន គេយកដាំនៅគ្រប់ប្រទេសក្ដៅទ្វីបអាស៊ី ។ នៅស្រុកខ្មែរ គេដាំដើមតែលើភ្នំ ដូចជា Kirirom និង Mondulkiri ជាដើម សម្រាប់ប្រើប្រាស់ក្នុងស្រុក ។ គេអាចឆុងស្លឹកស្រស់ ឬស្លឹកស្ងួត ផឹក១ដង ឬច្រើនដងក្នុង១ថ្ងៃ ។ ជាតិតែអាចលើក កម្លាំងដូចកាហ្វេដែរ ។	</li><li><p-n>More Information	Syn. : Thea sinensis L.</p-n></li></ul>
ដើមថ្នាំភ្នែក	EUTHEMIS (Ochnaceae)	Euthemis leucocarpa Jack	<ul><li>Shrub, 3-6 m tall, the undergrowth of the low dense coastal forests and of wet and shaded places in degraded forests. Species of peninsular Thailand, Southwestern Cambodia, Sumatra and Borneo. The fruit juice is used to heal eyes troubles.	</li><li>ឈ្មោះចុល្លព្រឹក្សមួយប្រភេទ កំពស់ ៣-៦ម ដុះក្រោមដើមឈើធំៗ ក្នុងព្រៃក្រាស់ ជិតមាត់សមុទ្រ និងលើដីសើម មានម្លប់នៃព្រៃល្បោះ ។ មានដុះក្នុងប្រទេសថៃ ផ្នែកឧបទ្វីប ប្រទេសកម្ពុជា តំបន់និរតី ក្នុងកោះ Sumatra និង Borneo ។ ទឹកដមនៃផ្លែ ស សម្រាប់ប្រើជាថ្នាំភ្នែក ។	</li><li><p-n>More Information	NK &nbsp;: &nbsp;(doëm) thnam phhnaèk (plante collyre, allusion à l’usage) &nbsp;(ដើម) ថ្នាំងភ្នែក	NOTE	ពេលមានពាក្យ (វល្លិ) (ស្មៅ) (ដើម) ក្នុងវង់ក្រចកខាងក្រោយនាម រុក្ខជាតិ ត្រូវអានពាក្យនោះខាងមុខនាមវិញ។</p-n></li></ul>
	ឧទាហរណ៏៖&nbsp;		<ul><li>	</li><li>					</li></ul>
ដើមទឹកដោះ	@ទឹកដោះព្រៃ	HOLARRHENA (Apocynaceae)	Holarrhena curtisi King &amp; Gamble	<ul><li>Shrub, 1-2 m tall, of clear forests with sandy soil in Cambodia, Laos, Southern Vietnam and Thailand. The flowers, white, are edible after a fast cooking; they are consumed especially in times of scarcity (1975- 1979). The 10 cms in diameter white wood is used for the manufacture of small domestic and cult objects. Traditional Cambodian medicine considers the plant as a precious drug against dysentery. The leaves having slightly diuretics and antidysenteric properties are prescribed to children. Stalk, bark and roots are the most used under the form of decoction and sometimes of dyes in light alcohol.	</li><li>ឈ្មោះគុម្ពព្រឹក្ស ឬចុល្លព្រឹក្សមួយ កំពស់ ១-២ម ដុះក្នុងព្រៃស្រោងលើដីខ្សាច់ នៃឥណ្ឌូចិន (កម្ពុជា លាវ វៀតណាមខាងត្បូង ថៃ) ។ ផ្កាមានពណ៌ស អាចស្រុះបរិភោគបាន គេបរិភោគផ្កានេះពេលមានទុរ្ភិក្ស (១៩៧៥-១៩៧៩) ។ ឈើមានពណ៌ស វិជ្ឈមាត្រប្រហែល ១០ស.ម សម្រាប់ធ្វើរបស់ប្រើប្រាស់ក្នុងផ្ទះ និង ក្នុងការបូជា ។ គ្រូបុរាណ ទុករុក្ខជាតិនេះថា ជាដើមឱសថប្រឆាំងរោគរាកមួល ។ គេយកស្លឹកប្រើសម្រាប់ព្យាបាលក្មេងៗ ។ សម្រាប់មនុស្សចាស់ គេស្ងោរ ដើម សំបក និងឬស ឱ្យផឹក ពេលខ្លះអាចត្រាំស្រា ស ក៏បានដែរ។	</li><li><p-n>More Information	NK &nbsp;: (doëm) tük dâhs (lait), tük dâhs préh (lait sauvage) (ដើម) ទឹកដោះ, ទឹកដោះព្រៃ	NOTE	ពេលមានពាក្យ (វល្លិ) (ស្មៅ) (ដើម) ក្នុងវង់ក្រចកខាងក្រោយនាម រុក្ខជាតិ ត្រូវអានពាក្យនោះខាងមុខនាមវិញ។</p-n></li></ul>
ដើមទ្រនំកំភេម	ARCHIDENDRON (Leguminosae-Mimosoideae)	Archidendron clypearia (Jack) I. C. Nielsen	<ul><li>Tree, 10-15m tall, found in dense or open forest up to 1700m altitude, widely distributed from India, through Indochina to New Guinea. Leaves and barks used for staining clothes in black. Dried and  pulverized, the leaves are used in poultices to apply to the wounds.	</li><li>ដើមឈើធំកំពស់ ១០ - ១៥ ម ដុះក្នុងព្រៃក្រាស់ និងព្រៃស្រោង តាំងពីមាត់សមុទ្ររហូតដល់លើភ្នំខ្ពស់១៧០០ម។ ដើមនេះដុះក្នុងអាស៊ីក្តៅ។ ស្លឹក និងសំបកសំរាប់ជ្រលក់សំពត់ អាវ សំណាញ់។ល។ ជាពណ៍ខ្មៅ។ ស្លឹកហាលស្ងួតហើយ បុកឱ្យល្អិត គេទុកព្យាបាលដំបៅ។	</li><li><p-n>More Information	NK : trônum kâmphé:m (doëm) (perchoir d’un coleoptère « kâmphé:m ») &nbsp;ទ្រនំកំភេម (ដើម)	NOTE	ពេលមានពាក្យ (វល្លិ) (ស្មៅ) (ដើម) ក្នុងវង់ក្រចកខាងក្រោយនាម រុក្ខជាតិ ត្រូវអានពាក្យនោះខាងមុខនាមវិញ។</p-n></li></ul>
(ដើម) ធ្មេញត្រី 	BRIDELIA (Euphorbiaceae)	Bridelia ovata Decne. var. curtisii (Hook. f.) Airy Shaw	<ul><li>Straight tree, 10 to 20 m tall, of semi-dense or open forests of Southeast Asia. Fruits are eaten mostly by children. The bark gives tannin for dyeing fishnets.	</li><li>ដើមធ្មេញត្រីជាព្រឹក្ស មិនមែនវល្លិទេ កំពស់ ១០-២០ម ដុះក្នុងព្រៃក្រាស់ល្មម ឬព្រៃល្បោះនៃអាស៊ីផ្នែកអាគ្នេយ៍ ។ ផ្លែអាចបរិភោគបានធម្មតា ជាចំណីក្មេងៗ ។ សំបកមានជាតិចត់ៗ សម្រាប់ជ្រលក់សំណាញ់នេសាទ ។	</li><li><p-n>More Information	Syn. : Bridelia pedicellata Ridl.</p-n></li></ul>
ដើមនាងខ្មៅ	MICROTROPIS (Celastraceae)	Microtropis discolor (Wall.) Wall.	<ul><li>Shrub. 4-8 m tall, of the dense forests of tropical Asia. Wood used in construction. In traditional medicine, the roots are used for the treatment of the digestive system. 	</li><li>ចុល្លព្រឹក្សមួយប្រភេទ កំពស់ ៤-៨ម ដុះក្នុងព្រៃក្រាស់ នៃអាស៊ីផ្នែកក្តៅ ។ ដើមពណ៌ក្រម៉ៅ ប្រើសម្រាប់សង់ គ្រឿងផ្ទះបាន ។ គ្រូថ្នាំបុរាណ ប្រើឬសធ្វើថ្នាំព្យាបាលគ្រឿងរំលាយអាហារ ។	</li><li><p-n>More Information	NK : (doëm) niëng khmau (arbre demoiselle noire, allusion a la couleur du tronc) (ដើម) នាងខ្មៅ	NOTE	ពេលមានពាក្យ (វល្លិ) (ស្មៅ) (ដើម) ក្នុងវង់ក្រចកខាងក្រោយនាម រុក្ខជាតិ ត្រូវអានពាក្យនោះខាងមុខនាមវិញ។</p-n></li></ul>
ដើមនាងស	@ចំបក់ស្រួយ	ICHNOCARPUS (Apocynaceae) 	Ilex wallichii Hook. f.	<ul><li>Shrub or small tree, 4-10 m tall, with a white silver trunk of dense forests of average altitude. in the Indochinese Peninsula. Wood used in construction. The barks are used in traditional medicine as purifying, tonic and febrifuge.	</li><li>ឈ្មោះចុល្លព្រឹក្ស ឬព្រឹក្សតូចមួយប្រភេទ កំពស់ ៤-១០ម ដើមពណ៌ស ដូចប្រាក់ដុះក្នុងព្រៃក្រាស់ជ្រលងភ្នំ នៅ ឧបទ្វីបឥណ្ឌូចិន ។ ឈើសម្រាប់សង់ផ្ទះ ។ សំបកជាថ្នាំសំអាតឈាម ថ្នាំគ្រុន និងជាថ្នាំកម្លាំង ។  	</li><li><p-n>More Information	NK &nbsp;: doëm niëng sâ: (arbre demoiselle blanche), châmbâk sruëy &nbsp;ដើមនាង-ស, ចំបក់ស្រួយ	NOTE	ពេលមានពាក្យ (វល្លិ) (ស្មៅ) (ដើម) ក្នុងវង់ក្រចកខាងក្រោយនាម រុក្ខជាតិ ត្រូវអានពាក្យនោះខាងមុខនាមវិញ។</p-n></li></ul>
ដើមបង្គី	TOURNEFORTIA (Boraginaceae)	Tournefortia montana Lour. 	<ul><li>Shrub, 1-2 m tall, often climbing, of the dense or secondary formations of Cambodia and Vietnam. The roots are part of remedies against tuberculosis involving haemophilia and against rheumatisms.	</li><li>ដើមបង្គីជាគុម្ពព្រឹក្សកំពស់១-២ម ពេលខ្លះជារុក្ខជាតិស្ទើវារ ដុះក្នុងព្រៃធំ ឬល្បោះនៅកម្ពុជា និងវៀតណាម ។ គ្រូថ្នាំ បុរាណប្រើឬសបង្គី ផ្សំធ្វើថ្នាំរម្ងាប់រោគរបេងក្អកឈាម និង រោគសន្លាក់ឆ្អឹង ។	</li><li><p-n>More Information	NK &nbsp;: bangki (doëm) (panier plat, allusion à la forme des feuilles) &nbsp;បង្គី(ដើម)	NOTE	ពេលមានពាក្យ (វល្លិ) (ស្មៅ) (ដើម) ក្នុងវង់ក្រចកខាងក្រោយនាម រុក្ខជាតិ ត្រូវអានពាក្យនោះខាងមុខនាមវិញ។</p-n></li></ul>
ដើមបង្ងល់	FLEMINGIA (Leguminosae-Pipilionoideae) 	Flemingia stricta Roxb. ex Aiton f.	<ul><li>Sturdy shrub. 1-4 m tall, of the dense or clear forests on rocky ground, at the edge of brooks or on the bank of paddy fields, spread in the Indo - Malay region: India, China, Thailand, Cambodia, Laos, Vietnam, Java, the Philippines. The leaves are used as a remedy against scabies.	</li><li>ចុល្លព្រឹក្សមាំម្យ៉ាង កំពស់ ១-៤ម ដុះក្នុងព្រៃក្រាស់ ឬព្រៃល្បោះ លើដីមានថ្មច្រើន ឬតាមមាត់អូរ ឬលើភ្លឺស្រែ នៃ ប្រទេសជាច្រើនក្នុងឧបទ្វីប ឥណ្ឌា ជ្វា ។ ស្លឹកសម្រាប់ធ្វើថ្នាំព្យាបាលកមរមាស់ ។	</li><li><p-n>More Information	NK &nbsp;: (doëm) bang ngâl &nbsp;(ដើម) បង្ងល់	NOTE	ពេលមានពាក្យ (វល្លិ) (ស្មៅ) (ដើម) ក្នុងវង់ក្រចកខាងក្រោយនាម រុក្ខជាតិ ត្រូវអានពាក្យនោះខាងមុខនាមវិញ។</p-n></li></ul>
ដើមបន្លា	PARKINSONIA (Leguminosae-Caesalpinioideae) 	Parkinsonia aculeata L.	<ul><li>Shrub, 3-4 m tall, armed with thorns, originating from tropical America, cultivated in the gardens and along avenues as decorative. 	</li><li>ឈ្មោះចុល្លព្រឹក្សកំពស់ ២-៣ម នាំពីប្រទេសអាមេរិកក្តៅ មកដាំជាលំអក្នុងសួន និងតាមរុក្ខវិថីនានា ។	</li><li><p-n>More Information	NK &nbsp;&nbsp;: (daëm) bânla: (arbre re épines) &nbsp;(ដើម) បន្លា	NOTE	ពេលមានពាក្យ (វល្លិ) (ស្មៅ) (ដើម) ក្នុងវង់ក្រចកខាងក្រោយនាម រុក្ខជាតិ ត្រូវអានពាក្យនោះខាងមុខនាមវិញ។</p-n></li></ul>
ដើមបីសន្លឹក	ARYTERA (Sapindaceae)	Arytera littoralis Blume	<ul><li>Shrub, 4-8m tall, found in gallery forest in Cambodia, species widely distributed in Indochina s.l., in Malay Archipelago and in China (Hai Na). The fruits are edible.	</li><li>ដើមនេះ ជាចុល្លព្រឹក្សកំពស់ ៤ - ៨ ម ដុះនៅស្រុកខ្មែរក្នុងព្រៃដងភ្នំ ខេត្តពោធិសាត់ ។ គេប្រទះឃើញរុក្ខជាតិនេះ ក្នុងប្រទេសជ្វា និងប្រទេសដទៃទៀត នៃឥណ្ឌូចិន ។ ផ្លែបីសន្លឹកបរិភោគបាន ។	</li><li><p-n>More Information	NK : (doëm) béi sânlëk (arbre à 3 folioles ou 3 feuilles) &nbsp;(ដើម) បីសន្លឹក	NOTE	ពេលមានពាក្យ (វល្លិ) (ស្មៅ) (ដើម) ក្នុងវង់ក្រចកខាងក្រោយនាម រុក្ខជាតិ ត្រូវអានពាក្យនោះខាងមុខនាមវិញ។</p-n></li></ul>
ដើមប្រមាត់	LITHOCARPUS (Fagaceae)	Lithocarpus harmandii (Hickel &amp; A. Camus.) A. Camus	<ul><li>Tree, 10-20 m tall, of the dense and secondary formations of Cambodia and Vietnam. Good lumber. 	</li><li>ឈ្មោះព្រឹក្សម្យ៉ាងកំពស់ ១០-២០ម ដុះក្នុងព្រៃក្រាស់ និង ក្រាស់មធ្យម នៃប្រទេសកម្ពុជា និង វៀតណាម ។ ឈើ ជាប់ល្អសំរាប់សង់ផ្ទះ ។	</li><li><p-n>More Information	Syn. &nbsp;: Pasania harmandi Hickel &amp; A Camus.</p-n></li></ul>
ដើមប្រម៉ោយដំរី 	BOLBITIS (Aspleniaceae, Fougères)	Bolbitis copelandii Ching	<ul><li>A land fern, 0.80 to 1.5 m tall, growing in underwoods of dense forests in Thailand, Cambodia, Laos and Vietnam. Used in Indochinese traditional medicine. The infusions of stalks, leaves and roots are said to be febrifuge.	</li><li>បណ្ណង្គជាតិ (fougère) ដុះលើដីកំពស់ ០,៨០-១,៥០ម ក្រោមដើមឈើធំៗនៃព្រៃក្រាស់ ក្នុងប្រទេសថៃ ខ្មែរ លាវវៀតណាម ។ (ស្លឹកខ្ចីៗ មូរ ចូលក្នុងមានរាងដូចប្រម៉ោយដំរី) ដើមនេះគេទុកធ្វើថ្នាំក្នុងឥណ្ឌូចិន ។ ទឹកស្ងោរ ស្លឹក ដើម ឬ ឬសផឹកឱ្យបាត់គ្រុន ។	</li><li><p-n>More Information	NK : doëm prâmaôy dâmréi (plante trompe d’éléphant, allusion aux jeunes feuilles, ou frondes, roulées en crosse) ដើមប្រម៉ោយដំរី	NOTE	ពេលមានពាក្យ (វល្លិ) (ស្មៅ) (ដើម) ក្នុងវង់ក្រចកខាងក្រោយនាម រុក្ខជាតិ ត្រូវអានពាក្យនោះខាងមុខនាមវិញ។</p-n></li></ul>
ដើមភ្លំ	HETEROPANAX (Araliaceae)	Heteropanax fragrans (Roxb.) Seem.	<ul><li>Tree, 10-25 m tall, of the dense forests of tropical Asia. The spongy and nice-smelling marrow is used to make corks and ballcocks for fishing nets.	</li><li>ឈ្មោះព្រឹក្សមួយ កំពស់ ១០-២៥ម ដុះក្នុងព្រៃក្រាស់ នៃទ្វីបអាស៊ីផ្នែកក្ដៅ ។ បណ្ដូលឈើស្ពោត ក្លិនក្រអូប សម្រាប់ធ្វើឆ្នុកដប និងកំសួលសន្ទួច។	</li><li><p-n>More Information	NK &nbsp;&nbsp;: &nbsp;(doëm) phlum ​​ (ដើម) ភ្លំ	NOTE	ពេលមានពាក្យ (វល្លិ) (ស្មៅ) (ដើម) ក្នុងវង់ក្រចកខាងក្រោយនាម រុក្ខជាតិ ត្រូវអានពាក្យនោះខាងមុខនាមវិញ។</p-n></li></ul>
(ដើម) រោគក្រហម	CAPPARIS (Capparidaceae) 	Capparis separia L.	<ul><li>A branching bush, about 1 m tall, of secondary formations in tropical Asia and Australia. Stalk are used in pharmacopoeia to regulate menstrues. Leaves and branches are used in rituals to expel evil spirits.	</li><li> ដើមរោគក្រហម ជាគុម្ពព្រឹក្សមានកំពស់ប្រហែល ១ម ដុះក្នុងព្រៃស្រោង ទ្វីបអាស៊ីនិងអូស្ត្រាលីផ្នែកក្ដៅ ។ គ្រូថ្នាំខ្មែរយក មែក ដើម ធាង ធ្វើឱសថព្យាបាលរដូវមិនទៀងទាត់ ។ ស្លឹក និងមែក សម្រាប់ប្រើពេលមានបុណ្យទាន សម្រាប់              បណ្តេញទេពារក្ស អាក្រក់ព្រមទាំងបីសាច ឱ្យចេញឆ្ងាយពីគេហដ្ឋាន ។	</li><li><p-n>More Information	NK : (doëm) rôôk krâhâm: (plante menstruation, allusin à l’usage) (ដើម) រោគក្រហម	NOTE	ពេលមានពាក្យ (វល្លិ) (ស្មៅ) (ដើម) ក្នុងវង់ក្រចកខាងក្រោយនាម រុក្ខជាតិ ត្រូវអានពាក្យនោះខាងមុខនាមវិញ។</p-n></li></ul>
(ដើម) រោគ ស	CAPPARIS (Capparidaceae) 	Capparis zeylanica L.	<ul><li>A ligneous liana, 2 to 5 m long, of secondary formations in tropical Asia and Australia. The plant is used in pharmacopoeia against vaginal discharges.	</li><li>ដើមនេះជាវល្លិមានភាពរឹង វារឡើងដើមជិតខាង មានប្រវែង ២-៥ម ដុះក្នុងព្រៃស្រោងទ្វីបអាស៊ី និងអូស្ត្រាលី ផ្នែកក្ដៅ ។ គ្រូថ្នាំខ្មែរយកដើមនេះ ផ្សំឱសថព្យាបាលរោគធ្លាក់សនៃស្ត្រី ។ 	</li><li><p-n>More Information	Syn. : Capparis horrida L.</p-n></li></ul>
(ដើមវល្លិ) កំបោរ	TINOSPORA (Menispermaceae)	Tinospora sinensis (Lour.) Merr.	<ul><li>Ligneous liana, 7-8 m long, with whitish leaves, of the secondary forests of China, Indian regions and Indochina. Plant used in popular medicine. The stalk, roasted then cut in small fragments, macerate in rice alcohol or boiled, gives an renowned drink effective against the rheumatism. The complete plant is part of a remedy for the treatment of the liver diseases or haemorrhoids. In fumigations, it is used against the ulcerous wounds of the nose.	</li><li>ឈ្មោះវល្លិរឹងប្រវែង ៧-៨ម មានស្លឹកពណ៌សប្រផេះ ដុះក្នុងព្រៃល្បោះ នៃប្រទេសចិន, ឥណ្ឌា និងឥណ្ឌូចិន ។ ជា          រុក្ខជាតិឱសថ ។ គេកាត់ដើមជាដុំតូចៗ រោលភ្លើងហើយ ត្រាំស្រា ស ឬស្ងោរផឹករម្ងាប់រោគសន្លាក់ឆ្អឹង ។ គ្រូថ្នាំបុរាណប្រើ ដើមទាំងមូលផ្សំធ្វើថ្នាំរម្ងាប់រោគថ្លើម និង ឬសដូងបាត ។ គេអាចដាំឆាំ្នងឆ្ពុង សម្រាប់ព្យាបាលរោគដំបៅរលួយច្រមុះ ។	</li><li><p-n>More Information	NK &nbsp;: (doëm voë) kâmbaô &nbsp;(ដើមវល្លិ) កំបោរ	NOTE	ពេលមានពាក្យ (វល្លិ) (ស្មៅ) (ដើម) ក្នុងវង់ក្រចកខាងក្រោយនាម រុក្ខជាតិ ត្រូវអានពាក្យនោះខាងមុខនាមវិញ។</p-n></li></ul>
ដើមសង្កែភ្លើង	@ក្របីបី, @ព្រលប់ថ្កូវ	PREMNA (Verbenaceae)	Premna latifolia Roxb.	<ul><li>Tree, 4-10 m tall, of the clear forests of Southeast Asia. Little resistant wood that may be used for minor inside works. In Cambodia, bark and marrow of the trunk are used, in decoction, as febrifuge.	</li><li>ឈ្មោះព្រឹក្សមួយប្រភេទ កំពស់ ៤-១០ម ដុះក្នុងព្រៃស្រោងនៃអាស៊ីផ្នែកអាគ្នេយ៍ ។ ឈើមិនសូវជាប់ល្អទេ តែអាចប្រើជាគ្រឿងផ្ទះរាយរងបាន ។ នៅប្រទេសខ្មែរ គេប្រើសំបកស្ងោរធ្វើថ្នាំគ្រុន ។	</li><li><p-n>More Information	NK &nbsp;: (doëm) sangkaè phloë:ng (phloë:ng feu, température, allusion à l’usage) krâbèi bèi (3 buffles), pro:lu’b thköw &nbsp;(ដើម) សង្កែភ្លើង, ក្របីបី, ព្រលប់ថ្កូវ	NOTE	ពេលមានពាក្យ (វល្លិ) (ស្មៅ) (ដើម) ក្នុងវង់ក្រចកខាងក្រោយនាម រុក្ខជាតិ ត្រូវអានពាក្យនោះខាងមុខនាមវិញ។</p-n></li></ul>
ដើមសណ្ដា	POLYALTHIA (Annonaceae) 	Polyalthia jacunda (Pierre) Finet &amp; Gagnep. 	<ul><li>Kompong Chhnang and Kompong Speu provinces. Yellowish wood, flexible, light, used to make boards, tools handles. posts, sometimes boats.	</li><li>ឈ្មោះព្រឹក្សម្យ៉ាងកំពស់ ៨-១៥ម ដុះក្នុងព្រៃធំនៃប្រទេសកម្ពុជា និងវៀតណាមខាងត្បូង ច្រើនមានក្នុងខេត្តកំពង់ឆ្នាំង និង កំពង់ស្ពឺ ។ ឈើពណ៌លឿងភ្លាវ ពត់បាន ស្រាល គេប្រើធ្វើកា្ដរផ្ទះ, ដងកាំបិត ពូថៅ ញញួរ បង្គោល ពេលខ្លះ         សំរាប់សង់នាវា ។ 	</li><li><p-n>More Information	NK &nbsp;: &nbsp;(doëm) sânnda: &nbsp;ដើមសណ្ដា	NOTE	ពេលមានពាក្យ (វល្លិ) (ស្មៅ) (ដើម) ក្នុងវង់ក្រចកខាងក្រោយនាម រុក្ខជាតិ ត្រូវអានពាក្យនោះខាងមុខនាមវិញ។</p-n></li></ul>
ដើមសណ្ដាក្រហម	POLYALTHIA (Annonaceae) 	Polyalthia simiarum Benth. &amp; Hook. f.	<ul><li>Tree, 7-12 m tall, of the dense formations of plain and low mountains, in Cambodia, Laos and Southern Vietnam. Met in Cambodia, almost only in Kampot (Kamchay) and Kompong Speu provinces. Reddish wood used to make boards.	</li><li>ឈ្មោះព្រឹក្សមួយប្រភេទ កំពស់ ៧-១២ម ដុះក្នុងព្រៃក្រាស់ លើដីទំនាប ឬលើភ្នំទាបៗ នៃប្រទេសកម្ពុជា លាវ និង វៀតណាមខាងត្បូង ។ នៅស្រុកខ្មែរមានដុះក្នុងខេត្តកំពត លើភ្នំកំចាយ និងខេត្តកំពង់ស្ពឺ ។ ឈើពណ៌ក្រហមភ្លាវ គេប្រើសម្រាប់ធ្វើជាក្ដារសង់ផ្ទះ ។	</li><li><p-n>More Information	NK &nbsp;&nbsp;: &nbsp;(doëm) sânnda: krâhâ:m &nbsp;&nbsp;ដើមសណ្តាក្រហម	NOTE	ពេលមានពាក្យ (វល្លិ) (ស្មៅ) (ដើម) ក្នុងវង់ក្រចកខាងក្រោយនាម រុក្ខជាតិ ត្រូវអានពាក្យនោះខាងមុខនាមវិញ។</p-n></li></ul>
ដើមសណ្តែកព្រៃ	MISCHOCARPUS (Sapindaceae) 	Mischocarpus sundaicus Blume	<ul><li>Tree, 8-10 m tall, of the secondary formations of the Indochinese and Malay Peninsula. Wood used to make tool handles. In traditional medicine, the infusions of leaves are absorbed to calm headaches.	</li><li>ព្រឹក្សម្យ៉ាងកំពស់៨-១០ម ដុះក្នុងព្រៃល្បោះ នៃឧបទ្វីបឥណ្ឌូចិន និងជ្វា។ ឈើអាចប្រើធ្វើជាដងកាំបិត ពូថៅ បាន។ គេស្ងោរស្លឹកផឹក ដើម្បីព្យាបាលជំងឺឈឺក្បាល ។ 	</li><li><p-n>More Information	NK &nbsp;&nbsp;: &nbsp;daëm sânndaèk préi (arbre haricot sauvage) &nbsp;ដើមសណ្ដែកព្រៃ	NOTE	ពេលមានពាក្យ (វល្លិ) (ស្មៅ) (ដើម) ក្នុងវង់ក្រចកខាងក្រោយនាម រុក្ខជាតិ ត្រូវអានពាក្យនោះខាងមុខនាមវិញ។</p-n></li></ul>
ដើមសំព័រ	ARTOCARPUS (Moraceae)	Artocarpus nitidus Trécul subsp. lingnanensis (Merr.) P.H. Jarrett 	<ul><li>Tree 6-15m, tall found in sunny areas and waste lands in Cambodia, Laos and Vietnam. Barks may be chewed with betel like areca nut. The wood, graded “first category” is in sought after for furniture and house-building.	</li><li>ដើមសំព័រកំពស់ ៦ - ១៥ ម ដុះលើដីវាលនៃស្រុកខ្មែរ លាវ និងវៀតណាម ។ សំបកសំព័រ អាចយកមកស៊ីម្លូជំនួសស្លាបាន ។ ឈើសំព័រជាឈើ “ លេខ ១ ” មានតំលៃណាស់ ទុកធ្វើ តុ ទូ ឬសង់ផ្ទះ ។	</li><li><p-n>More Information	Syn. : Artocarpus sampor Gagnep.</p-n></li></ul>
ដើមអណ្តាតត្រកួត 	TARENNA (Rubiaceae)	Tarenna hoaensis Pit.	<ul><li>Shrub or tree, 4-9 m tall, of the wet dense forests of Cambodia and Vietnam. The leaves give a tealike infusion. Wood used in construction.	</li><li>ដើមនេះមានស្លឹកស្រដៀងអណ្តាតត្រកួត ជាព្រឹក្សមួយប្រភេទកំពស់៤-៩ម ដុះក្នុងព្រៃត្រជាក់ ក្នុងប្រទេសខ្មែរ និង វៀតណាម ។ គេឆុងស្លឹកផឹកដូចតែ ។ ឈើប្រើសង់ផ្ទះបាន ។	</li><li><p-n>More Information	NK &nbsp;: (doëm’) ânnda:t trâkuët (arbre-langue de varau) &nbsp;(ដើម) អណ្ដាតត្រកួត	NOTE	ពេលមានពាក្យ (វល្លិ) (ស្មៅ) (ដើម) ក្នុងវង់ក្រចកខាងក្រោយនាម រុក្ខជាតិ ត្រូវអានពាក្យនោះខាងមុខនាមវិញ។</p-n></li></ul>
ដៃខ្លា	GARDENIA (Rubiaceae)	Gardenia angkorensis Pit.	<ul><li>Shrub, 3-4 m tall, of the clear forests of Cambodia and Laos. The wood is used for the preparation of the seals and stamps. The stalks and the leaves are used, in decoction, as diuretics.	</li><li>ឈ្មោះចុល្លព្រឹក្សមួយប្រភេទ កំពស់ ៣-៤ម ដុះក្នុងព្រៃល្បោះ នៃប្រទេសកម្ពុជា និងលាវ ។ ឈើសម្រាប់ធ្វើត្រា ។  ស្លឹក និងមែក គ្រូថ្នាំខ្មែរយកស្ងោរផឹក ដើម្បីឱ្យនោមច្រើន ។	</li><li><p-n>More Information	NK &nbsp;: dai khla: (pattes antérieures de tigre) &nbsp;ដៃខ្លា	NOTE	ពេលមានពាក្យ (វល្លិ) (ស្មៅ) (ដើម) ក្នុងវង់ក្រចកខាងក្រោយនាម រុក្ខជាតិ ត្រូវអានពាក្យនោះខាងមុខនាមវិញ។</p-n></li></ul>
ដៃទន់	BALIOSPERMUM (Euphorbiaceae) 	Baliospermum montanum (Willd.) Müll. Arg.	<ul><li>Subshrub, 1-2m hight growing in waste areas in tropical Asia. Medicinal plant: leaves and seeds used as laxative, roots against dropsy and jaundice.	</li><li>ដើមដៃទន់ ជាគុម្ពព្រឹក្សមួយមានកំពស់ ១ - ២ ម ដុះលើដីវាល ក្នុងទ្វីបអាស៊ីក្តៅ ។ ដើមនេះជារុក្ខជាតិដែលប្រើ ធ្វើថ្នាំរំងាប់រោគ ។ គ្រាប់ និង ស្លឹក សំរាប់ធ្វើថ្នាំបញ្ចុះ ឬជាថ្នាំព្យាបាលរោគកើតដុំពោះ និងរោគកើតលឿង ។	</li><li><p-n>More Information	Syn. : Baliospermum axillae Blume</p-n></li></ul>
ដៃទន់	BRIDELIA (Euphorbiaceae)	Bridelia monoica (Lour.) Merr.	<ul><li>A tree, 7 to 20 m tall, of deciduous or open formations of tropical Asia. Roots and barks are used in local pharmacopoeia. Delivering mothers are given roots decoction to retrieve their strength. Barks’ infusions are said to be very efficient against colics.	</li><li>ដើមដៃទន់ជាព្រឹក្សកំពស់ ៧ - ២០ម ដុះក្នុងព្រៃធំជ្រុះស្លឹក ឬព្រៃល្បោះនៃអាស៊ីក្តៅ។ ឬស និងសំបក គេយកធ្វើ             ឱសថ។ គេស្ងោរឬសឱ្យនារីទើបសម្រាលកូនហើយផឹក ដើម្បីឆាប់មានកម្លាំងឡើងវិញ។ ទឹកស្ងោរសំបក សម្រាប់ផឹកអោយ បាត់ចុកពោះ ។	</li><li><p-n>More Information	Syn. : Bridelia tomentosa Blume</p-n></li></ul>
ដៃទន់	@រាក់បាត	TADEHAGI (Leguminosae-Papilionoideae)	Tadehagi gofroyanum (Kuntze) H. Ohashi	<ul><li>Erected shrub, 1-3 m tall, of the clear forests or dense formations near the rivers of Cambodia, Laos, Vietnam and Thailand. In traditional Cambodian medicine, the decoction of leaves and stalks is used in mouthwashes to calm the dental diseases.	</li><li>ឈ្មោះគុម្ពព្រឹក្សមួយប្រភេទដុះត្រង់ឡើងលើកំពស់ ១-៣ម ដុះក្នុងព្រៃស្រោង ឬព្រៃក្រាស់ ជិតមាត់ទឹក នៅប្រទេសថៃ កម្ពុជា, លាវ និង វៀតណាម ។ តាមក្បួនឱសថបុរាណគេស្ងោរដើមកាត់កង់ៗ លាយជាមួយស្លឹក យកទឹកខ្ពុរមាត់ ព្យាបាលជំងឺឈឺធ្មេញ ។	</li><li><p-n>More Information	Syn. &nbsp;: Desmodium godefroyanum Kuntze</p-n></li></ul>
	ឧទាហរណ៏៖&nbsp;		<ul><li>	</li><li>					</li></ul>
ដោះគន់	TETRACERA (Dilleniaceae)	Tetracera indica (C. Chr. &amp; Panz.) Merr. 	<ul><li>Climbing shrub of the dense formations of the Indochinese and Malay Peninsula, Indonesia (Java) and the Philippines. The leaves, very rough on the inside, are used as glass paper and the flexible stalks as ropes.	</li><li>ចុល្លព្រឹក្សស្ទើរវារមួយប្រភេទ ដុះក្នុងព្រៃធំនៃឧបទ្វីបឥណ្ឌូចិន ជ្វា ប្រទេសឥណ្ឌូណេស៊ី និងហ្វីលីពីន ។ ស្លឹកគគ្រាត ខាងក្រោម គេតែងប្រើដូចក្រដាសខាត់ ។ ដើមទន់ ពត់បាន គេអាចប្រើធ្វើជាខ្សែ ។	</li><li><p-n>More Information	Syn. : Tetracera assa DC.</p-n></li></ul>
ណាគ្រី	CESTRUM (Solanaceae)	Cestrum nocturnum L.	<ul><li>Shruby plant, originating from tropical America (West Indies) introduced into the warm regions of the world. It is cultivated as decorative because of its very fragrant flowers which perfumes air at nightfall.	</li><li>ណាគ្រីជាចុល្លព្រឹក្សតូច កំពស់ ១ទៅ២ម មានដើមកំណើតក្នុងប្រទេសអាមេរិកក្ដៅ គេនាំមកដាំគ្រប់ប្រទេសក្តៅសកលលោក ពីព្រោះ ណាគ្រី មានផ្កាក្រអូបណាស់ ពេលព្រលប់ និងយប់ ។	</li><li><p-n>More Information	NA : lady of the night</p-n></li></ul>
តាចូត	CYPERUS (Cyperaceae)	Cyperus elatus L.	<ul><li>Herb, 1-3 m tall, wet places of Indochina, India, Malay peninsula and Polynesia. Textiles staple used to make mats.	</li><li>តាចូត មានសន្តានជាមួយកក់ មានកំពស់ដូចគ្នា ដុះក្នុងដីសើមៗ ឬដីល្បាប់នៃឥណ្ឌូចិន ឥណ្ឌា ឧបទ្វីបជ្វា និងទ្វីប ប៉ូលីណេស៊ី (Polynésie) ។ សរសៃដើម គេប្រើសម្រាប់ត្បាញកន្ទេល ។	</li><li><p-n>More Information	NK : ta: chô:t &nbsp;តាចូត	NOTE	ពេលមានពាក្យ (វល្លិ) (ស្មៅ) (ដើម) ក្នុងវង់ក្រចកខាងក្រោយនាម រុក្ខជាតិ ត្រូវអានពាក្យនោះខាងមុខនាមវិញ។</p-n></li></ul>
តាត្រៅ	FAGRAEA (Loganiaceae) 	Fagraea fragrans Roxb.	<ul><li>Tree, 15-20 m tall, of dense or secondary forests of Indochina and New Caledonia. Durable pink-yellow or brown-yellow wood used to make pulleys and for the constructions of crossbars and houses. In Burma, it is considered as a sacred red wood, used to make the posts of Buddhist temples.	</li><li>ឈ្មោះព្រឹក្សម្យ៉ាង កំពស់ ១៥ទៅ២០ម ដុះក្នុងព្រៃស្រោង ឬព្រៃធំ នៅឥណ្ឌូចិន និងប្រទេស Nouvelle Calédonie។ ឈើតាត្រៅពណ៌លឿងភា្លវ ឬផ្កាឈូកជាប់ល្អ គេប្រើសម្រាប់ធ្វើរ៉ក ធ្វើកំណល់ និងគ្រឿងផ្ទះផ្សេងៗ ។ នៅប្រទេសភូមា គេទុកឈើតាត្រៅ ជាពិសដ្នះ សម្រាប់សង់បង្គោល ក្នុងវត្តអារាមពុទ្ឋសាសនា ។ 	</li><li><p-n>More Information	NK &nbsp;: &nbsp;tatrau តាត្រៅ	NOTE	ពេលមានពាក្យ (វល្លិ) (ស្មៅ) (ដើម) ក្នុងវង់ក្រចកខាងក្រោយនាម រុក្ខជាតិ ត្រូវអានពាក្យនោះខាងមុខនាមវិញ។</p-n></li></ul>
តាពូង	CROTON (Euphorbiaceae) 	Croton joufra Miq.	<ul><li>Shrub, 1-4 m tall, of open formations, met in India and in the Indochinese Peninsula. In traditional medicine the leaves associated to other drugs are used to cure scabies and post-partum diseases. The decoctions of the roots are said to be to fortifying. 	</li><li>តាពូងជាចុល្លព្រឹក្សមួយ កំពស់ ១-៤ម ដុះក្នុងព្រៃល្បោះនៅប្រទេសឥណ្ឌា និងឧបទ្វីបឥណ្ឌូចិន ។ ស្លឹកតាពូង សម្រាប់ផ្សំធ្វើថ្នាំព្យាបាលកមរមាស់ និងជាថ្នាំទាស់ ។ ឬសស្ងោរជាថ្នាំកម្លាំង ។	</li><li><p-n>More Information	Syn. : C. oblongifolius Roxb.</p-n></li></ul>
តាសើម	BERRYA (Tiliaceae) 	Berrya mollis Wall. ex Kurz 	<ul><li>Tree, 15-20m tall in deciduous forest in Indochina Peninsular. The wood, reddish, is in sought after for heavy construction, In Cambodia it is used especially for making rims and wheels of oxen cars.	</li><li>ដើមនេះជាព្រឹក្សកម្ពស់ ១៥-២០ម ដុះក្នុងព្រៃជ្រុះស្លឹក នៃឧបទ្វីបឥណ្ឌូចិន ។ ឈើតាសើមមានពណ៌ក្រហមក្រមៅ ល្អណាស់ សម្រាប់សង់ផ្ទះ ។ នៅស្រុកខ្មែរ គេយកឈើនេះទុកធ្វើខ្នងកង់ និងធ្វើកាំរទេះគោ ។	</li><li><p-n>More Information	NK : tasoëm តាសើម	NOTE	ពេលមានពាក្យ (វល្លិ) (ស្មៅ) (ដើម) ក្នុងវង់ក្រចកខាងក្រោយនាម រុក្ខជាតិ ត្រូវអានពាក្យនោះខាងមុខនាមវិញ។</p-n></li></ul>
តាឡាត់	CANARIUM (Burseraceae)	Canarium album (Lour.) Raüsch.	<ul><li>10 to 25 m tall tree of the dense forests in Southeast Asia. The fruit, sold on markets, has the shape of a large olive; it is believed to facilitate digestion and to dispel drunkenness. The whity and aromatic resin from the trunk is used for making incense sticks. The wood is commonly used to make drums. Seeds are a well known vermifuge.	</li><li>តាឡាត់ ជាដើមឈើកំពស់ ១០-២៥ម ដុះក្នុងព្រៃក្រាស់នៃអាស៊ីផ្នែកអាគ្នេយ៍ ។ ផ្លែមានរាងដូចផ្លែចំបក់ តែតូចជាង បន្តិច ។ គេស៊ីផ្លែខ្ចី ដើម្បីការពារកុំឱ្យឈឺពោះ ឈឺក្រពះ និងសម្រាប់បំបាត់ការស្រវឹងស្រា ។ ជ័រចេញពីដើមមានពណ៌ស ហើយក្លិនក្រអូប សម្រាប់ធ្វើធូប ។ ឈើគេតែងប្រើសម្រាប់ធ្វើស្គរ ។ គ្រាប់ជាថ្នាំព្រូន ។	</li><li><p-n>More Information	NK : tallat’ តាឡាត់	NOTE	ពេលមានពាក្យ (វល្លិ) (ស្មៅ) (ដើម) ក្នុងវង់ក្រចកខាងក្រោយនាម រុក្ខជាតិ ត្រូវអានពាក្យនោះខាងមុខនាមវិញ។</p-n></li></ul>
តើយ	PANDANUS (Pandanaceae)	Pandanus amaryllifolius Roxb. 	<ul><li>Shrub, 2-4 m tall, of the Moluccas islands, cultivated almost everywhere in Southeast Asia, and reduced to a small size by repeated cuts: in the cultivated form, the plant does not exceed 50 cms in height. The leaves. thornless and with a musky smell, are in demand, either to scent the rice or to color in green some cakes. They are found on markets and in Asian grocer’s shops of Europe and American.	</li><li>ឈ្មោះចុល្លព្រឹក្សមួយប្រភេទ ពួករំចេក កំពស់ ២-៤ម ដុះលើកោះ Moluques គេនាំមកដាំក្នុងប្រទេសជាច្រើននៃអាស៊ីផ្នែកអាគ្នេយ៍ ។ ក្នុងភាពជាដំណាំ គេកាត់ស្លឹកតើយជារឿយៗ ម្លោះហើយ ដើមនេះមិនដែលមានកម្ពស់លើស ៥០         ស.ម ឡើយ ។ ស្លឹកគ្មានបន្លាក្លិនក្រអូបប្រហើរ គេប្រើសម្រាប់លាយ បាយឱ្យក្រអូប ឬសម្រាប់ដាក់នំអោយមានពណ៌បៃតងល្អ ។ គេអាចឃើញស្លឹកតើយ មានលក់ក្នុងហាងអាស៊ីនៃទ្វីបអឺរ៉ុប និងអាមេរិក ។ 	</li><li><p-n>More Information	Syn : Pandanus odorus Ridl.</p-n></li></ul>
តែង	AGLAIA (Meliaceae) 	Aglaia grandis Korth. ex Miq.	<ul><li>Small tree, 10-15 m found in dense forest of Cambodia, Laos and Vietnam, often cultivated as ornamental shade-tree. The timber is suitable for construction.	</li><li>តែងជាដើមឈើធំល្មមកំពស់ ១០ ទៅ ១៥ម ដុះក្នុងព្រៃជ្រៅនៃប្រទេសខ្មែរ លាវ និងវៀតណាម។ គេច្រើនដាំ តែងតាមភូមិស្រុកធ្វើជាម្លប់។ ឈើគេប្រើជាគ្រឿងផ្ទះក៏បាន។	</li><li><p-n>More Information	Syn. &nbsp;: Aglaia merostela Pellegr.</p-n></li></ul>
តែព្រៃ	ACALYPHA (Euphorbiaceae)	Acalypha siamensis Gagnep.	<ul><li>Shrub, 1- 4 m tall, growing in open forest in Thailand, Laos and Vietnam, cultivated in Cambodia  as decorative plant. The tea from the leaves may substitute the genuine tea and is considered in Cambodia as diuretic.	</li><li>ជាគុម្ពព្រឹក្សមានកំពស់ ១ - ៤ ម ដុះក្នុងព្រៃវាលនៃប្រទេសថៃ លាវ និងវៀតណាម ។ ខ្មែរយើងនិយមនាំយកមកដាំ ជាលំអ ធ្វើជារបងទាបៗ ។ ស្លឹកតែព្រៃ អាចដាំទឹកផឹកដូចតែធម្មតាក៏បាន ទឹកស្ងោរនេះ ជាភេសជ្ជៈសំរាប់ឱ្យនោមច្រើន។	</li><li><p-n>More Information	Syn. : Acalypha evrardii Gagnep.&nbsp;</p-n></li></ul>
	ឧទាហរណ៏៖&nbsp;		<ul><li>	</li><li>					</li></ul>
ត្នោត	BORASSUS (Palmae)	Borassus flabellifer L.	<ul><li>Monocaulous tree, 10 to 25 m tall, with cylindrical trunk, originating from India, introduced since long in Burma, Thailand, Cambodia, Laos and Vietnam. In Cambodia, it has been preserved for palm juice, which can be turn into solid sugar by heating, and &quot;palm wine&quot; through fermentation. The edible fruits are much appreciated either for cakes or jelly. Leaves give hats, mats, roof covers and writing paper. Canoes may be made out of trunls. Barks give strong ropes. Dried roots are smoked to heal nasal complaints.	</li><li>ត្នោតជាដើមមានមែកតែមួយ ត្រង់ឡើងលើ កំពស់ ១០-២៥ម ដើមកំណើតក្នុងស្រុកឥណ្ឌា គេនាំយកមកដាំក្នុងស្រុកភូមា ថៃ កម្ពុជា លាវ វៀតណាម ។ ក្រៅពីស្រុកខ្មែរដើមត្នោត គេកាប់ចោលស្ទើរអស់ មានតែប្រទេសយើងទេ ដែលមានត្នោតច្រើន យើងទុកសម្រាប់យកទឹកត្នោត រម្ងាស់ធ្វើស្ករផែន ឬទុកធ្វើស្រា ។ ផ្លែត្នោតខ្ចី យើងយកស្ល ឯផ្លែទុំ ទុកធ្វើចាហួយក៏បាន ធ្វើនំក៏បាន ។ ស្លឹកត្នោតមានប្រយោជន៍ចំពោះខ្មែរយើងណាស់ សម្រាប់ប្រក់ផ្ទះ ធ្វើជញ្ជាំងខ្ទម ត្បាញធ្វើកន្ទេល មួក ។ល។ ឬមួយធ្វើក្រដាសសរសេរជំនួស ស្លឹកទ្រាំងក៏បាន ។ សំបកត្នោតគេវេញធ្វើខ្សែពួរជាប់ល្អណាស់ ។ គោមត្នោតជាបន្លែមានតម្លៃ ។ គេយកឬសត្នោតទុកដាក់ដូចឬសដូងដែរ ដើម្បីព្យាបាលជំងឺច្រមុះ ។ គល់ត្នោតគេអាចធ្វើទូកជិះ ក្នុងបឹងតូចៗក៏បាន ។	</li><li><p-n>More Information	NA : Palmyra palm</p-n></li></ul>
ត្បាល់កិន	@កំប្លោកប្លោង	ABUTILON (Malvaceae)	Abutilon indicum (L.) Sweet	<ul><li>Shrub, 0.8 to 1.5 m tall, from waste lands, common in the whole of Southeast Asia. Stalk produce a staple with high textile quality. Mucilaginous leaves mixed up with ground sticky rice make poultices to heal wounds and rheumatisms. Laxative seeds, with aphrodisiac virtues according to the Chinese of Cambodia. Decoction of the bark has diuretic properties.	</li><li>គុម្ពព្រឹក្សដុះលើដីវាល នៃអាស៊ីអាគ្នេយ៍។ សរសៃនៃដើម អាចយកធ្វើអំបោះត្បាញបាន។ ស្លឹកមានជាតិរំអិល គេលាយជាមួយអង្ករតំណើប បុកល្អិត ដើម្បីបិទលើដំបៅ ឬព្យាបាលរោគសន្លាក់ឆ្អឹង។ សំបកស្ងោរផឹក ដើម្បីឱ្យនោមច្រើន។ គ្រាប់ត្បាល់កិន ជាថ្នាំបញ្ចុះ ពួកចិននៅស្រុកខ្មែរ តែងជឿថា គ្រាប់ជាថ្នាំប៉ូវ លើកកំលាំងបុរស។ 	</li><li><p-n>More Information	NK : thbal’ koën (moulin à décortiquer le riz, allusion à la forme du fruit), kâmplaôk phlaông ត្បាល់កិន, កំប្លោកប្លោង	NOTE	ពេលមានពាក្យ (វល្លិ) (ស្មៅ) (ដើម) ក្នុងវង់ក្រចកខាងក្រោយនាម រុក្ខជាតិ ត្រូវអានពាក្យនោះខាងមុខនាមវិញ។</p-n></li></ul>
ត្មោង	ARTABOTRYS (Annonaceae)	Artabotrys intermedius Hassk.	<ul><li>Shrub, 4-8m tall found in waste lands in Indochina. The white fragrant flowers are prized for embellishing the alter in pagoda. They also serve to perfume clothes and lip-stick. In traditional medicine, leave’s decoction is considered as efficacious to increase or bring on the young mothers milky secretion. Root’s decoction used as tonic.	</li><li>ចុល្លព្រឹក្សមួយប្រភេទមានកំពស់ ៤ - ៨ ម ដុះក្នុងទីវាលនៃប្រទេសខ្មែរ លាវ និងវៀតណាម។ ផ្កាវាពណ៌ស ហើយមានក្លិនក្រអូបណាស់ គេបេះថ្វាយព្រះ។ ផ្កានេះនារីខ្មែរច្រើនទុកអប់ក្រមួនមាត់។ គេស្ងោរផឹកដើម្បីឱ្យមានទឹកដោះ បំបៅ  កូន។ គេស្ងោរឫសផឹក ជាថ្នាំកំលាំង។	</li><li><p-n>More Information	NK : thmaô:ng (fouet) &nbsp;ត្មោង	NOTE	ពេលមានពាក្យ (វល្លិ) (ស្មៅ) (ដើម) ក្នុងវង់ក្រចកខាងក្រោយនាម រុក្ខជាតិ ត្រូវអានពាក្យនោះខាងមុខនាមវិញ។</p-n></li></ul>
ត្រកួន	IPOMOEA (Convolvulaceae)	Ipomoea aquatica Forssk.	<ul><li>Aquatic herb or wet places, originating from Asia, spread at present in all the tropical regions of the world. The young leaves and stalks are consumed raw as vegetables or cooked in various preparations. The old stalks are used to feed the pigs. In traditional medicine, stalks and leaves are a component of a remedy against delirium due to high temperature. The buds, associated to those of               “prâmaôy damrèi&quot; (Heliotropium indicum L.) are used, in poultice, to cure the wounds of shingles.	</li><li>ស្មៅទឹក ឬដុះលើដីសើម កំណើតក្នុងទ្វីបអាស៊ី នាំចូលគ្រប់ប្រទេសក្ដៅសកលលោក ។ ត្រួយត្រកួន ប្រើធ្វើបន្លែ និងអន្លក់ ។  ដើមចាស់អាចធ្វើអាហារជ្រូកបាន ។ គ្រូថ្នាំបុរាណប្រើត្រកួនផ្សំធ្វើថ្នាំព្យាបាលជម្ងឺគ្រុនរវើរវាយ ។ ខ្នែងពន្លកលាយ និងខ្នែងប្រមោយដំរី ប្រើធ្វើថ្នាំបំពោកលើជម្ងឺស្បែកម្យ៉ាង ដែលមានពង់ទឹករងៃលើស្បែក ធ្វើឲ្យឈឺយ៉ាងខ្លាំង (zona) ។	</li><li><p-n>More Information	NA &nbsp;: water convolvulus, water spinach</p-n></li></ul>
ត្រកួនកន្ទែក	IPOMOEA (Convolvulaceae)	Ipomoea pes-caprae (L.) R. Br. 	<ul><li>Long crawling herb on the sandy beaches of all the tropical regions of the world. In traditional Cambodian medicine, the plant mixed with iron residues is used to make an infusion that one drinks in case of gonorrhea. The leaves enter the preparation of a remedy to treat haemorrhoids. They could also be used as soap to wash the fabrics. Leaves are laxative.	</li><li>តិណជាតិវារលើដីខ្សច់មាត់សមុទ្រ ដុះគ្រប់ប្រទេសក្តៅសកលលោក ។ គ្រូថ្នាំបុរាណប្រើដើមត្រកួនកន្ទែកធ្វើថ្នាំ បញ្ចុះ ។ លាយជាមួយអាចម៍ដែក ដើមត្រកួនកន្ទែកអាចឆុងផឹកសម្រាប់ព្យាបាលរោគប្រមេះ ។ ស្លឹកវាផ្សំជាមួយដើមដទៃទៀត គេប្រើធ្វើជាថ្នាំព្យាបាលឬសដូងបាត ។ ស្លឹកស្ងោរសម្រាប់លាងសំពត់ ជំនួសសាប៊ូ ។	</li><li><p-n>More Information	Syn. &nbsp;: Ipomoea biloba Forssk.</p-n></li></ul>
ត្រកៀត	MONOCHORIA (Pontederiaceae)	Monochoria hastata (L.) Solms	<ul><li>Perennial herb of wet and aquatic places, originating from Southeast Asia, introduced and cultivated in all tropical regions of the world. Edible plant; the flowers are eaten raw as vegetables; the stalks and leaves are cooked in culinary preparations.	</li><li>តិណជាតិរស់បានយូរ ដុះក្នុងទឹក ឬលើដីសើម កំណើតនៅអាស៊ីផ្នែកអាគ្នេយ៍ គេនាំទៅដាំគ្រប់ប្រទេសក្ដៅសកលលោក ។ ផ្កាយើងបរិភោគធ្វើអន្លក់ មែកស្លឹកគល់ធ្វើបន្លែបាន ។	</li><li><p-n>More Information	Syn. &nbsp;: Monochoria hastaefolia Presl.</p-n></li></ul>
ត្រកៀតប៉ោង	LIMNOCHARIS (Butomaceae) 	Limnocharis flava (L.) Buchenau	<ul><li>Aquatic herb, of American origin, introduced for about a century into Southeast Asia; became naturalized and spontaneous in the wet places of many countries of tropical Asia. Young leaves and inflorescences eaten as vegetables, always cooked. The complete plant can feed pigs and fishes. In some nearby countries, it is used as green manure. Dried, the stalk may be used to make links or as textile.	</li><li>ស្មៅទឹកមួយប្រភេទ ដើមកំណើតក្នុងទ្វីបអាមេរិក គេនាំចូលក្នុងអាស៊ីផ្នែកអាគ្នេយ៍ជិតមួយសតវត្សមកហើយ ឥឡូវអាចដុះឯងៗក្នុងបឹងត្រពាំងនៃទ្វីបអាស៊ីក្ដៅទាំងមូល។ ផ្កា និងស្លឹកខ្ចីៗអាចប្រើជាអន្លក់បាន ។ ធាង និងស្លឹក ព្រមទាំងឬសស្រស់ គេប្រើជាចំណីអោយជ្រូក និងត្រី ពេលខ្លះអោយគោ ក្របីផង ។ នៅស្រុកខ្លះ គេប្រើដើមទាំងមូលធ្វើជីស្រស់ ។ ធាងដែលហាលថ្ងៃស្ងួតហើយ ប្រើការបានច្រើនប្រភេទ គឺវេញខ្សែចំណ  ង ធ្វើអង្រឹង ធ្វើកន្ទេល ។ល។ 	</li><li><p-n>More Information	NA &nbsp;: velvet leaf</p-n></li></ul>
ត្រចៀកក្រាញ់ដើម	ANTIDESMA (Euphorbiaceae)	Antidesma cochinchinensis Gagnep.	<ul><li>Shrub, 2-4m tall found at the edge of dense forest in Indochina. The leaves’ decoction would be tonic. 	</li><li>ចុល្លព្រឹក្សមានកំពស់ ១ - ៤ ម ដុះមាត់ព្រៃនៃឥណ្ឌូចិន ។ ស្លឹកគេស្ងោរផឹក ជាថ្នាំកំលាំង ។	</li><li><p-n>More Information	NK: trâchiëk kra:nh’ (doëm’) &nbsp;ត្រចៀកក្រាញ់ (ដើម)	NOTE	ពេលមានពាក្យ (វល្លិ) (ស្មៅ) (ដើម) ក្នុងវង់ក្រចកខាងក្រោយនាម រុក្ខជាតិ ត្រូវអានពាក្យនោះខាងមុខនាមវិញ។</p-n></li></ul>
ត្រចៀកក្រាញ់សមុទ្រ 	ACANTHUS (Acanthaceae)	Acanthus ilicifolius L.	<ul><li>Subshrub, 0.80 - 2 m tall which grows in swampy forests in tropical Asia and Australia. In Cambodia, the mucilaginous leaves as used as emollient for neuralgia and rhumatism.	</li><li>គុម្ពព្រឹក្សតូចមានកំពស់ ១ - ២ ម ដុះនៅទីមាត់សមុទ្រ លើដីភក់មានទឹកប្រៃ ក្នុងទ្វីបអាស៊ី និងប្រទេសអូស្ត្រាលី ផ្នែកក្តៅ។ ស្លឹកត្រចៀកក្រាញ់ មានសារជាតិរំអិល ប្រើការសំរាប់ព្យាបាលរោគសន្លាក់ឆ្អឹង និងរោគឈឺក្បាល ។	</li><li><p-n>More Information	NK : trâchiëk kranh’ sâmoth(r) (oreille de « kranh » de mer) ត្រចៀកក្រាញ់សមុទ្រ	NOTE	ពេលមានពាក្យ (វល្លិ) (ស្មៅ) (ដើម) ក្នុងវង់ក្រចកខាងក្រោយនាម រុក្ខជាតិ ត្រូវអានពាក្យនោះខាងមុខនាមវិញ។</p-n></li></ul>
ត្រចៀកត្រាញ់	CENTELLA (Umbelliferae)	Centella asiatica (L.) Urb.	<ul><li>Herb growing in wet places in all tropical regions. Leaves consumed as vegetables by highlands people. Usually, a drink is extracted from the plant and sweetened; it clarifies the blood and is well known also to treat cough and tuberculosis.	</li><li>ត្រចៀកត្រាញ់ ជាតិណជាតិដុះក្នុងប្រទេសក្តៅសកលលោក ។ ខ្មែរលើខ្លះយកស្លឹកខ្ចីៗ បរិភោគជាបន្លែ ។ តាមធម្មតា យើងតែងយកស្លឹកបុកច្របាច់ទឹក ដាក់ស្ករផឹក សម្រាប់អោយឈាមល្អ និងជាថ្នាំក្អក ឬថ្នាំរបេង ។	</li><li><p-n>More Information	NK : trâchiëk tra:nh’ (trâchiëk: Oreille ; tra:nh’ : petite prairie) &nbsp;ត្រចៀកត្រាញ់	NOTE	ពេលមានពាក្យ (វល្លិ) (ស្មៅ) (ដើម) ក្នុងវង់ក្រចកខាងក្រោយនាម រុក្ខជាតិ ត្រូវអានពាក្យនោះខាងមុខនាមវិញ។</p-n></li></ul>
ត្រដិតដើម	VITIS (Vitaceae)	Vitis pentagona Diels &amp; Gilg	<ul><li>Climbing shrub of the secondary formations of Southeast Asia. The acid fruits are edible and give a bad wine but an excellent vinegar. In traditional Khmer medicine, the roots are used in decoction against the bronchitis. They are also part of a remedy against gonorrhea.	</li><li>ឈ្មោះគុម្ពព្រឹក្សវារមួយប្រភេទ ដុះក្នុងព្រៃល្បោះ នៃអាស៊ីផ្នែកអាគ្នេយ៍ ។ ផ្លែរសជូរអាចបរិភោគបាន ធ្វើស្រាមិនបាន ។ តាមក្បួនឱសថបុរាណខ្មែរ គេស្ងោរឬសធ្វើថ្នាំរម្ងាប់រោគទងសួត ។ គេប្រើឬសផ្សំធ្វើថ្នាំម្យ៉ាងរម្ងាប់រោគប្រមេះ ។	</li><li><p-n>More Information	NK &nbsp;: trâdöt (doëm) &nbsp;ត្រដិត (ដើម)	NOTE	ពេលមានពាក្យ (វល្លិ) (ស្មៅ) (ដើម) ក្នុងវង់ក្រចកខាងក្រោយនាម រុក្ខជាតិ ត្រូវអានពាក្យនោះខាងមុខនាមវិញ។</p-n></li></ul>
ត្រថុក	COSTUS (Zingiberaceae) 	Costus speciosus (D. Koenig) Sm.	<ul><li>Herb, 0.50-1 m tall, of the undergrowth of the dense forests of tropical Asia. The young shoots are consumed in &quot;sâmlâ:&quot; (liquid dishes). The infusions of rhizomes would facilitate the deliveries. They are also a component of a remedy against measles and smallpox.	</li><li> ឈ្មោះប្រទាលមួយប្រភេទ សន្តាន ខ្ញី រមៀត រំដេង កំពស់ ០,៥០-១ម ដុះក្រោមដើមឈើក្នុងព្រៃក្រាស់ នៃអាស៊ីក្តៅ ។ ត្រួយខ្ចីអាចធ្វើសម្លបាន ។ គ្រូខ្មែរច្រើន ឆុងមើមត្រថុកឱ្យនារីកំពុងសម្រាលកូនផឹកដើម្បីឱ្យសម្រាលបានឆាប់ៗ ។ គេយកមើមផ្សំជាមួយដើមដទៃទៀត ខ្លះសម្រាប់ធ្វើថ្នាំព្យាបាលជម្ងឺ កញ្ជ្រិល និងអុតព្រៃ ឬអុតធំ ។ 	</li><li><p-n>More Information	NK : &nbsp;trâthôk &nbsp;ត្រថុក	NOTE	ពេលមានពាក្យ (វល្លិ) (ស្មៅ) (ដើម) ក្នុងវង់ក្រចកខាងក្រោយនាម រុក្ខជាតិ ត្រូវអានពាក្យនោះខាងមុខនាមវិញ។</p-n></li></ul>
ត្រនែង-ពួចជូរ 	VACCINIUM (Ericaceae)	Vaccinium bracteatum Thunb. 	<ul><li>Shrub, 3-4 m tall, of the dense formations of tropical Asia. Fruits slightly acid, edible. Pink flowers often picked to make bundles.	</li><li>ចុល្លព្រឹក្សមួយប្រភេទកំពស់៣-៤ម ដុះក្នុងព្រៃធំលើភ្នំនៃអាស៊ីក្ដៅ ។ ផ្លែមានរស់ជូរតិចៗអាចបរិភោគបាន ។ ផ្កាពណ៌កុលាបគេតែងបេះតាំងជាលំអ ។	</li><li><p-n>More Information	NK &nbsp;: trânaèng-puëch chu:, chângkrâng &nbsp;&nbsp;ត្រនែង-ពួចជូរ, ចង្ក្រង់	NOTE	ពេលមានពាក្យ (វល្លិ) (ស្មៅ) (ដើម) ក្នុងវង់ក្រចកខាងក្រោយនាម រុក្ខជាតិ ត្រូវអានពាក្យនោះខាងមុខនាមវិញ។</p-n></li></ul>
ត្រប់ទុំ	@ត្រប់ស, @បាត់មាត់	CRYPTERONIA (Crypteroniaceae)	Crypteronia paniculata Blume	<ul><li>Tree, 10-20 m tall, of the dense forests of the Indochinese and Malay Peninsulas. Young shoots eaten as vegetables. The wood, classified 3rd category, of yellowish red colour, is used in woodwork and in casing. 	</li><li>ឈ្មោះព្រឹក្សមួយប្រភេទ កំពស់ ១០-២០ម ដុះក្នុងព្រៃក្រាស់ នៅឧបទ្វីបឥណ្ឌូចិន និងជា្វ តួ្រយអាចបរិភោគ ជាបន្លែ បាន ។ ឈើជាឈើប្រណិតលេខ៣ មានពណ៌ក្រហមភា្លវ គេប្រើសម្រាប់ធ្វើគ្រឿងផ្ទះ ដូចជាក្តារក្រាល ជញ្ជាំង គ្រោងទ្វារ បង្អួច ។ល។	</li><li><p-n>More Information	NK : trâb’ tum’ (aubergine mûre, allusion probable à la couleur du bois) trâb’ sâ:, bat’ muët’ (silencieux) &nbsp;ត្រប់ទុំ, ត្រប់ស, បាត់មាត់	NOTE	ពេលមានពាក្យ (វល្លិ) (ស្មៅ) (ដើម) ក្នុងវង់ក្រចកខាងក្រោយនាម រុក្ខជាតិ ត្រូវអានពាក្យនោះខាងមុខនាមវិញ។</p-n></li></ul>
ត្រប់មមីស	@អាមែកន្ទួល	SOLANUM (Solanaceae)	Solanum erianthum D. Don 	<ul><li>Shrub, 2-6 m tall, originating from South America, introduced and naturalized in all the tropical regions where it is met in forest or along forest paths. It is often cultivated as decorative in the gardens. The stalk is used as graft for egg-plants (Solanum melongena). Plant used in popular medicine: the young cut stalks eaten with eggs would be effective against the respiratory diseases. The leaves, crushed then warmed in the alcohol, are used for rubbing the fainted children. They are used also as soap.	</li><li>ឈ្មោះព្រឹក្សម្យ៉ាង កំពស់ ២-៦ម ដើមកំណើតក្នុងប្រទេសអាមេរិកក្ដៅ គេនាំមកដាំក្នុងប្រទេសក្តៅសកលលោក ។ គេតែងប្រទះឃើញដើមនេះ ក្បែរមាត់ព្រៃ ឬមាត់ផ្លូវព្រៃ ។ ពេលខ្លះ គេដាំវាក្នុងសួនជាលំអ ដើមនេះអាចធ្វើមេផ្សាំសាច់            សំរាប់ ត្រប់វែង ។ តាមក្បួនឱសថបុរាណគេបរិភោគមែកខ្ចី កាត់ជាចំណិត ជាមួយពងមាន់ ឬទា ដើម្បីជាថ្នាំព្យាបាលជំងឺគ្រឿងដកដង្ហើម ។ ស្លឹកបុកល្អិត ហើយរោលភ្លើង ជាថ្នាំសំរាប់រឹត ក្មេងខ្យល់គ ឬប្រើជាសាប៊ូក៏បានដែរ ។ 	</li><li><p-n>More Information	NK : trâb momiss, amaè kântuël &nbsp;ត្រប់មមីស, អាមែកន្ទួល	NOTE	ពេលមានពាក្យ (វល្លិ) (ស្មៅ) (ដើម) ក្នុងវង់ក្រចកខាងក្រោយនាម រុក្ខជាតិ ត្រូវអានពាក្យនោះខាងមុខនាមវិញ។</p-n></li></ul>
ត្រប់រុំ	SOLANUM (Solanaceae)	Solanum album Lour.	<ul><li>Sub-shrub, 1-2.50 m tall, little thorny, met in the fields and along the roads of Cambodia, Laos, Vietnam and Thailand. The fruits, the young twigs and leaves are edible.	</li><li>ឈ្មោះគុម្ពព្រឹក្សតូចមួយប្រភេទ កំពស់ ១-២.៥០ម មិនសូវមានបន្លា ច្រើនដុះតាមមាត់ផ្លូវ និងក្នុងចំការនៃប្រទេសកម្ពុជា លាវ វៀតណាម និងថៃ ។ ផ្លែ មែកខ្ចីៗ និងស្លឹកខ្លីៗ អាចធ្វើជាបន្លែបាន ។ 	</li><li><p-n>More Information	NK : trâb rum’ &nbsp;ត្រប់រុំ	NOTE	ពេលមានពាក្យ (វល្លិ) (ស្មៅ) (ដើម) ក្នុងវង់ក្រចកខាងក្រោយនាម រុក្ខជាតិ ត្រូវអានពាក្យនោះខាងមុខនាមវិញ។</p-n></li></ul>
ត្រប់វែង	@ត្រប់ខារ	SOLANUM (Solanaceae)	Solanum melongena L. 	<ul><li>Herb, ligneous at bottom, 0.40-2 m tall, originating from India, cultivated since long in Cambodia and in other tropical regions for the edible fruits. These have various shapes and dimensions: long, round. Colour also may vary : whitish, yellowish, purple ; they are sold on markets in all seasons. They may be eaten raw or cooked in culinary preparations.	</li><li>ឈោ្មះតិណជាតិមានគល់រឹង កំពស់ ០,៤០-២ម ដើមកំណើតក្នុងប្រទេសឥណ្ឌា គេនាំមកដាំជាយូរណាស់ហើយ ក្នុងប្រទេសខ្មែរ និងប្រទេសក្ដៅដទៃទៀត ដើម្បីយកផ្លែធ្វើជាអាហារ។ ផ្លែមានរាងរៅច្រើនសណ្ឋានណាស់ វែង ឬមូល។ល។ ពណ៌ក៏មានច្រើនយ៉ាងដែរ ពណ៌ស, លឿងភ្លាវ, ស្វាយ ។ល។ គេអាចឃើញលក់ក្នុងផ្សារគ្រប់រដូវ ។ គេអាចបរិភោគឆៅ ឬ ឆ្អិន ។ 	</li><li><p-n>More Information	NA &nbsp;: eggplant</p-n></li></ul>
ត្របែក 	PSIDIUM (Myrtaceae)	Psidium guajava L.	<ul><li>Shrub, 4-8 m tall, imported from tropical America, cultivated near houses for its edible fruits. The astringent leaves are used in Cambodia to treat diarrhoea. The barks, in decoction, as the fruits, are used also in the same purpose.	</li><li>ចុល្លព្រឹក្សពួកមួយ កំពស់ ៤-៨ម គេនាំពីអាមេរិកក្ដៅមកដាំជិតផ្ទះ ជាដំណាំដែលផ្លែបរិភោគបាន ។ ស្លឹករសចត់           សំរាប់ធ្វើថ្នាំរាគ ។ គេស្ងោរសំបក ឬស៊ីផ្លែខ្ចីៗ ដើម្បីព្យាបាលរោគរាគដែរ ។	</li><li><p-n>More Information	NA &nbsp;: common guavas</p-n></li></ul>
ត្របែកបារាំង	@ស្រគំបារាំង	MADHUCA (Sapotaceae)	Madhuca pierrei (Williams) H. J. Lam	<ul><li>Tree, 15-20 m tall, of the degraded formations of Indochina, cultivated in Cambodia as fruit and street tree.	</li><li>ជាព្រឹក្សម្យ៉ាងកំពស់ ១៥-២០ម ដុះក្នុងព្រៃល្បោះនៃឥណ្ឌូចិន ។ គេច្រើនដាំជាលំអតាមវិថីនានាក្នុងប្រទេសខ្មែរ ។ ផ្លែទុំ អាចបរិភោគបានដូចល្មុតដែរ ។	</li><li><p-n>More Information	Syn. &nbsp;: Bassia thoreliana Pierre ex Lecomte</p-n></li></ul>
ត្របែកព្រៃ	LAGERSTROEMIA (Lythraceae)	Lagertroemia floribunda Jack	<ul><li>Tree, 8-40 m tall, of the dense and semi-dense forests of the Indochinese and Malay Peninsula. Often planted as decorative along avenues.	</li><li>ត្របែកព្រៃជាព្រឹក្សមួយ កំពស់ពី ៨-៤០ម ដុះក្នុងព្រៃធំ ឬ ធំមធ្យមនៅឧបទ្វីបឥណ្ឌូចិន និងជ្វា ។ គេនិយមដាំ ត្របែកព្រៃ ជាលំអតាមដងវិថីនានា ក្រុងធំៗ ។ ឈើប្រើសំរាប់សង់ផ្ទះ ។	</li><li><p-n>More Information	NK &nbsp;: trâbaèk prèi ត្របែកព្រៃ	NOTE	ពេលមានពាក្យ (វល្លិ) (ស្មៅ) (ដើម) ក្នុងវង់ក្រចកខាងក្រោយនាម រុក្ខជាតិ ត្រូវអានពាក្យនោះខាងមុខនាមវិញ។</p-n></li></ul>
ត្រពូងទីក	TRIGONOSTEMON (Euphorbiaceae)	Trigonostemon quocensis Gagnep. 	<ul><li>Shrub, 1-4 m tall, abounding in the dense formations near the rivers of Cambodia and Vietnam. The leaves are used for the treatment of the measles and the smallpox.	</li><li>ចុល្លព្រឹក្សមួយប្រភេទកំពស់១-៤ម ច្រើនដុះក្នុងព្រៃធំជិតមាត់ទឹក នៃប្រទេសកម្ពុជា និងវៀតណាម ។ ស្លឹកគេប្រើ សំរាប់ធ្វើថ្នាំព្យាបាលជំងឺកើតកញ្ជ្រិល និង អុតធំ ។	</li><li><p-n>More Information	NK &nbsp;: trâpu:ng tük &nbsp;ត្រពូងទឹក	NOTE	ពេលមានពាក្យ (វល្លិ) (ស្មៅ) (ដើម) ក្នុងវង់ក្រចកខាងក្រោយនាម រុក្ខជាតិ ត្រូវអានពាក្យនោះខាងមុខនាមវិញ។</p-n></li></ul>
ត្រមូងសេក	SUREGADA (Euphorbiaceae)	Suregada multiflorum (A. Juss.) Baill. 	<ul><li>Shrub, 2-5 m tall, of the secondary formations and undergrowth of China (Hainan), India, Indochinese and Malay Peninsula. The bark is used to make a digestive drink; it is part of a remedy against the inflammations of the gums; it is also used as laxative in liver troubles. In the Pursat region the leaves would be used in magic.	</li><li>ចុល្លព្រឹក្សមួយប្រភេទកំពស់២-៥ម ដុះក្នុងព្រៃល្បោះ និងព្រៃគម្ពោត នៃប្រទេសចិនហៃណាំ ឥណ្ឌា ឧបទ្វីបឥណ្ឌូចិន និងជា្វ ។ សំបកសម្រាប់ធ្វើថ្នាំរំលាយអាហារ និងអាចផ្សំធ្វើថ្នាំជម្ងឺ ហើមជើងធ្មេញ ឬថ្នាំបញ្ចុះពេលមានជម្ងឺ ថ្លើម ។ ក្នុងខេត្តពោធិសាត់ អ្នកស្រុកខ្លះប្រើស្លឹកធ្វើជាមន្តអាគម ។ 	</li><li><p-n>More Information	Syn. &nbsp;: Gelonium multiflorum A. Juss.</p-n></li></ul>
ត្រមួច	@ត្រុំព្រៃ - តែព្រៃ	ANTIDESMA (Euphorbiaceae)	Antidesma acidum Retz.	<ul><li>Shrub, 2-3m tall, which grows in secondary forest in Indochina. The fleshy fruit is edible. In local medicine, the root’s infusion would he tonic, it is given to young mothers.	</li><li>ចុល្លព្រឹក្សកំពស់ ២ - ៣ ម ដុះក្នុងព្រៃស្រោងនៃឥណ្ឌូចិន។ ផ្លែគេបរិភោគបាន តែមិនសូវចូលចិត្តទេ។ ឫសស្ងោរផឹក ជាថ្នាំលើកកំលាំង ជាពិសេសសំរាប់នារីដែលទើបនឹងសំរាលកូនហើយ។ 	</li><li><p-n>More Information	Syn. : Antidesma diandrum Roth</p-n></li></ul>
ត្រយឹង	DIOSPYROS (Ebenaceae) 	Diospyros pilosanthera Blanco, var. helferi (C.B. Clarke) Bakh.	<ul><li>Tree, 10-20 m tall, of dense and semi-dense forests of the Indochinese Peninsula and Malay Archipelago. Species with a coal black tortuous trunk, easily associated with termitariums. Wood much appreciated in cabinetwork. The barks are a component of a remedy against ovarian diseases.	</li><li>ត្រយឹងជាព្រឹក្សកំពស់ ១០-២០ម ដុះក្នុងព្រៃក្រាស់ ឬក្រាស់មធ្យមនៅឧបទ្វីបឥណ្ឌូចិន ។ ដើមពណ៌ខ្មៅដូចធ្យូង ច្រើនដុះវៀច គឺមិនត្រង់ទៅលើ ច្រើនដុះលើដំបូក ។ ឈើត្រយឹងមានតម្លៃណាស់ សម្រាប់ធ្វើវត្ថុលំអ ។ គ្រូថ្នាំខ្មែរប្រើសំបក  ត្រយឹងផ្សំធ្វើថ្នាំព្យាបាលជម្ងឺស្បូន ។	</li><li><p-n>More Information	Syn. &nbsp;: D. helferi C.B. Clarke</p-n></li></ul>
ត្រសក់	CUCUMIS (Cucurbitaceae)	Cucumis sativus L.	<ul><li>Herbaceous liana, of sino-himalayan origin, cultivated in the tropical regions for its edible fruits, taken raw as vegetables, or cooked in numerous culinary preparations. The fruit possesses a white flesh; it is harvested either young, known as gherkin, for pickles, or grown-up for common consumption. In traditional medicine, the young fruits cooked in sugar are prescribed to the children against dysentery.	</li><li>ឈ្មោះវល្លិទន់ម្យ៉ាង ដើមកំណើតពីប្រទេសដែលនៅជុំវិញភ្នំហិមពាន្ដ គេនាំគ្រាប់មកដាំក្នុងប្រទេសក្ដៅ ឬរងាមធ្យម សកលលោក ដើម្បីយកផ្លែធ្វើអាហារ ។ គេអាចបរិភោគឆៅជាបន្លែ ឬឆ្អិនជាម្ហូបផ្សេងៗ ។ គេបេះផ្លែខ្ចី សម្រាប់ជ្រក់ជា         &quot; Cornichons &quot; ឬផ្លែធំៗ ជាបន្លែធម្មតា ។ គ្រូខ្មែរបុរាណ ស្ងោរផ្លែត្រសក់ដាក់ស្ករ អោយក្មេងបរិភោគ ដើម្បីរម្ងាប់រោគរាគ មួល ។	</li><li><p-n>More Information	NA : cucumber</p-n></li></ul>
ត្រសក់ស្រូវ	@ម៉ឺឡុង	CUCUMIS (Cucurbitaceae)	Cucumis melo L.	<ul><li>Herbaceous liana, originating from western America, cultivated in all tropical and temperate regions of the world. The fruit, yellow or red, is refreshing; the seeds contain 30% of an edible light yellow oil. Peduncle of the fruit is part of a remedy to stop vomiting.	</li><li>ត្រសក់ស្រូវជាវល្លិវារលើដី ដើមកំណើតនៅអាហ្វ្រិកខាងលិច គេនាំគ្រាប់មកដាំគ្រប់ប្រទេសក្ដៅ និងប្រទេសរងាមធ្យម លើសកលលោក ។ ផ្លែពណ៌លឿង ឬក្រហមភាវ គេនិយមបរិភោគជាចំណីត្រជាក់ ។ គ្រាប់ត្រសក់ស្រូវមានប្រេងពណ៌លឿង ភាវចំនួន៣០ភាគរយ គេចូលចិត្តលីងបរិភោគណាស់។ ទងរបស់ផ្លែអាចផ្សំជាមួយរុក្ខជាតិដទៃទៀតធ្វើថ្នាំក្អួត។	</li><li><p-n>More Information	NA : melon</p-n></li></ul>
ត្រសៀតទឹក 	PENTACE (Tiliaceae)	Pentace paludosa Kosterm.	<ul><li>Tree, 8-15 m tall, growing in the flooded forests of Cambodia around the Tonle Sap, where it is endemic. The barks are used to make ropes.	</li><li>ឈ្មោះព្រឹក្សម្យ៉ាងកំពស់ ៨-១៥ម ដុះក្នុងព្រៃនោម ជុំវិញទន្លេសាបនៃប្រទេសកម្ពុជា ។ សំបកសម្រាប់ប្រើធ្វើជាខ្សែពួរ អាចប្រើក្នុងនាវាបាន ។	</li><li><p-n>More Information	NK &nbsp;&nbsp;: &nbsp;trâsiët tük &nbsp;ត្រសៀតទឹក	NOTE	ពេលមានពាក្យ (វល្លិ) (ស្មៅ) (ដើម) ក្នុងវង់ក្រចកខាងក្រោយនាម រុក្ខជាតិ ត្រូវអានពាក្យនោះខាងមុខនាមវិញ។</p-n></li></ul>
ត្រសៀតភ្នំ	PENTACE (Tiliaceae)	Pentace burmannica Kurz 	<ul><li>Tree, 30-40 m tall, of the dense formations, especially of mountains, in Cambodia Burma, and along the Martaban bay. The barks, rich in tannin, are chewed. Wood used for the construction of boats which may to last from 15 to 30 years, for skeletons and carts. 	</li><li>ឈ្មោះព្រឹក្សមួយប្រភេទកំពស់ ៣០-៤០ម ដុះក្នុងព្រៃធំ ច្រើនមានលើភ្នំនៃប្រទេសកម្ពុជា និងភូមា តាមឈូងសមុទ្រ Martaban ។ សំបក អាចស៊ីជំនួសស្លាបាន ។ ឈើគេប្រើសម្រាប់សង់នាវា ទូក កប៉ាល់ អាចជាប់បាន ១៥ ទៅ ៣០ ឆ្នាំ និង ធ្វើជាគ្រឿងដំបូលផ្ទះ ឬធ្វើរទេះ, នង្គ័ល ។ 	</li><li><p-n>More Information	NK &nbsp;&nbsp;: trâsiët phnôm &nbsp;&nbsp;ត្រសៀតភ្នំ	NOTE	ពេលមានពាក្យ (វល្លិ) (ស្មៅ) (ដើម) ក្នុងវង់ក្រចកខាងក្រោយនាម រុក្ខជាតិ ត្រូវអានពាក្យនោះខាងមុខនាមវិញ។</p-n></li></ul>
ត្រសៀត	@អំពកស្រែ	VITEX (Verbenaceae) 	Vitex negundo L. 	<ul><li>Tree, 8-15 m tall, of the secondary formations of Southeast Asia. Plant considered as having various medicinal virtues. The leaves, warmed on fire, are applied to the articulations suffering from rheumatisms. In baths, the leaves would be effective against beriberi, hémiplegia and paralysis. The decoction of roots would be febrifuge.	</li><li>ព្រឹក្សមួយប្រភេទ កំពស់ ៨-១៥ម ដុះក្នុងព្រៃល្បោះនៃអាស៊ីផ្នែកអាគ្នេយ៍ ។ ជារុក្ខជាតិឱសថ ។ គេប្រើស្លឹករោល   ភ្លើង បំពោកលើសន្លាក់ដៃជើងឈឺ ។ គេដាំស្លឹកងូតរម្ងាប់រោគស្ពឹក រោគស្លាប់មួយចំហៀងខ្លួន និង រោគខ្វិន ។  ទឹកស្ងោរនៃឬសជាថ្នាំគ្រុន ។	</li><li><p-n>More Information	NF &nbsp;: gattilier</p-n></li></ul>
ត្រសេក	PELTOPHORUM (Leguminosae-Caesalpinioideae)	Peltophorum dasyrrhachis (Miq.) Kurz, var. dasyrrhachis	<ul><li>Tree, 10-30 m tall, with deciduous leaves, of the dense or secondary formations of plain below 800 m. in the Indochinese and Malay Peninsula, Sumatra and Java. Yellowish red wood, rather lasting, good for boards. columns, carts. The tree is used here and there for reafforestation. Edible and febrifuge bark. 	</li><li>ឈ្មោះព្រឹក្សកំពស់ ១០-៣០ម ស្លឹកជ្រុះរដូវប្រាំង ដុះក្នុងព្រៃធំ ឬព្រៃល្បោះ លើដីទំនាប នៃឧបទ្វីបឥណ្ឌូចិន ជ្វា លើកោះ Java និង Sumatra ឈើពណ៌ក្រហម ឬលឿងភា្លវ ជាប់ល្អ សម្រាប់ធ្វើជាកា្ដរផ្ទះ សសរផ្ទះ និងរទេះ នង្គ័ល ដើមនេះគេដាំកន្លែងវាល ដើម្បីឲ្យមានព្រៃឡើងវិញ ។ សំបកត្រសេកអាចបរិភោគបាន ហើយជាថ្នាំគ្រុនផង ។ 	</li><li><p-n>More Information	NK &nbsp;: trâsé:k &nbsp;&nbsp;ត្រសេក	NOTE	ពេលមានពាក្យ (វល្លិ) (ស្មៅ) (ដើម) ក្នុងវង់ក្រចកខាងក្រោយនាម រុក្ខជាតិ ត្រូវអានពាក្យនោះខាងមុខនាមវិញ។</p-n></li></ul>
ត្រសេកត្រាំកង់	PELTOPHORUM (Leguminosae-Caesalpinioideae)	Peltophorum pterocarpum (DC.) Backer ex K. Heyne 	<ul><li>Tree, 10-25 m tall. probably imported, of the clear formations, coasts and back - mangrove of Southeast Asia and tropical Australia, cultivated in the warm regions of the world. It is a decorative tree of avenues, and a shade tree in the plantations. Colouring bark. Wood graded 1st category, in demand for the constructions.	</li><li>ឈ្មោះព្រឹក្សមួយប្រភេទ កំពស់ ១០-២៥ម ប្រហែលគេយកពីបរទេសមកដាំក្នុងព្រៃល្បោះតាមឆ្នេរសមុទ្រ ក្នុងព្រៃ ស្មាច់ នៃអាស៊ីផ្នែកអាគ្នេយ៍ និងប្រទេសអូស្ត្រាលីក្ដៅ គេដាំក្នុងប្រទេសក្ដៅសកលលោក ។ ជាព្រឹក្សដាំជាលំអ និងសម្រាប់ យកម្លប់ក្នុងចំការដំណាំ ។ ឈើល្អលេខមួយសម្រាប់សង់ផ្ទះ ។	</li><li><p-n>More Information	Syn. &nbsp;: Peltophorum ferrugineum Benth.</p-n></li></ul>
ត្រឡក	@ត្រឡកម្សៅ	VATICA (Dipterocarpaceae) 	Vatica philastreana Pierre	<ul><li>Tree, 15-30 m tall, of the dense coastal forests and along the rivers of the Indochinese Peninsula. Wood graded 2nd category, used in construction.	</li><li>ព្រឹក្សមួយប្រភេទកំពស់១៥-៣០ម ដុះក្នុងព្រៃធំជិតមាត់សមុទ្រនឹងមាត់ទឹក នៃឧបទ្វីបឥណ្ឌូចិន ។ ឈើជាឈើលេខ២ សំរាប់សង់ផ្ទះ ។	</li><li><p-n>More Information	Syn. ​: Vatica thorelii Pierre</p-n></li></ul>
ត្រឡាច	BENINCASA (Cucurbitaceae)	Benincasa hispida (Thunb. ex Murray) Cogn.	<ul><li>Creeping and herbaceous liana cultivated all over the tropical Asia for its edible fruits. The seeds are also eaten fried. Preserved fruits are sold in all markets of the world. In traditional medicine the roots are used for the relief of stomachache. The seeds have the reputation to be against tape worms.	</li><li>ត្រឡាចជាវល្លិវារលើដី ជាដំណាំដាំក្នុងទ្វីបអាស៊ីក្ដៅ សម្រាប់យកផ្លែជាអាហារបរិភោគ ។ គ្រាប់ត្រឡាចលីងអាចពិសាទទេបាន ឬមួយទុកដាក់ក្នុងនំ ។ ត្រណាប់ត្រឡាច មានលក់ក្នុងហាងអាស៊ីគ្រប់ប្រទេស ។ ឬសគេយកធ្វើឱសថ ព្យាបាលកញ្ជ្រិល ។ ទឹកត្រឡាចស្ងោរ អាចធ្វើឱ្យរំលាយអាហារស្រួល ឱ្យបាត់ឈឺពោះ ។ គ្រាប់អាចសម្លាប់ព្រូនបាន ។	</li><li><p-n>More Information	Syn. : Beninicasa cerifera Savi</p-n></li></ul>
ត្រាំកង់	ERYTHROPHLEUM (Leguminosae-Caesalpinioideae)	Erythrophleum fordii Oliv. 	<ul><li>Tree, 8-25 m tall, of the dense forests of Cambodia, Vietnam and Southern China. Very resistant wood, notably to insects, much in demand to make railway short cuts and in construction. 	</li><li>ឈ្មោះព្រឹក្សមួយប្រភេទកំពស់៨-២៥ម ដុះក្នុងព្រៃក្រាស់នៃប្រទេសកម្ពុជា វៀតណាម និងចិនខាងត្បូង ។ ឈើជាប់ណាស់ សត្វស៊ីមិនដាច់ មានតម្លៃ សម្រាប់ធ្វើកំណល់ និង សង់ផ្ទះ ។	</li><li><p-n>More Information	NK &nbsp;: &nbsp;trâm kâng’ &nbsp;ត្រាំកង់	NOTE	ពេលមានពាក្យ (វល្លិ) (ស្មៅ) (ដើម) ក្នុងវង់ក្រចកខាងក្រោយនាម រុក្ខជាតិ ត្រូវអានពាក្យនោះខាងមុខនាមវិញ។</p-n></li></ul>
	ឧទាហរណ៏៖&nbsp;		<ul><li>	</li><li>					</li></ul>
ត្រាច	@ត្រាច-ស, @ត្រាចស្នែង, ត្រាចស្រា 	DIPTEROCARPUS (Dipterocarpaceae)	Dipterocarpus intricatus Dyer	<ul><li>Tree, 15-30 m tall, of dense decideous forests and clear forests of the Indochinese Peninsula. It is met sometimes in pure stockings in decideous, periodically, flooded plain’s forests but this species can be also in dense forest up to 500 m. Resin is used mainly for the preparation of torches. The wood, red brown, is appreciated for the construction of carts and houses.	</li><li>ឈ្មោះព្រឹក្សមួយប្រភេទ កំពស់ ១៥-៣០ម ដុះក្នុងព្រៃក្រាស់ជ្រុះស្លឹក ឬព្រៃស្រោងនៃឥណ្ឌូចិន ពេលខ្លះគេឃើញដើមនេះដុះផ្ដុំគ្នាជាច្រើន ក្នុងព្រៃជ្រុះស្លឹក ដែលមានទឹកលិចរឿយៗ ដោយទៀងកំណត់ពេល ។ តែដើមត្រាចអាចដុះលើភ្នំខ្ពស់ ដល់៥០០ម ។ ជ័រត្រាចគេច្រើនប្រើសំរាប់ធ្វើចន្លុះ ។ ឈើពណ៌ក្រហមក្រម៉ៅមានតម្លៃគួរសម គេប្រើសម្រាប់សង់ផ្ទះ ឬធ្វើរទេះ ។	</li><li><p-n>More Information	NK &nbsp;: tra:ch, tra:ch sâ:, tra:ch snaèng, tra:ch sra: &nbsp;ត្រាច, ត្រាច-ស, ត្រាចសែ្នង, ត្រាចស្រា	NOTE	ពេលមានពាក្យ (វល្លិ) (ស្មៅ) (ដើម) ក្នុងវង់ក្រចកខាងក្រោយនាម រុក្ខជាតិ ត្រូវអានពាក្យនោះខាងមុខនាមវិញ។</p-n></li></ul>
ត្រាប់ពត់លំញង	SOLANUM (Solanaceae)	Solanum torvum Sw.	<ul><li>Small shrub, 1-3 m tall, originating from Carribbean islands, cultivated and naturalized in all the tropical regions ; escaped from cultivation, it can be found in the bushes and undergrowth of forests between 0 and 1200 m. The small fruits are eaten, either raw as vegetables with fish sauces, or cooked in &quot;sâmla&quot;. 	</li><li>ឈ្មោះចុល្លព្រឹក្សតូចមួយប្រភេទ គេនាំពីប្រទេស Caraibes មកដាំនៅគ្រប់ស្រុកក្តៅសកលលោក គេច្រើនឃើញដុះ ក្នុងគុម្ពបន្លា ឬក្នុងព្រៃលើដីទំនាប និងលើភ្នំ ។ ផ្លែអាចបរិភោគឆៅជាមួយទឹកគ្រឿង ឬឆ្អិនក្នុងសម្ល កកូរជាដើម ។ 	</li><li><p-n>More Information	NK &nbsp;: trâb put lumnhô:ng &nbsp;ត្រប់ពត់លំញង	NOTE	ពេលមានពាក្យ (វល្លិ) (ស្មៅ) (ដើម) ក្នុងវង់ក្រចកខាងក្រោយនាម រុក្ខជាតិ ត្រូវអានពាក្យនោះខាងមុខនាមវិញ។</p-n></li></ul>
ត្រាវ	COLOCASIA (Araceae)	Colocasia esculenta (L.) Schott, var. esculenta	<ul><li>Asian herb, cultivated everywhere for its edible farinaceous tubers. They are used under the form of dish or pastries. The stalks are edible after a long cooking.	</li><li>ឈ្មោះប្រទាលមួយប្រភេទសន្ដានក្តាត ដើមកំណើតកើតក្នុងទ្វីបអាស៊ី គេយកមើមទៅដាំគ្រប់ប្រទេសក្តៅសកល  លោក ។ មើមត្រាវ មានជាតិម្សៅ អាចបរិភោគជំនួសបាយបាន ពេលខ្លះគេយកត្រាវធ្វើម្ហូប ឬធ្វើបង្អែម ។ ធាងត្រាវ ស្លបានដែរ តែត្រូវស្ងោរឲ្យយូរសិន ។	</li><li><p-n>More Information	NA : cocoyam, dasheen</p-n></li></ul>
ត្រាវព្រៃ	PHRYNIUM (Marantaceae)	Phrynium placentarium (Lour.) Merr.	<ul><li>Herb, 0.50-1 m tall, of the wet places of Indochina, India, Southern China and Indonesia. The leaves are used for wrapping some dishes in order to give them a pleasant taste. The foliaires*** buds are used to make vinegar. The leaves are sometimes sold on markets.	</li><li>ស្មៅម្យ៉ាងកំពស់ ០.៥០-១ម ដុះលើដីសើមៗនៃឥណ្ឌូចិន ប្រទេសឥណ្ឌា ចិនខាងត្បូង និងឥណ្ឌូនេស៊ី ។ ស្លឹក សម្រាប់ខ្ចប់ម្ហូបអាហារខ្លះៗ ដើម្បីឱ្យមានរសឈ្ងុយឆ្ងាញ់ ។ ពន្លកស្លឹកគេប្រើធ្វើជាទឹកខ្មេះ ។ គេអាចឃើញស្លឹកលក់ក្នុងផ្សារ ។	</li><li><p-n>More Information	NK &nbsp;&nbsp;: &nbsp;traw préi (taro sauvage) &nbsp;ត្រាវព្រៃ	NOTE	ពេលមានពាក្យ (វល្លិ) (ស្មៅ) (ដើម) ក្នុងវង់ក្រចកខាងក្រោយនាម រុក្ខជាតិ ត្រូវអានពាក្យនោះខាងមុខនាមវិញ។</p-n></li></ul>
ត្រុំ	INDIGOFERA (Leguminosae-Papilionoideae) 	Indigofera tinctoria L.	<ul><li>Sub-shrub, 50-60 cm tall, subspontaneous in the open formations and on the waste grounds of Indochina. The leaves supply a purple black or black dye. The roots are used in traditional Cambodian medicine against urinary retention and gonorrhea.	</li><li>គុម្ពព្រឹក្សតូច មួយប្រភេទ កំពស់ ៥០-៦០ស.ម អាចដុះឯងៗក្នុងព្រៃស្រោង ឬដីវាលនៃឥណ្ឌូចិន គេច្រើនដាំជាដំណាំ ។ ស្លឹកវាសម្រាប់ជ្រលក់ សំពត់ឱ្យមានពណ៌ខ្មៅស្វាយតិចៗ ឬខ្មៅ ។ គ្រូបុរាណខ្មែរប្រើឬសត្រុំធ្វើថ្នាំស្ទះនោម និងថ្នាំព្យាបាលជម្ងឺប្រមេះ ។ 	</li><li><p-n>More Information	NF &nbsp;: indigotier</p-n></li></ul>
ត្រុំខ្មោច	TEPHROSIA (Leguminosae-Papilionoideae) 	Tephrosia purpurea (L.) Pers.	<ul><li>Hard herb, 0.50-1 m tall, of the open formations of Indochina. The roasted seeds can be used as surrogate of the coffee. The roots are used in traditional medicine to stimulate appetite, regulate the menstruations and against the troubles of stomach.	</li><li>ឈ្មោះតិណជាតិរឹងម្យ៉ាងកំពស់០,៥០-១ម ដុះលើដីវាលនៃឥណ្ឌូចិន ។ គេអាចលីងគ្រាប់កិនដូចកាហ្វេហើយឆុងផឹក ។  ឬ វាជាថ្នាំអោយបរិភោគបាយបាន អោយរដូវដើរត្រឹមត្រូវ និងព្យាបាលជំងឺក្រពះ ។	</li><li><p-n>More Information	NK &nbsp;: trôm khmaôch (indigotier sauvage) &nbsp;ត្រុំខ្មោច	NOTE	ពេលមានពាក្យ (វល្លិ) (ស្មៅ) (ដើម) ក្នុងវង់ក្រចកខាងក្រោយនាម រុក្ខជាតិ ត្រូវអានពាក្យនោះខាងមុខនាមវិញ។</p-n></li></ul>
ត្រុំព្រៃ	DESMODIUM (Leguminosae-Papilionoideae) 	Desmodium heterophyllum (Willd.) DC.	<ul><li>Crawling sub-shrub, branching from the bottom, with leaves of 2 kinds : unifoliate downward, trifoliate on the top. Species of the wet grounds of tropical Asia. Fodder plant. The crushed leaves are used to coat the body before massage. In traditional medicine, a decoction of the twigs having leaves is used to treat unrinary retention and troublesome digestion.	</li><li>ឈ្មោះគុម្ពព្រឹក្សតូច ឬស្មៅវារលើដី មានស្លឹកពីរប្រភេទ នៅគល់កូនស្លឹកមានតែមួយ តែនៅចុងកូនស្លឹកមានបី ។ ជា ដើមដុះលើដីសើម ក្នុងទ្វីបអាស៊ីផ្នែកក្តៅ ។ គោ ក្របី តែងស៊ីស្លឹកដើមនេះ ។ គេតែងយកស្លឹកត្រុំព្រៃកិនឱ្យម៉ត់ លាបលើខ្លួនប្រាណមុនឱ្យគេគក់ច្របាច់ ។ គ្រូថ្នាំខ្មែរយកមែកមានស្លឹកស្ងោរ ធ្វើថ្នាំព្យាបាលជម្ងឺទាស់នោម និងការរំលាយអាហារ ។	</li><li><p-n>More Information	NA : spanish clover</p-n></li></ul>
ត្រុំស្វា	DESMODIUM (Leguminosae-Papilionoideae) 	Desmodium strigillosum Schindl.	<ul><li>Sub-shrub, 0.20-1 m tall, hairy, met in Burma, Cambodia, Laos and Vietnam in the uncultivated places, on soils ruined by fires, dry hillsides, towards 700-800 m. In Cambodia, the species is plentiful in Kirirom pine forest. In traditional medicine, the root, crushed and macerated in alcohol or in the water, is applied in poultice on swelled limbs.	</li><li>ឈ្មោះគុម្ពព្រឹក្សមួយប្រភេទកំពស់ ០,២០ - ១ម មានរោមដុះក្នុងប្រទេសខ្មែរ ភូមា លាវ និងវៀតណាម លើដីគ្មាន            ដំណាំ ដែលមានភ្លើងធ្លាប់ឆេះ ឬលើជម្រាលភ្នំប្រហែល ៧០០-៨០០ម ឧព្វេធ។ ក្នុងស្រុកខ្មែរ ត្រុំស្វាដុះជាច្រើន ក្រោមព្រៃ ស្រល់លើភ្នំ Kirirom ។ គ្រូថ្នាំខ្មែរយកឬសដើមនេះកិនឱ្យម៉ត់ ហើយត្រាំស្រា សម្រាប់ធ្វើថ្នាំបំពោកលើដៃជើង ដែលហើម។	</li><li><p-n>More Information	NK : trôm sva: (indigotier du singe) &nbsp;ត្រុំស្វា	NOTE	ពេលមានពាក្យ (វល្លិ) (ស្មៅ) (ដើម) ក្នុងវង់ក្រចកខាងក្រោយនាម រុក្ខជាតិ ត្រូវអានពាក្យនោះខាងមុខនាមវិញ។</p-n></li></ul>
ត្រៀលធំ	RAUWENHOFFIA (Annonaceae)	Rauwenhoffia siamensis Scheff.	<ul><li>Climbing shrub, 0.80-1.50 m tall, of the dense forests of Cambodia and Vietnam. The ripe fruits are in demand to be eaten fresh. The decoction of roots is absorbed against aerophagy and as fortifying. 	</li><li>ឈ្មោះគុម្ពព្រឹក្សមួយប្រភេទកំពស់ ០,៨០ - ១,៥០ម វារលើឈើក្នុងព្រៃធំនៃប្រទេសខ្មែរ និង វៀតណាម ។ ផ្លែប្រើជាអាហារស្រស់ ។ ឬសសំរាប់ស្ងោរផឹក ជាថ្នាំរំងាប់រោគមានខ្យល់ក្នុងពោះ និងលើកកំលាំង ។	</li><li><p-n>More Information	Syn. &nbsp;: Melodorum schefferi Pierre ex Finet &amp; Gagnep.</p-n></li></ul>
ត្អួ	TERMINALIA (Combretaceae) 	Terminalia cambodiana Gagnep.	<ul><li>Tree, 8-15 m tall, of the flooded forests of Cambodia and Southern Vietnam. Wood used for the construction of fishing dams, columns, and to make coal.	</li><li>ព្រឹក្សម្យ៉ាង កំពស់ ៨-១៥ម ច្រើនដុះនៅព្រៃបឹង ឬមាត់ទន្លេ និងព្រៃរនាម នៃប្រទេសកម្ពុជា និងវៀតណាមខាងត្បូង ។ ឈើគេប្រើសម្រាប់សង់ទំនប់ទឹក នេសាទ ធ្វើសរសរផ្ទះ និងធ្វើធ្យូងដុត ពីព្រោះមានរងើកល្អ ។	</li><li><p-n>More Information	NK &nbsp;: tâ’ uë &nbsp;ត្អួ	NOTE	ពេលមានពាក្យ (វល្លិ) (ស្មៅ) (ដើម) ក្នុងវង់ក្រចកខាងក្រោយនាម រុក្ខជាតិ ត្រូវអានពាក្យនោះខាងមុខនាមវិញ។</p-n></li></ul>
ថ្កូវ	ANTHOCEPHALUS (Rubiaceae)	Anthocephalus chinensis (Lam.) A. Rich. ex Walp.	<ul><li>Tree, 8-15m tall, found in secondary forest in tropical Asia, often cultivated as shade-tree because of its quick growth. Fruits eaten with salt by Cambodian people. The wood is used for making small articles and may be used for making paper. In local medicine, stems and bark’s decoction is said to be efficient against all pains. 	</li><li>ដើមឈើកំពស់ ៨ - ១៥ម ដុះក្នុងព្រៃស្រោង នៃអាស៊ីក្ដៅ នៅស្រុកខ្មែរគេនិយមដាំថ្កូវ ពីព្រោះជារុក្ខជាតិមួយដុះ រហ័សណាស់ ផ្លែចំរុះមានវិជ្ឈមាត្រ  ២ - ៧ សង់ទីម៉ែត បរិភោគបាន។ ឈើថ្កូវគេអាចយកធ្វើក្រដាសក៏បានដែរ។ គេស្ងោរសំបកលាយធាងសំរាប់ផឹក រំងាប់រោគឈឺក្បាល និងធ្វើឱ្យស្រួលសរសៃផង។ 	</li><li><p-n>More Information	Syn. &nbsp;: Cephalanthus chinensis Lam.</p-n></li></ul>
ថ្ងាន់	CRATEVA (Capparidaceae) 	Crateva adansonii DC. subsp. odorata Jacobs	<ul><li>Shrub, 1-4 m tall, of open formations of Southeast Asia. The young fruits and the flowers are edible. The bark is used in traditional medicine, in particular for the treatment of diseases of delivering women. The wood, rather soft, is used to make hoofs, boards or as firewood.	</li><li>ថា្ងន់ជាចុល្លព្រឹក្ស (arbuste) កំពស់ ១-៤ម ដុះលើដីវាល នៅអាស៊ីអាគ្នេយ៍ ។ ផ្លែខ្ចីៗ និងផ្កាថ្ងាន់គេប្រើជាបន្លែ ។ ឈើប្រើបានច្រើនមុខ ដូចជាធ្វើកា្ដរផ្ទះ ស្បែកជើងឈើ ឬគ្រឿងសង់ផ្ទះផ្សេងៗ ។	</li><li><p-n>More Information	Syn. : Crateva roxburghii R. Br.</p-n></li></ul>
ថ្នាង	PTERIDIUM (Dennstaedtiaceae, Fougères)	Pteridium esculentum (Forst) Cockayne	<ul><li>Fern. 0.80-1.50 m tall, of the undergrowths of the wet dense forests of altitude, above 400-500 m. common in tropical regions of Asia, Oceania and Australia. The rolled up young slings (leaves) are eaten as vegetables. Rhizomes are used to make compost intended for the cultivation of orchids.	</li><li>ឈ្មោះបណង្គជាតិមួយប្រភេទ កំពស់ ០.៨០-១,៥០ម ដុះក្រោមឈើធំៗ ក្នុងព្រៃត្រជាក់ លើភ្នំដែលមានឧព្វេធចាប់ពី ៤០០-៥០០ម ទៅ នៃទ្វីបអាស៊ី អូសេអានី និង អូស្ត្រាលីផ្នែកក្ដៅ ។ ស្លឹកខ្ចីៗ គេបរិភោគជាបន្លែ ។ គេនិយមប្រើមើម  សំរាប់ធ្វើអំពុកដាំ បិនសិផា ។	</li><li><p-n>More Information	NK &nbsp;: thna:ng &nbsp;ថ្នាង	NOTE	ពេលមានពាក្យ (វល្លិ) (ស្មៅ) (ដើម) ក្នុងវង់ក្រចកខាងក្រោយនាម រុក្ខជាតិ ត្រូវអានពាក្យនោះខាងមុខនាមវិញ។</p-n></li></ul>
ថ្នាំង	@រំឆ្នាំង	SAGERAEA (Annonaceae) 	Sageraea elliptica Hook. f. &amp; Thwaites. 	<ul><li>Tree, 15-20 m tall, of the dense forests of the Indochinese and Malay Peninsula. Yellowish and hard wood, used to make posts, tools handles and in construction. 	</li><li>ឈ្មោះព្រឹក្សមួយប្រភេទ កំពស់ ១៥-២០ម ដុះក្នុងព្រៃក្រាស់នៃឧបទ្វីបឥណ្ឌូចិន និងជ្វា ។ ឈើរឹងពណ៌លឿងភ្លាវ គេប្រើសំរាប់ធ្វើជាបង្គោល ដងកាំបិត ពូថៅ ។ល។ និងធ្វើជាគ្រឿងសង់ផ្ទះ ។	</li><li><p-n>More Information	NK &nbsp;: thnang’, rum’ chhnang’ &nbsp;&nbsp;ថ្នាំង, រំឆ្នាំង	NOTE	ពេលមានពាក្យ (វល្លិ) (ស្មៅ) (ដើម) ក្នុងវង់ក្រចកខាងក្រោយនាម រុក្ខជាតិ ត្រូវអានពាក្យនោះខាងមុខនាមវិញ។</p-n></li></ul>
ថ្នាំជក់	NICOTIANA (Solanaceae) 	Nicotiana tabacum L. 	<ul><li>Herb, originating from tropical America, cultivated in all the regions of the world for its leaves used as tobacco. The active principle is the nicotine which is a poison. In traditional Khmer medicine, the tobacco, under the form of plug, is used to treat the stings of venomous insects and cuts. It is a component of remedies : emetic and against dysentery.	</li><li>ដើមថ្នាំជាតិណជាតិ ដែលកើតនៅប្រទេសអាមេរិកក្ដៅ គេដាំនៅគ្រប់ប្រទេសក្ដៅសកលលោក ដើម្បីយកស្លឹកហាន់ ធ្វើថ្នាំជក់ ។ ស្លឹកថ្នាំមានជ័រពុលមួយប្រភេទ ឈ្មោះនីកូទីន ដែលអាចធ្វើឱ្យវិលមុខ ។ ក្នុងក្បួនឱសថខ្មែរ ថ្នាំជក់ដែលទំពារ ហើយអាចព្យាបាលស្នាមមុតកាំបិត ពូថៅ ឬស្នាម សត្វសាហាវចឹក ។ គ្រូបុរាណយកថ្នាំជក់ ផ្សំធ្វើឱសថក្អួតពេលពុលអាហារ ឬរម្ងាប់ជម្ងឺមួល ។	</li><li><p-n>More Information	NA : tobacco</p-n></li></ul>
ថ្មទាប់	ACACIA (Leguminosae-Mimosoideae)	Acacia pennata (L.) Willd. subsp. kerrii I.C. Nielsen 	<ul><li>Climbers tree, commonly found in open or dense forest in Indochina. Barks used to poison fish, seeds used in local medicine against diarrhea, dysentery and haemorrhoids. The seeds yield an oil which may be used as a remedy for leprosy.	</li><li>ជាចុល្លព្រឹក្សវារឡើងដើមឈើជិតខាង ដុះក្នុងព្រៃធំ ឬព្រៃល្បោះ លើដីមានថ្ម នៃប្រទេសឥណ្ឌូចិន។ គេប្រើសំបក ថ្មទាប់ ដែលកិនម៉ត់ បោះចូលទឹកឱ្យត្រីសន្លប់ មុននឹងគេចាប់វា ។	</li><li><p-n>More Information	NK : thmâ: toëb (rocher-armée) ថ្មទាប់	NOTE	ពេលមានពាក្យ (វល្លិ) (ស្មៅ) (ដើម) ក្នុងវង់ក្រចកខាងក្រោយនាម រុក្ខជាតិ ត្រូវអានពាក្យនោះខាងមុខនាមវិញ។</p-n></li></ul>
ថ្លន	STERCULIA (Sterculiaceae)	Sterculia hypochra Pierre 	<ul><li>Tree, 15-20 m tall, of the degraded formations of Cambodia and Southern Vietnam. Wood used for the small inside works. Plentiful gum, greenish yellow, which would have tonic properties. 	</li><li>ព្រឹក្សមួយប្រភេទកំពស់ ១៥-២០ម ដុះក្នុងព្រៃស្រោង នៃកម្ពុជា និងវៀតណាមខាងត្បូង ។ ឈើអាចប្រើធ្វើជាគ្រឿង រាយរងសម្រាប់សង់ផ្ទះ ។ ជ័រពណ៌លឿងបៃតងភ្លាវ ជាថ្នាំលើកកំលាំង ។	</li><li><p-n>More Information	NK &nbsp;: thlâ:n &nbsp;&nbsp;ថ្លន	NOTE	ពេលមានពាក្យ (វល្លិ) (ស្មៅ) (ដើម) ក្នុងវង់ក្រចកខាងក្រោយនាម រុក្ខជាតិ ត្រូវអានពាក្យនោះខាងមុខនាមវិញ។</p-n></li></ul>
ថ្លើមទឹក	@ពពុះទឹក	IXORA (Rubiaceae) 	Ixora cuneifolia Roxb., var. varians Pit.	<ul><li>Shrub. 4-6 m tall. of the undergrowth of the dense forests of Indochina and India often cultivated in jar for its pink. lilac or white flowers. The leaves and the flowers, in infusion, are used against fever. The roots, crushed in a little of water, are applied, in poultices, against the furunculosis.	</li><li>ឈ្មោះចុល្លព្រឹក្ស កំពស់ ៤-៦ម ដុះក្រោមឈើធំៗ ក្នុងព្រៃក្រាស់ នៃឥណ្ឌូចិន គេច្រើនដាំក្នុងផើងជាលំអ ។ ផ្កាមានពណ៌ស ស្វាយ ឬផ្កាឈូក ។ គេឆុងផ្កានិងស្លឹកផឹកជាថ្នាំគ្រុន ។ ឬស កិនឱ្យម៉ត់ អាចប្រើជាថ្នាំបំពោកលើបូសទ្រនិច ។ 	</li><li><p-n>More Information	NK &nbsp;: thlaëm tük (foie d’eau), pôpûhs tük (mousse d’eau, allusion probable à la couleur souvent blanche des fleurs) &nbsp;ថ្លើមទឹក, ពពុះទឹក	NOTE	ពេលមានពាក្យ (វល្លិ) (ស្មៅ) (ដើម) ក្នុងវង់ក្រចកខាងក្រោយនាម រុក្ខជាតិ ត្រូវអានពាក្យនោះខាងមុខនាមវិញ។</p-n></li></ul>
ទទឹម	PUNICA (Punicaceae)	Punica granatum L.	<ul><li>Cultivated shrub, 3-4 m tall, native probably of Persia and nearby countries, introduced into the South of Europe, North Africa, Southeast Asia and China. It is planted near houses, as fruit tree, decorative and medicinal plant. The fruits, pomegranates, are edible by the fleshy and juicy seeds. Their pericarpe, rich in tannin, is used to dye leather, sometimes in decoctions against diarrhoeas. The roots would be vermifuge. The buttons of dried flowers, in decoction, are used to treat diarrhoea and dysentery. The ashes resulting from dried out and calcined flowers constitute a hemostatic remedy.	</li><li>ចុល្លព្រឹក្សមួយប្រភេទ កំពស់ ៣-៤ម គេនាំពីបរទេស (ប្រហែលប្រទេសពែរ្ស) មកដាំជាដំណាំនៅអឺរ៉ុបខាងត្បូង,  អាហ្វ្រិកខាងជើង អាស៊ីផ្នែកអាគ្នេយ៍ និងប្រទេសចិន ។ គេច្រើនដាំក្បែរផ្ទះជាលំអ ជារុក្ខជាតិឱ្យផ្លែបរិភោគ និងជាដើមថ្នាំ ។ គ្រាប់ក្នុងផ្លែ សម្បុរក្រហមព្រឿង ប្រើជាចំណីស្រស់ ។ សំបកផ្លែមានរសចត់ច្រើន សំរាប់ធ្វើថ្នាំសំលាប់ស្បែក ឬព្យាបាល ជំងឺរាគ ។ ឬសជាថ្នាំព្រូន ។ គេស្ងោរពន្លកផ្កា ដែលហាលស្ងួតសំរាប់ផឹកងាប់រោគរាគមួល ។ គេដុតផ្កាស្ងួតយកផេះធ្វើ                 ឱសថ ឃាត់ឈាម ។	</li><li><p-n>More Information	NA &nbsp;: pomegranate</p-n></li></ul>
ទន្ទ្រានខេត្រ	CHROMOLAENA (Compositae) 	Chromolaena odorata (L.) R.M King &amp; H. Rob.	<ul><li>Herb. 1-2 m tall, originating from tropical America, introduced and naturalized almost everywhere, growing as a pioneer in deforested places. All the parts of the plant are used as green manure. The young leaves would be consumed by highlands people. The grown-up leaves are used in fumigations. 	</li><li>រុក្ខជាតិមួយប្រភេទ ធាតុតិណជាតិ កំពស់១-២ម មានដើមកំណើតនៅប្រទេសអាមេរិកក្ដៅ សព្វថ្ងៃដុះឯងៗ ក្នុងទ្វីប ឥណ្ឌូចិន ដើមតូចៗដុះលឿនណាស់ ទន្ទ្រានរាលលើស្មៅតូចៗឯទៀតៗ ពីទីមួយ ទៅទីមួយមានប្រយោជន៍ធ្វើជាជីស្រស់ ។ ស្លឹកខ្លីៗ ពួករដែ (ខ្មែរលើ) គេបរិភោគជាបន្លែ ។ ស្លឹកចាស់ៗលាយជាមួយស្លឹកបាយម៉ាត ឬពោល្បំ ពុំសែន សម្រាប់ឆ្ពុងឱ្យ សាច់ល្អ ឬមួយឱ្យបាត់វិលមុខ ឈឺក្បាល ។	</li><li><p-n>More Information	Syn. : Eupatorium odoratum L.</p-n></li></ul>
ទន្លា	CRATEVA (Capparidaceae) 	Crateva religiosa G. Forst.	<ul><li>Shrub or shrub, 1-4 m tall, of open formations along the rivers, abounding in flooded forest of the Tonlé Sap. Species of the tropical regions of the Ancient World. Often cultivated as decorative. Medicinal bark.	</li><li>ទន្លាជាចុល្លព្រឹក្សតូចម្យ៉ាង កំពស់ ១ទៅ៤ម ដុះក្នុងព្រៃល្បោះ តាមដងស្ទឹង និងមាត់ទឹក នៃប្រទេសក្តៅអាស៊ី                 អាហ្វ្រិក អូស្ត្រាលី ។ល។ គ្មានដុះនៅអាមេរិកទេ ។ ក្នុងប្រទេសខ្មែរ ទន្លាច្រើនដុះក្នុងព្រៃរនាម ជុំវិញទន្លេសាប ។ គេនិយមដាំទន្លា ក្នុងភូមិ ឬសួនសាធារណៈជាលំអ ។ សំបកជាថ្នាំរម្ងាប់រោគផ្សេងៗ ។	</li><li><p-n>More Information	NK : tunlië &nbsp;ទន្លា	NOTE	ពេលមានពាក្យ (វល្លិ) (ស្មៅ) (ដើម) ក្នុងវង់ក្រចកខាងក្រោយនាម រុក្ខជាតិ ត្រូវអានពាក្យនោះខាងមុខនាមវិញ។</p-n></li></ul>
ទន្លាធំ	CRATEVA (Capparidaceae) 	Crateva magna (Lour.) DC.	<ul><li>Tree, 6-12 m tall, of secondary formations of Southeast Asia. The flowers and the fruits are edible after a rather long preparation (maceration in vinegar). The wood is used usually to make hoofs.	</li><li>ឈ្មោះព្រឹក្ស (arbre) កំពស់ ៦-១២ម ដុះក្នុងព្រៃស្រោងនៅអាស៊ីអាគ្នេយ៍ ។ ផ្កាផ្លែអាចបរិភោគបាន តែត្រូវត្រាំទឹកខ្មេះយ៉ាងយូរជាមុនសិន ដើម្បីកុំអោយកាត់អណ្តាត។ ឈើដើមទន្លាអាចប្រើសង់រោងបណ្ដោះអាសន្ន ឬធ្វើស្បែកជើងឈើ។	</li><li><p-n>More Information	NK : tunlië thôm &nbsp;ទន្លាធំ	NOTE	ពេលមានពាក្យ (វល្លិ) (ស្មៅ) (ដើម) ក្នុងវង់ក្រចកខាងក្រោយនាម រុក្ខជាតិ ត្រូវអានពាក្យនោះខាងមុខនាមវិញ។</p-n></li></ul>
ទន្លាប់ចិន	DIOSPYROS (Ebenaceae) 	Diospyros kaki L.f.	<ul><li>Tree, 6-20 m tall, cultivated especially in China, Japan and Northern Vietnam. In Cambodia, only the fruits are known: in the crystallized state they are sold on markets. According to the notes of a missionary (in Pételot II~98), &quot;the fruit produces satisfaction and the peace of the heart; it uncorks the nose and is enemy of the alcohol; so it is necessary to refrain from giving this fruit to eat to a drunk man”.	</li><li>ឈ្មោះព្រឹក្សមួយប្រភេទ កំពស់ ៦-២០ម គេដាំក្នុងស្រុកចិន ស្រុកជប៉ុន និងវៀតណាមខាងជើង ។ នៅប្រទេសខ្មែរ គេនាំផ្លែក្រៀមជាតំណាប់មកលក់ក្នុងផ្សារខ្មែរ ។ បើតាមយោបល់អ្នកផ្សាយសាសនាគ្រិស្តម្នាក់ (មានសរសេរ ក្នុង Pételot II : 98 ) “ ផ្លែទន្លាប់នេះធ្វើអោយមានការរីករាយ និងសន្តិភាពក្នុងចិត្ដពេលគេបរិភោគវា ផ្លែនេះអាចធ្វើអោយច្រមុះបាត់តឹង តែជាសត្រូវនឹងស្រា ហេតុនេះមិនត្រូវអោយអ្នកស្រវឹងស្រាបរិភោគផ្លែនេះឡើយ ” ។	</li><li><p-n>More Information	NA &nbsp;: kaki, japanese persimmon</p-n></li></ul>
ទន្លាប់ទេស	ERIOBOTRYA (Rosaceae)	Eriobotrya japonica (Thunb.) Lindl.	<ul><li>Shrub, 2-4 m tall, originating from China or Japan, introduced and cultivated as decorative in Southeast Asia, India, America and Southern Europe. The ripe fruits are edible. The leaves are used for curing the wounds and would be anti-diarrhoeic. The wood is used to make musical instruments.	</li><li>ទន្លាប់ទេសជាចុល្លព្រឹក្សកំពស់២-៤ម នាំចូលមកជាលំអអំពីប្រទេសចិនឬជប៉ុន គេដាំនៅអាស៊ីផ្នែកអាគ្នេយ៍ ។ ស្រុកឥណ្ឌា អាមេរិក និងអឺរ៉ុបខាងត្បូង ។ ផ្លែទុំ គេបរិភោគជាចំណី ។ ស្លឹកសម្រាប់ព្យាបាលស្នាមរបួសនឹងដំបៅ ។ គ្រូប្រើស្លឹក ធ្វើថ្នាំរាគ ។ ឈើគេប្រើធ្វើគ្រឿងភ្លេង ។ 	</li><li><p-n>More Information	NF &nbsp;&nbsp;: néflier du Japon, bibacier</p-n></li></ul>
ទន្លាប់ព្រៃ	DIOSPYROS (Ebenaceae) 	Diospyros hasseltii Zoll.	<ul><li>Tree, 15-30 m tall, of dense or secondary forests of Southeast Asia. Wood transforming irregularly into ebony, very appreciated to make knickknacks. The juice of the fruit is used as varnish.	</li><li>ទន្លាប់ព្រៃ ជាព្រឹក្សកំពស់ ១៥-៣០ម ដុះក្នុងព្រៃធំនិងព្រៃស្រោង នៅអាស៊ីអាគ្នេយ៍ ។ ឈើអាចក្លាយបន្តិចម្តងៗ ជា ឈើខ្មៅស្រិលដោយអនិយ័ត មានតម្លៃណាស់ សម្រាប់ប្រើការយ៉ាងច្រើន ជាពិសេសធ្វើវត្ថុតាំងជាលំអ ។ 	</li><li><p-n>More Information	Syn. : D. horsfieldii Lecomte</p-n></li></ul>
ទន្សែ	CARYOTA (Palmae)	Caryota urens L.	<ul><li>A generally monocaulous palm tree, 10 to 15 m tall, of dense forests in Indo-Malayan regions, imported and cultivated as decorative plant. Leaves give strong staples, used in basketwork. Flowers may be used in the extraction of sugar. Cut stalks give a sugar which may ferment into wine. The trunk’s kernel contains a starch similar to sago. The fruit, when steep hairs are removed, is sweet and pleasant to eat. The trunk can be used in building.	</li><li> ជាដើមសន្ដាន ស្លា ដូង ច្រើនមានគល់មិនបែកជាពីរ បី កំពស់ ១០-១៥ម ដុះក្នុងព្រៃក្រាស់នៃប្រទេសជ្វា ភូមា គេនាំយកមកដាំជាលំអសួន ។ ធាង ស្លឹក សម្រាប់ត្បាញជារបស់ប្រើប្រាស់ ដូចជាកញ្ជើ កញ្ច្រែង ។ល។ គេអាចកាត់ ចុងផ្កាដើម្បីត្រងយកទឹកផ្អែម ដូចដើមត្នោតក៏បានដែរ ទឹកផ្អែមអាចយកមកធ្វើស្រា ដូចទឹកត្នោតបាន ។ កណ្តាលដើមមានម្សៅ ម្យ៉ាងដូចម្សៅជ្រែ ។ ស្លឹកទន្សែមានរោមរឹងៗ នៅជុំវិញ ពេលគេដករោមទាំងនេះចេញ គេអា ចបរិភោគផ្លែបានហើយឆ្ងាញ់           ផង ។ ដើមធំៗគេអាចប្រើសង់ផ្ទះបាន ។	</li><li><p-n>More Information	NA : toddy palm</p-n></li></ul>
ទន្សែតូច	CARYOTA (Palmae)	Caryota mitis Lour.	<ul><li>A palm tree with branching stipe, 2 to 10 m tall, of Malayan regions, cultivated as ornemental. The felted heap of hairs on the leaves’ axil is burned by the healers over the ill limb of patients.	</li><li>ជាដើមម៉្យាងមានមែកបែកច្រើន (ខុសពីដើមស្លា) មានដើមកំណើតក្នុងប្រទេសជ្វា គេនាំមកដាំជាលំអ ។ រោមនៅគល់ ស្លឹក គ្រូថ្នាំខ្មែរតែងយកធ្វើ ប៉ុយ សម្រាប់ដុតកន្លែងឈឺ ។	</li><li><p-n>More Information	NK : tunsaè tôch &nbsp;ទន្សែតូច	NOTE	ពេលមានពាក្យ (វល្លិ) (ស្មៅ) (ដើម) ក្នុងវង់ក្រចកខាងក្រោយនាម រុក្ខជាតិ ត្រូវអានពាក្យនោះខាងមុខនាមវិញ។</p-n></li></ul>
ទំពាំងជូរព្រៃ	@(វល្លិ)កក្រើក 	AMPELOCISSUS (Vitaceae) 	Ampelocissus arachnoidea Planch.	<ul><li>Scandent shrub or liana, more or less ligneous, found in open forest in Cambodia and Vietnam, species which also grows in Java. Fruit edible but not appreciated because of the raphides. It can be used as prickled or for making vinegar. The root is a component of a remedy against sexual diseases.	</li><li>ចុល្លព្រឹក្សវារម៉្យាង ដែលដុះក្នុងទីវាល កន្លែងដែលមានថ្ងៃនៃប្រទេសខ្មែរ វៀតណាម និងជា្វ (Java) ។ ផ្លែវាគេអាចបរិភោគបាន តែគេមិនសូវនិយមឡើយ ដោយធ្វើឱ្យរមាស់ ក មកពីក្រាមជាតិកំបោរនៅក្នុងផ្លែ ។ គេតែងយកផ្លែធ្វើជ្រក់ ឬ ធ្វើទឹកខ្មេះ ។ ឫសធ្វើថ្នាំរំងាប់រោគស្វាយ ប្រមេះ ។	</li><li><p-n>More Information	NK &nbsp;: tumpèang chu(r) préi, kâkraëk (voër) &nbsp;ទំពាំងជូរព្រៃ, កក្រើក (វល្លិ)	NOTE	ពេលមានពាក្យ (វល្លិ) (ស្មៅ) (ដើម) ក្នុងវង់ក្រចកខាងក្រោយនាម រុក្ខជាតិ ត្រូវអានពាក្យនោះខាងមុខនាមវិញ។</p-n></li></ul>
ទំពាំងបាយជូរ	VITIS (Vitaceae)	Vitis vinifera L.	<ul><li>Sub-shrub imported from the Northern hemisphere to the warm regions for cultivation, often as decorative. In Cambodia, a small experimental plantation was implemented near Phnom Penh (Takhmau) in the late sixties. The plant, obtained by propagation, gave its 1st harvest after 18 months. The fruits are small, of inferior quality.	</li><li>គុម្ពព្រឹក្សតូចជាវល្លិ គេនាំពីអឌ្ឍគោលខាងជើង មកដាំជាដំណាំក្នុងប្រទេសក្ដៅ ច្រើនដាំជាលំអ ។ នៅប្រទេសខ្មែរ គេល្បងដាំក្នុងចំការមួយ ជិតក្រុងភ្នំពេញ (តាខ្មៅ) ក្នុងឆ្នាំ៦៥-៧០ ។ កូនផ្សាំបានអោយផ្លែ ១៨ ខែក្រោយ តែផ្លែរាង               ល្អិតៗ មិនបានល្អ ។ 	</li><li><p-n>More Information	NA &nbsp;: grape vine</p-n></li></ul>
	ឧទាហរណ៏៖&nbsp;		<ul><li>	</li><li>					</li></ul>
ទំពាំងបារាំង	ASPARAGUS (Liliaceae)	Asparagus acerosus Roxb.	<ul><li>Ligneous herb very branchy and spiny found in thicket in Indochina, widely distributed in India and Tropical Australia. Roots medicinal: Their decoction would be tonic and expectorating. They also form a component of a remedy against tuberculosis.	</li><li>ជាស្មៅម៉្យាងវារលើដី ឬលើដើមតូចៗជិតខាង ពេលខ្លះឥតវារទេ មានបន្លាដុះក្នុងព្រៃនៅឥណ្ឌូចិន នៅស្រុកឥណ្ឌា និងប្រទេស Australie ផ្នែកក្ដៅ ។ គ្រូថ្នាំយកឫសទំពាំងបារាំងស្ងោរឱ្យផឹក ជាថ្នាំសំអាតទងសួត និងបំពង់ក ឬជាថ្នាំសំរាប់ លើកកំលាំង ។ ឫសនេះ ផ្សំជាមួយថ្នាំដទៃទៀត ដើម្បីធ្វើឱសថព្យាបាលជំងឺរបេង ។	</li><li><p-n>More Information	NK : tumpèang barang’ (pousse de bambou d’occident) &nbsp;ទំពាំងបារាំង	NOTE	ពេលមានពាក្យ (វល្លិ) (ស្មៅ) (ដើម) ក្នុងវង់ក្រចកខាងក្រោយនាម រុក្ខជាតិ ត្រូវអានពាក្យនោះខាងមុខនាមវិញ។</p-n></li></ul>
ទំពូង	@បា្លន	MALLOTUS (Euphorbiaceae)	Mallotus cochinchinensis Lour.	<ul><li>Tree or shrub, 3-12 m tall, of the clearings and edges of dense and semi-dense forests of Indochina, China and Malay Archipelago. Young leaves eaten as vegetables. Wood used in construction.	</li><li>ទំពូង ឬ ប្លាន ជាចុល្លព្រឹក្ស ឬព្រឹក្សតូចកំពស់ ៣-១២ម ដុះតាមដងព្រៃក្នុងឧបទ្វីបជ្វា ឥណ្ឌូចិន និងប្រទេសចិន ។ ស្លឹកខ្ចីៗគេធ្វើបន្លែ ឈើអាចប្រើធ្វើគ្រឿងផ្ទះបាន ។ 	</li><li><p-n>More Information	NK &nbsp;: tumpu:ng &nbsp;ទំពូង</p-n></li></ul>
ទាល់ត្រាញ់ 	KNOXIA (Rubiaceae)	Knoxia sumatrensis (Retz.) DC.	<ul><li>Annual herb, 0.25-1 m tall, of the clear or dense forests of Asia and tropical Australia. This plant can favor the fermentation in the distillation of the rice alcohol.	</li><li>ទាល់ត្រាញ់ ជាស្មៅប្រចាំឆ្នាំកំពស់ ០,២៥-១ម ដុះក្នុងព្រៃស្រោង ឬ ព្រៃក្រាស់នៃទ្វីបអាស៊ី និង អូស្ត្រាលី ផ្នែកក្តៅ ។ គេប្រើដើមទាល់ត្រាញ់ សំរាប់ជួយមេដំបែអោយមានប្រសិទ្ធភាពឆាប់ក្នុងការធ្វើសា្រ ស ។ 	</li><li><p-n>More Information	Syn. : Knoxia corymbosa Willd.</p-n></li></ul>
ទឹកដោះខ្លា	@ខ្លែងគង់	HOLARRHENA (Apocynaceae) 	Holarrheno pubescens (Buch. Ham) Wall. ex G. Don	<ul><li>Shrub or small tree, 4-12 m tall, of the clear forests of the Indochinese and Malay Peninsula as well as Indian regions. In Cambodia, its latex is used in the treatment of the conjunctivitis. In Western medicine, the plant is used to fight against numerous diseases such as dysentery, diarrhoeas, the cholera and all the inflammations of the digestive tract. The yellowish white rose white wood is in demand for cabinetwork.	</li><li>ទឹកដោះខា្ល ជាចុល្លព្រឹក្ស ឬព្រឹក្សតូចកំពស់ ៤-១២ម ដុះក្នុងព្រៃស្រោង នៃឧបទ្វីបឥណ្ឌូចិន ជ្វា និងប្រទេសឥណ្ឌា។ គ្រូខ្មែរយកជ័ររុក្ខជាតិ ព្យាបាលជម្ងឺភ្នែកក្រហម ។ នៅទ្វីបអឺរ៉ុប ពេទ្យ ប្រើជ័រដដែលនេះ ធ្វើឱសថច្រើនយ៉ាង រាក មួល អាសន្នរោគ និងរោគហើម គ្រឿងរំលាយអាហារ ។ ឈើមានពណ៌ ស លឿង ឬ ស ផ្កាឈូក មានតម្លៃណាស់ សម្រាប់ធ្វើតុ ទូ ប្រណិត។	</li><li><p-n>More Information	Syn. &nbsp;: Holarrhena antidysenterica (Roth) DC.</p-n></li></ul>
ទឹកដោះគោ	CHRYSOPHYLLUM (Sapotaceae) 	Chrysophyllum cainito L.	<ul><li>Shrub, 4-8 m tall, originating from the tropical America, cultivated everywhere in warm regions as decorative and fruit plant. The sweet fruits are very much appreciated as a dessert. The seeds are sometimes used in confectionery. 	</li><li>ឈ្មោះចុល្លព្រឹក្សមួយប្រភេទ ដែលនាំពីស្រុកអាមេរិកក្ដៅមកដាំគ្រប់ប្រទេសក្តៅ ផ្កាដើមលំអផង និងសម្រាប់យកផ្លែ បរិភោគផង ។ ផ្លែរាងមូល មានសាច់ផ្អែមដូចទឹកដោះគោ។ គ្រាប់វាគេអាចប្រើធ្វើតំណាប់បាន។	</li><li><p-n>More Information	NA : star-apple</p-n></li></ul>
ទឹកដោះ	@ភ្នែកមាន់	EUPHORBIA (Euphorbiaceae)	Euphorbia hirta L.	<ul><li>Herb, 10-30 cm tall, met on roadside, in the waste grounds of the tropical and subtropical regions of the world. Latex of the plant is used to cure some wounds. Stalks and leaves are used to prepare a drink favoring the milky secretion of young mothers.	</li><li>ទឹកដោះជាស្មៅតូច កំពស់១០–៣០ស.ម ដុះតាមមាត់ផ្លូវឬលើដីវាលនៃប្រទេសក្តៅ និងក្តៅមធ្យមសកលលោក ។ ជ័រសម្រាប់លាបដំបៅអោយឆាប់ជា ។ ដើម និងស្លឹកអាចស្ងោរ ហើយអោយនារីទើបសម្រាលកូនផឹក ដើម្បីអោយមានទឹកដោះ ។	</li><li><p-n>More Information	Syn. &nbsp;: Euphorbia pilulifera L.</p-n></li></ul>
ទុរេន	DURIO (Bombacaceae)	Durio zibethinus Murray 	<ul><li>Tree, 10-20 m tall, originating from the western Malaysia and cultivated extensively in the regions of Southeast Asia. The name &quot;durian&quot; is Indonesian and means&quot; &quot;thorny&quot;. The fruit is sold on all the Indochinese markets and even in some European and American groceries. The pulp of the ripe fruit is very appreciated by the Cambodians to whom it has the reputation to be fortifying, oar even aphrodisiac. Too ripe, the fruit releases a smell of garlic that made Americans and European run away. The seeds are edible when they are boiled or roasted. No medical use in Cambodia ; in Malaysia from which the species is native, the leaves and the roots are used in traditional medicine.	</li><li>ទុរេនជាព្រឹក្ស កំពស់ ១០-២០ម មានកំណើតនៅស្រុកជ្វាខាងលិច គេដាំជាច្រើននៅអាស៊ីផ្នែកអាគ្នេយ៍ ។ ឈ្មោះបារាំង “ durian ” ភាសាឥណ្ឌូណេស៊ី មានន័យថា “ បន្លា ” ។ ផ្លែទុរេនមានលក់ពេញផ្សារឥណ្ឌូចិន និងហាងអាស៊ីខ្លះ នៅអឺរ៉ុប និង អាមេរិក ។ ខ្មែរយើងចូលចិត្តបរិភោគសាច់ទុរនណាស់ អ្នកខ្លះជឿថា ជាផ្លែស្ទួយកម្លាំង និងជាថ្នាំប៉ូវផង ។ ផ្លែទុំជ្រុលមានក្លិនដូចខ្ទឹមស ហេតុនេះពួកអឺរ៉ុប និងអាមេរិកជាច្រើនស្អប់ទុរនណាស់ ។ គ្រាប់ស្ងោ ឬលីងអាចបរិភោគបាន ។ នៅប្រទេសខ្មែរគេមិនដែលយកដើមទុនធ្វើថ្នាំឡើយ តែនៅប្រទេសជា្វជាស្រុកកំណើតព្រឹក្សនេះ គេប្រើស្លឹក និងឬសជា             ឱសថ ។	</li><li><p-n>More Information	NA &nbsp;: durian</p-n></li></ul>
ទៀបខ្នុរ	ANNONA (Annonaceae)	Annona glabra L.	<ul><li>Fruit-tree native to tropical America or West Africa sometimes cultivated in Cambodia for its sweet and edible fruits which smells the same odour as that of Jak.	</li><li>ជាដើមចុល្លព្រឹក្សមួយប្រភេទកំពស់ពី ២ ទៅ ៤ ម មានដើមកំណើតក្នុងស្រុកអាមេរិកក្ដៅ ។ គេដាំទៀបខ្នុរស្ទើរគ្រប់ ប្រទេសក្តៅ ដើម្បីយកផ្លែបរិភោគ ។ ផ្លែដើមនេះ មានរសផ្អែម មានក្លិនដូចខ្នុរ ។	</li><li><p-n>More Information	NK : tiëp khnaô(r) (Anone-jacquier) &nbsp;ទៀបខ្នុរ	NOTE	ពេលមានពាក្យ (វល្លិ) (ស្មៅ) (ដើម) ក្នុងវង់ក្រចកខាងក្រោយនាម រុក្ខជាតិ ត្រូវអានពាក្យនោះខាងមុខនាមវិញ។</p-n></li></ul>
ទៀបបាយ	@ទៀបស្រុក	ANNONA (Annonaceae)	Annona squamosa L.	<ul><li>Fruit-tree 2-6 m tall native to West India (Antilles), cultivated all over the tropics for its sweet ripe fruits. In local medicine, the bark macerated on rice alcohol is used against diarrhoea. The crushed leaves mixed with water give a juice which is drunk against paludism (20 leaves for an adult, 10 for a child, to be taken 3-4 times a day). 	</li><li>ចុល្លព្រឹក្សម៉្យាងកំពស់ ២ - ៦ ម មានដើមកំណើតក្នុងស្រុកអាមេរិកក្ដៅ (Antille) ។ គេដាំគ្រប់ស្រុកក្ដៅ ដើម្បីយក ផ្លែបរិភោគជាបង្អែម ។ សំបកគេតែងត្រាំស្រា ស ទុកផឹកសំរាប់រំងាប់ជំងឺរាក ។ 	</li><li><p-n>More Information	NA &nbsp;: sweetsòp</p-n></li></ul>
ទៀបបារាំង	@ទៀបបន្លា	ANNONA (Annonaceae)	Annona muricata L.	<ul><li>Fruit-tree native to tropical America, cultivated all over the tropics for its edible fruits, which are considered by Cambodian people as tonic and aphrodisiac. In local medicine, the crushed emollient leaves are, used externally as poultices or internally as decoction.	</li><li>ទៀបនេះជាដើមចុល្លព្រឹក្សកំពស់ប្រហែលដើមទៀបខ្នុរ មានដើមកំណើតនៅស្រុកអាមេរិកក្ដៅដែរ ។ គេដាំគ្រប់ប្រទេសក្ដៅសកលលោក ដើម្បីយកផ្លែបរិភោគ ។ សាច់របស់ផ្លែ វាយឱ្យម៉ត់លាយជាមួយទឹក និងស្ករ ជាភេសជ្ជៈល្អ ត្រជាក់ធ្វើឱ្យមានកំលាំង ជាសំខាន់សំរាប់ពួកបុរស ។ ស្លឹកគេតែងស្ងោរផឹក ដើម្បីធ្វើឱ្យជំងឺផ្សេងៗបានធូរស្រាល ឬមួយគេយកស្លឹកទៅ បំពោកលើកន្លែងណាដែលឈឺ ។	</li><li><p-n>More Information	NA : soursop</p-n></li></ul>
ទេព-ទារូតូច ឬ ទេពីរូតូច	CINNAMOMUM (Lauraceae)	Cinnamomum tetragonum A. Chev.	<ul><li>Tree or shrub, 5-15 m tall, of the dense forests of Southeast Asia. The crushed leaves and the wood have a pleasant smell and are used for preparing an invigorating and comforting drink.	</li><li>ឈ្មោះព្រឹក្ស ឬចុល្លព្រឹក្សម្យ៉ាងកំពស់ ៥-១៥ម ដុះក្នុងព្រៃក្រាស់ក្នុងទ្វីបអាស៊ីទាំងមូល ។ ស្លឹកពេលច្របាច់ឱ្យក្លិនក្រអូប ឈើក៏មានក្លិនក្រអូបល្អដូចគ្នា ។ គេប្រើស្លឹកក៏បាន ឈើក៏បាន សម្រាប់ស្ងោរផឹកជាថ្នាំលើកទឹកចិត្តនឹងលើកម្លាំង ។ 	</li><li><p-n>More Information	NK : tép tiëru: tô:ch, tép piru: tô:ch &nbsp;ទេព-ទារូតូច ឬ ទេពីរូតូច	NOTE	ពេលមានពាក្យ (វល្លិ) (ស្មៅ) (ដើម) ក្នុងវង់ក្រចកខាងក្រោយនាម រុក្ខជាតិ ត្រូវអានពាក្យនោះខាងមុខនាមវិញ។</p-n></li></ul>
ទេព-ទារូ	@ទេពីរូ	CINNAMOMUM (Lauraceae)	Cinnamomum cambodianum Lecomte 	<ul><li>Tree, 10-15 m tall, of the wet dense foothills forests towards 600-700 m, plentiful on the ascent of the Bokor ; species endemic of Cambodia. Barks chewed with betel or used in kitchen. In traditional medicine, they are used against different diseases : indigestion, tuberculosis, regulation of periods...	</li><li>ឈ្មោះឈើមួយប្រភេទ ជាព្រឹក្ស កំពស់ ១០-១៥ម ដុះក្នុងព្រៃជ្រៅត្រដាន់លើភ្នំ មានឧព្វេធពី ៦០០ទៅ៧០០ម ដុះច្រើនលើភ្នំបូកគោ ។ គ្មានដុះក្នុងប្រទេសណាទៀតឡើយ ក្រៅពីកម្ពុជា ។ សំបកមានក្លិនក្រអូប អាចប្រើជាគ្រឿងទេសបាន ពេលខ្លះគេស៊ីជាមួយម្លូជំនួសសា្ល ។ គ្រូថ្នាំខ្មែរ យកសំបកទេពីរូផ្សំ ថ្នាំរម្ងាប់រោគផ្សេងជាច្រើន ដូចជារបេង រដូវមិនទៀងទាត់ បាក់ច្រាសជាដើម ។	</li><li><p-n>More Information	NF : cannelier</p-n></li></ul>
ទេល ទិលទង់	ERIOSEMA (Leguminosae-Papilionoideae)	Eriosema chinense Vogel	<ul><li>Herb, 15-60 cm tall, of clear forests, of roadsides on sandy soil, met in tropical Asia and Australia. The tuberous and farinaceous roots are consumed in the cooked state.	</li><li>ឈ្មោះស្មៅរឹងមួយប្រភេទ កំពស់១៥-៦០ស.ម ដុះក្នុងព្រៃស្រោងឬតាមមាត់ផ្លូវនៃទ្វីបអាស៊ី និងអូស្ត្រាលីផ្នែកក្ដៅ ។ ឬស បង្កើតជាមើមជាតិម្សៅ អាចស្ងោរបរិភោគបាន ។	</li><li><p-n>More Information	NK &nbsp;&nbsp;: &nbsp;tél, til tuëng &nbsp;ទេល, ទិលទង់	NOTE	ពេលមានពាក្យ (វល្លិ) (ស្មៅ) (ដើម) ក្នុងវង់ក្រចកខាងក្រោយនាម រុក្ខជាតិ ត្រូវអានពាក្យនោះខាងមុខនាមវិញ។</p-n></li></ul>
ទ្រនំកំភេម	DENDROLOBIUM (Leguminosae-Papilionoideae)	Dendrolobium lanceolatum Schindl. ex Gagnep.	<ul><li>Shrub, 2-3 m tall, of clear forests of Indochina and Hainan (China). The young pods are eaten as beans. The plant is used in traditional medicine against the rheumatisms.	</li><li>ចុល្លព្រឹក្សមួយប្រភេទកំពស់ ២-៣ម ដុះក្នុងព្រៃល្បោះនៃឥណ្ឌូចិន និងប្រទេសចិន(ហៃណាម)។ ផ្លែខ្ចីៗគេបរិភោគ ដូចផ្លែសណ្ដែកបារាំង ។ គ្រូថ្នាំខ្មែរប្រើដើមទាំងមូល ផ្សំថ្នាំរម្ងាប់រោគសន្លាក់ឆ្អឹង ។ 	</li><li><p-n>More Information	Syn. : Desmodium lanceolatum schindl.</p-n></li></ul>
ទ្រនំកំភេមតូច	DENDROLOBIUM (Leguminosae-Papilionoideae)	Dendrolobium triangulare (Retz.) Schindl.	<ul><li>Climbing shrub, 0.60-2 m tall, met along roads on edges of dense forests, in bushes and under the pines on rocky or sandy grounds between 50 and 1500 m. Species of tropical Asia and Africa. The decoction of the roasted leaves is absorbed to treat cough. The cut and macerated roots would be aphrodisiac.	</li><li>គុម្ពព្រឹក្សតូចម្យ៉ាងស្ទើវារ កំពស់ ០.៦០-២ម ដុះតាមមាត់ព្រៃក្រាស់ ឬក្នុងគុម្ពបន្លា ឬក្រោមដើមស្រស់ លើដីមានថ្ម លើដីខ្សាច់ដែលមានឧព្វេធ ពី៥០០ទៅ១៥០០ម ។ ដើមនេះមានក្នុងទ្វីបអាស៊ី និងអាហ្វ្រិកក្ដៅ ។ គេយកស្លឹកលីងហើយទៅដាំទឹក ផឹករម្ងាប់រោគក្អក ។ ឬសគេកាត់កង់ៗ ហើយត្រាំស្រាផឹក ដើម្បីឱ្យប៉ូវ ។ 	</li><li><p-n>More Information	Syn. : Desmodium caphalotes (Roxb.) Wight &amp; Arn.</p-n></li></ul>
ទ្រនំបង្គួយ	DENDROLOBIUM (Leguminosae-Papilionoideae)	Dendrolobium baccatum (Schindl.) Schindl.	<ul><li>High shrub, 1-2 m tall, of clear or wet forests on peaty, clayey soil, or in the bushes up to 900 m. A species of Thailand, Cambodia, Laos and Vietnam. The young fruits are edible. Excellent firewood.	</li><li>ឈ្មោះគុម្ពព្រឹក្សមួយប្រភេទ កំពស់ ១ទៅ២ម ដុះក្នុងព្រៃល្បោះ ឬព្រៃត្រជាក់លើដីមានឥន្ឋនសិលា និងដីឥដ្ឋ ឬមួយ ដុះក្នុងគុម្ពបន្លា លើដីទំនាប លើភ្នំ កំពស់មិនលើពី៩០០ម ។ ទ្រនំបង្គួយមានដុះក្នុងឥណ្ឌូចិន (ខ្មែរ លាវ វៀតណាម ថៃ)។ ផ្លែខ្ចីៗអាចបរិភោគបាន ។ មែកធាងស្ងួត គេតែងរើសធ្វើអុសដុត ។ 	</li><li><p-n>More Information	NK : trônum bangkuëy (habitat de lézards) &nbsp;ទ្រនំបង្គួយ	NOTE	ពេលមានពាក្យ (វល្លិ) (ស្មៅ) (ដើម) ក្នុងវង់ក្រចកខាងក្រោយនាម រុក្ខជាតិ ត្រូវអានពាក្យនោះខាងមុខនាមវិញ។</p-n></li></ul>
ទ្រមាក់	@ទ្រាមាក់ខ្លា	DALBERGIA (Leguminosae-Papilionoideae) 	Dalbergia assamica Benth. var, assamica 	<ul><li>Tree, 15-35 m tall, of dry and mixed decideous forests, between altitude of 50 to 800 m, rarely up to 1500 m, met in India and in Indochina. Popular wood for the woodwork and in construction.	</li><li>ឈ្មោះព្រឹកធំម្យ៉ាង កំពស់ដល់ ១៥ ទៅ ៣៥ម ដុះក្នុងព្រៃក្រាស់ជ្រុះស្លឹកលើភ្នំតូចៗ ឬលើដីទំនាប ព្រៃឥណ្ឌូចិន និង ប្រទេសឥណ្ឌា ។ ឈើទ្រមាក់ ជាប់ល្អ គេប្រើសម្រាប់ធ្វើតុ ទូ និងសង់គ្រឿងផ្ទះ ។	</li><li><p-n>More Information	Syn. : Dalbergia balansae Pierre</p-n></li></ul>
ទ្រមូង	GARCINIA (Guttiferae)	Garcinia oliveri Pierre	<ul><li>Tree, 20-30 m tall, of the wet dense forests of Southern Indochina. The acid leaves and fruits are used in cooking as condiments. The fruits cut in slices can be kept in the salt. In traditional Cambodian medicine, the barks are a component of a remedy against the bronchitis. Crushed by mortar with some alcohol in association with those of &quot;prôhu:t&quot; (G. vilersiana Peter), they are used to make a dough applied to the sprains or haematomas. Light reddish wood, used to make posts and beams. 	</li><li>ទ្រមូងជាព្រឹក្ស កំពស់ ២០-៣០ម ដុះក្នុងព្រៃក្រាស់ត្រជាក់ នៃឥណ្ឌូចិនខាងត្បូង ។ ស្លឹក និងផ្លែរស់ជូរសម្រាប់ប្រើជាគ្រឿងទេសធ្វើសម្ល ។ គេអាចកាត់ផ្លែតូចៗ លាយអំពិលដើម្បីទុកបានយូរ ។ គ្រូខ្មែរប្រើសំបកផ្សំជាថ្នាំព្យាបាល ជម្ងឺរលាកទងសួត ។ សំបកបុកឱ្យម៉ត់ជាមួយស្រា ស លាយនឹងសំបកព្រហូត អាចប្រើជាថ្នាំបំពោកលើជើង ដៃគ្រេច និងលើកន្លែងកកឈាមដោយដាច់សសៃ ។ ឈើមានទម្ងន់ស្រាល ពណ៌ក្រហមភាវ ។ សម្រាប់ធ្វើបង្គោល និងក្តារងឿ ។	</li><li><p-n>More Information	NK &nbsp;&nbsp;: &nbsp;trômu:ng &nbsp;&nbsp;ទ្រមូង	NOTE	ពេលមានពាក្យ (វល្លិ) (ស្មៅ) (ដើម) ក្នុងវង់ក្រចកខាងក្រោយនាម រុក្ខជាតិ ត្រូវអានពាក្យនោះខាងមុខនាមវិញ។</p-n></li></ul>
ទ្រមូង ទ្រមែង	GARCINIA (Guttiferae)	Garcinia schomburgkiana Pierre 	<ul><li>Tree, 6-10 m tall, of the dense forests of Thailand, Cambodia, and Southern Vietnam. Wood appreciated for the constructions.	</li><li>ឈ្មោះព្រឹក្ស តូចមួយប្រភេទ កំពស់ ៦-១០ម ដុះក្នុងព្រៃធំ នឹងព្រៃស្រោងប្រទេសថៃ កម្ពុជា វៀតណាមខាងត្បូង ។ ឈើមានតម្លៃសម្រាប់ សង់គេហដ្ឋាន ។	</li><li><p-n>More Information	NK &nbsp;: &nbsp;trômu:ng-trômè:ng ​​ ទ្រមូង-ទ្រមែង	NOTE	ពេលមានពាក្យ (វល្លិ) (ស្មៅ) (ដើម) ក្នុងវង់ក្រចកខាងក្រោយនាម រុក្ខជាតិ ត្រូវអានពាក្យនោះខាងមុខនាមវិញ។</p-n></li></ul>
ទ្រមែង	CARALLIA (Rhizophoraceae)	Carallia brachiata (Lour.) Merr.	<ul><li>A bush or tall tree, 7 to 30 m, with sometimes aerial roots, up to 1 or 1.5 m from the trunks bottom. Species of tropical Asia met in various locations: dense forest of plains and hills, muddy or sandy soils of clearings, clear or salty water ripicole*** formation. Fruits are edible. The wood, graded 3rd category, is used in decoration. The species may be fit for reforestation of poor soils. bark is used against scabies.	</li><li>ទ្រមែងជាចុល្លព្រឹក្ស ឬជាព្រឹក្សតូចមួយប្រភេទកំពស់ ៧-៣០ម មានឬសដុះក្រៅដីលើគល់ ប្រហែល ១–១,៥០ម ។ ពូជនេះ ដុះក្នុងព្រៃក្រាស់លើដីរាប ឬលើភ្នំ ក្នុងទីវាលដែលមានដីខ្សាច់ ឬដីល្បប់ តាមមាត់ទឹកសាប ឬទឹកប្រៃ នៃប្រទេសអាស៊ីផ្នែកក្ដៅ ។ ឈើ គេទុកជាលេខបី សម្រាប់ប្រើការធ្វើគ្រឿងសង់ផ្ទះផ្ទៃក្នុង ។ ដើមទ្រមែង ជាដើមឈើដែលគេគួរយកដាំលើដីវាល គ្មានជីវជាតិ ។ សំបកសម្រាប់ធ្វើថ្នាំព្យាបាលជម្ងឺកមរមាស់ ។	</li><li><p-n>More Information	Syn. : Carallia lucida Roxb.</p-n></li></ul>
ទ្រមែង	GARCINIA (Guttiferae)	Garcinia delpyana Pierre	<ul><li>Tree, 8-10 m tall, with a bark rough and blackish outside, filled with a plentiful yellow juice, of the dense forests of Cambodia, and Vietnam. The barks give a reddish yellow dye. Tree often cultivated in Cambodia as decorative. Wood used in construction.	</li><li>ឈ្មោះព្រឹក្សមួយ កំពស់ ៨-១០ម មានសំបកគគ្រាត និងក្រមៅខាងក្រៅពោរពេញដោយជ័រលឿងជាច្រើន ដុះក្នុងព្រៃធំ នៃប្រទេសកម្ពុជា និង វៀតណាម ។ សំបកសម្រាប់ជ្រលក់សំពត់ឱ្យបានពណ៌លឿងក្រហមភាវ ។ នៅប្រទេសខ្មែរដើមនេះយើងអាចដាំជាលំអ ។ ឈើប្រើសម្រាប់សង់ផ្ទះ ។	</li><li><p-n>More Information	NK &nbsp;: tro:mê:ng &nbsp;ទ្រមែង	NOTE	ពេលមានពាក្យ (វល្លិ) (ស្មៅ) (ដើម) ក្នុងវង់ក្រចកខាងក្រោយនាម រុក្ខជាតិ ត្រូវអានពាក្យនោះខាងមុខនាមវិញ។</p-n></li></ul>
ទ្រលឹងទឹង	AVERRHOA (Oxalidaceae)	Averrhoa bilimbi L.	<ul><li>Shrub probably native to Brazil, cultivated all over the tropics for its condimentary fruits. These acid fruits are also used to take off ink’s stains. The fruits have also the reputation to be thirst-quenching.	</li><li>ដើមនេះ ជាចុល្លព្រឹក្ស ដែលមានដើមកំណើតប្រហែលក្នុងប្រទេស Brésil គេដាំនៅគ្រប់ស្រុកក្នុងប្រទេសក្តៅសកលលោក ដើម្បីយកផ្លែដែលមានជាតិជូរ សំរាប់បរិភោគជាគ្រឿងទេស ឬសំរាប់ជាថ្នាំត្រជាក់ពេលមានជំងឺគ្រុន ឬមួយយកផ្លែសំអាតខោ អាវ ដែលប្រឡាក់ទឹកខ្មៅ ។	</li><li><p-n>More Information	NA : bilimbi, bilimbing</p-n></li></ul>
ទ្រាំង	CORYPHA (Palmae) 	Corypha umbraculifera L. 	<ul><li>Palm tree, 4-10 m tall, 50-60 cm thick, met in semi-dense forest of the Indochinese Peninsula. The young leaves (palms) up to 12 m long (including petioles) were formerly very much used for the writing of &quot;satras&quot;, khmers religious texts written with a metal stilet, especially by monks. Today, they are used from time to time by traditional healers and soothsayers. The grown-up leaves are used to make thatches, mats and hats. Petioles (7-8 m long) give canes, arrows and netting needles. The fruits are used to stupefiate the fishes; the fishermen use them in the period of low tide.	</li><li>ឈ្មោះតចសារព្រឹក្សមួយប្រភេទ កំពស់៤-១០ម ដើមមានវិជ្ឈមាត្រ ៥០-៦០ស.ម ដុះក្នុងព្រៃក្រាស់ល្មម នៃឧបទ្វីប ឥណ្ឌូចិន ។ ស្លឹកទ្រាំងវែងជាងស្លឹកតចសារព្រឹក្ស ឯទៀតៗ ។ ធាងវែងដល់ ១២ម ស្លឹកប្រើការពីជំនាន់ដើមសម្រាប់ ចារ   សាស្ត្រា ហៅថាស្លឹករឹត ដោយភិក្ខុសង្ឃ ។ សព្វថ្ងៃមានគ្រូថ្នាំខ្មែរ ខ្លះៗ និងហោរ ប្រើស្លឹកទ្រាំងសម្រាប់សរសេរ ។ ស្លឹកចាស់ ៗ គេប្រើប្រក់ផ្ទះ ធ្វើកន្ទេល ជាដើម ។ ធាង ទង ស្លឹក សម្រាប់ធ្វើឈើច្រត់ ព្រួញ ត្រល់ ។ ផ្លែទ្រាំង អាចបំពុលត្រីបាន ។ អ្នកនេសាទគេបាចឱ្យត្រីពុល មុននេសាទវា ក្នុងរដូវទឹកសម្រក ។	</li><li><p-n>More Information	Syn. : Corypha lecomtei Labill.</p-n></li></ul>
ទ្រាស	ERYTHROPHLEUM (Leguminosae-Caesalpinioideae)	Erythrophleum succirubrum Gagnep.	<ul><li>Tree with a red sap, 10-20 m tall, of the clear forests of Thailand and Northwestern Cambodian. Very hard wood used to make house pillars, but little exploited because of its hardness.	</li><li>ឈ្មោះព្រឹក្សម្យ៉ាងមានជ័រក្រហម កំពស់១០-២០ម ក្នុងព្រៃស្រោងនៃប្រទេសថៃ និងកម្ពុជាផ្នែកឦសាន ។ ដើមមានភាពរឹងណាស់ សម្រាប់បើធ្វើសសរផ្ទះ តែគេមិនសូវកាប់ទេ ពីព្រោះរឹងពេក ។ 	</li><li><p-n>More Information	NK &nbsp;&nbsp;: &nbsp;triëhs &nbsp;ទ្រាស	NOTE	ពេលមានពាក្យ (វល្លិ) (ស្មៅ) (ដើម) ក្នុងវង់ក្រចកខាងក្រោយនាម រុក្ខជាតិ ត្រូវអានពាក្យនោះខាងមុខនាមវិញ។</p-n></li></ul>
ទ្រាសរាជព្កុល	ERYTHROPHLEUM (Leguminosae-Caesalpinioideae)	Erythrophleum teysmannii (Kurz) Craib 	<ul><li>Tree, 15-30 m tall, of the dense forests of Thailand and Cambodia. Very hard wood that may supply houses’ pillars or wood of friction. In Pursat, it is used in traditional medicine to treat the furunculosis.	</li><li>ឈ្មោះព្រឹក្សមួយមានកំពស់១៥-៣០ម ដុះក្នុងព្រៃជ្រៅនៃប្រទេសថៃ និងកម្ពុជា ។ ដើមរឹងអាចបើធ្វើសសរផ្ទះបានល្អ ឬធ្វើប្រដាប់ឈើដែលត្រូវការកកិតគ្នា ដូចជាកង់រទេះ ឬត្បាល់កិនជាដើម ។ ក្នុងខេត្តពោធិសាត់ គេយកដើមនេះសម្រាប់ព្យាបាលជម្ងឺបូសរយ ។	</li><li><p-n>More Information	Syn. &nbsp;: Erythrophleum cambodianum (Pierre) Gagnep.</p-n></li></ul>
ទ្រូ	AEGICERAS (Myrsinaceae) 	Aegyceras corniculatus (L.) Blume 	<ul><li>Shrub, 1-2 m tall, commonly found in mangrove swamp forest throughout tropical Asia, tropical and subtropical Australia. Sweet-Smelling white flowers are often used for washing hair. Bark used as gargling. The seed is said to be hemolytic (destroying haematite).	</li><li>ទ្រូ ជាចុល្លព្រឹក្ស កំពស់ ១-២ ម ដុះក្នុងភក់ល្បាប់ព្រៃកោងកាងនៃទ្វីបអាស៊ីក្តៅ និងក្តៅមធ្យម, និងនៅអូស្រ្តាលីខាង ជើង។ រុក្ខជាតិនេះ មានផ្កា ស ក្រអូប សំរាប់លំអសក់ ។ ឈើប្រើការបានខ្លះ តែមិនសូវជាប់ឡើយ។ សំបកគេស្ងោរ សំរាប់ខ្ពុលមាត់ឱ្យស្អាត ។ គ្រាប់វាមានជាតិពុលខ្លាំងណាស់ គឺអាចរំលាយឈាមក្រហមផង។	</li><li><p-n>More Information	NK : tru: (doëm) (arbre-nasse) ទ្រូ (ដើម)	NOTE	ពេលមានពាក្យ (វល្លិ) (ស្មៅ) (ដើម) ក្នុងវង់ក្រចកខាងក្រោយនាម រុក្ខជាតិ ត្រូវអានពាក្យនោះខាងមុខនាមវិញ។</p-n></li></ul>
ទ្រៀក	LIVISTONA (Palmae)	Livistona saribus (Lour.) Merr. ex A. Chev.	<ul><li>Large palm tree, 20-25 m tall, 15-30 cm thick, of the dense or secondary formations of tropical Asia. The leaves are used for covering the huts and to make hats.	</li><li>ឈ្មោះតាលព្រឹក្សម្យ៉ាងកំពស់ ២០-២៥ម ដុះក្នុងព្រៃធំ និងព្រៃល្បោះ នៃទ្វីបអាស៊ីផ្នែកក្តៅ ។ គេច្រើនបើស្លឹកទ្រៀក ធ្វើជាស្លឹកប្រក់ផ្ទះ ឬសំរាប់ធ្វើមួក ។	</li><li><p-n>More Information	Syn. &nbsp;: Livistona cochinchinensis Mart.</p-n></li></ul>
ទ្រៀលដោះក្របី	ANOMIANTHUS (Annonaceae) 	Anomianthus dulcis (Dunal) Sinclair	<ul><li>Branched shrub found in dense or secondary forest in Indochina s.1 and in Java. Flowers yellowish and fragrant. Fruits, the same size as udders, very appreciated as titbit. They are sold on markets in March-April.	</li><li>មានដើមជាវល្លិ សាច់រឹង ឡើងតោងដើមឈើខ្ពស់ ដុះក្នុងព្រៃជ្រៅ ឬព្រៃស្រោងនៃឥណ្ឌូចិន និងប្រទេសជ្វា (Java)។ ផ្កាក្រអូបល្អ ។ ផ្លែថ្លោសៗ ប៉ុនៗដោះក្របី ផ្លែទុំមានសម្បុរក្រហម មានរសជូរអែម ។ គេចូលចិត្តបរិភោគណាស់ គេអាចឃើញផ្លែលក់តាមផ្សារ នៅខែមិនា - មេសា ។	</li><li><p-n>More Information	NK &nbsp;: triël dâhs krabéi (« triël » mamelles de la bufflesse) &nbsp;ទ្រៀលដោះក្របី	NOTE	ពេលមានពាក្យ (វល្លិ) (ស្មៅ) (ដើម) ក្នុងវង់ក្រចកខាងក្រោយនាម រុក្ខជាតិ ត្រូវអានពាក្យនោះខាងមុខនាមវិញ។</p-n></li></ul>
ធ្នង់ 	PTEROCARPUS (Leguminosae-Papilionoideae) 	Pterocarpus indicus Willd.	<ul><li>Tree, 15-30 m tall, of the wet dense forests of plain and low altitude, below 600 m. Species widely spread in India, in the Indochinese and Malay Peninsula down to New Hebrides and Salomon Islands. Often cultivated in tropical Africa and America. Much valued wood, used in construction. The resin of the bark. &quot;kino&quot;, is used to dye in red the fabrics. It is used in European and Asian medicine as antifeverish, diuretic, antidysenteric or in stomatology.	</li><li>ព្រឹក្សពួកក្រញូង កំពស់ ១៥-៣០ម ដុះក្នុងព្រៃត្រជាក់ លើដីទំនាប ឬលើភ្នំទាបជាង ៦០០ម នៃប្រទេសជាច្រើន ចាប់ពីឥណ្ឌា ឧបទ្វីបឥណ្ឌូចិន រហូតដល់កោះ Salomon ។ គេច្រើនដាំទៅដាំក្នុងទ្វីបអាមេរិក និងអាហ្វ្រិក ។ ឈើមាន តម្លៃណាស់សំរាប់សង់ផ្ទះ ។ ជ័រនៃសំបកគេប្រើសំរាប់ជ្រលក់សំពត់ឱ្យពណ៌ក្រហម ។ តាមក្បួនឱសថ អឺរ៉ុប និងអាស៊ី សំបកជាថ្នាំគ្រុន ធ្វើឱ្យនោមច្រើន រំងាប់រោគរាគមួល និងរោគមាត់ ។	</li><li><p-n>More Information</p-n></li></ul>
ធ្នង់កញ្ចុះ	@ត្រាចគល់ (ដើម)	OXYCEROS (Rubiaceae) 	Oxyceros longiflora (Lam.) Yamaz.	<ul><li>Climbing shrub, with numerous thick and streched out thorns, met in the secondary formations of Southeast Asia. Wood used to make bows and tools handles. In traditional medicine, leaves, after singeing, would give refreshing and febrifuge infusions. 	</li><li>ឈ្មោះវល្លិធំមួយប្រភេទ មានបន្លាជាច្រើនក្រាស់វែងៗ ដុះក្នុងព្រៃល្បោះនៃអាស៊ីផ្នែកអាគ្នេយ៍ ។ គេច្រើនប្រើឈើសម្រាប់ធ្វើធ្នូ និងដងកាំបិត ពូថៅ ។ល។ តាមក្បួនឱសថបុរាណ ស្លឹករោលភ្លើង អាចស្ងោរផឹកជាថ្នាំត្រជាក់ ។ 	</li><li><p-n>More Information	Syn. : Randia longiflora (Lam.) Lam.</p-n></li></ul>
ធ្នង់ឈាមមាន់	Pterocarpus macrocarpus Kurz	Pterocarpus macrocarpus Kurz	<ul><li>Tree, 15-25 m tall, of the dense decideous or clear forests up to 700 m. Species met in the Indochinese Peninsula. Luxury wood in demand to make houses pillars. The sap is used, in distempering, against the thrush of the children. The roots are a component of a remedy regulating menstruations. 	</li><li>ព្រឹក្សកំពស់ ១៥-២៥ម ដុះក្នុងព្រៃក្រាស់ ជ្រុះស្លឹក ឬព្រៃស្រោង ឬលើភ្នំទាបជាង ៧០០ម នៃឧបទ្វីបឥណ្ឌូចិន ។ ឈើប្រណិតពណ៌ក្រហម សំរាប់ធ្វើសសរផ្ទះ ។ ជ័រនៃដើមគេប្រើសំរាប់លាបអណ្តាតឈឺនៃកូនក្មេង ។ គេប្រើឫសផ្សំធ្វើថ្នាំ អោយរដូវទៀងទាត់ ។ 	</li><li><p-n>More Information	Syn. &nbsp;: P. cambodianus (Pierre) Gagnep.; P. pedatus (Pierre) Gagnep.</p-n></li></ul>
ធ្នៃព្រៃ	MUSSAENDA (Rubiaceae) 	Mussaenda frondosa L.	<ul><li>Shrub, 2-8 m tall, growing in the clearings of dense or secondary forests, Indian, Malay peninsula and Indochinese. The barks are used to make ropes. In traditional medicine, the flowers are used, in external use, to clean the ulcers; used internally, they would be diuretic and expectorant.	</li><li>ឈ្មោះចុល្លព្រឹក្សម្យ៉ាងកំពស់ ២-៨ម ដុះលើដីវាលកណ្តាលព្រៃធំឬព្រៃល្បោះនៃឧបទ្វីបឥណ្ឌា ជ្វា និងឥណ្ឌូចិន ។ គេប្រើសំបកសំរាប់វេញខ្សែ ។ គ្រូថ្នាំបុរាណស្ងោរផ្កាសំរាប់លាងដំបៅ ឬផឹកអោយមានទឹកនោមច្រើន និងព្យាបាលជំងឺទ្រូង ។ 	</li><li><p-n>More Information	NK &nbsp;: &nbsp;thméi préi (ramie sauvage) &nbsp;ធ្នៃព្រៃ	NOTE	ពេលមានពាក្យ (វល្លិ) (ស្មៅ) (ដើម) ក្នុងវង់ក្រចកខាងក្រោយនាម រុក្ខជាតិ ត្រូវអានពាក្យនោះខាងមុខនាមវិញ។</p-n></li></ul>
ធ្មាទឹក 	ACACIA (Leguminosae-Mimosoideae)	Acacia harmandiana (Pierre) Gagnep. 	<ul><li>Tree, 10-20 m tall growing in lowland forest in Indochina; Thailand, Cambodia, Laos and Vietnam. Timber used for temporary construction. 	</li><li>ដើមឈើ ដែលជ្រុះស្លឹករដូវប្រាំង មានកំពស់ ១០-២០ ម ដុះក្នុងព្រៃក្រាស់ ឬព្រៃល្បោះ ដែលមានឧព្វេធទាប នៅស្រុកសៀម ស្រុកខ្មែរ ស្រុកលាវ និង ស្រុកវៀតណាម ។ ដើម គេយកសង់ផ្ទះ ប៉ុន្ដមិនសូវជាប់បានយូរឡើយ ។	</li><li><p-n>More Information	Syn. : - Delaportea armata Thorel ex Gagnep. - Pithecolobium harmandianum Pierre&nbsp;</p-n></li></ul>
ធ្មេញត្រីវល្លិ	ICHNOCARPUS (Apocynaceae) 	Ichnocarpus oxypetalus Pit.	<ul><li>Shrub, 1-2 m tall, much climbing, with falling twigs of the clear forests, often a crawling ruderal liana. with small, white, very plentiful flowers, in Indochina. The leaves are used in infusion against diarrhoeas.	</li><li>រុក្ខជាតិនេះ ជាវល្លិវារលើដី ឬជាចុល្លព្រឹក្សបែកមែកសាខា កំពស់ ១-២ម ដុះក្នុងព្រៃស្រោង ឬវារតាមមាត់ផ្លូវ នៅឥណ្ឌូចិន ។ ធ្មេញត្រីវល្លិមានផ្កា តូចៗ ជាច្រើនពណ៌ ស ។ គ្រូបុរាណស្ងោរផ្កា ឬស្លឹកផឹកព្យាបាលជម្ងឺរាគ ។ 	</li><li><p-n>More Information	NK &nbsp;: &nbsp;thmé:nh trèi voër (liane dents de poissn, allusion probable aux petites fleurs) &nbsp;ធ្មេញត្រីវល្លិ	NOTE	ពេលមានពាក្យ (វល្លិ) (ស្មៅ) (ដើម) ក្នុងវង់ក្រចកខាងក្រោយនាម រុក្ខជាតិ ត្រូវអានពាក្យនោះខាងមុខនាមវិញ។</p-n></li></ul>
ធ្មៃ 	BOEHMERIA (Urticaceae) 	Boehmeria nivea (L.) Gaudich.	<ul><li>Ligneous perennial herb. 1-15m tall, cultivated in tropical Asia for its textile properties. The leaves are used as forage. In local medicine, their decoction is drunk against urinary retention and during pregnancy to prevent blooded discharges. The roots have the reputation as homeostatic and to treat the in the intestinal diseases. The root in the form of powder is used as tonic, diuretic and against cough.	</li><li>ដើមធៃ្ម ជាស្មៅរឹងម្យ៉ាង រស់យូរឆ្នាំកំពស់ ១-១,៥០ម ដែលគេដាំសម្រាប់យកសសៃ សំបកត្បាញជាបាវ ការុង កន្ទេល ។ល។ ស្លឹកធ្មៃគេទុកឱ្យសត្វពាហនៈស៊ី ។ ទឹកស្ងោរ គ្រូថ្នាំឱ្យអ្នកជំងឺផឹក ដើម្បីព្យាបាលរោគធ្លាក់ស ឬធ្លាក់ក្រហម ពេលមានគភ៌ ឬមួយទាស់នោម ។ ឬសធ្មៃសំរាប់ធ្វើថ្នាំឃាត់ឈាម មិនឲ្យហូរពេលរបួស នឹងរម្ងាប់រោគក្រពះផ្សេងៗ ។ ឬស ដែលគេកិនម៉ត់ដូចម្សៅ សម្រាប់ផឹក ជាថ្នាំលើកកម្លាំង ធ្វើអោយនោមច្រើន ធ្វ ើអោយបាត់ក្អក ។	</li><li><p-n>More Information	NA : China grass</p-n></li></ul>
ធ្លក	PARINARI (Chrysobalanaceae)	Parinari annamensis Hance	<ul><li>Tree, 6-15 m tall, of the clearings of forests, in Cambodia, Laos, Southern Vietnam and Thailand. The fruits are edible. In times of food shortages (1975-1979), the green fruits are also eaten boiled. The wood is used to make boards.	</li><li>ឈ្មោះព្រឹក្សម្យ៉ាង កំពស់ ៦-១៥ម ដុះក្នុងទីវាលកណ្តាលព្រៃ នៃប្រទេសខ្មែរ លាវ វៀតណាមខាងត្បូង និងថៃ ។ ផ្លែទុំបរិភោគជាចំណី ។ តែពេលទុរ្ភិក្ស (១៩៧៥–១៩៧៩) ផ្លែខ្ចីៗ គេស្ងោរបរិភោគដែរ ។ ឈើធ្លកសម្រាប់ធ្វើក្តារបន្ទះ ។ 	</li><li><p-n>More Information	NK &nbsp;: thlô:k &nbsp;ធ្លក	NOTE	ពេលមានពាក្យ (វល្លិ) (ស្មៅ) (ដើម) ក្នុងវង់ក្រចកខាងក្រោយនាម រុក្ខជាតិ ត្រូវអានពាក្យនោះខាងមុខនាមវិញ។</p-n></li></ul>
ធ្លាយ	DAPHNE (Thymeleaceae)	Daphne composita (L.f.) Gilg	<ul><li>Shrub, 1-2 m tall, of the dense forests of tropical Asia. The stalks, elastic, are used as links. The roots are used in traditional medicine as laxative. 	</li><li>គុម្ពព្រឹក្សមួយប្រភេទកំពស់ ១-២ម ដុះក្នុងព្រៃក្រាស់ នៃទ្វីបអាស៊ីផ្នែកក្ដៅ ។ មែកនិងដើមមានភាពយឺត គេអាចប្រើ សម្រាប់ចងធ្វើចំណងបានគ្រប់យ៉ាង ។ គ្រូថ្នាំប្រើឬសដើមធ្លាយផ្សំជាថ្នាំបន្ទន់លាមក ។	</li><li><p-n>More Information	Syn. : Eriosolena pendulata Blume, var. annamensis Lecomte</p-n></li></ul>
ធ្លាយ	@ឃ្លៃ	ENKLEIA (Thymeleaceae)	Enkleia siamensis (Kurz) Nevling	<ul><li>Shrub, 1.50 m tall, or ligneous liana provided with hooks, of clear, dense and degraded forests of Southeast Asia. The barks are used to make ropes. The decoction of leaves is applied in compress to the ill eyes. The ripe fruits, in the proportion of one, are laxative ; in the proportion of three, they can provoke mortal diarrhoeas.	</li><li>ធ្លាយជាចុល្លព្រឹក្សកំពស់១,៥០ម ពេលខ្លះជាវល្លិ៍រឹងមានកង្វារដុះក្នុងព្រៃស្រោងព្រៃក្រាស់ ឬព្រៃល្បោះនៃទ្វីបអាស៊ី ផ្នែកអាគ្នេយ៍ ។ សំបកសម្រាប់ធ្វើខ្សែពួរនាវា ។ គេយកទឹកស្ងោរស្លឹកដើមនេះ បិទលើភ្នែកដែលឈឺ ។ ផ្នែកទុំបើស៊ីតែផ្លែ មួយជាថ្នាំបញ្ចុះ បើស៊ីដល់បី ធ្វើឱ្យរាគជាច្រើនអាចផ្តល់សេចក្តីស្លាប់ផង ។ 	</li><li><p-n>More Information	Syn. &nbsp;: Linostoma scandens (Endl.) Kurz, var. cambodiana Lecomte</p-n></li></ul>
ននោងជ្រុង	LUFFA (Cucurbitaceae)	Luffa acutangula (L.) Roxb.	<ul><li>Liana, of Indian origin, cultivated for its edible fruits, in the form of bludgeon with 10 pointed coasts. These enter numerous Khmer dishes. In traditional medicine, the crushed leaves are applied, in poultice, to hasten the cure of some hurt. The fruits would be diuretic.	</li><li>ឈ្មោះវល្លិដំណាំឡើងទ្រើង កំណើតនៅក្នុងប្រទេសឥណ្ឌា គេដាំយកផ្លែជាអាហារ ផ្លែរាងដូចមោង មាន១០ជ្រុង         ស្រួចៗ គេប្រើផ្លែ ធ្វើម្ហូបបានច្រើនមុខ ។ ក្នុងក្បួនឱសថបុរាណ គេបុកស្លឹកបំពោកលើមុខរបួសអោយឆាប់ជា ។ ផ្លែជាថ្នាំធ្វើអោយនោមច្រើន ។	</li><li><p-n>More Information	NA &nbsp;: ridged gourd</p-n></li></ul>
ននោងប្រហើរ	@ននោងមូល	LUFFA (Cucurbitaceae)	Luffa aegyptiaca Mill.	<ul><li>Liana, vague origin, cultivated in all tropical regions of the world, for the fruits, cylindrical, edible. as vegetables in various culinary preparations. The dried out ripe fruits are used as sponges. In traditional medicine, the leaves are used, in external application, against the hurts of shingles. The fruits could favor the milky secretion of young mothers and activate the blood circulation. The roots are said to be purgative.	</li><li>ឈ្មោះវល្លិដំណាំឡើងទ្រើង ដើមកំណើតមិនប្រាកដ គេដាំនៅក្នុងប្រទេសក្ដៅសកលលោក មានផ្លែរាងបំពង់ បរិភោគជាអាហារ សំរាប់ស្លរប្រហើរជាដើម ។ ផ្លែទុំហាលស្ងួតអាចប្រើសំរាប់ជូតទឹក ជំនួសផ្កាទឹកសោតបាន ។ ក្នុងក្បួន   ឱសថបុរាណ, ស្លឹកគេប្រើជាថ្នាំបំពោកលើដំបៅ ជំងឺ ZONA ។ ផ្លែជាថ្នាំអោយមានទឹកដោះ និងធ្វើអោយឈាមដើរស្រួល ។ ឫសវាគេប្រើជាថ្នាំបញ្ចុះ ។	</li><li><p-n>More Information	Syn. &nbsp;: Luffa cylindrica (L.) M. Roem.</p-n></li></ul>
នាងខ្មៅ	CHASALIA (Rubiaceae) 	Chasalia curviflora Thwaites 	<ul><li>Shrub, 1-4 m tall, with blackish branches, of dense se forests of low altitude, under 700 m. Species of tropical Asia. The infusions of leaves are absorbed in case of fever. Those of the roots are said to be to tonic.	</li><li>នាងខ្មៅជាចុល្លព្រឹក្ស មានមែកធាងពណ៌ខ្មៅ មានកំពស់ពី ១ ទៅ ៤ម ដុះក្នុងព្រៃជ្រៅលើភ្នំទាបៗ ឬលើដីទំនាប នៃអាស៊ីក្ដៅ ។ គ្រូថ្នាំប្រើស្លឹក នាងខ្មៅស្ងោរអោយអ្នកមានជម្ងឺគ្រុនផឹក ។ គេស្ងោរឬសផឹកជាថ្នាំលើកកម្លាំង ។	</li><li><p-n>More Information	NK : niëng khmau (demoiselle noire) &nbsp;នាងខ្មៅ	NOTE	ពេលមានពាក្យ (វល្លិ) (ស្មៅ) (ដើម) ក្នុងវង់ក្រចកខាងក្រោយនាម រុក្ខជាតិ ត្រូវអានពាក្យនោះខាងមុខនាមវិញ។</p-n></li></ul>
នាងខ្មៅ	SYMPLOCOS (Symplocaceae)	Symplocos cambodiana (Tour.) Hallier f.	<ul><li>Shrub or small tree, 5-10 m tall, of the dense formations of Indochina. Blackish wood used in construction for the small inside works.	</li><li>នាងខ្មៅ ជាព្រឹក្សតូច ឬជាចុល្លព្រឹក្សកំពស់៥-១០ម ដុះក្នុងព្រៃក្រាស់នៅឥណ្ឌូចិន ។ ឈើមានពណ៌ខ្មៅគេប្រើ ជាឈើប្រណិត សម្រាប់ធ្វើគ្រឿងក្នុងនៃផ្ទះ ។	</li><li><p-n>More Information	NK &nbsp;: niëng khmau (demoiselle au tronc noir) &nbsp;នាងខ្មៅ	NOTE	ពេលមានពាក្យ (វល្លិ) (ស្មៅ) (ដើម) ក្នុងវង់ក្រចកខាងក្រោយនាម រុក្ខជាតិ ត្រូវអានពាក្យនោះខាងមុខនាមវិញ។</p-n></li></ul>
នាងនួន	DALBERGIA (Leguminosae-Papilionoideae) 	Dalbergia oliveri Gamble &amp; Prain	<ul><li>Tree, 15-30 m tall, of mixed decideous forests up to 1100 m, spread in the Indochinese Peninsula. The wood, resembling Brazilian rosewood, is used in luxury cabinetwork. Several commercial varieties differ by the colour of wood: rose-yellow, brown veined, red with black veins, purple streaked by yellow...	</li><li>នាងនួនជាព្រឹក្ស ដែលមានកំពស់ ១៥ទៅ៣០ម ដុះក្នុងព្រៃធំជ្រុះស្លឹករដូវប្រាំង នៃប្រទេសថៃ កម្ពុជា និងវៀតណាមខាងត្បូង ។ ឈើមានពណ៌ក្រមៅ បណ្ដូលក្រាស់ ពណ៌ប្រផេះ ឬស្វាយលាយក្រហមឆ្នូតៗ ។ គេនិយមប្រើនាងនួនធ្វើក្តារ ងឿ តុ ទូ ប្រណិត ឬសង់ផ្ទះ ។ ឈើនាងនួនប្រើយូរ កាន់តែរលោងឡើងដោយឯងៗ ។	</li><li><p-n>More Information	Syn. : Dalbergia bariensis Pierre</p-n></li></ul>
នួនស្រី	ERISMANTHUS (Euphorbiaceae)	Erismanthus sinensis Oliver	<ul><li>Shrub, 1-6 m tall, of the dense forests of Southeast Asia, often cultivated near the houses for its very nice- smelling white flowers used sometimes by women to adorn their hairs.	</li><li>ឈ្មោះចុល្លព្រឹក្សមួយប្រភេទ កំពស់១-៦ម ដុះក្នុងព្រៃក្រាស់នៃអាស៊ីផ្នែកអាគ្នេយ៍ គេច្រើនយកមកដាំជិតគេហដ្ឋាន ដោយដើមនេះមានផ្កា-សក្រអូបណាស់ ។ ស្រីៗខ្លះ យកផ្កាក្រងពាក់លើសក់ជាលំអ ។	</li><li><p-n>More Information	Syn. &nbsp;: Erismanthus indochinensis Gagnep.</p-n></li></ul>
នួនស្រី	TABERNAEMONTANA (Apocynaceae) 	Tabernaemontana divaricata (L.) R. Br.	<ul><li>Shrub, 2-8 m tall, of the dense formations of China (Hainan), India, Indochinese Peninsula and Java (Indonesia). Often cultivated in the gardens for the fragrant white flowers.	</li><li>នួនស្រី ជាចុល្លព្រឹក្សកំពស់ ២-៨ម ដុះក្នុងព្រៃធំ នៃប្រទេសចិន (ហៃណាំ) ឥណ្ឌា ឧបទ្វីបឥណ្ឌូចិន និងលើកោះយ៉ាវ៉ា (Indonésie) ។ គេច្រើនដាំក្នុងសួនជាលំអ ដោយមានផ្កាសក្រអូបល្អ ។ 	</li><li><p-n>More Information	Syn. &nbsp;: Ervatamia divaricata (L.) Burkill</p-n></li></ul>
បក្សីឋានសួគ៌	STRELITZIA (Strelitziaceae)	Strelitzia reginae Banks ex Dryand.	<ul><li>Ligneous herb, 1-3 m tall, with leaves looking like that of the banana tree; South African origin (Cape Town), introduced into the warm and temperate countries for decorative cultivation. The flowers are sold by florists. 	</li><li>ឈ្មោះស្មៅរឹងដូចដើមចេកមួយប្រភេទកំពស់១-៣ម ដើមកំណើតក្នុងប្រទេសអាហ្វ្រិកខាងត្បូង គេនាំមកដាំជាលំអសម្រាប់យកផ្កា នៅគ្រប់ប្រទេសលើសកលលោក ។ ផ្កាអាចមានលក់តាមផ្សារ។ 	</li><li><p-n>More Information	NA &nbsp;: bird-of-paradise</p-n></li></ul>
បង្កែវដំរី	@បាយភូវាំង, @ប៉ាង់កាចាក់	AGLAIA (Meliaceae) 	Aglaia spectabilis (Miq.) S.K. Jain &amp; Benn.	<ul><li>Tree, 25-30 m tall, which grows in dense forest of Indochina, abundant on red soils, often cultivated as fruit-tree and shade-tree. The fruit is edible. Big size root used for marking oxen-car wheel. Wood of inferior quality only suitable for inner purposes.	</li><li>ឈ្មោះដើមឈើមួយកំពស់ពី ២៥ ទៅ ៣០ ម ដុះក្នុងព្រៃជ្រៅនៃឥណ្ឌូចិន ។ ឬសឈើនេះ ដុះពីគល់ចេញមកក្រៅដី មានទំហំធំៗណាស់ គេអោយឈ្មោះជាប្ញសជើងទោម ដែលគេនិយមយកមកប្រើសំរាប់ធ្វើកង់រទេះគោ ។ ឈើល្អ ហើយជាប់បានយូរ គេប្រើសំរាប់សង់ផ្ទះ ។	</li><li><p-n>More Information	Syn. : Amoora gigantea Pierre</p-n></li></ul>
បង្កែវ	@បង្គោង	AGLAIA (Meliaceae) 	Aglaia cambodiana Pierre	<ul><li>Tree, 8-10 m tall, found in primary forest in Cambodia, especially in Pursat Province. The fruit is edible. Timber very appreciated for heavy construction.	</li><li>ឈ្មោះដើមឈើម្យ៉ាងមានកំពស់ពី ៨ ទៅ ១០ម ដុះក្នុងព្រៃធំនៃប្រទេសខ្មែរ ជាពិសេស ក្នុងខេត្តពោធិសាត់។ ផ្លែអាចបរិភោគបាន ។ ស្លឹកស្រដៀងស្លឹកស្ដៅ តែពុំអាចបរិភោគបានឡើយ។ ឈើគេប្រើសំរាប់សង់ផ្ទះ។	</li><li><p-n>More Information	NK &nbsp;: bâng’ kèw, bângkô:ng &nbsp;បង្កែវ, បង្គោង	NOTE	ពេលមានពាក្យ (វល្លិ) (ស្មៅ) (ដើម) ក្នុងវង់ក្រចកខាងក្រោយនាម រុក្ខជាតិ ត្រូវអានពាក្យនោះខាងមុខនាមវិញ។</p-n></li></ul>
បង្កែវស៊ីផ្លែ	@ម្ជុល	AGLAIA (Meliaceae) 	Aglaia pisifera Hance	<ul><li>Tree, 10-20 m tall, which grows in dense forest of Cambodia, Laos and Vietnam. Fruit edible when ripe. Timber used for temporary construction or as firewood.	</li><li>ឈ្មោះដើមឈើម៉្យាង កំពស់ពី១០ ទៅ ២០ម ដុះក្នុងព្រៃក្រាស់នៃប្រទេសខ្មែរ លាវ និងវៀតណាម។ ផ្លែវាតូចៗផ្អែម គេចូលចិត្តបរិភោគណាស់ ។ ឈើអាចប្រើសំរាប់សង់រោងបណ្ដោះអាសន្នបាន ។ មែកធាងស្ងួតៗ ធ្វើឧសដុតបានល្អ។	</li><li><p-n>More Information	NK &nbsp;: -bângkèw si phlaè (« bangkèw » à fruits comestibles) &nbsp;បង្កែវស៊ីផ្លែ</p-n></li></ul>
បង្កែវស្វា	AGLAIA (Meliaceae) 	Aglaia tetrapetala Pierre	<ul><li>Small tree, 10-15 m tall found in dense forest of South Cambodia (Kampot) and South Vietnam. The young leaves and fruits are edible. Wood used for temporary construction. 	</li><li>ឈ្មោះរុក្ខជាតិមួយកំពស់ពី ១០ ទៅ ១៥ ម ដុះក្នុងព្រៃធំនៃប្រទេសខ្មែរខាងត្បូង និងវៀតណាមខាងត្បូង ។ ស្លឹកខ្ចី និងផ្កាខ្ចី គេប្រើជាអន្លក់។ ឈើមិនសូវជាប់ល្អទេ តែអាចប្រើសង់រោងបណ្តោះអាសន្នបាន។	</li><li><p-n>More Information	NK : bângkèw sva: &nbsp;បង្កែវស្វា	NOTE	ពេលមានពាក្យ (វល្លិ) (ស្មៅ) (ដើម) ក្នុងវង់ក្រចកខាងក្រោយនាម រុក្ខជាតិ ត្រូវអានពាក្យនោះខាងមុខនាមវិញ។</p-n></li></ul>
បង្គី	DESMODIUM (Leguminosae-Papilionoideae) 	Desmodium renifolium (L.) Schindl.	<ul><li>Prostrated sub-shrub, 20-80 cm tall, with unifoliate leaves, met on the herbous hill slopes, in forests, or in the thorny undergrowth, up to 1000 m. Plant grazed by the cattle. Species of tropical Asia and Australia.	</li><li>គុម្ពព្រឹក្សតូចមួយប្រភេទស្ទើរតឿ កំពស់ ២០-៨០ស.ម មានកូនស្លឹកតែមួយ ដុះក្នុងវាលស្មៅលើខ្នងភ្នំ ក្នុងព្រៃក្រាស់ ឬ គុម្ពបន្លារហូតដល់ ១០០ ម ឧព្វេធ ។ គោក្របីតែងស៊ីដើមនេះ ។ បង្គីមាននៅទ្វីបអាស៊ី និង អូស្ត្រាលីផ្នែកក្ដៅ ។	</li><li><p-n>More Information	NK : &nbsp;bâng-ki (panier plat, allusion à la forme des folioles) ​​ បង្គី	NOTE	ពេលមានពាក្យ (វល្លិ) (ស្មៅ) (ដើម) ក្នុងវង់ក្រចកខាងក្រោយនាម រុក្ខជាតិ ត្រូវអានពាក្យនោះខាងមុខនាមវិញ។</p-n></li></ul>
បញ្ញាក្អែក	VISCUM (Viscaceae)	Viscum articulatum Burm.f.	<ul><li>Sub-shrub, epiphyte without leaves, with flattened and hanging twigs, common in tropical Asia and Australia. The twigs are used in poultice against fractures. The infusion of the complete plant is absorbed for the treatment of the bronchitis. 	</li><li>គុម្ពព្រឹក្សតូចមួយប្រភេទ ដុះលើមកឈើ គ្មានស្លឹកទេមែកធាងរាងសំប៉ែតសំយុងចុះក្រោម មានដុះក្នុងទ្វីបអាស៊ី និង អូស្ត្រាលីផ្នែកក្តៅ ។ គេប្រើមែកធ្វើថ្នាំបំពោកលើឆ្អឹងបាក់ ។ គេស្ងោរដើមទាំងមូល ព្យាបាលជម្ងឺឈឺទងសួត ។ 	</li><li><p-n>More Information	NK &nbsp;: bannha kaèk (intelligence du corbeau, allusion aux graines disséminées par les corbeaux)បញ្ញាក្អែក	NOTE	ពេលមានពាក្យ (វល្លិ) (ស្មៅ) (ដើម) ក្នុងវង់ក្រចកខាងក្រោយនាម រុក្ខជាតិ ត្រូវអានពាក្យនោះខាងមុខនាមវិញ។</p-n></li></ul>
បញ្ញើក្អែក	HELIXANTHERA (Loranthaceae)	Helixanthera longispicata (Lecomte) Danser	<ul><li>Parasite, about 50 cms, living on the branches of trees of dense forest of Cambodia and Laos. The branches with leaves are a component of a tonifying remedy recommended especially to the delivered women.	</li><li>ជាដើមមួយកំពស់ប្រហែល ៥០ស.ម ដុះលើមែកឈើក្នុងដីព្រៃក្រាស់ នៃប្រទេសកម្ពុជា និង លាវ ។ មែក និងស្លឹក បញ្ញើក្អែកគេផ្សំធ្វើថ្នាំកម្លាំង សម្រាប់នារីទើបសម្រាលកូនហើយ ។	</li><li><p-n>More Information	Syn. : Loranthus longispicatus Lecomte</p-n></li></ul>
បញ្ញើក្អែកធំ	SCURRULA (Loranthaceae)	Scurrula ferruginea (Roxb.) Danser 	<ul><li>Shrub, parasite of the trees of dense forests of the Indochinese and Malay Peninsula and Indonesia. In Cambodia, the plant is used to make a tonic drink prescribe especially to the delivered women.	</li><li>ឈ្មោះគុម្ពព្រឹក្សផ្ញើប្រាណលើឈើធំៗ ក្នុងព្រៃក្រាស់នៃឧបទ្វីបឥណ្ឌូចិន និងប្រទេសឥណ្ឌូណេស៊ី ។ តាមក្បួនឱសថ បុរាណខ្មែរ គេស្ងោរដើមនេះ ឱ្យនារីទើបសំរាលកូនផឹក ដើម្បីឱ្យឆាប់មានកំលាំង ។ 	</li><li><p-n>More Information	Syn. &nbsp;: Loranthus ferrugineus Roxb.</p-n></li></ul>
បណ្តូលពេជ្រ	TINOSPORA (Menispermaceae)	Tinospora crispa (L.) Hook.f. &amp; Thomson	<ul><li>Ligneous liana of the undergrowth of the dense and secondary forests of Southeast Asia. The stalk has a very bitter flavour and is used, in decoction as appetizer before the meal or as digestive. It is especially left soaked in the rice alcohol ; it produces a drink well known as tonic. It is also part of a remedy against the rheumatism. The infusion of the root would be effective against the malaria.	</li><li>ឈ្មោះវល្លិរឹងមួយប្រភេទ ដុះក្រោមឈើធំៗ ក្នុងព្រៃក្រាស់ និងព្រៃល្បោះ នៃអាស៊ីផ្នែកអាគ្នេយ៍ ។ ដើមមានរសល្វីងណាស់ គេប្រើសម្រាប់ជាថ្នាំផឹកអោយបរិភោគបាយបាន និងផឹកក្រោយពេលបាយដើម្បីអោយឆាប់រលាយអាហារ ។ គេច្រើនត្រាំដើមក្នុងស្រា ជាថ្នាំលើកកម្លាំង ។ គ្រូថ្នាំបុរាណប្រើដើមផ្សំធ្វើជាថ្នាំរម្ងាប់រោគសន្លាក់ឆ្អឹង ។ គេឆុងឬសព្យាបាលជម្ងឺគ្រុនចាញ់ ។	</li><li><p-n>More Information	NF &nbsp;: liane quinine</p-n></li></ul>
បន្លាក្បាលយក្ស	@បន្លាស្អិត, @ពុកឆ្មា	CAPPARIS (Capparidaceae) 	Capparis flavicans Kurz 	<ul><li>A thorny bush of thickets in Indochina (Cambodia, Thailand, Laos, Vietnam). Fresh flowers are eaten as vegetables. Fumigation of the wood (under powder form) are prescribed for giddiness.	</li><li>ដើមនេះជាចុល្លព្រឹក្សស្ទើរវារមួយប្រភេទ ដុះក្នុងព្រៃគុម្ពោតនៃឥណ្ឌូចិន (ថៃ កម្ពុជា លាវ វៀតណាម)។ ផ្កាស្រស់យើងអាចបរិភោគជាបន្លែ ។ ឈើដែលបុកឱ្យម៉ត់ គេយកឆ្ពុងពេលមានរោគងេងងោង ឬវឹងស៊ុង ។	</li><li><p-n>More Information	Syn. : Capparis cambodiana Pierre ex Gagnep.</p-n></li></ul>
បន្លាមាស 	ACACIA (Leguminosae-Mimosoideae)	Acacia donnaiensis Gagnep.	<ul><li>Climber shrub which grows wild in secondary and dense forest in Cambodia. South Vietnam and Borneo. Species often planted as ornamental.	</li><li>គុម្ពព្រឹក្សវារឡើងដើមឈើ ដុះក្នុងព្រៃធំ ឬព្រៃចុល្លព្រឹក។ ពេលខ្លះគេដាំសំរាប់ធ្វើរបង។ ដើមនេះមានដុះក្នុងប្រទេសកម្ពុជា, ប្រទេសវៀតណាមខាងត្បូង និងប្រទេសឥណ្ឌូណេស៊ី លើកោះ Bornéo ។ 	</li><li><p-n>More Information	NK : bânla: miëhs (épines d’or) បន្លាមាស	NOTE	ពេលមានពាក្យ (វល្លិ) (ស្មៅ) (ដើម) ក្នុងវង់ក្រចកខាងក្រោយនាម រុក្ខជាតិ ត្រូវអានពាក្យនោះខាងមុខនាមវិញ។</p-n></li></ul>
ប៉ប្រក់	DRYNARIA (Polypodiaceae, Fougères)	Drynaria fortunei (Mett.) J. Sm.	<ul><li>Epiphyte fern on the trees or fixed in the cracks of rocks. Tropical species. Plant used in traditional medicine against various diseases such as fracture, sprain, urinary retention and inflammation of the gums.	</li><li>ឈ្មោះបណ្ណង្គជាតិ មួយប្រភេទផ្ញើខ្លួនលើដើមឈើ ឬមួយដុះក្នុងក្រហែងថ្ម នៃប្រទេសក្តៅលើសកលលោក ។ គេយកដើមនេះ ផ្សំថ្នាំព្យាបាលជម្ងឺជាច្រើន ជាពិសេសបាក់ឆ្អឹង គ្រេច ស្ទះនោម និង រាក់ធ្មេញ ។	</li><li><p-n>More Information	Syn. &nbsp;: Polypodium fortunei Kuntze ex Mett.</p-n></li></ul>
ប៉ប្រើស 	SMILAX (Smilacaceae) 	Smilax glabra Wall. ex Roxb.	<ul><li>Thorny, climbing liana of dense forests or shrubby savannas on rocky soils up to 1500 m: species of Southeast Asia. Rhizome macerated in alcohol gives a drink known as fortifying. The stalks are used as links.	</li><li>ឈ្មោះវល្លិមានបន្លាមួយប្រភេទ វារឡើងឈើធំៗ ក្នុងព្រៃក្រាស់ និងព្រៃស្រោង ដុះលើដីថ្ម លើភ្នំ ដែលអាចមាន             កំពស់រហូតដល់ ១៥០០ម នៃទ្វីបអាស៊ីផ្នែកអាគ្នេយ៍ ។ ដើមប៉ប្រើស អាចប្រើធ្វើចំណងបាន មើមវាគេតែងត្រាំស្រាផឹក ជាថ្នាំលើកកំលាំង។ 	</li><li><p-n>More Information	NK &nbsp;: pâprëhs &nbsp;ប៉ប្រើស	NOTE	ពេលមានពាក្យ (វល្លិ) (ស្មៅ) (ដើម) ក្នុងវង់ក្រចកខាងក្រោយនាម រុក្ខជាតិ ត្រូវអានពាក្យនោះខាងមុខនាមវិញ។</p-n></li></ul>
	 		<ul><li>	</li><li>					</li></ul>
បំពង់ស្រមោច	NEPENTHES (Nepenthaceae)	Nepenthes anamensis Macfarl.	<ul><li>Slender plant, climbing, from the plain, met especially on the sandy grounds, in secondary forests, in Kompong Thom province. This species exists also in Southern Vietnam. Ascidies belong to 2 species, the youngest being almost spherical. Their ventral projections are lengthily laciniate. Hairy leaves.	</li><li>ឈ្មោះគុម្ពព្រឹក្ស តូចឆ្មារ មួយប្រភេទ វារលើដើមឈើ លើដីទំនាបមានខ្សាច់ ក្នុងព្រៃល្បោះ ច្រើនមានក្នុងខេត្តកំពង់ធំ និងប្រទេសវៀតណាមខាងត្បូង ។ បំពង់មានពីរយ៉ាង បំពង់ខ្ចីសណ្ឋានប្រហែលគោល បំពង់ចាស់រាងទ្រវែង ។ ភាគដែល លយនៃបំពង់ផ្នែកខាងពោះ មានព្រុយៗជាច្រើនរាងដូចជ័រ ។ ស្លឹកមានរោម ។	</li><li><p-n>More Information	NK &nbsp;&nbsp;: &nbsp;bâmpung srâmaôch &nbsp;បំពង់ស្រមោច	NOTE	ពេលមានពាក្យ (វល្លិ) (ស្មៅ) (ដើម) ក្នុងវង់ក្រចកខាងក្រោយនាម រុក្ខជាតិ ត្រូវអានពាក្យនោះខាងមុខនាមវិញ។</p-n></li></ul>
បំពង់ស្រមោច កំពត	NEPENTHES (Nepenthaceae)	Nepenthes kampotiana Lecomte	<ul><li>Plant 1 m tall, often climbing, growing on the wet grounds, in edges of dense forests of plain or of low altitude. Species met in Kampot province and in Southern Vietnam. Hairless leaves, often folded in two. &quot;Ascidies&quot; briefer and bigger than those of the previous species; operculum streaked inside.	</li><li>ឈ្មោះគុម្ពព្រឹក្សតូចមួយប្រភេទ កំពស់ ១ម ច្រើនវារលើដើមជិតខាង ដុះលើដីសើមៗ តាមមាត់ព្រៃធំលើដីទំនាប ឬលើភ្នំ ដើមនេះមាន ច្រើនក្នុងខេត្តកំពត ជាពិសេសលើភ្នំបូកគោ និងនៅប្រទេសវៀតណាមខាងត្បូង ។ បំពង់រាងខ្លី តែធំ ជាងបំពង់នៅខេត្តកំពង់ធំ ។ គម្របមានឆ្នូតៗខាងក្នុង។	</li><li><p-n>More Information	NK &nbsp;&nbsp;: &nbsp;bâmpung srâmaôch (Kampot) &nbsp;បំពង់ស្រមោច កំពត	NOTE	ពេលមានពាក្យ (វល្លិ) (ស្មៅ) (ដើម) ក្នុងវង់ក្រចកខាងក្រោយនាម រុក្ខជាតិ ត្រូវអានពាក្យនោះខាងមុខនាមវិញ។</p-n></li></ul>
បំពង់ស្រមោច ពោធិសាត់	NEPENTHES (Nepenthaceae)	Nepenthes thorelii Lecomte	<ul><li>Climbing, hairless plant, growing in the forest swamps of Pursat province and in Southern Vietnam. Hairless leaves, with winged petiole. Ascies dimorphous : the superiors are bulbous, the inferiors small and cylindrical ; laciniate projections.	</li><li>ដើមនេះជាវល្លិវារតោងឈើជិតខាង គ្មានរោមទេ ដុះក្នុងវាលភក់ល្បាប់កណ្តាលព្រៃ នៃខេត្តពោធិសាត់ និងនៅប្រទេសវៀតណាមខាងត្បូង ។ ស្លឹកគ្មានរោម មានទងសំប៉ាត រាងដូចស្លាប ។ បំពង់មានពីរប្រភេទ បំពង់ខាងលើរាងដូចកូនដប បំពង់ខាងក្រោមរាងជាបំពង់តូចៗ ។ ភាគដែលលយចេញ រាងដូចជរមានព្រុយៗ។	</li><li><p-n>More Information	NK &nbsp;: bâmpung srâmaôch (Pursat) &nbsp;បំពង់ស្រមោច ពោធិសាត់	NOTE	ពេលមានពាក្យ (វល្លិ) (ស្មៅ) (ដើម) ក្នុងវង់ក្រចកខាងក្រោយនាម រុក្ខជាតិ ត្រូវអានពាក្យនោះខាងមុខនាមវិញ។</p-n></li></ul>
បំពាក់សក់ 	RANDIA (Rubiaceae) 	Randia ovoidea Pierre ex pit.	<ul><li>Shrub, 2-3 m tall, becoming soon a climbing liana, of the dense coastal forests of Cambodia and Southern Vietnam. The flowers, yellowish and nice-smelling, are used to make necklaces or to decorate the hairs.	</li><li>ឈ្មោះចុល្លព្រឹក្ស កំពស់ ២-៣ម ច្រើនក្លាយជាវល្លិ ដុះក្នុងព្រៃមាត់សមុទ្រ នៃប្រទេសកម្ពុជា និងវៀតណាមខាងត្បូង ។ ផ្កាពណ៌លឿងភា្លវ ក្លិនក្រអូប គេច្រើនប្រើដោតជាកំរង ឬ សំរាប់បំពាក់សក់នារីជាលំអ ។	</li><li><p-n>More Information	NK &nbsp;: bâmpèak sâk (pour orner les cheveux, allusion à l’usage) &nbsp;បំពាក់សក់	NOTE	ពេលមានពាក្យ (វល្លិ) (ស្មៅ) (ដើម) ក្នុងវង់ក្រចកខាងក្រោយនាម រុក្ខជាតិ ត្រូវអានពាក្យនោះខាងមុខនាមវិញ។</p-n></li></ul>
បំពេញរាជ	@កំពីងរាជ	SANDORICUM (Meliaceae)	Sandoricum koetjape (Burm. f.) Merr.	<ul><li>Tree, 20-30 m tall, of the dense forests of the Indochinese Peninsula and India, introduced in Malaysia and Indonesia. Often cultivated in the gardens for its edible fruits and leaves. The fleshy part of the fruit may be cooked into jam. The decoction of leaves and roots is used to treat diarrhoea.	</li><li>ឈ្មោះព្រឹក្សមួយប្រភេទកំពស់ ២០-៣០ម ដុះក្នុងព្រៃក្រាស់នៃឧបទ្វីបឥណ្ឌូចិន ប្រទេសឥណ្ឌា គេដាំនៅប្រទេសជ្វា និង ឥណ្ឌូណេស៊ី ។ គេនិយមដាំក្នុងសួនជាដំណាំ ដោយស្លឹក និងផ្លែបរិភោគបាន ។ គេអាចយកសាច់នៃផ្លែទុំៗ ធ្វើជា តំណាប់ ។ តាមក្បួនឱសថបុរាណ ស្លឹក និងឬស អាចស្ងោរផឹកព្យាបាលជំងឺរាគ ។ 	</li><li><p-n>More Information	Syn. : Sandoricum indicum Cav.</p-n></li></ul>
បាក់ដង	GARDENIA (Rubiaceae)	Gardenia philastrei Pierre ex Pit.	<ul><li>Shrub or small tree, 3-12 m tall, of the secondary forests of Indochina. The resinous sap of the bud is used as glue to joint the blade and handle of knives. 	</li><li>ឈ្មោះចុល្លព្រឹក្ស ឬព្រឹក្សតូចមួយប្រភេទកំពស់ ៣-១២ម ដុះក្នុងព្រៃស្រោងនៃឥណ្ឌូចិន ។ ជ័រនៅចុងត្រួយសម្រាប់ ធ្វើកាវបិទភ្ជាប់មុខ និងដងកាំបិត ។	</li><li><p-n>More Information	NK &nbsp;: bak’ dâ:ng (manche cassé) &nbsp;បាក់ដង	NOTE	ពេលមានពាក្យ (វល្លិ) (ស្មៅ) (ដើម) ក្នុងវង់ក្រចកខាងក្រោយនាម រុក្ខជាតិ ត្រូវអានពាក្យនោះខាងមុខនាមវិញ។</p-n></li></ul>
ប៉ាងកាចាត	EUPATORIUM (Compositae) 	Eupatorium triplinerve Vahl 	<ul><li>Subligneous herb, 1-2 m tall, originating from Central and Southern America, cultivated as ornemental in Asia. The leaves give infusions alike to tea. The plant is often sold on the market as a medicinal species. The leaves, in inhalation, are well known for giving force and fair complexion. Associated to other drugs, they are used to make an antifeverish remedy.	</li><li>ប៉ាងកាចាតជាស្មៅម្យ៉ាងមែករឹង កំពស់ ១-២ ម មានដើមកំណើតក្នុងប្រទេសអាមេរិកកណ្តាលខាងត្បូង គេដាំជាលំអនៅទ្វីបអាស៊ី ។ ស្លឹកអាចឆុងផឹក ដូចតែ ។ រុក្ខជាតិនេះអាចមានលក់ក្នុងផ្សារជាដើមឱសថ ។ ស្លឹកគេទុកស្ពុងដើម្បីឱ្យមានកម្លាំង និងសាច់មុខល្អ ។ គ្រូថ្នាំតែងប្រើដើមនេះ ជាមួយរុក្ខជាតិឯទៀត ធ្វើថ្នាំបំបាត់គ្រុន ។	</li><li><p-n>More Information	Syn. &nbsp;: Eupatorium ayapana Vent.</p-n></li></ul>
បាត់កូន	MUSSAENDA (Rubiaceae) 	Mussaenda thorelii Pit.	<ul><li>Very hairy shrub, 2-8 m tall, of the wet dense forests of Cambodia and Vietnam. Wood used in construction.	</li><li>ឈ្មោះចុល្លព្រឹក្សមួយប្រភេទមានរោមច្រើន កំពស់២-៨ម ដុះក្នុងព្រៃជ្រៅត្រជាក់នៅប្រទេសខ្មែរ និង វៀតណាម ។ ឈើគេនិយមប្រើសំរាប់ធ្វើគ្រឿងផ្ទះ ។	</li><li><p-n>More Information	NK &nbsp;: bat’ kô:n (perdre l’enfant) &nbsp;បាត់កូន	NOTE	ពេលមានពាក្យ (វល្លិ) (ស្មៅ) (ដើម) ក្នុងវង់ក្រចកខាងក្រោយនាម រុក្ខជាតិ ត្រូវអានពាក្យនោះខាងមុខនាមវិញ។</p-n></li></ul>
បាតឃ្លោក	@ឈើទាលត្រាញ់	CROTON (Euphorbiaceae) 	Croton tiglium L.	<ul><li>Shrub, 3-6 m tall, of open formations of Southeast Asia. The leaves would be used as poison for arrows. The oil of the seeds is used to make soap. In traditional medicine, the seeds are used as laxative, and the leaves are used in poultices to treat snake bites.	</li><li>ឈ្មោះចុល្លព្រឹក្សមួយប្រភេទ កំពស់ ៣-៦ម ដុះក្នុងព្រៃល្បោះនៅអាស៊ីអាគ្នេយ៍ ។ ស្លឹកគេប្រើជាថ្នាំបំពុលព្រួញបាញ់ សត្វ ។ ប្រេងចម្រាញ់ពីគ្រាប់អាចធ្វើសាប៊ូបាន ។ គ្រាប់សម្រាប់ធ្វើថ្នាំបន្ទន់លាមក ស្លឹកអាចបុកបំពោកលើស្នាមរបួស ពស់ចឹក ។	</li><li><p-n>More Information	NK : ba:t khlôô:k (fond de la calebasse) - chhë tiël tranh’ &nbsp;បាតឃ្លោក, ឈើទាល ត្រាញ់	NOTE	ពេលមានពាក្យ (វល្លិ) (ស្មៅ) (ដើម) ក្នុងវង់ក្រចកខាងក្រោយនាម រុក្ខជាតិ ត្រូវអានពាក្យនោះខាងមុខនាមវិញ។</p-n></li></ul>
ប៉ាតព្រុម	FLEMINGIA (Leguminosae-Pipilionoideae) 	Flemingia chappar Ham. ex Benth.	<ul><li>Shrub, 0.50-1.50 m tall, with yellow velvety twigs, of the dry and clear forests of India and Indochinese Peninsula. The infusions of leaves are absorbed to remove the premature white hairs.	</li><li>ឈ្មោះចុល្លព្រឹក្សម្យ៉ាង កំពស់ ០.៥០-១.៥០ម មានមែកទន់ល្មឿយពណ៌លឿង ដុះក្នុងព្រៃស្ងួត ព្រៃល្បោះនៃប្រទេសឥណ្ឌា និងឧបទ្វីបឥណ្ឌូចិន ។ គេឆុងស្លឹកផឹក ដើម្បីព្យាបាលបាត់សក់សក្មេងៗ ។	</li><li><p-n>More Information	NK &nbsp;: &nbsp;pa:t prum &nbsp;ប៉ាតព្រុម	NOTE	ពេលមានពាក្យ (វល្លិ) (ស្មៅ) (ដើម) ក្នុងវង់ក្រចកខាងក្រោយនាម រុក្ខជាតិ ត្រូវអានពាក្យនោះខាងមុខនាមវិញ។</p-n></li></ul>
បាយកក	ARDISIA (Myrsinaceae)	Ardisia squamulosa Presl	<ul><li>Shrub, 1-2m, tall found in dense littoral forest in Cambodia and South - Viet-Nam. The fruits are edible, enough prized.	</li><li>ឈ្មោះចុល្លព្រឹក្សម៉្យាងកំពស់ ១ ទៅ ២ ម ដុះក្នុងព្រៃមាត់សមុទ្រខ្មែរ និងវៀតណាម ។ គេចូលចិត្តបរិភោគផ្លែបាយកកណាស់ ។	</li><li><p-n>More Information	Syn. &nbsp;: Ardisia humilis auct. non Vahl</p-n></li></ul>
បាយក្តាំងធំ	IXORA (Rubiaceae) 	Ixora diversifolia Wall. ex Hook., var. flexilis Pit.	<ul><li>Shrub, 1-4 m tall. of the undergrowth of dense forests of the Indochinese Peninsula and the Andaman islands, sometimes cultivated for its white flowers. The infusion of root is well known as tonic.	</li><li>ឈ្មោះចុល្លព្រឹក្សមួយ កំពស់ ១-៤ម ដុះក្រោមម្លប់ឈើធំៗ ក្នុងព្រៃក្រាស់នៃឧបទ្វីបឥណ្ឌូចិន និងលើកោះ Anda- man ពេលខ្លះ ជាដំណាំលំអសួន ផ្កាមានពណ៌ស ។ ឬសវាសម្រាប់ឆុងផឹកជាថ្នាំលើកកម្លាំង ។	</li><li><p-n>More Information	NK &nbsp;: &nbsp;ba:y kdang’ thôm (grosse croûte de riz, allusion aux inflorescences) បាយក្ដាំងធំ	NOTE	ពេលមានពាក្យ (វល្លិ) (ស្មៅ) (ដើម) ក្នុងវង់ក្រចកខាងក្រោយនាម រុក្ខជាតិ ត្រូវអានពាក្យនោះខាងមុខនាមវិញ។</p-n></li></ul>
បាយក្តាំង-បាយក្រៀម	LEEA (Leeaceae)	Leea indica (Burm. f.) Merr.	<ul><li>Shrub, 1-2 m tall, of the undergrowth of dense forests of India and Indochina. Sometimes cultivated as decorative for the red flowers. The boiled roots give a drink against the troubles of womb.	</li><li>ឈ្មោះគុម្ពព្រឹក្សម្យ៉ាងកំពស់ ១-២ម ដុះក្រោមឈើធំៗក្នុងព្រៃក្រាស់នៃប្រទេសឥណ្ឌា និងឥណ្ឌូចិន ។ ពេលខ្លះគេដាំ ជាលំអ ដោយផ្កាពណ៌ក្រហម ។ គេស្ងោរឬសផឹកដើម្បីរំងាប់រោគចុកពោះ ។	</li><li><p-n>More Information	Syn. : &nbsp;Leea rubra Blume ; Leea sambucina (L.) Willd.</p-n></li></ul>
បាយក្រៀម	GREWIA (Tiliaceae)	Grewia hirsuta Vahl	<ul><li>Branching shrub, 1 m tall, of the secondary formations of India, Sri Lanka and Indochina. In traditional medicine, the roots are used for the care of boils.	</li><li>ដើមបាយក្រៀមជាគុម្ពព្រឹក្សស្ទើវារ កំពស់ ១ម ដុះក្នុងព្រៃស្រោងប្រទេសឥណ្ឌា សេរីលង្កា និងឥណ្ឌូចិន ។ គ្រូថ្នាំ បុរាណយកឬស ធ្វើថ្នាំរម្ងាប់រោគបូសទ្រនិច ។	</li><li><p-n>More Information	NK &nbsp;&nbsp;: &nbsp;ba:y kriëm &nbsp;បាយក្រៀម	NOTE	ពេលមានពាក្យ (វល្លិ) (ស្មៅ) (ដើម) ក្នុងវង់ក្រចកខាងក្រោយនាម រុក្ខជាតិ ត្រូវអានពាក្យនោះខាងមុខនាមវិញ។</p-n></li></ul>
បាយក្រៀមញី	GREWIA (Tiliaceae)	Grewia eriocarpa Juss.	<ul><li>Shrub, 2-6 m tall, of the open grounds of the Indochinese Peninsula. Edible fruits. The barks are used as links.	</li><li>ឈ្មោះចុល្លព្រឹក្សម្យ៉ាង កំពស់ ២-៦ម ដុះលើដីវាលនៃឧបទ្វីបឥណ្ឌូចិន ។ ផ្លែវាបរិភោគបាន ។ សំបកសម្រាប់ធ្វើចំណងផ្សេងៗ ។ 	</li><li><p-n>More Information	NK &nbsp;&nbsp;: &nbsp;ba:y kriëm nhi ​​ បាយក្រៀមញី	NOTE	ពេលមានពាក្យ (វល្លិ) (ស្មៅ) (ដើម) ក្នុងវង់ក្រចកខាងក្រោយនាម រុក្ខជាតិ ត្រូវអានពាក្យនោះខាងមុខនាមវិញ។</p-n></li></ul>
បាយគ្រៀមឈ្មោល	HELICTERES (Sterculiaceae)	Helicteres lanceolata DC.	<ul><li>Shrub, 1-3 m tall, of the secondary formations of the Indochinese Peninsula, China and Java. The alcoholic extract of leaves is given to drink to the delivered women to give them strength.	</li><li>ដើមនេះជាចុល្លព្រឹក្ស កំពស់ ១-៣ម ដុះក្នុងព្រៃស្រោង នៃឧបទ្វីបឥណ្ឌូចិន ប្រទេសចិន និងកោះ Java ។ គ្រូខ្មែរ យកស្លឹកត្រាំស្រា ស ឱ្យនារីទើបសម្រាលកូន ហើយផឹកជាថ្នាំកម្លាំង។	</li><li><p-n>More Information	NK &nbsp;&nbsp;: ba:y kriëm chhmôôl (ba:y kriëm signifie latérite, allusion aux fruits très friables ; chmôôl signifie mâle ) &nbsp;បាយគ្រៀមឈ្មោល	NOTE	ពេលមានពាក្យ (វល្លិ) (ស្មៅ) (ដើម) ក្នុងវង់ក្រចកខាងក្រោយនាម រុក្ខជាតិ ត្រូវអានពាក្យនោះខាងមុខនាមវិញ។</p-n></li></ul>
បាយដំណើប	SPATHOGLOTTIS (Orchidaceae)	Spathoglottis eburnea Gagnep.	<ul><li>Ground orchid, 40-55 cm tall, with conical bulbs, met under clear forests of Cambodia, plentiful in Siem Reap province. The bulbs would be edible when cooked. In demand as decorative plant. The fruits are used in traditional medicine, to prevent the loss of the foetus, as febrifuge and for the treatment of burns.	</li><li>ឈ្មោះ បិនសិផា ដុះលើដី កំពស់ ៤០-៥៥ ស.ម មើមរាងសាជីមូល ដុះក្រោមដើមឈើធំៗ ក្នុងព្រៃស្រោង នៃប្រទេសកម្ពុជា ច្រើនមានក្នុងខេត្តសៀមរាប ។ មើមអាចស្ងោរបរិភោគបាន ។ គេតែងគាស់យកទៅដាំជាលំអ ។ ក្នុងក្បួន            ឱសថបុរាណ ផ្លែជាថ្នាំសំរាប់រក្សាគភ៌ សំរាប់ព្យាបាលជំងឺគ្រុន ឬព្យាបាលដំបៅរលាក ។ 	</li><li><p-n>More Information	NK &nbsp;: ba:y dâmnoëb (riz gluant) &nbsp;បាយដំណើប	NOTE	ពេលមានពាក្យ (វល្លិ) (ស្មៅ) (ដើម) ក្នុងវង់ក្រចកខាងក្រោយនាម រុក្ខជាតិ ត្រូវអានពាក្យនោះខាងមុខនាមវិញ។</p-n></li></ul>
បាយតំណើប	@បន្លាស្អិត, @សំប៉ុយ, សណ្ដែកកំប៉ើញ	ACACIA (Leguminosae-Mimosoideae)	Acacia concinna (Willd.) DC.	<ul><li>Ligneous liana grown wild in tropical Asia. Young leaves are eaten in salads. Fruits used for washing hair, also used in local medicine: fruits used externally against several diseases (abces, eczema, leprosy). Internally they are considered as laxative. Pulp (without seeds) used as diuretic and emetic. The seeds have the reputation of making easy the delivery.	</li><li>វល្លិធំមានមែករឹង ដុះក្នុងព្រៃស្រោងនៃអាស៊ីផ្នែកក្ដៅ។ ស្លឹកខ្ចី ធ្វើបន្លែ ឬរបោយបាន។ ផ្លែសំរាប់លាងសក់។ សំបកអាចស្ងោរជ្រលក់សំណាញ់។ ផ្លែគេប្រើជាថ្នាំច្រើនមុខណាស់ ដូចជា បូស, ស្រែង, ឃ្លង់។ គេផឹកទឹកត្រាំផ្លែ ធ្វើឱ្យទន់លាមក ផ្លែជាគ្រឿងផ្សំថ្នាំសំរាប់ព្យាបាលជំងឺតំរងទឹកនោម និងប្លោកនោម។ សាច់នៃគ្រាប់ ពេលប្រឡេះគ្រាប់ចោល ជាឱសថធ្វើឱ្យនោមច្រើន និងធ្វើឱ្យក្អួត។ គ្រាប់ ជាថ្នាំ គេប្រើសំរាប់សំរួលនៃការសំរាលកូន។ 	</li><li><p-n>More Information	NK : ba:y dâmnaëb (riz gluant, allusion aux épines collantes), bânla sâöt (épines visqueuses), sâmpöy, sândaèk kâmpöënh (ce dernier nom évoque le haricot barbare) បាយដំណើប, បន្លាស្អិត, សំប៉ុយ, សណ្ដែកកំប៉ើញ	NOTE	ពេលមានពាក្យ (វល្លិ) (ស្មៅ) (ដើម) ក្នុងវង់ក្រចកខាងក្រោយនាម រុក្ខជាតិ ត្រូវអានពាក្យនោះខាងមុខនាមវិញ។</p-n></li></ul>
បាយទា	AZOLLA (Azolaceae, Pteridophytes)	Azolla imbricata Nakai	<ul><li>Aquatic and floating fern commonly found in stagnant water in Asia. Species forming a greenish grouped on water surface susceptible to double its weight within a week. It is used to feed ducks, and as green manure. 	</li><li>បាយទា ជាបណ្ណង្គជាតិមួយប្រភេទ ដុះអណ្តែតក្នុងទឹកមិនហូរ ជារុក្ខជាតិមួយដុះរហ័សណាស់ តែក្នុងមួយអាទិត្យអាចទ្វេទំងន់ពី ១ ទៅ ២ បាន ។ បណ្ណង្គជាតិល្អិតនេះជាអាហារសំរាប់សត្វទ្វា ។ គេយកវាធ្វើជីស្រស់ក៏បានដែរ ។	</li><li><p-n>More Information	NF : lentille d’eau</p-n></li></ul>
បាយម៉ាត 	BLUMEA (Compositae)	Blumea balsamifera DC.	<ul><li>Branchy shrub, 1-2m tall, found in clearings of forest of average altitude in tropical Asia. The crushed leaves smell camphor. In Cambodia, they commonly used in fumigation against dizziness and headache. The fresh leaves are often put into the ears for they are reputed to have insect-repelling properties. The leaves are also said to have other therapeutic properties against fever, mange, acne.	</li><li>បាយម៉ាតជាចុល្លព្រឹក្សស្ទើវារ ស្ទើដុះត្រង់ កំពស់ ១-២ម ច្រើនមាននៅទីវាល នៃព្រៃទួលទ្វីបអាស៊ីក្ដៅ ។ ស្លឹកដែល គេឈ្លឺឱ្យក្លិនក្រអូបដូចកាបូ (Camphrier) ។ នៅប្រទេសខ្មែរយើង និយមយកស្លឹកសម្រាប់ស្ពុង ដើម្បីធ្វើអោយបាត់វិលមុខ ឈឺក្បាល ។ អ្នកស្រែខ្លះគេយកស្លឹកស្រស់ដាក់ក្នុងត្រចៀក សម្រាប់ដេញសត្វសង្កើចឱ្យទៅឆ្ងាយពីខ្លួន ។ គ្រូថ្នាំតែងយកស្លឹកធ្វើឱសថផ្សេងៗទៀត សម្រាប់រម្ងាប់ជម្ងឺគ្រុន កើតរមាស់ កើតមុន   ។ល។ 	</li><li><p-n>More Information	NF : camphre Ngai</p-n></li></ul>
បាយរមាស	GARDENIA (Rubiaceae)	Gardenia cambodiana Pit.	<ul><li>Shrub, 2-5 m tall, of the secondary forests of Cambodia, Laos and Southern Vietnam. The young leaves and cooked fruits can be consumed. Stalks sometimes used to make pickets.	</li><li>បាយរមាស ជាចុល្លព្រឹក្ស កំពស់ ២-៥ម ដុះក្នុងព្រៃស្រោង នៃប្រទេសកម្ពុជា លាវ និងវៀតណាមខាងត្បូង ។ ស្លឹកខ្ចីៗ និងផ្លែឆ្អិន ហើយអាចបរិភោគបាន ។ ឈើអាចប្រើធ្វើបង្គោលរបង ។	</li><li><p-n>More Information	NK &nbsp;: bai remeas បាយរមាស	NOTE	ពេលមានពាក្យ (វល្លិ) (ស្មៅ) (ដើម) ក្នុងវង់ក្រចកខាងក្រោយនាម រុក្ខជាតិ ត្រូវអានពាក្យនោះខាងមុខនាមវិញ។</p-n></li></ul>
ប៉ិកួៈ	PACHYRHIZUS (Leguminosae-Papilionoideae)	Pachyrizus erosus (L.) Urb.	<ul><li>Climbing liana, originating from tropical America, cultivated in all the warm regions of the globe for its edible tubers, eaten raw or cooked in culinary preparations. Toxic seeds, used sometimes to stun fishes. In Vietnam, they are used in small doses as a vermifuge medicine.The leaves contain a poison, harmful for the ruminants but not for horses.	</li><li>ឈោ្មះវល្លិវារឡើងទ្រើងមួយប្រភេទ គេនាំគ្រាប់ពីទ្វីបអាមេរិកផ្នែកក្ដៅ មកដាំជាដំណាំនៅគ្រប់ប្រទេសក្តៅសកលលោក ដើម្បីប្រើមើមធ្វើជាអាហារ ដែលអាចបរិភោគឆៅ ឬធ្វើម្ហូបផ្សេងៗ ។ គ្រាប់ មានជាតិពុល គេប្រើពេលខ្លះសម្រាប់បំពុលត្រី មុននេសាទវា។ នៅប្រទេសវៀតណាម គេចិតគ្រាប់យកតែចំណិតតូចមួយ ធ្វើជាថ្នាំព្រូន ។ ស្លឹកមានជាតិពុលតែចំពោះសត្វ ទំពារអៀង ឯសត្វសេះអាចស៊ីស្លឹកបាន ។ 	</li><li><p-n>More Information	NK &nbsp;: &nbsp;pék kuëk &nbsp;ប៉ិកួៈ	NOTE	ពេលមានពាក្យ (វល្លិ) (ស្មៅ) (ដើម) ក្នុងវង់ក្រចកខាងក្រោយនាម រុក្ខជាតិ ត្រូវអានពាក្យនោះខាងមុខនាមវិញ។</p-n></li></ul>
បីសន្លឹក - អំពំ្រ 	PHYLLODIUM (Leguminosae-Papilionoideae)	Phyllodium vestitum (Wall.) Benth. 	<ul><li>Shrub, 1-2 m tall, very hairy, of open formations, of roadsides on stony soil up to 800 m. The leaves are used in veterinary medecine to treat the wounds of cattle and of other domestic animals.	</li><li>ឈ្មោះចុល្លព្រឹក្សមួយពួកកំពស់ ១-២ម មានរោមច្រើន ដុះក្នុងព្រៃស្រោង ឬតាមមាត់ផ្លូវមានថ្មលើទួល ដែលមាន            កំពស់ទាបជាង ៨០០ម ។ ស្លឹកជាថ្នាំប្រើដោយពេទ្យសត្វ សំរាប់ព្យាបាលរបួសនៃបសុសត្វនានា និងសត្វដែលចិញ្ចឹមក្នុងផ្ទះ ។	</li><li><p-n>More Information	Syn. : Desmodium vestitum (Benth.) Benth.</p-n></li></ul>
បុសនាគ	MESUA (Guttiferae)	Mesua ferrea L.	<ul><li>Tree, 20-30 m tall, of the dense forests of Southeast Asia, often cultivated as decorative for the beauty and the smell of the flowers and the silvery colour of leaves. The dark red very hard wood of 1st category is of use to build railways, musical instruments and firearms; much in demand for the construction of houses. The flowers, fragrant, are used for scenting the wax of bees that Cambodian women put on their lips. In traditional Indian medicine, the dried flowers, reduced to powder, are used to cure haemorrhoids.	</li><li>ព្រឹក្សម្យ៉ាងកំពស់ ២០-៣០ម ដុះក្នុងព្រៃធំនៃអាស៊ីផ្នែកអាគ្នេយ៍ ។ គេនិយមដាំជាលំអ ដោយដើមនោះមានស្លឹកពណ៌ស រលោង និងមានផ្កា ក្លិនក្រអូបល្អ ។ ឈើ រឹងណាស់ ពណ៌ក្រហមក្រម៉ៅ ជាឈើលេខ១ គេប្រើសំរាប់សង់ផ្លូវដែក  អយស្ម័យាន ធ្វើគ្រឿងភ្លេង ធ្វើដងកាំភ្លើង និងគ្រឿងផ្ទះ ។ ផ្កា សំរាប់អប់ក្រមួនមាត់ ។ គ្រូថ្នាំបុរាណឥណ្ឌា ប្រើផ្កាស្ងួតបុកជាម្សៅ សំរាប់ព្យាបាលជំងឺឫសដូងបាត ។	</li><li><p-n>More Information	NA &nbsp;: Ironwood</p-n></li></ul>
ប៉ូចកាក់	MYRISTICA (Myristicaceae)	Myristica fragrans Houtt.	<ul><li>Tree, 8-10 m tall, originating from Moluccas, introduced in Cambodia and Southern Vietnam as decorative and for its seeds, or nutmeg, used in traditional medicine. It would be a general stimulant and a remedy against the troubles of stomach. They are a component of an infusion against diarrhoea. The oil of the seeds is used in friction against the rheumatism. No edible usage in Cambodia.	</li><li>ឈ្មោះព្រឹក្សកំពស់៨-១០ម ដើមកំណើតនៅកោះ moluques គេនាំមកដាំនៅប្រទេសខ្មែរ និងវៀតណាមខាងត្បូង ជាលំអ និង សំរាប់យកគ្រាប់ ប្រើធ្វើជាថ្នាំលើកកំលាំងនិងសំរាប់ព្យាបាលជំងឺក្រពះ ។ គេអាចផ្សំគ្រាប់ធ្វើថ្នាំរាគ ។ ប្រេងនៃគ្រាប់ សំរាប់រឹតលើជំងឺសន្លាក់ឆ្អឹង ។ នៅប្រទេសខ្មែរ គេមិននិយមប្រើគ្រាប់ជាគ្រឿងទេសឡើយ ។	</li><li><p-n>More Information	NF &nbsp;&nbsp;: muscadier</p-n></li></ul>
បូព្រឹក	CASSIA (Leguminosae-Caesalpinioideae)	Cassia javanica L.	<ul><li>Deciduous tree, 7-15 m tall, of decideous forests of tropical Asia, met ornemental plant in towns. A subspecies (susp. nodosa) is spontaneous in the dense forests of Bokor towards the altitude of 200-600 m. It is planted in some towns of Cambodia as decorative tree for its beautiful red flowers. The fruit is considered as laxative. The seeds can be chewed with the betel. The wood is used in decoction for the young mothers.	</li><li>បូព្រឹកជាដើមឈើកំពស់ ៧-១៥ម ដុះក្នុងព្រៃជ្រុះស្លឹកនៃអាស៊ីក្ដៅ គេនិយមដាំដើមនេះជាលំអនៅក្នុងក្រុង ក្បែរផ្ទះ អ្នកស្រុក ឬតាមវិថីនានា ។ មានពូជរងម្យ៉ាងទៀត ដុះឯងៗក្នុងព្រៃត្រជាក់ជើងភ្នំបូកគោ ដែលមានឧព្វេធពី ២០០ ទៅ ៦០០ម ។ គេនិយមដាំពូជរងនេះក្នុងក្រុងធំៗ ជាលំអ ដោយដើមនេះមានផ្កាក្រហមល្អមើល ។ ផ្លែអូយម៉ូយគេស៊ីជាថ្នាំបញ្ចុះ ។ គ្រាប់អាចជំនួសស្លាបាន ។ គេស្ងោរឈឺឱ្យស្ត្រីទើបសម្រាល  កូនផឹកជាថ្នាំលើកកម្លាំង ។	</li><li><p-n>More Information	NK : bô prük &nbsp;បូព្រឹក	NOTE	ពេលមានពាក្យ (វល្លិ) (ស្មៅ) (ដើម) ក្នុងវង់ក្រចកខាងក្រោយនាម រុក្ខជាតិ ត្រូវអានពាក្យនោះខាងមុខនាមវិញ។</p-n></li></ul>
បើស	HIBISCUS (Malvaceae)	Hibiscus tiliaceus L.	<ul><li>Shrub, 2-7 m tall, of the secondary formations of tropical Asia, often cultivated as decorative in the gardens. The wood, known as &quot;cork wood&quot;, is used as ballcocks for fishing nets or for the manufacture of bad quality papers, or light boats. The decoction of leaves is used to wash the wounds. The leaves are also considered as laxative.	</li><li>ចុល្លព្រឹក្ស ឬគុម្ពព្រឹក្ស កំពស់ ២-៧ម ដុះក្នុងព្រៃល្បោះ នៃទ្វីបអាស៊ីក្តៅ គេដាំជាលំអក្នុងសួន ។ ដើមដែលមាន​ ឈ្មោះថា “ ដើមឆ្នុកដប “ សម្រាប់ធ្វើកំសួលសន្ទូច ឬធ្វើក្រដាសធុនអាក្រក់ ឬមួយសង់ទូកតូចៗ ។ គេស្ងោរស្លឹកលាងដំបៅ ផ្សេងៗ ។ ស្លឹកអាចធ្វើថ្នាំបញ្ចុះបាន ។	</li><li><p-n>More Information	NK &nbsp;&nbsp;: boëhs &nbsp;បើស	NOTE	ពេលមានពាក្យ (វល្លិ) (ស្មៅ) (ដើម) ក្នុងវង់ក្រចកខាងក្រោយនាម រុក្ខជាតិ ត្រូវអានពាក្យនោះខាងមុខនាមវិញ។</p-n></li></ul>
បើសសមុទ្រ	@ជ្រៃសមុទ្រ	THESPESIA (Malvaceae)	Thespesia populnea (L.) Corrêa	<ul><li>Shrub, 2-5 m tall, of the rocky banks of the warm regions of the world. The plentiful foliage, staked out with large yellow flowers makes it a decorative and shadow plant. In Cambodia, it is planted in the gardens and the streets of Phnom Penh and big towns.	</li><li>ចុល្លព្រឹក្សមួយប្រភេទ កំពស់ ២-៥ម ដុះតាមមាត់សមុទ្រលើដីមានថ្ម នៃប្រទេសក្តៅសកលលោក ។ គេនិយមដាំដើមនេះជាលំអ ដោយសារជារុក្ខជាតិមានស្លឹកច្រើន និងផ្កាលឿងធំៗ ហើយជាដើមអោយម្លប់ផង ។ នៅក្នុងប្រទេសកម្ពុជា គេដាំតាមវិថីនានា និង សួនសាធារណៈ នៅភ្នំពេញ ។ 	</li><li><p-n>More Information	NK &nbsp;: boëhs sâmoth, chréi sâmoth &nbsp;បើសសមុទ្រ, ជ្រៃសមុទ្រ	NOTE	ពេលមានពាក្យ (វល្លិ) (ស្មៅ) (ដើម) ក្នុងវង់ក្រចកខាងក្រោយនាម រុក្ខជាតិ ត្រូវអានពាក្យនោះខាងមុខនាមវិញ។</p-n></li></ul>
បេង	@បេងស, @បេងក្រហម	AFZELIA (Leguminosae-Caesalpinioideae) 	Afzelia xylocarpa (Kurz) Craib	<ul><li>Tree, 15-30 m tall, found in lowland primary forest up to 900 m altitude. It grows wild in Indochina s.1. The timber has a good reputation in making luxury’s coffins Wood, graded “1st category” is very appreciated for cabinet-work. The seed pulpe serves as adhesive for cigarettes. The bark is used in local medicine, its decoction has the reputation to be tonic and aperient. It is also used in veterinary medicine.	</li><li>បេងជាឈើធំ មានកំពស់ ១៥ ទៅ ៣០ ម មានដុះតែក្នុងប្រទេសឥណ្ឌូចិនទេ គឺខ្មែរ លាវ វៀតណាម សៀម និង         ភូមា។ ដើមនេះ ដុះលើដីទំនាប គេមិនដែលប្រទះឃើញ បេងនៅលើភ្នំ ដែលមានកំពស់លើសពី ៩០០ម ឡើយ។ ឈើបេង ជាឈើល្អប្រណិត មានតំលៃណាស់ គេយកធ្វើតុ ទូ ក្តារមឈូសសំរាប់អ្នកមាន។ សាច់ដែលមានជុំវិញគ្រាប់ អាចធ្វើ កាវបិទបារីបាន ។  សំបកគេយកធ្វើថ្នាំកំលាំង ឬសំរាប់បរិភោគបាយបានច្រើន។ ពេទ្យសត្វប្រើសំ បកបេង ដើម្បីព្យាបាលជំងឺឆ្កែ ឆ្មា។ 	</li><li><p-n>More Information	Syn. : Pahudia cochinchinensis Pierre&nbsp;</p-n></li></ul>
ប៉េងប៉ោះ	LYCOPERSICON (Solanaceae)	Lycopersicon esculentum Mill.	<ul><li>Herbaceous plant, 30-80 cm tall, South American origin, introduced in Asia from the 17-th century, now cultivated all over the world for its young leaves and edible fruits. In Cambodia, the young leaves are consumed cooked in special culinary preparations. The fruits can enter the composition of some dishes or be eaten raw in salads. They can be preserved and prepared as concentrated juice. There are numerous varieties. The small fruits. considered as laxative, are recommended for tuberculosis and typhoid.	</li><li>ប៉េងប៉ោះជាតិណជាតិ កំពស់ ៣០-៨០ស.ម ដុះនៅអាមេរិចខាងត្បូង គេនាំមកដាំក្នុងទ្វីបអាស៊ី ពីសតវត្សទី១៧ ឥឡូវគេដាំគ្រប់ប្រទេស លើសកលលោក ដើម្បីយកស្លឹកខ្ចីៗ និងផ្លែធ្វើជាអាហារ ។ នៅប្រទេសខ្មែរស្លឹកខ្ចីៗសំរាប់ធ្វើសម្ល ។ ផ្លែក៏គេប្រើធ្វើម្ហូបផ្សេងៗដែរ ឬមួយបរិភោគឆៅជាបន្លែ ។ គេតែងយកផ្លែធ្វើអាហារប្រអប់ ។ ផ្លែប៉េងប៉ោះច្រើនយ៉ាងណាស់ ផ្លែតូចៗដូចម្រាមដៃ (ពូជតឿ) គេប្រើជាថ្នាំបញ្ចុះ និងជាថ្នាំព្យាបាលជំងឺរបេង និងគ្រុនសន្ឋំ ។	</li><li><p-n>More Information	Syn. &nbsp;: Solanum lycopersicum L.</p-n></li></ul>
បេឡឹយ	LITSEA (Lauraceae) 	Litsea pierrei Lecomte	<ul><li>Tree, 15-30m tall, of dense forests in Cambodia and Vietnam. Wood yellowish, graded 1th category much in demond for cabinetwork and construction.	</li><li>ឈ្មោះព្រឹក្សមួយប្រភេទកំពស់ ១៥-៣០ម ដុះក្នុងព្រៃធំនៃប្រទេសខ្មែរ និងវៀតណាម ។ ឈើពណ៌លឿងភាវ គេទុកជា “ ឈើលេខ១ ” ជាប់ល្អ មានតំលៃណាស់ សំរាប់សង់ផ្ទះ ឬ ធ្វើ តុ ទូ ល្អប្រណិត ។ 	</li><li><p-n>More Information	Syn. &nbsp;: Litsea vang Lecomte</p-n></li></ul>
ប៉េះឡេះ 	ANGIOPTERIS (Angiopteridaceae, Ptéridophytes)	Angiopteris crassipes Wall. ex C. Presl	<ul><li>Fern, 0,80-1,5 m height, more or less scandent found in undergrowth forest in several countries in South East Asia. The young leaves are eaten raw as vegetables with fish sauces.	</li><li>ប៉េះឡេះ ជាបណ្ណង្គជាតិមួយប្រភេទកំពស់ ០.៨ - ១,៥ ម មានមែកអាចវារលើរុក្ខជាតិនៅជិត ដុះក្នុងព្រៃធំនៃអាស៊ី ផ្នែកអាគ្នេយ៍ ។ ខ្មែរយើងចូលចិត្តបរិភោគស្លឹកខ្ចីៗ ជាបន្លែទឹកគ្រឿង ។	</li><li><p-n>More Information	NK &nbsp;: péhs léhs &nbsp;ប៉េះឡេះ	NOTE	ពេលមានពាក្យ (វល្លិ) (ស្មៅ) (ដើម) ក្នុងវង់ក្រចកខាងក្រោយនាម រុក្ខជាតិ ត្រូវអានពាក្យនោះខាងមុខនាមវិញ។</p-n></li></ul>
ប្ញស្សីកែវ 	BAMBUSA (Gramineae)	Bambusa vulgaris Schrad. ex J.C. Wendl.	<ul><li>Big bamboo with stalk in zigzag reaching 10-20m tall, spread around villages, sometimes cultivated in city as decorative, young leaves eaten by cattle. Young shoots edible but rarely being sold on market. The shoots cooking’s water has the reputation to cure all kind of “hepatite”.	</li><li>ឫស្សីកែវ មានកំពស់រហូតដល់១៥ម តែមែកមិនត្រង់ល្អទេ ច្រើនក្រវេចក្រវៀន ។ មានកំណើតនៅក្នុងអាស៊ីអាគ្នេយ៍គេនិយមដាំក្នុងក្រុងអោយល្អមើល ។ សត្វពាហនៈតែងស៊ីស្លឹកខ្ចីៗ ។ ទំពាំងឫស្សីកែវបរិភោគបាន តែហាងបន្តិច គេមិនដែលដាក់លក់នៅផ្សារទេ ។ ទឹកស្ងោរទំពាំង គេប្រើជាថ្នាំព្យាបាលជំងឺថ្លើម ។ ដើមឫស្សីកែវ ថ្វីត្បិតគ្មានភាពគ្រង់ អាចប្រើសង់រោងបណ្តោះអាសន្ន ឬធ្វើរបស់ប្រើប្រាស់ក្នុងផ្ទះដូចជា វែក ស្លាបព្រា ក្រាសសិតសក់ជាដើម ។	</li><li><p-n>More Information	NA : common bamboo</p-n></li></ul>
ប្ញស្សីពីងពង់	@ប្ញស្សីព្រិចស្បាត	ARUNDINARIA (Gramineae)	Arundinaria falcata Nees	<ul><li>Small bamboo, 0,50-1m tall, branchy found in the undergrowth of open forest in Indochina. Stalk mainly used for making pipes.	</li><li>ជារុក្ខជាតិតឿមួយប្រភេទកំពស់ ០,៥-១ ម បែកមែកអូសដី ហាក់ដូចចង់វារ ដុះក្រោមដើមឈើក្នុងព្រៃល្បោះ នៃឥណ្ឌូចិន ។  ឫស្សីពីងពង់ គេតែងប្រើសំរាប់ធ្វើខ្សៀជក់ ។	</li><li><p-n>More Information	NF : bambou nain</p-n></li></ul>
ប្ញស្សីព្រិច	ARUNDINARIA (Gramineae)	Arundinaria pusilla A. Chev. &amp; A. Camus	<ul><li>Bamboo, 0,5-2m tall found in waste lands or in clearing areas of dense forest in Indochina. The quick growth of this species may give rapidly a bamboo’s forest. Young leaves serve as forage. The young shoots are used in cooking.	</li><li>ជាឫស្សីម៉្យាងដុះរហ័សណាស់ អាចដុះក្នុងដីវាលជាតិព្រៃព្រិចយ៉ាងធំ ។ ដើមនេះមានតែក្នុងប្រទេសឥណ្ឌូចិន ។          កំពស់ឫស្សីព្រិចយ៉ាងខ្ពស់ត្រឹម ២ម ប៉ុណ្ណោះ ធម្មតា ដើមនេះខ្ពស់ មិនលើសពី ១ម ទេ ។ ស្លឹកខ្ចីៗ សត្វព្រៃ ឬស្រុកចូលចិត្តស៊ីណាស់ ធាងខ្ចីក៏យើងស្លបានដែរ ។	</li><li><p-n>More Information	NF : bambou nain</p-n></li></ul>
ប្រក់ផ្លែ	PHYLLANTHUS (Euphorbiaceae)	Phyllanthus urinaria L. 	<ul><li>Annual, 10-30 cm tall herb, of the waste lands, fields, gardens of the tropical regions. In traditional Cambodian medicine, the infusions of the plant are used in the diseases of the liver, against diarrhoea and the malaria. 	</li><li>ឈ្មោះស្មៅប្រចាំឆ្នាំមួយប្រភេទ កំពស់ ១០-៣០ស.ម ដុះលើដីគ្មានដំណាំក្នុងចំការ និងសួននៃប្រទេសអាស៊ីផ្នែកក្ដៅ ។ ផ្លែដុះតាមស្លឹកស្កះ ដូចគេប្រក់ ។ គេប្រើដើមនេះធ្វើថ្នាំថ្លើម រាគ និង គ្រុនចាញ់ ។	</li><li><p-n>More Information	NK &nbsp;: &nbsp;prâk phlaè &nbsp;ប្រក់ផ្លែ	NOTE	ពេលមានពាក្យ (វល្លិ) (ស្មៅ) (ដើម) ក្នុងវង់ក្រចកខាងក្រោយនាម រុក្ខជាតិ ត្រូវអានពាក្យនោះខាងមុខនាមវិញ។</p-n></li></ul>
ប្រង់ទឹក	ACROSTICHUM (Adiantaceae, Pteridophytes)	Acrostichum aureum L..	<ul><li>Fern up to 50 cm tall occurring in mangrove swamp forests in topical areas throughout all over the world. In Cambodia, the young leaves are eaten in salads.	</li><li>ប្រង់ទឹកជាបណ្ណង្គជាតិមួយប្រភេទ កំពស់ប្រហែល ៥០សង់ទីម៉ែត្រ ដែលដុះក្នុងទីដីសើម មានភក់ល្បាប់នៃប្រទេស ក្ដៅសកលលោក។ ស្លឹកខ្ចីៗ និយមជាបន្លែបរិភោគជាមួយទឹកគ្រឿង ។	</li><li><p-n>More Information	NK : prâng’ tük (« prang » aquatique) ប្រង់ទឹក	NOTE	ពេលមានពាក្យ (វល្លិ) (ស្មៅ) (ដើម) ក្នុងវង់ក្រចកខាងក្រោយនាម រុក្ខជាតិ ត្រូវអានពាក្យនោះខាងមុខនាមវិញ។</p-n></li></ul>
ប្រង់	@ប្រង់ព្រៃ 	CYCAS (Cycadaceae)	Cycas siamensis Miq.	<ul><li>Small tree, with tall trunk, reaching 1,50 m tall, cylindrical, of diameter 40-60 cms, met under clear forest, especially coastal regions, of Cambodia and Vietnam. The fruits, crushed, are used to kill fishes. The kernel of seeds, usually toxic, can become edible if soaked in running water for 3-4 days. Edible tubers after a very long cooking; they were a substitute to rice in some villages under the Khmer Rouge regime.	</li><li>ដើមប្រង់ព្រៃ រាងដូចដើមប្រង់សមុទ្រ តែខ្ពស់ជាងបន្តិច កំពស់ប្រហែល ១,៥០ម រាងបំពង់វជ្ឈមាត្រ ៤០-៦០ស.ម ដុះក្នុងព្រៃល្បោះ មិនឆ្ងាយពីសមុទ្រ ។ រុក្ខជាតិនេះមានក្នុងប្រទេសកម្ពុជា និងវៀតណាម ។ ផ្លែគេកិនឱ្យម៉ត់ សម្រាប់បំពុលត្រី អោយសន្លប់សិនមុននេសាទ ។ សាច់ក្នុងគ្រាប់មានជាតិពុល គេយកត្រាំទឹកស្ទឹង ប្រហែល ២-៣ថ្ងៃសិន មុននឹងស្ងោរបរិភោគបាន ។ មើមក៏អាចបរិភោគបានដែរ បើត្រាំទឹកហូរជាមុនសិន ដើម្បីកំចាត់ជាតិពុល ។ ក្នុងជំនាន់ខ្មែរក្រហម (១៩៧៥-១៩៧៩) មើមប្រង់ព្រៃ គេយកមកបរិភោគជំនួសបាយ នៅតំបន់ខ្លះៗ ។	</li><li><p-n>More Information	Syn. : Cycas inermis Lour.</p-n></li></ul>
ប្រង់	@ប្រង់សមុទ្រ	CYCAS (Cycadaceae)	Cycas rumphii Miq.	<ul><li>Small tree, with high trunk up to 1m, cylindrical, 40-50 cms in diameter, met only in the coastal undergrowth of Indochina. Tubers are edible after very much cooking. In traditional medicine, they are used as remedy against the ulcerous wounds, adenites and boils.	</li><li>ឈ្មោះដើមរុក្ខជាតិមួយប្រភេទ មានដើមរាងដូចដើមដូង កំពស់ប្រហែល១ម មានវិជ្ឈមាត្រ ៤០-៥០ស.ម ដុះនៅព្រៃគុម្ពោត ជិតមាត់សមុទ្រនៃប្រទេសឥណ្ឌូចិន ។ មើមមានជាតិម្សៅ (បិដ្ឋជាតិ) អាចស្ងោរយ៉ាងយូរ ទើបបរិភោគបាន ។ គ្រូបុរាណ ប្រើមើមធ្វើថ្នាំរម្ងាប់រោគផ្សេងៗ ដូចជាដំបៅរលួយ រោគកូនកណ្ដុរ បូសទ្រនិច ។	</li><li><p-n>More Information	NK : prâng’ (nom générique à tous les cycas), prâng’ sâmot’ (samot’ : mer) &nbsp;ប្រង់, ប្រង់សមុទ្រ	NOTE	ពេលមានពាក្យ (វល្លិ) (ស្មៅ) (ដើម) ក្នុងវង់ក្រចកខាងក្រោយនាម រុក្ខជាតិ ត្រូវអានពាក្យនោះខាងមុខនាមវិញ។</p-n></li></ul>
ប្រដាក់ 	MITREPHORA (Annonaceae) 	Mitrephora maingayi Hook. f. &amp; Thomson	<ul><li>Shrub, 6-7 m tall, of the dense forests of Cambodia, Laos, and Vietnam. Edible, rather popular fruits. Elastic wood, used especially to make the pendulum of the axes.	</li><li>ឈ្មោះចុល្លព្រឹក្សមួយប្រភេទ កំពស់៦-៧ម ដុះក្នុងព្រៃធំនៃប្រទេសកម្ពុជា លាវ និង វៀតណាម ។ ផ្លែបរិភោគបាន មានរសឆ្ងាញ់ ។ ឈើយឺតល្អ គេតែងប្រើធ្វើជាប៉ោលនៃដងពូថៅ ។	</li><li><p-n>More Information	NK &nbsp;: prâdak’ ប្រដាក់	NOTE	ពេលមានពាក្យ (វល្លិ) (ស្មៅ) (ដើម) ក្នុងវង់ក្រចកខាងក្រោយនាម រុក្ខជាតិ ត្រូវអានពាក្យនោះខាងមុខនាមវិញ។</p-n></li></ul>
	ឧទាហរណ៏៖&nbsp;		<ul><li>	</li><li>					</li></ul>
ប្រទាលជន្លាត់ដៃ 	EUPHORBIA (Euphorbiaceae)	Euphorbia antiquorum L.	<ul><li>Plant, of vague origin, with branched out stalks, thorny trigones, cultivated in the Indochinese Peninsula, in the Middle East and in Indonesia, as decorative. The toxic latex, is insecticidal. In association with other drugs it is however used to treat dental troubles. The heart of the plant dipped into water would give an antifeverish and anti-dysenteric drink.	</li><li>ប្រទាលនេះមានដើមកំណើតមិនប្រាកដ មែកបែកជាច្រើន មានបីជ្រុងមានបន្លា គេដាំជាលំអក្នុងឧបទ្វីបឥណ្ឌូចិន មជ្ឈិមបូព៌ាប្រទេស និងឥណ្ឌូនេស៊ី ។ ជ័រមាន ជាតិពុលសម្រាប់ធ្វើថ្នាំបំបាត់សត្វល្អិត លាយជាមួយថ្នាំដទៃ ជ័រនេះសំរាប់រម្ងាប់រោគ ឈឺធ្មេញនិងចុកពោះ ។ បណ្ដូលដើមត្រាំក្នុងទឹក សម្រាប់ផឹកព្យាបាលគ្រុន និង រាគមួល ។	</li><li><p-n>More Information	NK &nbsp;&nbsp;: &nbsp;prâtiël chunloët dai &nbsp;ប្រទាលជន្លាត់ដៃ	NOTE	ពេលមានពាក្យ (វល្លិ) (ស្មៅ) (ដើម) ក្នុងវង់ក្រចកខាងក្រោយនាម រុក្ខជាតិ ត្រូវអានពាក្យនោះខាងមុខនាមវិញ។</p-n></li></ul>
ប្រទាលបាយដំណើប	CYMBIDIUM (Orchidaceae)	Cymbidium aloifolium Sw.	<ul><li>Epiphyte or ground orchid of tropical Asia. In Cambodia, this species grows on the trunk of the sugar palm trees, in plains. Plant in demand for indoor cultivation, for the beauty of the flowers grouped in, very long clusters (1-2 m); flowers brown red with yellow edges and reddish lapel. In traditional medicine, the decoction of this orchid is used to wash the sick children.	</li><li>ឈោ្មះ បិនសិផា (Orchidée) មួយប្រភេទ ដុះលើដី ឬផ្ញើប្រាណនៃអាស៊ីក្តៅ ។ នៅប្រទេសខ្មែរ បិនសិផា នេះច្រើន ផ្ញើប្រាណលើគល់ត្នោត លើដីទំនាប ។ គេនិយមយកដើមនេះមកដាំក្នុងផ្ទះជាលំអ ដោយមានផ្កាជាចង្កោមវែងៗ ១-២ម ផ្កាពណ៌ក្រហមក្រមៅ មានគែមលឿង និងភាគបកចេញក្រៅ ក្រហមភាវ ។ គ្រូបុរាណយកទឹកស្ងោរបិនសិផានេះ ឱ្យក្មេងស្គមស្គាំងងូត អោយមានកម្លាំងឆាប់ធំធាត់ ។	</li><li><p-n>More Information	NK : &nbsp;prâtiël ba:y dâmnaëb &nbsp;ប្រ  ទាលបាយដំណើប	NOTE	ពេលមានពាក្យ (វល្លិ) (ស្មៅ) (ដើម) ក្នុងវង់ក្រចកខាងក្រោយនាម រុក្ខជាតិ ត្រូវអានពាក្យនោះខាងមុខនាមវិញ។</p-n></li></ul>
ប្រទាលបូស ថ្មរាប់	CAESALPINIA (Leguminosae-Caesalpinioideae) 	Caesalpinia godefroyana Kuntze	<ul><li>Little tree, 1 to 2 m tall, climbing, on arid lands or sandy soils of coasts or thorny thickets. A species of Southern Thailand, Cambodia and Southern Vietnam. Barks and roots are used as remedies against boils.	</li><li>គុម្ពព្រឹក្សកំពស់ ១ - ២ ម ស្ទើរវារដុះលើដីស្ងួត ឬនៅលើដីខ្សាច់មាត់សមុទ្រ ឬមួយក្នុងព្រៃគុម្ពោតបន្លា នៃប្រទេសថៃ ខាងត្បូង ខ្មែរ និងវៀតណាមខាងត្បូង ។ សំបក និងឬស សំរាប់ធ្វើថ្នាំបូស ។ 	</li><li><p-n>More Information	NK : prâtiël bôhs, thmâ: roa:b &nbsp;ប្រទាលបូស, ថ្មរាប់	NOTE	ពេលមានពាក្យ (វល្លិ) (ស្មៅ) (ដើម) ក្នុងវង់ក្រចកខាងក្រោយនាម រុក្ខជាតិ ត្រូវអានពាក្យនោះខាងមុខនាមវិញ។</p-n></li></ul>
ប្រទាលផ្លិត	@ប្រទាលពានជញ្ជាំង	BELAMCANDA (Iridaceae)	Belamcanda chinensis (L.) DC.	<ul><li>Herb, 0.50-1m tall native to China or Japan, introduced to South East Asia as decorative plant. In Cambodia, the root is used, in traditional medicine, as antidote and as a remedy against angina and fever.	</li><li>រុក្ខជាតិនេះជាស្មៅតូចមានកំពស់ ០.៥០-១ម ដើមកំណើតក្នុងប្រទេសចិន ឬជប៉ុន នាំយកមកដាំក្នុងអាស៊ីផ្នែក     អាគ្នេយ៍ សម្រាប់លំអសួន ។ នៅស្រុកខ្មែរ ឬសដើមនេះ គេយកធ្វើថ្នាំព្យាបាលរោគផ្សេងៗ ដូចជាបន្សាបពុលម្ហូបអាហាររម្ងាប់ជម្ងឺបំពង់ក តឹងទ្រូង ឬ គ្រុន ។	</li><li><p-n>More Information	NA : leopard lily</p-n></li></ul>
ប្រទាល់ពស់ថ្នាំ	OLEANDRA (Davalliaceae, Fougères)	Oleandra pistillaris (Sw.) C.Chr. 	<ul><li>Fern, 0.50-1.50 m tall, of the undergrowth of dense forests of Asia. Oceania and tropical Australia. The crushed rhizome is used in poultice on the bites of venomous animals, in particular snakes.	</li><li>ឈ្មោះ បណ្ណង្គជាតិម្យ៉ាង កំពស់ ០,៥០-១,៥០ម ដុះក្រោមឈើធំៗ ក្នុងព្រៃក្រាស់ នៃទ្វីបអាស៊ី និងអូស្ត្រាលីផ្នែកក្តៅ។ គេប្រើមើមកិនល្អិត ធ្វើថ្នាំបំពោកលើរបួស ដែលមានដោយសត្វមានពិសខាំ ជាពិសេសសត្វពស់ ។	</li><li><p-n>More Information	NK &nbsp;: prâtiël puëhs thnam’ (puëhs​: serpent, allusion à l’aspect de la tige et à l’usage du rhizome ; tham’ : médicinal) ​ ប្រទាលពស់ថ្នាំ	NOTE	ពេលមានពាក្យ (វល្លិ) (ស្មៅ) (ដើម) ក្នុងវង់ក្រចកខាងក្រោយនាម រុក្ខជាតិ ត្រូវអានពាក្យនោះខាងមុខនាមវិញ។</p-n></li></ul>
ប្រទាលពស់	@ផ្លែស្រកានាគ	HYLOCEREUS (Cactaceae)	Hylocereus undatus (Haw.) Britton &amp; Rose	<ul><li>Slightly climbing cactus with the triangular stalks, probably of American origin, cultivated as decorative in the Asian regions for the nice-smelling white flowers, opening at night, and its edible fruits often sold on markets.	</li><li>ដើមដំបងយក្សមួយប្រភេទ វារលើរបង ឬជញ្ជាំងមានមែករាងត្រីកោណ ដើមកំណើតពីប្រទេសអាមេរិក ដាំក្នុងទ្វីបអាស៊ីជាលំអ ។ ផ្កា ស ក្លិនក្រអូបរីកពេលយប់ ។ ផ្លែគេអាចបរិភោគបាន ពេលខ្លះផ្លែនេះមានលក់ក្នុងផ្សារ។	</li><li><p-n>More Information	NK &nbsp;&nbsp;: prâtiël puëhs (puëhs: serpent), phlaè srâka niëk (fruit dragon) &nbsp;ប្រទាល់ពស់, ផ្លែស្រកានាគ	NOTE	ពេលមានពាក្យ (វល្លិ) (ស្មៅ) (ដើម) ក្នុងវង់ក្រចកខាងក្រោយនាម រុក្ខជាតិ ត្រូវអានពាក្យនោះខាងមុខនាមវិញ។</p-n></li></ul>
ប្រទាលព្រះអង្កោល	CURCUMA (Zingiberaceae)	Curcuma zedoaria Roscoe	<ul><li>Herb, 1-2 m tall, with long steathing leaves at the bottom, 30-60 x 7-8 cms, red spotted along the median vein; red flowers generally appearing before the leaves. Originating from himalayan region, this plant is cultivated in Indochina as decorative. Rhizomes are condiments, little appreciated. In traditional medicine, they are used against stomach pains.	</li><li>ឈ្មោះប្រទាលម្យ៉ាង កំពស់ ១-២ម មានស្លឹកស្រោបលើដើមខាងក្រោម ស្លឹកប្រវែង ៣០-៦០ស.ម ទទឹង ៧-៨ស.ម មានពណ៌ក្រហមលើទ្រនុងកណ្តាល ផ្កាពណ៌ក្រហមដែរ ហើយដុះចេញមុនស្លឹកតាមធម្មតា ។ ដើមកំណើតប្រទាលនេះ មានក្នុងប្រទេសជុំវិញភ្នំហិមពាន្ត (Himalaya) គេដាំជាលំអនៅឥណ្ឌូចិន ។ មើមអាចប្រើជាគ្រឿងទេសបាន ។ គ្រូថ្នាំបុរាណប្រើមើម សម្រាប់ព្យាបាលជម្ងឺចុកពោះ ។	</li><li><p-n>More Information	Syn. : C. zerumbet Roxb.</p-n></li></ul>
ប្រទាលមហាជម្ពូ	@ប្រទាលក្រុងឆេះ	ELEUTHERINE (Iridaceae) 	Eleutherine bulbosus (Mill.) Urb.	<ul><li>30-60 cm tall decorative herb, introduced from tropical America. The tubers would contain an antibiotic effective against furunculosis and pharyngitises. Cut, dried and macerated in rice alcohol, they give a drink which would prevent the hair loss.	</li><li>ឈ្មោះស្មៅម្យ៉ាងគេដាំជាលំអ មានកំពស់៣០-៦០ស.ម មានកំណើតនៅអាមេរិចក្ដៅ ។ មើមប្រទាលនេះមានបដិបក្ខប្រាណ មួយមុខអាចព្យាបាល ជម្ងឺបួសរយ និងបំពង់ក ។ ឬសកាត់តូចៗ ត្រាំស្រាសផឹក អាចធ្វើឱ្យសក់ដែលជ្រុះ ដុះឡើងវិញយ៉ាងឆាប់រហ័ស ។	</li><li><p-n>More Information	Syn. &nbsp;: E. subaphylla Gagnep. E. longifolia Gagnep.</p-n></li></ul>
ប្រទាលរឡេះជើងក្តាម	EUPHORBIA (Euphorbiaceae)	Euphorbia tirucalli L.	<ul><li>Shrub, 2-7 m tall, of African origin, introduced as decorative in Southeast Asia. The toxic latex may provoque blindness. It is used to fight rats and crabs in the paddy fields. In Indonesia, it is used to make gutta- percha (to make raincoats). In traditional medicine, the latex mixed with other drugs would be effective against numerous diseases, in particular dental troubles and syphilis.	</li><li>ឈ្មោះចុល្លព្រឹក្សម្យ៉ាង កំពស់ ២-៧ម ដុះក្នុងប្រទេសអាហ្វ្រិក នាំមកដាំជាលំអក្នុងអាស៊ីផ្នែកអាគ្នេយ៍ ។ ជ័រមានជាតិពុលខ្លាំង អាចធ្វើឱ្យខ្វាក់ភ្នែក ។ គេប្រើជ័រសំរាប់សំលាប់កណ្តុរ ឬក្តាមក្នុងស្រែ ។ នៅស្រុកឥណ្ឌូណេស៊ី ជ័រសម្រាប់ធ្វើអាវភ្លៀង ។ គ្រូខ្មែរខ្លះ យកជ័រលាយជាមួយថ្នាំដទៃទៀត សម្រាប់រម្ងាប់រោគជាច្រើន ជាពិសេសរោគស្វាយ និងជម្ងឺឈឺធ្មេញ ។	</li><li><p-n>More Information	NK : prâtiël rolehs chë:ng kda:m (pattes de crabes désarticulées, allusion à la forme des ramifications et aussi à l’usage) &nbsp;ប្រទាលរឡេះជើងក្ដាម	NOTE	ពេលមានពាក្យ (វល្លិ) (ស្មៅ) (ដើម) ក្នុងវង់ក្រចកខាងក្រោយនាម រុក្ខជាតិ ត្រូវអានពាក្យនោះខាងមុខនាមវិញ។</p-n></li></ul>
ប្រទាលសេដ្ឋី	KALANCHOE (Crassulaceae)	Kalanchoe tubiflora (Harv.) Raym.-Hamet	<ul><li>Herb, 0.40-1.50 m tall, originating from Madagascar, imported by sailors all over the world, up to Europe and America. When the plant blooms, it is the sign of wealth and prosperity for the whole house.	</li><li>ប្រទាលសេដ្ឋី ជាតិណជាតិកំពស់ ០.៤០-១.៥០ម ដុះក្នុងប្រទេស Madagascar គេនាំមកដាំគ្រប់ស្រុកក្នុងសកលលោក ជារុក្ខជាតិលំអ ។ ពេលដើមនេះផ្កា គេជឿថា ម្ចាស់វាច្បាស់ជានឹងកើនទ្រព្យសម្បត្តិទៅជាសេដ្ឋីពុំខាន ។ 	</li><li><p-n>More Information	Syn. &nbsp;: Bryophyllum tubiflorum Harv.</p-n></li></ul>
ប្របួយ	CROTON (Euphorbiaceae) 	Croton caudatus Griseb.	<ul><li>Shrub. 3-4 m tall, sometimes climbing, of flooded forests of Cambodia. Species of Southeast Asia. Stalks used as supports for bean plants. The decoction of the roots would be laxative.	</li><li>ឈ្មោះចុល្លព្រឹកមួយប្រភេទកំពស់ ៣-៤ម ស្ទើរវារ ឬវារឡើងលើដើមឈើ ដុះក្នុងព្រៃរនាម ជុំវិញទន្លេសាប ។ នៅប្រទេសដទៃក្នុងអាស៊ីផ្នែកអាគ្នេយ៍ ដើមនេះច្រើនដុះក្នុងព្រៃស្រោង ។ ដើមគេសម្រាប់ធ្វើជន្លង់សណ្ដែកបណ្ដុះ ។ គេស្ងោរ           ឬសផឹកដើម្បីឱ្យលាមកទន់ ។	</li><li><p-n>More Information	NK : prâbuëy &nbsp;ប្របួយ	NOTE	ពេលមានពាក្យ (វល្លិ) (ស្មៅ) (ដើម) ក្នុងវង់ក្រចកខាងក្រោយនាម រុក្ខជាតិ ត្រូវអានពាក្យនោះខាងមុខនាមវិញ។</p-n></li></ul>
ប្រផុក	@ប្រផោក	BOMBAX (Bombacaceae)	Bombax thorelii Gagnep.	<ul><li>A 8 to 10 m tall tree of sunny formations along the Mekong river in Cambodia and Laos. Leafless but covered by flowers in Jan-Feb. Old trunks may be used by children as little boats.	</li><li>ឈ្មោះព្រឹក្សមួយប្រភេទ កំពស់៨ទៅ១០ម ជ្រុះស្លឹកអស់ខែមករា ទៅមេសា តែមានផ្កា ឬផ្លែពេញដើម ។ ព្រឹក្សនេះ ដុះក្នុងកន្លែងណាដែលមានថ្ងៃ ក្នុងប្រទេសខ្មែរ និងលាវ ។ ដើមទាំងមូល គេនិយមទុកធ្វើទូកអោយក្មេងៗជិះលេង ។ 	</li><li><p-n>More Information	NK : prâphô’k, prâphaôk ប្រផុក, ប្រផោក	NOTE	ពេលមានពាក្យ (វល្លិ) (ស្មៅ) (ដើម) ក្នុងវង់ក្រចកខាងក្រោយនាម រុក្ខជាតិ ត្រូវអានពាក្យនោះខាងមុខនាមវិញ។</p-n></li></ul>
ប្រពាយជ្រុង	PSOPHOCARPUS (Leguminosae-Papilionoideae)	Psophocarpus tetragonolobus (L.) DC.	<ul><li>Annual, climbing herb, known only in the cultivated state in the whole Southeast Asia. The young fruits with their seeds are much valued as vegetables, eaten raw or cooked in various dishes.	</li><li>ឈ្មោះវល្លិឡើងទ្រើងប្រចាំឆ្នាំ គេដាំជាដំណាំនៅអាស៊ីផ្នែកអាគ្នេយ៍ ។ ផ្លែខ្ចីៗប្រើជា អន្លក់ទឹកគ្រឿង ឬជាបន្លែសំរាប់ឆា និង ស្ល ។	</li><li><p-n>More Information	NA &nbsp;: winged bean</p-n></li></ul>
ប្រពាយស្បែក	CANAVALIA (Leguminosae-Papilionoideae)	Canavalia ensiformis (L.) DC.	<ul><li>Biennial climbing herb, originating from tropical America, cultivated for its young fruits and seeds eaten as beans.	</li><li>ប្រពាយស្បែកជាវល្លិ ប្រចាំពីរឆ្នាំ ដើមកំណើតនៅស្រុកអាមេរិកក្ដៅ គេដាំសម្រាប់យកផ្លែខ្ចី និងស្រស់បរិភោគ ដូចសណ្ដែកបាយដែរ ។	</li><li><p-n>More Information	Syn. : Dolichos ensiformis L.</p-n></li></ul>
ប្រពេញឈ្មោល	PHYLLANTHUS (Euphorbiaceae)	Phyllanthus reticulatus Poir.	<ul><li>Shrub, 1-3 m tall, of the secondary formations and flooded forests of tropical Asia, spread in Cambodia around the Tonle Sap. It has an unpleasant smell. The barks are used in traditional medicine against the smallpox and the syphilis.	</li><li>ឈ្មោះគុម្ពព្រឹក្សមួយប្រភេទ កំពស់ ១-៣ម ដុះក្នុងព្រៃល្បោះ និងព្រៃលិចទឹក នៃអាស៊ីផ្នែកក្ដៅ ។ នៅប្រទេសខ្មែរ ដើមនេះសម្បូណ៍ក្នុងព្រៃរនាមជុំវិញទន្លេសាប ជារុក្ខជាតិមានក្លិនអាក្រក់ ។ គេប្រើសំបកសំរាប់ធ្វើថ្នាំរម្ងាប់រោគ អុតធំ និងស្វាយ ។	</li><li><p-n>More Information	NK &nbsp;: prâpé:nh chmôôl ou prâphé:nh chhmôôl &nbsp;ប្រពេញឈ្មោល, ប្រភេញឈ្មោល	NOTE	ពេលមានពាក្យ (វល្លិ) (ស្មៅ) (ដើម) ក្នុងវង់ក្រចកខាងក្រោយនាម រុក្ខជាតិ ត្រូវអានពាក្យនោះខាងមុខនាមវិញ។</p-n></li></ul>
ប្រមាត់ដី	MAZUS (Scrophulariaceae) 	Mazus japonicus (Thunb.) Kuntze	<ul><li> Annual herb, 10-20 cm tall, more or less branching, met in the meadows and the sandy places of tropical Asia. In Cambodia, the infusion of the stalk with leaves is considered as tonic, stimulating appetite, febrifuge and treating the snake bites.	</li><li>ឈ្មោះស្មៅប្រចាំឆ្នាំមួយប្រភេទកំពស់ ១០-២០ស.ម ស្ទើវារ ដុះក្នុងវាលស្មៅ លើដីខ្សាច់នៅអាស៊ីក្តៅ ។ គេឆុងដើម និងស្លឹកផឹក ជាថ្នាំកំលាំង ធ្វើអោយបរិភោគបាយបាន ឬជាថ្នាំគ្រុន និងសំរាប់ព្យាបាលរបួសដែលកើតឡើងដោយពស់ទឹក។	</li><li><p-n>More Information	NK &nbsp;&nbsp;: prâmat dèi (vésicule biliaire de la terre, allusion au goût amer des feuilles et tiges) ប្រម៉ាត់ដី	NOTE	ពេលមានពាក្យ (វល្លិ) (ស្មៅ) (ដើម) ក្នុងវង់ក្រចកខាងក្រោយនាម រុក្ខជាតិ ត្រូវអានពាក្យនោះខាងមុខនាមវិញ។</p-n></li></ul>
ប្រមាត់ដីចិន	OLDENLANDIA (Rubiaceae)	Oldenlandia praecox Pierre ex Pit.	<ul><li>Annual herb, 25-40 cm tall, of the wet places along rivers lakes, in Cambodia and Southern Vietnam. The bitter leaves are often sold on markets. They are eaten in particular in a special dish, &quot;sâmlâ kâkô&quot;. The Chinese of Cambodia use the plant against the diseases of the digestive system.	</li><li>ឈ្មោះ តិណជាតិមួយប្រភេទកំពស់ ២៥-៤០ស.ម គល់រឹង ប្រចាំឆ្នាំ ដុះលើដីសើមៗតាមមាត់ទឹក នៃប្រទេសកម្ពុជា និង វៀតណាមខាងត្បូង ។ ស្លឹកមានរសល្វីងចត់ គេអាចឃើញមានលក់ក្នុងផ្សារ ។ ស្លឹកនេះខ្មែរយើងប្រើសម្រាប់បង់សម្ល កកូរ ។ ចិននៅប្រទេសខ្មែរ ប្រើដើមនេះ ធ្វើថ្នាំព្យាបាលជម្ងឺគ្រឿងរំលាយអាហារ ។	</li><li><p-n>More Information	NK &nbsp;: prâmat’ déi chën (vésicule biliaire chinois) ​ ប្រមាត់ដីចិន	NOTE	ពេលមានពាក្យ (វល្លិ) (ស្មៅ) (ដើម) ក្នុងវង់ក្រចកខាងក្រោយនាម រុក្ខជាតិ ត្រូវអានពាក្យនោះខាងមុខនាមវិញ។</p-n></li></ul>
ប្រមាត់ថ្ម 	DRYMARIA (Caryophyllaceae)	Drymaria diandra Blume	<ul><li>Slender herb, radicant, branching, 10-30 cm tall, of the sunny places of tropical Asia. Plant used in traditional medicine : the complete plant crushed in a bit of cold water is taken against liver diseases.	</li><li>ស្មៅឆ្មារមួយប្រភេទ ស្ទើរវារលើដី ដុះឬសតាមថ្នាំងដើម កំពស់ ១០-៣០ ស.ម ដុះលើទីវាលត្រូវថ្ងៃ នៃទ្វីបអាស៊ីផ្នែកក្តៅ ។ គ្រូខ្មែរប្រើដើមនេះធ្វើថ្នាំ គេកិនស្មៅនេះឱ្យម៉ត់ជាមួយទឹក ហើយឱ្យអ្នកកើតរោគថ្លើមផឹក ។ 	</li><li><p-n>More Information	NK &nbsp;: pramat’ thmâ: (fiel de roc) &nbsp;ប្រម៉ាត់ថ្ម	NOTE	ពេលមានពាក្យ (វល្លិ) (ស្មៅ) (ដើម) ក្នុងវង់ក្រចកខាងក្រោយនាម រុក្ខជាតិ ត្រូវអានពាក្យនោះខាងមុខនាមវិញ។</p-n></li></ul>
ប្រមោញស្វា	CIBOTIUM (Thyrsopteridaceae, Fougères)	Cibotium barometz (L.) J. Sm. 	<ul><li>Small tree fern, 1-3 m tall, of the dense altitude forests, met in Cambodia, between 600 and 800m, on the ascent towards the Bokor mountain; species also met in China and in the Malayan Peninsula, where it is often cultivated in the gardens. Trunk very appreciated by Cambodians to prepare a compost for the cultivation of the orchids.	</li><li>ឈោ្មះបណ្ណង្គជាតិមួយប្រភេទ ស្ទើដើមឈើ បែកមែកសាខា កំពស់ ១-៣ម ដុះក្នុងព្រៃភ្នំបូកគោ មានឧព្វេធពី ៦០០-៨០០ម ។ ដើមក៏មាន ដុះក្នុងប្រទេសចិន និងឧបទ្វីបជ្វាដែរ ពេលខ្លះគេដាំប្រមោញស្វាជាដើមលំអសួន ។ គល់ប្រមោញស្វា ខ្មែរៗនិយមយកមកកាត់តូចៗលាយសម្រាប់ធ្វើអំពកដាំដើម Orchidées (មុនឆ្នាំ ១៩៧៥) ។	</li><li><p-n>More Information	NK : prâmaö:nh sva: &nbsp;ប្រមោញស្វា	NOTE	ពេលមានពាក្យ (វល្លិ) (ស្មៅ) (ដើម) ក្នុងវង់ក្រចកខាងក្រោយនាម រុក្ខជាតិ ត្រូវអានពាក្យនោះខាងមុខនាមវិញ។</p-n></li></ul>
ប្រមោយដំរី	HELIOTROPIUM (Boraginaceae)	Heliotropium indicum L.	<ul><li>Ruderal pantropical herb, the inflorescence of which in “ scorpioide ” cyme evokes the form of the  elephant trunk. Medicinal plant : in infusion, the leaves and the young shoots are absorbed to treat nettle rash. The infusions of flowers absorbed in small dose regulate menstruation; in large dose they would be abortive. The decoction of leaves alone would be vermifuge.	</li><li>ឈោ្មះស្មៅម្យ៉ាង ដុះតាមមាត់ផ្លូវដើរ នៅគ្រប់ស្រុកក្តៅសកលលោក បែបភាពចេញផ្កាមានរាងដូចប្រមោយដំរី ។ ជារុក្ខជាតិសម្រាប់ធ្វើឱសថ គេឆុងស្លឹក និងមែកខ្ចីៗ ផឹកដើម្បីរម្ងាប់ប្រទាលត្រអាក ។ ផ្កាអាចឆុងផឹកបន្តិចៗ សម្រាប់ឱ្យរដូវស្រី្តដើរស្រួល បើផឹកច្រើនអាចធ្វើឱ្យរលូតកូន ។ គេស្ងោរស្លឹក និងមែក ឬធាង ជាថ្នាំសម្លាប់ព្រូន ។	</li><li><p-n>More Information</p-n></li></ul>
ប្រសាក់ញី	@ប្រសាក់តូច, @ប្រសាក់ទឹក	BRUGUIERA (Rhizophoraceae)	Bruguiera gymnorhiza (L.) Savigny	<ul><li>A 10 to 25 m tall tree, of mangroves and salt water river banks on alluvial sol, on which the tree can produce its adventitious roots. A species of tropical coasts of the world. The wood, reddish with a fine texture, is used for local building: huts, wharfs, fences, fisheries structures. Charcoal is excellent. Barks are used to dye fishing nets and tan skins. Bark decoction is taken against diarrhea.	</li><li>ដើមនេះជាព្រឹក្សមានកំពស់ ១០ - ២៥ម ដុះក្នុងព្រៃកោងកាង ឬព្រៃមាត់ព្រែកមានទឹកប្រៃ លើដីល្បាប់ សម្រាប់ឱ្យឬសចេញពីមែក (ទៅក្រៅដី) អាចដុះបាន ។ ប្រសាក់ញីដុះមាត់សមុទ្រគ្រប់ប្រទេសក្នុងសកលលោក ។ ឈើសាច់ម៉ត់ពណ៌ក្រហម គេនិយមប្រើធ្វើផ្ទះមាត់សមុទ្រ ឬធ្វើស្ពាន របង រោងនេសាទ ។ល។ ពេលគេដុតដើមនេះអាចទៅជាធ្យូងល្អណាស់ ។ សំបកសម្រាប់ជ្រលក់សំណាញ់នេសាទ ឬសម្លាប់ស្បែក ។ គេស្ងោរសំបកផឹកឲ្យបាត់រាគ ។	</li><li><p-n>More Information	Syn. : Bruguiera conjugata Merr.</p-n></li></ul>
ប្រេងខ្យល់ស្លឹកតូច	ERYTHROXYLUM (Erythroxylaceae)	Eucalyptus tereticornis Smith	<ul><li>Tree that may reach 30-35 m tall after 10 years. It is native either of Australia or New Guinea. It can grow up to 1800 m. It is the introduced species most usually met along the avenues and especially along the Phnom Penh-Kompong Speu road. The wood may be used in construction.	</li><li> ឈ្មោះព្រឹក្សមួយប្រភេទស្លឹកល្អិតពេលដើមចាស់ ដុះរហ័សដល់កំពស់ ៣០-៣៥ម ក្នុង១០ឆ្នាំ មានដើមកំណើតមិនប្រាកដ ឬក្នុងប្រទេសអូស្ត្រាលី ឬប្រទេស Nouvelle Guinée ។ ដើមនេះអាចមានដុះលើភ្នំកំពស់ដល់១៨០០ម ។ ជាប្រភេទមួយ សម្បូរជាងគេដាំនៅប្រទេសខ្មែរក្នុងរមណីយដ្ឋាន និង តាមវិធីនានា ដូចតាមវិថី Phnom Penh - Kompong Speu ជាដើម ។ ដើមសម្រាប់សង់ផ្ទះ ។ 	</li><li><p-n>More Information	NK &nbsp;: &nbsp;pré:ng khchâl slëk tôch (eucalyptus à petites feuilles)​ &nbsp;ប្រេងខ្យល់ស្លឹកតូច	NOTE	ពេលមានពាក្យ (វល្លិ) (ស្មៅ) (ដើម) ក្នុងវង់ក្រចកខាងក្រោយនាម រុក្ខជាតិ ត្រូវអានពាក្យនោះខាងមុខនាមវិញ។</p-n></li></ul>
ប្រេងខ្យល់ស្លឹក-ស	ERYTHROXYLUM (Erythroxylaceae)	Eucalyptus camaldulensis Dehnh.	<ul><li>Tree, originating from Australia where it constitutes pures forests, flooded one to several times a year. It is the species of plain that does not go beyond 600 m. In Cambodia, it is cultivated in the plantations and as an ornemental tree along the avenues. The wood burns without leaving ashes. It can give an excellent lumber.	</li><li>ជាព្រឹក្សដើមកំណើតក្នុងប្រទេសអូស្ត្រាលី ក្នុងប្រទេសនេះប្រងខ្យល់ស្លឹក-ស ដុះជាព្រៃធំលិចទឹកមួយដង ឬច្រើនដងក្នុងមួយឆ្នាំ ។ ព្រៃប្រេងខ្យល់ ប្រភេទនេះដុះលើដីទំនាប ពុំអាចឡើងលើភ្នំខ្ពស់លើស៦០០មឡើយ ។ នៅប្រទេសខ្មែរ គេអាចឃើញប្រេងខ្យល់ស្លឹក-សមិនត្រឹមតែរមណីយដ្ឋានទេ តែមានដាំជាលំអតាមវិថីនានា ជាពិសេសតាមផ្លូវភ្នំពេញ-ពោធិចិនតុង ។ ដើមនេះដុតឆេះ ឥតឬស្ទើគ្មានសស់ផេះឡើយ ។ ឈើគេអាចប្រើសង់ផ្ទះ ។	</li><li><p-n>More Information	NK &nbsp;: &nbsp;pré:ng khchâl slëk sâ: (eucalyptus à feuilles blanchâtres) &nbsp;ប្រេងខ្យល់ស្លឹក-ស	NOTE	ពេលមានពាក្យ (វល្លិ) (ស្មៅ) (ដើម) ក្នុងវង់ក្រចកខាងក្រោយនាម រុក្ខជាតិ ត្រូវអានពាក្យនោះខាងមុខនាមវិញ។</p-n></li></ul>
ប្រោះ	KAEMPFERIA (Zingiberaceae) 	Kaempferia galanga L.	<ul><li>Herbaceous plant with circular leaves spread on the sandy soil of the clear forests of Cambodia, Laos and Vietnam. The leaves, chopped into strips, are very appreciated as vegetables, eaten raw, particularly with meat. 	</li><li>ប្រោះ ជាប្រទាលគ្មានដើម មានស្លឹក ២-៣ គ្របលើដី គេដាំយកមើមប្រើជាថ្នាំនៅក្នុងសួនគ្រប់ប្រទេសក្ដៅនៃអាស៊ី។ មើមមានកិនក្រអូប ចាស់ៗតែងបរិភោគជាមួយម្លូសា្ល ។ គេប្រើមើមធ្វើថ្នាំក្អក និងសំរាប់បិទបង្ហើយទារក ។ ផ្កាពណ៌ ស ក្លិនក្រអូបអាចហាលស្ងួត ហើយអប់ខោ អាវ ។	</li><li><p-n>More Information	NK &nbsp;: prâhs ប្រោះ	NOTE	ពេលមានពាក្យ (វល្លិ) (ស្មៅ) (ដើម) ក្នុងវង់ក្រចកខាងក្រោយនាម រុក្ខជាតិ ត្រូវអានពាក្យនោះខាងមុខនាមវិញ។</p-n></li></ul>
ប្រោះស្វា	KAEMPFERIA (Zingiberaceae) 	Kaempferia harmandiana Gagnep.	<ul><li>Herbaceous plant with circular leaves spread on the sandy soil of the clear forests of Cambodia, Laos and Vietnam. The leaves, chopped into strips, are very appreciated as vegetables, eaten raw, particularly with meat. 	</li><li>ប្រោះស្វា ជាប្រោះដុះក្នុងព្រៃស្រោង លើដីខ្សាច់នៃប្រទេសខ្មែរ លាវ និងវៀតណាម ។ មើម មានក្លិនហាងឆួល ស្លឹកខ្ចីប្រើការហាន់ ញាំ ឬប្រើជាអន្លក់ ឬបន្លែ ។	</li><li><p-n>More Information	NK &nbsp;: prâhs sva: &nbsp;ប្រោះស្វា	NOTE	ពេលមានពាក្យ (វល្លិ) (ស្មៅ) (ដើម) ក្នុងវង់ក្រចកខាងក្រោយនាម រុក្ខជាតិ ត្រូវអានពាក្យនោះខាងមុខនាមវិញ។</p-n></li></ul>
ផ្កាក្រដាសពូជកាត់	BOUGAINVILLEA (Nyctaginaceae)	Bougainvillea (hybride).	<ul><li>Hybrid species probably issued from the crossing of B. buttiana with peruviana. Creeping ligneous liana, from Peru or Columbia, imported in all warm and temperate countries for its red, rose or white floral bracts.	</li><li>ផ្កាក្រដាសនេះ ជាពូជកាត់ជាមួយពូជជាច្រើន គេដាំជាលំអ ដោយផ្កាមានពណ៌ច្រើន ពេលខ្លះស ក្រហម ឬផ្កាឈូក ។ ពូជដំបូង គេនាំមកពីប្រទេសអាមេរិកក្តៅ (Pérou និង Colombie)។ ពូជកាត់នេះ គេនិយមដាំគ្រប់ប្រទេសក្ដៅ និងប្រទេសរងារមធ្យម ក្នុងសកលលោក ។	</li><li><p-n>More Information	Syn. : Bougainvillea glabra Choisy</p-n></li></ul>
ផ្កាក្រដាសស្វាយ	BOUGAINVILLEA (Nyctaginaceae)	Bougainvillea brasiliensis Rausch	<ul><li>A great ligneous creeping liana, originiating from Brasil, grown in all countries for its persistent purple floral bracts. Flowers are slightly the same colour, but fairly smaller.	</li><li>ឈ្មោះវល្លិធំវារឡើងទ្រើង នាំពីស្រុក ប្រេស៊ីល Brazil ឬ (Brézil) មកដាំជាលំអនៅគ្រប់ប្រទេសក្ដៅ និងត្រជាក់ មធ្យម ។ ផ្កា (តាមពិតគឺស្រទាប់ផ្កា) មានពណ៌ស្វាយជាប់យូរណាស់ មិនងាយជ្រុះងាយៗឡើយ ។	</li><li><p-n>More Information	Syn. : Bougainvillea spectabilis Willd.</p-n></li></ul>
ផ្កាក្រពេន	LAWSONIA (Lythraceae)	Lawsonia inermis L.	<ul><li>Shrub. 2-3 m tall, originating from Arabia, cultivated as decorative in Cambodian pagodas. The henna powder, greenish brown, from the dried out leaves, forms the base, in Europe, of numerous cosmetic and dyes for hairs. In traditional Khmer medicine, the roots are used, under the form of infusions, against gonorrhea and bronchities. 	</li><li>ឈ្មោះចុល្លព្រឹក្សមួយប្រភេទកំពស់ ២-៣ម ក្នុងប្រទេស Arabie នាំចូលសំរាប់ដាំជាលំអ ជាពិសេសក្នុងវត្តអារាមនានា ។ នៅទ្វីបអឺរ៉ុប ស្លឹកក្រពេន គេប្រើសំរាប់ធ្វើថ្នាំថែមុខ ខ្លួន និងជាថ្នាំលាបសក់អោយខ្មៅ ។ ក្នុងក្បួនឱសថបុរាណ អាស៊ី ឬសក្រពេនសំរាប់ស្ងោរផឹក ដើម្បីរំងាប់រោគប្រមេះ និង ថ្នាំព្យាបាលជំងឺទ្រូង និង ទងសួត ។	</li><li><p-n>More Information	NA &nbsp;&nbsp;: &nbsp;henna</p-n></li></ul>
ផ្កាក្រពេន	@ផ្កាពងត្រី	TRISTELLATEIA (Malpighiaceae)	Tristellateia australasica Richter	<ul><li>Climbing shrub in large 3 cms in diameter yellow flowers, introduced of tropical Australia and cultivated in Cambodia and in the tropical countries as decorative plant, in particular for fences.	</li><li>ឈ្មោះវល្លិធំមួយប្រភេទ មានផ្កាពណ៌លឿងធំៗ វិជ្ឈមាត្ររហូតដល់៣ស.ម. គេនាំពីប្រទេសអូស្ត្រាលីក្តៅ មកដាំប្រទេសកម្ពុជា និងប្រទេសក្តៅឯទៀតៗ ជារុក្ខជាតិលំអ ជាពិសេសដាំលើរបងផ្ទះ ។	</li><li><p-n>More Information	NK &nbsp;: phka pô:ng tréi (fleur œuf de poisson) &nbsp;ផ្កាពងត្រី	NOTE	ពេលមានពាក្យ (វល្លិ) (ស្មៅ) (ដើម) ក្នុងវង់ក្រចកខាងក្រោយនាម រុក្ខជាតិ ត្រូវអានពាក្យនោះខាងមុខនាមវិញ។</p-n></li></ul>
ផ្កាក្រមួន	@យីតថោបារាំង 	THEVETIA (Apocynaceae)	Thevetia peruviana (Pers.) Schum. 	<ul><li>Shrub, 1-3 m tall, of American origin, cultivated as decorative in the warm and temperate regions. The latex and the seeds are toxic. The bark and the wood are used, in Malaysia, to stun fishes.	</li><li>ចុល្លព្រឹក្សម្យ៉ាង កំពស់ ១-៣ម ដើមកំណើតក្នុងទ្វីបអាមេរិក គេដាំនៅប្រទេសក្ដៅ និងត្រជាក់មធ្យមសកលលោក ជារុក្ខជាតិលំអ ។ ជ័រ និងគ្រាប់មានធាតុពុល ។ នៅប្រទេសជ្វា ប្រើសំបក និងឈើសម្រាប់ធ្វើអោយត្រីស្រវឹងមុននេសាទ ។	</li><li><p-n>More Information	Syn. &nbsp;: Thevetia neriifolia Juss. ex A. DC.</p-n></li></ul>
ផ្កាចាន់	@ប៉ូចកាក់ឡាវហាវ	ILLICIUM (Magnoliaceae) 	Illicium verum Hook. f.	<ul><li>Shrub, 2-6 m tall, of the dense forests of Southern China and Northern Vietnam, cultivated in Central Vietnam. Only the fruits are known and used as condiments in Cambodia. In traditional medicine, badiane is a component of a remedy named &quot;tep nimit&quot; used against diarrhoea, anguish, excitements and sleeplessness. 	</li><li>ចុល្លព្រឹក្ស កំពស់ ២-៦ម ដុះក្នុងព្រៃក្រាស់នៅប្រទេសចិន និងវៀតណាមខាងជើង គ្មាននៅប្រទេសខ្មែរទេ យើងស្គាល់តែផ្លែក្រៀម លក់ក្នុងផ្សារ ប្រើសម្រាប់ធ្វើម្ហូប ជាគ្រឿងទេស ។ ថ្នាំបុរាណប្រើផ្លែផ្កាចន្ទ័នធ្វើថ្នាំម្យ៉ាង ឈ្មោះថ្នាំ ទេពនិម្មិត សម្រាប់ព្យាបាលរោគរាគ ការថប់បារម្ភក្នុងចិត្ត ការកោណហល និងដំណើរដេកពុំលក់ ។	</li><li><p-n>More Information	NA &nbsp;: star anise, chinese anise</p-n></li></ul>
ផ្កាចាន់ព្រៃ	ILLICIUM (Magnoliaceae) 	Illicium griffithii Hook. f. &amp; Thomson, var. cambodianum Finet &amp; Gagnep.	<ul><li>Shrub or small tree, 4-15 m tall, of the dense forests, mostly in low and moderate altitudes in Cambodia and Southern Vietnam. It is plentiful in the stunted formations of Popokvil towards 900 m. The young leaves and barks are aromatic, used sometimes in traditional medicine. The fruits would be toxic.	</li><li> ផ្កាចាន់ព្រៃ កំពស់ ៤-១៥ម ដុះក្នុងព្រៃទួល ឬព្រៃភ្នំក្នុងប្រទេសខ្មែរ និង វៀតណាមខាងត្បូង ។ នៅស្រុកយើងផ្កាចាន់ព្រៃច្រើនដុះលើភ្នំពពកវិល ដែលកំពស់ប្រហែល៩០០ម ពីមាត់សមុទ្រ ។ ផ្លែបរិភោគមិនបានទេ ដោយមានជាតិពុល ។ ស្លឹកខ្ចីៗ និងសំបក អ្នកស្រុកនៅជើងភ្នំបូកគោពីដើម (មុនឆ្នាំ ១៩៧០) គេប្រើធ្វើថ្នាំព្យាបាលរោគដំបៅ ។ 	</li><li><p-n>More Information	NK &nbsp;: &nbsp;phka chan’ préi (anis étoilé sauvage) &nbsp;ផ្កាចាន់ព្រៃ	NOTE	ពេលមានពាក្យ (វល្លិ) (ស្មៅ) (ដើម) ក្នុងវង់ក្រចកខាងក្រោយនាម រុក្ខជាតិ ត្រូវអានពាក្យនោះខាងមុខនាមវិញ។</p-n></li></ul>
ផ្កាចាន់ភ្នំ	ILLICIUM (Magnoliaceae) 	Illicium griffithii Hook. f. &amp; Thomson, var. griffithii	<ul><li>Shrub or tree, 4-15 m tall, of the dense forests of Indochina, China and Malaysia. Abounding in Cambodia in the stunted forests of the mountain Bokor, by 1000 m. The flowers, colour of wine, the smell of aniseed, are often picked to make bundles. The fruits are toxic and cases of poisonings have been reported.	</li><li>ចុល្លព្រឹក្ស ឬព្រឹក្សតូច កំពស់ ៤-១៥ម ដុះក្នុងព្រៃធំ នៃឥណ្ឌូចិន ប្រទេសចិន និងជ្វា ។ ច្រើនដុះលើភ្នំបូគោ ក្នុងព្រៃតឿ ប្រហែល១០០០ម ឧព្វេធ (altitude) ។ ផ្កាពណ៌ក្រហមក្រមៅ ក្លិនដូចផ្កាចន្ទ័ន គេនិយមបេះដាក់ថូផ្កាជាលំអផ្ទះ ។ ផ្លែមានជាតិពុល ធ្វើឱ្យមនុស្សពុលក្អួត ពេលបរិភោគផ្លែនេះ ។  	</li><li><p-n>More Information	NF &nbsp;: faux badamier</p-n></li></ul>
ផ្កាចិញ្ចៀន	LANTANA (Verbenaceae)	Lantana camara L.	<ul><li>Sub-shrub, raised or climbing, originating from tropical America. introduced into all the warm and temperate regions of the world. In some places, the invasive plant is considered harmful. In Cambodia, and in Southeast Asia, the species never proliferates. It is cultivated often as decorative, in the gardens. In the wild state. it is found in altitude, in Bokor for example.	</li><li>ឈ្មោះគុម្ពព្រឹក្សមួយប្រភេទស្ទើវារ ដុះក្នុងទ្វីបអាមេរិកក្ដៅ គេនាំចូលមកដាំនៅគ្រប់ប្រទេសក្ដៅ និងត្រជាក់មធ្យម ក្នុងសកលលោក ។ នៅស្រុកខ្លះ ដើមចិញ្ចៀនដុះរហ័សពេកក្លាយជាដើមអាក្រក់ដែលគេត្រូវរកមធ្យោបាយបំផ្លាញចោល ។ នៅប្រទេសខ្មែរ និង ទ្វីបអាស៊ីផ្នែកអាគ្នេយ៍ ដើមចិញ្ចៀនដុះយឺតណាស់ គេតែងដាំវាក្នុងសួនជាលំអ ។ ដើមនេះមានដុះ      ឯងៗ ខ្លះៗនៅលើភ្នំបូកគោ ។	</li><li><p-n>More Information	NK &nbsp;&nbsp;: &nbsp;phka: chénh chiën (fleur-bague, allusion à la forme de l’inflorescence qui évoque une bague) &nbsp;ផ្កាចិញ្ចៀន	NOTE	ពេលមានពាក្យ (វល្លិ) (ស្មៅ) (ដើម) ក្នុងវង់ក្រចកខាងក្រោយនាម រុក្ខជាតិ ត្រូវអានពាក្យនោះខាងមុខនាមវិញ។</p-n></li></ul>
ផ្កាចូលឆ្នាំចិន	@អង្គាសីលទេស 	OCHNA (Ochnaceae)	Ochna atropurpurea DC.	<ul><li>Shrub, 4-6 m tall, imported from South Africa, cultivated in the gardens especially in Vietnam, for the beautiful flowers picked during the Têt festival. This species differentiates from the genuine &quot;angkië sel&quot; by its sinuous toothed leaves and its dark red sepals on the fruit.	</li><li>ឈ្មោះចុល្លព្រឹក្សមួយប្រភេទ ដុះក្នុងប្រទេសអាហ្វ្រិកខាងត្បូង គេនាំមកដាំនៅឥណ្ឌូចិន ជាពិសេសនៅវៀតណាម  ជាដើមលំអដោយផ្កាលឿង គេច្រើនកាត់ដាក់ត្រាំទឹកក្នុងផើងពេលចូលឆ្នាំចិន ។ ស្លឹកពូជនេះខុសពីស្លឹកអង្គាសីសធម្មតា ដោយមានបន្លា សណ្ឋានធ្មេញរណារនៅជុំវិញ ហើយនិងត្របកពណ៌ក្រហមភ្លាវជាលើផ្លែ ។ 	</li><li><p-n>More Information	NK &nbsp;&nbsp;: phka chô:l chhnam chën (fleur du Têt) &nbsp;ផ្កាចូលឆ្នាំចិន</p-n></li></ul>
	ឧទាហរណ៏៖&nbsp;		<ul><li>	</li><li>					</li></ul>
ផ្កាតាំងយូរ	@កំពីងពួយគោក 	CATHARANTHUS (Apocynaceae)	Catharanthus roseus (L.) G. Don	<ul><li>Herb, originating from Madagascar, cultivated as ornemental plant in all the tropical regions. Flowers may appear in the offerings to Buddha. Plant used in traditional medicine. The decoctions of stalks and dried leaves are said to be to effective against blood in urine. They would be also laxative and regulate menstruation. The roots are a component of a hypotensor remedy. This species is also used for the treatment of the leukaemia and diabetes.	</li><li>ផ្កាតាំងយូរ ជាតិណជាតិមួយប្រភេទ មានដើមកំណើតក្នុងស្រុក Madagarcar, គេនាំយកមកដាំជាលំអនៅគ្រប់ប្រទេសក្តៅ ។ ពេលខ្លះផ្កាតាំងយូ គេយកលាយផ្កាឯទៀត ទុកសម្រាប់ថ្វាយព្រះ ។ ដើមនេះគេប្រើធ្វើថ្នាំរម្ងាប់រោគច្រើនមុខណាស់ ដូចជា ជម្ងឺនោមឈាម លើសឈាម ទឹកនោមផ្អែម មហារីកឈាម ។ល។ គេស្ងោរស្លឹក ឬដើមផឹក ដើម្បីជាថ្នាំលាមកទន់ ឬមួយសម្រាប់ឱ្យរដូវស្ដ្រីបានទៀងទាត់ ។	</li><li><p-n>More Information	Syn. : Vinca rosea L.</p-n></li></ul>
	ឧទាហរណ៏៖&nbsp;		<ul><li>	</li><li>					</li></ul>
	ឧទាហរណ៏៖&nbsp;		<ul><li>	</li><li>					</li></ul>
ផ្កាទំហ៊ូ	GOMPHRENA (Amaranthaceae) 	Gomphrena globosa L.	<ul><li> Herb with ornamental flowers of the Ancient tropical World, cultivated especially near the houses. The red and spherical inflorescences make earings to the girls in their games. 	</li><li>ឈ្មោះតិណជាតិ ដែលគេដាំជាលំអក្នុងសួន ដើមនេះមានដុះគ្រប់ប្រទេស ក្នុងសកលលោក (លើកលែងតែប្រទេស Amerique) គេនិយមដាំណាស់ ។ ពីព្រោះផ្កាវា មានពណ៌ក្រហមរាងជាគោល ។ ក្មេងស្រីៗ ចូលចិត្តបេះផ្កាមកពាក់ត្រចៀក លេងជាល្បែង ។	</li><li><p-n>More Information	NA &nbsp;: globe amaranth</p-n></li></ul>
ផ្កាម៉ោងដប់	PORTULACA (Portulacaceae) 	Portulaca grandiflora Hook.	<ul><li>Herb, 15-50 cm tall, of American origin, introduced as decorative in the public and private gardens, for the flowers, generally colored in red, yellow, pink, sometimes white. 	</li><li>តិណជាតិមួយប្រភេទ កំពស់ ១០-៥០ស.ម កើតក្នុងទ្វីបអាមេរិក គេនាំមកដាំជាលំអក្នុងសួន ដោយផ្កាពណ៌ស្រស់ គឺ ក្រហម លឿង ផ្កាឈូក ឬ ពេលខ្លះ ស ។	</li><li><p-n>More Information	NF &nbsp;: pourpier cultivé</p-n></li></ul>
ផ្កាម៉ោងបួន	@ពេល 	MIRABILIS (Nyctaginaceae)	Mirabilis jalapa L. 	<ul><li>Herbaceous plant slighly branching, of Mexican origin, cultivated and escaped from the gardens in the whole Indochina. In traditional Khmer medicine, the crushed leaves are used, in massage, against fevers. 	</li><li>តិណជាតិស្ទើរវារលើដី កំណើតក្នុងប្រទេស Mexique. ដាំនៅឥណ្ឌូចិន ក្នុងសួនជាលំអ ។ គ្រូខ្មែរបុរាណប្រើស្លឹក បុកហើយបំពោកលើខ្នង អ្នកមានជំងឺគ្រុន មុនគក់ច្របាច់ ។ 	</li><li><p-n>More Information	NA &nbsp;&nbsp;: four-o’clock</p-n></li></ul>
ផ្កាម្ជុលប្រាក់	@បាយក្ដាំងស 	IXORA (Rubiaceae) 	Ixora laotica (Pit.) Pit.	<ul><li>Shrub, 1-3 m tall, of the open formations, of the clearings and near the houses, in Cambodia, Laos and Southern Vietnam. Rhizome is a component of a remedy for the treatment of haemorrhoids. The root would be also medicinal.	</li><li>គុម្ពព្រឹក្សមួយប្រភេទ កំពស់ ១-៣ម ដុះក្នុងព្រៃស្រោង លើដីវាល ឬជិតផ្ទះអ្នកស្រុក នៃប្រទេសខ្មែរ លាវ និង វៀតណាមខាងត្បូង ។ មើមអាចផ្សំធ្វើថ្នាំព្យាបាលឬសដូងបាត ។ ឬសអាចធ្វើថ្នាំរម្ងាប់រោគដែរ ។ 	</li><li><p-n>More Information	NK &nbsp;: phka mchul prak’ (fleur aiguille en argent, allusion à la forme et à la couleur des fleurs), ba:y kdang’ sâ: (croûte de riz blanche) &nbsp;ផ្កាម្ជុលប្រាក់, បាយក្ដាំងស	NOTE	ពេលមានពាក្យ (វល្លិ) (ស្មៅ) (ដើម) ក្នុងវង់ក្រចកខាងក្រោយនាម រុក្ខជាតិ ត្រូវអានពាក្យនោះខាងមុខនាមវិញ។</p-n></li></ul>
ផ្កាម្ជុលពេជ្រ	IXORA (Rubiaceae) 	Ixora nigricans R. Br.	<ul><li>Shrub, 1-10 m tall, of the dense forests of Southeast Asia, often cultivated as decorative for its beautiful white flowers. In traditional medicine, the leaves are used against dysentery and their infusion is given to the delivered women as fortifying.	</li><li>ចុល្លព្រឹក្សមានផ្កា សរាងដូចម្ជុលមួយប្រភេទ កំពស់ ១-១០ម ដុះក្នុងព្រៃធំនៃអាស៊ីផ្នែកអាគ្នេយ៍ ។ គេច្រើនគាស់ មកដាំក្នុងផើង ឬក្នុងសួនជាលំអ ។ គ្រូថ្នាំបុរាណ ប្រើស្លឹកវា ធ្វើថ្នាំព្យាបាលរោគមួល គេស្ងោរស្លឹក ឱ្យនារីទើបសម្រាលកូន ផឹកជាថ្នាំកម្លាំង ។ 	</li><li><p-n>More Information	NK &nbsp;: phka: mchul pich (fleur aiguille de diamant, allusion à la forme et à la couleur blanche). ផ្កាម្ជុលពេជ្រ	NOTE	ពេលមានពាក្យ (វល្លិ) (ស្មៅ) (ដើម) ក្នុងវង់ក្រចកខាងក្រោយនាម រុក្ខជាតិ ត្រូវអានពាក្យនោះខាងមុខនាមវិញ។</p-n></li></ul>
ផ្កាយព្រឹក	@កកោះព្រែក	INTSIA (Leguminosae-Caesalpinioideae)	Intsia bijuga (Colebr.) Kuntze	<ul><li>Tree, 8-40 m tall, of the coastal forests and back-mangroves of the coasts of Indian Ocean, Pacific Ocean, Madagascar and Polynesia. Wood graded 1st category, in demand for constructions, cabinetwork and electric posts.	</li><li>ព្រឹក្សមួយប្រភេទកំពស់ ៨-៤០ម ដុះក្នុងព្រៃមាត់សមុទ្រ និងក្នុងព្រៃស្មាច់ នៃមហាសមុទ្រប៉ាស៊ីហ្វិក ពី Madagas- car ទៅដល់ Polynésee ។ ឈើ លេខ១ មានតម្លៃណាស់ គេប្រើសម្រាប់សង់ផ្ទះ ធ្វើតុ ទូប្រណិត និងធ្វើជាបង្គោលខ្សែ         ភ្លើង ។ 	</li><li><p-n>More Information	Syn. &nbsp;: Afzelia bijuga (Colebr.) A.Gray ; Afzelia retusa Kurz</p-n></li></ul>
ផ្ការំយោល	HIBISCUS (Malvaceae)	Hibiscus rosa -sinensis L.	<ul><li>Shrub or small tree, 1-8 m tall, originating from China, widely cultivated in tropical Asia and in the temperate regions of the world, as decorative for the large flowers which stamens and the styles, welded in column, are exsertes and visible in the middle of the corolla. In traditional medicine, the flowers are used to make poultices applied to the tumors and the boils. Mixed in the seeds of papaya, they would have abortive properties.	</li><li>គុម្ពព្រឹក្ស ឬព្រឹក្សតូចម្យ៉ាង កំពស់ ១-៨ម ប្រហែលនាំពីស្រុកចិនមកដាំទ្វីបអាស៊ី និងទ្វីបក្ដៅមធ្យម នៃអាមេរិក និង អឺរ៉ុប ។ គេដាំដើមរំយោល ជាលំអដោយផ្កាធំៗ មានទងលំអងផ្កាឈ្មោល និងបំពង់ស្បូនផ្កា តភ្ជាប់ជាសសរ វែងតូចយោង ចេញក្រៅមើលឃើញពីចម្ងាយ ។ គ្រូថ្នាំតែងយកផ្កាធ្វើថ្នាំបំពោក លើដំបៅដំពក និងបូសទ្រនិច ។ បើយកផ្ការំយោលលាយ ជាមួយគ្រាប់ល្ហុង ផ្កានេះអាចធ្វើឱ្យរលូតកូនបាន ពេលគេយកទៅបំពោកលើពោះនារីមានគភ៌ ។	</li><li><p-n>More Information	NA &nbsp;: China rose, shoe-flower</p-n></li></ul>
ផ្ការំយោលឆែក	HIBISCUS (Malvaceae)	Hibiscus schizopetalus (Mast.) Hook. f.	<ul><li>Shrub, 1-5 m tall, originating from East Africa, cultivated as decorative in all the tropical and temperate regions. Probably a natural hybrid species, with deeply laciniés*** petals.	</li><li>ចុល្លព្រឹក្ស ឬគុម្ពព្រឹក្ស កំពស់ ១-៥ម ដើមកំណើតពីទ្វីបអាហ្វ្រិកខាងកើត គេច្រើនដាំជាលំអ នៅគ្រប់ប្រទេសក្ដៅ និង ត្រជាក់មធ្យមសកលលោក ។ ជាពូជបង្កាត់ឯងៗ មានទលីឆែកៗ។	</li><li><p-n>More Information	NF &nbsp;: &nbsp;Hibiscus</p-n></li></ul>
ផ្កាស្លឹកក្រហម	EUPHORBIA (Euphorbiaceae)	Euphorbia pulcherrima Willd. ex Klotzsch	<ul><li>Shrub, 1-4 m tall, of Mexican origin, cultivated in the gardens and by the horticulturists of the world, for its much numerous and large bracts, generally red, very ornamental.	</li><li>ឈ្មោះចុល្លព្រឹក្សមួយប្រភេទ កំពស់ ១ទៅ៤ម ដើមកំណើតក្នុងប្រទេស Mexique គេនាំមកដាំគ្រប់ប្រទេសក្ដៅ លើសកលលោក ដើម្បីដាំជាលំអក្នុងផើង ឬសម្រាប់លក់ដូរ ។ ស្លឹកស្រទាប់ផ្កា ទំហំធំប្រហែលស្លឹកមានពណ៌ក្រហម ឬលឿង ល្អណាស់ ។	</li><li><p-n>More Information	Syn. : Poinsettia pulcherrima Graham</p-n></li></ul>
ផ្កាអណ្តាតនាគ	@ក្រដាសតូច	ANTIGONON (Polygonaceae)	Antigonon leptopus Hook. &amp; Arn. 	<ul><li>Climbing ligneous liana native to Mexique, introduced and cultivated for its red or rosy flowers. 	</li><li>ជាវល្លិមានគល់រឹង វារឡើងទ្រើង ឬដើមឈើដទៃទៀត មានដើមកំណើតក្នុងស្រុកអាមេរិកក្ដៅ (Mexique) ។ យើង ដាំឱ្យល្អមើល ដោយសោភ័ណភាពនៃផ្កាក្រហមឆ្អៅ ឬពណ៍ផ្កាឈូក ។ មើមអាចស្ងោរបរិភោគបាន ។	</li><li><p-n>More Information	NA &nbsp;: coral vine</p-n></li></ul>
ផ្កាអាចម៍កណ្តុរ	IPOMOEA (Convolvulaceae)	Ipomoea quamoclit L.	<ul><li>Climbing herb of the sunny places, of fences, in the tropical regions, especially cultivated as decorative. The leaves may to be used as a cleaner. The seeds are said to be to laxative. The powder of the root can provoke sneeze.	</li><li>វល្លិឆ្មារមួយប្រភេទ ដុះទីវាលមានថ្ងៃ គេច្រើនដាំជាលំអរបងផ្ទះ ។ ស្លឹកអាចប្រើលាងសំពត់បាន ។ គ្រាប់សម្រាប់ធ្វើជាថ្នាំបញ្ចុះ ។ ឬសដែលគេបុកជាម្សៅអាចធ្វើអោយកណ្ដាស់ ។	</li><li><p-n>More Information	NF &nbsp;: faux jalap</p-n></li></ul>
ផ្កាអាចម៍កុក	@ផ្កាស្មៅ	RUELLIA (Acanthaceae)	Ruellia tuberosa L.	<ul><li>Hard herb, 50-80 cm tall, originating from tropical America, naturalized in Cambodia, Laos, Vietnam and Thailand. It is met along the roads and near houses. The wet seeds produce a kind of jelly that is applied to the cuts and boils.	</li><li>ឈ្មោះសៅរឹងមួយប្រភេទ កំពស់ ៥០ -៨០ស.ម កើតក្នុងទ្វីបអាមេរិកក្ដៅ គេនាំមកដាំជាយូរហើយនៅប្រទេស             កម្ពុជា លាវ វៀតណាម និងថៃ ច្រើនដុះតាមមាត់ផ្លូវ និងក្បែរផ្ទះអ្នកស្រុក ។ គ្រាប់ត្រាំទឹក អាចក្លាយជាទឹកដមកក គេប្រើជាថ្នាំបំពោកលើស្នាមរបួសផ្សេងៗ និងលើបូសទ្រនិច ។	</li><li><p-n>More Information	NK &nbsp;: phka ach kôk (fleurs excréments de héron, allusion à la forme des graines)​ ; phka smau (fleur herbe) &nbsp;ផ្កាអាចម៍កុក, ផ្កាស្មៅ	NOTE	ពេលមានពាក្យ (វល្លិ) (ស្មៅ) (ដើម) ក្នុងវង់ក្រចកខាងក្រោយនាម រុក្ខជាតិ ត្រូវអានពាក្យនោះខាងមុខនាមវិញ។</p-n></li></ul>
ផ្ចឹក 	SHOREA (Dipterocarpaceae)	Shorea obtusa Wall. ex Blume	<ul><li>Tree, 10-30 m tall, of the clear forests between 150 and 1300 m, in the Indochinese Peninsula. Wood, graded 1st category, very hard, used to make columns, bridges, sleepers and for various constructions. Exposed to bad weather, it lasts 10-15 years ; indoors, it may last 50-60 years. The resin of the trunk is used to make torches. In traditional medicine, the bark is part of a remedy against the malaria.	</li><li>ផ្ចឹកជាព្រឹក្ស កំពស់ ១០-៣០ម ដុះក្នុងព្រៃស្រោងលើទួល ឬភ្នំដែលមានឧព្វេធពី ១៥០ ទៅ ១.៣០០ម មានដុះក្នុងឧបទ្វីបឥណ្ឌូចិន ។ ឈើលេខមួយ រឹងល្អ សំរាប់ធ្វើជាស្ពាន ធ្វើកំណល់ ឬសំរាប់សង់ផ្ទះ ។ បើដាក់ហាលភ្លៀង ឈើនេះជាប់ត្រឹមតែ ១០-១៥ឆ្នាំទេ។ បើនៅក្នុងម្លប់ អាចជាប់យូរពី ៥០ ទៅ ៦០ឆ្នាំ ។ ជ័រវាគេប្រើធ្វើជាចន្លុះ ឬផ្សំធ្វើឱសថគ្រុនចាញ់ ។	</li><li><p-n>More Information	NK &nbsp;: phchök &nbsp;ផឹ្ចក	NOTE	ពេលមានពាក្យ (វល្លិ) (ស្មៅ) (ដើម) ក្នុងវង់ក្រចកខាងក្រោយនាម រុក្ខជាតិ ត្រូវអានពាក្យនោះខាងមុខនាមវិញ។</p-n></li></ul>
ផ្ញៀវ	BACCAUREA (Euphorbiaceae)	Baccaurea ramiflora Lour.	<ul><li>Tree, 10-20m tall, growing in dense forest in tropical Asia. The fruits yellowish or reddish, 2-3cm in diameter, lightly acid are edible. They are also used to perfume liquors. The wood make posts. The bark gives a red stain. In traditional pharmacopoeia, the wood is a component of a remedy for eyes disease.	</li><li>ដើមផ្ញៀវជាព្រឹក្សមួយប្រភេទ មានកំពស់ ១០-២០ម ដុះក្នុងព្រៃក្រាស់ នៃប្រទេសអាស៊ីផ្នែកក្ដៅ ។ ផ្លែមានពណ៌ក្រហម ឬពណ៌លឿងព្រលែត មានវិជ្ឈមាត្រ ២-៣សម រសជូរអែម ឬជូរ អាចបរិភោគជាចំណីបាន ។ គេនិយមយកផ្លែផ្ញៀវ ដាក់ក្នុងស្រាផ្អែម ដើម្បីឱ្យមានក្លិនក្រអូប ។ ដើមផ្ញៀវសំរាប់ធ្វើបង្គោល ។ សំបកអាចធ្វើថ្នាំជ្រលក់ ពណ៌ក្រហម ។ គ្រូ ថ្នាំតែងយកឈើខ្លឹមនៃដើមផ្ញៀវ ផ្សំធ្វើឱសថព្យាបាលជំងឺឈឺភ្នែក ។ កត់សំគាល់ ៖ ផ្លែផ្ញៀវ ដែលមានលក់នៅផ្សារថ្មី ភ្នំពេញ ជាផ្លែពូជម្យ៉ាងផ្សេងពីយើង មានដើមកំណើតនៅប្រទេសជ្វា ថៃ និងវៀតណាម យកមកដាំសំរាប់លក់ផ្លែ ដែលមានរសជាតិផ្អែម ។ 	</li><li><p-n>More Information	Syn. &nbsp;: Baccaurea sapida Müll. Arg.</p-n></li></ul>
ផ្ដៅឈ្វាំង	@ផ្តៅជូរ	CAJANUS (Leguminosae-Papilionoideae)	Calamus palustris Griff., var. cochinchinensis Becc.	<ul><li>A large rattan, climbing up to 30 m in semi-dense forests of Cambodia and Southtern Vietnam. Edible fruits. Flexible and strong stalk, much appreciated in basket making.	</li><li>ផ្ដៅឈ្វាំង ជាវល្លិមួយយ៉ាងធំ មែករឹងប្រវែង ៣០ម ឡើងលើ ដុះក្នុងព្រៃក្រាស់ល្មម នៃប្រទេសខ្មែរ និងវៀតណាមខាងត្បូង ។ ផ្លែគេបរិភោគបាន ។ មែកទន់ ហើយជាប់ល្អណាស់ គេប្រើការបានគ្រប់យ៉ាង ពិសេសទុកត្បាញធ្វើកញ្ជ្រែង ល្អី និងវេញខ្សែ ។ 	</li><li><p-n>More Information	NK : phdau chhvèang, phdau chu:(r) &nbsp;ផ្ដៅឈ្វាំង, ផ្តៅជូរ	NOTE	ពេលមានពាក្យ (វល្លិ) (ស្មៅ) (ដើម) ក្នុងវង់ក្រចកខាងក្រោយនាម រុក្ខជាតិ ត្រូវអានពាក្យនោះខាងមុខនាមវិញ។</p-n></li></ul>
ផ្ដៅត្រែស	@ផ្ដៅអាចម៌មាន់	PLECTOCOMIA (Palmae) 	Plectocomia pierreana Becc.	<ul><li>Climbing palm tree, 10-30 m long, thorny, of the dense forests of Cambodia, met especially in Kampot and Kompong Chhnang provinces. The stalks are used to make ropes and in basketwork.	</li><li>ឈ្មោះតាលជាតិមួយពួកប្រវែង១០-៣០ម មែកមានបន្លាវារតោងឈើក្នុងព្រៃធំ នៃប្រទេសខ្មែរ ច្រើនមានក្នុងខេត្តកំពត និងកំពង់ឆ្នាំង ។ មែក សម្រាប់ប្រើធ្វើជាខ្សែពួរនាវា និងកញ្ជើ ល្អី ទូ កៅអី ។ល។  	</li><li><p-n>More Information	Syn. &nbsp;: Plectocomia cambodiana Gagnep. ex Lecomte</p-n></li></ul>
ផ្ដៅទឹក	CAJANUS (Leguminosae-Papilionoideae)	Calamus godefroyi Becc.	<ul><li>Liana shaped palm with an ascending stalk, sometimes climbing, 26 to 30 m long, growing near rivers in Thailand, Cambodia and Southern Vietnam. The stalk gives mats and furnitures.	</li><li>ជាដើមស្ទើវារ មានមែកដុះត្រង់ឡើងលើមានប្រវែងដល់ ៣០ម គេតែងប្រទះឃើញផ្ដៅនេះដុះមាត់ទឹក ក្នុងស្រុកថៃ ខ្មែរ និងវៀតណាមខាងត្បូង ។ មែកផ្ដៅទឹកសម្រាប់ត្បាញជាកន្ទេល និង ធ្វើ តុ ទូ ។ល។ 	</li><li><p-n>More Information	NK : phdau tük &nbsp;ផ្ដៅទឹក	NOTE	ពេលមានពាក្យ (វល្លិ) (ស្មៅ) (ដើម) ក្នុងវង់ក្រចកខាងក្រោយនាម រុក្ខជាតិ ត្រូវអានពាក្យនោះខាងមុខនាមវិញ។</p-n></li></ul>
ផ្ដៅព្រះ	@ព្រះផ្ដៅ	KORTHALSIA (Palmae) 	Korthalsia bejaudii Gagnep.	<ul><li>Climbing, thorny palm tree, with fan shaped leaves, of the forests of Cambodia where it seems endemic. The stalks are used for the manufacture of the luxury canes and baskets. 	</li><li>ឈ្មោះតាលព្រឹក្សម្យ៉ាង វារលើដើមឈើ ដើមវាមានបន្លា ស្លឹករាងដូចផ្លិត ដុះក្នុងព្រៃធំនៃប្រទេសកម្ពុជា ។ មែក       សំរាប់ប្រើធ្វើឈើច្រត់ ល្អប្រណិត និងជាកញ្ជើរ ល្អីយ៉ាងល្អ ។	</li><li><p-n>More Information	NK &nbsp;: &nbsp;phdau prèah, prèah phdau (rotin sacré) &nbsp;ផ្ដៅព្រះ, ព្រះផ្ដៅ	NOTE	ពេលមានពាក្យ (វល្លិ) (ស្មៅ) (ដើម) ក្នុងវង់ក្រចកខាងក្រោយនាម រុក្ខជាតិ ត្រូវអានពាក្យនោះខាងមុខនាមវិញ។</p-n></li></ul>
ផ្ដៅសាង	@ផ្ដៅសែង	CAJANUS (Leguminosae-Papilionoideae)	Calamus tetradactylis Hance	<ul><li>Large rattan with a 20 to 70 m long stalk, of Chinese origin (Hainan), growing in secondary formations near rivers in Cambodia. Edible fruits. Rattan much appreciated in basket making. Roots decoction are taken against fever.	</li><li>ផ្ដៅនេះមានដើមកំណើតនៅស្រុកហៃណាំ (ស្រុកចិន) ឃើញដុះក្នុងស្រុកខ្មែរតាមព្រៃជិតមាត់ទឹក ។ មែកមានប្រវែង ២០-៧០ម គេនិយមប្រើការធ្វើ តុ ទូ កៅអី ។ ផែ្លបរិភោគបាន ។ គេស្ងោរឬសផ្ដៅសាងផឹកឱ្យបាត់គ្រុន ។	</li><li><p-n>More Information	NK : phdau sa:ng, phdau saèng (rotin à porter à deux) &nbsp;ផ្ដៅសាង, ផ្ដៅសែង	NOTE	ពេលមានពាក្យ (វល្លិ) (ស្មៅ) (ដើម) ក្នុងវង់ក្រចកខាងក្រោយនាម រុក្ខជាតិ ត្រូវអានពាក្យនោះខាងមុខនាមវិញ។</p-n></li></ul>
ផ្ដៅសោម	@ផ្ដៅសឹង	KORTHALSIA (Palmae) 	Korthalsia lacinosa Griff. ex Mart.	<ul><li>Large, very high climbing palm tree in the trees of the dense forests of Indochina, Malay peninsula, Nicobar and Andaman islands, Indonesia (Sumatra, Java) and the Philippines. Species in demand for the preparation of ropes and baskets.	</li><li>ផ្ដៅសោម ជាតាលព្រឹក្សធំ វារឡើងលើដើមឈើធំៗក្នុងព្រៃក្រាស់នៃប្រទេសជាច្រើន : ឥណ្ឌូចិន ឧបទ្វីបជា កោះ Nicolar កោះ Andaman ប្រទេសឥណ្ឌូណេស៊ី និង ហ្វីលីពីន ។ មែកវា គេប្រើសំរាប់ធ្វើកញ្ជើ ល្អី និង វេញខ្សែពួរ ។	</li><li><p-n>More Information	NK &nbsp;&nbsp;: &nbsp;phdau saôm, phdau soë:ng &nbsp;ផ្ដៅសោម, ផ្ដៅសឹង	NOTE	ពេលមានពាក្យ (វល្លិ) (ស្មៅ) (ដើម) ក្នុងវង់ក្រចកខាងក្រោយនាម រុក្ខជាតិ ត្រូវអានពាក្យនោះខាងមុខនាមវិញ។</p-n></li></ul>
ផ្ដៅស្នោ	@ផ្ដៅមាស, @ត្រែសអាចម៍មាន់	MYRIALEPIS (Palmae)	Myrialepis paradoxa (Kurz) J. Dransf.	<ul><li>Climbing palm tree with a stalk up to 40 m long, with thorny young leaves, met in secondary forests, near the rivers of the Indochinese and Malay Peninsula, Singapore and Sumatra. The stalks are used in basketwork to make sticks and ropes.	</li><li>តាលព្រឹក្សវារឡើងដើមឈើម្យ៉ាង មានមែកប្រវែងរហូតដល់៤០ម ស្លឹកខ្ចីមានបន្លាច្រើន ដុះក្នុងព្រៃល្បោះជិតមាត់ទឹក ក្នុងឧបទ្វីបឥណ្ឌូចិន និងជា្វ, ក្នុងប្រទេស Singapour និង លើកោះ Sumatra ។ គេប្រើដើមសំរាប់ត្បាញធ្វើ តុ ទូ កញ្ច្រែង ល្អី កៅអី ឬវេញជាខ្សែពួរ និងធ្វើជាឈើច្រត់ ។	</li><li><p-n>More Information	Syn. &nbsp;: M. floribunda Gagnep. ; Bejaudia cambodiensis Gagnep.</p-n></li></ul>
ផ្ដៅស្វាស៊ីស្លឹក	STENOCHLAENA (Blechnaceae, Fougères)	Stenochlaena palustris (Burm.f.) Bedd.	<ul><li>Climbing fern of the forests of back-mangrove of Asia, tropical Australia and Polynesia. The young shoots are edible and eaten as spinach. The very resistant stalks are used to make traps or different links. The decoction of the plant would be febrifuge.	</li><li>ឈ្មោះបណ្ណងជាតិវល្លិមួយប្រភេទវាលើឈើព្រៃស្មាច់នៃទ្វីបអាស៊ី អូស្ត្រាលីផ្នែកក្ដៅ និង ប៉ូលីណេស៊ី ។ ត្រួយខ្ចីៗអាច បរិភោគជាបន្លែបាន ។ មែកជាប់ល្អ អាចប្រើធ្វើជាទ្រូ រឺ សំរាប់ជាចំណង ផ្សេងៗ ។ គេស្ងោរដើមធ្វើជាថ្នាំគ្រុន ។	</li><li><p-n>More Information	NK &nbsp;: phdau sva: si slök (rotin de singe à feuilles comestibles) &nbsp;ផ្ដៅស្វាស៊ីស្លឹក	NOTE	ពេលមានពាក្យ (វល្លិ) (ស្មៅ) (ដើម) ក្នុងវង់ក្រចកខាងក្រោយនាម រុក្ខជាតិ ត្រូវអានពាក្យនោះខាងមុខនាមវិញ។</p-n></li></ul>
ផ្ដៅអណ្តើក	@ផ្ដៅស្វា	FLAGELLARIA (Flagellariaceae)	Flagellaria indica L.	<ul><li>Slender and hard liana, climbing on the trees of the back - mangrove forests, common in tropical Asia, Oceania and Africa. The young leaves are used to make hair lotions. The flexible stalk is used to make sticks, baskets, ropes. The decoctions of the stalks and rhizomes would be diuretic.	</li><li>ផ្ដៅអណើ្តក ជាវល្លិតូចមួយប្រភេទ វារឡើងដើមឈើក្នុងព្រៃស្មាច់ នៃប្រទេសអាស៊ីអូសេអានី និងអាហ្វ្រិកផ្នែកក្ដៅ ។ ស្លឹកខ្ចីៗគេប្រើសម្រាប់លាងសក់ ។ ដើមអាចពត់បាន សម្រាប់ធ្វើឈើច្រត់ កញ្ជើល្អី និងវេញខ្សែពួរនាវា ។ ដើម និងមើម គេស្ងោរផឹកដើម្បីឱ្យនោមច្រើន ។	</li><li><p-n>More Information	NK &nbsp;: &nbsp;phdau ândoëk (rotin de tortue), phdau sva: (rotin de singe) &nbsp;ផ្ដៅអណ្ដើក, ផ្ដៅស្វា	NOTE	ពេលមានពាក្យ (វល្លិ) (ស្មៅ) (ដើម) ក្នុងវង់ក្រចកខាងក្រោយនាម រុក្ខជាតិ ត្រូវអានពាក្យនោះខាងមុខនាមវិញ។</p-n></li></ul>
ផ្ឌៀក	@ផ្ឌៀកស, @ផ្ឌៀកក្រហម	ANISOPTERA (Dipterocarpaceae)	Anisoptera costata Korth.	<ul><li>Big tree, 20-35 m tall found in lowlands evergreen forests up to 850 m altitude, in South East Asia. The tree yields an abundant white fragrant oil used for caulking boats or to make torches. Wood, graded “2th category” very appreciated for furniture and in heavy construction.	</li><li>ដើមឈើធំកំពស់ ២០ - ៣៥ ម ដុះក្នុងទីព្រៃធំត្រជាក់ លើដីរាបមានឧព្វេធ (altitude) ទាបជាង ៨៥០ម នៃប្រទេសអាស៊ីផ្នែកអាគ្នេយ៍ ។ គេយកជ័រក្រអូបពណ៌ស អំពីដើមផ្ឌៀក សំរាប់ធ្វើចន្លុះ និងលាបទូក ។ ឈើលេខ ២ សំរាប់សង់ផ្ទះ និងធ្វើតុ ទូ ។ 	</li><li><p-n>More Information	Syn. &nbsp;: Anisoptera glabra non Kurz: Pierre</p-n></li></ul>
ផ្តៅក្រែក	CAJANUS (Leguminosae-Papilionoideae)	Calamus viminalis Willd.	<ul><li>Climbing rattan with a 2 to 15 m long stalk, in semi-dense or rear mangrove of Indochina and the  Malayan archipelago. Used to make rough baskets, ropes and canes.	</li><li>ផ្ដៅក្រែកជាវល្លិឡើងដើមឈើ មែកប្រវែង ២-១៥ម ដុះក្នុងព្រៃក្រាស់មធ្យម ឬក្នុងព្រៃស្មាច់ នៃឥណ្ឌូចិន និងឧបទ្វីបជ្វា ។ គេយកផ្ដៅនេះធ្វើ កញ្ជើ ល្អី តម្រាំង និងសម្រាប់វេញខ្សែ ឬធ្វើឈើច្រត់ ។	</li><li><p-n>More Information	NK : phdau kraèk &nbsp;ផ្ដៅក្រែក	NOTE	ពេលមានពាក្យ (វល្លិ) (ស្មៅ) (ដើម) ក្នុងវង់ក្រចកខាងក្រោយនាម រុក្ខជាតិ ត្រូវអានពាក្យនោះខាងមុខនាមវិញ។</p-n></li></ul>
ផ្តៅដំបង	CAJANUS (Leguminosae-Papilionoideae)	Calamus rudentum Roxb.	<ul><li>A large steming palmtree, not much climbing, with long stalk, up to 100m, in humid and flooded forest of Cambodia and Southern Vietnam. Fruits are edible. Stalks have many uses: building of rafts, cables, mooring ropes. basket making as structures, animal leads, luxury canes... 	</li><li>ជារុក្ខជាតិស្ទើវារ មានមែកប្រវែង ១០០ម មានដុះក្នុងព្រៃក្រាស់ត្រជាក់ ឬព្រៃលិចទឹក ក្នុងប្រទេសខ្មែរ និងវៀត-   ណាមខាងត្បូង ។ ផ្លែបរិភោគបាន ។ មែកគេប្រើការបានគ្រប់យ៉ាង ធ្វើក្បូន ធ្វើខ្សែ ធ្វើពួរចងនាវា តុ ទូ កន្ក្រក កញ្ជ្រែង ល្អី ខ្សែចងសត្វពាហនៈ ឬធ្វើឈើច្រត់ប្រណិត ។ល។ 	</li><li><p-n>More Information	NK : phdau dâmdâ:ng (rotin bâton) &nbsp;ផ្ដៅដំបង	NOTE	ពេលមានពាក្យ (វល្លិ) (ស្មៅ) (ដើម) ក្នុងវង់ក្រចកខាងក្រោយនាម រុក្ខជាតិ ត្រូវអានពាក្យនោះខាងមុខនាមវិញ។</p-n></li></ul>
ផ្តៅរពាក់	@រពាក់	CAJANUS (Leguminosae-Papilionoideae)	Calamus salicifolius Becc.	<ul><li>A little bushy rattan, often climbuing, stalk 2 to 4 m long, met in deforested places and near houses in Cambodia and Southern Vietnam. Edibles fruits eaten mostly by children. Stalk used in basket making. Roots are used as purgatives and hypotensives. They also give medicine for horses.	</li><li>រពាក់ជាវល្លិ ឬស្ទើវល្លិ មានមែកប្រវែង ២-៤ម ដុះក្នុងព្រៃគុម្ពោតជិតផ្ទះ នៃប្រទេសខ្មែរ និងវៀតណាមខាងត្បូង ។ ផ្លែបរិភោគបានតែច្រើន តែក្មេងៗទេដែលបេះស៊ី ។ មែកគេប្រើវេញខ្សែ និងទុកត្បាញធ្វើ ល្អី កញ្ជ្រែង កន្ក្រក ។ល។ ឬសគេធ្វើថ្នាំបញ្ចុះលាមក និងបញ្ចុះឈាម ។ ពេទ្យសត្វប្រើឬសរពាក់ ធ្វើថ្នាំរម្ងាប់រោគសេះ ។	</li><li><p-n>More Information	NK : phdau rôpéak, rôpèak &nbsp;ផ្ដៅរពាក់, រពាក់	NOTE	ពេលមានពាក្យ (វល្លិ) (ស្មៅ) (ដើម) ក្នុងវង់ក្រចកខាងក្រោយនាម រុក្ខជាតិ ត្រូវអានពាក្យនោះខាងមុខនាមវិញ។</p-n></li></ul>
ផ្តៅអារ៉េច	CAJANUS (Leguminosae-Papilionoideae)	Calamus bousigoni PierreCalamus bousigoni Pierre	<ul><li>A climbing liana of wet forests in Cambodia and Vietnam. Stalk 5 to 15 m long used in basket making. 	</li><li>ជាវល្លិ៍រឹងប្រវែង ៥-១៥ម ដុះក្នុងព្រៃត្រជាក់នៅស្រុកខ្មែរ នឹងនៅវៀតណាម ។ មែកផ្តៅអារ៉េចសម្រាប់ត្បាញ កញ្ជើ ល្អី កន្រ្កក កញ្ច្រែង ។ល។	</li><li><p-n>More Information	NK : phdau aré:ch &nbsp;ផ្ដៅអារ៉េច	NOTE	ពេលមានពាក្យ (វល្លិ) (ស្មៅ) (ដើម) ក្នុងវង់ក្រចកខាងក្រោយនាម រុក្ខជាតិ ត្រូវអានពាក្យនោះខាងមុខនាមវិញ។</p-n></li></ul>
ផ្ទក់ក្រហម	GLINUS (Molluginaceae)	Globba angcorensis Gagnep.	<ul><li>Herb, 40-60 cm tall, with winged petiole, of the dense forest’s clearings of Cambodia, plentiful in Angkor’s and Oudong regions, cultivated as decorative in the other regions for the beauty of the redinflorescences.	</li><li>ឈ្មោះតិណជាតិមួយប្រភេទ កំពស់ ៤០-៦០ស.ម មានទងស្លឹករីកសង្ខាងដូចស្លាប ដុះលើដីវាលកណ្ដាលព្រៃធំ នៅ ប្រទេសកម្ពុជា ។ ដើមនេះមានដុះច្រើនក្នុងស្រុកក្បែរអង្គរ និង Oudong ។ គេនិយមគាស់យកមកដាំជិតផ្ទះជាលំអ ដោយផ្ទក់ក្រហម មានផ្កាពណ៌ល្អ ។	</li><li><p-n>More Information	NK &nbsp;: phtüek krâhâm &nbsp;ផ្ទក់ក្រហម	NOTE	ពេលមានពាក្យ (វល្លិ) (ស្មៅ) (ដើម) ក្នុងវង់ក្រចកខាងក្រោយនាម រុក្ខជាតិ ត្រូវអានពាក្យនោះខាងមុខនាមវិញ។</p-n></li></ul>
ផ្ទក់-ស	GLINUS (Molluginaceae)	Globba cambodgensis Gagnep.	<ul><li>Herb, 30-40 cm tall, with sessile leaves, of the clearings of dense low altitude mountain forests of Cambodia and Vietnam. Plant often cultivated for the beauty of its long leaves and its white flowers. In traditional medicine, it is used against fevers and rheumatisms.	</li><li>ផ្ទក់ស ជាតិណជាតិ កំពស់ ៣០-៤០ស.ម ស្លឹកគ្មានទង ដុះក្នុងទីវាលកណ្ដាលព្រៃភ្នំដែលមិនសូវខ្ពស់ នៅប្រទេសកម្ពុជា និង វៀតណាម ។ ផ្ទក់ស ក៏គេនិយមយកមកដាំជាលំអណាស់ដែរ ដោយដើមនេះមានស្លឹកវែងៗល្អ និងមានផ្កា ស ។ គ្រូថ្នាំ យកផ្ទក់ ស ធ្វើថ្នាំរម្ងាប់រោគគ្រុន និង សន្លាក់ឆ្អឹង ។	</li><li><p-n>More Information	NK &nbsp;: &nbsp;phtuëk sâ: &nbsp;ផ្ទក់-ស	NOTE	ពេលមានពាក្យ (វល្លិ) (ស្មៅ) (ដើម) ក្នុងវង់ក្រចកខាងក្រោយនាម រុក្ខជាតិ ត្រូវអានពាក្យនោះខាងមុខនាមវិញ។</p-n></li></ul>
ផ្ទី	ZINGIBER (Zingiberaceae)	Zingiber zerumbet (L.) Sm.	<ul><li>Herb, 1-1.30 m tall, of the dense or secondary formations of Southeast Asia. Edible rhizome used in cooking or candied in vinegar. It would also have tonic and purifying properties. Macerated in rice alcohol, it gives a lotion taken in case of faintness and dizzinesses with an inclination to cardiac arrest. It would be tonic for the delivered women.	</li><li>ឈ្មោះប្រទាលមួយប្រភេទ កំពស់ ១-១,៣០ម ដុះក្នុងព្រៃធំ ឬព្រៃល្បោះនៃអាស៊ីផ្នែកអាគ្នេយ៍ ។ មើមប្រើជាគ្រឿង សម្លឬគ្រឿងជ្រក់ជាដើមបាន ។ តាមក្បួនឱសថបុរាណ មើមជាថ្នាំលើកកម្លាំង និងសំអាតឈាម ។ គេអាចត្រាំមើមក្នុងសា្រសំរាប់ផឹកព្យាបាលដំណើររសាប់រសល់ វិលមុខ ចង់ខ្យល់គរ ។ ជាថ្នាំលើកកម្លាំងនារីទើបសម្រាលកូន ។	</li><li><p-n>More Information	NK &nbsp;: phtü ផ្ទី	NOTE	ពេលមានពាក្យ (វល្លិ) (ស្មៅ) (ដើម) ក្នុងវង់ក្រចកខាងក្រោយនាម រុក្ខជាតិ ត្រូវអានពាក្យនោះខាងមុខនាមវិញ។</p-n></li></ul>
ផ្ទីជើងបង្កង	PSILOTRICHUM (Amaranthaceae)	Psilotrichum ferrugineum (Roxb.) Moq.	<ul><li>Herb, 10-20 cm tall, more or less branching, spread, in the open places of tropical regions. The leaves are edible, eaten in &quot;sâmlâ&quot;.	</li><li>ឈ្មោះស្មៅម្យ៉ាងកំពស់ ១០-២០ស.ម ស្ទើរវារ ដុះក្នុងទីវាលនៃប្រទេសក្តៅសកលលោក ។ គេបរិភោគត្រួយក្នុងសម្ល ។	</li><li><p-n>More Information	NK : phti chë:ng bâng kâ:ng (amarante pattes d’écrevisse) &nbsp;ផ្ទីជើងបង្កង	NOTE	ពេលមានពាក្យ (វល្លិ) (ស្មៅ) (ដើម) ក្នុងវង់ក្រចកខាងក្រោយនាម រុក្ខជាតិ ត្រូវអានពាក្យនោះខាងមុខនាមវិញ។</p-n></li></ul>
	ពេលមានពាក្យ (វល្លិ) (ស្មៅ) (ដើម) ក្នុងវង់ក្រចកខាងក្រោយនាម រុក្ខជាតិ ត្រូវអានពាក្យនោះខាងមុខនាមវិញ។		<ul><li>	</li><li>					</li></ul>
ផ្ទីអង្កាំ	GYNURA (Compositae)	Gynura procumbens (Lour.) Merr.	<ul><li>Climbing herb of the sunny grounds of Southeast Asia. The young leaves are sometimes used to flavor dishes. In large quantity, they are toxic. In traditional medicine, the decoction of the plant would be effective against the dysentery. In association with another drugs, the leaves and the stalk are used against measles and the scarlet fever.	</li><li>ផ្ទីអង្កាំជា តិណជាតិស្ទើវារដុះលើដីវាលមានថ្ងៃនៃទ្វីបអាស៊ីផ្នែកអាគ្នេយ៍ ។ ស្លឹកខ្ចីៗអាចធ្វើអន្លក់បានខ្លះៗ តែបើបរិភោគច្រើនពេក ស្លឹកធ្វើឱ្យពុល ។ គ្រូបុរាណប្រើដើមនេះផ្សំថ្នាំព្យាបាលជម្ងឺរាគមួល ។ លាយជាមួយរុក្ខជាតិខ្លះដទៃទៀត ស្លឹក និង ដើមសម្រាប់ធ្វើថ្នាំរម្ងាប់រោគ កញ្រ្ជិល និង អុតក្តាម ។	</li><li><p-n>More Information	Syn. : Gynura sarmentosa DC.</p-n></li></ul>
ផ្លាង	MALLOTUS (Euphorbiaceae)	Mallotus paniculatus (Lam.) Müll. Arg.	<ul><li>Shrub or small tree, 4-20 m tall, of the dense formations, common in the Far East. The decoction of the plant can be of use to clean the wounds. Wood used for temporary buildings. 	</li><li>ឈ្មោះចុល្លព្រឹក្ស ឬព្រឹក្សម្យ៉ាងកំពស់ ៤-២០ម ដុះក្នុងព្រៃជ្រៅនៃចុងបូព៌ាប្រទេស ។ មែកធាង និងស្លឹក សំរាប់ស្ងោរជាឱសថ សំអាត ដំបៅ ឬមុខរបួស ។ ឈើអាចប្រើសង់រោងបាន ។  	</li><li><p-n>More Information	NK &nbsp;: phla:ng ផ្លាង	NOTE	ពេលមានពាក្យ (វល្លិ) (ស្មៅ) (ដើម) ក្នុងវង់ក្រចកខាងក្រោយនាម រុក្ខជាតិ ត្រូវអានពាក្យនោះខាងមុខនាមវិញ។</p-n></li></ul>
ផ្លុង	TERNSTROEMIA (Theaceae)	Ternstroemia penangiana Choisy	<ul><li>Tree or small tree, 6-12 m tall, of the dense or secondary formations of India, Cambodia, Southern Vietnam and the Malay archipelago. Barks used to make ropes. Wood used in construction for the small inside works.	</li><li>ចុល្លព្រឹក្ស ឬព្រឹក្សតូច កំពស់៦-១២ម ដុះក្នុងព្រៃធំ ឬ ព្រៃល្បោះនៃប្រទេសឥណ្ឌា កម្ពុជា វៀតណាមខាងត្បូង និង ប្រជុំកោះជ្វា ។ សំបកគេប្រើសម្រាប់វេញធ្វើជាខ្សែ។ ឈើអាចប្រើធ្វើជាគ្រឿងរាយរងសង់ផ្ទះបាន ។ 	</li><li><p-n>More Information	NK &nbsp;: phlô’ng &nbsp;ផ្លុង	NOTE	ពេលមានពាក្យ (វល្លិ) (ស្មៅ) (ដើម) ក្នុងវង់ក្រចកខាងក្រោយនាម រុក្ខជាតិ ត្រូវអានពាក្យនោះខាងមុខនាមវិញ។</p-n></li></ul>
ផ្លែដាក់ 	@ប្រដាក់	UVARIA (Annonaceae) 	Uvaria dac Pierre ex Finet &amp; Gagnep.	<ul><li>Climbing shrub, 5-7 m long, of the dense and secondary formations of Cambodia. The ripe fruits are edible, appreciated enough.	</li><li>ចុល្លព្រឹក្សស្ទើវារមួយប្រភេទប្រវែង៥-៧ម ដុះក្នុងព្រៃធំ និងព្រៃល្បោះ នៃប្រទេសខ្មែរ ។ ផ្លែទុំជាចំណីឆ្ងាញ់ ។	</li><li><p-n>More Information	NK &nbsp;: phlaè dac, (voër) prâdac &nbsp;ផ្លែដាក់, ប្រដាក់	NOTE	ពេលមានពាក្យ (វល្លិ) (ស្មៅ) (ដើម) ក្នុងវង់ក្រចកខាងក្រោយនាម រុក្ខជាតិ ត្រូវអានពាក្យនោះខាងមុខនាមវិញ។</p-n></li></ul>
ផ្លោង	@ប្រសាក់ធំ	BRUGUIERA (Rhizophoraceae)	Bruguiera sexangula (Lour.) Poir.	<ul><li>A tree, 20 to 30 m tall, with stiffening or stilt roots and phneumatophores knee - shape. Growing in mangroves of tropical Asia (imported in Hawaii since 1922). Bark is used for tanning skins and dyeing fabrics and fishing nets.	</li><li>ឈ្មោះព្រឹក្សមួយប្រភេទ កំពស់ពី ២០ ទៅ ៣០ម មានឬសចន្ទល់ធំៗ ឬសជើងទោម នឹងឬសដែលដុះចេញពីដីល្បាប់រាងដូចទំពាំងតូចៗជាច្រើន ឬសទាំងបីយ៉ាងនេះ សម្រាប់អោយរុក្ខជាតិដកដង្ហើម ព្រោះដីភក់គ្មានជាតិអុកស៊ីសែនច្រើនឡើយ ។ ព្រឹក្សនេះដុះក្នុងព្រៃកោងកាង តាមដងសមុទ្រក្នុងប្រទេសក្ដៅ ។ សំបក ផ្លោងប្រសាក់ធំគេប្រើសម្រាប់សម្លាប់ស្បែក ឬជ្រលក់សំពត់ និងសំណាញ់នេសាទ ។	</li><li><p-n>More Information	Syn. : Bruguiera eriopetala Wight &amp; Arn. ex Arn.</p-n></li></ul>
ផ្អាវ	LICUALA (Palmae)	Licuala spinosa Wurmb	<ul><li>Palm tree, 2-7 m tall, with 4-7 cm thick trunk, growing in the wet places of fresh and salt water of tropical Asia. The leaves are used for the preparation of hats and to wrap food. The heart and the terminal bud are appreciated as vegetables. In traditional Cambodian medicine, the roots are a                component of a febrifuge remedy and for the health of the foetus. The bark of the trunk would be effective against the tuberculosis.	</li><li>ផ្អាវជាតាលព្រឹក្សមួយប្រភេទកំពស់ ២-៧ម ដើមក្រាស់ប្រហែល ៤-៧ស.ម ដុះនៅទីដីសើមមាត់ទឹកសាប ឬទឹកប្រៃនៃទ្វីបអាស៊ីផ្នែកក្តៅ ។ ស្លឹកវាអាចប្រើធ្វើជាមួក ឬសំរាប់ខ្ចប់គ្រឿងអាហារផ្សេងៗបាន ។ គមផ្អាវ យកមកស្លកកូរបាន ឬធ្វើអន្លក់ស្រស់ក៏បាន ។ ក្នុងក្បួនឱសថបុរាណខ្មែរគេយកឬសផ្អាវផ្សំធ្វើជាថ្នាំគ្រុន និងសំរាប់រក្សាគត៌ ។ សំបកដើមសំរាប់ផ្សំថ្នាំរបេង ។	</li><li><p-n>More Information	NK &nbsp;: &nbsp;pha’aw &nbsp;ផ្អាវ	NOTE	ពេលមានពាក្យ (វល្លិ) (ស្មៅ) (ដើម) ក្នុងវង់ក្រចកខាងក្រោយនាម រុក្ខជាតិ ត្រូវអានពាក្យនោះខាងមុខនាមវិញ។</p-n></li></ul>
ផ្អុង	@ខ្ទីង	CALOPHYLLUM (Guttiferae)	Calophyllum calaba L. var. bracteatum (Wight) Stevens	<ul><li>A tree, 15 to 25 m tall, of denses forests on hill slopes and sandy alluvium in Cambodia, Laos and Vietnam. The wood, of good quality, is used in house and boat building and to make joints. It is graded 3rd category.	</li><li>ជាព្រឹក្សមួយកំពស់ ១៥-២៥ម ដុះក្នុងព្រៃក្រាស់លើខ្នងភ្នំ និងលើដីល្បាប់ដែលមានខ្សាច់ ។ គេប្រទះឃើញដើមផ្អុង ខ្ទីង ក្នុងប្រទេសឥណ្ឌូចិន (ខ្មែរ លាវ វៀតណាម) ។ ឈើជាប់ល្អណាស់ ។ សំរាប់សង់ផ្ទះ សង់នាវា និងធ្វើឈើព័រ (មុខតំណ) (ឈើនេះជាឈើ លេខ ៣) ។	</li><li><p-n>More Information	Syn. : Calophyllum saigonense Pierre</p-n></li></ul>
ផ្អុងគោក	@ផ្អុងក្រហម 	CALOPHYLLUM (Guttiferae)	Calophyllum thorelii Pierre	<ul><li>A tree, 10 to 30 m tall, with straight trunk; met in dense formations of hills and plains in Cambodia and Vietnam. it is sometimes grown as ornemental in streets and gardens. Flowers are much appreciated by bees. Wood makes poles, boats and houses; it is insect-proof.	</li><li>ឈ្មោះព្រឹក្សមួយប្រភេទ កំពស់ ១០-៣០ម ដើមត្រង់ល្អដុះក្នុងព្រៃជ្រៅលើភ្នំ ឬលើដីទំនាប នៃប្រទេសខ្មែរ និងវៀត-ណាម ។ គេនិយមដាំព្រឹក្សនេះតាមមាត់ផ្លូវ ឬក្នុងសួនសាធារណៈ ជាលំអ និងធ្វើម្លប់ ។ ឈើជាប់ណាស់ សត្វស៊ីមិនដាច់ គេប្រើសម្រាប់សង់ផ្ទះ សង់ទូក សង់កប៉ាល់ និងធើ្វដងក្តោង ។	</li><li><p-n>More Information	NK : -ph’ô’ng kôô:k &nbsp;ផ្អុងគោក</p-n></li></ul>
ផ្អុងតូច	@ផ្អុងជាំ	CALOPHYLLUM (Guttiferae)	Calophyllum pisiferum Planch. &amp; Triana	<ul><li>A 2 to 3 m tall bush, of dense alluvial forests in Southeast Asia. Stalks and boughs are used to make brooms. The wood makes short lived buildings.	</li><li>ដើមនេះជាចុល្លព្រឹក្ស កំពស់ ២-៣ម ដុះក្នុងព្រៃក្រាស់លើដីល្បាប់ នៃអាស៊ីអាគ្នេយ៍ ។ គេនិយមប្រើមែក ធាងធ្វើអំបោស ។ ឈើសំរាប់សង់រោងបណ្ដោះអាសន្ន ។	</li><li><p-n>More Information	Syn. : Calophyllum retusum auct. non Wall.</p-n></li></ul>
ផ្អុងទឹក	MESUA (Guttiferae)	Mesua ferruginea (Pierre) Kosterm.	<ul><li>Tree, 8-12 m tall, of the dense and semi-dense forests of Cambodia and Vietnam. Reddish wood used in construction and to make tools handles.	</li><li>ផ្អុងទឹក ជាព្រឹក្សមួយប្រភេទកំពស់ ៨-១២ម ដុះក្នុងព្រៃជ្រៅ ឬជ្រៅមធ្យមនៅកម្ពុជា និងវៀតណាម ។ ឈើ ពណ៌ក្រហមភា្លវសំរាប់ប្រើ ធ្វើដងកាំបិត ពូថៅ និងគ្រឿងសង់ផ្ទះ ។	</li><li><p-n>More Information	Syn. &nbsp;: Kayea ferrugiea Pierre</p-n></li></ul>
ផ្អុងព្រៃ	@ផ្អុងធំ 	CALOPHYLLUM (Guttiferae)	Calophyllum pulcherrimum Wall. ex Choisy	<ul><li>A tree, 15 to 20 m tall, of dense humid forests in tropical Asia. The wood, lasting and with fine texture. is graded 3rd category ; it is sought for making luxury furnitures.	</li><li>ផ្អុងព្រៃជាព្រឹក្សមួយប្រភេទ កំពស់ ១៥ - ២០ម ដុះក្នុងទីព្រៃធំត្រជាក់នៃអាស៊ីក្តៅ ។ ឈើមានសាច់ម៉ត់ ហើយជាប់ ណាស់ ជាឈើលេខ៣ គេនិយមប្រើ ឈើមានតំលៃនេះធ្វើ តុ ទូ កៅអី ។	</li><li><p-n>More Information	NK : ph’ô’:ng préi, ph’ô’ng thôm &nbsp;ផ្អុងព្រៃ, ផ្អុងធំ	NOTE	ពេលមានពាក្យ (វល្លិ) (ស្មៅ) (ដើម) ក្នុងវង់ក្រចកខាងក្រោយនាម រុក្ខជាតិ ត្រូវអានពាក្យនោះខាងមុខនាមវិញ។</p-n></li></ul>
ផ្អុងមមីស	@ឈើរមាស់ 	SCHIMA (Theaceae) 	Schima wallichii (DC.) Korth.	<ul><li>Tree, 10-25 m tall, of the wet dense forests of plain or altitude. The bark, rubbed on the skin, causes strong itches which calm down only after a dozen hours. Tropical species. Wood may be used in construction after removing the biting barks. In traditional Cambodian medicine, the sap is extracted from the young stalks. by warming on a slow heat, and used to cure otitises.	</li><li>ឈ្មោះព្រឹក្សម្យ៉ាង កំពស់ ១០-២៥ម ដុះក្នុងព្រៃធំត្រដាក់លើដីទំនាប ឬលើភ្នំនៃប្រទេសក្តៅសកលលោក ។ សំបកបើប៉ះស្បែកនឹងរោលធ្វើឱ្យរមាស់ជាខ្លាំង យ៉ាងយូរប្រហែល ១០ម៉ោងក្រោយទើបបាត់ទៅវិញ ។ ឈើអាចប្រើសំរាប់ធ្វើគ្រឿងផ្ទះបាន តែត្រូវបកសំបកចោលជាមុនសិន ។ ជ័រនៃមែកដែលដុតកំដៅលើភ្លើងតិចៗ គ្រូថ្នាំបុរាណប្រើជាថ្នាំព្យាបាលអំបៅអំបែក ។	</li><li><p-n>More Information	Syn. &nbsp;: Schima crenata Korth.</p-n></li></ul>
ផ្អុងស្លឹកធំ	@ ផ្អុងភ្នំ	CALOPHYLLUM (Guttiferae)	Calophyllum soulattrii Burm. f.	<ul><li>(this species has leaves twice the size of the previous one) Tall tree, 20 to 30 m, growing on washed soils and on hills in tropical Asia. Bark is used to make containers for resin collection. Wood gives short lived buildings.	</li><li>ដើមនេះ ជាព្រឹក្សធំកំពស់ ២០-៣០ម ដុះលើដីលិចទឹក ឬលើភ្នំ នៃអាស៊ីក្ដៅ ។ គេតែងយកសំបកសម្រាប់ធ្វើផើង ដាក់ជ័រ ធ្វើចន្លុះ ឬជ័រលាប កញ្ជើ កញ្ជ្រែង ល្អី ។ ឈើផ្អុងភ្នំមិនសូវជាប់ទេ គេអាចសង់រោងបណ្ដោះអាសន្នបាន ។	</li><li><p-n>More Information	Syn. : Calaphyllum spectabile auct. non Willd.</p-n></li></ul>
ពង្រ	SCHLEICHERIA (Sapindaceae)	Schleicheria oleosa (Lour.) Oken	<ul><li>Tree, 15-25 m tall, of the wet dense forests of the of the Indochinese Peninsula. India and Malay Archipelago The ripe fruits are often sold on markets; the golden yellow arillus is used to acidulate some liquid dishes. especially spawns &quot;sâmlâ&quot;. The seeds contain up to 70% oil, called &quot; Macassar oil&quot;, which has the reputation of stimulating hair growth. The bark, in infusion or in maceration in the water, would be a remedy against the malaria and various inflammations. This tree is often the host of stick lac insects (Tachardia lacca).	</li><li>ពង្រជាព្រឹក្ស កំពស់ ១៥-២៦ម ដុះក្នុងព្រៃត្រជាក់នៃឧបទ្វីបឥណ្ឌូចិន ប្រទេសឥណ្ឌា និងប្រជុំកោះជា្វ ។ ផ្លែទុំជា គ្រឿងទេស សំរាប់ស្លម្ជូរពងត្រី ។ គ្រាប់មានប្រេងម្យ៉ាងចំនួន ៧០ភាគរយ ប្រេងនេះសំរាប់លាបសក់ឱ្យដុះឆាប់ ។ គ្រូថ្នាំបុរាណតែងស្ងោរសំបកពង្រធ្វើថ្នាំរំងាប់រោគគ្រុនចាញ់ និងហើម ។ ដើមពង្រតែងមានសត្វល្អិតពួកមួយមកទុំលើមែក ដើម្បីធ្វើល័ខធម្មជាតិ ដែលគេប្រើសំរាប់ជ្រលក់សូត្រ ឱ្យពណ៌ក្រហម  ។	</li><li><p-n>More Information	Syn &nbsp;: Schleicheria trijuga wild.</p-n></li></ul>
ពង្រភ្នំ	@ថ្មចង្រ្កាន	GUIOA (Sapindaceae)	Guioa pleuropteris (Blume) Radlk.	<ul><li>Shrub, 1-2 m tall, of the secondary or dense formations especially of altitude, towards 500-700 m, in the Indochinese Peninsula and Java. Edible fruits; toxic seeds. The wood is used az pickets for fences.	</li><li>ឈ្មោះចុល្លព្រឹក្សមួយប្រភេទកំពស់ ១-២ម ដុះក្នុងព្រៃស្រោង ឬព្រៃធំ ជាពិសេសលើភ្នំដែលមានកំពស់ ៥០០-៧០០ម នៃឧបទ្វីបឥណ្ឌូចិន និងលើកោះ Java ។ ផ្លែអាចបរិភោគបាន ។ គ្រាប់មានជាតិពុល ។ គេប្រើដើមសម្រាប់ធ្វើបង្គោលរបងផ្ទះ ។	</li><li><p-n>More Information	NK &nbsp;: pongrô phnôm, thmâ changkra:n ​​ ពង្រភ្នំ, ថ្មចង្ក្រាន	NOTE	ពេលមានពាក្យ (វល្លិ) (ស្មៅ) (ដើម) ក្នុងវង់ក្រចកខាងក្រោយនាម រុក្ខជាតិ ត្រូវអានពាក្យនោះខាងមុខនាមវិញ។</p-n></li></ul>
ពញ្លធំ	@ពញ្លប្រើស	GREWIA (Tiliaceae)	Grewia asiatica L.	<ul><li>Shrub, 4-8 m tall, dry and secondary dense forests of Southeast Asia. Edible fruits. In traditional medicine, the decoction of roots is used against cough. The lotion of leaves and the bark would be effective against the fractures.	</li><li>ពញ្លធំ ចុល្លព្រឹក្សកំពស់ ៤-៨ម ដុះក្នុងព្រៃក្រាស់ស្ងួត និងព្រៃស្រោង នៃទ្វីបអាស៊ីផ្នែកអាគ្នេយ៍ ។ ផ្លែអាច បរិភោគជាចំណីបាន ។ គ្រូថ្នាំតែងស្ងោរឬសឱ្យផឹក ដើម្បីព្យាបាលជម្ងឺក្អក ។ ទឹកត្រាំស្លឹក និង សំបកអាចប្រើសម្រាប់ព្យាបាល ដំណើរបាក់ឆ្អឹង ។	</li><li><p-n>More Information	Syn. &nbsp;: Grewia paniculata Roxb.</p-n></li></ul>
ពន់	DYSOXYLUM (Meliaceae)	Dysoxylum arborescens Miq. 	<ul><li>Tree, 15-20 m tall, of the dense dry forests of Southern Cambodia, Southern Vietnam and the Malay Archipelago. The yellow wood is in demand in construction.	</li><li>ពន់ជាព្រឹក្សកំពស់ ១៥-២០ម ដុះក្នុងព្រៃក្រាស់ស្ងួត នៃប្រទេសកម្ពុជាខាងត្បូង វៀតណាមខាងត្បូង និងឧបទ្វីបជា្វ ។ ឈើពណ៌លឿង មានតម្លៃសម្រាប់សង់ផ្ទះ ។	</li><li><p-n>More Information	NK &nbsp;: puën &nbsp;ពន់	NOTE	ពេលមានពាក្យ (វល្លិ) (ស្មៅ) (ដើម) ក្នុងវង់ក្រចកខាងក្រោយនាម រុក្ខជាតិ ត្រូវអានពាក្យនោះខាងមុខនាមវិញ។</p-n></li></ul>
ពន់ស៊ីផ្លែ	@ម្កាក់ព្រៃ 	SPONDIAS (Anacardiaceae)	Spondias malayana Kosterm.	<ul><li>Tree, 10-15 m tall, of the secondary formations of Indochina, Southern China and the Pacific islands. The fruits are edible but little popular because of their astringent, acid and turpentine flavour. The gum of the trunk is used against the malaria; the decoction of the bark is used in the same purpose.	</li><li>ព្រឹក្សកំពស់ ១០-១៥ ម ដុះក្នុងព្រៃឈ្មោះនៃឥណ្ឌូចិន, ប្រទេសចិនខាងត្បូង និងកោះនាៗ សមុទ្រប៉ាស៊ីហ្វិក ។ ផ្លែ អាចបរិភោគបានតែមិនសូវឆ្ងាញ់ទេ ដោយមានជាតិចត់. ជូរ និងមានក្លិនសាំង ។ ជ័រដើមសំរាប់ធ្វើថ្នាំគ្រុនចាញ់ គេអាចស្ងោរសំបកធ្វើថ្នាំគ្រុនចាញ់ក៏បាន ។	</li><li><p-n>More Information	Syn. &nbsp;: Spondias pinnata (auct. non L.f. Kurz)</p-n></li></ul>
ព័ន្ទលៃ	@ប្រាំដំឡឹង	TERMINALIA (Combretaceae) 	Terminalia corticosa Pierre ex Gagnep.	<ul><li>Tree, 8-20 m tall, of the open formations on rocky soils of Indochina. Wood used to make houses pillars. The bark produce a brown dye used to dye fishing nets.	</li><li>ព្រឹក្សមួយកំពស់ ៨-២០ម ដុះក្នុងព្រៃស្រោងលើដីមានថ្ម នៃឥណ្ឌូចិន ។ ឈើគេប្រើសម្រាប់ធ្វើសសរផ្ទះ ។ សំបក អាចអោយថ្នាំពណ៌ប្រផេះ សម្រាប់ជ្រលក់សំណាញ់នេសាទ ។	</li><li><p-n>More Information	NK &nbsp;: puënto: léi, pram’ dâmlöng (pram’ dâmlöng : 5 onces) &nbsp;ព័ន្ទលៃ, ប្រាំដំឡឹង	NOTE	ពេលមានពាក្យ (វល្លិ) (ស្មៅ) (ដើម) ក្នុងវង់ក្រចកខាងក្រោយនាម រុក្ខជាតិ ត្រូវអានពាក្យនោះខាងមុខនាមវិញ។</p-n></li></ul>
ពន្លៃ	ZINGIBER (Zingiberaceae)	Zingiber purpureum Roscoe	<ul><li>Herb, 1-2 m tall, of the dense forests of Southeast Asia. Often cultivated near houses. In Cambodia, the crushed leaves are applied on the fontanel of newborn children to avoid cold. Rhizomes are sometimes chewed in small quantity with the betel. They would also be vermifuge. The lotion obtained by maceration of the rhizome in alcohol is used to treat rheumatisms and bruises. 	</li><li>ពន្លៃតិណជាតិម្យ៉ាង កំពស់ ១-២ម ដុះក្នុងព្រៃធំ នៃអាស៊ីផ្នែកអាគ្នេយ៍ គេច្រើនដាំក្នុងសួនជិតផ្ទះ ។ នៅស្រុកខ្មែរ គេបុកស្លឹកពន្លៃ ឬមើមសម្រាប់បិទលើបង្ហើយ កូនខ្ចីដើម្បីការពារផ្ដាសាយ ។ គេតែងបរិភោគមើមពន្លៃមួយដុំតូចជាមួយស្លាម្លូ ។ មើមអាចប្រើធ្វើជាថ្នាំព្រូន ។ គេត្រាំមើមក្នុងស្រា ធ្វើជាថ្នាំ បំពោកលើសន្លាក់ឆ្អឹង និង កន្លែងជាំដោយរបួស ឬ ដង្គិច ។	</li><li><p-n>More Information	Syn. &nbsp;: Zingiber cassumunar Roxb.</p-n></li></ul>
ពពកវិល	IRIS (Iridaceae)	Iris pallida Lour.	<ul><li>Herb, 20-50 cm tall, with large cordiform leaves, originating from temperate regions of the North. introduced in Asia as decorative. According to khmer beliefs, the plant would protect those who cultivate it against burglars and hostile people by giving them dizzinesses, thus the name given to this species.	</li><li>ស្មៅម្យ៉ាងស្លឹកធំៗ កំពស់ ២០-៥០ស.ម ដុះក្នុងប្រទេសរងា មធ្យមនៃទ្វីបអាមេរិកខាងជើង គេនាំមកដាំក្នុងទ្វីបអាស៊ី ជាដើមលំអផ្ទះ ។ ខ្មែរយើងជឿថា ដើមនេះ ធ្វើឱ្យម្ចាស់ផ្ទះបានសុខសាន្ត បើចោរចូលក្នុងរបង ចោរនោះទៅជាវិលមុខ រកទិសមិនឃើញ ពុំអាចលួចប្លន់បានឡើយ ។	</li><li><p-n>More Information	NK &nbsp;&nbsp;: pôpôk vël (mages tournants) &nbsp;ពពកវិល	NOTE	ពេលមានពាក្យ (វល្លិ) (ស្មៅ) (ដើម) ក្នុងវង់ក្រចកខាងក្រោយនាម រុក្ខជាតិ ត្រូវអានពាក្យនោះខាងមុខនាមវិញ។</p-n></li></ul>
ពពាលខែឈ្មោល	TERMINALIA (Combretaceae) 	Terminalia bialata (Roxb.) Steud.	<ul><li>Tree, 8-15 m tall, of the clear forests of Cambodia, Southern Vietnam, Thailand and the Andaman islands (India). Good lumber for small inside works. The decoction of the barks is used as fortifying for the delivered women and against dysentery. 	</li><li>ព្រឹក្សមួយប្រភេទ កំពស់៨-១៥ម ដុះក្នុងព្រៃស្រោង នៃប្រទេសកម្ពុជា វៀតណាមខាងត្បូង ថៃ និងលើកោះ Andaman ។ ឈើអាចប្រើធ្វើគ្រឿងផ្ទះរាយរងបាន ។ គ្រូថ្នាំបុរាណតែង ស្ងោរសំបកធ្វើថ្នាំលើកកំលាំងអោយនារី ទើបសម្រាលកូនផឹក និង សម្រាប់រម្ងាប់រោគមួល ។ 	</li><li><p-n>More Information	NK &nbsp;: pôpiël khè: chmôôl &nbsp;ពពាលខែឈ្មោល	NOTE	ពេលមានពាក្យ (វល្លិ) (ស្មៅ) (ដើម) ក្នុងវង់ក្រចកខាងក្រោយនាម រុក្ខជាតិ ត្រូវអានពាក្យនោះខាងមុខនាមវិញ។</p-n></li></ul>
ពពូលថ្ម	@ពពូលរមៀត	VITEX (Verbenaceae) 	Vitex pinnata L.	<ul><li>Tree, 15-25 m tall, of the clear formations of the Indochinese and Malay Peninsula, India and Sri Lanka. The wood is used to make tools handles. The bark is used to make a tonic drink. The seeds would be vermifuge. The decoction of leaves and barks has the reputation to activate the growth of hairs and beard.	</li><li>ព្រឹក្សម្យ៉ាងកំពស់ ១៥-២៥ម ដុះក្នុងព្រៃស្រោង នៃឧបទ្វីបឥណ្ឌូចិន ជ្វា ប្រទេសឥណ្ឌា និង សេរីលង្កា ។ ឈើសាច់រឹង គេប្រើសម្រាប់ធ្វើជាដងកាំបិត ពូថៅ ។ល។ គ្រូថ្នាំបុរាណស្ងោរសំបក ធ្វើជាថ្នាំលើកកម្លាំង ។ គ្រាប់ជាថ្នាំព្រូន ។ ទឹកស្ងោរនៃស្លឹក និងសំបក គេជឿថាអាចធ្វើអោយសក់ និងពុក ដុះវិញឆាប់ៗ ។	</li><li><p-n>More Information	Syn. &nbsp;: Vitex pubescens Vahl</p-n></li></ul>
ពពូលទឹក	@ពពូលអារៃសត្វ	VITEX (Verbenaceae) 	Vitex glabrata R. Br.	<ul><li>Tree, 10-12 m tall, of the dense tropical formations of Asia and Australia. Wood, graded 1st category. used in construction. The bark is intensively exploited. The fruit and the bark are a component of masticatories. 	</li><li>ព្រឹក្សមួយប្រភេទ កំពស់ ១០-១២ម ដុះក្នុងព្រៃធំ នៃអាស៊ី និងអូស្ត្រាលីផ្នែកក្ដៅ ។ ឈើជាឈើលេខ១ មានតម្លៃ សម្រាប់ប្រើសង់គ្រឿងផ្ទះ ។ គេតែងស្ទោះសំបកទៅលក់ក្នុងផ្សារជាជំនួញ ។ ផ្លែ និងសំបកគេប្រើផ្សំធ្វើថ្នាំ សម្រាប់ទំពារ  អោយចេញទឹកមាត់ ។	</li><li><p-n>More Information	NK &nbsp;: popu:l tük, popoul arey sat’ &nbsp;ពពូលទឹក, ពពូលអារៃសត្វ	NOTE	ពេលមានពាក្យ (វល្លិ) (ស្មៅ) (ដើម) ក្នុងវង់ក្រចកខាងក្រោយនាម រុក្ខជាតិ ត្រូវអានពាក្យនោះខាងមុខនាមវិញ។</p-n></li></ul>
ពពេចចង្វា	WRIGHTIA (Apocynaceae)	Wrightia religiosa (Teijsm. &amp; Binn.) Benth.	<ul><li>Shrub, 1-5 m tall, often with climbing twigs, of the secondary formations of Cambodia, Laos and Vietnam, sometimes cultivated near houses. The small white very fragrant flowers are used to scent ritual water.	</li><li>ឈ្មោះចុល្លព្រឹក្សមួយប្រភេទ មានកំពស់ ១-៥ម ពេលខ្លះវារជាវល្លិដុះក្នុង ព្រៃល្បោះ នៃប្រទេសកម្ពុជា ឡាវ និងវៀតណាម ។ ផ្កាល្អិតៗពណ៌ស មានក្លិនក្រអូបដូចផ្កាម្លិះ គេប្រើសម្រាប់ អប់ទឹកមន្ត ។ 	</li><li><p-n>More Information	NK &nbsp;: pôpéch changwa: &nbsp;ពពេចចង្វា	NOTE	ពេលមានពាក្យ (វល្លិ) (ស្មៅ) (ដើម) ក្នុងវង់ក្រចកខាងក្រោយនាម រុក្ខជាតិ ត្រូវអានពាក្យនោះខាងមុខនាមវិញ។</p-n></li></ul>
ពពេល	@ច្រម៉ាស់ត្រាញ់, @ច្រម៉ាស់ទឹក	HOPEA (Dipterocarpaceae)	Hopea recopei Pierre	<ul><li>Large tree, 30-35 m tall, of the dense forests of plain, Cambodia, Laos, Vietnam and Thailand. Yellowish wood on fresh parts, gray when dry, resistant to termites and bad weather, much in demand for construction and sculpture; it should however be used relatively young because old specimens have a hollow trunk. The resin is of use to the manufacture of varnish.	</li><li>ព្រឹក្សធំមួយ កំពស់ ៣០-៣៥ម ដុះក្នុងព្រៃក្រាស់ លើដីទំនាបនៃឥណ្ឌូចិន (កម្ពុជា លាវ វៀតណាម ថៃ) ។ ឈើ ស្រស់មានពណ៌លឿងភាវ ឈើស្ងួតពណ៌ស្ទើរប្រផេះ រឹង សត្វកណ្តៀរស៊ីមិនដាច់ ត្រូវភ្លៀងខ្យល់មិនខូច មានតម្លៃណាស់ សម្រាប់សង់ផ្ទះ និងធ្វើចម្លាក់ តែត្រូវប្រើដើមមានអាយុតិច ពីព្រោះដើមចាស់ពេកមានប្រហោងក្នុង ។ ជ័រសម្រាប់ធ្វើថ្នាំលាបឱ្យរលោង។	</li><li><p-n>More Information	NK &nbsp;: pôpél, chrâmahs tranh’, chrâmahs tük &nbsp;ពពេល, ច្រម៉ាស់ត្រាញ់, ច្រម៉ាស់ទឹក	NOTE	ពេលមានពាក្យ (វល្លិ) (ស្មៅ) (ដើម) ក្នុងវង់ក្រចកខាងក្រោយនាម រុក្ខជាតិ ត្រូវអានពាក្យនោះខាងមុខនាមវិញ។</p-n></li></ul>
ពពេល (តូច) 	SHOREA (Dipterocarpaceae)	Shorea roxburghiana G. Don	<ul><li>Tree, 10-25 m tall, of the open formations on sandy soils of the Indochinese and Malay Peninsula and the Eastern coasts of India. Pale brownish rather heavy wood, used for construction of boats. The fragments of bark put into the juice of palm tree delay its fermentation. Bark may replace areca nut for betel quid. In traditional medicine, the bark, in association with that of kâkâh (Sindora siamensis), is used in decoction to treat dysentery.	</li><li>ឈ្មោះព្រឹក្សមួយប្រភេទ កំពស់ ១០-២៥ម ដុះក្នុងព្រៃស្រោង ឬល្បោះលើដីខ្សាច់ នៃឧបទ្វីបឥណ្ឌូចិន ជ្វា និងឆ្នេរ            សមុទ្រខាងកើតប្រទេសឥណ្ឌា ។ ឈើពណ៌ដាំដែងស្រអាប់ ធ្ងន់មធ្យម គេប្រើសំរាប់សង់នាវា ។ សំបកគេប្រើដាក់ក្នុងទឹក ត្នោត មិនឱ្យជូរ ឬប្រើស៊ីជាមួយម្លូជំនួសស្លាក៏បាន ។ គ្រូថ្នាំបុរាណស្ងោរសំបកពពេលលាយសំបកកកោះ រំងាប់រោគមួល ។ 	</li><li><p-n>More Information	Syn. &nbsp;: Shorea cochinchinense Pierre</p-n></li></ul>
ពភ្លា	MICROCOS (Tiliaceae)	Microcos tomentosa Sm.	<ul><li>Shrub or small tree, 4-15 m tall, of the clear formations of Southeast Asia. The fruit is edible. The barks are used to make ropes. In traditional Khmer medicine, the decoction of roots is used against cough.	</li><li>ចុល្លព្រឹក្ស ឬព្រឹក្សតូចមួយប្រភេទ កំពស់ ៤-១៥ម ដុះក្នុងព្រៃស្រោង នៃអាស៊ីផ្នែកអាគ្នេយ៍ ។ ផ្លែតូចៗ សាច់ស្វិត          រអិលៗ អាចបរិភោគបាន ។ សំបកសម្រាប់វេញធ្វើខ្សែពួរ ។ គេស្ងោរឬសធ្វើថ្នាំបុរាណ រម្ងាប់រោគក្អក ។ 	</li><li><p-n>More Information	NK : &nbsp;pôphlië ពភ្លា	NOTE	ពេលមានពាក្យ (វល្លិ) (ស្មៅ) (ដើម) ក្នុងវង់ក្រចកខាងក្រោយនាម រុក្ខជាតិ ត្រូវអានពាក្យនោះខាងមុខនាមវិញ។</p-n></li></ul>
ពភ្លាប្រើសធំ	PTEROSPERMUM (Sterculiaceae)	Pterospermum grewiaefolium Pierre	<ul><li>Tree, 25-35 m tall, of the dense and secondary formations of Indochina. The barks are used to make ropes. The wood is in demand for cabinetwork and constructions.	</li><li>ឈ្មោះព្រឹក្សមួយប្រភេទ កំពស់២៥-៣៥ម ដុះក្នុងព្រៃធំ និង ព្រៃល្បោះនៃឥណ្ឌូចិន ។ សរសៃសំបកសំរាប់ធ្វើខ្សែពួរនាវា ។ ឈើមានតម្លៃ គេប្រើធ្វើជា តុ ទូ កៅអី និងសំរាប់សង់ផ្ទះ ។ 	</li><li><p-n>More Information	NK &nbsp;: pophlië &nbsp;prëhs thôm &nbsp;ពភ្លាប្រើសធំ	NOTE	ពេលមានពាក្យ (វល្លិ) (ស្មៅ) (ដើម) ក្នុងវង់ក្រចកខាងក្រោយនាម រុក្ខជាតិ ត្រូវអានពាក្យនោះខាងមុខនាមវិញ។</p-n></li></ul>
ពភ្លាមមិស	GREWIA (Tiliaceae)	Grewia tomentosa Juss.	<ul><li>Shrub, 1-6 m tall, with fawn hairy twigs, of the dense and semi-dense formations of China, Indonesia and Indochinese and Malay Peninsula. The fruits are edible; the children use them in their games.	</li><li>ពភ្លាជាចុល្លព្រឹក្ស កំពស់ ១-៦ម មែកមានរោមច្រើន មានសម្បុរត្នោត ដុះក្នុងព្រៃក្រាស់ និង ក្រាស់មធ្យម នៃប្រទេសចិន ឥណ្ឌូណេស៊ី ឧបទ្វីបឥណ្ឌូចិន និងជ្វា ។ ផ្លែអាចបរិភោគបាន ។ ក្មេងៗយកផ្លែលេងជាល្បែងផ្សេងៗ ។	</li><li><p-n>More Information	NK &nbsp;&nbsp;: &nbsp;pophlea &nbsp;ពភ្លាមមិស	NOTE	ពេលមានពាក្យ (វល្លិ) (ស្មៅ) (ដើម) ក្នុងវង់ក្រចកខាងក្រោយនាម រុក្ខជាតិ ត្រូវអានពាក្យនោះខាងមុខនាមវិញ។</p-n></li></ul>
ពា្រលចៀម	@ស្រោល	TREMA (Ulmaceae)	Trema tomentosa (Roxb.) Hara	<ul><li>Shrub or small tree, 5-9 m tall, of the dense and semi-dense forests of Southeast Asia. The barks are used to make ropes. Wood used in construction.	</li><li>ឈ្មោះចុល្លព្រឹក្សមួយប្រភេទកំពស់៥-៩ម ដុះក្នុងព្រៃក្រាស់ ឬ ក្រាស់មធ្យមនៅអាស៊ីអាគ្នេយ៍ ។ សំបកគេប្រើសំរាប់វេញខ្សែពួរ ។ ឈើគេប្រើធ្វើគ្រឿងផ្ទះ ។	</li><li><p-n>More Information	Syn. &nbsp;: Trema velutina Blume</p-n></li></ul>
ពិកា	@ស្រោមដាវ	OROXYLUM (Bignoniaceae)	Oroxylum indicum (L.) Kurz.	<ul><li>Shrub or small tree, 5-13 m tall, of the secondary formations or of edges of dense forests, in plain and up to 900 m. Species widely spread in tropical Asia. Young leaves, flowers and fruits edible when cooked. Barks and roots used to dye the materials in yellow. In traditional medicine, they are used to treat diarrhea and dysentery.	</li><li>ឈ្មោះចុល្លព្រឹក្ស ឬព្រឹក្សតូចមួយប្រភេទ កំពស់ ៥-១៣ម ដុះក្នុងព្រៃស្រោង ឬតាមមាត់ព្រៃធំ លើដីទំនាប ឬលើភ្នំ ដែលមានកម្ពស់រហូតដល់ ៩០០ម ។ ដើមនេះ មានដុះក្នុងទ្វីបអាស៊ីក្ដៅ ។ ស្លឹកខ្ចីៗផ្កា និងផ្លែបរិភោគបានពេលចំអិនហើយ ។ សំបក និងឬស គេប្រើសម្រាប់ជ្រលក់សំពត់ឱ្យមានពណ៌លឿង ។ ក្នុងក្បួនឱសថបុរាណ គេអាចប្រើធ្វើជាថ្នាំរម្ងាប់រោគរាគមួល ។	</li><li><p-n>More Information	NK &nbsp;&nbsp;: pika, sraôm daw (ce dernier nom signifie étui pour épée) &nbsp;ពិកា, ស្រោមដាវ	NOTE	ពេលមានពាក្យ (វល្លិ) (ស្មៅ) (ដើម) ក្នុងវង់ក្រចកខាងក្រោយនាម រុក្ខជាតិ ត្រូវអានពាក្យនោះខាងមុខនាមវិញ។</p-n></li></ul>
ពីងចាប	ARDISIA (Myrsinaceae)	Ardisia crenata (Sims) Little	<ul><li>Subshrub, 1-2 m tall, found in open forest in tropical and subtropical Asia. Medicinal plant : the juice extracted from root is used against fever and diarrhea. The root’s decoction is drunk against consumption.	</li><li>ដើមចុល្លព្រឹក្សតូចមួយកំពស់ ១ - ២ ម ដុះក្នុងព្រៃល្បោះនៃទ្វីបអាស៊ីផ្នែកក្ដៅ ។ គេយកដើមនេះធ្វើថ្នាំ ទឹកដែល ច្របាច់ពីឫសសំរាប់ព្យាបាលគ្រុន និងរាគ ។ គេអាចស្ងោរឫសផឹក ដើម្បីរំងាប់រោគសួត ។	</li><li><p-n>More Information	Syn. &nbsp;: Ardisia crispa (Thunb.) A. DC.</p-n></li></ul>
ពុកឆ្មាឈ្មោល	TARENNA (Rubiaceae)	Tarenna attenuata Pit.	<ul><li>Shrub, 2-4 m tall, of the dense formations of China, Indochinese Peninsula and the Malay Archipelago. The crushed roots are used in poultice to treat the wounds of the children.	</li><li>ឈ្មោះចុល្លព្រឹក្សមួយកំពស់២-៤ម ដុះក្នុងព្រៃក្រាស់នៅប្រទេសចិន, ឧបទ្វីបឥណ្ឌូចិន និងប្រជុំកោះជ្វា ។ គេបុក         ឬសពុកឆ្មាឈ្មោលធ្វើថ្នាំបំពោកលើដំបៅកូនក្មេង ។  	</li><li><p-n>More Information	NK &nbsp;: puk chhma: chmôôl (bariche de chat mâle) &nbsp;ពុកឆ្មាឈ្មោល	NOTE	ពេលមានពាក្យ (វល្លិ) (ស្មៅ) (ដើម) ក្នុងវង់ក្រចកខាងក្រោយនាម រុក្ខជាតិ ត្រូវអានពាក្យនោះខាងមុខនាមវិញ។</p-n></li></ul>
ពុកឆ្មា	@ព្រះឆ្នែត	PAVETTA (Rubiaceae) 	Pavetta indica L., var. indica 	<ul><li>Slender shrub, 2-4 m tall, of the clear formations of Indochina, Malaysia, Southern China, the Coromandel coast (India) and tropical Australia. The fruits candied in vinegar are used as pickles. In traditional medicine, the leaves are used in plaster against the boils. Their decoction is used as lotion for the ulcerations of the nose. The wood, converted in shavings then boiled, is used to make a tea-like drink, used against rheumatisms. 	</li><li>ឈ្មោះចុល្លព្រឹក្សឆ្មារមួយប្រភេទ កំពស់ ២-៤ម ដុះក្នុងព្រៃស្រោងនៃឥណ្ឌូចិន ប្រទេសជ្វា ចិនខាងត្បូង ឆ្នេរសមុទ្រ ខាងកើតប្រទេសឥណ្ឌា និង ប្រទេសអូស្ត្រាលីផ្នែកក្ដៅ ។ គេប្រើផ្លែត្រាំទឹកខ្មេះ ធ្វើគ្រឿងទេស ។ តាមក្បួនឱសថបុរាណ  ស្លឹកអាចប្រើធ្វើជាកៅយក់បិទបូសទ្រនិច ។ គេស្ងោរស្លឹកយកទឹក សម្រាប់លាងដំបៅរលួយច្រមុះ ។ រំកាច់ឈើដែលគេឈូស អាចស្ងោរផឹកដូចតែ ដើម្បីព្យាបាលជម្ងឺសន្លាក់ឆ្អឹង ។	</li><li><p-n>More Information	NK : &nbsp;puk chhma: (barbiche de chat), prèah chhnaèt &nbsp;&nbsp;ពុកឆ្មា, ព្រះឆែ្នត	NOTE	ពេលមានពាក្យ (វល្លិ) (ស្មៅ) (ដើម) ក្នុងវង់ក្រចកខាងក្រោយនាម រុក្ខជាតិ ត្រូវអានពាក្យនោះខាងមុខនាមវិញ។</p-n></li></ul>
ពុទ្រា	ZIZYPHUS (Rhamnaceae)	Zizyphus mauritiana Lam.	<ul><li>Shrub, 5-10 m tall, of Indian origin, cultivated in the tropical and subtropical regions of the world for its sweet edible fruits. These fruits may be spherical or long-shaped.	</li><li>ព្រឹក្សម្យ៉ាងកំពស់ ៥-១០ម គេនាំពីប្រទេសឥណ្ឌា មកដាំក្នុងស្រុកក្ដៅ និង ក្តៅមធ្យមសកលលោក ជាដំណាំអោយ ផ្លែធ្វើចំណីបរិភោគ ។ ផ្លែពុទ្រាអាចមានរាងមូល ឬទ្រវែង ។	</li><li><p-n>More Information	NA &nbsp;: indian jujube</p-n></li></ul>
ពុំពែន	@ដាវក្រពើ	CERBERA (Apocynaceae)	Cerbera odollam Gaertn.	<ul><li>Shrub or tree, 2-10 m tall, growing on the sandy banks of the rivers and particularly by the sea. Species of tropical Asia and Australia. Green fruits; seeds containing an oil used for lighting. They are also used to catch fishes. The bark, prepared in infusion with coconut milk, rice water and vinegar, constitutes a powerful laxative. The wood makes temporary constructions. 	</li><li>ជាចុល្លព្រឹក្ស ឬព្រឹក្សម្យ៉ាងកំពស់ ២ទៅ១០ម ដុះលើខ្សាច់មាត់ទឹកសាប ឬសមុទ្រ ។ ក្នុងទ្វីបអាស៊ី និងអូស្ត្រាលីក្ដៅ ។ ផ្លែទុំពណ៌បៃតង មានជាតិប្រេងច្រើន ប្រេងនេះអាចដុតបំភ្លឺបាន ។ ពេលខ្លះគេចាក់ប្រេងក្នុងទឹក បំពុលត្រីមុននេសាទ ។ គូ្រថ្នាំ យកសំបកពុំពែនស្ងោរលាយទឹកដូង ទឹកអង្ករ និងទឹកខ្មេះ ធ្វើជាឱសថបញ្ចុះ ។ ឈើអាចប្រើសង់រោង ឬផ្ទះតូចតាចបាន ។	</li><li><p-n>More Information	NA : yellow-eyed cerbera</p-n></li></ul>
ពុលវារ - ប្រវែក	STRYCHNOS (Loganiaceae) 	Strychnos nux-blanda A.W. Hill	<ul><li>Shrub or small tree, 4-12 m tall, growing separately in clear forests, often on gritty soil, in the Indochinese Peninsula. The fruits are toxic. The white seeds are often sold in mixture with those of &quot;slaèng&quot; (Strychnos nux-vomica). Firewood.	</li><li>ឈ្មោះព្រឹក្សតូច ឬចុល្លព្រឹក្សម្យ៉ាងកំពស់៤-១២ម ដុះក្នុងព្រៃស្រោងលើដីមានថ្មភក់ នៅឧបទ្វីបឥណ្ឌូចិន ។ ផ្លែមានធាតុពុលខ្លាំង ។ គេច្រើនប្រើគ្រាប់ពុលវារ លាយជាមួយគ្រាប់ស្លែង បន្លំលក់ក្នុងទីផ្សារ។ មែកធាងគេតែងរើស ធ្វើអុសដុត។	</li><li><p-n>More Information	NK &nbsp;: pul vir-prâvêk &nbsp;ពុលវារ-ប្រវែក	NOTE	ពេលមានពាក្យ (វល្លិ) (ស្មៅ) (ដើម) ក្នុងវង់ក្រចកខាងក្រោយនាម រុក្ខជាតិ ត្រូវអានពាក្យនោះខាងមុខនាមវិញ។</p-n></li></ul>
ពុលឯក 	TRICHOSANTHES (Cucurbitaceae)	Trichosanthes tricuspidata Lour.	<ul><li>Herbaceous liana, crawling along the footpaths, 5-6 m long, in tropical Asia and Australia. The young leaves are edible. The fruits are very toxic. In traditional medicine, the stalk crushed in water gives a drink renowned as effective against the smallpox, if it is absorbed with a bit of python’s bile.	</li><li>ឈ្មោះវល្លិឆ្មារម្យ៉ាងវារលើដី តាមមាត់ផ្លូវ, ប្រវែង៥-៦ម ដុះក្នុងទ្វីបអាស៊ី និងអូស្ត្រាលីផ្នែកក្ដៅ ។ ស្លឹកខ្ចីៗ បរិភោគជា បន្លែបាន ។ ផ្លែមានជាតិពុលខ្លាំង ។ តាមក្បួនឱសថបុរាណគេបុកដើមជាមួយទឹក លាយនិងទឹកប្រមាត់ពស់ថ្លាន់បន្ដិច ហើយផឹក ដើម្បីរម្ងាប់រោគអុតធំ ។	</li><li><p-n>More Information	NK &nbsp;: pul aèk (très toxique) &nbsp;ពុលឯក	NOTE	ពេលមានពាក្យ (វល្លិ) (ស្មៅ) (ដើម) ក្នុងវង់ក្រចកខាងក្រោយនាម រុក្ខជាតិ ត្រូវអានពាក្យនោះខាងមុខនាមវិញ។</p-n></li></ul>
ពូជដើមឈ្មោះ Brassica Oleracea L.	BRASSICA (Cruciferae)	Brassica oleracea L.	<ul><li>From this Chinese species derived by cultivation at least 5 groups, out of which one is specific to temperate countries, thus absent in Cambodia :a. from the &quot;cauliflower&quot; group: spéi phka: ; cauliflowerb. from the &quot;broccoli&quot; group: spéi brocoli ; broccolic. from the &quot;chinese kale&quot; group: khat’ na: ; chinese kaled. from the &quot;headed cabbage&quot; group: spéi khdaôb : headed cabbagee. from the &quot;kales&quot; group: spéi barang’ (western cabbage); green cabbage.	</li><li>ចេញពីពូជដើមដំបូងនេះ មានពូជបង្កាត់ជាច្រើន យ៉ាងតិច ៥ មុខ ៤មុខយើងស្គាល់ ៖a. ស្ពៃ ផ្កា	ឈ្មោះបារាំង :	chou-fleurb. ស្ពៃ ប្រូកូលី	ឈ្មោះបារាំង :	brocoli    ស្ពៃនេះខ្មែរយើងនៅអ៊ឺរ៉ុបខ្លះហៅថា &quot; ខាត់ណាបារាំង &quot; ព្រោះស្លឹកអាចបរិភោគបានដូចស្លឹកខាត់ណាធម្មតាដែរ ។c. ខាត់ណា. ស្ពៃខាត់ណា 	បារាំងហៅថា : brocoli de Chine. d. ស្ពៃ ក្ដោប</li></ul>
ពូជដើមដំបូងឈ្មោះ “ Brassica rapa ” L 	BRASSICA (Cruciferae)	Brassica rapa L.	<ul><li>A species from Mediterranean origin, introduce in China since time immemorial, through West Asia or Mongolia. From this taxum several groups are derivated, of which we mention only two:a. &quot;Chinese cabbage&quot; group, designated in Khmer as &quot;péh chha:y&quot; or &quot;spéi chën slök chhaèk&quot; (Chinese cabbage with denticulate leaves).b. &quot;Pak choi&quot; group, designated in Khmer as &quot;spéi chën&quot; (Chinese cabbage).	</li><li>ដើមកំណើតពូជនេះ គឺប្រទេសនៅជុំវិញសមុទ្រ Méditerranée នាំចូលមកដាំស្រុកចិនរាប់ពាន់ឆ្នាំហើយ កាត់តាមទ្វីបអាស៊ីខាងលិច ឬប្រទេស Mongolie ។ ពូជបង្កាត់មានច្រើនណាស់ យើងអាចស្គាល់តែពីរមុខ គឺ ៖a. “ ប៉ិឆាយ ” (ហៅតាមចិននៅស្រុកខ្មែរ) និង  “ ស្ពៃចិន ” ស្លឹកឆែកៗ ។b. “ ស្ពៃចិន ” ស្លឹកឥតឆែក ។	cultivar du groupe « chou de Chine » nommés en khmer sous les noms de « péh chha:y » ou   « spéi chën slök chhaèk » (chou de Chine à feuilles découpées).b.	cultivar du groupe « Pak choi » nommé en khmer par « spéi chën » (chou de Chine).	</li><li><p-n>More Information	NA : caisin	NOTE</p-n></li></ul>
ពួច 	RHODOMYRTUS (Myrtaceae)	Rhodomyrtus tomentosa (Aiton) Hassk.	<ul><li>Shrub, 1-2 m tall, of the shrubby savannas of tropical Asia. The dark purple fleshy fruits are edible, rather in demand. The barks of the trunk are used for the caulking of boats.	</li><li>ពួច ជាចុល្លព្រឹក្សតូចពួកមួយ កំពស់ ១-២ម ដុះក្នុងព្រៃស្រោងនៃអាស៊ី ផ្នែកក្ដៅ ។ ផ្លែមានសាច់ច្រើន ពណ៌ក្រហមក្រមៅ គេនិយមបរិភោគជាអាហារស្រស់ ។ សរសៃសំបកសំរាប់បិទនៀវទូក ឬកប៉ាល់ ។	</li><li><p-n>More Information	NK &nbsp;: puëch &nbsp;ពួច	NOTE	ពេលមានពាក្យ (វល្លិ) (ស្មៅ) (ដើម) ក្នុងវង់ក្រចកខាងក្រោយនាម រុក្ខជាតិ ត្រូវអានពាក្យនោះខាងមុខនាមវិញ។</p-n></li></ul>
ពួចជូរ	LYONIA (Ericaceae)	Lyonia ovalifolia (Wall.) Drude	<ul><li>Shrub, 2-10 m tall, of the mountains of Southeast Asia. In Cambodia, it is met in the wet low evergreen forests of the Bokor, towards 950-1000 m. The white flowers, arranged in axillary clusters, are often picked to make bundles. The leaves and the fruits are used in the Chinese pharmacies as tonic.	</li><li>ឈ្មោះចុល្លព្រឹក្សមួយប្រភេទកំពស់ ២-១០ម ដុះលើព្រៃភ្នំនៃទ្វីបអាស៊ីផ្នែកអាគ្នេយ៍ ។ នៅស្រុកខ្មែរ ដើមពួចជូរ ច្រើនមានក្នុងព្រៃត្រជាក់ ហើយតឿនៃភ្នំបូកគោ ដែលមានឧព្វេបប្រហែល ៩៥០-១០០០ម ។ ផ្កា ស ដុះជាចង្កោមចេញពីគល់ស្លឹក គេតែងកាត់ដាក់ជើងជាលំអ ។ ស្លឹក និងផ្លែ គ្រូថ្នាំបុរាណចិន នៅប្រទេសខ្មែរ ប្រើធ្វើជាថ្នាំកំលាំង ។	</li><li><p-n>More Information	Syn. &nbsp;&nbsp;: Pieris ovalifolia (Wall.) D. Don</p-n></li></ul>
ពួចអួល	RHODAMNIA (Myrtaceae)	Rhodamnia dumetorum (Poir.) Merr. &amp; L.M. Perry 	<ul><li>Shrub, 2-4 m tall, of the secondary formations of tropical Asia and Australia. The trunks are used to make pickets for fences. The fruits are edible. 	</li><li>ឈ្មោះចុល្លព្រឹក្សម៉្យាង កំពស់ ២-៤ម ដុះក្នុងព្រៃល្បោះនៃអាស៊ី និង អូស្ត្រាលីផ្នែកក្ដៅ ។ ផ្លែពួចអួលបរិភោគ ជាចំណីបាន ។ ដើមសំរាប់ធ្វើបង្គោលរបង ។ 	</li><li><p-n>More Information	Syn. : Rhodamnia trinervia Blume</p-n></li></ul>
ពួយឈ្មោល	CLEIDION (Euphorbiaceae)	Cleidion javanicum Blume	<ul><li>Tree, 10-20 m tall, of secondary formations of tropical Asia. Poisonous plant. The decoction of the leaves would be abortive. 	</li><li>ឈ្មោះរុក្ខជាតិមួយប្រភេទ ជាព្រឹក្សកំពស់ ១០-២០ម ដុះក្នុងពីព្រៃរបោះក្នុងទ្វីបអាស៊ីក្ដៅ ។ ដើមនេះមានជាតិពុល ។ ទឹកស្ងោរស្លឹកពួយឈ្មោល អាចធ្វើឱ្យរលូតកូនពេលស្រ្តីមានផ្ទៃពោះផឹក ។	</li><li><p-n>More Information	NK : pu:ëy chhmôôl &nbsp;ពួយឈ្មោល	NOTE	ពេលមានពាក្យ (វល្លិ) (ស្មៅ) (ដើម) ក្នុងវង់ក្រចកខាងក្រោយនាម រុក្ខជាតិ ត្រូវអានពាក្យនោះខាងមុខនាមវិញ។</p-n></li></ul>
ពោត	ZEA (Gramineae)	Zea mays L.	<ul><li>Giant herb, 1-3 m tall, imported from tropical America and cultivated in the warm regions of the world for its edible ears. They are generally eaten cooked in the water or in ashes ; they may also make pancakes and various dishes. In traditional medicine, the ear is part of a medicinal preparation used by the young mothers to have strength and beautiful complexion. The leaves are of use as fodder. Stalks may be used to make paper mass.	</li><li>ស្មៅធំមួយប្រភេទ កំពស់ ១-៣ម គេនាំពីអាមេរិកក្ដៅ មកដាំជាដំណាំនៅគ្រប់ប្រទេសក្តៅក្នុងលោក ដើម្បីប្រើផ្លែជាអាហារ ។ គេចំអិនដោយស្ងោរ ឬដុត ក្នុងផេះមុនបរិភោគ ឬធ្វើជាបង្អែម ឬម្ហូបផ្សេងៗ ។ នារីទើបនឹងមានកូន តែងប្រើផ្លែពោត ផ្សំធ្វើថ្នាំលាប ដើម្បីអោយមានកម្លាំង និងមានសាច់មុខល្អ ។ ស្លឹកជាចំណីគោ ក្របី ។ ដើមពោតអាចប្រើធ្វើ ជាក្រដាសបាន ។ 	</li><li><p-n>More Information	NA &nbsp;: maize</p-n></li></ul>
ពោតបារាំង	ABELMOSCHUS (Malvaceae)	Abelmoschus esculentus (L.) Moench	<ul><li>Shrub originating from Egypt, acclimatized in all tropical regions of the world ; often grown as an ornemental plant. Edible fruits and young leaves. Staples from the stalk may be woven. Mucilaginous leaves. often used as poultices to be applied on diseased parts.	</li><li>គុម្ពព្រឹក្សមួយប្រភេទ មានដើមកំណើតនៅស្រុកអេហ្ស៊ីប។ គេនិយមដាំនៅប្រទេសក្ដៅ ក្នុង​សកល​លោក​ សំរាប់ប្រើស្លឹក និងផ្លែខ្ចី ដែលគេបរិភោគ។ នៅប្រទេសខ្មែរយើង ច្រើនដាំដើមនេះលំអសួន។	</li><li><p-n>More Information	Syn. : Hibiscus esculentus L.</p-n></li></ul>
ពោធិ៍	FICUS (Moraceae)	Ficus religiosa L.	<ul><li>Tree, 10-25 m tall, of Indian origin, cultivated in the whole Southeast Asia. In Cambodia, it is planted especially in the pagodae and near the markets. The barks can replace areca nut in betel quid. The juice of leaves would be laxative.	</li><li>ឈ្មោះព្រឹក្ស កំពស់ ១០ - ២៥ម នាំពីប្រទេសឥណ្ឌាមកដាំជាលំអ ក្នុងទ្វីបអាស៊ីផ្នែកអាគ្នេយ៍ ។ នៅស្រុកខ្មែរ គេនិយមដាំពោធិ៍ក្នុងទីវត្ត និងជិតផ្សារ ។ សំបកអាចជំនួសស្លាបាន សម្រាប់ស៊ីម្លូ ។ ជ័រពោធិ៍ជាថ្នាំបញ្ចុះ ។	</li><li><p-n>More Information	NF &nbsp;: figuier des pagodes</p-n></li></ul>
ពោធិធ្លេ	HERNANDIA (Hernandiaceae)	Hernandia peltata Meisn.	<ul><li>Small tree or shrub, 4-10 m tall, met in the dense coastal forests of Indochina and Malay Archipelago. The dried leaves are used to make torches. Wood used in constructions.	</li><li>ឈ្មោះព្រឹក្សតូច ឬជាចុល្លព្រឹក្សមួយប្រភេទ កំពស់ពី ៤ទៅ១០ម ដុះក្នុងព្រៃក្រាស់ មាត់សមុទ្រ នៅឧបទ្វីបឥណ្ឌូចិន និង ប្រជុំកោះជ្វា ។ គេប្រើស្លឹកពោធិធ្លេ ហាលស្ងួតធ្វើចន្លុះ ។ ដើមសម្រាប់ធ្វើគ្រឿងផ្ទះ។	</li><li><p-n>More Information	NK &nbsp;&nbsp;: &nbsp;pôô(thi) thlé: &nbsp;ពោធិធ្លេ	NOTE	ពេលមានពាក្យ (វល្លិ) (ស្មៅ) (ដើម) ក្នុងវង់ក្រចកខាងក្រោយនាម រុក្ខជាតិ ត្រូវអានពាក្យនោះខាងមុខនាមវិញ។</p-n></li></ul>
	ឧទាហរណ៏៖&nbsp;		<ul><li>	</li><li>					</li></ul>
ពោធិព្រឹក 	SORBUS (Rosaceae)	Sorbus granulosa (Berth.) Redd.	<ul><li>Shrub, 2-4 m tall, often epiphyte of the mountain forests of India, Southern China, the Indochinese and Malay Peninsula. Edible fruits. Plant in demand for the seeds exported to the temperate countries for decorative cultivation.	</li><li>ចុល្លព្រឹក្សម្យ៉ាង កំពស់ ២-៤ម ពេលខ្លះដុះជាបញ្ញើក្អែក លើដើមឈើព្រៃភ្នំ នៃប្រទេសឥណ្ឌា, ចិនខាងត្បូង, ឧបទ្វីបឥណ្ឌូចិន និងជ្វា ។ ផ្លែអាចបរិភោគបាន ។ គេនិយមបេះផ្លែទុំ យកគ្រាប់នាំទៅលក់ប្រទេសត្រជាក់មធ្យម ដើម្បីដាំជាលំអ ។	</li><li><p-n>More Information	NK &nbsp;: pôô prük (figuier du matin) &nbsp;ពោធិព្រឹក	NOTE	ពេលមានពាក្យ (វល្លិ) (ស្មៅ) (ដើម) ក្នុងវង់ក្រចកខាងក្រោយនាម រុក្ខជាតិ ត្រូវអានពាក្យនោះខាងមុខនាមវិញ។</p-n></li></ul>
ពោលំ្យ	@ពុំសែន	POLYSCIAS (Araliaceae)	Polyscias balfouriana Baill.	<ul><li>Herbaceous plant with rounded off and indented leaves. Originating from North America, it is cultivated as decorative in private houses and around the pagodae and public gardens. Leaves used in inhalation against the headaches. 	</li><li>ជាតិណជាតិមួយ មានស្លឹកមូលឆែក មានប្រភពពីអាមេរិកខាងជើង គេដាំសំរាប់លំអ នៅក្នុងផ្ទះឯកជន តាមវត្ត និង សួនសាធារណៈ ។ ស្លឹកវាប្រើប្រាស់សំរាប់ឆ្ពុង បំបាត់ការឈឺក្បាល ។	</li><li><p-n>More Information	NK &nbsp;: polium, pumsaèn &nbsp;ពោល្យំ, ពុំសែន	NOTE	ពេលមានពាក្យ (វល្លិ) (ស្មៅ) (ដើម) ក្នុងវង់ក្រចកខាងក្រោយនាម រុក្ខជាតិ ត្រូវអានពាក្យនោះខាងមុខនាមវិញ។</p-n></li></ul>
ពោល្យំ	@ពោរយំ	POLYSCIAS (Araliaceae)	Polyscias fructicosa (L.) Harms	<ul><li>Shrub, 0.80-1.50 m tall, with compound leaves, known only in the cultivated state in the whole Indochina. The leaves are used, in inhalation as sudorifics and against dizzinesses. Of aromatic smell, they are used sometimes to scent the linen.	</li><li>គុម្ពព្រឹក្សមួយប្រភេទ កំពស់ ០,៨០-១,៥០ម ស្លឹកឆែកៗ ដាំជាដំណាំក្នុងឥណ្ឌូចិន ។ ស្លឹកក្លិនប្រហើរប្រើជាគ្រឿងអប់ សំពត់អាវ ឬសំរាប់ឆ្ពុងឱ្យបែកញើស និងព្យាបាលជំងឺវិលមុខ ។ 	</li><li><p-n>More Information	Syn. &nbsp;: Tieghemopanax fruticosus (L.) R. Viguier</p-n></li></ul>
ព្កុល	MIMUSOPS (Sapotaceae)	Mimusops elengi L.	<ul><li>Tree, 8-15 m tall, of Malay origin, cultivated everywhere in Southeast Asia as decorative for the very nice-smelling flowers of which festoons are made. Their essential oil is of use to the manufacture of perfume. Dark red wood that may be used in construction. In Cambodia, these flowers inspired a traditional song.	</li><li>ឈ្មោះព្រឹក្សមួយប្រភេទកំពស់ ៨-១៥ម កំណើតក្នុងប្រទេសជា្វ គេដាំនៅអាស៊ីផ្នែកអាគ្នេយ៍ជាលំអ ។ ផ្កាពណ៌លឿង មានក្លិនក្រអូបឈ្ងុយឆ្ងាញ់គេនិយម ប្រើធ្វើជាកម្រង ។ ប្រេងចម្រាញ់ពីផ្កាអាចប្រើធ្វើជាទឹកអប់ ។ ឈើពណ៌ក្រហមក្រមៅ អាចប្រើសំរាប់សង់គ្រឿងផ្ទះរាយរងបាន ។ មានចំរៀងប្រជាប្រិយខ្មែរ មួយស្តីអំពីផ្កាព្កុល “ ផ្កាអើយផ្កាព្កុល គ្រាន់តែយល់ គួរអោយគួចចិត្តស្នេហ៍ ” ។ល។	</li><li><p-n>More Information	NK &nbsp;&nbsp;: phkô’l &nbsp;ព្កុល	NOTE	ពេលមានពាក្យ (វល្លិ) (ស្មៅ) (ដើម) ក្នុងវង់ក្រចកខាងក្រោយនាម រុក្ខជាតិ ត្រូវអានពាក្យនោះខាងមុខនាមវិញ។</p-n></li></ul>
ព្រំ	DRYPETES (Euphorbiaceae)	Drypetes roxburghii (Wall.) Hurus. 	<ul><li>Tree, 7-15 m tall, of open formations of tropical Asia. The leaves give fodder. The wood, non long lasting, is used in temporary building or as firewood.	</li><li>ឈ្មោះព្រឹក្សម្យ៉ាងកំពស់ ៧-១៥ម ដុះលើព្រៃស្រោងនៃទ្វីបអាស៊ីផ្នែកក្តៅ ។ ស្លឹកខ្ចីគេទុកឱ្យសត្វពាហនៈស៊ី ។ ឈើមិនសូវជាប់ល្អទេ តែគេអាចប្រើសម្រាប់សង់រោងបណ្តោះអាសន្នបាន ឬ ធ្វើអុសដុត ។ 	</li><li><p-n>More Information	Syn. &nbsp;: Putranjiva roxburghii Wall.</p-n></li></ul>
ព្រះកំចាត់ 	ZANTHOXYLUM (Rutaceae) 	Zanthoxylum rhetsa DC.	<ul><li>Tree, 8-15 m tall, of the dry and clear dense forests of Indochina and Indian regions. The leaves can replace the hop in rice-beer making. The yellowish white wood is used in woodwork.	</li><li>ព្រះកំចាត់ជាព្រឹក្ស កំពស់ ៨-១៥ម ដុះក្នុងព្រៃស្រោង ឬព្រៃក្រាស់ជ្រុះស្លឹករដូវប្រាំង នៅប្រទេសឥណ្ឌា និង ឥណ្ឌូចិន ។ គេប្រើស្លឹក ជាគ្រឿងអប់ប៊ីយែរ ដែលធ្វើអំពីអង្ករជំនួស ផ្កាហ៊ូហ្លុង ។ ឈើពណ៌លឿង ភ្លាវ អាចប្រើធ្វើគ្រឿងសង់ ផ្ទះ ឬ ធ្វើ តុ ទូ ជាដើម ។	</li><li><p-n>More Information	NK &nbsp;: preahs kâmchat’ (dieu disperse) &nbsp;ព្រះកំចាត់	NOTE	ពេលមានពាក្យ (វល្លិ) (ស្មៅ) (ដើម) ក្នុងវង់ក្រចកខាងក្រោយនាម រុក្ខជាតិ ត្រូវអានពាក្យនោះខាងមុខនាមវិញ។</p-n></li></ul>
ព្រះខ្លបដំរី	MIMOSA (Leguminosae-Mimisoideae) 	Mimosa invisa C. Mart.	<ul><li>Slender, very thorny climbing shrub, originating from tropical America, growing in the clearings of the forests along the roads and in the undergrowth. In traditional medicine, the leaves, in infusion, are used against eruptive fever. 	</li><li>ឈ្មោះគុម្ពព្រឹក្សឆ្មារមួយប្រភេទមានបន្លាវារឬស្ទើរវារ, កំណើតក្នុងប្រទេសអាមេរិកក្តៅ, ដុះលើដីវាល ជិតមាត់ព្រៃ ,តាមមាត់ផ្លូវ និងក្នុងព្រៃគុម្ពោត ។ ស្លឹកអាចឆុងផឹក តាមរបៀបថ្នាំបុរាណ, ដើម្បីព្យាបាលគ្រុនមានពិសលើស្បែក ។	</li><li><p-n>More Information	NK &nbsp;&nbsp;: &nbsp;prèah khlâ:b dâmréi, &nbsp;ព្រះខ្លបដំរី	NOTE	ពេលមានពាក្យ (វល្លិ) (ស្មៅ) (ដើម) ក្នុងវង់ក្រចកខាងក្រោយនាម រុក្ខជាតិ ត្រូវអានពាក្យនោះខាងមុខនាមវិញ។</p-n></li></ul>
ព្រះខ្លបយក្ស	@បន្លាយក្ស	MIMOSA (Leguminosae-Mimisoideae) 	Mimosa pigra L. 	<ul><li>Thorny shrub, of American origin, introduced accidentally in Asia from the beginning of this century. It is met under the form of weed in the wet places without vegetation, in particular around the Great Lakes of Cambodia. Plant which may be used as green manure.	</li><li>គុម្ពព្រឹក្សមានបន្លាជាច្រើន កំណើតក្នុងប្រទេសអាមេរិកក្ដៅ គេនាំចូលពីដើមសតវត្សក្នុងទ្វីបអាស៊ី ។ នៅអាស៊ីផ្នែក អាគ្នេយ៍ ដើមបន្លាយក្ស ដុះដែលដាលគ្រប់កន្លែង គុម្ពព្រឹក្សបន្លានេះច្រើនដុះលើដីសើមណាដែលគេកាប់ឈើអស់ឬជិតអស់ ដូចជាជុំវិញទន្លេសាបប្រទេសខ្មែរជាដើម, កន្លែងណាមានឈើ ច្រើនបន្លាយក្សពុំអាចដុះបានឡើយ ។ (អ្នកខ្លះអោយឈ្មោះខុសថា ជាបន្លាយួន) ។ ដើមនេះអាចប្រើធ្វើជាជីស្រស់បាន ។ 	</li><li><p-n>More Information	NA &nbsp;&nbsp;: giant sensitive</p-n></li></ul>
ព្រះខ្លប	@សំពះ	MIMOSA (Leguminosae-Mimisoideae) 	Mimosa pudica L.	<ul><li>Sub-shrub or strong herb, of American origin, introduced into the tropical regions of the world. In some countries, the plant is very invasive and fought. In Cambodia, the species is seen along the roads and in the cultivated places. In traditional medicine, the infusion of the twigs with leaves is used against feverish aches. It would have also soothing and soporific properties.	</li><li>គុម្ពព្រឹក្សឬស្មៅរឹងម្យ៉ាងនាំមកពីទ្វីបអាមេរិកក្ដៅ ។ ឥឡូវដុះឯងៗ កន្លែងគ្មានព្រៃក្នុងប្រទេសក្តៅសកលលោក ។ នៅប្រទេសខ្លះព្រះខ្លបជាស្មៅអាក្រក់ ពីព្រោះដុះពាសពេញដីចំការដំណាំ ។ នៅប្រទេសខ្មែរដើមនេះដុះតែតាមមាត់ផ្លូវ និង លើដីវាល ។ គ្រូបុរាណស្ងោរមែក, ស្លឹកព្រះខ្លប ឱ្យអ្នកគ្រុន និងចុកដៃ ជើង ផឹក ។ ទឹកស្ងោរនេះ អាចធ្វើអោយស្ងប់ចិត្ត និង          អោយងងុយដេក ។ 	</li><li><p-n>More Information	NF &nbsp;&nbsp;: sensitive</p-n></li></ul>
ព្រះតាហឹង	PRUNUS (Rosaceae)	Prunus arborea (Blume) Kalkman	<ul><li>Tree. 8-20 m tall. of the dense forests of plain and altitude in Southeast Asia. In Cambodia, it is met on the Knâng Krâpeu mountain (Kompong Chhnang), towards 1000-1500 m. The trunk is in demand to make houses pillars.	</li><li>ឈ្មោះព្រឹក្សមួយពួក កំពស់ ៨-២០ម ដុះលើដីទំនាប និងលើភ្នំនៃអាស៊ីផ្នែកអាគ្នេយ៍ ។ នៅស្រុកខ្មែរ ដើមនេះច្រើន ដុះលើភ្នំ ខេត្តកំពង់ឆ្នាំង ឈ្មោះខ្នងក្រពើ ដែលកំពស់ ១០០០-១៥០០ម ។ ឈើមានតម្លៃណាស់ សំរាប់ធ្វើសរសរផ្ទះ ។ 	</li><li><p-n>More Information	NK &nbsp;: prèah ta: hü:ng &nbsp;ព្រះតាហឹង	NOTE	ពេលមានពាក្យ (វល្លិ) (ស្មៅ) (ដើម) ក្នុងវង់ក្រចកខាងក្រោយនាម រុក្ខជាតិ ត្រូវអានពាក្យនោះខាងមុខនាមវិញ។</p-n></li></ul>
ព្រះភ្នៅ	TERMINALIA (Combretaceae) 	Terminalia triptera Stapf	<ul><li>Tree with whitish bark, 10-30 m tall, of the dense formations of Hainan (China), the Indochinese and Malay Peninsula. Wood used in the construction as skeletons. Bark may replace areca nut in betel quid. In traditional medicine, it is used in infusion or in decoction to treat dysentery. 	</li><li>ព្រឹក្សមួយប្រភេទសំបកស ប្រផេះ កំពស់១០-៣០ម ដុះក្នុងព្រៃក្រាស់ នៃប្រទេសចិន(ហៃណាំ), ឧបទ្វីបឥណ្ឌូចិន និងជ្វា ។ ឈើគេប្រើសម្រាប់ធ្វើជាគ្រឿងដំបូលផ្ទះ ។ សំបកអាចស៊ីជំនួសស្លាបាន ។ គ្រូថ្នាំបុរាណតែងឆុង ឬស្ងោរសំបក ព្រះភ្នៅ ធ្វើថ្នាំរម្ងាប់រោគមួល ។	</li><li><p-n>More Information	Syn. &nbsp;: Terminalia nigrovenulosa Pierre ex Gagnepain</p-n></li></ul>
ព្រលិត	NYMPHAEA (Nympheaceae)	Nymphaea lotus L.	<ul><li>Aquatic herb, with an underground stem (rhizome) sunk in the mud and which directly carries petioles and floral peduncles. Swimming leaves, with limb spread on the surface of water, and toothed edges around. Reddish, whitish or rose flowers. Species distributed in all the warm and temperate regions of the globe. introduced in Egypt around 2000 B.C., met on the mummies of the Ramses. The young floral peduncles are eaten raw as vegetables, or cooked in the &quot;sâmlâ&quot;. Young edible ovaries. In traditional Khmer medicine, the leaves are said to be febrifuge and are used as poultice on the forehead of the patient. 	</li><li>ឈ្មោះ តិណជាតិ ដុះក្នុងទឹកមួយប្រភេទ មានមែកកប់ក្នុងភក់ មកនេះបង្កើតស្លឹក និងផ្កា ។ ស្លឹកអណ្តែតលើទឹក ជុំវិញវារាងជាធ្មេញរណារ ។ ផ្កាសម្បុរក្រហមភាវ ឬ ស ឬពណ៌ផ្កាឈូកភ្លាវ ។ ដើមនេះមានដុះនៅគ្រប់ប្រទេសក្ដៅ និង ត្រជាក់មធ្យមសកលលោក ។ ស្រុក Egypte នាំចូលទៅដាំប្រហែលក្នុងសតវត្ស ២០០០មុន គ.ស ពីព្រោះគេរកឃើញ ក្នុងសាកសពស្ងួតក្រៀមនៃស្ដេចត្រកូល “ រាំសែស ” (Ramsés)។ ទងផ្កាខ្ចីៗគេធ្វើជាបន្លែបរិភោគឆៅ ឬក្នុងសម្ល ។ អណ្ឌា -ស័យខ្ចីៗ ក៏អាចបរិភោគជាបន្លែបានដែរ ។ គ្រូថ្នាំបុរាណខ្មែរ តែងប្រើស្លឹកព្រលិតបំពោកលើថ្ងាស អ្នកមានជម្ងឺគ្រុនក្តៅ ។	</li><li><p-n>More Information	NF : &nbsp;népuphar</p-n></li></ul>
ព្រហ៊ូត	GARCINIA (Guttiferae)	Garcinia vilersiana Pierre 	<ul><li>Tree, 10-15 m tall, of the dense forests of Thailand, Cambodia, Laos and Southern Vietnam. The bark gives the best green dye of Southeast Asia. In traditional Cambodian medicine, the barks associated to those of &quot;trômu:ng&quot; (G. oliveri Peter) is used to make poultices applied on the sprains. The wood, white yellowish, is used for constructions.	</li><li>ព្រហ៊ូតជាព្រឹក្សកំពស់ ១០-១៥ម ដុះក្នុងព្រៃក្រាស់ នៃប្រទេសថៃ ខ្មែរ លាវ និងវៀតណាមខាងត្បូង ។ សំបក សម្រាប់ធ្វើថ្នាំជ្រលក់សំពត់ល្អប្រណិតឱ្យមានពណ៌បៃតង ។ គ្រូហ្មខ្មែរ យកសំបកព្រហ៊ូតលាយជាមួយសំបកទ្រមូង ធ្វើថ្នាំបំពោកលើដៃ ជើងគ្រេច ។ ឈើមានពណ៌ស លឿង ប្រើសម្រាប់សង់ផ្ទះ ។	</li><li><p-n>More Information	NK &nbsp;: &nbsp;prôhus &nbsp;ព្រហ៊ូត	NOTE	ពេលមានពាក្យ (វល្លិ) (ស្មៅ) (ដើម) ក្នុងវង់ក្រចកខាងក្រោយនាម រុក្ខជាតិ ត្រូវអានពាក្យនោះខាងមុខនាមវិញ។</p-n></li></ul>
ព្រហូតទឹក	@តាត្រៅទឹក, @ហង់ទឹក	FAGRAEA (Loganiaceae) 	Fagraea racemosa Jack ex Wall.	<ul><li>Shrub or small tree, 6-15 m tall, of dense forests on sandy or clayey soil between 0 and 2000 m of Indochinese and Malay Peninsula, India, Salomon Islands and tropical Australia. The wood is used in construction and as firewood.	</li><li>ឈ្មោះព្រឹក្សតូច ឬចុល្លព្រឹក្សមួយប្រភេទ កំពស់ ៦ ទៅ ១៥ម ដុះក្នុងព្រៃធំលើដីខ្សាច់ ឬដីឥដ្ឋ នៃអាស៊ី និងអូស្ត្រាលីក្ដៅ ។ ឈើប្រើសម្រាប់ សង់ផ្ទះ និងដុតកំដៅ ។ 	</li><li><p-n>More Information	NK &nbsp;: prôhu:t tük, tatraw tük, hâng tük &nbsp;ព្រហ៊ូតទឹក, តាត្រៅទឹក, ហង់ទឹក	NOTE	ពេលមានពាក្យ (វល្លិ) (ស្មៅ) (ដើម) ក្នុងវង់ក្រចកខាងក្រោយនាម រុក្ខជាតិ ត្រូវអានពាក្យនោះខាងមុខនាមវិញ។</p-n></li></ul>
ព្រហ៊ូតភ្នំ 	GARCINIA (Guttiferae)	Garcinia cambodgiensis Vasque	<ul><li>Tree, 8-12 m tall, of the dense mountain forests of Cambodia, Laos and Vietnam. The barks give a green dye. The wood, although little durable, is used building.	</li><li>ឈ្មោះព្រឹក្សមួយប្រភេទ កំពស់ ៨-១២ម ដុះក្នុងព្រៃភ្នំ នៃប្រទេសកម្ពុជា លាវ វៀតណាម ។ សំបក សម្រាប់ជ្រលក់សំពត់ឱ្យពណ៌បៃតង ។ ឈើមិនសូវជាប់យូរទេ តែគេអាចប្រើធ្វើកា្ដរសង់ផ្ទះបាន ។	</li><li><p-n>More Information	NK &nbsp;: pro:hu:t phnôm &nbsp;ព្រហ៊ូតភ្នំ	NOTE	ពេលមានពាក្យ (វល្លិ) (ស្មៅ) (ដើម) ក្នុងវង់ក្រចកខាងក្រោយនាម រុក្ខជាតិ ត្រូវអានពាក្យនោះខាងមុខនាមវិញ។</p-n></li></ul>
ព្រះអន្លក់	PLUCHEA (Compositae) 	Pluchea indica (L.) Less.	<ul><li>Shrub, 2-3 m tall, of the open formations of Southeast Asia. Purple, aromatic leaves, very appreciated as vegetables. In traditional Khmer medicine, the crushed leaves applied in poultice would be very effective against the lumbago. The decoction of roots is absorbed to facilitate the perspiration in case of fever.	</li><li>ឈ្មោះចុល្លព្រឹក្សមួយកំពស់២-៣ម ដុះក្នុងព្រៃស្រោងឬទីវាលនៃអាស៊ីផ្នែកអាគ្នេយ៍ ។ ស្លឹកមានពណ៌ស្វាយ ក្លិនប្រហើរ គេនិយមបរិភោគជាបន្លែ ។ ក្នុងក្បួនឧសថ ស្លឹកបុកល្អិត សម្រាប់ធ្វើជាថ្នាំបំពោកឱ្យបាត់ចុកចង្កេះ ។ គេស្ងោរឬសផឹកដើម្បីឱ្យបែកញើសច្រើនពេលគ្រុន ។	</li><li><p-n>More Information	NK &nbsp;: &nbsp;phèah ânluëk (légumes des dieux) &nbsp;ព្រះអន្លក់	NOTE	ពេលមានពាក្យ (វល្លិ) (ស្មៅ) (ដើម) ក្នុងវង់ក្រចកខាងក្រោយនាម រុក្ខជាតិ ត្រូវអានពាក្យនោះខាងមុខនាមវិញ។</p-n></li></ul>
ព្រាលខ្សាច់	@ប្រលាស់ព្រះ 	HELICTERES (Sterculiaceae)	Helicteres elliptica Tardieu	<ul><li>Shrub, 1-1.50 m tall, of the clear forests of Cambodia. The roots are a component of a remedy against the fractures.	</li><li>ឈ្មោះគុម្ពព្រឹក្សមួយប្រភេទ កំពស់ ១-១,៥០ម ដុះក្នុងព្រៃស្រោងនៃប្រទេសកម្ពុជា ។ គ្រូថ្នាំបុរាណ យកឬសដើមនេះ ផ្សំធ្វើថ្នាំព្យាបាលដំណើរបាក់ឆ្អឹង ។	</li><li><p-n>More Information	NK &nbsp;: &nbsp;priël khsach’, prâlâhs prèah &nbsp;ព្រាលខ្សាច់, ប្រលាស់ព្រះ	NOTE	ពេលមានពាក្យ (វល្លិ) (ស្មៅ) (ដើម) ក្នុងវង់ក្រចកខាងក្រោយនាម រុក្ខជាតិ ត្រូវអានពាក្យនោះខាងមុខនាមវិញ។</p-n></li></ul>
ព្រាលចន្លុះ	@ ព្រាលវេញខ្សែ	COLONA (Tiliaceae)	Colona auriculata Craib	<ul><li>Shrub, 2-6 m tall, of degraded forests of Indochina. The dried leaves, soaked with resin, are used for making torches. The barks are used to make ropes.	</li><li>ឈ្មោះចុល្លព្រឹក្សមួយប្រភេទ កំពស់ ២-៦ម ក្នុងព្រៃល្បោះនៃឥណ្ឌូចិន ។ ស្លឹកហាលឱ្យស្ងួត ហើយត្រាំក្នុងជ័រ សម្រាប់ធ្វើចន្លុះ ។ សរសៃសំបកគេប្រើសម្រាប់វេញខ្សែ ។ 	</li><li><p-n>More Information	NK &nbsp;: pri:ël chânlohs (chanlohs: torche) - pri:ël vinh khsaè (vinh khsaè: tresser des cordes)</p-n></li></ul>
ព្រាលជ្រូក	@កន្ទុយកំប្រុក	HELICTERES (Sterculiaceae)	Helicteres hirsuta Lour.	<ul><li>Shrub, 0.60-1.50 m tall, completely covered with star-shaped hairs, of the clear forests of Southeast Asia. The barks are of use to the preparation of the bags for paddy and ropes.	</li><li>ព្រាលជ្រូក ជាគុម្ពព្រឹក្ស កំពស់ ០,៦០-១,៥០ម មានរោមជាច្រើន រាងជាផ្កាយ លើមែកធាងស្លឹក ដុះក្នុងព្រៃស្រោង នៅទ្វីបអាស៊ីផ្នែកអាគ្នេយ៍ ។ សំបក សម្រាប់ត្បាញធ្វើការុង បាវស្រូវ និងវេញខ្សែ ។	</li><li><p-n>More Information	NK &nbsp;: priël chrouk (chrouk signifie porc), kantuy kâmprôk (queue d’écureuil) ព្រាលជ្រូក, កន្ទុយ កំប្រុក	NOTE	ពេលមានពាក្យ (វល្លិ) (ស្មៅ) (ដើម) ក្នុងវង់ក្រចកខាងក្រោយនាម រុក្ខជាតិ ត្រូវអានពាក្យនោះខាងមុខនាមវិញ។</p-n></li></ul>
ព្រាលឈ្មោល	CLADOGYNOS (Euphorbiaceae)	Cladogynos orientalis Zipp. ex Span.	<ul><li>Tree, 6-15 m tall, of clear forests of Southeast Asia. The dried leaves, soaked with Dipterocarpus’s resin. are used for making torches. The barks are used to make ropes.	</li><li>ឈ្មោះឈើតូចមួយប្រភេទ កំពស់៦-១៥ម ដុះក្នុងព្រៃរបោះ នៃអាស៊ីផ្នែកអាគ្នេយ៍ ។ ស្លឹកជ្រលក់នឹងជ័រទឹកជាដើម សម្រាប់ធ្វើចន្លុះ ។ សំបកមានសរសៃប្រើការវេញខ្សែ ។	</li><li><p-n>More Information	NK : pri:ël chhmôôl &nbsp;ព្រាលឈ្មោល	NOTE	ពេលមានពាក្យ (វល្លិ) (ស្មៅ) (ដើម) ក្នុងវង់ក្រចកខាងក្រោយនាម រុក្ខជាតិ ត្រូវអានពាក្យនោះខាងមុខនាមវិញ។</p-n></li></ul>
ព្រាលប្រើស	@ប៉ាងឆែក	PTEROSPERMUM (Sterculiaceae)	Pterospermum semisagittatum Ham.	<ul><li>Tree, 20-25 m tall, with reddish barks, of the dense and secondary formations of Indochina and Indian regions. The thick bark replaces arec for the betel quid. The heavy wood, with fine grain, brownish, is valued for houses columns.	</li><li>ព្រឹក្សពួកមួយកំពស់ ២០-២៥ម មានសំបកពណ៌ក្រហមភ្លាវ ដុះក្នុងព្រៃក្រាស់ និងព្រៃល្បោះនៃឥណ្ឌូចិន និងប្រទេសឥណ្ឌា ។ សំបកក្រាស់ អាចស៊ីម្លូ ជំនួសស្លាបាន ។ ឈើសាច់ម៉ដ្ឋ ធ្ងន់ ពណ៌ត្នោត មានតម្លៃសំរាប់ធ្វើជាសសរផ្ទះ ។	</li><li><p-n>More Information	NK &nbsp;: priël prëhs, pa:ng chhaèk &nbsp;ព្រាលប្រើស, ប៉ាងឆែក	NOTE	ពេលមានពាក្យ (វល្លិ) (ស្មៅ) (ដើម) ក្នុងវង់ក្រចកខាងក្រោយនាម រុក្ខជាតិ ត្រូវអានពាក្យនោះខាងមុខនាមវិញ។</p-n></li></ul>
ព្រិច	MELIENTHA (Opiliaceae) 	Melientha suavis Pierre 	<ul><li>Shrub, 4-8 m tall, rarely 13 m, of the dense forests of Cambodia, Laos, Vietnam, Malay peninsula, Sabah and the Philippines. In Cambodia, the leaves are said to be to the most delicious of all vegetables. They are eaten cooked in various culinary preparations. They are rarely sold on the Phnom Penh markets. Very rich in proteins and C vitamin.	</li><li>ព្រិចជាចុល្លព្រឹក្សមួយប្រភេទកំពស់ ៤-៨ម ដុះក្នុងព្រៃធំនៅឥណ្ឌូចិន ឧបទ្វីបជ្វា កោះសាបា និងប្រទេសហ្វីលីពីន។ ខ្មែរតែងពោលថា គ្មានបន្លែអ្វីឆ្ងាញ់ជាងស្លឹកព្រិចឡើយ ។ ពេលខ្លះ គេប្រទះឃើញស្លឹកព្រិចលក់ក្នុងផ្សារ ។ ស្លឹកនេះមានជាតិ ប្រូតេអ៊ីន និងវីតាមីន C ជាច្រើន ។	</li><li><p-n>More Information	NK &nbsp;: prich ព្រិច	NOTE	ពេលមានពាក្យ (វល្លិ) (ស្មៅ) (ដើម) ក្នុងវង់ក្រចកខាងក្រោយនាម រុក្ខជាតិ ត្រូវអានពាក្យនោះខាងមុខនាមវិញ។</p-n></li></ul>
ព្រីងឃ្មុំ	SYZYGIUM (Myrtaceae)	Syzygium cochinchinense (Gagnep.) Merr. &amp; L.M. Perry	<ul><li>Tree, 11-20 m tall, of the dense and mixed forests of plain and low altitude in Cambodia, Laos, Vietnam and Thailand. Flowers much attractive to the bees, which justifies its Khmer name. The fruits are edible. The wood is used in carpentry.	</li><li>ព្រីងឃ្មុំ ជាព្រឹក្សមួយប្រភេទកំពស់ពី១១-២០ម ដុះក្នុងព្រៃធំលើដីទំនាប ឬ លើភ្នំតូចៗមធ្យមនៅប្រទេសថៃ ខ្មែរ និង វៀតណាម ។ មានសត្វឃ្មុំមករោមក្រេបជញ្ជក់ ផ្កាព្រីងឃ្មុំជាច្រើនរាល់ថ្ងៃ ។ ផ្លែទុំអាចបរិភោគបាន ។ ឈើគេប្រើសម្រាប់ ធ្វើតុ ទូ និងគ្រឿងឈើផ្សេងៗ ។	</li><li><p-n>More Information	Syn. : Eugenia cochinchinensis Gagnep.</p-n></li></ul>
ព្រីងចន្លុះ	SYZYGIUM (Myrtaceae)	Syzygium cinereum (Kurz) P. Chantaranothai &amp; J. Parnell	<ul><li>Tree, 10-20 m tall, of the clear formations of tropical Asia. The fruits are edible, appreciated enough. The barks are used to make torches. Wood sometimes used in construction for the small inside works.	</li><li>ព្រីងចន្លុះកំពស់ ១០-២០ម ក្នុងព្រៃស្រោង នៅទ្វីបអាស៊ីក្ដៅ ។ គេយកសំបកធ្វើចន្លុះ ។ ឈើគេអាចប្រើធ្វើ គ្រឿងផ្ទះរាយរងបាន ។ 	</li><li><p-n>More Information	Syn. &nbsp;: Eugenia cinerea Kurz</p-n></li></ul>
ព្រីងចាន់	SYZYGIUM (Myrtaceae)	Syzygium laosensis (Gagnep.) Merr. &amp; L.M. Perry	<ul><li>Tree, 10-15 m tall. of the dense and mixed forests of Indochina, Indian regions and Malay peninsula. Wood used in woodwork. 	</li><li>ព្រីងចាន់ កំពស់ ១០-១៥ម ដុះក្នុងព្រៃធំលាយព្រៃជ្រុះស្លឹករដូវប្រាំង នៅឧបទ្វីបឥណ្ឌូចិន និង ជា្វ ។ ឈើគេអាចប្រើ ធ្វើគ្រឿងសង់ផ្ទះ ឬ តុ ទូ ។ល។	</li><li><p-n>More Information	Syn. &nbsp;: Eugenia laosensis Gagnep.</p-n></li></ul>
ព្រីងបាយ	@ព្រីងដោះក្របី 	SYZYGIUM (Myrtaceae)	Syzygium cumini (L.) Skeels	<ul><li>Tree, 10-30 m tall, of the dense tropical formations of Asia and Australia. Species often cultivated for its big edible, much in demand fruits. They are found on markets. The decoction of leaves, barks and wood is used as antidiabetic. 	</li><li>ព្រីងឈ្មោះនេះមានកំពស់១០-៣០ម ដុះក្នុងព្រៃធំនៅទ្វីបអាស៊ី និងអូស្ត្រាលីក្តៅ ។ គេនិយមដាំយកផ្លែធំធ្វើចំណី ។ នៅស្រុកខ្មែរ ព្រីងដោះក្របីតែងមានលក់ក្នុងផ្សារពេលចូលឆ្នាំ ។ គ្រូថ្នាំ បុរាណប្រើស្លឹក សំបក និងដើមកាត់កង់ៗ ស្ងោរ ព្យាបាល ជម្ងឺទឹកនោមផ្អែម ។	</li><li><p-n>More Information	Syn. &nbsp;: Eugenia jambolana Lam.</p-n></li></ul>
ព្រីងភ្នំ	@ព្រីងជូរ 	SYZYGIUM (Myrtaceae)	Syzygium longiflorum C. Presl	<ul><li>Tree, 10-30 m tall, of the dense formations of plain and average altitude, in Indochina and Indian regions. The fruits are eaten by the children. The wood is of use in construction. 	</li><li>ព្រីងភ្នំ ឬព្រីងជូរមានកំពស់ ១០-៣០ម ដុះក្នុងព្រៃធំនៃឥណ្ឌូចិន និង ឥណ្ឌា ។ ផ្លែទុំ ក្មេងៗបរិភោគជាចំណី ។ ឈើជាប់ល្អគេប្រើសម្រាប់សង់ផ្ទះ ។	</li><li><p-n>More Information	Syn. &nbsp;: Syzygium lineatum (Blume) Merr. &amp; L.M. Perry</p-n></li></ul>
ព្រីងអាចម៍កណ្តុរ	SYZYGIUM (Myrtaceae)	Syzygium baviense (Gagnep.) Merr. &amp; L.M. Perry 	<ul><li>Tree, 10-20 m tall, of the dense forests of plain, in Cambodia, Laos and Vietnam. The fruits are edible. Good wood for heating.	</li><li>ឈ្មោះព្រឹក្សម្យ៉ាងកំពស់ ១០-២០ម ដុះក្នុងព្រៃធំលើទីទំនាបនៅប្រទេសកម្ពុជា ឡាវ និងវៀតណាម ។ ផ្លែទុំអាច បរិភោគជាចំណីបាន ។ មែកធាងស្ងួតគេប្រើជាអុស ។ 	</li><li><p-n>More Information	Syn &nbsp;: Eugenia baviensis Gegnep.</p-n></li></ul>
ព្រីងអួល	SYZYGIUM (Myrtaceae)	Syzygium bracteatum (Wight) Trâm Tiêndiêp 	<ul><li>Shrub, 1-8 m tall, of the dense decideous forests of Cambodia, Vietnam and Indian regions. Edible but little appreciated fruits. Wood used for the construction of huts.	</li><li>ព្រីងអួលមានកំពស់ ១-៨ម ដុះក្នុងព្រៃក្រាស់ជ្រុះស្លឹករដូវប្រាំងនៅប្រទេសខ្មែរ វៀតណាម និងឥណ្ឌា ។ ផ្លែអាច បរិភោគជាចំណីលេងបាន ព្រោះមិនសូវមានសាច់។ ដើមព្រីងអួលគេច្រើនប្រើសម្រាប់សង់ខ្ទម ។	</li><li><p-n>More Information	Syn. : Eugenia bracteata Roxb.</p-n></li></ul>
ព្រឹងស្រទាប់	SYZYGIUM (Myrtaceae)	Syzygium polyanthum (Wight) Walp.	<ul><li>Shrub, 10-25 m tall, of the dense and secondary formations of Indochina and Malay Archipelago. The fruits are edible. The barks are used to make torches and for dyeing the fishing nets. Wood used in construction. In traditional medicine the decoction of the bark would be effective against diarrhoeas.	</li><li>ព្រីងស្រទាប់កំពស់ ១០-២៥ម ឥណ្ឌូចិនក្នុងព្រៃល្បោះ ឬព្រៃធំ ។ ផ្លែទុំអាចបរិភោគជាចំណីបាន ។ គេនិយមប្រើ សំបកធ្វើចន្លុះ ។ 	</li><li><p-n>More Information	NK &nbsp;: pri:ng srâtôab &nbsp;ព្រីងស្រទាប់	NOTE	ពេលមានពាក្យ (វល្លិ) (ស្មៅ) (ដើម) ក្នុងវង់ក្រចកខាងក្រោយនាម រុក្ខជាតិ ត្រូវអានពាក្យនោះខាងមុខនាមវិញ។</p-n></li></ul>
ព្រុមបន្លា	CARISSA (Apocynaceae) 	Carissa cochinchinensis Pierre ex Pit.	<ul><li>A shrub, 4 to 5 m tall, branching and thorny, met in open formations of the Indochinese Peninsula, sometimes cultivated to make quickset hedges, or as defensive plant because of its numerous ramifications and thorns. The roots are used to facilitate digestion.	</li><li>ដើមនេះជាចុល្លព្រឹក្ស កំពស់ ៤-៥ម ស្ទើវារ មានបន្លា ដុះនៅព្រៃល្បោះក្នុងឧបទ្វីបឥណ្ឌូចិន គេនិយមដាំព្រុមបន្លា សម្រាប់ធ្វើរបងស្រស់ ឬរបងការពារ ពីព្រោះជាចុល្លព្រឹក្ស ដែលមានមែកសាខា និងមានបន្លាច្រើន ។ ឬសសម្រាប់ធ្វើថ្នាំ ព្យាបាលរោគក្រពះ ។	</li><li><p-n>More Information	NK : prum bânla: &nbsp;ព្រុមបន្លា	NOTE	ពេលមានពាក្យ (វល្លិ) (ស្មៅ) (ដើម) ក្នុងវង់ក្រចកខាងក្រោយនាម រុក្ខជាតិ ត្រូវអានពាក្យនោះខាងមុខនាមវិញ។</p-n></li></ul>
ព្រូស	GARCINIA (Guttiferae)	Garcinia schefferi Pierre 	<ul><li>Tree, 10-15 m tall, with a bark blackish outside, of the coastal forests and secondary inland formations, met in Cambodia and Vietnam. Wood appreciated for the constructions.	</li><li>ព្រូសជាព្រឹក្ស កំពស់ ១០-១៥ម មានសំបកក្រមៅខាងក្រៅ ដុះក្នុងព្រៃមានសមុទ្រ និងព្រៃស្រោងឆ្ងាយពីទឹក នៃប្រទេសខ្មែរ និង វៀតណាម ។ ឈើល្អសម្រាប់សង់ផ្ទះ ។	</li><li><p-n>More Information	NK &nbsp;&nbsp;: pruhs ព្រូស	NOTE	ពេលមានពាក្យ (វល្លិ) (ស្មៅ) (ដើម) ក្នុងវង់ក្រចកខាងក្រោយនាម រុក្ខជាតិ ត្រូវអានពាក្យនោះខាងមុខនាមវិញ។</p-n></li></ul>
ព្រូស-ស	@ព្រូសក្រហម, @ព្រូសភ្នំ	GARCINIA (Guttiferae)	Garcinia ferrea Pierre 	<ul><li>Tree, 25-30 m tall, of the dense forests of Cambodia, Laos and Vietnam, often cultivated on the mountains of Vietnam. The fruits are edible. Wood used in construction.	</li><li>ឈ្មោះព្រឹក្សធំមួយប្រភេទ កំពស់ ២៥-៣០ម ដុះក្នុងព្រៃក្រាស់ នៃប្រទេសខ្មែរ លាវ វៀតណាម ។ ផ្លែព្រូសភ្នំអាច បរិភោគបាន ។ ឈើសម្រាប់សង់ផ្ទះ ។	</li><li><p-n>More Information	NK &nbsp;: &nbsp;pruhs sâ:, pruhs krâhâ:m, pruhs phnôm ព្រូស-ស, ព្រូសក្រហម, ព្រូសភ្នំ	NOTE	ពេលមានពាក្យ (វល្លិ) (ស្មៅ) (ដើម) ក្នុងវង់ក្រចកខាងក្រោយនាម រុក្ខជាតិ ត្រូវអានពាក្យនោះខាងមុខនាមវិញ។</p-n></li></ul>
ព្រៃថ្នាំង	@កំរើកគុម្ព	SPIROLOBIUM (Apocynaceae)	Spirolobium cambodianum Baill.	<ul><li>Sub-shrub, 1-2 m tall, of the undergrowth of the dense or secondary forests of Cambodia, Laos and Vietnam. The infusions of the root are said to be to febrifuge or aphrodisiac. Macerated in alcohol, it is used as lotion against the exaggeration of limbs.	</li><li>គុម្ពព្រឹក្សតូច កំពស់ ១-២ម ដុះក្រោមឈើធំៗ ក្នុងព្រៃក្រាស់ ឬព្រៃល្បោះនៃប្រទេសកម្ពុជា លាវ និង វៀតណាម ។ ទឹកស្ងោរឬសជាថ្នាំគ្រុន អ្នកខ្លះជឿថា ជាថ្នាំប៉ូវសំរាប់បុរសផង ។ គេអាចត្រាំឬសក្នុងស្រា ដើម្បីធ្វើថ្នាំរឹតដៃជើងហើម ។	</li><li><p-n>More Information	NK &nbsp;: préi thnang’, kâmrëk kum &nbsp;ព្រៃថ្នាំង, កំរើកគុម្ព	NOTE	ពេលមានពាក្យ (វល្លិ) (ស្មៅ) (ដើម) ក្នុងវង់ក្រចកខាងក្រោយនាម រុក្ខជាតិ ត្រូវអានពាក្យនោះខាងមុខនាមវិញ។</p-n></li></ul>
ភឹកមន	@ដើមនាងខ្មៅ 	DICHROA (Hydrangeaceae)	Dichroa febrifuga Lour.	<ul><li>Shrub, 1-2 m tall, with purple stalks, of the dense forests of plain and hills, sometimes cultivated near houses for its beautiful blue and pink flowers. Species of Indochina, Malay peninsula and China. The decoction of leaves and of roots is absorbed as tonic and febrifuge.	</li><li>ឈ្មោះចុល្លព្រឹក្សមួយប្រភេទកំពស់ ១-២ម មានមែកពណ៌ស្វាយដុះក្នុងព្រៃក្រាស់លើដីរាប ឬលើភ្នំ ពេលខ្លះគេដាំវា ជិតផ្ទះនៅជាលំអដោយ មានផ្កាពណ៌ខៀវ និង ផ្កាឈូកធំៗល្អ ។ ដើមនេះមានក្នុងទ្វីបឥណ្ឌូចិន ឧបទ្វីបជ្វា, និងប្រទេសចិន ។  គេស្ងោរ ស្លឹក និងឬសផឹក ដើម្បីជាថ្នាំលើកកម្លាំង និងជាថ្នាំគ្រុន ។	</li><li><p-n>More Information	NK : phük mô:n, niëng khmau daëm &nbsp;&nbsp;ភឹកមន, នាងខ្មៅដើម	NOTE	ពេលមានពាក្យ (វល្លិ) (ស្មៅ) (ដើម) ក្នុងវង់ក្រចកខាងក្រោយនាម រុក្ខជាតិ ត្រូវអានពាក្យនោះខាងមុខនាមវិញ។</p-n></li></ul>
ភ្នំភ្នែង	HYMENOCARDIA (Euphorbiaceae)	Hymenocardia wallichii Tul.	<ul><li>Shrub. 1-3 m tall, of the secondary formations, clear forests, and flooded forests of tropical Asia. The acid fruits are eaten raw; they are as sometimes used as acid elements in dishes such as &quot;sâmlâ: mchu:&quot;.	</li><li>ឈ្មោះចុល្លព្រឹក្សមួយប្រភេទ កំពស់ ១-៣ម ដុះក្នុងព្រៃល្បោះ ព្រៃស្រោង និងព្រៃរនាម នៃអាស៊ីផ្នែកក្ដៅ ។ ផ្លែ សំប៉ែតៗមានរសជូរ អាចបរិភោគឆៅបាន តែគេតែងប្រើជាម្ជូរសម្រាប់ស្ល ។ ឈើតូចៗសាច់សម្បុរក្រហម ប្រើធ្វើអុសដុត ។	</li><li><p-n>More Information	NK &nbsp;&nbsp;: &nbsp;phnôm phnaèng &nbsp;ភ្នំភ្នែង	NOTE	ពេលមានពាក្យ (វល្លិ) (ស្មៅ) (ដើម) ក្នុងវង់ក្រចកខាងក្រោយនាម រុក្ខជាតិ ត្រូវអានពាក្យនោះខាងមុខនាមវិញ។</p-n></li></ul>
ភ្នែកព្រាប	BREYNIA (Euphorbiaceae) 	Breynia vitis-idaea (Burm.f.) Fisch.	<ul><li>A bush, 1 to 2 m tall, growing in open formations and swamps, in Cambodia on great lakes&#39; shores and elsewhere in Southeast Asia on forest’s edges. Stalks and boughs make excellent firewood. Bark and leaves are used in pharmacopoeia.	</li><li>រុក្ខជាតិនេះជាចុល្លព្រឹក្សមានកំពស់ ១-២ម ដុះនៅព្រៃល្បោះ ឬព្រៃលិចទឹកជុំវិញទន្លេសាប នៃប្រទេសកម្ពុជា ។ នៅស្រុកដទៃទៀត ក្នុងអាស៊ីផ្នែកអាគ្នេយ៍ ភ្នែកព្រាបដុះជិតមាត់ព្រៃធំៗ ។ មែកធាងភ្នែកព្រាប យើងតែងយកធ្វើអុសដុត ។ សំបក និងស្លឹក សម្រាប់ធ្វើឱសថផ្សេង ។	</li><li><p-n>More Information	Syn. : Breynia rhamnoides Müll. Arg</p-n></li></ul>
ភ្នៅ	AEGLE (Rutaceae)	Aegle marmelos (L.) Corrêa 	<ul><li>The golden apple grows wild in dry forests in the Indian Peninsular (Coromandel) as well as in South part of Himalaya areas, cultivated elsewhere. In Cambodia, the plant serves as roadside shade tree. Ripe fruit is eaten fresh, the mucilage around unripe seeds is used as an adhesive in jewellery’s shop. The wood is suitable for making small articles such as handles... leaves and fruits used in local medicine.	</li><li>ភ្នៅមានដើមកំណើតក្នុងស្រុកឥណ្ឌា និងនៅស្រុកជុំវិញភ្នំហិមាល័យា គេតែងដាំក្នុងស្រុកដទៃ ដូចស្រុកខ្មែរជាដើម។ គេចូលចិត្តដាំភៅ្នអោយមានម្លប់ផង និង យកផ្លែបរិភោគផង ផ្លែទុំ គេចូលចិត្តពិសារណាស់។ ផ្លែពុះជា ២ សំរាប់ធ្វើកំប៉ុងកាវ សាច់ភ្នៅអោយកាវជាប់ល្អមែនទែន ពេលគេហាលវាស្ងួត។ ជាងមាសអាចប្រើកាវនេះបាន ។ ឈើភ្នៅយកប្រើការបានខ្លះៗ គួរសម។ ស្លឹក និងផ្លែខ្ចី ឬចាស់ គេយកធ្វើថ្នាំរំងាប់រោគផ្សេងៗ។	</li><li><p-n>More Information	NA : golden apple&nbsp;</p-n></li></ul>
ភ្លង	MEMECYLON (Melastomaceae)	Memecylon laevigatum Blume	<ul><li>Shrub, 1-6 m tall, of the undergrowth of the dense, secondary and clear forests of Cambodia, Vietnam and the Malay Achipelago. Trunks used as pickets and for constructions of huts.	</li><li>ភ្លងជាចុល្លព្រឹក្សកំពស់ ១-៦ម ដុះក្រោមឈើធំៗក្នុងព្រៃស្រោង ឬព្រៃក្រាស់នៅប្រទេសខ្មែរ វៀតណាម និងឧបទ្វីបជា្វ ។ គេប្រើដើម ភ្លងធ្វើរបង និងសង់ខ្ទម ។	</li><li><p-n>More Information	NK &nbsp;: &nbsp;phlô:ng &nbsp;ភ្លង	NOTE	ពេលមានពាក្យ (វល្លិ) (ស្មៅ) (ដើម) ក្នុងវង់ក្រចកខាងក្រោយនាម រុក្ខជាតិ ត្រូវអានពាក្យនោះខាងមុខនាមវិញ។</p-n></li></ul>
ភ្លងកែ្អក	@ភ្លងកាច់	MEMECYLON (Melastomaceae)	Memecylon caeruleum Jack	<ul><li>Shrub, 1-4 m tall, of the secondary formations of the Indochinese Peninsula and Java. The stalks are used as firewood. 	</li><li>ចុល្លព្រឹក្ស ឬព្រឹក្សតូចមួយប្រភេទកំពស់ ១-៤ម ដុះក្នុងព្រៃឈ្មោះនៃឧបទ្វីបឥណ្ឌូចិន និង កោះយ៉ាវ៉ា (Java)។ មែក សំរាប់ធ្វើអុស ។ 	</li><li><p-n>More Information	Syn. &nbsp;&nbsp;: Memecylon floribundum Blume</p-n></li></ul>
ភ្លងជូរ	@ឃ្មាស, @ក្បៀស	MEMECYLON (Melastomaceae)	Memecylon edule Roxb.	<ul><li>Shrub or small tree, 8-15 m tall, of the dense decideous forests and secondary formations of tropical Asia. The fruits are edible. The leaves, in lotions, are used to treat the conjunctivitis. Wood used for the construction of huts.	</li><li>ចុល្លព្រឹក្ស ឬព្រឹក្សតូចម្យ៉ាងកំពស់ ៨-១៥ម ដុះក្នុងព្រៃក្រាស់ជ្រុះស្លឹក និងព្រៃល្បោះនៃអាស៊ីផ្នែកក្ដៅ ។ ផ្លែ បរិភោគ បាន ស្លឹកជូរតិចៗ អាចស្ងោរលាងសំពត់ក៏បាន ។ ស្លឹកនេះគេប្រើធ្វើថ្នាំបុរាណ សំរាប់ព្យាបាលជំងឺភ្នែកក្រហម ។ ឈើ ប្រើធ្វើក្ដារក្រាលផ្ទះ និងខ្ទម ។	</li><li><p-n>More Information	NK &nbsp;: &nbsp;phlô:ng chu:, khmiëhs, khbiëhs &nbsp;ភ្លងជូរ, ឃ្មាស, ក្បៀស	NOTE	ពេលមានពាក្យ (វល្លិ) (ស្មៅ) (ដើម) ក្នុងវង់ក្រចកខាងក្រោយនាម រុក្ខជាតិ ត្រូវអានពាក្យនោះខាងមុខនាមវិញ។</p-n></li></ul>
ភ្លង-ភ្ងាស 	MEMECYLON (Melastomaceae)	Memecylon acuminatum Sm., var. tenuis Guill.	<ul><li>Hairless shrub, 2-6 m tall, of the secondary forests of Cambodia and Vietnam. The bark is used in traditional Khmer medicine against the uterine and blood diseases. Twigs used as firewood.	</li><li>ចុល្លព្រឹក្សគ្មានរោមកំពស់ ២-៦ម ដុះក្នុងព្រៃល្បោះនៃប្រទេសកម្ពុជា និងវៀតណាម ។ សំបក សំរាប់ធ្វើថ្នាំបុរាណ ព្យាបាលជំងឺស្បូន និងឈាម ។ មែកគេប្រើជាអុស ។	</li><li><p-n>More Information	NK &nbsp;: phlô:ng-ph’ngiëhs &nbsp;ភ្លង-ភ្ងាស	NOTE	ពេលមានពាក្យ (វល្លិ) (ស្មៅ) (ដើម) ក្នុងវង់ក្រចកខាងក្រោយនាម រុក្ខជាតិ ត្រូវអានពាក្យនោះខាងមុខនាមវិញ។</p-n></li></ul>
ភ្លំពោធិ	CONNARUS (Connaraceae) 	Connarus paniculatus Roxb., var. paniculatus 	<ul><li>Tree or ligneous liana of the dense forests of Southeast Asia. The bark, as the previous species, can be chewed with the betel. Wood used for small temporary constructions.	</li><li>ឈ្មោះឈើតូច សន្ដានលំពស់ ស្ទើរជាវល្លិមែករឹង ពេលខ្លះជាវល្លិវារលើរុក្ខជាតិជិតខាង ដុះក្នុងព្រៃជ្រៅនៃអាស៊ីផ្នែក អាគ្នេយ៍ ។ សំបកអាចស៊ីជាមួយម្លូ ជំនួសស្លាបាន ។ ឈើសម្រាប់សង់រោងបណ្ដោះអាសន្ន ។	</li><li><p-n>More Information	Syn. : Connarus harmandianus Pierre</p-n></li></ul>
ភ្លូធំ	DILLENIA (Dilleniaceae)	Dillenia ovata Wall. ex Hook.f. et Thomson	<ul><li>Tree, 6-12 m tall, of clear forests, sometimes cultivated as decorative, for its large leaves and white flowers. Egg-shaped fruits, 4-5 x 3-4 cms, edible, appreciated. Species of Indochina, Malay peninsula and Sumatra. Astringent barks, taken in decoction to treat diarrhoea and dysentery. Wood used to make knickknacks.	</li><li>ឈោ្មះដើមឈើមួយប្រភេទកំពស់ ៦-១២ម ដុះក្នុងព្រៃស្រោងនៃឥណ្ឌូចិន ឧបទ្វីបជ្វា និងកោះ Sumatra ។ ពេលខ្លះ គេដាំភ្លូធំជាលំអដោយដើមនេះមាន ស្លឹកនឹងផ្កាសធំៗល្អ ។ ផ្លែរាងពងក្រពើប្រវែង ៤-៥ x ៣-៤ស.ម គេនិយមបរិភោគ ជាចំណី ។ សំបកជាថ្នាំទប់ គេស្ងោរផឹកដើម្បីព្យាបាលជំងឺរាគ-មួល ។ ឈើសម្រាប់ធ្វើវត្ថុតាំងលំអ ។	</li><li><p-n>More Information	NK &nbsp;: phlu: thôm &nbsp;ភ្លូធំ	NOTE	ពេលមានពាក្យ (វល្លិ) (ស្មៅ) (ដើម) ក្នុងវង់ក្រចកខាងក្រោយនាម រុក្ខជាតិ ត្រូវអានពាក្យនោះខាងមុខនាមវិញ។</p-n></li></ul>
ភ្លូបាត	DILLENIA (Dilleniaceae)	Dillenia hookeri Pierre	<ul><li>Often dwarfish, shrub, 0.50-2 m tall, rarely more, of decideous and clear forests of low altitude in Indochina. Large decorative yellow flowers. Edible fruits, but little appreciated. The crushed barks are used as poultices to apply to the sprains. The decoction of roots would be fortifying.	</li><li>ចុល្លព្រឹក្សមួយច្រើនតឿ កំពស់ ០,៥០ - ២ម ដុះក្នុងព្រៃជ្រុះស្លឹក ឬព្រៃល្បោះលើដីរាបនៃឥណ្ឌូចិន ។ ភ្លូបាត មានផ្កាលឿងធំៗ សំរាប់លំអ ។ ផ្លែអាចបរិភោគបានតែគេមិននិយមពិសារឡើយ ។ សំបកកិនឱ្យម៉ត់ សំរាប់ធ្វើថ្នាំបំពោកលើ ជើងគ្រេច ។ ឬសស្ងោរផឹក ឲ្យមានកំលាំង ។	</li><li><p-n>More Information	NK &nbsp;&nbsp;: phlu: ba:t ​ ភ្លូបាត	NOTE	ពេលមានពាក្យ (វល្លិ) (ស្មៅ) (ដើម) ក្នុងវង់ក្រចកខាងក្រោយនាម រុក្ខជាតិ ត្រូវអានពាក្យនោះខាងមុខនាមវិញ។</p-n></li></ul>
ភ្លូភ្នំ	DILLENIA (Dilleniaceae)	Dillenia scabrella (D. Don) Roxb. ex Wall.	<ul><li>Tree, 20-30 m tall, of the dense forests, with 18 cm long leaves grouped on the extremity of the twigs. Species of Indochina, Bengal and Assam. Edible fruits. The most valued wood among similar species, used to make feeding troughs, mortars, pirogues and in the construction of houses.	</li><li>ព្រឹក្សមួយប្រភេទកំពស់ ២០-៣០ម មានស្លឹកវែងៗដល់១៨ស.ម ដុះជាក្រចំនៅចុងមែក ។ ព្រឹក្សនេះដុះក្នុងព្រៃក្រាស់នៃឥណ្ឌូចិន ប្រទេស Bengale និង Assam ។ ផ្លែអាចបរិភោគបាន ។ ឈើភ្លូភ្នំល្អពិសេស លើសឈើឯទៀតៗ ក្នុងចំណោមប្រភេទ Dillenia គេប្រើឈើនេះសម្រាប់ធ្វើស្នូក ធ្វើត្បាល់ ទូក ង និងសង់ផ្ទះ ។	</li><li><p-n>More Information	Syn. &nbsp;: D. elata Pierre</p-n></li></ul>
ភ្លើងក្រហម	PLUMBAGO (Plumbaginaceae) 	Plumbago rosea L. 	<ul><li>Herb, 40-80 cm tall, ligneous at bottom, on edges of dense forests, or in the undergrowth of Southeast Asia. In Cambodia, it is met especially in Kampot province, in particular on the ascent of the Bokor. Plant cultivated for its beautiful red flowers.	</li><li>ឈោ្មះតិណជាតិម្យ៉ាងកំពស់៤០-៨០ស.ម គល់រឹង ដុះតាមមាត់ព្រៃក្រាស់ ឬក្រោមឈើធំៗនៃអាស៊ីផ្នែកអាគ្នយ៍ ។ នៅប្រទេសខ្មែរ ដើមនេះច្រើនមាននៅខេត្តកំពត ជាពិសេសលើភ្នំបូកគោ ។ ជារុក្ខជាតិដែលគេដកមកនាំជាលំអផ្ទះ ដោយ ផ្កាពណ៌ក្រហម ។	</li><li><p-n>More Information	NK &nbsp;: phloëng krâhâ:m (feu rouge, allusion à la couleur des fleurs) &nbsp;ភ្លើងក្រហម	NOTE	ពេលមានពាក្យ (វល្លិ) (ស្មៅ) (ដើម) ក្នុងវង់ក្រចកខាងក្រោយនាម រុក្ខជាតិ ត្រូវអានពាក្យនោះខាងមុខនាមវិញ។</p-n></li></ul>
ភ្លៅកង្កែប	OLDENLANDIA (Rubiaceae)	Oldenlandia fraterna Pierre ex Pit. 	<ul><li>Herb, 0.60-1 m tall, with quadrangular stalk, of the undergrowth of the dense forests of Cambodia and Southern Vietnam. The juice of roots crushed in the water would be effective against food poisonings.	</li><li>ឈ្មោះតិណជាតិម្យ៉ាង កំពស់ ០,៦០-១ម មែករាងបួនជ្រុង ដុះក្រោមឈើធំៗ ក្នុងព្រៃក្រាស់នៃប្រទេសកម្ពុជា និង វៀតណាមខាងត្បូង ។ តាមក្បួនឱសថបុរាណ គេបុកឬសលាយទឹក ហើយច្រោះផឹក ដើម្បីព្យាបាលជម្ងឺពុលអាហារ ។	</li><li><p-n>More Information	NK &nbsp;: &nbsp;phlöw kângkaèb (cuisse de grenouille) &nbsp;ភ្លៅកង្កែប	NOTE	ពេលមានពាក្យ (វល្លិ) (ស្មៅ) (ដើម) ក្នុងវង់ក្រចកខាងក្រោយនាម រុក្ខជាតិ ត្រូវអានពាក្យនោះខាងមុខនាមវិញ។</p-n></li></ul>
ភ្លៅនាង	@ភ្លៅក្រមុំ, @លលកស 	CLEISTANTHUS (Euphorbiaceae)	Cleistanthus tomentosus Hance	<ul><li>Tree, 5-15 m tall, of wet dense forests in lowlands, under 400 m, common on Phnom Kulen (Cambodia) and in certain other regions of Southeast Asia. The bark, white and fragrant, is usually used for the manufacture of incense sticks. Wood used in construction.	</li><li>ឈ្មោះព្រឹក្សម្យ៉ាងកំពស់ ៥-១៥ម ដុះក្នុងព្រៃក្រាស់ត្រជាក់លើទំនាប ឬលើទួលភ្នំដែលមានកម្ពស់តិចជាង ៤០០ម។ ក្នុងប្រទេសខ្មែរ ភ្លៅនាង ច្រើនដុះនៅភ្នំគូលេន ។ ដើមនេះដុះនៅប្រទេសដទៃទៀត ក្នុងអាស៊ីផ្នែកអាគ្នេយ៍ ។ គេឱ្យឈោ្មះ               &quot; ភ្លៅនាង &quot; ដើមរុក្ខជាតិនេះមានសំបកពណ៌-ស ហើយក្រអូប សម្រាប់ធ្វើធូប ។ ឈើគេប្រើការដើម្បីសង់ផ្ទះ ។	</li><li><p-n>More Information	Syn. : Cleistanthus eburneus Gagnep.</p-n></li></ul>
ភ្លៅមាន់	DECASCHISTIA (Malvaceae)	Decaschistia parviflora Kurz	<ul><li>Sub-shrub, 0.50-1 m tall, of waste grounds of Thailand, Cambodia, Laos and Vietnam. The roots are edible. In traditional medicine, they are used to treat food poisonings due to consumption of toads.	</li><li>គុម្ពព្រឹក្សតូចមួយប្រភេទ កំពស់ ០.៥០ - ១ម ដុះលើដីវាល ក្នុងប្រទេសខ្មែរ ថៃ លាវ និងវៀតណាម ។ ឫសភ្លៅមាន់ គេបរិភោគបាន ។ គ្រូថ្នាំខ្មែរបុរាណ តែងយកឫសផ្សំធ្វើថ្នាំបន្សាបពុល ដែលមានមកដោយស៊ីសត្វគីង្គក់ ។	</li><li><p-n>More Information	NK : phlöw moën (cuisse de poulet) &nbsp;ភ្លៅមាន់	NOTE	ពេលមានពាក្យ (វល្លិ) (ស្មៅ) (ដើម) ក្នុងវង់ក្រចកខាងក្រោយនាម រុក្ខជាតិ ត្រូវអានពាក្យនោះខាងមុខនាមវិញ។</p-n></li></ul>
ភ្លៅមាន់	@ឆ្មាលមនស្បាត	ERYTHROXYLUM (Erythroxylaceae)	Erythroxylum cambodianum Pierre	<ul><li>Shrub, 1-3 m tall, of clear forests and pine forests, met in Thailand, Cambodia and Vietnam. The trunks are used to make pickets ; the twigs are used as firewood.	</li><li>ឈ្មោះគុម្ពព្រឹក្សមួយប្រភេទកំពស់១-៣ម ដុះក្នុងព្រៃស្រោងឬព្រៃស្រស់នៃប្រទេសថៃ កម្ពុជា និង វៀតណាម ។ ដើម សម្រាប់ធ្វើបង្គោលរបង មែកតូចៗ សម្រាប់ធ្វើអុសដុត ។ 	</li><li><p-n>More Information	NK &nbsp;&nbsp;: &nbsp;phlow moën (cuisse de poulet), chhma:1 mô:n sba:t &nbsp;ភ្លៅមាន់, ឆ្មាលមនស្បាត	NOTE	ពេលមានពាក្យ (វល្លិ) (ស្មៅ) (ដើម) ក្នុងវង់ក្រចកខាងក្រោយនាម រុក្ខជាតិ ត្រូវអានពាក្យនោះខាងមុខនាមវិញ។</p-n></li></ul>
មកុដ	@កន្ទួតប្រោងដើម 	GARUGA (Burseraceae)	Garuga pinnata Roxb.	<ul><li>Tree, 20-35 m tall, of the dense forests of Southeast Asia. The leaves are used as fodder. The wood, grey- brown or yellowish, preserving badly when exposed, is used to make the skeleton and for heating. It makes also big drums. Edible fruits, although a bit acid. 	</li><li>ឈ្មោះព្រឹក្សធំម្យ៉ាងកំពស់ ២០-៣៥ម ដុះក្នុងព្រៃជ្រៅនៃទ្វីបអាស៊ីផ្នែកអាគ្នេយ៍ ។ ស្លឹកខ្ចីៗសម្រាប់ឱ្យសត្វពាហនៈស៊ី ។ ឈើសម្បុរប្រផេះក្រមៅ ឬ លឿងភាវ អាចខូចបើនៅហាលភ្លៀងខ្យល់ គេប្រើធ្វើគ្រឿងដំបូលផ្ទះ និង ដុតកំដៅ ។ គេអាច ប្រើធ្វើតួស្គរក៏បានដែរ ។ ផ្លែបរិភោគជាចំណីថ្មីបើមានជូរបន្តិច ។ 	</li><li><p-n>More Information	NK &nbsp;: môkôt’ (couronne), kântuët prâ’ông (doëm) &nbsp;មកុដ, កន្ទួតប្រោងដើម	NOTE	ពេលមានពាក្យ (វល្លិ) (ស្មៅ) (ដើម) ក្នុងវង់ក្រចកខាងក្រោយនាម រុក្ខជាតិ ត្រូវអានពាក្យនោះខាងមុខនាមវិញ។</p-n></li></ul>
មង្ឃុត	GARCINIA (Guttiferae)	Garcinia mangostana L.	<ul><li>Tree, 10-20 m tall, originating from Sunda and Moluccas Islands, introduced in Asia as fruit tree everywhere. The arillus, white part surrounding the seeds, is delicious, sweet and aromatic, with a delicious flavour. The fruit’s pericarpus gives a black dye. It is used, in traditional Cambodian medicine, under the form of decoction, against diarrhoea and the dysentery.	</li><li>ឈ្មោះព្រឹក្សមួយ កំពស់ ១០-២០ម មានដើមកំណើតនៅកោះខ្លះក្នុងប្រទេសឥណ្ឌូណេស៊ី គេនាំមកដាំជាដើមឱ្យផ្លែ ។ សាច់មង្ឃុតពណ៌ស (ដុះចេញពីគ្រាប់) មានរសជាតិផ្អែម ហើយក្រអូបឆ្ងាញ់ណាស់ ។ សំបកក្រៅនៃផ្លែសម្រាប់ជ្រលក់សំពត់ ឱ្យមានពណ៌ខ្មៅ ។ គ្រូខ្មែរប្រើសំបកនៃផ្លែស្ងោរឱ្យផឹកព្យាបាល ជម្ងឺរាគមួល ។ 	</li><li><p-n>More Information	NA &nbsp;: mangosteen</p-n></li></ul>
មនតូច	@មនពោធិ	MORUS (Moraceae)	Morus australis Poir.	<ul><li>Shrub, 3-6 m tall, reduced by cultivation at 1-2 m, originating from the temperate Asia, introduced since long in tropical Asia. In Cambodia, the leaves are of use to feed the silkworms. The red or reddish fruits, almost black at maturity, are edible.	</li><li>ចុល្លព្រឹក្សកំពស់ធម្មតា ៣-៦ម កំណើតក្នុងអាស៊ីត្រជាក់មធ្យម គេនាំមកដាំនៅអាស៊ីផ្នែកក្ដៅជាយូរណាស់ហើយ ។ នៅប្រទេសខ្មែរ ដើមមនមានកំពស់ ត្រឹម១-២ម ប៉ុណ្ណោះ ។ គេប្រើស្លឹកធ្វើជាចំណីដង្កូវនាង ផ្លែពណ៌ក្រហម ឬ ក្រហមភ្លាវ, ពេលទុំមានពណ៌ក្រមៅ, គេអាចបរិភោគបាន ។	</li><li><p-n>More Information	Syn. : Morus acidosa Griff.</p-n></li></ul>
មនធំ	MORUS (Moraceae)	Morus alba L. 	<ul><li>Shrub, 3-7 m tall, originating from the central and oriental parts of China, introduced and naturalized in Southeast Asia, Europe and North America. Varieties of this species are used for the breeding of silkworms (Bombyx mori) who feed on leaves. In traditional medicine, the leaves are a component of a remedy against the conjunctivitis. They are used also for the treatment of the wounds. The barks are considered as fortifying and astringent.	</li><li>ចុល្លព្រឹក្សកំពស់ ៣-៧ម នាំពីស្រុកចិនកណ្តាល និងខាងលិចមកដាំគ្រប់ប្រទេសនៃអាស៊ីផ្នែកអាគ្នេយ៍ទ្វីបអឺរ៉ុប និងអា-មេរិកខាងជើង ។ ដើមជាពូជបង្កាត់ ពីពូជមនធំគេដាំសំរាប់យកស្លឹកប្រើជាចំណីដង្កូវនាងធ្វើសូត្រ ។ គ្រូថ្នាំបុរាណប្រើស្លឹកមនធំ ផ្សំធ្វើថ្នាំព្យាបាលជំងឺភ្នែកក្រហម និងសំរាប់លាងដំបៅផ្សេងៗ ។ សំបកជាថ្នាំកំលាំង និង ទប់មិនអោយរាគជាដើម ។	</li><li><p-n>More Information	NA &nbsp;: white mulberry tree</p-n></li></ul>
មនបារាំង	@គ្រុងទេស	BROUSSONETIA (Moraceae)	Broussonetia papyrifera L.	<ul><li>A tree, 6 to 25 m tall, originating from Eastern Asia, grown in public gardens of Cambodia as ornemental. The wood may be use to produce pulp. Leaves, fruits and seeds are used as remedies. Leaves are laxatives, prescribed for children. Fruits are tonic and seeds are diuretic.	</li><li>មនបារាំងមានកំពស់ ៦-២៥ម មានដើមកំណើតក្នុងទ្វីបអាស៊ីខាងកើត គេដាំស្រុកខ្មែរសម្រាប់លំអសួនសាធារណ។ ដើមនេះគេអាចដាំធ្វើក្រដាសបាន ។ ស្លឹក ផ្លែ គ្រាប់ សម្រាប់ធ្វើថ្នាំ ។ ស្លឹកស្ងោរផឹក ដើម្បីបន្ទន់លាមកពួកក្មេងៗ ។ ផ្លែស៊ី ឱ្យមានកម្លាំង ។ ស្ងោរគ្រាប់ គេផឹកអោយនោមច្រើន ។	</li><li><p-n>More Information	NA : paper mulberry</p-n></li></ul>
មនបារាំង (វល្លិ)	RUBUS (Rosaceae)	Rubus rosaefolius Smit.	<ul><li>Climbing shrub, 0.50-1 m tall, probably introduced from Mauritius or Eastern Asia, naturalized in highlands of Cambodia, in particular on the Bokor mountain where it grows on the edges of forests or in the rocky undergrowth. The ripe fruits are edible, appreciated enough. The nice-smelling flowers are sometimes picked to make bundles. The infusion of the dried roots would be effective against pains in the womb.	</li><li>ឈ្មោះគុម្ពព្រឹក្សជាវល្លិមួយប្រភេទ កំពស់ ០,៥០-១ម ។ គេនាំពីបរទេសមកដាំលើភ្នំបូកគោ ច្រើនដុះតាមមាត់ ព្រៃក្រាស់ ឬលើព្រៃគុម្ពោតមានថ្ម ។ ផ្លែរសផ្អែម បរិភោគឆ្ងាញ់ពិសា ។ ផ្កាក្លិនក្រអូបអាចបេះតាំងផ្ទះបាន ។ គេស្ងោរ ឬសផឹករំងាប់រោគ ឈឺពោះ ។	</li><li><p-n>More Information	NK &nbsp;: mô:n barang’ (voër) (mûrier d’Occident) &nbsp;មនបារាំង (វល្លិ)	NOTE	ពេលមានពាក្យ (វល្លិ) (ស្មៅ) (ដើម) ក្នុងវង់ក្រចកខាងក្រោយនាម រុក្ខជាតិ ត្រូវអានពាក្យនោះខាងមុខនាមវិញ។</p-n></li></ul>
មនស្វា	LANNEA (Anacardiaceae)	Lannea coromandelica (Houtt.) Merr. 	<ul><li>Small tree. 7-16 m tall, of the clear forests and savannas on red basaltic soils, in India. Southern China. Indochina and Java. Inferior wood, used to make boxes and minor inside-house work. 	</li><li>មនស្វាជាព្រឹក្សតូចម្យ៉ាង កំពស់ ៧-១៦ម ដុះក្នុងព្រៃស្រោង និង ទីវាលលើដីក្រហមនៃប្រទេសឥណ្ឌា ចិនខាងត្បូង ឥណ្ឌូចិន និងលើកោះ Java ។ ឈើមនស្វាមិនសូវជាប់ទេ តែអាចប្រើធ្វើគ្រឿងផ្ទះរាយរងបាន និងធ្វើប្រអប់ផ្សេងៗ ។	</li><li><p-n>More Information	Syn. &nbsp;: Lannea woodier (Roxb.) Adelb.</p-n></li></ul>
មន្ដ្រី	@ច្រេសភ្នំ, @ភ្លៅនាង	ADENANTHERA (Leguminosae-Mimosoideae)	Adenanthera pavonina L.var. microsperma (Teijsm. Binn.) I.C. Nielsen	<ul><li>Small tree, 8-15 m tall found in lowland forests of Indochina, China and Malay Peninsular. The red seeds used as decorative. The bark is used in local medicine, its decoction is drunk against dysentery and blood diseases.	</li><li>ជាព្រឹក្សម្យ៉ាងកំពស់ ៨ - ១៥ ម ដុះក្នុងព្រៃនៃឥណ្ឌូចិន ប្រទេសចិនខាងត្បូង និងឧបទ្វីបជ្វា។ គ្រាប់ពណ៌ក្រហមក្រងធ្វើខ្សែ ក ។ គេយកសំបកទៅស្ងោរផឹក ដើម្បីរំងាប់រោគមួល និងជំងឺឈាម។ 	</li><li><p-n>More Information	NF : condaris, crête de paon&nbsp;</p-n></li></ul>
មមាញ	CLEOME (Capparidaceae)	Cleome gynandra L.	<ul><li>Herb of the reclaimed lands around houses. Of paléotropical origin, it is introduced in tropical America. It has become subspontaneous in all the warm regions of the world. The leaves, candied in vinegar, or only in salted water, are very appreciated Cambodians who eat them with roasted fish. Stalks and roots used in traditional medicine against women gonorrhea.	</li><li>មមាញជាស្មៅដុះលើដី គ្មានដើមឈើ ច្រើនដុះជុំវិញគេហដ្ឋាន ក្នុងភូមិនានា ។ ដើមកំណើតនៅអាស៊ី ឬអាហ្វ្រិក គេនាំពូជទៅដាំដល់ស្រុកអាមេរិកក្ដៅ ។ ឥឡូវមមាញមានដុះក្នុងប្រទេសក្ដៅសកលលោក ។ ស្លឹកមមាញ ខ្មែរយើងនិយមជ្រក់ ក្នុងទឹកខ្មេះ ឬក្នុងទឹកបាយដាក់អំបិល ហើយបរិភោគជ្រក់នេះជាមួយត្រី អាំង ។ មែក នឹងឬសគ្រូថ្នាំខ្មែរ ប្រើសម្រាប់ ព្យាបាលជម្ងឺប្រមេះស្ដ្រី ។	</li><li><p-n>More Information	Syn. : Gynandropsis pentaphylla DC.</p-n></li></ul>
មមាញខ្មោច	CLEOME (Capparidaceae)	Cleome viscosa L.	<ul><li>Ruderal herb of Southeast Asia. The leaves, sticky, are not edible but the young candied fruits are consumed. Plant used in traditional medicine in the nearby countries.	</li><li>ឈ្មោះស្មៅមួយប្រភេទ ដុះតាមមាត់ផ្លូវ នៃប្រទេសអាស៊ីក្តៅ ។ ស្លឹកស្អិតៗ បរិភោគមិនបានទេ តែផ្លែខ្ចីៗមមាញខ្មោច គេអាចជ្រក់ជាអាហារ ។ ដើមនេះ គេប្រើសម្រាប់ធ្វើថ្នាំរម្ងាប់រោគ ក្នុងប្រទេសជិតខាងយើង ។	</li><li><p-n>More Information	NK : mômi:ënh khmaô:ch (khmâô:ch signifie fantôme ou sauvage), &nbsp;មមាញខ្មោច	NOTE	ពេលមានពាក្យ (វល្លិ) (ស្មៅ) (ដើម) ក្នុងវង់ក្រចកខាងក្រោយនាម រុក្ខជាតិ ត្រូវអានពាក្យនោះខាងមុខនាមវិញ។</p-n></li></ul>
ម៉ាកក្លឿ	DIOSPYROS (Ebenaceae) 	Diospyros mollis Griff.	<ul><li>Tree, 7-15 m tall, growing in the wild state in the mountain forests of Laos and Thailand; cultivated in Cambodia, near houses for its leaves and coloring fruits used to dye in black fabrics of all kinds. The seeds are said to be vermifuge.	</li><li>ម៉ាកក្លឿជាព្រឹក្ស កំពស់ ៧-១៥ម ដុះក្នុងព្រៃភ្នំ នៅប្រទេសថៃ និងលាវ ។  ខ្មែរដាំជិតផ្ទះដើម្បីយកស្លឹក និងផ្លែ ធ្វើថ្នាំ ជ្រលក់សំពត់អោយពណ៌ខ្មៅ ។ គ្រាប់ម៉ាកក្លឿជាថ្នាំព្រូន ។ 	</li><li><p-n>More Information	NA &nbsp;: ebony tree</p-n></li></ul>
ម៉ាក់បាត	@បាបាត	ANNONA (Annonaceae)	Annona reticulata L.	<ul><li>Shrub, 2-6 m tall, found in open forest in Indochina, often cultivated around villages for its edible fruits. In local medicine, root’s decoction is used against lumbago with fever. The seeds, astringent are often used as insecticide.	</li><li>ជាដើមចុល្លព្រឹក្សកំពស់ ២ - ៦ ម ដុះក្នុងព្រៃស្រោងនៃឥណ្ឌូចិន គេច្រើនដាំម៉ាក់បាតជិតផ្ទះ សំរាប់បេះផ្លែបរិភោគ។ ឫស គេអាចស្ងោរផឹក ព្យាបាលជំងឺគ្រុន ចុកដៃ ជើង ។ គ្រាប់មានជាតិចត់ សំរាប់ធ្វើថ្នាំសំលាប់សត្វល្អិត ។	</li><li><p-n>More Information	NA &nbsp;: bullock’ heart, sugar apple</p-n></li></ul>
មាក់ប្រាង	BOUEA (Anacardiaceae)	Bouea oppositifolia (Roxb.) Meisn.	<ul><li>8 to 20 m tall tree, from dense coastal forests of Southeast Asia. Ripe fruits, orange yellow, are sold on Phnom Penh market, during peaceful time, around June-July. They are sweet and eaten as desserts. Trunk produce a valuable varnish. The wood is sought after for cabinet work. Wood hearth makes a good support for pepper plants. It is also much appreciated in the making of house’s pillars.	</li><li>ឈ្មោះព្រឹក្សមួយប្រភេទ កំពស់ពី ៨ ទៅ ២០ម ដុះក្នុងព្រៃក្រាស់មាត់សមុទ្រ នៃអាស៊ីផ្នែកអាគ្នេយ៍។ ផ្លែទុំ មានពណ៌លឿងភាវ មានរសជាតិផ្អែម អាចបរិភោគជាបង្អែម ។ គេប្រើជ័រមាក់ប្រាង លាបតុ ទូ អោយរលោងល្អ ។ ឈើគេប្រើសំរាប់ធ្វើ តុ ទូ កៅអី ។ មែកធំៗអាចកាត់ធ្វើជន្លង់ចំការម្រេច ដោយមែកមាក់ប្រាងជាប់បានយូរណាស់ ។ ឈើប្រើធ្វើសសរ ផ្ទះក៏បានដែរ ។ 	</li><li><p-n>More Information	Sny. : Bouea burmanica Griff</p-n></li></ul>
ម៉ាន់ខេត 	GLEDITSIA (Leguminosae-Caesalpinioideae) 	Gleditsia australis Hemsl. ex Forbes &amp; Hems. 	<ul><li>Thorny tree, 5-10 m tall, originating from China (Hainan, Hong-Kong), introduced in Indochina where it is cultivated. Medicinal plant: The pulp of the fruit would be a remedy against the nasal diseases. The barks and the leaves are used to treat the cutaneous diseases. The seeds would be emetic and purgative; they are used also as an antidote.	</li><li>ម៉ាន់ខេតជាព្រឹក្សមានបន្លា កំពស់ ៥-១០ម យើងយកពីបរទេស (ចិន ហៃណាំ ហុងកុង) មកដាំក្នុងឥណ្ឌូចិន ។ ជាដើមឱសថ សាច់ផ្លែសម្រាប់ធ្វើថ្នាំព្យាបាលជម្ងឺច្រមុះ ។ ស្លឹកនិងសំបក សម្រាប់ធ្វើថ្នាំព្យាបាលជម្ងឺស្បែក ។ គ្រាប់ជាថ្នាំធ្វើឱ្យក្អួត (ពេលពុលចំណី) និងបញ្ចុះ គេប្រើគ្រាប់ជាថ្នាំបន្សាបពិសក៏បាន ។	</li><li><p-n>More Information	NK &nbsp;: man’ khét &nbsp;ម៉ាន់ខេត	NOTE	ពេលមានពាក្យ (វល្លិ) (ស្មៅ) (ដើម) ក្នុងវង់ក្រចកខាងក្រោយនាម រុក្ខជាតិ ត្រូវអានពាក្យនោះខាងមុខនាមវិញ។</p-n></li></ul>
មាលតី	GARDENIA (Rubiaceae)	Gardenia angustifolia (L.) Merr.	<ul><li>Shrub, 1-5 m tall, originating from China, cultivated as decorative near the houses for the nice-smelling white flowers, with numerous petals. In China, these flowers are used for scenting the tea.	</li><li>ឈ្មោះចុល្លព្រឹក្សមួយប្រភេទ កំពស់ ១-៥ម ដើមកំណើតក្នុងស្រុកចិន យើងនាំមកដាំជាលំអផ្ទះ ដោយមាលតីមានផ្កា ស ក្រអូបឈ្ងុយ មានស្រទាប់ជាច្រើន ។ នៅប្រទេសចិន ផ្កាមាលតីសម្រាប់លាយជាមួយ តែ ។ 	</li><li><p-n>More Information	Syn. &nbsp;: Gardenia jasminoides Ellis</p-n></li></ul>
មិ្រញ	MILLETTIA (Leguminosae-Papilionoideae)	Millettia erythrocalyx Gagnep.	<ul><li>Shrub, 6-8 m tall, with gray bark, of the secondary formations of Cambodia, Laos and Vietnam, often cultivated as decorative. Wood used to make temporary buildings.	</li><li>ចុល្លព្រឹក្សមួយប្រភេទ កំពស់ ៦-៨ម មានសំបកពណ៌ប្រផេះ ដុះក្នុងព្រៃល្បោះ នៃប្រទេសកម្ពុជា ឡាវ និងវៀត- ណាម ។ គេច្រើនដាំ ដើមម្រិញជាលំអ ។ ឈើអាចប្រើសង់រោងបណ្ដោះអាសន្នបាន ។ 	</li><li><p-n>More Information	NK &nbsp;: &nbsp;mrinh ម្រិញ	NOTE	ពេលមានពាក្យ (វល្លិ) (ស្មៅ) (ដើម) ក្នុងវង់ក្រចកខាងក្រោយនាម រុក្ខជាតិ ត្រូវអានពាក្យនោះខាងមុខនាមវិញ។</p-n></li></ul>
មុខឈ្នាង	CHRISTIA (Leguminosae-Papilionoideae)	Christia verpertilionis (L.f.) Bakh.f.	<ul><li>Herb, more or less branching at the bottom, up to 1 m long. The leaves are trifoliate, shaped as bats’ wings. Species of open or closed formations on wet soils, up to an altitude of 1200 m, met in India, China, in the Indochinese and Malayan Peninsula, in the Fiji Islands and in the West Indies. The infusions of leaves are absorbed against fever. The plant is part of a remedy against the pulmonary tuberculosis.	</li><li>មុខឈ្នាងជា តិណជាតិស្ទើវារ មែកវែងរហូតមួយម៉ែត្រ ។ ស្លឹកមានរាងដូចស្លាបប្រចៀវ ឬដូចមុខឈ្នាង ។ ដើមនេះច្រើនដុះលើដីសើម ក្នុងព្រៃ ឬទីវាល មានដុះក្នុងស្រុកជាច្រើន ក្រៅពីឥណ្ឌូចិន គេប្រទះឃើញមុខឈ្នាងនៅប្រទេសឥណ្ឌា ជា្វ ចិន កោះ Fiji និងនៅអាមេរិកក្ដៅ (Antilles) ។ គេស្ងោរស្លឹកមុខឈ្នាងផឹក សម្រាប់ព្យាបាលជម្ងឺគ្រុន ជាពិសេសគ្រុនចាញ់ ។ គេយកមុខឈ្នាងជាមួយថ្នាំដទៃទៀត ធ្វើជាឱសថជម្ងឺរបេង ។ 	</li><li><p-n>More Information	NK : mukh chhni:ëng (le devant de l’épuisette, allusion à la morphologie des feuilles) &nbsp;មុខឈ្នាង	NOTE	ពេលមានពាក្យ (វល្លិ) (ស្មៅ) (ដើម) ក្នុងវង់ក្រចកខាងក្រោយនាម រុក្ខជាតិ ត្រូវអានពាក្យនោះខាងមុខនាមវិញ។</p-n></li></ul>
មុង្គ្រេញី	@មុង្គ្រីញី	MELASTOMA (Melastomaceae) 	Melastoma normale D. Don	<ul><li>Shrub, 0.50-3 m tall, of the sunny places of Indochina, China, the Philippines and Oceania. Plant sometimes cultivated as decorative. The twigs are used as firewood. Leaves make torches.	</li><li>គុម្ពព្រឹក្សតូចម្យ៉ាងកំពស់ ០,៥០-៣ម ដុះលើដីវាលនៃឥណ្ឌូចិន ប្រទេសចិន ហ្វីលីពីន និងទ្វីបអូសេអានី ។ ពេលខ្លះ គេដាំជាលំអ ។ មែកអាចធ្វើអុសដុត ។ ស្លឹកប្រើប្រឡាក់ជ័រទឹកធ្វើចន្លុះបាន ។  	</li><li><p-n>More Information	NK &nbsp;: mongkré nhi:, mangki nhi: &nbsp;&nbsp;មុង្គ្រេញី, មុង្គ្រីញី	NOTE	ពេលមានពាក្យ (វល្លិ) (ស្មៅ) (ដើម) ក្នុងវង់ក្រចកខាងក្រោយនាម រុក្ខជាតិ ត្រូវអានពាក្យនោះខាងមុខនាមវិញ។</p-n></li></ul>
មើមប្លុង	CYPERUS (Cyperaceae)	Cyperus esculentus L.	<ul><li>Herb, 10-50 cm tall, with filiform roots ended by rounded off tubers, sweet flavour, edible. Species originating from Western Asia, introduced and cultivated since very long date. The tubers are sold on the market. In the nearby countries, the tubers are a component of remedies against different diseases (gastritis. diarrhoeas...).	</li><li>ឈ្មោះស្មៅមួយប្រភេទ កំពស់ ១០-៥០ស.ម មានឬសល្អិតដូចអំបោះ មានមើមមូលៗ ដុះចុងឬសនីមួយៗ មើមមានរសជាតិផ្អែម គេបរិភោគជាអាហារ ។ ដើមនេះមានកំណើតនៅអាស៊ីខាងលិច គេនាំមកដាំជាយូរណាស់ហើយ នៅប្រទេសឥណ្ឌូចិន ។ គេអាចទិញ មើមប្លុងនៅផ្សារបាន ។ នៅស្រុកជិតខាងយើង គេប្រើមើមប្លុងសម្រាប់ធ្វើឱសថរម្ងាប់រោគផ្សេងៗ ដូចជាជម្ងឺ រលាកក្រពះ រាគ ជាដើម ។	</li><li><p-n>More Information	NF : souchet comestible</p-n></li></ul>
មើមសាមសិប	ASPARAGUS (Liliaceae)	Asparagus cochinchinensis (Lour.) Merr.	<ul><li>Ligneous herb often climbing with reflected long thorns, found in South - Cambodia and South- Vietnam, often cultivated for its therapeutic virtues similar to that of the preceding species. 	</li><li>រុក្ខជាតិនេះ ធាតុជាស្មៅ ពេលខ្លះវារឡើងដើមឈើ មានបន្លាវែងៗ ក្រងុកចុះក្រោម ដុះក្នុងស្រុកខ្មែរ និងវៀតណាម គេនិយមដាំវាក្នុងប្រទេសអាស៊ីផ្នែកក្ដៅ ដើម្បីទុកផ្សាំថ្នាំសំរាប់ព្យាបាលរោគរបេង ឈឺទងសួត ស្អកបំពង់ក ហើយថ្នាំនេះ មានប្រសិទ្ឋិភាពដូចធ្វើអំពីឫស ដើមទំពាំងបារាំងដែរ ។	</li><li><p-n>More Information	NK : mëm sa:m sëb (trente racines) &nbsp;មើមសាមសិប	NOTE	ពេលមានពាក្យ (វល្លិ) (ស្មៅ) (ដើម) ក្នុងវង់ក្រចកខាងក្រោយនាម រុក្ខជាតិ ត្រូវអានពាក្យនោះខាងមុខនាមវិញ។</p-n></li></ul>
មៀន	DIMOCARPUS (Sapindaceae)	Dimocarpus longan Lour. 	<ul><li>Tree or shrub, 5-15 m tall, originating from India, cultivated in the whole Southeast Asia and in Australia for its very appreciated sweet juicy fruits. The edible part is arillus which wraps completely the spherical and single seed. The most valued horticultural variety is the &quot;chu: hut&quot; fitted with a thick arillus surrounding a very small seed. Longan tree is cultivated ialmost everywhere in Cambodian gardens. Freed from the kernel, arillus can be candied in sugar or dried. It has the reputation to be tonic, particularly on intellectual capacities. The dried flowers are used in traditional Chinese medicine. The eye of the seed, applied to snake bite, would have the property to absorb the poison.	</li><li>ព្រឹក្ស ឬចុល្លព្រឹក្សកំពស់ ៥-១៥ម ដើមកំណើតក្នុងប្រទេសឥណ្ឌា គេនាំមកដាំគ្រប់ស្រុកក្ដៅទ្វីបអាស៊ី និងអូស្ត្រាលី ដើម្បីជាដំណាំយកផ្លែបរិភោគជាចំណីផ្អែមឆាញ់ពិសារ ។ សាច់មៀនដុះស្រោបលើគ្រាប់តែមួយ ។ មានប្រភេទម្យ៉ាងធ្វើដោយសាកវប្បករ ដែលគេនិយមគ្រប់គ្នា គឺមៀនជហ៊ុត មានគ្រាប់តូចបំផុត និងសាច់ក្រាស់ ។ ខ្មែរយើងដាំដើមមៀនស្ទើរគ្រប់ៗផ្ទះមានដី ។ សាច់មៀនគេយកដាក់កំប៉ុង ឬ ហាលស្ងួតក៏មាន ។ គេច្រើនជឿថាផ្លែមៀន អាចលើកកម្លាំងកាយ និងវិញ្ញាណបញ្ញាវន្ត ។ ផ្កាហាលស្ងួតគ្រូចិនគេយកធ្វើថ្នាំ ។ ភ្នែកនៃគ្រាប់ អាចបឺតពិសពីជើងដៃពស់ចឹក ។ 	</li><li><p-n>More Information	Syn. &nbsp;: Euphoria longan Lam.</p-n></li></ul>
មៀនព្រៃ	APORUSA (Euphorbiaceae)	Aporusa planchoniana Baill.	<ul><li>Shrub, 2-4m tall which grows in open forest in South East Asia. The fruit is edible. Stem used as fire-wood.	</li><li>ចុល្លព្រឹក្សមួយប្រភេទកំពស់ ២ - ៤ ម ដុះក្នុងព្រៃល្បោះនៃអាស៊ីផ្នែកអាគ្នេយ៍។ ផ្លែជាតិផ្អែម គេចូលចិត្តបរិភោគ  ណាស់។ មែកធាងសំរាប់ធ្វើអុសដុត ។ 	</li><li><p-n>More Information	NK: miën préi (longanier sauvage) &nbsp;មៀនព្រៃ	NOTE	ពេលមានពាក្យ (វល្លិ) (ស្មៅ) (ដើម) ក្នុងវង់ក្រចកខាងក្រោយនាម រុក្ខជាតិ ត្រូវអានពាក្យនោះខាងមុខនាមវិញ។</p-n></li></ul>
មៀនព្រៃ	DIMOCARPUS (Sapindaceae)	Dimocarpus longan Lour. subsp. malesiana Leenh.	<ul><li>Tree, 10-20 m tall, of dense formations of Indochina (Cambodia, Laos, Vietnam, Burma) and of the Malay Archipelago. Edible fruits especially eaten by children. Wood used in construction.	</li><li>ឈ្មោះព្រឹក្សមួយប្រភេទ កំពស់ ១០ទៅ២០ម ដុះក្នុងព្រៃក្រាស់នៃឥណ្ឌូចិន និង ប្រជុំកោះប្រទេសជ្វា ។ ផ្លែតូចៗអាចបរិភោគបាន តែមិនសូវមានសាច់ទេ ច្រើនតែក្មេងៗទេ ដែលបេះ ។ ឈើអាចប្រើសង់ផ្ទះបាន ។	</li><li><p-n>More Information	Syn. &nbsp;: Euphoria cambodiana Lecomte</p-n></li></ul>
មេកង	CANTHIUM (Rubiaceae)	Canthium didymum Roxb. var. rostrata Thwaites 	<ul><li>A 6 to 10 m tall tree of clear forest and deforested areas of tropical Asia. The wood is appreciated for building. In local pharmacopoeia, roots are a component of a remedy against ovarian diseases.	</li><li>មេកងជាព្រឹក្សមានកំពស់ ៦-១០ម ដុះក្នុងព្រៃល្បោះ និងទីវាលដីនៃទ្វីបអាស៊ីក្ដៅ ។ ឈើល្អសម្រាប់សង់ផ្ទះ ។ គ្រូថ្នាំខ្មែរ តែងយកឬសដើម មេកងធ្វើថ្នាំព្យាបាលជម្ងឺអណ្ឌាស័យ ។	</li><li><p-n>More Information	NK : mékâ:ng មេកង	NOTE	ពេលមានពាក្យ (វល្លិ) (ស្មៅ) (ដើម) ក្នុងវង់ក្រចកខាងក្រោយនាម រុក្ខជាតិ ត្រូវអានពាក្យនោះខាងមុខនាមវិញ។</p-n></li></ul>
ម៉ៃសាក់	BERRYA (Tiliaceae) 	Berrya cordifolia (Willd.) Burret	<ul><li>Tree, 5-10m tall, native to Malay Peninsular and cultivated in Cambodia as street - tree. The wood is much in demand pour heavy construction. The leaves’s decoction would be tonic.	</li><li>ម៉ៃសាក់ជាព្រឹក្សមួយមានកំពស់ ៥-១០ម មានដើមកំណើតក្នុងឧបទ្វីបជា្វ គេនាំយកមកដាំស្រុកខ្មែរតាមវិថីនានាក្នុងក្រុងធំៗ ។ ដើម្បីជាម្លប់ និងសម្រាប់លំអផ្លូវ ។ ឈើម៉ៃសាក់ជាប់ល្អ គេទុកសង់ផ្ទះ។ ទឹកស្ងោរ ស្លឹកគេផឹកឱ្យមានកំលាំង ។	</li><li><p-n>More Information	Syn. : Berrya ammonilla Roxb.</p-n></li></ul>
ម៉ៃសាក់ព្រៃ	TECTONA (Verbenaceae)	Tectona grandis L.f.	<ul><li>Tree, 16-40 m tall, of the dense formations of the Indochinese Peninsula, India, Sri Lanka, introduced since centuries in Indonesia where it became spontaneous. Light, very hard, brownish yellow wood with a strong smell repelling the insects, graded 1st category, in demand for the constructions. In traditional medicine, the leaves are used as purgative. The flowers would be diuretic.	</li><li>ឈ្មោះព្រឹក្សកំពស់១៦-៤០ម ដុះក្នុងព្រៃធំក្នុងឧបទ្វីបឥណ្ឌូចិន, ប្រទេសឥណ្ឌា, សេរីលង្កា គេនាំទៅដាំនៅ ឥណ្ឌូ-ណេស៊ី ជាច្រើនសតវត្សហើយ ឥឡូវដុះឯងៗ ។ ឈើស្រាល តែរឹង ពណ៌លឿង ប្រផេះមានក្លិន អាចដេញសត្វល្អិតមិន             អោយជិត ជាឈើប្រណិតលេខ១ សំរាប់សង់ផ្ទះ ។ ស្លឹកគេប្រើធ្វើថ្នាំបញ្ចុះ ។ ផ្កាស្ងួតអាចឆុងផឹកអោយនោមច្រើន ។	</li><li><p-n>More Information	NA &nbsp;: teak</p-n></li></ul>
ម្កាក់	SPONDIAS (Anacardiaceae)	Spondias cytherea Sonn.	<ul><li>Tree, 10-15 m tall, originating from the Pacific islands and cultivated in tropical regions. Young leaves and fruits are edible. The fruit, jew’s plum, light yellow when mature are sold on markets. The bark, astringent, is used against diarrhoea.	</li><li>ឈ្មោះព្រឹក្សមួយប្រភេទ កំពស់ ១០-១៥ម គេនាំពីកោះនៃសមុទ្រប៉ាស៊ីហ្វិក មកដាំគ្រប់ប្រទេសក្ដៅសកលលោក ។ ស្លឹកខ្ចីៗ និងផ្លែបរិភោគបាន ។ ផ្លែម្កាក់ ពណ៌លឿងភា្លវ ពេលទុំ មានលក់នៅក្នុងផ្សារ ។ សំបកមានជាតិចត់ ជាថ្នាំព្យាបាលជំងឺរាគ ។	</li><li><p-n>More Information	Syn. &nbsp;: Spondias dulcis Soland ex E. Forst.</p-n></li></ul>
ម្ជុលពេជ្រ	JUSTICIA (Acanthaceae)	Justicia gendarussa Burm. f.	<ul><li>Shrub, 1-4 m tall, with purple or green smooth twigs, of the open places in tropical regions, often cultivated as plant of ornament in the gardens and parks. The young leaves are edible. The crushed grown-up leaves can be used, under the form of decoction, against chronic rheumatisms with inflation of articulations.	</li><li>ម្ជុលពេជ្រជាចុល្លព្រឹក្សម្យ៉ាង កំពស់ ១-៤ម មានមែករលីងពណ៌ក្រហម ឬ បៃតង ដុះក្នុងទីវាលនៃប្រទេសក្តៅលើ សកលលោក ពេលខ្លះគេដាំ ជាលំអនៃសួន ឬឧទ្យានសាធារណៈ ។ ស្លឹកខ្លីៗ អាចបរិភោគជាបន្លែបាន ។ ក្នុងក្បួនឱសថ បុរាណ ស្លឹកចាស់ៗ គេបុកជាថ្នាំបំពោក ឬ គេស្ងោរជាថ្នាំទឹក សំរាប់ព្យាបាលជំងឺសន្លាក់ឆ្អឹង និង ហើមសន្លាក់ដៃ ជើង ។	</li><li><p-n>More Information	Syn. &nbsp;: Justicia vulgaris Nees</p-n></li></ul>
ម្ជូរព្រឹក ប្រទាលផល 	KALANCHOE (Crassulaceae)	Kalanchoe pinnata (Lam.) Pers., var. pinnata	<ul><li>Herb, 0.60-1 m tall, originating from Madagascar, introduced as decorative all over the world. The leaves are sometimes consumed as vegetables antiscorbutic. In Cambodia, the plant is considered as a lucky charm. The decoction of stalks and leaves is used to heal burns..	</li><li>ឈ្មោះប្រទាលម្យ៉ាងជាតិណជាតិ កំពស់ ០.៦០-១ម ដុះក្នុងប្រទេស Madagascar គេនាំមកដាំជាលំអ នៅគ្រប់ប្រទេសក្នុងសកលលោក ។ ស្លឹកខ្ចីៗ មានជាតិជូរ អាចបរិភោគជាបន្លែ និងជាថ្នាំការពាររោគរាក់ធ្មេញ ។ នៅប្រទេសខ្មែរ គេនិយមដាំប្រទាលផល ពីព្រោះគេជឿថា ជាដើមដែល អោយចំរុងចំរើន ។ គ្រូថ្នាំបុរាណស្ងោរដើម និងស្លឹកសំរាប់ព្យាបាលដំបៅរលាក ។	</li><li><p-n>More Information	Syn. &nbsp;: Bryophyllum pinnatum Kurz</p-n></li></ul>
ម្ជូរព្រឹកព្រៃ	ABELMOSCHUS (Malvaceae)	Abelmoschus moschatus Medik.	<ul><li>Shrub, 0.5 to 1 m tall, growing in waste lands, common in Indochina, grown in other tropical regions of Asia and Africa. Seeds, with a musked odour, are considered stimulating and antispasmodic.	</li><li>គុម្ពព្រឹក្សាមានកំពស់ ០,៥-១ ម ដុះនៅទីដីវាល នៃឥណ្ឌូចិនទាំងមូល។ នៅស្រុកក្ដៅទីទៃ គេដាំ​ដើម​នេះ​ជាលំអ ឬសំរាប់យកគ្រាប់ធ្វើថ្នាំរំងាប់រោគកន្ត្រាក់សាច់ដុំ។	</li><li><p-n>More Information	Syn. &nbsp;: Hibiscus abelmoschus L.</p-n></li></ul>
ម្ទេសផ្លោក (ពូជទី១)	CAPSICUM (Solanaceae)	Capsicum annuum L. var. annuum 	<ul><li>A plant ligneous at the bottom, much branching, 0.5 to 1.5 m tall. The fruit has various sizes, colors and shapes, usually more or less conical, 3 to 30 cm long; it is eaten raw or cooked.	</li><li>ជាដើមប្រភេទ តិណជាតិមានគល់រឹង បែកមែកសាខាមានកំពស់ ០,៥០-១,៥០ម។  ផ្លែវាមានប្រវែងពណ៌ និងរាងរៅមិនទៀងទាត់ ធម្មតាមានរាងជាសាជីមូល ប្រវែង ៣ - ៣០ ស.ម គេបរិភោគជាបន្លែ ឬជាម្ហូប ។	</li><li><p-n>More Information	NA : salad pepper</p-n></li></ul>
ម្ទេសព្រៃ	TABERNAEMONTANA (Apocynaceae) 	Tabernaemontana bovina Lour. 	<ul><li>Shrub, 0.5-5 m tall, of the dense formations of Thailand and China. Stalks and twigs used in infusions against asthma fits. 	</li><li>ម្ទេសព្រៃមានកំពស់  ពី០,៥ ទៅ ៥ម ដុះក្នុងព្រៃក្រាស់នៅប្រទេសថៃ និងចិន ខ្មែរយើងនាំមកដាំក្នុងសួនជាលំអ ។ គ្រូថ្នាំខ្មែរស្ងោរ មែកធាងកាត់តូចៗ អោយអ្នកមានជំងឺហឺត ផឹក ជាពិសេស ពេលរោគហឺតកំពុងធ្វើទុក្ខខ្លាំង ។ 	</li><li><p-n>More Information	NK &nbsp;: mtes préi &nbsp;ម្ទេសព្រៃ	NOTE	ពេលមានពាក្យ (វល្លិ) (ស្មៅ) (ដើម) ក្នុងវង់ក្រចកខាងក្រោយនាម រុក្ខជាតិ ត្រូវអានពាក្យនោះខាងមុខនាមវិញ។</p-n></li></ul>
ម្ទេស ភាពនាងដៃ	@ម្ទេស ភាពហាវ៉ៃ, @ម្ទេស ខ្មាំង	CAPSICUM (Solanaceae)	Capsicum frutescens L.	<ul><li>NOTE: the bird pepper’s leaves are eaten cooked in &quot;sämlâ:&quot; of bamboo shoots. Fruits contain capsaicin which give them their hot flavour. They are the most used condiment in warm countries and a powerful digestive. In the local pharmacopoeia, they are prescribed against liver troubles involving oedema and for icterus.	</li><li>កំណត់សំគាល់ ៖ ស្លឹកម្ទេសខ្មាំង យើងនិយមយកបន្សាបសម្លទំពាំង ។ ម្ទេសខ្មាំងហើរណាស់ ពីព្រោះមានជាតិម្យ៉ាងឈ្មោះ “ Capsaïcine ” ។ ម្ទេសខ្មាំងជាម្ទេស ដែលទ្វីបក្តៅសកលលោកនិយមប្រើណាស់ ។ ម្ទេសធ្វើអោយអាហារឆាប់រលាយ ។ គ្រូថ្នាំខ្មែរបញ្ញតិឱ្យអ្នកឈឺថ្លើម ហើយហើមផង និងឈឺកើតលឿងបរិភោគម្ទេសខ្មាំង ។	</li><li><p-n>More Information	a. var. longum Baill.</p-n></li></ul>
	ពេលមានពាក្យ (វល្លិ) (ស្មៅ) (ដើម) ក្នុងវង់ក្រចកខាងក្រោយនាម រុក្ខជាតិ ត្រូវអានពាក្យនោះខាងមុខនាមវិញ។		<ul><li>	</li><li>					</li></ul>
ម្នាស់បារាំង	@និលពិសី	AGAVE (Agavaceae)	Agave americana L.	<ul><li>American aloe is originated in Mexique, cultivated in all over the world as ornamental. The leaves may give textile fiber. The stem center used as a component of a remedy against paludism. Root used to facilitate urinary emission and against syphilis.	</li><li>ជារុក្ខជាតិ មានដើមកំណើតក្នុងប្រទេស Mexique គេនិយមដាំជាលំអក្នុងសួននានា។ ស្លឹកគេអាចយកទៅធ្វើអំបោះ ត្បាញបាវ ការ៉ុង បាន។ ឫសជាឱសថធ្វើឱ្យនោមស្រួល និងរំងាប់រោគស្វាយ។	</li><li><p-n>More Information	NA : american aloe&nbsp;</p-n></li></ul>
ម្រះ	MOMORDICA (Cucurbitaceae)	Momordica charantia L.	<ul><li>Annual herb, climbing on a support, originating from India, cultivated in all tropical regions of the world. The green fruits and the young leaves, very bitter, are used in cooking. Young leaves are used specifically as vegetables by the Khmers in a dish called &quot;sâmlâ kâkô&quot;. In traditional Cambodian medicine, the juice extracted from leaves is administered to the patients affected by malaria in times of crisis. In Porto Rico, it seems that the plant is used in the treatment of the diabetes.	</li><li>ឈ្មោះវល្លិដំណាំប្រចាំឆ្នាំមួយប្រភេទវារឡើងទ្រើង នាំពីប្រទេសឥណ្ឌាមកដាំគ្រប់ប្រទេសក្តៅសកលលោក ។ ស្លឹកខ្ចី និង ផ្លែខ្ចីមានរសល្វីង ប្រើការជាបន្លែ ឬផ្លែប្រើជាអន្លក់ក៏បាន ។ ស្លឹកខ្មែរប្រើសំរាប់បង់សម្លកកូរ ។ គ្រូថាំបុរាណច្របាច់ស្លឹក យកទឹកអោយអ្នកឈឺជំងឺគ្រុនចាញ់ផឹកពេលញាក់ម្តងៗ ។ នៅស្រុក portorico (អាមេរិកក្ដៅ) គេប្រើដើមម្រះ ធ្វើជាថ្នាំព្យាបាលជំងឺទឹកនោមផ្អែម ។	</li><li><p-n>More Information	NA &nbsp;: bitter gourd, bitter cucumber</p-n></li></ul>
ម្រះខ្មោច	SOLENA (Cucurbitaceae) 	Solena heterophylla (Lam.) Ghandi	<ul><li>Slender herb, hairless with polymorphous leaves, met in the deforested places of tropical Asia. The roots are considered purgative.	</li><li>ឈ្មោះតិណជាតិមែកឆ្មារមួយប្រភេទ មិនសូវមានរោមទេ តែមានស្លឹកច្រើនសណ្ឋាន ដុះក្នុងទីវាលនៃទ្វីបអាស៊ីផ្នែកក្ដៅ ។ គេតែងប្រើឬសធ្វើថ្នាំបញ្ចុះ ។	</li><li><p-n>More Information	Syn. &nbsp;: Melothria heterophylla Cogn.</p-n></li></ul>
ម្រះព្រៅ	OCIMUM (Labiatae)	Ocimum tenuiflorum L. 	<ul><li>Herbaceous plant, cultivated especially for the mucilaginous seeds, which, soaked water, give a soft drink. It is the seeds of this species that one finds sold on markets, often exported abroad. The leaves are used for flavoring some special dishes. In traditional medicine, the seeds would facilitate delivery.	</li><li>ឈ្មោះតិណជាតិម្យ៉ាង ដែលគេនិយមដាំក្នុងប្រទេសក្ដៅ ដើម្បីយកគ្រាប់ត្រាំទឹកផឹកជាភេសជ្ជៈ ។ គ្រាប់ម្រះព្រៅ ឬ    “ គ្រាប់ជី ” តែងមានលក់ក្នុងផ្សារ ពេលខ្លះគេនាំចេញទៅលក់ឯបរទេសផង ។ ស្លឹកម្រះព្រៅជាគ្រឿងទេសសម្រាប់បង់សម្ល ឱ្យមានក្លិនក្រអូប ។ តាមក្បួនឱសថបុរាណ គ្រាប់ម្រះព្រៅ ជាថ្នាំដែលជួយឱ្យសម្រាលកូនបានឆាប់រហ័ស ។	</li><li><p-n>More Information	Syn. &nbsp;: Ocimum sanctum L.</p-n></li></ul>
ម្រាម	@កំព្រាម	DALBERGIA (Leguminosae-Papilionoideae) 	Dalbergia godefroyi Prain	<ul><li>Ligneous liana, long 10 m, growing at riversides between 50 and 200 m, met in Thailand and inCambodia. Stalk used for temporary buildings and to make pickets.	</li><li>ឈ្មោះវល្លិធំម្យ៉ាង ប្រវែងរហូត ១០ម ដុះតាមមាត់ទឹកលើដីទំនាប ដែលមានឧបព្វេធមិនលើពី២០០ម ក្នុងប្រទេសថៃ និង ខ្មែរ ។ ដើមគេប្រើសង់រោងបណ្ដោះអាសន្នបាន ឬសម្រាប់ធ្វើរបង ។	</li><li><p-n>More Information	NK : mriëm (doigt) &nbsp;ម្រាម, &nbsp;kâmpriëm &nbsp;កំព្រាម	NOTE	ពេលមានពាក្យ (វល្លិ) (ស្មៅ) (ដើម) ក្នុងវង់ក្រចកខាងក្រោយនាម រុក្ខជាតិ ត្រូវអានពាក្យនោះខាងមុខនាមវិញ។</p-n></li></ul>
ម្រាមនាង	@ប្រផូ	FAGRAEA (Loganiaceae) 	Fagraea ceilanica Thunb.	<ul><li>Bushy shrub, epiphyte or ligneous liana with stalk the size of little fingers, growing in open environment, on calcareous or gritty slopes, sometimes in dense forests, between 300 and 2000 m, in Southeast Asia. The decoctions of stalks would be febrifuge. 	</li><li>ដើមម្រាមនាង ជាគុម្ពព្រឹក្សស្ទើវារ ពេលខ្លះដុះជាវល្លិធំប៉ុនម្រាមដៃលើទីវាល ឬលើទួល ដែលដីមានជាតិកំបោរ ឬជាតិ ថ្មដុស នៃអាស៊ីផ្នែកអាគ្នេយ៍ ។ គ្រូខ្មែរ កាត់ដើមជាកង់ៗ ហើយស្ងោរធ្វើថ្នាំជម្ងឺគ្រុន ។	</li><li><p-n>More Information	NK : moriëm niëng (doigt de demoiselle, allusion à la dimension des rameaux), prâphô &nbsp;ម្រាមនាង, ប្រផូ	NOTE	ពេលមានពាក្យ (វល្លិ) (ស្មៅ) (ដើម) ក្នុងវង់ក្រចកខាងក្រោយនាម រុក្ខជាតិ ត្រូវអានពាក្យនោះខាងមុខនាមវិញ។</p-n></li></ul>
ម្រុម	MORINGA (Moringaceae) 	Moringa oleifera Lam.	<ul><li>Shrub or small tree, 3-10 m tall, originating from India and Pakistan, introduced into Southeast Asia where it is especially planted as decorative. Young leaves and flowers as well as young fruits are eaten in culinary preparations. The leaves may also be used as fodder. The seed, known under the name of Ben or Ben’s Black gives an edible oil and is used also, in perfumery, to fix the flavors of some flowers. The bark is used, in traditional medicine, to prepare a medicine absorbed by the delivered women as a tonic drink.	</li><li>ឈ្មោះចុល្លព្រឹក្សឬព្រឹក្សតូចមួយប្រភេទកំពស់៣-១០ម មានដើមកំណើតក្នុងប្រទេសឥណ្ឌា ឬប៉ាគ្សីតង់ គេនាំមកដាំនៅទ្វីបអាស៊ីផ្នែកអាគ្នេយ៍ ស្លឹក ផ្កា និងផ្លែខ្ចីប្រើធ្វើបន្លែបាន (ស្លឹកខ្ចីប្រើស្លស្រឡក់ ផ្លែវែងៗមានសសៃប្រើជាបន្លែស្លម្ជូរ)។ ស្លឹកចាស់ ឬខ្ចី អាចគោ ក្របីស៊ីបាន ។ គ្រាប់ផ្លែម្រុម គេអាចចម្រាញ់យកប្រេងម្យ៉ាងបរិភោគបាន និងប្រើដាក់ទឹកអប់ ដើម្បីអោយក្លិនក្រអូបនៅជាប់មិនប្រែ ។ គ្រូបុរាណ ប្រើសំបកធ្វើជាថ្នាំកម្លាំងសំរាប់នារី ទើបសំរាលកូនហើយ ។	</li><li><p-n>More Information	Syn. &nbsp;: Moringa pterygosperma Gaertn.</p-n></li></ul>
ម្រេច 	PIPER (Piperaceae)	Piper nigrum L.	<ul><li>Climbing liana, 8-10 m long, cultivated in the tropical countries for its berries used as condiments. Before 1970, the cultivation was very extensive in Cambodia, in the Kampot region. In traditional Khmer medicine, the pepper is used internally against different diseases : fever, dysentery etc. 	</li><li>ម្រេចជាវល្លិតោងជន្លង់ មែកប្រវែង៨-១០ម គេដាំក្នុងប្រទេសក្ដៅដើម្បីយកផ្លែធ្វើជាគ្រឿងទេសហឺរ ។ មុនឆ្នាំ១៩៧០ ខ្មែរយើងដាំម្រេច ដោយប្រពលលក្ខណៈក្នុងខេត្តកំពត ។ ម្រេចជាឱសថក្នុងសម្រាប់រម្ងាប់រោគផ្សេងៗដូចជាគ្រុន រាគមួល ។ល។	</li><li><p-n>More Information	NA &nbsp;: pepper</p-n></li></ul>
ម្រេចកង្កែប	@ម្រេចទេស	ADENOSMA (Scrophulariaceae) 	Adenosma indianum (Lour.) Merr.	<ul><li>Annual herb up 10-70 cm tall, found in secondary forest of Indochina and India. The crushed leaves are used as poultice for stomachache.	</li><li>ម្រេចកង្កែប ជាស្មៅប្រចាំឆ្នាំមួយប្រភេទ កំពស់ ១០-៧០ សង់ទីម៉ែត្រ មានផ្កាខៀវ ជាចង្កោម ដុះក្នុងទីវាល នៃប្រទេសឥណ្ឌូចិន និង ឥណ្ឌា។ គេនិយមប្រើស្លឹក ដែលមានក្លិនឈ្ងុយ បុកឱ្យល្អិត ហើយបំពោកលើពោះពេលមានជំងឺ។	</li><li><p-n>More Information	Syn. : Adenosma capitatum Benth. ex Hance&nbsp;</p-n></li></ul>
ម្រេចទន្សាយ 	BAECKEA (Myrtaceae)	Baeckea frutescens L. 	<ul><li>Subshrub, 0,50-2m tall looking like a heath growing in sunny places or under open forest in tropical Asia. The tea from the aromatic leaves is drunk against stomach-ache. Stalks sometime used for making broom.	</li><li>ម្រេចទន្សាយជាគុម្ពព្រឹក្សម្យ៉ាងដុះឡើងត្រង់ មានកំពស់ ០,៥០-២ម ដុះទីវាល ដែលមានកំដៅថ្ងៃ ឬក្រោមដើមឈើ ក្នុងព្រៃល្បោះនៃប្រទេសអាស៊ីផ្នែកក្តៅ ។ ស្លឹកមានក្លិនឈ្ងុយ សំរាប់ធ្វើថ្នាំរំងាប់រោគចុកពោះ ។ មែកធាងម្រេចទន្សាយ អ្នកខ្លះគេយកធ្វើអំបោស ។	</li><li><p-n>More Information	NF : poivre du lièvre</p-n></li></ul>
ម្រេញទួល	ARCHIDENDRON (Leguminosae-Mimosoideae)	Archidendron lucidum (Benth.) I. C. Nielsen	<ul><li>Tree, 8-10m tall, found in evergreen forest up to 1300m altitude in China and Indochina. Good wood used for construction.	</li><li>ម្រេញទួលជាដើមឈើកំពស់ ៨ - ១០ ម ដុះក្នុងព្រៃក្រាស់ លើដីទួលក្រោម ១៣០០ម នៃប្រទេសចិន និងឥណ្ឌូចិន។ ឈើល្អគួរសម អាចសង់ផ្ទះបាន តមិនសូវជាប់នឹងមាត់កណ្ដៀវ ។	</li><li><p-n>More Information	Syn. &nbsp;: Pithecellobium lucidum Benth.</p-n></li></ul>
ម្លិះ	JASMINUM (Oleaceae)	Jasminum sambac (L.) Aiton  	<ul><li>Shrub, 1-2 m tall, much climbing, originating from India and cultivated in tropical regions for its very nice-smelling white flowers. Flowers sometimes used to flavor tea or to make welcome’s necklaces and offerings in temples. Cambodians like leaving the flowers of jasmine in drinking or toilet water. In traditional medicine, the flowers are a component of a lotion to calm cutaneous prurit ; they also enter the preparation of a paste used in the treatment of children lips ulcers. The leaves, applied to the bosoms of the delivered women, would have the property to stop milky secretion.	</li><li>ជាចុល្លព្រឹក្សកំពស់ពី ១-២ម ស្ទើវារ កំនើតក្នុងប្រទេសឥណ្ឌា គេនាំមកដាំគ្រប់ស្រុកក្ដៅ នៃទ្វីបអាស៊ី ជាលំអ ដោយមានផ្កា ស ក្រអូបណាស់ ។ គេនិយមប្រើផ្កាសំរាប់លាយជាមួយតែ ឬធ្វើកំរងស្វាគមន៍ ឬកំរងថ្វាយព្រះ ។ ខ្មែរយើងចូលចិត្តត្រាំផ្កាម្លិះក្នុងទឹកផឹក ឬ ទឹកលុបមុខ ។ គ្រូថ្នាំបុរាណតែងយកផ្កាម្លិះប្រើផ្សំធ្វើថ្នាំទឹកម្យ៉ាង សំរាប់ព្យាបាលជំងឺ រមាស់ខ្លាំងលើស្បែក គេអាចប្រើផ្កាផ្សំធ្វើឱសថ ម្យ៉ាងទៀតរំងាប់រោគដំបៅបបូរមាត់ក្មេងៗ ។ ស្លឹកម្លិះ ដែលគេបំពោកលើ ដោះនារី ទើប សំរាលកូនហើយអាចមានប្រសិទ្ធិភាពធ្វើអោយខះទឹកដោះ ។	</li><li><p-n>More Information	NA &nbsp;: Arabian jasmine</p-n></li></ul>
ម្លិះ រួត	GARDENIA (Rubiaceae)	Gardenia lucida Roxb.	<ul><li>Shrub, 2-5 m tall, of vague origin, cultivated for its nice-smelling flowers, generally white with multiple petals, often used to make necklaces.	</li><li>ម្លិះ រួត ជាចុល្លព្រឹក្សកំពស់ ២-៥ម ដើមកំណើតមិនប្រាកដ គេដាំជាលំអ នឹងសម្រាប់យកក្លិនផ្កាពណ៌ស ក្រអូបត្រជាក់ ប្រើការបានច្រើនយ៉ាង ដូចជា អប់ទឹក ឬ ចង់កម្រងផ្កា ម្លិះរួតខុសពីម្លិះលាដោយមានផ្កាជារួតៗ ជាច្រើនស្រទាប់ ។	</li><li><p-n>More Information	NK &nbsp;: &nbsp;mlis ruët &nbsp;ម្លិះរួត	NOTE	ពេលមានពាក្យ (វល្លិ) (ស្មៅ) (ដើម) ក្នុងវង់ក្រចកខាងក្រោយនាម រុក្ខជាតិ ត្រូវអានពាក្យនោះខាងមុខនាមវិញ។</p-n></li></ul>
ម្លិសស្រុក	CLERODENDRON (Verbenaceae) 	Clerodendron philippinum Schauer 	<ul><li>Shrub, 0,50-1 m tall, of barren places in Southeast Asia, cultivated and naturalized almost everywhere in tropical Asia, Rose-white flowers, very nice-smelling. In Cambodia, the leaves are used in traditional medicine, used external, under the form of baths, against the boils of the children. Infusions are used for the treatment of gonorrhea.	</li><li>ឈ្មោះគុម្ពព្រឹក្សមួយប្រភេទកំពស់ ០.៥០-១ម ដុះលើដីវាលគ្មានដើមឈើ ក្នុងទ្វីបអាស៊ីផ្នែកអាគ្នេយ៍ ។ ម្លិសសុ្រក ខុសពីម្លិសធម្មតាឆ្ងាយណាស់ មិនមែនសន្តានជាមួយគ្នាទេ ។ ដើមនេះគេនាំពូជទៅដាំក្នុងស្រុកជាច្រើន នៃអាស៊ីទាំងមូលដោយផ្កា ស លាយផ្កាឈូក មានក្លិនក្រអូបល្អ ។ ស្លឹកគេប្រើធ្វើថ្នាំ ។ គេត្រាំស្លឹក ឱ្យក្មេងកើតបូសទ្រនិច ងូត ។ គេឆុង ស្លឹក ព្យាបាលជម្ងឺប្រមេះ ។	</li><li><p-n>More Information	NA : glory bower</p-n></li></ul>
ម្លូ	PIPER (Piperaceae)	Piper betle L. 	<ul><li>Slender shrub climbing on supports, of Malay origin, cultivated almost everywhere in tropical Asia. The green leaves make the plug of betel. Before being chewed, a leave is coated with a bit of lime and a few areca nuts. These leaves are used also in traditional medicine: warmed, they are applied to oedemas, or to the breast to stop cough. The betel leaves, rolled into a cone, are offered to the spirits during the rituals. They are one of the presents exchanged during engagements and marriages.	</li><li>ចុល្លព្រឹក្សតូចមួយប្រភេទជាវល្លិឡើងជន្លង់ ដើមកំណើតក្នុងប្រទេសជ្វា គេនាំមកដាំគ្រប់ប្រទេសនៃអាស៊ីក្តៅ។ គេប្រើ ស្លឹកជាម្លូស៊ី ។ គេយកកំបោរបៀកលើស្លឹកហើយស៊ីជាមួយសា្លមួយចំណិត។ ក្នុងក្បួនឱសថបុរាណ គេយកស្លឹកម្លូរោលភ្លើង សំ្អលើកន្លែងហើម ឬដាក់លើដើមទ្រូងឱ្យបាត់ក្អក ។ គេមូរស្លឹកម្លូជារាងសាជីសែនអ្នកតា ។ ម្លូជាគ្រឿងដែលខានពុំបាន ក្នុងពិធីលើកស្លា និង អាពាហ៍ពិពាហ៍ ។	</li><li><p-n>More Information	NA &nbsp;&nbsp;: betel plant</p-n></li></ul>
ម្អមក្ដាម	LIMNOPHILA (Scrophulariaceae) 	Limnophila repens (Benth.) Benth.	<ul><li>Herb, crawling at bottom, erected in the summit, 20 cm tall, of the sandy or wet places of the Indochinese Peninsula. The young twigs with leaves are consumed raw as vegetables or used to scent some dishes, such as &quot;phlië&quot; etc. ...	</li><li>ឈ្មោះតិណជាតិវារនៅគល់ តែចុងដុះត្រង់ឡើងលើ កំពស់ប្រហែល ២០ស.ម មានស្លឹក និងដើមល្អិតជាងម្អម និង ម្អមស្វា ដុះលើដីខ្សាច់សើមៗ នៃឧបទ្វីបឥណ្ឌូចិន ។ គេច្រើនប្រើដើមខ្ចីៗ និងស្លឹកធ្វើបន្លែឆៅ ឬជាគ្រឿងភ្លា ។	</li><li><p-n>More Information	Syn. &nbsp;: Limnophila conferta Benth.</p-n></li></ul>
ម្អមដី 	LIMNOPHILA (Scrophulariaceae) 	Limnophila chinensis (Osbeck) Merr. subsp. aromatica (Lam.) Merr.	<ul><li>Crawling herb. rooted at bottom, erected in the summit, 20-30 cm long, common in the sandy, wet or dry places, in Australia and the Far East. The young twigs are used to flavor some dishes, in particular &quot;sâmlâ:&quot;. In traditional medicine, the twigs and the leaves are components of an antispasmodic remedy. In external use, stalks and leaves mixed with ashes of wood and common salt make a cosmetic for the face-care.	</li><li>ជាតិណជាតិពួកមួយ គល់វាលើដី ចុងដុះត្រង់ឡើងលើប្រវែង ២០-៣០ស.ម ដុះតាមទំនាប ឬលើដីសើមមានខ្សាច់ នៃទ្វីបអូស្ត្រាលី និងចុងបូព៌ាប្រទេស។ មែក និងស្លឹកខ្ចីៗ គេជាគ្រឿងទេស សំរាប់បង់សម្លម្ជូរ ។ តាមក្បួនឱសថបុរាណ ម្អម គេផ្សំជាមួយថ្នាំដទៃទៀត ដើម្បីធ្វើឱសថព្យាបាលជំងឺញាក់សាច់ដុំ និងប្រកាច់ គេអាចប្រើម្អមសំរាប់ធ្វើថ្នាំថែមុខឱ្យបានល្អ។ 	</li><li><p-n>More Information	Syn. &nbsp;: Limnophila aromatica Merr.</p-n></li></ul>
ម្អមភ្នំ	OLDENLANDIA (Rubiaceae)	Oldenlandia rosmarinifolia Pit.	<ul><li>Herb, 25-45 cm tall, much hairless, branched out from the base, of the undergrowth of the dense forests or of wet meadows of the Bokor mountain. Popular as decorative plant. It would be of use also as vegetables to the mountain dwellers of Bokor, who consider it as a strengthening food.	</li><li>ឈ្មោះ តិណជាតិមួយប្រភេទ កំពស់ ២៥-៤៥ស.ម គ្មានរោម បែកមែកជាច្រើនពីគល់ ដុះក្រោមដើមឈើក្នុងព្រៃក្រាស់ ឬលើវាលស្មៅសើមៗ នៃភ្នំបូកគោ ។ គេនិយមគាស់ទៅដាំជាលំអ ។ អ្នកស្រុករស់លើភ្នំប្រើដើមនេះ ផ្ដល់កម្លាំង ។	</li><li><p-n>More Information	NK &nbsp;: &nbsp;mââ:m phnôm &nbsp;ម្អមភ្នំ	NOTE	ពេលមានពាក្យ (វល្លិ) (ស្មៅ) (ដើម) ក្នុងវង់ក្រចកខាងក្រោយនាម រុក្ខជាតិ ត្រូវអានពាក្យនោះខាងមុខនាមវិញ។</p-n></li></ul>
ម្អមសា្វ	LIMNOPHILA (Scrophulariaceae) 	Limnophila micrantha (Benth.) Benth.	<ul><li>10-20 cm tall annual herb of the reclaimed paddy fields and wet places of plain and altitude up to 1400 m. widely met in Indian regions (India. Assam), in Southern China (Hainan) and in the Indochinese Peninsula. Rarely used in Cambodia to scent &quot;sâmlâ:&quot; but usually used in the nearby countries to flavor special dishes.	</li><li>ម្អមស្វា ជា តិណជាតិប្រចាំឆ្នាំ កំពស់ ១០-២០ស.ម. ដុះក្នុងស្រែស្ងួតក្រោយរដូវច្រូត ឬលើដីសើម លើដីទំនាប និង លើភ្នំកំពស់រហូត ១៤០០ម នៃប្រទេសជាច្រើន ឥណ្ឌា អាស្សាម, ចិនខាងត្បូង និង ឧបទ្វីបឥណ្ឌូចិនទាំងមូល ។ ខ្មែរ យើងមិនចូលចិត្តប្រើម្អមសា្វបង់សម្លឡើយ តែនៅស្រុកដទៃទៀតខ្លះ គេប្រើស្លឹកសំរាប់ធ្វើគ្រឿងទេស ។ 	</li><li><p-n>More Information	NK &nbsp;: ma’â:m sva: &nbsp;ម្អមស្វា	NOTE	ពេលមានពាក្យ (វល្លិ) (ស្មៅ) (ដើម) ក្នុងវង់ក្រចកខាងក្រោយនាម រុក្ខជាតិ ត្រូវអានពាក្យនោះខាងមុខនាមវិញ។</p-n></li></ul>
ម្អមស្រែ	LIMNOPHILA (Scrophulariaceae) 	Limnophila geoffrayi Bonati	<ul><li>Annual. 10-30 cm tall herb. of the wet meadows and paddy fields of Cambodia, Laos, Vietnam and Thailand. The aromatic stalks and leaves are used to scent some dishes, such as &quot;sâmlâ:&quot;. They are used either fresh or dry.	</li><li>ម្អម ជាតិណជាតិប្រចាំឆ្នាំ កំពស់ ១០ - ៣០ស.ម ដុះលើដីសើម ឬក្នុងទឹករាក់ៗ ក្នុងស្រែនៃប្រទេសកម្ពុជា លាវ        វៀតណាម និង ថៃ ។ មែក និងស្លឹក មានក្លិនហាងឆួលលាយក្រអូបបន្តិចៗ ផ្កាសម្បុរស្វាយ ប្រើជាគ្រឿងបង់សម្លម្ជូរ ប្រើបានទាំងស្រស់ ទាំងក្រៀម ។ 	</li><li><p-n>More Information	NK &nbsp;: ma’â:m sraè &nbsp;ម្អមស្រែ	NOTE	ពេលមានពាក្យ (វល្លិ) (ស្មៅ) (ដើម) ក្នុងវង់ក្រចកខាងក្រោយនាម រុក្ខជាតិ ត្រូវអានពាក្យនោះខាងមុខនាមវិញ។</p-n></li></ul>
យិញសេង	PANAX (Araliaceae)	Panax ginseng C.A. Mey.	<ul><li>The ginseng does not grow in Cambodia, but in Manchuria and Korea. The roots alone are known by Cambodians and especially by rich Chineses of Cambodia because they are sold at fabulous prices: about 5000 US$ per Kg. Their shape is that of a human head with prolongations featuring two arms and two legs. It would be an aphrodisiac and a powerful tonic for the convalescents. Unfortunately, in the business, there are forgeries of genuine ginseng.	</li><li>ដើមនេះ មិនដែលដុះក្នុងប្រទេសខ្មែរឡើយ មានដុះតែក្នុងប្រទេស Corée និង Mandchourie ។ នៅស្រុកខ្មែរ គេស្គាល់តែឬស យិញសេង ដែលគេនាំមកលក់តម្លៃថ្លៃបំផុត ប្រហែល៣ម៉ឺនត្រណោត ក្នុង១គ.ក. ហេតុនេះអ្នកទិញជាចិន ឬខ្មែរដែលមានទ្រព្យច្រើន ។ ឬសយិញសេង ពិតប្រាកដ រាងសណ្ឋានស្រដៀងមនុស្សមានដៃពីរជើងពីរ ។ ឬសនេះគេទុកជាថ្នាំកម្លាំង ពូកែណាស់ សម្រាប់បុរស នឹងអាចលើកកម្លាំងអ្នកងើបពីឈឺ ។ តែគួរឲ្យស្តាយ យិញសេង ក្លែងក្លាយ មានជាច្រើនដែលអ្នកជំនួញលក់គ្រប់ប្រទេស ។ 	</li><li><p-n>More Information	NA &nbsp;: ginseng</p-n></li></ul>
យិតថោ	NERIUM (Apocynaceae)	Nerium oleander L.	<ul><li>Shrub, 2-5 m tall, originating from Cape Verde, and cultivated as decorative in all the tropical and temperate countries of the world, for the pink, reddish or white flowers. All the parts of the plant are toxic, containing a poison for the heart. The roots are used as remedy against the infections of the skin.	</li><li>ឈ្មោះចុល្លព្រឹក្សមួយប្រភេទ កំពស់ ២-៥ម ដើមកំណើតនៅប្រទេស Cap-vert (អាហ្វ្រិក) គេនាំមកដាំគ្រប់ប្រទេសក្តៅ និងត្រជាក់មធ្យមសកលលោក ជារុក្ខជាតិលំអដោយផ្កាពណ៌កូលាប ក្រហមភ្លាវ ឬ ស ។ ដើមនេះមានធាតុពុល ចំពោះ បេះដូង ។ ឬសគេប្រើធ្វើថ្នាំរម្ងាប់រោគជម្ងឺស្បែក ។	</li><li><p-n>More Information	NA &nbsp;: oleandr, rose-bay&nbsp;</p-n></li></ul>
យីហ៊ុប	MAGNOLIA (Magnoliaceae)	Magnolia candollii H. Keng	<ul><li>Shrub. 1-2 m tall, sometimes less, of the dense forests of Southeast Asia, met in Cambodia in Kampot province (on the way up towards Bokor). White, very nice-smelling flowers, in demand to scent the house. Rarely cultivated species.	</li><li>ឈ្មោះចុល្លព្រឹក្សមួយប្រភេទកំពស់ ១-២ម ដុះក្នុងព្រៃធំនៃអាស៊ីផ្នែកអាគ្នេយ៍ ។ នៅប្រទេសខ្មែរ យីហ៊ុបដុះច្រើន ក្នុងខេត្តកំពត តាមផ្លូវឡើងទៅភ្នំបូកគោ ។ ផ្កាពណ៌ស ក្លិនក្រអូបណាស់ គេនិយមបេះដាក់ក្នុងផ្ទះអោយក្រអូបផ្ទះ ។ ដើមគេពុំអាចដាំលើដីទំនាបបានឡើយ ។	</li><li><p-n>More Information	Syn. : Manglietia thamnodes (Dandy) Gagnep.</p-n></li></ul>
យុថ្កា	FAGERLINDIA (Rubiaceae) 	Fagerlindia fasciculata (Roxb.) Tirveng.	<ul><li>Thorny shrub, 2-8 m tall, of the dense forests of tropical Asia. The decoction of the stalk and thorns is considered as tonic for the delivered women.	</li><li>ឈោ្មះចុល្លព្រឹក្សមានបន្លាមួយប្រភេទ កំពស់២ទៅ៨ម ដុះក្នុងព្រៃធំនៅអាស៊ីផ្នែកក្ដៅ ។ គ្រូហ្មបុរាណស្ងោរមែកកាត់  កង់ៗ លាយនឹងបន្លា ធ្វើជាឱសថលើកកម្លាំងនារី ដែលទើបសម្រាលកូន ។	</li><li><p-n>More Information	Syn. &nbsp;: Randia fasciculata (Roxb.) DC.</p-n></li></ul>
រកា	BOMBAX (Bombacaceae)	Bombax ceiba L.	<ul><li>A 10 to 20 m tall tree, common in open formations of Southeast Asia and planted along streets. The trunk is covered with conical thorns. Staples of the fruits are sometimes used for padding, the wood for planks and drums.Flowers, seeds, and barks have medicinal properties. In case of dysentery, an infusion of the roasted flowers is taken. Young mothers lacking milk are advised to drink a decoction of roasted seeds. “Röka” barks are used in bandages for lasting fractures or given in infusion for toothache before visiting the dentist. The same infusion as a hemostatic reputation.	</li><li>រកាជាដើមឈើកំពស់ ១០-២០ម មានបន្លា ដុះក្នុងព្រៃល្បោះនៃប្រទេសអាស៊ីផ្នែកអាគ្នេយ៍ ។ ពេលខ្លះគេដាំរកាតាម  វិថីនានា ។ គ្រាប់រកាមានរោម សសៃវែងៗ ដូចគរដែរគេអាចប្រើញាត់ពូកខ្នើយបាន ។ ឈើរកាសម្រាប់ធ្វើកា្ដរផ្ទះ និងសម្រាប់ ធ្វើស្គរ ។ ផ្កាគ្រាប់ សំបកគេយកធ្វើថ្នាំព្យាបាលរោគផ្សេងៗ ថ្នាំនេះប្រើតែក្នុងប្រទេសឥណ្ឌូចិនទេ ។ ទឹកស្ងោរ ផ្កាផឹកឱ្យបាត់មួល ។ ត្រូវលីងផ្កាសិន មុននឹងស្ងោរ ។ គេលីងគ្រាប់ហើយស្ងោរផឹកពេលណាម្ដាយមិនសូវមានទឹកដោះអោយកូនបៅ ។ គ្រូថ្នាំប្រើសំបកដើមរកាផ្សំជាឱសថបិទលើជើង ដៃ បាក់ ដើម្បីឱ្យឆ្អឹងជាប់គ្នាវិញ នឹងអោយមុខរបួសឆាប់ជា ។ គេស្ងោរសំបក អោយអ្នកឈឺធ្មេញ ពេលយប់ផឹក ដើម្បីកុំអោយឈឺខ្លាំងពេក ទំរាំពេលព្រឹកឡើងទៅមើលពេទ្យ ។ ទឹកស្ងោរ សំបកជាឱសថ ម្យ៉ាងទៀត គឺអាចឃាត់ឈាមបាន ។	</li><li><p-n>More Information	Syn. : Bombax malabaricum L.</p-n></li></ul>
រកាវារ	GLOCHIDION (Euphorbiaceae)	Glochidion obliquum Decne 	<ul><li>Tree, 7-11 m tall, of the clear forests of Southeast Asia. The leaves macerated in water are used to treat scabies.	</li><li>ឈ្មោះព្រឹក្សមួយប្រភេទ កំពស់ ៧-១១ម ដុះក្នុងព្រៃល្បោះ នៅទ្វីបអាស៊ីផ្នែកអាគ្នេយ៍ ។ គ្រូហ្មខ្មែរយកស្លឹកត្រាំទឹក ដើម្បីព្យាបាលជម្ងឺកើតកម រមាស់ ។	</li><li><p-n>More Information	NK &nbsp;: &nbsp;roka vir &nbsp;រកាវារ	NOTE	ពេលមានពាក្យ (វល្លិ) (ស្មៅ) (ដើម) ក្នុងវង់ក្រចកខាងក្រោយនាម រុក្ខជាតិ ត្រូវអានពាក្យនោះខាងមុខនាមវិញ។</p-n></li></ul>
រង្គ	GARCINIA (Guttiferae)	Garcinia hanburyi Hook.f.	<ul><li>Tree, 10-20 m tall, of the dense and secondary forests of Cambodia, Southern Vietnam and Thailand; cultivated in Singapore and in Java. All the parts of the plant are filled with a thick, sticky juice, the gamboge, used for the yellow watercolour. It is used also for the preparation of alcohol varnish and varnish for metals. In traditional Cambodian medicine, the gamboge is used to treat the cold and after bronchitis. It would be also vermifuge, against the tape worm. Wood, although little durable, is used in construction. 	</li><li>រង្គជាព្រឹក្ស កំពស់ ១០-២០ម ដុះក្នុងព្រៃធំ និងព្រៃស្រោង នៃប្រទេសកម្ពុជា វៀតណាម និងថៃឡង់ ។ គេនិយមដាំរង្គជាលំអនៅ Singapour និង Java ។ ដើមទាំងមូលមានជ័រស្អិត សម្រាប់ប្រើជាថ្នាំទឹក គូរគំនូរ  ជាពណ៌លឿង ។ គេអាចប្រើជ័រនេះធ្វើវែរនី សម្រាប់លាបដែក ។ គ្រូខ្មែរប្រើជ័រធ្វើថ្នាំព្យាបាលជម្ងឺក្អក ផ្តាសាយ និងជម្ងឺរលាកទងសួត ។ ជ័រនេះ អាចប្រើជាថ្នាំព្រូនវែង ។ ឈើថ្មី បើមិនសូវជាប់យូរ អាចប្រើសម្រាប់សង់ផ្ទះបាន ។	</li><li><p-n>More Information	NF &nbsp;&nbsp;: Gomme-guttet</p-n></li></ul>
រំចេកភ្នំ 	PANDANUS (Pandanaceae)	Pandanus capusii Martelli 	<ul><li>Shrub, 4-8 m tall, much branched out, of the rivers, especially in mountains by 1000 m, in Cambodia and Southern Vietnam. The leaves are used in traditional medicine, under the form of infusion, against fevers caused by the malaria.	</li><li>ឈ្មោះចុល្លព្រឹក្សម្យ៉ាង កំពស់ ៤-៨ ម បែកមែកជាច្រើនដុះតាមមាត់ទឹក ជាពិសេស លើភ្នំដែលខ្ពស់ប្រហែល         ១០០០ម នៃប្រទេសកម្ពុជា និង វៀតណាមខាងត្បូង ។ តាមក្បួនឱសថបុរាណ គេស្ងោរស្លឹក ផឹកប្រឆាំងភាពគ្រុនចាញ់ ។ 	</li><li><p-n>More Information	NK &nbsp;: &nbsp;rumché:k phnôm &nbsp;រំចេកភ្នំ	NOTE	ពេលមានពាក្យ (វល្លិ) (ស្មៅ) (ដើម) ក្នុងវង់ក្រចកខាងក្រោយនាម រុក្ខជាតិ ត្រូវអានពាក្យនោះខាងមុខនាមវិញ។</p-n></li></ul>
រំចេក	@រំចេកសមុទ្រ	PANDANUS (Pandanaceae)	Pandanus tectorius Sol. ex Parkinson	<ul><li>Tree, 8-14 m tall, of the coastal undergrowth, sandy beaches, edges of mangroves and along the rivers close to the sea of all the coasts of the tropical Ancient World. The leaves supply textiles staples. The seeds are edible. From the pollen and the very nice-smelling floral bracts, a perfume can be made. Mixed in coconut oil, it is used as cosmetic. In traditional medicine, the decoction of roots would be diuretic, tonic and stimulate appetite.	</li><li>ឈ្មោះចុល្លព្រឹក្សម្យ៉ាងកំពស់ ៨-១៤ម ដុះតាមព្រៃទាបៗមាត់សមុទ្រ ឆ្នេរផលសាលើដីខ្សាច់ តាមមាត់ទឹកជិតសមុទ្រ នៃឧបទ្វីបចាស់ផ្នែកក្ដៅ ។ ស្លឹកគេប្រើសម្រាប់ត្បាញវត្ថុផ្សេងៗ ។ គ្រាប់អាចបរិភោគបាន ។ លំអងផ្កា និងស្លឹកទ្រនាប់ផ្កាក្លិនក្រអូប គេប្រើធ្វើជាទឹកអប់ ។ ទឹកអប់នេះលាយប្រេងដូង អាចជាថ្នាំថែមុខ ខ្លួន និងសក់ ។ តាមក្បួនឱសថបុរាណ ទឹកស្ងោរ ឬសជា ថ្នាំធ្វើឱ្យនោមច្រើន ឱ្យបាយបាន និងលើកកម្លាំង ។	</li><li><p-n>More Information	NK &nbsp;: rumché:k, rumché:k sâmôtr &nbsp;&nbsp;រំចេក, រំចេកសមុទ្រ	NOTE	ពេលមានពាក្យ (វល្លិ) (ស្មៅ) (ដើម) ក្នុងវង់ក្រចកខាងក្រោយនាម រុក្ខជាតិ ត្រូវអានពាក្យនោះខាងមុខនាមវិញ។</p-n></li></ul>
រំចេកស្រុក	PANDANUS (Pandanaceae)	Pandanus humilis Lour. 	<ul><li>Shrub, 2-3 m tall, of the secondary formations, undergrowth and low hills, on rocky soil, in Indochina. Plant often cultivated to make quickset hedges. The flowers, nice-smelling, are used for scenting the linen. The leaves are often used to weave mats. In traditional medicine, the roots are used against the venereal diseases.	</li><li>ឈ្មោះចុល្លព្រឹក្សមួយប្រភេទ កំពស់ ២-៣ម ដុះក្នុងព្រៃល្បោះ ឬគុម្ពោតលើទួល មានថ្មនៃឥណ្ឌូចិន ។ គេនិយមដាំធ្វើរបងស្រស់ ។ ផ្កាក្រអូបសម្រាប់អប់សំពត់អាវ ។ ស្លឹកអាចត្បាញធ្វើកន្ទេល ។ ឬសសម្រាប់ធ្វើថ្នាំ ស្វាយ ប្រមេះ ។	</li><li><p-n>More Information	Syn &nbsp;: Pandanus pierrei Martelli</p-n></li></ul>
រំដួល	@ក្រវាន់ 	MITRELLA (Annonaceae)	Mitrella mesnyi (Pierre) Bân 	<ul><li>Shrub, 5-8 m tall, of the semi-dense and secondary formations of plain in Cambodia, Laos and Southern Vietnam. In the cultivated state, this species becomes slightly climbing and thus remains rather small : the flowers become also smaller; it is then called &quot;krâvan&quot;. Edible fruits. The yellowish flowers, very nice-smelling, mixed in the oil of &quot;sâmrâng&quot; (Sterculia lychnophora) and in wax are used for scenting the lip pastes that Cambodian women use against the cracks. 	</li><li>ឈ្មោះចុល្លព្រឹក្សមួយប្រភេទកំពស់៥-៨ម ដុះក្នុងព្រៃក្រាស់មធ្យមឬក្នុងព្រៃល្បោះលើដីទំនាបនៃប្រទេសកម្ពុជា លាវ និងវៀតណាម ។ ពេលគេដាំវា ដើមរំដួលដុះជាដើមតូចស្ទើរវារផ្កាក៏ប្រែទៅជាតូច យើងច្រើនហៅថាដើមក្រវាន់ ។ ផ្លែទុំបរិភោគបាន ។ ផ្កាពណ៌ពងមាន់ក្លិនក្រអូប នារីខ្មែរ តែងប្រើ សំរាប់អប់ក្រមួនលាបមាត់។	</li><li><p-n>More Information	Syn. &nbsp;: Popowia aberrans Pierre ex Finet &amp; Gagnep.</p-n></li></ul>
រំដួលស៊ីផ្លែ	GONIOTHALAMUS (Annonaceae)	Goniothalamus repevensis Pierre ex Finet &amp; Gagnep. 	<ul><li>Shrub, 2-5 m tall, with falling branches, of the secondary forests of Cambodia and Laos. The fruits, having the size and the flavour of grapes, are very appreciated; they would be invigorating for the digestion. 	</li><li>រំដួលស៊ីផ្លែ ជាចុល្លព្រឹក្ស កំពស់ ២-៥ម មានមែកធ្លាក់មកក្រោម ដុះក្នុងព្រៃស្រោងនៃប្រទេសកម្ពុជា និងលាវ ។ ផ្លែមានរស់ផ្អែម មានទំហំប៉ុនផ្លែទំពាំងបាយជូរ បរិភោគឆ្ងាញ់ពិសារណាស់ ។ ផ្លែនេះអាចធ្វើឱ្យអាហារឆាប់រលាយ ។	</li><li><p-n>More Information	NK &nbsp;&nbsp;: &nbsp;rumduël si phlè &nbsp;រំដួលស៊ីផ្លែ	NOTE	ពេលមានពាក្យ (វល្លិ) (ស្មៅ) (ដើម) ក្នុងវង់ក្រចកខាងក្រោយនាម រុក្ខជាតិ ត្រូវអានពាក្យនោះខាងមុខនាមវិញ។</p-n></li></ul>
	ពេលមានពាក្យ (វល្លិ) (ស្មៅ) (ដើម) ក្នុងវង់ក្រចកខាងក្រោយនាម រុក្ខជាតិ ត្រូវអានពាក្យនោះខាងមុខនាមវិញ។		<ul><li>	</li><li>					</li></ul>
រំដេញ	@ចំបក់ប្រាង 	DAPHNIPHYLLUM (Daphniphyllaceae)	Daphniphyllum majus Müell. Arg. var. pierrei (Hance) Huang 	<ul><li>High shrub, 1-6 m tall, of coastal forests in tropical Asia. The dried leaves can be smoked as the tobacco. Excellent firewood.	</li><li>ចុល្លព្រឹក្សម្យ៉ាង កំពស់ ១-៦ម ដុះក្នុងព្រៃជិតមាត់សមុទ្រ នៃទ្វីបអាស៊ីផ្នែកក្ដៅ ។ ស្លឹកដែលហាលស្ងួតអាចជក់បាន ដូចថ្នាំ ។ មែកតូចៗគេតែងទុកធ្វើអុសដុត ។	</li><li><p-n>More Information	NK : rum dé:nh, châmbâk pra:ng &nbsp;រំដេញ, ចំបក់ប្រាង	NOTE	ពេលមានពាក្យ (វល្លិ) (ស្មៅ) (ដើម) ក្នុងវង់ក្រចកខាងក្រោយនាម រុក្ខជាតិ ត្រូវអានពាក្យនោះខាងមុខនាមវិញ។</p-n></li></ul>
រំដេញមាស	PRISMATOMERIS (Rubiaceae)	Prismatomeris tetrandra (Roxb.) Schum.	<ul><li>Shrub, 2-4 m tall, often branching, common in dense forests of Southeast Asia. The infusion of roots is absorbed as tea. Tonic and purifying wood, in decoction. The roots are a component of a medicinal preparation against bronchitises.	</li><li>ឈ្មោះចុល្លព្រឹក្សមួយប្រភេទកំពស់ ២-៤ម ស្ទើរវារ ដុះក្នុងទីព្រៃធំនៃអាស៊ីផ្នែកអាគ្នេយ៍ ។ គេឆុងឬសផឹកដូចតែ ។ គេស្ងោរឈើផឹកជាថ្នាំសំអាតឈាម ។ គ្រូថ្នាំបុរាណប្រើឬសផ្សំធ្វើថ្នាំរំងាប់រោគទងសួត ។	</li><li><p-n>More Information	Syn. : Prismatomeris albidiflora auct. non Thwaites</p-n></li></ul>
រំដែល	BURSERA (Burseraceae)	Bursera serrata Wall. ex Colebr.	<ul><li>10 to 20 m tall tree, of dense and secondary formations in India and Indochina. Browny, slighty reddish wood, with compact and twisted staples, used in local building.	</li><li>ដើមរំដែលជាព្រឹក្សកំពស់ ពី១០ ទៅ ២០ម ដុះក្នុងព្រៃធំ ឬព្រៃស្រោងក្នុងទ្វីបឥណ្ឌា និងឥណ្ឌូចិន ។ ឈើពណ៌ត្នោតឬក្រហមភាវ សាច់ម៉ត់ តែក្ងិងក្ងង់ អាចប្រើធ្វើរោង ឬផ្ទះតូចតាចបាន ។	</li><li><p-n>More Information	Syn. : Protium serratum (Wall. ex Colebr.) Engl.</p-n></li></ul>
រទាំង	@ស្ទាវ	HOMALIUM (Flacourtiaceae)	Homalium brevidens Gagnep.	<ul><li>Shrub, 2-6 m tall, of the flooded forests of Cambodia. Wood used to make coal. The barks are used for the caulking the boats.	</li><li>រទាំង ឬស្ទាវ ជាចុល្លព្រឹក្ស កំពស់ ២-៦ម ដុះក្នុងព្រៃរនាមប្រទេសកម្ពុជា ។ ឈើសម្រាប់ធ្វើធ្យូង ។ សំបកអាចប្រើបិទនាវទូក ឬកប៉ាល់ ។	</li><li><p-n>More Information	NK &nbsp;: &nbsp;rotèang, stiëw &nbsp;រទាំង, ស្ទាវ	NOTE	ពេលមានពាក្យ (វល្លិ) (ស្មៅ) (ដើម) ក្នុងវង់ក្រចកខាងក្រោយនាម រុក្ខជាតិ ត្រូវអានពាក្យនោះខាងមុខនាមវិញ។</p-n></li></ul>
រទេសទឹក 	STROPHANTHUS (Rubiaceae)	Strophanthus candatus (L.) Kurz 	<ul><li>Shrub, 1-3 m tall, sometimes climbing liana, 10-15 m long, of the dense forests of Indochina, China and Java (Indonesia). The seeds are used in traditional medicine against numerous diseases (typhoid, cardiac weakness) and also as ocular anaesthetic.	</li><li>រទេសទឹកជាចុល្លព្រឹក្សតូច ឬគុម្ពព្រឹក្សកំពស់១-៣ម ពេលខ្លះជាវល្លិវែងប្រវែង១០–១៥ម វារលើឈើក្នុងព្រៃជ្រៅ នៅ ឥណ្ឌូចិនប្រទេសចិន និង កោះយ៉ាវ៉ា (Java) ។ គ្រាប់គេប្រើធ្វើថ្នាំរម្ងាប់រោគ ច្រើនជំពូកដូចជាគ្រុនសន្ឋំ ជម្ងឺបេះដូង ។ល។ ព្រមទាំងធ្វើជាថ្នាំស្ពឹកសម្រាប់ភ្នែក ។	</li><li><p-n>More Information	NK &nbsp;: rotéh tük &nbsp;រទេសទឹក	NOTE	ពេលមានពាក្យ (វល្លិ) (ស្មៅ) (ដើម) ក្នុងវង់ក្រចកខាងក្រោយនាម រុក្ខជាតិ ត្រូវអានពាក្យនោះខាងមុខនាមវិញ។</p-n></li></ul>
រន្ទះបាញ់	CLERODENDRON (Verbenaceae) 	Clerodendron schmidtii C.B. Clarke	<ul><li>Shrub, 0,50-1,50 m tall, originating from tropical Asia, naturalized in Indochina. In Cambodia, it is met especially in rural areas, in the deforested places, along the roads or near the houses, where it is cultivated for iys fire-red flowers, accounting for its khmer name.	</li><li>ឈ្មោះគុម្ពព្រឹក្សមួយមានកំពស់ ០.៥០-១.៥០ម មានដើមកំណើតក្នុងទ្វីបអាស៊ីក្ដៅ គេនាំពូជដាំក្នុងឥណ្ឌូចិន ។ នៅប្រទេសខ្មែរគេឃើញដើមរន្ទះបាញ់ដុះស្រុកស្រែ តាមមាត់ផ្លូវ ឬជិតផ្ទះអ្នកស្រុក គេដាំឱ្យល្អមើលដោយផ្កាពណ៌ក្រហមឆ្អៅដូចភ្លើងរន្ទះ ។	</li><li><p-n>More Information	NK : runtèahs banh’ (foudre tombée) &nbsp;រន្ទះបាញ់	NOTE	ពេលមានពាក្យ (វល្លិ) (ស្មៅ) (ដើម) ក្នុងវង់ក្រចកខាងក្រោយនាម រុក្ខជាតិ ត្រូវអានពាក្យនោះខាងមុខនាមវិញ។</p-n></li></ul>
រមាំង	@ល្បក់, @អាហោ	DIOSPYROS (Ebenaceae) 	Diospyros ehretioides Wallich ex G. Don 	<ul><li>Tree, 8-15 m tall, of secondary formations or clear forests of Cambodia from which it is endemic. Fruits used to stun fishes. The wood is used in construction, to make boards and skeletons. After being darkened it is used to make slates for pupils.	</li><li>ឈ្មោះព្រឹក្សមួយប្រភេទ កំពស់ ៨-១៥ម ដុះក្នុងព្រៃស្រោង ឬព្រៃល្បោះ នៃប្រទេសកម្ពុជា ។ ផ្លែសម្រាប់ធ្វើត្រីឱ្យស្ពឹកមុននេសាទ ។ ឈើសម្រាប់សង់ផ្ទះ ធ្វើកា្ដរ គ្រឿងជំរាល និងសម្រាប់ធ្វើកា្ដរខៀនតូច សម្រាប់សិស្សរៀន ដោយលាបឱ្យខៅ្មជាមុនសិន ។	</li><li><p-n>More Information	NK &nbsp;: roméang (daim), l’bâk, ahâo &nbsp;រមាំង, ល្បក់, អាហោ	NOTE	ពេលមានពាក្យ (វល្លិ) (ស្មៅ) (ដើម) ក្នុងវង់ក្រចកខាងក្រោយនាម រុក្ខជាតិ ត្រូវអានពាក្យនោះខាងមុខនាមវិញ។</p-n></li></ul>
រមៀត	@ល្មៀត	CURCUMA (Zingiberaceae)	Curcuma domestica Valeton 	<ul><li>Herb with rhizomes, originating from India, introduced into the Indochinese Peninsula for itsedible and colouring rhizomes. The yellow powder is used by Cambodian women, in countryside especially, to coat their face and body and have a beautiful skin. The paint is used to dye fabrics, in particular the clothes of monks. In traditional medicine, baths of rhizomes are prescribed to treat rheumatisms and eruptive fevers. They are a component of varied remedies (hemostatic, against bronchitises...).	</li><li>ឈ្មោះប្រទាលមួយ មានដើមកំណើតពីប្រទេសក្លឹង្គ គេដាំគ្រប់ស្រុកនៃឥណ្ឌូចិន ដើម្បីយកមើមជាគ្រឿងទេស និង សម្រាប់ជ្រលក់សំពត់ ។ នារីខ្មែរស្រុកស្រែ និយមយកល្មៀតលាបមុខ និងខ្លួន ដើម្បីអោយបានសាច់ល្អ ។ ម្សៅល្មៀត យើងនិយមជ្រលក់ស្បង់ចីពរភិក្ខុសង្ឃ ។ គ្រូបុរាណព្យាបាលជម្ងឺសន្លាក់ឆ្អឹង និងជម្ងឺគ្រុន មានពិស ដោយឱ្យអ្នកឈឺងូតទឹកស្ងោរ មើមរមៀត ។ ដើមនេះអាចលាយជាមួយថ្នាំដទៃទៀត ដើម្បីធើ្វឱសថរម្ងាប់រោគផ្សេងទៀត ដូចជាជម្ងឺសួត ឬចេញឈាមច្រើនជា ដើម ។	</li><li><p-n>More Information	Syn. : Curcuma longa auct. non L.</p-n></li></ul>
រមៀត ស	SPHENODESME (Verbenaceae)	Sphenodesme pentandra Jack	<ul><li>Climbing shrub the on edges of dense forests of the Indochinese and Malay Peninsula, India and China. The stalks are sometimes burned like candles. The decoction of roots would be fortifying.	</li><li>ឈ្មោះចុល្លព្រឹក្ស ជាវល្លិ វារលើដើមឈើ តាមមាត់ព្រៃក្រាស់នៃឧបទ្វីបឥណ្ឌូចិន ជ្វា ប្រទេសចិន និងឥណ្ឌា ។ គេច្រើនប្រើមែកសំរាប់ដុតបំភ្លឺ ជំនួសទៀន ។ ឬសស្ងោរជាថ្នាំកំលាំង ។	</li><li><p-n>More Information	NK &nbsp;: romiët sâ: &nbsp;រមៀតស	NOTE	ពេលមានពាក្យ (វល្លិ) (ស្មៅ) (ដើម) ក្នុងវង់ក្រចកខាងក្រោយនាម រុក្ខជាតិ ត្រូវអានពាក្យនោះខាងមុខនាមវិញ។</p-n></li></ul>
រយាង	@ឈើទាលព្រុស, @ឈើទាលធ្ងរ 	DIPTEROCARPUS (Dipterocarpaceae)	Dipterocarpus dyeri Pierre	<ul><li>Tree, 30-40 m tall, of mixed dense forests of plain, mainly along the rivers and in the valleys. Resin is used especially for the preparation of torches. The wood, classified 2nd category, is very much in demand for the construction of houses and boats. Species of the Indochinese Peninsula. 	</li><li>ឈ្មោះព្រឹកម្យ៉ាងកំពស់ ៣០-៤០ម ដុះក្នុងព្រៃក្រាស់ក្លាយលើជំរាល ជាពិសេសជិតមាត់ទឹក និងជ្រលងភ្នំ ។ ជ័រសម្រាប់ធ្វើចន្លុះ ។ ឈើចាត់ថ្នាក់ជាលេខ២ មានតម្លៃណាស់ សម្រាប់សង់ផ្ទះ និង ទូក ។ 	</li><li><p-n>More Information	NK &nbsp;: rôyiëng, chhë tiël pruhs, chhë tiël th’ngô:r &nbsp;រយាង, ឈើទាលព្រុស &nbsp;ឈើទាលធ្ងរ	NOTE	ពេលមានពាក្យ (វល្លិ) (ស្មៅ) (ដើម) ក្នុងវង់ក្រចកខាងក្រោយនាម រុក្ខជាតិ ត្រូវអានពាក្យនោះខាងមុខនាមវិញ។</p-n></li></ul>
រយោង	PARKIA (Leguminosae-Mimosoideae) 	Parkia sumatrana Miq.	<ul><li>Tree, 20-35 m tall, of the wet dense forests of the Indochinese and Malay Peninsula, Sumatra and Borneo. The young leaves are edible. Light wood, used to make boxes. In traditional medicine, the barks macerated in water are used in bathes against scabies.	</li><li>ឈ្មោះព្រឹក្សមួយប្រភេទ កំពស់ ២០-៣៥ម ដុះក្នុងព្រៃត្រជាក់នៃឧបទ្វីបឥណ្ឌូចិន ជ្វា លើកោះ Sumatra និង Bornéo ។ ស្លឹកខ្ចីៗអាចធ្វើជាបន្លែបាន ។ ឈើស្រាលៗគេប្រើសម្រាប់ធ្វើជាហិប និង ប្រអប់ផ្សេងៗ ។ ក្នុងក្បួនឱសថ បុរាណ គេចិតសំបកត្រាំទឹកទុកងូតព្យាបាលកមរមាស់ ។	</li><li><p-n>More Information	NK &nbsp;: ro:yôô:ng &nbsp;​រយោង	NOTE	ពេលមានពាក្យ (វល្លិ) (ស្មៅ) (ដើម) ក្នុងវង់ក្រចកខាងក្រោយនាម រុក្ខជាតិ ត្រូវអានពាក្យនោះខាងមុខនាមវិញ។</p-n></li></ul>
រំយោលភ្នំ	HIBISCUS (Malvaceae)	Hibiscus sagittifolius Kurz	<ul><li>Strong herb, perennial, spread or erected, weak, pressing on the nearby plants, 0.80-1 m tall, of the open grounds of Cambodia, Laos and Southern Vietnam. In Cambodia, the species is met especially under the clear forests of the hillsides of Kirirom mountain. The leaves and the flowers, pink or red, are used against scabies, by rubbing these organs against the affected parts. The roots would be effective against the vaginal discharge and the gonorrheas.	</li><li>ស្មៅរឹងអាចរស់បានយូរ ស្ទើរវារ ឬដុះត្រង់ផ្អែកលើរុក្ខជាតិជិតខាង កំពស់ ០.៨០-១ម មានលើដីវាលនៃប្រទេសកម្ពុជា លាវ វៀតណាមខាងត្បូង។ នៅស្រុកខ្មែរ ដើមនេះមានច្រើនក្នុងព្រៃស្រោង លើទួលភ្នំ Kirirom ។ ស្លឹក និងផ្កាពណ៌ផ្កាឈូក ឬ ក្រហម សម្រាប់ប្រើព្យាបាលជម្ងឺកមរមាស់ ។ ឬសអាចធ្វើឱសថរម្ងាប់រោគធ្លាក់ស និងប្រមេះ ។	</li><li><p-n>More Information	NF &nbsp;: Ginseng de Phu Yeng</p-n></li></ul>
រលាយឈាម	LASIANTHUS (Rubiaceae)	Lasianthus kamputensis Pierre ex Pit.	<ul><li>Shrub, 1-4 m tall, of the undergrowth of dense forests of altitude above 300 m, in Cambodia and Vietnam. Sometimes cultivated as decorative for the beautiful blue flowers. The roots are used in traditional medicine, in particular to heal haematomas.	</li><li>រំលាយឈាមជាចុល្លព្រឹក្សកំពស់ ១-៤ម ដុះក្រោមឈើធំៗក្នុងព្រៃធំលើភ្នំដែលមានឧព្វេបពី ៣០០ម ទៅ នៃប្រទេសកម្ពុជា និង វៀតណាម ។ គេនិយមដាំដើមរលាយឈាម ជាលំអក្នុងសួនដោយមានផ្កាពណ៌ខៀវល្អ ។ តាមក្បួន    ឱសថបុរាណ ឬសគេប្រើធ្វើថ្នាំសំរាប់រំលាយឈាមដែលកកជាំនៅក្រោមស្បែក ។ 	</li><li><p-n>More Information	NK &nbsp;: &nbsp;roliëy chhiëm (fondre le sang) &nbsp;រលាយឈាម	NOTE	ពេលមានពាក្យ (វល្លិ) (ស្មៅ) (ដើម) ក្នុងវង់ក្រចកខាងក្រោយនាម រុក្ខជាតិ ត្រូវអានពាក្យនោះខាងមុខនាមវិញ។</p-n></li></ul>
រំលាយធំ	NEONAUCLEA (Rubiaceae)	Neonauclea sessilifolia (Roxb.) Merr.	<ul><li>Tree, 7-30 m tall, of the dense or secondary formations of Southeast Asia. Wood, whitish grey, little resistant, used for minor constructions. The twigs are used as firewood.	</li><li>រំលាយធំជាព្រឹក្សកំពស់៧-៣០ម ដុះក្នុងព្រៃធំ ឬព្រៃល្បោះ នៃទ្វីបអាស៊ីផ្នែកអាគ្នេយ៍ ។ ឈើសម្បុរស ប្រផេះ, មិនសូវជាប់ល្អទេ តែគេអាចប្រើធ្វើគ្រឿងផ្ទះរាយរងបាន ។ មែក និង ធាង សំរាប់ធ្វើអុសដុត ។	</li><li><p-n>More Information	Syn. : Adina sessilifolia Hook.f.</p-n></li></ul>
រលាយស្មង	@ប្រមាត់មនុស្ស (ដើម)	BRUCEA (Simaroubaceae)	Brucea javanica (L.) Merr.	<ul><li>A bush, 1 to 3 m tall, from decideous dense forests of tropical Asia. A medicinal plant. Sour fruits are prescribed for diarrhoea and dysentery. Seeds and barks are used as remedies in neighbouring countries.	</li><li>ជាចុល្លព្រឹក្ស កំពស់ ១-៣ម ដុះក្នុងព្រៃក្រាស់ ដែលជ្រុះស្លឹក នៃប្រទេសអាស៊ីក្ដៅ ។ ដើមនេះគេយកធ្វើថ្នាំ រម្ងាប់      រោគ ។ ផ្លែល្វីង គ្រូថ្នាំយកឱ្យអ្នកឈឺ រាគមួលស៊ី ។ ប្រទេសជិតខាង គេប្រើគ្រាប់ និងសំបកធ្វើឱសថ ។	</li><li><p-n>More Information	NK : -(doëm) prâmat’ monuhs (arbre foie humain, allusion à l’amertume des tiges, racines et feuilles) ប្រម៉ាត់មនុស្ស(ដើម)</p-n></li></ul>
រលួសបាយ	ERYTHRINA (Leguminosae-Papilionoideae)	Erythrina variegata L.	<ul><li>Tree. 8-20 m tall, of clear forests and coastal undergrowth in the neighborhood of mangroves, met from Eastern Asia to tropical Africa, often planted as street tree in the cities, for its high red flowers appearing before the foliage. Young edible leaves. The barks as well as the dried and boiled flowers give a red dye. The wood, spongy, makes ballcock for fishing nets. Leaves, barks, seeds and roots used in traditional medicine : against the snake bits and to treat haemorrhoids and uterines diseases.	</li><li>រលួសបាយជាព្រឹក្សកំពស់៨-២០ម ដុះក្នុងព្រៃស្រោង ក្នុងព្រៃគម្ពោតមាត់សមុទ្រ ជិតព្រៃកោងកាងនៃអាស៊ីខាងកើត រហូតដល់ទ្វីបអាហ្វ្រិកក្តៅ គេច្រើនដាំក្នុងអាកិណ្ណភូមិជាលំអតាមវិថីនានា ដោយដើមនេះមានផ្កាក្រហមឆ្អៅល្អណាស់ ដុះឡើងមុនស្លឹក ។ ស្លឹកខ្ចីៗអាចបរិភោគជាបន្លែបាន ។ សំបកនឹងផ្កា ស្ងួតស្ងោរហើយ សម្រាប់ធ្វើថ្នាំក្រហមជ្រលក់សំពត់ ។ ឈើមានភាពស្ពោត គេប្រើធ្វើកំសួលសន្ទួច ។ គ្រូថ្នាំបុរាណយកស្លឹក សំបក គ្រាប់ និងឬស ផ្សំធ្វើថ្នាំរម្ងាប់រោគផ្សេងៗ ដូចជាឬសដូងបាត ជម្ងឺស្បូន ឬព្យាបាលរបួសពស់ចឹក ។	</li><li><p-n>More Information	Syn. &nbsp;: Erythrina indica Lam., E. orientalis (L.) Murray</p-n></li></ul>
រលួសបារាំង	HURA (Euphorbiaceae)	Hura crepitans L.	<ul><li>Tree, 8-15 m tall, originating from tropical America, cultivated as decorative tree in the Asian countries. The ripe fruits can make a loud noise when opening and throw seeds up to 10-14 m far. Dried out, the fruits are used as toys by the children who make wheels out of them.	</li><li>រលួសបារាំង ជាព្រឹក្សកំពស់ ៨-១៥ម ដុះនៅប្រទេសអាមេរិកក្តៅ គេនាំមកដាំជាលំអ ក្នុងទ្វីបអាស៊ី ។ ផ្លែទុំអាច ចោលគ្រាប់ទៅឆ្ងាយ រហូត ១០-១៤ម ដោយផ្ទុះឮយ៉ាងខ្លាំង ។ ផ្លែស្ងួតសម្រាប់ជាល្បែងកូនក្មេងលេងធ្វើជាកង់រទេះ។	</li><li><p-n>More Information	NA &nbsp;&nbsp;: huru</p-n></li></ul>
រលួសផ្អុង	ERYTHRINA (Leguminosae-Papilionoideae)	Erythrina fusca Lour.	<ul><li>Tree, 8-15 m tall, of the coastal regions and riversides, widely wide-spread on the coasts of Asia, Africa and Southern America. In February, the flowers are visited by numerous birds which feed out of it. The wood. spongy, is used of ballcock for fishing nets.	</li><li>ព្រឹក្សមួយប្រភេទកំពស់៨-១៥ម ដុះតាមមាត់សមុទ្រឬមាត់ទឹក នៃទ្វីបអាស៊ី អាហ្វ្រិក និងអាមេរិកក្ដៅ សត្វឃ្មុំចូលចិត្ត ក្រេបផ្កាដើមនេះ ណាស់នៅខែកុម្ភៈ រដូវដែលរលួសផ្អុងមានផ្កាច្រើន ។ ដើមមានភាពស្ពោតសម្រាប់ធ្វើកំសួលសន្ទូចវាត់ ។	</li><li><p-n>More Information	NK &nbsp;&nbsp;: &nbsp;roluëhs phâ’ông &nbsp;រលួសផ្អុង	NOTE	ពេលមានពាក្យ (វល្លិ) (ស្មៅ) (ដើម) ក្នុងវង់ក្រចកខាងក្រោយនាម រុក្ខជាតិ ត្រូវអានពាក្យនោះខាងមុខនាមវិញ។</p-n></li></ul>
រំលៀង	TRISTANIOSPIS (Myrtaceae)	Tristaniospis merguensis (Griff.) Wilson &amp; Waterh.	<ul><li>Tree, 6-15 m tall, of the dense coastal and altitude forests, up to 1000 m, in Southeast Asia. Barks used to make torches. Wood used in construction for the small inside works.	</li><li>ឈ្មោះព្រឹក្សម្យ៉ាងកំពស់៦-១៥ម ដុះក្នុងព្រៃធំជិតមាត់សមុទ្រ និងលើភ្នំដែលខ្ពស់រហូតដល់១០០០ម នៃអាស៊ីផ្នែក អាគ្នេយ៍ ។ សំបកសំរាប់ ប្រើធ្វើជាចន្លុះ ។ ឈើអាចធ្វើគ្រឿងផ្ទះរាយរងបាន ។ 	</li><li><p-n>More Information	Syn. &nbsp;: Tristania merguensis Griff.</p-n></li></ul>
រាក់ក្រហម (រាក់ផ្កាក្រហម)	CALOTROPIS (Asclepiadaceae)	Calotropis procera (Aiton) Aiton f. 	<ul><li>A bush. 1 to 4 m tall, spread along footpaths in tropical regions over the world. Red flowers with white edges. The sap would have the same therapeutic properties as the previous species.	</li><li>រាក់ក្រហមជាចុល្លព្រឹក្សតូច កំពស់ពី១ទៅ៤ម ដុះតាមមាត់ផ្លូវដើរ នៅគ្រប់ប្រទេសក្តៅក្នុងសកលលោក ។ ផ្កាមានពណ៌ក្រហមលាយពណ៌ស បន្តិចៗ ។ ជ័រគេប្រើការពាររោគរាក់ស៊ីធ្មេញ ដូចជ័ររាក់សដែរ ។ 	</li><li><p-n>More Information	NA : apple of Sodom</p-n></li></ul>
រាក់បាត	DROOGMANSIA (Leguminosae-Papilionoideae)	Droogmansia godefroyana (Kuntze) Schindl.	<ul><li>Small erected shrub, 0.40-2 m tall, with hairy-silvery twigs, of open, swampy and low altitude places, the bushes, of Southeast Asia. The roots are used in traditional Cambodian medicine against the diseases of woman, in particular leucorrhoea.	</li><li>ឈ្មោះចុល្លព្រឹក្សម្យ៉ាង ដុះត្រង់ឡើងលើ កំពស់០,៤០-២ម មែកមានរោមស ពណ៌ប្រាក់ ដុះក្នុងទីវាល មានភក់ល្បាប់ ឬក្នុងព្រៃបន្លា លើដីទំនាប នៅអាស៊ីអាគ្នេយ៍ ។ គ្រូខ្មែរ យកឬសផ្សំធ្វើថ្នាំព្យាបាលរោគស្រ្តី ជាពិសេសរោគធ្លាក់ស ។	</li><li><p-n>More Information	Syn. &nbsp;: Meibonia godefroyana Kuntze</p-n></li></ul>
រាក់ស	@រាក់ក្រហម	CITRUS (Rutaceae)	Citrus medica L.	<ul><li>Tree, 6-10 m tall, originating from Persia, cultivated in Mediterranean regions and in Indochina. The bark of the citron (fruit) is in demand for confectionery, pastry making and perfumery because of its aroma. In Cambodia, the leaves are used in traditional medicine against numerous diseases, in particular inflammation of the gums, asthma and diarrhoeas.	</li><li>ឈ្មោះដើមព្រឹក្សមួយប្រភេទ កំពស់ ៦-១០ម ក្នុងសន្តានក្រូច ដើមកំណើតនៅក្នុងប្រទេសពែរ្ស គេនាំពូជមកដាំនៅស្រុកជុំវិញសមុទ្រ មេឌីទែរ៉ាណេ និងនៅឥណ្ឌូចិន។ សំបកផ្លែរាក់ស រាក់ក្រហម មានក្លិនក្រអូបប្រហើរ សម្រាប់ធ្វើត្រណាប់ នំ និងធ្វើទឹកអប់ ។ នៅប្រទេសខ្មែរ គ្រូថ្នាំប្រើស្លឹកជាថ្នាំរម្ងាប់រោគផ្សេងៗដូចជា រាក់ធ្មេញ ហឺត និងរាគជាដើម ។	</li><li><p-n>More Information	NF : cédratier, citronnier des Juifs</p-n></li></ul>
រាក់ ស (រាក់ផ្កា ស) 	CALOTROPIS (Asclepiadaceae)	Calotropis gigantea (L.) Aiton f.	<ul><li>A 4 to 10 m tall bush of dry barren lands in tropical Asia. Whity flowers, rose and purple stripped. The white sap of boughs and stalks is supposed to heal gums diseases. Root’s bark is used against several illnesses.	</li><li>រាក់ផ្កា ស ជាចុល្លព្រឹក្សកំពស់ ៤ទៅដល់១០ម ដុះលើដីស្ងួតទីវាល នៃអាស៊ីផ្នែកក្ដៅ ។ ផ្កាពណ៌ស លាយពណ៍ផ្កាឈូក ឬក្រហមបន្តិចៗ ។ ជ័រ ពណ៌ស ដែលចេញពីមែកធាង ឬស្លឹក គេយកលាបជើងធ្មេញ ដើម្បីការពារ ឬព្យាបាលជម្ងឺ រាក់ស៊ី ។ សំបកនៃឬស គេទុកធ្វើថ្នាំរម្ងាប់រោគផ្សេងៗ ។	</li><li><p-n>More Information	NA : wara, yercum</p-n></li></ul>
រាំង	BARRINGTONIA (Lecythidaceae)	Barringtonia asistiaca (L.) Kurz	<ul><li>Tree, 8-15 m tall growing in littoral forest or on limestone hill near the sea, found all over the tropics. Young leave eaten raw as vegetables. Stem used for temporary construction. Barks, fruits and seeds used to poison fish, In local medicine, leaves, barks and fruits are a component of a remedy against headache and nightmare.	</li><li>រុក្ខជាតិនេះមានកម្ពស់ ៨-១៥ម ដុះក្នុងព្រៃមាត់សមុទ្រ ឬលើទួល ដែលមានជាតិកំបោរជិតសមុទ្រ ។ ដើមនេះមានដុះក្នុងស្រុកក្ដៅក្នុងសកលលោក ។ ស្លឹកខ្ចីៗអាចបរិភោគធ្វើអន្លក់ ។ ឈើរាំងមិនសូវជាប់ល្អទេ តែគេប្រើធ្វើរោងបណ្តោះអាសន្នបាន ។ ស្លឹក សំបក និងផ្លែ សម្រាប់ធ្វើឱសថព្យាបាលជម្ងឺឈឺក្បាល និងបណ្តេញសប្តិអាក្រក់ផង ។	</li><li><p-n>More Information	NK : rèang &nbsp;រាំង	NOTE	ពេលមានពាក្យ (វល្លិ) (ស្មៅ) (ដើម) ក្នុងវង់ក្រចកខាងក្រោយនាម រុក្ខជាតិ ត្រូវអានពាក្យនោះខាងមុខនាមវិញ។</p-n></li></ul>
រាំងទឹក	@រាំងអន្លក់ 	BARRINGTONIA (Lecythidaceae)	Barringtonia acutangula (L.) Gaertn.	<ul><li>Tree, 4-10m tall growing in moist places, along the rivers in South East Asia. Young leaves eaten in salads with fish sauces. Bark used to poison fish. In local medicine, the bark is said to be efficient against fever, diarrhea, paludism gonorrhea. The root may substitute the quinquina. The fruit pounding and roasted is used to fortifying the gums. The wood is commonly used for making mill to decorticate rice.	</li><li>ដើមរាំងទឹកជាព្រឹក្សមានកំពស់ ៤-១០ម ដុះលើដីសើមមាត់ទឹក នៅប្រទេសអាស៊ីផ្នែកអាគ្នេយ៍ ។ ស្លឹកខ្ចីសម្រាប់បរិភោគធ្វើអន្លក់ទឹកគ្រឿង ។ សំបកជាថ្នាំពុលសម្រាប់ត្រី ។ គេយកសំបកធ្វើឱសថផ្សេងៗរម្ងាប់ជម្ងឺគ្រុន រាគ គ្រុនចាញ់              ស្វាយ ។ ឬសអាចជំនួសថ្នាំ Quinquin បាន ។ ផ្លែលីងហើយ កិនល្អិតៗ សម្រាប់លាបធ្មេញការពារមិនអោយរាក់ស៊ី ។ ដើមរាំងទឹក គេតែងយកធ្វើត្បាល់កិនស្រូវ និងត្បាល់ជាន់អ ង្ករ ។	</li><li><p-n>More Information	NK : rèang tük, rèang ânluëk (réang est le nom générique de tous les Barringtonia​ ; tük : eau ; ânluek : légumes) រាំងទឹក, រាំងអន្លក់	NOTE	ពេលមានពាក្យ (វល្លិ) (ស្មៅ) (ដើម) ក្នុងវង់ក្រចកខាងក្រោយនាម រុក្ខជាតិ ត្រូវអានពាក្យនោះខាងមុខនាមវិញ។</p-n></li></ul>
រាំងភ្នំ	@ផ្ចឹករាំង	SHOREA (Dipterocarpaceae)	Shorea siamensis Miq.	<ul><li>Tree, 20-25 m tall, of the clear forests of plain and altitude, up to 1000 m, of the Indochinese Peninsula. Dark brown wood, graded 1st category, used well dried for construction, particularly of boats; it is used also to make handles of spear. The yellow resin of the trunk is harvested for the caulking of boats or for the preparation of torches.	</li><li>ព្រឹក្សមួយប្រភេទ កំពស់ ២០-២៥ម ដុះក្នុងព្រៃស្រោង លើដីទំនាប ឬភ្នំដែលខ្ពស់ មិនលើសពី ១០០០ម នៃឧបទ្វីបឥណ្ឌូចិន ។ ឈើពណ៌ដាំដែងក្រមៅ ជាឈើលេខ១ គេប្រើក្នុងភាពស្ងួត សំរាប់សង់ផ្ទះ និងជាពិសេស សង់នាវា, គេអាចប្រើឈើនេះ ធ្វើជាដងលំពែង ។ ជ័រមានពណ៌លឿង គេត្រងទុកសំរាប់បិទនៀវទូក កប៉ាល់ និងធ្វើចន្លុះ ។ 	</li><li><p-n>More Information	Syn. &nbsp;: Pentacme siamensis (Miq.) Kurz</p-n></li></ul>
រាជឆ្ពឹស	CASSIA (Leguminosae-Caesalpinioideae)	Cassia fistula L.	<ul><li>A 10 to 15 m tall tree, of open formations of tropical Asia, often cultivated as street plant. The fruits, with their pleasant smell, are normally used to perfume tobacco leaves. The pulp of fruits and the bark are often chewed with betel. The marrow is edible. The bark is a dye and also used in pharmacopoeia against scorptions and snakes bites. Purgatives seeds. The very hard wood makes ploughing tools and pilars.	</li><li>រាជឆ្ពឹស ជាព្រឹក្សកំពស់ ១០-១៥ម ដុះក្នុងព្រៃល្បោះ នៃអាស៊ីក្តៅ ។ គេនិយមដាំដើមនេះតាមវិថីនានា ។ ផ្លែក្លិនក្រអូប សម្រាប់អប់ស្លឹកថ្នាំជក់ ។ សាច់និងផ្លែព្រមទាំងសំបកសម្រាប់ស៊ីជាមួយម្លូជំនួសសា្ល ។ បណ្ដូលឈើអាចបរិភោគបាន ។ សំបក សម្រាប់ផ្សំធ្វើឱសថព្យាបាលមុខរបួស ដែលកើតឡើងដោយ ខ្ទួយ ខ្យាដំរីខាំ ឬពស់ចឹក ។ គ្រាប់ធ្វើថ្នាំបញ្ចុះ ។ ឈើរឹងណាស់ គេទុកសម្រាប់ធ្វើសសរផ្ទះ ឬប្រដាប់ប្រដាភ្ជួ រស្រែ ។	</li><li><p-n>More Information	NA : golden shower, pudding-pipe tree</p-n></li></ul>
រាជឆ្ពឹស	@សំបកល្វីង	CASSIA (Leguminosae-Caesalpinioideae)	Cassia agnes (de Wit) Brenan	<ul><li>A tree, 8 to 10 m tall, of evergreen dense forests, up to an altitude of 1000 m. met in India and Indochinese Peninsula. It is grown in the whole of tropical Asia as an ornemental plant. The fruit may be chewed, as areca nut, with betel and quicklime. Tender wood, excellent for fire.	</li><li>ដើមរាជឆ្ពឹស សំបកល្វីង ជាព្រឹក្សមួយកំពស់ ៨-១០ម ដុះក្នុងព្រៃត្រជាក់លើទីរាប ឬលើភ្នំ ខ្ពស់ដល់១០០០ម នៅស្រុកឥណ្ឌា និងនៅក្នុងឧបទ្វីបឥណ្ឌូចិន ។ គេនិយមដាំនៅគ្រប់ស្រុកនៃអាស៊ីក្ដៅ សម្រាប់លំអសួន ឬតាមវិថីនានា ។ ផ្លែគេអាចស៊ីបានជាមួយម្លូ ។ ដើមរាជឆ្ពឹស សំបកល្វីង មានឈើមិនសូវរឹង ។	</li><li><p-n>More Information	NK : rèach chhpëhs-sâmbâ:k l’vi:ng (écorce amère) &nbsp;រាជឆ្ពឹស, សំបកល្វីង	NOTE	ពេលមានពាក្យ (វល្លិ) (ស្មៅ) (ដើម) ក្នុងវង់ក្រចកខាងក្រោយនាម រុក្ខជាតិ ត្រូវអានពាក្យនោះខាងមុខនាមវិញ។</p-n></li></ul>
រាជដាស	@ញិញ 	MELASTOMA (Melastomaceae) 	Melastoma sanguineum D. Don 	<ul><li>Shrub. 1-4 m tall, of the open places of the Indochinese and Malay Peninsula, Southern China, islands of Java and Sumatra (Indonesia). In traditional Khmer medicine, the roots are given in infusion in the cases of fainting dizzinesses. They enter also the composition of a remedy for the treatment of liver diseases involving jaundice.	</li><li>ឈ្មោះចុល្លព្រឹក្ស ឬគុម្ពព្រឹក្សមួយកំពស់ ១-៤ម ដុះលើដីវាលនៃឧបទ្វីបឥណ្ឌូចិន ជា្វ ប្រទេសចិនខាងត្បូង, ឥណ្ឌូ-ណេស៊ី (Java Sumatra) ។ គ្រូថ្នាំបុរាណឆុងឬសធ្វើថ្នាំវិលមុខ ខ្យល់គរ ។ គេប្រើឬសផ្សំជាថ្នាំសំរាប់ព្យាបាលជំងឺខាន់លឿង ។	</li><li><p-n>More Information	NK &nbsp;&nbsp;: riëch dahs, nhinh &nbsp;&nbsp;រាជដាស, ញិញ	NOTE	ពេលមានពាក្យ (វល្លិ) (ស្មៅ) (ដើម) ក្នុងវង់ក្រចកខាងក្រោយនាម រុក្ខជាតិ ត្រូវអានពាក្យនោះខាងមុខនាមវិញ។</p-n></li></ul>
រុន	SCHUMANNIANTHUS (Marantaceae)	Schumannianthus dichotomus (Roxb.) Gagnep.	<ul><li>Large herb, 1-3 m tall. of the wet dense forests and flooded forests of tropical Asia, often cultivated near houses on wet grounds. The stalk is of use to the manufacture of mats; it is also used as link. The leaves are used to wrap goods.	</li><li>តិណជាតិធំមួយប្រភេទកំពស់ ១-៣ម ដុះក្នុងព្រៃត្រជាក់ ឬព្រៃរនាមនៃអាស៊ីក្តៅ គេច្រើនដាំជាលំអលើដីសើមៗ ។ សំបកមានប្រយោជន៍ប្រើការធ្វើខ្នួច ឬត្បាញធ្វើកន្ទេល ។ ស្លឹកធំៗ អាចប្រើខ្ទប់ឥវ៉ាន់ផ្សេងៗបាន ។	</li><li><p-n>More Information	NK &nbsp;: run’ &nbsp;រុន	NOTE	ពេលមានពាក្យ (វល្លិ) (ស្មៅ) (ដើម) ក្នុងវង់ក្រចកខាងក្រោយនាម រុក្ខជាតិ ត្រូវអានពាក្យនោះខាងមុខនាមវិញ។</p-n></li></ul>
រែយោង វល្លិយោង	CHUKRASIA (Meliaceae) 	Chukrasia tabularis Ant, Juss.	<ul><li>Tree, 8-20 m tall, of the dense forests of India and of the Indochinese and Malayan Peninsula. Wood, classified 1st category, light red, with veins, excellent for cabinetwork and construction. It is so much looked that it becomes rare. 	</li><li>ឈ្មោះឈើមួយប្រភេទ កំពស់ ៨-២០ម ដុះក្នុងព្រៃក្រាស់ នៃប្រទេសខ្មែរ និងប្រទេសដទៃទៀតជាច្រើន ក្នុងឧបទ្វីប ឥណ្ឌូចិន ឥណ្ឌា និងជ្វា ។ រុក្ខជាតិនេះ គេទុកជាមានខ្លឹមល្អលេខមួយ ពណ៌ក្រហមឆ្នូតៗ សម្រាប់ធ្វើ តុ ទូ និងសង់គេហដ្ឋាន ។ ជាឈើគេកាប់ជិតអស់ ពីព្រោះមានតំលៃពេក ។	</li><li><p-n>More Information	NK : rê:yôô:ng, voë (lli) yôô:ng &nbsp;រែយោង, វល្លិយោង	NOTE	ពេលមានពាក្យ (វល្លិ) (ស្មៅ) (ដើម) ក្នុងវង់ក្រចកខាងក្រោយនាម រុក្ខជាតិ ត្រូវអានពាក្យនោះខាងមុខនាមវិញ។</p-n></li></ul>
រៃ	ANOGEISSUS (Combretaceae)	Anogeissus rivularis (Gagnep.) Lecomte 	<ul><li>Shrub, 5-15 m tall, which grows along sandy Mekong rivers and on some small Mekong islands. The timber is used for making small utensils.	</li><li>ចុល្លព្រឹក្សមួយប្រភេទកំពស់ ៥ - ១៥ម ដុះលើមាត់ច្រាំង មានដីខ្សាច់នៃទន្លេមេគង្គ ឬដុះក្នុងកោះតូចនៃទន្លេនេះ (ខេត្តស្ទឹងត្រែងជាដើម)។ មានសត្វរៃជាច្រើនយំលើដើមនេះ។ ឈើរៃគេយកធ្វើវត្ថុប្រើប្រាស់ក្នុងផ្ទះ។ 	</li><li><p-n>More Information	Syn. &nbsp;: Finetia rivularia Gagnep.</p-n></li></ul>
រៃទឹក	HOMONOIA (Euphorbiaceae)	Homonoia riparia Lour.	<ul><li>Shrub, 2-6 m tall, growing at riversides or in the flooded forests of tropical Asia. The leaves and the young shoots are used for the care of hair. The infusion of the wood would be effective against the malaria. Often planted to protect the soil from erosion.	</li><li>រៃទឹកជាចុល្លព្រឹក្ស កំពស់ ២-៦ម ដុះតាមមាត់ទឹក ឬក្នុងព្រៃរនាម នៃទ្វីបអាស៊ីក្ដៅ ។ ស្លឹកខ្ចីៗ និងត្រួយសម្រាប់លាងសក់ ។ គេចូលចិត្តដាំរៃទឹក ដើម្បីការពារដីកុំឱ្យហូរច្រោះ ។ គេឆុងឈើកាត់តូចៗ ទឹកសម្រាប់រម្ងាប់ជម្ងឺគ្រុនចាញ់។	</li><li><p-n>More Information	NK &nbsp;&nbsp;: réi tük (cigale d’eau) &nbsp;រៃទឹក	NOTE	ពេលមានពាក្យ (វល្លិ) (ស្មៅ) (ដើម) ក្នុងវង់ក្រចកខាងក្រោយនាម រុក្ខជាតិ ត្រូវអានពាក្យនោះខាងមុខនាមវិញ។</p-n></li></ul>
លំចង់ផ្កាខៀវ	NYMPHAEA (Nympheaceae)	Nymphaea nouchali Burm.f.	<ul><li>Aquatic herb, with underground stem, sunk in the mud, carrying, as for the previous species, petioles and floral peduncles. Unlike &quot;prâlit&quot;, the blue water lily has leaves with complete edges, little or not toothed. Originating from the Oriental and Southern Asia, the species is cultivated in the puddles of the tropical ans sub- temperate countries of the world. Blue flowers. Floral peduncles are edible.	</li><li>លំចង់ ជាតិណជាតិ ដុះក្នុងទឹករាងដូចព្រលឹត ស្លឹកក៏អណ្តែតលើទឹកដូចគ្នា តែស្លឹកលំចង់គ្មានសណ្ឋានជាធ្មេញរណារ នៅជុំវិញឡើយ ។ ដើមកំណើតលំចង់នៅក្នុងទ្វីបអាស៊ីខាងកើត និងខាងត្បូង គេនាំទៅដាំគ្រប់ប្រទេសក្តៅ និងត្រជាក់មធ្យមសកលលោក ។ ផ្កាពណ៌ខៀវ ។ ទងផ្កាអាចបរិភោគជាបន្លែបាន ។	</li><li><p-n>More Information	Syn. : Nymphaea stellata Willd.&nbsp;</p-n></li></ul>
លញា	SCHOUTENIA (Tiliaceae)	Schoutenia godefroyana Baill.	<ul><li>Tree. 2-3 m tall, of the dense or secondary forests of Cambodia, abounding especially on the banks of the Tonle Sap in Siem Reap province. Very nice-smelling flowers frequented by the bees. Good wood for pegs.	</li><li>ឈ្មោះចុល្លព្រឹក្សមួយប្រភេទ កំពស់ ២-៣ម ដុះក្នុងព្រៃក្រាស់ ឬព្រៃល្បោះនៃប្រទេសកម្ពុជា ច្រើនមានជុំវិញ ទន្លេសាប ក្នុងខេត្តសៀមរាប ។ ផ្កាមានក្លិនក្រអូប ក្រេបជញ្ជក់ដោយសត្វឃ្មុំជាច្រើន ។ ឈើប្រើសំរាប់ធ្វើជាសន្លុង ។	</li><li><p-n>More Information	NK : lo:nhië: លញា	NOTE	ពេលមានពាក្យ (វល្លិ) (ស្មៅ) (ដើម) ក្នុងវង់ក្រចកខាងក្រោយនាម រុក្ខជាតិ ត្រូវអានពាក្យនោះខាងមុខនាមវិញ។</p-n></li></ul>
លំពស់	CONNARUS (Connaraceae) 	Connarus cochinchinensis (Baill.) Pierre	<ul><li>Raised or slightly climbing shrub, of edges of the forests of Southeast Asia. The young leaves are consumed as vegetables. The rolled grown-up leaves make &quot;flutes&quot;; &quot;musicians&quot; blow through the tube to play music. The bark can be chewed with the betel. It is used also to the preparation of traps and ropes.	</li><li>ឈ្មោះឈើតូច ចុល្លព្រឹក្សកំពស់ ១-៣ម ស្ទើរជាវល្លិ ដុះតាមមាត់ព្រៃ ក្នុងទ្វីបអាស៊ីផ្នែកអាគ្នេយ៍ ។ ត្រួយលំពស់ ប្រើធ្វើជាអន្លក់ឬរបោយបាន ។ ស្លឹកចាស់ៗគេមូរផ្លុំធ្វើភ្លេងលេង ។ សំបកអាចស៊ីជាមួយម្លូ ជំនួសសា្ល ។ សរសៃសំបកសម្រាប់ត្បាញធ្វើទ្រូដាក់ត្រី ឬវេញខ្សែពួរ ។	</li><li><p-n>More Information	NK : lumpu:ëhs &nbsp;លំពស់	NOTE	ពេលមានពាក្យ (វល្លិ) (ស្មៅ) (ដើម) ក្នុងវង់ក្រចកខាងក្រោយនាម រុក្ខជាតិ ត្រូវអានពាក្យនោះខាងមុខនាមវិញ។</p-n></li></ul>
	Used in Cambodia	DictionaryAbout UsSynonymPlant Cassifications	<ul><li>BACK	</li><li>					</li></ul>
លំពែងព្រះរាម	@ស្លឹកអណ្ដាតនាគ	SANSEVIERA (Agavaceae)	Sanseviera hyacinthoides (L.) Druce 	<ul><li>Herb, 0.50-1 m tall, originating from South Africa, and cultivated under the Tropics, in the public and private gardens for the decorative leaves. These are often sold on markets for medicinal purposes: they are used to make a remedy against cough. If necessary, staples can be extracted from leaves, by scraping, to make sewing cottons or cords.	</li><li>ឈ្មោះតិណជាតិម៉្យាងកំពស់ ០,៥០-១ម គេនាំពីស្រុកអាហ្វ្រិកខាងត្បូង មកដាំនៅគ្រប់ប្រទេសក្តៅ ដាំខាងមុខផ្ទះ ឬក្នុងសួនជាដើម មានស្លឹកលំអ ។ គេអាចទិញស្លឹកតាមផ្សារខ្លះបាន ពីព្រោះស្លឹកសំរាប់ធ្វើថ្នាំបុរាណព្យាបាលជំងឺក្អក ។ ពេលខ្លះ គេកោសស្លឹកចាស់យកសរសៃ ធ្វើជាអំបោះដែរ ឬធ្វើជាកន្ទុយខ្សែ ។ 	</li><li><p-n>More Information	NK &nbsp;: lumpaèng prèahs riëm, slök annda:t niëk (ce dernier nom signifie feuille langue de dragon) លំពែងព្រះរាម, ស្លឹកអណ្តាតនាគ	NOTE	ពេលមានពាក្យ (វល្លិ) (ស្មៅ) (ដើម) ក្នុងវង់ក្រចកខាងក្រោយនាម រុក្ខជាតិ ត្រូវអានពាក្យនោះខាងមុខនាមវិញ។</p-n></li></ul>
លម៉ើ	PHOENIX (Palmae)	Phoenix dactylifera L.	<ul><li>Palm tree, 2-8 m tall, cultivated by people of Arabia and North Africa around 4000 B.C. for its sweet fruits, imported to Indochina, fairly appreciated by Cambodians. 	</li><li>ឈ្មោះតាលព្រឹក្សមួយប្រភេទកំពស់ ២-៨ម ដាំដោយវិប្រជាប្រទេសអារ៉ាប់ និងអាហ្វ្រិកខាងជើង តាំងពីប្រមាណ ជាង៤ពាន់ ឆ្នាំមុនគ.ស ។ ជាដំណាំដែលមានផ្លែផ្អែមឆ្ងាញ់ គេនាំទៅក្នុងឥណ្ឌូចិន ។ ខ្មែរៗចូលចិត្តបរិភោគណាស់ ។	</li><li><p-n>More Information	NA &nbsp;: date palm</p-n></li></ul>
លម៉ើព្រៃ	@កំពេញ, @ដើមប្រើស	PHOENIX (Palmae)	Phoenix humilis Royle	<ul><li>Dwarfish palm tree, provided with several 10-20 cm tall trunks, of grassy savannas of Indochinese Peninsula and Southern China. The bud constitutes an excellent palm-cabbage***, much in demand. The fruit, with the flavour of date, is edible.	</li><li>ឈ្មោះតាលព្រឹក្សតឿម្យ៉ាង មានដើមជាច្រើនកំពស់ ១០-២០ស.ម ដុះក្នុងវាលស្មៅឧបទ្វីបឥណ្ឌូចិន និងប្រទេសចិន ខាងត្បូង ។ គុម្ពវាមានឱជារសណាស់ គេតែងរកទិញធ្វើបន្លែ ។ ផ្លែផ្អែមដូចលម៉ើធម្មតា បរិភោគបាន ។	</li><li><p-n>More Information	NK &nbsp;: &nbsp;lmaë préi, kâm pé:nh, doëm prëhs (arbre-cerf) &nbsp;លម៉ើព្រៃ, កំពេញ, ដើម ប្រើស	NOTE	ពេលមានពាក្យ (វល្លិ) (ស្មៅ) (ដើម) ក្នុងវង់ក្រចកខាងក្រោយនាម រុក្ខជាតិ ត្រូវអានពាក្យនោះខាងមុខនាមវិញ។</p-n></li></ul>
លលកកែវ	SCLEROPYRUM (Santalaceae)	Scleropyrum wallichianum Arn.	<ul><li>Tree, 8-20 m tall, with gray, often thorny bark, of the dense forests of Cambodia, Laos and Vietnam. Wood valued for the constructions.	</li><li>ឈ្មោះព្រឹក្សម្យ៉ាង កំពស់ ៨-២០ម មានសំបកពណ៌ក្រមៅ មានបន្លាដុះក្នុងព្រៃក្រាស់នៃប្រទេសកម្ពុជា លាវ និង   វៀតណាម ។ ឈើគេនិយមប្រើសំរាប់សង់ផ្ទះ ។	</li><li><p-n>More Information	NK &nbsp;: lo:lo:k kaèw (tourterelle de verre) &nbsp;លលកកែវ	NOTE	ពេលមានពាក្យ (វល្លិ) (ស្មៅ) (ដើម) ក្នុងវង់ក្រចកខាងក្រោយនាម រុក្ខជាតិ ត្រូវអានពាក្យនោះខាងមុខនាមវិញ។</p-n></li></ul>
លាំងជៃ	BUCHANANIA (Anacardiaceae)	Buchananía reticulata Hance	<ul><li>A 3 to 8 m tall bush of open forests of Thailand, Cambodia, Laos and Vietnam. Young leaves are eaten raw with the &quot;tük kroëng&quot;. Fruits are edible. Gum from the trunk gives as well as barks help in healing gingivitis.	</li><li>លាំងជៃជាចុល្លព្រឹក្សកំពស់ ៣ ទៅ ៨ម ដុះក្នុងព្រៃល្បោះនៃប្រទេសថៃ កម្ពុជា លាវ និងវៀតណាម ។ ស្លឹកតូចៗដុះជាសំណុំ ស្លឹកខ្ចីៗ យើងនិយមបរិភោគជាមួយទឹកគ្រឿង ។ ផ្លែខ្ចី ឬទុំ ក៏បរិភោគបានដែរ ។ សំបកលាំងជៃ ព្រមទាំងជ័រចេញពីដើម គេប្រើសម្រាប់ធ្វើថ្នាំរាក់ស៊ីធ្មេញ ។	</li><li><p-n>More Information	NK : &nbsp;lèang chéi លាំងជៃ	NOTE	ពេលមានពាក្យ (វល្លិ) (ស្មៅ) (ដើម) ក្នុងវង់ក្រចកខាងក្រោយនាម រុក្ខជាតិ ត្រូវអានពាក្យនោះខាងមុខនាមវិញ។</p-n></li></ul>
លាំងជៃដំរី	BUCHANANIA (Anacardiaceae)	Buchanania glabra Wall. ex Hook. f.	<ul><li>A bush or short tree, 3 to 10 m tall, from open forests, on gritty or basaltic soils of Southeast Asia. The wood is commonly used to make cases. The trunk gives a light yellow gum used as vernish. The bark is a dye for fabrics and fishing nets. Seeds give remedies.	</li><li>ឈ្មោះចុល្លព្រឹក្ស ឬព្រឹក្សតូចមួយប្រភេទកំពស់ ៣ទៅ១០ម ដុះក្នុងព្រៃល្បោះលើដីមានថ្មភក់ (grès) ឬថ្មពពុះ (basalte) នៃអាស៊ីផ្នែកអាគ្នេយ៍ ។ ឈើលាំងជៃដំរី គេច្រើនប្រើធ្វើហិប ។ គេសង្កេតឃើញជារឿយៗថា មានដង្កូវដូងស៊ី ដើមលាំងជៃដំរី ធ្វើអោយចេញពណ៌លឿងខ្ចី សម្រាប់លាប តុ ទូ អោយរលោង ។ សំបកគេប្រើទុកជ្រលក់សំពត់ និងសំណាញ់នេសាទ ។ គ្រាប់ជាថ្នាំរម្ងាប់រោគផ្សេងៗ ។	</li><li><p-n>More Information	NK : lèang chéi dâmréi &nbsp;លាំងជៃដំរី	NOTE	ពេលមានពាក្យ (វល្លិ) (ស្មៅ) (ដើម) ក្នុងវង់ក្រចកខាងក្រោយនាម រុក្ខជាតិ ត្រូវអានពាក្យនោះខាងមុខនាមវិញ។</p-n></li></ul>
លាំងជៃតូច	@លាំងជៃស្រែ	BUCHANANIA (Anacardiaceae)	Buchanania siamensis Miq.	<ul><li>A bush or short tree, 5 to 10 m tall. of sandy shores and inland secondary formations. Species of Thailand, Cambodia, Laos and Vietnam. Young leaves are eaten uncooked as vegetables. Roots are used to treat lips cracks.	</li><li>លាំងជៃតូច ជាចុល្លព្រឹក្សកំពស់ពី ៥ ទៅ ១០ម ច្រើនមានដុះលើខ្សាច់មាត់សមុទ្រ ជួនកាលដុះក្នុងព្រៃស្រោង ឆ្ងាយពីសមុទ្រ មាននៅក្នុងប្រទេសថៃ កម្ពុជា លាវ និងវៀតណាម ។ ស្លឹកខ្ចីៗអាចបរិភោគជាបន្លែឆៅ ឯឬសគេផ្សំធ្វើថ្នាំព្យាបាល ប្រេះបបូរមាត់ ។	</li><li><p-n>More Information	Syn. : Buchanania pallida Pierre</p-n></li></ul>
លាំង	@នាងនួន ស	DALBERGIA (Leguminosae-Papilionoideae) 	Dalbergia lanceolaria L.f. var. lakhonensis (Gagnep.) P.H. Hô &amp; Nyomdham 	<ul><li>Tree, 15-20 m tall, of dense decideous forests up to 1600 m, met in Indochina and India. The wood, of whitish colour, is much in demand for cabinetwork.	</li><li>លាំងជាព្រឹក្សកំពស់ ១៥ទៅ២០ម ដុះក្នុងព្រៃធំជ្រុះស្លឹកខែប្រាំង លើដីទំនាប ឬលើភ្នំដែលខ្ពស់ដល់ទៅ ១៦០០ម ។ លាំងមានដុះក្នុងឧបទ្វីបឥណ្ឌូចិន និងប្រទេសឥណ្ឌា ។ ឈើលាំងពណ៌សភាវ គេនិយមប្រើធ្វើតុ ទូ ប្រណិត ។	</li><li><p-n>More Information	NK : lèang, niëng nuën sâ: (sâ: :blanc) &nbsp;លាំង,​ នាងនួន​ ស	NOTE	ពេលមានពាក្យ (វល្លិ) (ស្មៅ) (ដើម) ក្នុងវង់ក្រចកខាងក្រោយនាម រុក្ខជាតិ ត្រូវអានពាក្យនោះខាងមុខនាមវិញ។</p-n></li></ul>
លាំងសាត	LANSIUM (Meliaceae)	Lansium domesticum Corrêa	<ul><li>Tree. 8-30 m tall, originating from the Malaysia, cultivated in numerous regions of Asia, in particular in Thailand, in Indonesia and in Vietnam, for the sweet fruits, appreciated as dessert, sold on Cambodian markets in almost all seasons.	</li><li>លាំងសាត ជាព្រឹក្សកំពស់ ៨-៣០ម ដុះក្នុងប្រទេសជ្វា គេនាំទៅដាំក្នុងប្រទេសជាច្រើន ដូចជាប្រទេសវៀតណាម និង ថៃ ជាដើម ។ ផ្លែជាប់គ្នានឹងចេញពីស្នែងសំបក សាច់ក្លែបៗ រសផ្អែមលាយជូរ មានលក់ក្នុងផ្សារខ្មែរស្ទើរគ្រប់រដូវ ផ្លែទាំងនេះ នាំចូលពីប្រទេសជិតខាងមកទេ ។	</li><li><p-n>More Information	NK &nbsp;&nbsp;: &nbsp;léang sa:t &nbsp;លាំងសាត	NOTE	ពេលមានពាក្យ (វល្លិ) (ស្មៅ) (ដើម) ក្នុងវង់ក្រចកខាងក្រោយនាម រុក្ខជាតិ ត្រូវអានពាក្យនោះខាងមុខនាមវិញ។</p-n></li></ul>
លាជផ្ទុះ	FLUEGGEA (Euphorbiaceae)	Flueggea virosa (Roxb. ex Willd.) Baill.	<ul><li>Shrub, 1-2 m tall, with dark red or fawn twigs, of the sunny places of Tropical Asia and Africa. Species often cultivated in the gardens for its very ornamental whitish fruits. The bark is used sometimes to stun fishes before capture. In East Africa, the roots are used against the malaria.	</li><li>ចុល្លព្រឹក្សមួយប្រភេទ កំពស់ ១-២ម មានមែកពណ៌ក្រហមភាវ ឬសម្បុរត្នោត ដុះលើទីវាលមានថ្ងៃនៃប្រទេសអាស៊ី និង អាហ្វ្រិកផ្នែកក្តៅ ។ គេនិយមដាំក្នុងសួនជាលំអ ដោយដើមនេះមានផ្ទៃពណ៌ស ភាវ ល្អណាស់ ។ សំបកជាថ្នាំធ្វើឱ្យត្រី សន្លប់មុននេសាទ ។ នៅប្រទេសអាហ្វ្រិកខាងកើត គេប្រើឬស ធ្វើថ្នាំព្យាបាលជម្ងឺគ្រុនចាញ់ ។	</li><li><p-n>More Information	Syn. : Flueggea microcarpa Blume</p-n></li></ul>
លិង្គពានរ 	LITHOCARPUS (Fagaceae)	Lithocarpus dinhensis (Hickel &amp; A. Camus.) A. Camus	<ul><li>Tree, 10-15 m tall, of the dense and secondary formations of Cambodia and Vietnam. Farinaceous fruits (acorns), edible when cooked, generally roasted.	</li><li>ឈ្មោះព្រឹក្សក្រុមខោសកំពស់ ១០-១៥ម ដុះលើដីទំនាបក្នុងព្រៃធំ និងព្រៃល្បោះនៃប្រទេសកម្ពុជា និងវៀតណាម ។ សាច់ក្នុងផ្លែ មានជាតិម្សៅច្រើន គេនិយមស្ងោរ ឬលីងបរិភោគជាអាហារ ។	</li><li><p-n>More Information	NK &nbsp;&nbsp;: lë:ng piënô (pénis de singe, allusion aux fruits) &nbsp;លិង្គពានរ	NOTE	ពេលមានពាក្យ (វល្លិ) (ស្មៅ) (ដើម) ក្នុងវង់ក្រចកខាងក្រោយនាម រុក្ខជាតិ ត្រូវអានពាក្យនោះខាងមុខនាមវិញ។</p-n></li></ul>
លឹនដំរី	DISCHIDIA (Asclepiadaceae)	Dischidia acuminata Cost.	<ul><li>Herbaceous liana, slender, epiphyte on the trees or shrubs thanks to its fixing roots. Species of the clear forests and of some calcareous rocks, met in Indochina. The complete plant, in decoction, would be diuretic. It is used also in the treatment of gonorrhea.	</li><li>វល្លិឆ្មារមួយប្រភេទ ផ្ញើប្រាណលើដើមឈើដោយចាក់ឬសផ្អាប់ស្អីក្នុងឈើ ដែលដុះក្នុងព្រៃល្បោះ ឬលើថ្មខ្លះៗមាន ធាតុកំបោរ នៅឥណ្ឌូចិន ។ គ្រូថ្នាំបុរាណដាំវល្លិលឹនដំរីអោយផឹក ដើម្បីធ្វើអោយនោមច្រើន ។ ពេលខ្លះវល្លិលឹនដំរី គេប្រើជា ថ្នាំព្យាបាលរោគប្រមេះ ។	</li><li><p-n>More Information	NK &nbsp;: lin’n dâmréi (pénis d’éléphant, allusion à la forme du fruit) &nbsp;លឹនដំរី	NOTE	ពេលមានពាក្យ (វល្លិ) (ស្មៅ) (ដើម) ក្នុងវង់ក្រចកខាងក្រោយនាម រុក្ខជាតិ ត្រូវអានពាក្យនោះខាងមុខនាមវិញ។</p-n></li></ul>
លួត	ELAEOCARPUS (Elaeocarpaceae)	Elaeocarpus floribundus Blume	<ul><li>Tree, 10-20 m tall, of clear forests of Cambodia, Laos and Malay Archipelago. Wood used for temporary buildings.	</li><li>ឈ្មោះព្រឹក្សមួយប្រភេទកំពស់ ១០-២០ម ដុះក្នុងព្រៃល្បោះនៃប្រទេសកម្ពុជា លាវ និងក្នុងប្រជុំកោះប្រទេសជា្វ ។ ឈើលួតសម្រាប់ប្រើសង់ខ្ទម ឬ សង់រោងបណ្តោះអាសន្ន ។	</li><li><p-n>More Information	NK &nbsp;: luët &nbsp;&nbsp;លួត	NOTE	ពេលមានពាក្យ (វល្លិ) (ស្មៅ) (ដើម) ក្នុងវង់ក្រចកខាងក្រោយនាម រុក្ខជាតិ ត្រូវអានពាក្យនោះខាងមុខនាមវិញ។</p-n></li></ul>
លួតជុំភ្នំ	HELICIA (Proteaceae)	Helicia excelsa (Roxb.) Blume	<ul><li>Shrub, or small tree, 6-10 m tall, of the dense forests of plain and altitude up to 1500 m, in the Indochinese and Malay Peninsula, Sumatra and Borneo. Fruits, blueish black, edible. Light brown wood, used to make small domestic objects.	</li><li>លួតជុំ ជាចុល្លព្រឹក្ស ឬព្រឹក្សតូច កំពស់ ៦-១០ម ដុះក្នុងព្រៃក្រាស់លើដីរាប ឬលើភ្នំ ដែលខ្ពស់រហូតដល់ ១៥០០ម នៃឧបទ្វីបឥណ្ឌូចិន ជ្វា និងលើកោះ Sumatra Bornéo ។ ផ្លែពណ៌ខៀវភាវអាចបរិភោគបាន ។ ឈើសម្បុរត្នោតខ្ចីសម្រាប់ធ្វើប្រដាប់ប្រដាប្រើប្រាស់ក្នុងផ្ទះ។	</li><li><p-n>More Information	NK &nbsp;: luët chum phnôm &nbsp;លួតជុំភ្នំ	NOTE	ពេលមានពាក្យ (វល្លិ) (ស្មៅ) (ដើម) ក្នុងវង់ក្រចកខាងក្រោយនាម រុក្ខជាតិ ត្រូវអានពាក្យនោះខាងមុខនាមវិញ។</p-n></li></ul>
លួតជុំ	@រំដេញភ្លុក	ELAEOCARPUS (Elaeocarpaceae)	Elaeocarpus griffithii (Wight) A. Gray 	<ul><li>Tree, 10-25 m tall, of the dense forests and flooded forests, met in Indochina and in the Malay Archipelago. Wood used in construction and in firewood.	</li><li>ឈ្មោះព្រឹក្សម្យ៉ាងកំពស់១០-២៥ម ដុះក្នុងព្រៃជ្រៅ ឬព្រៃរនាមនៃឥណ្ឌូចិន និងប្រជុំកោះប្រទេសជ្វា ។ ឈើសម្រាប់ប្រើ សង់ ផ្ទះ ឬ ធ្វើអុសដុត ។	</li><li><p-n>More Information	NK &nbsp;: luët chum, rumdé:nh phluk &nbsp;លួតជុំ, រំដេញភ្លុក	NOTE	ពេលមានពាក្យ (វល្លិ) (ស្មៅ) (ដើម) ក្នុងវង់ក្រចកខាងក្រោយនាម រុក្ខជាតិ ត្រូវអានពាក្យនោះខាងមុខនាមវិញ។</p-n></li></ul>
លួតជុំ	@ស្រគំកាច់	SYMPLOCOS (Symplocaceae)	Symplocos longifolia Fletcher	<ul><li>Shrub or tree, 2-10 m tall, of the wet dense forests of Indochina (Cambodia, Vietnam) and Java (Indonesia). Wood appreciated in construction.	</li><li>ឈ្មោះព្រឹក្សតូច ឬជាចុល្លព្រឹក្សកំពស់២-១០ម ដុះក្នុងព្រៃជ្រៅត្រជាក់ នៃប្រទេសកម្ពុជា វៀតណាម, និង លើកោះយ៉ាវ៉ា Java ឈើគេនិយមប្រើសម្រាប់សង់ផ្ទះ ។	</li><li><p-n>More Information	Syn. &nbsp;: Symplocos caryophylloides auct. non Zoll.</p-n></li></ul>
លួតតូច	HELICIA (Proteaceae)	Helicia nilagirica Bedd.	<ul><li>Shrub or small tree, 6-15 m tall, of the clear forests and forests galleries of the Indochinese Peninsula, Southern China and India. Wood may be used for temporary buildings. The small twigs and the boughs are used​ of firewood.	</li><li>ឈ្មោះចុល្លព្រឹក្ស ឬព្រឹក្សតូចម្យ៉ាង កំពស់ ៦-១៥ម ដុះក្នុងស្រោង ឬច្រកភ្នំ នៃឧបទ្វីបឥណ្ឌូចិន ប្រទេសចិនខាងត្បូង និង ឥណ្ឌា ។ ឈើដើមលួត អាចប្រើសង់រោង និងខ្ទមបណ្តោះអាសន្ន ។ មែកធាងតូចៗសម្រាប់ធ្វើអុសដុត ។	</li><li><p-n>More Information	NK &nbsp;&nbsp;: &nbsp;luët tôch &nbsp;លួតតូច	NOTE	ពេលមានពាក្យ (វល្លិ) (ស្មៅ) (ដើម) ក្នុងវង់ក្រចកខាងក្រោយនាម រុក្ខជាតិ ត្រូវអានពាក្យនោះខាងមុខនាមវិញ។</p-n></li></ul>
លួតភ្នំ	HELICIA (Proteaceae)	Helicia elephanti Sleumer	<ul><li>Shrub, 3-5 m tall, of wet dense dwarfish forests of altitude, towards 800-1000 m, on the Elephant mountain (Bokor). The wood is used to make tools handles.	</li><li>ឈ្មោះ គុម្ពព្រឹក្សមួយ កំពស់៣-៥ម ដុះក្នុងព្រៃត្រជាក់ ទឿ លើភ្នំបូកគោ ដែលខ្ពស់ពី ៨០០ទៅ ១០០០ម ។ ឈើ សម្រាប់ធ្វើដងកាំបិត ពូថៅ និង ដងប្រដាប់ប្រដាផ្សេងៗ។	</li><li><p-n>More Information	NK &nbsp;&nbsp;: &nbsp;luët phnôm លួតភ្នំ	NOTE	ពេលមានពាក្យ (វល្លិ) (ស្មៅ) (ដើម) ក្នុងវង់ក្រចកខាងក្រោយនាម រុក្ខជាតិ ត្រូវអានពាក្យនោះខាងមុខនាមវិញ។</p-n></li></ul>
លួតស៊ីផ្លែ	SYMPLOCOS (Symplocaceae)	Symplocos racemosa Roxb.	<ul><li>Shrub or small tree, 6-10 m tall, of the dense or secondary formations of China, India and Indochina. Nice-smelling flowers looked by the bees. Edible fruits. Colouring bark, used to dye the fabrics in red. In traditional medicine, the decoction of the bark is used against the abdominal pains, the diseases of the eyes and the ulcers.	</li><li>ឈ្មោះចុល្លព្រឹក្សម្យ៉ាងកំពស់៦-១០ម ដុះក្នុងព្រៃក្រាស់ ឬព្រៃល្បោះ នៅប្រទេសចិន ឥណ្ឌា និងឥណ្ឌូចិន ។ ផ្កា លួតស៊ីផ្លែមានក្លិនក្រអូបណាស់ តែងឃើញសត្វឃ្មុំក្រេបជញ្ជក់ទាំងហ្វូងៗ ។ ផ្លែគេនិយមបរិភោគណាស់ ។ សំបកស្ងោរ សម្រាប់ជ្រលក់សំពត់ អោយពណ៌ក្រហម ។ គ្រូថ្នាំខ្មែរស្ងោរសំបកធ្វើថ្នាំព្យាបាលរោគជាច្រើន ដូចជាឈឺពោះ, ឈឺភ្នែក និងលាងដំបៅរលួយ ។	</li><li><p-n>More Information	NK &nbsp;: luët si phlaè (si phlaè​ : fruits comestibles) &nbsp;លួតស៊ីផ្លែ	NOTE	ពេលមានពាក្យ (វល្លិ) (ស្មៅ) (ដើម) ក្នុងវង់ក្រចកខាងក្រោយនាម រុក្ខជាតិ ត្រូវអានពាក្យនោះខាងមុខនាមវិញ។</p-n></li></ul>
ល្ង	SESAMUM (Pedaliaceae)	Sesamum orientale L.	<ul><li>Herb, 50-70 cm tall, cultivated all over the world, in particular in tropical regions for its oil seeds  which contain from 40 to 50% of a clear yellow oil used in cooking, medicine, perfumes, lighting and soap industry. In Cambodia, the seeds are a part of numerous desserts and cakes. In traditional Khmer medicine, the complete plant is used to make a diuretic infusion. The seeds, in association with other drugs, are used to make poultices applied on adénites and boils. Used internally, the oil is used as emménagogue in the case of insufficient, irregular or painful menstruations. At a high dose, it is abortive. It is used also in cosmetic for hairs.	</li><li>ឈ្មោះតិណជាតិរឹងមួយប្រភេទ កំពស់ ៥០-៧០ស.ម គេដាំជាដំណាំក្នុងសកលលោក ដើម្បីគ្រាប់មានជាតិប្រេង គេប្រើគ្រាប់និងប្រង ជាអាហារ ។ ប្រេងល្ង ពណ៌លឿងភា្លវ អាចប្រើជាឱសថ សំរាប់ធ្វើប្រេងម្សៅ ធ្វើសាប៊ូ ឬសំរាប់អុជចង្កៀង គ្រាប់ល្ង សំរាប់ធ្វើនំក្រៀមច្រើនមុខ ។ គ្រូថ្នាំបុរាណខ្មែរ ស្ងោរដើមល្ងផឹកឱ្យនោមច្រើន ។ គ្រាប់ល្ងគេផ្សំធ្វើថ្នាំបំពោក ព្យាបាលជំងឺកូនកណ្តុរ និងបូសទ្រនិច ។ ប្រេងល្ងជាថ្នាំព្យាបាលរដូវមិនទៀង ឬចុកពោះពេលមានរដូវ ។ បើផឹកប្រេងច្រើន ហួសអាចធ្វើឱ្យរលូតកូន ។ គេប្រើប្រេងសំរាប់លាបសក់ ឬព្យាបាលជំងឺនៃសក់ ។ 	</li><li><p-n>More Information	Syn. &nbsp;: Sesamum indicum L.</p-n></li></ul>
ល្ងៀង	CRATOXYLUM (Guttiferae)	Cratoxylum formosum (Jack) Dyer subsp. formosum Kurz	<ul><li>Shrub, 1-8 m tall, of clear forests on sandy soil of Southeast Asia. Young leaves and floral buds used in cooking. The resistant and flexible wood is appreciated for the local constructions.	</li><li>ល្ងៀងនេះក៏ដូចល្ងៀងទឹកដែរ តែពូជខុសគ្នា អាចខ្ពស់ដល់ទៅ ៨ម ដុះក្នុងព្រៃស្រោង នៃអាស៊ីអាគ្នេយ៍ ។ គេនិយម បេះស្លឹក និងផ្កាល្ងៀងលក់នៅផ្សារ ដើម្បីជាបន្លែអន្លក់ ឬសម្រាប់ស្ល ។ ឈើល្ងៀងទន់ល្អណាស់ ហើយជាប់ផង គេប្រើសម្រាប់សង់ផ្ទះតូចតាច និង ខ្ទម ។	</li><li><p-n>More Information	Syn. : C formosum Benth. &amp; Hook.</p-n></li></ul>
ល្ងៀងទឹក ល្ងៀងស្បាត	CRATOXYLUM (Guttiferae)	Cratoxylum cochinchinense (Lour.) Blume	<ul><li>Shrub, 1-4 m tall, of clear forests on sandy soil, or in undergrowth near the houses; species of Southeast Asia. The leaves, acid, are appreciated as vegetables, eaten raw and in &quot;sâmlâ:&quot; (liquid dishes). Good firewood.	</li><li>ចុល្លព្រឹក្សមួយប្រភេទ កំពស់ ១ ទៅ ៤-៥ម ដុះលើដីខ្សាច់ព្រៃសោង ឬព្រៃគម្ពោត ជិតផ្ទះអ្នកស្រុក ក្នុងអាស៊ី                  អាគ្នេយ៍ ។ ស្លឹកមានរសជាតិជូរ គេប្រើជាបន្លែអន្លក់ គេអាចស្លជាមួយត្រីឆ្អើរជាដើមបាន។ មែក ធាង អាចរើសធ្វើអុសដុត។ 	</li><li><p-n>More Information	Syn. : Cratoxylum polyanthum Korth.</p-n></li></ul>
ល្ងៀងអាចម៍កូន	CRATOXYLUM (Guttiferae)	Cratoxylum formosum (Jack) Dyer subsp. pruniflorum Kurz 	<ul><li>Shrub, 1-2 m tall, of clear forests and thorny undergrowth of Southeast Asia. The leaves, although edible, are not appreciated because of their sourness. The elastic wood is used in the preparation of joints and boxes. 	</li><li>ល្ងៀងអាចម៍កូនកំពស់ ១ ទៅ ២ ម ច្រើនដុះជាមួយល្ងៀងធម្មតាក្នុងព្រៃស្រោង ឬព្រៃគម្ពោត នៃអាស៊ីអាគ្នេយ៍ ។ ស្លឹកអាចបរិភោគបាន តែគេមិនសូវចូលចិត្ត ដោយមានរសជាតិហាងបន្តិច ។ ឈើមានភាពយឺតមធ្យម សម្រាប់ធ្វើមុខតំណ ធ្វើហិប ឬប្រអប់ ។ល។	</li><li><p-n>More Information	Syn. : Cratoxylum pruniflorum Dyer</p-n></li></ul>
ល្ពៅ	CUCURBITA (Cucurbitaceae)	Cucurbita maxima Duchesne ex Lam.	<ul><li>Herbaceous liana, originating from tropical America, cultivated in warm regions, for its leaves and edible fruits. In Cambodia, the fruit is often used to make sweet dishes, almost always with coconut juice. The seeds, roasted, are consumed as candies. In traditional medicine, the juice of the stalk is part of a remedy against the smallpox.	</li><li>ឈោ្មះដំណាំជាស្មៅវល្លិវារលើដី មានដើមកំណើតក្នុងប្រទេសអាមេរិកក្ដៅ គេដាំក្នុងសកលលោក ដើម្បីយកផ្លែ និង  ស្លឹក ផ្កា បរិភោគ ។ ក្នុងប្រទេសខ្មែរ គេធ្វើបង្អែមច្រើនយ៉ាងជាមួយខ្ទីសដូង ។ គ្រាប់ល្ពៅលីងសម្រាប់ស៊ីលេង ។ គ្រូបុរាណខ្មែរ យកទឹកដមដើមល្ពៅ ធ្វើថ្នាំព្យាបាលជម្ងឺអុតធំ ។	</li><li><p-n>More Information	NA : pumkin</p-n></li></ul>
ល្ពៅ	@ល្ពៅក្ដាម 	CUCURBITA (Cucurbitaceae)	Cucurbita moschata (Duchesne ex Lam.) Duchesne ex Poir. 	<ul><li>Herbaceous liana, same origin as the previous species, cultivated in warm regions for its young leaves and edible fruits. The soup of pumpkin is well known as effective against bilious attacks.	</li><li>ជាល្ពៅពូជម្យ៉ាងផ្សេងពីល្ពៅដែលយើងស្គាល់ធម្មតា មានកំណើតដូចល្ពៅធម្មតា ហើយប្រើផ្លែ និងស្លឹកធ្វើម្ហូបបាន ដូចគ្នា ។ គ្រូខ្មែរ តែងស្ងោរ ផ្លែល្ពៅក្តាមធ្វើឱសថព្យាបាលជម្ងឺក្រពះ ណាដែលដើរមិនស្រួល ។ 	</li><li><p-n>More Information	NF : giraumon</p-n></li></ul>
ល្មុត	MANILKARA (Sapotaceae) 	Manilkara zapota (L.) P. Royen	<ul><li>Shrub, 2-8 m tall, originating from the Central America, cultivated in all tropical regions as fruit species. Sweet fruits sold on all the markets.	</li><li>ល្មុត ចុល្លព្រឹក្សកំពស់ ២-៨ម ដុះនៅទ្វីបអាមេរិកកណ្តាល នាំចូលគ្រប់ប្រទេសក្ដៅលើសកលលោក ជាដំណាំអោយផ្លែបរិភោគ ។ ផ្លែទុំ មានរសផ្អែម មានលក់ក្នុងផ្សារនៃប្រទេសអាស៊ី អឺរ៉ុប អាមេរិក ។	</li><li><p-n>More Information	Syn. &nbsp;: Achras zapota L.</p-n></li></ul>
ល្មុតសែដា	MANILKARA (Sapotaceae) 	Manilkara kauki (L.) Dubard	<ul><li>Tree or shrub, 2-10 m tall, Malay origin, cultivated in tropical regions as decorative, and especially for the edible fruits. In Cambodia, the plant is used only as ornemental tree. The fruits found on the market come from Thailand or Vietnam.	</li><li>ឈ្មោះព្រឹក្ស ឬចុល្លព្រឹក្សមួយប្រភេទ ដើមកំណើតក្នុងស្រុកជ្វា គេនាំមកដាំជាដំណាំនៅគ្រប់ប្រទេសក្ដៅលើសកលលោក ពេលខ្លះគេដាំជាលំអ ដូចជានៅប្រទេសកម្ពុជា ជាដើម ។ ផ្លែដែលលក់ក្នុងទីផ្សារ នាំមកពីប្រទេសជិតខាងមក ។ 	</li><li><p-n>More Information	NK &nbsp;: &nbsp;lmut’ saèda &nbsp;ល្មុតសែដា	NOTE	ពេលមានពាក្យ (វល្លិ) (ស្មៅ) (ដើម) ក្នុងវង់ក្រចកខាងក្រោយនាម រុក្ខជាតិ ត្រូវអានពាក្យនោះខាងមុខនាមវិញ។</p-n></li></ul>
ល្មុតស្រងាំ	XANTOLIS (Sapotaceae) 	Xantolis cambodiana (Pierre ex Dubard) P. Royen	<ul><li>Small tree, 10-13 m tall, of the secondary formations of the Indochinese Peninsula. Edible fruits. The white, hard and breakable wood is used to make pillars. The infusions of the twigs and roots, cut in small fragments, would have and purifying appetizing virtues, and help milk secretion.	</li><li>ព្រឹក្សតូចពួកមួយ កំពស់ ១០-១៣ម ដុះក្នុងព្រៃល្បោះ នៃឧបទ្វីបឥណ្ឌូចិន ។ ផ្លែបរិភោគជាចំណីបាន ។ ឈើស រឹងស្រួយ គេប្រើធ្វើជាសសរផ្ទះ ។ គ្រូថ្នាំបុរាណប្រើមែកធាង និងឬសកាត់កង់ស្ងោរធ្វើថ្នាំបាយបាន សម្រាប់សំអាតឈាម និង អោយស្រ្តីសម្រាលកូនហើយមានទឹកដោះ ។	</li><li><p-n>More Information	NK &nbsp;: lmu’t-srâ:ngam’ &nbsp;ល្មុតស្រងាំ	NOTE	ពេលមានពាក្យ (វល្លិ) (ស្មៅ) (ដើម) ក្នុងវង់ក្រចកខាងក្រោយនាម រុក្ខជាតិ ត្រូវអានពាក្យនោះខាងមុខនាមវិញ។</p-n></li></ul>
ល្វាដី	@ក្របីឈ្មោល, @កុមារព្រេច 	FICUS (Moraceae)	Ficus hirta Vahl	<ul><li>Shrub, 1-2 m tall, of dense or secondary forests of Southeast Asia. The wood is used to make cigarette holders ; the smoke which goes out of it is considered as effective against diseases of the nasal pits. The bark let pour a white latex of which birdlime is made. The juice passing by roots would be laxative.	</li><li>ឈ្មោះគុម្ពព្រឹក្សមួយប្រភេទកំពស់ ១-២ម ដុះក្នុងព្រៃក្រាស់ ឬព្រៃស្រោង នៃអាស៊ីផ្នែកអាគ្នេយ៍ ។ ឈើសម្រាប់ធ្វើខ្សៀជក់បារី ផ្សែងបារី អាចព្យាបាលជម្ងឺរន្ឋច្រមុះ ។ សំបកឱ្យជ័រសម្យ៉ាង សម្រាប់ធ្វើជ័របាម ។ ទឹកដម នៃឬសអាចជាថ្នាំបញ្ចុះ ។	</li><li><p-n>More Information	NK &nbsp;: lovië déi, krâbéi chhmôôl, kôma préch &nbsp;ល្វាដី, ក្របីឈ្មោល, កុមារព្រេច	NOTE	ពេលមានពាក្យ (វល្លិ) (ស្មៅ) (ដើម) ក្នុងវង់ក្រចកខាងក្រោយនាម រុក្ខជាតិ ត្រូវអានពាក្យនោះខាងមុខនាមវិញ។</p-n></li></ul>
ល្វាព្រៃ	FICUS (Moraceae)	Ficus hispida L.f.	<ul><li>Tree, 8-15 m tall, of dense or secondary tropical forests of Asia and Australia. The fruits are edible. They would have the property to increase the milky secretion of delivered women. The decoction of leaves and barks would be febrifuge.	</li><li>ល្វាព្រៃជាព្រឹក្ស កំពស់ ៨-១៥ម ដុះក្នុងព្រៃក្រាស់ ឬស្រោងនៃអាស៊ី និងអូស្ត្រាលីផ្នែកក្ដៅ ។ ផ្លែទុំអាចបរិភោគបាន។ ផ្លែនេះជាថ្នាំបង្កើនទឹកដោះនារីទើបសម្រាលកូនហើយ ។ គ្រូថ្នាំតែងស្ងោរស្លឹក និងសំបក អោយនាក់មានជម្ងឺគ្រុនផឹក ដើម្បី ឆាប់ត្រជាក់ខ្លួន ។	</li><li><p-n>More Information	NK &nbsp;: lovië préi (figuier sauvage)​ &nbsp;ល្វាព្រៃ	NOTE	ពេលមានពាក្យ (វល្លិ) (ស្មៅ) (ដើម) ក្នុងវង់ក្រចកខាងក្រោយនាម រុក្ខជាតិ ត្រូវអានពាក្យនោះខាងមុខនាមវិញ។</p-n></li></ul>
ល្វាស្រុក	@ល្វាធំ, @លៀប	FICUS (Moraceae)	Ficus racemosa L.	<ul><li>Tree, 8-15 m tall, of the secondary forests of Indochina. The figs are edible. The young leaves are eaten in salad. The latex of the trunk is used to make plasters applied to the head to dissipate headaches.	</li><li>ឈ្មោះព្រឹក្សមួយប្រភេទ កំពស់ ៨-១៥ម ដុះក្នុងព្រៃស្រោងនៃឥណ្ឌូចិន ។ ផ្លែគេអាចបរិភោគបាន ។ ស្លឹកខ្ចីៗគេប្រើជាអន្លក់ ។ ជ័រនៃដើមសម្រាប់ធ្វើកៅយកបិទលើក្បាល អោយបាត់ឈឺ ។	</li><li><p-n>More Information	Syn. &nbsp;: Ficus glomerata Roxb.</p-n></li></ul>
ល្វៀង	CATUNAREGAM (Rubiaceae) 	Catunaregam tomentosa (Blume ex DC.) Tirveng.	<ul><li>Shrub or small tree, 2-10 m tall, of clear forests and undergrowth of tropical Asia. Edible fruits, sometimes used to wash hairs. White yellowish wood, used to make hedges, combs and oxen carts axles.	</li><li>ល្វៀងជាចុល្លព្រឹក្ស ឬជាព្រឹក្សតូច កំពស់ ២-១០ម ដុះក្នុងព្រៃល្បោះ និងព្រៃគុម្ពោតនៃអាស៊ីក្តៅ ។ ផ្លែមានសាច់រឹងអាចបរិភោគបាន តែមានរសជាតិជូរភា្លវ មិនសូវឆ្ងាញ់ទេ គេប្រើផ្លែនេះសម្រាប់លាងសក់ ឬជម្រះក្អែលបាន ។ ឈើមាន ពណ៌ស លាយលឿង សម្រាប់ធ្វើរបង ធ្វើក្រាសសិតសក់ ធ្វើភ្លៅរទេះគោ ។ល។	</li><li><p-n>More Information	Syn. : Randia tomentosa Blume ex DC.</p-n></li></ul>
ល្វេ	@ឈើមួយរយ	DILLENIA (Dilleniaceae)	Dillenia pentagyna Roxb.	<ul><li>Tree, 6-7 m tall, with tortuous twigs, growing in group in the clear forests: 35-53 cm long deciduous leaves; flowers appear before the leaves. Species widely distributed in Southeast Asia. Edible, little appreciated fruits. They are sometimes a component of a remedy against cough. Wood used to make boards, beams resisting humidity, and small knickknacks. It is also an excellent wood for the coal.	</li><li>ព្រឹក្សម្យ៉ាងកំពស់ ៦-៧ម មែកក្រវិកក្រវៀន ច្រើនដុះជាមួយគ្នាជាក្រុមក្នុងព្រៃស្រោង ។ ស្លឹកវែងៗ ៣៥ - ៥៣ ស.ម ជ្រុះពេលរដូវប្រាំង ។ ផ្កាដុះចេញមុនលាស់ស្លឹកវិញ ។ ដើមនេះមាននៅគ្រប់ស្រុកក្នុងទ្វីបអាស៊ីផ្នែកក្ដៅ ។ ផ្លែអាចបរិភោគបាន តែគេតែងយកផ្លែផ្សំថ្នាំព្យាបាលក្អក ។ ឈើសម្រាប់ធ្វើក្តារ ក្ដារងឿ ជាប់ល្អ ឬសម្រាប់ធ្វើវត្ថុតាំងលំអ ។ ឈើធ្វើធ្យូងបានល្អពិសេស ។	</li><li><p-n>More Information	Syn. &nbsp;: D. bailloni Pierre</p-n></li></ul>
ល្ហុង	CARICA (Caricaceae)	Carica papaya L.	<ul><li>A shrub, 2 to 8 m tall, originating from tropical America, cultivated everywhere near the houses for its edible fruits. The raw fruits are used as vegetables. Their latex is used to remove the black spots on the face. The ripe fruits make a dessert. they are considered as laxatives. The leaves are taken to wrap the tough meat pieces to make them tender. Infusions of flowers are effective against food poisonings and as antidote. Trunks and roots are consumed in time of scarcity. 	</li><li>ល្ហុងជាចុល្លព្រឹក្ស កំពស់ ២-៨ម មានដើមកំណើតក្នុងស្រុកអាមេរិកក្ដៅ គេនាំយកមកដាំជិតផ្ទះ ដើម្បីផ្លែ ។ ផ្លែខ្ចីអាចញាំ ឬ ស្លករកូរ ។ ជ័រផ្លែខ្ចី សម្រាប់សំអាតមុខដែលមានជាំ ។  ផ្លែទុំគេបរិភោគជាបង្អែម សម្រាប់រំលាយអាហារ ។ ស្លឹកគេយកមកខ្ចប់សាច់គោស្វិត ឱ្យផុយល្អ ។ ពេលពុលអាហារ គេស្ងោរផ្កាល្ហុងបរិភោគ ។ គល់និងឬសល្ហុង អាចស្ងោរបរិភោគបានពេលមានទុរ្ភិក្ស ។	</li><li><p-n>More Information	NA : melon tree, papaya</p-n></li></ul>
ល្ហុងខ្វង	JATROPHA (Euphorbiaceae)	Jatropha curcas L	<ul><li>Shrub, 1-5 m tall, originating from tropical America, cultivated in all the warm regions of the world. In Indochina, it is often planted in hedges because of the speed of his growth. Elsewhere it is used for the reafforestation of bare zones. In traditional medicine, the latex is applied to the wounds to hasten their cure. The leaves are a component of an antiparasitic remedy and against scabies. They are used, in frictions, against rheumatisms. The oil of the seeds is purgative. It is also used for the manufacture of the soap or of grease removers for the sewing machines. Ingested or in friction against the belly of the pregnant women, the oil would be abortive.	</li><li>ល្ហុងខ្វងជាចុល្លព្រឹក្សកំពស់ ១-៥ម ដើមកំណើតក្នុងទ្វីបអាមេរិកផ្នែកក្តៅ គេដាំនៅក្នុងប្រទេសក្ដៅនៃសកលលោក ។ នៅឥណ្ឌូចិន និយមដាំល្ហុងខ្វងធ្វើរបង ដោយដើមនេះដុះបានរហ័សណាស់ ។ នៅស្រុកខ្លះ គេប្រើដើមនេះសំរាប់ដាំលើដីវាលដែលគ្មានព្រៃឈើ ដើម្បីការពារដីកុំអោយហូរច្រោះ ។ ក្នុងក្បួនឱសថបុរាណ ជ័រល្ហុងខ្វងអាចលាបលើដំបៅឱ្យឆាប់ជា ។ ស្លឹកអាចផ្សំជាមួយដើមដទៃទៀត ធ្វើថ្នាំព្រូន និងថ្នាំកមរមាស់ ។ គេបុកស្លឹកបំពោកលើរោគសន្លាក់ឆ្អឹង ។ ប្រេងនៃគ្រាប់ ជាថ្នាំបញ្ចុះ ។ គេអាចប្រើប្រេងសំរាប់ធ្វើសាប៊ូ លាងម៉ាស៊ីនដេរ ។ ប្រេងល្ហុងខ្វង អាចធ្វើអោយមានគ្រោះថ្នាក់រលូតកូន បើនារីមានគ៌តផឹក ឬយកមកបំពោកលើពោះ ។	</li><li><p-n>More Information	NA &nbsp;: purging nut</p-n></li></ul>
ល្ហុងខ្វងក្រហម	JATROPHA (Euphorbiaceae)	Jatropha multifida L.	<ul><li>Shrub, 2-6 m tall, from American origin, introduced into the warm regions of the world, where it is especially used to make hedges. Roots, edible, eaten roasted. Young leaves also edible. The seeds would be purgative but little used ; they could provoke poisonings.	</li><li>ឈ្មោះចុល្លព្រឹក្សមួយប្រភេទ កំពស់ ២-៦ម ដុះក្នុងទ្វីបអាមេរិក គេនាំមកដាំគ្រប់ប្រទេសក្ដៅក្នុងសកលលោក សំរាប់ធ្វើរបងជាលំអ ។ មើមវាអាចលីងបរិភោគបាន ស្លឹកខ្ចីៗ ក៏អាចធ្វើបន្លែបានដែរ ។ គ្រាប់ល្ហុងខ្វងក្រហម គេអាចប្រើធ្វើថ្នាំបញ្ចុះ តែថ្នាំនេះពុំអាចផឹកលើសកំរិតបានឡើយ ពីព្រោះមានធាតុពុល ។ 	</li><li><p-n>More Information	NF &nbsp;: médicinier d’Espagne, noisetier purgatif</p-n></li></ul>
ល្ហុងប្រេង	RICINUS (Euphorbiaceae)	Ricinus communis L.	<ul><li>Sub-shrub, 1-2 m tall, of African origin, cultivated in all the warm regions of the world. The oil of the seeds is used to make soaps or grease removers for the machines. It enters also the preparation of skin and hair cosmetics. The seeds are very toxic because they provoke blood coagulation.	</li><li>ឈ្មោះគុម្ពព្រឹក្សមួយប្រភេទកំពស់ ១-២ម គេនាំពីប្រទេសអាហ្វ្រិក មកដាំក្នុងប្រទេសក្ដៅសកលលោក ។ ប្រេងនៃគ្រាប់អាចប្រើសំរាប់ធ្វើសាប៊ូ និងលាងម៉ាស៊ីនផ្សេងៗ ។ គេប្រើប្រេងផ្សំធ្វើថ្នាំថែស្បែក និងសក់ ។ គេពុំអាចស៊ីគ្រាប់បាន ឡើយ ពីព្រោះវាមានធាតុពុល អាចធ្វើឱ្យឈាមកក ។ 	</li><li><p-n>More Information	NA &nbsp;: castor oil</p-n></li></ul>
(វល្លិ) កំបោរភ្នំ	VALLARIS (Apocynaceae)	Vallaris solanacea (Roth) Kuntze	<ul><li>Ligneous climbing liana, 5-10 m long, of the secondary formations of low altitude, between 300 and 700 m, in tropical Asia. The decoction of the barks is well known as febrifuge.	</li><li>វល្លិធំម្យ៉ាងវារលើដើមឈើប្រវែង៥-១០ម ដុះក្នុងព្រៃល្បោះលើភ្នំទាបៗ មានឧព្វេធ ៣០០-៧០០ម នៃទ្វីបអាស៊ីផ្នែក អាគ្នេយ៍ ។ គេតែងស្ងោរសំបកផឹករម្ងាប់រោគគ្រុន ។	</li><li><p-n>More Information	NK &nbsp;: (voër) kâmbaô (phnôm) (liane chaux de montagne, allusion à la sève qui, séchée, devient blanche comme de la chaux) &nbsp;(វល្លិ) កំបោរភ្នំ	NOTE	ពេលមានពាក្យ (វល្លិ) (ស្មៅ) (ដើម) ក្នុងវង់ក្រចកខាងក្រោយនាម រុក្ខជាតិ ត្រូវអានពាក្យនោះខាងមុខនាមវិញ។</p-n></li></ul>
(វល្លិ) កំព្រាម	ACACIA (Leguminosae-Mimosoideae)	Acacia caesia (L.) Willd. var. subnuda (Craib) I.C. Nielsen	<ul><li>Small tree or liana found in secondary forests along rivers from north India through Himalayas to Indochina. Trunk used for temporary construction. Barks used to wash hair.	</li><li>គុម្ពព្រឹក្ស ឬវល្លិដុះក្នុងព្រៃស្រោង ក្នុងប្រទេសឥណ្ឌូចិន ឥណ្ឌាខាងជើង និងស្រុកដែលនៅជុំវិញភ្នំហិមាល័យា។ សំបកកំព្រាម យើងប្រើសំរាប់លាងសក់ឱ្យស្អាត។ នៅប្រទេស លាវ សំបកនេះ គេយកទៅធ្វើថ្នាំរំងាប់រោគ។ 	</li><li><p-n>More Information	Syn. : Acasia intsia auct. non (L.) : Willd.&nbsp;</p-n></li></ul>
វល្លិកា្មញ់	MARSDENIA (Asclepiadaceae)	Marsdenia tinctoria R. Br.	<ul><li>Climbing liana, 3-5 m long, of the dense and secondary formations of Southeast Asia. The stalk gives a blue dye, becoming black, used to dye hairs. The leaves, in decoctions, are used to treat the stomach diseases.	</li><li>ឈ្មោះវល្លិមួយប្រភេទប្រវែង ៣-៥ម ដុះក្នុងព្រៃនៃអាស៊ីផ្នែកអាគ្នេយ៍ ។ ដើមមានជ័រពណ៌ខៀវក្លាយជាខៅ្ម សំរាប់លាបសក់ ។ គេស្ងោរស្លឹក ធ្វើជាឱសថព្យាបាលជំងឺឈឺក្រពះ ។ 	</li><li><p-n>More Information	NA &nbsp;: Java indigo</p-n></li></ul>
វល្លិកួយ	MYXOPYRUM (Oleaceae)	Myxopyrum smilacifolium Blume	<ul><li>Climbing liana, 3-5 m long, of the dense formations of India and the Indochinese and Malay Peninsula. The stalk is used under the form of infusion to facilitate deliveries.	</li><li>វល្លិធំមួយប្រភេទវារឡើងដើមឈើប្រវែង៣-៥ម ក្នុងព្រៃក្រាស់នៃប្រទេសឥណ្ឌា ឧបទ្វីបឥណ្ឌូចិន និងជ្វា ។ គេប្រើ មែកនៃវល្លិនេះសំរាប់ឆុងផឹក ពេលសម្រាលកូនដើម្បីអោយការសម្រាលនេះបានឆាប់រហ័ស ។	</li><li><p-n>More Information	NK : (voër) kuëy (liane des kuëy ; kuëy ; peuplade des hauts plateaux) (វល្លិ) កួយ	NOTE	ពេលមានពាក្យ (វល្លិ) (ស្មៅ) (ដើម) ក្នុងវង់ក្រចកខាងក្រោយនាម រុក្ខជាតិ ត្រូវអានពាក្យនោះខាងមុខនាមវិញ។</p-n></li></ul>
វល្លិក្បុង	LYGODIUM (Schizeaceae, Fougères) 	Lygodium microstachyum Desv.	<ul><li>Climbing fern, 3-8 m long, of the degraded formations of tropical and subtropical Asia and Australia. The ashes of the plant are used as cleaner to replace soap. In traditional medicine, the infusions of the stalk are recommended for the treatment of scabies.	</li><li>វល្លិក្បុងមានសន្តានជាមួយវល្លិអាឡ និងឡែឡ គឺជាបណ្ណង្គជាតិវារតោងមែករុក្ខជាតិប្រវែង ៣-៨ម ដុះក្នុងព្រៃល្បោះ នៃទ្វីបអូស្ត្រាលី និង អាស៊ីផ្នែកក្ដៅ និងក្តៅមធ្យម ។ គេតែងដុតវល្លិនេះ ធ្វើទឹកក្បុងសំរាប់ប្រើដូចសាប៊ូ ។ តាមក្បួនឱសថបុរាណ គេឆុងដើម និងស្លឹក ឱកព្យាបាលជំងឺកមរមាស់ ។	</li><li><p-n>More Information	NK &nbsp;: (voër) kbông’ &nbsp;(វល្លិ) ក្បុង	NOTE	ពេលមានពាក្យ (វល្លិ) (ស្មៅ) (ដើម) ក្នុងវង់ក្រចកខាងក្រោយនាម រុក្ខជាតិ ត្រូវអានពាក្យនោះខាងមុខនាមវិញ។</p-n></li></ul>
វល្លិ ក្បៀស	STEMONA (Stemonaceae)	Stemona tuberosa Lour.	<ul><li>Ligneous herb, up to 20 m long, climbing on the trees or shrubs of the dense formations of Indochina. The roots are used as insecticides in pepper cultivation. Mixed with honey, they constitute a medicine against the pulmonary tuberculosis. The fresh roots, mixed in lime water, would kill louses.	</li><li>ឈ្មោះវល្លិរឹងម្យ៉ាង ប្រវែង ២០ម វាលើដើមឈើធំៗក្នុងព្រៃក្រាស់នៃឥណ្ឌូចិន ។ គេប្រើឬសសំរាប់សម្លាប់សត្វល្អិត ដែលស៊ីដើមម្រេច ។ ក្នុងក្បួនឱសថបុរាណ គេយកឬសលាយជាមួយទឹកឃ្មុំ ធ្វើថ្នាំព្យាបាលជំងឺរបេង ។ ឬសស្រស់លាយជាមួយទឹកកំបោរអាចសំលាប់សត្វចៃបាន ។ 	</li><li><p-n>More Information	NK : kbiëhs (voër) &nbsp;(វល្លិ) ក្បៀស	NOTE	ពេលមានពាក្យ (វល្លិ) (ស្មៅ) (ដើម) ក្នុងវង់ក្រចកខាងក្រោយនាម រុក្ខជាតិ ត្រូវអានពាក្យនោះខាងមុខនាមវិញ។</p-n></li></ul>
វល្លិក្បៀស 	DERRIS (Leguminosae-Papilionoideae)	Derris elliptica (Sweet) Benth.	<ul><li>Large ligneous liana, 7-10 m long, sometimes erected shrub, of the dense forests of Indochina and of Malay Archipelago. The roots reduced to powder are used as insecticides, or to stun the fishes before catching them. 	</li><li>ឈ្មោះវល្លិធំមួយប្រភេទ ប្រវែង៧-១០ម ពេលខ្លះជាចុល្លព្រឹក្សដុះក្នុងព្រៃជ្រៅឧបទ្វីបឥណ្ឌូចិន និងប្រជុំកោះជ្វា ។  ឬសវល្លិក្បៀសកិនអោយម៉ត់អាច ប្រើសម្រាប់សម្លាប់សត្វល្អិត ឬ សម្រាប់បំពុលត្រីមុននេសាទ ។	</li><li><p-n>More Information	NK : (voër) khbiëhs &nbsp;(វល្លិ) ក្បៀស	NOTE	ពេលមានពាក្យ (វល្លិ) (ស្មៅ) (ដើម) ក្នុងវង់ក្រចកខាងក្រោយនាម រុក្ខជាតិ ត្រូវអានពាក្យនោះខាងមុខនាមវិញ។</p-n></li></ul>
(វល្លិ) ក្រចកអណ្ដើក	PANTADENIA (Euphorbiaceae) 	Pantadenia adenanthera Gagnep.	<ul><li>Shrub, 0.40-2 m tall, variously branching, of the secondary formations of plain, along the rivers of Cambodia and Southern Vietnam. The fruits are edible. The twigs are used as firewood.	</li><li>គុម្ពព្រឹក្ស ឬចុល្លព្រឹក្សមួយប្រភេទ កំពស់ ០,៤០-២ម វារ ឬស្ទើវារដុះក្នុងព្រៃល្បោះលើដីទំនាប តាមមាត់ទន្លេ នៃប្រទេសកម្ពុជា និងវៀតណាមខាងត្បូង ។ ផ្លែបរិភោគបាន ។ មែកធាងសម្រាប់ ធ្វើអុស ។	</li><li><p-n>More Information	NK &nbsp;&nbsp;: &nbsp;(voër) krâchâk ânndaëk (ongle de tortue) &nbsp;(វល្លិ) ក្រចកអណ្ដើក	NOTE	ពេលមានពាក្យ (វល្លិ) (ស្មៅ) (ដើម) ក្នុងវង់ក្រចកខាងក្រោយនាម រុក្ខជាតិ ត្រូវអានពាក្យនោះខាងមុខនាមវិញ។</p-n></li></ul>
(វល្លិ) ក្រណាវ	ADENANTHERA (Leguminosae-Mimosoideae)	Adenia viridifolia Craib.	<ul><li>Climbing liana found in secondary forest of Cambodia and South-Vietnam. Young leaves are eaten cooked in “ Sâmlâ ” ; the stem is used to poison birds	</li><li>វល្លិធំម្យ៉ាងវារឡើងដើមឈើ ក្នុងព្រៃវាលនៃប្រទេសខ្មែរ និងវៀតណាម ។ ក្រណាវ មានជាតិពុល គេតែងយកវល្លិនេះ ទៅបំពុលសត្វស្លាប ។ គេហាន់ដើមលិ្អតៗ លាយជាមួយអង្ករដំណើប ហើយបាចអោយសត្វស៊ី សត្វពុលស្លាប់ភ្លាមៗ តែយើងអាចយកមកបរិភោគបាន ពីព្រោះជាតិពុលនេះ មានតែលើសត្វស្លាបទេ។	</li><li><p-n>More Information	Syn. : Adenia pierrei Gagnep.&nbsp;</p-n></li></ul>
(វល្លិ) ក្រពាត់ឈ្នាង	XENOSTEGIA (Convolvulaceae)	Xenostegia tridentata (L.) Austin &amp; Staples 	<ul><li>Crawling or climbing liana of the secondary formations, sometimes along the roads of the tropical regions of the Ancient World. Flowers whitish outside, brown or purple in the centre. Species often cultivated as decorative on fences. In traditional medicine, the complete plant is used for the preparation of a remedy prescribed in the treatment of the aches. 	</li><li>ឈ្មោះ តិណជាតិជាវល្លិវារលើដី ឬឡើងដើមឈើតូចៗ ដុះក្នុងព្រៃ ឬតាមមាត់ផ្លូវប្រទេសក្ដៅ នៃទ្វីបចាស់ ។ ផ្កាពណ៌ស ភ្លាវខាងក្រៅ, ខាងក្នុងពណ៌ត្នោតឬក្រហម គេនិយមដាំជាលំអ ឡើងរបង ។ គ្រូហ្មបុរាណប្រើក្រពាត់ឈ្នាង សម្រាប់ធ្វើថ្នាំព្យាបាលជម្ងឺចុកដៃជើង ។	</li><li><p-n>More Information	Syn. : Merremia tridentatum (Burm.f.) Hallier f.</p-n></li></ul>
វល្លិក្រពើ	FAGRAEA (Loganiaceae) 	Fagraea auriculata Jack	<ul><li>Bushy shrub or ligneous liana often epiphyte on trees but taking root in the ground, widely spread in the Indochinese and Malay Peninsula, in Indonesia, the Philippines, Moluccas islands, Sulawesi and Japan. It is met in the wet dense forests from 0 to 1500 m, often cultivated as decorative.	</li><li>ឈ្មោះគុម្ពព្រឹក្សម្យ៉ាងស្ទើរវារ ឬជាវល្លិធំរឹង ពេលខ្លះជាបញ្ញើក្អែកដុះលើព្រឹក្សធំៗ តែមានឬសចាក់ក្នុងដី មានដុះក្នុង ប្រទេសជា្វច្រើនក្នុងអាស៊ីក្តៅ ឬត្រជាក់មធ្យម ។ វល្លិក្រពើជារុក្ខជាតិ ដែលទេសចរណ៍តែងទិញនៅស្រុកគេ សម្រាប់ដាំជា         លំអ ។	</li><li><p-n>More Information	NK &nbsp;: (voër) krâpë (liane crocodile) &nbsp;(វល្លិ) ក្រពើ	NOTE	ពេលមានពាក្យ (វល្លិ) (ស្មៅ) (ដើម) ក្នុងវង់ក្រចកខាងក្រោយនាម រុក្ខជាតិ ត្រូវអានពាក្យនោះខាងមុខនាមវិញ។</p-n></li></ul>
វល្លិ ក្រអោម	@វល្លិចេកទុំ	DESMOS (Annonaceae)	Desmos chinensis Lour.	<ul><li>Climbing shrub of secondary formations of tropical Asia. Ripe fruits edible. The infusion of leaves is given to young mothers to increase milky secretion. 	</li><li>ឈ្មោះចុល្លព្រឹក្សវារលើដើមឈើ ក្នុងព្រៃស្រោងនៃអាស៊ីផ្នែកក្តៅ ។ ផ្លែទុំអាចបរិភោគជាចំណីបាន ។ គ្រូថ្នាំខ្មែរយក ស្លឹកស្ងោរឱ្យនារីទើបសម្រាលកូន ផឹកដើម្បីឱ្យមានទឹកដោះច្រើន ។ 	</li><li><p-n>More Information	Syn. : Desmos cochinchinensis Lour.</p-n></li></ul>
វល្លិក្រអោ វល្លិខ្លើត  វល្លិខ្លូត	GNETUM (Gnetaceae, Gymnospermes)	Gnetum latifolium Blume	<ul><li>Ligneous liana, of unknown origin, spontaneous in the semi-dense forests of Indochina. Edible seeds. The plant would be used to fight addiction to opium.	</li><li>វល្លិក្រអោ មានរាងក្រៅដូចវល្លិខ្លូតដែរ មានដើមកំណើត មិនប្រាកដដុះឯងៗ ក្នុងព្រៃក្រាស់មធ្យមនៃឥណ្ឌូចិន ។ គ្រាប់មានម្សៅ អាចស្ងោរបរិភោគបាន ។ ដើមនេះ គ្រូថ្នាំប្រើសម្រាប់ធ្វើឱ្យលែងជក់អាភៀន ។	</li><li><p-n>More Information	NK &nbsp;&nbsp;: &nbsp;(voër) krâ aô, (voër) klaët, (voër) khlô:t (វល្លិ) ក្រអោ, (វល្លិ) ខ្លើត, (វល្លិ) ខ្លូត	NOTE	ពេលមានពាក្យ (វល្លិ) (ស្មៅ) (ដើម) ក្នុងវង់ក្រចកខាងក្រោយនាម រុក្ខជាតិ ត្រូវអានពាក្យនោះខាងមុខនាមវិញ។</p-n></li></ul>
វល្លិក្រោក	ILLIGERA (Hernandiaceae) 	Illigera rhodantha Hance 	<ul><li>Climbing shrub of secondary formations of Indochina. The barks are used in traditional medicine, as febrifuges.	</li><li>វល្លិធំវារលើរុក្ខជាតិ ជិតខាងមួយប្រភេទ ដុះក្នុងព្រៃល្បោះនៃឥណ្ឌូចិន ។ គេប្រើសំបកធ្វើថ្នាំរម្ងាប់រោគគ្រុន ។ 	</li><li><p-n>More Information	NK &nbsp;: (voër) krâôk (liane qui fait se lever, se dresser, allusion à l’usage) ​ (វល្លិ) ក្រោក	NOTE	ពេលមានពាក្យ (វល្លិ) (ស្មៅ) (ដើម) ក្នុងវង់ក្រចកខាងក្រោយនាម រុក្ខជាតិ ត្រូវអានពាក្យនោះខាងមុខនាមវិញ។</p-n></li></ul>
	ឧទាហរណ៏៖&nbsp;		<ul><li>	</li><li>					</li></ul>
	ឧទាហរណ៏៖&nbsp;		<ul><li>	</li><li>					</li></ul>
វល្លិខ្លូត	GNETUM (Gnetaceae, Gymnospermes)	Gnetum gnemon L.	<ul><li>Large liana of the semi-dense forests, climbing rather high in the trees. Originating from Java and Sumatra, this species spread in the whole Southeast Asia and is spontaneous in Cambodia: it is met especially in the central regions of the country. The ripe seeds, very farinaceouss, are in demand in period of scarcity. In the nearby countries, young leaves, inflorescences and fruits are used in cooking.	</li><li>ឈ្មោះវល្លិធំមួយប្រភេទ វារឡើងដើមឈើធំៗ ក្នុងព្រៃក្រាស់មធ្យម ។ វល្លិនេះមានដើមកំណើតប្រទេសឥណ្ឌូណេស៊ី កោះ Java និង Sumatra ឥឡូវដុះឯងៗ នៅប្រទេសខ្មែរ និងប្រទេសច្រើនទៀតក្នុងទ្វីបអាស៊ីផ្នែកអាគ្នេយ៍ ។ គ្រាប់ទុំមាន ជាតិម្សៅច្រើន អាចបរិភោគជាអាហារជំនួសបាយពេលទុរិ្ភក្ស ។ នៅប្រទេសថៃ ស្លឹកខ្ចីៗ ផ្កា និងផ្លែខ្ចីៗ គេប្រើជាបន្លែ ។	</li><li><p-n>More Information	NK &nbsp;: (voër) khlô:th &nbsp;(វល្លិ) ខ្លូត	NOTE	ពេលមានពាក្យ (វល្លិ) (ស្មៅ) (ដើម) ក្នុងវង់ក្រចកខាងក្រោយនាម រុក្ខជាតិ ត្រូវអានពាក្យនោះខាងមុខនាមវិញ។</p-n></li></ul>
វល្លិខ្សួស	CONGEA (Verbenaceae)	Congea tomentosa Roxb.	<ul><li>Ligneous liana, climbing, of edges of the dense forests of Indochina, often cultivated around the villages or in cities as ornemental plants, for its beautiful white flowers grouped in top of hairy bracts shaped like small coloured leaves, lilac colour, rarely white.	</li><li>ឈ្មោះ វល្លិម្យ៉ាងវារឡើងដើមជិតខាង ដុះមាត់ព្រៃក្រាស់ ក្នុងឥណ្ឌូចិន ។ ពេលខ្លះគេយកមកដាំក្បែរភូមិ ឬក្នុងក្រុងជាលំអ ដោយផ្កា ស ដុះជាកញ្ចុំ លើស្លឹកទ្រនាបមានរោមវែងៗ ពណ៌ស្វាយបន្តិចៗ ល្អមើលណាស់ ។ 	</li><li><p-n>More Information	Syn. : Congea vestita Griff.</p-n></li></ul>
វល្លិខ្សួស	CALYCOPTERIS (Combretaceae)	Calycopteris floribunda (Roxb.) Lam.	<ul><li>A ligneous liana from dense forests’ edges in tropical Asia. Children are playing with fruits, crashing them to make noise. Young stalks give ropes to tie oxen to the yoke. Leaves and boughs’ infusions, having tonic and purifying virtues, are given to young mothers. The sap pouring from the cut stalk is used against conjunctivitis.	</li><li>វល្លិខ្សួស ជាវល្លិធំដុះ ជិតមាត់ព្រៃក្រាស់ ក្នុងប្រទេសអាស៊ីក្ដៅ ។ ក្មេងៗចូលចិត្តបេះផ្លែខ្សួសវាយអោយបែកក្នុងដៃ ប្រណាំងគ្នាលេង ។ មែកវល្លិខ្សួស គេតែងប្រើសម្រាប់ចងគោទៅនឹងនឹម ។ គ្រូខ្មែរប្រើស្លឹកព្រមទាំងធាងស្ងោរជាថ្នាំកម្លាំង និងសំអាតឈាម នារីែដលទើបសម្រាលកូនហើយ ។ ជ័ររបស់ មែកវល្លិខ្សួស ជាឱសថព្យាបាលជម្ងឺភ្នែកក្រហម ។	</li><li><p-n>More Information	NK : khsu:ëhs (voër) &nbsp;ខ្សួស (វល្លិ)	NOTE	ពេលមានពាក្យ (វល្លិ) (ស្មៅ) (ដើម) ក្នុងវង់ក្រចកខាងក្រោយនាម រុក្ខជាតិ ត្រូវអានពាក្យនោះខាងមុខនាមវិញ។</p-n></li></ul>
(វល្លិ ) គុយ	WILLUGHBEIA (Apocynaceae)	Willughbeia edulis Roxb.	<ul><li>Ligneous liana climbing rather high in the trees of dense forest in Cambodia, Vietnam and Thailand. The ripe fruits are sold on markets and are very appreciated. The stalk is part of an alcoholic solution absorbed by the delivered women as fortifying. The latex is used to cauterize wounds.	</li><li>វល្លិធំមួយប្រភេទ វារឡើងលើឈើធំៗ ក្នុងព្រៃក្រាស់ នៃប្រទេសកម្ពុជា វៀតណាម និងថៃ ។ ផ្លែគុយមាន លក់តាមផ្សារ គេចូលចិត្តបរិភោគជាចំណី ។ តាមក្បួនឱសថបុរាណ គេកាត់ដើមជាកង់ៗ ស្ងោរអោយនារីទើបសម្រាលកូន ហើយផឹកជាថ្នាំលើកម្លាំង ។ ជ័រសម្រាប់ព្យាបាលដំបៅ ។	</li><li><p-n>More Information	Syn. : Willughbeia cochinchinensis (Pierre ex Pit.) K. Schum.</p-n></li></ul>
វល្លិចារ	BUTEA (Leguminosae-Papilionoideae)	Butea superba Roxb.	<ul><li>Long ligneous liana, creeping, of clear forests of tropical Asia. The juice that comes out from the blackish trunk gives a dye for fishing nets. Leaves and stalks are used in local washes against hemorrhoids. Emollient leaves.	</li><li>ឈ្មោះវល្លិធំមួយប្រភេទវារឡើងដើមឈើ ស្លឹកដូចស្លឹកចារ ។ វល្លិនេះមានដុះក្នុងព្រៃល្បោះនៃទ្វីបអាស៊ីក្ដៅ ។ ជ័រចេញពីមែកមានពណ៌ខ្មៅ គេប្រើសំរាប់ជ្រលក់សំណាញ់នេសាទ ។ ស្លឹក និងដើមកាត់កង់ៗ គ្រូថ្នាំយកទៅស្ងោរ អោយអ្នកកើតឬសដូងបាតអង្គុយត្រាំ ។ ស្លឹកសំរាប់បិទដំបៅ ឬបិទកន្លែងហើម លើជើង ដៃ ។	</li><li><p-n>More Information	NK : voër char វល្លិចារ	NOTE	ពេលមានពាក្យ (វល្លិ) (ស្មៅ) (ដើម) ក្នុងវង់ក្រចកខាងក្រោយនាម រុក្ខជាតិ ត្រូវអានពាក្យនោះខាងមុខនាមវិញ។</p-n></li></ul>
(វល្លិ) ចេកទុំ	ARTABOTRYS (Annonaceae)	Artabotrys hexapetalus (L.f.) Bhandari 	<ul><li>Climber subshrub occurring in dense forest in South East Asia, often cultivated in garden for its small pyriform and yellowish fruit much decorative. Young leave’s decoction is prescribed as tonic.	</li><li>ចុល្លព្រឹក្សវល្លិធំម៉្យាង ដុះក្នុងព្រៃស្រោងនៃអាស៊ីផ្នែកអាគ្នេយ៍ ។ គេនិយមយកដើមចេកទុំ មកដាំក្នុងសួនឱ្យល្អមើល ផ្លែវាស្រដៀង poires តែតូចជាងច្រើន មានពណ៌ទឹកមាស ។ ស្លឹកគេស្ងោរផឹកពេលមានអាសន្នរោគ ។ 	</li><li><p-n>More Information	Syn. : -Artabotrys odoratissimus R. Br.</p-n></li></ul>
	ឧទាហរណ៏៖&nbsp;		<ul><li>	</li><li>					</li></ul>
វល្លិឆ្អឹងពស់	JASMINUM (Oleaceae)	Jasminum scandens Vahl	<ul><li>Climbing shrub of secondary formations of Indochina and Indian regions. The small white, nice-smelling flowers are often harvested to make necklaces. The stalks are used as links.	</li><li>ឈ្មោះគុម្ពព្រឹក្ស វារលើរុក្ខជាតិជិតខាងមួយប្រភេទដុះក្នុងព្រៃល្បោះនៃឥណ្ឌូចិន និងនៅប្រទេសឥណ្ឌា ។ ផ្កាពណ៌ ស តូចៗ ក្រអូប អាចបេះធ្វើកំរងបាន ។ ដើមគេអាចប្រើសំរាប់ធ្វើជាចំណង ចងវត្ថុផ្សេងៗ ។ 	</li><li><p-n>More Information	NK &nbsp;: voër chha’ ë:ng puëhs (liane squelette de serpent) &nbsp;វល្លិឆ្អឹងពស់	NOTE	ពេលមានពាក្យ (វល្លិ) (ស្មៅ) (ដើម) ក្នុងវង់ក្រចកខាងក្រោយនាម រុក្ខជាតិ ត្រូវអានពាក្យនោះខាងមុខនាមវិញ។</p-n></li></ul>
វល្លិជម្ពូ 	CISSUS (Vitaceae) 	Cissus rheifolia Planch.	<ul><li>Shrub, 1-2 m tall, climbing or branching, of clear forest, met in Thailand, Cambodia, Laos and Vietnam. The sap passing by the split stalk is considered as a soft drink.	</li><li>ឈ្មោះគុម្ពព្រឹក្សមួយប្រភេទ កំពស់ ១-២ម ស្ទើវារ ឬជាវល្លិវារឡើងដើមឈើដុះក្នុងព្រៃស្រោង នៃប្រទេសខ្មែរ ថៃ លាវ និងវៀតណាម ។ គេកាត់មែកធំៗខ្លះ ដើម្បីយកជ័រ (រុក្ខរស) ជាភេសជ្ជៈដែលធ្វើឱ្យត្រជាក់ ។	</li><li><p-n>More Information	NK : voë (lli) chumpu: &nbsp;វល្លិជម្ពូ	NOTE	ពេលមានពាក្យ (វល្លិ) (ស្មៅ) (ដើម) ក្នុងវង់ក្រចកខាងក្រោយនាម រុក្ខជាតិ ត្រូវអានពាក្យនោះខាងមុខនាមវិញ។</p-n></li></ul>
វល្លិជម្ពូព្រៃ	MALLOTUS (Euphorbiaceae)	Mallotus repandus Müll. Arg.	<ul><li> Shrub, often climbing liana. 7-10 m long, of the secondary formations or edges of dense forests of Southeast Asia. The wood is used to make charcoal for powder.	</li><li>វល្លិនេះ ជាចុល្លព្រឹក្សធំម្យ៉ាងប្រវែង ៧-១០ម ដុះក្នុងព្រៃល្បោះ ឬតាមដងព្រៃជ្រៅនៅអាស៊ីផ្នែកអាគ្នេយ៍ ។ ខ្លឹមឈើ វល្លិជម្ពូព្រៃ គេដុតធ្វើធ្យូងដើម្បីផ្សំធ្វើរំសេវ ។	</li><li><p-n>More Information	NK &nbsp;: &nbsp;chumpu préi (voër) &nbsp;ជម្ពូព្រៃ (វល្លិ)	NOTE	ពេលមានពាក្យ (វល្លិ) (ស្មៅ) (ដើម) ក្នុងវង់ក្រចកខាងក្រោយនាម រុក្ខជាតិ ត្រូវអានពាក្យនោះខាងមុខនាមវិញ។</p-n></li></ul>
(វល្លិ) ជ័របាញ់	BEAUMONTIA (Apocynaceae)	Beaumontia murtonii Craib	<ul><li>Ligneous liana climbing 25-30m long growing in secondary forest in South East Asia. The timber yields a white latex which is used to poison the arrow for hunting.	</li><li>ដើមនេះជាវល្លិធំ ដែលវារលើដើមឈើខ្ពស់រហូត ២៥-៣០ម ពីដី ក្នុងព្រៃស្រោង ឬព្រៃល្បោះនៃអាស៊ីផ្នែកអាគ្នេយ៍ ។ ដើមជ័របាញ់មានបញ្ចេញជ័រពណ៌ស សម្រាប់លាបព្រួញបាញ់សត្វព្រៃ ។	</li><li><p-n>More Information	Syn. : Beaumontia fragrans Pierre ex Pit.</p-n></li></ul>
វល្លិជ្រៃជួ្រយ	@វល្លិអង្កត់ក្រហម	CHONEMORPHA (Apocynaceae)	Chonemorpha macrantha Pit.	<ul><li>Ligneous liana, climbing on the trees, met in the forests of Indochina, Bark used to make ropes.	</li><li>វល្លិនេះមានមែករឹង ជាវល្លិវារឡើងដើមឈើធំៗ ។ វល្លិនេះមានដុះក្នុងព្រៃឥណ្ឌូចិន ។ សសៃសំបកជាប់ណាស់ គេប្រើសម្រាប់វេញខ្សែ ។	</li><li><p-n>More Information	NK : voë (lli) chréi chrü:ëy, voë (lli) âng kât’ krâhâ:m &nbsp;វល្លិជ្រៃជ្រួយ, វល្លិអង្កត់ ក្រហម	NOTE	ពេលមានពាក្យ (វល្លិ) (ស្មៅ) (ដើម) ក្នុងវង់ក្រចកខាងក្រោយនាម រុក្ខជាតិ ត្រូវអានពាក្យនោះខាងមុខនាមវិញ។</p-n></li></ul>
(វល្លិ) ដៃខ្មោច	CISSUS (Vitaceae) 	Cissus adnata Roxb.	<ul><li>Ligneous liana, climbing, of degraded formations in tropical Asia. Plant used to cast or remove a spell. 	</li><li>ឈ្មោះវល្លិម្យ៉ាង ក្នុងសន្តានវល្លិកំបោ មែករឹងប៉ុនកដៃ ដុះក្នុងព្រៃរបោះ ក្នុងទ្វីបអាស៊ីក្ដៅ ។ គ្រូមន្តអាគមប្រើដើមនេះ សម្រាប់ធ្វើឧបកិច្ច និងរូបក្រមួន ឬសម្រាប់ដោះអំពើឧបកិច្ច ។	</li><li><p-n>More Information	NK : voë (lli) dai khmâ:ôch (liane bras du fantôme) &nbsp;(វល្លិ) ដៃខ្មោច	NOTE	ពេលមានពាក្យ (វល្លិ) (ស្មៅ) (ដើម) ក្នុងវង់ក្រចកខាងក្រោយនាម រុក្ខជាតិ ត្រូវអានពាក្យនោះខាងមុខនាមវិញ។</p-n></li></ul>
(វល្លិ) ត្រចៀកទន្សាយ	ARGYREIA (Convolvulaceae)	Argyreia obtecta E.D. Clarke	<ul><li>Slender liana. ligneous at the base, climbing on the trees, found along the edges of forest in Cambodia. Laos and Vietnam. The stalk is very elastic and used to bind bundle of sticks together.	</li><li>ជាវល្លិម្យ៉ាងដុះនៅមាត់ព្រៃក្នុងប្រទេសកម្ពុជា លាវ និងវៀតណាម។ ដើមវាទន់ ហើយជាប់ល្អ គេទុកសំរាប់ចងអុស។	</li><li><p-n>More Information	NK : trâchiëk tunsa:y (voër) (liane oreille du lièvre, allusion à la forme des feuilles) ត្រចៀកទន្សាយ (វល្លិ)	NOTE	ពេលមានពាក្យ (វល្លិ) (ស្មៅ) (ដើម) ក្នុងវង់ក្រចកខាងក្រោយនាម រុក្ខជាតិ ត្រូវអានពាក្យនោះខាងមុខនាមវិញ។</p-n></li></ul>
(វល្លិ) ត្រស់ 	COMBRETUM (Combretaceae) 	Combretum trifoliatum Vent.	<ul><li>Climbing or climbing shrub of the secondary formations of Southeast Asia, plentiful in the wet places. Plant used in traditional medicine: the sap, obtained by splitting the stalk, is drunk to cure dysentery. The fruits, roasted then reduced to a paste, are mixed with palm sugar, and used to make balls chewed to tone up the gums and curing pharyngitises. The root is part of a remedy against women gonorrhea.	</li><li>ឈ្មោះគុម្ពព្រឹក្សស្ទើវារ ឬវារឡើងដើមឈើ ដុះក្នុងព្រៃស្រោង នៅអាស៊ីផ្នែកអាគ្នេយ៍ ច្រើនដុះលើដីសើម ។ ជារុក្ខជាតិ ប្រើធ្វើថ្នាំរម្ងាប់រោគ ។ ជ័រ ចេញពីមែកកាត់ គេផឹកដើម្បីឱ្យជាជម្ងឺរាគមួល ។ ផ្លែគេយកទៅលីង ហើយបុកឱ្យម៉ត់ លាយជាមួយស្ករត្នោត សម្រាប់ពូតទំពារជាថ្នាំធ្វើអោយជើងធ្មេញជាប់បានល្អ និងសម្រាប់ព្យាបាលរោគបំពង់ក ឬសផ្សំជាមួយថ្នាំ ដទៃខ្លះៗ សម្រាប់ព្យាបាលរោគប្រមេះស្រ្តី ។	</li><li><p-n>More Information	NK : (voër) trâhs’ &nbsp;(វល្លិ)ត្រស់	NOTE	ពេលមានពាក្យ (វល្លិ) (ស្មៅ) (ដើម) ក្នុងវង់ក្រចកខាងក្រោយនាម រុក្ខជាតិ ត្រូវអានពាក្យនោះខាងមុខនាមវិញ។</p-n></li></ul>
វល្លិត្រី	ICHNOCARPUS (Apocynaceae) 	Ichnocarpus frutescens (L.) R. Br.	<ul><li>Shrub, 1-2 m tall, much climbing, growing at riversides of tropical Asia. The barks are used to make traps, bind fishing dams and fences. Leaves, stalks and roots used in Indian traditional medicine against different diseases (fever, dysentery...).	</li><li>វល្លិត្រី ជាចុល្លព្រឹក្ស បែកមែកសាខាមិនពិតជាវល្លិទេ មានកំពស់ ១-២ម ដុះតាមមាត់ទឹកសាបនៅអាស៊ីក្តៅ ។ សំបក គេប្រើការសម្រាប់ធ្វើលបដាក់ត្រី ឬចងចំណងធ្វើរបាំងទឹកចាប់ត្រី ឬចងរបងផ្ទះ ។ នៅប្រទេសឥណ្ឌា ដើមវល្លិត្រីគេប្រើធ្វើឱសថ រម្ងាត់រោគផ្សេងៗ ដូចជាជម្ងឺរាគ និងគ្រុនជាដើម ។ 	</li><li><p-n>More Information	NK &nbsp;: (voër) trèi (liane poisson, allusion sans doute à l’abondance de poissons qui s’abritent sous ses ramifications) &nbsp;(វល្លិ) ត្រី	NOTE	ពេលមានពាក្យ (វល្លិ) (ស្មៅ) (ដើម) ក្នុងវង់ក្រចកខាងក្រោយនាម រុក្ខជាតិ ត្រូវអានពាក្យនោះខាងមុខនាមវិញ។</p-n></li></ul>
(វល្លិ) ត្រោក	VENTILAGO (Rhamnaceae) 	Ventilago harmandiana Pierre	<ul><li>Shrub climbing in the trees of the secondary formations of the Indochinese Peninsula. In Cambodia, the decoction of roots gives a drink to treat the diseases of the urinary tracts.	</li><li>ឈ្មោះវល្លិធំមួយប្រភេទវារឡើងដើមធំៗ ក្នុងព្រៃល្បោះនៃឧបទ្វីបឥណ្ឌូចិន ។ នៅប្រទេសខ្មែរគ្រូបុរាណតែងស្ងោរ   ឬសព្យាបាលជំងឺគ្រឿងនោម ។	</li><li><p-n>More Information	NK &nbsp;: (voër) traôk &nbsp;(វល្លិ) ត្រោក	NOTE	ពេលមានពាក្យ (វល្លិ) (ស្មៅ) (ដើម) ក្នុងវង់ក្រចកខាងក្រោយនាម រុក្ខជាតិ ត្រូវអានពាក្យនោះខាងមុខនាមវិញ។</p-n></li></ul>
វល្លិត្អើក	MERREMIA (Convolvulaceae)	Merremia hederacea (Burm. f.) Hallier f. 	<ul><li>Climbing or crawling herb of the wet places of tropical Asia, often cultivated to decorate the fences. In traditional medicine, the seeds are used as diuretics and against dysentery.	</li><li>ឈ្មោះវល្លិឆ្មារមួយប្រភេទ វារលើដី ឬវារតោង វត្ថុជិតខាង ដុះលើដីសើម នៃអាស៊ីផ្នែកក្តៅ ពេលខ្លះគេដាំលើរបង ជាលំអ ។ គ្រាប់ប្រើធ្វើថ្នាំនោមច្រើន និងសំរាប់ព្យាបាលរោគមួល ។	</li><li><p-n>More Information	Syn. : Ipomoea chryseides Ker Gauler</p-n></li></ul>
(វល្លិ) ថ្លែន	VENTILAGO (Rhamnaceae) 	Ventilago madraspatana Gaertn.	<ul><li>Shrub, climbing rather high in the trees of the dense and secondary forests of tropical Asia. The bark gives a red dye used to colour the fabrics.	</li><li>វល្លិធំម្យ៉ាងវារឡើងឈើខ្ពស់ ក្នុងព្រៃក្រាស់នឹងព្រៃល្បោះនៃអាស៊ីផ្នែកក្តៅ ។ សំបកជាថ្នាំជ្រលក់សំពត់ឱ្យពណ៌ក្រហម ។	</li><li><p-n>More Information	Syn. : Ventilago calyculata Tul.</p-n></li></ul>
វល្លិទាស់ព្រៃ	GYMNEMA (Asclepiadaceae)	Gymnema sylvestre (Retz.) R. Br.	<ul><li>Pubescent liana, climbing on the shrubs, the undergrowth and the hedges of the villages of Southeast Asia. In traditional medicine, the leaves would be laxative. They would stimulate also the heart and would tone up the womb.	</li><li>វល្លិទាស់ព្រៃ ជាវល្លិមានរោមវារឡើងលើចុល្លព្រឹក្សជិតខាងក្នុងព្រៃគុម្ពោត និងរបងភូមិ នៃទ្វីបអាស៊ីផ្នែកអាគ្នេយ៍ ។ គ្រូបុរាណយកស្លឹកធ្វើថ្នាំបញ្ចុះ និង ធ្វើថ្នាំលើកកម្លាំងបេះដូង និងស្បូន ។	</li><li><p-n>More Information	NK &nbsp;: (voër) toëhs prei (liane remède sauvage) &nbsp;(វល្លិ) ទាស់ព្រៃ	NOTE	ពេលមានពាក្យ (វល្លិ) (ស្មៅ) (ដើម) ក្នុងវង់ក្រចកខាងក្រោយនាម រុក្ខជាតិ ត្រូវអានពាក្យនោះខាងមុខនាមវិញ។</p-n></li></ul>
វល្លិទាស់ ស៊ីស្លឹក	GYMNEMA (Asclepiadaceae)	Gymnema reticulata (Moon) Alston	<ul><li>Strong liana, 4-6 m long, of the dense forests of Southeast Asia. The young bitter leaves can be used to flavor the fish dishes. In traditional medicine, they are used as emetic (to make vomit) after food poisonings as well as laxative.	</li><li>ឈ្មោះវល្លិធំម្យ៉ាង ប្រវែង ៤-៦ម ដុះក្នុងព្រៃជ្រៅនៃប្រទេសអាស៊ីផ្នែកអាគ្នេយ៍ ។ ស្លឹកខ្ចីៗ ល្វីងអាចធ្វើជាបន្លែបាន សម្រាប់បរិភោគជាមួយត្រី ។ គ្រូថ្នាំបុរាណប្រើស្លឹកល្វីងនេះ ធ្វើឱ្យក្អួតពេលទាស់ចំណី និង ជាថ្នាំបញ្ចុះ ។	</li><li><p-n>More Information	NK &nbsp;: &nbsp;(voër) toëhs si slôk (liane remède à feuilles comestibles) &nbsp;(វល្លិ) ទាស់ ស៊ីស្លឹក	NOTE	ពេលមានពាក្យ (វល្លិ) (ស្មៅ) (ដើម) ក្នុងវង់ក្រចកខាងក្រោយនាម រុក្ខជាតិ ត្រូវអានពាក្យនោះខាងមុខនាមវិញ។</p-n></li></ul>
វល្លិទៀន	HOYA (Asclepiadaceae)	Hoya parasitica (Roxb.) Wall. ex Wight	<ul><li>Liana, epiphyte on the trees or shrubs of the clear forests of the Indochinese Peninsula and India. The leaves are used, in application, to treat cuts.	</li><li>ឈ្មោះវល្លិម្យ៉ាងដុះលើមែកព្រឹក្ស ឬចុល្លព្រឹក្សក្នុងព្រៃស្រោង នៃឧបទ្វីបឥណ្ឌូចិន និងនៅកោះ Java (Indonésie) ។ ស្លឹកសម្រាប់ព្យាបាល ដំបៅ និងស្នាមមុតកាំបិត ពូថៅ។	</li><li><p-n>More Information	NK &nbsp;&nbsp;: &nbsp;(voër) tiën (liane bougie, allusion à la forme du fruit) &nbsp;(វល្លិ) ទៀន	NOTE	ពេលមានពាក្យ (វល្លិ) (ស្មៅ) (ដើម) ក្នុងវង់ក្រចកខាងក្រោយនាម រុក្ខជាតិ ត្រូវអានពាក្យនោះខាងមុខនាមវិញ។</p-n></li></ul>
វល្លិធ្មេញត្រី	BRIDELIA (Euphorbiaceae)	Bridelia cambodiana Gagnep.	<ul><li>Ligneous liana, creeping, growing in clearings and dense forest edges. Endemic species in Cambodia. The stalk is one of the component of a remedy against dysentery. Ligneous liana, creeping, growing in clearings and dense forest edges. Endemic species in Cambodia. The stalk is one of the component of a remedy against dysentery.	</li><li>ធ្មេញត្រីជាវល្លិវារលើដើមឈើ ក្នុងព្រៃល្បោះ ឬមាត់ព្រៃក្រាស់ ។ ពូជនេះមានតែក្នុងស្រុកខ្មែរទេ ។ គេយកដើមវា ផ្សំថ្នាំព្យាបាលជំងឺមួល ។	</li><li><p-n>More Information	NK : voër thmé:nh tréi (liane dent de poisson, allusion aux feuilles dentelées) វល្លិធ្មេញត្រី	NOTE	ពេលមានពាក្យ (វល្លិ) (ស្មៅ) (ដើម) ក្នុងវង់ក្រចកខាងក្រោយនាម រុក្ខជាតិ ត្រូវអានពាក្យនោះខាងមុខនាមវិញ។</p-n></li></ul>
វល្លិនោមដំរី	@ វល្លិត្រចៀកក្រាស់	HOYA (Asclepiadaceae)	Hoya kerrii Craib	<ul><li>Liana, epiphyte on trees of the dense or secondary forests of the Indochinese Peninsula and Java. The latex is used to heal cuts due to cutting tools.	</li><li>វល្លិនោមដំរី ដុះជាបញ្ញើក្អែក លើមែកឈើក្នុងព្រៃធំ ឬព្រៃល្បោះ នៃឧបទ្វីបឥណ្ឌូចិន និងនៅកោះ Java (Indonésie) ។ ជ័រសម្រាប់លាបស្នាមមុខកាំបិត ពូថៅ។	</li><li><p-n>More Information	NK &nbsp;: (voër) nô:m dâmrèi (liane urine d’éléphant) ; (voër) trâchiëk krahs (liane oreille épaisse, allusion à la forme des feuilles) &nbsp;(វល្លិ) នោមដំរី, (វល្លិ) ត្រចៀកក្រាស់	NOTE	ពេលមានពាក្យ (វល្លិ) (ស្មៅ) (ដើម) ក្នុងវង់ក្រចកខាងក្រោយនាម រុក្ខជាតិ ត្រូវអានពាក្យនោះខាងមុខនាមវិញ។</p-n></li></ul>
វល្លិប៉ប្រើស	HETEROSMILAX (Smilacaceae)	Heterosmilax paniculata Gagnep.	<ul><li>Climbing hard liana of the dense forests of altitude, between 500 and 1200 m, in Cambodia and Southern Vietnam. The buds are appreciated as vegetables. The stalks are sometimes used as links.	</li><li>វល្លិនេះមានធាតុរឹង វារឡើងមកឈើព្រៃក្រាស់លើភ្នំដែលខ្ពស់ ពី៥០០ទៅ ១២០០ម នៃប្រទេសកម្ពុជា និង វៀត- ណាមខាងត្បូង។ ពន្លកមែក ខ្ចីៗ អាចបរិភោគជាបន្លែបាន ។ ដើមសម្រាប់ធ្វើខ្សែចងរបស់ផ្សេងៗ។	</li><li><p-n>More Information	NK &nbsp;&nbsp;: (voër) pâprëhs &nbsp;(វល្លិ) ប៉ប្រើស	NOTE	ពេលមានពាក្យ (វល្លិ) (ស្មៅ) (ដើម) ក្នុងវង់ក្រចកខាងក្រោយនាម រុក្ខជាតិ ត្រូវអានពាក្យនោះខាងមុខនាមវិញ។</p-n></li></ul>
(វល្លិ) បាយដំណើប	ACACIA (Leguminosae-Mimosoideae)	Acacia thailandica I.C. Nielsen 	<ul><li>Climbing or sprawling shrub with spiny stems growing in permanent or seasonal freshwater forest in Thailand and Cambodia. The young leaves are eaten in salads. Stalks used as firewood.	</li><li>ជាចុល្លព្រឹក្ស ជួនកាលជាវល្លិ មានបន្លាជាច្រើនវារឡើងដើមឈើ ។ វល្លិបាយដំណើប ច្រើនដុះនៅជុំវិញទន្លសាប ក្នុងវាលដីខ្សាច់ ដែលមានឧព្វេធទាបក្នុងប្រទេសកម្ពុជា និងប្រទេសសៀម។ ស្លឹកខ្ចីៗ អាចធ្វើបន្លែ ឬរបោយបាន។ មែកធាង គេរើសដុតជាឧស ។	</li><li><p-n>More Information	NK : (voër) ba:y dämnoëb (riz gluant liane, allusion aux épines collantes) (វល្លិ) បាយដំណើប	NOTE	ពេលមានពាក្យ (វល្លិ) (ស្មៅ) (ដើម) ក្នុងវង់ក្រចកខាងក្រោយនាម រុក្ខជាតិ ត្រូវអានពាក្យនោះខាងមុខនាមវិញ។</p-n></li></ul>
វល្លិប្រាក់កាក់ 	DISCHIDIA (Asclepiadaceae)	Dischidia minor (Vahl) Merr.	<ul><li>Herbaceous liana with slender stalk fixed by its roots to the trunks of trees and shrubs of the clear tropical forests of Asia and Australia. Plant sometimes cultivated in jar. The complete plant is used, in association with other drugs, to prepare fortifying infusions and remedies against smallpox. 	</li><li>វល្លិប្រាក់កាក់ ជាវល្លិឆ្មារផ្ញើប្រាណ លើដើមឈើក្នុងព្រៃល្បោះនៅអាស៊ី និងអូស្ត្រាលីក្ដៅ ។ វល្លិនេះចាក់ឬសភា្ជប់ ដូចកៅស៊ូទៅលើដើមឈើ ។ គេនិយមដាំវល្លិប្រាក់កាក់ជិតផ្ទះជាលំ ។ គ្រូបុរាណប្រើវល្លិប្រាក់កាក់ផ្សំជាមួយ រុក្ខជាតិ ដទៃទៀត ធ្វើឱសថសម្រាប់លើកកម្លាំង និងព្យាបាលជម្ងឺអុត ។	</li><li><p-n>More Information	Syn. &nbsp;: Dischidia nummularia Hook.f.</p-n></li></ul>
(វល្លិ) ផោម	PAEDERIA (Rubiaceae) 	Paederia scandens (Lour.) Merr.	<ul><li>Ligneous liana, slightly climbing, of the clear formations of Southeast Asia. The young leaves, although of unpleasant smell, can be eaten as vegetables. The stalks and the grown-up leaves, associated to the fruits of &quot;sangkaè&quot; (Combretum quadrangulare) are used in traditional medicine, against intestinal parasites. The leaves alone, crushed or ground, are used in poultice, against the dislocations.	</li><li>ឈ្មោះវល្លិ រឹងម្យ៉ាងពេលខ្លះវារលើដើមឈើក្នុងព្រៃស្រោង នៃអាស៊ីផ្លែអាគ្នេយ៍ ។ ស្លឹកខ្ចីៗមានក្លិនអាក្រក់ តែអាច បរិភោគជាបន្លែបាន ។ មែក និងស្លឹកចាស់ៗ លាយជាមួយគ្រាប់សង្កែ គេប្រើសម្រាប់ធ្វើថ្នាំរម្ងាប់ព្រូន។ ស្លឹក បុក ឱ្យម៉ត់សម្រាប់ធ្វើថ្នាំបំពោកព្យាបាល ជម្ងឺភ្លាត់ឆ្អឹង ។	</li><li><p-n>More Information	NK &nbsp;: &nbsp;(voër) phaôm (liane pet) &nbsp;(វល្លិ) ផោម	NOTE	ពេលមានពាក្យ (វល្លិ) (ស្មៅ) (ដើម) ក្នុងវង់ក្រចកខាងក្រោយនាម រុក្ខជាតិ ត្រូវអានពាក្យនោះខាងមុខនាមវិញ។</p-n></li></ul>
វល្លិភ្លូ	@វល្លិភ្លូបាត	CYCLEA (Menispermaceae)	Cyclea peltata (DC) Hook. &amp; Thwaites	<ul><li>Climbing liana, slightly ligneous, slender stalk, of the dense or degraded forests of Cambodia and Vietnam. The stalks are chewed. In traditional medicine, the roots are considered diuretics and purifying. They are also a component of a remedy against &quot;khlan&quot; (hernia), and in particular for the treatment of haemorrhoids.	</li><li>ឈោ្មះវល្លិវារលើដើមឈើរឹងតិចៗ មានរាងតូចដុះក្នុងព្រៃក្រាស់ ឬព្រៃស្រោង នៃប្រទេសកម្ពុជា និងវៀតណាម ។ គេអាចយកដើមស៊ីដូចស្លាបាន ។ គ្រូបុរាណប្រើឬសសម្រាប់ធ្វើថ្នាំឱ្យនោមច្រើន និងសំអាតឈាម ។ គេយកឬសលាយជាមួយ ដើមដទៃទៀត ដើម្បីធ្វើឱសថព្យាបាលជម្ងឺក្លនលូន និងឬសដូងបាត ។	</li><li><p-n>More Information	Syn. : Cocculus peltatus DC.</p-n></li></ul>
វល្លិមហាមេឃ	MERREMIA (Convolvulaceae)	Merremia vitifolia (Burm. f.) Hallier f.	<ul><li>Large climbing liana, up to 25 m long, with slender stalk, diameter less than 2 cms, of the open formations of Indian peninsula, Indochina, and Indonesia. In traditional Khmer medicine the infusion of stalks is used, internaly and externaly, to treat smallpox and malaria.	</li><li>ឈ្មោះវល្លិធំម្យ៉ាងវារឡើងរុក្ខជាតិជិតខាងប្រវែងរហូតដល់ ២៥ម តែដើមមានវិជ្ឈមាត្រមិនលើសពី ២ស.ម ទេ ដុះក្នុងព្រៃល្បោះ ឬព្រៃស្រោងនៃឧបទ្វីបឥណ្ឌូចិន ឥណ្ឌា និងប្រទេសឥណ្ឌូណេស៊ី ។ គ្រូថ្នាំបុរាណ ឆុងដើមសំរាប់ព្យាបាលជំងឺ អ៊ុតធំ និងគ្រុនចាញ់ ។	</li><li><p-n>More Information	Syn. : Ipomoea vitifolia Sw.</p-n></li></ul>
វល្លិមាស	CASSYTHA (Lauraceae)	Cassytha filiformis L.	<ul><li>Herbaceous liana, parasite, very slender stalks, interlaced, filiform, winding on the branches of shrubs or of trees; inexistent leaves or reduced to scales, met in the tropical regions of Asia and Africa. The stalks can give an excellent brown dye. All the parts of the plant contain a sticky mucilage that, mixed with lime powder, give a mastic used to seal the boats. In Cambodia, this species is used in traditional medicine against the lung diseases. The juice, in times of scarcity (1975-79) was used as shampoo.	</li><li>វល្លិមាសជាវល្លិល្អិតមួយរស់ដោយសារគេ មែកតូចដូចខ្សែរអំបោះ វារពាត់ជុំវិញមែករុក្ខជាតិ ដែលអាចជាចុល្លព្រឹក្ស គុម្ពព្រឹក្ស ឬព្រឹក្ស ។ វល្លិនេះមាននៅគ្រប់ប្រទេសអាស៊ី និងអាហ្វ្រិកក្ដៅ ។ គេអាចយកវល្លិនេះធ្វើថ្នាំជ្រលក់សំពត់ អាវ ឱ្យពណ៌ក្រមៅ ។ រុក្ខជាតិវល្លិមាសមានជ័រស្អិត ដែលគេតែងលាយជាមួយកំបោរ សង់ផ្ទះ សម្រាប់ធ្វើ “ ដីលែង ” (mastic) ដើម្បីបិទប្រហោងទូក ។ នៅប្រទេសខ្មែរយើង គ្រូថ្នាំយកវល្លិមាស ធ្វើឱសថព្យាបាលជម្ងឺសួត ។ 	</li><li><p-n>More Information	NK : voër miëhs (liane d’or) &nbsp;វល្លិមាស	NOTE	ពេលមានពាក្យ (វល្លិ) (ស្មៅ) (ដើម) ក្នុងវង់ក្រចកខាងក្រោយនាម រុក្ខជាតិ ត្រូវអានពាក្យនោះខាងមុខនាមវិញ។</p-n></li></ul>
វល្លិមៀន	@ជើងតុកែដើម, @កំប្រុញ	HEGNERA (Leguminosae-Papilionoiceae)	Hegnera obcordata (Miq.) Schindl.	<ul><li>Crawling or climbing sub-shrub, or shrub, 3-4 m tall, of the undergrowth of the dense forests, or in the secondary formations of the Indochinese Peninsula, Sumatra and Java. Decorative species, which may also be used for roofing. In traditional Cambodian medicine, the crushed leaves are applied on the cutaneous eruptions.	</li><li>ឈ្មោះចុល្លព្រឹក្សមួយប្រភេទវារលើដី ឬលើដើមឈើ ឬមួយដុះត្រង់ឡើងលើ កំពស់ ៣-៤ម ដុះក្រោមម្លប់ឈើធំៗ  នៃព្រៃក្រាស់ ឬព្រៃស្រោង មានដុះក្នុងឧបទ្វីបឥណ្ឌូចិន លើកោះ Sumatra និង Java នៃប្រទេសឥណ្ឌូណេស៊ី ។ គេអាចដាំវល្លិមៀនជាលំអ ឬ សម្រាប់ការពារដីវាល ។ គ្រូថ្នាំយកស្លឹកបុកឱ្យល្អិតព្យាបាលជម្ងឺបូស។	</li><li><p-n>More Information	Syn. &nbsp;: Desmodium obscordatum (Miq.) Kurz</p-n></li></ul>
វល្លិម្ទេសព្រៃ	MUSSAENDA (Rubiaceae) 	Mussaenda cambodiana Pierre ex Pit.	<ul><li>Climbing or slightly climbing shrub, 1-3 m long, on edges of dense forests of Cambodia, Laos, Vietnam and Thailand. The young leaves are eaten in the &quot;sâmlâ&quot;. In traditional medicine, the flowers are used, in external use against the cutaneous diseases. Internally, they are used against different diseases: cough, asthma. fever, abdominal tumor.	</li><li>ឈ្មោះគុម្ពព្រឹក្សជាវល្លិឬស្ទើវល្លិមួយប្រភេទ ប្រវែង១-៣ម ដុះតាមមាត់ព្រៃធំនៃប្រទេសខ្មែរ លាវ វៀតណាម និងថៃ ។ ស្លឹកខ្ចីៗ ប្រើធ្វើបន្លែសម្លបាន។ គ្រូថ្នាំបុរាណប្រើផ្កាធ្វើថ្នាំលាបជំងឺស្បែក ។ គេស្ងោរផ្កាផឹកព្យាបាលជំងឺផ្សេងៗ ដូចជា ក្អក រោគហឺត គ្រុន, ដុះពក ឈឺក្នុងពោះជាដើម ។	</li><li><p-n>More Information	NK &nbsp;: (voër) mtés préi (liane piment sauvage) (វល្លិ) ម្ទេសព្រៃ	NOTE	ពេលមានពាក្យ (វល្លិ) (ស្មៅ) (ដើម) ក្នុងវង់ក្រចកខាងក្រោយនាម រុក្ខជាតិ ត្រូវអានពាក្យនោះខាងមុខនាមវិញ។</p-n></li></ul>
វល្លិយាវ	STRYCHNOS (Loganiaceae) 	Strychnos axillaris Colebr. 	<ul><li>Ligneous liana, long 5-20 m tall, rarely erected shrub, of the dense and clear forests of tropical Asia and Australia, with leaves having hooks or thorns. The solidity and the flexuosity of the stalks allow their use as ropes. The roots are colouring.	</li><li>វល្លិយាវ ជាវល្លិមួយប្រភេទប្រវែង៥-២០ម ដុះក្នុងព្រៃស្រោង ឬព្រៃធំនៃអាស៊ី និងអូស្ត្រាលីក្តៅ ។ ដើមវល្លិយាវ មានទំពក់និង បន្លាច្រើន មានមែកជាប់ល្អ តែអាចពត់បានគេអាចប្រើធ្វើខ្សែ ឬចំណងផ្សេងៗ ។ គេបុកសំបកជ្រលក់សំពត់ ។	</li><li><p-n>More Information	Syn. &nbsp;: Strychnos ridleyi auct. non King &amp; Gamble</p-n></li></ul>
(វល្លិ) រមៀត 	TERAMNUS (Leguminosae-Papilionoideae) 	Teramnus labialis (L.f.) Spreng. 	<ul><li>Climbing, hairy herb, of the sunny places of Asia and Africa. The yellowish root, evoking saffron, gives a yellow dye and would be medicinal.	</li><li>ឈ្មោះស្មៅវារលើដី, មានរោមច្រើនដុះលើទីវាលមានថ្ងៃ នៃទ្វីបអាស៊ី និងអាហ្វ្រិក ។ ឬសពណ៌លឿងដូចរមៀត អាច ជាថ្នាំជ្រលក់សំពត់បាន ។ គេប្រើឬសសំរាប់រម្ងាប់រោគផ្សេងៗ ។  	</li><li><p-n>More Information	NK &nbsp;: (voër) romiët (liane safran) &nbsp;(វល្លិ​) រមៀត	NOTE	ពេលមានពាក្យ (វល្លិ) (ស្មៅ) (ដើម) ក្នុងវង់ក្រចកខាងក្រោយនាម រុក្ខជាតិ ត្រូវអានពាក្យនោះខាងមុខនាមវិញ។</p-n></li></ul>
វល្លិរមៀត	FIBRAUREA (Menispermaceae)	Fibraurea tinctoria Lour.	<ul><li>Large ligneous liana, 10-30 m long, reaching the summit of trees of the dense forests, met in Indochina, in the Malay peninsula and Java (Indonesia). The wood gives a yellow colouring used to dye the fishing nets and fabrics. It is also used as lumber.	</li><li>ឈ្មោះវល្លិធំ ប្រវែង ១០ទៅ៣០ម វារដល់លើកំពូលឈើធំៗ ក្នុងព្រៃជ្រៅនៅឧបទ្វីបឥណ្ឌូចិន និងជ្វា ។ ដើមនេះ  អោយជ័រពណ៌លឿង សម្រាប់ជ្រលក់សំពត់ និងសំណាញ់នេសាទ ។ ឈើអាចប្រើសង់ផ្ទះបាន ។	</li><li><p-n>More Information	NK &nbsp;: (voë(lli)) romië:t (liane safran des Indes) &nbsp;(វល្លិ) រមៀត	NOTE	ពេលមានពាក្យ (វល្លិ) (ស្មៅ) (ដើម) ក្នុងវង់ក្រចកខាងក្រោយនាម រុក្ខជាតិ ត្រូវអានពាក្យនោះខាងមុខនាមវិញ។</p-n></li></ul>
(វល្លិ) រមៀត ស	COMBRETUM (Combretaceae) 	Combretum latifolium Blume 	<ul><li>Ligneous liana, on edges of dense forests and of secondary formations of Indochina. The fruits are considered as astringent and tonic.	</li><li>ឈ្មោះវល្លិរឹងម្យ៉ាង ដុះតាមមាត់ព្រៃក្រាស ឬព្រៃល្បោះក្នុងឥណ្ឌូចិន ។ ផ្លែគេប្រើធ្វើថ្នាំលើកកម្លាំង និងឃាត់ (មិនឱ្យរាគជាដើម) ។	</li><li><p-n>More Information	NK : (voër) rômiët sâ: (liane safran blanc) (វល្លិ) រមៀត-ស	NOTE	ពេលមានពាក្យ (វល្លិ) (ស្មៅ) (ដើម) ក្នុងវង់ក្រចកខាងក្រោយនាម រុក្ខជាតិ ត្រូវអានពាក្យនោះខាងមុខនាមវិញ។</p-n></li></ul>
វល្លិស័ង្ឈរ	UNCARIA (Rubiaceae) 	Uncaria homomalla Miq.	<ul><li>Large ligneous liana, 10-20 m long, climbing on the trees of the flooded forests or the dense forests of Indochina, Indian regions and Malay Archipelago. Young leaves edible. Wood used in woodwork. 	</li><li>វល្លិស័ង្ឈរជាវល្លិធំប្រវែង១០-២០ម វារឡើងលើព្រឹកធំៗក្នុងព្រៃរនាមនឹងព្រៃលិចទឹក ឬព្រៃធំនៅឥណ្ឌូចិន ប្រទេសឥណ្ឌា និងប្រជុំកោះជ្វា ។ ស្លឹកខ្ចីប្រើជាបន្លែបាន ។ ឈើសំរាប់ធ្វើគ្រឿងឈើផ្សេងៗ ឬ តុ ទូ ។ 	</li><li><p-n>More Information	NK &nbsp;: sangkhoër (voër) &nbsp;ស័ង្ឈរ	NOTE	ពេលមានពាក្យ (វល្លិ) (ស្មៅ) (ដើម) ក្នុងវង់ក្រចកខាងក្រោយនាម រុក្ខជាតិ ត្រូវអានពាក្យនោះខាងមុខនាមវិញ។</p-n></li></ul>
(វល្លិ) សាវម៉ាវ	 PASSIFLORA (Passifloraceae) 	Passiflora foetida L.	<ul><li>Climbing herb, 2-10 m long, of the undergrowth and along the roads, of American origin, naturalized since in the whole Indochina. The ripe fruits are edible, eaten especially by the children. In times of scarcity (1975-1979), the young stalks and the boiled leaves were in demand to mix in the rice soup. In traditional medicine, the crushed fresh leaves are used against itches.	</li><li>ឈ្មោះវល្លិមួយប្រភេទកើតក្នុងទ្វីបអាមេរិក គេនាំយកមកដាំជាយូរណាស់ហើយក្នុងឥណ្ឌូចិន ។ វល្លិនេះប្រវែង ២-១០ ម ។ ផ្លែទុំបរិភោគជាចំណីចាស់ ក្មេង ។ ក្នុងពេលទុរិ្ភក្ស (១៩៧៥-១៩៧៩) ស្លឹក និងមែកខ្ចីៗ គេយកទៅស្ងោរលាយបបរ បរិភោគ ។ តាមក្បួនឱសថបុរាណ គេប្រើស្លឹកបុកឱ្យម៉ត់ ព្យាបាលការស្កៀបរមាស់ ។	</li><li><p-n>More Information	NK &nbsp;: (voër) saw maw (liane passiflore) (វល្លិ) សាវម៉ាវ	NOTE	ពេលមានពាក្យ (វល្លិ) (ស្មៅ) (ដើម) ក្នុងវង់ក្រចកខាងក្រោយនាម រុក្ខជាតិ ត្រូវអានពាក្យនោះខាងមុខនាមវិញ។</p-n></li></ul>
វល្លិស្រកាពង្រូល	DISCHIDIA (Asclepiadaceae)	Dischidia major (Vahl) Merr.	<ul><li>Herbaceous liana, fixed to the branches or the trunks of trees or shrubs of the clear forests of Indochina, Malaysia and Indonesia. The roots and the stalks are used in traditional medicine to treat cough. 	</li><li>ឈ្មោះវល្លិតូចម្យ៉ាង ផ្ញើប្រាណលើមែក ឬគល់ព្រឹក្ស និងចុល្លព្រឹក្សក្នុងព្រៃល្បោះនៅឥណ្ឌូចិន ប្រទេសជ្វា និងឥណ្ឌូ-ណេស៊ី ។ ដើមវល្លិទាំងមូល ព្រមទាំងឬស សម្រាប់ធ្វើថ្នាំរម្ងាប់រោគក្អក ។ 	</li><li><p-n>More Information	Syn. &nbsp;: Dischidia rafflesiana Wall.</p-n></li></ul>
វល្លិឡែឡ	@វល្លិដែក, @វល្លិខ្នាញ់	LYGODIUM (Schizeaceae, Fougères) 	Lygodium flexuosum Sw.	<ul><li>Climbing fern, 5-10 m long, of the secondary formations and open places of the tropical regions of the Ancient World. The whole plant is used, in traditional medicine, under the form of infusion, for the treatment of the gonorrhea. It would be also considered as favoring the milky secretion.	</li><li>ឈ្មោះបណ្ណង្គជាតិវារតោងមែកឈើមួយប្រភេទប្រវែង ៥-១០ម ដុះលើដីវាល ឬក្នុងព្រៃស្រោងនៃទ្វីបចាស់ផ្នែកកៅ្ដ។ គេប្រើដើមទាំងមូល ឆុងផឹករំងាប់រោគប្រមេះ និងធ្វើអោយមានទឹកដោះ សំរាប់នារីទើបសំរាលកូន ។	</li><li><p-n>More Information	NK &nbsp;: &nbsp;(voër) lèlâ, (voër) dèk. (voër) khmanh’ &nbsp;(វល្លិ) ឡែឡ, (វល្លិ) ដែក, (វល្លិ) ខ្នាញ់	NOTE	ពេលមានពាក្យ (វល្លិ) (ស្មៅ) (ដើម) ក្នុងវង់ក្រចកខាងក្រោយនាម រុក្ខជាតិ ត្រូវអានពាក្យនោះខាងមុខនាមវិញ។</p-n></li></ul>
វល្លិអង្គញ់	ENTADA (Leguminosae-Papilionoideae)	Entada pursaetha DC. subsp. pursaetha	<ul><li>Ligneous climbing liana, of the dense evergreen or decideous forests, widely spread in Africa, the Mascareignes islands, tropical Asia and Oceania. The young leaves are eaten as vegetables. The stalks, cut and macerated in water are used as shampoo. The cooked fruits are sometimes eaten. Barks used to make ropes and fishing nets. The seeds are used in a popular game during the New Year, and in a funeral rite after the cremation to simulate the kneecaps of the deceased. In Vietnam, they are used in traditional medicine to restore the drainage of blood after delivery.	</li><li>ឈ្មោះវល្លិធំមួយប្រភេទវារឡើងដើមឈើក្នុងព្រៃធំត្រជាក់ឥតជ្រុះស្លឹក ឬព្រៃធំមានជ្រុះស្លឹក នៃប្រទេសអាហ្វ្រិក កោះ Mascareignes និងទ្វីបអាស៊ី និង Oceanie ផ្នែកក្តៅ ។ ស្លឹកខ្ចីៗអាចបរិភោគជាបន្លែបាន ។ មែកកាត់តូចៗ ហើយត្រាំទឹកសម្រាប់ប្រើដូចសាប៊ូទុកលាងសក់ ។ ផ្លែឆ្អិនអាចបរិភោគបាន ។ គ្រាប់គេយកធ្វើគ្រាប់អង្គុញលេង ពេលបុណ្យចូលឆ្នាំ ពេលខ្លះគេប្រើគ្រាប់ក្នុងពិធីបុណ្យខ្មោច ដែលដុតហើយសម្រាប់ដាក់ជំនួសអង្គុញជង្គង់អ្នកដែលចូលមរណភាព ។ នៅប្រទេសវៀតណាម គ្រាប់គេប្រើជាថ្នាំឃាត់ឈាម ក្រោយពេលស្រ្តីសម្រាលកូនហើយ ។	</li><li><p-n>More Information	NF &nbsp;: liane sabre, liane de saint Thomas</p-n></li></ul>
(វល្លិ) អំព័រ (វល្លិ) សំព័រ	BAUHINIA (Leguminosae-Caesalpinioideae)	Bauhinia harmsiana Hosseus 	<ul><li>Big ligneous liana found along the edges of forest, sometimes in evergreen forest along the rivers in north west Cambodia and in the north and center of Thailand. Solid barks used to make strings.	</li><li>ជាវល្លិធំណាស់ ដុះតាមមាត់ព្រៃ ឬក្នុងព្រៃជ្រៅត្រជាក់តាមមាត់ទឹក នៃប្រទេសថៃ និងកម្ពុជា ។ សំបកគេតែងវិញធ្វើខ្សែពួរ ។	</li><li><p-n>More Information	NK : (voër) âmpoë, (voër) sâmpoë (វល្លិ) អំព័រ, (វល្លិ) សំព័រ	NOTE	ពេលមានពាក្យ (វល្លិ) (ស្មៅ) (ដើម) ក្នុងវង់ក្រចកខាងក្រោយនាម រុក្ខជាតិ ត្រូវអានពាក្យនោះខាងមុខនាមវិញ។</p-n></li></ul>
វល្លិអម្ពិល	ENTADA (Leguminosae-Papilionoideae)	Entada reticulata Gagnep.	<ul><li>Bushy shrub, 2-3 m tall, or climbing liana, met in the dry decideous or dense forests of Cambodia and Laos. The seeds would have the property to stop the bleedings. 	</li><li>ឈ្មោះចុល្លព្រឹក្សកំពស់២-៣ម បែកមែកសាខា ឬវល្លិវារឡើងដើមឈើដុះក្នុងព្រៃស្ងួតជ្រុះស្លឹក ឬព្រៃធំ នៃប្រទេស កម្ពុជា និង លាវ ។ គ្រាប់សម្រាប់ផ្សំធ្វើថ្នាំឃាត់ឈាម ។	</li><li><p-n>More Information	Syn. &nbsp;: Entada tamarindifolia Pierre ex Gagnep.</p-n></li></ul>
វល្លិអម្ពិល	DALBERGIA (Leguminosae-Papilionoideae) 	Dalbergia stipulacea Roxb.	<ul><li>Ligneous liana, climbing, sometimes umbrella shaped erected shrub, 4-8 m tall. Big fruits, 7-11 x 2-3 cm evoking those of the tamarind; species of Southeast Asia. The bark can replace areca nut in betel quid. The stalks are used to make links. The leaves give a black paint.	</li><li>វល្លិអម្ពិលជាវល្លិធំវារឡើងដើមឈើធំៗ ពេលខ្លះជាចុល្លព្រឹក្សកំពស់ ៤-៨ម ដុះក្នុងព្រៃស្រោង ឬព្រៃមាត់សមុទ្រនៃអាស៊ីអាគ្នេយ៍ ។ សំបកគេប្រើជំនួសស្លាបាន ។ ស្លឹកគេបុកជ្រលក់សំពត់ដូចមាកក្លឿ ។ ដើមគេធើ្វជាចំណងផ្សេងៗ ។	</li><li><p-n>More Information	NK : âmpül voë(lli) (liane-tamarin) &nbsp;អម្ពិល (វល្លិ)	NOTE	ពេលមានពាក្យ (វល្លិ) (ស្មៅ) (ដើម) ក្នុងវង់ក្រចកខាងក្រោយនាម រុក្ខជាតិ ត្រូវអានពាក្យនោះខាងមុខនាមវិញ។</p-n></li></ul>
វល្លិអម្ពិល	@វល្លិខ្នាយមាន់	DALBERGIA (Leguminosae-Papilionoideae) 	Dalbergia horrida (Dennst.) var. glabrescens (Prain) Thoth. &amp; K.K.N. Nair	<ul><li>Large ligneous liana reaching 30 m of length, sometimes high erected shrub 6-7 m tall, of sunny formations and of roadside, between 200 and 1800 m; species of China, Cambodia and Vietnam. In traditional medicine, the roots are used to treat vomiting and headaches. Stalk sometimes used for temporary buildings.	</li><li>ឈ្មោះវល្លិធំមួយប្រភេទ ប្រវែងរហូតដល់ ៣០ម ពេលខ្លះដុះជាចុល្លព្រឹក្សត្រង់ទៅលើកំពស់ ៦ទៅ៧ម ក្នុងព្រៃស្រោង ឬទីវាលតាមមាត់ផ្លូវលើដីទំនាប ឬលើភ្នំកំពស់ដល់១០០ម ។ វល្លិនេះដុះក្នុងប្រទេសចិនខាងត្បូង ខ្មែរ និងវៀត ណាម ។ គ្រូថ្នាំខ្មែរប្រើឬសវល្លិអម្ពិល ផ្សំធ្វើថ្នាំក្អួត និង ឈឺក្បាល ។	</li><li><p-n>More Information	Syn. : Dalbergia hancei Benth.</p-n></li></ul>
វល្លិអាឡ	@វល្លិរំសាយសក់	LYGODIUM (Schizeaceae, Fougères) 	Lygodium conforme C. Chr.	<ul><li>Small slightly climbing fern, of the open places of Cambodia, Laos and Vietnam. The stalks are used to make fish traps.	</li><li>ឈ្មោះបណ្ណង្គជាតិតូចឆ្មារមួយប្រភេទ ស្ទើវារ ឬជាវល្លិវារតោងមែកឈើតាមមាត់ព្រៃ នៃប្រទេសកម្ពុជា និង                    វៀតណាម ។ ដើមគេ ប្រើសំរាប់ធ្វើ លប ទ្រូ អង្រុត ។	</li><li><p-n>More Information	NK &nbsp;: &nbsp;(voër) alâ:, (voër) rumsa:y sâk (វល្លិ៍) អាឡ,(វល្លិ៍) រំសាយសក់	NOTE	ពេលមានពាក្យ (វល្លិ) (ស្មៅ) (ដើម) ក្នុងវង់ក្រចកខាងក្រោយនាម រុក្ខជាតិ ត្រូវអានពាក្យនោះខាងមុខនាមវិញ។</p-n></li></ul>
	-kra:y sâ: (kra:y, un poisson; sâ: blanc) ក្រាយស		<ul><li>	</li><li>					</li></ul>
(វល្លិ) ឪជ	@(វល្លិ) ត្រដិត, @(វល្លី) ទឹក	CAYRATIA (Vitaceae)	Cayratia trifolia (L.) Domin	<ul><li>Subligneous liana growing near houses, met in the Indochinese Peninsula, India, China and the Philippines. The complete plant, dried out on the fire, then boiled, gives an antifeverish decoction, used specially in case of measles. The infusions of roots would be diuretic. The plentiful sap, pouring from cut stalks, can be drunk.	</li><li>ដើមនេះជាវល្លិរឹងមួយប្រភេទដុះក្បែរផ្ទះ មានក្នុងឧពេ្វតឥណ្ឌូចិន ប្រទេសឥណ្ឌា ចិន និង Philippines។ ពេលកើត កញ្រ្ជិល និងពេលគ្រុន គេតែងយកវល្លិត្រដិត ដែលឆ្អើរហើយទុកដាំទឹកផឹក ។ ឬសសម្រាប់ស្ងោរផឹក ដើម្បីឱ្យនោមច្រើន។ ទឹកដែលចេញពីដើមកាត់ហើយអាចផឹកបាន។	</li><li><p-n>More Information	Syn. : Cayratia carnosa Gagnep.</p-n></li></ul>
វ៉ាន់ស៊ុយ 	CORIANDRUM (Umbelliferae)	Coriandrum sativum L.	<ul><li>Herb, known since the 15-th century B.C., in the Mediterranean regions, cultivated at present all over the world as condiment. The seeds are used to scent dishes and cakes. The oil extracted from the seeds would be efficient against cough and invigorating. 	</li><li>ឈ្មោះស្មៅមួយប្រភេទ ជាគ្រឿងទេស ។ គេស្គាល់វ៉ាន់ស៊ុយលើកដំបូង នៅប្រទេសជុំវិញសមុទ្រមេឌីទែរ៉ាណេ តាំងពី សតវត្សទី១៥ មុនកំណើតព្រះយេស៊ូ ។ ឥឡូវដើមវ៉ាន់ស៊ុយ មានដាំនៅគ្រប់ប្រទេសសកលលោក ។ គេប្រើគ្រាប់អប់នំ ឬម្ហូប ផ្សេងៗ ។ ប្រេងដែលបញ្ចេញពីគ្រាប់ សម្រាប់ ប្រើជាថ្នាំក្អក ឬថ្នាំលើកកម្លាំង ។	</li><li><p-n>More Information	NF : coriander</p-n></li></ul>
សក់សេះ	@អណ្ដូងប្រាំង	QUISQUALIS (Combretaceae)	Quisqualis indica L., var. indica	<ul><li>Shrub climbing on trees, originating from India, cultivated almost everywhere under the Tropics, in particular for the decoration of fences in gardens, because of the beauty of its red flowers. Young edible shoots. The seeds are considered as a vermifuge.	</li><li>ចុល្លព្រឹក្សជាវល្លិតោងឈើធំៗ គេនាំពីប្រទេសឥណ្ឌា មកដាំក្នងប្រទេសក្រៅសកលលោក ជាពិសេស ដាំលើរបងដែកក្នុងសួន ជាដើមលំអ ដោយផ្កាពណ៌ក្រហមល្អ ។ ត្រួយខ្ចីៗ អាចធ្វើបន្លែបរិភោគបាន ។ គ្រាប់ជាថ្នាំព្រូន ។	</li><li><p-n>More Information	NK &nbsp;: sâk séhs (crinière de cheval, allusion à la forme pendante des inflorescences), ânndôô:ng prang’ (puits de saison sèche) &nbsp;សក់សេះ, អណ្តូងប្រាំង	NOTE	ពេលមានពាក្យ (វល្លិ) (ស្មៅ) (ដើម) ក្នុងវង់ក្រចកខាងក្រោយនាម រុក្ខជាតិ ត្រូវអានពាក្យនោះខាងមុខនាមវិញ។</p-n></li></ul>
សង្កួតត្មាត	STEREOSPERMUM (Bignoniaceae)	Sterospermum cylindricum Pierre ex Dop	<ul><li>Tree, 10-25 m tall, of the secondary formations or dense decideous forests of Cambodia, Southern Vietnam and peninsular Thailand. Wood used in constructions for the small inside works.	</li><li>ឈ្មោះព្រឹក្សមួយប្រភេទកំពស់១០-២៥ម ដុះក្នុងព្រៃល្បោះឬ ព្រៃក្រាស់ជ្រុះស្លឹកនៃប្រទេសកម្ពុជា វៀតណាម និងថៃខាងត្បូង ។ ឈើអាចធ្វើគ្រឿងផ្ទះរាយរងបាន ។ 	</li><li><p-n>More Information	NK &nbsp;: sangkuët tma:t &nbsp;សង្កួតត្មាត	NOTE	ពេលមានពាក្យ (វល្លិ) (ស្មៅ) (ដើម) ក្នុងវង់ក្រចកខាងក្រោយនាម រុក្ខជាតិ ត្រូវអានពាក្យនោះខាងមុខនាមវិញ។</p-n></li></ul>
សង្កែព្រៃ	CALLICARPA (Verbenaceae)	Callicarpa brevipes Hance	<ul><li>A 1 to 2 m tall bush of denses forests of China (Hainan, Hong Kong), Cambodia and Vietnam. Leaves. like that of the genuine &quot;sangkaè&quot; make cigarette paper.	</li><li>ជាគុម្ពព្រឹក្សកំពស់ ១-២ម ដុះក្នុងព្រៃក្រាស់នៃស្រុកចិន ស្រុកខ្មែរ និងស្រុកវៀតណាម ។ គេយកស្លឹកមូរបារីជក់បាន ដូចស្លឹកសង្កែធម្មតាដែរ ។	</li><li><p-n>More Information	NK : sângkaè préi (« sangkaè » désigne « Cambretum quadrangulare »​ ; préi : sauvage) សង្កែព្រៃ	NOTE	ពេលមានពាក្យ (វល្លិ) (ស្មៅ) (ដើម) ក្នុងវង់ក្រចកខាងក្រោយនាម រុក្ខជាតិ ត្រូវអានពាក្យនោះខាងមុខនាមវិញ។</p-n></li></ul>
សង្កែភ្លើង	@ព្រលប់ថ្កូវ	EHRETIA (Boraginaceae)	Ehretia loevis Roxb.	<ul><li>Bushy shrub, 1-4 m tall, of open formations of the tropical regions. The leaves would give a tea-like drink. The trunk gives an excellent firewood.	</li><li>ឈ្មោះចុល្លព្រឹក្សមួយប្រភេទ កំពស់ ១-៤ម ដុះក្នុងព្រៃល្បោះ នៃប្រទេសក្តៅសកលលោក ។ ស្លឹក សម្រាប់ឆុងផឹកដូចតែ ។ ដើមគេយកធ្វើអុសដុត ល្អប្រណិត ។	</li><li><p-n>More Information	NK &nbsp;: sangkaè phlë:ng, pro:lu’b thköw &nbsp;សង្កែភ្លើង, ព្រលប់ថ្កូវ	NOTE	ពេលមានពាក្យ (វល្លិ) (ស្មៅ) (ដើម) ក្នុងវង់ក្រចកខាងក្រោយនាម រុក្ខជាតិ ត្រូវអានពាក្យនោះខាងមុខនាមវិញ។</p-n></li></ul>
សង្ឃ័រ 	ZIZYPHUS (Rhamnaceae)	Zizyphus oenoplia Mill. 	<ul><li>Thorny shrub. 2-6 m tall, of the secondary undergrowth of tropical Asia and Australia. The fruits are edible. In traditional Khmer medicine, the bark is used against fever of the newborn children. 	</li><li>ចុល្លព្រឹក្សមួយប្រភេទ មានបន្លា កំពស់ ២-៦ម ដុះក្នុងព្រៃគុម្ពោត នៃអាស៊ី និងអូស្ត្រាលី ផ្នែកក្ដៅ ។ ផ្លែអាចបរិភោគជាចំណីបាន ។ គ្រូថ្នាំបុរាណប្រើសំបក សម្រាប់ធ្វើជាថ្នាំព្យាបាលជម្ងឺ គ្រុន កូនខ្ចី ។ 	</li><li><p-n>More Information	NK &nbsp;: sangkhoë &nbsp;សង្ឃ័រ	NOTE	ពេលមានពាក្យ (វល្លិ) (ស្មៅ) (ដើម) ក្នុងវង់ក្រចកខាងក្រោយនាម រុក្ខជាតិ ត្រូវអានពាក្យនោះខាងមុខនាមវិញ។</p-n></li></ul>
សណ្ដាន់ 	GARCINIA (Guttiferae)	Garcinia cochinchinensis (Lour.) Choisy 	<ul><li>Tree, 10-15 m tall, with a trunk blackish outside, of the flooded forests or dense forests of plain, in Cambodia and Vietnam. Often cultivated in Cambodia as decorative. The acid fruits are used as culinary spices. Cut and dried in the sun, they may be kept for a long time ; they are often sold on markets. They are used in cooking as acid element, like the lemon.	</li><li>សណ្ដាន់ជាព្រឹក្ស កំពស់ ១០-១៥ម ដើមពណ៌ក្រមៅខាងក្រៅ ដុះក្នុងព្រៃរនាម ឬព្រៃក្រាស់លើដីទំនាប ក្នុងប្រទេសកម្ពុជា និងវៀតណាម ។ ពេលខ្លះគេដាំដើមនេះ ក្នុងប្រទេសខ្មែរជាលំអ ។ ផ្លែមានរស់ជូរ សម្រាប់ស្លម្ជូរ ។ គេអាចកាត់ផ្លែជាចំណិតតូចៗ ហើយហាលអោយស្ងួត ទុកធ្វើគ្រឿងទេស បានយូរច្រើន មានលក់ក្នុងផ្សារ ។ សណ្ដាន់ក្រៀម អាចប្រើបានដូចក្រូចឆ្មាដែរ ។	</li><li><p-n>More Information	Syn. &nbsp;: Garcinia loureiri Pierre</p-n></li></ul>
សណ្ដែកក្លិង្គ	@សណ្ដែកគ្រាប់-ស	CAJANUS (Leguminosae-Papilionoideae)	Cajanus cajan (L.) Millsp.	<ul><li>A bush, 1 to 3 m tall, spread by cultivation in tropical regions. It is also found in secondary forests, clear forests, on riversides up to 2000 m altitudes. It is often grown near houses to make fences. Seeds are edible. Leaves may give fodder. Fresh seeds eaten daily are said to stop urinary incontinence. Dried leaves, in the form of dust would be efficient against calculus.	</li><li>ដើមនេះជាចុល្លព្រឹក្ស កំពស់ ១-៣ម គេដាំនៅគ្រប់ប្រទេសក្ដៅក្នុងសកលលោក ។ ក្រៅពីដំណាំគេឃើញរុក្ខជាតិនេះ ដុះក្នុងព្រៃស្រោង ព្រៃល្បោះ តាមមាត់ទឹក ឬលើដីទួល មានកំពស់រហូតដល់ ២០០០ម ។ គេនិយមដាំសណ្ដែក្លិង្គ ជុំវិញផ្ទះជារបង ។ គ្រាប់អាចបរិភោគដូចសណ្ដែកបាយ ។ ស្លឹកខ្ចីអាចឱ្យគោ ក្របី ស៊ីបាន ។ អ្នកដែលមានជម្ងឺរាកនោម តែងព្យាបាល ដោយបរិភោគផ្លែឆៅ រាល់ថ្ងៃឱ្យឆាប់ជា ។ ស្លឹកស្ងួតកិនឱ្យម៉ត  ់ដូចម្សៅ គេផឹកជា   ឱសថមើលជម្ងឺគ្រាប់ប្រមេះ ។	</li><li><p-n>More Information	Syn. : Cajanus indicus Spreng.</p-n></li></ul>
សណ្ដែកគ្រាប់ស-ខ្មៅ-ក្រហម	VIGNA (Leguminosae-Papilionoideae)	Vigna unguiculata (L.) Walp., subsp. cylindrica (L.) Verdc.	<ul><li>Raised or climbing herb, with erected pods 7-13 m long, cultivated in Africa and in Asia for its edible seeds. These have various colours : cream, black or reddish.	</li><li>ឈ្មោះតិណជាតិម្យ៉ាងដុះត្រង់ឡើងលើ ឬវារលើទ្រើងផ្លែត្រង់ទៅលើ ប្រវែង ៧-១៣ម គេដាំជាដំណាំក្នុងទ្វីបអាស៊ី និងអាហ្វ្រិក ដើម្បីប្រើគ្រាប់ជាអាហារ ។ គ្រាប់មានពណ៌ច្រើនយ៉ាង ដើមខ្លះអោយគ្រាប់ពណ៌ស ខ្លះទៀតពណ៌ខ្មៅ ឬក្រហម ។	</li><li><p-n>More Information	NA : horse-gram of Madras</p-n></li></ul>
សណ្ដែកទ្រឿង	VIGNA (Leguminosae-Papilionoideae)	Vigna unguiculata (L.) Walp., subsp. sesquipedalis (L.) Verdc.	<ul><li>Climbing liana with support, whose fruits can reach 90 cms in length. Plant cultivated in all the warm regions of the world. Young, the fruits are eaten raw as vegetables or cooked in numerous dishes.	</li><li>វល្លិវារឡើងទ្រឿងមួយប្រភេទ ផ្លែអាចមានប្រវែងរហូតដល់ ៩០ស.ម ។ គេដាំជាដំណាំនៅគ្រប់ប្រទេសក្តៅក្នុងលោក ។ ផ្លែខ្ចីៗអាចធ្វើអន្លក់ ផែ្លចាស់គេច្រើនប្រើសំរាប់ឆា ឬស្លធ្វើម្ហូបផ្សេងៗ ។	</li><li><p-n>More Information	NA : yard-long bean</p-n></li></ul>
សណ្ដែកបាយ 	VIGNA (Leguminosae-Papilionoideae)	Vigna radiata (L.) R. Wilczek 	<ul><li>Erected herb, 0.50-0.80 m tall, cultivated in the whole Asia. Edible young leaves and fruits. The germinated seeds, known as &quot;soya sprouts&quot; are known all over the world by their numerous food uses. The complete plant is used as green manure. The flour extracted from the seeds is of use to the manufacture of noddles. In traditional medicine, the seeds are considered as diuretic and effective against dropsy and headaches. 	</li><li>ឈ្មោះតិណជាតិ កំពស់ ០.៥០-០.៨០ម គេដាំជាដំណាំក្នុងទ្វីបអាស៊ី ។ ផ្លែនឹងស្លឹកខ្ចីៗបរិភោគជាអាហារ ។ គ្រាប់គេបណ្តុះជាសណ្ដែកបណ្ដុះ ដែលគ្រប់ស្រុកសកលលោក ស្គាល់ដោយធ្លាប់បរិភោគឆៅ ឬក្នុងម្ហូបផ្សេងៗជាច្រើន ។ ដើមសណ្ដែកបាយ អាចធ្វើជីស្រស់បានល្អណាស់ ។ ម្សៅនៃគ្រាប់គេប្រើ សំរាប់ធ្វើម្សៅអាហារ និងតាំងហ៊ុន ។ តាមក្បួនឱសថបុរាណ គ្រាប់សណ្ដែកបាយជាថ្នាំធ្វើអោយនោមច្រើន អោយបាត់ដុំព ោះ និង ឈឺក្បាល ។	</li><li><p-n>More Information	Syn. &nbsp;: Phaseolus aureus Roxb.</p-n></li></ul>
សណ្ដែកបារាំង	PHASEOLUS (Leguminosae-Papilionoideae)	Phaseolus vulgaris L.	<ul><li>Annual, climbing herb, of European origin, cultivated in Indochina, especially in Laos and in Vietnam for its edible fruits eaten as vegetables, generally cooked, exceptionally raw.	</li><li>ឈ្មោះវល្លិប្រចាំឆ្នាំមួយប្រភេទគេនាំពីទ្វីបអឺរ៉ុបមកដាំក្នុងឥណ្ឌូចិន ជាពិសេសក្នុងប្រទេសលាវ និងវៀតណាម ដើម្បីយកផ្លែ ប្រើជាបន្លែដូចសណ្ដែកធម្មតា បរិភោគក្នុងសម្ល ឬ ឆា ពេលខ្លះគេបរិភោគឆៅជាអន្លក់ ។	</li><li><p-n>More Information	NF &nbsp;: &nbsp;haricot</p-n></li></ul>
សណ្ដែកអង្កត់មាស	VIGNA (Leguminosae-Papilionoideae)	Vigna umbellata (Thunb.) Ohwi &amp; H. Ohashi	<ul><li>Annual herb, 1-2 m tall, widely cultivated in Asia for its young leaves, fruits and edible seeds.	</li><li>ឈ្មោះតិណជាតិកំពស់១-២ម គេដាំជាដំណាំក្នុងទ្វីបអាស៊ី ដើម្បីប្រើស្លឹកខ្ចីៗ ផ្លែនឹងគ្រាប់សម្រាប់ធ្វើជាអាហារ ។	</li><li><p-n>More Information	NA &nbsp;: rice bean</p-n></li></ul>
សណ្ដែកអង្គុយ	VIGNA (Leguminosae-Papilionoideae)	Vigna unguiculata (L.) Walp., subsp. unguiculata 	<ul><li>Herbaceous plant, erected or climbing, 1-4 m tall or long, of African origin, cultivated in the tropical regions of the world for its young shoots and edible seeds.	</li><li>ឈ្មោះតិណជាតិមួយប្រភេទ ដុះត្រង់ឡើងលើឬវារឡើងទ្រើងកំពស់ឬប្រវែង ១-៤ម គេនាំពីទ្វីបអាហ្វ្រិកមកដាំជាដំណាំ គ្រប់ប្រទេសក្ដៅសកលលោក ដើម្បីប្រើត្រួយ និងគ្រាប់ជាអាហារ ។	</li><li><p-n>More Information	NA &nbsp;: cow pea, black’eye</p-n></li></ul>
សណ្តាន់ព្រៃ	GARCINIA (Guttiferae)	Garcinia merguensis Wight	<ul><li>Tree, 15-20 m tall, of the dense and secondary forests of Southeast Asia, often cultivated as decorative Edible fruits. The barks are sometimes used for the black dyeing. The trunk let pour a gamboge, browning in the light, that may be use for dyeing. Wood being of use to the small little durable constructions.	</li><li>សណ្ដាន់ព្រៃជាព្រឹក្ស កំពស់ ១៥-២០ម ដុះក្នុងព្រៃក្រាស់ និងព្រៃស្រោង នៃទ្វីបអាស៊ីផ្នែកអាគ្នេយ៍ ពេលខ្លះគេដាំជាលំអ ។  ផ្លែបរិភោគបាន ។ គេអាចយកសំបកជ្រលក់សំពត់ជាពណ៌ខ្មៅ ។ ដើមមានជ័រហូរចេញក្រៅពេលត្រូវថ្ងៃ ឡើងពណ៌ក្រមៅ គេអាចប្រើសម្រាប់ធ្វើថ្នាំទឹកគូរគំនូរ ។ ឈើអាចប្រើសង់ រោងបណ្តោះអាសន្នបាន ។ 	</li><li><p-n>More Information	NK &nbsp;: &nbsp;sânndan’ préi &nbsp;សណ្ដាន់ព្រៃ	NOTE	ពេលមានពាក្យ (វល្លិ) (ស្មៅ) (ដើម) ក្នុងវង់ក្រចកខាងក្រោយនាម រុក្ខជាតិ ត្រូវអានពាក្យនោះខាងមុខនាមវិញ។</p-n></li></ul>
សណ្តែកខ្មោច	CASSIA (Leguminosae-Caesalpinioideae)	Cassia occidentalis L.	<ul><li>Hard herb, originating from South America, naturalized in all the tropical regions. In Cambodia, it is met along roads and in the uncultivated places. Yellow flowers eaten raw as vegetables. Plant used in traditional medicine: the decoction of leaves and of fruits would be tonic. The infusions of the roasted seeds are absorbed in case of malaria. The roots would be febrifuge and purgative.	</li><li>ដើមនេះជាស្មៅរឹង ឬជាគុម្ពព្រឹក្សតូចមួយប្រភេទ មានដើមកំណើតក្នុងប្រទេសអាមេរិកខាងត្បូង គេនាំមកដាំជាយូរ ណាស់ហើយ ឥឡូវដើមសណ្ដែកខោ្មចដុះឯងៗ តាមមាត់ផ្លូវ និងក្នុងដីវាល ។ ផ្កាលឿងជាចង្កោម គេអាចបរិភោគជាបន្លែ របោយបាន ។ គេស្ងោរស្លឹក និងផ្លែយកទឹកផឹក ជាថ្នាំលើកកំលាំង ។ គេស្ងោរគ្រាប់ដែលលីង ហើយយកទឹកផឹក សម្រាប់ ព្យាបាលជម្ងឺគ្រុនចាញ់ ។ ឬសសម្រាប់ធ្វើថ្នាំបញ្ចុះ ឬថ្នាំព្យាបាលគ្រុន ។	</li><li><p-n>More Information	NA : coffeeweed</p-n></li></ul>
សណ្តែកដី	ARACHIS (Leguminosae-Papilionoideae)	Arachis hypogea L.	<ul><li>The groundnut is an annual herb native to tropical America, cultivated all over the world for its oily seeds. In Cambodia, unripe and boiled fruits may he sold on market. Grilled and salted seeds are well known all over the world. The seeds yield on oil used for cooking.	</li><li>ស្មៅប្រចាំឆ្នាំ មានដើមកំណើតប្រទេសអាមេរិកក្ដៅ គេដាំគ្រប់ស្រុកក្នុងសកលលោក ដើម្បីយកផ្លែបរិភោគ។ ខ្មែរយើងនិយមយកសណ្ដែកខ្ចីទៅស្ងោរស៊ី។ គ្រប់ប្រទេស គេតែងស្គាល់សណ្ដែកដីទាំងអស់ ពីព្រោះគ្រាប់លីងដាក់អំបិល មាន ដាក់លក់គ្រប់ផ្សារ ។ ប្រេងសណ្តែកដី គេប្រើសំរាប់ធ្វើម្ហូបអាហារ។	</li><li><p-n>More Information	NA &nbsp;: groundnut, peanut</p-n></li></ul>
សណ្តែកទ្រៀស	CANAVALIA (Leguminosae-Papilionoideae)	Canavalia gladiata (Jacq.) DC.	<ul><li>Biennial climbing herb, originating from Eastern Asia, cultivated and spontaneous in all tropical regions ; it is met in secondary formations and deforested areas. Fruits are edible.	</li><li>ដើមនេះដូចប្រពាយស្បែកដែរ គឺជាវល្លិតូចមួយប្រភេទ នាំពីទ្វីបអាស៊ីខាងកើតចូលមកដាំ ឥឡូវដុះឯងៗនៅគ្រប់ប្រទេសក្តៅលើសកលលោក ក្នុងព្រៃល្បោះ និងនៅទីវាល ។ ផ្លែគេយកធ្វើម្ហូបអាហារបរិភោគ ដូចសណ្ដែកដទៃទៀត ។ 	</li><li><p-n>More Information	NA : sword bean</p-n></li></ul>
សណ្តែកព្រៃសមុទ្រ	SOPHORA (Leguminosae-Papilionoideae)	Sophora tomentosa L.	<ul><li>Shrub, 2-4 m tall, whitish in all parts, met on sandy soil by the sea in Cambodia, Vietnam, India and the Philippines. Formerly in Cambodia, the seeds were mixed with opium, for the poor smokers, in a proportion up to 1/5. They would be also used against cholera and diarrhoea.	</li><li>ចុល្លព្រឹក្សមួយប្រភេទ កំពស់ ២-៤ម មែកធាងពណ៌ប្រផេះ ដុះលើដីខ្សាច់មាត់សមុទ្រ នៃប្រទេសកម្ពុជា វៀតណាម ឥណ្ឌា និង ហ្វីលីពីន ។ ពីជំនាន់ដើម គេប្រើគ្រាប់សំរាប់លាយជាមួយអាភៀន ដើម្បីលក់ថោកៗ ឱ្យពួកអ្នកក្រ ជក់ ។ គ្រាប់នេះ ក៏អាចប្រើធ្វើថ្នាំព្យាបាលជំងឺអាសន្នរោគ និងរាគបាន ។ 	</li><li><p-n>More Information	NK &nbsp;: sânndaèk préi sâmôt (haricot sauvage maritine) &nbsp;សណ្ដែកព្រៃសមុទ្រ	NOTE	ពេលមានពាក្យ (វល្លិ) (ស្មៅ) (ដើម) ក្នុងវង់ក្រចកខាងក្រោយនាម រុក្ខជាតិ ត្រូវអានពាក្យនោះខាងមុខនាមវិញ។</p-n></li></ul>
សណ្តែកសៀង	GLYCINE (Leguminosae-Papilionoideae)	Glycine max (L.) Merr.	<ul><li>Herb, 0.60-1 m tall, unknown in the spontaneous state, cultivated in all the countries under the name of Soya for its edible seeds. These contain a large proportion of proteins which give them edible properties similar to those of meat. As they are, the ripe seeds are little used in food because of the long cooking they require. They are appreciated almost only by the products that they supply soyabean milk, sauce and &quot;tao hou&quot;, a kind of cheese for the Chinese. From the fermented soyabean, a sodium glutamate. &quot;bi-ché:ng&quot;, is made. In the industry, the soya casein is used to make textiles (artificial wool).	</li><li>សណ្ដែកសៀង ជាតិណជាតិ កំពស់ ០,៦០-១ម មិនដែលដុះឯងៗទេ គឺជាដំណាំគដាំគ្រប់ស្រុកក្នុងសកលលោក ដើម្បីយកគ្រាប់បរិភោគជាអាហារ ។ គ្រាប់មានធាតុ Protéines ជាច្រើន ហេតុនេះគ្រាប់សណ្ដែកសៀង អាចជំនួសសាច់បាន ។ តែគេមិនដែលបរិភោគគ្រាប់សុទ្ធសាធឡើយ ពីព្រោះពិបាកចំអិនណាស់ គេតែងតែយកផលិតផល ពីគ្រាប់មកធ្វើអាហារដូចជា “ ទឹកសណ្តែក, ទឹកស៊ីអ៊ីវ, សៀងកំប៉ុង, តៅហ៊ូ ” ។ល។ គ្រាប់សណ្ដែកសៀង ក្លាយដោយមេដំបែ សម្រាប់ធ្វើ              “ ប៊ីចេង ” ។ ផ្នែកឧស្សាហកម្ម ធាតុ Caseine នៃសណ្ដែកសៀង គេប្រើការធ្វើសរសៃសម្រាប់ត្បាញ ធ្វើសំពត់រោមចៀម ក្លែងជាដើម ។	</li><li><p-n>More Information	Syn. &nbsp;: Soja hispida Moench</p-n></li></ul>
សណ្តែកហោឡាន់តាវ	LABLAB (Leguminosae-Papilionoideae) 	Lablab purpureus (L.) Sweet	<ul><li>Creeper, sometimes erected. 1-6 m tall or long, cultivated, becomed naturalized, met in the savannas and the forests of the tropical countries up to 1600 m. The falciforme pods, 10 x 4 cms, are eaten as vegetables in various culinary preparations. The plant can make fodder.	</li><li>ឈ្មោះវល្លិមួយប្រភេទប្រវែង ១-៦ម ពេលខ្លះជាចុល្លព្រឹក្សដុះត្រង់ឡើងលើ មានក្នុងទីវាល ឬក្នុងព្រៃនៃប្រទេសក្ដៅគ្រប់ស្រុក តែគេច្រើនដាំជាដំណាំសំរាប់ប្រើផ្លែជាអាហារដូចសណ្ដែកឯទៀតៗដែរ ។ ស្លឹក និងដើមខ្ចីៗ អាចប្រើជាអាហារ គោ ក្របីបាន។ 	</li><li><p-n>More Information	NA &nbsp;: hyacinth bean</p-n></li></ul>
សន្សើមដួច	DROSERA (Droseraceae)	Drosera indica L.	<ul><li>Caulescent herb, provided with a 10-40 cm tall stalk, covered with small glandular hairs, growing in the wet places of the tropical regions of the world. The complete plant, macerated in rice alcohol a couple of days, would heal the calli and soften foot callosities.	</li><li>ឈោ្មះស្មៅមួយប្រភេទមានដើមឆ្មារ កំពស់ ១០-៤០ស.ម មានរោមរាងគ្រន្ថី ដុះលើដីសើម នៅគ្រប់ប្រទេសក្តៅ លើសកលលោក ។ គ្រូថ្នាំខ្មែរយកដើមទាំងមូលត្រាំស្រា ហើយបំពោកលើពករឹងត្រង់ជើង ដៃ ឬលើស្នែងបាតជើងឱ្យទន់ និងបាត់វិញឆាប់ៗ ។ 	</li><li><p-n>More Information	NK &nbsp;: sânsaëm duëch (goutte de rosée) ​ សន្សើមដួច	NOTE	ពេលមានពាក្យ (វល្លិ) (ស្មៅ) (ដើម) ក្នុងវង់ក្រចកខាងក្រោយនាម រុក្ខជាតិ ត្រូវអានពាក្យនោះខាងមុខនាមវិញ។</p-n></li></ul>
សំបុកជាស	HELICTERES (Sterculiaceae)	Helicteres angustifolia L.	<ul><li>Sub-shrub, 0.80-1 m tall, branched out from the base, of the secondary formations of Indochina and Southern China. The leaves, dried and coated with a resin, are used to make torches.	</li><li>សំបុកជាស ជាគុម្ពព្រឹក្សតូច កំពស់ ០,៨០-១ម បែកមែកតាំងពីគុម្ព ដុះក្នុងព្រៃស្រោងនៃឥណ្ឌូចិន និងប្រទេសចិន ។ ស្លឹកក្រៀម គេយកទៅជ្រលក់ជ័រ ដើម្បីធ្វើចន្លុះដុត។	</li><li><p-n>More Information	NK &nbsp;: &nbsp;sâmbôk chiëhs (nid d’iguane) &nbsp;សំបុកជាស	NOTE	ពេលមានពាក្យ (វល្លិ) (ស្មៅ) (ដើម) ក្នុងវង់ក្រចកខាងក្រោយនាម រុក្ខជាតិ ត្រូវអានពាក្យនោះខាងមុខនាមវិញ។</p-n></li></ul>
សំបុកមាន់	@រាំងសមុទ្រ	BARRINGTONIA (Lecythidaceae)	Barringtonia angusta Kurz	<ul><li>Tree, 5-15 m tall growing in littoral forest in tropical Asia. The leaves are used for litter. Wood used in building construction.	</li><li>សំបុកមាន់ជាព្រឹក្សម្យ៉ាងកំពស់ ៥ - ១៥ ម ដុះក្នុងព្រៃមាត់សមុទ្រនៃអាស៊ីក្ដៅ ។ គេយកស្លឹក ធ្វើសំបុកមាន់ ។ ដើមសម្រាប់សង់ផ្ទះ ។	</li><li><p-n>More Information	Syn. : Barringtonia pterocarpa Kurz</p-n></li></ul>
សំបួរ ស	CATHORMION (Leguminosae-Mimosoideae)	Cathormion umbellatum (Vahl) Kosterm.	<ul><li>Shrub, 2-5 m tall, of wet places at riversides, and in flooded aeras in rainy season; species of Sri Lanka, South India, Thailand, Cambodia, Southern Vietnam and from Java to New Guinea. Plant often cultivated along rivers and canals.	</li><li>ជាចុល្លព្រឹក្សកំពស់ ២-៥ម ដុះតាមមាត់ទឹក ឬលើដីណាដែលអាចលិចទឹករដូវភ្លៀង ។ ពូជនេះមាននៅក្នុងប្រទេសជាច្រើន សេរីលង្កា ឥណ្ឌាខាងត្បូង ឥណ្ឌូចិន ប្រទេសជាច្រើន និង Nowvelle Guinée ។ យើងនិយមដាំសំបួរ ស តាមមាត់ស្ទឹង ឬព្រែកជីក ។	</li><li><p-n>More Information	Syn. : Pithecolobium umbellatum (Vahl) Benth.</p-n></li></ul>
សំព័រឈើ	BAUHINIA (Leguminosae-Caesalpinioideae)	Bauhinia viridescens Desv.	<ul><li>Erect shrub. 1-4m tall, restricted to lowlands open Dipterocarp forest widely distributed: Burma, Thailand (north and centre), Cambodia, Vietnam and in the South Hemisphere: Timor and water Islands.In Cambodia, the young leaves and fruits are eaten raw in salad with fish sauces. In local medecine, all parts of the plant are considered as tonic to young mothers and as febrifuge. 	</li><li>រុក្ខជាតិនេះជាចុល្លព្រឹក្សដុះឡើងលើកំពស់ ១-៤ម ក្នុងព្រៃល្បោះដែលមានខ្លុងត្បែងលើដីទំនាប ។ ពូជនេះមានក្នុង ប្រទេសជាច្រើន (ភូមា ថៃខាងជើង និងកណ្ដាល កម្ពុជា វៀតណាម និងលើអឌ្ឍគោលខាងត្បូង (hémisphère Sud) ក្នុងកោះ Timor, Wétar) ។ នៅស្រុកខ្មែរយើងចូលចិត្តបរិភោគស្លឹក និងផ្លែខ្ចីៗ ជាមួយទឹកគ្រឿង។ គេតែងស្ងោរ មែក ធាង ស្លឹក ឬ ឬស ។ល។ ឱ្យនារីដែលទើបសម្រាលកូនហើយ ផឹកឱ្យមានកំលាំង ឬមួយឱ្យមនុស្សមានជម្ងឺគ្រុនផឹកឆា ប់ជា។	</li><li><p-n>More Information	NK : sâmpoë chhë &nbsp;សំព័រឈើ	NOTE	ពេលមានពាក្យ (វល្លិ) (ស្មៅ) (ដើម) ក្នុងវង់ក្រចកខាងក្រោយនាម រុក្ខជាតិ ត្រូវអានពាក្យនោះខាងមុខនាមវិញ។</p-n></li></ul>
សម្បុរល្វែង	@ឈើអែម	CINNAMOMUM (Lauraceae)	Cinnamomum cassia J. Presl	<ul><li>Shrub or small tree, 5-15 m tall, in the degraded forests close to the coasts of China and Indochina (Burma, Thailand, Cambodia). Barks used to make incense sticks. In China, they are used as spices. In traditional medicine, they are considered as febrifuges.	</li><li>ឈ្មោះឈើមួយប្រភេទ ចុល្លព្រឹក្ស ឬព្រឹក្ស កំពស់ ៥-១៥ម ដុះក្នុងព្រៃរបោះជិតមាត់សមុទ្រ ក្នុងឥណ្ឌូចិន (ប្រទេស ខ្មែរ ថៃ ភូមា) និងស្រុកចិន ។ សំបកសម្បុរល្វែងមានក្លិនក្រអូបប្រហើរ សម្រាប់ធ្វើធូប និងប្រើជាថ្នាំក្ដៅ ។ នៅស្រុកចិន គេប្រើសំបកនេះ ជាគឿងទេស ។ 	</li><li><p-n>More Information	NA : cassia bark, chinese cinnamom</p-n></li></ul>
សម្បួរមាស	ACACIA (Leguminosae-Mimosoideae)	Acacia farnesiana (L.) Willd.	<ul><li>Small tree which originated to South America (St Domingue) cultivated in tropical areas for its fragrant flowers. In Cambodia fruits used as house hold glue. Young leaves are applied as poultices on wounded part.	</li><li>គុម្ពព្រឹក្សនេះ មានដើមកំណើតនៅស្រុកអាមេរិកខាងត្បូង (St. Domingue)។ គេដាំដើមនេះ នៅឥណ្ឌូចិន សំរាប់លំអ ដោយផ្កាមានក្លិនក្រអូបល្អណាស់ ។ ផ្លែមានជាតិចត់ គេយកទៅធ្វើកាវនៅប្រទេសយើង។ ធាងដើមនេះ ស្ងោរព្យាបាលជំងឺខ្លះៗ ដូចជាគុ្រន ឬហើមខ្លួន ។	</li><li><p-n>More Information	Syn : Mimosa farnesiana L.&nbsp;</p-n></li></ul>
សម្រក	GREWIA (Tiliaceae)	Grewia urenaefolia (Pierre) Gagnep.	<ul><li>Shrub, 1-1.50 m tall, of the secondary formations and open grounds of Indochina. The barks are used aslinks. The crushed leaves are applied to various cuts.	</li><li>សម្រក ជាគុម្ពព្រឹក្ស កំពស់ ១-១,៥០ម ដុះលើដីវាលនៃឥណ្ឌូចិន ។ សំបកសម្រាប់ធ្វើចំណងចងវត្ថុផ្សេងៗ ។ គេបុកស្លឹកបិទលើដៃជើងរបួស ដោយមុតបន្លា ឬកាំបិតពូថៅ ។	</li><li><p-n>More Information	NK &nbsp;: &nbsp;sâmrâ:k &nbsp;សម្រក	NOTE	ពេលមានពាក្យ (វល្លិ) (ស្មៅ) (ដើម) ក្នុងវង់ក្រចកខាងក្រោយនាម រុក្ខជាតិ ត្រូវអានពាក្យនោះខាងមុខនាមវិញ។</p-n></li></ul>
សំរង	SCAPHIUM (Sterculiaceae) 	Scaphium macropodium (Miq.) Beumée	<ul><li>Tree, 15-30 m tall, of the wet dense forests of Indochina, between 300 and 600 m,. The dried fruits were formerly traded quite extensively. Dried out arillus dilates in the water and gives a soft and sweet drink.	</li><li>ឈ្មោះព្រឹក្សមួយប្រភេទកំពស់ ១៥-៣០ម ដុះក្នុងព្រៃត្រជាក់លើភ្នំទាបៗ ពី ៣០០ ទៅ ៦០០ម ឧព្វេធនៃឥណ្ឌូចិនផ្លែទុំស្ងួត អាចត្រាំទឹកឱ្យរីកស្គុយ សាច់ស្កាតៗ ប្រើលាយស្ករបរិភោគជាចំណីត្រជាក់ ។ ពីជំនាន់ដើម ផ្លែសំរងជារបរជំនួញធំ មួយនាំទៅលក់បរទេស ។	</li><li><p-n>More Information	Syn. &nbsp;: Sterculia lychnophora Hance</p-n></li></ul>
សំរាស់	MELANOLEPIS (Euphorbiaceae) 	Melanolepis multiglandulosa (Blume) Reichb. f. &amp; Zoll.	<ul><li>Shrub, 4-7 m tall, on edges of dense forests of Cambodia and Vietnam. Wood used in construction and to build fishing dams.	</li><li>សំរាស់ជាចុល្លព្រឹក្សមួយកំពស់ ៤-៧ម ដុះនៅមាត់ព្រៃជ្រៅ នៅប្រទេសកម្ពុជា និង វៀតណាម ។ ឈើគេប្រើសំរាប់ ធ្វើទំនប់ទឹកនេសាទ ឬគ្រឿងសង់ផ្ទះ ។ 	</li><li><p-n>More Information	Syn. &nbsp;: Melanolepis vitifolia (Kuntze) Gagnep.</p-n></li></ul>
សំរោង	STERCULIA (Sterculiaceae)	Sterculia parviflora Roxb. 	<ul><li>Shrub or small tree, 7-15 m tall, of the dense and secondary formations of Southeast Asia. Often cultivated as decorative plant.	</li><li>ចុល្លព្រឹក្ស ឬព្រឹក្សតូចកំពស់៧-១៥ម ដុះក្នុងព្រៃធំ ឬព្រៃល្បោះនៃទ្វីបអាស៊ីផ្នែកអាគ្នេយ៍ ។ គេនិយមដាំនៅក្នុង         ទីក្រុង ជារុក្ខជាតិលំអវិថីនានា និង សួនសារធារណៈ ។	</li><li><p-n>More Information	NK &nbsp;: sâmraô:ng &nbsp;សំរោង	NOTE	ពេលមានពាក្យ (វល្លិ) (ស្មៅ) (ដើម) ក្នុងវង់ក្រចកខាងក្រោយនាម រុក្ខជាតិ ត្រូវអានពាក្យនោះខាងមុខនាមវិញ។</p-n></li></ul>
សំរោងធំ 	STERCULIA (Sterculiaceae)	Sterculia colorata Roxb.	<ul><li>Tree, 8-20 m tall, of the dense forests of plain and moderate altitude of Southeast Asia. Seeds sometimes eaten. Bark used to make ropes. Wood used in construction.	</li><li>ឈ្មោះព្រឹក្សម្យ៉ាងកំពស់ ៨-២០ម ដុះក្នុងព្រៃធំលើដីទំនាប ឬលើភ្នំតូចៗ នៅអាស៊ីអាគ្នេយ៍ ។ គ្រាប់អាចបរិភោគបាន ។ សំបកសម្រាប់វេញធ្វើខ្សែពួរ ។ ឈើល្អប្រណិត គេប្រើធ្វើគ្រឿងផ្ទះ ។	</li><li><p-n>More Information	NK &nbsp;: sâm’​ raô:ng thôm &nbsp;សំរោងធំ	NOTE	ពេលមានពាក្យ (វល្លិ) (ស្មៅ) (ដើម) ក្នុងវង់ក្រចកខាងក្រោយនាម រុក្ខជាតិ ត្រូវអានពាក្យនោះខាងមុខនាមវិញ។</p-n></li></ul>
សំរោងប្រេង	STERCULIA (Sterculiaceae)	Sterculia foetida L.	<ul><li>Tree, 10-30 m tall, of the clearings formations of Indochina, India, Indonesia and the Philippines. Edible seeds, eaten roasted like chestnuts. Wood used in construction. The seeds give a toilet oil and are sometimes used in the child games called &quot;ba:y khôm&quot;.	</li><li>ព្រឹក្សម្យ៉ាងកំពស់ ១០-៣០ម ដុះក្នុងព្រៃស្រោង នៃឥណ្ឌូចិនក្នុងប្រទេសឥណ្ឌា ឥណ្ឌូណេស៊ី និងហ្វីលីពីន ។ គ្រាប់អាចលីងបរិភោគបាន ។ ឈើសម្រាប់សង់ផ្ទះ ។ គ្រាប់គេច្រើនប្រើធ្វើជាសាប៊ូ ឬសម្រាប់អោយ ក្មេងលេងបាយខុំ ។ 	</li><li><p-n>More Information	NA &nbsp;: Java olive</p-n></li></ul>
សំរោងភ្នំ	TUPIDANTHUS (Araliaceae)	Tupidanthus calyptratus Hook.f. &amp; Thomson 	<ul><li>Shrub, 2-4 m tall, sometimes climbing, of the dense or secondary formations near the rivers of tropical Asia, very common in Cambodia on the Bokor mountain. Often cultivated as decorative species in tropical and temperate regions.	</li><li>ចុល្លព្រឹក្សមួយពួកកំពស់២-៤ម ពេលខ្លះស្ទើវារដុះក្នុងព្រៃធំ ឬព្រៃល្បោះជិតមាត់ទឹកនៃទ្វីបអាស៊ីក្តៅ ច្រើនមានដុះលើភ្នំបូកគោ ។ គេនិយមដាំ សំរោងភ្នំ ជាលំអក្នុងប្រទេសក្តៅ និងត្រជាក់មធ្យម ។	</li><li><p-n>More Information	NK &nbsp;: sâmraô:ng phnôm &nbsp;សំរោងភ្នំ	NOTE	ពេលមានពាក្យ (វល្លិ) (ស្មៅ) (ដើម) ក្នុងវង់ក្រចកខាងក្រោយនាម រុក្ខជាតិ ត្រូវអានពាក្យនោះខាងមុខនាមវិញ។</p-n></li></ul>
សំរោងស្វា	STERCULIA (Sterculiaceae)	Sterculia populifolia Roxb.	<ul><li>Tree, 15-20 m tall, of the dense and secondary formations of Southeast Asia. Wood used in construction. Seeds have diuretic properties.	</li><li>ព្រឹក្សមួយប្រភេទកំពស់១៥–២០ម ដុះក្នុងព្រៃធំ និងព្រៃល្បោះ នៃទ្វីបអាស៊ីផ្នែកអាគ្នេយ៍ ។ ឈើសម្រាប់សង់ផ្ទះ ។ គ្រាប់ ជាថ្នាំធ្វើអោយនោមច្រើន ។	</li><li><p-n>More Information	NK &nbsp;: sâmraô:ng sva: (sva: : singe) ​ សំរោងស្វា	NOTE	ពេលមានពាក្យ (វល្លិ) (ស្មៅ) (ដើម) ក្នុងវង់ក្រចកខាងក្រោយនាម រុក្ខជាតិ ត្រូវអានពាក្យនោះខាងមុខនាមវិញ។</p-n></li></ul>
សាកេ	@ខ្នុរសម្ល	ARTOCARPUS (Moraceae)	Artocarpus altilis (Parkinson) Fosberg	<ul><li>Tree, 6-15m tall, native to pacific island, introduced and cultivated near villages as decorative and fruit tree. The fruit is prized for cooking. The variety “Sake” gives fruits rich in fecule, they are consumed fried like fried potatoes or fore making sweet dishes.	</li><li>ដើមនេះមានកំពស់ ៦ - ១៥ ម មានដើមកំណើតក្នុងប្រទេសប៉ូលីណេស៊ី ក្នុងសមុទ្រ Pacifique ។ គេដាំជិតផ្ទះជា លំអ និងសំរាប់យកផ្លែបរិភោគ ។ យើងយកខ្នុរសម្លនៅខ្ចីសំរាប់ស្ល កកូរ ឬ ប្រហើរ ។ ពូជម៉្យាងឱ្យផ្លែសាកេដែលមានឱ        ជារសឆ្ងាញ់ណាស់ ពេលគេចៀនរបៀបដំឡូងបារាំង ឬទុកធ្វើតំណាប់ ។	</li><li><p-n>More Information	Syn. : -Artocarpus communis J.R. Forst. &amp; G. Forst.</p-n></li></ul>
សាគូ	MARANTA (Marantaceae)	Maranta arundinacea L.	<ul><li>Perennial herb. 1-2 m tall, originating from Central America, cultivated under the Tropics for its edible farinaceous rhizomes. The starch extracted from these, easy to digest, constitutes a food for the children and the convalescents. The leaves are often used as packaging paper. 	</li><li>ឈ្មោះស្មៅម្យ៉ាងកំពស់ ១-២ម មានដំណើតក្នុងប្រទេសអាមេរិកកណ្តាល គេនាំមកដាំជាដំណាំ គ្រប់ប្រទេសក្តៅ លើសកលលោក ដើម្បីយកមើមធ្វើអាហារ លាយបាយក៏បាន ។ ម្សៅដែលច្រោះពីមើម ជាអាហារលើកកំលាំងកូនក្មេង និងអ្នកងើបពីឈឺ ។ គេប្រើស្លឹកសាគូ សំរាប់ខ្ចប់គ្រឿងបរិភោគ ។	</li><li><p-n>More Information	NA &nbsp;: arrowroot</p-n></li></ul>
សាគូចាម	ARDISIA (Myrsinaceae)	Ardisia rigida Kurz	<ul><li>Shrub or subshrub, 0,50-2.50m tall which occurs in dense dipterocarp forest in South East Asia. Fruits sought after as tilbit. Leaves infusion considered as tonic is given to young mothers.	</li><li>សាគូចាមជាចុល្លព្រឹក្សកំពស់ ០.៥០ ទៅ ២ ម  ដុះក្នុងព្រៃក្រាស់ ដែលមានដើមត្បែង ដើមឈើទាល។ល។ នៃទ្វីបអាស៊ីផ្នែកអាគ្នេយ៍។ ផ្លែមានរសជាតិផ្អែមក្រអូប គេចូលចិត្តបរិភោគណាស់។ គ្រូថ្នាំខ្មែរ តែងយកស្លឹកសាគូចាម ធ្វើជាថ្នាំលើកកំលាំង អោយនារីទើបសំរាលកូនផឹក។	</li><li><p-n>More Information	NK &nbsp;: saku: cha:m (arrow-root malais) &nbsp;សាគូចាម	NOTE	ពេលមានពាក្យ (វល្លិ) (ស្មៅ) (ដើម) ក្នុងវង់ក្រចកខាងក្រោយនាម រុក្ខជាតិ ត្រូវអានពាក្យនោះខាងមុខនាមវិញ។</p-n></li></ul>
សាគូភ្នំ	ARDISIA (Myrsinaceae)	Ardisia smaragdina Pit.	<ul><li>Shubshrub. 1-2m tall, branchy, which occurs in undergrowth of dipterocarp dense forest near seaside or on rocky mountain of Bokor. Species probably endemic to Cambodia. The young leaves are eaten in salads. The fruit is edible. Cooked rhizomes may he consumed. Root used in traditional medicine.	</li><li>ឈ្មោះចុល្លព្រឹក្សតូចល្មមកំពស់ពី ១ ទៅ ២ម ពេលខ្លះជាវល្លិដុះក្រោមដើមឈើធំៗ ក្នុងព្រៃឈើទាល តាមមាត់      សមុទ្រប្រទេសកម្ពុជា។ ស្លឹកខ្ចីៗ អាចប្រើជាបន្លែរបោយបាន, ផ្លែបរិភោគបានដែរ។ មើមក៏អាចស្ងោរដូចដំឡូងសំរាប់បរិភោគ ។ ឫស គ្រូខ្មែរយកផ្សំធ្វើថ្នាំ។ 	</li><li><p-n>More Information	NK : saku: phnôm (arrow-root des montagnes) &nbsp;សាគូភ្នំ	NOTE	ពេលមានពាក្យ (វល្លិ) (ស្មៅ) (ដើម) ក្នុងវង់ក្រចកខាងក្រោយនាម រុក្ខជាតិ ត្រូវអានពាក្យនោះខាងមុខនាមវិញ។</p-n></li></ul>
សាងញាង	ELAEOCARPUS (Elaeocarpaceae)	Elaeocarpus tomentosus Blume	<ul><li>Tree, 10-20 m tall, of open formations and of edges of dense forests of Cambodia and Vietnam. The trunk is used to make short lived objects. The twigs are often used as firewood.	</li><li>ឈ្មោះព្រឹក្សមួយប្រភេទមានមែកសាងញាង កំពស់១០-២០ម ដុះក្នុងព្រៃល្បោះ ឬមាត់ព្រៃធំ នៃប្រទេសកម្ពុជា និង             វៀតណាម ។ ដើមសម្រាប់ធ្វើវត្ថុប្រើប្រាស់បណ្តោះអាសន្ន ឬធ្វើអុស ។	</li><li><p-n>More Information	NK &nbsp;&nbsp;: sa:ng nha:ng (allusion aux rameaux très étalés)​ សាងញាង	NOTE	ពេលមានពាក្យ (វល្លិ) (ស្មៅ) (ដើម) ក្នុងវង់ក្រចកខាងក្រោយនាម រុក្ខជាតិ ត្រូវអានពាក្យនោះខាងមុខនាមវិញ។</p-n></li></ul>
សារាយ	UTRICULARIA (Lentibulariaceae)	Utricularia aurea Lour.	<ul><li>Aquatic floating herb, with all leaves submerged, capillary, laciniées***, met in the tropical puddles of Asia and Australia. The plant is often harvested to feed pigs, mixed with some bran. In traditional medicine, the contuses leaves are applied against outbreaks of spots among children and skin irritations due to heat.	</li><li>ឈ្មោះសេវាលជាតិតូចមួយប្រភេទ ស្លឹកដុះក្រោមទឹក រាងដូចសសៃសក់ ដុះក្នុងបឹង ស្រះ ត្រពាំងនៃអាស៊ី និង               អូស្ត្រាលីផ្នែកក្ដៅ ។ គេច្រើនស្រង់សារាយសំរាប់អោយជ្រូកស៊ីលាយជាមួយកន្ទក់ ។ គ្រូបុរាណយកស្លឹក បុកអោយម៉ត់ធ្វើជាថ្នាំបំពោកលើបូសកូនក្មេង និង លើស្បែក ដែលក្រហាយដោយត្រូវថ្ងៃយូរ ។	</li><li><p-n>More Information	Syn. : Utricularia flexuosa Vahl</p-n></li></ul>
សារាយតី្រ	HYDRILLA (Hydrocharitaceae)	Hydrilla verticillata(L.f.) Royle	<ul><li>Aquatic herb, submerged, with male flowers floating on the surface of water ; the female flowers floating also when open. Met in fresh stagnant waters of the Ancient tropical World, introduced in the New World. Herb often cultivated in aquarium.	</li><li>ឈោ្មះ តិណជាតិ តូចម្យ៉ាងដុះលិចក្នុងទឹកសាប តែផ្កាអណ្តែតលើទឹក មានដុះក្នុងទឹកបឹង ស្រះ ត្រពាំង នៃពិភពលោកភាពចាស់ នាំចូលទៅដាំក្នុងពិភពលោកភាពថ្មី ។ គេនិយមដាំ តិណជាតិនេះក្នុងផើងចិញ្ចឹមត្រី (oquarium)។	</li><li><p-n>More Information	NK &nbsp;: &nbsp;sara:y trèi (trèi : poisson, allusion à l’usage) &nbsp;សារាយត្រី	NOTE	ពេលមានពាក្យ (វល្លិ) (ស្មៅ) (ដើម) ក្នុងវង់ក្រចកខាងក្រោយនាម រុក្ខជាតិ ត្រូវអានពាក្យនោះខាងមុខនាមវិញ។</p-n></li></ul>
សារាយអណ្ដែត	@សារាយកន្ទុយឆ្កែ	CERATOPHYLLUM (Ceratophyllaceae)	Ceratophyllum demersum L.	<ul><li>Aquatic herb of fresh water, of puddles, met in all the tropical regions. Popular plant for the aquariums. 	</li><li>ដើមនេះជា តិណជាតិ ដុះក្នុងទឹក បឹងនៃប្រទេសក្តៅសកលលោក ។ សារាយអណ្តែតជាដើម  ដែលគេយកមកដាំ ក្នុងជលវប្បដ្ឋាន ឬផើងចិញ្ចឹមត្រី (aquarium) ។	</li><li><p-n>More Information	NK : sara:y ânndaèt, sara:y kântuy chhkaè &nbsp;សារាយអណ្ដែត, សារាយកន្ទុយឆ្កែ	NOTE	ពេលមានពាក្យ (វល្លិ) (ស្មៅ) (ដើម) ក្នុងវង់ក្រចកខាងក្រោយនាម រុក្ខជាតិ ត្រូវអានពាក្យនោះខាងមុខនាមវិញ។</p-n></li></ul>
សាលព្រឹក្ស	COUROUPITA (Lecythidaceae)	Couroupita guianensis Aublet	<ul><li>Tree, 6-20 m tall, originating from Western Africa (Guinea), introduced in India and Cambodia where it is cultivated as decorative, because of its flowers arising from the trunk, large (5-10 cms), of yellow-red colour, nice-smelling, and very ornamental. In Cambodia, it is especially plentiful inside monasteries. The monks consider it as a sacred tree : Buddha would have reached enlightening or would have entered the nirvana in the shadow of this tree. 	</li><li>ឈ្មោះឈើជាព្រឹក្សមួយប្រភេទ កំពស់ ៦-២០ម គេនាំពីប្រទេសអាហ្វ្រិកខាងលិច មកដាំក្នុងអាស៊ីក្ដៅ ជារុក្ខជាតិលំអ ។ នៅប្រទេសខ្មែរច្រើនដាំ សាលព្រឹក្ស ក្នុងវត្តអារាម ត្បិតភិក្ខុសង្ឃខ្លះមានជំនឿថាព្រះសិទ្ឋត្ថ-សក្យមុនីគោតមទ្រង់ប្រសូត និងបរិនិពា្វននៅក្រោមដើមនេះ ។ ផ្កាសាលព្រឹក្ស មានទងចេញពីតួដើម មានសម្បុរក្រហមលាយលឿង មានក្លិនក្រអូបល្អណាស់ ។	</li><li><p-n>More Information	NA : cannonball tree</p-n></li></ul>
សាលាដ 	LACTUCA (Compositae)	Lactuca sativa L. 	<ul><li>Herb cultivated in all the regions of the world for its leaves eaten as vegetables. It has numerous cultivated varieties. 	</li><li>ឈ្មោះ ដំណាំប្រចាំឆ្នាំដែលគេដាំក្នុងសកលលោក ដើម្បីប្រើស្លឹកជាបន្លែ ។ មានពូជក្លាយច្រើនប្រភេទណាស់ ។	</li><li><p-n>More Information	NA &nbsp;: lettuce</p-n></li></ul>
សាវម៉ាវ	NEPHELIUM (Sapindaceae)	Nephelium lappaceum L.	<ul><li>Tree, 8-15 m tall, of the dense forests of the Malaysia, cultivated in the Indochinese Peninsula and in Indonesia. The ripe fruits are sold on markets. White fleshy arillus, sticking to seed, with a slightly acid flavour, is edible. In traditional medicine, the green fruits are used against different diseases: fever, diarrhoea. The bark would be used in Malaysia against the diseases of the tongue.	</li><li>ឈ្មោះព្រឹក្សមួយប្រភេទ កំពស់ ៨-១៥ម ដុះក្នុងព្រៃធំនៃប្រទេសជ្វា គេនាំចូលមកសម្រាប់ដាំក្នុងឧបទ្វីបឥណ្ឌូចិន និងនៅប្រទេសឥណ្ឌូណេស៊ី ។ ផ្លែទុំៗមានលក់ក្នុងផ្សារ ។ សាច់ពណ៌សជាប់នឹងគ្រាប់មានរសជាតិជូរអែម គេបរិភោគជាអាហារ ។ តាមក្បួនឱសថបុរាណ ផ្លែខ្ចីៗ គេអាចប្រើសម្រាប់ព្យាបាលរោគផ្សេងៗ ដូចជាគ្រុន រាគជាដើម ។ នៅប្រទេសជ្វាគេប្រើសំបកធ្វើថ្នាំរម្ងាប់រោគ ដែលមានលើអណ្តាត​ ។	</li><li><p-n>More Information	NA &nbsp;: rambutan</p-n></li></ul>
សិរមាន់	NEPHELIUM (Sapindaceae)	Nephelium hypoleucum Kurz	<ul><li>Tree, 10-25 m tall, of the dense forests of plain and moderate altitude of Cambodia, Laos, Vietnam and Thailand. The ripe fruits are edible. The wood is used to make tool handles.	</li><li>ដើមសិរមាន់ ជាព្រឹក្សកំពស់ ១០-២៥ម ដុះក្នុងព្រៃធំ លើដីទំនាប ឬលើភ្នំដែលខ្ពស់មធ្យមនៃប្រទេសខ្មែរ លាវ  វៀតណាម និង ថៃ ។ ផ្លែទុំ គេនិយមបេះមកបរិភោគជាអាហារ ។ ឈើសម្រាប់ ធ្វើដងកាំបិត ពូថៅ ។ល។	</li><li><p-n>More Information	NK : sé:(r) moën’ (crête de coq, allusion à la couleur rouge et à l’aspect rugueux du fruit) សិរមាន់</p-n></li></ul>
សិរមាន់ ក្រហម	CELOSIA (Amaranthaceae)	Celosia cristata L.	<ul><li>Perennial herb, 30-80 cm tall, with erected and branching stalk; red, yellow flowers, rarely white, originating from India, cultivated in the warm or temperate regions as decorative. The seeds are used by the Chinese of Cambodia to decorate the cakes by assembling them under the form of characters.	</li><li>សិរមាន់ក្រហមជា តិណជាតិដុះយូរឆ្នាំបាន មានកំពស់ ៣០-៨០សម មែកត្រង់ឡើងលើ ឬស្ទើវារ ។ ផ្កាមានពណ៌ក្រហម ពេលខ្លះលឿង កម្រមានពណ៌សណាស់ ។ ដើមនេះដុះក្នុងស្រុកឥណ្ឌា គេនាំទៅដាំជាលំអនៅគ្រប់ប្រទេសក្តៅ និងប្រទេសរងាបង្គួរ ។ ចិននៅប្រទេសខ្មែរ បានយកគ្រាប់សិរមាន់ក្រហម តុបតែងនំ ជាគំនូរអក្សរផ្សេងៗ ។	</li><li><p-n>More Information	NA : cock’ scomb</p-n></li></ul>
សិរមាន់ ស	CELOSIA (Amaranthaceae)	Celosia argentea L.	<ul><li>Annual erected herb, slightly branching, 0,40-1 m tall, with white or rose ears, originating from India, cultivated as decorative. The young leaves would be consumed as spinach in some regions of Africa. In Cambodia, the seeds are used in traditional chinese medicine to make lotions against ophtalmias.	</li><li>ដើមនេះជា តិណជាតិប្រចាំឆ្នាំស្ទើវារ កំពស់ ០.៤០-១ម មានផ្កាពណ៌ស ឬផ្កាឈូក, ដើមកំណើតនៅស្រុកឥណ្ឌា គេនាំមកដាំជាលំអ ។ នៅស្រុកអាហ្វ្រិក ខ្លះគេបរិភោគស្លឹកសិរមាន់ស ។ ចិននៅស្រុកខ្មែរតែងយកគ្រាប់ សម្រាប់ព្យាបាលជម្ងឺឈឺភ្នែក ។	</li><li><p-n>More Information	NF : amarante</p-n></li></ul>
សិរសាច់	@ប្ញស្សីសាច់	GLOCHIDION (Euphorbiaceae)	Glochidion lanceolarium (Roxb.) Voigt	<ul><li>Shrub, 2-6 m tall, of the clear forests of India and Indochina. The decoctions of roots are purgative. 	</li><li>ឈ្មោះចុល្លព្រឹក្សម្យ៉ាង កំពស់ ២-៦ម ដុះក្នុងព្រៃល្បោះ នៅប្រទេសឥណ្ឌា និងឥណ្ឌូចិន ។ ឬសគេស្ងោរផឹក សម្រាប់ជាថ្នាំបញ្ចុះ ។	</li><li><p-n>More Information	NK &nbsp;&nbsp;: &nbsp;sé(r) sach’, russéi sach’ &nbsp;សិរសាច់, ឫស្សីសាច់	NOTE	ពេលមានពាក្យ (វល្លិ) (ស្មៅ) (ដើម) ក្នុងវង់ក្រចកខាងក្រោយនាម រុក្ខជាតិ ត្រូវអានពាក្យនោះខាងមុខនាមវិញ។</p-n></li></ul>
សុកព្រះរាម	@ស្នែងរមាំង	PLATYCERIUM (Polypodiaceae, Fougères)	Platycerium coronarium Desv. 	<ul><li>Fern, epiphyte on large trees of dense and secondary forests, with ornamental hanging leaves ; tropical species. In Cambodia in the sixties, the plant was exported in rather high quantities, particularly to Europe.	</li><li>ឈ្មោះបណ្ណង្គផ្ញើប្រាណលើឈើធំៗ ក្នុងព្រៃធំ និងព្រៃល្បោះ នៃប្រទេសក្តៅសកលលោក ។ មានស្លឹកឆែកៗ សណ្ឋានស្រដៀងស្នែងរមាំងធ្លាក់ស្រយាក ចុះក្រោម សម្រាប់តែងលំអ ។ ក្នុងប្រទេសខ្មែរឆ្នាំ ៦០ គេនាំដើមនេះ ទៅលក់បរទេសជាច្រើន ជាពិសេសទៅទ្វីបអ៊ឺរ៉ុប ។	</li><li><p-n>More Information	NK &nbsp;: &nbsp;sôk prèah Rèam (placenta de prèah Rèam), snaèng romèang (corne de daim) សុកព្រះរាម, ស្នែងរមាំង	NOTE	ពេលមានពាក្យ (វល្លិ) (ស្មៅ) (ដើម) ក្នុងវង់ក្រចកខាងក្រោយនាម រុក្ខជាតិ ត្រូវអានពាក្យនោះខាងមុខនាមវិញ។</p-n></li></ul>
សុរភី	ANNESLEA (Theaceae)	Anneslea fragrans Wall.	<ul><li>Tree, 8-20 m tall, found in mixed forest in South East Asia. Flowers, fragrant used to perfume face powder and hair or in making garlands. The timber is sought after for furniture, Stems, astringent, used in local medicine against fever, dysentery and as vermifuge.	</li><li>ដើមឈើមានកំពស់ ៨ - ២០ ម ដុះក្នុងព្រៃក្រាស់ ឬព្រៃស្រោងនៃអាស៊ីផ្នែកអាគ្នេយ៍ ។ ផ្កាសុរភីមានក្លិនក្រអូបណាស់ សំរាប់អប់ម្សៅ និងដាក់សក់ឱ្យក្រអូប ។ ឈើជាប់ល្អ សំរាប់ធ្វើ តុ ទូ ។	</li><li><p-n>More Information	NK &nbsp;: sô’(r) phi: &nbsp;សុរភី	NOTE	ពេលមានពាក្យ (វល្លិ) (ស្មៅ) (ដើម) ក្នុងវង់ក្រចកខាងក្រោយនាម រុក្ខជាតិ ត្រូវអានពាក្យនោះខាងមុខនាមវិញ។</p-n></li></ul>
សូក្រំ	XYLIA (Leguminosae-Mimosoideae)	Xylia xylocarpa (Roxb.) Taub.	<ul><li>Tree, 20-25 m tall, of the dense Dipterocarpus forests, and fire-exposed forests of the Indochinese Peninsula. Wood very appreciated for houses pillars, cabinetwork, boat and cart making. Bark and fruit used in traditional medicine against the haemoptysies.	</li><li>ព្រឹក្សមួយប្រភេទកំពស់ ២០-២៥ម ដុះក្នុងព្រៃក្រាស់ដែលមានសន្តាន Diptérocarpacées និងព្រៃដែលអាចភ្លើងឆេះបាន នៃឧបទ្វីបឥណ្ឌូចិន ។ ឈើល្អណាស់សម្រាប់ធ្វើ តុ ទូ សសរផ្ទះ នាវា និង រទេះ-ន័ង្គល ។ គ្រូថ្នាំបុរាណប្រើសំបក និងផ្លែ ធ្វើថ្នាំជម្ងឺធ្លាក់ឈាមតាមមាត់ ។	</li><li><p-n>More Information	Syn. &nbsp;: Xylia dolabriformis Benth.</p-n></li></ul>
សូភី	OCHROCARPUS (Guttiferae)	Ochrocarpus siamensis T. Anderson	<ul><li>Tree, 15-25 m tall, of the dense and secondary plain forests of Indochina and Indian regions. Flowers yellowish, very nice-smelling, used to make necklaces. The fruit is edible as well as the pulp which surrounds the seeds. The wood, which may be nicely polished, is much valued for the veneer.	</li><li>ឈ្មោះព្រឹក្សមួយប្រភេទ កំពស់ ១៥-២៥ម ដុះក្នុងព្រៃស្រោង ឬព្រៃជ្រៅនៅឧបទ្វីបឥណ្ឌូចិន និងឥណ្ឌា ។ ផ្កាលឿង ភ្លាវ ក្លិនក្រអូប សម្រាប់ធ្វើកណ្ឋារភរណ។ ផ្លែអាចបរិភោគបាន ។ ឈើប្រណិតរលោងល្អណាស់ ពេលគេខាត់ សម្រាប់ធ្វើ បន្ទះក្ដារបិទ ។	</li><li><p-n>More Information	NK : &nbsp;sophi: &nbsp;សូភី	NOTE	ពេលមានពាក្យ (វល្លិ) (ស្មៅ) (ដើម) ក្នុងវង់ក្រចកខាងក្រោយនាម រុក្ខជាតិ ត្រូវអានពាក្យនោះខាងមុខនាមវិញ។</p-n></li></ul>
ស៊ូស៊ូ	SECHIUM (Cucurbitaceae) 	Sechium edule (Jacq.) Sw.	<ul><li>Liana, originating from Central America, cultivated at a high altitude in Southeast Asia. The fruits imported from the nearby countries are sold on markets of Cambodia. They are used as vegetables in various dishes, in particular in soups.	</li><li>ឈ្មោះវល្លិមួយប្រភេទ នាំពីអាមេរិកផ្នែកកណ្ដាល មកដាំលើភ្នំជាដំណាំនៅអាស៊ីផ្នែកអាគ្នេយ៍ ។ ផ្លែស៊ូស៊ូមានលក់ក្នុងផ្សារប្រទេសខ្មែរ គេប្រើជាបន្លែធ្វើសម្ល ឬឆា ។	</li><li><p-n>More Information	NA : chayote, chow chow</p-n></li></ul>
សួស	GREWIA (Tiliaceae)	Grewia astropetala Pierre	<ul><li>Climbing or voluble shrub, 4-15 m long, rising towards trees of moderate height met in clear or semi- dense forests of Indochina. Dried leaves used to make torches. The barks are used to make links.	</li><li>សួស ជាវល្លិ ឬជាចុល្លព្រឹក្ស កំពស់ ៤-១៥ម ឡើងតាមដើមឈើ ដែលមានកំពស់មធ្យម មានដុះក្នុងព្រៃរបោះ ឬពាក់កណ្តាលព្រៃស្រោង ។ ស្លឹកស្ងួតសំរាប់ប្រើជាចន្លុះ ។ សំបកវាប្រើសំរាប់ធ្វើខ្សែ ។	</li><li><p-n>More Information	NK &nbsp;&nbsp;: &nbsp;suëhs &nbsp;សួស	NOTE	ពេលមានពាក្យ (វល្លិ) (ស្មៅ) (ដើម) ក្នុងវង់ក្រចកខាងក្រោយនាម រុក្ខជាតិ ត្រូវអានពាក្យនោះខាងមុខនាមវិញ។</p-n></li></ul>
សួស	SPHENODESME (Verbenaceae)	Sphenodesme annamatica Dop	<ul><li>Climbing liana of the dense and secondary forests of Southeast Asia. In Cambodia, the roots are used in traditional medicine, under the form of decoction to facilitate delivery.	</li><li>វល្លិធំមួយប្រភេទ វារឡើងដើមឈើ ក្នុងព្រៃធំក្រាស់ ឬព្រៃល្បោះនៃទ្វីបអាស៊ីផ្នែកអាគ្នេយ៍ ។ តាមក្បួនឱសថបុរាណ គេស្ងោរឬសឱ្យនារីកំពុងសំរាលកូនផឹក ដើម្បីឱ្យកូនឆាប់កើត ។	</li><li><p-n>More Information	NK &nbsp;: suëhs &nbsp;សួស	NOTE	ពេលមានពាក្យ (វល្លិ) (ស្មៅ) (ដើម) ក្នុងវង់ក្រចកខាងក្រោយនាម រុក្ខជាតិ ត្រូវអានពាក្យនោះខាងមុខនាមវិញ។</p-n></li></ul>
សែដា	POUTERIA (Sapotaceae)	Pouteria sapota (Jacq.) H. E. Moore &amp; Stearn	<ul><li>Tree, 5-15 m tall, imported from Central America, as fruit and decorative plant. The ripe fruits are very appreciated. 	</li><li>ព្រឹក្សម្យ៉ាងពួកល្មុត កំពស់ ៥-១៥ម គេនាំពីប្រទេសអាមេរិកកណ្តាល មកដាំជាដំណាំ និងជាដើមលំអ ។ ផ្លែទុំជាអាហារ ។ 	</li><li><p-n>More Information	NA &nbsp;: sapote</p-n></li></ul>
សែដា-ស	LOPHOPETALUM (Celastraceae)	Lophopetalum wightianum Arn.	<ul><li>Tree, 15-20 m tall, of flooded and mountain regions of Cambodia and Southern Vietnam. Wood resisting well to the bad weather and to the insects, valued for the construction of houses.	</li><li>សែដា ស ជាព្រឹក្សកំពស់ ១៥-២០ម ដុះកន្លែងលិចទឹក និងលើភ្នំនៃប្រទេសខ្មែរ និង វៀតណាម ។ ឈើជាប់ល្អ សត្វល្អិតស៊ីមិនដាច់ មានតំលៃសំរាប់សង់គេហដ្ឋាន ។	</li><li><p-n>More Information	Syn. &nbsp;: Lophopetalum fimbriatum Wight</p-n></li></ul>
ស្កួយ	COIX (Gramineae)	Coix lacryma-jobi L. 	<ul><li>Ruderal herb of Southeast Asia. The seeds, white, farinaceous, are consumed as rice or corn. They are recommended especially against dysentery because they make digestion easy. Sometimes they are used to make necklaces and rosaries. The roots and the leaves absorbed in infusions would be diuretic.	</li><li>ឈ្មោះធញ្ញជាតិមួយប្រភេទ (សន្តាន ស្រូវ ពោត ។ល។ ) ដុះតាមមាត់ផ្លូវនៅអាស៊ីផ្នែកអាគ្នេយ៍ គេតែងដាំជិតផ្ទះ ។ ដើមស្កួយចេញផ្លែជាគ្រាប់រាយៗ កាលនៅខ្ចីគេប្រើដាល់ជាអំបុកបាន គ្រាប់ទុំមានសម្បុរ ស សាច់រឹង ប្រើការដោតក្រងធ្វើខ្សែក ឬធ្វើផ្ដាំ ។ ស្លឹក និងឬស គេឆុងផឹកដើម្បីឱ្យនោមច្រើន ។	</li><li><p-n>More Information	NA : Job’s tears</p-n></li></ul>
	 		<ul><li>	</li><li>					</li></ul>
ស្គន់អំបោះ	NYMPHOIDES (Menyanthaceae)	Nymphoides hydrophylla (Lour.) Kuntze	<ul><li>Aquatic herb, fixed in the mud by its roots, 1 m or more tall, of stagnant waters of tropical Asia. The whole plant, roots excepted, are eaten, either cooked in &quot;sâmlâ&quot;, or raw as vegetables with fish sauces. In traditional medicine, the infusion of leaves and roots would be effective against fever, fatigue, scurvy and the troubles of stomach due to ingestion of too heavy food. 	</li><li>ឈ្មោះ តិណជាតិដុះក្នុងទឹក មានកម្ពស់ រហូតដល់១ម ឬសកប់ក្នុងភក់ ។ មានដុះក្នុងទឹកស្រះ ត្រពាំង ដែលមិនហូរ នៃប្រទេសអាស៊ីក្ដៅ ។ មែក ទងស្លឹក និងទងផ្កា រាងឆ្មារដូចអំបោះ គេអាចបរិភោគជាបន្លែឆៅ ឬឆ្អិន ក្នុងសម្លបាន ។ តាមក្បួនឱសថបុរាណគេឆុងឬស និងស្លឹកផឹក ដើម្បីព្យាបាលរោគគ្រុន ការអស់កម្លាំង ជម្ងឺរាក់ធ្មេញ និងក្រពះ ដែលមិនរំលាយអាហារ ។	</li><li><p-n>More Information	Syn. : Menyanthes hydrophyllum Lour.</p-n></li></ul>
ស្គា	@ស្បូវរណ្ដាស	VETIVERIA (Gramineae)	Vetiveria zizanioides (L.) Nash ex Small	<ul><li>Perennial herb, 1-1.50 m or more, of the sunny places and along the roads of the tropical regions of the world. Rhizomes and roots have an aromatic smell. By distillation, various commercial essences can be extracted from it. In Cambodia, especially plentiful in the flooded plains, the plant is used to scent toilet oils and to protect the fabrics from insects. The leaves are used for roofing.	</li><li>ឈ្មោះតិណជាតិរស់បានយូរមួយប្រភេទកំពស់១-១,៥០ម ស្លឹកល្អិតៗដុះលើទីវាលកណ្ដាលថ្ងៃ និងតាមមាត់ផ្លូវនៃប្រទេសក្ដៅសកលលោក ។ មើម និងឬសមានក្លិនក្រអូប គេអាចប្រើវាចំហុយយកញើសប្រេងផ្សេងៗ ។ នៅប្រទេសខ្មែរដើមស្គា ច្រើនដុះក្នុងព្រៃរនាមជុំវិញទន្លេសាប អ្នកស្រុកទីនោះ ប្រើ មើម និងឬស សំរាប់ធ្វើប្រេងលាបខ្លួនអោយក្រអូប និងការពារសំពត់កុំអោយសត្វល្អិតស៊ី ។ ស្លឹកអាចប្រើប្រក់ដំបូលផ្ទះបាន ។	</li><li><p-n>More Information	NA &nbsp;: vetiver</p-n></li></ul>
ស្ងាវ	CASUARINA (Casuarinaceae) 	Casuarina equisetifolia L. 	<ul><li>Tree, 10-30 m tall, of Indo-malayan origin, cultivated on tropical coasts. In Cambodia, the species is spontaneous, met on sandy coasts in small groups. It is planted in city as street plant or ornemental. The branches give an excellent firewood. The wood can be used in construction. 	</li><li>ស្ងាវជាព្រឹក្សមានកំពស់ ១០-៣០ម មានដើមកំណើតក្នុង ឧព្វេធប្រទេសជ្វា ។ គេនាំយកទៅដាំតាមមាត់សមុទ្រ លើដីខ្សាច់ ។ តែនៅក្នុងប្រទេសកម្ពុជា ប្រហែលដើមស្ងាវដុះឯងៗទេ តែមិនសូវមានច្រើនផ្ដុំគ្នាឡើយ ក្នុងទីក្រុងគេដាំស្ងាវជាលំអគេហដ្ឋាន ឬវិថីនានា ។ មែកស្ងាវធ្វើអុសដុតឆេះល្អណាស់ ។ ឈើអាចសង់ផ្ទះបាន ។ 	</li><li><p-n>More Information	NA : beefwood, bull oak, whistling pine</p-n></li></ul>
	ឧទាហរណ៏៖&nbsp;		<ul><li>	</li><li>					</li></ul>
ស្ដីទឹក	CRUDIA (Leguminosae-Caesalpinioideae)	Crudia chrysantha (Pierre) Schum.	<ul><li>Tree, 8-25 m tall, spread in flooded forests and at riversides, met in the Indochinese Peninsula. The wood, dark brown on dry parts, possibly nice polished, is in demand in luxury cabinetwork, but in Cambodia, the tree is little exploited because it has the reputation to bring misfortune. 	</li><li>ស្ដីទឹកជាព្រឹក្សមានកំពស់ ៨ទៅ២៥ម ដុះមួយៗក្នុងព្រៃរនាម ប្រទេសខ្មែរ ឬតាមមាត់ទឹក នៅប្រទេសដទៃ ឥណ្ឌូចិន ។ ខ្លឹមឈើស្ងួតពណ៌ក្រមៅ គេអាចខាត់អោយឡើងរលោងបាន ឈើនេះជាឈើប្រណិតសម្រាប់ធ្វើ តុ ទូ តែខ្មែរខ្លះមិននិយមប្រើឈើស្តីទឹកទេ ដោយគេជឿថាជាឈើចង្រៃ ។	</li><li><p-n>More Information	NK : sdèi tük &nbsp;ស្ដីទឹក	NOTE	ពេលមានពាក្យ (វល្លិ) (ស្មៅ) (ដើម) ក្នុងវង់ក្រចកខាងក្រោយនាម រុក្ខជាតិ ត្រូវអានពាក្យនោះខាងមុខនាមវិញ។</p-n></li></ul>
ស្ដៅភ្នំ	@ស្ដៅអន្លក់	AGLAIA (Meliaceae) 	Aglaia leptantha Miq. 	<ul><li>Tree, 20-35 m tall restricted to mountain forest in Cambodia and in South-Vietnam. Young leaves and flowers are eaten in salads, like that of the genuine “Sdau” (Azadiracta indica). Red wood, fragrant used as incense like the genuine santal wood. In local medicine, the bark decoction is drunk against fever. The same decoction given to oxes or buffaloes may increase their appetite.	</li><li>ស្ដៅភ្នំជាដើមឈើកំពស់ពី ២០ ទៅ ៣៥ម ច្រើនដុះលើភ្នំក្នុងប្រទេសខ្មែរ និងវៀតណាមខាងត្បូង។ ស្លឹក និងផ្កាខ្ចីអាចបរិភោគបាន ដូចស្ដៅធម្មតាដែរ ។ ឈើពណ៌ក្រហម មានក្លិនក្រអូប លក់បានតំលៃណាស់ ។ គេប្រើឈើស្ដៅភ្នំជំនួសច័ន្ទគ្រឹស្នាបានខ្លះៗ។ គ្រូថ្នាំ យកសំបកទៅស្ងោរ ដើម្បីអោយអ្នកមានជំងឺគ្រុនផឹក ។ ពេទ្យសត្វស្ងោរសំបកអោយគោ ក្របីផឹក ដើម្បីអោយវាស៊ីស្មៅបានច្រើន ឆាប់ធាត់ធំ ។	</li><li><p-n>More Information	Syn. &nbsp;: Aglaia glabriflora Hiern</p-n></li></ul>
ស្តី	@ស្វាយស	MANGIFERA (Anacardiaceae)	Mangifera foetida Lour.	<ul><li>Tree. 20-30 m tall, of the dense forests of the Indochinese Peninsula, Sunda and Philippines islands. Fruits edible but little popular because of their turpentine smell.	</li><li>ព្រឹក្សមួយប្រភេទកំពស់ ២០-៣០ម ដុះក្នុងព្រៃធំនៃឧបទ្វីបឥណ្ឌូចិន លើកោះប្រទេសឥណ្ឌូណេស៊ី (Iles de la Sonde) និង ប្រទេស Philippines ។ ផ្លែបរិភោគបាន តែមិនឆ្ងាញ់ទេ ដោយមានជ័រ ។ 	</li><li><p-n>More Information	NK &nbsp;: &nbsp;sdéi, sva:y sâ: (ce dernier non signifie « mangue blanche ») ស្ដី ស្វាយស	NOTE	ពេលមានពាក្យ (វល្លិ) (ស្មៅ) (ដើម) ក្នុងវង់ក្រចកខាងក្រោយនាម រុក្ខជាតិ ត្រូវអានពាក្យនោះខាងមុខនាមវិញ។</p-n></li></ul>
ស្តៅ	AZADIRACHTA (Meliaceae)	Azadirachta indica Ant. Juss.	<ul><li>Tree, 2-6m tall found in sunny areas or secondary forest in South-East Asia, often cultivated as shade - tree. In Cambodia, there are two varieties: the variety &quot;Indica&quot; has denticulate folioles and the variety “integrifolia” with its folioles non denticulate. The two varieties have the same uses. Young leaves and inflorescence are in sought after as vegetables which should be dipped in hot water before eating because of their bitterness. The old leaves may be used as insecticide and sometime like quinine against paludism. Barks also may be used like quinine. In 1994, in India the dried seeds was a component of a local contraceptive remedy.	</li><li>ស្ដៅ ជាដើមឈើកំពស់ ២ - ៦ម ដុះក្នុងទីវាល ឬព្រៃស្រោងនៃអាស៊ីផ្នែកអាគ្នេយ៍ ។ ពេលខ្លះគេដាំស្ដៅសំរាប់យក          ម្លប់ ។  នៅស្រុកខ្មែរ ស្តៅមាន ២ យ៉ាង ពូជ « indica » ស្លឹកឆែក ធ្មេញរណា ។ ឯពូជ « integrifolia » ស្លឹកគ្មានឆែកដូចនេះទេ គ្រាន់តែមានភាពអង្កាញ់បន្តិចបន្តួច ។ ពូជទាំងពីរគេប្រើការបានដូចគ្នា ។ ស្លឹក និងផ្កា ពួកយើងចូលចិត្តបរិភោគណាស់ គ្រាន់តែជ្រលក់ទឹកក្តៅជាមុន ដើម្បីធ្វើមិនឲ្យល្វីងពេក ។ ស្លឹកចាស់ៗសំរាប់ទុកជាថ្នាំ មានប្រសិទ្ឋិភាពដូច Quinine ដែរ ។ ទឹកស្ងោរសំបកអាចព្យាបាលដំបៅ ឬធ្វើឱ្យបាត់ខ្ទុះ និងឱ្យជាឆាប់ៗ ។ ឆ្នាំ១៩៩៤ គ្រាប់ហាលស្ងួត ឥណ្ឌាគេយកផ្សំថ្នាំ ធ្វើក្រែមការពារមិនឱ្យមានកូន លាបខាងក្រៅសំរាប់បុរស បើខាងក្នុង សំរាប់ស្រ្តី មុនការសេពមេថុនធម្ម ។	</li><li><p-n>More Information	NA : margosa</p-n></li></ul>
ស្ទាវទឹក	HOMALIUM (Flacourtiaceae)	Homalium dasyanthum (Turcz.) Warb.	<ul><li>Tree or shrub, 4-12 m tall, exceptionally 25 m tall, of the swampy forests and on calcareous rocks up to 800 m, in Cambodia, Vietnam, Thailand, Burma and Malaysia. Species supplying a very good charcoal. Wood used for the temporary constructions.	</li><li>ជាព្រឹក្ស ឬចុល្លព្រឹក្សកំពស់ ៤-១២ម កម្រមានកំពស់ដល់ ២៥ម ណាស់ ដុះក្នុងព្រៃពាសពេញដោយភក់ល្បាប់ លើដីមានជាតិកំបោរ ទំនាប ឬ ទួលខ្ពស់រហូតដល់ ៨០០ម នៃប្រទេសកម្ពុជា វៀតណាម ថៃ ភូមា និងជ្វា ។ ដើមស្ទាវទឹកអាចធ្វើធ្យូងល្អប្រណិត ឬសម្រាប់សង់រោងបណ្តោះអាសន្ន។	</li><li><p-n>More Information	Syn. &nbsp;: Homalium griffithianum Kurz</p-n></li></ul>
ស្ទាវធំ	HOMALIUM (Flacourtiaceae)	Homalium grandiflorum Benth.	<ul><li>Tree, 10-30 m tall, of the dense forests of plain, on sandy or volcanic soil, in the Indochinese and Malay Peninsula. Wood used in construction.	</li><li>ព្រឹក្សម្យ៉ាង កំពស់ ១០-៣០ម ដុះក្នុងព្រៃធំ លើដីទំនាប មានខ្សាច់ ឬសីលាភ្នំភ្លើង នៃឧបទ្វីបឥណ្ឌូចិន និងជ្វា ។ ឈើរឹងល្អ សម្រាប់សង់ផ្ទះ។	</li><li><p-n>More Information	NK &nbsp;: &nbsp;stiëw thôm’ ស្ទាវធំ	NOTE	ពេលមានពាក្យ (វល្លិ) (ស្មៅ) (ដើម) ក្នុងវង់ក្រចកខាងក្រោយនាម រុក្ខជាតិ ត្រូវអានពាក្យនោះខាងមុខនាមវិញ។</p-n></li></ul>
ស្នាយ	STREBLUS (Moraceae)	Streblus asper Lour.	<ul><li>Tortuous shrub, 2-8 m tall, of the open places and undergrowth of tropical Asia. In Cambodia, the rough leaves are often used to clean the dental tartars and sometimes the furniture. In traditional medicine, one use them, in decoction, against diarrhoeas and dysentery. The decoction of roots would be effective against cough and even the tuberculosis.	</li><li>ចុល្លព្រឹក្សមានមែកធាងក្រវិចក្រវៀន កំពស់២-៨ម ដុះលើដីវាល និងក្នុងព្រៃគម្ពោតមានបន្លា នៃទ្វីបអាស៊ីក្ដៅ ។ ស្លឹកគគ្រាត ខ្មែរតែងប្រើសម្រាប់ដុះធ្មេញអោយស ឬ ខាត់ តុ ទូ។ តាមក្បួនឱសថបុរាណ, គេស្ងោរស្លឹកផឹកព្យាបាល រាគមួល ។ គេស្ងោរឬសជាថ្នាំក្អក ឬ ថ្នាំព្យាបាលជម្ងឺរបេង ។	</li><li><p-n>More Information	NK &nbsp;: sna:y &nbsp;ស្នាយ	NOTE	ពេលមានពាក្យ (វល្លិ) (ស្មៅ) (ដើម) ក្នុងវង់ក្រចកខាងក្រោយនាម រុក្ខជាតិ ត្រូវអានពាក្យនោះខាងមុខនាមវិញ។</p-n></li></ul>
ស្នាយទឹក	GREWIA (Tiliaceae)	Grewia sinuata Wall.	<ul><li>Erected shrub growing in bundle, 1-2 m tall, of the secondary formations especially along the rivers, of Indochinese and Malay Peninsula. The dried leaves are of use to make torches.	</li><li>ឈ្មោះគុម្ពព្រឹក្សម្យ៉ាងដុះច្រើន ជាដង្គំត្រង់ឡើងលើកំពស់ ១-២ម ក្នុងព្រៃស្រោង ច្រើនមានតាមមាត់ទឹក នៃឧបទ្វីប ឥណ្ឌូចិន និង ជ្វា ។ ស្លឹក ហាលស្ងួតសម្រាប់ទុកធ្វើចន្លុះ ។	</li><li><p-n>More Information	NK &nbsp;: sna:y tük ស្នាយទឹក	NOTE	ពេលមានពាក្យ (វល្លិ) (ស្មៅ) (ដើម) ក្នុងវង់ក្រចកខាងក្រោយនាម រុក្ខជាតិ ត្រូវអានពាក្យនោះខាងមុខនាមវិញ។</p-n></li></ul>
ស្នួល	DALBERGIA (Leguminosae-Papilionoideae) 	Dalbergia nigrescens Kurz var. saigonensis (Pierre) Gagnep.	<ul><li>The roasted seeds give a drink evoking coffee. The wood is used in woodwork. In traditional medicine. the leaves crushed with salt are used to heal the wounds of oxen (caused by the yoke). The old leaves give a black paint.	</li><li>ឈ្មោះព្រឹក្សមួយប្រភេទ កំពស់១០ទៅ២០ម ដុះក្នុងព្រៃស្រោង និងព្រៃល្បោះក្នុងឧបទ្វីបឥណ្ឌូចិន ។ ផ្លែខ្ចីៗអាច បរិភោគបាន ។ គ្រាប់ទុំគេលីង ហើយកិនអោយម៉ត់ឆុងផឹកដូចកាហ្វេ ។ ឈើស្នួលគេប្រើសម្រាប់សង់ផ្ទះ និងធ្វើវត្ថុឈើ          ផ្សេងៗ ។	</li><li><p-n>More Information	NK : snuël &nbsp;ស្នួល	NOTE	ពេលមានពាក្យ (វល្លិ) (ស្មៅ) (ដើម) ក្នុងវង់ក្រចកខាងក្រោយនាម រុក្ខជាតិ ត្រូវអានពាក្យនោះខាងមុខនាមវិញ។</p-n></li></ul>
ស្នែងក្របី	DESMODIUM (Leguminosae-Papilionoideae) 	Desmodium heterocarpon (L.) DC., subsp. heterocarpon, var. heterocarpon 	<ul><li>Sub-shrub, 0.30-1.50 m tall, sometimes climbing, met in the sunny places, along the paths, or on lawns. Species of Asia and of Africa tropical. It is a plant grazed by the cattle. In traditional medicine, the grown-up leaves are considered as tonic for young mothers.	</li><li>គុម្ពព្រឹក្សតូចមួយប្រភេទកំពស់ ០,៣០-១,៥០ម ពេលវារឡើងលើរុក្ខជាតិជិតខាង ដុះលើដីវាលមានថ្ងៃ នៅមាត់ផ្លូវ ឬ វាលស្មៅនៃទ្វីបអាស៊ី និងអាហ្វ្រិកក្ដៅ ។ គោក្របីតែងស៊ីដើមនេះជាដរាប ។ គ្រូថ្នាំខ្មែរប្រើស្លឹកស្នែងក្របីធ្វើថ្នាំកម្លាំងឱ្យនារី ទើបសម្រាលកូនហើយ ។ 	</li><li><p-n>More Information	NA &nbsp;: carpon desmodium</p-n></li></ul>
ស្នែងគោក្របី	TABERNAEMONTANA (Apocynaceae) 	Tabernaemontana pauciflora Blume	<ul><li>Shrub, 1-3 m tall, of the undergrowth of the mixed dense forests of plain and altitude, abounding on the Srâl mountain (Kirirom) towards 700 m. Species of Southeast Asia, sometimes cultivated as decorative for the beautiful white flowers. The roots are used in traditional medicine. Their infusions are given to drink to the patients suffering from colics. In external use, under the form of poultices, they are considered as very effective to heal the wounds caused by venomous animals.	</li><li>ឈ្មោះចុល្លព្រឹក្សមួយប្រភេទកំពស់ ១-៣ម ដុះជាន់ក្រោមឈើធំៗក្នុងព្រៃក្រាស់ លើដីទំនាប ឬលើភ្នំខ្ពស់ល្មម ច្រើនដុះ លើភ្នំគីរីរម្យ (Kirirom) ក្នុងប្រទេសខ្មែរ ។ ពូជនេះមានក្នុងអាស៊ីអាគ្នេយ៍ទាំងមូល ។ ពេលខ្លះ គេដាំជាលំអក្នុងក្រុង ឬសួន ដោយស្នែងគោ ក្របីមានផ្កា ស ល្អ ។ ឬសជាថ្នាំព្យាបាលរោគផ្សេងៗ ។ គេស្ងោរអោយអ្នកចុកពោះផឹក ។ គេកិន             ឬសបំពោកលើដំបៅពស់ចឹក ។	</li><li><p-n>More Information	Syn. : Tabernaemontana luensis Pierre ex Pit.</p-n></li></ul>
ស្នែងប្រើស	LYCOPODIELLA (Lycopodiaceae, Cryptogames vasculaires)	Lycopodiella cernua (L.) Franco &amp; Vasc.	<ul><li>Erected plant, 20-60 cm tall, much branched out, met in Cambodia in the wet places, especially in Pich Nil towards 400 m. In Vietnam and Laos, it is commonly found in the savannas. In 1948, a new alkaloid was extracted from the spores, the &quot;cernuine&quot;, as well as a known alkaloid, &quot;nicotine&quot;. The plant is often cultivated as decorative. Dried out, it is used as broom.	</li><li>ជាតិណជាតិមានដើមរឹងកំពស់ ២០-៦០ស.ម បែកមែកជាច្រើន ។ នៅប្រទេសខ្មែរ ដើមនេះមានច្រើនដុះលើដីសើមៗ នៅពេជ្រនិល ដែលជាភ្នំមានកំពស់ប្រហែល ៤០០ម ។ នៅប្រទេសលាវ និងវៀតណាម ស្នែងប្រើសតែងដុះតាមវាលស្មៅ។ ក្នុងដើមនេះ គេរកឃើញធាតុ “ អាលកាឡអិដ ” ពីរ ។ គេនិយមដាំដើមស្នែងប្រើសជាលំអ ។ មែកស្ងួត អាចប្រើសំរាប់ ធ្វើអំបោស ។	</li><li><p-n>More Information	Syn. &nbsp;: Lycopodium cernuum L.</p-n></li></ul>
ស្នែងរំដួល	STEREOSPERMUM (Bignoniaceae)	Stereospermum colais (Dillwyn) Mabb. 	<ul><li>Tree, 10-30 m tall, of the dense or clear formations of the low regions, rarely up to 800-1200 m. Plant of Southeast Asia, often cultivated for its fragrant flowers. Hard wood, not affected by insects but of weak resistance against weather, used to fill the carts hubs. Leaves, flowers and roots used under the form of decoction as febrifuge. 	</li><li>ព្រឹក្សម្យ៉ាងកំពស់ ១០-៣០ម ដុះក្នុងព្រៃធំឬ ព្រៃស្រោងលើដីទំនាប មិនសូវដុះលើភ្នំខ្ពស់ឡើយ ។ ដើមនេះមាននៅ ក្នុងទ្វីបអាស៊ីផ្នែកអាគ្នេយ៍ គេតែងនិយមដាំនៅជិតផ្ទះដោយផ្កាក្លិនក្រអូប ។ ឈើរឹងសត្វល្អិតស៊ីមិនដាច់ តែច្រើនបែកក្រហែង ពេលត្រូវភ្លៀង ថ្ងៃយូរ គេប្រើសម្រាប់ធ្វើដុំរទេះ ។ គេស្ងោរស្លឹក ផ្កា ឬសធ្វើថ្នាំគ្រុន ។ 	</li><li><p-n>More Information	Syn. &nbsp;: Stereospermum chelonoides (non L. : Dop) DC.</p-n></li></ul>
ស្នោស្រុក	@ស្នោគោក	SESBANIA (Leguminosae-Papilionoideae)	Sesbania sesban (L.) Merr.	<ul><li>Shrub, 2-3 m tall, with small thorns, originating from India and cultivated as fast growing plant for the hedges. In India, the leaves are used in medicine against itches of the skin, or as poultices put on abscesses. The leaves, in Cambodia, are often given to the cattle.	</li><li>ឈ្មោះចុល្លព្រឹក្ស កំពស់ ២-៣ម មានបន្លា គេនាំពីប្រទេសឥណ្ឌាមកដាំ ជាដើមដុះរហ័ស សំរាប់ធ្វើរបងស្រស់ ។ នៅប្រទេសកំណើតវា គេប្រើស្លឹកជាថ្នាំ ដែលអាចធ្វើឲ្យបាត់រមាស់ និងជាថ្នាំបំពោកលើបូស ។ ក្នុងប្រទេសខ្មែរ គេប្រើស្លឹកជាចំណីគោ ក្របី ។ 	</li><li><p-n>More Information	NK &nbsp;: snaô srôk, snaô kôôk &nbsp;ស្នោស្រុក, ស្នោគោក	NOTE	ពេលមានពាក្យ (វល្លិ) (ស្មៅ) (ដើម) ក្នុងវង់ក្រចកខាងក្រោយនាម រុក្ខជាតិ ត្រូវអានពាក្យនោះខាងមុខនាមវិញ។</p-n></li></ul>
ស្នោអំបោះ	AESCHYNOMENE (Leguminosae-Papilionoideae)	Aeschynomene aspera L.	<ul><li>Slender subshrub, 0.50-1.5 m tall commonly found in wet areas of ricefield in tropical Asia. In Cambodia in time of shortage, young leaves and flowers had been eaten in salads. The stem marrow is used as insulated for maintaining fresh water. In local medicine, it is also used for to prevent from haemorrhage in case of “metrorragie”.	</li><li>ស្នោអំបោះជាគុម្ពព្រឹក្សតូចម្យ៉ាង ដុះលើដីសើមៗ ឬក្នុងទឹកស្រែនៃប្រទេសអាស៊ីផ្នែកក្ដៅ។ ស្លឹកខ្ចី និងផ្កា ដែលមានពណ៌លឿងដូចផ្កាស្នោ គេអាចបរិភោគបានក្នុងពេលមានទុរ្ភិក្ស (ដូចកាលជំនាន់ប៉ុល ពត)។ បណ្តូលដើមមានភាពទន់ គេនិយមប្រើសំរាប់ធ្វើ &quot; ទែម៉ូស &quot; ប្រដាប់រក្សាទឹកអោយនៅត្រជាក់។ គ្រូថ្នាំយកបណ្ដូលនេះ ធ្វើឱសថសំរាប់ឃាត់ឈាម ជាពិសេសក្នុងរោគស្បូនស្ដ្រី។	</li><li><p-n>More Information	NK : snaô ‘âm’bâhs (« snaô » filamenteux) ស្  នោអំបោះ	NOTE	ពេលមានពាក្យ (វល្លិ) (ស្មៅ) (ដើម) ក្នុងវង់ក្រចកខាងក្រោយនាម រុក្ខជាតិ ត្រូវអានពាក្យនោះខាងមុខនាមវិញ។</p-n></li></ul>
ស្នោអាចម៍មាន់	AESCHYNOMENE (Leguminosae-Papilionoideae)	Aeschynomene indica L..	<ul><li>Aquatic herb, 1,5-2m tall which grows wild in India, Sri Lanka and Indochina. Abundant stem marrow used for maintaining fresh the water, especially during hot weather, Flowers, yellow, edible.	</li><li>ជាស្មៅរឹងដុះក្នុងទឹក ឬលើដីសើម មានកំពស់ ១.៥ ទៅ ២ ម នៃឥណ្ឌូចិន និងប្រទេសឥណ្ឌា។ បណ្ដូលដើមស្នោអាចម៍មាន់ ក៏ដូចជាស្នោអំបោះដែរ គេអាចប្រើធ្វើ &quot;ទែសម៉ូស&quot; បានដូចគ្នា។ ផ្កាស្នោអាចម៍មាន់ អាចធ្វើជាបន្លែបរិភោគជាមួយប្រហុក ឬទឹកគ្រឿង ។	</li><li><p-n>More Information	NK : snaô ach’ moën’ (ach’ moën’ = excréments de poule) ស្នោអាចម៍មាន់	NOTE	ពេលមានពាក្យ (វល្លិ) (ស្មៅ) (ដើម) ក្នុងវង់ក្រចកខាងក្រោយនាម រុក្ខជាតិ ត្រូវអានពាក្យនោះខាងមុខនាមវិញ។</p-n></li></ul>
ស្បូវ	IMPERATA (Gramineae)	Imperata cylindrica (L.) Räusch.	<ul><li>Herb, up to 1.50 m tall, of the undergrowth of clear forests in the tropical regions of the world. The young leaves are grazed by animals, domestic and wild. The grown-up leaves are used to make roofs and walls. Rhizomes are used in traditional medicine as diuretics and purifying.	</li><li>ស្មៅមួយប្រភេទ កំពស់រហូត ១,៥០ម ដុះក្នុងព្រៃស្រោងនៃប្រទេសក្តៅសកលលោក ។ ស្លឹកខ្ចីជាចំណីសត្វចតុប្បាទស្រុក ឬព្រៃ ។ ស្លឹកស្បូវ ធំៗ រឹងត្រគ្រាត ប្រើការក្រងប្រក់ និងធ្វើជាជញ្ជាំងផ្ទះបាន ។ គ្រូថ្នាំបុរាណប្រើមើម ធ្វើថ្នាំសំអាតឈាម និងធ្វើឱ្យនោមច្រើន ។	</li><li><p-n>More Information	NA &nbsp;: cotton grass, satintail</p-n></li></ul>
ស្បូវរនាត	THEMEDA (Gramineae)	Themeda gigantea (Cav.) Duthie	<ul><li>Sturdy herb, 1.50-3 m tall, growing in bundles on the deforested grounds and in the place of cut down forests of tropical Asia. Leaves used to make walls and to cover the roofs of huts. They constitute also an excellent fodder for the cattle.	</li><li>តិណជាតិមួយប្រភេទ កំពស់ ១,៥០-៣ម ដុះផ្តុំគ្នាជាច្រើនលើដីគ្មានព្រៃ ឬ កណ្តាលព្រៃ នៃអាស៊ីផ្នែកក្តៅ ។ គេច្រូតស្លឹកសម្រាប់ប្រក់ផ្ទះ និង ធ្វើជញ្ជាំង។ ស្លឹកអាចទុកអោយគោ ក្របីស៊ី ក៏បាន ។ 	</li><li><p-n>More Information	Syn. : Themeda arundinacea Ridl.</p-n></li></ul>
ស្បែង	CAESALPINIA (Leguminosae-Caesalpinioideae) 	Caesalpinia sappan L.	<ul><li>7 to 10 m tall tree with bough having short conical thorns. Species of secondary formations in tropical Asia, often planted in villages to offer shadow. Barks give a red dye. Wood is used against stiffness or blood diseases.	</li><li>ជាព្រឹក្សមួយ មានកំពស់ ៧-១០ម មានបន្លារាងសាជីមូលខ្លីៗលើធាង ។ ដើមនេះដុះក្នុងព្រៃស្រោង នៃទ្វីបអាស៊ីក្តៅ ។ គេនិយមដាំដើមស្បែងក្នុងភូមិ សម្រាប់យកម្លប់ជ្រក ។ សំបកឱ្យជ័រជ្រលក់ម្យ៉ាងពណ៌ក្រហម ។ ឈើជាថ្នាំសម្រាប់ព្យាបាលជម្ងឺ ចុកខ្នង ឬជម្ងឺឈាម ។ 	</li><li><p-n>More Information	NA : sappan wood</p-n></li></ul>
ស្បៃមុង	APONOGETON (Aponogetonaceae)	Aponogeton lakhonensis A. Camus	<ul><li>Aquatic herb spread in all streams, flooded ricefiels of tropical Asia. The leaves are eaten raw as Vegetable with fish sauces by Cambodian people.	</li><li>ស្បៃមុង ជាស្មៅរាងដូចច្រាច់ ដុះក្នុងទឹកបឹង ឬស្រែពេលរដូវវស្សា នៃទ្វីបអាស៊ីផ្នែកក្ដៅ ។ ខ្មែរយើងចូលចិត្ត បរិភោគស្លឹកជាមួយទឹកគ្រឿង ។	</li><li><p-n>More Information	Syn. &nbsp;: Aponogeton monostachyus auct. non L.f.</p-n></li></ul>
ស្បៃរឿង	TAGETES (Compositae)	Tagetes erecta L. 	<ul><li>Herb, 0.50-1 m tall, of American origin, introduced and naturalized in Africa, cultivated as decorative in the warm and temperate countries of the world. In Cambodia, the young leaves are eaten raw as vegetables with fish sauces. The dried yellow flowers are used to make an infusion against the whooping cough.	</li><li>ឈ្មោះតិណជាតិមួយប្រភេទកំពស់០,៥០-១ម គេនាំពីទ្វីបអាមេរិក មកដាំក្នុងទ្វីបអាហ្រ្វិកប្រទេសក្ដៅ និងត្រជាក់មធ្យមសកលលោក។ នៅស្រុកខ្មែរស្លឹកខ្ចីៗ អាចធ្វើអន្លក់ទឹកគ្រឿង ។ ផ្កាពណ៌លឿង ហាលស្ងួត គេឆុងផឹកព្យាបាលជំងឺក្អកមាន់ ។	</li><li><p-n>More Information	NA &nbsp;: African marigold</p-n></li></ul>
ស្ពង់	TETRAMELES (Datiscaceae)	Tetrameles nudiflora R. Br.	<ul><li>Tree, 10-30 m tall, of the secondary formations or of edges of dense forests in Southeast Asia. In Cambodia, the tree grows in the ruins of the temples in Siem Reap province ; some feet have huge stiffenings and a superficial implanting spreading out over a large surface. Spongy, very light wood, used to make matches. ballcocks for wooden rafts when bamboo lacks. The stiffenings are sometimes used to make sleds for the transport of paddy seedlings across the flooded plain of Cambodia, In traditional Khmer medicine, the infusions of young plants provided with some leaves are prescribed in case of convulsions. The barks is part of remedies against liver diseases and rheumatisms.	</li><li>ព្រឹក្សម្យ៉ាងកំពស់១០–៣០ម ដុះក្នុងព្រៃល្បោះ ឬមាត់ព្រៃធំនៃទ្វីបអាស៊ីផ្នែកអាគ្នេយ៍ ។ ក្នុងប្រទេសខ្មែរ ដើមស្ពង់ ច្រើនដុះក្នុងខេត្តសៀមរាប ជាពិសេសក្នុងប្រាសាទអង្គរវត្ត ដើមស្ពង់ខ្លះ មានឬសចន្ទល់យ៉ាងធំៗ មានទំហំរហូតពីរ បីមែត្រ ។ ឈើស្ពោត ស្រាល អាចប្រើធ្វើជាឈើគូស ក្បូនឈើជំនួស ឬស្សី ។ ឬសចន្ទល់អាចធ្វើរទេះដឹកស្រូវតាមព្រៃរនាម ។ គ្រូថ្នាំបុរាណស្ងោរ ឬឆុងដើមស្ពង់តូចៗ មានស្លឹកពីរ-បី ធ្វើថ្នាំរម្ងាប់រោកប្រកាច់ ។ សំបក គេផ្សំធ្វើថ្ន  ាំព្យាបាលជម្ងឺថ្លើម និងសន្លាក់ឆ្អឹង ។	</li><li><p-n>More Information	NF &nbsp;: faux fromager</p-n></li></ul>
ស្ពឺ	AVERRHOA (Oxalidaceae)	Averrhoa carambola L.	<ul><li>Shrub native to Brazil, cultivated in the tropics for its edible fruits. The sweet variety fruit is consumed fresh, the acid variety fruit may be eaten in special dishes with vermicelli called “nèm nuong”. The acid fruits have the reputation to be antiscorbutic and thirst quenching.	</li><li>ជាចុល្លព្រឹក្សមានកំណើតជាមួយ និងដើមទ្រលឹងទឹង គេដាំគ្រប់ស្រុកក្ដៅ ដើម្បីយកផ្លែបរិភោគ ។ ពូជផ្អែមគេទុកធ្វើបង្អែម ឯពូជជូរ គេពិសារជាបន្លែជាមួយម្ហូបពិសេសខ្លះដូចជា &quot; ណែមនឿង &quot; ជាដើម ។ ផ្លែស្ពឺជាថ្នាំការពារជំងឺរាក់ស៊ី     ធ្មេញ ។ 	</li><li><p-n>More Information	NA : caramba, carambola</p-n></li></ul>
ស្មាក្របី	KNEMA (Myristicaceae)	Knema globularia (Lam.) Warb.	<ul><li>Shrub, 2-8 m tall, of the dense forests or secondary formations of the Indochinese Peninsula. Wood, graded &quot;3rd category&quot;, in demand for the constructions of house. The seeds, sometimes sold on markets, are used to treat the cutaneous diseases, in particular scabies.	</li><li>ឈ្មោះចុល្លព្រឹក្សមួយប្រភេទកំពស់ ២-៨ម ដុះក្នុងព្រៃធំ ឬព្រៃល្បោះនៃឧបទ្វីបឥណ្ឌូចិន ។ ឈើនេះ គេចាត់ទុកជា “លេខ៣” សំរាប់សង់ផ្ទះ ។ គ្រាប់ស្មាក្របី អាចមានលក់ក្នុងទីផ្សារ គេប្រើសំរាប់ធ្វើថ្នាំព្យាបាលជំងឺកមរមាស់ ។	</li><li><p-n>More Information	Syn. &nbsp;: Knema corticosa Lour.</p-n></li></ul>
ស្មាក្របី (ធំ)	MILIUSA (Annonaceae) 	Miliusa velutina Hook. f. &amp; Thomson	<ul><li>Tree, 15-20 m tall, of the dense formations of the Indochinese and Malay Peninsula. Yellow wood, darkening with the age, soft and light, used to make yokes, tools handles, arrows.	</li><li>ព្រឹក្សម្យ៉ាង កំពស់ ១៥-២០ម ដុះក្នុងព្រៃក្រាស់នៃឧបទ្វីបឥណ្ឌូចិន និងជ្វា ។ ឈើពណ៌លឿង, ពណ៌ប្រែជាខ្មៅ បើដើមចាស់ ទន់ស្រាល ប្រើសម្រាប់ធ្វើនឹម, ជាដងកាំបិត ពូថៅ និងជាព្រួញ ។	</li><li><p-n>More Information	NK : sma krâbèi (thôm) &nbsp;ស្មាក្របី (ធំ)	NOTE	ពេលមានពាក្យ (វល្លិ) (ស្មៅ) (ដើម) ក្នុងវង់ក្រចកខាងក្រោយនាម រុក្ខជាតិ ត្រូវអានពាក្យនោះខាងមុខនាមវិញ។</p-n></li></ul>
ស្មាច់ដោម	@ស្មាច់ក្រហម	SYZYGIUM (Myrtaceae)	Syzygium zeylanicum (L.) DC.	<ul><li>Small tree, 7-10 m tall, of the clearings formations, especially close to the coast of China, India, Sri Lanka, Indochinese and Malay Peninsula and Indonesia. Fruits and young leaves edible. The wood gives a red dye intended to dye the fishing nets. Bark sometimes used to make torches. It is used also, in traditional medicine, against syphilis and dysentery.	</li><li>ស្មាច់ដោមកំពស់ពី៧–១០ម ដុះក្នុងទីវាលមិនឆ្ងាយពីសមុទ្រនៅឧបទ្វីបឥណ្ឌូចិន និងជ្វា នៅប្រទេសឥណ្ឌា និងឥណ្ឌូណេស៊ី ស្លឹកខ្ចីៗ ព្រមទាំងផ្លែអាចបរិភោគបាន ។ ដើមអាចប្រើជ្រលក់សំណាញ់ ឬ សំពត់ឱ្យពណ៌ក្រហម ។ សំបកប្រើធ្វើចន្លុះបាន ។ គ្រូថ្នាំបុរាណប្រើសំបក ផ្ញើថ្នាំព្យាបាលជំងឺមួល និង ស្វាយ ។	</li><li><p-n>More Information	Syn. &nbsp;: Eugenia zeylanica (L.) Wight</p-n></li></ul>
ស្មាច់ទេស	ACACIA (Leguminosae-Mimosoideae)	Acacia auriculiformis A. Cunn. ex Benth	<ul><li>Small tree, 2-8 m tall, originated in tropical Australia. Recently introduced to Cambodia via Vietnam. It is cultivated with Eucalyptus for reforestation. Barks appreciated as firewood.	</li><li>គុម្ពព្រឹក្សនេះមានកំពស់ពី ២ ទៅ ៨ ម៉ែត្រ ដែលវៀតណាមនាំចូលពីអូស្រ្ដាលី ហើយខ្មែរនាំពីវៀតណាម មកដាំលាយជាមួយដើមប្រេងខ្យល់។ ដើមស្មាច់ទេស អ្នកស្រុកលួចកាប់ច្រើន យកធ្វើឧសដុត។	</li><li><p-n>More Information	NK : smach’téhs («‍‍‍‍smach» étranger ; smach désigne une Myrtacée : Melaleuca cajeputi.), ស្មាច់ទេស	NOTE	ពេលមានពាក្យ (វល្លិ) (ស្មៅ) (ដើម) ក្នុងវង់ក្រចកខាងក្រោយនាម រុក្ខជាតិ ត្រូវអានពាក្យនោះខាងមុខនាមវិញ។</p-n></li></ul>
ស្មាច់	@ស្មាច់ចន្លុះ	MELALEUCA (Myrtaceae)	Melaleuca cajeputi Powell 	<ul><li>Tree, 8-15 m tall, of the formations of back - mangrove but being able to grow as well far from the coast, spread on the bank of the Pacific. Half-hard half-heavy wood, affected by decay, not used in construction. When remaining in mud, it mineralizes itself and hardens: so it is much used to strengthen the wet grounds before building. Bark supplying a nice-smelling resin used for the preparation of incense sticks. The barks are used also for the caulking of boats and jars. They may also be used to cover huts and to make torches. By distillation, an essential oil with a camphorated smell is extracted from leaves, &quot;essence de cajeput&quot;, used in inhalation against the colds and in friction or application against rheumatisms. 	</li><li>ឈ្មោះព្រឹក្សមួយប្រភេទកំពស់ ៨-១៥ម ដុះក្នុងព្រៃស្មាច់មាត់សមុទ្រ តែអាចដុះឆ្ងាយពីសមុទ្របាននៅអាស៊ីក្ដៅ ។ ឈើស្មាច់ មិនធ្ងន់ មិនស្រាល ឆាប់រលួយ ពុំអាចប្រើសង់ផ្ទះបានឡើយ ។ គេច្រើនប្រើឈើស្មាច់ជាឫសបុករណ្ដៅក្នុងទឹក ពីព្រោះក្នុងទឹកឈើស្មាច់ក្លាយជារឹងដូចរ៉ែ ។ សំបកខាងក្រៅ រសក ជាស្រទាប់ៗ គេអាចសកត្រាំជ័រទឹកធ្វើចន្លុះ ឬសំរាប់គ្របដំបូលខ្ទម ។ ស្លឹកស្មាច់ គេអាចចំហុយយកធាតុម្យ៉ាងមានក្លិន ដូចកាបូ៍ ប្រើសំរាប់ឆ្ពុងព្យាបាល ជំងឺផ្តាសាយ ឬរឹតលើកន្លែងឈឺសន្លាក់ឆ្អឹង ។	</li><li><p-n>More Information	Syn. &nbsp;: Melaleuca leucadendra L.</p-n></li></ul>
ស្មែ	CERIOPS (Rhizophoraceae)	Ceriops decandra (Griff.) Ding Hou	<ul><li>Shrub, 4-8 m tall; the trunk has moderatly marked stiffenings. The plant is met in mangroves associated with other speciess (not forming pure stockings). Tropical species. The bark gives a paint used to dye the fishing nets. The wood is appreciated as firewood because it produces little smoke.	</li><li>ឈ្មោះចុល្លព្រឹក្សមួយប្រភេទកំពស់ ៤ទៅ៨ម មានគល់ដើមរាងខ្លះជាចន្ទល ដុះក្នុងព្រៃកោងកាង លាយជាមួយពូជ ដទៃទៀត គឺស្មែមិនដែលដុះផ្ដុំគ្នាឡើយ ដើមស្មែមានក្នុងប្រទេសក្ដៅសកលលោក ។ គេប្រើសំបក ជាថ្នាំជ្រលក់សំណាញ់ នេសាទ ។ ដើមស្មែអាចធ្វើអុសដុតល្អ ពីព្រោះមិនសូវមានផ្សែងច្រើន ។	</li><li><p-n>More Information	Syn. : Ceriops roxburghiana Arn.</p-n></li></ul>
ស្មែធំ	CERIOPS (Rhizophoraceae)	Ceriops tagal (Perr.) C. B. Rob	<ul><li>Tree reaching a height of 10 m and 20 cms in diameter, with a trunk having little developed stilt-roots. A common tropical species of the mangroves. Contrary to the previous species, it often forms pure bushy stockings. Bark contains very much tannin which gives a beautiful red paint. Very durable wood which can produce a coal of excellent quality; its small dimensions allow only to use it to make foundation’s or fence’s pickets or as firewood.	</li><li>ស្មែធំជាព្រឹក្សកំពស់ ២ទៅ១០ម មានឬសដុះលើគោករាងជើងទោម ដុះក្នុងព្រៃកោងកាងគ្រប់ប្រទេសក្ដៅសកលលោក អាចដុះផ្ដុំៗគ្នាជាច្រើន ។ សំបកគេប្រើជាថ្នាំជ្រលក់សំពត់អោយពណ៌ក្រហម ។ ឈើជាប់ល្អណាស់ គេច្រើនប្រើធ្វើធ្យូង ឬធ្វើជាបង្គោលរបង បង្គោលសម្រាប់ចាក់ឬសផ្ទះ ឬជាអុសដុត ។	</li><li><p-n>More Information	NK : smaè thôm &nbsp;ស្មែធំ	NOTE	ពេលមានពាក្យ (វល្លិ) (ស្មៅ) (ដើម) ក្នុងវង់ក្រចកខាងក្រោយនាម រុក្ខជាតិ ត្រូវអានពាក្យនោះខាងមុខនាមវិញ។</p-n></li></ul>
ស្មែសៀម	@ត្បាញ់	AVICENNIA (Verbenaceae)	Avicennia officinalis L. 	<ul><li>Shrub, 4-6m hight found in mangrove forest in the tropics. Species considered as pioneer on slimy soils permanently flooded. In local medicine, barks used against skin deseases, especially the mange. The aerial root is a component of an aphrodisiac remedy.	</li><li>ស្មែសៀមជាចុល្លព្រឹក្សកំពស់ ៤ - ៦ ម ដុះក្នុងព្រៃកោងកាងនៃអាស៊ីផ្នែកក្ដៅ ។ រុក្ខជាតិនេះអាចដុះរហ័សជាងដើម ជិតខាង អាចយកដីល្បាប់អស់ដុះតែឯងមួយប្រទេស ។ ដើមស្មែសៀមគេទុកជាដើមដុះដំបូងក្នុងមាត់សមុទ្រ មុនមានព្រៃកោងកាង ។ សំបកស្មែនេះជាថ្នាំព្យាបាលរោគស្បែក ជាពិសេសកើតរមាស់ ។ ឫសដែលដុះចេញក្រៅដី គេទុកផ្សំថ្នាំម៉្យាង          សំរាប់លើកកំលាំងបុរស ។	</li><li><p-n>More Information	NK : smaè siëm, thbanh’ &nbsp;ស្មែសៀម, ត្បាញ់	NOTE	ពេលមានពាក្យ (វល្លិ) (ស្មៅ) (ដើម) ក្នុងវង់ក្រចកខាងក្រោយនាម រុក្ខជាតិ ត្រូវអានពាក្យនោះខាងមុខនាមវិញ។</p-n></li></ul>
ស្មៅកក់ក្ដាម	KYLLINGIA (Cyperaceae)	Kyllingia nemoralis (J. R. &amp; G. Forst.) Dandy ex Hutch. &amp; Dalzell	<ul><li>Herb with crawling rhizome, 5-30 cm long stalks. Leaves often shorter than the stalks. It is met in the wet places of Southeast Asia. It makes an excellent fodder. The roots, aromatic, are used in traditional medicine, for the treatment of diarrhoeas.	</li><li>ឈោ្មះស្មៅមួយប្រភេទមានឬស វារលើដីកំពស់ ៥-៣០ស.ម ស្លឹកច្រើនខ្លីជាងដើម ដុះលើដីសើមៗក្នុងអាស៊ីអាគ្នេយ៍ ។ ស្មៅកក់ក្តាម ជាចំណីល្អណាស់នៃសត្វពាហនៈ ។ ឬស មានក្លិនក្រអូប គេប្រើធ្វើថ្នាំរំងាប់រោគរាគ ។	</li><li><p-n>More Information	NK &nbsp;&nbsp;: (smau) kâk’ kda:m (jonc-crabe) &nbsp;(ស្មៅ) កក់ក្ដាម	NOTE	ពេលមានពាក្យ (វល្លិ) (ស្មៅ) (ដើម) ក្នុងវង់ក្រចកខាងក្រោយនាម រុក្ខជាតិ ត្រូវអានពាក្យនោះខាងមុខនាមវិញ។</p-n></li></ul>
(ស្មៅ) កន្ត្រើយ	CHRYSOPOGON (Gramineae) 	Chrysopogon aciculatus (Retz.) Trin.	<ul><li>Perennial herb, 20-60 cm tall, with crawling rhizome, common in tropical Asia, in the uncultivated places. They are noticeable when seeds are mature and easily grappen on clothes. The leaves constitute an excellent fodder. The seeds are used in traditional medicine against ascaris.	</li><li>ឈ្មោះស្មៅមួយប្រភេទ ដុះយូរឆ្នាំមិនងាប់ មានកំពស់ ២០-៦០ស.ម មើមវារលើដី ដុះនៅទីវាលគ្មានព្រៃ ក្នុងប្រទេស អាស៊ីក្ដៅទាំងមូល ។ គេដើរចៀសពេលស្មៅនេះមានផ្លែ ពីព្រោះផ្លែចាក់ជាប់សំពក់អាវ នាំឱ្យរំខាន ។ ស្លឹកកន្រ្តើយ មានជីវជាតិល្អ សម្រាប់ឱ្យគោ ក្របី ស៊ី ។ គ្រាប់គេប្រើធ្វើថ្នាំបញ្ចុះព្រូន ។ 	</li><li><p-n>More Information	NF: chiendent, grenille</p-n></li></ul>
(ស្មៅ) កន្ទុយកំប្រុក	URARIA (Leguminosac-Papilionoideae)	Uraria lagopodioides (L.) Desv. ex DC.	<ul><li>Ligneous herb, 20-50 cm tall, spread and branched out from the base, of the open formations of Asia, tropical Australia, New Caledonia and Polynesia. The plant is used in traditional medicine against dysentery and the diseases of the respiratory tracts. 	</li><li>ស្មៅរឹងមួយប្រភេទ កំពស់ ២០-៥០ ស.ម វាលើដីមានបែកមែកជាច្រើន ដុះក្នុងព្រៃស្រោងនៃទ្វីបអាស៊ី ប្រទេស              អូស្ត្រាលីក្តៅ Nouvelle-Calédonie និង Polynésie គេប្រើដើមនេះធ្វើជាថ្នាំរម្ងាប់រោគរាគ និងដកដង្ហើមតឹង ។ 	</li><li><p-n>More Information	NK &nbsp;: (smau) kântuy kâmprôk (queue d’écureuil, allusion à la forme des inflorescences) (ស្មៅ) កន្ទុយកំប្រុក	NOTE	ពេលមានពាក្យ (វល្លិ) (ស្មៅ) (ដើម) ក្នុងវង់ក្រចកខាងក្រោយនាម រុក្ខជាតិ ត្រូវអានពាក្យនោះខាងមុខនាមវិញ។</p-n></li></ul>
(ស្មៅ) កំភេម	CODARIOCALYX (Leguminosae-Papilionoideae) 	Codariocalyx gyroides (Roxb. ex Link) Hassk.	<ul><li>Slender shrub, 1-2.50 m tall, of the undergrowth of clear forests near rivers or at swampside, up to 1500 m. Species widely distributed in tropical Asia and Australia. Fodder tree.	</li><li>ឈ្មោះគុម្ពព្រឹក្សតូចមួយប្រភេទ កំពស់ ១-២,៥០ម ដុះក្នុងព្រៃរបោះក្រោមឈើធំៗ តាមមាត់ទឹក លើដីទំនាប ឬភ្នំខ្ពស់ ទាបជាប់ ១៥០០ម ។ ដើម នេះក្នុងទ្វីបអាស៊ី និងអូស្ត្រាលី ក្ដៅ ។ ស្លឹកដើមកំភេម គោ ក្របី ចូលចិត្តស៊ីណាស់ ។	</li><li><p-n>More Information	Syn. : Desmodium gyroides (Roxb. ex Link) DC.</p-n></li></ul>
	Used in Cambodia	DictionaryAbout UsSynonymPlant Cassifications	<ul><li>BACK	</li><li>					</li></ul>
ស្មៅក្រចក	IMPATIENS (Balsaminaceae)	Impatiens balsamina L.	<ul><li>Herb, 30-50 cm tall, of the Indo-Malayan regions, cultivated in Cambodia as decorative. The leaves, in decoction, are used to wash hairs. They would have a favourable influence on their growth. The flowers are a component of the nail polish. The seeds are used in difficult deliveries.	</li><li>ស្មៅម្យ៉ាងកំពស់ ៣០-៥០ស.ម ដុះក្នុងប្រទេសឥណ្ឌា និងជ្វា ដាំជាលំអ នៅប្រទេសខ្មែរ ផ្កាពណ៌ផ្កាឈូក ឬក្រហម ។ គេប្រើស្លឹកស្ងោរ សម្រាប់លាងសក់ក្បាល ស្លឹកស្ងោរអាចធ្វើឱ្យសក់ដុះឆាប់ៗ ។ គេប្រើផ្កាធ្វើជាថ្នាំលាបក្រចកក៏បាន ។ គ្រាប់ជា ឱសថ ប្រើពេលនារីសម្រាលកូនពិបាក ។	</li><li><p-n>More Information	NA &nbsp;: garden balsam</p-n></li></ul>
(ស្មៅ) ក្រវាញជ្រូក	CYPERUS (Cyperaceae)	Cyperus rotundus L.	<ul><li>Ruderal herb, 10-60 cm tall, with rhizome having tubers, common in the Far East. Plant used in traditional medicine. The egg-shaped tubers, 2 x 1 cm, are chewed to heal constipation and womb troubles. Their decoctions are prescribed in problematic deliveries. Rhizomes are considered as diuretics. They are a component of a remedy against the diseases of liver involving icterus, and against headaches and dizzinesses. 	</li><li>ឈ្មោះស្មៅដុះតាមមាត់ផ្លូវដើរមួយប្រភេទ កំពស់ ១០-៦០ស.ម មានឬសដុះមើមនៅចុង ស្មៅនេះមានគ្រប់ស្រុកក្នុងចុងបូព៌ាប្រទេស ។ ជាដើមគេប្រើធ្វើថ្នាំ ។ មើមមានរាងពងក្រពើ ប្រវែង ២ស.ម ទទឹង ១ស.ម គេទំពារឆៅ ដើម្បីប្រឆាំងទល់លាមក និងព្យាបាលជម្ងឺឈឺពោះ ។ គ្រូបុរាណស្ងោរធ្វើឱ្យនោមច្រើន ។ គេផ្សំដើមនេះជាមួយថ្នាំដទៃទៀត ធ្វើឱសថ ម្យ៉ាងព្យាបាលជម្ងឺ ឈឺថ្លើម មានរោគលឿង និងឈឺក្បាល វិលមុខ ។	</li><li><p-n>More Information	NA : coco grass</p-n></li></ul>
ស្មៅគែលលក	DESMODIUM (Leguminosae-Papilionoideae) 	Desmodium triflorum (L.) DC.	<ul><li>Herb, ligneous at bootom, 10-50 cm tall, met in the clear forests, along paths, in meadows and waste lands. Species of the tropical and subtropical regions of the world. In traditional medicine, the decoction of stalks with leaves is said to be tonic for the young mothers. The crushed stalks are applied on abscess.	</li><li>ឈោ្មះស្មៅមានគល់រឹងមួយប្រភេទ កំពស់ ១០-៥០ស.ម ដុះក្នុងព្រៃល្បោះឬតាមមាត់ផ្លូវ ឬក្នុងវាលស្មៅលើដី              ឧទ្ទាម។ ដើមនេះមានគ្រប់ប្រទេសក្ដៅក្នុងសកលលោក ។ គ្រូថ្នាំខ្មែរ យកមែកមានស្លឹក ដាំធ្វើថ្នាំកម្លាំងឱ្យនារីទើបសម្រាលកូនផឹក ។ ដើមបុកម៉ត់ជាថ្នាំបំពោកលើបូស ។ 	</li><li><p-n>More Information	NK &nbsp;: (smau) kaè lôlôk (gésier de tourterelle, allusion à la forme des folioles) &nbsp;(ស្មៅ) គែលលក	NOTE	ពេលមានពាក្យ (វល្លិ) (ស្មៅ) (ដើម) ក្នុងវង់ក្រចកខាងក្រោយនាម រុក្ខជាតិ ត្រូវអានពាក្យនោះខាងមុខនាមវិញ។</p-n></li></ul>
ស្មៅគោ	BRACHIARIA (Gramineae)	Brachiaria mutica (Forssk.) Stapf	<ul><li>Lawn grass, originating probably from tropical Africa, now common in all tropical area of the world. Gives a high quality fodder, enriched in proteins by frequent cuttings. 	</li><li>ស្មៅនេះ មានដើមកំណើតស្រុកអាហ្វ្រិកក្ដៅ ដុះគ្រប់ប្រទេសក្តៅក្នុងសកលលោកលើដីវាល ។ សត្វពាហនៈចូលចិត្ត ស៊ីណាស់ ស្មៅនេះ មានជាតិ  “ Proteine ” ច្រើន ធ្វើឱ្យសត្វឆាប់ធំធាត់ ។	</li><li><p-n>More Information	NA : para grass, Mauritius grass</p-n></li></ul>
ស្មៅគ្រេច	AEGINETIA (Orobanchaceae)	Aeginetia indica L.	<ul><li>Small herb parasitic in Graminae’s roots. It is very appreciated as remedy against sprain and wounds. The herb must be chewed a long time then heated on the fire before being used as poultices to be applied on diseased parts. 	</li><li>ជាស្មៅទាបម្យ៉ាង ដុះដោយសារដើមដទៃទៀត គឺដើមបញ្ញើខ្លួនលើគេ ច្រើនដុះលើឫស សន្តានដើមស្រូវ ពោត។ គ្រូថ្នាំស្វែងរកស្មៅនេះណាស់ ដើម្បីទុកព្យាបាលរោគដំបៅ និងគ្រេច ជើង ដៃ។ គេទំពារដើមឱ្យម៉ត់ ទើបខ្ជាក់ក្នុងស្លឹកចេក ហើយយកទៅឆ្អើរភ្លើង, មុននឹងយកទៅស្នំ កន្លែងឈឺ ។	</li><li><p-n>More Information	NK : smau kré:ch (herbe entorse) ស្មៅគ្រេច	NOTE	ពេលមានពាក្យ (វល្លិ) (ស្មៅ) (ដើម) ក្នុងវង់ក្រចកខាងក្រោយនាម រុក្ខជាតិ ត្រូវអានពាក្យនោះខាងមុខនាមវិញ។</p-n></li></ul>
ស្មៅចំពុះទា	@ស្មៅស្លាបទា	CYANOTIS (Commelinaceae)	Cyanotis cristata (L.) D. Don	<ul><li>Herb, 20-40 cm tall, originating from tropical Africa, cultivated as decorative in gardens. The plant would be insecticidal. It is used to chase bedbugs away.	</li><li>ស្មៅចំពុះទាមានកំពស់ ២០-៤០ស.ម មានដើមកំណើតក្នុងប្រទេសអាហ្វ្រិកក្តៅ គេដាំក្នុងសួនជាលំអ ។ គេប្រើដើមនេះ សម្រាប់សម្លាប់សត្វល្អិត ។ គេច្រើនយកស្មៅនេះដាក់ក្រោមកន្ទេល ដើម្បីកំចាត់សង្កើច ។ 	</li><li><p-n>More Information	NK : smau châmpuhs tië-smau sla:b tië (herbe bec de canard, herbe plume de canard, allusion à la forme​ de teuilles) &nbsp;ស្មៅចំពុះទា, ស្មៅស្លាបទា	NOTE	ពេលមានពាក្យ (វល្លិ) (ស្មៅ) (ដើម) ក្នុងវង់ក្រចកខាងក្រោយនាម រុក្ខជាតិ ត្រូវអានពាក្យនោះខាងមុខនាមវិញ។</p-n></li></ul>
(ស្មៅ) ចិញ្ចៀន	PASPALUM (Gramineae)	Paspalum commersonii Lam.	<ul><li>Crawling herb, ruderal and of sandy grounds near houses. Pantropical species. The leaves are used as fodder. The roots are used to treat the dislocated limbs.	</li><li>ឈ្មោះស្មៅវារលើដីដុះតាមមាត់ផ្លូវលើដីខ្សាច់ជិតផ្ទះអ្នកស្រុក នៃប្រទេសក្ដៅលើសកលលោក ។ ស្លឹកជាចំណីគោក្របី ។ គេប្រើឬសធ្វើថ្នាំព្យាបាលដំណើរគេ្រច ដៃ ជើង ។	</li><li><p-n>More Information	NK &nbsp;: (smau) chénh chiën (herbe bague, allusion à certaines racines adventives en forme de nœuds) (ស្មៅ) ចិញ្ចៀន	NOTE	ពេលមានពាក្យ (វល្លិ) (ស្មៅ) (ដើម) ក្នុងវង់ក្រចកខាងក្រោយនាម រុក្ខជាតិ ត្រូវអានពាក្យនោះខាងមុខនាមវិញ។</p-n></li></ul>
ស្មៅចិញ្ចៀន	CYNODON (Gramineae)	Cynodon dactylon (L.) Pers.	<ul><li>Stoloniferous herb, prostrated, with rhizomes profoundly rooted in the ground, down to 0.80-1 m, originating from the Africa and Southeast Asia, introduced into all the tropical and subtropical regions of the world. It is met in lawn and in the uncultivated places of road sides. Fodder herb, grazed by the cattle. This species is sometimes cultivated to fix bank lands. Rhizomes are used to make a diuretic drink.	</li><li>ឈ្មោះស្មៅមួយប្រភេទ មានមែកវារលើដីចាក់ឬស នៅគ្រប់ថ្នាំង ហើយចេញមើមកប់ក្នុងដីជម្រៅ ០,៨០-១ម ។ ស្មៅចិញ្ចៀនមានដើមកំណើតក្នុងប្រទេសអាហ្វ្រិក និងអាស៊ីផ្នែកអាគ្នេយ៍ នាំចូលគ្រប់ស្រុកក្តៅ និងក្តៅមធ្យមសកលលោក ។ គេប្រទះឃើញរុក្ខជាតិនេះ ដុះលើវាលស្មៅ លើដីណាគ្មានដំណាំ ឬតាមមាត់ផ្លូវដើរ ។ ស្មៅនេះជាអាហារសត្វពាហនៈ ។ ពេលខ្លះ គេដាំស្មៅចិញ្ចៀនសម្រាប់ទប់ដីជំរាល ។ មើមស្មៅនេះគេស្ងោរផឹកឱ្យនោម ច្រើន ។	</li><li><p-n>More Information	NA : couch grass</p-n></li></ul>
ស្មៅជម្ពូ	CARTHAMUS (Compositae)	Carthamus tinctorius L.	<ul><li>An herb originating from the Near East, cultivated for the dye extracted from flowers. They give a yellow substance and a red dye used to give a pink color to silk or cotton fabrics, but the tint is not much lasting. It is used, outside Indochina, to falsify genuine saffron &quot; Crocus sativus L., Iridaceae &quot; which do not exist in Southeast Asia. The seeds of safflower give a light yellowish edible oil. Flowers and seeds are used in Indochinese traditional medicine. Seeds would be purgative and flowers are a component of numerous remedies.	</li><li>ស្មៅនេះមានដើមកំណើតប្រហែលក្នុងបូព៌ាប្រទេស ជិតអឺរ៉ុប គេនាំមកដាំសម្រាប់យកផ្កា ជាថ្នាំជ្រលក់សំពត់សូត្រ ឬសំឡីឱ្យមានពណ៌ក្រហម អាចជ្រលក់ជាផ្កាឈូកបានដែរ តែមិនជាប់យូរទេ ។ នៅស្រុកក្រៅឥណ្ឌូចិន គេយកផ្កាស្មៅជម្ពូធ្វើ “ល្មៀត” ក្លែងក្លាយពីព្រោះ “ល្មៀតបរិសុទ្ធ” មែនទែន (ដែលគ្មាននៅប្រទេសឥណ្ឌូចិនទេ) មានតំលៃខ្ពស់ណាស់ (ចូរកុំច្រឡំនឹងរមៀត ដែលយើងប្រើ “ safram des Indes ” គឺមិនមែនរមៀតបរិសុទ្ធទេ) ។ គ្រាប់ស្មៅជម្ពូ អាចផ្ដល់ប្រេងម្យ៉ាងពណ៌លឿងភាវ ។ គ្រាប់សម្រាប់ធ្វើថ្នាំបញ្ចុះ ។ ផ្កាគេយកលាយធ្វើថ្នាំច្រើនមុខណាស់ ។	</li><li><p-n>More Information	NA : safflower</p-n></li></ul>
ស្មៅជើងកុក	@ស្មៅត្មាតទន្ទ្រាន	LINDERNIA (Scrophulariaceae)	Lindernia crustacea (L.) F. Mull.	<ul><li>Annual herb, with a crawling stalk, 10-40 cm long, of meadows of Indian regions, Malay andIndochinese peninsulas. Plant commonly found in the Chinese pharmacies of Cambodia. It is used in the treatment of the biliary troubles, dysentery and aménorrhée.	</li><li>ឈ្មោះស្មៅប្រចាំឆ្នាំ វារលើដីប្រវែង ១០-៤០ស.ម ដុះក្នុងវាលស្មៅនៅប្រទេសឥណ្ឌា ក្នុងឧបទ្វីបឥណ្ឌូចិន និង ជា្វ ជារុក្ខជាតិដែលឃើញមានលក់ក្នុងឱសថស្ថានចិន នៃប្រទេសកម្ពុជា គេប្រើធ្វើជាថ្នាំព្យាបាលជំងឺប្រមាត់ រាគមួល និងស្ត្រីដែលគ្មានរដូវ ។	</li><li><p-n>More Information	NK &nbsp;&nbsp;: &nbsp;smau chë:ng kok’ (herbe patte de héron), smau thma:t tuntriën &nbsp;ស្មៅជើងកុក, ត្មាតទន្ទ្រាន	NOTE	ពេលមានពាក្យ (វល្លិ) (ស្មៅ) (ដើម) ក្នុងវង់ក្រចកខាងក្រោយនាម រុក្ខជាតិ ត្រូវអានពាក្យនោះខាងមុខនាមវិញ។</p-n></li></ul>
ស្មៅជើងក្រាស់	@ស្មៅសន្សោង	ELEUSINE (Gramineae)	Eleusine indica (L.) Gaertn.	<ul><li>Ruderal herb, 20-50 cm tall, spread in all the tropical regions of the world. The stalks are used as ear-cleaner. The infusions of roots would be sudorific and antifeverish.	</li><li>ឈ្មោះស្មៅមួយប្រភេទកំពស់ ២០ - ៥០ ស.ម ដុះតាមមាត់ផ្លូវនៃប្រទេសក្តៅសកលលោក ។ គេប្រើដើមធ្វើកង្វារត្រចៀក ។ ឬសគេឆុងផឹកដើម្បីឱ្យ បែកញើសនិងឱ្យបាត់គ្រុន ។ 	</li><li><p-n>More Information	NA &nbsp;: yardgrass</p-n></li></ul>
ស្មៅជ្រលក់	OLDENLANDIA (Rubiaceae)	Oldenlandia umbellata L.	<ul><li>Hairy, crawling, 30-50 cm long herb, of the undergrowth of the dense forests of India and Indochinese Peninsula, cultivated in some Indian regions for its root which bark contains a red colouring used to dye the materials. The plant would be extensively traded on the oriental coast of India. The leaves, dried out, pulverized and mixed with flour make a medicine against asthma.	</li><li>ឈ្មោះស្មៅវារលើដីម្យ៉ាង ប្រវែង ៣០-៥០ស.ម មានរោម ដុះក្រោមឈើធំៗ ក្នុងព្រៃក្រាស់ប្រទេសឥណ្ឌា និង ឧបទ្វីបឥណ្ឌូចិន ខេត្តខ្លះនៅឥណ្ឌា គេដាំជាច្រើន ដើម្បីយកឬសទុកជ្រលក់សំពត់ ឱ្យមានពណ៌ក្រហម ឬលឿងភ្លាវ។ ដើមនេះ ជាជំនួញយ៉ាងធំមួយក្នុងខេត្តខ្លះដែលនៅឆ្នេរខាងកើត នៃប្រទេសឥណ្ឌា ។ តាមក្បួនឱសថបុរាណ ស្លឹកស្ងួត កិនឱ្យល្អិត លាយជាមួយម្សៅអង្ករ ជាថ្នាំសម្រាប់ព្យាបាលរោគហឺត ។	</li><li><p-n>More Information	NA &nbsp;: indian madder</p-n></li></ul>
(ស្មៅ)ត្មាតទន្ទ្រាន	TORENIA (Scrophulariaceae)	Torenia godefroyi Bonati	<ul><li>Herb, 20-50 cm tall, growing in the ruins of Cambodia and Thailand. The plant is used as fortifying, under the form of decoction, for the delivered women.	</li><li>ឈ្មោះតិណជាតិ កំពស់ ២០-៥០ស.ម ដុះតាមមាត់ផ្លូវ និងលើកំទេចគេហដ្ឋាន នៃប្រទេសកម្ពុជា និង ថៃ ។ គ្រូថ្នាំបុរាណប្រើដើមនេះ សម្រាប់ស្ងោរធ្វើថ្នាំលើកកម្លាំង អោយនារីទើបសម្រាលកូនហើយផឹក ។	</li><li><p-n>More Information	NK &nbsp;: (smau) thma:t tuntriên &nbsp;(ស្មៅ) ត្មាតទន្រ្ទាន	NOTE	ពេលមានពាក្យ (វល្លិ) (ស្មៅ) (ដើម) ក្នុងវង់ក្រចកខាងក្រោយនាម រុក្ខជាតិ ត្រូវអានពាក្យនោះខាងមុខនាមវិញ។</p-n></li></ul>
ស្មៅត្រាចគល់ 	KNOXIA (Rubiaceae)	Knoxia valerianoides Thorel ex Pit.	<ul><li>Perennial herb, 0.50-1 m tall, with a thick blackish stump, of the undergrowth of the dense forests of Indochina and Southern China. Species in demand by the distillers of the rice alcohol to favor the fermentation.	</li><li>ឈ្មោះតិណជាតិដុះបានយូរឆ្នាំមួយប្រភេទ កំពស់០,៥០-១ម មានគល់ក្រាស់ពណ៌ខ្មៅក្នុង ក្រោមដើមឈើធំៗក្នុងព្រៃធំនៃឥណ្ឌូចិន និងប្រទេសចិនខាងត្បូង ។ ដើមត្រាចគល់ គេប្រើការដូចដើមទាល់ត្រាញ់ដែរ គឺសំរាប់ធ្វើស្រា ស ។	</li><li><p-n>More Information	NK &nbsp;: &nbsp;(smau) tra:ch kuël &nbsp;(ស្មៅ) ត្រាចគល់	NOTE	ពេលមានពាក្យ (វល្លិ) (ស្មៅ) (ដើម) ក្នុងវង់ក្រចកខាងក្រោយនាម រុក្ខជាតិ ត្រូវអានពាក្យនោះខាងមុខនាមវិញ។</p-n></li></ul>
ស្មៅទំហូ	ERIOCAULON (Eriocaulonaceae) 	Eriocaulon longifolium Nees ex Kunth	<ul><li>Small slender herb, 10-50 cm tall, of wet places, in particular paddy fields before the harvest. The spherical and yellow inflorescences of the size of the finger are often used by rural women to adorn their ears.	</li><li>ស្មៅល្អិតមួយប្រភេទ កំពស់១០-៥០ស.ម ដុះលើដីសើម ជាពិសេសក្នុងស្រែមុនរដូវច្រូតកាត់ ។ ផ្កាដុះផ្ដុំគា្នរាងកោង ពណ៌លឿង ធំប៉ុនម្រាមដៃក្មេងស្រីៗ តែងបេះពាក់លេងដូចទំហូ ។	</li><li><p-n>More Information	NK &nbsp;: (smau) tumhu: (herbe boucles d’oreilles, allusion à l’usage) (ស្មៅ) ទំហូ	NOTE	ពេលមានពាក្យ (វល្លិ) (ស្មៅ) (ដើម) ក្នុងវង់ក្រចកខាងក្រោយនាម រុក្ខជាតិ ត្រូវអានពាក្យនោះខាងមុខនាមវិញ។</p-n></li></ul>
ស្មៅបាក់ក្បាល	ECHINOCHLOA (Gramineae)	Echinochloa crus-galli (L.) P. Beauv.	<ul><li>Annual, sturdy herb, 1-1.5 m tall, of wet places and paddy fields of tropical regions of Africa, Asia and Australia, introduced accidentally into some subtropical areas. Considered as a weed growing in paddy, this species is used as fodder for the cattle. Its farinaceous and plentiful grains are sometimes eaten as the rice.	</li><li>ស្មៅប្រចាំឆ្នាំ រឹង កំពស់ ១-១,៥០ម ដុះលើដីសើម និងក្នុងទឹកស្រែនៃទ្វីបអាហ្វ្រិក អាស៊ី និងអូស្ត្រាលីផ្នែកក្តៅ អាចនាំចូលទ្វីបក្ដៅមធ្យម ដោយចៃដន្យ ។ ជារុក្ខជាតិដុះលាយជាមួយស្រូវ គេតែងទុកជាស្មៅចង្រៃមួយ តែស្មៅនេះជាអាហារ សត្វពាហនៈ ។ មានគ្រាប់សម្បូរដោយជាតិម្សៅ ស្រុកខ្លះ គេបរិភោគដូចស្រូវដែរ ។	</li><li><p-n>More Information	Syn. &nbsp;: Panicum crus-galli L.</p-n></li></ul>
(ស្មៅ) ប៉េងបោះស្រោម	PHYSALIS (Solanaceae) 	Physalis angulata L.	<ul><li>Herbaceous plant, 20-50 cm tall, of uncultivated places in all the tropical regions. The young leaves are eaten in the &quot;sâmlâ&quot;. The ripe fruits are edible.	</li><li>តិណជាតិមួយប្រភេទ កំពស់ ២០-៥០ស.ម ដុះលើដីគ្មានដំណាំនៃប្រទេសក្តៅលើសកលលោក ។ ស្លឹកខ្ចី អាចប្រើធ្វើជាបន្លែសម្រាប់ស្ល ។ ផ្លែ ទុំៗបរិភោគបាន ។	</li><li><p-n>More Information	NK : (smau) péng pâhs sraôm (tomate à enveloppe, allusion au fruit enveloppé par le calice accrescent) (ស្មៅ) ប៉េងប៉ោះស្រោម	NOTE	ពេលមានពាក្យ (វល្លិ) (ស្មៅ) (ដើម) ក្នុងវង់ក្រចកខាងក្រោយនាម រុក្ខជាតិ ត្រូវអានពាក្យនោះខាងមុខនាមវិញ។</p-n></li></ul>
	ឧទាហរណ៏៖&nbsp;		<ul><li>	</li><li>					</li></ul>
ស្មៅផ្កាថ្ម	@ ស្មៅស្លាបទា	CYANOTIS (Commelinaceae)	Cyanotis axillaris Roem. et Schult.	<ul><li>Herb, 20-40 cm tall, of dry places, or growing on rocks, met in tropical Asia and in Northern Australia. The plant is used as food for the pigs. In traditional medicine, it is used to treat the boils.	</li><li>ឈ្មោះស្មៅមួយប្រភេទ កំពស់ ២០-៤០ស.ម ស្ទើវារដុះលើដីមានថ្ម ឬដីស្ងួត ក្នុងទ្វីបអាស៊ីក្ដៅ និងអូស្ត្រាលីខាងជើង ។ ដើមនេះជាចំណីជ្រូក ។ គ្រូថ្នាំបុរាណប្រើស្មៅផ្កាថ្ម សម្រាប់ធ្វើឱសថព្យាបាលជម្ងឺបូសទ្រនិច ។	</li><li><p-n>More Information	NK : smau phka thmâ: (fleur rocaille, allusion à l’habitat), smau sla:b tië (herbe plume de canard, allusion à la fome des feuilles) &nbsp;ស្មៅផ្កាថ្ម, ស្មៅស្លាបទា	NOTE	ពេលមានពាក្យ (វល្លិ) (ស្មៅ) (ដើម) ក្នុងវង់ក្រចកខាងក្រោយនាម រុក្ខជាតិ ត្រូវអានពាក្យនោះខាងមុខនាមវិញ។</p-n></li></ul>
(ស្មៅ) ពិកា	TEPHROSIA (Leguminosae-Papilionoideae) 	Tephrosia vestita Vogel	<ul><li>Hard herb, 0.80-1 m tall, of the secondary formations of Cambodia, Laos, Vietnam and Thailand. Fruits use in the games of children. 	</li><li>ពិកាជាតិណជាតិរឹងកំពស់០,៨០-១ម ដុះក្នុងព្រៃល្បោះនៃប្រទេសកម្ពុជា លាវ វៀតណាម និងថៃ ។ ក្មេងៗតែងយកផ្លែពិកា លេងជាល្បែង ។ 	</li><li><p-n>More Information	Syn. &nbsp;: Tephrosia repentina Drumm &amp; Craib</p-n></li></ul>
ស្មៅភ្លុក 	PANICUM (Gramineae) 	Panicum repens L.	<ul><li>Annual herb met in the paddy fields after the harvest and on the waste lands of the tropical world. The infusions of the plant are used in traditional medicine, in external use, against haemorrhoids.	</li><li>ឈ្មោះស្មៅប្រចាំឆ្នាំមួយពួក ដុះក្នុងស្រែ ក្រោយរដូវច្រូត និងលើដីវាលនៃប្រទេសក្តៅសកលលោក។ តាមក្បួនឱសថ បុរាណ គេស្ងោរដើមស្មៅនេះផឹក ព្យាបាលឬសដូងបាត ។	</li><li><p-n>More Information	NK &nbsp;: (smau’) phluk &nbsp;ភ្លុក (ស្មៅ)	NOTE	ពេលមានពាក្យ (វល្លិ) (ស្មៅ) (ដើម) ក្នុងវង់ក្រចកខាងក្រោយនាម រុក្ខជាតិ ត្រូវអានពាក្យនោះខាងមុខនាមវិញ។</p-n></li></ul>
	ឧទាហរណ៏៖&nbsp;		<ul><li>	</li><li>					</li></ul>
ស្មៅមមាំង	CHENOPODIUM (Chenopodiaceae)	Chenopodium ficifolium Sm.	<ul><li>Erected herb, spontaneous in Asia on fallow lands; species with a foul smell. The plant is used as remedy against snake bites. The stalks and roots are a component of a remedy against women gonorrhea.	</li><li>ស្មៅមមាំងដុះឯងៗត្រង់ឡើងលើ កំពស់៥០-៨០ស.ម លើដីទំនេរក្នុងទ្វីបអាស៊ីក្ដៅ ដើមនេះមានក្លិនស្អុយ ។ គេប្រើស្មៅនេះផ្សំធ្វើថ្នាំពស់ចឹក ។ មែក ធាង ព្រមទាំងឬស ជាគ្រឿងផ្សំថ្នាំព្យាបាលជម្ងឺប្រមេះស្រ្តី ។	</li><li><p-n>More Information	NK : smau momèang’ &nbsp;ស្មៅមមាំង	NOTE	ពេលមានពាក្យ (វល្លិ) (ស្មៅ) (ដើម) ក្នុងវង់ក្រចកខាងក្រោយនាម រុក្ខជាតិ ត្រូវអានពាក្យនោះខាងមុខនាមវិញ។</p-n></li></ul>
ស្មៅម្រុម	LUDWIGIA (Onagraceae)	Ludwigia octovalvis (Jacq.) Raven, subsp. sessiflora (Michx.) Raven	<ul><li>Herb, 30-80 cm tall, densely covered with hairs, met in the swampy places of plain and altitude up to 1300 m, widely spread in all the tropical regions of the world. The plant is used as food for pigs.	</li><li>ស្មៅនេះកំពស់ ៣០-៨០ស.ម មានរោមជាច្រើន ដុះក្នុងវាលភក់ល្បាប់ លើដីទំនាបឬលើភ្នំ ដែលមានកំពស់រហូតដល់ ១៣០០ម ។ ដើមនេះមានដុះគ្រប់ប្រទេសក្ដៅសកលលោក ។ គេប្រើស្មៅស្មាច់ទឹកសំរាប់អោយជ្រូកស៊ី ។ 	</li><li><p-n>More Information	Syn. &nbsp;: Jussiaea suffruticosa L.</p-n></li></ul>
ស្មៅរាំងទឹក	EMILIA (Compositae)	Emilia sonchifolia (L.) DC.	<ul><li>Herb, 20-40 cm tall, common in the uncultivated places, of roadside and paddy fields dams, met in tropical and subtropical Asia. Eaten raw or cooked plant, sometimes sold on the markets. the decoction of leaves would be effective against numerous diseases, in particular the cold, diarrhoea and tuberculosis.	</li><li>ស្មៅម្យ៉ាង កំពស់២០-៤០ស.ម ច្រើនដុះលើដីដែលគ្មានដាំដំណាំឬលើភ្លឺស្រែ នៃទ្វីបអាស៊ីក្ដៅនិងក្ដៅមធ្យម ។ ដើមនេះសម្រាប់បរិភោគជាបន្លែ ពេលខ្លះគេលក់ក្នុងផ្សារ ។ គ្រូខ្មែរស្ងោរស្លឹករាំងទឹកសម្រាប់ព្យាបាលរោគជាច្រើន ជាពិសេស រោគផ្ដាសាយ រោគរាគមួល និងរបេង ។ 	</li><li><p-n>More Information	NK &nbsp;: (smau) reèang tük &nbsp;(ស្មៅ) រាំងទឹក	NOTE	ពេលមានពាក្យ (វល្លិ) (ស្មៅ) (ដើម) ក្នុងវង់ក្រចកខាងក្រោយនាម រុក្ខជាតិ ត្រូវអានពាក្យនោះខាងមុខនាមវិញ។</p-n></li></ul>
(ស្មៅ) រុយ	VERNONIA (Compositae)	Vernonia cinerea Less. 	<ul><li>Dwarfish herb, reaching 80 cms, of the sunny places and along the paths in the tropical regions of the world. In Cambodia, the plant is believed to have medicinal virtues. It is part of a remedy against aérophagie. The leaves and the roots are used in decoction to treat the fevers, colics and furunculosis.	</li><li>ស្មៅតូចមួយប្រភេទកំពស់មិនលើសពី៨០ស.មទេ ដុះលើទីវាលកណ្ដាលថ្ងៃនឹងតាមមាត់ផ្លូវ នៃប្រទេសក្តៅសកលលោក ។ នៅស្រុកខ្មែរ គ្រូបុរាណ តែងប្រើស្លឹក និង ឫសស្ងោរ ធ្វើថ្នាំរម្ងាប់រោគគ្រុន ចុកពោះ និង បូសទ្រនិច ។	</li><li><p-n>More Information	NK &nbsp;: (smau) ruy (herbe mouche) &nbsp;(ស្មៅ) រុយ	NOTE	ពេលមានពាក្យ (វល្លិ) (ស្មៅ) (ដើម) ក្នុងវង់ក្រចកខាងក្រោយនាម រុក្ខជាតិ ត្រូវអានពាក្យនោះខាងមុខនាមវិញ។</p-n></li></ul>
(ស្មៅ) រៃទឹក	ROTULA (Boraginaceae)	Rotula aquatica Lour.	<ul><li>Sub-shrub, 0.50-1 m tall, of the wet places of the tropical regions. The complete plant is used to make a decoction against malaria.	</li><li>ឈ្មោះគុម្ពព្រឹក្សតូចមួយប្រភេទកំពស់ ០,៥០-១ម ដុះលើដីសើម នៃប្រទេសក្ដៅសកលលោក ។ នៅស្រុកខ្មែរ គេប្រើដើមទាំងមូលសំរាប់ធ្វើថ្នាំរំងាប់ជំងឺគ្រុនចាញ់ ។	</li><li><p-n>More Information	NK &nbsp;: (smau) réi tük (plante cigale d’eau) (ស្មៅ) រៃទឹក	NOTE	ពេលមានពាក្យ (វល្លិ) (ស្មៅ) (ដើម) ក្នុងវង់ក្រចកខាងក្រោយនាម រុក្ខជាតិ ត្រូវអានពាក្យនោះខាងមុខនាមវិញ។</p-n></li></ul>
ស្មៅសង្កើច	IMPATIENS (Balsaminaceae)	Impatiens relaxata Hook. f.	<ul><li>Annual herb, 30-50 cm tall, of the undergrowth of the wet dense mountain forests of Cambodia, plentiful especially in the meadows of the Bokor mountain. The plant is used as insecticide, in particular to fight bedbugs.	</li><li>&#8203;	</li><li><p-n>More Information	NK &nbsp;: (smau) sângkoëch (herbe punaise, allusion à l’usage) (ស្មៅ) សង្កើច	NOTE	ពេលមានពាក្យ (វល្លិ) (ស្មៅ) (ដើម) ក្នុងវង់ក្រចកខាងក្រោយនាម រុក្ខជាតិ ត្រូវអានពាក្យនោះខាងមុខនាមវិញ។</p-n></li></ul>
ស្មៅសណ្ដែកព្រៃ	ATYLOSIA (Leguminosae-Papilionoideae) 	Atylosia scarabaeoides (L.) Benth. 	<ul><li>Climber herb found in open forest, thicket, roadside and along sandy river, up to 200m altitude, found in tropical Asia. The seeds are consumed cooked like bean. The elastic stem is used as a string.	</li><li>ដើមនេះ ជាស្មៅវារលើដើមចុល្លព្រឹក្សនៅជិតខាងដុះក្នុងព្រៃល្បោះ ព្រៃគម្ពោត តាមមាត់ផ្លូវជិតទឹក លើដីខ្សាច់ទីរាប ឬលើភ្នំដែលមានកំពស់ទាបជាង ២០០០ម ។ គេប្រទះឃើញ ស្មេ ក្នុងទ្វីបអាស៊ីផ្នែកក្ដៅ ។ គ្រាប់អាចស្ងោរស៊ីបាន ។ វល្លិគេយកចងអុស ឬរបង ។ល។	</li><li><p-n>More Information	NK : (voer) sânndaèk préi (herbe haricot sauvage) &nbsp;ស្មៅសណ្ដែកព្រៃ (វល្លិ)	NOTE	ពេលមានពាក្យ (វល្លិ) (ស្មៅ) (ដើម) ក្នុងវង់ក្រចកខាងក្រោយនាម រុក្ខជាតិ ត្រូវអានពាក្យនោះខាងមុខនាមវិញ។</p-n></li></ul>
ស្មៅសន្សើមដួច	DROSERA (Droseraceae)	Drosera burmanii Vahl	<ul><li>Herb of the wet, sandy, open places, provided with a bow of leaves at bottom, often red. Species widely spread in tropical Asia and Australia and in Micronesia. Plant used in traditional medicine against the sores or as antispasmodic in the cases of whooping cough.	</li><li>ឈ្មោះស្មៅតូចមួយប្រភេទ ដុះលើដីសើមៗ ធាតុខ្សាច់ ដីទទេ ដើមនេះមានស្លឹកដុះទាបផ្ទាល់ដី មានពណ៌ច្រើនតែក្រហម ។ ដើមនេះមានគ្រប់ស្រុកក្ដៅក្នុងទ្វីបអាស៊ី អូស្ត្រាលី និងមីក្រូណេស៊ី ។ គ្រូខ្មែរយកដើមស្មៅនេះ ព្យាបាលជម្ងឺ ក្រមរស្រែង ឬជម្ងឺរញាក់ រញ័រ ពេលកើតក្អកមាន់ ។ 	</li><li><p-n>More Information	NK &nbsp;: (smau) sânsaëm duëch (herbe goutte de rosée) &nbsp;(ស្មៅ) សន្សើមដួច	NOTE	ពេលមានពាក្យ (វល្លិ) (ស្មៅ) (ដើម) ក្នុងវង់ក្រចកខាងក្រោយនាម រុក្ខជាតិ ត្រូវអានពាក្យនោះខាងមុខនាមវិញ។</p-n></li></ul>
ស្មៅស្នោ	BACOPA (Scrophulariaceae)	Bacopa monnieri (L.) Wettst.	<ul><li>Prostrate herb growing in ricefields and on sandy places in tropical and subtropical regions up to 500m altitude. Flowers consumed in time of shortage. Used as medicinal plant in neighbouring countries.	</li><li>ជាស្មៅម្យ៉ាងទាបណាស់ ដុះក្នុងស្រែ ឬលើភ្លឺស្រែ ដែលមានខ្សាច់នៃប្រទេសក្ដៅ និងក្ដៅមធ្យម លើដីរាប ឬទួល មិនលើសពីកំពស់ ៥០០ ម ។ ផ្កាអាចបរិភោគបានពេលមានទុរិ្ភក្ស ។ នៅស្រុកជិតខាងយើង គេយកស្មៅស្នោ ធ្វើថ្នាំព្យាបាល             រោគ ។ 	</li><li><p-n>More Information	NK : smau snaô &nbsp;ស្មៅស្នោ	NOTE	ពេលមានពាក្យ (វល្លិ) (ស្មៅ) (ដើម) ក្នុងវង់ក្រចកខាងក្រោយនាម រុក្ខជាតិ ត្រូវអានពាក្យនោះខាងមុខនាមវិញ។</p-n></li></ul>
ស្មៅស្មាច់ទឹក	LUDWIGIA (Onagraceae)	Ludwigia hyssopifolia (G. Don.) Exell	<ul><li>Herb, 0.50-2 m tall, of the wet places of tropical Asia. Used in traditional medicine in Cambodia and in Laos. The stalks and leaves are used as poultice to cure the exaggerations of the articulations. In Vietnam, the plant is consumed in soup.	</li><li>ឈ្មោះស្មៅមួយប្រភេទកំពស់ ០,៥០-២ម ដុះលើដីសើមៗនៃទ្វីបអាស៊ីផ្នែកក្ដៅ ។ ជារុក្ខជាតិឱសថនៅប្រទេសខ្មែរ និង លាវ ។ មែក និងស្លឹក គេប្រើជាថ្នាំបំពោកលើកន្លែងហើម នៃសន្លាក់ឆ្អឹង នៅប្រទេសវៀតណាមគេបរិភោគស្លឹកខ្ចី នៃស្មៅស្មាច់ទឹក ។	</li><li><p-n>More Information	NK &nbsp;&nbsp;: &nbsp;(smau) smach’ tük &nbsp;(ស្មៅ) ស្មាច់ទឹក	NOTE	ពេលមានពាក្យ (វល្លិ) (ស្មៅ) (ដើម) ក្នុងវង់ក្រចកខាងក្រោយនាម រុក្ខជាតិ ត្រូវអានពាក្យនោះខាងមុខនាមវិញ។</p-n></li></ul>
ស្មៅស្រកានាគ	MECOPUS (Leguminosae-Papilionoideae) 	Mecopus nidulans Benn.	<ul><li>Slightly crawling, 90 cm long, hard herb, of reclaimed grounds, on roadsides or on paddy fields walls. in the Indo-Malay region. Plant which may be used as green manure. The infusions of the stalks with leaves are used in traditional medicine, against the diseases of the respiratory tracts.	</li><li>ឈ្មោះស្មៅស្ទើវារមួយប្រវែងរហូតជិត ១ម ដុះលើដីវាល មាត់ផ្លូវ ឬលើភ្លឺស្រែនៅឧបទ្វីបឥណ្ឌូចិន ជ្វា និងប្រទេសឥណ្ឌា ។ គេប្រើដើមស្រកានាគ សំរាប់ធ្វើជីស្រស់ ។ គ្រូថ្នាំខ្មែរឆុងស្លឹក និងធាងតូចៗ ធ្វើថ្នាំផឹករំងាប់រោគគ្រឿងដកដង្ហើម។	</li><li><p-n>More Information	NK : (smau) srâka: niëk (écaille de dragon) (សៅ្ម) ស្រកានាគ	NOTE	ពេលមានពាក្យ (វល្លិ) (ស្មៅ) (ដើម) ក្នុងវង់ក្រចកខាងក្រោយនាម រុក្ខជាតិ ត្រូវអានពាក្យនោះខាងមុខនាមវិញ។</p-n></li></ul>
(ស្មៅ) ស្លាបទា	COMMELINA (Commelinaceae)	Commelina salicifolia Roxb.	<ul><li>Herb of the wet places of tropical Asia. In Cambodia, the transparent staminal hairs are of use, in vegetal biology to the study of the Brownian movement (movement of the cytoplasm, known as &quot;cyclose&quot;).	</li><li>ឈោ្មះ តិណជាតិមួយប្រភេទ ដុះលើដីសើម ក្នុងទ្វីបអាស៊ីក្ដៅ ។ នៅប្រទេសខ្មែរ គេយករោមដុះលើទង លំអងផ្កា ឈ្មោល មានភាពថ្លាធ្វេង សម្រាប់ធ្វើការសិក្សាអំពីចលនា (Brownnian) ដោយយកកោសិកា មកពិនិត្យក្នុងអតិសុខុម   ទស្សន៍ ។	</li><li><p-n>More Information	NK : (smau) sla:b tië (herbe plume de canard, allusion à la forme des feuilles) &nbsp;(ស្មៅ) ស្លាបទា	NOTE	ពេលមានពាក្យ (វល្លិ) (ស្មៅ) (ដើម) ក្នុងវង់ក្រចកខាងក្រោយនាម រុក្ខជាតិ ត្រូវអានពាក្យនោះខាងមុខនាមវិញ។</p-n></li></ul>
(ស្មៅ)អណ្តាតគោ	ACHYRANTHES (Amaranthaceae) 	Achyranthes aspera L.)	<ul><li>Hard herb found near villages in tropical Asia. Its main use is as forage of permanent grass. In Battambong province, is used as ritual plant when gathering paddy in Corn-loft.	</li><li>ស្មៅរឹងម្យ៉ាង ដែលដុះក្បែរផ្ទះនៅ។ គោ ក្របី ចូលចិត្តស៊ីស្មៅអណ្តាតគោណាស់។ អ្នកស្រុកខេត្តបាត់ដំបង ប្រើដើមនេះក្នុងពិធីបុណ្យ(ពុទ្ធសាសនា)ពេលច្រូតកាត់រួច ហើយកើបស្រូវដាក់ក្នុងជង្រុក។ ដើមស្មៅអណ្តាតដុះក្នុងទ្វីបអាស៊ីក្ដៅ។	</li><li><p-n>More Information	NK : ânda:t kôô (smau) (herbe langue de bœuf, allusion aux feuilles rugueuses) អណ្តាតគោ(ស្មៅ)	NOTE	ពេលមានពាក្យ (វល្លិ) (ស្មៅ) (ដើម) ក្នុងវង់ក្រចកខាងក្រោយនាម រុក្ខជាតិ ត្រូវអានពាក្យនោះខាងមុខនាមវិញ។</p-n></li></ul>
(ស្មៅ) អំបុក	@(ស្មៅ)ស្រមោច, @ព្រះល្ងៀង 	DESMODIUM (Leguminosae-Papilionoideae) 	Desmodium auricomum Graham ex Benth.	<ul><li>Crawling herb, trifoliate, met in the sunny places on sandy soil, of Indochina and Malay Archipelago. The species is part of a remedy against the syphilis. It is also an excellent fodder.	</li><li>តិណជាតិវារលើដីមួយប្រភេទ មានកូនស្លឹកបី ដុះក្នុងទីវាលមានថ្ងៃលើដីខ្សាច់ ក្នុងប្រទេសឥណ្ឌូចិន និងប្រជុំកោះ  ជ្វា ។ គេស្ងោរដើមនេះផឹក ដើម្បីរម្ងាប់រោគអុត ។ គ្រូខ្មែរយកស្មៅនេះលាយជាមួយរុក្ខជាតិដទៃទៀត ធ្វើថ្នាំព្យាបាលរោគ ស្វាយ ។ គោក្របី ចូលចិត្តស៊ីស្មៅនេះណាស់ ។	</li><li><p-n>More Information	NK &nbsp;: (smau) âmbok, (smau) srâmaôch (herbe fourmi), prèah lô-ngiëng (ស្មៅ) អំបុក, (ស្មៅ) ស្រមោច, ព្រះល្ងៀង	NOTE	ពេលមានពាក្យ (វល្លិ) (ស្មៅ) (ដើម) ក្នុងវង់ក្រចកខាងក្រោយនាម រុក្ខជាតិ ត្រូវអានពាក្យនោះខាងមុខនាមវិញ។</p-n></li></ul>
ស្មៅអាចម៍កុក 	LUDWIGIA (Onagraceae)	Ludwigia perennis L.	<ul><li>Herb, 50-100 cm tall, sub-glabrous, of uncultivated paddy fields or wet places, in the tropical regions of the Ancient World. The complete plant is used to feed pigs. Dried out, it is used to light fire.	</li><li>ឈ្មោះស្មៅម្យ៉ាងដូចស្មៅមុ្រម ឬស្មៅស្មាច់ទឹកដែរ មានកំពស់ ០,៥០-១ម មិនសូវមានរោមទេ ដុះក្នុងស្រែក្រោយរដូវច្រូតហើយ ឬលើដីសើមៗ នៃប្រទេសក្ដៅសកលលោក ។ ដើមនេះជាចំណីជ្រូក ឬសំរាប់លាយបាយជ្រូក ។ ដើមដែលហាលស្ងួតគេអាចប្រើទុកបង្កាត់ភ្លើង ។	</li><li><p-n>More Information	Syn. &nbsp;: Jussiaea caryophyllea Lam.</p-n></li></ul>
ស្រកានាគ	@ស្រឡប់ពពក, @វល្លិវឹក	DESMODIUM (Leguminosae-Papilionoideae) 	Desmodium styracifolium (Osbeck) Merr. 	<ul><li>Sub-shrub, 0.60-2 m tall, prostrated or ascending, met in Southeast Asia, in meadows and abandoned paddy fields on sandy soil. Fodder plant. It is used in traditional medicine against varied diseases.	</li><li>ឈ្មោះគុម្ពព្រឹក្សតូចម្យ៉ាង កំពស់ ០.៦០-២ម តឿឬត្រង់ទៅលើ ដុះក្នុងវាលស្មៅ ឬក្នុងស្រែដែលគេបោះបង់លើដីខ្សាច់ នៃទ្វីបអាស៊ីផ្នែកអាគ្នេយ៍ ជាដើមសម្រាប់គោក្របីស៊ី ។ គ្រូថ្នាំខ្មែរប្រើរុក្ខជាតិនេះ ធ្វើថ្នាំព្យាបាលជម្ងឺផ្សេងៗ ។	</li><li><p-n>More Information	Syn. : Desmodium retroflexum (L.) DC.; Uraria retroflexa (L.) Drake</p-n></li></ul>
ស្រគំព្រៃ	MADHUCA (Sapotaceae)	Madhuca cochinchinensis (Pierre ex Dubard) H.J. Lam	<ul><li>Raised tree, 25-35 m tall, of the secondary forests of plain of Cambodia and Southern Vietnam. Wood used in construction.	</li><li>ឈ្មោះព្រឹក្សធំមួយប្រភេទកំពស់ ២៥-៣៥ម មានដុះលើដីទំនាបព្រៃល្បោះក្នុងប្រទេសខ្មែរ និងវៀតណាម ។ ឈើជាប់ល្អ គេប្រើសំរាប់ ធ្វើគ្រឿងសង់ផ្ទះ ។	</li><li><p-n>More Information	Syn. &nbsp;: Bassia cochinchinensis (Pierre) Lecomte</p-n></li></ul>
ស្រគំភ្នំ	MADHUCA (Sapotaceae)	Madhuca butyrospermoides A. Chev.	<ul><li>Shrub or small tree, 4-10 m tall, of the dense forests of Cambodia and Vietnam, met in Kampot, Kamchay especially on the Bokor mountain. Wood may be used in construction.	</li><li>ស្រគំភ្នំកំពស់ ៤-១០ម ដុះក្នុងព្រៃក្រាស់ ក្នុងប្រទេសខ្មែរ និងវៀតណាម ។ ក្នុងប្រទេសកម្ពុជា ស្រគំភ្នំច្រើនមានក្នុងខេត្តកំពត (កំចាយ, បូកគោ) ។ ឈើគេប្រើសង់ផ្ទះបាន ។	</li><li><p-n>More Information	NK &nbsp;&nbsp;: &nbsp;srâ:kum’ phnôm &nbsp;ស្រគំភ្នំ	NOTE	ពេលមានពាក្យ (វល្លិ) (ស្មៅ) (ដើម) ក្នុងវង់ក្រចកខាងក្រោយនាម រុក្ខជាតិ ត្រូវអានពាក្យនោះខាងមុខនាមវិញ។</p-n></li></ul>
ស្រគំស៊ីផ្លែ	@ស្រគំភ្លុក	MADHUCA (Sapotaceae)	Madhuca bejaudi Aubrév.	<ul><li>Shrub or small tree, 8-15 m tall, of the secondary formations of plain of Cambodia. Edible sweet fruits. Wood used in construction.	</li><li>ព្រឹក្សមួយប្រភេទកំពស់ ៨-១៥ម ដុះលើដីទំនាបនៃព្រៃល្បោះក្នុងប្រទេសកម្ពុជា។ ផ្លែទុំមានរសផ្អែមបរិភោគបាន ។ ឈើគេសំរាប់ប្រើសង់ផ្ទះ ។	</li><li><p-n>More Information	NK &nbsp;: srâ:kum’ siphlaè, srâ:kum’ phlu’h &nbsp;&nbsp;ស្រគំស៊ីផ្លែ, ស្រគំភ្លុក	NOTE	ពេលមានពាក្យ (វល្លិ) (ស្មៅ) (ដើម) ក្នុងវង់ក្រចកខាងក្រោយនាម រុក្ខជាតិ ត្រូវអានពាក្យនោះខាងមុខនាមវិញ។</p-n></li></ul>
ស្រគុំកាច់	@រំដេញទឹក	ELAEOCARPUS (Elaeocarpaceae)	Elaeocarpus lanceifolius Roxb.	<ul><li>Tree, 15-20 m tall, of secondary or flooded forests of Cambodia, Laos and Vietnam. Wood used for inside constructions and often as firewood.	</li><li>ដើមព្រឹក្សមួយប្រភេទកំពស់១៥-២០ម ដុះក្នុងព្រៃរនាម ឬព្រៃស្រោងនៃទ្វីបឥណ្ឌូចិន ។ ឈើសម្រាប់ប្រើសង់ផ្ទះ ឬ ធ្វើអុសដុត ។	</li><li><p-n>More Information	Syn. &nbsp;: Elaeocarpus lacunosus Wall. ex Kurz</p-n></li></ul>
ស្រងល់	SAMBUCUS (Caprifoliaceae)	Sambucus hookeri Rehder.	<ul><li>Shrub. 1-7 m tall, of the dense forests along the rivers of Southeast Asia, met in Cambodia on the rocky summits of the Bokor mountain. Ripe fruits edible. considered as laxative and diuretic.	</li><li>ឈ្មោះចុល្លព្រឹកម៉្យាងកំពស់ ១-៧ម ដុះក្នុងព្រៃក្រាស់ តាមមាត់ទឹកនៃអាស៊ីផ្នែកអាគ្នេយ៍, ក្នុងប្រទេសកម្ពុជា ស្រងល់ ច្រើនដុះលើភ្នំបូកគោ ដុះលើថ្ម ។ ផ្លែទុំបរិភោគបាន គឺជាថ្នាំបញ្ចុះ និងធ្វើឱ្យនោមច្រើន ។ 	</li><li><p-n>More Information	Syn. &nbsp;: Sambucus javanica Reinw</p-n></li></ul>
ស្រងល់	@ត្រម៉ល់, @សែដាព្រៃ	ACRONYCHIA (Rutaceae)	Acronychia pedunculata (L.) Miq.	<ul><li>Small tree up to 2-8m tall; species restricted to lowland secondary forest of Extrême-Orient. The fruit is edible but without much flavour. The barks give a yellow stain used for staining fish-nets; it is also used for boats caulking.	</li><li>ដើមនេះជាចុល្លព្រឹក្ស កំពស់ពី ២ ទៅ ៨ ម ដុះក្នុងព្រៃទំនាប ឬទីវាលលើខ្នងភ្នំដែលមានថ្មច្រើន។ ផ្លែទុំមានរសជាតិ ផ្អែម តែហាង អាចបរិភោគបាន។ គេស្ងោរឫសដើមនេះ ហើយបាចក្នុងទឹក ដើម្បីឱ្យត្រីសន្លប់ មុននឹងនេសាទ។ សំបក          សំរាប់ជ្រលក់សំណាញ់ ឬគ្រាប់សៀវភៅ។ 	</li><li><p-n>More Information	Syn. : A. laurifolia Blume&nbsp;</p-n></li></ul>
ស្រងាំ	TRISTANIOSPIS (Myrtaceae)	Tristaniospis burmannica Wilson &amp; Waterh.	<ul><li>Shrub, 2-6 m tall, of the dense coastal forests and pine forests of moderate altitude in the Indochinese Peninsula. The wood is used as pickets for fences or as support for pepper plants.	</li><li>ស្រងាំជាចុល្លព្រឹក្សកំពស់២-៦ម ដុះក្នុងព្រៃធំជិតសមុទ្រ និងព្រៃស្រល់លើភ្នំទាបៗល្មម នៃឧបទ្វីបឥណ្ឌូចិនគេតែងប្រើដើមធ្វើជាបង្គោលរបង ឬធ្វើជាជន្លង់សំរាប់ដាំម្រេច ។	</li><li><p-n>More Information	Syn. &nbsp;: Tristania burmannica Griff.</p-n></li></ul>
ស្រងែ	ORYZA (Gramineae)	Oryza rufipogon Griff.	<ul><li>Wild rice, growing at the edge of ponds or floating in water, with swelled roots (rhizomes). The fruits are eaten as those of cultivated rice. Rhizomes are used in traditional medicine, against poisonings. This species is considered as the ancestor of all the Asian rices.	</li><li>ស្រងែ ជាស្រូវព្រៃ ច្រើនដុះមាត់ស្រះ ឬក្នុងទឹកជាស្រូវលិចទឹក មានមើមដើមធំៗ ។ ផែ្លបរិភោគបានដូចស្រូវធម្មតា         ដែរ ។ ក្នុងក្បួនឱសថបុរាណ គេប្រើស្រូវស្រងែ សម្រាប់រម្ងាប់ធាតុពុល ។ ស្រូវស្រងែជាពូជដើមនៃស្រូវនានាដែលគេដាំ ។	</li><li><p-n>More Information	Syn &nbsp;: Oryza sativa L. forma spontanea Backer</p-n></li></ul>
ស្រម៉ 	TERMINALIA (Combretaceae) 	Terminalia chebula Retz. 	<ul><li>Tree, with a blackish bark, 15-20 m tall, of the dense decideous forests of Southern China, India, Nepal, Sri Lanka, Indochinese Peninsula and Malaysia. The bitter green fruits are eaten raw with roasted fish. Wood much in demand in cabinetwork and in construction. The bark produces a gum and tannins used to dye fishing nets.	</li><li>ព្រឹក្សមួយប្រភេទសំបកខ្មៅ កំពស់១៥-២០ម ដុះក្នុងព្រៃធំជ្រុះស្លឹកនៃប្រទេសចិនខាងត្បូង ឥណ្ឌា ណេប៉ាល សេរី- លង្កា ឧបទ្វីបឥណ្ឌូចិន និងជ្វា ។ ផ្លែខ្ចីៗ រសជាតិចត់ អាចបរិភោគបានជាមួយត្រីអាំង ។ ឈើមានតំលៃណាស់ សម្រាប់ធ្វើតុ ទូ និង សង់ផ្ទះ ។ សំបកមានជ័រ និង Tannins សម្រាប់ធ្វើជាថ្នាំជ្រលក់សំណាញ់នេសាទ ។	</li><li><p-n>More Information	NA​ &nbsp;: chebulic myrobolan</p-n></li></ul>
ស្រម៉ពិភេទក៏	TERMINALIA (Combretaceae) 	Terminalia bellirica (Gaertn.) Roxb.	<ul><li>Tree or shrub, 6-10 m tall, of the clear or semi-dense formations of Southeast Asia. Wood used especially to make cart wheels. The fruits give a black dye. In traditional medicine, the green fruits are considered as laxative ; the ripe fruits are absorbed against diarrhoeas. 	</li><li>ព្រឹក្ស ឬចុល្លព្រឹក្សកំពស់៦-១០ម ដុះក្នុងព្រៃស្រោង ឬព្រៃក្រាស់នៃអាស៊ីផ្នែកអាគ្នេយ៍ ។ ឈើសម្រាប់ធ្វើជាកង់រទេះ ។ ផ្លែគេប្រើធ្វើជាថ្នាំជ្រលក់សំពត់ពណ៌ខ្មៅ ។ ផ្លែខ្ចីៗ ជាថ្នាំបញ្ចុះ ។ ផ្លែទុំអាចធ្វើថ្នាំរាគ ។ 	</li><li><p-n>More Information	NK &nbsp;: srâmâ: pi’phéth &nbsp;ស្រម៉ពិភេទក៍	NOTE	ពេលមានពាក្យ (វល្លិ) (ស្មៅ) (ដើម) ក្នុងវង់ក្រចកខាងក្រោយនាម រុក្ខជាតិ ត្រូវអានពាក្យនោះខាងមុខនាមវិញ។</p-n></li></ul>
ស្រមោល	ELAEOCARPUS (Elaeocarpaceae)	Elaeocarpus macrocerus (Turcz.) Merr.	<ul><li>Tree, 15-20 m tall, of the dense riversides forests of Southeast Asia. The roots emit vertical exgrowths of which corks and ballcocks for fishing nets are made. Wood is used for temporary buildings.	</li><li>ឈ្មោះព្រឹក្សម្យ៉ាងកំពស់១៥-២០ម ដុះក្នុងព្រៃជ្រៅជិតមាត់ទឹកនៃទ្វីបអាស៊ីផ្នែកអាគ្នេយ៍។ ដើមនេះមានឬសដុះចេញក្រៅបញ្ឈរ គេតែងកាត់យកមកធ្វើឆ្នុកដប ឬធ្វើកំសួលសន្ទួចវាត់ ។ ឈើអាចប្រើសម្រាប់សង់ខ្ទម ឬរោងបណ្ដោះអាសន្ន ។	</li><li><p-n>More Information	NK &nbsp;&nbsp;: srâmaôl (ombre) &nbsp;ស្រមោល	NOTE	ពេលមានពាក្យ (វល្លិ) (ស្មៅ) (ដើម) ក្នុងវង់ក្រចកខាងក្រោយនាម រុក្ខជាតិ ត្រូវអានពាក្យនោះខាងមុខនាមវិញ។</p-n></li></ul>
ស្រល់ 	PINUS (Pinaceae, Gymnospermes)	Pinus merkusii Jungh &amp; de Vries	<ul><li>Tree, 30-50 m tall, met in Cambodia in pure or almost pure stockings on the Kirirom plateau where it covers about 12.000 hectares, all in one block. It is met in other regions but in much smaller surfaces. The species exists also in many other countries: Laos, Vietnam, Thailand, Burma, India, Southern China, the Philippines, Indonesia and the Mollucas islands. Wood much in demand for the local constructions of cottages. and to make railway carriages and boats. It is used sometimes in cabinetwork, woodwork and casing. The resin is used especially to make torches. In traditional medicine, the decoction of the dried out resin is used to treat different diseases: furunculosis, abscess, bad blood circulation. Another species of &quot;srâl&quot;, called &quot;3 needles (leaves) pine&quot;, has been just introduced, especially to Mondolkiri; it is Pinus kesiya Royle and Gordon, of Vietnamese origin. 	</li><li>ស្រល់ជាព្រឹក្សកំពស់៣០-៥០ម ច្រើនមានដុះលើភ្នំ Kirirom ដល់ទៅ១២.០០០ha ។ គេឃើញស្រល់ដុះក្នុងខេត្តដទៃទៀត តែមានតិចតួច ។ ស្រល់មានដុះក្នុងប្រទេសជាច្រើន គឺលាវ វៀតណាម ថៃ ភូមា ឥណ្ឌា ចិនខាងត្បូង  ហ្វីលីពីន ឥណ្ឌូណេស៊ី និង លើកោះ Moluques ។ ឈើមានតម្លៃសម្រាប់សង់អាកាសគ្រឹះ រថអយស្ម័យយាន និងនាវា ។ គេអាចប្រើឈើស្រល់ ធ្វើ តុ ទូ របស់ប្រើប្រាស់ផ្សេងៗ និងគ្រោងទ្វារបង្អួច ។ ជ័វសម្រាប់ធ្វើចន្លុះ ។ តាមក្បួនឱសថបុរាណជ័រក្រៀមគេប្រើធ្វើថ្នាំ រម្ងាប់រោគផ្សេងៗ បូសទ្រនិច បូសធម្មតា ការឈាមដើរមិនល្អ ។ រដ្ឋការខ្មែរទើបនឹងនាំស្រល់ម្យ៉ាងទៀត ស្រល់ស្លឹកបី ពីប្រទេសវៀតណាមមកដាំលើភ្នំមណ្ឌលគីរី ។	</li><li><p-n>More Information	NF : pin du Tonkin</p-n></li></ul>
ស្រឡិត	TELOSMA (Asclepiadaceae)	Telosma cordata (Brum.f.) Merr.	<ul><li>Climbing liana, of unknown origin, cultivated in India and Southeast Asia. Young leaves and flowers eaten as vegetables in the &quot;sâmlâ&quot;. The juice of leaves would have curative properties against uterine ptosis. 	</li><li>វល្លិមួយប្រភេទវារឡើងទ្រើង គេដាំក្នុងប្រទេសឥណ្ឌា និងទ្វីបអាស៊ីផ្នែកអាគ្នេយ៍ ។ ស្លឹកខ្ចីៗ និង ផ្កាគេបរិភោគជាបន្លែក្នុងសម្ល ។ គ្រូបុរាណតែងច្របាច់ស្លឹកស្រឡិត យកទឹកព្យាបាលជំងឺធ្លាក់ស្បូន ។	</li><li><p-n>More Information	NK &nbsp;: srâlöt &nbsp;ស្រឡិត	NOTE	ពេលមានពាក្យ (វល្លិ) (ស្មៅ) (ដើម) ក្នុងវង់ក្រចកខាងក្រោយនាម រុក្ខជាតិ ត្រូវអានពាក្យនោះខាងមុខនាមវិញ។</p-n></li></ul>
ស្រឡៅ	LAGERSTROEMIA (Lythraceae)	Lagerstroemia calyculata Kurz	<ul><li>Tree. 20-35 m tall. of the dense and secondary formations of the Indochinese Peninsula. The trunk differ from other species by its strong stiffenings and its grey, white lined, bark. Wood graded 1st category, much in demand for cabinetwork and construction of house and boats.	</li><li>ស្រឡៅជាព្រឹក្សកំពស់ ២០-៣៥ម ដុះក្នុងព្រៃក្រាស់ និងព្រៃល្បោះនៃឧបទ្វីបឥណ្ឌូចិន ។ គល់ដើមស្រឡៅមានឬស ទោរ ដុះចេញក្រៅ ឯសំបកមានពណ៌ប្រផេះឆ្នូតៗ លាយពណ៌ស ខុសពីដើមដទៃទៀត ។ ដើមស្រឡៅជាឈើ “ លេខ១ ”  មានតំលៃណាស់ សំរាប់ប្រើធ្វើជាតុ ទូ និង សង់ផ្ទះ ឬ សង់នាវា ។ល។	</li><li><p-n>More Information	Syn. : Lagerstroemia angustifolia Pierre</p-n></li></ul>
ស្រឡៅជូរ	LAGERSTROEMIA (Lythraceae)	Lagertroemia ovalifolia Teijsm. &amp; Binn.	<ul><li>Tree, 20-30 m tall, of the dense and semi-dense forests of the Indochinese Peninsula and the Malay Archipelago. The young slightly acid leaves would be edible. Wood used to make pickets, boards, boxes.	</li><li>ស្រឡៅជូរជាព្រឹក្សកំពស់ ២០-៣០ម ដុះក្នុងព្រៃធំ និងព្រៃក្រាស់មធ្យមនៃឧបទ្វីបឥណ្ឌូចិន និងទីប្រជុំកោះជ្វា ។ ស្លឹកខ្ចីៗ មានរសជាតិជូរ អាចបរិភោគជាបន្លែបាន ។ ឈើគេប្រើសំរាប់ធ្វើជាបង្គោលរបង ក្ដារបន្ទះក្រាលផ្ទះ និងធ្វើប្រអប់   ផ្សេងៗ ។ 	</li><li><p-n>More Information	NK &nbsp;&nbsp;: &nbsp;srâllau chu:(r) &nbsp;ស្រឡៅជូរ	NOTE	ពេលមានពាក្យ (វល្លិ) (ស្មៅ) (ដើម) ក្នុងវង់ក្រចកខាងក្រោយនាម រុក្ខជាតិ ត្រូវអានពាក្យនោះខាងមុខនាមវិញ។</p-n></li></ul>
ស្រឡៅប្រាំដំឡឹង 	@ក្រោល	LAGERSTROEMIA (Lythraceae)	Lagertroemia macrocarpa Kurz	<ul><li>Tree, 10-15 m tall, girth may reach 3 m, met in the clear and mixed forests of the Indochinese Peninsula. Wood much appreciated to make houses pillars and in woodwork.	</li><li>ឈ្មោះព្រឹក្សម្យ៉ាងកំពស់ ១០-១៥ម ទំហំជុំវិញអាចធំដល់៣ម ដុះក្នុងព្រៃស្រោង ឬក្រាស់មធ្យមនៅឧបទ្វីបឥណ្ឌូចិន ។ ឈើប្រណិត សំរាប់ធ្វើ សសរផ្ទះ និង តុ ទូ ។ 	</li><li><p-n>More Information	NK &nbsp;: srâllau pram’ dâmllöng, kraol &nbsp;ស្រឡៅប្រាំដំឡឹង, ក្រោល	NOTE	ពេលមានពាក្យ (វល្លិ) (ស្មៅ) (ដើម) ក្នុងវង់ក្រចកខាងក្រោយនាម រុក្ខជាតិ ត្រូវអានពាក្យនោះខាងមុខនាមវិញ។</p-n></li></ul>
ស្រឡៅ	@ស្រឡៅកញ្ជ្រៀប	LAGERSTROEMIA (Lythraceae)	Lagerstroemia duperreana Pierre ex Gagnep.	<ul><li>Tree. 20-30 m tall, of the dry and clear dense forests of Cambodia, Laos, Vietnam and Thailand. Wood much valued to make houses pillars and boards.	</li><li>ឈ្មោះព្រឹក្សមួយកំពស់ ២០-៣០ម ដុះក្នុងព្រៃស្រោង ឬ ក្រាស់នៅប្រទេសថៃ ខ្មែរ លាវ និងវៀតណាម ។ ឈើនេះល្អប្រណិត សំរាប់ធ្វើសសរផ្ទះ ក្ដារ និង គ្រឿងសង់ផ្ទះនានា ។  	</li><li><p-n>More Information	NK &nbsp;&nbsp;: &nbsp;srâllau, srâllau kanchriëb ​ ស្រឡៅ, ស្រឡៅកញ្ជ្រៀប	NOTE	ពេលមានពាក្យ (វល្លិ) (ស្មៅ) (ដើម) ក្នុងវង់ក្រចកខាងក្រោយនាម រុក្ខជាតិ ត្រូវអានពាក្យនោះខាងមុខនាមវិញ។</p-n></li></ul>
ស្រូល	PODOCARPUS (Podocarpaceae, Gymnospermes) 	Podocarpus neriifolius D. Don	<ul><li>Tree, 10-15 m tall, rarely higher, of the wet dense forests of altitude, between 650 and 1600 m, in subtropical and tropical regions. In Cambodia, it is met in Bokor, by 1000 m, in dwarfish formations, 2 to 4 m tall. Yellowish wood, graded 2nd category, in demand for the constructions.	</li><li>ឈ្មោះព្រឹក្សមួយប្រភេទ កំពស់ ១០-១៥ម ដុះក្នុងព្រៃត្រជាក់លើភ្នំដែលមានឧព្វេធពី ៦៥០ ទៅ ១៦០០ម នៃប្រទេសក្ដៅ និងក្ដៅមធ្យមសកលលោក ។ នៅស្រុកខ្មែរ ដើមស្រូលដុះច្រើនលើភ្នំបូកគោ ក្នុងព្រៃតឿ កំពស់ ២-៤ម ។ ឈើពណ៌លឿងភ្លាវ ជាឈើលេខ ២ សំរាប់សង់ផ្ទះ ។	</li><li><p-n>More Information	NK &nbsp;: srô:1 &nbsp;ស្រូល	NOTE	ពេលមានពាក្យ (វល្លិ) (ស្មៅ) (ដើម) ក្នុងវង់ក្រចកខាងក្រោយនាម រុក្ខជាតិ ត្រូវអានពាក្យនោះខាងមុខនាមវិញ។</p-n></li></ul>
ស្រូល ក្រហម	DACRYDIUM (Podocarpaceae)	Dacrydium elatum (Roxb.) Wall. ex Hook.	<ul><li>High tree reaching 40 m, with a pyramidal shape, twigs erected in dome on the summit, met in moutain forests in countries exposed to heavy monsoons : Indochina, Malay Archipelago, Indonesia and Fiji Islands. In Cambodia, the species forms almost pure stockings, especially on the rocky summit of the Bokor, mixed to Dacrycarpus imbricatus, where both trees not exceed 2-4 m. It is also met in the low dense coastal forests, always in the state of dwarfish tree. Red wood, used to make masts, boats and in craft sculpture. The fragrant, grennish yellow oil of the trunk is used to make incense sticks and in the traditional medicine against rheumatisms and womb troubles; the branches are used by highland people as torches.	</li><li>ព្រឹក្សមួយប្រភេទ កំពស់ដល់ ៤០ម មានទ្រង់ទ្រាយរាងសាជីជ្រុង មែកត្រង់ទៅលើ កំពូលក្រឡូម ដុះក្នុងព្រៃភ្នំ ប្រទេសជាច្រើន ដែលនៅក្រោម អានុភាពខ្យល់រដូវ (mousson) ឥណ្ឌូចិន ប្រជុំកោះនៃប្រទេសជ្វា ឥណ្ឌូណេស៊ី និងកោះ Fiji ។ ក្នុងប្រទេសខ្មែរ ស្រូលក្រហមដុះផ្ដុំគ្នា លាយជាមួយស្រូល ស លើភ្នំ Bokor ហើយមានកំពស់ មិនលើសពីស្រូល ស ឡើយគឺជាព្រឹក្សតឿ ។ នៅជុំវិញឆកសមុទ្រកំពង់សោម ស្រូលក្រហមនេះ មានដុះលាយជាមួយស្រូល ស ជាដរាប ។ ឈើស្រូលក្រហម គឺមានពណ៌ក្រហម ប្រើការបានច្រើនមុខ ដូចជាធ្វើដងក្ដោង ធ្វើទូក កប៉ាល់ និងសម្រាប់ឆ្លាក់វត្ថុផ្សេងៗ ជាដើម ។ ប្រេងដើមស្រូល ក្រហម មានក្លិនក្រអូប មានពណ៌លឿងលាយបៃតង គេប្រើសម្រាប់ធ្វើធូប និងធ្វើឱសថព្យាបាលជម្ងឺសធ្លាក់ឆ្អឹង ឈឺ ពោះ ។ល។ មែកតូចខ្មែរលើប្រើសម្រាប់ដុតបំភ្លឺពេលយប់ងងឹត ។	</li><li><p-n>More Information	Syn. : Dacrydium pierrei Hickel</p-n></li></ul>
ស្រូល ស	DACRYCARPUS (Podocarpaceae)	Dacrycarpus imbricatus (Blume) de Laub.	<ul><li>Tree, 20-30 m tall, with straight trunk, of wet forests, near moutain streams or in valleys, met in tropical Asia, between 500 and 1500 m. In Cambodia, the species is spread on the summit of Bokor mountain where the tree does not reach more than 2-4 m in height. It is also met in the dense low formations around Kompong Som bay. White wood, soft and light, appreciated to make the boards, in woodwork, and in home decoration. Tree also use for reafforestations.	</li><li>ព្រឹក្សមួយប្រភេទ កំពស់ ២០-៣០ម មានដើមត្រង់ទៅលើ ដុះក្នុងព្រៃត្រជាក់ ជិតជ្រោះ ឬលើជ្រលងភ្នំ នៃទ្វីបអាស៊ីផ្នែកក្ដៅ ក្នុងចន្លោះឧបព្វេធ ពី៥០០ ទៅ ១,៥០០ម ។ នៅប្រទេសកម្ពុជា ដើមឈើច្រើនដុះលើកំពូលភ្នំបូកគោ ហើយព្រឹក្សនេះមានកំពស់ទាបណាស់ ត្រឹម ២-៤មប៉ុណ្ណោះ គេប្រទះឃើញដើមស្រូល ស ក្នុងព្រៃក្រាស់ ជុំវិញឆកសមុទ្រកំពង់សោម ។ ឈើពណ៌ស ទន់ ស្រាល សម្រាប់ប្រើធ្វើកា្ដរ និងគ្រឿងក្នុងផ្សេងៗទៀតនៃផ្ទះ ។ គេចូលចិត្តដាំដើមស្រូល ស លើដីវាល ដើម្បីឱ្យដុះឈើឡើងវិញ ។	</li><li><p-n>More Information	Syn. : Podocarpus imbricatus Blume</p-n></li></ul>
ស្រូវ	ORYZA (Gramineae)	Oryza sativa L. 	<ul><li>Annual, ground or aquatic herb, 1-1.30 m tall, cultivated for food, particularly in Asia and Africa. The rice grain, wrapped in its glumes is called paddy. The process of removing glumes is the husking, which gives husked rice and the chaff. Generally, polishing follows, by removing the integuments, which gives polished rice and bran. The common rice contains only a weak proportion of proteins ; it is less nourishing than wheat.There are very numerous varieties which differ especially by the thickness of the grain, its colour, the quantity of hairs which cover it, its chemical composition, its flavour etc. ~: sticky rice var. glutinosa), mountain rice (var. montana), floating rice (var. fluitans).According to the duration of the development cycle, very numerous sub-varieties are distinguished, each called by a poetic term always beginning by &quot;srow niëng ...&quot; (young lady paddy...). The duration of development varies from 90 to more than 200 days. Cambodia produces more than 3 million tons of rice (1970 statistics). About 70% of the arable land are occupied by paddy fields.The large proportion of starch in the rice allows making alcohol. The integuments (before polishing) are very rich in B1 vitamin (against beriberi). The Indochinese rice is known to be more nourishing than any other : it would be more easily digested. Eaten in soup, it prevents stomach pains and dysentery, and reduce thirst and perspiration. The rice straw used as fodder. 	</li><li>ស្រូវជា ជាតិដុះលើដី ឬក្នុងទឹក កំពស់ ១-១,៣០ម គេដាំដើម្បីយកអង្ករ ដាំបាយជាអាហារសំខាន់ ជាពិសេស នៅអាស៊ី និង អាហ្វ្រិក ។ គ្រាប់ស្រូវដែលជាន់ជម្រុះសំបក ទៅជាអង្ករសំរូប ។ ត្រូវជាន់ ឬបុកយកកន្ទក់ចេញ ទើបបានជា អង្ករសម្រិត ។ អង្ករសំរូបមានវីតាមីន B1 ជាច្រើនសម្រាប់ រម្ងាប់រោគស្ពឹក ។ អង្ករសម្រិតមិនសូវមានឱជារស ដូចស្រូវសាលីឡើយ មានស្រូវជាច្រើនមុខណាស់ ស្រូវអង្ករមុខនីមួយៗ មានឈ្មោះល្អៗ ដូចជានាង ស នាងក្រអូប នាងផ្កាភ្ញី ជាដើម ។ល។ មុខមួយៗខុសគ្នាតាមទំហំគ្រាប់ ពណ៌ ចំនួនរោម ធាតុគីមី រសជាតិ។ល។ រយៈពេលចាប់ពីសាបព្រោះ ដល់រដូវច្រូត មានកំរិតខុសៗគ្នា គឺពី ៩០ ទៅ ២០០ថ្ងៃ ។ ប្រទេសខ្មែរមុនឆ្នាំ ១៩៧០ ធ្វើស្រូវ១ឆ្នាំបានជាងបីលានតោន ផ្ទៃដីធ្វើស្រែ មានចំនួន 70% នៃផ្ទៃដី ទាំងអស់ដែលអាចធ្វើកសិកម្មបាន ។ អង្ករ មានបិដ្ឋជាតិច្រើន ហេតុនេះគេប្រើអង្ករធ្វើជាស្រាក៏បាន ។ អង្ករទ្វីបឥណ្ឌូចិនមានរសជាតិជាងអង្ករ នៃប្រទេសផ្សេងៗ ក្នុងសកលលោក ។ បបរអាចរម្ងាប់រោគចុកពោះ និងមួល ធ្វើឱ្យបាត់ស្រេកទឹក និងបន្ថយការបែកញើសច្រើន ។ ចំបើងជាអាហារ គោ ក្របី ។	</li><li><p-n>More Information	NA &nbsp;: rice</p-n></li></ul>
ស្រោមដាវក្រពើ	@ស្រអំ	HETEROPHRAGMA (Bignoniaceae)	Heterophragma sulfureus Kurz	<ul><li>Tree, 8-20 m tall, of the dry decideous forests, undergrowth, and savannas of the Indochinese Peninsula. The stretched out fruits, sword shaped, are used, when they are dried out and freed of their seeds, as tinder to light the fire. The wood is used for the constructions of huts.	</li><li>ជាព្រឹក្សកំពស់ ៨-២០ម ដុះក្នុងព្រៃស្ងួតជ្រុះស្លឹក ព្រៃគុម្ពោត និងវាលស្មៅធំ នៃឧបទ្វីបឥណ្ឌូចិន ។ ផ្លែរាងវែង  ស្រដៀងដាវ ពេលហាលស្ងួត ក្រោយយកគ្រាប់ចេញ អាចដុតដូចប៉ុយសម្រាប់បង្កាត់ភ្លើង ។ ឈើប្រើសង់ខ្ទមបាន។	</li><li><p-n>More Information	NK &nbsp;: srâom daw krâpë (étui de l’épée pour crocodile), srâ âm ​​ ស្រោមដាវក្រពើ, ស្រអំ	NOTE	ពេលមានពាក្យ (វល្លិ) (ស្មៅ) (ដើម) ក្នុងវង់ក្រចកខាងក្រោយនាម រុក្ខជាតិ ត្រូវអានពាក្យនោះខាងមុខនាមវិញ។</p-n></li></ul>
ស្លត់	FICUS (Moraceae)	Ficus heterophylla L.f., var. heterophylla	<ul><li>Shrub, 3-8 m tall, of flooded or dense forests of Southern Asia. The leaves, very rough, are used as emery paper.	</li><li>ស្លត់ជាគុម្ពព្រឹក្សកំពស់ ៣-៨ម ដុះក្នុងព្រៃរនាមប្រទេសខ្មែរ ឬព្រៃក្រាស់ ក្នុងអាស៊ីផ្នែកអាគ្នេយ៍ ។ ស្លឹកស្លត់គគ្រាត គគ្រើម សម្រាប់ប្រើធ្វើក្រដាស់ខាត់ ។	</li><li><p-n>More Information	NK &nbsp;: slâ’ ស្លត់	NOTE	ពេលមានពាក្យ (វល្លិ) (ស្មៅ) (ដើម) ក្នុងវង់ក្រចកខាងក្រោយនាម រុក្ខជាតិ ត្រូវអានពាក្យនោះខាងមុខនាមវិញ។</p-n></li></ul>
ស្លា	ARECA (Palmae)	Areca catechu L.	<ul><li>Areca nut is a monocaulous tree native to South America, cultivated around dwellings in tropical Asia. Fruit chewed with betel: it contains a narcotic. (arecaine). Flowers used for traditional ceremonial of wedding. In local medicine, leaves, fruits and roots are considered efficacious against diarrhea, bronchitis and liver diseases. The veterinary surgeon uses Areca nut to heal the dog from tapeworms.	</li><li>ស្លាជាដើមមិនបែកធាង មានដើមកំណើតពីស្រុកអាមេរិកខាងត្បូង គេដាំជិតផ្ទះក្នុងទ្វីបអាស៊ីក្ដៅ ។ ផ្លែស្លា គេយកស៊ីជាមួយម្លូ ជាវត្ថុស្រវឹងមួយ ដោយមានជាតិ « arécaine »។ ផ្កាស្លា គេបាចលើគូស្វាមីភរិយា ដែលកំពុងរៀបការ ។ ស្លឹកស្លាផ្លែស្លា ឫសស្លា សំរាប់ធ្វើថ្នាំព្យាបាលរោគរាគ ជំងឺទងសួត ឬ ថ្លើម ។ ពេទ្យសត្វ យកផ្លែស្លាឱ្យឆ្កែផឹក ដើម្បីឲ្យចេញព្រូន ។	</li><li><p-n>More Information	NA &nbsp;: areca nut, betel nut</p-n></li></ul>
ស្លាក់	DATURA (Solanaceae)	Datura metel L. 	<ul><li>Herbaceous plant, ligneous at the bottom, 0.40-1.50 m tall, the origin of which is discussed, probably Asian, cultivated almost everywhere in Indochina and in Southeast Asia for its beautiful white flowers and first of all for its medicinal properties. The leaves are used in traditional medicine, to treat some diseases, such as cough and asthma. The flowers are used to make medicines against nervous diseases, in particular that of &quot; Parkinson &quot;.	</li><li>តិណជាតិមួយប្រភេទ មានគល់រឹង កំពស់ ០,៤០-១,៥០ម ដើមកំណើតក្នុងអាស៊ី តាមគេស្មាន ជាដំណាំគេដាំគ្រប់ស្រុក ក្នុងទ្វីបអាស៊ីផ្នែកអាគ្នេយ៍ ដោយដើមនេះមានផ្កាធំៗល្អ ហើយជាពិសេសជារុក្ខជាតិដែលគេប្រើធ្វើឱសថ ។ គ្រូថ្នាំខ្មែរ យកស្លឹកស្លាក់ផ្សំជាថ្នាំព្យាបាលជំងឺក្អក និងរោគហឺត ។ ផ្កាសំរាប់ធ្វើឱសថរំងាប់រោគសរសៃប្រសាទ និង រោគញ័រ ។	</li><li><p-n>More Information	NF : datura indien, pomme épineuse</p-n></li></ul>
ស្លាខ្មៅ	@ស្លាកណ្ដុរ 	PINANGA (Palmae) 	Pinanga duperreana Pierre ex Gagnep.	<ul><li>Slender palm tree, growing in bundles, 2-6 m tall, of the dense and semi-dense formations of plain and moderate altitude, in Cambodia, Laos and Vietnam. The terminal bud and the marrow of the trunk are edible. The fruits can replace areca nut in the betel quid.	</li><li>ឈ្មោះតាលព្រឹក្សឆ្មារមួយប្រភេទដុះដុំគ្នា កំពស់ ២-៦ ម ដុះក្នុងព្រៃធំ និងធំមធ្យមលើដីទំនាប និងលើភ្នំខ្ពស់មធ្យម នៃប្រទេសកម្ពុជា លាវ និងវៀតណាម ។ គម និងខួរដើម គេអាចបរិភោគបាន ។ ផ្លែស៊ីជាមួយម្លូជំនួសស្លាធម្មតាបាន ។ 	</li><li><p-n>More Information	NK &nbsp;: &nbsp;sla khmau (arec noir), sla kânndaôr (arec souris) &nbsp;ស្លាខ្មៅ, ស្លាកណ្ដុរ	NOTE	ពេលមានពាក្យ (វល្លិ) (ស្មៅ) (ដើម) ក្នុងវង់ក្រចកខាងក្រោយនាម រុក្ខជាតិ ត្រូវអានពាក្យនោះខាងមុខនាមវិញ។</p-n></li></ul>
ស្លាតាឱន	ONCOSPERMA (Palmae)	Oncosperma tigillarium (Jack) Ridl.	<ul><li>Palm tree, 20-30 m tall, with bushy stipes, armed with long black thorns. Common in the coastal forests. at riversides of Cambodia and Southern Vietnam, very plentiful in Koh Kong province in Cambodia. Black, very hard wood, used as pickets in the construction of dams, the manufacture of the boards, the preparation of the umbrella ribs. Green fruit which may replace areca nut in the betel quid.	</li><li>ឈ្មោះតាលព្រឹក្សមួយប្រភេទ កំពស់ ២០-៣០ម មានមែកច្រើន មានបន្លាពណ៌ខ្មៅដុះក្នុងព្រៃក្បែរមាត់សមុទ្រ ឬ មាត់ព្រែកនៃប្រទេសកម្ពុជា និង វៀតណាមខាងត្បូង ។ ក្នុងប្រទេសខ្មែរ ស្លាតាឱន ដុះជាច្រើនក្នុងខេត្តកោះកុង ។ ឈើ ពណ៌ខ្មៅ រឹង គេប្រើសម្រាប់ធ្វើជាបង្គោលទំនប់ទឹក ធ្វើជាក្តារបន្ទះ ឬ ធ្វើឆ្អឹងក្លស់ ។ ផ្លែខ្ចីៗ អាចស៊ីជំនួសស្លាបាន ។	</li><li><p-n>More Information	Syn. &nbsp;: Oncosperma filamentosum Blume</p-n></li></ul>
ស្លាបច្រវា	OTTELIA (Hydrocharitaceae)	Ottelia alismoides (L.) Pers. 	<ul><li>Aquatic herb, submerged, of the tropical Ancient World, met in the stagnant waters. The leaves are eaten raw with fish sauces. 	</li><li>ឈ្មោះស្មៅដុះលិចទឹក ក្នុងស្រះ បឹង ត្រពាំង មួយប្រភេទ ស្លឹកស្ដើងរាងសណ្ឋានស្រដៀង និងស្លាបច្រវាអុំ សាច់ធាងស្រួយខ្ញោក មាននៅគ្រប់ប្រទេសនៃទ្វីបចាស់ផ្នែកក្ដៅ ។ ស្លឹកគេប្រើធ្វើបន្លែ ជ្រលក់ទឹកគ្រឿង ។ 	</li><li><p-n>More Information	NK &nbsp;: &nbsp;sla:b chrâwa (aviron, allusion à la forme des feuilles) &nbsp;ស្លាបច្រាវា	NOTE	ពេលមានពាក្យ (វល្លិ) (ស្មៅ) (ដើម) ក្នុងវង់ក្រចកខាងក្រោយនាម រុក្ខជាតិ ត្រូវអានពាក្យនោះខាងមុខនាមវិញ។</p-n></li></ul>
ស្លាបច្រវាគោក	PLANTAGO (Plantaginaceae) 	Plantago major L.	<ul><li>Perennial herb with leaves in bows growing in the meadows of the Eurasian continent. Plant used in traditional medicine. The leaves in poultices are used to treat the boils. The decoction of the complete plant is used against the diabetes, worms, haemorrhoids and as as purifying.	</li><li>ឈ្មោះស្មៅដុះបានយូរឆ្នាំមួយប្រភេទ ស្លឹកដុំគ្នាលើដីច្រើនមានដុះក្នុងវាលស្មៅ គ្រប់ប្រទេសនៃទ្វីបអ៊ឺរ៉ុប-អាស៊ី ។ ជា       ឱសថរុក្ខជាតិ ស្លឹកសម្រាប់ប្រើ ធ្វើថ្នាំបំពោកបូសទ្រនិច ។ ទឹកស្ងោរនៃដើមជាឱសថព្យាបាលជម្ងឺទឹកនោមផ្អែម ព្រូន ឬស ដូងបាត និងសម្រាប់សំអាតឈាម ។	</li><li><p-n>More Information	NF &nbsp;: plantain</p-n></li></ul>
ស្លាប៉ាង	@សេតបា	MACARANGA (Euphorbiaceae)	Macaranga denticulata (Blume) Müell. Arg. 	<ul><li>Shrub or tree, 5-18 m tall, of the dense and secondary formations of tropical Asia. The decoction of leaves can be used for the cleaning the wounds.	</li><li>ឈ្មោះចុល្លព្រឹក្ស ឬព្រឹក្សតូចមួយប្រភេទកំពស់ ៥-១៨ម ដុះក្នុងព្រៃជ្រៅ ឬព្រៃល្បោះនៃអាស៊ីក្តៅ ។ គេប្រើទឹកស្ងោរស្លឹក សំរាប់លាងសំអាតដំបៅ ។ 	</li><li><p-n>More Information	NK &nbsp;: &nbsp;sla pa:ng, sét’ba &nbsp;ស្លាប៉ាង, សេតបា	NOTE	ពេលមានពាក្យ (វល្លិ) (ស្មៅ) (ដើម) ក្នុងវង់ក្រចកខាងក្រោយនាម រុក្ខជាតិ ត្រូវអានពាក្យនោះខាងមុខនាមវិញ។</p-n></li></ul>
ស្លាប៉ាងស្លឹកឆែក	MACARANGA (Euphorbiaceae)	Macaranga triloba (Reinw. ex Blume) Müell. Arg. 	<ul><li>Shrub, 5-9 m tall, of the open formations of Southeast Asia. The decoction of leaves would be effective against the troubles of stomach.	</li><li>ឈ្មោះចុល្លព្រឹក្សម្យ៉ាងកំពស់ ៥-៩ម ដុះក្នុងព្រៃស្រោងនៃអាស៊ីផ្នែកអាគ្នេយ៍ ។ គ្រូថ្នាំបុរាណតែងស្ងោរស្លឹកអោយផឹក ដើម្បីរំងាប់រោគឈឺក្រពះ ។	</li><li><p-n>More Information	NK &nbsp;: sla pa:ng slëk chhaèk (macaranga à feuilles lobées) &nbsp;ស្លាប៉ាងស្លឹកឆែក	NOTE	ពេលមានពាក្យ (វល្លិ) (ស្មៅ) (ដើម) ក្នុងវង់ក្រចកខាងក្រោយនាម រុក្ខជាតិ ត្រូវអានពាក្យនោះខាងមុខនាមវិញ។</p-n></li></ul>
ស្លាបារាំង	ROYSTONEA (Palmae)	Roystonea regia (Kunth) Cook	<ul><li>Palm tree, 4-8 m tall, originating from Cuba, planted along avenues and public parks as decorative. 	</li><li>តាលព្រឹក្សពួកមួយ កំពស់ ៤-៨ម គេនាំពីប្រទេសគូបា មកដាំជាលំអ ក្នុងសួនសាធារណៈ និងតាមវិថីខ្លះ ។	</li><li><p-n>More Information	NA &nbsp;: royal palm</p-n></li></ul>
ស្លាព្រៃ	ARECA (Palmae)	Areca triandra Roxb.	<ul><li>Monocaulous tree similar to Areca nut which commonly occurs in littoral forest in South East Asia. The nut may be chewed with betel. The timber is suitable for huts construction.	</li><li>ស្លាព្រៃរាងដូចដើមស្លាដែរ តែមានកំពស់ទាបជាង (២-៨ម) ដុះក្នុងព្រៃក្រាស់មាត់សមុទ្រនៃអាស៊ីផ្នែកអាគ្នេយ៍ ផ្លែស្លាព្រៃអាចស៊ីជំនួសស្លាបាន ។ ដើមសា្លព្រៃសំរាប់សង់ផ្ទះ ។	</li><li><p-n>More Information	NF : aréquier sauvage</p-n></li></ul>
ស្លាស្ងាប	PINANGA (Palmae) 	Pinanga cochinchinensis Blume	<ul><li>Palm tree, 2-4 m tall, mostly of coastal formations of Cambodia and Southern Vietnam. Fruits may replace areca nut in the betel quid. They are sometimes used as baits for fishing.	</li><li>ឈ្មោះតាលព្រឹក្សម្យ៉ាងកំពស់ ២-៤ ម ដុះដុំគ្នាក្នុងព្រៃមាត់សមុទ្រនៃប្រទេសកម្ពុជា និងវៀតណាមខាងត្បូង ។ ផ្លែអាចស៊ីជំនួសស្លាបាន ។ ពេលខ្លះគេប្រើផ្លែធ្វើនុយសម្រាប់នេសាទ ។	</li><li><p-n>More Information	NK : sla snga:b (sla: arec ; snga:b : bailler) &nbsp;ស្លាស្ងាប	NOTE	ពេលមានពាក្យ (វល្លិ) (ស្មៅ) (ដើម) ក្នុងវង់ក្រចកខាងក្រោយនាម រុក្ខជាតិ ត្រូវអានពាក្យនោះខាងមុខនាមវិញ។</p-n></li></ul>
ស្លឹកគ្រៃ	CYMBOPOGON (Gramineae)	Cymbopogon nardus (L.) Rendle	<ul><li>Perennial herb, 0.8-1.50 m tall, cultivated in almost all the Cambodian cooking gardens, for the leaves and stubbles used as condiments. About 40% of Cambodian dishes are flavored by this plant. Species native in Asia and introduced into all the tropical regions.	</li><li>ឈ្មោះស្មៅកំពស់ ០.៨០-១,៥០ម គេដាំក្នុងច្បារបន្លែខ្មែរ ដើម្បីយកស្លឹក និងគល់ធ្វើរឿងទេស ។ ម្ហូបខ្មែរ ជាច្រើនប្រហែល ៤០% ដែលប្រើគ្រឿងស្លឹកគ្រៃ ។ ជាដើមដុះក្នុងប្រទេសអាស៊ី ហើយគេនាំទៅដាំនៅគ្រប់ប្រទេសក្ដៅសកលលោក ។ គល់ស្លឹកគ្រៃ អាចបរិភោគឆៅបាន បើកាត់ស្តើងៗ ។ ខ្មែរយើងចូលចិត្តដាក់គល់ស្លឹកគ្រៃ ក្នុងទឹកប្រហុកបរិភោគជាមួយសាច់គោអាំង ។ គ្រូបុរាណតែងប្រាប់ឱ្យស្ងោរស្លឹកគ្រៃផឹកសំរាប់ឱ្យនោមច្រើន ។ គេប្រើស្លឹក ស្លឹកគ្រៃ ផ្សំជាមួយ     រុក្ខជាតិដទ ៃទៀត ធ្វើឱសថព្យាបាលជម្ងឺឈឺទងសួត ។	</li><li><p-n>More Information	NA : citronella, mana grass</p-n></li></ul>
ស្លឹកគ្រៃសាប៊ូ (អ្នកខ្លះហៅខុសថាស្លឹកគ្រៃគ្រឿង)	CYMBOPOGON (Gramineae)	Cymbopogon citratus (Nees) Stapf	<ul><li>Herb, 1-4 m tall, with a lemon smell, originating from India and Sri Lanka, cultivated in tropical and subtropical regions. The leaves are used to make a digestive drink. They would contain a principa similar to the insulin. The leaves can be used as shampoo. In traditional medicine, the plant is used for the treatment of bladder troubles, of blood spitting and to treat the wounds caused by a cutting instrument.	</li><li>ឈ្មោះស្មៅមួយប្រភេទ កំពស់១–៤ម មានក្លិនដូចក្រូចឆ្មា ដើមកំណើតក្នុងប្រទេសឥណ្ឌា និងសេរីលង្កា គេដាំគ្រប់ប្រទេសក្តៅ និងក្តៅមធ្យម។ ស្លឹក សម្រាប់ស្ងោរផឹកឱ្យរំលាយអាហារ ស្លឹកមានធាតុម្យ៉ាងដូចគ្នានឹង Insuline ។ គេអាចយកស្លឹកលាងសក់បាន ។ គ្រូបុរាណប្រើស្លឹកគ្រៃសាប៊ូ សម្រាប់ព្យាបាលរោគបោ្លកមូត្រ ក្អកឈាម និងរបួស មានឡើងដោយមុតកាំបិត ពូថៅ ។	</li><li><p-n>More Information	NA : lemon-grass</p-n></li></ul>
ស្លឹកជូរ	@សណ្ដាន់ទេស	HIBISCUS (Malvaceae)	Hibiscus sabdariffa L.	<ul><li>Annual strong herb, 1-3 m tall, erected, red. Probably of African origin, introduced into all the tropical and subtropical regions of the world. The plant gives good quality textiles staples. The quick red fleshy chalice surrounding the fruit, as the leaves, are often used as acid condiments, quite as lemon or tamarind. 	</li><li>ស្មៅប្រចាំ ធាតុរឹង កំពស់ ១-៣ម ដុះឡើងលើត្រង់ ពណ៌ក្រហម មានដើមកំណើតប្រហែលពីទ្វីបអាហ្វ្រិក នាំយកមកដាំ នៅគ្រប់ប្រទេសក្ដៅ និងក្ដៅមធ្យមសកលលោក ។ ដើមនេះមានសរសៃល្អសម្រាប់ត្បាញបាន ។ ត្របកផ្កាដែលមានសាច់ច្រើន ពណ៌ក្រហមឆើត ព្រមទាំងស្លឹក គេប្រើធ្វើគ្រឿងទេសជូរ អាចជំនួស ក្រូចឆ្មារ និងអម្ពិលបាន ។	</li><li><p-n>More Information	NA &nbsp;: red sorrel</p-n></li></ul>
ស្លឹកបណ្ដើរកូន 	RHODODENDRON (Ericaceae)	Rhododendron moulmainense Hook. f.	<ul><li>Shrub, 1-4 m tall, with twigs covered by a reddish bark, of the dense wet mountain forests of Cambodia, Vietnam, Thailand and Burma. In Cambodia, it is met on the Bokor mountain, by 1000 m. The plant cannot be cultivated in warm countries’ plains. It is cultivated in the gardens of altitude and in the temperate countries. Pink or red inflorescences often picked to make bundles. 	</li><li>ឈ្មោះចុល្លព្រឹក្សមួយប្រភេទកំពស់ ១-៤ម មានមែកពណ៌ក្រហមភ្លាវ ដុះក្នុងព្រៃត្រជាក់ លើភ្នំនៃប្រទេសកម្ពុជា    វៀតណាម ថៃ និង ភូមា ។ ក្នុងស្រុកខ្មែរ ច្រើនមានដើមនេះលើភ្នំបូកគោ ប្រមាណជា ១០០០ម ឧព្វេធ ។ គេពុំអាចដាំលើដីទំនាបក្នុងប្រទេសក្តៅបានឡើយ ។ គេដាំបានតែក្នុងសួនលើភ្នំ ឬក្នុងប្រទេសត្រជាក់មធ្យម ។ គេតែងបេះបែបភាពចេញ ផ្កាទាំងមូល តាំងលំអផ្ទះ ។	</li><li><p-n>More Information	NF &nbsp;: rhododendron</p-n></li></ul>
ស្លឹក (បាស់)	COCCINIA (Cucurbitaceae)	Coccinia grandis (L.) J. Voigt	<ul><li>Herbaceous liana, climbing, of open formations, plentiful around the villages. Leaves in sale on the Indochinese markets. Species of tropical and subtropical Asia. In Cambodia, the leaves are consumed, cooked in &quot; sâmlâ: &quot;, liquid dishes. The plant is used in traditional medicine in Vietnam (against scabies) and in Indonesia (against diabetes). 	</li><li>ឈ្មោះវល្លិមួយប្រភេទដុះនៅព្រៃល្បោះ ឬព្រៃគុម្ពោតជិតភូមិអ្នកស្រុក ។ ស្លឹកសម្រាប់ធ្វើសម្ល ។ មានលក់នៅទីផ្សារ ។វល្លិនេះមានដុះនៅទ្វីបអាស៊ីក្ដៅ ឬក្តៅមធ្យម ។ គេតែងប្រើស្លឹកបាស់ស្លស្រឡក់ ។ នៅប្រទេសវៀតណាម គេយកវល្លិបាស់ធ្វើថ្នាំព្យាបាលកមរមាស់ នៅឥណ្ឌូនេស៊ីគេធ្វើថ្នាំទឹកនោមផ្អែម ។ 	</li><li><p-n>More Information	Syn. : Coccinia cordifolia (L.) Cogn.</p-n></li></ul>
ស្លឹកអណ្តាតគោ	CYATHULA (Amaranthaceae)	Cyathula prostrata (L.) Blume	<ul><li>Hard, 30-80 cm tall herb, spread, branching, of uncultivated places, with red flowers, met in the Ancient tropical world. Plant used in traditional medicine. The decoctions of roots would be effective against the dysentery and the liver diseases.	</li><li>ឈ្មោះស្មៅរឹងមួយប្រភេទកំពស់ ៣០-៨០ស.ម ស្ទើវារ ដុះលើដីវាលគ្មានដំណាំ ផ្កាក្រហម ។ មានដុះក្នុងប្រទេសក្ដៅ សកលលោក លើកលែងតែអាមេរិក ។ ស្លឹកអណ្ដាតគោ គេប្រើធ្វើឱសថ ។ គេស្ងោរឬសផឹក ដើម្បីព្យាបាលជម្ងឺរាគមួល និង           ជម្ងឺថ្លើម ។ 	</li><li><p-n>More Information	NK : slëk ânnda:t kôô (feuilles langue de bœuf, allusion aux feuilles rugueuses) &nbsp;ស្លឹកអណ្ដាតគោ	NOTE	ពេលមានពាក្យ (វល្លិ) (ស្មៅ) (ដើម) ក្នុងវង់ក្រចកខាងក្រោយនាម រុក្ខជាតិ ត្រូវអានពាក្យនោះខាងមុខនាមវិញ។</p-n></li></ul>
ស្លែង	STRYCHNOS (Loganiaceae) 	Strychnos nux-vomica L.	<ul><li>Tree, 5-20 m tall, of the clear forests or edges of dense forests, at riversides on clay of sandy-clay soil in India, Sri Lanka, Indochinese and Malay Peninsula, introduced in the Philippines. The seeds are used as emetic at the dose of one; twofold it would often be fatal. The barks, in external use, are used in the bandage of the ulcers. Seeds exported to Europe for pharmaceutical use because of their high strychnine content. In suitable dose, it is a tonic of the nerve cell and a stimulant of the nerve centres, which regulating action it increases.	</li><li>ព្រឹក្សកំពស់៥-២០ម ដុះក្នុងព្រៃស្រោងឬមាត់ព្រៃធំ តាមដងស្ទឹងលើដីមានជាតិដីឥដ្ឋ ឬជាតិឥដ្ឋលាយខ្សាច់ នៃប្រទេសឥណ្ឌា សេរីលង្កា ឧបទ្វីបឥណ្ឌូចិន និងជ្វា គេនាំទៅដាំក្នុងប្រទេសហ្វីលីពីន ។ គ្រាប់អាចធ្វើជាថ្នាំក្អួតបាន បើលេបពីរទៅ ជាពុលដល់សា្លប់ផង ។ សំបកសម្រាប់ធ្វើថ្នាំបំពោកលើដំបៅរលួយ ។ គេនាំគ្រាប់ទៅលក់ទ្វីបអឺរុបសម្រាប់ធ្វើឱសថ ដោយវា មានធាតុ Strychnine ច្រើន ។ បើប្រើតាមកំរិតត្រឹមត្រូវ ជាថ្នាំលើកកំលាំងកោសិកានៃសសៃប្រសាទ និងសសៃវិញ្ញាណ ទាំងអស់ ។	</li><li><p-n>More Information	NA &nbsp;: nux-vomica</p-n></li></ul>
ស្លែងដងដឹង	GLORIOSA (Liliaceae)	Gloriosa superba L.	<ul><li>Herbaceous liana, with stalk 3-6 m long, of the sunny grounds of tropical Asia and Africa. Plant often cultivated for its large and beautiful red and yellow flowers. The bulb contains a toxic alkaloid. In weak dose, it would be tonic. It is often used in a criminal purpose (abortion). One can use it to destroy louses.	</li><li>ឈ្មោះវល្លិទន់មួយប្រភេទ ប្រវែង៣-៦ម ដុះលើដីវាលមានថ្ងៃ នៅប្រទេសអាស៊ី និងអាហ្វ្រិកផ្នែកក្ដៅ ។ គេនិយមដាំ ស្លែងដងដឹង ជាលំអដោយមានផ្កាធំៗ ពណ៌ក្រហមលាយលឿង ។ មើមមានជាតិពុល ។ តែគេអាចចម្រាញ់ជាតិមើមយ៉ាងតិចបំផុតមកធ្វើថ្នាំលើកកម្លាំង ។ ពួកអាក្រក់ខ្លះ យកមើមទុកបំពុលគេ ឬ ឱ្យរលូតកូន ។ តាមធម្មតា មើមស្លែងដងដឹង គេប្រើសម្រាប់សម្លាប់ចៃ ។	</li><li><p-n>More Information	NA &nbsp;: flame lily</p-n></li></ul>
ស្វាយ	MANGIFERA (Anacardiaceae)	Mangifera indica L.	<ul><li>Fruit tree, 2-20 m tall, native of tropical Asia, cultivated in the tropical regions of the world. Young leaves and flowers eaten as vegetables. The young and ripe fruits are sold on markets. In Cambodia, the flesh of the ripe fruit can be kept : it is dried in the sun on the leaves of &quot;char&quot; (Butea monosperma (Lam). Taubert); this preserved food named &quot;trânab sva:v&quot; constitutes an antiscurvic food. Wood used in woodwork. The bark contains a yellow substance used to make green the fabrics and the mats already colored in blue by indigo. In traditional medicine, the barks and the roots are used against different diseases: dysentery, rheumatism, venereal diseases.There are very numerous mango varieties derived from this species. The most known is a called &quot;elephant head&quot; (the Var. cambodiana). 	</li><li>ស្វាយ ជាដំណាំមួយប្រភេទកំពស់ ២-២០ម មានដើមកំណើតក្នុងទ្វីបអាស៊ី គេដាំនៅគ្រប់ប្រទេសក្ដៅក្នុងសកល  លោក ។ ស្លឹក និងផ្កាខ្ចីៗ ប្រើជាបន្លែអន្លក់បាន ។ ផ្លែទុំ តែងមានលក់ក្នុងផ្សារ ។ ខ្មែរនិយមប្រើផ្លែទុំធ្វើដំណាប់ ដោយយកសាច់ស្វាយ ដាក់ហាលថ្ងៃលើស្លឹកចារ ។ ដំណាប់ស្វាយ ជាអាហារការពារជំងឺរាក់ធ្មេញ ។ ឈើស្វាយ ប្រើធ្វើជារបស់ប្រើប្រាស់ បានគ្រប់យ៉ាង ។ សំបកមានសារជាតិពណ៌លឿង ដែលអាចធ្វើសំពត់ ឬ កន្ទេលពណ៌ខៀវអោយទៅជាបៃតងវិញ ។ គ្រូថ្នាំបុរាណប្រើសំបក និងឬសស្វាយ សំរាប់ព្យាបាលរោគផ្សេងៗដូចជា រាគមួល សន្លាក់ឆ្អឹង រោគស្វាយ ប្រមេះ ។ល។ មានស្វាយ បង្កាត់ច្រើនមុខណាស់ដូចជា ស្វាយកែវ ខ្ទិះ ទុរេន ពុំសែន ។ល។ ស្វាយដែលមិនបង្កាត់ ពីស្វាយក្បាលដំរី ។ 	</li><li><p-n>More Information	NA &nbsp;: mango</p-n></li></ul>
ស្វាយកណ្តុរ 	SWINTONIA (Anacardiaceae) 	Swintonia pierrei Hance 	<ul><li>Tree, 20-30 m tall, of the dense forests of average altitude, between 500 and 1000 m, abounding towards the ascent of the Bokor, probably endemic of Cambodia. Fruits and young leaves edible. The bark would be antidiarhoeic, under the form of decoction.	</li><li>ឈ្មោះព្រឹក្សមួយប្រភេទកំពស់២០–៣០ម ដុះក្នុងព្រៃជ្រៅលើភ្នំទាបៗល្មមដែលមានឧព្វេធ៥០០-១០០០ម ច្រើនដុះតាមចង្កេះភ្នំបូកគោ ក្នុងប្រទេសខ្មែរ ។ ស្លឹកខ្ចីៗអាចប្រើជាអន្លក់បាន ។ គេស្ងោរសំបកទឹករម្ងាប់រោគរាគ ។	</li><li><p-n>More Information	NK &nbsp;: sva:y kânndaôr (manguier de souris) ស្វាយកណ្ដុរ	NOTE	ពេលមានពាក្យ (វល្លិ) (ស្មៅ) (ដើម) ក្នុងវង់ក្រចកខាងក្រោយនាម រុក្ខជាតិ ត្រូវអានពាក្យនោះខាងមុខនាមវិញ។</p-n></li></ul>
ស្វាយគគីត	SEMECARPUS (Anacardiaceae)	Semecarpus cochinchinensis Engl. 	<ul><li>Tree, 8-15 m tall, of the dense and secondary forests of Cambodia, Laos, Vietnam and Thailand. Light wood used to make boxes and sometimes for the small works of construction.	</li><li>ឈ្មោះព្រឹក្ស កំពស់ ៨-១៥ម ដុះក្នុងព្រៃក្រាស់ និងល្បោះនៃប្រទេសកម្ពុជា លាវ វៀតណាម និងថៃ ។ ឈើស្រាល គេប្រើសំរាប់ធ្វើហិប និងប្រអប់ ពេលខ្លះ ធ្វើជាគ្រឿងរាយរងនៃផ្ទះ ។	</li><li><p-n>More Information	Syn. &nbsp;: Semecarpus thorelli Pierre</p-n></li></ul>
ស្វាយពងត្រង	MANGIFERA (Anacardiaceae)	Mangifera cochinchinensis Engl.	<ul><li>Tree, 10-35 m tall, of the dense forests of Indochina. Young leaves and fruits consumed as vegetables. Appreciated ripe fruits but a bit fibrous.	</li><li>ព្រឹក្សមួយប្រភេទកំពស់ ១០-៣៥ម ដុះក្នុងព្រៃក្រាស់នៃឥណ្ឌូចិន ។ ស្លឹក និងផ្លែខ្ចីៗ ប្រើធ្វើជាបន្លែបាន ។ ផ្លែទុំ ជាអាហារផ្អែម តែមានសរសៃច្រើនបន្តិច ។ 	</li><li><p-n>More Information	NK &nbsp;: sva:y pô:ng trâ:ng &nbsp;ស្វាយពងត្រង	NOTE	ពេលមានពាក្យ (វល្លិ) (ស្មៅ) (ដើម) ក្នុងវង់ក្រចកខាងក្រោយនាម រុក្ខជាតិ ត្រូវអានពាក្យនោះខាងមុខនាមវិញ។</p-n></li></ul>
ស្វាយព្រៃ	MANGIFERA (Anacardiaceae)	Mangifera duperreana Pierre	<ul><li>Tree, 30-40 m tall, of the dense forests of Cambodia, Vietnam and Thailand. Young leaves and young fruits eaten as vegetables. Ripe fruits, small size, with white flesh. little appreciated. The whitish wood is used in construction, to make boards and beams. The barks are used in traditional medicine. against the pharyngitises and the syphilis. 	</li><li>ព្រឹក្សម្យ៉ាងកំពស់ ៣០-៤០ម ដុះក្នុងព្រៃក្រាស់នៃប្រទេសកម្ពុជា វៀតណាម និងថៃ ។ ស្លឹក និងផ្លែខ្ចីៗ ប្រើជាបន្លែបាន ។ ផ្លែទុំតូចៗ សាច់ពណ៌ស គេមិនចូលចិត្តបរិភោគឡើយ ។ ឈើពណ៌សភា្លវ ប្រើការធ្វើជាក្តារបន្ទះ ក្ដារងឿ ។ល។ សំបកសំរាប់ធ្វើថ្នាំរំងាប់រោគបំពង់ក និង រោគស្វាយ ។	</li><li><p-n>More Information	NK &nbsp;: &nbsp;sva: &nbsp;préi (manguer sauvage) &nbsp;ស្វាយព្រៃ	NOTE	ពេលមានពាក្យ (វល្លិ) (ស្មៅ) (ដើម) ក្នុងវង់ក្រចកខាងក្រោយនាម រុក្ខជាតិ ត្រូវអានពាក្យនោះខាងមុខនាមវិញ។</p-n></li></ul>
ស្វាយរបា	@ស្វាយមាស	MANGIFERA (Anacardiaceae)	Mangifera reba Pierre	<ul><li>Tree, 20-30 m tall, of the dense forests of Cambodia and Vietnam. Young leaves and young fruits eaten as vegetables. Appreciated enough ripe fruits. Wood used to make boards.	</li><li>ឈ្មោះព្រឹក្សម្យ៉ាងកំពស់ ២០-៣០ម ដុះក្នុងព្រៃក្រាស់នៃប្រទេសកម្ពុជា និងវៀតណាម ។ ស្លឹក និងផ្លែខ្ចីៗប្រើជាបន្លែ ។ ផ្លែទុំបរិភោគបាន មានរសជាតិផ្អែម ។ ឈើ គេប្រើធ្វើជាក្ដារក្រាល ។ 	</li><li><p-n>More Information	NK &nbsp;: sva:y reba, sva:y miëhs (ce demier nom signifie « mangue d’or » ​ ស្វាយរបា, ស្វាយមាស	NOTE	ពេលមានពាក្យ (វល្លិ) (ស្មៅ) (ដើម) ក្នុងវង់ក្រចកខាងក្រោយនាម រុក្ខជាតិ ត្រូវអានពាក្យនោះខាងមុខនាមវិញ។</p-n></li></ul>
ស្វាយសួគ៌	@ចំបក់ឈាម	HORFIELDIA (Myristicaceae)	Horfieldia iryaghedi (Gaertn.) Warb.	<ul><li>Shrub or small tree, 6-15 m tall, of the dense or secondary formations along the rivers of the Indochinese and Malay Peninsula, in the Sunda islands, Borneo and Sri Lanka. Nice-smelling flowers entering the composition of incense sticks. Edible fruit. The oily seeds are of use to the manufacture of candles.	</li><li>ឈ្មោះចុល្លព្រឹក្ស ឬព្រឹក្សតូចមួយប្រភេទ កំពស់ ៦-១៥ម ដុះក្នុងព្រៃក្រាស់ ឬព្រៃស្រោងជិតមាត់ទឹក នៃឧបទ្វីបឥណ្ឌូចិន ជ្វាលើកោះខ្លះ (sonde bornéo) និងនៅប្រទេសសេរីលង្កា ។ ផ្កាមានក្លិនក្រអូប អាចផ្សំធ្វើធូបបាន ។ ផ្លែគេបរិភោគ ។ គ្រាប់មានធាតុប្រេងច្រើនសម្រាប់ធ្វើទៀន។	</li><li><p-n>More Information	NK &nbsp;: sva:y suër (mangue du paradis), châmbâk chhiëm &nbsp;ស្វាយសួគ៌, ចំបក់ឈាម	NOTE	ពេលមានពាក្យ (វល្លិ) (ស្មៅ) (ដើម) ក្នុងវង់ក្រចកខាងក្រោយនាម រុក្ខជាតិ ត្រូវអានពាក្យនោះខាងមុខនាមវិញ។</p-n></li></ul>
ស្វាយអន្លក់	COSMOS (Compositae)	Cosmos sulphureus Cav.	<ul><li>Herb, 0.50-1 m tall, originating from Mexico, introduced into the warm countries as a decorative plant for its beautiful yellow flowers. The leaves, as those of &quot;sbay roë:ng&quot; are edible. 	</li><li>ឈ្មោះស្មៅម្យ៉ាង កំពស់ ០,៥០-១ម នាំពីស្រុក Mexique (អាមេរិកក្ដៅ) មកដាំក្នុងប្រទេសក្ដៅឯទៀតៗជាដើមលំអដោយមានផ្កា សម្បុរ លឿងស្រស់ ។ ស្លឹកអាចបរិភោគបាន ដូចស្លឹកស្បៃរឿងដែរ ។	</li><li><p-n>More Information	NK : sva:y ânlu:ëk’ ស្វាយអន្លក់	NOTE	ពេលមានពាក្យ (វល្លិ) (ស្មៅ) (ដើម) ក្នុងវង់ក្រចកខាងក្រោយនាម រុក្ខជាតិ ត្រូវអានពាក្យនោះខាងមុខនាមវិញ។</p-n></li></ul>
ស្អំ	ACACIA (Leguminosae-Mimosoideae)	Acacia megaladena Desv. var. indochinensis I.C. Nielsen	<ul><li>Climber and spiny shrub growing in secondary forest, in clearing, or along roadside in Indochina. The leaves are consumed raw or cooked as vegetables. Roots and barks used to poison fish.	</li><li>ស្អំជាចុល្លព្រឹក្ស មានបន្លាម្យ៉ាង តែងវារលើដើមឈើណាដែលដុះក្នុងព្រៃស្រោង និងព្រៃវាល ឬដុះតាមមាត់ព្រៃធំ។ ស្អំមានដុះតែក្នុងឥណ្ឌូចិនទេ ។ ស្លឹកធំស្អុយបន្តិចៗ តែគេនិយមប្រើធ្វើជាបន្លែ ឬរបោយ។ ខ្មែរយើង ច្រើនយកស្លឹកជ្រលក់ ពងមាន់ ហើយចៀន សំរាប់បរិភោគជាមួយកាពិ។ សំបកអាចស្ងោរជ្រលក់សំណាញ់ក៏បាន ។ ឫសស្អំព្រមទាំងសំបក ជាថ្នាំបំពុលត្រីមុននេសាទ ។	</li><li><p-n>More Information	Syn. : Acacia pennata non L. : Willd.&nbsp;</p-n></li></ul>
ហង្សធំ	@វល្លិវែក	HEMIDESMUS (Asclepiadaceae)	Hemidesmus indicus R. Br.	<ul><li>Crawling or climbing shrub of the open formations, with large ligneous stalk, 3-8 mm of diameter, met in Southeast Asia. The roots are a component of a remedy against the venereal diseases.	</li><li>ហង្សធំជាគុម្ពព្រឹក្សវារលើដី ឬវារឡើងដើមឈើក្នុងព្រៃស្រោង នៃអាស៊ីផ្នែកអាគ្នេយ៍ ។ គ្រូថ្នាំយកឬសដើមនេះផ្សំធ្វើថ្នាំព្យាបាលរោគស្វាយ ប្រមេះ។	</li><li><p-n>More Information	NF &nbsp;&nbsp;: salsepareille de l’Inde, racine de Nunnari</p-n></li></ul>
ហើមធំ	AILANTHUS (Simaroubaceae)	Ailanthus triphysa (Dennst.) Alston	<ul><li>Tree, 15-30 m tall, which grows in dense or secondary forest of Thailand, Cambodia and South Vietnam. The timber yields by incision, a resin gum which is used as incense. In local medicine, bark used against dysentery and intestinal oedema.	</li><li>ឈ្មោះដើមឈើធំម៉្យាងកំពស់ពី ១៥ ទៅ ៣០ ម ដុះក្នុងព្រៃស្រោង និងព្រៃល្បោះ នៃប្រទេសថៃ ខ្មែរ និង វៀតណាមខាងត្បូង។ ជ័រវា គេយកទុកដុត ជាគ្រឿងក្រអូបថ្វាយព្រះ ពេលមានបុណ្យទាន។ គ្រូថ្នាំយកសំបកដើមហើមធំ ធ្វើឱសថ ព្យាបាលជំងឺរាកមួល និងហើមពោះវៀន។ ឈើមានពណ៌លឿង ផុយណាស់ គេអាចដុតធ្វើធ្យូងថ្មបានល្អ។ 	</li><li><p-n>More Information	Syn. &nbsp;: Ailanthus fauveliana Pierre</p-n></li></ul>
ហៃសាន	@ចាន់ស	CASSIA (Leguminosae-Caesalpinioideae)	Cassia garettiana Craib	<ul><li>Shrub or small tree, 5-15 m tall, open formations of the Indochinese Peninsula, often cultivated as plant of avenues. The young leaves and young flowers are consumed sometimes as vegetables. The branches are used in magic (to expel evil spirits) in some villages of Ratanakiri’s and Mondulkiri. The infusions of flowers would be purifying and febrifuges. The leaves and the wood are used to treat the sores. The decoctions of roots are prescribed in case of diarrhoea.	</li><li>ដើមហៃសាន ជាចុល្លព្រឹក្ស ឬជាព្រឹក្សតូចមួយប្រភេទ កំពស់ ៥-១៥ម ដុះក្នុងព្រៃល្បោះ នៃឧបទ្វីបឥណ្ឌូចិន ។ គេនិយមដាំតាមវិថីនានា។ ស្លឹក និងផ្កាខ្ចី អាចបរិភោគជាបន្លែបាន ។ មែកគេប្រើសម្រាប់ដេញទេពារក្សអាក្រក់នៅភូមិខ្លះក្នុង ខេត្ត Ratanakiri និង Mondulkiri ។ គេស្ងោរផ្កាផឹក សម្រាប់សំអាតឈាម និងធ្វើឱ្យបាត់គ្រុន ។ ស្លឹកនិងឈើគេប្រើ រម្ងាប់ជម្ងឺកើតស្រែង ។ គេស្ងោរឬសផឹកពេលមានជម្ងឺរាគ ។ 	</li><li><p-n>More Information	NK : hai sa:n, chan’ sâ: &nbsp;ហៃសាន, ចាន់ស	NOTE	ពេលមានពាក្យ (វល្លិ) (ស្មៅ) (ដើម) ក្នុងវង់ក្រចកខាងក្រោយនាម រុក្ខជាតិ ត្រូវអានពាក្យនោះខាងមុខនាមវិញ។</p-n></li></ul>
ឡេវអាវ	GLOCHIDION (Euphorbiaceae)	Glochidion rubrum Blume	<ul><li>Shrub, 4-5 m tall, of the clear forests of tropical Asia. The young leaves are edible. In traditional medicine, the plant is used against haemorrhoids.	</li><li>ឡេវអាវ ចុល្លព្រឹក្សកំពស់ ៤-៥ម ដុះក្នុងព្រៃល្បោះនៃទ្វីបអាស៊ីផ្នែកក្តៅ ។ ត្រួយអាចធ្វើអន្លក់បរិភោគបាន ។ គ្រូខ្មែរតែងយកដើមនេះ ធ្វើថ្នាំព្យាបាលឬសដូងបាត ។	</li><li><p-n>More Information	NK &nbsp;: léw aw (bouton de chemise, allusion à la forme des fruits) ឡេវអាវ	NOTE	ពេលមានពាក្យ (វល្លិ) (ស្មៅ) (ដើម) ក្នុងវង់ក្រចកខាងក្រោយនាម រុក្ខជាតិ ត្រូវអានពាក្យនោះខាងមុខនាមវិញ។</p-n></li></ul>
អង្កត់ខ្មៅ	DIOSPYROS (Ebenaceae) 	Diospyros bejaudi Lecomte	<ul><li>Tree, 10-20 m tall, of dense and semi-dense forests of Cambodia from where it is endemic, The white wood, black pigmented in the centre, supplies ebony in weak proportions. It is much in demand for the manufacture of furniture, handles of knives and often musical instruments.	</li><li>ឈ្មោះព្រឹក្សមួយប្រភេទ កំពស់ ១០-២០ម ដុះក្នុងព្រៃធំ ឬព្រៃក្រាស់មធ្យម នៅប្រទេសខ្មែរតែមួយទេ គឺគ្មាននៅ ប្រទេសដទៃឡើយ ។ ដើមពណ៌ស លាយខ្មៅបន្តិចៗ ចំកណ្ដាលអាចទៅជាឈើរឹងខ្មៅស្រិល (Ebène) ខ្លះៗ បាន កាលណាដើមចាស់ ។ ឈើខ្មៅស្រិលនេះ គេនិយមប្រើសម្រាប់ធ្វើ តុ ទូ ដងកាំបិត ពេលខ្លះធ្វើគ្រឿងភ្លេង ។	</li><li><p-n>More Information	NK &nbsp;: ângkât’ khmau &nbsp;អង្កត់ខ្មៅ	NOTE	ពេលមានពាក្យ (វល្លិ) (ស្មៅ) (ដើម) ក្នុងវង់ក្រចកខាងក្រោយនាម រុក្ខជាតិ ត្រូវអានពាក្យនោះខាងមុខនាមវិញ។</p-n></li></ul>
អង្កត់ខ្មៅស្លឹកធំ	DIOSPYROS (Ebenaceae) 	Diospyros venosa Wall. ex A.DC. 	<ul><li>Tree or shrub, 5-10 m tall, of dense or mixed forests of Indochina, Malay peninsula, Indonesia and of Moluques Islands. Twigs used as firewood. The wood’s ebony is used to make luxury knickknacks. Decoctions roots, used in traditional medicine, are said to be sedative. They are also a component of a tonifying remedy.	</li><li>ឈ្មោះព្រឹក្សតូច ឬ ចុល្លព្រឹក្សមួយ កំពស់ ៥-១០ម ដុះក្នុងព្រៃក្រាស់ និងស្ទើរក្រាស់នៅឥណ្ឌូចិន ឧបទ្វីបជ្វា ប្រទេសឥណ្ឌូណេស៊ី និងលើកោះ Moluques ។ ឈើអាចបើសង់រោងបណ្តោះអាសន្ន ឬសង់ខ្ទម ។ មែកធាងតូចៗ គេរើសធ្វើអុស។ គ្រូថ្នាំបុរាណស្ងោរមែកធាងកាត់តូចៗអោយផឹកដើម្បី អោយអន់ឈឺចាប់ ។ គេផ្សំឬសជាមួយរុក្ខជាតិផ្សេងទៀតធ្វើថ្នាំកម្លាំង ។	</li><li><p-n>More Information	Syn. &nbsp;: Diospyros hermaphroditica (Zoll.) Bakh.</p-n></li></ul>
អង្កាញ់	CASSIA (Leguminosae-Caesalpinioideae)	Cassia siamensis Lam.	<ul><li>Tree, 6-20 m tall, of secondary formations in plains of Southeast Asia, cultivated in the other tropical regions of the world. In Cambodia, it is planted in the big cities as shading tree. Fast growing in the young age. this tree is very much valued for reforestings. Graded &quot;luxury wood&quot;, it is used in construction and cabinetwork. The flowers, the young leaves and the young fruits can be consumed cooked. The wooden heart associated to the fruits of &quot;sangkaè&quot; (Combretum quadrangulare-L) is used as vermifuge. The wood, reduced to powder and mixed in the coconut oil, is used in the treatment of scabies.	</li><li>អង្កាញ់ជាព្រឹក្សមួយប្រភេទ មានកំពស់ ៦-២០ម ដុះក្នុងព្រៃល្បោះ លើដីទំនាបនៅអាស៊ីផ្នែកអាគ្នេយ៍ ។ នៅស្រុកដទៃទៀត គេនាំយកពីអាស៊ីទៅដាំជាលំអ ។ នៅប្រទេសខ្មែរយើង និយមដាំអង្កាញ់នៅជិតគេហដ្ឋានជាម្លប់ ។ ដើមនេះដុះដំបូងលឿនណាស់ គេនិយមដាំសម្រាប់ឱ្យមានព្រៃឡើងវិញឆាប់ៗ ។ ឈើអង្កាញ់ជា “ឈើប្រណិត” មានតំលៃណាស់ សម្រាប់សង់ផ្ទះ ឬធ្វើ តុ ទូ ។ ផ្កាខ្ចី ស្លឹកខ្ចី អាចបរិភោគក្នុងសម្លបាន ។ បណ្ដូលឈើលាយជាមួយគ្រាប់ដើមសង្កែ សំរាប់ធ្វើថ្នាំព្រូន ។ គេយកឈើដែលបុកម៉ត់លាយជាមួយប្រេងដូង ដើម្បីព្យាបាលជម្ងឺកមរមាស់ ។ 	</li><li><p-n>More Information	NF : bois perdix</p-n></li></ul>
អង្កោល	GARCINIA (Guttiferae)	Garcinia lanessani Pierre	<ul><li>Tree branched out from the base, 8-10 m tall, of the dense and secondary forests of Indochina. The barks give a green dye. The wood, although little durable, is used in construction. In traditional medicine, the gum of the trunk would be used against various diseases, in particular fevers and the inflammations of the lymphatic glands.	</li><li>ឈ្មោះព្រឹក្សមួយបែកមែកតាំងពីគល់ កំពស់ ៨-១០ម ដុះក្នុងព្រៃក្រាស់នឹងព្រៃស្រោងនៃឥណ្ឌូចិន ។ សំបកសម្រាប់ ជ្រលក់សំពត់ឱ្យមានពណ៌បៃតង ។ ឈើមិនសូវជាប់យូរ តែអាចប្រើសម្រាប់សង់ផ្ទះបាន ។ ជ័រនៃដើមអាចយកផ្សំឱសថ ព្យាបាល ជម្ងឺផ្សេងៗដូចជា គ្រុន និងហើម គ្រន្ទីនៃលសីកា ជាដើម។	</li><li><p-n>More Information	NK &nbsp;: ângka:ôl &nbsp;អង្កោល	NOTE	ពេលមានពាក្យ (វល្លិ) (ស្មៅ) (ដើម) ក្នុងវង់ក្រចកខាងក្រោយនាម រុក្ខជាតិ ត្រូវអានពាក្យនោះខាងមុខនាមវិញ។</p-n></li></ul>
អង្ក្រង	ZIZYPHUS (Rhamnaceae)	Zizyphus cambodiana Pierre	<ul><li>Thorny shrub, 2-6 m tall, of the secondary undergrowth of the Indochinese Peninsula. Wood used to make coal. In traditional medicine, the decoction of the bark would be effective against the ovarian diseases and a remedy for mycoses.	</li><li>ចុល្លព្រឹក្សមួយប្រភេទមានបន្លា កំពស់ ២-៦ម ដុះក្នុងព្រៃគុម្ពោត នៃឧបទ្វីបឥណ្ឌូចិន ។ គេប្រើដើមធ្វើជាធ្យូង ។ គ្រូថ្នាំបុរាណស្ងោរសំបក ធ្វើថ្នាំព្យាបាលជម្ងឺអណា្ឌស័យ និងជម្ងឺបណ្តាលអំពីផ្សិត ។	</li><li><p-n>More Information	NK &nbsp;: ângkrâ:ng (fourmi rouge ; allusion aux nids de ces fourmis dans les branches) &nbsp;អង្ក្រង	NOTE	ពេលមានពាក្យ (វល្លិ) (ស្មៅ) (ដើម) ក្នុងវង់ក្រចកខាងក្រោយនាម រុក្ខជាតិ ត្រូវអានពាក្យនោះខាងមុខនាមវិញ។</p-n></li></ul>
អង្ក្រេមអង្ក្រំ	ABRUS (Leguminosae-Papilionoideae)	Abrus precatorius L. 	<ul><li>Hard and creeping liana of dense forests edges, common to all tropical regions. African singers chew the leaves for better performance. Leaves and roots contain a sweet matter with some resemblance to genuine liquorice. Parts have medicinal virtues : seeds against malaria and conjunctivitis, roots and bark against diarrhoeas and dysenteries.	</li><li>វល្លិវារឡើងដើមឈើ តែងដុះនៅមាត់ព្រៃធំ ដើមនេះមាននៅគ្រប់ប្រទេសក្ដៅសកលលោក។ គ្រាប់ គេយកធ្វើថ្នាំព្យាបាលរោគគ្រុនចាញ់ និងជំងឺភ្នែកក្រហម។ ឬស និងសំបក ធ្វើថ្នាំរោគចុះរាគ និងរោគមួល។ នៅស្រុកអាហ្វ្រិក (Sénégal) អ្នកចំរៀងតែងតែទំពារស្លឹក ដើម្បីឱ្យមានសំលេងល្អ។ ស្លឹក និងឬសមានសារជាតិម្យ៉ាង រសផ្អែមស្រដៀងសារជាតិឈ្មោះ (réglisse)។	</li><li><p-n>More Information	NA : crab’s eye, coral pea&nbsp;</p-n></li></ul>
អង្គញ់ស្វា	@ប្រុញស្វា	ARCHIDENDRON (Leguminosae-Mimosoideae)	Archidendron quocense (Pierre) I. C. Nielsen 	<ul><li>Shrub 6-10m tall abundant in dense forest along river bank up to 600m altitude, found in south east Thailand, Cambodia and South Vietnam. The fruit is edible. Young leaves consumed as vegetables.	</li><li>ចុល្លព្រឹក្សម៉្យាងកំពស់ ៦-១០ម ច្រើនដុះក្នុងព្រៃក្រាស់តាមមាត់ទឹក លើដីរាប ឬទួល មិនខ្ពស់ហួសពី៦០០ម។ គេប្រទះឃើញអង្គញ់ស្វានៅស្រុកថៃ ខ្មែរ និងវៀតណាមខាងត្បូង។ ស្លឹកខ្ចីអាចធ្វើអន្លក ឬរបោយបាន ផ្លែក៏អាចបរិភោគដែរ។ 	</li><li><p-n>More Information	NK: ângkunh’ sva: (rotule de singe), pronh’ sva: &nbsp;អង្គញ់ស្វា, ប្រុញស្វា	NOTE	ពេលមានពាក្យ (វល្លិ) (ស្មៅ) (ដើម) ក្នុងវង់ក្រចកខាងក្រោយនាម រុក្ខជាតិ ត្រូវអានពាក្យនោះខាងមុខនាមវិញ។</p-n></li></ul>
អង្គព្រហ្មប្រែក្រោយ	PHYLLODIUM (Leguminosae-Papilionoideae)	Phyllodium pulchellum (L.) Desv.	<ul><li>Shrub, 1-1.50 m tall, of the clear forests of tropical Asia. In Khmer magic, the leaves and the barks are used as a philtre to turn people into enemies. In Laos, the plant would be used as a strengthening remedy for the delivered women.	</li><li>ឈ្មោះចុល្លព្រឹក្សមួយប្រភេទកំពស់ ១-១,៥០ម ដុះក្នុងព្រៃស្រោងនៃអាស៊ីក្ដៅ ។ ក្នុងមន្តអាគមខ្មែរ ស្លឹក និង សំបក សំរាប់ប្រើជាថ្នាំទឹក ធ្វើឱ្យមនុស្សណាដែលផឹកជាមួយគ្នា ក្លាយជាសត្រូវ ។ នៅស្រុកលាវ ដើមនេះជាថ្នាំកំលាំងសំរាប់នារីទើបសំរាប់កូន ។	</li><li><p-n>More Information	Syn. &nbsp;: Desmodium pulchellum (L.) Benth.</p-n></li></ul>
អង្គល់	ALANGIUM (Alangiaceae)	Alangium ridleyi King	<ul><li>Tree, 15-30 m tall, found in lowland forest in South East Asia. The wood, greyish is in demand for construction.	</li><li>អង្គល់ជាដើមឈើធំ មានកំពស់ ១៥ ទៅ ៣០ ម ដុះក្នុងព្រៃលើដីទំនាប នៃប្រទេសអាស៊ីផ្នែកអាគ្នេយ៍។ ឈើមានពណ៌ប្រផេះលាយខ្មៅ មានខ្លឹមជាប់ល្អណាស់ គេនិយមប្រើធ្វើតុ ទូ និងសង់ផ្ទះ។	</li><li><p-n>More Information	NK : ângkuël &nbsp;&nbsp;អង្គល់	NOTE	ពេលមានពាក្យ (វល្លិ) (ស្មៅ) (ដើម) ក្នុងវង់ក្រចកខាងក្រោយនាម រុក្ខជាតិ ត្រូវអានពាក្យនោះខាងមុខនាមវិញ។</p-n></li></ul>
អង្គាឈ្មោល	@អំពង់រឿង, @ឈាមអន្ទង់	GOMPHIA (Ochnaceae)	Gomphia serrata (Gaertn.) Kanis	<ul><li>Shrub, 2-8 m tall, of the open formations near the rivers of Southeast Asia. Red or brown red wood, splitted easily, used for small constructions or as firewood. The blackish sap obtained by section over fire is considered as being able to cure inflammations of the gums and calm the dental furies. In Vietnam, stalks were formerly used for darkening the teeth.	</li><li>ឈ្មោះចុល្លព្រឹក្សមួយប្រភេទ កំពស់ ២-៨ម ដុះលើទីវាលជិតមាត់ទឹក នៃទ្វីបអាស៊ី ផ្នែកអាគ្នេយ៍ ។ ឈើមានសម្បុរ ក្រហម ឬក្រហមព្រឿងៗ ឆាប់ប្រេះឆា សម្រាប់ប្រើសង់រោង ឬធ្វើអុសដុត ។ ជ័រមានពណ៌ខ្មៅ គេអាចត្រងយកបានក្រោយ គេកាត់ដើមហើយដុតភ្លើង ។ គ្រូថ្នាំប្រើជ័រនេះជាថ្នាំព្យាបាល ជម្ងឺរលាកជើងធ្មេញ និងបន្ធូរការឈឺធ្មេញ ។ នៅប្រទេសវៀត-ណាម ពីមុនជ័រនេះសម្រាប់លាបធ្មេញឱ្យខ្មៅ ។	</li><li><p-n>More Information	Syn. &nbsp;: Ouratea thorelii (Tieghem) Lecomte</p-n></li></ul>
អង្គាដី	SESBANIA (Leguminosae-Papilionoideae)	Sesbania grandiflora (L.) Poir.	<ul><li>Tree, 8-10 m tall, of the secondary formations of tropical Asia, cultivated in warm regions as decorative and as support for pepper tree. The young leaves, the flowers and the young pods are edible. The flowers are eaten, in Cambodia, as fritter. The bark is used, in popular medicine, against different diseases such as diarrhoea, dysentery and the malaria. The juice of the flowers, introduced into the nostrils, would be effective against the head cold and headache. The leaves are used as fodder.	</li><li>ឈ្មោះព្រឹក្សកំពស់ ៨-១០ម ដុះក្នុងព្រៃល្បោះនៃអាស៊ីក្ដៅ គេច្រើនដាំគ្រប់ប្រទេសក្តៅសកលលោក ជាដើមលំអ ឬ សំរាប់ធ្វើជាជន្លង់ដើមម្រេច ។ ស្លឹកខ្ចីៗ និងផ្កា អាចបរិភោគជាបន្លែ ។ នៅប្រទេសគេច្រើនយកផ្កាទៅចៀនខា្លញ់ ។ សំបកប្រើធ្វើជាថ្នាំរំងាប់រោគផ្សេងៗ ដូចជារាគមួល និងគ្រុនចាញ់ជាដើម ។ ទឹកដមផ្កា គេដាក់បន្ដក់ក្នុងរន្ធច្រមុះ ដើម្បីព្យាបាល ជំងឺផ្តាសាយធំ និងឈឺក្បាល ។ ស្លឹកអាចធ្វើជាចំណីគោ ក្របី ។	</li><li><p-n>More Information	NF &nbsp;: fayotier</p-n></li></ul>
អង្គាដីឈ្មោល	SPATHODEA (Bignoniaceae)	Spathodea campanulata Pal.	<ul><li>Tree, 8-15 m tall, of African origin, cultivated in the tropical regions as street or garden plant for its large colored flowers.	</li><li>ឈ្មោះព្រឹក្សម្យ៉ាង កំពស់ ៨-១៥ម គេនាំពីទ្វីបអាហ្វ្រិកមកដាំក្នុងប្រទេសក្ដៅសកលលោក ជារុក្ខជាតិលំអតាមវិថីនានា ឬក្នុងសួន ដោយដើមនេះមានផ្កាធំៗ ពណ៌លឿង, ក្រហមល្អ ។ 	</li><li><p-n>More Information	NA &nbsp;: african tulip</p-n></li></ul>
អង្គាបុស្ស	MILLINGTONIA (Bignoniaceae) 	Millingtonia hortensis L. f.	<ul><li>Tree, 6-20 m tall, often cultivated near the houses, in particular in Indochina and the Indian peninsula. The flowers with very pleasant smell are mixed in the tobacco to give it an opiated taste. Wood used to make artworks.	</li><li>ព្រឹក្ស ឬ ចុល្លព្រឹក្សមួយប្រភេទ កំពស់ ៦-២០ម គេច្រើនដាំជាលំអជិតផ្ទះ ជាពិសេសនៅឥណ្ឌូចិន និងនៅឧបទ្វីប ឥណ្ឌា ។ ផ្កាពណ៌ ស មានក្លិនក្រអូបឈ្ងប់ខ្លាំង កាលណាស្ងួតក្រៀម បើលាយ និងថ្នាំជក់ មានក្លិនធុំដូចក្លិនអាភៀន ។ ដើមអាចប្រើធ្វើវត្ថុផ្នែកសិល្បៈ ។	</li><li><p-n>More Information	NK &nbsp;&nbsp;: &nbsp;ângkië bô’hs &nbsp;អង្គាបុស្ស	NOTE	ពេលមានពាក្យ (វល្លិ) (ស្មៅ) (ដើម) ក្នុងវង់ក្រចកខាងក្រោយនាម រុក្ខជាតិ ត្រូវអានពាក្យនោះខាងមុខនាមវិញ។</p-n></li></ul>
អង្គាសីល	@គង្គា, @ភ្លៅកង្កែប 	OCHNA (Ochnaceae)	Ochna integerrima (Lour.) Merr.	<ul><li>Shrub, 4-8 m tall, rarely more, of the secondary formations and undergrowth of Southeast Asia. The flowery branches are sold during the Chinese New Year, from January till March. The yellow flowers open easily when the cut branch is in the contact with tepid water. They are considered as a lucky charm. In traditional medicine the barks are used as tonic digestive. 	</li><li>ឈ្មោះចុល្លព្រឹក្សម្យ៉ាង កំពស់ ៤-៨ម ដុះក្នុងព្រៃល្បោះ និងគុម្ពោត នៃអាស៊ីផ្ទៃអាគ្នេយ៍ ។ មែកផ្កា តែងមានដាក់ លក់ក្នុងផ្សារ ពេលចូលឆ្នាំចិន ពីខែមករា ទៅដល់ខែមេសា ។ ផ្កាពណ៌លឿងតែងរីក ឆាប់រហ័សពេលគេដាក់មែកផ្កាក្នុងទឹកក្ដៅឧណ្ឌៗ។ ផ្កានេះគេទុកជាវត្ថុដែលឱ្យចម្រុងចម្រើន ។ តាមក្បួនឱសថបុរាណ ឬសអង្គាសីល ជាថ្នាំជួយរំលាយអាហារ ។	</li><li><p-n>More Information	Syn. : Ochna harmandii Lecomte</p-n></li></ul>
អង្គុញស្វា	@ខ្លែងពណ៌	BAUHINIA (Leguminosae-Caesalpinioideae)	Bauhinia bassacencis Pierre ex Gagnep., var. bassacencis	<ul><li>Big liana with spiral hooks growing in dense or more or less evergreen forests in many countries: Malay Peninsular, Cambodia, Laos, Vietnam, and Thailand. Dried leaves used as cigarette-paper. In traditional medicine, seeds macerated in alcohol are used as a remedy against stomachache.	</li><li>រុក្ខជាតិនេះជាវល្លិធំម្យ៉ាង មានទំពក់ជាក្បាច់ហៀនគូទខ្យងវារឡើងដើមឈើ ក្នុងព្រៃក្រាស់ នៃប្រទេសជ្វា និងឥណ្ឌូចិន ។ ស្លឹកហាលស្ងួតសម្រាប់មូរ បារីជក់ ។ គ្រាប់គេត្រាំស្រាផឹក ដើម្បីព្យាលបាលជម្ងឺឈឺពោះផ្សេងៗ ។	</li><li><p-n>More Information	Syn. : -Bauhinia fleuryi Gagnep.</p-n></li></ul>
អង្គោលបន្លា	ALANGIUM (Alangiaceae)	Alangium salvifolium (L.f.) Wangerin, subsp. hexapetalum (Lam.) Wangerin	<ul><li>Small tree, 6-12 m tall, spiny when young which grows in sunny areas of South East Asia. The fruit is edible and the flowers attract bees. Wood used for manufacture of toys. The trunk yields a resin gums, by incision, which would be used against fever. The sap-wood is in demand by Khmer Leu who use it as a talisman (protection from mischievous spirits). The burnt sap-wood would have the power for driving them away.	</li><li>ចុល្លព្រឹក្សនេះមានកំពស់ ៦ - ១២ ម ដុះលើដីវាល។ កាលនៅតូចត្រឹមកំពស់ ៦ម ដើមនេះមានបន្លាច្រើន ឯបន្លានេះជ្រុះបន្តិចម្តងៗ ជិតអស់ ពេលដើមចាស់ទៅ។ រុក្ខជាតិនេះ ដុះក្នុងប្រទេសអាស៊ីផ្នែកអាគ្នេយ៍។ ផ្លែបរិភោគបាន ឯផ្កាវិញ សត្វឃ្មុំចោមរោមជាច្រើន ដើម្បីជញ្ជក់លំអងយកទៅធ្វើទឹកឃ្មុំ។ ឈើអាចប្រើការធ្វើវត្ថុក្មេងលេង។ ជ័រអង្កោលបន្លា គេទុកសំរាប់ធ្វើថ្នាំព្យាបាលជំងឺគ្រុន។ ខ្លឹមឈើ ពួកភ្នង និងខ្មែរលើដទៃទៀតជឿថា វត្ថុមួយអាចដេញទេពរក្សអាក្រក់អោយរត់ឆ្ងាយពីខ្លួន និងលំនៅស្ថានរបស់គេ។	</li><li><p-n>More Information	NK : ângkaôl bânla: &nbsp;អង្គោលបន្លា	NOTE	ពេលមានពាក្យ (វល្លិ) (ស្មៅ) (ដើម) ក្នុងវង់ក្រចកខាងក្រោយនាម រុក្ខជាតិ ត្រូវអានពាក្យនោះខាងមុខនាមវិញ។</p-n></li></ul>
អង្រែដែក	@ទៀនងំ	DRACAENA (Agavaceae)	Dracaena cambodiana (Gagnep.) Merr. &amp; Chun 	<ul><li> Shrub, 1-8 m tall, of the dense forests, especially in mountains, abounding in Cambodia on the Bokor mountain. Indochinese species exported and cultivated indoor for its leaves grouped in bundle on the summit and laterally on the cylindrical stalk. The staples of the grown-up leaves are used for weaving hammocks. In Cambodian traditional medicine, the stalks, cut and macerated in alcohol, would be fortifying and aphrodisiac. 	</li><li>ឈ្មោះចុល្លព្រឹក្សមួយប្រភេទ កំពស់ ១-៨ម ដុះក្នុងព្រៃជ្រៅច្រើនលើភ្នំ ក្នុងឥណ្ឌូចិន នៅស្រុកខ្មែរ អង្រែដែកមាន ជាច្រើនក្នុងព្រៃភ្នំបូកគោមុនឡើងដល់លើកំពូល ។ គេនាំដើមអង្រែដែកលក់នៅបរទេស គេចូលចិត្តដាំជាលំអក្នុងសួន ឬក្នុងផ្ទះ ។ ដើមនេះមានរាងជាបំពង់ក្រាស់ មានស្លឹកវែងៗ ដុះជាបាច់នៅចុងមែកនឹងនៅលើថ្នាំងនីមួយៗ ។ សរសៃស្លឹកចាស់ៗ អាចត្បាញ ជាអង្រឹងបាន ។ គ្រូថ្នាំខ្មែរយ  កដើមកាត់កង់ៗ ត្រាំស្រា ធ្វើថ្នាំលើកកម្លាំង និងជាថ្នាំប៉ូវ ។	</li><li><p-n>More Information	NK &nbsp;: ângraè daèk (pilon de fer), tiën ngôm (bougie pérenne) &nbsp;អង្រែដែក, ទៀនងំ	NOTE	ពេលមានពាក្យ (វល្លិ) (ស្មៅ) (ដើម) ក្នុងវង់ក្រចកខាងក្រោយនាម រុក្ខជាតិ ត្រូវអានពាក្យនោះខាងមុខនាមវិញ។</p-n></li></ul>
អញ្ចាញ	GMELINA (Verbenaceae)	Gmelina asiatica L.	<ul><li>Climbing shrub, much branched out, with small axillary twigs transformed into thorns, common in the undergrowth of tropical Asia. The ripe fruits are edible. Those candied in sugar are often sold on markets. Leaves and young twigs are rich in sticky mucilages, after their maceration in the water ; they are used as emollient to calm the pains of the micturition in case of gonorrhea. The root is used to treat incontinence.	</li><li>អញ្ចាញ ចុល្លព្រឹកវល្លិវារឡើងលើរុក្ខជាតិជិតខាង មានបែកមែកសាខា មែកតូចៗ ដែលដុះចេញពីគល់មែកធំៗ អាច ក្លាយទៅជាបន្លា ។ ដើមនេះច្រើនដុះក្នុងព្រៃគុម្ពោត នៃទ្វីបអាស៊ីផ្នែកក្ដៅ ។ ផ្លែទុំគេចូលចិត្តបរិភោគណាស់ ។ គេឃើញមាន តំណាប់ផ្លែលក់ក្នុងផ្សារ ។ ស្លឹក និងមែកអញ្ចាញ សំបកជ័រស្អិតណាស់ គ្រូថ្នាំខ្មែរប្រើស្លឹក និងមែក ដែលត្រាំទឹក ហើយធ្វើថ្នាំបន្ធូរការឈឺចាប់ពេលនោម ដោយមកពីជម្ងឺប្រមេះ ។ ឬសអញ្ចាញសម្រាប់ធ្វើឱសថព្យាបាលការនោមមិនដឹងខ្លួន ។	</li><li><p-n>More Information	NK &nbsp;&nbsp;: &nbsp;ânncha:nh &nbsp;អញ្ចាញ	NOTE	ពេលមានពាក្យ (វល្លិ) (ស្មៅ) (ដើម) ក្នុងវង់ក្រចកខាងក្រោយនាម រុក្ខជាតិ ត្រូវអានពាក្យនោះខាងមុខនាមវិញ។</p-n></li></ul>
អញ្ជកធំ	CRASSOCEPHALUM (Compositae)	Crassocephalum crepidioides (Benth.) S. Moore	<ul><li>Ruderal herb, originating from Malaysia, spread by unintentional transport of the seeds in all the tropical regions of the world, where it is considered as a weed. In Cambodia, it is used in traditional medicine to treat the complications relative to delivery.	</li><li>អញ្ជកធំ ជាតិណជាតិ (ស្មៅ) មួយប្រភេទ ដើមកំណើតនៅប្រទេសជ្វា គេនាំគ្រាប់ដោយចៃដន្យយកទៅគ្រប់ប្រទេសក្ដៅនានា ។ ហេតុនេះនៅ ស្រុកខ្លះ គេទុកដើមអញ្ជកធំជាស្មៅអាក្រក់ តែនៅកម្ពុជា គ្រូបុរាណ តែងប្រើដើមស្មៅនេះផ្សំធ្វើ ថ្នាំព្យាបាលជម្ងឺទាស់ក្រោយសម្រាលកូន ។	</li><li><p-n>More Information	NK : ânchô:k thôm &nbsp;អញ្ជកធំ	NOTE	ពេលមានពាក្យ (វល្លិ) (ស្មៅ) (ដើម) ក្នុងវង់ក្រចកខាងក្រោយនាម រុក្ខជាតិ ត្រូវអានពាក្យនោះខាងមុខនាមវិញ។</p-n></li></ul>
អញ្ជ័ន	@សណ្តែកបារាំង	CLITORIA (Leguminosae-Papilionoideae)	Clitoria ternatea L.	<ul><li>Climbing herb, native in Asia, spread at the moment in all the tropical regions of the world. It is cultivated to decorate the hedges and fences around houses, because of the beauty of its blue flowers. The fresh, white root, bitter, is used as purgative. 	</li><li>ឈ្មោះវល្លិវារមួយប្រភេទ កើតក្នុងទ្វីបអាស៊ី តែគេនាំពូជដាំនៅគ្រប់ប្រទេសក្ដៅក្នុងសកលលោក ។ គេចូលចិត្តដាំដើមនេះសម្រាប់ឱ្យឡើងរបងជុំវិញ គេហដ្ឋានជាលំអ ដោយមានផ្កាសម្បុរខៀវល្អមើល។ ឬសស្រស់ ពណ៌ស រសជាតិហាង គេប្រើជាថ្នាំបញ្ចុះ ។	</li><li><p-n>More Information	NA : butterfly pea</p-n></li></ul>
អណ្ដូងព្រះ	QUISQUALIS (Combretaceae)	Quisqualis conferta (Jack) Exell 	<ul><li>Shrub, 1-2 m tall, slightly climbing, of the dense forests of low regions in the Indochinese and Malay Peninsula and Sumatra. The decoction of leaves would be vermifuge, as the seeds.	</li><li>គុម្ពព្រឹក្សតូចមួយប្រភេទ កំពស់ ១-២ម ស្ទើរវារ ឬវារ ដុះក្នុងព្រៃធំ លើដីទំនាបនៃឧបទ្វីបឥណ្ឌូចិន ជ្វា និងលើកោះ Sumatra គេស្ងោរស្លឹក និងគ្រាប់ ផឹកឱ្យធ្លាក់ព្រូន ។	</li><li><p-n>More Information	Syn. &nbsp;: Quisqualis densiflora Wall.</p-n></li></ul>
អណ្តាតឆ្កែ	ELEPHANTOPUS (Compositae)	Elephantopus scaber L.	<ul><li>Hard, 20-40 cm tall herb, with ligneous root, met in clearings, meadows and roadsides of all the tropical regions. Stalks, leaves and flowers used in traditional medicine as diuretics. Roots with an aphrodisiac reputation ; they are exported especially towards Japan. The complete plant is used against cough of the domestic animals.	</li><li>ឈោ្មះស្មៅម្យ៉ាងកំពស់២០–៤០ស.ម មានឬសធំរឹង ដុះក្នុងទីវាលព្រៃស្រោង ឬទីវាលស្មៅ ឬតាមមាត់ផ្លូវនៃប្រទេស ក្តៅសកលលោក ។ ដើមស្លឹក និងផ្កា សម្រាប់ធ្វើថ្នាំអោយនោមច្រើន ។ ឬសជាឱសថប៉ូវ គេយកឬសលក់ឱ្យបរទេសជាពិសេស ប្រទេសជប៉ុន ។ ពេទ្យសត្វតែងប្រើរុក្ខជាតិនេះសម្រាប់ព្យាបាលជម្ងឺក្អក នៃសត្វស្រុកដែលចិញ្ចឹម ។ 	</li><li><p-n>More Information	NF &nbsp;: herbe de la jouissance, pied d’éléphant</p-n></li></ul>
អណ្តាតត្រកួត	ANISEIA (Convolvulaceae) 	Aniseia martinicensis (Jacq.) Choisy	<ul><li>Slender liana, ligneous at basis, climbing on shrubs, native to tropical America (Martinique), becoming spontaneous in Asia and Africa. Liana sought after in time of shortage under Khmer Rouge regime, the whole plant had been eaten in cooking.	</li><li>វល្លិឈើម៉្យាងវារលើដី ឬលើដើមដទៃនៅជិតខាង មានដើមកំណើតនៅស្រុក Martinique ដុះនៅស្រុកក្ដៅសកល- លោក ។ នៅប្រទេសខ្មែរពេលទុរិ្ភក្ស (ឆ្នាំ១៩៧៥-១៩៧៩) ដើមនេះ យើងយកមកស្ងោរលាយបបរបរិភោគ ឬស្ងោរធ្វើ               បន្លែ ។	</li><li><p-n>More Information	NK : ânnda:t trâkuët (langue de varan, allusion à la forme des feuilles) &nbsp;អណ្ដាតត្រកួត	NOTE	ពេលមានពាក្យ (វល្លិ) (ស្មៅ) (ដើម) ក្នុងវង់ក្រចកខាងក្រោយនាម រុក្ខជាតិ ត្រូវអានពាក្យនោះខាងមុខនាមវិញ។</p-n></li></ul>
អន្ទង់ទាត់	@ស្មាច់អន្លង់	TARENNA (Rubiaceae)	Tarenna quocense Pierre ex Pit.	<ul><li>Shrub, 1-4 m tall, of the dense formations near the coasts of Cambodia and Vietnam. In Koh Kong province, the decoction of roots are used to facilitate delivery. 	</li><li>អន្ទង់ទាត់ជាចុល្លព្រឹក្សកំពស់១-៤ម ដុះក្នុងព្រៃក្រាស់មាត់សមុទ្រ នៅប្រទេសកម្ពុជា និងវៀតណាម ។ នៅខេត្តកោះកុង អ្នកស្រុកតែងស្ងោរឬសអន្ទង់ទាត់ អោយនារីកំពុងសម្រាលកូនផឹក ដើម្បីអោយកូនកើតឆាប់ៗ ។ 	</li><li><p-n>More Information	NK &nbsp;: ântung toât’, smach ânlung’ &nbsp;អន្ទង់ទាត់, ស្មាច់អន្លង់	NOTE	ពេលមានពាក្យ (វល្លិ) (ស្មៅ) (ដើម) ក្នុងវង់ក្រចកខាងក្រោយនាម រុក្ខជាតិ ត្រូវអានពាក្យនោះខាងមុខនាមវិញ។</p-n></li></ul>
អន្ទង់រោយ	ENGELHARDIA (Juglandaceae)	Engelhardia spicata Lesch. ex Blume 	<ul><li>Shrub, 6-8 m tall, of the dense vallicoles*** forests or pine forests of Southeast Asia, often cultivated as decorative. Wood used for the constructions of huts.	</li><li>ឈ្មោះចុល្លព្រឹក្សម្យ៉ាងកំពស់៦-៨ម ដុះក្នុងព្រៃក្រាស់ជ្រលងភ្នំ ឬ ព្រៃស្រស់ នៃអាស៊ីផ្នែកអាគ្នេយ៍ ពេលខ្លះគេដាំអន្ទង់រោយជាលំអ ។ ដើមសម្រាប់សង់ខ្ទម ។	</li><li><p-n>More Information	NK &nbsp;&nbsp;: &nbsp;ântung rô:y អន្ទង់រោយ	NOTE	ពេលមានពាក្យ (វល្លិ) (ស្មៅ) (ដើម) ក្នុងវង់ក្រចកខាងក្រោយនាម រុក្ខជាតិ ត្រូវអានពាក្យនោះខាងមុខនាមវិញ។</p-n></li></ul>
អន្ទង់-ស	EURYCOMA (Simaroubaceae)	Eurycoma longifolia Jack	<ul><li>Shrub, 2-5 m tall, of the undergrowth of dense forests of Indochina, Malay peninsula and India. Bark, fruits and roots used in traditional medicine. The barks are used to treat digestive troubles, the fruits would be antidysenteric, the roots are used as antidote and against drunkenness.	</li><li>ចុល្លព្រឹក្សម្យ៉ាងកំពស់ ២-៥ម ដុះក្រោមដើមឈើ ក្នុងព្រៃជ្រៅនៃឥណ្ឌូចិន ឧបទ្វីបជ្វា និងក្នុងប្រទេសឥណ្ឌា។ សំបក ផ្លែ និងឬស សម្រាប់ធ្វើឱសថ ។ សំបកជាថ្នាំរម្ងាប់រោគ គ្រឿងរំលាយអាហារ ផ្លែជាឱសថរាគមួល, ឬស សម្រាប់បន្សាប ពិស និងធ្វើឲ្យបាត់ស្រវឹងស្រា ។	</li><li><p-n>More Information	NK &nbsp;: &nbsp;ântun:ng sâ: (anguille blanche) ​ អន្ទង់-ស	NOTE	ពេលមានពាក្យ (វល្លិ) (ស្មៅ) (ដើម) ក្នុងវង់ក្រចកខាងក្រោយនាម រុក្ខជាតិ ត្រូវអានពាក្យនោះខាងមុខនាមវិញ។</p-n></li></ul>
អន្លក់ព្រះ 	SESUVIUM (Aizoaceae)	Sesuvium portulacastrum (L.) L. 	<ul><li>Fat herb of the seasides or paddy fields of the tropical regions. Species eaten raw as vegetable, with fish sauces. 	</li><li>ឈោ្មះតិណជាតិមួយប្រភេទ មានស្លឹកក្រាស់ មានសាច់ច្រើន ដុះតាមមាត់សមុទ្រនៃអាស៊ីក្តៅ ។ គេនិយមប្រើជាបន្លែរបោយ បរិភោគជាមួយទឹកគ្រឿង ។	</li><li><p-n>More Information	NA &nbsp;: seaside purslane</p-n></li></ul>
អន្លុង ស	PSYCHOTRIA (Rubiaceae)	Psychotria revesii Wall. ex Roxb.	<ul><li>Shrub, 1-8 m tall, of the dense forests of Southeast Asia. The infusions of roots are drunk to treat the malaria.The leaves are used against the troubles of the nose, the ears and the teeth.	</li><li>ចុល្លព្រឹក្សពួកមួយ កំពស់ ១-៨ម ដុះក្នុងព្រៃធំ នៃអាស៊ីផ្នែកអាគ្នេយ៍ ។ គេឆុងឬសផឹករំងាប់គ្រុនចាញ់ ។ ស្លឹកសំរាប់ ធ្វើថ្នាំព្យាបាលជំងឺច្រមុះ ត្រចៀក និងធ្មេញ ។	</li><li><p-n>More Information	NK &nbsp;: ânlung sâ &nbsp;&nbsp;អន្លុង ស	NOTE	ពេលមានពាក្យ (វល្លិ) (ស្មៅ) (ដើម) ក្នុងវង់ក្រចកខាងក្រោយនាម រុក្ខជាតិ ត្រូវអានពាក្យនោះខាងមុខនាមវិញ។</p-n></li></ul>
អំបែងចែស	@ វាយឧក	DIOSPYROS (Ebenaceae) 	Diospyros filipendula Pierre ex Lecomte 	<ul><li>Tree, 10-12 m tall, of dense or mixed formations of Cambodia and Southern Vietnam. The wood is used in construction or for the manufacture of checkerboards, and chessboards.	</li><li>ឈ្មោះព្រឹក្សមួយកំពស់ ១០-១២ម ដុះក្នុងព្រៃក្រាស់ ឬស្ទើរក្រាស់នៅប្រទេសកម្ពុជា និងវៀតណាមខាងត្បូង ។ ឈើសម្រាប់ធ្វើគ្រឿងផ្ទះ ឬធ្វើ ក្ដារចត្រង្គ ។ 	</li><li><p-n>More Information	NK &nbsp;: âmbaèng chaèhs, viëy oc (jouer aux échecs) &nbsp;អំបែងចែស, វាយឧក	NOTE	ពេលមានពាក្យ (វល្លិ) (ស្មៅ) (ដើម) ក្នុងវង់ក្រចកខាងក្រោយនាម រុក្ខជាតិ ត្រូវអានពាក្យនោះខាងមុខនាមវិញ។</p-n></li></ul>
អំបែងថ្ងៃ	SCHOUTENIA (Tiliaceae)	Schoutenia ovata Korth	<ul><li>Tree, 15-25 m tall, of the secondary formations of Cambodia and Vietnam. Wood used for the constructions of houses and boats, especially for skeletons.	</li><li>ឈ្មោះព្រឹក្សម្យ៉ាង កំពស់ ១៥-២៥ម ដុះក្នុងព្រៃល្បោះនៃប្រទេសកម្ពុជា និង វៀតណាម ។ ឈើសំរាប់សង់នាវា និងសង់ផ្ទះ ធ្វើជាគ្រឿងដំបូល ។ 	</li><li><p-n>More Information	Syn. &nbsp;: Schoutenia hypoleuca Pierre.</p-n></li></ul>
	ឧទាហរណ៏៖&nbsp;		<ul><li>	</li><li>					</li></ul>
អំបែងថ្ងៃព្រៃ	@ប៉ាង	PTEROSPERMUM (Sterculiaceae)	Pterospermum diversifolium Blume	<ul><li>Tree, 20-35 m tall, of the dense and secondary formations of Indochina and the Malay Archipelago. The wood is in demand for the constructions.	</li><li>ព្រឹក្សពួកមួយ កំពស់ ២០-៣៥ម ដុះក្នុងព្រៃក្រាស់ ឬល្បោះនៃឥណ្ឌូចិន និងប្រជុំកោះជ្វា ។ ឈើមានតម្លែសំរាប់សង់ផ្ទះ ។ 	</li><li><p-n>More Information	NK &nbsp;: âmbaèng thngay préi, pa:ng &nbsp;&nbsp;អំបែងថ្ងៃព្រៃ, ប៉ាង	NOTE	ពេលមានពាក្យ (វល្លិ) (ស្មៅ) (ដើម) ក្នុងវង់ក្រចកខាងក្រោយនាម រុក្ខជាតិ ត្រូវអានពាក្យនោះខាងមុខនាមវិញ។</p-n></li></ul>
អំបែងបែក	@ប៉េងប៉ោះស្រោម	CARDIOSPERMUM (Sapindaceae)	Cardiospermum halicacabum L.	<ul><li>Climbing herb, originating from tropical America, acclimatized in all warm regions of the world. In Cambodia, it grows along footpaths, in brushwoods and near houses. Children play with the fruits, with a swollen envelope; they are edible but not appreciated. Leaves are used to treat cutaneous diseases. Decoction of the plant is used as eye drops. The roots are known to be diuretic, emetic and purgative.	</li><li>ដើមនេះជាវល្លិវារលើដើមជិតខាង មានដើមកំណើតក្នុងស្រុកអាមេរិកក្ដៅ គេនាំចូលជាយូរណាស់ហើយ ឥឡូវដុះ        ឯងៗ នៅគ្រប់ប្រទេសក្តៅសកលលោក ។ ក្នុងស្រុកកម្ពុជា ដើមអំបែងបែកដុះតាមមាត់ផ្លូវ ឬក្នុងព្រៃគុម្ពោត ឬជិតផ្ទះ ។  ក្មេងៗនិយម បេះផ្លែអំបែងបែកយកមកលេងជាល្បែង ។ គេអាចបរិភោគ បានតែគ្មានឱជារសទេ ។ ជាដើមដែលគ្រូថ្នាំខ្មែរយកផ្សំធ្វើឱសថ ។ ស្លឹកសម្រាប់ប្រើព្យាបាលរោគស្បែក ។ គេស្ងោរ ដើមនេះយកទឹកលាងភ្នែក ។ ឬសជាឱសថ ធ្វើឱ្យនោមច្រើន ឱ្យក្អូត និងបញ្ចុះ ។	</li><li><p-n>More Information	NA : balloon vine</p-n></li></ul>
អំបោស	PHRAGMITES (Gramineae)	Phragmites vallatoria (L.) Veldk.	<ul><li>Slender herb, 1-3 m tall, ruderal, and of the edges of forests, in tropical regions. In Cambodia, the species is often used to make brooms. 	</li><li>ឈ្មោះតិណជាតិមួយប្រភេទ កំពស់ ១-៣ម ដុះតាមមាត់ផ្លូវ និងមាត់ព្រៃធំនៃប្រទេសក្ដៅសកលលោក ។ ខ្មែរតែងប្រើដើមនេះ ធ្វើជាអំបោស ។	</li><li><p-n>More Information	Syn. &nbsp;: Phragmites karka (Retz.) Trin. ex Steudel</p-n></li></ul>
អផ្ទក់	@កន្លើតចាស់ 	OLAX (Olacaceae)	Olax obtusa Blume.	<ul><li>Raised shrub, 3-5 m tall, often climbing, with stretched out green hanging twigs, of the undergrowth and secondary formations near houses in Cambodia, Laos, Vietnam and Java. In Cambodia the ripe fruits are eaten once picked, still closed, otherwise they would provoke stomach pains. The decoction of the twigs is absorbed in case of post-partum complications.	</li><li>ឈ្មោះគុម្ពព្រឹក្សមួយប្រភេទ កំពស់ ៣-៥ម ច្រើនជាវល្លិឡើងដើមឈើ មានមែកវែងៗ ធ្លាក់ចុះក្រោម ពណ៌បៃតង ដុះក្នុងព្រៃគុម្ពោត និងព្រៃល្បោះក្បែរផ្ទះអ្នកស្រុក នៃប្រទេសកម្ពុជា លាវ វៀតណាម និងកោះ Java ។ ផ្លែប៉ុនម្រាមដៃមានគន្លាក់ ពេលទុំខ្មែរយើងតែងបេះមកបរិភោគភ្លាមៗ ពីព្រោះ បើបើកទុកយូរ ផ្លែខ្យល់ចូលអាចធ្វើឱ្យចុកពោះ ។ គេស្ងោរមែកផឹក ដើម្បីព្យាបាលជម្ងឺទាស់ ក្រោយពេលសម្រាលកូន ។ 	</li><li><p-n>More Information	NK &nbsp;: â phtuëk, kâllaët cha:hs (ce dernier nom signifie luette des ainés) &nbsp;អផ្ទក់, កន្លើតចាស់	NOTE	ពេលមានពាក្យ (វល្លិ) (ស្មៅ) (ដើម) ក្នុងវង់ក្រចកខាងក្រោយនាម រុក្ខជាតិ ត្រូវអានពាក្យនោះខាងមុខនាមវិញ។</p-n></li></ul>
	NF &nbsp;: arbre parasol		<ul><li>	</li><li>					</li></ul>
អំពៅ	SACCHARUM (Gramineae)	Saccharum officinarum L.	<ul><li>Hard herb, 1-3 m tall, imported probably from India or Indonesia, cultivated in the warm regions of the world. In Cambodia, the cultivation of the sugar cane is scattered all over the country. The stalks, very rich in saccharose, are sold on all markets, either entirety, or in fragments. There are numerous cultivated varieties: the one with purple or dark stalk is in demand for medicinal uses. The knots are used to treat the inflammation of the gums. The ashes of the masticated material, mixed with sesame oil, give a paste applied to the children suffering from scabies.	</li><li>ឈ្មោះតិណជាតិធាតុរឹង កំពស់ ១-៣ម ដើមកំណើតនៅប្រទេសឥណ្ឌា ឬឥណ្ឌូណេស៊ី គេដាំជាដំណាំគ្រប់ប្រទេស ក្តៅសកលលោក ។ ក្នុងស្រុកខ្មែរ គេដាំអំពៅរប៉ាត់រប៉ាយពាសពេញប្រទេសកន្លែងជិតទឹក ។ ដើមអំពៅ មានជាតិស្ករច្រើន ណាស់ ។ គេដាក់លក់ទាំងមូល ឬកាត់ជាកង់ៗ ពេលខ្លះបកសំបកហើយស្រេច ។ មានពូជបង្កាត់ខ្លះ ដើមពណ៌ខ្មៅ ឬស្វាយ គេប្រើធ្វើថ្នាំរំងាប់ជំងឺផ្សេងៗ ។ ថ្នាំងវាសំរាប់ព្យាបាលជំងឺរាក់ធ្មេញ កាកវាតដុតយកផេះលាយជាមួយប្រេងល្ង ធ្វើថ្នាំលាបលើកមរមាស់ ។	</li><li><p-n>More Information	NA &nbsp;: sugar cane</p-n></li></ul>
អម្ពា	@ល្ពូ	SONNERATIA (Sonneratiaceae)	Sonneratia caseolaris (L.f.) Engl.	<ul><li>Small tree, 6-10 m tall, with angular twigs, growing in the mangroves of tropical Asia, Australia and Pacific islands. The young leaves are eaten raw or cooked. The fruits, green and ripe, are edible. They are used also, in popular medicine, for the treatment of haemorrhoids, as vermifuge and against cough. The leaves crushed with a little of salt, are used as poultice for bruises and light wounds.	</li><li>ឈ្មោះព្រឹក្សតូចម្យ៉ាង ដើមមានជ្រុង កំពស់ ៦-១០ម ដុះក្នុងព្រៃកោងកាងនៃទ្វីបអាស៊ី អូស្ត្រាលី ផ្នែកក្ដៅ និងលើកោះនៃសមុទ្រប៉ាស៊ីហ្វិក ។ ស្លឹកខ្លីៗ អាចធ្វើបន្លែ ឬអន្លក់បាន ។ ផ្លែខ្ចី ឬទុំ ក៏អាចបរិភោគបានដែរ ។ ក្នុងក្បួនឱសថបុរាណ ផ្លែសំរាប់ប្រើជាថ្នាំព្យាបាលជំងឺឬសដូងបាត ឬថ្នាំព្រូន ឬជាថ្នាំក្អក ។ គេអាចបុកស្លឹកជាមួយអំបិល ធ្វើថ្នាំបំពោកលើរបួសស្រាលៗបាន ។	</li><li><p-n>More Information	Syn. &nbsp;: Sonneratia acida L.f.</p-n></li></ul>
អម្ពិល	TAMARINDUS (Leguminosae-Caesalpinioideae) 	Tamarindus indica L.	<ul><li>Small tree, 8-15 m tall, Indian or African origin, cultivated in all tropical regions of the world as shadow, decorative and utilitarian plant. The young leaves and fruits are used in the culinary preparations as acid elements. The seeds are used to cook a sweet dish. Wood used in construction. The decoction of the barks would be effective against diarrhoea. There is a variety of tamarind with sweet fruits met especially in Thailand.	</li><li>ព្រឹក្សតូចម្យ៉ាងកំពស់៨-១៥ម ដើមកំណើតក្នុងទ្វីបអាហ្វ្រិកឬប្រទេសឥណ្ឌា គេនិយមដាំនៅគ្រប់ប្រទេសក្តៅសកលលោក ជារុក្ខជាតិមានប្រយោជន៍ និងអោយម្លប់ផង ។ ស្លឹកខ្ចីៗ និងផ្លែគេប្រើសំរាប់ធ្វើគ្រឿងទេសជូរ ។ គ្រាប់អាចលីង និងធ្វើបង្អែមបាន ។ ឈើសំរាប់សង់ផ្ទះ ។ គេស្ងោរសំបកផឹកជាថ្នាំរាគ ។ មានពូជអម្ពិលផ្អែមច្រើនដុះក្នុងប្រទេសថៃ ។	</li><li><p-n>More Information	NA &nbsp;: tamarind</p-n></li></ul>
អម្ពិលខ្សែ 	ROUREA (Connaraceae)	Rourea mimosoides (Vahl) Planchon	<ul><li>Climbing liana of the dense forests or undergrowth of plain, up to 50 m long, in the Indochinese and Malay Peninsula, as well as the islands of Andaman, Nicobar, Sumatra, Java and Borneo. The stalk is used to make solid and durable links. Macerated in the alcohol, it would be invigorating and aphrodisiac.	</li><li>ឈ្មោះវល្លិម៉្យាងតោងលើឈើធំៗ ក្នុងព្រៃក្រាស់ ឬព្រៃគម្ពោតលើដីទំនាប មានប្រវែងរហូតដល់ ៥០ម ដុះក្នុងឧបទ្វីប ឥណ្ឌូចិន ជ្វា លើកោះ Andaman, Nicobar (ប្រទេសឥណ្ឌា) និង Sumatra, Java, Borneo ។ ដើមអាចប្រើ ធ្វើចំណងជាប់ល្អ និងបានយូរ ។ គេត្រាំសំបកក្នុងស្រាទុកផឹក ជាថ្នាំលើកកំលាំង និងជាថ្នាំប៉ូវផង ។ 	</li><li><p-n>More Information	NK &nbsp;: âmpil khsaè (tamarin pour liens) &nbsp;អម្ពិលខ្សែ	NOTE	ពេលមានពាក្យ (វល្លិ) (ស្មៅ) (ដើម) ក្នុងវង់ក្រចកខាងក្រោយនាម រុក្ខជាតិ ត្រូវអានពាក្យនោះខាងមុខនាមវិញ។</p-n></li></ul>
អម្ពិលទឹក	PITHECELLOBIUM (Leguminosae-Mimosoideae)	Pithecellobium dulce (Roxb.) Benth.	<ul><li>Small tree, 6-10 m tall, originating from Central America, naturalized in all the tropical regions of the world. Species planted especially around houses to make quickset hedges. The arillus which wraps the seed is edible, eaten generally by the children. Wood of old trees may be used in construction. The colouring bark is used in traditional medicine. The old leaves contain a principle similar to the insulin.	</li><li>ឈោ្មះឈើតូចមួយប្រភេទកំពស់៦-១០ម កំណើតក្នុងទ្វីបអាមេរិកកណ្ដាល គេនាំមកដាំនៅប្រទេសក្ដៅសកល          លោក ។ គេច្រើនដាំធ្វើជារបងរស់ ។ សាច់ផ្លែរស់ចត់ល្មមបរិភោគ ។ ឈើដើមចាស់ៗ អាចប្រើធ្វើជាគ្រឿងផ្ទះបាន ។ សំបកអាចធ្វើថ្នាំ រម្ងាប់រោគ ។ ស្លឹកចាស់ៗ មានសារជាតិមួយដូច &quot; Insuline &quot; (ថ្នាំទឹកនោមផ្អែម) ។	</li><li><p-n>More Information	NA &nbsp;: Manila tamarind</p-n></li></ul>
អម្ពិលទឹកព្រៃ	CYNOMETRA (Leguminosae-Caesalpinioideae)	Cynometra dongnaiensis Pierre	<ul><li>Tree, 10-20 m tall, of flooded forests and of riversides, met in Cambodia and Vietnam. The red brown wood, resisting to insects, is appreciated for the woodwork and in casing.	</li><li>ឈ្មោះព្រឹក្សម្យ៉ាងកំពស់ ១០-២០ម ដុះក្នុងព្រៃរនាមនៅស្រុកខ្មែរ ឬតាមមាត់ទឹក នៅប្រទេសវៀតណាម ។ ខ្លឹមឈើ ពណ៌ក្រហមក្រមៅ សាច់រឹង សត្វល្អិតស៊ីមិនបាន ។ គេប្រើសម្រាប់ធ្វើក្តារ ជញ្ជាំងផ្ទះ និងគ្រោងទ្វាបង្អួច ។	</li><li><p-n>More Information	NK : Ampi’l tük préi (tamarin d’eau sauvage) &nbsp;អម្ពិលទឹកព្រៃ	NOTE	ពេលមានពាក្យ (វល្លិ) (ស្មៅ) (ដើម) ក្នុងវង់ក្រចកខាងក្រោយនាម រុក្ខជាតិ ត្រូវអានពាក្យនោះខាងមុខនាមវិញ។</p-n></li></ul>
អាចម៍កណ្តុរ	@ផ្ទល់ 	DIOSPYROS (Ebenaceae) 	Diospyros cambodiana Lecomte	<ul><li>Tree, 15-20 m tall, of secondary formations, of riversides, and flooded forests, endemic of Cambodia, met especially in Kratie. Wood used to make toys and models. 	</li><li>ព្រឹក្សមួយប្រភេទ កំពស់ ១៥-២០ម ដុះក្នុងព្រៃមាត់ទឹក ឬក្នុងព្រៃរនាម នៃប្រទេសខ្មែរ គ្មានដុះនៅប្រទេសដទៃឡើយ គេប្រទះឃើញដើមនេះដុះច្រើននៅខេត្តក្រចេះ ។ ដើមសម្រាប់ធ្វើប្រដាប់លេង និងធ្វើសំណាក ។	</li><li><p-n>More Information	NK : ‘ach’ kânndaô (excrément de souris, allusion à la forme des fleurs), phtuôl &nbsp;អាចម៍កណ្ដុរ, ផ្ទល់	NOTE	ពេលមានពាក្យ (វល្លិ) (ស្មៅ) (ដើម) ក្នុងវង់ក្រចកខាងក្រោយនាម រុក្ខជាតិ ត្រូវអានពាក្យនោះខាងមុខនាមវិញ។</p-n></li></ul>
អាចម៍ឆ្ពឹស 	TYPHONIUM (Araceae)	Typhonium trilobatum (L.) Schott	<ul><li>Stalkless herb, with subglobulous tubers reaching 2 cms in diameter, of the wet places of tropical Asia. In Cambodia, the small tubers are used fresh under the form of poultice applied on snake bites. They would have the property to remove the poison. The big tubers are part of a remedy against cough. 	</li><li>ឈ្មោះស្មៅតូចម្យ៉ាងស្ទើរគ្មានដើម មានមើមរាងមូលឬទ្រវែងវិជ្ឈមាត្រប្រហែល២ស.ម. ដុះលើដីសើមៗនៃអាស៊ីក្ដៅ ។ តាមក្បួនឱសថបុរាណខ្មែរ គេប្រើមើមតូចៗ ធ្វើថ្នាំបំពោកលើកន្លែងពស់ចឹក ។ គេជឿថាមើមនេះអាចជញ្ជក់ពិសចេញ ។  មើមធំៗ អាចផ្សំធ្វើថ្នាំក្អក ។	</li><li><p-n>More Information	NK &nbsp;: ach chhpëhs &nbsp;អាចម៍ឆ្ពឹស	NOTE	ពេលមានពាក្យ (វល្លិ) (ស្មៅ) (ដើម) ក្នុងវង់ក្រចកខាងក្រោយនាម រុក្ខជាតិ ត្រូវអានពាក្យនោះខាងមុខនាមវិញ។</p-n></li></ul>
អាចម៍ជ្រូក	URENA (Malvaceae)	Urena lobata L.	<ul><li>Shrub, 1-1.50 m tall, covered with star-shaped hairs, of the sunny places along the paths of all the tropical regions of the world. The barks are used as textile staples. The decoction of roots is used, in traditional Khmer medicine, against circulatory troubles.	</li><li>គុម្ពព្រឹក្សតូចម្យ៉ាងកំពស់ ១-១,៥០ម មានរោមរាងជាផ្កាយច្រើន ដុះក្នុងទីវាលមានថ្ងៃ តាមមាត់ផ្លូវ នៃប្រទេសក្តៅ សកលលោក ។ គេអាចប្រើសរសៃសំបកត្បាញបាន ។ គ្រូបុរាណស្ងោរឬសធ្វើថ្នាំព្យាបាលរោគឈាមដើរមិនស្រួល ។	</li><li><p-n>More Information	NA &nbsp;: Congo jute</p-n></li></ul>
អាចមន៍ដែក	@ ដើមឈើខ្មៅ	DIOSPYROS (Ebenaceae) 	Diospyros crumenata Thwaites	<ul><li>Tree, 8-35 m tall, of dense or mixed forests of Eastern Asia. The wood, white streaked with black, is valued for the manufacture of knickknacks. Excellent firewood. 	</li><li>ជាដើមឈើមួយ កំពស់ ៨-៣៥ម ដុះក្នុងព្រៃធំ ឬព្រៃស្ទើរក្រាស់ នៃទ្វីបអាស៊ីផ្នែកក្តៅ ។ ឈើពណ៌ស មានឆ្នូតខ្មៅៗ ជាឈើមានតម្លៃសម្រាប់ធ្វើវត្ថុលំអ ។ មែកដុតធ្វើអុសឆេះល្អ ។ 	</li><li><p-n>More Information	NK &nbsp;: ‘ach daèk’ (débris de fer, allusion aux petites fleurs), chhë khmau (bois noir) អាចមន៍ដែក, ឈើខ្មៅ	NOTE	ពេលមានពាក្យ (វល្លិ) (ស្មៅ) (ដើម) ក្នុងវង់ក្រចកខាងក្រោយនាម រុក្ខជាតិ ត្រូវអានពាក្យនោះខាងមុខនាមវិញ។</p-n></li></ul>
អាចម៍សត្វ	BROWNLOWIA (Tiliaceae)	Brownlowia emarginata Pierre	<ul><li>Slightly climbing tree, 8 to 10 m, sometimes a long liana, in decideous dense forests of Cambodia and Southern Vietnam. The reddish wood is highly valued for rafters, pillars, tools handles and building. Its charcoal is excellent.	</li><li>ដើមនេះជាព្រឹក្សស្ទើវារ កំពស់ ៨-១០ម ពេលខ្លះជាវល្លិមួយយ៉ាងធំ វារឡើងដើមឈើក្នុងព្រៃធំក្រាសជ្រុះស្លឹក នៃប្រទេសកម្ពុជា និងវៀតណាមខាងត្បូង ។ ឈើមានពណ៌ក្រហមល្អណាស់ គេប្រើសម្រាប់ធ្វើផ្លាន បង្គោល ដងកាំបិត ពូថៅ និងសង់ផ្ទះ ។ ដើមអាចឱ្យធ្យូងល្អណាស់ ។	</li><li><p-n>More Information	NK : ach’ sat’ (excréments d’oiseau, allusion à la forme du fruit) អាចម៍សត្វ	NOTE	ពេលមានពាក្យ (វល្លិ) (ស្មៅ) (ដើម) ក្នុងវង់ក្រចកខាងក្រោយនាម រុក្ខជាតិ ត្រូវអានពាក្យនោះខាងមុខនាមវិញ។</p-n></li></ul>
អាទិត្យ	@នាងផ្អែក 	DEHAASIA (Lauraceae)	Dehaasia cuneata Blume	<ul><li>Tree, 10-15 m tall, of dense or mixed forests, met in Cambodia, Laos, the Malay Archipelago and India. The wood, graded &quot; 2nd category&quot; is used in woodwork. 	</li><li>ព្រឹក្សម្យ៉ាងកំពស់ ១០-១៥ម ដុះក្នុងព្រៃក្រាស់ ឬព្រៃក្រាស់លាយព្រៃស្រោង ក្នុងប្រទេសជាច្រើន ខ្មែរ លាវ ប្រជុំ កោះជ្វា ឥណ្ឌា ។ ឈើនាងផ្អែក ជាឈើល្អ “ លេខពីរ ” សម្រាប់ប្រើការបានគ្រប់យ៉ាង ធ្វើកា្ដរ សង់ផ្ទះ និងវត្ថុផ្សេងៗ ។	</li><li><p-n>More Information	Syn. : Haasia cuneata Blume</p-n></li></ul>
អាភៀន	PAPAVER (Papaveraceae)	Papaver somniferum L.	<ul><li>Herbaceous annual plant, 1.50-2 m tall, cultivated in many countries of the Middle East and Far East. In Indochina, the species is cultivated especially in the high regions of Laos and Vietnam (of the centre and the North). The dried out juice obtained by incision of the non-mature fruits (capsules) gives opium which is a drug smoked formerly by the Chinese of Cambodia as well as by some Khmers. The opium contains about twenty alcaloides, of which the morphine in the proportion of about 15 %. This latter one is used in medicine as painkiller. 	</li><li>ឈ្មោះ តិណជាតិប្រចាំឆ្នាំ កំពស់ ១,៥០-២ម គេដាំក្នុងប្រទេសជាច្រើននៃមជ្ឈិមបូព៌ាប្រទេស និងចុងបូព៌ាប្រទេស។ នៅឥណ្ឌូចិន អាភៀនមាន ដាំលើភ្នំខ្ពស់ៗ នៃប្រទេសលាវ និងវៀតណាមខាងជើង និងកណ្តាល ។ គេកាត់ផ្លែខ្ចីៗ យកជ័រហាលឲ្យស្ងួត ធ្វើជាអាភៀនជក់ជាថ្នាំស្រវឹង ដោយខ្មែរខ្លះ និងចិនជាច្រើនក្នុងប្រទេសខ្មែរជំនាន់មុន ។ អាភៀនមានធាតុ  អាល់កាលូអ៊ីត ចំនួនម្ភៃ ដែលមានម័រហ្វីន មួយភាគប្រហែល 15% ។ ម័រហ្វីនជាឱសថ សម្រាប់ធ្វើឱ្យស្ពឹក ។	</li><li><p-n>More Information	NA &nbsp;: opium plant</p-n></li></ul>
អាវក្រពើ	STIXIS (Capparidaceae) 	Stixis obtusifolia Hook.f. &amp; Thomson	<ul><li>Shrub climbing on the silvery twigs of the degraded formations of Cambodia and Laos. The boughs are used as firewood. The leaves would give a tealike drink.	</li><li>ឈ្មោះវល្លិធំម្យ៉ាងមានមែកធាងពណ៌ដូចបិទប្រាក់ ដុះក្នុងព្រៃល្បោះ នៃប្រទេសខ្មែរ និងឡាវ ។ គេប្រើមែក ធ្វើអុស ដុត ។ ស្លឹកអាចឆុងផឹកដូចតែ ។	</li><li><p-n>More Information	Syn. : Stixis harmandiana Pierre</p-n></li></ul>
អូយណូយ	GARDENIA (Rubiaceae)	Gardenia tubifera Wall. ex Roxb. var. costulata Pit.	<ul><li>Tree, 8-10 m tall, of the dense forests of Cambodia and Southern Vietnam. Wood used to make boards.	</li><li>ឈ្មោះព្រឹក្សម៉្យាងកំពស់ ៨-១០ម ដុះក្នុងព្រៃធំនៃប្រទេសកម្ពុជា និង វៀតណាមខាងត្បូង ។ ឈើសម្រាប់ធ្វើក្តារក្រាលផ្ទះ ។	</li><li><p-n>More Information	NK &nbsp;: ôy nô:y &nbsp;អូយណូយ	NOTE	ពេលមានពាក្យ (វល្លិ) (ស្មៅ) (ដើម) ក្នុងវង់ក្រចកខាងក្រោយនាម រុក្ខជាតិ ត្រូវអានពាក្យនោះខាងមុខនាមវិញ។</p-n></li></ul>
អូយម៉ូយ	CASSIA (Leguminosae-Caesalpinioideae)	Cassia grandis L.f.	<ul><li>Plant 7-15 m tall, reaching exceptionally 30 m of height originating from the tropical America, introduced into the warm regions of the world by cultivation as decorative tree. It is decideous (the leaves fall in dry season) in the Indochinese Peninsula and in the North of the Malay peninsula, evergreen in Java. It went back to wilderness almost everywhere.The fruits are used in traditional medicine as laxative, digestive and to stimulate appetite. The crushed fresh leaves are applied to the sores to hasten their cure. The barks would have the same therapeutic properties as those of &quot;Cassia fistula L.&quot; (rïech chhpühs).	</li><li>អូយម៉ូយជាដើមឈើកំពស់ ៧-១៥ម អាចខ្ពស់ប្លែកពីធម្មតារហូតដល់៣០ម មានកំណើតនៅអាមេរិកក្តៅ គេនាំមក ដាំក្នុងស្រុកក្ដៅសកលលោក ជារុក្ខជាតិលំអ ។ ដើមនេះមានស្លឹកជ្រុះនៅរដូវប្រាំង លើកលែងតែក្នុងកោះ Java ។ នៅគ្រប់ប្រទេសអាស៊ី ដើមអូយម៉ូយអាចដុះដោយគ្រាប់នៅដោយព្រៃឈើ ។ ផ្លែគេទុកធ្វើថ្នាំឱ្យស៊ីបាយបាន ឱ្យរលាយអាហារ ឬជាថ្នាំឱ្យលាមកទន់ ។ ស្លឹកខ្ចីបុកម៉ត់ គេយកបិទលើស្រែងឱ្យឆាប់ជា ។ សំបកអូយម៉ូយ សម្រាប់ធ្វើថ្នាំព្យាបាលរោគ ជំនួសសំបករាជឆ្ពឹស &quot; Cassia fistula L &quot; ។	</li><li><p-n>More Information	NK : ôy mô:y (sans doute nom viêtnamien khmérisé) &nbsp;អូយម៉ូយ	NOTE	ពេលមានពាក្យ (វល្លិ) (ស្មៅ) (ដើម) ក្នុងវង់ក្រចកខាងក្រោយនាម រុក្ខជាតិ ត្រូវអានពាក្យនោះខាងមុខនាមវិញ។</p-n></li></ul>
ឥន្ទនេល	LAGERSTROEMIA (Lythraceae)	Lagertroemia loudonii Teijsm &amp; Binn.	<ul><li>Small tree, 8-15 m tall, of the secondary formations and clear forests of the Indochinese Peninsula. Often cultivated near the houses and along avenues. Wood used to make houses piles and pillars.	</li><li>ឥន្ទនេលជាព្រឹក្សកំពស់ពី ៨-១៥ម ដុះក្នុងព្រៃល្បោះ និងព្រៃស្រោងក្នុងឧបទ្វីបឥណ្ឌូចិន ។ គេច្រើនដាំឥន្ទនេល ជាលំអតាមដងវិថី និងក្បែរគេហដ្ឋានជាម្លប់ ។ ឈើ អាចប្រើធ្វើសសរផ្ទះ ។ 	</li><li><p-n>More Information	NK &nbsp;: enntené:l ឥន្ទនេល	NOTE	ពេលមានពាក្យ (វល្លិ) (ស្មៅ) (ដើម) ក្នុងវង់ក្រចកខាងក្រោយនាម រុក្ខជាតិ ត្រូវអានពាក្យនោះខាងមុខនាមវិញ។</p-n></li></ul>
ឥន្ទនេល-ត្របែកព្រៃ	LAGERSTROEMIA (Lythraceae)	Lagertroemia speciosa (L.) Pers.	<ul><li>Small tree. 8-15 m tall, of the secondary formations of Asia and tropical Australia. Often cultivated, as decorative, along avenues. The infusions of the bark would be effective against diarrhoeas. The leaves and the ripe fruits contain a principle similar to the insulin, which would have given good results in the treatment of the diabetes.	</li><li>ឈ្មោះឈើតូចមួយប្រភេទកំពស់ ៨-១៥ម ដុះក្នុងព្រៃល្បោះនៃទ្វីបអាស៊ី និងអូស្ត្រាលីផ្នែកក្ដៅ ។ គេនិយមដាំជា លំអតាមវិថីនានា ។ តាមក្បួនឱសថបុរាណ សំបកសំរាប់ស្ងោរផឹកព្យាបាលជំងឺរាគ ។ ស្លឹក និងផ្លែទុំមានជាតិម្យ៉ាងដូច Insuline ដែលគេប្រើសំរាប់ព្យាបាលជំងឺទឹកនោមផ្អែម ។ 	</li><li><p-n>More Information	Syn. &nbsp;: Lagerstroemia flox-reginae Retz.</p-n></li></ul>
ឥន្នដា	MALLOTUS (Euphorbiaceae)	Mallotus philippinensis (Lam.) Müell. Arg. 	<ul><li>Shrub or tree, 5-15 m tall, common in the clearings of the dense forests of Indochina and the Far East. The powder extracted from fruit is used to dye the fabrics in yellow. The dye prepared from the powder would expel tenia. In India, the bark and the leaves are used in poultices against the cutaneous diseases.	</li><li>ព្រឹក្សតូច ឬចុល្លព្រឹក្សមួយប្រភេទកំពស់ ៥-១៥ម ដុះក្នុងទីវាលកណ្ដាលព្រៃក្រាស់នៃឥណ្ឌូចិន និងចុងបូព៌ាប្រទេស ។ ម្សៅដែលចំរាញ់ ពីផ្លែ សំរាប់ជ្រលក់សំពត់ ជាពណ៌លឿង ។ ថ្នាំជ្រលក់នេះគេអាចប្រើជាឱសថសំលាប់ព្រូនវែង ។ នៅប្រទេសឥណ្ឌា សំបក និងស្លឹក គេប្រើជាថ្នាំបំពោកលើរោគស្បែក ។	</li><li><p-n>More Information	NK &nbsp;: ‘enneda: ឥន្នដា	NOTE	ពេលមានពាក្យ (វល្លិ) (ស្មៅ) (ដើម) ក្នុងវង់ក្រចកខាងក្រោយនាម រុក្ខជាតិ ត្រូវអានពាក្យនោះខាងមុខនាមវិញ។</p-n></li></ul>
ឥសីផ្សំស្រេច	PHYLLANTHUS (Euphorbiaceae)	Phyllanthus amarus Schum. &amp; Thonn.	<ul><li>Annual herb, 0.10-0.40 cm tall, of the sunny places, uncultivated places, fields and gardens of the tropical regions. The infusion prepared with the complete plant is well known as diuretic, purifying and helping milk secretion. The decoction of roots would be febrifuge. 	</li><li>ឈ្មោះស្មៅប្រចាំឆ្នាំមួយប្រភេទ កំពស់ ១០-៤០ស.ម ដុះលើវាលមានថ្ងៃ ក្នុងចំការ ឬសួននៃប្រទេសក្ដៅសកលលោក ។ គេស្ងោរដើមទាំងមូល ផឹកជាថ្នាំធ្វើឱ្យនោមច្រើន សំអាតឈាម និងឱ្យមានទឹកដោះ ឬសជាថ្នាំគ្រុន ។ 	</li><li><p-n>More Information	Syn. &nbsp;: Phyllanthus niruri auct. non L.</p-n></li></ul>
ឪឡឹក	CITRULLUS (Cucurbitaceae) 	Citrullus lanatus (Thunb.) Matsum. &amp; Nakai	<ul><li>Crawling herb of African origin, cultivated everywhere for its edible fruits, eaten green as vegetables, or ripe as a dessert. The dried, then roasted, red-coloured or not seeds, are found on markets, eaten as candies. Mesoderm of the fruit (skin removed from the green film) can be candied in some vinegar or, when lacking, in rice water slightly salted. It is consumed with fish. 	</li><li>ឈ្មោះដំណាំមួយប្រភេទ វល្លិវារលើដី គេនាំពូជពីស្រុកអាហ្វ្រិក មកដាំគ្រប់ប្រទេសក្ដៅលើសកលលោក ។ ផ្លែធំៗ មិនសមនឹងទងតូច សម្រាប់ប្រើជាអាហារ ក្តឹបឪឡឹកគេជ្រក់ ផ្លែទុំគេបរិភោគជាបង្អែមឬជាមួយបាយ ។ គ្រាប់ឪឡឹកហាលហើយ គេយកទៅលីងដាក់ទឹកអំបិល លក់ក្នុងផ្សារ ។ សំបកឪឡឹកទុំ ក៏អាចយកជ្រក់បានដែរ សម្រាប់បរិភោគជាមួយត្រីអាំងជាដើម ។	</li><li><p-n>More Information	Syn. : Citrullus vulgaris Schrad.</p-n></li></ul>
ឪឡោកឪឡឹក	@អាវលាវ	HYMENODICTYON (Rubiaceae) 	Hymenodictyon orixense (Roxb.) Mabb.	<ul><li>Tree, 8-15 m tall, of the secondary formations of plain of tropical Asia. Light wood, used to make boxes and armatures of blackboards. Pulverized, in powder, the wood is used in traditional Cambodian medicine to treat the sores. The bark is believed to be febrifuge.	</li><li>ព្រឹក្សម្យ៉ាង កំពស់ ៨-១៥ម ដុះក្នុងព្រៃល្បោះលើដីទំនាប នៃអាស៊ីផ្នែកក្ដៅ ។ ឈើស្រាលប្រើសម្រាប់ធ្វើប្រអប់ ហិប និងធ្វើគ្រោងក្ដារខៀន សិស្សរៀន។ គ្រូថ្នាំខ្មែរបុរាណតែងកិនឈើឱ្យល្អិត ដូចម្សៅប្រើព្យាបាលជម្ងឺស្រែង។ សំបកជាថ្នាំគ្រុន។	</li><li><p-n>More Information	Syn. : Hymenodictyon excelsum Wall.</p-n></li></ul>
ឫស្សីឃ្លៃ	BAMBUSA (Gramineae)	Bambusa bambos (L.) Voss	<ul><li>Big bamboo with hollow stalk introduced from China or India becoming spontaneous in Indochina, cultivated all over South East Asia. Young leaves eaten by wild animals and used in manufacture of paper paste in neighboring countries. Stems serve for making raft or in construction. The wax covering young stalks is a component of blacking and for manufacture of carbon.	</li><li>ជាឫស្សីធំម្យ៉ាង ដើមមានប្រហោង ដើមកំណើតវាមកពីស្រុកចិន ឬស្រុកឥណ្ឌា អាចដុះដោយឯងៗ នៅឥណ្ឌូចិន ។ គេដាំពាសពេញអាស៊ីផ្នែកអាគ្នេយ៍ ។ ស្លឹកខ្ចីសត្វព្រៃ និងសត្វពាហនៈ ចូលចិត្តស៊ីណាស់ ។ នៅស្រុកជិតខាងប្រទេស          កម្ពុជា គេតែងយកស្លឹកឫស្សីឃ្លៃសំរាប់ធ្វើក្រដាស ។ ដើមសំរាប់ធ្វើក្បូន និងសង់ផ្ទះ ។ ក្រមួនដែលមានជុំវិញដើមខ្ចីៗ គេអាចយក ទៅធ្វើក្រដាសកាបោន ។	</li><li><p-n>More Information	Syn. : Bambusa arundinacea (Retz.) Willd.</p-n></li></ul>
ឫស្សីតឿស្រុកចិន	BAMBUSA (Gramineae)	Bambusa multiplplex (Lour.) Raeusch. ex Schult. &amp; Schult. f.	<ul><li>Hollow bamboo, 2-6m tall introduced from China, cultivated all over South East Asia. In Cambodia, the big stalks of 16-18 cm in diameter are used as vessels for collecting palm juice. Young shoot edible. Bamboo often planted around the village as decorative. Stems often used in basket-making.	</li><li>ឈ្មោះឫស្សីមានប្រហោងមួយប្រភេទកំពស់ ២ ទៅ ៦ ម ដើមកំណើតនៅស្រុកចិន គេនាំមកដាំក្នុងអាស៊ីផ្នែក        អាគ្នេយ៍ ។ ខ្មែរយើងច្រើនប្រើដើម ដែលមានវិជ្ឈមាត្រធំៗ (១៦ - ១៨ ស.ម) សម្រាប់ធ្វើបំពង់ទឹកត្នោត ។ ពេលខ្លះគេដាំឫស្សីនេះ ដើម្បីលំអផ្ទះ ។ ទំពាំងមានរសជាតិឆ្ងាញ់ ។ ដើមក៏អាចធ្វើកញ្ជ្រែង ល្អីបានដែរ ។	</li><li><p-n>More Information	NA : chinese dwarf bamboo, hedge bamboo</p-n></li></ul>
ឫស្សីធ្ងរ	BAMBUSA (Gramineae)	Bambusa procera A. Chev. &amp; A. Camus	<ul><li>Bamboo, 8-12m hight with creeping rhizomes commonly found in Indochina. Stems used in the past time for the manufacture of paper paste. The leaves serve as forage. Stalk used in construction of huts.	</li><li>ឈ្មោះឫស្សីមួយកំពស់ពី៨ ទៅ ១២ម មានដុះតែក្នុងប្រទេសខ្មែរ លាវ និងវៀតណាមទេ ។ ពីជំនាន់មុនឆ្នាំ១៩៧០ នៅស្រុកខ្មែរគេប្រើឫស្សីធ្ងរ ធ្វើក្រដាស ។ ដើមអាចទុកសង់រោង ឬផ្ទះតូចតាចបាន ។ ស្លឹកសម្រាប់អោយ គោ ក្របីស៊ី ។	</li><li><p-n>More Information	NK : rü’ssèi thngâ: &nbsp;ឫស្សីធ្ងរ	NOTE	ពេលមានពាក្យ (វល្លិ) (ស្មៅ) (ដើម) ក្នុងវង់ក្រចកខាងក្រោយនាម រុក្ខជាតិ ត្រូវអានពាក្យនោះខាងមុខនាមវិញ។</p-n></li></ul>
ឫស្សីរលៀក	BAMBUSA (Gramineae)	Bambusa blumeana Schult. f.	<ul><li>Big bamboo usually 2-3m tall but may be taller up to 25m. Native to Indonesia, introduced all over South East Asia. In Cambodia, the stalk make hats, toys and other household articles. Young shoot used in cooking. 	</li><li>ឈ្មោះឫស្សីមួយប្រភេទកំពស់ ២ ទៅ ៣ ម ពេលខ្លះខ្ពស់រហូតដល់ទៅ ២៥ម ពេលដុះលើដីល្អ ។ ពូជនេះមានដើម កំណើតនៅប្រទេសឥណ្ឌូនេស៊ី (Indonesie) នៅប្រទេសនេះ គេប្រើឫស្សីនេះធ្វើក្រដាស់ ធ្វើចង្កឹះ នាំទៅលក់គ្រប់ស្រុក ឬធ្វើកញ្ច្រែង ល្អីជាដើម ។ ក្នុងស្រុកខ្មែរ គេប្រើដើមឫស្សីរលៀកធ្វើជញ្ជាំងផ្ទះ ធ្វើមួក ធ្វើប្រដាប់ក្មេងលេង និងវត្ថុជាច្រើនទៀតប្រើក្នុងផ្ទះ ។ ទំពាំងឫស្សីរលៀក ធ្វើសម្លឆ្ងាញ់ណាស់ ។ 	</li><li><p-n>More Information	Syn. : Bambusa spinosa Blume ex Nees</p-n></li></ul>
ឬស្សីព្រៃ	DENDROCALAMUS (Gramineae) 	Dendrocalamus giganteus Wall. ex Munro	<ul><li>High bamboo, 10-30 m tall, native of Burma ; it has been introduced and has become spontaneous in Southeast Asia where it is sometimes cultivated as decorative or to protect bare grounds against erosion. Young edible shoots. Stalks used in construction.	</li><li>ឬស្សីព្រៃមានកំពស់ ១០−៣០ម មានដើមកំណើតក្នុងប្រទេសភូមា គេនាំចូលមកដាំជាយូរហើយ ឥឡូវអាចដុះឯង ៗ ក្នុងប្រទេសអាស៊ីផ្នែកអាគ្នេយ៍ ពេលខ្លះគេដាំឬស្សីព្រៃជាលំអ ឬសម្រាប់ការពារដីកុំឱ្យហូរច្រោះ ។ ទំពាំងគេយកទៅស្លមាន រសជាតិឆ្ងាញ់ពិសាណាស់ ។ ដើមឬស្សីព្រៃ អាចប្រើសង់ផ្ទះបាន ។	</li><li><p-n>More Information	Syn. : Bambusa gigantea Wall.</p-n></li></ul>
ឬស្សីស្រុក	DENDROCALAMUS (Gramineae) 	Dendrocalamus membranaceus Munro	<ul><li>High bamboo, 2-8 m tall, abounding in the open lands close to houses. Species of Indochina, from which it is probably native. This bamboo is exported and cultivated as decorative in numerous countries, in particular in India and Indonesia. Young shoots sold on the market. The stalks can be used to make paper masses. They are commonly used in construction.	</li><li>ឬស្សីស្រុកកំពស់ ២-៨ម ច្រើនដុះលើដីវាល ជិតផ្ទះអ្នកស្រុក ឬស្សីនេះប្រហែលជាមានដើមកំណើតក្នុងឥណ្ឌូចិន គេនាំចេញទៅប្រទេសក្រៅជាច្រើនដូចជាឥណ្ឌា និងឥណ្ឌូណេស៊ីជាដើម គេដាំជាលំអ ។ ទំពាំងឬស្សីស្រុកមានលក់ក្នុងផ្សារខ្មែរ លាវ និងវៀតណាម ។ ដើមវាអាចប្រើធ្វើក្រដាសបាន ។ គេនិយមប្រើដើមសម្រាប់សង់ផ្ទះ ។	</li><li><p-n>More Information	NK : russèi srok (bambou du pays) &nbsp;ឬស្សីស្រុក	NOTE	ពេលមានពាក្យ (វល្លិ) (ស្មៅ) (ដើម) ក្នុងវង់ក្រចកខាងក្រោយនាម រុក្ខជាតិ ត្រូវអានពាក្យនោះខាងមុខនាមវិញ។</p-n></li></ul>
